-- MySQL dump 10.11
--
-- Host: localhost    Database: spacegame
-- ------------------------------------------------------
-- Server version	5.0.86-community-nt

/*!40101 SET @OLD_CHARACTER_SET_CLIENT=@@CHARACTER_SET_CLIENT */;
/*!40101 SET @OLD_CHARACTER_SET_RESULTS=@@CHARACTER_SET_RESULTS */;
/*!40101 SET @OLD_COLLATION_CONNECTION=@@COLLATION_CONNECTION */;
/*!40101 SET NAMES utf8 */;
/*!40103 SET @OLD_TIME_ZONE=@@TIME_ZONE */;
/*!40103 SET TIME_ZONE='+00:00' */;
/*!40014 SET @OLD_UNIQUE_CHECKS=@@UNIQUE_CHECKS, UNIQUE_CHECKS=0 */;
/*!40014 SET @OLD_FOREIGN_KEY_CHECKS=@@FOREIGN_KEY_CHECKS, FOREIGN_KEY_CHECKS=0 */;
/*!40101 SET @OLD_SQL_MODE=@@SQL_MODE, SQL_MODE='NO_AUTO_VALUE_ON_ZERO' */;
/*!40111 SET @OLD_SQL_NOTES=@@SQL_NOTES, SQL_NOTES=0 */;

--
-- Table structure for table `alliances`
--

DROP TABLE IF EXISTS `alliances`;
/*!40101 SET @saved_cs_client     = @@character_set_client */;
/*!40101 SET character_set_client = utf8 */;
CREATE TABLE `alliances` (
  `id` int(11) NOT NULL auto_increment,
  `name` varchar(255) NOT NULL,
  `galaxy_id` int(11) NOT NULL,
  PRIMARY KEY  (`id`),
  KEY `foreign_key` (`galaxy_id`),
  CONSTRAINT `alliances_ibfk_1` FOREIGN KEY (`galaxy_id`) REFERENCES `galaxies` (`id`) ON DELETE CASCADE
) ENGINE=InnoDB DEFAULT CHARSET=utf8;
/*!40101 SET character_set_client = @saved_cs_client */;

--
-- Dumping data for table `alliances`
--

LOCK TABLES `alliances` WRITE;
/*!40000 ALTER TABLE `alliances` DISABLE KEYS */;
/*!40000 ALTER TABLE `alliances` ENABLE KEYS */;
UNLOCK TABLES;

--
-- Table structure for table `buildings`
--

DROP TABLE IF EXISTS `buildings`;
/*!40101 SET @saved_cs_client     = @@character_set_client */;
/*!40101 SET character_set_client = utf8 */;
CREATE TABLE `buildings` (
  `id` int(11) NOT NULL auto_increment,
  `planet_id` int(11) default NULL,
  `x` tinyint(2) unsigned NOT NULL,
  `y` tinyint(2) unsigned NOT NULL,
  `armor_mod` int(11) NOT NULL,
  `constructor_mod` int(11) NOT NULL,
  `energy_mod` int(11) NOT NULL,
  `level` tinyint(2) unsigned NOT NULL default '0',
  `type` varchar(255) NOT NULL,
  `upgrade_ends_at` datetime default NULL,
  `x_end` tinyint(2) unsigned NOT NULL,
  `y_end` tinyint(2) unsigned NOT NULL,
  `last_update` datetime default NULL,
  `state` tinyint(2) NOT NULL default '0',
  `hp` int(10) unsigned NOT NULL,
  `pause_remainder` int(10) unsigned default NULL,
  `hp_remainder` int(10) unsigned NOT NULL default '0',
  `constructable_type` varchar(100) default NULL,
  `constructable_id` int(11) default NULL,
  `construction_mod` tinyint(2) unsigned NOT NULL default '0',
  PRIMARY KEY  (`id`),
  UNIQUE KEY `tiles_taken` (`planet_id`,`x`,`y`,`x_end`,`y_end`),
  KEY `index_buildings_on_construction_ends` (`upgrade_ends_at`),
  KEY `buildings_by_type` (`planet_id`,`type`),
  CONSTRAINT `buildings_ibfk_1` FOREIGN KEY (`planet_id`) REFERENCES `planets` (`id`) ON DELETE CASCADE
) ENGINE=InnoDB AUTO_INCREMENT=28 DEFAULT CHARSET=utf8;
/*!40101 SET character_set_client = @saved_cs_client */;

--
-- Dumping data for table `buildings`
--

LOCK TABLES `buildings` WRITE;
/*!40000 ALTER TABLE `buildings` DISABLE KEYS */;
INSERT INTO `buildings` VALUES (1,19,7,16,0,0,0,1,'Thunder',NULL,8,17,NULL,1,300,NULL,0,NULL,NULL,0),(2,19,21,16,0,0,0,1,'Thunder',NULL,22,17,NULL,1,300,NULL,0,NULL,NULL,0),(3,19,21,9,0,0,0,1,'Screamer',NULL,22,10,NULL,1,300,NULL,0,NULL,NULL,0),(4,19,18,28,0,0,0,1,'NpcSolarPlant',NULL,19,29,NULL,0,1000,NULL,0,NULL,NULL,0),(5,19,7,9,0,0,0,1,'Vulcan',NULL,8,10,NULL,1,300,NULL,0,NULL,NULL,0),(6,19,14,22,0,0,0,1,'Thunder',NULL,15,23,NULL,1,300,NULL,0,NULL,NULL,0),(8,19,3,27,0,0,0,1,'NpcMetalExtractor',NULL,4,28,NULL,0,400,NULL,0,NULL,NULL,0),(9,19,28,24,0,0,0,1,'NpcMetalExtractor',NULL,29,25,NULL,0,400,NULL,0,NULL,NULL,0),(10,19,18,25,0,0,0,1,'NpcSolarPlant',NULL,19,26,NULL,0,1000,NULL,0,NULL,NULL,0),(11,19,15,26,0,0,0,1,'NpcSolarPlant',NULL,16,27,NULL,0,1000,NULL,0,NULL,NULL,0),(12,19,7,28,0,0,0,1,'NpcCommunicationsHub',NULL,9,29,NULL,0,1200,NULL,0,NULL,NULL,0),(13,19,21,22,0,0,0,1,'Vulcan',NULL,22,23,NULL,1,300,NULL,0,NULL,NULL,0),(14,19,24,24,0,0,0,1,'NpcMetalExtractor',NULL,25,25,NULL,0,400,NULL,0,NULL,NULL,0),(15,19,0,28,0,0,0,1,'NpcMetalExtractor',NULL,1,29,NULL,0,400,NULL,0,NULL,NULL,0),(16,19,11,14,0,0,0,1,'Mothership',NULL,18,19,NULL,1,10500,NULL,0,NULL,NULL,0),(17,19,22,27,0,0,0,1,'NpcSolarPlant',NULL,23,28,NULL,0,1000,NULL,0,NULL,NULL,0),(18,19,14,9,0,0,0,1,'Thunder',NULL,15,10,NULL,1,300,NULL,0,NULL,NULL,0),(19,19,25,20,0,0,0,1,'NpcTemple',NULL,27,22,NULL,0,1500,NULL,0,NULL,NULL,0),(20,19,12,27,0,0,0,1,'NpcSolarPlant',NULL,13,28,NULL,0,1000,NULL,0,NULL,NULL,0),(21,19,7,22,0,0,0,1,'Screamer',NULL,8,23,NULL,1,300,NULL,0,NULL,NULL,0),(22,19,26,27,0,0,0,1,'NpcCommunicationsHub',NULL,28,28,NULL,0,1200,NULL,0,NULL,NULL,0),(23,19,26,0,-12,0,0,1,'ResearchCenter',NULL,29,3,NULL,1,5000,NULL,0,NULL,NULL,0),(24,19,0,0,-18,0,0,1,'Barracks',NULL,2,2,NULL,1,300,NULL,0,NULL,NULL,0),(25,19,0,4,0,3,0,1,'Barracks',NULL,2,6,NULL,1,300,NULL,0,NULL,NULL,3),(26,19,26,16,0,0,0,1,'ZetiumExtractor',NULL,27,17,NULL,1,300,NULL,0,NULL,NULL,0),(27,19,0,8,6,24,0,1,'SpaceFactory',NULL,5,11,NULL,1,300,NULL,0,NULL,NULL,24);
/*!40000 ALTER TABLE `buildings` ENABLE KEYS */;
UNLOCK TABLES;

--
-- Table structure for table `callbacks`
--

DROP TABLE IF EXISTS `callbacks`;
/*!40101 SET @saved_cs_client     = @@character_set_client */;
/*!40101 SET character_set_client = utf8 */;
CREATE TABLE `callbacks` (
  `class` varchar(50) NOT NULL,
  `object_id` int(10) unsigned NOT NULL,
  `ends_at` datetime NOT NULL,
  `event` tinyint(2) unsigned NOT NULL default '0',
  `ruleset` varchar(30) NOT NULL,
  UNIQUE KEY `main` (`class`,`object_id`,`event`),
  KEY `tick` (`ends_at`),
  KEY `removal` (`class`,`object_id`),
  KEY `index_callbacks_on_class_and_object_id` (`class`,`object_id`),
  KEY `time` (`ends_at`)
) ENGINE=InnoDB DEFAULT CHARSET=utf8;
/*!40101 SET character_set_client = @saved_cs_client */;

--
-- Dumping data for table `callbacks`
--

LOCK TABLES `callbacks` WRITE;
/*!40000 ALTER TABLE `callbacks` DISABLE KEYS */;
/*!40000 ALTER TABLE `callbacks` ENABLE KEYS */;
UNLOCK TABLES;

--
-- Table structure for table `combat_logs`
--

DROP TABLE IF EXISTS `combat_logs`;
/*!40101 SET @saved_cs_client     = @@character_set_client */;
/*!40101 SET character_set_client = utf8 */;
CREATE TABLE `combat_logs` (
  `sha1_id` char(40) NOT NULL,
  `info` text NOT NULL,
  `expires_at` datetime NOT NULL,
  PRIMARY KEY  (`sha1_id`),
  KEY `index_combat_logs_on_expires_at` (`expires_at`)
) ENGINE=InnoDB DEFAULT CHARSET=utf8;
/*!40101 SET character_set_client = @saved_cs_client */;

--
-- Dumping data for table `combat_logs`
--

LOCK TABLES `combat_logs` WRITE;
/*!40000 ALTER TABLE `combat_logs` DISABLE KEYS */;
INSERT INTO `combat_logs` VALUES ('963d223a7087548dc75ca20205e0e854a43d7eef','{\"alliances\":{\"-2\":{\"flanks\":{\"0\":[{\"kind\":0,\"type\":\"Gnat\",\"level\":1,\"stance\":0,\"hp\":8,\"id\":13,\"player_id\":null},{\"kind\":0,\"type\":\"Gnat\",\"level\":1,\"stance\":0,\"hp\":8,\"id\":16,\"player_id\":null},{\"kind\":0,\"type\":\"Glancer\",\"level\":1,\"stance\":0,\"hp\":140,\"id\":18,\"player_id\":null},{\"kind\":0,\"type\":\"Glancer\",\"level\":1,\"stance\":0,\"hp\":95,\"id\":19,\"player_id\":null}],\"1\":[{\"kind\":0,\"type\":\"Glancer\",\"level\":1,\"stance\":0,\"hp\":155,\"id\":20,\"player_id\":null},{\"kind\":0,\"type\":\"Glancer\",\"level\":1,\"stance\":0,\"hp\":140,\"id\":21,\"player_id\":null},{\"kind\":0,\"type\":\"Gnat\",\"level\":1,\"stance\":0,\"hp\":54,\"id\":22,\"player_id\":null},{\"kind\":0,\"type\":\"Gnat\",\"level\":1,\"stance\":0,\"hp\":54,\"id\":23,\"player_id\":null},{\"kind\":0,\"type\":\"Gnat\",\"level\":1,\"stance\":0,\"hp\":77,\"id\":24,\"player_id\":null}]},\"players\":[{\"name\":null,\"id\":null}]},\"-1\":{\"flanks\":{\"0\":[{\"kind\":0,\"type\":\"Trooper\",\"level\":1,\"stance\":0,\"hp\":100,\"id\":147,\"player_id\":1},{\"kind\":0,\"type\":\"Trooper\",\"level\":1,\"stance\":0,\"hp\":100,\"id\":148,\"player_id\":1},{\"kind\":0,\"type\":\"Trooper\",\"level\":1,\"stance\":0,\"hp\":100,\"id\":149,\"player_id\":1},{\"kind\":0,\"type\":\"Trooper\",\"level\":1,\"stance\":0,\"hp\":100,\"id\":150,\"player_id\":1},{\"kind\":0,\"type\":\"Trooper\",\"level\":1,\"stance\":0,\"hp\":100,\"id\":151,\"player_id\":1},{\"kind\":0,\"type\":\"Trooper\",\"level\":1,\"stance\":0,\"hp\":100,\"id\":152,\"player_id\":1},{\"kind\":0,\"type\":\"Trooper\",\"level\":1,\"stance\":0,\"hp\":100,\"id\":153,\"player_id\":1},{\"kind\":0,\"type\":\"Trooper\",\"level\":1,\"stance\":0,\"hp\":100,\"id\":154,\"player_id\":1},{\"kind\":0,\"type\":\"Trooper\",\"level\":1,\"stance\":0,\"hp\":100,\"id\":155,\"player_id\":1},{\"kind\":0,\"type\":\"Trooper\",\"level\":1,\"stance\":0,\"hp\":100,\"id\":156,\"player_id\":1},{\"kind\":0,\"type\":\"Trooper\",\"level\":1,\"stance\":0,\"hp\":100,\"id\":157,\"player_id\":1},{\"kind\":0,\"type\":\"Trooper\",\"level\":1,\"stance\":0,\"hp\":100,\"id\":158,\"player_id\":1}]},\"players\":[{\"name\":\"Test Player\",\"id\":1}]}},\"nap_rules\":{},\"log\":[[\"tick\",\"start\"],[\"group\",[[\"fire\",[22,0],[[0,[149,0],false,8]]],[\"fire\",[152,0],[[0,[13,0],false,8]]],[\"fire\",[16,0],[[0,[148,0],false,8]]],[\"fire\",[156,0],[[0,[18,0],false,15]]]]],[\"group\",[[\"fire\",[20,0],[[0,[154,0],false,60]]],[\"fire\",[157,0],[[0,[18,0],false,15]]],[\"fire\",[21,0],[[0,[149,0],false,60]]],[\"fire\",[155,0],[[0,[18,0],false,15]]]]],[\"group\",[[\"fire\",[18,0],[[0,[156,0],false,60]]],[\"fire\",[148,0],[[0,[16,0],false,8]]],[\"fire\",[24,0],[[0,[150,0],false,8]]],[\"fire\",[151,0],[[0,[19,0],false,15]]]]],[\"group\",[[\"fire\",[23,0],[[0,[156,0],false,8]]],[\"fire\",[154,0],[[0,[20,0],false,15]]],[\"fire\",[19,0],[[0,[158,0],false,60]]],[\"fire\",[150,0],[[0,[19,0],false,15]]]]],[\"group\",[[\"fire\",[158,0],[[0,[19,0],false,15]]],[\"fire\",[153,0],[[0,[19,0],false,15]]]]],[\"group\",[[\"fire\",[147,0],[[0,[19,0],false,15]]],[\"fire\",[149,0],[[0,[19,0],false,15]]]]],[\"tick\",\"end\"],[\"tick\",\"start\"],[\"group\",[[\"fire\",[149,0],[[0,[20,0],false,15]]],[\"fire\",[24,0],[[0,[158,0],false,8]]],[\"fire\",[154,0],[[0,[20,0],false,15]]]]],[\"group\",[[\"fire\",[147,0],[[0,[22,0],false,23]]],[\"fire\",[151,0],[[0,[19,0],false,5]]]]],[\"group\",[[\"fire\",[157,0],[[0,[23,0],false,23]]],[\"fire\",[23,0],[[0,[152,0],false,8]]],[\"fire\",[155,0],[[0,[18,0],false,15]]]]],[\"group\",[[\"fire\",[22,0],[[0,[151,0],false,8]]],[\"fire\",[150,0],[[0,[18,0],false,15]]],[\"fire\",[152,0],[[0,[18,0],false,15]]]]],[\"group\",[[\"fire\",[153,0],[[0,[23,0],false,23]]],[\"fire\",[156,0],[[0,[18,0],false,15]]]]],[\"group\",[[\"fire\",[158,0],[[0,[18,0],false,15]]],[\"fire\",[148,0],[[0,[18,0],false,15]]]]],[\"tick\",\"end\"],[\"tick\",\"start\"],[\"group\",[[\"fire\",[23,0],[[0,[147,0],false,8]]],[\"fire\",[155,0],[[0,[21,0],false,15]]],[\"fire\",[20,0],[[0,[156,0],false,32]]],[\"fire\",[148,0],[[0,[21,0],false,15]]]]],[\"group\",[[\"fire\",[24,0],[[0,[152,0],false,8]]],[\"fire\",[157,0],[[0,[21,0],false,15]]],[\"fire\",[21,0],[[0,[157,0],false,60]]],[\"fire\",[147,0],[[0,[18,0],false,5]]]]],[\"group\",[[\"fire\",[22,0],[[0,[147,0],false,8]]],[\"fire\",[150,0],[[0,[24,0],false,23]]],[\"fire\",[151,0],[[0,[23,0],false,8]]]]],[\"group\",[[\"fire\",[154,0],[[0,[20,0],false,15]]],[\"fire\",[152,0],[[0,[20,0],false,15]]]]],[\"group\",[[\"fire\",[158,0],[[0,[21,0],false,15]]],[\"fire\",[153,0],[[0,[24,0],false,23]]]]],[\"group\",[[\"fire\",[149,0],[[0,[21,0],false,15]]]]],[\"tick\",\"end\"],[\"tick\",\"start\"],[\"group\",[[\"fire\",[154,0],[[0,[24,0],false,23]]],[\"fire\",[22,0],[[0,[149,0],false,8]]],[\"fire\",[153,0],[[0,[20,0],false,15]]]]],[\"group\",[[\"fire\",[158,0],[[0,[24,0],false,8]]],[\"fire\",[24,0],[[0,[149,0],false,8]]],[\"fire\",[150,0],[[0,[21,0],false,15]]]]],[\"group\",[[\"fire\",[149,0],[[0,[22,0],false,23]]],[\"fire\",[147,0],[[0,[21,0],false,15]]]]],[\"group\",[[\"fire\",[157,0],[[0,[22,0],false,8]]],[\"fire\",[151,0],[[0,[20,0],false,15]]]]],[\"group\",[[\"fire\",[155,0],[[0,[21,0],false,15]]],[\"fire\",[148,0],[[0,[21,0],false,15]]]]],[\"group\",[[\"fire\",[152,0],[[0,[21,0],false,5]]]]],[\"tick\",\"end\"],[\"tick\",\"start\"],[\"group\",[[\"fire\",[20,0],[[0,[151,0],false,60]]],[\"fire\",[149,0],[[0,[20,0],false,15]]],[\"fire\",[150,0],[[0,[20,0],false,15]]]]],[\"group\",[[\"fire\",[148,0],[[0,[20,0],false,15]]],[\"fire\",[153,0],[[0,[20,0],false,5]]]]],[\"tick\",\"end\"]],\"location\":{\"solar_system_id\":3,\"type\":2,\"variation\":0,\"y\":90,\"x\":1,\"name\":\"G1-S3-P19\",\"id\":19}}','2010-10-15 10:14:46'),('af4504366783cf8554e2554085b8391ec52c3d26','{\"alliances\":{\"-2\":{\"flanks\":{\"0\":[{\"kind\":0,\"type\":\"Gnat\",\"level\":1,\"stance\":0,\"hp\":100,\"id\":13,\"player_id\":null},{\"kind\":0,\"type\":\"Gnat\",\"level\":1,\"stance\":0,\"hp\":100,\"id\":14,\"player_id\":null},{\"kind\":0,\"type\":\"Gnat\",\"level\":1,\"stance\":0,\"hp\":100,\"id\":15,\"player_id\":null},{\"kind\":0,\"type\":\"Gnat\",\"level\":1,\"stance\":0,\"hp\":100,\"id\":16,\"player_id\":null},{\"kind\":0,\"type\":\"Gnat\",\"level\":1,\"stance\":0,\"hp\":100,\"id\":17,\"player_id\":null},{\"kind\":0,\"type\":\"Glancer\",\"level\":1,\"stance\":0,\"hp\":200,\"id\":18,\"player_id\":null},{\"kind\":0,\"type\":\"Glancer\",\"level\":1,\"stance\":0,\"hp\":200,\"id\":19,\"player_id\":null}],\"1\":[{\"kind\":0,\"type\":\"Glancer\",\"level\":1,\"stance\":0,\"hp\":200,\"id\":20,\"player_id\":null},{\"kind\":0,\"type\":\"Glancer\",\"level\":1,\"stance\":0,\"hp\":200,\"id\":21,\"player_id\":null},{\"kind\":0,\"type\":\"Gnat\",\"level\":1,\"stance\":0,\"hp\":100,\"id\":22,\"player_id\":null},{\"kind\":0,\"type\":\"Gnat\",\"level\":1,\"stance\":0,\"hp\":100,\"id\":23,\"player_id\":null},{\"kind\":0,\"type\":\"Gnat\",\"level\":1,\"stance\":0,\"hp\":100,\"id\":24,\"player_id\":null}]},\"players\":[{\"name\":null,\"id\":null}]},\"-1\":{\"flanks\":{\"0\":[{\"kind\":0,\"type\":\"Trooper\",\"level\":1,\"stance\":0,\"hp\":100,\"id\":137,\"player_id\":1},{\"kind\":0,\"type\":\"Trooper\",\"level\":1,\"stance\":0,\"hp\":100,\"id\":138,\"player_id\":1},{\"kind\":0,\"type\":\"Trooper\",\"level\":1,\"stance\":0,\"hp\":100,\"id\":139,\"player_id\":1},{\"kind\":0,\"type\":\"Trooper\",\"level\":1,\"stance\":0,\"hp\":100,\"id\":140,\"player_id\":1},{\"kind\":0,\"type\":\"Trooper\",\"level\":1,\"stance\":0,\"hp\":100,\"id\":141,\"player_id\":1},{\"kind\":0,\"type\":\"Trooper\",\"level\":1,\"stance\":0,\"hp\":100,\"id\":142,\"player_id\":1},{\"kind\":0,\"type\":\"Trooper\",\"level\":1,\"stance\":0,\"hp\":100,\"id\":143,\"player_id\":1},{\"kind\":0,\"type\":\"Trooper\",\"level\":1,\"stance\":0,\"hp\":100,\"id\":144,\"player_id\":1},{\"kind\":0,\"type\":\"Trooper\",\"level\":1,\"stance\":0,\"hp\":100,\"id\":145,\"player_id\":1},{\"kind\":0,\"type\":\"Trooper\",\"level\":1,\"stance\":0,\"hp\":100,\"id\":146,\"player_id\":1}]},\"players\":[{\"name\":\"Test Player\",\"id\":1}]}},\"nap_rules\":{},\"log\":[[\"tick\",\"start\"],[\"group\",[[\"fire\",[20,0],[[0,[137,0],false,60]]],[\"fire\",[144,0],[[0,[18,0],false,15]]],[\"fire\",[19,0],[[0,[143,0],false,60]]],[\"fire\",[138,0],[[0,[21,0],false,15]]]]],[\"group\",[[\"fire\",[17,0],[[0,[141,0],false,8]]],[\"fire\",[142,0],[[0,[16,0],false,23]]],[\"fire\",[16,0],[[0,[141,0],false,8]]],[\"fire\",[140,0],[[0,[15,0],false,23]]]]],[\"group\",[[\"fire\",[15,0],[[0,[141,0],false,8]]],[\"fire\",[145,0],[[0,[17,0],false,23]]],[\"fire\",[23,0],[[0,[141,0],false,8]]],[\"fire\",[139,0],[[0,[14,0],false,23]]]]],[\"group\",[[\"fire\",[13,0],[[0,[137,0],false,8]]],[\"fire\",[137,0],[[0,[18,0],false,15]]],[\"fire\",[18,0],[[0,[143,0],false,40]]],[\"fire\",[143,0],[[0,[14,0],false,23]]]]],[\"group\",[[\"fire\",[21,0],[[0,[142,0],false,60]]],[\"fire\",[141,0],[[0,[17,0],false,23]]],[\"fire\",[14,0],[[0,[144,0],false,8]]],[\"fire\",[146,0],[[0,[23,0],false,23]]]]],[\"group\",[[\"fire\",[24,0],[[0,[145,0],false,8]]],[\"fire\",[22,0],[[0,[146,0],false,8]]]]],[\"tick\",\"end\"],[\"tick\",\"start\"],[\"group\",[[\"fire\",[146,0],[[0,[15,0],false,23]]],[\"fire\",[138,0],[[0,[15,0],false,23]]]]],[\"group\",[[\"fire\",[17,0],[[0,[137,0],false,8]]],[\"fire\",[145,0],[[0,[15,0],false,23]]],[\"fire\",[137,0],[[0,[13,0],false,23]]]]],[\"group\",[[\"fire\",[22,0],[[0,[138,0],false,8]]],[\"fire\",[142,0],[[0,[19,0],false,15]]],[\"fire\",[24,0],[[0,[142,0],false,8]]],[\"fire\",[139,0],[[0,[23,0],false,23]]]]],[\"group\",[[\"fire\",[16,0],[[0,[145,0],false,8]]],[\"fire\",[140,0],[[0,[20,0],false,15]]],[\"fire\",[15,0],[[0,[146,0],false,8]]],[\"fire\",[141,0],[[0,[16,0],false,23]]]]],[\"group\",[[\"fire\",[13,0],[[0,[139,0],false,8]]],[\"fire\",[144,0],[[0,[18,0],false,15]]]]],[\"group\",[[\"fire\",[14,0],[[0,[139,0],false,8]]],[\"fire\",[23,0],[[0,[144,0],false,8]]]]],[\"tick\",\"end\"],[\"tick\",\"start\"],[\"group\",[[\"fire\",[17,0],[[0,[144,0],false,8]]],[\"fire\",[142,0],[[0,[20,0],false,15]]],[\"fire\",[14,0],[[0,[146,0],false,8]]],[\"fire\",[138,0],[[0,[17,0],false,23]]]]],[\"group\",[[\"fire\",[24,0],[[0,[141,0],false,8]]],[\"fire\",[141,0],[[0,[13,0],false,23]]],[\"fire\",[16,0],[[0,[142,0],false,8]]],[\"fire\",[137,0],[[0,[21,0],false,15]]]]],[\"group\",[[\"fire\",[13,0],[[0,[138,0],false,8]]],[\"fire\",[144,0],[[0,[14,0],false,23]]],[\"fire\",[15,0],[[0,[146,0],false,8]]],[\"fire\",[146,0],[[0,[21,0],false,15]]]]],[\"group\",[[\"fire\",[20,0],[[0,[141,0],false,60]]],[\"fire\",[145,0],[[0,[19,0],false,15]]],[\"fire\",[19,0],[[0,[140,0],false,60]]],[\"fire\",[140,0],[[0,[22,0],false,23]]]]],[\"group\",[[\"fire\",[23,0],[[0,[138,0],false,8]]],[\"fire\",[139,0],[[0,[13,0],false,23]]],[\"fire\",[18,0],[[0,[144,0],false,60]]]]],[\"group\",[[\"fire\",[21,0],[[0,[138,0],false,60]]],[\"fire\",[22,0],[[0,[137,0],false,8]]]]],[\"tick\",\"end\"],[\"tick\",\"start\"],[\"group\",[[\"fire\",[23,0],[[0,[145,0],false,8]]],[\"fire\",[145,0],[[0,[19,0],false,15]]],[\"fire\",[137,0],[[0,[17,0],false,23]]]]],[\"group\",[[\"fire\",[17,0],[[0,[140,0],false,8]]],[\"fire\",[142,0],[[0,[14,0],false,23]]],[\"fire\",[13,0],[[0,[144,0],false,8]]],[\"fire\",[139,0],[[0,[17,0],false,8]]]]],[\"group\",[[\"fire\",[146,0],[[0,[15,0],false,8]]],[\"fire\",[16,0],[[0,[142,0],false,8]]],[\"fire\",[144,0],[[0,[19,0],false,15]]]]],[\"group\",[[\"fire\",[24,0],[[0,[142,0],false,8]]],[\"fire\",[138,0],[[0,[22,0],false,23]]],[\"fire\",[140,0],[[0,[14,0],false,8]]]]],[\"group\",[[\"fire\",[22,0],[[0,[137,0],false,8]]]]],[\"tick\",\"end\"],[\"tick\",\"start\"],[\"group\",[[\"fire\",[13,0],[[0,[140,0],false,8]]],[\"fire\",[142,0],[[0,[19,0],false,15]]],[\"fire\",[20,0],[[0,[138,0],false,16]]],[\"fire\",[146,0],[[0,[20,0],false,15]]]]],[\"group\",[[\"fire\",[24,0],[[0,[137,0],false,8]]],[\"fire\",[144,0],[[0,[16,0],false,23]]],[\"fire\",[19,0],[[0,[140,0],false,24]]],[\"fire\",[137,0],[[0,[18,0],false,15]]]]],[\"group\",[[\"fire\",[18,0],[[0,[146,0],false,60]]],[\"fire\",[139,0],[[0,[19,0],false,15]]],[\"fire\",[23,0],[[0,[145,0],false,8]]],[\"fire\",[145,0],[[0,[24,0],false,23]]]]],[\"group\",[[\"fire\",[22,0],[[0,[146,0],false,8]]],[\"fire\",[21,0],[[0,[139,0],false,60]]]]],[\"group\",[[\"fire\",[16,0],[[0,[144,0],false,8]]]]],[\"tick\",\"end\"],[\"tick\",\"start\"],[\"group\",[[\"fire\",[142,0],[[0,[16,0],false,23]]],[\"fire\",[23,0],[[0,[142,0],false,8]]],[\"fire\",[139,0],[[0,[19,0],false,15]]]]],[\"group\",[[\"fire\",[145,0],[[0,[21,0],false,15]]],[\"fire\",[24,0],[[0,[139,0],false,8]]]]],[\"group\",[[\"fire\",[22,0],[[0,[145,0],false,8]]],[\"fire\",[16,0],[[0,[139,0],false,8]]]]],[\"group\",[[\"fire\",[13,0],[[0,[139,0],false,8]]]]],[\"tick\",\"end\"],[\"tick\",\"start\"],[\"group\",[[\"fire\",[13,0],[[0,[145,0],false,8]]],[\"fire\",[145,0],[[0,[13,0],false,23]]],[\"fire\",[19,0],[[0,[145,0],false,52]]]]],[\"tick\",\"end\"]],\"location\":{\"solar_system_id\":3,\"type\":2,\"variation\":0,\"y\":90,\"x\":1,\"name\":\"G1-S3-P19\",\"id\":19}}','2010-10-15 10:10:45');
/*!40000 ALTER TABLE `combat_logs` ENABLE KEYS */;
UNLOCK TABLES;

--
-- Table structure for table `construction_queue_entries`
--

DROP TABLE IF EXISTS `construction_queue_entries`;
/*!40101 SET @saved_cs_client     = @@character_set_client */;
/*!40101 SET character_set_client = utf8 */;
CREATE TABLE `construction_queue_entries` (
  `id` int(11) NOT NULL auto_increment,
  `constructable_type` varchar(100) NOT NULL,
  `constructor_id` int(11) NOT NULL,
  `count` int(11) NOT NULL,
  `position` smallint(2) unsigned NOT NULL default '0',
  `params` text,
  PRIMARY KEY  (`id`),
  KEY `index_upgrade_queue_entries_on_constructor_id` (`constructor_id`),
  KEY `index_upgrade_queue_entries_on_position` (`position`),
  KEY `foreign_key` (`constructor_id`),
  CONSTRAINT `construction_queue_entries_ibfk_1` FOREIGN KEY (`constructor_id`) REFERENCES `buildings` (`id`) ON DELETE CASCADE
) ENGINE=InnoDB AUTO_INCREMENT=7 DEFAULT CHARSET=utf8;
/*!40101 SET character_set_client = @saved_cs_client */;

--
-- Dumping data for table `construction_queue_entries`
--

LOCK TABLES `construction_queue_entries` WRITE;
/*!40000 ALTER TABLE `construction_queue_entries` DISABLE KEYS */;
/*!40000 ALTER TABLE `construction_queue_entries` ENABLE KEYS */;
UNLOCK TABLES;

--
-- Table structure for table `cooldowns`
--

DROP TABLE IF EXISTS `cooldowns`;
/*!40101 SET @saved_cs_client     = @@character_set_client */;
/*!40101 SET character_set_client = utf8 */;
CREATE TABLE `cooldowns` (
  `id` int(11) NOT NULL auto_increment,
  `location_id` int(10) unsigned NOT NULL,
  `location_type` tinyint(2) unsigned NOT NULL,
  `location_x` int(11) default NULL,
  `location_y` int(11) default NULL,
  PRIMARY KEY  (`id`),
  UNIQUE KEY `location` (`location_id`,`location_type`,`location_x`,`location_y`)
) ENGINE=InnoDB DEFAULT CHARSET=utf8;
/*!40101 SET character_set_client = @saved_cs_client */;

--
-- Dumping data for table `cooldowns`
--

LOCK TABLES `cooldowns` WRITE;
/*!40000 ALTER TABLE `cooldowns` DISABLE KEYS */;
/*!40000 ALTER TABLE `cooldowns` ENABLE KEYS */;
UNLOCK TABLES;

--
-- Table structure for table `folliages`
--

DROP TABLE IF EXISTS `folliages`;
/*!40101 SET @saved_cs_client     = @@character_set_client */;
/*!40101 SET character_set_client = utf8 */;
CREATE TABLE `folliages` (
  `planet_id` int(11) NOT NULL,
  `x` tinyint(2) unsigned NOT NULL,
  `y` tinyint(2) unsigned NOT NULL,
  `variation` tinyint(2) unsigned NOT NULL,
  UNIQUE KEY `coords` (`planet_id`,`x`,`y`),
  CONSTRAINT `folliages_ibfk_1` FOREIGN KEY (`planet_id`) REFERENCES `planets` (`id`) ON DELETE CASCADE
) ENGINE=InnoDB DEFAULT CHARSET=utf8;
/*!40101 SET character_set_client = @saved_cs_client */;

--
-- Dumping data for table `folliages`
--

LOCK TABLES `folliages` WRITE;
/*!40000 ALTER TABLE `folliages` DISABLE KEYS */;
INSERT INTO `folliages` VALUES (3,0,1,3),(3,0,2,5),(3,0,6,12),(3,0,12,0),(3,0,18,3),(3,0,20,12),(3,0,21,8),(3,0,24,4),(3,0,25,7),(3,0,26,10),(3,0,28,12),(3,1,5,5),(3,1,10,1),(3,1,11,1),(3,1,16,9),(3,1,18,1),(3,1,19,4),(3,1,21,8),(3,1,24,11),(3,1,25,9),(3,2,2,0),(3,2,4,13),(3,2,5,8),(3,2,17,12),(3,2,21,6),(3,2,22,0),(3,2,27,7),(3,3,4,5),(3,3,8,3),(3,3,11,8),(3,3,22,5),(3,3,25,3),(3,4,13,4),(3,4,15,5),(3,4,19,10),(3,4,20,2),(3,4,22,11),(3,4,24,1),(3,5,9,10),(3,5,15,4),(3,5,18,1),(3,6,8,8),(3,6,13,12),(3,6,14,4),(3,6,27,9),(3,7,17,1),(3,7,18,0),(3,7,28,12),(3,8,6,6),(3,8,11,9),(3,8,13,9),(3,8,14,7),(3,8,16,12),(3,8,22,8),(3,8,24,7),(3,9,7,4),(3,9,10,12),(3,9,27,8),(3,10,4,7),(3,10,7,4),(3,10,10,9),(3,10,11,2),(3,10,19,11),(3,10,20,8),(3,10,26,6),(3,10,27,1),(3,10,28,7),(3,11,7,7),(3,11,16,8),(3,11,21,9),(3,11,27,7),(3,12,2,6),(3,12,4,0),(3,12,11,12),(3,13,9,6),(3,14,18,6),(3,15,17,12),(3,16,15,9),(3,17,19,13),(3,18,22,6),(3,18,25,4),(3,19,22,13),(3,19,25,11),(3,19,26,13),(3,19,28,2),(3,20,22,4),(3,21,8,3),(3,21,24,13),(3,21,26,0),(3,21,28,9),(3,22,10,4),(3,22,17,2),(3,22,21,9),(3,22,24,2),(3,22,26,1),(3,23,5,0),(3,23,8,1),(3,23,17,10),(3,23,20,1),(3,23,22,10),(3,24,0,6),(3,24,12,7),(3,24,20,11),(3,24,24,1),(3,24,26,9),(3,25,11,2),(3,25,23,2),(3,26,0,12),(3,26,7,11),(3,26,16,1),(3,26,21,11),(3,26,28,3),(3,27,3,10),(3,27,6,4),(3,27,21,8),(3,27,24,13),(3,27,28,5),(3,28,0,3),(3,28,1,7),(3,28,3,10),(3,28,22,0),(3,28,23,3),(3,28,24,10),(3,28,28,2),(3,29,7,2),(3,29,16,4),(3,29,23,0),(3,30,1,6),(3,30,5,7),(3,30,7,0),(3,30,24,2),(3,30,25,12),(3,30,27,4),(3,31,4,8),(3,31,5,11),(3,31,14,4),(3,31,15,4),(3,31,16,1),(3,31,17,2),(3,31,19,13),(3,31,22,2),(3,31,23,3),(3,31,27,7),(3,32,0,12),(3,32,10,1),(3,32,16,4),(3,32,17,9),(3,32,26,2),(3,33,2,4),(3,33,8,5),(3,33,17,12),(3,33,22,5),(3,34,8,12),(3,34,12,4),(3,34,25,13),(3,34,26,3),(3,35,5,5),(3,35,16,4),(3,35,18,4),(3,35,21,6),(3,35,27,13),(3,36,0,9),(3,36,1,7),(3,36,3,4),(3,36,6,9),(3,36,8,2),(3,36,11,7),(3,36,15,1),(3,36,16,5),(3,36,21,8),(3,36,24,1),(3,36,25,6),(3,37,6,10),(3,37,12,11),(3,37,13,7),(3,37,21,1),(3,37,28,2),(3,38,3,1),(3,38,4,0),(3,38,5,7),(3,38,9,10),(3,38,12,13),(3,38,13,0),(3,38,17,12),(3,38,19,11),(3,38,21,4),(3,39,0,1),(3,39,3,11),(3,39,9,13),(3,39,10,13),(3,39,13,12),(3,39,14,2),(3,39,15,3),(3,39,17,7),(3,39,18,0),(3,39,28,5),(3,40,1,0),(3,40,13,0),(3,40,19,12),(3,41,9,9),(3,41,10,6),(3,41,16,0),(3,41,18,3),(3,42,10,13),(3,42,11,1),(3,42,12,10),(3,42,15,2),(3,42,16,8),(3,42,21,11),(3,43,2,10),(3,43,4,4),(3,43,16,9),(3,43,17,4),(3,43,19,11),(3,43,21,12),(3,44,13,6),(3,44,14,4),(3,44,16,7),(3,44,18,13),(3,44,20,13),(3,44,21,12),(3,44,24,2),(3,45,9,2),(3,45,10,0),(3,45,18,3),(3,45,25,11),(3,46,0,10),(3,46,12,0),(3,46,16,6),(3,46,19,0),(3,47,0,7),(3,47,2,0),(3,47,3,4),(3,47,5,5),(3,47,11,8),(3,47,15,10),(3,47,21,11),(3,48,0,1),(3,48,8,9),(3,49,1,2),(3,49,4,1),(3,50,10,10),(3,50,11,10),(3,51,0,10),(3,51,4,8),(3,51,5,4),(3,51,9,13),(4,0,1,13),(4,0,3,7),(4,0,12,9),(4,0,14,10),(4,0,15,9),(4,0,17,10),(4,0,18,9),(4,1,7,1),(4,1,8,6),(4,1,22,4),(4,2,3,9),(4,2,9,13),(4,2,11,4),(4,2,18,9),(4,3,3,4),(4,3,4,12),(4,3,9,10),(4,3,13,1),(4,3,14,2),(4,3,15,0),(4,4,13,0),(4,6,4,6),(4,6,6,1),(4,6,17,5),(4,7,5,8),(4,8,1,3),(4,8,2,0),(4,8,5,10),(4,8,6,4),(4,8,7,6),(4,8,8,0),(4,8,9,4),(4,8,17,7),(4,9,4,2),(4,9,5,4),(4,9,6,11),(4,9,7,13),(4,9,9,11),(4,9,22,4),(4,10,1,11),(4,10,2,2),(4,10,3,8),(4,10,10,6),(4,10,12,3),(4,11,0,11),(4,11,2,11),(4,11,3,0),(4,11,11,2),(4,12,2,11),(4,12,4,6),(4,12,8,2),(4,12,9,8),(4,12,10,6),(4,12,16,2),(4,12,19,4),(4,12,21,7),(4,12,22,7),(4,13,1,12),(4,13,9,8),(4,13,10,0),(4,13,11,8),(4,13,12,6),(4,13,15,9),(4,13,16,10),(4,13,21,8),(4,14,12,2),(4,15,12,13),(4,15,16,8),(4,16,10,10),(4,16,13,4),(4,16,22,9),(4,17,10,3),(4,17,12,6),(4,17,17,11),(4,18,10,6),(4,18,14,9),(4,18,17,5),(4,19,11,6),(4,19,13,11),(4,20,8,13),(4,20,11,0),(4,20,16,1),(4,20,17,8),(4,21,10,6),(4,21,12,13),(4,21,13,2),(4,21,17,9),(4,22,1,8),(4,22,7,1),(4,22,12,8),(4,22,17,3),(4,23,16,8),(4,23,18,9),(4,24,7,9),(4,24,8,8),(4,24,9,8),(4,24,15,7),(4,24,19,11),(4,24,21,2),(4,25,14,1),(4,25,18,5),(4,25,22,0),(4,26,10,3),(4,26,11,2),(4,26,14,11),(4,26,16,7),(4,26,18,4),(4,26,20,2),(4,26,21,11),(4,27,8,5),(4,27,9,3),(4,27,10,5),(4,27,12,5),(4,27,14,0),(4,27,19,8),(4,27,21,2),(4,27,22,6),(4,28,13,4),(4,28,14,1),(4,28,16,1),(4,28,18,9),(4,29,0,0),(4,29,16,5),(4,30,18,4),(4,31,19,1),(4,32,21,10),(4,32,22,2),(4,36,3,9),(4,36,7,9),(4,37,0,7),(4,37,3,2),(4,37,5,3),(4,37,7,3),(4,37,18,11),(4,38,2,11),(4,38,5,0),(4,38,7,2),(4,38,13,1),(4,38,14,11),(4,38,17,2),(4,38,19,6),(4,39,1,13),(4,39,7,5),(4,39,8,8),(4,39,13,5),(4,39,15,12),(4,39,16,6),(4,39,20,7),(4,40,5,0),(4,40,13,6),(4,40,16,8),(4,41,0,5),(4,41,2,3),(4,41,13,9),(4,41,14,7),(4,41,17,7),(4,41,19,1),(4,42,15,5),(4,42,22,3),(4,43,2,9),(4,43,13,13),(4,43,15,7),(4,43,16,8),(4,43,19,2),(4,44,3,7),(4,44,5,1),(4,44,6,2),(4,44,13,1),(4,44,16,13),(4,44,18,9),(4,45,19,3),(4,46,5,12),(4,46,20,10),(4,47,3,5),(4,47,20,3),(4,48,1,13),(4,48,2,5),(4,48,5,11),(4,48,21,5),(4,48,22,11),(6,0,1,11),(6,0,4,1),(6,0,8,11),(6,3,9,12),(6,4,0,7),(6,4,7,11),(6,7,5,12),(6,7,8,3),(6,8,10,4),(6,9,4,8),(6,9,8,10),(6,10,0,6),(6,10,12,1),(6,10,17,2),(6,11,1,4),(6,11,15,2),(6,11,18,2),(6,12,0,3),(6,12,5,13),(6,13,1,12),(6,13,8,1),(6,13,11,4),(6,13,17,8),(6,14,3,5),(6,14,12,4),(6,14,16,11),(6,14,18,8),(6,15,1,2),(6,15,2,1),(6,15,7,6),(6,15,18,2),(6,16,2,12),(6,16,3,3),(6,16,12,3),(6,16,18,2),(6,17,15,11),(6,18,9,6),(6,18,17,6),(6,19,12,2),(6,19,14,3),(6,19,15,4),(6,21,9,9),(6,21,16,12),(6,22,16,7),(6,22,18,3),(6,26,3,3),(6,26,18,2),(6,27,5,7),(6,28,10,5),(6,28,11,3),(6,28,16,4),(6,29,13,1),(6,30,10,1),(6,31,10,6),(6,31,11,2),(6,31,18,9),(6,33,0,10),(6,34,2,4),(6,34,3,6),(6,34,5,5),(6,34,12,10),(6,34,13,6),(6,35,0,1),(6,35,1,9),(6,35,4,10),(6,35,6,6),(6,35,12,3),(6,36,0,6),(6,36,3,8),(6,36,5,13),(6,36,18,6),(6,37,6,3),(6,38,4,6),(6,38,17,3),(6,39,18,13),(6,40,15,12),(6,41,15,1),(6,43,2,10),(6,44,4,10),(6,44,8,6),(6,45,9,6),(6,47,5,6),(6,48,6,11),(6,48,8,8),(6,48,9,11),(6,49,5,9),(6,49,8,2),(6,49,14,8),(6,50,6,4),(6,51,2,8),(6,51,6,0),(6,52,4,8),(6,52,7,6),(9,0,3,0),(9,0,5,4),(9,0,8,6),(9,0,14,13),(9,0,17,3),(9,1,0,3),(9,1,3,3),(9,1,4,4),(9,1,5,5),(9,1,9,13),(9,1,14,1),(9,2,14,9),(9,3,3,8),(9,3,12,13),(9,3,16,13),(9,4,1,8),(9,4,12,0),(9,4,13,9),(9,5,1,12),(9,5,3,4),(9,5,12,10),(9,5,14,2),(9,5,24,3),(9,6,0,9),(9,6,1,0),(9,6,3,5),(9,6,4,5),(9,6,20,0),(9,7,1,2),(9,7,4,9),(9,7,7,3),(9,7,12,12),(9,7,15,8),(9,7,20,8),(9,7,24,1),(9,8,0,5),(9,8,1,13),(9,8,3,2),(9,8,4,9),(9,8,6,12),(9,8,10,10),(9,8,15,8),(9,8,20,9),(9,9,4,9),(9,12,11,12),(9,12,14,2),(9,12,15,10),(9,12,23,13),(9,13,14,9),(9,13,22,13),(9,14,2,3),(9,14,6,13),(9,14,14,0),(9,15,2,13),(9,16,4,13),(9,16,17,7),(9,17,3,12),(9,17,10,12),(9,17,19,13),(9,17,21,4),(9,18,0,6),(9,18,4,9),(9,18,5,13),(9,18,11,0),(9,18,12,11),(9,18,16,6),(9,18,19,0),(9,18,24,11),(9,18,25,0),(9,19,6,13),(9,19,25,12),(9,20,0,9),(9,20,3,12),(9,20,4,5),(9,20,17,9),(9,20,24,1),(9,21,0,13),(9,21,2,8),(9,21,3,0),(9,21,17,4),(9,21,23,2),(9,22,2,12),(9,22,25,7),(9,23,5,13),(9,23,23,1),(9,24,26,10),(9,25,25,2),(9,26,23,3),(9,27,1,13),(9,27,21,11),(9,28,26,13),(9,29,0,5),(9,29,21,4),(9,30,4,9),(9,30,5,9),(9,30,8,7),(9,31,22,1),(9,32,1,0),(9,32,3,4),(9,32,4,1),(9,32,20,5),(9,32,25,6),(9,33,2,9),(9,33,16,1),(9,33,18,7),(9,34,4,13),(9,34,12,3),(9,34,13,4),(9,35,1,4),(9,35,3,12),(9,35,11,7),(9,36,0,9),(9,36,3,2),(9,38,2,7),(9,38,14,6),(9,39,0,13),(9,39,1,3),(9,39,4,12),(9,39,16,3),(9,39,18,3),(9,39,19,13),(9,40,1,9),(9,40,5,12),(9,40,11,4),(9,40,12,12),(9,40,18,7),(9,41,3,10),(9,41,4,1),(9,41,10,11),(9,41,14,13),(9,41,15,8),(9,41,19,3),(9,41,20,5),(16,0,5,5),(16,0,11,13),(16,1,2,12),(16,2,5,0),(16,3,2,13),(16,3,20,12),(16,3,21,8),(16,4,21,2),(16,4,22,8),(16,5,3,10),(16,5,18,12),(16,5,19,4),(16,6,7,3),(16,6,10,6),(16,6,17,1),(16,6,27,2),(16,7,0,2),(16,7,2,2),(16,7,5,8),(16,8,9,3),(16,8,30,10),(16,9,6,13),(16,9,18,6),(16,9,21,7),(16,10,5,1),(16,10,19,4),(16,10,30,2),(16,10,31,2),(16,12,4,0),(16,12,7,5),(16,13,6,10),(16,13,22,13),(16,14,4,6),(16,14,16,0),(16,14,21,10),(16,14,31,13),(16,15,6,1),(16,15,8,11),(16,15,17,1),(16,15,20,12),(16,15,23,9),(16,16,7,3),(16,16,11,0),(16,16,15,4),(16,16,23,0),(16,17,9,8),(16,17,13,3),(16,17,14,11),(16,17,15,10),(16,17,24,13),(16,18,6,0),(16,18,14,9),(16,19,5,7),(16,19,15,8),(16,19,26,6),(16,20,31,7),(16,21,4,11),(16,21,5,1),(16,21,9,4),(16,21,21,13),(16,21,22,1),(16,21,23,12),(16,21,24,12),(16,21,28,4),(16,22,5,12),(16,22,6,12),(16,22,15,5),(16,22,24,13),(16,22,25,5),(16,22,31,13),(16,23,27,9),(16,23,30,7),(16,24,5,9),(16,24,7,11),(16,24,26,11),(16,25,12,11),(16,25,19,3),(16,25,22,0),(16,25,27,13),(16,25,29,13),(16,25,30,0),(16,25,31,0),(16,26,6,1),(16,26,7,4),(16,26,8,12),(16,26,10,11),(16,26,11,10),(16,26,19,2),(16,26,29,0),(16,26,31,7),(16,27,8,10),(16,27,21,5),(16,28,4,2),(16,28,5,8),(16,28,7,4),(16,28,11,5),(16,28,21,11),(16,28,24,9),(16,28,26,11),(16,28,31,2),(16,29,6,1),(16,29,22,13),(16,29,23,4),(16,29,26,10),(16,30,9,7),(16,30,26,4),(16,31,4,10),(16,31,6,7),(16,31,7,7),(16,31,22,0),(16,32,1,3),(16,32,6,13),(16,32,16,13),(16,32,20,5),(16,33,2,9),(16,33,10,8),(16,33,16,2),(16,33,17,5),(16,33,31,2),(16,34,1,7),(16,34,5,10),(16,34,23,7),(16,35,3,3),(16,35,5,6),(16,35,13,4),(16,35,19,11),(16,35,28,3),(16,36,0,13),(16,36,2,4),(16,36,3,8),(16,36,11,0),(16,36,18,11),(16,36,20,5),(16,36,27,1),(16,37,2,13),(16,37,9,9),(16,37,10,10),(16,37,11,8),(16,37,25,5),(16,38,0,12),(16,38,13,8),(16,38,15,6),(16,38,23,1),(16,39,2,4),(16,39,4,13),(16,39,6,12),(16,39,8,4),(16,39,15,13),(16,39,22,11),(16,40,0,2),(16,40,1,5),(16,40,3,8),(16,40,10,12),(16,40,12,3),(16,40,22,12),(16,40,29,4),(16,40,31,4),(16,41,29,11),(16,42,13,6),(16,43,0,6),(16,43,13,9),(16,43,31,1),(16,44,2,0),(16,44,13,13),(16,44,21,7),(16,44,28,2),(16,44,30,1),(16,44,31,13),(16,45,20,13),(16,45,22,12),(16,46,3,0),(16,46,13,13),(16,46,22,8),(16,46,27,1),(16,46,28,2),(17,0,11,2),(17,1,5,7),(17,1,11,13),(17,1,12,2),(17,2,9,11),(17,2,10,2),(17,3,10,11),(17,3,11,3),(17,5,9,4),(17,6,3,4),(17,8,9,2),(17,8,14,2),(17,9,12,1),(17,9,13,3),(17,9,15,8),(17,10,0,4),(17,10,13,6),(17,10,15,6),(17,10,16,11),(17,12,0,5),(17,14,0,3),(17,14,3,8),(17,14,4,2),(17,14,16,1),(17,16,8,1),(17,17,4,6),(17,17,11,13),(17,17,14,7),(17,18,5,0),(17,18,8,11),(17,18,13,0),(17,19,2,6),(17,19,12,7),(17,20,7,8),(17,20,8,1),(17,20,11,13),(17,20,12,6),(17,21,1,8),(17,21,4,6),(17,22,6,5),(17,23,16,4),(17,24,11,9),(17,25,0,2),(17,29,1,2),(17,29,3,13),(17,30,0,12),(17,30,1,3),(17,30,14,5),(17,30,15,13),(17,30,16,5),(17,31,6,4),(17,32,15,4),(17,34,5,13),(17,34,16,5),(17,35,4,5),(17,35,5,0),(17,35,9,9),(17,36,0,9),(17,36,2,12),(17,36,5,2),(17,36,9,3),(17,38,1,7),(17,38,2,9),(17,38,3,8),(17,39,0,1),(17,39,2,7),(17,39,10,0),(17,39,11,9),(17,39,15,5),(17,39,16,9),(17,40,0,6),(17,40,16,9),(17,41,7,13),(17,42,10,9),(17,42,11,12),(17,43,2,10),(17,43,7,4),(17,43,8,12),(17,44,3,2),(17,44,15,11),(17,45,11,8),(17,45,13,9),(17,47,12,5),(17,48,10,11),(17,48,11,3),(17,49,7,1),(17,49,12,9),(17,50,9,6),(17,51,6,11),(17,51,10,3),(17,51,13,0),(17,52,0,3),(17,52,1,0),(17,52,7,13),(17,53,6,10),(17,54,15,1),(17,55,5,7),(17,55,14,11),(17,56,4,12),(17,57,1,13),(17,57,2,12),(17,57,5,1),(17,57,7,8),(19,0,7,6),(19,0,12,7),(19,0,14,4),(19,0,27,13),(19,1,14,5),(19,1,15,13),(19,2,29,13),(19,3,29,13),(19,4,14,10),(19,4,29,4),(19,5,4,7),(19,5,14,3),(19,6,0,10),(19,6,5,4),(19,6,6,4),(19,6,16,1),(19,6,17,10),(19,6,25,10),(19,6,28,10),(19,6,29,10),(19,7,25,4),(19,8,15,6),(19,8,26,4),(19,8,27,9),(19,9,9,7),(19,9,23,0),(19,10,11,6),(19,10,14,7),(19,10,18,7),(19,11,7,7),(19,11,12,9),(19,11,20,12),(19,12,0,6),(19,12,7,6),(19,12,9,12),(19,12,11,3),(19,13,0,11),(19,13,2,3),(19,13,3,12),(19,13,11,7),(19,13,20,13),(19,13,22,12),(19,14,3,9),(19,14,6,8),(19,14,13,13),(19,14,24,13),(19,15,2,4),(19,15,11,0),(19,15,12,12),(19,15,13,11),(19,16,8,7),(19,16,21,9),(19,16,25,2),(19,17,6,11),(19,17,12,6),(19,18,2,9),(19,18,9,5),(19,18,11,8),(19,19,2,6),(19,19,3,12),(19,19,7,1),(19,19,11,5),(19,19,19,6),(19,19,23,8),(19,20,12,10),(19,20,13,5),(19,21,7,1),(19,21,8,6),(19,22,5,2),(19,22,8,8),(19,22,14,3),(19,22,19,6),(19,22,24,4),(19,23,5,10),(19,23,9,3),(19,23,12,2),(19,23,15,6),(19,24,7,8),(19,24,14,13),(19,25,1,1),(19,25,10,13),(19,25,12,4),(19,25,14,7),(19,27,10,1),(19,29,16,12),(19,29,26,0),(19,29,27,2),(20,0,7,2),(20,0,9,7),(20,0,11,10),(20,0,13,10),(20,0,16,4),(20,0,17,2),(20,0,20,1),(20,0,23,12),(20,1,6,2),(20,1,15,3),(20,2,14,1),(20,3,12,4),(20,3,15,8),(20,4,14,10),(20,5,9,2),(20,6,9,0),(20,6,24,1),(20,7,9,4),(20,7,11,0),(20,7,19,8),(20,8,1,10),(20,8,2,8),(20,8,9,7),(20,8,12,10),(20,8,17,11),(20,8,19,0),(20,8,20,10),(20,8,24,4),(20,8,26,7),(20,9,2,4),(20,10,15,7),(20,10,17,0),(20,11,26,6),(20,13,12,10),(20,13,16,5),(20,13,18,13),(20,14,7,9),(20,14,15,6),(20,14,16,11),(20,14,18,0),(20,15,12,12),(20,15,26,3),(20,16,11,9),(20,16,12,6),(20,17,9,6),(20,17,22,8),(20,18,7,10),(20,18,18,0),(20,18,22,1),(20,18,25,13),(20,19,18,6),(20,19,22,1),(20,19,23,5),(20,19,25,7),(20,20,7,3),(20,20,18,4),(20,20,19,2),(20,20,23,9),(20,21,17,10),(20,22,12,10),(20,23,9,2),(20,23,17,4),(20,23,21,5),(20,24,2,7),(20,24,6,3),(20,24,22,11),(20,24,26,2),(20,25,1,4),(20,25,2,0),(20,25,8,2),(20,25,20,5),(20,25,22,4),(20,25,24,3),(20,25,26,11),(20,26,6,5),(20,26,7,13),(20,26,12,6),(20,26,24,2),(20,27,3,6),(20,27,4,8),(20,27,22,3),(20,27,25,12),(20,28,7,0),(20,28,10,1),(20,28,23,7),(20,29,4,1),(20,29,10,12),(20,29,22,6),(20,29,24,4),(20,29,25,13),(20,29,26,9),(20,30,0,8),(20,30,21,7),(20,30,23,0),(20,30,26,13),(20,31,9,13),(20,31,19,5),(20,33,0,3),(20,33,6,3),(20,33,19,11),(20,34,10,5),(20,34,13,8),(20,35,17,11),(20,35,18,3),(20,36,12,11),(20,37,0,0),(20,37,18,0),(20,38,7,13),(20,39,0,13),(20,39,24,2),(20,40,12,6),(20,40,25,4),(20,41,6,6),(20,42,22,3),(20,43,0,2),(20,44,1,3),(20,44,8,12),(20,44,10,7),(20,44,20,4),(20,44,21,12),(20,44,25,4),(20,44,26,3),(20,45,2,7),(20,45,18,11),(20,45,19,4),(20,45,20,11),(20,45,21,4),(20,46,16,7),(20,46,21,8),(20,47,10,3),(20,47,14,5),(20,47,20,6),(20,47,26,0),(20,48,2,4),(20,48,10,9),(20,48,11,6),(20,49,3,10),(20,49,18,8),(20,49,25,4),(20,50,5,7),(20,50,10,1),(20,50,12,0),(20,51,0,6),(20,51,19,7),(20,52,0,10),(20,52,16,7),(20,52,22,0),(20,52,25,0),(20,53,15,8),(20,53,20,2),(20,53,26,6),(20,54,3,3),(20,54,16,4),(20,54,18,3),(21,0,0,3),(21,0,12,1),(21,1,2,1),(21,1,11,3),(21,2,2,5),(21,2,7,2),(21,4,6,7),(21,4,11,10),(21,5,7,10),(21,5,9,9),(21,6,3,13),(21,6,4,11),(21,6,6,9),(21,7,3,12),(21,7,14,10),(21,10,14,9),(21,13,2,11),(21,13,12,12),(21,14,2,5),(21,15,5,11),(21,15,6,9),(21,15,11,6),(21,17,0,9),(21,18,0,6),(21,18,2,13),(21,19,1,12),(21,21,10,11),(21,21,12,5),(21,23,0,13),(21,24,7,11),(21,26,6,12),(21,26,12,11),(21,28,6,11),(21,28,14,9),(21,30,13,6),(21,31,0,3),(21,32,1,10),(21,32,12,9),(21,33,0,3),(21,33,1,7),(21,35,5,7),(21,35,9,1),(21,36,6,7),(21,36,10,5),(21,36,11,3),(21,37,0,7),(21,37,3,7),(21,37,10,1),(27,0,17,3),(27,0,18,0),(27,1,14,5),(27,3,16,11),(27,5,4,10),(27,7,3,11),(27,7,5,13),(27,8,4,8),(27,8,9,11),(27,8,14,12),(27,9,0,12),(27,9,6,5),(27,9,13,6),(27,10,1,7),(27,10,5,12),(27,10,7,9),(27,10,9,8),(27,10,11,12),(27,10,13,9),(27,10,15,4),(27,11,6,9),(27,11,7,3),(27,12,7,10),(27,13,2,6),(27,13,6,10),(27,13,7,2),(27,13,10,6),(27,14,6,5),(27,14,7,4),(27,14,11,4),(27,14,12,8),(27,14,18,12),(27,14,19,13),(27,14,20,4),(27,15,3,9),(27,15,6,4),(27,15,8,5),(27,15,12,9),(27,15,18,1),(27,16,2,12),(27,16,9,0),(27,17,3,4),(27,17,17,6),(27,18,0,0),(27,20,3,5),(27,20,11,6),(27,20,15,1),(27,20,16,7),(27,20,18,6),(27,21,1,10),(27,21,3,4),(27,21,16,0),(27,21,18,6),(27,22,0,8),(27,22,3,10),(27,22,13,12),(27,22,20,13),(27,23,1,9),(27,23,8,5),(27,24,1,1),(27,24,2,10),(27,25,11,3),(27,25,21,1),(27,26,12,7),(27,27,10,10),(27,27,14,10),(27,29,10,6),(27,29,12,0),(27,29,13,1),(27,30,6,0),(27,30,7,8),(27,31,6,1),(27,31,8,6),(27,31,14,2),(27,32,5,4),(27,32,6,6),(27,32,7,5),(27,35,5,8),(27,35,6,13),(27,35,7,12),(27,36,9,8),(27,36,12,2),(27,38,10,6),(27,38,17,5),(27,39,8,1),(27,39,11,6),(27,39,13,1),(27,40,4,12),(27,40,5,0),(39,0,4,5),(39,0,10,8),(39,0,22,11),(39,1,11,5),(39,1,12,13),(39,1,15,6),(39,1,22,5),(39,3,2,4),(39,3,3,5),(39,3,5,9),(39,3,6,8),(39,4,4,4),(39,4,13,8),(39,5,2,7),(39,6,4,9),(39,7,0,3),(39,9,7,1),(39,10,1,8),(39,10,4,11),(39,11,0,12),(39,11,14,4),(39,11,15,7),(39,12,0,1),(39,12,1,8),(39,12,5,11),(39,12,8,2),(39,12,11,5),(39,12,16,4),(39,13,0,5),(39,13,1,1),(39,13,4,11),(39,13,7,3),(39,13,8,0),(39,14,2,8),(39,14,7,2),(39,14,22,10),(39,15,3,1),(39,15,10,2),(39,15,11,7),(39,16,0,11),(39,16,2,1),(39,16,5,9),(39,16,9,6),(39,16,11,7),(39,16,15,4),(39,17,6,10),(39,17,9,10),(39,17,10,12),(39,17,12,7),(39,17,13,6),(39,17,14,9),(39,17,16,4),(39,17,22,6),(39,18,0,6),(39,18,9,5),(39,18,14,11),(39,18,16,2),(39,19,0,10),(39,19,10,3),(39,20,5,1),(39,20,6,4),(39,20,9,0),(39,20,10,1),(39,20,17,7),(39,20,19,3),(39,21,10,0),(39,23,3,11),(39,23,4,12),(39,23,10,12),(39,23,13,10),(39,24,14,13),(39,24,22,5),(39,25,7,12),(39,25,17,1),(39,25,19,0),(39,25,22,7),(39,26,7,11),(39,26,18,5),(39,27,7,10),(39,27,12,13),(39,27,19,7),(39,27,22,4),(39,28,4,3),(39,28,8,3),(39,28,9,2),(39,29,0,0),(39,29,20,1),(39,29,21,1),(39,30,0,10),(39,30,10,5),(39,31,4,5),(39,31,21,11),(39,32,1,4),(39,32,6,1),(39,32,9,1),(39,32,10,6),(39,33,6,0),(39,33,7,3),(39,33,9,5),(39,33,10,10),(39,34,9,10),(39,34,10,1),(39,35,7,6),(39,35,10,9),(39,35,15,7),(40,0,14,5),(40,0,17,6),(40,0,18,1),(40,0,21,10),(40,0,23,12),(40,0,27,8),(40,1,16,7),(40,1,18,2),(40,2,1,13),(40,2,18,6),(40,2,22,11),(40,3,14,13),(40,3,15,1),(40,3,16,10),(40,3,18,2),(40,3,22,5),(40,4,0,11),(40,4,20,11),(40,4,25,3),(40,5,16,9),(40,5,22,5),(40,5,23,2),(40,5,26,7),(40,5,27,1),(40,6,10,4),(40,6,13,2),(40,6,21,6),(40,6,22,1),(40,6,24,8),(40,7,0,3),(40,7,3,0),(40,8,6,8),(40,8,22,5),(40,9,0,7),(40,9,1,11),(40,9,5,2),(40,10,15,2),(40,11,10,13),(40,11,13,12),(40,11,25,13),(40,11,28,11),(40,12,12,0),(40,12,26,11),(40,13,12,2),(40,13,26,9),(40,14,6,7),(40,14,7,3),(40,14,12,11),(40,14,13,9),(40,15,4,4),(40,15,14,12),(40,15,17,10),(40,15,18,5),(40,16,1,13),(40,16,6,8),(40,16,10,1),(40,16,14,6),(40,16,16,2),(40,17,0,0),(40,17,6,7),(40,17,9,4),(40,17,11,5),(40,17,13,7),(40,17,16,13),(40,17,17,13),(40,17,22,2),(40,18,3,11),(40,18,5,11),(40,18,22,11),(40,18,25,5),(40,19,0,6),(40,19,9,9),(40,19,10,9),(40,19,27,7),(40,20,9,10),(40,20,12,9),(40,20,14,11),(40,20,15,12),(40,20,28,12),(40,21,2,2),(40,21,7,9),(40,21,10,3),(40,22,0,9),(40,22,2,3),(40,22,4,8),(40,22,17,1),(40,22,18,3),(40,22,24,13),(40,22,25,9),(40,22,26,3),(40,22,27,7),(40,23,0,10),(40,23,11,10),(40,23,16,3),(40,23,21,1),(40,24,18,13),(40,24,19,12),(40,25,0,5),(40,25,19,12),(40,25,24,11),(40,25,26,1),(40,26,26,13),(40,26,27,12),(40,26,28,11),(40,27,2,0),(40,27,8,5),(40,27,9,0),(40,27,14,8),(40,27,26,0),(40,28,0,2),(40,28,10,7),(40,28,11,4),(40,28,15,8),(40,28,18,3),(40,28,24,10),(40,28,28,7),(40,29,18,7),(40,29,24,8),(40,29,27,0),(40,30,0,7),(40,30,6,3),(40,30,18,13),(40,30,27,13),(40,30,28,0),(40,31,0,0),(40,31,9,2),(40,31,24,4),(40,31,28,13),(40,32,0,11),(40,32,5,11),(40,32,17,6),(40,32,23,2),(40,32,24,7),(40,33,0,12),(40,33,22,4),(40,33,23,8),(40,33,25,0),(40,34,1,8),(40,34,2,0),(40,34,5,11),(40,34,21,0),(40,34,28,6),(40,35,20,0),(40,36,0,0),(40,36,4,11),(40,36,6,7),(40,36,9,2),(40,36,10,4),(40,36,16,4),(40,36,20,9),(40,36,28,1),(40,37,3,12),(40,37,6,9),(40,37,7,5),(40,37,20,0),(40,37,28,0),(40,38,0,9),(40,38,2,3),(40,38,4,10),(40,38,6,10),(40,38,8,12),(40,38,28,4),(40,39,4,9),(40,39,11,4),(40,39,20,9),(40,40,3,11),(40,40,6,10),(40,40,9,1),(40,40,23,3),(40,40,24,10),(40,40,25,2),(40,40,27,3),(40,41,0,0),(40,41,5,7),(40,41,7,5),(40,41,10,2),(40,41,12,6),(40,41,19,9),(40,41,22,9),(40,41,27,3),(40,42,22,7),(40,42,23,12),(40,42,28,6),(40,43,10,7),(40,43,13,0),(40,43,21,11),(40,43,22,1),(40,43,26,9),(40,43,27,6);
/*!40000 ALTER TABLE `folliages` ENABLE KEYS */;
UNLOCK TABLES;

--
-- Table structure for table `fow_galaxy_entries`
--

DROP TABLE IF EXISTS `fow_galaxy_entries`;
/*!40101 SET @saved_cs_client     = @@character_set_client */;
/*!40101 SET character_set_client = utf8 */;
CREATE TABLE `fow_galaxy_entries` (
  `id` int(11) NOT NULL auto_increment,
  `galaxy_id` int(11) NOT NULL,
  `player_id` int(11) default NULL,
  `alliance_id` int(11) default NULL,
  `x` int(11) NOT NULL,
  `y` int(11) NOT NULL,
  `x_end` int(11) NOT NULL,
  `y_end` int(11) NOT NULL,
  `counter` tinyint(2) unsigned NOT NULL default '1',
  PRIMARY KEY  (`id`),
  UNIQUE KEY `player_visiblity` (`player_id`,`x`,`y`,`x_end`,`y_end`),
  UNIQUE KEY `alliance_visiblity` (`alliance_id`,`x`,`y`,`x_end`,`y_end`),
  KEY `lookup_players_by_coords` (`galaxy_id`,`x`,`x_end`,`y`,`y_end`),
  KEY `for_cleanup` (`counter`),
  CONSTRAINT `fow_galaxy_entries_ibfk_1` FOREIGN KEY (`galaxy_id`) REFERENCES `galaxies` (`id`) ON DELETE CASCADE
) ENGINE=InnoDB AUTO_INCREMENT=2 DEFAULT CHARSET=utf8;
/*!40101 SET character_set_client = @saved_cs_client */;

--
-- Dumping data for table `fow_galaxy_entries`
--

LOCK TABLES `fow_galaxy_entries` WRITE;
/*!40000 ALTER TABLE `fow_galaxy_entries` DISABLE KEYS */;
INSERT INTO `fow_galaxy_entries` VALUES (1,1,1,NULL,-3,-3,3,3,1);
/*!40000 ALTER TABLE `fow_galaxy_entries` ENABLE KEYS */;
UNLOCK TABLES;

--
-- Table structure for table `fow_ss_entries`
--

DROP TABLE IF EXISTS `fow_ss_entries`;
/*!40101 SET @saved_cs_client     = @@character_set_client */;
/*!40101 SET character_set_client = utf8 */;
CREATE TABLE `fow_ss_entries` (
  `id` int(11) NOT NULL auto_increment,
  `solar_system_id` int(11) NOT NULL,
  `player_id` int(11) default NULL,
  `counter` int(11) NOT NULL default '0',
  `player_planets` tinyint(1) default NULL,
  `player_ships` tinyint(1) default NULL,
  `enemy_planets` tinyint(1) NOT NULL default '0',
  `enemy_ships` tinyint(1) NOT NULL default '0',
  `alliance_id` int(11) default NULL,
  `alliance_planet_player_ids` text,
  `alliance_ship_player_ids` text,
  `nap_planets` tinyint(1) default NULL,
  `nap_ships` tinyint(1) default NULL,
  PRIMARY KEY  (`id`),
  UNIQUE KEY `create_for_player` (`solar_system_id`,`player_id`),
  UNIQUE KEY `create_for_alliance` (`solar_system_id`,`alliance_id`),
  KEY `select_by_player` (`player_id`),
  KEY `select_by_alliance` (`alliance_id`),
  KEY `for_cleanup` (`counter`),
  CONSTRAINT `fow_ss_entries_ibfk_1` FOREIGN KEY (`solar_system_id`) REFERENCES `solar_systems` (`id`) ON DELETE CASCADE,
  CONSTRAINT `fow_ss_entries_ibfk_2` FOREIGN KEY (`player_id`) REFERENCES `players` (`id`) ON DELETE CASCADE,
  CONSTRAINT `fow_ss_entries_ibfk_3` FOREIGN KEY (`alliance_id`) REFERENCES `alliances` (`id`) ON DELETE CASCADE
) ENGINE=InnoDB AUTO_INCREMENT=5 DEFAULT CHARSET=utf8;
/*!40101 SET character_set_client = @saved_cs_client */;

--
-- Dumping data for table `fow_ss_entries`
--

LOCK TABLES `fow_ss_entries` WRITE;
/*!40000 ALTER TABLE `fow_ss_entries` DISABLE KEYS */;
INSERT INTO `fow_ss_entries` VALUES (1,3,1,2,1,0,0,0,NULL,NULL,NULL,NULL,NULL),(2,2,1,1,0,0,0,0,NULL,NULL,NULL,NULL,NULL),(3,4,1,1,0,0,0,0,NULL,NULL,NULL,NULL,NULL),(4,1,1,1,0,0,0,0,NULL,NULL,NULL,NULL,NULL);
/*!40000 ALTER TABLE `fow_ss_entries` ENABLE KEYS */;
UNLOCK TABLES;

--
-- Table structure for table `galaxies`
--

DROP TABLE IF EXISTS `galaxies`;
/*!40101 SET @saved_cs_client     = @@character_set_client */;
/*!40101 SET character_set_client = utf8 */;
CREATE TABLE `galaxies` (
  `id` int(11) NOT NULL auto_increment,
  `created_at` datetime NOT NULL,
  `ruleset` varchar(30) NOT NULL default 'default',
  PRIMARY KEY  (`id`)
) ENGINE=InnoDB AUTO_INCREMENT=2 DEFAULT CHARSET=utf8;
/*!40101 SET character_set_client = @saved_cs_client */;

--
-- Dumping data for table `galaxies`
--

LOCK TABLES `galaxies` WRITE;
/*!40000 ALTER TABLE `galaxies` DISABLE KEYS */;
INSERT INTO `galaxies` VALUES (1,'2010-10-01 09:57:29','dev');
/*!40000 ALTER TABLE `galaxies` ENABLE KEYS */;
UNLOCK TABLES;

--
-- Table structure for table `naps`
--

DROP TABLE IF EXISTS `naps`;
/*!40101 SET @saved_cs_client     = @@character_set_client */;
/*!40101 SET character_set_client = utf8 */;
CREATE TABLE `naps` (
  `id` int(11) NOT NULL auto_increment,
  `initiator_id` int(11) NOT NULL,
  `acceptor_id` int(11) NOT NULL,
  `status` tinyint(2) unsigned NOT NULL default '0',
  `created_at` datetime NOT NULL,
  `expires_at` datetime default NULL,
  PRIMARY KEY  (`id`),
  UNIQUE KEY `enforce_one_nap_per_pair` (`initiator_id`,`acceptor_id`),
  KEY `lookup_naps_for_alliance_1st` (`initiator_id`,`status`),
  KEY `lookup_naps_for_alliance_2nd` (`acceptor_id`,`status`),
  CONSTRAINT `naps_ibfk_2` FOREIGN KEY (`acceptor_id`) REFERENCES `alliances` (`id`) ON DELETE CASCADE,
  CONSTRAINT `naps_ibfk_1` FOREIGN KEY (`initiator_id`) REFERENCES `alliances` (`id`) ON DELETE CASCADE
) ENGINE=InnoDB DEFAULT CHARSET=utf8;
/*!40101 SET character_set_client = @saved_cs_client */;

--
-- Dumping data for table `naps`
--

LOCK TABLES `naps` WRITE;
/*!40000 ALTER TABLE `naps` DISABLE KEYS */;
/*!40000 ALTER TABLE `naps` ENABLE KEYS */;
UNLOCK TABLES;

--
-- Table structure for table `notifications`
--

DROP TABLE IF EXISTS `notifications`;
/*!40101 SET @saved_cs_client     = @@character_set_client */;
/*!40101 SET character_set_client = utf8 */;
CREATE TABLE `notifications` (
  `id` int(11) NOT NULL auto_increment,
  `player_id` int(11) NOT NULL,
  `created_at` datetime NOT NULL,
  `expires_at` datetime NOT NULL,
  `event` tinyint(2) unsigned NOT NULL,
  `params` text,
  `starred` tinyint(1) NOT NULL default '0',
  `read` tinyint(1) NOT NULL default '0',
  PRIMARY KEY  (`id`),
  KEY `player` (`player_id`),
  KEY `order` (`read`,`created_at`),
  KEY `index_notifications_on_expires_at` (`expires_at`),
  KEY `foreign_key` (`player_id`),
  CONSTRAINT `notifications_ibfk_1` FOREIGN KEY (`player_id`) REFERENCES `players` (`id`) ON DELETE CASCADE
) ENGINE=InnoDB AUTO_INCREMENT=9 DEFAULT CHARSET=utf8;
/*!40101 SET character_set_client = @saved_cs_client */;

--
-- Dumping data for table `notifications`
--

LOCK TABLES `notifications` WRITE;
/*!40000 ALTER TABLE `notifications` DISABLE KEYS */;
INSERT INTO `notifications` VALUES (1,1,'2010-10-01 09:57:35','2010-10-15 09:57:35',3,'--- \n:id: 1\n',0,1),(2,1,'2010-10-01 09:57:36','2010-10-15 09:57:36',3,'--- \n:id: 2\n',0,1),(3,1,'2010-10-01 10:04:19','2010-10-15 10:04:19',3,'--- \n:id: 3\n',0,1),(4,1,'2010-10-01 10:04:19','2010-10-15 10:04:19',4,'--- \n:id: 2\n',0,1),(5,1,'2010-10-01 10:05:15','2010-10-15 10:05:15',3,'--- \n:id: 4\n',0,1),(6,1,'2010-10-01 10:05:15','2010-10-15 10:05:15',4,'--- \n:id: 3\n',0,1),(7,1,'2010-10-01 10:10:45','2010-10-15 10:10:45',2,'--- \n:alliances: \n  -2: \n    :players: \n    - :name: \n      :id: \n    :classification: 1\n    :name: \n  -1: \n    :players: \n    - :name: Test Player\n      :id: 1\n    :classification: 0\n    :name: \n:alliance_id: -1\n:log_id: af4504366783cf8554e2554085b8391ec52c3d26\n:outcome: 1\n:leveled_up: []\n\n:statistics: \n  :points_earned: 9096\n  :xp_earned: 0\n  :damage_dealt_player: 869\n  :damage_dealt_alliance: 869\n  :damage_taken_player: 1000\n  :damage_taken_alliance: 1000\n:location: !ruby/object:ClientLocation \n  id: 19\n  name: G1-S3-P19\n  solar_system_id: 3\n  type: 2\n  variation: 0\n  x: 1\n  y: 90\n:units: \n  :enemy: \n    :alive: \n      Unit::Glancer: 4\n      Unit::Gnat: 5\n    :dead: \n      Unit::Gnat: 3\n  :alliance: \n    :alive: {}\n\n    :dead: {}\n\n  :yours: \n    :alive: {}\n\n    :dead: \n      Unit::Trooper: 10\n  :nap: \n    :alive: {}\n\n    :dead: {}\n\n',0,1),(8,1,'2010-10-01 10:14:46','2010-10-15 10:14:46',2,'--- \n:alliances: \n  -2: \n    :players: \n    - :name: \n      :id: \n    :classification: 1\n    :name: \n  -1: \n    :players: \n    - :name: Test Player\n      :id: 1\n    :classification: 0\n    :name: \n:alliance_id: -1\n:log_id: 963d223a7087548dc75ca20205e0e854a43d7eef\n:outcome: 0\n:leveled_up: \n- :type: Unit::Trooper\n  :level: 2\n  :stance: 0\n  :hp: 16\n- :type: Unit::Trooper\n  :level: 2\n  :stance: 0\n  :hp: 32\n- :type: Unit::Trooper\n  :level: 2\n  :stance: 0\n  :hp: 40\n- :type: Unit::Trooper\n  :level: 2\n  :stance: 0\n  :hp: 40\n- :type: Unit::Trooper\n  :level: 2\n  :stance: 0\n  :hp: 32\n:statistics: \n  :points_earned: 9779\n  :xp_earned: 3342\n  :damage_dealt_player: 731\n  :damage_dealt_alliance: 731\n  :damage_taken_player: 488\n  :damage_taken_alliance: 488\n:location: !ruby/object:ClientLocation \n  id: 19\n  name: G1-S3-P19\n  solar_system_id: 3\n  type: 2\n  variation: 0\n  x: 1\n  y: 90\n:units: \n  :enemy: \n    :alive: {}\n\n    :dead: \n      Unit::Glancer: 4\n      Unit::Gnat: 5\n  :alliance: \n    :alive: {}\n\n    :dead: {}\n\n  :yours: \n    :alive: \n      Unit::Trooper: 11\n    :dead: \n      Unit::Trooper: 1\n  :nap: \n    :alive: {}\n\n    :dead: {}\n\n',0,1);
/*!40000 ALTER TABLE `notifications` ENABLE KEYS */;
UNLOCK TABLES;

--
-- Table structure for table `objective_progresses`
--

DROP TABLE IF EXISTS `objective_progresses`;
/*!40101 SET @saved_cs_client     = @@character_set_client */;
/*!40101 SET character_set_client = utf8 */;
CREATE TABLE `objective_progresses` (
  `id` int(11) NOT NULL auto_increment,
  `objective_id` int(11) default NULL,
  `player_id` int(11) default NULL,
  `completed` tinyint(2) unsigned NOT NULL default '0',
  PRIMARY KEY  (`id`),
  KEY `objective_fk` (`objective_id`),
  KEY `player_fk` (`player_id`),
  CONSTRAINT `objective_progresses_ibfk_2` FOREIGN KEY (`player_id`) REFERENCES `players` (`id`) ON DELETE CASCADE,
  CONSTRAINT `objective_progresses_ibfk_1` FOREIGN KEY (`objective_id`) REFERENCES `objectives` (`id`) ON DELETE CASCADE
) ENGINE=InnoDB AUTO_INCREMENT=6 DEFAULT CHARSET=utf8;
/*!40101 SET character_set_client = @saved_cs_client */;

--
-- Dumping data for table `objective_progresses`
--

LOCK TABLES `objective_progresses` WRITE;
/*!40000 ALTER TABLE `objective_progresses` DISABLE KEYS */;
INSERT INTO `objective_progresses` VALUES (1,1,1,0),(2,2,1,0),(5,5,1,0);
/*!40000 ALTER TABLE `objective_progresses` ENABLE KEYS */;
UNLOCK TABLES;

--
-- Table structure for table `objectives`
--

DROP TABLE IF EXISTS `objectives`;
/*!40101 SET @saved_cs_client     = @@character_set_client */;
/*!40101 SET character_set_client = utf8 */;
CREATE TABLE `objectives` (
  `id` int(11) NOT NULL auto_increment,
  `quest_id` int(11) NOT NULL,
  `type` varchar(255) NOT NULL,
  `key` varchar(255) default NULL,
  `count` tinyint(2) unsigned default NULL,
  `level` tinyint(2) unsigned default NULL,
  `alliance` tinyint(1) NOT NULL default '0',
  PRIMARY KEY  (`id`),
  KEY `quest_objectives` (`quest_id`),
  KEY `on_progress` (`type`,`key`),
  CONSTRAINT `objectives_ibfk_1` FOREIGN KEY (`quest_id`) REFERENCES `quests` (`id`) ON DELETE CASCADE
) ENGINE=InnoDB AUTO_INCREMENT=11 DEFAULT CHARSET=utf8;
/*!40101 SET character_set_client = @saved_cs_client */;

--
-- Dumping data for table `objectives`
--

LOCK TABLES `objectives` WRITE;
/*!40000 ALTER TABLE `objectives` DISABLE KEYS */;
INSERT INTO `objectives` VALUES (1,1,'HaveUpgradedTo','Building::MetalExtractor',1,1,0),(2,1,'HaveUpgradedTo','Building::SolarPlant',2,1,0),(3,2,'HaveUpgradedTo','Building::Barracks',1,1,0),(4,3,'UpgradeTo','Unit::Trooper',3,1,0),(5,4,'UpgradeTo','Unit::Shocker',2,1,0),(6,5,'Destroy','Unit::Gnat',10,1,0),(7,5,'Destroy','Unit::Glancer',5,1,0),(8,6,'HaveUpgradedTo','Unit::Trooper',10,1,0),(9,6,'HaveUpgradedTo','Unit::Shocker',5,1,0),(10,6,'HaveUpgradedTo','Unit::Seeker',5,1,0);
/*!40000 ALTER TABLE `objectives` ENABLE KEYS */;
UNLOCK TABLES;

--
-- Table structure for table `planets`
--

DROP TABLE IF EXISTS `planets`;
/*!40101 SET @saved_cs_client     = @@character_set_client */;
/*!40101 SET character_set_client = utf8 */;
CREATE TABLE `planets` (
  `id` int(11) NOT NULL auto_increment,
  `solar_system_id` int(11) NOT NULL,
  `width` int(11) default NULL,
  `height` int(11) default NULL,
  `position` int(11) NOT NULL default '0',
  `angle` int(11) NOT NULL default '0',
  `variation` int(11) NOT NULL default '0',
  `type` varchar(255) NOT NULL,
  `player_id` int(11) default NULL,
  `name` varchar(255) NOT NULL default '',
  `size` int(11) NOT NULL default '0',
  `metal_rate` int(10) unsigned default NULL,
  `energy_rate` int(10) unsigned default NULL,
  `zetium_rate` int(10) unsigned default NULL,
  PRIMARY KEY  (`id`),
  UNIQUE KEY `uniqueness` (`solar_system_id`,`position`),
  KEY `index_planets_on_galaxy_id_and_solar_system_id` (`solar_system_id`),
  KEY `index_planets_on_player_id_and_galaxy_id` (`player_id`),
  KEY `group_by_for_fowssentry_status_updates` (`player_id`,`solar_system_id`),
  CONSTRAINT `planets_ibfk_2` FOREIGN KEY (`player_id`) REFERENCES `players` (`id`) ON DELETE SET NULL,
  CONSTRAINT `planets_ibfk_1` FOREIGN KEY (`solar_system_id`) REFERENCES `solar_systems` (`id`) ON DELETE CASCADE
) ENGINE=InnoDB AUTO_INCREMENT=41 DEFAULT CHARSET=utf8;
/*!40101 SET character_set_client = @saved_cs_client */;

--
-- Dumping data for table `planets`
--

LOCK TABLES `planets` WRITE;
/*!40000 ALTER TABLE `planets` DISABLE KEYS */;
INSERT INTO `planets` VALUES (1,1,NULL,NULL,0,90,4,'Mining',NULL,'G1-S1-P1',60,188,120,361),(2,1,NULL,NULL,1,315,6,'Mining',NULL,'G1-S1-P2',25,193,229,188),(3,1,52,29,2,210,0,'Regular',NULL,'G1-S1-P3',64,NULL,NULL,NULL),(4,1,49,23,3,202,0,'Regular',NULL,'G1-S1-P4',57,NULL,NULL,NULL),(5,1,NULL,NULL,4,234,0,'Npc',NULL,'G1-S1-P5',34,NULL,NULL,NULL),(6,1,53,19,5,165,6,'Regular',NULL,'G1-S1-P6',57,NULL,NULL,NULL),(7,1,NULL,NULL,6,36,3,'Mining',NULL,'G1-S1-P7',31,337,330,289),(8,1,NULL,NULL,7,167,2,'Jumpgate',NULL,'G1-S1-P8',50,NULL,NULL,NULL),(9,1,42,27,9,117,4,'Regular',NULL,'G1-S1-P9',55,NULL,NULL,NULL),(10,1,NULL,NULL,10,16,2,'Jumpgate',NULL,'G1-S1-P10',48,NULL,NULL,NULL),(11,2,NULL,NULL,0,90,3,'Mining',NULL,'G1-S2-P11',48,282,210,284),(12,2,NULL,NULL,1,225,0,'Npc',NULL,'G1-S2-P12',34,NULL,NULL,NULL),(13,2,NULL,NULL,2,120,2,'Mining',NULL,'G1-S2-P13',55,270,154,182),(14,2,NULL,NULL,3,180,2,'Jumpgate',NULL,'G1-S2-P14',53,NULL,NULL,NULL),(15,2,NULL,NULL,4,162,2,'Jumpgate',NULL,'G1-S2-P15',59,NULL,NULL,NULL),(16,2,47,32,6,270,6,'Regular',NULL,'G1-S2-P16',63,NULL,NULL,NULL),(17,2,58,17,7,180,5,'Regular',NULL,'G1-S2-P17',60,NULL,NULL,NULL),(18,3,NULL,NULL,0,180,0,'Mining',NULL,'G1-S3-P18',31,242,210,181),(19,3,30,30,1,90,0,'Homeworld',1,'G1-S3-P19',57,NULL,NULL,NULL),(20,3,55,27,2,330,5,'Regular',NULL,'G1-S3-P20',65,NULL,NULL,NULL),(21,3,40,15,3,314,5,'Regular',NULL,'G1-S3-P21',44,NULL,NULL,NULL),(22,3,NULL,NULL,4,306,0,'Npc',NULL,'G1-S3-P22',25,NULL,NULL,NULL),(23,3,NULL,NULL,5,225,2,'Mining',NULL,'G1-S3-P23',29,367,184,196),(24,3,NULL,NULL,6,192,2,'Jumpgate',NULL,'G1-S3-P24',39,NULL,NULL,NULL),(25,4,NULL,NULL,1,90,6,'Resource',NULL,'G1-S4-P25',34,380,337,192),(26,4,NULL,NULL,2,60,0,'Jumpgate',NULL,'G1-S4-P26',29,NULL,NULL,NULL),(27,4,41,22,3,22,2,'Regular',NULL,'G1-S4-P27',50,NULL,NULL,NULL),(28,4,NULL,NULL,4,0,0,'Jumpgate',NULL,'G1-S4-P28',53,NULL,NULL,NULL),(29,4,NULL,NULL,5,0,1,'Jumpgate',NULL,'G1-S4-P29',25,NULL,NULL,NULL),(30,4,NULL,NULL,6,240,3,'Mining',NULL,'G1-S4-P30',41,282,136,333),(31,4,NULL,NULL,7,191,2,'Mining',NULL,'G1-S4-P31',30,164,380,177),(32,4,NULL,NULL,8,70,0,'Mining',NULL,'G1-S4-P32',45,277,124,132),(33,4,NULL,NULL,10,170,5,'Mining',NULL,'G1-S4-P33',52,218,395,190),(34,4,NULL,NULL,11,291,2,'Resource',NULL,'G1-S4-P34',46,351,243,176),(35,4,NULL,NULL,12,30,1,'Mining',NULL,'G1-S4-P35',48,178,370,349),(36,4,NULL,NULL,13,114,1,'Jumpgate',NULL,'G1-S4-P36',28,NULL,NULL,NULL),(37,4,NULL,NULL,14,234,0,'Npc',NULL,'G1-S4-P37',48,NULL,NULL,NULL),(38,4,NULL,NULL,15,15,6,'Resource',NULL,'G1-S4-P38',49,327,225,101),(39,4,36,23,16,55,2,'Regular',NULL,'G1-S4-P39',47,NULL,NULL,NULL),(40,4,44,29,17,5,6,'Regular',NULL,'G1-S4-P40',58,NULL,NULL,NULL);
/*!40000 ALTER TABLE `planets` ENABLE KEYS */;
UNLOCK TABLES;

--
-- Table structure for table `players`
--

DROP TABLE IF EXISTS `players`;
/*!40101 SET @saved_cs_client     = @@character_set_client */;
/*!40101 SET character_set_client = utf8 */;
CREATE TABLE `players` (
  `id` int(11) NOT NULL auto_increment,
  `galaxy_id` int(11) default NULL,
  `auth_token` char(64) NOT NULL,
  `name` varchar(64) NOT NULL,
  `scientists` int(10) unsigned NOT NULL default '0',
  `scientists_total` int(10) unsigned NOT NULL default '0',
  `alliance_id` int(11) default NULL,
  `xp` int(10) unsigned NOT NULL default '0',
  `points` int(10) unsigned NOT NULL default '0',
  PRIMARY KEY  (`id`),
  UNIQUE KEY `authentication` (`galaxy_id`,`auth_token`),
  KEY `index_players_on_alliance_id` (`alliance_id`),
  CONSTRAINT `players_ibfk_1` FOREIGN KEY (`galaxy_id`) REFERENCES `galaxies` (`id`) ON DELETE CASCADE,
  CONSTRAINT `players_ibfk_2` FOREIGN KEY (`alliance_id`) REFERENCES `alliances` (`id`) ON DELETE SET NULL
) ENGINE=InnoDB AUTO_INCREMENT=2 DEFAULT CHARSET=utf8;
/*!40101 SET character_set_client = @saved_cs_client */;

--
-- Dumping data for table `players`
--

LOCK TABLES `players` WRITE;
/*!40000 ALTER TABLE `players` DISABLE KEYS */;
INSERT INTO `players` VALUES (1,1,'0000000000000000000000000000000000000000000000000000000000000000','Test Player',50,50,NULL,0,0);
/*!40000 ALTER TABLE `players` ENABLE KEYS */;
UNLOCK TABLES;

--
-- Table structure for table `quest_progresses`
--

DROP TABLE IF EXISTS `quest_progresses`;
/*!40101 SET @saved_cs_client     = @@character_set_client */;
/*!40101 SET character_set_client = utf8 */;
CREATE TABLE `quest_progresses` (
  `id` int(11) NOT NULL auto_increment,
  `quest_id` int(11) NOT NULL,
  `player_id` int(11) NOT NULL,
  `status` tinyint(2) unsigned NOT NULL,
  `completed` tinyint(2) unsigned NOT NULL default '0',
  PRIMARY KEY  (`id`),
  UNIQUE KEY `on_objective_complete` (`quest_id`,`player_id`),
  KEY `listing` (`player_id`,`status`),
  CONSTRAINT `quest_progresses_ibfk_2` FOREIGN KEY (`player_id`) REFERENCES `players` (`id`) ON DELETE CASCADE,
  CONSTRAINT `quest_progresses_ibfk_1` FOREIGN KEY (`quest_id`) REFERENCES `quests` (`id`) ON DELETE CASCADE
) ENGINE=InnoDB AUTO_INCREMENT=5 DEFAULT CHARSET=utf8;
/*!40101 SET character_set_client = @saved_cs_client */;

--
-- Dumping data for table `quest_progresses`
--

LOCK TABLES `quest_progresses` WRITE;
/*!40000 ALTER TABLE `quest_progresses` DISABLE KEYS */;
INSERT INTO `quest_progresses` VALUES (1,1,1,0,0),(2,2,1,1,1),(3,3,1,2,1),(4,4,1,0,0);
/*!40000 ALTER TABLE `quest_progresses` ENABLE KEYS */;
UNLOCK TABLES;

--
-- Table structure for table `quests`
--

DROP TABLE IF EXISTS `quests`;
/*!40101 SET @saved_cs_client     = @@character_set_client */;
/*!40101 SET character_set_client = utf8 */;
CREATE TABLE `quests` (
  `id` int(11) NOT NULL auto_increment,
  `parent_id` int(11) default NULL,
  `rewards` text NOT NULL,
  `help_url_id` varchar(255) default NULL,
  PRIMARY KEY  (`id`),
  KEY `child quests` (`parent_id`),
  CONSTRAINT `quests_ibfk_1` FOREIGN KEY (`parent_id`) REFERENCES `quests` (`id`) ON DELETE CASCADE
) ENGINE=InnoDB AUTO_INCREMENT=7 DEFAULT CHARSET=utf8;
/*!40101 SET character_set_client = @saved_cs_client */;

--
-- Dumping data for table `quests`
--

LOCK TABLES `quests` WRITE;
/*!40000 ALTER TABLE `quests` DISABLE KEYS */;
INSERT INTO `quests` VALUES (1,NULL,'{\"metal\":100,\"energy\":100,\"zetium\":100}','resources'),(2,NULL,'{\"units\":[{\"level\":1,\"count\":5,\"type\":\"Trooper\"}]}','army'),(3,2,'{\"metal\":300,\"energy\":500,\"zetium\":400}','units'),(4,3,'{\"units\":[{\"level\":3,\"count\":3,\"type\":\"Shocker\"},{\"level\":3,\"count\":3,\"type\":\"Seeker\"}],\"zetium\":100}','units'),(5,4,'{\"units\":[{\"level\":3,\"count\":1,\"type\":\"Scorpion\"}]}','combat'),(6,4,'{\"xp\":1000,\"zetium\":1000,\"points\":1000}',NULL);
/*!40000 ALTER TABLE `quests` ENABLE KEYS */;
UNLOCK TABLES;

--
-- Table structure for table `resources_entries`
--

DROP TABLE IF EXISTS `resources_entries`;
/*!40101 SET @saved_cs_client     = @@character_set_client */;
/*!40101 SET character_set_client = utf8 */;
CREATE TABLE `resources_entries` (
  `planet_id` int(11) NOT NULL auto_increment,
  `metal` float NOT NULL default '0',
  `metal_storage` float NOT NULL default '0',
  `energy` float NOT NULL default '0',
  `energy_storage` float NOT NULL default '0',
  `zetium` float NOT NULL default '0',
  `zetium_storage` float NOT NULL default '0',
  `metal_rate` float NOT NULL default '0',
  `energy_rate` float NOT NULL default '0',
  `zetium_rate` float NOT NULL default '0',
  `last_update` datetime default NULL,
  `energy_diminish_registered` tinyint(1) NOT NULL default '0',
  PRIMARY KEY  (`planet_id`),
  KEY `index_resources_entries_on_last_update` (`last_update`),
  CONSTRAINT `resources_entries_ibfk_1` FOREIGN KEY (`planet_id`) REFERENCES `planets` (`id`) ON DELETE CASCADE
) ENGINE=InnoDB AUTO_INCREMENT=41 DEFAULT CHARSET=utf8;
/*!40101 SET character_set_client = @saved_cs_client */;

--
-- Dumping data for table `resources_entries`
--

LOCK TABLES `resources_entries` WRITE;
/*!40000 ALTER TABLE `resources_entries` DISABLE KEYS */;
INSERT INTO `resources_entries` VALUES (1,0,0,0,0,0,0,0,0,0,NULL,0),(2,0,0,0,0,0,0,0,0,0,NULL,0),(3,0,0,0,0,0,0,0,0,0,NULL,0),(4,0,0,0,0,0,0,0,0,0,NULL,0),(5,0,0,0,0,0,0,0,0,0,NULL,0),(6,0,0,0,0,0,0,0,0,0,NULL,0),(7,0,0,0,0,0,0,0,0,0,NULL,0),(8,0,0,0,0,0,0,0,0,0,NULL,0),(9,0,0,0,0,0,0,0,0,0,NULL,0),(10,0,0,0,0,0,0,0,0,0,NULL,0),(11,0,0,0,0,0,0,0,0,0,NULL,0),(12,0,0,0,0,0,0,0,0,0,NULL,0),(13,0,0,0,0,0,0,0,0,0,NULL,0),(14,0,0,0,0,0,0,0,0,0,NULL,0),(15,0,0,0,0,0,0,0,0,0,NULL,0),(16,0,0,0,0,0,0,0,0,0,NULL,0),(17,0,0,0,0,0,0,0,0,0,NULL,0),(18,0,0,0,0,0,0,0,0,0,NULL,0),(19,2024,3024,5048,6048,504.8,604.8,50,50,25000,'2010-10-01 10:16:59',0),(20,0,0,0,0,0,0,0,0,0,NULL,0),(21,0,0,0,0,0,0,0,0,0,NULL,0),(22,0,0,0,0,0,0,0,0,0,NULL,0),(23,0,0,0,0,0,0,0,0,0,NULL,0),(24,0,0,0,0,0,0,0,0,0,NULL,0),(25,0,0,0,0,0,0,0,0,0,NULL,0),(26,0,0,0,0,0,0,0,0,0,NULL,0),(27,0,0,0,0,0,0,0,0,0,NULL,0),(28,0,0,0,0,0,0,0,0,0,NULL,0),(29,0,0,0,0,0,0,0,0,0,NULL,0),(30,0,0,0,0,0,0,0,0,0,NULL,0),(31,0,0,0,0,0,0,0,0,0,NULL,0),(32,0,0,0,0,0,0,0,0,0,NULL,0),(33,0,0,0,0,0,0,0,0,0,NULL,0),(34,0,0,0,0,0,0,0,0,0,NULL,0),(35,0,0,0,0,0,0,0,0,0,NULL,0),(36,0,0,0,0,0,0,0,0,0,NULL,0),(37,0,0,0,0,0,0,0,0,0,NULL,0),(38,0,0,0,0,0,0,0,0,0,NULL,0),(39,0,0,0,0,0,0,0,0,0,NULL,0),(40,0,0,0,0,0,0,0,0,0,NULL,0);
/*!40000 ALTER TABLE `resources_entries` ENABLE KEYS */;
UNLOCK TABLES;

--
-- Table structure for table `route_hops`
--

DROP TABLE IF EXISTS `route_hops`;
/*!40101 SET @saved_cs_client     = @@character_set_client */;
/*!40101 SET character_set_client = utf8 */;
CREATE TABLE `route_hops` (
  `id` int(11) NOT NULL auto_increment,
  `route_id` int(11) NOT NULL,
  `location_type` tinyint(2) unsigned NOT NULL,
  `location_id` int(10) unsigned NOT NULL,
  `location_x` int(11) default NULL,
  `location_y` int(11) default NULL,
  `arrives_at` datetime NOT NULL,
  `index` smallint(6) NOT NULL,
  `next` tinyint(1) NOT NULL default '0',
  `jumps_at` datetime default NULL,
  PRIMARY KEY  (`id`),
  UNIQUE KEY `next_hop` (`route_id`,`index`),
  KEY `route` (`route_id`,`location_type`,`location_id`),
  KEY `next` (`route_id`,`next`),
  CONSTRAINT `route_hops_ibfk_1` FOREIGN KEY (`route_id`) REFERENCES `routes` (`id`) ON DELETE CASCADE
) ENGINE=InnoDB DEFAULT CHARSET=utf8;
/*!40101 SET character_set_client = @saved_cs_client */;

--
-- Dumping data for table `route_hops`
--

LOCK TABLES `route_hops` WRITE;
/*!40000 ALTER TABLE `route_hops` DISABLE KEYS */;
/*!40000 ALTER TABLE `route_hops` ENABLE KEYS */;
UNLOCK TABLES;

--
-- Table structure for table `routes`
--

DROP TABLE IF EXISTS `routes`;
/*!40101 SET @saved_cs_client     = @@character_set_client */;
/*!40101 SET character_set_client = utf8 */;
CREATE TABLE `routes` (
  `id` int(11) NOT NULL auto_increment,
  `target_type` tinyint(2) unsigned NOT NULL,
  `target_id` int(10) unsigned NOT NULL,
  `arrives_at` datetime NOT NULL,
  `cached_units` text NOT NULL,
  `player_id` int(11) NOT NULL,
  `target_x` int(11) NOT NULL,
  `target_y` int(11) NOT NULL,
  `target_name` varchar(255) default NULL,
  `target_variation` tinyint(2) unsigned default NULL,
  `target_solar_system_id` int(11) default NULL,
  `current_id` int(11) unsigned NOT NULL,
  `current_type` tinyint(2) unsigned NOT NULL,
  `current_x` int(11) NOT NULL,
  `current_y` int(11) NOT NULL,
  `current_name` varchar(255) default NULL,
  `current_variation` tinyint(2) unsigned default NULL,
  `current_solar_system_id` int(11) default NULL,
  `source_id` int(11) unsigned NOT NULL,
  `source_type` tinyint(2) unsigned NOT NULL,
  `source_x` int(11) NOT NULL,
  `source_y` int(11) NOT NULL,
  `source_name` varchar(255) default NULL,
  `source_variation` tinyint(2) unsigned default NULL,
  `source_solar_system_id` int(11) default NULL,
  PRIMARY KEY  (`id`),
  KEY `incoming_routes` (`target_type`,`target_id`),
  KEY `foreign_key` (`player_id`),
  CONSTRAINT `routes_ibfk_1` FOREIGN KEY (`player_id`) REFERENCES `players` (`id`) ON DELETE CASCADE
) ENGINE=InnoDB DEFAULT CHARSET=utf8;
/*!40101 SET character_set_client = @saved_cs_client */;

--
-- Dumping data for table `routes`
--

LOCK TABLES `routes` WRITE;
/*!40000 ALTER TABLE `routes` DISABLE KEYS */;
/*!40000 ALTER TABLE `routes` ENABLE KEYS */;
UNLOCK TABLES;

--
-- Table structure for table `schema_migrations`
--

DROP TABLE IF EXISTS `schema_migrations`;
/*!40101 SET @saved_cs_client     = @@character_set_client */;
/*!40101 SET character_set_client = utf8 */;
CREATE TABLE `schema_migrations` (
  `version` varchar(255) NOT NULL,
  UNIQUE KEY `unique_schema_migrations` (`version`)
) ENGINE=InnoDB DEFAULT CHARSET=utf8;
/*!40101 SET character_set_client = @saved_cs_client */;

--
-- Dumping data for table `schema_migrations`
--

LOCK TABLES `schema_migrations` WRITE;
/*!40000 ALTER TABLE `schema_migrations` DISABLE KEYS */;
INSERT INTO `schema_migrations` VALUES ('20090601175224'),('20090601184051'),('20090601184055'),('20090601184059'),('20090701164131'),('20090713165021'),('20090808144214'),('20090809160211'),('20090810173759'),('20090826140238'),('20090826141836'),('20090829202538'),('20090829210029'),('20090829224505'),('20090830143959'),('20090830145319'),('20090901153809'),('20090904190655'),('20090905175341'),('20090905192056'),('20090906135044'),('20090909222719'),('20090911180950'),('20090912165229'),('20090919155819'),('20091024222359'),('20091103164416'),('20091103180558'),('20091103181146'),('20091109191211'),('20091225193714'),('20100114152902'),('20100121142414'),('20100127115341'),('20100127120219'),('20100127120515'),('20100127121337'),('20100129150736'),('20100203202757'),('20100203204803'),('20100204172507'),('20100204173714'),('20100208163239'),('20100210114531'),('20100212134334'),('20100218181507'),('20100219114448'),('20100220144106'),('20100222144003'),('20100223153023'),('20100224153728'),('20100224163525'),('20100225124928'),('20100225153721'),('20100225155505'),('20100225155739'),('20100226122144'),('20100226122651'),('20100301153626'),('20100302131225'),('20100303131706'),('20100308163148'),('20100308164422'),('20100310172315'),('20100310181338'),('20100311123523'),('20100315112858'),('20100319141401'),('20100322184529'),('20100324134243'),('20100324141652'),('20100331125702'),('20100415130556'),('20100415130600'),('20100415130605'),('20100415134627'),('20100419141518'),('20100419142018'),('20100419164230'),('20100426141509'),('20100428130912'),('20100429171200'),('20100430174140'),('20100610151652'),('20100610180750'),('20100614142225'),('20100614160819'),('20100614162423'),('20100616132525'),('20100616135507'),('20100622124252'),('20100706105523'),('20100710121447'),('20100710191351'),('20100716155807'),('20100719131622'),('20100721155359'),('20100722124307'),('20100812164444'),('20100812164449'),('20100812164518'),('20100812164524'),('20100817165213'),('20100819175736'),('20100820185846'),('20100906095758'),('20100915145823'),('20100929111549'),('99999999999000'),('99999999999900');
/*!40000 ALTER TABLE `schema_migrations` ENABLE KEYS */;
UNLOCK TABLES;

--
-- Table structure for table `solar_systems`
--

DROP TABLE IF EXISTS `solar_systems`;
/*!40101 SET @saved_cs_client     = @@character_set_client */;
/*!40101 SET character_set_client = utf8 */;
CREATE TABLE `solar_systems` (
  `id` int(11) NOT NULL auto_increment,
  `type` varchar(255) NOT NULL,
  `galaxy_id` int(11) NOT NULL,
  `x` mediumint(9) NOT NULL,
  `y` mediumint(9) NOT NULL,
  PRIMARY KEY  (`id`),
  UNIQUE KEY `uniqueness` (`galaxy_id`,`x`,`y`),
  CONSTRAINT `solar_systems_ibfk_1` FOREIGN KEY (`galaxy_id`) REFERENCES `galaxies` (`id`) ON DELETE CASCADE
) ENGINE=InnoDB AUTO_INCREMENT=5 DEFAULT CHARSET=utf8;
/*!40101 SET character_set_client = @saved_cs_client */;

--
-- Dumping data for table `solar_systems`
--

LOCK TABLES `solar_systems` WRITE;
/*!40000 ALTER TABLE `solar_systems` DISABLE KEYS */;
INSERT INTO `solar_systems` VALUES (1,'Expansion',1,1,0),(2,'Expansion',1,-3,0),(3,'Homeworld',1,0,0),(4,'Resource',1,0,-2);
/*!40000 ALTER TABLE `solar_systems` ENABLE KEYS */;
UNLOCK TABLES;

--
-- Table structure for table `technologies`
--

DROP TABLE IF EXISTS `technologies`;
/*!40101 SET @saved_cs_client     = @@character_set_client */;
/*!40101 SET character_set_client = utf8 */;
CREATE TABLE `technologies` (
  `id` int(11) NOT NULL auto_increment,
  `last_update` datetime default NULL,
  `upgrade_ends_at` datetime default NULL,
  `pause_remainder` int(10) unsigned default NULL,
  `scientists` int(10) unsigned default '0',
  `level` tinyint(2) unsigned NOT NULL,
  `player_id` int(11) NOT NULL,
  `type` varchar(50) NOT NULL,
  `pause_scientists` int(10) unsigned default NULL,
  PRIMARY KEY  (`id`),
  UNIQUE KEY `main` (`player_id`,`type`,`level`),
  UNIQUE KEY `type_by_player` (`player_id`,`type`,`level`),
  UNIQUE KEY `ensure_uniqueness` (`player_id`,`type`),
  KEY `upgrading` (`player_id`,`upgrade_ends_at`),
  CONSTRAINT `technologies_ibfk_1` FOREIGN KEY (`player_id`) REFERENCES `players` (`id`) ON DELETE CASCADE
) ENGINE=InnoDB AUTO_INCREMENT=3 DEFAULT CHARSET=utf8;
/*!40101 SET character_set_client = @saved_cs_client */;

--
-- Dumping data for table `technologies`
--

LOCK TABLES `technologies` WRITE;
/*!40000 ALTER TABLE `technologies` DISABLE KEYS */;
INSERT INTO `technologies` VALUES (1,NULL,NULL,NULL,NULL,1,1,'ZetiumExtraction',NULL),(2,NULL,NULL,NULL,NULL,1,1,'SpaceFactory',NULL);
/*!40000 ALTER TABLE `technologies` ENABLE KEYS */;
UNLOCK TABLES;

--
-- Table structure for table `tiles`
--

DROP TABLE IF EXISTS `tiles`;
/*!40101 SET @saved_cs_client     = @@character_set_client */;
/*!40101 SET character_set_client = utf8 */;
CREATE TABLE `tiles` (
  `id` int(11) NOT NULL auto_increment,
  `kind` tinyint(2) unsigned NOT NULL,
  `planet_id` int(11) NOT NULL,
  `x` tinyint(2) unsigned NOT NULL,
  `y` tinyint(2) unsigned NOT NULL,
  PRIMARY KEY  (`id`),
  UNIQUE KEY `uniqueness` (`planet_id`,`x`,`y`),
  CONSTRAINT `tiles_ibfk_1` FOREIGN KEY (`planet_id`) REFERENCES `planets` (`id`) ON DELETE CASCADE
) ENGINE=InnoDB AUTO_INCREMENT=4137 DEFAULT CHARSET=utf8;
/*!40101 SET character_set_client = @saved_cs_client */;

--
-- Dumping data for table `tiles`
--

LOCK TABLES `tiles` WRITE;
/*!40000 ALTER TABLE `tiles` DISABLE KEYS */;
INSERT INTO `tiles` VALUES (1,13,3,1,0),(2,4,3,7,0),(3,4,3,8,0),(4,4,3,9,0),(5,4,3,10,0),(6,4,3,11,0),(7,4,3,12,0),(8,4,3,13,0),(9,4,3,14,0),(10,4,3,15,0),(11,4,3,16,0),(12,4,3,17,0),(13,4,3,18,0),(14,4,3,19,0),(15,4,3,20,0),(16,4,3,21,0),(17,4,3,22,0),(18,4,3,23,0),(19,4,3,7,1),(20,4,3,8,1),(21,4,3,9,1),(22,4,3,10,1),(23,4,3,11,1),(24,4,3,12,1),(25,11,3,13,1),(26,4,3,17,1),(27,4,3,18,1),(28,0,3,19,1),(29,4,3,21,1),(30,7,3,22,1),(31,10,3,23,1),(32,0,3,44,1),(33,4,3,4,2),(34,4,3,5,2),(35,4,3,6,2),(36,4,3,7,2),(37,0,3,8,2),(38,4,3,10,2),(39,4,3,11,2),(40,4,3,17,2),(41,4,3,18,2),(42,4,3,21,2),(43,7,3,22,2),(44,3,3,32,2),(45,6,3,49,2),(46,4,3,3,3),(47,4,3,4,3),(48,4,3,5,3),(49,4,3,6,3),(50,4,3,7,3),(51,4,3,11,3),(52,4,3,12,3),(53,4,3,17,3),(54,4,3,18,3),(55,4,3,19,3),(56,4,3,20,3),(57,7,3,21,3),(58,7,3,22,3),(59,3,3,32,3),(60,3,3,33,3),(61,3,3,34,3),(62,6,3,40,3),(63,3,3,43,3),(64,3,3,44,3),(65,3,3,45,3),(66,6,3,49,3),(67,6,3,50,3),(68,6,3,51,3),(69,4,3,4,4),(70,4,3,5,4),(71,4,3,6,4),(72,4,3,7,4),(73,4,3,11,4),(74,4,3,17,4),(75,4,3,18,4),(76,4,3,19,4),(77,4,3,20,4),(78,7,3,21,4),(79,7,3,22,4),(80,3,3,33,4),(81,3,3,34,4),(82,6,3,40,4),(83,6,3,41,4),(84,3,3,45,4),(85,3,3,46,4),(86,6,3,50,4),(87,4,3,5,5),(88,4,3,6,5),(89,4,3,7,5),(90,4,3,17,5),(91,4,3,18,5),(92,4,3,19,5),(93,4,3,20,5),(94,4,3,21,5),(95,4,3,22,5),(96,0,3,28,5),(97,3,3,33,5),(98,3,3,34,5),(99,6,3,40,5),(100,6,3,41,5),(101,6,3,42,5),(102,3,3,44,5),(103,3,3,45,5),(104,3,3,46,5),(105,6,3,49,5),(106,6,3,50,5),(107,4,3,4,6),(108,4,3,5,6),(109,4,3,6,6),(110,4,3,12,6),(111,4,3,17,6),(112,4,3,18,6),(113,4,3,19,6),(114,4,3,20,6),(115,3,3,32,6),(116,3,3,33,6),(117,3,3,34,6),(118,3,3,35,6),(119,6,3,40,6),(120,6,3,41,6),(121,6,3,42,6),(122,3,3,43,6),(123,3,3,44,6),(124,3,3,45,6),(125,3,3,46,6),(126,6,3,48,6),(127,6,3,49,6),(128,6,3,50,6),(129,6,3,51,6),(130,4,3,5,7),(131,4,3,12,7),(132,4,3,13,7),(133,4,3,14,7),(134,4,3,15,7),(135,4,3,16,7),(136,4,3,17,7),(137,4,3,18,7),(138,4,3,20,7),(139,3,3,31,7),(140,3,3,32,7),(141,3,3,33,7),(142,3,3,34,7),(143,3,3,35,7),(144,3,3,36,7),(145,6,3,39,7),(146,6,3,40,7),(147,6,3,41,7),(148,6,3,42,7),(149,3,3,43,7),(150,3,3,44,7),(151,3,3,45,7),(152,3,3,46,7),(153,6,3,47,7),(154,6,3,48,7),(155,6,3,49,7),(156,6,3,50,7),(157,6,3,51,7),(158,4,3,5,8),(159,4,3,10,8),(160,4,3,11,8),(161,4,3,12,8),(162,4,3,13,8),(163,4,3,14,8),(164,4,3,15,8),(165,4,3,16,8),(166,4,3,17,8),(167,4,3,18,8),(168,5,3,25,8),(169,5,3,26,8),(170,5,3,30,8),(171,5,3,31,8),(172,3,3,32,8),(173,6,3,39,8),(174,6,3,40,8),(175,6,3,42,8),(176,3,3,43,8),(177,3,3,44,8),(178,3,3,46,8),(179,6,3,47,8),(180,6,3,49,8),(181,4,3,10,9),(182,4,3,12,9),(183,4,3,14,9),(184,4,3,15,9),(185,10,3,16,9),(186,5,3,26,9),(187,5,3,28,9),(188,5,3,29,9),(189,5,3,30,9),(190,5,3,31,9),(191,4,3,11,10),(192,4,3,12,10),(193,4,3,13,10),(194,4,3,14,10),(195,4,3,15,10),(196,5,3,20,10),(197,5,3,21,10),(198,5,3,25,10),(199,5,3,26,10),(200,5,3,27,10),(201,5,3,29,10),(202,4,3,13,11),(203,4,3,14,11),(204,4,3,15,11),(205,5,3,20,11),(206,5,3,21,11),(207,5,3,22,11),(208,5,3,26,11),(209,5,3,27,11),(210,5,3,28,11),(211,5,3,29,11),(212,5,3,30,11),(213,3,3,2,12),(214,14,3,10,12),(215,4,3,14,12),(216,4,3,15,12),(217,5,3,20,12),(218,5,3,21,12),(219,5,3,22,12),(220,5,3,25,12),(221,5,3,26,12),(222,5,3,27,12),(223,6,3,28,12),(224,6,3,29,12),(225,14,3,48,12),(226,3,3,2,13),(227,3,3,3,13),(228,4,3,14,13),(229,4,3,15,13),(230,4,3,16,13),(231,4,3,17,13),(232,4,3,18,13),(233,5,3,19,13),(234,5,3,20,13),(235,5,3,21,13),(236,5,3,22,13),(237,6,3,25,13),(238,6,3,26,13),(239,6,3,27,13),(240,6,3,28,13),(241,6,3,29,13),(242,0,3,33,13),(243,3,3,1,14),(244,3,3,2,14),(245,4,3,13,14),(246,4,3,14,14),(247,4,3,15,14),(248,4,3,16,14),(249,5,3,18,14),(250,5,3,20,14),(251,5,3,21,14),(252,5,3,22,14),(253,6,3,23,14),(254,6,3,24,14),(255,6,3,25,14),(256,6,3,26,14),(257,6,3,27,14),(258,6,3,28,14),(259,7,3,51,14),(260,3,3,1,15),(261,3,3,2,15),(262,3,3,3,15),(263,3,3,13,15),(264,4,3,14,15),(265,4,3,15,15),(266,5,3,17,15),(267,5,3,18,15),(268,5,3,19,15),(269,5,3,20,15),(270,5,3,21,15),(271,6,3,25,15),(272,6,3,26,15),(273,6,3,27,15),(274,6,3,28,15),(275,6,3,29,15),(276,7,3,51,15),(277,3,3,3,16),(278,3,3,4,16),(279,3,3,5,16),(280,3,3,12,16),(281,3,3,13,16),(282,3,3,14,16),(283,4,3,15,16),(284,5,3,17,16),(285,11,3,18,16),(286,7,3,50,16),(287,7,3,51,16),(288,3,3,3,17),(289,3,3,4,17),(290,3,3,12,17),(291,3,3,13,17),(292,3,3,14,17),(293,9,3,25,17),(294,3,3,30,17),(295,7,3,49,17),(296,7,3,50,17),(297,7,3,51,17),(298,3,3,3,18),(299,3,3,10,18),(300,3,3,11,18),(301,3,3,12,18),(302,3,3,13,18),(303,3,3,15,18),(304,0,3,22,18),(305,3,3,29,18),(306,3,3,30,18),(307,7,3,46,18),(308,7,3,47,18),(309,7,3,48,18),(310,7,3,49,18),(311,7,3,50,18),(312,7,3,51,18),(313,3,3,3,19),(314,3,3,13,19),(315,3,3,14,19),(316,3,3,15,19),(317,3,3,30,19),(318,7,3,47,19),(319,7,3,48,19),(320,7,3,49,19),(321,7,3,50,19),(322,7,3,51,19),(323,5,3,6,20),(324,5,3,7,20),(325,3,3,14,20),(326,3,3,29,20),(327,3,3,30,20),(328,3,3,31,20),(329,3,3,32,20),(330,3,3,33,20),(331,2,3,39,20),(332,7,3,47,20),(333,7,3,48,20),(334,7,3,49,20),(335,7,3,50,20),(336,7,3,51,20),(337,5,3,7,21),(338,5,3,8,21),(339,3,3,12,21),(340,3,3,13,21),(341,3,3,14,21),(342,5,3,15,21),(343,3,3,30,21),(344,3,3,31,21),(345,3,3,32,21),(346,3,3,33,21),(347,7,3,48,21),(348,7,3,49,21),(349,7,3,50,21),(350,7,3,51,21),(351,5,3,6,22),(352,5,3,7,22),(353,5,3,14,22),(354,5,3,15,22),(355,3,3,30,22),(356,3,3,32,22),(357,12,3,37,22),(358,7,3,47,22),(359,7,3,48,22),(360,7,3,49,22),(361,7,3,50,22),(362,7,3,51,22),(363,5,3,6,23),(364,9,3,9,23),(365,5,3,13,23),(366,5,3,14,23),(367,5,3,15,23),(368,5,3,16,23),(369,5,3,17,23),(370,3,3,30,23),(371,3,3,32,23),(372,3,3,33,23),(373,7,3,44,23),(374,7,3,45,23),(375,7,3,46,23),(376,7,3,47,23),(377,7,3,48,23),(378,7,3,49,23),(379,7,3,50,23),(380,7,3,51,23),(381,5,3,5,24),(382,5,3,6,24),(383,5,3,13,24),(384,5,3,14,24),(385,2,3,15,24),(386,3,3,33,24),(387,7,3,46,24),(388,7,3,47,24),(389,7,3,48,24),(390,7,3,49,24),(391,7,3,50,24),(392,7,3,51,24),(393,5,3,5,25),(394,5,3,6,25),(395,5,3,7,25),(396,5,3,8,25),(397,5,3,13,25),(398,5,3,14,25),(399,8,3,27,25),(400,7,3,43,25),(401,7,3,47,25),(402,7,3,48,25),(403,7,3,49,25),(404,7,3,50,25),(405,7,3,51,25),(406,5,3,3,26),(407,5,3,4,26),(408,5,3,5,26),(409,5,3,6,26),(410,5,3,7,26),(411,5,3,11,26),(412,5,3,12,26),(413,5,3,13,26),(414,5,3,14,26),(415,1,3,16,26),(416,7,3,43,26),(417,7,3,44,26),(418,7,3,45,26),(419,7,3,46,26),(420,7,3,47,26),(421,7,3,48,26),(422,7,3,49,26),(423,7,3,50,26),(424,7,3,51,26),(425,5,3,3,27),(426,5,3,4,27),(427,5,3,5,27),(428,5,3,13,27),(429,5,3,14,27),(430,7,3,43,27),(431,7,3,44,27),(432,7,3,45,27),(433,7,3,46,27),(434,7,3,47,27),(435,7,3,48,27),(436,7,3,49,27),(437,7,3,50,27),(438,7,3,51,27),(439,5,3,5,28),(440,5,3,12,28),(441,5,3,13,28),(442,5,3,14,28),(443,5,3,15,28),(444,7,3,41,28),(445,7,3,42,28),(446,7,3,43,28),(447,7,3,44,28),(448,7,3,45,28),(449,7,3,46,28),(450,7,3,47,28),(451,7,3,48,28),(452,7,3,49,28),(453,7,3,50,28),(454,7,3,51,28),(455,7,4,12,0),(456,7,4,13,0),(457,7,4,14,0),(458,7,4,15,0),(459,7,4,16,0),(460,7,4,17,0),(461,7,4,18,0),(462,2,4,19,0),(463,4,4,21,0),(464,4,4,22,0),(465,4,4,23,0),(466,4,4,25,0),(467,4,4,26,0),(468,4,4,27,0),(469,4,4,28,0),(470,3,4,31,0),(471,3,4,32,0),(472,3,4,34,0),(473,3,4,35,0),(474,3,4,36,0),(475,0,4,42,0),(476,9,4,44,0),(477,7,4,12,1),(478,7,4,14,1),(479,0,4,15,1),(480,7,4,17,1),(481,7,4,18,1),(482,4,4,21,1),(483,4,4,23,1),(484,4,4,24,1),(485,4,4,25,1),(486,4,4,26,1),(487,4,4,27,1),(488,4,4,29,1),(489,3,4,30,1),(490,3,4,31,1),(491,3,4,32,1),(492,3,4,33,1),(493,3,4,34,1),(494,3,4,35,1),(495,3,4,36,1),(496,3,4,37,1),(497,7,4,17,2),(498,7,4,18,2),(499,4,4,19,2),(500,4,4,20,2),(501,4,4,21,2),(502,4,4,22,2),(503,4,4,23,2),(504,4,4,24,2),(505,4,4,25,2),(506,4,4,26,2),(507,4,4,27,2),(508,4,4,28,2),(509,4,4,29,2),(510,4,4,30,2),(511,3,4,31,2),(512,3,4,32,2),(513,3,4,33,2),(514,3,4,34,2),(515,3,4,36,2),(516,6,4,39,2),(517,11,4,13,3),(518,7,4,17,3),(519,7,4,18,3),(520,6,4,19,3),(521,6,4,20,3),(522,6,4,21,3),(523,4,4,22,3),(524,4,4,23,3),(525,4,4,24,3),(526,4,4,25,3),(527,4,4,26,3),(528,4,4,27,3),(529,4,4,28,3),(530,4,4,29,3),(531,4,4,30,3),(532,3,4,32,3),(533,3,4,33,3),(534,3,4,34,3),(535,6,4,39,3),(536,6,4,40,3),(537,14,4,41,3),(538,3,4,2,4),(539,7,4,17,4),(540,7,4,18,4),(541,7,4,19,4),(542,6,4,20,4),(543,6,4,21,4),(544,4,4,23,4),(545,6,4,24,4),(546,4,4,26,4),(547,4,4,27,4),(548,4,4,28,4),(549,4,4,29,4),(550,4,4,30,4),(551,4,4,31,4),(552,4,4,32,4),(553,3,4,34,4),(554,3,4,35,4),(555,6,4,37,4),(556,6,4,38,4),(557,6,4,39,4),(558,6,4,40,4),(559,3,4,1,5),(560,3,4,2,5),(561,3,4,4,5),(562,7,4,17,5),(563,7,4,18,5),(564,7,4,19,5),(565,6,4,20,5),(566,6,4,21,5),(567,7,4,22,5),(568,7,4,23,5),(569,6,4,24,5),(570,6,4,25,5),(571,4,4,28,5),(572,4,4,29,5),(573,4,4,30,5),(574,4,4,31,5),(575,3,4,35,5),(576,3,4,2,6),(577,3,4,3,6),(578,3,4,4,6),(579,3,4,5,6),(580,7,4,17,6),(581,7,4,18,6),(582,7,4,19,6),(583,7,4,20,6),(584,7,4,21,6),(585,7,4,22,6),(586,7,4,23,6),(587,6,4,24,6),(588,4,4,29,6),(589,4,4,30,6),(590,4,4,31,6),(591,3,4,2,7),(592,3,4,3,7),(593,3,4,4,7),(594,3,4,5,7),(595,3,4,6,7),(596,3,4,7,7),(597,7,4,17,7),(598,0,4,18,7),(599,7,4,21,7),(600,7,4,23,7),(601,3,4,30,7),(602,4,4,31,7),(603,4,4,32,7),(604,12,4,40,7),(605,5,4,48,7),(606,3,4,2,8),(607,3,4,3,8),(608,3,4,4,8),(609,3,4,5,8),(610,7,4,17,8),(611,7,4,21,8),(612,7,4,23,8),(613,3,4,29,8),(614,3,4,30,8),(615,3,4,31,8),(616,3,4,32,8),(617,3,4,33,8),(618,5,4,48,8),(619,3,4,4,9),(620,3,4,6,9),(621,3,4,7,9),(622,7,4,17,9),(623,7,4,23,9),(624,3,4,28,9),(625,3,4,29,9),(626,3,4,30,9),(627,3,4,31,9),(628,3,4,32,9),(629,5,4,37,9),(630,5,4,38,9),(631,5,4,39,9),(632,5,4,48,9),(633,3,4,4,10),(634,3,4,5,10),(635,3,4,6,10),(636,3,4,28,10),(637,3,4,29,10),(638,3,4,30,10),(639,3,4,31,10),(640,3,4,32,10),(641,3,4,33,10),(642,5,4,34,10),(643,5,4,35,10),(644,5,4,37,10),(645,5,4,38,10),(646,5,4,39,10),(647,0,4,46,10),(648,5,4,48,10),(649,6,4,4,11),(650,6,4,5,11),(651,6,4,6,11),(652,4,4,9,11),(653,3,4,29,11),(654,3,4,30,11),(655,3,4,31,11),(656,0,4,32,11),(657,5,4,34,11),(658,5,4,36,11),(659,5,4,38,11),(660,5,4,39,11),(661,5,4,48,11),(662,6,4,4,12),(663,6,4,5,12),(664,4,4,6,12),(665,4,4,7,12),(666,4,4,9,12),(667,4,4,11,12),(668,3,4,28,12),(669,3,4,29,12),(670,5,4,30,12),(671,3,4,31,12),(672,5,4,34,12),(673,5,4,35,12),(674,5,4,36,12),(675,5,4,37,12),(676,5,4,38,12),(677,5,4,39,12),(678,5,4,47,12),(679,5,4,48,12),(680,6,4,5,13),(681,4,4,6,13),(682,4,4,7,13),(683,4,4,8,13),(684,4,4,9,13),(685,4,4,10,13),(686,4,4,11,13),(687,4,4,12,13),(688,3,4,29,13),(689,5,4,30,13),(690,5,4,31,13),(691,5,4,32,13),(692,5,4,33,13),(693,5,4,34,13),(694,5,4,35,13),(695,5,4,36,13),(696,5,4,37,13),(697,8,4,45,13),(698,5,4,48,13),(699,6,4,5,14),(700,4,4,6,14),(701,4,4,7,14),(702,4,4,8,14),(703,4,4,9,14),(704,4,4,10,14),(705,4,4,12,14),(706,5,4,29,14),(707,5,4,30,14),(708,0,4,31,14),(709,5,4,33,14),(710,5,4,34,14),(711,5,4,35,14),(712,5,4,36,14),(713,5,4,37,14),(714,5,4,48,14),(715,4,4,7,15),(716,4,4,9,15),(717,4,4,10,15),(718,4,4,11,15),(719,6,4,25,15),(720,6,4,26,15),(721,6,4,27,15),(722,5,4,30,15),(723,13,4,33,15),(724,5,4,48,15),(725,4,4,7,16),(726,4,4,8,16),(727,4,4,10,16),(728,6,4,27,16),(729,5,4,30,16),(730,0,4,31,16),(731,5,4,46,16),(732,5,4,47,16),(733,5,4,48,16),(734,3,4,7,17),(735,4,4,9,17),(736,4,4,10,17),(737,0,4,11,17),(738,3,4,19,17),(739,6,4,26,17),(740,6,4,27,17),(741,4,4,33,17),(742,4,4,34,17),(743,4,4,36,17),(744,5,4,45,17),(745,5,4,46,17),(746,5,4,47,17),(747,5,4,48,17),(748,10,4,3,18),(749,3,4,7,18),(750,3,4,8,18),(751,10,4,14,18),(752,3,4,18,18),(753,3,4,19,18),(754,3,4,21,18),(755,6,4,27,18),(756,4,4,32,18),(757,4,4,34,18),(758,4,4,36,18),(759,5,4,48,18),(760,3,4,7,19),(761,3,4,8,19),(762,1,4,9,19),(763,3,4,11,19),(764,3,4,18,19),(765,3,4,19,19),(766,3,4,20,19),(767,3,4,21,19),(768,4,4,32,19),(769,4,4,33,19),(770,4,4,34,19),(771,4,4,35,19),(772,4,4,36,19),(773,4,4,37,19),(774,3,4,7,20),(775,3,4,8,20),(776,3,4,11,20),(777,3,4,12,20),(778,3,4,18,20),(779,3,4,19,20),(780,3,4,20,20),(781,3,4,21,20),(782,3,4,22,20),(783,3,4,23,20),(784,3,4,24,20),(785,4,4,32,20),(786,4,4,35,20),(787,4,4,36,20),(788,4,4,37,20),(789,3,4,7,21),(790,3,4,8,21),(791,3,4,9,21),(792,3,4,10,21),(793,3,4,11,21),(794,3,4,18,21),(795,3,4,19,21),(796,3,4,20,21),(797,3,4,21,21),(798,3,4,23,21),(799,4,4,33,21),(800,4,4,34,21),(801,4,4,35,21),(802,4,4,36,21),(803,3,4,2,22),(804,3,4,3,22),(805,3,4,4,22),(806,3,4,5,22),(807,3,4,6,22),(808,3,4,7,22),(809,3,4,8,22),(810,3,4,10,22),(811,3,4,11,22),(812,3,4,18,22),(813,3,4,19,22),(814,3,4,21,22),(815,4,4,33,22),(816,4,4,34,22),(817,4,4,35,22),(818,4,4,36,22),(819,4,4,37,22),(820,4,4,38,22),(821,4,4,39,22),(822,6,6,14,0),(823,6,6,15,0),(824,6,6,16,0),(825,6,6,17,0),(826,6,6,18,0),(827,6,6,19,0),(828,6,6,20,0),(829,5,6,22,0),(830,5,6,24,0),(831,5,6,25,0),(832,5,6,26,0),(833,5,6,29,0),(834,5,6,30,0),(835,3,6,38,0),(836,3,6,39,0),(837,3,6,40,0),(838,3,6,42,0),(839,3,6,44,0),(840,3,6,45,0),(841,3,6,46,0),(842,3,6,47,0),(843,3,6,48,0),(844,3,6,49,0),(845,3,6,50,0),(846,12,6,1,1),(847,4,6,12,1),(848,6,6,14,1),(849,6,6,16,1),(850,6,6,17,1),(851,6,6,18,1),(852,2,6,19,1),(853,5,6,22,1),(854,5,6,23,1),(855,5,6,24,1),(856,5,6,25,1),(857,5,6,26,1),(858,5,6,29,1),(859,3,6,37,1),(860,3,6,38,1),(861,3,6,40,1),(862,3,6,41,1),(863,3,6,42,1),(864,3,6,44,1),(865,3,6,45,1),(866,3,6,46,1),(867,0,6,47,1),(868,3,6,50,1),(869,3,6,51,1),(870,4,6,7,2),(871,4,6,11,2),(872,4,6,12,2),(873,6,6,14,2),(874,6,6,17,2),(875,5,6,18,2),(876,5,6,21,2),(877,5,6,22,2),(878,5,6,23,2),(879,6,6,24,2),(880,5,6,25,2),(881,5,6,26,2),(882,5,6,29,2),(883,5,6,30,2),(884,3,6,38,2),(885,3,6,39,2),(886,3,6,40,2),(887,3,6,41,2),(888,3,6,42,2),(889,3,6,44,2),(890,3,6,45,2),(891,3,6,46,2),(892,3,6,49,2),(893,3,6,50,2),(894,4,6,7,3),(895,4,6,8,3),(896,4,6,9,3),(897,4,6,10,3),(898,4,6,11,3),(899,5,6,18,3),(900,5,6,19,3),(901,5,6,20,3),(902,5,6,21,3),(903,5,6,22,3),(904,0,6,23,3),(905,5,6,25,3),(906,5,6,27,3),(907,5,6,29,3),(908,5,6,30,3),(909,3,6,39,3),(910,3,6,41,3),(911,3,6,42,3),(912,3,6,45,3),(913,3,6,46,3),(914,3,6,47,3),(915,4,6,7,4),(916,4,6,8,4),(917,4,6,10,4),(918,4,6,11,4),(919,4,6,12,4),(920,5,6,16,4),(921,5,6,17,4),(922,5,6,18,4),(923,10,6,19,4),(924,4,6,25,4),(925,5,6,27,4),(926,5,6,28,4),(927,5,6,29,4),(928,5,6,30,4),(929,5,6,31,4),(930,5,6,32,4),(931,3,6,39,4),(932,3,6,41,4),(933,3,6,42,4),(934,3,6,43,4),(935,4,6,8,5),(936,4,6,9,5),(937,4,6,11,5),(938,5,6,18,5),(939,4,6,24,5),(940,4,6,25,5),(941,4,6,26,5),(942,5,6,28,5),(943,5,6,29,5),(944,5,6,30,5),(945,3,6,41,5),(946,3,6,42,5),(947,4,6,7,6),(948,4,6,8,6),(949,4,6,9,6),(950,4,6,10,6),(951,4,6,11,6),(952,4,6,12,6),(953,5,6,18,6),(954,4,6,25,6),(955,4,6,26,6),(956,4,6,27,6),(957,5,6,28,6),(958,5,6,29,6),(959,14,6,30,6),(960,3,6,39,6),(961,3,6,40,6),(962,3,6,41,6),(963,3,6,42,6),(964,3,6,43,6),(965,5,6,45,6),(966,5,6,46,6),(967,4,6,8,7),(968,4,6,9,7),(969,4,6,10,7),(970,4,6,11,7),(971,4,6,25,7),(972,4,6,26,7),(973,4,6,27,7),(974,4,6,28,7),(975,5,6,29,7),(976,0,6,33,7),(977,7,6,35,7),(978,3,6,37,7),(979,3,6,38,7),(980,3,6,39,7),(981,3,6,40,7),(982,3,6,41,7),(983,3,6,42,7),(984,3,6,43,7),(985,5,6,46,7),(986,5,6,47,7),(987,0,6,1,8),(988,4,6,8,8),(989,4,6,11,8),(990,4,6,12,8),(991,14,6,15,8),(992,4,6,26,8),(993,5,6,27,8),(994,4,6,28,8),(995,5,6,29,8),(996,7,6,35,8),(997,7,6,36,8),(998,7,6,37,8),(999,3,6,38,8),(1000,3,6,39,8),(1001,8,6,40,8),(1002,5,6,43,8),(1003,5,6,45,8),(1004,5,6,46,8),(1005,6,6,9,9),(1006,5,6,27,9),(1007,5,6,28,9),(1008,5,6,29,9),(1009,7,6,33,9),(1010,7,6,34,9),(1011,7,6,35,9),(1012,7,6,36,9),(1013,7,6,37,9),(1014,3,6,39,9),(1015,5,6,43,9),(1016,5,6,44,9),(1017,5,6,46,9),(1018,5,6,47,9),(1019,6,6,52,9),(1020,6,6,1,10),(1021,6,6,2,10),(1022,6,6,9,10),(1023,4,6,10,10),(1024,4,6,11,10),(1025,12,6,22,10),(1026,5,6,29,10),(1027,7,6,35,10),(1028,7,6,36,10),(1029,7,6,37,10),(1030,7,6,38,10),(1031,7,6,39,10),(1032,5,6,43,10),(1033,5,6,44,10),(1034,5,6,45,10),(1035,5,6,46,10),(1036,5,6,47,10),(1037,5,6,48,10),(1038,6,6,51,10),(1039,6,6,52,10),(1040,6,6,0,11),(1041,6,6,1,11),(1042,6,6,2,11),(1043,6,6,3,11),(1044,9,6,4,11),(1045,6,6,9,11),(1046,6,6,10,11),(1047,4,6,11,11),(1048,4,6,12,11),(1049,7,6,33,11),(1050,7,6,34,11),(1051,7,6,35,11),(1052,7,6,36,11),(1053,7,6,37,11),(1054,5,6,40,11),(1055,5,6,41,11),(1056,5,6,42,11),(1057,5,6,43,11),(1058,5,6,44,11),(1059,5,6,45,11),(1060,6,6,49,11),(1061,6,6,50,11),(1062,6,6,51,11),(1063,6,6,52,11),(1064,6,6,0,12),(1065,6,6,2,12),(1066,6,6,9,12),(1067,4,6,12,12),(1068,4,6,13,12),(1069,7,6,36,12),(1070,5,6,40,12),(1071,0,6,41,12),(1072,5,6,43,12),(1073,5,6,44,12),(1074,11,6,45,12),(1075,6,6,49,12),(1076,6,6,50,12),(1077,6,6,51,12),(1078,6,6,52,12),(1079,7,6,0,13),(1080,6,6,1,13),(1081,6,6,2,13),(1082,6,6,3,13),(1083,6,6,8,13),(1084,6,6,9,13),(1085,4,6,10,13),(1086,4,6,11,13),(1087,4,6,12,13),(1088,4,6,13,13),(1089,4,6,14,13),(1090,7,6,35,13),(1091,3,6,43,13),(1092,6,6,49,13),(1093,6,6,51,13),(1094,7,6,0,14),(1095,10,6,1,14),(1096,6,6,5,14),(1097,6,6,6,14),(1098,6,6,7,14),(1099,6,6,8,14),(1100,4,6,9,14),(1101,4,6,10,14),(1102,4,6,13,14),(1103,4,6,14,14),(1104,4,6,15,14),(1105,7,6,34,14),(1106,7,6,35,14),(1107,7,6,36,14),(1108,3,6,43,14),(1109,3,6,44,14),(1110,7,6,0,15),(1111,4,6,5,15),(1112,4,6,6,15),(1113,4,6,7,15),(1114,6,6,8,15),(1115,4,6,9,15),(1116,4,6,10,15),(1117,7,6,34,15),(1118,7,6,35,15),(1119,3,6,43,15),(1120,3,6,44,15),(1121,7,6,0,16),(1122,7,6,5,16),(1123,4,6,6,16),(1124,4,6,7,16),(1125,4,6,8,16),(1126,4,6,9,16),(1127,0,6,19,16),(1128,1,6,23,16),(1129,13,6,29,16),(1130,3,6,41,16),(1131,3,6,43,16),(1132,3,6,44,16),(1133,2,6,50,16),(1134,7,6,0,17),(1135,7,6,5,17),(1136,4,6,6,17),(1137,4,6,8,17),(1138,3,6,41,17),(1139,3,6,42,17),(1140,3,6,43,17),(1141,3,6,44,17),(1142,7,6,0,18),(1143,7,6,1,18),(1144,7,6,2,18),(1145,7,6,3,18),(1146,7,6,4,18),(1147,7,6,5,18),(1148,7,6,6,18),(1149,4,6,7,18),(1150,4,6,8,18),(1151,4,6,9,18),(1152,3,6,40,18),(1153,3,6,41,18),(1154,3,6,43,18),(1155,3,6,44,18),(1156,3,6,45,18),(1157,3,6,46,18),(1158,3,6,47,18),(1159,3,6,48,18),(1160,4,9,23,0),(1161,4,9,24,0),(1162,4,9,25,0),(1163,4,9,26,0),(1164,4,9,28,0),(1165,3,9,12,1),(1166,4,9,23,1),(1167,4,9,24,1),(1168,4,9,25,1),(1169,4,9,26,1),(1170,4,9,28,1),(1171,4,9,29,1),(1172,3,9,9,2),(1173,3,9,12,2),(1174,4,9,23,2),(1175,4,9,26,2),(1176,4,9,27,2),(1177,4,9,28,2),(1178,3,9,9,3),(1179,3,9,10,3),(1180,3,9,11,3),(1181,3,9,12,3),(1182,4,9,24,3),(1183,4,9,25,3),(1184,4,9,26,3),(1185,4,9,28,3),(1186,3,9,10,4),(1187,3,9,11,4),(1188,3,9,12,4),(1189,1,9,13,4),(1190,4,9,25,4),(1191,4,9,26,4),(1192,6,9,28,4),(1193,3,9,11,5),(1194,3,9,12,5),(1195,4,9,16,5),(1196,6,9,26,5),(1197,6,9,27,5),(1198,6,9,28,5),(1199,0,9,32,5),(1200,0,9,34,5),(1201,5,9,37,5),(1202,5,9,38,5),(1203,3,9,11,6),(1204,3,9,12,6),(1205,3,9,13,6),(1206,4,9,15,6),(1207,4,9,16,6),(1208,7,9,21,6),(1209,7,9,22,6),(1210,7,9,23,6),(1211,7,9,24,6),(1212,7,9,25,6),(1213,6,9,26,6),(1214,6,9,27,6),(1215,5,9,37,6),(1216,5,9,38,6),(1217,14,9,3,7),(1218,3,9,11,7),(1219,3,9,12,7),(1220,3,9,13,7),(1221,3,9,14,7),(1222,4,9,15,7),(1223,9,9,16,7),(1224,7,9,23,7),(1225,6,9,24,7),(1226,6,9,25,7),(1227,6,9,26,7),(1228,6,9,27,7),(1229,6,9,28,7),(1230,6,9,29,7),(1231,6,9,30,7),(1232,6,9,31,7),(1233,6,9,32,7),(1234,6,9,33,7),(1235,5,9,35,7),(1236,5,9,36,7),(1237,5,9,37,7),(1238,9,9,9,8),(1239,4,9,14,8),(1240,4,9,15,8),(1241,7,9,21,8),(1242,7,9,22,8),(1243,7,9,23,8),(1244,7,9,24,8),(1245,7,9,25,8),(1246,7,9,26,8),(1247,6,9,27,8),(1248,6,9,28,8),(1249,6,9,29,8),(1250,6,9,31,8),(1251,6,9,32,8),(1252,6,9,33,8),(1253,6,9,34,8),(1254,5,9,35,8),(1255,5,9,36,8),(1256,5,9,37,8),(1257,4,9,13,9),(1258,4,9,14,9),(1259,7,9,20,9),(1260,7,9,21,9),(1261,7,9,22,9),(1262,7,9,23,9),(1263,7,9,24,9),(1264,7,9,25,9),(1265,7,9,26,9),(1266,7,9,27,9),(1267,0,9,28,9),(1268,6,9,30,9),(1269,6,9,31,9),(1270,6,9,32,9),(1271,5,9,35,9),(1272,5,9,36,9),(1273,3,9,37,9),(1274,4,9,13,10),(1275,4,9,14,10),(1276,4,9,15,10),(1277,7,9,20,10),(1278,7,9,21,10),(1279,7,9,22,10),(1280,7,9,23,10),(1281,7,9,24,10),(1282,7,9,25,10),(1283,7,9,26,10),(1284,7,9,27,10),(1285,6,9,30,10),(1286,6,9,31,10),(1287,6,9,32,10),(1288,3,9,37,10),(1289,3,9,38,10),(1290,10,9,8,11),(1291,4,9,13,11),(1292,4,9,14,11),(1293,4,9,15,11),(1294,4,9,16,11),(1295,4,9,17,11),(1296,12,9,19,11),(1297,7,9,25,11),(1298,7,9,26,11),(1299,7,9,27,11),(1300,7,9,28,11),(1301,6,9,29,11),(1302,6,9,30,11),(1303,6,9,31,11),(1304,3,9,36,11),(1305,3,9,37,11),(1306,3,9,38,11),(1307,3,9,39,11),(1308,4,9,13,12),(1309,4,9,14,12),(1310,4,9,15,12),(1311,7,9,25,12),(1312,7,9,26,12),(1313,14,9,27,12),(1314,3,9,30,12),(1315,3,9,32,12),(1316,3,9,35,12),(1317,3,9,36,12),(1318,3,9,37,12),(1319,3,9,38,12),(1320,3,9,39,12),(1321,4,9,13,13),(1322,4,9,14,13),(1323,7,9,25,13),(1324,7,9,26,13),(1325,3,9,30,13),(1326,3,9,31,13),(1327,3,9,32,13),(1328,3,9,33,13),(1329,3,9,35,13),(1330,3,9,36,13),(1331,6,9,37,13),(1332,3,9,38,13),(1333,3,9,39,13),(1334,3,9,40,13),(1335,3,9,41,13),(1336,7,9,25,14),(1337,7,9,26,14),(1338,3,9,30,14),(1339,3,9,31,14),(1340,3,9,33,14),(1341,3,9,34,14),(1342,6,9,36,14),(1343,6,9,37,14),(1344,5,9,10,15),(1345,7,9,25,15),(1346,7,9,26,15),(1347,3,9,30,15),(1348,3,9,31,15),(1349,3,9,32,15),(1350,3,9,33,15),(1351,6,9,34,15),(1352,6,9,35,15),(1353,6,9,36,15),(1354,6,9,37,15),(1355,6,9,38,15),(1356,5,9,9,16),(1357,5,9,10,16),(1358,5,9,11,16),(1359,7,9,25,16),(1360,7,9,26,16),(1361,7,9,27,16),(1362,7,9,28,16),(1363,7,9,29,16),(1364,3,9,30,16),(1365,3,9,31,16),(1366,6,9,34,16),(1367,6,9,36,16),(1368,6,9,37,16),(1369,6,9,38,16),(1370,13,9,3,17),(1371,5,9,9,17),(1372,5,9,10,17),(1373,5,9,11,17),(1374,5,9,12,17),(1375,5,9,13,17),(1376,7,9,22,17),(1377,7,9,23,17),(1378,7,9,24,17),(1379,7,9,25,17),(1380,7,9,26,17),(1381,4,9,27,17),(1382,7,9,28,17),(1383,3,9,29,17),(1384,3,9,30,17),(1385,3,9,31,17),(1386,6,9,34,17),(1387,6,9,35,17),(1388,6,9,36,17),(1389,3,9,2,18),(1390,5,9,9,18),(1391,5,9,10,18),(1392,5,9,12,18),(1393,5,9,13,18),(1394,5,9,14,18),(1395,2,9,15,18),(1396,0,9,24,18),(1397,4,9,27,18),(1398,7,9,28,18),(1399,4,9,29,18),(1400,4,9,30,18),(1401,6,9,35,18),(1402,3,9,0,19),(1403,3,9,1,19),(1404,3,9,2,19),(1405,3,9,5,19),(1406,5,9,6,19),(1407,5,9,7,19),(1408,5,9,8,19),(1409,5,9,9,19),(1410,5,9,10,19),(1411,5,9,11,19),(1412,5,9,12,19),(1413,0,9,20,19),(1414,4,9,27,19),(1415,4,9,28,19),(1416,4,9,29,19),(1417,10,9,33,19),(1418,4,9,0,20),(1419,4,9,1,20),(1420,3,9,2,20),(1421,3,9,3,20),(1422,3,9,5,20),(1423,5,9,12,20),(1424,4,9,24,20),(1425,4,9,25,20),(1426,4,9,26,20),(1427,4,9,27,20),(1428,4,9,28,20),(1429,11,9,37,20),(1430,4,9,0,21),(1431,4,9,1,21),(1432,3,9,2,21),(1433,3,9,3,21),(1434,3,9,4,21),(1435,3,9,5,21),(1436,3,9,6,21),(1437,8,9,14,21),(1438,4,9,24,21),(1439,4,9,25,21),(1440,4,9,26,21),(1441,4,9,28,21),(1442,4,9,0,22),(1443,4,9,1,22),(1444,3,9,2,22),(1445,3,9,3,22),(1446,3,9,4,22),(1447,4,9,22,22),(1448,4,9,23,22),(1449,4,9,24,22),(1450,4,9,25,22),(1451,0,9,29,22),(1452,4,9,0,23),(1453,4,9,1,23),(1454,4,9,2,23),(1455,3,9,3,23),(1456,3,9,4,23),(1457,4,9,13,23),(1458,4,9,17,23),(1459,3,9,32,23),(1460,3,9,33,23),(1461,3,9,34,23),(1462,3,9,35,23),(1463,3,9,36,23),(1464,4,9,0,24),(1465,4,9,1,24),(1466,3,9,3,24),(1467,4,9,12,24),(1468,4,9,13,24),(1469,4,9,14,24),(1470,4,9,15,24),(1471,4,9,16,24),(1472,4,9,17,24),(1473,3,9,32,24),(1474,3,9,33,24),(1475,3,9,34,24),(1476,3,9,35,24),(1477,3,9,36,24),(1478,4,9,0,25),(1479,4,9,1,25),(1480,4,9,2,25),(1481,4,9,3,25),(1482,4,9,9,25),(1483,4,9,10,25),(1484,4,9,11,25),(1485,4,9,12,25),(1486,4,9,13,25),(1487,4,9,14,25),(1488,4,9,15,25),(1489,4,9,16,25),(1490,4,9,17,25),(1491,3,9,33,25),(1492,3,9,34,25),(1493,3,9,35,25),(1494,3,9,36,25),(1495,4,9,0,26),(1496,4,9,1,26),(1497,4,9,2,26),(1498,4,9,3,26),(1499,4,9,4,26),(1500,4,9,5,26),(1501,4,9,11,26),(1502,4,9,12,26),(1503,4,9,15,26),(1504,4,9,16,26),(1505,3,9,33,26),(1506,3,9,34,26),(1507,3,9,35,26),(1508,3,9,36,26),(1509,3,9,37,26),(1510,3,16,14,0),(1511,3,16,15,0),(1512,3,16,16,0),(1513,3,16,17,0),(1514,3,16,18,0),(1515,3,16,19,0),(1516,3,16,20,0),(1517,7,16,22,0),(1518,7,16,23,0),(1519,7,16,24,0),(1520,7,16,25,0),(1521,7,16,26,0),(1522,7,16,27,0),(1523,7,16,28,0),(1524,7,16,29,0),(1525,7,16,30,0),(1526,3,16,14,1),(1527,3,16,15,1),(1528,3,16,17,1),(1529,3,16,18,1),(1530,3,16,19,1),(1531,3,16,20,1),(1532,7,16,21,1),(1533,7,16,22,1),(1534,7,16,24,1),(1535,7,16,25,1),(1536,7,16,26,1),(1537,7,16,27,1),(1538,7,16,28,1),(1539,7,16,29,1),(1540,7,16,31,1),(1541,3,16,12,2),(1542,3,16,13,2),(1543,3,16,14,2),(1544,3,16,15,2),(1545,3,16,16,2),(1546,3,16,17,2),(1547,3,16,18,2),(1548,3,16,19,2),(1549,7,16,21,2),(1550,7,16,22,2),(1551,7,16,23,2),(1552,7,16,24,2),(1553,7,16,25,2),(1554,7,16,26,2),(1555,7,16,28,2),(1556,7,16,29,2),(1557,7,16,30,2),(1558,7,16,31,2),(1559,7,16,32,2),(1560,2,16,1,3),(1561,3,16,12,3),(1562,3,16,13,3),(1563,3,16,14,3),(1564,3,16,16,3),(1565,0,16,17,3),(1566,3,16,19,3),(1567,3,16,20,3),(1568,7,16,21,3),(1569,7,16,23,3),(1570,7,16,24,3),(1571,7,16,25,3),(1572,0,16,26,3),(1573,7,16,30,3),(1574,7,16,31,3),(1575,7,16,32,3),(1576,7,16,33,3),(1577,5,16,3,4),(1578,7,16,22,4),(1579,7,16,23,4),(1580,7,16,25,4),(1581,1,16,32,4),(1582,12,16,40,4),(1583,5,16,3,5),(1584,5,16,0,6),(1585,5,16,1,6),(1586,5,16,2,6),(1587,5,16,3,6),(1588,5,16,4,6),(1589,5,16,5,6),(1590,5,16,6,6),(1591,5,16,7,6),(1592,0,16,33,6),(1593,5,16,0,7),(1594,5,16,2,7),(1595,5,16,3,7),(1596,5,16,4,7),(1597,4,16,8,7),(1598,4,16,9,7),(1599,4,16,10,7),(1600,7,16,20,7),(1601,7,16,21,7),(1602,7,16,22,7),(1603,7,16,25,7),(1604,5,16,0,8),(1605,5,16,1,8),(1606,5,16,2,8),(1607,4,16,10,8),(1608,7,16,20,8),(1609,7,16,21,8),(1610,7,16,22,8),(1611,7,16,23,8),(1612,7,16,24,8),(1613,7,16,25,8),(1614,5,16,0,9),(1615,5,16,1,9),(1616,5,16,2,9),(1617,5,16,3,9),(1618,5,16,4,9),(1619,5,16,5,9),(1620,4,16,9,9),(1621,4,16,10,9),(1622,4,16,11,9),(1623,7,16,19,9),(1624,7,16,20,9),(1625,7,16,22,9),(1626,7,16,23,9),(1627,7,16,24,9),(1628,7,16,25,9),(1629,7,16,26,9),(1630,4,16,34,9),(1631,4,16,35,9),(1632,5,16,0,10),(1633,5,16,1,10),(1634,5,16,2,10),(1635,5,16,3,10),(1636,4,16,8,10),(1637,4,16,9,10),(1638,4,16,10,10),(1639,4,16,11,10),(1640,4,16,12,10),(1641,7,16,22,10),(1642,7,16,23,10),(1643,7,16,24,10),(1644,7,16,25,10),(1645,4,16,32,10),(1646,4,16,34,10),(1647,4,16,35,10),(1648,5,16,1,11),(1649,5,16,2,11),(1650,5,16,3,11),(1651,5,16,4,11),(1652,5,16,5,11),(1653,4,16,7,11),(1654,4,16,8,11),(1655,4,16,9,11),(1656,4,16,10,11),(1657,4,16,11,11),(1658,4,16,12,11),(1659,7,16,19,11),(1660,7,16,20,11),(1661,7,16,21,11),(1662,7,16,22,11),(1663,7,16,23,11),(1664,7,16,24,11),(1665,7,16,25,11),(1666,6,16,30,11),(1667,4,16,31,11),(1668,4,16,32,11),(1669,4,16,34,11),(1670,4,16,35,11),(1671,5,16,0,12),(1672,5,16,1,12),(1673,5,16,2,12),(1674,5,16,3,12),(1675,0,16,4,12),(1676,4,16,7,12),(1677,3,16,8,12),(1678,3,16,9,12),(1679,4,16,10,12),(1680,10,16,11,12),(1681,7,16,21,12),(1682,7,16,22,12),(1683,7,16,23,12),(1684,7,16,24,12),(1685,6,16,28,12),(1686,6,16,29,12),(1687,6,16,30,12),(1688,6,16,31,12),(1689,4,16,32,12),(1690,4,16,33,12),(1691,4,16,34,12),(1692,4,16,35,12),(1693,5,16,0,13),(1694,5,16,1,13),(1695,4,16,2,13),(1696,5,16,3,13),(1697,3,16,6,13),(1698,4,16,7,13),(1699,3,16,8,13),(1700,3,16,9,13),(1701,3,16,10,13),(1702,7,16,21,13),(1703,7,16,22,13),(1704,7,16,23,13),(1705,7,16,24,13),(1706,0,16,25,13),(1707,6,16,27,13),(1708,6,16,28,13),(1709,6,16,29,13),(1710,6,16,30,13),(1711,6,16,31,13),(1712,4,16,32,13),(1713,4,16,34,13),(1714,4,16,0,14),(1715,4,16,1,14),(1716,4,16,2,14),(1717,3,16,4,14),(1718,3,16,5,14),(1719,3,16,6,14),(1720,3,16,7,14),(1721,3,16,8,14),(1722,7,16,21,14),(1723,7,16,22,14),(1724,7,16,23,14),(1725,7,16,24,14),(1726,6,16,27,14),(1727,6,16,28,14),(1728,6,16,29,14),(1729,6,16,30,14),(1730,4,16,31,14),(1731,4,16,32,14),(1732,4,16,34,14),(1733,12,16,40,14),(1734,4,16,2,15),(1735,4,16,3,15),(1736,3,16,7,15),(1737,3,16,8,15),(1738,3,16,9,15),(1739,3,16,10,15),(1740,6,16,21,15),(1741,6,16,23,15),(1742,6,16,25,15),(1743,6,16,26,15),(1744,6,16,27,15),(1745,6,16,28,15),(1746,6,16,29,15),(1747,4,16,32,15),(1748,4,16,34,15),(1749,4,16,35,15),(1750,4,16,0,16),(1751,4,16,1,16),(1752,4,16,2,16),(1753,4,16,3,16),(1754,4,16,4,16),(1755,3,16,7,16),(1756,3,16,8,16),(1757,3,16,9,16),(1758,3,16,10,16),(1759,3,16,11,16),(1760,11,16,16,16),(1761,6,16,21,16),(1762,6,16,22,16),(1763,6,16,23,16),(1764,6,16,26,16),(1765,9,16,27,16),(1766,4,16,1,17),(1767,4,16,2,17),(1768,4,16,3,17),(1769,4,16,4,17),(1770,4,16,5,17),(1771,3,16,7,17),(1772,3,16,8,17),(1773,3,16,9,17),(1774,3,16,10,17),(1775,3,16,11,17),(1776,6,16,20,17),(1777,6,16,21,17),(1778,6,16,22,17),(1779,6,16,23,17),(1780,6,16,24,17),(1781,6,16,26,17),(1782,4,16,0,18),(1783,4,16,1,18),(1784,4,16,3,18),(1785,3,16,7,18),(1786,3,16,11,18),(1787,6,16,12,18),(1788,6,16,21,18),(1789,6,16,22,18),(1790,6,16,26,18),(1791,14,16,37,18),(1792,4,16,1,19),(1793,4,16,3,19),(1794,6,16,6,19),(1795,6,16,7,19),(1796,6,16,9,19),(1797,6,16,11,19),(1798,6,16,12,19),(1799,6,16,21,19),(1800,6,16,22,19),(1801,6,16,23,19),(1802,6,16,24,19),(1803,6,16,7,20),(1804,6,16,8,20),(1805,6,16,9,20),(1806,6,16,10,20),(1807,6,16,11,20),(1808,6,16,12,20),(1809,6,16,22,20),(1810,6,16,24,20),(1811,6,16,25,20),(1812,6,16,8,21),(1813,6,16,10,21),(1814,6,16,11,21),(1815,6,16,12,21),(1816,6,16,22,21),(1817,6,16,23,21),(1818,5,16,0,22),(1819,5,16,1,22),(1820,3,16,2,22),(1821,3,16,3,22),(1822,3,16,5,22),(1823,3,16,6,22),(1824,3,16,7,22),(1825,3,16,8,22),(1826,6,16,9,22),(1827,6,16,10,22),(1828,5,16,11,22),(1829,5,16,12,22),(1830,1,16,19,22),(1831,6,16,22,22),(1832,6,16,23,22),(1833,4,16,44,22),(1834,5,16,0,23),(1835,5,16,1,23),(1836,3,16,2,23),(1837,3,16,3,23),(1838,3,16,4,23),(1839,3,16,5,23),(1840,3,16,6,23),(1841,3,16,7,23),(1842,3,16,8,23),(1843,6,16,9,23),(1844,6,16,10,23),(1845,6,16,11,23),(1846,5,16,12,23),(1847,4,16,44,23),(1848,4,16,45,23),(1849,5,16,0,24),(1850,5,16,1,24),(1851,5,16,2,24),(1852,3,16,3,24),(1853,3,16,4,24),(1854,3,16,5,24),(1855,3,16,6,24),(1856,6,16,9,24),(1857,6,16,10,24),(1858,5,16,11,24),(1859,5,16,12,24),(1860,5,16,13,24),(1861,5,16,14,24),(1862,0,16,24,24),(1863,3,16,38,24),(1864,3,16,40,24),(1865,4,16,42,24),(1866,4,16,43,24),(1867,4,16,44,24),(1868,4,16,45,24),(1869,4,16,46,24),(1870,5,16,0,25),(1871,5,16,1,25),(1872,5,16,2,25),(1873,5,16,3,25),(1874,3,16,4,25),(1875,3,16,5,25),(1876,3,16,6,25),(1877,3,16,7,25),(1878,8,16,9,25),(1879,5,16,12,25),(1880,5,16,13,25),(1881,5,16,14,25),(1882,5,16,16,25),(1883,11,16,31,25),(1884,3,16,38,25),(1885,3,16,39,25),(1886,3,16,40,25),(1887,4,16,41,25),(1888,4,16,42,25),(1889,4,16,43,25),(1890,4,16,44,25),(1891,4,16,45,25),(1892,4,16,46,25),(1893,5,16,0,26),(1894,5,16,1,26),(1895,5,16,2,26),(1896,5,16,3,26),(1897,5,16,4,26),(1898,3,16,5,26),(1899,3,16,6,26),(1900,3,16,7,26),(1901,5,16,12,26),(1902,5,16,13,26),(1903,5,16,14,26),(1904,5,16,15,26),(1905,5,16,16,26),(1906,5,16,17,26),(1907,3,16,35,26),(1908,3,16,36,26),(1909,3,16,37,26),(1910,3,16,38,26),(1911,3,16,39,26),(1912,4,16,40,26),(1913,4,16,41,26),(1914,4,16,42,26),(1915,4,16,43,26),(1916,4,16,44,26),(1917,4,16,45,26),(1918,5,16,0,27),(1919,5,16,1,27),(1920,5,16,2,27),(1921,5,16,3,27),(1922,5,16,4,27),(1923,3,16,5,27),(1924,3,16,7,27),(1925,3,16,8,27),(1926,5,16,12,27),(1927,5,16,13,27),(1928,5,16,14,27),(1929,5,16,15,27),(1930,9,16,16,27),(1931,10,16,27,27),(1932,3,16,37,27),(1933,3,16,38,27),(1934,3,16,39,27),(1935,3,16,40,27),(1936,3,16,41,27),(1937,4,16,43,27),(1938,5,16,0,28),(1939,5,16,1,28),(1940,5,16,2,28),(1941,5,16,3,28),(1942,5,16,4,28),(1943,13,16,5,28),(1944,5,16,11,28),(1945,5,16,12,28),(1946,5,16,13,28),(1947,5,16,14,28),(1948,5,16,15,28),(1949,3,16,37,28),(1950,3,16,38,28),(1951,3,16,39,28),(1952,3,16,40,28),(1953,3,16,41,28),(1954,5,16,0,29),(1955,5,16,1,29),(1956,2,16,2,29),(1957,5,16,11,29),(1958,5,16,12,29),(1959,5,16,13,29),(1960,5,16,14,29),(1961,5,16,15,29),(1962,3,16,36,29),(1963,3,16,37,29),(1964,3,16,39,29),(1965,5,16,0,30),(1966,5,16,1,30),(1967,5,16,4,30),(1968,5,16,5,30),(1969,5,16,11,30),(1970,5,16,12,30),(1971,5,16,13,30),(1972,5,16,14,30),(1973,5,16,15,30),(1974,3,16,38,30),(1975,3,16,39,30),(1976,5,16,0,31),(1977,5,16,1,31),(1978,5,16,2,31),(1979,5,16,3,31),(1980,5,16,4,31),(1981,5,16,5,31),(1982,5,16,6,31),(1983,5,16,11,31),(1984,5,16,12,31),(1985,5,16,13,31),(1986,3,16,38,31),(1987,3,16,39,31),(1988,3,17,3,0),(1989,3,17,4,0),(1990,3,17,5,0),(1991,4,17,6,0),(1992,4,17,7,0),(1993,4,17,8,0),(1994,4,17,9,0),(1995,5,17,15,0),(1996,5,17,16,0),(1997,5,17,17,0),(1998,5,17,18,0),(1999,5,17,19,0),(2000,5,17,20,0),(2001,4,17,43,0),(2002,4,17,44,0),(2003,4,17,45,0),(2004,4,17,46,0),(2005,4,17,47,0),(2006,4,17,48,0),(2007,4,17,49,0),(2008,4,17,50,0),(2009,4,17,51,0),(2010,0,17,54,0),(2011,3,17,0,1),(2012,3,17,1,1),(2013,3,17,2,1),(2014,3,17,3,1),(2015,4,17,6,1),(2016,4,17,8,1),(2017,4,17,9,1),(2018,2,17,11,1),(2019,5,17,13,1),(2020,5,17,14,1),(2021,5,17,15,1),(2022,5,17,17,1),(2023,0,17,26,1),(2024,9,17,31,1),(2025,4,17,45,1),(2026,4,17,46,1),(2027,4,17,47,1),(2028,7,17,48,1),(2029,4,17,49,1),(2030,3,17,0,2),(2031,3,17,1,2),(2032,3,17,2,2),(2033,3,17,3,2),(2034,4,17,6,2),(2035,4,17,7,2),(2036,4,17,8,2),(2037,4,17,9,2),(2038,5,17,10,2),(2039,5,17,14,2),(2040,5,17,15,2),(2041,5,17,16,2),(2042,5,17,17,2),(2043,6,17,20,2),(2044,7,17,44,2),(2045,7,17,45,2),(2046,4,17,46,2),(2047,4,17,47,2),(2048,7,17,48,2),(2049,7,17,49,2),(2050,13,17,51,2),(2051,3,17,0,3),(2052,3,17,1,3),(2053,3,17,2,3),(2054,3,17,3,3),(2055,4,17,7,3),(2056,4,17,8,3),(2057,5,17,9,3),(2058,5,17,10,3),(2059,5,17,11,3),(2060,0,17,12,3),(2061,4,17,15,3),(2062,5,17,16,3),(2063,5,17,17,3),(2064,5,17,18,3),(2065,6,17,20,3),(2066,0,17,27,3),(2067,7,17,45,3),(2068,7,17,46,3),(2069,7,17,47,3),(2070,7,17,48,3),(2071,7,17,49,3),(2072,7,17,50,3),(2073,3,17,0,4),(2074,3,17,1,4),(2075,3,17,2,4),(2076,3,17,3,4),(2077,3,17,4,4),(2078,5,17,5,4),(2079,4,17,7,4),(2080,4,17,8,4),(2081,5,17,9,4),(2082,4,17,10,4),(2083,5,17,11,4),(2084,4,17,15,4),(2085,4,17,16,4),(2086,6,17,19,4),(2087,6,17,20,4),(2088,1,17,30,4),(2089,11,17,37,4),(2090,7,17,44,4),(2091,7,17,45,4),(2092,7,17,46,4),(2093,7,17,47,4),(2094,7,17,48,4),(2095,7,17,49,4),(2096,7,17,50,4),(2097,7,17,51,4),(2098,7,17,52,4),(2099,7,17,53,4),(2100,5,17,2,5),(2101,5,17,3,5),(2102,5,17,4,5),(2103,5,17,5,5),(2104,5,17,6,5),(2105,5,17,7,5),(2106,5,17,8,5),(2107,5,17,9,5),(2108,4,17,10,5),(2109,4,17,11,5),(2110,4,17,12,5),(2111,4,17,13,5),(2112,4,17,14,5),(2113,4,17,15,5),(2114,4,17,16,5),(2115,6,17,19,5),(2116,6,17,20,5),(2117,4,17,33,5),(2118,7,17,42,5),(2119,7,17,43,5),(2120,7,17,44,5),(2121,7,17,45,5),(2122,7,17,46,5),(2123,7,17,47,5),(2124,6,17,48,5),(2125,6,17,49,5),(2126,7,17,50,5),(2127,7,17,52,5),(2128,5,17,1,6),(2129,5,17,2,6),(2130,5,17,3,6),(2131,5,17,4,6),(2132,5,17,7,6),(2133,5,17,8,6),(2134,5,17,9,6),(2135,5,17,10,6),(2136,4,17,13,6),(2137,4,17,14,6),(2138,4,17,15,6),(2139,6,17,18,6),(2140,6,17,19,6),(2141,4,17,32,6),(2142,4,17,33,6),(2143,4,17,34,6),(2144,7,17,44,6),(2145,7,17,45,6),(2146,7,17,46,6),(2147,7,17,47,6),(2148,6,17,48,6),(2149,6,17,49,6),(2150,7,17,50,6),(2151,5,17,0,7),(2152,5,17,1,7),(2153,5,17,2,7),(2154,5,17,3,7),(2155,5,17,4,7),(2156,5,17,9,7),(2157,4,17,14,7),(2158,6,17,19,7),(2159,14,17,24,7),(2160,2,17,27,7),(2161,4,17,31,7),(2162,4,17,32,7),(2163,4,17,33,7),(2164,4,17,34,7),(2165,7,17,44,7),(2166,7,17,45,7),(2167,7,17,46,7),(2168,7,17,47,7),(2169,6,17,48,7),(2170,5,17,0,8),(2171,5,17,1,8),(2172,5,17,3,8),(2173,6,17,19,8),(2174,4,17,29,8),(2175,4,17,30,8),(2176,4,17,31,8),(2177,4,17,32,8),(2178,4,17,33,8),(2179,4,17,34,8),(2180,7,17,45,8),(2181,7,17,46,8),(2182,6,17,47,8),(2183,6,17,48,8),(2184,6,17,49,8),(2185,13,17,51,8),(2186,1,17,18,9),(2187,4,17,33,9),(2188,7,17,44,9),(2189,7,17,45,9),(2190,6,17,47,9),(2191,6,17,48,9),(2192,12,17,11,10),(2193,10,17,29,10),(2194,12,17,33,10),(2195,0,17,49,10),(2196,3,17,52,10),(2197,3,17,53,10),(2198,3,17,54,10),(2199,3,17,55,10),(2200,5,17,21,11),(2201,5,17,22,11),(2202,4,17,27,11),(2203,3,17,51,11),(2204,3,17,53,11),(2205,3,17,54,11),(2206,5,17,55,11),(2207,3,17,56,11),(2208,3,17,57,11),(2209,3,17,3,12),(2210,5,17,21,12),(2211,4,17,27,12),(2212,3,17,51,12),(2213,3,17,52,12),(2214,3,17,53,12),(2215,3,17,54,12),(2216,3,17,55,12),(2217,3,17,56,12),(2218,3,17,2,13),(2219,3,17,3,13),(2220,5,17,20,13),(2221,5,17,21,13),(2222,8,17,22,13),(2223,4,17,25,13),(2224,4,17,27,13),(2225,9,17,40,13),(2226,6,17,50,13),(2227,3,17,52,13),(2228,3,17,54,13),(2229,3,17,55,13),(2230,3,17,56,13),(2231,3,17,57,13),(2232,3,17,0,14),(2233,3,17,1,14),(2234,3,17,3,14),(2235,3,17,4,14),(2236,3,17,5,14),(2237,5,17,19,14),(2238,5,17,20,14),(2239,5,17,21,14),(2240,4,17,25,14),(2241,4,17,26,14),(2242,4,17,27,14),(2243,6,17,49,14),(2244,6,17,50,14),(2245,6,17,51,14),(2246,6,17,52,14),(2247,6,17,53,14),(2248,3,17,56,14),(2249,3,17,0,15),(2250,3,17,1,15),(2251,3,17,2,15),(2252,3,17,3,15),(2253,3,17,4,15),(2254,3,17,5,15),(2255,3,17,6,15),(2256,5,17,20,15),(2257,5,17,21,15),(2258,4,17,25,15),(2259,4,17,27,15),(2260,4,17,28,15),(2261,6,17,50,15),(2262,6,17,52,15),(2263,6,17,53,15),(2264,3,17,2,16),(2265,3,17,3,16),(2266,3,17,4,16),(2267,3,17,5,16),(2268,3,17,6,16),(2269,3,17,7,16),(2270,5,17,16,16),(2271,5,17,17,16),(2272,5,17,18,16),(2273,5,17,19,16),(2274,5,17,20,16),(2275,5,17,21,16),(2276,5,17,22,16),(2277,4,17,25,16),(2278,4,17,26,16),(2279,4,17,27,16),(2280,4,17,28,16),(2281,4,17,29,16),(2282,6,17,50,16),(2283,6,20,11,0),(2284,6,20,12,0),(2285,6,20,13,0),(2286,6,20,14,0),(2287,7,20,15,0),(2288,7,20,16,0),(2289,7,20,17,0),(2290,7,20,18,0),(2291,7,20,19,0),(2292,7,20,20,0),(2293,7,20,21,0),(2294,6,20,25,0),(2295,6,20,26,0),(2296,6,20,27,0),(2297,6,20,28,0),(2298,6,20,29,0),(2299,4,20,47,0),(2300,4,20,48,0),(2301,4,20,49,0),(2302,4,20,50,0),(2303,7,20,1,1),(2304,7,20,2,1),(2305,7,20,4,1),(2306,6,20,10,1),(2307,6,20,11,1),(2308,6,20,12,1),(2309,6,20,13,1),(2310,6,20,14,1),(2311,6,20,15,1),(2312,7,20,16,1),(2313,7,20,17,1),(2314,7,20,18,1),(2315,7,20,19,1),(2316,7,20,20,1),(2317,6,20,26,1),(2318,6,20,28,1),(2319,10,20,38,1),(2320,4,20,47,1),(2321,4,20,48,1),(2322,4,20,49,1),(2323,4,20,50,1),(2324,4,20,51,1),(2325,4,20,52,1),(2326,7,20,1,2),(2327,7,20,2,2),(2328,7,20,3,2),(2329,7,20,4,2),(2330,8,20,5,2),(2331,6,20,10,2),(2332,9,20,11,2),(2333,6,20,15,2),(2334,7,20,16,2),(2335,7,20,17,2),(2336,7,20,18,2),(2337,7,20,19,2),(2338,7,20,20,2),(2339,7,20,21,2),(2340,7,20,22,2),(2341,6,20,28,2),(2342,6,20,29,2),(2343,9,20,33,2),(2344,4,20,44,2),(2345,4,20,46,2),(2346,4,20,47,2),(2347,4,20,49,2),(2348,4,20,50,2),(2349,4,20,51,2),(2350,7,20,0,3),(2351,7,20,1,3),(2352,7,20,2,3),(2353,7,20,3,3),(2354,7,20,4,3),(2355,3,20,9,3),(2356,3,20,10,3),(2357,7,20,15,3),(2358,7,20,16,3),(2359,7,20,17,3),(2360,7,20,18,3),(2361,7,20,19,3),(2362,7,20,20,3),(2363,7,20,21,3),(2364,7,20,22,3),(2365,5,20,43,3),(2366,4,20,44,3),(2367,4,20,45,3),(2368,4,20,46,3),(2369,4,20,47,3),(2370,4,20,48,3),(2371,4,20,53,3),(2372,7,20,1,4),(2373,7,20,2,4),(2374,7,20,3,4),(2375,7,20,4,4),(2376,3,20,9,4),(2377,3,20,10,4),(2378,7,20,15,4),(2379,7,20,16,4),(2380,7,20,17,4),(2381,7,20,18,4),(2382,7,20,19,4),(2383,7,20,20,4),(2384,7,20,21,4),(2385,5,20,43,4),(2386,5,20,44,4),(2387,5,20,45,4),(2388,4,20,46,4),(2389,4,20,47,4),(2390,4,20,48,4),(2391,4,20,51,4),(2392,4,20,53,4),(2393,7,20,2,5),(2394,7,20,3,5),(2395,7,20,4,5),(2396,7,20,5,5),(2397,7,20,6,5),(2398,3,20,7,5),(2399,0,20,8,5),(2400,3,20,10,5),(2401,3,20,11,5),(2402,3,20,12,5),(2403,3,20,13,5),(2404,3,20,14,5),(2405,7,20,15,5),(2406,3,20,16,5),(2407,7,20,17,5),(2408,7,20,18,5),(2409,7,20,19,5),(2410,7,20,21,5),(2411,5,20,39,5),(2412,5,20,40,5),(2413,5,20,41,5),(2414,5,20,42,5),(2415,5,20,43,5),(2416,4,20,46,5),(2417,4,20,47,5),(2418,4,20,48,5),(2419,4,20,49,5),(2420,4,20,51,5),(2421,4,20,52,5),(2422,4,20,53,5),(2423,4,20,54,5),(2424,7,20,2,6),(2425,7,20,3,6),(2426,7,20,4,6),(2427,7,20,5,6),(2428,3,20,6,6),(2429,3,20,7,6),(2430,3,20,10,6),(2431,3,20,11,6),(2432,3,20,12,6),(2433,3,20,13,6),(2434,3,20,14,6),(2435,3,20,15,6),(2436,3,20,16,6),(2437,7,20,17,6),(2438,7,20,18,6),(2439,6,20,36,6),(2440,5,20,42,6),(2441,5,20,43,6),(2442,4,20,44,6),(2443,4,20,46,6),(2444,4,20,49,6),(2445,4,20,50,6),(2446,4,20,51,6),(2447,4,20,52,6),(2448,4,20,53,6),(2449,6,20,54,6),(2450,7,20,1,7),(2451,7,20,3,7),(2452,7,20,4,7),(2453,3,20,5,7),(2454,3,20,6,7),(2455,3,20,7,7),(2456,3,20,8,7),(2457,3,20,9,7),(2458,3,20,10,7),(2459,3,20,11,7),(2460,3,20,12,7),(2461,3,20,13,7),(2462,3,20,15,7),(2463,3,20,16,7),(2464,3,20,17,7),(2465,13,20,29,7),(2466,6,20,35,7),(2467,6,20,36,7),(2468,4,20,41,7),(2469,5,20,42,7),(2470,4,20,43,7),(2471,4,20,44,7),(2472,4,20,49,7),(2473,4,20,50,7),(2474,4,20,51,7),(2475,4,20,52,7),(2476,4,20,53,7),(2477,4,20,54,7),(2478,7,20,0,8),(2479,7,20,1,8),(2480,7,20,2,8),(2481,7,20,3,8),(2482,7,20,4,8),(2483,3,20,6,8),(2484,3,20,7,8),(2485,3,20,8,8),(2486,3,20,9,8),(2487,3,20,10,8),(2488,3,20,11,8),(2489,3,20,12,8),(2490,3,20,13,8),(2491,3,20,15,8),(2492,3,20,16,8),(2493,3,20,17,8),(2494,11,20,18,8),(2495,6,20,35,8),(2496,4,20,40,8),(2497,4,20,41,8),(2498,5,20,42,8),(2499,4,20,43,8),(2500,4,20,45,8),(2501,4,20,46,8),(2502,4,20,47,8),(2503,4,20,52,8),(2504,4,20,53,8),(2505,4,20,54,8),(2506,7,20,2,9),(2507,7,20,4,9),(2508,3,20,9,9),(2509,3,20,10,9),(2510,3,20,12,9),(2511,3,20,13,9),(2512,3,20,14,9),(2513,0,20,25,9),(2514,5,20,32,9),(2515,5,20,33,9),(2516,6,20,34,9),(2517,6,20,35,9),(2518,6,20,36,9),(2519,4,20,41,9),(2520,4,20,42,9),(2521,4,20,43,9),(2522,4,20,44,9),(2523,4,20,45,9),(2524,4,20,46,9),(2525,4,20,47,9),(2526,4,20,52,9),(2527,4,20,53,9),(2528,4,20,54,9),(2529,7,20,4,10),(2530,7,20,5,10),(2531,7,20,6,10),(2532,3,20,8,10),(2533,3,20,9,10),(2534,3,20,10,10),(2535,3,20,11,10),(2536,3,20,12,10),(2537,5,20,30,10),(2538,5,20,31,10),(2539,5,20,32,10),(2540,5,20,33,10),(2541,6,20,36,10),(2542,6,20,37,10),(2543,6,20,38,10),(2544,6,20,39,10),(2545,4,20,40,10),(2546,4,20,41,10),(2547,4,20,42,10),(2548,4,20,43,10),(2549,4,20,45,10),(2550,4,20,46,10),(2551,4,20,51,10),(2552,4,20,52,10),(2553,4,20,53,10),(2554,4,20,54,10),(2555,7,20,4,11),(2556,7,20,5,11),(2557,7,20,6,11),(2558,3,20,8,11),(2559,3,20,10,11),(2560,5,20,11,11),(2561,5,20,29,11),(2562,5,20,30,11),(2563,5,20,31,11),(2564,5,20,32,11),(2565,5,20,33,11),(2566,6,20,36,11),(2567,4,20,40,11),(2568,4,20,42,11),(2569,4,20,43,11),(2570,4,20,44,11),(2571,4,20,51,11),(2572,4,20,52,11),(2573,4,20,53,11),(2574,5,20,11,12),(2575,5,20,29,12),(2576,4,20,31,12),(2577,5,20,32,12),(2578,4,20,41,12),(2579,4,20,42,12),(2580,4,20,43,12),(2581,3,20,44,12),(2582,5,20,49,12),(2583,4,20,51,12),(2584,4,20,52,12),(2585,5,20,11,13),(2586,5,20,12,13),(2587,8,20,15,13),(2588,3,20,24,13),(2589,3,20,25,13),(2590,3,20,26,13),(2591,3,20,27,13),(2592,4,20,29,13),(2593,4,20,30,13),(2594,4,20,31,13),(2595,4,20,32,13),(2596,4,20,33,13),(2597,3,20,39,13),(2598,3,20,40,13),(2599,4,20,41,13),(2600,3,20,42,13),(2601,3,20,43,13),(2602,3,20,44,13),(2603,3,20,45,13),(2604,5,20,49,13),(2605,4,20,51,13),(2606,4,20,52,13),(2607,0,20,6,14),(2608,5,20,10,14),(2609,5,20,11,14),(2610,5,20,12,14),(2611,5,20,13,14),(2612,3,20,24,14),(2613,3,20,25,14),(2614,4,20,27,14),(2615,4,20,28,14),(2616,4,20,29,14),(2617,4,20,30,14),(2618,4,20,31,14),(2619,3,20,37,14),(2620,3,20,38,14),(2621,3,20,39,14),(2622,3,20,40,14),(2623,4,20,41,14),(2624,3,20,42,14),(2625,3,20,43,14),(2626,3,20,44,14),(2627,3,20,45,14),(2628,5,20,49,14),(2629,5,20,50,14),(2630,5,20,51,14),(2631,0,20,4,15),(2632,5,20,11,15),(2633,5,20,12,15),(2634,3,20,22,15),(2635,3,20,23,15),(2636,3,20,24,15),(2637,3,20,25,15),(2638,3,20,26,15),(2639,3,20,27,15),(2640,3,20,28,15),(2641,4,20,29,15),(2642,4,20,30,15),(2643,4,20,31,15),(2644,4,20,32,15),(2645,4,20,34,15),(2646,3,20,37,15),(2647,3,20,39,15),(2648,3,20,40,15),(2649,3,20,41,15),(2650,3,20,42,15),(2651,3,20,43,15),(2652,3,20,44,15),(2653,3,20,45,15),(2654,5,20,48,15),(2655,5,20,49,15),(2656,5,20,51,15),(2657,5,20,52,15),(2658,5,20,10,16),(2659,5,20,11,16),(2660,5,20,12,16),(2661,3,20,22,16),(2662,3,20,23,16),(2663,3,20,24,16),(2664,3,20,25,16),(2665,3,20,26,16),(2666,3,20,27,16),(2667,3,20,28,16),(2668,3,20,29,16),(2669,3,20,30,16),(2670,4,20,31,16),(2671,4,20,32,16),(2672,4,20,34,16),(2673,4,20,35,16),(2674,3,20,38,16),(2675,3,20,40,16),(2676,3,20,41,16),(2677,3,20,42,16),(2678,3,20,43,16),(2679,0,20,44,16),(2680,5,20,50,16),(2681,5,20,51,16),(2682,3,20,24,17),(2683,3,20,25,17),(2684,3,20,26,17),(2685,3,20,27,17),(2686,3,20,28,17),(2687,4,20,29,17),(2688,4,20,30,17),(2689,4,20,31,17),(2690,4,20,32,17),(2691,4,20,33,17),(2692,4,20,34,17),(2693,3,20,37,17),(2694,3,20,38,17),(2695,3,20,39,17),(2696,3,20,40,17),(2697,3,20,42,17),(2698,3,20,43,17),(2699,5,20,51,17),(2700,12,20,1,18),(2701,0,20,9,18),(2702,4,20,11,18),(2703,3,20,22,18),(2704,3,20,23,18),(2705,3,20,24,18),(2706,3,20,25,18),(2707,3,20,26,18),(2708,3,20,27,18),(2709,3,20,28,18),(2710,3,20,29,18),(2711,3,20,30,18),(2712,4,20,31,18),(2713,4,20,32,18),(2714,4,20,33,18),(2715,4,20,34,18),(2716,3,20,39,18),(2717,3,20,40,18),(2718,3,20,41,18),(2719,3,20,42,18),(2720,1,20,43,18),(2721,5,20,51,18),(2722,0,20,52,18),(2723,4,20,11,19),(2724,4,20,12,19),(2725,4,20,13,19),(2726,3,20,22,19),(2727,3,20,23,19),(2728,3,20,24,19),(2729,3,20,25,19),(2730,3,20,26,19),(2731,3,20,27,19),(2732,3,20,28,19),(2733,3,20,29,19),(2734,4,20,32,19),(2735,4,20,34,19),(2736,3,20,35,19),(2737,3,20,36,19),(2738,3,20,37,19),(2739,3,20,38,19),(2740,3,20,39,19),(2741,3,20,40,19),(2742,3,20,41,19),(2743,3,20,42,19),(2744,4,20,11,20),(2745,4,20,12,20),(2746,13,20,13,20),(2747,3,20,22,20),(2748,3,20,24,20),(2749,3,20,26,20),(2750,3,20,27,20),(2751,3,20,28,20),(2752,3,20,29,20),(2753,12,20,32,20),(2754,3,20,38,20),(2755,3,20,39,20),(2756,3,20,40,20),(2757,3,20,41,20),(2758,3,20,42,20),(2759,4,20,9,21),(2760,4,20,10,21),(2761,4,20,11,21),(2762,4,20,12,21),(2763,3,20,24,21),(2764,3,20,25,21),(2765,3,20,26,21),(2766,3,20,27,21),(2767,3,20,38,21),(2768,3,20,39,21),(2769,3,20,40,21),(2770,3,20,41,21),(2771,3,20,42,21),(2772,4,20,8,22),(2773,4,20,9,22),(2774,4,20,11,22),(2775,4,20,12,22),(2776,4,20,13,22),(2777,6,20,14,22),(2778,4,20,15,22),(2779,3,20,26,22),(2780,6,20,38,22),(2781,3,20,39,22),(2782,6,20,40,22),(2783,14,20,45,22),(2784,4,20,9,23),(2785,4,20,11,23),(2786,4,20,12,23),(2787,4,20,13,23),(2788,6,20,14,23),(2789,4,20,15,23),(2790,4,20,16,23),(2791,3,20,26,23),(2792,3,20,27,23),(2793,6,20,38,23),(2794,6,20,39,23),(2795,6,20,40,23),(2796,6,20,41,23),(2797,6,20,42,23),(2798,6,20,43,23),(2799,2,20,1,24),(2800,6,20,3,24),(2801,6,20,4,24),(2802,6,20,5,24),(2803,4,20,10,24),(2804,4,20,11,24),(2805,4,20,12,24),(2806,4,20,13,24),(2807,4,20,14,24),(2808,4,20,15,24),(2809,6,20,41,24),(2810,6,20,43,24),(2811,6,20,44,24),(2812,6,20,3,25),(2813,6,20,4,25),(2814,4,20,13,25),(2815,4,20,14,25),(2816,4,20,15,25),(2817,6,20,41,25),(2818,6,20,0,26),(2819,6,20,1,26),(2820,6,20,2,26),(2821,6,20,3,26),(2822,6,20,4,26),(2823,6,20,5,26),(2824,6,20,6,26),(2825,4,20,13,26),(2826,3,21,3,0),(2827,3,21,4,0),(2828,3,21,5,0),(2829,3,21,6,0),(2830,8,21,7,0),(2831,4,21,10,0),(2832,4,21,11,0),(2833,0,21,12,0),(2834,1,21,21,0),(2835,12,21,24,0),(2836,5,21,0,1),(2837,3,21,6,1),(2838,4,21,10,1),(2839,4,21,11,1),(2840,5,21,0,2),(2841,14,21,3,2),(2842,3,21,6,2),(2843,4,21,10,2),(2844,1,21,11,2),(2845,0,21,22,2),(2846,5,21,0,3),(2847,5,21,1,3),(2848,5,21,2,3),(2849,4,21,10,3),(2850,0,21,13,3),(2851,11,21,16,3),(2852,6,21,30,3),(2853,6,21,31,3),(2854,6,21,32,3),(2855,6,21,33,3),(2856,5,21,0,4),(2857,5,21,1,4),(2858,5,21,2,4),(2859,2,21,10,4),(2860,5,21,21,4),(2861,5,21,22,4),(2862,6,21,30,4),(2863,6,21,31,4),(2864,6,21,32,4),(2865,6,21,33,4),(2866,5,21,0,5),(2867,5,21,1,5),(2868,5,21,2,5),(2869,5,21,20,5),(2870,5,21,21,5),(2871,5,21,22,5),(2872,5,21,23,5),(2873,0,21,30,5),(2874,6,21,32,5),(2875,6,21,33,5),(2876,5,21,0,6),(2877,5,21,1,6),(2878,5,21,2,6),(2879,3,21,12,6),(2880,5,21,20,6),(2881,5,21,21,6),(2882,5,21,22,6),(2883,5,21,23,6),(2884,7,21,38,6),(2885,7,21,39,6),(2886,5,21,1,7),(2887,3,21,4,7),(2888,3,21,12,7),(2889,3,21,13,7),(2890,2,21,14,7),(2891,5,21,20,7),(2892,5,21,21,7),(2893,5,21,22,7),(2894,5,21,23,7),(2895,10,21,25,7),(2896,7,21,37,7),(2897,7,21,38,7),(2898,7,21,39,7),(2899,5,21,1,8),(2900,3,21,2,8),(2901,3,21,3,8),(2902,3,21,4,8),(2903,3,21,5,8),(2904,12,21,6,8),(2905,3,21,12,8),(2906,3,21,13,8),(2907,5,21,20,8),(2908,0,21,21,8),(2909,5,21,23,8),(2910,4,21,29,8),(2911,0,21,36,8),(2912,7,21,38,8),(2913,7,21,39,8),(2914,5,21,1,9),(2915,0,21,2,9),(2916,3,21,4,9),(2917,3,21,13,9),(2918,5,21,15,9),(2919,5,21,20,9),(2920,0,21,23,9),(2921,4,21,29,9),(2922,4,21,30,9),(2923,7,21,38,9),(2924,7,21,39,9),(2925,5,21,15,10),(2926,5,21,16,10),(2927,4,21,29,10),(2928,4,21,30,10),(2929,4,21,31,10),(2930,7,21,38,10),(2931,7,21,39,10),(2932,5,21,16,11),(2933,8,21,17,11),(2934,9,21,22,11),(2935,6,21,30,11),(2936,6,21,31,11),(2937,6,21,32,11),(2938,7,21,38,11),(2939,7,21,39,11),(2940,3,21,4,12),(2941,3,21,5,12),(2942,5,21,14,12),(2943,5,21,16,12),(2944,6,21,30,12),(2945,6,21,31,12),(2946,13,21,33,12),(2947,3,21,39,12),(2948,4,21,1,13),(2949,4,21,3,13),(2950,3,21,4,13),(2951,3,21,5,13),(2952,5,21,13,13),(2953,5,21,14,13),(2954,5,21,15,13),(2955,5,21,16,13),(2956,6,21,26,13),(2957,6,21,27,13),(2958,4,21,31,13),(2959,4,21,32,13),(2960,3,21,39,13),(2961,4,21,0,14),(2962,4,21,1,14),(2963,4,21,2,14),(2964,4,21,3,14),(2965,3,21,4,14),(2966,3,21,5,14),(2967,5,21,12,14),(2968,5,21,13,14),(2969,5,21,14,14),(2970,5,21,15,14),(2971,5,21,16,14),(2972,5,21,17,14),(2973,5,21,18,14),(2974,4,21,20,14),(2975,4,21,21,14),(2976,4,21,22,14),(2977,4,21,23,14),(2978,4,21,24,14),(2979,6,21,25,14),(2980,6,21,26,14),(2981,6,21,27,14),(2982,4,21,32,14),(2983,4,21,33,14),(2984,4,21,34,14),(2985,4,21,35,14),(2986,3,21,37,14),(2987,3,21,38,14),(2988,3,21,39,14),(2989,5,27,0,0),(2990,5,27,1,0),(2991,5,27,2,0),(2992,5,27,3,0),(2993,5,27,4,0),(2994,5,27,5,0),(2995,5,27,6,0),(2996,5,27,7,0),(2997,3,27,25,0),(2998,3,27,26,0),(2999,3,27,27,0),(3000,3,27,28,0),(3001,3,27,29,0),(3002,3,27,30,0),(3003,3,27,31,0),(3004,3,27,32,0),(3005,3,27,33,0),(3006,3,27,34,0),(3007,3,27,35,0),(3008,6,27,36,0),(3009,6,27,37,0),(3010,5,27,0,1),(3011,11,27,1,1),(3012,5,27,5,1),(3013,5,27,6,1),(3014,5,27,7,1),(3015,0,27,14,1),(3016,1,27,18,1),(3017,4,27,25,1),(3018,3,27,26,1),(3019,4,27,27,1),(3020,4,27,28,1),(3021,4,27,29,1),(3022,4,27,30,1),(3023,3,27,31,1),(3024,3,27,32,1),(3025,3,27,35,1),(3026,6,27,36,1),(3027,6,27,37,1),(3028,6,27,38,1),(3029,6,27,39,1),(3030,5,27,0,2),(3031,5,27,5,2),(3032,5,27,6,2),(3033,5,27,7,2),(3034,0,27,9,2),(3035,6,27,12,2),(3036,4,27,25,2),(3037,4,27,26,2),(3038,4,27,28,2),(3039,3,27,31,2),(3040,11,27,36,2),(3041,5,27,0,3),(3042,5,27,6,3),(3043,6,27,12,3),(3044,6,27,18,3),(3045,6,27,19,3),(3046,4,27,24,3),(3047,4,27,25,3),(3048,4,27,26,3),(3049,4,27,27,3),(3050,4,27,28,3),(3051,3,27,30,3),(3052,3,27,31,3),(3053,5,27,0,4),(3054,5,27,6,4),(3055,6,27,11,4),(3056,6,27,12,4),(3057,0,27,13,4),(3058,6,27,19,4),(3059,6,27,20,4),(3060,6,27,21,4),(3061,4,27,25,4),(3062,4,27,26,4),(3063,4,27,27,4),(3064,4,27,28,4),(3065,3,27,29,4),(3066,3,27,30,4),(3067,3,27,31,4),(3068,3,27,32,4),(3069,3,27,33,4),(3070,5,27,0,5),(3071,5,27,6,5),(3072,6,27,11,5),(3073,6,27,12,5),(3074,12,27,17,5),(3075,3,27,23,5),(3076,3,27,24,5),(3077,3,27,25,5),(3078,6,27,26,5),(3079,6,27,27,5),(3080,6,27,28,5),(3081,6,27,29,5),(3082,3,27,31,5),(3083,5,27,0,6),(3084,7,27,5,6),(3085,5,27,6,6),(3086,3,27,23,6),(3087,3,27,24,6),(3088,3,27,26,6),(3089,3,27,27,6),(3090,6,27,28,6),(3091,6,27,29,6),(3092,3,27,0,7),(3093,7,27,4,7),(3094,7,27,5,7),(3095,7,27,6,7),(3096,3,27,23,7),(3097,3,27,24,7),(3098,3,27,25,7),(3099,3,27,26,7),(3100,3,27,28,7),(3101,3,27,0,8),(3102,3,27,1,8),(3103,3,27,2,8),(3104,2,27,3,8),(3105,7,27,5,8),(3106,7,27,6,8),(3107,7,27,7,8),(3108,7,27,8,8),(3109,3,27,25,8),(3110,3,27,26,8),(3111,3,27,27,8),(3112,3,27,28,8),(3113,8,27,32,8),(3114,3,27,1,9),(3115,3,27,2,9),(3116,7,27,5,9),(3117,7,27,6,9),(3118,3,27,24,9),(3119,3,27,25,9),(3120,3,27,26,9),(3121,3,27,0,10),(3122,3,27,1,10),(3123,3,27,2,10),(3124,3,27,3,10),(3125,10,27,4,10),(3126,3,27,25,10),(3127,3,27,26,10),(3128,5,27,36,10),(3129,3,27,0,11),(3130,3,27,1,11),(3131,3,27,2,11),(3132,3,27,3,11),(3133,4,27,16,11),(3134,4,27,17,11),(3135,3,27,26,11),(3136,5,27,32,11),(3137,5,27,33,11),(3138,5,27,34,11),(3139,5,27,35,11),(3140,5,27,36,11),(3141,3,27,0,12),(3142,3,27,1,12),(3143,3,27,2,12),(3144,3,27,3,12),(3145,4,27,17,12),(3146,4,27,18,12),(3147,4,27,19,12),(3148,1,27,30,12),(3149,5,27,32,12),(3150,5,27,34,12),(3151,5,27,35,12),(3152,3,27,1,13),(3153,3,27,2,13),(3154,4,27,14,13),(3155,4,27,15,13),(3156,4,27,16,13),(3157,4,27,17,13),(3158,4,27,18,13),(3159,4,27,19,13),(3160,4,27,20,13),(3161,5,27,32,13),(3162,5,27,33,13),(3163,5,27,34,13),(3164,5,27,35,13),(3165,5,27,36,13),(3166,3,27,2,14),(3167,3,27,3,14),(3168,3,27,4,14),(3169,9,27,11,14),(3170,4,27,15,14),(3171,4,27,16,14),(3172,4,27,17,14),(3173,4,27,18,14),(3174,4,27,19,14),(3175,4,27,20,14),(3176,5,27,23,14),(3177,5,27,33,14),(3178,5,27,34,14),(3179,5,27,35,14),(3180,5,27,36,14),(3181,5,27,37,14),(3182,3,27,2,15),(3183,2,27,5,15),(3184,5,27,23,15),(3185,5,27,24,15),(3186,0,27,25,15),(3187,12,27,27,15),(3188,0,27,33,15),(3189,5,27,35,15),(3190,5,27,36,15),(3191,5,27,37,15),(3192,5,27,23,16),(3193,5,27,24,16),(3194,5,27,35,16),(3195,4,27,37,16),(3196,4,27,40,16),(3197,13,27,1,17),(3198,14,27,8,17),(3199,14,27,11,17),(3200,5,27,21,17),(3201,5,27,22,17),(3202,5,27,23,17),(3203,5,27,24,17),(3204,5,27,33,17),(3205,5,27,35,17),(3206,4,27,36,17),(3207,4,27,37,17),(3208,4,27,39,17),(3209,4,27,40,17),(3210,5,27,22,18),(3211,5,27,24,18),(3212,5,27,25,18),(3213,5,27,33,18),(3214,5,27,34,18),(3215,5,27,35,18),(3216,5,27,36,18),(3217,4,27,37,18),(3218,4,27,38,18),(3219,4,27,39,18),(3220,4,27,40,18),(3221,7,27,1,19),(3222,7,27,2,19),(3223,7,27,3,19),(3224,0,27,5,19),(3225,5,27,21,19),(3226,5,27,22,19),(3227,5,27,23,19),(3228,5,27,24,19),(3229,5,27,25,19),(3230,5,27,26,19),(3231,5,27,33,19),(3232,5,27,34,19),(3233,5,27,35,19),(3234,5,27,36,19),(3235,5,27,37,19),(3236,4,27,38,19),(3237,4,27,39,19),(3238,4,27,40,19),(3239,7,27,0,20),(3240,7,27,1,20),(3241,7,27,3,20),(3242,7,27,4,20),(3243,5,27,21,20),(3244,5,27,23,20),(3245,5,27,24,20),(3246,5,27,26,20),(3247,5,27,33,20),(3248,5,27,34,20),(3249,5,27,35,20),(3250,5,27,36,20),(3251,5,27,37,20),(3252,4,27,38,20),(3253,4,27,39,20),(3254,4,27,40,20),(3255,7,27,1,21),(3256,7,27,2,21),(3257,7,27,3,21),(3258,7,27,4,21),(3259,5,27,23,21),(3260,5,27,24,21),(3261,5,27,31,21),(3262,5,27,32,21),(3263,5,27,33,21),(3264,5,27,34,21),(3265,5,27,35,21),(3266,5,27,36,21),(3267,5,27,37,21),(3268,4,27,38,21),(3269,4,27,39,21),(3270,5,39,0,0),(3271,5,39,1,0),(3272,5,39,2,0),(3273,5,39,3,0),(3274,5,39,4,0),(3275,3,39,20,0),(3276,3,39,21,0),(3277,3,39,22,0),(3278,3,39,23,0),(3279,0,39,27,0),(3280,5,39,33,0),(3281,7,39,34,0),(3282,7,39,35,0),(3283,5,39,1,1),(3284,5,39,2,1),(3285,5,39,3,1),(3286,5,39,4,1),(3287,3,39,20,1),(3288,3,39,21,1),(3289,3,39,22,1),(3290,3,39,23,1),(3291,5,39,33,1),(3292,7,39,34,1),(3293,7,39,35,1),(3294,5,39,1,2),(3295,0,39,6,2),(3296,13,39,8,2),(3297,9,39,19,2),(3298,14,39,25,2),(3299,5,39,32,2),(3300,5,39,33,2),(3301,5,39,34,2),(3302,7,39,35,2),(3303,3,39,1,3),(3304,5,39,33,3),(3305,5,39,34,3),(3306,5,39,35,3),(3307,3,39,1,4),(3308,0,39,14,4),(3309,5,39,33,4),(3310,3,39,1,5),(3311,3,39,2,5),(3312,13,39,5,5),(3313,0,39,21,5),(3314,6,39,23,5),(3315,14,39,29,5),(3316,3,39,0,6),(3317,3,39,1,6),(3318,3,39,2,6),(3319,5,39,4,6),(3320,1,39,11,6),(3321,6,39,23,6),(3322,6,39,24,6),(3323,6,39,25,6),(3324,3,39,0,7),(3325,3,39,1,7),(3326,3,39,2,7),(3327,5,39,3,7),(3328,5,39,4,7),(3329,5,39,5,7),(3330,5,39,6,7),(3331,5,39,7,7),(3332,5,39,8,7),(3333,3,39,21,7),(3334,3,39,22,7),(3335,6,39,24,7),(3336,3,39,0,8),(3337,3,39,1,8),(3338,3,39,2,8),(3339,5,39,3,8),(3340,5,39,4,8),(3341,5,39,5,8),(3342,12,39,6,8),(3343,3,39,19,8),(3344,3,39,20,8),(3345,3,39,21,8),(3346,3,39,22,8),(3347,6,39,24,8),(3348,4,39,25,8),(3349,4,39,26,8),(3350,3,39,0,9),(3351,8,39,3,9),(3352,3,39,19,9),(3353,3,39,22,9),(3354,4,39,23,9),(3355,4,39,24,9),(3356,4,39,25,9),(3357,4,39,26,9),(3358,4,39,25,10),(3359,4,39,26,10),(3360,4,39,27,10),(3361,4,39,24,11),(3362,4,39,25,11),(3363,4,39,26,11),(3364,4,39,27,11),(3365,4,39,28,11),(3366,12,39,29,11),(3367,3,39,2,12),(3368,3,39,3,12),(3369,3,39,4,12),(3370,3,39,5,12),(3371,10,39,12,12),(3372,4,39,22,12),(3373,4,39,23,12),(3374,4,39,24,12),(3375,4,39,25,12),(3376,4,39,26,12),(3377,4,39,28,12),(3378,3,39,3,13),(3379,4,39,22,13),(3380,4,39,24,13),(3381,9,39,25,13),(3382,3,39,2,14),(3383,3,39,3,14),(3384,4,39,4,14),(3385,4,39,8,14),(3386,4,39,9,14),(3387,4,39,22,14),(3388,3,39,2,15),(3389,4,39,3,15),(3390,4,39,4,15),(3391,10,39,5,15),(3392,4,39,9,15),(3393,6,39,19,15),(3394,6,39,20,15),(3395,6,39,21,15),(3396,6,39,22,15),(3397,4,39,0,16),(3398,4,39,2,16),(3399,4,39,3,16),(3400,4,39,4,16),(3401,4,39,9,16),(3402,4,39,10,16),(3403,11,39,13,16),(3404,6,39,19,16),(3405,6,39,20,16),(3406,11,39,21,16),(3407,4,39,0,17),(3408,2,39,1,17),(3409,4,39,3,17),(3410,4,39,9,17),(3411,4,39,10,17),(3412,4,39,11,17),(3413,4,39,12,17),(3414,6,39,18,17),(3415,6,39,30,17),(3416,6,39,31,17),(3417,8,39,32,17),(3418,4,39,0,18),(3419,4,39,3,18),(3420,4,39,4,18),(3421,4,39,9,18),(3422,4,39,10,18),(3423,4,39,11,18),(3424,4,39,12,18),(3425,6,39,18,18),(3426,6,39,29,18),(3427,6,39,30,18),(3428,6,39,31,18),(3429,4,39,0,19),(3430,4,39,1,19),(3431,4,39,2,19),(3432,4,39,3,19),(3433,4,39,4,19),(3434,7,39,5,19),(3435,7,39,6,19),(3436,7,39,7,19),(3437,7,39,8,19),(3438,7,39,9,19),(3439,4,39,10,19),(3440,4,39,11,19),(3441,4,39,12,19),(3442,6,39,18,19),(3443,6,39,29,19),(3444,0,39,30,19),(3445,4,39,0,20),(3446,4,39,2,20),(3447,4,39,3,20),(3448,4,39,4,20),(3449,7,39,5,20),(3450,7,39,6,20),(3451,7,39,7,20),(3452,7,39,8,20),(3453,4,39,9,20),(3454,4,39,10,20),(3455,4,39,11,20),(3456,7,39,17,20),(3457,6,39,18,20),(3458,6,39,19,20),(3459,4,39,2,21),(3460,4,39,3,21),(3461,7,39,4,21),(3462,7,39,5,21),(3463,7,39,6,21),(3464,7,39,7,21),(3465,7,39,8,21),(3466,4,39,9,21),(3467,4,39,11,21),(3468,4,39,12,21),(3469,7,39,17,21),(3470,7,39,18,21),(3471,7,39,19,21),(3472,7,39,20,21),(3473,4,39,3,22),(3474,4,39,4,22),(3475,7,39,5,22),(3476,7,39,6,22),(3477,7,39,7,22),(3478,7,39,8,22),(3479,7,39,9,22),(3480,4,39,10,22),(3481,4,39,11,22),(3482,4,39,12,22),(3483,7,39,18,22),(3484,7,39,19,22),(3485,3,40,0,0),(3486,3,40,1,0),(3487,3,40,2,0),(3488,3,40,3,0),(3489,4,40,11,0),(3490,4,40,12,0),(3491,4,40,13,0),(3492,4,40,14,0),(3493,4,40,15,0),(3494,7,40,39,0),(3495,7,40,40,0),(3496,7,40,43,0),(3497,3,40,0,1),(3498,3,40,1,1),(3499,3,40,3,1),(3500,6,40,7,1),(3501,4,40,10,1),(3502,4,40,11,1),(3503,4,40,12,1),(3504,4,40,13,1),(3505,4,40,14,1),(3506,4,40,15,1),(3507,4,40,20,1),(3508,0,40,29,1),(3509,6,40,33,1),(3510,7,40,39,1),(3511,7,40,40,1),(3512,7,40,41,1),(3513,7,40,42,1),(3514,7,40,43,1),(3515,3,40,0,2),(3516,3,40,1,2),(3517,3,40,2,2),(3518,3,40,3,2),(3519,3,40,5,2),(3520,6,40,6,2),(3521,6,40,7,2),(3522,4,40,10,2),(3523,4,40,11,2),(3524,4,40,13,2),(3525,4,40,18,2),(3526,4,40,19,2),(3527,4,40,20,2),(3528,6,40,26,2),(3529,6,40,28,2),(3530,6,40,31,2),(3531,6,40,33,2),(3532,7,40,40,2),(3533,7,40,42,2),(3534,7,40,43,2),(3535,3,40,0,3),(3536,3,40,1,3),(3537,3,40,2,3),(3538,3,40,3,3),(3539,3,40,5,3),(3540,6,40,6,3),(3541,4,40,10,3),(3542,4,40,11,3),(3543,4,40,13,3),(3544,4,40,14,3),(3545,4,40,19,3),(3546,0,40,23,3),(3547,6,40,25,3),(3548,6,40,26,3),(3549,6,40,27,3),(3550,6,40,28,3),(3551,6,40,29,3),(3552,6,40,30,3),(3553,6,40,31,3),(3554,6,40,32,3),(3555,6,40,33,3),(3556,6,40,34,3),(3557,6,40,35,3),(3558,6,40,36,3),(3559,7,40,41,3),(3560,7,40,42,3),(3561,7,40,43,3),(3562,3,40,0,4),(3563,3,40,1,4),(3564,3,40,2,4),(3565,3,40,3,4),(3566,3,40,4,4),(3567,3,40,5,4),(3568,6,40,6,4),(3569,6,40,7,4),(3570,6,40,8,4),(3571,4,40,19,4),(3572,6,40,25,4),(3573,6,40,26,4),(3574,6,40,27,4),(3575,6,40,28,4),(3576,6,40,29,4),(3577,6,40,30,4),(3578,6,40,31,4),(3579,6,40,32,4),(3580,6,40,33,4),(3581,7,40,41,4),(3582,7,40,42,4),(3583,7,40,43,4),(3584,3,40,0,5),(3585,6,40,1,5),(3586,3,40,2,5),(3587,6,40,3,5),(3588,3,40,4,5),(3589,6,40,5,5),(3590,6,40,6,5),(3591,6,40,7,5),(3592,6,40,8,5),(3593,4,40,19,5),(3594,4,40,20,5),(3595,4,40,21,5),(3596,11,40,22,5),(3597,6,40,26,5),(3598,6,40,27,5),(3599,6,40,28,5),(3600,6,40,29,5),(3601,6,40,30,5),(3602,6,40,31,5),(3603,5,40,35,5),(3604,7,40,42,5),(3605,7,40,43,5),(3606,3,40,0,6),(3607,6,40,1,6),(3608,6,40,2,6),(3609,6,40,3,6),(3610,6,40,4,6),(3611,6,40,5,6),(3612,6,40,6,6),(3613,6,40,7,6),(3614,4,40,18,6),(3615,4,40,19,6),(3616,4,40,20,6),(3617,4,40,21,6),(3618,6,40,26,6),(3619,6,40,27,6),(3620,6,40,28,6),(3621,6,40,29,6),(3622,5,40,31,6),(3623,5,40,32,6),(3624,5,40,33,6),(3625,5,40,34,6),(3626,5,40,35,6),(3627,7,40,41,6),(3628,7,40,42,6),(3629,11,40,0,7),(3630,6,40,4,7),(3631,6,40,5,7),(3632,4,40,6,7),(3633,4,40,7,7),(3634,4,40,8,7),(3635,4,40,17,7),(3636,4,40,18,7),(3637,4,40,19,7),(3638,4,40,20,7),(3639,6,40,26,7),(3640,6,40,27,7),(3641,6,40,28,7),(3642,5,40,31,7),(3643,5,40,33,7),(3644,5,40,34,7),(3645,5,40,35,7),(3646,6,40,4,8),(3647,4,40,5,8),(3648,4,40,6,8),(3649,4,40,7,8),(3650,4,40,8,8),(3651,4,40,9,8),(3652,4,40,10,8),(3653,4,40,18,8),(3654,4,40,19,8),(3655,4,40,20,8),(3656,6,40,26,8),(3657,6,40,28,8),(3658,6,40,29,8),(3659,3,40,33,8),(3660,3,40,34,8),(3661,3,40,35,8),(3662,4,40,4,9),(3663,4,40,5,9),(3664,4,40,6,9),(3665,4,40,7,9),(3666,4,40,8,9),(3667,0,40,9,9),(3668,4,40,18,9),(3669,6,40,26,9),(3670,6,40,28,9),(3671,3,40,32,9),(3672,3,40,33,9),(3673,3,40,34,9),(3674,3,40,35,9),(3675,4,40,5,10),(3676,4,40,7,10),(3677,4,40,8,10),(3678,1,40,14,10),(3679,3,40,33,10),(3680,3,40,34,10),(3681,3,40,35,10),(3682,4,40,7,11),(3683,4,40,8,11),(3684,4,40,9,11),(3685,4,40,10,11),(3686,3,40,32,11),(3687,3,40,33,11),(3688,3,40,34,11),(3689,3,40,35,11),(3690,4,40,7,12),(3691,4,40,8,12),(3692,4,40,9,12),(3693,4,40,10,12),(3694,2,40,18,12),(3695,9,40,21,12),(3696,3,40,30,12),(3697,3,40,31,12),(3698,3,40,32,12),(3699,3,40,33,12),(3700,3,40,34,12),(3701,3,40,35,12),(3702,4,40,7,13),(3703,4,40,8,13),(3704,4,40,9,13),(3705,4,40,10,13),(3706,4,40,12,13),(3707,3,40,29,13),(3708,3,40,30,13),(3709,3,40,31,13),(3710,3,40,32,13),(3711,3,40,34,13),(3712,3,40,35,13),(3713,12,40,37,13),(3714,4,40,8,14),(3715,4,40,9,14),(3716,4,40,10,14),(3717,4,40,11,14),(3718,4,40,12,14),(3719,1,40,13,14),(3720,3,40,29,14),(3721,13,40,31,14),(3722,4,40,8,15),(3723,4,40,9,15),(3724,4,40,12,15),(3725,9,40,24,15),(3726,4,40,8,16),(3727,5,40,11,16),(3728,5,40,12,16),(3729,5,40,13,16),(3730,5,40,6,17),(3731,4,40,8,17),(3732,4,40,9,17),(3733,5,40,10,17),(3734,5,40,11,17),(3735,5,40,12,17),(3736,3,40,16,17),(3737,8,40,33,17),(3738,5,40,4,18),(3739,5,40,5,18),(3740,5,40,6,18),(3741,5,40,7,18),(3742,4,40,8,18),(3743,5,40,10,18),(3744,5,40,11,18),(3745,5,40,12,18),(3746,3,40,16,18),(3747,3,40,17,18),(3748,10,40,18,18),(3749,5,40,5,19),(3750,5,40,6,19),(3751,5,40,7,19),(3752,3,40,9,19),(3753,5,40,12,19),(3754,3,40,13,19),(3755,3,40,14,19),(3756,3,40,15,19),(3757,3,40,16,19),(3758,3,40,17,19),(3759,10,40,27,19),(3760,5,40,5,20),(3761,5,40,7,20),(3762,3,40,9,20),(3763,5,40,12,20),(3764,3,40,13,20),(3765,3,40,15,20),(3766,3,40,16,20),(3767,3,40,17,20),(3768,14,40,24,20),(3769,0,40,32,20),(3770,5,40,5,21),(3771,3,40,7,21),(3772,3,40,8,21),(3773,3,40,9,21),(3774,3,40,12,21),(3775,3,40,13,21),(3776,3,40,14,21),(3777,3,40,15,21),(3778,3,40,16,21),(3779,3,40,17,21),(3780,3,40,9,22),(3781,3,40,10,22),(3782,3,40,11,22),(3783,3,40,12,22),(3784,3,40,13,22),(3785,3,40,14,22),(3786,3,40,15,22),(3787,3,40,16,22),(3788,5,40,19,22),(3789,5,40,20,22),(3790,5,40,21,22),(3791,5,40,22,22),(3792,5,40,23,22),(3793,12,40,34,22),(3794,7,40,2,23),(3795,7,40,3,23),(3796,7,40,4,23),(3797,3,40,7,23),(3798,3,40,8,23),(3799,3,40,9,23),(3800,3,40,11,23),(3801,3,40,12,23),(3802,3,40,13,23),(3803,3,40,14,23),(3804,3,40,15,23),(3805,3,40,16,23),(3806,3,40,17,23),(3807,3,40,18,23),(3808,5,40,19,23),(3809,5,40,21,23),(3810,5,40,22,23),(3811,7,40,0,24),(3812,7,40,1,24),(3813,7,40,2,24),(3814,7,40,3,24),(3815,7,40,4,24),(3816,7,40,5,24),(3817,3,40,7,24),(3818,3,40,8,24),(3819,3,40,9,24),(3820,3,40,11,24),(3821,3,40,12,24),(3822,3,40,13,24),(3823,3,40,14,24),(3824,3,40,15,24),(3825,3,40,17,24),(3826,5,40,20,24),(3827,5,40,21,24),(3828,7,40,1,25),(3829,7,40,2,25),(3830,7,40,3,25),(3831,7,40,5,25),(3832,3,40,8,25),(3833,3,40,9,25),(3834,3,40,10,25),(3835,3,40,12,25),(3836,3,40,13,25),(3837,3,40,14,25),(3838,3,40,15,25),(3839,3,40,16,25),(3840,3,40,17,25),(3841,5,40,21,25),(3842,0,40,31,25),(3843,7,40,0,26),(3844,7,40,1,26),(3845,7,40,2,26),(3846,7,40,3,26),(3847,7,40,4,26),(3848,5,40,6,26),(3849,5,40,8,26),(3850,3,40,9,26),(3851,3,40,10,26),(3852,3,40,11,26),(3853,3,40,14,26),(3854,3,40,15,26),(3855,3,40,16,26),(3856,3,40,17,26),(3857,3,40,18,26),(3858,7,40,2,27),(3859,7,40,4,27),(3860,5,40,6,27),(3861,5,40,7,27),(3862,5,40,8,27),(3863,5,40,9,27),(3864,3,40,10,27),(3865,3,40,11,27),(3866,3,40,12,27),(3867,3,40,13,27),(3868,3,40,14,27),(3869,3,40,15,27),(3870,3,40,16,27),(3871,3,40,17,27),(3872,7,40,2,28),(3873,7,40,4,28),(3874,5,40,6,28),(3875,5,40,7,28),(3876,5,40,8,28),(3877,5,40,9,28),(3878,5,40,10,28),(3879,3,40,12,28),(3880,3,40,13,28),(3881,3,40,14,28),(3882,3,40,15,28),(3883,3,40,16,28),(3884,5,19,0,0),(3885,5,19,1,0),(3886,5,19,2,0),(3887,5,19,3,0),(3888,5,19,16,0),(3889,5,19,17,0),(3890,5,19,18,0),(3891,5,19,19,0),(3892,5,19,20,0),(3893,5,19,21,0),(3894,5,19,22,0),(3895,5,19,23,0),(3896,5,19,24,0),(3897,5,19,25,0),(3898,5,19,26,0),(3899,5,19,0,1),(3900,5,19,1,1),(3901,5,19,2,1),(3902,5,19,3,1),(3903,5,19,4,1),(3904,12,19,7,1),(3905,5,19,17,1),(3906,5,19,18,1),(3907,5,19,20,1),(3908,14,19,22,1),(3909,5,19,26,1),(3910,5,19,28,1),(3911,5,19,0,2),(3912,5,19,1,2),(3913,5,19,2,2),(3914,5,19,4,2),(3915,5,19,5,2),(3916,5,19,25,2),(3917,5,19,26,2),(3918,5,19,28,2),(3919,5,19,29,2),(3920,5,19,0,3),(3921,5,19,1,3),(3922,5,19,4,3),(3923,5,19,5,3),(3924,5,19,28,3),(3925,6,19,29,3),(3926,5,19,28,4),(3927,6,19,29,4),(3928,4,19,3,5),(3929,4,19,5,5),(3930,0,19,18,5),(3931,6,19,27,5),(3932,6,19,28,5),(3933,6,19,29,5),(3934,4,19,2,6),(3935,4,19,3,6),(3936,4,19,4,6),(3937,4,19,5,6),(3938,6,19,26,6),(3939,6,19,27,6),(3940,6,19,28,6),(3941,6,19,29,6),(3942,4,19,1,7),(3943,4,19,2,7),(3944,4,19,3,7),(3945,4,19,4,7),(3946,4,19,5,7),(3947,6,19,26,7),(3948,5,19,27,7),(3949,5,19,28,7),(3950,5,19,29,7),(3951,4,19,1,8),(3952,4,19,2,8),(3953,4,19,3,8),(3954,4,19,4,8),(3955,0,19,10,8),(3956,5,19,27,8),(3957,5,19,28,8),(3958,5,19,29,8),(3959,4,19,1,9),(3960,4,19,2,9),(3961,4,19,3,9),(3962,5,19,29,9),(3963,4,19,1,10),(3964,6,19,5,10),(3965,6,19,6,10),(3966,5,19,28,10),(3967,5,19,29,10),(3968,6,19,4,11),(3969,6,19,5,11),(3970,6,19,6,11),(3971,6,19,7,11),(3972,6,19,8,11),(3973,5,19,27,11),(3974,5,19,28,11),(3975,5,19,29,11),(3976,13,19,1,12),(3977,6,19,8,12),(3978,6,19,9,12),(3979,6,19,10,12),(3980,5,19,27,12),(3981,5,19,28,12),(3982,5,19,29,12),(3983,6,19,8,13),(3984,6,19,9,13),(3985,6,19,10,13),(3986,5,19,28,13),(3987,5,19,29,13),(3988,5,19,2,14),(3989,6,19,9,14),(3990,5,19,28,14),(3991,5,19,0,15),(3992,5,19,2,15),(3993,5,19,3,15),(3994,5,19,0,16),(3995,5,19,1,16),(3996,5,19,2,16),(3997,5,19,3,16),(3998,5,19,4,16),(3999,2,19,26,16),(4000,5,19,0,17),(4001,5,19,1,17),(4002,5,19,2,17),(4003,5,19,3,17),(4004,5,19,4,17),(4005,5,19,0,18),(4006,5,19,1,18),(4007,5,19,3,18),(4008,6,19,6,18),(4009,4,19,24,18),(4010,4,19,29,18),(4011,5,19,0,19),(4012,5,19,2,19),(4013,5,19,3,19),(4014,6,19,7,19),(4015,6,19,8,19),(4016,4,19,24,19),(4017,4,19,25,19),(4018,4,19,26,19),(4019,4,19,27,19),(4020,4,19,28,19),(4021,4,19,29,19),(4022,5,19,0,20),(4023,11,19,1,20),(4024,6,19,5,20),(4025,6,19,6,20),(4026,6,19,7,20),(4027,6,19,8,20),(4028,6,19,9,20),(4029,4,19,23,20),(4030,4,19,24,20),(4031,4,19,25,20),(4032,4,19,26,20),(4033,4,19,27,20),(4034,4,19,28,20),(4035,4,19,29,20),(4036,5,19,0,21),(4037,6,19,5,21),(4038,6,19,6,21),(4039,4,19,24,21),(4040,4,19,25,21),(4041,4,19,26,21),(4042,4,19,27,21),(4043,4,19,28,21),(4044,4,19,29,21),(4045,5,19,0,22),(4046,6,19,6,22),(4047,8,19,10,22),(4048,4,19,24,22),(4049,4,19,25,22),(4050,4,19,26,22),(4051,4,19,27,22),(4052,4,19,28,22),(4053,4,19,29,22),(4054,5,19,0,23),(4055,4,19,26,23),(4056,4,19,27,23),(4057,4,19,28,23),(4058,5,19,0,24),(4059,3,19,18,24),(4060,3,19,19,24),(4061,3,19,20,24),(4062,0,19,24,24),(4063,4,19,27,24),(4064,0,19,28,24),(4065,5,19,0,25),(4066,3,19,9,25),(4067,3,19,10,25),(4068,3,19,13,25),(4069,3,19,14,25),(4070,3,19,15,25),(4071,3,19,17,25),(4072,3,19,18,25),(4073,3,19,19,25),(4074,3,19,20,25),(4075,3,19,21,25),(4076,5,19,0,26),(4077,5,19,1,26),(4078,5,19,2,26),(4079,3,19,9,26),(4080,3,19,10,26),(4081,3,19,11,26),(4082,3,19,14,26),(4083,3,19,15,26),(4084,3,19,16,26),(4085,3,19,17,26),(4086,3,19,18,26),(4087,3,19,19,26),(4088,3,19,20,26),(4089,3,19,21,26),(4090,3,19,23,26),(4091,5,19,2,27),(4092,0,19,3,27),(4093,3,19,10,27),(4094,3,19,11,27),(4095,3,19,12,27),(4096,3,19,13,27),(4097,3,19,14,27),(4098,3,19,15,27),(4099,3,19,16,27),(4100,3,19,17,27),(4101,3,19,18,27),(4102,3,19,19,27),(4103,3,19,20,27),(4104,3,19,21,27),(4105,3,19,22,27),(4106,3,19,23,27),(4107,3,19,24,27),(4108,0,19,0,28),(4109,3,19,11,28),(4110,3,19,12,28),(4111,3,19,13,28),(4112,3,19,14,28),(4113,3,19,15,28),(4114,3,19,16,28),(4115,3,19,17,28),(4116,3,19,18,28),(4117,3,19,19,28),(4118,3,19,20,28),(4119,3,19,21,28),(4120,3,19,22,28),(4121,3,19,23,28),(4122,3,19,24,28),(4123,3,19,10,29),(4124,3,19,11,29),(4125,3,19,12,29),(4126,3,19,13,29),(4127,3,19,14,29),(4128,3,19,15,29),(4129,3,19,16,29),(4130,3,19,17,29),(4131,3,19,18,29),(4132,3,19,19,29),(4133,3,19,20,29),(4134,3,19,21,29),(4135,3,19,22,29),(4136,3,19,23,29);
/*!40000 ALTER TABLE `tiles` ENABLE KEYS */;
UNLOCK TABLES;

--
-- Table structure for table `units`
--

DROP TABLE IF EXISTS `units`;
/*!40101 SET @saved_cs_client     = @@character_set_client */;
/*!40101 SET character_set_client = utf8 */;
CREATE TABLE `units` (
  `id` int(11) NOT NULL auto_increment,
  `hp` int(10) unsigned NOT NULL default '0',
  `level` tinyint(2) unsigned NOT NULL,
  `location_id` int(10) unsigned NOT NULL,
  `location_type` tinyint(2) unsigned NOT NULL,
  `player_id` int(11) default NULL,
  `last_update` datetime default NULL,
  `upgrade_ends_at` datetime default NULL,
  `pause_remainder` int(10) unsigned default NULL,
  `xp` mediumint(8) unsigned NOT NULL default '0',
  `hp_remainder` int(10) unsigned NOT NULL default '0',
  `type` varchar(50) NOT NULL,
  `flank` tinyint(2) unsigned NOT NULL default '0',
  `location_x` mediumint(9) default NULL,
  `location_y` mediumint(9) default NULL,
  `route_id` int(11) default NULL,
  `galaxy_id` int(11) NOT NULL,
  `stance` tinyint(2) unsigned NOT NULL default '0',
  `construction_mod` tinyint(2) unsigned NOT NULL default '0',
  PRIMARY KEY  (`id`),
  KEY `location` (`player_id`,`location_id`,`location_type`),
  KEY `location_and_player` (`location_type`,`location_id`,`location_x`,`location_y`,`player_id`),
  KEY `index_units_on_route_id` (`route_id`),
  KEY `type` (`player_id`,`type`),
  KEY `group_by_for_fowssentry_status_updates` (`player_id`,`location_id`,`location_type`),
  KEY `foreign_key` (`galaxy_id`),
  CONSTRAINT `units_ibfk_1` FOREIGN KEY (`player_id`) REFERENCES `players` (`id`) ON DELETE SET NULL,
  CONSTRAINT `units_ibfk_2` FOREIGN KEY (`galaxy_id`) REFERENCES `galaxies` (`id`) ON DELETE CASCADE
) ENGINE=InnoDB AUTO_INCREMENT=163 DEFAULT CHARSET=utf8;
/*!40101 SET character_set_client = @saved_cs_client */;

--
-- Dumping data for table `units`
--

LOCK TABLES `units` WRITE;
/*!40000 ALTER TABLE `units` DISABLE KEYS */;
INSERT INTO `units` VALUES (1,100,1,19,4,NULL,NULL,NULL,NULL,0,0,'Gnat',0,18,28,NULL,1,0,0),(2,100,1,19,4,NULL,NULL,NULL,NULL,0,0,'Gnat',0,18,28,NULL,1,0,0),(3,100,1,19,4,NULL,NULL,NULL,NULL,0,0,'Gnat',0,18,28,NULL,1,0,0),(4,100,1,19,4,NULL,NULL,NULL,NULL,0,0,'Gnat',0,18,28,NULL,1,0,0),(5,100,1,19,4,NULL,NULL,NULL,NULL,0,0,'Gnat',0,18,28,NULL,1,0,0),(6,200,1,19,4,NULL,NULL,NULL,NULL,0,0,'Glancer',0,18,28,NULL,1,0,0),(7,200,1,19,4,NULL,NULL,NULL,NULL,0,0,'Glancer',0,18,28,NULL,1,0,0),(8,200,1,19,4,NULL,NULL,NULL,NULL,0,0,'Glancer',1,18,28,NULL,1,0,0),(9,200,1,19,4,NULL,NULL,NULL,NULL,0,0,'Glancer',1,18,28,NULL,1,0,0),(10,100,1,19,4,NULL,NULL,NULL,NULL,0,0,'Gnat',1,18,28,NULL,1,0,0),(11,100,1,19,4,NULL,NULL,NULL,NULL,0,0,'Gnat',1,18,28,NULL,1,0,0),(12,100,1,19,4,NULL,NULL,NULL,NULL,0,0,'Gnat',1,18,28,NULL,1,0,0),(25,100,1,19,4,NULL,NULL,NULL,NULL,0,0,'Gnat',0,3,27,NULL,1,0,0),(26,100,1,19,4,NULL,NULL,NULL,NULL,0,0,'Gnat',0,3,27,NULL,1,0,0),(27,100,1,19,4,NULL,NULL,NULL,NULL,0,0,'Gnat',0,3,27,NULL,1,0,0),(28,100,1,19,4,NULL,NULL,NULL,NULL,0,0,'Gnat',0,3,27,NULL,1,0,0),(29,100,1,19,4,NULL,NULL,NULL,NULL,0,0,'Gnat',0,3,27,NULL,1,0,0),(30,200,1,19,4,NULL,NULL,NULL,NULL,0,0,'Glancer',1,3,27,NULL,1,0,0),(31,200,1,19,4,NULL,NULL,NULL,NULL,0,0,'Glancer',1,3,27,NULL,1,0,0),(32,100,1,19,4,NULL,NULL,NULL,NULL,0,0,'Gnat',0,28,24,NULL,1,0,0),(33,100,1,19,4,NULL,NULL,NULL,NULL,0,0,'Gnat',0,28,24,NULL,1,0,0),(34,100,1,19,4,NULL,NULL,NULL,NULL,0,0,'Gnat',0,28,24,NULL,1,0,0),(35,100,1,19,4,NULL,NULL,NULL,NULL,0,0,'Gnat',0,28,24,NULL,1,0,0),(36,100,1,19,4,NULL,NULL,NULL,NULL,0,0,'Gnat',0,28,24,NULL,1,0,0),(37,200,1,19,4,NULL,NULL,NULL,NULL,0,0,'Glancer',1,28,24,NULL,1,0,0),(38,200,1,19,4,NULL,NULL,NULL,NULL,0,0,'Glancer',1,28,24,NULL,1,0,0),(39,100,1,19,4,NULL,NULL,NULL,NULL,0,0,'Gnat',0,18,25,NULL,1,0,0),(40,100,1,19,4,NULL,NULL,NULL,NULL,0,0,'Gnat',0,18,25,NULL,1,0,0),(41,100,1,19,4,NULL,NULL,NULL,NULL,0,0,'Gnat',0,18,25,NULL,1,0,0),(42,100,1,19,4,NULL,NULL,NULL,NULL,0,0,'Gnat',0,18,25,NULL,1,0,0),(43,100,1,19,4,NULL,NULL,NULL,NULL,0,0,'Gnat',0,18,25,NULL,1,0,0),(44,200,1,19,4,NULL,NULL,NULL,NULL,0,0,'Glancer',0,18,25,NULL,1,0,0),(45,200,1,19,4,NULL,NULL,NULL,NULL,0,0,'Glancer',0,18,25,NULL,1,0,0),(46,200,1,19,4,NULL,NULL,NULL,NULL,0,0,'Glancer',1,18,25,NULL,1,0,0),(47,200,1,19,4,NULL,NULL,NULL,NULL,0,0,'Glancer',1,18,25,NULL,1,0,0),(48,100,1,19,4,NULL,NULL,NULL,NULL,0,0,'Gnat',1,18,25,NULL,1,0,0),(49,100,1,19,4,NULL,NULL,NULL,NULL,0,0,'Gnat',1,18,25,NULL,1,0,0),(50,100,1,19,4,NULL,NULL,NULL,NULL,0,0,'Gnat',1,18,25,NULL,1,0,0),(51,100,1,19,4,NULL,NULL,NULL,NULL,0,0,'Gnat',0,15,26,NULL,1,0,0),(52,100,1,19,4,NULL,NULL,NULL,NULL,0,0,'Gnat',0,15,26,NULL,1,0,0),(53,100,1,19,4,NULL,NULL,NULL,NULL,0,0,'Gnat',0,15,26,NULL,1,0,0),(54,100,1,19,4,NULL,NULL,NULL,NULL,0,0,'Gnat',0,15,26,NULL,1,0,0),(55,100,1,19,4,NULL,NULL,NULL,NULL,0,0,'Gnat',0,15,26,NULL,1,0,0),(56,200,1,19,4,NULL,NULL,NULL,NULL,0,0,'Glancer',0,15,26,NULL,1,0,0),(57,200,1,19,4,NULL,NULL,NULL,NULL,0,0,'Glancer',0,15,26,NULL,1,0,0),(58,200,1,19,4,NULL,NULL,NULL,NULL,0,0,'Glancer',1,15,26,NULL,1,0,0),(59,200,1,19,4,NULL,NULL,NULL,NULL,0,0,'Glancer',1,15,26,NULL,1,0,0),(60,100,1,19,4,NULL,NULL,NULL,NULL,0,0,'Gnat',1,15,26,NULL,1,0,0),(61,100,1,19,4,NULL,NULL,NULL,NULL,0,0,'Gnat',1,15,26,NULL,1,0,0),(62,100,1,19,4,NULL,NULL,NULL,NULL,0,0,'Gnat',1,15,26,NULL,1,0,0),(63,100,1,19,4,NULL,NULL,NULL,NULL,0,0,'Gnat',0,7,28,NULL,1,0,0),(64,100,1,19,4,NULL,NULL,NULL,NULL,0,0,'Gnat',0,7,28,NULL,1,0,0),(65,100,1,19,4,NULL,NULL,NULL,NULL,0,0,'Gnat',0,7,28,NULL,1,0,0),(66,100,1,19,4,NULL,NULL,NULL,NULL,0,0,'Gnat',0,7,28,NULL,1,0,0),(67,100,1,19,4,NULL,NULL,NULL,NULL,0,0,'Gnat',0,7,28,NULL,1,0,0),(68,200,1,19,4,NULL,NULL,NULL,NULL,0,0,'Glancer',0,7,28,NULL,1,0,0),(69,200,1,19,4,NULL,NULL,NULL,NULL,0,0,'Glancer',0,7,28,NULL,1,0,0),(70,200,1,19,4,NULL,NULL,NULL,NULL,0,0,'Glancer',1,7,28,NULL,1,0,0),(71,200,1,19,4,NULL,NULL,NULL,NULL,0,0,'Glancer',1,7,28,NULL,1,0,0),(72,100,1,19,4,NULL,NULL,NULL,NULL,0,0,'Gnat',1,7,28,NULL,1,0,0),(73,100,1,19,4,NULL,NULL,NULL,NULL,0,0,'Gnat',1,7,28,NULL,1,0,0),(74,100,1,19,4,NULL,NULL,NULL,NULL,0,0,'Gnat',1,7,28,NULL,1,0,0),(75,100,1,19,4,NULL,NULL,NULL,NULL,0,0,'Gnat',0,24,24,NULL,1,0,0),(76,100,1,19,4,NULL,NULL,NULL,NULL,0,0,'Gnat',0,24,24,NULL,1,0,0),(77,100,1,19,4,NULL,NULL,NULL,NULL,0,0,'Gnat',0,24,24,NULL,1,0,0),(78,100,1,19,4,NULL,NULL,NULL,NULL,0,0,'Gnat',0,24,24,NULL,1,0,0),(79,100,1,19,4,NULL,NULL,NULL,NULL,0,0,'Gnat',0,24,24,NULL,1,0,0),(80,200,1,19,4,NULL,NULL,NULL,NULL,0,0,'Glancer',1,24,24,NULL,1,0,0),(81,200,1,19,4,NULL,NULL,NULL,NULL,0,0,'Glancer',1,24,24,NULL,1,0,0),(82,100,1,19,4,NULL,NULL,NULL,NULL,0,0,'Gnat',0,0,28,NULL,1,0,0),(83,100,1,19,4,NULL,NULL,NULL,NULL,0,0,'Gnat',0,0,28,NULL,1,0,0),(84,100,1,19,4,NULL,NULL,NULL,NULL,0,0,'Gnat',0,0,28,NULL,1,0,0),(85,100,1,19,4,NULL,NULL,NULL,NULL,0,0,'Gnat',0,0,28,NULL,1,0,0),(86,100,1,19,4,NULL,NULL,NULL,NULL,0,0,'Gnat',0,0,28,NULL,1,0,0),(87,200,1,19,4,NULL,NULL,NULL,NULL,0,0,'Glancer',1,0,28,NULL,1,0,0),(88,200,1,19,4,NULL,NULL,NULL,NULL,0,0,'Glancer',1,0,28,NULL,1,0,0),(89,100,1,19,4,NULL,NULL,NULL,NULL,0,0,'Gnat',0,22,27,NULL,1,0,0),(90,100,1,19,4,NULL,NULL,NULL,NULL,0,0,'Gnat',0,22,27,NULL,1,0,0),(91,100,1,19,4,NULL,NULL,NULL,NULL,0,0,'Gnat',0,22,27,NULL,1,0,0),(92,100,1,19,4,NULL,NULL,NULL,NULL,0,0,'Gnat',0,22,27,NULL,1,0,0),(93,100,1,19,4,NULL,NULL,NULL,NULL,0,0,'Gnat',0,22,27,NULL,1,0,0),(94,200,1,19,4,NULL,NULL,NULL,NULL,0,0,'Glancer',0,22,27,NULL,1,0,0),(95,200,1,19,4,NULL,NULL,NULL,NULL,0,0,'Glancer',0,22,27,NULL,1,0,0),(96,200,1,19,4,NULL,NULL,NULL,NULL,0,0,'Glancer',1,22,27,NULL,1,0,0),(97,200,1,19,4,NULL,NULL,NULL,NULL,0,0,'Glancer',1,22,27,NULL,1,0,0),(98,100,1,19,4,NULL,NULL,NULL,NULL,0,0,'Gnat',1,22,27,NULL,1,0,0),(99,100,1,19,4,NULL,NULL,NULL,NULL,0,0,'Gnat',1,22,27,NULL,1,0,0),(100,100,1,19,4,NULL,NULL,NULL,NULL,0,0,'Gnat',1,22,27,NULL,1,0,0),(101,100,1,19,4,NULL,NULL,NULL,NULL,0,0,'Gnat',0,25,20,NULL,1,0,0),(102,100,1,19,4,NULL,NULL,NULL,NULL,0,0,'Gnat',0,25,20,NULL,1,0,0),(103,100,1,19,4,NULL,NULL,NULL,NULL,0,0,'Gnat',0,25,20,NULL,1,0,0),(104,100,1,19,4,NULL,NULL,NULL,NULL,0,0,'Gnat',0,25,20,NULL,1,0,0),(105,100,1,19,4,NULL,NULL,NULL,NULL,0,0,'Gnat',0,25,20,NULL,1,0,0),(106,200,1,19,4,NULL,NULL,NULL,NULL,0,0,'Glancer',0,25,20,NULL,1,0,0),(107,200,1,19,4,NULL,NULL,NULL,NULL,0,0,'Glancer',0,25,20,NULL,1,0,0),(108,200,1,19,4,NULL,NULL,NULL,NULL,0,0,'Glancer',1,25,20,NULL,1,0,0),(109,200,1,19,4,NULL,NULL,NULL,NULL,0,0,'Glancer',1,25,20,NULL,1,0,0),(110,100,1,19,4,NULL,NULL,NULL,NULL,0,0,'Gnat',1,25,20,NULL,1,0,0),(111,100,1,19,4,NULL,NULL,NULL,NULL,0,0,'Gnat',1,25,20,NULL,1,0,0),(112,100,1,19,4,NULL,NULL,NULL,NULL,0,0,'Gnat',1,25,20,NULL,1,0,0),(113,100,1,19,4,NULL,NULL,NULL,NULL,0,0,'Gnat',0,12,27,NULL,1,0,0),(114,100,1,19,4,NULL,NULL,NULL,NULL,0,0,'Gnat',0,12,27,NULL,1,0,0),(115,100,1,19,4,NULL,NULL,NULL,NULL,0,0,'Gnat',0,12,27,NULL,1,0,0),(116,100,1,19,4,NULL,NULL,NULL,NULL,0,0,'Gnat',0,12,27,NULL,1,0,0),(117,100,1,19,4,NULL,NULL,NULL,NULL,0,0,'Gnat',0,12,27,NULL,1,0,0),(118,200,1,19,4,NULL,NULL,NULL,NULL,0,0,'Glancer',0,12,27,NULL,1,0,0),(119,200,1,19,4,NULL,NULL,NULL,NULL,0,0,'Glancer',0,12,27,NULL,1,0,0),(120,200,1,19,4,NULL,NULL,NULL,NULL,0,0,'Glancer',1,12,27,NULL,1,0,0),(121,200,1,19,4,NULL,NULL,NULL,NULL,0,0,'Glancer',1,12,27,NULL,1,0,0),(122,100,1,19,4,NULL,NULL,NULL,NULL,0,0,'Gnat',1,12,27,NULL,1,0,0),(123,100,1,19,4,NULL,NULL,NULL,NULL,0,0,'Gnat',1,12,27,NULL,1,0,0),(124,100,1,19,4,NULL,NULL,NULL,NULL,0,0,'Gnat',1,12,27,NULL,1,0,0),(125,100,1,19,4,NULL,NULL,NULL,NULL,0,0,'Gnat',0,26,27,NULL,1,0,0),(126,100,1,19,4,NULL,NULL,NULL,NULL,0,0,'Gnat',0,26,27,NULL,1,0,0),(127,100,1,19,4,NULL,NULL,NULL,NULL,0,0,'Gnat',0,26,27,NULL,1,0,0),(128,100,1,19,4,NULL,NULL,NULL,NULL,0,0,'Gnat',0,26,27,NULL,1,0,0),(129,100,1,19,4,NULL,NULL,NULL,NULL,0,0,'Gnat',0,26,27,NULL,1,0,0),(130,200,1,19,4,NULL,NULL,NULL,NULL,0,0,'Glancer',0,26,27,NULL,1,0,0),(131,200,1,19,4,NULL,NULL,NULL,NULL,0,0,'Glancer',0,26,27,NULL,1,0,0),(132,200,1,19,4,NULL,NULL,NULL,NULL,0,0,'Glancer',1,26,27,NULL,1,0,0),(133,200,1,19,4,NULL,NULL,NULL,NULL,0,0,'Glancer',1,26,27,NULL,1,0,0),(134,100,1,19,4,NULL,NULL,NULL,NULL,0,0,'Gnat',1,26,27,NULL,1,0,0),(135,100,1,19,4,NULL,NULL,NULL,NULL,0,0,'Gnat',1,26,27,NULL,1,0,0),(136,100,1,19,4,NULL,NULL,NULL,NULL,0,0,'Gnat',1,26,27,NULL,1,0,0),(147,84,1,19,2,1,NULL,NULL,NULL,196,4,'Trooper',0,NULL,NULL,NULL,1,0,0),(148,92,1,19,2,1,NULL,NULL,NULL,176,0,'Trooper',0,NULL,NULL,NULL,1,0,0),(149,16,2,19,2,1,NULL,NULL,NULL,186,0,'Trooper',0,NULL,NULL,NULL,1,0,0),(150,92,1,19,2,1,NULL,NULL,NULL,206,0,'Trooper',0,NULL,NULL,NULL,1,0,0),(151,32,2,19,2,1,NULL,NULL,NULL,26,0,'Trooper',0,NULL,NULL,NULL,1,0,0),(152,84,1,19,2,1,NULL,NULL,NULL,166,0,'Trooper',0,NULL,NULL,NULL,1,0,3),(153,100,1,19,2,1,NULL,NULL,NULL,162,4,'Trooper',0,NULL,NULL,NULL,1,0,0),(154,40,2,19,2,1,NULL,NULL,NULL,36,0,'Trooper',0,NULL,NULL,NULL,1,0,3),(155,100,1,19,2,1,NULL,NULL,NULL,120,0,'Trooper',0,NULL,NULL,NULL,1,0,0),(157,40,2,19,2,1,NULL,NULL,NULL,22,0,'Trooper',0,NULL,NULL,NULL,1,0,0),(158,32,2,19,2,1,NULL,NULL,NULL,46,0,'Trooper',0,NULL,NULL,NULL,1,0,3),(159,800,1,19,2,1,NULL,NULL,NULL,0,0,'Crow',0,NULL,NULL,NULL,1,0,24),(160,800,1,19,2,1,NULL,NULL,NULL,0,0,'Crow',0,NULL,NULL,NULL,1,0,24),(161,800,1,19,2,1,NULL,NULL,NULL,0,0,'Crow',0,NULL,NULL,NULL,1,0,24),(162,800,1,19,2,1,NULL,NULL,NULL,0,0,'Crow',0,NULL,NULL,NULL,1,0,24);
/*!40000 ALTER TABLE `units` ENABLE KEYS */;
UNLOCK TABLES;
/*!40103 SET TIME_ZONE=@OLD_TIME_ZONE */;

/*!40101 SET SQL_MODE=@OLD_SQL_MODE */;
/*!40014 SET FOREIGN_KEY_CHECKS=@OLD_FOREIGN_KEY_CHECKS */;
/*!40014 SET UNIQUE_CHECKS=@OLD_UNIQUE_CHECKS */;
/*!40101 SET CHARACTER_SET_CLIENT=@OLD_CHARACTER_SET_CLIENT */;
/*!40101 SET CHARACTER_SET_RESULTS=@OLD_CHARACTER_SET_RESULTS */;
/*!40101 SET COLLATION_CONNECTION=@OLD_COLLATION_CONNECTION */;
/*!40111 SET SQL_NOTES=@OLD_SQL_NOTES */;

-- Dump completed on 2010-10-01 10:18:00
