-- MySQL dump 10.13  Distrib 5.1.49, for debian-linux-gnu (i686)
--
-- Host: localhost    Database: spacegame
-- ------------------------------------------------------
-- Server version	5.1.49-1ubuntu8.1

/*!40101 SET @OLD_CHARACTER_SET_CLIENT=@@CHARACTER_SET_CLIENT */;
/*!40101 SET @OLD_CHARACTER_SET_RESULTS=@@CHARACTER_SET_RESULTS */;
/*!40101 SET @OLD_COLLATION_CONNECTION=@@COLLATION_CONNECTION */;
/*!40101 SET NAMES utf8 */;
/*!40103 SET @OLD_TIME_ZONE=@@TIME_ZONE */;
/*!40103 SET TIME_ZONE='+00:00' */;
/*!40014 SET @OLD_UNIQUE_CHECKS=@@UNIQUE_CHECKS, UNIQUE_CHECKS=0 */;
/*!40014 SET @OLD_FOREIGN_KEY_CHECKS=@@FOREIGN_KEY_CHECKS, FOREIGN_KEY_CHECKS=0 */;
/*!40101 SET @OLD_SQL_MODE=@@SQL_MODE, SQL_MODE='NO_AUTO_VALUE_ON_ZERO' */;
/*!40111 SET @OLD_SQL_NOTES=@@SQL_NOTES, SQL_NOTES=0 */;

--
-- Table structure for table `alliances`
--

DROP TABLE IF EXISTS `alliances`;
/*!40101 SET @saved_cs_client     = @@character_set_client */;
/*!40101 SET character_set_client = utf8 */;
CREATE TABLE `alliances` (
  `id` int(11) NOT NULL AUTO_INCREMENT,
  `name` varchar(255) NOT NULL,
  `galaxy_id` int(11) NOT NULL,
  PRIMARY KEY (`id`),
  KEY `foreign_key` (`galaxy_id`),
  CONSTRAINT `alliances_ibfk_1` FOREIGN KEY (`galaxy_id`) REFERENCES `galaxies` (`id`) ON DELETE CASCADE
) ENGINE=InnoDB DEFAULT CHARSET=utf8;
/*!40101 SET character_set_client = @saved_cs_client */;

--
-- Dumping data for table `alliances`
--

LOCK TABLES `alliances` WRITE;
/*!40000 ALTER TABLE `alliances` DISABLE KEYS */;
/*!40000 ALTER TABLE `alliances` ENABLE KEYS */;
UNLOCK TABLES;

--
-- Table structure for table `buildings`
--

DROP TABLE IF EXISTS `buildings`;
/*!40101 SET @saved_cs_client     = @@character_set_client */;
/*!40101 SET character_set_client = utf8 */;
CREATE TABLE `buildings` (
  `id` int(11) NOT NULL AUTO_INCREMENT,
  `planet_id` int(11) DEFAULT NULL,
  `x` tinyint(2) unsigned NOT NULL DEFAULT '0',
  `y` tinyint(2) unsigned NOT NULL DEFAULT '0',
  `armor_mod` int(11) NOT NULL,
  `constructor_mod` int(11) NOT NULL,
  `energy_mod` int(11) NOT NULL,
  `level` tinyint(2) unsigned NOT NULL DEFAULT '0',
  `type` varchar(255) NOT NULL,
  `upgrade_ends_at` datetime DEFAULT NULL,
  `x_end` tinyint(2) unsigned NOT NULL DEFAULT '0',
  `y_end` tinyint(2) unsigned NOT NULL DEFAULT '0',
  `state` tinyint(2) NOT NULL DEFAULT '0',
  `hp` int(10) unsigned NOT NULL,
  `pause_remainder` int(10) unsigned DEFAULT NULL,
  `constructable_type` varchar(100) DEFAULT NULL,
  `constructable_id` int(11) DEFAULT NULL,
  `construction_mod` tinyint(2) unsigned NOT NULL DEFAULT '0',
  `cooldown_ends_at` datetime DEFAULT NULL,
  PRIMARY KEY (`id`),
  UNIQUE KEY `tiles_taken` (`planet_id`,`x`,`y`,`x_end`,`y_end`),
  KEY `index_buildings_on_construction_ends` (`upgrade_ends_at`),
  KEY `buildings_by_type` (`planet_id`,`type`),
  CONSTRAINT `buildings_ibfk_1` FOREIGN KEY (`planet_id`) REFERENCES `ss_objects` (`id`) ON DELETE CASCADE
) ENGINE=InnoDB AUTO_INCREMENT=156 DEFAULT CHARSET=utf8;
/*!40101 SET character_set_client = @saved_cs_client */;

--
-- Dumping data for table `buildings`
--

LOCK TABLES `buildings` WRITE;
/*!40000 ALTER TABLE `buildings` DISABLE KEYS */;
INSERT INTO `buildings` VALUES (1,1,2,3,0,0,0,1,'NpcTankFactory',NULL,5,6,1,200000,NULL,NULL,NULL,0,NULL),(2,1,13,4,0,0,0,1,'NpcSpaceFactory',NULL,17,7,1,450000,NULL,NULL,NULL,0,NULL),(3,1,10,7,0,0,0,1,'NpcHall',NULL,11,8,1,145000,NULL,NULL,NULL,0,NULL),(4,1,5,9,0,0,0,1,'NpcInfantryFactory',NULL,7,11,1,60000,NULL,NULL,NULL,0,NULL),(5,4,2,2,0,0,0,1,'NpcSpaceFactory',NULL,6,5,1,450000,NULL,NULL,NULL,0,NULL),(6,4,6,8,0,0,0,1,'NpcHall',NULL,7,9,1,145000,NULL,NULL,NULL,0,NULL),(7,4,1,10,0,0,0,1,'NpcInfantryFactory',NULL,3,12,1,60000,NULL,NULL,NULL,0,NULL),(8,4,10,11,0,0,0,1,'NpcTankFactory',NULL,13,14,1,200000,NULL,NULL,NULL,0,NULL),(9,5,6,5,0,0,0,1,'NpcInfantryFactory',NULL,8,7,1,60000,NULL,NULL,NULL,0,NULL),(10,5,10,8,0,0,0,1,'NpcHall',NULL,11,9,1,145000,NULL,NULL,NULL,0,NULL),(11,5,2,11,0,0,0,1,'NpcTankFactory',NULL,5,14,1,200000,NULL,NULL,NULL,0,NULL),(12,5,14,11,0,0,0,1,'NpcSpaceFactory',NULL,18,14,1,450000,NULL,NULL,NULL,0,NULL),(13,8,31,23,0,0,0,1,'NpcMetalExtractor',NULL,32,24,1,400,NULL,NULL,NULL,0,NULL),(14,8,32,18,0,0,0,1,'NpcMetalExtractor',NULL,33,19,1,400,NULL,NULL,NULL,0,NULL),(15,8,17,17,0,0,0,1,'NpcMetalExtractor',NULL,18,18,1,400,NULL,NULL,NULL,0,NULL),(16,8,21,21,0,0,0,1,'NpcGeothermalPlant',NULL,22,22,1,600,NULL,NULL,NULL,0,NULL),(17,8,10,11,0,0,0,1,'NpcGeothermalPlant',NULL,11,12,1,600,NULL,NULL,NULL,0,NULL),(18,8,6,17,0,0,0,1,'NpcZetiumExtractor',NULL,7,18,1,1600,NULL,NULL,NULL,0,NULL),(19,8,18,1,0,0,0,1,'NpcZetiumExtractor',NULL,19,2,1,1600,NULL,NULL,NULL,0,NULL),(20,8,4,4,0,0,0,1,'NpcJumpgate',NULL,8,8,1,8000,NULL,NULL,NULL,0,NULL),(21,8,18,5,0,0,0,1,'NpcJumpgate',NULL,22,9,1,8000,NULL,NULL,NULL,0,NULL),(22,8,23,14,0,0,0,1,'NpcJumpgate',NULL,27,18,1,8000,NULL,NULL,NULL,0,NULL),(23,8,20,24,0,0,0,1,'NpcResearchCenter',NULL,23,27,1,4000,NULL,NULL,NULL,0,NULL),(24,8,10,19,0,0,0,1,'NpcExcavationSite',NULL,13,22,1,3000,NULL,NULL,NULL,0,NULL),(25,8,29,10,0,0,0,1,'NpcExcavationSite',NULL,32,13,1,3000,NULL,NULL,NULL,0,NULL),(26,8,13,2,0,0,0,1,'NpcTemple',NULL,15,4,1,2500,NULL,NULL,NULL,0,NULL),(27,8,12,8,0,0,0,1,'NpcCommunicationsHub',NULL,15,9,1,1200,NULL,NULL,NULL,0,NULL),(28,8,29,14,0,0,0,1,'NpcSolarPlant',NULL,30,15,1,1000,NULL,NULL,NULL,0,NULL),(29,8,16,14,0,0,0,1,'NpcSolarPlant',NULL,17,15,1,1000,NULL,NULL,NULL,0,NULL),(30,8,10,6,0,0,0,1,'NpcSolarPlant',NULL,11,7,1,1000,NULL,NULL,NULL,0,NULL),(31,18,25,20,0,0,0,1,'NpcMetalExtractor',NULL,26,21,1,400,NULL,NULL,NULL,0,NULL),(32,18,3,3,0,0,0,1,'NpcMetalExtractor',NULL,4,4,1,400,NULL,NULL,NULL,0,NULL),(33,18,12,3,0,0,0,1,'NpcGeothermalPlant',NULL,13,4,1,600,NULL,NULL,NULL,0,NULL),(34,18,13,24,0,0,0,1,'NpcZetiumExtractor',NULL,14,25,1,1600,NULL,NULL,NULL,0,NULL),(35,18,12,20,0,0,0,1,'NpcZetiumExtractor',NULL,13,21,1,1600,NULL,NULL,NULL,0,NULL),(36,18,17,16,0,0,0,1,'NpcZetiumExtractor',NULL,18,17,1,1600,NULL,NULL,NULL,0,NULL),(37,18,21,15,0,0,0,1,'NpcZetiumExtractor',NULL,22,16,1,1600,NULL,NULL,NULL,0,NULL),(38,18,4,12,0,0,0,1,'NpcJumpgate',NULL,8,16,1,8000,NULL,NULL,NULL,0,NULL),(39,18,5,17,0,0,0,1,'NpcJumpgate',NULL,9,21,1,8000,NULL,NULL,NULL,0,NULL),(40,18,7,8,0,0,0,1,'NpcResearchCenter',NULL,10,11,1,4000,NULL,NULL,NULL,0,NULL),(41,18,26,10,0,0,0,1,'NpcCommunicationsHub',NULL,29,11,1,1200,NULL,NULL,NULL,0,NULL),(42,18,22,11,0,0,0,1,'NpcTemple',NULL,24,13,1,2500,NULL,NULL,NULL,0,NULL),(43,18,23,26,0,0,0,1,'NpcCommunicationsHub',NULL,26,27,1,1200,NULL,NULL,NULL,0,NULL),(44,18,19,12,0,0,0,1,'NpcSolarPlant',NULL,20,13,1,1000,NULL,NULL,NULL,0,NULL),(45,18,0,26,0,0,0,1,'NpcSolarPlant',NULL,1,27,1,1000,NULL,NULL,NULL,0,NULL),(46,18,16,6,0,0,0,1,'NpcSolarPlant',NULL,17,7,1,1000,NULL,NULL,NULL,0,NULL),(47,18,18,9,0,0,0,1,'NpcSolarPlant',NULL,19,10,1,1000,NULL,NULL,NULL,0,NULL),(48,27,6,7,0,0,0,1,'NpcMetalExtractor',NULL,7,8,1,400,NULL,NULL,NULL,0,NULL),(49,27,12,22,0,0,0,1,'NpcMetalExtractor',NULL,13,23,1,400,NULL,NULL,NULL,0,NULL),(50,27,20,17,0,0,0,1,'NpcZetiumExtractor',NULL,21,18,1,1600,NULL,NULL,NULL,0,NULL),(51,27,13,10,0,0,0,1,'NpcZetiumExtractor',NULL,14,11,1,1600,NULL,NULL,NULL,0,NULL),(52,27,13,14,0,0,0,1,'NpcZetiumExtractor',NULL,14,15,1,1600,NULL,NULL,NULL,0,NULL),(53,27,24,12,0,0,0,1,'NpcJumpgate',NULL,28,16,1,8000,NULL,NULL,NULL,0,NULL),(54,27,21,0,0,0,0,1,'NpcResearchCenter',NULL,24,3,1,4000,NULL,NULL,NULL,0,NULL),(55,27,26,0,0,0,0,1,'NpcExcavationSite',NULL,29,3,1,3000,NULL,NULL,NULL,0,NULL),(56,27,23,9,0,0,0,1,'NpcCommunicationsHub',NULL,26,10,1,1200,NULL,NULL,NULL,0,NULL),(57,27,16,5,0,0,0,1,'NpcExcavationSite',NULL,19,8,1,3000,NULL,NULL,NULL,0,NULL),(58,27,21,21,0,0,0,1,'NpcTemple',NULL,23,23,1,2500,NULL,NULL,NULL,0,NULL),(59,27,14,3,0,0,0,1,'NpcCommunicationsHub',NULL,17,4,1,1200,NULL,NULL,NULL,0,NULL),(60,27,17,12,0,0,0,1,'NpcSolarPlant',NULL,18,13,1,1000,NULL,NULL,NULL,0,NULL),(61,27,25,5,0,0,0,1,'NpcSolarPlant',NULL,26,6,1,1000,NULL,NULL,NULL,0,NULL),(62,27,16,14,0,0,0,1,'NpcSolarPlant',NULL,17,15,1,1000,NULL,NULL,NULL,0,NULL),(63,27,28,21,0,0,0,1,'NpcSolarPlant',NULL,29,22,1,1000,NULL,NULL,NULL,0,NULL),(64,37,0,0,0,0,0,1,'NpcMetalExtractor',NULL,1,1,1,400,NULL,NULL,NULL,0,NULL),(65,37,7,0,0,0,0,1,'NpcCommunicationsHub',NULL,10,1,1,1200,NULL,NULL,NULL,0,NULL),(66,37,18,0,0,0,0,1,'NpcSolarPlant',NULL,19,1,1,1000,NULL,NULL,NULL,0,NULL),(67,37,3,1,0,0,0,1,'NpcMetalExtractor',NULL,4,2,1,400,NULL,NULL,NULL,0,NULL),(68,37,12,1,0,0,0,1,'NpcSolarPlant',NULL,13,2,1,1000,NULL,NULL,NULL,0,NULL),(69,37,22,1,0,0,0,1,'NpcSolarPlant',NULL,23,2,1,1000,NULL,NULL,NULL,0,NULL),(70,37,26,1,0,0,0,1,'NpcCommunicationsHub',NULL,29,2,1,1200,NULL,NULL,NULL,0,NULL),(71,37,15,3,0,0,0,1,'NpcSolarPlant',NULL,16,4,1,1000,NULL,NULL,NULL,0,NULL),(72,37,18,3,0,0,0,1,'NpcSolarPlant',NULL,19,4,1,1000,NULL,NULL,NULL,0,NULL),(73,37,24,4,0,0,0,1,'NpcMetalExtractor',NULL,25,5,1,400,NULL,NULL,NULL,0,NULL),(74,37,28,4,0,0,0,1,'NpcMetalExtractor',NULL,29,5,1,400,NULL,NULL,NULL,0,NULL),(75,37,9,8,0,0,0,1,'Vulcan',NULL,10,9,1,2000,NULL,NULL,NULL,0,NULL),(76,37,11,8,0,0,0,1,'Screamer',NULL,12,9,1,2600,NULL,NULL,NULL,0,NULL),(77,37,13,8,0,0,0,1,'Thunder',NULL,14,9,1,4000,NULL,NULL,NULL,0,NULL),(78,37,15,8,0,0,0,1,'Vulcan',NULL,16,9,1,2000,NULL,NULL,NULL,0,NULL),(79,37,17,8,0,0,0,1,'Screamer',NULL,18,9,1,2600,NULL,NULL,NULL,0,NULL),(80,37,19,8,0,0,0,1,'Thunder',NULL,20,9,1,4000,NULL,NULL,NULL,0,NULL),(81,37,25,8,0,0,0,1,'NpcCommunicationsHub',NULL,28,9,1,1200,NULL,NULL,NULL,0,NULL),(82,37,9,10,0,0,0,1,'Thunder',NULL,10,11,1,4000,NULL,NULL,NULL,0,NULL),(83,37,11,10,0,0,0,1,'Mothership',NULL,18,15,1,10500,NULL,NULL,NULL,0,NULL),(84,37,19,10,0,0,0,1,'Vulcan',NULL,20,11,1,2000,NULL,NULL,NULL,0,NULL),(85,37,9,12,0,0,0,1,'Screamer',NULL,10,13,1,2600,NULL,NULL,NULL,0,NULL),(86,37,19,12,0,0,0,1,'Screamer',NULL,20,13,1,2600,NULL,NULL,NULL,0,NULL),(87,37,26,12,0,0,0,1,'NpcZetiumExtractor',NULL,27,13,1,1600,NULL,NULL,NULL,0,NULL),(88,37,9,14,0,0,0,1,'Vulcan',NULL,10,15,1,2000,NULL,NULL,NULL,0,NULL),(89,37,19,14,0,0,0,1,'Thunder',NULL,20,15,1,4000,NULL,NULL,NULL,0,NULL),(90,37,9,16,0,0,0,1,'Thunder',NULL,10,17,1,4000,NULL,NULL,NULL,0,NULL),(91,37,11,16,0,0,0,1,'Vulcan',NULL,12,17,1,2000,NULL,NULL,NULL,0,NULL),(92,37,13,16,0,0,0,1,'Thunder',NULL,14,17,1,4000,NULL,NULL,NULL,0,NULL),(93,37,15,16,0,0,0,1,'Screamer',NULL,16,17,1,2600,NULL,NULL,NULL,0,NULL),(94,37,17,16,0,0,0,1,'Thunder',NULL,18,17,1,4000,NULL,NULL,NULL,0,NULL),(95,37,19,16,0,0,0,1,'Vulcan',NULL,20,17,1,2000,NULL,NULL,NULL,0,NULL),(96,37,13,26,0,0,0,1,'NpcSolarPlant',NULL,14,27,1,1000,NULL,NULL,NULL,0,NULL),(97,37,20,27,0,0,0,1,'NpcSolarPlant',NULL,21,28,1,1000,NULL,NULL,NULL,0,NULL),(98,37,0,28,0,0,0,1,'NpcSolarPlant',NULL,1,29,1,1000,NULL,NULL,NULL,0,NULL),(99,37,3,28,0,0,0,1,'NpcSolarPlant',NULL,4,29,1,1000,NULL,NULL,NULL,0,NULL),(100,37,17,28,0,0,0,1,'NpcZetiumExtractor',NULL,18,29,1,1600,NULL,NULL,NULL,0,NULL),(101,37,28,28,0,0,0,1,'NpcSolarPlant',NULL,29,29,1,1000,NULL,NULL,NULL,0,NULL),(102,48,28,21,0,0,0,1,'NpcGeothermalPlant',NULL,29,22,1,600,NULL,NULL,NULL,0,NULL),(103,48,7,11,0,0,0,1,'NpcGeothermalPlant',NULL,8,12,1,600,NULL,NULL,NULL,0,NULL),(104,48,14,14,0,0,0,1,'NpcZetiumExtractor',NULL,15,15,1,1600,NULL,NULL,NULL,0,NULL),(105,48,18,14,0,0,0,1,'NpcZetiumExtractor',NULL,19,15,1,1600,NULL,NULL,NULL,0,NULL),(106,48,3,18,0,0,0,1,'NpcZetiumExtractor',NULL,4,19,1,1600,NULL,NULL,NULL,0,NULL),(107,48,1,22,0,0,0,1,'NpcJumpgate',NULL,5,26,1,8000,NULL,NULL,NULL,0,NULL),(108,48,17,23,0,0,0,1,'NpcJumpgate',NULL,21,27,1,8000,NULL,NULL,NULL,0,NULL),(109,48,13,11,0,0,0,1,'NpcCommunicationsHub',NULL,16,12,1,1200,NULL,NULL,NULL,0,NULL),(110,48,22,20,0,0,0,1,'NpcExcavationSite',NULL,25,23,1,3000,NULL,NULL,NULL,0,NULL),(111,48,22,27,0,0,0,1,'NpcTemple',NULL,24,29,1,2500,NULL,NULL,NULL,0,NULL),(112,48,25,17,0,0,0,1,'NpcCommunicationsHub',NULL,28,18,1,1200,NULL,NULL,NULL,0,NULL),(113,48,12,23,0,0,0,1,'NpcSolarPlant',NULL,13,24,1,1000,NULL,NULL,NULL,0,NULL),(114,48,19,17,0,0,0,1,'NpcSolarPlant',NULL,20,18,1,1000,NULL,NULL,NULL,0,NULL),(115,48,10,24,0,0,0,1,'NpcSolarPlant',NULL,11,25,1,1000,NULL,NULL,NULL,0,NULL),(116,54,21,12,0,0,0,1,'NpcMetalExtractor',NULL,22,13,1,400,NULL,NULL,NULL,0,NULL),(117,54,17,15,0,0,0,1,'NpcMetalExtractor',NULL,18,16,1,400,NULL,NULL,NULL,0,NULL),(118,54,5,11,0,0,0,1,'NpcMetalExtractor',NULL,6,12,1,400,NULL,NULL,NULL,0,NULL),(119,54,2,22,0,0,0,1,'NpcZetiumExtractor',NULL,3,23,1,1600,NULL,NULL,NULL,0,NULL),(120,54,6,15,0,0,0,1,'NpcZetiumExtractor',NULL,7,16,1,1600,NULL,NULL,NULL,0,NULL),(121,54,7,7,0,0,0,1,'NpcZetiumExtractor',NULL,8,8,1,1600,NULL,NULL,NULL,0,NULL),(122,54,5,0,0,0,0,1,'NpcJumpgate',NULL,9,4,1,8000,NULL,NULL,NULL,0,NULL),(123,54,1,14,0,0,0,1,'NpcResearchCenter',NULL,4,17,1,4000,NULL,NULL,NULL,0,NULL),(124,54,17,18,0,0,0,1,'NpcCommunicationsHub',NULL,20,19,1,1200,NULL,NULL,NULL,0,NULL),(125,54,11,10,0,0,0,1,'NpcExcavationSite',NULL,14,13,1,3000,NULL,NULL,NULL,0,NULL),(126,54,16,4,0,0,0,1,'NpcTemple',NULL,18,6,1,2500,NULL,NULL,NULL,0,NULL),(127,54,12,4,0,0,0,1,'NpcSolarPlant',NULL,13,5,1,1000,NULL,NULL,NULL,0,NULL),(128,54,23,15,0,0,0,1,'NpcSolarPlant',NULL,24,16,1,1000,NULL,NULL,NULL,0,NULL),(129,54,15,19,0,0,0,1,'NpcSolarPlant',NULL,16,20,1,1000,NULL,NULL,NULL,0,NULL),(130,63,18,2,0,0,0,1,'NpcMetalExtractor',NULL,19,3,1,400,NULL,NULL,NULL,0,NULL),(131,63,22,7,0,0,0,1,'NpcMetalExtractor',NULL,23,8,1,400,NULL,NULL,NULL,0,NULL),(132,63,5,21,0,0,0,1,'NpcGeothermalPlant',NULL,6,22,1,600,NULL,NULL,NULL,0,NULL),(133,63,9,21,0,0,0,1,'NpcZetiumExtractor',NULL,10,22,1,1600,NULL,NULL,NULL,0,NULL),(134,63,5,13,0,0,0,1,'NpcZetiumExtractor',NULL,6,14,1,1600,NULL,NULL,NULL,0,NULL),(135,63,13,16,0,0,0,1,'NpcZetiumExtractor',NULL,14,17,1,1600,NULL,NULL,NULL,0,NULL),(136,63,0,28,0,0,0,1,'NpcJumpgate',NULL,4,32,1,8000,NULL,NULL,NULL,0,NULL),(137,63,16,12,0,0,0,1,'NpcResearchCenter',NULL,19,15,1,4000,NULL,NULL,NULL,0,NULL),(138,63,5,6,0,0,0,1,'NpcExcavationSite',NULL,8,9,1,3000,NULL,NULL,NULL,0,NULL),(139,63,6,1,0,0,0,1,'NpcCommunicationsHub',NULL,9,2,1,1200,NULL,NULL,NULL,0,NULL),(140,63,19,27,0,0,0,1,'NpcSolarPlant',NULL,20,28,1,1000,NULL,NULL,NULL,0,NULL),(141,63,14,3,0,0,0,1,'NpcSolarPlant',NULL,15,4,1,1000,NULL,NULL,NULL,0,NULL),(142,63,10,7,0,0,0,1,'NpcSolarPlant',NULL,11,8,1,1000,NULL,NULL,NULL,0,NULL),(143,63,23,31,0,0,0,1,'NpcSolarPlant',NULL,24,32,1,1000,NULL,NULL,NULL,0,NULL),(144,64,18,2,0,0,0,1,'NpcMetalExtractor',NULL,19,3,1,400,NULL,NULL,NULL,0,NULL),(145,64,11,17,0,0,0,1,'NpcMetalExtractor',NULL,12,18,1,400,NULL,NULL,NULL,0,NULL),(146,64,6,13,0,0,0,1,'NpcMetalExtractor',NULL,7,14,1,400,NULL,NULL,NULL,0,NULL),(147,64,4,21,0,0,0,1,'NpcZetiumExtractor',NULL,5,22,1,1600,NULL,NULL,NULL,0,NULL),(148,64,12,10,0,0,0,1,'NpcZetiumExtractor',NULL,13,11,1,1600,NULL,NULL,NULL,0,NULL),(149,64,17,6,0,0,0,1,'NpcJumpgate',NULL,21,10,1,8000,NULL,NULL,NULL,0,NULL),(150,64,1,11,0,0,0,1,'NpcResearchCenter',NULL,4,14,1,4000,NULL,NULL,NULL,0,NULL),(151,64,11,21,0,0,0,1,'NpcExcavationSite',NULL,14,24,1,3000,NULL,NULL,NULL,0,NULL),(152,64,14,5,0,0,0,1,'NpcTemple',NULL,16,7,1,2500,NULL,NULL,NULL,0,NULL),(153,64,13,26,0,0,0,1,'NpcCommunicationsHub',NULL,16,27,1,1200,NULL,NULL,NULL,0,NULL),(154,64,3,0,0,0,0,1,'NpcSolarPlant',NULL,4,1,1,1000,NULL,NULL,NULL,0,NULL),(155,64,0,0,0,0,0,1,'NpcSolarPlant',NULL,1,1,1,1000,NULL,NULL,NULL,0,NULL);
/*!40000 ALTER TABLE `buildings` ENABLE KEYS */;
UNLOCK TABLES;

--
-- Table structure for table `callbacks`
--

DROP TABLE IF EXISTS `callbacks`;
/*!40101 SET @saved_cs_client     = @@character_set_client */;
/*!40101 SET character_set_client = utf8 */;
CREATE TABLE `callbacks` (
  `class` varchar(50) NOT NULL,
  `object_id` int(10) unsigned NOT NULL,
  `ends_at` datetime NOT NULL,
  `event` tinyint(2) unsigned NOT NULL DEFAULT '0',
  `ruleset` varchar(30) NOT NULL,
  UNIQUE KEY `main` (`class`,`object_id`,`event`),
  KEY `tick` (`ends_at`)
) ENGINE=InnoDB DEFAULT CHARSET=utf8;
/*!40101 SET character_set_client = @saved_cs_client */;

--
-- Dumping data for table `callbacks`
--

LOCK TABLES `callbacks` WRITE;
/*!40000 ALTER TABLE `callbacks` DISABLE KEYS */;
INSERT INTO `callbacks` VALUES ('SolarSystem',6,'2012-04-10 19:32:05',8,'dev'),('SsObject::Asteroid',7,'2011-04-11 13:32:35',9,'dev'),('SsObject::Asteroid',10,'2011-04-11 13:32:35',9,'dev'),('SsObject::Asteroid',11,'2011-04-11 13:32:35',9,'dev'),('SsObject::Asteroid',13,'2011-04-11 13:32:35',9,'dev'),('SsObject::Asteroid',14,'2011-04-11 13:32:35',9,'dev'),('SsObject::Asteroid',16,'2011-04-11 13:32:35',9,'dev'),('SsObject::Asteroid',17,'2011-04-11 13:32:35',9,'dev'),('SsObject::Asteroid',19,'2011-04-11 13:32:35',9,'dev'),('SsObject::Asteroid',21,'2011-04-11 13:32:35',9,'dev'),('SsObject::Asteroid',22,'2011-04-11 13:32:35',9,'dev'),('SsObject::Asteroid',23,'2011-04-11 13:32:35',9,'dev'),('SsObject::Asteroid',24,'2011-04-11 13:32:35',9,'dev'),('SsObject::Asteroid',25,'2011-04-11 13:32:35',9,'dev'),('SsObject::Asteroid',26,'2011-04-11 13:32:35',9,'dev'),('SsObject::Asteroid',28,'2011-04-11 13:32:35',9,'dev'),('SsObject::Asteroid',29,'2011-04-11 13:32:35',9,'dev'),('SsObject::Asteroid',31,'2011-04-11 13:32:35',9,'dev'),('SsObject::Asteroid',32,'2011-04-11 13:32:35',9,'dev'),('SsObject::Asteroid',33,'2011-04-11 13:32:35',9,'dev'),('SsObject::Asteroid',34,'2011-04-11 13:32:35',9,'dev'),('SsObject::Asteroid',35,'2011-04-11 13:32:35',9,'dev'),('SsObject::Asteroid',36,'2011-04-11 13:32:35',9,'dev'),('SsObject::Asteroid',38,'2011-04-11 13:32:35',9,'dev'),('SsObject::Asteroid',39,'2011-04-11 13:32:35',9,'dev'),('SsObject::Asteroid',40,'2011-04-11 13:32:35',9,'dev'),('SsObject::Asteroid',41,'2011-04-11 13:32:35',9,'dev'),('SsObject::Asteroid',43,'2011-04-11 13:32:35',9,'dev'),('SsObject::Asteroid',45,'2011-04-11 13:32:35',9,'dev'),('SsObject::Asteroid',46,'2011-04-11 13:32:35',9,'dev'),('SsObject::Asteroid',47,'2011-04-11 13:32:35',9,'dev'),('SsObject::Asteroid',50,'2011-04-11 13:32:35',9,'dev'),('SsObject::Asteroid',51,'2011-04-11 13:32:35',9,'dev'),('SsObject::Asteroid',52,'2011-04-11 13:32:35',9,'dev'),('SsObject::Asteroid',55,'2011-04-11 13:32:35',9,'dev'),('SsObject::Asteroid',56,'2011-04-11 13:32:35',9,'dev'),('SsObject::Asteroid',57,'2011-04-11 13:32:35',9,'dev'),('SsObject::Asteroid',58,'2011-04-11 13:32:35',9,'dev'),('SsObject::Asteroid',59,'2011-04-11 13:32:35',9,'dev'),('SsObject::Asteroid',61,'2011-04-11 13:32:35',9,'dev'),('SsObject::Asteroid',62,'2011-04-11 13:32:35',9,'dev'),('SsObject::Asteroid',65,'2011-04-11 13:32:35',9,'dev'),('SsObject::Asteroid',66,'2011-04-11 13:32:35',9,'dev'),('SsObject::Asteroid',67,'2011-04-11 13:32:35',9,'dev'),('SsObject::Asteroid',68,'2011-04-11 13:32:35',9,'dev'),('SsObject::Asteroid',69,'2011-04-11 13:32:35',9,'dev');
/*!40000 ALTER TABLE `callbacks` ENABLE KEYS */;
UNLOCK TABLES;

--
-- Table structure for table `chat_messages`
--

DROP TABLE IF EXISTS `chat_messages`;
/*!40101 SET @saved_cs_client     = @@character_set_client */;
/*!40101 SET character_set_client = utf8 */;
CREATE TABLE `chat_messages` (
  `source_id` int(11) NOT NULL,
  `target_id` int(11) NOT NULL,
  `message` varchar(255) NOT NULL,
  `created_at` datetime NOT NULL,
  KEY `index_chat_messages_on_source_id` (`source_id`),
  KEY `index_chat_messages_on_target_id` (`target_id`),
  CONSTRAINT `chat_messages_ibfk_2` FOREIGN KEY (`target_id`) REFERENCES `players` (`id`) ON DELETE CASCADE,
  CONSTRAINT `chat_messages_ibfk_1` FOREIGN KEY (`source_id`) REFERENCES `players` (`id`) ON DELETE CASCADE
) ENGINE=InnoDB DEFAULT CHARSET=utf8;
/*!40101 SET character_set_client = @saved_cs_client */;

--
-- Dumping data for table `chat_messages`
--

LOCK TABLES `chat_messages` WRITE;
/*!40000 ALTER TABLE `chat_messages` DISABLE KEYS */;
/*!40000 ALTER TABLE `chat_messages` ENABLE KEYS */;
UNLOCK TABLES;

--
-- Table structure for table `combat_logs`
--

DROP TABLE IF EXISTS `combat_logs`;
/*!40101 SET @saved_cs_client     = @@character_set_client */;
/*!40101 SET character_set_client = utf8 */;
CREATE TABLE `combat_logs` (
  `sha1_id` char(40) NOT NULL,
  `info` mediumtext NOT NULL,
  `expires_at` datetime NOT NULL,
  PRIMARY KEY (`sha1_id`),
  KEY `index_combat_logs_on_expires_at` (`expires_at`)
) ENGINE=InnoDB DEFAULT CHARSET=utf8;
/*!40101 SET character_set_client = @saved_cs_client */;

--
-- Dumping data for table `combat_logs`
--

LOCK TABLES `combat_logs` WRITE;
/*!40000 ALTER TABLE `combat_logs` DISABLE KEYS */;
/*!40000 ALTER TABLE `combat_logs` ENABLE KEYS */;
UNLOCK TABLES;

--
-- Table structure for table `construction_queue_entries`
--

DROP TABLE IF EXISTS `construction_queue_entries`;
/*!40101 SET @saved_cs_client     = @@character_set_client */;
/*!40101 SET character_set_client = utf8 */;
CREATE TABLE `construction_queue_entries` (
  `id` int(11) NOT NULL AUTO_INCREMENT,
  `constructable_type` varchar(100) NOT NULL,
  `constructor_id` int(11) NOT NULL,
  `count` int(11) NOT NULL,
  `position` smallint(2) unsigned NOT NULL DEFAULT '0',
  `params` text,
  PRIMARY KEY (`id`),
  KEY `index_upgrade_queue_entries_on_position` (`position`),
  KEY `foreign_key` (`constructor_id`),
  CONSTRAINT `construction_queue_entries_ibfk_1` FOREIGN KEY (`constructor_id`) REFERENCES `buildings` (`id`) ON DELETE CASCADE
) ENGINE=InnoDB DEFAULT CHARSET=utf8;
/*!40101 SET character_set_client = @saved_cs_client */;

--
-- Dumping data for table `construction_queue_entries`
--

LOCK TABLES `construction_queue_entries` WRITE;
/*!40000 ALTER TABLE `construction_queue_entries` DISABLE KEYS */;
/*!40000 ALTER TABLE `construction_queue_entries` ENABLE KEYS */;
UNLOCK TABLES;

--
-- Table structure for table `cooldowns`
--

DROP TABLE IF EXISTS `cooldowns`;
/*!40101 SET @saved_cs_client     = @@character_set_client */;
/*!40101 SET character_set_client = utf8 */;
CREATE TABLE `cooldowns` (
  `id` int(11) NOT NULL AUTO_INCREMENT,
  `location_id` int(10) unsigned NOT NULL,
  `location_type` tinyint(2) unsigned NOT NULL,
  `location_x` int(11) DEFAULT NULL,
  `location_y` int(11) DEFAULT NULL,
  `ends_at` datetime NOT NULL,
  PRIMARY KEY (`id`),
  UNIQUE KEY `location` (`location_id`,`location_type`,`location_x`,`location_y`)
) ENGINE=InnoDB DEFAULT CHARSET=utf8;
/*!40101 SET character_set_client = @saved_cs_client */;

--
-- Dumping data for table `cooldowns`
--

LOCK TABLES `cooldowns` WRITE;
/*!40000 ALTER TABLE `cooldowns` DISABLE KEYS */;
/*!40000 ALTER TABLE `cooldowns` ENABLE KEYS */;
UNLOCK TABLES;

--
-- Table structure for table `cred_stats`
--

DROP TABLE IF EXISTS `cred_stats`;
/*!40101 SET @saved_cs_client     = @@character_set_client */;
/*!40101 SET character_set_client = utf8 */;
CREATE TABLE `cred_stats` (
  `id` int(11) NOT NULL AUTO_INCREMENT,
  `action` tinyint(2) unsigned NOT NULL,
  `player_id` int(11) DEFAULT NULL,
  `creds_left` int(10) unsigned NOT NULL,
  `class_name` varchar(50) DEFAULT NULL,
  `level` tinyint(2) unsigned DEFAULT NULL,
  `cost` int(10) unsigned NOT NULL,
  `time` int(10) unsigned DEFAULT NULL,
  `actual_time` int(10) unsigned DEFAULT NULL,
  `created_at` datetime NOT NULL,
  PRIMARY KEY (`id`),
  KEY `by_action` (`action`),
  KEY `by_player` (`player_id`),
  CONSTRAINT `cred_stats_ibfk_1` FOREIGN KEY (`player_id`) REFERENCES `players` (`id`) ON DELETE SET NULL
) ENGINE=InnoDB DEFAULT CHARSET=utf8;
/*!40101 SET character_set_client = @saved_cs_client */;

--
-- Dumping data for table `cred_stats`
--

LOCK TABLES `cred_stats` WRITE;
/*!40000 ALTER TABLE `cred_stats` DISABLE KEYS */;
/*!40000 ALTER TABLE `cred_stats` ENABLE KEYS */;
UNLOCK TABLES;

--
-- Table structure for table `folliages`
--

DROP TABLE IF EXISTS `folliages`;
/*!40101 SET @saved_cs_client     = @@character_set_client */;
/*!40101 SET character_set_client = utf8 */;
CREATE TABLE `folliages` (
  `planet_id` int(11) NOT NULL,
  `x` tinyint(2) unsigned NOT NULL DEFAULT '0',
  `y` tinyint(2) unsigned NOT NULL DEFAULT '0',
  `kind` tinyint(2) unsigned NOT NULL DEFAULT '0',
  UNIQUE KEY `coords` (`planet_id`,`x`,`y`),
  CONSTRAINT `folliages_ibfk_1` FOREIGN KEY (`planet_id`) REFERENCES `ss_objects` (`id`) ON DELETE CASCADE
) ENGINE=InnoDB DEFAULT CHARSET=utf8;
/*!40101 SET character_set_client = @saved_cs_client */;

--
-- Dumping data for table `folliages`
--

LOCK TABLES `folliages` WRITE;
/*!40000 ALTER TABLE `folliages` DISABLE KEYS */;
INSERT INTO `folliages` VALUES (1,0,2,9),(1,1,5,2),(1,2,2,5),(1,2,7,11),(1,5,12,1),(1,6,4,7),(1,6,5,6),(1,6,6,13),(1,7,0,8),(1,7,1,8),(1,7,2,3),(1,7,12,2),(1,8,2,3),(1,9,0,10),(1,9,8,5),(1,9,11,11),(1,9,12,1),(1,10,2,6),(1,10,6,10),(1,11,3,9),(1,12,0,13),(1,12,4,2),(1,12,5,12),(1,12,9,7),(1,13,11,10),(1,13,12,12),(1,14,0,11),(1,16,8,9),(1,17,3,0),(1,18,3,2),(1,18,5,2),(1,18,8,12),(1,18,12,6),(1,19,4,8),(1,19,12,0),(1,20,8,10),(1,21,4,13),(1,21,8,4),(1,21,12,3),(1,22,0,6),(1,22,2,4),(1,22,4,5),(1,22,11,4),(4,0,1,12),(4,0,2,13),(4,0,9,2),(4,0,11,3),(4,0,14,13),(4,1,0,9),(4,2,7,12),(4,3,0,3),(4,3,1,13),(4,3,13,0),(4,4,0,5),(4,4,6,5),(4,4,8,10),(4,4,9,2),(4,4,12,11),(4,7,4,12),(4,7,10,7),(4,8,0,9),(4,8,1,10),(4,8,2,2),(4,8,5,13),(4,8,7,8),(4,8,8,10),(4,9,14,7),(4,12,10,12),(4,14,7,9),(5,0,3,0),(5,0,6,6),(5,1,6,5),(5,1,10,12),(5,1,12,5),(5,3,9,12),(5,4,10,9),(5,5,7,8),(5,6,2,9),(5,6,3,2),(5,6,4,13),(5,8,4,13),(5,8,10,10),(5,8,11,5),(5,9,9,6),(5,9,15,6),(5,9,16,9),(5,10,5,3),(5,10,16,0),(5,11,1,10),(5,11,15,4),(5,11,16,2),(5,12,4,3),(5,12,8,3),(5,12,13,3),(5,13,1,13),(5,13,5,3),(5,13,7,10),(5,13,10,4),(5,14,6,9),(5,14,15,5),(5,17,15,6),(5,18,9,4),(5,18,15,9),(5,18,16,10),(5,20,3,11),(5,20,4,6),(5,20,6,7),(5,20,9,2),(5,20,10,9),(5,20,12,2),(5,20,13,3),(5,20,14,1),(5,20,16,9),(8,0,0,7),(8,0,3,9),(8,0,5,5),(8,0,7,2),(8,0,8,0),(8,0,17,8),(8,0,20,8),(8,1,10,0),(8,1,19,11),(8,1,21,10),(8,3,14,2),(8,3,20,3),(8,4,10,1),(8,5,11,10),(8,5,12,5),(8,5,17,2),(8,5,19,8),(8,5,20,5),(8,5,23,4),(8,5,24,6),(8,6,1,8),(8,6,13,9),(8,6,16,6),(8,6,22,13),(8,7,27,6),(8,8,26,3),(8,9,17,13),(8,10,27,6),(8,11,4,5),(8,11,5,12),(8,11,16,1),(8,11,26,2),(8,11,27,11),(8,12,0,4),(8,12,3,5),(8,12,7,10),(8,12,11,5),(8,12,12,6),(8,12,27,10),(8,13,0,0),(8,13,1,8),(8,13,5,7),(8,13,6,3),(8,13,10,7),(8,14,16,7),(8,14,20,6),(8,14,22,7),(8,14,23,1),(8,14,27,6),(8,15,7,4),(8,15,14,13),(8,15,15,11),(8,15,21,7),(8,15,23,1),(8,16,18,8),(8,16,22,6),(8,17,9,10),(8,17,10,10),(8,17,13,1),(8,17,16,2),(8,17,23,7),(8,18,22,4),(8,19,19,5),(8,19,21,3),(8,20,22,3),(8,21,1,4),(8,21,2,11),(8,22,2,4),(8,22,4,9),(8,22,10,0),(8,22,12,6),(8,22,15,0),(8,22,20,11),(8,23,9,9),(8,23,22,9),(8,24,5,7),(8,24,21,0),(8,24,22,1),(8,24,23,8),(8,24,26,2),(8,25,3,5),(8,25,24,11),(8,26,10,4),(8,26,11,5),(8,26,13,4),(8,26,23,7),(8,27,6,5),(8,28,2,13),(8,28,8,6),(8,28,12,3),(8,28,23,8),(8,29,8,6),(8,29,24,0),(8,29,26,4),(8,29,27,0),(8,32,20,2),(8,33,11,2),(8,33,16,5),(8,34,8,9),(8,34,19,9),(18,0,5,6),(18,0,6,5),(18,0,7,7),(18,0,14,12),(18,0,23,6),(18,0,24,4),(18,1,16,4),(18,2,5,11),(18,2,6,7),(18,2,7,13),(18,2,12,1),(18,2,15,0),(18,2,25,1),(18,3,5,12),(18,3,9,8),(18,3,16,13),(18,3,17,12),(18,3,20,12),(18,3,26,6),(18,4,11,12),(18,4,26,13),(18,5,6,0),(18,5,10,4),(18,7,5,13),(18,7,7,2),(18,8,2,0),(18,8,3,0),(18,9,0,5),(18,9,6,2),(18,9,7,10),(18,9,12,4),(18,9,16,13),(18,9,24,13),(18,9,25,7),(18,10,0,11),(18,10,5,1),(18,10,18,7),(18,10,24,1),(18,11,6,10),(18,11,18,9),(18,11,21,1),(18,11,22,4),(18,11,25,5),(18,11,26,3),(18,12,0,1),(18,12,7,7),(18,12,10,7),(18,13,0,12),(18,14,6,12),(18,14,9,9),(18,14,22,5),(18,15,0,4),(18,15,1,7),(18,15,4,10),(18,15,22,5),(18,16,5,5),(18,17,2,13),(18,17,15,7),(18,20,0,1),(18,20,15,3),(18,20,19,0),(18,21,0,7),(18,21,13,6),(18,21,21,0),(18,22,0,7),(18,23,18,4),(18,24,6,4),(18,24,8,10),(18,24,9,2),(18,24,15,5),(18,24,20,6),(18,25,13,9),(18,25,17,1),(18,25,22,8),(18,26,12,10),(18,26,13,11),(18,26,14,3),(18,26,25,2),(18,27,0,11),(18,27,8,7),(18,27,12,10),(18,27,13,3),(18,27,22,11),(18,27,26,3),(18,27,27,1),(18,28,14,5),(18,28,17,0),(18,28,19,5),(18,28,20,4),(18,28,22,7),(18,28,25,6),(18,28,26,2),(18,29,0,11),(18,29,1,7),(18,29,15,12),(18,29,21,12),(18,29,25,2),(18,29,27,3),(18,30,1,13),(18,30,13,2),(18,30,23,2),(27,0,8,9),(27,0,27,9),(27,0,29,1),(27,1,6,2),(27,1,8,11),(27,1,17,2),(27,2,29,1),(27,3,8,7),(27,3,22,1),(27,3,27,8),(27,3,28,5),(27,4,9,4),(27,4,22,6),(27,5,9,13),(27,6,13,1),(27,6,14,8),(27,6,21,12),(27,7,10,2),(27,7,13,2),(27,7,14,5),(27,7,15,10),(27,7,16,6),(27,7,29,2),(27,8,6,7),(27,9,19,10),(27,10,4,9),(27,10,29,12),(27,11,0,5),(27,11,7,10),(27,11,12,13),(27,11,16,9),(27,11,23,6),(27,11,24,3),(27,11,25,9),(27,11,26,7),(27,12,14,8),(27,12,19,9),(27,12,20,8),(27,12,27,12),(27,13,16,5),(27,13,21,12),(27,13,25,11),(27,14,1,12),(27,14,22,0),(27,15,7,3),(27,15,12,6),(27,15,17,7),(27,15,26,10),(27,16,9,3),(27,16,12,7),(27,16,18,1),(27,16,19,7),(27,17,1,5),(27,17,17,0),(27,17,18,2),(27,17,19,0),(27,18,0,6),(27,18,10,7),(27,18,14,5),(27,18,15,0),(27,18,18,6),(27,19,17,8),(27,19,18,3),(27,19,21,3),(27,19,22,2),(27,19,24,11),(27,20,1,8),(27,20,3,11),(27,20,4,3),(27,20,15,1),(27,20,23,11),(27,20,26,1),(27,21,6,13),(27,21,15,13),(27,21,24,13),(27,22,5,6),(27,22,6,2),(27,22,10,10),(27,22,11,0),(27,22,20,0),(27,22,24,3),(27,22,26,1),(27,22,28,8),(27,23,4,10),(27,23,18,11),(27,23,25,13),(27,24,6,8),(27,24,19,6),(27,24,27,11),(27,25,1,2),(27,25,3,6),(27,25,11,6),(27,25,25,1),(27,25,26,8),(27,26,4,8),(27,26,11,1),(27,26,18,5),(27,26,19,1),(27,26,25,2),(27,26,29,7),(27,27,8,6),(27,28,4,3),(27,28,5,3),(27,28,11,1),(27,28,17,4),(27,28,18,2),(27,29,7,3),(27,29,11,12),(27,29,13,4),(27,29,17,6),(27,29,18,9),(27,29,20,13),(27,29,23,0),(27,29,25,5),(27,29,26,3),(37,0,16,2),(37,0,20,1),(37,1,24,11),(37,2,0,9),(37,2,1,3),(37,2,18,7),(37,2,25,8),(37,2,26,8),(37,3,3,3),(37,3,26,8),(37,4,0,5),(37,4,14,2),(37,4,15,7),(37,4,24,0),(37,5,1,11),(37,5,3,2),(37,5,5,6),(37,5,10,11),(37,5,12,4),(37,5,29,10),(37,6,10,6),(37,6,13,4),(37,6,15,11),(37,6,20,2),(37,6,23,12),(37,6,25,3),(37,6,26,6),(37,6,28,4),(37,6,29,3),(37,7,4,3),(37,7,6,3),(37,7,13,1),(37,8,2,11),(37,8,4,6),(37,8,7,8),(37,8,13,1),(37,8,14,12),(37,8,19,4),(37,9,7,4),(37,9,21,1),(37,10,18,7),(37,10,22,5),(37,10,29,2),(37,11,29,6),(37,12,3,1),(37,12,18,0),(37,12,21,3),(37,12,22,10),(37,13,5,5),(37,13,7,2),(37,13,23,11),(37,14,6,5),(37,14,18,12),(37,14,19,5),(37,14,21,7),(37,14,22,3),(37,14,25,6),(37,15,5,6),(37,15,6,11),(37,15,20,10),(37,15,22,6),(37,15,25,11),(37,15,26,5),(37,16,25,8),(37,16,26,4),(37,17,5,0),(37,17,21,10),(37,17,22,4),(37,17,27,1),(37,18,6,1),(37,18,19,1),(37,18,25,5),(37,19,7,12),(37,19,18,5),(37,19,21,8),(37,20,20,6),(37,20,26,10),(37,21,8,7),(37,21,9,0),(37,21,12,0),(37,21,14,9),(37,21,18,3),(37,22,3,1),(37,22,6,10),(37,22,9,4),(37,22,13,5),(37,22,21,3),(37,22,23,12),(37,23,10,0),(37,23,12,0),(37,23,23,4),(37,24,13,7),(37,24,15,7),(37,24,18,9),(37,24,19,3),(37,24,20,2),(37,24,24,4),(37,25,3,0),(37,25,6,4),(37,25,13,6),(37,25,19,0),(37,25,25,7),(37,25,28,7),(37,26,3,0),(37,26,11,7),(37,26,24,0),(37,26,25,13),(37,26,26,1),(37,27,14,3),(37,27,15,2),(37,27,25,9),(37,27,27,4),(37,27,29,7),(37,28,12,7),(37,28,13,7),(37,29,3,5),(37,29,6,0),(37,29,12,2),(37,29,13,7),(48,0,4,1),(48,0,27,5),(48,1,2,7),(48,1,5,11),(48,1,18,9),(48,2,0,2),(48,2,1,5),(48,2,2,4),(48,2,20,7),(48,3,3,11),(48,3,4,2),(48,3,5,0),(48,3,12,5),(48,3,14,8),(48,3,16,13),(48,3,21,13),(48,4,1,9),(48,4,3,2),(48,4,5,5),(48,4,10,3),(48,4,16,11),(48,4,20,6),(48,5,0,1),(48,5,5,1),(48,5,8,8),(48,5,14,6),(48,6,0,3),(48,6,1,8),(48,6,13,10),(48,6,14,9),(48,6,23,3),(48,7,13,10),(48,7,21,9),(48,7,28,12),(48,8,5,4),(48,8,20,3),(48,8,21,3),(48,8,24,7),(48,8,25,3),(48,9,4,7),(48,9,19,3),(48,9,20,1),(48,9,21,5),(48,10,4,6),(48,11,17,3),(48,11,18,1),(48,11,20,4),(48,11,21,5),(48,12,18,13),(48,12,19,11),(48,12,20,8),(48,12,25,11),(48,12,27,7),(48,13,16,4),(48,14,18,2),(48,14,23,10),(48,15,16,10),(48,15,18,13),(48,16,10,11),(48,16,15,7),(48,16,19,5),(48,16,22,10),(48,16,23,2),(48,17,2,7),(48,17,6,2),(48,17,14,5),(48,17,17,11),(48,18,7,12),(48,18,16,8),(48,18,17,6),(48,18,18,8),(48,18,22,12),(48,19,1,8),(48,19,16,6),(48,19,19,9),(48,19,22,11),(48,20,0,12),(48,20,1,9),(48,20,12,7),(48,20,22,9),(48,21,12,4),(48,21,17,12),(48,21,22,10),(48,22,0,12),(48,22,5,11),(48,22,14,7),(48,22,19,9),(48,22,25,0),(48,23,5,3),(48,23,6,2),(48,23,11,6),(48,23,24,13),(48,23,26,11),(48,24,2,5),(48,24,3,4),(48,24,5,0),(48,24,6,5),(48,24,7,4),(48,24,10,6),(48,24,11,4),(48,24,16,2),(48,24,17,2),(48,24,18,0),(48,25,6,3),(48,25,19,0),(48,25,28,0),(48,26,1,1),(48,26,7,9),(48,26,8,5),(48,26,20,6),(48,26,24,10),(48,26,27,11),(48,27,2,11),(48,27,19,9),(48,27,22,10),(48,27,25,6),(48,27,26,5),(48,28,0,10),(48,28,8,1),(48,28,23,11),(48,28,27,10),(48,28,28,0),(48,29,23,11),(48,31,10,7),(48,31,16,11),(48,31,21,8),(48,31,22,11),(48,32,0,4),(48,32,1,11),(48,32,18,1),(48,32,19,13),(48,32,27,0),(48,32,28,12),(48,32,29,8),(54,0,8,6),(54,1,8,10),(54,1,19,0),(54,1,21,6),(54,1,22,13),(54,2,4,11),(54,2,5,10),(54,2,9,6),(54,2,18,2),(54,2,21,2),(54,3,20,9),(54,4,1,9),(54,4,20,0),(54,5,20,1),(54,5,21,11),(54,6,13,9),(54,7,12,8),(54,8,5,10),(54,8,17,4),(54,9,7,7),(54,9,11,5),(54,9,14,6),(54,10,6,6),(54,10,21,10),(54,10,22,11),(54,11,21,11),(54,11,22,0),(54,11,23,11),(54,11,24,2),(54,12,0,7),(54,13,1,2),(54,13,21,7),(54,13,23,4),(54,15,21,6),(54,15,22,2),(54,16,12,10),(54,16,13,2),(54,16,15,9),(54,17,10,4),(54,17,21,3),(54,17,24,3),(54,18,12,7),(54,18,13,13),(54,18,14,2),(54,20,10,12),(54,20,11,6),(54,20,22,2),(54,20,24,7),(54,21,7,10),(54,21,9,2),(54,21,14,1),(54,21,21,0),(54,21,22,1),(54,21,24,9),(54,22,9,6),(54,22,24,6),(54,23,11,4),(54,24,13,13),(54,25,0,9),(54,25,5,12),(54,25,22,11),(63,0,10,6),(63,0,12,10),(63,0,24,2),(63,0,26,0),(63,1,8,2),(63,1,9,9),(63,1,10,13),(63,1,16,13),(63,1,17,7),(63,1,19,8),(63,1,21,4),(63,1,24,0),(63,1,26,5),(63,2,3,12),(63,2,23,12),(63,2,25,6),(63,3,1,10),(63,3,3,10),(63,3,9,11),(63,3,14,7),(63,3,15,9),(63,3,23,1),(63,4,4,6),(63,4,6,9),(63,4,9,1),(63,4,11,6),(63,4,12,1),(63,4,13,9),(63,5,0,0),(63,5,2,0),(63,5,12,11),(63,5,31,12),(63,6,0,6),(63,6,3,0),(63,6,4,6),(63,6,10,0),(63,6,11,13),(63,7,5,6),(63,7,19,7),(63,7,22,7),(63,7,31,10),(63,8,0,12),(63,8,11,4),(63,8,19,6),(63,8,21,4),(63,8,22,4),(63,8,24,11),(63,8,28,5),(63,8,31,5),(63,9,11,3),(63,9,30,8),(63,10,0,4),(63,10,9,4),(63,10,13,8),(63,10,14,5),(63,10,15,2),(63,10,16,10),(63,10,31,2),(63,11,0,6),(63,11,1,0),(63,11,29,9),(63,12,19,12),(63,13,0,1),(63,13,7,4),(63,13,26,10),(63,14,5,11),(63,14,6,6),(63,14,14,5),(63,14,22,1),(63,14,23,6),(63,14,26,10),(63,14,31,1),(63,15,10,11),(63,15,22,8),(63,15,23,1),(63,15,27,12),(63,16,6,13),(63,16,9,4),(63,16,10,9),(63,16,11,7),(63,16,17,9),(63,16,21,9),(63,16,29,9),(63,17,3,0),(63,17,4,2),(63,17,5,13),(63,17,7,2),(63,17,19,11),(63,17,22,4),(63,17,30,5),(63,18,5,9),(63,18,16,2),(63,18,32,1),(63,19,5,7),(63,19,17,3),(63,19,18,11),(63,20,4,6),(63,20,17,13),(63,20,22,12),(63,21,8,8),(63,21,20,3),(63,22,0,4),(63,22,1,7),(63,22,9,1),(63,22,14,9),(63,23,3,6),(63,23,15,9),(63,23,16,4),(63,23,17,7),(63,23,20,8),(63,23,29,10),(63,24,21,8),(63,24,22,5),(63,25,17,5),(63,25,18,8),(63,25,23,13),(63,25,28,2),(63,26,32,8),(63,27,12,12),(63,27,23,11),(63,28,3,5),(63,28,9,3),(63,28,11,4),(63,28,13,9),(63,28,19,11),(63,28,21,2),(63,28,28,8),(63,28,30,1),(63,28,32,13),(63,29,2,12),(63,29,9,0),(63,29,13,10),(63,29,20,4),(63,29,21,3),(63,29,24,11),(63,29,26,3),(63,29,30,1),(63,30,0,3),(63,30,12,3),(63,30,29,2),(63,30,32,2),(64,0,2,2),(64,0,3,11),(64,0,14,2),(64,0,21,9),(64,1,2,9),(64,1,4,5),(64,1,20,6),(64,1,23,1),(64,2,22,11),(64,3,6,4),(64,3,20,11),(64,3,25,9),(64,4,3,1),(64,4,6,6),(64,4,20,1),(64,5,1,10),(64,5,11,10),(64,5,27,3),(64,6,11,2),(64,6,12,9),(64,6,21,0),(64,6,22,10),(64,6,23,8),(64,6,24,12),(64,6,27,4),(64,7,1,5),(64,7,12,9),(64,7,15,7),(64,7,22,10),(64,8,2,6),(64,8,8,1),(64,8,9,2),(64,8,12,8),(64,8,13,6),(64,9,6,13),(64,9,11,6),(64,9,18,7),(64,9,23,8),(64,10,8,1),(64,10,10,0),(64,10,12,8),(64,10,17,3),(64,10,20,10),(64,11,10,11),(64,11,14,9),(64,12,0,12),(64,12,26,3),(64,13,6,3),(64,13,8,10),(64,13,20,7),(64,14,4,10),(64,14,19,10),(64,14,20,0),(64,15,1,6),(64,15,4,8),(64,15,10,11),(64,15,13,1),(64,16,2,3),(64,16,3,10),(64,16,8,3),(64,16,13,10),(64,16,19,3),(64,17,2,3),(64,17,5,5),(64,17,11,10),(64,18,0,11),(64,18,14,8),(64,18,16,2),(64,18,17,1),(64,18,18,1),(64,19,5,13),(64,19,15,11),(64,19,17,1),(64,19,18,9),(64,20,0,10),(64,20,2,3),(64,20,4,3),(64,20,15,7),(64,21,4,4),(64,21,5,7),(64,21,15,5),(64,22,0,6),(64,22,5,0),(64,22,7,4),(64,22,8,9),(64,22,10,6),(64,22,11,4);
/*!40000 ALTER TABLE `folliages` ENABLE KEYS */;
UNLOCK TABLES;

--
-- Table structure for table `fow_galaxy_entries`
--

DROP TABLE IF EXISTS `fow_galaxy_entries`;
/*!40101 SET @saved_cs_client     = @@character_set_client */;
/*!40101 SET character_set_client = utf8 */;
CREATE TABLE `fow_galaxy_entries` (
  `id` int(11) NOT NULL AUTO_INCREMENT,
  `galaxy_id` int(11) NOT NULL,
  `player_id` int(11) DEFAULT NULL,
  `alliance_id` int(11) DEFAULT NULL,
  `x` int(11) NOT NULL,
  `y` int(11) NOT NULL,
  `x_end` int(11) NOT NULL,
  `y_end` int(11) NOT NULL,
  `counter` tinyint(2) unsigned NOT NULL DEFAULT '1',
  PRIMARY KEY (`id`),
  UNIQUE KEY `player_visiblity` (`player_id`,`x`,`y`,`x_end`,`y_end`),
  UNIQUE KEY `alliance_visiblity` (`alliance_id`,`x`,`y`,`x_end`,`y_end`),
  KEY `lookup_players_by_coords` (`galaxy_id`,`x`,`x_end`,`y`,`y_end`),
  KEY `for_cleanup` (`counter`),
  CONSTRAINT `fow_galaxy_entries_ibfk_1` FOREIGN KEY (`galaxy_id`) REFERENCES `galaxies` (`id`) ON DELETE CASCADE
) ENGINE=InnoDB DEFAULT CHARSET=utf8;
/*!40101 SET character_set_client = @saved_cs_client */;

--
-- Dumping data for table `fow_galaxy_entries`
--

LOCK TABLES `fow_galaxy_entries` WRITE;
/*!40000 ALTER TABLE `fow_galaxy_entries` DISABLE KEYS */;
/*!40000 ALTER TABLE `fow_galaxy_entries` ENABLE KEYS */;
UNLOCK TABLES;

--
-- Table structure for table `fow_ss_entries`
--

DROP TABLE IF EXISTS `fow_ss_entries`;
/*!40101 SET @saved_cs_client     = @@character_set_client */;
/*!40101 SET character_set_client = utf8 */;
CREATE TABLE `fow_ss_entries` (
  `id` int(11) NOT NULL AUTO_INCREMENT,
  `solar_system_id` int(11) NOT NULL,
  `player_id` int(11) DEFAULT NULL,
  `counter` int(11) NOT NULL DEFAULT '0',
  `player_planets` tinyint(1) DEFAULT NULL,
  `player_ships` tinyint(1) DEFAULT NULL,
  `enemy_planets` tinyint(1) NOT NULL DEFAULT '0',
  `enemy_ships` tinyint(1) NOT NULL DEFAULT '0',
  `alliance_id` int(11) DEFAULT NULL,
  `alliance_planet_player_ids` text,
  `alliance_ship_player_ids` text,
  `nap_planets` tinyint(1) DEFAULT NULL,
  `nap_ships` tinyint(1) DEFAULT NULL,
  PRIMARY KEY (`id`),
  UNIQUE KEY `create_for_player` (`solar_system_id`,`player_id`),
  UNIQUE KEY `create_for_alliance` (`solar_system_id`,`alliance_id`),
  KEY `select_by_player` (`player_id`),
  KEY `select_by_alliance` (`alliance_id`),
  KEY `for_cleanup` (`counter`),
  CONSTRAINT `fow_ss_entries_ibfk_1` FOREIGN KEY (`solar_system_id`) REFERENCES `solar_systems` (`id`) ON DELETE CASCADE,
  CONSTRAINT `fow_ss_entries_ibfk_2` FOREIGN KEY (`player_id`) REFERENCES `players` (`id`) ON DELETE CASCADE,
  CONSTRAINT `fow_ss_entries_ibfk_3` FOREIGN KEY (`alliance_id`) REFERENCES `alliances` (`id`) ON DELETE CASCADE
) ENGINE=InnoDB AUTO_INCREMENT=2 DEFAULT CHARSET=utf8;
/*!40101 SET character_set_client = @saved_cs_client */;

--
-- Dumping data for table `fow_ss_entries`
--

LOCK TABLES `fow_ss_entries` WRITE;
/*!40000 ALTER TABLE `fow_ss_entries` DISABLE KEYS */;
INSERT INTO `fow_ss_entries` VALUES (1,6,1,1,1,0,0,0,NULL,NULL,NULL,NULL,NULL);
/*!40000 ALTER TABLE `fow_ss_entries` ENABLE KEYS */;
UNLOCK TABLES;

--
-- Table structure for table `galaxies`
--

DROP TABLE IF EXISTS `galaxies`;
/*!40101 SET @saved_cs_client     = @@character_set_client */;
/*!40101 SET character_set_client = utf8 */;
CREATE TABLE `galaxies` (
  `id` int(11) NOT NULL AUTO_INCREMENT,
  `created_at` datetime NOT NULL,
  `ruleset` varchar(30) NOT NULL DEFAULT '0',
  PRIMARY KEY (`id`)
) ENGINE=InnoDB AUTO_INCREMENT=2 DEFAULT CHARSET=utf8;
/*!40101 SET character_set_client = @saved_cs_client */;

--
-- Dumping data for table `galaxies`
--

LOCK TABLES `galaxies` WRITE;
/*!40000 ALTER TABLE `galaxies` DISABLE KEYS */;
INSERT INTO `galaxies` VALUES (1,'2011-04-11 13:32:04','dev');
/*!40000 ALTER TABLE `galaxies` ENABLE KEYS */;
UNLOCK TABLES;

--
-- Table structure for table `naps`
--

DROP TABLE IF EXISTS `naps`;
/*!40101 SET @saved_cs_client     = @@character_set_client */;
/*!40101 SET character_set_client = utf8 */;
CREATE TABLE `naps` (
  `id` int(11) NOT NULL AUTO_INCREMENT,
  `initiator_id` int(11) NOT NULL,
  `acceptor_id` int(11) NOT NULL,
  `status` tinyint(2) unsigned NOT NULL DEFAULT '0',
  `created_at` datetime NOT NULL,
  `expires_at` datetime DEFAULT NULL,
  PRIMARY KEY (`id`),
  UNIQUE KEY `enforce_one_nap_per_pair` (`initiator_id`,`acceptor_id`),
  KEY `lookup_naps_for_alliance_1st` (`initiator_id`,`status`),
  KEY `lookup_naps_for_alliance_2nd` (`acceptor_id`,`status`),
  CONSTRAINT `naps_ibfk_2` FOREIGN KEY (`acceptor_id`) REFERENCES `alliances` (`id`) ON DELETE CASCADE,
  CONSTRAINT `naps_ibfk_1` FOREIGN KEY (`initiator_id`) REFERENCES `alliances` (`id`) ON DELETE CASCADE
) ENGINE=InnoDB DEFAULT CHARSET=utf8;
/*!40101 SET character_set_client = @saved_cs_client */;

--
-- Dumping data for table `naps`
--

LOCK TABLES `naps` WRITE;
/*!40000 ALTER TABLE `naps` DISABLE KEYS */;
/*!40000 ALTER TABLE `naps` ENABLE KEYS */;
UNLOCK TABLES;

--
-- Table structure for table `notifications`
--

DROP TABLE IF EXISTS `notifications`;
/*!40101 SET @saved_cs_client     = @@character_set_client */;
/*!40101 SET character_set_client = utf8 */;
CREATE TABLE `notifications` (
  `id` int(11) NOT NULL AUTO_INCREMENT,
  `player_id` int(11) NOT NULL,
  `created_at` datetime NOT NULL,
  `expires_at` datetime NOT NULL,
  `event` tinyint(2) unsigned NOT NULL,
  `params` text,
  `starred` tinyint(1) NOT NULL DEFAULT '0',
  `read` tinyint(1) NOT NULL DEFAULT '0',
  PRIMARY KEY (`id`),
  KEY `player` (`player_id`),
  KEY `order` (`read`,`created_at`),
  KEY `index_notifications_on_expires_at` (`expires_at`),
  KEY `foreign_key` (`player_id`),
  CONSTRAINT `notifications_ibfk_1` FOREIGN KEY (`player_id`) REFERENCES `players` (`id`) ON DELETE CASCADE
) ENGINE=InnoDB DEFAULT CHARSET=utf8;
/*!40101 SET character_set_client = @saved_cs_client */;

--
-- Dumping data for table `notifications`
--

LOCK TABLES `notifications` WRITE;
/*!40000 ALTER TABLE `notifications` DISABLE KEYS */;
/*!40000 ALTER TABLE `notifications` ENABLE KEYS */;
UNLOCK TABLES;

--
-- Table structure for table `objective_progresses`
--

DROP TABLE IF EXISTS `objective_progresses`;
/*!40101 SET @saved_cs_client     = @@character_set_client */;
/*!40101 SET character_set_client = utf8 */;
CREATE TABLE `objective_progresses` (
  `id` int(11) NOT NULL AUTO_INCREMENT,
  `objective_id` int(11) DEFAULT NULL,
  `player_id` int(11) DEFAULT NULL,
  `completed` tinyint(2) unsigned NOT NULL DEFAULT '0',
  PRIMARY KEY (`id`),
  KEY `objective_fk` (`objective_id`),
  KEY `player_fk` (`player_id`),
  CONSTRAINT `objective_progresses_ibfk_2` FOREIGN KEY (`player_id`) REFERENCES `players` (`id`) ON DELETE CASCADE,
  CONSTRAINT `objective_progresses_ibfk_1` FOREIGN KEY (`objective_id`) REFERENCES `objectives` (`id`) ON DELETE CASCADE
) ENGINE=InnoDB AUTO_INCREMENT=2 DEFAULT CHARSET=utf8;
/*!40101 SET character_set_client = @saved_cs_client */;

--
-- Dumping data for table `objective_progresses`
--

LOCK TABLES `objective_progresses` WRITE;
/*!40000 ALTER TABLE `objective_progresses` DISABLE KEYS */;
INSERT INTO `objective_progresses` VALUES (1,1,1,0);
/*!40000 ALTER TABLE `objective_progresses` ENABLE KEYS */;
UNLOCK TABLES;

--
-- Table structure for table `objectives`
--

DROP TABLE IF EXISTS `objectives`;
/*!40101 SET @saved_cs_client     = @@character_set_client */;
/*!40101 SET character_set_client = utf8 */;
CREATE TABLE `objectives` (
  `id` int(11) NOT NULL AUTO_INCREMENT,
  `quest_id` int(11) NOT NULL,
  `type` varchar(255) NOT NULL,
  `key` varchar(255) DEFAULT NULL,
  `count` tinyint(2) unsigned NOT NULL DEFAULT '1',
  `level` tinyint(2) unsigned DEFAULT NULL,
  `alliance` tinyint(1) NOT NULL DEFAULT '0',
  `npc` tinyint(1) NOT NULL DEFAULT '0',
  `limit` int(10) unsigned DEFAULT NULL,
  PRIMARY KEY (`id`),
  KEY `quest_objectives` (`quest_id`),
  KEY `on_progress` (`type`,`key`),
  CONSTRAINT `objectives_ibfk_1` FOREIGN KEY (`quest_id`) REFERENCES `quests` (`id`) ON DELETE CASCADE
) ENGINE=InnoDB AUTO_INCREMENT=94 DEFAULT CHARSET=utf8;
/*!40101 SET character_set_client = @saved_cs_client */;

--
-- Dumping data for table `objectives`
--

LOCK TABLES `objectives` WRITE;
/*!40000 ALTER TABLE `objectives` DISABLE KEYS */;
INSERT INTO `objectives` VALUES (1,1,'HaveUpgradedTo','Building::CollectorT1',1,1,0,0,NULL),(2,2,'HaveUpgradedTo','Building::MetalExtractor',1,1,0,0,NULL),(3,3,'HaveUpgradedTo','Building::CollectorT1',2,1,0,0,NULL),(4,3,'HaveUpgradedTo','Building::MetalExtractor',2,1,0,0,NULL),(5,22,'ExploreBlock','ExploreBlock',1,NULL,0,0,9),(6,23,'ExploreBlock','ExploreBlock',10,NULL,0,0,9),(7,4,'HaveUpgradedTo','Building::CollectorT1',2,3,0,0,NULL),(8,4,'HaveUpgradedTo','Building::MetalExtractor',2,3,0,0,NULL),(9,5,'HaveUpgradedTo','Building::CollectorT1',2,4,0,0,NULL),(10,5,'HaveUpgradedTo','Building::MetalExtractor',2,4,0,0,NULL),(11,6,'HaveUpgradedTo','Building::Barracks',1,1,0,0,NULL),(12,7,'HaveUpgradedTo','Unit::Trooper',8,1,0,0,NULL),(13,66,'HaveArmyPoints','Player',1,NULL,0,0,1500),(14,67,'HaveArmyPoints','Player',1,NULL,0,0,3000),(15,68,'HaveArmyPoints','Player',1,NULL,0,0,6000),(16,69,'HaveArmyPoints','Player',1,NULL,0,0,12000),(17,70,'HaveArmyPoints','Player',1,NULL,0,0,25000),(18,71,'HaveArmyPoints','Player',1,NULL,0,0,50000),(19,8,'DestroyNpcBuilding','Building::NpcMetalExtractor',1,1,0,0,NULL),(20,32,'HaveUpgradedTo','Building::MetalExtractor',3,4,0,0,NULL),(21,9,'HaveUpgradedTo','Building::MetalExtractor',1,7,0,0,NULL),(22,10,'HaveUpgradedTo','Building::CollectorT1',1,7,0,0,NULL),(23,11,'HaveUpgradedTo','Building::ResearchCenter',1,1,0,0,NULL),(24,24,'ExploreBlock','ExploreBlock',5,NULL,0,0,12),(25,25,'ExploreBlock','ExploreBlock',5,NULL,0,0,16),(26,26,'ExploreBlock','ExploreBlock',10,NULL,0,0,36),(27,12,'HaveUpgradedTo','Unit::Seeker',3,1,0,0,NULL),(28,13,'HaveUpgradedTo','Unit::Trooper',4,2,0,0,NULL),(29,72,'HaveSciencePoints','Player',1,NULL,0,0,2500),(30,73,'HaveSciencePoints','Player',1,NULL,0,0,5000),(31,74,'HaveSciencePoints','Player',1,NULL,0,0,10000),(32,75,'HaveSciencePoints','Player',1,NULL,0,0,25000),(33,76,'HaveSciencePoints','Player',1,NULL,0,0,50000),(34,77,'HaveSciencePoints','Player',1,NULL,0,0,100000),(35,78,'HaveSciencePoints','Player',1,NULL,0,0,150000),(36,79,'HaveSciencePoints','Player',1,NULL,0,0,200000),(37,27,'DestroyNpcBuilding','Building::NpcZetiumExtractor',1,1,0,0,NULL),(38,80,'HaveWarPoints','Player',1,NULL,0,0,1500),(39,81,'HaveWarPoints','Player',1,NULL,0,0,3500),(40,82,'HaveWarPoints','Player',1,NULL,0,0,12000),(41,83,'HaveWarPoints','Player',1,NULL,0,0,25000),(42,84,'HaveWarPoints','Player',1,NULL,0,0,50000),(43,85,'HaveWarPoints','Player',1,NULL,0,0,75000),(44,14,'HaveUpgradedTo','Technology::ZetiumExtraction',1,1,0,0,NULL),(45,15,'HaveUpgradedTo','Building::ZetiumExtractor',1,1,0,0,NULL),(46,16,'HavePoints','Player',1,NULL,0,0,15000),(47,28,'HavePoints','Player',1,NULL,0,0,30000),(48,29,'HavePoints','Player',1,NULL,0,0,60000),(49,30,'HavePoints','Player',1,NULL,0,0,80000),(50,33,'HavePoints','Player',1,NULL,0,0,150000),(51,64,'HavePoints','Player',1,NULL,0,0,350000),(52,17,'HaveUpgradedTo','Building::MetalStorage',1,2,0,0,NULL),(53,17,'HaveUpgradedTo','Building::EnergyStorage',1,1,0,0,NULL),(54,17,'HaveUpgradedTo','Building::ZetiumStorage',1,1,0,0,NULL),(55,18,'HaveUpgradedTo','Technology::SpaceFactory',1,1,0,0,NULL),(56,19,'HaveUpgradedTo','Building::SpaceFactory',1,1,0,0,NULL),(57,31,'HaveUpgradedTo','Unit::Crow',8,1,0,0,NULL),(58,35,'Destroy','Unit::Dirac',14,1,0,0,NULL),(59,36,'Destroy','Unit::Thor',10,1,0,0,NULL),(60,37,'Destroy','Unit::Demosis',6,1,0,0,NULL),(61,20,'AnnexPlanet','SsObject::Planet',1,NULL,0,1,NULL),(62,21,'UpgradeTo','Building::Headquarters',1,1,0,0,NULL),(63,34,'HaveUpgradedTo','Building::Radar',1,1,0,0,NULL),(64,38,'HavePlanets','SsObject::Planet',3,NULL,0,0,NULL),(65,39,'HavePlanets','SsObject::Planet',4,NULL,0,0,NULL),(66,40,'HavePlanets','SsObject::Planet',5,NULL,0,0,NULL),(67,41,'HavePlanets','SsObject::Planet',6,NULL,0,0,NULL),(68,42,'HavePlanets','SsObject::Planet',7,NULL,0,0,NULL),(69,43,'Destroy','Unit::Mule',2,1,0,0,NULL),(70,44,'Destroy','Unit::Crow',6,1,0,0,NULL),(71,45,'Destroy','Unit::Cyrix',4,1,0,0,NULL),(72,46,'Destroy','Unit::Cyrix',10,1,0,0,NULL),(73,47,'Destroy','Unit::Avenger',6,1,0,0,NULL),(74,48,'Destroy','Unit::Avenger',15,1,0,0,NULL),(75,49,'Destroy','Unit::Dart',6,1,0,0,NULL),(76,50,'Destroy','Unit::Dart',15,1,0,0,NULL),(77,51,'Destroy','Unit::Rhyno',1,1,0,0,NULL),(78,52,'Destroy','Unit::Rhyno',4,1,0,0,NULL),(79,53,'Destroy','Unit::Trooper',10,1,0,0,NULL),(80,53,'Destroy','Unit::Shocker',5,1,0,0,NULL),(81,53,'Destroy','Unit::Seeker',8,1,0,0,NULL),(82,54,'Destroy','Unit::Scorpion',15,1,0,0,NULL),(83,54,'Destroy','Unit::Azure',5,1,0,0,NULL),(84,55,'Destroy','Building::Vulcan',2,1,0,0,NULL),(85,56,'Destroy','Building::Vulcan',6,1,0,0,NULL),(86,57,'Destroy','Building::Vulcan',10,1,0,0,NULL),(87,58,'Destroy','Building::Screamer',2,1,0,0,NULL),(88,59,'Destroy','Building::Screamer',6,1,0,0,NULL),(89,60,'Destroy','Building::Screamer',10,1,0,0,NULL),(90,61,'Destroy','Building::Thunder',2,1,0,0,NULL),(91,62,'Destroy','Building::Thunder',6,1,0,0,NULL),(92,63,'Destroy','Building::Thunder',10,1,0,0,NULL),(93,65,'AnnexPlanet','SsObject::Planet',1,NULL,0,0,NULL);
/*!40000 ALTER TABLE `objectives` ENABLE KEYS */;
UNLOCK TABLES;

--
-- Table structure for table `players`
--

DROP TABLE IF EXISTS `players`;
/*!40101 SET @saved_cs_client     = @@character_set_client */;
/*!40101 SET character_set_client = utf8 */;
CREATE TABLE `players` (
  `id` int(11) NOT NULL AUTO_INCREMENT,
  `galaxy_id` int(11) DEFAULT NULL,
  `auth_token` char(64) NOT NULL,
  `name` varchar(64) NOT NULL,
  `scientists` int(10) unsigned NOT NULL DEFAULT '0',
  `scientists_total` int(10) unsigned NOT NULL DEFAULT '0',
  `alliance_id` int(11) DEFAULT NULL,
  `xp` int(10) unsigned NOT NULL DEFAULT '0',
  `war_points` int(10) unsigned NOT NULL DEFAULT '0',
  `first_time` tinyint(1) NOT NULL DEFAULT '1',
  `army_points` int(10) unsigned NOT NULL DEFAULT '0',
  `science_points` int(10) unsigned NOT NULL DEFAULT '0',
  `economy_points` int(10) unsigned NOT NULL DEFAULT '0',
  `planets_count` tinyint(2) unsigned NOT NULL,
  `last_login` datetime DEFAULT NULL,
  `victory_points` mediumint(8) unsigned NOT NULL DEFAULT '0',
  `creds` int(10) unsigned NOT NULL DEFAULT '0',
  `language` char(2) NOT NULL DEFAULT 'en',
  PRIMARY KEY (`id`),
  UNIQUE KEY `authentication` (`galaxy_id`,`auth_token`),
  KEY `index_players_on_alliance_id` (`alliance_id`),
  KEY `last_login` (`last_login`),
  CONSTRAINT `players_ibfk_1` FOREIGN KEY (`galaxy_id`) REFERENCES `galaxies` (`id`) ON DELETE CASCADE,
  CONSTRAINT `players_ibfk_2` FOREIGN KEY (`alliance_id`) REFERENCES `alliances` (`id`) ON DELETE SET NULL
) ENGINE=InnoDB AUTO_INCREMENT=2 DEFAULT CHARSET=utf8;
/*!40101 SET character_set_client = @saved_cs_client */;

--
-- Dumping data for table `players`
--

LOCK TABLES `players` WRITE;
/*!40000 ALTER TABLE `players` DISABLE KEYS */;
INSERT INTO `players` VALUES (1,1,'0000000000000000000000000000000000000000000000000000000000000000','Test Player',18,18,NULL,0,0,1,0,0,0,1,NULL,0,0,'en');
/*!40000 ALTER TABLE `players` ENABLE KEYS */;
UNLOCK TABLES;

--
-- Table structure for table `quest_progresses`
--

DROP TABLE IF EXISTS `quest_progresses`;
/*!40101 SET @saved_cs_client     = @@character_set_client */;
/*!40101 SET character_set_client = utf8 */;
CREATE TABLE `quest_progresses` (
  `id` int(11) NOT NULL AUTO_INCREMENT,
  `quest_id` int(11) NOT NULL,
  `player_id` int(11) NOT NULL,
  `status` tinyint(2) unsigned NOT NULL,
  `completed` tinyint(2) unsigned NOT NULL DEFAULT '0',
  PRIMARY KEY (`id`),
  UNIQUE KEY `on_objective_complete` (`quest_id`,`player_id`),
  KEY `listing` (`player_id`,`status`),
  CONSTRAINT `quest_progresses_ibfk_2` FOREIGN KEY (`player_id`) REFERENCES `players` (`id`) ON DELETE CASCADE,
  CONSTRAINT `quest_progresses_ibfk_1` FOREIGN KEY (`quest_id`) REFERENCES `quests` (`id`) ON DELETE CASCADE
) ENGINE=InnoDB AUTO_INCREMENT=2 DEFAULT CHARSET=utf8;
/*!40101 SET character_set_client = @saved_cs_client */;

--
-- Dumping data for table `quest_progresses`
--

LOCK TABLES `quest_progresses` WRITE;
/*!40000 ALTER TABLE `quest_progresses` DISABLE KEYS */;
INSERT INTO `quest_progresses` VALUES (1,1,1,0,0);
/*!40000 ALTER TABLE `quest_progresses` ENABLE KEYS */;
UNLOCK TABLES;

--
-- Table structure for table `quests`
--

DROP TABLE IF EXISTS `quests`;
/*!40101 SET @saved_cs_client     = @@character_set_client */;
/*!40101 SET character_set_client = utf8 */;
CREATE TABLE `quests` (
  `id` int(11) NOT NULL AUTO_INCREMENT,
  `parent_id` int(11) DEFAULT NULL,
  `rewards` text NOT NULL,
  `help_url_id` varchar(255) DEFAULT NULL,
  PRIMARY KEY (`id`),
  KEY `child quests` (`parent_id`),
  CONSTRAINT `quests_ibfk_1` FOREIGN KEY (`parent_id`) REFERENCES `quests` (`id`) ON DELETE CASCADE
) ENGINE=InnoDB AUTO_INCREMENT=86 DEFAULT CHARSET=utf8;
/*!40101 SET character_set_client = @saved_cs_client */;

--
-- Dumping data for table `quests`
--

LOCK TABLES `quests` WRITE;
/*!40000 ALTER TABLE `quests` DISABLE KEYS */;
INSERT INTO `quests` VALUES (1,NULL,'{\"metal\":25.2,\"energy\":96.0}','Constructing Buildings'),(2,1,'{\"metal\":69.30000000000001,\"energy\":140.8}','Extracting Metal'),(3,2,'{\"metal\":2712.0,\"energy\":5424.0}',NULL),(4,3,'{\"metal\":412.5,\"energy\":920.7}','Upgrading Buildings'),(5,4,'{\"metal\":401.40000000000003,\"zetium\":10.8,\"points\":4000}',NULL),(6,3,'{\"units\":[{\"type\":\"Trooper\",\"level\":1,\"count\":4,\"hp\":100}],\"metal\":949.2,\"energy\":1898.4,\"zetium\":16.2}',NULL),(7,6,'{\"metal\":723.2,\"energy\":1446.4,\"zetium\":16.2}','Building Units'),(8,6,'{\"units\":[{\"type\":\"Trooper\",\"level\":2,\"count\":2,\"hp\":50},{\"type\":\"Trooper\",\"level\":3,\"count\":1,\"hp\":30}],\"metal\":1865.6000000000001,\"energy\":4134.900000000001,\"zetium\":866.8000000000001}','Attacking NPC Buildings'),(9,32,'{\"metal\":862.8,\"energy\":4101.599999999999,\"zetium\":16.2,\"points\":2000}',NULL),(10,8,'{\"metal\":1725.6,\"energy\":2461.2,\"zetium\":16.2,\"points\":2000}',NULL),(11,8,'{\"units\":[{\"type\":\"Trooper\",\"level\":1,\"count\":4,\"hp\":100},{\"type\":\"Seeker\",\"level\":1,\"count\":2,\"hp\":100}],\"metal\":1853.1999999999998,\"energy\":3706.3999999999996}',NULL),(12,11,'{\"metal\":1374.5,\"energy\":2747.6,\"points\":2000}','Researching Technologies'),(13,12,'{\"metal\":692.55,\"energy\":1384.1499999999999,\"zetium\":12.35,\"points\":2000}',NULL),(14,11,'{\"metal\":595.1999999999999,\"energy\":1814.3999999999999}',NULL),(15,14,'{\"metal\":3475.0000000000005,\"energy\":3149.2,\"zetium\":284.4}','Extracting Zetium'),(16,15,'{\"units\":[{\"type\":\"Trooper\",\"level\":3,\"count\":1,\"hp\":100},{\"type\":\"Seeker\",\"level\":2,\"count\":1,\"hp\":100},{\"type\":\"Shocker\",\"level\":1,\"count\":3,\"hp\":100}]}','Collecting Points'),(17,15,'{\"metal\":9225.6,\"energy\":12915.6,\"zetium\":646.8}',NULL),(18,17,'{\"metal\":15375.2,\"energy\":21525.600000000002,\"zetium\":1076.8}',NULL),(19,18,'{\"units\":[{\"type\":\"Crow\",\"level\":1,\"count\":4,\"hp\":100}],\"metal\":16144.800000000001,\"energy\":22604.4,\"zetium\":1134.0}',NULL),(20,19,'{\"units\":[{\"type\":\"Mule\",\"level\":1,\"count\":1,\"hp\":100},{\"type\":\"Mdh\",\"level\":1,\"count\":1,\"hp\":100}]}','Annexing Planets'),(21,20,'{\"metal\":1158.5844,\"energy\":2560.7376000000004,\"zetium\":117.99765}','Colonizing Planets'),(22,3,'{\"points\":200,\"units\":[{\"type\":\"Gnat\",\"level\":1,\"count\":1,\"hp\":25}]}','Exploring Objects'),(23,22,'{\"points\":1000,\"units\":[{\"type\":\"Glancer\",\"level\":1,\"count\":1,\"hp\":60}]}',NULL),(24,11,'{\"points\":800,\"units\":[{\"type\":\"Gnat\",\"level\":1,\"count\":2,\"hp\":25},{\"type\":\"Gnat\",\"level\":1,\"count\":2,\"hp\":20},{\"type\":\"Gnat\",\"level\":1,\"count\":2,\"hp\":15},{\"type\":\"Gnat\",\"level\":1,\"count\":2,\"hp\":10}]}',NULL),(25,24,'{\"points\":800,\"units\":[{\"type\":\"Glancer\",\"level\":1,\"count\":2,\"hp\":80}]}',NULL),(26,25,'{\"points\":1600,\"units\":[{\"type\":\"Spudder\",\"level\":1,\"count\":1,\"hp\":96}]}',NULL),(27,11,'{\"metal\":5940.0,\"energy\":18144.0}','Zetium Crystals'),(28,16,'{\"units\":[{\"type\":\"Scorpion\",\"level\":2,\"count\":2,\"hp\":70},{\"type\":\"Azure\",\"level\":1,\"count\":1,\"hp\":100}]}',NULL),(29,28,'{\"units\":[{\"type\":\"Cyrix\",\"level\":2,\"count\":2,\"hp\":60},{\"type\":\"Crow\",\"level\":1,\"count\":4,\"hp\":100}]}',NULL),(30,29,'{\"units\":[{\"type\":\"Avenger\",\"level\":1,\"count\":4,\"hp\":100},{\"type\":\"Dart\",\"level\":1,\"count\":4,\"hp\":100}]}',NULL),(31,19,'{\"metal\":23064,\"energy\":32292,\"zetium\":1620}','Fighting in Space'),(32,8,'{\"metal\":150.0,\"energy\":627.6,\"points\":2000}',NULL),(33,30,'{\"units\":[{\"type\":\"Rhyno\",\"level\":1,\"count\":1,\"hp\":100},{\"type\":\"Cyrix\",\"level\":1,\"count\":3,\"hp\":100}]}',NULL),(34,21,'{\"metal\":3862.4,\"energy\":25625.920000000002,\"zetium\":524.8000000000001}','Exploring Galaxy'),(35,19,'{\"units\":[{\"type\":\"Dart\",\"level\":1,\"count\":2,\"hp\":100}]}',NULL),(36,35,'{\"units\":[{\"type\":\"Avenger\",\"level\":1,\"count\":4,\"hp\":100}]}',NULL),(37,36,'{\"units\":[{\"type\":\"Rhyno\",\"level\":1,\"count\":2,\"hp\":100}]}',NULL),(38,34,'{\"units\":[{\"type\":\"Trooper\",\"level\":2,\"count\":15,\"hp\":100},{\"type\":\"Seeker\",\"level\":2,\"count\":5,\"hp\":100},{\"type\":\"Scorpion\",\"level\":2,\"count\":5,\"hp\":100}]}',NULL),(39,38,'{\"units\":[{\"type\":\"Trooper\",\"level\":2,\"count\":20,\"hp\":100},{\"type\":\"Shocker\",\"level\":2,\"count\":10,\"hp\":100},{\"type\":\"Seeker\",\"level\":2,\"count\":5,\"hp\":100},{\"type\":\"Scorpion\",\"level\":2,\"count\":5,\"hp\":100}]}',NULL),(40,39,'{\"units\":[{\"type\":\"Shocker\",\"level\":2,\"count\":15,\"hp\":100},{\"type\":\"Seeker\",\"level\":2,\"count\":10,\"hp\":100},{\"type\":\"Scorpion\",\"level\":2,\"count\":10,\"hp\":100},{\"type\":\"Azure\",\"level\":2,\"count\":8,\"hp\":100}]}',NULL),(41,40,'{\"units\":[{\"type\":\"Shocker\",\"level\":2,\"count\":20,\"hp\":100},{\"type\":\"Seeker\",\"level\":2,\"count\":15,\"hp\":100},{\"type\":\"Scorpion\",\"level\":2,\"count\":15,\"hp\":100},{\"type\":\"Azure\",\"level\":2,\"count\":10,\"hp\":100},{\"type\":\"Cyrix\",\"level\":2,\"count\":15,\"hp\":100},{\"type\":\"Dart\",\"level\":2,\"count\":10,\"hp\":100}]}',NULL),(42,41,'{\"units\":[{\"type\":\"Shocker\",\"level\":2,\"count\":25,\"hp\":100},{\"type\":\"Seeker\",\"level\":2,\"count\":20,\"hp\":100},{\"type\":\"Scorpion\",\"level\":2,\"count\":25,\"hp\":100},{\"type\":\"Azure\",\"level\":2,\"count\":15,\"hp\":100},{\"type\":\"Cyrix\",\"level\":2,\"count\":20,\"hp\":100},{\"type\":\"Avenger\",\"level\":2,\"count\":15,\"hp\":100},{\"type\":\"Dart\",\"level\":2,\"count\":15,\"hp\":100}]}',NULL),(43,34,'{\"units\":[{\"type\":\"Mule\",\"level\":5,\"count\":1,\"hp\":100}]}',NULL),(44,43,'{\"units\":[{\"type\":\"Crow\",\"level\":5,\"count\":1,\"hp\":100}]}',NULL),(45,44,'{\"units\":[{\"type\":\"Cyrix\",\"level\":3,\"count\":1,\"hp\":100}]}',NULL),(46,45,'{\"units\":[{\"type\":\"Cyrix\",\"level\":5,\"count\":1,\"hp\":100}]}',NULL),(47,46,'{\"units\":[{\"type\":\"Avenger\",\"level\":5,\"count\":1,\"hp\":100}]}',NULL),(48,47,'{\"units\":[{\"type\":\"Avenger\",\"level\":5,\"count\":3,\"hp\":100}]}',NULL),(49,46,'{\"units\":[{\"type\":\"Dart\",\"level\":5,\"count\":1,\"hp\":100}]}',NULL),(50,49,'{\"units\":[{\"type\":\"Dart\",\"level\":5,\"count\":3,\"hp\":100}]}',NULL),(51,46,'{\"units\":[{\"type\":\"Avenger\",\"level\":8,\"count\":1,\"hp\":100}]}',NULL),(52,51,'{\"units\":[{\"type\":\"Rhyno\",\"level\":3,\"count\":1,\"hp\":100}]}',NULL),(53,34,'{\"units\":[{\"type\":\"Scorpion\",\"level\":5,\"count\":1,\"hp\":100}]}',NULL),(54,53,'{\"units\":[{\"type\":\"Azure\",\"level\":6,\"count\":1,\"hp\":100}]}',NULL),(55,54,'{\"units\":[{\"type\":\"Trooper\",\"level\":5,\"count\":3,\"hp\":100},{\"type\":\"Seeker\",\"level\":5,\"count\":3,\"hp\":100},{\"type\":\"Shocker\",\"level\":7,\"count\":1,\"hp\":100}]}',NULL),(56,55,'{\"units\":[{\"type\":\"Trooper\",\"level\":5,\"count\":4,\"hp\":100},{\"type\":\"Seeker\",\"level\":5,\"count\":4,\"hp\":100},{\"type\":\"Shocker\",\"level\":7,\"count\":2,\"hp\":100}]}',NULL),(57,56,'{\"units\":[{\"type\":\"Trooper\",\"level\":5,\"count\":5,\"hp\":100},{\"type\":\"Seeker\",\"level\":5,\"count\":5,\"hp\":100},{\"type\":\"Shocker\",\"level\":7,\"count\":3,\"hp\":100}]}',NULL),(58,54,'{\"units\":[{\"type\":\"Scorpion\",\"level\":6,\"count\":1,\"hp\":100},{\"type\":\"Azure\",\"level\":6,\"count\":1,\"hp\":100}]}',NULL),(59,58,'{\"units\":[{\"type\":\"Scorpion\",\"level\":6,\"count\":2,\"hp\":100},{\"type\":\"Azure\",\"level\":6,\"count\":2,\"hp\":100}]}',NULL),(60,59,'{\"units\":[{\"type\":\"Scorpion\",\"level\":6,\"count\":3,\"hp\":100},{\"type\":\"Azure\",\"level\":6,\"count\":3,\"hp\":100}]}',NULL),(61,54,'{\"units\":[{\"type\":\"Cyrix\",\"level\":5,\"count\":2,\"hp\":100}]}',NULL),(62,61,'{\"units\":[{\"type\":\"Cyrix\",\"level\":5,\"count\":4,\"hp\":100}]}',NULL),(63,62,'{\"units\":[{\"type\":\"Cyrix\",\"level\":5,\"count\":6,\"hp\":100}]}',NULL),(64,33,'{\"units\":[{\"type\":\"Rhyno\",\"level\":7,\"count\":1,\"hp\":100}]}',NULL),(65,54,'{\"units\":[{\"type\":\"Mdh\",\"level\":1,\"count\":2,\"hp\":100}]}',NULL),(66,7,'{\"units\":[{\"type\":\"Shocker\",\"level\":3,\"count\":2,\"hp\":100},{\"type\":\"Seeker\",\"level\":3,\"count\":1,\"hp\":100}]}',NULL),(67,66,'{\"units\":[{\"type\":\"Scorpion\",\"level\":3,\"count\":2,\"hp\":100},{\"type\":\"Azure\",\"level\":3,\"count\":1,\"hp\":100}]}',NULL),(68,67,'{\"units\":[{\"type\":\"Crow\",\"level\":3,\"count\":4,\"hp\":100},{\"type\":\"Dart\",\"level\":3,\"count\":2,\"hp\":100}]}',NULL),(69,68,'{\"units\":[{\"type\":\"Crow\",\"level\":3,\"count\":4,\"hp\":100},{\"type\":\"Cyrix\",\"level\":3,\"count\":2,\"hp\":100},{\"type\":\"Avenger\",\"level\":3,\"count\":2,\"hp\":100}]}',NULL),(70,69,'{\"units\":[{\"type\":\"Cyrix\",\"level\":3,\"count\":10,\"hp\":100},{\"type\":\"Dart\",\"level\":3,\"count\":6,\"hp\":100},{\"type\":\"Avenger\",\"level\":3,\"count\":6,\"hp\":100},{\"type\":\"Rhyno\",\"level\":3,\"count\":2,\"hp\":100}]}',NULL),(71,70,'{\"units\":[{\"type\":\"Rhyno\",\"level\":3,\"count\":6,\"hp\":100}]}',NULL),(72,11,'{\"scientists\":10}',NULL),(73,72,'{\"scientists\":20}',NULL),(74,73,'{\"scientists\":30}',NULL),(75,74,'{\"scientists\":40}',NULL),(76,75,'{\"scientists\":60}',NULL),(77,76,'{\"scientists\":80}',NULL),(78,77,'{\"scientists\":100}',NULL),(79,78,'{\"scientists\":150}',NULL),(80,27,'{\"metal\":4206,\"energy\":8403,\"zetium\":102}',NULL),(81,80,'{\"metal\":8289,\"energy\":16578,\"zetium\":555}',NULL),(82,81,'{\"metal\":104340,\"energy\":145182,\"zetium\":8280}',NULL),(83,82,'{\"metal\":160347,\"energy\":222906,\"zetium\":12948}',NULL),(84,83,'{\"metal\":733050,\"energy\":1029324,\"zetium\":77616}',NULL),(85,84,'{\"metal\":373464,\"energy\":560196,\"zetium\":74700}',NULL);
/*!40000 ALTER TABLE `quests` ENABLE KEYS */;
UNLOCK TABLES;

--
-- Table structure for table `route_hops`
--

DROP TABLE IF EXISTS `route_hops`;
/*!40101 SET @saved_cs_client     = @@character_set_client */;
/*!40101 SET character_set_client = utf8 */;
CREATE TABLE `route_hops` (
  `id` int(11) NOT NULL AUTO_INCREMENT,
  `route_id` int(11) NOT NULL,
  `location_type` tinyint(2) unsigned NOT NULL,
  `location_id` int(10) unsigned NOT NULL,
  `location_x` int(11) DEFAULT NULL,
  `location_y` int(11) DEFAULT NULL,
  `arrives_at` datetime NOT NULL,
  `index` smallint(6) NOT NULL,
  `next` tinyint(1) NOT NULL DEFAULT '0',
  `jumps_at` datetime DEFAULT NULL,
  PRIMARY KEY (`id`),
  UNIQUE KEY `next_hop` (`route_id`,`index`),
  KEY `route` (`route_id`,`location_type`,`location_id`),
  KEY `next` (`route_id`,`next`),
  CONSTRAINT `route_hops_ibfk_1` FOREIGN KEY (`route_id`) REFERENCES `routes` (`id`) ON DELETE CASCADE
) ENGINE=InnoDB DEFAULT CHARSET=utf8;
/*!40101 SET character_set_client = @saved_cs_client */;

--
-- Dumping data for table `route_hops`
--

LOCK TABLES `route_hops` WRITE;
/*!40000 ALTER TABLE `route_hops` DISABLE KEYS */;
/*!40000 ALTER TABLE `route_hops` ENABLE KEYS */;
UNLOCK TABLES;

--
-- Table structure for table `routes`
--

DROP TABLE IF EXISTS `routes`;
/*!40101 SET @saved_cs_client     = @@character_set_client */;
/*!40101 SET character_set_client = utf8 */;
CREATE TABLE `routes` (
  `id` int(11) NOT NULL AUTO_INCREMENT,
  `target_type` tinyint(2) unsigned NOT NULL,
  `target_id` int(10) unsigned NOT NULL,
  `arrives_at` datetime NOT NULL,
  `cached_units` text NOT NULL,
  `player_id` int(11) NOT NULL,
  `target_x` int(11) NOT NULL,
  `target_y` int(11) NOT NULL,
  `target_name` varchar(255) DEFAULT NULL,
  `target_variation` tinyint(2) unsigned DEFAULT NULL,
  `target_solar_system_id` int(11) DEFAULT NULL,
  `current_id` int(11) unsigned NOT NULL,
  `current_type` tinyint(2) unsigned NOT NULL,
  `current_x` int(11) NOT NULL,
  `current_y` int(11) NOT NULL,
  `current_name` varchar(255) DEFAULT NULL,
  `current_variation` tinyint(2) unsigned DEFAULT NULL,
  `current_solar_system_id` int(11) DEFAULT NULL,
  `source_id` int(11) unsigned NOT NULL,
  `source_type` tinyint(2) unsigned NOT NULL,
  `source_x` int(11) NOT NULL,
  `source_y` int(11) NOT NULL,
  `source_name` varchar(255) DEFAULT NULL,
  `source_variation` tinyint(2) unsigned DEFAULT NULL,
  `source_solar_system_id` int(11) DEFAULT NULL,
  `first_hop` datetime NOT NULL,
  PRIMARY KEY (`id`),
  KEY `incoming_routes` (`target_type`,`target_id`),
  KEY `foreign_key` (`player_id`),
  CONSTRAINT `routes_ibfk_1` FOREIGN KEY (`player_id`) REFERENCES `players` (`id`) ON DELETE CASCADE
) ENGINE=InnoDB DEFAULT CHARSET=utf8;
/*!40101 SET character_set_client = @saved_cs_client */;

--
-- Dumping data for table `routes`
--

LOCK TABLES `routes` WRITE;
/*!40000 ALTER TABLE `routes` DISABLE KEYS */;
/*!40000 ALTER TABLE `routes` ENABLE KEYS */;
UNLOCK TABLES;

--
-- Table structure for table `schema_migrations`
--

DROP TABLE IF EXISTS `schema_migrations`;
/*!40101 SET @saved_cs_client     = @@character_set_client */;
/*!40101 SET character_set_client = utf8 */;
CREATE TABLE `schema_migrations` (
  `version` varchar(255) NOT NULL,
  UNIQUE KEY `unique_schema_migrations` (`version`)
) ENGINE=InnoDB DEFAULT CHARSET=utf8;
/*!40101 SET character_set_client = @saved_cs_client */;

--
-- Dumping data for table `schema_migrations`
--

LOCK TABLES `schema_migrations` WRITE;
/*!40000 ALTER TABLE `schema_migrations` DISABLE KEYS */;
INSERT INTO `schema_migrations` VALUES ('20090601175224'),('20090601184051'),('20090601184055'),('20090601184059'),('20090701164131'),('20090713165021'),('20090808144214'),('20090809160211'),('20090810173759'),('20090826140238'),('20090826141836'),('20090829202538'),('20090829210029'),('20090829224505'),('20090830143959'),('20090830145319'),('20090901153809'),('20090904190655'),('20090905175341'),('20090905192056'),('20090906135044'),('20090909222719'),('20090911180950'),('20090912165229'),('20090919155819'),('20091024222359'),('20091103164416'),('20091103180558'),('20091103181146'),('20091109191211'),('20091225193714'),('20100114152902'),('20100121142414'),('20100127115341'),('20100127120219'),('20100127120515'),('20100127121337'),('20100129150736'),('20100203202757'),('20100203204803'),('20100204172507'),('20100204173714'),('20100208163239'),('20100210114531'),('20100212134334'),('20100218181507'),('20100219114448'),('20100220144106'),('20100222144003'),('20100223153023'),('20100224153728'),('20100224163525'),('20100225124928'),('20100225153721'),('20100225155505'),('20100225155739'),('20100226122144'),('20100226122651'),('20100301153626'),('20100302131225'),('20100303131706'),('20100308163148'),('20100308164422'),('20100310172315'),('20100310181338'),('20100311123523'),('20100315112858'),('20100319141401'),('20100322184529'),('20100324134243'),('20100324141652'),('20100331125702'),('20100415130556'),('20100415130600'),('20100415130605'),('20100415134627'),('20100419141518'),('20100419142018'),('20100419164230'),('20100426141509'),('20100428130912'),('20100429171200'),('20100430174140'),('20100610151652'),('20100610180750'),('20100614142225'),('20100614160819'),('20100614162423'),('20100616132525'),('20100616135507'),('20100622124252'),('20100706105523'),('20100710121447'),('20100710191351'),('20100716155807'),('20100719131622'),('20100721155359'),('20100722124307'),('20100812164444'),('20100812164449'),('20100812164518'),('20100812164524'),('20100817165213'),('20100819175736'),('20100820185846'),('20100906095758'),('20100915145823'),('20100929111549'),('20101001155323'),('20101005180058'),('20101022155620'),('20101117131430'),('20101208135417'),('20101209122838'),('20101222150446'),('20101223125157'),('20101223172333'),('20110106110617'),('20110117182616'),('20110119121807'),('20110125161025'),('20110128094012'),('20110201122224'),('20110211124612'),('20110214130700'),('20110214165108'),('20110215161039'),('20110221105637'),('20110224162141'),('20110224174209'),('20110307104202'),('20110307121218'),('20110309114701'),('20110309194328'),('20110310113500'),('20110311172250'),('20110314132426'),('20110317165341'),('20110329163829'),('20110330141930'),('20110410103752'),('99999999999000'),('99999999999900');
/*!40000 ALTER TABLE `schema_migrations` ENABLE KEYS */;
UNLOCK TABLES;

--
-- Table structure for table `solar_systems`
--

DROP TABLE IF EXISTS `solar_systems`;
/*!40101 SET @saved_cs_client     = @@character_set_client */;
/*!40101 SET character_set_client = utf8 */;
CREATE TABLE `solar_systems` (
  `id` int(11) NOT NULL AUTO_INCREMENT,
  `galaxy_id` int(11) NOT NULL,
  `x` mediumint(9) DEFAULT NULL,
  `y` mediumint(9) DEFAULT NULL,
  `wormhole` tinyint(1) NOT NULL DEFAULT '0',
  `shield_ends_at` datetime DEFAULT NULL,
  `shield_owner_id` int(11) DEFAULT NULL,
  PRIMARY KEY (`id`),
  UNIQUE KEY `uniqueness` (`galaxy_id`,`x`,`y`),
  KEY `shield_owner_id` (`shield_owner_id`),
  CONSTRAINT `solar_systems_ibfk_2` FOREIGN KEY (`shield_owner_id`) REFERENCES `players` (`id`) ON DELETE SET NULL,
  CONSTRAINT `solar_systems_ibfk_1` FOREIGN KEY (`galaxy_id`) REFERENCES `galaxies` (`id`) ON DELETE CASCADE
) ENGINE=InnoDB AUTO_INCREMENT=10 DEFAULT CHARSET=utf8;
/*!40101 SET character_set_client = @saved_cs_client */;

--
-- Dumping data for table `solar_systems`
--

LOCK TABLES `solar_systems` WRITE;
/*!40000 ALTER TABLE `solar_systems` DISABLE KEYS */;
INSERT INTO `solar_systems` VALUES (1,1,NULL,NULL,0,NULL,NULL),(2,1,2,-7,1,NULL,NULL),(3,1,4,-3,0,NULL,NULL),(4,1,5,-1,1,NULL,NULL),(5,1,6,-5,1,NULL,NULL),(6,1,0,-3,0,'2011-04-25 13:32:05',1),(7,1,5,-7,0,NULL,NULL),(8,1,2,-4,0,NULL,NULL),(9,1,1,-2,1,NULL,NULL);
/*!40000 ALTER TABLE `solar_systems` ENABLE KEYS */;
UNLOCK TABLES;

--
-- Table structure for table `ss_objects`
--

DROP TABLE IF EXISTS `ss_objects`;
/*!40101 SET @saved_cs_client     = @@character_set_client */;
/*!40101 SET character_set_client = utf8 */;
CREATE TABLE `ss_objects` (
  `id` int(11) NOT NULL AUTO_INCREMENT,
  `solar_system_id` int(11) NOT NULL,
  `width` int(11) DEFAULT NULL,
  `height` int(11) DEFAULT NULL,
  `position` int(11) NOT NULL DEFAULT '0',
  `angle` int(11) NOT NULL DEFAULT '0',
  `type` varchar(255) NOT NULL,
  `player_id` int(11) DEFAULT NULL,
  `name` varchar(12) NOT NULL DEFAULT '',
  `size` int(11) NOT NULL DEFAULT '0',
  `terrain` tinyint(2) unsigned NOT NULL DEFAULT '0',
  `metal` float NOT NULL DEFAULT '0',
  `metal_rate` float NOT NULL DEFAULT '0',
  `metal_storage` float NOT NULL DEFAULT '0',
  `energy` float NOT NULL DEFAULT '0',
  `energy_rate` float NOT NULL DEFAULT '0',
  `energy_storage` float NOT NULL DEFAULT '0',
  `zetium` float NOT NULL DEFAULT '0',
  `zetium_rate` float NOT NULL DEFAULT '0',
  `zetium_storage` float NOT NULL DEFAULT '0',
  `last_resources_update` datetime DEFAULT NULL,
  `energy_diminish_registered` tinyint(1) NOT NULL DEFAULT '0',
  `exploration_x` tinyint(2) unsigned DEFAULT NULL,
  `exploration_y` tinyint(2) unsigned DEFAULT NULL,
  `exploration_ends_at` datetime DEFAULT NULL,
  `can_destroy_building_at` datetime DEFAULT NULL,
  `special` tinyint(1) NOT NULL DEFAULT '0',
  `next_raid_at` datetime DEFAULT NULL,
  `shield_ends_at` datetime DEFAULT NULL,
  `shield_owner_id` int(11) DEFAULT NULL,
  PRIMARY KEY (`id`),
  UNIQUE KEY `uniqueness` (`solar_system_id`,`position`,`angle`),
  KEY `index_planets_on_galaxy_id_and_solar_system_id` (`solar_system_id`),
  KEY `index_planets_on_player_id_and_galaxy_id` (`player_id`),
  KEY `group_by_for_fowssentry_status_updates` (`player_id`,`solar_system_id`),
  KEY `shield_owner_id` (`shield_owner_id`),
  CONSTRAINT `ss_objects_ibfk_3` FOREIGN KEY (`shield_owner_id`) REFERENCES `players` (`id`) ON DELETE SET NULL,
  CONSTRAINT `ss_objects_ibfk_1` FOREIGN KEY (`solar_system_id`) REFERENCES `solar_systems` (`id`) ON DELETE CASCADE,
  CONSTRAINT `ss_objects_ibfk_2` FOREIGN KEY (`player_id`) REFERENCES `players` (`id`) ON DELETE SET NULL
) ENGINE=InnoDB AUTO_INCREMENT=70 DEFAULT CHARSET=utf8;
/*!40101 SET character_set_client = @saved_cs_client */;

--
-- Dumping data for table `ss_objects`
--

LOCK TABLES `ss_objects` WRITE;
/*!40000 ALTER TABLE `ss_objects` DISABLE KEYS */;
INSERT INTO `ss_objects` VALUES (1,1,23,13,1,45,'Planet',NULL,'Inculta',40,1,0,0,0,0,0,0,0,0,0,'2011-04-11 13:32:04',0,NULL,NULL,NULL,NULL,1,NULL,NULL,NULL),(2,1,0,0,3,22,'Jumpgate',NULL,'',27,0,0,0,0,0,0,0,0,0,0,NULL,0,NULL,NULL,NULL,NULL,0,NULL,NULL,NULL),(3,1,0,0,3,270,'Jumpgate',NULL,'',27,0,0,0,0,0,0,0,0,0,0,NULL,0,NULL,NULL,NULL,NULL,0,NULL,NULL,NULL),(4,1,15,15,2,210,'Planet',NULL,'Limus',37,2,0,0,0,0,0,0,0,0,0,'2011-04-11 13:32:04',0,NULL,NULL,NULL,NULL,1,NULL,NULL,NULL),(5,1,21,17,0,270,'Planet',NULL,'Gramen',40,0,0,0,0,0,0,0,0,0,0,'2011-04-11 13:32:04',0,NULL,NULL,NULL,NULL,1,NULL,NULL,NULL),(6,1,0,0,3,134,'Jumpgate',NULL,'',53,0,0,0,0,0,0,0,0,0,0,NULL,0,NULL,NULL,NULL,NULL,0,NULL,NULL,NULL),(7,3,0,0,1,45,'Asteroid',NULL,'',43,0,0,2,0,0,3,0,0,3,0,NULL,0,NULL,NULL,NULL,NULL,0,NULL,NULL,NULL),(8,3,35,28,2,90,'Planet',NULL,'P-8',51,1,0,0,0,0,0,0,0,0,0,'2011-04-11 13:32:05',0,NULL,NULL,NULL,NULL,0,NULL,NULL,NULL),(9,3,0,0,3,246,'Jumpgate',NULL,'',52,0,0,0,0,0,0,0,0,0,0,NULL,0,NULL,NULL,NULL,NULL,0,NULL,NULL,NULL),(10,3,0,0,2,210,'Asteroid',NULL,'',25,0,0,3,0,0,2,0,0,4,0,NULL,0,NULL,NULL,NULL,NULL,0,NULL,NULL,NULL),(11,3,0,0,2,240,'Asteroid',NULL,'',32,0,0,3,0,0,4,0,0,2,0,NULL,0,NULL,NULL,NULL,NULL,0,NULL,NULL,NULL),(12,3,0,0,3,292,'Jumpgate',NULL,'',41,0,0,0,0,0,0,0,0,0,0,NULL,0,NULL,NULL,NULL,NULL,0,NULL,NULL,NULL),(13,3,0,0,1,270,'Asteroid',NULL,'',42,0,0,1,0,0,2,0,0,2,0,NULL,0,NULL,NULL,NULL,NULL,0,NULL,NULL,NULL),(14,3,0,0,2,150,'Asteroid',NULL,'',48,0,0,3,0,0,2,0,0,3,0,NULL,0,NULL,NULL,NULL,NULL,0,NULL,NULL,NULL),(15,3,0,0,3,180,'Jumpgate',NULL,'',25,0,0,0,0,0,0,0,0,0,0,NULL,0,NULL,NULL,NULL,NULL,0,NULL,NULL,NULL),(16,3,0,0,2,30,'Asteroid',NULL,'',27,0,0,4,0,0,5,0,0,3,0,NULL,0,NULL,NULL,NULL,NULL,0,NULL,NULL,NULL),(17,3,0,0,2,180,'Asteroid',NULL,'',58,0,0,4,0,0,2,0,0,2,0,NULL,0,NULL,NULL,NULL,NULL,0,NULL,NULL,NULL),(18,3,31,28,0,90,'Planet',NULL,'P-18',49,2,0,0,0,0,0,0,0,0,0,'2011-04-11 13:32:05',0,NULL,NULL,NULL,NULL,0,NULL,NULL,NULL),(19,3,0,0,1,135,'Asteroid',NULL,'',54,0,0,4,0,0,5,0,0,4,0,NULL,0,NULL,NULL,NULL,NULL,0,NULL,NULL,NULL),(20,3,0,0,3,270,'Jumpgate',NULL,'',47,0,0,0,0,0,0,0,0,0,0,NULL,0,NULL,NULL,NULL,NULL,0,NULL,NULL,NULL),(21,3,0,0,2,330,'Asteroid',NULL,'',49,0,0,2,0,0,1,0,0,1,0,NULL,0,NULL,NULL,NULL,NULL,0,NULL,NULL,NULL),(22,3,0,0,2,0,'Asteroid',NULL,'',40,0,0,2,0,0,1,0,0,2,0,NULL,0,NULL,NULL,NULL,NULL,0,NULL,NULL,NULL),(23,3,0,0,0,180,'Asteroid',NULL,'',48,0,0,5,0,0,3,0,0,2,0,NULL,0,NULL,NULL,NULL,NULL,0,NULL,NULL,NULL),(24,3,0,0,2,300,'Asteroid',NULL,'',35,0,0,2,0,0,5,0,0,4,0,NULL,0,NULL,NULL,NULL,NULL,0,NULL,NULL,NULL),(25,3,0,0,0,0,'Asteroid',NULL,'',44,0,0,2,0,0,4,0,0,5,0,NULL,0,NULL,NULL,NULL,NULL,0,NULL,NULL,NULL),(26,6,0,0,1,225,'Asteroid',NULL,'',40,0,0,4,0,0,4,0,0,3,0,NULL,0,NULL,NULL,NULL,NULL,0,NULL,NULL,NULL),(27,6,30,30,2,120,'Planet',NULL,'P-27',50,1,0,0,0,0,0,0,0,0,0,'2011-04-11 13:32:05',0,NULL,NULL,NULL,NULL,0,NULL,NULL,NULL),(28,6,0,0,1,315,'Asteroid',NULL,'',43,0,0,1,0,0,2,0,0,2,0,NULL,0,NULL,NULL,NULL,NULL,0,NULL,NULL,NULL),(29,6,0,0,2,240,'Asteroid',NULL,'',41,0,0,3,0,0,3,0,0,4,0,NULL,0,NULL,NULL,NULL,NULL,0,NULL,NULL,NULL),(30,6,0,0,3,202,'Jumpgate',NULL,'',46,0,0,0,0,0,0,0,0,0,0,NULL,0,NULL,NULL,NULL,NULL,0,NULL,NULL,NULL),(31,6,0,0,1,0,'Asteroid',NULL,'',26,0,0,2,0,0,1,0,0,1,0,NULL,0,NULL,NULL,NULL,NULL,0,NULL,NULL,NULL),(32,6,0,0,0,90,'Asteroid',NULL,'',25,0,0,2,0,0,2,0,0,2,0,NULL,0,NULL,NULL,NULL,NULL,0,NULL,NULL,NULL),(33,6,0,0,1,135,'Asteroid',NULL,'',49,0,0,2,0,0,2,0,0,2,0,NULL,0,NULL,NULL,NULL,NULL,0,NULL,NULL,NULL),(34,6,0,0,2,180,'Asteroid',NULL,'',49,0,0,1,0,0,2,0,0,1,0,NULL,0,NULL,NULL,NULL,NULL,0,NULL,NULL,NULL),(35,6,0,0,2,330,'Asteroid',NULL,'',40,0,0,1,0,0,2,0,0,2,0,NULL,0,NULL,NULL,NULL,NULL,0,NULL,NULL,NULL),(36,6,0,0,0,270,'Asteroid',NULL,'',53,0,0,5,0,0,3,0,0,5,0,NULL,0,NULL,NULL,NULL,NULL,0,NULL,NULL,NULL),(37,6,30,30,0,180,'Planet',1,'P-37',50,0,3186.11,139.5,9654.87,7042.03,308.5,21339.5,0,0,2622.17,'2011-04-11 13:32:05',0,NULL,NULL,NULL,NULL,0,NULL,NULL,NULL),(38,6,0,0,0,0,'Asteroid',NULL,'',56,0,0,5,0,0,4,0,0,5,0,NULL,0,NULL,NULL,NULL,NULL,0,NULL,NULL,NULL),(39,7,0,0,1,45,'Asteroid',NULL,'',25,0,0,2,0,0,1,0,0,2,0,NULL,0,NULL,NULL,NULL,NULL,0,NULL,NULL,NULL),(40,7,0,0,1,225,'Asteroid',NULL,'',35,0,0,4,0,0,2,0,0,2,0,NULL,0,NULL,NULL,NULL,NULL,0,NULL,NULL,NULL),(41,7,0,0,2,120,'Asteroid',NULL,'',26,0,0,5,0,0,3,0,0,5,0,NULL,0,NULL,NULL,NULL,NULL,0,NULL,NULL,NULL),(42,7,0,0,3,246,'Jumpgate',NULL,'',60,0,0,0,0,0,0,0,0,0,0,NULL,0,NULL,NULL,NULL,NULL,0,NULL,NULL,NULL),(43,7,0,0,2,210,'Asteroid',NULL,'',32,0,0,3,0,0,2,0,0,2,0,NULL,0,NULL,NULL,NULL,NULL,0,NULL,NULL,NULL),(44,7,0,0,3,134,'Jumpgate',NULL,'',58,0,0,0,0,0,0,0,0,0,0,NULL,0,NULL,NULL,NULL,NULL,0,NULL,NULL,NULL),(45,7,0,0,2,240,'Asteroid',NULL,'',28,0,0,2,0,0,2,0,0,1,0,NULL,0,NULL,NULL,NULL,NULL,0,NULL,NULL,NULL),(46,7,0,0,1,315,'Asteroid',NULL,'',45,0,0,4,0,0,4,0,0,2,0,NULL,0,NULL,NULL,NULL,NULL,0,NULL,NULL,NULL),(47,7,0,0,1,0,'Asteroid',NULL,'',43,0,0,2,0,0,2,0,0,1,0,NULL,0,NULL,NULL,NULL,NULL,0,NULL,NULL,NULL),(48,7,33,30,1,270,'Planet',NULL,'P-48',51,1,0,0,0,0,0,0,0,0,0,'2011-04-11 13:32:05',0,NULL,NULL,NULL,NULL,0,NULL,NULL,NULL),(49,7,0,0,3,180,'Jumpgate',NULL,'',25,0,0,0,0,0,0,0,0,0,0,NULL,0,NULL,NULL,NULL,NULL,0,NULL,NULL,NULL),(50,7,0,0,1,135,'Asteroid',NULL,'',28,0,0,1,0,0,2,0,0,1,0,NULL,0,NULL,NULL,NULL,NULL,0,NULL,NULL,NULL),(51,7,0,0,0,90,'Asteroid',NULL,'',49,0,0,2,0,0,2,0,0,2,0,NULL,0,NULL,NULL,NULL,NULL,0,NULL,NULL,NULL),(52,7,0,0,2,180,'Asteroid',NULL,'',59,0,0,2,0,0,5,0,0,5,0,NULL,0,NULL,NULL,NULL,NULL,0,NULL,NULL,NULL),(53,7,0,0,3,270,'Jumpgate',NULL,'',46,0,0,0,0,0,0,0,0,0,0,NULL,0,NULL,NULL,NULL,NULL,0,NULL,NULL,NULL),(54,7,26,25,2,330,'Planet',NULL,'P-54',46,1,0,0,0,0,0,0,0,0,0,'2011-04-11 13:32:05',0,NULL,NULL,NULL,NULL,0,NULL,NULL,NULL),(55,7,0,0,0,180,'Asteroid',NULL,'',26,0,0,2,0,0,2,0,0,1,0,NULL,0,NULL,NULL,NULL,NULL,0,NULL,NULL,NULL),(56,7,0,0,2,300,'Asteroid',NULL,'',51,0,0,3,0,0,5,0,0,2,0,NULL,0,NULL,NULL,NULL,NULL,0,NULL,NULL,NULL),(57,7,0,0,0,0,'Asteroid',NULL,'',27,0,0,3,0,0,5,0,0,2,0,NULL,0,NULL,NULL,NULL,NULL,0,NULL,NULL,NULL),(58,8,0,0,1,90,'Asteroid',NULL,'',34,0,0,3,0,0,2,0,0,3,0,NULL,0,NULL,NULL,NULL,NULL,0,NULL,NULL,NULL),(59,8,0,0,2,150,'Asteroid',NULL,'',58,0,0,5,0,0,3,0,0,3,0,NULL,0,NULL,NULL,NULL,NULL,0,NULL,NULL,NULL),(60,8,0,0,3,0,'Jumpgate',NULL,'',25,0,0,0,0,0,0,0,0,0,0,NULL,0,NULL,NULL,NULL,NULL,0,NULL,NULL,NULL),(61,8,0,0,2,210,'Asteroid',NULL,'',50,0,0,2,0,0,4,0,0,5,0,NULL,0,NULL,NULL,NULL,NULL,0,NULL,NULL,NULL),(62,8,0,0,2,330,'Asteroid',NULL,'',58,0,0,2,0,0,1,0,0,2,0,NULL,0,NULL,NULL,NULL,NULL,0,NULL,NULL,NULL),(63,8,31,33,1,180,'Planet',NULL,'P-63',51,0,0,0,0,0,0,0,0,0,0,'2011-04-11 13:32:05',0,NULL,NULL,NULL,NULL,0,NULL,NULL,NULL),(64,8,23,28,0,270,'Planet',NULL,'P-64',46,1,0,0,0,0,0,0,0,0,0,'2011-04-11 13:32:05',0,NULL,NULL,NULL,NULL,0,NULL,NULL,NULL),(65,8,0,0,2,240,'Asteroid',NULL,'',57,0,0,2,0,0,2,0,0,4,0,NULL,0,NULL,NULL,NULL,NULL,0,NULL,NULL,NULL),(66,8,0,0,1,315,'Asteroid',NULL,'',47,0,0,1,0,0,1,0,0,1,0,NULL,0,NULL,NULL,NULL,NULL,0,NULL,NULL,NULL),(67,8,0,0,1,0,'Asteroid',NULL,'',25,0,0,2,0,0,2,0,0,1,0,NULL,0,NULL,NULL,NULL,NULL,0,NULL,NULL,NULL),(68,8,0,0,0,180,'Asteroid',NULL,'',56,0,0,2,0,0,1,0,0,1,0,NULL,0,NULL,NULL,NULL,NULL,0,NULL,NULL,NULL),(69,8,0,0,0,0,'Asteroid',NULL,'',54,0,0,1,0,0,1,0,0,2,0,NULL,0,NULL,NULL,NULL,NULL,0,NULL,NULL,NULL);
/*!40000 ALTER TABLE `ss_objects` ENABLE KEYS */;
UNLOCK TABLES;

--
-- Table structure for table `technologies`
--

DROP TABLE IF EXISTS `technologies`;
/*!40101 SET @saved_cs_client     = @@character_set_client */;
/*!40101 SET character_set_client = utf8 */;
CREATE TABLE `technologies` (
  `id` int(11) NOT NULL AUTO_INCREMENT,
  `upgrade_ends_at` datetime DEFAULT NULL,
  `pause_remainder` int(10) unsigned DEFAULT NULL,
  `scientists` int(10) unsigned DEFAULT '0',
  `level` tinyint(2) unsigned NOT NULL,
  `player_id` int(11) NOT NULL,
  `type` varchar(50) NOT NULL,
  `pause_scientists` int(10) unsigned DEFAULT NULL,
  `speed_up` tinyint(1) NOT NULL DEFAULT '0',
  PRIMARY KEY (`id`),
  UNIQUE KEY `main` (`player_id`,`type`,`level`),
  UNIQUE KEY `type_by_player` (`player_id`,`type`,`level`),
  UNIQUE KEY `ensure_uniqueness` (`player_id`,`type`),
  KEY `upgrading` (`player_id`,`upgrade_ends_at`),
  CONSTRAINT `technologies_ibfk_1` FOREIGN KEY (`player_id`) REFERENCES `players` (`id`) ON DELETE CASCADE
) ENGINE=InnoDB DEFAULT CHARSET=utf8;
/*!40101 SET character_set_client = @saved_cs_client */;

--
-- Dumping data for table `technologies`
--

LOCK TABLES `technologies` WRITE;
/*!40000 ALTER TABLE `technologies` DISABLE KEYS */;
/*!40000 ALTER TABLE `technologies` ENABLE KEYS */;
UNLOCK TABLES;

--
-- Table structure for table `tiles`
--

DROP TABLE IF EXISTS `tiles`;
/*!40101 SET @saved_cs_client     = @@character_set_client */;
/*!40101 SET character_set_client = utf8 */;
CREATE TABLE `tiles` (
  `kind` tinyint(2) unsigned NOT NULL DEFAULT '0',
  `planet_id` int(11) NOT NULL,
  `x` tinyint(2) unsigned NOT NULL DEFAULT '0',
  `y` tinyint(2) unsigned NOT NULL DEFAULT '0',
  UNIQUE KEY `uniqueness` (`planet_id`,`x`,`y`),
  CONSTRAINT `tiles_ibfk_1` FOREIGN KEY (`planet_id`) REFERENCES `ss_objects` (`id`) ON DELETE CASCADE
) ENGINE=InnoDB DEFAULT CHARSET=utf8;
/*!40101 SET character_set_client = @saved_cs_client */;

--
-- Dumping data for table `tiles`
--

LOCK TABLES `tiles` WRITE;
/*!40000 ALTER TABLE `tiles` DISABLE KEYS */;
INSERT INTO `tiles` VALUES (14,1,0,8),(13,1,1,0),(8,1,7,3),(8,1,10,10),(13,1,11,1),(13,1,14,10),(9,1,18,0),(9,1,19,5),(9,4,5,11),(12,4,9,1),(13,4,9,8),(13,5,0,0),(8,5,0,7),(8,5,2,3),(10,5,7,0),(9,5,7,12),(12,5,14,0),(14,5,14,7),(5,8,0,2),(5,8,0,4),(4,8,0,11),(4,8,0,12),(4,8,0,13),(4,8,0,14),(4,8,0,15),(4,8,0,16),(3,8,0,21),(3,8,0,22),(3,8,0,23),(3,8,0,24),(3,8,0,25),(3,8,0,26),(3,8,0,27),(5,8,1,1),(5,8,1,2),(5,8,1,3),(5,8,1,4),(5,8,1,5),(0,8,1,11),(4,8,1,13),(4,8,1,14),(4,8,1,15),(4,8,1,16),(4,8,1,17),(4,8,1,20),(3,8,1,23),(3,8,1,24),(3,8,1,25),(3,8,1,26),(3,8,1,27),(5,8,2,0),(5,8,2,1),(5,8,2,2),(5,8,2,3),(5,8,2,4),(5,8,2,5),(4,8,2,13),(4,8,2,14),(4,8,2,15),(4,8,2,16),(4,8,2,17),(4,8,2,18),(4,8,2,19),(4,8,2,20),(3,8,2,23),(3,8,2,24),(3,8,2,25),(3,8,2,26),(3,8,2,27),(5,8,3,0),(5,8,3,1),(5,8,3,2),(5,8,3,3),(5,8,3,4),(4,8,3,16),(4,8,3,17),(4,8,3,18),(3,8,3,22),(3,8,3,23),(3,8,3,24),(3,8,3,25),(3,8,3,26),(3,8,3,27),(5,8,4,1),(5,8,4,2),(4,8,4,17),(3,8,4,22),(3,8,4,23),(3,8,4,24),(0,8,4,25),(5,8,5,9),(3,8,5,22),(5,8,6,9),(5,8,6,10),(2,8,6,17),(3,8,6,23),(14,8,7,0),(5,8,7,9),(5,8,7,10),(5,8,7,11),(5,8,7,12),(4,8,7,13),(13,8,7,14),(3,8,7,23),(3,8,7,24),(5,8,8,9),(5,8,8,10),(5,8,8,11),(4,8,8,12),(4,8,8,13),(3,8,8,21),(3,8,8,22),(3,8,8,23),(3,8,8,24),(5,8,9,6),(5,8,9,7),(5,8,9,8),(5,8,9,9),(5,8,9,10),(4,8,9,11),(4,8,9,12),(4,8,9,13),(3,8,9,20),(3,8,9,21),(3,8,9,22),(3,8,9,23),(3,8,9,24),(5,8,10,8),(5,8,10,9),(5,8,10,10),(1,8,10,11),(4,8,10,13),(3,8,10,23),(3,8,10,24),(3,8,10,25),(5,8,11,9),(5,8,11,10),(4,8,11,13),(3,8,11,23),(3,8,11,24),(3,8,11,25),(4,8,12,13),(3,8,12,24),(3,8,12,25),(3,8,12,26),(4,8,13,11),(4,8,13,12),(4,8,13,13),(3,8,13,24),(3,8,13,25),(3,8,13,26),(3,8,13,27),(8,8,14,11),(3,8,14,25),(3,8,14,26),(5,8,15,0),(5,8,15,5),(5,8,15,6),(3,8,15,25),(5,8,16,0),(5,8,16,1),(5,8,16,2),(5,8,16,3),(5,8,16,4),(5,8,16,5),(5,8,16,6),(5,8,16,8),(5,8,16,9),(5,8,16,10),(3,8,16,25),(3,8,16,26),(5,8,17,3),(5,8,17,4),(5,8,17,5),(5,8,17,6),(5,8,17,7),(5,8,17,8),(0,8,17,17),(3,8,17,24),(3,8,17,25),(2,8,18,1),(5,8,18,4),(11,8,18,10),(5,8,18,20),(5,8,18,21),(5,8,19,16),(5,8,19,17),(5,8,19,18),(5,8,19,20),(5,8,20,16),(5,8,20,17),(5,8,20,18),(5,8,20,19),(5,8,20,20),(5,8,20,21),(5,8,21,16),(5,8,21,17),(5,8,21,18),(5,8,21,19),(5,8,21,20),(1,8,21,21),(5,8,22,16),(5,8,22,17),(5,8,22,18),(4,8,24,2),(4,8,24,3),(6,8,24,7),(6,8,24,8),(6,8,24,9),(6,8,24,10),(6,8,24,11),(4,8,25,0),(4,8,25,1),(4,8,25,2),(0,8,25,7),(6,8,25,9),(6,8,25,10),(4,8,26,0),(4,8,26,1),(4,8,26,2),(0,8,26,3),(6,8,26,5),(0,8,26,20),(6,8,26,24),(6,8,26,26),(4,8,27,0),(4,8,27,1),(4,8,27,2),(6,8,27,5),(6,8,27,7),(6,8,27,8),(3,8,27,19),(6,8,27,23),(6,8,27,24),(6,8,27,25),(6,8,27,26),(3,8,28,0),(4,8,28,1),(6,8,28,5),(6,8,28,6),(6,8,28,7),(3,8,28,16),(3,8,28,17),(3,8,28,18),(3,8,28,19),(3,8,28,20),(3,8,28,21),(6,8,28,25),(12,8,29,0),(3,8,29,16),(3,8,29,17),(3,8,29,18),(3,8,29,19),(3,8,29,20),(3,8,30,6),(3,8,30,7),(3,8,30,8),(5,8,30,16),(5,8,30,17),(3,8,30,18),(3,8,30,19),(3,8,30,20),(3,8,31,6),(3,8,31,7),(5,8,31,14),(5,8,31,15),(5,8,31,16),(5,8,31,17),(3,8,31,18),(0,8,31,23),(3,8,32,6),(3,8,32,7),(3,8,32,9),(5,8,32,14),(5,8,32,15),(5,8,32,16),(5,8,32,17),(0,8,32,18),(6,8,32,25),(3,8,33,6),(3,8,33,7),(3,8,33,8),(3,8,33,9),(3,8,33,10),(5,8,33,13),(5,8,33,14),(5,8,33,15),(5,8,33,17),(6,8,33,24),(6,8,33,25),(6,8,33,26),(6,8,33,27),(3,8,34,6),(3,8,34,7),(3,8,34,10),(5,8,34,12),(5,8,34,13),(5,8,34,14),(5,8,34,15),(5,8,34,17),(5,8,34,18),(6,8,34,23),(6,8,34,24),(3,18,0,1),(8,18,0,9),(6,18,0,15),(6,18,0,16),(6,18,0,17),(6,18,0,18),(4,18,0,20),(4,18,0,21),(3,18,1,0),(3,18,1,1),(6,18,1,17),(4,18,1,19),(4,18,1,20),(4,18,1,21),(4,18,1,22),(3,18,2,0),(3,18,2,1),(3,18,2,2),(6,18,2,17),(4,18,2,19),(4,18,2,20),(4,18,2,21),(4,18,2,22),(0,18,2,23),(3,18,3,0),(3,18,3,1),(3,18,3,2),(0,18,3,3),(4,18,3,18),(4,18,3,19),(4,18,3,21),(5,18,3,22),(3,18,4,0),(3,18,4,1),(3,18,4,2),(6,18,4,5),(6,18,4,6),(4,18,4,17),(4,18,4,18),(4,18,4,19),(4,18,4,20),(4,18,4,21),(5,18,4,22),(5,18,4,23),(5,18,4,24),(3,18,5,0),(3,18,5,1),(6,18,5,5),(5,18,5,22),(5,18,5,23),(5,18,5,24),(5,18,5,25),(3,18,6,1),(6,18,6,4),(6,18,6,5),(6,18,6,6),(5,18,6,22),(5,18,6,23),(5,18,6,24),(5,18,6,25),(5,18,6,26),(5,18,7,22),(5,18,7,23),(0,18,7,24),(5,18,7,26),(5,18,7,27),(5,18,8,22),(5,18,8,23),(5,18,8,27),(5,18,9,22),(5,18,9,23),(5,18,10,13),(5,18,10,14),(5,18,10,22),(5,18,10,23),(5,18,11,14),(5,18,11,15),(0,18,11,16),(5,18,11,23),(1,18,12,3),(5,18,12,11),(5,18,12,12),(5,18,12,13),(5,18,12,14),(5,18,12,15),(3,18,12,19),(2,18,12,20),(5,18,13,10),(5,18,13,11),(5,18,13,12),(5,18,13,13),(5,18,13,14),(5,18,13,15),(3,18,13,16),(3,18,13,17),(3,18,13,18),(3,18,13,19),(2,18,13,24),(5,18,14,10),(5,18,14,11),(5,18,14,12),(5,18,14,13),(5,18,14,14),(5,18,14,15),(3,18,14,16),(3,18,14,17),(3,18,14,18),(3,18,14,19),(3,18,14,20),(3,18,14,21),(5,18,14,27),(4,18,15,8),(5,18,15,10),(4,18,15,11),(4,18,15,12),(5,18,15,13),(5,18,15,14),(3,18,15,15),(3,18,15,16),(3,18,15,17),(3,18,15,18),(3,18,15,20),(6,18,15,21),(5,18,15,27),(4,18,16,8),(4,18,16,9),(4,18,16,11),(4,18,16,12),(4,18,16,13),(5,18,16,14),(3,18,16,15),(3,18,16,16),(3,18,16,17),(3,18,16,18),(3,18,16,19),(3,18,16,20),(6,18,16,21),(6,18,16,22),(6,18,16,23),(6,18,16,24),(5,18,16,25),(5,18,16,26),(5,18,16,27),(4,18,17,8),(4,18,17,9),(4,18,17,10),(4,18,17,11),(4,18,17,12),(4,18,17,13),(4,18,17,14),(2,18,17,16),(3,18,17,18),(3,18,17,19),(3,18,17,20),(3,18,17,21),(6,18,17,22),(5,18,17,23),(5,18,17,24),(5,18,17,25),(5,18,17,26),(5,18,17,27),(12,18,18,1),(4,18,18,7),(4,18,18,8),(4,18,18,11),(4,18,18,12),(4,18,18,13),(4,18,18,14),(4,18,18,15),(3,18,18,18),(3,18,18,19),(5,18,18,20),(3,18,18,21),(5,18,18,22),(5,18,18,23),(5,18,18,24),(0,18,18,25),(5,18,18,27),(4,18,19,7),(4,18,19,8),(4,18,19,11),(4,18,19,14),(3,18,19,18),(5,18,19,19),(5,18,19,20),(5,18,19,21),(5,18,19,22),(5,18,19,23),(5,18,19,24),(5,18,19,27),(4,18,20,7),(4,18,20,8),(4,18,20,9),(4,18,20,11),(5,18,20,20),(5,18,20,21),(5,18,20,22),(5,18,20,23),(5,18,20,24),(5,18,20,25),(5,18,20,26),(5,18,20,27),(4,18,21,7),(4,18,21,8),(4,18,21,9),(2,18,21,15),(5,18,21,20),(5,18,21,22),(5,18,21,23),(5,18,21,24),(5,18,21,25),(5,18,21,26),(5,18,21,27),(4,18,22,7),(4,18,22,8),(4,18,22,9),(5,18,22,22),(5,18,22,24),(5,18,22,25),(5,18,22,26),(5,18,22,27),(3,18,23,0),(5,18,23,22),(5,18,23,23),(5,18,23,24),(5,18,23,25),(3,18,24,0),(3,18,24,1),(3,18,24,2),(9,18,24,3),(5,18,24,23),(5,18,24,24),(5,18,24,25),(3,18,25,0),(3,18,25,1),(3,18,25,2),(0,18,25,20),(5,18,25,23),(3,18,26,0),(3,18,26,1),(3,18,26,2),(3,18,27,1),(3,18,27,2),(3,18,27,7),(3,18,28,1),(3,18,28,2),(3,18,28,4),(3,18,28,6),(3,18,28,7),(3,18,28,8),(6,18,28,9),(3,18,29,2),(3,18,29,3),(3,18,29,4),(3,18,29,5),(3,18,29,6),(6,18,29,7),(6,18,29,8),(6,18,29,9),(3,18,30,2),(3,18,30,3),(3,18,30,4),(3,18,30,5),(3,18,30,6),(3,18,30,7),(6,18,30,8),(6,18,30,9),(3,27,0,0),(4,27,0,1),(4,27,0,2),(4,27,0,3),(12,27,0,10),(6,27,0,22),(6,27,0,23),(3,27,0,24),(3,27,0,25),(6,27,0,26),(3,27,1,0),(3,27,1,1),(4,27,1,2),(4,27,1,3),(4,27,1,4),(4,27,1,16),(0,27,1,18),(6,27,1,20),(6,27,1,21),(6,27,1,22),(3,27,1,23),(3,27,1,24),(3,27,1,25),(6,27,1,26),(6,27,1,27),(6,27,1,28),(3,27,2,0),(4,27,2,1),(4,27,2,2),(4,27,2,3),(4,27,2,4),(4,27,2,16),(4,27,2,17),(6,27,2,21),(6,27,2,22),(3,27,2,23),(3,27,2,24),(3,27,2,25),(6,27,2,26),(6,27,2,27),(3,27,3,0),(4,27,3,1),(4,27,3,2),(4,27,3,3),(4,27,3,16),(4,27,3,17),(4,27,3,18),(3,27,3,20),(6,27,3,21),(3,27,3,23),(3,27,3,24),(6,27,3,25),(6,27,3,26),(3,27,4,0),(4,27,4,1),(4,27,4,2),(4,27,4,16),(4,27,4,17),(4,27,4,19),(3,27,4,20),(3,27,4,21),(3,27,4,23),(3,27,4,24),(3,27,4,25),(14,27,4,26),(3,27,5,0),(3,27,5,1),(4,27,5,2),(4,27,5,3),(4,27,5,4),(3,27,5,5),(4,27,5,17),(4,27,5,18),(4,27,5,19),(3,27,5,21),(3,27,5,22),(3,27,5,23),(3,27,5,24),(3,27,5,25),(3,27,6,1),(3,27,6,2),(3,27,6,4),(3,27,6,5),(0,27,6,7),(4,27,6,16),(4,27,6,17),(4,27,6,18),(3,27,6,22),(3,27,6,23),(3,27,6,24),(3,27,6,25),(3,27,7,0),(3,27,7,1),(3,27,7,2),(3,27,7,3),(3,27,7,4),(4,27,7,17),(4,27,7,18),(11,27,7,20),(4,27,7,26),(3,27,8,0),(0,27,8,2),(3,27,8,4),(3,27,8,5),(5,27,8,10),(5,27,8,11),(6,27,8,13),(6,27,8,14),(6,27,8,15),(4,27,8,17),(4,27,8,26),(4,27,8,27),(4,27,8,28),(4,27,8,29),(3,27,9,0),(3,27,9,1),(5,27,9,10),(5,27,9,11),(5,27,9,12),(6,27,9,13),(6,27,9,14),(2,27,9,16),(4,27,9,26),(4,27,9,27),(4,27,9,28),(3,27,10,0),(3,27,10,1),(3,27,10,2),(3,27,10,3),(3,27,10,5),(3,27,10,6),(5,27,10,9),(5,27,10,10),(5,27,10,11),(5,27,10,12),(5,27,10,13),(6,27,10,14),(6,27,10,15),(4,27,10,26),(4,27,10,27),(4,27,10,28),(3,27,11,1),(3,27,11,2),(3,27,11,3),(3,27,11,5),(3,27,11,6),(5,27,11,8),(5,27,11,9),(5,27,11,10),(5,27,11,11),(5,27,11,13),(6,27,11,14),(4,27,11,27),(4,27,11,28),(4,27,11,29),(3,27,12,1),(3,27,12,2),(3,27,12,3),(3,27,12,5),(3,27,12,7),(5,27,12,8),(5,27,12,9),(5,27,12,10),(5,27,12,11),(5,27,12,12),(0,27,12,22),(4,27,12,28),(4,27,12,29),(3,27,13,2),(3,27,13,3),(3,27,13,4),(3,27,13,5),(3,27,13,6),(3,27,13,7),(3,27,13,8),(2,27,13,10),(2,27,13,14),(0,27,13,26),(4,27,13,29),(3,27,14,5),(3,27,14,7),(3,27,14,8),(4,27,14,29),(3,27,15,8),(4,27,15,27),(4,27,16,27),(4,27,16,28),(4,27,16,29),(4,27,17,24),(4,27,17,25),(4,27,17,26),(4,27,17,27),(5,27,17,28),(5,27,17,29),(4,27,18,23),(4,27,18,24),(4,27,18,25),(4,27,18,26),(4,27,18,27),(5,27,18,28),(5,27,18,29),(6,27,19,9),(6,27,19,11),(4,27,19,14),(4,27,19,26),(4,27,19,27),(5,27,19,28),(5,27,19,29),(13,27,20,7),(6,27,20,9),(6,27,20,10),(6,27,20,11),(4,27,20,14),(2,27,20,17),(4,27,20,27),(4,27,20,28),(5,27,20,29),(6,27,21,9),(6,27,21,10),(6,27,21,11),(4,27,21,14),(4,27,21,27),(5,27,21,29),(4,27,22,13),(4,27,22,14),(4,27,22,15),(4,27,22,16),(4,27,22,17),(4,27,22,18),(4,27,22,19),(5,27,22,29),(4,27,23,12),(4,27,23,13),(4,27,23,14),(4,27,23,15),(4,27,23,17),(5,27,23,29),(4,27,24,17),(10,27,24,20),(4,27,25,17),(4,27,25,18),(5,27,27,24),(5,27,27,26),(5,27,27,28),(5,27,28,24),(5,27,28,25),(5,27,28,26),(5,27,28,27),(5,27,28,28),(5,27,29,27),(5,27,29,28),(0,37,0,0),(5,37,0,3),(5,37,0,4),(5,37,0,5),(5,37,0,6),(5,37,0,7),(5,37,0,8),(5,37,0,9),(5,37,0,10),(5,37,0,11),(5,37,0,12),(5,37,0,13),(5,37,0,14),(5,37,0,26),(5,37,0,27),(5,37,0,28),(5,37,0,29),(5,37,1,3),(11,37,1,4),(5,37,1,11),(5,37,1,12),(5,37,1,13),(13,37,1,16),(4,37,1,19),(4,37,1,20),(4,37,1,21),(4,37,1,22),(5,37,1,26),(5,37,1,27),(5,37,1,28),(5,37,1,29),(5,37,2,2),(5,37,2,3),(5,37,2,10),(5,37,2,12),(5,37,2,13),(5,37,2,14),(5,37,2,15),(4,37,2,20),(4,37,2,21),(4,37,2,22),(4,37,2,23),(5,37,2,27),(5,37,2,28),(5,37,2,29),(0,37,3,1),(5,37,3,10),(5,37,3,11),(5,37,3,12),(5,37,3,13),(5,37,3,14),(4,37,3,20),(4,37,3,21),(4,37,3,22),(4,37,3,23),(4,37,3,24),(5,37,3,28),(5,37,3,29),(5,37,4,12),(5,37,4,13),(6,37,4,18),(4,37,4,21),(4,37,4,22),(4,37,4,23),(5,37,4,26),(5,37,4,27),(5,37,4,28),(6,37,5,8),(6,37,5,9),(6,37,5,18),(6,37,5,19),(4,37,5,22),(4,37,5,23),(4,37,5,24),(5,37,5,26),(5,37,5,27),(6,37,6,7),(6,37,6,8),(6,37,6,9),(6,37,6,11),(6,37,6,18),(6,37,6,19),(6,37,7,9),(6,37,7,10),(6,37,7,18),(12,37,7,23),(6,37,8,9),(6,37,8,10),(6,37,8,16),(6,37,8,17),(6,37,8,18),(3,37,9,3),(3,37,9,4),(3,37,10,0),(3,37,10,2),(3,37,10,3),(3,37,10,4),(8,37,10,5),(0,37,10,20),(3,37,11,0),(3,37,11,1),(3,37,11,2),(3,37,11,3),(3,37,12,0),(3,37,12,1),(3,37,12,2),(3,37,13,0),(3,37,13,1),(3,37,13,2),(3,37,13,4),(3,37,14,0),(3,37,14,1),(3,37,14,2),(3,37,14,3),(3,37,14,4),(3,37,15,0),(3,37,15,1),(3,37,15,2),(3,37,15,3),(3,37,15,4),(3,37,16,0),(3,37,16,1),(3,37,16,2),(3,37,16,3),(5,37,16,29),(3,37,17,0),(3,37,17,1),(3,37,17,2),(3,37,17,3),(3,37,17,4),(2,37,17,28),(3,37,18,0),(3,37,18,1),(3,37,18,2),(3,37,18,3),(3,37,18,4),(3,37,18,5),(0,37,18,23),(3,37,19,0),(3,37,19,1),(3,37,19,2),(3,37,19,3),(3,37,19,4),(3,37,19,5),(5,37,19,29),(3,37,20,0),(3,37,20,1),(3,37,20,2),(3,37,20,3),(3,37,20,4),(3,37,20,5),(5,37,20,28),(5,37,20,29),(3,37,21,0),(3,37,21,1),(3,37,21,2),(3,37,21,3),(3,37,21,4),(5,37,21,29),(3,37,22,0),(3,37,22,1),(3,37,22,2),(14,37,22,25),(5,37,22,29),(3,37,23,0),(3,37,23,1),(3,37,23,2),(3,37,23,3),(4,37,23,9),(5,37,23,29),(3,37,24,1),(3,37,24,2),(0,37,24,4),(4,37,24,7),(4,37,24,8),(4,37,24,9),(4,37,24,10),(4,37,24,11),(5,37,24,29),(4,37,25,7),(4,37,25,8),(4,37,25,9),(4,37,25,10),(5,37,25,27),(5,37,25,29),(4,37,26,6),(4,37,26,7),(4,37,26,8),(4,37,26,9),(4,37,26,10),(2,37,26,12),(6,37,26,22),(6,37,26,23),(5,37,26,27),(5,37,26,28),(5,37,26,29),(4,37,27,5),(4,37,27,6),(4,37,27,7),(4,37,27,8),(4,37,27,9),(4,37,27,10),(5,37,27,17),(5,37,27,18),(5,37,27,21),(5,37,27,22),(6,37,27,23),(6,37,27,24),(0,37,28,4),(4,37,28,6),(4,37,28,7),(4,37,28,8),(4,37,28,9),(4,37,28,10),(5,37,28,15),(5,37,28,16),(5,37,28,17),(5,37,28,18),(5,37,28,19),(5,37,28,21),(5,37,28,22),(6,37,28,23),(6,37,28,24),(5,37,28,25),(5,37,28,26),(5,37,28,27),(5,37,28,28),(4,37,29,7),(4,37,29,8),(4,37,29,9),(4,37,29,10),(4,37,29,11),(5,37,29,16),(5,37,29,17),(5,37,29,18),(5,37,29,19),(5,37,29,20),(5,37,29,21),(5,37,29,22),(6,37,29,23),(6,37,29,24),(6,37,29,25),(6,37,29,26),(5,37,29,27),(4,48,0,6),(4,48,0,7),(4,48,0,17),(4,48,0,18),(4,48,0,19),(4,48,0,20),(4,48,0,21),(4,48,0,22),(4,48,0,23),(4,48,0,24),(4,48,0,25),(6,48,0,28),(4,48,1,6),(4,48,1,7),(4,48,1,8),(4,48,1,17),(4,48,1,19),(4,48,1,21),(6,48,1,28),(6,48,1,29),(4,48,2,6),(4,48,2,7),(4,48,2,8),(4,48,2,9),(4,48,2,17),(4,48,2,21),(6,48,2,27),(6,48,2,28),(6,48,2,29),(4,48,3,7),(4,48,3,8),(4,48,3,9),(4,48,3,17),(2,48,3,18),(6,48,3,27),(6,48,3,28),(6,48,3,29),(4,48,4,8),(4,48,4,9),(6,48,4,27),(6,48,4,28),(6,48,4,29),(5,48,5,2),(4,48,5,9),(5,48,5,10),(5,48,5,11),(6,48,5,27),(6,48,5,29),(5,48,6,2),(5,48,6,3),(5,48,6,8),(5,48,6,9),(5,48,6,10),(6,48,6,26),(6,48,6,27),(6,48,6,28),(6,48,6,29),(5,48,7,2),(5,48,7,9),(5,48,7,10),(1,48,7,11),(3,48,7,14),(3,48,7,15),(3,48,7,16),(6,48,7,26),(6,48,7,29),(5,48,8,0),(5,48,8,1),(5,48,8,2),(5,48,8,3),(5,48,8,9),(5,48,8,10),(3,48,8,13),(3,48,8,14),(3,48,8,15),(3,48,8,16),(10,48,8,26),(5,48,9,0),(5,48,9,1),(5,48,9,2),(5,48,9,3),(5,48,9,8),(5,48,9,9),(5,48,9,10),(5,48,9,11),(5,48,9,12),(5,48,9,13),(3,48,9,14),(3,48,9,15),(3,48,9,16),(3,48,9,17),(3,48,9,18),(5,48,10,1),(5,48,10,2),(5,48,10,5),(5,48,10,6),(5,48,10,8),(5,48,10,9),(5,48,10,10),(3,48,10,13),(3,48,10,14),(3,48,10,15),(3,48,10,18),(5,48,11,0),(5,48,11,1),(3,48,11,2),(5,48,11,3),(5,48,11,4),(5,48,11,5),(5,48,11,6),(5,48,11,7),(4,48,11,8),(4,48,11,9),(5,48,11,10),(4,48,11,11),(4,48,11,12),(3,48,11,13),(3,48,11,14),(3,48,11,15),(3,48,12,0),(5,48,12,1),(3,48,12,2),(5,48,12,4),(5,48,12,5),(4,48,12,8),(4,48,12,9),(4,48,12,10),(4,48,12,11),(4,48,12,12),(3,48,12,13),(3,48,12,14),(3,48,12,15),(3,48,12,16),(3,48,13,0),(5,48,13,1),(3,48,13,2),(5,48,13,3),(5,48,13,4),(5,48,13,5),(5,48,13,6),(5,48,13,7),(5,48,13,8),(4,48,13,9),(4,48,13,10),(3,48,13,14),(3,48,14,0),(5,48,14,1),(3,48,14,2),(3,48,14,3),(5,48,14,6),(5,48,14,7),(4,48,14,8),(4,48,14,9),(4,48,14,10),(2,48,14,14),(0,48,14,20),(5,48,14,25),(5,48,14,26),(5,48,14,27),(5,48,14,29),(3,48,15,0),(3,48,15,1),(3,48,15,2),(3,48,15,3),(3,48,15,4),(3,48,15,5),(5,48,15,6),(5,48,15,7),(4,48,15,10),(5,48,15,24),(5,48,15,25),(5,48,15,26),(5,48,15,27),(5,48,15,28),(5,48,15,29),(3,48,16,0),(3,48,16,1),(3,48,16,2),(3,48,16,3),(3,48,16,4),(3,48,16,5),(5,48,16,25),(5,48,16,26),(5,48,16,27),(5,48,16,28),(5,48,16,29),(3,48,17,0),(3,48,17,1),(3,48,17,3),(3,48,17,4),(6,48,17,8),(6,48,17,9),(6,48,17,10),(5,48,17,28),(5,48,17,29),(4,48,18,3),(4,48,18,4),(4,48,18,5),(6,48,18,8),(6,48,18,10),(6,48,18,11),(2,48,18,14),(5,48,18,28),(5,48,18,29),(4,48,19,3),(4,48,19,4),(4,48,19,5),(4,48,19,6),(6,48,19,8),(6,48,19,9),(6,48,19,10),(4,48,20,2),(4,48,20,3),(4,48,20,4),(4,48,20,5),(4,48,20,6),(6,48,20,7),(6,48,20,8),(6,48,20,9),(6,48,20,10),(4,48,21,2),(4,48,21,5),(6,48,21,8),(6,48,21,9),(6,48,21,10),(6,48,21,11),(4,48,22,2),(6,48,22,8),(6,48,22,9),(6,48,22,11),(2,48,22,17),(0,48,23,8),(8,48,25,14),(5,48,26,9),(6,48,26,13),(3,48,27,1),(3,48,27,4),(5,48,27,9),(6,48,27,13),(3,48,28,1),(3,48,28,2),(3,48,28,3),(3,48,28,4),(3,48,28,5),(5,48,28,9),(6,48,28,13),(6,48,28,14),(6,48,28,15),(1,48,28,21),(0,48,28,25),(3,48,29,1),(3,48,29,2),(3,48,29,3),(3,48,29,4),(3,48,29,5),(3,48,29,6),(5,48,29,9),(5,48,29,11),(5,48,29,12),(6,48,29,13),(6,48,29,14),(6,48,29,15),(6,48,29,16),(6,48,29,17),(4,48,29,27),(3,48,30,2),(3,48,30,3),(3,48,30,4),(3,48,30,5),(3,48,30,6),(5,48,30,9),(5,48,30,10),(5,48,30,11),(6,48,30,12),(6,48,30,14),(0,48,30,17),(4,48,30,22),(4,48,30,23),(4,48,30,24),(4,48,30,25),(4,48,30,26),(4,48,30,27),(3,48,31,3),(3,48,31,4),(3,48,31,5),(5,48,31,6),(5,48,31,7),(5,48,31,8),(5,48,31,9),(6,48,31,11),(6,48,31,12),(6,48,31,13),(6,48,31,14),(6,48,31,15),(4,48,31,23),(4,48,31,24),(4,48,31,25),(4,48,31,26),(4,48,31,27),(4,48,31,28),(3,48,32,2),(3,48,32,3),(3,48,32,4),(5,48,32,5),(5,48,32,6),(5,48,32,7),(5,48,32,8),(5,48,32,9),(5,48,32,10),(6,48,32,11),(6,48,32,12),(6,48,32,13),(4,48,32,23),(3,48,32,24),(3,48,32,25),(4,48,32,26),(3,54,0,1),(3,54,0,2),(3,54,0,3),(3,54,0,4),(3,54,0,9),(3,54,0,10),(3,54,0,11),(3,54,0,12),(3,54,0,13),(3,54,0,14),(3,54,0,15),(3,54,1,1),(3,54,1,2),(3,54,1,3),(3,54,1,11),(3,54,1,12),(3,54,1,13),(3,54,2,2),(3,54,2,3),(0,54,2,6),(3,54,2,12),(3,54,2,13),(2,54,2,22),(3,54,2,24),(3,54,3,2),(3,54,3,3),(3,54,3,4),(5,54,3,9),(3,54,3,13),(3,54,3,24),(3,54,4,3),(3,54,4,4),(5,54,4,7),(5,54,4,9),(5,54,4,10),(5,54,4,11),(3,54,4,13),(3,54,4,24),(5,54,5,7),(5,54,5,8),(5,54,5,9),(0,54,5,11),(3,54,5,23),(3,54,5,24),(5,54,6,6),(5,54,6,7),(2,54,6,15),(3,54,6,22),(3,54,6,23),(5,54,7,6),(2,54,7,7),(3,54,7,21),(3,54,7,23),(3,54,7,24),(4,54,8,9),(4,54,8,10),(6,54,8,12),(6,54,8,13),(6,54,8,14),(3,54,8,21),(3,54,8,22),(3,54,8,23),(3,54,8,24),(4,54,9,8),(4,54,9,9),(6,54,9,12),(6,54,9,13),(6,54,9,15),(0,54,9,19),(3,54,10,0),(6,54,10,1),(6,54,10,2),(4,54,10,3),(4,54,10,4),(4,54,10,5),(4,54,10,8),(4,54,10,9),(4,54,10,10),(6,54,10,11),(6,54,10,12),(6,54,10,14),(6,54,10,15),(6,54,11,0),(6,54,11,1),(6,54,11,2),(6,54,11,3),(4,54,11,5),(4,54,11,6),(4,54,11,7),(4,54,11,8),(4,54,11,9),(6,54,11,14),(6,54,11,15),(6,54,11,18),(6,54,12,2),(4,54,12,6),(4,54,12,7),(4,54,12,8),(4,54,12,9),(6,54,12,14),(0,54,12,15),(6,54,12,18),(6,54,12,19),(6,54,12,20),(6,54,12,21),(4,54,13,7),(4,54,13,8),(4,54,13,9),(6,54,13,14),(5,54,13,18),(5,54,13,19),(6,54,13,20),(4,54,14,5),(4,54,14,6),(4,54,14,7),(4,54,14,8),(4,54,14,9),(5,54,14,14),(5,54,14,15),(5,54,14,16),(5,54,14,17),(5,54,14,18),(6,54,14,20),(10,54,15,0),(4,54,15,4),(4,54,15,5),(4,54,15,6),(4,54,15,7),(4,54,15,8),(4,54,15,9),(4,54,15,10),(5,54,15,17),(5,54,15,18),(4,54,16,8),(4,54,16,10),(5,54,16,17),(5,54,16,18),(4,54,17,8),(4,54,17,9),(0,54,17,15),(0,54,17,22),(6,54,18,8),(5,54,19,1),(5,54,19,2),(5,54,19,3),(13,54,19,4),(3,54,19,6),(3,54,19,7),(6,54,19,8),(6,54,19,9),(0,54,20,1),(5,54,20,3),(3,54,20,6),(6,54,20,7),(6,54,20,8),(6,54,20,9),(5,54,21,3),(3,54,21,6),(6,54,21,8),(0,54,21,12),(4,54,21,16),(4,54,21,17),(4,54,21,18),(4,54,21,19),(5,54,22,1),(5,54,22,2),(5,54,22,3),(3,54,22,6),(3,54,22,8),(4,54,22,16),(4,54,22,17),(4,54,22,18),(4,54,22,19),(4,54,22,20),(5,54,23,2),(5,54,23,3),(3,54,23,6),(3,54,23,7),(3,54,23,8),(4,54,23,17),(4,54,23,18),(2,54,23,19),(5,54,24,3),(3,54,24,6),(3,54,24,7),(3,54,24,8),(3,54,24,9),(4,54,24,14),(4,54,24,17),(4,54,24,18),(3,54,25,7),(4,54,25,14),(4,54,25,15),(4,54,25,16),(4,54,25,17),(4,54,25,18),(6,63,0,1),(6,63,0,2),(6,63,0,3),(4,63,0,4),(4,63,0,5),(4,63,0,6),(4,63,0,7),(4,63,0,8),(6,63,1,0),(6,63,1,1),(6,63,1,2),(4,63,1,3),(4,63,1,4),(4,63,1,5),(4,63,1,6),(0,63,1,11),(6,63,2,0),(6,63,2,2),(4,63,2,5),(4,63,2,6),(4,63,2,7),(4,63,2,8),(14,63,2,16),(4,63,2,26),(6,63,3,0),(6,63,3,2),(4,63,3,5),(4,63,3,6),(4,63,3,7),(4,63,3,8),(4,63,3,25),(4,63,3,26),(4,63,3,27),(4,63,4,5),(4,63,4,7),(3,63,4,15),(4,63,4,26),(4,63,4,27),(2,63,5,13),(3,63,5,15),(3,63,5,16),(3,63,5,17),(1,63,5,21),(4,63,5,25),(4,63,5,26),(4,63,5,27),(4,63,5,28),(4,63,5,29),(3,63,6,15),(3,63,6,16),(3,63,6,17),(3,63,6,18),(3,63,6,19),(4,63,6,24),(4,63,6,25),(4,63,6,26),(4,63,6,27),(0,63,6,28),(3,63,7,13),(3,63,7,14),(3,63,7,15),(3,63,7,16),(3,63,7,17),(4,63,7,25),(4,63,7,26),(4,63,7,27),(9,63,8,3),(3,63,8,16),(3,63,8,17),(3,63,8,18),(4,63,8,25),(3,63,8,26),(6,63,9,17),(3,63,9,18),(2,63,9,21),(3,63,9,23),(3,63,9,24),(3,63,9,25),(3,63,9,26),(3,63,9,27),(3,63,9,29),(6,63,10,17),(6,63,10,18),(3,63,10,23),(3,63,10,24),(3,63,10,25),(3,63,10,26),(3,63,10,28),(3,63,10,29),(3,63,11,11),(3,63,11,12),(3,63,11,13),(6,63,11,14),(6,63,11,15),(6,63,11,16),(6,63,11,17),(3,63,11,20),(3,63,11,21),(3,63,11,22),(3,63,11,23),(3,63,11,24),(3,63,11,25),(3,63,11,26),(3,63,11,27),(3,63,11,28),(3,63,11,30),(3,63,12,10),(3,63,12,11),(3,63,12,12),(3,63,12,13),(6,63,12,16),(6,63,12,17),(6,63,12,18),(3,63,12,23),(3,63,12,24),(3,63,12,25),(3,63,12,26),(3,63,12,27),(3,63,12,28),(3,63,12,29),(3,63,12,30),(3,63,12,31),(3,63,12,32),(6,63,13,2),(3,63,13,9),(3,63,13,10),(3,63,13,11),(3,63,13,12),(3,63,13,13),(2,63,13,16),(0,63,13,24),(5,63,13,27),(5,63,13,28),(3,63,13,30),(3,63,13,31),(3,63,13,32),(6,63,14,2),(3,63,14,9),(3,63,14,10),(3,63,14,11),(3,63,14,12),(3,63,14,13),(5,63,14,28),(5,63,14,29),(5,63,14,30),(6,63,15,2),(3,63,15,13),(5,63,15,24),(5,63,15,26),(5,63,15,28),(5,63,15,29),(5,63,15,30),(6,63,16,0),(6,63,16,1),(6,63,16,2),(6,63,16,3),(6,63,16,4),(5,63,16,24),(5,63,16,25),(5,63,16,26),(5,63,16,27),(5,63,16,28),(5,63,16,30),(6,63,17,1),(6,63,17,2),(5,63,17,24),(5,63,17,25),(5,63,17,26),(5,63,17,27),(5,63,17,28),(0,63,18,2),(3,63,18,9),(3,63,18,11),(5,63,18,20),(5,63,18,23),(5,63,18,24),(5,63,18,25),(5,63,18,26),(5,63,18,27),(6,63,18,28),(6,63,18,29),(6,63,18,30),(3,63,19,7),(3,63,19,8),(3,63,19,9),(3,63,19,11),(5,63,19,20),(5,63,19,21),(5,63,19,22),(5,63,19,23),(5,63,19,24),(5,63,19,25),(5,63,19,26),(6,63,19,29),(6,63,19,30),(6,63,19,31),(3,63,20,9),(3,63,20,10),(3,63,20,11),(3,63,20,12),(3,63,20,13),(3,63,20,14),(3,63,20,15),(5,63,20,18),(5,63,20,19),(5,63,20,20),(5,63,20,23),(5,63,20,24),(5,63,20,25),(5,63,20,26),(6,63,20,29),(6,63,20,30),(6,63,20,31),(5,63,21,9),(5,63,21,10),(5,63,21,11),(3,63,21,13),(3,63,21,14),(3,63,21,15),(3,63,21,16),(5,63,21,23),(5,63,21,24),(5,63,21,25),(5,63,21,26),(5,63,21,27),(5,63,21,28),(6,63,21,29),(5,63,21,30),(5,63,21,31),(5,63,21,32),(5,63,22,5),(5,63,22,6),(0,63,22,7),(5,63,22,10),(5,63,22,11),(5,63,22,12),(3,63,22,15),(5,63,22,23),(5,63,22,24),(5,63,22,25),(5,63,22,26),(5,63,22,27),(5,63,22,28),(5,63,22,29),(5,63,22,30),(5,63,22,31),(5,63,22,32),(5,63,23,5),(5,63,23,6),(5,63,23,10),(5,63,23,11),(5,63,23,12),(5,63,23,13),(5,63,23,14),(5,63,23,23),(5,63,23,24),(5,63,23,25),(5,63,23,26),(5,63,23,27),(5,63,23,28),(5,63,23,30),(11,63,24,0),(5,63,24,6),(5,63,24,7),(5,63,24,8),(5,63,24,10),(5,63,24,11),(5,63,24,12),(5,63,24,13),(5,63,24,23),(5,63,24,24),(5,63,24,25),(5,63,24,26),(5,63,24,27),(5,63,24,28),(5,63,24,29),(5,63,24,30),(5,63,25,6),(5,63,25,7),(5,63,25,8),(5,63,25,9),(5,63,25,10),(5,63,25,11),(5,63,25,12),(5,63,25,13),(5,63,25,14),(5,63,25,15),(5,63,25,16),(5,63,25,24),(5,63,25,26),(5,63,25,27),(5,63,25,29),(5,63,25,30),(5,63,25,31),(5,63,26,6),(4,63,26,7),(5,63,26,8),(5,63,26,9),(5,63,26,10),(5,63,26,11),(5,63,26,13),(4,63,26,14),(4,63,26,15),(5,63,26,26),(5,63,26,27),(5,63,26,28),(5,63,26,29),(4,63,27,6),(4,63,27,7),(4,63,27,8),(4,63,27,9),(5,63,27,10),(5,63,27,11),(5,63,27,13),(4,63,27,14),(4,63,27,15),(4,63,27,16),(0,63,27,17),(6,63,27,25),(6,63,27,26),(5,63,27,28),(4,63,28,6),(5,63,28,10),(4,63,28,14),(4,63,28,15),(0,63,28,22),(6,63,28,25),(6,63,28,26),(6,63,28,27),(4,63,29,5),(4,63,29,6),(4,63,29,7),(4,63,29,8),(4,63,29,10),(4,63,29,11),(4,63,29,14),(4,63,29,15),(4,63,29,16),(4,63,29,17),(4,63,29,18),(6,63,29,25),(6,63,29,27),(4,63,30,4),(4,63,30,5),(4,63,30,6),(4,63,30,7),(4,63,30,8),(4,63,30,9),(4,63,30,10),(4,63,30,13),(4,63,30,14),(4,63,30,15),(4,63,30,16),(4,63,30,17),(4,63,30,18),(4,63,30,19),(6,63,30,26),(6,63,30,27),(6,63,30,28),(3,64,0,5),(3,64,0,6),(3,64,0,7),(3,64,0,8),(3,64,0,9),(3,64,0,10),(3,64,0,11),(3,64,0,12),(3,64,0,13),(5,64,0,18),(5,64,0,19),(4,64,0,25),(4,64,0,26),(4,64,0,27),(3,64,1,5),(3,64,1,6),(3,64,1,7),(3,64,1,8),(3,64,1,9),(6,64,1,10),(3,64,1,15),(5,64,1,16),(5,64,1,17),(5,64,1,18),(4,64,1,24),(4,64,1,25),(4,64,1,26),(4,64,1,27),(3,64,2,4),(3,64,2,5),(3,64,2,6),(3,64,2,7),(0,64,2,8),(6,64,2,10),(3,64,2,15),(3,64,2,16),(5,64,2,17),(5,64,2,23),(4,64,2,25),(4,64,2,26),(4,64,2,27),(3,64,3,4),(4,64,3,7),(6,64,3,10),(3,64,3,15),(3,64,3,16),(5,64,3,17),(5,64,3,18),(5,64,3,19),(5,64,3,22),(5,64,3,23),(5,64,3,24),(4,64,3,26),(4,64,3,27),(3,64,4,4),(4,64,4,7),(4,64,4,8),(6,64,4,9),(6,64,4,10),(3,64,4,15),(3,64,4,16),(5,64,4,17),(5,64,4,18),(5,64,4,19),(2,64,4,21),(5,64,4,23),(5,64,4,24),(4,64,4,26),(4,64,4,27),(4,64,5,6),(4,64,5,7),(4,64,5,8),(6,64,5,9),(6,64,5,10),(3,64,5,16),(3,64,5,18),(4,64,5,26),(0,64,6,3),(4,64,6,6),(4,64,6,7),(4,64,6,8),(0,64,6,9),(0,64,6,13),(3,64,6,15),(3,64,6,16),(3,64,6,17),(3,64,6,18),(4,64,7,5),(4,64,7,6),(4,64,7,7),(4,64,7,8),(3,64,7,16),(3,64,7,17),(3,64,7,26),(3,64,7,27),(4,64,8,5),(4,64,8,6),(3,64,8,15),(3,64,8,16),(3,64,8,23),(3,64,8,24),(3,64,8,26),(3,64,8,27),(10,64,9,1),(6,64,9,5),(3,64,9,16),(3,64,9,24),(3,64,9,25),(3,64,9,26),(3,64,9,27),(6,64,10,5),(6,64,10,6),(3,64,10,16),(3,64,10,24),(3,64,10,25),(3,64,10,26),(3,64,10,27),(6,64,11,5),(6,64,11,6),(6,64,11,7),(4,64,11,12),(3,64,11,16),(0,64,11,17),(3,64,11,25),(3,64,11,26),(3,64,11,27),(6,64,12,5),(2,64,12,10),(4,64,12,12),(4,64,12,14),(3,64,12,25),(3,64,12,27),(5,64,13,1),(5,64,13,2),(5,64,13,3),(5,64,13,4),(4,64,13,12),(4,64,13,13),(4,64,13,14),(3,64,13,25),(5,64,14,3),(4,64,14,10),(4,64,14,11),(4,64,14,12),(4,64,14,13),(8,64,14,14),(5,64,15,3),(4,64,15,12),(9,64,15,21),(4,64,16,12),(4,64,16,25),(4,64,17,12),(4,64,17,25),(4,64,17,26),(4,64,17,27),(0,64,18,2),(4,64,18,11),(4,64,18,12),(4,64,18,24),(4,64,18,25),(4,64,18,26),(4,64,18,27),(0,64,19,13),(11,64,19,20),(4,64,19,26),(4,64,19,27),(6,64,20,3),(5,64,20,16),(4,64,20,26),(4,64,20,27),(6,64,21,0),(6,64,21,1),(6,64,21,2),(6,64,21,3),(5,64,21,16),(5,64,21,17),(5,64,21,18),(5,64,21,19),(4,64,21,26),(4,64,21,27),(6,64,22,2),(6,64,22,3),(5,64,22,18),(3,64,22,19),(4,64,22,26);
/*!40000 ALTER TABLE `tiles` ENABLE KEYS */;
UNLOCK TABLES;

--
-- Table structure for table `units`
--

DROP TABLE IF EXISTS `units`;
/*!40101 SET @saved_cs_client     = @@character_set_client */;
/*!40101 SET character_set_client = utf8 */;
CREATE TABLE `units` (
  `id` int(11) NOT NULL AUTO_INCREMENT,
  `hp` int(10) unsigned NOT NULL DEFAULT '0',
  `level` tinyint(2) unsigned NOT NULL,
  `location_id` int(10) unsigned NOT NULL,
  `location_type` tinyint(2) unsigned NOT NULL DEFAULT '0',
  `player_id` int(11) DEFAULT NULL,
  `upgrade_ends_at` datetime DEFAULT NULL,
  `pause_remainder` int(10) unsigned DEFAULT NULL,
  `xp` mediumint(8) unsigned NOT NULL DEFAULT '0',
  `type` varchar(50) NOT NULL,
  `flank` tinyint(2) unsigned NOT NULL DEFAULT '0',
  `location_x` mediumint(9) DEFAULT NULL,
  `location_y` mediumint(9) DEFAULT NULL,
  `route_id` int(11) DEFAULT NULL,
  `galaxy_id` int(11) NOT NULL,
  `stance` tinyint(2) unsigned NOT NULL DEFAULT '0',
  `construction_mod` tinyint(2) unsigned NOT NULL DEFAULT '0',
  `stored` int(10) unsigned NOT NULL DEFAULT '0',
  `metal` float NOT NULL DEFAULT '0',
  `energy` float NOT NULL DEFAULT '0',
  `zetium` float NOT NULL DEFAULT '0',
  PRIMARY KEY (`id`),
  KEY `location` (`player_id`,`location_id`,`location_type`),
  KEY `location_and_player` (`location_type`,`location_id`,`location_x`,`location_y`,`player_id`),
  KEY `index_units_on_route_id` (`route_id`),
  KEY `type` (`player_id`,`type`),
  KEY `foreign_key` (`galaxy_id`),
  CONSTRAINT `units_ibfk_1` FOREIGN KEY (`player_id`) REFERENCES `players` (`id`) ON DELETE SET NULL,
  CONSTRAINT `units_ibfk_2` FOREIGN KEY (`galaxy_id`) REFERENCES `galaxies` (`id`) ON DELETE CASCADE,
  CONSTRAINT `units_ibfk_3` FOREIGN KEY (`route_id`) REFERENCES `routes` (`id`) ON DELETE SET NULL
) ENGINE=InnoDB AUTO_INCREMENT=3239 DEFAULT CHARSET=utf8;
/*!40101 SET character_set_client = @saved_cs_client */;

--
-- Dumping data for table `units`
--

LOCK TABLES `units` WRITE;
/*!40000 ALTER TABLE `units` DISABLE KEYS */;
INSERT INTO `units` VALUES (1,26875,1,1,1,NULL,NULL,NULL,0,'Demosis',1,1,45,NULL,1,0,0,0,0,0,0),(2,26875,1,1,1,NULL,NULL,NULL,0,'Demosis',0,1,45,NULL,1,0,0,0,0,0,0),(3,26875,1,1,1,NULL,NULL,NULL,0,'Demosis',1,1,45,NULL,1,0,0,0,0,0,0),(4,26875,1,1,1,NULL,NULL,NULL,0,'Demosis',1,1,45,NULL,1,0,0,0,0,0,0),(5,26875,1,1,1,NULL,NULL,NULL,0,'Demosis',0,1,45,NULL,1,0,0,0,0,0,0),(6,26875,1,1,1,NULL,NULL,NULL,0,'Demosis',0,1,45,NULL,1,0,0,0,0,0,0),(7,26875,1,1,1,NULL,NULL,NULL,0,'Demosis',1,1,45,NULL,1,0,0,0,0,0,0),(8,26875,1,1,1,NULL,NULL,NULL,0,'Demosis',1,1,45,NULL,1,0,0,0,0,0,0),(9,26875,1,1,1,NULL,NULL,NULL,0,'Demosis',1,1,45,NULL,1,0,0,0,0,0,0),(10,4475,1,1,1,NULL,NULL,NULL,0,'Thor',0,1,45,NULL,1,0,0,0,0,0,0),(11,4475,1,1,1,NULL,NULL,NULL,0,'Thor',0,1,45,NULL,1,0,0,0,0,0,0),(12,4475,1,1,1,NULL,NULL,NULL,0,'Thor',0,1,45,NULL,1,0,0,0,0,0,0),(13,4475,1,1,1,NULL,NULL,NULL,0,'Thor',1,1,45,NULL,1,0,0,0,0,0,0),(14,4475,1,1,1,NULL,NULL,NULL,0,'Thor',0,1,45,NULL,1,0,0,0,0,0,0),(15,4475,1,1,1,NULL,NULL,NULL,0,'Thor',0,1,45,NULL,1,0,0,0,0,0,0),(16,4475,1,1,1,NULL,NULL,NULL,0,'Thor',1,1,45,NULL,1,0,0,0,0,0,0),(17,4475,1,1,1,NULL,NULL,NULL,0,'Thor',0,1,45,NULL,1,0,0,0,0,0,0),(18,4475,1,1,1,NULL,NULL,NULL,0,'Thor',1,1,45,NULL,1,0,0,0,0,0,0),(19,2812,1,1,1,NULL,NULL,NULL,0,'Dirac',1,1,45,NULL,1,0,0,0,0,0,0),(20,2812,1,1,1,NULL,NULL,NULL,0,'Dirac',0,1,45,NULL,1,0,0,0,0,0,0),(21,2812,1,1,1,NULL,NULL,NULL,0,'Dirac',0,1,45,NULL,1,0,0,0,0,0,0),(22,2812,1,1,1,NULL,NULL,NULL,0,'Dirac',0,1,45,NULL,1,0,0,0,0,0,0),(23,2812,1,1,1,NULL,NULL,NULL,0,'Dirac',0,1,45,NULL,1,0,0,0,0,0,0),(24,2812,1,1,1,NULL,NULL,NULL,0,'Dirac',1,1,45,NULL,1,0,0,0,0,0,0),(25,2812,1,1,1,NULL,NULL,NULL,0,'Dirac',1,1,45,NULL,1,0,0,0,0,0,0),(26,2812,1,1,1,NULL,NULL,NULL,0,'Dirac',1,1,45,NULL,1,0,0,0,0,0,0),(27,2812,1,1,1,NULL,NULL,NULL,0,'Dirac',0,1,45,NULL,1,0,0,0,0,0,0),(28,2812,1,1,1,NULL,NULL,NULL,0,'Dirac',1,1,45,NULL,1,0,0,0,0,0,0),(29,2812,1,1,1,NULL,NULL,NULL,0,'Dirac',1,1,45,NULL,1,0,0,0,0,0,0),(30,2812,1,1,1,NULL,NULL,NULL,0,'Dirac',0,1,45,NULL,1,0,0,0,0,0,0),(31,2812,1,1,1,NULL,NULL,NULL,0,'Dirac',1,1,45,NULL,1,0,0,0,0,0,0),(32,2812,1,1,1,NULL,NULL,NULL,0,'Dirac',1,1,45,NULL,1,0,0,0,0,0,0),(33,2812,1,1,1,NULL,NULL,NULL,0,'Dirac',1,1,45,NULL,1,0,0,0,0,0,0),(34,2812,1,1,1,NULL,NULL,NULL,0,'Dirac',0,1,45,NULL,1,0,0,0,0,0,0),(35,2812,1,1,1,NULL,NULL,NULL,0,'Dirac',0,1,45,NULL,1,0,0,0,0,0,0),(36,2812,1,1,1,NULL,NULL,NULL,0,'Dirac',1,1,45,NULL,1,0,0,0,0,0,0),(37,2812,1,1,1,NULL,NULL,NULL,0,'Dirac',1,1,45,NULL,1,0,0,0,0,0,0),(38,2812,1,1,1,NULL,NULL,NULL,0,'Dirac',1,1,45,NULL,1,0,0,0,0,0,0),(39,26875,1,1,1,NULL,NULL,NULL,0,'Demosis',1,2,210,NULL,1,0,0,0,0,0,0),(40,26875,1,1,1,NULL,NULL,NULL,0,'Demosis',0,2,210,NULL,1,0,0,0,0,0,0),(41,26875,1,1,1,NULL,NULL,NULL,0,'Demosis',0,2,210,NULL,1,0,0,0,0,0,0),(42,26875,1,1,1,NULL,NULL,NULL,0,'Demosis',0,2,210,NULL,1,0,0,0,0,0,0),(43,26875,1,1,1,NULL,NULL,NULL,0,'Demosis',0,2,210,NULL,1,0,0,0,0,0,0),(44,26875,1,1,1,NULL,NULL,NULL,0,'Demosis',1,2,210,NULL,1,0,0,0,0,0,0),(45,4475,1,1,1,NULL,NULL,NULL,0,'Thor',0,2,210,NULL,1,0,0,0,0,0,0),(46,4475,1,1,1,NULL,NULL,NULL,0,'Thor',1,2,210,NULL,1,0,0,0,0,0,0),(47,4475,1,1,1,NULL,NULL,NULL,0,'Thor',1,2,210,NULL,1,0,0,0,0,0,0),(48,4475,1,1,1,NULL,NULL,NULL,0,'Thor',1,2,210,NULL,1,0,0,0,0,0,0),(49,4475,1,1,1,NULL,NULL,NULL,0,'Thor',0,2,210,NULL,1,0,0,0,0,0,0),(50,4475,1,1,1,NULL,NULL,NULL,0,'Thor',0,2,210,NULL,1,0,0,0,0,0,0),(51,2812,1,1,1,NULL,NULL,NULL,0,'Dirac',1,2,210,NULL,1,0,0,0,0,0,0),(52,2812,1,1,1,NULL,NULL,NULL,0,'Dirac',0,2,210,NULL,1,0,0,0,0,0,0),(53,2812,1,1,1,NULL,NULL,NULL,0,'Dirac',0,2,210,NULL,1,0,0,0,0,0,0),(54,2812,1,1,1,NULL,NULL,NULL,0,'Dirac',0,2,210,NULL,1,0,0,0,0,0,0),(55,2812,1,1,1,NULL,NULL,NULL,0,'Dirac',1,2,210,NULL,1,0,0,0,0,0,0),(56,2812,1,1,1,NULL,NULL,NULL,0,'Dirac',1,2,210,NULL,1,0,0,0,0,0,0),(57,2812,1,1,1,NULL,NULL,NULL,0,'Dirac',1,2,210,NULL,1,0,0,0,0,0,0),(58,2812,1,1,1,NULL,NULL,NULL,0,'Dirac',0,2,210,NULL,1,0,0,0,0,0,0),(59,2812,1,1,1,NULL,NULL,NULL,0,'Dirac',0,2,210,NULL,1,0,0,0,0,0,0),(60,2812,1,1,1,NULL,NULL,NULL,0,'Dirac',1,2,210,NULL,1,0,0,0,0,0,0),(61,2812,1,1,1,NULL,NULL,NULL,0,'Dirac',0,2,210,NULL,1,0,0,0,0,0,0),(62,2812,1,1,1,NULL,NULL,NULL,0,'Dirac',1,2,210,NULL,1,0,0,0,0,0,0),(63,2812,1,1,1,NULL,NULL,NULL,0,'Dirac',0,2,210,NULL,1,0,0,0,0,0,0),(64,2812,1,1,1,NULL,NULL,NULL,0,'Dirac',1,2,210,NULL,1,0,0,0,0,0,0),(65,2812,1,1,1,NULL,NULL,NULL,0,'Dirac',0,2,210,NULL,1,0,0,0,0,0,0),(66,2812,1,1,1,NULL,NULL,NULL,0,'Dirac',1,2,210,NULL,1,0,0,0,0,0,0),(67,2812,1,1,1,NULL,NULL,NULL,0,'Dirac',1,2,210,NULL,1,0,0,0,0,0,0),(68,2812,1,1,1,NULL,NULL,NULL,0,'Dirac',0,2,210,NULL,1,0,0,0,0,0,0),(69,26875,1,1,1,NULL,NULL,NULL,0,'Demosis',1,0,270,NULL,1,0,0,0,0,0,0),(70,26875,1,1,1,NULL,NULL,NULL,0,'Demosis',1,0,270,NULL,1,0,0,0,0,0,0),(71,26875,1,1,1,NULL,NULL,NULL,0,'Demosis',1,0,270,NULL,1,0,0,0,0,0,0),(72,26875,1,1,1,NULL,NULL,NULL,0,'Demosis',0,0,270,NULL,1,0,0,0,0,0,0),(73,26875,1,1,1,NULL,NULL,NULL,0,'Demosis',0,0,270,NULL,1,0,0,0,0,0,0),(74,26875,1,1,1,NULL,NULL,NULL,0,'Demosis',1,0,270,NULL,1,0,0,0,0,0,0),(75,26875,1,1,1,NULL,NULL,NULL,0,'Demosis',1,0,270,NULL,1,0,0,0,0,0,0),(76,4475,1,1,1,NULL,NULL,NULL,0,'Thor',1,0,270,NULL,1,0,0,0,0,0,0),(77,4475,1,1,1,NULL,NULL,NULL,0,'Thor',1,0,270,NULL,1,0,0,0,0,0,0),(78,4475,1,1,1,NULL,NULL,NULL,0,'Thor',1,0,270,NULL,1,0,0,0,0,0,0),(79,4475,1,1,1,NULL,NULL,NULL,0,'Thor',1,0,270,NULL,1,0,0,0,0,0,0),(80,4475,1,1,1,NULL,NULL,NULL,0,'Thor',1,0,270,NULL,1,0,0,0,0,0,0),(81,4475,1,1,1,NULL,NULL,NULL,0,'Thor',1,0,270,NULL,1,0,0,0,0,0,0),(82,4475,1,1,1,NULL,NULL,NULL,0,'Thor',0,0,270,NULL,1,0,0,0,0,0,0),(83,2812,1,1,1,NULL,NULL,NULL,0,'Dirac',1,0,270,NULL,1,0,0,0,0,0,0),(84,2812,1,1,1,NULL,NULL,NULL,0,'Dirac',1,0,270,NULL,1,0,0,0,0,0,0),(85,2812,1,1,1,NULL,NULL,NULL,0,'Dirac',1,0,270,NULL,1,0,0,0,0,0,0),(86,2812,1,1,1,NULL,NULL,NULL,0,'Dirac',0,0,270,NULL,1,0,0,0,0,0,0),(87,2812,1,1,1,NULL,NULL,NULL,0,'Dirac',0,0,270,NULL,1,0,0,0,0,0,0),(88,2812,1,1,1,NULL,NULL,NULL,0,'Dirac',1,0,270,NULL,1,0,0,0,0,0,0),(89,2812,1,1,1,NULL,NULL,NULL,0,'Dirac',1,0,270,NULL,1,0,0,0,0,0,0),(90,2812,1,1,1,NULL,NULL,NULL,0,'Dirac',1,0,270,NULL,1,0,0,0,0,0,0),(91,2812,1,1,1,NULL,NULL,NULL,0,'Dirac',0,0,270,NULL,1,0,0,0,0,0,0),(92,2812,1,1,1,NULL,NULL,NULL,0,'Dirac',1,0,270,NULL,1,0,0,0,0,0,0),(93,2812,1,1,1,NULL,NULL,NULL,0,'Dirac',1,0,270,NULL,1,0,0,0,0,0,0),(94,2812,1,1,1,NULL,NULL,NULL,0,'Dirac',0,0,270,NULL,1,0,0,0,0,0,0),(95,2812,1,1,1,NULL,NULL,NULL,0,'Dirac',0,0,270,NULL,1,0,0,0,0,0,0),(96,2812,1,1,1,NULL,NULL,NULL,0,'Dirac',1,0,270,NULL,1,0,0,0,0,0,0),(97,2812,1,1,1,NULL,NULL,NULL,0,'Dirac',1,0,270,NULL,1,0,0,0,0,0,0),(98,2812,1,1,1,NULL,NULL,NULL,0,'Dirac',0,0,270,NULL,1,0,0,0,0,0,0),(99,2812,1,1,1,NULL,NULL,NULL,0,'Dirac',0,0,270,NULL,1,0,0,0,0,0,0),(100,2812,1,1,1,NULL,NULL,NULL,0,'Dirac',0,0,270,NULL,1,0,0,0,0,0,0),(101,2812,1,1,1,NULL,NULL,NULL,0,'Dirac',0,0,270,NULL,1,0,0,0,0,0,0),(102,2812,1,1,1,NULL,NULL,NULL,0,'Dirac',1,0,270,NULL,1,0,0,0,0,0,0),(103,2812,1,1,1,NULL,NULL,NULL,0,'Dirac',0,0,270,NULL,1,0,0,0,0,0,0),(104,2812,1,1,1,NULL,NULL,NULL,0,'Dirac',0,0,270,NULL,1,0,0,0,0,0,0),(105,26875,1,3,1,NULL,NULL,NULL,0,'Demosis',0,1,45,NULL,1,0,0,0,0,0,0),(106,26875,1,3,1,NULL,NULL,NULL,0,'Demosis',0,1,45,NULL,1,0,0,0,0,0,0),(107,26875,1,3,1,NULL,NULL,NULL,0,'Demosis',0,1,45,NULL,1,0,0,0,0,0,0),(108,26875,1,3,1,NULL,NULL,NULL,0,'Demosis',0,1,45,NULL,1,0,0,0,0,0,0),(109,4475,1,3,1,NULL,NULL,NULL,0,'Thor',1,1,45,NULL,1,0,0,0,0,0,0),(110,4475,1,3,1,NULL,NULL,NULL,0,'Thor',0,1,45,NULL,1,0,0,0,0,0,0),(111,4475,1,3,1,NULL,NULL,NULL,0,'Thor',1,1,45,NULL,1,0,0,0,0,0,0),(112,4475,1,3,1,NULL,NULL,NULL,0,'Thor',0,1,45,NULL,1,0,0,0,0,0,0),(113,4475,1,3,1,NULL,NULL,NULL,0,'Thor',0,1,45,NULL,1,0,0,0,0,0,0),(114,4475,1,3,1,NULL,NULL,NULL,0,'Thor',1,1,45,NULL,1,0,0,0,0,0,0),(115,4475,1,3,1,NULL,NULL,NULL,0,'Thor',0,1,45,NULL,1,0,0,0,0,0,0),(116,4475,1,3,1,NULL,NULL,NULL,0,'Thor',1,1,45,NULL,1,0,0,0,0,0,0),(117,2812,1,3,1,NULL,NULL,NULL,0,'Dirac',1,1,45,NULL,1,0,0,0,0,0,0),(118,2812,1,3,1,NULL,NULL,NULL,0,'Dirac',1,1,45,NULL,1,0,0,0,0,0,0),(119,2812,1,3,1,NULL,NULL,NULL,0,'Dirac',0,1,45,NULL,1,0,0,0,0,0,0),(120,2812,1,3,1,NULL,NULL,NULL,0,'Dirac',1,1,45,NULL,1,0,0,0,0,0,0),(121,2812,1,3,1,NULL,NULL,NULL,0,'Dirac',0,1,45,NULL,1,0,0,0,0,0,0),(122,2812,1,3,1,NULL,NULL,NULL,0,'Dirac',0,1,45,NULL,1,0,0,0,0,0,0),(123,2812,1,3,1,NULL,NULL,NULL,0,'Dirac',0,1,45,NULL,1,0,0,0,0,0,0),(124,2812,1,3,1,NULL,NULL,NULL,0,'Dirac',0,1,45,NULL,1,0,0,0,0,0,0),(125,2812,1,3,1,NULL,NULL,NULL,0,'Dirac',1,1,45,NULL,1,0,0,0,0,0,0),(126,2812,1,3,1,NULL,NULL,NULL,0,'Dirac',1,1,45,NULL,1,0,0,0,0,0,0),(127,2812,1,3,1,NULL,NULL,NULL,0,'Dirac',0,1,45,NULL,1,0,0,0,0,0,0),(128,2812,1,3,1,NULL,NULL,NULL,0,'Dirac',0,1,45,NULL,1,0,0,0,0,0,0),(129,2812,1,3,1,NULL,NULL,NULL,0,'Dirac',0,1,45,NULL,1,0,0,0,0,0,0),(130,26875,1,3,1,NULL,NULL,NULL,0,'Demosis',0,2,90,NULL,1,0,0,0,0,0,0),(131,26875,1,3,1,NULL,NULL,NULL,0,'Demosis',0,2,90,NULL,1,0,0,0,0,0,0),(132,26875,1,3,1,NULL,NULL,NULL,0,'Demosis',0,2,90,NULL,1,0,0,0,0,0,0),(133,4475,1,3,1,NULL,NULL,NULL,0,'Thor',0,2,90,NULL,1,0,0,0,0,0,0),(134,4475,1,3,1,NULL,NULL,NULL,0,'Thor',1,2,90,NULL,1,0,0,0,0,0,0),(135,4475,1,3,1,NULL,NULL,NULL,0,'Thor',0,2,90,NULL,1,0,0,0,0,0,0),(136,4475,1,3,1,NULL,NULL,NULL,0,'Thor',0,2,90,NULL,1,0,0,0,0,0,0),(137,4475,1,3,1,NULL,NULL,NULL,0,'Thor',1,2,90,NULL,1,0,0,0,0,0,0),(138,4475,1,3,1,NULL,NULL,NULL,0,'Thor',0,2,90,NULL,1,0,0,0,0,0,0),(139,4475,1,3,1,NULL,NULL,NULL,0,'Thor',0,2,90,NULL,1,0,0,0,0,0,0),(140,4475,1,3,1,NULL,NULL,NULL,0,'Thor',0,2,90,NULL,1,0,0,0,0,0,0),(141,4475,1,3,1,NULL,NULL,NULL,0,'Thor',0,2,90,NULL,1,0,0,0,0,0,0),(142,4475,1,3,1,NULL,NULL,NULL,0,'Thor',1,2,90,NULL,1,0,0,0,0,0,0),(143,2812,1,3,1,NULL,NULL,NULL,0,'Dirac',1,2,90,NULL,1,0,0,0,0,0,0),(144,2812,1,3,1,NULL,NULL,NULL,0,'Dirac',1,2,90,NULL,1,0,0,0,0,0,0),(145,2812,1,3,1,NULL,NULL,NULL,0,'Dirac',0,2,90,NULL,1,0,0,0,0,0,0),(146,2812,1,3,1,NULL,NULL,NULL,0,'Dirac',1,2,90,NULL,1,0,0,0,0,0,0),(147,2812,1,3,1,NULL,NULL,NULL,0,'Dirac',1,2,90,NULL,1,0,0,0,0,0,0),(148,2812,1,3,1,NULL,NULL,NULL,0,'Dirac',0,2,90,NULL,1,0,0,0,0,0,0),(149,2812,1,3,1,NULL,NULL,NULL,0,'Dirac',0,2,90,NULL,1,0,0,0,0,0,0),(150,2812,1,3,1,NULL,NULL,NULL,0,'Dirac',1,2,90,NULL,1,0,0,0,0,0,0),(151,90,1,13,4,NULL,NULL,NULL,0,'Glancer',1,NULL,NULL,NULL,1,0,0,0,0,0,0),(152,90,1,13,4,NULL,NULL,NULL,0,'Glancer',1,NULL,NULL,NULL,1,0,0,0,0,0,0),(153,90,1,13,4,NULL,NULL,NULL,0,'Glancer',1,NULL,NULL,NULL,1,0,0,0,0,0,0),(154,90,1,13,4,NULL,NULL,NULL,0,'Glancer',1,NULL,NULL,NULL,1,0,0,0,0,0,0),(155,90,1,13,4,NULL,NULL,NULL,0,'Glancer',1,NULL,NULL,NULL,1,0,0,0,0,0,0),(156,125,1,13,4,NULL,NULL,NULL,0,'Gnat',0,NULL,NULL,NULL,1,0,0,0,0,0,0),(157,125,1,13,4,NULL,NULL,NULL,0,'Gnat',0,NULL,NULL,NULL,1,0,0,0,0,0,0),(158,125,1,13,4,NULL,NULL,NULL,0,'Gnat',0,NULL,NULL,NULL,1,0,0,0,0,0,0),(159,125,1,13,4,NULL,NULL,NULL,0,'Gnat',0,NULL,NULL,NULL,1,0,0,0,0,0,0),(160,125,1,13,4,NULL,NULL,NULL,0,'Gnat',1,NULL,NULL,NULL,1,0,0,0,0,0,0),(161,125,1,13,4,NULL,NULL,NULL,0,'Gnat',1,NULL,NULL,NULL,1,0,0,0,0,0,0),(162,125,1,13,4,NULL,NULL,NULL,0,'Gnat',1,NULL,NULL,NULL,1,0,0,0,0,0,0),(163,90,1,14,4,NULL,NULL,NULL,0,'Glancer',1,NULL,NULL,NULL,1,0,0,0,0,0,0),(164,90,1,14,4,NULL,NULL,NULL,0,'Glancer',1,NULL,NULL,NULL,1,0,0,0,0,0,0),(165,90,1,14,4,NULL,NULL,NULL,0,'Glancer',1,NULL,NULL,NULL,1,0,0,0,0,0,0),(166,125,1,14,4,NULL,NULL,NULL,0,'Gnat',0,NULL,NULL,NULL,1,0,0,0,0,0,0),(167,125,1,14,4,NULL,NULL,NULL,0,'Gnat',0,NULL,NULL,NULL,1,0,0,0,0,0,0),(168,125,1,14,4,NULL,NULL,NULL,0,'Gnat',0,NULL,NULL,NULL,1,0,0,0,0,0,0),(169,125,1,14,4,NULL,NULL,NULL,0,'Gnat',0,NULL,NULL,NULL,1,0,0,0,0,0,0),(170,125,1,14,4,NULL,NULL,NULL,0,'Gnat',1,NULL,NULL,NULL,1,0,0,0,0,0,0),(171,125,1,14,4,NULL,NULL,NULL,0,'Gnat',1,NULL,NULL,NULL,1,0,0,0,0,0,0),(172,125,1,14,4,NULL,NULL,NULL,0,'Gnat',1,NULL,NULL,NULL,1,0,0,0,0,0,0),(173,90,1,15,4,NULL,NULL,NULL,0,'Glancer',1,NULL,NULL,NULL,1,0,0,0,0,0,0),(174,90,1,15,4,NULL,NULL,NULL,0,'Glancer',1,NULL,NULL,NULL,1,0,0,0,0,0,0),(175,90,1,15,4,NULL,NULL,NULL,0,'Glancer',1,NULL,NULL,NULL,1,0,0,0,0,0,0),(176,125,1,15,4,NULL,NULL,NULL,0,'Gnat',0,NULL,NULL,NULL,1,0,0,0,0,0,0),(177,125,1,15,4,NULL,NULL,NULL,0,'Gnat',0,NULL,NULL,NULL,1,0,0,0,0,0,0),(178,125,1,15,4,NULL,NULL,NULL,0,'Gnat',0,NULL,NULL,NULL,1,0,0,0,0,0,0),(179,125,1,15,4,NULL,NULL,NULL,0,'Gnat',0,NULL,NULL,NULL,1,0,0,0,0,0,0),(180,125,1,15,4,NULL,NULL,NULL,0,'Gnat',1,NULL,NULL,NULL,1,0,0,0,0,0,0),(181,125,1,15,4,NULL,NULL,NULL,0,'Gnat',1,NULL,NULL,NULL,1,0,0,0,0,0,0),(182,125,1,15,4,NULL,NULL,NULL,0,'Gnat',0,NULL,NULL,NULL,1,0,0,0,0,0,0),(183,125,1,15,4,NULL,NULL,NULL,0,'Gnat',1,NULL,NULL,NULL,1,0,0,0,0,0,0),(184,125,1,15,4,NULL,NULL,NULL,0,'Gnat',1,NULL,NULL,NULL,1,0,0,0,0,0,0),(185,900,1,16,4,NULL,NULL,NULL,0,'Gnawer',0,NULL,NULL,NULL,1,0,0,0,0,0,0),(186,500,1,16,4,NULL,NULL,NULL,0,'Spudder',0,NULL,NULL,NULL,1,0,0,0,0,0,0),(187,500,1,16,4,NULL,NULL,NULL,0,'Spudder',1,NULL,NULL,NULL,1,0,0,0,0,0,0),(188,900,1,16,4,NULL,NULL,NULL,0,'Gnawer',0,NULL,NULL,NULL,1,0,0,0,0,0,0),(189,500,1,16,4,NULL,NULL,NULL,0,'Spudder',0,NULL,NULL,NULL,1,0,0,0,0,0,0),(190,500,1,16,4,NULL,NULL,NULL,0,'Spudder',0,NULL,NULL,NULL,1,0,0,0,0,0,0),(191,90,1,16,4,NULL,NULL,NULL,0,'Glancer',1,NULL,NULL,NULL,1,0,0,0,0,0,0),(192,90,1,16,4,NULL,NULL,NULL,0,'Glancer',1,NULL,NULL,NULL,1,0,0,0,0,0,0),(193,125,1,16,4,NULL,NULL,NULL,0,'Gnat',0,NULL,NULL,NULL,1,0,0,0,0,0,0),(194,125,1,16,4,NULL,NULL,NULL,0,'Gnat',0,NULL,NULL,NULL,1,0,0,0,0,0,0),(195,90,1,16,4,NULL,NULL,NULL,0,'Glancer',1,NULL,NULL,NULL,1,0,0,0,0,0,0),(196,90,1,16,4,NULL,NULL,NULL,0,'Glancer',1,NULL,NULL,NULL,1,0,0,0,0,0,0),(197,90,1,16,4,NULL,NULL,NULL,0,'Glancer',1,NULL,NULL,NULL,1,0,0,0,0,0,0),(198,90,1,16,4,NULL,NULL,NULL,0,'Glancer',1,NULL,NULL,NULL,1,0,0,0,0,0,0),(199,90,1,16,4,NULL,NULL,NULL,0,'Glancer',1,NULL,NULL,NULL,1,0,0,0,0,0,0),(200,125,1,16,4,NULL,NULL,NULL,0,'Gnat',0,NULL,NULL,NULL,1,0,0,0,0,0,0),(201,125,1,16,4,NULL,NULL,NULL,0,'Gnat',0,NULL,NULL,NULL,1,0,0,0,0,0,0),(202,125,1,16,4,NULL,NULL,NULL,0,'Gnat',0,NULL,NULL,NULL,1,0,0,0,0,0,0),(203,125,1,16,4,NULL,NULL,NULL,0,'Gnat',0,NULL,NULL,NULL,1,0,0,0,0,0,0),(204,125,1,16,4,NULL,NULL,NULL,0,'Gnat',1,NULL,NULL,NULL,1,0,0,0,0,0,0),(205,125,1,16,4,NULL,NULL,NULL,0,'Gnat',1,NULL,NULL,NULL,1,0,0,0,0,0,0),(206,125,1,16,4,NULL,NULL,NULL,0,'Gnat',0,NULL,NULL,NULL,1,0,0,0,0,0,0),(207,125,1,16,4,NULL,NULL,NULL,0,'Gnat',0,NULL,NULL,NULL,1,0,0,0,0,0,0),(208,900,1,17,4,NULL,NULL,NULL,0,'Gnawer',0,NULL,NULL,NULL,1,0,0,0,0,0,0),(209,900,1,17,4,NULL,NULL,NULL,0,'Gnawer',0,NULL,NULL,NULL,1,0,0,0,0,0,0),(210,900,1,17,4,NULL,NULL,NULL,0,'Gnawer',0,NULL,NULL,NULL,1,0,0,0,0,0,0),(211,500,1,17,4,NULL,NULL,NULL,0,'Spudder',0,NULL,NULL,NULL,1,0,0,0,0,0,0),(212,500,1,17,4,NULL,NULL,NULL,0,'Spudder',1,NULL,NULL,NULL,1,0,0,0,0,0,0),(213,500,1,17,4,NULL,NULL,NULL,0,'Spudder',0,NULL,NULL,NULL,1,0,0,0,0,0,0),(214,500,1,17,4,NULL,NULL,NULL,0,'Spudder',0,NULL,NULL,NULL,1,0,0,0,0,0,0),(215,90,1,17,4,NULL,NULL,NULL,0,'Glancer',1,NULL,NULL,NULL,1,0,0,0,0,0,0),(216,125,1,17,4,NULL,NULL,NULL,0,'Gnat',0,NULL,NULL,NULL,1,0,0,0,0,0,0),(217,125,1,17,4,NULL,NULL,NULL,0,'Gnat',0,NULL,NULL,NULL,1,0,0,0,0,0,0),(218,125,1,17,4,NULL,NULL,NULL,0,'Gnat',0,NULL,NULL,NULL,1,0,0,0,0,0,0),(219,125,1,17,4,NULL,NULL,NULL,0,'Gnat',0,NULL,NULL,NULL,1,0,0,0,0,0,0),(220,90,1,17,4,NULL,NULL,NULL,0,'Glancer',1,NULL,NULL,NULL,1,0,0,0,0,0,0),(221,90,1,17,4,NULL,NULL,NULL,0,'Glancer',1,NULL,NULL,NULL,1,0,0,0,0,0,0),(222,90,1,17,4,NULL,NULL,NULL,0,'Glancer',1,NULL,NULL,NULL,1,0,0,0,0,0,0),(223,90,1,17,4,NULL,NULL,NULL,0,'Glancer',1,NULL,NULL,NULL,1,0,0,0,0,0,0),(224,90,1,17,4,NULL,NULL,NULL,0,'Glancer',1,NULL,NULL,NULL,1,0,0,0,0,0,0),(225,125,1,17,4,NULL,NULL,NULL,0,'Gnat',0,NULL,NULL,NULL,1,0,0,0,0,0,0),(226,125,1,17,4,NULL,NULL,NULL,0,'Gnat',0,NULL,NULL,NULL,1,0,0,0,0,0,0),(227,125,1,17,4,NULL,NULL,NULL,0,'Gnat',0,NULL,NULL,NULL,1,0,0,0,0,0,0),(228,125,1,17,4,NULL,NULL,NULL,0,'Gnat',0,NULL,NULL,NULL,1,0,0,0,0,0,0),(229,125,1,17,4,NULL,NULL,NULL,0,'Gnat',1,NULL,NULL,NULL,1,0,0,0,0,0,0),(230,125,1,17,4,NULL,NULL,NULL,0,'Gnat',1,NULL,NULL,NULL,1,0,0,0,0,0,0),(231,125,1,17,4,NULL,NULL,NULL,0,'Gnat',0,NULL,NULL,NULL,1,0,0,0,0,0,0),(232,125,1,17,4,NULL,NULL,NULL,0,'Gnat',1,NULL,NULL,NULL,1,0,0,0,0,0,0),(233,125,1,17,4,NULL,NULL,NULL,0,'Gnat',0,NULL,NULL,NULL,1,0,0,0,0,0,0),(234,500,1,18,4,NULL,NULL,NULL,0,'Spudder',0,NULL,NULL,NULL,1,0,0,0,0,0,0),(235,90,1,18,4,NULL,NULL,NULL,0,'Glancer',1,NULL,NULL,NULL,1,0,0,0,0,0,0),(236,90,1,18,4,NULL,NULL,NULL,0,'Glancer',1,NULL,NULL,NULL,1,0,0,0,0,0,0),(237,125,1,18,4,NULL,NULL,NULL,0,'Gnat',0,NULL,NULL,NULL,1,0,0,0,0,0,0),(238,125,1,18,4,NULL,NULL,NULL,0,'Gnat',1,NULL,NULL,NULL,1,0,0,0,0,0,0),(239,125,1,18,4,NULL,NULL,NULL,0,'Gnat',1,NULL,NULL,NULL,1,0,0,0,0,0,0),(240,125,1,18,4,NULL,NULL,NULL,0,'Gnat',0,NULL,NULL,NULL,1,0,0,0,0,0,0),(241,90,1,18,4,NULL,NULL,NULL,0,'Glancer',1,NULL,NULL,NULL,1,0,0,0,0,0,0),(242,90,1,18,4,NULL,NULL,NULL,0,'Glancer',1,NULL,NULL,NULL,1,0,0,0,0,0,0),(243,90,1,18,4,NULL,NULL,NULL,0,'Glancer',1,NULL,NULL,NULL,1,0,0,0,0,0,0),(244,90,1,18,4,NULL,NULL,NULL,0,'Glancer',1,NULL,NULL,NULL,1,0,0,0,0,0,0),(245,90,1,18,4,NULL,NULL,NULL,0,'Glancer',1,NULL,NULL,NULL,1,0,0,0,0,0,0),(246,90,1,18,4,NULL,NULL,NULL,0,'Glancer',1,NULL,NULL,NULL,1,0,0,0,0,0,0),(247,125,1,18,4,NULL,NULL,NULL,0,'Gnat',0,NULL,NULL,NULL,1,0,0,0,0,0,0),(248,125,1,18,4,NULL,NULL,NULL,0,'Gnat',0,NULL,NULL,NULL,1,0,0,0,0,0,0),(249,125,1,18,4,NULL,NULL,NULL,0,'Gnat',0,NULL,NULL,NULL,1,0,0,0,0,0,0),(250,125,1,18,4,NULL,NULL,NULL,0,'Gnat',0,NULL,NULL,NULL,1,0,0,0,0,0,0),(251,125,1,18,4,NULL,NULL,NULL,0,'Gnat',1,NULL,NULL,NULL,1,0,0,0,0,0,0),(252,125,1,18,4,NULL,NULL,NULL,0,'Gnat',1,NULL,NULL,NULL,1,0,0,0,0,0,0),(253,125,1,18,4,NULL,NULL,NULL,0,'Gnat',0,NULL,NULL,NULL,1,0,0,0,0,0,0),(254,500,1,19,4,NULL,NULL,NULL,0,'Spudder',0,NULL,NULL,NULL,1,0,0,0,0,0,0),(255,500,1,19,4,NULL,NULL,NULL,0,'Spudder',0,NULL,NULL,NULL,1,0,0,0,0,0,0),(256,90,1,19,4,NULL,NULL,NULL,0,'Glancer',1,NULL,NULL,NULL,1,0,0,0,0,0,0),(257,90,1,19,4,NULL,NULL,NULL,0,'Glancer',1,NULL,NULL,NULL,1,0,0,0,0,0,0),(258,125,1,19,4,NULL,NULL,NULL,0,'Gnat',1,NULL,NULL,NULL,1,0,0,0,0,0,0),(259,125,1,19,4,NULL,NULL,NULL,0,'Gnat',0,NULL,NULL,NULL,1,0,0,0,0,0,0),(260,90,1,19,4,NULL,NULL,NULL,0,'Glancer',1,NULL,NULL,NULL,1,0,0,0,0,0,0),(261,90,1,19,4,NULL,NULL,NULL,0,'Glancer',1,NULL,NULL,NULL,1,0,0,0,0,0,0),(262,90,1,19,4,NULL,NULL,NULL,0,'Glancer',1,NULL,NULL,NULL,1,0,0,0,0,0,0),(263,90,1,19,4,NULL,NULL,NULL,0,'Glancer',1,NULL,NULL,NULL,1,0,0,0,0,0,0),(264,90,1,19,4,NULL,NULL,NULL,0,'Glancer',1,NULL,NULL,NULL,1,0,0,0,0,0,0),(265,90,1,19,4,NULL,NULL,NULL,0,'Glancer',1,NULL,NULL,NULL,1,0,0,0,0,0,0),(266,125,1,19,4,NULL,NULL,NULL,0,'Gnat',0,NULL,NULL,NULL,1,0,0,0,0,0,0),(267,125,1,19,4,NULL,NULL,NULL,0,'Gnat',0,NULL,NULL,NULL,1,0,0,0,0,0,0),(268,125,1,19,4,NULL,NULL,NULL,0,'Gnat',0,NULL,NULL,NULL,1,0,0,0,0,0,0),(269,125,1,19,4,NULL,NULL,NULL,0,'Gnat',0,NULL,NULL,NULL,1,0,0,0,0,0,0),(270,125,1,19,4,NULL,NULL,NULL,0,'Gnat',1,NULL,NULL,NULL,1,0,0,0,0,0,0),(271,125,1,19,4,NULL,NULL,NULL,0,'Gnat',1,NULL,NULL,NULL,1,0,0,0,0,0,0),(272,125,1,19,4,NULL,NULL,NULL,0,'Gnat',0,NULL,NULL,NULL,1,0,0,0,0,0,0),(273,125,1,19,4,NULL,NULL,NULL,0,'Gnat',1,NULL,NULL,NULL,1,0,0,0,0,0,0),(274,900,1,20,4,NULL,NULL,NULL,0,'Gnawer',0,NULL,NULL,NULL,1,0,0,0,0,0,0),(275,900,1,20,4,NULL,NULL,NULL,0,'Gnawer',0,NULL,NULL,NULL,1,0,0,0,0,0,0),(276,900,1,20,4,NULL,NULL,NULL,0,'Gnawer',0,NULL,NULL,NULL,1,0,0,0,0,0,0),(277,900,1,20,4,NULL,NULL,NULL,0,'Gnawer',0,NULL,NULL,NULL,1,0,0,0,0,0,0),(278,500,1,20,4,NULL,NULL,NULL,0,'Spudder',0,NULL,NULL,NULL,1,0,0,0,0,0,0),(279,500,1,20,4,NULL,NULL,NULL,0,'Spudder',0,NULL,NULL,NULL,1,0,0,0,0,0,0),(280,500,1,20,4,NULL,NULL,NULL,0,'Spudder',1,NULL,NULL,NULL,1,0,0,0,0,0,0),(281,500,1,20,4,NULL,NULL,NULL,0,'Spudder',0,NULL,NULL,NULL,1,0,0,0,0,0,0),(282,500,1,20,4,NULL,NULL,NULL,0,'Spudder',1,NULL,NULL,NULL,1,0,0,0,0,0,0),(283,500,1,20,4,NULL,NULL,NULL,0,'Spudder',0,NULL,NULL,NULL,1,0,0,0,0,0,0),(284,90,1,20,4,NULL,NULL,NULL,0,'Glancer',1,NULL,NULL,NULL,1,0,0,0,0,0,0),(285,125,1,20,4,NULL,NULL,NULL,0,'Gnat',0,NULL,NULL,NULL,1,0,0,0,0,0,0),(286,90,1,20,4,NULL,NULL,NULL,0,'Glancer',1,NULL,NULL,NULL,1,0,0,0,0,0,0),(287,90,1,20,4,NULL,NULL,NULL,0,'Glancer',1,NULL,NULL,NULL,1,0,0,0,0,0,0),(288,90,1,20,4,NULL,NULL,NULL,0,'Glancer',1,NULL,NULL,NULL,1,0,0,0,0,0,0),(289,90,1,20,4,NULL,NULL,NULL,0,'Glancer',1,NULL,NULL,NULL,1,0,0,0,0,0,0),(290,90,1,20,4,NULL,NULL,NULL,0,'Glancer',1,NULL,NULL,NULL,1,0,0,0,0,0,0),(291,125,1,20,4,NULL,NULL,NULL,0,'Gnat',0,NULL,NULL,NULL,1,0,0,0,0,0,0),(292,125,1,20,4,NULL,NULL,NULL,0,'Gnat',0,NULL,NULL,NULL,1,0,0,0,0,0,0),(293,125,1,20,4,NULL,NULL,NULL,0,'Gnat',0,NULL,NULL,NULL,1,0,0,0,0,0,0),(294,125,1,20,4,NULL,NULL,NULL,0,'Gnat',0,NULL,NULL,NULL,1,0,0,0,0,0,0),(295,125,1,20,4,NULL,NULL,NULL,0,'Gnat',1,NULL,NULL,NULL,1,0,0,0,0,0,0),(296,125,1,20,4,NULL,NULL,NULL,0,'Gnat',1,NULL,NULL,NULL,1,0,0,0,0,0,0),(297,125,1,20,4,NULL,NULL,NULL,0,'Gnat',0,NULL,NULL,NULL,1,0,0,0,0,0,0),(298,125,1,20,4,NULL,NULL,NULL,0,'Gnat',1,NULL,NULL,NULL,1,0,0,0,0,0,0),(299,900,1,21,4,NULL,NULL,NULL,0,'Gnawer',0,NULL,NULL,NULL,1,0,0,0,0,0,0),(300,900,1,21,4,NULL,NULL,NULL,0,'Gnawer',0,NULL,NULL,NULL,1,0,0,0,0,0,0),(301,900,1,21,4,NULL,NULL,NULL,0,'Gnawer',0,NULL,NULL,NULL,1,0,0,0,0,0,0),(302,900,1,21,4,NULL,NULL,NULL,0,'Gnawer',0,NULL,NULL,NULL,1,0,0,0,0,0,0),(303,900,1,21,4,NULL,NULL,NULL,0,'Gnawer',0,NULL,NULL,NULL,1,0,0,0,0,0,0),(304,500,1,21,4,NULL,NULL,NULL,0,'Spudder',0,NULL,NULL,NULL,1,0,0,0,0,0,0),(305,500,1,21,4,NULL,NULL,NULL,0,'Spudder',0,NULL,NULL,NULL,1,0,0,0,0,0,0),(306,500,1,21,4,NULL,NULL,NULL,0,'Spudder',1,NULL,NULL,NULL,1,0,0,0,0,0,0),(307,500,1,21,4,NULL,NULL,NULL,0,'Spudder',0,NULL,NULL,NULL,1,0,0,0,0,0,0),(308,500,1,21,4,NULL,NULL,NULL,0,'Spudder',0,NULL,NULL,NULL,1,0,0,0,0,0,0),(309,90,1,21,4,NULL,NULL,NULL,0,'Glancer',1,NULL,NULL,NULL,1,0,0,0,0,0,0),(310,90,1,21,4,NULL,NULL,NULL,0,'Glancer',1,NULL,NULL,NULL,1,0,0,0,0,0,0),(311,125,1,21,4,NULL,NULL,NULL,0,'Gnat',0,NULL,NULL,NULL,1,0,0,0,0,0,0),(312,90,1,21,4,NULL,NULL,NULL,0,'Glancer',1,NULL,NULL,NULL,1,0,0,0,0,0,0),(313,90,1,21,4,NULL,NULL,NULL,0,'Glancer',1,NULL,NULL,NULL,1,0,0,0,0,0,0),(314,90,1,21,4,NULL,NULL,NULL,0,'Glancer',1,NULL,NULL,NULL,1,0,0,0,0,0,0),(315,90,1,21,4,NULL,NULL,NULL,0,'Glancer',1,NULL,NULL,NULL,1,0,0,0,0,0,0),(316,90,1,21,4,NULL,NULL,NULL,0,'Glancer',1,NULL,NULL,NULL,1,0,0,0,0,0,0),(317,90,1,21,4,NULL,NULL,NULL,0,'Glancer',1,NULL,NULL,NULL,1,0,0,0,0,0,0),(318,125,1,21,4,NULL,NULL,NULL,0,'Gnat',0,NULL,NULL,NULL,1,0,0,0,0,0,0),(319,125,1,21,4,NULL,NULL,NULL,0,'Gnat',0,NULL,NULL,NULL,1,0,0,0,0,0,0),(320,125,1,21,4,NULL,NULL,NULL,0,'Gnat',0,NULL,NULL,NULL,1,0,0,0,0,0,0),(321,125,1,21,4,NULL,NULL,NULL,0,'Gnat',0,NULL,NULL,NULL,1,0,0,0,0,0,0),(322,125,1,21,4,NULL,NULL,NULL,0,'Gnat',1,NULL,NULL,NULL,1,0,0,0,0,0,0),(323,125,1,21,4,NULL,NULL,NULL,0,'Gnat',1,NULL,NULL,NULL,1,0,0,0,0,0,0),(324,125,1,21,4,NULL,NULL,NULL,0,'Gnat',0,NULL,NULL,NULL,1,0,0,0,0,0,0),(325,125,1,21,4,NULL,NULL,NULL,0,'Gnat',1,NULL,NULL,NULL,1,0,0,0,0,0,0),(326,125,1,21,4,NULL,NULL,NULL,0,'Gnat',0,NULL,NULL,NULL,1,0,0,0,0,0,0),(327,900,1,22,4,NULL,NULL,NULL,0,'Gnawer',0,NULL,NULL,NULL,1,0,0,0,0,0,0),(328,900,1,22,4,NULL,NULL,NULL,0,'Gnawer',0,NULL,NULL,NULL,1,0,0,0,0,0,0),(329,900,1,22,4,NULL,NULL,NULL,0,'Gnawer',0,NULL,NULL,NULL,1,0,0,0,0,0,0),(330,900,1,22,4,NULL,NULL,NULL,0,'Gnawer',0,NULL,NULL,NULL,1,0,0,0,0,0,0),(331,900,1,22,4,NULL,NULL,NULL,0,'Gnawer',0,NULL,NULL,NULL,1,0,0,0,0,0,0),(332,500,1,22,4,NULL,NULL,NULL,0,'Spudder',0,NULL,NULL,NULL,1,0,0,0,0,0,0),(333,900,1,22,4,NULL,NULL,NULL,0,'Gnawer',0,NULL,NULL,NULL,1,0,0,0,0,0,0),(334,500,1,22,4,NULL,NULL,NULL,0,'Spudder',0,NULL,NULL,NULL,1,0,0,0,0,0,0),(335,500,1,22,4,NULL,NULL,NULL,0,'Spudder',0,NULL,NULL,NULL,1,0,0,0,0,0,0),(336,90,1,22,4,NULL,NULL,NULL,0,'Glancer',1,NULL,NULL,NULL,1,0,0,0,0,0,0),(337,90,1,22,4,NULL,NULL,NULL,0,'Glancer',1,NULL,NULL,NULL,1,0,0,0,0,0,0),(338,125,1,22,4,NULL,NULL,NULL,0,'Gnat',0,NULL,NULL,NULL,1,0,0,0,0,0,0),(339,90,1,22,4,NULL,NULL,NULL,0,'Glancer',1,NULL,NULL,NULL,1,0,0,0,0,0,0),(340,90,1,22,4,NULL,NULL,NULL,0,'Glancer',1,NULL,NULL,NULL,1,0,0,0,0,0,0),(341,90,1,22,4,NULL,NULL,NULL,0,'Glancer',1,NULL,NULL,NULL,1,0,0,0,0,0,0),(342,90,1,22,4,NULL,NULL,NULL,0,'Glancer',1,NULL,NULL,NULL,1,0,0,0,0,0,0),(343,90,1,22,4,NULL,NULL,NULL,0,'Glancer',1,NULL,NULL,NULL,1,0,0,0,0,0,0),(344,90,1,22,4,NULL,NULL,NULL,0,'Glancer',1,NULL,NULL,NULL,1,0,0,0,0,0,0),(345,125,1,22,4,NULL,NULL,NULL,0,'Gnat',0,NULL,NULL,NULL,1,0,0,0,0,0,0),(346,125,1,22,4,NULL,NULL,NULL,0,'Gnat',0,NULL,NULL,NULL,1,0,0,0,0,0,0),(347,125,1,22,4,NULL,NULL,NULL,0,'Gnat',0,NULL,NULL,NULL,1,0,0,0,0,0,0),(348,125,1,22,4,NULL,NULL,NULL,0,'Gnat',0,NULL,NULL,NULL,1,0,0,0,0,0,0),(349,125,1,22,4,NULL,NULL,NULL,0,'Gnat',1,NULL,NULL,NULL,1,0,0,0,0,0,0),(350,125,1,22,4,NULL,NULL,NULL,0,'Gnat',1,NULL,NULL,NULL,1,0,0,0,0,0,0),(351,125,1,22,4,NULL,NULL,NULL,0,'Gnat',1,NULL,NULL,NULL,1,0,0,0,0,0,0),(352,125,1,22,4,NULL,NULL,NULL,0,'Gnat',0,NULL,NULL,NULL,1,0,0,0,0,0,0),(353,900,1,23,4,NULL,NULL,NULL,0,'Gnawer',0,NULL,NULL,NULL,1,0,0,0,0,0,0),(354,900,1,23,4,NULL,NULL,NULL,0,'Gnawer',0,NULL,NULL,NULL,1,0,0,0,0,0,0),(355,900,1,23,4,NULL,NULL,NULL,0,'Gnawer',0,NULL,NULL,NULL,1,0,0,0,0,0,0),(356,500,1,23,4,NULL,NULL,NULL,0,'Spudder',0,NULL,NULL,NULL,1,0,0,0,0,0,0),(357,900,1,23,4,NULL,NULL,NULL,0,'Gnawer',0,NULL,NULL,NULL,1,0,0,0,0,0,0),(358,500,1,23,4,NULL,NULL,NULL,0,'Spudder',0,NULL,NULL,NULL,1,0,0,0,0,0,0),(359,500,1,23,4,NULL,NULL,NULL,0,'Spudder',0,NULL,NULL,NULL,1,0,0,0,0,0,0),(360,90,1,23,4,NULL,NULL,NULL,0,'Glancer',1,NULL,NULL,NULL,1,0,0,0,0,0,0),(361,90,1,23,4,NULL,NULL,NULL,0,'Glancer',1,NULL,NULL,NULL,1,0,0,0,0,0,0),(362,125,1,23,4,NULL,NULL,NULL,0,'Gnat',0,NULL,NULL,NULL,1,0,0,0,0,0,0),(363,90,1,23,4,NULL,NULL,NULL,0,'Glancer',1,NULL,NULL,NULL,1,0,0,0,0,0,0),(364,90,1,23,4,NULL,NULL,NULL,0,'Glancer',1,NULL,NULL,NULL,1,0,0,0,0,0,0),(365,90,1,23,4,NULL,NULL,NULL,0,'Glancer',1,NULL,NULL,NULL,1,0,0,0,0,0,0),(366,90,1,23,4,NULL,NULL,NULL,0,'Glancer',1,NULL,NULL,NULL,1,0,0,0,0,0,0),(367,90,1,23,4,NULL,NULL,NULL,0,'Glancer',1,NULL,NULL,NULL,1,0,0,0,0,0,0),(368,125,1,23,4,NULL,NULL,NULL,0,'Gnat',0,NULL,NULL,NULL,1,0,0,0,0,0,0),(369,125,1,23,4,NULL,NULL,NULL,0,'Gnat',0,NULL,NULL,NULL,1,0,0,0,0,0,0),(370,125,1,23,4,NULL,NULL,NULL,0,'Gnat',0,NULL,NULL,NULL,1,0,0,0,0,0,0),(371,125,1,23,4,NULL,NULL,NULL,0,'Gnat',0,NULL,NULL,NULL,1,0,0,0,0,0,0),(372,125,1,23,4,NULL,NULL,NULL,0,'Gnat',1,NULL,NULL,NULL,1,0,0,0,0,0,0),(373,125,1,23,4,NULL,NULL,NULL,0,'Gnat',1,NULL,NULL,NULL,1,0,0,0,0,0,0),(374,900,1,24,4,NULL,NULL,NULL,0,'Gnawer',0,NULL,NULL,NULL,1,0,0,0,0,0,0),(375,900,1,24,4,NULL,NULL,NULL,0,'Gnawer',0,NULL,NULL,NULL,1,0,0,0,0,0,0),(376,500,1,24,4,NULL,NULL,NULL,0,'Spudder',0,NULL,NULL,NULL,1,0,0,0,0,0,0),(377,500,1,24,4,NULL,NULL,NULL,0,'Spudder',0,NULL,NULL,NULL,1,0,0,0,0,0,0),(378,500,1,24,4,NULL,NULL,NULL,0,'Spudder',0,NULL,NULL,NULL,1,0,0,0,0,0,0),(379,500,1,24,4,NULL,NULL,NULL,0,'Spudder',1,NULL,NULL,NULL,1,0,0,0,0,0,0),(380,500,1,24,4,NULL,NULL,NULL,0,'Spudder',0,NULL,NULL,NULL,1,0,0,0,0,0,0),(381,500,1,24,4,NULL,NULL,NULL,0,'Spudder',0,NULL,NULL,NULL,1,0,0,0,0,0,0),(382,90,1,24,4,NULL,NULL,NULL,0,'Glancer',1,NULL,NULL,NULL,1,0,0,0,0,0,0),(383,125,1,24,4,NULL,NULL,NULL,0,'Gnat',0,NULL,NULL,NULL,1,0,0,0,0,0,0),(384,125,1,24,4,NULL,NULL,NULL,0,'Gnat',1,NULL,NULL,NULL,1,0,0,0,0,0,0),(385,125,1,24,4,NULL,NULL,NULL,0,'Gnat',1,NULL,NULL,NULL,1,0,0,0,0,0,0),(386,125,1,24,4,NULL,NULL,NULL,0,'Gnat',0,NULL,NULL,NULL,1,0,0,0,0,0,0),(387,125,1,24,4,NULL,NULL,NULL,0,'Gnat',0,NULL,NULL,NULL,1,0,0,0,0,0,0),(388,90,1,24,4,NULL,NULL,NULL,0,'Glancer',1,NULL,NULL,NULL,1,0,0,0,0,0,0),(389,90,1,24,4,NULL,NULL,NULL,0,'Glancer',1,NULL,NULL,NULL,1,0,0,0,0,0,0),(390,90,1,24,4,NULL,NULL,NULL,0,'Glancer',1,NULL,NULL,NULL,1,0,0,0,0,0,0),(391,90,1,24,4,NULL,NULL,NULL,0,'Glancer',1,NULL,NULL,NULL,1,0,0,0,0,0,0),(392,90,1,24,4,NULL,NULL,NULL,0,'Glancer',1,NULL,NULL,NULL,1,0,0,0,0,0,0),(393,90,1,24,4,NULL,NULL,NULL,0,'Glancer',1,NULL,NULL,NULL,1,0,0,0,0,0,0),(394,125,1,24,4,NULL,NULL,NULL,0,'Gnat',0,NULL,NULL,NULL,1,0,0,0,0,0,0),(395,125,1,24,4,NULL,NULL,NULL,0,'Gnat',0,NULL,NULL,NULL,1,0,0,0,0,0,0),(396,125,1,24,4,NULL,NULL,NULL,0,'Gnat',0,NULL,NULL,NULL,1,0,0,0,0,0,0),(397,125,1,24,4,NULL,NULL,NULL,0,'Gnat',0,NULL,NULL,NULL,1,0,0,0,0,0,0),(398,125,1,24,4,NULL,NULL,NULL,0,'Gnat',1,NULL,NULL,NULL,1,0,0,0,0,0,0),(399,125,1,24,4,NULL,NULL,NULL,0,'Gnat',1,NULL,NULL,NULL,1,0,0,0,0,0,0),(400,125,1,24,4,NULL,NULL,NULL,0,'Gnat',0,NULL,NULL,NULL,1,0,0,0,0,0,0),(401,125,1,24,4,NULL,NULL,NULL,0,'Gnat',1,NULL,NULL,NULL,1,0,0,0,0,0,0),(402,900,1,25,4,NULL,NULL,NULL,0,'Gnawer',0,NULL,NULL,NULL,1,0,0,0,0,0,0),(403,900,1,25,4,NULL,NULL,NULL,0,'Gnawer',0,NULL,NULL,NULL,1,0,0,0,0,0,0),(404,500,1,25,4,NULL,NULL,NULL,0,'Spudder',0,NULL,NULL,NULL,1,0,0,0,0,0,0),(405,500,1,25,4,NULL,NULL,NULL,0,'Spudder',0,NULL,NULL,NULL,1,0,0,0,0,0,0),(406,900,1,25,4,NULL,NULL,NULL,0,'Gnawer',0,NULL,NULL,NULL,1,0,0,0,0,0,0),(407,500,1,25,4,NULL,NULL,NULL,0,'Spudder',0,NULL,NULL,NULL,1,0,0,0,0,0,0),(408,500,1,25,4,NULL,NULL,NULL,0,'Spudder',1,NULL,NULL,NULL,1,0,0,0,0,0,0),(409,500,1,25,4,NULL,NULL,NULL,0,'Spudder',0,NULL,NULL,NULL,1,0,0,0,0,0,0),(410,90,1,25,4,NULL,NULL,NULL,0,'Glancer',1,NULL,NULL,NULL,1,0,0,0,0,0,0),(411,90,1,25,4,NULL,NULL,NULL,0,'Glancer',1,NULL,NULL,NULL,1,0,0,0,0,0,0),(412,125,1,25,4,NULL,NULL,NULL,0,'Gnat',0,NULL,NULL,NULL,1,0,0,0,0,0,0),(413,125,1,25,4,NULL,NULL,NULL,0,'Gnat',0,NULL,NULL,NULL,1,0,0,0,0,0,0),(414,125,1,25,4,NULL,NULL,NULL,0,'Gnat',0,NULL,NULL,NULL,1,0,0,0,0,0,0),(415,90,1,25,4,NULL,NULL,NULL,0,'Glancer',1,NULL,NULL,NULL,1,0,0,0,0,0,0),(416,90,1,25,4,NULL,NULL,NULL,0,'Glancer',1,NULL,NULL,NULL,1,0,0,0,0,0,0),(417,90,1,25,4,NULL,NULL,NULL,0,'Glancer',1,NULL,NULL,NULL,1,0,0,0,0,0,0),(418,90,1,25,4,NULL,NULL,NULL,0,'Glancer',1,NULL,NULL,NULL,1,0,0,0,0,0,0),(419,90,1,25,4,NULL,NULL,NULL,0,'Glancer',1,NULL,NULL,NULL,1,0,0,0,0,0,0),(420,125,1,25,4,NULL,NULL,NULL,0,'Gnat',0,NULL,NULL,NULL,1,0,0,0,0,0,0),(421,125,1,25,4,NULL,NULL,NULL,0,'Gnat',0,NULL,NULL,NULL,1,0,0,0,0,0,0),(422,125,1,25,4,NULL,NULL,NULL,0,'Gnat',0,NULL,NULL,NULL,1,0,0,0,0,0,0),(423,125,1,25,4,NULL,NULL,NULL,0,'Gnat',0,NULL,NULL,NULL,1,0,0,0,0,0,0),(424,125,1,25,4,NULL,NULL,NULL,0,'Gnat',1,NULL,NULL,NULL,1,0,0,0,0,0,0),(425,125,1,25,4,NULL,NULL,NULL,0,'Gnat',1,NULL,NULL,NULL,1,0,0,0,0,0,0),(426,125,1,25,4,NULL,NULL,NULL,0,'Gnat',0,NULL,NULL,NULL,1,0,0,0,0,0,0),(427,125,1,25,4,NULL,NULL,NULL,0,'Gnat',0,NULL,NULL,NULL,1,0,0,0,0,0,0),(428,125,1,25,4,NULL,NULL,NULL,0,'Gnat',0,NULL,NULL,NULL,1,0,0,0,0,0,0),(429,500,1,26,4,NULL,NULL,NULL,0,'Spudder',0,NULL,NULL,NULL,1,0,0,0,0,0,0),(430,90,1,26,4,NULL,NULL,NULL,0,'Glancer',1,NULL,NULL,NULL,1,0,0,0,0,0,0),(431,90,1,26,4,NULL,NULL,NULL,0,'Glancer',1,NULL,NULL,NULL,1,0,0,0,0,0,0),(432,125,1,26,4,NULL,NULL,NULL,0,'Gnat',0,NULL,NULL,NULL,1,0,0,0,0,0,0),(433,125,1,26,4,NULL,NULL,NULL,0,'Gnat',1,NULL,NULL,NULL,1,0,0,0,0,0,0),(434,90,1,26,4,NULL,NULL,NULL,0,'Glancer',1,NULL,NULL,NULL,1,0,0,0,0,0,0),(435,90,1,26,4,NULL,NULL,NULL,0,'Glancer',1,NULL,NULL,NULL,1,0,0,0,0,0,0),(436,90,1,26,4,NULL,NULL,NULL,0,'Glancer',1,NULL,NULL,NULL,1,0,0,0,0,0,0),(437,90,1,26,4,NULL,NULL,NULL,0,'Glancer',1,NULL,NULL,NULL,1,0,0,0,0,0,0),(438,90,1,26,4,NULL,NULL,NULL,0,'Glancer',1,NULL,NULL,NULL,1,0,0,0,0,0,0),(439,125,1,26,4,NULL,NULL,NULL,0,'Gnat',0,NULL,NULL,NULL,1,0,0,0,0,0,0),(440,125,1,26,4,NULL,NULL,NULL,0,'Gnat',0,NULL,NULL,NULL,1,0,0,0,0,0,0),(441,125,1,26,4,NULL,NULL,NULL,0,'Gnat',0,NULL,NULL,NULL,1,0,0,0,0,0,0),(442,125,1,26,4,NULL,NULL,NULL,0,'Gnat',0,NULL,NULL,NULL,1,0,0,0,0,0,0),(443,125,1,26,4,NULL,NULL,NULL,0,'Gnat',1,NULL,NULL,NULL,1,0,0,0,0,0,0),(444,125,1,26,4,NULL,NULL,NULL,0,'Gnat',1,NULL,NULL,NULL,1,0,0,0,0,0,0),(445,125,1,26,4,NULL,NULL,NULL,0,'Gnat',0,NULL,NULL,NULL,1,0,0,0,0,0,0),(446,90,1,27,4,NULL,NULL,NULL,0,'Glancer',1,NULL,NULL,NULL,1,0,0,0,0,0,0),(447,90,1,27,4,NULL,NULL,NULL,0,'Glancer',1,NULL,NULL,NULL,1,0,0,0,0,0,0),(448,125,1,27,4,NULL,NULL,NULL,0,'Gnat',0,NULL,NULL,NULL,1,0,0,0,0,0,0),(449,125,1,27,4,NULL,NULL,NULL,0,'Gnat',1,NULL,NULL,NULL,1,0,0,0,0,0,0),(450,125,1,27,4,NULL,NULL,NULL,0,'Gnat',1,NULL,NULL,NULL,1,0,0,0,0,0,0),(451,125,1,27,4,NULL,NULL,NULL,0,'Gnat',0,NULL,NULL,NULL,1,0,0,0,0,0,0),(452,125,1,27,4,NULL,NULL,NULL,0,'Gnat',0,NULL,NULL,NULL,1,0,0,0,0,0,0),(453,90,1,27,4,NULL,NULL,NULL,0,'Glancer',1,NULL,NULL,NULL,1,0,0,0,0,0,0),(454,90,1,27,4,NULL,NULL,NULL,0,'Glancer',1,NULL,NULL,NULL,1,0,0,0,0,0,0),(455,90,1,27,4,NULL,NULL,NULL,0,'Glancer',1,NULL,NULL,NULL,1,0,0,0,0,0,0),(456,90,1,27,4,NULL,NULL,NULL,0,'Glancer',1,NULL,NULL,NULL,1,0,0,0,0,0,0),(457,125,1,27,4,NULL,NULL,NULL,0,'Gnat',0,NULL,NULL,NULL,1,0,0,0,0,0,0),(458,125,1,27,4,NULL,NULL,NULL,0,'Gnat',0,NULL,NULL,NULL,1,0,0,0,0,0,0),(459,125,1,27,4,NULL,NULL,NULL,0,'Gnat',0,NULL,NULL,NULL,1,0,0,0,0,0,0),(460,125,1,27,4,NULL,NULL,NULL,0,'Gnat',0,NULL,NULL,NULL,1,0,0,0,0,0,0),(461,125,1,27,4,NULL,NULL,NULL,0,'Gnat',1,NULL,NULL,NULL,1,0,0,0,0,0,0),(462,125,1,27,4,NULL,NULL,NULL,0,'Gnat',1,NULL,NULL,NULL,1,0,0,0,0,0,0),(463,125,1,27,4,NULL,NULL,NULL,0,'Gnat',0,NULL,NULL,NULL,1,0,0,0,0,0,0),(464,125,1,27,4,NULL,NULL,NULL,0,'Gnat',1,NULL,NULL,NULL,1,0,0,0,0,0,0),(465,125,1,28,4,NULL,NULL,NULL,0,'Gnat',0,NULL,NULL,NULL,1,0,0,0,0,0,0),(466,125,1,28,4,NULL,NULL,NULL,0,'Gnat',0,NULL,NULL,NULL,1,0,0,0,0,0,0),(467,125,1,28,4,NULL,NULL,NULL,0,'Gnat',0,NULL,NULL,NULL,1,0,0,0,0,0,0),(468,125,1,28,4,NULL,NULL,NULL,0,'Gnat',0,NULL,NULL,NULL,1,0,0,0,0,0,0),(469,125,1,28,4,NULL,NULL,NULL,0,'Gnat',1,NULL,NULL,NULL,1,0,0,0,0,0,0),(470,125,1,28,4,NULL,NULL,NULL,0,'Gnat',1,NULL,NULL,NULL,1,0,0,0,0,0,0),(471,125,1,28,4,NULL,NULL,NULL,0,'Gnat',0,NULL,NULL,NULL,1,0,0,0,0,0,0),(472,125,1,28,4,NULL,NULL,NULL,0,'Gnat',0,NULL,NULL,NULL,1,0,0,0,0,0,0),(473,125,1,28,4,NULL,NULL,NULL,0,'Gnat',1,NULL,NULL,NULL,1,0,0,0,0,0,0),(474,125,1,29,4,NULL,NULL,NULL,0,'Gnat',0,NULL,NULL,NULL,1,0,0,0,0,0,0),(475,125,1,29,4,NULL,NULL,NULL,0,'Gnat',0,NULL,NULL,NULL,1,0,0,0,0,0,0),(476,125,1,29,4,NULL,NULL,NULL,0,'Gnat',0,NULL,NULL,NULL,1,0,0,0,0,0,0),(477,125,1,29,4,NULL,NULL,NULL,0,'Gnat',0,NULL,NULL,NULL,1,0,0,0,0,0,0),(478,125,1,29,4,NULL,NULL,NULL,0,'Gnat',1,NULL,NULL,NULL,1,0,0,0,0,0,0),(479,125,1,29,4,NULL,NULL,NULL,0,'Gnat',1,NULL,NULL,NULL,1,0,0,0,0,0,0),(480,125,1,29,4,NULL,NULL,NULL,0,'Gnat',1,NULL,NULL,NULL,1,0,0,0,0,0,0),(481,125,1,29,4,NULL,NULL,NULL,0,'Gnat',0,NULL,NULL,NULL,1,0,0,0,0,0,0),(482,125,1,30,4,NULL,NULL,NULL,0,'Gnat',0,NULL,NULL,NULL,1,0,0,0,0,0,0),(483,125,1,30,4,NULL,NULL,NULL,0,'Gnat',0,NULL,NULL,NULL,1,0,0,0,0,0,0),(484,125,1,30,4,NULL,NULL,NULL,0,'Gnat',0,NULL,NULL,NULL,1,0,0,0,0,0,0),(485,125,1,30,4,NULL,NULL,NULL,0,'Gnat',0,NULL,NULL,NULL,1,0,0,0,0,0,0),(486,125,1,30,4,NULL,NULL,NULL,0,'Gnat',1,NULL,NULL,NULL,1,0,0,0,0,0,0),(487,125,1,30,4,NULL,NULL,NULL,0,'Gnat',1,NULL,NULL,NULL,1,0,0,0,0,0,0),(488,125,1,30,4,NULL,NULL,NULL,0,'Gnat',0,NULL,NULL,NULL,1,0,0,0,0,0,0),(489,26875,1,3,1,NULL,NULL,NULL,0,'Demosis',0,3,246,NULL,1,0,0,0,0,0,0),(490,26875,1,3,1,NULL,NULL,NULL,0,'Demosis',0,3,246,NULL,1,0,0,0,0,0,0),(491,4475,1,3,1,NULL,NULL,NULL,0,'Thor',0,3,246,NULL,1,0,0,0,0,0,0),(492,4475,1,3,1,NULL,NULL,NULL,0,'Thor',0,3,246,NULL,1,0,0,0,0,0,0),(493,4475,1,3,1,NULL,NULL,NULL,0,'Thor',1,3,246,NULL,1,0,0,0,0,0,0),(494,4475,1,3,1,NULL,NULL,NULL,0,'Thor',0,3,246,NULL,1,0,0,0,0,0,0),(495,4475,1,3,1,NULL,NULL,NULL,0,'Thor',1,3,246,NULL,1,0,0,0,0,0,0),(496,4475,1,3,1,NULL,NULL,NULL,0,'Thor',0,3,246,NULL,1,0,0,0,0,0,0),(497,4475,1,3,1,NULL,NULL,NULL,0,'Thor',1,3,246,NULL,1,0,0,0,0,0,0),(498,4475,1,3,1,NULL,NULL,NULL,0,'Thor',1,3,246,NULL,1,0,0,0,0,0,0),(499,4475,1,3,1,NULL,NULL,NULL,0,'Thor',1,3,246,NULL,1,0,0,0,0,0,0),(500,4475,1,3,1,NULL,NULL,NULL,0,'Thor',0,3,246,NULL,1,0,0,0,0,0,0),(501,4475,1,3,1,NULL,NULL,NULL,0,'Thor',0,3,246,NULL,1,0,0,0,0,0,0),(502,4475,1,3,1,NULL,NULL,NULL,0,'Thor',0,3,246,NULL,1,0,0,0,0,0,0),(503,2812,1,3,1,NULL,NULL,NULL,0,'Dirac',1,3,246,NULL,1,0,0,0,0,0,0),(504,2812,1,3,1,NULL,NULL,NULL,0,'Dirac',1,3,246,NULL,1,0,0,0,0,0,0),(505,2812,1,3,1,NULL,NULL,NULL,0,'Dirac',1,3,246,NULL,1,0,0,0,0,0,0),(506,2812,1,3,1,NULL,NULL,NULL,0,'Dirac',1,3,246,NULL,1,0,0,0,0,0,0),(507,2812,1,3,1,NULL,NULL,NULL,0,'Dirac',0,3,246,NULL,1,0,0,0,0,0,0),(508,2812,1,3,1,NULL,NULL,NULL,0,'Dirac',0,3,246,NULL,1,0,0,0,0,0,0),(509,2812,1,3,1,NULL,NULL,NULL,0,'Dirac',0,3,246,NULL,1,0,0,0,0,0,0),(510,2812,1,3,1,NULL,NULL,NULL,0,'Dirac',0,3,246,NULL,1,0,0,0,0,0,0),(511,2812,1,3,1,NULL,NULL,NULL,0,'Dirac',1,3,246,NULL,1,0,0,0,0,0,0),(512,2812,1,3,1,NULL,NULL,NULL,0,'Dirac',1,3,246,NULL,1,0,0,0,0,0,0),(513,26875,1,3,1,NULL,NULL,NULL,0,'Demosis',0,2,210,NULL,1,0,0,0,0,0,0),(514,4475,1,3,1,NULL,NULL,NULL,0,'Thor',1,2,210,NULL,1,0,0,0,0,0,0),(515,4475,1,3,1,NULL,NULL,NULL,0,'Thor',1,2,210,NULL,1,0,0,0,0,0,0),(516,4475,1,3,1,NULL,NULL,NULL,0,'Thor',1,2,210,NULL,1,0,0,0,0,0,0),(517,4475,1,3,1,NULL,NULL,NULL,0,'Thor',0,2,210,NULL,1,0,0,0,0,0,0),(518,4475,1,3,1,NULL,NULL,NULL,0,'Thor',1,2,210,NULL,1,0,0,0,0,0,0),(519,4475,1,3,1,NULL,NULL,NULL,0,'Thor',0,2,210,NULL,1,0,0,0,0,0,0),(520,4475,1,3,1,NULL,NULL,NULL,0,'Thor',1,2,210,NULL,1,0,0,0,0,0,0),(521,4475,1,3,1,NULL,NULL,NULL,0,'Thor',0,2,210,NULL,1,0,0,0,0,0,0),(522,4475,1,3,1,NULL,NULL,NULL,0,'Thor',1,2,210,NULL,1,0,0,0,0,0,0),(523,4475,1,3,1,NULL,NULL,NULL,0,'Thor',1,2,210,NULL,1,0,0,0,0,0,0),(524,4475,1,3,1,NULL,NULL,NULL,0,'Thor',0,2,210,NULL,1,0,0,0,0,0,0),(525,4475,1,3,1,NULL,NULL,NULL,0,'Thor',1,2,210,NULL,1,0,0,0,0,0,0),(526,2812,1,3,1,NULL,NULL,NULL,0,'Dirac',0,2,210,NULL,1,0,0,0,0,0,0),(527,2812,1,3,1,NULL,NULL,NULL,0,'Dirac',0,2,210,NULL,1,0,0,0,0,0,0),(528,2812,1,3,1,NULL,NULL,NULL,0,'Dirac',1,2,210,NULL,1,0,0,0,0,0,0),(529,2812,1,3,1,NULL,NULL,NULL,0,'Dirac',1,2,210,NULL,1,0,0,0,0,0,0),(530,2812,1,3,1,NULL,NULL,NULL,0,'Dirac',0,2,210,NULL,1,0,0,0,0,0,0),(531,2812,1,3,1,NULL,NULL,NULL,0,'Dirac',1,2,210,NULL,1,0,0,0,0,0,0),(532,2812,1,3,1,NULL,NULL,NULL,0,'Dirac',1,2,210,NULL,1,0,0,0,0,0,0),(533,2812,1,3,1,NULL,NULL,NULL,0,'Dirac',1,2,210,NULL,1,0,0,0,0,0,0),(534,2812,1,3,1,NULL,NULL,NULL,0,'Dirac',1,2,210,NULL,1,0,0,0,0,0,0),(535,2812,1,3,1,NULL,NULL,NULL,0,'Dirac',1,2,210,NULL,1,0,0,0,0,0,0),(536,2812,1,3,1,NULL,NULL,NULL,0,'Dirac',1,2,210,NULL,1,0,0,0,0,0,0),(537,2812,1,3,1,NULL,NULL,NULL,0,'Dirac',1,2,210,NULL,1,0,0,0,0,0,0),(538,2812,1,3,1,NULL,NULL,NULL,0,'Dirac',1,2,210,NULL,1,0,0,0,0,0,0),(539,2812,1,3,1,NULL,NULL,NULL,0,'Dirac',1,2,210,NULL,1,0,0,0,0,0,0),(540,26875,1,3,1,NULL,NULL,NULL,0,'Demosis',0,2,240,NULL,1,0,0,0,0,0,0),(541,4475,1,3,1,NULL,NULL,NULL,0,'Thor',0,2,240,NULL,1,0,0,0,0,0,0),(542,4475,1,3,1,NULL,NULL,NULL,0,'Thor',1,2,240,NULL,1,0,0,0,0,0,0),(543,4475,1,3,1,NULL,NULL,NULL,0,'Thor',0,2,240,NULL,1,0,0,0,0,0,0),(544,4475,1,3,1,NULL,NULL,NULL,0,'Thor',1,2,240,NULL,1,0,0,0,0,0,0),(545,4475,1,3,1,NULL,NULL,NULL,0,'Thor',0,2,240,NULL,1,0,0,0,0,0,0),(546,4475,1,3,1,NULL,NULL,NULL,0,'Thor',0,2,240,NULL,1,0,0,0,0,0,0),(547,4475,1,3,1,NULL,NULL,NULL,0,'Thor',1,2,240,NULL,1,0,0,0,0,0,0),(548,4475,1,3,1,NULL,NULL,NULL,0,'Thor',1,2,240,NULL,1,0,0,0,0,0,0),(549,4475,1,3,1,NULL,NULL,NULL,0,'Thor',1,2,240,NULL,1,0,0,0,0,0,0),(550,4475,1,3,1,NULL,NULL,NULL,0,'Thor',1,2,240,NULL,1,0,0,0,0,0,0),(551,2812,1,3,1,NULL,NULL,NULL,0,'Dirac',0,2,240,NULL,1,0,0,0,0,0,0),(552,2812,1,3,1,NULL,NULL,NULL,0,'Dirac',0,2,240,NULL,1,0,0,0,0,0,0),(553,2812,1,3,1,NULL,NULL,NULL,0,'Dirac',0,2,240,NULL,1,0,0,0,0,0,0),(554,2812,1,3,1,NULL,NULL,NULL,0,'Dirac',0,2,240,NULL,1,0,0,0,0,0,0),(555,2812,1,3,1,NULL,NULL,NULL,0,'Dirac',1,2,240,NULL,1,0,0,0,0,0,0),(556,2812,1,3,1,NULL,NULL,NULL,0,'Dirac',1,2,240,NULL,1,0,0,0,0,0,0),(557,2812,1,3,1,NULL,NULL,NULL,0,'Dirac',0,2,240,NULL,1,0,0,0,0,0,0),(558,2812,1,3,1,NULL,NULL,NULL,0,'Dirac',1,2,240,NULL,1,0,0,0,0,0,0),(559,2812,1,3,1,NULL,NULL,NULL,0,'Dirac',0,2,240,NULL,1,0,0,0,0,0,0),(560,2812,1,3,1,NULL,NULL,NULL,0,'Dirac',1,2,240,NULL,1,0,0,0,0,0,0),(561,2812,1,3,1,NULL,NULL,NULL,0,'Dirac',1,2,240,NULL,1,0,0,0,0,0,0),(562,2812,1,3,1,NULL,NULL,NULL,0,'Dirac',0,2,240,NULL,1,0,0,0,0,0,0),(563,2812,1,3,1,NULL,NULL,NULL,0,'Dirac',0,2,240,NULL,1,0,0,0,0,0,0),(564,2812,1,3,1,NULL,NULL,NULL,0,'Dirac',1,2,240,NULL,1,0,0,0,0,0,0),(565,2812,1,3,1,NULL,NULL,NULL,0,'Dirac',1,2,240,NULL,1,0,0,0,0,0,0),(566,2812,1,3,1,NULL,NULL,NULL,0,'Dirac',1,2,240,NULL,1,0,0,0,0,0,0),(567,26875,1,3,1,NULL,NULL,NULL,0,'Demosis',0,3,292,NULL,1,0,0,0,0,0,0),(568,26875,1,3,1,NULL,NULL,NULL,0,'Demosis',0,3,292,NULL,1,0,0,0,0,0,0),(569,26875,1,3,1,NULL,NULL,NULL,0,'Demosis',0,3,292,NULL,1,0,0,0,0,0,0),(570,26875,1,3,1,NULL,NULL,NULL,0,'Demosis',0,3,292,NULL,1,0,0,0,0,0,0),(571,4475,1,3,1,NULL,NULL,NULL,0,'Thor',0,3,292,NULL,1,0,0,0,0,0,0),(572,4475,1,3,1,NULL,NULL,NULL,0,'Thor',0,3,292,NULL,1,0,0,0,0,0,0),(573,4475,1,3,1,NULL,NULL,NULL,0,'Thor',0,3,292,NULL,1,0,0,0,0,0,0),(574,4475,1,3,1,NULL,NULL,NULL,0,'Thor',0,3,292,NULL,1,0,0,0,0,0,0),(575,4475,1,3,1,NULL,NULL,NULL,0,'Thor',0,3,292,NULL,1,0,0,0,0,0,0),(576,4475,1,3,1,NULL,NULL,NULL,0,'Thor',0,3,292,NULL,1,0,0,0,0,0,0),(577,4475,1,3,1,NULL,NULL,NULL,0,'Thor',1,3,292,NULL,1,0,0,0,0,0,0),(578,4475,1,3,1,NULL,NULL,NULL,0,'Thor',1,3,292,NULL,1,0,0,0,0,0,0),(579,4475,1,3,1,NULL,NULL,NULL,0,'Thor',0,3,292,NULL,1,0,0,0,0,0,0),(580,4475,1,3,1,NULL,NULL,NULL,0,'Thor',0,3,292,NULL,1,0,0,0,0,0,0),(581,4475,1,3,1,NULL,NULL,NULL,0,'Thor',0,3,292,NULL,1,0,0,0,0,0,0),(582,4475,1,3,1,NULL,NULL,NULL,0,'Thor',1,3,292,NULL,1,0,0,0,0,0,0),(583,4475,1,3,1,NULL,NULL,NULL,0,'Thor',1,3,292,NULL,1,0,0,0,0,0,0),(584,2812,1,3,1,NULL,NULL,NULL,0,'Dirac',1,3,292,NULL,1,0,0,0,0,0,0),(585,2812,1,3,1,NULL,NULL,NULL,0,'Dirac',0,3,292,NULL,1,0,0,0,0,0,0),(586,2812,1,3,1,NULL,NULL,NULL,0,'Dirac',1,3,292,NULL,1,0,0,0,0,0,0),(587,2812,1,3,1,NULL,NULL,NULL,0,'Dirac',1,3,292,NULL,1,0,0,0,0,0,0),(588,2812,1,3,1,NULL,NULL,NULL,0,'Dirac',0,3,292,NULL,1,0,0,0,0,0,0),(589,2812,1,3,1,NULL,NULL,NULL,0,'Dirac',0,3,292,NULL,1,0,0,0,0,0,0),(590,2812,1,3,1,NULL,NULL,NULL,0,'Dirac',1,3,292,NULL,1,0,0,0,0,0,0),(591,2812,1,3,1,NULL,NULL,NULL,0,'Dirac',1,3,292,NULL,1,0,0,0,0,0,0),(592,2812,1,3,1,NULL,NULL,NULL,0,'Dirac',1,3,292,NULL,1,0,0,0,0,0,0),(593,2812,1,3,1,NULL,NULL,NULL,0,'Dirac',1,3,292,NULL,1,0,0,0,0,0,0),(594,2812,1,3,1,NULL,NULL,NULL,0,'Dirac',0,3,292,NULL,1,0,0,0,0,0,0),(595,2812,1,3,1,NULL,NULL,NULL,0,'Dirac',0,3,292,NULL,1,0,0,0,0,0,0),(596,26875,1,3,1,NULL,NULL,NULL,0,'Demosis',0,1,270,NULL,1,0,0,0,0,0,0),(597,4475,1,3,1,NULL,NULL,NULL,0,'Thor',1,1,270,NULL,1,0,0,0,0,0,0),(598,4475,1,3,1,NULL,NULL,NULL,0,'Thor',1,1,270,NULL,1,0,0,0,0,0,0),(599,4475,1,3,1,NULL,NULL,NULL,0,'Thor',1,1,270,NULL,1,0,0,0,0,0,0),(600,4475,1,3,1,NULL,NULL,NULL,0,'Thor',0,1,270,NULL,1,0,0,0,0,0,0),(601,4475,1,3,1,NULL,NULL,NULL,0,'Thor',1,1,270,NULL,1,0,0,0,0,0,0),(602,4475,1,3,1,NULL,NULL,NULL,0,'Thor',1,1,270,NULL,1,0,0,0,0,0,0),(603,4475,1,3,1,NULL,NULL,NULL,0,'Thor',1,1,270,NULL,1,0,0,0,0,0,0),(604,4475,1,3,1,NULL,NULL,NULL,0,'Thor',0,1,270,NULL,1,0,0,0,0,0,0),(605,2812,1,3,1,NULL,NULL,NULL,0,'Dirac',0,1,270,NULL,1,0,0,0,0,0,0),(606,2812,1,3,1,NULL,NULL,NULL,0,'Dirac',1,1,270,NULL,1,0,0,0,0,0,0),(607,2812,1,3,1,NULL,NULL,NULL,0,'Dirac',1,1,270,NULL,1,0,0,0,0,0,0),(608,2812,1,3,1,NULL,NULL,NULL,0,'Dirac',1,1,270,NULL,1,0,0,0,0,0,0),(609,26875,1,3,1,NULL,NULL,NULL,0,'Demosis',0,2,150,NULL,1,0,0,0,0,0,0),(610,4475,1,3,1,NULL,NULL,NULL,0,'Thor',0,2,150,NULL,1,0,0,0,0,0,0),(611,4475,1,3,1,NULL,NULL,NULL,0,'Thor',0,2,150,NULL,1,0,0,0,0,0,0),(612,4475,1,3,1,NULL,NULL,NULL,0,'Thor',0,2,150,NULL,1,0,0,0,0,0,0),(613,2812,1,3,1,NULL,NULL,NULL,0,'Dirac',1,2,150,NULL,1,0,0,0,0,0,0),(614,2812,1,3,1,NULL,NULL,NULL,0,'Dirac',1,2,150,NULL,1,0,0,0,0,0,0),(615,2812,1,3,1,NULL,NULL,NULL,0,'Dirac',1,2,150,NULL,1,0,0,0,0,0,0),(616,2812,1,3,1,NULL,NULL,NULL,0,'Dirac',1,2,150,NULL,1,0,0,0,0,0,0),(617,2812,1,3,1,NULL,NULL,NULL,0,'Dirac',0,2,150,NULL,1,0,0,0,0,0,0),(618,2812,1,3,1,NULL,NULL,NULL,0,'Dirac',0,2,150,NULL,1,0,0,0,0,0,0),(619,2812,1,3,1,NULL,NULL,NULL,0,'Dirac',0,2,150,NULL,1,0,0,0,0,0,0),(620,2812,1,3,1,NULL,NULL,NULL,0,'Dirac',1,2,150,NULL,1,0,0,0,0,0,0),(621,2812,1,3,1,NULL,NULL,NULL,0,'Dirac',0,2,150,NULL,1,0,0,0,0,0,0),(622,2812,1,3,1,NULL,NULL,NULL,0,'Dirac',1,2,150,NULL,1,0,0,0,0,0,0),(623,2812,1,3,1,NULL,NULL,NULL,0,'Dirac',0,2,150,NULL,1,0,0,0,0,0,0),(624,2812,1,3,1,NULL,NULL,NULL,0,'Dirac',1,2,150,NULL,1,0,0,0,0,0,0),(625,2812,1,3,1,NULL,NULL,NULL,0,'Dirac',1,2,150,NULL,1,0,0,0,0,0,0),(626,2812,1,3,1,NULL,NULL,NULL,0,'Dirac',0,2,150,NULL,1,0,0,0,0,0,0),(627,26875,1,3,1,NULL,NULL,NULL,0,'Demosis',0,3,180,NULL,1,0,0,0,0,0,0),(628,26875,1,3,1,NULL,NULL,NULL,0,'Demosis',0,3,180,NULL,1,0,0,0,0,0,0),(629,4475,1,3,1,NULL,NULL,NULL,0,'Thor',0,3,180,NULL,1,0,0,0,0,0,0),(630,4475,1,3,1,NULL,NULL,NULL,0,'Thor',0,3,180,NULL,1,0,0,0,0,0,0),(631,4475,1,3,1,NULL,NULL,NULL,0,'Thor',0,3,180,NULL,1,0,0,0,0,0,0),(632,4475,1,3,1,NULL,NULL,NULL,0,'Thor',0,3,180,NULL,1,0,0,0,0,0,0),(633,4475,1,3,1,NULL,NULL,NULL,0,'Thor',0,3,180,NULL,1,0,0,0,0,0,0),(634,4475,1,3,1,NULL,NULL,NULL,0,'Thor',1,3,180,NULL,1,0,0,0,0,0,0),(635,4475,1,3,1,NULL,NULL,NULL,0,'Thor',0,3,180,NULL,1,0,0,0,0,0,0),(636,2812,1,3,1,NULL,NULL,NULL,0,'Dirac',1,3,180,NULL,1,0,0,0,0,0,0),(637,2812,1,3,1,NULL,NULL,NULL,0,'Dirac',1,3,180,NULL,1,0,0,0,0,0,0),(638,2812,1,3,1,NULL,NULL,NULL,0,'Dirac',1,3,180,NULL,1,0,0,0,0,0,0),(639,2812,1,3,1,NULL,NULL,NULL,0,'Dirac',1,3,180,NULL,1,0,0,0,0,0,0),(640,2812,1,3,1,NULL,NULL,NULL,0,'Dirac',0,3,180,NULL,1,0,0,0,0,0,0),(641,2812,1,3,1,NULL,NULL,NULL,0,'Dirac',0,3,180,NULL,1,0,0,0,0,0,0),(642,2812,1,3,1,NULL,NULL,NULL,0,'Dirac',1,3,180,NULL,1,0,0,0,0,0,0),(643,2812,1,3,1,NULL,NULL,NULL,0,'Dirac',1,3,180,NULL,1,0,0,0,0,0,0),(644,2812,1,3,1,NULL,NULL,NULL,0,'Dirac',1,3,180,NULL,1,0,0,0,0,0,0),(645,2812,1,3,1,NULL,NULL,NULL,0,'Dirac',0,3,180,NULL,1,0,0,0,0,0,0),(646,2812,1,3,1,NULL,NULL,NULL,0,'Dirac',1,3,180,NULL,1,0,0,0,0,0,0),(647,2812,1,3,1,NULL,NULL,NULL,0,'Dirac',1,3,180,NULL,1,0,0,0,0,0,0),(648,2812,1,3,1,NULL,NULL,NULL,0,'Dirac',0,3,180,NULL,1,0,0,0,0,0,0),(649,26875,1,3,1,NULL,NULL,NULL,0,'Demosis',0,2,30,NULL,1,0,0,0,0,0,0),(650,26875,1,3,1,NULL,NULL,NULL,0,'Demosis',0,2,30,NULL,1,0,0,0,0,0,0),(651,26875,1,3,1,NULL,NULL,NULL,0,'Demosis',0,2,30,NULL,1,0,0,0,0,0,0),(652,26875,1,3,1,NULL,NULL,NULL,0,'Demosis',0,2,30,NULL,1,0,0,0,0,0,0),(653,4475,1,3,1,NULL,NULL,NULL,0,'Thor',1,2,30,NULL,1,0,0,0,0,0,0),(654,4475,1,3,1,NULL,NULL,NULL,0,'Thor',1,2,30,NULL,1,0,0,0,0,0,0),(655,2812,1,3,1,NULL,NULL,NULL,0,'Dirac',1,2,30,NULL,1,0,0,0,0,0,0),(656,2812,1,3,1,NULL,NULL,NULL,0,'Dirac',1,2,30,NULL,1,0,0,0,0,0,0),(657,2812,1,3,1,NULL,NULL,NULL,0,'Dirac',1,2,30,NULL,1,0,0,0,0,0,0),(658,2812,1,3,1,NULL,NULL,NULL,0,'Dirac',1,2,30,NULL,1,0,0,0,0,0,0),(659,2812,1,3,1,NULL,NULL,NULL,0,'Dirac',0,2,30,NULL,1,0,0,0,0,0,0),(660,2812,1,3,1,NULL,NULL,NULL,0,'Dirac',1,2,30,NULL,1,0,0,0,0,0,0),(661,2812,1,3,1,NULL,NULL,NULL,0,'Dirac',1,2,30,NULL,1,0,0,0,0,0,0),(662,2812,1,3,1,NULL,NULL,NULL,0,'Dirac',0,2,30,NULL,1,0,0,0,0,0,0),(663,2812,1,3,1,NULL,NULL,NULL,0,'Dirac',1,2,30,NULL,1,0,0,0,0,0,0),(664,26875,1,3,1,NULL,NULL,NULL,0,'Demosis',0,2,180,NULL,1,0,0,0,0,0,0),(665,26875,1,3,1,NULL,NULL,NULL,0,'Demosis',0,2,180,NULL,1,0,0,0,0,0,0),(666,4475,1,3,1,NULL,NULL,NULL,0,'Thor',0,2,180,NULL,1,0,0,0,0,0,0),(667,4475,1,3,1,NULL,NULL,NULL,0,'Thor',1,2,180,NULL,1,0,0,0,0,0,0),(668,4475,1,3,1,NULL,NULL,NULL,0,'Thor',1,2,180,NULL,1,0,0,0,0,0,0),(669,4475,1,3,1,NULL,NULL,NULL,0,'Thor',0,2,180,NULL,1,0,0,0,0,0,0),(670,4475,1,3,1,NULL,NULL,NULL,0,'Thor',0,2,180,NULL,1,0,0,0,0,0,0),(671,4475,1,3,1,NULL,NULL,NULL,0,'Thor',1,2,180,NULL,1,0,0,0,0,0,0),(672,4475,1,3,1,NULL,NULL,NULL,0,'Thor',0,2,180,NULL,1,0,0,0,0,0,0),(673,4475,1,3,1,NULL,NULL,NULL,0,'Thor',0,2,180,NULL,1,0,0,0,0,0,0),(674,4475,1,3,1,NULL,NULL,NULL,0,'Thor',0,2,180,NULL,1,0,0,0,0,0,0),(675,4475,1,3,1,NULL,NULL,NULL,0,'Thor',1,2,180,NULL,1,0,0,0,0,0,0),(676,4475,1,3,1,NULL,NULL,NULL,0,'Thor',0,2,180,NULL,1,0,0,0,0,0,0),(677,4475,1,3,1,NULL,NULL,NULL,0,'Thor',1,2,180,NULL,1,0,0,0,0,0,0),(678,2812,1,3,1,NULL,NULL,NULL,0,'Dirac',0,2,180,NULL,1,0,0,0,0,0,0),(679,2812,1,3,1,NULL,NULL,NULL,0,'Dirac',1,2,180,NULL,1,0,0,0,0,0,0),(680,2812,1,3,1,NULL,NULL,NULL,0,'Dirac',0,2,180,NULL,1,0,0,0,0,0,0),(681,2812,1,3,1,NULL,NULL,NULL,0,'Dirac',0,2,180,NULL,1,0,0,0,0,0,0),(682,2812,1,3,1,NULL,NULL,NULL,0,'Dirac',0,2,180,NULL,1,0,0,0,0,0,0),(683,2812,1,3,1,NULL,NULL,NULL,0,'Dirac',0,2,180,NULL,1,0,0,0,0,0,0),(684,2812,1,3,1,NULL,NULL,NULL,0,'Dirac',0,2,180,NULL,1,0,0,0,0,0,0),(685,2812,1,3,1,NULL,NULL,NULL,0,'Dirac',1,2,180,NULL,1,0,0,0,0,0,0),(686,2812,1,3,1,NULL,NULL,NULL,0,'Dirac',1,2,180,NULL,1,0,0,0,0,0,0),(687,2812,1,3,1,NULL,NULL,NULL,0,'Dirac',1,2,180,NULL,1,0,0,0,0,0,0),(688,2812,1,3,1,NULL,NULL,NULL,0,'Dirac',0,2,180,NULL,1,0,0,0,0,0,0),(689,2812,1,3,1,NULL,NULL,NULL,0,'Dirac',0,2,180,NULL,1,0,0,0,0,0,0),(690,2812,1,3,1,NULL,NULL,NULL,0,'Dirac',0,2,180,NULL,1,0,0,0,0,0,0),(691,2812,1,3,1,NULL,NULL,NULL,0,'Dirac',0,2,180,NULL,1,0,0,0,0,0,0),(692,2812,1,3,1,NULL,NULL,NULL,0,'Dirac',0,2,180,NULL,1,0,0,0,0,0,0),(693,26875,1,3,1,NULL,NULL,NULL,0,'Demosis',0,0,90,NULL,1,0,0,0,0,0,0),(694,26875,1,3,1,NULL,NULL,NULL,0,'Demosis',0,0,90,NULL,1,0,0,0,0,0,0),(695,26875,1,3,1,NULL,NULL,NULL,0,'Demosis',0,0,90,NULL,1,0,0,0,0,0,0),(696,26875,1,3,1,NULL,NULL,NULL,0,'Demosis',0,0,90,NULL,1,0,0,0,0,0,0),(697,4475,1,3,1,NULL,NULL,NULL,0,'Thor',1,0,90,NULL,1,0,0,0,0,0,0),(698,4475,1,3,1,NULL,NULL,NULL,0,'Thor',0,0,90,NULL,1,0,0,0,0,0,0),(699,4475,1,3,1,NULL,NULL,NULL,0,'Thor',1,0,90,NULL,1,0,0,0,0,0,0),(700,4475,1,3,1,NULL,NULL,NULL,0,'Thor',0,0,90,NULL,1,0,0,0,0,0,0),(701,4475,1,3,1,NULL,NULL,NULL,0,'Thor',0,0,90,NULL,1,0,0,0,0,0,0),(702,4475,1,3,1,NULL,NULL,NULL,0,'Thor',0,0,90,NULL,1,0,0,0,0,0,0),(703,4475,1,3,1,NULL,NULL,NULL,0,'Thor',1,0,90,NULL,1,0,0,0,0,0,0),(704,4475,1,3,1,NULL,NULL,NULL,0,'Thor',0,0,90,NULL,1,0,0,0,0,0,0),(705,4475,1,3,1,NULL,NULL,NULL,0,'Thor',0,0,90,NULL,1,0,0,0,0,0,0),(706,2812,1,3,1,NULL,NULL,NULL,0,'Dirac',1,0,90,NULL,1,0,0,0,0,0,0),(707,2812,1,3,1,NULL,NULL,NULL,0,'Dirac',1,0,90,NULL,1,0,0,0,0,0,0),(708,2812,1,3,1,NULL,NULL,NULL,0,'Dirac',1,0,90,NULL,1,0,0,0,0,0,0),(709,2812,1,3,1,NULL,NULL,NULL,0,'Dirac',1,0,90,NULL,1,0,0,0,0,0,0),(710,2812,1,3,1,NULL,NULL,NULL,0,'Dirac',1,0,90,NULL,1,0,0,0,0,0,0),(711,2812,1,3,1,NULL,NULL,NULL,0,'Dirac',1,0,90,NULL,1,0,0,0,0,0,0),(712,2812,1,3,1,NULL,NULL,NULL,0,'Dirac',1,0,90,NULL,1,0,0,0,0,0,0),(713,2812,1,3,1,NULL,NULL,NULL,0,'Dirac',0,0,90,NULL,1,0,0,0,0,0,0),(714,90,1,31,4,NULL,NULL,NULL,0,'Glancer',1,NULL,NULL,NULL,1,0,0,0,0,0,0),(715,90,1,31,4,NULL,NULL,NULL,0,'Glancer',1,NULL,NULL,NULL,1,0,0,0,0,0,0),(716,90,1,31,4,NULL,NULL,NULL,0,'Glancer',1,NULL,NULL,NULL,1,0,0,0,0,0,0),(717,125,1,31,4,NULL,NULL,NULL,0,'Gnat',0,NULL,NULL,NULL,1,0,0,0,0,0,0),(718,125,1,31,4,NULL,NULL,NULL,0,'Gnat',0,NULL,NULL,NULL,1,0,0,0,0,0,0),(719,125,1,31,4,NULL,NULL,NULL,0,'Gnat',0,NULL,NULL,NULL,1,0,0,0,0,0,0),(720,125,1,31,4,NULL,NULL,NULL,0,'Gnat',0,NULL,NULL,NULL,1,0,0,0,0,0,0),(721,125,1,31,4,NULL,NULL,NULL,0,'Gnat',1,NULL,NULL,NULL,1,0,0,0,0,0,0),(722,125,1,31,4,NULL,NULL,NULL,0,'Gnat',1,NULL,NULL,NULL,1,0,0,0,0,0,0),(723,125,1,31,4,NULL,NULL,NULL,0,'Gnat',1,NULL,NULL,NULL,1,0,0,0,0,0,0),(724,125,1,31,4,NULL,NULL,NULL,0,'Gnat',0,NULL,NULL,NULL,1,0,0,0,0,0,0),(725,90,1,32,4,NULL,NULL,NULL,0,'Glancer',1,NULL,NULL,NULL,1,0,0,0,0,0,0),(726,90,1,32,4,NULL,NULL,NULL,0,'Glancer',1,NULL,NULL,NULL,1,0,0,0,0,0,0),(727,90,1,32,4,NULL,NULL,NULL,0,'Glancer',1,NULL,NULL,NULL,1,0,0,0,0,0,0),(728,90,1,32,4,NULL,NULL,NULL,0,'Glancer',1,NULL,NULL,NULL,1,0,0,0,0,0,0),(729,125,1,32,4,NULL,NULL,NULL,0,'Gnat',0,NULL,NULL,NULL,1,0,0,0,0,0,0),(730,125,1,32,4,NULL,NULL,NULL,0,'Gnat',0,NULL,NULL,NULL,1,0,0,0,0,0,0),(731,125,1,32,4,NULL,NULL,NULL,0,'Gnat',0,NULL,NULL,NULL,1,0,0,0,0,0,0),(732,125,1,32,4,NULL,NULL,NULL,0,'Gnat',0,NULL,NULL,NULL,1,0,0,0,0,0,0),(733,125,1,32,4,NULL,NULL,NULL,0,'Gnat',1,NULL,NULL,NULL,1,0,0,0,0,0,0),(734,125,1,32,4,NULL,NULL,NULL,0,'Gnat',1,NULL,NULL,NULL,1,0,0,0,0,0,0),(735,125,1,32,4,NULL,NULL,NULL,0,'Gnat',0,NULL,NULL,NULL,1,0,0,0,0,0,0),(736,900,1,33,4,NULL,NULL,NULL,0,'Gnawer',0,NULL,NULL,NULL,1,0,0,0,0,0,0),(737,500,1,33,4,NULL,NULL,NULL,0,'Spudder',0,NULL,NULL,NULL,1,0,0,0,0,0,0),(738,500,1,33,4,NULL,NULL,NULL,0,'Spudder',0,NULL,NULL,NULL,1,0,0,0,0,0,0),(739,500,1,33,4,NULL,NULL,NULL,0,'Spudder',0,NULL,NULL,NULL,1,0,0,0,0,0,0),(740,500,1,33,4,NULL,NULL,NULL,0,'Spudder',1,NULL,NULL,NULL,1,0,0,0,0,0,0),(741,500,1,33,4,NULL,NULL,NULL,0,'Spudder',0,NULL,NULL,NULL,1,0,0,0,0,0,0),(742,90,1,33,4,NULL,NULL,NULL,0,'Glancer',1,NULL,NULL,NULL,1,0,0,0,0,0,0),(743,90,1,33,4,NULL,NULL,NULL,0,'Glancer',1,NULL,NULL,NULL,1,0,0,0,0,0,0),(744,125,1,33,4,NULL,NULL,NULL,0,'Gnat',0,NULL,NULL,NULL,1,0,0,0,0,0,0),(745,125,1,33,4,NULL,NULL,NULL,0,'Gnat',1,NULL,NULL,NULL,1,0,0,0,0,0,0),(746,125,1,33,4,NULL,NULL,NULL,0,'Gnat',0,NULL,NULL,NULL,1,0,0,0,0,0,0),(747,125,1,33,4,NULL,NULL,NULL,0,'Gnat',0,NULL,NULL,NULL,1,0,0,0,0,0,0),(748,90,1,33,4,NULL,NULL,NULL,0,'Glancer',1,NULL,NULL,NULL,1,0,0,0,0,0,0),(749,90,1,33,4,NULL,NULL,NULL,0,'Glancer',1,NULL,NULL,NULL,1,0,0,0,0,0,0),(750,90,1,33,4,NULL,NULL,NULL,0,'Glancer',1,NULL,NULL,NULL,1,0,0,0,0,0,0),(751,90,1,33,4,NULL,NULL,NULL,0,'Glancer',1,NULL,NULL,NULL,1,0,0,0,0,0,0),(752,90,1,33,4,NULL,NULL,NULL,0,'Glancer',1,NULL,NULL,NULL,1,0,0,0,0,0,0),(753,90,1,33,4,NULL,NULL,NULL,0,'Glancer',1,NULL,NULL,NULL,1,0,0,0,0,0,0),(754,125,1,33,4,NULL,NULL,NULL,0,'Gnat',0,NULL,NULL,NULL,1,0,0,0,0,0,0),(755,125,1,33,4,NULL,NULL,NULL,0,'Gnat',0,NULL,NULL,NULL,1,0,0,0,0,0,0),(756,125,1,33,4,NULL,NULL,NULL,0,'Gnat',0,NULL,NULL,NULL,1,0,0,0,0,0,0),(757,125,1,33,4,NULL,NULL,NULL,0,'Gnat',0,NULL,NULL,NULL,1,0,0,0,0,0,0),(758,125,1,33,4,NULL,NULL,NULL,0,'Gnat',1,NULL,NULL,NULL,1,0,0,0,0,0,0),(759,125,1,33,4,NULL,NULL,NULL,0,'Gnat',1,NULL,NULL,NULL,1,0,0,0,0,0,0),(760,125,1,33,4,NULL,NULL,NULL,0,'Gnat',0,NULL,NULL,NULL,1,0,0,0,0,0,0),(761,500,1,34,4,NULL,NULL,NULL,0,'Spudder',0,NULL,NULL,NULL,1,0,0,0,0,0,0),(762,500,1,34,4,NULL,NULL,NULL,0,'Spudder',0,NULL,NULL,NULL,1,0,0,0,0,0,0),(763,90,1,34,4,NULL,NULL,NULL,0,'Glancer',1,NULL,NULL,NULL,1,0,0,0,0,0,0),(764,90,1,34,4,NULL,NULL,NULL,0,'Glancer',1,NULL,NULL,NULL,1,0,0,0,0,0,0),(765,125,1,34,4,NULL,NULL,NULL,0,'Gnat',0,NULL,NULL,NULL,1,0,0,0,0,0,0),(766,125,1,34,4,NULL,NULL,NULL,0,'Gnat',1,NULL,NULL,NULL,1,0,0,0,0,0,0),(767,90,1,34,4,NULL,NULL,NULL,0,'Glancer',1,NULL,NULL,NULL,1,0,0,0,0,0,0),(768,90,1,34,4,NULL,NULL,NULL,0,'Glancer',1,NULL,NULL,NULL,1,0,0,0,0,0,0),(769,90,1,34,4,NULL,NULL,NULL,0,'Glancer',1,NULL,NULL,NULL,1,0,0,0,0,0,0),(770,90,1,34,4,NULL,NULL,NULL,0,'Glancer',1,NULL,NULL,NULL,1,0,0,0,0,0,0),(771,90,1,34,4,NULL,NULL,NULL,0,'Glancer',1,NULL,NULL,NULL,1,0,0,0,0,0,0),(772,125,1,34,4,NULL,NULL,NULL,0,'Gnat',0,NULL,NULL,NULL,1,0,0,0,0,0,0),(773,125,1,34,4,NULL,NULL,NULL,0,'Gnat',0,NULL,NULL,NULL,1,0,0,0,0,0,0),(774,125,1,34,4,NULL,NULL,NULL,0,'Gnat',0,NULL,NULL,NULL,1,0,0,0,0,0,0),(775,125,1,34,4,NULL,NULL,NULL,0,'Gnat',0,NULL,NULL,NULL,1,0,0,0,0,0,0),(776,125,1,34,4,NULL,NULL,NULL,0,'Gnat',1,NULL,NULL,NULL,1,0,0,0,0,0,0),(777,125,1,34,4,NULL,NULL,NULL,0,'Gnat',1,NULL,NULL,NULL,1,0,0,0,0,0,0),(778,125,1,34,4,NULL,NULL,NULL,0,'Gnat',0,NULL,NULL,NULL,1,0,0,0,0,0,0),(779,125,1,34,4,NULL,NULL,NULL,0,'Gnat',1,NULL,NULL,NULL,1,0,0,0,0,0,0),(780,500,1,35,4,NULL,NULL,NULL,0,'Spudder',0,NULL,NULL,NULL,1,0,0,0,0,0,0),(781,500,1,35,4,NULL,NULL,NULL,0,'Spudder',0,NULL,NULL,NULL,1,0,0,0,0,0,0),(782,90,1,35,4,NULL,NULL,NULL,0,'Glancer',1,NULL,NULL,NULL,1,0,0,0,0,0,0),(783,90,1,35,4,NULL,NULL,NULL,0,'Glancer',1,NULL,NULL,NULL,1,0,0,0,0,0,0),(784,125,1,35,4,NULL,NULL,NULL,0,'Gnat',0,NULL,NULL,NULL,1,0,0,0,0,0,0),(785,90,1,35,4,NULL,NULL,NULL,0,'Glancer',1,NULL,NULL,NULL,1,0,0,0,0,0,0),(786,90,1,35,4,NULL,NULL,NULL,0,'Glancer',1,NULL,NULL,NULL,1,0,0,0,0,0,0),(787,90,1,35,4,NULL,NULL,NULL,0,'Glancer',1,NULL,NULL,NULL,1,0,0,0,0,0,0),(788,90,1,35,4,NULL,NULL,NULL,0,'Glancer',1,NULL,NULL,NULL,1,0,0,0,0,0,0),(789,90,1,35,4,NULL,NULL,NULL,0,'Glancer',1,NULL,NULL,NULL,1,0,0,0,0,0,0),(790,90,1,35,4,NULL,NULL,NULL,0,'Glancer',1,NULL,NULL,NULL,1,0,0,0,0,0,0),(791,125,1,35,4,NULL,NULL,NULL,0,'Gnat',0,NULL,NULL,NULL,1,0,0,0,0,0,0),(792,125,1,35,4,NULL,NULL,NULL,0,'Gnat',0,NULL,NULL,NULL,1,0,0,0,0,0,0),(793,125,1,35,4,NULL,NULL,NULL,0,'Gnat',0,NULL,NULL,NULL,1,0,0,0,0,0,0),(794,125,1,35,4,NULL,NULL,NULL,0,'Gnat',0,NULL,NULL,NULL,1,0,0,0,0,0,0),(795,125,1,35,4,NULL,NULL,NULL,0,'Gnat',1,NULL,NULL,NULL,1,0,0,0,0,0,0),(796,125,1,35,4,NULL,NULL,NULL,0,'Gnat',1,NULL,NULL,NULL,1,0,0,0,0,0,0),(797,125,1,35,4,NULL,NULL,NULL,0,'Gnat',0,NULL,NULL,NULL,1,0,0,0,0,0,0),(798,125,1,35,4,NULL,NULL,NULL,0,'Gnat',0,NULL,NULL,NULL,1,0,0,0,0,0,0),(799,125,1,35,4,NULL,NULL,NULL,0,'Gnat',1,NULL,NULL,NULL,1,0,0,0,0,0,0),(800,125,1,35,4,NULL,NULL,NULL,0,'Gnat',0,NULL,NULL,NULL,1,0,0,0,0,0,0),(801,125,1,35,4,NULL,NULL,NULL,0,'Gnat',1,NULL,NULL,NULL,1,0,0,0,0,0,0),(802,500,1,36,4,NULL,NULL,NULL,0,'Spudder',0,NULL,NULL,NULL,1,0,0,0,0,0,0),(803,500,1,36,4,NULL,NULL,NULL,0,'Spudder',0,NULL,NULL,NULL,1,0,0,0,0,0,0),(804,90,1,36,4,NULL,NULL,NULL,0,'Glancer',1,NULL,NULL,NULL,1,0,0,0,0,0,0),(805,90,1,36,4,NULL,NULL,NULL,0,'Glancer',1,NULL,NULL,NULL,1,0,0,0,0,0,0),(806,125,1,36,4,NULL,NULL,NULL,0,'Gnat',0,NULL,NULL,NULL,1,0,0,0,0,0,0),(807,125,1,36,4,NULL,NULL,NULL,0,'Gnat',1,NULL,NULL,NULL,1,0,0,0,0,0,0),(808,125,1,36,4,NULL,NULL,NULL,0,'Gnat',0,NULL,NULL,NULL,1,0,0,0,0,0,0),(809,125,1,36,4,NULL,NULL,NULL,0,'Gnat',0,NULL,NULL,NULL,1,0,0,0,0,0,0),(810,90,1,36,4,NULL,NULL,NULL,0,'Glancer',1,NULL,NULL,NULL,1,0,0,0,0,0,0),(811,90,1,36,4,NULL,NULL,NULL,0,'Glancer',1,NULL,NULL,NULL,1,0,0,0,0,0,0),(812,90,1,36,4,NULL,NULL,NULL,0,'Glancer',1,NULL,NULL,NULL,1,0,0,0,0,0,0),(813,90,1,36,4,NULL,NULL,NULL,0,'Glancer',1,NULL,NULL,NULL,1,0,0,0,0,0,0),(814,125,1,36,4,NULL,NULL,NULL,0,'Gnat',0,NULL,NULL,NULL,1,0,0,0,0,0,0),(815,125,1,36,4,NULL,NULL,NULL,0,'Gnat',0,NULL,NULL,NULL,1,0,0,0,0,0,0),(816,125,1,36,4,NULL,NULL,NULL,0,'Gnat',0,NULL,NULL,NULL,1,0,0,0,0,0,0),(817,125,1,36,4,NULL,NULL,NULL,0,'Gnat',0,NULL,NULL,NULL,1,0,0,0,0,0,0),(818,125,1,36,4,NULL,NULL,NULL,0,'Gnat',1,NULL,NULL,NULL,1,0,0,0,0,0,0),(819,125,1,36,4,NULL,NULL,NULL,0,'Gnat',1,NULL,NULL,NULL,1,0,0,0,0,0,0),(820,125,1,36,4,NULL,NULL,NULL,0,'Gnat',0,NULL,NULL,NULL,1,0,0,0,0,0,0),(821,125,1,36,4,NULL,NULL,NULL,0,'Gnat',1,NULL,NULL,NULL,1,0,0,0,0,0,0),(822,125,1,36,4,NULL,NULL,NULL,0,'Gnat',1,NULL,NULL,NULL,1,0,0,0,0,0,0),(823,900,1,37,4,NULL,NULL,NULL,0,'Gnawer',0,NULL,NULL,NULL,1,0,0,0,0,0,0),(824,500,1,37,4,NULL,NULL,NULL,0,'Spudder',0,NULL,NULL,NULL,1,0,0,0,0,0,0),(825,500,1,37,4,NULL,NULL,NULL,0,'Spudder',0,NULL,NULL,NULL,1,0,0,0,0,0,0),(826,90,1,37,4,NULL,NULL,NULL,0,'Glancer',1,NULL,NULL,NULL,1,0,0,0,0,0,0),(827,90,1,37,4,NULL,NULL,NULL,0,'Glancer',1,NULL,NULL,NULL,1,0,0,0,0,0,0),(828,125,1,37,4,NULL,NULL,NULL,0,'Gnat',0,NULL,NULL,NULL,1,0,0,0,0,0,0),(829,125,1,37,4,NULL,NULL,NULL,0,'Gnat',1,NULL,NULL,NULL,1,0,0,0,0,0,0),(830,125,1,37,4,NULL,NULL,NULL,0,'Gnat',0,NULL,NULL,NULL,1,0,0,0,0,0,0),(831,90,1,37,4,NULL,NULL,NULL,0,'Glancer',1,NULL,NULL,NULL,1,0,0,0,0,0,0),(832,90,1,37,4,NULL,NULL,NULL,0,'Glancer',1,NULL,NULL,NULL,1,0,0,0,0,0,0),(833,90,1,37,4,NULL,NULL,NULL,0,'Glancer',1,NULL,NULL,NULL,1,0,0,0,0,0,0),(834,90,1,37,4,NULL,NULL,NULL,0,'Glancer',1,NULL,NULL,NULL,1,0,0,0,0,0,0),(835,90,1,37,4,NULL,NULL,NULL,0,'Glancer',1,NULL,NULL,NULL,1,0,0,0,0,0,0),(836,125,1,37,4,NULL,NULL,NULL,0,'Gnat',0,NULL,NULL,NULL,1,0,0,0,0,0,0),(837,125,1,37,4,NULL,NULL,NULL,0,'Gnat',0,NULL,NULL,NULL,1,0,0,0,0,0,0),(838,125,1,37,4,NULL,NULL,NULL,0,'Gnat',0,NULL,NULL,NULL,1,0,0,0,0,0,0),(839,125,1,37,4,NULL,NULL,NULL,0,'Gnat',0,NULL,NULL,NULL,1,0,0,0,0,0,0),(840,125,1,37,4,NULL,NULL,NULL,0,'Gnat',1,NULL,NULL,NULL,1,0,0,0,0,0,0),(841,125,1,37,4,NULL,NULL,NULL,0,'Gnat',1,NULL,NULL,NULL,1,0,0,0,0,0,0),(842,125,1,37,4,NULL,NULL,NULL,0,'Gnat',0,NULL,NULL,NULL,1,0,0,0,0,0,0),(843,900,1,38,4,NULL,NULL,NULL,0,'Gnawer',0,NULL,NULL,NULL,1,0,0,0,0,0,0),(844,900,1,38,4,NULL,NULL,NULL,0,'Gnawer',0,NULL,NULL,NULL,1,0,0,0,0,0,0),(845,900,1,38,4,NULL,NULL,NULL,0,'Gnawer',0,NULL,NULL,NULL,1,0,0,0,0,0,0),(846,900,1,38,4,NULL,NULL,NULL,0,'Gnawer',0,NULL,NULL,NULL,1,0,0,0,0,0,0),(847,500,1,38,4,NULL,NULL,NULL,0,'Spudder',0,NULL,NULL,NULL,1,0,0,0,0,0,0),(848,500,1,38,4,NULL,NULL,NULL,0,'Spudder',1,NULL,NULL,NULL,1,0,0,0,0,0,0),(849,500,1,38,4,NULL,NULL,NULL,0,'Spudder',0,NULL,NULL,NULL,1,0,0,0,0,0,0),(850,500,1,38,4,NULL,NULL,NULL,0,'Spudder',1,NULL,NULL,NULL,1,0,0,0,0,0,0),(851,500,1,38,4,NULL,NULL,NULL,0,'Spudder',0,NULL,NULL,NULL,1,0,0,0,0,0,0),(852,90,1,38,4,NULL,NULL,NULL,0,'Glancer',1,NULL,NULL,NULL,1,0,0,0,0,0,0),(853,90,1,38,4,NULL,NULL,NULL,0,'Glancer',1,NULL,NULL,NULL,1,0,0,0,0,0,0),(854,125,1,38,4,NULL,NULL,NULL,0,'Gnat',0,NULL,NULL,NULL,1,0,0,0,0,0,0),(855,125,1,38,4,NULL,NULL,NULL,0,'Gnat',1,NULL,NULL,NULL,1,0,0,0,0,0,0),(856,125,1,38,4,NULL,NULL,NULL,0,'Gnat',0,NULL,NULL,NULL,1,0,0,0,0,0,0),(857,125,1,38,4,NULL,NULL,NULL,0,'Gnat',0,NULL,NULL,NULL,1,0,0,0,0,0,0),(858,90,1,38,4,NULL,NULL,NULL,0,'Glancer',1,NULL,NULL,NULL,1,0,0,0,0,0,0),(859,90,1,38,4,NULL,NULL,NULL,0,'Glancer',1,NULL,NULL,NULL,1,0,0,0,0,0,0),(860,90,1,38,4,NULL,NULL,NULL,0,'Glancer',1,NULL,NULL,NULL,1,0,0,0,0,0,0),(861,90,1,38,4,NULL,NULL,NULL,0,'Glancer',1,NULL,NULL,NULL,1,0,0,0,0,0,0),(862,90,1,38,4,NULL,NULL,NULL,0,'Glancer',1,NULL,NULL,NULL,1,0,0,0,0,0,0),(863,90,1,38,4,NULL,NULL,NULL,0,'Glancer',1,NULL,NULL,NULL,1,0,0,0,0,0,0),(864,90,1,38,4,NULL,NULL,NULL,0,'Glancer',1,NULL,NULL,NULL,1,0,0,0,0,0,0),(865,125,1,38,4,NULL,NULL,NULL,0,'Gnat',0,NULL,NULL,NULL,1,0,0,0,0,0,0),(866,125,1,38,4,NULL,NULL,NULL,0,'Gnat',0,NULL,NULL,NULL,1,0,0,0,0,0,0),(867,125,1,38,4,NULL,NULL,NULL,0,'Gnat',0,NULL,NULL,NULL,1,0,0,0,0,0,0),(868,125,1,38,4,NULL,NULL,NULL,0,'Gnat',0,NULL,NULL,NULL,1,0,0,0,0,0,0),(869,125,1,38,4,NULL,NULL,NULL,0,'Gnat',1,NULL,NULL,NULL,1,0,0,0,0,0,0),(870,125,1,38,4,NULL,NULL,NULL,0,'Gnat',1,NULL,NULL,NULL,1,0,0,0,0,0,0),(871,125,1,38,4,NULL,NULL,NULL,0,'Gnat',0,NULL,NULL,NULL,1,0,0,0,0,0,0),(872,125,1,38,4,NULL,NULL,NULL,0,'Gnat',0,NULL,NULL,NULL,1,0,0,0,0,0,0),(873,900,1,39,4,NULL,NULL,NULL,0,'Gnawer',0,NULL,NULL,NULL,1,0,0,0,0,0,0),(874,900,1,39,4,NULL,NULL,NULL,0,'Gnawer',0,NULL,NULL,NULL,1,0,0,0,0,0,0),(875,900,1,39,4,NULL,NULL,NULL,0,'Gnawer',0,NULL,NULL,NULL,1,0,0,0,0,0,0),(876,500,1,39,4,NULL,NULL,NULL,0,'Spudder',0,NULL,NULL,NULL,1,0,0,0,0,0,0),(877,500,1,39,4,NULL,NULL,NULL,0,'Spudder',0,NULL,NULL,NULL,1,0,0,0,0,0,0),(878,500,1,39,4,NULL,NULL,NULL,0,'Spudder',1,NULL,NULL,NULL,1,0,0,0,0,0,0),(879,900,1,39,4,NULL,NULL,NULL,0,'Gnawer',0,NULL,NULL,NULL,1,0,0,0,0,0,0),(880,500,1,39,4,NULL,NULL,NULL,0,'Spudder',0,NULL,NULL,NULL,1,0,0,0,0,0,0),(881,500,1,39,4,NULL,NULL,NULL,0,'Spudder',0,NULL,NULL,NULL,1,0,0,0,0,0,0),(882,90,1,39,4,NULL,NULL,NULL,0,'Glancer',1,NULL,NULL,NULL,1,0,0,0,0,0,0),(883,90,1,39,4,NULL,NULL,NULL,0,'Glancer',1,NULL,NULL,NULL,1,0,0,0,0,0,0),(884,125,1,39,4,NULL,NULL,NULL,0,'Gnat',1,NULL,NULL,NULL,1,0,0,0,0,0,0),(885,125,1,39,4,NULL,NULL,NULL,0,'Gnat',0,NULL,NULL,NULL,1,0,0,0,0,0,0),(886,90,1,39,4,NULL,NULL,NULL,0,'Glancer',1,NULL,NULL,NULL,1,0,0,0,0,0,0),(887,90,1,39,4,NULL,NULL,NULL,0,'Glancer',1,NULL,NULL,NULL,1,0,0,0,0,0,0),(888,90,1,39,4,NULL,NULL,NULL,0,'Glancer',1,NULL,NULL,NULL,1,0,0,0,0,0,0),(889,90,1,39,4,NULL,NULL,NULL,0,'Glancer',1,NULL,NULL,NULL,1,0,0,0,0,0,0),(890,90,1,39,4,NULL,NULL,NULL,0,'Glancer',1,NULL,NULL,NULL,1,0,0,0,0,0,0),(891,90,1,39,4,NULL,NULL,NULL,0,'Glancer',1,NULL,NULL,NULL,1,0,0,0,0,0,0),(892,125,1,39,4,NULL,NULL,NULL,0,'Gnat',0,NULL,NULL,NULL,1,0,0,0,0,0,0),(893,125,1,39,4,NULL,NULL,NULL,0,'Gnat',0,NULL,NULL,NULL,1,0,0,0,0,0,0),(894,125,1,39,4,NULL,NULL,NULL,0,'Gnat',0,NULL,NULL,NULL,1,0,0,0,0,0,0),(895,125,1,39,4,NULL,NULL,NULL,0,'Gnat',0,NULL,NULL,NULL,1,0,0,0,0,0,0),(896,125,1,39,4,NULL,NULL,NULL,0,'Gnat',1,NULL,NULL,NULL,1,0,0,0,0,0,0),(897,125,1,39,4,NULL,NULL,NULL,0,'Gnat',1,NULL,NULL,NULL,1,0,0,0,0,0,0),(898,900,1,40,4,NULL,NULL,NULL,0,'Gnawer',0,NULL,NULL,NULL,1,0,0,0,0,0,0),(899,900,1,40,4,NULL,NULL,NULL,0,'Gnawer',0,NULL,NULL,NULL,1,0,0,0,0,0,0),(900,500,1,40,4,NULL,NULL,NULL,0,'Spudder',0,NULL,NULL,NULL,1,0,0,0,0,0,0),(901,500,1,40,4,NULL,NULL,NULL,0,'Spudder',1,NULL,NULL,NULL,1,0,0,0,0,0,0),(902,900,1,40,4,NULL,NULL,NULL,0,'Gnawer',0,NULL,NULL,NULL,1,0,0,0,0,0,0),(903,500,1,40,4,NULL,NULL,NULL,0,'Spudder',0,NULL,NULL,NULL,1,0,0,0,0,0,0),(904,500,1,40,4,NULL,NULL,NULL,0,'Spudder',0,NULL,NULL,NULL,1,0,0,0,0,0,0),(905,90,1,40,4,NULL,NULL,NULL,0,'Glancer',1,NULL,NULL,NULL,1,0,0,0,0,0,0),(906,90,1,40,4,NULL,NULL,NULL,0,'Glancer',1,NULL,NULL,NULL,1,0,0,0,0,0,0),(907,125,1,40,4,NULL,NULL,NULL,0,'Gnat',0,NULL,NULL,NULL,1,0,0,0,0,0,0),(908,125,1,40,4,NULL,NULL,NULL,0,'Gnat',0,NULL,NULL,NULL,1,0,0,0,0,0,0),(909,90,1,40,4,NULL,NULL,NULL,0,'Glancer',1,NULL,NULL,NULL,1,0,0,0,0,0,0),(910,90,1,40,4,NULL,NULL,NULL,0,'Glancer',1,NULL,NULL,NULL,1,0,0,0,0,0,0),(911,90,1,40,4,NULL,NULL,NULL,0,'Glancer',1,NULL,NULL,NULL,1,0,0,0,0,0,0),(912,90,1,40,4,NULL,NULL,NULL,0,'Glancer',1,NULL,NULL,NULL,1,0,0,0,0,0,0),(913,90,1,40,4,NULL,NULL,NULL,0,'Glancer',1,NULL,NULL,NULL,1,0,0,0,0,0,0),(914,90,1,40,4,NULL,NULL,NULL,0,'Glancer',1,NULL,NULL,NULL,1,0,0,0,0,0,0),(915,90,1,40,4,NULL,NULL,NULL,0,'Glancer',1,NULL,NULL,NULL,1,0,0,0,0,0,0),(916,125,1,40,4,NULL,NULL,NULL,0,'Gnat',0,NULL,NULL,NULL,1,0,0,0,0,0,0),(917,125,1,40,4,NULL,NULL,NULL,0,'Gnat',0,NULL,NULL,NULL,1,0,0,0,0,0,0),(918,125,1,40,4,NULL,NULL,NULL,0,'Gnat',0,NULL,NULL,NULL,1,0,0,0,0,0,0),(919,125,1,40,4,NULL,NULL,NULL,0,'Gnat',0,NULL,NULL,NULL,1,0,0,0,0,0,0),(920,125,1,40,4,NULL,NULL,NULL,0,'Gnat',1,NULL,NULL,NULL,1,0,0,0,0,0,0),(921,125,1,40,4,NULL,NULL,NULL,0,'Gnat',1,NULL,NULL,NULL,1,0,0,0,0,0,0),(922,125,1,40,4,NULL,NULL,NULL,0,'Gnat',0,NULL,NULL,NULL,1,0,0,0,0,0,0),(923,125,1,40,4,NULL,NULL,NULL,0,'Gnat',0,NULL,NULL,NULL,1,0,0,0,0,0,0),(924,125,1,40,4,NULL,NULL,NULL,0,'Gnat',1,NULL,NULL,NULL,1,0,0,0,0,0,0),(925,90,1,41,4,NULL,NULL,NULL,0,'Glancer',1,NULL,NULL,NULL,1,0,0,0,0,0,0),(926,125,1,41,4,NULL,NULL,NULL,0,'Gnat',0,NULL,NULL,NULL,1,0,0,0,0,0,0),(927,125,1,41,4,NULL,NULL,NULL,0,'Gnat',1,NULL,NULL,NULL,1,0,0,0,0,0,0),(928,125,1,41,4,NULL,NULL,NULL,0,'Gnat',0,NULL,NULL,NULL,1,0,0,0,0,0,0),(929,90,1,41,4,NULL,NULL,NULL,0,'Glancer',1,NULL,NULL,NULL,1,0,0,0,0,0,0),(930,90,1,41,4,NULL,NULL,NULL,0,'Glancer',1,NULL,NULL,NULL,1,0,0,0,0,0,0),(931,90,1,41,4,NULL,NULL,NULL,0,'Glancer',1,NULL,NULL,NULL,1,0,0,0,0,0,0),(932,90,1,41,4,NULL,NULL,NULL,0,'Glancer',1,NULL,NULL,NULL,1,0,0,0,0,0,0),(933,90,1,41,4,NULL,NULL,NULL,0,'Glancer',1,NULL,NULL,NULL,1,0,0,0,0,0,0),(934,125,1,41,4,NULL,NULL,NULL,0,'Gnat',0,NULL,NULL,NULL,1,0,0,0,0,0,0),(935,125,1,41,4,NULL,NULL,NULL,0,'Gnat',0,NULL,NULL,NULL,1,0,0,0,0,0,0),(936,125,1,41,4,NULL,NULL,NULL,0,'Gnat',0,NULL,NULL,NULL,1,0,0,0,0,0,0),(937,125,1,41,4,NULL,NULL,NULL,0,'Gnat',0,NULL,NULL,NULL,1,0,0,0,0,0,0),(938,125,1,41,4,NULL,NULL,NULL,0,'Gnat',1,NULL,NULL,NULL,1,0,0,0,0,0,0),(939,125,1,41,4,NULL,NULL,NULL,0,'Gnat',1,NULL,NULL,NULL,1,0,0,0,0,0,0),(940,125,1,41,4,NULL,NULL,NULL,0,'Gnat',0,NULL,NULL,NULL,1,0,0,0,0,0,0),(941,125,1,41,4,NULL,NULL,NULL,0,'Gnat',1,NULL,NULL,NULL,1,0,0,0,0,0,0),(942,500,1,42,4,NULL,NULL,NULL,0,'Spudder',0,NULL,NULL,NULL,1,0,0,0,0,0,0),(943,90,1,42,4,NULL,NULL,NULL,0,'Glancer',1,NULL,NULL,NULL,1,0,0,0,0,0,0),(944,90,1,42,4,NULL,NULL,NULL,0,'Glancer',1,NULL,NULL,NULL,1,0,0,0,0,0,0),(945,125,1,42,4,NULL,NULL,NULL,0,'Gnat',0,NULL,NULL,NULL,1,0,0,0,0,0,0),(946,125,1,42,4,NULL,NULL,NULL,0,'Gnat',1,NULL,NULL,NULL,1,0,0,0,0,0,0),(947,125,1,42,4,NULL,NULL,NULL,0,'Gnat',1,NULL,NULL,NULL,1,0,0,0,0,0,0),(948,125,1,42,4,NULL,NULL,NULL,0,'Gnat',0,NULL,NULL,NULL,1,0,0,0,0,0,0),(949,125,1,42,4,NULL,NULL,NULL,0,'Gnat',0,NULL,NULL,NULL,1,0,0,0,0,0,0),(950,90,1,42,4,NULL,NULL,NULL,0,'Glancer',1,NULL,NULL,NULL,1,0,0,0,0,0,0),(951,90,1,42,4,NULL,NULL,NULL,0,'Glancer',1,NULL,NULL,NULL,1,0,0,0,0,0,0),(952,90,1,42,4,NULL,NULL,NULL,0,'Glancer',1,NULL,NULL,NULL,1,0,0,0,0,0,0),(953,90,1,42,4,NULL,NULL,NULL,0,'Glancer',1,NULL,NULL,NULL,1,0,0,0,0,0,0),(954,90,1,42,4,NULL,NULL,NULL,0,'Glancer',1,NULL,NULL,NULL,1,0,0,0,0,0,0),(955,90,1,42,4,NULL,NULL,NULL,0,'Glancer',1,NULL,NULL,NULL,1,0,0,0,0,0,0),(956,90,1,42,4,NULL,NULL,NULL,0,'Glancer',1,NULL,NULL,NULL,1,0,0,0,0,0,0),(957,90,1,42,4,NULL,NULL,NULL,0,'Glancer',1,NULL,NULL,NULL,1,0,0,0,0,0,0),(958,125,1,42,4,NULL,NULL,NULL,0,'Gnat',0,NULL,NULL,NULL,1,0,0,0,0,0,0),(959,125,1,42,4,NULL,NULL,NULL,0,'Gnat',0,NULL,NULL,NULL,1,0,0,0,0,0,0),(960,125,1,42,4,NULL,NULL,NULL,0,'Gnat',0,NULL,NULL,NULL,1,0,0,0,0,0,0),(961,125,1,42,4,NULL,NULL,NULL,0,'Gnat',0,NULL,NULL,NULL,1,0,0,0,0,0,0),(962,125,1,42,4,NULL,NULL,NULL,0,'Gnat',1,NULL,NULL,NULL,1,0,0,0,0,0,0),(963,125,1,42,4,NULL,NULL,NULL,0,'Gnat',1,NULL,NULL,NULL,1,0,0,0,0,0,0),(964,125,1,42,4,NULL,NULL,NULL,0,'Gnat',0,NULL,NULL,NULL,1,0,0,0,0,0,0),(965,125,1,42,4,NULL,NULL,NULL,0,'Gnat',0,NULL,NULL,NULL,1,0,0,0,0,0,0),(966,90,1,43,4,NULL,NULL,NULL,0,'Glancer',1,NULL,NULL,NULL,1,0,0,0,0,0,0),(967,90,1,43,4,NULL,NULL,NULL,0,'Glancer',1,NULL,NULL,NULL,1,0,0,0,0,0,0),(968,125,1,43,4,NULL,NULL,NULL,0,'Gnat',0,NULL,NULL,NULL,1,0,0,0,0,0,0),(969,125,1,43,4,NULL,NULL,NULL,0,'Gnat',1,NULL,NULL,NULL,1,0,0,0,0,0,0),(970,125,1,43,4,NULL,NULL,NULL,0,'Gnat',0,NULL,NULL,NULL,1,0,0,0,0,0,0),(971,90,1,43,4,NULL,NULL,NULL,0,'Glancer',1,NULL,NULL,NULL,1,0,0,0,0,0,0),(972,90,1,43,4,NULL,NULL,NULL,0,'Glancer',1,NULL,NULL,NULL,1,0,0,0,0,0,0),(973,90,1,43,4,NULL,NULL,NULL,0,'Glancer',1,NULL,NULL,NULL,1,0,0,0,0,0,0),(974,90,1,43,4,NULL,NULL,NULL,0,'Glancer',1,NULL,NULL,NULL,1,0,0,0,0,0,0),(975,90,1,43,4,NULL,NULL,NULL,0,'Glancer',1,NULL,NULL,NULL,1,0,0,0,0,0,0),(976,90,1,43,4,NULL,NULL,NULL,0,'Glancer',1,NULL,NULL,NULL,1,0,0,0,0,0,0),(977,90,1,43,4,NULL,NULL,NULL,0,'Glancer',1,NULL,NULL,NULL,1,0,0,0,0,0,0),(978,125,1,43,4,NULL,NULL,NULL,0,'Gnat',0,NULL,NULL,NULL,1,0,0,0,0,0,0),(979,125,1,43,4,NULL,NULL,NULL,0,'Gnat',0,NULL,NULL,NULL,1,0,0,0,0,0,0),(980,125,1,43,4,NULL,NULL,NULL,0,'Gnat',0,NULL,NULL,NULL,1,0,0,0,0,0,0),(981,125,1,43,4,NULL,NULL,NULL,0,'Gnat',0,NULL,NULL,NULL,1,0,0,0,0,0,0),(982,125,1,43,4,NULL,NULL,NULL,0,'Gnat',1,NULL,NULL,NULL,1,0,0,0,0,0,0),(983,125,1,43,4,NULL,NULL,NULL,0,'Gnat',1,NULL,NULL,NULL,1,0,0,0,0,0,0),(984,125,1,43,4,NULL,NULL,NULL,0,'Gnat',0,NULL,NULL,NULL,1,0,0,0,0,0,0),(985,125,1,44,4,NULL,NULL,NULL,0,'Gnat',0,NULL,NULL,NULL,1,0,0,0,0,0,0),(986,125,1,44,4,NULL,NULL,NULL,0,'Gnat',0,NULL,NULL,NULL,1,0,0,0,0,0,0),(987,125,1,44,4,NULL,NULL,NULL,0,'Gnat',0,NULL,NULL,NULL,1,0,0,0,0,0,0),(988,125,1,44,4,NULL,NULL,NULL,0,'Gnat',0,NULL,NULL,NULL,1,0,0,0,0,0,0),(989,125,1,44,4,NULL,NULL,NULL,0,'Gnat',1,NULL,NULL,NULL,1,0,0,0,0,0,0),(990,125,1,44,4,NULL,NULL,NULL,0,'Gnat',1,NULL,NULL,NULL,1,0,0,0,0,0,0),(991,125,1,44,4,NULL,NULL,NULL,0,'Gnat',0,NULL,NULL,NULL,1,0,0,0,0,0,0),(992,125,1,44,4,NULL,NULL,NULL,0,'Gnat',0,NULL,NULL,NULL,1,0,0,0,0,0,0),(993,125,1,45,4,NULL,NULL,NULL,0,'Gnat',0,NULL,NULL,NULL,1,0,0,0,0,0,0),(994,125,1,45,4,NULL,NULL,NULL,0,'Gnat',0,NULL,NULL,NULL,1,0,0,0,0,0,0),(995,125,1,45,4,NULL,NULL,NULL,0,'Gnat',0,NULL,NULL,NULL,1,0,0,0,0,0,0),(996,125,1,45,4,NULL,NULL,NULL,0,'Gnat',0,NULL,NULL,NULL,1,0,0,0,0,0,0),(997,125,1,45,4,NULL,NULL,NULL,0,'Gnat',1,NULL,NULL,NULL,1,0,0,0,0,0,0),(998,125,1,45,4,NULL,NULL,NULL,0,'Gnat',1,NULL,NULL,NULL,1,0,0,0,0,0,0),(999,125,1,45,4,NULL,NULL,NULL,0,'Gnat',0,NULL,NULL,NULL,1,0,0,0,0,0,0),(1000,125,1,45,4,NULL,NULL,NULL,0,'Gnat',0,NULL,NULL,NULL,1,0,0,0,0,0,0),(1001,125,1,45,4,NULL,NULL,NULL,0,'Gnat',1,NULL,NULL,NULL,1,0,0,0,0,0,0),(1002,125,1,46,4,NULL,NULL,NULL,0,'Gnat',0,NULL,NULL,NULL,1,0,0,0,0,0,0),(1003,125,1,46,4,NULL,NULL,NULL,0,'Gnat',0,NULL,NULL,NULL,1,0,0,0,0,0,0),(1004,125,1,46,4,NULL,NULL,NULL,0,'Gnat',0,NULL,NULL,NULL,1,0,0,0,0,0,0),(1005,125,1,46,4,NULL,NULL,NULL,0,'Gnat',0,NULL,NULL,NULL,1,0,0,0,0,0,0),(1006,125,1,46,4,NULL,NULL,NULL,0,'Gnat',1,NULL,NULL,NULL,1,0,0,0,0,0,0),(1007,125,1,46,4,NULL,NULL,NULL,0,'Gnat',1,NULL,NULL,NULL,1,0,0,0,0,0,0),(1008,125,1,46,4,NULL,NULL,NULL,0,'Gnat',1,NULL,NULL,NULL,1,0,0,0,0,0,0),(1009,125,1,47,4,NULL,NULL,NULL,0,'Gnat',0,NULL,NULL,NULL,1,0,0,0,0,0,0),(1010,125,1,47,4,NULL,NULL,NULL,0,'Gnat',0,NULL,NULL,NULL,1,0,0,0,0,0,0),(1011,125,1,47,4,NULL,NULL,NULL,0,'Gnat',0,NULL,NULL,NULL,1,0,0,0,0,0,0),(1012,125,1,47,4,NULL,NULL,NULL,0,'Gnat',0,NULL,NULL,NULL,1,0,0,0,0,0,0),(1013,125,1,47,4,NULL,NULL,NULL,0,'Gnat',1,NULL,NULL,NULL,1,0,0,0,0,0,0),(1014,125,1,47,4,NULL,NULL,NULL,0,'Gnat',1,NULL,NULL,NULL,1,0,0,0,0,0,0),(1015,125,1,47,4,NULL,NULL,NULL,0,'Gnat',0,NULL,NULL,NULL,1,0,0,0,0,0,0),(1016,125,1,47,4,NULL,NULL,NULL,0,'Gnat',0,NULL,NULL,NULL,1,0,0,0,0,0,0),(1017,125,1,47,4,NULL,NULL,NULL,0,'Gnat',1,NULL,NULL,NULL,1,0,0,0,0,0,0),(1018,26875,1,3,1,NULL,NULL,NULL,0,'Demosis',0,1,135,NULL,1,0,0,0,0,0,0),(1019,26875,1,3,1,NULL,NULL,NULL,0,'Demosis',0,1,135,NULL,1,0,0,0,0,0,0),(1020,26875,1,3,1,NULL,NULL,NULL,0,'Demosis',0,1,135,NULL,1,0,0,0,0,0,0),(1021,26875,1,3,1,NULL,NULL,NULL,0,'Demosis',0,1,135,NULL,1,0,0,0,0,0,0),(1022,4475,1,3,1,NULL,NULL,NULL,0,'Thor',1,1,135,NULL,1,0,0,0,0,0,0),(1023,4475,1,3,1,NULL,NULL,NULL,0,'Thor',1,1,135,NULL,1,0,0,0,0,0,0),(1024,4475,1,3,1,NULL,NULL,NULL,0,'Thor',0,1,135,NULL,1,0,0,0,0,0,0),(1025,4475,1,3,1,NULL,NULL,NULL,0,'Thor',0,1,135,NULL,1,0,0,0,0,0,0),(1026,4475,1,3,1,NULL,NULL,NULL,0,'Thor',1,1,135,NULL,1,0,0,0,0,0,0),(1027,4475,1,3,1,NULL,NULL,NULL,0,'Thor',0,1,135,NULL,1,0,0,0,0,0,0),(1028,4475,1,3,1,NULL,NULL,NULL,0,'Thor',1,1,135,NULL,1,0,0,0,0,0,0),(1029,4475,1,3,1,NULL,NULL,NULL,0,'Thor',1,1,135,NULL,1,0,0,0,0,0,0),(1030,2812,1,3,1,NULL,NULL,NULL,0,'Dirac',0,1,135,NULL,1,0,0,0,0,0,0),(1031,2812,1,3,1,NULL,NULL,NULL,0,'Dirac',1,1,135,NULL,1,0,0,0,0,0,0),(1032,2812,1,3,1,NULL,NULL,NULL,0,'Dirac',0,1,135,NULL,1,0,0,0,0,0,0),(1033,2812,1,3,1,NULL,NULL,NULL,0,'Dirac',1,1,135,NULL,1,0,0,0,0,0,0),(1034,2812,1,3,1,NULL,NULL,NULL,0,'Dirac',1,1,135,NULL,1,0,0,0,0,0,0),(1035,2812,1,3,1,NULL,NULL,NULL,0,'Dirac',1,1,135,NULL,1,0,0,0,0,0,0),(1036,2812,1,3,1,NULL,NULL,NULL,0,'Dirac',0,1,135,NULL,1,0,0,0,0,0,0),(1037,2812,1,3,1,NULL,NULL,NULL,0,'Dirac',1,1,135,NULL,1,0,0,0,0,0,0),(1038,2812,1,3,1,NULL,NULL,NULL,0,'Dirac',1,1,135,NULL,1,0,0,0,0,0,0),(1039,2812,1,3,1,NULL,NULL,NULL,0,'Dirac',1,1,135,NULL,1,0,0,0,0,0,0),(1040,2812,1,3,1,NULL,NULL,NULL,0,'Dirac',1,1,135,NULL,1,0,0,0,0,0,0),(1041,2812,1,3,1,NULL,NULL,NULL,0,'Dirac',0,1,135,NULL,1,0,0,0,0,0,0),(1042,26875,1,3,1,NULL,NULL,NULL,0,'Demosis',0,3,270,NULL,1,0,0,0,0,0,0),(1043,26875,1,3,1,NULL,NULL,NULL,0,'Demosis',0,3,270,NULL,1,0,0,0,0,0,0),(1044,26875,1,3,1,NULL,NULL,NULL,0,'Demosis',0,3,270,NULL,1,0,0,0,0,0,0),(1045,4475,1,3,1,NULL,NULL,NULL,0,'Thor',0,3,270,NULL,1,0,0,0,0,0,0),(1046,4475,1,3,1,NULL,NULL,NULL,0,'Thor',0,3,270,NULL,1,0,0,0,0,0,0),(1047,4475,1,3,1,NULL,NULL,NULL,0,'Thor',1,3,270,NULL,1,0,0,0,0,0,0),(1048,4475,1,3,1,NULL,NULL,NULL,0,'Thor',0,3,270,NULL,1,0,0,0,0,0,0),(1049,4475,1,3,1,NULL,NULL,NULL,0,'Thor',1,3,270,NULL,1,0,0,0,0,0,0),(1050,4475,1,3,1,NULL,NULL,NULL,0,'Thor',1,3,270,NULL,1,0,0,0,0,0,0),(1051,4475,1,3,1,NULL,NULL,NULL,0,'Thor',1,3,270,NULL,1,0,0,0,0,0,0),(1052,4475,1,3,1,NULL,NULL,NULL,0,'Thor',1,3,270,NULL,1,0,0,0,0,0,0),(1053,4475,1,3,1,NULL,NULL,NULL,0,'Thor',0,3,270,NULL,1,0,0,0,0,0,0),(1054,4475,1,3,1,NULL,NULL,NULL,0,'Thor',0,3,270,NULL,1,0,0,0,0,0,0),(1055,2812,1,3,1,NULL,NULL,NULL,0,'Dirac',0,3,270,NULL,1,0,0,0,0,0,0),(1056,2812,1,3,1,NULL,NULL,NULL,0,'Dirac',0,3,270,NULL,1,0,0,0,0,0,0),(1057,2812,1,3,1,NULL,NULL,NULL,0,'Dirac',0,3,270,NULL,1,0,0,0,0,0,0),(1058,2812,1,3,1,NULL,NULL,NULL,0,'Dirac',1,3,270,NULL,1,0,0,0,0,0,0),(1059,2812,1,3,1,NULL,NULL,NULL,0,'Dirac',0,3,270,NULL,1,0,0,0,0,0,0),(1060,2812,1,3,1,NULL,NULL,NULL,0,'Dirac',1,3,270,NULL,1,0,0,0,0,0,0),(1061,2812,1,3,1,NULL,NULL,NULL,0,'Dirac',0,3,270,NULL,1,0,0,0,0,0,0),(1062,2812,1,3,1,NULL,NULL,NULL,0,'Dirac',1,3,270,NULL,1,0,0,0,0,0,0),(1063,2812,1,3,1,NULL,NULL,NULL,0,'Dirac',0,3,270,NULL,1,0,0,0,0,0,0),(1064,2812,1,3,1,NULL,NULL,NULL,0,'Dirac',1,3,270,NULL,1,0,0,0,0,0,0),(1065,2812,1,3,1,NULL,NULL,NULL,0,'Dirac',1,3,270,NULL,1,0,0,0,0,0,0),(1066,2812,1,3,1,NULL,NULL,NULL,0,'Dirac',1,3,270,NULL,1,0,0,0,0,0,0),(1067,4475,1,3,1,NULL,NULL,NULL,0,'Thor',0,2,330,NULL,1,0,0,0,0,0,0),(1068,4475,1,3,1,NULL,NULL,NULL,0,'Thor',0,2,330,NULL,1,0,0,0,0,0,0),(1069,4475,1,3,1,NULL,NULL,NULL,0,'Thor',1,2,330,NULL,1,0,0,0,0,0,0),(1070,4475,1,3,1,NULL,NULL,NULL,0,'Thor',1,2,330,NULL,1,0,0,0,0,0,0),(1071,4475,1,3,1,NULL,NULL,NULL,0,'Thor',1,2,330,NULL,1,0,0,0,0,0,0),(1072,2812,1,3,1,NULL,NULL,NULL,0,'Dirac',0,2,330,NULL,1,0,0,0,0,0,0),(1073,2812,1,3,1,NULL,NULL,NULL,0,'Dirac',1,2,330,NULL,1,0,0,0,0,0,0),(1074,2812,1,3,1,NULL,NULL,NULL,0,'Dirac',1,2,330,NULL,1,0,0,0,0,0,0),(1075,2812,1,3,1,NULL,NULL,NULL,0,'Dirac',1,2,330,NULL,1,0,0,0,0,0,0),(1076,2812,1,3,1,NULL,NULL,NULL,0,'Dirac',0,2,330,NULL,1,0,0,0,0,0,0),(1077,26875,1,3,1,NULL,NULL,NULL,0,'Demosis',0,2,0,NULL,1,0,0,0,0,0,0),(1078,4475,1,3,1,NULL,NULL,NULL,0,'Thor',0,2,0,NULL,1,0,0,0,0,0,0),(1079,4475,1,3,1,NULL,NULL,NULL,0,'Thor',1,2,0,NULL,1,0,0,0,0,0,0),(1080,4475,1,3,1,NULL,NULL,NULL,0,'Thor',1,2,0,NULL,1,0,0,0,0,0,0),(1081,4475,1,3,1,NULL,NULL,NULL,0,'Thor',1,2,0,NULL,1,0,0,0,0,0,0),(1082,4475,1,3,1,NULL,NULL,NULL,0,'Thor',0,2,0,NULL,1,0,0,0,0,0,0),(1083,4475,1,3,1,NULL,NULL,NULL,0,'Thor',1,2,0,NULL,1,0,0,0,0,0,0),(1084,4475,1,3,1,NULL,NULL,NULL,0,'Thor',1,2,0,NULL,1,0,0,0,0,0,0),(1085,4475,1,3,1,NULL,NULL,NULL,0,'Thor',1,2,0,NULL,1,0,0,0,0,0,0),(1086,2812,1,3,1,NULL,NULL,NULL,0,'Dirac',1,2,0,NULL,1,0,0,0,0,0,0),(1087,2812,1,3,1,NULL,NULL,NULL,0,'Dirac',1,2,0,NULL,1,0,0,0,0,0,0),(1088,2812,1,3,1,NULL,NULL,NULL,0,'Dirac',1,2,0,NULL,1,0,0,0,0,0,0),(1089,2812,1,3,1,NULL,NULL,NULL,0,'Dirac',1,2,0,NULL,1,0,0,0,0,0,0),(1090,26875,1,3,1,NULL,NULL,NULL,0,'Demosis',0,0,180,NULL,1,0,0,0,0,0,0),(1091,4475,1,3,1,NULL,NULL,NULL,0,'Thor',1,0,180,NULL,1,0,0,0,0,0,0),(1092,4475,1,3,1,NULL,NULL,NULL,0,'Thor',1,0,180,NULL,1,0,0,0,0,0,0),(1093,4475,1,3,1,NULL,NULL,NULL,0,'Thor',0,0,180,NULL,1,0,0,0,0,0,0),(1094,4475,1,3,1,NULL,NULL,NULL,0,'Thor',1,0,180,NULL,1,0,0,0,0,0,0),(1095,4475,1,3,1,NULL,NULL,NULL,0,'Thor',0,0,180,NULL,1,0,0,0,0,0,0),(1096,2812,1,3,1,NULL,NULL,NULL,0,'Dirac',0,0,180,NULL,1,0,0,0,0,0,0),(1097,2812,1,3,1,NULL,NULL,NULL,0,'Dirac',0,0,180,NULL,1,0,0,0,0,0,0),(1098,2812,1,3,1,NULL,NULL,NULL,0,'Dirac',1,0,180,NULL,1,0,0,0,0,0,0),(1099,2812,1,3,1,NULL,NULL,NULL,0,'Dirac',1,0,180,NULL,1,0,0,0,0,0,0),(1100,2812,1,3,1,NULL,NULL,NULL,0,'Dirac',0,0,180,NULL,1,0,0,0,0,0,0),(1101,2812,1,3,1,NULL,NULL,NULL,0,'Dirac',0,0,180,NULL,1,0,0,0,0,0,0),(1102,2812,1,3,1,NULL,NULL,NULL,0,'Dirac',0,0,180,NULL,1,0,0,0,0,0,0),(1103,2812,1,3,1,NULL,NULL,NULL,0,'Dirac',1,0,180,NULL,1,0,0,0,0,0,0),(1104,2812,1,3,1,NULL,NULL,NULL,0,'Dirac',1,0,180,NULL,1,0,0,0,0,0,0),(1105,2812,1,3,1,NULL,NULL,NULL,0,'Dirac',0,0,180,NULL,1,0,0,0,0,0,0),(1106,2812,1,3,1,NULL,NULL,NULL,0,'Dirac',0,0,180,NULL,1,0,0,0,0,0,0),(1107,2812,1,3,1,NULL,NULL,NULL,0,'Dirac',1,0,180,NULL,1,0,0,0,0,0,0),(1108,2812,1,3,1,NULL,NULL,NULL,0,'Dirac',0,0,180,NULL,1,0,0,0,0,0,0),(1109,2812,1,3,1,NULL,NULL,NULL,0,'Dirac',1,0,180,NULL,1,0,0,0,0,0,0),(1110,2812,1,3,1,NULL,NULL,NULL,0,'Dirac',1,0,180,NULL,1,0,0,0,0,0,0),(1111,2812,1,3,1,NULL,NULL,NULL,0,'Dirac',0,0,180,NULL,1,0,0,0,0,0,0),(1112,26875,1,3,1,NULL,NULL,NULL,0,'Demosis',0,2,300,NULL,1,0,0,0,0,0,0),(1113,26875,1,3,1,NULL,NULL,NULL,0,'Demosis',0,2,300,NULL,1,0,0,0,0,0,0),(1114,4475,1,3,1,NULL,NULL,NULL,0,'Thor',1,2,300,NULL,1,0,0,0,0,0,0),(1115,4475,1,3,1,NULL,NULL,NULL,0,'Thor',0,2,300,NULL,1,0,0,0,0,0,0),(1116,4475,1,3,1,NULL,NULL,NULL,0,'Thor',1,2,300,NULL,1,0,0,0,0,0,0),(1117,4475,1,3,1,NULL,NULL,NULL,0,'Thor',1,2,300,NULL,1,0,0,0,0,0,0),(1118,4475,1,3,1,NULL,NULL,NULL,0,'Thor',0,2,300,NULL,1,0,0,0,0,0,0),(1119,4475,1,3,1,NULL,NULL,NULL,0,'Thor',1,2,300,NULL,1,0,0,0,0,0,0),(1120,4475,1,3,1,NULL,NULL,NULL,0,'Thor',1,2,300,NULL,1,0,0,0,0,0,0),(1121,4475,1,3,1,NULL,NULL,NULL,0,'Thor',1,2,300,NULL,1,0,0,0,0,0,0),(1122,4475,1,3,1,NULL,NULL,NULL,0,'Thor',1,2,300,NULL,1,0,0,0,0,0,0),(1123,4475,1,3,1,NULL,NULL,NULL,0,'Thor',1,2,300,NULL,1,0,0,0,0,0,0),(1124,4475,1,3,1,NULL,NULL,NULL,0,'Thor',0,2,300,NULL,1,0,0,0,0,0,0),(1125,4475,1,3,1,NULL,NULL,NULL,0,'Thor',1,2,300,NULL,1,0,0,0,0,0,0),(1126,2812,1,3,1,NULL,NULL,NULL,0,'Dirac',1,2,300,NULL,1,0,0,0,0,0,0),(1127,2812,1,3,1,NULL,NULL,NULL,0,'Dirac',0,2,300,NULL,1,0,0,0,0,0,0),(1128,2812,1,3,1,NULL,NULL,NULL,0,'Dirac',1,2,300,NULL,1,0,0,0,0,0,0),(1129,2812,1,3,1,NULL,NULL,NULL,0,'Dirac',1,2,300,NULL,1,0,0,0,0,0,0),(1130,2812,1,3,1,NULL,NULL,NULL,0,'Dirac',0,2,300,NULL,1,0,0,0,0,0,0),(1131,2812,1,3,1,NULL,NULL,NULL,0,'Dirac',1,2,300,NULL,1,0,0,0,0,0,0),(1132,2812,1,3,1,NULL,NULL,NULL,0,'Dirac',0,2,300,NULL,1,0,0,0,0,0,0),(1133,2812,1,3,1,NULL,NULL,NULL,0,'Dirac',0,2,300,NULL,1,0,0,0,0,0,0),(1134,26875,1,3,1,NULL,NULL,NULL,0,'Demosis',0,0,0,NULL,1,0,0,0,0,0,0),(1135,26875,1,3,1,NULL,NULL,NULL,0,'Demosis',0,0,0,NULL,1,0,0,0,0,0,0),(1136,26875,1,3,1,NULL,NULL,NULL,0,'Demosis',0,0,0,NULL,1,0,0,0,0,0,0),(1137,4475,1,3,1,NULL,NULL,NULL,0,'Thor',0,0,0,NULL,1,0,0,0,0,0,0),(1138,4475,1,3,1,NULL,NULL,NULL,0,'Thor',1,0,0,NULL,1,0,0,0,0,0,0),(1139,4475,1,3,1,NULL,NULL,NULL,0,'Thor',0,0,0,NULL,1,0,0,0,0,0,0),(1140,4475,1,3,1,NULL,NULL,NULL,0,'Thor',1,0,0,NULL,1,0,0,0,0,0,0),(1141,4475,1,3,1,NULL,NULL,NULL,0,'Thor',0,0,0,NULL,1,0,0,0,0,0,0),(1142,4475,1,3,1,NULL,NULL,NULL,0,'Thor',1,0,0,NULL,1,0,0,0,0,0,0),(1143,4475,1,3,1,NULL,NULL,NULL,0,'Thor',0,0,0,NULL,1,0,0,0,0,0,0),(1144,4475,1,3,1,NULL,NULL,NULL,0,'Thor',1,0,0,NULL,1,0,0,0,0,0,0),(1145,4475,1,3,1,NULL,NULL,NULL,0,'Thor',0,0,0,NULL,1,0,0,0,0,0,0),(1146,4475,1,3,1,NULL,NULL,NULL,0,'Thor',0,0,0,NULL,1,0,0,0,0,0,0),(1147,2812,1,3,1,NULL,NULL,NULL,0,'Dirac',0,0,0,NULL,1,0,0,0,0,0,0),(1148,2812,1,3,1,NULL,NULL,NULL,0,'Dirac',0,0,0,NULL,1,0,0,0,0,0,0),(1149,2812,1,3,1,NULL,NULL,NULL,0,'Dirac',1,0,0,NULL,1,0,0,0,0,0,0),(1150,2812,1,3,1,NULL,NULL,NULL,0,'Dirac',0,0,0,NULL,1,0,0,0,0,0,0),(1151,2812,1,3,1,NULL,NULL,NULL,0,'Dirac',0,0,0,NULL,1,0,0,0,0,0,0),(1152,2812,1,3,1,NULL,NULL,NULL,0,'Dirac',0,0,0,NULL,1,0,0,0,0,0,0),(1153,2812,1,3,1,NULL,NULL,NULL,0,'Dirac',0,0,0,NULL,1,0,0,0,0,0,0),(1154,2812,1,3,1,NULL,NULL,NULL,0,'Dirac',0,0,0,NULL,1,0,0,0,0,0,0),(1155,2812,1,3,1,NULL,NULL,NULL,0,'Dirac',0,0,0,NULL,1,0,0,0,0,0,0),(1156,2812,1,3,1,NULL,NULL,NULL,0,'Dirac',0,0,0,NULL,1,0,0,0,0,0,0),(1157,2812,1,3,1,NULL,NULL,NULL,0,'Dirac',0,0,0,NULL,1,0,0,0,0,0,0),(1158,2812,1,3,1,NULL,NULL,NULL,0,'Dirac',0,0,0,NULL,1,0,0,0,0,0,0),(1159,2812,1,3,1,NULL,NULL,NULL,0,'Dirac',1,0,0,NULL,1,0,0,0,0,0,0),(1160,2812,1,3,1,NULL,NULL,NULL,0,'Dirac',1,0,0,NULL,1,0,0,0,0,0,0),(1161,2812,1,3,1,NULL,NULL,NULL,0,'Dirac',0,0,0,NULL,1,0,0,0,0,0,0),(1162,2812,1,3,1,NULL,NULL,NULL,0,'Dirac',0,0,0,NULL,1,0,0,0,0,0,0),(1163,4475,1,6,1,NULL,NULL,NULL,0,'Thor',0,1,225,NULL,1,0,0,0,0,0,0),(1164,4475,1,6,1,NULL,NULL,NULL,0,'Thor',0,1,225,NULL,1,0,0,0,0,0,0),(1165,4475,1,6,1,NULL,NULL,NULL,0,'Thor',0,1,225,NULL,1,0,0,0,0,0,0),(1166,4475,1,6,1,NULL,NULL,NULL,0,'Thor',0,1,225,NULL,1,0,0,0,0,0,0),(1167,2812,1,6,1,NULL,NULL,NULL,0,'Dirac',1,1,225,NULL,1,0,0,0,0,0,0),(1168,2812,1,6,1,NULL,NULL,NULL,0,'Dirac',1,1,225,NULL,1,0,0,0,0,0,0),(1169,2812,1,6,1,NULL,NULL,NULL,0,'Dirac',1,1,225,NULL,1,0,0,0,0,0,0),(1170,2812,1,6,1,NULL,NULL,NULL,0,'Dirac',1,1,225,NULL,1,0,0,0,0,0,0),(1171,2812,1,6,1,NULL,NULL,NULL,0,'Dirac',1,1,225,NULL,1,0,0,0,0,0,0),(1172,2812,1,6,1,NULL,NULL,NULL,0,'Dirac',1,1,225,NULL,1,0,0,0,0,0,0),(1173,2812,1,6,1,NULL,NULL,NULL,0,'Dirac',1,1,225,NULL,1,0,0,0,0,0,0),(1174,2812,1,6,1,NULL,NULL,NULL,0,'Dirac',1,1,225,NULL,1,0,0,0,0,0,0),(1175,2812,1,6,1,NULL,NULL,NULL,0,'Dirac',1,1,225,NULL,1,0,0,0,0,0,0),(1176,2812,1,6,1,NULL,NULL,NULL,0,'Dirac',1,1,225,NULL,1,0,0,0,0,0,0),(1177,2812,1,6,1,NULL,NULL,NULL,0,'Dirac',1,1,225,NULL,1,0,0,0,0,0,0),(1178,2812,1,6,1,NULL,NULL,NULL,0,'Dirac',1,1,225,NULL,1,0,0,0,0,0,0),(1179,2812,1,6,1,NULL,NULL,NULL,0,'Dirac',0,2,120,NULL,1,0,0,0,0,0,0),(1180,2812,1,6,1,NULL,NULL,NULL,0,'Dirac',0,2,120,NULL,1,0,0,0,0,0,0),(1181,2812,1,6,1,NULL,NULL,NULL,0,'Dirac',0,2,120,NULL,1,0,0,0,0,0,0),(1182,2812,1,6,1,NULL,NULL,NULL,0,'Dirac',0,2,120,NULL,1,0,0,0,0,0,0),(1183,2812,1,6,1,NULL,NULL,NULL,0,'Dirac',0,2,120,NULL,1,0,0,0,0,0,0),(1184,2812,1,6,1,NULL,NULL,NULL,0,'Dirac',0,2,120,NULL,1,0,0,0,0,0,0),(1185,2812,1,6,1,NULL,NULL,NULL,0,'Dirac',0,2,120,NULL,1,0,0,0,0,0,0),(1186,2812,1,6,1,NULL,NULL,NULL,0,'Dirac',0,2,120,NULL,1,0,0,0,0,0,0),(1187,90,1,48,4,NULL,NULL,NULL,0,'Glancer',1,NULL,NULL,NULL,1,0,0,0,0,0,0),(1188,90,1,48,4,NULL,NULL,NULL,0,'Glancer',1,NULL,NULL,NULL,1,0,0,0,0,0,0),(1189,90,1,48,4,NULL,NULL,NULL,0,'Glancer',1,NULL,NULL,NULL,1,0,0,0,0,0,0),(1190,90,1,48,4,NULL,NULL,NULL,0,'Glancer',1,NULL,NULL,NULL,1,0,0,0,0,0,0),(1191,125,1,48,4,NULL,NULL,NULL,0,'Gnat',0,NULL,NULL,NULL,1,0,0,0,0,0,0),(1192,125,1,48,4,NULL,NULL,NULL,0,'Gnat',0,NULL,NULL,NULL,1,0,0,0,0,0,0),(1193,125,1,48,4,NULL,NULL,NULL,0,'Gnat',0,NULL,NULL,NULL,1,0,0,0,0,0,0),(1194,125,1,48,4,NULL,NULL,NULL,0,'Gnat',0,NULL,NULL,NULL,1,0,0,0,0,0,0),(1195,125,1,48,4,NULL,NULL,NULL,0,'Gnat',1,NULL,NULL,NULL,1,0,0,0,0,0,0),(1196,125,1,48,4,NULL,NULL,NULL,0,'Gnat',1,NULL,NULL,NULL,1,0,0,0,0,0,0),(1197,125,1,48,4,NULL,NULL,NULL,0,'Gnat',0,NULL,NULL,NULL,1,0,0,0,0,0,0),(1198,125,1,48,4,NULL,NULL,NULL,0,'Gnat',1,NULL,NULL,NULL,1,0,0,0,0,0,0),(1199,90,1,49,4,NULL,NULL,NULL,0,'Glancer',1,NULL,NULL,NULL,1,0,0,0,0,0,0),(1200,90,1,49,4,NULL,NULL,NULL,0,'Glancer',1,NULL,NULL,NULL,1,0,0,0,0,0,0),(1201,90,1,49,4,NULL,NULL,NULL,0,'Glancer',1,NULL,NULL,NULL,1,0,0,0,0,0,0),(1202,90,1,49,4,NULL,NULL,NULL,0,'Glancer',1,NULL,NULL,NULL,1,0,0,0,0,0,0),(1203,90,1,49,4,NULL,NULL,NULL,0,'Glancer',1,NULL,NULL,NULL,1,0,0,0,0,0,0),(1204,125,1,49,4,NULL,NULL,NULL,0,'Gnat',0,NULL,NULL,NULL,1,0,0,0,0,0,0),(1205,125,1,49,4,NULL,NULL,NULL,0,'Gnat',0,NULL,NULL,NULL,1,0,0,0,0,0,0),(1206,125,1,49,4,NULL,NULL,NULL,0,'Gnat',0,NULL,NULL,NULL,1,0,0,0,0,0,0),(1207,125,1,49,4,NULL,NULL,NULL,0,'Gnat',0,NULL,NULL,NULL,1,0,0,0,0,0,0),(1208,125,1,49,4,NULL,NULL,NULL,0,'Gnat',1,NULL,NULL,NULL,1,0,0,0,0,0,0),(1209,125,1,49,4,NULL,NULL,NULL,0,'Gnat',1,NULL,NULL,NULL,1,0,0,0,0,0,0),(1210,125,1,49,4,NULL,NULL,NULL,0,'Gnat',0,NULL,NULL,NULL,1,0,0,0,0,0,0),(1211,125,1,49,4,NULL,NULL,NULL,0,'Gnat',1,NULL,NULL,NULL,1,0,0,0,0,0,0),(1212,500,1,50,4,NULL,NULL,NULL,0,'Spudder',0,NULL,NULL,NULL,1,0,0,0,0,0,0),(1213,500,1,50,4,NULL,NULL,NULL,0,'Spudder',0,NULL,NULL,NULL,1,0,0,0,0,0,0),(1214,90,1,50,4,NULL,NULL,NULL,0,'Glancer',1,NULL,NULL,NULL,1,0,0,0,0,0,0),(1215,90,1,50,4,NULL,NULL,NULL,0,'Glancer',1,NULL,NULL,NULL,1,0,0,0,0,0,0),(1216,125,1,50,4,NULL,NULL,NULL,0,'Gnat',0,NULL,NULL,NULL,1,0,0,0,0,0,0),(1217,125,1,50,4,NULL,NULL,NULL,0,'Gnat',1,NULL,NULL,NULL,1,0,0,0,0,0,0),(1218,125,1,50,4,NULL,NULL,NULL,0,'Gnat',0,NULL,NULL,NULL,1,0,0,0,0,0,0),(1219,125,1,50,4,NULL,NULL,NULL,0,'Gnat',0,NULL,NULL,NULL,1,0,0,0,0,0,0),(1220,90,1,50,4,NULL,NULL,NULL,0,'Glancer',1,NULL,NULL,NULL,1,0,0,0,0,0,0),(1221,90,1,50,4,NULL,NULL,NULL,0,'Glancer',1,NULL,NULL,NULL,1,0,0,0,0,0,0),(1222,90,1,50,4,NULL,NULL,NULL,0,'Glancer',1,NULL,NULL,NULL,1,0,0,0,0,0,0),(1223,90,1,50,4,NULL,NULL,NULL,0,'Glancer',1,NULL,NULL,NULL,1,0,0,0,0,0,0),(1224,90,1,50,4,NULL,NULL,NULL,0,'Glancer',1,NULL,NULL,NULL,1,0,0,0,0,0,0),(1225,125,1,50,4,NULL,NULL,NULL,0,'Gnat',0,NULL,NULL,NULL,1,0,0,0,0,0,0),(1226,125,1,50,4,NULL,NULL,NULL,0,'Gnat',0,NULL,NULL,NULL,1,0,0,0,0,0,0),(1227,125,1,50,4,NULL,NULL,NULL,0,'Gnat',0,NULL,NULL,NULL,1,0,0,0,0,0,0),(1228,125,1,50,4,NULL,NULL,NULL,0,'Gnat',0,NULL,NULL,NULL,1,0,0,0,0,0,0),(1229,125,1,50,4,NULL,NULL,NULL,0,'Gnat',1,NULL,NULL,NULL,1,0,0,0,0,0,0),(1230,125,1,50,4,NULL,NULL,NULL,0,'Gnat',1,NULL,NULL,NULL,1,0,0,0,0,0,0),(1231,500,1,51,4,NULL,NULL,NULL,0,'Spudder',0,NULL,NULL,NULL,1,0,0,0,0,0,0),(1232,500,1,51,4,NULL,NULL,NULL,0,'Spudder',0,NULL,NULL,NULL,1,0,0,0,0,0,0),(1233,90,1,51,4,NULL,NULL,NULL,0,'Glancer',1,NULL,NULL,NULL,1,0,0,0,0,0,0),(1234,90,1,51,4,NULL,NULL,NULL,0,'Glancer',1,NULL,NULL,NULL,1,0,0,0,0,0,0),(1235,125,1,51,4,NULL,NULL,NULL,0,'Gnat',0,NULL,NULL,NULL,1,0,0,0,0,0,0),(1236,125,1,51,4,NULL,NULL,NULL,0,'Gnat',0,NULL,NULL,NULL,1,0,0,0,0,0,0),(1237,125,1,51,4,NULL,NULL,NULL,0,'Gnat',1,NULL,NULL,NULL,1,0,0,0,0,0,0),(1238,125,1,51,4,NULL,NULL,NULL,0,'Gnat',0,NULL,NULL,NULL,1,0,0,0,0,0,0),(1239,125,1,51,4,NULL,NULL,NULL,0,'Gnat',0,NULL,NULL,NULL,1,0,0,0,0,0,0),(1240,90,1,51,4,NULL,NULL,NULL,0,'Glancer',1,NULL,NULL,NULL,1,0,0,0,0,0,0),(1241,90,1,51,4,NULL,NULL,NULL,0,'Glancer',1,NULL,NULL,NULL,1,0,0,0,0,0,0),(1242,90,1,51,4,NULL,NULL,NULL,0,'Glancer',1,NULL,NULL,NULL,1,0,0,0,0,0,0),(1243,90,1,51,4,NULL,NULL,NULL,0,'Glancer',1,NULL,NULL,NULL,1,0,0,0,0,0,0),(1244,90,1,51,4,NULL,NULL,NULL,0,'Glancer',1,NULL,NULL,NULL,1,0,0,0,0,0,0),(1245,125,1,51,4,NULL,NULL,NULL,0,'Gnat',0,NULL,NULL,NULL,1,0,0,0,0,0,0),(1246,125,1,51,4,NULL,NULL,NULL,0,'Gnat',0,NULL,NULL,NULL,1,0,0,0,0,0,0),(1247,125,1,51,4,NULL,NULL,NULL,0,'Gnat',0,NULL,NULL,NULL,1,0,0,0,0,0,0),(1248,125,1,51,4,NULL,NULL,NULL,0,'Gnat',0,NULL,NULL,NULL,1,0,0,0,0,0,0),(1249,125,1,51,4,NULL,NULL,NULL,0,'Gnat',1,NULL,NULL,NULL,1,0,0,0,0,0,0),(1250,125,1,51,4,NULL,NULL,NULL,0,'Gnat',1,NULL,NULL,NULL,1,0,0,0,0,0,0),(1251,125,1,51,4,NULL,NULL,NULL,0,'Gnat',0,NULL,NULL,NULL,1,0,0,0,0,0,0),(1252,125,1,51,4,NULL,NULL,NULL,0,'Gnat',1,NULL,NULL,NULL,1,0,0,0,0,0,0),(1253,500,1,52,4,NULL,NULL,NULL,0,'Spudder',0,NULL,NULL,NULL,1,0,0,0,0,0,0),(1254,500,1,52,4,NULL,NULL,NULL,0,'Spudder',1,NULL,NULL,NULL,1,0,0,0,0,0,0),(1255,500,1,52,4,NULL,NULL,NULL,0,'Spudder',0,NULL,NULL,NULL,1,0,0,0,0,0,0),(1256,90,1,52,4,NULL,NULL,NULL,0,'Glancer',1,NULL,NULL,NULL,1,0,0,0,0,0,0),(1257,125,1,52,4,NULL,NULL,NULL,0,'Gnat',1,NULL,NULL,NULL,1,0,0,0,0,0,0),(1258,125,1,52,4,NULL,NULL,NULL,0,'Gnat',0,NULL,NULL,NULL,1,0,0,0,0,0,0),(1259,90,1,52,4,NULL,NULL,NULL,0,'Glancer',1,NULL,NULL,NULL,1,0,0,0,0,0,0),(1260,90,1,52,4,NULL,NULL,NULL,0,'Glancer',1,NULL,NULL,NULL,1,0,0,0,0,0,0),(1261,90,1,52,4,NULL,NULL,NULL,0,'Glancer',1,NULL,NULL,NULL,1,0,0,0,0,0,0),(1262,90,1,52,4,NULL,NULL,NULL,0,'Glancer',1,NULL,NULL,NULL,1,0,0,0,0,0,0),(1263,125,1,52,4,NULL,NULL,NULL,0,'Gnat',0,NULL,NULL,NULL,1,0,0,0,0,0,0),(1264,125,1,52,4,NULL,NULL,NULL,0,'Gnat',0,NULL,NULL,NULL,1,0,0,0,0,0,0),(1265,125,1,52,4,NULL,NULL,NULL,0,'Gnat',0,NULL,NULL,NULL,1,0,0,0,0,0,0),(1266,125,1,52,4,NULL,NULL,NULL,0,'Gnat',0,NULL,NULL,NULL,1,0,0,0,0,0,0),(1267,125,1,52,4,NULL,NULL,NULL,0,'Gnat',1,NULL,NULL,NULL,1,0,0,0,0,0,0),(1268,125,1,52,4,NULL,NULL,NULL,0,'Gnat',1,NULL,NULL,NULL,1,0,0,0,0,0,0),(1269,125,1,52,4,NULL,NULL,NULL,0,'Gnat',0,NULL,NULL,NULL,1,0,0,0,0,0,0),(1270,900,1,53,4,NULL,NULL,NULL,0,'Gnawer',0,NULL,NULL,NULL,1,0,0,0,0,0,0),(1271,900,1,53,4,NULL,NULL,NULL,0,'Gnawer',0,NULL,NULL,NULL,1,0,0,0,0,0,0),(1272,900,1,53,4,NULL,NULL,NULL,0,'Gnawer',0,NULL,NULL,NULL,1,0,0,0,0,0,0),(1273,500,1,53,4,NULL,NULL,NULL,0,'Spudder',0,NULL,NULL,NULL,1,0,0,0,0,0,0),(1274,500,1,53,4,NULL,NULL,NULL,0,'Spudder',1,NULL,NULL,NULL,1,0,0,0,0,0,0),(1275,500,1,53,4,NULL,NULL,NULL,0,'Spudder',0,NULL,NULL,NULL,1,0,0,0,0,0,0),(1276,500,1,53,4,NULL,NULL,NULL,0,'Spudder',0,NULL,NULL,NULL,1,0,0,0,0,0,0),(1277,90,1,53,4,NULL,NULL,NULL,0,'Glancer',1,NULL,NULL,NULL,1,0,0,0,0,0,0),(1278,90,1,53,4,NULL,NULL,NULL,0,'Glancer',1,NULL,NULL,NULL,1,0,0,0,0,0,0),(1279,125,1,53,4,NULL,NULL,NULL,0,'Gnat',1,NULL,NULL,NULL,1,0,0,0,0,0,0),(1280,90,1,53,4,NULL,NULL,NULL,0,'Glancer',1,NULL,NULL,NULL,1,0,0,0,0,0,0),(1281,90,1,53,4,NULL,NULL,NULL,0,'Glancer',1,NULL,NULL,NULL,1,0,0,0,0,0,0),(1282,90,1,53,4,NULL,NULL,NULL,0,'Glancer',1,NULL,NULL,NULL,1,0,0,0,0,0,0),(1283,90,1,53,4,NULL,NULL,NULL,0,'Glancer',1,NULL,NULL,NULL,1,0,0,0,0,0,0),(1284,90,1,53,4,NULL,NULL,NULL,0,'Glancer',1,NULL,NULL,NULL,1,0,0,0,0,0,0),(1285,125,1,53,4,NULL,NULL,NULL,0,'Gnat',0,NULL,NULL,NULL,1,0,0,0,0,0,0),(1286,125,1,53,4,NULL,NULL,NULL,0,'Gnat',0,NULL,NULL,NULL,1,0,0,0,0,0,0),(1287,125,1,53,4,NULL,NULL,NULL,0,'Gnat',0,NULL,NULL,NULL,1,0,0,0,0,0,0),(1288,125,1,53,4,NULL,NULL,NULL,0,'Gnat',0,NULL,NULL,NULL,1,0,0,0,0,0,0),(1289,125,1,53,4,NULL,NULL,NULL,0,'Gnat',1,NULL,NULL,NULL,1,0,0,0,0,0,0),(1290,125,1,53,4,NULL,NULL,NULL,0,'Gnat',1,NULL,NULL,NULL,1,0,0,0,0,0,0),(1291,125,1,53,4,NULL,NULL,NULL,0,'Gnat',1,NULL,NULL,NULL,1,0,0,0,0,0,0),(1292,900,1,54,4,NULL,NULL,NULL,0,'Gnawer',0,NULL,NULL,NULL,1,0,0,0,0,0,0),(1293,900,1,54,4,NULL,NULL,NULL,0,'Gnawer',0,NULL,NULL,NULL,1,0,0,0,0,0,0),(1294,500,1,54,4,NULL,NULL,NULL,0,'Spudder',0,NULL,NULL,NULL,1,0,0,0,0,0,0),(1295,500,1,54,4,NULL,NULL,NULL,0,'Spudder',0,NULL,NULL,NULL,1,0,0,0,0,0,0),(1296,500,1,54,4,NULL,NULL,NULL,0,'Spudder',0,NULL,NULL,NULL,1,0,0,0,0,0,0),(1297,500,1,54,4,NULL,NULL,NULL,0,'Spudder',1,NULL,NULL,NULL,1,0,0,0,0,0,0),(1298,500,1,54,4,NULL,NULL,NULL,0,'Spudder',0,NULL,NULL,NULL,1,0,0,0,0,0,0),(1299,90,1,54,4,NULL,NULL,NULL,0,'Glancer',1,NULL,NULL,NULL,1,0,0,0,0,0,0),(1300,90,1,54,4,NULL,NULL,NULL,0,'Glancer',1,NULL,NULL,NULL,1,0,0,0,0,0,0),(1301,125,1,54,4,NULL,NULL,NULL,0,'Gnat',0,NULL,NULL,NULL,1,0,0,0,0,0,0),(1302,125,1,54,4,NULL,NULL,NULL,0,'Gnat',0,NULL,NULL,NULL,1,0,0,0,0,0,0),(1303,125,1,54,4,NULL,NULL,NULL,0,'Gnat',0,NULL,NULL,NULL,1,0,0,0,0,0,0),(1304,90,1,54,4,NULL,NULL,NULL,0,'Glancer',1,NULL,NULL,NULL,1,0,0,0,0,0,0),(1305,90,1,54,4,NULL,NULL,NULL,0,'Glancer',1,NULL,NULL,NULL,1,0,0,0,0,0,0),(1306,90,1,54,4,NULL,NULL,NULL,0,'Glancer',1,NULL,NULL,NULL,1,0,0,0,0,0,0),(1307,90,1,54,4,NULL,NULL,NULL,0,'Glancer',1,NULL,NULL,NULL,1,0,0,0,0,0,0),(1308,90,1,54,4,NULL,NULL,NULL,0,'Glancer',1,NULL,NULL,NULL,1,0,0,0,0,0,0),(1309,125,1,54,4,NULL,NULL,NULL,0,'Gnat',0,NULL,NULL,NULL,1,0,0,0,0,0,0),(1310,125,1,54,4,NULL,NULL,NULL,0,'Gnat',0,NULL,NULL,NULL,1,0,0,0,0,0,0),(1311,125,1,54,4,NULL,NULL,NULL,0,'Gnat',0,NULL,NULL,NULL,1,0,0,0,0,0,0),(1312,125,1,54,4,NULL,NULL,NULL,0,'Gnat',0,NULL,NULL,NULL,1,0,0,0,0,0,0),(1313,125,1,54,4,NULL,NULL,NULL,0,'Gnat',1,NULL,NULL,NULL,1,0,0,0,0,0,0),(1314,125,1,54,4,NULL,NULL,NULL,0,'Gnat',1,NULL,NULL,NULL,1,0,0,0,0,0,0),(1315,125,1,54,4,NULL,NULL,NULL,0,'Gnat',0,NULL,NULL,NULL,1,0,0,0,0,0,0),(1316,125,1,54,4,NULL,NULL,NULL,0,'Gnat',1,NULL,NULL,NULL,1,0,0,0,0,0,0),(1317,900,1,55,4,NULL,NULL,NULL,0,'Gnawer',0,NULL,NULL,NULL,1,0,0,0,0,0,0),(1318,900,1,55,4,NULL,NULL,NULL,0,'Gnawer',0,NULL,NULL,NULL,1,0,0,0,0,0,0),(1319,500,1,55,4,NULL,NULL,NULL,0,'Spudder',0,NULL,NULL,NULL,1,0,0,0,0,0,0),(1320,500,1,55,4,NULL,NULL,NULL,0,'Spudder',0,NULL,NULL,NULL,1,0,0,0,0,0,0),(1321,500,1,55,4,NULL,NULL,NULL,0,'Spudder',1,NULL,NULL,NULL,1,0,0,0,0,0,0),(1322,500,1,55,4,NULL,NULL,NULL,0,'Spudder',0,NULL,NULL,NULL,1,0,0,0,0,0,0),(1323,90,1,55,4,NULL,NULL,NULL,0,'Glancer',1,NULL,NULL,NULL,1,0,0,0,0,0,0),(1324,90,1,55,4,NULL,NULL,NULL,0,'Glancer',1,NULL,NULL,NULL,1,0,0,0,0,0,0),(1325,125,1,55,4,NULL,NULL,NULL,0,'Gnat',1,NULL,NULL,NULL,1,0,0,0,0,0,0),(1326,125,1,55,4,NULL,NULL,NULL,0,'Gnat',1,NULL,NULL,NULL,1,0,0,0,0,0,0),(1327,125,1,55,4,NULL,NULL,NULL,0,'Gnat',0,NULL,NULL,NULL,1,0,0,0,0,0,0),(1328,90,1,55,4,NULL,NULL,NULL,0,'Glancer',1,NULL,NULL,NULL,1,0,0,0,0,0,0),(1329,90,1,55,4,NULL,NULL,NULL,0,'Glancer',1,NULL,NULL,NULL,1,0,0,0,0,0,0),(1330,90,1,55,4,NULL,NULL,NULL,0,'Glancer',1,NULL,NULL,NULL,1,0,0,0,0,0,0),(1331,90,1,55,4,NULL,NULL,NULL,0,'Glancer',1,NULL,NULL,NULL,1,0,0,0,0,0,0),(1332,90,1,55,4,NULL,NULL,NULL,0,'Glancer',1,NULL,NULL,NULL,1,0,0,0,0,0,0),(1333,125,1,55,4,NULL,NULL,NULL,0,'Gnat',0,NULL,NULL,NULL,1,0,0,0,0,0,0),(1334,125,1,55,4,NULL,NULL,NULL,0,'Gnat',0,NULL,NULL,NULL,1,0,0,0,0,0,0),(1335,125,1,55,4,NULL,NULL,NULL,0,'Gnat',0,NULL,NULL,NULL,1,0,0,0,0,0,0),(1336,125,1,55,4,NULL,NULL,NULL,0,'Gnat',0,NULL,NULL,NULL,1,0,0,0,0,0,0),(1337,125,1,55,4,NULL,NULL,NULL,0,'Gnat',1,NULL,NULL,NULL,1,0,0,0,0,0,0),(1338,125,1,55,4,NULL,NULL,NULL,0,'Gnat',1,NULL,NULL,NULL,1,0,0,0,0,0,0),(1339,125,1,55,4,NULL,NULL,NULL,0,'Gnat',0,NULL,NULL,NULL,1,0,0,0,0,0,0),(1340,125,1,55,4,NULL,NULL,NULL,0,'Gnat',0,NULL,NULL,NULL,1,0,0,0,0,0,0),(1341,125,1,55,4,NULL,NULL,NULL,0,'Gnat',1,NULL,NULL,NULL,1,0,0,0,0,0,0),(1342,125,1,55,4,NULL,NULL,NULL,0,'Gnat',0,NULL,NULL,NULL,1,0,0,0,0,0,0),(1343,90,1,56,4,NULL,NULL,NULL,0,'Glancer',1,NULL,NULL,NULL,1,0,0,0,0,0,0),(1344,90,1,56,4,NULL,NULL,NULL,0,'Glancer',1,NULL,NULL,NULL,1,0,0,0,0,0,0),(1345,125,1,56,4,NULL,NULL,NULL,0,'Gnat',0,NULL,NULL,NULL,1,0,0,0,0,0,0),(1346,125,1,56,4,NULL,NULL,NULL,0,'Gnat',0,NULL,NULL,NULL,1,0,0,0,0,0,0),(1347,125,1,56,4,NULL,NULL,NULL,0,'Gnat',1,NULL,NULL,NULL,1,0,0,0,0,0,0),(1348,125,1,56,4,NULL,NULL,NULL,0,'Gnat',0,NULL,NULL,NULL,1,0,0,0,0,0,0),(1349,90,1,56,4,NULL,NULL,NULL,0,'Glancer',1,NULL,NULL,NULL,1,0,0,0,0,0,0),(1350,90,1,56,4,NULL,NULL,NULL,0,'Glancer',1,NULL,NULL,NULL,1,0,0,0,0,0,0),(1351,90,1,56,4,NULL,NULL,NULL,0,'Glancer',1,NULL,NULL,NULL,1,0,0,0,0,0,0),(1352,90,1,56,4,NULL,NULL,NULL,0,'Glancer',1,NULL,NULL,NULL,1,0,0,0,0,0,0),(1353,90,1,56,4,NULL,NULL,NULL,0,'Glancer',1,NULL,NULL,NULL,1,0,0,0,0,0,0),(1354,125,1,56,4,NULL,NULL,NULL,0,'Gnat',0,NULL,NULL,NULL,1,0,0,0,0,0,0),(1355,125,1,56,4,NULL,NULL,NULL,0,'Gnat',0,NULL,NULL,NULL,1,0,0,0,0,0,0),(1356,125,1,56,4,NULL,NULL,NULL,0,'Gnat',0,NULL,NULL,NULL,1,0,0,0,0,0,0),(1357,125,1,56,4,NULL,NULL,NULL,0,'Gnat',0,NULL,NULL,NULL,1,0,0,0,0,0,0),(1358,125,1,56,4,NULL,NULL,NULL,0,'Gnat',1,NULL,NULL,NULL,1,0,0,0,0,0,0),(1359,125,1,56,4,NULL,NULL,NULL,0,'Gnat',1,NULL,NULL,NULL,1,0,0,0,0,0,0),(1360,125,1,56,4,NULL,NULL,NULL,0,'Gnat',0,NULL,NULL,NULL,1,0,0,0,0,0,0),(1361,125,1,56,4,NULL,NULL,NULL,0,'Gnat',1,NULL,NULL,NULL,1,0,0,0,0,0,0),(1362,125,1,56,4,NULL,NULL,NULL,0,'Gnat',0,NULL,NULL,NULL,1,0,0,0,0,0,0),(1363,900,1,57,4,NULL,NULL,NULL,0,'Gnawer',0,NULL,NULL,NULL,1,0,0,0,0,0,0),(1364,500,1,57,4,NULL,NULL,NULL,0,'Spudder',0,NULL,NULL,NULL,1,0,0,0,0,0,0),(1365,500,1,57,4,NULL,NULL,NULL,0,'Spudder',0,NULL,NULL,NULL,1,0,0,0,0,0,0),(1366,500,1,57,4,NULL,NULL,NULL,0,'Spudder',0,NULL,NULL,NULL,1,0,0,0,0,0,0),(1367,500,1,57,4,NULL,NULL,NULL,0,'Spudder',1,NULL,NULL,NULL,1,0,0,0,0,0,0),(1368,500,1,57,4,NULL,NULL,NULL,0,'Spudder',0,NULL,NULL,NULL,1,0,0,0,0,0,0),(1369,90,1,57,4,NULL,NULL,NULL,0,'Glancer',1,NULL,NULL,NULL,1,0,0,0,0,0,0),(1370,90,1,57,4,NULL,NULL,NULL,0,'Glancer',1,NULL,NULL,NULL,1,0,0,0,0,0,0),(1371,125,1,57,4,NULL,NULL,NULL,0,'Gnat',0,NULL,NULL,NULL,1,0,0,0,0,0,0),(1372,90,1,57,4,NULL,NULL,NULL,0,'Glancer',1,NULL,NULL,NULL,1,0,0,0,0,0,0),(1373,90,1,57,4,NULL,NULL,NULL,0,'Glancer',1,NULL,NULL,NULL,1,0,0,0,0,0,0),(1374,90,1,57,4,NULL,NULL,NULL,0,'Glancer',1,NULL,NULL,NULL,1,0,0,0,0,0,0),(1375,90,1,57,4,NULL,NULL,NULL,0,'Glancer',1,NULL,NULL,NULL,1,0,0,0,0,0,0),(1376,90,1,57,4,NULL,NULL,NULL,0,'Glancer',1,NULL,NULL,NULL,1,0,0,0,0,0,0),(1377,125,1,57,4,NULL,NULL,NULL,0,'Gnat',0,NULL,NULL,NULL,1,0,0,0,0,0,0),(1378,125,1,57,4,NULL,NULL,NULL,0,'Gnat',0,NULL,NULL,NULL,1,0,0,0,0,0,0),(1379,125,1,57,4,NULL,NULL,NULL,0,'Gnat',0,NULL,NULL,NULL,1,0,0,0,0,0,0),(1380,125,1,57,4,NULL,NULL,NULL,0,'Gnat',0,NULL,NULL,NULL,1,0,0,0,0,0,0),(1381,125,1,57,4,NULL,NULL,NULL,0,'Gnat',1,NULL,NULL,NULL,1,0,0,0,0,0,0),(1382,125,1,57,4,NULL,NULL,NULL,0,'Gnat',1,NULL,NULL,NULL,1,0,0,0,0,0,0),(1383,125,1,57,4,NULL,NULL,NULL,0,'Gnat',0,NULL,NULL,NULL,1,0,0,0,0,0,0),(1384,125,1,57,4,NULL,NULL,NULL,0,'Gnat',1,NULL,NULL,NULL,1,0,0,0,0,0,0),(1385,125,1,57,4,NULL,NULL,NULL,0,'Gnat',1,NULL,NULL,NULL,1,0,0,0,0,0,0),(1386,500,1,58,4,NULL,NULL,NULL,0,'Spudder',0,NULL,NULL,NULL,1,0,0,0,0,0,0),(1387,90,1,58,4,NULL,NULL,NULL,0,'Glancer',1,NULL,NULL,NULL,1,0,0,0,0,0,0),(1388,90,1,58,4,NULL,NULL,NULL,0,'Glancer',1,NULL,NULL,NULL,1,0,0,0,0,0,0),(1389,125,1,58,4,NULL,NULL,NULL,0,'Gnat',1,NULL,NULL,NULL,1,0,0,0,0,0,0),(1390,125,1,58,4,NULL,NULL,NULL,0,'Gnat',1,NULL,NULL,NULL,1,0,0,0,0,0,0),(1391,125,1,58,4,NULL,NULL,NULL,0,'Gnat',0,NULL,NULL,NULL,1,0,0,0,0,0,0),(1392,125,1,58,4,NULL,NULL,NULL,0,'Gnat',0,NULL,NULL,NULL,1,0,0,0,0,0,0),(1393,90,1,58,4,NULL,NULL,NULL,0,'Glancer',1,NULL,NULL,NULL,1,0,0,0,0,0,0),(1394,90,1,58,4,NULL,NULL,NULL,0,'Glancer',1,NULL,NULL,NULL,1,0,0,0,0,0,0),(1395,90,1,58,4,NULL,NULL,NULL,0,'Glancer',1,NULL,NULL,NULL,1,0,0,0,0,0,0),(1396,90,1,58,4,NULL,NULL,NULL,0,'Glancer',1,NULL,NULL,NULL,1,0,0,0,0,0,0),(1397,90,1,58,4,NULL,NULL,NULL,0,'Glancer',1,NULL,NULL,NULL,1,0,0,0,0,0,0),(1398,90,1,58,4,NULL,NULL,NULL,0,'Glancer',1,NULL,NULL,NULL,1,0,0,0,0,0,0),(1399,90,1,58,4,NULL,NULL,NULL,0,'Glancer',1,NULL,NULL,NULL,1,0,0,0,0,0,0),(1400,125,1,58,4,NULL,NULL,NULL,0,'Gnat',0,NULL,NULL,NULL,1,0,0,0,0,0,0),(1401,125,1,58,4,NULL,NULL,NULL,0,'Gnat',0,NULL,NULL,NULL,1,0,0,0,0,0,0),(1402,125,1,58,4,NULL,NULL,NULL,0,'Gnat',0,NULL,NULL,NULL,1,0,0,0,0,0,0),(1403,125,1,58,4,NULL,NULL,NULL,0,'Gnat',0,NULL,NULL,NULL,1,0,0,0,0,0,0),(1404,125,1,58,4,NULL,NULL,NULL,0,'Gnat',1,NULL,NULL,NULL,1,0,0,0,0,0,0),(1405,125,1,58,4,NULL,NULL,NULL,0,'Gnat',1,NULL,NULL,NULL,1,0,0,0,0,0,0),(1406,125,1,58,4,NULL,NULL,NULL,0,'Gnat',0,NULL,NULL,NULL,1,0,0,0,0,0,0),(1407,125,1,58,4,NULL,NULL,NULL,0,'Gnat',1,NULL,NULL,NULL,1,0,0,0,0,0,0),(1408,125,1,58,4,NULL,NULL,NULL,0,'Gnat',1,NULL,NULL,NULL,1,0,0,0,0,0,0),(1409,90,1,59,4,NULL,NULL,NULL,0,'Glancer',1,NULL,NULL,NULL,1,0,0,0,0,0,0),(1410,90,1,59,4,NULL,NULL,NULL,0,'Glancer',1,NULL,NULL,NULL,1,0,0,0,0,0,0),(1411,125,1,59,4,NULL,NULL,NULL,0,'Gnat',0,NULL,NULL,NULL,1,0,0,0,0,0,0),(1412,125,1,59,4,NULL,NULL,NULL,0,'Gnat',1,NULL,NULL,NULL,1,0,0,0,0,0,0),(1413,90,1,59,4,NULL,NULL,NULL,0,'Glancer',1,NULL,NULL,NULL,1,0,0,0,0,0,0),(1414,90,1,59,4,NULL,NULL,NULL,0,'Glancer',1,NULL,NULL,NULL,1,0,0,0,0,0,0),(1415,90,1,59,4,NULL,NULL,NULL,0,'Glancer',1,NULL,NULL,NULL,1,0,0,0,0,0,0),(1416,90,1,59,4,NULL,NULL,NULL,0,'Glancer',1,NULL,NULL,NULL,1,0,0,0,0,0,0),(1417,90,1,59,4,NULL,NULL,NULL,0,'Glancer',1,NULL,NULL,NULL,1,0,0,0,0,0,0),(1418,125,1,59,4,NULL,NULL,NULL,0,'Gnat',0,NULL,NULL,NULL,1,0,0,0,0,0,0),(1419,125,1,59,4,NULL,NULL,NULL,0,'Gnat',0,NULL,NULL,NULL,1,0,0,0,0,0,0),(1420,125,1,59,4,NULL,NULL,NULL,0,'Gnat',0,NULL,NULL,NULL,1,0,0,0,0,0,0),(1421,125,1,59,4,NULL,NULL,NULL,0,'Gnat',0,NULL,NULL,NULL,1,0,0,0,0,0,0),(1422,125,1,59,4,NULL,NULL,NULL,0,'Gnat',1,NULL,NULL,NULL,1,0,0,0,0,0,0),(1423,125,1,59,4,NULL,NULL,NULL,0,'Gnat',1,NULL,NULL,NULL,1,0,0,0,0,0,0),(1424,125,1,59,4,NULL,NULL,NULL,0,'Gnat',0,NULL,NULL,NULL,1,0,0,0,0,0,0),(1425,125,1,59,4,NULL,NULL,NULL,0,'Gnat',1,NULL,NULL,NULL,1,0,0,0,0,0,0),(1426,125,1,59,4,NULL,NULL,NULL,0,'Gnat',1,NULL,NULL,NULL,1,0,0,0,0,0,0),(1427,125,1,60,4,NULL,NULL,NULL,0,'Gnat',0,NULL,NULL,NULL,1,0,0,0,0,0,0),(1428,125,1,60,4,NULL,NULL,NULL,0,'Gnat',0,NULL,NULL,NULL,1,0,0,0,0,0,0),(1429,125,1,60,4,NULL,NULL,NULL,0,'Gnat',0,NULL,NULL,NULL,1,0,0,0,0,0,0),(1430,125,1,60,4,NULL,NULL,NULL,0,'Gnat',0,NULL,NULL,NULL,1,0,0,0,0,0,0),(1431,125,1,60,4,NULL,NULL,NULL,0,'Gnat',1,NULL,NULL,NULL,1,0,0,0,0,0,0),(1432,125,1,60,4,NULL,NULL,NULL,0,'Gnat',1,NULL,NULL,NULL,1,0,0,0,0,0,0),(1433,125,1,60,4,NULL,NULL,NULL,0,'Gnat',1,NULL,NULL,NULL,1,0,0,0,0,0,0),(1434,125,1,60,4,NULL,NULL,NULL,0,'Gnat',0,NULL,NULL,NULL,1,0,0,0,0,0,0),(1435,125,1,60,4,NULL,NULL,NULL,0,'Gnat',1,NULL,NULL,NULL,1,0,0,0,0,0,0),(1436,125,1,61,4,NULL,NULL,NULL,0,'Gnat',0,NULL,NULL,NULL,1,0,0,0,0,0,0),(1437,125,1,61,4,NULL,NULL,NULL,0,'Gnat',0,NULL,NULL,NULL,1,0,0,0,0,0,0),(1438,125,1,61,4,NULL,NULL,NULL,0,'Gnat',0,NULL,NULL,NULL,1,0,0,0,0,0,0),(1439,125,1,61,4,NULL,NULL,NULL,0,'Gnat',0,NULL,NULL,NULL,1,0,0,0,0,0,0),(1440,125,1,61,4,NULL,NULL,NULL,0,'Gnat',1,NULL,NULL,NULL,1,0,0,0,0,0,0),(1441,125,1,61,4,NULL,NULL,NULL,0,'Gnat',1,NULL,NULL,NULL,1,0,0,0,0,0,0),(1442,125,1,61,4,NULL,NULL,NULL,0,'Gnat',0,NULL,NULL,NULL,1,0,0,0,0,0,0),(1443,125,1,61,4,NULL,NULL,NULL,0,'Gnat',1,NULL,NULL,NULL,1,0,0,0,0,0,0),(1444,125,1,61,4,NULL,NULL,NULL,0,'Gnat',0,NULL,NULL,NULL,1,0,0,0,0,0,0),(1445,125,1,62,4,NULL,NULL,NULL,0,'Gnat',0,NULL,NULL,NULL,1,0,0,0,0,0,0),(1446,125,1,62,4,NULL,NULL,NULL,0,'Gnat',0,NULL,NULL,NULL,1,0,0,0,0,0,0),(1447,125,1,62,4,NULL,NULL,NULL,0,'Gnat',0,NULL,NULL,NULL,1,0,0,0,0,0,0),(1448,125,1,62,4,NULL,NULL,NULL,0,'Gnat',0,NULL,NULL,NULL,1,0,0,0,0,0,0),(1449,125,1,62,4,NULL,NULL,NULL,0,'Gnat',1,NULL,NULL,NULL,1,0,0,0,0,0,0),(1450,125,1,62,4,NULL,NULL,NULL,0,'Gnat',1,NULL,NULL,NULL,1,0,0,0,0,0,0),(1451,125,1,62,4,NULL,NULL,NULL,0,'Gnat',1,NULL,NULL,NULL,1,0,0,0,0,0,0),(1452,125,1,63,4,NULL,NULL,NULL,0,'Gnat',0,NULL,NULL,NULL,1,0,0,0,0,0,0),(1453,125,1,63,4,NULL,NULL,NULL,0,'Gnat',0,NULL,NULL,NULL,1,0,0,0,0,0,0),(1454,125,1,63,4,NULL,NULL,NULL,0,'Gnat',0,NULL,NULL,NULL,1,0,0,0,0,0,0),(1455,125,1,63,4,NULL,NULL,NULL,0,'Gnat',0,NULL,NULL,NULL,1,0,0,0,0,0,0),(1456,125,1,63,4,NULL,NULL,NULL,0,'Gnat',1,NULL,NULL,NULL,1,0,0,0,0,0,0),(1457,125,1,63,4,NULL,NULL,NULL,0,'Gnat',1,NULL,NULL,NULL,1,0,0,0,0,0,0),(1458,125,1,63,4,NULL,NULL,NULL,0,'Gnat',0,NULL,NULL,NULL,1,0,0,0,0,0,0),(1459,125,1,63,4,NULL,NULL,NULL,0,'Gnat',1,NULL,NULL,NULL,1,0,0,0,0,0,0),(1460,4475,1,6,1,NULL,NULL,NULL,0,'Thor',0,1,315,NULL,1,0,0,0,0,0,0),(1461,4475,1,6,1,NULL,NULL,NULL,0,'Thor',0,1,315,NULL,1,0,0,0,0,0,0),(1462,2812,1,6,1,NULL,NULL,NULL,0,'Dirac',1,1,315,NULL,1,0,0,0,0,0,0),(1463,2812,1,6,1,NULL,NULL,NULL,0,'Dirac',1,1,315,NULL,1,0,0,0,0,0,0),(1464,2812,1,6,1,NULL,NULL,NULL,0,'Dirac',1,1,315,NULL,1,0,0,0,0,0,0),(1465,2812,1,6,1,NULL,NULL,NULL,0,'Dirac',1,1,315,NULL,1,0,0,0,0,0,0),(1466,2812,1,6,1,NULL,NULL,NULL,0,'Dirac',1,1,315,NULL,1,0,0,0,0,0,0),(1467,2812,1,6,1,NULL,NULL,NULL,0,'Dirac',1,1,315,NULL,1,0,0,0,0,0,0),(1468,4475,1,6,1,NULL,NULL,NULL,0,'Thor',0,2,240,NULL,1,0,0,0,0,0,0),(1469,4475,1,6,1,NULL,NULL,NULL,0,'Thor',0,2,240,NULL,1,0,0,0,0,0,0),(1470,4475,1,6,1,NULL,NULL,NULL,0,'Thor',0,2,240,NULL,1,0,0,0,0,0,0),(1471,4475,1,6,1,NULL,NULL,NULL,0,'Thor',0,2,240,NULL,1,0,0,0,0,0,0),(1472,2812,1,6,1,NULL,NULL,NULL,0,'Dirac',1,2,240,NULL,1,0,0,0,0,0,0),(1473,2812,1,6,1,NULL,NULL,NULL,0,'Dirac',1,2,240,NULL,1,0,0,0,0,0,0),(1474,2812,1,6,1,NULL,NULL,NULL,0,'Dirac',1,2,240,NULL,1,0,0,0,0,0,0),(1475,2812,1,6,1,NULL,NULL,NULL,0,'Dirac',1,2,240,NULL,1,0,0,0,0,0,0),(1476,2812,1,6,1,NULL,NULL,NULL,0,'Dirac',1,2,240,NULL,1,0,0,0,0,0,0),(1477,2812,1,6,1,NULL,NULL,NULL,0,'Dirac',1,2,240,NULL,1,0,0,0,0,0,0),(1478,2812,1,6,1,NULL,NULL,NULL,0,'Dirac',1,2,240,NULL,1,0,0,0,0,0,0),(1479,2812,1,6,1,NULL,NULL,NULL,0,'Dirac',1,2,240,NULL,1,0,0,0,0,0,0),(1480,2812,1,6,1,NULL,NULL,NULL,0,'Dirac',1,2,240,NULL,1,0,0,0,0,0,0),(1481,2812,1,6,1,NULL,NULL,NULL,0,'Dirac',1,2,240,NULL,1,0,0,0,0,0,0),(1482,2812,1,6,1,NULL,NULL,NULL,0,'Dirac',1,2,240,NULL,1,0,0,0,0,0,0),(1483,2812,1,6,1,NULL,NULL,NULL,0,'Dirac',1,2,240,NULL,1,0,0,0,0,0,0),(1484,26875,1,6,1,NULL,NULL,NULL,0,'Demosis',0,3,202,NULL,1,0,0,0,0,0,0),(1485,26875,1,6,1,NULL,NULL,NULL,0,'Demosis',0,3,202,NULL,1,0,0,0,0,0,0),(1486,4475,1,6,1,NULL,NULL,NULL,0,'Thor',0,3,202,NULL,1,0,0,0,0,0,0),(1487,4475,1,6,1,NULL,NULL,NULL,0,'Thor',0,3,202,NULL,1,0,0,0,0,0,0),(1488,4475,1,6,1,NULL,NULL,NULL,0,'Thor',0,3,202,NULL,1,0,0,0,0,0,0),(1489,4475,1,6,1,NULL,NULL,NULL,0,'Thor',0,3,202,NULL,1,0,0,0,0,0,0),(1490,4475,1,6,1,NULL,NULL,NULL,0,'Thor',0,3,202,NULL,1,0,0,0,0,0,0),(1491,4475,1,6,1,NULL,NULL,NULL,0,'Thor',0,3,202,NULL,1,0,0,0,0,0,0),(1492,2812,1,6,1,NULL,NULL,NULL,0,'Dirac',1,3,202,NULL,1,0,0,0,0,0,0),(1493,2812,1,6,1,NULL,NULL,NULL,0,'Dirac',1,3,202,NULL,1,0,0,0,0,0,0),(1494,2812,1,6,1,NULL,NULL,NULL,0,'Dirac',1,3,202,NULL,1,0,0,0,0,0,0),(1495,2812,1,6,1,NULL,NULL,NULL,0,'Dirac',1,3,202,NULL,1,0,0,0,0,0,0),(1496,2812,1,6,1,NULL,NULL,NULL,0,'Dirac',1,3,202,NULL,1,0,0,0,0,0,0),(1497,2812,1,6,1,NULL,NULL,NULL,0,'Dirac',1,3,202,NULL,1,0,0,0,0,0,0),(1498,2812,1,6,1,NULL,NULL,NULL,0,'Dirac',1,3,202,NULL,1,0,0,0,0,0,0),(1499,2812,1,6,1,NULL,NULL,NULL,0,'Dirac',1,3,202,NULL,1,0,0,0,0,0,0),(1500,2812,1,6,1,NULL,NULL,NULL,0,'Dirac',1,3,202,NULL,1,0,0,0,0,0,0),(1501,2812,1,6,1,NULL,NULL,NULL,0,'Dirac',1,3,202,NULL,1,0,0,0,0,0,0),(1502,2812,1,6,1,NULL,NULL,NULL,0,'Dirac',1,3,202,NULL,1,0,0,0,0,0,0),(1503,2812,1,6,1,NULL,NULL,NULL,0,'Dirac',1,3,202,NULL,1,0,0,0,0,0,0),(1504,2812,1,6,1,NULL,NULL,NULL,0,'Dirac',1,3,202,NULL,1,0,0,0,0,0,0),(1505,2812,1,6,1,NULL,NULL,NULL,0,'Dirac',1,3,202,NULL,1,0,0,0,0,0,0),(1506,2812,1,6,1,NULL,NULL,NULL,0,'Dirac',1,3,202,NULL,1,0,0,0,0,0,0),(1507,2812,1,6,1,NULL,NULL,NULL,0,'Dirac',1,3,202,NULL,1,0,0,0,0,0,0),(1508,4475,1,6,1,NULL,NULL,NULL,0,'Thor',0,1,0,NULL,1,0,0,0,0,0,0),(1509,4475,1,6,1,NULL,NULL,NULL,0,'Thor',0,1,0,NULL,1,0,0,0,0,0,0),(1510,2812,1,6,1,NULL,NULL,NULL,0,'Dirac',1,1,0,NULL,1,0,0,0,0,0,0),(1511,2812,1,6,1,NULL,NULL,NULL,0,'Dirac',1,1,0,NULL,1,0,0,0,0,0,0),(1512,2812,1,6,1,NULL,NULL,NULL,0,'Dirac',1,1,0,NULL,1,0,0,0,0,0,0),(1513,2812,1,6,1,NULL,NULL,NULL,0,'Dirac',1,1,0,NULL,1,0,0,0,0,0,0),(1514,2812,1,6,1,NULL,NULL,NULL,0,'Dirac',1,1,0,NULL,1,0,0,0,0,0,0),(1515,2812,1,6,1,NULL,NULL,NULL,0,'Dirac',1,1,0,NULL,1,0,0,0,0,0,0),(1516,4475,1,6,1,NULL,NULL,NULL,0,'Thor',0,0,90,NULL,1,0,0,0,0,0,0),(1517,4475,1,6,1,NULL,NULL,NULL,0,'Thor',0,0,90,NULL,1,0,0,0,0,0,0),(1518,2812,1,6,1,NULL,NULL,NULL,0,'Dirac',1,0,90,NULL,1,0,0,0,0,0,0),(1519,2812,1,6,1,NULL,NULL,NULL,0,'Dirac',1,0,90,NULL,1,0,0,0,0,0,0),(1520,2812,1,6,1,NULL,NULL,NULL,0,'Dirac',1,0,90,NULL,1,0,0,0,0,0,0),(1521,2812,1,6,1,NULL,NULL,NULL,0,'Dirac',1,0,90,NULL,1,0,0,0,0,0,0),(1522,2812,1,6,1,NULL,NULL,NULL,0,'Dirac',1,0,90,NULL,1,0,0,0,0,0,0),(1523,2812,1,6,1,NULL,NULL,NULL,0,'Dirac',1,0,90,NULL,1,0,0,0,0,0,0),(1524,4475,1,6,1,NULL,NULL,NULL,0,'Thor',0,1,135,NULL,1,0,0,0,0,0,0),(1525,4475,1,6,1,NULL,NULL,NULL,0,'Thor',0,1,135,NULL,1,0,0,0,0,0,0),(1526,2812,1,6,1,NULL,NULL,NULL,0,'Dirac',1,1,135,NULL,1,0,0,0,0,0,0),(1527,2812,1,6,1,NULL,NULL,NULL,0,'Dirac',1,1,135,NULL,1,0,0,0,0,0,0),(1528,2812,1,6,1,NULL,NULL,NULL,0,'Dirac',1,1,135,NULL,1,0,0,0,0,0,0),(1529,2812,1,6,1,NULL,NULL,NULL,0,'Dirac',1,1,135,NULL,1,0,0,0,0,0,0),(1530,2812,1,6,1,NULL,NULL,NULL,0,'Dirac',1,1,135,NULL,1,0,0,0,0,0,0),(1531,2812,1,6,1,NULL,NULL,NULL,0,'Dirac',1,1,135,NULL,1,0,0,0,0,0,0),(1532,4475,1,6,1,NULL,NULL,NULL,0,'Thor',0,2,180,NULL,1,0,0,0,0,0,0),(1533,4475,1,6,1,NULL,NULL,NULL,0,'Thor',0,2,180,NULL,1,0,0,0,0,0,0),(1534,2812,1,6,1,NULL,NULL,NULL,0,'Dirac',1,2,180,NULL,1,0,0,0,0,0,0),(1535,2812,1,6,1,NULL,NULL,NULL,0,'Dirac',1,2,180,NULL,1,0,0,0,0,0,0),(1536,2812,1,6,1,NULL,NULL,NULL,0,'Dirac',1,2,180,NULL,1,0,0,0,0,0,0),(1537,2812,1,6,1,NULL,NULL,NULL,0,'Dirac',1,2,180,NULL,1,0,0,0,0,0,0),(1538,2812,1,6,1,NULL,NULL,NULL,0,'Dirac',1,2,180,NULL,1,0,0,0,0,0,0),(1539,2812,1,6,1,NULL,NULL,NULL,0,'Dirac',1,2,180,NULL,1,0,0,0,0,0,0),(1540,4475,1,6,1,NULL,NULL,NULL,0,'Thor',0,2,330,NULL,1,0,0,0,0,0,0),(1541,4475,1,6,1,NULL,NULL,NULL,0,'Thor',0,2,330,NULL,1,0,0,0,0,0,0),(1542,2812,1,6,1,NULL,NULL,NULL,0,'Dirac',1,2,330,NULL,1,0,0,0,0,0,0),(1543,2812,1,6,1,NULL,NULL,NULL,0,'Dirac',1,2,330,NULL,1,0,0,0,0,0,0),(1544,2812,1,6,1,NULL,NULL,NULL,0,'Dirac',1,2,330,NULL,1,0,0,0,0,0,0),(1545,2812,1,6,1,NULL,NULL,NULL,0,'Dirac',1,2,330,NULL,1,0,0,0,0,0,0),(1546,2812,1,6,1,NULL,NULL,NULL,0,'Dirac',1,2,330,NULL,1,0,0,0,0,0,0),(1547,2812,1,6,1,NULL,NULL,NULL,0,'Dirac',1,2,330,NULL,1,0,0,0,0,0,0),(1548,4475,1,6,1,NULL,NULL,NULL,0,'Thor',0,0,270,NULL,1,0,0,0,0,0,0),(1549,4475,1,6,1,NULL,NULL,NULL,0,'Thor',0,0,270,NULL,1,0,0,0,0,0,0),(1550,4475,1,6,1,NULL,NULL,NULL,0,'Thor',0,0,270,NULL,1,0,0,0,0,0,0),(1551,4475,1,6,1,NULL,NULL,NULL,0,'Thor',0,0,270,NULL,1,0,0,0,0,0,0),(1552,2812,1,6,1,NULL,NULL,NULL,0,'Dirac',1,0,270,NULL,1,0,0,0,0,0,0),(1553,2812,1,6,1,NULL,NULL,NULL,0,'Dirac',1,0,270,NULL,1,0,0,0,0,0,0),(1554,2812,1,6,1,NULL,NULL,NULL,0,'Dirac',1,0,270,NULL,1,0,0,0,0,0,0),(1555,2812,1,6,1,NULL,NULL,NULL,0,'Dirac',1,0,270,NULL,1,0,0,0,0,0,0),(1556,2812,1,6,1,NULL,NULL,NULL,0,'Dirac',1,0,270,NULL,1,0,0,0,0,0,0),(1557,2812,1,6,1,NULL,NULL,NULL,0,'Dirac',1,0,270,NULL,1,0,0,0,0,0,0),(1558,2812,1,6,1,NULL,NULL,NULL,0,'Dirac',1,0,270,NULL,1,0,0,0,0,0,0),(1559,2812,1,6,1,NULL,NULL,NULL,0,'Dirac',1,0,270,NULL,1,0,0,0,0,0,0),(1560,2812,1,6,1,NULL,NULL,NULL,0,'Dirac',1,0,270,NULL,1,0,0,0,0,0,0),(1561,2812,1,6,1,NULL,NULL,NULL,0,'Dirac',1,0,270,NULL,1,0,0,0,0,0,0),(1562,2812,1,6,1,NULL,NULL,NULL,0,'Dirac',1,0,270,NULL,1,0,0,0,0,0,0),(1563,2812,1,6,1,NULL,NULL,NULL,0,'Dirac',1,0,270,NULL,1,0,0,0,0,0,0),(1564,90,1,64,4,NULL,NULL,NULL,0,'Glancer',1,NULL,NULL,NULL,1,0,0,0,0,0,0),(1565,125,1,64,4,NULL,NULL,NULL,0,'Gnat',0,NULL,NULL,NULL,1,0,0,0,0,0,0),(1566,125,1,64,4,NULL,NULL,NULL,0,'Gnat',0,NULL,NULL,NULL,1,0,0,0,0,0,0),(1567,125,1,64,4,NULL,NULL,NULL,0,'Gnat',0,NULL,NULL,NULL,1,0,0,0,0,0,0),(1568,125,1,64,4,NULL,NULL,NULL,0,'Gnat',0,NULL,NULL,NULL,1,0,0,0,0,0,0),(1569,125,1,64,4,NULL,NULL,NULL,0,'Gnat',0,NULL,NULL,NULL,1,0,0,0,0,0,0),(1570,125,1,64,4,NULL,NULL,NULL,0,'Gnat',1,NULL,NULL,NULL,1,0,0,0,0,0,0),(1571,125,1,64,4,NULL,NULL,NULL,0,'Gnat',1,NULL,NULL,NULL,1,0,0,0,0,0,0),(1572,90,1,65,4,NULL,NULL,NULL,0,'Glancer',1,NULL,NULL,NULL,1,0,0,0,0,0,0),(1573,90,1,65,4,NULL,NULL,NULL,0,'Glancer',1,NULL,NULL,NULL,1,0,0,0,0,0,0),(1574,125,1,65,4,NULL,NULL,NULL,0,'Gnat',0,NULL,NULL,NULL,1,0,0,0,0,0,0),(1575,125,1,65,4,NULL,NULL,NULL,0,'Gnat',0,NULL,NULL,NULL,1,0,0,0,0,0,0),(1576,125,1,65,4,NULL,NULL,NULL,0,'Gnat',1,NULL,NULL,NULL,1,0,0,0,0,0,0),(1577,125,1,65,4,NULL,NULL,NULL,0,'Gnat',1,NULL,NULL,NULL,1,0,0,0,0,0,0),(1578,90,1,65,4,NULL,NULL,NULL,0,'Glancer',1,NULL,NULL,NULL,1,0,0,0,0,0,0),(1579,90,1,65,4,NULL,NULL,NULL,0,'Glancer',1,NULL,NULL,NULL,1,0,0,0,0,0,0),(1580,125,1,65,4,NULL,NULL,NULL,0,'Gnat',0,NULL,NULL,NULL,1,0,0,0,0,0,0),(1581,125,1,65,4,NULL,NULL,NULL,0,'Gnat',0,NULL,NULL,NULL,1,0,0,0,0,0,0),(1582,90,1,65,4,NULL,NULL,NULL,0,'Glancer',1,NULL,NULL,NULL,1,0,0,0,0,0,0),(1583,125,1,65,4,NULL,NULL,NULL,0,'Gnat',0,NULL,NULL,NULL,1,0,0,0,0,0,0),(1584,125,1,65,4,NULL,NULL,NULL,0,'Gnat',0,NULL,NULL,NULL,1,0,0,0,0,0,0),(1585,125,1,65,4,NULL,NULL,NULL,0,'Gnat',0,NULL,NULL,NULL,1,0,0,0,0,0,0),(1586,125,1,65,4,NULL,NULL,NULL,0,'Gnat',0,NULL,NULL,NULL,1,0,0,0,0,0,0),(1587,125,1,65,4,NULL,NULL,NULL,0,'Gnat',0,NULL,NULL,NULL,1,0,0,0,0,0,0),(1588,125,1,65,4,NULL,NULL,NULL,0,'Gnat',1,NULL,NULL,NULL,1,0,0,0,0,0,0),(1589,125,1,65,4,NULL,NULL,NULL,0,'Gnat',1,NULL,NULL,NULL,1,0,0,0,0,0,0),(1590,125,1,66,4,NULL,NULL,NULL,0,'Gnat',0,NULL,NULL,NULL,1,0,0,0,0,0,0),(1591,125,1,66,4,NULL,NULL,NULL,0,'Gnat',0,NULL,NULL,NULL,1,0,0,0,0,0,0),(1592,125,1,66,4,NULL,NULL,NULL,0,'Gnat',0,NULL,NULL,NULL,1,0,0,0,0,0,0),(1593,125,1,66,4,NULL,NULL,NULL,0,'Gnat',0,NULL,NULL,NULL,1,0,0,0,0,0,0),(1594,125,1,66,4,NULL,NULL,NULL,0,'Gnat',1,NULL,NULL,NULL,1,0,0,0,0,0,0),(1595,125,1,66,4,NULL,NULL,NULL,0,'Gnat',1,NULL,NULL,NULL,1,0,0,0,0,0,0),(1596,90,1,67,4,NULL,NULL,NULL,0,'Glancer',1,NULL,NULL,NULL,1,0,0,0,0,0,0),(1597,125,1,67,4,NULL,NULL,NULL,0,'Gnat',0,NULL,NULL,NULL,1,0,0,0,0,0,0),(1598,125,1,67,4,NULL,NULL,NULL,0,'Gnat',0,NULL,NULL,NULL,1,0,0,0,0,0,0),(1599,125,1,67,4,NULL,NULL,NULL,0,'Gnat',0,NULL,NULL,NULL,1,0,0,0,0,0,0),(1600,125,1,67,4,NULL,NULL,NULL,0,'Gnat',0,NULL,NULL,NULL,1,0,0,0,0,0,0),(1601,125,1,67,4,NULL,NULL,NULL,0,'Gnat',0,NULL,NULL,NULL,1,0,0,0,0,0,0),(1602,125,1,67,4,NULL,NULL,NULL,0,'Gnat',1,NULL,NULL,NULL,1,0,0,0,0,0,0),(1603,125,1,67,4,NULL,NULL,NULL,0,'Gnat',1,NULL,NULL,NULL,1,0,0,0,0,0,0),(1604,125,1,68,4,NULL,NULL,NULL,0,'Gnat',0,NULL,NULL,NULL,1,0,0,0,0,0,0),(1605,125,1,68,4,NULL,NULL,NULL,0,'Gnat',0,NULL,NULL,NULL,1,0,0,0,0,0,0),(1606,125,1,68,4,NULL,NULL,NULL,0,'Gnat',0,NULL,NULL,NULL,1,0,0,0,0,0,0),(1607,125,1,68,4,NULL,NULL,NULL,0,'Gnat',0,NULL,NULL,NULL,1,0,0,0,0,0,0),(1608,125,1,68,4,NULL,NULL,NULL,0,'Gnat',1,NULL,NULL,NULL,1,0,0,0,0,0,0),(1609,125,1,68,4,NULL,NULL,NULL,0,'Gnat',1,NULL,NULL,NULL,1,0,0,0,0,0,0),(1610,125,1,69,4,NULL,NULL,NULL,0,'Gnat',0,NULL,NULL,NULL,1,0,0,0,0,0,0),(1611,125,1,69,4,NULL,NULL,NULL,0,'Gnat',0,NULL,NULL,NULL,1,0,0,0,0,0,0),(1612,125,1,69,4,NULL,NULL,NULL,0,'Gnat',0,NULL,NULL,NULL,1,0,0,0,0,0,0),(1613,125,1,69,4,NULL,NULL,NULL,0,'Gnat',0,NULL,NULL,NULL,1,0,0,0,0,0,0),(1614,125,1,69,4,NULL,NULL,NULL,0,'Gnat',1,NULL,NULL,NULL,1,0,0,0,0,0,0),(1615,125,1,69,4,NULL,NULL,NULL,0,'Gnat',1,NULL,NULL,NULL,1,0,0,0,0,0,0),(1616,90,1,70,4,NULL,NULL,NULL,0,'Glancer',1,NULL,NULL,NULL,1,0,0,0,0,0,0),(1617,90,1,70,4,NULL,NULL,NULL,0,'Glancer',1,NULL,NULL,NULL,1,0,0,0,0,0,0),(1618,125,1,70,4,NULL,NULL,NULL,0,'Gnat',0,NULL,NULL,NULL,1,0,0,0,0,0,0),(1619,125,1,70,4,NULL,NULL,NULL,0,'Gnat',0,NULL,NULL,NULL,1,0,0,0,0,0,0),(1620,125,1,70,4,NULL,NULL,NULL,0,'Gnat',1,NULL,NULL,NULL,1,0,0,0,0,0,0),(1621,125,1,70,4,NULL,NULL,NULL,0,'Gnat',1,NULL,NULL,NULL,1,0,0,0,0,0,0),(1622,90,1,70,4,NULL,NULL,NULL,0,'Glancer',1,NULL,NULL,NULL,1,0,0,0,0,0,0),(1623,90,1,70,4,NULL,NULL,NULL,0,'Glancer',1,NULL,NULL,NULL,1,0,0,0,0,0,0),(1624,125,1,70,4,NULL,NULL,NULL,0,'Gnat',0,NULL,NULL,NULL,1,0,0,0,0,0,0),(1625,125,1,70,4,NULL,NULL,NULL,0,'Gnat',0,NULL,NULL,NULL,1,0,0,0,0,0,0),(1626,90,1,70,4,NULL,NULL,NULL,0,'Glancer',1,NULL,NULL,NULL,1,0,0,0,0,0,0),(1627,125,1,70,4,NULL,NULL,NULL,0,'Gnat',0,NULL,NULL,NULL,1,0,0,0,0,0,0),(1628,125,1,70,4,NULL,NULL,NULL,0,'Gnat',0,NULL,NULL,NULL,1,0,0,0,0,0,0),(1629,125,1,70,4,NULL,NULL,NULL,0,'Gnat',0,NULL,NULL,NULL,1,0,0,0,0,0,0),(1630,125,1,70,4,NULL,NULL,NULL,0,'Gnat',0,NULL,NULL,NULL,1,0,0,0,0,0,0),(1631,125,1,70,4,NULL,NULL,NULL,0,'Gnat',0,NULL,NULL,NULL,1,0,0,0,0,0,0),(1632,125,1,70,4,NULL,NULL,NULL,0,'Gnat',1,NULL,NULL,NULL,1,0,0,0,0,0,0),(1633,125,1,70,4,NULL,NULL,NULL,0,'Gnat',1,NULL,NULL,NULL,1,0,0,0,0,0,0),(1634,125,1,71,4,NULL,NULL,NULL,0,'Gnat',0,NULL,NULL,NULL,1,0,0,0,0,0,0),(1635,125,1,71,4,NULL,NULL,NULL,0,'Gnat',0,NULL,NULL,NULL,1,0,0,0,0,0,0),(1636,125,1,71,4,NULL,NULL,NULL,0,'Gnat',0,NULL,NULL,NULL,1,0,0,0,0,0,0),(1637,125,1,71,4,NULL,NULL,NULL,0,'Gnat',0,NULL,NULL,NULL,1,0,0,0,0,0,0),(1638,125,1,71,4,NULL,NULL,NULL,0,'Gnat',1,NULL,NULL,NULL,1,0,0,0,0,0,0),(1639,125,1,71,4,NULL,NULL,NULL,0,'Gnat',1,NULL,NULL,NULL,1,0,0,0,0,0,0),(1640,125,1,72,4,NULL,NULL,NULL,0,'Gnat',0,NULL,NULL,NULL,1,0,0,0,0,0,0),(1641,125,1,72,4,NULL,NULL,NULL,0,'Gnat',0,NULL,NULL,NULL,1,0,0,0,0,0,0),(1642,125,1,72,4,NULL,NULL,NULL,0,'Gnat',0,NULL,NULL,NULL,1,0,0,0,0,0,0),(1643,125,1,72,4,NULL,NULL,NULL,0,'Gnat',0,NULL,NULL,NULL,1,0,0,0,0,0,0),(1644,125,1,72,4,NULL,NULL,NULL,0,'Gnat',1,NULL,NULL,NULL,1,0,0,0,0,0,0),(1645,125,1,72,4,NULL,NULL,NULL,0,'Gnat',1,NULL,NULL,NULL,1,0,0,0,0,0,0),(1646,90,1,73,4,NULL,NULL,NULL,0,'Glancer',1,NULL,NULL,NULL,1,0,0,0,0,0,0),(1647,125,1,73,4,NULL,NULL,NULL,0,'Gnat',0,NULL,NULL,NULL,1,0,0,0,0,0,0),(1648,125,1,73,4,NULL,NULL,NULL,0,'Gnat',0,NULL,NULL,NULL,1,0,0,0,0,0,0),(1649,125,1,73,4,NULL,NULL,NULL,0,'Gnat',0,NULL,NULL,NULL,1,0,0,0,0,0,0),(1650,125,1,73,4,NULL,NULL,NULL,0,'Gnat',0,NULL,NULL,NULL,1,0,0,0,0,0,0),(1651,125,1,73,4,NULL,NULL,NULL,0,'Gnat',0,NULL,NULL,NULL,1,0,0,0,0,0,0),(1652,125,1,73,4,NULL,NULL,NULL,0,'Gnat',1,NULL,NULL,NULL,1,0,0,0,0,0,0),(1653,125,1,73,4,NULL,NULL,NULL,0,'Gnat',1,NULL,NULL,NULL,1,0,0,0,0,0,0),(1654,90,1,74,4,NULL,NULL,NULL,0,'Glancer',1,NULL,NULL,NULL,1,0,0,0,0,0,0),(1655,125,1,74,4,NULL,NULL,NULL,0,'Gnat',0,NULL,NULL,NULL,1,0,0,0,0,0,0),(1656,125,1,74,4,NULL,NULL,NULL,0,'Gnat',0,NULL,NULL,NULL,1,0,0,0,0,0,0),(1657,125,1,74,4,NULL,NULL,NULL,0,'Gnat',0,NULL,NULL,NULL,1,0,0,0,0,0,0),(1658,125,1,74,4,NULL,NULL,NULL,0,'Gnat',0,NULL,NULL,NULL,1,0,0,0,0,0,0),(1659,125,1,74,4,NULL,NULL,NULL,0,'Gnat',0,NULL,NULL,NULL,1,0,0,0,0,0,0),(1660,125,1,74,4,NULL,NULL,NULL,0,'Gnat',1,NULL,NULL,NULL,1,0,0,0,0,0,0),(1661,125,1,74,4,NULL,NULL,NULL,0,'Gnat',1,NULL,NULL,NULL,1,0,0,0,0,0,0),(1662,90,1,81,4,NULL,NULL,NULL,0,'Glancer',1,NULL,NULL,NULL,1,0,0,0,0,0,0),(1663,90,1,81,4,NULL,NULL,NULL,0,'Glancer',1,NULL,NULL,NULL,1,0,0,0,0,0,0),(1664,125,1,81,4,NULL,NULL,NULL,0,'Gnat',0,NULL,NULL,NULL,1,0,0,0,0,0,0),(1665,125,1,81,4,NULL,NULL,NULL,0,'Gnat',0,NULL,NULL,NULL,1,0,0,0,0,0,0),(1666,125,1,81,4,NULL,NULL,NULL,0,'Gnat',1,NULL,NULL,NULL,1,0,0,0,0,0,0),(1667,125,1,81,4,NULL,NULL,NULL,0,'Gnat',1,NULL,NULL,NULL,1,0,0,0,0,0,0),(1668,90,1,81,4,NULL,NULL,NULL,0,'Glancer',1,NULL,NULL,NULL,1,0,0,0,0,0,0),(1669,90,1,81,4,NULL,NULL,NULL,0,'Glancer',1,NULL,NULL,NULL,1,0,0,0,0,0,0),(1670,125,1,81,4,NULL,NULL,NULL,0,'Gnat',0,NULL,NULL,NULL,1,0,0,0,0,0,0),(1671,125,1,81,4,NULL,NULL,NULL,0,'Gnat',0,NULL,NULL,NULL,1,0,0,0,0,0,0),(1672,90,1,81,4,NULL,NULL,NULL,0,'Glancer',1,NULL,NULL,NULL,1,0,0,0,0,0,0),(1673,125,1,81,4,NULL,NULL,NULL,0,'Gnat',0,NULL,NULL,NULL,1,0,0,0,0,0,0),(1674,125,1,81,4,NULL,NULL,NULL,0,'Gnat',0,NULL,NULL,NULL,1,0,0,0,0,0,0),(1675,125,1,81,4,NULL,NULL,NULL,0,'Gnat',0,NULL,NULL,NULL,1,0,0,0,0,0,0),(1676,125,1,81,4,NULL,NULL,NULL,0,'Gnat',0,NULL,NULL,NULL,1,0,0,0,0,0,0),(1677,125,1,81,4,NULL,NULL,NULL,0,'Gnat',0,NULL,NULL,NULL,1,0,0,0,0,0,0),(1678,125,1,81,4,NULL,NULL,NULL,0,'Gnat',1,NULL,NULL,NULL,1,0,0,0,0,0,0),(1679,125,1,81,4,NULL,NULL,NULL,0,'Gnat',1,NULL,NULL,NULL,1,0,0,0,0,0,0),(1680,90,1,87,4,NULL,NULL,NULL,0,'Glancer',1,NULL,NULL,NULL,1,0,0,0,0,0,0),(1681,90,1,87,4,NULL,NULL,NULL,0,'Glancer',1,NULL,NULL,NULL,1,0,0,0,0,0,0),(1682,125,1,87,4,NULL,NULL,NULL,0,'Gnat',0,NULL,NULL,NULL,1,0,0,0,0,0,0),(1683,125,1,87,4,NULL,NULL,NULL,0,'Gnat',0,NULL,NULL,NULL,1,0,0,0,0,0,0),(1684,125,1,87,4,NULL,NULL,NULL,0,'Gnat',1,NULL,NULL,NULL,1,0,0,0,0,0,0),(1685,125,1,87,4,NULL,NULL,NULL,0,'Gnat',1,NULL,NULL,NULL,1,0,0,0,0,0,0),(1686,90,1,87,4,NULL,NULL,NULL,0,'Glancer',1,NULL,NULL,NULL,1,0,0,0,0,0,0),(1687,90,1,87,4,NULL,NULL,NULL,0,'Glancer',1,NULL,NULL,NULL,1,0,0,0,0,0,0),(1688,125,1,87,4,NULL,NULL,NULL,0,'Gnat',0,NULL,NULL,NULL,1,0,0,0,0,0,0),(1689,125,1,87,4,NULL,NULL,NULL,0,'Gnat',0,NULL,NULL,NULL,1,0,0,0,0,0,0),(1690,90,1,87,4,NULL,NULL,NULL,0,'Glancer',1,NULL,NULL,NULL,1,0,0,0,0,0,0),(1691,125,1,87,4,NULL,NULL,NULL,0,'Gnat',0,NULL,NULL,NULL,1,0,0,0,0,0,0),(1692,125,1,87,4,NULL,NULL,NULL,0,'Gnat',0,NULL,NULL,NULL,1,0,0,0,0,0,0),(1693,125,1,87,4,NULL,NULL,NULL,0,'Gnat',0,NULL,NULL,NULL,1,0,0,0,0,0,0),(1694,125,1,87,4,NULL,NULL,NULL,0,'Gnat',0,NULL,NULL,NULL,1,0,0,0,0,0,0),(1695,125,1,87,4,NULL,NULL,NULL,0,'Gnat',0,NULL,NULL,NULL,1,0,0,0,0,0,0),(1696,125,1,87,4,NULL,NULL,NULL,0,'Gnat',1,NULL,NULL,NULL,1,0,0,0,0,0,0),(1697,125,1,87,4,NULL,NULL,NULL,0,'Gnat',1,NULL,NULL,NULL,1,0,0,0,0,0,0),(1698,125,1,96,4,NULL,NULL,NULL,0,'Gnat',0,NULL,NULL,NULL,1,0,0,0,0,0,0),(1699,125,1,96,4,NULL,NULL,NULL,0,'Gnat',0,NULL,NULL,NULL,1,0,0,0,0,0,0),(1700,125,1,96,4,NULL,NULL,NULL,0,'Gnat',0,NULL,NULL,NULL,1,0,0,0,0,0,0),(1701,125,1,96,4,NULL,NULL,NULL,0,'Gnat',0,NULL,NULL,NULL,1,0,0,0,0,0,0),(1702,125,1,96,4,NULL,NULL,NULL,0,'Gnat',1,NULL,NULL,NULL,1,0,0,0,0,0,0),(1703,125,1,96,4,NULL,NULL,NULL,0,'Gnat',1,NULL,NULL,NULL,1,0,0,0,0,0,0),(1704,125,1,97,4,NULL,NULL,NULL,0,'Gnat',0,NULL,NULL,NULL,1,0,0,0,0,0,0),(1705,125,1,97,4,NULL,NULL,NULL,0,'Gnat',0,NULL,NULL,NULL,1,0,0,0,0,0,0),(1706,125,1,97,4,NULL,NULL,NULL,0,'Gnat',0,NULL,NULL,NULL,1,0,0,0,0,0,0),(1707,125,1,97,4,NULL,NULL,NULL,0,'Gnat',0,NULL,NULL,NULL,1,0,0,0,0,0,0),(1708,125,1,97,4,NULL,NULL,NULL,0,'Gnat',1,NULL,NULL,NULL,1,0,0,0,0,0,0),(1709,125,1,97,4,NULL,NULL,NULL,0,'Gnat',1,NULL,NULL,NULL,1,0,0,0,0,0,0),(1710,125,1,98,4,NULL,NULL,NULL,0,'Gnat',0,NULL,NULL,NULL,1,0,0,0,0,0,0),(1711,125,1,98,4,NULL,NULL,NULL,0,'Gnat',0,NULL,NULL,NULL,1,0,0,0,0,0,0),(1712,125,1,98,4,NULL,NULL,NULL,0,'Gnat',0,NULL,NULL,NULL,1,0,0,0,0,0,0),(1713,125,1,98,4,NULL,NULL,NULL,0,'Gnat',0,NULL,NULL,NULL,1,0,0,0,0,0,0),(1714,125,1,98,4,NULL,NULL,NULL,0,'Gnat',1,NULL,NULL,NULL,1,0,0,0,0,0,0),(1715,125,1,98,4,NULL,NULL,NULL,0,'Gnat',1,NULL,NULL,NULL,1,0,0,0,0,0,0),(1716,125,1,99,4,NULL,NULL,NULL,0,'Gnat',0,NULL,NULL,NULL,1,0,0,0,0,0,0),(1717,125,1,99,4,NULL,NULL,NULL,0,'Gnat',0,NULL,NULL,NULL,1,0,0,0,0,0,0),(1718,125,1,99,4,NULL,NULL,NULL,0,'Gnat',0,NULL,NULL,NULL,1,0,0,0,0,0,0),(1719,125,1,99,4,NULL,NULL,NULL,0,'Gnat',0,NULL,NULL,NULL,1,0,0,0,0,0,0),(1720,125,1,99,4,NULL,NULL,NULL,0,'Gnat',1,NULL,NULL,NULL,1,0,0,0,0,0,0),(1721,125,1,99,4,NULL,NULL,NULL,0,'Gnat',1,NULL,NULL,NULL,1,0,0,0,0,0,0),(1722,90,1,100,4,NULL,NULL,NULL,0,'Glancer',1,NULL,NULL,NULL,1,0,0,0,0,0,0),(1723,90,1,100,4,NULL,NULL,NULL,0,'Glancer',1,NULL,NULL,NULL,1,0,0,0,0,0,0),(1724,125,1,100,4,NULL,NULL,NULL,0,'Gnat',0,NULL,NULL,NULL,1,0,0,0,0,0,0),(1725,125,1,100,4,NULL,NULL,NULL,0,'Gnat',0,NULL,NULL,NULL,1,0,0,0,0,0,0),(1726,125,1,100,4,NULL,NULL,NULL,0,'Gnat',1,NULL,NULL,NULL,1,0,0,0,0,0,0),(1727,125,1,100,4,NULL,NULL,NULL,0,'Gnat',1,NULL,NULL,NULL,1,0,0,0,0,0,0),(1728,90,1,100,4,NULL,NULL,NULL,0,'Glancer',1,NULL,NULL,NULL,1,0,0,0,0,0,0),(1729,90,1,100,4,NULL,NULL,NULL,0,'Glancer',1,NULL,NULL,NULL,1,0,0,0,0,0,0),(1730,125,1,100,4,NULL,NULL,NULL,0,'Gnat',0,NULL,NULL,NULL,1,0,0,0,0,0,0),(1731,125,1,100,4,NULL,NULL,NULL,0,'Gnat',0,NULL,NULL,NULL,1,0,0,0,0,0,0),(1732,90,1,100,4,NULL,NULL,NULL,0,'Glancer',1,NULL,NULL,NULL,1,0,0,0,0,0,0),(1733,125,1,100,4,NULL,NULL,NULL,0,'Gnat',0,NULL,NULL,NULL,1,0,0,0,0,0,0),(1734,125,1,100,4,NULL,NULL,NULL,0,'Gnat',0,NULL,NULL,NULL,1,0,0,0,0,0,0),(1735,125,1,100,4,NULL,NULL,NULL,0,'Gnat',0,NULL,NULL,NULL,1,0,0,0,0,0,0),(1736,125,1,100,4,NULL,NULL,NULL,0,'Gnat',0,NULL,NULL,NULL,1,0,0,0,0,0,0),(1737,125,1,100,4,NULL,NULL,NULL,0,'Gnat',0,NULL,NULL,NULL,1,0,0,0,0,0,0),(1738,125,1,100,4,NULL,NULL,NULL,0,'Gnat',1,NULL,NULL,NULL,1,0,0,0,0,0,0),(1739,125,1,100,4,NULL,NULL,NULL,0,'Gnat',1,NULL,NULL,NULL,1,0,0,0,0,0,0),(1740,125,1,101,4,NULL,NULL,NULL,0,'Gnat',0,NULL,NULL,NULL,1,0,0,0,0,0,0),(1741,125,1,101,4,NULL,NULL,NULL,0,'Gnat',0,NULL,NULL,NULL,1,0,0,0,0,0,0),(1742,125,1,101,4,NULL,NULL,NULL,0,'Gnat',0,NULL,NULL,NULL,1,0,0,0,0,0,0),(1743,125,1,101,4,NULL,NULL,NULL,0,'Gnat',0,NULL,NULL,NULL,1,0,0,0,0,0,0),(1744,125,1,101,4,NULL,NULL,NULL,0,'Gnat',1,NULL,NULL,NULL,1,0,0,0,0,0,0),(1745,125,1,101,4,NULL,NULL,NULL,0,'Gnat',1,NULL,NULL,NULL,1,0,0,0,0,0,0),(1746,4475,1,6,1,NULL,NULL,NULL,0,'Thor',0,0,0,NULL,1,0,0,0,0,0,0),(1747,4475,1,6,1,NULL,NULL,NULL,0,'Thor',0,0,0,NULL,1,0,0,0,0,0,0),(1748,4475,1,6,1,NULL,NULL,NULL,0,'Thor',0,0,0,NULL,1,0,0,0,0,0,0),(1749,4475,1,6,1,NULL,NULL,NULL,0,'Thor',0,0,0,NULL,1,0,0,0,0,0,0),(1750,2812,1,6,1,NULL,NULL,NULL,0,'Dirac',1,0,0,NULL,1,0,0,0,0,0,0),(1751,2812,1,6,1,NULL,NULL,NULL,0,'Dirac',1,0,0,NULL,1,0,0,0,0,0,0),(1752,2812,1,6,1,NULL,NULL,NULL,0,'Dirac',1,0,0,NULL,1,0,0,0,0,0,0),(1753,2812,1,6,1,NULL,NULL,NULL,0,'Dirac',1,0,0,NULL,1,0,0,0,0,0,0),(1754,2812,1,6,1,NULL,NULL,NULL,0,'Dirac',1,0,0,NULL,1,0,0,0,0,0,0),(1755,2812,1,6,1,NULL,NULL,NULL,0,'Dirac',1,0,0,NULL,1,0,0,0,0,0,0),(1756,2812,1,6,1,NULL,NULL,NULL,0,'Dirac',1,0,0,NULL,1,0,0,0,0,0,0),(1757,2812,1,6,1,NULL,NULL,NULL,0,'Dirac',1,0,0,NULL,1,0,0,0,0,0,0),(1758,2812,1,6,1,NULL,NULL,NULL,0,'Dirac',1,0,0,NULL,1,0,0,0,0,0,0),(1759,2812,1,6,1,NULL,NULL,NULL,0,'Dirac',1,0,0,NULL,1,0,0,0,0,0,0),(1760,2812,1,6,1,NULL,NULL,NULL,0,'Dirac',1,0,0,NULL,1,0,0,0,0,0,0),(1761,2812,1,6,1,NULL,NULL,NULL,0,'Dirac',1,0,0,NULL,1,0,0,0,0,0,0),(1762,4475,1,7,1,NULL,NULL,NULL,0,'Thor',0,1,45,NULL,1,0,0,0,0,0,0),(1763,4475,1,7,1,NULL,NULL,NULL,0,'Thor',0,1,45,NULL,1,0,0,0,0,0,0),(1764,4475,1,7,1,NULL,NULL,NULL,0,'Thor',1,1,45,NULL,1,0,0,0,0,0,0),(1765,4475,1,7,1,NULL,NULL,NULL,0,'Thor',0,1,45,NULL,1,0,0,0,0,0,0),(1766,4475,1,7,1,NULL,NULL,NULL,0,'Thor',0,1,45,NULL,1,0,0,0,0,0,0),(1767,4475,1,7,1,NULL,NULL,NULL,0,'Thor',0,1,45,NULL,1,0,0,0,0,0,0),(1768,2812,1,7,1,NULL,NULL,NULL,0,'Dirac',0,1,45,NULL,1,0,0,0,0,0,0),(1769,2812,1,7,1,NULL,NULL,NULL,0,'Dirac',1,1,45,NULL,1,0,0,0,0,0,0),(1770,2812,1,7,1,NULL,NULL,NULL,0,'Dirac',0,1,45,NULL,1,0,0,0,0,0,0),(1771,2812,1,7,1,NULL,NULL,NULL,0,'Dirac',1,1,45,NULL,1,0,0,0,0,0,0),(1772,2812,1,7,1,NULL,NULL,NULL,0,'Dirac',0,1,45,NULL,1,0,0,0,0,0,0),(1773,26875,1,7,1,NULL,NULL,NULL,0,'Demosis',0,1,225,NULL,1,0,0,0,0,0,0),(1774,26875,1,7,1,NULL,NULL,NULL,0,'Demosis',0,1,225,NULL,1,0,0,0,0,0,0),(1775,26875,1,7,1,NULL,NULL,NULL,0,'Demosis',0,1,225,NULL,1,0,0,0,0,0,0),(1776,26875,1,7,1,NULL,NULL,NULL,0,'Demosis',0,1,225,NULL,1,0,0,0,0,0,0),(1777,4475,1,7,1,NULL,NULL,NULL,0,'Thor',1,1,225,NULL,1,0,0,0,0,0,0),(1778,4475,1,7,1,NULL,NULL,NULL,0,'Thor',0,1,225,NULL,1,0,0,0,0,0,0),(1779,4475,1,7,1,NULL,NULL,NULL,0,'Thor',1,1,225,NULL,1,0,0,0,0,0,0),(1780,4475,1,7,1,NULL,NULL,NULL,0,'Thor',1,1,225,NULL,1,0,0,0,0,0,0),(1781,4475,1,7,1,NULL,NULL,NULL,0,'Thor',0,1,225,NULL,1,0,0,0,0,0,0),(1782,2812,1,7,1,NULL,NULL,NULL,0,'Dirac',0,1,225,NULL,1,0,0,0,0,0,0),(1783,2812,1,7,1,NULL,NULL,NULL,0,'Dirac',1,1,225,NULL,1,0,0,0,0,0,0),(1784,2812,1,7,1,NULL,NULL,NULL,0,'Dirac',0,1,225,NULL,1,0,0,0,0,0,0),(1785,2812,1,7,1,NULL,NULL,NULL,0,'Dirac',0,1,225,NULL,1,0,0,0,0,0,0),(1786,2812,1,7,1,NULL,NULL,NULL,0,'Dirac',1,1,225,NULL,1,0,0,0,0,0,0),(1787,2812,1,7,1,NULL,NULL,NULL,0,'Dirac',1,1,225,NULL,1,0,0,0,0,0,0),(1788,2812,1,7,1,NULL,NULL,NULL,0,'Dirac',0,1,225,NULL,1,0,0,0,0,0,0),(1789,2812,1,7,1,NULL,NULL,NULL,0,'Dirac',1,1,225,NULL,1,0,0,0,0,0,0),(1790,2812,1,7,1,NULL,NULL,NULL,0,'Dirac',1,1,225,NULL,1,0,0,0,0,0,0),(1791,2812,1,7,1,NULL,NULL,NULL,0,'Dirac',1,1,225,NULL,1,0,0,0,0,0,0),(1792,2812,1,7,1,NULL,NULL,NULL,0,'Dirac',0,1,225,NULL,1,0,0,0,0,0,0),(1793,2812,1,7,1,NULL,NULL,NULL,0,'Dirac',0,1,225,NULL,1,0,0,0,0,0,0),(1794,2812,1,7,1,NULL,NULL,NULL,0,'Dirac',1,1,225,NULL,1,0,0,0,0,0,0),(1795,2812,1,7,1,NULL,NULL,NULL,0,'Dirac',1,1,225,NULL,1,0,0,0,0,0,0),(1796,26875,1,7,1,NULL,NULL,NULL,0,'Demosis',0,2,120,NULL,1,0,0,0,0,0,0),(1797,26875,1,7,1,NULL,NULL,NULL,0,'Demosis',0,2,120,NULL,1,0,0,0,0,0,0),(1798,4475,1,7,1,NULL,NULL,NULL,0,'Thor',1,2,120,NULL,1,0,0,0,0,0,0),(1799,4475,1,7,1,NULL,NULL,NULL,0,'Thor',1,2,120,NULL,1,0,0,0,0,0,0),(1800,2812,1,7,1,NULL,NULL,NULL,0,'Dirac',0,2,120,NULL,1,0,0,0,0,0,0),(1801,2812,1,7,1,NULL,NULL,NULL,0,'Dirac',1,2,120,NULL,1,0,0,0,0,0,0),(1802,2812,1,7,1,NULL,NULL,NULL,0,'Dirac',0,2,120,NULL,1,0,0,0,0,0,0),(1803,2812,1,7,1,NULL,NULL,NULL,0,'Dirac',1,2,120,NULL,1,0,0,0,0,0,0),(1804,2812,1,7,1,NULL,NULL,NULL,0,'Dirac',0,2,120,NULL,1,0,0,0,0,0,0),(1805,2812,1,7,1,NULL,NULL,NULL,0,'Dirac',1,2,120,NULL,1,0,0,0,0,0,0),(1806,2812,1,7,1,NULL,NULL,NULL,0,'Dirac',0,2,120,NULL,1,0,0,0,0,0,0),(1807,2812,1,7,1,NULL,NULL,NULL,0,'Dirac',0,2,120,NULL,1,0,0,0,0,0,0),(1808,2812,1,7,1,NULL,NULL,NULL,0,'Dirac',0,2,120,NULL,1,0,0,0,0,0,0),(1809,26875,1,7,1,NULL,NULL,NULL,0,'Demosis',0,3,246,NULL,1,0,0,0,0,0,0),(1810,26875,1,7,1,NULL,NULL,NULL,0,'Demosis',0,3,246,NULL,1,0,0,0,0,0,0),(1811,4475,1,7,1,NULL,NULL,NULL,0,'Thor',0,3,246,NULL,1,0,0,0,0,0,0),(1812,4475,1,7,1,NULL,NULL,NULL,0,'Thor',0,3,246,NULL,1,0,0,0,0,0,0),(1813,4475,1,7,1,NULL,NULL,NULL,0,'Thor',1,3,246,NULL,1,0,0,0,0,0,0),(1814,4475,1,7,1,NULL,NULL,NULL,0,'Thor',1,3,246,NULL,1,0,0,0,0,0,0),(1815,4475,1,7,1,NULL,NULL,NULL,0,'Thor',1,3,246,NULL,1,0,0,0,0,0,0),(1816,4475,1,7,1,NULL,NULL,NULL,0,'Thor',1,3,246,NULL,1,0,0,0,0,0,0),(1817,4475,1,7,1,NULL,NULL,NULL,0,'Thor',1,3,246,NULL,1,0,0,0,0,0,0),(1818,2812,1,7,1,NULL,NULL,NULL,0,'Dirac',0,3,246,NULL,1,0,0,0,0,0,0),(1819,2812,1,7,1,NULL,NULL,NULL,0,'Dirac',0,3,246,NULL,1,0,0,0,0,0,0),(1820,2812,1,7,1,NULL,NULL,NULL,0,'Dirac',1,3,246,NULL,1,0,0,0,0,0,0),(1821,2812,1,7,1,NULL,NULL,NULL,0,'Dirac',1,3,246,NULL,1,0,0,0,0,0,0),(1822,2812,1,7,1,NULL,NULL,NULL,0,'Dirac',0,3,246,NULL,1,0,0,0,0,0,0),(1823,2812,1,7,1,NULL,NULL,NULL,0,'Dirac',1,3,246,NULL,1,0,0,0,0,0,0),(1824,2812,1,7,1,NULL,NULL,NULL,0,'Dirac',1,3,246,NULL,1,0,0,0,0,0,0),(1825,2812,1,7,1,NULL,NULL,NULL,0,'Dirac',0,3,246,NULL,1,0,0,0,0,0,0),(1826,2812,1,7,1,NULL,NULL,NULL,0,'Dirac',1,3,246,NULL,1,0,0,0,0,0,0),(1827,2812,1,7,1,NULL,NULL,NULL,0,'Dirac',1,3,246,NULL,1,0,0,0,0,0,0),(1828,2812,1,7,1,NULL,NULL,NULL,0,'Dirac',1,3,246,NULL,1,0,0,0,0,0,0),(1829,26875,1,7,1,NULL,NULL,NULL,0,'Demosis',0,2,210,NULL,1,0,0,0,0,0,0),(1830,26875,1,7,1,NULL,NULL,NULL,0,'Demosis',0,2,210,NULL,1,0,0,0,0,0,0),(1831,26875,1,7,1,NULL,NULL,NULL,0,'Demosis',0,2,210,NULL,1,0,0,0,0,0,0),(1832,4475,1,7,1,NULL,NULL,NULL,0,'Thor',0,2,210,NULL,1,0,0,0,0,0,0),(1833,4475,1,7,1,NULL,NULL,NULL,0,'Thor',1,2,210,NULL,1,0,0,0,0,0,0),(1834,4475,1,7,1,NULL,NULL,NULL,0,'Thor',0,2,210,NULL,1,0,0,0,0,0,0),(1835,2812,1,7,1,NULL,NULL,NULL,0,'Dirac',1,2,210,NULL,1,0,0,0,0,0,0),(1836,2812,1,7,1,NULL,NULL,NULL,0,'Dirac',1,2,210,NULL,1,0,0,0,0,0,0),(1837,2812,1,7,1,NULL,NULL,NULL,0,'Dirac',0,2,210,NULL,1,0,0,0,0,0,0),(1838,2812,1,7,1,NULL,NULL,NULL,0,'Dirac',0,2,210,NULL,1,0,0,0,0,0,0),(1839,2812,1,7,1,NULL,NULL,NULL,0,'Dirac',1,2,210,NULL,1,0,0,0,0,0,0),(1840,2812,1,7,1,NULL,NULL,NULL,0,'Dirac',0,2,210,NULL,1,0,0,0,0,0,0),(1841,2812,1,7,1,NULL,NULL,NULL,0,'Dirac',1,2,210,NULL,1,0,0,0,0,0,0),(1842,2812,1,7,1,NULL,NULL,NULL,0,'Dirac',1,2,210,NULL,1,0,0,0,0,0,0),(1843,2812,1,7,1,NULL,NULL,NULL,0,'Dirac',0,2,210,NULL,1,0,0,0,0,0,0),(1844,26875,1,7,1,NULL,NULL,NULL,0,'Demosis',0,3,134,NULL,1,0,0,0,0,0,0),(1845,26875,1,7,1,NULL,NULL,NULL,0,'Demosis',0,3,134,NULL,1,0,0,0,0,0,0),(1846,4475,1,7,1,NULL,NULL,NULL,0,'Thor',1,3,134,NULL,1,0,0,0,0,0,0),(1847,4475,1,7,1,NULL,NULL,NULL,0,'Thor',1,3,134,NULL,1,0,0,0,0,0,0),(1848,4475,1,7,1,NULL,NULL,NULL,0,'Thor',0,3,134,NULL,1,0,0,0,0,0,0),(1849,4475,1,7,1,NULL,NULL,NULL,0,'Thor',0,3,134,NULL,1,0,0,0,0,0,0),(1850,4475,1,7,1,NULL,NULL,NULL,0,'Thor',1,3,134,NULL,1,0,0,0,0,0,0),(1851,4475,1,7,1,NULL,NULL,NULL,0,'Thor',1,3,134,NULL,1,0,0,0,0,0,0),(1852,4475,1,7,1,NULL,NULL,NULL,0,'Thor',0,3,134,NULL,1,0,0,0,0,0,0),(1853,4475,1,7,1,NULL,NULL,NULL,0,'Thor',1,3,134,NULL,1,0,0,0,0,0,0),(1854,4475,1,7,1,NULL,NULL,NULL,0,'Thor',0,3,134,NULL,1,0,0,0,0,0,0),(1855,2812,1,7,1,NULL,NULL,NULL,0,'Dirac',1,3,134,NULL,1,0,0,0,0,0,0),(1856,2812,1,7,1,NULL,NULL,NULL,0,'Dirac',1,3,134,NULL,1,0,0,0,0,0,0),(1857,2812,1,7,1,NULL,NULL,NULL,0,'Dirac',0,3,134,NULL,1,0,0,0,0,0,0),(1858,2812,1,7,1,NULL,NULL,NULL,0,'Dirac',1,3,134,NULL,1,0,0,0,0,0,0),(1859,2812,1,7,1,NULL,NULL,NULL,0,'Dirac',0,3,134,NULL,1,0,0,0,0,0,0),(1860,2812,1,7,1,NULL,NULL,NULL,0,'Dirac',1,3,134,NULL,1,0,0,0,0,0,0),(1861,2812,1,7,1,NULL,NULL,NULL,0,'Dirac',1,3,134,NULL,1,0,0,0,0,0,0),(1862,2812,1,7,1,NULL,NULL,NULL,0,'Dirac',0,3,134,NULL,1,0,0,0,0,0,0),(1863,2812,1,7,1,NULL,NULL,NULL,0,'Dirac',1,3,134,NULL,1,0,0,0,0,0,0),(1864,2812,1,7,1,NULL,NULL,NULL,0,'Dirac',0,3,134,NULL,1,0,0,0,0,0,0),(1865,26875,1,7,1,NULL,NULL,NULL,0,'Demosis',0,2,240,NULL,1,0,0,0,0,0,0),(1866,4475,1,7,1,NULL,NULL,NULL,0,'Thor',1,2,240,NULL,1,0,0,0,0,0,0),(1867,4475,1,7,1,NULL,NULL,NULL,0,'Thor',1,2,240,NULL,1,0,0,0,0,0,0),(1868,4475,1,7,1,NULL,NULL,NULL,0,'Thor',0,2,240,NULL,1,0,0,0,0,0,0),(1869,2812,1,7,1,NULL,NULL,NULL,0,'Dirac',1,2,240,NULL,1,0,0,0,0,0,0),(1870,2812,1,7,1,NULL,NULL,NULL,0,'Dirac',1,2,240,NULL,1,0,0,0,0,0,0),(1871,2812,1,7,1,NULL,NULL,NULL,0,'Dirac',0,2,240,NULL,1,0,0,0,0,0,0),(1872,2812,1,7,1,NULL,NULL,NULL,0,'Dirac',1,2,240,NULL,1,0,0,0,0,0,0),(1873,2812,1,7,1,NULL,NULL,NULL,0,'Dirac',0,2,240,NULL,1,0,0,0,0,0,0),(1874,2812,1,7,1,NULL,NULL,NULL,0,'Dirac',1,2,240,NULL,1,0,0,0,0,0,0),(1875,2812,1,7,1,NULL,NULL,NULL,0,'Dirac',0,2,240,NULL,1,0,0,0,0,0,0),(1876,2812,1,7,1,NULL,NULL,NULL,0,'Dirac',0,2,240,NULL,1,0,0,0,0,0,0),(1877,2812,1,7,1,NULL,NULL,NULL,0,'Dirac',1,2,240,NULL,1,0,0,0,0,0,0),(1878,2812,1,7,1,NULL,NULL,NULL,0,'Dirac',1,2,240,NULL,1,0,0,0,0,0,0),(1879,26875,1,7,1,NULL,NULL,NULL,0,'Demosis',0,1,315,NULL,1,0,0,0,0,0,0),(1880,26875,1,7,1,NULL,NULL,NULL,0,'Demosis',0,1,315,NULL,1,0,0,0,0,0,0),(1881,4475,1,7,1,NULL,NULL,NULL,0,'Thor',0,1,315,NULL,1,0,0,0,0,0,0),(1882,4475,1,7,1,NULL,NULL,NULL,0,'Thor',1,1,315,NULL,1,0,0,0,0,0,0),(1883,4475,1,7,1,NULL,NULL,NULL,0,'Thor',1,1,315,NULL,1,0,0,0,0,0,0),(1884,4475,1,7,1,NULL,NULL,NULL,0,'Thor',1,1,315,NULL,1,0,0,0,0,0,0),(1885,4475,1,7,1,NULL,NULL,NULL,0,'Thor',0,1,315,NULL,1,0,0,0,0,0,0),(1886,4475,1,7,1,NULL,NULL,NULL,0,'Thor',1,1,315,NULL,1,0,0,0,0,0,0),(1887,4475,1,7,1,NULL,NULL,NULL,0,'Thor',0,1,315,NULL,1,0,0,0,0,0,0),(1888,2812,1,7,1,NULL,NULL,NULL,0,'Dirac',1,1,315,NULL,1,0,0,0,0,0,0),(1889,2812,1,7,1,NULL,NULL,NULL,0,'Dirac',0,1,315,NULL,1,0,0,0,0,0,0),(1890,2812,1,7,1,NULL,NULL,NULL,0,'Dirac',0,1,315,NULL,1,0,0,0,0,0,0),(1891,2812,1,7,1,NULL,NULL,NULL,0,'Dirac',1,1,315,NULL,1,0,0,0,0,0,0),(1892,2812,1,7,1,NULL,NULL,NULL,0,'Dirac',0,1,315,NULL,1,0,0,0,0,0,0),(1893,2812,1,7,1,NULL,NULL,NULL,0,'Dirac',0,1,315,NULL,1,0,0,0,0,0,0),(1894,2812,1,7,1,NULL,NULL,NULL,0,'Dirac',0,1,315,NULL,1,0,0,0,0,0,0),(1895,2812,1,7,1,NULL,NULL,NULL,0,'Dirac',1,1,315,NULL,1,0,0,0,0,0,0),(1896,26875,1,7,1,NULL,NULL,NULL,0,'Demosis',0,1,0,NULL,1,0,0,0,0,0,0),(1897,4475,1,7,1,NULL,NULL,NULL,0,'Thor',0,1,0,NULL,1,0,0,0,0,0,0),(1898,4475,1,7,1,NULL,NULL,NULL,0,'Thor',1,1,0,NULL,1,0,0,0,0,0,0),(1899,4475,1,7,1,NULL,NULL,NULL,0,'Thor',0,1,0,NULL,1,0,0,0,0,0,0),(1900,4475,1,7,1,NULL,NULL,NULL,0,'Thor',0,1,0,NULL,1,0,0,0,0,0,0),(1901,2812,1,7,1,NULL,NULL,NULL,0,'Dirac',0,1,0,NULL,1,0,0,0,0,0,0),(1902,2812,1,7,1,NULL,NULL,NULL,0,'Dirac',1,1,0,NULL,1,0,0,0,0,0,0),(1903,2812,1,7,1,NULL,NULL,NULL,0,'Dirac',0,1,0,NULL,1,0,0,0,0,0,0),(1904,2812,1,7,1,NULL,NULL,NULL,0,'Dirac',1,1,0,NULL,1,0,0,0,0,0,0),(1905,2812,1,7,1,NULL,NULL,NULL,0,'Dirac',0,1,0,NULL,1,0,0,0,0,0,0),(1906,2812,1,7,1,NULL,NULL,NULL,0,'Dirac',1,1,0,NULL,1,0,0,0,0,0,0),(1907,2812,1,7,1,NULL,NULL,NULL,0,'Dirac',0,1,0,NULL,1,0,0,0,0,0,0),(1908,2812,1,7,1,NULL,NULL,NULL,0,'Dirac',0,1,0,NULL,1,0,0,0,0,0,0),(1909,26875,1,7,1,NULL,NULL,NULL,0,'Demosis',0,1,270,NULL,1,0,0,0,0,0,0),(1910,26875,1,7,1,NULL,NULL,NULL,0,'Demosis',0,1,270,NULL,1,0,0,0,0,0,0),(1911,26875,1,7,1,NULL,NULL,NULL,0,'Demosis',0,1,270,NULL,1,0,0,0,0,0,0),(1912,26875,1,7,1,NULL,NULL,NULL,0,'Demosis',0,1,270,NULL,1,0,0,0,0,0,0),(1913,4475,1,7,1,NULL,NULL,NULL,0,'Thor',1,1,270,NULL,1,0,0,0,0,0,0),(1914,4475,1,7,1,NULL,NULL,NULL,0,'Thor',0,1,270,NULL,1,0,0,0,0,0,0),(1915,4475,1,7,1,NULL,NULL,NULL,0,'Thor',0,1,270,NULL,1,0,0,0,0,0,0),(1916,4475,1,7,1,NULL,NULL,NULL,0,'Thor',0,1,270,NULL,1,0,0,0,0,0,0),(1917,4475,1,7,1,NULL,NULL,NULL,0,'Thor',1,1,270,NULL,1,0,0,0,0,0,0),(1918,4475,1,7,1,NULL,NULL,NULL,0,'Thor',0,1,270,NULL,1,0,0,0,0,0,0),(1919,4475,1,7,1,NULL,NULL,NULL,0,'Thor',1,1,270,NULL,1,0,0,0,0,0,0),(1920,4475,1,7,1,NULL,NULL,NULL,0,'Thor',0,1,270,NULL,1,0,0,0,0,0,0),(1921,4475,1,7,1,NULL,NULL,NULL,0,'Thor',1,1,270,NULL,1,0,0,0,0,0,0),(1922,4475,1,7,1,NULL,NULL,NULL,0,'Thor',0,1,270,NULL,1,0,0,0,0,0,0),(1923,2812,1,7,1,NULL,NULL,NULL,0,'Dirac',1,1,270,NULL,1,0,0,0,0,0,0),(1924,2812,1,7,1,NULL,NULL,NULL,0,'Dirac',1,1,270,NULL,1,0,0,0,0,0,0),(1925,2812,1,7,1,NULL,NULL,NULL,0,'Dirac',1,1,270,NULL,1,0,0,0,0,0,0),(1926,2812,1,7,1,NULL,NULL,NULL,0,'Dirac',0,1,270,NULL,1,0,0,0,0,0,0),(1927,2812,1,7,1,NULL,NULL,NULL,0,'Dirac',1,1,270,NULL,1,0,0,0,0,0,0),(1928,2812,1,7,1,NULL,NULL,NULL,0,'Dirac',1,1,270,NULL,1,0,0,0,0,0,0),(1929,2812,1,7,1,NULL,NULL,NULL,0,'Dirac',0,1,270,NULL,1,0,0,0,0,0,0),(1930,2812,1,7,1,NULL,NULL,NULL,0,'Dirac',1,1,270,NULL,1,0,0,0,0,0,0),(1931,2812,1,7,1,NULL,NULL,NULL,0,'Dirac',1,1,270,NULL,1,0,0,0,0,0,0),(1932,900,1,102,4,NULL,NULL,NULL,0,'Gnawer',0,NULL,NULL,NULL,1,0,0,0,0,0,0),(1933,500,1,102,4,NULL,NULL,NULL,0,'Spudder',0,NULL,NULL,NULL,1,0,0,0,0,0,0),(1934,500,1,102,4,NULL,NULL,NULL,0,'Spudder',1,NULL,NULL,NULL,1,0,0,0,0,0,0),(1935,500,1,102,4,NULL,NULL,NULL,0,'Spudder',0,NULL,NULL,NULL,1,0,0,0,0,0,0),(1936,500,1,102,4,NULL,NULL,NULL,0,'Spudder',1,NULL,NULL,NULL,1,0,0,0,0,0,0),(1937,500,1,102,4,NULL,NULL,NULL,0,'Spudder',0,NULL,NULL,NULL,1,0,0,0,0,0,0),(1938,90,1,102,4,NULL,NULL,NULL,0,'Glancer',1,NULL,NULL,NULL,1,0,0,0,0,0,0),(1939,90,1,102,4,NULL,NULL,NULL,0,'Glancer',1,NULL,NULL,NULL,1,0,0,0,0,0,0),(1940,125,1,102,4,NULL,NULL,NULL,0,'Gnat',0,NULL,NULL,NULL,1,0,0,0,0,0,0),(1941,125,1,102,4,NULL,NULL,NULL,0,'Gnat',1,NULL,NULL,NULL,1,0,0,0,0,0,0),(1942,125,1,102,4,NULL,NULL,NULL,0,'Gnat',0,NULL,NULL,NULL,1,0,0,0,0,0,0),(1943,125,1,102,4,NULL,NULL,NULL,0,'Gnat',0,NULL,NULL,NULL,1,0,0,0,0,0,0),(1944,90,1,102,4,NULL,NULL,NULL,0,'Glancer',1,NULL,NULL,NULL,1,0,0,0,0,0,0),(1945,90,1,102,4,NULL,NULL,NULL,0,'Glancer',1,NULL,NULL,NULL,1,0,0,0,0,0,0),(1946,90,1,102,4,NULL,NULL,NULL,0,'Glancer',1,NULL,NULL,NULL,1,0,0,0,0,0,0),(1947,90,1,102,4,NULL,NULL,NULL,0,'Glancer',1,NULL,NULL,NULL,1,0,0,0,0,0,0),(1948,90,1,102,4,NULL,NULL,NULL,0,'Glancer',1,NULL,NULL,NULL,1,0,0,0,0,0,0),(1949,90,1,102,4,NULL,NULL,NULL,0,'Glancer',1,NULL,NULL,NULL,1,0,0,0,0,0,0),(1950,125,1,102,4,NULL,NULL,NULL,0,'Gnat',0,NULL,NULL,NULL,1,0,0,0,0,0,0),(1951,125,1,102,4,NULL,NULL,NULL,0,'Gnat',0,NULL,NULL,NULL,1,0,0,0,0,0,0),(1952,125,1,102,4,NULL,NULL,NULL,0,'Gnat',0,NULL,NULL,NULL,1,0,0,0,0,0,0),(1953,125,1,102,4,NULL,NULL,NULL,0,'Gnat',0,NULL,NULL,NULL,1,0,0,0,0,0,0),(1954,125,1,102,4,NULL,NULL,NULL,0,'Gnat',1,NULL,NULL,NULL,1,0,0,0,0,0,0),(1955,125,1,102,4,NULL,NULL,NULL,0,'Gnat',1,NULL,NULL,NULL,1,0,0,0,0,0,0),(1956,125,1,102,4,NULL,NULL,NULL,0,'Gnat',0,NULL,NULL,NULL,1,0,0,0,0,0,0),(1957,125,1,102,4,NULL,NULL,NULL,0,'Gnat',1,NULL,NULL,NULL,1,0,0,0,0,0,0),(1958,125,1,102,4,NULL,NULL,NULL,0,'Gnat',0,NULL,NULL,NULL,1,0,0,0,0,0,0),(1959,900,1,103,4,NULL,NULL,NULL,0,'Gnawer',0,NULL,NULL,NULL,1,0,0,0,0,0,0),(1960,900,1,103,4,NULL,NULL,NULL,0,'Gnawer',0,NULL,NULL,NULL,1,0,0,0,0,0,0),(1961,500,1,103,4,NULL,NULL,NULL,0,'Spudder',0,NULL,NULL,NULL,1,0,0,0,0,0,0),(1962,500,1,103,4,NULL,NULL,NULL,0,'Spudder',0,NULL,NULL,NULL,1,0,0,0,0,0,0),(1963,500,1,103,4,NULL,NULL,NULL,0,'Spudder',0,NULL,NULL,NULL,1,0,0,0,0,0,0),(1964,500,1,103,4,NULL,NULL,NULL,0,'Spudder',0,NULL,NULL,NULL,1,0,0,0,0,0,0),(1965,90,1,103,4,NULL,NULL,NULL,0,'Glancer',1,NULL,NULL,NULL,1,0,0,0,0,0,0),(1966,90,1,103,4,NULL,NULL,NULL,0,'Glancer',1,NULL,NULL,NULL,1,0,0,0,0,0,0),(1967,125,1,103,4,NULL,NULL,NULL,0,'Gnat',0,NULL,NULL,NULL,1,0,0,0,0,0,0),(1968,90,1,103,4,NULL,NULL,NULL,0,'Glancer',1,NULL,NULL,NULL,1,0,0,0,0,0,0),(1969,90,1,103,4,NULL,NULL,NULL,0,'Glancer',1,NULL,NULL,NULL,1,0,0,0,0,0,0),(1970,90,1,103,4,NULL,NULL,NULL,0,'Glancer',1,NULL,NULL,NULL,1,0,0,0,0,0,0),(1971,90,1,103,4,NULL,NULL,NULL,0,'Glancer',1,NULL,NULL,NULL,1,0,0,0,0,0,0),(1972,90,1,103,4,NULL,NULL,NULL,0,'Glancer',1,NULL,NULL,NULL,1,0,0,0,0,0,0),(1973,125,1,103,4,NULL,NULL,NULL,0,'Gnat',0,NULL,NULL,NULL,1,0,0,0,0,0,0),(1974,125,1,103,4,NULL,NULL,NULL,0,'Gnat',0,NULL,NULL,NULL,1,0,0,0,0,0,0),(1975,125,1,103,4,NULL,NULL,NULL,0,'Gnat',0,NULL,NULL,NULL,1,0,0,0,0,0,0),(1976,125,1,103,4,NULL,NULL,NULL,0,'Gnat',0,NULL,NULL,NULL,1,0,0,0,0,0,0),(1977,125,1,103,4,NULL,NULL,NULL,0,'Gnat',1,NULL,NULL,NULL,1,0,0,0,0,0,0),(1978,125,1,103,4,NULL,NULL,NULL,0,'Gnat',1,NULL,NULL,NULL,1,0,0,0,0,0,0),(1979,125,1,103,4,NULL,NULL,NULL,0,'Gnat',1,NULL,NULL,NULL,1,0,0,0,0,0,0),(1980,125,1,103,4,NULL,NULL,NULL,0,'Gnat',1,NULL,NULL,NULL,1,0,0,0,0,0,0),(1981,500,1,104,4,NULL,NULL,NULL,0,'Spudder',0,NULL,NULL,NULL,1,0,0,0,0,0,0),(1982,500,1,104,4,NULL,NULL,NULL,0,'Spudder',0,NULL,NULL,NULL,1,0,0,0,0,0,0),(1983,90,1,104,4,NULL,NULL,NULL,0,'Glancer',1,NULL,NULL,NULL,1,0,0,0,0,0,0),(1984,90,1,104,4,NULL,NULL,NULL,0,'Glancer',1,NULL,NULL,NULL,1,0,0,0,0,0,0),(1985,125,1,104,4,NULL,NULL,NULL,0,'Gnat',0,NULL,NULL,NULL,1,0,0,0,0,0,0),(1986,125,1,104,4,NULL,NULL,NULL,0,'Gnat',1,NULL,NULL,NULL,1,0,0,0,0,0,0),(1987,90,1,104,4,NULL,NULL,NULL,0,'Glancer',1,NULL,NULL,NULL,1,0,0,0,0,0,0),(1988,90,1,104,4,NULL,NULL,NULL,0,'Glancer',1,NULL,NULL,NULL,1,0,0,0,0,0,0),(1989,90,1,104,4,NULL,NULL,NULL,0,'Glancer',1,NULL,NULL,NULL,1,0,0,0,0,0,0),(1990,90,1,104,4,NULL,NULL,NULL,0,'Glancer',1,NULL,NULL,NULL,1,0,0,0,0,0,0),(1991,90,1,104,4,NULL,NULL,NULL,0,'Glancer',1,NULL,NULL,NULL,1,0,0,0,0,0,0),(1992,90,1,104,4,NULL,NULL,NULL,0,'Glancer',1,NULL,NULL,NULL,1,0,0,0,0,0,0),(1993,125,1,104,4,NULL,NULL,NULL,0,'Gnat',0,NULL,NULL,NULL,1,0,0,0,0,0,0),(1994,125,1,104,4,NULL,NULL,NULL,0,'Gnat',0,NULL,NULL,NULL,1,0,0,0,0,0,0),(1995,125,1,104,4,NULL,NULL,NULL,0,'Gnat',0,NULL,NULL,NULL,1,0,0,0,0,0,0),(1996,125,1,104,4,NULL,NULL,NULL,0,'Gnat',0,NULL,NULL,NULL,1,0,0,0,0,0,0),(1997,125,1,104,4,NULL,NULL,NULL,0,'Gnat',1,NULL,NULL,NULL,1,0,0,0,0,0,0),(1998,125,1,104,4,NULL,NULL,NULL,0,'Gnat',1,NULL,NULL,NULL,1,0,0,0,0,0,0),(1999,125,1,104,4,NULL,NULL,NULL,0,'Gnat',0,NULL,NULL,NULL,1,0,0,0,0,0,0),(2000,125,1,104,4,NULL,NULL,NULL,0,'Gnat',0,NULL,NULL,NULL,1,0,0,0,0,0,0),(2001,125,1,104,4,NULL,NULL,NULL,0,'Gnat',1,NULL,NULL,NULL,1,0,0,0,0,0,0),(2002,500,1,105,4,NULL,NULL,NULL,0,'Spudder',0,NULL,NULL,NULL,1,0,0,0,0,0,0),(2003,500,1,105,4,NULL,NULL,NULL,0,'Spudder',0,NULL,NULL,NULL,1,0,0,0,0,0,0),(2004,90,1,105,4,NULL,NULL,NULL,0,'Glancer',1,NULL,NULL,NULL,1,0,0,0,0,0,0),(2005,90,1,105,4,NULL,NULL,NULL,0,'Glancer',1,NULL,NULL,NULL,1,0,0,0,0,0,0),(2006,125,1,105,4,NULL,NULL,NULL,0,'Gnat',0,NULL,NULL,NULL,1,0,0,0,0,0,0),(2007,125,1,105,4,NULL,NULL,NULL,0,'Gnat',0,NULL,NULL,NULL,1,0,0,0,0,0,0),(2008,125,1,105,4,NULL,NULL,NULL,0,'Gnat',1,NULL,NULL,NULL,1,0,0,0,0,0,0),(2009,125,1,105,4,NULL,NULL,NULL,0,'Gnat',0,NULL,NULL,NULL,1,0,0,0,0,0,0),(2010,125,1,105,4,NULL,NULL,NULL,0,'Gnat',0,NULL,NULL,NULL,1,0,0,0,0,0,0),(2011,90,1,105,4,NULL,NULL,NULL,0,'Glancer',1,NULL,NULL,NULL,1,0,0,0,0,0,0),(2012,90,1,105,4,NULL,NULL,NULL,0,'Glancer',1,NULL,NULL,NULL,1,0,0,0,0,0,0),(2013,90,1,105,4,NULL,NULL,NULL,0,'Glancer',1,NULL,NULL,NULL,1,0,0,0,0,0,0),(2014,90,1,105,4,NULL,NULL,NULL,0,'Glancer',1,NULL,NULL,NULL,1,0,0,0,0,0,0),(2015,125,1,105,4,NULL,NULL,NULL,0,'Gnat',0,NULL,NULL,NULL,1,0,0,0,0,0,0),(2016,125,1,105,4,NULL,NULL,NULL,0,'Gnat',0,NULL,NULL,NULL,1,0,0,0,0,0,0),(2017,125,1,105,4,NULL,NULL,NULL,0,'Gnat',0,NULL,NULL,NULL,1,0,0,0,0,0,0),(2018,125,1,105,4,NULL,NULL,NULL,0,'Gnat',0,NULL,NULL,NULL,1,0,0,0,0,0,0),(2019,125,1,105,4,NULL,NULL,NULL,0,'Gnat',1,NULL,NULL,NULL,1,0,0,0,0,0,0),(2020,125,1,105,4,NULL,NULL,NULL,0,'Gnat',1,NULL,NULL,NULL,1,0,0,0,0,0,0),(2021,125,1,105,4,NULL,NULL,NULL,0,'Gnat',0,NULL,NULL,NULL,1,0,0,0,0,0,0),(2022,500,1,106,4,NULL,NULL,NULL,0,'Spudder',0,NULL,NULL,NULL,1,0,0,0,0,0,0),(2023,90,1,106,4,NULL,NULL,NULL,0,'Glancer',1,NULL,NULL,NULL,1,0,0,0,0,0,0),(2024,90,1,106,4,NULL,NULL,NULL,0,'Glancer',1,NULL,NULL,NULL,1,0,0,0,0,0,0),(2025,125,1,106,4,NULL,NULL,NULL,0,'Gnat',1,NULL,NULL,NULL,1,0,0,0,0,0,0),(2026,125,1,106,4,NULL,NULL,NULL,0,'Gnat',0,NULL,NULL,NULL,1,0,0,0,0,0,0),(2027,125,1,106,4,NULL,NULL,NULL,0,'Gnat',0,NULL,NULL,NULL,1,0,0,0,0,0,0),(2028,90,1,106,4,NULL,NULL,NULL,0,'Glancer',1,NULL,NULL,NULL,1,0,0,0,0,0,0),(2029,90,1,106,4,NULL,NULL,NULL,0,'Glancer',1,NULL,NULL,NULL,1,0,0,0,0,0,0),(2030,90,1,106,4,NULL,NULL,NULL,0,'Glancer',1,NULL,NULL,NULL,1,0,0,0,0,0,0),(2031,90,1,106,4,NULL,NULL,NULL,0,'Glancer',1,NULL,NULL,NULL,1,0,0,0,0,0,0),(2032,90,1,106,4,NULL,NULL,NULL,0,'Glancer',1,NULL,NULL,NULL,1,0,0,0,0,0,0),(2033,125,1,106,4,NULL,NULL,NULL,0,'Gnat',0,NULL,NULL,NULL,1,0,0,0,0,0,0),(2034,125,1,106,4,NULL,NULL,NULL,0,'Gnat',0,NULL,NULL,NULL,1,0,0,0,0,0,0),(2035,125,1,106,4,NULL,NULL,NULL,0,'Gnat',0,NULL,NULL,NULL,1,0,0,0,0,0,0),(2036,125,1,106,4,NULL,NULL,NULL,0,'Gnat',0,NULL,NULL,NULL,1,0,0,0,0,0,0),(2037,125,1,106,4,NULL,NULL,NULL,0,'Gnat',1,NULL,NULL,NULL,1,0,0,0,0,0,0),(2038,125,1,106,4,NULL,NULL,NULL,0,'Gnat',1,NULL,NULL,NULL,1,0,0,0,0,0,0),(2039,125,1,106,4,NULL,NULL,NULL,0,'Gnat',0,NULL,NULL,NULL,1,0,0,0,0,0,0),(2040,125,1,106,4,NULL,NULL,NULL,0,'Gnat',1,NULL,NULL,NULL,1,0,0,0,0,0,0),(2041,900,1,107,4,NULL,NULL,NULL,0,'Gnawer',0,NULL,NULL,NULL,1,0,0,0,0,0,0),(2042,900,1,107,4,NULL,NULL,NULL,0,'Gnawer',0,NULL,NULL,NULL,1,0,0,0,0,0,0),(2043,900,1,107,4,NULL,NULL,NULL,0,'Gnawer',0,NULL,NULL,NULL,1,0,0,0,0,0,0),(2044,900,1,107,4,NULL,NULL,NULL,0,'Gnawer',0,NULL,NULL,NULL,1,0,0,0,0,0,0),(2045,500,1,107,4,NULL,NULL,NULL,0,'Spudder',0,NULL,NULL,NULL,1,0,0,0,0,0,0),(2046,500,1,107,4,NULL,NULL,NULL,0,'Spudder',0,NULL,NULL,NULL,1,0,0,0,0,0,0),(2047,500,1,107,4,NULL,NULL,NULL,0,'Spudder',0,NULL,NULL,NULL,1,0,0,0,0,0,0),(2048,500,1,107,4,NULL,NULL,NULL,0,'Spudder',0,NULL,NULL,NULL,1,0,0,0,0,0,0),(2049,500,1,107,4,NULL,NULL,NULL,0,'Spudder',1,NULL,NULL,NULL,1,0,0,0,0,0,0),(2050,500,1,107,4,NULL,NULL,NULL,0,'Spudder',0,NULL,NULL,NULL,1,0,0,0,0,0,0),(2051,90,1,107,4,NULL,NULL,NULL,0,'Glancer',1,NULL,NULL,NULL,1,0,0,0,0,0,0),(2052,90,1,107,4,NULL,NULL,NULL,0,'Glancer',1,NULL,NULL,NULL,1,0,0,0,0,0,0),(2053,125,1,107,4,NULL,NULL,NULL,0,'Gnat',0,NULL,NULL,NULL,1,0,0,0,0,0,0),(2054,125,1,107,4,NULL,NULL,NULL,0,'Gnat',0,NULL,NULL,NULL,1,0,0,0,0,0,0),(2055,125,1,107,4,NULL,NULL,NULL,0,'Gnat',0,NULL,NULL,NULL,1,0,0,0,0,0,0),(2056,90,1,107,4,NULL,NULL,NULL,0,'Glancer',1,NULL,NULL,NULL,1,0,0,0,0,0,0),(2057,90,1,107,4,NULL,NULL,NULL,0,'Glancer',1,NULL,NULL,NULL,1,0,0,0,0,0,0),(2058,90,1,107,4,NULL,NULL,NULL,0,'Glancer',1,NULL,NULL,NULL,1,0,0,0,0,0,0),(2059,90,1,107,4,NULL,NULL,NULL,0,'Glancer',1,NULL,NULL,NULL,1,0,0,0,0,0,0),(2060,90,1,107,4,NULL,NULL,NULL,0,'Glancer',1,NULL,NULL,NULL,1,0,0,0,0,0,0),(2061,90,1,107,4,NULL,NULL,NULL,0,'Glancer',1,NULL,NULL,NULL,1,0,0,0,0,0,0),(2062,125,1,107,4,NULL,NULL,NULL,0,'Gnat',0,NULL,NULL,NULL,1,0,0,0,0,0,0),(2063,125,1,107,4,NULL,NULL,NULL,0,'Gnat',0,NULL,NULL,NULL,1,0,0,0,0,0,0),(2064,125,1,107,4,NULL,NULL,NULL,0,'Gnat',0,NULL,NULL,NULL,1,0,0,0,0,0,0),(2065,125,1,107,4,NULL,NULL,NULL,0,'Gnat',0,NULL,NULL,NULL,1,0,0,0,0,0,0),(2066,125,1,107,4,NULL,NULL,NULL,0,'Gnat',1,NULL,NULL,NULL,1,0,0,0,0,0,0),(2067,125,1,107,4,NULL,NULL,NULL,0,'Gnat',1,NULL,NULL,NULL,1,0,0,0,0,0,0),(2068,125,1,107,4,NULL,NULL,NULL,0,'Gnat',0,NULL,NULL,NULL,1,0,0,0,0,0,0),(2069,125,1,107,4,NULL,NULL,NULL,0,'Gnat',1,NULL,NULL,NULL,1,0,0,0,0,0,0),(2070,900,1,108,4,NULL,NULL,NULL,0,'Gnawer',0,NULL,NULL,NULL,1,0,0,0,0,0,0),(2071,900,1,108,4,NULL,NULL,NULL,0,'Gnawer',0,NULL,NULL,NULL,1,0,0,0,0,0,0),(2072,900,1,108,4,NULL,NULL,NULL,0,'Gnawer',0,NULL,NULL,NULL,1,0,0,0,0,0,0),(2073,500,1,108,4,NULL,NULL,NULL,0,'Spudder',0,NULL,NULL,NULL,1,0,0,0,0,0,0),(2074,500,1,108,4,NULL,NULL,NULL,0,'Spudder',0,NULL,NULL,NULL,1,0,0,0,0,0,0),(2075,500,1,108,4,NULL,NULL,NULL,0,'Spudder',1,NULL,NULL,NULL,1,0,0,0,0,0,0),(2076,500,1,108,4,NULL,NULL,NULL,0,'Spudder',0,NULL,NULL,NULL,1,0,0,0,0,0,0),(2077,500,1,108,4,NULL,NULL,NULL,0,'Spudder',1,NULL,NULL,NULL,1,0,0,0,0,0,0),(2078,500,1,108,4,NULL,NULL,NULL,0,'Spudder',0,NULL,NULL,NULL,1,0,0,0,0,0,0),(2079,90,1,108,4,NULL,NULL,NULL,0,'Glancer',1,NULL,NULL,NULL,1,0,0,0,0,0,0),(2080,90,1,108,4,NULL,NULL,NULL,0,'Glancer',1,NULL,NULL,NULL,1,0,0,0,0,0,0),(2081,125,1,108,4,NULL,NULL,NULL,0,'Gnat',0,NULL,NULL,NULL,1,0,0,0,0,0,0),(2082,125,1,108,4,NULL,NULL,NULL,0,'Gnat',0,NULL,NULL,NULL,1,0,0,0,0,0,0),(2083,90,1,108,4,NULL,NULL,NULL,0,'Glancer',1,NULL,NULL,NULL,1,0,0,0,0,0,0),(2084,90,1,108,4,NULL,NULL,NULL,0,'Glancer',1,NULL,NULL,NULL,1,0,0,0,0,0,0),(2085,90,1,108,4,NULL,NULL,NULL,0,'Glancer',1,NULL,NULL,NULL,1,0,0,0,0,0,0),(2086,90,1,108,4,NULL,NULL,NULL,0,'Glancer',1,NULL,NULL,NULL,1,0,0,0,0,0,0),(2087,90,1,108,4,NULL,NULL,NULL,0,'Glancer',1,NULL,NULL,NULL,1,0,0,0,0,0,0),(2088,90,1,108,4,NULL,NULL,NULL,0,'Glancer',1,NULL,NULL,NULL,1,0,0,0,0,0,0),(2089,125,1,108,4,NULL,NULL,NULL,0,'Gnat',0,NULL,NULL,NULL,1,0,0,0,0,0,0),(2090,125,1,108,4,NULL,NULL,NULL,0,'Gnat',0,NULL,NULL,NULL,1,0,0,0,0,0,0),(2091,125,1,108,4,NULL,NULL,NULL,0,'Gnat',0,NULL,NULL,NULL,1,0,0,0,0,0,0),(2092,125,1,108,4,NULL,NULL,NULL,0,'Gnat',0,NULL,NULL,NULL,1,0,0,0,0,0,0),(2093,125,1,108,4,NULL,NULL,NULL,0,'Gnat',1,NULL,NULL,NULL,1,0,0,0,0,0,0),(2094,125,1,108,4,NULL,NULL,NULL,0,'Gnat',1,NULL,NULL,NULL,1,0,0,0,0,0,0),(2095,90,1,109,4,NULL,NULL,NULL,0,'Glancer',1,NULL,NULL,NULL,1,0,0,0,0,0,0),(2096,90,1,109,4,NULL,NULL,NULL,0,'Glancer',1,NULL,NULL,NULL,1,0,0,0,0,0,0),(2097,125,1,109,4,NULL,NULL,NULL,0,'Gnat',0,NULL,NULL,NULL,1,0,0,0,0,0,0),(2098,90,1,109,4,NULL,NULL,NULL,0,'Glancer',1,NULL,NULL,NULL,1,0,0,0,0,0,0),(2099,90,1,109,4,NULL,NULL,NULL,0,'Glancer',1,NULL,NULL,NULL,1,0,0,0,0,0,0),(2100,90,1,109,4,NULL,NULL,NULL,0,'Glancer',1,NULL,NULL,NULL,1,0,0,0,0,0,0),(2101,90,1,109,4,NULL,NULL,NULL,0,'Glancer',1,NULL,NULL,NULL,1,0,0,0,0,0,0),(2102,90,1,109,4,NULL,NULL,NULL,0,'Glancer',1,NULL,NULL,NULL,1,0,0,0,0,0,0),(2103,90,1,109,4,NULL,NULL,NULL,0,'Glancer',1,NULL,NULL,NULL,1,0,0,0,0,0,0),(2104,125,1,109,4,NULL,NULL,NULL,0,'Gnat',0,NULL,NULL,NULL,1,0,0,0,0,0,0),(2105,125,1,109,4,NULL,NULL,NULL,0,'Gnat',0,NULL,NULL,NULL,1,0,0,0,0,0,0),(2106,125,1,109,4,NULL,NULL,NULL,0,'Gnat',0,NULL,NULL,NULL,1,0,0,0,0,0,0),(2107,125,1,109,4,NULL,NULL,NULL,0,'Gnat',0,NULL,NULL,NULL,1,0,0,0,0,0,0),(2108,125,1,109,4,NULL,NULL,NULL,0,'Gnat',1,NULL,NULL,NULL,1,0,0,0,0,0,0),(2109,125,1,109,4,NULL,NULL,NULL,0,'Gnat',1,NULL,NULL,NULL,1,0,0,0,0,0,0),(2110,125,1,109,4,NULL,NULL,NULL,0,'Gnat',0,NULL,NULL,NULL,1,0,0,0,0,0,0),(2111,125,1,109,4,NULL,NULL,NULL,0,'Gnat',1,NULL,NULL,NULL,1,0,0,0,0,0,0),(2112,900,1,110,4,NULL,NULL,NULL,0,'Gnawer',0,NULL,NULL,NULL,1,0,0,0,0,0,0),(2113,900,1,110,4,NULL,NULL,NULL,0,'Gnawer',0,NULL,NULL,NULL,1,0,0,0,0,0,0),(2114,500,1,110,4,NULL,NULL,NULL,0,'Spudder',0,NULL,NULL,NULL,1,0,0,0,0,0,0),(2115,500,1,110,4,NULL,NULL,NULL,0,'Spudder',1,NULL,NULL,NULL,1,0,0,0,0,0,0),(2116,500,1,110,4,NULL,NULL,NULL,0,'Spudder',1,NULL,NULL,NULL,1,0,0,0,0,0,0),(2117,500,1,110,4,NULL,NULL,NULL,0,'Spudder',0,NULL,NULL,NULL,1,0,0,0,0,0,0),(2118,90,1,110,4,NULL,NULL,NULL,0,'Glancer',1,NULL,NULL,NULL,1,0,0,0,0,0,0),(2119,90,1,110,4,NULL,NULL,NULL,0,'Glancer',1,NULL,NULL,NULL,1,0,0,0,0,0,0),(2120,125,1,110,4,NULL,NULL,NULL,0,'Gnat',1,NULL,NULL,NULL,1,0,0,0,0,0,0),(2121,90,1,110,4,NULL,NULL,NULL,0,'Glancer',1,NULL,NULL,NULL,1,0,0,0,0,0,0),(2122,90,1,110,4,NULL,NULL,NULL,0,'Glancer',1,NULL,NULL,NULL,1,0,0,0,0,0,0),(2123,90,1,110,4,NULL,NULL,NULL,0,'Glancer',1,NULL,NULL,NULL,1,0,0,0,0,0,0),(2124,90,1,110,4,NULL,NULL,NULL,0,'Glancer',1,NULL,NULL,NULL,1,0,0,0,0,0,0),(2125,90,1,110,4,NULL,NULL,NULL,0,'Glancer',1,NULL,NULL,NULL,1,0,0,0,0,0,0),(2126,90,1,110,4,NULL,NULL,NULL,0,'Glancer',1,NULL,NULL,NULL,1,0,0,0,0,0,0),(2127,125,1,110,4,NULL,NULL,NULL,0,'Gnat',0,NULL,NULL,NULL,1,0,0,0,0,0,0),(2128,125,1,110,4,NULL,NULL,NULL,0,'Gnat',0,NULL,NULL,NULL,1,0,0,0,0,0,0),(2129,125,1,110,4,NULL,NULL,NULL,0,'Gnat',0,NULL,NULL,NULL,1,0,0,0,0,0,0),(2130,125,1,110,4,NULL,NULL,NULL,0,'Gnat',0,NULL,NULL,NULL,1,0,0,0,0,0,0),(2131,125,1,110,4,NULL,NULL,NULL,0,'Gnat',1,NULL,NULL,NULL,1,0,0,0,0,0,0),(2132,125,1,110,4,NULL,NULL,NULL,0,'Gnat',1,NULL,NULL,NULL,1,0,0,0,0,0,0),(2133,125,1,110,4,NULL,NULL,NULL,0,'Gnat',0,NULL,NULL,NULL,1,0,0,0,0,0,0),(2134,125,1,110,4,NULL,NULL,NULL,0,'Gnat',1,NULL,NULL,NULL,1,0,0,0,0,0,0),(2135,500,1,111,4,NULL,NULL,NULL,0,'Spudder',0,NULL,NULL,NULL,1,0,0,0,0,0,0),(2136,90,1,111,4,NULL,NULL,NULL,0,'Glancer',1,NULL,NULL,NULL,1,0,0,0,0,0,0),(2137,90,1,111,4,NULL,NULL,NULL,0,'Glancer',1,NULL,NULL,NULL,1,0,0,0,0,0,0),(2138,125,1,111,4,NULL,NULL,NULL,0,'Gnat',0,NULL,NULL,NULL,1,0,0,0,0,0,0),(2139,125,1,111,4,NULL,NULL,NULL,0,'Gnat',0,NULL,NULL,NULL,1,0,0,0,0,0,0),(2140,125,1,111,4,NULL,NULL,NULL,0,'Gnat',0,NULL,NULL,NULL,1,0,0,0,0,0,0),(2141,90,1,111,4,NULL,NULL,NULL,0,'Glancer',1,NULL,NULL,NULL,1,0,0,0,0,0,0),(2142,90,1,111,4,NULL,NULL,NULL,0,'Glancer',1,NULL,NULL,NULL,1,0,0,0,0,0,0),(2143,90,1,111,4,NULL,NULL,NULL,0,'Glancer',1,NULL,NULL,NULL,1,0,0,0,0,0,0),(2144,90,1,111,4,NULL,NULL,NULL,0,'Glancer',1,NULL,NULL,NULL,1,0,0,0,0,0,0),(2145,90,1,111,4,NULL,NULL,NULL,0,'Glancer',1,NULL,NULL,NULL,1,0,0,0,0,0,0),(2146,90,1,111,4,NULL,NULL,NULL,0,'Glancer',1,NULL,NULL,NULL,1,0,0,0,0,0,0),(2147,125,1,111,4,NULL,NULL,NULL,0,'Gnat',0,NULL,NULL,NULL,1,0,0,0,0,0,0),(2148,125,1,111,4,NULL,NULL,NULL,0,'Gnat',0,NULL,NULL,NULL,1,0,0,0,0,0,0),(2149,125,1,111,4,NULL,NULL,NULL,0,'Gnat',0,NULL,NULL,NULL,1,0,0,0,0,0,0),(2150,125,1,111,4,NULL,NULL,NULL,0,'Gnat',0,NULL,NULL,NULL,1,0,0,0,0,0,0),(2151,125,1,111,4,NULL,NULL,NULL,0,'Gnat',1,NULL,NULL,NULL,1,0,0,0,0,0,0),(2152,125,1,111,4,NULL,NULL,NULL,0,'Gnat',1,NULL,NULL,NULL,1,0,0,0,0,0,0),(2153,125,1,111,4,NULL,NULL,NULL,0,'Gnat',0,NULL,NULL,NULL,1,0,0,0,0,0,0),(2154,125,1,111,4,NULL,NULL,NULL,0,'Gnat',0,NULL,NULL,NULL,1,0,0,0,0,0,0),(2155,90,1,112,4,NULL,NULL,NULL,0,'Glancer',1,NULL,NULL,NULL,1,0,0,0,0,0,0),(2156,90,1,112,4,NULL,NULL,NULL,0,'Glancer',1,NULL,NULL,NULL,1,0,0,0,0,0,0),(2157,125,1,112,4,NULL,NULL,NULL,0,'Gnat',0,NULL,NULL,NULL,1,0,0,0,0,0,0),(2158,125,1,112,4,NULL,NULL,NULL,0,'Gnat',0,NULL,NULL,NULL,1,0,0,0,0,0,0),(2159,125,1,112,4,NULL,NULL,NULL,0,'Gnat',1,NULL,NULL,NULL,1,0,0,0,0,0,0),(2160,125,1,112,4,NULL,NULL,NULL,0,'Gnat',0,NULL,NULL,NULL,1,0,0,0,0,0,0),(2161,125,1,112,4,NULL,NULL,NULL,0,'Gnat',0,NULL,NULL,NULL,1,0,0,0,0,0,0),(2162,90,1,112,4,NULL,NULL,NULL,0,'Glancer',1,NULL,NULL,NULL,1,0,0,0,0,0,0),(2163,90,1,112,4,NULL,NULL,NULL,0,'Glancer',1,NULL,NULL,NULL,1,0,0,0,0,0,0),(2164,90,1,112,4,NULL,NULL,NULL,0,'Glancer',1,NULL,NULL,NULL,1,0,0,0,0,0,0),(2165,90,1,112,4,NULL,NULL,NULL,0,'Glancer',1,NULL,NULL,NULL,1,0,0,0,0,0,0),(2166,90,1,112,4,NULL,NULL,NULL,0,'Glancer',1,NULL,NULL,NULL,1,0,0,0,0,0,0),(2167,125,1,112,4,NULL,NULL,NULL,0,'Gnat',0,NULL,NULL,NULL,1,0,0,0,0,0,0),(2168,125,1,112,4,NULL,NULL,NULL,0,'Gnat',0,NULL,NULL,NULL,1,0,0,0,0,0,0),(2169,125,1,112,4,NULL,NULL,NULL,0,'Gnat',0,NULL,NULL,NULL,1,0,0,0,0,0,0),(2170,125,1,112,4,NULL,NULL,NULL,0,'Gnat',0,NULL,NULL,NULL,1,0,0,0,0,0,0),(2171,125,1,112,4,NULL,NULL,NULL,0,'Gnat',1,NULL,NULL,NULL,1,0,0,0,0,0,0),(2172,125,1,112,4,NULL,NULL,NULL,0,'Gnat',1,NULL,NULL,NULL,1,0,0,0,0,0,0),(2173,125,1,112,4,NULL,NULL,NULL,0,'Gnat',1,NULL,NULL,NULL,1,0,0,0,0,0,0),(2174,125,1,113,4,NULL,NULL,NULL,0,'Gnat',0,NULL,NULL,NULL,1,0,0,0,0,0,0),(2175,125,1,113,4,NULL,NULL,NULL,0,'Gnat',0,NULL,NULL,NULL,1,0,0,0,0,0,0),(2176,125,1,113,4,NULL,NULL,NULL,0,'Gnat',0,NULL,NULL,NULL,1,0,0,0,0,0,0),(2177,125,1,113,4,NULL,NULL,NULL,0,'Gnat',0,NULL,NULL,NULL,1,0,0,0,0,0,0),(2178,125,1,113,4,NULL,NULL,NULL,0,'Gnat',1,NULL,NULL,NULL,1,0,0,0,0,0,0),(2179,125,1,113,4,NULL,NULL,NULL,0,'Gnat',1,NULL,NULL,NULL,1,0,0,0,0,0,0),(2180,125,1,113,4,NULL,NULL,NULL,0,'Gnat',1,NULL,NULL,NULL,1,0,0,0,0,0,0),(2181,125,1,114,4,NULL,NULL,NULL,0,'Gnat',0,NULL,NULL,NULL,1,0,0,0,0,0,0),(2182,125,1,114,4,NULL,NULL,NULL,0,'Gnat',0,NULL,NULL,NULL,1,0,0,0,0,0,0),(2183,125,1,114,4,NULL,NULL,NULL,0,'Gnat',0,NULL,NULL,NULL,1,0,0,0,0,0,0),(2184,125,1,114,4,NULL,NULL,NULL,0,'Gnat',0,NULL,NULL,NULL,1,0,0,0,0,0,0),(2185,125,1,114,4,NULL,NULL,NULL,0,'Gnat',1,NULL,NULL,NULL,1,0,0,0,0,0,0),(2186,125,1,114,4,NULL,NULL,NULL,0,'Gnat',1,NULL,NULL,NULL,1,0,0,0,0,0,0),(2187,125,1,114,4,NULL,NULL,NULL,0,'Gnat',0,NULL,NULL,NULL,1,0,0,0,0,0,0),(2188,125,1,114,4,NULL,NULL,NULL,0,'Gnat',1,NULL,NULL,NULL,1,0,0,0,0,0,0),(2189,125,1,114,4,NULL,NULL,NULL,0,'Gnat',1,NULL,NULL,NULL,1,0,0,0,0,0,0),(2190,125,1,114,4,NULL,NULL,NULL,0,'Gnat',1,NULL,NULL,NULL,1,0,0,0,0,0,0),(2191,125,1,115,4,NULL,NULL,NULL,0,'Gnat',0,NULL,NULL,NULL,1,0,0,0,0,0,0),(2192,125,1,115,4,NULL,NULL,NULL,0,'Gnat',0,NULL,NULL,NULL,1,0,0,0,0,0,0),(2193,125,1,115,4,NULL,NULL,NULL,0,'Gnat',0,NULL,NULL,NULL,1,0,0,0,0,0,0),(2194,125,1,115,4,NULL,NULL,NULL,0,'Gnat',0,NULL,NULL,NULL,1,0,0,0,0,0,0),(2195,125,1,115,4,NULL,NULL,NULL,0,'Gnat',1,NULL,NULL,NULL,1,0,0,0,0,0,0),(2196,125,1,115,4,NULL,NULL,NULL,0,'Gnat',1,NULL,NULL,NULL,1,0,0,0,0,0,0),(2197,26875,1,7,1,NULL,NULL,NULL,0,'Demosis',0,3,180,NULL,1,0,0,0,0,0,0),(2198,26875,1,7,1,NULL,NULL,NULL,0,'Demosis',0,3,180,NULL,1,0,0,0,0,0,0),(2199,26875,1,7,1,NULL,NULL,NULL,0,'Demosis',0,3,180,NULL,1,0,0,0,0,0,0),(2200,4475,1,7,1,NULL,NULL,NULL,0,'Thor',0,3,180,NULL,1,0,0,0,0,0,0),(2201,4475,1,7,1,NULL,NULL,NULL,0,'Thor',1,3,180,NULL,1,0,0,0,0,0,0),(2202,4475,1,7,1,NULL,NULL,NULL,0,'Thor',0,3,180,NULL,1,0,0,0,0,0,0),(2203,4475,1,7,1,NULL,NULL,NULL,0,'Thor',0,3,180,NULL,1,0,0,0,0,0,0),(2204,4475,1,7,1,NULL,NULL,NULL,0,'Thor',0,3,180,NULL,1,0,0,0,0,0,0),(2205,4475,1,7,1,NULL,NULL,NULL,0,'Thor',1,3,180,NULL,1,0,0,0,0,0,0),(2206,4475,1,7,1,NULL,NULL,NULL,0,'Thor',1,3,180,NULL,1,0,0,0,0,0,0),(2207,2812,1,7,1,NULL,NULL,NULL,0,'Dirac',1,3,180,NULL,1,0,0,0,0,0,0),(2208,2812,1,7,1,NULL,NULL,NULL,0,'Dirac',1,3,180,NULL,1,0,0,0,0,0,0),(2209,2812,1,7,1,NULL,NULL,NULL,0,'Dirac',0,3,180,NULL,1,0,0,0,0,0,0),(2210,2812,1,7,1,NULL,NULL,NULL,0,'Dirac',1,3,180,NULL,1,0,0,0,0,0,0),(2211,2812,1,7,1,NULL,NULL,NULL,0,'Dirac',0,3,180,NULL,1,0,0,0,0,0,0),(2212,2812,1,7,1,NULL,NULL,NULL,0,'Dirac',0,3,180,NULL,1,0,0,0,0,0,0),(2213,2812,1,7,1,NULL,NULL,NULL,0,'Dirac',1,3,180,NULL,1,0,0,0,0,0,0),(2214,2812,1,7,1,NULL,NULL,NULL,0,'Dirac',1,3,180,NULL,1,0,0,0,0,0,0),(2215,2812,1,7,1,NULL,NULL,NULL,0,'Dirac',0,3,180,NULL,1,0,0,0,0,0,0),(2216,2812,1,7,1,NULL,NULL,NULL,0,'Dirac',1,3,180,NULL,1,0,0,0,0,0,0),(2217,2812,1,7,1,NULL,NULL,NULL,0,'Dirac',0,3,180,NULL,1,0,0,0,0,0,0),(2218,2812,1,7,1,NULL,NULL,NULL,0,'Dirac',0,3,180,NULL,1,0,0,0,0,0,0),(2219,2812,1,7,1,NULL,NULL,NULL,0,'Dirac',0,3,180,NULL,1,0,0,0,0,0,0),(2220,4475,1,7,1,NULL,NULL,NULL,0,'Thor',0,1,135,NULL,1,0,0,0,0,0,0),(2221,4475,1,7,1,NULL,NULL,NULL,0,'Thor',0,1,135,NULL,1,0,0,0,0,0,0),(2222,4475,1,7,1,NULL,NULL,NULL,0,'Thor',1,1,135,NULL,1,0,0,0,0,0,0),(2223,4475,1,7,1,NULL,NULL,NULL,0,'Thor',0,1,135,NULL,1,0,0,0,0,0,0),(2224,4475,1,7,1,NULL,NULL,NULL,0,'Thor',1,1,135,NULL,1,0,0,0,0,0,0),(2225,2812,1,7,1,NULL,NULL,NULL,0,'Dirac',0,1,135,NULL,1,0,0,0,0,0,0),(2226,2812,1,7,1,NULL,NULL,NULL,0,'Dirac',0,1,135,NULL,1,0,0,0,0,0,0),(2227,2812,1,7,1,NULL,NULL,NULL,0,'Dirac',0,1,135,NULL,1,0,0,0,0,0,0),(2228,2812,1,7,1,NULL,NULL,NULL,0,'Dirac',0,1,135,NULL,1,0,0,0,0,0,0),(2229,2812,1,7,1,NULL,NULL,NULL,0,'Dirac',0,1,135,NULL,1,0,0,0,0,0,0),(2230,2812,1,7,1,NULL,NULL,NULL,0,'Dirac',0,1,135,NULL,1,0,0,0,0,0,0),(2231,2812,1,7,1,NULL,NULL,NULL,0,'Dirac',0,1,135,NULL,1,0,0,0,0,0,0),(2232,2812,1,7,1,NULL,NULL,NULL,0,'Dirac',0,1,135,NULL,1,0,0,0,0,0,0),(2233,2812,1,7,1,NULL,NULL,NULL,0,'Dirac',1,1,135,NULL,1,0,0,0,0,0,0),(2234,26875,1,7,1,NULL,NULL,NULL,0,'Demosis',0,0,90,NULL,1,0,0,0,0,0,0),(2235,4475,1,7,1,NULL,NULL,NULL,0,'Thor',1,0,90,NULL,1,0,0,0,0,0,0),(2236,4475,1,7,1,NULL,NULL,NULL,0,'Thor',0,0,90,NULL,1,0,0,0,0,0,0),(2237,4475,1,7,1,NULL,NULL,NULL,0,'Thor',1,0,90,NULL,1,0,0,0,0,0,0),(2238,4475,1,7,1,NULL,NULL,NULL,0,'Thor',1,0,90,NULL,1,0,0,0,0,0,0),(2239,4475,1,7,1,NULL,NULL,NULL,0,'Thor',1,0,90,NULL,1,0,0,0,0,0,0),(2240,4475,1,7,1,NULL,NULL,NULL,0,'Thor',0,0,90,NULL,1,0,0,0,0,0,0),(2241,4475,1,7,1,NULL,NULL,NULL,0,'Thor',1,0,90,NULL,1,0,0,0,0,0,0),(2242,4475,1,7,1,NULL,NULL,NULL,0,'Thor',1,0,90,NULL,1,0,0,0,0,0,0),(2243,2812,1,7,1,NULL,NULL,NULL,0,'Dirac',1,0,90,NULL,1,0,0,0,0,0,0),(2244,2812,1,7,1,NULL,NULL,NULL,0,'Dirac',1,0,90,NULL,1,0,0,0,0,0,0),(2245,2812,1,7,1,NULL,NULL,NULL,0,'Dirac',1,0,90,NULL,1,0,0,0,0,0,0),(2246,2812,1,7,1,NULL,NULL,NULL,0,'Dirac',0,0,90,NULL,1,0,0,0,0,0,0),(2247,2812,1,7,1,NULL,NULL,NULL,0,'Dirac',0,0,90,NULL,1,0,0,0,0,0,0),(2248,2812,1,7,1,NULL,NULL,NULL,0,'Dirac',0,0,90,NULL,1,0,0,0,0,0,0),(2249,2812,1,7,1,NULL,NULL,NULL,0,'Dirac',0,0,90,NULL,1,0,0,0,0,0,0),(2250,2812,1,7,1,NULL,NULL,NULL,0,'Dirac',1,0,90,NULL,1,0,0,0,0,0,0),(2251,26875,1,7,1,NULL,NULL,NULL,0,'Demosis',0,2,180,NULL,1,0,0,0,0,0,0),(2252,26875,1,7,1,NULL,NULL,NULL,0,'Demosis',0,2,180,NULL,1,0,0,0,0,0,0),(2253,4475,1,7,1,NULL,NULL,NULL,0,'Thor',1,2,180,NULL,1,0,0,0,0,0,0),(2254,4475,1,7,1,NULL,NULL,NULL,0,'Thor',0,2,180,NULL,1,0,0,0,0,0,0),(2255,4475,1,7,1,NULL,NULL,NULL,0,'Thor',0,2,180,NULL,1,0,0,0,0,0,0),(2256,4475,1,7,1,NULL,NULL,NULL,0,'Thor',1,2,180,NULL,1,0,0,0,0,0,0),(2257,4475,1,7,1,NULL,NULL,NULL,0,'Thor',0,2,180,NULL,1,0,0,0,0,0,0),(2258,4475,1,7,1,NULL,NULL,NULL,0,'Thor',0,2,180,NULL,1,0,0,0,0,0,0),(2259,4475,1,7,1,NULL,NULL,NULL,0,'Thor',0,2,180,NULL,1,0,0,0,0,0,0),(2260,4475,1,7,1,NULL,NULL,NULL,0,'Thor',1,2,180,NULL,1,0,0,0,0,0,0),(2261,4475,1,7,1,NULL,NULL,NULL,0,'Thor',0,2,180,NULL,1,0,0,0,0,0,0),(2262,2812,1,7,1,NULL,NULL,NULL,0,'Dirac',0,2,180,NULL,1,0,0,0,0,0,0),(2263,2812,1,7,1,NULL,NULL,NULL,0,'Dirac',1,2,180,NULL,1,0,0,0,0,0,0),(2264,2812,1,7,1,NULL,NULL,NULL,0,'Dirac',0,2,180,NULL,1,0,0,0,0,0,0),(2265,2812,1,7,1,NULL,NULL,NULL,0,'Dirac',1,2,180,NULL,1,0,0,0,0,0,0),(2266,2812,1,7,1,NULL,NULL,NULL,0,'Dirac',1,2,180,NULL,1,0,0,0,0,0,0),(2267,2812,1,7,1,NULL,NULL,NULL,0,'Dirac',0,2,180,NULL,1,0,0,0,0,0,0),(2268,2812,1,7,1,NULL,NULL,NULL,0,'Dirac',0,2,180,NULL,1,0,0,0,0,0,0),(2269,2812,1,7,1,NULL,NULL,NULL,0,'Dirac',0,2,180,NULL,1,0,0,0,0,0,0),(2270,2812,1,7,1,NULL,NULL,NULL,0,'Dirac',1,2,180,NULL,1,0,0,0,0,0,0),(2271,2812,1,7,1,NULL,NULL,NULL,0,'Dirac',0,2,180,NULL,1,0,0,0,0,0,0),(2272,2812,1,7,1,NULL,NULL,NULL,0,'Dirac',1,2,180,NULL,1,0,0,0,0,0,0),(2273,2812,1,7,1,NULL,NULL,NULL,0,'Dirac',0,2,180,NULL,1,0,0,0,0,0,0),(2274,2812,1,7,1,NULL,NULL,NULL,0,'Dirac',0,2,180,NULL,1,0,0,0,0,0,0),(2275,2812,1,7,1,NULL,NULL,NULL,0,'Dirac',1,2,180,NULL,1,0,0,0,0,0,0),(2276,2812,1,7,1,NULL,NULL,NULL,0,'Dirac',0,2,180,NULL,1,0,0,0,0,0,0),(2277,26875,1,7,1,NULL,NULL,NULL,0,'Demosis',0,3,270,NULL,1,0,0,0,0,0,0),(2278,26875,1,7,1,NULL,NULL,NULL,0,'Demosis',0,3,270,NULL,1,0,0,0,0,0,0),(2279,26875,1,7,1,NULL,NULL,NULL,0,'Demosis',0,3,270,NULL,1,0,0,0,0,0,0),(2280,4475,1,7,1,NULL,NULL,NULL,0,'Thor',1,3,270,NULL,1,0,0,0,0,0,0),(2281,4475,1,7,1,NULL,NULL,NULL,0,'Thor',0,3,270,NULL,1,0,0,0,0,0,0),(2282,4475,1,7,1,NULL,NULL,NULL,0,'Thor',1,3,270,NULL,1,0,0,0,0,0,0),(2283,4475,1,7,1,NULL,NULL,NULL,0,'Thor',1,3,270,NULL,1,0,0,0,0,0,0),(2284,4475,1,7,1,NULL,NULL,NULL,0,'Thor',1,3,270,NULL,1,0,0,0,0,0,0),(2285,4475,1,7,1,NULL,NULL,NULL,0,'Thor',1,3,270,NULL,1,0,0,0,0,0,0),(2286,2812,1,7,1,NULL,NULL,NULL,0,'Dirac',0,3,270,NULL,1,0,0,0,0,0,0),(2287,2812,1,7,1,NULL,NULL,NULL,0,'Dirac',1,3,270,NULL,1,0,0,0,0,0,0),(2288,2812,1,7,1,NULL,NULL,NULL,0,'Dirac',0,3,270,NULL,1,0,0,0,0,0,0),(2289,2812,1,7,1,NULL,NULL,NULL,0,'Dirac',1,3,270,NULL,1,0,0,0,0,0,0),(2290,2812,1,7,1,NULL,NULL,NULL,0,'Dirac',0,3,270,NULL,1,0,0,0,0,0,0),(2291,2812,1,7,1,NULL,NULL,NULL,0,'Dirac',0,3,270,NULL,1,0,0,0,0,0,0),(2292,2812,1,7,1,NULL,NULL,NULL,0,'Dirac',0,3,270,NULL,1,0,0,0,0,0,0),(2293,2812,1,7,1,NULL,NULL,NULL,0,'Dirac',0,3,270,NULL,1,0,0,0,0,0,0),(2294,2812,1,7,1,NULL,NULL,NULL,0,'Dirac',0,3,270,NULL,1,0,0,0,0,0,0),(2295,2812,1,7,1,NULL,NULL,NULL,0,'Dirac',1,3,270,NULL,1,0,0,0,0,0,0),(2296,2812,1,7,1,NULL,NULL,NULL,0,'Dirac',0,3,270,NULL,1,0,0,0,0,0,0),(2297,2812,1,7,1,NULL,NULL,NULL,0,'Dirac',1,3,270,NULL,1,0,0,0,0,0,0),(2298,2812,1,7,1,NULL,NULL,NULL,0,'Dirac',1,3,270,NULL,1,0,0,0,0,0,0),(2299,2812,1,7,1,NULL,NULL,NULL,0,'Dirac',0,3,270,NULL,1,0,0,0,0,0,0),(2300,2812,1,7,1,NULL,NULL,NULL,0,'Dirac',1,3,270,NULL,1,0,0,0,0,0,0),(2301,26875,1,7,1,NULL,NULL,NULL,0,'Demosis',0,2,330,NULL,1,0,0,0,0,0,0),(2302,26875,1,7,1,NULL,NULL,NULL,0,'Demosis',0,2,330,NULL,1,0,0,0,0,0,0),(2303,26875,1,7,1,NULL,NULL,NULL,0,'Demosis',0,2,330,NULL,1,0,0,0,0,0,0),(2304,26875,1,7,1,NULL,NULL,NULL,0,'Demosis',0,2,330,NULL,1,0,0,0,0,0,0),(2305,26875,1,7,1,NULL,NULL,NULL,0,'Demosis',0,2,330,NULL,1,0,0,0,0,0,0),(2306,26875,1,7,1,NULL,NULL,NULL,0,'Demosis',0,2,330,NULL,1,0,0,0,0,0,0),(2307,4475,1,7,1,NULL,NULL,NULL,0,'Thor',0,2,330,NULL,1,0,0,0,0,0,0),(2308,4475,1,7,1,NULL,NULL,NULL,0,'Thor',0,2,330,NULL,1,0,0,0,0,0,0),(2309,4475,1,7,1,NULL,NULL,NULL,0,'Thor',0,2,330,NULL,1,0,0,0,0,0,0),(2310,4475,1,7,1,NULL,NULL,NULL,0,'Thor',0,2,330,NULL,1,0,0,0,0,0,0),(2311,4475,1,7,1,NULL,NULL,NULL,0,'Thor',0,2,330,NULL,1,0,0,0,0,0,0),(2312,4475,1,7,1,NULL,NULL,NULL,0,'Thor',0,2,330,NULL,1,0,0,0,0,0,0),(2313,4475,1,7,1,NULL,NULL,NULL,0,'Thor',0,2,330,NULL,1,0,0,0,0,0,0),(2314,4475,1,7,1,NULL,NULL,NULL,0,'Thor',0,2,330,NULL,1,0,0,0,0,0,0),(2315,4475,1,7,1,NULL,NULL,NULL,0,'Thor',1,2,330,NULL,1,0,0,0,0,0,0),(2316,2812,1,7,1,NULL,NULL,NULL,0,'Dirac',1,2,330,NULL,1,0,0,0,0,0,0),(2317,2812,1,7,1,NULL,NULL,NULL,0,'Dirac',1,2,330,NULL,1,0,0,0,0,0,0),(2318,2812,1,7,1,NULL,NULL,NULL,0,'Dirac',0,2,330,NULL,1,0,0,0,0,0,0),(2319,2812,1,7,1,NULL,NULL,NULL,0,'Dirac',0,2,330,NULL,1,0,0,0,0,0,0),(2320,2812,1,7,1,NULL,NULL,NULL,0,'Dirac',0,2,330,NULL,1,0,0,0,0,0,0),(2321,2812,1,7,1,NULL,NULL,NULL,0,'Dirac',1,2,330,NULL,1,0,0,0,0,0,0),(2322,2812,1,7,1,NULL,NULL,NULL,0,'Dirac',1,2,330,NULL,1,0,0,0,0,0,0),(2323,2812,1,7,1,NULL,NULL,NULL,0,'Dirac',1,2,330,NULL,1,0,0,0,0,0,0),(2324,2812,1,7,1,NULL,NULL,NULL,0,'Dirac',1,2,330,NULL,1,0,0,0,0,0,0),(2325,2812,1,7,1,NULL,NULL,NULL,0,'Dirac',0,2,330,NULL,1,0,0,0,0,0,0),(2326,2812,1,7,1,NULL,NULL,NULL,0,'Dirac',0,2,330,NULL,1,0,0,0,0,0,0),(2327,2812,1,7,1,NULL,NULL,NULL,0,'Dirac',1,2,330,NULL,1,0,0,0,0,0,0),(2328,90,1,116,4,NULL,NULL,NULL,0,'Glancer',1,NULL,NULL,NULL,1,0,0,0,0,0,0),(2329,90,1,116,4,NULL,NULL,NULL,0,'Glancer',1,NULL,NULL,NULL,1,0,0,0,0,0,0),(2330,90,1,116,4,NULL,NULL,NULL,0,'Glancer',1,NULL,NULL,NULL,1,0,0,0,0,0,0),(2331,125,1,116,4,NULL,NULL,NULL,0,'Gnat',0,NULL,NULL,NULL,1,0,0,0,0,0,0),(2332,125,1,116,4,NULL,NULL,NULL,0,'Gnat',0,NULL,NULL,NULL,1,0,0,0,0,0,0),(2333,125,1,116,4,NULL,NULL,NULL,0,'Gnat',0,NULL,NULL,NULL,1,0,0,0,0,0,0),(2334,125,1,116,4,NULL,NULL,NULL,0,'Gnat',0,NULL,NULL,NULL,1,0,0,0,0,0,0),(2335,125,1,116,4,NULL,NULL,NULL,0,'Gnat',1,NULL,NULL,NULL,1,0,0,0,0,0,0),(2336,125,1,116,4,NULL,NULL,NULL,0,'Gnat',1,NULL,NULL,NULL,1,0,0,0,0,0,0),(2337,125,1,116,4,NULL,NULL,NULL,0,'Gnat',0,NULL,NULL,NULL,1,0,0,0,0,0,0),(2338,90,1,117,4,NULL,NULL,NULL,0,'Glancer',1,NULL,NULL,NULL,1,0,0,0,0,0,0),(2339,90,1,117,4,NULL,NULL,NULL,0,'Glancer',1,NULL,NULL,NULL,1,0,0,0,0,0,0),(2340,90,1,117,4,NULL,NULL,NULL,0,'Glancer',1,NULL,NULL,NULL,1,0,0,0,0,0,0),(2341,125,1,117,4,NULL,NULL,NULL,0,'Gnat',0,NULL,NULL,NULL,1,0,0,0,0,0,0),(2342,125,1,117,4,NULL,NULL,NULL,0,'Gnat',0,NULL,NULL,NULL,1,0,0,0,0,0,0),(2343,125,1,117,4,NULL,NULL,NULL,0,'Gnat',0,NULL,NULL,NULL,1,0,0,0,0,0,0),(2344,125,1,117,4,NULL,NULL,NULL,0,'Gnat',0,NULL,NULL,NULL,1,0,0,0,0,0,0),(2345,125,1,117,4,NULL,NULL,NULL,0,'Gnat',1,NULL,NULL,NULL,1,0,0,0,0,0,0),(2346,125,1,117,4,NULL,NULL,NULL,0,'Gnat',1,NULL,NULL,NULL,1,0,0,0,0,0,0),(2347,125,1,117,4,NULL,NULL,NULL,0,'Gnat',0,NULL,NULL,NULL,1,0,0,0,0,0,0),(2348,125,1,117,4,NULL,NULL,NULL,0,'Gnat',0,NULL,NULL,NULL,1,0,0,0,0,0,0),(2349,90,1,118,4,NULL,NULL,NULL,0,'Glancer',1,NULL,NULL,NULL,1,0,0,0,0,0,0),(2350,90,1,118,4,NULL,NULL,NULL,0,'Glancer',1,NULL,NULL,NULL,1,0,0,0,0,0,0),(2351,90,1,118,4,NULL,NULL,NULL,0,'Glancer',1,NULL,NULL,NULL,1,0,0,0,0,0,0),(2352,125,1,118,4,NULL,NULL,NULL,0,'Gnat',0,NULL,NULL,NULL,1,0,0,0,0,0,0),(2353,125,1,118,4,NULL,NULL,NULL,0,'Gnat',0,NULL,NULL,NULL,1,0,0,0,0,0,0),(2354,125,1,118,4,NULL,NULL,NULL,0,'Gnat',0,NULL,NULL,NULL,1,0,0,0,0,0,0),(2355,125,1,118,4,NULL,NULL,NULL,0,'Gnat',0,NULL,NULL,NULL,1,0,0,0,0,0,0),(2356,125,1,118,4,NULL,NULL,NULL,0,'Gnat',1,NULL,NULL,NULL,1,0,0,0,0,0,0),(2357,125,1,118,4,NULL,NULL,NULL,0,'Gnat',1,NULL,NULL,NULL,1,0,0,0,0,0,0),(2358,125,1,118,4,NULL,NULL,NULL,0,'Gnat',0,NULL,NULL,NULL,1,0,0,0,0,0,0),(2359,125,1,118,4,NULL,NULL,NULL,0,'Gnat',0,NULL,NULL,NULL,1,0,0,0,0,0,0),(2360,125,1,118,4,NULL,NULL,NULL,0,'Gnat',0,NULL,NULL,NULL,1,0,0,0,0,0,0),(2361,500,1,119,4,NULL,NULL,NULL,0,'Spudder',0,NULL,NULL,NULL,1,0,0,0,0,0,0),(2362,500,1,119,4,NULL,NULL,NULL,0,'Spudder',0,NULL,NULL,NULL,1,0,0,0,0,0,0),(2363,90,1,119,4,NULL,NULL,NULL,0,'Glancer',1,NULL,NULL,NULL,1,0,0,0,0,0,0),(2364,90,1,119,4,NULL,NULL,NULL,0,'Glancer',1,NULL,NULL,NULL,1,0,0,0,0,0,0),(2365,125,1,119,4,NULL,NULL,NULL,0,'Gnat',0,NULL,NULL,NULL,1,0,0,0,0,0,0),(2366,125,1,119,4,NULL,NULL,NULL,0,'Gnat',1,NULL,NULL,NULL,1,0,0,0,0,0,0),(2367,90,1,119,4,NULL,NULL,NULL,0,'Glancer',1,NULL,NULL,NULL,1,0,0,0,0,0,0),(2368,90,1,119,4,NULL,NULL,NULL,0,'Glancer',1,NULL,NULL,NULL,1,0,0,0,0,0,0),(2369,90,1,119,4,NULL,NULL,NULL,0,'Glancer',1,NULL,NULL,NULL,1,0,0,0,0,0,0),(2370,90,1,119,4,NULL,NULL,NULL,0,'Glancer',1,NULL,NULL,NULL,1,0,0,0,0,0,0),(2371,90,1,119,4,NULL,NULL,NULL,0,'Glancer',1,NULL,NULL,NULL,1,0,0,0,0,0,0),(2372,90,1,119,4,NULL,NULL,NULL,0,'Glancer',1,NULL,NULL,NULL,1,0,0,0,0,0,0),(2373,125,1,119,4,NULL,NULL,NULL,0,'Gnat',0,NULL,NULL,NULL,1,0,0,0,0,0,0),(2374,125,1,119,4,NULL,NULL,NULL,0,'Gnat',0,NULL,NULL,NULL,1,0,0,0,0,0,0),(2375,125,1,119,4,NULL,NULL,NULL,0,'Gnat',0,NULL,NULL,NULL,1,0,0,0,0,0,0),(2376,125,1,119,4,NULL,NULL,NULL,0,'Gnat',0,NULL,NULL,NULL,1,0,0,0,0,0,0),(2377,125,1,119,4,NULL,NULL,NULL,0,'Gnat',1,NULL,NULL,NULL,1,0,0,0,0,0,0),(2378,125,1,119,4,NULL,NULL,NULL,0,'Gnat',1,NULL,NULL,NULL,1,0,0,0,0,0,0),(2379,125,1,119,4,NULL,NULL,NULL,0,'Gnat',1,NULL,NULL,NULL,1,0,0,0,0,0,0),(2380,125,1,119,4,NULL,NULL,NULL,0,'Gnat',0,NULL,NULL,NULL,1,0,0,0,0,0,0),(2381,500,1,120,4,NULL,NULL,NULL,0,'Spudder',0,NULL,NULL,NULL,1,0,0,0,0,0,0),(2382,500,1,120,4,NULL,NULL,NULL,0,'Spudder',0,NULL,NULL,NULL,1,0,0,0,0,0,0),(2383,90,1,120,4,NULL,NULL,NULL,0,'Glancer',1,NULL,NULL,NULL,1,0,0,0,0,0,0),(2384,90,1,120,4,NULL,NULL,NULL,0,'Glancer',1,NULL,NULL,NULL,1,0,0,0,0,0,0),(2385,125,1,120,4,NULL,NULL,NULL,0,'Gnat',0,NULL,NULL,NULL,1,0,0,0,0,0,0),(2386,125,1,120,4,NULL,NULL,NULL,0,'Gnat',1,NULL,NULL,NULL,1,0,0,0,0,0,0),(2387,125,1,120,4,NULL,NULL,NULL,0,'Gnat',0,NULL,NULL,NULL,1,0,0,0,0,0,0),(2388,125,1,120,4,NULL,NULL,NULL,0,'Gnat',0,NULL,NULL,NULL,1,0,0,0,0,0,0),(2389,90,1,120,4,NULL,NULL,NULL,0,'Glancer',1,NULL,NULL,NULL,1,0,0,0,0,0,0),(2390,90,1,120,4,NULL,NULL,NULL,0,'Glancer',1,NULL,NULL,NULL,1,0,0,0,0,0,0),(2391,90,1,120,4,NULL,NULL,NULL,0,'Glancer',1,NULL,NULL,NULL,1,0,0,0,0,0,0),(2392,90,1,120,4,NULL,NULL,NULL,0,'Glancer',1,NULL,NULL,NULL,1,0,0,0,0,0,0),(2393,90,1,120,4,NULL,NULL,NULL,0,'Glancer',1,NULL,NULL,NULL,1,0,0,0,0,0,0),(2394,90,1,120,4,NULL,NULL,NULL,0,'Glancer',1,NULL,NULL,NULL,1,0,0,0,0,0,0),(2395,125,1,120,4,NULL,NULL,NULL,0,'Gnat',0,NULL,NULL,NULL,1,0,0,0,0,0,0),(2396,125,1,120,4,NULL,NULL,NULL,0,'Gnat',0,NULL,NULL,NULL,1,0,0,0,0,0,0),(2397,125,1,120,4,NULL,NULL,NULL,0,'Gnat',0,NULL,NULL,NULL,1,0,0,0,0,0,0),(2398,125,1,120,4,NULL,NULL,NULL,0,'Gnat',0,NULL,NULL,NULL,1,0,0,0,0,0,0),(2399,125,1,120,4,NULL,NULL,NULL,0,'Gnat',1,NULL,NULL,NULL,1,0,0,0,0,0,0),(2400,125,1,120,4,NULL,NULL,NULL,0,'Gnat',1,NULL,NULL,NULL,1,0,0,0,0,0,0),(2401,125,1,120,4,NULL,NULL,NULL,0,'Gnat',0,NULL,NULL,NULL,1,0,0,0,0,0,0),(2402,125,1,120,4,NULL,NULL,NULL,0,'Gnat',0,NULL,NULL,NULL,1,0,0,0,0,0,0),(2403,500,1,121,4,NULL,NULL,NULL,0,'Spudder',0,NULL,NULL,NULL,1,0,0,0,0,0,0),(2404,500,1,121,4,NULL,NULL,NULL,0,'Spudder',0,NULL,NULL,NULL,1,0,0,0,0,0,0),(2405,90,1,121,4,NULL,NULL,NULL,0,'Glancer',1,NULL,NULL,NULL,1,0,0,0,0,0,0),(2406,90,1,121,4,NULL,NULL,NULL,0,'Glancer',1,NULL,NULL,NULL,1,0,0,0,0,0,0),(2407,125,1,121,4,NULL,NULL,NULL,0,'Gnat',1,NULL,NULL,NULL,1,0,0,0,0,0,0),(2408,125,1,121,4,NULL,NULL,NULL,0,'Gnat',0,NULL,NULL,NULL,1,0,0,0,0,0,0),(2409,125,1,121,4,NULL,NULL,NULL,0,'Gnat',0,NULL,NULL,NULL,1,0,0,0,0,0,0),(2410,90,1,121,4,NULL,NULL,NULL,0,'Glancer',1,NULL,NULL,NULL,1,0,0,0,0,0,0),(2411,90,1,121,4,NULL,NULL,NULL,0,'Glancer',1,NULL,NULL,NULL,1,0,0,0,0,0,0),(2412,90,1,121,4,NULL,NULL,NULL,0,'Glancer',1,NULL,NULL,NULL,1,0,0,0,0,0,0),(2413,90,1,121,4,NULL,NULL,NULL,0,'Glancer',1,NULL,NULL,NULL,1,0,0,0,0,0,0),(2414,90,1,121,4,NULL,NULL,NULL,0,'Glancer',1,NULL,NULL,NULL,1,0,0,0,0,0,0),(2415,90,1,121,4,NULL,NULL,NULL,0,'Glancer',1,NULL,NULL,NULL,1,0,0,0,0,0,0),(2416,125,1,121,4,NULL,NULL,NULL,0,'Gnat',0,NULL,NULL,NULL,1,0,0,0,0,0,0),(2417,125,1,121,4,NULL,NULL,NULL,0,'Gnat',0,NULL,NULL,NULL,1,0,0,0,0,0,0),(2418,125,1,121,4,NULL,NULL,NULL,0,'Gnat',0,NULL,NULL,NULL,1,0,0,0,0,0,0),(2419,125,1,121,4,NULL,NULL,NULL,0,'Gnat',0,NULL,NULL,NULL,1,0,0,0,0,0,0),(2420,125,1,121,4,NULL,NULL,NULL,0,'Gnat',1,NULL,NULL,NULL,1,0,0,0,0,0,0),(2421,125,1,121,4,NULL,NULL,NULL,0,'Gnat',1,NULL,NULL,NULL,1,0,0,0,0,0,0),(2422,125,1,121,4,NULL,NULL,NULL,0,'Gnat',0,NULL,NULL,NULL,1,0,0,0,0,0,0),(2423,125,1,121,4,NULL,NULL,NULL,0,'Gnat',1,NULL,NULL,NULL,1,0,0,0,0,0,0),(2424,900,1,122,4,NULL,NULL,NULL,0,'Gnawer',0,NULL,NULL,NULL,1,0,0,0,0,0,0),(2425,900,1,122,4,NULL,NULL,NULL,0,'Gnawer',0,NULL,NULL,NULL,1,0,0,0,0,0,0),(2426,900,1,122,4,NULL,NULL,NULL,0,'Gnawer',0,NULL,NULL,NULL,1,0,0,0,0,0,0),(2427,500,1,122,4,NULL,NULL,NULL,0,'Spudder',0,NULL,NULL,NULL,1,0,0,0,0,0,0),(2428,500,1,122,4,NULL,NULL,NULL,0,'Spudder',0,NULL,NULL,NULL,1,0,0,0,0,0,0),(2429,900,1,122,4,NULL,NULL,NULL,0,'Gnawer',0,NULL,NULL,NULL,1,0,0,0,0,0,0),(2430,500,1,122,4,NULL,NULL,NULL,0,'Spudder',0,NULL,NULL,NULL,1,0,0,0,0,0,0),(2431,90,1,122,4,NULL,NULL,NULL,0,'Glancer',1,NULL,NULL,NULL,1,0,0,0,0,0,0),(2432,90,1,122,4,NULL,NULL,NULL,0,'Glancer',1,NULL,NULL,NULL,1,0,0,0,0,0,0),(2433,125,1,122,4,NULL,NULL,NULL,0,'Gnat',0,NULL,NULL,NULL,1,0,0,0,0,0,0),(2434,125,1,122,4,NULL,NULL,NULL,0,'Gnat',1,NULL,NULL,NULL,1,0,0,0,0,0,0),(2435,125,1,122,4,NULL,NULL,NULL,0,'Gnat',0,NULL,NULL,NULL,1,0,0,0,0,0,0),(2436,90,1,122,4,NULL,NULL,NULL,0,'Glancer',1,NULL,NULL,NULL,1,0,0,0,0,0,0),(2437,90,1,122,4,NULL,NULL,NULL,0,'Glancer',1,NULL,NULL,NULL,1,0,0,0,0,0,0),(2438,90,1,122,4,NULL,NULL,NULL,0,'Glancer',1,NULL,NULL,NULL,1,0,0,0,0,0,0),(2439,90,1,122,4,NULL,NULL,NULL,0,'Glancer',1,NULL,NULL,NULL,1,0,0,0,0,0,0),(2440,90,1,122,4,NULL,NULL,NULL,0,'Glancer',1,NULL,NULL,NULL,1,0,0,0,0,0,0),(2441,125,1,122,4,NULL,NULL,NULL,0,'Gnat',0,NULL,NULL,NULL,1,0,0,0,0,0,0),(2442,125,1,122,4,NULL,NULL,NULL,0,'Gnat',0,NULL,NULL,NULL,1,0,0,0,0,0,0),(2443,125,1,122,4,NULL,NULL,NULL,0,'Gnat',0,NULL,NULL,NULL,1,0,0,0,0,0,0),(2444,125,1,122,4,NULL,NULL,NULL,0,'Gnat',0,NULL,NULL,NULL,1,0,0,0,0,0,0),(2445,125,1,122,4,NULL,NULL,NULL,0,'Gnat',1,NULL,NULL,NULL,1,0,0,0,0,0,0),(2446,125,1,122,4,NULL,NULL,NULL,0,'Gnat',1,NULL,NULL,NULL,1,0,0,0,0,0,0),(2447,125,1,122,4,NULL,NULL,NULL,0,'Gnat',1,NULL,NULL,NULL,1,0,0,0,0,0,0),(2448,900,1,123,4,NULL,NULL,NULL,0,'Gnawer',0,NULL,NULL,NULL,1,0,0,0,0,0,0),(2449,500,1,123,4,NULL,NULL,NULL,0,'Spudder',0,NULL,NULL,NULL,1,0,0,0,0,0,0),(2450,500,1,123,4,NULL,NULL,NULL,0,'Spudder',0,NULL,NULL,NULL,1,0,0,0,0,0,0),(2451,500,1,123,4,NULL,NULL,NULL,0,'Spudder',1,NULL,NULL,NULL,1,0,0,0,0,0,0),(2452,500,1,123,4,NULL,NULL,NULL,0,'Spudder',0,NULL,NULL,NULL,1,0,0,0,0,0,0),(2453,500,1,123,4,NULL,NULL,NULL,0,'Spudder',0,NULL,NULL,NULL,1,0,0,0,0,0,0),(2454,90,1,123,4,NULL,NULL,NULL,0,'Glancer',1,NULL,NULL,NULL,1,0,0,0,0,0,0),(2455,90,1,123,4,NULL,NULL,NULL,0,'Glancer',1,NULL,NULL,NULL,1,0,0,0,0,0,0),(2456,125,1,123,4,NULL,NULL,NULL,0,'Gnat',1,NULL,NULL,NULL,1,0,0,0,0,0,0),(2457,125,1,123,4,NULL,NULL,NULL,0,'Gnat',0,NULL,NULL,NULL,1,0,0,0,0,0,0),(2458,125,1,123,4,NULL,NULL,NULL,0,'Gnat',0,NULL,NULL,NULL,1,0,0,0,0,0,0),(2459,90,1,123,4,NULL,NULL,NULL,0,'Glancer',1,NULL,NULL,NULL,1,0,0,0,0,0,0),(2460,90,1,123,4,NULL,NULL,NULL,0,'Glancer',1,NULL,NULL,NULL,1,0,0,0,0,0,0),(2461,90,1,123,4,NULL,NULL,NULL,0,'Glancer',1,NULL,NULL,NULL,1,0,0,0,0,0,0),(2462,90,1,123,4,NULL,NULL,NULL,0,'Glancer',1,NULL,NULL,NULL,1,0,0,0,0,0,0),(2463,125,1,123,4,NULL,NULL,NULL,0,'Gnat',0,NULL,NULL,NULL,1,0,0,0,0,0,0),(2464,125,1,123,4,NULL,NULL,NULL,0,'Gnat',0,NULL,NULL,NULL,1,0,0,0,0,0,0),(2465,125,1,123,4,NULL,NULL,NULL,0,'Gnat',0,NULL,NULL,NULL,1,0,0,0,0,0,0),(2466,125,1,123,4,NULL,NULL,NULL,0,'Gnat',0,NULL,NULL,NULL,1,0,0,0,0,0,0),(2467,125,1,123,4,NULL,NULL,NULL,0,'Gnat',1,NULL,NULL,NULL,1,0,0,0,0,0,0),(2468,125,1,123,4,NULL,NULL,NULL,0,'Gnat',1,NULL,NULL,NULL,1,0,0,0,0,0,0),(2469,125,1,123,4,NULL,NULL,NULL,0,'Gnat',0,NULL,NULL,NULL,1,0,0,0,0,0,0),(2470,125,1,123,4,NULL,NULL,NULL,0,'Gnat',0,NULL,NULL,NULL,1,0,0,0,0,0,0),(2471,125,1,123,4,NULL,NULL,NULL,0,'Gnat',1,NULL,NULL,NULL,1,0,0,0,0,0,0),(2472,90,1,124,4,NULL,NULL,NULL,0,'Glancer',1,NULL,NULL,NULL,1,0,0,0,0,0,0),(2473,90,1,124,4,NULL,NULL,NULL,0,'Glancer',1,NULL,NULL,NULL,1,0,0,0,0,0,0),(2474,125,1,124,4,NULL,NULL,NULL,0,'Gnat',0,NULL,NULL,NULL,1,0,0,0,0,0,0),(2475,125,1,124,4,NULL,NULL,NULL,0,'Gnat',0,NULL,NULL,NULL,1,0,0,0,0,0,0),(2476,125,1,124,4,NULL,NULL,NULL,0,'Gnat',1,NULL,NULL,NULL,1,0,0,0,0,0,0),(2477,125,1,124,4,NULL,NULL,NULL,0,'Gnat',0,NULL,NULL,NULL,1,0,0,0,0,0,0),(2478,90,1,124,4,NULL,NULL,NULL,0,'Glancer',1,NULL,NULL,NULL,1,0,0,0,0,0,0),(2479,90,1,124,4,NULL,NULL,NULL,0,'Glancer',1,NULL,NULL,NULL,1,0,0,0,0,0,0),(2480,90,1,124,4,NULL,NULL,NULL,0,'Glancer',1,NULL,NULL,NULL,1,0,0,0,0,0,0),(2481,90,1,124,4,NULL,NULL,NULL,0,'Glancer',1,NULL,NULL,NULL,1,0,0,0,0,0,0),(2482,125,1,124,4,NULL,NULL,NULL,0,'Gnat',0,NULL,NULL,NULL,1,0,0,0,0,0,0),(2483,125,1,124,4,NULL,NULL,NULL,0,'Gnat',0,NULL,NULL,NULL,1,0,0,0,0,0,0),(2484,125,1,124,4,NULL,NULL,NULL,0,'Gnat',0,NULL,NULL,NULL,1,0,0,0,0,0,0),(2485,125,1,124,4,NULL,NULL,NULL,0,'Gnat',0,NULL,NULL,NULL,1,0,0,0,0,0,0),(2486,125,1,124,4,NULL,NULL,NULL,0,'Gnat',1,NULL,NULL,NULL,1,0,0,0,0,0,0),(2487,125,1,124,4,NULL,NULL,NULL,0,'Gnat',1,NULL,NULL,NULL,1,0,0,0,0,0,0),(2488,125,1,124,4,NULL,NULL,NULL,0,'Gnat',0,NULL,NULL,NULL,1,0,0,0,0,0,0),(2489,125,1,124,4,NULL,NULL,NULL,0,'Gnat',1,NULL,NULL,NULL,1,0,0,0,0,0,0),(2490,125,1,124,4,NULL,NULL,NULL,0,'Gnat',1,NULL,NULL,NULL,1,0,0,0,0,0,0),(2491,900,1,125,4,NULL,NULL,NULL,0,'Gnawer',0,NULL,NULL,NULL,1,0,0,0,0,0,0),(2492,900,1,125,4,NULL,NULL,NULL,0,'Gnawer',0,NULL,NULL,NULL,1,0,0,0,0,0,0),(2493,500,1,125,4,NULL,NULL,NULL,0,'Spudder',0,NULL,NULL,NULL,1,0,0,0,0,0,0),(2494,500,1,125,4,NULL,NULL,NULL,0,'Spudder',0,NULL,NULL,NULL,1,0,0,0,0,0,0),(2495,500,1,125,4,NULL,NULL,NULL,0,'Spudder',0,NULL,NULL,NULL,1,0,0,0,0,0,0),(2496,500,1,125,4,NULL,NULL,NULL,0,'Spudder',0,NULL,NULL,NULL,1,0,0,0,0,0,0),(2497,500,1,125,4,NULL,NULL,NULL,0,'Spudder',1,NULL,NULL,NULL,1,0,0,0,0,0,0),(2498,500,1,125,4,NULL,NULL,NULL,0,'Spudder',0,NULL,NULL,NULL,1,0,0,0,0,0,0),(2499,90,1,125,4,NULL,NULL,NULL,0,'Glancer',1,NULL,NULL,NULL,1,0,0,0,0,0,0),(2500,90,1,125,4,NULL,NULL,NULL,0,'Glancer',1,NULL,NULL,NULL,1,0,0,0,0,0,0),(2501,125,1,125,4,NULL,NULL,NULL,0,'Gnat',0,NULL,NULL,NULL,1,0,0,0,0,0,0),(2502,125,1,125,4,NULL,NULL,NULL,0,'Gnat',1,NULL,NULL,NULL,1,0,0,0,0,0,0),(2503,125,1,125,4,NULL,NULL,NULL,0,'Gnat',0,NULL,NULL,NULL,1,0,0,0,0,0,0),(2504,125,1,125,4,NULL,NULL,NULL,0,'Gnat',0,NULL,NULL,NULL,1,0,0,0,0,0,0),(2505,90,1,125,4,NULL,NULL,NULL,0,'Glancer',1,NULL,NULL,NULL,1,0,0,0,0,0,0),(2506,90,1,125,4,NULL,NULL,NULL,0,'Glancer',1,NULL,NULL,NULL,1,0,0,0,0,0,0),(2507,90,1,125,4,NULL,NULL,NULL,0,'Glancer',1,NULL,NULL,NULL,1,0,0,0,0,0,0),(2508,90,1,125,4,NULL,NULL,NULL,0,'Glancer',1,NULL,NULL,NULL,1,0,0,0,0,0,0),(2509,125,1,125,4,NULL,NULL,NULL,0,'Gnat',0,NULL,NULL,NULL,1,0,0,0,0,0,0),(2510,125,1,125,4,NULL,NULL,NULL,0,'Gnat',0,NULL,NULL,NULL,1,0,0,0,0,0,0),(2511,125,1,125,4,NULL,NULL,NULL,0,'Gnat',0,NULL,NULL,NULL,1,0,0,0,0,0,0),(2512,125,1,125,4,NULL,NULL,NULL,0,'Gnat',0,NULL,NULL,NULL,1,0,0,0,0,0,0),(2513,125,1,125,4,NULL,NULL,NULL,0,'Gnat',1,NULL,NULL,NULL,1,0,0,0,0,0,0),(2514,125,1,125,4,NULL,NULL,NULL,0,'Gnat',1,NULL,NULL,NULL,1,0,0,0,0,0,0),(2515,500,1,126,4,NULL,NULL,NULL,0,'Spudder',0,NULL,NULL,NULL,1,0,0,0,0,0,0),(2516,90,1,126,4,NULL,NULL,NULL,0,'Glancer',1,NULL,NULL,NULL,1,0,0,0,0,0,0),(2517,90,1,126,4,NULL,NULL,NULL,0,'Glancer',1,NULL,NULL,NULL,1,0,0,0,0,0,0),(2518,125,1,126,4,NULL,NULL,NULL,0,'Gnat',0,NULL,NULL,NULL,1,0,0,0,0,0,0),(2519,125,1,126,4,NULL,NULL,NULL,0,'Gnat',1,NULL,NULL,NULL,1,0,0,0,0,0,0),(2520,125,1,126,4,NULL,NULL,NULL,0,'Gnat',0,NULL,NULL,NULL,1,0,0,0,0,0,0),(2521,90,1,126,4,NULL,NULL,NULL,0,'Glancer',1,NULL,NULL,NULL,1,0,0,0,0,0,0),(2522,90,1,126,4,NULL,NULL,NULL,0,'Glancer',1,NULL,NULL,NULL,1,0,0,0,0,0,0),(2523,90,1,126,4,NULL,NULL,NULL,0,'Glancer',1,NULL,NULL,NULL,1,0,0,0,0,0,0),(2524,90,1,126,4,NULL,NULL,NULL,0,'Glancer',1,NULL,NULL,NULL,1,0,0,0,0,0,0),(2525,90,1,126,4,NULL,NULL,NULL,0,'Glancer',1,NULL,NULL,NULL,1,0,0,0,0,0,0),(2526,125,1,126,4,NULL,NULL,NULL,0,'Gnat',0,NULL,NULL,NULL,1,0,0,0,0,0,0),(2527,125,1,126,4,NULL,NULL,NULL,0,'Gnat',0,NULL,NULL,NULL,1,0,0,0,0,0,0),(2528,125,1,126,4,NULL,NULL,NULL,0,'Gnat',0,NULL,NULL,NULL,1,0,0,0,0,0,0),(2529,125,1,126,4,NULL,NULL,NULL,0,'Gnat',0,NULL,NULL,NULL,1,0,0,0,0,0,0),(2530,125,1,126,4,NULL,NULL,NULL,0,'Gnat',1,NULL,NULL,NULL,1,0,0,0,0,0,0),(2531,125,1,126,4,NULL,NULL,NULL,0,'Gnat',1,NULL,NULL,NULL,1,0,0,0,0,0,0),(2532,125,1,126,4,NULL,NULL,NULL,0,'Gnat',0,NULL,NULL,NULL,1,0,0,0,0,0,0),(2533,125,1,126,4,NULL,NULL,NULL,0,'Gnat',1,NULL,NULL,NULL,1,0,0,0,0,0,0),(2534,125,1,127,4,NULL,NULL,NULL,0,'Gnat',0,NULL,NULL,NULL,1,0,0,0,0,0,0),(2535,125,1,127,4,NULL,NULL,NULL,0,'Gnat',0,NULL,NULL,NULL,1,0,0,0,0,0,0),(2536,125,1,127,4,NULL,NULL,NULL,0,'Gnat',0,NULL,NULL,NULL,1,0,0,0,0,0,0),(2537,125,1,127,4,NULL,NULL,NULL,0,'Gnat',0,NULL,NULL,NULL,1,0,0,0,0,0,0),(2538,125,1,127,4,NULL,NULL,NULL,0,'Gnat',1,NULL,NULL,NULL,1,0,0,0,0,0,0),(2539,125,1,127,4,NULL,NULL,NULL,0,'Gnat',1,NULL,NULL,NULL,1,0,0,0,0,0,0),(2540,125,1,127,4,NULL,NULL,NULL,0,'Gnat',0,NULL,NULL,NULL,1,0,0,0,0,0,0),(2541,125,1,128,4,NULL,NULL,NULL,0,'Gnat',0,NULL,NULL,NULL,1,0,0,0,0,0,0),(2542,125,1,128,4,NULL,NULL,NULL,0,'Gnat',0,NULL,NULL,NULL,1,0,0,0,0,0,0),(2543,125,1,128,4,NULL,NULL,NULL,0,'Gnat',0,NULL,NULL,NULL,1,0,0,0,0,0,0),(2544,125,1,128,4,NULL,NULL,NULL,0,'Gnat',0,NULL,NULL,NULL,1,0,0,0,0,0,0),(2545,125,1,128,4,NULL,NULL,NULL,0,'Gnat',1,NULL,NULL,NULL,1,0,0,0,0,0,0),(2546,125,1,128,4,NULL,NULL,NULL,0,'Gnat',1,NULL,NULL,NULL,1,0,0,0,0,0,0),(2547,125,1,128,4,NULL,NULL,NULL,0,'Gnat',1,NULL,NULL,NULL,1,0,0,0,0,0,0),(2548,125,1,128,4,NULL,NULL,NULL,0,'Gnat',1,NULL,NULL,NULL,1,0,0,0,0,0,0),(2549,125,1,129,4,NULL,NULL,NULL,0,'Gnat',0,NULL,NULL,NULL,1,0,0,0,0,0,0),(2550,125,1,129,4,NULL,NULL,NULL,0,'Gnat',0,NULL,NULL,NULL,1,0,0,0,0,0,0),(2551,125,1,129,4,NULL,NULL,NULL,0,'Gnat',0,NULL,NULL,NULL,1,0,0,0,0,0,0),(2552,125,1,129,4,NULL,NULL,NULL,0,'Gnat',0,NULL,NULL,NULL,1,0,0,0,0,0,0),(2553,125,1,129,4,NULL,NULL,NULL,0,'Gnat',1,NULL,NULL,NULL,1,0,0,0,0,0,0),(2554,125,1,129,4,NULL,NULL,NULL,0,'Gnat',1,NULL,NULL,NULL,1,0,0,0,0,0,0),(2555,125,1,129,4,NULL,NULL,NULL,0,'Gnat',0,NULL,NULL,NULL,1,0,0,0,0,0,0),(2556,125,1,129,4,NULL,NULL,NULL,0,'Gnat',1,NULL,NULL,NULL,1,0,0,0,0,0,0),(2557,125,1,129,4,NULL,NULL,NULL,0,'Gnat',0,NULL,NULL,NULL,1,0,0,0,0,0,0),(2558,125,1,129,4,NULL,NULL,NULL,0,'Gnat',1,NULL,NULL,NULL,1,0,0,0,0,0,0),(2559,26875,1,7,1,NULL,NULL,NULL,0,'Demosis',0,0,180,NULL,1,0,0,0,0,0,0),(2560,4475,1,7,1,NULL,NULL,NULL,0,'Thor',0,0,180,NULL,1,0,0,0,0,0,0),(2561,4475,1,7,1,NULL,NULL,NULL,0,'Thor',1,0,180,NULL,1,0,0,0,0,0,0),(2562,2812,1,7,1,NULL,NULL,NULL,0,'Dirac',0,0,180,NULL,1,0,0,0,0,0,0),(2563,2812,1,7,1,NULL,NULL,NULL,0,'Dirac',1,0,180,NULL,1,0,0,0,0,0,0),(2564,2812,1,7,1,NULL,NULL,NULL,0,'Dirac',1,0,180,NULL,1,0,0,0,0,0,0),(2565,2812,1,7,1,NULL,NULL,NULL,0,'Dirac',1,0,180,NULL,1,0,0,0,0,0,0),(2566,2812,1,7,1,NULL,NULL,NULL,0,'Dirac',1,0,180,NULL,1,0,0,0,0,0,0),(2567,2812,1,7,1,NULL,NULL,NULL,0,'Dirac',0,0,180,NULL,1,0,0,0,0,0,0),(2568,2812,1,7,1,NULL,NULL,NULL,0,'Dirac',1,0,180,NULL,1,0,0,0,0,0,0),(2569,2812,1,7,1,NULL,NULL,NULL,0,'Dirac',1,0,180,NULL,1,0,0,0,0,0,0),(2570,26875,1,7,1,NULL,NULL,NULL,0,'Demosis',0,2,300,NULL,1,0,0,0,0,0,0),(2571,26875,1,7,1,NULL,NULL,NULL,0,'Demosis',0,2,300,NULL,1,0,0,0,0,0,0),(2572,26875,1,7,1,NULL,NULL,NULL,0,'Demosis',0,2,300,NULL,1,0,0,0,0,0,0),(2573,26875,1,7,1,NULL,NULL,NULL,0,'Demosis',0,2,300,NULL,1,0,0,0,0,0,0),(2574,4475,1,7,1,NULL,NULL,NULL,0,'Thor',0,2,300,NULL,1,0,0,0,0,0,0),(2575,4475,1,7,1,NULL,NULL,NULL,0,'Thor',1,2,300,NULL,1,0,0,0,0,0,0),(2576,4475,1,7,1,NULL,NULL,NULL,0,'Thor',1,2,300,NULL,1,0,0,0,0,0,0),(2577,4475,1,7,1,NULL,NULL,NULL,0,'Thor',1,2,300,NULL,1,0,0,0,0,0,0),(2578,4475,1,7,1,NULL,NULL,NULL,0,'Thor',0,2,300,NULL,1,0,0,0,0,0,0),(2579,4475,1,7,1,NULL,NULL,NULL,0,'Thor',1,2,300,NULL,1,0,0,0,0,0,0),(2580,4475,1,7,1,NULL,NULL,NULL,0,'Thor',0,2,300,NULL,1,0,0,0,0,0,0),(2581,4475,1,7,1,NULL,NULL,NULL,0,'Thor',0,2,300,NULL,1,0,0,0,0,0,0),(2582,4475,1,7,1,NULL,NULL,NULL,0,'Thor',0,2,300,NULL,1,0,0,0,0,0,0),(2583,4475,1,7,1,NULL,NULL,NULL,0,'Thor',1,2,300,NULL,1,0,0,0,0,0,0),(2584,4475,1,7,1,NULL,NULL,NULL,0,'Thor',0,2,300,NULL,1,0,0,0,0,0,0),(2585,2812,1,7,1,NULL,NULL,NULL,0,'Dirac',1,2,300,NULL,1,0,0,0,0,0,0),(2586,2812,1,7,1,NULL,NULL,NULL,0,'Dirac',1,2,300,NULL,1,0,0,0,0,0,0),(2587,2812,1,7,1,NULL,NULL,NULL,0,'Dirac',0,2,300,NULL,1,0,0,0,0,0,0),(2588,2812,1,7,1,NULL,NULL,NULL,0,'Dirac',0,2,300,NULL,1,0,0,0,0,0,0),(2589,2812,1,7,1,NULL,NULL,NULL,0,'Dirac',0,2,300,NULL,1,0,0,0,0,0,0),(2590,2812,1,7,1,NULL,NULL,NULL,0,'Dirac',1,2,300,NULL,1,0,0,0,0,0,0),(2591,2812,1,7,1,NULL,NULL,NULL,0,'Dirac',0,2,300,NULL,1,0,0,0,0,0,0),(2592,2812,1,7,1,NULL,NULL,NULL,0,'Dirac',1,2,300,NULL,1,0,0,0,0,0,0),(2593,2812,1,7,1,NULL,NULL,NULL,0,'Dirac',1,2,300,NULL,1,0,0,0,0,0,0),(2594,26875,1,7,1,NULL,NULL,NULL,0,'Demosis',0,0,0,NULL,1,0,0,0,0,0,0),(2595,4475,1,7,1,NULL,NULL,NULL,0,'Thor',1,0,0,NULL,1,0,0,0,0,0,0),(2596,4475,1,7,1,NULL,NULL,NULL,0,'Thor',0,0,0,NULL,1,0,0,0,0,0,0),(2597,2812,1,7,1,NULL,NULL,NULL,0,'Dirac',0,0,0,NULL,1,0,0,0,0,0,0),(2598,2812,1,7,1,NULL,NULL,NULL,0,'Dirac',0,0,0,NULL,1,0,0,0,0,0,0),(2599,2812,1,7,1,NULL,NULL,NULL,0,'Dirac',0,0,0,NULL,1,0,0,0,0,0,0),(2600,2812,1,7,1,NULL,NULL,NULL,0,'Dirac',0,0,0,NULL,1,0,0,0,0,0,0),(2601,2812,1,7,1,NULL,NULL,NULL,0,'Dirac',0,0,0,NULL,1,0,0,0,0,0,0),(2602,2812,1,7,1,NULL,NULL,NULL,0,'Dirac',1,0,0,NULL,1,0,0,0,0,0,0),(2603,2812,1,7,1,NULL,NULL,NULL,0,'Dirac',1,0,0,NULL,1,0,0,0,0,0,0),(2604,2812,1,7,1,NULL,NULL,NULL,0,'Dirac',0,0,0,NULL,1,0,0,0,0,0,0),(2605,2812,1,7,1,NULL,NULL,NULL,0,'Dirac',1,0,0,NULL,1,0,0,0,0,0,0),(2606,2812,1,7,1,NULL,NULL,NULL,0,'Dirac',1,0,0,NULL,1,0,0,0,0,0,0),(2607,2812,1,7,1,NULL,NULL,NULL,0,'Dirac',0,0,0,NULL,1,0,0,0,0,0,0),(2608,26875,1,8,1,NULL,NULL,NULL,0,'Demosis',0,1,90,NULL,1,0,0,0,0,0,0),(2609,26875,1,8,1,NULL,NULL,NULL,0,'Demosis',0,1,90,NULL,1,0,0,0,0,0,0),(2610,26875,1,8,1,NULL,NULL,NULL,0,'Demosis',0,1,90,NULL,1,0,0,0,0,0,0),(2611,26875,1,8,1,NULL,NULL,NULL,0,'Demosis',0,1,90,NULL,1,0,0,0,0,0,0),(2612,4475,1,8,1,NULL,NULL,NULL,0,'Thor',0,1,90,NULL,1,0,0,0,0,0,0),(2613,4475,1,8,1,NULL,NULL,NULL,0,'Thor',0,1,90,NULL,1,0,0,0,0,0,0),(2614,4475,1,8,1,NULL,NULL,NULL,0,'Thor',0,1,90,NULL,1,0,0,0,0,0,0),(2615,4475,1,8,1,NULL,NULL,NULL,0,'Thor',0,1,90,NULL,1,0,0,0,0,0,0),(2616,4475,1,8,1,NULL,NULL,NULL,0,'Thor',0,1,90,NULL,1,0,0,0,0,0,0),(2617,4475,1,8,1,NULL,NULL,NULL,0,'Thor',1,1,90,NULL,1,0,0,0,0,0,0),(2618,4475,1,8,1,NULL,NULL,NULL,0,'Thor',1,1,90,NULL,1,0,0,0,0,0,0),(2619,4475,1,8,1,NULL,NULL,NULL,0,'Thor',0,1,90,NULL,1,0,0,0,0,0,0),(2620,4475,1,8,1,NULL,NULL,NULL,0,'Thor',0,1,90,NULL,1,0,0,0,0,0,0),(2621,2812,1,8,1,NULL,NULL,NULL,0,'Dirac',0,1,90,NULL,1,0,0,0,0,0,0),(2622,2812,1,8,1,NULL,NULL,NULL,0,'Dirac',1,1,90,NULL,1,0,0,0,0,0,0),(2623,2812,1,8,1,NULL,NULL,NULL,0,'Dirac',1,1,90,NULL,1,0,0,0,0,0,0),(2624,2812,1,8,1,NULL,NULL,NULL,0,'Dirac',0,1,90,NULL,1,0,0,0,0,0,0),(2625,2812,1,8,1,NULL,NULL,NULL,0,'Dirac',1,1,90,NULL,1,0,0,0,0,0,0),(2626,2812,1,8,1,NULL,NULL,NULL,0,'Dirac',0,1,90,NULL,1,0,0,0,0,0,0),(2627,2812,1,8,1,NULL,NULL,NULL,0,'Dirac',0,1,90,NULL,1,0,0,0,0,0,0),(2628,2812,1,8,1,NULL,NULL,NULL,0,'Dirac',0,1,90,NULL,1,0,0,0,0,0,0),(2629,2812,1,8,1,NULL,NULL,NULL,0,'Dirac',1,1,90,NULL,1,0,0,0,0,0,0),(2630,26875,1,8,1,NULL,NULL,NULL,0,'Demosis',0,2,150,NULL,1,0,0,0,0,0,0),(2631,26875,1,8,1,NULL,NULL,NULL,0,'Demosis',0,2,150,NULL,1,0,0,0,0,0,0),(2632,26875,1,8,1,NULL,NULL,NULL,0,'Demosis',0,2,150,NULL,1,0,0,0,0,0,0),(2633,26875,1,8,1,NULL,NULL,NULL,0,'Demosis',0,2,150,NULL,1,0,0,0,0,0,0),(2634,4475,1,8,1,NULL,NULL,NULL,0,'Thor',1,2,150,NULL,1,0,0,0,0,0,0),(2635,4475,1,8,1,NULL,NULL,NULL,0,'Thor',0,2,150,NULL,1,0,0,0,0,0,0),(2636,2812,1,8,1,NULL,NULL,NULL,0,'Dirac',1,2,150,NULL,1,0,0,0,0,0,0),(2637,2812,1,8,1,NULL,NULL,NULL,0,'Dirac',0,2,150,NULL,1,0,0,0,0,0,0),(2638,2812,1,8,1,NULL,NULL,NULL,0,'Dirac',1,2,150,NULL,1,0,0,0,0,0,0),(2639,2812,1,8,1,NULL,NULL,NULL,0,'Dirac',0,2,150,NULL,1,0,0,0,0,0,0),(2640,2812,1,8,1,NULL,NULL,NULL,0,'Dirac',0,2,150,NULL,1,0,0,0,0,0,0),(2641,2812,1,8,1,NULL,NULL,NULL,0,'Dirac',0,2,150,NULL,1,0,0,0,0,0,0),(2642,2812,1,8,1,NULL,NULL,NULL,0,'Dirac',1,2,150,NULL,1,0,0,0,0,0,0),(2643,2812,1,8,1,NULL,NULL,NULL,0,'Dirac',0,2,150,NULL,1,0,0,0,0,0,0),(2644,2812,1,8,1,NULL,NULL,NULL,0,'Dirac',0,2,150,NULL,1,0,0,0,0,0,0),(2645,2812,1,8,1,NULL,NULL,NULL,0,'Dirac',1,2,150,NULL,1,0,0,0,0,0,0),(2646,2812,1,8,1,NULL,NULL,NULL,0,'Dirac',0,2,150,NULL,1,0,0,0,0,0,0),(2647,26875,1,8,1,NULL,NULL,NULL,0,'Demosis',0,3,0,NULL,1,0,0,0,0,0,0),(2648,26875,1,8,1,NULL,NULL,NULL,0,'Demosis',0,3,0,NULL,1,0,0,0,0,0,0),(2649,4475,1,8,1,NULL,NULL,NULL,0,'Thor',1,3,0,NULL,1,0,0,0,0,0,0),(2650,4475,1,8,1,NULL,NULL,NULL,0,'Thor',1,3,0,NULL,1,0,0,0,0,0,0),(2651,4475,1,8,1,NULL,NULL,NULL,0,'Thor',1,3,0,NULL,1,0,0,0,0,0,0),(2652,4475,1,8,1,NULL,NULL,NULL,0,'Thor',1,3,0,NULL,1,0,0,0,0,0,0),(2653,4475,1,8,1,NULL,NULL,NULL,0,'Thor',1,3,0,NULL,1,0,0,0,0,0,0),(2654,4475,1,8,1,NULL,NULL,NULL,0,'Thor',1,3,0,NULL,1,0,0,0,0,0,0),(2655,4475,1,8,1,NULL,NULL,NULL,0,'Thor',1,3,0,NULL,1,0,0,0,0,0,0),(2656,4475,1,8,1,NULL,NULL,NULL,0,'Thor',1,3,0,NULL,1,0,0,0,0,0,0),(2657,4475,1,8,1,NULL,NULL,NULL,0,'Thor',0,3,0,NULL,1,0,0,0,0,0,0),(2658,4475,1,8,1,NULL,NULL,NULL,0,'Thor',1,3,0,NULL,1,0,0,0,0,0,0),(2659,4475,1,8,1,NULL,NULL,NULL,0,'Thor',0,3,0,NULL,1,0,0,0,0,0,0),(2660,4475,1,8,1,NULL,NULL,NULL,0,'Thor',0,3,0,NULL,1,0,0,0,0,0,0),(2661,4475,1,8,1,NULL,NULL,NULL,0,'Thor',1,3,0,NULL,1,0,0,0,0,0,0),(2662,2812,1,8,1,NULL,NULL,NULL,0,'Dirac',0,3,0,NULL,1,0,0,0,0,0,0),(2663,2812,1,8,1,NULL,NULL,NULL,0,'Dirac',0,3,0,NULL,1,0,0,0,0,0,0),(2664,2812,1,8,1,NULL,NULL,NULL,0,'Dirac',0,3,0,NULL,1,0,0,0,0,0,0),(2665,2812,1,8,1,NULL,NULL,NULL,0,'Dirac',1,3,0,NULL,1,0,0,0,0,0,0),(2666,2812,1,8,1,NULL,NULL,NULL,0,'Dirac',0,3,0,NULL,1,0,0,0,0,0,0),(2667,2812,1,8,1,NULL,NULL,NULL,0,'Dirac',0,3,0,NULL,1,0,0,0,0,0,0),(2668,2812,1,8,1,NULL,NULL,NULL,0,'Dirac',1,3,0,NULL,1,0,0,0,0,0,0),(2669,2812,1,8,1,NULL,NULL,NULL,0,'Dirac',0,3,0,NULL,1,0,0,0,0,0,0),(2670,2812,1,8,1,NULL,NULL,NULL,0,'Dirac',1,3,0,NULL,1,0,0,0,0,0,0),(2671,2812,1,8,1,NULL,NULL,NULL,0,'Dirac',1,3,0,NULL,1,0,0,0,0,0,0),(2672,2812,1,8,1,NULL,NULL,NULL,0,'Dirac',0,3,0,NULL,1,0,0,0,0,0,0),(2673,2812,1,8,1,NULL,NULL,NULL,0,'Dirac',0,3,0,NULL,1,0,0,0,0,0,0),(2674,2812,1,8,1,NULL,NULL,NULL,0,'Dirac',1,3,0,NULL,1,0,0,0,0,0,0),(2675,26875,1,8,1,NULL,NULL,NULL,0,'Demosis',0,2,210,NULL,1,0,0,0,0,0,0),(2676,26875,1,8,1,NULL,NULL,NULL,0,'Demosis',0,2,210,NULL,1,0,0,0,0,0,0),(2677,4475,1,8,1,NULL,NULL,NULL,0,'Thor',0,2,210,NULL,1,0,0,0,0,0,0),(2678,4475,1,8,1,NULL,NULL,NULL,0,'Thor',0,2,210,NULL,1,0,0,0,0,0,0),(2679,4475,1,8,1,NULL,NULL,NULL,0,'Thor',1,2,210,NULL,1,0,0,0,0,0,0),(2680,2812,1,8,1,NULL,NULL,NULL,0,'Dirac',1,2,210,NULL,1,0,0,0,0,0,0),(2681,2812,1,8,1,NULL,NULL,NULL,0,'Dirac',0,2,210,NULL,1,0,0,0,0,0,0),(2682,2812,1,8,1,NULL,NULL,NULL,0,'Dirac',1,2,210,NULL,1,0,0,0,0,0,0),(2683,2812,1,8,1,NULL,NULL,NULL,0,'Dirac',1,2,210,NULL,1,0,0,0,0,0,0),(2684,2812,1,8,1,NULL,NULL,NULL,0,'Dirac',1,2,210,NULL,1,0,0,0,0,0,0),(2685,2812,1,8,1,NULL,NULL,NULL,0,'Dirac',1,2,210,NULL,1,0,0,0,0,0,0),(2686,2812,1,8,1,NULL,NULL,NULL,0,'Dirac',1,2,210,NULL,1,0,0,0,0,0,0),(2687,2812,1,8,1,NULL,NULL,NULL,0,'Dirac',0,2,210,NULL,1,0,0,0,0,0,0),(2688,2812,1,8,1,NULL,NULL,NULL,0,'Dirac',0,2,210,NULL,1,0,0,0,0,0,0),(2689,2812,1,8,1,NULL,NULL,NULL,0,'Dirac',0,2,210,NULL,1,0,0,0,0,0,0),(2690,2812,1,8,1,NULL,NULL,NULL,0,'Dirac',0,2,210,NULL,1,0,0,0,0,0,0),(2691,2812,1,8,1,NULL,NULL,NULL,0,'Dirac',0,2,210,NULL,1,0,0,0,0,0,0),(2692,2812,1,8,1,NULL,NULL,NULL,0,'Dirac',0,2,210,NULL,1,0,0,0,0,0,0),(2693,2812,1,8,1,NULL,NULL,NULL,0,'Dirac',1,2,210,NULL,1,0,0,0,0,0,0),(2694,4475,1,8,1,NULL,NULL,NULL,0,'Thor',1,2,330,NULL,1,0,0,0,0,0,0),(2695,4475,1,8,1,NULL,NULL,NULL,0,'Thor',1,2,330,NULL,1,0,0,0,0,0,0),(2696,2812,1,8,1,NULL,NULL,NULL,0,'Dirac',0,2,330,NULL,1,0,0,0,0,0,0),(2697,2812,1,8,1,NULL,NULL,NULL,0,'Dirac',1,2,330,NULL,1,0,0,0,0,0,0),(2698,2812,1,8,1,NULL,NULL,NULL,0,'Dirac',1,2,330,NULL,1,0,0,0,0,0,0),(2699,2812,1,8,1,NULL,NULL,NULL,0,'Dirac',0,2,330,NULL,1,0,0,0,0,0,0),(2700,2812,1,8,1,NULL,NULL,NULL,0,'Dirac',1,2,330,NULL,1,0,0,0,0,0,0),(2701,2812,1,8,1,NULL,NULL,NULL,0,'Dirac',1,2,330,NULL,1,0,0,0,0,0,0),(2702,2812,1,8,1,NULL,NULL,NULL,0,'Dirac',0,2,330,NULL,1,0,0,0,0,0,0),(2703,2812,1,8,1,NULL,NULL,NULL,0,'Dirac',1,2,330,NULL,1,0,0,0,0,0,0),(2704,2812,1,8,1,NULL,NULL,NULL,0,'Dirac',0,2,330,NULL,1,0,0,0,0,0,0),(2705,26875,1,8,1,NULL,NULL,NULL,0,'Demosis',0,1,180,NULL,1,0,0,0,0,0,0),(2706,26875,1,8,1,NULL,NULL,NULL,0,'Demosis',0,1,180,NULL,1,0,0,0,0,0,0),(2707,26875,1,8,1,NULL,NULL,NULL,0,'Demosis',0,1,180,NULL,1,0,0,0,0,0,0),(2708,4475,1,8,1,NULL,NULL,NULL,0,'Thor',0,1,180,NULL,1,0,0,0,0,0,0),(2709,4475,1,8,1,NULL,NULL,NULL,0,'Thor',0,1,180,NULL,1,0,0,0,0,0,0),(2710,4475,1,8,1,NULL,NULL,NULL,0,'Thor',1,1,180,NULL,1,0,0,0,0,0,0),(2711,4475,1,8,1,NULL,NULL,NULL,0,'Thor',1,1,180,NULL,1,0,0,0,0,0,0),(2712,4475,1,8,1,NULL,NULL,NULL,0,'Thor',0,1,180,NULL,1,0,0,0,0,0,0),(2713,4475,1,8,1,NULL,NULL,NULL,0,'Thor',1,1,180,NULL,1,0,0,0,0,0,0),(2714,4475,1,8,1,NULL,NULL,NULL,0,'Thor',0,1,180,NULL,1,0,0,0,0,0,0),(2715,4475,1,8,1,NULL,NULL,NULL,0,'Thor',1,1,180,NULL,1,0,0,0,0,0,0),(2716,4475,1,8,1,NULL,NULL,NULL,0,'Thor',0,1,180,NULL,1,0,0,0,0,0,0),(2717,2812,1,8,1,NULL,NULL,NULL,0,'Dirac',1,1,180,NULL,1,0,0,0,0,0,0),(2718,2812,1,8,1,NULL,NULL,NULL,0,'Dirac',1,1,180,NULL,1,0,0,0,0,0,0),(2719,2812,1,8,1,NULL,NULL,NULL,0,'Dirac',1,1,180,NULL,1,0,0,0,0,0,0),(2720,2812,1,8,1,NULL,NULL,NULL,0,'Dirac',1,1,180,NULL,1,0,0,0,0,0,0),(2721,2812,1,8,1,NULL,NULL,NULL,0,'Dirac',0,1,180,NULL,1,0,0,0,0,0,0),(2722,2812,1,8,1,NULL,NULL,NULL,0,'Dirac',1,1,180,NULL,1,0,0,0,0,0,0),(2723,2812,1,8,1,NULL,NULL,NULL,0,'Dirac',0,1,180,NULL,1,0,0,0,0,0,0),(2724,2812,1,8,1,NULL,NULL,NULL,0,'Dirac',1,1,180,NULL,1,0,0,0,0,0,0),(2725,2812,1,8,1,NULL,NULL,NULL,0,'Dirac',1,1,180,NULL,1,0,0,0,0,0,0),(2726,2812,1,8,1,NULL,NULL,NULL,0,'Dirac',1,1,180,NULL,1,0,0,0,0,0,0),(2727,2812,1,8,1,NULL,NULL,NULL,0,'Dirac',1,1,180,NULL,1,0,0,0,0,0,0),(2728,2812,1,8,1,NULL,NULL,NULL,0,'Dirac',1,1,180,NULL,1,0,0,0,0,0,0),(2729,2812,1,8,1,NULL,NULL,NULL,0,'Dirac',0,1,180,NULL,1,0,0,0,0,0,0),(2730,90,1,130,4,NULL,NULL,NULL,0,'Glancer',1,NULL,NULL,NULL,1,0,0,0,0,0,0),(2731,90,1,130,4,NULL,NULL,NULL,0,'Glancer',1,NULL,NULL,NULL,1,0,0,0,0,0,0),(2732,90,1,130,4,NULL,NULL,NULL,0,'Glancer',1,NULL,NULL,NULL,1,0,0,0,0,0,0),(2733,90,1,130,4,NULL,NULL,NULL,0,'Glancer',1,NULL,NULL,NULL,1,0,0,0,0,0,0),(2734,125,1,130,4,NULL,NULL,NULL,0,'Gnat',0,NULL,NULL,NULL,1,0,0,0,0,0,0),(2735,125,1,130,4,NULL,NULL,NULL,0,'Gnat',0,NULL,NULL,NULL,1,0,0,0,0,0,0),(2736,125,1,130,4,NULL,NULL,NULL,0,'Gnat',0,NULL,NULL,NULL,1,0,0,0,0,0,0),(2737,125,1,130,4,NULL,NULL,NULL,0,'Gnat',0,NULL,NULL,NULL,1,0,0,0,0,0,0),(2738,125,1,130,4,NULL,NULL,NULL,0,'Gnat',1,NULL,NULL,NULL,1,0,0,0,0,0,0),(2739,125,1,130,4,NULL,NULL,NULL,0,'Gnat',1,NULL,NULL,NULL,1,0,0,0,0,0,0),(2740,125,1,130,4,NULL,NULL,NULL,0,'Gnat',1,NULL,NULL,NULL,1,0,0,0,0,0,0),(2741,90,1,131,4,NULL,NULL,NULL,0,'Glancer',1,NULL,NULL,NULL,1,0,0,0,0,0,0),(2742,90,1,131,4,NULL,NULL,NULL,0,'Glancer',1,NULL,NULL,NULL,1,0,0,0,0,0,0),(2743,125,1,131,4,NULL,NULL,NULL,0,'Gnat',0,NULL,NULL,NULL,1,0,0,0,0,0,0),(2744,125,1,131,4,NULL,NULL,NULL,0,'Gnat',0,NULL,NULL,NULL,1,0,0,0,0,0,0),(2745,125,1,131,4,NULL,NULL,NULL,0,'Gnat',0,NULL,NULL,NULL,1,0,0,0,0,0,0),(2746,125,1,131,4,NULL,NULL,NULL,0,'Gnat',0,NULL,NULL,NULL,1,0,0,0,0,0,0),(2747,125,1,131,4,NULL,NULL,NULL,0,'Gnat',1,NULL,NULL,NULL,1,0,0,0,0,0,0),(2748,125,1,131,4,NULL,NULL,NULL,0,'Gnat',1,NULL,NULL,NULL,1,0,0,0,0,0,0),(2749,125,1,131,4,NULL,NULL,NULL,0,'Gnat',0,NULL,NULL,NULL,1,0,0,0,0,0,0),(2750,125,1,131,4,NULL,NULL,NULL,0,'Gnat',1,NULL,NULL,NULL,1,0,0,0,0,0,0),(2751,900,1,132,4,NULL,NULL,NULL,0,'Gnawer',0,NULL,NULL,NULL,1,0,0,0,0,0,0),(2752,500,1,132,4,NULL,NULL,NULL,0,'Spudder',0,NULL,NULL,NULL,1,0,0,0,0,0,0),(2753,500,1,132,4,NULL,NULL,NULL,0,'Spudder',1,NULL,NULL,NULL,1,0,0,0,0,0,0),(2754,500,1,132,4,NULL,NULL,NULL,0,'Spudder',0,NULL,NULL,NULL,1,0,0,0,0,0,0),(2755,500,1,132,4,NULL,NULL,NULL,0,'Spudder',0,NULL,NULL,NULL,1,0,0,0,0,0,0),(2756,90,1,132,4,NULL,NULL,NULL,0,'Glancer',1,NULL,NULL,NULL,1,0,0,0,0,0,0),(2757,90,1,132,4,NULL,NULL,NULL,0,'Glancer',1,NULL,NULL,NULL,1,0,0,0,0,0,0),(2758,125,1,132,4,NULL,NULL,NULL,0,'Gnat',1,NULL,NULL,NULL,1,0,0,0,0,0,0),(2759,90,1,132,4,NULL,NULL,NULL,0,'Glancer',1,NULL,NULL,NULL,1,0,0,0,0,0,0),(2760,90,1,132,4,NULL,NULL,NULL,0,'Glancer',1,NULL,NULL,NULL,1,0,0,0,0,0,0),(2761,90,1,132,4,NULL,NULL,NULL,0,'Glancer',1,NULL,NULL,NULL,1,0,0,0,0,0,0),(2762,90,1,132,4,NULL,NULL,NULL,0,'Glancer',1,NULL,NULL,NULL,1,0,0,0,0,0,0),(2763,90,1,132,4,NULL,NULL,NULL,0,'Glancer',1,NULL,NULL,NULL,1,0,0,0,0,0,0),(2764,90,1,132,4,NULL,NULL,NULL,0,'Glancer',1,NULL,NULL,NULL,1,0,0,0,0,0,0),(2765,125,1,132,4,NULL,NULL,NULL,0,'Gnat',0,NULL,NULL,NULL,1,0,0,0,0,0,0),(2766,125,1,132,4,NULL,NULL,NULL,0,'Gnat',0,NULL,NULL,NULL,1,0,0,0,0,0,0),(2767,125,1,132,4,NULL,NULL,NULL,0,'Gnat',0,NULL,NULL,NULL,1,0,0,0,0,0,0),(2768,125,1,132,4,NULL,NULL,NULL,0,'Gnat',0,NULL,NULL,NULL,1,0,0,0,0,0,0),(2769,125,1,132,4,NULL,NULL,NULL,0,'Gnat',1,NULL,NULL,NULL,1,0,0,0,0,0,0),(2770,125,1,132,4,NULL,NULL,NULL,0,'Gnat',1,NULL,NULL,NULL,1,0,0,0,0,0,0),(2771,125,1,132,4,NULL,NULL,NULL,0,'Gnat',1,NULL,NULL,NULL,1,0,0,0,0,0,0),(2772,500,1,133,4,NULL,NULL,NULL,0,'Spudder',0,NULL,NULL,NULL,1,0,0,0,0,0,0),(2773,500,1,133,4,NULL,NULL,NULL,0,'Spudder',0,NULL,NULL,NULL,1,0,0,0,0,0,0),(2774,90,1,133,4,NULL,NULL,NULL,0,'Glancer',1,NULL,NULL,NULL,1,0,0,0,0,0,0),(2775,90,1,133,4,NULL,NULL,NULL,0,'Glancer',1,NULL,NULL,NULL,1,0,0,0,0,0,0),(2776,125,1,133,4,NULL,NULL,NULL,0,'Gnat',0,NULL,NULL,NULL,1,0,0,0,0,0,0),(2777,125,1,133,4,NULL,NULL,NULL,0,'Gnat',0,NULL,NULL,NULL,1,0,0,0,0,0,0),(2778,90,1,133,4,NULL,NULL,NULL,0,'Glancer',1,NULL,NULL,NULL,1,0,0,0,0,0,0),(2779,90,1,133,4,NULL,NULL,NULL,0,'Glancer',1,NULL,NULL,NULL,1,0,0,0,0,0,0),(2780,90,1,133,4,NULL,NULL,NULL,0,'Glancer',1,NULL,NULL,NULL,1,0,0,0,0,0,0),(2781,90,1,133,4,NULL,NULL,NULL,0,'Glancer',1,NULL,NULL,NULL,1,0,0,0,0,0,0),(2782,90,1,133,4,NULL,NULL,NULL,0,'Glancer',1,NULL,NULL,NULL,1,0,0,0,0,0,0),(2783,90,1,133,4,NULL,NULL,NULL,0,'Glancer',1,NULL,NULL,NULL,1,0,0,0,0,0,0),(2784,125,1,133,4,NULL,NULL,NULL,0,'Gnat',0,NULL,NULL,NULL,1,0,0,0,0,0,0),(2785,125,1,133,4,NULL,NULL,NULL,0,'Gnat',0,NULL,NULL,NULL,1,0,0,0,0,0,0),(2786,125,1,133,4,NULL,NULL,NULL,0,'Gnat',0,NULL,NULL,NULL,1,0,0,0,0,0,0),(2787,125,1,133,4,NULL,NULL,NULL,0,'Gnat',0,NULL,NULL,NULL,1,0,0,0,0,0,0),(2788,125,1,133,4,NULL,NULL,NULL,0,'Gnat',1,NULL,NULL,NULL,1,0,0,0,0,0,0),(2789,125,1,133,4,NULL,NULL,NULL,0,'Gnat',1,NULL,NULL,NULL,1,0,0,0,0,0,0),(2790,125,1,133,4,NULL,NULL,NULL,0,'Gnat',0,NULL,NULL,NULL,1,0,0,0,0,0,0),(2791,125,1,133,4,NULL,NULL,NULL,0,'Gnat',1,NULL,NULL,NULL,1,0,0,0,0,0,0),(2792,500,1,134,4,NULL,NULL,NULL,0,'Spudder',0,NULL,NULL,NULL,1,0,0,0,0,0,0),(2793,500,1,134,4,NULL,NULL,NULL,0,'Spudder',0,NULL,NULL,NULL,1,0,0,0,0,0,0),(2794,90,1,134,4,NULL,NULL,NULL,0,'Glancer',1,NULL,NULL,NULL,1,0,0,0,0,0,0),(2795,90,1,134,4,NULL,NULL,NULL,0,'Glancer',1,NULL,NULL,NULL,1,0,0,0,0,0,0),(2796,125,1,134,4,NULL,NULL,NULL,0,'Gnat',0,NULL,NULL,NULL,1,0,0,0,0,0,0),(2797,125,1,134,4,NULL,NULL,NULL,0,'Gnat',0,NULL,NULL,NULL,1,0,0,0,0,0,0),(2798,125,1,134,4,NULL,NULL,NULL,0,'Gnat',1,NULL,NULL,NULL,1,0,0,0,0,0,0),(2799,125,1,134,4,NULL,NULL,NULL,0,'Gnat',0,NULL,NULL,NULL,1,0,0,0,0,0,0),(2800,90,1,134,4,NULL,NULL,NULL,0,'Glancer',1,NULL,NULL,NULL,1,0,0,0,0,0,0),(2801,90,1,134,4,NULL,NULL,NULL,0,'Glancer',1,NULL,NULL,NULL,1,0,0,0,0,0,0),(2802,90,1,134,4,NULL,NULL,NULL,0,'Glancer',1,NULL,NULL,NULL,1,0,0,0,0,0,0),(2803,90,1,134,4,NULL,NULL,NULL,0,'Glancer',1,NULL,NULL,NULL,1,0,0,0,0,0,0),(2804,90,1,134,4,NULL,NULL,NULL,0,'Glancer',1,NULL,NULL,NULL,1,0,0,0,0,0,0),(2805,90,1,134,4,NULL,NULL,NULL,0,'Glancer',1,NULL,NULL,NULL,1,0,0,0,0,0,0),(2806,125,1,134,4,NULL,NULL,NULL,0,'Gnat',0,NULL,NULL,NULL,1,0,0,0,0,0,0),(2807,125,1,134,4,NULL,NULL,NULL,0,'Gnat',0,NULL,NULL,NULL,1,0,0,0,0,0,0),(2808,125,1,134,4,NULL,NULL,NULL,0,'Gnat',0,NULL,NULL,NULL,1,0,0,0,0,0,0),(2809,125,1,134,4,NULL,NULL,NULL,0,'Gnat',0,NULL,NULL,NULL,1,0,0,0,0,0,0),(2810,125,1,134,4,NULL,NULL,NULL,0,'Gnat',1,NULL,NULL,NULL,1,0,0,0,0,0,0),(2811,125,1,134,4,NULL,NULL,NULL,0,'Gnat',1,NULL,NULL,NULL,1,0,0,0,0,0,0),(2812,125,1,134,4,NULL,NULL,NULL,0,'Gnat',0,NULL,NULL,NULL,1,0,0,0,0,0,0),(2813,125,1,134,4,NULL,NULL,NULL,0,'Gnat',1,NULL,NULL,NULL,1,0,0,0,0,0,0),(2814,500,1,135,4,NULL,NULL,NULL,0,'Spudder',0,NULL,NULL,NULL,1,0,0,0,0,0,0),(2815,500,1,135,4,NULL,NULL,NULL,0,'Spudder',0,NULL,NULL,NULL,1,0,0,0,0,0,0),(2816,90,1,135,4,NULL,NULL,NULL,0,'Glancer',1,NULL,NULL,NULL,1,0,0,0,0,0,0),(2817,90,1,135,4,NULL,NULL,NULL,0,'Glancer',1,NULL,NULL,NULL,1,0,0,0,0,0,0),(2818,125,1,135,4,NULL,NULL,NULL,0,'Gnat',0,NULL,NULL,NULL,1,0,0,0,0,0,0),(2819,125,1,135,4,NULL,NULL,NULL,0,'Gnat',1,NULL,NULL,NULL,1,0,0,0,0,0,0),(2820,90,1,135,4,NULL,NULL,NULL,0,'Glancer',1,NULL,NULL,NULL,1,0,0,0,0,0,0),(2821,90,1,135,4,NULL,NULL,NULL,0,'Glancer',1,NULL,NULL,NULL,1,0,0,0,0,0,0),(2822,90,1,135,4,NULL,NULL,NULL,0,'Glancer',1,NULL,NULL,NULL,1,0,0,0,0,0,0),(2823,90,1,135,4,NULL,NULL,NULL,0,'Glancer',1,NULL,NULL,NULL,1,0,0,0,0,0,0),(2824,90,1,135,4,NULL,NULL,NULL,0,'Glancer',1,NULL,NULL,NULL,1,0,0,0,0,0,0),(2825,125,1,135,4,NULL,NULL,NULL,0,'Gnat',0,NULL,NULL,NULL,1,0,0,0,0,0,0),(2826,125,1,135,4,NULL,NULL,NULL,0,'Gnat',0,NULL,NULL,NULL,1,0,0,0,0,0,0),(2827,125,1,135,4,NULL,NULL,NULL,0,'Gnat',0,NULL,NULL,NULL,1,0,0,0,0,0,0),(2828,125,1,135,4,NULL,NULL,NULL,0,'Gnat',0,NULL,NULL,NULL,1,0,0,0,0,0,0),(2829,125,1,135,4,NULL,NULL,NULL,0,'Gnat',1,NULL,NULL,NULL,1,0,0,0,0,0,0),(2830,125,1,135,4,NULL,NULL,NULL,0,'Gnat',1,NULL,NULL,NULL,1,0,0,0,0,0,0),(2831,125,1,135,4,NULL,NULL,NULL,0,'Gnat',0,NULL,NULL,NULL,1,0,0,0,0,0,0),(2832,125,1,135,4,NULL,NULL,NULL,0,'Gnat',0,NULL,NULL,NULL,1,0,0,0,0,0,0),(2833,125,1,135,4,NULL,NULL,NULL,0,'Gnat',1,NULL,NULL,NULL,1,0,0,0,0,0,0),(2834,900,1,136,4,NULL,NULL,NULL,0,'Gnawer',0,NULL,NULL,NULL,1,0,0,0,0,0,0),(2835,900,1,136,4,NULL,NULL,NULL,0,'Gnawer',0,NULL,NULL,NULL,1,0,0,0,0,0,0),(2836,900,1,136,4,NULL,NULL,NULL,0,'Gnawer',0,NULL,NULL,NULL,1,0,0,0,0,0,0),(2837,900,1,136,4,NULL,NULL,NULL,0,'Gnawer',0,NULL,NULL,NULL,1,0,0,0,0,0,0),(2838,900,1,136,4,NULL,NULL,NULL,0,'Gnawer',0,NULL,NULL,NULL,1,0,0,0,0,0,0),(2839,500,1,136,4,NULL,NULL,NULL,0,'Spudder',0,NULL,NULL,NULL,1,0,0,0,0,0,0),(2840,900,1,136,4,NULL,NULL,NULL,0,'Gnawer',0,NULL,NULL,NULL,1,0,0,0,0,0,0),(2841,500,1,136,4,NULL,NULL,NULL,0,'Spudder',1,NULL,NULL,NULL,1,0,0,0,0,0,0),(2842,500,1,136,4,NULL,NULL,NULL,0,'Spudder',0,NULL,NULL,NULL,1,0,0,0,0,0,0),(2843,90,1,136,4,NULL,NULL,NULL,0,'Glancer',1,NULL,NULL,NULL,1,0,0,0,0,0,0),(2844,90,1,136,4,NULL,NULL,NULL,0,'Glancer',1,NULL,NULL,NULL,1,0,0,0,0,0,0),(2845,125,1,136,4,NULL,NULL,NULL,0,'Gnat',0,NULL,NULL,NULL,1,0,0,0,0,0,0),(2846,125,1,136,4,NULL,NULL,NULL,0,'Gnat',0,NULL,NULL,NULL,1,0,0,0,0,0,0),(2847,90,1,136,4,NULL,NULL,NULL,0,'Glancer',1,NULL,NULL,NULL,1,0,0,0,0,0,0),(2848,90,1,136,4,NULL,NULL,NULL,0,'Glancer',1,NULL,NULL,NULL,1,0,0,0,0,0,0),(2849,90,1,136,4,NULL,NULL,NULL,0,'Glancer',1,NULL,NULL,NULL,1,0,0,0,0,0,0),(2850,90,1,136,4,NULL,NULL,NULL,0,'Glancer',1,NULL,NULL,NULL,1,0,0,0,0,0,0),(2851,90,1,136,4,NULL,NULL,NULL,0,'Glancer',1,NULL,NULL,NULL,1,0,0,0,0,0,0),(2852,90,1,136,4,NULL,NULL,NULL,0,'Glancer',1,NULL,NULL,NULL,1,0,0,0,0,0,0),(2853,125,1,136,4,NULL,NULL,NULL,0,'Gnat',0,NULL,NULL,NULL,1,0,0,0,0,0,0),(2854,125,1,136,4,NULL,NULL,NULL,0,'Gnat',0,NULL,NULL,NULL,1,0,0,0,0,0,0),(2855,125,1,136,4,NULL,NULL,NULL,0,'Gnat',0,NULL,NULL,NULL,1,0,0,0,0,0,0),(2856,125,1,136,4,NULL,NULL,NULL,0,'Gnat',0,NULL,NULL,NULL,1,0,0,0,0,0,0),(2857,125,1,136,4,NULL,NULL,NULL,0,'Gnat',1,NULL,NULL,NULL,1,0,0,0,0,0,0),(2858,125,1,136,4,NULL,NULL,NULL,0,'Gnat',1,NULL,NULL,NULL,1,0,0,0,0,0,0),(2859,125,1,136,4,NULL,NULL,NULL,0,'Gnat',0,NULL,NULL,NULL,1,0,0,0,0,0,0),(2860,125,1,136,4,NULL,NULL,NULL,0,'Gnat',1,NULL,NULL,NULL,1,0,0,0,0,0,0),(2861,125,1,136,4,NULL,NULL,NULL,0,'Gnat',1,NULL,NULL,NULL,1,0,0,0,0,0,0),(2862,900,1,137,4,NULL,NULL,NULL,0,'Gnawer',0,NULL,NULL,NULL,1,0,0,0,0,0,0),(2863,900,1,137,4,NULL,NULL,NULL,0,'Gnawer',0,NULL,NULL,NULL,1,0,0,0,0,0,0),(2864,500,1,137,4,NULL,NULL,NULL,0,'Spudder',0,NULL,NULL,NULL,1,0,0,0,0,0,0),(2865,500,1,137,4,NULL,NULL,NULL,0,'Spudder',1,NULL,NULL,NULL,1,0,0,0,0,0,0),(2866,500,1,137,4,NULL,NULL,NULL,0,'Spudder',0,NULL,NULL,NULL,1,0,0,0,0,0,0),(2867,500,1,137,4,NULL,NULL,NULL,0,'Spudder',0,NULL,NULL,NULL,1,0,0,0,0,0,0),(2868,90,1,137,4,NULL,NULL,NULL,0,'Glancer',1,NULL,NULL,NULL,1,0,0,0,0,0,0),(2869,90,1,137,4,NULL,NULL,NULL,0,'Glancer',1,NULL,NULL,NULL,1,0,0,0,0,0,0),(2870,125,1,137,4,NULL,NULL,NULL,0,'Gnat',1,NULL,NULL,NULL,1,0,0,0,0,0,0),(2871,125,1,137,4,NULL,NULL,NULL,0,'Gnat',0,NULL,NULL,NULL,1,0,0,0,0,0,0),(2872,90,1,137,4,NULL,NULL,NULL,0,'Glancer',1,NULL,NULL,NULL,1,0,0,0,0,0,0),(2873,90,1,137,4,NULL,NULL,NULL,0,'Glancer',1,NULL,NULL,NULL,1,0,0,0,0,0,0),(2874,90,1,137,4,NULL,NULL,NULL,0,'Glancer',1,NULL,NULL,NULL,1,0,0,0,0,0,0),(2875,90,1,137,4,NULL,NULL,NULL,0,'Glancer',1,NULL,NULL,NULL,1,0,0,0,0,0,0),(2876,90,1,137,4,NULL,NULL,NULL,0,'Glancer',1,NULL,NULL,NULL,1,0,0,0,0,0,0),(2877,90,1,137,4,NULL,NULL,NULL,0,'Glancer',1,NULL,NULL,NULL,1,0,0,0,0,0,0),(2878,125,1,137,4,NULL,NULL,NULL,0,'Gnat',0,NULL,NULL,NULL,1,0,0,0,0,0,0),(2879,125,1,137,4,NULL,NULL,NULL,0,'Gnat',0,NULL,NULL,NULL,1,0,0,0,0,0,0),(2880,125,1,137,4,NULL,NULL,NULL,0,'Gnat',0,NULL,NULL,NULL,1,0,0,0,0,0,0),(2881,125,1,137,4,NULL,NULL,NULL,0,'Gnat',0,NULL,NULL,NULL,1,0,0,0,0,0,0),(2882,125,1,137,4,NULL,NULL,NULL,0,'Gnat',1,NULL,NULL,NULL,1,0,0,0,0,0,0),(2883,125,1,137,4,NULL,NULL,NULL,0,'Gnat',1,NULL,NULL,NULL,1,0,0,0,0,0,0),(2884,125,1,137,4,NULL,NULL,NULL,0,'Gnat',0,NULL,NULL,NULL,1,0,0,0,0,0,0),(2885,125,1,137,4,NULL,NULL,NULL,0,'Gnat',0,NULL,NULL,NULL,1,0,0,0,0,0,0),(2886,125,1,137,4,NULL,NULL,NULL,0,'Gnat',0,NULL,NULL,NULL,1,0,0,0,0,0,0),(2887,900,1,138,4,NULL,NULL,NULL,0,'Gnawer',0,NULL,NULL,NULL,1,0,0,0,0,0,0),(2888,500,1,138,4,NULL,NULL,NULL,0,'Spudder',0,NULL,NULL,NULL,1,0,0,0,0,0,0),(2889,500,1,138,4,NULL,NULL,NULL,0,'Spudder',0,NULL,NULL,NULL,1,0,0,0,0,0,0),(2890,500,1,138,4,NULL,NULL,NULL,0,'Spudder',1,NULL,NULL,NULL,1,0,0,0,0,0,0),(2891,500,1,138,4,NULL,NULL,NULL,0,'Spudder',0,NULL,NULL,NULL,1,0,0,0,0,0,0),(2892,500,1,138,4,NULL,NULL,NULL,0,'Spudder',0,NULL,NULL,NULL,1,0,0,0,0,0,0),(2893,90,1,138,4,NULL,NULL,NULL,0,'Glancer',1,NULL,NULL,NULL,1,0,0,0,0,0,0),(2894,90,1,138,4,NULL,NULL,NULL,0,'Glancer',1,NULL,NULL,NULL,1,0,0,0,0,0,0),(2895,125,1,138,4,NULL,NULL,NULL,0,'Gnat',1,NULL,NULL,NULL,1,0,0,0,0,0,0),(2896,125,1,138,4,NULL,NULL,NULL,0,'Gnat',0,NULL,NULL,NULL,1,0,0,0,0,0,0),(2897,125,1,138,4,NULL,NULL,NULL,0,'Gnat',0,NULL,NULL,NULL,1,0,0,0,0,0,0),(2898,90,1,138,4,NULL,NULL,NULL,0,'Glancer',1,NULL,NULL,NULL,1,0,0,0,0,0,0),(2899,90,1,138,4,NULL,NULL,NULL,0,'Glancer',1,NULL,NULL,NULL,1,0,0,0,0,0,0),(2900,90,1,138,4,NULL,NULL,NULL,0,'Glancer',1,NULL,NULL,NULL,1,0,0,0,0,0,0),(2901,90,1,138,4,NULL,NULL,NULL,0,'Glancer',1,NULL,NULL,NULL,1,0,0,0,0,0,0),(2902,90,1,138,4,NULL,NULL,NULL,0,'Glancer',1,NULL,NULL,NULL,1,0,0,0,0,0,0),(2903,125,1,138,4,NULL,NULL,NULL,0,'Gnat',0,NULL,NULL,NULL,1,0,0,0,0,0,0),(2904,125,1,138,4,NULL,NULL,NULL,0,'Gnat',0,NULL,NULL,NULL,1,0,0,0,0,0,0),(2905,125,1,138,4,NULL,NULL,NULL,0,'Gnat',0,NULL,NULL,NULL,1,0,0,0,0,0,0),(2906,125,1,138,4,NULL,NULL,NULL,0,'Gnat',0,NULL,NULL,NULL,1,0,0,0,0,0,0),(2907,125,1,138,4,NULL,NULL,NULL,0,'Gnat',1,NULL,NULL,NULL,1,0,0,0,0,0,0),(2908,125,1,138,4,NULL,NULL,NULL,0,'Gnat',1,NULL,NULL,NULL,1,0,0,0,0,0,0),(2909,90,1,139,4,NULL,NULL,NULL,0,'Glancer',1,NULL,NULL,NULL,1,0,0,0,0,0,0),(2910,90,1,139,4,NULL,NULL,NULL,0,'Glancer',1,NULL,NULL,NULL,1,0,0,0,0,0,0),(2911,125,1,139,4,NULL,NULL,NULL,0,'Gnat',0,NULL,NULL,NULL,1,0,0,0,0,0,0),(2912,125,1,139,4,NULL,NULL,NULL,0,'Gnat',0,NULL,NULL,NULL,1,0,0,0,0,0,0),(2913,90,1,139,4,NULL,NULL,NULL,0,'Glancer',1,NULL,NULL,NULL,1,0,0,0,0,0,0),(2914,90,1,139,4,NULL,NULL,NULL,0,'Glancer',1,NULL,NULL,NULL,1,0,0,0,0,0,0),(2915,90,1,139,4,NULL,NULL,NULL,0,'Glancer',1,NULL,NULL,NULL,1,0,0,0,0,0,0),(2916,90,1,139,4,NULL,NULL,NULL,0,'Glancer',1,NULL,NULL,NULL,1,0,0,0,0,0,0),(2917,90,1,139,4,NULL,NULL,NULL,0,'Glancer',1,NULL,NULL,NULL,1,0,0,0,0,0,0),(2918,90,1,139,4,NULL,NULL,NULL,0,'Glancer',1,NULL,NULL,NULL,1,0,0,0,0,0,0),(2919,90,1,139,4,NULL,NULL,NULL,0,'Glancer',1,NULL,NULL,NULL,1,0,0,0,0,0,0),(2920,125,1,139,4,NULL,NULL,NULL,0,'Gnat',0,NULL,NULL,NULL,1,0,0,0,0,0,0),(2921,125,1,139,4,NULL,NULL,NULL,0,'Gnat',0,NULL,NULL,NULL,1,0,0,0,0,0,0),(2922,125,1,139,4,NULL,NULL,NULL,0,'Gnat',0,NULL,NULL,NULL,1,0,0,0,0,0,0),(2923,125,1,139,4,NULL,NULL,NULL,0,'Gnat',0,NULL,NULL,NULL,1,0,0,0,0,0,0),(2924,125,1,139,4,NULL,NULL,NULL,0,'Gnat',1,NULL,NULL,NULL,1,0,0,0,0,0,0),(2925,125,1,139,4,NULL,NULL,NULL,0,'Gnat',1,NULL,NULL,NULL,1,0,0,0,0,0,0),(2926,125,1,139,4,NULL,NULL,NULL,0,'Gnat',0,NULL,NULL,NULL,1,0,0,0,0,0,0),(2927,125,1,139,4,NULL,NULL,NULL,0,'Gnat',1,NULL,NULL,NULL,1,0,0,0,0,0,0),(2928,125,1,140,4,NULL,NULL,NULL,0,'Gnat',0,NULL,NULL,NULL,1,0,0,0,0,0,0),(2929,125,1,140,4,NULL,NULL,NULL,0,'Gnat',0,NULL,NULL,NULL,1,0,0,0,0,0,0),(2930,125,1,140,4,NULL,NULL,NULL,0,'Gnat',0,NULL,NULL,NULL,1,0,0,0,0,0,0),(2931,125,1,140,4,NULL,NULL,NULL,0,'Gnat',0,NULL,NULL,NULL,1,0,0,0,0,0,0),(2932,125,1,140,4,NULL,NULL,NULL,0,'Gnat',1,NULL,NULL,NULL,1,0,0,0,0,0,0),(2933,125,1,140,4,NULL,NULL,NULL,0,'Gnat',1,NULL,NULL,NULL,1,0,0,0,0,0,0),(2934,125,1,140,4,NULL,NULL,NULL,0,'Gnat',1,NULL,NULL,NULL,1,0,0,0,0,0,0),(2935,125,1,141,4,NULL,NULL,NULL,0,'Gnat',0,NULL,NULL,NULL,1,0,0,0,0,0,0),(2936,125,1,141,4,NULL,NULL,NULL,0,'Gnat',0,NULL,NULL,NULL,1,0,0,0,0,0,0),(2937,125,1,141,4,NULL,NULL,NULL,0,'Gnat',0,NULL,NULL,NULL,1,0,0,0,0,0,0),(2938,125,1,141,4,NULL,NULL,NULL,0,'Gnat',0,NULL,NULL,NULL,1,0,0,0,0,0,0),(2939,125,1,141,4,NULL,NULL,NULL,0,'Gnat',1,NULL,NULL,NULL,1,0,0,0,0,0,0),(2940,125,1,141,4,NULL,NULL,NULL,0,'Gnat',1,NULL,NULL,NULL,1,0,0,0,0,0,0),(2941,125,1,141,4,NULL,NULL,NULL,0,'Gnat',0,NULL,NULL,NULL,1,0,0,0,0,0,0),(2942,125,1,141,4,NULL,NULL,NULL,0,'Gnat',1,NULL,NULL,NULL,1,0,0,0,0,0,0),(2943,125,1,142,4,NULL,NULL,NULL,0,'Gnat',0,NULL,NULL,NULL,1,0,0,0,0,0,0),(2944,125,1,142,4,NULL,NULL,NULL,0,'Gnat',0,NULL,NULL,NULL,1,0,0,0,0,0,0),(2945,125,1,142,4,NULL,NULL,NULL,0,'Gnat',0,NULL,NULL,NULL,1,0,0,0,0,0,0),(2946,125,1,142,4,NULL,NULL,NULL,0,'Gnat',0,NULL,NULL,NULL,1,0,0,0,0,0,0),(2947,125,1,142,4,NULL,NULL,NULL,0,'Gnat',1,NULL,NULL,NULL,1,0,0,0,0,0,0),(2948,125,1,142,4,NULL,NULL,NULL,0,'Gnat',1,NULL,NULL,NULL,1,0,0,0,0,0,0),(2949,125,1,142,4,NULL,NULL,NULL,0,'Gnat',1,NULL,NULL,NULL,1,0,0,0,0,0,0),(2950,125,1,143,4,NULL,NULL,NULL,0,'Gnat',0,NULL,NULL,NULL,1,0,0,0,0,0,0),(2951,125,1,143,4,NULL,NULL,NULL,0,'Gnat',0,NULL,NULL,NULL,1,0,0,0,0,0,0),(2952,125,1,143,4,NULL,NULL,NULL,0,'Gnat',0,NULL,NULL,NULL,1,0,0,0,0,0,0),(2953,125,1,143,4,NULL,NULL,NULL,0,'Gnat',0,NULL,NULL,NULL,1,0,0,0,0,0,0),(2954,125,1,143,4,NULL,NULL,NULL,0,'Gnat',1,NULL,NULL,NULL,1,0,0,0,0,0,0),(2955,125,1,143,4,NULL,NULL,NULL,0,'Gnat',1,NULL,NULL,NULL,1,0,0,0,0,0,0),(2956,125,1,143,4,NULL,NULL,NULL,0,'Gnat',0,NULL,NULL,NULL,1,0,0,0,0,0,0),(2957,26875,1,8,1,NULL,NULL,NULL,0,'Demosis',0,0,270,NULL,1,0,0,0,0,0,0),(2958,26875,1,8,1,NULL,NULL,NULL,0,'Demosis',0,0,270,NULL,1,0,0,0,0,0,0),(2959,26875,1,8,1,NULL,NULL,NULL,0,'Demosis',0,0,270,NULL,1,0,0,0,0,0,0),(2960,26875,1,8,1,NULL,NULL,NULL,0,'Demosis',0,0,270,NULL,1,0,0,0,0,0,0),(2961,26875,1,8,1,NULL,NULL,NULL,0,'Demosis',0,0,270,NULL,1,0,0,0,0,0,0),(2962,4475,1,8,1,NULL,NULL,NULL,0,'Thor',1,0,270,NULL,1,0,0,0,0,0,0),(2963,4475,1,8,1,NULL,NULL,NULL,0,'Thor',0,0,270,NULL,1,0,0,0,0,0,0),(2964,4475,1,8,1,NULL,NULL,NULL,0,'Thor',1,0,270,NULL,1,0,0,0,0,0,0),(2965,4475,1,8,1,NULL,NULL,NULL,0,'Thor',1,0,270,NULL,1,0,0,0,0,0,0),(2966,4475,1,8,1,NULL,NULL,NULL,0,'Thor',1,0,270,NULL,1,0,0,0,0,0,0),(2967,4475,1,8,1,NULL,NULL,NULL,0,'Thor',1,0,270,NULL,1,0,0,0,0,0,0),(2968,4475,1,8,1,NULL,NULL,NULL,0,'Thor',0,0,270,NULL,1,0,0,0,0,0,0),(2969,4475,1,8,1,NULL,NULL,NULL,0,'Thor',1,0,270,NULL,1,0,0,0,0,0,0),(2970,4475,1,8,1,NULL,NULL,NULL,0,'Thor',1,0,270,NULL,1,0,0,0,0,0,0),(2971,2812,1,8,1,NULL,NULL,NULL,0,'Dirac',0,0,270,NULL,1,0,0,0,0,0,0),(2972,2812,1,8,1,NULL,NULL,NULL,0,'Dirac',0,0,270,NULL,1,0,0,0,0,0,0),(2973,2812,1,8,1,NULL,NULL,NULL,0,'Dirac',0,0,270,NULL,1,0,0,0,0,0,0),(2974,2812,1,8,1,NULL,NULL,NULL,0,'Dirac',1,0,270,NULL,1,0,0,0,0,0,0),(2975,2812,1,8,1,NULL,NULL,NULL,0,'Dirac',1,0,270,NULL,1,0,0,0,0,0,0),(2976,2812,1,8,1,NULL,NULL,NULL,0,'Dirac',0,0,270,NULL,1,0,0,0,0,0,0),(2977,2812,1,8,1,NULL,NULL,NULL,0,'Dirac',1,0,270,NULL,1,0,0,0,0,0,0),(2978,2812,1,8,1,NULL,NULL,NULL,0,'Dirac',0,0,270,NULL,1,0,0,0,0,0,0),(2979,2812,1,8,1,NULL,NULL,NULL,0,'Dirac',1,0,270,NULL,1,0,0,0,0,0,0),(2980,2812,1,8,1,NULL,NULL,NULL,0,'Dirac',0,0,270,NULL,1,0,0,0,0,0,0),(2981,90,1,144,4,NULL,NULL,NULL,0,'Glancer',1,NULL,NULL,NULL,1,0,0,0,0,0,0),(2982,90,1,144,4,NULL,NULL,NULL,0,'Glancer',1,NULL,NULL,NULL,1,0,0,0,0,0,0),(2983,90,1,144,4,NULL,NULL,NULL,0,'Glancer',1,NULL,NULL,NULL,1,0,0,0,0,0,0),(2984,90,1,144,4,NULL,NULL,NULL,0,'Glancer',1,NULL,NULL,NULL,1,0,0,0,0,0,0),(2985,125,1,144,4,NULL,NULL,NULL,0,'Gnat',0,NULL,NULL,NULL,1,0,0,0,0,0,0),(2986,125,1,144,4,NULL,NULL,NULL,0,'Gnat',0,NULL,NULL,NULL,1,0,0,0,0,0,0),(2987,125,1,144,4,NULL,NULL,NULL,0,'Gnat',0,NULL,NULL,NULL,1,0,0,0,0,0,0),(2988,125,1,144,4,NULL,NULL,NULL,0,'Gnat',0,NULL,NULL,NULL,1,0,0,0,0,0,0),(2989,125,1,144,4,NULL,NULL,NULL,0,'Gnat',1,NULL,NULL,NULL,1,0,0,0,0,0,0),(2990,125,1,144,4,NULL,NULL,NULL,0,'Gnat',1,NULL,NULL,NULL,1,0,0,0,0,0,0),(2991,125,1,144,4,NULL,NULL,NULL,0,'Gnat',0,NULL,NULL,NULL,1,0,0,0,0,0,0),(2992,125,1,144,4,NULL,NULL,NULL,0,'Gnat',1,NULL,NULL,NULL,1,0,0,0,0,0,0),(2993,90,1,145,4,NULL,NULL,NULL,0,'Glancer',1,NULL,NULL,NULL,1,0,0,0,0,0,0),(2994,90,1,145,4,NULL,NULL,NULL,0,'Glancer',1,NULL,NULL,NULL,1,0,0,0,0,0,0),(2995,90,1,145,4,NULL,NULL,NULL,0,'Glancer',1,NULL,NULL,NULL,1,0,0,0,0,0,0),(2996,90,1,145,4,NULL,NULL,NULL,0,'Glancer',1,NULL,NULL,NULL,1,0,0,0,0,0,0),(2997,90,1,145,4,NULL,NULL,NULL,0,'Glancer',1,NULL,NULL,NULL,1,0,0,0,0,0,0),(2998,90,1,145,4,NULL,NULL,NULL,0,'Glancer',1,NULL,NULL,NULL,1,0,0,0,0,0,0),(2999,125,1,145,4,NULL,NULL,NULL,0,'Gnat',0,NULL,NULL,NULL,1,0,0,0,0,0,0),(3000,125,1,145,4,NULL,NULL,NULL,0,'Gnat',0,NULL,NULL,NULL,1,0,0,0,0,0,0),(3001,125,1,145,4,NULL,NULL,NULL,0,'Gnat',0,NULL,NULL,NULL,1,0,0,0,0,0,0),(3002,125,1,145,4,NULL,NULL,NULL,0,'Gnat',0,NULL,NULL,NULL,1,0,0,0,0,0,0),(3003,125,1,145,4,NULL,NULL,NULL,0,'Gnat',1,NULL,NULL,NULL,1,0,0,0,0,0,0),(3004,125,1,145,4,NULL,NULL,NULL,0,'Gnat',1,NULL,NULL,NULL,1,0,0,0,0,0,0),(3005,125,1,145,4,NULL,NULL,NULL,0,'Gnat',0,NULL,NULL,NULL,1,0,0,0,0,0,0),(3006,125,1,145,4,NULL,NULL,NULL,0,'Gnat',1,NULL,NULL,NULL,1,0,0,0,0,0,0),(3007,90,1,146,4,NULL,NULL,NULL,0,'Glancer',1,NULL,NULL,NULL,1,0,0,0,0,0,0),(3008,90,1,146,4,NULL,NULL,NULL,0,'Glancer',1,NULL,NULL,NULL,1,0,0,0,0,0,0),(3009,90,1,146,4,NULL,NULL,NULL,0,'Glancer',1,NULL,NULL,NULL,1,0,0,0,0,0,0),(3010,125,1,146,4,NULL,NULL,NULL,0,'Gnat',0,NULL,NULL,NULL,1,0,0,0,0,0,0),(3011,125,1,146,4,NULL,NULL,NULL,0,'Gnat',0,NULL,NULL,NULL,1,0,0,0,0,0,0),(3012,125,1,146,4,NULL,NULL,NULL,0,'Gnat',0,NULL,NULL,NULL,1,0,0,0,0,0,0),(3013,125,1,146,4,NULL,NULL,NULL,0,'Gnat',0,NULL,NULL,NULL,1,0,0,0,0,0,0),(3014,125,1,146,4,NULL,NULL,NULL,0,'Gnat',1,NULL,NULL,NULL,1,0,0,0,0,0,0),(3015,125,1,146,4,NULL,NULL,NULL,0,'Gnat',1,NULL,NULL,NULL,1,0,0,0,0,0,0),(3016,500,1,147,4,NULL,NULL,NULL,0,'Spudder',0,NULL,NULL,NULL,1,0,0,0,0,0,0),(3017,90,1,147,4,NULL,NULL,NULL,0,'Glancer',1,NULL,NULL,NULL,1,0,0,0,0,0,0),(3018,90,1,147,4,NULL,NULL,NULL,0,'Glancer',1,NULL,NULL,NULL,1,0,0,0,0,0,0),(3019,125,1,147,4,NULL,NULL,NULL,0,'Gnat',1,NULL,NULL,NULL,1,0,0,0,0,0,0),(3020,125,1,147,4,NULL,NULL,NULL,0,'Gnat',1,NULL,NULL,NULL,1,0,0,0,0,0,0),(3021,125,1,147,4,NULL,NULL,NULL,0,'Gnat',0,NULL,NULL,NULL,1,0,0,0,0,0,0),(3022,90,1,147,4,NULL,NULL,NULL,0,'Glancer',1,NULL,NULL,NULL,1,0,0,0,0,0,0),(3023,90,1,147,4,NULL,NULL,NULL,0,'Glancer',1,NULL,NULL,NULL,1,0,0,0,0,0,0),(3024,90,1,147,4,NULL,NULL,NULL,0,'Glancer',1,NULL,NULL,NULL,1,0,0,0,0,0,0),(3025,90,1,147,4,NULL,NULL,NULL,0,'Glancer',1,NULL,NULL,NULL,1,0,0,0,0,0,0),(3026,90,1,147,4,NULL,NULL,NULL,0,'Glancer',1,NULL,NULL,NULL,1,0,0,0,0,0,0),(3027,90,1,147,4,NULL,NULL,NULL,0,'Glancer',1,NULL,NULL,NULL,1,0,0,0,0,0,0),(3028,125,1,147,4,NULL,NULL,NULL,0,'Gnat',0,NULL,NULL,NULL,1,0,0,0,0,0,0),(3029,125,1,147,4,NULL,NULL,NULL,0,'Gnat',0,NULL,NULL,NULL,1,0,0,0,0,0,0),(3030,125,1,147,4,NULL,NULL,NULL,0,'Gnat',0,NULL,NULL,NULL,1,0,0,0,0,0,0),(3031,125,1,147,4,NULL,NULL,NULL,0,'Gnat',0,NULL,NULL,NULL,1,0,0,0,0,0,0),(3032,125,1,147,4,NULL,NULL,NULL,0,'Gnat',1,NULL,NULL,NULL,1,0,0,0,0,0,0),(3033,125,1,147,4,NULL,NULL,NULL,0,'Gnat',1,NULL,NULL,NULL,1,0,0,0,0,0,0),(3034,125,1,147,4,NULL,NULL,NULL,0,'Gnat',0,NULL,NULL,NULL,1,0,0,0,0,0,0),(3035,125,1,147,4,NULL,NULL,NULL,0,'Gnat',1,NULL,NULL,NULL,1,0,0,0,0,0,0),(3036,125,1,147,4,NULL,NULL,NULL,0,'Gnat',1,NULL,NULL,NULL,1,0,0,0,0,0,0),(3037,125,1,147,4,NULL,NULL,NULL,0,'Gnat',0,NULL,NULL,NULL,1,0,0,0,0,0,0),(3038,500,1,148,4,NULL,NULL,NULL,0,'Spudder',0,NULL,NULL,NULL,1,0,0,0,0,0,0),(3039,500,1,148,4,NULL,NULL,NULL,0,'Spudder',1,NULL,NULL,NULL,1,0,0,0,0,0,0),(3040,500,1,148,4,NULL,NULL,NULL,0,'Spudder',0,NULL,NULL,NULL,1,0,0,0,0,0,0),(3041,90,1,148,4,NULL,NULL,NULL,0,'Glancer',1,NULL,NULL,NULL,1,0,0,0,0,0,0),(3042,90,1,148,4,NULL,NULL,NULL,0,'Glancer',1,NULL,NULL,NULL,1,0,0,0,0,0,0),(3043,125,1,148,4,NULL,NULL,NULL,0,'Gnat',0,NULL,NULL,NULL,1,0,0,0,0,0,0),(3044,125,1,148,4,NULL,NULL,NULL,0,'Gnat',1,NULL,NULL,NULL,1,0,0,0,0,0,0),(3045,125,1,148,4,NULL,NULL,NULL,0,'Gnat',0,NULL,NULL,NULL,1,0,0,0,0,0,0),(3046,125,1,148,4,NULL,NULL,NULL,0,'Gnat',0,NULL,NULL,NULL,1,0,0,0,0,0,0),(3047,90,1,148,4,NULL,NULL,NULL,0,'Glancer',1,NULL,NULL,NULL,1,0,0,0,0,0,0),(3048,90,1,148,4,NULL,NULL,NULL,0,'Glancer',1,NULL,NULL,NULL,1,0,0,0,0,0,0),(3049,90,1,148,4,NULL,NULL,NULL,0,'Glancer',1,NULL,NULL,NULL,1,0,0,0,0,0,0),(3050,90,1,148,4,NULL,NULL,NULL,0,'Glancer',1,NULL,NULL,NULL,1,0,0,0,0,0,0),(3051,90,1,148,4,NULL,NULL,NULL,0,'Glancer',1,NULL,NULL,NULL,1,0,0,0,0,0,0),(3052,90,1,148,4,NULL,NULL,NULL,0,'Glancer',1,NULL,NULL,NULL,1,0,0,0,0,0,0),(3053,125,1,148,4,NULL,NULL,NULL,0,'Gnat',0,NULL,NULL,NULL,1,0,0,0,0,0,0),(3054,125,1,148,4,NULL,NULL,NULL,0,'Gnat',0,NULL,NULL,NULL,1,0,0,0,0,0,0),(3055,125,1,148,4,NULL,NULL,NULL,0,'Gnat',0,NULL,NULL,NULL,1,0,0,0,0,0,0),(3056,125,1,148,4,NULL,NULL,NULL,0,'Gnat',0,NULL,NULL,NULL,1,0,0,0,0,0,0),(3057,125,1,148,4,NULL,NULL,NULL,0,'Gnat',1,NULL,NULL,NULL,1,0,0,0,0,0,0),(3058,125,1,148,4,NULL,NULL,NULL,0,'Gnat',1,NULL,NULL,NULL,1,0,0,0,0,0,0),(3059,125,1,148,4,NULL,NULL,NULL,0,'Gnat',0,NULL,NULL,NULL,1,0,0,0,0,0,0),(3060,900,1,149,4,NULL,NULL,NULL,0,'Gnawer',0,NULL,NULL,NULL,1,0,0,0,0,0,0),(3061,900,1,149,4,NULL,NULL,NULL,0,'Gnawer',0,NULL,NULL,NULL,1,0,0,0,0,0,0),(3062,900,1,149,4,NULL,NULL,NULL,0,'Gnawer',0,NULL,NULL,NULL,1,0,0,0,0,0,0),(3063,500,1,149,4,NULL,NULL,NULL,0,'Spudder',0,NULL,NULL,NULL,1,0,0,0,0,0,0),(3064,500,1,149,4,NULL,NULL,NULL,0,'Spudder',0,NULL,NULL,NULL,1,0,0,0,0,0,0),(3065,500,1,149,4,NULL,NULL,NULL,0,'Spudder',1,NULL,NULL,NULL,1,0,0,0,0,0,0),(3066,500,1,149,4,NULL,NULL,NULL,0,'Spudder',0,NULL,NULL,NULL,1,0,0,0,0,0,0),(3067,500,1,149,4,NULL,NULL,NULL,0,'Spudder',0,NULL,NULL,NULL,1,0,0,0,0,0,0),(3068,90,1,149,4,NULL,NULL,NULL,0,'Glancer',1,NULL,NULL,NULL,1,0,0,0,0,0,0),(3069,90,1,149,4,NULL,NULL,NULL,0,'Glancer',1,NULL,NULL,NULL,1,0,0,0,0,0,0),(3070,125,1,149,4,NULL,NULL,NULL,0,'Gnat',0,NULL,NULL,NULL,1,0,0,0,0,0,0),(3071,90,1,149,4,NULL,NULL,NULL,0,'Glancer',1,NULL,NULL,NULL,1,0,0,0,0,0,0),(3072,90,1,149,4,NULL,NULL,NULL,0,'Glancer',1,NULL,NULL,NULL,1,0,0,0,0,0,0),(3073,90,1,149,4,NULL,NULL,NULL,0,'Glancer',1,NULL,NULL,NULL,1,0,0,0,0,0,0),(3074,90,1,149,4,NULL,NULL,NULL,0,'Glancer',1,NULL,NULL,NULL,1,0,0,0,0,0,0),(3075,90,1,149,4,NULL,NULL,NULL,0,'Glancer',1,NULL,NULL,NULL,1,0,0,0,0,0,0),(3076,125,1,149,4,NULL,NULL,NULL,0,'Gnat',0,NULL,NULL,NULL,1,0,0,0,0,0,0),(3077,125,1,149,4,NULL,NULL,NULL,0,'Gnat',0,NULL,NULL,NULL,1,0,0,0,0,0,0),(3078,125,1,149,4,NULL,NULL,NULL,0,'Gnat',0,NULL,NULL,NULL,1,0,0,0,0,0,0),(3079,125,1,149,4,NULL,NULL,NULL,0,'Gnat',0,NULL,NULL,NULL,1,0,0,0,0,0,0),(3080,125,1,149,4,NULL,NULL,NULL,0,'Gnat',1,NULL,NULL,NULL,1,0,0,0,0,0,0),(3081,125,1,149,4,NULL,NULL,NULL,0,'Gnat',1,NULL,NULL,NULL,1,0,0,0,0,0,0),(3082,900,1,150,4,NULL,NULL,NULL,0,'Gnawer',0,NULL,NULL,NULL,1,0,0,0,0,0,0),(3083,900,1,150,4,NULL,NULL,NULL,0,'Gnawer',0,NULL,NULL,NULL,1,0,0,0,0,0,0),(3084,500,1,150,4,NULL,NULL,NULL,0,'Spudder',0,NULL,NULL,NULL,1,0,0,0,0,0,0),(3085,500,1,150,4,NULL,NULL,NULL,0,'Spudder',0,NULL,NULL,NULL,1,0,0,0,0,0,0),(3086,500,1,150,4,NULL,NULL,NULL,0,'Spudder',0,NULL,NULL,NULL,1,0,0,0,0,0,0),(3087,90,1,150,4,NULL,NULL,NULL,0,'Glancer',1,NULL,NULL,NULL,1,0,0,0,0,0,0),(3088,90,1,150,4,NULL,NULL,NULL,0,'Glancer',1,NULL,NULL,NULL,1,0,0,0,0,0,0),(3089,125,1,150,4,NULL,NULL,NULL,0,'Gnat',0,NULL,NULL,NULL,1,0,0,0,0,0,0),(3090,90,1,150,4,NULL,NULL,NULL,0,'Glancer',1,NULL,NULL,NULL,1,0,0,0,0,0,0),(3091,90,1,150,4,NULL,NULL,NULL,0,'Glancer',1,NULL,NULL,NULL,1,0,0,0,0,0,0),(3092,90,1,150,4,NULL,NULL,NULL,0,'Glancer',1,NULL,NULL,NULL,1,0,0,0,0,0,0),(3093,90,1,150,4,NULL,NULL,NULL,0,'Glancer',1,NULL,NULL,NULL,1,0,0,0,0,0,0),(3094,90,1,150,4,NULL,NULL,NULL,0,'Glancer',1,NULL,NULL,NULL,1,0,0,0,0,0,0),(3095,125,1,150,4,NULL,NULL,NULL,0,'Gnat',0,NULL,NULL,NULL,1,0,0,0,0,0,0),(3096,125,1,150,4,NULL,NULL,NULL,0,'Gnat',0,NULL,NULL,NULL,1,0,0,0,0,0,0),(3097,125,1,150,4,NULL,NULL,NULL,0,'Gnat',0,NULL,NULL,NULL,1,0,0,0,0,0,0),(3098,125,1,150,4,NULL,NULL,NULL,0,'Gnat',0,NULL,NULL,NULL,1,0,0,0,0,0,0),(3099,125,1,150,4,NULL,NULL,NULL,0,'Gnat',1,NULL,NULL,NULL,1,0,0,0,0,0,0),(3100,125,1,150,4,NULL,NULL,NULL,0,'Gnat',1,NULL,NULL,NULL,1,0,0,0,0,0,0),(3101,125,1,150,4,NULL,NULL,NULL,0,'Gnat',0,NULL,NULL,NULL,1,0,0,0,0,0,0),(3102,125,1,150,4,NULL,NULL,NULL,0,'Gnat',0,NULL,NULL,NULL,1,0,0,0,0,0,0),(3103,125,1,150,4,NULL,NULL,NULL,0,'Gnat',1,NULL,NULL,NULL,1,0,0,0,0,0,0),(3104,900,1,151,4,NULL,NULL,NULL,0,'Gnawer',0,NULL,NULL,NULL,1,0,0,0,0,0,0),(3105,900,1,151,4,NULL,NULL,NULL,0,'Gnawer',0,NULL,NULL,NULL,1,0,0,0,0,0,0),(3106,500,1,151,4,NULL,NULL,NULL,0,'Spudder',0,NULL,NULL,NULL,1,0,0,0,0,0,0),(3107,500,1,151,4,NULL,NULL,NULL,0,'Spudder',0,NULL,NULL,NULL,1,0,0,0,0,0,0),(3108,500,1,151,4,NULL,NULL,NULL,0,'Spudder',0,NULL,NULL,NULL,1,0,0,0,0,0,0),(3109,500,1,151,4,NULL,NULL,NULL,0,'Spudder',0,NULL,NULL,NULL,1,0,0,0,0,0,0),(3110,90,1,151,4,NULL,NULL,NULL,0,'Glancer',1,NULL,NULL,NULL,1,0,0,0,0,0,0),(3111,90,1,151,4,NULL,NULL,NULL,0,'Glancer',1,NULL,NULL,NULL,1,0,0,0,0,0,0),(3112,125,1,151,4,NULL,NULL,NULL,0,'Gnat',0,NULL,NULL,NULL,1,0,0,0,0,0,0),(3113,125,1,151,4,NULL,NULL,NULL,0,'Gnat',0,NULL,NULL,NULL,1,0,0,0,0,0,0),(3114,125,1,151,4,NULL,NULL,NULL,0,'Gnat',0,NULL,NULL,NULL,1,0,0,0,0,0,0),(3115,90,1,151,4,NULL,NULL,NULL,0,'Glancer',1,NULL,NULL,NULL,1,0,0,0,0,0,0),(3116,90,1,151,4,NULL,NULL,NULL,0,'Glancer',1,NULL,NULL,NULL,1,0,0,0,0,0,0),(3117,90,1,151,4,NULL,NULL,NULL,0,'Glancer',1,NULL,NULL,NULL,1,0,0,0,0,0,0),(3118,90,1,151,4,NULL,NULL,NULL,0,'Glancer',1,NULL,NULL,NULL,1,0,0,0,0,0,0),(3119,125,1,151,4,NULL,NULL,NULL,0,'Gnat',0,NULL,NULL,NULL,1,0,0,0,0,0,0),(3120,125,1,151,4,NULL,NULL,NULL,0,'Gnat',0,NULL,NULL,NULL,1,0,0,0,0,0,0),(3121,125,1,151,4,NULL,NULL,NULL,0,'Gnat',0,NULL,NULL,NULL,1,0,0,0,0,0,0),(3122,125,1,151,4,NULL,NULL,NULL,0,'Gnat',0,NULL,NULL,NULL,1,0,0,0,0,0,0),(3123,125,1,151,4,NULL,NULL,NULL,0,'Gnat',1,NULL,NULL,NULL,1,0,0,0,0,0,0),(3124,125,1,151,4,NULL,NULL,NULL,0,'Gnat',1,NULL,NULL,NULL,1,0,0,0,0,0,0),(3125,125,1,151,4,NULL,NULL,NULL,0,'Gnat',1,NULL,NULL,NULL,1,0,0,0,0,0,0),(3126,125,1,151,4,NULL,NULL,NULL,0,'Gnat',1,NULL,NULL,NULL,1,0,0,0,0,0,0),(3127,500,1,152,4,NULL,NULL,NULL,0,'Spudder',0,NULL,NULL,NULL,1,0,0,0,0,0,0),(3128,90,1,152,4,NULL,NULL,NULL,0,'Glancer',1,NULL,NULL,NULL,1,0,0,0,0,0,0),(3129,90,1,152,4,NULL,NULL,NULL,0,'Glancer',1,NULL,NULL,NULL,1,0,0,0,0,0,0),(3130,125,1,152,4,NULL,NULL,NULL,0,'Gnat',0,NULL,NULL,NULL,1,0,0,0,0,0,0),(3131,90,1,152,4,NULL,NULL,NULL,0,'Glancer',1,NULL,NULL,NULL,1,0,0,0,0,0,0),(3132,90,1,152,4,NULL,NULL,NULL,0,'Glancer',1,NULL,NULL,NULL,1,0,0,0,0,0,0),(3133,90,1,152,4,NULL,NULL,NULL,0,'Glancer',1,NULL,NULL,NULL,1,0,0,0,0,0,0),(3134,90,1,152,4,NULL,NULL,NULL,0,'Glancer',1,NULL,NULL,NULL,1,0,0,0,0,0,0),(3135,90,1,152,4,NULL,NULL,NULL,0,'Glancer',1,NULL,NULL,NULL,1,0,0,0,0,0,0),(3136,125,1,152,4,NULL,NULL,NULL,0,'Gnat',0,NULL,NULL,NULL,1,0,0,0,0,0,0),(3137,125,1,152,4,NULL,NULL,NULL,0,'Gnat',0,NULL,NULL,NULL,1,0,0,0,0,0,0),(3138,125,1,152,4,NULL,NULL,NULL,0,'Gnat',0,NULL,NULL,NULL,1,0,0,0,0,0,0),(3139,125,1,152,4,NULL,NULL,NULL,0,'Gnat',0,NULL,NULL,NULL,1,0,0,0,0,0,0),(3140,125,1,152,4,NULL,NULL,NULL,0,'Gnat',1,NULL,NULL,NULL,1,0,0,0,0,0,0),(3141,125,1,152,4,NULL,NULL,NULL,0,'Gnat',1,NULL,NULL,NULL,1,0,0,0,0,0,0),(3142,125,1,152,4,NULL,NULL,NULL,0,'Gnat',0,NULL,NULL,NULL,1,0,0,0,0,0,0),(3143,125,1,152,4,NULL,NULL,NULL,0,'Gnat',1,NULL,NULL,NULL,1,0,0,0,0,0,0),(3144,90,1,153,4,NULL,NULL,NULL,0,'Glancer',1,NULL,NULL,NULL,1,0,0,0,0,0,0),(3145,90,1,153,4,NULL,NULL,NULL,0,'Glancer',1,NULL,NULL,NULL,1,0,0,0,0,0,0),(3146,125,1,153,4,NULL,NULL,NULL,0,'Gnat',0,NULL,NULL,NULL,1,0,0,0,0,0,0),(3147,125,1,153,4,NULL,NULL,NULL,0,'Gnat',0,NULL,NULL,NULL,1,0,0,0,0,0,0),(3148,90,1,153,4,NULL,NULL,NULL,0,'Glancer',1,NULL,NULL,NULL,1,0,0,0,0,0,0),(3149,90,1,153,4,NULL,NULL,NULL,0,'Glancer',1,NULL,NULL,NULL,1,0,0,0,0,0,0),(3150,90,1,153,4,NULL,NULL,NULL,0,'Glancer',1,NULL,NULL,NULL,1,0,0,0,0,0,0),(3151,90,1,153,4,NULL,NULL,NULL,0,'Glancer',1,NULL,NULL,NULL,1,0,0,0,0,0,0),(3152,90,1,153,4,NULL,NULL,NULL,0,'Glancer',1,NULL,NULL,NULL,1,0,0,0,0,0,0),(3153,90,1,153,4,NULL,NULL,NULL,0,'Glancer',1,NULL,NULL,NULL,1,0,0,0,0,0,0),(3154,90,1,153,4,NULL,NULL,NULL,0,'Glancer',1,NULL,NULL,NULL,1,0,0,0,0,0,0),(3155,125,1,153,4,NULL,NULL,NULL,0,'Gnat',0,NULL,NULL,NULL,1,0,0,0,0,0,0),(3156,125,1,153,4,NULL,NULL,NULL,0,'Gnat',0,NULL,NULL,NULL,1,0,0,0,0,0,0),(3157,125,1,153,4,NULL,NULL,NULL,0,'Gnat',0,NULL,NULL,NULL,1,0,0,0,0,0,0),(3158,125,1,153,4,NULL,NULL,NULL,0,'Gnat',0,NULL,NULL,NULL,1,0,0,0,0,0,0),(3159,125,1,153,4,NULL,NULL,NULL,0,'Gnat',1,NULL,NULL,NULL,1,0,0,0,0,0,0),(3160,125,1,153,4,NULL,NULL,NULL,0,'Gnat',1,NULL,NULL,NULL,1,0,0,0,0,0,0),(3161,125,1,153,4,NULL,NULL,NULL,0,'Gnat',0,NULL,NULL,NULL,1,0,0,0,0,0,0),(3162,125,1,153,4,NULL,NULL,NULL,0,'Gnat',0,NULL,NULL,NULL,1,0,0,0,0,0,0),(3163,125,1,154,4,NULL,NULL,NULL,0,'Gnat',0,NULL,NULL,NULL,1,0,0,0,0,0,0),(3164,125,1,154,4,NULL,NULL,NULL,0,'Gnat',0,NULL,NULL,NULL,1,0,0,0,0,0,0),(3165,125,1,154,4,NULL,NULL,NULL,0,'Gnat',0,NULL,NULL,NULL,1,0,0,0,0,0,0),(3166,125,1,154,4,NULL,NULL,NULL,0,'Gnat',0,NULL,NULL,NULL,1,0,0,0,0,0,0),(3167,125,1,154,4,NULL,NULL,NULL,0,'Gnat',1,NULL,NULL,NULL,1,0,0,0,0,0,0),(3168,125,1,154,4,NULL,NULL,NULL,0,'Gnat',1,NULL,NULL,NULL,1,0,0,0,0,0,0),(3169,125,1,154,4,NULL,NULL,NULL,0,'Gnat',0,NULL,NULL,NULL,1,0,0,0,0,0,0),(3170,125,1,154,4,NULL,NULL,NULL,0,'Gnat',1,NULL,NULL,NULL,1,0,0,0,0,0,0),(3171,125,1,155,4,NULL,NULL,NULL,0,'Gnat',0,NULL,NULL,NULL,1,0,0,0,0,0,0),(3172,125,1,155,4,NULL,NULL,NULL,0,'Gnat',0,NULL,NULL,NULL,1,0,0,0,0,0,0),(3173,125,1,155,4,NULL,NULL,NULL,0,'Gnat',0,NULL,NULL,NULL,1,0,0,0,0,0,0),(3174,125,1,155,4,NULL,NULL,NULL,0,'Gnat',0,NULL,NULL,NULL,1,0,0,0,0,0,0),(3175,125,1,155,4,NULL,NULL,NULL,0,'Gnat',1,NULL,NULL,NULL,1,0,0,0,0,0,0),(3176,125,1,155,4,NULL,NULL,NULL,0,'Gnat',1,NULL,NULL,NULL,1,0,0,0,0,0,0),(3177,125,1,155,4,NULL,NULL,NULL,0,'Gnat',0,NULL,NULL,NULL,1,0,0,0,0,0,0),(3178,125,1,155,4,NULL,NULL,NULL,0,'Gnat',0,NULL,NULL,NULL,1,0,0,0,0,0,0),(3179,125,1,155,4,NULL,NULL,NULL,0,'Gnat',1,NULL,NULL,NULL,1,0,0,0,0,0,0),(3180,26875,1,8,1,NULL,NULL,NULL,0,'Demosis',0,2,240,NULL,1,0,0,0,0,0,0),(3181,26875,1,8,1,NULL,NULL,NULL,0,'Demosis',0,2,240,NULL,1,0,0,0,0,0,0),(3182,26875,1,8,1,NULL,NULL,NULL,0,'Demosis',0,2,240,NULL,1,0,0,0,0,0,0),(3183,26875,1,8,1,NULL,NULL,NULL,0,'Demosis',0,2,240,NULL,1,0,0,0,0,0,0),(3184,4475,1,8,1,NULL,NULL,NULL,0,'Thor',1,2,240,NULL,1,0,0,0,0,0,0),(3185,4475,1,8,1,NULL,NULL,NULL,0,'Thor',0,2,240,NULL,1,0,0,0,0,0,0),(3186,4475,1,8,1,NULL,NULL,NULL,0,'Thor',0,2,240,NULL,1,0,0,0,0,0,0),(3187,2812,1,8,1,NULL,NULL,NULL,0,'Dirac',0,2,240,NULL,1,0,0,0,0,0,0),(3188,2812,1,8,1,NULL,NULL,NULL,0,'Dirac',0,2,240,NULL,1,0,0,0,0,0,0),(3189,2812,1,8,1,NULL,NULL,NULL,0,'Dirac',0,2,240,NULL,1,0,0,0,0,0,0),(3190,2812,1,8,1,NULL,NULL,NULL,0,'Dirac',1,2,240,NULL,1,0,0,0,0,0,0),(3191,2812,1,8,1,NULL,NULL,NULL,0,'Dirac',1,2,240,NULL,1,0,0,0,0,0,0),(3192,2812,1,8,1,NULL,NULL,NULL,0,'Dirac',1,2,240,NULL,1,0,0,0,0,0,0),(3193,2812,1,8,1,NULL,NULL,NULL,0,'Dirac',0,2,240,NULL,1,0,0,0,0,0,0),(3194,2812,1,8,1,NULL,NULL,NULL,0,'Dirac',0,2,240,NULL,1,0,0,0,0,0,0),(3195,2812,1,8,1,NULL,NULL,NULL,0,'Dirac',0,2,240,NULL,1,0,0,0,0,0,0),(3196,2812,1,8,1,NULL,NULL,NULL,0,'Dirac',0,2,240,NULL,1,0,0,0,0,0,0),(3197,4475,1,8,1,NULL,NULL,NULL,0,'Thor',1,1,315,NULL,1,0,0,0,0,0,0),(3198,4475,1,8,1,NULL,NULL,NULL,0,'Thor',1,1,315,NULL,1,0,0,0,0,0,0),(3199,2812,1,8,1,NULL,NULL,NULL,0,'Dirac',1,1,315,NULL,1,0,0,0,0,0,0),(3200,2812,1,8,1,NULL,NULL,NULL,0,'Dirac',0,1,315,NULL,1,0,0,0,0,0,0),(3201,2812,1,8,1,NULL,NULL,NULL,0,'Dirac',1,1,315,NULL,1,0,0,0,0,0,0),(3202,2812,1,8,1,NULL,NULL,NULL,0,'Dirac',1,1,315,NULL,1,0,0,0,0,0,0),(3203,2812,1,8,1,NULL,NULL,NULL,0,'Dirac',1,1,315,NULL,1,0,0,0,0,0,0),(3204,2812,1,8,1,NULL,NULL,NULL,0,'Dirac',1,1,315,NULL,1,0,0,0,0,0,0),(3205,2812,1,8,1,NULL,NULL,NULL,0,'Dirac',0,1,315,NULL,1,0,0,0,0,0,0),(3206,26875,1,8,1,NULL,NULL,NULL,0,'Demosis',0,1,0,NULL,1,0,0,0,0,0,0),(3207,4475,1,8,1,NULL,NULL,NULL,0,'Thor',1,1,0,NULL,1,0,0,0,0,0,0),(3208,4475,1,8,1,NULL,NULL,NULL,0,'Thor',0,1,0,NULL,1,0,0,0,0,0,0),(3209,2812,1,8,1,NULL,NULL,NULL,0,'Dirac',0,1,0,NULL,1,0,0,0,0,0,0),(3210,2812,1,8,1,NULL,NULL,NULL,0,'Dirac',0,1,0,NULL,1,0,0,0,0,0,0),(3211,2812,1,8,1,NULL,NULL,NULL,0,'Dirac',0,1,0,NULL,1,0,0,0,0,0,0),(3212,2812,1,8,1,NULL,NULL,NULL,0,'Dirac',0,1,0,NULL,1,0,0,0,0,0,0),(3213,2812,1,8,1,NULL,NULL,NULL,0,'Dirac',0,1,0,NULL,1,0,0,0,0,0,0),(3214,2812,1,8,1,NULL,NULL,NULL,0,'Dirac',1,1,0,NULL,1,0,0,0,0,0,0),(3215,2812,1,8,1,NULL,NULL,NULL,0,'Dirac',1,1,0,NULL,1,0,0,0,0,0,0),(3216,2812,1,8,1,NULL,NULL,NULL,0,'Dirac',1,1,0,NULL,1,0,0,0,0,0,0),(3217,26875,1,8,1,NULL,NULL,NULL,0,'Demosis',0,0,180,NULL,1,0,0,0,0,0,0),(3218,4475,1,8,1,NULL,NULL,NULL,0,'Thor',1,0,180,NULL,1,0,0,0,0,0,0),(3219,4475,1,8,1,NULL,NULL,NULL,0,'Thor',1,0,180,NULL,1,0,0,0,0,0,0),(3220,4475,1,8,1,NULL,NULL,NULL,0,'Thor',1,0,180,NULL,1,0,0,0,0,0,0),(3221,4475,1,8,1,NULL,NULL,NULL,0,'Thor',1,0,180,NULL,1,0,0,0,0,0,0),(3222,4475,1,8,1,NULL,NULL,NULL,0,'Thor',1,0,180,NULL,1,0,0,0,0,0,0),(3223,2812,1,8,1,NULL,NULL,NULL,0,'Dirac',0,0,180,NULL,1,0,0,0,0,0,0),(3224,2812,1,8,1,NULL,NULL,NULL,0,'Dirac',0,0,180,NULL,1,0,0,0,0,0,0),(3225,2812,1,8,1,NULL,NULL,NULL,0,'Dirac',0,0,180,NULL,1,0,0,0,0,0,0),(3226,2812,1,8,1,NULL,NULL,NULL,0,'Dirac',0,0,180,NULL,1,0,0,0,0,0,0),(3227,2812,1,8,1,NULL,NULL,NULL,0,'Dirac',0,0,180,NULL,1,0,0,0,0,0,0),(3228,2812,1,8,1,NULL,NULL,NULL,0,'Dirac',0,0,180,NULL,1,0,0,0,0,0,0),(3229,2812,1,8,1,NULL,NULL,NULL,0,'Dirac',0,0,180,NULL,1,0,0,0,0,0,0),(3230,26875,1,8,1,NULL,NULL,NULL,0,'Demosis',0,0,0,NULL,1,0,0,0,0,0,0),(3231,4475,1,8,1,NULL,NULL,NULL,0,'Thor',1,0,0,NULL,1,0,0,0,0,0,0),(3232,4475,1,8,1,NULL,NULL,NULL,0,'Thor',0,0,0,NULL,1,0,0,0,0,0,0),(3233,2812,1,8,1,NULL,NULL,NULL,0,'Dirac',0,0,0,NULL,1,0,0,0,0,0,0),(3234,2812,1,8,1,NULL,NULL,NULL,0,'Dirac',0,0,0,NULL,1,0,0,0,0,0,0),(3235,2812,1,8,1,NULL,NULL,NULL,0,'Dirac',1,0,0,NULL,1,0,0,0,0,0,0),(3236,2812,1,8,1,NULL,NULL,NULL,0,'Dirac',0,0,0,NULL,1,0,0,0,0,0,0),(3237,2812,1,8,1,NULL,NULL,NULL,0,'Dirac',0,0,0,NULL,1,0,0,0,0,0,0),(3238,2812,1,8,1,NULL,NULL,NULL,0,'Dirac',1,0,0,NULL,1,0,0,0,0,0,0);
/*!40000 ALTER TABLE `units` ENABLE KEYS */;
UNLOCK TABLES;

--
-- Table structure for table `wreckages`
--

DROP TABLE IF EXISTS `wreckages`;
/*!40101 SET @saved_cs_client     = @@character_set_client */;
/*!40101 SET character_set_client = utf8 */;
CREATE TABLE `wreckages` (
  `id` int(11) NOT NULL AUTO_INCREMENT,
  `galaxy_id` int(11) DEFAULT NULL,
  `location_id` int(11) NOT NULL,
  `location_type` tinyint(3) unsigned NOT NULL,
  `location_x` smallint(6) NOT NULL,
  `location_y` smallint(6) NOT NULL,
  `metal` float NOT NULL DEFAULT '0',
  `energy` float NOT NULL DEFAULT '0',
  `zetium` float NOT NULL DEFAULT '0',
  PRIMARY KEY (`id`),
  UNIQUE KEY `location` (`location_id`,`location_type`,`location_x`,`location_y`),
  KEY `galaxy_id` (`galaxy_id`),
  CONSTRAINT `wreckages_ibfk_1` FOREIGN KEY (`galaxy_id`) REFERENCES `galaxies` (`id`) ON DELETE CASCADE
) ENGINE=InnoDB DEFAULT CHARSET=utf8;
/*!40101 SET character_set_client = @saved_cs_client */;

--
-- Dumping data for table `wreckages`
--

LOCK TABLES `wreckages` WRITE;
/*!40000 ALTER TABLE `wreckages` DISABLE KEYS */;
/*!40000 ALTER TABLE `wreckages` ENABLE KEYS */;
UNLOCK TABLES;
/*!40103 SET TIME_ZONE=@OLD_TIME_ZONE */;

/*!40101 SET SQL_MODE=@OLD_SQL_MODE */;
/*!40014 SET FOREIGN_KEY_CHECKS=@OLD_FOREIGN_KEY_CHECKS */;
/*!40014 SET UNIQUE_CHECKS=@OLD_UNIQUE_CHECKS */;
/*!40101 SET CHARACTER_SET_CLIENT=@OLD_CHARACTER_SET_CLIENT */;
/*!40101 SET CHARACTER_SET_RESULTS=@OLD_CHARACTER_SET_RESULTS */;
/*!40101 SET COLLATION_CONNECTION=@OLD_COLLATION_CONNECTION */;
/*!40111 SET SQL_NOTES=@OLD_SQL_NOTES */;

-- Dump completed on 2011-04-11 13:32:07
