-- MySQL dump 10.13  Distrib 5.1.54, for debian-linux-gnu (i686)
--
-- Host: localhost    Database: spacegame
-- ------------------------------------------------------
-- Server version	5.1.54-1ubuntu4

/*!40101 SET @OLD_CHARACTER_SET_CLIENT=@@CHARACTER_SET_CLIENT */;
/*!40101 SET @OLD_CHARACTER_SET_RESULTS=@@CHARACTER_SET_RESULTS */;
/*!40101 SET @OLD_COLLATION_CONNECTION=@@COLLATION_CONNECTION */;
/*!40101 SET NAMES utf8 */;
/*!40103 SET @OLD_TIME_ZONE=@@TIME_ZONE */;
/*!40103 SET TIME_ZONE='+00:00' */;
/*!40014 SET @OLD_UNIQUE_CHECKS=@@UNIQUE_CHECKS, UNIQUE_CHECKS=0 */;
/*!40014 SET @OLD_FOREIGN_KEY_CHECKS=@@FOREIGN_KEY_CHECKS, FOREIGN_KEY_CHECKS=0 */;
/*!40101 SET @OLD_SQL_MODE=@@SQL_MODE, SQL_MODE='NO_AUTO_VALUE_ON_ZERO' */;
/*!40111 SET @OLD_SQL_NOTES=@@SQL_NOTES, SQL_NOTES=0 */;

--
-- Table structure for table `alliances`
--

DROP TABLE IF EXISTS `alliances`;
/*!40101 SET @saved_cs_client     = @@character_set_client */;
/*!40101 SET character_set_client = utf8 */;
CREATE TABLE `alliances` (
  `id` int(11) NOT NULL AUTO_INCREMENT,
  `name` varchar(50) NOT NULL,
  `galaxy_id` int(11) NOT NULL,
  `owner_id` int(11) NOT NULL,
  `description` text NOT NULL,
  `victory_points` int(10) unsigned NOT NULL DEFAULT '0',
  PRIMARY KEY (`id`),
  UNIQUE KEY `uniq_galaxy_name` (`name`,`galaxy_id`),
  KEY `foreign_key` (`galaxy_id`),
  KEY `owner_id` (`owner_id`),
  CONSTRAINT `alliances_ibfk_1` FOREIGN KEY (`galaxy_id`) REFERENCES `galaxies` (`id`) ON DELETE CASCADE,
  CONSTRAINT `alliances_ibfk_2` FOREIGN KEY (`owner_id`) REFERENCES `players` (`id`) ON DELETE NO ACTION
) ENGINE=InnoDB DEFAULT CHARSET=utf8;
/*!40101 SET character_set_client = @saved_cs_client */;

--
-- Dumping data for table `alliances`
--

LOCK TABLES `alliances` WRITE;
/*!40000 ALTER TABLE `alliances` DISABLE KEYS */;
/*!40000 ALTER TABLE `alliances` ENABLE KEYS */;
UNLOCK TABLES;

--
-- Table structure for table `buildings`
--

DROP TABLE IF EXISTS `buildings`;
/*!40101 SET @saved_cs_client     = @@character_set_client */;
/*!40101 SET character_set_client = utf8 */;
CREATE TABLE `buildings` (
  `id` int(11) NOT NULL AUTO_INCREMENT,
  `planet_id` int(11) DEFAULT NULL,
  `x` tinyint(2) unsigned NOT NULL DEFAULT '0',
  `y` tinyint(2) unsigned NOT NULL DEFAULT '0',
  `armor_mod` int(11) NOT NULL,
  `constructor_mod` int(11) NOT NULL,
  `energy_mod` int(11) NOT NULL,
  `level` tinyint(2) unsigned NOT NULL DEFAULT '0',
  `type` varchar(255) NOT NULL,
  `upgrade_ends_at` datetime DEFAULT NULL,
  `x_end` tinyint(2) unsigned NOT NULL DEFAULT '0',
  `y_end` tinyint(2) unsigned NOT NULL DEFAULT '0',
  `state` tinyint(2) NOT NULL DEFAULT '0',
  `pause_remainder` int(10) unsigned DEFAULT NULL,
  `constructable_type` varchar(100) DEFAULT NULL,
  `constructable_id` int(11) DEFAULT NULL,
  `construction_mod` tinyint(2) unsigned NOT NULL DEFAULT '0',
  `cooldown_ends_at` datetime DEFAULT NULL,
  `hp_percentage` float unsigned NOT NULL DEFAULT '1',
  PRIMARY KEY (`id`),
  UNIQUE KEY `tiles_taken` (`planet_id`,`x`,`y`,`x_end`,`y_end`),
  KEY `index_buildings_on_construction_ends` (`upgrade_ends_at`),
  KEY `buildings_by_type` (`planet_id`,`type`),
  CONSTRAINT `buildings_ibfk_1` FOREIGN KEY (`planet_id`) REFERENCES `ss_objects` (`id`) ON DELETE CASCADE
) ENGINE=InnoDB AUTO_INCREMENT=185 DEFAULT CHARSET=utf8;
/*!40101 SET character_set_client = @saved_cs_client */;

--
-- Dumping data for table `buildings`
--

LOCK TABLES `buildings` WRITE;
/*!40000 ALTER TABLE `buildings` DISABLE KEYS */;
INSERT INTO `buildings` VALUES (1,1,2,3,0,0,0,10,'NpcTankFactory',NULL,5,6,1,NULL,NULL,NULL,0,NULL,1),(2,1,13,4,0,0,0,10,'NpcSpaceFactory',NULL,17,7,1,NULL,NULL,NULL,0,NULL,1),(3,1,10,7,0,0,0,10,'NpcHall',NULL,11,8,1,NULL,NULL,NULL,0,NULL,1),(4,1,5,9,0,0,0,10,'NpcInfantryFactory',NULL,7,11,1,NULL,NULL,NULL,0,NULL,1),(5,4,2,2,0,0,0,10,'NpcSpaceFactory',NULL,6,5,1,NULL,NULL,NULL,0,NULL,1),(6,4,6,8,0,0,0,10,'NpcHall',NULL,7,9,1,NULL,NULL,NULL,0,NULL,1),(7,4,1,10,0,0,0,10,'NpcInfantryFactory',NULL,3,12,1,NULL,NULL,NULL,0,NULL,1),(8,4,10,11,0,0,0,10,'NpcTankFactory',NULL,13,14,1,NULL,NULL,NULL,0,NULL,1),(9,5,6,5,0,0,0,10,'NpcInfantryFactory',NULL,8,7,1,NULL,NULL,NULL,0,NULL,1),(10,5,10,8,0,0,0,10,'NpcHall',NULL,11,9,1,NULL,NULL,NULL,0,NULL,1),(11,5,2,11,0,0,0,10,'NpcTankFactory',NULL,5,14,1,NULL,NULL,NULL,0,NULL,1),(12,5,14,11,0,0,0,10,'NpcSpaceFactory',NULL,18,14,1,NULL,NULL,NULL,0,NULL,1),(13,9,6,5,0,0,0,1,'NpcInfantryFactory',NULL,8,7,1,NULL,NULL,NULL,0,NULL,1),(14,9,10,8,0,0,0,1,'NpcHall',NULL,11,9,1,NULL,NULL,NULL,0,NULL,1),(15,9,2,11,0,0,0,1,'NpcTankFactory',NULL,5,14,1,NULL,NULL,NULL,0,NULL,1),(16,9,14,11,0,0,0,1,'NpcSpaceFactory',NULL,18,14,1,NULL,NULL,NULL,0,NULL,1),(17,13,6,5,0,0,0,1,'NpcInfantryFactory',NULL,8,7,1,NULL,NULL,NULL,0,NULL,1),(18,13,10,8,0,0,0,1,'NpcHall',NULL,11,9,1,NULL,NULL,NULL,0,NULL,1),(19,13,2,11,0,0,0,1,'NpcTankFactory',NULL,5,14,1,NULL,NULL,NULL,0,NULL,1),(20,13,14,11,0,0,0,1,'NpcSpaceFactory',NULL,18,14,1,NULL,NULL,NULL,0,NULL,1),(21,21,24,26,0,0,0,1,'NpcMetalExtractor',NULL,25,27,1,NULL,NULL,NULL,0,NULL,1),(22,21,19,26,0,0,0,1,'NpcMetalExtractor',NULL,20,27,1,NULL,NULL,NULL,0,NULL,1),(23,21,23,1,0,0,0,1,'NpcGeothermalPlant',NULL,24,2,1,NULL,NULL,NULL,0,NULL,1),(24,21,12,26,0,0,0,1,'NpcGeothermalPlant',NULL,13,27,1,NULL,NULL,NULL,0,NULL,1),(25,21,14,21,0,0,0,1,'NpcZetiumExtractor',NULL,15,22,1,NULL,NULL,NULL,0,NULL,1),(26,21,1,4,0,0,0,1,'NpcZetiumExtractor',NULL,2,5,1,NULL,NULL,NULL,0,NULL,1),(27,21,18,13,0,0,0,1,'NpcJumpgate',NULL,22,17,1,NULL,NULL,NULL,0,NULL,1),(28,21,24,4,0,0,0,1,'NpcJumpgate',NULL,28,8,1,NULL,NULL,NULL,0,NULL,1),(29,21,2,24,0,0,0,1,'NpcResearchCenter',NULL,5,27,1,NULL,NULL,NULL,0,NULL,1),(30,21,10,9,0,0,0,1,'NpcExcavationSite',NULL,13,12,1,NULL,NULL,NULL,0,NULL,1),(31,21,7,24,0,0,0,1,'NpcCommunicationsHub',NULL,10,25,1,NULL,NULL,NULL,0,NULL,1),(32,21,11,6,0,0,0,1,'NpcTemple',NULL,13,8,1,NULL,NULL,NULL,0,NULL,1),(33,21,11,3,0,0,0,1,'NpcCommunicationsHub',NULL,14,4,1,NULL,NULL,NULL,0,NULL,1),(34,21,28,15,0,0,0,1,'NpcSolarPlant',NULL,29,16,1,NULL,NULL,NULL,0,NULL,1),(35,21,28,1,0,0,0,1,'NpcSolarPlant',NULL,29,2,1,NULL,NULL,NULL,0,NULL,1),(36,21,15,4,0,0,0,1,'NpcSolarPlant',NULL,16,5,1,NULL,NULL,NULL,0,NULL,1),(37,33,17,9,0,0,0,1,'NpcMetalExtractor',NULL,18,10,1,NULL,NULL,NULL,0,NULL,1),(38,33,7,21,0,0,0,1,'NpcMetalExtractor',NULL,8,22,1,NULL,NULL,NULL,0,NULL,1),(39,33,25,26,0,0,0,1,'NpcMetalExtractor',NULL,26,27,1,NULL,NULL,NULL,0,NULL,1),(40,33,15,5,0,0,0,1,'NpcGeothermalPlant',NULL,16,6,1,NULL,NULL,NULL,0,NULL,1),(41,33,19,1,0,0,0,1,'NpcGeothermalPlant',NULL,20,2,1,NULL,NULL,NULL,0,NULL,1),(42,33,1,17,0,0,0,1,'NpcZetiumExtractor',NULL,2,18,1,NULL,NULL,NULL,0,NULL,1),(43,33,8,9,0,0,0,1,'NpcZetiumExtractor',NULL,9,10,1,NULL,NULL,NULL,0,NULL,1),(44,33,3,12,0,0,0,1,'NpcZetiumExtractor',NULL,4,13,1,NULL,NULL,NULL,0,NULL,1),(45,33,8,26,0,0,0,1,'NpcZetiumExtractor',NULL,9,27,1,NULL,NULL,NULL,0,NULL,1),(46,33,26,0,0,0,0,1,'NpcJumpgate',NULL,30,4,1,NULL,NULL,NULL,0,NULL,1),(47,33,24,14,0,0,0,1,'NpcJumpgate',NULL,28,18,1,NULL,NULL,NULL,0,NULL,1),(48,33,11,8,0,0,0,1,'NpcJumpgate',NULL,15,12,1,NULL,NULL,NULL,0,NULL,1),(49,33,10,0,0,0,0,1,'NpcResearchCenter',NULL,13,3,1,NULL,NULL,NULL,0,NULL,1),(50,33,10,4,0,0,0,1,'NpcExcavationSite',NULL,13,7,1,NULL,NULL,NULL,0,NULL,1),(51,33,0,6,0,0,0,1,'NpcCommunicationsHub',NULL,3,7,1,NULL,NULL,NULL,0,NULL,1),(52,33,7,1,0,0,0,1,'NpcTemple',NULL,9,3,1,NULL,NULL,NULL,0,NULL,1),(53,33,0,26,0,0,0,1,'NpcCommunicationsHub',NULL,3,27,1,NULL,NULL,NULL,0,NULL,1),(54,33,9,15,0,0,0,1,'NpcSolarPlant',NULL,10,16,1,NULL,NULL,NULL,0,NULL,1),(55,33,3,24,0,0,0,1,'NpcSolarPlant',NULL,4,25,1,NULL,NULL,NULL,0,NULL,1),(56,33,0,8,0,0,0,1,'NpcSolarPlant',NULL,1,9,1,NULL,NULL,NULL,0,NULL,1),(57,33,29,12,0,0,0,1,'NpcSolarPlant',NULL,30,13,1,NULL,NULL,NULL,0,NULL,1),(58,41,0,0,0,0,0,1,'NpcMetalExtractor',NULL,1,1,1,NULL,NULL,NULL,0,NULL,1),(59,41,7,0,0,0,0,1,'NpcCommunicationsHub',NULL,10,1,1,NULL,NULL,NULL,0,NULL,1),(60,41,15,0,0,0,0,1,'NpcSolarPlant',NULL,16,1,1,NULL,NULL,NULL,0,NULL,1),(61,41,18,0,0,0,0,1,'NpcSolarPlant',NULL,19,1,1,NULL,NULL,NULL,0,NULL,1),(62,41,3,1,0,0,0,1,'NpcMetalExtractor',NULL,4,2,1,NULL,NULL,NULL,0,NULL,1),(63,41,12,1,0,0,0,1,'NpcSolarPlant',NULL,13,2,1,NULL,NULL,NULL,0,NULL,1),(64,41,22,1,0,0,0,1,'NpcSolarPlant',NULL,23,2,1,NULL,NULL,NULL,0,NULL,1),(65,41,26,1,0,0,0,1,'NpcCommunicationsHub',NULL,29,2,1,NULL,NULL,NULL,0,NULL,1),(66,41,6,3,0,0,0,1,'NpcCommunicationsHub',NULL,9,4,1,NULL,NULL,NULL,0,NULL,1),(67,41,15,3,0,0,0,1,'NpcSolarPlant',NULL,16,4,1,NULL,NULL,NULL,0,NULL,1),(68,41,18,3,0,0,0,1,'NpcSolarPlant',NULL,19,4,1,NULL,NULL,NULL,0,NULL,1),(69,41,24,4,0,0,0,1,'NpcMetalExtractor',NULL,25,5,1,NULL,NULL,NULL,0,NULL,1),(70,41,28,4,0,0,0,1,'NpcMetalExtractor',NULL,29,5,1,NULL,NULL,NULL,0,NULL,1),(71,41,13,5,0,0,0,1,'NpcSolarPlant',NULL,14,6,1,NULL,NULL,NULL,0,NULL,1),(72,41,21,5,0,0,0,1,'NpcSolarPlant',NULL,22,6,1,NULL,NULL,NULL,0,NULL,1),(73,41,9,8,0,0,0,1,'Vulcan',NULL,10,9,1,NULL,NULL,NULL,0,NULL,1),(74,41,11,8,0,0,0,1,'Screamer',NULL,12,9,1,NULL,NULL,NULL,0,NULL,1),(75,41,13,8,0,0,0,1,'Thunder',NULL,14,9,1,NULL,NULL,NULL,0,NULL,1),(76,41,15,8,0,0,0,1,'Vulcan',NULL,16,9,1,NULL,NULL,NULL,0,NULL,1),(77,41,17,8,0,0,0,1,'Screamer',NULL,18,9,1,NULL,NULL,NULL,0,NULL,1),(78,41,19,8,0,0,0,1,'Thunder',NULL,20,9,1,NULL,NULL,NULL,0,NULL,1),(79,41,25,8,0,0,0,1,'NpcCommunicationsHub',NULL,28,9,1,NULL,NULL,NULL,0,NULL,1),(80,41,22,9,0,0,0,1,'NpcSolarPlant',NULL,23,10,1,NULL,NULL,NULL,0,NULL,1),(81,41,9,10,0,0,0,1,'Thunder',NULL,10,11,1,NULL,NULL,NULL,0,NULL,1),(82,41,11,10,0,0,0,1,'Mothership',NULL,18,15,1,NULL,NULL,NULL,0,NULL,1),(83,41,19,10,0,0,0,1,'Vulcan',NULL,20,11,1,NULL,NULL,NULL,0,NULL,1),(84,41,9,12,0,0,0,1,'Screamer',NULL,10,13,1,NULL,NULL,NULL,0,NULL,1),(85,41,19,12,0,0,0,1,'Screamer',NULL,20,13,1,NULL,NULL,NULL,0,NULL,1),(86,41,26,12,0,0,0,1,'NpcZetiumExtractor',NULL,27,13,1,NULL,NULL,NULL,0,NULL,1),(87,41,22,13,0,0,0,1,'NpcSolarPlant',NULL,23,14,1,NULL,NULL,NULL,0,NULL,1),(88,41,9,14,0,0,0,1,'Vulcan',NULL,10,15,1,NULL,NULL,NULL,0,NULL,1),(89,41,19,14,0,0,0,1,'Thunder',NULL,20,15,1,NULL,NULL,NULL,0,NULL,1),(90,41,9,16,0,0,0,1,'Thunder',NULL,10,17,1,NULL,NULL,NULL,0,NULL,1),(91,41,11,16,0,0,0,1,'Vulcan',NULL,12,17,1,NULL,NULL,NULL,0,NULL,1),(92,41,13,16,0,0,0,1,'Thunder',NULL,14,17,1,NULL,NULL,NULL,0,NULL,1),(93,41,15,16,0,0,0,1,'Screamer',NULL,16,17,1,NULL,NULL,NULL,0,NULL,1),(94,41,17,16,0,0,0,1,'Thunder',NULL,18,17,1,NULL,NULL,NULL,0,NULL,1),(95,41,19,16,0,0,0,1,'Vulcan',NULL,20,17,1,NULL,NULL,NULL,0,NULL,1),(96,41,27,16,0,0,0,1,'NpcSolarPlant',NULL,28,17,1,NULL,NULL,NULL,0,NULL,1),(97,41,22,17,0,0,0,1,'NpcCommunicationsHub',NULL,25,18,1,NULL,NULL,NULL,0,NULL,1),(98,41,27,19,0,0,0,1,'NpcSolarPlant',NULL,28,20,1,NULL,NULL,NULL,0,NULL,1),(99,41,23,20,0,0,0,1,'NpcSolarPlant',NULL,24,21,1,NULL,NULL,NULL,0,NULL,1),(100,41,21,22,0,0,0,1,'NpcCommunicationsHub',NULL,24,23,1,NULL,NULL,NULL,0,NULL,1),(101,41,28,23,0,0,0,1,'NpcSolarPlant',NULL,29,24,1,NULL,NULL,NULL,0,NULL,1),(102,41,14,25,0,0,0,1,'NpcSolarPlant',NULL,15,26,1,NULL,NULL,NULL,0,NULL,1),(103,41,25,26,0,0,0,1,'NpcSolarPlant',NULL,26,27,1,NULL,NULL,NULL,0,NULL,1),(104,41,20,27,0,0,0,1,'NpcSolarPlant',NULL,21,28,1,NULL,NULL,NULL,0,NULL,1),(105,41,0,28,0,0,0,1,'NpcSolarPlant',NULL,1,29,1,NULL,NULL,NULL,0,NULL,1),(106,41,3,28,0,0,0,1,'NpcSolarPlant',NULL,4,29,1,NULL,NULL,NULL,0,NULL,1),(107,41,13,28,0,0,0,1,'NpcSolarPlant',NULL,14,29,1,NULL,NULL,NULL,0,NULL,1),(108,41,17,28,0,0,0,1,'NpcZetiumExtractor',NULL,18,29,1,NULL,NULL,NULL,0,NULL,1),(109,41,28,28,0,0,0,1,'NpcSolarPlant',NULL,29,29,1,NULL,NULL,NULL,0,NULL,1),(110,53,18,12,0,0,0,1,'NpcMetalExtractor',NULL,19,13,1,NULL,NULL,NULL,0,NULL,1),(111,53,19,18,0,0,0,1,'NpcMetalExtractor',NULL,20,19,1,NULL,NULL,NULL,0,NULL,1),(112,53,8,20,0,0,0,1,'NpcGeothermalPlant',NULL,9,21,1,NULL,NULL,NULL,0,NULL,1),(113,53,9,25,0,0,0,1,'NpcGeothermalPlant',NULL,10,26,1,NULL,NULL,NULL,0,NULL,1),(114,53,15,21,0,0,0,1,'NpcZetiumExtractor',NULL,16,22,1,NULL,NULL,NULL,0,NULL,1),(115,53,14,26,0,0,0,1,'NpcZetiumExtractor',NULL,15,27,1,NULL,NULL,NULL,0,NULL,1),(116,53,2,15,0,0,0,1,'NpcJumpgate',NULL,6,19,1,NULL,NULL,NULL,0,NULL,1),(117,53,0,8,0,0,0,1,'NpcResearchCenter',NULL,3,11,1,NULL,NULL,NULL,0,NULL,1),(118,53,18,25,0,0,0,1,'NpcCommunicationsHub',NULL,21,26,1,NULL,NULL,NULL,0,NULL,1),(119,53,14,4,0,0,0,1,'NpcResearchCenter',NULL,17,7,1,NULL,NULL,NULL,0,NULL,1),(120,53,6,4,0,0,0,1,'NpcExcavationSite',NULL,9,7,1,NULL,NULL,NULL,0,NULL,1),(121,53,19,4,0,0,0,1,'NpcCommunicationsHub',NULL,22,5,1,NULL,NULL,NULL,0,NULL,1),(122,53,4,21,0,0,0,1,'NpcSolarPlant',NULL,5,22,1,NULL,NULL,NULL,0,NULL,1),(123,53,18,23,0,0,0,1,'NpcSolarPlant',NULL,19,24,1,NULL,NULL,NULL,0,NULL,1),(124,53,1,13,0,0,0,1,'NpcSolarPlant',NULL,2,14,1,NULL,NULL,NULL,0,NULL,1),(125,58,15,9,0,0,0,1,'NpcMetalExtractor',NULL,16,10,1,NULL,NULL,NULL,0,NULL,1),(126,58,22,4,0,0,0,1,'NpcMetalExtractor',NULL,23,5,1,NULL,NULL,NULL,0,NULL,1),(127,58,2,18,0,0,0,1,'NpcMetalExtractor',NULL,3,19,1,NULL,NULL,NULL,0,NULL,1),(128,58,10,12,0,0,0,1,'NpcGeothermalPlant',NULL,11,13,1,NULL,NULL,NULL,0,NULL,1),(129,58,8,4,0,0,0,1,'NpcGeothermalPlant',NULL,9,5,1,NULL,NULL,NULL,0,NULL,1),(130,58,3,13,0,0,0,1,'NpcZetiumExtractor',NULL,4,14,1,NULL,NULL,NULL,0,NULL,1),(131,58,18,17,0,0,0,1,'NpcZetiumExtractor',NULL,19,18,1,NULL,NULL,NULL,0,NULL,1),(132,58,16,5,0,0,0,1,'NpcZetiumExtractor',NULL,17,6,1,NULL,NULL,NULL,0,NULL,1),(133,58,21,11,0,0,0,1,'NpcJumpgate',NULL,25,15,1,NULL,NULL,NULL,0,NULL,1),(134,58,23,17,0,0,0,1,'NpcJumpgate',NULL,27,21,1,NULL,NULL,NULL,0,NULL,1),(135,58,17,0,0,0,0,1,'NpcResearchCenter',NULL,20,3,1,NULL,NULL,NULL,0,NULL,1),(136,58,5,7,0,0,0,1,'NpcExcavationSite',NULL,8,10,1,NULL,NULL,NULL,0,NULL,1),(137,58,13,17,0,0,0,1,'NpcCommunicationsHub',NULL,16,18,1,NULL,NULL,NULL,0,NULL,1),(138,58,14,19,0,0,0,1,'NpcTemple',NULL,16,21,1,NULL,NULL,NULL,0,NULL,1),(139,58,11,3,0,0,0,1,'NpcCommunicationsHub',NULL,14,4,1,NULL,NULL,NULL,0,NULL,1),(140,58,13,1,0,0,0,1,'NpcSolarPlant',NULL,14,2,1,NULL,NULL,NULL,0,NULL,1),(141,58,19,5,0,0,0,1,'NpcSolarPlant',NULL,20,6,1,NULL,NULL,NULL,0,NULL,1),(142,58,7,13,0,0,0,1,'NpcSolarPlant',NULL,8,14,1,NULL,NULL,NULL,0,NULL,1),(143,58,20,20,0,0,0,1,'NpcSolarPlant',NULL,21,21,1,NULL,NULL,NULL,0,NULL,1),(144,61,24,3,0,0,0,1,'NpcGeothermalPlant',NULL,25,4,1,NULL,NULL,NULL,0,NULL,1),(145,61,6,27,0,0,0,1,'NpcZetiumExtractor',NULL,7,28,1,NULL,NULL,NULL,0,NULL,1),(146,61,1,11,0,0,0,1,'NpcJumpgate',NULL,5,15,1,NULL,NULL,NULL,0,NULL,1),(147,61,13,28,0,0,0,1,'NpcExcavationSite',NULL,16,31,1,NULL,NULL,NULL,0,NULL,1),(148,61,14,13,0,0,0,1,'NpcTemple',NULL,16,15,1,NULL,NULL,NULL,0,NULL,1),(149,61,24,30,0,0,0,1,'NpcCommunicationsHub',NULL,27,31,1,NULL,NULL,NULL,0,NULL,1),(150,61,20,31,0,0,0,1,'NpcSolarPlant',NULL,21,32,1,NULL,NULL,NULL,0,NULL,1),(151,61,5,31,0,0,0,1,'NpcSolarPlant',NULL,6,32,1,NULL,NULL,NULL,0,NULL,1),(152,61,23,18,0,0,0,1,'NpcSolarPlant',NULL,24,19,1,NULL,NULL,NULL,0,NULL,1),(153,64,16,13,0,0,0,1,'NpcMetalExtractor',NULL,17,14,1,NULL,NULL,NULL,0,NULL,1),(154,64,17,21,0,0,0,1,'NpcMetalExtractor',NULL,18,22,1,NULL,NULL,NULL,0,NULL,1),(155,64,17,1,0,0,0,1,'NpcZetiumExtractor',NULL,18,2,1,NULL,NULL,NULL,0,NULL,1),(156,64,22,19,0,0,0,1,'NpcZetiumExtractor',NULL,23,20,1,NULL,NULL,NULL,0,NULL,1),(157,64,22,2,0,0,0,1,'NpcZetiumExtractor',NULL,23,3,1,NULL,NULL,NULL,0,NULL,1),(158,64,22,15,0,0,0,1,'NpcZetiumExtractor',NULL,23,16,1,NULL,NULL,NULL,0,NULL,1),(159,64,2,11,0,0,0,1,'NpcJumpgate',NULL,6,15,1,NULL,NULL,NULL,0,NULL,1),(160,64,19,5,0,0,0,1,'NpcJumpgate',NULL,23,9,1,NULL,NULL,NULL,0,NULL,1),(161,64,3,3,0,0,0,1,'NpcResearchCenter',NULL,6,6,1,NULL,NULL,NULL,0,NULL,1),(162,64,11,18,0,0,0,1,'NpcExcavationSite',NULL,14,21,1,NULL,NULL,NULL,0,NULL,1),(163,64,2,19,0,0,0,1,'NpcSolarPlant',NULL,3,20,1,NULL,NULL,NULL,0,NULL,1),(164,64,16,4,0,0,0,1,'NpcSolarPlant',NULL,17,5,1,NULL,NULL,NULL,0,NULL,1),(165,64,0,5,0,0,0,1,'NpcSolarPlant',NULL,1,6,1,NULL,NULL,NULL,0,NULL,1),(166,76,22,2,0,0,0,1,'NpcMetalExtractor',NULL,23,3,1,NULL,NULL,NULL,0,NULL,1),(167,76,18,21,0,0,0,1,'NpcMetalExtractor',NULL,19,22,1,NULL,NULL,NULL,0,NULL,1),(168,76,6,5,0,0,0,1,'NpcMetalExtractor',NULL,7,6,1,NULL,NULL,NULL,0,NULL,1),(169,76,1,15,0,0,0,1,'NpcZetiumExtractor',NULL,2,16,1,NULL,NULL,NULL,0,NULL,1),(170,76,2,19,0,0,0,1,'NpcZetiumExtractor',NULL,3,20,1,NULL,NULL,NULL,0,NULL,1),(171,76,7,24,0,0,0,1,'NpcJumpgate',NULL,11,28,1,NULL,NULL,NULL,0,NULL,1),(172,76,0,3,0,0,0,1,'NpcJumpgate',NULL,4,7,1,NULL,NULL,NULL,0,NULL,1),(173,76,17,24,0,0,0,1,'NpcJumpgate',NULL,21,28,1,NULL,NULL,NULL,0,NULL,1),(174,76,15,1,0,0,0,1,'NpcResearchCenter',NULL,18,4,1,NULL,NULL,NULL,0,NULL,1),(175,76,8,1,0,0,0,1,'NpcTemple',NULL,10,3,1,NULL,NULL,NULL,0,NULL,1),(176,76,22,7,0,0,0,1,'NpcCommunicationsHub',NULL,25,8,1,NULL,NULL,NULL,0,NULL,1),(177,76,17,5,0,0,0,1,'NpcSolarPlant',NULL,18,6,1,NULL,NULL,NULL,0,NULL,1),(178,76,13,0,0,0,0,1,'NpcSolarPlant',NULL,14,1,1,NULL,NULL,NULL,0,NULL,1),(179,76,15,18,0,0,0,1,'NpcSolarPlant',NULL,16,19,1,NULL,NULL,NULL,0,NULL,1),(180,76,19,5,0,0,0,1,'NpcSolarPlant',NULL,20,6,1,NULL,NULL,NULL,0,NULL,1),(181,82,2,3,0,0,0,1,'NpcTankFactory',NULL,5,6,1,NULL,NULL,NULL,0,NULL,1),(182,82,13,4,0,0,0,1,'NpcSpaceFactory',NULL,17,7,1,NULL,NULL,NULL,0,NULL,1),(183,82,10,7,0,0,0,1,'NpcHall',NULL,11,8,1,NULL,NULL,NULL,0,NULL,1),(184,82,5,9,0,0,0,1,'NpcInfantryFactory',NULL,7,11,1,NULL,NULL,NULL,0,NULL,1);
/*!40000 ALTER TABLE `buildings` ENABLE KEYS */;
UNLOCK TABLES;

--
-- Table structure for table `callbacks`
--

DROP TABLE IF EXISTS `callbacks`;
/*!40101 SET @saved_cs_client     = @@character_set_client */;
/*!40101 SET character_set_client = utf8 */;
CREATE TABLE `callbacks` (
  `class` varchar(50) NOT NULL,
  `object_id` int(10) unsigned NOT NULL,
  `ends_at` datetime NOT NULL,
  `event` tinyint(2) unsigned NOT NULL DEFAULT '0',
  `ruleset` varchar(30) NOT NULL,
  UNIQUE KEY `main` (`class`,`object_id`,`event`),
  KEY `tick` (`ends_at`)
) ENGINE=InnoDB DEFAULT CHARSET=utf8;
/*!40101 SET character_set_client = @saved_cs_client */;

--
-- Dumping data for table `callbacks`
--

LOCK TABLES `callbacks` WRITE;
/*!40000 ALTER TABLE `callbacks` DISABLE KEYS */;
INSERT INTO `callbacks` VALUES ('Galaxy',1,'2011-06-16 18:04:15',9,'dev'),('SolarSystem',8,'2012-06-15 23:54:16',8,'dev'),('SsObject::Asteroid',15,'2011-06-16 17:54:46',9,'dev'),('SsObject::Asteroid',16,'2011-06-16 17:54:46',9,'dev'),('SsObject::Asteroid',17,'2011-06-16 17:54:46',9,'dev'),('SsObject::Asteroid',18,'2011-06-16 17:54:46',9,'dev'),('SsObject::Asteroid',19,'2011-06-16 17:54:46',9,'dev'),('SsObject::Asteroid',22,'2011-06-16 17:54:46',9,'dev'),('SsObject::Asteroid',23,'2011-06-16 17:54:46',9,'dev'),('SsObject::Asteroid',25,'2011-06-16 17:54:46',9,'dev'),('SsObject::Asteroid',26,'2011-06-16 17:54:46',9,'dev'),('SsObject::Asteroid',27,'2011-06-16 17:54:46',9,'dev'),('SsObject::Asteroid',28,'2011-06-16 17:54:46',9,'dev'),('SsObject::Asteroid',29,'2011-06-16 17:54:46',9,'dev'),('SsObject::Asteroid',30,'2011-06-16 17:54:46',9,'dev'),('SsObject::Asteroid',31,'2011-06-16 17:54:46',9,'dev'),('SsObject::Asteroid',34,'2011-06-16 17:54:46',9,'dev'),('SsObject::Asteroid',35,'2011-06-16 17:54:46',9,'dev'),('SsObject::Asteroid',36,'2011-06-16 17:54:46',9,'dev'),('SsObject::Asteroid',37,'2011-06-16 17:54:46',9,'dev'),('SsObject::Asteroid',38,'2011-06-16 17:54:46',9,'dev'),('SsObject::Asteroid',39,'2011-06-16 17:54:46',9,'dev'),('SsObject::Asteroid',40,'2011-06-16 17:54:46',9,'dev'),('SsObject::Asteroid',42,'2011-06-16 17:54:46',9,'dev'),('SsObject::Asteroid',43,'2011-06-16 17:54:46',9,'dev'),('SsObject::Asteroid',45,'2011-06-16 17:54:46',9,'dev'),('SsObject::Asteroid',46,'2011-06-16 17:54:46',9,'dev'),('SsObject::Asteroid',49,'2011-06-16 17:54:46',9,'dev'),('SsObject::Asteroid',50,'2011-06-16 17:54:46',9,'dev'),('SsObject::Asteroid',51,'2011-06-16 17:54:46',9,'dev'),('SsObject::Asteroid',52,'2011-06-16 17:54:46',9,'dev'),('SsObject::Asteroid',54,'2011-06-16 17:54:46',9,'dev'),('SsObject::Asteroid',55,'2011-06-16 17:54:46',9,'dev'),('SsObject::Asteroid',56,'2011-06-16 17:54:46',9,'dev'),('SsObject::Asteroid',57,'2011-06-16 17:54:46',9,'dev'),('SsObject::Asteroid',59,'2011-06-16 17:54:46',9,'dev'),('SsObject::Asteroid',62,'2011-06-16 17:54:46',9,'dev'),('SsObject::Asteroid',63,'2011-06-16 17:54:46',9,'dev'),('SsObject::Asteroid',65,'2011-06-16 17:54:46',9,'dev'),('SsObject::Asteroid',66,'2011-06-16 17:54:46',9,'dev'),('SsObject::Asteroid',67,'2011-06-16 17:54:46',9,'dev'),('SsObject::Asteroid',68,'2011-06-16 17:54:46',9,'dev'),('SsObject::Asteroid',69,'2011-06-16 17:54:46',9,'dev'),('SsObject::Asteroid',70,'2011-06-16 17:54:46',9,'dev'),('SsObject::Asteroid',72,'2011-06-16 17:54:46',9,'dev'),('SsObject::Asteroid',73,'2011-06-16 17:54:46',9,'dev'),('SsObject::Asteroid',74,'2011-06-16 17:54:46',9,'dev'),('SsObject::Asteroid',75,'2011-06-16 17:54:46',9,'dev'),('SsObject::Asteroid',77,'2011-06-16 17:54:46',9,'dev'),('SsObject::Asteroid',78,'2011-06-16 17:54:46',9,'dev'),('SsObject::Asteroid',79,'2011-06-16 17:54:46',9,'dev');
/*!40000 ALTER TABLE `callbacks` ENABLE KEYS */;
UNLOCK TABLES;

--
-- Table structure for table `chat_messages`
--

DROP TABLE IF EXISTS `chat_messages`;
/*!40101 SET @saved_cs_client     = @@character_set_client */;
/*!40101 SET character_set_client = utf8 */;
CREATE TABLE `chat_messages` (
  `source_id` int(11) NOT NULL,
  `target_id` int(11) NOT NULL,
  `message` varchar(255) NOT NULL,
  `created_at` datetime NOT NULL,
  KEY `index_chat_messages_on_source_id` (`source_id`),
  KEY `index_chat_messages_on_target_id` (`target_id`),
  CONSTRAINT `chat_messages_ibfk_2` FOREIGN KEY (`target_id`) REFERENCES `players` (`id`) ON DELETE CASCADE,
  CONSTRAINT `chat_messages_ibfk_1` FOREIGN KEY (`source_id`) REFERENCES `players` (`id`) ON DELETE CASCADE
) ENGINE=InnoDB DEFAULT CHARSET=utf8;
/*!40101 SET character_set_client = @saved_cs_client */;

--
-- Dumping data for table `chat_messages`
--

LOCK TABLES `chat_messages` WRITE;
/*!40000 ALTER TABLE `chat_messages` DISABLE KEYS */;
/*!40000 ALTER TABLE `chat_messages` ENABLE KEYS */;
UNLOCK TABLES;

--
-- Table structure for table `combat_logs`
--

DROP TABLE IF EXISTS `combat_logs`;
/*!40101 SET @saved_cs_client     = @@character_set_client */;
/*!40101 SET character_set_client = utf8 */;
CREATE TABLE `combat_logs` (
  `sha1_id` char(40) NOT NULL,
  `info` mediumtext NOT NULL,
  `expires_at` datetime NOT NULL,
  PRIMARY KEY (`sha1_id`),
  KEY `index_combat_logs_on_expires_at` (`expires_at`)
) ENGINE=InnoDB DEFAULT CHARSET=utf8;
/*!40101 SET character_set_client = @saved_cs_client */;

--
-- Dumping data for table `combat_logs`
--

LOCK TABLES `combat_logs` WRITE;
/*!40000 ALTER TABLE `combat_logs` DISABLE KEYS */;
/*!40000 ALTER TABLE `combat_logs` ENABLE KEYS */;
UNLOCK TABLES;

--
-- Table structure for table `construction_queue_entries`
--

DROP TABLE IF EXISTS `construction_queue_entries`;
/*!40101 SET @saved_cs_client     = @@character_set_client */;
/*!40101 SET character_set_client = utf8 */;
CREATE TABLE `construction_queue_entries` (
  `id` int(11) NOT NULL AUTO_INCREMENT,
  `constructable_type` varchar(100) NOT NULL,
  `constructor_id` int(11) NOT NULL,
  `count` int(11) NOT NULL,
  `position` smallint(2) unsigned NOT NULL DEFAULT '0',
  `params` text,
  `player_id` int(11) DEFAULT NULL,
  PRIMARY KEY (`id`),
  KEY `index_upgrade_queue_entries_on_position` (`position`),
  KEY `foreign_key` (`constructor_id`),
  KEY `player_id` (`player_id`),
  CONSTRAINT `construction_queue_entries_ibfk_2` FOREIGN KEY (`player_id`) REFERENCES `players` (`id`) ON DELETE CASCADE,
  CONSTRAINT `construction_queue_entries_ibfk_1` FOREIGN KEY (`constructor_id`) REFERENCES `buildings` (`id`) ON DELETE CASCADE
) ENGINE=InnoDB DEFAULT CHARSET=utf8;
/*!40101 SET character_set_client = @saved_cs_client */;

--
-- Dumping data for table `construction_queue_entries`
--

LOCK TABLES `construction_queue_entries` WRITE;
/*!40000 ALTER TABLE `construction_queue_entries` DISABLE KEYS */;
/*!40000 ALTER TABLE `construction_queue_entries` ENABLE KEYS */;
UNLOCK TABLES;

--
-- Table structure for table `cooldowns`
--

DROP TABLE IF EXISTS `cooldowns`;
/*!40101 SET @saved_cs_client     = @@character_set_client */;
/*!40101 SET character_set_client = utf8 */;
CREATE TABLE `cooldowns` (
  `id` int(11) NOT NULL AUTO_INCREMENT,
  `location_id` int(10) unsigned NOT NULL,
  `location_type` tinyint(2) unsigned NOT NULL,
  `location_x` int(11) DEFAULT NULL,
  `location_y` int(11) DEFAULT NULL,
  `ends_at` datetime NOT NULL,
  PRIMARY KEY (`id`),
  UNIQUE KEY `location` (`location_id`,`location_type`,`location_x`,`location_y`)
) ENGINE=InnoDB DEFAULT CHARSET=utf8;
/*!40101 SET character_set_client = @saved_cs_client */;

--
-- Dumping data for table `cooldowns`
--

LOCK TABLES `cooldowns` WRITE;
/*!40000 ALTER TABLE `cooldowns` DISABLE KEYS */;
/*!40000 ALTER TABLE `cooldowns` ENABLE KEYS */;
UNLOCK TABLES;

--
-- Table structure for table `cred_stats`
--

DROP TABLE IF EXISTS `cred_stats`;
/*!40101 SET @saved_cs_client     = @@character_set_client */;
/*!40101 SET character_set_client = utf8 */;
CREATE TABLE `cred_stats` (
  `id` int(11) NOT NULL AUTO_INCREMENT,
  `action` tinyint(2) unsigned NOT NULL,
  `player_id` int(11) DEFAULT NULL,
  `creds_left` int(10) unsigned NOT NULL,
  `class_name` varchar(50) DEFAULT NULL,
  `level` tinyint(2) unsigned DEFAULT NULL,
  `cost` int(10) unsigned NOT NULL,
  `time` int(10) unsigned DEFAULT NULL,
  `actual_time` int(10) unsigned DEFAULT NULL,
  `created_at` datetime NOT NULL,
  `resource` varchar(6) DEFAULT NULL,
  `attribute` varchar(7) DEFAULT NULL,
  `vip_level` tinyint(2) unsigned NOT NULL DEFAULT '0',
  `vip_creds` int(10) unsigned NOT NULL DEFAULT '0',
  PRIMARY KEY (`id`),
  KEY `by_action` (`action`),
  KEY `by_player` (`player_id`),
  CONSTRAINT `cred_stats_ibfk_1` FOREIGN KEY (`player_id`) REFERENCES `players` (`id`) ON DELETE SET NULL
) ENGINE=InnoDB DEFAULT CHARSET=utf8;
/*!40101 SET character_set_client = @saved_cs_client */;

--
-- Dumping data for table `cred_stats`
--

LOCK TABLES `cred_stats` WRITE;
/*!40000 ALTER TABLE `cred_stats` DISABLE KEYS */;
/*!40000 ALTER TABLE `cred_stats` ENABLE KEYS */;
UNLOCK TABLES;

--
-- Table structure for table `folliages`
--

DROP TABLE IF EXISTS `folliages`;
/*!40101 SET @saved_cs_client     = @@character_set_client */;
/*!40101 SET character_set_client = utf8 */;
CREATE TABLE `folliages` (
  `planet_id` int(11) NOT NULL,
  `x` tinyint(2) unsigned NOT NULL DEFAULT '0',
  `y` tinyint(2) unsigned NOT NULL DEFAULT '0',
  `kind` tinyint(2) unsigned NOT NULL DEFAULT '0',
  UNIQUE KEY `coords` (`planet_id`,`x`,`y`),
  CONSTRAINT `folliages_ibfk_1` FOREIGN KEY (`planet_id`) REFERENCES `ss_objects` (`id`) ON DELETE CASCADE
) ENGINE=InnoDB DEFAULT CHARSET=utf8;
/*!40101 SET character_set_client = @saved_cs_client */;

--
-- Dumping data for table `folliages`
--

LOCK TABLES `folliages` WRITE;
/*!40000 ALTER TABLE `folliages` DISABLE KEYS */;
INSERT INTO `folliages` VALUES (1,0,1,9),(1,0,3,8),(1,0,4,0),(1,0,7,11),(1,1,6,5),(1,1,7,2),(1,2,12,10),(1,3,2,9),(1,3,7,9),(1,3,9,4),(1,3,11,4),(1,4,9,1),(1,5,2,4),(1,5,8,10),(1,7,0,0),(1,7,1,2),(1,7,7,13),(1,8,7,3),(1,8,9,1),(1,8,10,4),(1,9,11,0),(1,10,1,5),(1,10,2,8),(1,10,4,2),(1,10,6,0),(1,11,3,7),(1,12,0,9),(1,12,3,5),(1,12,9,2),(1,13,0,1),(1,13,3,10),(1,13,10,7),(1,14,3,13),(1,16,3,7),(1,17,2,7),(1,18,8,12),(1,19,3,10),(1,19,4,4),(1,19,12,11),(1,20,4,7),(1,20,9,1),(1,21,3,5),(1,21,4,7),(1,21,11,11),(1,22,1,13),(1,22,4,6),(1,22,8,6),(1,22,10,5),(4,0,3,0),(4,0,13,12),(4,0,14,1),(4,1,5,0),(4,1,7,8),(4,2,0,11),(4,2,8,12),(4,3,1,12),(4,3,9,1),(4,4,7,1),(4,4,9,2),(4,5,1,10),(4,5,6,7),(4,5,9,10),(4,5,14,9),(4,6,7,6),(4,7,14,4),(4,8,0,0),(4,8,1,5),(4,8,3,7),(4,8,6,12),(4,8,7,6),(4,8,8,8),(4,8,14,3),(4,9,10,5),(4,9,12,6),(4,9,14,5),(4,10,0,0),(4,10,10,11),(4,11,10,5),(5,0,13,1),(5,0,14,3),(5,0,16,9),(5,1,3,0),(5,1,5,4),(5,1,14,3),(5,2,16,3),(5,4,10,6),(5,4,15,10),(5,5,6,3),(5,5,7,1),(5,5,8,2),(5,6,1,12),(5,6,2,1),(5,6,9,1),(5,6,10,4),(5,6,11,6),(5,6,14,12),(5,7,9,5),(5,7,10,2),(5,7,11,6),(5,7,15,1),(5,7,16,11),(5,8,15,1),(5,10,4,0),(5,10,11,8),(5,10,16,8),(5,11,1,5),(5,11,4,3),(5,11,10,11),(5,12,9,12),(5,12,10,11),(5,12,12,6),(5,13,0,13),(5,13,5,11),(5,13,6,10),(5,13,8,0),(5,13,14,7),(5,14,16,8),(5,15,6,8),(5,15,15,3),(5,16,16,5),(5,18,7,10),(5,18,10,3),(5,18,15,4),(5,19,6,10),(5,19,7,6),(5,19,8,2),(5,19,9,11),(5,19,10,0),(5,20,0,8),(5,20,7,5),(5,20,8,7),(5,20,14,6),(9,0,10,2),(9,0,11,0),(9,1,16,13),(9,2,6,2),(9,2,16,7),(9,3,9,6),(9,3,10,8),(9,5,8,6),(9,5,10,4),(9,6,4,4),(9,6,16,3),(9,7,4,0),(9,7,9,0),(9,7,11,13),(9,7,15,8),(9,8,4,5),(9,8,15,3),(9,9,6,7),(9,9,8,1),(9,9,9,8),(9,9,11,2),(9,10,4,5),(9,10,10,13),(9,11,14,2),(9,12,6,10),(9,12,7,0),(9,12,14,11),(9,13,6,2),(9,13,9,10),(9,13,15,12),(9,15,6,4),(9,15,15,9),(9,15,16,2),(9,16,6,9),(9,16,15,10),(9,17,6,8),(9,17,8,5),(9,17,15,13),(9,18,6,11),(9,19,15,10),(9,20,3,12),(9,20,4,2),(9,20,8,8),(9,20,12,10),(9,20,13,8),(9,20,16,7),(13,0,3,3),(13,0,6,9),(13,0,14,11),(13,0,16,3),(13,1,5,11),(13,1,10,9),(13,1,12,7),(13,2,6,6),(13,3,10,8),(13,3,15,11),(13,4,2,9),(13,4,6,11),(13,4,8,0),(13,4,9,10),(13,4,16,6),(13,5,3,13),(13,5,4,0),(13,6,0,6),(13,6,3,10),(13,7,4,7),(13,7,16,6),(13,8,9,10),(13,9,10,13),(13,11,0,12),(13,11,1,7),(13,11,5,9),(13,11,7,8),(13,11,15,0),(13,12,1,8),(13,12,6,5),(13,12,8,2),(13,12,9,4),(13,12,15,12),(13,12,16,0),(13,13,1,3),(13,13,2,7),(13,13,3,5),(13,13,5,2),(13,13,6,11),(13,13,11,4),(13,13,15,10),(13,13,16,3),(13,15,16,4),(13,16,16,2),(13,17,7,7),(13,17,9,13),(13,17,16,3),(13,18,6,0),(13,18,10,3),(13,19,8,5),(13,19,12,2),(13,19,14,10),(13,19,16,2),(13,20,1,7),(13,20,2,3),(13,20,7,2),(13,20,15,4),(13,20,16,1),(21,0,4,8),(21,0,5,13),(21,0,16,0),(21,0,20,2),(21,0,24,0),(21,1,2,3),(21,1,10,11),(21,1,18,2),(21,1,20,13),(21,1,25,1),(21,1,26,7),(21,1,27,13),(21,2,7,5),(21,2,9,12),(21,3,20,12),(21,3,28,0),(21,4,18,5),(21,4,22,13),(21,4,23,4),(21,6,14,4),(21,7,1,11),(21,8,0,1),(21,8,7,12),(21,8,9,0),(21,9,3,3),(21,9,5,9),(21,9,6,13),(21,9,8,9),(21,10,7,5),(21,10,8,11),(21,11,0,0),(21,11,5,4),(21,11,22,6),(21,11,25,8),(21,12,17,1),(21,13,16,11),(21,14,16,9),(21,14,24,2),(21,15,6,6),(21,15,20,1),(21,15,24,1),(21,16,3,3),(21,16,10,0),(21,16,22,11),(21,17,9,6),(21,17,10,0),(21,17,21,8),(21,17,23,13),(21,17,24,0),(21,17,25,5),(21,18,18,4),(21,18,21,13),(21,18,25,10),(21,18,28,5),(21,19,19,1),(21,20,28,4),(21,21,6,11),(21,21,27,7),(21,22,0,5),(21,22,18,0),(21,23,13,1),(21,23,15,9),(21,23,16,8),(21,23,18,0),(21,23,22,1),(21,23,24,1),(21,24,0,5),(21,24,23,10),(21,26,2,11),(21,26,3,4),(21,26,27,4),(21,27,0,2),(21,27,21,9),(21,28,17,6),(21,29,4,0),(21,29,21,4),(33,0,17,13),(33,0,19,1),(33,0,24,5),(33,0,28,12),(33,2,0,11),(33,2,23,11),(33,3,4,4),(33,3,9,13),(33,3,11,3),(33,3,16,11),(33,3,18,9),(33,3,21,6),(33,4,18,7),(33,5,9,2),(33,5,12,0),(33,5,13,2),(33,5,14,5),(33,5,19,0),(33,6,2,9),(33,6,12,7),(33,6,17,4),(33,6,20,7),(33,6,21,1),(33,7,7,13),(33,7,9,3),(33,7,16,6),(33,8,0,12),(33,8,7,3),(33,8,8,4),(33,8,19,11),(33,9,4,10),(33,9,23,10),(33,9,25,7),(33,10,8,13),(33,10,12,12),(33,10,18,1),(33,10,20,10),(33,11,19,0),(33,11,23,5),(33,11,25,0),(33,12,21,0),(33,12,27,0),(33,13,21,11),(33,14,0,11),(33,14,2,2),(33,14,7,8),(33,14,25,3),(33,15,20,0),(33,15,26,4),(33,15,28,10),(33,16,2,3),(33,16,14,7),(33,16,20,7),(33,16,28,3),(33,17,2,13),(33,17,18,11),(33,17,25,10),(33,17,27,10),(33,18,2,11),(33,18,3,7),(33,18,17,3),(33,18,19,6),(33,18,24,9),(33,18,27,4),(33,19,3,1),(33,19,24,0),(33,19,28,1),(33,20,3,10),(33,20,17,6),(33,20,18,7),(33,20,28,5),(33,22,12,2),(33,22,16,2),(33,22,18,3),(33,22,19,4),(33,22,20,0),(33,22,22,12),(33,23,18,4),(33,24,0,3),(33,24,12,6),(33,24,20,12),(33,24,22,7),(33,24,24,6),(33,24,27,11),(33,25,5,9),(33,25,7,6),(33,25,19,9),(33,25,20,4),(33,26,21,7),(33,27,13,4),(33,27,20,3),(33,28,8,4),(33,28,10,9),(33,29,8,10),(33,29,9,7),(33,29,10,4),(33,29,20,12),(33,30,14,4),(33,30,17,7),(41,0,16,3),(41,0,19,3),(41,1,18,8),(41,1,24,13),(41,1,25,8),(41,2,18,7),(41,2,19,11),(41,2,25,9),(41,2,26,12),(41,3,18,13),(41,3,27,9),(41,4,0,11),(41,4,3,2),(41,4,10,13),(41,4,19,3),(41,4,25,1),(41,5,2,1),(41,5,7,4),(41,5,10,1),(41,5,11,10),(41,5,15,9),(41,5,21,2),(41,5,25,11),(41,5,28,4),(41,6,2,4),(41,6,6,3),(41,6,10,2),(41,6,15,6),(41,6,24,13),(41,7,5,0),(41,7,8,4),(41,7,15,10),(41,7,17,6),(41,8,11,0),(41,8,20,1),(41,8,21,1),(41,9,5,5),(41,9,18,2),(41,9,29,10),(41,10,19,7),(41,10,22,11),(41,10,29,12),(41,11,4,7),(41,12,4,8),(41,12,19,7),(41,13,3,6),(41,13,18,10),(41,13,19,7),(41,13,20,12),(41,13,21,5),(41,13,27,4),(41,14,19,5),(41,14,23,11),(41,15,5,2),(41,15,7,5),(41,15,18,9),(41,15,19,2),(41,15,20,5),(41,15,22,6),(41,16,20,4),(41,16,22,0),(41,17,7,6),(41,17,23,12),(41,17,24,0),(41,17,26,13),(41,19,21,7),(41,19,26,7),(41,20,6,2),(41,20,18,11),(41,21,10,9),(41,21,13,8),(41,21,17,6),(41,21,19,7),(41,21,24,11),(41,22,11,10),(41,22,12,13),(41,22,16,3),(41,23,4,1),(41,23,5,7),(41,23,7,0),(41,23,12,1),(41,23,15,3),(41,24,13,13),(41,25,2,2),(41,25,6,13),(41,25,15,6),(41,25,20,13),(41,25,22,9),(41,25,24,10),(41,26,4,2),(41,26,17,11),(41,26,18,8),(41,26,24,8),(41,27,25,0),(41,27,27,10),(41,28,3,0),(53,0,6,11),(53,0,25,9),(53,1,7,7),(53,3,7,1),(53,4,0,8),(53,4,1,6),(53,4,6,3),(53,4,7,5),(53,4,28,3),(53,5,0,0),(53,5,2,2),(53,5,3,1),(53,5,5,0),(53,5,10,2),(53,5,26,2),(53,5,27,0),(53,6,14,1),(53,6,21,2),(53,6,24,8),(53,6,28,10),(53,7,3,1),(53,7,10,3),(53,7,19,6),(53,7,25,10),(53,7,28,10),(53,8,3,11),(53,8,9,11),(53,8,11,5),(53,8,27,11),(53,9,8,13),(53,9,13,12),(53,9,24,5),(53,10,4,8),(53,10,5,4),(53,10,10,0),(53,10,11,3),(53,10,14,3),(53,10,15,6),(53,10,20,10),(53,11,5,7),(53,11,8,13),(53,11,21,4),(53,11,24,5),(53,12,7,8),(53,12,13,1),(53,13,1,3),(53,13,8,5),(53,13,22,11),(53,13,23,11),(53,14,9,0),(53,14,19,0),(53,14,24,9),(53,15,1,12),(53,15,9,10),(53,15,19,10),(53,15,25,3),(53,16,1,6),(53,16,3,3),(53,16,10,9),(53,16,16,13),(53,16,19,6),(53,17,2,4),(53,17,18,11),(53,17,19,10),(53,17,21,9),(53,18,19,11),(53,18,28,5),(53,19,16,2),(53,19,27,8),(53,20,3,9),(53,20,6,6),(53,20,24,0),(53,21,19,8),(53,21,28,2),(53,22,1,2),(53,22,2,8),(53,22,3,7),(53,22,12,9),(53,22,20,3),(53,22,21,3),(53,22,22,8),(53,22,23,3),(53,22,26,5),(53,23,14,11),(53,23,15,3),(53,23,20,5),(53,23,24,6),(53,23,25,9),(53,23,28,2),(58,0,1,3),(58,0,2,4),(58,0,11,7),(58,0,12,3),(58,0,13,9),(58,0,20,11),(58,1,14,4),(58,1,20,2),(58,2,1,0),(58,2,11,7),(58,2,21,4),(58,3,2,7),(58,3,20,7),(58,4,3,3),(58,4,20,3),(58,5,16,6),(58,7,1,0),(58,7,15,10),(58,8,3,7),(58,8,16,7),(58,9,15,0),(58,9,19,3),(58,10,0,2),(58,10,20,0),(58,11,0,0),(58,11,5,1),(58,11,11,6),(58,11,18,8),(58,11,21,4),(58,12,2,10),(58,12,6,1),(58,12,12,4),(58,12,15,10),(58,12,16,5),(58,13,0,5),(58,13,10,12),(58,13,13,6),(58,14,5,7),(58,14,11,8),(58,14,12,3),(58,14,15,6),(58,15,0,10),(58,15,3,3),(58,15,12,13),(58,15,14,13),(58,16,1,9),(58,16,14,8),(58,17,11,4),(58,17,13,6),(58,18,6,2),(58,18,9,11),(58,18,11,6),(58,19,8,3),(58,19,11,2),(58,20,4,0),(58,20,7,4),(58,20,15,1),(58,21,1,8),(58,22,8,2),(58,22,10,0),(58,23,0,1),(58,23,10,8),(58,24,6,12),(58,27,0,7),(61,0,16,4),(61,0,19,11),(61,0,20,4),(61,0,24,0),(61,0,27,13),(61,0,30,2),(61,0,31,5),(61,2,29,9),(61,3,25,1),(61,3,29,2),(61,5,25,5),(61,5,27,5),(61,5,29,4),(61,7,0,4),(61,7,12,0),(61,8,19,8),(61,8,23,6),(61,8,25,2),(61,8,29,13),(61,9,11,7),(61,9,21,7),(61,9,22,1),(61,9,32,5),(61,10,0,4),(61,10,2,2),(61,10,32,10),(61,11,10,10),(61,11,19,7),(61,11,31,13),(61,11,32,7),(61,12,0,5),(61,13,10,2),(61,14,9,2),(61,14,10,2),(61,14,11,0),(61,14,24,8),(61,15,8,6),(61,15,9,5),(61,15,16,11),(61,15,17,2),(61,16,7,8),(61,16,18,5),(61,16,21,1),(61,16,22,10),(61,16,23,8),(61,17,20,7),(61,17,23,0),(61,18,11,1),(61,18,20,9),(61,18,22,10),(61,18,23,13),(61,18,25,9),(61,19,16,11),(61,19,30,9),(61,19,31,0),(61,20,3,13),(61,20,14,11),(61,20,15,9),(61,20,18,4),(61,20,20,10),(61,20,22,2),(61,20,30,7),(61,21,13,4),(61,21,15,0),(61,21,25,4),(61,21,26,1),(61,22,3,8),(61,22,4,11),(61,22,6,3),(61,22,21,13),(61,22,31,13),(61,22,32,7),(61,23,4,2),(61,23,5,9),(61,23,21,8),(61,23,24,3),(61,24,5,13),(61,24,9,1),(61,24,16,8),(61,24,17,9),(61,24,20,8),(61,24,25,6),(61,25,8,0),(61,25,12,4),(61,25,17,11),(61,25,20,11),(61,25,23,10),(61,26,13,8),(61,26,21,12),(61,26,32,2),(61,27,9,9),(61,27,10,6),(61,27,11,10),(61,27,16,10),(61,27,21,11),(61,28,7,2),(61,28,22,5),(61,29,27,5),(61,29,32,3),(64,0,0,10),(64,0,7,6),(64,0,22,3),(64,1,2,6),(64,1,3,6),(64,1,9,7),(64,1,22,9),(64,1,24,9),(64,1,25,9),(64,2,5,13),(64,2,10,13),(64,2,24,2),(64,2,25,7),(64,3,1,9),(64,3,17,3),(64,4,18,8),(64,5,0,5),(64,5,7,3),(64,5,23,6),(64,5,25,7),(64,6,1,2),(64,6,24,2),(64,7,2,1),(64,7,6,5),(64,7,25,8),(64,8,0,6),(64,8,1,13),(64,8,17,11),(64,8,23,12),(64,8,25,5),(64,11,13,1),(64,12,0,4),(64,12,11,4),(64,13,22,5),(64,13,24,5),(64,14,17,13),(64,14,22,9),(64,14,23,6),(64,15,22,9),(64,15,23,6),(64,15,24,9),(64,15,25,5),(64,16,6,1),(64,18,14,1),(64,19,21,6),(64,19,23,9),(64,20,13,10),(64,20,17,8),(64,21,17,11),(64,21,19,10),(64,21,23,6),(64,21,25,0),(64,22,22,3),(64,23,1,0),(64,23,21,10),(64,23,25,9),(64,24,21,6),(76,0,2,1),(76,0,13,12),(76,0,15,0),(76,0,16,10),(76,0,24,7),(76,1,20,12),(76,1,21,1),(76,1,22,3),(76,1,23,8),(76,1,24,0),(76,2,18,10),(76,2,21,7),(76,2,22,6),(76,3,2,2),(76,3,13,1),(76,3,21,8),(76,3,24,6),(76,4,19,8),(76,4,20,4),(76,4,21,2),(76,4,23,8),(76,4,25,0),(76,4,28,2),(76,5,17,11),(76,5,18,5),(76,5,25,1),(76,5,28,11),(76,6,16,6),(76,6,18,9),(76,6,19,0),(76,6,21,2),(76,6,25,12),(76,7,2,0),(76,7,7,6),(76,7,8,5),(76,7,17,4),(76,7,19,11),(76,7,21,8),(76,7,23,2),(76,8,13,6),(76,8,19,10),(76,8,20,4),(76,9,0,9),(76,9,11,12),(76,9,19,9),(76,10,8,3),(76,10,11,10),(76,11,3,11),(76,11,7,5),(76,11,10,4),(76,11,11,10),(76,11,19,3),(76,12,2,5),(76,12,9,9),(76,12,17,4),(76,12,19,7),(76,13,6,9),(76,14,3,13),(76,14,4,9),(76,14,10,10),(76,14,12,12),(76,15,5,10),(76,15,13,6),(76,16,22,8),(76,17,15,9),(76,17,22,2),(76,18,11,6),(76,18,12,3),(76,19,2,9),(76,20,8,9),(76,20,12,12),(76,20,22,1),(76,21,0,9),(76,21,2,3),(76,21,3,7),(76,21,7,2),(76,21,11,5),(76,21,23,7),(76,22,12,8),(76,22,14,12),(76,22,21,6),(76,22,28,3),(76,23,11,9),(76,23,22,10),(76,23,23,2),(76,23,26,11),(76,24,1,9),(76,24,2,13),(76,24,24,10),(76,24,28,2),(76,26,21,3),(76,26,22,1),(82,0,0,12),(82,0,6,2),(82,1,3,4),(82,1,5,5),(82,1,7,6),(82,2,7,10),(82,3,9,7),(82,4,2,9),(82,6,5,6),(82,6,7,2),(82,7,0,3),(82,9,0,10),(82,9,6,11),(82,9,7,3),(82,10,0,13),(82,10,9,4),(82,11,3,1),(82,11,9,7),(82,12,0,4),(82,12,5,8),(82,13,0,8),(82,13,10,7),(82,15,3,8),(82,16,0,13),(82,17,0,1),(82,17,2,8),(82,17,3,0),(82,17,12,0),(82,18,5,8),(82,18,6,2),(82,18,8,13),(82,18,9,10),(82,18,12,0),(82,19,8,0),(82,20,10,7),(82,21,10,2);
/*!40000 ALTER TABLE `folliages` ENABLE KEYS */;
UNLOCK TABLES;

--
-- Table structure for table `fow_galaxy_entries`
--

DROP TABLE IF EXISTS `fow_galaxy_entries`;
/*!40101 SET @saved_cs_client     = @@character_set_client */;
/*!40101 SET character_set_client = utf8 */;
CREATE TABLE `fow_galaxy_entries` (
  `id` int(11) NOT NULL AUTO_INCREMENT,
  `galaxy_id` int(11) NOT NULL,
  `player_id` int(11) DEFAULT NULL,
  `alliance_id` int(11) DEFAULT NULL,
  `x` int(11) NOT NULL,
  `y` int(11) NOT NULL,
  `x_end` int(11) NOT NULL,
  `y_end` int(11) NOT NULL,
  `counter` tinyint(2) unsigned NOT NULL DEFAULT '1',
  PRIMARY KEY (`id`),
  UNIQUE KEY `player_visiblity` (`player_id`,`x`,`y`,`x_end`,`y_end`),
  UNIQUE KEY `alliance_visiblity` (`alliance_id`,`x`,`y`,`x_end`,`y_end`),
  KEY `lookup_players_by_coords` (`galaxy_id`,`x`,`x_end`,`y`,`y_end`),
  KEY `for_cleanup` (`counter`),
  CONSTRAINT `fow_galaxy_entries_ibfk_1` FOREIGN KEY (`galaxy_id`) REFERENCES `galaxies` (`id`) ON DELETE CASCADE
) ENGINE=InnoDB DEFAULT CHARSET=utf8;
/*!40101 SET character_set_client = @saved_cs_client */;

--
-- Dumping data for table `fow_galaxy_entries`
--

LOCK TABLES `fow_galaxy_entries` WRITE;
/*!40000 ALTER TABLE `fow_galaxy_entries` DISABLE KEYS */;
/*!40000 ALTER TABLE `fow_galaxy_entries` ENABLE KEYS */;
UNLOCK TABLES;

--
-- Table structure for table `fow_ss_entries`
--

DROP TABLE IF EXISTS `fow_ss_entries`;
/*!40101 SET @saved_cs_client     = @@character_set_client */;
/*!40101 SET character_set_client = utf8 */;
CREATE TABLE `fow_ss_entries` (
  `id` int(11) NOT NULL AUTO_INCREMENT,
  `solar_system_id` int(11) NOT NULL,
  `player_id` int(11) DEFAULT NULL,
  `counter` int(11) NOT NULL DEFAULT '0',
  `player_planets` tinyint(1) DEFAULT NULL,
  `player_ships` tinyint(1) DEFAULT NULL,
  `enemy_planets` tinyint(1) NOT NULL DEFAULT '0',
  `enemy_ships` tinyint(1) NOT NULL DEFAULT '0',
  `alliance_id` int(11) DEFAULT NULL,
  `alliance_planet_player_ids` text,
  `alliance_ship_player_ids` text,
  `nap_planets` tinyint(1) DEFAULT NULL,
  `nap_ships` tinyint(1) DEFAULT NULL,
  PRIMARY KEY (`id`),
  UNIQUE KEY `create_for_player` (`solar_system_id`,`player_id`),
  UNIQUE KEY `create_for_alliance` (`solar_system_id`,`alliance_id`),
  KEY `select_by_player` (`player_id`),
  KEY `select_by_alliance` (`alliance_id`),
  KEY `for_cleanup` (`counter`),
  CONSTRAINT `fow_ss_entries_ibfk_1` FOREIGN KEY (`solar_system_id`) REFERENCES `solar_systems` (`id`) ON DELETE CASCADE,
  CONSTRAINT `fow_ss_entries_ibfk_2` FOREIGN KEY (`player_id`) REFERENCES `players` (`id`) ON DELETE CASCADE,
  CONSTRAINT `fow_ss_entries_ibfk_3` FOREIGN KEY (`alliance_id`) REFERENCES `alliances` (`id`) ON DELETE CASCADE
) ENGINE=InnoDB AUTO_INCREMENT=2 DEFAULT CHARSET=utf8;
/*!40101 SET character_set_client = @saved_cs_client */;

--
-- Dumping data for table `fow_ss_entries`
--

LOCK TABLES `fow_ss_entries` WRITE;
/*!40000 ALTER TABLE `fow_ss_entries` DISABLE KEYS */;
INSERT INTO `fow_ss_entries` VALUES (1,8,1,1,1,0,0,0,NULL,NULL,NULL,NULL,NULL);
/*!40000 ALTER TABLE `fow_ss_entries` ENABLE KEYS */;
UNLOCK TABLES;

--
-- Table structure for table `galaxies`
--

DROP TABLE IF EXISTS `galaxies`;
/*!40101 SET @saved_cs_client     = @@character_set_client */;
/*!40101 SET character_set_client = utf8 */;
CREATE TABLE `galaxies` (
  `id` int(11) NOT NULL AUTO_INCREMENT,
  `created_at` datetime NOT NULL,
  `ruleset` varchar(30) NOT NULL DEFAULT '0',
  `callback_url` varchar(255) NOT NULL,
  PRIMARY KEY (`id`)
) ENGINE=InnoDB AUTO_INCREMENT=2 DEFAULT CHARSET=utf8;
/*!40101 SET character_set_client = @saved_cs_client */;

--
-- Dumping data for table `galaxies`
--

LOCK TABLES `galaxies` WRITE;
/*!40000 ALTER TABLE `galaxies` DISABLE KEYS */;
INSERT INTO `galaxies` VALUES (1,'2011-06-16 17:54:14','dev','localhost');
/*!40000 ALTER TABLE `galaxies` ENABLE KEYS */;
UNLOCK TABLES;

--
-- Table structure for table `naps`
--

DROP TABLE IF EXISTS `naps`;
/*!40101 SET @saved_cs_client     = @@character_set_client */;
/*!40101 SET character_set_client = utf8 */;
CREATE TABLE `naps` (
  `id` int(11) NOT NULL AUTO_INCREMENT,
  `initiator_id` int(11) NOT NULL,
  `acceptor_id` int(11) NOT NULL,
  `status` tinyint(2) unsigned NOT NULL DEFAULT '0',
  `created_at` datetime NOT NULL,
  `expires_at` datetime DEFAULT NULL,
  PRIMARY KEY (`id`),
  UNIQUE KEY `enforce_one_nap_per_pair` (`initiator_id`,`acceptor_id`),
  KEY `lookup_naps_for_alliance_1st` (`initiator_id`,`status`),
  KEY `lookup_naps_for_alliance_2nd` (`acceptor_id`,`status`),
  CONSTRAINT `naps_ibfk_2` FOREIGN KEY (`acceptor_id`) REFERENCES `alliances` (`id`) ON DELETE CASCADE,
  CONSTRAINT `naps_ibfk_1` FOREIGN KEY (`initiator_id`) REFERENCES `alliances` (`id`) ON DELETE CASCADE
) ENGINE=InnoDB DEFAULT CHARSET=utf8;
/*!40101 SET character_set_client = @saved_cs_client */;

--
-- Dumping data for table `naps`
--

LOCK TABLES `naps` WRITE;
/*!40000 ALTER TABLE `naps` DISABLE KEYS */;
/*!40000 ALTER TABLE `naps` ENABLE KEYS */;
UNLOCK TABLES;

--
-- Table structure for table `notifications`
--

DROP TABLE IF EXISTS `notifications`;
/*!40101 SET @saved_cs_client     = @@character_set_client */;
/*!40101 SET character_set_client = utf8 */;
CREATE TABLE `notifications` (
  `id` int(11) NOT NULL AUTO_INCREMENT,
  `player_id` int(11) NOT NULL,
  `created_at` datetime NOT NULL,
  `expires_at` datetime NOT NULL,
  `event` tinyint(2) unsigned NOT NULL,
  `params` text,
  `starred` tinyint(1) NOT NULL DEFAULT '0',
  `read` tinyint(1) NOT NULL DEFAULT '0',
  PRIMARY KEY (`id`),
  KEY `player` (`player_id`),
  KEY `order` (`read`,`created_at`),
  KEY `index_notifications_on_expires_at` (`expires_at`),
  KEY `foreign_key` (`player_id`),
  CONSTRAINT `notifications_ibfk_1` FOREIGN KEY (`player_id`) REFERENCES `players` (`id`) ON DELETE CASCADE
) ENGINE=InnoDB DEFAULT CHARSET=utf8;
/*!40101 SET character_set_client = @saved_cs_client */;

--
-- Dumping data for table `notifications`
--

LOCK TABLES `notifications` WRITE;
/*!40000 ALTER TABLE `notifications` DISABLE KEYS */;
/*!40000 ALTER TABLE `notifications` ENABLE KEYS */;
UNLOCK TABLES;

--
-- Table structure for table `objective_progresses`
--

DROP TABLE IF EXISTS `objective_progresses`;
/*!40101 SET @saved_cs_client     = @@character_set_client */;
/*!40101 SET character_set_client = utf8 */;
CREATE TABLE `objective_progresses` (
  `id` int(11) NOT NULL AUTO_INCREMENT,
  `objective_id` int(11) DEFAULT NULL,
  `player_id` int(11) DEFAULT NULL,
  `completed` int(10) unsigned NOT NULL DEFAULT '0',
  PRIMARY KEY (`id`),
  KEY `objective_fk` (`objective_id`),
  KEY `player_fk` (`player_id`),
  CONSTRAINT `objective_progresses_ibfk_1` FOREIGN KEY (`objective_id`) REFERENCES `objectives` (`id`) ON DELETE CASCADE,
  CONSTRAINT `objective_progresses_ibfk_2` FOREIGN KEY (`player_id`) REFERENCES `players` (`id`) ON DELETE CASCADE
) ENGINE=InnoDB AUTO_INCREMENT=150 DEFAULT CHARSET=utf8;
/*!40101 SET character_set_client = @saved_cs_client */;

--
-- Dumping data for table `objective_progresses`
--

LOCK TABLES `objective_progresses` WRITE;
/*!40000 ALTER TABLE `objective_progresses` DISABLE KEYS */;
INSERT INTO `objective_progresses` VALUES (1,1,1,0),(2,123,1,0),(3,124,1,0),(4,125,1,0),(5,126,1,0),(6,127,1,0),(7,128,1,0),(8,129,1,0),(9,130,1,0),(10,131,1,0),(11,132,1,0),(12,133,1,0),(13,134,1,0),(14,135,1,0),(15,136,1,0),(16,137,1,0),(17,138,1,0),(18,139,1,0),(19,140,1,0),(20,141,1,0),(21,142,1,0),(22,143,1,0),(23,144,1,0),(24,145,1,0),(25,146,1,0),(26,147,1,0),(27,148,1,0),(28,149,1,0),(29,150,1,0),(30,151,1,0),(31,152,1,0),(32,153,1,0),(33,154,1,0),(34,155,1,0),(35,156,1,0),(36,157,1,0),(37,158,1,0),(38,159,1,0),(39,160,1,0),(40,161,1,0),(41,162,1,0),(42,163,1,0),(43,164,1,0),(44,165,1,0),(45,166,1,0),(46,167,1,0),(47,168,1,0),(48,169,1,0),(49,170,1,0),(50,171,1,0),(51,172,1,0),(52,173,1,0),(53,174,1,0),(54,175,1,0),(55,176,1,0),(56,177,1,0),(57,178,1,0),(58,179,1,0),(59,180,1,0),(60,181,1,0),(61,182,1,0),(62,183,1,0),(63,184,1,0),(64,185,1,0),(65,186,1,0),(66,187,1,0),(67,188,1,0),(68,189,1,0),(69,190,1,0),(70,191,1,0),(71,192,1,0),(72,193,1,0),(73,194,1,0),(74,195,1,0),(75,196,1,0),(76,197,1,0),(77,198,1,0),(78,199,1,0),(79,200,1,0),(80,201,1,0),(81,202,1,0),(82,203,1,0),(83,204,1,0),(84,205,1,0),(85,206,1,0),(86,207,1,0),(87,208,1,0),(88,209,1,0),(89,210,1,0),(90,211,1,0),(91,212,1,0),(92,213,1,0),(93,214,1,0),(94,215,1,0),(95,216,1,0),(96,217,1,0),(97,218,1,0),(98,219,1,0),(99,220,1,0),(100,221,1,0),(101,222,1,0),(102,223,1,0),(103,224,1,0),(104,225,1,0),(105,226,1,0),(106,227,1,0),(107,228,1,0),(108,229,1,0),(109,230,1,0),(110,231,1,0),(111,232,1,0),(112,233,1,0),(113,234,1,0),(114,235,1,0),(115,236,1,0),(116,237,1,0),(117,238,1,0),(118,239,1,0),(119,240,1,0),(120,241,1,0),(121,242,1,0),(122,243,1,0),(123,244,1,0),(124,245,1,0),(125,246,1,0),(126,247,1,0),(127,248,1,0),(128,249,1,0),(129,250,1,0),(130,251,1,0),(131,252,1,0),(132,253,1,0),(133,254,1,0),(134,255,1,0),(135,256,1,0),(136,257,1,0),(137,258,1,0),(138,259,1,0),(139,260,1,0),(140,261,1,0),(141,262,1,0),(142,263,1,0),(143,264,1,0),(144,265,1,0),(145,266,1,0),(146,267,1,0),(147,268,1,0),(148,269,1,0),(149,270,1,0);
/*!40000 ALTER TABLE `objective_progresses` ENABLE KEYS */;
UNLOCK TABLES;

--
-- Table structure for table `objectives`
--

DROP TABLE IF EXISTS `objectives`;
/*!40101 SET @saved_cs_client     = @@character_set_client */;
/*!40101 SET character_set_client = utf8 */;
CREATE TABLE `objectives` (
  `id` int(11) NOT NULL AUTO_INCREMENT,
  `quest_id` int(11) NOT NULL,
  `type` varchar(255) NOT NULL,
  `key` varchar(255) DEFAULT NULL,
  `count` int(10) unsigned NOT NULL DEFAULT '1',
  `level` tinyint(2) unsigned DEFAULT NULL,
  `alliance` tinyint(1) NOT NULL DEFAULT '0',
  `npc` tinyint(1) NOT NULL DEFAULT '0',
  `limit` int(10) unsigned DEFAULT NULL,
  `outcome` tinyint(2) DEFAULT NULL,
  PRIMARY KEY (`id`),
  KEY `quest_objectives` (`quest_id`),
  KEY `on_progress` (`type`,`key`),
  CONSTRAINT `objectives_ibfk_1` FOREIGN KEY (`quest_id`) REFERENCES `quests` (`id`) ON DELETE CASCADE
) ENGINE=InnoDB AUTO_INCREMENT=271 DEFAULT CHARSET=utf8;
/*!40101 SET character_set_client = @saved_cs_client */;

--
-- Dumping data for table `objectives`
--

LOCK TABLES `objectives` WRITE;
/*!40000 ALTER TABLE `objectives` DISABLE KEYS */;
INSERT INTO `objectives` VALUES (1,1,'HaveUpgradedTo','Building::CollectorT1',1,1,0,0,NULL,NULL),(2,2,'HaveUpgradedTo','Building::MetalExtractor',1,1,0,0,NULL,NULL),(3,3,'HaveUpgradedTo','Building::CollectorT1',2,1,0,0,NULL,NULL),(4,3,'HaveUpgradedTo','Building::MetalExtractor',2,1,0,0,NULL,NULL),(5,22,'ExploreBlock','ExploreBlock',1,NULL,0,0,9,NULL),(6,23,'ExploreBlock','ExploreBlock',10,NULL,0,0,9,NULL),(7,4,'HaveUpgradedTo','Building::CollectorT1',2,3,0,0,NULL,NULL),(8,4,'HaveUpgradedTo','Building::MetalExtractor',2,3,0,0,NULL,NULL),(9,5,'HaveUpgradedTo','Building::CollectorT1',2,4,0,0,NULL,NULL),(10,5,'HaveUpgradedTo','Building::MetalExtractor',2,4,0,0,NULL,NULL),(11,6,'HaveUpgradedTo','Building::Barracks',1,1,0,0,NULL,NULL),(12,7,'HaveUpgradedTo','Unit::Trooper',8,1,0,0,NULL,NULL),(13,80,'HaveWarPoints','Player',1,NULL,0,0,500,NULL),(14,81,'HaveWarPoints','Player',1,NULL,0,0,750,NULL),(15,82,'HaveWarPoints','Player',1,NULL,0,0,1125,NULL),(16,83,'HaveWarPoints','Player',1,NULL,0,0,1688,NULL),(17,84,'HaveWarPoints','Player',1,NULL,0,0,2532,NULL),(18,85,'HaveWarPoints','Player',1,NULL,0,0,3797,NULL),(19,86,'HaveWarPoints','Player',1,NULL,0,0,5696,NULL),(20,87,'HaveWarPoints','Player',1,NULL,0,0,8543,NULL),(21,88,'HaveWarPoints','Player',1,NULL,0,0,12815,NULL),(22,89,'HaveWarPoints','Player',1,NULL,0,0,19222,NULL),(23,90,'HaveWarPoints','Player',1,NULL,0,0,28833,NULL),(24,91,'HaveWarPoints','Player',1,NULL,0,0,43249,NULL),(25,92,'HaveWarPoints','Player',1,NULL,0,0,64874,NULL),(26,93,'HaveWarPoints','Player',1,NULL,0,0,97310,NULL),(27,94,'HaveWarPoints','Player',1,NULL,0,0,145965,NULL),(28,106,'HaveWarPoints','Player',1,NULL,0,0,200000,NULL),(29,107,'HaveWarPoints','Player',1,NULL,0,0,230000,NULL),(30,108,'HaveWarPoints','Player',1,NULL,0,0,264500,NULL),(31,109,'HaveWarPoints','Player',1,NULL,0,0,304175,NULL),(32,110,'HaveWarPoints','Player',1,NULL,0,0,349802,NULL),(33,111,'HaveWarPoints','Player',1,NULL,0,0,402272,NULL),(34,112,'HaveWarPoints','Player',1,NULL,0,0,462613,NULL),(35,113,'HaveWarPoints','Player',1,NULL,0,0,532004,NULL),(36,114,'HaveWarPoints','Player',1,NULL,0,0,611805,NULL),(37,115,'HaveWarPoints','Player',1,NULL,0,0,703576,NULL),(38,8,'DestroyNpcBuilding','Building::NpcMetalExtractor',1,1,0,0,NULL,NULL),(39,32,'HaveUpgradedTo','Building::MetalExtractor',3,4,0,0,NULL,NULL),(40,9,'HaveUpgradedTo','Building::MetalExtractor',1,7,0,0,NULL,NULL),(41,10,'HaveUpgradedTo','Building::CollectorT1',1,7,0,0,NULL,NULL),(42,116,'BecomeVip','Vip',1,1,0,0,NULL,NULL),(43,117,'Accelerate','Building',1,NULL,0,0,NULL,NULL),(44,11,'HaveUpgradedTo','Building::ResearchCenter',1,1,0,0,NULL,NULL),(45,24,'ExploreBlock','ExploreBlock',5,NULL,0,0,12,NULL),(46,25,'ExploreBlock','ExploreBlock',5,NULL,0,0,16,NULL),(47,26,'ExploreBlock','ExploreBlock',10,NULL,0,0,36,NULL),(48,12,'HaveUpgradedTo','Unit::Seeker',3,1,0,0,NULL,NULL),(49,13,'HaveUpgradedTo','Unit::Trooper',4,2,0,0,NULL,NULL),(50,72,'HaveSciencePoints','Player',1,NULL,0,0,2500,NULL),(51,73,'HaveSciencePoints','Player',1,NULL,0,0,5000,NULL),(52,74,'HaveSciencePoints','Player',1,NULL,0,0,10000,NULL),(53,75,'HaveSciencePoints','Player',1,NULL,0,0,25000,NULL),(54,76,'HaveSciencePoints','Player',1,NULL,0,0,50000,NULL),(55,77,'HaveSciencePoints','Player',1,NULL,0,0,100000,NULL),(56,78,'HaveSciencePoints','Player',1,NULL,0,0,150000,NULL),(57,79,'HaveSciencePoints','Player',1,NULL,0,0,200000,NULL),(58,27,'DestroyNpcBuilding','Building::NpcZetiumExtractor',1,1,0,0,NULL,NULL),(59,66,'HaveArmyPoints','Player',1,NULL,0,0,500,NULL),(60,67,'HaveArmyPoints','Player',1,NULL,0,0,850,NULL),(61,68,'HaveArmyPoints','Player',1,NULL,0,0,1445,NULL),(62,69,'HaveArmyPoints','Player',1,NULL,0,0,2457,NULL),(63,70,'HaveArmyPoints','Player',1,NULL,0,0,5000,NULL),(64,71,'HaveArmyPoints','Player',1,NULL,0,0,8500,NULL),(65,95,'HaveArmyPoints','Player',1,NULL,0,0,15000,NULL),(66,96,'HaveArmyPoints','Player',1,NULL,0,0,21000,NULL),(67,97,'HaveArmyPoints','Player',1,NULL,0,0,29400,NULL),(68,98,'HaveArmyPoints','Player',1,NULL,0,0,41160,NULL),(69,99,'HaveArmyPoints','Player',1,NULL,0,0,57624,NULL),(70,100,'HaveArmyPoints','Player',1,NULL,0,0,80674,NULL),(71,101,'HaveArmyPoints','Player',1,NULL,0,0,112944,NULL),(72,102,'HaveArmyPoints','Player',1,NULL,0,0,158121,NULL),(73,14,'HaveUpgradedTo','Technology::ZetiumExtraction',1,1,0,0,NULL,NULL),(74,15,'HaveUpgradedTo','Building::ZetiumExtractor',1,1,0,0,NULL,NULL),(75,16,'HavePoints','Player',1,NULL,0,0,15000,NULL),(76,28,'HavePoints','Player',1,NULL,0,0,30000,NULL),(77,29,'HavePoints','Player',1,NULL,0,0,60000,NULL),(78,30,'HavePoints','Player',1,NULL,0,0,80000,NULL),(79,33,'HavePoints','Player',1,NULL,0,0,150000,NULL),(80,64,'HavePoints','Player',1,NULL,0,0,350000,NULL),(81,17,'HaveUpgradedTo','Building::MetalStorage',1,2,0,0,NULL,NULL),(82,17,'HaveUpgradedTo','Building::EnergyStorage',1,1,0,0,NULL,NULL),(83,17,'HaveUpgradedTo','Building::ZetiumStorage',1,1,0,0,NULL,NULL),(84,18,'HaveUpgradedTo','Technology::SpaceFactory',1,1,0,0,NULL,NULL),(85,19,'HaveUpgradedTo','Building::SpaceFactory',1,1,0,0,NULL,NULL),(86,31,'HaveUpgradedTo','Unit::Crow',4,1,0,0,NULL,NULL),(87,35,'Destroy','Unit::Dirac',14,1,0,0,NULL,NULL),(88,36,'Destroy','Unit::Thor',10,1,0,0,NULL,NULL),(89,37,'Destroy','Unit::Demosis',6,1,0,0,NULL,NULL),(90,20,'AnnexPlanet','SsObject::Planet',1,NULL,0,1,NULL,NULL),(91,21,'UpgradeTo','Building::Headquarters',1,1,0,0,NULL,NULL),(92,34,'HaveUpgradedTo','Building::Radar',1,1,0,0,NULL,NULL),(93,38,'HavePlanets','SsObject::Planet',3,NULL,0,0,NULL,NULL),(94,39,'HavePlanets','SsObject::Planet',4,NULL,0,0,NULL,NULL),(95,40,'HavePlanets','SsObject::Planet',5,NULL,0,0,NULL,NULL),(96,41,'HavePlanets','SsObject::Planet',6,NULL,0,0,NULL,NULL),(97,42,'HavePlanets','SsObject::Planet',7,NULL,0,0,NULL,NULL),(98,43,'Destroy','Unit::Mule',2,1,0,0,NULL,NULL),(99,44,'Destroy','Unit::Crow',6,1,0,0,NULL,NULL),(100,45,'Destroy','Unit::Cyrix',4,1,0,0,NULL,NULL),(101,46,'Destroy','Unit::Cyrix',10,1,0,0,NULL,NULL),(102,47,'Destroy','Unit::Avenger',6,1,0,0,NULL,NULL),(103,48,'Destroy','Unit::Avenger',15,1,0,0,NULL,NULL),(104,49,'Destroy','Unit::Dart',6,1,0,0,NULL,NULL),(105,50,'Destroy','Unit::Dart',15,1,0,0,NULL,NULL),(106,51,'Destroy','Unit::Rhyno',1,1,0,0,NULL,NULL),(107,52,'Destroy','Unit::Rhyno',4,1,0,0,NULL,NULL),(108,53,'Destroy','Unit::Trooper',10,1,0,0,NULL,NULL),(109,53,'Destroy','Unit::Shocker',5,1,0,0,NULL,NULL),(110,53,'Destroy','Unit::Seeker',8,1,0,0,NULL,NULL),(111,54,'Destroy','Unit::Scorpion',15,1,0,0,NULL,NULL),(112,54,'Destroy','Unit::Azure',5,1,0,0,NULL,NULL),(113,55,'Destroy','Building::Vulcan',2,1,0,0,NULL,NULL),(114,56,'Destroy','Building::Vulcan',6,1,0,0,NULL,NULL),(115,57,'Destroy','Building::Vulcan',10,1,0,0,NULL,NULL),(116,58,'Destroy','Building::Screamer',2,1,0,0,NULL,NULL),(117,59,'Destroy','Building::Screamer',6,1,0,0,NULL,NULL),(118,60,'Destroy','Building::Screamer',10,1,0,0,NULL,NULL),(119,61,'Destroy','Building::Thunder',2,1,0,0,NULL,NULL),(120,62,'Destroy','Building::Thunder',6,1,0,0,NULL,NULL),(121,63,'Destroy','Building::Thunder',10,1,0,0,NULL,NULL),(122,65,'AnnexPlanet','SsObject::Planet',1,NULL,0,0,NULL,NULL),(123,10000,'ExploreBlock','ExploreBlock',25,NULL,0,0,NULL,NULL),(124,10001,'ExploreBlock','ExploreBlock',50,NULL,0,0,NULL,NULL),(125,10002,'ExploreBlock','ExploreBlock',100,NULL,0,0,NULL,NULL),(126,10003,'ExploreBlock','ExploreBlock',250,NULL,0,0,NULL,NULL),(127,10004,'ExploreBlock','ExploreBlock',500,NULL,0,0,NULL,NULL),(128,10005,'ExploreBlock','ExploreBlock',1000,NULL,0,0,NULL,NULL),(129,10006,'ExploreBlock','ExploreBlock',2500,NULL,0,0,NULL,NULL),(130,10020,'Destroy','Unit',50,1,0,0,NULL,NULL),(131,10021,'Destroy','Unit',100,1,0,0,NULL,NULL),(132,10022,'Destroy','Unit',250,1,0,0,NULL,NULL),(133,10023,'Destroy','Unit',500,1,0,0,NULL,NULL),(134,10024,'Destroy','Unit',1000,1,0,0,NULL,NULL),(135,10025,'Destroy','Unit',2500,1,0,0,NULL,NULL),(136,10026,'Destroy','Unit',5000,1,0,0,NULL,NULL),(137,10027,'Destroy','Unit',10000,1,0,0,NULL,NULL),(138,10028,'Destroy','Unit',25000,1,0,0,NULL,NULL),(139,10040,'Destroy','Building',5,1,0,0,NULL,NULL),(140,10041,'Destroy','Building',10,1,0,0,NULL,NULL),(141,10042,'Destroy','Building',25,1,0,0,NULL,NULL),(142,10043,'Destroy','Building',50,1,0,0,NULL,NULL),(143,10044,'Destroy','Building',100,1,0,0,NULL,NULL),(144,10045,'Destroy','Building',250,1,0,0,NULL,NULL),(145,10046,'Destroy','Building',500,1,0,0,NULL,NULL),(146,10060,'SelfDestruct','Building',1,NULL,0,0,NULL,NULL),(147,10061,'SelfDestruct','Building',5,NULL,0,0,NULL,NULL),(148,10062,'SelfDestruct','Building',10,NULL,0,0,NULL,NULL),(149,10063,'SelfDestruct','Building',25,NULL,0,0,NULL,NULL),(150,10064,'SelfDestruct','Building',50,NULL,0,0,NULL,NULL),(151,10065,'SelfDestruct','Building',75,NULL,0,0,NULL,NULL),(152,10066,'SelfDestruct','Building',100,NULL,0,0,NULL,NULL),(153,10080,'AccelerateFlight','',1,NULL,0,0,NULL,NULL),(154,10081,'AccelerateFlight','',5,NULL,0,0,NULL,NULL),(155,10082,'AccelerateFlight','',10,NULL,0,0,NULL,NULL),(156,10083,'AccelerateFlight','',25,NULL,0,0,NULL,NULL),(157,10084,'AccelerateFlight','',50,NULL,0,0,NULL,NULL),(158,10085,'AccelerateFlight','',75,NULL,0,0,NULL,NULL),(159,10086,'AccelerateFlight','',100,NULL,0,0,NULL,NULL),(160,10100,'UpgradeTo','Unit',25,1,0,0,NULL,NULL),(161,10101,'UpgradeTo','Unit',50,1,0,0,NULL,NULL),(162,10102,'UpgradeTo','Unit',100,1,0,0,NULL,NULL),(163,10103,'UpgradeTo','Unit',250,1,0,0,NULL,NULL),(164,10104,'UpgradeTo','Unit',500,1,0,0,NULL,NULL),(165,10105,'UpgradeTo','Unit',1000,1,0,0,NULL,NULL),(166,10106,'UpgradeTo','Unit',2500,1,0,0,NULL,NULL),(167,10107,'UpgradeTo','Unit',5000,1,0,0,NULL,NULL),(168,10108,'UpgradeTo','Unit',10000,1,0,0,NULL,NULL),(169,10120,'UpgradeTo','Building',25,1,0,0,NULL,NULL),(170,10121,'UpgradeTo','Building',50,1,0,0,NULL,NULL),(171,10122,'UpgradeTo','Building',75,1,0,0,NULL,NULL),(172,10123,'UpgradeTo','Building',100,1,0,0,NULL,NULL),(173,10124,'UpgradeTo','Building',150,1,0,0,NULL,NULL),(174,10125,'UpgradeTo','Building',200,1,0,0,NULL,NULL),(175,10126,'UpgradeTo','Building',250,1,0,0,NULL,NULL),(176,10127,'UpgradeTo','Building',500,1,0,0,NULL,NULL),(177,10140,'HaveUpgradedTo','Technology',5,1,0,0,NULL,NULL),(178,10141,'HaveUpgradedTo','Technology',10,1,0,0,NULL,NULL),(179,10142,'HaveUpgradedTo','Technology',15,1,0,0,NULL,NULL),(180,10143,'HaveUpgradedTo','Technology',20,1,0,0,NULL,NULL),(181,10144,'HaveUpgradedTo','Technology',25,1,0,0,NULL,NULL),(182,10160,'Accelerate','Unit',5,NULL,0,0,NULL,NULL),(183,10161,'Accelerate','Unit',10,NULL,0,0,NULL,NULL),(184,10162,'Accelerate','Unit',15,NULL,0,0,NULL,NULL),(185,10163,'Accelerate','Unit',20,NULL,0,0,NULL,NULL),(186,10164,'Accelerate','Unit',25,NULL,0,0,NULL,NULL),(187,10165,'Accelerate','Unit',50,NULL,0,0,NULL,NULL),(188,10166,'Accelerate','Unit',100,NULL,0,0,NULL,NULL),(189,10167,'Accelerate','Unit',150,NULL,0,0,NULL,NULL),(190,10168,'Accelerate','Unit',200,NULL,0,0,NULL,NULL),(191,10180,'Accelerate','Building',5,NULL,0,0,NULL,NULL),(192,10181,'Accelerate','Building',10,NULL,0,0,NULL,NULL),(193,10182,'Accelerate','Building',15,NULL,0,0,NULL,NULL),(194,10183,'Accelerate','Building',20,NULL,0,0,NULL,NULL),(195,10184,'Accelerate','Building',25,NULL,0,0,NULL,NULL),(196,10185,'Accelerate','Building',50,NULL,0,0,NULL,NULL),(197,10186,'Accelerate','Building',100,NULL,0,0,NULL,NULL),(198,10187,'Accelerate','Building',150,NULL,0,0,NULL,NULL),(199,10188,'Accelerate','Building',200,NULL,0,0,NULL,NULL),(200,10200,'Accelerate','Technology',5,NULL,0,0,NULL,NULL),(201,10201,'Accelerate','Technology',10,NULL,0,0,NULL,NULL),(202,10202,'Accelerate','Technology',15,NULL,0,0,NULL,NULL),(203,10203,'Accelerate','Technology',20,NULL,0,0,NULL,NULL),(204,10204,'Accelerate','Technology',25,NULL,0,0,NULL,NULL),(205,10220,'BecomeVip','Vip',4,1,0,0,NULL,NULL),(206,10221,'BecomeVip','Vip',8,1,0,0,NULL,NULL),(207,10222,'BecomeVip','Vip',12,1,0,0,NULL,NULL),(208,10223,'BecomeVip','Vip',16,1,0,0,NULL,NULL),(209,10224,'BecomeVip','Vip',20,1,0,0,NULL,NULL),(210,10240,'BecomeVip','Vip',2,2,0,0,NULL,NULL),(211,10241,'BecomeVip','Vip',4,2,0,0,NULL,NULL),(212,10242,'BecomeVip','Vip',6,2,0,0,NULL,NULL),(213,10243,'BecomeVip','Vip',8,2,0,0,NULL,NULL),(214,10244,'BecomeVip','Vip',10,2,0,0,NULL,NULL),(215,10260,'BecomeVip','Vip',1,3,0,0,NULL,NULL),(216,10261,'BecomeVip','Vip',2,3,0,0,NULL,NULL),(217,10262,'BecomeVip','Vip',3,3,0,0,NULL,NULL),(218,10263,'BecomeVip','Vip',4,3,0,0,NULL,NULL),(219,10264,'BecomeVip','Vip',5,3,0,0,NULL,NULL),(220,10280,'UpgradeTo','Building::Radar',1,1,0,0,NULL,NULL),(221,10281,'UpgradeTo','Building::Radar',2,1,0,0,NULL,NULL),(222,10282,'UpgradeTo','Building::Radar',3,1,0,0,NULL,NULL),(223,10283,'UpgradeTo','Building::Radar',4,1,0,0,NULL,NULL),(224,10284,'UpgradeTo','Building::Radar',5,1,0,0,NULL,NULL),(225,10290,'UpgradeTo','Building::Radar',1,2,0,0,NULL,NULL),(226,10291,'UpgradeTo','Building::Radar',2,2,0,0,NULL,NULL),(227,10292,'UpgradeTo','Building::Radar',3,2,0,0,NULL,NULL),(228,10300,'CompleteQuests','',10,NULL,0,0,NULL,NULL),(229,10301,'CompleteQuests','',25,NULL,0,0,NULL,NULL),(230,10302,'CompleteQuests','',50,NULL,0,0,NULL,NULL),(231,10303,'CompleteQuests','',75,NULL,0,0,NULL,NULL),(232,10304,'CompleteQuests','',100,NULL,0,0,NULL,NULL),(233,10320,'CompleteAchievements','',10,NULL,0,0,NULL,NULL),(234,10321,'CompleteAchievements','',25,NULL,0,0,NULL,NULL),(235,10322,'CompleteAchievements','',50,NULL,0,0,NULL,NULL),(236,10323,'CompleteAchievements','',75,NULL,0,0,NULL,NULL),(237,10324,'CompleteAchievements','',100,NULL,0,0,NULL,NULL),(238,10340,'Battle','',10,NULL,0,0,NULL,0),(239,10341,'Battle','',25,NULL,0,0,NULL,0),(240,10342,'Battle','',50,NULL,0,0,NULL,0),(241,10343,'Battle','',75,NULL,0,0,NULL,0),(242,10344,'Battle','',100,NULL,0,0,NULL,0),(243,10345,'Battle','',150,NULL,0,0,NULL,0),(244,10346,'Battle','',200,NULL,0,0,NULL,0),(245,10347,'Battle','',250,NULL,0,0,NULL,0),(246,10360,'Battle','',10,NULL,0,0,NULL,1),(247,10361,'Battle','',25,NULL,0,0,NULL,1),(248,10362,'Battle','',50,NULL,0,0,NULL,1),(249,10363,'Battle','',75,NULL,0,0,NULL,1),(250,10364,'Battle','',100,NULL,0,0,NULL,1),(251,10365,'Battle','',150,NULL,0,0,NULL,1),(252,10366,'Battle','',200,NULL,0,0,NULL,1),(253,10367,'Battle','',250,NULL,0,0,NULL,1),(254,10380,'MoveBuilding','Building',1,NULL,0,0,NULL,NULL),(255,10381,'MoveBuilding','Building',5,NULL,0,0,NULL,NULL),(256,10382,'MoveBuilding','Building',10,NULL,0,0,NULL,NULL),(257,10383,'MoveBuilding','Building',25,NULL,0,0,NULL,NULL),(258,10384,'MoveBuilding','Building',50,NULL,0,0,NULL,NULL),(259,10385,'MoveBuilding','Building',75,NULL,0,0,NULL,NULL),(260,10386,'MoveBuilding','Building',100,NULL,0,0,NULL,NULL),(261,10400,'HealHp','',500,NULL,0,0,NULL,NULL),(262,10401,'HealHp','',1000,NULL,0,0,NULL,NULL),(263,10402,'HealHp','',2500,NULL,0,0,NULL,NULL),(264,10403,'HealHp','',5000,NULL,0,0,NULL,NULL),(265,10404,'HealHp','',10000,NULL,0,0,NULL,NULL),(266,10405,'HealHp','',25000,NULL,0,0,NULL,NULL),(267,10406,'HealHp','',50000,NULL,0,0,NULL,NULL),(268,10407,'HealHp','',100000,NULL,0,0,NULL,NULL),(269,10408,'HealHp','',250000,NULL,0,0,NULL,NULL),(270,10409,'HealHp','',500000,NULL,0,0,NULL,NULL);
/*!40000 ALTER TABLE `objectives` ENABLE KEYS */;
UNLOCK TABLES;

--
-- Table structure for table `players`
--

DROP TABLE IF EXISTS `players`;
/*!40101 SET @saved_cs_client     = @@character_set_client */;
/*!40101 SET character_set_client = utf8 */;
CREATE TABLE `players` (
  `id` int(11) NOT NULL AUTO_INCREMENT,
  `galaxy_id` int(11) DEFAULT NULL,
  `auth_token` char(64) NOT NULL,
  `name` varchar(64) NOT NULL,
  `scientists` int(10) unsigned NOT NULL DEFAULT '0',
  `scientists_total` int(10) unsigned NOT NULL DEFAULT '0',
  `alliance_id` int(11) DEFAULT NULL,
  `xp` int(10) unsigned NOT NULL DEFAULT '0',
  `war_points` int(10) unsigned NOT NULL DEFAULT '0',
  `first_time` tinyint(1) NOT NULL DEFAULT '1',
  `army_points` int(10) unsigned NOT NULL DEFAULT '0',
  `science_points` int(10) unsigned NOT NULL DEFAULT '0',
  `economy_points` int(10) unsigned NOT NULL DEFAULT '0',
  `planets_count` tinyint(2) unsigned NOT NULL,
  `last_login` datetime DEFAULT NULL,
  `victory_points` mediumint(8) unsigned NOT NULL DEFAULT '0',
  `creds` int(10) unsigned NOT NULL DEFAULT '0',
  `language` char(2) NOT NULL DEFAULT 'en',
  `population` mediumint(8) unsigned NOT NULL DEFAULT '0',
  `population_max` mediumint(8) unsigned NOT NULL,
  `alliance_cooldown_ends_at` datetime DEFAULT NULL,
  `vip_level` tinyint(2) unsigned NOT NULL DEFAULT '0',
  `vip_creds` int(10) unsigned NOT NULL DEFAULT '0',
  `vip_until` datetime DEFAULT NULL,
  `vip_creds_until` datetime DEFAULT NULL,
  `daily_bonus_at` datetime DEFAULT NULL,
  `alliance_vps` int(10) unsigned NOT NULL DEFAULT '0',
  PRIMARY KEY (`id`),
  UNIQUE KEY `authentication` (`galaxy_id`,`auth_token`),
  KEY `index_players_on_alliance_id` (`alliance_id`),
  KEY `last_login` (`last_login`),
  CONSTRAINT `players_ibfk_1` FOREIGN KEY (`galaxy_id`) REFERENCES `galaxies` (`id`) ON DELETE CASCADE,
  CONSTRAINT `players_ibfk_2` FOREIGN KEY (`alliance_id`) REFERENCES `alliances` (`id`) ON DELETE SET NULL
) ENGINE=InnoDB AUTO_INCREMENT=2 DEFAULT CHARSET=utf8;
/*!40101 SET character_set_client = @saved_cs_client */;

--
-- Dumping data for table `players`
--

LOCK TABLES `players` WRITE;
/*!40000 ALTER TABLE `players` DISABLE KEYS */;
INSERT INTO `players` VALUES (1,1,'0000000000000000000000000000000000000000000000000000000000000000','Test Player',18,18,NULL,0,0,1,0,0,0,1,NULL,0,0,'en',0,110,NULL,0,0,NULL,NULL,NULL,0);
/*!40000 ALTER TABLE `players` ENABLE KEYS */;
UNLOCK TABLES;

--
-- Table structure for table `quest_progresses`
--

DROP TABLE IF EXISTS `quest_progresses`;
/*!40101 SET @saved_cs_client     = @@character_set_client */;
/*!40101 SET character_set_client = utf8 */;
CREATE TABLE `quest_progresses` (
  `id` int(11) NOT NULL AUTO_INCREMENT,
  `quest_id` int(11) NOT NULL,
  `player_id` int(11) NOT NULL,
  `status` tinyint(2) unsigned NOT NULL,
  `completed` tinyint(2) unsigned NOT NULL DEFAULT '0',
  PRIMARY KEY (`id`),
  UNIQUE KEY `on_objective_complete` (`quest_id`,`player_id`),
  KEY `listing` (`player_id`,`status`),
  CONSTRAINT `quest_progresses_ibfk_2` FOREIGN KEY (`player_id`) REFERENCES `players` (`id`) ON DELETE CASCADE,
  CONSTRAINT `quest_progresses_ibfk_1` FOREIGN KEY (`quest_id`) REFERENCES `quests` (`id`) ON DELETE CASCADE
) ENGINE=InnoDB AUTO_INCREMENT=150 DEFAULT CHARSET=utf8;
/*!40101 SET character_set_client = @saved_cs_client */;

--
-- Dumping data for table `quest_progresses`
--

LOCK TABLES `quest_progresses` WRITE;
/*!40000 ALTER TABLE `quest_progresses` DISABLE KEYS */;
INSERT INTO `quest_progresses` VALUES (1,1,1,0,0),(2,10000,1,0,0),(3,10001,1,0,0),(4,10002,1,0,0),(5,10003,1,0,0),(6,10004,1,0,0),(7,10005,1,0,0),(8,10006,1,0,0),(9,10020,1,0,0),(10,10021,1,0,0),(11,10022,1,0,0),(12,10023,1,0,0),(13,10024,1,0,0),(14,10025,1,0,0),(15,10026,1,0,0),(16,10027,1,0,0),(17,10028,1,0,0),(18,10040,1,0,0),(19,10041,1,0,0),(20,10042,1,0,0),(21,10043,1,0,0),(22,10044,1,0,0),(23,10045,1,0,0),(24,10046,1,0,0),(25,10060,1,0,0),(26,10061,1,0,0),(27,10062,1,0,0),(28,10063,1,0,0),(29,10064,1,0,0),(30,10065,1,0,0),(31,10066,1,0,0),(32,10080,1,0,0),(33,10081,1,0,0),(34,10082,1,0,0),(35,10083,1,0,0),(36,10084,1,0,0),(37,10085,1,0,0),(38,10086,1,0,0),(39,10100,1,0,0),(40,10101,1,0,0),(41,10102,1,0,0),(42,10103,1,0,0),(43,10104,1,0,0),(44,10105,1,0,0),(45,10106,1,0,0),(46,10107,1,0,0),(47,10108,1,0,0),(48,10120,1,0,0),(49,10121,1,0,0),(50,10122,1,0,0),(51,10123,1,0,0),(52,10124,1,0,0),(53,10125,1,0,0),(54,10126,1,0,0),(55,10127,1,0,0),(56,10140,1,0,0),(57,10141,1,0,0),(58,10142,1,0,0),(59,10143,1,0,0),(60,10144,1,0,0),(61,10160,1,0,0),(62,10161,1,0,0),(63,10162,1,0,0),(64,10163,1,0,0),(65,10164,1,0,0),(66,10165,1,0,0),(67,10166,1,0,0),(68,10167,1,0,0),(69,10168,1,0,0),(70,10180,1,0,0),(71,10181,1,0,0),(72,10182,1,0,0),(73,10183,1,0,0),(74,10184,1,0,0),(75,10185,1,0,0),(76,10186,1,0,0),(77,10187,1,0,0),(78,10188,1,0,0),(79,10200,1,0,0),(80,10201,1,0,0),(81,10202,1,0,0),(82,10203,1,0,0),(83,10204,1,0,0),(84,10220,1,0,0),(85,10221,1,0,0),(86,10222,1,0,0),(87,10223,1,0,0),(88,10224,1,0,0),(89,10240,1,0,0),(90,10241,1,0,0),(91,10242,1,0,0),(92,10243,1,0,0),(93,10244,1,0,0),(94,10260,1,0,0),(95,10261,1,0,0),(96,10262,1,0,0),(97,10263,1,0,0),(98,10264,1,0,0),(99,10280,1,0,0),(100,10281,1,0,0),(101,10282,1,0,0),(102,10283,1,0,0),(103,10284,1,0,0),(104,10290,1,0,0),(105,10291,1,0,0),(106,10292,1,0,0),(107,10300,1,0,0),(108,10301,1,0,0),(109,10302,1,0,0),(110,10303,1,0,0),(111,10304,1,0,0),(112,10320,1,0,0),(113,10321,1,0,0),(114,10322,1,0,0),(115,10323,1,0,0),(116,10324,1,0,0),(117,10340,1,0,0),(118,10341,1,0,0),(119,10342,1,0,0),(120,10343,1,0,0),(121,10344,1,0,0),(122,10345,1,0,0),(123,10346,1,0,0),(124,10347,1,0,0),(125,10360,1,0,0),(126,10361,1,0,0),(127,10362,1,0,0),(128,10363,1,0,0),(129,10364,1,0,0),(130,10365,1,0,0),(131,10366,1,0,0),(132,10367,1,0,0),(133,10380,1,0,0),(134,10381,1,0,0),(135,10382,1,0,0),(136,10383,1,0,0),(137,10384,1,0,0),(138,10385,1,0,0),(139,10386,1,0,0),(140,10400,1,0,0),(141,10401,1,0,0),(142,10402,1,0,0),(143,10403,1,0,0),(144,10404,1,0,0),(145,10405,1,0,0),(146,10406,1,0,0),(147,10407,1,0,0),(148,10408,1,0,0),(149,10409,1,0,0);
/*!40000 ALTER TABLE `quest_progresses` ENABLE KEYS */;
UNLOCK TABLES;

--
-- Table structure for table `quests`
--

DROP TABLE IF EXISTS `quests`;
/*!40101 SET @saved_cs_client     = @@character_set_client */;
/*!40101 SET character_set_client = utf8 */;
CREATE TABLE `quests` (
  `id` int(11) NOT NULL AUTO_INCREMENT,
  `parent_id` int(11) DEFAULT NULL,
  `rewards` text,
  `help_url_id` varchar(255) DEFAULT NULL,
  `achievement` tinyint(1) NOT NULL DEFAULT '0',
  PRIMARY KEY (`id`),
  KEY `child quests` (`parent_id`),
  KEY `index_quests_on_achievement` (`achievement`),
  CONSTRAINT `quests_ibfk_1` FOREIGN KEY (`parent_id`) REFERENCES `quests` (`id`) ON DELETE CASCADE
) ENGINE=InnoDB AUTO_INCREMENT=10410 DEFAULT CHARSET=utf8;
/*!40101 SET character_set_client = @saved_cs_client */;

--
-- Dumping data for table `quests`
--

LOCK TABLES `quests` WRITE;
/*!40000 ALTER TABLE `quests` DISABLE KEYS */;
INSERT INTO `quests` VALUES (1,NULL,'{\"metal\":25.2,\"energy\":96.0}','Constructing Buildings',0),(2,1,'{\"metal\":69.30000000000001,\"energy\":140.8}','Extracting Metal',0),(3,2,'{\"metal\":4068.0,\"energy\":8136.0}',NULL,0),(4,3,'{\"metal\":412.5,\"energy\":920.7}','Upgrading Buildings',0),(5,4,'{\"metal\":199.8,\"zetium\":5.4,\"points\":4000}',NULL,0),(6,3,'{\"units\":[{\"type\":\"Trooper\",\"level\":1,\"count\":4,\"hp\":100}],\"metal\":1423.8,\"energy\":2847.6,\"zetium\":8.28}',NULL,0),(7,6,'{\"metal\":1084.8,\"energy\":2169.6,\"zetium\":8.28}','Building Units',0),(8,6,'{\"units\":[{\"type\":\"Trooper\",\"level\":2,\"count\":2,\"hp\":50},{\"type\":\"Trooper\",\"level\":3,\"count\":1,\"hp\":30}],\"metal\":932.8000000000001,\"energy\":2068.0,\"zetium\":433.40000000000003,\"creds\":7500}','Attacking NPC Buildings',0),(9,32,'{\"metal\":862.8,\"energy\":4101.599999999999,\"zetium\":8.28,\"points\":2000}',NULL,0),(10,8,'{\"metal\":1725.6,\"energy\":2461.2,\"zetium\":8.28,\"points\":2000}',NULL,0),(11,8,'{\"units\":[{\"type\":\"Trooper\",\"level\":1,\"count\":4,\"hp\":100},{\"type\":\"Seeker\",\"level\":1,\"count\":2,\"hp\":100}],\"metal\":2779.7999999999997,\"energy\":5559.599999999999}',NULL,0),(12,11,'{\"metal\":2060.0,\"energy\":4120.0,\"points\":2000}','Researching Technologies',0),(13,12,'{\"metal\":2074.7999999999997,\"energy\":4148.65,\"zetium\":45.599999999999994,\"points\":2000}',NULL,0),(14,11,'{\"metal\":297.59999999999997,\"energy\":907.1999999999999}',NULL,0),(15,14,'{\"metal\":3590.2000000000003,\"energy\":3286.9999999999995,\"zetium\":284.4}','Extracting Zetium',0),(16,15,'{\"units\":[{\"type\":\"Trooper\",\"level\":3,\"count\":1,\"hp\":100},{\"type\":\"Seeker\",\"level\":2,\"count\":1,\"hp\":100},{\"type\":\"Shocker\",\"level\":1,\"count\":2,\"hp\":100}]}','Collecting Points',0),(17,15,'{\"metal\":9225.6,\"energy\":12915.6,\"zetium\":646.8}',NULL,0),(18,17,'{\"metal\":15375.2,\"energy\":21525.600000000002,\"zetium\":1076.8}',NULL,0),(19,18,'{\"units\":[{\"type\":\"Crow\",\"level\":1,\"count\":2,\"hp\":100}],\"metal\":16144.800000000001,\"energy\":22604.4,\"zetium\":1134.0}',NULL,0),(20,19,'{\"units\":[{\"type\":\"Mule\",\"level\":1,\"count\":1,\"hp\":100},{\"type\":\"Mdh\",\"level\":1,\"count\":1,\"hp\":100}]}','Annexing Planets',0),(21,20,'{\"metal\":2317.1712,\"energy\":5121.475200000001,\"zetium\":235.9962}','Colonizing Planets',0),(22,3,'{\"points\":200,\"units\":[{\"type\":\"Gnat\",\"level\":1,\"count\":1,\"hp\":25}]}','Exploring Objects',0),(23,22,'{\"points\":1000,\"units\":[{\"type\":\"Glancer\",\"level\":1,\"count\":1,\"hp\":60}]}',NULL,0),(24,11,'{\"points\":800,\"units\":[{\"type\":\"Gnat\",\"level\":1,\"count\":2,\"hp\":25},{\"type\":\"Gnat\",\"level\":1,\"count\":2,\"hp\":20},{\"type\":\"Gnat\",\"level\":1,\"count\":2,\"hp\":15},{\"type\":\"Gnat\",\"level\":1,\"count\":2,\"hp\":10}]}',NULL,0),(25,24,'{\"points\":800,\"units\":[{\"type\":\"Glancer\",\"level\":1,\"count\":2,\"hp\":80}]}',NULL,0),(26,25,'{\"points\":1600,\"units\":[{\"type\":\"Spudder\",\"level\":1,\"count\":1,\"hp\":96}]}',NULL,0),(27,11,'{\"metal\":2970.0,\"energy\":9072.0}','Zetium Crystals',0),(28,16,'{\"units\":[{\"type\":\"Scorpion\",\"level\":2,\"count\":1,\"hp\":70},{\"type\":\"Azure\",\"level\":1,\"count\":1,\"hp\":100}]}',NULL,0),(29,28,'{\"units\":[{\"type\":\"Cyrix\",\"level\":2,\"count\":1,\"hp\":60},{\"type\":\"Crow\",\"level\":1,\"count\":2,\"hp\":100}]}',NULL,0),(30,29,'{\"units\":[{\"type\":\"Avenger\",\"level\":1,\"count\":1,\"hp\":100},{\"type\":\"Dart\",\"level\":1,\"count\":1,\"hp\":100}]}',NULL,0),(31,19,'{\"metal\":23064,\"energy\":32292,\"zetium\":1620}','Fighting in Space',0),(32,8,'{\"metal\":150.0,\"energy\":627.6,\"points\":2000}',NULL,0),(33,30,'{\"units\":[{\"type\":\"Rhyno\",\"level\":1,\"count\":1,\"hp\":100},{\"type\":\"Cyrix\",\"level\":3,\"count\":2,\"hp\":100}]}',NULL,0),(34,21,'{\"metal\":1931.2,\"energy\":21357.920000000002,\"zetium\":262.40000000000003}','Exploring Galaxy',0),(35,19,'{\"units\":[{\"type\":\"Dart\",\"level\":1,\"count\":2,\"hp\":100}]}',NULL,0),(36,35,'{\"units\":[{\"type\":\"Avenger\",\"level\":1,\"count\":2,\"hp\":100}]}',NULL,0),(37,36,'{\"units\":[{\"type\":\"Rhyno\",\"level\":1,\"count\":1,\"hp\":100}]}',NULL,0),(38,34,'{\"units\":[{\"type\":\"Trooper\",\"level\":2,\"count\":10,\"hp\":100},{\"type\":\"Seeker\",\"level\":2,\"count\":5,\"hp\":100},{\"type\":\"Scorpion\",\"level\":2,\"count\":2,\"hp\":100}]}',NULL,0),(39,38,'{\"units\":[{\"type\":\"Trooper\",\"level\":2,\"count\":15,\"hp\":100},{\"type\":\"Shocker\",\"level\":2,\"count\":8,\"hp\":100},{\"type\":\"Seeker\",\"level\":2,\"count\":3,\"hp\":100},{\"type\":\"Scorpion\",\"level\":2,\"count\":2,\"hp\":100}]}',NULL,0),(40,39,'{\"units\":[{\"type\":\"Shocker\",\"level\":2,\"count\":8,\"hp\":100},{\"type\":\"Seeker\",\"level\":2,\"count\":5,\"hp\":100},{\"type\":\"Scorpion\",\"level\":2,\"count\":5,\"hp\":100},{\"type\":\"Azure\",\"level\":2,\"count\":3,\"hp\":100}]}',NULL,0),(41,40,'{\"units\":[{\"type\":\"Shocker\",\"level\":2,\"count\":10,\"hp\":100},{\"type\":\"Seeker\",\"level\":2,\"count\":8,\"hp\":100},{\"type\":\"Scorpion\",\"level\":2,\"count\":7,\"hp\":100},{\"type\":\"Azure\",\"level\":2,\"count\":3,\"hp\":100},{\"type\":\"Cyrix\",\"level\":2,\"count\":5,\"hp\":100},{\"type\":\"Dart\",\"level\":2,\"count\":3,\"hp\":100}]}',NULL,0),(42,41,'{\"units\":[{\"type\":\"Shocker\",\"level\":2,\"count\":15,\"hp\":100},{\"type\":\"Seeker\",\"level\":2,\"count\":10,\"hp\":100},{\"type\":\"Scorpion\",\"level\":2,\"count\":10,\"hp\":100},{\"type\":\"Azure\",\"level\":2,\"count\":5,\"hp\":100},{\"type\":\"Cyrix\",\"level\":2,\"count\":10,\"hp\":100},{\"type\":\"Avenger\",\"level\":2,\"count\":5,\"hp\":100},{\"type\":\"Dart\",\"level\":2,\"count\":5,\"hp\":100}]}',NULL,0),(43,34,'{\"units\":[{\"type\":\"Mule\",\"level\":5,\"count\":1,\"hp\":100}]}',NULL,0),(44,43,'{\"units\":[{\"type\":\"Crow\",\"level\":5,\"count\":1,\"hp\":100}]}',NULL,0),(45,44,'{\"units\":[{\"type\":\"Cyrix\",\"level\":3,\"count\":1,\"hp\":100}]}',NULL,0),(46,45,'{\"units\":[{\"type\":\"Cyrix\",\"level\":5,\"count\":1,\"hp\":100}]}',NULL,0),(47,46,'{\"units\":[{\"type\":\"Avenger\",\"level\":5,\"count\":1,\"hp\":100}]}',NULL,0),(48,47,'{\"units\":[{\"type\":\"Avenger\",\"level\":5,\"count\":3,\"hp\":100}]}',NULL,0),(49,46,'{\"units\":[{\"type\":\"Dart\",\"level\":5,\"count\":1,\"hp\":100}]}',NULL,0),(50,49,'{\"units\":[{\"type\":\"Dart\",\"level\":5,\"count\":3,\"hp\":100}]}',NULL,0),(51,46,'{\"units\":[{\"type\":\"Avenger\",\"level\":8,\"count\":1,\"hp\":100}]}',NULL,0),(52,51,'{\"units\":[{\"type\":\"Rhyno\",\"level\":3,\"count\":1,\"hp\":100}]}',NULL,0),(53,34,'{\"units\":[{\"type\":\"Scorpion\",\"level\":5,\"count\":1,\"hp\":100}]}',NULL,0),(54,53,'{\"units\":[{\"type\":\"Azure\",\"level\":6,\"count\":1,\"hp\":100}]}',NULL,0),(55,54,'{\"units\":[{\"type\":\"Trooper\",\"level\":5,\"count\":3,\"hp\":100},{\"type\":\"Seeker\",\"level\":5,\"count\":3,\"hp\":100},{\"type\":\"Shocker\",\"level\":7,\"count\":1,\"hp\":100}]}',NULL,0),(56,55,'{\"units\":[{\"type\":\"Trooper\",\"level\":5,\"count\":4,\"hp\":100},{\"type\":\"Seeker\",\"level\":5,\"count\":4,\"hp\":100},{\"type\":\"Shocker\",\"level\":7,\"count\":2,\"hp\":100}]}',NULL,0),(57,56,'{\"units\":[{\"type\":\"Trooper\",\"level\":5,\"count\":5,\"hp\":100},{\"type\":\"Seeker\",\"level\":5,\"count\":5,\"hp\":100},{\"type\":\"Shocker\",\"level\":7,\"count\":3,\"hp\":100}]}',NULL,0),(58,54,'{\"units\":[{\"type\":\"Scorpion\",\"level\":6,\"count\":1,\"hp\":100},{\"type\":\"Azure\",\"level\":6,\"count\":1,\"hp\":100}]}',NULL,0),(59,58,'{\"units\":[{\"type\":\"Scorpion\",\"level\":6,\"count\":2,\"hp\":100},{\"type\":\"Azure\",\"level\":6,\"count\":2,\"hp\":100}]}',NULL,0),(60,59,'{\"units\":[{\"type\":\"Scorpion\",\"level\":6,\"count\":3,\"hp\":100},{\"type\":\"Azure\",\"level\":6,\"count\":3,\"hp\":100}]}',NULL,0),(61,54,'{\"units\":[{\"type\":\"Cyrix\",\"level\":5,\"count\":2,\"hp\":100}]}',NULL,0),(62,61,'{\"units\":[{\"type\":\"Cyrix\",\"level\":5,\"count\":4,\"hp\":100}]}',NULL,0),(63,62,'{\"units\":[{\"type\":\"Cyrix\",\"level\":5,\"count\":6,\"hp\":100}]}',NULL,0),(64,33,'{\"units\":[{\"type\":\"Rhyno\",\"level\":7,\"count\":1,\"hp\":100}]}',NULL,0),(65,54,'{\"units\":[{\"type\":\"Scorpion\",\"level\":5,\"count\":2,\"hp\":100}]}',NULL,0),(66,27,'{\"metal\":600,\"energy\":1800,\"zetium\":105}',NULL,0),(67,66,'{\"metal\":1040,\"energy\":3120,\"zetium\":182}',NULL,0),(68,67,'{\"metal\":1760,\"energy\":5280,\"zetium\":308}',NULL,0),(69,68,'{\"metal\":2960,\"energy\":8880,\"zetium\":518}',NULL,0),(70,69,'{\"metal\":6000,\"energy\":18000,\"zetium\":1050}',NULL,0),(71,70,'{\"metal\":10200,\"energy\":30600,\"zetium\":1785}',NULL,0),(72,11,'{\"scientists\":10}',NULL,0),(73,72,'{\"scientists\":20}',NULL,0),(74,73,'{\"scientists\":30}',NULL,0),(75,74,'{\"scientists\":40}',NULL,0),(76,75,'{\"scientists\":60}',NULL,0),(77,76,'{\"scientists\":80}',NULL,0),(78,77,'{\"scientists\":100}',NULL,0),(79,78,'{\"scientists\":150}',NULL,0),(80,7,'{}',NULL,0),(81,80,'{}',NULL,0),(82,81,'{\"units\":[{\"type\":\"Trooper\",\"level\":3,\"count\":1,\"hp\":100}]}',NULL,0),(83,82,'{\"units\":[{\"type\":\"Trooper\",\"level\":3,\"count\":1,\"hp\":100}]}',NULL,0),(84,83,'{\"units\":[{\"type\":\"Trooper\",\"level\":3,\"count\":2,\"hp\":100}]}',NULL,0),(85,84,'{\"units\":[{\"type\":\"Trooper\",\"level\":3,\"count\":2,\"hp\":100},{\"type\":\"Seeker\",\"level\":3,\"count\":1,\"hp\":100}]}',NULL,0),(86,85,'{\"units\":[{\"type\":\"Trooper\",\"level\":3,\"count\":4,\"hp\":100},{\"type\":\"Seeker\",\"level\":3,\"count\":1,\"hp\":100}]}',NULL,0),(87,86,'{\"units\":[{\"type\":\"Trooper\",\"level\":3,\"count\":4,\"hp\":100},{\"type\":\"Seeker\",\"level\":3,\"count\":1,\"hp\":100},{\"type\":\"Shocker\",\"level\":3,\"count\":1,\"hp\":100}]}',NULL,0),(88,87,'{\"units\":[{\"type\":\"Trooper\",\"level\":3,\"count\":5,\"hp\":100},{\"type\":\"Seeker\",\"level\":3,\"count\":2,\"hp\":100},{\"type\":\"Shocker\",\"level\":3,\"count\":2,\"hp\":100}]}',NULL,0),(89,88,'{\"units\":[{\"type\":\"Trooper\",\"level\":3,\"count\":4,\"hp\":100},{\"type\":\"Seeker\",\"level\":3,\"count\":2,\"hp\":100},{\"type\":\"Shocker\",\"level\":3,\"count\":2,\"hp\":100},{\"type\":\"Scorpion\",\"level\":3,\"count\":1,\"hp\":100}]}',NULL,0),(90,89,'{\"units\":[{\"type\":\"Trooper\",\"level\":3,\"count\":7,\"hp\":100},{\"type\":\"Seeker\",\"level\":3,\"count\":2,\"hp\":100},{\"type\":\"Shocker\",\"level\":3,\"count\":2,\"hp\":100},{\"type\":\"Scorpion\",\"level\":3,\"count\":2,\"hp\":100}]}',NULL,0),(91,90,'{\"units\":[{\"type\":\"Trooper\",\"level\":3,\"count\":5,\"hp\":100},{\"type\":\"Seeker\",\"level\":3,\"count\":2,\"hp\":100},{\"type\":\"Shocker\",\"level\":3,\"count\":2,\"hp\":100},{\"type\":\"Scorpion\",\"level\":3,\"count\":2,\"hp\":100},{\"type\":\"Cyrix\",\"level\":3,\"count\":1,\"hp\":100}]}',NULL,0),(92,91,'{\"units\":[{\"type\":\"Trooper\",\"level\":3,\"count\":4,\"hp\":100},{\"type\":\"Seeker\",\"level\":3,\"count\":2,\"hp\":100},{\"type\":\"Shocker\",\"level\":3,\"count\":2,\"hp\":100},{\"type\":\"Scorpion\",\"level\":3,\"count\":2,\"hp\":100},{\"type\":\"Avenger\",\"level\":3,\"count\":1,\"hp\":100},{\"type\":\"Cyrix\",\"level\":3,\"count\":1,\"hp\":100}]}',NULL,0),(93,92,'{\"units\":[{\"type\":\"Trooper\",\"level\":3,\"count\":4,\"hp\":100},{\"type\":\"Seeker\",\"level\":3,\"count\":2,\"hp\":100},{\"type\":\"Shocker\",\"level\":3,\"count\":2,\"hp\":100},{\"type\":\"Scorpion\",\"level\":3,\"count\":2,\"hp\":100},{\"type\":\"Avenger\",\"level\":3,\"count\":1,\"hp\":100},{\"type\":\"Cyrix\",\"level\":3,\"count\":3,\"hp\":100}]}',NULL,0),(94,93,'{\"units\":[{\"type\":\"Trooper\",\"level\":3,\"count\":8,\"hp\":100},{\"type\":\"Seeker\",\"level\":3,\"count\":3,\"hp\":100},{\"type\":\"Shocker\",\"level\":3,\"count\":2,\"hp\":100},{\"type\":\"Scorpion\",\"level\":3,\"count\":2,\"hp\":100},{\"type\":\"Avenger\",\"level\":3,\"count\":1,\"hp\":100},{\"type\":\"Rhyno\",\"level\":3,\"count\":1,\"hp\":100},{\"type\":\"Cyrix\",\"level\":3,\"count\":1,\"hp\":100},{\"type\":\"Crow\",\"level\":2,\"count\":1,\"hp\":100}]}',NULL,0),(95,71,'{\"metal\":18000,\"energy\":54000,\"zetium\":3150}',NULL,0),(96,95,'{\"metal\":25200,\"energy\":75600,\"zetium\":4410}',NULL,0),(97,96,'{\"metal\":35280,\"energy\":105840,\"zetium\":6174}',NULL,0),(98,97,'{\"metal\":49400,\"energy\":148200,\"zetium\":8645}',NULL,0),(99,98,'{\"metal\":69160,\"energy\":207480,\"zetium\":12103}',NULL,0),(100,99,'{\"metal\":96840,\"energy\":290520,\"zetium\":16947}',NULL,0),(101,100,'{\"metal\":135560,\"energy\":406680,\"zetium\":23723}',NULL,0),(102,101,'{\"metal\":189760,\"energy\":569280,\"zetium\":33208}',NULL,0),(106,94,'{\"units\":[{\"type\":\"Scorpion\",\"level\":3,\"count\":2,\"hp\":100},{\"type\":\"Avenger\",\"level\":3,\"count\":2,\"hp\":100},{\"type\":\"Rhyno\",\"level\":3,\"count\":1,\"hp\":100},{\"type\":\"Cyrix\",\"level\":3,\"count\":3,\"hp\":100},{\"type\":\"Dart\",\"level\":3,\"count\":1,\"hp\":100}]}',NULL,0),(107,106,'{\"units\":[{\"type\":\"Scorpion\",\"level\":3,\"count\":2,\"hp\":100},{\"type\":\"Avenger\",\"level\":3,\"count\":2,\"hp\":100},{\"type\":\"Rhyno\",\"level\":3,\"count\":1,\"hp\":100},{\"type\":\"Cyrix\",\"level\":3,\"count\":3,\"hp\":100},{\"type\":\"Dart\",\"level\":3,\"count\":2,\"hp\":100}]}',NULL,0),(108,107,'{\"units\":[{\"type\":\"Scorpion\",\"level\":3,\"count\":2,\"hp\":100},{\"type\":\"Avenger\",\"level\":3,\"count\":3,\"hp\":100},{\"type\":\"Rhyno\",\"level\":3,\"count\":1,\"hp\":100},{\"type\":\"Cyrix\",\"level\":3,\"count\":3,\"hp\":100},{\"type\":\"Dart\",\"level\":3,\"count\":2,\"hp\":100},{\"type\":\"Crow\",\"level\":2,\"count\":1,\"hp\":100}]}',NULL,0),(109,108,'{\"units\":[{\"type\":\"Scorpion\",\"level\":3,\"count\":2,\"hp\":100},{\"type\":\"Avenger\",\"level\":3,\"count\":3,\"hp\":100},{\"type\":\"Rhyno\",\"level\":3,\"count\":1,\"hp\":100},{\"type\":\"Cyrix\",\"level\":3,\"count\":3,\"hp\":100},{\"type\":\"Dart\",\"level\":3,\"count\":2,\"hp\":100},{\"type\":\"Crow\",\"level\":2,\"count\":5,\"hp\":100}]}',NULL,0),(110,109,'{\"units\":[{\"type\":\"Scorpion\",\"level\":3,\"count\":4,\"hp\":100},{\"type\":\"Avenger\",\"level\":3,\"count\":4,\"hp\":100},{\"type\":\"Rhyno\",\"level\":3,\"count\":1,\"hp\":100},{\"type\":\"Cyrix\",\"level\":3,\"count\":3,\"hp\":100},{\"type\":\"Dart\",\"level\":3,\"count\":2,\"hp\":100},{\"type\":\"Crow\",\"level\":2,\"count\":6,\"hp\":100}]}',NULL,0),(111,110,'{\"units\":[{\"type\":\"Scorpion\",\"level\":3,\"count\":4,\"hp\":100},{\"type\":\"Avenger\",\"level\":3,\"count\":4,\"hp\":100},{\"type\":\"Rhyno\",\"level\":3,\"count\":1,\"hp\":100},{\"type\":\"Cyrix\",\"level\":3,\"count\":6,\"hp\":100},{\"type\":\"Dart\",\"level\":3,\"count\":2,\"hp\":100},{\"type\":\"Crow\",\"level\":2,\"count\":6,\"hp\":100}]}',NULL,0),(112,111,'{\"units\":[{\"type\":\"Scorpion\",\"level\":3,\"count\":4,\"hp\":100},{\"type\":\"Avenger\",\"level\":3,\"count\":4,\"hp\":100},{\"type\":\"Rhyno\",\"level\":3,\"count\":2,\"hp\":100},{\"type\":\"Cyrix\",\"level\":3,\"count\":6,\"hp\":100},{\"type\":\"Dart\",\"level\":3,\"count\":2,\"hp\":100},{\"type\":\"Crow\",\"level\":2,\"count\":6,\"hp\":100}]}',NULL,0),(113,112,'{\"units\":[{\"type\":\"Scorpion\",\"level\":3,\"count\":4,\"hp\":100},{\"type\":\"Avenger\",\"level\":3,\"count\":5,\"hp\":100},{\"type\":\"Rhyno\",\"level\":3,\"count\":2,\"hp\":100},{\"type\":\"Cyrix\",\"level\":3,\"count\":6,\"hp\":100},{\"type\":\"Dart\",\"level\":3,\"count\":4,\"hp\":100},{\"type\":\"Crow\",\"level\":2,\"count\":5,\"hp\":100}]}',NULL,0),(114,113,'{\"units\":[{\"type\":\"Scorpion\",\"level\":3,\"count\":5,\"hp\":100},{\"type\":\"Avenger\",\"level\":3,\"count\":6,\"hp\":100},{\"type\":\"Rhyno\",\"level\":3,\"count\":2,\"hp\":100},{\"type\":\"Cyrix\",\"level\":3,\"count\":6,\"hp\":100},{\"type\":\"Dart\",\"level\":3,\"count\":4,\"hp\":100},{\"type\":\"Crow\",\"level\":2,\"count\":10,\"hp\":100}]}',NULL,0),(115,114,'{\"units\":[{\"type\":\"Scorpion\",\"level\":3,\"count\":6,\"hp\":100},{\"type\":\"Avenger\",\"level\":3,\"count\":7,\"hp\":100},{\"type\":\"Rhyno\",\"level\":3,\"count\":2,\"hp\":100},{\"type\":\"Cyrix\",\"level\":3,\"count\":9,\"hp\":100},{\"type\":\"Dart\",\"level\":3,\"count\":4,\"hp\":100},{\"type\":\"Crow\",\"level\":2,\"count\":11,\"hp\":100}]}',NULL,0),(116,8,'{\"creds\":2000}','VIP players',0),(117,116,'{\"metal\":2406,\"energy\":4809,\"zetium\":108}','Accelerating',0),(10000,NULL,NULL,NULL,1),(10001,NULL,NULL,NULL,1),(10002,NULL,NULL,NULL,1),(10003,NULL,NULL,NULL,1),(10004,NULL,NULL,NULL,1),(10005,NULL,NULL,NULL,1),(10006,NULL,NULL,NULL,1),(10020,NULL,NULL,NULL,1),(10021,NULL,NULL,NULL,1),(10022,NULL,NULL,NULL,1),(10023,NULL,NULL,NULL,1),(10024,NULL,NULL,NULL,1),(10025,NULL,NULL,NULL,1),(10026,NULL,NULL,NULL,1),(10027,NULL,NULL,NULL,1),(10028,NULL,NULL,NULL,1),(10040,NULL,NULL,NULL,1),(10041,NULL,NULL,NULL,1),(10042,NULL,NULL,NULL,1),(10043,NULL,NULL,NULL,1),(10044,NULL,NULL,NULL,1),(10045,NULL,NULL,NULL,1),(10046,NULL,NULL,NULL,1),(10060,NULL,NULL,NULL,1),(10061,NULL,NULL,NULL,1),(10062,NULL,NULL,NULL,1),(10063,NULL,NULL,NULL,1),(10064,NULL,NULL,NULL,1),(10065,NULL,NULL,NULL,1),(10066,NULL,NULL,NULL,1),(10080,NULL,NULL,NULL,1),(10081,NULL,NULL,NULL,1),(10082,NULL,NULL,NULL,1),(10083,NULL,NULL,NULL,1),(10084,NULL,NULL,NULL,1),(10085,NULL,NULL,NULL,1),(10086,NULL,NULL,NULL,1),(10100,NULL,NULL,NULL,1),(10101,NULL,NULL,NULL,1),(10102,NULL,NULL,NULL,1),(10103,NULL,NULL,NULL,1),(10104,NULL,NULL,NULL,1),(10105,NULL,NULL,NULL,1),(10106,NULL,NULL,NULL,1),(10107,NULL,NULL,NULL,1),(10108,NULL,NULL,NULL,1),(10120,NULL,NULL,NULL,1),(10121,NULL,NULL,NULL,1),(10122,NULL,NULL,NULL,1),(10123,NULL,NULL,NULL,1),(10124,NULL,NULL,NULL,1),(10125,NULL,NULL,NULL,1),(10126,NULL,NULL,NULL,1),(10127,NULL,NULL,NULL,1),(10140,NULL,NULL,NULL,1),(10141,NULL,NULL,NULL,1),(10142,NULL,NULL,NULL,1),(10143,NULL,NULL,NULL,1),(10144,NULL,NULL,NULL,1),(10160,NULL,NULL,NULL,1),(10161,NULL,NULL,NULL,1),(10162,NULL,NULL,NULL,1),(10163,NULL,NULL,NULL,1),(10164,NULL,NULL,NULL,1),(10165,NULL,NULL,NULL,1),(10166,NULL,NULL,NULL,1),(10167,NULL,NULL,NULL,1),(10168,NULL,NULL,NULL,1),(10180,NULL,NULL,NULL,1),(10181,NULL,NULL,NULL,1),(10182,NULL,NULL,NULL,1),(10183,NULL,NULL,NULL,1),(10184,NULL,NULL,NULL,1),(10185,NULL,NULL,NULL,1),(10186,NULL,NULL,NULL,1),(10187,NULL,NULL,NULL,1),(10188,NULL,NULL,NULL,1),(10200,NULL,NULL,NULL,1),(10201,NULL,NULL,NULL,1),(10202,NULL,NULL,NULL,1),(10203,NULL,NULL,NULL,1),(10204,NULL,NULL,NULL,1),(10220,NULL,NULL,NULL,1),(10221,NULL,NULL,NULL,1),(10222,NULL,NULL,NULL,1),(10223,NULL,NULL,NULL,1),(10224,NULL,NULL,NULL,1),(10240,NULL,NULL,NULL,1),(10241,NULL,NULL,NULL,1),(10242,NULL,NULL,NULL,1),(10243,NULL,NULL,NULL,1),(10244,NULL,NULL,NULL,1),(10260,NULL,NULL,NULL,1),(10261,NULL,NULL,NULL,1),(10262,NULL,NULL,NULL,1),(10263,NULL,NULL,NULL,1),(10264,NULL,NULL,NULL,1),(10280,NULL,NULL,NULL,1),(10281,NULL,NULL,NULL,1),(10282,NULL,NULL,NULL,1),(10283,NULL,NULL,NULL,1),(10284,NULL,NULL,NULL,1),(10290,NULL,NULL,NULL,1),(10291,NULL,NULL,NULL,1),(10292,NULL,NULL,NULL,1),(10300,NULL,NULL,NULL,1),(10301,NULL,NULL,NULL,1),(10302,NULL,NULL,NULL,1),(10303,NULL,NULL,NULL,1),(10304,NULL,NULL,NULL,1),(10320,NULL,NULL,NULL,1),(10321,NULL,NULL,NULL,1),(10322,NULL,NULL,NULL,1),(10323,NULL,NULL,NULL,1),(10324,NULL,NULL,NULL,1),(10340,NULL,NULL,NULL,1),(10341,NULL,NULL,NULL,1),(10342,NULL,NULL,NULL,1),(10343,NULL,NULL,NULL,1),(10344,NULL,NULL,NULL,1),(10345,NULL,NULL,NULL,1),(10346,NULL,NULL,NULL,1),(10347,NULL,NULL,NULL,1),(10360,NULL,NULL,NULL,1),(10361,NULL,NULL,NULL,1),(10362,NULL,NULL,NULL,1),(10363,NULL,NULL,NULL,1),(10364,NULL,NULL,NULL,1),(10365,NULL,NULL,NULL,1),(10366,NULL,NULL,NULL,1),(10367,NULL,NULL,NULL,1),(10380,NULL,NULL,NULL,1),(10381,NULL,NULL,NULL,1),(10382,NULL,NULL,NULL,1),(10383,NULL,NULL,NULL,1),(10384,NULL,NULL,NULL,1),(10385,NULL,NULL,NULL,1),(10386,NULL,NULL,NULL,1),(10400,NULL,NULL,NULL,1),(10401,NULL,NULL,NULL,1),(10402,NULL,NULL,NULL,1),(10403,NULL,NULL,NULL,1),(10404,NULL,NULL,NULL,1),(10405,NULL,NULL,NULL,1),(10406,NULL,NULL,NULL,1),(10407,NULL,NULL,NULL,1),(10408,NULL,NULL,NULL,1),(10409,NULL,NULL,NULL,1);
/*!40000 ALTER TABLE `quests` ENABLE KEYS */;
UNLOCK TABLES;

--
-- Table structure for table `route_hops`
--

DROP TABLE IF EXISTS `route_hops`;
/*!40101 SET @saved_cs_client     = @@character_set_client */;
/*!40101 SET character_set_client = utf8 */;
CREATE TABLE `route_hops` (
  `id` int(11) NOT NULL AUTO_INCREMENT,
  `route_id` int(11) NOT NULL,
  `location_type` tinyint(2) unsigned NOT NULL,
  `location_id` int(10) unsigned NOT NULL,
  `location_x` int(11) DEFAULT NULL,
  `location_y` int(11) DEFAULT NULL,
  `arrives_at` datetime NOT NULL,
  `index` smallint(6) NOT NULL,
  `next` tinyint(1) NOT NULL DEFAULT '0',
  `jumps_at` datetime DEFAULT NULL,
  PRIMARY KEY (`id`),
  UNIQUE KEY `next_hop` (`route_id`,`index`),
  KEY `route` (`route_id`,`location_type`,`location_id`),
  KEY `next` (`route_id`,`next`),
  CONSTRAINT `route_hops_ibfk_1` FOREIGN KEY (`route_id`) REFERENCES `routes` (`id`) ON DELETE CASCADE
) ENGINE=InnoDB DEFAULT CHARSET=utf8;
/*!40101 SET character_set_client = @saved_cs_client */;

--
-- Dumping data for table `route_hops`
--

LOCK TABLES `route_hops` WRITE;
/*!40000 ALTER TABLE `route_hops` DISABLE KEYS */;
/*!40000 ALTER TABLE `route_hops` ENABLE KEYS */;
UNLOCK TABLES;

--
-- Table structure for table `routes`
--

DROP TABLE IF EXISTS `routes`;
/*!40101 SET @saved_cs_client     = @@character_set_client */;
/*!40101 SET character_set_client = utf8 */;
CREATE TABLE `routes` (
  `id` int(11) NOT NULL AUTO_INCREMENT,
  `target_type` tinyint(2) unsigned NOT NULL,
  `target_id` int(10) unsigned NOT NULL,
  `arrives_at` datetime NOT NULL,
  `cached_units` text NOT NULL,
  `player_id` int(11) DEFAULT NULL,
  `target_x` int(11) NOT NULL,
  `target_y` int(11) NOT NULL,
  `target_name` varchar(255) DEFAULT NULL,
  `target_variation` tinyint(2) unsigned DEFAULT NULL,
  `target_solar_system_id` int(11) DEFAULT NULL,
  `current_id` int(11) unsigned NOT NULL,
  `current_type` tinyint(2) unsigned NOT NULL,
  `current_x` int(11) NOT NULL,
  `current_y` int(11) NOT NULL,
  `current_name` varchar(255) DEFAULT NULL,
  `current_variation` tinyint(2) unsigned DEFAULT NULL,
  `current_solar_system_id` int(11) DEFAULT NULL,
  `source_id` int(11) unsigned NOT NULL,
  `source_type` tinyint(2) unsigned NOT NULL,
  `source_x` int(11) NOT NULL,
  `source_y` int(11) NOT NULL,
  `source_name` varchar(255) DEFAULT NULL,
  `source_variation` tinyint(2) unsigned DEFAULT NULL,
  `source_solar_system_id` int(11) DEFAULT NULL,
  `first_hop` datetime NOT NULL,
  PRIMARY KEY (`id`),
  KEY `incoming_routes` (`target_type`,`target_id`),
  KEY `foreign_key` (`player_id`),
  CONSTRAINT `routes_ibfk_1` FOREIGN KEY (`player_id`) REFERENCES `players` (`id`) ON DELETE CASCADE
) ENGINE=InnoDB DEFAULT CHARSET=utf8;
/*!40101 SET character_set_client = @saved_cs_client */;

--
-- Dumping data for table `routes`
--

LOCK TABLES `routes` WRITE;
/*!40000 ALTER TABLE `routes` DISABLE KEYS */;
/*!40000 ALTER TABLE `routes` ENABLE KEYS */;
UNLOCK TABLES;

--
-- Table structure for table `schema_migrations`
--

DROP TABLE IF EXISTS `schema_migrations`;
/*!40101 SET @saved_cs_client     = @@character_set_client */;
/*!40101 SET character_set_client = utf8 */;
CREATE TABLE `schema_migrations` (
  `version` varchar(255) NOT NULL,
  UNIQUE KEY `unique_schema_migrations` (`version`)
) ENGINE=InnoDB DEFAULT CHARSET=utf8;
/*!40101 SET character_set_client = @saved_cs_client */;

--
-- Dumping data for table `schema_migrations`
--

LOCK TABLES `schema_migrations` WRITE;
/*!40000 ALTER TABLE `schema_migrations` DISABLE KEYS */;
INSERT INTO `schema_migrations` VALUES ('20090601175224'),('20090601184051'),('20090601184055'),('20090601184059'),('20090701164131'),('20090713165021'),('20090808144214'),('20090809160211'),('20090810173759'),('20090826140238'),('20090826141836'),('20090829202538'),('20090829210029'),('20090829224505'),('20090830143959'),('20090830145319'),('20090901153809'),('20090904190655'),('20090905175341'),('20090905192056'),('20090906135044'),('20090909222719'),('20090911180950'),('20090912165229'),('20090919155819'),('20091024222359'),('20091103164416'),('20091103180558'),('20091103181146'),('20091109191211'),('20091225193714'),('20100114152902'),('20100121142414'),('20100127115341'),('20100127120219'),('20100127120515'),('20100127121337'),('20100129150736'),('20100203202757'),('20100203204803'),('20100204172507'),('20100204173714'),('20100208163239'),('20100210114531'),('20100212134334'),('20100218181507'),('20100219114448'),('20100220144106'),('20100222144003'),('20100223153023'),('20100224153728'),('20100224163525'),('20100225124928'),('20100225153721'),('20100225155505'),('20100225155739'),('20100226122144'),('20100226122651'),('20100301153626'),('20100302131225'),('20100303131706'),('20100308163148'),('20100308164422'),('20100310172315'),('20100310181338'),('20100311123523'),('20100315112858'),('20100319141401'),('20100322184529'),('20100324134243'),('20100324141652'),('20100331125702'),('20100415130556'),('20100415130600'),('20100415130605'),('20100415134627'),('20100419141518'),('20100419142018'),('20100419164230'),('20100426141509'),('20100428130912'),('20100429171200'),('20100430174140'),('20100610151652'),('20100610180750'),('20100614142225'),('20100614160819'),('20100614162423'),('20100616132525'),('20100616135507'),('20100622124252'),('20100706105523'),('20100710121447'),('20100710191351'),('20100716155807'),('20100719131622'),('20100721155359'),('20100722124307'),('20100812164444'),('20100812164449'),('20100812164518'),('20100812164524'),('20100817165213'),('20100819175736'),('20100820185846'),('20100906095758'),('20100915145823'),('20100929111549'),('20101001155323'),('20101005180058'),('20101022155620'),('20101117131430'),('20101208135417'),('20101209122838'),('20101222150446'),('20101223125157'),('20101223172333'),('20110106110617'),('20110117182616'),('20110119121807'),('20110125161025'),('20110128094012'),('20110201122224'),('20110211124612'),('20110214130700'),('20110214165108'),('20110215161039'),('20110221105637'),('20110224162141'),('20110224174209'),('20110307104202'),('20110307121218'),('20110309114701'),('20110309194328'),('20110310113500'),('20110311172250'),('20110314132426'),('20110317165341'),('20110329163829'),('20110330141930'),('20110410103752'),('20110413154835'),('20110420152125'),('20110420153521'),('20110422180144'),('20110426131533'),('20110426145014'),('20110429150825'),('20110430142655'),('20110501202247'),('20110502175634'),('20110503165127'),('20110506202156'),('20110509144521'),('20110520172423'),('20110529152142'),('20110530121627'),('20110601155244'),('20110606114650'),('20110606154238'),('20110615120534'),('99999999999000'),('99999999999900');
/*!40000 ALTER TABLE `schema_migrations` ENABLE KEYS */;
UNLOCK TABLES;

--
-- Table structure for table `solar_systems`
--

DROP TABLE IF EXISTS `solar_systems`;
/*!40101 SET @saved_cs_client     = @@character_set_client */;
/*!40101 SET character_set_client = utf8 */;
CREATE TABLE `solar_systems` (
  `id` int(11) NOT NULL AUTO_INCREMENT,
  `galaxy_id` int(11) NOT NULL,
  `x` mediumint(9) DEFAULT NULL,
  `y` mediumint(9) DEFAULT NULL,
  `kind` tinyint(2) NOT NULL DEFAULT '0',
  `shield_ends_at` datetime DEFAULT NULL,
  `shield_owner_id` int(11) DEFAULT NULL,
  PRIMARY KEY (`id`),
  UNIQUE KEY `uniqueness` (`galaxy_id`,`x`,`y`),
  KEY `shield_owner_id` (`shield_owner_id`),
  CONSTRAINT `solar_systems_ibfk_1` FOREIGN KEY (`galaxy_id`) REFERENCES `galaxies` (`id`) ON DELETE CASCADE,
  CONSTRAINT `solar_systems_ibfk_2` FOREIGN KEY (`shield_owner_id`) REFERENCES `players` (`id`) ON DELETE SET NULL
) ENGINE=InnoDB AUTO_INCREMENT=13 DEFAULT CHARSET=utf8;
/*!40101 SET character_set_client = @saved_cs_client */;

--
-- Dumping data for table `solar_systems`
--

LOCK TABLES `solar_systems` WRITE;
/*!40000 ALTER TABLE `solar_systems` DISABLE KEYS */;
INSERT INTO `solar_systems` VALUES (1,1,NULL,NULL,2,NULL,NULL),(2,1,6,-3,2,NULL,NULL),(3,1,1,-6,2,NULL,NULL),(4,1,2,-7,1,NULL,NULL),(5,1,4,-3,0,NULL,NULL),(6,1,5,-1,1,NULL,NULL),(7,1,6,-5,1,NULL,NULL),(8,1,4,-7,0,'2011-06-30 17:54:16',1),(9,1,5,-7,0,NULL,NULL),(10,1,2,-4,0,NULL,NULL),(11,1,7,-8,2,NULL,NULL),(12,1,1,-2,1,NULL,NULL);
/*!40000 ALTER TABLE `solar_systems` ENABLE KEYS */;
UNLOCK TABLES;

--
-- Table structure for table `ss_objects`
--

DROP TABLE IF EXISTS `ss_objects`;
/*!40101 SET @saved_cs_client     = @@character_set_client */;
/*!40101 SET character_set_client = utf8 */;
CREATE TABLE `ss_objects` (
  `id` int(11) NOT NULL AUTO_INCREMENT,
  `solar_system_id` int(11) NOT NULL,
  `width` int(11) DEFAULT NULL,
  `height` int(11) DEFAULT NULL,
  `position` int(11) NOT NULL DEFAULT '0',
  `angle` int(11) NOT NULL DEFAULT '0',
  `type` varchar(255) NOT NULL,
  `player_id` int(11) DEFAULT NULL,
  `name` varchar(12) NOT NULL DEFAULT '',
  `size` int(11) NOT NULL DEFAULT '0',
  `terrain` tinyint(2) unsigned NOT NULL DEFAULT '0',
  `metal` float NOT NULL DEFAULT '0',
  `metal_rate` float NOT NULL DEFAULT '0',
  `metal_storage` float NOT NULL DEFAULT '0',
  `energy` float NOT NULL DEFAULT '0',
  `energy_rate` float NOT NULL DEFAULT '0',
  `energy_storage` float NOT NULL DEFAULT '0',
  `zetium` float NOT NULL DEFAULT '0',
  `zetium_rate` float NOT NULL DEFAULT '0',
  `zetium_storage` float NOT NULL DEFAULT '0',
  `last_resources_update` datetime DEFAULT NULL,
  `energy_diminish_registered` tinyint(1) NOT NULL DEFAULT '0',
  `exploration_x` tinyint(2) unsigned DEFAULT NULL,
  `exploration_y` tinyint(2) unsigned DEFAULT NULL,
  `exploration_ends_at` datetime DEFAULT NULL,
  `can_destroy_building_at` datetime DEFAULT NULL,
  `special` tinyint(1) NOT NULL DEFAULT '0',
  `next_raid_at` datetime DEFAULT NULL,
  `shield_ends_at` datetime DEFAULT NULL,
  `shield_owner_id` int(11) DEFAULT NULL,
  `metal_rate_boost_ends_at` datetime DEFAULT NULL,
  `metal_storage_boost_ends_at` datetime DEFAULT NULL,
  `energy_rate_boost_ends_at` datetime DEFAULT NULL,
  `energy_storage_boost_ends_at` datetime DEFAULT NULL,
  `zetium_rate_boost_ends_at` datetime DEFAULT NULL,
  `zetium_storage_boost_ends_at` datetime DEFAULT NULL,
  PRIMARY KEY (`id`),
  UNIQUE KEY `uniqueness` (`solar_system_id`,`position`,`angle`),
  KEY `index_planets_on_galaxy_id_and_solar_system_id` (`solar_system_id`),
  KEY `index_planets_on_player_id_and_galaxy_id` (`player_id`),
  KEY `group_by_for_fowssentry_status_updates` (`player_id`,`solar_system_id`),
  KEY `shield_owner_id` (`shield_owner_id`),
  CONSTRAINT `ss_objects_ibfk_1` FOREIGN KEY (`solar_system_id`) REFERENCES `solar_systems` (`id`) ON DELETE CASCADE,
  CONSTRAINT `ss_objects_ibfk_2` FOREIGN KEY (`player_id`) REFERENCES `players` (`id`) ON DELETE SET NULL,
  CONSTRAINT `ss_objects_ibfk_3` FOREIGN KEY (`shield_owner_id`) REFERENCES `players` (`id`) ON DELETE SET NULL
) ENGINE=InnoDB AUTO_INCREMENT=84 DEFAULT CHARSET=utf8;
/*!40101 SET character_set_client = @saved_cs_client */;

--
-- Dumping data for table `ss_objects`
--

LOCK TABLES `ss_objects` WRITE;
/*!40000 ALTER TABLE `ss_objects` DISABLE KEYS */;
INSERT INTO `ss_objects` VALUES (1,1,23,13,1,45,'Planet',NULL,'Inculta',40,1,0,0,100000,0,0,200000,0,0,25000,NULL,0,NULL,NULL,NULL,NULL,1,NULL,NULL,NULL,NULL,NULL,NULL,NULL,NULL,NULL),(2,1,0,0,3,22,'Jumpgate',NULL,'',54,0,0,0,0,0,0,0,0,0,0,NULL,0,NULL,NULL,NULL,NULL,0,NULL,NULL,NULL,NULL,NULL,NULL,NULL,NULL,NULL),(3,1,0,0,3,270,'Jumpgate',NULL,'',43,0,0,0,0,0,0,0,0,0,0,NULL,0,NULL,NULL,NULL,NULL,0,NULL,NULL,NULL,NULL,NULL,NULL,NULL,NULL,NULL),(4,1,15,15,2,210,'Planet',NULL,'Limus',37,2,0,0,100000,0,0,200000,0,0,25000,NULL,0,NULL,NULL,NULL,NULL,1,NULL,NULL,NULL,NULL,NULL,NULL,NULL,NULL,NULL),(5,1,21,17,0,270,'Planet',NULL,'Gramen',40,0,0,0,100000,0,0,200000,0,0,25000,NULL,0,NULL,NULL,NULL,NULL,1,NULL,NULL,NULL,NULL,NULL,NULL,NULL,NULL,NULL),(6,1,0,0,3,134,'Jumpgate',NULL,'',37,0,0,0,0,0,0,0,0,0,0,NULL,0,NULL,NULL,NULL,NULL,0,NULL,NULL,NULL,NULL,NULL,NULL,NULL,NULL,NULL),(7,2,0,0,3,22,'Jumpgate',NULL,'',56,0,0,0,0,0,0,0,0,0,0,NULL,0,NULL,NULL,NULL,NULL,0,NULL,NULL,NULL,NULL,NULL,NULL,NULL,NULL,NULL),(8,2,0,0,3,270,'Jumpgate',NULL,'',59,0,0,0,0,0,0,0,0,0,0,NULL,0,NULL,NULL,NULL,NULL,0,NULL,NULL,NULL,NULL,NULL,NULL,NULL,NULL,NULL),(9,2,21,17,2,210,'Planet',NULL,'Gramen-9',40,0,0,0,100000,0,0,200000,0,0,25000,NULL,0,NULL,NULL,NULL,NULL,1,NULL,NULL,NULL,NULL,NULL,NULL,NULL,NULL,NULL),(10,2,0,0,3,134,'Jumpgate',NULL,'',40,0,0,0,0,0,0,0,0,0,0,NULL,0,NULL,NULL,NULL,NULL,0,NULL,NULL,NULL,NULL,NULL,NULL,NULL,NULL,NULL),(11,3,0,0,3,22,'Jumpgate',NULL,'',57,0,0,0,0,0,0,0,0,0,0,NULL,0,NULL,NULL,NULL,NULL,0,NULL,NULL,NULL,NULL,NULL,NULL,NULL,NULL,NULL),(12,3,0,0,3,270,'Jumpgate',NULL,'',43,0,0,0,0,0,0,0,0,0,0,NULL,0,NULL,NULL,NULL,NULL,0,NULL,NULL,NULL,NULL,NULL,NULL,NULL,NULL,NULL),(13,3,21,17,2,210,'Planet',NULL,'Gramen-13',40,0,0,0,100000,0,0,200000,0,0,25000,NULL,0,NULL,NULL,NULL,NULL,1,NULL,NULL,NULL,NULL,NULL,NULL,NULL,NULL,NULL),(14,3,0,0,3,134,'Jumpgate',NULL,'',51,0,0,0,0,0,0,0,0,0,0,NULL,0,NULL,NULL,NULL,NULL,0,NULL,NULL,NULL,NULL,NULL,NULL,NULL,NULL,NULL),(15,5,0,0,1,45,'Asteroid',NULL,'',35,0,0,5,0,0,3,0,0,3,0,NULL,0,NULL,NULL,NULL,NULL,0,NULL,NULL,NULL,NULL,NULL,NULL,NULL,NULL,NULL),(16,5,0,0,1,225,'Asteroid',NULL,'',39,0,0,1,0,0,1,0,0,2,0,NULL,0,NULL,NULL,NULL,NULL,0,NULL,NULL,NULL,NULL,NULL,NULL,NULL,NULL,NULL),(17,5,0,0,2,120,'Asteroid',NULL,'',46,0,0,3,0,0,3,0,0,2,0,NULL,0,NULL,NULL,NULL,NULL,0,NULL,NULL,NULL,NULL,NULL,NULL,NULL,NULL,NULL),(18,5,0,0,2,210,'Asteroid',NULL,'',29,0,0,2,0,0,2,0,0,4,0,NULL,0,NULL,NULL,NULL,NULL,0,NULL,NULL,NULL,NULL,NULL,NULL,NULL,NULL,NULL),(19,5,0,0,1,180,'Asteroid',NULL,'',29,0,0,5,0,0,5,0,0,2,0,NULL,0,NULL,NULL,NULL,NULL,0,NULL,NULL,NULL,NULL,NULL,NULL,NULL,NULL,NULL),(20,5,0,0,3,156,'Jumpgate',NULL,'',43,0,0,0,0,0,0,0,0,0,0,NULL,0,NULL,NULL,NULL,NULL,0,NULL,NULL,NULL,NULL,NULL,NULL,NULL,NULL,NULL),(21,5,30,29,2,240,'Planet',NULL,'P-21',49,2,0,0,0,0,0,0,0,0,0,'2011-06-16 17:54:16',0,NULL,NULL,NULL,NULL,0,NULL,NULL,NULL,NULL,NULL,NULL,NULL,NULL,NULL),(22,5,0,0,1,315,'Asteroid',NULL,'',31,0,0,1,0,0,2,0,0,1,0,NULL,0,NULL,NULL,NULL,NULL,0,NULL,NULL,NULL,NULL,NULL,NULL,NULL,NULL,NULL),(23,5,0,0,1,0,'Asteroid',NULL,'',38,0,0,3,0,0,4,0,0,3,0,NULL,0,NULL,NULL,NULL,NULL,0,NULL,NULL,NULL,NULL,NULL,NULL,NULL,NULL,NULL),(24,5,0,0,3,112,'Jumpgate',NULL,'',38,0,0,0,0,0,0,0,0,0,0,NULL,0,NULL,NULL,NULL,NULL,0,NULL,NULL,NULL,NULL,NULL,NULL,NULL,NULL,NULL),(25,5,0,0,2,30,'Asteroid',NULL,'',31,0,0,5,0,0,4,0,0,3,0,NULL,0,NULL,NULL,NULL,NULL,0,NULL,NULL,NULL,NULL,NULL,NULL,NULL,NULL,NULL),(26,5,0,0,0,270,'Asteroid',NULL,'',48,0,0,1,0,0,2,0,0,1,0,NULL,0,NULL,NULL,NULL,NULL,0,NULL,NULL,NULL,NULL,NULL,NULL,NULL,NULL,NULL),(27,5,0,0,0,180,'Asteroid',NULL,'',29,0,0,1,0,0,1,0,0,1,0,NULL,0,NULL,NULL,NULL,NULL,0,NULL,NULL,NULL,NULL,NULL,NULL,NULL,NULL,NULL),(28,5,0,0,0,0,'Asteroid',NULL,'',50,0,0,1,0,0,2,0,0,1,0,NULL,0,NULL,NULL,NULL,NULL,0,NULL,NULL,NULL,NULL,NULL,NULL,NULL,NULL,NULL),(29,8,0,0,1,225,'Asteroid',NULL,'',45,0,0,2,0,0,2,0,0,1,0,NULL,0,NULL,NULL,NULL,NULL,0,NULL,NULL,NULL,NULL,NULL,NULL,NULL,NULL,NULL),(30,8,0,0,1,180,'Asteroid',NULL,'',31,0,0,3,0,0,2,0,0,2,0,NULL,0,NULL,NULL,NULL,NULL,0,NULL,NULL,NULL,NULL,NULL,NULL,NULL,NULL,NULL),(31,8,0,0,2,210,'Asteroid',NULL,'',34,0,0,5,0,0,2,0,0,2,0,NULL,0,NULL,NULL,NULL,NULL,0,NULL,NULL,NULL,NULL,NULL,NULL,NULL,NULL,NULL),(32,8,0,0,3,156,'Jumpgate',NULL,'',55,0,0,0,0,0,0,0,0,0,0,NULL,0,NULL,NULL,NULL,NULL,0,NULL,NULL,NULL,NULL,NULL,NULL,NULL,NULL,NULL),(33,8,31,29,1,0,'Planet',NULL,'P-33',50,2,0,0,0,0,0,0,0,0,0,'2011-06-16 17:54:16',0,NULL,NULL,NULL,NULL,0,NULL,NULL,NULL,NULL,NULL,NULL,NULL,NULL,NULL),(34,8,0,0,2,150,'Asteroid',NULL,'',44,0,0,1,0,0,2,0,0,1,0,NULL,0,NULL,NULL,NULL,NULL,0,NULL,NULL,NULL,NULL,NULL,NULL,NULL,NULL,NULL),(35,8,0,0,2,30,'Asteroid',NULL,'',58,0,0,1,0,0,1,0,0,1,0,NULL,0,NULL,NULL,NULL,NULL,0,NULL,NULL,NULL,NULL,NULL,NULL,NULL,NULL,NULL),(36,8,0,0,2,180,'Asteroid',NULL,'',52,0,0,2,0,0,1,0,0,2,0,NULL,0,NULL,NULL,NULL,NULL,0,NULL,NULL,NULL,NULL,NULL,NULL,NULL,NULL,NULL),(37,8,0,0,1,135,'Asteroid',NULL,'',36,0,0,1,0,0,2,0,0,1,0,NULL,0,NULL,NULL,NULL,NULL,0,NULL,NULL,NULL,NULL,NULL,NULL,NULL,NULL,NULL),(38,8,0,0,0,90,'Asteroid',NULL,'',49,0,0,2,0,0,3,0,0,5,0,NULL,0,NULL,NULL,NULL,NULL,0,NULL,NULL,NULL,NULL,NULL,NULL,NULL,NULL,NULL),(39,8,0,0,0,270,'Asteroid',NULL,'',59,0,0,2,0,0,1,0,0,1,0,NULL,0,NULL,NULL,NULL,NULL,0,NULL,NULL,NULL,NULL,NULL,NULL,NULL,NULL,NULL),(40,8,0,0,2,300,'Asteroid',NULL,'',51,0,0,2,0,0,4,0,0,3,0,NULL,0,NULL,NULL,NULL,NULL,0,NULL,NULL,NULL,NULL,NULL,NULL,NULL,NULL,NULL),(41,8,30,30,0,0,'Planet',1,'P-41',50,0,1593.05,70,9654.88,3521.01,154.5,21339.5,0,0,2622.18,'2011-06-16 17:54:16',0,NULL,NULL,NULL,NULL,0,NULL,NULL,NULL,NULL,NULL,NULL,NULL,NULL,NULL),(42,9,0,0,1,45,'Asteroid',NULL,'',51,0,0,2,0,0,2,0,0,1,0,NULL,0,NULL,NULL,NULL,NULL,0,NULL,NULL,NULL,NULL,NULL,NULL,NULL,NULL,NULL),(43,9,0,0,2,120,'Asteroid',NULL,'',27,0,0,2,0,0,1,0,0,2,0,NULL,0,NULL,NULL,NULL,NULL,0,NULL,NULL,NULL,NULL,NULL,NULL,NULL,NULL,NULL),(44,9,0,0,3,22,'Jumpgate',NULL,'',30,0,0,0,0,0,0,0,0,0,0,NULL,0,NULL,NULL,NULL,NULL,0,NULL,NULL,NULL,NULL,NULL,NULL,NULL,NULL,NULL),(45,9,0,0,2,210,'Asteroid',NULL,'',40,0,0,2,0,0,3,0,0,2,0,NULL,0,NULL,NULL,NULL,NULL,0,NULL,NULL,NULL,NULL,NULL,NULL,NULL,NULL,NULL),(46,9,0,0,1,180,'Asteroid',NULL,'',60,0,0,2,0,0,4,0,0,4,0,NULL,0,NULL,NULL,NULL,NULL,0,NULL,NULL,NULL,NULL,NULL,NULL,NULL,NULL,NULL),(47,9,0,0,3,202,'Jumpgate',NULL,'',47,0,0,0,0,0,0,0,0,0,0,NULL,0,NULL,NULL,NULL,NULL,0,NULL,NULL,NULL,NULL,NULL,NULL,NULL,NULL,NULL),(48,9,0,0,3,156,'Jumpgate',NULL,'',42,0,0,0,0,0,0,0,0,0,0,NULL,0,NULL,NULL,NULL,NULL,0,NULL,NULL,NULL,NULL,NULL,NULL,NULL,NULL,NULL),(49,9,0,0,2,240,'Asteroid',NULL,'',36,0,0,5,0,0,4,0,0,2,0,NULL,0,NULL,NULL,NULL,NULL,0,NULL,NULL,NULL,NULL,NULL,NULL,NULL,NULL,NULL),(50,9,0,0,1,315,'Asteroid',NULL,'',25,0,0,2,0,0,2,0,0,1,0,NULL,0,NULL,NULL,NULL,NULL,0,NULL,NULL,NULL,NULL,NULL,NULL,NULL,NULL,NULL),(51,9,0,0,1,0,'Asteroid',NULL,'',54,0,0,1,0,0,1,0,0,1,0,NULL,0,NULL,NULL,NULL,NULL,0,NULL,NULL,NULL,NULL,NULL,NULL,NULL,NULL,NULL),(52,9,0,0,2,60,'Asteroid',NULL,'',34,0,0,4,0,0,5,0,0,3,0,NULL,0,NULL,NULL,NULL,NULL,0,NULL,NULL,NULL,NULL,NULL,NULL,NULL,NULL,NULL),(53,9,24,29,1,90,'Planet',NULL,'P-53',47,1,0,0,0,0,0,0,0,0,0,'2011-06-16 17:54:16',0,NULL,NULL,NULL,NULL,0,NULL,NULL,NULL,NULL,NULL,NULL,NULL,NULL,NULL),(54,9,0,0,2,30,'Asteroid',NULL,'',53,0,0,3,0,0,2,0,0,4,0,NULL,0,NULL,NULL,NULL,NULL,0,NULL,NULL,NULL,NULL,NULL,NULL,NULL,NULL,NULL),(55,9,0,0,1,135,'Asteroid',NULL,'',56,0,0,4,0,0,2,0,0,5,0,NULL,0,NULL,NULL,NULL,NULL,0,NULL,NULL,NULL,NULL,NULL,NULL,NULL,NULL,NULL),(56,9,0,0,2,180,'Asteroid',NULL,'',32,0,0,5,0,0,3,0,0,4,0,NULL,0,NULL,NULL,NULL,NULL,0,NULL,NULL,NULL,NULL,NULL,NULL,NULL,NULL,NULL),(57,9,0,0,2,330,'Asteroid',NULL,'',42,0,0,4,0,0,3,0,0,3,0,NULL,0,NULL,NULL,NULL,NULL,0,NULL,NULL,NULL,NULL,NULL,NULL,NULL,NULL,NULL),(58,9,28,22,0,270,'Planet',NULL,'P-58',46,2,0,0,0,0,0,0,0,0,0,'2011-06-16 17:54:16',0,NULL,NULL,NULL,NULL,0,NULL,NULL,NULL,NULL,NULL,NULL,NULL,NULL,NULL),(59,9,0,0,2,0,'Asteroid',NULL,'',37,0,0,1,0,0,2,0,0,1,0,NULL,0,NULL,NULL,NULL,NULL,0,NULL,NULL,NULL,NULL,NULL,NULL,NULL,NULL,NULL),(60,9,0,0,3,90,'Jumpgate',NULL,'',27,0,0,0,0,0,0,0,0,0,0,NULL,0,NULL,NULL,NULL,NULL,0,NULL,NULL,NULL,NULL,NULL,NULL,NULL,NULL,NULL),(61,9,30,33,2,270,'Planet',NULL,'P-61',51,0,0,0,0,0,0,0,0,0,0,'2011-06-16 17:54:16',0,NULL,NULL,NULL,NULL,0,NULL,NULL,NULL,NULL,NULL,NULL,NULL,NULL,NULL),(62,9,0,0,2,300,'Asteroid',NULL,'',47,0,0,2,0,0,2,0,0,1,0,NULL,0,NULL,NULL,NULL,NULL,0,NULL,NULL,NULL,NULL,NULL,NULL,NULL,NULL,NULL),(63,9,0,0,0,0,'Asteroid',NULL,'',35,0,0,3,0,0,4,0,0,2,0,NULL,0,NULL,NULL,NULL,NULL,0,NULL,NULL,NULL,NULL,NULL,NULL,NULL,NULL,NULL),(64,10,25,26,1,45,'Planet',NULL,'P-64',46,0,0,0,0,0,0,0,0,0,0,'2011-06-16 17:54:16',0,NULL,NULL,NULL,NULL,0,NULL,NULL,NULL,NULL,NULL,NULL,NULL,NULL,NULL),(65,10,0,0,2,120,'Asteroid',NULL,'',48,0,0,4,0,0,4,0,0,3,0,NULL,0,NULL,NULL,NULL,NULL,0,NULL,NULL,NULL,NULL,NULL,NULL,NULL,NULL,NULL),(66,10,0,0,1,180,'Asteroid',NULL,'',40,0,0,2,0,0,1,0,0,2,0,NULL,0,NULL,NULL,NULL,NULL,0,NULL,NULL,NULL,NULL,NULL,NULL,NULL,NULL,NULL),(67,10,0,0,2,210,'Asteroid',NULL,'',51,0,0,4,0,0,5,0,0,5,0,NULL,0,NULL,NULL,NULL,NULL,0,NULL,NULL,NULL,NULL,NULL,NULL,NULL,NULL,NULL),(68,10,0,0,2,240,'Asteroid',NULL,'',36,0,0,4,0,0,3,0,0,5,0,NULL,0,NULL,NULL,NULL,NULL,0,NULL,NULL,NULL,NULL,NULL,NULL,NULL,NULL,NULL),(69,10,0,0,1,315,'Asteroid',NULL,'',45,0,0,1,0,0,1,0,0,2,0,NULL,0,NULL,NULL,NULL,NULL,0,NULL,NULL,NULL,NULL,NULL,NULL,NULL,NULL,NULL),(70,10,0,0,2,60,'Asteroid',NULL,'',32,0,0,3,0,0,3,0,0,4,0,NULL,0,NULL,NULL,NULL,NULL,0,NULL,NULL,NULL,NULL,NULL,NULL,NULL,NULL,NULL),(71,10,0,0,3,112,'Jumpgate',NULL,'',52,0,0,0,0,0,0,0,0,0,0,NULL,0,NULL,NULL,NULL,NULL,0,NULL,NULL,NULL,NULL,NULL,NULL,NULL,NULL,NULL),(72,10,0,0,1,90,'Asteroid',NULL,'',54,0,0,2,0,0,2,0,0,1,0,NULL,0,NULL,NULL,NULL,NULL,0,NULL,NULL,NULL,NULL,NULL,NULL,NULL,NULL,NULL),(73,10,0,0,2,150,'Asteroid',NULL,'',29,0,0,2,0,0,1,0,0,1,0,NULL,0,NULL,NULL,NULL,NULL,0,NULL,NULL,NULL,NULL,NULL,NULL,NULL,NULL,NULL),(74,10,0,0,2,30,'Asteroid',NULL,'',39,0,0,5,0,0,5,0,0,2,0,NULL,0,NULL,NULL,NULL,NULL,0,NULL,NULL,NULL,NULL,NULL,NULL,NULL,NULL,NULL),(75,10,0,0,1,135,'Asteroid',NULL,'',30,0,0,1,0,0,2,0,0,2,0,NULL,0,NULL,NULL,NULL,NULL,0,NULL,NULL,NULL,NULL,NULL,NULL,NULL,NULL,NULL),(76,10,27,29,0,270,'Planet',NULL,'P-76',48,0,0,0,0,0,0,0,0,0,0,'2011-06-16 17:54:16',0,NULL,NULL,NULL,NULL,0,NULL,NULL,NULL,NULL,NULL,NULL,NULL,NULL,NULL),(77,10,0,0,2,270,'Asteroid',NULL,'',31,0,0,5,0,0,5,0,0,3,0,NULL,0,NULL,NULL,NULL,NULL,0,NULL,NULL,NULL,NULL,NULL,NULL,NULL,NULL,NULL),(78,10,0,0,0,180,'Asteroid',NULL,'',56,0,0,1,0,0,2,0,0,2,0,NULL,0,NULL,NULL,NULL,NULL,0,NULL,NULL,NULL,NULL,NULL,NULL,NULL,NULL,NULL),(79,10,0,0,0,0,'Asteroid',NULL,'',51,0,0,1,0,0,1,0,0,2,0,NULL,0,NULL,NULL,NULL,NULL,0,NULL,NULL,NULL,NULL,NULL,NULL,NULL,NULL,NULL),(80,11,0,0,3,22,'Jumpgate',NULL,'',36,0,0,0,0,0,0,0,0,0,0,NULL,0,NULL,NULL,NULL,NULL,0,NULL,NULL,NULL,NULL,NULL,NULL,NULL,NULL,NULL),(81,11,0,0,3,270,'Jumpgate',NULL,'',27,0,0,0,0,0,0,0,0,0,0,NULL,0,NULL,NULL,NULL,NULL,0,NULL,NULL,NULL,NULL,NULL,NULL,NULL,NULL,NULL),(82,11,23,13,2,210,'Planet',NULL,'Inculta-82',40,1,0,0,100000,0,0,200000,0,0,25000,NULL,0,NULL,NULL,NULL,NULL,1,NULL,NULL,NULL,NULL,NULL,NULL,NULL,NULL,NULL),(83,11,0,0,3,134,'Jumpgate',NULL,'',26,0,0,0,0,0,0,0,0,0,0,NULL,0,NULL,NULL,NULL,NULL,0,NULL,NULL,NULL,NULL,NULL,NULL,NULL,NULL,NULL);
/*!40000 ALTER TABLE `ss_objects` ENABLE KEYS */;
UNLOCK TABLES;

--
-- Table structure for table `technologies`
--

DROP TABLE IF EXISTS `technologies`;
/*!40101 SET @saved_cs_client     = @@character_set_client */;
/*!40101 SET character_set_client = utf8 */;
CREATE TABLE `technologies` (
  `id` int(11) NOT NULL AUTO_INCREMENT,
  `upgrade_ends_at` datetime DEFAULT NULL,
  `pause_remainder` int(10) unsigned DEFAULT NULL,
  `scientists` int(10) unsigned DEFAULT '0',
  `level` tinyint(2) unsigned NOT NULL,
  `player_id` int(11) NOT NULL,
  `type` varchar(50) NOT NULL,
  `pause_scientists` int(10) unsigned DEFAULT NULL,
  `speed_up` tinyint(1) NOT NULL DEFAULT '0',
  PRIMARY KEY (`id`),
  UNIQUE KEY `main` (`player_id`,`type`,`level`),
  UNIQUE KEY `type_by_player` (`player_id`,`type`,`level`),
  UNIQUE KEY `ensure_uniqueness` (`player_id`,`type`),
  KEY `upgrading` (`player_id`,`upgrade_ends_at`),
  CONSTRAINT `technologies_ibfk_1` FOREIGN KEY (`player_id`) REFERENCES `players` (`id`) ON DELETE CASCADE
) ENGINE=InnoDB DEFAULT CHARSET=utf8;
/*!40101 SET character_set_client = @saved_cs_client */;

--
-- Dumping data for table `technologies`
--

LOCK TABLES `technologies` WRITE;
/*!40000 ALTER TABLE `technologies` DISABLE KEYS */;
/*!40000 ALTER TABLE `technologies` ENABLE KEYS */;
UNLOCK TABLES;

--
-- Table structure for table `tiles`
--

DROP TABLE IF EXISTS `tiles`;
/*!40101 SET @saved_cs_client     = @@character_set_client */;
/*!40101 SET character_set_client = utf8 */;
CREATE TABLE `tiles` (
  `kind` tinyint(2) unsigned NOT NULL DEFAULT '0',
  `planet_id` int(11) NOT NULL,
  `x` tinyint(2) unsigned NOT NULL DEFAULT '0',
  `y` tinyint(2) unsigned NOT NULL DEFAULT '0',
  UNIQUE KEY `uniqueness` (`planet_id`,`x`,`y`),
  CONSTRAINT `tiles_ibfk_1` FOREIGN KEY (`planet_id`) REFERENCES `ss_objects` (`id`) ON DELETE CASCADE
) ENGINE=InnoDB DEFAULT CHARSET=utf8;
/*!40101 SET character_set_client = @saved_cs_client */;

--
-- Dumping data for table `tiles`
--

LOCK TABLES `tiles` WRITE;
/*!40000 ALTER TABLE `tiles` DISABLE KEYS */;
INSERT INTO `tiles` VALUES (14,1,0,8),(13,1,1,0),(8,1,7,3),(8,1,10,10),(13,1,11,1),(13,1,14,10),(9,1,18,0),(9,1,19,5),(9,4,5,11),(12,4,9,1),(13,4,9,8),(13,5,0,0),(8,5,0,7),(8,5,2,3),(10,5,7,0),(9,5,7,12),(12,5,14,0),(14,5,14,7),(13,9,0,0),(8,9,0,7),(8,9,2,3),(10,9,7,0),(9,9,7,12),(12,9,14,0),(14,9,14,7),(13,13,0,0),(8,13,0,7),(8,13,2,3),(10,13,7,0),(9,13,7,12),(12,13,14,0),(14,13,14,7),(5,21,0,1),(5,21,0,6),(5,21,1,0),(5,21,1,1),(2,21,1,4),(5,21,1,6),(5,21,1,7),(5,21,1,8),(5,21,1,9),(5,21,1,11),(4,21,1,14),(4,21,1,15),(5,21,2,1),(5,21,2,2),(5,21,2,3),(5,21,2,6),(5,21,2,8),(5,21,2,11),(4,21,2,13),(4,21,2,14),(4,21,2,15),(5,21,3,0),(5,21,3,1),(5,21,3,2),(5,21,3,3),(5,21,3,5),(5,21,3,6),(5,21,3,7),(5,21,3,8),(5,21,3,9),(5,21,3,10),(5,21,3,11),(4,21,3,13),(4,21,3,14),(4,21,3,15),(4,21,3,16),(5,21,4,0),(5,21,4,1),(5,21,4,2),(3,21,4,3),(3,21,4,4),(3,21,4,5),(3,21,4,6),(5,21,4,7),(3,21,4,8),(5,21,4,9),(0,21,4,10),(4,21,4,12),(4,21,4,13),(4,21,4,14),(4,21,4,15),(4,21,4,16),(4,21,4,17),(5,21,5,0),(5,21,5,1),(5,21,5,2),(3,21,5,3),(3,21,5,4),(3,21,5,5),(3,21,5,6),(3,21,5,7),(3,21,5,8),(3,21,5,9),(12,21,5,17),(6,21,5,23),(6,21,5,28),(5,21,6,1),(5,21,6,2),(3,21,6,3),(3,21,6,4),(3,21,6,5),(3,21,6,6),(3,21,6,7),(3,21,6,8),(3,21,6,9),(3,21,6,10),(3,21,6,11),(6,21,6,23),(6,21,6,24),(6,21,6,27),(6,21,6,28),(0,21,7,3),(3,21,7,6),(3,21,7,7),(3,21,7,8),(3,21,7,9),(3,21,7,10),(6,21,7,23),(6,21,7,26),(6,21,7,27),(5,21,8,1),(3,21,8,8),(3,21,8,10),(6,21,8,23),(6,21,8,27),(6,21,8,28),(5,21,9,1),(5,21,9,2),(10,21,9,13),(6,21,9,23),(6,21,9,27),(5,21,10,0),(5,21,10,1),(6,21,10,23),(6,21,10,27),(6,21,10,28),(5,21,11,1),(5,21,11,2),(6,21,11,20),(6,21,11,21),(6,21,11,23),(4,21,11,28),(5,21,12,0),(5,21,12,1),(5,21,12,2),(6,21,12,19),(6,21,12,20),(6,21,12,21),(6,21,12,22),(6,21,12,23),(1,21,12,26),(4,21,12,28),(5,21,13,0),(5,21,13,1),(5,21,13,2),(5,21,13,5),(4,21,13,13),(4,21,13,14),(6,21,13,19),(6,21,13,20),(6,21,13,21),(6,21,13,22),(4,21,13,28),(13,21,14,0),(5,21,14,2),(5,21,14,5),(5,21,14,6),(5,21,14,7),(5,21,14,8),(5,21,14,9),(5,21,14,10),(5,21,14,11),(5,21,14,12),(5,21,14,13),(4,21,14,14),(4,21,14,15),(3,21,14,19),(6,21,14,20),(2,21,14,21),(4,21,14,27),(4,21,14,28),(5,21,15,2),(5,21,15,3),(5,21,15,7),(5,21,15,8),(5,21,15,9),(4,21,15,10),(4,21,15,11),(4,21,15,12),(4,21,15,13),(4,21,15,14),(4,21,15,15),(3,21,15,16),(0,21,15,17),(3,21,15,19),(4,21,15,27),(5,21,16,2),(5,21,16,6),(5,21,16,7),(5,21,16,8),(4,21,16,11),(4,21,16,12),(4,21,16,13),(4,21,16,14),(3,21,16,16),(3,21,16,19),(3,21,16,20),(4,21,16,24),(4,21,16,25),(4,21,16,26),(4,21,16,27),(4,21,16,28),(5,21,17,2),(6,21,17,5),(5,21,17,6),(5,21,17,7),(4,21,17,12),(3,21,17,13),(3,21,17,14),(3,21,17,15),(3,21,17,16),(3,21,17,17),(3,21,17,18),(3,21,17,19),(3,21,17,20),(4,21,17,26),(4,21,17,28),(6,21,18,4),(6,21,18,5),(6,21,18,6),(11,21,18,7),(4,21,18,26),(4,21,18,27),(6,21,19,3),(6,21,19,4),(6,21,19,5),(0,21,19,21),(0,21,19,26),(6,21,20,2),(6,21,20,3),(6,21,20,4),(4,21,22,10),(1,21,23,1),(4,21,23,7),(4,21,23,8),(4,21,23,9),(4,21,23,10),(4,21,23,11),(4,21,24,9),(4,21,24,10),(4,21,24,11),(0,21,24,12),(3,21,24,14),(3,21,24,15),(3,21,24,16),(3,21,24,17),(3,21,24,18),(0,21,24,26),(4,21,25,9),(4,21,25,10),(4,21,25,11),(3,21,25,14),(3,21,25,15),(14,21,25,16),(4,21,25,28),(4,21,26,9),(5,21,26,10),(4,21,26,11),(4,21,26,12),(3,21,26,14),(3,21,26,15),(4,21,26,28),(5,21,27,9),(5,21,27,10),(5,21,27,12),(5,21,27,13),(3,21,27,14),(3,21,27,15),(4,21,27,23),(4,21,27,24),(4,21,27,27),(4,21,27,28),(5,21,28,9),(5,21,28,10),(5,21,28,11),(5,21,28,12),(5,21,28,13),(3,21,28,14),(4,21,28,23),(4,21,28,24),(4,21,28,25),(4,21,28,26),(4,21,28,27),(4,21,28,28),(5,21,29,5),(5,21,29,6),(5,21,29,7),(5,21,29,8),(5,21,29,9),(5,21,29,10),(5,21,29,11),(5,21,29,12),(3,21,29,13),(3,21,29,14),(4,21,29,26),(4,21,29,27),(4,21,29,28),(4,33,0,0),(4,33,0,1),(4,33,0,2),(4,33,0,3),(4,33,0,4),(5,33,0,10),(5,33,0,11),(5,33,0,12),(5,33,0,13),(5,33,0,14),(5,33,0,15),(4,33,1,0),(4,33,1,1),(4,33,1,2),(4,33,1,3),(4,33,1,4),(4,33,1,5),(5,33,1,11),(5,33,1,13),(5,33,1,14),(5,33,1,15),(2,33,1,17),(4,33,2,1),(4,33,2,2),(4,33,2,3),(4,33,2,4),(4,33,2,5),(5,33,2,11),(5,33,2,12),(5,33,2,13),(5,33,2,14),(5,33,2,15),(0,33,3,1),(4,33,3,3),(4,33,3,5),(2,33,3,12),(5,33,3,14),(4,33,4,3),(4,33,4,4),(4,33,4,5),(4,33,4,26),(0,33,5,5),(4,33,5,24),(4,33,5,25),(4,33,5,26),(4,33,5,27),(4,33,5,28),(4,33,6,26),(4,33,6,27),(0,33,7,21),(4,33,7,25),(4,33,7,26),(4,33,7,27),(4,33,7,28),(2,33,8,9),(2,33,8,26),(4,33,8,28),(4,33,9,28),(13,33,10,13),(4,33,10,25),(4,33,10,26),(4,33,10,27),(4,33,10,28),(4,33,11,26),(4,33,11,27),(4,33,11,28),(14,33,12,15),(3,33,12,20),(3,33,12,22),(3,33,12,23),(3,33,13,19),(3,33,13,20),(3,33,13,22),(3,33,13,23),(3,33,13,24),(3,33,13,25),(3,33,14,4),(3,33,14,5),(3,33,14,6),(3,33,14,19),(3,33,14,20),(3,33,14,21),(3,33,14,22),(3,33,14,24),(3,33,15,4),(1,33,15,5),(3,33,15,7),(5,33,15,15),(5,33,15,16),(5,33,15,17),(3,33,15,18),(3,33,15,19),(3,33,15,21),(3,33,15,22),(3,33,16,4),(3,33,16,7),(3,33,16,8),(3,33,16,9),(4,33,16,10),(4,33,16,11),(4,33,16,12),(5,33,16,15),(5,33,16,16),(5,33,16,17),(5,33,16,18),(5,33,16,19),(3,33,16,22),(3,33,17,3),(3,33,17,4),(3,33,17,5),(3,33,17,6),(3,33,17,7),(3,33,17,8),(0,33,17,9),(4,33,17,11),(4,33,17,12),(4,33,17,13),(5,33,17,15),(5,33,17,16),(5,33,17,17),(3,33,17,22),(3,33,18,6),(3,33,18,7),(3,33,18,8),(4,33,18,11),(4,33,18,12),(4,33,18,13),(5,33,18,15),(1,33,19,1),(3,33,19,5),(3,33,19,6),(4,33,19,7),(4,33,19,8),(4,33,19,9),(4,33,19,10),(4,33,19,11),(4,33,19,12),(5,33,19,15),(5,33,19,16),(6,33,19,22),(6,33,19,23),(3,33,20,0),(4,33,20,5),(4,33,20,6),(4,33,20,7),(4,33,20,8),(4,33,20,9),(4,33,20,11),(5,33,20,15),(6,33,20,22),(6,33,20,23),(6,33,20,24),(6,33,20,25),(3,33,21,0),(3,33,21,1),(3,33,21,2),(3,33,21,3),(0,33,21,5),(5,33,21,7),(5,33,21,8),(5,33,21,9),(5,33,21,15),(6,33,21,23),(6,33,21,25),(6,33,21,26),(6,33,21,27),(3,33,22,0),(3,33,22,1),(3,33,22,2),(3,33,22,3),(5,33,22,7),(5,33,22,8),(5,33,22,9),(3,33,22,10),(6,33,22,26),(3,33,23,0),(3,33,23,1),(3,33,23,2),(3,33,23,3),(5,33,23,5),(5,33,23,6),(5,33,23,7),(3,33,23,8),(3,33,23,9),(3,33,23,10),(3,33,23,11),(6,33,23,26),(3,33,24,1),(3,33,24,2),(3,33,24,3),(5,33,24,4),(5,33,24,5),(5,33,24,6),(5,33,24,7),(5,33,24,8),(3,33,24,9),(3,33,24,10),(3,33,25,0),(3,33,25,1),(3,33,25,2),(3,33,25,3),(5,33,25,6),(6,33,25,8),(3,33,25,9),(3,33,25,10),(3,33,25,11),(3,33,25,12),(3,33,25,13),(0,33,25,26),(5,33,26,6),(6,33,26,7),(6,33,26,8),(6,33,26,9),(3,33,26,10),(3,33,26,11),(3,33,26,12),(3,33,26,13),(6,33,26,23),(3,33,26,24),(3,33,26,25),(6,33,27,5),(6,33,27,6),(6,33,27,7),(3,33,27,10),(3,33,27,11),(3,33,27,12),(6,33,27,23),(3,33,27,24),(3,33,27,25),(3,33,27,26),(3,33,27,27),(3,33,27,28),(6,33,28,5),(6,33,28,6),(3,33,28,12),(6,33,28,22),(6,33,28,23),(3,33,28,24),(3,33,28,25),(3,33,28,26),(3,33,28,27),(3,33,28,28),(6,33,29,5),(6,33,29,6),(6,33,29,21),(6,33,29,22),(6,33,29,23),(6,33,29,24),(3,33,29,25),(3,33,29,26),(3,33,29,27),(3,33,29,28),(6,33,30,6),(6,33,30,20),(6,33,30,21),(6,33,30,22),(6,33,30,23),(3,33,30,24),(3,33,30,25),(3,33,30,26),(3,33,30,28),(0,41,0,0),(5,41,0,3),(5,41,0,4),(5,41,0,5),(5,41,0,6),(5,41,0,7),(5,41,0,8),(5,41,0,9),(5,41,0,10),(5,41,0,11),(5,41,0,12),(5,41,0,13),(5,41,0,14),(5,41,0,26),(5,41,0,27),(5,41,0,28),(5,41,0,29),(5,41,1,3),(11,41,1,4),(5,41,1,11),(5,41,1,12),(5,41,1,13),(13,41,1,16),(4,41,1,19),(4,41,1,20),(4,41,1,21),(4,41,1,22),(5,41,1,26),(5,41,1,27),(5,41,1,28),(5,41,1,29),(5,41,2,2),(5,41,2,3),(5,41,2,10),(5,41,2,12),(5,41,2,13),(5,41,2,14),(5,41,2,15),(4,41,2,20),(4,41,2,21),(4,41,2,22),(4,41,2,23),(5,41,2,27),(5,41,2,28),(5,41,2,29),(0,41,3,1),(5,41,3,10),(5,41,3,11),(5,41,3,12),(5,41,3,13),(5,41,3,14),(4,41,3,20),(4,41,3,21),(4,41,3,22),(4,41,3,23),(4,41,3,24),(5,41,3,28),(5,41,3,29),(5,41,4,12),(5,41,4,13),(6,41,4,18),(4,41,4,21),(4,41,4,22),(4,41,4,23),(5,41,4,26),(5,41,4,27),(5,41,4,28),(6,41,5,8),(6,41,5,9),(6,41,5,18),(6,41,5,19),(4,41,5,22),(4,41,5,23),(4,41,5,24),(5,41,5,26),(5,41,5,27),(6,41,6,7),(6,41,6,8),(6,41,6,9),(6,41,6,11),(6,41,6,18),(6,41,6,19),(6,41,7,9),(6,41,7,10),(6,41,7,18),(12,41,7,23),(6,41,8,9),(6,41,8,10),(6,41,8,16),(6,41,8,17),(6,41,8,18),(3,41,9,3),(3,41,9,4),(3,41,10,0),(3,41,10,2),(3,41,10,3),(3,41,10,4),(8,41,10,5),(0,41,10,20),(3,41,11,0),(3,41,11,1),(3,41,11,2),(3,41,11,3),(3,41,12,0),(3,41,12,1),(3,41,12,2),(3,41,13,0),(3,41,13,1),(3,41,13,2),(3,41,13,4),(3,41,14,0),(3,41,14,1),(3,41,14,2),(3,41,14,3),(3,41,14,4),(3,41,15,0),(3,41,15,1),(3,41,15,2),(3,41,15,3),(3,41,15,4),(3,41,16,0),(3,41,16,1),(3,41,16,2),(3,41,16,3),(5,41,16,29),(3,41,17,0),(3,41,17,1),(3,41,17,2),(3,41,17,3),(3,41,17,4),(2,41,17,28),(3,41,18,0),(3,41,18,1),(3,41,18,2),(3,41,18,3),(3,41,18,4),(3,41,18,5),(0,41,18,23),(3,41,19,0),(3,41,19,1),(3,41,19,2),(3,41,19,3),(3,41,19,4),(3,41,19,5),(5,41,19,29),(3,41,20,0),(3,41,20,1),(3,41,20,2),(3,41,20,3),(3,41,20,4),(3,41,20,5),(5,41,20,28),(5,41,20,29),(3,41,21,0),(3,41,21,1),(3,41,21,2),(3,41,21,3),(3,41,21,4),(5,41,21,29),(3,41,22,0),(3,41,22,1),(3,41,22,2),(14,41,22,25),(5,41,22,29),(3,41,23,0),(3,41,23,1),(3,41,23,2),(3,41,23,3),(4,41,23,9),(5,41,23,29),(3,41,24,1),(3,41,24,2),(0,41,24,4),(4,41,24,7),(4,41,24,8),(4,41,24,9),(4,41,24,10),(4,41,24,11),(5,41,24,29),(4,41,25,7),(4,41,25,8),(4,41,25,9),(4,41,25,10),(5,41,25,27),(5,41,25,29),(4,41,26,6),(4,41,26,7),(4,41,26,8),(4,41,26,9),(4,41,26,10),(2,41,26,12),(6,41,26,22),(6,41,26,23),(5,41,26,27),(5,41,26,28),(5,41,26,29),(4,41,27,5),(4,41,27,6),(4,41,27,7),(4,41,27,8),(4,41,27,9),(4,41,27,10),(5,41,27,17),(5,41,27,18),(5,41,27,21),(5,41,27,22),(6,41,27,23),(6,41,27,24),(0,41,28,4),(4,41,28,6),(4,41,28,7),(4,41,28,8),(4,41,28,9),(4,41,28,10),(5,41,28,15),(5,41,28,16),(5,41,28,17),(5,41,28,18),(5,41,28,19),(5,41,28,21),(5,41,28,22),(6,41,28,23),(6,41,28,24),(5,41,28,25),(5,41,28,26),(5,41,28,27),(5,41,28,28),(4,41,29,7),(4,41,29,8),(4,41,29,9),(4,41,29,10),(4,41,29,11),(5,41,29,16),(5,41,29,17),(5,41,29,18),(5,41,29,19),(5,41,29,20),(5,41,29,21),(5,41,29,22),(6,41,29,23),(6,41,29,24),(6,41,29,25),(6,41,29,26),(5,41,29,27),(4,53,0,0),(4,53,0,1),(4,53,0,2),(4,53,0,3),(4,53,0,4),(3,53,0,12),(3,53,0,13),(3,53,0,14),(3,53,0,15),(3,53,0,16),(3,53,0,17),(3,53,0,18),(3,53,0,19),(3,53,0,20),(3,53,0,21),(6,53,0,22),(6,53,0,23),(4,53,1,0),(2,53,1,1),(4,53,1,3),(4,53,1,4),(3,53,1,12),(3,53,1,15),(3,53,1,16),(3,53,1,17),(3,53,1,18),(3,53,1,19),(6,53,1,20),(6,53,1,21),(6,53,1,22),(6,53,1,23),(0,53,1,24),(4,53,2,0),(4,53,2,3),(4,53,2,4),(3,53,2,12),(6,53,2,20),(6,53,2,21),(6,53,2,22),(6,53,2,23),(4,53,3,0),(4,53,3,1),(4,53,3,4),(3,53,3,12),(3,53,3,13),(3,53,3,14),(6,53,3,20),(6,53,3,21),(6,53,3,23),(4,53,4,4),(6,53,4,8),(6,53,4,9),(6,53,4,10),(5,53,4,11),(5,53,4,12),(3,53,4,13),(3,53,4,14),(6,53,4,20),(6,53,5,9),(5,53,5,11),(5,53,5,12),(3,53,5,13),(3,53,5,14),(5,53,5,23),(6,53,6,0),(6,53,6,1),(6,53,6,2),(6,53,6,9),(6,53,6,10),(5,53,6,11),(5,53,6,12),(5,53,6,13),(5,53,6,22),(5,53,6,23),(6,53,7,0),(0,53,7,1),(6,53,7,9),(5,53,7,11),(5,53,7,12),(5,53,7,13),(6,53,7,15),(6,53,7,16),(6,53,7,17),(6,53,7,18),(5,53,7,22),(5,53,7,23),(5,53,7,24),(6,53,8,0),(5,53,8,12),(6,53,8,16),(6,53,8,17),(1,53,8,20),(5,53,8,23),(5,53,8,24),(5,53,8,25),(6,53,9,0),(6,53,9,1),(5,53,9,11),(5,53,9,12),(6,53,9,16),(5,53,9,22),(5,53,9,23),(1,53,9,25),(5,53,10,12),(5,53,10,18),(5,53,10,22),(5,53,10,23),(5,53,10,24),(4,53,10,27),(4,53,10,28),(0,53,11,14),(5,53,11,17),(5,53,11,18),(5,53,11,19),(4,53,11,25),(4,53,11,26),(4,53,11,27),(5,53,12,16),(5,53,12,17),(5,53,12,18),(4,53,12,24),(4,53,12,25),(4,53,12,26),(4,53,12,27),(4,53,12,28),(4,53,13,11),(4,53,13,12),(4,53,13,13),(4,53,13,14),(5,53,13,16),(5,53,13,17),(5,53,13,18),(5,53,13,19),(4,53,13,24),(4,53,13,25),(4,53,13,26),(4,53,13,27),(4,53,13,28),(4,53,14,12),(4,53,14,13),(4,53,14,14),(5,53,14,16),(5,53,14,17),(5,53,14,18),(2,53,14,26),(4,53,15,0),(4,53,15,12),(4,53,15,14),(4,53,15,15),(4,53,15,16),(0,53,15,17),(2,53,15,21),(3,53,15,23),(4,53,16,0),(4,53,16,11),(4,53,16,12),(4,53,16,13),(5,53,16,14),(4,53,16,15),(3,53,16,23),(3,53,16,24),(4,53,17,0),(4,53,17,1),(3,53,17,8),(5,53,17,10),(5,53,17,11),(5,53,17,12),(5,53,17,13),(5,53,17,14),(5,53,17,15),(5,53,17,16),(3,53,17,22),(3,53,17,23),(4,53,18,0),(4,53,18,1),(4,53,18,2),(3,53,18,3),(3,53,18,4),(3,53,18,5),(3,53,18,6),(3,53,18,7),(3,53,18,8),(5,53,18,9),(5,53,18,10),(5,53,18,11),(0,53,18,12),(5,53,18,14),(3,53,18,20),(3,53,18,21),(3,53,18,22),(4,53,19,0),(4,53,19,1),(4,53,19,2),(4,53,19,3),(3,53,19,7),(3,53,19,8),(5,53,19,10),(5,53,19,11),(5,53,19,14),(5,53,19,15),(0,53,19,18),(3,53,19,20),(3,53,19,21),(3,53,19,22),(4,53,20,0),(4,53,20,2),(3,53,20,7),(3,53,20,8),(3,53,20,9),(5,53,20,11),(4,53,20,12),(5,53,20,13),(5,53,20,14),(5,53,20,15),(5,53,20,16),(3,53,20,22),(4,53,21,0),(0,53,21,7),(4,53,21,10),(4,53,21,11),(4,53,21,12),(4,53,21,13),(5,53,21,14),(5,53,21,15),(5,53,21,16),(5,53,21,17),(5,53,21,18),(4,53,22,0),(4,53,22,9),(4,53,22,10),(4,53,22,11),(4,53,22,13),(4,53,22,14),(5,53,22,15),(5,53,22,17),(4,53,23,9),(4,53,23,10),(4,53,23,11),(4,53,23,12),(4,53,23,13),(5,58,0,5),(5,58,0,6),(5,58,0,7),(5,58,0,8),(6,58,0,10),(5,58,0,17),(5,58,0,18),(5,58,0,19),(5,58,1,5),(5,58,1,6),(5,58,1,7),(3,58,1,8),(6,58,1,9),(6,58,1,10),(6,58,1,11),(6,58,1,12),(5,58,1,15),(5,58,1,16),(5,58,1,17),(5,58,1,18),(5,58,1,19),(0,58,2,4),(3,58,2,6),(5,58,2,7),(3,58,2,8),(6,58,2,9),(6,58,2,10),(6,58,2,12),(0,58,2,18),(3,58,3,6),(3,58,3,7),(3,58,3,8),(3,58,3,9),(6,58,3,10),(3,58,3,12),(2,58,3,13),(3,58,4,2),(3,58,4,4),(3,58,4,5),(3,58,4,6),(3,58,4,7),(3,58,4,8),(3,58,4,9),(3,58,4,10),(3,58,4,11),(3,58,4,12),(3,58,5,1),(3,58,5,2),(3,58,5,3),(3,58,5,4),(3,58,5,5),(3,58,5,6),(3,58,5,11),(3,58,5,12),(3,58,5,13),(3,58,6,2),(3,58,6,3),(3,58,6,4),(3,58,6,5),(3,58,6,6),(3,58,6,11),(3,58,6,12),(3,58,6,13),(3,58,6,14),(8,58,6,18),(3,58,7,2),(3,58,7,5),(3,58,7,11),(3,58,7,12),(1,58,8,4),(5,58,8,6),(3,58,8,11),(3,58,8,12),(5,58,9,6),(5,58,9,7),(5,58,9,8),(3,58,9,10),(3,58,9,11),(3,58,9,12),(3,58,9,13),(5,58,10,5),(5,58,10,6),(5,58,10,7),(0,58,10,8),(3,58,10,10),(3,58,10,11),(1,58,10,12),(0,58,10,16),(5,58,11,6),(5,58,11,10),(5,58,12,9),(5,58,12,10),(5,58,12,11),(5,58,13,8),(5,58,13,9),(5,58,14,9),(5,58,14,10),(0,58,15,9),(2,58,16,5),(6,58,17,18),(6,58,17,19),(6,58,17,20),(6,58,17,21),(2,58,18,17),(6,58,18,19),(6,58,18,20),(6,58,18,21),(4,58,19,15),(4,58,19,16),(4,58,19,19),(6,58,19,20),(6,58,19,21),(4,58,20,16),(4,58,20,17),(4,58,20,18),(4,58,20,19),(4,58,21,17),(4,58,21,18),(4,58,21,19),(0,58,22,4),(4,58,22,17),(4,58,22,18),(4,58,22,19),(4,58,22,20),(4,58,22,21),(4,58,23,16),(6,58,24,1),(6,58,24,3),(6,58,24,4),(4,58,24,8),(4,58,24,16),(6,58,25,0),(6,58,25,1),(6,58,25,2),(6,58,25,3),(5,58,25,4),(5,58,25,5),(4,58,25,6),(4,58,25,7),(4,58,25,8),(4,58,25,10),(4,58,25,16),(6,58,26,1),(5,58,26,2),(5,58,26,4),(4,58,26,6),(4,58,26,7),(4,58,26,8),(4,58,26,9),(4,58,26,10),(4,58,26,11),(4,58,26,12),(4,58,26,13),(4,58,26,14),(4,58,26,15),(4,58,26,16),(6,58,27,1),(5,58,27,2),(5,58,27,3),(5,58,27,4),(5,58,27,5),(4,58,27,6),(4,58,27,7),(4,58,27,8),(4,58,27,9),(4,58,27,10),(4,58,27,11),(4,58,27,12),(4,58,27,13),(4,58,27,14),(4,58,27,15),(4,58,27,16),(6,61,0,0),(6,61,0,1),(6,61,0,2),(6,61,0,3),(6,61,0,4),(6,61,0,5),(6,61,0,6),(6,61,0,7),(3,61,0,8),(3,61,0,9),(3,61,0,10),(3,61,0,11),(4,61,1,0),(6,61,1,1),(6,61,1,2),(6,61,1,3),(6,61,1,4),(6,61,1,5),(6,61,1,6),(6,61,1,7),(3,61,1,8),(3,61,1,9),(3,61,1,10),(11,61,1,19),(4,61,2,0),(4,61,2,1),(4,61,2,2),(14,61,2,3),(3,61,2,7),(3,61,2,8),(3,61,2,9),(3,61,2,10),(4,61,3,0),(4,61,3,1),(4,61,3,2),(3,61,3,7),(3,61,3,8),(3,61,3,9),(3,61,3,10),(4,61,4,1),(4,61,4,2),(3,61,4,7),(3,61,4,8),(3,61,4,9),(3,61,4,10),(4,61,4,16),(4,61,4,18),(4,61,5,0),(4,61,5,1),(4,61,5,2),(4,61,5,3),(3,61,5,6),(3,61,5,7),(3,61,5,8),(3,61,5,9),(3,61,5,10),(4,61,5,16),(4,61,5,17),(4,61,5,18),(3,61,5,23),(4,61,6,0),(4,61,6,1),(4,61,6,3),(4,61,6,4),(4,61,6,5),(3,61,6,6),(3,61,6,7),(3,61,6,9),(5,61,6,10),(4,61,6,15),(4,61,6,16),(4,61,6,17),(4,61,6,18),(4,61,6,19),(4,61,6,20),(3,61,6,23),(3,61,6,24),(3,61,6,26),(2,61,6,27),(4,61,7,1),(3,61,7,2),(3,61,7,3),(4,61,7,4),(4,61,7,5),(5,61,7,7),(5,61,7,8),(5,61,7,9),(5,61,7,10),(4,61,7,15),(4,61,7,16),(4,61,7,17),(4,61,7,18),(3,61,7,23),(3,61,7,24),(3,61,7,25),(3,61,7,26),(3,61,8,1),(3,61,8,3),(3,61,8,4),(3,61,8,5),(3,61,8,6),(5,61,8,7),(5,61,8,8),(5,61,8,9),(5,61,8,10),(0,61,8,14),(4,61,8,16),(4,61,8,18),(3,61,8,24),(3,61,8,26),(3,61,8,27),(3,61,9,1),(3,61,9,2),(3,61,9,3),(3,61,9,4),(3,61,9,5),(3,61,9,6),(3,61,9,7),(5,61,9,8),(5,61,9,9),(5,61,9,10),(4,61,9,16),(4,61,9,17),(4,61,9,18),(3,61,9,24),(3,61,9,26),(3,61,10,1),(3,61,10,3),(0,61,10,4),(3,61,10,6),(3,61,10,7),(5,61,10,8),(5,61,10,9),(4,61,10,15),(4,61,10,16),(4,61,10,17),(5,61,10,21),(5,61,10,22),(3,61,10,23),(3,61,10,24),(3,61,10,25),(3,61,10,26),(4,61,11,0),(4,61,11,1),(4,61,11,2),(4,61,11,3),(3,61,11,6),(3,61,11,7),(5,61,11,8),(3,61,11,9),(4,61,11,13),(4,61,11,14),(4,61,11,15),(5,61,11,21),(3,61,11,22),(3,61,11,23),(3,61,11,24),(3,61,11,25),(3,61,11,26),(4,61,12,2),(4,61,12,3),(4,61,12,5),(4,61,12,6),(3,61,12,7),(3,61,12,8),(3,61,12,9),(4,61,12,11),(4,61,12,12),(4,61,12,13),(4,61,12,14),(4,61,12,15),(4,61,12,16),(4,61,12,17),(5,61,12,20),(5,61,12,21),(3,61,12,22),(3,61,12,23),(3,61,12,24),(3,61,12,26),(3,61,12,27),(4,61,13,2),(4,61,13,3),(4,61,13,4),(4,61,13,5),(3,61,13,6),(3,61,13,7),(3,61,13,8),(4,61,13,11),(4,61,13,12),(4,61,13,13),(4,61,13,15),(4,61,13,16),(4,61,13,17),(4,61,13,18),(5,61,13,21),(5,61,13,22),(5,61,13,23),(5,61,13,24),(6,61,13,26),(6,61,13,27),(4,61,14,0),(4,61,14,1),(4,61,14,2),(4,61,14,3),(4,61,14,4),(0,61,14,6),(4,61,14,12),(4,61,14,17),(5,61,14,19),(5,61,14,20),(5,61,14,21),(5,61,14,22),(5,61,14,23),(6,61,14,26),(6,61,14,27),(4,61,15,0),(4,61,15,1),(4,61,15,2),(4,61,15,3),(4,61,15,4),(4,61,15,5),(5,61,15,19),(2,61,15,24),(6,61,15,27),(4,61,16,2),(4,61,16,3),(4,61,16,4),(4,61,16,5),(4,61,16,6),(6,61,16,26),(6,61,16,27),(4,61,17,1),(4,61,17,2),(4,61,17,3),(5,61,17,4),(5,61,17,5),(5,61,17,6),(6,61,17,25),(6,61,17,26),(6,61,17,27),(6,61,17,28),(4,61,18,1),(4,61,18,2),(5,61,18,4),(5,61,18,5),(5,61,18,6),(5,61,18,7),(3,61,18,10),(3,61,18,12),(6,61,18,27),(4,61,19,0),(4,61,19,1),(4,61,19,2),(5,61,19,4),(5,61,19,5),(5,61,19,6),(0,61,19,7),(3,61,19,10),(3,61,19,11),(3,61,19,12),(6,61,19,27),(4,61,20,0),(3,61,20,1),(4,61,20,2),(5,61,20,5),(5,61,20,6),(3,61,20,9),(3,61,20,10),(3,61,20,11),(3,61,20,12),(6,61,20,26),(6,61,20,27),(3,61,21,0),(3,61,21,1),(4,61,21,2),(4,61,21,3),(5,61,21,4),(5,61,21,5),(3,61,21,8),(3,61,21,9),(3,61,21,11),(3,61,21,12),(3,61,21,14),(3,61,22,0),(3,61,22,1),(4,61,22,2),(5,61,22,5),(5,61,22,7),(3,61,22,8),(3,61,22,9),(3,61,22,10),(3,61,22,11),(3,61,22,12),(3,61,22,13),(3,61,22,14),(3,61,23,0),(3,61,23,1),(4,61,23,2),(5,61,23,6),(5,61,23,7),(5,61,23,8),(5,61,23,9),(5,61,23,10),(3,61,23,11),(3,61,23,12),(3,61,23,13),(3,61,24,0),(3,61,24,1),(3,61,24,2),(1,61,24,3),(5,61,24,7),(0,61,24,10),(3,61,24,12),(3,61,24,13),(3,61,24,14),(3,61,25,0),(5,61,25,1),(5,61,25,2),(5,61,25,5),(5,61,25,6),(5,61,25,7),(5,61,25,9),(3,61,26,0),(5,61,26,1),(5,61,26,2),(5,61,26,3),(5,61,26,4),(5,61,26,5),(5,61,26,7),(5,61,26,8),(5,61,26,9),(6,61,26,25),(6,61,26,26),(6,61,26,27),(6,61,26,29),(3,61,27,0),(3,61,27,1),(3,61,27,2),(3,61,27,3),(5,61,27,4),(5,61,27,5),(5,61,27,6),(5,61,27,7),(6,61,27,26),(6,61,27,27),(6,61,27,28),(6,61,27,29),(3,61,28,0),(3,61,28,1),(3,61,28,2),(5,61,28,3),(5,61,28,4),(5,61,28,5),(6,61,28,25),(6,61,28,26),(6,61,28,28),(6,61,28,29),(3,61,29,0),(3,61,29,1),(3,61,29,2),(3,61,29,3),(5,61,29,4),(5,61,29,5),(6,61,29,24),(6,61,29,25),(6,61,29,26),(5,64,0,9),(5,64,0,10),(5,64,0,11),(5,64,0,12),(5,64,0,13),(5,64,0,14),(5,64,0,15),(5,64,0,16),(5,64,0,17),(5,64,0,18),(5,64,0,19),(5,64,0,20),(5,64,0,21),(5,64,1,11),(5,64,1,12),(5,64,1,13),(5,64,1,14),(5,64,1,15),(5,64,1,16),(5,64,1,17),(5,64,1,18),(5,64,1,20),(5,64,2,8),(5,64,2,16),(5,64,2,18),(5,64,3,7),(5,64,3,8),(5,64,4,8),(5,64,5,8),(5,64,5,9),(5,64,5,10),(14,64,5,17),(5,64,6,8),(5,64,6,9),(5,64,6,10),(0,64,6,22),(5,64,7,3),(5,64,7,4),(5,64,7,5),(5,64,7,7),(5,64,7,8),(5,64,7,9),(5,64,7,10),(5,64,7,11),(5,64,7,12),(5,64,8,2),(5,64,8,3),(5,64,8,4),(5,64,8,5),(5,64,8,6),(5,64,8,7),(5,64,8,8),(5,64,8,9),(5,64,8,10),(5,64,8,11),(5,64,8,12),(3,64,8,14),(6,64,8,20),(5,64,9,0),(5,64,9,1),(5,64,9,2),(5,64,9,3),(5,64,9,4),(5,64,9,5),(5,64,9,6),(5,64,9,7),(5,64,9,8),(5,64,9,9),(5,64,9,10),(5,64,9,11),(3,64,9,12),(3,64,9,13),(3,64,9,14),(3,64,9,15),(6,64,9,18),(6,64,9,19),(6,64,9,20),(5,64,10,0),(12,64,10,1),(5,64,10,7),(5,64,10,8),(6,64,10,9),(5,64,10,10),(6,64,10,11),(3,64,10,12),(3,64,10,13),(3,64,10,14),(3,64,10,15),(6,64,10,20),(6,64,10,21),(5,64,11,7),(5,64,11,8),(6,64,11,9),(6,64,11,10),(6,64,11,11),(3,64,11,12),(0,64,11,15),(6,64,12,9),(3,64,12,12),(0,64,13,8),(3,64,13,10),(3,64,13,11),(3,64,13,12),(3,64,14,10),(3,64,14,11),(3,64,14,12),(4,64,14,13),(4,64,14,14),(4,64,14,16),(6,64,15,8),(3,64,15,9),(3,64,15,10),(3,64,15,11),(3,64,15,12),(4,64,15,13),(4,64,15,14),(4,64,15,15),(4,64,15,16),(4,64,15,17),(4,64,15,18),(4,64,15,19),(4,64,15,21),(4,64,16,3),(6,64,16,8),(3,64,16,9),(3,64,16,10),(3,64,16,11),(3,64,16,12),(0,64,16,13),(4,64,16,15),(4,64,16,17),(4,64,16,19),(4,64,16,20),(4,64,16,21),(2,64,17,1),(4,64,17,3),(6,64,17,7),(6,64,17,8),(3,64,17,9),(3,64,17,10),(3,64,17,11),(3,64,17,12),(4,64,17,15),(4,64,17,16),(4,64,17,17),(4,64,17,18),(4,64,17,19),(4,64,17,20),(0,64,17,21),(4,64,18,0),(4,64,18,3),(4,64,18,4),(6,64,18,7),(6,64,18,8),(3,64,18,9),(3,64,18,10),(3,64,18,11),(3,64,18,12),(3,64,18,13),(6,64,18,15),(6,64,18,16),(0,64,18,17),(4,64,18,19),(4,64,18,20),(4,64,19,0),(4,64,19,1),(4,64,19,2),(4,64,19,3),(4,64,19,4),(3,64,19,10),(3,64,19,11),(3,64,19,12),(6,64,19,14),(6,64,19,15),(6,64,19,16),(4,64,19,19),(4,64,19,20),(4,64,20,0),(4,64,20,1),(4,64,20,4),(3,64,20,10),(3,64,20,11),(3,64,20,12),(6,64,20,16),(3,64,21,10),(3,64,21,11),(3,64,21,12),(3,64,21,13),(3,64,21,14),(2,64,22,2),(4,64,22,10),(0,64,22,11),(3,64,22,13),(3,64,22,14),(2,64,22,15),(2,64,22,19),(0,64,22,23),(4,64,23,4),(4,64,23,10),(3,64,23,13),(3,64,23,14),(3,64,23,17),(3,64,23,18),(4,64,24,2),(4,64,24,3),(4,64,24,4),(4,64,24,5),(4,64,24,6),(4,64,24,7),(4,64,24,8),(4,64,24,9),(4,64,24,10),(4,64,24,11),(3,64,24,12),(3,64,24,13),(3,64,24,14),(3,64,24,15),(3,64,24,16),(3,64,24,17),(3,64,24,18),(3,64,24,19),(3,64,24,20),(5,76,0,8),(5,76,0,9),(5,76,0,10),(5,76,0,11),(5,76,0,12),(5,76,0,14),(5,76,1,8),(5,76,1,9),(5,76,1,10),(5,76,1,11),(5,76,1,12),(5,76,1,13),(5,76,1,14),(2,76,1,15),(5,76,2,8),(14,76,2,9),(6,76,2,14),(2,76,2,19),(5,76,3,8),(6,76,3,14),(3,76,4,1),(3,76,4,2),(5,76,4,8),(6,76,4,14),(3,76,5,1),(3,76,5,2),(3,76,5,3),(3,76,5,4),(3,76,5,5),(5,76,5,6),(5,76,5,7),(5,76,5,8),(5,76,5,9),(5,76,5,10),(6,76,5,13),(6,76,5,14),(3,76,6,1),(3,76,6,2),(3,76,6,3),(3,76,6,4),(0,76,6,5),(5,76,6,7),(5,76,6,8),(6,76,6,13),(6,76,6,14),(6,76,6,15),(3,76,7,3),(3,76,7,4),(6,76,7,14),(6,76,7,15),(3,76,8,4),(3,76,8,5),(3,76,8,7),(9,76,8,15),(3,76,9,4),(3,76,9,5),(3,76,9,6),(3,76,9,7),(5,76,9,13),(5,76,9,14),(13,76,9,20),(3,76,10,4),(3,76,10,5),(3,76,10,6),(5,76,10,13),(5,76,10,22),(5,76,10,23),(3,76,11,5),(3,76,11,6),(5,76,11,12),(5,76,11,13),(5,76,11,14),(5,76,11,23),(3,76,12,5),(3,76,12,6),(3,76,12,7),(0,76,12,11),(5,76,12,13),(5,76,12,14),(5,76,12,15),(5,76,12,22),(5,76,12,23),(5,76,12,24),(5,76,12,25),(5,76,12,26),(5,76,12,27),(4,76,13,7),(4,76,13,8),(5,76,13,13),(5,76,13,14),(5,76,13,15),(5,76,13,16),(5,76,13,22),(5,76,13,23),(5,76,13,24),(5,76,13,25),(5,76,13,26),(5,76,13,27),(4,76,14,7),(4,76,14,8),(4,76,14,9),(5,76,14,14),(5,76,14,15),(5,76,14,16),(5,76,14,17),(5,76,14,22),(5,76,14,23),(5,76,14,24),(5,76,14,25),(0,76,14,26),(4,76,15,6),(4,76,15,7),(4,76,15,8),(4,76,15,9),(4,76,15,10),(5,76,15,15),(5,76,15,16),(5,76,15,17),(5,76,15,21),(5,76,15,22),(6,76,15,23),(5,76,15,24),(5,76,15,25),(4,76,16,6),(4,76,16,7),(4,76,16,8),(4,76,16,9),(0,76,16,10),(5,76,16,15),(5,76,16,16),(5,76,16,17),(6,76,16,23),(6,76,16,24),(6,76,16,25),(4,76,17,7),(4,76,17,8),(4,76,17,9),(4,76,17,16),(4,76,17,17),(6,76,17,23),(4,76,18,7),(4,76,18,8),(4,76,18,9),(4,76,18,10),(4,76,18,14),(4,76,18,15),(4,76,18,16),(4,76,18,17),(4,76,18,18),(0,76,18,21),(4,76,19,7),(4,76,19,8),(4,76,19,15),(4,76,19,16),(4,76,19,17),(4,76,19,18),(4,76,19,19),(4,76,19,20),(4,76,20,15),(4,76,20,18),(4,76,20,19),(3,76,21,4),(3,76,21,5),(3,76,21,6),(4,76,21,16),(4,76,21,17),(4,76,21,18),(4,76,21,19),(0,76,22,2),(3,76,22,4),(3,76,22,5),(3,76,22,6),(6,76,22,9),(6,76,22,10),(4,76,22,16),(4,76,22,17),(4,76,22,18),(0,76,22,19),(3,76,23,4),(3,76,23,5),(3,76,23,6),(6,76,23,9),(6,76,23,10),(3,76,23,12),(3,76,23,13),(3,76,23,14),(4,76,23,17),(4,76,23,18),(3,76,24,4),(3,76,24,5),(3,76,24,6),(6,76,24,9),(6,76,24,10),(3,76,24,11),(3,76,24,12),(3,76,24,13),(3,76,24,14),(4,76,24,15),(4,76,24,16),(4,76,24,17),(4,76,24,18),(4,76,24,19),(4,76,24,20),(4,76,24,21),(4,76,24,22),(3,76,25,6),(6,76,25,9),(6,76,25,10),(6,76,25,11),(3,76,25,12),(3,76,25,13),(3,76,25,14),(4,76,25,15),(4,76,25,16),(4,76,25,17),(4,76,25,18),(4,76,25,19),(4,76,25,20),(4,76,25,21),(4,76,25,22),(3,76,26,6),(6,76,26,9),(3,76,26,12),(3,76,26,13),(3,76,26,14),(3,76,26,15),(4,76,26,16),(4,76,26,17),(4,76,26,18),(4,76,26,19),(4,76,26,20),(14,82,0,8),(13,82,1,0),(8,82,7,3),(8,82,10,10),(13,82,11,1),(13,82,14,10),(9,82,18,0),(9,82,19,5);
/*!40000 ALTER TABLE `tiles` ENABLE KEYS */;
UNLOCK TABLES;

--
-- Table structure for table `units`
--

DROP TABLE IF EXISTS `units`;
/*!40101 SET @saved_cs_client     = @@character_set_client */;
/*!40101 SET character_set_client = utf8 */;
CREATE TABLE `units` (
  `id` int(11) NOT NULL AUTO_INCREMENT,
  `level` tinyint(2) unsigned NOT NULL,
  `location_id` int(10) unsigned NOT NULL,
  `location_type` tinyint(2) unsigned NOT NULL DEFAULT '0',
  `player_id` int(11) DEFAULT NULL,
  `upgrade_ends_at` datetime DEFAULT NULL,
  `pause_remainder` int(10) unsigned DEFAULT NULL,
  `xp` mediumint(8) unsigned NOT NULL DEFAULT '0',
  `type` varchar(50) NOT NULL,
  `flank` tinyint(2) unsigned NOT NULL DEFAULT '0',
  `location_x` mediumint(9) DEFAULT NULL,
  `location_y` mediumint(9) DEFAULT NULL,
  `route_id` int(11) DEFAULT NULL,
  `galaxy_id` int(11) NOT NULL,
  `stance` tinyint(2) unsigned NOT NULL DEFAULT '0',
  `construction_mod` tinyint(2) unsigned NOT NULL DEFAULT '0',
  `stored` int(10) unsigned NOT NULL DEFAULT '0',
  `metal` float NOT NULL DEFAULT '0',
  `energy` float NOT NULL DEFAULT '0',
  `zetium` float NOT NULL DEFAULT '0',
  `hp_percentage` float unsigned NOT NULL DEFAULT '1',
  PRIMARY KEY (`id`),
  KEY `location` (`player_id`,`location_id`,`location_type`),
  KEY `location_and_player` (`location_type`,`location_id`,`location_x`,`location_y`,`player_id`),
  KEY `index_units_on_route_id` (`route_id`),
  KEY `type` (`player_id`,`type`),
  KEY `foreign_key` (`galaxy_id`),
  CONSTRAINT `units_ibfk_1` FOREIGN KEY (`player_id`) REFERENCES `players` (`id`) ON DELETE SET NULL,
  CONSTRAINT `units_ibfk_2` FOREIGN KEY (`galaxy_id`) REFERENCES `galaxies` (`id`) ON DELETE CASCADE,
  CONSTRAINT `units_ibfk_3` FOREIGN KEY (`route_id`) REFERENCES `routes` (`id`) ON DELETE SET NULL
) ENGINE=InnoDB AUTO_INCREMENT=2185 DEFAULT CHARSET=utf8;
/*!40101 SET character_set_client = @saved_cs_client */;

--
-- Dumping data for table `units`
--

LOCK TABLES `units` WRITE;
/*!40000 ALTER TABLE `units` DISABLE KEYS */;
INSERT INTO `units` VALUES (1,1,1,1,NULL,NULL,NULL,0,'Demosis',1,1,45,NULL,1,0,0,0,0,0,0,1),(2,1,1,1,NULL,NULL,NULL,0,'Demosis',1,1,45,NULL,1,0,0,0,0,0,0,1),(3,1,1,1,NULL,NULL,NULL,0,'Thor',1,1,45,NULL,1,0,0,0,0,0,0,1),(4,1,1,1,NULL,NULL,NULL,0,'Thor',1,1,45,NULL,1,0,0,0,0,0,0,1),(5,1,1,1,NULL,NULL,NULL,0,'Thor',1,1,45,NULL,1,0,0,0,0,0,0,1),(6,1,1,1,NULL,NULL,NULL,0,'Thor',1,1,45,NULL,1,0,0,0,0,0,0,1),(7,1,1,1,NULL,NULL,NULL,0,'Thor',1,1,45,NULL,1,0,0,0,0,0,0,1),(8,1,1,1,NULL,NULL,NULL,0,'Thor',0,1,45,NULL,1,0,0,0,0,0,0,1),(9,1,1,1,NULL,NULL,NULL,0,'Thor',1,1,45,NULL,1,0,0,0,0,0,0,1),(10,1,1,1,NULL,NULL,NULL,0,'Thor',0,1,45,NULL,1,0,0,0,0,0,0,1),(11,1,1,1,NULL,NULL,NULL,0,'Thor',1,1,45,NULL,1,0,0,0,0,0,0,1),(12,1,1,1,NULL,NULL,NULL,0,'Thor',0,1,45,NULL,1,0,0,0,0,0,0,1),(13,1,1,1,NULL,NULL,NULL,0,'Thor',0,1,45,NULL,1,0,0,0,0,0,0,1),(14,1,1,1,NULL,NULL,NULL,0,'Thor',0,1,45,NULL,1,0,0,0,0,0,0,1),(15,1,1,1,NULL,NULL,NULL,0,'Dirac',0,1,45,NULL,1,0,0,0,0,0,0,1),(16,1,1,1,NULL,NULL,NULL,0,'Dirac',1,1,45,NULL,1,0,0,0,0,0,0,1),(17,1,1,1,NULL,NULL,NULL,0,'Dirac',0,1,45,NULL,1,0,0,0,0,0,0,1),(18,1,1,1,NULL,NULL,NULL,0,'Dirac',1,1,45,NULL,1,0,0,0,0,0,0,1),(19,1,1,1,NULL,NULL,NULL,0,'Dirac',1,1,45,NULL,1,0,0,0,0,0,0,1),(20,1,1,1,NULL,NULL,NULL,0,'Dirac',0,1,45,NULL,1,0,0,0,0,0,0,1),(21,1,1,1,NULL,NULL,NULL,0,'Dirac',1,1,45,NULL,1,0,0,0,0,0,0,1),(22,1,1,1,NULL,NULL,NULL,0,'Demosis',1,2,210,NULL,1,0,0,0,0,0,0,1),(23,1,1,1,NULL,NULL,NULL,0,'Demosis',0,2,210,NULL,1,0,0,0,0,0,0,1),(24,1,1,1,NULL,NULL,NULL,0,'Demosis',1,2,210,NULL,1,0,0,0,0,0,0,1),(25,1,1,1,NULL,NULL,NULL,0,'Demosis',0,2,210,NULL,1,0,0,0,0,0,0,1),(26,1,1,1,NULL,NULL,NULL,0,'Demosis',1,2,210,NULL,1,0,0,0,0,0,0,1),(27,1,1,1,NULL,NULL,NULL,0,'Demosis',1,2,210,NULL,1,0,0,0,0,0,0,1),(28,1,1,1,NULL,NULL,NULL,0,'Demosis',1,2,210,NULL,1,0,0,0,0,0,0,1),(29,1,1,1,NULL,NULL,NULL,0,'Demosis',0,2,210,NULL,1,0,0,0,0,0,0,1),(30,1,1,1,NULL,NULL,NULL,0,'Thor',1,2,210,NULL,1,0,0,0,0,0,0,1),(31,1,1,1,NULL,NULL,NULL,0,'Thor',1,2,210,NULL,1,0,0,0,0,0,0,1),(32,1,1,1,NULL,NULL,NULL,0,'Thor',0,2,210,NULL,1,0,0,0,0,0,0,1),(33,1,1,1,NULL,NULL,NULL,0,'Thor',0,2,210,NULL,1,0,0,0,0,0,0,1),(34,1,1,1,NULL,NULL,NULL,0,'Thor',1,2,210,NULL,1,0,0,0,0,0,0,1),(35,1,1,1,NULL,NULL,NULL,0,'Thor',0,2,210,NULL,1,0,0,0,0,0,0,1),(36,1,1,1,NULL,NULL,NULL,0,'Thor',1,2,210,NULL,1,0,0,0,0,0,0,1),(37,1,1,1,NULL,NULL,NULL,0,'Thor',0,2,210,NULL,1,0,0,0,0,0,0,1),(38,1,1,1,NULL,NULL,NULL,0,'Dirac',0,2,210,NULL,1,0,0,0,0,0,0,1),(39,1,1,1,NULL,NULL,NULL,0,'Dirac',0,2,210,NULL,1,0,0,0,0,0,0,1),(40,1,1,1,NULL,NULL,NULL,0,'Dirac',0,2,210,NULL,1,0,0,0,0,0,0,1),(41,1,1,1,NULL,NULL,NULL,0,'Dirac',1,2,210,NULL,1,0,0,0,0,0,0,1),(42,1,1,1,NULL,NULL,NULL,0,'Dirac',0,2,210,NULL,1,0,0,0,0,0,0,1),(43,1,1,1,NULL,NULL,NULL,0,'Dirac',0,2,210,NULL,1,0,0,0,0,0,0,1),(44,1,1,1,NULL,NULL,NULL,0,'Dirac',0,2,210,NULL,1,0,0,0,0,0,0,1),(45,1,1,1,NULL,NULL,NULL,0,'Dirac',0,2,210,NULL,1,0,0,0,0,0,0,1),(46,1,1,1,NULL,NULL,NULL,0,'Dirac',0,2,210,NULL,1,0,0,0,0,0,0,1),(47,1,1,1,NULL,NULL,NULL,0,'Dirac',0,2,210,NULL,1,0,0,0,0,0,0,1),(48,1,1,1,NULL,NULL,NULL,0,'Dirac',0,2,210,NULL,1,0,0,0,0,0,0,1),(49,1,1,1,NULL,NULL,NULL,0,'Dirac',1,2,210,NULL,1,0,0,0,0,0,0,1),(50,1,1,1,NULL,NULL,NULL,0,'Demosis',1,0,270,NULL,1,0,0,0,0,0,0,1),(51,1,1,1,NULL,NULL,NULL,0,'Demosis',1,0,270,NULL,1,0,0,0,0,0,0,1),(52,1,1,1,NULL,NULL,NULL,0,'Thor',0,0,270,NULL,1,0,0,0,0,0,0,1),(53,1,1,1,NULL,NULL,NULL,0,'Thor',0,0,270,NULL,1,0,0,0,0,0,0,1),(54,1,1,1,NULL,NULL,NULL,0,'Thor',1,0,270,NULL,1,0,0,0,0,0,0,1),(55,1,1,1,NULL,NULL,NULL,0,'Thor',0,0,270,NULL,1,0,0,0,0,0,0,1),(56,1,1,1,NULL,NULL,NULL,0,'Thor',1,0,270,NULL,1,0,0,0,0,0,0,1),(57,1,1,1,NULL,NULL,NULL,0,'Thor',1,0,270,NULL,1,0,0,0,0,0,0,1),(58,1,1,1,NULL,NULL,NULL,0,'Thor',0,0,270,NULL,1,0,0,0,0,0,0,1),(59,1,1,1,NULL,NULL,NULL,0,'Thor',1,0,270,NULL,1,0,0,0,0,0,0,1),(60,1,1,1,NULL,NULL,NULL,0,'Thor',0,0,270,NULL,1,0,0,0,0,0,0,1),(61,1,1,1,NULL,NULL,NULL,0,'Thor',0,0,270,NULL,1,0,0,0,0,0,0,1),(62,1,1,1,NULL,NULL,NULL,0,'Thor',1,0,270,NULL,1,0,0,0,0,0,0,1),(63,1,1,1,NULL,NULL,NULL,0,'Thor',0,0,270,NULL,1,0,0,0,0,0,0,1),(64,1,1,1,NULL,NULL,NULL,0,'Dirac',0,0,270,NULL,1,0,0,0,0,0,0,1),(65,1,1,1,NULL,NULL,NULL,0,'Dirac',0,0,270,NULL,1,0,0,0,0,0,0,1),(66,1,1,1,NULL,NULL,NULL,0,'Dirac',0,0,270,NULL,1,0,0,0,0,0,0,1),(67,1,1,1,NULL,NULL,NULL,0,'Dirac',1,0,270,NULL,1,0,0,0,0,0,0,1),(68,1,1,1,NULL,NULL,NULL,0,'Dirac',1,0,270,NULL,1,0,0,0,0,0,0,1),(69,1,1,1,NULL,NULL,NULL,0,'Dirac',1,0,270,NULL,1,0,0,0,0,0,0,1),(70,1,1,1,NULL,NULL,NULL,0,'Dirac',0,0,270,NULL,1,0,0,0,0,0,0,1),(71,1,1,1,NULL,NULL,NULL,0,'Dirac',0,0,270,NULL,1,0,0,0,0,0,0,1),(72,1,1,1,NULL,NULL,NULL,0,'Dirac',0,0,270,NULL,1,0,0,0,0,0,0,1),(73,1,1,1,NULL,NULL,NULL,0,'Dirac',1,0,270,NULL,1,0,0,0,0,0,0,1),(74,1,1,1,NULL,NULL,NULL,0,'Dirac',1,0,270,NULL,1,0,0,0,0,0,0,1),(75,1,1,1,NULL,NULL,NULL,0,'Dirac',0,0,270,NULL,1,0,0,0,0,0,0,1),(76,1,1,1,NULL,NULL,NULL,0,'Dirac',1,0,270,NULL,1,0,0,0,0,0,0,1),(77,1,1,1,NULL,NULL,NULL,0,'Dirac',1,0,270,NULL,1,0,0,0,0,0,0,1),(78,1,1,1,NULL,NULL,NULL,0,'Dirac',0,0,270,NULL,1,0,0,0,0,0,0,1),(79,1,2,1,NULL,NULL,NULL,0,'Demosis',0,2,210,NULL,1,0,0,0,0,0,0,1),(80,1,2,1,NULL,NULL,NULL,0,'Demosis',1,2,210,NULL,1,0,0,0,0,0,0,1),(81,1,2,1,NULL,NULL,NULL,0,'Demosis',1,2,210,NULL,1,0,0,0,0,0,0,1),(82,1,2,1,NULL,NULL,NULL,0,'Demosis',1,2,210,NULL,1,0,0,0,0,0,0,1),(83,1,2,1,NULL,NULL,NULL,0,'Demosis',0,2,210,NULL,1,0,0,0,0,0,0,1),(84,1,2,1,NULL,NULL,NULL,0,'Demosis',1,2,210,NULL,1,0,0,0,0,0,0,1),(85,1,2,1,NULL,NULL,NULL,0,'Demosis',1,2,210,NULL,1,0,0,0,0,0,0,1),(86,1,2,1,NULL,NULL,NULL,0,'Demosis',1,2,210,NULL,1,0,0,0,0,0,0,1),(87,1,2,1,NULL,NULL,NULL,0,'Thor',0,2,210,NULL,1,0,0,0,0,0,0,1),(88,1,2,1,NULL,NULL,NULL,0,'Thor',0,2,210,NULL,1,0,0,0,0,0,0,1),(89,1,2,1,NULL,NULL,NULL,0,'Thor',1,2,210,NULL,1,0,0,0,0,0,0,1),(90,1,2,1,NULL,NULL,NULL,0,'Thor',0,2,210,NULL,1,0,0,0,0,0,0,1),(91,1,2,1,NULL,NULL,NULL,0,'Thor',0,2,210,NULL,1,0,0,0,0,0,0,1),(92,1,2,1,NULL,NULL,NULL,0,'Thor',1,2,210,NULL,1,0,0,0,0,0,0,1),(93,1,2,1,NULL,NULL,NULL,0,'Thor',0,2,210,NULL,1,0,0,0,0,0,0,1),(94,1,2,1,NULL,NULL,NULL,0,'Thor',1,2,210,NULL,1,0,0,0,0,0,0,1),(95,1,2,1,NULL,NULL,NULL,0,'Thor',0,2,210,NULL,1,0,0,0,0,0,0,1),(96,1,2,1,NULL,NULL,NULL,0,'Dirac',0,2,210,NULL,1,0,0,0,0,0,0,1),(97,1,2,1,NULL,NULL,NULL,0,'Dirac',0,2,210,NULL,1,0,0,0,0,0,0,1),(98,1,2,1,NULL,NULL,NULL,0,'Dirac',0,2,210,NULL,1,0,0,0,0,0,0,1),(99,1,2,1,NULL,NULL,NULL,0,'Dirac',1,2,210,NULL,1,0,0,0,0,0,0,1),(100,1,2,1,NULL,NULL,NULL,0,'Dirac',1,2,210,NULL,1,0,0,0,0,0,0,1),(101,1,2,1,NULL,NULL,NULL,0,'Dirac',0,2,210,NULL,1,0,0,0,0,0,0,1),(102,1,2,1,NULL,NULL,NULL,0,'Dirac',0,2,210,NULL,1,0,0,0,0,0,0,1),(103,1,2,1,NULL,NULL,NULL,0,'Dirac',0,2,210,NULL,1,0,0,0,0,0,0,1),(104,1,2,1,NULL,NULL,NULL,0,'Dirac',1,2,210,NULL,1,0,0,0,0,0,0,1),(105,1,2,1,NULL,NULL,NULL,0,'Dirac',1,2,210,NULL,1,0,0,0,0,0,0,1),(106,1,2,1,NULL,NULL,NULL,0,'Dirac',1,2,210,NULL,1,0,0,0,0,0,0,1),(107,1,2,1,NULL,NULL,NULL,0,'Dirac',1,2,210,NULL,1,0,0,0,0,0,0,1),(108,1,2,1,NULL,NULL,NULL,0,'Dirac',1,2,210,NULL,1,0,0,0,0,0,0,1),(109,1,3,1,NULL,NULL,NULL,0,'Demosis',1,2,210,NULL,1,0,0,0,0,0,0,1),(110,1,3,1,NULL,NULL,NULL,0,'Demosis',0,2,210,NULL,1,0,0,0,0,0,0,1),(111,1,3,1,NULL,NULL,NULL,0,'Demosis',0,2,210,NULL,1,0,0,0,0,0,0,1),(112,1,3,1,NULL,NULL,NULL,0,'Demosis',1,2,210,NULL,1,0,0,0,0,0,0,1),(113,1,3,1,NULL,NULL,NULL,0,'Demosis',1,2,210,NULL,1,0,0,0,0,0,0,1),(114,1,3,1,NULL,NULL,NULL,0,'Demosis',0,2,210,NULL,1,0,0,0,0,0,0,1),(115,1,3,1,NULL,NULL,NULL,0,'Thor',0,2,210,NULL,1,0,0,0,0,0,0,1),(116,1,3,1,NULL,NULL,NULL,0,'Thor',1,2,210,NULL,1,0,0,0,0,0,0,1),(117,1,3,1,NULL,NULL,NULL,0,'Thor',0,2,210,NULL,1,0,0,0,0,0,0,1),(118,1,3,1,NULL,NULL,NULL,0,'Thor',0,2,210,NULL,1,0,0,0,0,0,0,1),(119,1,3,1,NULL,NULL,NULL,0,'Thor',1,2,210,NULL,1,0,0,0,0,0,0,1),(120,1,3,1,NULL,NULL,NULL,0,'Thor',0,2,210,NULL,1,0,0,0,0,0,0,1),(121,1,3,1,NULL,NULL,NULL,0,'Thor',0,2,210,NULL,1,0,0,0,0,0,0,1),(122,1,3,1,NULL,NULL,NULL,0,'Thor',0,2,210,NULL,1,0,0,0,0,0,0,1),(123,1,3,1,NULL,NULL,NULL,0,'Dirac',1,2,210,NULL,1,0,0,0,0,0,0,1),(124,1,3,1,NULL,NULL,NULL,0,'Dirac',0,2,210,NULL,1,0,0,0,0,0,0,1),(125,1,3,1,NULL,NULL,NULL,0,'Dirac',0,2,210,NULL,1,0,0,0,0,0,0,1),(126,1,3,1,NULL,NULL,NULL,0,'Dirac',0,2,210,NULL,1,0,0,0,0,0,0,1),(127,1,3,1,NULL,NULL,NULL,0,'Dirac',1,2,210,NULL,1,0,0,0,0,0,0,1),(128,1,3,1,NULL,NULL,NULL,0,'Dirac',1,2,210,NULL,1,0,0,0,0,0,0,1),(129,1,3,1,NULL,NULL,NULL,0,'Dirac',0,2,210,NULL,1,0,0,0,0,0,0,1),(130,1,3,1,NULL,NULL,NULL,0,'Dirac',0,2,210,NULL,1,0,0,0,0,0,0,1),(131,1,3,1,NULL,NULL,NULL,0,'Dirac',1,2,210,NULL,1,0,0,0,0,0,0,1),(132,1,3,1,NULL,NULL,NULL,0,'Dirac',1,2,210,NULL,1,0,0,0,0,0,0,1),(133,1,3,1,NULL,NULL,NULL,0,'Dirac',1,2,210,NULL,1,0,0,0,0,0,0,1),(134,1,3,1,NULL,NULL,NULL,0,'Dirac',0,2,210,NULL,1,0,0,0,0,0,0,1),(135,1,3,1,NULL,NULL,NULL,0,'Dirac',0,2,210,NULL,1,0,0,0,0,0,0,1),(136,1,3,1,NULL,NULL,NULL,0,'Dirac',1,2,210,NULL,1,0,0,0,0,0,0,1),(137,1,3,1,NULL,NULL,NULL,0,'Dirac',0,2,210,NULL,1,0,0,0,0,0,0,1),(138,1,5,1,NULL,NULL,NULL,0,'Demosis',0,1,45,NULL,1,0,0,0,0,0,0,1),(139,1,5,1,NULL,NULL,NULL,0,'Demosis',0,1,45,NULL,1,0,0,0,0,0,0,1),(140,1,5,1,NULL,NULL,NULL,0,'Thor',0,1,45,NULL,1,0,0,0,0,0,0,1),(141,1,5,1,NULL,NULL,NULL,0,'Dirac',0,1,45,NULL,1,0,0,0,0,0,0,1),(142,1,5,1,NULL,NULL,NULL,0,'Dirac',0,1,45,NULL,1,0,0,0,0,0,0,1),(143,1,5,1,NULL,NULL,NULL,0,'Dirac',1,1,45,NULL,1,0,0,0,0,0,0,1),(144,1,5,1,NULL,NULL,NULL,0,'Dirac',0,1,45,NULL,1,0,0,0,0,0,0,1),(145,1,5,1,NULL,NULL,NULL,0,'Dirac',1,1,45,NULL,1,0,0,0,0,0,0,1),(146,1,5,1,NULL,NULL,NULL,0,'Dirac',1,1,45,NULL,1,0,0,0,0,0,0,1),(147,1,5,1,NULL,NULL,NULL,0,'Dirac',0,1,45,NULL,1,0,0,0,0,0,0,1),(148,1,5,1,NULL,NULL,NULL,0,'Dirac',0,1,45,NULL,1,0,0,0,0,0,0,1),(149,1,5,1,NULL,NULL,NULL,0,'Thor',0,1,225,NULL,1,0,0,0,0,0,0,1),(150,1,5,1,NULL,NULL,NULL,0,'Thor',0,1,225,NULL,1,0,0,0,0,0,0,1),(151,1,5,1,NULL,NULL,NULL,0,'Thor',0,1,225,NULL,1,0,0,0,0,0,0,1),(152,1,5,1,NULL,NULL,NULL,0,'Thor',0,1,225,NULL,1,0,0,0,0,0,0,1),(153,1,5,1,NULL,NULL,NULL,0,'Dirac',0,1,225,NULL,1,0,0,0,0,0,0,1),(154,1,5,1,NULL,NULL,NULL,0,'Dirac',0,1,225,NULL,1,0,0,0,0,0,0,1),(155,1,5,1,NULL,NULL,NULL,0,'Dirac',0,1,225,NULL,1,0,0,0,0,0,0,1),(156,1,5,1,NULL,NULL,NULL,0,'Demosis',0,2,120,NULL,1,0,0,0,0,0,0,1),(157,1,5,1,NULL,NULL,NULL,0,'Demosis',0,2,120,NULL,1,0,0,0,0,0,0,1),(158,1,5,1,NULL,NULL,NULL,0,'Thor',1,2,120,NULL,1,0,0,0,0,0,0,1),(159,1,5,1,NULL,NULL,NULL,0,'Thor',1,2,120,NULL,1,0,0,0,0,0,0,1),(160,1,5,1,NULL,NULL,NULL,0,'Thor',1,2,120,NULL,1,0,0,0,0,0,0,1),(161,1,5,1,NULL,NULL,NULL,0,'Thor',0,2,120,NULL,1,0,0,0,0,0,0,1),(162,1,5,1,NULL,NULL,NULL,0,'Thor',0,2,120,NULL,1,0,0,0,0,0,0,1),(163,1,5,1,NULL,NULL,NULL,0,'Thor',1,2,120,NULL,1,0,0,0,0,0,0,1),(164,1,5,1,NULL,NULL,NULL,0,'Dirac',1,2,120,NULL,1,0,0,0,0,0,0,1),(165,1,5,1,NULL,NULL,NULL,0,'Dirac',0,2,120,NULL,1,0,0,0,0,0,0,1),(166,1,5,1,NULL,NULL,NULL,0,'Dirac',0,2,120,NULL,1,0,0,0,0,0,0,1),(167,1,5,1,NULL,NULL,NULL,0,'Dirac',1,2,120,NULL,1,0,0,0,0,0,0,1),(168,1,5,1,NULL,NULL,NULL,0,'Dirac',0,2,120,NULL,1,0,0,0,0,0,0,1),(169,1,5,1,NULL,NULL,NULL,0,'Dirac',0,2,120,NULL,1,0,0,0,0,0,0,1),(170,1,5,1,NULL,NULL,NULL,0,'Dirac',1,2,120,NULL,1,0,0,0,0,0,0,1),(171,1,5,1,NULL,NULL,NULL,0,'Dirac',1,2,120,NULL,1,0,0,0,0,0,0,1),(172,1,5,1,NULL,NULL,NULL,0,'Demosis',0,2,210,NULL,1,0,0,0,0,0,0,1),(173,1,5,1,NULL,NULL,NULL,0,'Thor',0,2,210,NULL,1,0,0,0,0,0,0,1),(174,1,5,1,NULL,NULL,NULL,0,'Thor',1,2,210,NULL,1,0,0,0,0,0,0,1),(175,1,5,1,NULL,NULL,NULL,0,'Thor',1,2,210,NULL,1,0,0,0,0,0,0,1),(176,1,5,1,NULL,NULL,NULL,0,'Dirac',1,2,210,NULL,1,0,0,0,0,0,0,1),(177,1,5,1,NULL,NULL,NULL,0,'Dirac',1,2,210,NULL,1,0,0,0,0,0,0,1),(178,1,5,1,NULL,NULL,NULL,0,'Dirac',0,2,210,NULL,1,0,0,0,0,0,0,1),(179,1,5,1,NULL,NULL,NULL,0,'Dirac',0,2,210,NULL,1,0,0,0,0,0,0,1),(180,1,5,1,NULL,NULL,NULL,0,'Demosis',0,1,180,NULL,1,0,0,0,0,0,0,1),(181,1,5,1,NULL,NULL,NULL,0,'Thor',0,1,180,NULL,1,0,0,0,0,0,0,1),(182,1,5,1,NULL,NULL,NULL,0,'Thor',0,1,180,NULL,1,0,0,0,0,0,0,1),(183,1,5,1,NULL,NULL,NULL,0,'Dirac',0,1,180,NULL,1,0,0,0,0,0,0,1),(184,1,5,1,NULL,NULL,NULL,0,'Dirac',0,1,180,NULL,1,0,0,0,0,0,0,1),(185,1,5,1,NULL,NULL,NULL,0,'Dirac',1,1,180,NULL,1,0,0,0,0,0,0,1),(186,1,5,1,NULL,NULL,NULL,0,'Dirac',0,1,180,NULL,1,0,0,0,0,0,0,1),(187,1,5,1,NULL,NULL,NULL,0,'Dirac',1,1,180,NULL,1,0,0,0,0,0,0,1),(188,1,5,1,NULL,NULL,NULL,0,'Dirac',1,1,180,NULL,1,0,0,0,0,0,0,1),(189,1,5,1,NULL,NULL,NULL,0,'Dirac',0,1,180,NULL,1,0,0,0,0,0,0,1),(190,1,5,1,NULL,NULL,NULL,0,'Dirac',0,1,180,NULL,1,0,0,0,0,0,0,1),(191,1,5,1,NULL,NULL,NULL,0,'Demosis',0,3,156,NULL,1,0,0,0,0,0,0,1),(192,1,5,1,NULL,NULL,NULL,0,'Thor',1,3,156,NULL,1,0,0,0,0,0,0,1),(193,1,5,1,NULL,NULL,NULL,0,'Thor',0,3,156,NULL,1,0,0,0,0,0,0,1),(194,1,5,1,NULL,NULL,NULL,0,'Thor',1,3,156,NULL,1,0,0,0,0,0,0,1),(195,1,5,1,NULL,NULL,NULL,0,'Thor',1,3,156,NULL,1,0,0,0,0,0,0,1),(196,1,5,1,NULL,NULL,NULL,0,'Thor',0,3,156,NULL,1,0,0,0,0,0,0,1),(197,1,5,1,NULL,NULL,NULL,0,'Thor',1,3,156,NULL,1,0,0,0,0,0,0,1),(198,1,5,1,NULL,NULL,NULL,0,'Dirac',0,3,156,NULL,1,0,0,0,0,0,0,1),(199,1,5,1,NULL,NULL,NULL,0,'Dirac',0,3,156,NULL,1,0,0,0,0,0,0,1),(200,1,5,1,NULL,NULL,NULL,0,'Dirac',1,3,156,NULL,1,0,0,0,0,0,0,1),(201,1,5,1,NULL,NULL,NULL,0,'Dirac',0,3,156,NULL,1,0,0,0,0,0,0,1),(202,1,5,1,NULL,NULL,NULL,0,'Dirac',0,3,156,NULL,1,0,0,0,0,0,0,1),(203,1,5,1,NULL,NULL,NULL,0,'Dirac',1,3,156,NULL,1,0,0,0,0,0,0,1),(204,1,5,1,NULL,NULL,NULL,0,'Dirac',1,3,156,NULL,1,0,0,0,0,0,0,1),(205,1,5,1,NULL,NULL,NULL,0,'Demosis',0,2,240,NULL,1,0,0,0,0,0,0,1),(206,1,5,1,NULL,NULL,NULL,0,'Thor',1,2,240,NULL,1,0,0,0,0,0,0,1),(207,1,5,1,NULL,NULL,NULL,0,'Thor',0,2,240,NULL,1,0,0,0,0,0,0,1),(208,1,5,1,NULL,NULL,NULL,0,'Thor',1,2,240,NULL,1,0,0,0,0,0,0,1),(209,1,5,1,NULL,NULL,NULL,0,'Thor',1,2,240,NULL,1,0,0,0,0,0,0,1),(210,1,5,1,NULL,NULL,NULL,0,'Thor',0,2,240,NULL,1,0,0,0,0,0,0,1),(211,1,5,1,NULL,NULL,NULL,0,'Dirac',0,2,240,NULL,1,0,0,0,0,0,0,1),(212,1,5,1,NULL,NULL,NULL,0,'Dirac',0,2,240,NULL,1,0,0,0,0,0,0,1),(213,1,5,1,NULL,NULL,NULL,0,'Dirac',1,2,240,NULL,1,0,0,0,0,0,0,1),(214,1,21,4,NULL,NULL,NULL,0,'Glancer',1,NULL,NULL,NULL,1,0,0,0,0,0,0,1),(215,1,21,4,NULL,NULL,NULL,0,'Glancer',1,NULL,NULL,NULL,1,0,0,0,0,0,0,1),(216,1,21,4,NULL,NULL,NULL,0,'Gnat',0,NULL,NULL,NULL,1,0,0,0,0,0,0,1),(217,1,21,4,NULL,NULL,NULL,0,'Gnat',0,NULL,NULL,NULL,1,0,0,0,0,0,0,1),(218,1,21,4,NULL,NULL,NULL,0,'Gnat',1,NULL,NULL,NULL,1,0,0,0,0,0,0,1),(219,1,21,4,NULL,NULL,NULL,0,'Gnat',1,NULL,NULL,NULL,1,0,0,0,0,0,0,1),(220,1,22,4,NULL,NULL,NULL,0,'Gnat',0,NULL,NULL,NULL,1,0,0,0,0,0,0,1),(221,1,22,4,NULL,NULL,NULL,0,'Gnat',0,NULL,NULL,NULL,1,0,0,0,0,0,0,1),(222,1,22,4,NULL,NULL,NULL,0,'Gnat',1,NULL,NULL,NULL,1,0,0,0,0,0,0,1),(223,1,22,4,NULL,NULL,NULL,0,'Gnat',0,NULL,NULL,NULL,1,0,0,0,0,0,0,1),(224,1,23,4,NULL,NULL,NULL,0,'Gnawer',0,NULL,NULL,NULL,1,0,0,0,0,0,0,1),(225,1,23,4,NULL,NULL,NULL,0,'Spudder',0,NULL,NULL,NULL,1,0,0,0,0,0,0,1),(226,1,23,4,NULL,NULL,NULL,0,'Spudder',0,NULL,NULL,NULL,1,0,0,0,0,0,0,1),(227,1,23,4,NULL,NULL,NULL,0,'Glancer',1,NULL,NULL,NULL,1,0,0,0,0,0,0,1),(228,1,23,4,NULL,NULL,NULL,0,'Gnat',0,NULL,NULL,NULL,1,0,0,0,0,0,0,1),(229,1,23,4,NULL,NULL,NULL,0,'Gnat',0,NULL,NULL,NULL,1,0,0,0,0,0,0,1),(230,1,23,4,NULL,NULL,NULL,0,'Glancer',1,NULL,NULL,NULL,1,0,0,0,0,0,0,1),(231,1,23,4,NULL,NULL,NULL,0,'Glancer',1,NULL,NULL,NULL,1,0,0,0,0,0,0,1),(232,1,23,4,NULL,NULL,NULL,0,'Glancer',1,NULL,NULL,NULL,1,0,0,0,0,0,0,1),(233,1,23,4,NULL,NULL,NULL,0,'Glancer',1,NULL,NULL,NULL,1,0,0,0,0,0,0,1),(234,1,23,4,NULL,NULL,NULL,0,'Gnat',0,NULL,NULL,NULL,1,0,0,0,0,0,0,1),(235,1,23,4,NULL,NULL,NULL,0,'Gnat',0,NULL,NULL,NULL,1,0,0,0,0,0,0,1),(236,1,23,4,NULL,NULL,NULL,0,'Gnat',1,NULL,NULL,NULL,1,0,0,0,0,0,0,1),(237,1,23,4,NULL,NULL,NULL,0,'Gnat',0,NULL,NULL,NULL,1,0,0,0,0,0,0,1),(238,1,23,4,NULL,NULL,NULL,0,'Gnat',0,NULL,NULL,NULL,1,0,0,0,0,0,0,1),(239,1,23,4,NULL,NULL,NULL,0,'Gnat',1,NULL,NULL,NULL,1,0,0,0,0,0,0,1),(240,1,24,4,NULL,NULL,NULL,0,'Gnawer',0,NULL,NULL,NULL,1,0,0,0,0,0,0,1),(241,1,24,4,NULL,NULL,NULL,0,'Spudder',0,NULL,NULL,NULL,1,0,0,0,0,0,0,1),(242,1,24,4,NULL,NULL,NULL,0,'Spudder',1,NULL,NULL,NULL,1,0,0,0,0,0,0,1),(243,1,24,4,NULL,NULL,NULL,0,'Gnawer',0,NULL,NULL,NULL,1,0,0,0,0,0,0,1),(244,1,24,4,NULL,NULL,NULL,0,'Spudder',1,NULL,NULL,NULL,1,0,0,0,0,0,0,1),(245,1,24,4,NULL,NULL,NULL,0,'Spudder',0,NULL,NULL,NULL,1,0,0,0,0,0,0,1),(246,1,24,4,NULL,NULL,NULL,0,'Glancer',1,NULL,NULL,NULL,1,0,0,0,0,0,0,1),(247,1,24,4,NULL,NULL,NULL,0,'Gnat',0,NULL,NULL,NULL,1,0,0,0,0,0,0,1),(248,1,24,4,NULL,NULL,NULL,0,'Glancer',1,NULL,NULL,NULL,1,0,0,0,0,0,0,1),(249,1,24,4,NULL,NULL,NULL,0,'Glancer',1,NULL,NULL,NULL,1,0,0,0,0,0,0,1),(250,1,24,4,NULL,NULL,NULL,0,'Glancer',1,NULL,NULL,NULL,1,0,0,0,0,0,0,1),(251,1,24,4,NULL,NULL,NULL,0,'Glancer',1,NULL,NULL,NULL,1,0,0,0,0,0,0,1),(252,1,24,4,NULL,NULL,NULL,0,'Glancer',1,NULL,NULL,NULL,1,0,0,0,0,0,0,1),(253,1,24,4,NULL,NULL,NULL,0,'Gnat',0,NULL,NULL,NULL,1,0,0,0,0,0,0,1),(254,1,24,4,NULL,NULL,NULL,0,'Gnat',0,NULL,NULL,NULL,1,0,0,0,0,0,0,1),(255,1,24,4,NULL,NULL,NULL,0,'Gnat',1,NULL,NULL,NULL,1,0,0,0,0,0,0,1),(256,1,24,4,NULL,NULL,NULL,0,'Gnat',0,NULL,NULL,NULL,1,0,0,0,0,0,0,1),(257,1,24,4,NULL,NULL,NULL,0,'Gnat',0,NULL,NULL,NULL,1,0,0,0,0,0,0,1),(258,1,24,4,NULL,NULL,NULL,0,'Gnat',1,NULL,NULL,NULL,1,0,0,0,0,0,0,1),(259,1,25,4,NULL,NULL,NULL,0,'Spudder',0,NULL,NULL,NULL,1,0,0,0,0,0,0,1),(260,1,25,4,NULL,NULL,NULL,0,'Spudder',0,NULL,NULL,NULL,1,0,0,0,0,0,0,1),(261,1,25,4,NULL,NULL,NULL,0,'Glancer',1,NULL,NULL,NULL,1,0,0,0,0,0,0,1),(262,1,25,4,NULL,NULL,NULL,0,'Gnat',0,NULL,NULL,NULL,1,0,0,0,0,0,0,1),(263,1,25,4,NULL,NULL,NULL,0,'Gnat',1,NULL,NULL,NULL,1,0,0,0,0,0,0,1),(264,1,25,4,NULL,NULL,NULL,0,'Gnat',0,NULL,NULL,NULL,1,0,0,0,0,0,0,1),(265,1,25,4,NULL,NULL,NULL,0,'Glancer',1,NULL,NULL,NULL,1,0,0,0,0,0,0,1),(266,1,25,4,NULL,NULL,NULL,0,'Glancer',1,NULL,NULL,NULL,1,0,0,0,0,0,0,1),(267,1,25,4,NULL,NULL,NULL,0,'Glancer',1,NULL,NULL,NULL,1,0,0,0,0,0,0,1),(268,1,25,4,NULL,NULL,NULL,0,'Gnat',0,NULL,NULL,NULL,1,0,0,0,0,0,0,1),(269,1,25,4,NULL,NULL,NULL,0,'Gnat',0,NULL,NULL,NULL,1,0,0,0,0,0,0,1),(270,1,25,4,NULL,NULL,NULL,0,'Gnat',1,NULL,NULL,NULL,1,0,0,0,0,0,0,1),(271,1,25,4,NULL,NULL,NULL,0,'Gnat',0,NULL,NULL,NULL,1,0,0,0,0,0,0,1),(272,1,25,4,NULL,NULL,NULL,0,'Gnat',1,NULL,NULL,NULL,1,0,0,0,0,0,0,1),(273,1,26,4,NULL,NULL,NULL,0,'Spudder',0,NULL,NULL,NULL,1,0,0,0,0,0,0,1),(274,1,26,4,NULL,NULL,NULL,0,'Glancer',1,NULL,NULL,NULL,1,0,0,0,0,0,0,1),(275,1,26,4,NULL,NULL,NULL,0,'Gnat',0,NULL,NULL,NULL,1,0,0,0,0,0,0,1),(276,1,26,4,NULL,NULL,NULL,0,'Gnat',1,NULL,NULL,NULL,1,0,0,0,0,0,0,1),(277,1,26,4,NULL,NULL,NULL,0,'Gnat',0,NULL,NULL,NULL,1,0,0,0,0,0,0,1),(278,1,26,4,NULL,NULL,NULL,0,'Gnat',0,NULL,NULL,NULL,1,0,0,0,0,0,0,1),(279,1,26,4,NULL,NULL,NULL,0,'Glancer',1,NULL,NULL,NULL,1,0,0,0,0,0,0,1),(280,1,26,4,NULL,NULL,NULL,0,'Glancer',1,NULL,NULL,NULL,1,0,0,0,0,0,0,1),(281,1,26,4,NULL,NULL,NULL,0,'Glancer',1,NULL,NULL,NULL,1,0,0,0,0,0,0,1),(282,1,26,4,NULL,NULL,NULL,0,'Gnat',0,NULL,NULL,NULL,1,0,0,0,0,0,0,1),(283,1,26,4,NULL,NULL,NULL,0,'Gnat',0,NULL,NULL,NULL,1,0,0,0,0,0,0,1),(284,1,26,4,NULL,NULL,NULL,0,'Gnat',1,NULL,NULL,NULL,1,0,0,0,0,0,0,1),(285,1,26,4,NULL,NULL,NULL,0,'Gnat',0,NULL,NULL,NULL,1,0,0,0,0,0,0,1),(286,1,26,4,NULL,NULL,NULL,0,'Gnat',1,NULL,NULL,NULL,1,0,0,0,0,0,0,1),(287,1,26,4,NULL,NULL,NULL,0,'Gnat',0,NULL,NULL,NULL,1,0,0,0,0,0,0,1),(288,1,27,4,NULL,NULL,NULL,0,'Gnawer',0,NULL,NULL,NULL,1,0,0,0,0,0,0,1),(289,1,27,4,NULL,NULL,NULL,0,'Gnawer',0,NULL,NULL,NULL,1,0,0,0,0,0,0,1),(290,1,27,4,NULL,NULL,NULL,0,'Spudder',0,NULL,NULL,NULL,1,0,0,0,0,0,0,1),(291,1,27,4,NULL,NULL,NULL,0,'Spudder',0,NULL,NULL,NULL,1,0,0,0,0,0,0,1),(292,1,27,4,NULL,NULL,NULL,0,'Glancer',1,NULL,NULL,NULL,1,0,0,0,0,0,0,1),(293,1,27,4,NULL,NULL,NULL,0,'Gnat',0,NULL,NULL,NULL,1,0,0,0,0,0,0,1),(294,1,27,4,NULL,NULL,NULL,0,'Glancer',1,NULL,NULL,NULL,1,0,0,0,0,0,0,1),(295,1,27,4,NULL,NULL,NULL,0,'Glancer',1,NULL,NULL,NULL,1,0,0,0,0,0,0,1),(296,1,27,4,NULL,NULL,NULL,0,'Glancer',1,NULL,NULL,NULL,1,0,0,0,0,0,0,1),(297,1,27,4,NULL,NULL,NULL,0,'Gnat',0,NULL,NULL,NULL,1,0,0,0,0,0,0,1),(298,1,27,4,NULL,NULL,NULL,0,'Gnat',0,NULL,NULL,NULL,1,0,0,0,0,0,0,1),(299,1,27,4,NULL,NULL,NULL,0,'Gnat',1,NULL,NULL,NULL,1,0,0,0,0,0,0,1),(300,1,27,4,NULL,NULL,NULL,0,'Gnat',1,NULL,NULL,NULL,1,0,0,0,0,0,0,1),(301,1,27,4,NULL,NULL,NULL,0,'Gnat',1,NULL,NULL,NULL,1,0,0,0,0,0,0,1),(302,1,28,4,NULL,NULL,NULL,0,'Gnawer',0,NULL,NULL,NULL,1,0,0,0,0,0,0,1),(303,1,28,4,NULL,NULL,NULL,0,'Gnawer',0,NULL,NULL,NULL,1,0,0,0,0,0,0,1),(304,1,28,4,NULL,NULL,NULL,0,'Gnawer',0,NULL,NULL,NULL,1,0,0,0,0,0,0,1),(305,1,28,4,NULL,NULL,NULL,0,'Spudder',0,NULL,NULL,NULL,1,0,0,0,0,0,0,1),(306,1,28,4,NULL,NULL,NULL,0,'Spudder',0,NULL,NULL,NULL,1,0,0,0,0,0,0,1),(307,1,28,4,NULL,NULL,NULL,0,'Spudder',0,NULL,NULL,NULL,1,0,0,0,0,0,0,1),(308,1,28,4,NULL,NULL,NULL,0,'Glancer',1,NULL,NULL,NULL,1,0,0,0,0,0,0,1),(309,1,28,4,NULL,NULL,NULL,0,'Glancer',1,NULL,NULL,NULL,1,0,0,0,0,0,0,1),(310,1,28,4,NULL,NULL,NULL,0,'Glancer',1,NULL,NULL,NULL,1,0,0,0,0,0,0,1),(311,1,28,4,NULL,NULL,NULL,0,'Glancer',1,NULL,NULL,NULL,1,0,0,0,0,0,0,1),(312,1,28,4,NULL,NULL,NULL,0,'Gnat',0,NULL,NULL,NULL,1,0,0,0,0,0,0,1),(313,1,28,4,NULL,NULL,NULL,0,'Gnat',0,NULL,NULL,NULL,1,0,0,0,0,0,0,1),(314,1,28,4,NULL,NULL,NULL,0,'Gnat',1,NULL,NULL,NULL,1,0,0,0,0,0,0,1),(315,1,28,4,NULL,NULL,NULL,0,'Gnat',0,NULL,NULL,NULL,1,0,0,0,0,0,0,1),(316,1,28,4,NULL,NULL,NULL,0,'Gnat',1,NULL,NULL,NULL,1,0,0,0,0,0,0,1),(317,1,28,4,NULL,NULL,NULL,0,'Gnat',1,NULL,NULL,NULL,1,0,0,0,0,0,0,1),(318,1,28,4,NULL,NULL,NULL,0,'Gnat',0,NULL,NULL,NULL,1,0,0,0,0,0,0,1),(319,1,29,4,NULL,NULL,NULL,0,'Gnawer',0,NULL,NULL,NULL,1,0,0,0,0,0,0,1),(320,1,29,4,NULL,NULL,NULL,0,'Gnawer',0,NULL,NULL,NULL,1,0,0,0,0,0,0,1),(321,1,29,4,NULL,NULL,NULL,0,'Spudder',1,NULL,NULL,NULL,1,0,0,0,0,0,0,1),(322,1,29,4,NULL,NULL,NULL,0,'Spudder',0,NULL,NULL,NULL,1,0,0,0,0,0,0,1),(323,1,29,4,NULL,NULL,NULL,0,'Glancer',1,NULL,NULL,NULL,1,0,0,0,0,0,0,1),(324,1,29,4,NULL,NULL,NULL,0,'Gnat',0,NULL,NULL,NULL,1,0,0,0,0,0,0,1),(325,1,29,4,NULL,NULL,NULL,0,'Glancer',1,NULL,NULL,NULL,1,0,0,0,0,0,0,1),(326,1,29,4,NULL,NULL,NULL,0,'Glancer',1,NULL,NULL,NULL,1,0,0,0,0,0,0,1),(327,1,29,4,NULL,NULL,NULL,0,'Glancer',1,NULL,NULL,NULL,1,0,0,0,0,0,0,1),(328,1,29,4,NULL,NULL,NULL,0,'Glancer',1,NULL,NULL,NULL,1,0,0,0,0,0,0,1),(329,1,29,4,NULL,NULL,NULL,0,'Glancer',1,NULL,NULL,NULL,1,0,0,0,0,0,0,1),(330,1,29,4,NULL,NULL,NULL,0,'Gnat',0,NULL,NULL,NULL,1,0,0,0,0,0,0,1),(331,1,29,4,NULL,NULL,NULL,0,'Gnat',0,NULL,NULL,NULL,1,0,0,0,0,0,0,1),(332,1,29,4,NULL,NULL,NULL,0,'Gnat',1,NULL,NULL,NULL,1,0,0,0,0,0,0,1),(333,1,29,4,NULL,NULL,NULL,0,'Gnat',0,NULL,NULL,NULL,1,0,0,0,0,0,0,1),(334,1,29,4,NULL,NULL,NULL,0,'Gnat',0,NULL,NULL,NULL,1,0,0,0,0,0,0,1),(335,1,29,4,NULL,NULL,NULL,0,'Gnat',1,NULL,NULL,NULL,1,0,0,0,0,0,0,1),(336,1,29,4,NULL,NULL,NULL,0,'Gnat',0,NULL,NULL,NULL,1,0,0,0,0,0,0,1),(337,1,29,4,NULL,NULL,NULL,0,'Gnat',1,NULL,NULL,NULL,1,0,0,0,0,0,0,1),(338,1,30,4,NULL,NULL,NULL,0,'Gnawer',0,NULL,NULL,NULL,1,0,0,0,0,0,0,1),(339,1,30,4,NULL,NULL,NULL,0,'Spudder',0,NULL,NULL,NULL,1,0,0,0,0,0,0,1),(340,1,30,4,NULL,NULL,NULL,0,'Spudder',0,NULL,NULL,NULL,1,0,0,0,0,0,0,1),(341,1,30,4,NULL,NULL,NULL,0,'Glancer',1,NULL,NULL,NULL,1,0,0,0,0,0,0,1),(342,1,30,4,NULL,NULL,NULL,0,'Gnat',0,NULL,NULL,NULL,1,0,0,0,0,0,0,1),(343,1,30,4,NULL,NULL,NULL,0,'Gnat',1,NULL,NULL,NULL,1,0,0,0,0,0,0,1),(344,1,30,4,NULL,NULL,NULL,0,'Glancer',1,NULL,NULL,NULL,1,0,0,0,0,0,0,1),(345,1,30,4,NULL,NULL,NULL,0,'Glancer',1,NULL,NULL,NULL,1,0,0,0,0,0,0,1),(346,1,30,4,NULL,NULL,NULL,0,'Glancer',1,NULL,NULL,NULL,1,0,0,0,0,0,0,1),(347,1,30,4,NULL,NULL,NULL,0,'Glancer',1,NULL,NULL,NULL,1,0,0,0,0,0,0,1),(348,1,30,4,NULL,NULL,NULL,0,'Gnat',0,NULL,NULL,NULL,1,0,0,0,0,0,0,1),(349,1,30,4,NULL,NULL,NULL,0,'Gnat',0,NULL,NULL,NULL,1,0,0,0,0,0,0,1),(350,1,30,4,NULL,NULL,NULL,0,'Gnat',1,NULL,NULL,NULL,1,0,0,0,0,0,0,1),(351,1,30,4,NULL,NULL,NULL,0,'Gnat',0,NULL,NULL,NULL,1,0,0,0,0,0,0,1),(352,1,31,4,NULL,NULL,NULL,0,'Glancer',1,NULL,NULL,NULL,1,0,0,0,0,0,0,1),(353,1,31,4,NULL,NULL,NULL,0,'Glancer',1,NULL,NULL,NULL,1,0,0,0,0,0,0,1),(354,1,31,4,NULL,NULL,NULL,0,'Glancer',1,NULL,NULL,NULL,1,0,0,0,0,0,0,1),(355,1,31,4,NULL,NULL,NULL,0,'Glancer',1,NULL,NULL,NULL,1,0,0,0,0,0,0,1),(356,1,31,4,NULL,NULL,NULL,0,'Glancer',1,NULL,NULL,NULL,1,0,0,0,0,0,0,1),(357,1,31,4,NULL,NULL,NULL,0,'Gnat',0,NULL,NULL,NULL,1,0,0,0,0,0,0,1),(358,1,31,4,NULL,NULL,NULL,0,'Gnat',0,NULL,NULL,NULL,1,0,0,0,0,0,0,1),(359,1,31,4,NULL,NULL,NULL,0,'Gnat',1,NULL,NULL,NULL,1,0,0,0,0,0,0,1),(360,1,31,4,NULL,NULL,NULL,0,'Gnat',0,NULL,NULL,NULL,1,0,0,0,0,0,0,1),(361,1,31,4,NULL,NULL,NULL,0,'Gnat',0,NULL,NULL,NULL,1,0,0,0,0,0,0,1),(362,1,31,4,NULL,NULL,NULL,0,'Gnat',1,NULL,NULL,NULL,1,0,0,0,0,0,0,1),(363,1,31,4,NULL,NULL,NULL,0,'Gnat',1,NULL,NULL,NULL,1,0,0,0,0,0,0,1),(364,1,32,4,NULL,NULL,NULL,0,'Spudder',0,NULL,NULL,NULL,1,0,0,0,0,0,0,1),(365,1,32,4,NULL,NULL,NULL,0,'Glancer',1,NULL,NULL,NULL,1,0,0,0,0,0,0,1),(366,1,32,4,NULL,NULL,NULL,0,'Gnat',0,NULL,NULL,NULL,1,0,0,0,0,0,0,1),(367,1,32,4,NULL,NULL,NULL,0,'Gnat',0,NULL,NULL,NULL,1,0,0,0,0,0,0,1),(368,1,32,4,NULL,NULL,NULL,0,'Glancer',1,NULL,NULL,NULL,1,0,0,0,0,0,0,1),(369,1,32,4,NULL,NULL,NULL,0,'Glancer',1,NULL,NULL,NULL,1,0,0,0,0,0,0,1),(370,1,32,4,NULL,NULL,NULL,0,'Glancer',1,NULL,NULL,NULL,1,0,0,0,0,0,0,1),(371,1,32,4,NULL,NULL,NULL,0,'Glancer',1,NULL,NULL,NULL,1,0,0,0,0,0,0,1),(372,1,32,4,NULL,NULL,NULL,0,'Gnat',0,NULL,NULL,NULL,1,0,0,0,0,0,0,1),(373,1,32,4,NULL,NULL,NULL,0,'Gnat',0,NULL,NULL,NULL,1,0,0,0,0,0,0,1),(374,1,32,4,NULL,NULL,NULL,0,'Gnat',1,NULL,NULL,NULL,1,0,0,0,0,0,0,1),(375,1,32,4,NULL,NULL,NULL,0,'Gnat',0,NULL,NULL,NULL,1,0,0,0,0,0,0,1),(376,1,32,4,NULL,NULL,NULL,0,'Gnat',0,NULL,NULL,NULL,1,0,0,0,0,0,0,1),(377,1,32,4,NULL,NULL,NULL,0,'Gnat',1,NULL,NULL,NULL,1,0,0,0,0,0,0,1),(378,1,33,4,NULL,NULL,NULL,0,'Gnat',0,NULL,NULL,NULL,1,0,0,0,0,0,0,1),(379,1,33,4,NULL,NULL,NULL,0,'Gnat',0,NULL,NULL,NULL,1,0,0,0,0,0,0,1),(380,1,33,4,NULL,NULL,NULL,0,'Glancer',1,NULL,NULL,NULL,1,0,0,0,0,0,0,1),(381,1,33,4,NULL,NULL,NULL,0,'Glancer',1,NULL,NULL,NULL,1,0,0,0,0,0,0,1),(382,1,33,4,NULL,NULL,NULL,0,'Glancer',1,NULL,NULL,NULL,1,0,0,0,0,0,0,1),(383,1,33,4,NULL,NULL,NULL,0,'Gnat',0,NULL,NULL,NULL,1,0,0,0,0,0,0,1),(384,1,33,4,NULL,NULL,NULL,0,'Gnat',0,NULL,NULL,NULL,1,0,0,0,0,0,0,1),(385,1,33,4,NULL,NULL,NULL,0,'Gnat',1,NULL,NULL,NULL,1,0,0,0,0,0,0,1),(386,1,33,4,NULL,NULL,NULL,0,'Gnat',0,NULL,NULL,NULL,1,0,0,0,0,0,0,1),(387,1,33,4,NULL,NULL,NULL,0,'Gnat',1,NULL,NULL,NULL,1,0,0,0,0,0,0,1),(388,1,33,4,NULL,NULL,NULL,0,'Gnat',1,NULL,NULL,NULL,1,0,0,0,0,0,0,1),(389,1,34,4,NULL,NULL,NULL,0,'Gnat',0,NULL,NULL,NULL,1,0,0,0,0,0,0,1),(390,1,34,4,NULL,NULL,NULL,0,'Gnat',0,NULL,NULL,NULL,1,0,0,0,0,0,0,1),(391,1,34,4,NULL,NULL,NULL,0,'Gnat',1,NULL,NULL,NULL,1,0,0,0,0,0,0,1),(392,1,35,4,NULL,NULL,NULL,0,'Gnat',0,NULL,NULL,NULL,1,0,0,0,0,0,0,1),(393,1,35,4,NULL,NULL,NULL,0,'Gnat',0,NULL,NULL,NULL,1,0,0,0,0,0,0,1),(394,1,35,4,NULL,NULL,NULL,0,'Gnat',1,NULL,NULL,NULL,1,0,0,0,0,0,0,1),(395,1,35,4,NULL,NULL,NULL,0,'Gnat',1,NULL,NULL,NULL,1,0,0,0,0,0,0,1),(396,1,36,4,NULL,NULL,NULL,0,'Gnat',0,NULL,NULL,NULL,1,0,0,0,0,0,0,1),(397,1,36,4,NULL,NULL,NULL,0,'Gnat',0,NULL,NULL,NULL,1,0,0,0,0,0,0,1),(398,1,36,4,NULL,NULL,NULL,0,'Gnat',1,NULL,NULL,NULL,1,0,0,0,0,0,0,1),(399,1,36,4,NULL,NULL,NULL,0,'Gnat',0,NULL,NULL,NULL,1,0,0,0,0,0,0,1),(400,1,36,4,NULL,NULL,NULL,0,'Gnat',1,NULL,NULL,NULL,1,0,0,0,0,0,0,1),(401,1,5,1,NULL,NULL,NULL,0,'Demosis',0,1,315,NULL,1,0,0,0,0,0,0,1),(402,1,5,1,NULL,NULL,NULL,0,'Thor',1,1,315,NULL,1,0,0,0,0,0,0,1),(403,1,5,1,NULL,NULL,NULL,0,'Thor',1,1,315,NULL,1,0,0,0,0,0,0,1),(404,1,5,1,NULL,NULL,NULL,0,'Thor',0,1,315,NULL,1,0,0,0,0,0,0,1),(405,1,5,1,NULL,NULL,NULL,0,'Dirac',1,1,315,NULL,1,0,0,0,0,0,0,1),(406,1,5,1,NULL,NULL,NULL,0,'Dirac',0,1,315,NULL,1,0,0,0,0,0,0,1),(407,1,5,1,NULL,NULL,NULL,0,'Thor',0,1,0,NULL,1,0,0,0,0,0,0,1),(408,1,5,1,NULL,NULL,NULL,0,'Thor',0,1,0,NULL,1,0,0,0,0,0,0,1),(409,1,5,1,NULL,NULL,NULL,0,'Thor',1,1,0,NULL,1,0,0,0,0,0,0,1),(410,1,5,1,NULL,NULL,NULL,0,'Thor',0,1,0,NULL,1,0,0,0,0,0,0,1),(411,1,5,1,NULL,NULL,NULL,0,'Dirac',1,1,0,NULL,1,0,0,0,0,0,0,1),(412,1,5,1,NULL,NULL,NULL,0,'Dirac',1,1,0,NULL,1,0,0,0,0,0,0,1),(413,1,5,1,NULL,NULL,NULL,0,'Dirac',1,1,0,NULL,1,0,0,0,0,0,0,1),(414,1,5,1,NULL,NULL,NULL,0,'Dirac',1,1,0,NULL,1,0,0,0,0,0,0,1),(415,1,5,1,NULL,NULL,NULL,0,'Dirac',1,1,0,NULL,1,0,0,0,0,0,0,1),(416,1,5,1,NULL,NULL,NULL,0,'Dirac',0,1,0,NULL,1,0,0,0,0,0,0,1),(417,1,5,1,NULL,NULL,NULL,0,'Dirac',0,1,0,NULL,1,0,0,0,0,0,0,1),(418,1,5,1,NULL,NULL,NULL,0,'Demosis',0,3,112,NULL,1,0,0,0,0,0,0,1),(419,1,5,1,NULL,NULL,NULL,0,'Demosis',0,3,112,NULL,1,0,0,0,0,0,0,1),(420,1,5,1,NULL,NULL,NULL,0,'Thor',0,3,112,NULL,1,0,0,0,0,0,0,1),(421,1,5,1,NULL,NULL,NULL,0,'Thor',0,3,112,NULL,1,0,0,0,0,0,0,1),(422,1,5,1,NULL,NULL,NULL,0,'Thor',0,3,112,NULL,1,0,0,0,0,0,0,1),(423,1,5,1,NULL,NULL,NULL,0,'Thor',0,3,112,NULL,1,0,0,0,0,0,0,1),(424,1,5,1,NULL,NULL,NULL,0,'Thor',1,3,112,NULL,1,0,0,0,0,0,0,1),(425,1,5,1,NULL,NULL,NULL,0,'Dirac',0,3,112,NULL,1,0,0,0,0,0,0,1),(426,1,5,1,NULL,NULL,NULL,0,'Dirac',1,3,112,NULL,1,0,0,0,0,0,0,1),(427,1,5,1,NULL,NULL,NULL,0,'Dirac',0,3,112,NULL,1,0,0,0,0,0,0,1),(428,1,5,1,NULL,NULL,NULL,0,'Dirac',1,3,112,NULL,1,0,0,0,0,0,0,1),(429,1,5,1,NULL,NULL,NULL,0,'Dirac',1,3,112,NULL,1,0,0,0,0,0,0,1),(430,1,5,1,NULL,NULL,NULL,0,'Dirac',0,3,112,NULL,1,0,0,0,0,0,0,1),(431,1,5,1,NULL,NULL,NULL,0,'Dirac',0,3,112,NULL,1,0,0,0,0,0,0,1),(432,1,5,1,NULL,NULL,NULL,0,'Dirac',1,3,112,NULL,1,0,0,0,0,0,0,1),(433,1,5,1,NULL,NULL,NULL,0,'Demosis',0,2,30,NULL,1,0,0,0,0,0,0,1),(434,1,5,1,NULL,NULL,NULL,0,'Demosis',0,2,30,NULL,1,0,0,0,0,0,0,1),(435,1,5,1,NULL,NULL,NULL,0,'Thor',0,2,30,NULL,1,0,0,0,0,0,0,1),(436,1,5,1,NULL,NULL,NULL,0,'Thor',1,2,30,NULL,1,0,0,0,0,0,0,1),(437,1,5,1,NULL,NULL,NULL,0,'Thor',0,2,30,NULL,1,0,0,0,0,0,0,1),(438,1,5,1,NULL,NULL,NULL,0,'Thor',1,2,30,NULL,1,0,0,0,0,0,0,1),(439,1,5,1,NULL,NULL,NULL,0,'Thor',1,2,30,NULL,1,0,0,0,0,0,0,1),(440,1,5,1,NULL,NULL,NULL,0,'Thor',1,2,30,NULL,1,0,0,0,0,0,0,1),(441,1,5,1,NULL,NULL,NULL,0,'Dirac',0,2,30,NULL,1,0,0,0,0,0,0,1),(442,1,5,1,NULL,NULL,NULL,0,'Dirac',1,2,30,NULL,1,0,0,0,0,0,0,1),(443,1,5,1,NULL,NULL,NULL,0,'Dirac',0,2,30,NULL,1,0,0,0,0,0,0,1),(444,1,5,1,NULL,NULL,NULL,0,'Dirac',0,2,30,NULL,1,0,0,0,0,0,0,1),(445,1,5,1,NULL,NULL,NULL,0,'Dirac',0,2,30,NULL,1,0,0,0,0,0,0,1),(446,1,5,1,NULL,NULL,NULL,0,'Thor',0,0,270,NULL,1,0,0,0,0,0,0,1),(447,1,5,1,NULL,NULL,NULL,0,'Dirac',0,0,270,NULL,1,0,0,0,0,0,0,1),(448,1,5,1,NULL,NULL,NULL,0,'Dirac',1,0,270,NULL,1,0,0,0,0,0,0,1),(449,1,5,1,NULL,NULL,NULL,0,'Dirac',1,0,270,NULL,1,0,0,0,0,0,0,1),(450,1,5,1,NULL,NULL,NULL,0,'Dirac',1,0,270,NULL,1,0,0,0,0,0,0,1),(451,1,5,1,NULL,NULL,NULL,0,'Demosis',0,0,180,NULL,1,0,0,0,0,0,0,1),(452,1,5,1,NULL,NULL,NULL,0,'Thor',1,0,180,NULL,1,0,0,0,0,0,0,1),(453,1,5,1,NULL,NULL,NULL,0,'Thor',1,0,180,NULL,1,0,0,0,0,0,0,1),(454,1,5,1,NULL,NULL,NULL,0,'Dirac',0,0,180,NULL,1,0,0,0,0,0,0,1),(455,1,5,1,NULL,NULL,NULL,0,'Dirac',1,0,180,NULL,1,0,0,0,0,0,0,1),(456,1,5,1,NULL,NULL,NULL,0,'Dirac',0,0,180,NULL,1,0,0,0,0,0,0,1),(457,1,5,1,NULL,NULL,NULL,0,'Dirac',0,0,180,NULL,1,0,0,0,0,0,0,1),(458,1,5,1,NULL,NULL,NULL,0,'Dirac',1,0,180,NULL,1,0,0,0,0,0,0,1),(459,1,5,1,NULL,NULL,NULL,0,'Demosis',0,0,0,NULL,1,0,0,0,0,0,0,1),(460,1,5,1,NULL,NULL,NULL,0,'Thor',0,0,0,NULL,1,0,0,0,0,0,0,1),(461,1,5,1,NULL,NULL,NULL,0,'Dirac',1,0,0,NULL,1,0,0,0,0,0,0,1),(462,1,5,1,NULL,NULL,NULL,0,'Dirac',0,0,0,NULL,1,0,0,0,0,0,0,1),(463,1,5,1,NULL,NULL,NULL,0,'Dirac',0,0,0,NULL,1,0,0,0,0,0,0,1),(464,1,5,1,NULL,NULL,NULL,0,'Dirac',0,0,0,NULL,1,0,0,0,0,0,0,1),(465,1,8,1,NULL,NULL,NULL,0,'Thor',0,1,225,NULL,1,0,0,0,0,0,0,1),(466,1,8,1,NULL,NULL,NULL,0,'Dirac',1,1,225,NULL,1,0,0,0,0,0,0,1),(467,1,8,1,NULL,NULL,NULL,0,'Dirac',1,1,225,NULL,1,0,0,0,0,0,0,1),(468,1,8,1,NULL,NULL,NULL,0,'Dirac',1,1,225,NULL,1,0,0,0,0,0,0,1),(469,1,8,1,NULL,NULL,NULL,0,'Dirac',1,1,225,NULL,1,0,0,0,0,0,0,1),(470,1,8,1,NULL,NULL,NULL,0,'Thor',0,1,180,NULL,1,0,0,0,0,0,0,1),(471,1,8,1,NULL,NULL,NULL,0,'Thor',0,1,180,NULL,1,0,0,0,0,0,0,1),(472,1,8,1,NULL,NULL,NULL,0,'Thor',0,1,180,NULL,1,0,0,0,0,0,0,1),(473,1,8,1,NULL,NULL,NULL,0,'Dirac',1,1,180,NULL,1,0,0,0,0,0,0,1),(474,1,8,1,NULL,NULL,NULL,0,'Dirac',1,1,180,NULL,1,0,0,0,0,0,0,1),(475,1,8,1,NULL,NULL,NULL,0,'Dirac',1,1,180,NULL,1,0,0,0,0,0,0,1),(476,1,8,1,NULL,NULL,NULL,0,'Dirac',1,1,180,NULL,1,0,0,0,0,0,0,1),(477,1,8,1,NULL,NULL,NULL,0,'Dirac',1,1,180,NULL,1,0,0,0,0,0,0,1),(478,1,8,1,NULL,NULL,NULL,0,'Dirac',1,1,180,NULL,1,0,0,0,0,0,0,1),(479,1,8,1,NULL,NULL,NULL,0,'Thor',0,2,210,NULL,1,0,0,0,0,0,0,1),(480,1,8,1,NULL,NULL,NULL,0,'Thor',0,2,210,NULL,1,0,0,0,0,0,0,1),(481,1,8,1,NULL,NULL,NULL,0,'Thor',0,2,210,NULL,1,0,0,0,0,0,0,1),(482,1,8,1,NULL,NULL,NULL,0,'Dirac',1,2,210,NULL,1,0,0,0,0,0,0,1),(483,1,8,1,NULL,NULL,NULL,0,'Dirac',1,2,210,NULL,1,0,0,0,0,0,0,1),(484,1,8,1,NULL,NULL,NULL,0,'Dirac',1,2,210,NULL,1,0,0,0,0,0,0,1),(485,1,8,1,NULL,NULL,NULL,0,'Dirac',1,2,210,NULL,1,0,0,0,0,0,0,1),(486,1,8,1,NULL,NULL,NULL,0,'Dirac',1,2,210,NULL,1,0,0,0,0,0,0,1),(487,1,8,1,NULL,NULL,NULL,0,'Dirac',1,2,210,NULL,1,0,0,0,0,0,0,1),(488,1,8,1,NULL,NULL,NULL,0,'Demosis',0,3,156,NULL,1,0,0,0,0,0,0,1),(489,1,8,1,NULL,NULL,NULL,0,'Thor',0,3,156,NULL,1,0,0,0,0,0,0,1),(490,1,8,1,NULL,NULL,NULL,0,'Thor',0,3,156,NULL,1,0,0,0,0,0,0,1),(491,1,8,1,NULL,NULL,NULL,0,'Thor',0,3,156,NULL,1,0,0,0,0,0,0,1),(492,1,8,1,NULL,NULL,NULL,0,'Dirac',1,3,156,NULL,1,0,0,0,0,0,0,1),(493,1,8,1,NULL,NULL,NULL,0,'Dirac',1,3,156,NULL,1,0,0,0,0,0,0,1),(494,1,8,1,NULL,NULL,NULL,0,'Dirac',1,3,156,NULL,1,0,0,0,0,0,0,1),(495,1,8,1,NULL,NULL,NULL,0,'Dirac',1,3,156,NULL,1,0,0,0,0,0,0,1),(496,1,8,1,NULL,NULL,NULL,0,'Dirac',1,3,156,NULL,1,0,0,0,0,0,0,1),(497,1,8,1,NULL,NULL,NULL,0,'Dirac',1,3,156,NULL,1,0,0,0,0,0,0,1),(498,1,8,1,NULL,NULL,NULL,0,'Dirac',1,3,156,NULL,1,0,0,0,0,0,0,1),(499,1,8,1,NULL,NULL,NULL,0,'Dirac',1,3,156,NULL,1,0,0,0,0,0,0,1),(500,1,8,1,NULL,NULL,NULL,0,'Dirac',0,1,0,NULL,1,0,0,0,0,0,0,1),(501,1,8,1,NULL,NULL,NULL,0,'Dirac',0,1,0,NULL,1,0,0,0,0,0,0,1),(502,1,8,1,NULL,NULL,NULL,0,'Dirac',0,1,0,NULL,1,0,0,0,0,0,0,1),(503,1,8,1,NULL,NULL,NULL,0,'Dirac',0,1,0,NULL,1,0,0,0,0,0,0,1),(504,1,37,4,NULL,NULL,NULL,0,'Glancer',1,NULL,NULL,NULL,1,0,0,0,0,0,0,1),(505,1,37,4,NULL,NULL,NULL,0,'Gnat',0,NULL,NULL,NULL,1,0,0,0,0,0,0,1),(506,1,37,4,NULL,NULL,NULL,0,'Gnat',0,NULL,NULL,NULL,1,0,0,0,0,0,0,1),(507,1,37,4,NULL,NULL,NULL,0,'Gnat',1,NULL,NULL,NULL,1,0,0,0,0,0,0,1),(508,1,37,4,NULL,NULL,NULL,0,'Gnat',0,NULL,NULL,NULL,1,0,0,0,0,0,0,1),(509,1,38,4,NULL,NULL,NULL,0,'Glancer',1,NULL,NULL,NULL,1,0,0,0,0,0,0,1),(510,1,38,4,NULL,NULL,NULL,0,'Glancer',1,NULL,NULL,NULL,1,0,0,0,0,0,0,1),(511,1,38,4,NULL,NULL,NULL,0,'Gnat',0,NULL,NULL,NULL,1,0,0,0,0,0,0,1),(512,1,38,4,NULL,NULL,NULL,0,'Gnat',0,NULL,NULL,NULL,1,0,0,0,0,0,0,1),(513,1,38,4,NULL,NULL,NULL,0,'Gnat',1,NULL,NULL,NULL,1,0,0,0,0,0,0,1),(514,1,38,4,NULL,NULL,NULL,0,'Gnat',0,NULL,NULL,NULL,1,0,0,0,0,0,0,1),(515,1,38,4,NULL,NULL,NULL,0,'Gnat',0,NULL,NULL,NULL,1,0,0,0,0,0,0,1),(516,1,38,4,NULL,NULL,NULL,0,'Gnat',1,NULL,NULL,NULL,1,0,0,0,0,0,0,1),(517,1,39,4,NULL,NULL,NULL,0,'Glancer',1,NULL,NULL,NULL,1,0,0,0,0,0,0,1),(518,1,39,4,NULL,NULL,NULL,0,'Glancer',1,NULL,NULL,NULL,1,0,0,0,0,0,0,1),(519,1,39,4,NULL,NULL,NULL,0,'Gnat',0,NULL,NULL,NULL,1,0,0,0,0,0,0,1),(520,1,39,4,NULL,NULL,NULL,0,'Gnat',0,NULL,NULL,NULL,1,0,0,0,0,0,0,1),(521,1,39,4,NULL,NULL,NULL,0,'Gnat',1,NULL,NULL,NULL,1,0,0,0,0,0,0,1),(522,1,39,4,NULL,NULL,NULL,0,'Gnat',0,NULL,NULL,NULL,1,0,0,0,0,0,0,1),(523,1,40,4,NULL,NULL,NULL,0,'Gnawer',0,NULL,NULL,NULL,1,0,0,0,0,0,0,1),(524,1,40,4,NULL,NULL,NULL,0,'Spudder',1,NULL,NULL,NULL,1,0,0,0,0,0,0,1),(525,1,40,4,NULL,NULL,NULL,0,'Spudder',0,NULL,NULL,NULL,1,0,0,0,0,0,0,1),(526,1,40,4,NULL,NULL,NULL,0,'Spudder',1,NULL,NULL,NULL,1,0,0,0,0,0,0,1),(527,1,40,4,NULL,NULL,NULL,0,'Spudder',0,NULL,NULL,NULL,1,0,0,0,0,0,0,1),(528,1,40,4,NULL,NULL,NULL,0,'Glancer',1,NULL,NULL,NULL,1,0,0,0,0,0,0,1),(529,1,40,4,NULL,NULL,NULL,0,'Gnat',0,NULL,NULL,NULL,1,0,0,0,0,0,0,1),(530,1,40,4,NULL,NULL,NULL,0,'Gnat',0,NULL,NULL,NULL,1,0,0,0,0,0,0,1),(531,1,40,4,NULL,NULL,NULL,0,'Glancer',1,NULL,NULL,NULL,1,0,0,0,0,0,0,1),(532,1,40,4,NULL,NULL,NULL,0,'Glancer',1,NULL,NULL,NULL,1,0,0,0,0,0,0,1),(533,1,40,4,NULL,NULL,NULL,0,'Glancer',1,NULL,NULL,NULL,1,0,0,0,0,0,0,1),(534,1,40,4,NULL,NULL,NULL,0,'Gnat',0,NULL,NULL,NULL,1,0,0,0,0,0,0,1),(535,1,40,4,NULL,NULL,NULL,0,'Gnat',0,NULL,NULL,NULL,1,0,0,0,0,0,0,1),(536,1,40,4,NULL,NULL,NULL,0,'Gnat',1,NULL,NULL,NULL,1,0,0,0,0,0,0,1),(537,1,40,4,NULL,NULL,NULL,0,'Gnat',0,NULL,NULL,NULL,1,0,0,0,0,0,0,1),(538,1,41,4,NULL,NULL,NULL,0,'Gnawer',0,NULL,NULL,NULL,1,0,0,0,0,0,0,1),(539,1,41,4,NULL,NULL,NULL,0,'Spudder',0,NULL,NULL,NULL,1,0,0,0,0,0,0,1),(540,1,41,4,NULL,NULL,NULL,0,'Spudder',0,NULL,NULL,NULL,1,0,0,0,0,0,0,1),(541,1,41,4,NULL,NULL,NULL,0,'Spudder',1,NULL,NULL,NULL,1,0,0,0,0,0,0,1),(542,1,41,4,NULL,NULL,NULL,0,'Spudder',0,NULL,NULL,NULL,1,0,0,0,0,0,0,1),(543,1,41,4,NULL,NULL,NULL,0,'Spudder',1,NULL,NULL,NULL,1,0,0,0,0,0,0,1),(544,1,41,4,NULL,NULL,NULL,0,'Spudder',0,NULL,NULL,NULL,1,0,0,0,0,0,0,1),(545,1,41,4,NULL,NULL,NULL,0,'Glancer',1,NULL,NULL,NULL,1,0,0,0,0,0,0,1),(546,1,41,4,NULL,NULL,NULL,0,'Gnat',0,NULL,NULL,NULL,1,0,0,0,0,0,0,1),(547,1,41,4,NULL,NULL,NULL,0,'Gnat',0,NULL,NULL,NULL,1,0,0,0,0,0,0,1),(548,1,41,4,NULL,NULL,NULL,0,'Glancer',1,NULL,NULL,NULL,1,0,0,0,0,0,0,1),(549,1,41,4,NULL,NULL,NULL,0,'Glancer',1,NULL,NULL,NULL,1,0,0,0,0,0,0,1),(550,1,41,4,NULL,NULL,NULL,0,'Glancer',1,NULL,NULL,NULL,1,0,0,0,0,0,0,1),(551,1,41,4,NULL,NULL,NULL,0,'Glancer',1,NULL,NULL,NULL,1,0,0,0,0,0,0,1),(552,1,41,4,NULL,NULL,NULL,0,'Gnat',0,NULL,NULL,NULL,1,0,0,0,0,0,0,1),(553,1,41,4,NULL,NULL,NULL,0,'Gnat',0,NULL,NULL,NULL,1,0,0,0,0,0,0,1),(554,1,41,4,NULL,NULL,NULL,0,'Gnat',1,NULL,NULL,NULL,1,0,0,0,0,0,0,1),(555,1,42,4,NULL,NULL,NULL,0,'Spudder',1,NULL,NULL,NULL,1,0,0,0,0,0,0,1),(556,1,42,4,NULL,NULL,NULL,0,'Spudder',0,NULL,NULL,NULL,1,0,0,0,0,0,0,1),(557,1,42,4,NULL,NULL,NULL,0,'Glancer',1,NULL,NULL,NULL,1,0,0,0,0,0,0,1),(558,1,42,4,NULL,NULL,NULL,0,'Gnat',0,NULL,NULL,NULL,1,0,0,0,0,0,0,1),(559,1,42,4,NULL,NULL,NULL,0,'Glancer',1,NULL,NULL,NULL,1,0,0,0,0,0,0,1),(560,1,42,4,NULL,NULL,NULL,0,'Glancer',1,NULL,NULL,NULL,1,0,0,0,0,0,0,1),(561,1,42,4,NULL,NULL,NULL,0,'Glancer',1,NULL,NULL,NULL,1,0,0,0,0,0,0,1),(562,1,42,4,NULL,NULL,NULL,0,'Glancer',1,NULL,NULL,NULL,1,0,0,0,0,0,0,1),(563,1,42,4,NULL,NULL,NULL,0,'Gnat',0,NULL,NULL,NULL,1,0,0,0,0,0,0,1),(564,1,42,4,NULL,NULL,NULL,0,'Gnat',0,NULL,NULL,NULL,1,0,0,0,0,0,0,1),(565,1,42,4,NULL,NULL,NULL,0,'Gnat',1,NULL,NULL,NULL,1,0,0,0,0,0,0,1),(566,1,42,4,NULL,NULL,NULL,0,'Gnat',1,NULL,NULL,NULL,1,0,0,0,0,0,0,1),(567,1,43,4,NULL,NULL,NULL,0,'Spudder',0,NULL,NULL,NULL,1,0,0,0,0,0,0,1),(568,1,43,4,NULL,NULL,NULL,0,'Spudder',0,NULL,NULL,NULL,1,0,0,0,0,0,0,1),(569,1,43,4,NULL,NULL,NULL,0,'Glancer',1,NULL,NULL,NULL,1,0,0,0,0,0,0,1),(570,1,43,4,NULL,NULL,NULL,0,'Gnat',0,NULL,NULL,NULL,1,0,0,0,0,0,0,1),(571,1,43,4,NULL,NULL,NULL,0,'Glancer',1,NULL,NULL,NULL,1,0,0,0,0,0,0,1),(572,1,43,4,NULL,NULL,NULL,0,'Glancer',1,NULL,NULL,NULL,1,0,0,0,0,0,0,1),(573,1,43,4,NULL,NULL,NULL,0,'Glancer',1,NULL,NULL,NULL,1,0,0,0,0,0,0,1),(574,1,43,4,NULL,NULL,NULL,0,'Glancer',1,NULL,NULL,NULL,1,0,0,0,0,0,0,1),(575,1,43,4,NULL,NULL,NULL,0,'Gnat',0,NULL,NULL,NULL,1,0,0,0,0,0,0,1),(576,1,43,4,NULL,NULL,NULL,0,'Gnat',0,NULL,NULL,NULL,1,0,0,0,0,0,0,1),(577,1,43,4,NULL,NULL,NULL,0,'Gnat',1,NULL,NULL,NULL,1,0,0,0,0,0,0,1),(578,1,43,4,NULL,NULL,NULL,0,'Gnat',0,NULL,NULL,NULL,1,0,0,0,0,0,0,1),(579,1,43,4,NULL,NULL,NULL,0,'Gnat',1,NULL,NULL,NULL,1,0,0,0,0,0,0,1),(580,1,43,4,NULL,NULL,NULL,0,'Gnat',1,NULL,NULL,NULL,1,0,0,0,0,0,0,1),(581,1,44,4,NULL,NULL,NULL,0,'Spudder',0,NULL,NULL,NULL,1,0,0,0,0,0,0,1),(582,1,44,4,NULL,NULL,NULL,0,'Spudder',0,NULL,NULL,NULL,1,0,0,0,0,0,0,1),(583,1,44,4,NULL,NULL,NULL,0,'Glancer',1,NULL,NULL,NULL,1,0,0,0,0,0,0,1),(584,1,44,4,NULL,NULL,NULL,0,'Gnat',0,NULL,NULL,NULL,1,0,0,0,0,0,0,1),(585,1,44,4,NULL,NULL,NULL,0,'Glancer',1,NULL,NULL,NULL,1,0,0,0,0,0,0,1),(586,1,44,4,NULL,NULL,NULL,0,'Glancer',1,NULL,NULL,NULL,1,0,0,0,0,0,0,1),(587,1,44,4,NULL,NULL,NULL,0,'Glancer',1,NULL,NULL,NULL,1,0,0,0,0,0,0,1),(588,1,44,4,NULL,NULL,NULL,0,'Glancer',1,NULL,NULL,NULL,1,0,0,0,0,0,0,1),(589,1,44,4,NULL,NULL,NULL,0,'Gnat',0,NULL,NULL,NULL,1,0,0,0,0,0,0,1),(590,1,44,4,NULL,NULL,NULL,0,'Gnat',0,NULL,NULL,NULL,1,0,0,0,0,0,0,1),(591,1,44,4,NULL,NULL,NULL,0,'Gnat',1,NULL,NULL,NULL,1,0,0,0,0,0,0,1),(592,1,44,4,NULL,NULL,NULL,0,'Gnat',0,NULL,NULL,NULL,1,0,0,0,0,0,0,1),(593,1,45,4,NULL,NULL,NULL,0,'Spudder',1,NULL,NULL,NULL,1,0,0,0,0,0,0,1),(594,1,45,4,NULL,NULL,NULL,0,'Spudder',0,NULL,NULL,NULL,1,0,0,0,0,0,0,1),(595,1,45,4,NULL,NULL,NULL,0,'Glancer',1,NULL,NULL,NULL,1,0,0,0,0,0,0,1),(596,1,45,4,NULL,NULL,NULL,0,'Gnat',0,NULL,NULL,NULL,1,0,0,0,0,0,0,1),(597,1,45,4,NULL,NULL,NULL,0,'Glancer',1,NULL,NULL,NULL,1,0,0,0,0,0,0,1),(598,1,45,4,NULL,NULL,NULL,0,'Glancer',1,NULL,NULL,NULL,1,0,0,0,0,0,0,1),(599,1,45,4,NULL,NULL,NULL,0,'Glancer',1,NULL,NULL,NULL,1,0,0,0,0,0,0,1),(600,1,45,4,NULL,NULL,NULL,0,'Gnat',0,NULL,NULL,NULL,1,0,0,0,0,0,0,1),(601,1,45,4,NULL,NULL,NULL,0,'Gnat',0,NULL,NULL,NULL,1,0,0,0,0,0,0,1),(602,1,45,4,NULL,NULL,NULL,0,'Gnat',1,NULL,NULL,NULL,1,0,0,0,0,0,0,1),(603,1,45,4,NULL,NULL,NULL,0,'Gnat',1,NULL,NULL,NULL,1,0,0,0,0,0,0,1),(604,1,46,4,NULL,NULL,NULL,0,'Gnawer',0,NULL,NULL,NULL,1,0,0,0,0,0,0,1),(605,1,46,4,NULL,NULL,NULL,0,'Gnawer',0,NULL,NULL,NULL,1,0,0,0,0,0,0,1),(606,1,46,4,NULL,NULL,NULL,0,'Gnawer',0,NULL,NULL,NULL,1,0,0,0,0,0,0,1),(607,1,46,4,NULL,NULL,NULL,0,'Gnawer',0,NULL,NULL,NULL,1,0,0,0,0,0,0,1),(608,1,46,4,NULL,NULL,NULL,0,'Spudder',1,NULL,NULL,NULL,1,0,0,0,0,0,0,1),(609,1,46,4,NULL,NULL,NULL,0,'Spudder',0,NULL,NULL,NULL,1,0,0,0,0,0,0,1),(610,1,46,4,NULL,NULL,NULL,0,'Spudder',0,NULL,NULL,NULL,1,0,0,0,0,0,0,1),(611,1,46,4,NULL,NULL,NULL,0,'Glancer',1,NULL,NULL,NULL,1,0,0,0,0,0,0,1),(612,1,46,4,NULL,NULL,NULL,0,'Gnat',0,NULL,NULL,NULL,1,0,0,0,0,0,0,1),(613,1,46,4,NULL,NULL,NULL,0,'Gnat',0,NULL,NULL,NULL,1,0,0,0,0,0,0,1),(614,1,46,4,NULL,NULL,NULL,0,'Glancer',1,NULL,NULL,NULL,1,0,0,0,0,0,0,1),(615,1,46,4,NULL,NULL,NULL,0,'Glancer',1,NULL,NULL,NULL,1,0,0,0,0,0,0,1),(616,1,46,4,NULL,NULL,NULL,0,'Glancer',1,NULL,NULL,NULL,1,0,0,0,0,0,0,1),(617,1,46,4,NULL,NULL,NULL,0,'Gnat',0,NULL,NULL,NULL,1,0,0,0,0,0,0,1),(618,1,46,4,NULL,NULL,NULL,0,'Gnat',0,NULL,NULL,NULL,1,0,0,0,0,0,0,1),(619,1,46,4,NULL,NULL,NULL,0,'Gnat',1,NULL,NULL,NULL,1,0,0,0,0,0,0,1),(620,1,46,4,NULL,NULL,NULL,0,'Gnat',1,NULL,NULL,NULL,1,0,0,0,0,0,0,1),(621,1,46,4,NULL,NULL,NULL,0,'Gnat',1,NULL,NULL,NULL,1,0,0,0,0,0,0,1),(622,1,47,4,NULL,NULL,NULL,0,'Gnawer',0,NULL,NULL,NULL,1,0,0,0,0,0,0,1),(623,1,47,4,NULL,NULL,NULL,0,'Gnawer',0,NULL,NULL,NULL,1,0,0,0,0,0,0,1),(624,1,47,4,NULL,NULL,NULL,0,'Gnawer',0,NULL,NULL,NULL,1,0,0,0,0,0,0,1),(625,1,47,4,NULL,NULL,NULL,0,'Spudder',0,NULL,NULL,NULL,1,0,0,0,0,0,0,1),(626,1,47,4,NULL,NULL,NULL,0,'Spudder',1,NULL,NULL,NULL,1,0,0,0,0,0,0,1),(627,1,47,4,NULL,NULL,NULL,0,'Spudder',0,NULL,NULL,NULL,1,0,0,0,0,0,0,1),(628,1,47,4,NULL,NULL,NULL,0,'Glancer',1,NULL,NULL,NULL,1,0,0,0,0,0,0,1),(629,1,47,4,NULL,NULL,NULL,0,'Gnat',0,NULL,NULL,NULL,1,0,0,0,0,0,0,1),(630,1,47,4,NULL,NULL,NULL,0,'Gnat',0,NULL,NULL,NULL,1,0,0,0,0,0,0,1),(631,1,47,4,NULL,NULL,NULL,0,'Glancer',1,NULL,NULL,NULL,1,0,0,0,0,0,0,1),(632,1,47,4,NULL,NULL,NULL,0,'Glancer',1,NULL,NULL,NULL,1,0,0,0,0,0,0,1),(633,1,47,4,NULL,NULL,NULL,0,'Glancer',1,NULL,NULL,NULL,1,0,0,0,0,0,0,1),(634,1,47,4,NULL,NULL,NULL,0,'Glancer',1,NULL,NULL,NULL,1,0,0,0,0,0,0,1),(635,1,47,4,NULL,NULL,NULL,0,'Glancer',1,NULL,NULL,NULL,1,0,0,0,0,0,0,1),(636,1,47,4,NULL,NULL,NULL,0,'Gnat',0,NULL,NULL,NULL,1,0,0,0,0,0,0,1),(637,1,47,4,NULL,NULL,NULL,0,'Gnat',0,NULL,NULL,NULL,1,0,0,0,0,0,0,1),(638,1,47,4,NULL,NULL,NULL,0,'Gnat',1,NULL,NULL,NULL,1,0,0,0,0,0,0,1),(639,1,48,4,NULL,NULL,NULL,0,'Gnawer',0,NULL,NULL,NULL,1,0,0,0,0,0,0,1),(640,1,48,4,NULL,NULL,NULL,0,'Gnawer',0,NULL,NULL,NULL,1,0,0,0,0,0,0,1),(641,1,48,4,NULL,NULL,NULL,0,'Spudder',0,NULL,NULL,NULL,1,0,0,0,0,0,0,1),(642,1,48,4,NULL,NULL,NULL,0,'Spudder',1,NULL,NULL,NULL,1,0,0,0,0,0,0,1),(643,1,48,4,NULL,NULL,NULL,0,'Spudder',0,NULL,NULL,NULL,1,0,0,0,0,0,0,1),(644,1,48,4,NULL,NULL,NULL,0,'Gnat',0,NULL,NULL,NULL,1,0,0,0,0,0,0,1),(645,1,48,4,NULL,NULL,NULL,0,'Gnat',0,NULL,NULL,NULL,1,0,0,0,0,0,0,1),(646,1,48,4,NULL,NULL,NULL,0,'Glancer',1,NULL,NULL,NULL,1,0,0,0,0,0,0,1),(647,1,48,4,NULL,NULL,NULL,0,'Glancer',1,NULL,NULL,NULL,1,0,0,0,0,0,0,1),(648,1,48,4,NULL,NULL,NULL,0,'Glancer',1,NULL,NULL,NULL,1,0,0,0,0,0,0,1),(649,1,48,4,NULL,NULL,NULL,0,'Glancer',1,NULL,NULL,NULL,1,0,0,0,0,0,0,1),(650,1,48,4,NULL,NULL,NULL,0,'Gnat',0,NULL,NULL,NULL,1,0,0,0,0,0,0,1),(651,1,48,4,NULL,NULL,NULL,0,'Gnat',0,NULL,NULL,NULL,1,0,0,0,0,0,0,1),(652,1,48,4,NULL,NULL,NULL,0,'Gnat',1,NULL,NULL,NULL,1,0,0,0,0,0,0,1),(653,1,48,4,NULL,NULL,NULL,0,'Gnat',0,NULL,NULL,NULL,1,0,0,0,0,0,0,1),(654,1,48,4,NULL,NULL,NULL,0,'Gnat',1,NULL,NULL,NULL,1,0,0,0,0,0,0,1),(655,1,49,4,NULL,NULL,NULL,0,'Gnawer',0,NULL,NULL,NULL,1,0,0,0,0,0,0,1),(656,1,49,4,NULL,NULL,NULL,0,'Gnawer',0,NULL,NULL,NULL,1,0,0,0,0,0,0,1),(657,1,49,4,NULL,NULL,NULL,0,'Spudder',0,NULL,NULL,NULL,1,0,0,0,0,0,0,1),(658,1,49,4,NULL,NULL,NULL,0,'Spudder',0,NULL,NULL,NULL,1,0,0,0,0,0,0,1),(659,1,49,4,NULL,NULL,NULL,0,'Spudder',0,NULL,NULL,NULL,1,0,0,0,0,0,0,1),(660,1,49,4,NULL,NULL,NULL,0,'Glancer',1,NULL,NULL,NULL,1,0,0,0,0,0,0,1),(661,1,49,4,NULL,NULL,NULL,0,'Gnat',0,NULL,NULL,NULL,1,0,0,0,0,0,0,1),(662,1,49,4,NULL,NULL,NULL,0,'Gnat',0,NULL,NULL,NULL,1,0,0,0,0,0,0,1),(663,1,49,4,NULL,NULL,NULL,0,'Glancer',1,NULL,NULL,NULL,1,0,0,0,0,0,0,1),(664,1,49,4,NULL,NULL,NULL,0,'Glancer',1,NULL,NULL,NULL,1,0,0,0,0,0,0,1),(665,1,49,4,NULL,NULL,NULL,0,'Glancer',1,NULL,NULL,NULL,1,0,0,0,0,0,0,1),(666,1,49,4,NULL,NULL,NULL,0,'Glancer',1,NULL,NULL,NULL,1,0,0,0,0,0,0,1),(667,1,49,4,NULL,NULL,NULL,0,'Gnat',0,NULL,NULL,NULL,1,0,0,0,0,0,0,1),(668,1,49,4,NULL,NULL,NULL,0,'Gnat',0,NULL,NULL,NULL,1,0,0,0,0,0,0,1),(669,1,49,4,NULL,NULL,NULL,0,'Gnat',1,NULL,NULL,NULL,1,0,0,0,0,0,0,1),(670,1,49,4,NULL,NULL,NULL,0,'Gnat',0,NULL,NULL,NULL,1,0,0,0,0,0,0,1),(671,1,50,4,NULL,NULL,NULL,0,'Gnawer',0,NULL,NULL,NULL,1,0,0,0,0,0,0,1),(672,1,50,4,NULL,NULL,NULL,0,'Spudder',0,NULL,NULL,NULL,1,0,0,0,0,0,0,1),(673,1,50,4,NULL,NULL,NULL,0,'Spudder',0,NULL,NULL,NULL,1,0,0,0,0,0,0,1),(674,1,50,4,NULL,NULL,NULL,0,'Spudder',0,NULL,NULL,NULL,1,0,0,0,0,0,0,1),(675,1,50,4,NULL,NULL,NULL,0,'Glancer',1,NULL,NULL,NULL,1,0,0,0,0,0,0,1),(676,1,50,4,NULL,NULL,NULL,0,'Gnat',0,NULL,NULL,NULL,1,0,0,0,0,0,0,1),(677,1,50,4,NULL,NULL,NULL,0,'Gnat',0,NULL,NULL,NULL,1,0,0,0,0,0,0,1),(678,1,50,4,NULL,NULL,NULL,0,'Glancer',1,NULL,NULL,NULL,1,0,0,0,0,0,0,1),(679,1,50,4,NULL,NULL,NULL,0,'Glancer',1,NULL,NULL,NULL,1,0,0,0,0,0,0,1),(680,1,50,4,NULL,NULL,NULL,0,'Gnat',0,NULL,NULL,NULL,1,0,0,0,0,0,0,1),(681,1,50,4,NULL,NULL,NULL,0,'Gnat',0,NULL,NULL,NULL,1,0,0,0,0,0,0,1),(682,1,50,4,NULL,NULL,NULL,0,'Gnat',1,NULL,NULL,NULL,1,0,0,0,0,0,0,1),(683,1,50,4,NULL,NULL,NULL,0,'Gnat',0,NULL,NULL,NULL,1,0,0,0,0,0,0,1),(684,1,50,4,NULL,NULL,NULL,0,'Gnat',1,NULL,NULL,NULL,1,0,0,0,0,0,0,1),(685,1,50,4,NULL,NULL,NULL,0,'Gnat',1,NULL,NULL,NULL,1,0,0,0,0,0,0,1),(686,1,50,4,NULL,NULL,NULL,0,'Gnat',1,NULL,NULL,NULL,1,0,0,0,0,0,0,1),(687,1,51,4,NULL,NULL,NULL,0,'Glancer',1,NULL,NULL,NULL,1,0,0,0,0,0,0,1),(688,1,51,4,NULL,NULL,NULL,0,'Gnat',0,NULL,NULL,NULL,1,0,0,0,0,0,0,1),(689,1,51,4,NULL,NULL,NULL,0,'Gnat',0,NULL,NULL,NULL,1,0,0,0,0,0,0,1),(690,1,51,4,NULL,NULL,NULL,0,'Glancer',1,NULL,NULL,NULL,1,0,0,0,0,0,0,1),(691,1,51,4,NULL,NULL,NULL,0,'Glancer',1,NULL,NULL,NULL,1,0,0,0,0,0,0,1),(692,1,51,4,NULL,NULL,NULL,0,'Glancer',1,NULL,NULL,NULL,1,0,0,0,0,0,0,1),(693,1,51,4,NULL,NULL,NULL,0,'Gnat',0,NULL,NULL,NULL,1,0,0,0,0,0,0,1),(694,1,51,4,NULL,NULL,NULL,0,'Gnat',0,NULL,NULL,NULL,1,0,0,0,0,0,0,1),(695,1,51,4,NULL,NULL,NULL,0,'Gnat',1,NULL,NULL,NULL,1,0,0,0,0,0,0,1),(696,1,51,4,NULL,NULL,NULL,0,'Gnat',0,NULL,NULL,NULL,1,0,0,0,0,0,0,1),(697,1,51,4,NULL,NULL,NULL,0,'Gnat',1,NULL,NULL,NULL,1,0,0,0,0,0,0,1),(698,1,52,4,NULL,NULL,NULL,0,'Spudder',0,NULL,NULL,NULL,1,0,0,0,0,0,0,1),(699,1,52,4,NULL,NULL,NULL,0,'Glancer',1,NULL,NULL,NULL,1,0,0,0,0,0,0,1),(700,1,52,4,NULL,NULL,NULL,0,'Gnat',0,NULL,NULL,NULL,1,0,0,0,0,0,0,1),(701,1,52,4,NULL,NULL,NULL,0,'Gnat',0,NULL,NULL,NULL,1,0,0,0,0,0,0,1),(702,1,52,4,NULL,NULL,NULL,0,'Gnat',0,NULL,NULL,NULL,1,0,0,0,0,0,0,1),(703,1,52,4,NULL,NULL,NULL,0,'Glancer',1,NULL,NULL,NULL,1,0,0,0,0,0,0,1),(704,1,52,4,NULL,NULL,NULL,0,'Glancer',1,NULL,NULL,NULL,1,0,0,0,0,0,0,1),(705,1,52,4,NULL,NULL,NULL,0,'Gnat',0,NULL,NULL,NULL,1,0,0,0,0,0,0,1),(706,1,52,4,NULL,NULL,NULL,0,'Gnat',0,NULL,NULL,NULL,1,0,0,0,0,0,0,1),(707,1,52,4,NULL,NULL,NULL,0,'Gnat',1,NULL,NULL,NULL,1,0,0,0,0,0,0,1),(708,1,52,4,NULL,NULL,NULL,0,'Gnat',0,NULL,NULL,NULL,1,0,0,0,0,0,0,1),(709,1,52,4,NULL,NULL,NULL,0,'Gnat',1,NULL,NULL,NULL,1,0,0,0,0,0,0,1),(710,1,53,4,NULL,NULL,NULL,0,'Glancer',1,NULL,NULL,NULL,1,0,0,0,0,0,0,1),(711,1,53,4,NULL,NULL,NULL,0,'Gnat',0,NULL,NULL,NULL,1,0,0,0,0,0,0,1),(712,1,53,4,NULL,NULL,NULL,0,'Gnat',1,NULL,NULL,NULL,1,0,0,0,0,0,0,1),(713,1,53,4,NULL,NULL,NULL,0,'Gnat',0,NULL,NULL,NULL,1,0,0,0,0,0,0,1),(714,1,53,4,NULL,NULL,NULL,0,'Gnat',0,NULL,NULL,NULL,1,0,0,0,0,0,0,1),(715,1,53,4,NULL,NULL,NULL,0,'Glancer',1,NULL,NULL,NULL,1,0,0,0,0,0,0,1),(716,1,53,4,NULL,NULL,NULL,0,'Glancer',1,NULL,NULL,NULL,1,0,0,0,0,0,0,1),(717,1,53,4,NULL,NULL,NULL,0,'Glancer',1,NULL,NULL,NULL,1,0,0,0,0,0,0,1),(718,1,53,4,NULL,NULL,NULL,0,'Glancer',1,NULL,NULL,NULL,1,0,0,0,0,0,0,1),(719,1,53,4,NULL,NULL,NULL,0,'Gnat',0,NULL,NULL,NULL,1,0,0,0,0,0,0,1),(720,1,53,4,NULL,NULL,NULL,0,'Gnat',0,NULL,NULL,NULL,1,0,0,0,0,0,0,1),(721,1,53,4,NULL,NULL,NULL,0,'Gnat',1,NULL,NULL,NULL,1,0,0,0,0,0,0,1),(722,1,53,4,NULL,NULL,NULL,0,'Gnat',0,NULL,NULL,NULL,1,0,0,0,0,0,0,1),(723,1,53,4,NULL,NULL,NULL,0,'Gnat',0,NULL,NULL,NULL,1,0,0,0,0,0,0,1),(724,1,53,4,NULL,NULL,NULL,0,'Gnat',1,NULL,NULL,NULL,1,0,0,0,0,0,0,1),(725,1,53,4,NULL,NULL,NULL,0,'Gnat',1,NULL,NULL,NULL,1,0,0,0,0,0,0,1),(726,1,53,4,NULL,NULL,NULL,0,'Gnat',0,NULL,NULL,NULL,1,0,0,0,0,0,0,1),(727,1,54,4,NULL,NULL,NULL,0,'Gnat',0,NULL,NULL,NULL,1,0,0,0,0,0,0,1),(728,1,54,4,NULL,NULL,NULL,0,'Gnat',0,NULL,NULL,NULL,1,0,0,0,0,0,0,1),(729,1,54,4,NULL,NULL,NULL,0,'Gnat',1,NULL,NULL,NULL,1,0,0,0,0,0,0,1),(730,1,54,4,NULL,NULL,NULL,0,'Gnat',0,NULL,NULL,NULL,1,0,0,0,0,0,0,1),(731,1,55,4,NULL,NULL,NULL,0,'Gnat',0,NULL,NULL,NULL,1,0,0,0,0,0,0,1),(732,1,55,4,NULL,NULL,NULL,0,'Gnat',0,NULL,NULL,NULL,1,0,0,0,0,0,0,1),(733,1,55,4,NULL,NULL,NULL,0,'Gnat',1,NULL,NULL,NULL,1,0,0,0,0,0,0,1),(734,1,55,4,NULL,NULL,NULL,0,'Gnat',1,NULL,NULL,NULL,1,0,0,0,0,0,0,1),(735,1,55,4,NULL,NULL,NULL,0,'Gnat',0,NULL,NULL,NULL,1,0,0,0,0,0,0,1),(736,1,56,4,NULL,NULL,NULL,0,'Gnat',0,NULL,NULL,NULL,1,0,0,0,0,0,0,1),(737,1,56,4,NULL,NULL,NULL,0,'Gnat',0,NULL,NULL,NULL,1,0,0,0,0,0,0,1),(738,1,56,4,NULL,NULL,NULL,0,'Gnat',1,NULL,NULL,NULL,1,0,0,0,0,0,0,1),(739,1,57,4,NULL,NULL,NULL,0,'Gnat',0,NULL,NULL,NULL,1,0,0,0,0,0,0,1),(740,1,57,4,NULL,NULL,NULL,0,'Gnat',0,NULL,NULL,NULL,1,0,0,0,0,0,0,1),(741,1,57,4,NULL,NULL,NULL,0,'Gnat',1,NULL,NULL,NULL,1,0,0,0,0,0,0,1),(742,1,57,4,NULL,NULL,NULL,0,'Gnat',0,NULL,NULL,NULL,1,0,0,0,0,0,0,1),(743,1,57,4,NULL,NULL,NULL,0,'Gnat',1,NULL,NULL,NULL,1,0,0,0,0,0,0,1),(744,1,57,4,NULL,NULL,NULL,0,'Gnat',1,NULL,NULL,NULL,1,0,0,0,0,0,0,1),(745,1,8,1,NULL,NULL,NULL,0,'Thor',0,2,150,NULL,1,0,0,0,0,0,0,1),(746,1,8,1,NULL,NULL,NULL,0,'Dirac',1,2,150,NULL,1,0,0,0,0,0,0,1),(747,1,8,1,NULL,NULL,NULL,0,'Dirac',1,2,150,NULL,1,0,0,0,0,0,0,1),(748,1,8,1,NULL,NULL,NULL,0,'Dirac',1,2,150,NULL,1,0,0,0,0,0,0,1),(749,1,8,1,NULL,NULL,NULL,0,'Dirac',1,2,150,NULL,1,0,0,0,0,0,0,1),(750,1,8,1,NULL,NULL,NULL,0,'Thor',0,2,30,NULL,1,0,0,0,0,0,0,1),(751,1,8,1,NULL,NULL,NULL,0,'Dirac',1,2,30,NULL,1,0,0,0,0,0,0,1),(752,1,8,1,NULL,NULL,NULL,0,'Dirac',1,2,30,NULL,1,0,0,0,0,0,0,1),(753,1,8,1,NULL,NULL,NULL,0,'Dirac',1,2,30,NULL,1,0,0,0,0,0,0,1),(754,1,8,1,NULL,NULL,NULL,0,'Dirac',1,2,30,NULL,1,0,0,0,0,0,0,1),(755,1,8,1,NULL,NULL,NULL,0,'Thor',0,2,180,NULL,1,0,0,0,0,0,0,1),(756,1,8,1,NULL,NULL,NULL,0,'Dirac',1,2,180,NULL,1,0,0,0,0,0,0,1),(757,1,8,1,NULL,NULL,NULL,0,'Dirac',1,2,180,NULL,1,0,0,0,0,0,0,1),(758,1,8,1,NULL,NULL,NULL,0,'Dirac',1,2,180,NULL,1,0,0,0,0,0,0,1),(759,1,8,1,NULL,NULL,NULL,0,'Dirac',1,2,180,NULL,1,0,0,0,0,0,0,1),(760,1,8,1,NULL,NULL,NULL,0,'Thor',0,1,135,NULL,1,0,0,0,0,0,0,1),(761,1,8,1,NULL,NULL,NULL,0,'Dirac',1,1,135,NULL,1,0,0,0,0,0,0,1),(762,1,8,1,NULL,NULL,NULL,0,'Dirac',1,1,135,NULL,1,0,0,0,0,0,0,1),(763,1,8,1,NULL,NULL,NULL,0,'Dirac',1,1,135,NULL,1,0,0,0,0,0,0,1),(764,1,8,1,NULL,NULL,NULL,0,'Dirac',1,1,135,NULL,1,0,0,0,0,0,0,1),(765,1,8,1,NULL,NULL,NULL,0,'Thor',0,0,90,NULL,1,0,0,0,0,0,0,1),(766,1,8,1,NULL,NULL,NULL,0,'Thor',0,0,90,NULL,1,0,0,0,0,0,0,1),(767,1,8,1,NULL,NULL,NULL,0,'Thor',0,0,90,NULL,1,0,0,0,0,0,0,1),(768,1,8,1,NULL,NULL,NULL,0,'Dirac',1,0,90,NULL,1,0,0,0,0,0,0,1),(769,1,8,1,NULL,NULL,NULL,0,'Dirac',1,0,90,NULL,1,0,0,0,0,0,0,1),(770,1,8,1,NULL,NULL,NULL,0,'Dirac',1,0,90,NULL,1,0,0,0,0,0,0,1),(771,1,8,1,NULL,NULL,NULL,0,'Dirac',1,0,90,NULL,1,0,0,0,0,0,0,1),(772,1,8,1,NULL,NULL,NULL,0,'Dirac',1,0,90,NULL,1,0,0,0,0,0,0,1),(773,1,8,1,NULL,NULL,NULL,0,'Dirac',1,0,90,NULL,1,0,0,0,0,0,0,1),(774,1,8,1,NULL,NULL,NULL,0,'Thor',0,0,270,NULL,1,0,0,0,0,0,0,1),(775,1,8,1,NULL,NULL,NULL,0,'Dirac',1,0,270,NULL,1,0,0,0,0,0,0,1),(776,1,8,1,NULL,NULL,NULL,0,'Dirac',1,0,270,NULL,1,0,0,0,0,0,0,1),(777,1,8,1,NULL,NULL,NULL,0,'Dirac',1,0,270,NULL,1,0,0,0,0,0,0,1),(778,1,8,1,NULL,NULL,NULL,0,'Dirac',1,0,270,NULL,1,0,0,0,0,0,0,1),(779,1,8,1,NULL,NULL,NULL,0,'Thor',0,2,300,NULL,1,0,0,0,0,0,0,1),(780,1,8,1,NULL,NULL,NULL,0,'Thor',0,2,300,NULL,1,0,0,0,0,0,0,1),(781,1,8,1,NULL,NULL,NULL,0,'Thor',0,2,300,NULL,1,0,0,0,0,0,0,1),(782,1,8,1,NULL,NULL,NULL,0,'Dirac',1,2,300,NULL,1,0,0,0,0,0,0,1),(783,1,8,1,NULL,NULL,NULL,0,'Dirac',1,2,300,NULL,1,0,0,0,0,0,0,1),(784,1,8,1,NULL,NULL,NULL,0,'Dirac',1,2,300,NULL,1,0,0,0,0,0,0,1),(785,1,8,1,NULL,NULL,NULL,0,'Dirac',1,2,300,NULL,1,0,0,0,0,0,0,1),(786,1,8,1,NULL,NULL,NULL,0,'Dirac',1,2,300,NULL,1,0,0,0,0,0,0,1),(787,1,8,1,NULL,NULL,NULL,0,'Dirac',1,2,300,NULL,1,0,0,0,0,0,0,1),(788,1,58,4,NULL,NULL,NULL,0,'Glancer',1,NULL,NULL,NULL,1,0,0,0,0,0,0,1),(789,1,58,4,NULL,NULL,NULL,0,'Gnat',0,NULL,NULL,NULL,1,0,0,0,0,0,0,1),(790,1,58,4,NULL,NULL,NULL,0,'Gnat',0,NULL,NULL,NULL,1,0,0,0,0,0,0,1),(791,1,58,4,NULL,NULL,NULL,0,'Gnat',0,NULL,NULL,NULL,1,0,0,0,0,0,0,1),(792,1,58,4,NULL,NULL,NULL,0,'Gnat',1,NULL,NULL,NULL,1,0,0,0,0,0,0,1),(793,1,58,4,NULL,NULL,NULL,0,'Gnat',1,NULL,NULL,NULL,1,0,0,0,0,0,0,1),(794,1,58,4,NULL,NULL,NULL,0,'Gnat',1,NULL,NULL,NULL,1,0,0,0,0,0,0,1),(795,1,59,4,NULL,NULL,NULL,0,'Glancer',1,NULL,NULL,NULL,1,0,0,0,0,0,0,1),(796,1,59,4,NULL,NULL,NULL,0,'Gnat',0,NULL,NULL,NULL,1,0,0,0,0,0,0,1),(797,1,59,4,NULL,NULL,NULL,0,'Gnat',1,NULL,NULL,NULL,1,0,0,0,0,0,0,1),(798,1,59,4,NULL,NULL,NULL,0,'Glancer',1,NULL,NULL,NULL,1,0,0,0,0,0,0,1),(799,1,59,4,NULL,NULL,NULL,0,'Gnat',0,NULL,NULL,NULL,1,0,0,0,0,0,0,1),(800,1,59,4,NULL,NULL,NULL,0,'Glancer',1,NULL,NULL,NULL,1,0,0,0,0,0,0,1),(801,1,59,4,NULL,NULL,NULL,0,'Gnat',0,NULL,NULL,NULL,1,0,0,0,0,0,0,1),(802,1,59,4,NULL,NULL,NULL,0,'Gnat',0,NULL,NULL,NULL,1,0,0,0,0,0,0,1),(803,1,59,4,NULL,NULL,NULL,0,'Gnat',0,NULL,NULL,NULL,1,0,0,0,0,0,0,1),(804,1,59,4,NULL,NULL,NULL,0,'Gnat',1,NULL,NULL,NULL,1,0,0,0,0,0,0,1),(805,1,59,4,NULL,NULL,NULL,0,'Gnat',1,NULL,NULL,NULL,1,0,0,0,0,0,0,1),(806,1,59,4,NULL,NULL,NULL,0,'Gnat',1,NULL,NULL,NULL,1,0,0,0,0,0,0,1),(807,1,60,4,NULL,NULL,NULL,0,'Gnat',0,NULL,NULL,NULL,1,0,0,0,0,0,0,1),(808,1,60,4,NULL,NULL,NULL,0,'Gnat',0,NULL,NULL,NULL,1,0,0,0,0,0,0,1),(809,1,60,4,NULL,NULL,NULL,0,'Gnat',1,NULL,NULL,NULL,1,0,0,0,0,0,0,1),(810,1,60,4,NULL,NULL,NULL,0,'Gnat',1,NULL,NULL,NULL,1,0,0,0,0,0,0,1),(811,1,60,4,NULL,NULL,NULL,0,'Gnat',1,NULL,NULL,NULL,1,0,0,0,0,0,0,1),(812,1,61,4,NULL,NULL,NULL,0,'Gnat',0,NULL,NULL,NULL,1,0,0,0,0,0,0,1),(813,1,61,4,NULL,NULL,NULL,0,'Gnat',0,NULL,NULL,NULL,1,0,0,0,0,0,0,1),(814,1,61,4,NULL,NULL,NULL,0,'Gnat',1,NULL,NULL,NULL,1,0,0,0,0,0,0,1),(815,1,61,4,NULL,NULL,NULL,0,'Gnat',1,NULL,NULL,NULL,1,0,0,0,0,0,0,1),(816,1,61,4,NULL,NULL,NULL,0,'Gnat',1,NULL,NULL,NULL,1,0,0,0,0,0,0,1),(817,1,62,4,NULL,NULL,NULL,0,'Glancer',1,NULL,NULL,NULL,1,0,0,0,0,0,0,1),(818,1,62,4,NULL,NULL,NULL,0,'Gnat',0,NULL,NULL,NULL,1,0,0,0,0,0,0,1),(819,1,62,4,NULL,NULL,NULL,0,'Gnat',0,NULL,NULL,NULL,1,0,0,0,0,0,0,1),(820,1,62,4,NULL,NULL,NULL,0,'Gnat',0,NULL,NULL,NULL,1,0,0,0,0,0,0,1),(821,1,62,4,NULL,NULL,NULL,0,'Gnat',1,NULL,NULL,NULL,1,0,0,0,0,0,0,1),(822,1,62,4,NULL,NULL,NULL,0,'Gnat',1,NULL,NULL,NULL,1,0,0,0,0,0,0,1),(823,1,62,4,NULL,NULL,NULL,0,'Gnat',1,NULL,NULL,NULL,1,0,0,0,0,0,0,1),(824,1,63,4,NULL,NULL,NULL,0,'Gnat',0,NULL,NULL,NULL,1,0,0,0,0,0,0,1),(825,1,63,4,NULL,NULL,NULL,0,'Gnat',0,NULL,NULL,NULL,1,0,0,0,0,0,0,1),(826,1,63,4,NULL,NULL,NULL,0,'Gnat',1,NULL,NULL,NULL,1,0,0,0,0,0,0,1),(827,1,63,4,NULL,NULL,NULL,0,'Gnat',1,NULL,NULL,NULL,1,0,0,0,0,0,0,1),(828,1,63,4,NULL,NULL,NULL,0,'Gnat',1,NULL,NULL,NULL,1,0,0,0,0,0,0,1),(829,1,64,4,NULL,NULL,NULL,0,'Gnat',0,NULL,NULL,NULL,1,0,0,0,0,0,0,1),(830,1,64,4,NULL,NULL,NULL,0,'Gnat',0,NULL,NULL,NULL,1,0,0,0,0,0,0,1),(831,1,64,4,NULL,NULL,NULL,0,'Gnat',1,NULL,NULL,NULL,1,0,0,0,0,0,0,1),(832,1,64,4,NULL,NULL,NULL,0,'Gnat',1,NULL,NULL,NULL,1,0,0,0,0,0,0,1),(833,1,64,4,NULL,NULL,NULL,0,'Gnat',1,NULL,NULL,NULL,1,0,0,0,0,0,0,1),(834,1,65,4,NULL,NULL,NULL,0,'Glancer',1,NULL,NULL,NULL,1,0,0,0,0,0,0,1),(835,1,65,4,NULL,NULL,NULL,0,'Gnat',0,NULL,NULL,NULL,1,0,0,0,0,0,0,1),(836,1,65,4,NULL,NULL,NULL,0,'Gnat',1,NULL,NULL,NULL,1,0,0,0,0,0,0,1),(837,1,65,4,NULL,NULL,NULL,0,'Glancer',1,NULL,NULL,NULL,1,0,0,0,0,0,0,1),(838,1,65,4,NULL,NULL,NULL,0,'Gnat',0,NULL,NULL,NULL,1,0,0,0,0,0,0,1),(839,1,65,4,NULL,NULL,NULL,0,'Glancer',1,NULL,NULL,NULL,1,0,0,0,0,0,0,1),(840,1,65,4,NULL,NULL,NULL,0,'Gnat',0,NULL,NULL,NULL,1,0,0,0,0,0,0,1),(841,1,65,4,NULL,NULL,NULL,0,'Gnat',0,NULL,NULL,NULL,1,0,0,0,0,0,0,1),(842,1,65,4,NULL,NULL,NULL,0,'Gnat',0,NULL,NULL,NULL,1,0,0,0,0,0,0,1),(843,1,65,4,NULL,NULL,NULL,0,'Gnat',1,NULL,NULL,NULL,1,0,0,0,0,0,0,1),(844,1,65,4,NULL,NULL,NULL,0,'Gnat',1,NULL,NULL,NULL,1,0,0,0,0,0,0,1),(845,1,65,4,NULL,NULL,NULL,0,'Gnat',1,NULL,NULL,NULL,1,0,0,0,0,0,0,1),(846,1,66,4,NULL,NULL,NULL,0,'Glancer',1,NULL,NULL,NULL,1,0,0,0,0,0,0,1),(847,1,66,4,NULL,NULL,NULL,0,'Gnat',0,NULL,NULL,NULL,1,0,0,0,0,0,0,1),(848,1,66,4,NULL,NULL,NULL,0,'Gnat',1,NULL,NULL,NULL,1,0,0,0,0,0,0,1),(849,1,66,4,NULL,NULL,NULL,0,'Glancer',1,NULL,NULL,NULL,1,0,0,0,0,0,0,1),(850,1,66,4,NULL,NULL,NULL,0,'Gnat',0,NULL,NULL,NULL,1,0,0,0,0,0,0,1),(851,1,66,4,NULL,NULL,NULL,0,'Glancer',1,NULL,NULL,NULL,1,0,0,0,0,0,0,1),(852,1,66,4,NULL,NULL,NULL,0,'Gnat',0,NULL,NULL,NULL,1,0,0,0,0,0,0,1),(853,1,66,4,NULL,NULL,NULL,0,'Gnat',0,NULL,NULL,NULL,1,0,0,0,0,0,0,1),(854,1,66,4,NULL,NULL,NULL,0,'Gnat',0,NULL,NULL,NULL,1,0,0,0,0,0,0,1),(855,1,66,4,NULL,NULL,NULL,0,'Gnat',1,NULL,NULL,NULL,1,0,0,0,0,0,0,1),(856,1,66,4,NULL,NULL,NULL,0,'Gnat',1,NULL,NULL,NULL,1,0,0,0,0,0,0,1),(857,1,66,4,NULL,NULL,NULL,0,'Gnat',1,NULL,NULL,NULL,1,0,0,0,0,0,0,1),(858,1,67,4,NULL,NULL,NULL,0,'Gnat',0,NULL,NULL,NULL,1,0,0,0,0,0,0,1),(859,1,67,4,NULL,NULL,NULL,0,'Gnat',0,NULL,NULL,NULL,1,0,0,0,0,0,0,1),(860,1,67,4,NULL,NULL,NULL,0,'Gnat',1,NULL,NULL,NULL,1,0,0,0,0,0,0,1),(861,1,67,4,NULL,NULL,NULL,0,'Gnat',1,NULL,NULL,NULL,1,0,0,0,0,0,0,1),(862,1,67,4,NULL,NULL,NULL,0,'Gnat',1,NULL,NULL,NULL,1,0,0,0,0,0,0,1),(863,1,68,4,NULL,NULL,NULL,0,'Gnat',0,NULL,NULL,NULL,1,0,0,0,0,0,0,1),(864,1,68,4,NULL,NULL,NULL,0,'Gnat',0,NULL,NULL,NULL,1,0,0,0,0,0,0,1),(865,1,68,4,NULL,NULL,NULL,0,'Gnat',1,NULL,NULL,NULL,1,0,0,0,0,0,0,1),(866,1,68,4,NULL,NULL,NULL,0,'Gnat',1,NULL,NULL,NULL,1,0,0,0,0,0,0,1),(867,1,68,4,NULL,NULL,NULL,0,'Gnat',1,NULL,NULL,NULL,1,0,0,0,0,0,0,1),(868,1,69,4,NULL,NULL,NULL,0,'Glancer',1,NULL,NULL,NULL,1,0,0,0,0,0,0,1),(869,1,69,4,NULL,NULL,NULL,0,'Gnat',0,NULL,NULL,NULL,1,0,0,0,0,0,0,1),(870,1,69,4,NULL,NULL,NULL,0,'Gnat',0,NULL,NULL,NULL,1,0,0,0,0,0,0,1),(871,1,69,4,NULL,NULL,NULL,0,'Gnat',0,NULL,NULL,NULL,1,0,0,0,0,0,0,1),(872,1,69,4,NULL,NULL,NULL,0,'Gnat',1,NULL,NULL,NULL,1,0,0,0,0,0,0,1),(873,1,69,4,NULL,NULL,NULL,0,'Gnat',1,NULL,NULL,NULL,1,0,0,0,0,0,0,1),(874,1,69,4,NULL,NULL,NULL,0,'Gnat',1,NULL,NULL,NULL,1,0,0,0,0,0,0,1),(875,1,70,4,NULL,NULL,NULL,0,'Glancer',1,NULL,NULL,NULL,1,0,0,0,0,0,0,1),(876,1,70,4,NULL,NULL,NULL,0,'Gnat',0,NULL,NULL,NULL,1,0,0,0,0,0,0,1),(877,1,70,4,NULL,NULL,NULL,0,'Gnat',0,NULL,NULL,NULL,1,0,0,0,0,0,0,1),(878,1,70,4,NULL,NULL,NULL,0,'Gnat',0,NULL,NULL,NULL,1,0,0,0,0,0,0,1),(879,1,70,4,NULL,NULL,NULL,0,'Gnat',1,NULL,NULL,NULL,1,0,0,0,0,0,0,1),(880,1,70,4,NULL,NULL,NULL,0,'Gnat',1,NULL,NULL,NULL,1,0,0,0,0,0,0,1),(881,1,70,4,NULL,NULL,NULL,0,'Gnat',1,NULL,NULL,NULL,1,0,0,0,0,0,0,1),(882,1,71,4,NULL,NULL,NULL,0,'Gnat',0,NULL,NULL,NULL,1,0,0,0,0,0,0,1),(883,1,71,4,NULL,NULL,NULL,0,'Gnat',0,NULL,NULL,NULL,1,0,0,0,0,0,0,1),(884,1,71,4,NULL,NULL,NULL,0,'Gnat',1,NULL,NULL,NULL,1,0,0,0,0,0,0,1),(885,1,71,4,NULL,NULL,NULL,0,'Gnat',1,NULL,NULL,NULL,1,0,0,0,0,0,0,1),(886,1,71,4,NULL,NULL,NULL,0,'Gnat',1,NULL,NULL,NULL,1,0,0,0,0,0,0,1),(887,1,72,4,NULL,NULL,NULL,0,'Gnat',0,NULL,NULL,NULL,1,0,0,0,0,0,0,1),(888,1,72,4,NULL,NULL,NULL,0,'Gnat',0,NULL,NULL,NULL,1,0,0,0,0,0,0,1),(889,1,72,4,NULL,NULL,NULL,0,'Gnat',1,NULL,NULL,NULL,1,0,0,0,0,0,0,1),(890,1,72,4,NULL,NULL,NULL,0,'Gnat',1,NULL,NULL,NULL,1,0,0,0,0,0,0,1),(891,1,72,4,NULL,NULL,NULL,0,'Gnat',1,NULL,NULL,NULL,1,0,0,0,0,0,0,1),(892,1,79,4,NULL,NULL,NULL,0,'Glancer',1,NULL,NULL,NULL,1,0,0,0,0,0,0,1),(893,1,79,4,NULL,NULL,NULL,0,'Gnat',0,NULL,NULL,NULL,1,0,0,0,0,0,0,1),(894,1,79,4,NULL,NULL,NULL,0,'Gnat',1,NULL,NULL,NULL,1,0,0,0,0,0,0,1),(895,1,79,4,NULL,NULL,NULL,0,'Glancer',1,NULL,NULL,NULL,1,0,0,0,0,0,0,1),(896,1,79,4,NULL,NULL,NULL,0,'Gnat',0,NULL,NULL,NULL,1,0,0,0,0,0,0,1),(897,1,79,4,NULL,NULL,NULL,0,'Glancer',1,NULL,NULL,NULL,1,0,0,0,0,0,0,1),(898,1,79,4,NULL,NULL,NULL,0,'Gnat',0,NULL,NULL,NULL,1,0,0,0,0,0,0,1),(899,1,79,4,NULL,NULL,NULL,0,'Gnat',0,NULL,NULL,NULL,1,0,0,0,0,0,0,1),(900,1,79,4,NULL,NULL,NULL,0,'Gnat',0,NULL,NULL,NULL,1,0,0,0,0,0,0,1),(901,1,79,4,NULL,NULL,NULL,0,'Gnat',1,NULL,NULL,NULL,1,0,0,0,0,0,0,1),(902,1,79,4,NULL,NULL,NULL,0,'Gnat',1,NULL,NULL,NULL,1,0,0,0,0,0,0,1),(903,1,79,4,NULL,NULL,NULL,0,'Gnat',1,NULL,NULL,NULL,1,0,0,0,0,0,0,1),(904,1,80,4,NULL,NULL,NULL,0,'Gnat',0,NULL,NULL,NULL,1,0,0,0,0,0,0,1),(905,1,80,4,NULL,NULL,NULL,0,'Gnat',0,NULL,NULL,NULL,1,0,0,0,0,0,0,1),(906,1,80,4,NULL,NULL,NULL,0,'Gnat',1,NULL,NULL,NULL,1,0,0,0,0,0,0,1),(907,1,80,4,NULL,NULL,NULL,0,'Gnat',1,NULL,NULL,NULL,1,0,0,0,0,0,0,1),(908,1,80,4,NULL,NULL,NULL,0,'Gnat',1,NULL,NULL,NULL,1,0,0,0,0,0,0,1),(909,1,86,4,NULL,NULL,NULL,0,'Glancer',1,NULL,NULL,NULL,1,0,0,0,0,0,0,1),(910,1,86,4,NULL,NULL,NULL,0,'Gnat',0,NULL,NULL,NULL,1,0,0,0,0,0,0,1),(911,1,86,4,NULL,NULL,NULL,0,'Gnat',1,NULL,NULL,NULL,1,0,0,0,0,0,0,1),(912,1,86,4,NULL,NULL,NULL,0,'Glancer',1,NULL,NULL,NULL,1,0,0,0,0,0,0,1),(913,1,86,4,NULL,NULL,NULL,0,'Gnat',0,NULL,NULL,NULL,1,0,0,0,0,0,0,1),(914,1,86,4,NULL,NULL,NULL,0,'Glancer',1,NULL,NULL,NULL,1,0,0,0,0,0,0,1),(915,1,86,4,NULL,NULL,NULL,0,'Gnat',0,NULL,NULL,NULL,1,0,0,0,0,0,0,1),(916,1,86,4,NULL,NULL,NULL,0,'Gnat',0,NULL,NULL,NULL,1,0,0,0,0,0,0,1),(917,1,86,4,NULL,NULL,NULL,0,'Gnat',0,NULL,NULL,NULL,1,0,0,0,0,0,0,1),(918,1,86,4,NULL,NULL,NULL,0,'Gnat',1,NULL,NULL,NULL,1,0,0,0,0,0,0,1),(919,1,86,4,NULL,NULL,NULL,0,'Gnat',1,NULL,NULL,NULL,1,0,0,0,0,0,0,1),(920,1,86,4,NULL,NULL,NULL,0,'Gnat',1,NULL,NULL,NULL,1,0,0,0,0,0,0,1),(921,1,87,4,NULL,NULL,NULL,0,'Gnat',0,NULL,NULL,NULL,1,0,0,0,0,0,0,1),(922,1,87,4,NULL,NULL,NULL,0,'Gnat',0,NULL,NULL,NULL,1,0,0,0,0,0,0,1),(923,1,87,4,NULL,NULL,NULL,0,'Gnat',1,NULL,NULL,NULL,1,0,0,0,0,0,0,1),(924,1,87,4,NULL,NULL,NULL,0,'Gnat',1,NULL,NULL,NULL,1,0,0,0,0,0,0,1),(925,1,87,4,NULL,NULL,NULL,0,'Gnat',1,NULL,NULL,NULL,1,0,0,0,0,0,0,1),(926,1,96,4,NULL,NULL,NULL,0,'Gnat',0,NULL,NULL,NULL,1,0,0,0,0,0,0,1),(927,1,96,4,NULL,NULL,NULL,0,'Gnat',0,NULL,NULL,NULL,1,0,0,0,0,0,0,1),(928,1,96,4,NULL,NULL,NULL,0,'Gnat',1,NULL,NULL,NULL,1,0,0,0,0,0,0,1),(929,1,96,4,NULL,NULL,NULL,0,'Gnat',1,NULL,NULL,NULL,1,0,0,0,0,0,0,1),(930,1,96,4,NULL,NULL,NULL,0,'Gnat',1,NULL,NULL,NULL,1,0,0,0,0,0,0,1),(931,1,97,4,NULL,NULL,NULL,0,'Glancer',1,NULL,NULL,NULL,1,0,0,0,0,0,0,1),(932,1,97,4,NULL,NULL,NULL,0,'Gnat',0,NULL,NULL,NULL,1,0,0,0,0,0,0,1),(933,1,97,4,NULL,NULL,NULL,0,'Gnat',1,NULL,NULL,NULL,1,0,0,0,0,0,0,1),(934,1,97,4,NULL,NULL,NULL,0,'Glancer',1,NULL,NULL,NULL,1,0,0,0,0,0,0,1),(935,1,97,4,NULL,NULL,NULL,0,'Gnat',0,NULL,NULL,NULL,1,0,0,0,0,0,0,1),(936,1,97,4,NULL,NULL,NULL,0,'Glancer',1,NULL,NULL,NULL,1,0,0,0,0,0,0,1),(937,1,97,4,NULL,NULL,NULL,0,'Gnat',0,NULL,NULL,NULL,1,0,0,0,0,0,0,1),(938,1,97,4,NULL,NULL,NULL,0,'Gnat',0,NULL,NULL,NULL,1,0,0,0,0,0,0,1),(939,1,97,4,NULL,NULL,NULL,0,'Gnat',0,NULL,NULL,NULL,1,0,0,0,0,0,0,1),(940,1,97,4,NULL,NULL,NULL,0,'Gnat',1,NULL,NULL,NULL,1,0,0,0,0,0,0,1),(941,1,97,4,NULL,NULL,NULL,0,'Gnat',1,NULL,NULL,NULL,1,0,0,0,0,0,0,1),(942,1,97,4,NULL,NULL,NULL,0,'Gnat',1,NULL,NULL,NULL,1,0,0,0,0,0,0,1),(943,1,98,4,NULL,NULL,NULL,0,'Gnat',0,NULL,NULL,NULL,1,0,0,0,0,0,0,1),(944,1,98,4,NULL,NULL,NULL,0,'Gnat',0,NULL,NULL,NULL,1,0,0,0,0,0,0,1),(945,1,98,4,NULL,NULL,NULL,0,'Gnat',1,NULL,NULL,NULL,1,0,0,0,0,0,0,1),(946,1,98,4,NULL,NULL,NULL,0,'Gnat',1,NULL,NULL,NULL,1,0,0,0,0,0,0,1),(947,1,98,4,NULL,NULL,NULL,0,'Gnat',1,NULL,NULL,NULL,1,0,0,0,0,0,0,1),(948,1,99,4,NULL,NULL,NULL,0,'Gnat',0,NULL,NULL,NULL,1,0,0,0,0,0,0,1),(949,1,99,4,NULL,NULL,NULL,0,'Gnat',0,NULL,NULL,NULL,1,0,0,0,0,0,0,1),(950,1,99,4,NULL,NULL,NULL,0,'Gnat',1,NULL,NULL,NULL,1,0,0,0,0,0,0,1),(951,1,99,4,NULL,NULL,NULL,0,'Gnat',1,NULL,NULL,NULL,1,0,0,0,0,0,0,1),(952,1,99,4,NULL,NULL,NULL,0,'Gnat',1,NULL,NULL,NULL,1,0,0,0,0,0,0,1),(953,1,100,4,NULL,NULL,NULL,0,'Glancer',1,NULL,NULL,NULL,1,0,0,0,0,0,0,1),(954,1,100,4,NULL,NULL,NULL,0,'Gnat',0,NULL,NULL,NULL,1,0,0,0,0,0,0,1),(955,1,100,4,NULL,NULL,NULL,0,'Gnat',1,NULL,NULL,NULL,1,0,0,0,0,0,0,1),(956,1,100,4,NULL,NULL,NULL,0,'Glancer',1,NULL,NULL,NULL,1,0,0,0,0,0,0,1),(957,1,100,4,NULL,NULL,NULL,0,'Gnat',0,NULL,NULL,NULL,1,0,0,0,0,0,0,1),(958,1,100,4,NULL,NULL,NULL,0,'Glancer',1,NULL,NULL,NULL,1,0,0,0,0,0,0,1),(959,1,100,4,NULL,NULL,NULL,0,'Gnat',0,NULL,NULL,NULL,1,0,0,0,0,0,0,1),(960,1,100,4,NULL,NULL,NULL,0,'Gnat',0,NULL,NULL,NULL,1,0,0,0,0,0,0,1),(961,1,100,4,NULL,NULL,NULL,0,'Gnat',0,NULL,NULL,NULL,1,0,0,0,0,0,0,1),(962,1,100,4,NULL,NULL,NULL,0,'Gnat',1,NULL,NULL,NULL,1,0,0,0,0,0,0,1),(963,1,100,4,NULL,NULL,NULL,0,'Gnat',1,NULL,NULL,NULL,1,0,0,0,0,0,0,1),(964,1,100,4,NULL,NULL,NULL,0,'Gnat',1,NULL,NULL,NULL,1,0,0,0,0,0,0,1),(965,1,101,4,NULL,NULL,NULL,0,'Gnat',0,NULL,NULL,NULL,1,0,0,0,0,0,0,1),(966,1,101,4,NULL,NULL,NULL,0,'Gnat',0,NULL,NULL,NULL,1,0,0,0,0,0,0,1),(967,1,101,4,NULL,NULL,NULL,0,'Gnat',1,NULL,NULL,NULL,1,0,0,0,0,0,0,1),(968,1,101,4,NULL,NULL,NULL,0,'Gnat',1,NULL,NULL,NULL,1,0,0,0,0,0,0,1),(969,1,101,4,NULL,NULL,NULL,0,'Gnat',1,NULL,NULL,NULL,1,0,0,0,0,0,0,1),(970,1,102,4,NULL,NULL,NULL,0,'Gnat',0,NULL,NULL,NULL,1,0,0,0,0,0,0,1),(971,1,102,4,NULL,NULL,NULL,0,'Gnat',0,NULL,NULL,NULL,1,0,0,0,0,0,0,1),(972,1,102,4,NULL,NULL,NULL,0,'Gnat',1,NULL,NULL,NULL,1,0,0,0,0,0,0,1),(973,1,102,4,NULL,NULL,NULL,0,'Gnat',1,NULL,NULL,NULL,1,0,0,0,0,0,0,1),(974,1,102,4,NULL,NULL,NULL,0,'Gnat',1,NULL,NULL,NULL,1,0,0,0,0,0,0,1),(975,1,103,4,NULL,NULL,NULL,0,'Gnat',0,NULL,NULL,NULL,1,0,0,0,0,0,0,1),(976,1,103,4,NULL,NULL,NULL,0,'Gnat',0,NULL,NULL,NULL,1,0,0,0,0,0,0,1),(977,1,103,4,NULL,NULL,NULL,0,'Gnat',1,NULL,NULL,NULL,1,0,0,0,0,0,0,1),(978,1,103,4,NULL,NULL,NULL,0,'Gnat',1,NULL,NULL,NULL,1,0,0,0,0,0,0,1),(979,1,103,4,NULL,NULL,NULL,0,'Gnat',1,NULL,NULL,NULL,1,0,0,0,0,0,0,1),(980,1,104,4,NULL,NULL,NULL,0,'Gnat',0,NULL,NULL,NULL,1,0,0,0,0,0,0,1),(981,1,104,4,NULL,NULL,NULL,0,'Gnat',0,NULL,NULL,NULL,1,0,0,0,0,0,0,1),(982,1,104,4,NULL,NULL,NULL,0,'Gnat',1,NULL,NULL,NULL,1,0,0,0,0,0,0,1),(983,1,104,4,NULL,NULL,NULL,0,'Gnat',1,NULL,NULL,NULL,1,0,0,0,0,0,0,1),(984,1,104,4,NULL,NULL,NULL,0,'Gnat',1,NULL,NULL,NULL,1,0,0,0,0,0,0,1),(985,1,105,4,NULL,NULL,NULL,0,'Gnat',0,NULL,NULL,NULL,1,0,0,0,0,0,0,1),(986,1,105,4,NULL,NULL,NULL,0,'Gnat',0,NULL,NULL,NULL,1,0,0,0,0,0,0,1),(987,1,105,4,NULL,NULL,NULL,0,'Gnat',1,NULL,NULL,NULL,1,0,0,0,0,0,0,1),(988,1,105,4,NULL,NULL,NULL,0,'Gnat',1,NULL,NULL,NULL,1,0,0,0,0,0,0,1),(989,1,105,4,NULL,NULL,NULL,0,'Gnat',1,NULL,NULL,NULL,1,0,0,0,0,0,0,1),(990,1,106,4,NULL,NULL,NULL,0,'Gnat',0,NULL,NULL,NULL,1,0,0,0,0,0,0,1),(991,1,106,4,NULL,NULL,NULL,0,'Gnat',0,NULL,NULL,NULL,1,0,0,0,0,0,0,1),(992,1,106,4,NULL,NULL,NULL,0,'Gnat',1,NULL,NULL,NULL,1,0,0,0,0,0,0,1),(993,1,106,4,NULL,NULL,NULL,0,'Gnat',1,NULL,NULL,NULL,1,0,0,0,0,0,0,1),(994,1,106,4,NULL,NULL,NULL,0,'Gnat',1,NULL,NULL,NULL,1,0,0,0,0,0,0,1),(995,1,107,4,NULL,NULL,NULL,0,'Gnat',0,NULL,NULL,NULL,1,0,0,0,0,0,0,1),(996,1,107,4,NULL,NULL,NULL,0,'Gnat',0,NULL,NULL,NULL,1,0,0,0,0,0,0,1),(997,1,107,4,NULL,NULL,NULL,0,'Gnat',1,NULL,NULL,NULL,1,0,0,0,0,0,0,1),(998,1,107,4,NULL,NULL,NULL,0,'Gnat',1,NULL,NULL,NULL,1,0,0,0,0,0,0,1),(999,1,107,4,NULL,NULL,NULL,0,'Gnat',1,NULL,NULL,NULL,1,0,0,0,0,0,0,1),(1000,1,108,4,NULL,NULL,NULL,0,'Glancer',1,NULL,NULL,NULL,1,0,0,0,0,0,0,1),(1001,1,108,4,NULL,NULL,NULL,0,'Gnat',0,NULL,NULL,NULL,1,0,0,0,0,0,0,1),(1002,1,108,4,NULL,NULL,NULL,0,'Gnat',1,NULL,NULL,NULL,1,0,0,0,0,0,0,1),(1003,1,108,4,NULL,NULL,NULL,0,'Glancer',1,NULL,NULL,NULL,1,0,0,0,0,0,0,1),(1004,1,108,4,NULL,NULL,NULL,0,'Gnat',0,NULL,NULL,NULL,1,0,0,0,0,0,0,1),(1005,1,108,4,NULL,NULL,NULL,0,'Glancer',1,NULL,NULL,NULL,1,0,0,0,0,0,0,1),(1006,1,108,4,NULL,NULL,NULL,0,'Gnat',0,NULL,NULL,NULL,1,0,0,0,0,0,0,1),(1007,1,108,4,NULL,NULL,NULL,0,'Gnat',0,NULL,NULL,NULL,1,0,0,0,0,0,0,1),(1008,1,108,4,NULL,NULL,NULL,0,'Gnat',0,NULL,NULL,NULL,1,0,0,0,0,0,0,1),(1009,1,108,4,NULL,NULL,NULL,0,'Gnat',1,NULL,NULL,NULL,1,0,0,0,0,0,0,1),(1010,1,108,4,NULL,NULL,NULL,0,'Gnat',1,NULL,NULL,NULL,1,0,0,0,0,0,0,1),(1011,1,108,4,NULL,NULL,NULL,0,'Gnat',1,NULL,NULL,NULL,1,0,0,0,0,0,0,1),(1012,1,109,4,NULL,NULL,NULL,0,'Gnat',0,NULL,NULL,NULL,1,0,0,0,0,0,0,1),(1013,1,109,4,NULL,NULL,NULL,0,'Gnat',0,NULL,NULL,NULL,1,0,0,0,0,0,0,1),(1014,1,109,4,NULL,NULL,NULL,0,'Gnat',1,NULL,NULL,NULL,1,0,0,0,0,0,0,1),(1015,1,109,4,NULL,NULL,NULL,0,'Gnat',1,NULL,NULL,NULL,1,0,0,0,0,0,0,1),(1016,1,109,4,NULL,NULL,NULL,0,'Gnat',1,NULL,NULL,NULL,1,0,0,0,0,0,0,1),(1017,1,9,1,NULL,NULL,NULL,0,'Thor',0,1,45,NULL,1,0,0,0,0,0,0,1),(1018,1,9,1,NULL,NULL,NULL,0,'Thor',0,1,45,NULL,1,0,0,0,0,0,0,1),(1019,1,9,1,NULL,NULL,NULL,0,'Thor',0,1,45,NULL,1,0,0,0,0,0,0,1),(1020,1,9,1,NULL,NULL,NULL,0,'Thor',0,1,45,NULL,1,0,0,0,0,0,0,1),(1021,1,9,1,NULL,NULL,NULL,0,'Dirac',1,1,45,NULL,1,0,0,0,0,0,0,1),(1022,1,9,1,NULL,NULL,NULL,0,'Dirac',0,1,45,NULL,1,0,0,0,0,0,0,1),(1023,1,9,1,NULL,NULL,NULL,0,'Dirac',0,1,45,NULL,1,0,0,0,0,0,0,1),(1024,1,9,1,NULL,NULL,NULL,0,'Thor',0,2,120,NULL,1,0,0,0,0,0,0,1),(1025,1,9,1,NULL,NULL,NULL,0,'Thor',1,2,120,NULL,1,0,0,0,0,0,0,1),(1026,1,9,1,NULL,NULL,NULL,0,'Dirac',0,2,120,NULL,1,0,0,0,0,0,0,1),(1027,1,9,1,NULL,NULL,NULL,0,'Dirac',0,2,120,NULL,1,0,0,0,0,0,0,1),(1028,1,9,1,NULL,NULL,NULL,0,'Dirac',0,2,120,NULL,1,0,0,0,0,0,0,1),(1029,1,9,1,NULL,NULL,NULL,0,'Demosis',0,3,22,NULL,1,0,0,0,0,0,0,1),(1030,1,9,1,NULL,NULL,NULL,0,'Thor',0,3,22,NULL,1,0,0,0,0,0,0,1),(1031,1,9,1,NULL,NULL,NULL,0,'Thor',0,3,22,NULL,1,0,0,0,0,0,0,1),(1032,1,9,1,NULL,NULL,NULL,0,'Thor',0,3,22,NULL,1,0,0,0,0,0,0,1),(1033,1,9,1,NULL,NULL,NULL,0,'Thor',1,3,22,NULL,1,0,0,0,0,0,0,1),(1034,1,9,1,NULL,NULL,NULL,0,'Thor',0,3,22,NULL,1,0,0,0,0,0,0,1),(1035,1,9,1,NULL,NULL,NULL,0,'Thor',0,3,22,NULL,1,0,0,0,0,0,0,1),(1036,1,9,1,NULL,NULL,NULL,0,'Dirac',0,3,22,NULL,1,0,0,0,0,0,0,1),(1037,1,9,1,NULL,NULL,NULL,0,'Dirac',1,3,22,NULL,1,0,0,0,0,0,0,1),(1038,1,9,1,NULL,NULL,NULL,0,'Dirac',1,3,22,NULL,1,0,0,0,0,0,0,1),(1039,1,9,1,NULL,NULL,NULL,0,'Dirac',1,3,22,NULL,1,0,0,0,0,0,0,1),(1040,1,9,1,NULL,NULL,NULL,0,'Dirac',1,3,22,NULL,1,0,0,0,0,0,0,1),(1041,1,9,1,NULL,NULL,NULL,0,'Dirac',1,3,22,NULL,1,0,0,0,0,0,0,1),(1042,1,9,1,NULL,NULL,NULL,0,'Dirac',1,3,22,NULL,1,0,0,0,0,0,0,1),(1043,1,9,1,NULL,NULL,NULL,0,'Dirac',1,3,22,NULL,1,0,0,0,0,0,0,1),(1044,1,9,1,NULL,NULL,NULL,0,'Demosis',0,2,210,NULL,1,0,0,0,0,0,0,1),(1045,1,9,1,NULL,NULL,NULL,0,'Demosis',0,2,210,NULL,1,0,0,0,0,0,0,1),(1046,1,9,1,NULL,NULL,NULL,0,'Thor',0,2,210,NULL,1,0,0,0,0,0,0,1),(1047,1,9,1,NULL,NULL,NULL,0,'Dirac',1,2,210,NULL,1,0,0,0,0,0,0,1),(1048,1,9,1,NULL,NULL,NULL,0,'Dirac',1,2,210,NULL,1,0,0,0,0,0,0,1),(1049,1,9,1,NULL,NULL,NULL,0,'Dirac',1,2,210,NULL,1,0,0,0,0,0,0,1),(1050,1,9,1,NULL,NULL,NULL,0,'Dirac',1,2,210,NULL,1,0,0,0,0,0,0,1),(1051,1,9,1,NULL,NULL,NULL,0,'Dirac',0,2,210,NULL,1,0,0,0,0,0,0,1),(1052,1,9,1,NULL,NULL,NULL,0,'Dirac',0,2,210,NULL,1,0,0,0,0,0,0,1),(1053,1,9,1,NULL,NULL,NULL,0,'Dirac',0,2,210,NULL,1,0,0,0,0,0,0,1),(1054,1,9,1,NULL,NULL,NULL,0,'Dirac',0,2,210,NULL,1,0,0,0,0,0,0,1),(1055,1,9,1,NULL,NULL,NULL,0,'Thor',1,1,180,NULL,1,0,0,0,0,0,0,1),(1056,1,9,1,NULL,NULL,NULL,0,'Thor',1,1,180,NULL,1,0,0,0,0,0,0,1),(1057,1,9,1,NULL,NULL,NULL,0,'Thor',0,1,180,NULL,1,0,0,0,0,0,0,1),(1058,1,9,1,NULL,NULL,NULL,0,'Thor',1,1,180,NULL,1,0,0,0,0,0,0,1),(1059,1,9,1,NULL,NULL,NULL,0,'Thor',1,1,180,NULL,1,0,0,0,0,0,0,1),(1060,1,9,1,NULL,NULL,NULL,0,'Dirac',0,1,180,NULL,1,0,0,0,0,0,0,1),(1061,1,9,1,NULL,NULL,NULL,0,'Dirac',0,1,180,NULL,1,0,0,0,0,0,0,1),(1062,1,9,1,NULL,NULL,NULL,0,'Dirac',1,1,180,NULL,1,0,0,0,0,0,0,1),(1063,1,9,1,NULL,NULL,NULL,0,'Dirac',1,1,180,NULL,1,0,0,0,0,0,0,1),(1064,1,9,1,NULL,NULL,NULL,0,'Demosis',0,3,202,NULL,1,0,0,0,0,0,0,1),(1065,1,9,1,NULL,NULL,NULL,0,'Demosis',0,3,202,NULL,1,0,0,0,0,0,0,1),(1066,1,9,1,NULL,NULL,NULL,0,'Thor',0,3,202,NULL,1,0,0,0,0,0,0,1),(1067,1,9,1,NULL,NULL,NULL,0,'Thor',1,3,202,NULL,1,0,0,0,0,0,0,1),(1068,1,9,1,NULL,NULL,NULL,0,'Thor',0,3,202,NULL,1,0,0,0,0,0,0,1),(1069,1,9,1,NULL,NULL,NULL,0,'Thor',0,3,202,NULL,1,0,0,0,0,0,0,1),(1070,1,9,1,NULL,NULL,NULL,0,'Thor',1,3,202,NULL,1,0,0,0,0,0,0,1),(1071,1,9,1,NULL,NULL,NULL,0,'Dirac',0,3,202,NULL,1,0,0,0,0,0,0,1),(1072,1,9,1,NULL,NULL,NULL,0,'Dirac',0,3,202,NULL,1,0,0,0,0,0,0,1),(1073,1,9,1,NULL,NULL,NULL,0,'Dirac',1,3,202,NULL,1,0,0,0,0,0,0,1),(1074,1,9,1,NULL,NULL,NULL,0,'Dirac',0,3,202,NULL,1,0,0,0,0,0,0,1),(1075,1,9,1,NULL,NULL,NULL,0,'Dirac',1,3,202,NULL,1,0,0,0,0,0,0,1),(1076,1,9,1,NULL,NULL,NULL,0,'Dirac',0,3,202,NULL,1,0,0,0,0,0,0,1),(1077,1,9,1,NULL,NULL,NULL,0,'Dirac',0,3,202,NULL,1,0,0,0,0,0,0,1),(1078,1,9,1,NULL,NULL,NULL,0,'Demosis',0,3,156,NULL,1,0,0,0,0,0,0,1),(1079,1,9,1,NULL,NULL,NULL,0,'Demosis',0,3,156,NULL,1,0,0,0,0,0,0,1),(1080,1,9,1,NULL,NULL,NULL,0,'Thor',1,3,156,NULL,1,0,0,0,0,0,0,1),(1081,1,9,1,NULL,NULL,NULL,0,'Thor',0,3,156,NULL,1,0,0,0,0,0,0,1),(1082,1,9,1,NULL,NULL,NULL,0,'Thor',1,3,156,NULL,1,0,0,0,0,0,0,1),(1083,1,9,1,NULL,NULL,NULL,0,'Thor',0,3,156,NULL,1,0,0,0,0,0,0,1),(1084,1,9,1,NULL,NULL,NULL,0,'Thor',0,3,156,NULL,1,0,0,0,0,0,0,1),(1085,1,9,1,NULL,NULL,NULL,0,'Dirac',1,3,156,NULL,1,0,0,0,0,0,0,1),(1086,1,9,1,NULL,NULL,NULL,0,'Dirac',1,3,156,NULL,1,0,0,0,0,0,0,1),(1087,1,9,1,NULL,NULL,NULL,0,'Dirac',1,3,156,NULL,1,0,0,0,0,0,0,1),(1088,1,9,1,NULL,NULL,NULL,0,'Dirac',0,3,156,NULL,1,0,0,0,0,0,0,1),(1089,1,9,1,NULL,NULL,NULL,0,'Dirac',0,3,156,NULL,1,0,0,0,0,0,0,1),(1090,1,9,1,NULL,NULL,NULL,0,'Dirac',0,3,156,NULL,1,0,0,0,0,0,0,1),(1091,1,9,1,NULL,NULL,NULL,0,'Demosis',0,2,240,NULL,1,0,0,0,0,0,0,1),(1092,1,9,1,NULL,NULL,NULL,0,'Demosis',0,2,240,NULL,1,0,0,0,0,0,0,1),(1093,1,9,1,NULL,NULL,NULL,0,'Thor',0,2,240,NULL,1,0,0,0,0,0,0,1),(1094,1,9,1,NULL,NULL,NULL,0,'Thor',1,2,240,NULL,1,0,0,0,0,0,0,1),(1095,1,9,1,NULL,NULL,NULL,0,'Thor',0,2,240,NULL,1,0,0,0,0,0,0,1),(1096,1,9,1,NULL,NULL,NULL,0,'Thor',1,2,240,NULL,1,0,0,0,0,0,0,1),(1097,1,9,1,NULL,NULL,NULL,0,'Thor',0,2,240,NULL,1,0,0,0,0,0,0,1),(1098,1,9,1,NULL,NULL,NULL,0,'Dirac',1,2,240,NULL,1,0,0,0,0,0,0,1),(1099,1,9,1,NULL,NULL,NULL,0,'Dirac',1,2,240,NULL,1,0,0,0,0,0,0,1),(1100,1,9,1,NULL,NULL,NULL,0,'Dirac',0,2,240,NULL,1,0,0,0,0,0,0,1),(1101,1,9,1,NULL,NULL,NULL,0,'Dirac',0,2,240,NULL,1,0,0,0,0,0,0,1),(1102,1,9,1,NULL,NULL,NULL,0,'Thor',1,1,315,NULL,1,0,0,0,0,0,0,1),(1103,1,9,1,NULL,NULL,NULL,0,'Thor',1,1,315,NULL,1,0,0,0,0,0,0,1),(1104,1,9,1,NULL,NULL,NULL,0,'Thor',0,1,315,NULL,1,0,0,0,0,0,0,1),(1105,1,9,1,NULL,NULL,NULL,0,'Thor',1,1,315,NULL,1,0,0,0,0,0,0,1),(1106,1,9,1,NULL,NULL,NULL,0,'Dirac',0,1,315,NULL,1,0,0,0,0,0,0,1),(1107,1,9,1,NULL,NULL,NULL,0,'Dirac',0,1,315,NULL,1,0,0,0,0,0,0,1),(1108,1,9,1,NULL,NULL,NULL,0,'Dirac',0,1,315,NULL,1,0,0,0,0,0,0,1),(1109,1,9,1,NULL,NULL,NULL,0,'Dirac',0,1,315,NULL,1,0,0,0,0,0,0,1),(1110,1,9,1,NULL,NULL,NULL,0,'Dirac',1,1,315,NULL,1,0,0,0,0,0,0,1),(1111,1,9,1,NULL,NULL,NULL,0,'Demosis',0,1,0,NULL,1,0,0,0,0,0,0,1),(1112,1,9,1,NULL,NULL,NULL,0,'Thor',0,1,0,NULL,1,0,0,0,0,0,0,1),(1113,1,9,1,NULL,NULL,NULL,0,'Thor',1,1,0,NULL,1,0,0,0,0,0,0,1),(1114,1,9,1,NULL,NULL,NULL,0,'Thor',1,1,0,NULL,1,0,0,0,0,0,0,1),(1115,1,9,1,NULL,NULL,NULL,0,'Dirac',0,1,0,NULL,1,0,0,0,0,0,0,1),(1116,1,9,1,NULL,NULL,NULL,0,'Dirac',0,1,0,NULL,1,0,0,0,0,0,0,1),(1117,1,9,1,NULL,NULL,NULL,0,'Dirac',0,1,0,NULL,1,0,0,0,0,0,0,1),(1118,1,9,1,NULL,NULL,NULL,0,'Dirac',0,1,0,NULL,1,0,0,0,0,0,0,1),(1119,1,9,1,NULL,NULL,NULL,0,'Demosis',0,2,60,NULL,1,0,0,0,0,0,0,1),(1120,1,9,1,NULL,NULL,NULL,0,'Thor',1,2,60,NULL,1,0,0,0,0,0,0,1),(1121,1,9,1,NULL,NULL,NULL,0,'Thor',0,2,60,NULL,1,0,0,0,0,0,0,1),(1122,1,9,1,NULL,NULL,NULL,0,'Thor',1,2,60,NULL,1,0,0,0,0,0,0,1),(1123,1,9,1,NULL,NULL,NULL,0,'Dirac',1,2,60,NULL,1,0,0,0,0,0,0,1),(1124,1,9,1,NULL,NULL,NULL,0,'Dirac',0,2,60,NULL,1,0,0,0,0,0,0,1),(1125,1,9,1,NULL,NULL,NULL,0,'Dirac',0,2,60,NULL,1,0,0,0,0,0,0,1),(1126,1,9,1,NULL,NULL,NULL,0,'Dirac',0,2,60,NULL,1,0,0,0,0,0,0,1),(1127,1,9,1,NULL,NULL,NULL,0,'Dirac',1,2,60,NULL,1,0,0,0,0,0,0,1),(1128,1,9,1,NULL,NULL,NULL,0,'Thor',1,1,90,NULL,1,0,0,0,0,0,0,1),(1129,1,9,1,NULL,NULL,NULL,0,'Thor',0,1,90,NULL,1,0,0,0,0,0,0,1),(1130,1,9,1,NULL,NULL,NULL,0,'Dirac',0,1,90,NULL,1,0,0,0,0,0,0,1),(1131,1,9,1,NULL,NULL,NULL,0,'Dirac',0,1,90,NULL,1,0,0,0,0,0,0,1),(1132,1,9,1,NULL,NULL,NULL,0,'Dirac',0,1,90,NULL,1,0,0,0,0,0,0,1),(1133,1,9,1,NULL,NULL,NULL,0,'Dirac',1,1,90,NULL,1,0,0,0,0,0,0,1),(1134,1,110,4,NULL,NULL,NULL,0,'Glancer',1,NULL,NULL,NULL,1,0,0,0,0,0,0,1),(1135,1,110,4,NULL,NULL,NULL,0,'Gnat',0,NULL,NULL,NULL,1,0,0,0,0,0,0,1),(1136,1,110,4,NULL,NULL,NULL,0,'Gnat',0,NULL,NULL,NULL,1,0,0,0,0,0,0,1),(1137,1,110,4,NULL,NULL,NULL,0,'Gnat',1,NULL,NULL,NULL,1,0,0,0,0,0,0,1),(1138,1,110,4,NULL,NULL,NULL,0,'Gnat',1,NULL,NULL,NULL,1,0,0,0,0,0,0,1),(1139,1,111,4,NULL,NULL,NULL,0,'Glancer',1,NULL,NULL,NULL,1,0,0,0,0,0,0,1),(1140,1,111,4,NULL,NULL,NULL,0,'Gnat',0,NULL,NULL,NULL,1,0,0,0,0,0,0,1),(1141,1,111,4,NULL,NULL,NULL,0,'Gnat',0,NULL,NULL,NULL,1,0,0,0,0,0,0,1),(1142,1,111,4,NULL,NULL,NULL,0,'Gnat',1,NULL,NULL,NULL,1,0,0,0,0,0,0,1),(1143,1,111,4,NULL,NULL,NULL,0,'Gnat',1,NULL,NULL,NULL,1,0,0,0,0,0,0,1),(1144,1,111,4,NULL,NULL,NULL,0,'Gnat',0,NULL,NULL,NULL,1,0,0,0,0,0,0,1),(1145,1,111,4,NULL,NULL,NULL,0,'Gnat',1,NULL,NULL,NULL,1,0,0,0,0,0,0,1),(1146,1,112,4,NULL,NULL,NULL,0,'Gnawer',0,NULL,NULL,NULL,1,0,0,0,0,0,0,1),(1147,1,112,4,NULL,NULL,NULL,0,'Gnawer',0,NULL,NULL,NULL,1,0,0,0,0,0,0,1),(1148,1,112,4,NULL,NULL,NULL,0,'Spudder',1,NULL,NULL,NULL,1,0,0,0,0,0,0,1),(1149,1,112,4,NULL,NULL,NULL,0,'Spudder',0,NULL,NULL,NULL,1,0,0,0,0,0,0,1),(1150,1,112,4,NULL,NULL,NULL,0,'Glancer',1,NULL,NULL,NULL,1,0,0,0,0,0,0,1),(1151,1,112,4,NULL,NULL,NULL,0,'Gnat',0,NULL,NULL,NULL,1,0,0,0,0,0,0,1),(1152,1,112,4,NULL,NULL,NULL,0,'Gnat',0,NULL,NULL,NULL,1,0,0,0,0,0,0,1),(1153,1,112,4,NULL,NULL,NULL,0,'Glancer',1,NULL,NULL,NULL,1,0,0,0,0,0,0,1),(1154,1,112,4,NULL,NULL,NULL,0,'Glancer',1,NULL,NULL,NULL,1,0,0,0,0,0,0,1),(1155,1,112,4,NULL,NULL,NULL,0,'Glancer',1,NULL,NULL,NULL,1,0,0,0,0,0,0,1),(1156,1,112,4,NULL,NULL,NULL,0,'Glancer',1,NULL,NULL,NULL,1,0,0,0,0,0,0,1),(1157,1,112,4,NULL,NULL,NULL,0,'Gnat',0,NULL,NULL,NULL,1,0,0,0,0,0,0,1),(1158,1,112,4,NULL,NULL,NULL,0,'Gnat',0,NULL,NULL,NULL,1,0,0,0,0,0,0,1),(1159,1,112,4,NULL,NULL,NULL,0,'Gnat',1,NULL,NULL,NULL,1,0,0,0,0,0,0,1),(1160,1,113,4,NULL,NULL,NULL,0,'Gnawer',0,NULL,NULL,NULL,1,0,0,0,0,0,0,1),(1161,1,113,4,NULL,NULL,NULL,0,'Spudder',1,NULL,NULL,NULL,1,0,0,0,0,0,0,1),(1162,1,113,4,NULL,NULL,NULL,0,'Spudder',1,NULL,NULL,NULL,1,0,0,0,0,0,0,1),(1163,1,113,4,NULL,NULL,NULL,0,'Spudder',0,NULL,NULL,NULL,1,0,0,0,0,0,0,1),(1164,1,113,4,NULL,NULL,NULL,0,'Glancer',1,NULL,NULL,NULL,1,0,0,0,0,0,0,1),(1165,1,113,4,NULL,NULL,NULL,0,'Gnat',1,NULL,NULL,NULL,1,0,0,0,0,0,0,1),(1166,1,113,4,NULL,NULL,NULL,0,'Gnat',0,NULL,NULL,NULL,1,0,0,0,0,0,0,1),(1167,1,113,4,NULL,NULL,NULL,0,'Gnat',0,NULL,NULL,NULL,1,0,0,0,0,0,0,1),(1168,1,113,4,NULL,NULL,NULL,0,'Glancer',1,NULL,NULL,NULL,1,0,0,0,0,0,0,1),(1169,1,113,4,NULL,NULL,NULL,0,'Glancer',1,NULL,NULL,NULL,1,0,0,0,0,0,0,1),(1170,1,113,4,NULL,NULL,NULL,0,'Glancer',1,NULL,NULL,NULL,1,0,0,0,0,0,0,1),(1171,1,113,4,NULL,NULL,NULL,0,'Glancer',1,NULL,NULL,NULL,1,0,0,0,0,0,0,1),(1172,1,113,4,NULL,NULL,NULL,0,'Glancer',1,NULL,NULL,NULL,1,0,0,0,0,0,0,1),(1173,1,113,4,NULL,NULL,NULL,0,'Gnat',0,NULL,NULL,NULL,1,0,0,0,0,0,0,1),(1174,1,113,4,NULL,NULL,NULL,0,'Gnat',0,NULL,NULL,NULL,1,0,0,0,0,0,0,1),(1175,1,113,4,NULL,NULL,NULL,0,'Gnat',1,NULL,NULL,NULL,1,0,0,0,0,0,0,1),(1176,1,113,4,NULL,NULL,NULL,0,'Gnat',0,NULL,NULL,NULL,1,0,0,0,0,0,0,1),(1177,1,114,4,NULL,NULL,NULL,0,'Spudder',0,NULL,NULL,NULL,1,0,0,0,0,0,0,1),(1178,1,114,4,NULL,NULL,NULL,0,'Spudder',1,NULL,NULL,NULL,1,0,0,0,0,0,0,1),(1179,1,114,4,NULL,NULL,NULL,0,'Spudder',0,NULL,NULL,NULL,1,0,0,0,0,0,0,1),(1180,1,114,4,NULL,NULL,NULL,0,'Glancer',1,NULL,NULL,NULL,1,0,0,0,0,0,0,1),(1181,1,114,4,NULL,NULL,NULL,0,'Gnat',0,NULL,NULL,NULL,1,0,0,0,0,0,0,1),(1182,1,114,4,NULL,NULL,NULL,0,'Gnat',1,NULL,NULL,NULL,1,0,0,0,0,0,0,1),(1183,1,114,4,NULL,NULL,NULL,0,'Glancer',1,NULL,NULL,NULL,1,0,0,0,0,0,0,1),(1184,1,114,4,NULL,NULL,NULL,0,'Glancer',1,NULL,NULL,NULL,1,0,0,0,0,0,0,1),(1185,1,114,4,NULL,NULL,NULL,0,'Glancer',1,NULL,NULL,NULL,1,0,0,0,0,0,0,1),(1186,1,114,4,NULL,NULL,NULL,0,'Gnat',0,NULL,NULL,NULL,1,0,0,0,0,0,0,1),(1187,1,114,4,NULL,NULL,NULL,0,'Gnat',0,NULL,NULL,NULL,1,0,0,0,0,0,0,1),(1188,1,114,4,NULL,NULL,NULL,0,'Gnat',1,NULL,NULL,NULL,1,0,0,0,0,0,0,1),(1189,1,114,4,NULL,NULL,NULL,0,'Gnat',0,NULL,NULL,NULL,1,0,0,0,0,0,0,1),(1190,1,114,4,NULL,NULL,NULL,0,'Gnat',1,NULL,NULL,NULL,1,0,0,0,0,0,0,1),(1191,1,114,4,NULL,NULL,NULL,0,'Gnat',0,NULL,NULL,NULL,1,0,0,0,0,0,0,1),(1192,1,115,4,NULL,NULL,NULL,0,'Spudder',0,NULL,NULL,NULL,1,0,0,0,0,0,0,1),(1193,1,115,4,NULL,NULL,NULL,0,'Glancer',1,NULL,NULL,NULL,1,0,0,0,0,0,0,1),(1194,1,115,4,NULL,NULL,NULL,0,'Gnat',0,NULL,NULL,NULL,1,0,0,0,0,0,0,1),(1195,1,115,4,NULL,NULL,NULL,0,'Glancer',1,NULL,NULL,NULL,1,0,0,0,0,0,0,1),(1196,1,115,4,NULL,NULL,NULL,0,'Glancer',1,NULL,NULL,NULL,1,0,0,0,0,0,0,1),(1197,1,115,4,NULL,NULL,NULL,0,'Glancer',1,NULL,NULL,NULL,1,0,0,0,0,0,0,1),(1198,1,115,4,NULL,NULL,NULL,0,'Glancer',1,NULL,NULL,NULL,1,0,0,0,0,0,0,1),(1199,1,115,4,NULL,NULL,NULL,0,'Gnat',0,NULL,NULL,NULL,1,0,0,0,0,0,0,1),(1200,1,115,4,NULL,NULL,NULL,0,'Gnat',0,NULL,NULL,NULL,1,0,0,0,0,0,0,1),(1201,1,115,4,NULL,NULL,NULL,0,'Gnat',1,NULL,NULL,NULL,1,0,0,0,0,0,0,1),(1202,1,115,4,NULL,NULL,NULL,0,'Gnat',0,NULL,NULL,NULL,1,0,0,0,0,0,0,1),(1203,1,115,4,NULL,NULL,NULL,0,'Gnat',1,NULL,NULL,NULL,1,0,0,0,0,0,0,1),(1204,1,116,4,NULL,NULL,NULL,0,'Gnawer',0,NULL,NULL,NULL,1,0,0,0,0,0,0,1),(1205,1,116,4,NULL,NULL,NULL,0,'Gnawer',0,NULL,NULL,NULL,1,0,0,0,0,0,0,1),(1206,1,116,4,NULL,NULL,NULL,0,'Gnawer',0,NULL,NULL,NULL,1,0,0,0,0,0,0,1),(1207,1,116,4,NULL,NULL,NULL,0,'Spudder',0,NULL,NULL,NULL,1,0,0,0,0,0,0,1),(1208,1,116,4,NULL,NULL,NULL,0,'Spudder',1,NULL,NULL,NULL,1,0,0,0,0,0,0,1),(1209,1,116,4,NULL,NULL,NULL,0,'Spudder',0,NULL,NULL,NULL,1,0,0,0,0,0,0,1),(1210,1,116,4,NULL,NULL,NULL,0,'Glancer',1,NULL,NULL,NULL,1,0,0,0,0,0,0,1),(1211,1,116,4,NULL,NULL,NULL,0,'Gnat',0,NULL,NULL,NULL,1,0,0,0,0,0,0,1),(1212,1,116,4,NULL,NULL,NULL,0,'Gnat',0,NULL,NULL,NULL,1,0,0,0,0,0,0,1),(1213,1,116,4,NULL,NULL,NULL,0,'Glancer',1,NULL,NULL,NULL,1,0,0,0,0,0,0,1),(1214,1,116,4,NULL,NULL,NULL,0,'Glancer',1,NULL,NULL,NULL,1,0,0,0,0,0,0,1),(1215,1,116,4,NULL,NULL,NULL,0,'Glancer',1,NULL,NULL,NULL,1,0,0,0,0,0,0,1),(1216,1,116,4,NULL,NULL,NULL,0,'Gnat',0,NULL,NULL,NULL,1,0,0,0,0,0,0,1),(1217,1,116,4,NULL,NULL,NULL,0,'Gnat',0,NULL,NULL,NULL,1,0,0,0,0,0,0,1),(1218,1,116,4,NULL,NULL,NULL,0,'Gnat',1,NULL,NULL,NULL,1,0,0,0,0,0,0,1),(1219,1,116,4,NULL,NULL,NULL,0,'Gnat',0,NULL,NULL,NULL,1,0,0,0,0,0,0,1),(1220,1,117,4,NULL,NULL,NULL,0,'Gnawer',0,NULL,NULL,NULL,1,0,0,0,0,0,0,1),(1221,1,117,4,NULL,NULL,NULL,0,'Spudder',1,NULL,NULL,NULL,1,0,0,0,0,0,0,1),(1222,1,117,4,NULL,NULL,NULL,0,'Spudder',1,NULL,NULL,NULL,1,0,0,0,0,0,0,1),(1223,1,117,4,NULL,NULL,NULL,0,'Spudder',0,NULL,NULL,NULL,1,0,0,0,0,0,0,1),(1224,1,117,4,NULL,NULL,NULL,0,'Glancer',1,NULL,NULL,NULL,1,0,0,0,0,0,0,1),(1225,1,117,4,NULL,NULL,NULL,0,'Gnat',0,NULL,NULL,NULL,1,0,0,0,0,0,0,1),(1226,1,117,4,NULL,NULL,NULL,0,'Glancer',1,NULL,NULL,NULL,1,0,0,0,0,0,0,1),(1227,1,117,4,NULL,NULL,NULL,0,'Glancer',1,NULL,NULL,NULL,1,0,0,0,0,0,0,1),(1228,1,117,4,NULL,NULL,NULL,0,'Glancer',1,NULL,NULL,NULL,1,0,0,0,0,0,0,1),(1229,1,117,4,NULL,NULL,NULL,0,'Gnat',0,NULL,NULL,NULL,1,0,0,0,0,0,0,1),(1230,1,117,4,NULL,NULL,NULL,0,'Gnat',0,NULL,NULL,NULL,1,0,0,0,0,0,0,1),(1231,1,117,4,NULL,NULL,NULL,0,'Gnat',1,NULL,NULL,NULL,1,0,0,0,0,0,0,1),(1232,1,117,4,NULL,NULL,NULL,0,'Gnat',1,NULL,NULL,NULL,1,0,0,0,0,0,0,1),(1233,1,118,4,NULL,NULL,NULL,0,'Glancer',1,NULL,NULL,NULL,1,0,0,0,0,0,0,1),(1234,1,118,4,NULL,NULL,NULL,0,'Gnat',0,NULL,NULL,NULL,1,0,0,0,0,0,0,1),(1235,1,118,4,NULL,NULL,NULL,0,'Gnat',0,NULL,NULL,NULL,1,0,0,0,0,0,0,1),(1236,1,118,4,NULL,NULL,NULL,0,'Glancer',1,NULL,NULL,NULL,1,0,0,0,0,0,0,1),(1237,1,118,4,NULL,NULL,NULL,0,'Glancer',1,NULL,NULL,NULL,1,0,0,0,0,0,0,1),(1238,1,118,4,NULL,NULL,NULL,0,'Glancer',1,NULL,NULL,NULL,1,0,0,0,0,0,0,1),(1239,1,118,4,NULL,NULL,NULL,0,'Glancer',1,NULL,NULL,NULL,1,0,0,0,0,0,0,1),(1240,1,118,4,NULL,NULL,NULL,0,'Gnat',0,NULL,NULL,NULL,1,0,0,0,0,0,0,1),(1241,1,118,4,NULL,NULL,NULL,0,'Gnat',0,NULL,NULL,NULL,1,0,0,0,0,0,0,1),(1242,1,118,4,NULL,NULL,NULL,0,'Gnat',1,NULL,NULL,NULL,1,0,0,0,0,0,0,1),(1243,1,118,4,NULL,NULL,NULL,0,'Gnat',0,NULL,NULL,NULL,1,0,0,0,0,0,0,1),(1244,1,118,4,NULL,NULL,NULL,0,'Gnat',1,NULL,NULL,NULL,1,0,0,0,0,0,0,1),(1245,1,118,4,NULL,NULL,NULL,0,'Gnat',1,NULL,NULL,NULL,1,0,0,0,0,0,0,1),(1246,1,119,4,NULL,NULL,NULL,0,'Gnawer',0,NULL,NULL,NULL,1,0,0,0,0,0,0,1),(1247,1,119,4,NULL,NULL,NULL,0,'Gnawer',0,NULL,NULL,NULL,1,0,0,0,0,0,0,1),(1248,1,119,4,NULL,NULL,NULL,0,'Spudder',1,NULL,NULL,NULL,1,0,0,0,0,0,0,1),(1249,1,119,4,NULL,NULL,NULL,0,'Spudder',0,NULL,NULL,NULL,1,0,0,0,0,0,0,1),(1250,1,119,4,NULL,NULL,NULL,0,'Glancer',1,NULL,NULL,NULL,1,0,0,0,0,0,0,1),(1251,1,119,4,NULL,NULL,NULL,0,'Gnat',0,NULL,NULL,NULL,1,0,0,0,0,0,0,1),(1252,1,119,4,NULL,NULL,NULL,0,'Gnat',0,NULL,NULL,NULL,1,0,0,0,0,0,0,1),(1253,1,119,4,NULL,NULL,NULL,0,'Glancer',1,NULL,NULL,NULL,1,0,0,0,0,0,0,1),(1254,1,119,4,NULL,NULL,NULL,0,'Glancer',1,NULL,NULL,NULL,1,0,0,0,0,0,0,1),(1255,1,119,4,NULL,NULL,NULL,0,'Glancer',1,NULL,NULL,NULL,1,0,0,0,0,0,0,1),(1256,1,119,4,NULL,NULL,NULL,0,'Glancer',1,NULL,NULL,NULL,1,0,0,0,0,0,0,1),(1257,1,119,4,NULL,NULL,NULL,0,'Gnat',0,NULL,NULL,NULL,1,0,0,0,0,0,0,1),(1258,1,119,4,NULL,NULL,NULL,0,'Gnat',0,NULL,NULL,NULL,1,0,0,0,0,0,0,1),(1259,1,119,4,NULL,NULL,NULL,0,'Gnat',1,NULL,NULL,NULL,1,0,0,0,0,0,0,1),(1260,1,119,4,NULL,NULL,NULL,0,'Gnat',0,NULL,NULL,NULL,1,0,0,0,0,0,0,1),(1261,1,119,4,NULL,NULL,NULL,0,'Gnat',0,NULL,NULL,NULL,1,0,0,0,0,0,0,1),(1262,1,119,4,NULL,NULL,NULL,0,'Gnat',1,NULL,NULL,NULL,1,0,0,0,0,0,0,1),(1263,1,119,4,NULL,NULL,NULL,0,'Gnat',1,NULL,NULL,NULL,1,0,0,0,0,0,0,1),(1264,1,120,4,NULL,NULL,NULL,0,'Gnawer',0,NULL,NULL,NULL,1,0,0,0,0,0,0,1),(1265,1,120,4,NULL,NULL,NULL,0,'Gnawer',0,NULL,NULL,NULL,1,0,0,0,0,0,0,1),(1266,1,120,4,NULL,NULL,NULL,0,'Spudder',0,NULL,NULL,NULL,1,0,0,0,0,0,0,1),(1267,1,120,4,NULL,NULL,NULL,0,'Spudder',1,NULL,NULL,NULL,1,0,0,0,0,0,0,1),(1268,1,120,4,NULL,NULL,NULL,0,'Spudder',0,NULL,NULL,NULL,1,0,0,0,0,0,0,1),(1269,1,120,4,NULL,NULL,NULL,0,'Gnat',0,NULL,NULL,NULL,1,0,0,0,0,0,0,1),(1270,1,120,4,NULL,NULL,NULL,0,'Gnat',0,NULL,NULL,NULL,1,0,0,0,0,0,0,1),(1271,1,120,4,NULL,NULL,NULL,0,'Glancer',1,NULL,NULL,NULL,1,0,0,0,0,0,0,1),(1272,1,120,4,NULL,NULL,NULL,0,'Glancer',1,NULL,NULL,NULL,1,0,0,0,0,0,0,1),(1273,1,120,4,NULL,NULL,NULL,0,'Glancer',1,NULL,NULL,NULL,1,0,0,0,0,0,0,1),(1274,1,120,4,NULL,NULL,NULL,0,'Gnat',0,NULL,NULL,NULL,1,0,0,0,0,0,0,1),(1275,1,120,4,NULL,NULL,NULL,0,'Gnat',0,NULL,NULL,NULL,1,0,0,0,0,0,0,1),(1276,1,120,4,NULL,NULL,NULL,0,'Gnat',1,NULL,NULL,NULL,1,0,0,0,0,0,0,1),(1277,1,120,4,NULL,NULL,NULL,0,'Gnat',0,NULL,NULL,NULL,1,0,0,0,0,0,0,1),(1278,1,121,4,NULL,NULL,NULL,0,'Glancer',1,NULL,NULL,NULL,1,0,0,0,0,0,0,1),(1279,1,121,4,NULL,NULL,NULL,0,'Gnat',0,NULL,NULL,NULL,1,0,0,0,0,0,0,1),(1280,1,121,4,NULL,NULL,NULL,0,'Gnat',0,NULL,NULL,NULL,1,0,0,0,0,0,0,1),(1281,1,121,4,NULL,NULL,NULL,0,'Glancer',1,NULL,NULL,NULL,1,0,0,0,0,0,0,1),(1282,1,121,4,NULL,NULL,NULL,0,'Glancer',1,NULL,NULL,NULL,1,0,0,0,0,0,0,1),(1283,1,121,4,NULL,NULL,NULL,0,'Glancer',1,NULL,NULL,NULL,1,0,0,0,0,0,0,1),(1284,1,121,4,NULL,NULL,NULL,0,'Glancer',1,NULL,NULL,NULL,1,0,0,0,0,0,0,1),(1285,1,121,4,NULL,NULL,NULL,0,'Gnat',0,NULL,NULL,NULL,1,0,0,0,0,0,0,1),(1286,1,121,4,NULL,NULL,NULL,0,'Gnat',0,NULL,NULL,NULL,1,0,0,0,0,0,0,1),(1287,1,121,4,NULL,NULL,NULL,0,'Gnat',1,NULL,NULL,NULL,1,0,0,0,0,0,0,1),(1288,1,121,4,NULL,NULL,NULL,0,'Gnat',0,NULL,NULL,NULL,1,0,0,0,0,0,0,1),(1289,1,122,4,NULL,NULL,NULL,0,'Gnat',0,NULL,NULL,NULL,1,0,0,0,0,0,0,1),(1290,1,122,4,NULL,NULL,NULL,0,'Gnat',0,NULL,NULL,NULL,1,0,0,0,0,0,0,1),(1291,1,122,4,NULL,NULL,NULL,0,'Gnat',1,NULL,NULL,NULL,1,0,0,0,0,0,0,1),(1292,1,122,4,NULL,NULL,NULL,0,'Gnat',0,NULL,NULL,NULL,1,0,0,0,0,0,0,1),(1293,1,122,4,NULL,NULL,NULL,0,'Gnat',1,NULL,NULL,NULL,1,0,0,0,0,0,0,1),(1294,1,123,4,NULL,NULL,NULL,0,'Gnat',0,NULL,NULL,NULL,1,0,0,0,0,0,0,1),(1295,1,123,4,NULL,NULL,NULL,0,'Gnat',0,NULL,NULL,NULL,1,0,0,0,0,0,0,1),(1296,1,123,4,NULL,NULL,NULL,0,'Gnat',1,NULL,NULL,NULL,1,0,0,0,0,0,0,1),(1297,1,123,4,NULL,NULL,NULL,0,'Gnat',0,NULL,NULL,NULL,1,0,0,0,0,0,0,1),(1298,1,124,4,NULL,NULL,NULL,0,'Gnat',0,NULL,NULL,NULL,1,0,0,0,0,0,0,1),(1299,1,124,4,NULL,NULL,NULL,0,'Gnat',0,NULL,NULL,NULL,1,0,0,0,0,0,0,1),(1300,1,124,4,NULL,NULL,NULL,0,'Gnat',1,NULL,NULL,NULL,1,0,0,0,0,0,0,1),(1301,1,124,4,NULL,NULL,NULL,0,'Gnat',0,NULL,NULL,NULL,1,0,0,0,0,0,0,1),(1302,1,124,4,NULL,NULL,NULL,0,'Gnat',1,NULL,NULL,NULL,1,0,0,0,0,0,0,1),(1303,1,124,4,NULL,NULL,NULL,0,'Gnat',1,NULL,NULL,NULL,1,0,0,0,0,0,0,1),(1304,1,9,1,NULL,NULL,NULL,0,'Demosis',0,2,30,NULL,1,0,0,0,0,0,0,1),(1305,1,9,1,NULL,NULL,NULL,0,'Thor',0,2,30,NULL,1,0,0,0,0,0,0,1),(1306,1,9,1,NULL,NULL,NULL,0,'Thor',1,2,30,NULL,1,0,0,0,0,0,0,1),(1307,1,9,1,NULL,NULL,NULL,0,'Thor',0,2,30,NULL,1,0,0,0,0,0,0,1),(1308,1,9,1,NULL,NULL,NULL,0,'Thor',0,2,30,NULL,1,0,0,0,0,0,0,1),(1309,1,9,1,NULL,NULL,NULL,0,'Dirac',1,2,30,NULL,1,0,0,0,0,0,0,1),(1310,1,9,1,NULL,NULL,NULL,0,'Dirac',0,2,30,NULL,1,0,0,0,0,0,0,1),(1311,1,9,1,NULL,NULL,NULL,0,'Dirac',0,2,30,NULL,1,0,0,0,0,0,0,1),(1312,1,9,1,NULL,NULL,NULL,0,'Dirac',0,2,30,NULL,1,0,0,0,0,0,0,1),(1313,1,9,1,NULL,NULL,NULL,0,'Dirac',1,2,30,NULL,1,0,0,0,0,0,0,1),(1314,1,9,1,NULL,NULL,NULL,0,'Dirac',0,2,30,NULL,1,0,0,0,0,0,0,1),(1315,1,9,1,NULL,NULL,NULL,0,'Demosis',0,1,135,NULL,1,0,0,0,0,0,0,1),(1316,1,9,1,NULL,NULL,NULL,0,'Demosis',0,1,135,NULL,1,0,0,0,0,0,0,1),(1317,1,9,1,NULL,NULL,NULL,0,'Thor',1,1,135,NULL,1,0,0,0,0,0,0,1),(1318,1,9,1,NULL,NULL,NULL,0,'Dirac',0,1,135,NULL,1,0,0,0,0,0,0,1),(1319,1,9,1,NULL,NULL,NULL,0,'Dirac',0,1,135,NULL,1,0,0,0,0,0,0,1),(1320,1,9,1,NULL,NULL,NULL,0,'Dirac',0,1,135,NULL,1,0,0,0,0,0,0,1),(1321,1,9,1,NULL,NULL,NULL,0,'Dirac',1,1,135,NULL,1,0,0,0,0,0,0,1),(1322,1,9,1,NULL,NULL,NULL,0,'Thor',1,2,180,NULL,1,0,0,0,0,0,0,1),(1323,1,9,1,NULL,NULL,NULL,0,'Thor',0,2,180,NULL,1,0,0,0,0,0,0,1),(1324,1,9,1,NULL,NULL,NULL,0,'Thor',1,2,180,NULL,1,0,0,0,0,0,0,1),(1325,1,9,1,NULL,NULL,NULL,0,'Thor',0,2,180,NULL,1,0,0,0,0,0,0,1),(1326,1,9,1,NULL,NULL,NULL,0,'Thor',0,2,180,NULL,1,0,0,0,0,0,0,1),(1327,1,9,1,NULL,NULL,NULL,0,'Dirac',0,2,180,NULL,1,0,0,0,0,0,0,1),(1328,1,9,1,NULL,NULL,NULL,0,'Dirac',1,2,180,NULL,1,0,0,0,0,0,0,1),(1329,1,9,1,NULL,NULL,NULL,0,'Dirac',0,2,180,NULL,1,0,0,0,0,0,0,1),(1330,1,9,1,NULL,NULL,NULL,0,'Dirac',1,2,180,NULL,1,0,0,0,0,0,0,1),(1331,1,9,1,NULL,NULL,NULL,0,'Dirac',1,2,180,NULL,1,0,0,0,0,0,0,1),(1332,1,9,1,NULL,NULL,NULL,0,'Dirac',1,2,180,NULL,1,0,0,0,0,0,0,1),(1333,1,9,1,NULL,NULL,NULL,0,'Dirac',1,2,180,NULL,1,0,0,0,0,0,0,1),(1334,1,9,1,NULL,NULL,NULL,0,'Demosis',0,2,330,NULL,1,0,0,0,0,0,0,1),(1335,1,9,1,NULL,NULL,NULL,0,'Thor',1,2,330,NULL,1,0,0,0,0,0,0,1),(1336,1,9,1,NULL,NULL,NULL,0,'Thor',0,2,330,NULL,1,0,0,0,0,0,0,1),(1337,1,9,1,NULL,NULL,NULL,0,'Thor',0,2,330,NULL,1,0,0,0,0,0,0,1),(1338,1,9,1,NULL,NULL,NULL,0,'Thor',0,2,330,NULL,1,0,0,0,0,0,0,1),(1339,1,9,1,NULL,NULL,NULL,0,'Dirac',0,2,330,NULL,1,0,0,0,0,0,0,1),(1340,1,9,1,NULL,NULL,NULL,0,'Dirac',0,2,330,NULL,1,0,0,0,0,0,0,1),(1341,1,9,1,NULL,NULL,NULL,0,'Dirac',1,2,330,NULL,1,0,0,0,0,0,0,1),(1342,1,9,1,NULL,NULL,NULL,0,'Dirac',1,2,330,NULL,1,0,0,0,0,0,0,1),(1343,1,9,1,NULL,NULL,NULL,0,'Dirac',1,2,330,NULL,1,0,0,0,0,0,0,1),(1344,1,9,1,NULL,NULL,NULL,0,'Dirac',1,2,330,NULL,1,0,0,0,0,0,0,1),(1345,1,9,1,NULL,NULL,NULL,0,'Demosis',0,0,270,NULL,1,0,0,0,0,0,0,1),(1346,1,9,1,NULL,NULL,NULL,0,'Thor',0,0,270,NULL,1,0,0,0,0,0,0,1),(1347,1,9,1,NULL,NULL,NULL,0,'Thor',0,0,270,NULL,1,0,0,0,0,0,0,1),(1348,1,9,1,NULL,NULL,NULL,0,'Dirac',0,0,270,NULL,1,0,0,0,0,0,0,1),(1349,1,9,1,NULL,NULL,NULL,0,'Dirac',0,0,270,NULL,1,0,0,0,0,0,0,1),(1350,1,9,1,NULL,NULL,NULL,0,'Dirac',0,0,270,NULL,1,0,0,0,0,0,0,1),(1351,1,9,1,NULL,NULL,NULL,0,'Dirac',1,0,270,NULL,1,0,0,0,0,0,0,1),(1352,1,125,4,NULL,NULL,NULL,0,'Glancer',1,NULL,NULL,NULL,1,0,0,0,0,0,0,1),(1353,1,125,4,NULL,NULL,NULL,0,'Gnat',0,NULL,NULL,NULL,1,0,0,0,0,0,0,1),(1354,1,125,4,NULL,NULL,NULL,0,'Gnat',0,NULL,NULL,NULL,1,0,0,0,0,0,0,1),(1355,1,125,4,NULL,NULL,NULL,0,'Gnat',1,NULL,NULL,NULL,1,0,0,0,0,0,0,1),(1356,1,125,4,NULL,NULL,NULL,0,'Gnat',0,NULL,NULL,NULL,1,0,0,0,0,0,0,1),(1357,1,125,4,NULL,NULL,NULL,0,'Gnat',0,NULL,NULL,NULL,1,0,0,0,0,0,0,1),(1358,1,125,4,NULL,NULL,NULL,0,'Gnat',1,NULL,NULL,NULL,1,0,0,0,0,0,0,1),(1359,1,125,4,NULL,NULL,NULL,0,'Gnat',1,NULL,NULL,NULL,1,0,0,0,0,0,0,1),(1360,1,126,4,NULL,NULL,NULL,0,'Glancer',1,NULL,NULL,NULL,1,0,0,0,0,0,0,1),(1361,1,126,4,NULL,NULL,NULL,0,'Glancer',1,NULL,NULL,NULL,1,0,0,0,0,0,0,1),(1362,1,126,4,NULL,NULL,NULL,0,'Gnat',0,NULL,NULL,NULL,1,0,0,0,0,0,0,1),(1363,1,126,4,NULL,NULL,NULL,0,'Gnat',0,NULL,NULL,NULL,1,0,0,0,0,0,0,1),(1364,1,126,4,NULL,NULL,NULL,0,'Gnat',1,NULL,NULL,NULL,1,0,0,0,0,0,0,1),(1365,1,126,4,NULL,NULL,NULL,0,'Gnat',0,NULL,NULL,NULL,1,0,0,0,0,0,0,1),(1366,1,127,4,NULL,NULL,NULL,0,'Glancer',1,NULL,NULL,NULL,1,0,0,0,0,0,0,1),(1367,1,127,4,NULL,NULL,NULL,0,'Gnat',0,NULL,NULL,NULL,1,0,0,0,0,0,0,1),(1368,1,127,4,NULL,NULL,NULL,0,'Gnat',0,NULL,NULL,NULL,1,0,0,0,0,0,0,1),(1369,1,127,4,NULL,NULL,NULL,0,'Gnat',1,NULL,NULL,NULL,1,0,0,0,0,0,0,1),(1370,1,127,4,NULL,NULL,NULL,0,'Gnat',0,NULL,NULL,NULL,1,0,0,0,0,0,0,1),(1371,1,127,4,NULL,NULL,NULL,0,'Gnat',1,NULL,NULL,NULL,1,0,0,0,0,0,0,1),(1372,1,127,4,NULL,NULL,NULL,0,'Gnat',1,NULL,NULL,NULL,1,0,0,0,0,0,0,1),(1373,1,128,4,NULL,NULL,NULL,0,'Gnawer',0,NULL,NULL,NULL,1,0,0,0,0,0,0,1),(1374,1,128,4,NULL,NULL,NULL,0,'Spudder',1,NULL,NULL,NULL,1,0,0,0,0,0,0,1),(1375,1,128,4,NULL,NULL,NULL,0,'Gnawer',0,NULL,NULL,NULL,1,0,0,0,0,0,0,1),(1376,1,128,4,NULL,NULL,NULL,0,'Spudder',0,NULL,NULL,NULL,1,0,0,0,0,0,0,1),(1377,1,128,4,NULL,NULL,NULL,0,'Gnat',1,NULL,NULL,NULL,1,0,0,0,0,0,0,1),(1378,1,128,4,NULL,NULL,NULL,0,'Gnat',0,NULL,NULL,NULL,1,0,0,0,0,0,0,1),(1379,1,128,4,NULL,NULL,NULL,0,'Gnat',0,NULL,NULL,NULL,1,0,0,0,0,0,0,1),(1380,1,128,4,NULL,NULL,NULL,0,'Glancer',1,NULL,NULL,NULL,1,0,0,0,0,0,0,1),(1381,1,128,4,NULL,NULL,NULL,0,'Glancer',1,NULL,NULL,NULL,1,0,0,0,0,0,0,1),(1382,1,128,4,NULL,NULL,NULL,0,'Glancer',1,NULL,NULL,NULL,1,0,0,0,0,0,0,1),(1383,1,128,4,NULL,NULL,NULL,0,'Gnat',0,NULL,NULL,NULL,1,0,0,0,0,0,0,1),(1384,1,128,4,NULL,NULL,NULL,0,'Gnat',0,NULL,NULL,NULL,1,0,0,0,0,0,0,1),(1385,1,128,4,NULL,NULL,NULL,0,'Gnat',1,NULL,NULL,NULL,1,0,0,0,0,0,0,1),(1386,1,128,4,NULL,NULL,NULL,0,'Gnat',1,NULL,NULL,NULL,1,0,0,0,0,0,0,1),(1387,1,128,4,NULL,NULL,NULL,0,'Gnat',0,NULL,NULL,NULL,1,0,0,0,0,0,0,1),(1388,1,129,4,NULL,NULL,NULL,0,'Gnawer',0,NULL,NULL,NULL,1,0,0,0,0,0,0,1),(1389,1,129,4,NULL,NULL,NULL,0,'Gnawer',0,NULL,NULL,NULL,1,0,0,0,0,0,0,1),(1390,1,129,4,NULL,NULL,NULL,0,'Spudder',0,NULL,NULL,NULL,1,0,0,0,0,0,0,1),(1391,1,129,4,NULL,NULL,NULL,0,'Spudder',1,NULL,NULL,NULL,1,0,0,0,0,0,0,1),(1392,1,129,4,NULL,NULL,NULL,0,'Spudder',0,NULL,NULL,NULL,1,0,0,0,0,0,0,1),(1393,1,129,4,NULL,NULL,NULL,0,'Gnat',0,NULL,NULL,NULL,1,0,0,0,0,0,0,1),(1394,1,129,4,NULL,NULL,NULL,0,'Gnat',0,NULL,NULL,NULL,1,0,0,0,0,0,0,1),(1395,1,129,4,NULL,NULL,NULL,0,'Glancer',1,NULL,NULL,NULL,1,0,0,0,0,0,0,1),(1396,1,129,4,NULL,NULL,NULL,0,'Glancer',1,NULL,NULL,NULL,1,0,0,0,0,0,0,1),(1397,1,129,4,NULL,NULL,NULL,0,'Glancer',1,NULL,NULL,NULL,1,0,0,0,0,0,0,1),(1398,1,129,4,NULL,NULL,NULL,0,'Gnat',0,NULL,NULL,NULL,1,0,0,0,0,0,0,1),(1399,1,129,4,NULL,NULL,NULL,0,'Gnat',0,NULL,NULL,NULL,1,0,0,0,0,0,0,1),(1400,1,129,4,NULL,NULL,NULL,0,'Gnat',1,NULL,NULL,NULL,1,0,0,0,0,0,0,1),(1401,1,129,4,NULL,NULL,NULL,0,'Gnat',0,NULL,NULL,NULL,1,0,0,0,0,0,0,1),(1402,1,129,4,NULL,NULL,NULL,0,'Gnat',1,NULL,NULL,NULL,1,0,0,0,0,0,0,1),(1403,1,130,4,NULL,NULL,NULL,0,'Gnawer',0,NULL,NULL,NULL,1,0,0,0,0,0,0,1),(1404,1,130,4,NULL,NULL,NULL,0,'Spudder',0,NULL,NULL,NULL,1,0,0,0,0,0,0,1),(1405,1,130,4,NULL,NULL,NULL,0,'Spudder',0,NULL,NULL,NULL,1,0,0,0,0,0,0,1),(1406,1,130,4,NULL,NULL,NULL,0,'Glancer',1,NULL,NULL,NULL,1,0,0,0,0,0,0,1),(1407,1,130,4,NULL,NULL,NULL,0,'Gnat',0,NULL,NULL,NULL,1,0,0,0,0,0,0,1),(1408,1,130,4,NULL,NULL,NULL,0,'Gnat',0,NULL,NULL,NULL,1,0,0,0,0,0,0,1),(1409,1,130,4,NULL,NULL,NULL,0,'Gnat',0,NULL,NULL,NULL,1,0,0,0,0,0,0,1),(1410,1,130,4,NULL,NULL,NULL,0,'Glancer',1,NULL,NULL,NULL,1,0,0,0,0,0,0,1),(1411,1,130,4,NULL,NULL,NULL,0,'Glancer',1,NULL,NULL,NULL,1,0,0,0,0,0,0,1),(1412,1,130,4,NULL,NULL,NULL,0,'Glancer',1,NULL,NULL,NULL,1,0,0,0,0,0,0,1),(1413,1,130,4,NULL,NULL,NULL,0,'Glancer',1,NULL,NULL,NULL,1,0,0,0,0,0,0,1),(1414,1,130,4,NULL,NULL,NULL,0,'Gnat',0,NULL,NULL,NULL,1,0,0,0,0,0,0,1),(1415,1,130,4,NULL,NULL,NULL,0,'Gnat',0,NULL,NULL,NULL,1,0,0,0,0,0,0,1),(1416,1,130,4,NULL,NULL,NULL,0,'Gnat',1,NULL,NULL,NULL,1,0,0,0,0,0,0,1),(1417,1,130,4,NULL,NULL,NULL,0,'Gnat',0,NULL,NULL,NULL,1,0,0,0,0,0,0,1),(1418,1,130,4,NULL,NULL,NULL,0,'Gnat',0,NULL,NULL,NULL,1,0,0,0,0,0,0,1),(1419,1,130,4,NULL,NULL,NULL,0,'Gnat',1,NULL,NULL,NULL,1,0,0,0,0,0,0,1),(1420,1,131,4,NULL,NULL,NULL,0,'Spudder',0,NULL,NULL,NULL,1,0,0,0,0,0,0,1),(1421,1,131,4,NULL,NULL,NULL,0,'Spudder',1,NULL,NULL,NULL,1,0,0,0,0,0,0,1),(1422,1,131,4,NULL,NULL,NULL,0,'Spudder',0,NULL,NULL,NULL,1,0,0,0,0,0,0,1),(1423,1,131,4,NULL,NULL,NULL,0,'Glancer',1,NULL,NULL,NULL,1,0,0,0,0,0,0,1),(1424,1,131,4,NULL,NULL,NULL,0,'Gnat',1,NULL,NULL,NULL,1,0,0,0,0,0,0,1),(1425,1,131,4,NULL,NULL,NULL,0,'Gnat',0,NULL,NULL,NULL,1,0,0,0,0,0,0,1),(1426,1,131,4,NULL,NULL,NULL,0,'Gnat',0,NULL,NULL,NULL,1,0,0,0,0,0,0,1),(1427,1,131,4,NULL,NULL,NULL,0,'Glancer',1,NULL,NULL,NULL,1,0,0,0,0,0,0,1),(1428,1,131,4,NULL,NULL,NULL,0,'Glancer',1,NULL,NULL,NULL,1,0,0,0,0,0,0,1),(1429,1,131,4,NULL,NULL,NULL,0,'Glancer',1,NULL,NULL,NULL,1,0,0,0,0,0,0,1),(1430,1,131,4,NULL,NULL,NULL,0,'Glancer',1,NULL,NULL,NULL,1,0,0,0,0,0,0,1),(1431,1,131,4,NULL,NULL,NULL,0,'Glancer',1,NULL,NULL,NULL,1,0,0,0,0,0,0,1),(1432,1,131,4,NULL,NULL,NULL,0,'Gnat',0,NULL,NULL,NULL,1,0,0,0,0,0,0,1),(1433,1,131,4,NULL,NULL,NULL,0,'Gnat',0,NULL,NULL,NULL,1,0,0,0,0,0,0,1),(1434,1,131,4,NULL,NULL,NULL,0,'Gnat',1,NULL,NULL,NULL,1,0,0,0,0,0,0,1),(1435,1,131,4,NULL,NULL,NULL,0,'Gnat',0,NULL,NULL,NULL,1,0,0,0,0,0,0,1),(1436,1,131,4,NULL,NULL,NULL,0,'Gnat',0,NULL,NULL,NULL,1,0,0,0,0,0,0,1),(1437,1,132,4,NULL,NULL,NULL,0,'Spudder',0,NULL,NULL,NULL,1,0,0,0,0,0,0,1),(1438,1,132,4,NULL,NULL,NULL,0,'Glancer',1,NULL,NULL,NULL,1,0,0,0,0,0,0,1),(1439,1,132,4,NULL,NULL,NULL,0,'Glancer',1,NULL,NULL,NULL,1,0,0,0,0,0,0,1),(1440,1,132,4,NULL,NULL,NULL,0,'Glancer',1,NULL,NULL,NULL,1,0,0,0,0,0,0,1),(1441,1,132,4,NULL,NULL,NULL,0,'Glancer',1,NULL,NULL,NULL,1,0,0,0,0,0,0,1),(1442,1,132,4,NULL,NULL,NULL,0,'Gnat',0,NULL,NULL,NULL,1,0,0,0,0,0,0,1),(1443,1,132,4,NULL,NULL,NULL,0,'Gnat',0,NULL,NULL,NULL,1,0,0,0,0,0,0,1),(1444,1,132,4,NULL,NULL,NULL,0,'Gnat',1,NULL,NULL,NULL,1,0,0,0,0,0,0,1),(1445,1,132,4,NULL,NULL,NULL,0,'Gnat',0,NULL,NULL,NULL,1,0,0,0,0,0,0,1),(1446,1,132,4,NULL,NULL,NULL,0,'Gnat',0,NULL,NULL,NULL,1,0,0,0,0,0,0,1),(1447,1,132,4,NULL,NULL,NULL,0,'Gnat',1,NULL,NULL,NULL,1,0,0,0,0,0,0,1),(1448,1,132,4,NULL,NULL,NULL,0,'Gnat',1,NULL,NULL,NULL,1,0,0,0,0,0,0,1),(1449,1,133,4,NULL,NULL,NULL,0,'Gnawer',0,NULL,NULL,NULL,1,0,0,0,0,0,0,1),(1450,1,133,4,NULL,NULL,NULL,0,'Gnawer',0,NULL,NULL,NULL,1,0,0,0,0,0,0,1),(1451,1,133,4,NULL,NULL,NULL,0,'Gnawer',0,NULL,NULL,NULL,1,0,0,0,0,0,0,1),(1452,1,133,4,NULL,NULL,NULL,0,'Gnawer',0,NULL,NULL,NULL,1,0,0,0,0,0,0,1),(1453,1,133,4,NULL,NULL,NULL,0,'Spudder',0,NULL,NULL,NULL,1,0,0,0,0,0,0,1),(1454,1,133,4,NULL,NULL,NULL,0,'Spudder',1,NULL,NULL,NULL,1,0,0,0,0,0,0,1),(1455,1,133,4,NULL,NULL,NULL,0,'Spudder',1,NULL,NULL,NULL,1,0,0,0,0,0,0,1),(1456,1,133,4,NULL,NULL,NULL,0,'Spudder',0,NULL,NULL,NULL,1,0,0,0,0,0,0,1),(1457,1,133,4,NULL,NULL,NULL,0,'Glancer',1,NULL,NULL,NULL,1,0,0,0,0,0,0,1),(1458,1,133,4,NULL,NULL,NULL,0,'Gnat',0,NULL,NULL,NULL,1,0,0,0,0,0,0,1),(1459,1,133,4,NULL,NULL,NULL,0,'Gnat',0,NULL,NULL,NULL,1,0,0,0,0,0,0,1),(1460,1,133,4,NULL,NULL,NULL,0,'Glancer',1,NULL,NULL,NULL,1,0,0,0,0,0,0,1),(1461,1,133,4,NULL,NULL,NULL,0,'Glancer',1,NULL,NULL,NULL,1,0,0,0,0,0,0,1),(1462,1,133,4,NULL,NULL,NULL,0,'Gnat',0,NULL,NULL,NULL,1,0,0,0,0,0,0,1),(1463,1,133,4,NULL,NULL,NULL,0,'Gnat',0,NULL,NULL,NULL,1,0,0,0,0,0,0,1),(1464,1,133,4,NULL,NULL,NULL,0,'Gnat',1,NULL,NULL,NULL,1,0,0,0,0,0,0,1),(1465,1,133,4,NULL,NULL,NULL,0,'Gnat',1,NULL,NULL,NULL,1,0,0,0,0,0,0,1),(1466,1,133,4,NULL,NULL,NULL,0,'Gnat',1,NULL,NULL,NULL,1,0,0,0,0,0,0,1),(1467,1,134,4,NULL,NULL,NULL,0,'Gnawer',0,NULL,NULL,NULL,1,0,0,0,0,0,0,1),(1468,1,134,4,NULL,NULL,NULL,0,'Gnawer',0,NULL,NULL,NULL,1,0,0,0,0,0,0,1),(1469,1,134,4,NULL,NULL,NULL,0,'Spudder',0,NULL,NULL,NULL,1,0,0,0,0,0,0,1),(1470,1,134,4,NULL,NULL,NULL,0,'Spudder',1,NULL,NULL,NULL,1,0,0,0,0,0,0,1),(1471,1,134,4,NULL,NULL,NULL,0,'Spudder',0,NULL,NULL,NULL,1,0,0,0,0,0,0,1),(1472,1,134,4,NULL,NULL,NULL,0,'Spudder',0,NULL,NULL,NULL,1,0,0,0,0,0,0,1),(1473,1,134,4,NULL,NULL,NULL,0,'Glancer',1,NULL,NULL,NULL,1,0,0,0,0,0,0,1),(1474,1,134,4,NULL,NULL,NULL,0,'Gnat',0,NULL,NULL,NULL,1,0,0,0,0,0,0,1),(1475,1,134,4,NULL,NULL,NULL,0,'Glancer',1,NULL,NULL,NULL,1,0,0,0,0,0,0,1),(1476,1,134,4,NULL,NULL,NULL,0,'Glancer',1,NULL,NULL,NULL,1,0,0,0,0,0,0,1),(1477,1,134,4,NULL,NULL,NULL,0,'Glancer',1,NULL,NULL,NULL,1,0,0,0,0,0,0,1),(1478,1,134,4,NULL,NULL,NULL,0,'Glancer',1,NULL,NULL,NULL,1,0,0,0,0,0,0,1),(1479,1,134,4,NULL,NULL,NULL,0,'Gnat',0,NULL,NULL,NULL,1,0,0,0,0,0,0,1),(1480,1,134,4,NULL,NULL,NULL,0,'Gnat',0,NULL,NULL,NULL,1,0,0,0,0,0,0,1),(1481,1,134,4,NULL,NULL,NULL,0,'Gnat',1,NULL,NULL,NULL,1,0,0,0,0,0,0,1),(1482,1,134,4,NULL,NULL,NULL,0,'Gnat',0,NULL,NULL,NULL,1,0,0,0,0,0,0,1),(1483,1,134,4,NULL,NULL,NULL,0,'Gnat',0,NULL,NULL,NULL,1,0,0,0,0,0,0,1),(1484,1,134,4,NULL,NULL,NULL,0,'Gnat',1,NULL,NULL,NULL,1,0,0,0,0,0,0,1),(1485,1,135,4,NULL,NULL,NULL,0,'Gnawer',0,NULL,NULL,NULL,1,0,0,0,0,0,0,1),(1486,1,135,4,NULL,NULL,NULL,0,'Spudder',0,NULL,NULL,NULL,1,0,0,0,0,0,0,1),(1487,1,135,4,NULL,NULL,NULL,0,'Spudder',0,NULL,NULL,NULL,1,0,0,0,0,0,0,1),(1488,1,135,4,NULL,NULL,NULL,0,'Glancer',1,NULL,NULL,NULL,1,0,0,0,0,0,0,1),(1489,1,135,4,NULL,NULL,NULL,0,'Gnat',0,NULL,NULL,NULL,1,0,0,0,0,0,0,1),(1490,1,135,4,NULL,NULL,NULL,0,'Gnat',0,NULL,NULL,NULL,1,0,0,0,0,0,0,1),(1491,1,135,4,NULL,NULL,NULL,0,'Glancer',1,NULL,NULL,NULL,1,0,0,0,0,0,0,1),(1492,1,135,4,NULL,NULL,NULL,0,'Glancer',1,NULL,NULL,NULL,1,0,0,0,0,0,0,1),(1493,1,135,4,NULL,NULL,NULL,0,'Glancer',1,NULL,NULL,NULL,1,0,0,0,0,0,0,1),(1494,1,135,4,NULL,NULL,NULL,0,'Gnat',0,NULL,NULL,NULL,1,0,0,0,0,0,0,1),(1495,1,135,4,NULL,NULL,NULL,0,'Gnat',0,NULL,NULL,NULL,1,0,0,0,0,0,0,1),(1496,1,135,4,NULL,NULL,NULL,0,'Gnat',1,NULL,NULL,NULL,1,0,0,0,0,0,0,1),(1497,1,135,4,NULL,NULL,NULL,0,'Gnat',0,NULL,NULL,NULL,1,0,0,0,0,0,0,1),(1498,1,135,4,NULL,NULL,NULL,0,'Gnat',1,NULL,NULL,NULL,1,0,0,0,0,0,0,1),(1499,1,135,4,NULL,NULL,NULL,0,'Gnat',1,NULL,NULL,NULL,1,0,0,0,0,0,0,1),(1500,1,136,4,NULL,NULL,NULL,0,'Gnawer',0,NULL,NULL,NULL,1,0,0,0,0,0,0,1),(1501,1,136,4,NULL,NULL,NULL,0,'Spudder',0,NULL,NULL,NULL,1,0,0,0,0,0,0,1),(1502,1,136,4,NULL,NULL,NULL,0,'Spudder',1,NULL,NULL,NULL,1,0,0,0,0,0,0,1),(1503,1,136,4,NULL,NULL,NULL,0,'Spudder',0,NULL,NULL,NULL,1,0,0,0,0,0,0,1),(1504,1,136,4,NULL,NULL,NULL,0,'Spudder',1,NULL,NULL,NULL,1,0,0,0,0,0,0,1),(1505,1,136,4,NULL,NULL,NULL,0,'Spudder',0,NULL,NULL,NULL,1,0,0,0,0,0,0,1),(1506,1,136,4,NULL,NULL,NULL,0,'Glancer',1,NULL,NULL,NULL,1,0,0,0,0,0,0,1),(1507,1,136,4,NULL,NULL,NULL,0,'Gnat',0,NULL,NULL,NULL,1,0,0,0,0,0,0,1),(1508,1,136,4,NULL,NULL,NULL,0,'Gnat',0,NULL,NULL,NULL,1,0,0,0,0,0,0,1),(1509,1,136,4,NULL,NULL,NULL,0,'Glancer',1,NULL,NULL,NULL,1,0,0,0,0,0,0,1),(1510,1,136,4,NULL,NULL,NULL,0,'Glancer',1,NULL,NULL,NULL,1,0,0,0,0,0,0,1),(1511,1,136,4,NULL,NULL,NULL,0,'Glancer',1,NULL,NULL,NULL,1,0,0,0,0,0,0,1),(1512,1,136,4,NULL,NULL,NULL,0,'Gnat',0,NULL,NULL,NULL,1,0,0,0,0,0,0,1),(1513,1,136,4,NULL,NULL,NULL,0,'Gnat',0,NULL,NULL,NULL,1,0,0,0,0,0,0,1),(1514,1,136,4,NULL,NULL,NULL,0,'Gnat',1,NULL,NULL,NULL,1,0,0,0,0,0,0,1),(1515,1,136,4,NULL,NULL,NULL,0,'Gnat',0,NULL,NULL,NULL,1,0,0,0,0,0,0,1),(1516,1,136,4,NULL,NULL,NULL,0,'Gnat',1,NULL,NULL,NULL,1,0,0,0,0,0,0,1),(1517,1,136,4,NULL,NULL,NULL,0,'Gnat',0,NULL,NULL,NULL,1,0,0,0,0,0,0,1),(1518,1,137,4,NULL,NULL,NULL,0,'Glancer',1,NULL,NULL,NULL,1,0,0,0,0,0,0,1),(1519,1,137,4,NULL,NULL,NULL,0,'Gnat',0,NULL,NULL,NULL,1,0,0,0,0,0,0,1),(1520,1,137,4,NULL,NULL,NULL,0,'Gnat',0,NULL,NULL,NULL,1,0,0,0,0,0,0,1),(1521,1,137,4,NULL,NULL,NULL,0,'Glancer',1,NULL,NULL,NULL,1,0,0,0,0,0,0,1),(1522,1,137,4,NULL,NULL,NULL,0,'Glancer',1,NULL,NULL,NULL,1,0,0,0,0,0,0,1),(1523,1,137,4,NULL,NULL,NULL,0,'Glancer',1,NULL,NULL,NULL,1,0,0,0,0,0,0,1),(1524,1,137,4,NULL,NULL,NULL,0,'Glancer',1,NULL,NULL,NULL,1,0,0,0,0,0,0,1),(1525,1,137,4,NULL,NULL,NULL,0,'Gnat',0,NULL,NULL,NULL,1,0,0,0,0,0,0,1),(1526,1,137,4,NULL,NULL,NULL,0,'Gnat',0,NULL,NULL,NULL,1,0,0,0,0,0,0,1),(1527,1,137,4,NULL,NULL,NULL,0,'Gnat',1,NULL,NULL,NULL,1,0,0,0,0,0,0,1),(1528,1,137,4,NULL,NULL,NULL,0,'Gnat',0,NULL,NULL,NULL,1,0,0,0,0,0,0,1),(1529,1,138,4,NULL,NULL,NULL,0,'Spudder',0,NULL,NULL,NULL,1,0,0,0,0,0,0,1),(1530,1,138,4,NULL,NULL,NULL,0,'Glancer',1,NULL,NULL,NULL,1,0,0,0,0,0,0,1),(1531,1,138,4,NULL,NULL,NULL,0,'Gnat',0,NULL,NULL,NULL,1,0,0,0,0,0,0,1),(1532,1,138,4,NULL,NULL,NULL,0,'Gnat',1,NULL,NULL,NULL,1,0,0,0,0,0,0,1),(1533,1,138,4,NULL,NULL,NULL,0,'Gnat',0,NULL,NULL,NULL,1,0,0,0,0,0,0,1),(1534,1,138,4,NULL,NULL,NULL,0,'Gnat',0,NULL,NULL,NULL,1,0,0,0,0,0,0,1),(1535,1,138,4,NULL,NULL,NULL,0,'Glancer',1,NULL,NULL,NULL,1,0,0,0,0,0,0,1),(1536,1,138,4,NULL,NULL,NULL,0,'Glancer',1,NULL,NULL,NULL,1,0,0,0,0,0,0,1),(1537,1,138,4,NULL,NULL,NULL,0,'Gnat',0,NULL,NULL,NULL,1,0,0,0,0,0,0,1),(1538,1,138,4,NULL,NULL,NULL,0,'Gnat',0,NULL,NULL,NULL,1,0,0,0,0,0,0,1),(1539,1,138,4,NULL,NULL,NULL,0,'Gnat',1,NULL,NULL,NULL,1,0,0,0,0,0,0,1),(1540,1,138,4,NULL,NULL,NULL,0,'Gnat',1,NULL,NULL,NULL,1,0,0,0,0,0,0,1),(1541,1,139,4,NULL,NULL,NULL,0,'Glancer',1,NULL,NULL,NULL,1,0,0,0,0,0,0,1),(1542,1,139,4,NULL,NULL,NULL,0,'Gnat',0,NULL,NULL,NULL,1,0,0,0,0,0,0,1),(1543,1,139,4,NULL,NULL,NULL,0,'Glancer',1,NULL,NULL,NULL,1,0,0,0,0,0,0,1),(1544,1,139,4,NULL,NULL,NULL,0,'Glancer',1,NULL,NULL,NULL,1,0,0,0,0,0,0,1),(1545,1,139,4,NULL,NULL,NULL,0,'Glancer',1,NULL,NULL,NULL,1,0,0,0,0,0,0,1),(1546,1,139,4,NULL,NULL,NULL,0,'Gnat',0,NULL,NULL,NULL,1,0,0,0,0,0,0,1),(1547,1,139,4,NULL,NULL,NULL,0,'Gnat',0,NULL,NULL,NULL,1,0,0,0,0,0,0,1),(1548,1,139,4,NULL,NULL,NULL,0,'Gnat',1,NULL,NULL,NULL,1,0,0,0,0,0,0,1),(1549,1,139,4,NULL,NULL,NULL,0,'Gnat',0,NULL,NULL,NULL,1,0,0,0,0,0,0,1),(1550,1,139,4,NULL,NULL,NULL,0,'Gnat',0,NULL,NULL,NULL,1,0,0,0,0,0,0,1),(1551,1,139,4,NULL,NULL,NULL,0,'Gnat',1,NULL,NULL,NULL,1,0,0,0,0,0,0,1),(1552,1,139,4,NULL,NULL,NULL,0,'Gnat',1,NULL,NULL,NULL,1,0,0,0,0,0,0,1),(1553,1,140,4,NULL,NULL,NULL,0,'Gnat',0,NULL,NULL,NULL,1,0,0,0,0,0,0,1),(1554,1,140,4,NULL,NULL,NULL,0,'Gnat',0,NULL,NULL,NULL,1,0,0,0,0,0,0,1),(1555,1,140,4,NULL,NULL,NULL,0,'Gnat',1,NULL,NULL,NULL,1,0,0,0,0,0,0,1),(1556,1,140,4,NULL,NULL,NULL,0,'Gnat',0,NULL,NULL,NULL,1,0,0,0,0,0,0,1),(1557,1,141,4,NULL,NULL,NULL,0,'Gnat',0,NULL,NULL,NULL,1,0,0,0,0,0,0,1),(1558,1,141,4,NULL,NULL,NULL,0,'Gnat',0,NULL,NULL,NULL,1,0,0,0,0,0,0,1),(1559,1,141,4,NULL,NULL,NULL,0,'Gnat',1,NULL,NULL,NULL,1,0,0,0,0,0,0,1),(1560,1,141,4,NULL,NULL,NULL,0,'Gnat',0,NULL,NULL,NULL,1,0,0,0,0,0,0,1),(1561,1,141,4,NULL,NULL,NULL,0,'Gnat',1,NULL,NULL,NULL,1,0,0,0,0,0,0,1),(1562,1,142,4,NULL,NULL,NULL,0,'Gnat',0,NULL,NULL,NULL,1,0,0,0,0,0,0,1),(1563,1,142,4,NULL,NULL,NULL,0,'Gnat',0,NULL,NULL,NULL,1,0,0,0,0,0,0,1),(1564,1,142,4,NULL,NULL,NULL,0,'Gnat',1,NULL,NULL,NULL,1,0,0,0,0,0,0,1),(1565,1,142,4,NULL,NULL,NULL,0,'Gnat',1,NULL,NULL,NULL,1,0,0,0,0,0,0,1),(1566,1,143,4,NULL,NULL,NULL,0,'Gnat',0,NULL,NULL,NULL,1,0,0,0,0,0,0,1),(1567,1,143,4,NULL,NULL,NULL,0,'Gnat',0,NULL,NULL,NULL,1,0,0,0,0,0,0,1),(1568,1,143,4,NULL,NULL,NULL,0,'Gnat',1,NULL,NULL,NULL,1,0,0,0,0,0,0,1),(1569,1,143,4,NULL,NULL,NULL,0,'Gnat',0,NULL,NULL,NULL,1,0,0,0,0,0,0,1),(1570,1,143,4,NULL,NULL,NULL,0,'Gnat',1,NULL,NULL,NULL,1,0,0,0,0,0,0,1),(1571,1,9,1,NULL,NULL,NULL,0,'Demosis',0,2,0,NULL,1,0,0,0,0,0,0,1),(1572,1,9,1,NULL,NULL,NULL,0,'Thor',1,2,0,NULL,1,0,0,0,0,0,0,1),(1573,1,9,1,NULL,NULL,NULL,0,'Thor',1,2,0,NULL,1,0,0,0,0,0,0,1),(1574,1,9,1,NULL,NULL,NULL,0,'Thor',1,2,0,NULL,1,0,0,0,0,0,0,1),(1575,1,9,1,NULL,NULL,NULL,0,'Dirac',1,2,0,NULL,1,0,0,0,0,0,0,1),(1576,1,9,1,NULL,NULL,NULL,0,'Dirac',0,2,0,NULL,1,0,0,0,0,0,0,1),(1577,1,9,1,NULL,NULL,NULL,0,'Demosis',0,3,90,NULL,1,0,0,0,0,0,0,1),(1578,1,9,1,NULL,NULL,NULL,0,'Thor',0,3,90,NULL,1,0,0,0,0,0,0,1),(1579,1,9,1,NULL,NULL,NULL,0,'Thor',1,3,90,NULL,1,0,0,0,0,0,0,1),(1580,1,9,1,NULL,NULL,NULL,0,'Thor',0,3,90,NULL,1,0,0,0,0,0,0,1),(1581,1,9,1,NULL,NULL,NULL,0,'Thor',1,3,90,NULL,1,0,0,0,0,0,0,1),(1582,1,9,1,NULL,NULL,NULL,0,'Dirac',1,3,90,NULL,1,0,0,0,0,0,0,1),(1583,1,9,1,NULL,NULL,NULL,0,'Dirac',0,3,90,NULL,1,0,0,0,0,0,0,1),(1584,1,9,1,NULL,NULL,NULL,0,'Dirac',0,3,90,NULL,1,0,0,0,0,0,0,1),(1585,1,9,1,NULL,NULL,NULL,0,'Dirac',0,3,90,NULL,1,0,0,0,0,0,0,1),(1586,1,9,1,NULL,NULL,NULL,0,'Dirac',1,3,90,NULL,1,0,0,0,0,0,0,1),(1587,1,9,1,NULL,NULL,NULL,0,'Dirac',0,3,90,NULL,1,0,0,0,0,0,0,1),(1588,1,9,1,NULL,NULL,NULL,0,'Dirac',1,3,90,NULL,1,0,0,0,0,0,0,1),(1589,1,9,1,NULL,NULL,NULL,0,'Demosis',0,2,270,NULL,1,0,0,0,0,0,0,1),(1590,1,9,1,NULL,NULL,NULL,0,'Demosis',0,2,270,NULL,1,0,0,0,0,0,0,1),(1591,1,9,1,NULL,NULL,NULL,0,'Demosis',0,2,270,NULL,1,0,0,0,0,0,0,1),(1592,1,9,1,NULL,NULL,NULL,0,'Thor',0,2,270,NULL,1,0,0,0,0,0,0,1),(1593,1,9,1,NULL,NULL,NULL,0,'Thor',1,2,270,NULL,1,0,0,0,0,0,0,1),(1594,1,9,1,NULL,NULL,NULL,0,'Thor',1,2,270,NULL,1,0,0,0,0,0,0,1),(1595,1,9,1,NULL,NULL,NULL,0,'Dirac',1,2,270,NULL,1,0,0,0,0,0,0,1),(1596,1,9,1,NULL,NULL,NULL,0,'Dirac',1,2,270,NULL,1,0,0,0,0,0,0,1),(1597,1,9,1,NULL,NULL,NULL,0,'Dirac',1,2,270,NULL,1,0,0,0,0,0,0,1),(1598,1,9,1,NULL,NULL,NULL,0,'Dirac',0,2,270,NULL,1,0,0,0,0,0,0,1),(1599,1,9,1,NULL,NULL,NULL,0,'Dirac',1,2,270,NULL,1,0,0,0,0,0,0,1),(1600,1,9,1,NULL,NULL,NULL,0,'Dirac',0,2,270,NULL,1,0,0,0,0,0,0,1),(1601,1,9,1,NULL,NULL,NULL,0,'Dirac',0,2,270,NULL,1,0,0,0,0,0,0,1),(1602,1,144,4,NULL,NULL,NULL,0,'Gnawer',0,NULL,NULL,NULL,1,0,0,0,0,0,0,1),(1603,1,144,4,NULL,NULL,NULL,0,'Spudder',0,NULL,NULL,NULL,1,0,0,0,0,0,0,1),(1604,1,144,4,NULL,NULL,NULL,0,'Spudder',1,NULL,NULL,NULL,1,0,0,0,0,0,0,1),(1605,1,144,4,NULL,NULL,NULL,0,'Gnawer',0,NULL,NULL,NULL,1,0,0,0,0,0,0,1),(1606,1,144,4,NULL,NULL,NULL,0,'Spudder',1,NULL,NULL,NULL,1,0,0,0,0,0,0,1),(1607,1,144,4,NULL,NULL,NULL,0,'Spudder',0,NULL,NULL,NULL,1,0,0,0,0,0,0,1),(1608,1,144,4,NULL,NULL,NULL,0,'Glancer',1,NULL,NULL,NULL,1,0,0,0,0,0,0,1),(1609,1,144,4,NULL,NULL,NULL,0,'Gnat',0,NULL,NULL,NULL,1,0,0,0,0,0,0,1),(1610,1,144,4,NULL,NULL,NULL,0,'Gnat',0,NULL,NULL,NULL,1,0,0,0,0,0,0,1),(1611,1,144,4,NULL,NULL,NULL,0,'Glancer',1,NULL,NULL,NULL,1,0,0,0,0,0,0,1),(1612,1,144,4,NULL,NULL,NULL,0,'Glancer',1,NULL,NULL,NULL,1,0,0,0,0,0,0,1),(1613,1,144,4,NULL,NULL,NULL,0,'Glancer',1,NULL,NULL,NULL,1,0,0,0,0,0,0,1),(1614,1,144,4,NULL,NULL,NULL,0,'Glancer',1,NULL,NULL,NULL,1,0,0,0,0,0,0,1),(1615,1,144,4,NULL,NULL,NULL,0,'Gnat',0,NULL,NULL,NULL,1,0,0,0,0,0,0,1),(1616,1,144,4,NULL,NULL,NULL,0,'Gnat',0,NULL,NULL,NULL,1,0,0,0,0,0,0,1),(1617,1,144,4,NULL,NULL,NULL,0,'Gnat',1,NULL,NULL,NULL,1,0,0,0,0,0,0,1),(1618,1,144,4,NULL,NULL,NULL,0,'Gnat',0,NULL,NULL,NULL,1,0,0,0,0,0,0,1),(1619,1,144,4,NULL,NULL,NULL,0,'Gnat',1,NULL,NULL,NULL,1,0,0,0,0,0,0,1),(1620,1,145,4,NULL,NULL,NULL,0,'Gnawer',0,NULL,NULL,NULL,1,0,0,0,0,0,0,1),(1621,1,145,4,NULL,NULL,NULL,0,'Spudder',0,NULL,NULL,NULL,1,0,0,0,0,0,0,1),(1622,1,145,4,NULL,NULL,NULL,0,'Glancer',1,NULL,NULL,NULL,1,0,0,0,0,0,0,1),(1623,1,145,4,NULL,NULL,NULL,0,'Gnat',0,NULL,NULL,NULL,1,0,0,0,0,0,0,1),(1624,1,145,4,NULL,NULL,NULL,0,'Glancer',1,NULL,NULL,NULL,1,0,0,0,0,0,0,1),(1625,1,145,4,NULL,NULL,NULL,0,'Glancer',1,NULL,NULL,NULL,1,0,0,0,0,0,0,1),(1626,1,145,4,NULL,NULL,NULL,0,'Glancer',1,NULL,NULL,NULL,1,0,0,0,0,0,0,1),(1627,1,145,4,NULL,NULL,NULL,0,'Gnat',0,NULL,NULL,NULL,1,0,0,0,0,0,0,1),(1628,1,145,4,NULL,NULL,NULL,0,'Gnat',0,NULL,NULL,NULL,1,0,0,0,0,0,0,1),(1629,1,145,4,NULL,NULL,NULL,0,'Gnat',1,NULL,NULL,NULL,1,0,0,0,0,0,0,1),(1630,1,145,4,NULL,NULL,NULL,0,'Gnat',0,NULL,NULL,NULL,1,0,0,0,0,0,0,1),(1631,1,145,4,NULL,NULL,NULL,0,'Gnat',0,NULL,NULL,NULL,1,0,0,0,0,0,0,1),(1632,1,145,4,NULL,NULL,NULL,0,'Gnat',1,NULL,NULL,NULL,1,0,0,0,0,0,0,1),(1633,1,146,4,NULL,NULL,NULL,0,'Gnawer',0,NULL,NULL,NULL,1,0,0,0,0,0,0,1),(1634,1,146,4,NULL,NULL,NULL,0,'Gnawer',0,NULL,NULL,NULL,1,0,0,0,0,0,0,1),(1635,1,146,4,NULL,NULL,NULL,0,'Spudder',0,NULL,NULL,NULL,1,0,0,0,0,0,0,1),(1636,1,146,4,NULL,NULL,NULL,0,'Spudder',1,NULL,NULL,NULL,1,0,0,0,0,0,0,1),(1637,1,146,4,NULL,NULL,NULL,0,'Spudder',0,NULL,NULL,NULL,1,0,0,0,0,0,0,1),(1638,1,146,4,NULL,NULL,NULL,0,'Glancer',1,NULL,NULL,NULL,1,0,0,0,0,0,0,1),(1639,1,146,4,NULL,NULL,NULL,0,'Gnat',0,NULL,NULL,NULL,1,0,0,0,0,0,0,1),(1640,1,146,4,NULL,NULL,NULL,0,'Glancer',1,NULL,NULL,NULL,1,0,0,0,0,0,0,1),(1641,1,146,4,NULL,NULL,NULL,0,'Glancer',1,NULL,NULL,NULL,1,0,0,0,0,0,0,1),(1642,1,146,4,NULL,NULL,NULL,0,'Glancer',1,NULL,NULL,NULL,1,0,0,0,0,0,0,1),(1643,1,146,4,NULL,NULL,NULL,0,'Glancer',1,NULL,NULL,NULL,1,0,0,0,0,0,0,1),(1644,1,146,4,NULL,NULL,NULL,0,'Glancer',1,NULL,NULL,NULL,1,0,0,0,0,0,0,1),(1645,1,146,4,NULL,NULL,NULL,0,'Gnat',0,NULL,NULL,NULL,1,0,0,0,0,0,0,1),(1646,1,146,4,NULL,NULL,NULL,0,'Gnat',0,NULL,NULL,NULL,1,0,0,0,0,0,0,1),(1647,1,146,4,NULL,NULL,NULL,0,'Gnat',1,NULL,NULL,NULL,1,0,0,0,0,0,0,1),(1648,1,146,4,NULL,NULL,NULL,0,'Gnat',0,NULL,NULL,NULL,1,0,0,0,0,0,0,1),(1649,1,146,4,NULL,NULL,NULL,0,'Gnat',1,NULL,NULL,NULL,1,0,0,0,0,0,0,1),(1650,1,147,4,NULL,NULL,NULL,0,'Gnawer',0,NULL,NULL,NULL,1,0,0,0,0,0,0,1),(1651,1,147,4,NULL,NULL,NULL,0,'Gnawer',0,NULL,NULL,NULL,1,0,0,0,0,0,0,1),(1652,1,147,4,NULL,NULL,NULL,0,'Spudder',1,NULL,NULL,NULL,1,0,0,0,0,0,0,1),(1653,1,147,4,NULL,NULL,NULL,0,'Spudder',0,NULL,NULL,NULL,1,0,0,0,0,0,0,1),(1654,1,147,4,NULL,NULL,NULL,0,'Spudder',0,NULL,NULL,NULL,1,0,0,0,0,0,0,1),(1655,1,147,4,NULL,NULL,NULL,0,'Glancer',1,NULL,NULL,NULL,1,0,0,0,0,0,0,1),(1656,1,147,4,NULL,NULL,NULL,0,'Gnat',0,NULL,NULL,NULL,1,0,0,0,0,0,0,1),(1657,1,147,4,NULL,NULL,NULL,0,'Gnat',0,NULL,NULL,NULL,1,0,0,0,0,0,0,1),(1658,1,147,4,NULL,NULL,NULL,0,'Glancer',1,NULL,NULL,NULL,1,0,0,0,0,0,0,1),(1659,1,147,4,NULL,NULL,NULL,0,'Glancer',1,NULL,NULL,NULL,1,0,0,0,0,0,0,1),(1660,1,147,4,NULL,NULL,NULL,0,'Glancer',1,NULL,NULL,NULL,1,0,0,0,0,0,0,1),(1661,1,147,4,NULL,NULL,NULL,0,'Glancer',1,NULL,NULL,NULL,1,0,0,0,0,0,0,1),(1662,1,147,4,NULL,NULL,NULL,0,'Gnat',0,NULL,NULL,NULL,1,0,0,0,0,0,0,1),(1663,1,147,4,NULL,NULL,NULL,0,'Gnat',0,NULL,NULL,NULL,1,0,0,0,0,0,0,1),(1664,1,147,4,NULL,NULL,NULL,0,'Gnat',1,NULL,NULL,NULL,1,0,0,0,0,0,0,1),(1665,1,147,4,NULL,NULL,NULL,0,'Gnat',0,NULL,NULL,NULL,1,0,0,0,0,0,0,1),(1666,1,148,4,NULL,NULL,NULL,0,'Spudder',1,NULL,NULL,NULL,1,0,0,0,0,0,0,1),(1667,1,148,4,NULL,NULL,NULL,0,'Spudder',0,NULL,NULL,NULL,1,0,0,0,0,0,0,1),(1668,1,148,4,NULL,NULL,NULL,0,'Glancer',1,NULL,NULL,NULL,1,0,0,0,0,0,0,1),(1669,1,148,4,NULL,NULL,NULL,0,'Gnat',0,NULL,NULL,NULL,1,0,0,0,0,0,0,1),(1670,1,148,4,NULL,NULL,NULL,0,'Gnat',1,NULL,NULL,NULL,1,0,0,0,0,0,0,1),(1671,1,148,4,NULL,NULL,NULL,0,'Gnat',0,NULL,NULL,NULL,1,0,0,0,0,0,0,1),(1672,1,148,4,NULL,NULL,NULL,0,'Gnat',0,NULL,NULL,NULL,1,0,0,0,0,0,0,1),(1673,1,148,4,NULL,NULL,NULL,0,'Glancer',1,NULL,NULL,NULL,1,0,0,0,0,0,0,1),(1674,1,148,4,NULL,NULL,NULL,0,'Glancer',1,NULL,NULL,NULL,1,0,0,0,0,0,0,1),(1675,1,148,4,NULL,NULL,NULL,0,'Glancer',1,NULL,NULL,NULL,1,0,0,0,0,0,0,1),(1676,1,148,4,NULL,NULL,NULL,0,'Gnat',0,NULL,NULL,NULL,1,0,0,0,0,0,0,1),(1677,1,148,4,NULL,NULL,NULL,0,'Gnat',0,NULL,NULL,NULL,1,0,0,0,0,0,0,1),(1678,1,148,4,NULL,NULL,NULL,0,'Gnat',1,NULL,NULL,NULL,1,0,0,0,0,0,0,1),(1679,1,148,4,NULL,NULL,NULL,0,'Gnat',1,NULL,NULL,NULL,1,0,0,0,0,0,0,1),(1680,1,148,4,NULL,NULL,NULL,0,'Gnat',1,NULL,NULL,NULL,1,0,0,0,0,0,0,1),(1681,1,148,4,NULL,NULL,NULL,0,'Gnat',0,NULL,NULL,NULL,1,0,0,0,0,0,0,1),(1682,1,149,4,NULL,NULL,NULL,0,'Glancer',1,NULL,NULL,NULL,1,0,0,0,0,0,0,1),(1683,1,149,4,NULL,NULL,NULL,0,'Gnat',0,NULL,NULL,NULL,1,0,0,0,0,0,0,1),(1684,1,149,4,NULL,NULL,NULL,0,'Glancer',1,NULL,NULL,NULL,1,0,0,0,0,0,0,1),(1685,1,149,4,NULL,NULL,NULL,0,'Glancer',1,NULL,NULL,NULL,1,0,0,0,0,0,0,1),(1686,1,149,4,NULL,NULL,NULL,0,'Glancer',1,NULL,NULL,NULL,1,0,0,0,0,0,0,1),(1687,1,149,4,NULL,NULL,NULL,0,'Glancer',1,NULL,NULL,NULL,1,0,0,0,0,0,0,1),(1688,1,149,4,NULL,NULL,NULL,0,'Gnat',0,NULL,NULL,NULL,1,0,0,0,0,0,0,1),(1689,1,149,4,NULL,NULL,NULL,0,'Gnat',0,NULL,NULL,NULL,1,0,0,0,0,0,0,1),(1690,1,149,4,NULL,NULL,NULL,0,'Gnat',1,NULL,NULL,NULL,1,0,0,0,0,0,0,1),(1691,1,149,4,NULL,NULL,NULL,0,'Gnat',0,NULL,NULL,NULL,1,0,0,0,0,0,0,1),(1692,1,149,4,NULL,NULL,NULL,0,'Gnat',1,NULL,NULL,NULL,1,0,0,0,0,0,0,1),(1693,1,150,4,NULL,NULL,NULL,0,'Gnat',0,NULL,NULL,NULL,1,0,0,0,0,0,0,1),(1694,1,150,4,NULL,NULL,NULL,0,'Gnat',0,NULL,NULL,NULL,1,0,0,0,0,0,0,1),(1695,1,150,4,NULL,NULL,NULL,0,'Gnat',1,NULL,NULL,NULL,1,0,0,0,0,0,0,1),(1696,1,150,4,NULL,NULL,NULL,0,'Gnat',0,NULL,NULL,NULL,1,0,0,0,0,0,0,1),(1697,1,150,4,NULL,NULL,NULL,0,'Gnat',1,NULL,NULL,NULL,1,0,0,0,0,0,0,1),(1698,1,150,4,NULL,NULL,NULL,0,'Gnat',1,NULL,NULL,NULL,1,0,0,0,0,0,0,1),(1699,1,151,4,NULL,NULL,NULL,0,'Gnat',0,NULL,NULL,NULL,1,0,0,0,0,0,0,1),(1700,1,151,4,NULL,NULL,NULL,0,'Gnat',0,NULL,NULL,NULL,1,0,0,0,0,0,0,1),(1701,1,151,4,NULL,NULL,NULL,0,'Gnat',1,NULL,NULL,NULL,1,0,0,0,0,0,0,1),(1702,1,151,4,NULL,NULL,NULL,0,'Gnat',0,NULL,NULL,NULL,1,0,0,0,0,0,0,1),(1703,1,151,4,NULL,NULL,NULL,0,'Gnat',1,NULL,NULL,NULL,1,0,0,0,0,0,0,1),(1704,1,152,4,NULL,NULL,NULL,0,'Gnat',0,NULL,NULL,NULL,1,0,0,0,0,0,0,1),(1705,1,152,4,NULL,NULL,NULL,0,'Gnat',0,NULL,NULL,NULL,1,0,0,0,0,0,0,1),(1706,1,152,4,NULL,NULL,NULL,0,'Gnat',1,NULL,NULL,NULL,1,0,0,0,0,0,0,1),(1707,1,152,4,NULL,NULL,NULL,0,'Gnat',0,NULL,NULL,NULL,1,0,0,0,0,0,0,1),(1708,1,152,4,NULL,NULL,NULL,0,'Gnat',1,NULL,NULL,NULL,1,0,0,0,0,0,0,1),(1709,1,9,1,NULL,NULL,NULL,0,'Demosis',0,2,300,NULL,1,0,0,0,0,0,0,1),(1710,1,9,1,NULL,NULL,NULL,0,'Thor',1,2,300,NULL,1,0,0,0,0,0,0,1),(1711,1,9,1,NULL,NULL,NULL,0,'Thor',1,2,300,NULL,1,0,0,0,0,0,0,1),(1712,1,9,1,NULL,NULL,NULL,0,'Thor',1,2,300,NULL,1,0,0,0,0,0,0,1),(1713,1,9,1,NULL,NULL,NULL,0,'Thor',0,2,300,NULL,1,0,0,0,0,0,0,1),(1714,1,9,1,NULL,NULL,NULL,0,'Dirac',1,2,300,NULL,1,0,0,0,0,0,0,1),(1715,1,9,1,NULL,NULL,NULL,0,'Dirac',1,2,300,NULL,1,0,0,0,0,0,0,1),(1716,1,9,1,NULL,NULL,NULL,0,'Thor',1,0,0,NULL,1,0,0,0,0,0,0,1),(1717,1,9,1,NULL,NULL,NULL,0,'Thor',0,0,0,NULL,1,0,0,0,0,0,0,1),(1718,1,9,1,NULL,NULL,NULL,0,'Thor',0,0,0,NULL,1,0,0,0,0,0,0,1),(1719,1,9,1,NULL,NULL,NULL,0,'Thor',0,0,0,NULL,1,0,0,0,0,0,0,1),(1720,1,9,1,NULL,NULL,NULL,0,'Thor',0,0,0,NULL,1,0,0,0,0,0,0,1),(1721,1,9,1,NULL,NULL,NULL,0,'Thor',1,0,0,NULL,1,0,0,0,0,0,0,1),(1722,1,9,1,NULL,NULL,NULL,0,'Dirac',0,0,0,NULL,1,0,0,0,0,0,0,1),(1723,1,9,1,NULL,NULL,NULL,0,'Dirac',0,0,0,NULL,1,0,0,0,0,0,0,1),(1724,1,9,1,NULL,NULL,NULL,0,'Dirac',1,0,0,NULL,1,0,0,0,0,0,0,1),(1725,1,9,1,NULL,NULL,NULL,0,'Dirac',1,0,0,NULL,1,0,0,0,0,0,0,1),(1726,1,10,1,NULL,NULL,NULL,0,'Demosis',0,1,45,NULL,1,0,0,0,0,0,0,1),(1727,1,10,1,NULL,NULL,NULL,0,'Demosis',0,1,45,NULL,1,0,0,0,0,0,0,1),(1728,1,10,1,NULL,NULL,NULL,0,'Thor',1,1,45,NULL,1,0,0,0,0,0,0,1),(1729,1,10,1,NULL,NULL,NULL,0,'Thor',0,1,45,NULL,1,0,0,0,0,0,0,1),(1730,1,10,1,NULL,NULL,NULL,0,'Dirac',0,1,45,NULL,1,0,0,0,0,0,0,1),(1731,1,10,1,NULL,NULL,NULL,0,'Dirac',0,1,45,NULL,1,0,0,0,0,0,0,1),(1732,1,10,1,NULL,NULL,NULL,0,'Dirac',1,1,45,NULL,1,0,0,0,0,0,0,1),(1733,1,153,4,NULL,NULL,NULL,0,'Glancer',1,NULL,NULL,NULL,1,0,0,0,0,0,0,1),(1734,1,153,4,NULL,NULL,NULL,0,'Glancer',1,NULL,NULL,NULL,1,0,0,0,0,0,0,1),(1735,1,153,4,NULL,NULL,NULL,0,'Gnat',0,NULL,NULL,NULL,1,0,0,0,0,0,0,1),(1736,1,153,4,NULL,NULL,NULL,0,'Gnat',0,NULL,NULL,NULL,1,0,0,0,0,0,0,1),(1737,1,153,4,NULL,NULL,NULL,0,'Gnat',1,NULL,NULL,NULL,1,0,0,0,0,0,0,1),(1738,1,153,4,NULL,NULL,NULL,0,'Gnat',0,NULL,NULL,NULL,1,0,0,0,0,0,0,1),(1739,1,153,4,NULL,NULL,NULL,0,'Gnat',1,NULL,NULL,NULL,1,0,0,0,0,0,0,1),(1740,1,153,4,NULL,NULL,NULL,0,'Gnat',1,NULL,NULL,NULL,1,0,0,0,0,0,0,1),(1741,1,154,4,NULL,NULL,NULL,0,'Glancer',1,NULL,NULL,NULL,1,0,0,0,0,0,0,1),(1742,1,154,4,NULL,NULL,NULL,0,'Gnat',0,NULL,NULL,NULL,1,0,0,0,0,0,0,1),(1743,1,154,4,NULL,NULL,NULL,0,'Gnat',0,NULL,NULL,NULL,1,0,0,0,0,0,0,1),(1744,1,154,4,NULL,NULL,NULL,0,'Gnat',1,NULL,NULL,NULL,1,0,0,0,0,0,0,1),(1745,1,154,4,NULL,NULL,NULL,0,'Gnat',0,NULL,NULL,NULL,1,0,0,0,0,0,0,1),(1746,1,154,4,NULL,NULL,NULL,0,'Gnat',1,NULL,NULL,NULL,1,0,0,0,0,0,0,1),(1747,1,155,4,NULL,NULL,NULL,0,'Spudder',0,NULL,NULL,NULL,1,0,0,0,0,0,0,1),(1748,1,155,4,NULL,NULL,NULL,0,'Spudder',0,NULL,NULL,NULL,1,0,0,0,0,0,0,1),(1749,1,155,4,NULL,NULL,NULL,0,'Glancer',1,NULL,NULL,NULL,1,0,0,0,0,0,0,1),(1750,1,155,4,NULL,NULL,NULL,0,'Glancer',1,NULL,NULL,NULL,1,0,0,0,0,0,0,1),(1751,1,155,4,NULL,NULL,NULL,0,'Glancer',1,NULL,NULL,NULL,1,0,0,0,0,0,0,1),(1752,1,155,4,NULL,NULL,NULL,0,'Glancer',1,NULL,NULL,NULL,1,0,0,0,0,0,0,1),(1753,1,155,4,NULL,NULL,NULL,0,'Glancer',1,NULL,NULL,NULL,1,0,0,0,0,0,0,1),(1754,1,155,4,NULL,NULL,NULL,0,'Gnat',0,NULL,NULL,NULL,1,0,0,0,0,0,0,1),(1755,1,155,4,NULL,NULL,NULL,0,'Gnat',0,NULL,NULL,NULL,1,0,0,0,0,0,0,1),(1756,1,155,4,NULL,NULL,NULL,0,'Gnat',1,NULL,NULL,NULL,1,0,0,0,0,0,0,1),(1757,1,155,4,NULL,NULL,NULL,0,'Gnat',1,NULL,NULL,NULL,1,0,0,0,0,0,0,1),(1758,1,156,4,NULL,NULL,NULL,0,'Spudder',0,NULL,NULL,NULL,1,0,0,0,0,0,0,1),(1759,1,156,4,NULL,NULL,NULL,0,'Spudder',0,NULL,NULL,NULL,1,0,0,0,0,0,0,1),(1760,1,156,4,NULL,NULL,NULL,0,'Glancer',1,NULL,NULL,NULL,1,0,0,0,0,0,0,1),(1761,1,156,4,NULL,NULL,NULL,0,'Glancer',1,NULL,NULL,NULL,1,0,0,0,0,0,0,1),(1762,1,156,4,NULL,NULL,NULL,0,'Glancer',1,NULL,NULL,NULL,1,0,0,0,0,0,0,1),(1763,1,156,4,NULL,NULL,NULL,0,'Glancer',1,NULL,NULL,NULL,1,0,0,0,0,0,0,1),(1764,1,156,4,NULL,NULL,NULL,0,'Gnat',0,NULL,NULL,NULL,1,0,0,0,0,0,0,1),(1765,1,156,4,NULL,NULL,NULL,0,'Gnat',0,NULL,NULL,NULL,1,0,0,0,0,0,0,1),(1766,1,156,4,NULL,NULL,NULL,0,'Gnat',1,NULL,NULL,NULL,1,0,0,0,0,0,0,1),(1767,1,157,4,NULL,NULL,NULL,0,'Spudder',0,NULL,NULL,NULL,1,0,0,0,0,0,0,1),(1768,1,157,4,NULL,NULL,NULL,0,'Spudder',0,NULL,NULL,NULL,1,0,0,0,0,0,0,1),(1769,1,157,4,NULL,NULL,NULL,0,'Glancer',1,NULL,NULL,NULL,1,0,0,0,0,0,0,1),(1770,1,157,4,NULL,NULL,NULL,0,'Gnat',0,NULL,NULL,NULL,1,0,0,0,0,0,0,1),(1771,1,157,4,NULL,NULL,NULL,0,'Gnat',0,NULL,NULL,NULL,1,0,0,0,0,0,0,1),(1772,1,157,4,NULL,NULL,NULL,0,'Gnat',0,NULL,NULL,NULL,1,0,0,0,0,0,0,1),(1773,1,157,4,NULL,NULL,NULL,0,'Glancer',1,NULL,NULL,NULL,1,0,0,0,0,0,0,1),(1774,1,157,4,NULL,NULL,NULL,0,'Glancer',1,NULL,NULL,NULL,1,0,0,0,0,0,0,1),(1775,1,157,4,NULL,NULL,NULL,0,'Gnat',0,NULL,NULL,NULL,1,0,0,0,0,0,0,1),(1776,1,157,4,NULL,NULL,NULL,0,'Gnat',0,NULL,NULL,NULL,1,0,0,0,0,0,0,1),(1777,1,157,4,NULL,NULL,NULL,0,'Gnat',1,NULL,NULL,NULL,1,0,0,0,0,0,0,1),(1778,1,157,4,NULL,NULL,NULL,0,'Gnat',0,NULL,NULL,NULL,1,0,0,0,0,0,0,1),(1779,1,157,4,NULL,NULL,NULL,0,'Gnat',1,NULL,NULL,NULL,1,0,0,0,0,0,0,1),(1780,1,157,4,NULL,NULL,NULL,0,'Gnat',0,NULL,NULL,NULL,1,0,0,0,0,0,0,1),(1781,1,158,4,NULL,NULL,NULL,0,'Spudder',0,NULL,NULL,NULL,1,0,0,0,0,0,0,1),(1782,1,158,4,NULL,NULL,NULL,0,'Glancer',1,NULL,NULL,NULL,1,0,0,0,0,0,0,1),(1783,1,158,4,NULL,NULL,NULL,0,'Gnat',0,NULL,NULL,NULL,1,0,0,0,0,0,0,1),(1784,1,158,4,NULL,NULL,NULL,0,'Gnat',0,NULL,NULL,NULL,1,0,0,0,0,0,0,1),(1785,1,158,4,NULL,NULL,NULL,0,'Glancer',1,NULL,NULL,NULL,1,0,0,0,0,0,0,1),(1786,1,158,4,NULL,NULL,NULL,0,'Glancer',1,NULL,NULL,NULL,1,0,0,0,0,0,0,1),(1787,1,158,4,NULL,NULL,NULL,0,'Glancer',1,NULL,NULL,NULL,1,0,0,0,0,0,0,1),(1788,1,158,4,NULL,NULL,NULL,0,'Glancer',1,NULL,NULL,NULL,1,0,0,0,0,0,0,1),(1789,1,158,4,NULL,NULL,NULL,0,'Gnat',0,NULL,NULL,NULL,1,0,0,0,0,0,0,1),(1790,1,158,4,NULL,NULL,NULL,0,'Gnat',0,NULL,NULL,NULL,1,0,0,0,0,0,0,1),(1791,1,158,4,NULL,NULL,NULL,0,'Gnat',1,NULL,NULL,NULL,1,0,0,0,0,0,0,1),(1792,1,158,4,NULL,NULL,NULL,0,'Gnat',0,NULL,NULL,NULL,1,0,0,0,0,0,0,1),(1793,1,158,4,NULL,NULL,NULL,0,'Gnat',0,NULL,NULL,NULL,1,0,0,0,0,0,0,1),(1794,1,158,4,NULL,NULL,NULL,0,'Gnat',1,NULL,NULL,NULL,1,0,0,0,0,0,0,1),(1795,1,159,4,NULL,NULL,NULL,0,'Gnawer',0,NULL,NULL,NULL,1,0,0,0,0,0,0,1),(1796,1,159,4,NULL,NULL,NULL,0,'Gnawer',0,NULL,NULL,NULL,1,0,0,0,0,0,0,1),(1797,1,159,4,NULL,NULL,NULL,0,'Gnawer',0,NULL,NULL,NULL,1,0,0,0,0,0,0,1),(1798,1,159,4,NULL,NULL,NULL,0,'Spudder',0,NULL,NULL,NULL,1,0,0,0,0,0,0,1),(1799,1,159,4,NULL,NULL,NULL,0,'Spudder',0,NULL,NULL,NULL,1,0,0,0,0,0,0,1),(1800,1,159,4,NULL,NULL,NULL,0,'Glancer',1,NULL,NULL,NULL,1,0,0,0,0,0,0,1),(1801,1,159,4,NULL,NULL,NULL,0,'Gnat',0,NULL,NULL,NULL,1,0,0,0,0,0,0,1),(1802,1,159,4,NULL,NULL,NULL,0,'Glancer',1,NULL,NULL,NULL,1,0,0,0,0,0,0,1),(1803,1,159,4,NULL,NULL,NULL,0,'Glancer',1,NULL,NULL,NULL,1,0,0,0,0,0,0,1),(1804,1,159,4,NULL,NULL,NULL,0,'Glancer',1,NULL,NULL,NULL,1,0,0,0,0,0,0,1),(1805,1,159,4,NULL,NULL,NULL,0,'Glancer',1,NULL,NULL,NULL,1,0,0,0,0,0,0,1),(1806,1,159,4,NULL,NULL,NULL,0,'Gnat',0,NULL,NULL,NULL,1,0,0,0,0,0,0,1),(1807,1,159,4,NULL,NULL,NULL,0,'Gnat',0,NULL,NULL,NULL,1,0,0,0,0,0,0,1),(1808,1,159,4,NULL,NULL,NULL,0,'Gnat',1,NULL,NULL,NULL,1,0,0,0,0,0,0,1),(1809,1,160,4,NULL,NULL,NULL,0,'Gnawer',0,NULL,NULL,NULL,1,0,0,0,0,0,0,1),(1810,1,160,4,NULL,NULL,NULL,0,'Gnawer',0,NULL,NULL,NULL,1,0,0,0,0,0,0,1),(1811,1,160,4,NULL,NULL,NULL,0,'Spudder',0,NULL,NULL,NULL,1,0,0,0,0,0,0,1),(1812,1,160,4,NULL,NULL,NULL,0,'Glancer',1,NULL,NULL,NULL,1,0,0,0,0,0,0,1),(1813,1,160,4,NULL,NULL,NULL,0,'Gnat',0,NULL,NULL,NULL,1,0,0,0,0,0,0,1),(1814,1,160,4,NULL,NULL,NULL,0,'Gnat',0,NULL,NULL,NULL,1,0,0,0,0,0,0,1),(1815,1,160,4,NULL,NULL,NULL,0,'Glancer',1,NULL,NULL,NULL,1,0,0,0,0,0,0,1),(1816,1,160,4,NULL,NULL,NULL,0,'Glancer',1,NULL,NULL,NULL,1,0,0,0,0,0,0,1),(1817,1,160,4,NULL,NULL,NULL,0,'Glancer',1,NULL,NULL,NULL,1,0,0,0,0,0,0,1),(1818,1,160,4,NULL,NULL,NULL,0,'Glancer',1,NULL,NULL,NULL,1,0,0,0,0,0,0,1),(1819,1,160,4,NULL,NULL,NULL,0,'Gnat',0,NULL,NULL,NULL,1,0,0,0,0,0,0,1),(1820,1,160,4,NULL,NULL,NULL,0,'Gnat',0,NULL,NULL,NULL,1,0,0,0,0,0,0,1),(1821,1,160,4,NULL,NULL,NULL,0,'Gnat',1,NULL,NULL,NULL,1,0,0,0,0,0,0,1),(1822,1,160,4,NULL,NULL,NULL,0,'Gnat',0,NULL,NULL,NULL,1,0,0,0,0,0,0,1),(1823,1,160,4,NULL,NULL,NULL,0,'Gnat',1,NULL,NULL,NULL,1,0,0,0,0,0,0,1),(1824,1,160,4,NULL,NULL,NULL,0,'Gnat',1,NULL,NULL,NULL,1,0,0,0,0,0,0,1),(1825,1,161,4,NULL,NULL,NULL,0,'Gnawer',0,NULL,NULL,NULL,1,0,0,0,0,0,0,1),(1826,1,161,4,NULL,NULL,NULL,0,'Spudder',1,NULL,NULL,NULL,1,0,0,0,0,0,0,1),(1827,1,161,4,NULL,NULL,NULL,0,'Spudder',0,NULL,NULL,NULL,1,0,0,0,0,0,0,1),(1828,1,161,4,NULL,NULL,NULL,0,'Glancer',1,NULL,NULL,NULL,1,0,0,0,0,0,0,1),(1829,1,161,4,NULL,NULL,NULL,0,'Gnat',0,NULL,NULL,NULL,1,0,0,0,0,0,0,1),(1830,1,161,4,NULL,NULL,NULL,0,'Glancer',1,NULL,NULL,NULL,1,0,0,0,0,0,0,1),(1831,1,161,4,NULL,NULL,NULL,0,'Glancer',1,NULL,NULL,NULL,1,0,0,0,0,0,0,1),(1832,1,161,4,NULL,NULL,NULL,0,'Glancer',1,NULL,NULL,NULL,1,0,0,0,0,0,0,1),(1833,1,161,4,NULL,NULL,NULL,0,'Glancer',1,NULL,NULL,NULL,1,0,0,0,0,0,0,1),(1834,1,161,4,NULL,NULL,NULL,0,'Gnat',0,NULL,NULL,NULL,1,0,0,0,0,0,0,1),(1835,1,161,4,NULL,NULL,NULL,0,'Gnat',0,NULL,NULL,NULL,1,0,0,0,0,0,0,1),(1836,1,161,4,NULL,NULL,NULL,0,'Gnat',1,NULL,NULL,NULL,1,0,0,0,0,0,0,1),(1837,1,161,4,NULL,NULL,NULL,0,'Gnat',0,NULL,NULL,NULL,1,0,0,0,0,0,0,1),(1838,1,162,4,NULL,NULL,NULL,0,'Gnawer',0,NULL,NULL,NULL,1,0,0,0,0,0,0,1),(1839,1,162,4,NULL,NULL,NULL,0,'Spudder',0,NULL,NULL,NULL,1,0,0,0,0,0,0,1),(1840,1,162,4,NULL,NULL,NULL,0,'Spudder',1,NULL,NULL,NULL,1,0,0,0,0,0,0,1),(1841,1,162,4,NULL,NULL,NULL,0,'Spudder',0,NULL,NULL,NULL,1,0,0,0,0,0,0,1),(1842,1,162,4,NULL,NULL,NULL,0,'Glancer',1,NULL,NULL,NULL,1,0,0,0,0,0,0,1),(1843,1,162,4,NULL,NULL,NULL,0,'Gnat',0,NULL,NULL,NULL,1,0,0,0,0,0,0,1),(1844,1,162,4,NULL,NULL,NULL,0,'Gnat',0,NULL,NULL,NULL,1,0,0,0,0,0,0,1),(1845,1,162,4,NULL,NULL,NULL,0,'Glancer',1,NULL,NULL,NULL,1,0,0,0,0,0,0,1),(1846,1,162,4,NULL,NULL,NULL,0,'Glancer',1,NULL,NULL,NULL,1,0,0,0,0,0,0,1),(1847,1,162,4,NULL,NULL,NULL,0,'Glancer',1,NULL,NULL,NULL,1,0,0,0,0,0,0,1),(1848,1,162,4,NULL,NULL,NULL,0,'Gnat',0,NULL,NULL,NULL,1,0,0,0,0,0,0,1),(1849,1,162,4,NULL,NULL,NULL,0,'Gnat',0,NULL,NULL,NULL,1,0,0,0,0,0,0,1),(1850,1,162,4,NULL,NULL,NULL,0,'Gnat',1,NULL,NULL,NULL,1,0,0,0,0,0,0,1),(1851,1,162,4,NULL,NULL,NULL,0,'Gnat',0,NULL,NULL,NULL,1,0,0,0,0,0,0,1),(1852,1,162,4,NULL,NULL,NULL,0,'Gnat',0,NULL,NULL,NULL,1,0,0,0,0,0,0,1),(1853,1,163,4,NULL,NULL,NULL,0,'Gnat',0,NULL,NULL,NULL,1,0,0,0,0,0,0,1),(1854,1,163,4,NULL,NULL,NULL,0,'Gnat',0,NULL,NULL,NULL,1,0,0,0,0,0,0,1),(1855,1,163,4,NULL,NULL,NULL,0,'Gnat',1,NULL,NULL,NULL,1,0,0,0,0,0,0,1),(1856,1,163,4,NULL,NULL,NULL,0,'Gnat',0,NULL,NULL,NULL,1,0,0,0,0,0,0,1),(1857,1,163,4,NULL,NULL,NULL,0,'Gnat',1,NULL,NULL,NULL,1,0,0,0,0,0,0,1),(1858,1,164,4,NULL,NULL,NULL,0,'Gnat',0,NULL,NULL,NULL,1,0,0,0,0,0,0,1),(1859,1,164,4,NULL,NULL,NULL,0,'Gnat',0,NULL,NULL,NULL,1,0,0,0,0,0,0,1),(1860,1,164,4,NULL,NULL,NULL,0,'Gnat',1,NULL,NULL,NULL,1,0,0,0,0,0,0,1),(1861,1,164,4,NULL,NULL,NULL,0,'Gnat',0,NULL,NULL,NULL,1,0,0,0,0,0,0,1),(1862,1,165,4,NULL,NULL,NULL,0,'Gnat',0,NULL,NULL,NULL,1,0,0,0,0,0,0,1),(1863,1,165,4,NULL,NULL,NULL,0,'Gnat',0,NULL,NULL,NULL,1,0,0,0,0,0,0,1),(1864,1,165,4,NULL,NULL,NULL,0,'Gnat',1,NULL,NULL,NULL,1,0,0,0,0,0,0,1),(1865,1,165,4,NULL,NULL,NULL,0,'Gnat',1,NULL,NULL,NULL,1,0,0,0,0,0,0,1),(1866,1,10,1,NULL,NULL,NULL,0,'Demosis',0,2,120,NULL,1,0,0,0,0,0,0,1),(1867,1,10,1,NULL,NULL,NULL,0,'Thor',0,2,120,NULL,1,0,0,0,0,0,0,1),(1868,1,10,1,NULL,NULL,NULL,0,'Thor',1,2,120,NULL,1,0,0,0,0,0,0,1),(1869,1,10,1,NULL,NULL,NULL,0,'Thor',1,2,120,NULL,1,0,0,0,0,0,0,1),(1870,1,10,1,NULL,NULL,NULL,0,'Thor',0,2,120,NULL,1,0,0,0,0,0,0,1),(1871,1,10,1,NULL,NULL,NULL,0,'Dirac',0,2,120,NULL,1,0,0,0,0,0,0,1),(1872,1,10,1,NULL,NULL,NULL,0,'Dirac',0,2,120,NULL,1,0,0,0,0,0,0,1),(1873,1,10,1,NULL,NULL,NULL,0,'Dirac',1,2,120,NULL,1,0,0,0,0,0,0,1),(1874,1,10,1,NULL,NULL,NULL,0,'Dirac',0,2,120,NULL,1,0,0,0,0,0,0,1),(1875,1,10,1,NULL,NULL,NULL,0,'Thor',0,1,180,NULL,1,0,0,0,0,0,0,1),(1876,1,10,1,NULL,NULL,NULL,0,'Thor',0,1,180,NULL,1,0,0,0,0,0,0,1),(1877,1,10,1,NULL,NULL,NULL,0,'Thor',1,1,180,NULL,1,0,0,0,0,0,0,1),(1878,1,10,1,NULL,NULL,NULL,0,'Dirac',0,1,180,NULL,1,0,0,0,0,0,0,1),(1879,1,10,1,NULL,NULL,NULL,0,'Dirac',0,1,180,NULL,1,0,0,0,0,0,0,1),(1880,1,10,1,NULL,NULL,NULL,0,'Dirac',1,1,180,NULL,1,0,0,0,0,0,0,1),(1881,1,10,1,NULL,NULL,NULL,0,'Dirac',1,1,180,NULL,1,0,0,0,0,0,0,1),(1882,1,10,1,NULL,NULL,NULL,0,'Demosis',0,2,210,NULL,1,0,0,0,0,0,0,1),(1883,1,10,1,NULL,NULL,NULL,0,'Thor',1,2,210,NULL,1,0,0,0,0,0,0,1),(1884,1,10,1,NULL,NULL,NULL,0,'Thor',1,2,210,NULL,1,0,0,0,0,0,0,1),(1885,1,10,1,NULL,NULL,NULL,0,'Dirac',0,2,210,NULL,1,0,0,0,0,0,0,1),(1886,1,10,1,NULL,NULL,NULL,0,'Dirac',0,2,210,NULL,1,0,0,0,0,0,0,1),(1887,1,10,1,NULL,NULL,NULL,0,'Dirac',0,2,210,NULL,1,0,0,0,0,0,0,1),(1888,1,10,1,NULL,NULL,NULL,0,'Dirac',0,2,210,NULL,1,0,0,0,0,0,0,1),(1889,1,10,1,NULL,NULL,NULL,0,'Dirac',1,2,210,NULL,1,0,0,0,0,0,0,1),(1890,1,10,1,NULL,NULL,NULL,0,'Dirac',0,2,210,NULL,1,0,0,0,0,0,0,1),(1891,1,10,1,NULL,NULL,NULL,0,'Dirac',1,2,210,NULL,1,0,0,0,0,0,0,1),(1892,1,10,1,NULL,NULL,NULL,0,'Thor',0,2,240,NULL,1,0,0,0,0,0,0,1),(1893,1,10,1,NULL,NULL,NULL,0,'Dirac',1,2,240,NULL,1,0,0,0,0,0,0,1),(1894,1,10,1,NULL,NULL,NULL,0,'Dirac',1,2,240,NULL,1,0,0,0,0,0,0,1),(1895,1,10,1,NULL,NULL,NULL,0,'Dirac',1,2,240,NULL,1,0,0,0,0,0,0,1),(1896,1,10,1,NULL,NULL,NULL,0,'Dirac',0,2,240,NULL,1,0,0,0,0,0,0,1),(1897,1,10,1,NULL,NULL,NULL,0,'Dirac',0,2,240,NULL,1,0,0,0,0,0,0,1),(1898,1,10,1,NULL,NULL,NULL,0,'Dirac',1,2,240,NULL,1,0,0,0,0,0,0,1),(1899,1,10,1,NULL,NULL,NULL,0,'Dirac',0,2,240,NULL,1,0,0,0,0,0,0,1),(1900,1,10,1,NULL,NULL,NULL,0,'Demosis',0,1,315,NULL,1,0,0,0,0,0,0,1),(1901,1,10,1,NULL,NULL,NULL,0,'Thor',0,1,315,NULL,1,0,0,0,0,0,0,1),(1902,1,10,1,NULL,NULL,NULL,0,'Thor',1,1,315,NULL,1,0,0,0,0,0,0,1),(1903,1,10,1,NULL,NULL,NULL,0,'Thor',0,1,315,NULL,1,0,0,0,0,0,0,1),(1904,1,10,1,NULL,NULL,NULL,0,'Dirac',1,1,315,NULL,1,0,0,0,0,0,0,1),(1905,1,10,1,NULL,NULL,NULL,0,'Dirac',1,1,315,NULL,1,0,0,0,0,0,0,1),(1906,1,10,1,NULL,NULL,NULL,0,'Dirac',1,1,315,NULL,1,0,0,0,0,0,0,1),(1907,1,10,1,NULL,NULL,NULL,0,'Dirac',1,1,315,NULL,1,0,0,0,0,0,0,1),(1908,1,10,1,NULL,NULL,NULL,0,'Demosis',0,2,60,NULL,1,0,0,0,0,0,0,1),(1909,1,10,1,NULL,NULL,NULL,0,'Thor',1,2,60,NULL,1,0,0,0,0,0,0,1),(1910,1,10,1,NULL,NULL,NULL,0,'Dirac',1,2,60,NULL,1,0,0,0,0,0,0,1),(1911,1,10,1,NULL,NULL,NULL,0,'Dirac',0,2,60,NULL,1,0,0,0,0,0,0,1),(1912,1,10,1,NULL,NULL,NULL,0,'Dirac',0,2,60,NULL,1,0,0,0,0,0,0,1),(1913,1,10,1,NULL,NULL,NULL,0,'Dirac',0,2,60,NULL,1,0,0,0,0,0,0,1),(1914,1,10,1,NULL,NULL,NULL,0,'Dirac',1,2,60,NULL,1,0,0,0,0,0,0,1),(1915,1,10,1,NULL,NULL,NULL,0,'Dirac',0,2,60,NULL,1,0,0,0,0,0,0,1),(1916,1,10,1,NULL,NULL,NULL,0,'Dirac',0,2,60,NULL,1,0,0,0,0,0,0,1),(1917,1,10,1,NULL,NULL,NULL,0,'Demosis',0,3,112,NULL,1,0,0,0,0,0,0,1),(1918,1,10,1,NULL,NULL,NULL,0,'Demosis',0,3,112,NULL,1,0,0,0,0,0,0,1),(1919,1,10,1,NULL,NULL,NULL,0,'Thor',0,3,112,NULL,1,0,0,0,0,0,0,1),(1920,1,10,1,NULL,NULL,NULL,0,'Thor',0,3,112,NULL,1,0,0,0,0,0,0,1),(1921,1,10,1,NULL,NULL,NULL,0,'Thor',0,3,112,NULL,1,0,0,0,0,0,0,1),(1922,1,10,1,NULL,NULL,NULL,0,'Thor',0,3,112,NULL,1,0,0,0,0,0,0,1),(1923,1,10,1,NULL,NULL,NULL,0,'Thor',1,3,112,NULL,1,0,0,0,0,0,0,1),(1924,1,10,1,NULL,NULL,NULL,0,'Thor',1,3,112,NULL,1,0,0,0,0,0,0,1),(1925,1,10,1,NULL,NULL,NULL,0,'Thor',0,3,112,NULL,1,0,0,0,0,0,0,1),(1926,1,10,1,NULL,NULL,NULL,0,'Dirac',1,3,112,NULL,1,0,0,0,0,0,0,1),(1927,1,10,1,NULL,NULL,NULL,0,'Dirac',1,3,112,NULL,1,0,0,0,0,0,0,1),(1928,1,10,1,NULL,NULL,NULL,0,'Dirac',0,3,112,NULL,1,0,0,0,0,0,0,1),(1929,1,10,1,NULL,NULL,NULL,0,'Dirac',0,3,112,NULL,1,0,0,0,0,0,0,1),(1930,1,10,1,NULL,NULL,NULL,0,'Dirac',0,3,112,NULL,1,0,0,0,0,0,0,1),(1931,1,10,1,NULL,NULL,NULL,0,'Demosis',0,1,90,NULL,1,0,0,0,0,0,0,1),(1932,1,10,1,NULL,NULL,NULL,0,'Thor',0,1,90,NULL,1,0,0,0,0,0,0,1),(1933,1,10,1,NULL,NULL,NULL,0,'Dirac',0,1,90,NULL,1,0,0,0,0,0,0,1),(1934,1,10,1,NULL,NULL,NULL,0,'Dirac',0,1,90,NULL,1,0,0,0,0,0,0,1),(1935,1,10,1,NULL,NULL,NULL,0,'Demosis',0,2,150,NULL,1,0,0,0,0,0,0,1),(1936,1,10,1,NULL,NULL,NULL,0,'Thor',0,2,150,NULL,1,0,0,0,0,0,0,1),(1937,1,10,1,NULL,NULL,NULL,0,'Thor',1,2,150,NULL,1,0,0,0,0,0,0,1),(1938,1,10,1,NULL,NULL,NULL,0,'Thor',1,2,150,NULL,1,0,0,0,0,0,0,1),(1939,1,10,1,NULL,NULL,NULL,0,'Thor',0,2,150,NULL,1,0,0,0,0,0,0,1),(1940,1,10,1,NULL,NULL,NULL,0,'Dirac',1,2,150,NULL,1,0,0,0,0,0,0,1),(1941,1,10,1,NULL,NULL,NULL,0,'Dirac',1,2,150,NULL,1,0,0,0,0,0,0,1),(1942,1,10,1,NULL,NULL,NULL,0,'Dirac',1,2,150,NULL,1,0,0,0,0,0,0,1),(1943,1,10,1,NULL,NULL,NULL,0,'Dirac',0,2,150,NULL,1,0,0,0,0,0,0,1),(1944,1,10,1,NULL,NULL,NULL,0,'Thor',0,2,30,NULL,1,0,0,0,0,0,0,1),(1945,1,10,1,NULL,NULL,NULL,0,'Thor',0,2,30,NULL,1,0,0,0,0,0,0,1),(1946,1,10,1,NULL,NULL,NULL,0,'Thor',1,2,30,NULL,1,0,0,0,0,0,0,1),(1947,1,10,1,NULL,NULL,NULL,0,'Dirac',0,2,30,NULL,1,0,0,0,0,0,0,1),(1948,1,10,1,NULL,NULL,NULL,0,'Dirac',0,2,30,NULL,1,0,0,0,0,0,0,1),(1949,1,10,1,NULL,NULL,NULL,0,'Dirac',1,2,30,NULL,1,0,0,0,0,0,0,1),(1950,1,10,1,NULL,NULL,NULL,0,'Dirac',0,2,30,NULL,1,0,0,0,0,0,0,1),(1951,1,10,1,NULL,NULL,NULL,0,'Dirac',1,2,30,NULL,1,0,0,0,0,0,0,1),(1952,1,10,1,NULL,NULL,NULL,0,'Dirac',1,2,30,NULL,1,0,0,0,0,0,0,1),(1953,1,10,1,NULL,NULL,NULL,0,'Dirac',0,2,30,NULL,1,0,0,0,0,0,0,1),(1954,1,10,1,NULL,NULL,NULL,0,'Dirac',1,2,30,NULL,1,0,0,0,0,0,0,1),(1955,1,10,1,NULL,NULL,NULL,0,'Demosis',0,1,135,NULL,1,0,0,0,0,0,0,1),(1956,1,10,1,NULL,NULL,NULL,0,'Thor',1,1,135,NULL,1,0,0,0,0,0,0,1),(1957,1,10,1,NULL,NULL,NULL,0,'Thor',0,1,135,NULL,1,0,0,0,0,0,0,1),(1958,1,10,1,NULL,NULL,NULL,0,'Thor',0,1,135,NULL,1,0,0,0,0,0,0,1),(1959,1,10,1,NULL,NULL,NULL,0,'Dirac',1,1,135,NULL,1,0,0,0,0,0,0,1),(1960,1,10,1,NULL,NULL,NULL,0,'Dirac',0,1,135,NULL,1,0,0,0,0,0,0,1),(1961,1,10,1,NULL,NULL,NULL,0,'Dirac',1,1,135,NULL,1,0,0,0,0,0,0,1),(1962,1,10,1,NULL,NULL,NULL,0,'Demosis',0,0,270,NULL,1,0,0,0,0,0,0,1),(1963,1,10,1,NULL,NULL,NULL,0,'Demosis',0,0,270,NULL,1,0,0,0,0,0,0,1),(1964,1,10,1,NULL,NULL,NULL,0,'Demosis',0,0,270,NULL,1,0,0,0,0,0,0,1),(1965,1,10,1,NULL,NULL,NULL,0,'Thor',0,0,270,NULL,1,0,0,0,0,0,0,1),(1966,1,10,1,NULL,NULL,NULL,0,'Thor',0,0,270,NULL,1,0,0,0,0,0,0,1),(1967,1,10,1,NULL,NULL,NULL,0,'Thor',0,0,270,NULL,1,0,0,0,0,0,0,1),(1968,1,10,1,NULL,NULL,NULL,0,'Dirac',0,0,270,NULL,1,0,0,0,0,0,0,1),(1969,1,10,1,NULL,NULL,NULL,0,'Dirac',0,0,270,NULL,1,0,0,0,0,0,0,1),(1970,1,10,1,NULL,NULL,NULL,0,'Dirac',1,0,270,NULL,1,0,0,0,0,0,0,1),(1971,1,10,1,NULL,NULL,NULL,0,'Dirac',0,0,270,NULL,1,0,0,0,0,0,0,1),(1972,1,10,1,NULL,NULL,NULL,0,'Dirac',1,0,270,NULL,1,0,0,0,0,0,0,1),(1973,1,166,4,NULL,NULL,NULL,0,'Glancer',1,NULL,NULL,NULL,1,0,0,0,0,0,0,1),(1974,1,166,4,NULL,NULL,NULL,0,'Glancer',1,NULL,NULL,NULL,1,0,0,0,0,0,0,1),(1975,1,166,4,NULL,NULL,NULL,0,'Gnat',0,NULL,NULL,NULL,1,0,0,0,0,0,0,1),(1976,1,166,4,NULL,NULL,NULL,0,'Gnat',0,NULL,NULL,NULL,1,0,0,0,0,0,0,1),(1977,1,166,4,NULL,NULL,NULL,0,'Gnat',1,NULL,NULL,NULL,1,0,0,0,0,0,0,1),(1978,1,166,4,NULL,NULL,NULL,0,'Gnat',0,NULL,NULL,NULL,1,0,0,0,0,0,0,1),(1979,1,167,4,NULL,NULL,NULL,0,'Glancer',1,NULL,NULL,NULL,1,0,0,0,0,0,0,1),(1980,1,167,4,NULL,NULL,NULL,0,'Gnat',0,NULL,NULL,NULL,1,0,0,0,0,0,0,1),(1981,1,167,4,NULL,NULL,NULL,0,'Gnat',0,NULL,NULL,NULL,1,0,0,0,0,0,0,1),(1982,1,167,4,NULL,NULL,NULL,0,'Gnat',1,NULL,NULL,NULL,1,0,0,0,0,0,0,1),(1983,1,167,4,NULL,NULL,NULL,0,'Gnat',0,NULL,NULL,NULL,1,0,0,0,0,0,0,1),(1984,1,167,4,NULL,NULL,NULL,0,'Gnat',1,NULL,NULL,NULL,1,0,0,0,0,0,0,1),(1985,1,168,4,NULL,NULL,NULL,0,'Glancer',1,NULL,NULL,NULL,1,0,0,0,0,0,0,1),(1986,1,168,4,NULL,NULL,NULL,0,'Gnat',0,NULL,NULL,NULL,1,0,0,0,0,0,0,1),(1987,1,168,4,NULL,NULL,NULL,0,'Gnat',0,NULL,NULL,NULL,1,0,0,0,0,0,0,1),(1988,1,168,4,NULL,NULL,NULL,0,'Gnat',1,NULL,NULL,NULL,1,0,0,0,0,0,0,1),(1989,1,168,4,NULL,NULL,NULL,0,'Gnat',0,NULL,NULL,NULL,1,0,0,0,0,0,0,1),(1990,1,168,4,NULL,NULL,NULL,0,'Gnat',1,NULL,NULL,NULL,1,0,0,0,0,0,0,1),(1991,1,169,4,NULL,NULL,NULL,0,'Spudder',0,NULL,NULL,NULL,1,0,0,0,0,0,0,1),(1992,1,169,4,NULL,NULL,NULL,0,'Glancer',1,NULL,NULL,NULL,1,0,0,0,0,0,0,1),(1993,1,169,4,NULL,NULL,NULL,0,'Gnat',0,NULL,NULL,NULL,1,0,0,0,0,0,0,1),(1994,1,169,4,NULL,NULL,NULL,0,'Glancer',1,NULL,NULL,NULL,1,0,0,0,0,0,0,1),(1995,1,169,4,NULL,NULL,NULL,0,'Glancer',1,NULL,NULL,NULL,1,0,0,0,0,0,0,1),(1996,1,169,4,NULL,NULL,NULL,0,'Glancer',1,NULL,NULL,NULL,1,0,0,0,0,0,0,1),(1997,1,169,4,NULL,NULL,NULL,0,'Gnat',0,NULL,NULL,NULL,1,0,0,0,0,0,0,1),(1998,1,169,4,NULL,NULL,NULL,0,'Gnat',0,NULL,NULL,NULL,1,0,0,0,0,0,0,1),(1999,1,169,4,NULL,NULL,NULL,0,'Gnat',1,NULL,NULL,NULL,1,0,0,0,0,0,0,1),(2000,1,169,4,NULL,NULL,NULL,0,'Gnat',0,NULL,NULL,NULL,1,0,0,0,0,0,0,1),(2001,1,169,4,NULL,NULL,NULL,0,'Gnat',0,NULL,NULL,NULL,1,0,0,0,0,0,0,1),(2002,1,169,4,NULL,NULL,NULL,0,'Gnat',1,NULL,NULL,NULL,1,0,0,0,0,0,0,1),(2003,1,170,4,NULL,NULL,NULL,0,'Spudder',0,NULL,NULL,NULL,1,0,0,0,0,0,0,1),(2004,1,170,4,NULL,NULL,NULL,0,'Spudder',1,NULL,NULL,NULL,1,0,0,0,0,0,0,1),(2005,1,170,4,NULL,NULL,NULL,0,'Spudder',0,NULL,NULL,NULL,1,0,0,0,0,0,0,1),(2006,1,170,4,NULL,NULL,NULL,0,'Gnat',1,NULL,NULL,NULL,1,0,0,0,0,0,0,1),(2007,1,170,4,NULL,NULL,NULL,0,'Gnat',0,NULL,NULL,NULL,1,0,0,0,0,0,0,1),(2008,1,170,4,NULL,NULL,NULL,0,'Glancer',1,NULL,NULL,NULL,1,0,0,0,0,0,0,1),(2009,1,170,4,NULL,NULL,NULL,0,'Glancer',1,NULL,NULL,NULL,1,0,0,0,0,0,0,1),(2010,1,170,4,NULL,NULL,NULL,0,'Glancer',1,NULL,NULL,NULL,1,0,0,0,0,0,0,1),(2011,1,170,4,NULL,NULL,NULL,0,'Glancer',1,NULL,NULL,NULL,1,0,0,0,0,0,0,1),(2012,1,170,4,NULL,NULL,NULL,0,'Glancer',1,NULL,NULL,NULL,1,0,0,0,0,0,0,1),(2013,1,170,4,NULL,NULL,NULL,0,'Gnat',0,NULL,NULL,NULL,1,0,0,0,0,0,0,1),(2014,1,170,4,NULL,NULL,NULL,0,'Gnat',0,NULL,NULL,NULL,1,0,0,0,0,0,0,1),(2015,1,170,4,NULL,NULL,NULL,0,'Gnat',1,NULL,NULL,NULL,1,0,0,0,0,0,0,1),(2016,1,170,4,NULL,NULL,NULL,0,'Gnat',0,NULL,NULL,NULL,1,0,0,0,0,0,0,1),(2017,1,170,4,NULL,NULL,NULL,0,'Gnat',1,NULL,NULL,NULL,1,0,0,0,0,0,0,1),(2018,1,170,4,NULL,NULL,NULL,0,'Gnat',1,NULL,NULL,NULL,1,0,0,0,0,0,0,1),(2019,1,171,4,NULL,NULL,NULL,0,'Gnawer',0,NULL,NULL,NULL,1,0,0,0,0,0,0,1),(2020,1,171,4,NULL,NULL,NULL,0,'Gnawer',0,NULL,NULL,NULL,1,0,0,0,0,0,0,1),(2021,1,171,4,NULL,NULL,NULL,0,'Gnawer',0,NULL,NULL,NULL,1,0,0,0,0,0,0,1),(2022,1,171,4,NULL,NULL,NULL,0,'Spudder',0,NULL,NULL,NULL,1,0,0,0,0,0,0,1),(2023,1,171,4,NULL,NULL,NULL,0,'Spudder',0,NULL,NULL,NULL,1,0,0,0,0,0,0,1),(2024,1,171,4,NULL,NULL,NULL,0,'Glancer',1,NULL,NULL,NULL,1,0,0,0,0,0,0,1),(2025,1,171,4,NULL,NULL,NULL,0,'Gnat',0,NULL,NULL,NULL,1,0,0,0,0,0,0,1),(2026,1,171,4,NULL,NULL,NULL,0,'Gnat',1,NULL,NULL,NULL,1,0,0,0,0,0,0,1),(2027,1,171,4,NULL,NULL,NULL,0,'Gnat',0,NULL,NULL,NULL,1,0,0,0,0,0,0,1),(2028,1,171,4,NULL,NULL,NULL,0,'Gnat',0,NULL,NULL,NULL,1,0,0,0,0,0,0,1),(2029,1,171,4,NULL,NULL,NULL,0,'Glancer',1,NULL,NULL,NULL,1,0,0,0,0,0,0,1),(2030,1,171,4,NULL,NULL,NULL,0,'Glancer',1,NULL,NULL,NULL,1,0,0,0,0,0,0,1),(2031,1,171,4,NULL,NULL,NULL,0,'Glancer',1,NULL,NULL,NULL,1,0,0,0,0,0,0,1),(2032,1,171,4,NULL,NULL,NULL,0,'Gnat',0,NULL,NULL,NULL,1,0,0,0,0,0,0,1),(2033,1,171,4,NULL,NULL,NULL,0,'Gnat',0,NULL,NULL,NULL,1,0,0,0,0,0,0,1),(2034,1,171,4,NULL,NULL,NULL,0,'Gnat',1,NULL,NULL,NULL,1,0,0,0,0,0,0,1),(2035,1,171,4,NULL,NULL,NULL,0,'Gnat',0,NULL,NULL,NULL,1,0,0,0,0,0,0,1),(2036,1,171,4,NULL,NULL,NULL,0,'Gnat',1,NULL,NULL,NULL,1,0,0,0,0,0,0,1),(2037,1,172,4,NULL,NULL,NULL,0,'Gnawer',0,NULL,NULL,NULL,1,0,0,0,0,0,0,1),(2038,1,172,4,NULL,NULL,NULL,0,'Gnawer',0,NULL,NULL,NULL,1,0,0,0,0,0,0,1),(2039,1,172,4,NULL,NULL,NULL,0,'Gnawer',0,NULL,NULL,NULL,1,0,0,0,0,0,0,1),(2040,1,172,4,NULL,NULL,NULL,0,'Spudder',1,NULL,NULL,NULL,1,0,0,0,0,0,0,1),(2041,1,172,4,NULL,NULL,NULL,0,'Gnawer',0,NULL,NULL,NULL,1,0,0,0,0,0,0,1),(2042,1,172,4,NULL,NULL,NULL,0,'Spudder',0,NULL,NULL,NULL,1,0,0,0,0,0,0,1),(2043,1,172,4,NULL,NULL,NULL,0,'Glancer',1,NULL,NULL,NULL,1,0,0,0,0,0,0,1),(2044,1,172,4,NULL,NULL,NULL,0,'Gnat',0,NULL,NULL,NULL,1,0,0,0,0,0,0,1),(2045,1,172,4,NULL,NULL,NULL,0,'Gnat',0,NULL,NULL,NULL,1,0,0,0,0,0,0,1),(2046,1,172,4,NULL,NULL,NULL,0,'Glancer',1,NULL,NULL,NULL,1,0,0,0,0,0,0,1),(2047,1,172,4,NULL,NULL,NULL,0,'Glancer',1,NULL,NULL,NULL,1,0,0,0,0,0,0,1),(2048,1,172,4,NULL,NULL,NULL,0,'Glancer',1,NULL,NULL,NULL,1,0,0,0,0,0,0,1),(2049,1,172,4,NULL,NULL,NULL,0,'Gnat',0,NULL,NULL,NULL,1,0,0,0,0,0,0,1),(2050,1,172,4,NULL,NULL,NULL,0,'Gnat',0,NULL,NULL,NULL,1,0,0,0,0,0,0,1),(2051,1,172,4,NULL,NULL,NULL,0,'Gnat',1,NULL,NULL,NULL,1,0,0,0,0,0,0,1),(2052,1,172,4,NULL,NULL,NULL,0,'Gnat',0,NULL,NULL,NULL,1,0,0,0,0,0,0,1),(2053,1,172,4,NULL,NULL,NULL,0,'Gnat',1,NULL,NULL,NULL,1,0,0,0,0,0,0,1),(2054,1,172,4,NULL,NULL,NULL,0,'Gnat',1,NULL,NULL,NULL,1,0,0,0,0,0,0,1),(2055,1,173,4,NULL,NULL,NULL,0,'Gnawer',0,NULL,NULL,NULL,1,0,0,0,0,0,0,1),(2056,1,173,4,NULL,NULL,NULL,0,'Gnawer',0,NULL,NULL,NULL,1,0,0,0,0,0,0,1),(2057,1,173,4,NULL,NULL,NULL,0,'Gnawer',0,NULL,NULL,NULL,1,0,0,0,0,0,0,1),(2058,1,173,4,NULL,NULL,NULL,0,'Gnawer',0,NULL,NULL,NULL,1,0,0,0,0,0,0,1),(2059,1,173,4,NULL,NULL,NULL,0,'Spudder',0,NULL,NULL,NULL,1,0,0,0,0,0,0,1),(2060,1,173,4,NULL,NULL,NULL,0,'Spudder',1,NULL,NULL,NULL,1,0,0,0,0,0,0,1),(2061,1,173,4,NULL,NULL,NULL,0,'Spudder',0,NULL,NULL,NULL,1,0,0,0,0,0,0,1),(2062,1,173,4,NULL,NULL,NULL,0,'Spudder',0,NULL,NULL,NULL,1,0,0,0,0,0,0,1),(2063,1,173,4,NULL,NULL,NULL,0,'Glancer',1,NULL,NULL,NULL,1,0,0,0,0,0,0,1),(2064,1,173,4,NULL,NULL,NULL,0,'Gnat',0,NULL,NULL,NULL,1,0,0,0,0,0,0,1),(2065,1,173,4,NULL,NULL,NULL,0,'Glancer',1,NULL,NULL,NULL,1,0,0,0,0,0,0,1),(2066,1,173,4,NULL,NULL,NULL,0,'Glancer',1,NULL,NULL,NULL,1,0,0,0,0,0,0,1),(2067,1,173,4,NULL,NULL,NULL,0,'Glancer',1,NULL,NULL,NULL,1,0,0,0,0,0,0,1),(2068,1,173,4,NULL,NULL,NULL,0,'Glancer',1,NULL,NULL,NULL,1,0,0,0,0,0,0,1),(2069,1,173,4,NULL,NULL,NULL,0,'Gnat',0,NULL,NULL,NULL,1,0,0,0,0,0,0,1),(2070,1,173,4,NULL,NULL,NULL,0,'Gnat',0,NULL,NULL,NULL,1,0,0,0,0,0,0,1),(2071,1,173,4,NULL,NULL,NULL,0,'Gnat',1,NULL,NULL,NULL,1,0,0,0,0,0,0,1),(2072,1,173,4,NULL,NULL,NULL,0,'Gnat',1,NULL,NULL,NULL,1,0,0,0,0,0,0,1),(2073,1,173,4,NULL,NULL,NULL,0,'Gnat',1,NULL,NULL,NULL,1,0,0,0,0,0,0,1),(2074,1,174,4,NULL,NULL,NULL,0,'Gnawer',0,NULL,NULL,NULL,1,0,0,0,0,0,0,1),(2075,1,174,4,NULL,NULL,NULL,0,'Spudder',1,NULL,NULL,NULL,1,0,0,0,0,0,0,1),(2076,1,174,4,NULL,NULL,NULL,0,'Spudder',0,NULL,NULL,NULL,1,0,0,0,0,0,0,1),(2077,1,174,4,NULL,NULL,NULL,0,'Spudder',0,NULL,NULL,NULL,1,0,0,0,0,0,0,1),(2078,1,174,4,NULL,NULL,NULL,0,'Glancer',1,NULL,NULL,NULL,1,0,0,0,0,0,0,1),(2079,1,174,4,NULL,NULL,NULL,0,'Gnat',0,NULL,NULL,NULL,1,0,0,0,0,0,0,1),(2080,1,174,4,NULL,NULL,NULL,0,'Gnat',0,NULL,NULL,NULL,1,0,0,0,0,0,0,1),(2081,1,174,4,NULL,NULL,NULL,0,'Glancer',1,NULL,NULL,NULL,1,0,0,0,0,0,0,1),(2082,1,174,4,NULL,NULL,NULL,0,'Glancer',1,NULL,NULL,NULL,1,0,0,0,0,0,0,1),(2083,1,174,4,NULL,NULL,NULL,0,'Glancer',1,NULL,NULL,NULL,1,0,0,0,0,0,0,1),(2084,1,174,4,NULL,NULL,NULL,0,'Glancer',1,NULL,NULL,NULL,1,0,0,0,0,0,0,1),(2085,1,174,4,NULL,NULL,NULL,0,'Gnat',0,NULL,NULL,NULL,1,0,0,0,0,0,0,1),(2086,1,174,4,NULL,NULL,NULL,0,'Gnat',0,NULL,NULL,NULL,1,0,0,0,0,0,0,1),(2087,1,174,4,NULL,NULL,NULL,0,'Gnat',1,NULL,NULL,NULL,1,0,0,0,0,0,0,1),(2088,1,174,4,NULL,NULL,NULL,0,'Gnat',0,NULL,NULL,NULL,1,0,0,0,0,0,0,1),(2089,1,174,4,NULL,NULL,NULL,0,'Gnat',1,NULL,NULL,NULL,1,0,0,0,0,0,0,1),(2090,1,174,4,NULL,NULL,NULL,0,'Gnat',1,NULL,NULL,NULL,1,0,0,0,0,0,0,1),(2091,1,174,4,NULL,NULL,NULL,0,'Gnat',1,NULL,NULL,NULL,1,0,0,0,0,0,0,1),(2092,1,175,4,NULL,NULL,NULL,0,'Spudder',0,NULL,NULL,NULL,1,0,0,0,0,0,0,1),(2093,1,175,4,NULL,NULL,NULL,0,'Glancer',1,NULL,NULL,NULL,1,0,0,0,0,0,0,1),(2094,1,175,4,NULL,NULL,NULL,0,'Gnat',0,NULL,NULL,NULL,1,0,0,0,0,0,0,1),(2095,1,175,4,NULL,NULL,NULL,0,'Glancer',1,NULL,NULL,NULL,1,0,0,0,0,0,0,1),(2096,1,175,4,NULL,NULL,NULL,0,'Glancer',1,NULL,NULL,NULL,1,0,0,0,0,0,0,1),(2097,1,175,4,NULL,NULL,NULL,0,'Glancer',1,NULL,NULL,NULL,1,0,0,0,0,0,0,1),(2098,1,175,4,NULL,NULL,NULL,0,'Glancer',1,NULL,NULL,NULL,1,0,0,0,0,0,0,1),(2099,1,175,4,NULL,NULL,NULL,0,'Gnat',0,NULL,NULL,NULL,1,0,0,0,0,0,0,1),(2100,1,175,4,NULL,NULL,NULL,0,'Gnat',0,NULL,NULL,NULL,1,0,0,0,0,0,0,1),(2101,1,175,4,NULL,NULL,NULL,0,'Gnat',1,NULL,NULL,NULL,1,0,0,0,0,0,0,1),(2102,1,175,4,NULL,NULL,NULL,0,'Gnat',1,NULL,NULL,NULL,1,0,0,0,0,0,0,1),(2103,1,176,4,NULL,NULL,NULL,0,'Glancer',1,NULL,NULL,NULL,1,0,0,0,0,0,0,1),(2104,1,176,4,NULL,NULL,NULL,0,'Gnat',0,NULL,NULL,NULL,1,0,0,0,0,0,0,1),(2105,1,176,4,NULL,NULL,NULL,0,'Gnat',0,NULL,NULL,NULL,1,0,0,0,0,0,0,1),(2106,1,176,4,NULL,NULL,NULL,0,'Glancer',1,NULL,NULL,NULL,1,0,0,0,0,0,0,1),(2107,1,176,4,NULL,NULL,NULL,0,'Glancer',1,NULL,NULL,NULL,1,0,0,0,0,0,0,1),(2108,1,176,4,NULL,NULL,NULL,0,'Glancer',1,NULL,NULL,NULL,1,0,0,0,0,0,0,1),(2109,1,176,4,NULL,NULL,NULL,0,'Glancer',1,NULL,NULL,NULL,1,0,0,0,0,0,0,1),(2110,1,176,4,NULL,NULL,NULL,0,'Gnat',0,NULL,NULL,NULL,1,0,0,0,0,0,0,1),(2111,1,176,4,NULL,NULL,NULL,0,'Gnat',0,NULL,NULL,NULL,1,0,0,0,0,0,0,1),(2112,1,176,4,NULL,NULL,NULL,0,'Gnat',1,NULL,NULL,NULL,1,0,0,0,0,0,0,1),(2113,1,176,4,NULL,NULL,NULL,0,'Gnat',0,NULL,NULL,NULL,1,0,0,0,0,0,0,1),(2114,1,176,4,NULL,NULL,NULL,0,'Gnat',0,NULL,NULL,NULL,1,0,0,0,0,0,0,1),(2115,1,176,4,NULL,NULL,NULL,0,'Gnat',0,NULL,NULL,NULL,1,0,0,0,0,0,0,1),(2116,1,177,4,NULL,NULL,NULL,0,'Gnat',0,NULL,NULL,NULL,1,0,0,0,0,0,0,1),(2117,1,177,4,NULL,NULL,NULL,0,'Gnat',0,NULL,NULL,NULL,1,0,0,0,0,0,0,1),(2118,1,177,4,NULL,NULL,NULL,0,'Gnat',1,NULL,NULL,NULL,1,0,0,0,0,0,0,1),(2119,1,177,4,NULL,NULL,NULL,0,'Gnat',0,NULL,NULL,NULL,1,0,0,0,0,0,0,1),(2120,1,178,4,NULL,NULL,NULL,0,'Gnat',0,NULL,NULL,NULL,1,0,0,0,0,0,0,1),(2121,1,178,4,NULL,NULL,NULL,0,'Gnat',0,NULL,NULL,NULL,1,0,0,0,0,0,0,1),(2122,1,178,4,NULL,NULL,NULL,0,'Gnat',1,NULL,NULL,NULL,1,0,0,0,0,0,0,1),(2123,1,178,4,NULL,NULL,NULL,0,'Gnat',0,NULL,NULL,NULL,1,0,0,0,0,0,0,1),(2124,1,178,4,NULL,NULL,NULL,0,'Gnat',1,NULL,NULL,NULL,1,0,0,0,0,0,0,1),(2125,1,178,4,NULL,NULL,NULL,0,'Gnat',1,NULL,NULL,NULL,1,0,0,0,0,0,0,1),(2126,1,178,4,NULL,NULL,NULL,0,'Gnat',0,NULL,NULL,NULL,1,0,0,0,0,0,0,1),(2127,1,178,4,NULL,NULL,NULL,0,'Gnat',1,NULL,NULL,NULL,1,0,0,0,0,0,0,1),(2128,1,179,4,NULL,NULL,NULL,0,'Gnat',0,NULL,NULL,NULL,1,0,0,0,0,0,0,1),(2129,1,179,4,NULL,NULL,NULL,0,'Gnat',0,NULL,NULL,NULL,1,0,0,0,0,0,0,1),(2130,1,179,4,NULL,NULL,NULL,0,'Gnat',1,NULL,NULL,NULL,1,0,0,0,0,0,0,1),(2131,1,179,4,NULL,NULL,NULL,0,'Gnat',0,NULL,NULL,NULL,1,0,0,0,0,0,0,1),(2132,1,179,4,NULL,NULL,NULL,0,'Gnat',0,NULL,NULL,NULL,1,0,0,0,0,0,0,1),(2133,1,179,4,NULL,NULL,NULL,0,'Gnat',1,NULL,NULL,NULL,1,0,0,0,0,0,0,1),(2134,1,180,4,NULL,NULL,NULL,0,'Gnat',0,NULL,NULL,NULL,1,0,0,0,0,0,0,1),(2135,1,180,4,NULL,NULL,NULL,0,'Gnat',0,NULL,NULL,NULL,1,0,0,0,0,0,0,1),(2136,1,180,4,NULL,NULL,NULL,0,'Gnat',1,NULL,NULL,NULL,1,0,0,0,0,0,0,1),(2137,1,180,4,NULL,NULL,NULL,0,'Gnat',0,NULL,NULL,NULL,1,0,0,0,0,0,0,1),(2138,1,180,4,NULL,NULL,NULL,0,'Gnat',1,NULL,NULL,NULL,1,0,0,0,0,0,0,1),(2139,1,180,4,NULL,NULL,NULL,0,'Gnat',1,NULL,NULL,NULL,1,0,0,0,0,0,0,1),(2140,1,10,1,NULL,NULL,NULL,0,'Demosis',0,2,270,NULL,1,0,0,0,0,0,0,1),(2141,1,10,1,NULL,NULL,NULL,0,'Thor',1,2,270,NULL,1,0,0,0,0,0,0,1),(2142,1,10,1,NULL,NULL,NULL,0,'Thor',0,2,270,NULL,1,0,0,0,0,0,0,1),(2143,1,10,1,NULL,NULL,NULL,0,'Thor',0,2,270,NULL,1,0,0,0,0,0,0,1),(2144,1,10,1,NULL,NULL,NULL,0,'Thor',0,2,270,NULL,1,0,0,0,0,0,0,1),(2145,1,10,1,NULL,NULL,NULL,0,'Dirac',0,2,270,NULL,1,0,0,0,0,0,0,1),(2146,1,10,1,NULL,NULL,NULL,0,'Dirac',1,2,270,NULL,1,0,0,0,0,0,0,1),(2147,1,10,1,NULL,NULL,NULL,0,'Dirac',1,2,270,NULL,1,0,0,0,0,0,0,1),(2148,1,10,1,NULL,NULL,NULL,0,'Dirac',1,2,270,NULL,1,0,0,0,0,0,0,1),(2149,1,10,1,NULL,NULL,NULL,0,'Dirac',1,2,270,NULL,1,0,0,0,0,0,0,1),(2150,1,10,1,NULL,NULL,NULL,0,'Demosis',0,0,180,NULL,1,0,0,0,0,0,0,1),(2151,1,10,1,NULL,NULL,NULL,0,'Thor',1,0,180,NULL,1,0,0,0,0,0,0,1),(2152,1,10,1,NULL,NULL,NULL,0,'Thor',1,0,180,NULL,1,0,0,0,0,0,0,1),(2153,1,10,1,NULL,NULL,NULL,0,'Dirac',0,0,180,NULL,1,0,0,0,0,0,0,1),(2154,1,10,1,NULL,NULL,NULL,0,'Dirac',1,0,180,NULL,1,0,0,0,0,0,0,1),(2155,1,10,1,NULL,NULL,NULL,0,'Demosis',0,0,0,NULL,1,0,0,0,0,0,0,1),(2156,1,10,1,NULL,NULL,NULL,0,'Thor',1,0,0,NULL,1,0,0,0,0,0,0,1),(2157,1,10,1,NULL,NULL,NULL,0,'Thor',0,0,0,NULL,1,0,0,0,0,0,0,1),(2158,1,10,1,NULL,NULL,NULL,0,'Dirac',0,0,0,NULL,1,0,0,0,0,0,0,1),(2159,1,10,1,NULL,NULL,NULL,0,'Dirac',0,0,0,NULL,1,0,0,0,0,0,0,1),(2160,1,10,1,NULL,NULL,NULL,0,'Dirac',1,0,0,NULL,1,0,0,0,0,0,0,1),(2161,1,11,1,NULL,NULL,NULL,0,'Demosis',0,2,210,NULL,1,0,0,0,0,0,0,1),(2162,1,11,1,NULL,NULL,NULL,0,'Demosis',0,2,210,NULL,1,0,0,0,0,0,0,1),(2163,1,11,1,NULL,NULL,NULL,0,'Demosis',0,2,210,NULL,1,0,0,0,0,0,0,1),(2164,1,11,1,NULL,NULL,NULL,0,'Demosis',0,2,210,NULL,1,0,0,0,0,0,0,1),(2165,1,11,1,NULL,NULL,NULL,0,'Thor',0,2,210,NULL,1,0,0,0,0,0,0,1),(2166,1,11,1,NULL,NULL,NULL,0,'Thor',0,2,210,NULL,1,0,0,0,0,0,0,1),(2167,1,11,1,NULL,NULL,NULL,0,'Thor',0,2,210,NULL,1,0,0,0,0,0,0,1),(2168,1,11,1,NULL,NULL,NULL,0,'Thor',0,2,210,NULL,1,0,0,0,0,0,0,1),(2169,1,11,1,NULL,NULL,NULL,0,'Thor',0,2,210,NULL,1,0,0,0,0,0,0,1),(2170,1,11,1,NULL,NULL,NULL,0,'Thor',1,2,210,NULL,1,0,0,0,0,0,0,1),(2171,1,11,1,NULL,NULL,NULL,0,'Dirac',1,2,210,NULL,1,0,0,0,0,0,0,1),(2172,1,11,1,NULL,NULL,NULL,0,'Dirac',1,2,210,NULL,1,0,0,0,0,0,0,1),(2173,1,11,1,NULL,NULL,NULL,0,'Dirac',0,2,210,NULL,1,0,0,0,0,0,0,1),(2174,1,11,1,NULL,NULL,NULL,0,'Dirac',0,2,210,NULL,1,0,0,0,0,0,0,1),(2175,1,11,1,NULL,NULL,NULL,0,'Dirac',0,2,210,NULL,1,0,0,0,0,0,0,1),(2176,1,11,1,NULL,NULL,NULL,0,'Dirac',1,2,210,NULL,1,0,0,0,0,0,0,1),(2177,1,11,1,NULL,NULL,NULL,0,'Dirac',1,2,210,NULL,1,0,0,0,0,0,0,1),(2178,1,11,1,NULL,NULL,NULL,0,'Dirac',0,2,210,NULL,1,0,0,0,0,0,0,1),(2179,1,11,1,NULL,NULL,NULL,0,'Dirac',0,2,210,NULL,1,0,0,0,0,0,0,1),(2180,1,11,1,NULL,NULL,NULL,0,'Dirac',1,2,210,NULL,1,0,0,0,0,0,0,1),(2181,1,11,1,NULL,NULL,NULL,0,'Dirac',0,2,210,NULL,1,0,0,0,0,0,0,1),(2182,1,11,1,NULL,NULL,NULL,0,'Dirac',1,2,210,NULL,1,0,0,0,0,0,0,1),(2183,1,11,1,NULL,NULL,NULL,0,'Dirac',0,2,210,NULL,1,0,0,0,0,0,0,1),(2184,1,11,1,NULL,NULL,NULL,0,'Dirac',1,2,210,NULL,1,0,0,0,0,0,0,1);
/*!40000 ALTER TABLE `units` ENABLE KEYS */;
UNLOCK TABLES;

--
-- Table structure for table `wreckages`
--

DROP TABLE IF EXISTS `wreckages`;
/*!40101 SET @saved_cs_client     = @@character_set_client */;
/*!40101 SET character_set_client = utf8 */;
CREATE TABLE `wreckages` (
  `id` int(11) NOT NULL AUTO_INCREMENT,
  `galaxy_id` int(11) DEFAULT NULL,
  `location_id` int(11) NOT NULL,
  `location_type` tinyint(3) unsigned NOT NULL,
  `location_x` smallint(6) NOT NULL,
  `location_y` smallint(6) NOT NULL,
  `metal` float NOT NULL DEFAULT '0',
  `energy` float NOT NULL DEFAULT '0',
  `zetium` float NOT NULL DEFAULT '0',
  PRIMARY KEY (`id`),
  UNIQUE KEY `location` (`location_id`,`location_type`,`location_x`,`location_y`),
  KEY `galaxy_id` (`galaxy_id`),
  CONSTRAINT `wreckages_ibfk_1` FOREIGN KEY (`galaxy_id`) REFERENCES `galaxies` (`id`) ON DELETE CASCADE
) ENGINE=InnoDB DEFAULT CHARSET=utf8;
/*!40101 SET character_set_client = @saved_cs_client */;

--
-- Dumping data for table `wreckages`
--

LOCK TABLES `wreckages` WRITE;
/*!40000 ALTER TABLE `wreckages` DISABLE KEYS */;
/*!40000 ALTER TABLE `wreckages` ENABLE KEYS */;
UNLOCK TABLES;
/*!40103 SET TIME_ZONE=@OLD_TIME_ZONE */;

/*!40101 SET SQL_MODE=@OLD_SQL_MODE */;
/*!40014 SET FOREIGN_KEY_CHECKS=@OLD_FOREIGN_KEY_CHECKS */;
/*!40014 SET UNIQUE_CHECKS=@OLD_UNIQUE_CHECKS */;
/*!40101 SET CHARACTER_SET_CLIENT=@OLD_CHARACTER_SET_CLIENT */;
/*!40101 SET CHARACTER_SET_RESULTS=@OLD_CHARACTER_SET_RESULTS */;
/*!40101 SET COLLATION_CONNECTION=@OLD_COLLATION_CONNECTION */;
/*!40111 SET SQL_NOTES=@OLD_SQL_NOTES */;

-- Dump completed on 2011-06-16 17:54:18
