-- MySQL dump 10.13  Distrib 5.1.54, for debian-linux-gnu (i686)
--
-- Host: localhost    Database: spacegame
-- ------------------------------------------------------
-- Server version	5.1.54-1ubuntu4

/*!40101 SET @OLD_CHARACTER_SET_CLIENT=@@CHARACTER_SET_CLIENT */;
/*!40101 SET @OLD_CHARACTER_SET_RESULTS=@@CHARACTER_SET_RESULTS */;
/*!40101 SET @OLD_COLLATION_CONNECTION=@@COLLATION_CONNECTION */;
/*!40101 SET NAMES utf8 */;
/*!40103 SET @OLD_TIME_ZONE=@@TIME_ZONE */;
/*!40103 SET TIME_ZONE='+00:00' */;
/*!40014 SET @OLD_UNIQUE_CHECKS=@@UNIQUE_CHECKS, UNIQUE_CHECKS=0 */;
/*!40014 SET @OLD_FOREIGN_KEY_CHECKS=@@FOREIGN_KEY_CHECKS, FOREIGN_KEY_CHECKS=0 */;
/*!40101 SET @OLD_SQL_MODE=@@SQL_MODE, SQL_MODE='NO_AUTO_VALUE_ON_ZERO' */;
/*!40111 SET @OLD_SQL_NOTES=@@SQL_NOTES, SQL_NOTES=0 */;

--
-- Table structure for table `alliances`
--

DROP TABLE IF EXISTS `alliances`;
/*!40101 SET @saved_cs_client     = @@character_set_client */;
/*!40101 SET character_set_client = utf8 */;
CREATE TABLE `alliances` (
  `id` int(11) NOT NULL AUTO_INCREMENT,
  `name` varchar(50) NOT NULL,
  `galaxy_id` int(11) NOT NULL,
  `owner_id` int(11) NOT NULL,
  `description` text NOT NULL,
  `victory_points` int(10) unsigned NOT NULL DEFAULT '0',
  PRIMARY KEY (`id`),
  UNIQUE KEY `uniq_galaxy_name` (`name`,`galaxy_id`),
  KEY `foreign_key` (`galaxy_id`),
  KEY `owner_id` (`owner_id`),
  CONSTRAINT `alliances_ibfk_1` FOREIGN KEY (`galaxy_id`) REFERENCES `galaxies` (`id`) ON DELETE CASCADE,
  CONSTRAINT `alliances_ibfk_2` FOREIGN KEY (`owner_id`) REFERENCES `players` (`id`) ON DELETE NO ACTION
) ENGINE=InnoDB DEFAULT CHARSET=utf8;
/*!40101 SET character_set_client = @saved_cs_client */;

--
-- Dumping data for table `alliances`
--

LOCK TABLES `alliances` WRITE;
/*!40000 ALTER TABLE `alliances` DISABLE KEYS */;
/*!40000 ALTER TABLE `alliances` ENABLE KEYS */;
UNLOCK TABLES;

--
-- Table structure for table `buildings`
--

DROP TABLE IF EXISTS `buildings`;
/*!40101 SET @saved_cs_client     = @@character_set_client */;
/*!40101 SET character_set_client = utf8 */;
CREATE TABLE `buildings` (
  `id` int(11) NOT NULL AUTO_INCREMENT,
  `planet_id` int(11) DEFAULT NULL,
  `x` tinyint(2) unsigned NOT NULL DEFAULT '0',
  `y` tinyint(2) unsigned NOT NULL DEFAULT '0',
  `armor_mod` int(11) NOT NULL,
  `constructor_mod` int(11) NOT NULL,
  `energy_mod` int(11) NOT NULL,
  `level` tinyint(2) unsigned NOT NULL DEFAULT '0',
  `type` varchar(255) NOT NULL,
  `upgrade_ends_at` datetime DEFAULT NULL,
  `x_end` tinyint(2) unsigned NOT NULL DEFAULT '0',
  `y_end` tinyint(2) unsigned NOT NULL DEFAULT '0',
  `state` tinyint(2) NOT NULL DEFAULT '0',
  `pause_remainder` int(10) unsigned DEFAULT NULL,
  `constructable_type` varchar(100) DEFAULT NULL,
  `constructable_id` int(11) DEFAULT NULL,
  `construction_mod` tinyint(2) unsigned NOT NULL DEFAULT '0',
  `cooldown_ends_at` datetime DEFAULT NULL,
  `hp_percentage` float unsigned NOT NULL DEFAULT '1',
  PRIMARY KEY (`id`),
  UNIQUE KEY `tiles_taken` (`planet_id`,`x`,`y`,`x_end`,`y_end`),
  KEY `index_buildings_on_construction_ends` (`upgrade_ends_at`),
  KEY `buildings_by_type` (`planet_id`,`type`),
  CONSTRAINT `buildings_ibfk_1` FOREIGN KEY (`planet_id`) REFERENCES `ss_objects` (`id`) ON DELETE CASCADE
) ENGINE=InnoDB AUTO_INCREMENT=183 DEFAULT CHARSET=utf8;
/*!40101 SET character_set_client = @saved_cs_client */;

--
-- Dumping data for table `buildings`
--

LOCK TABLES `buildings` WRITE;
/*!40000 ALTER TABLE `buildings` DISABLE KEYS */;
INSERT INTO `buildings` VALUES (1,1,2,3,0,0,0,6,'NpcTankFactory',NULL,5,6,1,NULL,NULL,NULL,0,NULL,1),(2,1,13,4,0,0,0,6,'NpcSpaceFactory',NULL,17,7,1,NULL,NULL,NULL,0,NULL,1),(3,1,10,7,0,0,0,6,'NpcHall',NULL,11,8,1,NULL,NULL,NULL,0,NULL,1),(4,1,5,9,0,0,0,6,'NpcInfantryFactory',NULL,7,11,1,NULL,NULL,NULL,0,NULL,1),(5,4,2,2,0,0,0,6,'NpcSpaceFactory',NULL,6,5,1,NULL,NULL,NULL,0,NULL,1),(6,4,6,8,0,0,0,6,'NpcHall',NULL,7,9,1,NULL,NULL,NULL,0,NULL,1),(7,4,1,10,0,0,0,6,'NpcInfantryFactory',NULL,3,12,1,NULL,NULL,NULL,0,NULL,1),(8,4,10,11,0,0,0,6,'NpcTankFactory',NULL,13,14,1,NULL,NULL,NULL,0,NULL,1),(9,5,6,5,0,0,0,6,'NpcInfantryFactory',NULL,8,7,1,NULL,NULL,NULL,0,NULL,1),(10,5,10,8,0,0,0,6,'NpcHall',NULL,11,9,1,NULL,NULL,NULL,0,NULL,1),(11,5,2,11,0,0,0,6,'NpcTankFactory',NULL,5,14,1,NULL,NULL,NULL,0,NULL,1),(12,5,14,11,0,0,0,6,'NpcSpaceFactory',NULL,18,14,1,NULL,NULL,NULL,0,NULL,1),(13,9,2,2,0,0,0,1,'NpcSpaceFactory',NULL,6,5,1,NULL,NULL,NULL,0,NULL,1),(14,9,6,8,0,0,0,1,'NpcHall',NULL,7,9,1,NULL,NULL,NULL,0,NULL,1),(15,9,1,10,0,0,0,1,'NpcInfantryFactory',NULL,3,12,1,NULL,NULL,NULL,0,NULL,1),(16,9,10,11,0,0,0,1,'NpcTankFactory',NULL,13,14,1,NULL,NULL,NULL,0,NULL,1),(17,18,14,25,0,0,0,1,'NpcMetalExtractor',NULL,15,26,1,NULL,NULL,NULL,0,NULL,1),(18,18,16,18,0,0,0,1,'NpcGeothermalPlant',NULL,17,19,1,NULL,NULL,NULL,0,NULL,1),(19,18,10,18,0,0,0,1,'NpcZetiumExtractor',NULL,11,19,1,NULL,NULL,NULL,0,NULL,1),(20,18,5,12,0,0,0,1,'NpcZetiumExtractor',NULL,6,13,1,NULL,NULL,NULL,0,NULL,1),(21,18,17,13,0,0,0,1,'NpcZetiumExtractor',NULL,18,14,1,NULL,NULL,NULL,0,NULL,1),(22,18,1,19,0,0,0,1,'NpcZetiumExtractor',NULL,2,20,1,NULL,NULL,NULL,0,NULL,1),(23,18,8,12,0,0,0,1,'NpcJumpgate',NULL,12,16,1,NULL,NULL,NULL,0,NULL,1),(24,18,0,12,0,0,0,1,'NpcTemple',NULL,2,14,1,NULL,NULL,NULL,0,NULL,1),(25,18,7,7,0,0,0,1,'NpcCommunicationsHub',NULL,10,8,1,NULL,NULL,NULL,0,NULL,1),(26,18,13,10,0,0,0,1,'NpcSolarPlant',NULL,14,11,1,NULL,NULL,NULL,0,NULL,1),(27,18,18,8,0,0,0,1,'NpcSolarPlant',NULL,19,9,1,NULL,NULL,NULL,0,NULL,1),(28,18,0,22,0,0,0,1,'NpcSolarPlant',NULL,1,23,1,NULL,NULL,NULL,0,NULL,1),(29,18,4,21,0,0,0,1,'NpcSolarPlant',NULL,5,22,1,NULL,NULL,NULL,0,NULL,1),(30,20,0,0,0,0,0,1,'NpcMetalExtractor',NULL,1,1,1,NULL,NULL,NULL,0,NULL,1),(31,20,7,0,0,0,0,1,'NpcCommunicationsHub',NULL,10,1,1,NULL,NULL,NULL,0,NULL,1),(32,20,15,0,0,0,0,1,'NpcSolarPlant',NULL,16,1,1,NULL,NULL,NULL,0,NULL,1),(33,20,18,0,0,0,0,1,'NpcSolarPlant',NULL,19,1,1,NULL,NULL,NULL,0,NULL,1),(34,20,3,1,0,0,0,1,'NpcMetalExtractor',NULL,4,2,1,NULL,NULL,NULL,0,NULL,1),(35,20,12,1,0,0,0,1,'NpcSolarPlant',NULL,13,2,1,NULL,NULL,NULL,0,NULL,1),(36,20,22,1,0,0,0,1,'NpcSolarPlant',NULL,23,2,1,NULL,NULL,NULL,0,NULL,1),(37,20,26,1,0,0,0,1,'NpcCommunicationsHub',NULL,29,2,1,NULL,NULL,NULL,0,NULL,1),(38,20,6,3,0,0,0,1,'NpcCommunicationsHub',NULL,9,4,1,NULL,NULL,NULL,0,NULL,1),(39,20,15,3,0,0,0,1,'NpcSolarPlant',NULL,16,4,1,NULL,NULL,NULL,0,NULL,1),(40,20,18,3,0,0,0,1,'NpcSolarPlant',NULL,19,4,1,NULL,NULL,NULL,0,NULL,1),(41,20,24,4,0,0,0,1,'NpcMetalExtractor',NULL,25,5,1,NULL,NULL,NULL,0,NULL,1),(42,20,28,4,0,0,0,1,'NpcMetalExtractor',NULL,29,5,1,NULL,NULL,NULL,0,NULL,1),(43,20,13,5,0,0,0,1,'NpcSolarPlant',NULL,14,6,1,NULL,NULL,NULL,0,NULL,1),(44,20,21,5,0,0,0,1,'NpcSolarPlant',NULL,22,6,1,NULL,NULL,NULL,0,NULL,1),(45,20,9,8,0,0,0,1,'Vulcan',NULL,10,9,1,NULL,NULL,NULL,0,NULL,1),(46,20,11,8,0,0,0,1,'Screamer',NULL,12,9,1,NULL,NULL,NULL,0,NULL,1),(47,20,13,8,0,0,0,1,'Thunder',NULL,14,9,1,NULL,NULL,NULL,0,NULL,1),(48,20,15,8,0,0,0,1,'Vulcan',NULL,16,9,1,NULL,NULL,NULL,0,NULL,1),(49,20,17,8,0,0,0,1,'Screamer',NULL,18,9,1,NULL,NULL,NULL,0,NULL,1),(50,20,19,8,0,0,0,1,'Thunder',NULL,20,9,1,NULL,NULL,NULL,0,NULL,1),(51,20,25,8,0,0,0,1,'NpcCommunicationsHub',NULL,28,9,1,NULL,NULL,NULL,0,NULL,1),(52,20,22,9,0,0,0,1,'NpcSolarPlant',NULL,23,10,1,NULL,NULL,NULL,0,NULL,1),(53,20,9,10,0,0,0,1,'Thunder',NULL,10,11,1,NULL,NULL,NULL,0,NULL,1),(54,20,11,10,0,0,0,1,'Mothership',NULL,18,15,1,NULL,NULL,NULL,0,NULL,1),(55,20,19,10,0,0,0,1,'Vulcan',NULL,20,11,1,NULL,NULL,NULL,0,NULL,1),(56,20,9,12,0,0,0,1,'Screamer',NULL,10,13,1,NULL,NULL,NULL,0,NULL,1),(57,20,19,12,0,0,0,1,'Screamer',NULL,20,13,1,NULL,NULL,NULL,0,NULL,1),(58,20,26,12,0,0,0,1,'NpcZetiumExtractor',NULL,27,13,1,NULL,NULL,NULL,0,NULL,1),(59,20,22,13,0,0,0,1,'NpcSolarPlant',NULL,23,14,1,NULL,NULL,NULL,0,NULL,1),(60,20,9,14,0,0,0,1,'Vulcan',NULL,10,15,1,NULL,NULL,NULL,0,NULL,1),(61,20,19,14,0,0,0,1,'Thunder',NULL,20,15,1,NULL,NULL,NULL,0,NULL,1),(62,20,9,16,0,0,0,1,'Thunder',NULL,10,17,1,NULL,NULL,NULL,0,NULL,1),(63,20,11,16,0,0,0,1,'Vulcan',NULL,12,17,1,NULL,NULL,NULL,0,NULL,1),(64,20,13,16,0,0,0,1,'Thunder',NULL,14,17,1,NULL,NULL,NULL,0,NULL,1),(65,20,15,16,0,0,0,1,'Screamer',NULL,16,17,1,NULL,NULL,NULL,0,NULL,1),(66,20,17,16,0,0,0,1,'Thunder',NULL,18,17,1,NULL,NULL,NULL,0,NULL,1),(67,20,19,16,0,0,0,1,'Vulcan',NULL,20,17,1,NULL,NULL,NULL,0,NULL,1),(68,20,27,16,0,0,0,1,'NpcSolarPlant',NULL,28,17,1,NULL,NULL,NULL,0,NULL,1),(69,20,22,17,0,0,0,1,'NpcCommunicationsHub',NULL,25,18,1,NULL,NULL,NULL,0,NULL,1),(70,20,27,19,0,0,0,1,'NpcSolarPlant',NULL,28,20,1,NULL,NULL,NULL,0,NULL,1),(71,20,23,20,0,0,0,1,'NpcSolarPlant',NULL,24,21,1,NULL,NULL,NULL,0,NULL,1),(72,20,21,22,0,0,0,1,'NpcCommunicationsHub',NULL,24,23,1,NULL,NULL,NULL,0,NULL,1),(73,20,28,23,0,0,0,1,'NpcSolarPlant',NULL,29,24,1,NULL,NULL,NULL,0,NULL,1),(74,20,14,25,0,0,0,1,'NpcSolarPlant',NULL,15,26,1,NULL,NULL,NULL,0,NULL,1),(75,20,25,26,0,0,0,1,'NpcSolarPlant',NULL,26,27,1,NULL,NULL,NULL,0,NULL,1),(76,20,20,27,0,0,0,1,'NpcSolarPlant',NULL,21,28,1,NULL,NULL,NULL,0,NULL,1),(77,20,0,28,0,0,0,1,'NpcSolarPlant',NULL,1,29,1,NULL,NULL,NULL,0,NULL,1),(78,20,3,28,0,0,0,1,'NpcSolarPlant',NULL,4,29,1,NULL,NULL,NULL,0,NULL,1),(79,20,13,28,0,0,0,1,'NpcSolarPlant',NULL,14,29,1,NULL,NULL,NULL,0,NULL,1),(80,20,17,28,0,0,0,1,'NpcZetiumExtractor',NULL,18,29,1,NULL,NULL,NULL,0,NULL,1),(81,20,28,28,0,0,0,1,'NpcSolarPlant',NULL,29,29,1,NULL,NULL,NULL,0,NULL,1),(82,26,6,5,0,0,0,1,'NpcInfantryFactory',NULL,8,7,1,NULL,NULL,NULL,0,NULL,1),(83,26,10,8,0,0,0,1,'NpcHall',NULL,11,9,1,NULL,NULL,NULL,0,NULL,1),(84,26,2,11,0,0,0,1,'NpcTankFactory',NULL,5,14,1,NULL,NULL,NULL,0,NULL,1),(85,26,14,11,0,0,0,1,'NpcSpaceFactory',NULL,18,14,1,NULL,NULL,NULL,0,NULL,1),(86,34,13,26,0,0,0,1,'NpcMetalExtractor',NULL,14,27,1,NULL,NULL,NULL,0,NULL,1),(87,34,14,12,0,0,0,1,'NpcMetalExtractor',NULL,15,13,1,NULL,NULL,NULL,0,NULL,1),(88,34,26,13,0,0,0,1,'NpcMetalExtractor',NULL,27,14,1,NULL,NULL,NULL,0,NULL,1),(89,34,4,19,0,0,0,1,'NpcZetiumExtractor',NULL,5,20,1,NULL,NULL,NULL,0,NULL,1),(90,34,2,12,0,0,0,1,'NpcZetiumExtractor',NULL,3,13,1,NULL,NULL,NULL,0,NULL,1),(91,34,0,2,0,0,0,1,'NpcJumpgate',NULL,4,6,1,NULL,NULL,NULL,0,NULL,1),(92,34,5,4,0,0,0,1,'NpcJumpgate',NULL,9,8,1,NULL,NULL,NULL,0,NULL,1),(93,34,9,18,0,0,0,1,'NpcResearchCenter',NULL,12,21,1,NULL,NULL,NULL,0,NULL,1),(94,34,6,0,0,0,0,1,'NpcExcavationSite',NULL,9,3,1,NULL,NULL,NULL,0,NULL,1),(95,34,17,19,0,0,0,1,'NpcCommunicationsHub',NULL,20,20,1,NULL,NULL,NULL,0,NULL,1),(96,34,9,12,0,0,0,1,'NpcResearchCenter',NULL,12,15,1,NULL,NULL,NULL,0,NULL,1),(97,34,24,21,0,0,0,1,'NpcExcavationSite',NULL,27,24,1,NULL,NULL,NULL,0,NULL,1),(98,34,21,22,0,0,0,1,'NpcTemple',NULL,23,24,1,NULL,NULL,NULL,0,NULL,1),(99,34,21,11,0,0,0,1,'NpcCommunicationsHub',NULL,24,12,1,NULL,NULL,NULL,0,NULL,1),(100,34,26,9,0,0,0,1,'NpcSolarPlant',NULL,27,10,1,NULL,NULL,NULL,0,NULL,1),(101,34,0,29,0,0,0,1,'NpcSolarPlant',NULL,1,30,1,NULL,NULL,NULL,0,NULL,1),(102,34,9,23,0,0,0,1,'NpcSolarPlant',NULL,10,24,1,NULL,NULL,NULL,0,NULL,1),(103,37,9,3,0,0,0,1,'NpcMetalExtractor',NULL,10,4,1,NULL,NULL,NULL,0,NULL,1),(104,37,14,7,0,0,0,1,'NpcGeothermalPlant',NULL,15,8,1,NULL,NULL,NULL,0,NULL,1),(105,37,17,22,0,0,0,1,'NpcZetiumExtractor',NULL,18,23,1,NULL,NULL,NULL,0,NULL,1),(106,37,7,22,0,0,0,1,'NpcZetiumExtractor',NULL,8,23,1,NULL,NULL,NULL,0,NULL,1),(107,37,3,7,0,0,0,1,'NpcZetiumExtractor',NULL,4,8,1,NULL,NULL,NULL,0,NULL,1),(108,37,9,18,0,0,0,1,'NpcZetiumExtractor',NULL,10,19,1,NULL,NULL,NULL,0,NULL,1),(109,37,20,5,0,0,0,1,'NpcJumpgate',NULL,24,9,1,NULL,NULL,NULL,0,NULL,1),(110,37,20,17,0,0,0,1,'NpcJumpgate',NULL,24,21,1,NULL,NULL,NULL,0,NULL,1),(111,37,16,10,0,0,0,1,'NpcResearchCenter',NULL,19,13,1,NULL,NULL,NULL,0,NULL,1),(112,37,19,25,0,0,0,1,'NpcCommunicationsHub',NULL,22,26,1,NULL,NULL,NULL,0,NULL,1),(113,37,0,21,0,0,0,1,'NpcExcavationSite',NULL,3,24,1,NULL,NULL,NULL,0,NULL,1),(114,37,25,8,0,0,0,1,'NpcTemple',NULL,27,10,1,NULL,NULL,NULL,0,NULL,1),(115,37,22,13,0,0,0,1,'NpcCommunicationsHub',NULL,25,14,1,NULL,NULL,NULL,0,NULL,1),(116,37,26,11,0,0,0,1,'NpcSolarPlant',NULL,27,12,1,NULL,NULL,NULL,0,NULL,1),(117,37,20,12,0,0,0,1,'NpcSolarPlant',NULL,21,13,1,NULL,NULL,NULL,0,NULL,1),(118,40,25,16,0,0,0,1,'NpcMetalExtractor',NULL,26,17,1,NULL,NULL,NULL,0,NULL,1),(119,40,22,20,0,0,0,1,'NpcZetiumExtractor',NULL,23,21,1,NULL,NULL,NULL,0,NULL,1),(120,40,1,8,0,0,0,1,'NpcZetiumExtractor',NULL,2,9,1,NULL,NULL,NULL,0,NULL,1),(121,40,3,21,0,0,0,1,'NpcJumpgate',NULL,7,25,1,NULL,NULL,NULL,0,NULL,1),(122,40,13,21,0,0,0,1,'NpcJumpgate',NULL,17,25,1,NULL,NULL,NULL,0,NULL,1),(123,40,26,22,0,0,0,1,'NpcResearchCenter',NULL,29,25,1,NULL,NULL,NULL,0,NULL,1),(124,40,15,15,0,0,0,1,'NpcCommunicationsHub',NULL,18,16,1,NULL,NULL,NULL,0,NULL,1),(125,40,12,2,0,0,0,1,'NpcSolarPlant',NULL,13,3,1,NULL,NULL,NULL,0,NULL,1),(126,40,1,23,0,0,0,1,'NpcSolarPlant',NULL,2,24,1,NULL,NULL,NULL,0,NULL,1),(127,40,13,10,0,0,0,1,'NpcSolarPlant',NULL,14,11,1,NULL,NULL,NULL,0,NULL,1),(128,40,11,15,0,0,0,1,'NpcSolarPlant',NULL,12,16,1,NULL,NULL,NULL,0,NULL,1),(129,54,17,14,0,0,0,1,'NpcMetalExtractor',NULL,18,15,1,NULL,NULL,NULL,0,NULL,1),(130,54,12,18,0,0,0,1,'NpcMetalExtractor',NULL,13,19,1,NULL,NULL,NULL,0,NULL,1),(131,54,9,2,0,0,0,1,'NpcMetalExtractor',NULL,10,3,1,NULL,NULL,NULL,0,NULL,1),(132,54,4,3,0,0,0,1,'NpcMetalExtractor',NULL,5,4,1,NULL,NULL,NULL,0,NULL,1),(133,54,24,24,0,0,0,1,'NpcMetalExtractor',NULL,25,25,1,NULL,NULL,NULL,0,NULL,1),(134,54,1,7,0,0,0,1,'NpcZetiumExtractor',NULL,2,8,1,NULL,NULL,NULL,0,NULL,1),(135,54,14,28,0,0,0,1,'NpcZetiumExtractor',NULL,15,29,1,NULL,NULL,NULL,0,NULL,1),(136,54,0,11,0,0,0,1,'NpcJumpgate',NULL,4,15,1,NULL,NULL,NULL,0,NULL,1),(137,54,23,12,0,0,0,1,'NpcResearchCenter',NULL,26,15,1,NULL,NULL,NULL,0,NULL,1),(138,54,5,14,0,0,0,1,'NpcExcavationSite',NULL,8,17,1,NULL,NULL,NULL,0,NULL,1),(139,54,15,22,0,0,0,1,'NpcCommunicationsHub',NULL,18,23,1,NULL,NULL,NULL,0,NULL,1),(140,54,11,9,0,0,0,1,'NpcSolarPlant',NULL,12,10,1,NULL,NULL,NULL,0,NULL,1),(141,54,12,6,0,0,0,1,'NpcSolarPlant',NULL,13,7,1,NULL,NULL,NULL,0,NULL,1),(142,54,15,11,0,0,0,1,'NpcSolarPlant',NULL,16,12,1,NULL,NULL,NULL,0,NULL,1),(143,54,9,11,0,0,0,1,'NpcSolarPlant',NULL,10,12,1,NULL,NULL,NULL,0,NULL,1),(144,68,13,14,0,0,0,1,'NpcMetalExtractor',NULL,14,15,1,NULL,NULL,NULL,0,NULL,1),(145,68,1,12,0,0,0,1,'NpcMetalExtractor',NULL,2,13,1,NULL,NULL,NULL,0,NULL,1),(146,68,19,24,0,0,0,1,'NpcMetalExtractor',NULL,20,25,1,NULL,NULL,NULL,0,NULL,1),(147,68,9,19,0,0,0,1,'NpcMetalExtractor',NULL,10,20,1,NULL,NULL,NULL,0,NULL,1),(148,68,4,6,0,0,0,1,'NpcGeothermalPlant',NULL,5,7,1,NULL,NULL,NULL,0,NULL,1),(149,68,9,3,0,0,0,1,'NpcGeothermalPlant',NULL,10,4,1,NULL,NULL,NULL,0,NULL,1),(150,68,2,24,0,0,0,1,'NpcZetiumExtractor',NULL,3,25,1,NULL,NULL,NULL,0,NULL,1),(151,68,16,4,0,0,0,1,'NpcZetiumExtractor',NULL,17,5,1,NULL,NULL,NULL,0,NULL,1),(152,68,1,29,0,0,0,1,'NpcZetiumExtractor',NULL,2,30,1,NULL,NULL,NULL,0,NULL,1),(153,68,9,7,0,0,0,1,'NpcJumpgate',NULL,13,11,1,NULL,NULL,NULL,0,NULL,1),(154,68,19,0,0,0,0,1,'NpcJumpgate',NULL,23,4,1,NULL,NULL,NULL,0,NULL,1),(155,68,0,19,0,0,0,1,'NpcResearchCenter',NULL,3,22,1,NULL,NULL,NULL,0,NULL,1),(156,68,24,0,0,0,0,1,'NpcExcavationSite',NULL,27,3,1,NULL,NULL,NULL,0,NULL,1),(157,68,22,7,0,0,0,1,'NpcExcavationSite',NULL,25,10,1,NULL,NULL,NULL,0,NULL,1),(158,68,18,30,0,0,0,1,'NpcCommunicationsHub',NULL,21,31,1,NULL,NULL,NULL,0,NULL,1),(159,68,5,15,0,0,0,1,'NpcSolarPlant',NULL,6,16,1,NULL,NULL,NULL,0,NULL,1),(160,68,14,23,0,0,0,1,'NpcSolarPlant',NULL,15,24,1,NULL,NULL,NULL,0,NULL,1),(161,68,14,17,0,0,0,1,'NpcSolarPlant',NULL,15,18,1,NULL,NULL,NULL,0,NULL,1),(162,71,25,23,0,0,0,1,'NpcMetalExtractor',NULL,26,24,1,NULL,NULL,NULL,0,NULL,1),(163,71,14,11,0,0,0,1,'NpcMetalExtractor',NULL,15,12,1,NULL,NULL,NULL,0,NULL,1),(164,71,25,11,0,0,0,1,'NpcGeothermalPlant',NULL,26,12,1,NULL,NULL,NULL,0,NULL,1),(165,71,18,18,0,0,0,1,'NpcGeothermalPlant',NULL,19,19,1,NULL,NULL,NULL,0,NULL,1),(166,71,13,19,0,0,0,1,'NpcZetiumExtractor',NULL,14,20,1,NULL,NULL,NULL,0,NULL,1),(167,71,11,25,0,0,0,1,'NpcZetiumExtractor',NULL,12,26,1,NULL,NULL,NULL,0,NULL,1),(168,71,16,21,0,0,0,1,'NpcJumpgate',NULL,20,25,1,NULL,NULL,NULL,0,NULL,1),(169,71,25,17,0,0,0,1,'NpcJumpgate',NULL,29,21,1,NULL,NULL,NULL,0,NULL,1),(170,71,15,26,0,0,0,1,'NpcResearchCenter',NULL,18,29,1,NULL,NULL,NULL,0,NULL,1),(171,71,0,17,0,0,0,1,'NpcExcavationSite',NULL,3,20,1,NULL,NULL,NULL,0,NULL,1),(172,71,10,22,0,0,0,1,'NpcCommunicationsHub',NULL,13,23,1,NULL,NULL,NULL,0,NULL,1),(173,71,15,1,0,0,0,1,'NpcExcavationSite',NULL,18,4,1,NULL,NULL,NULL,0,NULL,1),(174,71,22,19,0,0,0,1,'NpcTemple',NULL,24,21,1,NULL,NULL,NULL,0,NULL,1),(175,71,11,30,0,0,0,1,'NpcCommunicationsHub',NULL,14,31,1,NULL,NULL,NULL,0,NULL,1),(176,71,1,29,0,0,0,1,'NpcSolarPlant',NULL,2,30,1,NULL,NULL,NULL,0,NULL,1),(177,71,9,30,0,0,0,1,'NpcSolarPlant',NULL,10,31,1,NULL,NULL,NULL,0,NULL,1),(178,71,4,14,0,0,0,1,'NpcSolarPlant',NULL,5,15,1,NULL,NULL,NULL,0,NULL,1),(179,73,6,5,0,0,0,1,'NpcInfantryFactory',NULL,8,7,1,NULL,NULL,NULL,0,NULL,1),(180,73,10,8,0,0,0,1,'NpcHall',NULL,11,9,1,NULL,NULL,NULL,0,NULL,1),(181,73,2,11,0,0,0,1,'NpcTankFactory',NULL,5,14,1,NULL,NULL,NULL,0,NULL,1),(182,73,14,11,0,0,0,1,'NpcSpaceFactory',NULL,18,14,1,NULL,NULL,NULL,0,NULL,1);
/*!40000 ALTER TABLE `buildings` ENABLE KEYS */;
UNLOCK TABLES;

--
-- Table structure for table `callbacks`
--

DROP TABLE IF EXISTS `callbacks`;
/*!40101 SET @saved_cs_client     = @@character_set_client */;
/*!40101 SET character_set_client = utf8 */;
CREATE TABLE `callbacks` (
  `class` varchar(50) NOT NULL,
  `object_id` int(10) unsigned NOT NULL,
  `ends_at` datetime NOT NULL,
  `event` tinyint(2) unsigned NOT NULL DEFAULT '0',
  `ruleset` varchar(30) NOT NULL,
  UNIQUE KEY `main` (`class`,`object_id`,`event`),
  KEY `tick` (`ends_at`)
) ENGINE=InnoDB DEFAULT CHARSET=utf8;
/*!40101 SET character_set_client = @saved_cs_client */;

--
-- Dumping data for table `callbacks`
--

LOCK TABLES `callbacks` WRITE;
/*!40000 ALTER TABLE `callbacks` DISABLE KEYS */;
INSERT INTO `callbacks` VALUES ('Galaxy',1,'2011-08-11 16:07:44',9,'dev'),('SolarSystem',3,'2012-08-10 21:57:45',8,'dev'),('SsObject::Asteroid',11,'2011-08-11 15:58:15',9,'dev'),('SsObject::Asteroid',12,'2011-08-11 15:58:15',9,'dev'),('SsObject::Asteroid',13,'2011-08-11 15:58:15',9,'dev'),('SsObject::Asteroid',14,'2011-08-11 15:58:15',9,'dev'),('SsObject::Asteroid',15,'2011-08-11 15:58:15',9,'dev'),('SsObject::Asteroid',16,'2011-08-11 15:58:15',9,'dev'),('SsObject::Asteroid',17,'2011-08-11 15:58:15',9,'dev'),('SsObject::Asteroid',21,'2011-08-11 15:58:15',9,'dev'),('SsObject::Asteroid',22,'2011-08-11 15:58:15',9,'dev'),('SsObject::Asteroid',23,'2011-08-11 15:58:15',9,'dev'),('SsObject::Asteroid',28,'2011-08-11 15:58:15',9,'dev'),('SsObject::Asteroid',29,'2011-08-11 15:58:15',9,'dev'),('SsObject::Asteroid',30,'2011-08-11 15:58:15',9,'dev'),('SsObject::Asteroid',31,'2011-08-11 15:58:15',9,'dev'),('SsObject::Asteroid',32,'2011-08-11 15:58:15',9,'dev'),('SsObject::Asteroid',35,'2011-08-11 15:58:15',9,'dev'),('SsObject::Asteroid',38,'2011-08-11 15:58:15',9,'dev'),('SsObject::Asteroid',39,'2011-08-11 15:58:15',9,'dev'),('SsObject::Asteroid',41,'2011-08-11 15:58:15',9,'dev'),('SsObject::Asteroid',42,'2011-08-11 15:58:15',9,'dev'),('SsObject::Asteroid',43,'2011-08-11 15:58:15',9,'dev'),('SsObject::Asteroid',44,'2011-08-11 15:58:15',9,'dev'),('SsObject::Asteroid',45,'2011-08-11 15:58:15',9,'dev'),('SsObject::Asteroid',46,'2011-08-11 15:58:15',9,'dev'),('SsObject::Asteroid',47,'2011-08-11 15:58:15',9,'dev'),('SsObject::Asteroid',49,'2011-08-11 15:58:15',9,'dev'),('SsObject::Asteroid',50,'2011-08-11 15:58:15',9,'dev'),('SsObject::Asteroid',51,'2011-08-11 15:58:15',9,'dev'),('SsObject::Asteroid',52,'2011-08-11 15:58:15',9,'dev'),('SsObject::Asteroid',55,'2011-08-11 15:58:15',9,'dev'),('SsObject::Asteroid',56,'2011-08-11 15:58:15',9,'dev'),('SsObject::Asteroid',57,'2011-08-11 15:58:15',9,'dev'),('SsObject::Asteroid',58,'2011-08-11 15:58:15',9,'dev'),('SsObject::Asteroid',59,'2011-08-11 15:58:15',9,'dev'),('SsObject::Asteroid',60,'2011-08-11 15:58:15',9,'dev'),('SsObject::Asteroid',62,'2011-08-11 15:58:15',9,'dev'),('SsObject::Asteroid',63,'2011-08-11 15:58:15',9,'dev'),('SsObject::Asteroid',64,'2011-08-11 15:58:15',9,'dev'),('SsObject::Asteroid',65,'2011-08-11 15:58:15',9,'dev'),('SsObject::Asteroid',66,'2011-08-11 15:58:15',9,'dev'),('SsObject::Asteroid',67,'2011-08-11 15:58:15',9,'dev'),('SsObject::Asteroid',69,'2011-08-11 15:58:15',9,'dev'),('SsObject::Asteroid',70,'2011-08-11 15:58:15',9,'dev'),('SsObject::Asteroid',72,'2011-08-11 15:58:15',9,'dev');
/*!40000 ALTER TABLE `callbacks` ENABLE KEYS */;
UNLOCK TABLES;

--
-- Table structure for table `chat_messages`
--

DROP TABLE IF EXISTS `chat_messages`;
/*!40101 SET @saved_cs_client     = @@character_set_client */;
/*!40101 SET character_set_client = utf8 */;
CREATE TABLE `chat_messages` (
  `source_id` int(11) NOT NULL,
  `target_id` int(11) NOT NULL,
  `message` varchar(255) NOT NULL,
  `created_at` datetime NOT NULL,
  KEY `index_chat_messages_on_source_id` (`source_id`),
  KEY `index_chat_messages_on_target_id` (`target_id`),
  CONSTRAINT `chat_messages_ibfk_2` FOREIGN KEY (`target_id`) REFERENCES `players` (`id`) ON DELETE CASCADE,
  CONSTRAINT `chat_messages_ibfk_1` FOREIGN KEY (`source_id`) REFERENCES `players` (`id`) ON DELETE CASCADE
) ENGINE=InnoDB DEFAULT CHARSET=utf8;
/*!40101 SET character_set_client = @saved_cs_client */;

--
-- Dumping data for table `chat_messages`
--

LOCK TABLES `chat_messages` WRITE;
/*!40000 ALTER TABLE `chat_messages` DISABLE KEYS */;
/*!40000 ALTER TABLE `chat_messages` ENABLE KEYS */;
UNLOCK TABLES;

--
-- Table structure for table `combat_logs`
--

DROP TABLE IF EXISTS `combat_logs`;
/*!40101 SET @saved_cs_client     = @@character_set_client */;
/*!40101 SET character_set_client = utf8 */;
CREATE TABLE `combat_logs` (
  `sha1_id` char(40) NOT NULL,
  `info` mediumtext NOT NULL,
  `expires_at` datetime NOT NULL,
  PRIMARY KEY (`sha1_id`),
  KEY `index_combat_logs_on_expires_at` (`expires_at`)
) ENGINE=InnoDB DEFAULT CHARSET=utf8;
/*!40101 SET character_set_client = @saved_cs_client */;

--
-- Dumping data for table `combat_logs`
--

LOCK TABLES `combat_logs` WRITE;
/*!40000 ALTER TABLE `combat_logs` DISABLE KEYS */;
/*!40000 ALTER TABLE `combat_logs` ENABLE KEYS */;
UNLOCK TABLES;

--
-- Table structure for table `construction_queue_entries`
--

DROP TABLE IF EXISTS `construction_queue_entries`;
/*!40101 SET @saved_cs_client     = @@character_set_client */;
/*!40101 SET character_set_client = utf8 */;
CREATE TABLE `construction_queue_entries` (
  `id` int(11) NOT NULL AUTO_INCREMENT,
  `constructable_type` varchar(100) NOT NULL,
  `constructor_id` int(11) NOT NULL,
  `count` int(11) NOT NULL,
  `position` smallint(2) unsigned NOT NULL DEFAULT '0',
  `params` text,
  `player_id` int(11) DEFAULT NULL,
  PRIMARY KEY (`id`),
  KEY `index_upgrade_queue_entries_on_position` (`position`),
  KEY `foreign_key` (`constructor_id`),
  KEY `player_id` (`player_id`),
  CONSTRAINT `construction_queue_entries_ibfk_2` FOREIGN KEY (`player_id`) REFERENCES `players` (`id`) ON DELETE CASCADE,
  CONSTRAINT `construction_queue_entries_ibfk_1` FOREIGN KEY (`constructor_id`) REFERENCES `buildings` (`id`) ON DELETE CASCADE
) ENGINE=InnoDB DEFAULT CHARSET=utf8;
/*!40101 SET character_set_client = @saved_cs_client */;

--
-- Dumping data for table `construction_queue_entries`
--

LOCK TABLES `construction_queue_entries` WRITE;
/*!40000 ALTER TABLE `construction_queue_entries` DISABLE KEYS */;
/*!40000 ALTER TABLE `construction_queue_entries` ENABLE KEYS */;
UNLOCK TABLES;

--
-- Table structure for table `cooldowns`
--

DROP TABLE IF EXISTS `cooldowns`;
/*!40101 SET @saved_cs_client     = @@character_set_client */;
/*!40101 SET character_set_client = utf8 */;
CREATE TABLE `cooldowns` (
  `id` int(11) NOT NULL AUTO_INCREMENT,
  `location_id` int(10) unsigned NOT NULL,
  `location_type` tinyint(2) unsigned NOT NULL,
  `location_x` int(11) DEFAULT NULL,
  `location_y` int(11) DEFAULT NULL,
  `ends_at` datetime NOT NULL,
  PRIMARY KEY (`id`),
  UNIQUE KEY `location` (`location_id`,`location_type`,`location_x`,`location_y`)
) ENGINE=InnoDB DEFAULT CHARSET=utf8;
/*!40101 SET character_set_client = @saved_cs_client */;

--
-- Dumping data for table `cooldowns`
--

LOCK TABLES `cooldowns` WRITE;
/*!40000 ALTER TABLE `cooldowns` DISABLE KEYS */;
/*!40000 ALTER TABLE `cooldowns` ENABLE KEYS */;
UNLOCK TABLES;

--
-- Table structure for table `cred_stats`
--

DROP TABLE IF EXISTS `cred_stats`;
/*!40101 SET @saved_cs_client     = @@character_set_client */;
/*!40101 SET character_set_client = utf8 */;
CREATE TABLE `cred_stats` (
  `id` int(11) NOT NULL AUTO_INCREMENT,
  `action` tinyint(2) unsigned NOT NULL,
  `player_id` int(11) DEFAULT NULL,
  `creds` int(10) unsigned NOT NULL,
  `class_name` varchar(50) DEFAULT NULL,
  `level` tinyint(2) unsigned DEFAULT NULL,
  `cost` int(10) unsigned NOT NULL,
  `time` int(10) unsigned DEFAULT NULL,
  `actual_time` int(10) unsigned DEFAULT NULL,
  `created_at` datetime NOT NULL,
  `resource` varchar(6) DEFAULT NULL,
  `attr` varchar(7) DEFAULT NULL,
  `vip_level` tinyint(2) unsigned NOT NULL DEFAULT '0',
  `vip_creds` int(10) unsigned NOT NULL DEFAULT '0',
  `free_creds` int(10) unsigned NOT NULL,
  PRIMARY KEY (`id`),
  KEY `by_action` (`action`),
  KEY `by_player` (`player_id`),
  CONSTRAINT `cred_stats_ibfk_1` FOREIGN KEY (`player_id`) REFERENCES `players` (`id`) ON DELETE SET NULL
) ENGINE=InnoDB DEFAULT CHARSET=utf8;
/*!40101 SET character_set_client = @saved_cs_client */;

--
-- Dumping data for table `cred_stats`
--

LOCK TABLES `cred_stats` WRITE;
/*!40000 ALTER TABLE `cred_stats` DISABLE KEYS */;
/*!40000 ALTER TABLE `cred_stats` ENABLE KEYS */;
UNLOCK TABLES;

--
-- Table structure for table `folliages`
--

DROP TABLE IF EXISTS `folliages`;
/*!40101 SET @saved_cs_client     = @@character_set_client */;
/*!40101 SET character_set_client = utf8 */;
CREATE TABLE `folliages` (
  `planet_id` int(11) NOT NULL,
  `x` tinyint(2) unsigned NOT NULL DEFAULT '0',
  `y` tinyint(2) unsigned NOT NULL DEFAULT '0',
  `kind` tinyint(2) unsigned NOT NULL DEFAULT '0',
  UNIQUE KEY `coords` (`planet_id`,`x`,`y`),
  CONSTRAINT `folliages_ibfk_1` FOREIGN KEY (`planet_id`) REFERENCES `ss_objects` (`id`) ON DELETE CASCADE
) ENGINE=InnoDB DEFAULT CHARSET=utf8;
/*!40101 SET character_set_client = @saved_cs_client */;

--
-- Dumping data for table `folliages`
--

LOCK TABLES `folliages` WRITE;
/*!40000 ALTER TABLE `folliages` DISABLE KEYS */;
INSERT INTO `folliages` VALUES (1,0,1,10),(1,0,2,3),(1,1,3,1),(1,1,6,13),(1,2,2,8),(1,4,2,11),(1,4,10,10),(1,6,5,1),(1,6,6,12),(1,6,12,1),(1,7,2,0),(1,8,6,8),(1,9,7,3),(1,9,10,2),(1,10,0,13),(1,10,2,4),(1,11,3,3),(1,12,0,11),(1,13,0,7),(1,13,9,11),(1,13,10,5),(1,13,11,7),(1,14,0,3),(1,14,3,11),(1,16,8,1),(1,17,0,1),(1,17,2,11),(1,17,8,13),(1,17,9,6),(1,18,5,8),(1,18,6,8),(1,19,8,7),(1,19,9,1),(1,20,8,13),(1,21,3,6),(1,21,11,7),(1,22,0,0),(1,22,4,7),(4,0,4,9),(4,0,7,2),(4,0,9,2),(4,0,11,11),(4,1,6,7),(4,2,6,11),(4,2,9,13),(4,2,13,2),(4,3,9,2),(4,4,12,9),(4,5,1,8),(4,5,10,11),(4,6,0,2),(4,6,1,2),(4,6,14,10),(4,7,1,12),(4,7,2,2),(4,7,6,9),(4,8,2,1),(4,8,3,8),(4,8,6,6),(4,8,7,1),(4,9,0,0),(4,9,10,11),(4,11,0,2),(4,11,7,13),(4,12,10,4),(4,13,10,0),(4,14,11,6),(5,0,6,5),(5,0,11,4),(5,1,3,11),(5,2,2,6),(5,2,6,3),(5,5,8,10),(5,6,4,4),(5,6,9,6),(5,6,10,3),(5,6,12,13),(5,6,14,4),(5,7,8,4),(5,9,6,13),(5,9,7,0),(5,10,7,4),(5,11,3,9),(5,11,4,2),(5,11,5,9),(5,11,15,10),(5,11,16,13),(5,12,1,6),(5,12,4,9),(5,12,6,5),(5,12,7,5),(5,12,9,4),(5,12,16,8),(5,13,2,5),(5,13,5,12),(5,13,15,12),(5,14,15,2),(5,15,15,9),(5,15,16,4),(5,16,15,13),(5,16,16,11),(5,18,6,1),(5,18,9,3),(5,18,15,1),(5,18,16,11),(5,19,12,6),(5,20,10,9),(9,0,5,13),(9,0,6,1),(9,0,9,8),(9,0,10,0),(9,0,12,6),(9,0,13,11),(9,1,7,10),(9,1,9,5),(9,1,14,3),(9,2,0,10),(9,2,13,7),(9,3,13,4),(9,4,1,8),(9,4,6,6),(9,4,8,5),(9,4,10,5),(9,5,8,9),(9,5,14,4),(9,6,0,7),(9,7,6,13),(9,7,7,5),(9,7,10,12),(9,8,2,0),(9,8,3,9),(9,8,6,3),(9,9,10,3),(9,11,7,12),(9,11,10,10),(9,12,10,0),(9,14,0,2),(9,14,13,8),(18,0,1,2),(18,0,3,2),(18,0,9,2),(18,0,24,11),(18,0,25,3),(18,0,29,3),(18,1,0,1),(18,1,10,8),(18,1,11,3),(18,1,21,2),(18,1,30,8),(18,2,10,9),(18,2,27,1),(18,2,28,4),(18,2,30,8),(18,3,6,11),(18,3,12,11),(18,3,15,10),(18,3,25,8),(18,3,26,2),(18,4,5,8),(18,4,6,2),(18,4,10,10),(18,4,24,1),(18,4,28,9),(18,5,6,11),(18,5,9,1),(18,5,17,8),(18,5,23,1),(18,5,25,6),(18,6,6,7),(18,6,9,1),(18,6,14,4),(18,6,17,13),(18,6,25,8),(18,6,26,2),(18,7,5,7),(18,7,6,4),(18,7,12,4),(18,7,14,9),(18,7,15,7),(18,7,20,3),(18,7,22,1),(18,8,21,11),(18,8,27,2),(18,8,30,1),(18,9,28,0),(18,10,0,3),(18,10,2,4),(18,10,10,5),(18,10,11,0),(18,11,27,1),(18,12,3,11),(18,12,11,9),(18,13,12,3),(18,13,16,6),(18,13,25,0),(18,14,4,9),(18,14,14,6),(18,14,15,9),(18,14,21,8),(18,15,4,11),(18,15,6,10),(18,15,8,8),(18,15,15,4),(18,15,21,2),(18,16,13,12),(18,16,21,0),(18,16,22,12),(18,16,25,10),(18,17,16,2),(18,17,21,11),(18,17,24,0),(18,18,15,8),(18,18,16,13),(18,18,20,6),(18,18,24,10),(18,19,13,3),(18,19,20,5),(18,19,23,0),(18,19,25,2),(18,19,27,10),(18,20,12,11),(18,20,13,3),(18,20,29,8),(18,20,30,13),(18,21,23,5),(18,23,30,3),(18,24,19,7),(18,24,29,7),(18,24,30,11),(18,25,6,0),(18,25,24,5),(18,25,26,3),(18,25,27,10),(18,25,28,1),(18,26,0,9),(18,26,6,1),(18,26,17,2),(18,26,29,3),(18,27,5,1),(18,27,6,4),(18,28,7,1),(20,0,16,10),(20,1,10,7),(20,1,14,0),(20,1,15,3),(20,2,11,13),(20,2,24,3),(20,2,25,12),(20,3,26,11),(20,4,0,9),(20,5,3,4),(20,6,2,3),(20,6,15,0),(20,6,23,8),(20,6,27,7),(20,7,7,1),(20,7,11,10),(20,7,12,1),(20,7,17,6),(20,7,21,12),(20,8,15,4),(20,8,19,1),(20,8,21,8),(20,8,22,6),(20,9,20,3),(20,10,29,5),(20,12,18,11),(20,13,24,5),(20,13,26,12),(20,15,7,3),(20,15,24,1),(20,16,6,0),(20,16,18,11),(20,16,22,4),(20,16,24,9),(20,16,27,10),(20,17,7,9),(20,17,26,10),(20,18,26,3),(20,19,7,3),(20,19,22,1),(20,19,25,3),(20,19,27,6),(20,19,28,12),(20,20,20,3),(20,20,22,8),(20,20,23,1),(20,20,26,7),(20,21,9,5),(20,21,10,9),(20,21,13,9),(20,21,21,9),(20,22,3,12),(20,22,11,7),(20,22,21,1),(20,23,12,13),(20,23,15,10),(20,23,16,1),(20,24,6,5),(20,25,6,6),(20,25,12,11),(20,25,14,13),(20,25,20,0),(20,25,21,12),(20,25,28,7),(20,26,0,0),(20,26,14,2),(20,26,18,10),(20,26,19,7),(20,26,20,12),(20,27,11,9),(20,27,15,1),(20,29,3,3),(26,0,3,4),(26,0,11,4),(26,0,15,1),(26,1,2,1),(26,1,10,5),(26,1,12,8),(26,1,13,11),(26,2,2,2),(26,2,10,10),(26,2,16,0),(26,4,6,4),(26,4,8,7),(26,4,9,2),(26,4,16,5),(26,5,4,10),(26,5,6,4),(26,5,7,4),(26,5,9,0),(26,6,11,0),(26,6,12,4),(26,6,15,8),(26,8,4,10),(26,8,15,9),(26,8,16,0),(26,9,10,12),(26,9,15,12),(26,10,10,5),(26,11,1,0),(26,11,6,11),(26,11,11,1),(26,11,16,3),(26,12,2,0),(26,12,4,1),(26,12,6,11),(26,12,10,12),(26,13,4,3),(26,13,11,6),(26,13,14,11),(26,13,15,4),(26,13,16,9),(26,16,16,9),(26,17,7,9),(26,18,9,6),(26,19,6,12),(26,19,7,2),(26,19,11,7),(26,19,14,12),(26,19,16,8),(26,20,3,13),(26,20,7,9),(26,20,10,6),(26,20,13,9),(34,0,8,11),(34,0,19,1),(34,0,25,1),(34,1,19,1),(34,1,24,11),(34,1,25,0),(34,1,26,3),(34,2,7,11),(34,2,8,2),(34,2,9,11),(34,2,28,5),(34,3,0,4),(34,3,20,4),(34,4,0,11),(34,4,29,10),(34,6,30,2),(34,7,26,4),(34,7,27,3),(34,7,30,2),(34,8,11,0),(34,8,12,13),(34,8,17,5),(34,8,30,9),(34,9,16,2),(34,9,17,0),(34,9,27,5),(34,9,28,2),(34,9,30,1),(34,10,16,1),(34,10,29,13),(34,11,0,5),(34,11,6,13),(34,11,30,1),(34,12,16,11),(34,13,15,0),(34,13,16,8),(34,13,23,7),(34,14,4,3),(34,14,9,1),(34,14,23,10),(34,14,30,2),(34,15,2,4),(34,15,6,7),(34,15,28,0),(34,15,30,10),(34,16,3,11),(34,16,14,8),(34,16,16,8),(34,16,26,4),(34,16,27,8),(34,16,28,6),(34,17,21,0),(34,17,26,4),(34,18,17,9),(34,18,22,9),(34,19,17,5),(34,20,1,5),(34,20,11,3),(34,20,15,3),(34,20,24,6),(34,21,0,7),(34,21,3,9),(34,21,9,4),(34,22,0,10),(34,23,0,7),(34,23,16,7),(34,24,4,7),(34,24,14,4),(34,24,20,7),(34,25,11,5),(34,25,30,7),(34,26,29,11),(34,27,16,4),(34,27,19,5),(34,27,30,10),(34,28,9,12),(34,28,10,0),(34,28,13,3),(34,28,27,0),(37,0,2,6),(37,0,6,0),(37,0,14,6),(37,0,17,5),(37,0,19,3),(37,1,5,11),(37,2,26,3),(37,4,22,5),(37,4,26,13),(37,5,0,4),(37,5,14,0),(37,5,21,7),(37,5,26,10),(37,6,2,7),(37,6,16,7),(37,7,1,10),(37,7,12,2),(37,7,20,0),(37,8,1,12),(37,8,16,11),(37,8,19,1),(37,8,25,1),(37,9,10,6),(37,9,17,3),(37,9,21,4),(37,10,0,0),(37,10,15,2),(37,10,20,0),(37,10,22,4),(37,10,24,2),(37,11,0,2),(37,11,2,4),(37,11,22,8),(37,11,24,5),(37,12,0,11),(37,12,7,5),(37,12,17,5),(37,12,20,10),(37,13,0,7),(37,13,12,1),(37,15,1,13),(37,15,13,13),(37,15,15,5),(37,15,23,6),(37,16,6,10),(37,16,8,4),(37,16,25,13),(37,17,8,12),(37,17,19,7),(37,18,6,4),(37,18,8,10),(37,18,14,5),(37,18,21,10),(37,18,25,4),(37,19,15,13),(37,19,17,7),(37,19,19,13),(37,20,22,8),(37,21,2,11),(37,21,11,0),(37,21,14,6),(37,21,23,7),(37,22,3,13),(37,22,12,5),(37,23,0,11),(37,23,2,1),(37,23,10,13),(37,23,11,12),(37,24,1,0),(37,24,12,1),(37,24,22,5),(37,25,12,13),(37,25,24,3),(37,25,25,10),(37,25,26,4),(37,26,0,11),(37,26,1,1),(37,26,2,12),(37,26,3,11),(37,26,5,2),(37,26,19,5),(37,26,21,3),(37,26,22,9),(37,27,1,4),(37,27,3,11),(37,27,4,12),(37,27,6,2),(37,27,15,1),(37,27,21,4),(37,27,24,1),(40,0,0,5),(40,0,2,4),(40,0,5,7),(40,0,11,12),(40,0,24,2),(40,1,4,3),(40,1,7,13),(40,1,10,7),(40,1,22,12),(40,2,4,4),(40,2,6,8),(40,2,22,11),(40,3,1,4),(40,3,8,2),(40,5,0,11),(40,6,13,7),(40,7,10,4),(40,7,12,1),(40,7,14,12),(40,8,0,5),(40,8,15,11),(40,8,16,4),(40,8,19,10),(40,8,21,1),(40,9,1,6),(40,9,16,12),(40,10,9,10),(40,10,16,11),(40,11,25,11),(40,12,0,13),(40,12,1,1),(40,12,23,6),(40,12,24,10),(40,12,25,11),(40,13,0,5),(40,14,20,8),(40,15,6,11),(40,15,7,4),(40,15,20,9),(40,16,4,2),(40,16,8,7),(40,16,20,4),(40,17,14,4),(40,17,20,5),(40,18,12,1),(40,18,21,5),(40,18,23,13),(40,18,25,13),(40,19,8,11),(40,20,7,1),(40,20,8,4),(40,21,2,0),(40,21,6,9),(40,22,0,12),(40,22,10,9),(40,23,0,1),(40,23,2,3),(40,23,10,6),(40,23,14,13),(40,23,23,9),(40,24,7,4),(40,24,15,3),(40,24,16,3),(40,24,17,3),(40,24,20,5),(40,25,1,11),(40,25,7,6),(40,25,13,6),(40,25,20,2),(40,26,1,13),(40,26,12,11),(40,26,15,9),(40,27,1,3),(40,27,6,7),(40,27,11,7),(40,27,13,0),(40,28,1,10),(40,28,2,7),(40,29,7,4),(40,29,12,0),(40,29,14,0),(54,0,8,12),(54,0,17,8),(54,0,18,5),(54,0,25,7),(54,0,26,2),(54,1,0,3),(54,1,9,4),(54,1,28,0),(54,1,30,3),(54,2,18,2),(54,3,17,9),(54,4,21,1),(54,4,22,1),(54,5,12,10),(54,5,19,11),(54,5,20,8),(54,5,23,7),(54,6,1,4),(54,6,12,11),(54,6,13,2),(54,6,18,5),(54,6,23,11),(54,7,12,1),(54,7,18,8),(54,9,0,7),(54,9,17,2),(54,9,18,8),(54,9,30,12),(54,10,4,6),(54,10,10,11),(54,10,18,8),(54,10,22,8),(54,11,16,10),(54,11,21,2),(54,12,0,8),(54,12,3,7),(54,12,22,6),(54,12,25,1),(54,12,26,9),(54,13,11,0),(54,13,22,10),(54,13,29,9),(54,14,27,11),(54,14,30,1),(54,15,5,0),(54,15,10,10),(54,15,24,0),(54,16,7,6),(54,17,12,4),(54,17,21,4),(54,17,28,0),(54,18,21,7),(54,18,24,1),(54,19,5,1),(54,19,22,10),(54,20,0,10),(54,20,2,7),(54,20,13,5),(54,20,22,4),(54,21,14,9),(54,21,15,7),(54,21,17,0),(54,22,3,10),(54,22,13,5),(54,22,16,3),(54,22,26,9),(54,23,8,3),(54,23,16,2),(54,23,20,7),(54,23,21,7),(54,24,0,7),(54,24,16,2),(54,24,23,13),(54,25,1,3),(54,25,8,3),(54,25,9,9),(54,25,10,7),(54,25,19,5),(54,25,22,5),(54,25,27,3),(54,26,3,7),(54,26,5,0),(54,26,6,11),(54,26,19,0),(54,26,22,7),(54,26,25,2),(54,26,27,8),(54,27,0,1),(54,27,3,0),(54,27,4,9),(54,27,10,8),(54,27,11,5),(54,27,15,3),(54,27,17,1),(54,27,22,6),(54,27,24,10),(54,27,25,0),(54,27,30,3),(68,0,1,0),(68,0,2,2),(68,0,24,6),(68,0,26,2),(68,0,27,8),(68,0,29,5),(68,0,30,2),(68,1,1,13),(68,1,2,0),(68,1,3,2),(68,1,23,0),(68,1,25,10),(68,1,28,0),(68,2,0,8),(68,2,4,13),(68,2,8,13),(68,2,23,11),(68,2,26,6),(68,3,2,5),(68,3,7,5),(68,3,12,10),(68,3,31,3),(68,4,21,12),(68,4,22,6),(68,4,25,8),(68,4,29,5),(68,5,9,3),(68,5,23,9),(68,6,18,8),(68,7,7,13),(68,7,18,10),(68,7,19,11),(68,8,6,9),(68,8,7,9),(68,8,8,7),(68,8,9,1),(68,9,15,0),(68,9,24,7),(68,9,28,8),(68,10,16,6),(68,10,18,1),(68,10,29,2),(68,11,29,1),(68,12,31,12),(68,13,5,10),(68,14,7,5),(68,14,11,5),(68,14,19,12),(68,15,6,8),(68,15,9,10),(68,16,6,9),(68,16,10,13),(68,16,17,3),(68,16,20,13),(68,17,31,3),(68,18,7,0),(68,18,12,3),(68,18,16,9),(68,18,23,11),(68,18,26,9),(68,18,29,3),(68,19,27,9),(68,19,28,7),(68,19,29,13),(68,20,16,3),(68,20,28,6),(68,21,7,3),(68,21,9,1),(68,21,10,9),(68,21,16,5),(68,21,21,4),(68,21,27,9),(68,22,14,8),(68,22,17,6),(68,22,20,2),(68,22,22,10),(68,22,23,9),(68,22,26,9),(68,23,11,10),(68,23,14,12),(68,23,15,2),(68,23,18,9),(68,23,22,8),(68,23,27,11),(68,23,29,8),(68,23,31,5),(68,24,19,3),(68,24,22,5),(68,24,27,4),(68,24,30,11),(68,25,6,5),(68,25,24,2),(68,25,30,12),(68,26,7,11),(68,26,8,7),(68,26,18,2),(68,26,30,3),(68,27,5,4),(68,27,9,9),(68,27,23,9),(68,27,27,8),(68,27,28,1),(68,27,31,9),(68,28,3,13),(68,28,6,6),(68,28,7,6),(68,28,8,13),(68,28,12,0),(68,28,13,6),(68,28,20,7),(68,28,22,3),(68,28,26,0),(68,28,31,2),(71,0,3,1),(71,0,5,1),(71,0,6,9),(71,0,8,11),(71,0,28,0),(71,1,2,13),(71,1,3,11),(71,1,27,6),(71,2,3,11),(71,2,4,8),(71,2,8,2),(71,2,25,9),(71,2,27,6),(71,3,0,2),(71,3,27,10),(71,3,28,4),(71,3,30,6),(71,4,16,0),(71,4,17,0),(71,4,25,5),(71,4,31,0),(71,5,12,6),(71,5,17,10),(71,5,23,7),(71,5,26,5),(71,6,12,1),(71,6,15,10),(71,6,21,4),(71,6,28,11),(71,7,7,9),(71,7,8,2),(71,7,15,6),(71,7,28,0),(71,7,29,13),(71,8,14,4),(71,8,16,7),(71,8,20,4),(71,8,23,10),(71,8,28,4),(71,8,31,1),(71,9,12,6),(71,9,14,12),(71,9,20,0),(71,9,21,3),(71,9,23,8),(71,9,24,10),(71,10,11,10),(71,10,14,4),(71,10,16,8),(71,10,27,4),(71,11,0,10),(71,11,15,9),(71,11,17,13),(71,11,24,6),(71,11,29,11),(71,12,10,7),(71,12,13,2),(71,12,17,3),(71,12,24,11),(71,12,29,1),(71,13,5,1),(71,13,12,9),(71,13,13,1),(71,13,24,11),(71,13,26,5),(71,14,0,6),(71,14,1,5),(71,14,6,11),(71,14,17,13),(71,14,18,8),(71,14,22,12),(71,14,29,11),(71,15,7,12),(71,15,13,2),(71,15,18,9),(71,15,19,1),(71,15,31,13),(71,16,15,1),(71,16,17,11),(71,16,31,3),(71,17,5,3),(71,17,7,4),(71,17,11,11),(71,17,12,11),(71,17,13,3),(71,18,8,0),(71,18,9,5),(71,18,12,3),(71,18,20,8),(71,19,29,13),(71,19,30,1),(71,20,30,3),(71,21,10,1),(71,22,4,8),(71,22,5,2),(71,22,7,5),(71,22,10,4),(71,22,17,0),(71,23,1,13),(71,23,4,11),(71,23,30,6),(71,24,0,3),(71,24,4,11),(71,24,12,4),(71,24,13,4),(71,25,6,11),(71,26,5,4),(71,26,13,6),(71,26,15,7),(71,26,16,11),(71,26,29,12),(71,27,3,4),(71,27,4,12),(71,27,8,2),(71,28,3,2),(71,28,6,10),(71,28,12,8),(71,28,14,2),(71,28,31,12),(71,29,0,5),(71,29,1,9),(71,29,9,12),(71,29,12,8),(71,29,13,10),(71,29,14,11),(71,29,29,8),(73,0,4,10),(73,0,5,5),(73,0,16,8),(73,1,11,13),(73,1,12,2),(73,1,13,10),(73,2,2,12),(73,2,6,7),(73,2,16,0),(73,3,6,13),(73,3,10,0),(73,5,10,7),(73,5,15,2),(73,6,0,10),(73,6,3,2),(73,6,4,9),(73,6,10,7),(73,6,14,3),(73,6,16,3),(73,7,11,4),(73,9,5,6),(73,9,9,6),(73,9,10,4),(73,10,4,6),(73,10,6,7),(73,10,7,11),(73,11,0,11),(73,11,2,11),(73,11,5,4),(73,11,6,2),(73,12,1,6),(73,12,3,5),(73,12,4,9),(73,12,10,4),(73,12,13,4),(73,13,4,1),(73,13,8,7),(73,13,9,8),(73,13,10,5),(73,14,6,13),(73,16,6,11),(73,16,15,11),(73,17,6,10),(73,17,9,8),(73,17,16,2),(73,18,9,2),(73,18,16,12),(73,19,6,4),(73,19,10,0),(73,19,16,6),(73,20,0,11),(73,20,3,1),(73,20,10,4),(73,20,15,4);
/*!40000 ALTER TABLE `folliages` ENABLE KEYS */;
UNLOCK TABLES;

--
-- Table structure for table `fow_galaxy_entries`
--

DROP TABLE IF EXISTS `fow_galaxy_entries`;
/*!40101 SET @saved_cs_client     = @@character_set_client */;
/*!40101 SET character_set_client = utf8 */;
CREATE TABLE `fow_galaxy_entries` (
  `id` int(11) NOT NULL AUTO_INCREMENT,
  `galaxy_id` int(11) NOT NULL,
  `player_id` int(11) DEFAULT NULL,
  `alliance_id` int(11) DEFAULT NULL,
  `x` int(11) NOT NULL,
  `y` int(11) NOT NULL,
  `x_end` int(11) NOT NULL,
  `y_end` int(11) NOT NULL,
  `counter` tinyint(2) unsigned NOT NULL DEFAULT '1',
  PRIMARY KEY (`id`),
  UNIQUE KEY `player_visiblity` (`player_id`,`x`,`y`,`x_end`,`y_end`),
  UNIQUE KEY `alliance_visiblity` (`alliance_id`,`x`,`y`,`x_end`,`y_end`),
  KEY `lookup_players_by_coords` (`galaxy_id`,`x`,`x_end`,`y`,`y_end`),
  KEY `for_cleanup` (`counter`),
  CONSTRAINT `fow_galaxy_entries_ibfk_1` FOREIGN KEY (`galaxy_id`) REFERENCES `galaxies` (`id`) ON DELETE CASCADE
) ENGINE=InnoDB DEFAULT CHARSET=utf8;
/*!40101 SET character_set_client = @saved_cs_client */;

--
-- Dumping data for table `fow_galaxy_entries`
--

LOCK TABLES `fow_galaxy_entries` WRITE;
/*!40000 ALTER TABLE `fow_galaxy_entries` DISABLE KEYS */;
/*!40000 ALTER TABLE `fow_galaxy_entries` ENABLE KEYS */;
UNLOCK TABLES;

--
-- Table structure for table `fow_ss_entries`
--

DROP TABLE IF EXISTS `fow_ss_entries`;
/*!40101 SET @saved_cs_client     = @@character_set_client */;
/*!40101 SET character_set_client = utf8 */;
CREATE TABLE `fow_ss_entries` (
  `id` int(11) NOT NULL AUTO_INCREMENT,
  `solar_system_id` int(11) NOT NULL,
  `player_id` int(11) DEFAULT NULL,
  `counter` int(11) NOT NULL DEFAULT '0',
  `player_planets` tinyint(1) DEFAULT NULL,
  `player_ships` tinyint(1) DEFAULT NULL,
  `enemy_planets` tinyint(1) NOT NULL DEFAULT '0',
  `enemy_ships` tinyint(1) NOT NULL DEFAULT '0',
  `alliance_id` int(11) DEFAULT NULL,
  `alliance_planet_player_ids` text,
  `alliance_ship_player_ids` text,
  `nap_planets` tinyint(1) DEFAULT NULL,
  `nap_ships` tinyint(1) DEFAULT NULL,
  PRIMARY KEY (`id`),
  UNIQUE KEY `create_for_player` (`solar_system_id`,`player_id`),
  UNIQUE KEY `create_for_alliance` (`solar_system_id`,`alliance_id`),
  KEY `select_by_player` (`player_id`),
  KEY `select_by_alliance` (`alliance_id`),
  KEY `for_cleanup` (`counter`),
  CONSTRAINT `fow_ss_entries_ibfk_1` FOREIGN KEY (`solar_system_id`) REFERENCES `solar_systems` (`id`) ON DELETE CASCADE,
  CONSTRAINT `fow_ss_entries_ibfk_2` FOREIGN KEY (`player_id`) REFERENCES `players` (`id`) ON DELETE CASCADE,
  CONSTRAINT `fow_ss_entries_ibfk_3` FOREIGN KEY (`alliance_id`) REFERENCES `alliances` (`id`) ON DELETE CASCADE
) ENGINE=InnoDB AUTO_INCREMENT=2 DEFAULT CHARSET=utf8;
/*!40101 SET character_set_client = @saved_cs_client */;

--
-- Dumping data for table `fow_ss_entries`
--

LOCK TABLES `fow_ss_entries` WRITE;
/*!40000 ALTER TABLE `fow_ss_entries` DISABLE KEYS */;
INSERT INTO `fow_ss_entries` VALUES (1,3,1,1,1,0,0,0,NULL,NULL,NULL,NULL,NULL);
/*!40000 ALTER TABLE `fow_ss_entries` ENABLE KEYS */;
UNLOCK TABLES;

--
-- Table structure for table `galaxies`
--

DROP TABLE IF EXISTS `galaxies`;
/*!40101 SET @saved_cs_client     = @@character_set_client */;
/*!40101 SET character_set_client = utf8 */;
CREATE TABLE `galaxies` (
  `id` int(11) NOT NULL AUTO_INCREMENT,
  `created_at` datetime NOT NULL,
  `ruleset` varchar(30) NOT NULL DEFAULT '0',
  `callback_url` varchar(255) NOT NULL,
  PRIMARY KEY (`id`)
) ENGINE=InnoDB AUTO_INCREMENT=2 DEFAULT CHARSET=utf8;
/*!40101 SET character_set_client = @saved_cs_client */;

--
-- Dumping data for table `galaxies`
--

LOCK TABLES `galaxies` WRITE;
/*!40000 ALTER TABLE `galaxies` DISABLE KEYS */;
INSERT INTO `galaxies` VALUES (1,'2011-08-11 15:57:43','dev','localhost');
/*!40000 ALTER TABLE `galaxies` ENABLE KEYS */;
UNLOCK TABLES;

--
-- Table structure for table `market_offers`
--

DROP TABLE IF EXISTS `market_offers`;
/*!40101 SET @saved_cs_client     = @@character_set_client */;
/*!40101 SET character_set_client = utf8 */;
CREATE TABLE `market_offers` (
  `id` int(11) NOT NULL AUTO_INCREMENT,
  `galaxy_id` int(11) NOT NULL,
  `planet_id` int(11) NOT NULL,
  `from_kind` tinyint(2) unsigned NOT NULL,
  `from_amount` int(10) unsigned NOT NULL,
  `to_kind` tinyint(2) unsigned NOT NULL,
  `to_rate` float unsigned NOT NULL,
  `created_at` datetime NOT NULL,
  PRIMARY KEY (`id`),
  KEY `galaxy foreign key` (`galaxy_id`),
  KEY `planet foreign key` (`planet_id`),
  KEY `avg. market value` (`from_kind`,`to_kind`),
  CONSTRAINT `market_offers_ibfk_2` FOREIGN KEY (`planet_id`) REFERENCES `ss_objects` (`id`) ON DELETE CASCADE,
  CONSTRAINT `market_offers_ibfk_1` FOREIGN KEY (`galaxy_id`) REFERENCES `galaxies` (`id`) ON DELETE CASCADE
) ENGINE=InnoDB DEFAULT CHARSET=utf8;
/*!40101 SET character_set_client = @saved_cs_client */;

--
-- Dumping data for table `market_offers`
--

LOCK TABLES `market_offers` WRITE;
/*!40000 ALTER TABLE `market_offers` DISABLE KEYS */;
/*!40000 ALTER TABLE `market_offers` ENABLE KEYS */;
UNLOCK TABLES;

--
-- Table structure for table `naps`
--

DROP TABLE IF EXISTS `naps`;
/*!40101 SET @saved_cs_client     = @@character_set_client */;
/*!40101 SET character_set_client = utf8 */;
CREATE TABLE `naps` (
  `id` int(11) NOT NULL AUTO_INCREMENT,
  `initiator_id` int(11) NOT NULL,
  `acceptor_id` int(11) NOT NULL,
  `status` tinyint(2) unsigned NOT NULL DEFAULT '0',
  `created_at` datetime NOT NULL,
  `expires_at` datetime DEFAULT NULL,
  PRIMARY KEY (`id`),
  UNIQUE KEY `enforce_one_nap_per_pair` (`initiator_id`,`acceptor_id`),
  KEY `lookup_naps_for_alliance_1st` (`initiator_id`,`status`),
  KEY `lookup_naps_for_alliance_2nd` (`acceptor_id`,`status`),
  CONSTRAINT `naps_ibfk_2` FOREIGN KEY (`acceptor_id`) REFERENCES `alliances` (`id`) ON DELETE CASCADE,
  CONSTRAINT `naps_ibfk_1` FOREIGN KEY (`initiator_id`) REFERENCES `alliances` (`id`) ON DELETE CASCADE
) ENGINE=InnoDB DEFAULT CHARSET=utf8;
/*!40101 SET character_set_client = @saved_cs_client */;

--
-- Dumping data for table `naps`
--

LOCK TABLES `naps` WRITE;
/*!40000 ALTER TABLE `naps` DISABLE KEYS */;
/*!40000 ALTER TABLE `naps` ENABLE KEYS */;
UNLOCK TABLES;

--
-- Table structure for table `notifications`
--

DROP TABLE IF EXISTS `notifications`;
/*!40101 SET @saved_cs_client     = @@character_set_client */;
/*!40101 SET character_set_client = utf8 */;
CREATE TABLE `notifications` (
  `id` int(11) NOT NULL AUTO_INCREMENT,
  `player_id` int(11) NOT NULL,
  `created_at` datetime NOT NULL,
  `expires_at` datetime NOT NULL,
  `event` tinyint(2) unsigned NOT NULL,
  `params` text,
  `starred` tinyint(1) NOT NULL DEFAULT '0',
  `read` tinyint(1) NOT NULL DEFAULT '0',
  PRIMARY KEY (`id`),
  KEY `order` (`read`,`created_at`),
  KEY `player_with_event` (`player_id`,`event`),
  CONSTRAINT `notifications_ibfk_1` FOREIGN KEY (`player_id`) REFERENCES `players` (`id`) ON DELETE CASCADE
) ENGINE=InnoDB DEFAULT CHARSET=utf8;
/*!40101 SET character_set_client = @saved_cs_client */;

--
-- Dumping data for table `notifications`
--

LOCK TABLES `notifications` WRITE;
/*!40000 ALTER TABLE `notifications` DISABLE KEYS */;
/*!40000 ALTER TABLE `notifications` ENABLE KEYS */;
UNLOCK TABLES;

--
-- Table structure for table `objective_progresses`
--

DROP TABLE IF EXISTS `objective_progresses`;
/*!40101 SET @saved_cs_client     = @@character_set_client */;
/*!40101 SET character_set_client = utf8 */;
CREATE TABLE `objective_progresses` (
  `id` int(11) NOT NULL AUTO_INCREMENT,
  `objective_id` int(11) DEFAULT NULL,
  `player_id` int(11) DEFAULT NULL,
  `completed` int(10) unsigned NOT NULL DEFAULT '0',
  PRIMARY KEY (`id`),
  KEY `objective_fk` (`objective_id`),
  KEY `player_fk` (`player_id`),
  CONSTRAINT `objective_progresses_ibfk_1` FOREIGN KEY (`objective_id`) REFERENCES `objectives` (`id`) ON DELETE CASCADE,
  CONSTRAINT `objective_progresses_ibfk_2` FOREIGN KEY (`player_id`) REFERENCES `players` (`id`) ON DELETE CASCADE
) ENGINE=InnoDB AUTO_INCREMENT=122 DEFAULT CHARSET=utf8;
/*!40101 SET character_set_client = @saved_cs_client */;

--
-- Dumping data for table `objective_progresses`
--

LOCK TABLES `objective_progresses` WRITE;
/*!40000 ALTER TABLE `objective_progresses` DISABLE KEYS */;
INSERT INTO `objective_progresses` VALUES (1,1,1,0),(2,127,1,0),(3,128,1,0),(4,129,1,0),(5,130,1,0),(6,131,1,0),(7,132,1,0),(8,133,1,0),(9,134,1,0),(10,135,1,0),(11,136,1,0),(12,137,1,0),(13,138,1,0),(14,139,1,0),(15,140,1,0),(16,141,1,0),(17,142,1,0),(18,143,1,0),(19,144,1,0),(20,145,1,0),(21,146,1,0),(22,147,1,0),(23,148,1,0),(24,149,1,0),(25,150,1,0),(26,151,1,0),(27,152,1,0),(28,153,1,0),(29,154,1,0),(30,155,1,0),(31,156,1,0),(32,157,1,0),(33,158,1,0),(34,159,1,0),(35,160,1,0),(36,161,1,0),(37,162,1,0),(38,163,1,0),(39,164,1,0),(40,165,1,0),(41,166,1,0),(42,167,1,0),(43,168,1,0),(44,169,1,0),(45,170,1,0),(46,171,1,0),(47,172,1,0),(48,173,1,0),(49,174,1,0),(50,175,1,0),(51,176,1,0),(52,177,1,0),(53,178,1,0),(54,179,1,0),(55,180,1,0),(56,181,1,0),(57,182,1,0),(58,183,1,0),(59,184,1,0),(60,185,1,0),(61,186,1,0),(62,187,1,0),(63,188,1,0),(64,189,1,0),(65,190,1,0),(66,191,1,0),(67,192,1,0),(68,193,1,0),(69,194,1,0),(70,195,1,0),(71,196,1,0),(72,197,1,0),(73,198,1,0),(74,199,1,0),(75,200,1,0),(76,201,1,0),(77,202,1,0),(78,203,1,0),(79,204,1,0),(80,205,1,0),(81,206,1,0),(82,207,1,0),(83,208,1,0),(84,209,1,0),(85,210,1,0),(86,211,1,0),(87,212,1,0),(88,213,1,0),(89,214,1,0),(90,215,1,0),(91,216,1,0),(92,217,1,0),(93,218,1,0),(94,219,1,0),(95,220,1,0),(96,221,1,0),(97,222,1,0),(98,223,1,0),(99,224,1,0),(100,225,1,0),(101,226,1,0),(102,227,1,0),(103,228,1,0),(104,229,1,0),(105,230,1,0),(106,231,1,0),(107,232,1,0),(108,233,1,0),(109,234,1,0),(110,235,1,0),(111,236,1,0),(112,237,1,0),(113,238,1,0),(114,239,1,0),(115,240,1,0),(116,241,1,0),(117,242,1,0),(118,243,1,0),(119,244,1,0),(120,245,1,0),(121,246,1,0);
/*!40000 ALTER TABLE `objective_progresses` ENABLE KEYS */;
UNLOCK TABLES;

--
-- Table structure for table `objectives`
--

DROP TABLE IF EXISTS `objectives`;
/*!40101 SET @saved_cs_client     = @@character_set_client */;
/*!40101 SET character_set_client = utf8 */;
CREATE TABLE `objectives` (
  `id` int(11) NOT NULL AUTO_INCREMENT,
  `quest_id` int(11) NOT NULL,
  `type` varchar(255) NOT NULL,
  `key` varchar(255) DEFAULT NULL,
  `count` int(10) unsigned NOT NULL DEFAULT '1',
  `level` tinyint(2) unsigned DEFAULT NULL,
  `alliance` tinyint(1) NOT NULL DEFAULT '0',
  `npc` tinyint(1) NOT NULL DEFAULT '0',
  `limit` int(10) unsigned DEFAULT NULL,
  `outcome` tinyint(2) DEFAULT NULL,
  PRIMARY KEY (`id`),
  KEY `quest_objectives` (`quest_id`),
  KEY `on_progress` (`type`,`key`),
  CONSTRAINT `objectives_ibfk_1` FOREIGN KEY (`quest_id`) REFERENCES `quests` (`id`) ON DELETE CASCADE
) ENGINE=InnoDB AUTO_INCREMENT=247 DEFAULT CHARSET=utf8;
/*!40101 SET character_set_client = @saved_cs_client */;

--
-- Dumping data for table `objectives`
--

LOCK TABLES `objectives` WRITE;
/*!40000 ALTER TABLE `objectives` DISABLE KEYS */;
INSERT INTO `objectives` VALUES (1,1,'HaveUpgradedTo','Building::CollectorT1',1,1,0,0,NULL,NULL),(2,2,'HaveUpgradedTo','Building::MetalExtractor',1,1,0,0,NULL,NULL),(3,3,'HaveUpgradedTo','Building::CollectorT1',2,1,0,0,NULL,NULL),(4,3,'HaveUpgradedTo','Building::MetalExtractor',2,1,0,0,NULL,NULL),(5,22,'ExploreBlock','ExploreBlock',1,NULL,0,0,9,NULL),(6,23,'ExploreBlock','ExploreBlock',10,NULL,0,0,9,NULL),(7,4,'HaveUpgradedTo','Building::CollectorT1',2,3,0,0,NULL,NULL),(8,4,'HaveUpgradedTo','Building::MetalExtractor',2,3,0,0,NULL,NULL),(9,5,'HaveUpgradedTo','Building::CollectorT1',2,4,0,0,NULL,NULL),(10,5,'HaveUpgradedTo','Building::MetalExtractor',2,4,0,0,NULL,NULL),(11,6,'HaveUpgradedTo','Building::Barracks',1,1,0,0,NULL,NULL),(12,7,'HaveUpgradedTo','Unit::Trooper',8,1,0,0,NULL,NULL),(13,80,'HaveWarPoints','Player',1,NULL,0,0,2000,NULL),(14,81,'HaveWarPoints','Player',1,NULL,0,0,2800,NULL),(15,82,'HaveWarPoints','Player',1,NULL,0,0,3920,NULL),(16,83,'HaveWarPoints','Player',1,NULL,0,0,5488,NULL),(17,84,'HaveWarPoints','Player',1,NULL,0,0,7684,NULL),(18,85,'HaveWarPoints','Player',1,NULL,0,0,10000,NULL),(19,86,'HaveWarPoints','Player',1,NULL,0,0,13701,NULL),(20,87,'HaveWarPoints','Player',1,NULL,0,0,18770,NULL),(21,88,'HaveWarPoints','Player',1,NULL,0,0,25714,NULL),(22,89,'HaveWarPoints','Player',1,NULL,0,0,35228,NULL),(23,90,'HaveWarPoints','Player',1,NULL,0,0,48262,NULL),(24,91,'HaveWarPoints','Player',1,NULL,0,0,66119,NULL),(25,92,'HaveWarPoints','Player',1,NULL,0,0,90583,NULL),(26,93,'HaveWarPoints','Player',1,NULL,0,0,124098,NULL),(27,94,'HaveWarPoints','Player',1,NULL,0,0,170015,NULL),(28,106,'HaveWarPoints','Player',1,NULL,0,0,200000,NULL),(29,107,'HaveWarPoints','Player',1,NULL,0,0,230000,NULL),(30,108,'HaveWarPoints','Player',1,NULL,0,0,264500,NULL),(31,109,'HaveWarPoints','Player',1,NULL,0,0,304175,NULL),(32,110,'HaveWarPoints','Player',1,NULL,0,0,349802,NULL),(33,111,'HaveWarPoints','Player',1,NULL,0,0,402272,NULL),(34,112,'HaveWarPoints','Player',1,NULL,0,0,462613,NULL),(35,113,'HaveWarPoints','Player',1,NULL,0,0,532004,NULL),(36,114,'HaveWarPoints','Player',1,NULL,0,0,611805,NULL),(37,115,'HaveWarPoints','Player',1,NULL,0,0,703576,NULL),(38,8,'DestroyNpcBuilding','Building::NpcMetalExtractor',1,1,0,0,NULL,NULL),(39,32,'HaveUpgradedTo','Building::MetalExtractor',3,4,0,0,NULL,NULL),(40,9,'HaveUpgradedTo','Building::MetalExtractor',1,7,0,0,NULL,NULL),(41,10,'HaveUpgradedTo','Building::CollectorT1',1,7,0,0,NULL,NULL),(42,116,'BecomeVip','Vip',1,1,0,0,NULL,NULL),(43,117,'Accelerate','Building',1,NULL,0,0,NULL,NULL),(44,11,'HaveUpgradedTo','Building::ResearchCenter',1,1,0,0,NULL,NULL),(45,24,'ExploreBlock','ExploreBlock',5,NULL,0,0,12,NULL),(46,25,'ExploreBlock','ExploreBlock',5,NULL,0,0,16,NULL),(47,26,'ExploreBlock','ExploreBlock',10,NULL,0,0,36,NULL),(48,12,'HaveUpgradedTo','Unit::Seeker',3,1,0,0,NULL,NULL),(49,13,'HaveUpgradedTo','Unit::Trooper',4,2,0,0,NULL,NULL),(50,72,'HaveSciencePoints','Player',1,NULL,0,0,2500,NULL),(51,73,'HaveSciencePoints','Player',1,NULL,0,0,5000,NULL),(52,74,'HaveSciencePoints','Player',1,NULL,0,0,10000,NULL),(53,75,'HaveSciencePoints','Player',1,NULL,0,0,25000,NULL),(54,76,'HaveSciencePoints','Player',1,NULL,0,0,50000,NULL),(55,77,'HaveSciencePoints','Player',1,NULL,0,0,100000,NULL),(56,78,'HaveSciencePoints','Player',1,NULL,0,0,150000,NULL),(57,79,'HaveSciencePoints','Player',1,NULL,0,0,200000,NULL),(58,118,'HaveUpgradedTo','Technology::Market',1,1,0,0,NULL,NULL),(59,118,'HaveUpgradedTo','Building::Market',1,1,0,0,NULL,NULL),(60,27,'DestroyNpcBuilding','Building::NpcZetiumExtractor',1,1,0,0,NULL,NULL),(61,66,'HaveArmyPoints','Player',1,NULL,0,0,500,NULL),(62,67,'HaveArmyPoints','Player',1,NULL,0,0,850,NULL),(63,68,'HaveArmyPoints','Player',1,NULL,0,0,1445,NULL),(64,69,'HaveArmyPoints','Player',1,NULL,0,0,2457,NULL),(65,70,'HaveArmyPoints','Player',1,NULL,0,0,5000,NULL),(66,71,'HaveArmyPoints','Player',1,NULL,0,0,8500,NULL),(67,95,'HaveArmyPoints','Player',1,NULL,0,0,15000,NULL),(68,96,'HaveArmyPoints','Player',1,NULL,0,0,21000,NULL),(69,97,'HaveArmyPoints','Player',1,NULL,0,0,29400,NULL),(70,98,'HaveArmyPoints','Player',1,NULL,0,0,41160,NULL),(71,99,'HaveArmyPoints','Player',1,NULL,0,0,57624,NULL),(72,100,'HaveArmyPoints','Player',1,NULL,0,0,80674,NULL),(73,101,'HaveArmyPoints','Player',1,NULL,0,0,112944,NULL),(74,102,'HaveArmyPoints','Player',1,NULL,0,0,158121,NULL),(75,14,'HaveUpgradedTo','Technology::ZetiumExtraction',1,1,0,0,NULL,NULL),(76,15,'HaveUpgradedTo','Building::ZetiumExtractor',1,1,0,0,NULL,NULL),(77,121,'HaveUpgradedTo','Building::Housing',1,1,0,0,NULL,NULL),(78,16,'HavePoints','Player',1,NULL,0,0,15000,NULL),(79,28,'HavePoints','Player',1,NULL,0,0,30000,NULL),(80,29,'HavePoints','Player',1,NULL,0,0,60000,NULL),(81,30,'HavePoints','Player',1,NULL,0,0,80000,NULL),(82,33,'HavePoints','Player',1,NULL,0,0,150000,NULL),(83,64,'HavePoints','Player',1,NULL,0,0,350000,NULL),(84,17,'HaveUpgradedTo','Building::MetalStorage',1,2,0,0,NULL,NULL),(85,17,'HaveUpgradedTo','Building::EnergyStorage',1,1,0,0,NULL,NULL),(86,17,'HaveUpgradedTo','Building::ZetiumStorage',1,1,0,0,NULL,NULL),(87,18,'HaveUpgradedTo','Technology::SpaceFactory',1,1,0,0,NULL,NULL),(88,19,'HaveUpgradedTo','Building::SpaceFactory',1,1,0,0,NULL,NULL),(89,31,'HaveUpgradedTo','Unit::Crow',5,1,0,0,NULL,NULL),(90,119,'Destroy','Unit::Dirac',4,1,0,0,NULL,NULL),(91,120,'HaveUpgradedTo','Unit::Mule',1,1,0,0,NULL,NULL),(92,35,'Destroy','Unit::Dirac',14,1,0,0,NULL,NULL),(93,36,'Destroy','Unit::Thor',10,1,0,0,NULL,NULL),(94,37,'Destroy','Unit::Demosis',6,1,0,0,NULL,NULL),(95,20,'HavePlanets','SsObject::Planet',2,NULL,0,0,NULL,NULL),(96,21,'UpgradeTo','Building::Headquarters',1,1,0,0,NULL,NULL),(97,34,'HaveUpgradedTo','Building::Radar',1,1,0,0,NULL,NULL),(98,38,'HavePlanets','SsObject::Planet',3,NULL,0,0,NULL,NULL),(99,39,'HavePlanets','SsObject::Planet',4,NULL,0,0,NULL,NULL),(100,40,'HavePlanets','SsObject::Planet',5,NULL,0,0,NULL,NULL),(101,41,'HavePlanets','SsObject::Planet',6,NULL,0,0,NULL,NULL),(102,42,'HavePlanets','SsObject::Planet',7,NULL,0,0,NULL,NULL),(103,43,'Destroy','Unit::Mule',2,1,0,0,NULL,NULL),(104,44,'Destroy','Unit::Crow',6,1,0,0,NULL,NULL),(105,45,'Destroy','Unit::Cyrix',4,1,0,0,NULL,NULL),(106,46,'Destroy','Unit::Cyrix',10,1,0,0,NULL,NULL),(107,47,'Destroy','Unit::Avenger',6,1,0,0,NULL,NULL),(108,48,'Destroy','Unit::Avenger',15,1,0,0,NULL,NULL),(109,49,'Destroy','Unit::Dart',6,1,0,0,NULL,NULL),(110,50,'Destroy','Unit::Dart',15,1,0,0,NULL,NULL),(111,51,'Destroy','Unit::Rhyno',1,1,0,0,NULL,NULL),(112,52,'Destroy','Unit::Rhyno',4,1,0,0,NULL,NULL),(113,53,'Destroy','Unit::Trooper',10,1,0,0,NULL,NULL),(114,53,'Destroy','Unit::Shocker',5,1,0,0,NULL,NULL),(115,53,'Destroy','Unit::Seeker',8,1,0,0,NULL,NULL),(116,54,'Destroy','Unit::Scorpion',15,1,0,0,NULL,NULL),(117,54,'Destroy','Unit::Azure',5,1,0,0,NULL,NULL),(118,55,'Destroy','Building::Vulcan',2,1,0,0,NULL,NULL),(119,56,'Destroy','Building::Vulcan',6,1,0,0,NULL,NULL),(120,57,'Destroy','Building::Vulcan',10,1,0,0,NULL,NULL),(121,58,'Destroy','Building::Screamer',2,1,0,0,NULL,NULL),(122,59,'Destroy','Building::Screamer',6,1,0,0,NULL,NULL),(123,60,'Destroy','Building::Screamer',10,1,0,0,NULL,NULL),(124,61,'Destroy','Building::Thunder',2,1,0,0,NULL,NULL),(125,62,'Destroy','Building::Thunder',6,1,0,0,NULL,NULL),(126,63,'Destroy','Building::Thunder',10,1,0,0,NULL,NULL),(127,10000,'ExploreBlock','ExploreBlock',50,NULL,0,0,NULL,NULL),(128,10001,'ExploreBlock','ExploreBlock',100,NULL,0,0,NULL,NULL),(129,10002,'ExploreBlock','ExploreBlock',250,NULL,0,0,NULL,NULL),(130,10003,'ExploreBlock','ExploreBlock',500,NULL,0,0,NULL,NULL),(131,10004,'ExploreBlock','ExploreBlock',1000,NULL,0,0,NULL,NULL),(132,10005,'ExploreBlock','ExploreBlock',2500,NULL,0,0,NULL,NULL),(133,10020,'Destroy','Unit',100,1,0,0,NULL,NULL),(134,10021,'Destroy','Unit',250,1,0,0,NULL,NULL),(135,10022,'Destroy','Unit',500,1,0,0,NULL,NULL),(136,10023,'Destroy','Unit',1000,1,0,0,NULL,NULL),(137,10024,'Destroy','Unit',2500,1,0,0,NULL,NULL),(138,10025,'Destroy','Unit',5000,1,0,0,NULL,NULL),(139,10026,'Destroy','Unit',10000,1,0,0,NULL,NULL),(140,10027,'Destroy','Unit',25000,1,0,0,NULL,NULL),(141,10040,'Destroy','Building',10,1,0,0,NULL,NULL),(142,10041,'Destroy','Building',25,1,0,0,NULL,NULL),(143,10042,'Destroy','Building',50,1,0,0,NULL,NULL),(144,10043,'Destroy','Building',100,1,0,0,NULL,NULL),(145,10044,'Destroy','Building',250,1,0,0,NULL,NULL),(146,10045,'Destroy','Building',500,1,0,0,NULL,NULL),(147,10060,'SelfDestruct','Building',5,NULL,0,0,NULL,NULL),(148,10061,'SelfDestruct','Building',10,NULL,0,0,NULL,NULL),(149,10062,'SelfDestruct','Building',25,NULL,0,0,NULL,NULL),(150,10063,'SelfDestruct','Building',50,NULL,0,0,NULL,NULL),(151,10064,'SelfDestruct','Building',75,NULL,0,0,NULL,NULL),(152,10065,'SelfDestruct','Building',100,NULL,0,0,NULL,NULL),(153,10080,'AccelerateFlight','',5,NULL,0,0,NULL,NULL),(154,10081,'AccelerateFlight','',10,NULL,0,0,NULL,NULL),(155,10082,'AccelerateFlight','',25,NULL,0,0,NULL,NULL),(156,10083,'AccelerateFlight','',50,NULL,0,0,NULL,NULL),(157,10084,'AccelerateFlight','',75,NULL,0,0,NULL,NULL),(158,10085,'AccelerateFlight','',100,NULL,0,0,NULL,NULL),(159,10100,'UpgradeTo','Unit',100,1,0,0,NULL,NULL),(160,10101,'UpgradeTo','Unit',250,1,0,0,NULL,NULL),(161,10102,'UpgradeTo','Unit',500,1,0,0,NULL,NULL),(162,10103,'UpgradeTo','Unit',1000,1,0,0,NULL,NULL),(163,10104,'UpgradeTo','Unit',2500,1,0,0,NULL,NULL),(164,10105,'UpgradeTo','Unit',5000,1,0,0,NULL,NULL),(165,10106,'UpgradeTo','Unit',10000,1,0,0,NULL,NULL),(166,10120,'UpgradeTo','Building',50,1,0,0,NULL,NULL),(167,10121,'UpgradeTo','Building',100,1,0,0,NULL,NULL),(168,10122,'UpgradeTo','Building',200,1,0,0,NULL,NULL),(169,10123,'UpgradeTo','Building',500,1,0,0,NULL,NULL),(170,10124,'UpgradeTo','Building',1000,1,0,0,NULL,NULL),(171,10140,'HaveUpgradedTo','Technology',5,1,0,0,NULL,NULL),(172,10141,'HaveUpgradedTo','Technology',10,1,0,0,NULL,NULL),(173,10142,'HaveUpgradedTo','Technology',15,1,0,0,NULL,NULL),(174,10143,'HaveUpgradedTo','Technology',20,1,0,0,NULL,NULL),(175,10144,'HaveUpgradedTo','Technology',25,1,0,0,NULL,NULL),(176,10160,'Accelerate','Unit',5,NULL,0,0,NULL,NULL),(177,10161,'Accelerate','Unit',15,NULL,0,0,NULL,NULL),(178,10162,'Accelerate','Unit',25,NULL,0,0,NULL,NULL),(179,10163,'Accelerate','Unit',50,NULL,0,0,NULL,NULL),(180,10164,'Accelerate','Unit',100,NULL,0,0,NULL,NULL),(181,10165,'Accelerate','Unit',150,NULL,0,0,NULL,NULL),(182,10166,'Accelerate','Unit',200,NULL,0,0,NULL,NULL),(183,10180,'Accelerate','Building',5,NULL,0,0,NULL,NULL),(184,10181,'Accelerate','Building',15,NULL,0,0,NULL,NULL),(185,10182,'Accelerate','Building',25,NULL,0,0,NULL,NULL),(186,10183,'Accelerate','Building',50,NULL,0,0,NULL,NULL),(187,10184,'Accelerate','Building',100,NULL,0,0,NULL,NULL),(188,10185,'Accelerate','Building',150,NULL,0,0,NULL,NULL),(189,10186,'Accelerate','Building',200,NULL,0,0,NULL,NULL),(190,10200,'Accelerate','Technology',5,NULL,0,0,NULL,NULL),(191,10201,'Accelerate','Technology',10,NULL,0,0,NULL,NULL),(192,10202,'Accelerate','Technology',15,NULL,0,0,NULL,NULL),(193,10203,'Accelerate','Technology',20,NULL,0,0,NULL,NULL),(194,10204,'Accelerate','Technology',25,NULL,0,0,NULL,NULL),(195,10220,'BecomeVip','Vip',4,1,0,0,NULL,NULL),(196,10221,'BecomeVip','Vip',8,1,0,0,NULL,NULL),(197,10222,'BecomeVip','Vip',12,1,0,0,NULL,NULL),(198,10223,'BecomeVip','Vip',16,1,0,0,NULL,NULL),(199,10224,'BecomeVip','Vip',20,1,0,0,NULL,NULL),(200,10240,'BecomeVip','Vip',2,2,0,0,NULL,NULL),(201,10241,'BecomeVip','Vip',4,2,0,0,NULL,NULL),(202,10242,'BecomeVip','Vip',6,2,0,0,NULL,NULL),(203,10243,'BecomeVip','Vip',8,2,0,0,NULL,NULL),(204,10244,'BecomeVip','Vip',10,2,0,0,NULL,NULL),(205,10260,'BecomeVip','Vip',1,3,0,0,NULL,NULL),(206,10261,'BecomeVip','Vip',2,3,0,0,NULL,NULL),(207,10262,'BecomeVip','Vip',3,3,0,0,NULL,NULL),(208,10263,'BecomeVip','Vip',4,3,0,0,NULL,NULL),(209,10264,'BecomeVip','Vip',5,3,0,0,NULL,NULL),(210,10280,'UpgradeTo','Building::Radar',1,1,0,0,NULL,NULL),(211,10281,'UpgradeTo','Building::Radar',2,1,0,0,NULL,NULL),(212,10282,'UpgradeTo','Building::Radar',3,1,0,0,NULL,NULL),(213,10283,'UpgradeTo','Building::Radar',4,1,0,0,NULL,NULL),(214,10284,'UpgradeTo','Building::Radar',5,1,0,0,NULL,NULL),(215,10290,'UpgradeTo','Building::Radar',1,2,0,0,NULL,NULL),(216,10291,'UpgradeTo','Building::Radar',2,2,0,0,NULL,NULL),(217,10292,'UpgradeTo','Building::Radar',3,2,0,0,NULL,NULL),(218,10300,'CompleteQuests','',25,NULL,0,0,NULL,NULL),(219,10301,'CompleteQuests','',50,NULL,0,0,NULL,NULL),(220,10302,'CompleteQuests','',100,NULL,0,0,NULL,NULL),(221,10320,'CompleteAchievements','',25,NULL,0,0,NULL,NULL),(222,10321,'CompleteAchievements','',50,NULL,0,0,NULL,NULL),(223,10322,'CompleteAchievements','',100,NULL,0,0,NULL,NULL),(224,10340,'Battle','',50,NULL,0,0,NULL,0),(225,10341,'Battle','',100,NULL,0,0,NULL,0),(226,10342,'Battle','',150,NULL,0,0,NULL,0),(227,10343,'Battle','',200,NULL,0,0,NULL,0),(228,10344,'Battle','',500,NULL,0,0,NULL,0),(229,10360,'Battle','',50,NULL,0,0,NULL,1),(230,10361,'Battle','',100,NULL,0,0,NULL,1),(231,10362,'Battle','',150,NULL,0,0,NULL,1),(232,10363,'Battle','',200,NULL,0,0,NULL,1),(233,10364,'Battle','',500,NULL,0,0,NULL,1),(234,10380,'MoveBuilding','Building',5,NULL,0,0,NULL,NULL),(235,10381,'MoveBuilding','Building',10,NULL,0,0,NULL,NULL),(236,10382,'MoveBuilding','Building',25,NULL,0,0,NULL,NULL),(237,10383,'MoveBuilding','Building',50,NULL,0,0,NULL,NULL),(238,10384,'MoveBuilding','Building',75,NULL,0,0,NULL,NULL),(239,10385,'MoveBuilding','Building',100,NULL,0,0,NULL,NULL),(240,10400,'HealHp','',25000,NULL,0,0,NULL,NULL),(241,10401,'HealHp','',50000,NULL,0,0,NULL,NULL),(242,10402,'HealHp','',100000,NULL,0,0,NULL,NULL),(243,10403,'HealHp','',250000,NULL,0,0,NULL,NULL),(244,10404,'HealHp','',500000,NULL,0,0,NULL,NULL),(245,10405,'HealHp','',1000000,NULL,0,0,NULL,NULL),(246,10406,'HealHp','',2000000,NULL,0,0,NULL,NULL);
/*!40000 ALTER TABLE `objectives` ENABLE KEYS */;
UNLOCK TABLES;

--
-- Table structure for table `players`
--

DROP TABLE IF EXISTS `players`;
/*!40101 SET @saved_cs_client     = @@character_set_client */;
/*!40101 SET character_set_client = utf8 */;
CREATE TABLE `players` (
  `id` int(11) NOT NULL AUTO_INCREMENT,
  `galaxy_id` int(11) DEFAULT NULL,
  `auth_token` char(64) NOT NULL,
  `name` varchar(64) NOT NULL,
  `scientists` int(10) unsigned NOT NULL DEFAULT '0',
  `scientists_total` int(10) unsigned NOT NULL DEFAULT '0',
  `alliance_id` int(11) DEFAULT NULL,
  `xp` int(10) unsigned NOT NULL DEFAULT '0',
  `war_points` int(10) unsigned NOT NULL DEFAULT '0',
  `first_time` tinyint(1) NOT NULL DEFAULT '1',
  `army_points` int(10) unsigned NOT NULL DEFAULT '0',
  `science_points` int(10) unsigned NOT NULL DEFAULT '0',
  `economy_points` int(10) unsigned NOT NULL DEFAULT '0',
  `planets_count` tinyint(2) unsigned NOT NULL,
  `last_login` datetime DEFAULT NULL,
  `victory_points` mediumint(8) unsigned NOT NULL DEFAULT '0',
  `language` char(2) NOT NULL DEFAULT 'en',
  `population` mediumint(8) unsigned NOT NULL DEFAULT '0',
  `population_cap` mediumint(8) unsigned NOT NULL,
  `alliance_cooldown_ends_at` datetime DEFAULT NULL,
  `vip_level` tinyint(2) unsigned NOT NULL DEFAULT '0',
  `vip_creds` int(10) unsigned NOT NULL DEFAULT '0',
  `vip_until` datetime DEFAULT NULL,
  `vip_creds_until` datetime DEFAULT NULL,
  `daily_bonus_at` datetime DEFAULT NULL,
  `alliance_vps` int(10) unsigned NOT NULL DEFAULT '0',
  `pure_creds` int(10) unsigned NOT NULL DEFAULT '0',
  `free_creds` int(10) unsigned NOT NULL DEFAULT '0',
  `vip_free` tinyint(1) DEFAULT '0',
  PRIMARY KEY (`id`),
  UNIQUE KEY `authentication` (`galaxy_id`,`auth_token`),
  KEY `index_players_on_alliance_id` (`alliance_id`),
  KEY `last_login` (`last_login`),
  CONSTRAINT `players_ibfk_1` FOREIGN KEY (`galaxy_id`) REFERENCES `galaxies` (`id`) ON DELETE CASCADE,
  CONSTRAINT `players_ibfk_2` FOREIGN KEY (`alliance_id`) REFERENCES `alliances` (`id`) ON DELETE SET NULL
) ENGINE=InnoDB AUTO_INCREMENT=2 DEFAULT CHARSET=utf8;
/*!40101 SET character_set_client = @saved_cs_client */;

--
-- Dumping data for table `players`
--

LOCK TABLES `players` WRITE;
/*!40000 ALTER TABLE `players` DISABLE KEYS */;
INSERT INTO `players` VALUES (1,1,'0000000000000000000000000000000000000000000000000000000000000000','Test Player',18,18,NULL,0,0,1,0,0,0,1,NULL,0,'en',0,110,NULL,0,0,NULL,NULL,NULL,0,0,0,0);
/*!40000 ALTER TABLE `players` ENABLE KEYS */;
UNLOCK TABLES;

--
-- Table structure for table `quest_progresses`
--

DROP TABLE IF EXISTS `quest_progresses`;
/*!40101 SET @saved_cs_client     = @@character_set_client */;
/*!40101 SET character_set_client = utf8 */;
CREATE TABLE `quest_progresses` (
  `id` int(11) NOT NULL AUTO_INCREMENT,
  `quest_id` int(11) NOT NULL,
  `player_id` int(11) NOT NULL,
  `status` tinyint(2) unsigned NOT NULL,
  `completed` tinyint(2) unsigned NOT NULL DEFAULT '0',
  PRIMARY KEY (`id`),
  UNIQUE KEY `on_objective_complete` (`quest_id`,`player_id`),
  KEY `listing` (`player_id`,`status`),
  CONSTRAINT `quest_progresses_ibfk_2` FOREIGN KEY (`player_id`) REFERENCES `players` (`id`) ON DELETE CASCADE,
  CONSTRAINT `quest_progresses_ibfk_1` FOREIGN KEY (`quest_id`) REFERENCES `quests` (`id`) ON DELETE CASCADE
) ENGINE=InnoDB AUTO_INCREMENT=122 DEFAULT CHARSET=utf8;
/*!40101 SET character_set_client = @saved_cs_client */;

--
-- Dumping data for table `quest_progresses`
--

LOCK TABLES `quest_progresses` WRITE;
/*!40000 ALTER TABLE `quest_progresses` DISABLE KEYS */;
INSERT INTO `quest_progresses` VALUES (1,1,1,0,0),(2,10000,1,0,0),(3,10001,1,0,0),(4,10002,1,0,0),(5,10003,1,0,0),(6,10004,1,0,0),(7,10005,1,0,0),(8,10020,1,0,0),(9,10021,1,0,0),(10,10022,1,0,0),(11,10023,1,0,0),(12,10024,1,0,0),(13,10025,1,0,0),(14,10026,1,0,0),(15,10027,1,0,0),(16,10040,1,0,0),(17,10041,1,0,0),(18,10042,1,0,0),(19,10043,1,0,0),(20,10044,1,0,0),(21,10045,1,0,0),(22,10060,1,0,0),(23,10061,1,0,0),(24,10062,1,0,0),(25,10063,1,0,0),(26,10064,1,0,0),(27,10065,1,0,0),(28,10080,1,0,0),(29,10081,1,0,0),(30,10082,1,0,0),(31,10083,1,0,0),(32,10084,1,0,0),(33,10085,1,0,0),(34,10100,1,0,0),(35,10101,1,0,0),(36,10102,1,0,0),(37,10103,1,0,0),(38,10104,1,0,0),(39,10105,1,0,0),(40,10106,1,0,0),(41,10120,1,0,0),(42,10121,1,0,0),(43,10122,1,0,0),(44,10123,1,0,0),(45,10124,1,0,0),(46,10140,1,0,0),(47,10141,1,0,0),(48,10142,1,0,0),(49,10143,1,0,0),(50,10144,1,0,0),(51,10160,1,0,0),(52,10161,1,0,0),(53,10162,1,0,0),(54,10163,1,0,0),(55,10164,1,0,0),(56,10165,1,0,0),(57,10166,1,0,0),(58,10180,1,0,0),(59,10181,1,0,0),(60,10182,1,0,0),(61,10183,1,0,0),(62,10184,1,0,0),(63,10185,1,0,0),(64,10186,1,0,0),(65,10200,1,0,0),(66,10201,1,0,0),(67,10202,1,0,0),(68,10203,1,0,0),(69,10204,1,0,0),(70,10220,1,0,0),(71,10221,1,0,0),(72,10222,1,0,0),(73,10223,1,0,0),(74,10224,1,0,0),(75,10240,1,0,0),(76,10241,1,0,0),(77,10242,1,0,0),(78,10243,1,0,0),(79,10244,1,0,0),(80,10260,1,0,0),(81,10261,1,0,0),(82,10262,1,0,0),(83,10263,1,0,0),(84,10264,1,0,0),(85,10280,1,0,0),(86,10281,1,0,0),(87,10282,1,0,0),(88,10283,1,0,0),(89,10284,1,0,0),(90,10290,1,0,0),(91,10291,1,0,0),(92,10292,1,0,0),(93,10300,1,0,0),(94,10301,1,0,0),(95,10302,1,0,0),(96,10320,1,0,0),(97,10321,1,0,0),(98,10322,1,0,0),(99,10340,1,0,0),(100,10341,1,0,0),(101,10342,1,0,0),(102,10343,1,0,0),(103,10344,1,0,0),(104,10360,1,0,0),(105,10361,1,0,0),(106,10362,1,0,0),(107,10363,1,0,0),(108,10364,1,0,0),(109,10380,1,0,0),(110,10381,1,0,0),(111,10382,1,0,0),(112,10383,1,0,0),(113,10384,1,0,0),(114,10385,1,0,0),(115,10400,1,0,0),(116,10401,1,0,0),(117,10402,1,0,0),(118,10403,1,0,0),(119,10404,1,0,0),(120,10405,1,0,0),(121,10406,1,0,0);
/*!40000 ALTER TABLE `quest_progresses` ENABLE KEYS */;
UNLOCK TABLES;

--
-- Table structure for table `quests`
--

DROP TABLE IF EXISTS `quests`;
/*!40101 SET @saved_cs_client     = @@character_set_client */;
/*!40101 SET character_set_client = utf8 */;
CREATE TABLE `quests` (
  `id` int(11) NOT NULL AUTO_INCREMENT,
  `parent_id` int(11) DEFAULT NULL,
  `rewards` text,
  `help_url_id` varchar(255) DEFAULT NULL,
  `achievement` tinyint(1) NOT NULL DEFAULT '0',
  PRIMARY KEY (`id`),
  KEY `child quests` (`parent_id`),
  KEY `index_quests_on_achievement` (`achievement`),
  CONSTRAINT `quests_ibfk_1` FOREIGN KEY (`parent_id`) REFERENCES `quests` (`id`) ON DELETE CASCADE
) ENGINE=InnoDB AUTO_INCREMENT=10407 DEFAULT CHARSET=utf8;
/*!40101 SET character_set_client = @saved_cs_client */;

--
-- Dumping data for table `quests`
--

LOCK TABLES `quests` WRITE;
/*!40000 ALTER TABLE `quests` DISABLE KEYS */;
INSERT INTO `quests` VALUES (1,NULL,'{\"metal\":25.2,\"energy\":96.0}','buildings',0),(2,1,'{\"metal\":69.3,\"energy\":140.8}','metal',0),(3,2,'{\"metal\":4068.0,\"energy\":8136.0}',NULL,0),(4,3,'{\"metal\":412.5,\"energy\":920.7}','upgrading',0),(5,4,'{\"metal\":199.8,\"zetium\":5.4,\"points\":4000}',NULL,0),(6,3,'{\"units\":[{\"type\":\"Trooper\",\"level\":1,\"count\":4,\"hp\":100}],\"metal\":1423.8,\"energy\":2847.6,\"zetium\":8.28}',NULL,0),(7,6,'{\"metal\":1084.8,\"energy\":2169.6,\"zetium\":8.28}','building-units',0),(8,6,'{\"units\":[{\"type\":\"Trooper\",\"level\":2,\"count\":2,\"hp\":50},{\"type\":\"Trooper\",\"level\":3,\"count\":1,\"hp\":30}],\"metal\":7461.3,\"energy\":16538.5,\"zetium\":2600.4,\"creds\":7500}','attacking',0),(9,32,'{\"metal\":862.8,\"energy\":4101.6,\"zetium\":8.28,\"points\":2000}',NULL,0),(10,8,'{\"metal\":1725.6,\"energy\":2461.2,\"zetium\":8.28,\"points\":2000}',NULL,0),(11,8,'{\"units\":[{\"type\":\"Trooper\",\"level\":1,\"count\":4,\"hp\":100},{\"type\":\"Seeker\",\"level\":1,\"count\":2,\"hp\":100}],\"metal\":2779.8,\"energy\":5559.6}',NULL,0),(12,11,'{\"metal\":2060.0,\"energy\":4120.0,\"points\":2000}','technologies',0),(13,12,'{\"metal\":2074.8,\"energy\":4148.65,\"zetium\":45.6,\"points\":2000}',NULL,0),(14,11,'{\"metal\":297.6,\"energy\":907.2}',NULL,0),(15,14,'{\"metal\":3590.2,\"energy\":3287.0,\"zetium\":284.4}',NULL,0),(16,15,'{\"units\":[{\"type\":\"Trooper\",\"level\":3,\"count\":1,\"hp\":100},{\"type\":\"Seeker\",\"level\":2,\"count\":1,\"hp\":100},{\"type\":\"Shocker\",\"level\":1,\"count\":2,\"hp\":100}]}',NULL,0),(17,15,'{\"metal\":9225.6,\"energy\":12915.6,\"zetium\":646.8}',NULL,0),(18,17,'{\"metal\":15375.2,\"energy\":21525.6,\"zetium\":1076.8}',NULL,0),(19,18,'{\"units\":[{\"type\":\"Crow\",\"level\":1,\"count\":2,\"hp\":100}],\"metal\":16144.8,\"energy\":22604.4,\"zetium\":1134.0}',NULL,0),(20,119,'{\"units\":[{\"type\":\"Mule\",\"level\":1,\"count\":1,\"hp\":100},{\"type\":\"Mdh\",\"level\":1,\"count\":1,\"hp\":100}]}','colonization',0),(21,20,'{\"metal\":2317.1712,\"energy\":5121.4752,\"zetium\":235.9962}',NULL,0),(22,3,'{\"points\":200,\"units\":[{\"type\":\"Gnat\",\"level\":1,\"count\":1,\"hp\":25}]}','exploring',0),(23,22,'{\"points\":1000,\"units\":[{\"type\":\"Glancer\",\"level\":1,\"count\":1,\"hp\":60}]}',NULL,0),(24,11,'{\"points\":800,\"units\":[{\"type\":\"Gnat\",\"level\":1,\"count\":2,\"hp\":25},{\"type\":\"Gnat\",\"level\":1,\"count\":2,\"hp\":20},{\"type\":\"Gnat\",\"level\":1,\"count\":2,\"hp\":15},{\"type\":\"Gnat\",\"level\":1,\"count\":2,\"hp\":10}]}',NULL,0),(25,24,'{\"points\":800,\"units\":[{\"type\":\"Glancer\",\"level\":1,\"count\":2,\"hp\":80}]}',NULL,0),(26,25,'{\"points\":1600,\"units\":[{\"type\":\"Spudder\",\"level\":1,\"count\":1,\"hp\":96}]}',NULL,0),(27,11,'{\"metal\":2970.0,\"energy\":9072.0}','zetium',0),(28,16,'{\"units\":[{\"type\":\"Scorpion\",\"level\":2,\"count\":1,\"hp\":70},{\"type\":\"Azure\",\"level\":1,\"count\":1,\"hp\":100}]}',NULL,0),(29,28,'{\"units\":[{\"type\":\"Cyrix\",\"level\":2,\"count\":1,\"hp\":60},{\"type\":\"Crow\",\"level\":1,\"count\":2,\"hp\":100}]}',NULL,0),(30,29,'{\"units\":[{\"type\":\"Avenger\",\"level\":1,\"count\":1,\"hp\":100},{\"type\":\"Dart\",\"level\":1,\"count\":1,\"hp\":100}]}',NULL,0),(31,19,'{\"metal\":26908,\"energy\":37674,\"zetium\":1890}',NULL,0),(32,8,'{\"metal\":150.0,\"energy\":627.6,\"points\":2000}',NULL,0),(33,30,'{\"units\":[{\"type\":\"Rhyno\",\"level\":1,\"count\":1,\"hp\":100},{\"type\":\"Cyrix\",\"level\":3,\"count\":2,\"hp\":100}]}',NULL,0),(34,21,'{\"metal\":1931.2,\"energy\":21357.92,\"zetium\":262.4}','radar',0),(35,119,'{\"units\":[{\"type\":\"Dart\",\"level\":1,\"count\":2,\"hp\":100}]}',NULL,0),(36,35,'{\"units\":[{\"type\":\"Avenger\",\"level\":1,\"count\":2,\"hp\":100}]}',NULL,0),(37,36,'{\"units\":[{\"type\":\"Rhyno\",\"level\":1,\"count\":1,\"hp\":100}]}',NULL,0),(38,34,'{\"units\":[{\"type\":\"Trooper\",\"level\":2,\"count\":10,\"hp\":100},{\"type\":\"Seeker\",\"level\":2,\"count\":5,\"hp\":100},{\"type\":\"Scorpion\",\"level\":2,\"count\":2,\"hp\":100}]}',NULL,0),(39,38,'{\"units\":[{\"type\":\"Trooper\",\"level\":2,\"count\":15,\"hp\":100},{\"type\":\"Shocker\",\"level\":2,\"count\":8,\"hp\":100},{\"type\":\"Seeker\",\"level\":2,\"count\":3,\"hp\":100},{\"type\":\"Scorpion\",\"level\":2,\"count\":2,\"hp\":100}]}',NULL,0),(40,39,'{\"units\":[{\"type\":\"Shocker\",\"level\":2,\"count\":8,\"hp\":100},{\"type\":\"Seeker\",\"level\":2,\"count\":5,\"hp\":100},{\"type\":\"Scorpion\",\"level\":2,\"count\":5,\"hp\":100},{\"type\":\"Azure\",\"level\":2,\"count\":3,\"hp\":100}]}',NULL,0),(41,40,'{\"units\":[{\"type\":\"Shocker\",\"level\":2,\"count\":10,\"hp\":100},{\"type\":\"Seeker\",\"level\":2,\"count\":8,\"hp\":100},{\"type\":\"Scorpion\",\"level\":2,\"count\":7,\"hp\":100},{\"type\":\"Azure\",\"level\":2,\"count\":3,\"hp\":100},{\"type\":\"Cyrix\",\"level\":2,\"count\":5,\"hp\":100},{\"type\":\"Dart\",\"level\":2,\"count\":3,\"hp\":100}]}',NULL,0),(42,41,'{\"units\":[{\"type\":\"Shocker\",\"level\":2,\"count\":15,\"hp\":100},{\"type\":\"Seeker\",\"level\":2,\"count\":10,\"hp\":100},{\"type\":\"Scorpion\",\"level\":2,\"count\":10,\"hp\":100},{\"type\":\"Azure\",\"level\":2,\"count\":5,\"hp\":100},{\"type\":\"Cyrix\",\"level\":2,\"count\":10,\"hp\":100},{\"type\":\"Avenger\",\"level\":2,\"count\":5,\"hp\":100},{\"type\":\"Dart\",\"level\":2,\"count\":5,\"hp\":100}]}',NULL,0),(43,34,'{\"units\":[{\"type\":\"Mule\",\"level\":5,\"count\":1,\"hp\":100}]}',NULL,0),(44,43,'{\"units\":[{\"type\":\"Crow\",\"level\":5,\"count\":1,\"hp\":100}]}',NULL,0),(45,44,'{\"units\":[{\"type\":\"Cyrix\",\"level\":3,\"count\":1,\"hp\":100}]}',NULL,0),(46,45,'{\"units\":[{\"type\":\"Cyrix\",\"level\":5,\"count\":1,\"hp\":100}]}',NULL,0),(47,46,'{\"units\":[{\"type\":\"Avenger\",\"level\":5,\"count\":1,\"hp\":100}]}',NULL,0),(48,47,'{\"units\":[{\"type\":\"Avenger\",\"level\":5,\"count\":3,\"hp\":100}]}',NULL,0),(49,46,'{\"units\":[{\"type\":\"Dart\",\"level\":5,\"count\":1,\"hp\":100}]}',NULL,0),(50,49,'{\"units\":[{\"type\":\"Dart\",\"level\":5,\"count\":3,\"hp\":100}]}',NULL,0),(51,46,'{\"units\":[{\"type\":\"Avenger\",\"level\":8,\"count\":1,\"hp\":100}]}',NULL,0),(52,51,'{\"units\":[{\"type\":\"Rhyno\",\"level\":3,\"count\":1,\"hp\":100}]}',NULL,0),(53,34,'{\"units\":[{\"type\":\"Scorpion\",\"level\":5,\"count\":1,\"hp\":100}]}',NULL,0),(54,53,'{\"units\":[{\"type\":\"Azure\",\"level\":6,\"count\":1,\"hp\":100}]}',NULL,0),(55,54,'{\"units\":[{\"type\":\"Trooper\",\"level\":5,\"count\":3,\"hp\":100},{\"type\":\"Seeker\",\"level\":5,\"count\":3,\"hp\":100},{\"type\":\"Shocker\",\"level\":7,\"count\":1,\"hp\":100}]}',NULL,0),(56,55,'{\"units\":[{\"type\":\"Trooper\",\"level\":5,\"count\":4,\"hp\":100},{\"type\":\"Seeker\",\"level\":5,\"count\":4,\"hp\":100},{\"type\":\"Shocker\",\"level\":7,\"count\":2,\"hp\":100}]}',NULL,0),(57,56,'{\"units\":[{\"type\":\"Trooper\",\"level\":5,\"count\":5,\"hp\":100},{\"type\":\"Seeker\",\"level\":5,\"count\":5,\"hp\":100},{\"type\":\"Shocker\",\"level\":7,\"count\":3,\"hp\":100}]}',NULL,0),(58,54,'{\"units\":[{\"type\":\"Scorpion\",\"level\":6,\"count\":1,\"hp\":100},{\"type\":\"Azure\",\"level\":6,\"count\":1,\"hp\":100}]}',NULL,0),(59,58,'{\"units\":[{\"type\":\"Scorpion\",\"level\":6,\"count\":2,\"hp\":100},{\"type\":\"Azure\",\"level\":6,\"count\":2,\"hp\":100}]}',NULL,0),(60,59,'{\"units\":[{\"type\":\"Scorpion\",\"level\":6,\"count\":3,\"hp\":100},{\"type\":\"Azure\",\"level\":6,\"count\":3,\"hp\":100}]}',NULL,0),(61,54,'{\"units\":[{\"type\":\"Cyrix\",\"level\":5,\"count\":2,\"hp\":100}]}',NULL,0),(62,61,'{\"units\":[{\"type\":\"Cyrix\",\"level\":5,\"count\":4,\"hp\":100}]}',NULL,0),(63,62,'{\"units\":[{\"type\":\"Cyrix\",\"level\":5,\"count\":6,\"hp\":100}]}',NULL,0),(64,33,'{\"units\":[{\"type\":\"Rhyno\",\"level\":7,\"count\":1,\"hp\":100}]}',NULL,0),(66,27,'{\"metal\":600,\"energy\":1800,\"zetium\":105}',NULL,0),(67,66,'{\"metal\":1040,\"energy\":3120,\"zetium\":182}',NULL,0),(68,67,'{\"metal\":1760,\"energy\":5280,\"zetium\":308}',NULL,0),(69,68,'{\"metal\":2960,\"energy\":8880,\"zetium\":518}',NULL,0),(70,69,'{\"metal\":6000,\"energy\":18000,\"zetium\":1050}',NULL,0),(71,70,'{\"metal\":10200,\"energy\":30600,\"zetium\":1785}',NULL,0),(72,11,'{\"scientists\":10}',NULL,0),(73,72,'{\"scientists\":20}',NULL,0),(74,73,'{\"scientists\":30}',NULL,0),(75,74,'{\"scientists\":40}',NULL,0),(76,75,'{\"scientists\":60}',NULL,0),(77,76,'{\"scientists\":80}',NULL,0),(78,77,'{\"scientists\":100}',NULL,0),(79,78,'{\"scientists\":150}',NULL,0),(80,7,'{\"units\":[{\"type\":\"Trooper\",\"level\":3,\"count\":2,\"hp\":100}]}',NULL,0),(81,80,'{\"units\":[{\"type\":\"Trooper\",\"level\":3,\"count\":2,\"hp\":100}]}',NULL,0),(82,81,'{\"units\":[{\"type\":\"Trooper\",\"level\":3,\"count\":2,\"hp\":100},{\"type\":\"Seeker\",\"level\":3,\"count\":1,\"hp\":100}]}',NULL,0),(83,82,'{\"units\":[{\"type\":\"Trooper\",\"level\":3,\"count\":4,\"hp\":100},{\"type\":\"Seeker\",\"level\":3,\"count\":1,\"hp\":100}]}',NULL,0),(84,83,'{\"units\":[{\"type\":\"Scorpion\",\"level\":3,\"count\":1,\"hp\":100}]}',NULL,0),(85,84,'{\"units\":[{\"type\":\"Scorpion\",\"level\":3,\"count\":1,\"hp\":100}]}',NULL,0),(86,85,'{\"units\":[{\"type\":\"Crow\",\"level\":2,\"count\":1,\"hp\":100}]}',NULL,0),(87,86,'{\"units\":[{\"type\":\"Cyrix\",\"level\":3,\"count\":1,\"hp\":100}]}',NULL,0),(88,87,'{\"units\":[{\"type\":\"Cyrix\",\"level\":3,\"count\":1,\"hp\":100},{\"type\":\"Scorpion\",\"level\":3,\"count\":1,\"hp\":100}]}',NULL,0),(89,88,'{\"units\":[{\"type\":\"Cyrix\",\"level\":3,\"count\":2,\"hp\":100}]}',NULL,0),(90,89,'{\"units\":[{\"type\":\"Cyrix\",\"level\":3,\"count\":3,\"hp\":100}]}',NULL,0),(91,90,'{\"units\":[{\"type\":\"Rhyno\",\"level\":3,\"count\":1,\"hp\":100}]}',NULL,0),(92,91,'{\"units\":[{\"type\":\"Rhyno\",\"level\":3,\"count\":1,\"hp\":100},{\"type\":\"Cyrix\",\"level\":3,\"count\":1,\"hp\":100},{\"type\":\"Scorpion\",\"level\":3,\"count\":1,\"hp\":100}]}',NULL,0),(93,92,'{\"units\":[{\"type\":\"Rhyno\",\"level\":3,\"count\":1,\"hp\":100},{\"type\":\"Cyrix\",\"level\":3,\"count\":3,\"hp\":100},{\"type\":\"Crow\",\"level\":2,\"count\":1,\"hp\":100}]}',NULL,0),(94,93,'{\"units\":[{\"type\":\"Rhyno\",\"level\":3,\"count\":1,\"hp\":100},{\"type\":\"Cyrix\",\"level\":3,\"count\":3,\"hp\":100},{\"type\":\"Crow\",\"level\":2,\"count\":3,\"hp\":100},{\"type\":\"Avenger\",\"level\":3,\"count\":1,\"hp\":100}]}',NULL,0),(95,71,'{\"metal\":18000,\"energy\":54000,\"zetium\":3150}',NULL,0),(96,95,'{\"metal\":25200,\"energy\":75600,\"zetium\":4410}',NULL,0),(97,96,'{\"metal\":35280,\"energy\":105840,\"zetium\":6174}',NULL,0),(98,97,'{\"metal\":49400,\"energy\":148200,\"zetium\":8645}',NULL,0),(99,98,'{\"metal\":69160,\"energy\":207480,\"zetium\":12103}',NULL,0),(100,99,'{\"metal\":96840,\"energy\":290520,\"zetium\":16947}',NULL,0),(101,100,'{\"metal\":135560,\"energy\":406680,\"zetium\":23723}',NULL,0),(102,101,'{\"metal\":189760,\"energy\":569280,\"zetium\":33208}',NULL,0),(106,94,'{\"units\":[{\"type\":\"Rhyno\",\"level\":3,\"count\":1,\"hp\":100},{\"type\":\"Cyrix\",\"level\":3,\"count\":3,\"hp\":100},{\"type\":\"Crow\",\"level\":2,\"count\":3,\"hp\":100},{\"type\":\"Dart\",\"level\":3,\"count\":1,\"hp\":100},{\"type\":\"Avenger\",\"level\":3,\"count\":1,\"hp\":100}]}',NULL,0),(107,106,'{\"units\":[{\"type\":\"Rhyno\",\"level\":3,\"count\":1,\"hp\":100},{\"type\":\"Cyrix\",\"level\":3,\"count\":3,\"hp\":100},{\"type\":\"Crow\",\"level\":2,\"count\":3,\"hp\":100},{\"type\":\"Dart\",\"level\":3,\"count\":2,\"hp\":100},{\"type\":\"Avenger\",\"level\":3,\"count\":1,\"hp\":100}]}',NULL,0),(108,107,'{\"units\":[{\"type\":\"Rhyno\",\"level\":3,\"count\":1,\"hp\":100},{\"type\":\"Cyrix\",\"level\":3,\"count\":4,\"hp\":100},{\"type\":\"Crow\",\"level\":2,\"count\":3,\"hp\":100},{\"type\":\"Dart\",\"level\":3,\"count\":2,\"hp\":100},{\"type\":\"Avenger\",\"level\":3,\"count\":2,\"hp\":100}]}',NULL,0),(109,108,'{\"units\":[{\"type\":\"Rhyno\",\"level\":3,\"count\":1,\"hp\":100},{\"type\":\"Cyrix\",\"level\":3,\"count\":6,\"hp\":100},{\"type\":\"Crow\",\"level\":2,\"count\":4,\"hp\":100},{\"type\":\"Dart\",\"level\":3,\"count\":2,\"hp\":100},{\"type\":\"Avenger\",\"level\":3,\"count\":2,\"hp\":100}]}',NULL,0),(110,109,'{\"units\":[{\"type\":\"Rhyno\",\"level\":3,\"count\":2,\"hp\":100},{\"type\":\"Cyrix\",\"level\":3,\"count\":5,\"hp\":100},{\"type\":\"Crow\",\"level\":2,\"count\":3,\"hp\":100},{\"type\":\"Dart\",\"level\":3,\"count\":2,\"hp\":100},{\"type\":\"Avenger\",\"level\":3,\"count\":2,\"hp\":100}]}',NULL,0),(111,110,'{\"units\":[{\"type\":\"Rhyno\",\"level\":3,\"count\":2,\"hp\":100},{\"type\":\"Cyrix\",\"level\":3,\"count\":6,\"hp\":100},{\"type\":\"Crow\",\"level\":2,\"count\":7,\"hp\":100},{\"type\":\"Dart\",\"level\":3,\"count\":2,\"hp\":100},{\"type\":\"Avenger\",\"level\":3,\"count\":2,\"hp\":100}]}',NULL,0),(112,111,'{\"units\":[{\"type\":\"Rhyno\",\"level\":3,\"count\":2,\"hp\":100},{\"type\":\"Cyrix\",\"level\":3,\"count\":6,\"hp\":100},{\"type\":\"Crow\",\"level\":2,\"count\":6,\"hp\":100},{\"type\":\"Dart\",\"level\":3,\"count\":3,\"hp\":100},{\"type\":\"Avenger\",\"level\":3,\"count\":4,\"hp\":100}]}',NULL,0),(113,112,'{\"units\":[{\"type\":\"Rhyno\",\"level\":3,\"count\":2,\"hp\":100},{\"type\":\"Cyrix\",\"level\":3,\"count\":8,\"hp\":100},{\"type\":\"Crow\",\"level\":2,\"count\":7,\"hp\":100},{\"type\":\"Dart\",\"level\":3,\"count\":4,\"hp\":100},{\"type\":\"Avenger\",\"level\":3,\"count\":4,\"hp\":100}]}',NULL,0),(114,113,'{\"units\":[{\"type\":\"Rhyno\",\"level\":3,\"count\":3,\"hp\":100},{\"type\":\"Cyrix\",\"level\":3,\"count\":9,\"hp\":100},{\"type\":\"Crow\",\"level\":2,\"count\":7,\"hp\":100},{\"type\":\"Dart\",\"level\":3,\"count\":4,\"hp\":100},{\"type\":\"Avenger\",\"level\":3,\"count\":4,\"hp\":100}]}',NULL,0),(115,114,'{\"units\":[{\"type\":\"Rhyno\",\"level\":3,\"count\":3,\"hp\":100},{\"type\":\"Cyrix\",\"level\":3,\"count\":9,\"hp\":100},{\"type\":\"Crow\",\"level\":2,\"count\":9,\"hp\":100},{\"type\":\"Dart\",\"level\":3,\"count\":5,\"hp\":100},{\"type\":\"Avenger\",\"level\":3,\"count\":6,\"hp\":100}]}',NULL,0),(116,8,'{\"creds\":2000}','vip',0),(117,116,'{\"metal\":2406,\"energy\":4809,\"zetium\":108}','accelerating',0),(118,11,'{\"zetium\":2075.0,\"metal\":3750.0,\"energy\":12500.0}',NULL,0),(119,31,'{\"metal\":15348,\"energy\":21488,\"zetium\":1076}','flying',0),(120,119,'{\"metal\":7560.0,\"energy\":10800.0,\"zetium\":648.0}','resource-transportation',0),(121,15,'{\"metal\":7962.5,\"energy\":11375.0,\"zetium\":2388.75}','population',0),(10000,NULL,NULL,NULL,1),(10001,NULL,NULL,NULL,1),(10002,NULL,NULL,NULL,1),(10003,NULL,NULL,NULL,1),(10004,NULL,NULL,NULL,1),(10005,NULL,NULL,NULL,1),(10020,NULL,NULL,NULL,1),(10021,NULL,NULL,NULL,1),(10022,NULL,NULL,NULL,1),(10023,NULL,NULL,NULL,1),(10024,NULL,NULL,NULL,1),(10025,NULL,NULL,NULL,1),(10026,NULL,NULL,NULL,1),(10027,NULL,NULL,NULL,1),(10040,NULL,NULL,NULL,1),(10041,NULL,NULL,NULL,1),(10042,NULL,NULL,NULL,1),(10043,NULL,NULL,NULL,1),(10044,NULL,NULL,NULL,1),(10045,NULL,NULL,NULL,1),(10060,NULL,NULL,NULL,1),(10061,NULL,NULL,NULL,1),(10062,NULL,NULL,NULL,1),(10063,NULL,NULL,NULL,1),(10064,NULL,NULL,NULL,1),(10065,NULL,NULL,NULL,1),(10080,NULL,NULL,NULL,1),(10081,NULL,NULL,NULL,1),(10082,NULL,NULL,NULL,1),(10083,NULL,NULL,NULL,1),(10084,NULL,NULL,NULL,1),(10085,NULL,NULL,NULL,1),(10100,NULL,NULL,NULL,1),(10101,NULL,NULL,NULL,1),(10102,NULL,NULL,NULL,1),(10103,NULL,NULL,NULL,1),(10104,NULL,NULL,NULL,1),(10105,NULL,NULL,NULL,1),(10106,NULL,NULL,NULL,1),(10120,NULL,NULL,NULL,1),(10121,NULL,NULL,NULL,1),(10122,NULL,NULL,NULL,1),(10123,NULL,NULL,NULL,1),(10124,NULL,NULL,NULL,1),(10140,NULL,NULL,NULL,1),(10141,NULL,NULL,NULL,1),(10142,NULL,NULL,NULL,1),(10143,NULL,NULL,NULL,1),(10144,NULL,NULL,NULL,1),(10160,NULL,NULL,NULL,1),(10161,NULL,NULL,NULL,1),(10162,NULL,NULL,NULL,1),(10163,NULL,NULL,NULL,1),(10164,NULL,NULL,NULL,1),(10165,NULL,NULL,NULL,1),(10166,NULL,NULL,NULL,1),(10180,NULL,NULL,NULL,1),(10181,NULL,NULL,NULL,1),(10182,NULL,NULL,NULL,1),(10183,NULL,NULL,NULL,1),(10184,NULL,NULL,NULL,1),(10185,NULL,NULL,NULL,1),(10186,NULL,NULL,NULL,1),(10200,NULL,NULL,NULL,1),(10201,NULL,NULL,NULL,1),(10202,NULL,NULL,NULL,1),(10203,NULL,NULL,NULL,1),(10204,NULL,NULL,NULL,1),(10220,NULL,NULL,NULL,1),(10221,NULL,NULL,NULL,1),(10222,NULL,NULL,NULL,1),(10223,NULL,NULL,NULL,1),(10224,NULL,NULL,NULL,1),(10240,NULL,NULL,NULL,1),(10241,NULL,NULL,NULL,1),(10242,NULL,NULL,NULL,1),(10243,NULL,NULL,NULL,1),(10244,NULL,NULL,NULL,1),(10260,NULL,NULL,NULL,1),(10261,NULL,NULL,NULL,1),(10262,NULL,NULL,NULL,1),(10263,NULL,NULL,NULL,1),(10264,NULL,NULL,NULL,1),(10280,NULL,NULL,NULL,1),(10281,NULL,NULL,NULL,1),(10282,NULL,NULL,NULL,1),(10283,NULL,NULL,NULL,1),(10284,NULL,NULL,NULL,1),(10290,NULL,NULL,NULL,1),(10291,NULL,NULL,NULL,1),(10292,NULL,NULL,NULL,1),(10300,NULL,NULL,NULL,1),(10301,NULL,NULL,NULL,1),(10302,NULL,NULL,NULL,1),(10320,NULL,NULL,NULL,1),(10321,NULL,NULL,NULL,1),(10322,NULL,NULL,NULL,1),(10340,NULL,NULL,NULL,1),(10341,NULL,NULL,NULL,1),(10342,NULL,NULL,NULL,1),(10343,NULL,NULL,NULL,1),(10344,NULL,NULL,NULL,1),(10360,NULL,NULL,NULL,1),(10361,NULL,NULL,NULL,1),(10362,NULL,NULL,NULL,1),(10363,NULL,NULL,NULL,1),(10364,NULL,NULL,NULL,1),(10380,NULL,NULL,NULL,1),(10381,NULL,NULL,NULL,1),(10382,NULL,NULL,NULL,1),(10383,NULL,NULL,NULL,1),(10384,NULL,NULL,NULL,1),(10385,NULL,NULL,NULL,1),(10400,NULL,NULL,NULL,1),(10401,NULL,NULL,NULL,1),(10402,NULL,NULL,NULL,1),(10403,NULL,NULL,NULL,1),(10404,NULL,NULL,NULL,1),(10405,NULL,NULL,NULL,1),(10406,NULL,NULL,NULL,1);
/*!40000 ALTER TABLE `quests` ENABLE KEYS */;
UNLOCK TABLES;

--
-- Table structure for table `route_hops`
--

DROP TABLE IF EXISTS `route_hops`;
/*!40101 SET @saved_cs_client     = @@character_set_client */;
/*!40101 SET character_set_client = utf8 */;
CREATE TABLE `route_hops` (
  `id` int(11) NOT NULL AUTO_INCREMENT,
  `route_id` int(11) NOT NULL,
  `location_type` tinyint(2) unsigned NOT NULL,
  `location_id` int(10) unsigned NOT NULL,
  `location_x` int(11) DEFAULT NULL,
  `location_y` int(11) DEFAULT NULL,
  `arrives_at` datetime NOT NULL,
  `index` smallint(6) NOT NULL,
  `next` tinyint(1) NOT NULL DEFAULT '0',
  `jumps_at` datetime DEFAULT NULL,
  PRIMARY KEY (`id`),
  UNIQUE KEY `next_hop` (`route_id`,`index`),
  KEY `route` (`route_id`,`location_type`,`location_id`),
  KEY `next` (`route_id`,`next`),
  CONSTRAINT `route_hops_ibfk_1` FOREIGN KEY (`route_id`) REFERENCES `routes` (`id`) ON DELETE CASCADE
) ENGINE=InnoDB DEFAULT CHARSET=utf8;
/*!40101 SET character_set_client = @saved_cs_client */;

--
-- Dumping data for table `route_hops`
--

LOCK TABLES `route_hops` WRITE;
/*!40000 ALTER TABLE `route_hops` DISABLE KEYS */;
/*!40000 ALTER TABLE `route_hops` ENABLE KEYS */;
UNLOCK TABLES;

--
-- Table structure for table `routes`
--

DROP TABLE IF EXISTS `routes`;
/*!40101 SET @saved_cs_client     = @@character_set_client */;
/*!40101 SET character_set_client = utf8 */;
CREATE TABLE `routes` (
  `id` int(11) NOT NULL AUTO_INCREMENT,
  `target_type` tinyint(2) unsigned NOT NULL,
  `target_id` int(10) unsigned NOT NULL,
  `arrives_at` datetime NOT NULL,
  `cached_units` text NOT NULL,
  `player_id` int(10) DEFAULT NULL,
  `target_x` int(11) NOT NULL,
  `target_y` int(11) NOT NULL,
  `target_name` varchar(255) DEFAULT NULL,
  `target_variation` tinyint(2) unsigned DEFAULT NULL,
  `target_solar_system_id` int(11) DEFAULT NULL,
  `current_id` int(11) unsigned NOT NULL,
  `current_type` tinyint(2) unsigned NOT NULL,
  `current_x` int(11) NOT NULL,
  `current_y` int(11) NOT NULL,
  `current_name` varchar(255) DEFAULT NULL,
  `current_variation` tinyint(2) unsigned DEFAULT NULL,
  `current_solar_system_id` int(11) DEFAULT NULL,
  `source_id` int(11) unsigned NOT NULL,
  `source_type` tinyint(2) unsigned NOT NULL,
  `source_x` int(11) NOT NULL,
  `source_y` int(11) NOT NULL,
  `source_name` varchar(255) DEFAULT NULL,
  `source_variation` tinyint(2) unsigned DEFAULT NULL,
  `source_solar_system_id` int(11) DEFAULT NULL,
  `first_hop` datetime NOT NULL,
  PRIMARY KEY (`id`),
  KEY `incoming_routes` (`target_type`,`target_id`),
  KEY `foreign_key` (`player_id`),
  CONSTRAINT `routes_ibfk_1` FOREIGN KEY (`player_id`) REFERENCES `players` (`id`) ON DELETE CASCADE
) ENGINE=InnoDB DEFAULT CHARSET=utf8;
/*!40101 SET character_set_client = @saved_cs_client */;

--
-- Dumping data for table `routes`
--

LOCK TABLES `routes` WRITE;
/*!40000 ALTER TABLE `routes` DISABLE KEYS */;
/*!40000 ALTER TABLE `routes` ENABLE KEYS */;
UNLOCK TABLES;

--
-- Table structure for table `schema_migrations`
--

DROP TABLE IF EXISTS `schema_migrations`;
/*!40101 SET @saved_cs_client     = @@character_set_client */;
/*!40101 SET character_set_client = utf8 */;
CREATE TABLE `schema_migrations` (
  `version` varchar(255) NOT NULL,
  UNIQUE KEY `unique_schema_migrations` (`version`)
) ENGINE=InnoDB DEFAULT CHARSET=utf8;
/*!40101 SET character_set_client = @saved_cs_client */;

--
-- Dumping data for table `schema_migrations`
--

LOCK TABLES `schema_migrations` WRITE;
/*!40000 ALTER TABLE `schema_migrations` DISABLE KEYS */;
INSERT INTO `schema_migrations` VALUES ('20090601175224'),('20090601184051'),('20090601184055'),('20090601184059'),('20090701164131'),('20090713165021'),('20090808144214'),('20090809160211'),('20090810173759'),('20090826140238'),('20090826141836'),('20090829202538'),('20090829210029'),('20090829224505'),('20090830143959'),('20090830145319'),('20090901153809'),('20090904190655'),('20090905175341'),('20090905192056'),('20090906135044'),('20090909222719'),('20090911180950'),('20090912165229'),('20090919155819'),('20091024222359'),('20091103164416'),('20091103180558'),('20091103181146'),('20091109191211'),('20091225193714'),('20100114152902'),('20100121142414'),('20100127115341'),('20100127120219'),('20100127120515'),('20100127121337'),('20100129150736'),('20100203202757'),('20100203204803'),('20100204172507'),('20100204173714'),('20100208163239'),('20100210114531'),('20100212134334'),('20100218181507'),('20100219114448'),('20100220144106'),('20100222144003'),('20100223153023'),('20100224153728'),('20100224163525'),('20100225124928'),('20100225153721'),('20100225155505'),('20100225155739'),('20100226122144'),('20100226122651'),('20100301153626'),('20100302131225'),('20100303131706'),('20100308163148'),('20100308164422'),('20100310172315'),('20100310181338'),('20100311123523'),('20100315112858'),('20100319141401'),('20100322184529'),('20100324134243'),('20100324141652'),('20100331125702'),('20100415130556'),('20100415130600'),('20100415130605'),('20100415134627'),('20100419141518'),('20100419142018'),('20100419164230'),('20100426141509'),('20100428130912'),('20100429171200'),('20100430174140'),('20100610151652'),('20100610180750'),('20100614142225'),('20100614160819'),('20100614162423'),('20100616132525'),('20100616135507'),('20100622124252'),('20100706105523'),('20100710121447'),('20100710191351'),('20100716155807'),('20100719131622'),('20100721155359'),('20100722124307'),('20100812164444'),('20100812164449'),('20100812164518'),('20100812164524'),('20100817165213'),('20100819175736'),('20100820185846'),('20100906095758'),('20100915145823'),('20100929111549'),('20101001155323'),('20101005180058'),('20101022155620'),('20101117131430'),('20101208135417'),('20101209122838'),('20101222150446'),('20101223125157'),('20101223172333'),('20110106110617'),('20110117182616'),('20110119121807'),('20110125161025'),('20110128094012'),('20110201122224'),('20110211124612'),('20110214130700'),('20110214165108'),('20110215161039'),('20110221105637'),('20110224162141'),('20110224174209'),('20110307104202'),('20110307121218'),('20110309114701'),('20110309194328'),('20110310113500'),('20110311172250'),('20110314132426'),('20110317165341'),('20110329163829'),('20110330141930'),('20110410103752'),('20110413154835'),('20110420152125'),('20110420153521'),('20110422180144'),('20110426131533'),('20110426145014'),('20110429150825'),('20110430142655'),('20110501202247'),('20110502175634'),('20110503165127'),('20110506202156'),('20110509144521'),('20110520172423'),('20110529152142'),('20110530121627'),('20110601155244'),('20110606114650'),('20110606154238'),('20110615120534'),('20110620180705'),('20110621165656'),('20110627164509'),('20110711160159'),('20110728101729'),('20110731170836'),('20110801114044'),('20110802172428'),('20110807130218'),('20110807131155'),('20110807161232'),('99999999999000'),('99999999999900');
/*!40000 ALTER TABLE `schema_migrations` ENABLE KEYS */;
UNLOCK TABLES;

--
-- Table structure for table `solar_systems`
--

DROP TABLE IF EXISTS `solar_systems`;
/*!40101 SET @saved_cs_client     = @@character_set_client */;
/*!40101 SET character_set_client = utf8 */;
CREATE TABLE `solar_systems` (
  `id` int(11) NOT NULL AUTO_INCREMENT,
  `galaxy_id` int(11) NOT NULL,
  `x` mediumint(9) DEFAULT NULL,
  `y` mediumint(9) DEFAULT NULL,
  `kind` tinyint(2) NOT NULL DEFAULT '0',
  `shield_ends_at` datetime DEFAULT NULL,
  `shield_owner_id` int(11) DEFAULT NULL,
  PRIMARY KEY (`id`),
  UNIQUE KEY `uniqueness` (`galaxy_id`,`x`,`y`),
  KEY `shield_owner_id` (`shield_owner_id`),
  CONSTRAINT `solar_systems_ibfk_1` FOREIGN KEY (`galaxy_id`) REFERENCES `galaxies` (`id`) ON DELETE CASCADE,
  CONSTRAINT `solar_systems_ibfk_2` FOREIGN KEY (`shield_owner_id`) REFERENCES `players` (`id`) ON DELETE SET NULL
) ENGINE=InnoDB AUTO_INCREMENT=13 DEFAULT CHARSET=utf8;
/*!40101 SET character_set_client = @saved_cs_client */;

--
-- Dumping data for table `solar_systems`
--

LOCK TABLES `solar_systems` WRITE;
/*!40000 ALTER TABLE `solar_systems` DISABLE KEYS */;
INSERT INTO `solar_systems` VALUES (1,1,NULL,NULL,2,NULL,NULL),(2,1,6,-3,2,NULL,NULL),(3,1,6,-4,0,'2011-08-11 15:59:05',1),(4,1,1,-6,2,NULL,NULL),(5,1,2,-7,1,NULL,NULL),(6,1,4,-3,0,NULL,NULL),(7,1,5,-1,1,NULL,NULL),(8,1,6,-5,1,NULL,NULL),(9,1,5,-7,0,NULL,NULL),(10,1,2,-4,0,NULL,NULL),(11,1,7,-8,2,NULL,NULL),(12,1,1,-2,1,NULL,NULL);
/*!40000 ALTER TABLE `solar_systems` ENABLE KEYS */;
UNLOCK TABLES;

--
-- Table structure for table `ss_objects`
--

DROP TABLE IF EXISTS `ss_objects`;
/*!40101 SET @saved_cs_client     = @@character_set_client */;
/*!40101 SET character_set_client = utf8 */;
CREATE TABLE `ss_objects` (
  `id` int(11) NOT NULL AUTO_INCREMENT,
  `solar_system_id` int(11) NOT NULL,
  `width` int(11) DEFAULT NULL,
  `height` int(11) DEFAULT NULL,
  `position` int(11) NOT NULL DEFAULT '0',
  `angle` int(11) NOT NULL DEFAULT '0',
  `type` varchar(255) NOT NULL,
  `player_id` int(11) DEFAULT NULL,
  `name` varchar(12) NOT NULL DEFAULT '',
  `size` int(11) NOT NULL DEFAULT '0',
  `terrain` tinyint(2) unsigned NOT NULL DEFAULT '0',
  `metal` float unsigned NOT NULL DEFAULT '0',
  `metal_generation_rate` float unsigned NOT NULL DEFAULT '0',
  `metal_storage` float NOT NULL DEFAULT '0',
  `energy` float unsigned NOT NULL DEFAULT '0',
  `energy_generation_rate` float unsigned NOT NULL DEFAULT '0',
  `energy_storage` float NOT NULL DEFAULT '0',
  `zetium` float unsigned NOT NULL DEFAULT '0',
  `zetium_generation_rate` float unsigned NOT NULL DEFAULT '0',
  `zetium_storage` float NOT NULL DEFAULT '0',
  `last_resources_update` datetime DEFAULT NULL,
  `energy_diminish_registered` tinyint(1) NOT NULL DEFAULT '0',
  `exploration_x` tinyint(2) unsigned DEFAULT NULL,
  `exploration_y` tinyint(2) unsigned DEFAULT NULL,
  `exploration_ends_at` datetime DEFAULT NULL,
  `can_destroy_building_at` datetime DEFAULT NULL,
  `next_raid_at` datetime DEFAULT NULL,
  `shield_ends_at` datetime DEFAULT NULL,
  `shield_owner_id` int(11) DEFAULT NULL,
  `metal_rate_boost_ends_at` datetime DEFAULT NULL,
  `metal_storage_boost_ends_at` datetime DEFAULT NULL,
  `energy_rate_boost_ends_at` datetime DEFAULT NULL,
  `energy_storage_boost_ends_at` datetime DEFAULT NULL,
  `zetium_rate_boost_ends_at` datetime DEFAULT NULL,
  `zetium_storage_boost_ends_at` datetime DEFAULT NULL,
  `metal_usage_rate` float unsigned NOT NULL DEFAULT '0',
  `energy_usage_rate` float unsigned NOT NULL DEFAULT '0',
  `zetium_usage_rate` float unsigned NOT NULL DEFAULT '0',
  `owner_changed` datetime DEFAULT NULL,
  PRIMARY KEY (`id`),
  UNIQUE KEY `uniqueness` (`solar_system_id`,`position`,`angle`),
  KEY `index_planets_on_galaxy_id_and_solar_system_id` (`solar_system_id`),
  KEY `index_planets_on_player_id_and_galaxy_id` (`player_id`),
  KEY `group_by_for_fowssentry_status_updates` (`player_id`,`solar_system_id`),
  KEY `shield_owner_id` (`shield_owner_id`),
  CONSTRAINT `ss_objects_ibfk_1` FOREIGN KEY (`solar_system_id`) REFERENCES `solar_systems` (`id`) ON DELETE CASCADE,
  CONSTRAINT `ss_objects_ibfk_2` FOREIGN KEY (`player_id`) REFERENCES `players` (`id`) ON DELETE SET NULL,
  CONSTRAINT `ss_objects_ibfk_3` FOREIGN KEY (`shield_owner_id`) REFERENCES `players` (`id`) ON DELETE SET NULL
) ENGINE=InnoDB AUTO_INCREMENT=77 DEFAULT CHARSET=utf8;
/*!40101 SET character_set_client = @saved_cs_client */;

--
-- Dumping data for table `ss_objects`
--

LOCK TABLES `ss_objects` WRITE;
/*!40000 ALTER TABLE `ss_objects` DISABLE KEYS */;
INSERT INTO `ss_objects` VALUES (1,1,23,13,1,45,'Planet',NULL,'Inculta',40,1,0,0,100000,0,0,200000,0,0,25000,NULL,0,NULL,NULL,NULL,NULL,NULL,NULL,NULL,NULL,NULL,NULL,NULL,NULL,NULL,0,0,0,NULL),(2,1,0,0,3,22,'Jumpgate',NULL,'',58,0,0,0,0,0,0,0,0,0,0,NULL,0,NULL,NULL,NULL,NULL,NULL,NULL,NULL,NULL,NULL,NULL,NULL,NULL,NULL,0,0,0,NULL),(3,1,0,0,3,270,'Jumpgate',NULL,'',60,0,0,0,0,0,0,0,0,0,0,NULL,0,NULL,NULL,NULL,NULL,NULL,NULL,NULL,NULL,NULL,NULL,NULL,NULL,NULL,0,0,0,NULL),(4,1,15,15,2,210,'Planet',NULL,'Limus',37,2,0,0,100000,0,0,200000,0,0,25000,NULL,0,NULL,NULL,NULL,NULL,NULL,NULL,NULL,NULL,NULL,NULL,NULL,NULL,NULL,0,0,0,NULL),(5,1,21,17,0,270,'Planet',NULL,'Gramen',40,0,0,0,100000,0,0,200000,0,0,25000,NULL,0,NULL,NULL,NULL,NULL,NULL,NULL,NULL,NULL,NULL,NULL,NULL,NULL,NULL,0,0,0,NULL),(6,1,0,0,3,134,'Jumpgate',NULL,'',34,0,0,0,0,0,0,0,0,0,0,NULL,0,NULL,NULL,NULL,NULL,NULL,NULL,NULL,NULL,NULL,NULL,NULL,NULL,NULL,0,0,0,NULL),(7,2,0,0,3,22,'Jumpgate',NULL,'',51,0,0,0,0,0,0,0,0,0,0,NULL,0,NULL,NULL,NULL,NULL,NULL,NULL,NULL,NULL,NULL,NULL,NULL,NULL,NULL,0,0,0,NULL),(8,2,0,0,3,270,'Jumpgate',NULL,'',35,0,0,0,0,0,0,0,0,0,0,NULL,0,NULL,NULL,NULL,NULL,NULL,NULL,NULL,NULL,NULL,NULL,NULL,NULL,NULL,0,0,0,NULL),(9,2,15,15,0,270,'Planet',NULL,'Limus-9',37,2,0,0,100000,0,0,200000,0,0,25000,NULL,0,NULL,NULL,NULL,NULL,NULL,NULL,NULL,NULL,NULL,NULL,NULL,NULL,NULL,0,0,0,NULL),(10,2,0,0,3,134,'Jumpgate',NULL,'',27,0,0,0,0,0,0,0,0,0,0,NULL,0,NULL,NULL,NULL,NULL,NULL,NULL,NULL,NULL,NULL,NULL,NULL,NULL,NULL,0,0,0,NULL),(11,3,0,0,1,45,'Asteroid',NULL,'',49,0,0,5,0,0,3,0,0,2,0,NULL,0,NULL,NULL,NULL,NULL,NULL,NULL,NULL,NULL,NULL,NULL,NULL,NULL,NULL,0,0,0,NULL),(12,3,0,0,2,90,'Asteroid',NULL,'',34,0,0,1,0,0,2,0,0,1,0,NULL,0,NULL,NULL,NULL,NULL,NULL,NULL,NULL,NULL,NULL,NULL,NULL,NULL,NULL,0,0,0,NULL),(13,3,0,0,2,120,'Asteroid',NULL,'',60,0,0,4,0,0,3,0,0,2,0,NULL,0,NULL,NULL,NULL,NULL,NULL,NULL,NULL,NULL,NULL,NULL,NULL,NULL,NULL,0,0,0,NULL),(14,3,0,0,2,210,'Asteroid',NULL,'',30,0,0,2,0,0,1,0,0,1,0,NULL,0,NULL,NULL,NULL,NULL,NULL,NULL,NULL,NULL,NULL,NULL,NULL,NULL,NULL,0,0,0,NULL),(15,3,0,0,1,180,'Asteroid',NULL,'',34,0,0,2,0,0,2,0,0,2,0,NULL,0,NULL,NULL,NULL,NULL,NULL,NULL,NULL,NULL,NULL,NULL,NULL,NULL,NULL,0,0,0,NULL),(16,3,0,0,1,315,'Asteroid',NULL,'',33,0,0,2,0,0,2,0,0,2,0,NULL,0,NULL,NULL,NULL,NULL,NULL,NULL,NULL,NULL,NULL,NULL,NULL,NULL,NULL,0,0,0,NULL),(17,3,0,0,2,240,'Asteroid',NULL,'',40,0,0,4,0,0,3,0,0,5,0,NULL,0,NULL,NULL,NULL,NULL,NULL,NULL,NULL,NULL,NULL,NULL,NULL,NULL,NULL,0,0,0,NULL),(18,3,29,31,1,270,'Planet',NULL,'P-18',50,1,0,0,0,0,0,0,0,0,0,'2011-08-11 15:57:45',0,NULL,NULL,NULL,NULL,NULL,NULL,NULL,NULL,NULL,NULL,NULL,NULL,NULL,0,0,0,NULL),(19,3,0,0,3,112,'Jumpgate',NULL,'',45,0,0,0,0,0,0,0,0,0,0,NULL,0,NULL,NULL,NULL,NULL,NULL,NULL,NULL,NULL,NULL,NULL,NULL,NULL,NULL,0,0,0,NULL),(20,3,30,30,0,90,'Planet',1,'P-20',50,0,1593.05,210,9654.88,3521.01,463.5,21339.5,0,0,2622.18,'2011-08-11 15:57:45',0,NULL,NULL,NULL,NULL,NULL,NULL,NULL,NULL,NULL,NULL,NULL,NULL,NULL,0,0,0,'2011-08-11 15:57:45'),(21,3,0,0,2,0,'Asteroid',NULL,'',59,0,0,2,0,0,1,0,0,1,0,NULL,0,NULL,NULL,NULL,NULL,NULL,NULL,NULL,NULL,NULL,NULL,NULL,NULL,NULL,0,0,0,NULL),(22,3,0,0,0,180,'Asteroid',NULL,'',36,0,0,2,0,0,1,0,0,2,0,NULL,0,NULL,NULL,NULL,NULL,NULL,NULL,NULL,NULL,NULL,NULL,NULL,NULL,NULL,0,0,0,NULL),(23,3,0,0,0,0,'Asteroid',NULL,'',28,0,0,2,0,0,2,0,0,1,0,NULL,0,NULL,NULL,NULL,NULL,NULL,NULL,NULL,NULL,NULL,NULL,NULL,NULL,NULL,0,0,0,NULL),(24,4,0,0,3,22,'Jumpgate',NULL,'',43,0,0,0,0,0,0,0,0,0,0,NULL,0,NULL,NULL,NULL,NULL,NULL,NULL,NULL,NULL,NULL,NULL,NULL,NULL,NULL,0,0,0,NULL),(25,4,0,0,3,270,'Jumpgate',NULL,'',43,0,0,0,0,0,0,0,0,0,0,NULL,0,NULL,NULL,NULL,NULL,NULL,NULL,NULL,NULL,NULL,NULL,NULL,NULL,NULL,0,0,0,NULL),(26,4,21,17,0,270,'Planet',NULL,'Gramen-26',40,0,0,0,100000,0,0,200000,0,0,25000,NULL,0,NULL,NULL,NULL,NULL,NULL,NULL,NULL,NULL,NULL,NULL,NULL,NULL,NULL,0,0,0,NULL),(27,4,0,0,3,134,'Jumpgate',NULL,'',31,0,0,0,0,0,0,0,0,0,0,NULL,0,NULL,NULL,NULL,NULL,NULL,NULL,NULL,NULL,NULL,NULL,NULL,NULL,NULL,0,0,0,NULL),(28,6,0,0,1,45,'Asteroid',NULL,'',36,0,0,3,0,0,3,0,0,2,0,NULL,0,NULL,NULL,NULL,NULL,NULL,NULL,NULL,NULL,NULL,NULL,NULL,NULL,NULL,0,0,0,NULL),(29,6,0,0,2,90,'Asteroid',NULL,'',25,0,0,2,0,0,1,0,0,2,0,NULL,0,NULL,NULL,NULL,NULL,NULL,NULL,NULL,NULL,NULL,NULL,NULL,NULL,NULL,0,0,0,NULL),(30,6,0,0,1,225,'Asteroid',NULL,'',43,0,0,2,0,0,4,0,0,2,0,NULL,0,NULL,NULL,NULL,NULL,NULL,NULL,NULL,NULL,NULL,NULL,NULL,NULL,NULL,0,0,0,NULL),(31,6,0,0,2,120,'Asteroid',NULL,'',56,0,0,4,0,0,4,0,0,3,0,NULL,0,NULL,NULL,NULL,NULL,NULL,NULL,NULL,NULL,NULL,NULL,NULL,NULL,NULL,0,0,0,NULL),(32,6,0,0,2,210,'Asteroid',NULL,'',50,0,0,2,0,0,2,0,0,2,0,NULL,0,NULL,NULL,NULL,NULL,NULL,NULL,NULL,NULL,NULL,NULL,NULL,NULL,NULL,0,0,0,NULL),(33,6,0,0,3,156,'Jumpgate',NULL,'',38,0,0,0,0,0,0,0,0,0,0,NULL,0,NULL,NULL,NULL,NULL,NULL,NULL,NULL,NULL,NULL,NULL,NULL,NULL,NULL,0,0,0,NULL),(34,6,29,31,1,315,'Planet',NULL,'P-34',50,1,0,0,0,0,0,0,0,0,0,'2011-08-11 15:57:45',0,NULL,NULL,NULL,NULL,NULL,NULL,NULL,NULL,NULL,NULL,NULL,NULL,NULL,0,0,0,NULL),(35,6,0,0,2,60,'Asteroid',NULL,'',35,0,0,2,0,0,1,0,0,1,0,NULL,0,NULL,NULL,NULL,NULL,NULL,NULL,NULL,NULL,NULL,NULL,NULL,NULL,NULL,0,0,0,NULL),(36,6,0,0,3,180,'Jumpgate',NULL,'',47,0,0,0,0,0,0,0,0,0,0,NULL,0,NULL,NULL,NULL,NULL,NULL,NULL,NULL,NULL,NULL,NULL,NULL,NULL,NULL,0,0,0,NULL),(37,6,28,27,2,30,'Planet',NULL,'P-37',48,2,0,0,0,0,0,0,0,0,0,'2011-08-11 15:57:45',0,NULL,NULL,NULL,NULL,NULL,NULL,NULL,NULL,NULL,NULL,NULL,NULL,NULL,0,0,0,NULL),(38,6,0,0,0,90,'Asteroid',NULL,'',32,0,0,1,0,0,2,0,0,2,0,NULL,0,NULL,NULL,NULL,NULL,NULL,NULL,NULL,NULL,NULL,NULL,NULL,NULL,NULL,0,0,0,NULL),(39,6,0,0,2,180,'Asteroid',NULL,'',43,0,0,4,0,0,3,0,0,5,0,NULL,0,NULL,NULL,NULL,NULL,NULL,NULL,NULL,NULL,NULL,NULL,NULL,NULL,NULL,0,0,0,NULL),(40,6,30,26,0,270,'Planet',NULL,'P-40',48,2,0,0,0,0,0,0,0,0,0,'2011-08-11 15:57:45',0,NULL,NULL,NULL,NULL,NULL,NULL,NULL,NULL,NULL,NULL,NULL,NULL,NULL,0,0,0,NULL),(41,6,0,0,2,270,'Asteroid',NULL,'',58,0,0,3,0,0,4,0,0,3,0,NULL,0,NULL,NULL,NULL,NULL,NULL,NULL,NULL,NULL,NULL,NULL,NULL,NULL,NULL,0,0,0,NULL),(42,6,0,0,2,300,'Asteroid',NULL,'',54,0,0,1,0,0,2,0,0,2,0,NULL,0,NULL,NULL,NULL,NULL,NULL,NULL,NULL,NULL,NULL,NULL,NULL,NULL,NULL,0,0,0,NULL),(43,6,0,0,0,0,'Asteroid',NULL,'',35,0,0,2,0,0,1,0,0,2,0,NULL,0,NULL,NULL,NULL,NULL,NULL,NULL,NULL,NULL,NULL,NULL,NULL,NULL,NULL,0,0,0,NULL),(44,9,0,0,1,45,'Asteroid',NULL,'',25,0,0,2,0,0,5,0,0,5,0,NULL,0,NULL,NULL,NULL,NULL,NULL,NULL,NULL,NULL,NULL,NULL,NULL,NULL,NULL,0,0,0,NULL),(45,9,0,0,1,180,'Asteroid',NULL,'',30,0,0,1,0,0,2,0,0,2,0,NULL,0,NULL,NULL,NULL,NULL,NULL,NULL,NULL,NULL,NULL,NULL,NULL,NULL,NULL,0,0,0,NULL),(46,9,0,0,1,315,'Asteroid',NULL,'',26,0,0,1,0,0,2,0,0,1,0,NULL,0,NULL,NULL,NULL,NULL,NULL,NULL,NULL,NULL,NULL,NULL,NULL,NULL,NULL,0,0,0,NULL),(47,9,0,0,2,240,'Asteroid',NULL,'',29,0,0,2,0,0,2,0,0,1,0,NULL,0,NULL,NULL,NULL,NULL,NULL,NULL,NULL,NULL,NULL,NULL,NULL,NULL,NULL,0,0,0,NULL),(48,9,0,0,3,44,'Jumpgate',NULL,'',60,0,0,0,0,0,0,0,0,0,0,NULL,0,NULL,NULL,NULL,NULL,NULL,NULL,NULL,NULL,NULL,NULL,NULL,NULL,NULL,0,0,0,NULL),(49,9,0,0,0,90,'Asteroid',NULL,'',34,0,0,5,0,0,4,0,0,3,0,NULL,0,NULL,NULL,NULL,NULL,NULL,NULL,NULL,NULL,NULL,NULL,NULL,NULL,NULL,0,0,0,NULL),(50,9,0,0,2,180,'Asteroid',NULL,'',50,0,0,5,0,0,3,0,0,4,0,NULL,0,NULL,NULL,NULL,NULL,NULL,NULL,NULL,NULL,NULL,NULL,NULL,NULL,NULL,0,0,0,NULL),(51,9,0,0,1,135,'Asteroid',NULL,'',31,0,0,3,0,0,5,0,0,3,0,NULL,0,NULL,NULL,NULL,NULL,NULL,NULL,NULL,NULL,NULL,NULL,NULL,NULL,NULL,0,0,0,NULL),(52,9,0,0,2,330,'Asteroid',NULL,'',37,0,0,2,0,0,2,0,0,2,0,NULL,0,NULL,NULL,NULL,NULL,NULL,NULL,NULL,NULL,NULL,NULL,NULL,NULL,NULL,0,0,0,NULL),(53,9,0,0,3,336,'Jumpgate',NULL,'',46,0,0,0,0,0,0,0,0,0,0,NULL,0,NULL,NULL,NULL,NULL,NULL,NULL,NULL,NULL,NULL,NULL,NULL,NULL,NULL,0,0,0,NULL),(54,9,28,31,0,270,'Planet',NULL,'P-54',49,1,0,0,0,0,0,0,0,0,0,'2011-08-11 15:57:45',0,NULL,NULL,NULL,NULL,NULL,NULL,NULL,NULL,NULL,NULL,NULL,NULL,NULL,0,0,0,NULL),(55,9,0,0,2,0,'Asteroid',NULL,'',51,0,0,4,0,0,2,0,0,5,0,NULL,0,NULL,NULL,NULL,NULL,NULL,NULL,NULL,NULL,NULL,NULL,NULL,NULL,NULL,0,0,0,NULL),(56,9,0,0,0,180,'Asteroid',NULL,'',57,0,0,5,0,0,2,0,0,3,0,NULL,0,NULL,NULL,NULL,NULL,NULL,NULL,NULL,NULL,NULL,NULL,NULL,NULL,NULL,0,0,0,NULL),(57,9,0,0,2,300,'Asteroid',NULL,'',40,0,0,4,0,0,4,0,0,5,0,NULL,0,NULL,NULL,NULL,NULL,NULL,NULL,NULL,NULL,NULL,NULL,NULL,NULL,NULL,0,0,0,NULL),(58,9,0,0,0,0,'Asteroid',NULL,'',57,0,0,1,0,0,2,0,0,2,0,NULL,0,NULL,NULL,NULL,NULL,NULL,NULL,NULL,NULL,NULL,NULL,NULL,NULL,NULL,0,0,0,NULL),(59,10,0,0,1,225,'Asteroid',NULL,'',33,0,0,4,0,0,3,0,0,4,0,NULL,0,NULL,NULL,NULL,NULL,NULL,NULL,NULL,NULL,NULL,NULL,NULL,NULL,NULL,0,0,0,NULL),(60,10,0,0,2,120,'Asteroid',NULL,'',40,0,0,3,0,0,5,0,0,2,0,NULL,0,NULL,NULL,NULL,NULL,NULL,NULL,NULL,NULL,NULL,NULL,NULL,NULL,NULL,0,0,0,NULL),(61,10,0,0,3,246,'Jumpgate',NULL,'',56,0,0,0,0,0,0,0,0,0,0,NULL,0,NULL,NULL,NULL,NULL,NULL,NULL,NULL,NULL,NULL,NULL,NULL,NULL,NULL,0,0,0,NULL),(62,10,0,0,2,240,'Asteroid',NULL,'',47,0,0,2,0,0,2,0,0,2,0,NULL,0,NULL,NULL,NULL,NULL,NULL,NULL,NULL,NULL,NULL,NULL,NULL,NULL,NULL,0,0,0,NULL),(63,10,0,0,1,0,'Asteroid',NULL,'',34,0,0,1,0,0,2,0,0,2,0,NULL,0,NULL,NULL,NULL,NULL,NULL,NULL,NULL,NULL,NULL,NULL,NULL,NULL,NULL,0,0,0,NULL),(64,10,0,0,2,30,'Asteroid',NULL,'',33,0,0,2,0,0,2,0,0,2,0,NULL,0,NULL,NULL,NULL,NULL,NULL,NULL,NULL,NULL,NULL,NULL,NULL,NULL,NULL,0,0,0,NULL),(65,10,0,0,0,90,'Asteroid',NULL,'',47,0,0,1,0,0,1,0,0,1,0,NULL,0,NULL,NULL,NULL,NULL,NULL,NULL,NULL,NULL,NULL,NULL,NULL,NULL,NULL,0,0,0,NULL),(66,10,0,0,2,180,'Asteroid',NULL,'',31,0,0,2,0,0,1,0,0,2,0,NULL,0,NULL,NULL,NULL,NULL,NULL,NULL,NULL,NULL,NULL,NULL,NULL,NULL,NULL,0,0,0,NULL),(67,10,0,0,1,135,'Asteroid',NULL,'',49,0,0,3,0,0,4,0,0,3,0,NULL,0,NULL,NULL,NULL,NULL,NULL,NULL,NULL,NULL,NULL,NULL,NULL,NULL,NULL,0,0,0,NULL),(68,10,29,32,2,330,'Planet',NULL,'P-68',50,0,0,0,0,0,0,0,0,0,0,'2011-08-11 15:57:45',0,NULL,NULL,NULL,NULL,NULL,NULL,NULL,NULL,NULL,NULL,NULL,NULL,NULL,0,0,0,NULL),(69,10,0,0,0,270,'Asteroid',NULL,'',56,0,0,1,0,0,2,0,0,2,0,NULL,0,NULL,NULL,NULL,NULL,NULL,NULL,NULL,NULL,NULL,NULL,NULL,NULL,NULL,0,0,0,NULL),(70,10,0,0,2,0,'Asteroid',NULL,'',34,0,0,2,0,0,1,0,0,2,0,NULL,0,NULL,NULL,NULL,NULL,NULL,NULL,NULL,NULL,NULL,NULL,NULL,NULL,NULL,0,0,0,NULL),(71,10,30,32,0,180,'Planet',NULL,'P-71',50,1,0,0,0,0,0,0,0,0,0,'2011-08-11 15:57:45',0,NULL,NULL,NULL,NULL,NULL,NULL,NULL,NULL,NULL,NULL,NULL,NULL,NULL,0,0,0,NULL),(72,10,0,0,0,0,'Asteroid',NULL,'',28,0,0,2,0,0,5,0,0,5,0,NULL,0,NULL,NULL,NULL,NULL,NULL,NULL,NULL,NULL,NULL,NULL,NULL,NULL,NULL,0,0,0,NULL),(73,11,21,17,1,45,'Planet',NULL,'Gramen-73',40,0,0,0,100000,0,0,200000,0,0,25000,NULL,0,NULL,NULL,NULL,NULL,NULL,NULL,NULL,NULL,NULL,NULL,NULL,NULL,NULL,0,0,0,NULL),(74,11,0,0,3,22,'Jumpgate',NULL,'',27,0,0,0,0,0,0,0,0,0,0,NULL,0,NULL,NULL,NULL,NULL,NULL,NULL,NULL,NULL,NULL,NULL,NULL,NULL,NULL,0,0,0,NULL),(75,11,0,0,3,270,'Jumpgate',NULL,'',27,0,0,0,0,0,0,0,0,0,0,NULL,0,NULL,NULL,NULL,NULL,NULL,NULL,NULL,NULL,NULL,NULL,NULL,NULL,NULL,0,0,0,NULL),(76,11,0,0,3,134,'Jumpgate',NULL,'',54,0,0,0,0,0,0,0,0,0,0,NULL,0,NULL,NULL,NULL,NULL,NULL,NULL,NULL,NULL,NULL,NULL,NULL,NULL,NULL,0,0,0,NULL);
/*!40000 ALTER TABLE `ss_objects` ENABLE KEYS */;
UNLOCK TABLES;

--
-- Table structure for table `technologies`
--

DROP TABLE IF EXISTS `technologies`;
/*!40101 SET @saved_cs_client     = @@character_set_client */;
/*!40101 SET character_set_client = utf8 */;
CREATE TABLE `technologies` (
  `id` int(11) NOT NULL AUTO_INCREMENT,
  `upgrade_ends_at` datetime DEFAULT NULL,
  `pause_remainder` int(10) unsigned DEFAULT NULL,
  `scientists` int(10) unsigned DEFAULT '0',
  `level` tinyint(2) unsigned NOT NULL,
  `player_id` int(11) NOT NULL,
  `type` varchar(50) NOT NULL,
  `pause_scientists` int(10) unsigned DEFAULT NULL,
  `speed_up` tinyint(1) NOT NULL DEFAULT '0',
  PRIMARY KEY (`id`),
  UNIQUE KEY `main` (`player_id`,`type`,`level`),
  UNIQUE KEY `type_by_player` (`player_id`,`type`,`level`),
  UNIQUE KEY `ensure_uniqueness` (`player_id`,`type`),
  KEY `upgrading` (`player_id`,`upgrade_ends_at`),
  CONSTRAINT `technologies_ibfk_1` FOREIGN KEY (`player_id`) REFERENCES `players` (`id`) ON DELETE CASCADE
) ENGINE=InnoDB DEFAULT CHARSET=utf8;
/*!40101 SET character_set_client = @saved_cs_client */;

--
-- Dumping data for table `technologies`
--

LOCK TABLES `technologies` WRITE;
/*!40000 ALTER TABLE `technologies` DISABLE KEYS */;
/*!40000 ALTER TABLE `technologies` ENABLE KEYS */;
UNLOCK TABLES;

--
-- Table structure for table `tiles`
--

DROP TABLE IF EXISTS `tiles`;
/*!40101 SET @saved_cs_client     = @@character_set_client */;
/*!40101 SET character_set_client = utf8 */;
CREATE TABLE `tiles` (
  `id` bigint(20) unsigned NOT NULL AUTO_INCREMENT,
  `kind` tinyint(2) unsigned NOT NULL DEFAULT '0',
  `planet_id` int(11) NOT NULL,
  `x` tinyint(2) unsigned NOT NULL DEFAULT '0',
  `y` tinyint(2) unsigned NOT NULL DEFAULT '0',
  PRIMARY KEY (`id`),
  UNIQUE KEY `uniqueness` (`planet_id`,`x`,`y`),
  CONSTRAINT `tiles_ibfk_1` FOREIGN KEY (`planet_id`) REFERENCES `ss_objects` (`id`) ON DELETE CASCADE
) ENGINE=InnoDB AUTO_INCREMENT=4127 DEFAULT CHARSET=utf8;
/*!40101 SET character_set_client = @saved_cs_client */;

--
-- Dumping data for table `tiles`
--

LOCK TABLES `tiles` WRITE;
/*!40000 ALTER TABLE `tiles` DISABLE KEYS */;
INSERT INTO `tiles` VALUES (1,13,1,1,0),(2,9,1,18,0),(3,13,1,11,1),(4,8,1,7,3),(5,9,1,19,5),(6,14,1,0,8),(7,8,1,10,10),(8,13,1,14,10),(9,12,4,9,1),(10,13,4,9,8),(11,9,4,5,11),(12,13,5,0,0),(13,10,5,7,0),(14,12,5,14,0),(15,8,5,2,3),(16,8,5,0,7),(17,14,5,14,7),(18,9,5,7,12),(32,12,9,9,1),(33,13,9,9,8),(34,9,9,5,11),(35,4,18,2,0),(36,4,18,3,0),(37,4,18,4,0),(38,5,18,15,0),(39,5,18,18,0),(40,5,18,19,0),(41,5,18,20,0),(42,5,18,21,0),(43,5,18,22,0),(44,5,18,23,0),(45,4,18,2,1),(46,4,18,3,1),(47,4,18,4,1),(48,0,18,7,1),(49,0,18,12,1),(50,5,18,15,1),(51,5,18,16,1),(52,5,18,17,1),(53,5,18,18,1),(54,5,18,19,1),(55,5,18,20,1),(56,5,18,21,1),(57,5,18,22,1),(58,5,18,23,1),(59,5,18,24,1),(60,4,18,1,2),(61,4,18,2,2),(62,4,18,3,2),(63,4,18,4,2),(64,4,18,5,2),(65,4,18,6,2),(66,5,18,16,2),(67,5,18,17,2),(68,5,18,18,2),(69,5,18,19,2),(70,5,18,20,2),(71,5,18,21,2),(72,5,18,22,2),(73,6,18,23,2),(74,5,18,24,2),(75,4,18,1,3),(76,4,18,2,3),(77,4,18,4,3),(78,4,18,5,3),(79,4,18,6,3),(80,4,18,7,3),(81,4,18,8,3),(82,5,18,18,3),(83,5,18,20,3),(84,5,18,21,3),(85,5,18,22,3),(86,6,18,23,3),(87,6,18,24,3),(88,4,18,1,4),(89,4,18,4,4),(90,4,18,5,4),(91,4,18,7,4),(92,13,18,8,4),(93,3,18,17,4),(94,5,18,18,4),(95,9,18,19,4),(96,6,18,23,4),(97,6,18,24,4),(98,0,18,1,5),(99,4,18,5,5),(100,3,18,16,5),(101,3,18,17,5),(102,5,18,18,5),(103,6,18,23,5),(104,6,18,24,5),(105,6,18,12,6),(106,3,18,16,6),(107,3,18,17,6),(108,3,18,18,6),(109,6,18,12,7),(110,6,18,13,7),(111,3,18,15,7),(112,3,18,16,7),(113,3,18,17,7),(114,3,18,18,7),(115,3,18,19,7),(116,3,18,20,7),(117,14,18,21,7),(118,6,18,11,8),(119,6,18,12,8),(120,6,18,13,8),(121,3,18,16,8),(122,3,18,17,8),(123,5,18,27,8),(124,6,18,12,9),(125,3,18,17,9),(126,0,18,25,9),(127,5,18,27,9),(128,5,18,28,9),(129,6,18,7,10),(130,6,18,8,10),(131,6,18,9,10),(132,3,18,16,10),(133,3,18,17,10),(134,3,18,18,10),(135,5,18,27,10),(136,5,18,28,10),(137,6,18,4,11),(138,6,18,5,11),(139,6,18,6,11),(140,6,18,7,11),(141,3,18,17,11),(142,3,18,18,11),(143,5,18,21,11),(144,5,18,22,11),(145,5,18,23,11),(146,5,18,24,11),(147,5,18,25,11),(148,5,18,26,11),(149,5,18,27,11),(150,5,18,28,11),(151,2,18,5,12),(152,3,18,16,12),(153,3,18,17,12),(154,3,18,18,12),(155,3,18,22,12),(156,3,18,23,12),(157,5,18,24,12),(158,5,18,25,12),(159,5,18,26,12),(160,5,18,27,12),(161,5,18,28,12),(162,2,18,17,13),(163,3,18,21,13),(164,3,18,22,13),(165,3,18,23,13),(166,5,18,24,13),(167,5,18,25,13),(168,5,18,26,13),(169,5,18,27,13),(170,5,18,28,13),(171,3,18,20,14),(172,3,18,21,14),(173,3,18,22,14),(174,3,18,23,14),(175,3,18,24,14),(176,5,18,25,14),(177,5,18,26,14),(178,5,18,28,14),(179,4,18,0,15),(180,4,18,1,15),(181,4,18,2,15),(182,3,18,22,15),(183,3,18,23,15),(184,3,18,24,15),(185,5,18,26,15),(186,5,18,27,15),(187,5,18,28,15),(188,4,18,0,16),(189,4,18,1,16),(190,4,18,2,16),(191,4,18,3,16),(192,10,18,19,16),(193,3,18,23,16),(194,3,18,24,16),(195,5,18,26,16),(196,5,18,27,16),(197,4,18,0,17),(198,4,18,1,17),(199,4,18,2,17),(200,4,18,3,17),(201,4,18,4,17),(202,6,18,7,17),(203,6,18,8,17),(204,4,18,9,17),(205,4,18,10,17),(206,4,18,11,17),(207,4,18,12,17),(208,4,18,13,17),(209,4,18,14,17),(210,4,18,15,17),(211,4,18,16,17),(212,4,18,17,17),(213,3,18,23,17),(214,3,18,24,17),(215,3,18,25,17),(216,4,18,0,18),(217,4,18,1,18),(218,4,18,2,18),(219,4,18,3,18),(220,6,18,7,18),(221,6,18,8,18),(222,4,18,9,18),(223,2,18,10,18),(224,4,18,12,18),(225,4,18,13,18),(226,4,18,14,18),(227,1,18,16,18),(228,3,18,23,18),(229,3,18,25,18),(230,4,18,0,19),(231,2,18,1,19),(232,4,18,3,19),(233,4,18,4,19),(234,4,18,5,19),(235,4,18,6,19),(236,6,18,7,19),(237,6,18,8,19),(238,4,18,9,19),(239,4,18,12,19),(240,4,18,13,19),(241,4,18,14,19),(242,4,18,15,19),(243,3,18,23,19),(244,4,18,25,19),(245,4,18,3,20),(246,6,18,8,20),(247,3,18,9,20),(248,3,18,10,20),(249,3,18,11,20),(250,4,18,12,20),(251,4,18,13,20),(252,3,18,23,20),(253,4,18,25,20),(254,4,18,2,21),(255,4,18,3,21),(256,3,18,9,21),(257,3,18,10,21),(258,3,18,11,21),(259,4,18,12,21),(260,4,18,13,21),(261,0,18,20,21),(262,3,18,23,21),(263,4,18,24,21),(264,4,18,25,21),(265,3,18,9,22),(266,3,18,10,22),(267,3,18,11,22),(268,3,18,12,22),(269,4,18,13,22),(270,4,18,23,22),(271,4,18,25,22),(272,4,18,26,22),(273,4,18,27,22),(274,3,18,7,23),(275,3,18,8,23),(276,3,18,9,23),(277,3,18,10,23),(278,3,18,11,23),(279,4,18,13,23),(280,4,18,23,23),(281,4,18,24,23),(282,4,18,25,23),(283,4,18,26,23),(284,4,18,27,23),(285,4,18,28,23),(286,3,18,9,24),(287,3,18,10,24),(288,3,18,11,24),(289,3,18,12,24),(290,3,18,13,24),(291,4,18,24,24),(292,4,18,26,24),(293,4,18,27,24),(294,4,18,28,24),(295,3,18,10,25),(296,3,18,11,25),(297,0,18,14,25),(298,4,18,24,25),(299,4,18,25,25),(300,4,18,26,25),(301,4,18,27,25),(302,6,18,28,25),(303,3,18,11,26),(304,5,18,13,26),(305,4,18,26,26),(306,6,18,27,26),(307,6,18,28,26),(308,5,18,12,27),(309,5,18,13,27),(310,5,18,14,27),(311,5,18,15,27),(312,5,18,16,27),(313,5,18,17,27),(314,4,18,26,27),(315,6,18,27,27),(316,6,18,28,27),(317,5,18,10,28),(318,5,18,14,28),(319,5,18,16,28),(320,5,18,17,28),(321,5,18,18,28),(322,5,18,19,28),(323,6,18,28,28),(324,5,18,10,29),(325,5,18,11,29),(326,5,18,13,29),(327,5,18,14,29),(328,5,18,15,29),(329,5,18,16,29),(330,5,18,17,29),(331,5,18,18,29),(332,6,18,28,29),(333,5,18,10,30),(334,5,18,11,30),(335,5,18,12,30),(336,5,18,13,30),(337,5,18,14,30),(338,5,18,15,30),(339,5,18,16,30),(340,5,18,17,30),(341,5,18,18,30),(342,5,18,19,30),(343,0,20,0,0),(344,3,20,10,0),(345,3,20,11,0),(346,3,20,12,0),(347,3,20,13,0),(348,3,20,14,0),(349,3,20,15,0),(350,3,20,16,0),(351,3,20,17,0),(352,3,20,18,0),(353,3,20,19,0),(354,3,20,20,0),(355,3,20,21,0),(356,3,20,22,0),(357,3,20,23,0),(358,0,20,3,1),(359,3,20,11,1),(360,3,20,12,1),(361,3,20,13,1),(362,3,20,14,1),(363,3,20,15,1),(364,3,20,16,1),(365,3,20,17,1),(366,3,20,18,1),(367,3,20,19,1),(368,3,20,20,1),(369,3,20,21,1),(370,3,20,22,1),(371,3,20,23,1),(372,3,20,24,1),(373,5,20,2,2),(374,3,20,10,2),(375,3,20,11,2),(376,3,20,12,2),(377,3,20,13,2),(378,3,20,14,2),(379,3,20,15,2),(380,3,20,16,2),(381,3,20,17,2),(382,3,20,18,2),(383,3,20,19,2),(384,3,20,20,2),(385,3,20,21,2),(386,3,20,22,2),(387,3,20,23,2),(388,3,20,24,2),(389,5,20,0,3),(390,5,20,1,3),(391,5,20,2,3),(392,3,20,9,3),(393,3,20,10,3),(394,3,20,11,3),(395,3,20,14,3),(396,3,20,15,3),(397,3,20,16,3),(398,3,20,17,3),(399,3,20,18,3),(400,3,20,19,3),(401,3,20,20,3),(402,3,20,21,3),(403,3,20,23,3),(404,5,20,0,4),(405,11,20,1,4),(406,3,20,9,4),(407,3,20,10,4),(408,3,20,13,4),(409,3,20,14,4),(410,3,20,15,4),(411,3,20,17,4),(412,3,20,18,4),(413,3,20,19,4),(414,3,20,20,4),(415,3,20,21,4),(416,0,20,24,4),(417,0,20,28,4),(418,5,20,0,5),(419,8,20,10,5),(420,3,20,18,5),(421,3,20,19,5),(422,3,20,20,5),(423,4,20,27,5),(424,5,20,0,6),(425,4,20,26,6),(426,4,20,27,6),(427,4,20,28,6),(428,5,20,0,7),(429,6,20,6,7),(430,4,20,24,7),(431,4,20,25,7),(432,4,20,26,7),(433,4,20,27,7),(434,4,20,28,7),(435,4,20,29,7),(436,5,20,0,8),(437,6,20,5,8),(438,6,20,6,8),(439,4,20,24,8),(440,4,20,25,8),(441,4,20,26,8),(442,4,20,27,8),(443,4,20,28,8),(444,4,20,29,8),(445,5,20,0,9),(446,6,20,5,9),(447,6,20,6,9),(448,6,20,7,9),(449,6,20,8,9),(450,4,20,23,9),(451,4,20,24,9),(452,4,20,25,9),(453,4,20,26,9),(454,4,20,27,9),(455,4,20,28,9),(456,4,20,29,9),(457,5,20,0,10),(458,5,20,2,10),(459,5,20,3,10),(460,6,20,7,10),(461,6,20,8,10),(462,4,20,24,10),(463,4,20,25,10),(464,4,20,26,10),(465,4,20,27,10),(466,4,20,28,10),(467,4,20,29,10),(468,5,20,0,11),(469,5,20,1,11),(470,5,20,3,11),(471,6,20,6,11),(472,4,20,24,11),(473,4,20,29,11),(474,5,20,0,12),(475,5,20,1,12),(476,5,20,2,12),(477,5,20,3,12),(478,5,20,4,12),(479,2,20,26,12),(480,5,20,0,13),(481,5,20,1,13),(482,5,20,2,13),(483,5,20,3,13),(484,5,20,4,13),(485,5,20,0,14),(486,5,20,2,14),(487,5,20,3,14),(488,5,20,2,15),(489,5,20,28,15),(490,13,20,1,16),(491,6,20,8,16),(492,5,20,28,16),(493,5,20,29,16),(494,6,20,8,17),(495,5,20,27,17),(496,5,20,28,17),(497,5,20,29,17),(498,6,20,4,18),(499,6,20,5,18),(500,6,20,6,18),(501,6,20,7,18),(502,6,20,8,18),(503,5,20,27,18),(504,5,20,28,18),(505,5,20,29,18),(506,4,20,1,19),(507,6,20,5,19),(508,6,20,6,19),(509,5,20,28,19),(510,5,20,29,19),(511,4,20,1,20),(512,4,20,2,20),(513,4,20,3,20),(514,0,20,10,20),(515,5,20,29,20),(516,4,20,1,21),(517,4,20,2,21),(518,4,20,3,21),(519,4,20,4,21),(520,5,20,27,21),(521,5,20,28,21),(522,5,20,29,21),(523,4,20,1,22),(524,4,20,2,22),(525,4,20,3,22),(526,4,20,4,22),(527,4,20,5,22),(528,6,20,26,22),(529,5,20,27,22),(530,5,20,28,22),(531,5,20,29,22),(532,4,20,2,23),(533,4,20,3,23),(534,4,20,4,23),(535,4,20,5,23),(536,12,20,7,23),(537,0,20,18,23),(538,6,20,26,23),(539,6,20,27,23),(540,6,20,28,23),(541,6,20,29,23),(542,4,20,3,24),(543,4,20,5,24),(544,6,20,27,24),(545,6,20,28,24),(546,6,20,29,24),(547,14,20,22,25),(548,5,20,28,25),(549,6,20,29,25),(550,5,20,0,26),(551,5,20,1,26),(552,5,20,4,26),(553,5,20,5,26),(554,5,20,28,26),(555,6,20,29,26),(556,5,20,0,27),(557,5,20,1,27),(558,5,20,2,27),(559,5,20,4,27),(560,5,20,5,27),(561,5,20,25,27),(562,5,20,26,27),(563,5,20,28,27),(564,5,20,29,27),(565,5,20,0,28),(566,5,20,1,28),(567,5,20,2,28),(568,5,20,3,28),(569,5,20,4,28),(570,2,20,17,28),(571,5,20,20,28),(572,5,20,26,28),(573,5,20,28,28),(574,5,20,0,29),(575,5,20,1,29),(576,5,20,2,29),(577,5,20,3,29),(578,5,20,16,29),(579,5,20,19,29),(580,5,20,20,29),(581,5,20,21,29),(582,5,20,22,29),(583,5,20,23,29),(584,5,20,24,29),(585,5,20,25,29),(586,5,20,26,29),(587,13,26,0,0),(588,10,26,7,0),(589,12,26,14,0),(590,8,26,2,3),(591,8,26,0,7),(592,14,26,14,7),(593,9,26,7,12),(594,4,34,24,0),(595,4,34,25,0),(596,4,34,26,0),(597,4,34,28,0),(598,4,34,22,1),(599,4,34,23,1),(600,4,34,24,1),(601,4,34,25,1),(602,4,34,26,1),(603,4,34,27,1),(604,4,34,28,1),(605,4,34,19,2),(606,4,34,22,2),(607,4,34,23,2),(608,4,34,24,2),(609,4,34,25,2),(610,4,34,26,2),(611,4,34,27,2),(612,4,34,28,2),(613,4,34,19,3),(614,4,34,22,3),(615,4,34,23,3),(616,4,34,26,3),(617,4,34,27,3),(618,4,34,28,3),(619,0,34,17,4),(620,4,34,19,4),(621,4,34,20,4),(622,4,34,21,4),(623,4,34,22,4),(624,4,34,27,4),(625,4,34,28,4),(626,4,34,19,5),(627,4,34,20,5),(628,4,34,21,5),(629,8,34,22,5),(630,4,34,27,5),(631,4,34,28,5),(632,3,34,13,6),(633,4,34,16,6),(634,4,34,17,6),(635,4,34,18,6),(636,4,34,19,6),(637,4,34,20,6),(638,4,34,21,6),(639,4,34,12,7),(640,3,34,13,7),(641,3,34,14,7),(642,3,34,16,7),(643,4,34,17,7),(644,3,34,18,7),(645,4,34,19,7),(646,4,34,20,7),(647,4,34,12,8),(648,3,34,13,8),(649,3,34,14,8),(650,3,34,15,8),(651,3,34,16,8),(652,3,34,17,8),(653,3,34,18,8),(654,4,34,19,8),(655,3,34,4,9),(656,3,34,5,9),(657,3,34,6,9),(658,3,34,7,9),(659,4,34,9,9),(660,4,34,10,9),(661,4,34,11,9),(662,4,34,12,9),(663,4,34,13,9),(664,4,34,15,9),(665,3,34,16,9),(666,3,34,17,9),(667,3,34,18,9),(668,3,34,19,9),(669,3,34,20,9),(670,3,34,0,10),(671,3,34,1,10),(672,3,34,2,10),(673,3,34,3,10),(674,3,34,4,10),(675,3,34,5,10),(676,3,34,6,10),(677,4,34,8,10),(678,4,34,9,10),(679,4,34,10,10),(680,4,34,11,10),(681,4,34,12,10),(682,4,34,13,10),(683,4,34,14,10),(684,4,34,15,10),(685,3,34,16,10),(686,3,34,17,10),(687,3,34,18,10),(688,3,34,0,11),(689,3,34,1,11),(690,3,34,2,11),(691,3,34,3,11),(692,3,34,4,11),(693,4,34,9,11),(694,4,34,10,11),(695,4,34,11,11),(696,4,34,12,11),(697,4,34,13,11),(698,4,34,14,11),(699,3,34,15,11),(700,3,34,16,11),(701,3,34,17,11),(702,0,34,18,11),(703,3,34,0,12),(704,3,34,1,12),(705,2,34,2,12),(706,3,34,4,12),(707,3,34,5,12),(708,3,34,6,12),(709,4,34,13,12),(710,0,34,14,12),(711,3,34,0,13),(712,3,34,1,13),(713,3,34,4,13),(714,3,34,5,13),(715,0,34,6,13),(716,5,34,19,13),(717,5,34,20,13),(718,0,34,26,13),(719,3,34,0,14),(720,3,34,1,14),(721,3,34,2,14),(722,3,34,3,14),(723,3,34,4,14),(724,6,34,5,14),(725,5,34,18,14),(726,5,34,19,14),(727,5,34,20,14),(728,5,34,21,14),(729,5,34,22,14),(730,3,34,0,15),(731,3,34,1,15),(732,3,34,2,15),(733,6,34,3,15),(734,6,34,4,15),(735,6,34,5,15),(736,6,34,6,15),(737,5,34,19,15),(738,5,34,21,15),(739,5,34,22,15),(740,5,34,25,15),(741,6,34,0,16),(742,6,34,1,16),(743,3,34,2,16),(744,3,34,3,16),(745,3,34,4,16),(746,6,34,5,16),(747,6,34,6,16),(748,6,34,7,16),(749,6,34,8,16),(750,5,34,21,16),(751,5,34,24,16),(752,5,34,25,16),(753,6,34,0,17),(754,6,34,1,17),(755,6,34,2,17),(756,6,34,3,17),(757,3,34,4,17),(758,6,34,5,17),(759,3,34,6,17),(760,6,34,7,17),(761,11,34,13,17),(762,5,34,21,17),(763,5,34,22,17),(764,0,34,23,17),(765,5,34,25,17),(766,5,34,26,17),(767,6,34,0,18),(768,6,34,1,18),(769,6,34,2,18),(770,3,34,3,18),(771,3,34,4,18),(772,3,34,5,18),(773,3,34,6,18),(774,3,34,7,18),(775,3,34,8,18),(776,5,34,22,18),(777,5,34,25,18),(778,5,34,26,18),(779,5,34,27,18),(780,6,34,2,19),(781,6,34,3,19),(782,2,34,4,19),(783,3,34,6,19),(784,3,34,7,19),(785,3,34,8,19),(786,5,34,24,19),(787,5,34,25,19),(788,5,34,26,19),(789,3,34,6,20),(790,3,34,7,20),(791,3,34,8,20),(792,5,34,25,20),(793,5,34,26,20),(794,5,34,27,20),(795,5,34,0,21),(796,5,34,2,21),(797,5,34,4,21),(798,5,34,5,21),(799,5,34,6,21),(800,3,34,7,21),(801,3,34,8,21),(802,5,34,0,22),(803,5,34,1,22),(804,5,34,2,22),(805,5,34,3,22),(806,5,34,4,22),(807,5,34,5,22),(808,5,34,6,22),(809,3,34,7,22),(810,3,34,8,22),(811,3,34,9,22),(812,3,34,10,22),(813,3,34,11,22),(814,3,34,12,22),(815,5,34,1,23),(816,6,34,3,23),(817,6,34,4,23),(818,6,34,5,23),(819,5,34,6,23),(820,3,34,7,23),(821,3,34,8,23),(822,6,34,3,24),(823,6,34,4,24),(824,6,34,5,24),(825,3,34,6,24),(826,3,34,7,24),(827,3,34,8,24),(828,6,34,4,25),(829,6,34,5,25),(830,6,34,6,25),(831,6,34,7,25),(832,3,34,8,25),(833,3,34,9,25),(834,5,34,21,25),(835,5,34,22,25),(836,4,34,23,25),(837,4,34,24,25),(838,4,34,25,25),(839,6,34,5,26),(840,3,34,8,26),(841,0,34,13,26),(842,5,34,22,26),(843,5,34,23,26),(844,4,34,24,26),(845,4,34,25,26),(846,4,34,26,26),(847,5,34,19,27),(848,5,34,20,27),(849,5,34,21,27),(850,5,34,22,27),(851,4,34,23,27),(852,4,34,24,27),(853,4,34,25,27),(854,4,34,26,27),(855,4,34,27,27),(856,9,34,17,28),(857,5,34,21,28),(858,5,34,22,28),(859,4,34,23,28),(860,4,34,24,28),(861,4,34,25,28),(862,4,34,26,28),(863,4,34,27,28),(864,4,34,28,28),(865,5,34,21,29),(866,5,34,22,29),(867,4,34,23,29),(868,4,34,25,29),(869,4,34,27,29),(870,4,34,28,29),(871,5,34,21,30),(872,5,34,22,30),(873,4,34,23,30),(874,4,34,28,30),(875,5,37,3,0),(876,5,37,4,0),(877,3,37,17,0),(878,3,37,18,0),(879,3,37,19,0),(880,3,37,20,0),(881,3,37,21,0),(882,3,37,22,0),(883,5,37,1,1),(884,5,37,2,1),(885,5,37,3,1),(886,5,37,4,1),(887,5,37,5,1),(888,6,37,12,1),(889,6,37,13,1),(890,5,37,14,1),(891,5,37,16,1),(892,3,37,17,1),(893,3,37,18,1),(894,3,37,19,1),(895,3,37,20,1),(896,3,37,21,1),(897,3,37,22,1),(898,5,37,2,2),(899,5,37,4,2),(900,5,37,5,2),(901,6,37,13,2),(902,5,37,14,2),(903,5,37,15,2),(904,5,37,16,2),(905,3,37,19,2),(906,3,37,20,2),(907,5,37,3,3),(908,5,37,4,3),(909,5,37,5,3),(910,5,37,6,3),(911,5,37,7,3),(912,5,37,8,3),(913,0,37,9,3),(914,5,37,11,3),(915,6,37,13,3),(916,5,37,14,3),(917,5,37,15,3),(918,9,37,16,3),(919,5,37,2,4),(920,5,37,3,4),(921,5,37,5,4),(922,5,37,6,4),(923,5,37,8,4),(924,5,37,11,4),(925,5,37,12,4),(926,5,37,13,4),(927,5,37,14,4),(928,5,37,15,4),(929,6,37,25,4),(930,4,37,5,5),(931,4,37,6,5),(932,5,37,8,5),(933,5,37,10,5),(934,5,37,11,5),(935,5,37,12,5),(936,5,37,13,5),(937,5,37,14,5),(938,6,37,25,5),(939,4,37,2,6),(940,4,37,4,6),(941,4,37,5,6),(942,4,37,6,6),(943,4,37,7,6),(944,10,37,8,6),(945,5,37,13,6),(946,5,37,14,6),(947,5,37,15,6),(948,6,37,25,6),(949,4,37,0,7),(950,4,37,1,7),(951,4,37,2,7),(952,2,37,3,7),(953,4,37,5,7),(954,4,37,6,7),(955,5,37,13,7),(956,1,37,14,7),(957,6,37,25,7),(958,4,37,0,8),(959,4,37,1,8),(960,4,37,2,8),(961,4,37,5,8),(962,4,37,0,9),(963,4,37,1,9),(964,4,37,2,9),(965,4,37,3,9),(966,5,37,12,9),(967,4,37,0,10),(968,4,37,1,10),(969,4,37,2,10),(970,4,37,3,10),(971,4,37,4,10),(972,4,37,5,10),(973,5,37,10,10),(974,5,37,11,10),(975,5,37,12,10),(976,3,37,0,11),(977,4,37,1,11),(978,0,37,3,11),(979,3,37,5,11),(980,6,37,7,11),(981,6,37,8,11),(982,6,37,9,11),(983,5,37,10,11),(984,5,37,11,11),(985,3,37,0,12),(986,3,37,2,12),(987,3,37,5,12),(988,3,37,6,12),(989,6,37,8,12),(990,5,37,9,12),(991,5,37,10,12),(992,5,37,11,12),(993,3,37,0,13),(994,3,37,1,13),(995,3,37,2,13),(996,3,37,3,13),(997,3,37,4,13),(998,3,37,5,13),(999,3,37,6,13),(1000,5,37,7,13),(1001,5,37,8,13),(1002,5,37,9,13),(1003,5,37,10,13),(1004,5,37,11,13),(1005,8,37,12,13),(1006,3,37,26,13),(1007,3,37,27,13),(1008,11,37,1,14),(1009,3,37,6,14),(1010,4,37,7,14),(1011,5,37,8,14),(1012,5,37,9,14),(1013,5,37,10,14),(1014,5,37,11,14),(1015,4,37,20,14),(1016,3,37,26,14),(1017,3,37,27,14),(1018,4,37,6,15),(1019,4,37,7,15),(1020,5,37,11,15),(1021,0,37,16,15),(1022,4,37,20,15),(1023,4,37,21,15),(1024,4,37,22,15),(1025,3,37,24,15),(1026,3,37,25,15),(1027,3,37,26,15),(1028,4,37,7,16),(1029,5,37,10,16),(1030,5,37,11,16),(1031,5,37,13,16),(1032,5,37,14,16),(1033,4,37,20,16),(1034,4,37,21,16),(1035,4,37,22,16),(1036,4,37,23,16),(1037,4,37,24,16),(1038,3,37,25,16),(1039,3,37,26,16),(1040,3,37,27,16),(1041,6,37,5,17),(1042,4,37,7,17),(1043,4,37,8,17),(1044,5,37,10,17),(1045,5,37,13,17),(1046,5,37,14,17),(1047,5,37,15,17),(1048,5,37,16,17),(1049,5,37,17,17),(1050,3,37,26,17),(1051,3,37,27,17),(1052,6,37,5,18),(1053,4,37,7,18),(1054,4,37,8,18),(1055,2,37,9,18),(1056,5,37,12,18),(1057,5,37,13,18),(1058,5,37,14,18),(1059,5,37,15,18),(1060,5,37,16,18),(1061,5,37,17,18),(1062,5,37,18,18),(1063,3,37,26,18),(1064,3,37,27,18),(1065,6,37,5,19),(1066,6,37,6,19),(1067,4,37,7,19),(1068,5,37,13,19),(1069,5,37,14,19),(1070,5,37,15,19),(1071,5,37,16,19),(1072,0,37,13,20),(1073,5,37,15,20),(1074,5,37,16,20),(1075,5,37,17,20),(1076,5,37,17,21),(1077,2,37,7,22),(1078,6,37,12,22),(1079,6,37,13,22),(1080,2,37,17,22),(1081,3,37,4,23),(1082,6,37,13,23),(1083,6,37,14,23),(1084,3,37,4,24),(1085,3,37,5,24),(1086,3,37,6,24),(1087,3,37,7,24),(1088,3,37,8,24),(1089,3,37,4,25),(1090,3,37,5,25),(1091,3,37,6,25),(1092,3,37,7,25),(1093,13,37,10,25),(1094,3,37,6,26),(1095,3,37,7,26),(1096,3,37,8,26),(1097,3,37,9,26),(1098,4,40,17,0),(1099,4,40,18,0),(1100,4,40,15,1),(1101,4,40,16,1),(1102,4,40,17,1),(1103,6,40,6,2),(1104,6,40,7,2),(1105,6,40,8,2),(1106,4,40,14,2),(1107,4,40,15,2),(1108,4,40,16,2),(1109,4,40,17,2),(1110,4,40,18,2),(1111,4,40,19,2),(1112,3,40,4,3),(1113,3,40,5,3),(1114,3,40,6,3),(1115,6,40,7,3),(1116,6,40,8,3),(1117,6,40,10,3),(1118,4,40,16,3),(1119,4,40,17,3),(1120,4,40,18,3),(1121,4,40,19,3),(1122,4,40,20,3),(1123,4,40,21,3),(1124,3,40,4,4),(1125,3,40,5,4),(1126,3,40,6,4),(1127,3,40,7,4),(1128,6,40,8,4),(1129,6,40,9,4),(1130,6,40,10,4),(1131,6,40,11,4),(1132,4,40,18,4),(1133,4,40,19,4),(1134,4,40,20,4),(1135,3,40,3,5),(1136,3,40,4,5),(1137,3,40,5,5),(1138,3,40,6,5),(1139,3,40,7,5),(1140,6,40,8,5),(1141,4,40,10,5),(1142,4,40,13,5),(1143,0,40,18,5),(1144,3,40,4,6),(1145,3,40,5,6),(1146,3,40,6,6),(1147,3,40,7,6),(1148,4,40,8,6),(1149,4,40,9,6),(1150,4,40,10,6),(1151,4,40,11,6),(1152,4,40,12,6),(1153,4,40,13,6),(1154,4,40,14,6),(1155,3,40,4,7),(1156,3,40,5,7),(1157,3,40,6,7),(1158,3,40,7,7),(1159,3,40,8,7),(1160,6,40,9,7),(1161,6,40,11,7),(1162,4,40,12,7),(1163,4,40,13,7),(1164,4,40,21,7),(1165,4,40,22,7),(1166,2,40,1,8),(1167,3,40,4,8),(1168,0,40,5,8),(1169,6,40,7,8),(1170,6,40,8,8),(1171,6,40,9,8),(1172,6,40,10,8),(1173,6,40,11,8),(1174,4,40,12,8),(1175,4,40,13,8),(1176,4,40,14,8),(1177,4,40,15,8),(1178,4,40,21,8),(1179,13,40,22,8),(1180,3,40,3,9),(1181,3,40,4,9),(1182,6,40,7,9),(1183,6,40,8,9),(1184,6,40,9,9),(1185,4,40,11,9),(1186,4,40,12,9),(1187,4,40,14,9),(1188,4,40,15,9),(1189,4,40,21,9),(1190,3,40,2,10),(1191,3,40,4,10),(1192,3,40,5,10),(1193,3,40,6,10),(1194,6,40,8,10),(1195,5,40,12,10),(1196,4,40,15,10),(1197,5,40,17,10),(1198,4,40,18,10),(1199,4,40,19,10),(1200,4,40,20,10),(1201,4,40,21,10),(1202,3,40,2,11),(1203,3,40,3,11),(1204,3,40,4,11),(1205,0,40,10,11),(1206,5,40,12,11),(1207,5,40,15,11),(1208,5,40,16,11),(1209,5,40,17,11),(1210,4,40,18,11),(1211,4,40,19,11),(1212,4,40,20,11),(1213,4,40,21,11),(1214,4,40,22,11),(1215,4,40,23,11),(1216,3,40,0,12),(1217,3,40,1,12),(1218,3,40,2,12),(1219,3,40,3,12),(1220,3,40,4,12),(1221,5,40,12,12),(1222,5,40,13,12),(1223,5,40,14,12),(1224,5,40,15,12),(1225,0,40,16,12),(1226,4,40,19,12),(1227,4,40,21,12),(1228,3,40,0,13),(1229,3,40,1,13),(1230,3,40,2,13),(1231,3,40,3,13),(1232,3,40,4,13),(1233,5,40,5,13),(1234,5,40,10,13),(1235,5,40,11,13),(1236,5,40,12,13),(1237,5,40,13,13),(1238,5,40,14,13),(1239,5,40,15,13),(1240,4,40,19,13),(1241,4,40,20,13),(1242,3,40,2,14),(1243,5,40,3,14),(1244,5,40,4,14),(1245,5,40,5,14),(1246,5,40,11,14),(1247,5,40,12,14),(1248,5,40,13,14),(1249,5,40,14,14),(1250,5,40,15,14),(1251,4,40,19,14),(1252,4,40,20,14),(1253,5,40,2,15),(1254,5,40,3,15),(1255,5,40,4,15),(1256,5,40,13,15),(1257,5,40,14,15),(1258,2,40,20,15),(1259,5,40,22,15),(1260,3,40,27,15),(1261,3,40,28,15),(1262,3,40,29,15),(1263,5,40,2,16),(1264,5,40,3,16),(1265,5,40,4,16),(1266,5,40,13,16),(1267,5,40,14,16),(1268,5,40,19,16),(1269,5,40,22,16),(1270,5,40,23,16),(1271,0,40,25,16),(1272,3,40,27,16),(1273,3,40,28,16),(1274,5,40,2,17),(1275,5,40,3,17),(1276,5,40,4,17),(1277,6,40,7,17),(1278,5,40,14,17),(1279,5,40,15,17),(1280,5,40,16,17),(1281,5,40,17,17),(1282,5,40,18,17),(1283,5,40,19,17),(1284,5,40,20,17),(1285,5,40,22,17),(1286,3,40,27,17),(1287,3,40,28,17),(1288,3,40,29,17),(1289,5,40,0,18),(1290,5,40,1,18),(1291,5,40,2,18),(1292,5,40,3,18),(1293,0,40,4,18),(1294,6,40,6,18),(1295,6,40,7,18),(1296,0,40,15,18),(1297,5,40,17,18),(1298,5,40,18,18),(1299,5,40,19,18),(1300,5,40,20,18),(1301,5,40,21,18),(1302,5,40,22,18),(1303,3,40,25,18),(1304,3,40,26,18),(1305,3,40,27,18),(1306,3,40,28,18),(1307,3,40,29,18),(1308,5,40,1,19),(1309,5,40,3,19),(1310,6,40,6,19),(1311,6,40,7,19),(1312,5,40,17,19),(1313,5,40,18,19),(1314,5,40,19,19),(1315,5,40,20,19),(1316,5,40,21,19),(1317,5,40,22,19),(1318,5,40,23,19),(1319,3,40,25,19),(1320,3,40,26,19),(1321,3,40,27,19),(1322,3,40,28,19),(1323,3,40,29,19),(1324,6,40,2,20),(1325,6,40,3,20),(1326,6,40,4,20),(1327,6,40,5,20),(1328,6,40,6,20),(1329,6,40,7,20),(1330,5,40,19,20),(1331,5,40,20,20),(1332,2,40,22,20),(1333,3,40,27,20),(1334,3,40,28,20),(1335,3,40,29,20),(1336,5,40,20,21),(1337,5,40,21,21),(1338,5,40,20,22),(1339,5,40,21,22),(1340,5,40,22,22),(1341,5,40,23,22),(1342,5,40,20,23),(1343,5,40,21,23),(1344,5,40,22,23),(1345,5,40,24,23),(1346,5,40,25,23),(1347,5,40,20,24),(1348,5,40,21,24),(1349,5,40,22,24),(1350,5,40,23,24),(1351,5,40,24,24),(1352,5,40,25,24),(1353,5,40,19,25),(1354,5,40,20,25),(1355,5,40,21,25),(1356,5,40,22,25),(1357,5,40,23,25),(1358,5,40,24,25),(1359,5,40,25,25),(1360,4,54,14,0),(1361,4,54,15,0),(1362,4,54,16,0),(1363,4,54,17,0),(1364,4,54,18,0),(1365,4,54,19,0),(1366,5,54,0,1),(1367,5,54,1,1),(1368,5,54,2,1),(1369,5,54,3,1),(1370,4,54,14,1),(1371,4,54,15,1),(1372,4,54,16,1),(1373,4,54,17,1),(1374,4,54,18,1),(1375,4,54,19,1),(1376,5,54,0,2),(1377,5,54,1,2),(1378,5,54,2,2),(1379,4,54,3,2),(1380,4,54,5,2),(1381,4,54,6,2),(1382,4,54,7,2),(1383,0,54,9,2),(1384,4,54,15,2),(1385,4,54,16,2),(1386,4,54,17,2),(1387,4,54,18,2),(1388,4,54,19,2),(1389,4,54,21,2),(1390,0,54,24,2),(1391,5,54,0,3),(1392,5,54,1,3),(1393,4,54,2,3),(1394,4,54,3,3),(1395,0,54,4,3),(1396,4,54,6,3),(1397,4,54,7,3),(1398,4,54,8,3),(1399,3,54,13,3),(1400,4,54,15,3),(1401,4,54,16,3),(1402,4,54,17,3),(1403,4,54,19,3),(1404,4,54,20,3),(1405,4,54,21,3),(1406,5,54,0,4),(1407,5,54,1,4),(1408,4,54,2,4),(1409,4,54,3,4),(1410,4,54,6,4),(1411,4,54,7,4),(1412,4,54,8,4),(1413,4,54,9,4),(1414,3,54,11,4),(1415,3,54,12,4),(1416,3,54,13,4),(1417,3,54,14,4),(1418,4,54,15,4),(1419,4,54,16,4),(1420,4,54,17,4),(1421,4,54,19,4),(1422,4,54,20,4),(1423,5,54,0,5),(1424,5,54,1,5),(1425,4,54,2,5),(1426,4,54,3,5),(1427,4,54,4,5),(1428,4,54,5,5),(1429,4,54,6,5),(1430,4,54,7,5),(1431,4,54,8,5),(1432,4,54,9,5),(1433,3,54,10,5),(1434,3,54,11,5),(1435,3,54,12,5),(1436,3,54,13,5),(1437,3,54,14,5),(1438,5,54,0,6),(1439,5,54,1,6),(1440,4,54,2,6),(1441,4,54,3,6),(1442,4,54,4,6),(1443,11,54,5,6),(1444,3,54,9,6),(1445,3,54,10,6),(1446,4,54,18,6),(1447,4,54,20,6),(1448,4,54,23,6),(1449,0,54,24,6),(1450,5,54,0,7),(1451,2,54,1,7),(1452,4,54,3,7),(1453,3,54,9,7),(1454,3,54,10,7),(1455,3,54,11,7),(1456,4,54,17,7),(1457,4,54,18,7),(1458,4,54,20,7),(1459,4,54,22,7),(1460,4,54,23,7),(1461,4,54,3,8),(1462,4,54,4,8),(1463,3,54,9,8),(1464,3,54,10,8),(1465,3,54,11,8),(1466,4,54,15,8),(1467,4,54,16,8),(1468,4,54,17,8),(1469,4,54,18,8),(1470,4,54,19,8),(1471,4,54,20,8),(1472,4,54,21,8),(1473,4,54,22,8),(1474,3,54,9,9),(1475,3,54,10,9),(1476,4,54,14,9),(1477,4,54,15,9),(1478,4,54,16,9),(1479,4,54,17,9),(1480,4,54,18,9),(1481,4,54,19,9),(1482,4,54,20,9),(1483,3,54,9,10),(1484,4,54,16,10),(1485,4,54,17,10),(1486,4,54,19,10),(1487,4,54,20,10),(1488,4,54,17,11),(1489,4,54,19,11),(1490,6,54,12,12),(1491,6,54,13,12),(1492,6,54,18,12),(1493,6,54,19,12),(1494,6,54,20,12),(1495,6,54,12,13),(1496,6,54,13,13),(1497,6,54,14,13),(1498,6,54,17,13),(1499,6,54,18,13),(1500,6,54,19,13),(1501,6,54,11,14),(1502,6,54,12,14),(1503,6,54,13,14),(1504,3,54,15,14),(1505,3,54,16,14),(1506,0,54,17,14),(1507,6,54,19,14),(1508,3,54,16,15),(1509,6,54,19,15),(1510,3,54,13,16),(1511,3,54,14,16),(1512,3,54,15,16),(1513,3,54,16,16),(1514,3,54,17,16),(1515,3,54,18,16),(1516,3,54,19,16),(1517,5,54,20,16),(1518,5,54,21,16),(1519,3,54,14,17),(1520,3,54,15,17),(1521,3,54,16,17),(1522,3,54,17,17),(1523,3,54,18,17),(1524,3,54,19,17),(1525,5,54,20,17),(1526,0,54,12,18),(1527,3,54,14,18),(1528,3,54,15,18),(1529,3,54,16,18),(1530,3,54,17,18),(1531,5,54,18,18),(1532,5,54,19,18),(1533,5,54,20,18),(1534,6,54,0,19),(1535,6,54,1,19),(1536,6,54,2,19),(1537,3,54,17,19),(1538,5,54,18,19),(1539,5,54,19,19),(1540,5,54,20,19),(1541,5,54,21,19),(1542,5,54,22,19),(1543,6,54,2,20),(1544,6,54,3,20),(1545,6,54,4,20),(1546,5,54,21,20),(1547,5,54,22,20),(1548,14,54,0,21),(1549,6,54,3,21),(1550,3,54,7,21),(1551,3,54,8,21),(1552,3,54,9,21),(1553,5,54,19,21),(1554,5,54,20,21),(1555,5,54,21,21),(1556,6,54,22,21),(1557,6,54,3,22),(1558,3,54,7,22),(1559,3,54,8,22),(1560,3,54,9,22),(1561,5,54,11,22),(1562,6,54,22,22),(1563,3,54,7,23),(1564,3,54,8,23),(1565,5,54,11,23),(1566,6,54,22,23),(1567,9,54,4,24),(1568,3,54,8,24),(1569,3,54,9,24),(1570,3,54,10,24),(1571,5,54,11,24),(1572,6,54,21,24),(1573,6,54,22,24),(1574,6,54,23,24),(1575,0,54,24,24),(1576,3,54,8,25),(1577,3,54,9,25),(1578,3,54,10,25),(1579,5,54,11,25),(1580,10,54,18,25),(1581,6,54,22,25),(1582,6,54,23,25),(1583,3,54,8,26),(1584,3,54,9,26),(1585,3,54,10,26),(1586,5,54,11,26),(1587,3,54,9,27),(1588,5,54,10,27),(1589,5,54,11,27),(1590,5,54,12,27),(1591,5,54,22,27),(1592,3,54,9,28),(1593,5,54,10,28),(1594,5,54,11,28),(1595,5,54,12,28),(1596,5,54,13,28),(1597,2,54,14,28),(1598,5,54,22,28),(1599,13,54,2,29),(1600,3,54,9,29),(1601,3,54,10,29),(1602,5,54,11,29),(1603,5,54,12,29),(1604,5,54,20,29),(1605,5,54,21,29),(1606,5,54,22,29),(1607,5,54,25,29),(1608,5,54,26,29),(1609,5,54,27,29),(1610,5,54,10,30),(1611,5,54,11,30),(1612,5,54,19,30),(1613,5,54,20,30),(1614,5,54,21,30),(1615,5,54,22,30),(1616,5,54,23,30),(1617,5,54,24,30),(1618,5,54,25,30),(1619,5,54,26,30),(1620,4,68,3,0),(1621,4,68,4,0),(1622,4,68,5,0),(1623,3,68,6,0),(1624,3,68,7,0),(1625,3,68,8,0),(1626,3,68,9,0),(1627,3,68,10,0),(1628,4,68,11,0),(1629,4,68,12,0),(1630,4,68,13,0),(1631,4,68,14,0),(1632,4,68,15,0),(1633,5,68,16,0),(1634,5,68,17,0),(1635,5,68,18,0),(1636,4,68,3,1),(1637,4,68,4,1),(1638,4,68,5,1),(1639,3,68,6,1),(1640,3,68,7,1),(1641,3,68,8,1),(1642,3,68,9,1),(1643,3,68,10,1),(1644,3,68,11,1),(1645,4,68,12,1),(1646,4,68,13,1),(1647,4,68,14,1),(1648,4,68,15,1),(1649,5,68,16,1),(1650,5,68,17,1),(1651,5,68,18,1),(1652,4,68,5,2),(1653,4,68,6,2),(1654,4,68,7,2),(1655,3,68,8,2),(1656,3,68,9,2),(1657,3,68,10,2),(1658,3,68,11,2),(1659,3,68,12,2),(1660,4,68,13,2),(1661,5,68,14,2),(1662,5,68,15,2),(1663,5,68,16,2),(1664,5,68,17,2),(1665,5,68,18,2),(1666,4,68,3,3),(1667,4,68,5,3),(1668,4,68,6,3),(1669,4,68,7,3),(1670,4,68,8,3),(1671,1,68,9,3),(1672,4,68,11,3),(1673,4,68,12,3),(1674,4,68,13,3),(1675,4,68,14,3),(1676,5,68,15,3),(1677,5,68,16,3),(1678,5,68,17,3),(1679,5,68,18,3),(1680,4,68,3,4),(1681,4,68,4,4),(1682,4,68,5,4),(1683,4,68,6,4),(1684,4,68,7,4),(1685,4,68,12,4),(1686,4,68,13,4),(1687,4,68,14,4),(1688,4,68,15,4),(1689,2,68,16,4),(1690,5,68,18,4),(1691,4,68,2,5),(1692,4,68,3,5),(1693,4,68,4,5),(1694,4,68,5,5),(1695,4,68,6,5),(1696,4,68,7,5),(1697,4,68,10,5),(1698,4,68,11,5),(1699,4,68,12,5),(1700,4,68,14,5),(1701,5,68,18,5),(1702,5,68,19,5),(1703,1,68,4,6),(1704,4,68,10,6),(1705,4,68,12,6),(1706,4,68,13,6),(1707,5,68,18,6),(1708,4,68,19,6),(1709,4,68,20,6),(1710,4,68,19,7),(1711,4,68,20,7),(1712,4,68,17,8),(1713,4,68,19,8),(1714,4,68,17,9),(1715,4,68,18,9),(1716,4,68,19,9),(1717,4,68,20,9),(1718,0,68,5,10),(1719,4,68,18,10),(1720,4,68,20,10),(1721,4,68,16,11),(1722,4,68,17,11),(1723,4,68,18,11),(1724,4,68,19,11),(1725,11,68,24,11),(1726,0,68,1,12),(1727,6,68,7,12),(1728,3,68,11,12),(1729,3,68,12,12),(1730,6,68,14,12),(1731,6,68,15,12),(1732,4,68,16,12),(1733,4,68,17,12),(1734,4,68,19,12),(1735,4,68,20,12),(1736,4,68,21,12),(1737,6,68,5,13),(1738,6,68,6,13),(1739,6,68,7,13),(1740,0,68,9,13),(1741,3,68,12,13),(1742,6,68,14,13),(1743,6,68,15,13),(1744,6,68,16,13),(1745,4,68,17,13),(1746,4,68,18,13),(1747,4,68,20,13),(1748,5,68,0,14),(1749,6,68,1,14),(1750,6,68,2,14),(1751,6,68,3,14),(1752,6,68,4,14),(1753,6,68,5,14),(1754,6,68,6,14),(1755,6,68,7,14),(1756,6,68,8,14),(1757,3,68,11,14),(1758,3,68,12,14),(1759,0,68,13,14),(1760,6,68,15,14),(1761,6,68,16,14),(1762,4,68,17,14),(1763,5,68,18,14),(1764,5,68,19,14),(1765,5,68,20,14),(1766,5,68,21,14),(1767,5,68,0,15),(1768,5,68,2,15),(1769,6,68,3,15),(1770,6,68,4,15),(1771,6,68,8,15),(1772,3,68,10,15),(1773,3,68,11,15),(1774,3,68,12,15),(1775,6,68,15,15),(1776,6,68,16,15),(1777,6,68,17,15),(1778,5,68,19,15),(1779,5,68,20,15),(1780,5,68,21,15),(1781,5,68,0,16),(1782,5,68,1,16),(1783,5,68,2,16),(1784,5,68,3,16),(1785,6,68,4,16),(1786,6,68,7,16),(1787,6,68,8,16),(1788,6,68,9,16),(1789,3,68,11,16),(1790,3,68,12,16),(1791,3,68,13,16),(1792,3,68,14,16),(1793,6,68,15,16),(1794,5,68,17,16),(1795,5,68,19,16),(1796,5,68,0,17),(1797,5,68,1,17),(1798,5,68,2,17),(1799,5,68,3,17),(1800,6,68,4,17),(1801,6,68,8,17),(1802,3,68,10,17),(1803,3,68,11,17),(1804,3,68,12,17),(1805,3,68,13,17),(1806,5,68,17,17),(1807,5,68,18,17),(1808,5,68,19,17),(1809,5,68,0,18),(1810,5,68,1,18),(1811,5,68,2,18),(1812,5,68,3,18),(1813,5,68,4,18),(1814,5,68,5,18),(1815,6,68,8,18),(1816,3,68,11,18),(1817,3,68,12,18),(1818,5,68,13,18),(1819,5,68,18,18),(1820,5,68,19,18),(1821,5,68,20,18),(1822,5,68,21,18),(1823,5,68,4,19),(1824,5,68,5,19),(1825,3,68,8,19),(1826,0,68,9,19),(1827,5,68,11,19),(1828,3,68,12,19),(1829,5,68,13,19),(1830,5,68,18,19),(1831,5,68,19,19),(1832,3,68,4,20),(1833,3,68,5,20),(1834,3,68,6,20),(1835,3,68,8,20),(1836,5,68,11,20),(1837,5,68,12,20),(1838,5,68,13,20),(1839,5,68,14,20),(1840,5,68,18,20),(1841,8,68,25,20),(1842,3,68,6,21),(1843,3,68,7,21),(1844,3,68,8,21),(1845,5,68,9,21),(1846,5,68,10,21),(1847,5,68,11,21),(1848,5,68,12,21),(1849,5,68,13,21),(1850,5,68,14,21),(1851,5,68,15,21),(1852,3,68,8,22),(1853,3,68,9,22),(1854,3,68,10,22),(1855,5,68,11,22),(1856,5,68,12,22),(1857,5,68,13,22),(1858,5,68,14,22),(1859,5,68,15,22),(1860,3,68,8,23),(1861,3,68,9,23),(1862,3,68,10,23),(1863,3,68,11,23),(1864,3,68,12,23),(1865,2,68,2,24),(1866,3,68,8,24),(1867,3,68,10,24),(1868,3,68,12,24),(1869,0,68,19,24),(1870,6,68,26,24),(1871,6,68,27,24),(1872,5,68,7,25),(1873,5,68,8,25),(1874,12,68,12,25),(1875,6,68,23,25),(1876,6,68,24,25),(1877,6,68,25,25),(1878,6,68,26,25),(1879,5,68,3,26),(1880,5,68,4,26),(1881,5,68,5,26),(1882,5,68,6,26),(1883,5,68,7,26),(1884,5,68,8,26),(1885,5,68,9,26),(1886,5,68,10,26),(1887,5,68,11,26),(1888,6,68,23,26),(1889,6,68,24,26),(1890,6,68,25,26),(1891,6,68,26,26),(1892,6,68,27,26),(1893,3,68,4,27),(1894,5,68,5,27),(1895,5,68,6,27),(1896,3,68,7,27),(1897,5,68,8,27),(1898,5,68,9,27),(1899,5,68,10,27),(1900,5,68,11,27),(1901,3,68,2,28),(1902,3,68,3,28),(1903,3,68,4,28),(1904,3,68,5,28),(1905,3,68,7,28),(1906,5,68,8,28),(1907,5,68,10,28),(1908,2,68,1,29),(1909,3,68,3,29),(1910,3,68,5,29),(1911,3,68,6,29),(1912,3,68,7,29),(1913,2,68,8,29),(1914,3,68,5,30),(1915,3,68,6,30),(1916,3,68,7,30),(1917,3,68,5,31),(1918,3,68,6,31),(1919,3,68,7,31),(1920,3,68,8,31),(1921,3,68,9,31),(1922,12,71,4,0),(1923,4,71,20,0),(1924,4,71,21,0),(1925,5,71,25,0),(1926,6,71,11,1),(1927,4,71,20,1),(1928,4,71,21,1),(1929,4,71,22,1),(1930,5,71,24,1),(1931,5,71,25,1),(1932,5,71,27,1),(1933,3,71,10,2),(1934,6,71,11,2),(1935,6,71,12,2),(1936,6,71,13,2),(1937,6,71,14,2),(1938,4,71,19,2),(1939,4,71,20,2),(1940,4,71,21,2),(1941,4,71,22,2),(1942,5,71,23,2),(1943,5,71,24,2),(1944,5,71,25,2),(1945,5,71,26,2),(1946,5,71,27,2),(1947,5,71,28,2),(1948,3,71,10,3),(1949,6,71,11,3),(1950,6,71,13,3),(1951,6,71,14,3),(1952,4,71,19,3),(1953,4,71,20,3),(1954,4,71,21,3),(1955,4,71,22,3),(1956,4,71,23,3),(1957,4,71,24,3),(1958,5,71,25,3),(1959,3,71,10,4),(1960,6,71,12,4),(1961,6,71,13,4),(1962,6,71,14,4),(1963,4,71,19,4),(1964,4,71,20,4),(1965,3,71,10,5),(1966,3,71,11,5),(1967,3,71,12,5),(1968,5,71,14,5),(1969,5,71,15,5),(1970,5,71,16,5),(1971,5,71,18,5),(1972,4,71,19,5),(1973,3,71,9,6),(1974,3,71,10,6),(1975,3,71,11,6),(1976,5,71,16,6),(1977,5,71,17,6),(1978,5,71,18,6),(1979,5,71,19,6),(1980,4,71,26,6),(1981,3,71,10,7),(1982,3,71,11,7),(1983,0,71,12,7),(1984,5,71,16,7),(1985,5,71,18,7),(1986,3,71,19,7),(1987,3,71,20,7),(1988,4,71,23,7),(1989,4,71,24,7),(1990,4,71,25,7),(1991,4,71,26,7),(1992,4,71,27,7),(1993,4,71,28,7),(1994,3,71,10,8),(1995,3,71,11,8),(1996,6,71,15,8),(1997,5,71,16,8),(1998,3,71,19,8),(1999,3,71,20,8),(2000,4,71,24,8),(2001,4,71,25,8),(2002,4,71,26,8),(2003,6,71,3,9),(2004,3,71,7,9),(2005,3,71,8,9),(2006,3,71,9,9),(2007,3,71,10,9),(2008,3,71,11,9),(2009,6,71,12,9),(2010,6,71,13,9),(2011,6,71,14,9),(2012,6,71,15,9),(2013,6,71,16,9),(2014,3,71,19,9),(2015,3,71,20,9),(2016,3,71,21,9),(2017,4,71,23,9),(2018,4,71,25,9),(2019,4,71,26,9),(2020,6,71,0,10),(2021,6,71,2,10),(2022,6,71,3,10),(2023,13,71,4,10),(2024,3,71,10,10),(2025,3,71,11,10),(2026,6,71,14,10),(2027,6,71,15,10),(2028,6,71,16,10),(2029,6,71,17,10),(2030,3,71,19,10),(2031,3,71,20,10),(2032,4,71,23,10),(2033,4,71,24,10),(2034,4,71,25,10),(2035,4,71,26,10),(2036,4,71,27,10),(2037,6,71,0,11),(2038,6,71,1,11),(2039,6,71,2,11),(2040,6,71,3,11),(2041,3,71,11,11),(2042,3,71,12,11),(2043,0,71,14,11),(2044,6,71,16,11),(2045,3,71,18,11),(2046,3,71,19,11),(2047,3,71,20,11),(2048,3,71,21,11),(2049,3,71,22,11),(2050,3,71,23,11),(2051,1,71,25,11),(2052,3,71,0,12),(2053,6,71,1,12),(2054,6,71,2,12),(2055,6,71,3,12),(2056,3,71,4,12),(2057,3,71,12,12),(2058,3,71,19,12),(2059,3,71,20,12),(2060,3,71,21,12),(2061,3,71,22,12),(2062,4,71,23,12),(2063,3,71,0,13),(2064,3,71,1,13),(2065,3,71,2,13),(2066,3,71,3,13),(2067,3,71,4,13),(2068,3,71,5,13),(2069,3,71,6,13),(2070,3,71,7,13),(2071,6,71,19,13),(2072,3,71,20,13),(2073,3,71,21,13),(2074,4,71,22,13),(2075,4,71,23,13),(2076,4,71,25,13),(2077,3,71,0,14),(2078,3,71,1,14),(2079,3,71,2,14),(2080,3,71,3,14),(2081,3,71,6,14),(2082,6,71,19,14),(2083,3,71,20,14),(2084,3,71,21,14),(2085,4,71,22,14),(2086,4,71,23,14),(2087,4,71,24,14),(2088,4,71,25,14),(2089,4,71,26,14),(2090,3,71,0,15),(2091,3,71,1,15),(2092,3,71,2,15),(2093,3,71,3,15),(2094,0,71,12,15),(2095,6,71,18,15),(2096,6,71,19,15),(2097,6,71,20,15),(2098,6,71,21,15),(2099,4,71,24,15),(2100,3,71,0,16),(2101,3,71,1,16),(2102,3,71,2,16),(2103,3,71,3,16),(2104,4,71,9,16),(2105,6,71,18,16),(2106,6,71,19,16),(2107,4,71,21,16),(2108,4,71,22,16),(2109,4,71,23,16),(2110,4,71,24,16),(2111,4,71,9,17),(2112,6,71,18,17),(2113,6,71,19,17),(2114,6,71,20,17),(2115,4,71,21,17),(2116,4,71,23,17),(2117,4,71,24,17),(2118,4,71,7,18),(2119,4,71,8,18),(2120,4,71,9,18),(2121,4,71,10,18),(2122,4,71,12,18),(2123,1,71,18,18),(2124,4,71,20,18),(2125,4,71,23,18),(2126,0,71,5,19),(2127,4,71,8,19),(2128,4,71,9,19),(2129,4,71,10,19),(2130,4,71,11,19),(2131,4,71,12,19),(2132,2,71,13,19),(2133,4,71,20,19),(2134,4,71,10,20),(2135,4,71,11,20),(2136,4,71,12,20),(2137,4,71,20,20),(2138,4,71,21,20),(2139,14,71,0,21),(2140,4,71,10,21),(2141,4,71,11,21),(2142,4,71,12,21),(2143,4,71,21,21),(2144,4,71,21,22),(2145,4,71,22,22),(2146,4,71,23,22),(2147,4,71,24,22),(2148,4,71,25,22),(2149,3,71,27,22),(2150,3,71,28,22),(2151,3,71,29,22),(2152,4,71,21,23),(2153,4,71,22,23),(2154,4,71,24,23),(2155,0,71,25,23),(2156,3,71,27,23),(2157,3,71,28,23),(2158,3,71,29,23),(2159,0,71,6,24),(2160,4,71,21,24),(2161,4,71,23,24),(2162,4,71,24,24),(2163,3,71,27,24),(2164,3,71,28,24),(2165,3,71,29,24),(2166,5,71,9,25),(2167,2,71,11,25),(2168,4,71,24,25),(2169,3,71,25,25),(2170,3,71,26,25),(2171,3,71,27,25),(2172,3,71,28,25),(2173,3,71,29,25),(2174,5,71,7,26),(2175,5,71,8,26),(2176,5,71,9,26),(2177,5,71,10,26),(2178,4,71,24,26),(2179,3,71,26,26),(2180,3,71,27,26),(2181,3,71,28,26),(2182,3,71,29,26),(2183,5,71,8,27),(2184,5,71,9,27),(2185,2,71,20,27),(2186,5,71,22,27),(2187,5,71,23,27),(2188,5,71,24,27),(2189,5,71,25,27),(2190,5,71,26,27),(2191,3,71,27,27),(2192,3,71,28,27),(2193,5,71,9,28),(2194,5,71,10,28),(2195,5,71,22,28),(2196,5,71,23,28),(2197,5,71,24,28),(2198,5,71,25,28),(2199,5,71,26,28),(2200,3,71,28,28),(2201,3,71,29,28),(2202,5,71,8,29),(2203,5,71,9,29),(2204,5,71,23,29),(2205,3,71,28,29),(2206,13,73,0,0),(2207,10,73,7,0),(2208,12,73,14,0),(2209,8,73,2,3),(2210,8,73,0,7),(2211,14,73,14,7),(2212,9,73,7,12);
/*!40000 ALTER TABLE `tiles` ENABLE KEYS */;
UNLOCK TABLES;

--
-- Table structure for table `units`
--

DROP TABLE IF EXISTS `units`;
/*!40101 SET @saved_cs_client     = @@character_set_client */;
/*!40101 SET character_set_client = utf8 */;
CREATE TABLE `units` (
  `id` int(11) NOT NULL AUTO_INCREMENT,
  `level` tinyint(2) unsigned NOT NULL,
  `location_id` int(10) unsigned NOT NULL,
  `location_type` tinyint(2) unsigned NOT NULL DEFAULT '0',
  `player_id` int(11) DEFAULT NULL,
  `upgrade_ends_at` datetime DEFAULT NULL,
  `pause_remainder` int(10) unsigned DEFAULT NULL,
  `xp` mediumint(8) unsigned NOT NULL DEFAULT '0',
  `type` varchar(50) NOT NULL,
  `flank` tinyint(2) unsigned NOT NULL DEFAULT '0',
  `location_x` mediumint(9) DEFAULT NULL,
  `location_y` mediumint(9) DEFAULT NULL,
  `route_id` int(11) DEFAULT NULL,
  `galaxy_id` int(11) NOT NULL,
  `stance` tinyint(2) unsigned NOT NULL DEFAULT '0',
  `construction_mod` tinyint(2) unsigned NOT NULL DEFAULT '0',
  `stored` int(10) unsigned NOT NULL DEFAULT '0',
  `metal` float NOT NULL DEFAULT '0',
  `energy` float NOT NULL DEFAULT '0',
  `zetium` float NOT NULL DEFAULT '0',
  `hp_percentage` float unsigned NOT NULL DEFAULT '1',
  PRIMARY KEY (`id`),
  KEY `location` (`player_id`,`location_id`,`location_type`),
  KEY `location_and_player` (`location_type`,`location_id`,`location_x`,`location_y`,`player_id`),
  KEY `index_units_on_route_id` (`route_id`),
  KEY `type` (`player_id`,`type`),
  KEY `foreign_key` (`galaxy_id`),
  CONSTRAINT `units_ibfk_1` FOREIGN KEY (`player_id`) REFERENCES `players` (`id`) ON DELETE SET NULL,
  CONSTRAINT `units_ibfk_2` FOREIGN KEY (`galaxy_id`) REFERENCES `galaxies` (`id`) ON DELETE CASCADE,
  CONSTRAINT `units_ibfk_3` FOREIGN KEY (`route_id`) REFERENCES `routes` (`id`) ON DELETE SET NULL
) ENGINE=InnoDB AUTO_INCREMENT=2281 DEFAULT CHARSET=utf8;
/*!40101 SET character_set_client = @saved_cs_client */;

--
-- Dumping data for table `units`
--

LOCK TABLES `units` WRITE;
/*!40000 ALTER TABLE `units` DISABLE KEYS */;
INSERT INTO `units` VALUES (1,1,1,2,NULL,NULL,NULL,0,'Gnawer',0,NULL,NULL,NULL,1,0,0,0,0,0,0,1),(2,1,1,2,NULL,NULL,NULL,0,'Gnawer',0,NULL,NULL,NULL,1,0,0,0,0,0,0,1),(3,1,1,2,NULL,NULL,NULL,0,'Gnawer',1,NULL,NULL,NULL,1,0,0,0,0,0,0,1),(4,1,1,2,NULL,NULL,NULL,0,'Spudder',0,NULL,NULL,NULL,1,0,0,0,0,0,0,1),(5,1,1,2,NULL,NULL,NULL,0,'Spudder',0,NULL,NULL,NULL,1,0,0,0,0,0,0,1),(6,1,1,2,NULL,NULL,NULL,0,'Spudder',1,NULL,NULL,NULL,1,0,0,0,0,0,0,1),(7,1,1,2,NULL,NULL,NULL,0,'Spudder',0,NULL,NULL,NULL,1,0,0,0,0,0,0,1),(8,1,1,2,NULL,NULL,NULL,0,'Spudder',0,NULL,NULL,NULL,1,0,0,0,0,0,0,1),(9,1,1,2,NULL,NULL,NULL,0,'Glancer',1,NULL,NULL,NULL,1,0,0,0,0,0,0,1),(10,1,1,2,NULL,NULL,NULL,0,'Glancer',1,NULL,NULL,NULL,1,0,0,0,0,0,0,1),(11,1,1,2,NULL,NULL,NULL,0,'Glancer',1,NULL,NULL,NULL,1,0,0,0,0,0,0,1),(12,1,1,2,NULL,NULL,NULL,0,'Glancer',1,NULL,NULL,NULL,1,0,0,0,0,0,0,1),(13,1,1,2,NULL,NULL,NULL,0,'Glancer',1,NULL,NULL,NULL,1,0,0,0,0,0,0,1),(14,1,1,2,NULL,NULL,NULL,0,'Glancer',1,NULL,NULL,NULL,1,0,0,0,0,0,0,1),(15,1,1,2,NULL,NULL,NULL,0,'Glancer',1,NULL,NULL,NULL,1,0,0,0,0,0,0,1),(16,1,1,2,NULL,NULL,NULL,0,'Glancer',1,NULL,NULL,NULL,1,0,0,0,0,0,0,1),(17,1,1,2,NULL,NULL,NULL,0,'Gnat',1,NULL,NULL,NULL,1,0,0,0,0,0,0,1),(18,1,1,2,NULL,NULL,NULL,0,'Gnat',0,NULL,NULL,NULL,1,0,0,0,0,0,0,1),(19,1,1,2,NULL,NULL,NULL,0,'Gnat',1,NULL,NULL,NULL,1,0,0,0,0,0,0,1),(20,1,1,2,NULL,NULL,NULL,0,'Gnat',1,NULL,NULL,NULL,1,0,0,0,0,0,0,1),(21,1,1,2,NULL,NULL,NULL,0,'Gnat',0,NULL,NULL,NULL,1,0,0,0,0,0,0,1),(22,1,1,2,NULL,NULL,NULL,0,'Gnat',1,NULL,NULL,NULL,1,0,0,0,0,0,0,1),(23,1,1,2,NULL,NULL,NULL,0,'Gnat',1,NULL,NULL,NULL,1,0,0,0,0,0,0,1),(24,1,1,2,NULL,NULL,NULL,0,'Gnat',0,NULL,NULL,NULL,1,0,0,0,0,0,0,1),(25,1,1,2,NULL,NULL,NULL,0,'Gnat',1,NULL,NULL,NULL,1,0,0,0,0,0,0,1),(26,1,1,2,NULL,NULL,NULL,0,'Gnat',0,NULL,NULL,NULL,1,0,0,0,0,0,0,1),(27,1,1,2,NULL,NULL,NULL,0,'Gnat',1,NULL,NULL,NULL,1,0,0,0,0,0,0,1),(28,1,1,2,NULL,NULL,NULL,0,'Gnat',1,NULL,NULL,NULL,1,0,0,0,0,0,0,1),(29,1,1,1,NULL,NULL,NULL,0,'Demosis',1,1,45,NULL,1,0,0,0,0,0,0,1),(30,1,1,1,NULL,NULL,NULL,0,'Demosis',1,1,45,NULL,1,0,0,0,0,0,0,1),(31,1,1,1,NULL,NULL,NULL,0,'Demosis',1,1,45,NULL,1,0,0,0,0,0,0,1),(32,1,1,1,NULL,NULL,NULL,0,'Demosis',1,1,45,NULL,1,0,0,0,0,0,0,1),(33,1,1,1,NULL,NULL,NULL,0,'Demosis',0,1,45,NULL,1,0,0,0,0,0,0,1),(34,1,1,1,NULL,NULL,NULL,0,'Demosis',1,1,45,NULL,1,0,0,0,0,0,0,1),(35,1,1,1,NULL,NULL,NULL,0,'Demosis',1,1,45,NULL,1,0,0,0,0,0,0,1),(36,1,1,1,NULL,NULL,NULL,0,'Thor',1,1,45,NULL,1,0,0,0,0,0,0,1),(37,1,1,1,NULL,NULL,NULL,0,'Thor',1,1,45,NULL,1,0,0,0,0,0,0,1),(38,1,1,1,NULL,NULL,NULL,0,'Thor',1,1,45,NULL,1,0,0,0,0,0,0,1),(39,1,1,1,NULL,NULL,NULL,0,'Thor',1,1,45,NULL,1,0,0,0,0,0,0,1),(40,1,1,1,NULL,NULL,NULL,0,'Thor',1,1,45,NULL,1,0,0,0,0,0,0,1),(41,1,1,1,NULL,NULL,NULL,0,'Thor',0,1,45,NULL,1,0,0,0,0,0,0,1),(42,1,1,1,NULL,NULL,NULL,0,'Thor',0,1,45,NULL,1,0,0,0,0,0,0,1),(43,1,1,1,NULL,NULL,NULL,0,'Thor',1,1,45,NULL,1,0,0,0,0,0,0,1),(44,1,1,1,NULL,NULL,NULL,0,'Dirac',0,1,45,NULL,1,0,0,0,0,0,0,1),(45,1,1,1,NULL,NULL,NULL,0,'Dirac',1,1,45,NULL,1,0,0,0,0,0,0,1),(46,1,1,1,NULL,NULL,NULL,0,'Dirac',0,1,45,NULL,1,0,0,0,0,0,0,1),(47,1,1,1,NULL,NULL,NULL,0,'Dirac',0,1,45,NULL,1,0,0,0,0,0,0,1),(48,1,1,1,NULL,NULL,NULL,0,'Dirac',0,1,45,NULL,1,0,0,0,0,0,0,1),(49,1,1,1,NULL,NULL,NULL,0,'Dirac',0,1,45,NULL,1,0,0,0,0,0,0,1),(50,1,1,1,NULL,NULL,NULL,0,'Dirac',0,1,45,NULL,1,0,0,0,0,0,0,1),(51,1,4,2,NULL,NULL,NULL,0,'Gnawer',0,NULL,NULL,NULL,1,0,0,0,0,0,0,1),(52,1,4,2,NULL,NULL,NULL,0,'Gnawer',0,NULL,NULL,NULL,1,0,0,0,0,0,0,1),(53,1,4,2,NULL,NULL,NULL,0,'Gnawer',1,NULL,NULL,NULL,1,0,0,0,0,0,0,1),(54,1,4,2,NULL,NULL,NULL,0,'Gnawer',1,NULL,NULL,NULL,1,0,0,0,0,0,0,1),(55,1,4,2,NULL,NULL,NULL,0,'Spudder',0,NULL,NULL,NULL,1,0,0,0,0,0,0,1),(56,1,4,2,NULL,NULL,NULL,0,'Spudder',1,NULL,NULL,NULL,1,0,0,0,0,0,0,1),(57,1,4,2,NULL,NULL,NULL,0,'Spudder',0,NULL,NULL,NULL,1,0,0,0,0,0,0,1),(58,1,4,2,NULL,NULL,NULL,0,'Spudder',1,NULL,NULL,NULL,1,0,0,0,0,0,0,1),(59,1,4,2,NULL,NULL,NULL,0,'Spudder',1,NULL,NULL,NULL,1,0,0,0,0,0,0,1),(60,1,4,2,NULL,NULL,NULL,0,'Spudder',0,NULL,NULL,NULL,1,0,0,0,0,0,0,1),(61,1,4,2,NULL,NULL,NULL,0,'Glancer',1,NULL,NULL,NULL,1,0,0,0,0,0,0,1),(62,1,4,2,NULL,NULL,NULL,0,'Glancer',1,NULL,NULL,NULL,1,0,0,0,0,0,0,1),(63,1,4,2,NULL,NULL,NULL,0,'Glancer',1,NULL,NULL,NULL,1,0,0,0,0,0,0,1),(64,1,4,2,NULL,NULL,NULL,0,'Glancer',1,NULL,NULL,NULL,1,0,0,0,0,0,0,1),(65,1,4,2,NULL,NULL,NULL,0,'Glancer',1,NULL,NULL,NULL,1,0,0,0,0,0,0,1),(66,1,4,2,NULL,NULL,NULL,0,'Glancer',1,NULL,NULL,NULL,1,0,0,0,0,0,0,1),(67,1,4,2,NULL,NULL,NULL,0,'Glancer',1,NULL,NULL,NULL,1,0,0,0,0,0,0,1),(68,1,4,2,NULL,NULL,NULL,0,'Gnat',1,NULL,NULL,NULL,1,0,0,0,0,0,0,1),(69,1,4,2,NULL,NULL,NULL,0,'Gnat',0,NULL,NULL,NULL,1,0,0,0,0,0,0,1),(70,1,4,2,NULL,NULL,NULL,0,'Gnat',0,NULL,NULL,NULL,1,0,0,0,0,0,0,1),(71,1,4,2,NULL,NULL,NULL,0,'Gnat',1,NULL,NULL,NULL,1,0,0,0,0,0,0,1),(72,1,4,2,NULL,NULL,NULL,0,'Gnat',0,NULL,NULL,NULL,1,0,0,0,0,0,0,1),(73,1,4,2,NULL,NULL,NULL,0,'Gnat',1,NULL,NULL,NULL,1,0,0,0,0,0,0,1),(74,1,4,2,NULL,NULL,NULL,0,'Gnat',1,NULL,NULL,NULL,1,0,0,0,0,0,0,1),(75,1,4,2,NULL,NULL,NULL,0,'Gnat',1,NULL,NULL,NULL,1,0,0,0,0,0,0,1),(76,1,4,2,NULL,NULL,NULL,0,'Gnat',1,NULL,NULL,NULL,1,0,0,0,0,0,0,1),(77,1,4,2,NULL,NULL,NULL,0,'Gnat',0,NULL,NULL,NULL,1,0,0,0,0,0,0,1),(78,1,4,2,NULL,NULL,NULL,0,'Gnat',1,NULL,NULL,NULL,1,0,0,0,0,0,0,1),(79,1,4,2,NULL,NULL,NULL,0,'Gnat',0,NULL,NULL,NULL,1,0,0,0,0,0,0,1),(80,1,4,2,NULL,NULL,NULL,0,'Gnat',0,NULL,NULL,NULL,1,0,0,0,0,0,0,1),(81,1,4,2,NULL,NULL,NULL,0,'Gnat',0,NULL,NULL,NULL,1,0,0,0,0,0,0,1),(82,1,4,2,NULL,NULL,NULL,0,'Gnat',0,NULL,NULL,NULL,1,0,0,0,0,0,0,1),(83,1,1,1,NULL,NULL,NULL,0,'Demosis',0,2,210,NULL,1,0,0,0,0,0,0,1),(84,1,1,1,NULL,NULL,NULL,0,'Demosis',0,2,210,NULL,1,0,0,0,0,0,0,1),(85,1,1,1,NULL,NULL,NULL,0,'Thor',0,2,210,NULL,1,0,0,0,0,0,0,1),(86,1,1,1,NULL,NULL,NULL,0,'Thor',1,2,210,NULL,1,0,0,0,0,0,0,1),(87,1,1,1,NULL,NULL,NULL,0,'Thor',0,2,210,NULL,1,0,0,0,0,0,0,1),(88,1,1,1,NULL,NULL,NULL,0,'Thor',1,2,210,NULL,1,0,0,0,0,0,0,1),(89,1,1,1,NULL,NULL,NULL,0,'Thor',1,2,210,NULL,1,0,0,0,0,0,0,1),(90,1,1,1,NULL,NULL,NULL,0,'Thor',0,2,210,NULL,1,0,0,0,0,0,0,1),(91,1,1,1,NULL,NULL,NULL,0,'Thor',1,2,210,NULL,1,0,0,0,0,0,0,1),(92,1,1,1,NULL,NULL,NULL,0,'Thor',0,2,210,NULL,1,0,0,0,0,0,0,1),(93,1,1,1,NULL,NULL,NULL,0,'Thor',1,2,210,NULL,1,0,0,0,0,0,0,1),(94,1,1,1,NULL,NULL,NULL,0,'Thor',1,2,210,NULL,1,0,0,0,0,0,0,1),(95,1,1,1,NULL,NULL,NULL,0,'Dirac',1,2,210,NULL,1,0,0,0,0,0,0,1),(96,1,1,1,NULL,NULL,NULL,0,'Dirac',0,2,210,NULL,1,0,0,0,0,0,0,1),(97,1,1,1,NULL,NULL,NULL,0,'Dirac',1,2,210,NULL,1,0,0,0,0,0,0,1),(98,1,1,1,NULL,NULL,NULL,0,'Dirac',1,2,210,NULL,1,0,0,0,0,0,0,1),(99,1,1,1,NULL,NULL,NULL,0,'Dirac',0,2,210,NULL,1,0,0,0,0,0,0,1),(100,1,1,1,NULL,NULL,NULL,0,'Dirac',1,2,210,NULL,1,0,0,0,0,0,0,1),(101,1,1,1,NULL,NULL,NULL,0,'Dirac',0,2,210,NULL,1,0,0,0,0,0,0,1),(102,1,1,1,NULL,NULL,NULL,0,'Dirac',0,2,210,NULL,1,0,0,0,0,0,0,1),(103,1,5,2,NULL,NULL,NULL,0,'Gnawer',0,NULL,NULL,NULL,1,0,0,0,0,0,0,1),(104,1,5,2,NULL,NULL,NULL,0,'Gnawer',0,NULL,NULL,NULL,1,0,0,0,0,0,0,1),(105,1,5,2,NULL,NULL,NULL,0,'Gnawer',0,NULL,NULL,NULL,1,0,0,0,0,0,0,1),(106,1,5,2,NULL,NULL,NULL,0,'Gnawer',0,NULL,NULL,NULL,1,0,0,0,0,0,0,1),(107,1,5,2,NULL,NULL,NULL,0,'Spudder',0,NULL,NULL,NULL,1,0,0,0,0,0,0,1),(108,1,5,2,NULL,NULL,NULL,0,'Spudder',0,NULL,NULL,NULL,1,0,0,0,0,0,0,1),(109,1,5,2,NULL,NULL,NULL,0,'Spudder',1,NULL,NULL,NULL,1,0,0,0,0,0,0,1),(110,1,5,2,NULL,NULL,NULL,0,'Spudder',0,NULL,NULL,NULL,1,0,0,0,0,0,0,1),(111,1,5,2,NULL,NULL,NULL,0,'Spudder',0,NULL,NULL,NULL,1,0,0,0,0,0,0,1),(112,1,5,2,NULL,NULL,NULL,0,'Spudder',0,NULL,NULL,NULL,1,0,0,0,0,0,0,1),(113,1,5,2,NULL,NULL,NULL,0,'Glancer',1,NULL,NULL,NULL,1,0,0,0,0,0,0,1),(114,1,5,2,NULL,NULL,NULL,0,'Glancer',1,NULL,NULL,NULL,1,0,0,0,0,0,0,1),(115,1,5,2,NULL,NULL,NULL,0,'Glancer',1,NULL,NULL,NULL,1,0,0,0,0,0,0,1),(116,1,5,2,NULL,NULL,NULL,0,'Glancer',1,NULL,NULL,NULL,1,0,0,0,0,0,0,1),(117,1,5,2,NULL,NULL,NULL,0,'Glancer',1,NULL,NULL,NULL,1,0,0,0,0,0,0,1),(118,1,5,2,NULL,NULL,NULL,0,'Gnat',0,NULL,NULL,NULL,1,0,0,0,0,0,0,1),(119,1,5,2,NULL,NULL,NULL,0,'Gnat',1,NULL,NULL,NULL,1,0,0,0,0,0,0,1),(120,1,5,2,NULL,NULL,NULL,0,'Gnat',1,NULL,NULL,NULL,1,0,0,0,0,0,0,1),(121,1,5,2,NULL,NULL,NULL,0,'Gnat',0,NULL,NULL,NULL,1,0,0,0,0,0,0,1),(122,1,5,2,NULL,NULL,NULL,0,'Gnat',0,NULL,NULL,NULL,1,0,0,0,0,0,0,1),(123,1,5,2,NULL,NULL,NULL,0,'Gnat',1,NULL,NULL,NULL,1,0,0,0,0,0,0,1),(124,1,5,2,NULL,NULL,NULL,0,'Gnat',1,NULL,NULL,NULL,1,0,0,0,0,0,0,1),(125,1,5,2,NULL,NULL,NULL,0,'Gnat',0,NULL,NULL,NULL,1,0,0,0,0,0,0,1),(126,1,5,2,NULL,NULL,NULL,0,'Gnat',1,NULL,NULL,NULL,1,0,0,0,0,0,0,1),(127,1,5,2,NULL,NULL,NULL,0,'Gnat',1,NULL,NULL,NULL,1,0,0,0,0,0,0,1),(128,1,1,1,NULL,NULL,NULL,0,'Demosis',0,0,270,NULL,1,0,0,0,0,0,0,1),(129,1,1,1,NULL,NULL,NULL,0,'Demosis',0,0,270,NULL,1,0,0,0,0,0,0,1),(130,1,1,1,NULL,NULL,NULL,0,'Thor',0,0,270,NULL,1,0,0,0,0,0,0,1),(131,1,1,1,NULL,NULL,NULL,0,'Thor',0,0,270,NULL,1,0,0,0,0,0,0,1),(132,1,1,1,NULL,NULL,NULL,0,'Thor',1,0,270,NULL,1,0,0,0,0,0,0,1),(133,1,1,1,NULL,NULL,NULL,0,'Thor',1,0,270,NULL,1,0,0,0,0,0,0,1),(134,1,1,1,NULL,NULL,NULL,0,'Dirac',0,0,270,NULL,1,0,0,0,0,0,0,1),(135,1,1,1,NULL,NULL,NULL,0,'Dirac',0,0,270,NULL,1,0,0,0,0,0,0,1),(136,1,1,1,NULL,NULL,NULL,0,'Dirac',1,0,270,NULL,1,0,0,0,0,0,0,1),(137,1,1,1,NULL,NULL,NULL,0,'Dirac',1,0,270,NULL,1,0,0,0,0,0,0,1),(138,1,1,1,NULL,NULL,NULL,0,'Dirac',1,0,270,NULL,1,0,0,0,0,0,0,1),(139,1,1,1,NULL,NULL,NULL,0,'Dirac',1,0,270,NULL,1,0,0,0,0,0,0,1),(140,1,1,1,NULL,NULL,NULL,0,'Dirac',1,0,270,NULL,1,0,0,0,0,0,0,1),(141,1,1,1,NULL,NULL,NULL,0,'Dirac',0,0,270,NULL,1,0,0,0,0,0,0,1),(142,1,9,2,NULL,NULL,NULL,0,'Gnawer',0,NULL,NULL,NULL,1,0,0,0,0,0,0,1),(143,1,9,2,NULL,NULL,NULL,0,'Gnawer',0,NULL,NULL,NULL,1,0,0,0,0,0,0,1),(144,1,9,2,NULL,NULL,NULL,0,'Gnawer',0,NULL,NULL,NULL,1,0,0,0,0,0,0,1),(145,1,9,2,NULL,NULL,NULL,0,'Gnawer',0,NULL,NULL,NULL,1,0,0,0,0,0,0,1),(146,1,9,2,NULL,NULL,NULL,0,'Gnawer',1,NULL,NULL,NULL,1,0,0,0,0,0,0,1),(147,1,9,2,NULL,NULL,NULL,0,'Gnawer',1,NULL,NULL,NULL,1,0,0,0,0,0,0,1),(148,1,9,2,NULL,NULL,NULL,0,'Spudder',0,NULL,NULL,NULL,1,0,0,0,0,0,0,1),(149,1,9,2,NULL,NULL,NULL,0,'Spudder',0,NULL,NULL,NULL,1,0,0,0,0,0,0,1),(150,1,9,2,NULL,NULL,NULL,0,'Spudder',0,NULL,NULL,NULL,1,0,0,0,0,0,0,1),(151,1,9,2,NULL,NULL,NULL,0,'Spudder',1,NULL,NULL,NULL,1,0,0,0,0,0,0,1),(152,1,9,2,NULL,NULL,NULL,0,'Spudder',0,NULL,NULL,NULL,1,0,0,0,0,0,0,1),(153,1,9,2,NULL,NULL,NULL,0,'Spudder',0,NULL,NULL,NULL,1,0,0,0,0,0,0,1),(154,1,9,2,NULL,NULL,NULL,0,'Spudder',0,NULL,NULL,NULL,1,0,0,0,0,0,0,1),(155,1,9,2,NULL,NULL,NULL,0,'Spudder',0,NULL,NULL,NULL,1,0,0,0,0,0,0,1),(156,1,9,2,NULL,NULL,NULL,0,'Spudder',0,NULL,NULL,NULL,1,0,0,0,0,0,0,1),(157,1,9,2,NULL,NULL,NULL,0,'Spudder',0,NULL,NULL,NULL,1,0,0,0,0,0,0,1),(158,1,9,2,NULL,NULL,NULL,0,'Glancer',1,NULL,NULL,NULL,1,0,0,0,0,0,0,1),(159,1,9,2,NULL,NULL,NULL,0,'Glancer',1,NULL,NULL,NULL,1,0,0,0,0,0,0,1),(160,1,9,2,NULL,NULL,NULL,0,'Glancer',1,NULL,NULL,NULL,1,0,0,0,0,0,0,1),(161,1,9,2,NULL,NULL,NULL,0,'Glancer',1,NULL,NULL,NULL,1,0,0,0,0,0,0,1),(162,1,9,2,NULL,NULL,NULL,0,'Glancer',1,NULL,NULL,NULL,1,0,0,0,0,0,0,1),(163,1,9,2,NULL,NULL,NULL,0,'Gnat',0,NULL,NULL,NULL,1,0,0,0,0,0,0,1),(164,1,9,2,NULL,NULL,NULL,0,'Gnat',0,NULL,NULL,NULL,1,0,0,0,0,0,0,1),(165,1,9,2,NULL,NULL,NULL,0,'Gnat',1,NULL,NULL,NULL,1,0,0,0,0,0,0,1),(166,1,9,2,NULL,NULL,NULL,0,'Gnat',1,NULL,NULL,NULL,1,0,0,0,0,0,0,1),(167,1,9,2,NULL,NULL,NULL,0,'Gnat',1,NULL,NULL,NULL,1,0,0,0,0,0,0,1),(168,1,9,2,NULL,NULL,NULL,0,'Gnat',0,NULL,NULL,NULL,1,0,0,0,0,0,0,1),(169,1,9,2,NULL,NULL,NULL,0,'Gnat',0,NULL,NULL,NULL,1,0,0,0,0,0,0,1),(170,1,9,2,NULL,NULL,NULL,0,'Gnat',1,NULL,NULL,NULL,1,0,0,0,0,0,0,1),(171,1,9,2,NULL,NULL,NULL,0,'Gnat',1,NULL,NULL,NULL,1,0,0,0,0,0,0,1),(172,1,9,2,NULL,NULL,NULL,0,'Gnat',1,NULL,NULL,NULL,1,0,0,0,0,0,0,1),(173,1,2,1,NULL,NULL,NULL,0,'Demosis',1,0,270,NULL,1,0,0,0,0,0,0,1),(174,1,2,1,NULL,NULL,NULL,0,'Demosis',0,0,270,NULL,1,0,0,0,0,0,0,1),(175,1,2,1,NULL,NULL,NULL,0,'Demosis',0,0,270,NULL,1,0,0,0,0,0,0,1),(176,1,2,1,NULL,NULL,NULL,0,'Demosis',1,0,270,NULL,1,0,0,0,0,0,0,1),(177,1,2,1,NULL,NULL,NULL,0,'Demosis',0,0,270,NULL,1,0,0,0,0,0,0,1),(178,1,2,1,NULL,NULL,NULL,0,'Demosis',0,0,270,NULL,1,0,0,0,0,0,0,1),(179,1,2,1,NULL,NULL,NULL,0,'Demosis',0,0,270,NULL,1,0,0,0,0,0,0,1),(180,1,2,1,NULL,NULL,NULL,0,'Thor',1,0,270,NULL,1,0,0,0,0,0,0,1),(181,1,2,1,NULL,NULL,NULL,0,'Thor',1,0,270,NULL,1,0,0,0,0,0,0,1),(182,1,2,1,NULL,NULL,NULL,0,'Thor',1,0,270,NULL,1,0,0,0,0,0,0,1),(183,1,2,1,NULL,NULL,NULL,0,'Thor',1,0,270,NULL,1,0,0,0,0,0,0,1),(184,1,2,1,NULL,NULL,NULL,0,'Thor',0,0,270,NULL,1,0,0,0,0,0,0,1),(185,1,2,1,NULL,NULL,NULL,0,'Thor',1,0,270,NULL,1,0,0,0,0,0,0,1),(186,1,2,1,NULL,NULL,NULL,0,'Thor',1,0,270,NULL,1,0,0,0,0,0,0,1),(187,1,2,1,NULL,NULL,NULL,0,'Thor',0,0,270,NULL,1,0,0,0,0,0,0,1),(188,1,2,1,NULL,NULL,NULL,0,'Thor',0,0,270,NULL,1,0,0,0,0,0,0,1),(189,1,2,1,NULL,NULL,NULL,0,'Thor',0,0,270,NULL,1,0,0,0,0,0,0,1),(190,1,2,1,NULL,NULL,NULL,0,'Thor',0,0,270,NULL,1,0,0,0,0,0,0,1),(191,1,2,1,NULL,NULL,NULL,0,'Dirac',1,0,270,NULL,1,0,0,0,0,0,0,1),(192,1,2,1,NULL,NULL,NULL,0,'Dirac',1,0,270,NULL,1,0,0,0,0,0,0,1),(193,1,2,1,NULL,NULL,NULL,0,'Dirac',0,0,270,NULL,1,0,0,0,0,0,0,1),(194,1,2,1,NULL,NULL,NULL,0,'Dirac',0,0,270,NULL,1,0,0,0,0,0,0,1),(195,1,2,1,NULL,NULL,NULL,0,'Dirac',1,0,270,NULL,1,0,0,0,0,0,0,1),(196,1,2,1,NULL,NULL,NULL,0,'Dirac',1,0,270,NULL,1,0,0,0,0,0,0,1),(197,1,2,1,NULL,NULL,NULL,0,'Dirac',0,0,270,NULL,1,0,0,0,0,0,0,1),(198,1,3,1,NULL,NULL,NULL,0,'Thor',0,1,45,NULL,1,0,0,0,0,0,0,1),(199,1,3,1,NULL,NULL,NULL,0,'Thor',0,1,45,NULL,1,0,0,0,0,0,0,1),(200,1,3,1,NULL,NULL,NULL,0,'Thor',0,1,45,NULL,1,0,0,0,0,0,0,1),(201,1,3,1,NULL,NULL,NULL,0,'Dirac',1,1,45,NULL,1,0,0,0,0,0,0,1),(202,1,3,1,NULL,NULL,NULL,0,'Dirac',1,1,45,NULL,1,0,0,0,0,0,0,1),(203,1,3,1,NULL,NULL,NULL,0,'Dirac',1,1,45,NULL,1,0,0,0,0,0,0,1),(204,1,3,1,NULL,NULL,NULL,0,'Dirac',1,1,45,NULL,1,0,0,0,0,0,0,1),(205,1,3,1,NULL,NULL,NULL,0,'Dirac',1,1,45,NULL,1,0,0,0,0,0,0,1),(206,1,3,1,NULL,NULL,NULL,0,'Dirac',1,1,45,NULL,1,0,0,0,0,0,0,1),(207,1,3,1,NULL,NULL,NULL,0,'Thor',0,2,90,NULL,1,0,0,0,0,0,0,1),(208,1,3,1,NULL,NULL,NULL,0,'Dirac',1,2,90,NULL,1,0,0,0,0,0,0,1),(209,1,3,1,NULL,NULL,NULL,0,'Dirac',1,2,90,NULL,1,0,0,0,0,0,0,1),(210,1,3,1,NULL,NULL,NULL,0,'Dirac',1,2,90,NULL,1,0,0,0,0,0,0,1),(211,1,3,1,NULL,NULL,NULL,0,'Dirac',1,2,90,NULL,1,0,0,0,0,0,0,1),(212,1,3,1,NULL,NULL,NULL,0,'Thor',0,2,120,NULL,1,0,0,0,0,0,0,1),(213,1,3,1,NULL,NULL,NULL,0,'Thor',0,2,120,NULL,1,0,0,0,0,0,0,1),(214,1,3,1,NULL,NULL,NULL,0,'Thor',0,2,120,NULL,1,0,0,0,0,0,0,1),(215,1,3,1,NULL,NULL,NULL,0,'Dirac',1,2,120,NULL,1,0,0,0,0,0,0,1),(216,1,3,1,NULL,NULL,NULL,0,'Dirac',1,2,120,NULL,1,0,0,0,0,0,0,1),(217,1,3,1,NULL,NULL,NULL,0,'Dirac',1,2,120,NULL,1,0,0,0,0,0,0,1),(218,1,3,1,NULL,NULL,NULL,0,'Dirac',1,2,120,NULL,1,0,0,0,0,0,0,1),(219,1,3,1,NULL,NULL,NULL,0,'Dirac',1,2,120,NULL,1,0,0,0,0,0,0,1),(220,1,3,1,NULL,NULL,NULL,0,'Dirac',1,2,120,NULL,1,0,0,0,0,0,0,1),(221,1,3,1,NULL,NULL,NULL,0,'Thor',0,2,210,NULL,1,0,0,0,0,0,0,1),(222,1,3,1,NULL,NULL,NULL,0,'Dirac',1,2,210,NULL,1,0,0,0,0,0,0,1),(223,1,3,1,NULL,NULL,NULL,0,'Dirac',1,2,210,NULL,1,0,0,0,0,0,0,1),(224,1,3,1,NULL,NULL,NULL,0,'Dirac',1,2,210,NULL,1,0,0,0,0,0,0,1),(225,1,3,1,NULL,NULL,NULL,0,'Dirac',1,2,210,NULL,1,0,0,0,0,0,0,1),(226,1,3,1,NULL,NULL,NULL,0,'Thor',0,1,180,NULL,1,0,0,0,0,0,0,1),(227,1,3,1,NULL,NULL,NULL,0,'Thor',0,1,180,NULL,1,0,0,0,0,0,0,1),(228,1,3,1,NULL,NULL,NULL,0,'Thor',0,1,180,NULL,1,0,0,0,0,0,0,1),(229,1,3,1,NULL,NULL,NULL,0,'Dirac',1,1,180,NULL,1,0,0,0,0,0,0,1),(230,1,3,1,NULL,NULL,NULL,0,'Dirac',1,1,180,NULL,1,0,0,0,0,0,0,1),(231,1,3,1,NULL,NULL,NULL,0,'Dirac',1,1,180,NULL,1,0,0,0,0,0,0,1),(232,1,3,1,NULL,NULL,NULL,0,'Dirac',1,1,180,NULL,1,0,0,0,0,0,0,1),(233,1,3,1,NULL,NULL,NULL,0,'Dirac',1,1,180,NULL,1,0,0,0,0,0,0,1),(234,1,3,1,NULL,NULL,NULL,0,'Dirac',1,1,180,NULL,1,0,0,0,0,0,0,1),(235,1,3,1,NULL,NULL,NULL,0,'Thor',0,1,315,NULL,1,0,0,0,0,0,0,1),(236,1,3,1,NULL,NULL,NULL,0,'Dirac',1,1,315,NULL,1,0,0,0,0,0,0,1),(237,1,3,1,NULL,NULL,NULL,0,'Dirac',1,1,315,NULL,1,0,0,0,0,0,0,1),(238,1,3,1,NULL,NULL,NULL,0,'Dirac',1,1,315,NULL,1,0,0,0,0,0,0,1),(239,1,3,1,NULL,NULL,NULL,0,'Dirac',1,1,315,NULL,1,0,0,0,0,0,0,1),(240,1,3,1,NULL,NULL,NULL,0,'Thor',0,2,240,NULL,1,0,0,0,0,0,0,1),(241,1,3,1,NULL,NULL,NULL,0,'Thor',0,2,240,NULL,1,0,0,0,0,0,0,1),(242,1,3,1,NULL,NULL,NULL,0,'Thor',0,2,240,NULL,1,0,0,0,0,0,0,1),(243,1,3,1,NULL,NULL,NULL,0,'Dirac',1,2,240,NULL,1,0,0,0,0,0,0,1),(244,1,3,1,NULL,NULL,NULL,0,'Dirac',1,2,240,NULL,1,0,0,0,0,0,0,1),(245,1,3,1,NULL,NULL,NULL,0,'Dirac',1,2,240,NULL,1,0,0,0,0,0,0,1),(246,1,3,1,NULL,NULL,NULL,0,'Dirac',1,2,240,NULL,1,0,0,0,0,0,0,1),(247,1,3,1,NULL,NULL,NULL,0,'Dirac',1,2,240,NULL,1,0,0,0,0,0,0,1),(248,1,3,1,NULL,NULL,NULL,0,'Dirac',1,2,240,NULL,1,0,0,0,0,0,0,1),(249,1,3,1,NULL,NULL,NULL,0,'Dirac',0,1,270,NULL,1,0,0,0,0,0,0,1),(250,1,3,1,NULL,NULL,NULL,0,'Dirac',0,1,270,NULL,1,0,0,0,0,0,0,1),(251,1,3,1,NULL,NULL,NULL,0,'Dirac',0,1,270,NULL,1,0,0,0,0,0,0,1),(252,1,3,1,NULL,NULL,NULL,0,'Dirac',0,1,270,NULL,1,0,0,0,0,0,0,1),(253,1,17,4,NULL,NULL,NULL,0,'Glancer',1,NULL,NULL,NULL,1,0,0,0,0,0,0,1),(254,1,17,4,NULL,NULL,NULL,0,'Glancer',1,NULL,NULL,NULL,1,0,0,0,0,0,0,1),(255,1,17,4,NULL,NULL,NULL,0,'Gnat',0,NULL,NULL,NULL,1,0,0,0,0,0,0,1),(256,1,17,4,NULL,NULL,NULL,0,'Gnat',0,NULL,NULL,NULL,1,0,0,0,0,0,0,1),(257,1,17,4,NULL,NULL,NULL,0,'Gnat',1,NULL,NULL,NULL,1,0,0,0,0,0,0,1),(258,1,17,4,NULL,NULL,NULL,0,'Gnat',1,NULL,NULL,NULL,1,0,0,0,0,0,0,1),(259,1,18,4,NULL,NULL,NULL,0,'Gnawer',0,NULL,NULL,NULL,1,0,0,0,0,0,0,1),(260,1,18,4,NULL,NULL,NULL,0,'Spudder',0,NULL,NULL,NULL,1,0,0,0,0,0,0,1),(261,1,18,4,NULL,NULL,NULL,0,'Spudder',1,NULL,NULL,NULL,1,0,0,0,0,0,0,1),(262,1,18,4,NULL,NULL,NULL,0,'Gnawer',0,NULL,NULL,NULL,1,0,0,0,0,0,0,1),(263,1,18,4,NULL,NULL,NULL,0,'Spudder',0,NULL,NULL,NULL,1,0,0,0,0,0,0,1),(264,1,18,4,NULL,NULL,NULL,0,'Glancer',1,NULL,NULL,NULL,1,0,0,0,0,0,0,1),(265,1,18,4,NULL,NULL,NULL,0,'Gnat',0,NULL,NULL,NULL,1,0,0,0,0,0,0,1),(266,1,18,4,NULL,NULL,NULL,0,'Glancer',1,NULL,NULL,NULL,1,0,0,0,0,0,0,1),(267,1,18,4,NULL,NULL,NULL,0,'Glancer',1,NULL,NULL,NULL,1,0,0,0,0,0,0,1),(268,1,18,4,NULL,NULL,NULL,0,'Glancer',1,NULL,NULL,NULL,1,0,0,0,0,0,0,1),(269,1,18,4,NULL,NULL,NULL,0,'Glancer',1,NULL,NULL,NULL,1,0,0,0,0,0,0,1),(270,1,18,4,NULL,NULL,NULL,0,'Gnat',0,NULL,NULL,NULL,1,0,0,0,0,0,0,1),(271,1,18,4,NULL,NULL,NULL,0,'Gnat',0,NULL,NULL,NULL,1,0,0,0,0,0,0,1),(272,1,18,4,NULL,NULL,NULL,0,'Gnat',1,NULL,NULL,NULL,1,0,0,0,0,0,0,1),(273,1,18,4,NULL,NULL,NULL,0,'Gnat',0,NULL,NULL,NULL,1,0,0,0,0,0,0,1),(274,1,18,4,NULL,NULL,NULL,0,'Gnat',0,NULL,NULL,NULL,1,0,0,0,0,0,0,1),(275,1,19,4,NULL,NULL,NULL,0,'Spudder',0,NULL,NULL,NULL,1,0,0,0,0,0,0,1),(276,1,19,4,NULL,NULL,NULL,0,'Glancer',1,NULL,NULL,NULL,1,0,0,0,0,0,0,1),(277,1,19,4,NULL,NULL,NULL,0,'Gnat',0,NULL,NULL,NULL,1,0,0,0,0,0,0,1),(278,1,19,4,NULL,NULL,NULL,0,'Gnat',0,NULL,NULL,NULL,1,0,0,0,0,0,0,1),(279,1,19,4,NULL,NULL,NULL,0,'Gnat',0,NULL,NULL,NULL,1,0,0,0,0,0,0,1),(280,1,19,4,NULL,NULL,NULL,0,'Glancer',1,NULL,NULL,NULL,1,0,0,0,0,0,0,1),(281,1,19,4,NULL,NULL,NULL,0,'Glancer',1,NULL,NULL,NULL,1,0,0,0,0,0,0,1),(282,1,19,4,NULL,NULL,NULL,0,'Glancer',1,NULL,NULL,NULL,1,0,0,0,0,0,0,1),(283,1,19,4,NULL,NULL,NULL,0,'Gnat',0,NULL,NULL,NULL,1,0,0,0,0,0,0,1),(284,1,19,4,NULL,NULL,NULL,0,'Gnat',0,NULL,NULL,NULL,1,0,0,0,0,0,0,1),(285,1,19,4,NULL,NULL,NULL,0,'Gnat',1,NULL,NULL,NULL,1,0,0,0,0,0,0,1),(286,1,19,4,NULL,NULL,NULL,0,'Gnat',0,NULL,NULL,NULL,1,0,0,0,0,0,0,1),(287,1,19,4,NULL,NULL,NULL,0,'Gnat',1,NULL,NULL,NULL,1,0,0,0,0,0,0,1),(288,1,20,4,NULL,NULL,NULL,0,'Spudder',0,NULL,NULL,NULL,1,0,0,0,0,0,0,1),(289,1,20,4,NULL,NULL,NULL,0,'Spudder',0,NULL,NULL,NULL,1,0,0,0,0,0,0,1),(290,1,20,4,NULL,NULL,NULL,0,'Glancer',1,NULL,NULL,NULL,1,0,0,0,0,0,0,1),(291,1,20,4,NULL,NULL,NULL,0,'Gnat',0,NULL,NULL,NULL,1,0,0,0,0,0,0,1),(292,1,20,4,NULL,NULL,NULL,0,'Gnat',0,NULL,NULL,NULL,1,0,0,0,0,0,0,1),(293,1,20,4,NULL,NULL,NULL,0,'Glancer',1,NULL,NULL,NULL,1,0,0,0,0,0,0,1),(294,1,20,4,NULL,NULL,NULL,0,'Glancer',1,NULL,NULL,NULL,1,0,0,0,0,0,0,1),(295,1,20,4,NULL,NULL,NULL,0,'Glancer',1,NULL,NULL,NULL,1,0,0,0,0,0,0,1),(296,1,20,4,NULL,NULL,NULL,0,'Gnat',0,NULL,NULL,NULL,1,0,0,0,0,0,0,1),(297,1,20,4,NULL,NULL,NULL,0,'Gnat',0,NULL,NULL,NULL,1,0,0,0,0,0,0,1),(298,1,20,4,NULL,NULL,NULL,0,'Gnat',1,NULL,NULL,NULL,1,0,0,0,0,0,0,1),(299,1,20,4,NULL,NULL,NULL,0,'Gnat',0,NULL,NULL,NULL,1,0,0,0,0,0,0,1),(300,1,20,4,NULL,NULL,NULL,0,'Gnat',1,NULL,NULL,NULL,1,0,0,0,0,0,0,1),(301,1,20,4,NULL,NULL,NULL,0,'Gnat',1,NULL,NULL,NULL,1,0,0,0,0,0,0,1),(302,1,21,4,NULL,NULL,NULL,0,'Spudder',1,NULL,NULL,NULL,1,0,0,0,0,0,0,1),(303,1,21,4,NULL,NULL,NULL,0,'Spudder',0,NULL,NULL,NULL,1,0,0,0,0,0,0,1),(304,1,21,4,NULL,NULL,NULL,0,'Glancer',1,NULL,NULL,NULL,1,0,0,0,0,0,0,1),(305,1,21,4,NULL,NULL,NULL,0,'Gnat',0,NULL,NULL,NULL,1,0,0,0,0,0,0,1),(306,1,21,4,NULL,NULL,NULL,0,'Gnat',0,NULL,NULL,NULL,1,0,0,0,0,0,0,1),(307,1,21,4,NULL,NULL,NULL,0,'Gnat',0,NULL,NULL,NULL,1,0,0,0,0,0,0,1),(308,1,21,4,NULL,NULL,NULL,0,'Glancer',1,NULL,NULL,NULL,1,0,0,0,0,0,0,1),(309,1,21,4,NULL,NULL,NULL,0,'Glancer',1,NULL,NULL,NULL,1,0,0,0,0,0,0,1),(310,1,21,4,NULL,NULL,NULL,0,'Glancer',1,NULL,NULL,NULL,1,0,0,0,0,0,0,1),(311,1,21,4,NULL,NULL,NULL,0,'Glancer',1,NULL,NULL,NULL,1,0,0,0,0,0,0,1),(312,1,21,4,NULL,NULL,NULL,0,'Gnat',0,NULL,NULL,NULL,1,0,0,0,0,0,0,1),(313,1,21,4,NULL,NULL,NULL,0,'Gnat',0,NULL,NULL,NULL,1,0,0,0,0,0,0,1),(314,1,21,4,NULL,NULL,NULL,0,'Gnat',1,NULL,NULL,NULL,1,0,0,0,0,0,0,1),(315,1,21,4,NULL,NULL,NULL,0,'Gnat',0,NULL,NULL,NULL,1,0,0,0,0,0,0,1),(316,1,21,4,NULL,NULL,NULL,0,'Gnat',0,NULL,NULL,NULL,1,0,0,0,0,0,0,1),(317,1,22,4,NULL,NULL,NULL,0,'Spudder',0,NULL,NULL,NULL,1,0,0,0,0,0,0,1),(318,1,22,4,NULL,NULL,NULL,0,'Glancer',1,NULL,NULL,NULL,1,0,0,0,0,0,0,1),(319,1,22,4,NULL,NULL,NULL,0,'Gnat',0,NULL,NULL,NULL,1,0,0,0,0,0,0,1),(320,1,22,4,NULL,NULL,NULL,0,'Gnat',0,NULL,NULL,NULL,1,0,0,0,0,0,0,1),(321,1,22,4,NULL,NULL,NULL,0,'Glancer',1,NULL,NULL,NULL,1,0,0,0,0,0,0,1),(322,1,22,4,NULL,NULL,NULL,0,'Glancer',1,NULL,NULL,NULL,1,0,0,0,0,0,0,1),(323,1,22,4,NULL,NULL,NULL,0,'Glancer',1,NULL,NULL,NULL,1,0,0,0,0,0,0,1),(324,1,22,4,NULL,NULL,NULL,0,'Glancer',1,NULL,NULL,NULL,1,0,0,0,0,0,0,1),(325,1,22,4,NULL,NULL,NULL,0,'Gnat',0,NULL,NULL,NULL,1,0,0,0,0,0,0,1),(326,1,22,4,NULL,NULL,NULL,0,'Gnat',0,NULL,NULL,NULL,1,0,0,0,0,0,0,1),(327,1,22,4,NULL,NULL,NULL,0,'Gnat',1,NULL,NULL,NULL,1,0,0,0,0,0,0,1),(328,1,22,4,NULL,NULL,NULL,0,'Gnat',0,NULL,NULL,NULL,1,0,0,0,0,0,0,1),(329,1,22,4,NULL,NULL,NULL,0,'Gnat',1,NULL,NULL,NULL,1,0,0,0,0,0,0,1),(330,1,23,4,NULL,NULL,NULL,0,'Gnawer',0,NULL,NULL,NULL,1,0,0,0,0,0,0,1),(331,1,23,4,NULL,NULL,NULL,0,'Gnawer',0,NULL,NULL,NULL,1,0,0,0,0,0,0,1),(332,1,23,4,NULL,NULL,NULL,0,'Gnawer',0,NULL,NULL,NULL,1,0,0,0,0,0,0,1),(333,1,23,4,NULL,NULL,NULL,0,'Gnawer',0,NULL,NULL,NULL,1,0,0,0,0,0,0,1),(334,1,23,4,NULL,NULL,NULL,0,'Spudder',0,NULL,NULL,NULL,1,0,0,0,0,0,0,1),(335,1,23,4,NULL,NULL,NULL,0,'Spudder',0,NULL,NULL,NULL,1,0,0,0,0,0,0,1),(336,1,23,4,NULL,NULL,NULL,0,'Glancer',1,NULL,NULL,NULL,1,0,0,0,0,0,0,1),(337,1,23,4,NULL,NULL,NULL,0,'Glancer',1,NULL,NULL,NULL,1,0,0,0,0,0,0,1),(338,1,23,4,NULL,NULL,NULL,0,'Glancer',1,NULL,NULL,NULL,1,0,0,0,0,0,0,1),(339,1,23,4,NULL,NULL,NULL,0,'Glancer',1,NULL,NULL,NULL,1,0,0,0,0,0,0,1),(340,1,23,4,NULL,NULL,NULL,0,'Gnat',0,NULL,NULL,NULL,1,0,0,0,0,0,0,1),(341,1,23,4,NULL,NULL,NULL,0,'Gnat',0,NULL,NULL,NULL,1,0,0,0,0,0,0,1),(342,1,23,4,NULL,NULL,NULL,0,'Gnat',1,NULL,NULL,NULL,1,0,0,0,0,0,0,1),(343,1,23,4,NULL,NULL,NULL,0,'Gnat',0,NULL,NULL,NULL,1,0,0,0,0,0,0,1),(344,1,23,4,NULL,NULL,NULL,0,'Gnat',1,NULL,NULL,NULL,1,0,0,0,0,0,0,1),(345,1,24,4,NULL,NULL,NULL,0,'Spudder',0,NULL,NULL,NULL,1,0,0,0,0,0,0,1),(346,1,24,4,NULL,NULL,NULL,0,'Glancer',1,NULL,NULL,NULL,1,0,0,0,0,0,0,1),(347,1,24,4,NULL,NULL,NULL,0,'Gnat',0,NULL,NULL,NULL,1,0,0,0,0,0,0,1),(348,1,24,4,NULL,NULL,NULL,0,'Gnat',0,NULL,NULL,NULL,1,0,0,0,0,0,0,1),(349,1,24,4,NULL,NULL,NULL,0,'Gnat',0,NULL,NULL,NULL,1,0,0,0,0,0,0,1),(350,1,24,4,NULL,NULL,NULL,0,'Glancer',1,NULL,NULL,NULL,1,0,0,0,0,0,0,1),(351,1,24,4,NULL,NULL,NULL,0,'Glancer',1,NULL,NULL,NULL,1,0,0,0,0,0,0,1),(352,1,24,4,NULL,NULL,NULL,0,'Gnat',0,NULL,NULL,NULL,1,0,0,0,0,0,0,1),(353,1,24,4,NULL,NULL,NULL,0,'Gnat',0,NULL,NULL,NULL,1,0,0,0,0,0,0,1),(354,1,24,4,NULL,NULL,NULL,0,'Gnat',1,NULL,NULL,NULL,1,0,0,0,0,0,0,1),(355,1,24,4,NULL,NULL,NULL,0,'Gnat',0,NULL,NULL,NULL,1,0,0,0,0,0,0,1),(356,1,24,4,NULL,NULL,NULL,0,'Gnat',1,NULL,NULL,NULL,1,0,0,0,0,0,0,1),(357,1,24,4,NULL,NULL,NULL,0,'Gnat',0,NULL,NULL,NULL,1,0,0,0,0,0,0,1),(358,1,25,4,NULL,NULL,NULL,0,'Glancer',1,NULL,NULL,NULL,1,0,0,0,0,0,0,1),(359,1,25,4,NULL,NULL,NULL,0,'Gnat',0,NULL,NULL,NULL,1,0,0,0,0,0,0,1),(360,1,25,4,NULL,NULL,NULL,0,'Glancer',1,NULL,NULL,NULL,1,0,0,0,0,0,0,1),(361,1,25,4,NULL,NULL,NULL,0,'Glancer',1,NULL,NULL,NULL,1,0,0,0,0,0,0,1),(362,1,25,4,NULL,NULL,NULL,0,'Glancer',1,NULL,NULL,NULL,1,0,0,0,0,0,0,1),(363,1,25,4,NULL,NULL,NULL,0,'Gnat',0,NULL,NULL,NULL,1,0,0,0,0,0,0,1),(364,1,25,4,NULL,NULL,NULL,0,'Gnat',0,NULL,NULL,NULL,1,0,0,0,0,0,0,1),(365,1,25,4,NULL,NULL,NULL,0,'Gnat',1,NULL,NULL,NULL,1,0,0,0,0,0,0,1),(366,1,25,4,NULL,NULL,NULL,0,'Gnat',0,NULL,NULL,NULL,1,0,0,0,0,0,0,1),(367,1,25,4,NULL,NULL,NULL,0,'Gnat',1,NULL,NULL,NULL,1,0,0,0,0,0,0,1),(368,1,26,4,NULL,NULL,NULL,0,'Gnat',0,NULL,NULL,NULL,1,0,0,0,0,0,0,1),(369,1,26,4,NULL,NULL,NULL,0,'Gnat',0,NULL,NULL,NULL,1,0,0,0,0,0,0,1),(370,1,26,4,NULL,NULL,NULL,0,'Gnat',1,NULL,NULL,NULL,1,0,0,0,0,0,0,1),(371,1,26,4,NULL,NULL,NULL,0,'Gnat',0,NULL,NULL,NULL,1,0,0,0,0,0,0,1),(372,1,26,4,NULL,NULL,NULL,0,'Gnat',1,NULL,NULL,NULL,1,0,0,0,0,0,0,1),(373,1,26,4,NULL,NULL,NULL,0,'Gnat',1,NULL,NULL,NULL,1,0,0,0,0,0,0,1),(374,1,26,4,NULL,NULL,NULL,0,'Gnat',0,NULL,NULL,NULL,1,0,0,0,0,0,0,1),(375,1,26,4,NULL,NULL,NULL,0,'Gnat',1,NULL,NULL,NULL,1,0,0,0,0,0,0,1),(376,1,27,4,NULL,NULL,NULL,0,'Gnat',0,NULL,NULL,NULL,1,0,0,0,0,0,0,1),(377,1,27,4,NULL,NULL,NULL,0,'Gnat',0,NULL,NULL,NULL,1,0,0,0,0,0,0,1),(378,1,27,4,NULL,NULL,NULL,0,'Gnat',1,NULL,NULL,NULL,1,0,0,0,0,0,0,1),(379,1,28,4,NULL,NULL,NULL,0,'Gnat',0,NULL,NULL,NULL,1,0,0,0,0,0,0,1),(380,1,28,4,NULL,NULL,NULL,0,'Gnat',0,NULL,NULL,NULL,1,0,0,0,0,0,0,1),(381,1,28,4,NULL,NULL,NULL,0,'Gnat',1,NULL,NULL,NULL,1,0,0,0,0,0,0,1),(382,1,28,4,NULL,NULL,NULL,0,'Gnat',0,NULL,NULL,NULL,1,0,0,0,0,0,0,1),(383,1,28,4,NULL,NULL,NULL,0,'Gnat',1,NULL,NULL,NULL,1,0,0,0,0,0,0,1),(384,1,29,4,NULL,NULL,NULL,0,'Gnat',0,NULL,NULL,NULL,1,0,0,0,0,0,0,1),(385,1,29,4,NULL,NULL,NULL,0,'Gnat',0,NULL,NULL,NULL,1,0,0,0,0,0,0,1),(386,1,29,4,NULL,NULL,NULL,0,'Gnat',1,NULL,NULL,NULL,1,0,0,0,0,0,0,1),(387,1,29,4,NULL,NULL,NULL,0,'Gnat',0,NULL,NULL,NULL,1,0,0,0,0,0,0,1),(388,1,29,4,NULL,NULL,NULL,0,'Gnat',1,NULL,NULL,NULL,1,0,0,0,0,0,0,1),(389,1,3,1,NULL,NULL,NULL,0,'Demosis',0,3,112,NULL,1,0,0,0,0,0,0,1),(390,1,3,1,NULL,NULL,NULL,0,'Thor',0,3,112,NULL,1,0,0,0,0,0,0,1),(391,1,3,1,NULL,NULL,NULL,0,'Thor',0,3,112,NULL,1,0,0,0,0,0,0,1),(392,1,3,1,NULL,NULL,NULL,0,'Thor',0,3,112,NULL,1,0,0,0,0,0,0,1),(393,1,3,1,NULL,NULL,NULL,0,'Dirac',1,3,112,NULL,1,0,0,0,0,0,0,1),(394,1,3,1,NULL,NULL,NULL,0,'Dirac',1,3,112,NULL,1,0,0,0,0,0,0,1),(395,1,3,1,NULL,NULL,NULL,0,'Dirac',1,3,112,NULL,1,0,0,0,0,0,0,1),(396,1,3,1,NULL,NULL,NULL,0,'Dirac',1,3,112,NULL,1,0,0,0,0,0,0,1),(397,1,3,1,NULL,NULL,NULL,0,'Dirac',1,3,112,NULL,1,0,0,0,0,0,0,1),(398,1,3,1,NULL,NULL,NULL,0,'Dirac',1,3,112,NULL,1,0,0,0,0,0,0,1),(399,1,3,1,NULL,NULL,NULL,0,'Dirac',1,3,112,NULL,1,0,0,0,0,0,0,1),(400,1,3,1,NULL,NULL,NULL,0,'Dirac',1,3,112,NULL,1,0,0,0,0,0,0,1),(401,1,30,4,NULL,NULL,NULL,0,'Glancer',1,NULL,NULL,NULL,1,0,0,0,0,0,0,1),(402,1,30,4,NULL,NULL,NULL,0,'Gnat',0,NULL,NULL,NULL,1,0,0,0,0,0,0,1),(403,1,30,4,NULL,NULL,NULL,0,'Gnat',0,NULL,NULL,NULL,1,0,0,0,0,0,0,1),(404,1,30,4,NULL,NULL,NULL,0,'Gnat',0,NULL,NULL,NULL,1,0,0,0,0,0,0,1),(405,1,30,4,NULL,NULL,NULL,0,'Gnat',1,NULL,NULL,NULL,1,0,0,0,0,0,0,1),(406,1,30,4,NULL,NULL,NULL,0,'Gnat',1,NULL,NULL,NULL,1,0,0,0,0,0,0,1),(407,1,30,4,NULL,NULL,NULL,0,'Gnat',1,NULL,NULL,NULL,1,0,0,0,0,0,0,1),(408,1,31,4,NULL,NULL,NULL,0,'Glancer',1,NULL,NULL,NULL,1,0,0,0,0,0,0,1),(409,1,31,4,NULL,NULL,NULL,0,'Gnat',0,NULL,NULL,NULL,1,0,0,0,0,0,0,1),(410,1,31,4,NULL,NULL,NULL,0,'Gnat',1,NULL,NULL,NULL,1,0,0,0,0,0,0,1),(411,1,31,4,NULL,NULL,NULL,0,'Glancer',1,NULL,NULL,NULL,1,0,0,0,0,0,0,1),(412,1,31,4,NULL,NULL,NULL,0,'Gnat',0,NULL,NULL,NULL,1,0,0,0,0,0,0,1),(413,1,31,4,NULL,NULL,NULL,0,'Glancer',1,NULL,NULL,NULL,1,0,0,0,0,0,0,1),(414,1,31,4,NULL,NULL,NULL,0,'Gnat',0,NULL,NULL,NULL,1,0,0,0,0,0,0,1),(415,1,31,4,NULL,NULL,NULL,0,'Gnat',0,NULL,NULL,NULL,1,0,0,0,0,0,0,1),(416,1,31,4,NULL,NULL,NULL,0,'Gnat',0,NULL,NULL,NULL,1,0,0,0,0,0,0,1),(417,1,31,4,NULL,NULL,NULL,0,'Gnat',1,NULL,NULL,NULL,1,0,0,0,0,0,0,1),(418,1,31,4,NULL,NULL,NULL,0,'Gnat',1,NULL,NULL,NULL,1,0,0,0,0,0,0,1),(419,1,31,4,NULL,NULL,NULL,0,'Gnat',1,NULL,NULL,NULL,1,0,0,0,0,0,0,1),(420,1,32,4,NULL,NULL,NULL,0,'Gnat',0,NULL,NULL,NULL,1,0,0,0,0,0,0,1),(421,1,32,4,NULL,NULL,NULL,0,'Gnat',0,NULL,NULL,NULL,1,0,0,0,0,0,0,1),(422,1,32,4,NULL,NULL,NULL,0,'Gnat',1,NULL,NULL,NULL,1,0,0,0,0,0,0,1),(423,1,32,4,NULL,NULL,NULL,0,'Gnat',1,NULL,NULL,NULL,1,0,0,0,0,0,0,1),(424,1,32,4,NULL,NULL,NULL,0,'Gnat',1,NULL,NULL,NULL,1,0,0,0,0,0,0,1),(425,1,33,4,NULL,NULL,NULL,0,'Gnat',0,NULL,NULL,NULL,1,0,0,0,0,0,0,1),(426,1,33,4,NULL,NULL,NULL,0,'Gnat',0,NULL,NULL,NULL,1,0,0,0,0,0,0,1),(427,1,33,4,NULL,NULL,NULL,0,'Gnat',1,NULL,NULL,NULL,1,0,0,0,0,0,0,1),(428,1,33,4,NULL,NULL,NULL,0,'Gnat',1,NULL,NULL,NULL,1,0,0,0,0,0,0,1),(429,1,33,4,NULL,NULL,NULL,0,'Gnat',1,NULL,NULL,NULL,1,0,0,0,0,0,0,1),(430,1,34,4,NULL,NULL,NULL,0,'Glancer',1,NULL,NULL,NULL,1,0,0,0,0,0,0,1),(431,1,34,4,NULL,NULL,NULL,0,'Gnat',0,NULL,NULL,NULL,1,0,0,0,0,0,0,1),(432,1,34,4,NULL,NULL,NULL,0,'Gnat',0,NULL,NULL,NULL,1,0,0,0,0,0,0,1),(433,1,34,4,NULL,NULL,NULL,0,'Gnat',0,NULL,NULL,NULL,1,0,0,0,0,0,0,1),(434,1,34,4,NULL,NULL,NULL,0,'Gnat',1,NULL,NULL,NULL,1,0,0,0,0,0,0,1),(435,1,34,4,NULL,NULL,NULL,0,'Gnat',1,NULL,NULL,NULL,1,0,0,0,0,0,0,1),(436,1,34,4,NULL,NULL,NULL,0,'Gnat',1,NULL,NULL,NULL,1,0,0,0,0,0,0,1),(437,1,35,4,NULL,NULL,NULL,0,'Gnat',0,NULL,NULL,NULL,1,0,0,0,0,0,0,1),(438,1,35,4,NULL,NULL,NULL,0,'Gnat',0,NULL,NULL,NULL,1,0,0,0,0,0,0,1),(439,1,35,4,NULL,NULL,NULL,0,'Gnat',1,NULL,NULL,NULL,1,0,0,0,0,0,0,1),(440,1,35,4,NULL,NULL,NULL,0,'Gnat',1,NULL,NULL,NULL,1,0,0,0,0,0,0,1),(441,1,35,4,NULL,NULL,NULL,0,'Gnat',1,NULL,NULL,NULL,1,0,0,0,0,0,0,1),(442,1,36,4,NULL,NULL,NULL,0,'Gnat',0,NULL,NULL,NULL,1,0,0,0,0,0,0,1),(443,1,36,4,NULL,NULL,NULL,0,'Gnat',0,NULL,NULL,NULL,1,0,0,0,0,0,0,1),(444,1,36,4,NULL,NULL,NULL,0,'Gnat',1,NULL,NULL,NULL,1,0,0,0,0,0,0,1),(445,1,36,4,NULL,NULL,NULL,0,'Gnat',1,NULL,NULL,NULL,1,0,0,0,0,0,0,1),(446,1,36,4,NULL,NULL,NULL,0,'Gnat',1,NULL,NULL,NULL,1,0,0,0,0,0,0,1),(447,1,37,4,NULL,NULL,NULL,0,'Glancer',1,NULL,NULL,NULL,1,0,0,0,0,0,0,1),(448,1,37,4,NULL,NULL,NULL,0,'Gnat',0,NULL,NULL,NULL,1,0,0,0,0,0,0,1),(449,1,37,4,NULL,NULL,NULL,0,'Gnat',1,NULL,NULL,NULL,1,0,0,0,0,0,0,1),(450,1,37,4,NULL,NULL,NULL,0,'Glancer',1,NULL,NULL,NULL,1,0,0,0,0,0,0,1),(451,1,37,4,NULL,NULL,NULL,0,'Gnat',0,NULL,NULL,NULL,1,0,0,0,0,0,0,1),(452,1,37,4,NULL,NULL,NULL,0,'Glancer',1,NULL,NULL,NULL,1,0,0,0,0,0,0,1),(453,1,37,4,NULL,NULL,NULL,0,'Gnat',0,NULL,NULL,NULL,1,0,0,0,0,0,0,1),(454,1,37,4,NULL,NULL,NULL,0,'Gnat',0,NULL,NULL,NULL,1,0,0,0,0,0,0,1),(455,1,37,4,NULL,NULL,NULL,0,'Gnat',0,NULL,NULL,NULL,1,0,0,0,0,0,0,1),(456,1,37,4,NULL,NULL,NULL,0,'Gnat',1,NULL,NULL,NULL,1,0,0,0,0,0,0,1),(457,1,37,4,NULL,NULL,NULL,0,'Gnat',1,NULL,NULL,NULL,1,0,0,0,0,0,0,1),(458,1,37,4,NULL,NULL,NULL,0,'Gnat',1,NULL,NULL,NULL,1,0,0,0,0,0,0,1),(459,1,38,4,NULL,NULL,NULL,0,'Glancer',1,NULL,NULL,NULL,1,0,0,0,0,0,0,1),(460,1,38,4,NULL,NULL,NULL,0,'Gnat',0,NULL,NULL,NULL,1,0,0,0,0,0,0,1),(461,1,38,4,NULL,NULL,NULL,0,'Gnat',1,NULL,NULL,NULL,1,0,0,0,0,0,0,1),(462,1,38,4,NULL,NULL,NULL,0,'Glancer',1,NULL,NULL,NULL,1,0,0,0,0,0,0,1),(463,1,38,4,NULL,NULL,NULL,0,'Gnat',0,NULL,NULL,NULL,1,0,0,0,0,0,0,1),(464,1,38,4,NULL,NULL,NULL,0,'Glancer',1,NULL,NULL,NULL,1,0,0,0,0,0,0,1),(465,1,38,4,NULL,NULL,NULL,0,'Gnat',0,NULL,NULL,NULL,1,0,0,0,0,0,0,1),(466,1,38,4,NULL,NULL,NULL,0,'Gnat',0,NULL,NULL,NULL,1,0,0,0,0,0,0,1),(467,1,38,4,NULL,NULL,NULL,0,'Gnat',0,NULL,NULL,NULL,1,0,0,0,0,0,0,1),(468,1,38,4,NULL,NULL,NULL,0,'Gnat',1,NULL,NULL,NULL,1,0,0,0,0,0,0,1),(469,1,38,4,NULL,NULL,NULL,0,'Gnat',1,NULL,NULL,NULL,1,0,0,0,0,0,0,1),(470,1,38,4,NULL,NULL,NULL,0,'Gnat',1,NULL,NULL,NULL,1,0,0,0,0,0,0,1),(471,1,39,4,NULL,NULL,NULL,0,'Gnat',0,NULL,NULL,NULL,1,0,0,0,0,0,0,1),(472,1,39,4,NULL,NULL,NULL,0,'Gnat',0,NULL,NULL,NULL,1,0,0,0,0,0,0,1),(473,1,39,4,NULL,NULL,NULL,0,'Gnat',1,NULL,NULL,NULL,1,0,0,0,0,0,0,1),(474,1,39,4,NULL,NULL,NULL,0,'Gnat',1,NULL,NULL,NULL,1,0,0,0,0,0,0,1),(475,1,39,4,NULL,NULL,NULL,0,'Gnat',1,NULL,NULL,NULL,1,0,0,0,0,0,0,1),(476,1,40,4,NULL,NULL,NULL,0,'Gnat',0,NULL,NULL,NULL,1,0,0,0,0,0,0,1),(477,1,40,4,NULL,NULL,NULL,0,'Gnat',0,NULL,NULL,NULL,1,0,0,0,0,0,0,1),(478,1,40,4,NULL,NULL,NULL,0,'Gnat',1,NULL,NULL,NULL,1,0,0,0,0,0,0,1),(479,1,40,4,NULL,NULL,NULL,0,'Gnat',1,NULL,NULL,NULL,1,0,0,0,0,0,0,1),(480,1,40,4,NULL,NULL,NULL,0,'Gnat',1,NULL,NULL,NULL,1,0,0,0,0,0,0,1),(481,1,41,4,NULL,NULL,NULL,0,'Glancer',1,NULL,NULL,NULL,1,0,0,0,0,0,0,1),(482,1,41,4,NULL,NULL,NULL,0,'Gnat',0,NULL,NULL,NULL,1,0,0,0,0,0,0,1),(483,1,41,4,NULL,NULL,NULL,0,'Gnat',0,NULL,NULL,NULL,1,0,0,0,0,0,0,1),(484,1,41,4,NULL,NULL,NULL,0,'Gnat',0,NULL,NULL,NULL,1,0,0,0,0,0,0,1),(485,1,41,4,NULL,NULL,NULL,0,'Gnat',1,NULL,NULL,NULL,1,0,0,0,0,0,0,1),(486,1,41,4,NULL,NULL,NULL,0,'Gnat',1,NULL,NULL,NULL,1,0,0,0,0,0,0,1),(487,1,41,4,NULL,NULL,NULL,0,'Gnat',1,NULL,NULL,NULL,1,0,0,0,0,0,0,1),(488,1,42,4,NULL,NULL,NULL,0,'Glancer',1,NULL,NULL,NULL,1,0,0,0,0,0,0,1),(489,1,42,4,NULL,NULL,NULL,0,'Gnat',0,NULL,NULL,NULL,1,0,0,0,0,0,0,1),(490,1,42,4,NULL,NULL,NULL,0,'Gnat',0,NULL,NULL,NULL,1,0,0,0,0,0,0,1),(491,1,42,4,NULL,NULL,NULL,0,'Gnat',0,NULL,NULL,NULL,1,0,0,0,0,0,0,1),(492,1,42,4,NULL,NULL,NULL,0,'Gnat',1,NULL,NULL,NULL,1,0,0,0,0,0,0,1),(493,1,42,4,NULL,NULL,NULL,0,'Gnat',1,NULL,NULL,NULL,1,0,0,0,0,0,0,1),(494,1,42,4,NULL,NULL,NULL,0,'Gnat',1,NULL,NULL,NULL,1,0,0,0,0,0,0,1),(495,1,43,4,NULL,NULL,NULL,0,'Gnat',0,NULL,NULL,NULL,1,0,0,0,0,0,0,1),(496,1,43,4,NULL,NULL,NULL,0,'Gnat',0,NULL,NULL,NULL,1,0,0,0,0,0,0,1),(497,1,43,4,NULL,NULL,NULL,0,'Gnat',1,NULL,NULL,NULL,1,0,0,0,0,0,0,1),(498,1,43,4,NULL,NULL,NULL,0,'Gnat',1,NULL,NULL,NULL,1,0,0,0,0,0,0,1),(499,1,43,4,NULL,NULL,NULL,0,'Gnat',1,NULL,NULL,NULL,1,0,0,0,0,0,0,1),(500,1,44,4,NULL,NULL,NULL,0,'Gnat',0,NULL,NULL,NULL,1,0,0,0,0,0,0,1),(501,1,44,4,NULL,NULL,NULL,0,'Gnat',0,NULL,NULL,NULL,1,0,0,0,0,0,0,1),(502,1,44,4,NULL,NULL,NULL,0,'Gnat',1,NULL,NULL,NULL,1,0,0,0,0,0,0,1),(503,1,44,4,NULL,NULL,NULL,0,'Gnat',1,NULL,NULL,NULL,1,0,0,0,0,0,0,1),(504,1,44,4,NULL,NULL,NULL,0,'Gnat',1,NULL,NULL,NULL,1,0,0,0,0,0,0,1),(505,1,51,4,NULL,NULL,NULL,0,'Glancer',1,NULL,NULL,NULL,1,0,0,0,0,0,0,1),(506,1,51,4,NULL,NULL,NULL,0,'Gnat',0,NULL,NULL,NULL,1,0,0,0,0,0,0,1),(507,1,51,4,NULL,NULL,NULL,0,'Gnat',1,NULL,NULL,NULL,1,0,0,0,0,0,0,1),(508,1,51,4,NULL,NULL,NULL,0,'Glancer',1,NULL,NULL,NULL,1,0,0,0,0,0,0,1),(509,1,51,4,NULL,NULL,NULL,0,'Gnat',0,NULL,NULL,NULL,1,0,0,0,0,0,0,1),(510,1,51,4,NULL,NULL,NULL,0,'Glancer',1,NULL,NULL,NULL,1,0,0,0,0,0,0,1),(511,1,51,4,NULL,NULL,NULL,0,'Gnat',0,NULL,NULL,NULL,1,0,0,0,0,0,0,1),(512,1,51,4,NULL,NULL,NULL,0,'Gnat',0,NULL,NULL,NULL,1,0,0,0,0,0,0,1),(513,1,51,4,NULL,NULL,NULL,0,'Gnat',0,NULL,NULL,NULL,1,0,0,0,0,0,0,1),(514,1,51,4,NULL,NULL,NULL,0,'Gnat',1,NULL,NULL,NULL,1,0,0,0,0,0,0,1),(515,1,51,4,NULL,NULL,NULL,0,'Gnat',1,NULL,NULL,NULL,1,0,0,0,0,0,0,1),(516,1,51,4,NULL,NULL,NULL,0,'Gnat',1,NULL,NULL,NULL,1,0,0,0,0,0,0,1),(517,1,52,4,NULL,NULL,NULL,0,'Gnat',0,NULL,NULL,NULL,1,0,0,0,0,0,0,1),(518,1,52,4,NULL,NULL,NULL,0,'Gnat',0,NULL,NULL,NULL,1,0,0,0,0,0,0,1),(519,1,52,4,NULL,NULL,NULL,0,'Gnat',1,NULL,NULL,NULL,1,0,0,0,0,0,0,1),(520,1,52,4,NULL,NULL,NULL,0,'Gnat',1,NULL,NULL,NULL,1,0,0,0,0,0,0,1),(521,1,52,4,NULL,NULL,NULL,0,'Gnat',1,NULL,NULL,NULL,1,0,0,0,0,0,0,1),(522,1,58,4,NULL,NULL,NULL,0,'Glancer',1,NULL,NULL,NULL,1,0,0,0,0,0,0,1),(523,1,58,4,NULL,NULL,NULL,0,'Gnat',0,NULL,NULL,NULL,1,0,0,0,0,0,0,1),(524,1,58,4,NULL,NULL,NULL,0,'Gnat',1,NULL,NULL,NULL,1,0,0,0,0,0,0,1),(525,1,58,4,NULL,NULL,NULL,0,'Glancer',1,NULL,NULL,NULL,1,0,0,0,0,0,0,1),(526,1,58,4,NULL,NULL,NULL,0,'Gnat',0,NULL,NULL,NULL,1,0,0,0,0,0,0,1),(527,1,58,4,NULL,NULL,NULL,0,'Glancer',1,NULL,NULL,NULL,1,0,0,0,0,0,0,1),(528,1,58,4,NULL,NULL,NULL,0,'Gnat',0,NULL,NULL,NULL,1,0,0,0,0,0,0,1),(529,1,58,4,NULL,NULL,NULL,0,'Gnat',0,NULL,NULL,NULL,1,0,0,0,0,0,0,1),(530,1,58,4,NULL,NULL,NULL,0,'Gnat',0,NULL,NULL,NULL,1,0,0,0,0,0,0,1),(531,1,58,4,NULL,NULL,NULL,0,'Gnat',1,NULL,NULL,NULL,1,0,0,0,0,0,0,1),(532,1,58,4,NULL,NULL,NULL,0,'Gnat',1,NULL,NULL,NULL,1,0,0,0,0,0,0,1),(533,1,58,4,NULL,NULL,NULL,0,'Gnat',1,NULL,NULL,NULL,1,0,0,0,0,0,0,1),(534,1,59,4,NULL,NULL,NULL,0,'Gnat',0,NULL,NULL,NULL,1,0,0,0,0,0,0,1),(535,1,59,4,NULL,NULL,NULL,0,'Gnat',0,NULL,NULL,NULL,1,0,0,0,0,0,0,1),(536,1,59,4,NULL,NULL,NULL,0,'Gnat',1,NULL,NULL,NULL,1,0,0,0,0,0,0,1),(537,1,59,4,NULL,NULL,NULL,0,'Gnat',1,NULL,NULL,NULL,1,0,0,0,0,0,0,1),(538,1,59,4,NULL,NULL,NULL,0,'Gnat',1,NULL,NULL,NULL,1,0,0,0,0,0,0,1),(539,1,68,4,NULL,NULL,NULL,0,'Gnat',0,NULL,NULL,NULL,1,0,0,0,0,0,0,1),(540,1,68,4,NULL,NULL,NULL,0,'Gnat',0,NULL,NULL,NULL,1,0,0,0,0,0,0,1),(541,1,68,4,NULL,NULL,NULL,0,'Gnat',1,NULL,NULL,NULL,1,0,0,0,0,0,0,1),(542,1,68,4,NULL,NULL,NULL,0,'Gnat',1,NULL,NULL,NULL,1,0,0,0,0,0,0,1),(543,1,68,4,NULL,NULL,NULL,0,'Gnat',1,NULL,NULL,NULL,1,0,0,0,0,0,0,1),(544,1,69,4,NULL,NULL,NULL,0,'Glancer',1,NULL,NULL,NULL,1,0,0,0,0,0,0,1),(545,1,69,4,NULL,NULL,NULL,0,'Gnat',0,NULL,NULL,NULL,1,0,0,0,0,0,0,1),(546,1,69,4,NULL,NULL,NULL,0,'Gnat',1,NULL,NULL,NULL,1,0,0,0,0,0,0,1),(547,1,69,4,NULL,NULL,NULL,0,'Glancer',1,NULL,NULL,NULL,1,0,0,0,0,0,0,1),(548,1,69,4,NULL,NULL,NULL,0,'Gnat',0,NULL,NULL,NULL,1,0,0,0,0,0,0,1),(549,1,69,4,NULL,NULL,NULL,0,'Glancer',1,NULL,NULL,NULL,1,0,0,0,0,0,0,1),(550,1,69,4,NULL,NULL,NULL,0,'Gnat',0,NULL,NULL,NULL,1,0,0,0,0,0,0,1),(551,1,69,4,NULL,NULL,NULL,0,'Gnat',0,NULL,NULL,NULL,1,0,0,0,0,0,0,1),(552,1,69,4,NULL,NULL,NULL,0,'Gnat',0,NULL,NULL,NULL,1,0,0,0,0,0,0,1),(553,1,69,4,NULL,NULL,NULL,0,'Gnat',1,NULL,NULL,NULL,1,0,0,0,0,0,0,1),(554,1,69,4,NULL,NULL,NULL,0,'Gnat',1,NULL,NULL,NULL,1,0,0,0,0,0,0,1),(555,1,69,4,NULL,NULL,NULL,0,'Gnat',1,NULL,NULL,NULL,1,0,0,0,0,0,0,1),(556,1,70,4,NULL,NULL,NULL,0,'Gnat',0,NULL,NULL,NULL,1,0,0,0,0,0,0,1),(557,1,70,4,NULL,NULL,NULL,0,'Gnat',0,NULL,NULL,NULL,1,0,0,0,0,0,0,1),(558,1,70,4,NULL,NULL,NULL,0,'Gnat',1,NULL,NULL,NULL,1,0,0,0,0,0,0,1),(559,1,70,4,NULL,NULL,NULL,0,'Gnat',1,NULL,NULL,NULL,1,0,0,0,0,0,0,1),(560,1,70,4,NULL,NULL,NULL,0,'Gnat',1,NULL,NULL,NULL,1,0,0,0,0,0,0,1),(561,1,71,4,NULL,NULL,NULL,0,'Gnat',0,NULL,NULL,NULL,1,0,0,0,0,0,0,1),(562,1,71,4,NULL,NULL,NULL,0,'Gnat',0,NULL,NULL,NULL,1,0,0,0,0,0,0,1),(563,1,71,4,NULL,NULL,NULL,0,'Gnat',1,NULL,NULL,NULL,1,0,0,0,0,0,0,1),(564,1,71,4,NULL,NULL,NULL,0,'Gnat',1,NULL,NULL,NULL,1,0,0,0,0,0,0,1),(565,1,71,4,NULL,NULL,NULL,0,'Gnat',1,NULL,NULL,NULL,1,0,0,0,0,0,0,1),(566,1,72,4,NULL,NULL,NULL,0,'Glancer',1,NULL,NULL,NULL,1,0,0,0,0,0,0,1),(567,1,72,4,NULL,NULL,NULL,0,'Gnat',0,NULL,NULL,NULL,1,0,0,0,0,0,0,1),(568,1,72,4,NULL,NULL,NULL,0,'Gnat',1,NULL,NULL,NULL,1,0,0,0,0,0,0,1),(569,1,72,4,NULL,NULL,NULL,0,'Glancer',1,NULL,NULL,NULL,1,0,0,0,0,0,0,1),(570,1,72,4,NULL,NULL,NULL,0,'Gnat',0,NULL,NULL,NULL,1,0,0,0,0,0,0,1),(571,1,72,4,NULL,NULL,NULL,0,'Glancer',1,NULL,NULL,NULL,1,0,0,0,0,0,0,1),(572,1,72,4,NULL,NULL,NULL,0,'Gnat',0,NULL,NULL,NULL,1,0,0,0,0,0,0,1),(573,1,72,4,NULL,NULL,NULL,0,'Gnat',0,NULL,NULL,NULL,1,0,0,0,0,0,0,1),(574,1,72,4,NULL,NULL,NULL,0,'Gnat',0,NULL,NULL,NULL,1,0,0,0,0,0,0,1),(575,1,72,4,NULL,NULL,NULL,0,'Gnat',1,NULL,NULL,NULL,1,0,0,0,0,0,0,1),(576,1,72,4,NULL,NULL,NULL,0,'Gnat',1,NULL,NULL,NULL,1,0,0,0,0,0,0,1),(577,1,72,4,NULL,NULL,NULL,0,'Gnat',1,NULL,NULL,NULL,1,0,0,0,0,0,0,1),(578,1,73,4,NULL,NULL,NULL,0,'Gnat',0,NULL,NULL,NULL,1,0,0,0,0,0,0,1),(579,1,73,4,NULL,NULL,NULL,0,'Gnat',0,NULL,NULL,NULL,1,0,0,0,0,0,0,1),(580,1,73,4,NULL,NULL,NULL,0,'Gnat',1,NULL,NULL,NULL,1,0,0,0,0,0,0,1),(581,1,73,4,NULL,NULL,NULL,0,'Gnat',1,NULL,NULL,NULL,1,0,0,0,0,0,0,1),(582,1,73,4,NULL,NULL,NULL,0,'Gnat',1,NULL,NULL,NULL,1,0,0,0,0,0,0,1),(583,1,74,4,NULL,NULL,NULL,0,'Gnat',0,NULL,NULL,NULL,1,0,0,0,0,0,0,1),(584,1,74,4,NULL,NULL,NULL,0,'Gnat',0,NULL,NULL,NULL,1,0,0,0,0,0,0,1),(585,1,74,4,NULL,NULL,NULL,0,'Gnat',1,NULL,NULL,NULL,1,0,0,0,0,0,0,1),(586,1,74,4,NULL,NULL,NULL,0,'Gnat',1,NULL,NULL,NULL,1,0,0,0,0,0,0,1),(587,1,74,4,NULL,NULL,NULL,0,'Gnat',1,NULL,NULL,NULL,1,0,0,0,0,0,0,1),(588,1,75,4,NULL,NULL,NULL,0,'Gnat',0,NULL,NULL,NULL,1,0,0,0,0,0,0,1),(589,1,75,4,NULL,NULL,NULL,0,'Gnat',0,NULL,NULL,NULL,1,0,0,0,0,0,0,1),(590,1,75,4,NULL,NULL,NULL,0,'Gnat',1,NULL,NULL,NULL,1,0,0,0,0,0,0,1),(591,1,75,4,NULL,NULL,NULL,0,'Gnat',1,NULL,NULL,NULL,1,0,0,0,0,0,0,1),(592,1,75,4,NULL,NULL,NULL,0,'Gnat',1,NULL,NULL,NULL,1,0,0,0,0,0,0,1),(593,1,76,4,NULL,NULL,NULL,0,'Gnat',0,NULL,NULL,NULL,1,0,0,0,0,0,0,1),(594,1,76,4,NULL,NULL,NULL,0,'Gnat',0,NULL,NULL,NULL,1,0,0,0,0,0,0,1),(595,1,76,4,NULL,NULL,NULL,0,'Gnat',1,NULL,NULL,NULL,1,0,0,0,0,0,0,1),(596,1,76,4,NULL,NULL,NULL,0,'Gnat',1,NULL,NULL,NULL,1,0,0,0,0,0,0,1),(597,1,76,4,NULL,NULL,NULL,0,'Gnat',1,NULL,NULL,NULL,1,0,0,0,0,0,0,1),(598,1,77,4,NULL,NULL,NULL,0,'Gnat',0,NULL,NULL,NULL,1,0,0,0,0,0,0,1),(599,1,77,4,NULL,NULL,NULL,0,'Gnat',0,NULL,NULL,NULL,1,0,0,0,0,0,0,1),(600,1,77,4,NULL,NULL,NULL,0,'Gnat',1,NULL,NULL,NULL,1,0,0,0,0,0,0,1),(601,1,77,4,NULL,NULL,NULL,0,'Gnat',1,NULL,NULL,NULL,1,0,0,0,0,0,0,1),(602,1,77,4,NULL,NULL,NULL,0,'Gnat',1,NULL,NULL,NULL,1,0,0,0,0,0,0,1),(603,1,78,4,NULL,NULL,NULL,0,'Gnat',0,NULL,NULL,NULL,1,0,0,0,0,0,0,1),(604,1,78,4,NULL,NULL,NULL,0,'Gnat',0,NULL,NULL,NULL,1,0,0,0,0,0,0,1),(605,1,78,4,NULL,NULL,NULL,0,'Gnat',1,NULL,NULL,NULL,1,0,0,0,0,0,0,1),(606,1,78,4,NULL,NULL,NULL,0,'Gnat',1,NULL,NULL,NULL,1,0,0,0,0,0,0,1),(607,1,78,4,NULL,NULL,NULL,0,'Gnat',1,NULL,NULL,NULL,1,0,0,0,0,0,0,1),(608,1,79,4,NULL,NULL,NULL,0,'Gnat',0,NULL,NULL,NULL,1,0,0,0,0,0,0,1),(609,1,79,4,NULL,NULL,NULL,0,'Gnat',0,NULL,NULL,NULL,1,0,0,0,0,0,0,1),(610,1,79,4,NULL,NULL,NULL,0,'Gnat',1,NULL,NULL,NULL,1,0,0,0,0,0,0,1),(611,1,79,4,NULL,NULL,NULL,0,'Gnat',1,NULL,NULL,NULL,1,0,0,0,0,0,0,1),(612,1,79,4,NULL,NULL,NULL,0,'Gnat',1,NULL,NULL,NULL,1,0,0,0,0,0,0,1),(613,1,80,4,NULL,NULL,NULL,0,'Glancer',1,NULL,NULL,NULL,1,0,0,0,0,0,0,1),(614,1,80,4,NULL,NULL,NULL,0,'Gnat',0,NULL,NULL,NULL,1,0,0,0,0,0,0,1),(615,1,80,4,NULL,NULL,NULL,0,'Gnat',1,NULL,NULL,NULL,1,0,0,0,0,0,0,1),(616,1,80,4,NULL,NULL,NULL,0,'Glancer',1,NULL,NULL,NULL,1,0,0,0,0,0,0,1),(617,1,80,4,NULL,NULL,NULL,0,'Gnat',0,NULL,NULL,NULL,1,0,0,0,0,0,0,1),(618,1,80,4,NULL,NULL,NULL,0,'Glancer',1,NULL,NULL,NULL,1,0,0,0,0,0,0,1),(619,1,80,4,NULL,NULL,NULL,0,'Gnat',0,NULL,NULL,NULL,1,0,0,0,0,0,0,1),(620,1,80,4,NULL,NULL,NULL,0,'Gnat',0,NULL,NULL,NULL,1,0,0,0,0,0,0,1),(621,1,80,4,NULL,NULL,NULL,0,'Gnat',0,NULL,NULL,NULL,1,0,0,0,0,0,0,1),(622,1,80,4,NULL,NULL,NULL,0,'Gnat',1,NULL,NULL,NULL,1,0,0,0,0,0,0,1),(623,1,80,4,NULL,NULL,NULL,0,'Gnat',1,NULL,NULL,NULL,1,0,0,0,0,0,0,1),(624,1,80,4,NULL,NULL,NULL,0,'Gnat',1,NULL,NULL,NULL,1,0,0,0,0,0,0,1),(625,1,81,4,NULL,NULL,NULL,0,'Gnat',0,NULL,NULL,NULL,1,0,0,0,0,0,0,1),(626,1,81,4,NULL,NULL,NULL,0,'Gnat',0,NULL,NULL,NULL,1,0,0,0,0,0,0,1),(627,1,81,4,NULL,NULL,NULL,0,'Gnat',1,NULL,NULL,NULL,1,0,0,0,0,0,0,1),(628,1,81,4,NULL,NULL,NULL,0,'Gnat',1,NULL,NULL,NULL,1,0,0,0,0,0,0,1),(629,1,81,4,NULL,NULL,NULL,0,'Gnat',1,NULL,NULL,NULL,1,0,0,0,0,0,0,1),(630,1,3,1,NULL,NULL,NULL,0,'Thor',0,2,0,NULL,1,0,0,0,0,0,0,1),(631,1,3,1,NULL,NULL,NULL,0,'Dirac',1,2,0,NULL,1,0,0,0,0,0,0,1),(632,1,3,1,NULL,NULL,NULL,0,'Dirac',1,2,0,NULL,1,0,0,0,0,0,0,1),(633,1,3,1,NULL,NULL,NULL,0,'Dirac',1,2,0,NULL,1,0,0,0,0,0,0,1),(634,1,3,1,NULL,NULL,NULL,0,'Dirac',1,2,0,NULL,1,0,0,0,0,0,0,1),(635,1,3,1,NULL,NULL,NULL,0,'Thor',0,0,180,NULL,1,0,0,0,0,0,0,1),(636,1,3,1,NULL,NULL,NULL,0,'Dirac',1,0,180,NULL,1,0,0,0,0,0,0,1),(637,1,3,1,NULL,NULL,NULL,0,'Dirac',1,0,180,NULL,1,0,0,0,0,0,0,1),(638,1,3,1,NULL,NULL,NULL,0,'Dirac',1,0,180,NULL,1,0,0,0,0,0,0,1),(639,1,3,1,NULL,NULL,NULL,0,'Dirac',1,0,180,NULL,1,0,0,0,0,0,0,1),(640,1,3,1,NULL,NULL,NULL,0,'Thor',0,0,0,NULL,1,0,0,0,0,0,0,1),(641,1,3,1,NULL,NULL,NULL,0,'Dirac',1,0,0,NULL,1,0,0,0,0,0,0,1),(642,1,3,1,NULL,NULL,NULL,0,'Dirac',1,0,0,NULL,1,0,0,0,0,0,0,1),(643,1,3,1,NULL,NULL,NULL,0,'Dirac',1,0,0,NULL,1,0,0,0,0,0,0,1),(644,1,3,1,NULL,NULL,NULL,0,'Dirac',1,0,0,NULL,1,0,0,0,0,0,0,1),(645,1,26,2,NULL,NULL,NULL,0,'Gnawer',0,NULL,NULL,NULL,1,0,0,0,0,0,0,1),(646,1,26,2,NULL,NULL,NULL,0,'Gnawer',0,NULL,NULL,NULL,1,0,0,0,0,0,0,1),(647,1,26,2,NULL,NULL,NULL,0,'Spudder',1,NULL,NULL,NULL,1,0,0,0,0,0,0,1),(648,1,26,2,NULL,NULL,NULL,0,'Spudder',1,NULL,NULL,NULL,1,0,0,0,0,0,0,1),(649,1,26,2,NULL,NULL,NULL,0,'Spudder',0,NULL,NULL,NULL,1,0,0,0,0,0,0,1),(650,1,26,2,NULL,NULL,NULL,0,'Spudder',0,NULL,NULL,NULL,1,0,0,0,0,0,0,1),(651,1,26,2,NULL,NULL,NULL,0,'Spudder',0,NULL,NULL,NULL,1,0,0,0,0,0,0,1),(652,1,26,2,NULL,NULL,NULL,0,'Spudder',0,NULL,NULL,NULL,1,0,0,0,0,0,0,1),(653,1,26,2,NULL,NULL,NULL,0,'Spudder',1,NULL,NULL,NULL,1,0,0,0,0,0,0,1),(654,1,26,2,NULL,NULL,NULL,0,'Spudder',1,NULL,NULL,NULL,1,0,0,0,0,0,0,1),(655,1,26,2,NULL,NULL,NULL,0,'Spudder',1,NULL,NULL,NULL,1,0,0,0,0,0,0,1),(656,1,26,2,NULL,NULL,NULL,0,'Spudder',0,NULL,NULL,NULL,1,0,0,0,0,0,0,1),(657,1,26,2,NULL,NULL,NULL,0,'Glancer',1,NULL,NULL,NULL,1,0,0,0,0,0,0,1),(658,1,26,2,NULL,NULL,NULL,0,'Glancer',1,NULL,NULL,NULL,1,0,0,0,0,0,0,1),(659,1,26,2,NULL,NULL,NULL,0,'Glancer',1,NULL,NULL,NULL,1,0,0,0,0,0,0,1),(660,1,26,2,NULL,NULL,NULL,0,'Glancer',1,NULL,NULL,NULL,1,0,0,0,0,0,0,1),(661,1,26,2,NULL,NULL,NULL,0,'Glancer',1,NULL,NULL,NULL,1,0,0,0,0,0,0,1),(662,1,26,2,NULL,NULL,NULL,0,'Glancer',1,NULL,NULL,NULL,1,0,0,0,0,0,0,1),(663,1,26,2,NULL,NULL,NULL,0,'Glancer',1,NULL,NULL,NULL,1,0,0,0,0,0,0,1),(664,1,26,2,NULL,NULL,NULL,0,'Gnat',0,NULL,NULL,NULL,1,0,0,0,0,0,0,1),(665,1,26,2,NULL,NULL,NULL,0,'Gnat',0,NULL,NULL,NULL,1,0,0,0,0,0,0,1),(666,1,26,2,NULL,NULL,NULL,0,'Gnat',0,NULL,NULL,NULL,1,0,0,0,0,0,0,1),(667,1,26,2,NULL,NULL,NULL,0,'Gnat',1,NULL,NULL,NULL,1,0,0,0,0,0,0,1),(668,1,26,2,NULL,NULL,NULL,0,'Gnat',1,NULL,NULL,NULL,1,0,0,0,0,0,0,1),(669,1,26,2,NULL,NULL,NULL,0,'Gnat',1,NULL,NULL,NULL,1,0,0,0,0,0,0,1),(670,1,26,2,NULL,NULL,NULL,0,'Gnat',0,NULL,NULL,NULL,1,0,0,0,0,0,0,1),(671,1,26,2,NULL,NULL,NULL,0,'Gnat',1,NULL,NULL,NULL,1,0,0,0,0,0,0,1),(672,1,26,2,NULL,NULL,NULL,0,'Gnat',0,NULL,NULL,NULL,1,0,0,0,0,0,0,1),(673,1,26,2,NULL,NULL,NULL,0,'Gnat',0,NULL,NULL,NULL,1,0,0,0,0,0,0,1),(674,1,26,2,NULL,NULL,NULL,0,'Gnat',1,NULL,NULL,NULL,1,0,0,0,0,0,0,1),(675,1,26,2,NULL,NULL,NULL,0,'Gnat',1,NULL,NULL,NULL,1,0,0,0,0,0,0,1),(676,1,4,1,NULL,NULL,NULL,0,'Demosis',1,0,270,NULL,1,0,0,0,0,0,0,1),(677,1,4,1,NULL,NULL,NULL,0,'Demosis',1,0,270,NULL,1,0,0,0,0,0,0,1),(678,1,4,1,NULL,NULL,NULL,0,'Demosis',1,0,270,NULL,1,0,0,0,0,0,0,1),(679,1,4,1,NULL,NULL,NULL,0,'Demosis',0,0,270,NULL,1,0,0,0,0,0,0,1),(680,1,4,1,NULL,NULL,NULL,0,'Demosis',0,0,270,NULL,1,0,0,0,0,0,0,1),(681,1,4,1,NULL,NULL,NULL,0,'Demosis',1,0,270,NULL,1,0,0,0,0,0,0,1),(682,1,4,1,NULL,NULL,NULL,0,'Thor',0,0,270,NULL,1,0,0,0,0,0,0,1),(683,1,4,1,NULL,NULL,NULL,0,'Thor',1,0,270,NULL,1,0,0,0,0,0,0,1),(684,1,4,1,NULL,NULL,NULL,0,'Thor',1,0,270,NULL,1,0,0,0,0,0,0,1),(685,1,4,1,NULL,NULL,NULL,0,'Thor',0,0,270,NULL,1,0,0,0,0,0,0,1),(686,1,4,1,NULL,NULL,NULL,0,'Dirac',1,0,270,NULL,1,0,0,0,0,0,0,1),(687,1,4,1,NULL,NULL,NULL,0,'Dirac',0,0,270,NULL,1,0,0,0,0,0,0,1),(688,1,4,1,NULL,NULL,NULL,0,'Dirac',0,0,270,NULL,1,0,0,0,0,0,0,1),(689,1,4,1,NULL,NULL,NULL,0,'Dirac',0,0,270,NULL,1,0,0,0,0,0,0,1),(690,1,4,1,NULL,NULL,NULL,0,'Dirac',0,0,270,NULL,1,0,0,0,0,0,0,1),(691,1,4,1,NULL,NULL,NULL,0,'Dirac',0,0,270,NULL,1,0,0,0,0,0,0,1),(692,1,4,1,NULL,NULL,NULL,0,'Dirac',1,0,270,NULL,1,0,0,0,0,0,0,1),(693,1,4,1,NULL,NULL,NULL,0,'Dirac',1,0,270,NULL,1,0,0,0,0,0,0,1),(694,1,4,1,NULL,NULL,NULL,0,'Dirac',0,0,270,NULL,1,0,0,0,0,0,0,1),(695,1,4,1,NULL,NULL,NULL,0,'Dirac',0,0,270,NULL,1,0,0,0,0,0,0,1),(696,1,4,1,NULL,NULL,NULL,0,'Dirac',0,0,270,NULL,1,0,0,0,0,0,0,1),(697,1,4,1,NULL,NULL,NULL,0,'Dirac',0,0,270,NULL,1,0,0,0,0,0,0,1),(698,1,4,1,NULL,NULL,NULL,0,'Dirac',1,0,270,NULL,1,0,0,0,0,0,0,1),(699,1,4,1,NULL,NULL,NULL,0,'Dirac',1,0,270,NULL,1,0,0,0,0,0,0,1),(700,1,4,1,NULL,NULL,NULL,0,'Dirac',1,0,270,NULL,1,0,0,0,0,0,0,1),(701,1,4,1,NULL,NULL,NULL,0,'Dirac',1,0,270,NULL,1,0,0,0,0,0,0,1),(702,1,4,1,NULL,NULL,NULL,0,'Dirac',0,0,270,NULL,1,0,0,0,0,0,0,1),(703,1,4,1,NULL,NULL,NULL,0,'Dirac',0,0,270,NULL,1,0,0,0,0,0,0,1),(704,1,4,1,NULL,NULL,NULL,0,'Dirac',0,0,270,NULL,1,0,0,0,0,0,0,1),(705,1,6,1,NULL,NULL,NULL,0,'Demosis',0,1,45,NULL,1,0,0,0,0,0,0,1),(706,1,6,1,NULL,NULL,NULL,0,'Thor',1,1,45,NULL,1,0,0,0,0,0,0,1),(707,1,6,1,NULL,NULL,NULL,0,'Thor',0,1,45,NULL,1,0,0,0,0,0,0,1),(708,1,6,1,NULL,NULL,NULL,0,'Thor',1,1,45,NULL,1,0,0,0,0,0,0,1),(709,1,6,1,NULL,NULL,NULL,0,'Thor',0,1,45,NULL,1,0,0,0,0,0,0,1),(710,1,6,1,NULL,NULL,NULL,0,'Dirac',1,1,45,NULL,1,0,0,0,0,0,0,1),(711,1,6,1,NULL,NULL,NULL,0,'Dirac',1,1,45,NULL,1,0,0,0,0,0,0,1),(712,1,6,1,NULL,NULL,NULL,0,'Dirac',0,1,45,NULL,1,0,0,0,0,0,0,1),(713,1,6,1,NULL,NULL,NULL,0,'Dirac',1,1,45,NULL,1,0,0,0,0,0,0,1),(714,1,6,1,NULL,NULL,NULL,0,'Dirac',1,1,45,NULL,1,0,0,0,0,0,0,1),(715,1,6,1,NULL,NULL,NULL,0,'Dirac',1,1,45,NULL,1,0,0,0,0,0,0,1),(716,1,6,1,NULL,NULL,NULL,0,'Dirac',1,1,45,NULL,1,0,0,0,0,0,0,1),(717,1,6,1,NULL,NULL,NULL,0,'Demosis',0,2,90,NULL,1,0,0,0,0,0,0,1),(718,1,6,1,NULL,NULL,NULL,0,'Thor',1,2,90,NULL,1,0,0,0,0,0,0,1),(719,1,6,1,NULL,NULL,NULL,0,'Thor',1,2,90,NULL,1,0,0,0,0,0,0,1),(720,1,6,1,NULL,NULL,NULL,0,'Thor',1,2,90,NULL,1,0,0,0,0,0,0,1),(721,1,6,1,NULL,NULL,NULL,0,'Dirac',0,2,90,NULL,1,0,0,0,0,0,0,1),(722,1,6,1,NULL,NULL,NULL,0,'Dirac',1,2,90,NULL,1,0,0,0,0,0,0,1),(723,1,6,1,NULL,NULL,NULL,0,'Dirac',1,2,90,NULL,1,0,0,0,0,0,0,1),(724,1,6,1,NULL,NULL,NULL,0,'Demosis',0,1,225,NULL,1,0,0,0,0,0,0,1),(725,1,6,1,NULL,NULL,NULL,0,'Thor',0,1,225,NULL,1,0,0,0,0,0,0,1),(726,1,6,1,NULL,NULL,NULL,0,'Thor',1,1,225,NULL,1,0,0,0,0,0,0,1),(727,1,6,1,NULL,NULL,NULL,0,'Thor',1,1,225,NULL,1,0,0,0,0,0,0,1),(728,1,6,1,NULL,NULL,NULL,0,'Thor',0,1,225,NULL,1,0,0,0,0,0,0,1),(729,1,6,1,NULL,NULL,NULL,0,'Thor',1,1,225,NULL,1,0,0,0,0,0,0,1),(730,1,6,1,NULL,NULL,NULL,0,'Thor',0,1,225,NULL,1,0,0,0,0,0,0,1),(731,1,6,1,NULL,NULL,NULL,0,'Dirac',0,1,225,NULL,1,0,0,0,0,0,0,1),(732,1,6,1,NULL,NULL,NULL,0,'Dirac',1,1,225,NULL,1,0,0,0,0,0,0,1),(733,1,6,1,NULL,NULL,NULL,0,'Dirac',1,1,225,NULL,1,0,0,0,0,0,0,1),(734,1,6,1,NULL,NULL,NULL,0,'Dirac',1,1,225,NULL,1,0,0,0,0,0,0,1),(735,1,6,1,NULL,NULL,NULL,0,'Dirac',1,1,225,NULL,1,0,0,0,0,0,0,1),(736,1,6,1,NULL,NULL,NULL,0,'Dirac',1,1,225,NULL,1,0,0,0,0,0,0,1),(737,1,6,1,NULL,NULL,NULL,0,'Dirac',1,1,225,NULL,1,0,0,0,0,0,0,1),(738,1,6,1,NULL,NULL,NULL,0,'Demosis',0,2,120,NULL,1,0,0,0,0,0,0,1),(739,1,6,1,NULL,NULL,NULL,0,'Demosis',0,2,120,NULL,1,0,0,0,0,0,0,1),(740,1,6,1,NULL,NULL,NULL,0,'Thor',1,2,120,NULL,1,0,0,0,0,0,0,1),(741,1,6,1,NULL,NULL,NULL,0,'Thor',1,2,120,NULL,1,0,0,0,0,0,0,1),(742,1,6,1,NULL,NULL,NULL,0,'Dirac',0,2,120,NULL,1,0,0,0,0,0,0,1),(743,1,6,1,NULL,NULL,NULL,0,'Dirac',0,2,120,NULL,1,0,0,0,0,0,0,1),(744,1,6,1,NULL,NULL,NULL,0,'Dirac',1,2,120,NULL,1,0,0,0,0,0,0,1),(745,1,6,1,NULL,NULL,NULL,0,'Dirac',0,2,120,NULL,1,0,0,0,0,0,0,1),(746,1,6,1,NULL,NULL,NULL,0,'Dirac',0,2,120,NULL,1,0,0,0,0,0,0,1),(747,1,6,1,NULL,NULL,NULL,0,'Dirac',0,2,120,NULL,1,0,0,0,0,0,0,1),(748,1,6,1,NULL,NULL,NULL,0,'Thor',0,2,210,NULL,1,0,0,0,0,0,0,1),(749,1,6,1,NULL,NULL,NULL,0,'Thor',0,2,210,NULL,1,0,0,0,0,0,0,1),(750,1,6,1,NULL,NULL,NULL,0,'Thor',1,2,210,NULL,1,0,0,0,0,0,0,1),(751,1,6,1,NULL,NULL,NULL,0,'Dirac',0,2,210,NULL,1,0,0,0,0,0,0,1),(752,1,6,1,NULL,NULL,NULL,0,'Dirac',1,2,210,NULL,1,0,0,0,0,0,0,1),(753,1,6,1,NULL,NULL,NULL,0,'Demosis',0,3,156,NULL,1,0,0,0,0,0,0,1),(754,1,6,1,NULL,NULL,NULL,0,'Demosis',0,3,156,NULL,1,0,0,0,0,0,0,1),(755,1,6,1,NULL,NULL,NULL,0,'Thor',1,3,156,NULL,1,0,0,0,0,0,0,1),(756,1,6,1,NULL,NULL,NULL,0,'Thor',0,3,156,NULL,1,0,0,0,0,0,0,1),(757,1,6,1,NULL,NULL,NULL,0,'Thor',1,3,156,NULL,1,0,0,0,0,0,0,1),(758,1,6,1,NULL,NULL,NULL,0,'Thor',1,3,156,NULL,1,0,0,0,0,0,0,1),(759,1,6,1,NULL,NULL,NULL,0,'Thor',1,3,156,NULL,1,0,0,0,0,0,0,1),(760,1,6,1,NULL,NULL,NULL,0,'Thor',0,3,156,NULL,1,0,0,0,0,0,0,1),(761,1,6,1,NULL,NULL,NULL,0,'Dirac',1,3,156,NULL,1,0,0,0,0,0,0,1),(762,1,6,1,NULL,NULL,NULL,0,'Dirac',0,3,156,NULL,1,0,0,0,0,0,0,1),(763,1,6,1,NULL,NULL,NULL,0,'Dirac',0,3,156,NULL,1,0,0,0,0,0,0,1),(764,1,6,1,NULL,NULL,NULL,0,'Dirac',0,3,156,NULL,1,0,0,0,0,0,0,1),(765,1,6,1,NULL,NULL,NULL,0,'Dirac',0,3,156,NULL,1,0,0,0,0,0,0,1),(766,1,6,1,NULL,NULL,NULL,0,'Dirac',1,3,156,NULL,1,0,0,0,0,0,0,1),(767,1,34,2,NULL,NULL,NULL,0,'Gnawer',0,NULL,NULL,NULL,1,0,0,0,0,0,0,1),(768,1,34,2,NULL,NULL,NULL,0,'Gnawer',0,NULL,NULL,NULL,1,0,0,0,0,0,0,1),(769,1,34,2,NULL,NULL,NULL,0,'Spudder',0,NULL,NULL,NULL,1,0,0,0,0,0,0,1),(770,1,34,2,NULL,NULL,NULL,0,'Spudder',0,NULL,NULL,NULL,1,0,0,0,0,0,0,1),(771,1,34,2,NULL,NULL,NULL,0,'Spudder',1,NULL,NULL,NULL,1,0,0,0,0,0,0,1),(772,1,34,2,NULL,NULL,NULL,0,'Spudder',0,NULL,NULL,NULL,1,0,0,0,0,0,0,1),(773,1,34,2,NULL,NULL,NULL,0,'Spudder',1,NULL,NULL,NULL,1,0,0,0,0,0,0,1),(774,1,34,2,NULL,NULL,NULL,0,'Glancer',1,NULL,NULL,NULL,1,0,0,0,0,0,0,1),(775,1,34,2,NULL,NULL,NULL,0,'Glancer',1,NULL,NULL,NULL,1,0,0,0,0,0,0,1),(776,1,34,2,NULL,NULL,NULL,0,'Gnat',0,NULL,NULL,NULL,1,0,0,0,0,0,0,1),(777,1,34,2,NULL,NULL,NULL,0,'Gnat',0,NULL,NULL,NULL,1,0,0,0,0,0,0,1),(778,1,34,2,NULL,NULL,NULL,0,'Gnat',1,NULL,NULL,NULL,1,0,0,0,0,0,0,1),(779,1,34,2,NULL,NULL,NULL,0,'Gnat',1,NULL,NULL,NULL,1,0,0,0,0,0,0,1),(780,1,34,2,NULL,NULL,NULL,0,'Gnat',1,NULL,NULL,NULL,1,0,0,0,0,0,0,1),(781,1,34,2,NULL,NULL,NULL,0,'Gnat',1,NULL,NULL,NULL,1,0,0,0,0,0,0,1),(782,1,6,1,NULL,NULL,NULL,0,'Demosis',0,1,315,NULL,1,0,0,0,0,0,0,1),(783,1,6,1,NULL,NULL,NULL,0,'Demosis',0,1,315,NULL,1,0,0,0,0,0,0,1),(784,1,6,1,NULL,NULL,NULL,0,'Thor',0,1,315,NULL,1,0,0,0,0,0,0,1),(785,1,6,1,NULL,NULL,NULL,0,'Thor',0,1,315,NULL,1,0,0,0,0,0,0,1),(786,1,6,1,NULL,NULL,NULL,0,'Thor',1,1,315,NULL,1,0,0,0,0,0,0,1),(787,1,6,1,NULL,NULL,NULL,0,'Dirac',1,1,315,NULL,1,0,0,0,0,0,0,1),(788,1,6,1,NULL,NULL,NULL,0,'Dirac',0,1,315,NULL,1,0,0,0,0,0,0,1),(789,1,6,1,NULL,NULL,NULL,0,'Dirac',0,1,315,NULL,1,0,0,0,0,0,0,1),(790,1,6,1,NULL,NULL,NULL,0,'Dirac',1,1,315,NULL,1,0,0,0,0,0,0,1),(791,1,86,4,NULL,NULL,NULL,0,'Glancer',1,NULL,NULL,NULL,1,0,0,0,0,0,0,1),(792,1,86,4,NULL,NULL,NULL,0,'Glancer',1,NULL,NULL,NULL,1,0,0,0,0,0,0,1),(793,1,86,4,NULL,NULL,NULL,0,'Gnat',0,NULL,NULL,NULL,1,0,0,0,0,0,0,1),(794,1,86,4,NULL,NULL,NULL,0,'Gnat',0,NULL,NULL,NULL,1,0,0,0,0,0,0,1),(795,1,86,4,NULL,NULL,NULL,0,'Gnat',1,NULL,NULL,NULL,1,0,0,0,0,0,0,1),(796,1,86,4,NULL,NULL,NULL,0,'Gnat',0,NULL,NULL,NULL,1,0,0,0,0,0,0,1),(797,1,87,4,NULL,NULL,NULL,0,'Glancer',1,NULL,NULL,NULL,1,0,0,0,0,0,0,1),(798,1,87,4,NULL,NULL,NULL,0,'Glancer',1,NULL,NULL,NULL,1,0,0,0,0,0,0,1),(799,1,87,4,NULL,NULL,NULL,0,'Gnat',0,NULL,NULL,NULL,1,0,0,0,0,0,0,1),(800,1,87,4,NULL,NULL,NULL,0,'Gnat',0,NULL,NULL,NULL,1,0,0,0,0,0,0,1),(801,1,87,4,NULL,NULL,NULL,0,'Gnat',1,NULL,NULL,NULL,1,0,0,0,0,0,0,1),(802,1,87,4,NULL,NULL,NULL,0,'Gnat',1,NULL,NULL,NULL,1,0,0,0,0,0,0,1),(803,1,88,4,NULL,NULL,NULL,0,'Glancer',1,NULL,NULL,NULL,1,0,0,0,0,0,0,1),(804,1,88,4,NULL,NULL,NULL,0,'Glancer',1,NULL,NULL,NULL,1,0,0,0,0,0,0,1),(805,1,88,4,NULL,NULL,NULL,0,'Gnat',0,NULL,NULL,NULL,1,0,0,0,0,0,0,1),(806,1,88,4,NULL,NULL,NULL,0,'Gnat',0,NULL,NULL,NULL,1,0,0,0,0,0,0,1),(807,1,88,4,NULL,NULL,NULL,0,'Gnat',1,NULL,NULL,NULL,1,0,0,0,0,0,0,1),(808,1,88,4,NULL,NULL,NULL,0,'Gnat',0,NULL,NULL,NULL,1,0,0,0,0,0,0,1),(809,1,88,4,NULL,NULL,NULL,0,'Gnat',0,NULL,NULL,NULL,1,0,0,0,0,0,0,1),(810,1,88,4,NULL,NULL,NULL,0,'Gnat',1,NULL,NULL,NULL,1,0,0,0,0,0,0,1),(811,1,89,4,NULL,NULL,NULL,0,'Spudder',0,NULL,NULL,NULL,1,0,0,0,0,0,0,1),(812,1,89,4,NULL,NULL,NULL,0,'Gnat',0,NULL,NULL,NULL,1,0,0,0,0,0,0,1),(813,1,89,4,NULL,NULL,NULL,0,'Gnat',0,NULL,NULL,NULL,1,0,0,0,0,0,0,1),(814,1,89,4,NULL,NULL,NULL,0,'Glancer',1,NULL,NULL,NULL,1,0,0,0,0,0,0,1),(815,1,89,4,NULL,NULL,NULL,0,'Glancer',1,NULL,NULL,NULL,1,0,0,0,0,0,0,1),(816,1,89,4,NULL,NULL,NULL,0,'Glancer',1,NULL,NULL,NULL,1,0,0,0,0,0,0,1),(817,1,89,4,NULL,NULL,NULL,0,'Gnat',0,NULL,NULL,NULL,1,0,0,0,0,0,0,1),(818,1,89,4,NULL,NULL,NULL,0,'Gnat',0,NULL,NULL,NULL,1,0,0,0,0,0,0,1),(819,1,89,4,NULL,NULL,NULL,0,'Gnat',1,NULL,NULL,NULL,1,0,0,0,0,0,0,1),(820,1,89,4,NULL,NULL,NULL,0,'Gnat',0,NULL,NULL,NULL,1,0,0,0,0,0,0,1),(821,1,89,4,NULL,NULL,NULL,0,'Gnat',0,NULL,NULL,NULL,1,0,0,0,0,0,0,1),(822,1,90,4,NULL,NULL,NULL,0,'Spudder',0,NULL,NULL,NULL,1,0,0,0,0,0,0,1),(823,1,90,4,NULL,NULL,NULL,0,'Glancer',1,NULL,NULL,NULL,1,0,0,0,0,0,0,1),(824,1,90,4,NULL,NULL,NULL,0,'Gnat',1,NULL,NULL,NULL,1,0,0,0,0,0,0,1),(825,1,90,4,NULL,NULL,NULL,0,'Gnat',0,NULL,NULL,NULL,1,0,0,0,0,0,0,1),(826,1,90,4,NULL,NULL,NULL,0,'Glancer',1,NULL,NULL,NULL,1,0,0,0,0,0,0,1),(827,1,90,4,NULL,NULL,NULL,0,'Glancer',1,NULL,NULL,NULL,1,0,0,0,0,0,0,1),(828,1,90,4,NULL,NULL,NULL,0,'Glancer',1,NULL,NULL,NULL,1,0,0,0,0,0,0,1),(829,1,90,4,NULL,NULL,NULL,0,'Gnat',0,NULL,NULL,NULL,1,0,0,0,0,0,0,1),(830,1,90,4,NULL,NULL,NULL,0,'Gnat',0,NULL,NULL,NULL,1,0,0,0,0,0,0,1),(831,1,90,4,NULL,NULL,NULL,0,'Gnat',1,NULL,NULL,NULL,1,0,0,0,0,0,0,1),(832,1,90,4,NULL,NULL,NULL,0,'Gnat',1,NULL,NULL,NULL,1,0,0,0,0,0,0,1),(833,1,91,4,NULL,NULL,NULL,0,'Gnawer',0,NULL,NULL,NULL,1,0,0,0,0,0,0,1),(834,1,91,4,NULL,NULL,NULL,0,'Gnawer',0,NULL,NULL,NULL,1,0,0,0,0,0,0,1),(835,1,91,4,NULL,NULL,NULL,0,'Gnawer',0,NULL,NULL,NULL,1,0,0,0,0,0,0,1),(836,1,91,4,NULL,NULL,NULL,0,'Gnawer',0,NULL,NULL,NULL,1,0,0,0,0,0,0,1),(837,1,91,4,NULL,NULL,NULL,0,'Spudder',1,NULL,NULL,NULL,1,0,0,0,0,0,0,1),(838,1,91,4,NULL,NULL,NULL,0,'Spudder',0,NULL,NULL,NULL,1,0,0,0,0,0,0,1),(839,1,91,4,NULL,NULL,NULL,0,'Glancer',1,NULL,NULL,NULL,1,0,0,0,0,0,0,1),(840,1,91,4,NULL,NULL,NULL,0,'Gnat',0,NULL,NULL,NULL,1,0,0,0,0,0,0,1),(841,1,91,4,NULL,NULL,NULL,0,'Gnat',0,NULL,NULL,NULL,1,0,0,0,0,0,0,1),(842,1,91,4,NULL,NULL,NULL,0,'Glancer',1,NULL,NULL,NULL,1,0,0,0,0,0,0,1),(843,1,91,4,NULL,NULL,NULL,0,'Glancer',1,NULL,NULL,NULL,1,0,0,0,0,0,0,1),(844,1,91,4,NULL,NULL,NULL,0,'Gnat',0,NULL,NULL,NULL,1,0,0,0,0,0,0,1),(845,1,91,4,NULL,NULL,NULL,0,'Gnat',0,NULL,NULL,NULL,1,0,0,0,0,0,0,1),(846,1,91,4,NULL,NULL,NULL,0,'Gnat',1,NULL,NULL,NULL,1,0,0,0,0,0,0,1),(847,1,91,4,NULL,NULL,NULL,0,'Gnat',0,NULL,NULL,NULL,1,0,0,0,0,0,0,1),(848,1,92,4,NULL,NULL,NULL,0,'Gnawer',0,NULL,NULL,NULL,1,0,0,0,0,0,0,1),(849,1,92,4,NULL,NULL,NULL,0,'Gnawer',0,NULL,NULL,NULL,1,0,0,0,0,0,0,1),(850,1,92,4,NULL,NULL,NULL,0,'Gnawer',0,NULL,NULL,NULL,1,0,0,0,0,0,0,1),(851,1,92,4,NULL,NULL,NULL,0,'Spudder',0,NULL,NULL,NULL,1,0,0,0,0,0,0,1),(852,1,92,4,NULL,NULL,NULL,0,'Spudder',1,NULL,NULL,NULL,1,0,0,0,0,0,0,1),(853,1,92,4,NULL,NULL,NULL,0,'Spudder',0,NULL,NULL,NULL,1,0,0,0,0,0,0,1),(854,1,92,4,NULL,NULL,NULL,0,'Glancer',1,NULL,NULL,NULL,1,0,0,0,0,0,0,1),(855,1,92,4,NULL,NULL,NULL,0,'Gnat',0,NULL,NULL,NULL,1,0,0,0,0,0,0,1),(856,1,92,4,NULL,NULL,NULL,0,'Gnat',1,NULL,NULL,NULL,1,0,0,0,0,0,0,1),(857,1,92,4,NULL,NULL,NULL,0,'Glancer',1,NULL,NULL,NULL,1,0,0,0,0,0,0,1),(858,1,92,4,NULL,NULL,NULL,0,'Glancer',1,NULL,NULL,NULL,1,0,0,0,0,0,0,1),(859,1,92,4,NULL,NULL,NULL,0,'Glancer',1,NULL,NULL,NULL,1,0,0,0,0,0,0,1),(860,1,92,4,NULL,NULL,NULL,0,'Glancer',1,NULL,NULL,NULL,1,0,0,0,0,0,0,1),(861,1,92,4,NULL,NULL,NULL,0,'Gnat',0,NULL,NULL,NULL,1,0,0,0,0,0,0,1),(862,1,92,4,NULL,NULL,NULL,0,'Gnat',0,NULL,NULL,NULL,1,0,0,0,0,0,0,1),(863,1,92,4,NULL,NULL,NULL,0,'Gnat',1,NULL,NULL,NULL,1,0,0,0,0,0,0,1),(864,1,92,4,NULL,NULL,NULL,0,'Gnat',0,NULL,NULL,NULL,1,0,0,0,0,0,0,1),(865,1,93,4,NULL,NULL,NULL,0,'Gnawer',0,NULL,NULL,NULL,1,0,0,0,0,0,0,1),(866,1,93,4,NULL,NULL,NULL,0,'Spudder',0,NULL,NULL,NULL,1,0,0,0,0,0,0,1),(867,1,93,4,NULL,NULL,NULL,0,'Spudder',1,NULL,NULL,NULL,1,0,0,0,0,0,0,1),(868,1,93,4,NULL,NULL,NULL,0,'Gnawer',0,NULL,NULL,NULL,1,0,0,0,0,0,0,1),(869,1,93,4,NULL,NULL,NULL,0,'Spudder',0,NULL,NULL,NULL,1,0,0,0,0,0,0,1),(870,1,93,4,NULL,NULL,NULL,0,'Glancer',1,NULL,NULL,NULL,1,0,0,0,0,0,0,1),(871,1,93,4,NULL,NULL,NULL,0,'Gnat',0,NULL,NULL,NULL,1,0,0,0,0,0,0,1),(872,1,93,4,NULL,NULL,NULL,0,'Gnat',0,NULL,NULL,NULL,1,0,0,0,0,0,0,1),(873,1,93,4,NULL,NULL,NULL,0,'Glancer',1,NULL,NULL,NULL,1,0,0,0,0,0,0,1),(874,1,93,4,NULL,NULL,NULL,0,'Glancer',1,NULL,NULL,NULL,1,0,0,0,0,0,0,1),(875,1,93,4,NULL,NULL,NULL,0,'Glancer',1,NULL,NULL,NULL,1,0,0,0,0,0,0,1),(876,1,93,4,NULL,NULL,NULL,0,'Gnat',0,NULL,NULL,NULL,1,0,0,0,0,0,0,1),(877,1,93,4,NULL,NULL,NULL,0,'Gnat',0,NULL,NULL,NULL,1,0,0,0,0,0,0,1),(878,1,93,4,NULL,NULL,NULL,0,'Gnat',1,NULL,NULL,NULL,1,0,0,0,0,0,0,1),(879,1,93,4,NULL,NULL,NULL,0,'Gnat',0,NULL,NULL,NULL,1,0,0,0,0,0,0,1),(880,1,94,4,NULL,NULL,NULL,0,'Gnawer',0,NULL,NULL,NULL,1,0,0,0,0,0,0,1),(881,1,94,4,NULL,NULL,NULL,0,'Gnawer',0,NULL,NULL,NULL,1,0,0,0,0,0,0,1),(882,1,94,4,NULL,NULL,NULL,0,'Spudder',0,NULL,NULL,NULL,1,0,0,0,0,0,0,1),(883,1,94,4,NULL,NULL,NULL,0,'Spudder',1,NULL,NULL,NULL,1,0,0,0,0,0,0,1),(884,1,94,4,NULL,NULL,NULL,0,'Spudder',0,NULL,NULL,NULL,1,0,0,0,0,0,0,1),(885,1,94,4,NULL,NULL,NULL,0,'Glancer',1,NULL,NULL,NULL,1,0,0,0,0,0,0,1),(886,1,94,4,NULL,NULL,NULL,0,'Gnat',0,NULL,NULL,NULL,1,0,0,0,0,0,0,1),(887,1,94,4,NULL,NULL,NULL,0,'Gnat',0,NULL,NULL,NULL,1,0,0,0,0,0,0,1),(888,1,94,4,NULL,NULL,NULL,0,'Gnat',0,NULL,NULL,NULL,1,0,0,0,0,0,0,1),(889,1,94,4,NULL,NULL,NULL,0,'Glancer',1,NULL,NULL,NULL,1,0,0,0,0,0,0,1),(890,1,94,4,NULL,NULL,NULL,0,'Glancer',1,NULL,NULL,NULL,1,0,0,0,0,0,0,1),(891,1,94,4,NULL,NULL,NULL,0,'Glancer',1,NULL,NULL,NULL,1,0,0,0,0,0,0,1),(892,1,94,4,NULL,NULL,NULL,0,'Gnat',0,NULL,NULL,NULL,1,0,0,0,0,0,0,1),(893,1,94,4,NULL,NULL,NULL,0,'Gnat',0,NULL,NULL,NULL,1,0,0,0,0,0,0,1),(894,1,94,4,NULL,NULL,NULL,0,'Gnat',1,NULL,NULL,NULL,1,0,0,0,0,0,0,1),(895,1,94,4,NULL,NULL,NULL,0,'Gnat',0,NULL,NULL,NULL,1,0,0,0,0,0,0,1),(896,1,94,4,NULL,NULL,NULL,0,'Gnat',1,NULL,NULL,NULL,1,0,0,0,0,0,0,1),(897,1,95,4,NULL,NULL,NULL,0,'Gnat',0,NULL,NULL,NULL,1,0,0,0,0,0,0,1),(898,1,95,4,NULL,NULL,NULL,0,'Glancer',1,NULL,NULL,NULL,1,0,0,0,0,0,0,1),(899,1,95,4,NULL,NULL,NULL,0,'Glancer',1,NULL,NULL,NULL,1,0,0,0,0,0,0,1),(900,1,95,4,NULL,NULL,NULL,0,'Glancer',1,NULL,NULL,NULL,1,0,0,0,0,0,0,1),(901,1,95,4,NULL,NULL,NULL,0,'Glancer',1,NULL,NULL,NULL,1,0,0,0,0,0,0,1),(902,1,95,4,NULL,NULL,NULL,0,'Gnat',0,NULL,NULL,NULL,1,0,0,0,0,0,0,1),(903,1,95,4,NULL,NULL,NULL,0,'Gnat',0,NULL,NULL,NULL,1,0,0,0,0,0,0,1),(904,1,95,4,NULL,NULL,NULL,0,'Gnat',1,NULL,NULL,NULL,1,0,0,0,0,0,0,1),(905,1,95,4,NULL,NULL,NULL,0,'Gnat',0,NULL,NULL,NULL,1,0,0,0,0,0,0,1),(906,1,96,4,NULL,NULL,NULL,0,'Gnawer',0,NULL,NULL,NULL,1,0,0,0,0,0,0,1),(907,1,96,4,NULL,NULL,NULL,0,'Spudder',0,NULL,NULL,NULL,1,0,0,0,0,0,0,1),(908,1,96,4,NULL,NULL,NULL,0,'Glancer',1,NULL,NULL,NULL,1,0,0,0,0,0,0,1),(909,1,96,4,NULL,NULL,NULL,0,'Gnat',0,NULL,NULL,NULL,1,0,0,0,0,0,0,1),(910,1,96,4,NULL,NULL,NULL,0,'Gnat',0,NULL,NULL,NULL,1,0,0,0,0,0,0,1),(911,1,96,4,NULL,NULL,NULL,0,'Gnat',0,NULL,NULL,NULL,1,0,0,0,0,0,0,1),(912,1,96,4,NULL,NULL,NULL,0,'Glancer',1,NULL,NULL,NULL,1,0,0,0,0,0,0,1),(913,1,96,4,NULL,NULL,NULL,0,'Glancer',1,NULL,NULL,NULL,1,0,0,0,0,0,0,1),(914,1,96,4,NULL,NULL,NULL,0,'Glancer',1,NULL,NULL,NULL,1,0,0,0,0,0,0,1),(915,1,96,4,NULL,NULL,NULL,0,'Gnat',0,NULL,NULL,NULL,1,0,0,0,0,0,0,1),(916,1,96,4,NULL,NULL,NULL,0,'Gnat',0,NULL,NULL,NULL,1,0,0,0,0,0,0,1),(917,1,96,4,NULL,NULL,NULL,0,'Gnat',1,NULL,NULL,NULL,1,0,0,0,0,0,0,1),(918,1,96,4,NULL,NULL,NULL,0,'Gnat',0,NULL,NULL,NULL,1,0,0,0,0,0,0,1),(919,1,97,4,NULL,NULL,NULL,0,'Gnawer',0,NULL,NULL,NULL,1,0,0,0,0,0,0,1),(920,1,97,4,NULL,NULL,NULL,0,'Spudder',0,NULL,NULL,NULL,1,0,0,0,0,0,0,1),(921,1,97,4,NULL,NULL,NULL,0,'Spudder',0,NULL,NULL,NULL,1,0,0,0,0,0,0,1),(922,1,97,4,NULL,NULL,NULL,0,'Spudder',0,NULL,NULL,NULL,1,0,0,0,0,0,0,1),(923,1,97,4,NULL,NULL,NULL,0,'Spudder',0,NULL,NULL,NULL,1,0,0,0,0,0,0,1),(924,1,97,4,NULL,NULL,NULL,0,'Glancer',1,NULL,NULL,NULL,1,0,0,0,0,0,0,1),(925,1,97,4,NULL,NULL,NULL,0,'Gnat',0,NULL,NULL,NULL,1,0,0,0,0,0,0,1),(926,1,97,4,NULL,NULL,NULL,0,'Glancer',1,NULL,NULL,NULL,1,0,0,0,0,0,0,1),(927,1,97,4,NULL,NULL,NULL,0,'Glancer',1,NULL,NULL,NULL,1,0,0,0,0,0,0,1),(928,1,97,4,NULL,NULL,NULL,0,'Gnat',0,NULL,NULL,NULL,1,0,0,0,0,0,0,1),(929,1,97,4,NULL,NULL,NULL,0,'Gnat',0,NULL,NULL,NULL,1,0,0,0,0,0,0,1),(930,1,97,4,NULL,NULL,NULL,0,'Gnat',1,NULL,NULL,NULL,1,0,0,0,0,0,0,1),(931,1,97,4,NULL,NULL,NULL,0,'Gnat',0,NULL,NULL,NULL,1,0,0,0,0,0,0,1),(932,1,97,4,NULL,NULL,NULL,0,'Gnat',1,NULL,NULL,NULL,1,0,0,0,0,0,0,1),(933,1,97,4,NULL,NULL,NULL,0,'Gnat',1,NULL,NULL,NULL,1,0,0,0,0,0,0,1),(934,1,98,4,NULL,NULL,NULL,0,'Spudder',0,NULL,NULL,NULL,1,0,0,0,0,0,0,1),(935,1,98,4,NULL,NULL,NULL,0,'Glancer',1,NULL,NULL,NULL,1,0,0,0,0,0,0,1),(936,1,98,4,NULL,NULL,NULL,0,'Gnat',0,NULL,NULL,NULL,1,0,0,0,0,0,0,1),(937,1,98,4,NULL,NULL,NULL,0,'Glancer',1,NULL,NULL,NULL,1,0,0,0,0,0,0,1),(938,1,98,4,NULL,NULL,NULL,0,'Glancer',1,NULL,NULL,NULL,1,0,0,0,0,0,0,1),(939,1,98,4,NULL,NULL,NULL,0,'Glancer',1,NULL,NULL,NULL,1,0,0,0,0,0,0,1),(940,1,98,4,NULL,NULL,NULL,0,'Gnat',0,NULL,NULL,NULL,1,0,0,0,0,0,0,1),(941,1,98,4,NULL,NULL,NULL,0,'Gnat',0,NULL,NULL,NULL,1,0,0,0,0,0,0,1),(942,1,98,4,NULL,NULL,NULL,0,'Gnat',1,NULL,NULL,NULL,1,0,0,0,0,0,0,1),(943,1,98,4,NULL,NULL,NULL,0,'Gnat',0,NULL,NULL,NULL,1,0,0,0,0,0,0,1),(944,1,99,4,NULL,NULL,NULL,0,'Glancer',1,NULL,NULL,NULL,1,0,0,0,0,0,0,1),(945,1,99,4,NULL,NULL,NULL,0,'Gnat',0,NULL,NULL,NULL,1,0,0,0,0,0,0,1),(946,1,99,4,NULL,NULL,NULL,0,'Gnat',0,NULL,NULL,NULL,1,0,0,0,0,0,0,1),(947,1,99,4,NULL,NULL,NULL,0,'Glancer',1,NULL,NULL,NULL,1,0,0,0,0,0,0,1),(948,1,99,4,NULL,NULL,NULL,0,'Glancer',1,NULL,NULL,NULL,1,0,0,0,0,0,0,1),(949,1,99,4,NULL,NULL,NULL,0,'Glancer',1,NULL,NULL,NULL,1,0,0,0,0,0,0,1),(950,1,99,4,NULL,NULL,NULL,0,'Glancer',1,NULL,NULL,NULL,1,0,0,0,0,0,0,1),(951,1,99,4,NULL,NULL,NULL,0,'Glancer',1,NULL,NULL,NULL,1,0,0,0,0,0,0,1),(952,1,99,4,NULL,NULL,NULL,0,'Gnat',0,NULL,NULL,NULL,1,0,0,0,0,0,0,1),(953,1,99,4,NULL,NULL,NULL,0,'Gnat',0,NULL,NULL,NULL,1,0,0,0,0,0,0,1),(954,1,99,4,NULL,NULL,NULL,0,'Gnat',1,NULL,NULL,NULL,1,0,0,0,0,0,0,1),(955,1,99,4,NULL,NULL,NULL,0,'Gnat',0,NULL,NULL,NULL,1,0,0,0,0,0,0,1),(956,1,99,4,NULL,NULL,NULL,0,'Gnat',1,NULL,NULL,NULL,1,0,0,0,0,0,0,1),(957,1,100,4,NULL,NULL,NULL,0,'Gnat',0,NULL,NULL,NULL,1,0,0,0,0,0,0,1),(958,1,100,4,NULL,NULL,NULL,0,'Gnat',0,NULL,NULL,NULL,1,0,0,0,0,0,0,1),(959,1,100,4,NULL,NULL,NULL,0,'Gnat',1,NULL,NULL,NULL,1,0,0,0,0,0,0,1),(960,1,100,4,NULL,NULL,NULL,0,'Gnat',0,NULL,NULL,NULL,1,0,0,0,0,0,0,1),(961,1,100,4,NULL,NULL,NULL,0,'Gnat',0,NULL,NULL,NULL,1,0,0,0,0,0,0,1),(962,1,100,4,NULL,NULL,NULL,0,'Gnat',1,NULL,NULL,NULL,1,0,0,0,0,0,0,1),(963,1,101,4,NULL,NULL,NULL,0,'Gnat',0,NULL,NULL,NULL,1,0,0,0,0,0,0,1),(964,1,101,4,NULL,NULL,NULL,0,'Gnat',0,NULL,NULL,NULL,1,0,0,0,0,0,0,1),(965,1,101,4,NULL,NULL,NULL,0,'Gnat',1,NULL,NULL,NULL,1,0,0,0,0,0,0,1),(966,1,101,4,NULL,NULL,NULL,0,'Gnat',0,NULL,NULL,NULL,1,0,0,0,0,0,0,1),(967,1,101,4,NULL,NULL,NULL,0,'Gnat',0,NULL,NULL,NULL,1,0,0,0,0,0,0,1),(968,1,101,4,NULL,NULL,NULL,0,'Gnat',1,NULL,NULL,NULL,1,0,0,0,0,0,0,1),(969,1,102,4,NULL,NULL,NULL,0,'Gnat',0,NULL,NULL,NULL,1,0,0,0,0,0,0,1),(970,1,102,4,NULL,NULL,NULL,0,'Gnat',0,NULL,NULL,NULL,1,0,0,0,0,0,0,1),(971,1,102,4,NULL,NULL,NULL,0,'Gnat',1,NULL,NULL,NULL,1,0,0,0,0,0,0,1),(972,1,102,4,NULL,NULL,NULL,0,'Gnat',0,NULL,NULL,NULL,1,0,0,0,0,0,0,1),(973,1,102,4,NULL,NULL,NULL,0,'Gnat',0,NULL,NULL,NULL,1,0,0,0,0,0,0,1),(974,1,6,1,NULL,NULL,NULL,0,'Thor',1,2,60,NULL,1,0,0,0,0,0,0,1),(975,1,6,1,NULL,NULL,NULL,0,'Dirac',1,2,60,NULL,1,0,0,0,0,0,0,1),(976,1,6,1,NULL,NULL,NULL,0,'Dirac',0,2,60,NULL,1,0,0,0,0,0,0,1),(977,1,6,1,NULL,NULL,NULL,0,'Dirac',0,2,60,NULL,1,0,0,0,0,0,0,1),(978,1,6,1,NULL,NULL,NULL,0,'Dirac',0,2,60,NULL,1,0,0,0,0,0,0,1),(979,1,6,1,NULL,NULL,NULL,0,'Dirac',0,2,60,NULL,1,0,0,0,0,0,0,1),(980,1,6,1,NULL,NULL,NULL,0,'Demosis',0,3,180,NULL,1,0,0,0,0,0,0,1),(981,1,6,1,NULL,NULL,NULL,0,'Thor',1,3,180,NULL,1,0,0,0,0,0,0,1),(982,1,6,1,NULL,NULL,NULL,0,'Thor',0,3,180,NULL,1,0,0,0,0,0,0,1),(983,1,6,1,NULL,NULL,NULL,0,'Thor',0,3,180,NULL,1,0,0,0,0,0,0,1),(984,1,6,1,NULL,NULL,NULL,0,'Dirac',0,3,180,NULL,1,0,0,0,0,0,0,1),(985,1,6,1,NULL,NULL,NULL,0,'Dirac',0,3,180,NULL,1,0,0,0,0,0,0,1),(986,1,6,1,NULL,NULL,NULL,0,'Dirac',1,3,180,NULL,1,0,0,0,0,0,0,1),(987,1,6,1,NULL,NULL,NULL,0,'Dirac',0,3,180,NULL,1,0,0,0,0,0,0,1),(988,1,6,1,NULL,NULL,NULL,0,'Dirac',1,3,180,NULL,1,0,0,0,0,0,0,1),(989,1,6,1,NULL,NULL,NULL,0,'Dirac',0,3,180,NULL,1,0,0,0,0,0,0,1),(990,1,6,1,NULL,NULL,NULL,0,'Dirac',1,3,180,NULL,1,0,0,0,0,0,0,1),(991,1,6,1,NULL,NULL,NULL,0,'Dirac',0,3,180,NULL,1,0,0,0,0,0,0,1),(992,1,37,2,NULL,NULL,NULL,0,'Gnawer',0,NULL,NULL,NULL,1,0,0,0,0,0,0,1),(993,1,37,2,NULL,NULL,NULL,0,'Gnawer',0,NULL,NULL,NULL,1,0,0,0,0,0,0,1),(994,1,37,2,NULL,NULL,NULL,0,'Spudder',0,NULL,NULL,NULL,1,0,0,0,0,0,0,1),(995,1,37,2,NULL,NULL,NULL,0,'Spudder',0,NULL,NULL,NULL,1,0,0,0,0,0,0,1),(996,1,37,2,NULL,NULL,NULL,0,'Spudder',0,NULL,NULL,NULL,1,0,0,0,0,0,0,1),(997,1,37,2,NULL,NULL,NULL,0,'Spudder',1,NULL,NULL,NULL,1,0,0,0,0,0,0,1),(998,1,37,2,NULL,NULL,NULL,0,'Spudder',1,NULL,NULL,NULL,1,0,0,0,0,0,0,1),(999,1,37,2,NULL,NULL,NULL,0,'Glancer',1,NULL,NULL,NULL,1,0,0,0,0,0,0,1),(1000,1,37,2,NULL,NULL,NULL,0,'Glancer',1,NULL,NULL,NULL,1,0,0,0,0,0,0,1),(1001,1,37,2,NULL,NULL,NULL,0,'Glancer',1,NULL,NULL,NULL,1,0,0,0,0,0,0,1),(1002,1,37,2,NULL,NULL,NULL,0,'Glancer',1,NULL,NULL,NULL,1,0,0,0,0,0,0,1),(1003,1,37,2,NULL,NULL,NULL,0,'Glancer',1,NULL,NULL,NULL,1,0,0,0,0,0,0,1),(1004,1,37,2,NULL,NULL,NULL,0,'Gnat',0,NULL,NULL,NULL,1,0,0,0,0,0,0,1),(1005,1,37,2,NULL,NULL,NULL,0,'Gnat',1,NULL,NULL,NULL,1,0,0,0,0,0,0,1),(1006,1,37,2,NULL,NULL,NULL,0,'Gnat',1,NULL,NULL,NULL,1,0,0,0,0,0,0,1),(1007,1,37,2,NULL,NULL,NULL,0,'Gnat',1,NULL,NULL,NULL,1,0,0,0,0,0,0,1),(1008,1,37,2,NULL,NULL,NULL,0,'Gnat',0,NULL,NULL,NULL,1,0,0,0,0,0,0,1),(1009,1,37,2,NULL,NULL,NULL,0,'Gnat',1,NULL,NULL,NULL,1,0,0,0,0,0,0,1),(1010,1,37,2,NULL,NULL,NULL,0,'Gnat',1,NULL,NULL,NULL,1,0,0,0,0,0,0,1),(1011,1,37,2,NULL,NULL,NULL,0,'Gnat',1,NULL,NULL,NULL,1,0,0,0,0,0,0,1),(1012,1,6,1,NULL,NULL,NULL,0,'Thor',0,2,30,NULL,1,0,0,0,0,0,0,1),(1013,1,6,1,NULL,NULL,NULL,0,'Thor',1,2,30,NULL,1,0,0,0,0,0,0,1),(1014,1,6,1,NULL,NULL,NULL,0,'Thor',0,2,30,NULL,1,0,0,0,0,0,0,1),(1015,1,6,1,NULL,NULL,NULL,0,'Thor',1,2,30,NULL,1,0,0,0,0,0,0,1),(1016,1,6,1,NULL,NULL,NULL,0,'Thor',1,2,30,NULL,1,0,0,0,0,0,0,1),(1017,1,6,1,NULL,NULL,NULL,0,'Dirac',1,2,30,NULL,1,0,0,0,0,0,0,1),(1018,1,6,1,NULL,NULL,NULL,0,'Dirac',1,2,30,NULL,1,0,0,0,0,0,0,1),(1019,1,6,1,NULL,NULL,NULL,0,'Dirac',1,2,30,NULL,1,0,0,0,0,0,0,1),(1020,1,6,1,NULL,NULL,NULL,0,'Dirac',1,2,30,NULL,1,0,0,0,0,0,0,1),(1021,1,6,1,NULL,NULL,NULL,0,'Dirac',0,2,30,NULL,1,0,0,0,0,0,0,1),(1022,1,103,4,NULL,NULL,NULL,0,'Glancer',1,NULL,NULL,NULL,1,0,0,0,0,0,0,1),(1023,1,103,4,NULL,NULL,NULL,0,'Gnat',0,NULL,NULL,NULL,1,0,0,0,0,0,0,1),(1024,1,103,4,NULL,NULL,NULL,0,'Gnat',0,NULL,NULL,NULL,1,0,0,0,0,0,0,1),(1025,1,103,4,NULL,NULL,NULL,0,'Gnat',1,NULL,NULL,NULL,1,0,0,0,0,0,0,1),(1026,1,103,4,NULL,NULL,NULL,0,'Gnat',1,NULL,NULL,NULL,1,0,0,0,0,0,0,1),(1027,1,103,4,NULL,NULL,NULL,0,'Gnat',0,NULL,NULL,NULL,1,0,0,0,0,0,0,1),(1028,1,104,4,NULL,NULL,NULL,0,'Gnawer',0,NULL,NULL,NULL,1,0,0,0,0,0,0,1),(1029,1,104,4,NULL,NULL,NULL,0,'Gnawer',0,NULL,NULL,NULL,1,0,0,0,0,0,0,1),(1030,1,104,4,NULL,NULL,NULL,0,'Spudder',1,NULL,NULL,NULL,1,0,0,0,0,0,0,1),(1031,1,104,4,NULL,NULL,NULL,0,'Spudder',0,NULL,NULL,NULL,1,0,0,0,0,0,0,1),(1032,1,104,4,NULL,NULL,NULL,0,'Glancer',1,NULL,NULL,NULL,1,0,0,0,0,0,0,1),(1033,1,104,4,NULL,NULL,NULL,0,'Gnat',0,NULL,NULL,NULL,1,0,0,0,0,0,0,1),(1034,1,104,4,NULL,NULL,NULL,0,'Gnat',1,NULL,NULL,NULL,1,0,0,0,0,0,0,1),(1035,1,104,4,NULL,NULL,NULL,0,'Gnat',0,NULL,NULL,NULL,1,0,0,0,0,0,0,1),(1036,1,104,4,NULL,NULL,NULL,0,'Gnat',0,NULL,NULL,NULL,1,0,0,0,0,0,0,1),(1037,1,104,4,NULL,NULL,NULL,0,'Glancer',1,NULL,NULL,NULL,1,0,0,0,0,0,0,1),(1038,1,104,4,NULL,NULL,NULL,0,'Glancer',1,NULL,NULL,NULL,1,0,0,0,0,0,0,1),(1039,1,104,4,NULL,NULL,NULL,0,'Glancer',1,NULL,NULL,NULL,1,0,0,0,0,0,0,1),(1040,1,104,4,NULL,NULL,NULL,0,'Glancer',1,NULL,NULL,NULL,1,0,0,0,0,0,0,1),(1041,1,104,4,NULL,NULL,NULL,0,'Gnat',0,NULL,NULL,NULL,1,0,0,0,0,0,0,1),(1042,1,104,4,NULL,NULL,NULL,0,'Gnat',0,NULL,NULL,NULL,1,0,0,0,0,0,0,1),(1043,1,104,4,NULL,NULL,NULL,0,'Gnat',1,NULL,NULL,NULL,1,0,0,0,0,0,0,1),(1044,1,104,4,NULL,NULL,NULL,0,'Gnat',0,NULL,NULL,NULL,1,0,0,0,0,0,0,1),(1045,1,104,4,NULL,NULL,NULL,0,'Gnat',1,NULL,NULL,NULL,1,0,0,0,0,0,0,1),(1046,1,104,4,NULL,NULL,NULL,0,'Gnat',1,NULL,NULL,NULL,1,0,0,0,0,0,0,1),(1047,1,104,4,NULL,NULL,NULL,0,'Gnat',0,NULL,NULL,NULL,1,0,0,0,0,0,0,1),(1048,1,105,4,NULL,NULL,NULL,0,'Spudder',0,NULL,NULL,NULL,1,0,0,0,0,0,0,1),(1049,1,105,4,NULL,NULL,NULL,0,'Glancer',1,NULL,NULL,NULL,1,0,0,0,0,0,0,1),(1050,1,105,4,NULL,NULL,NULL,0,'Gnat',0,NULL,NULL,NULL,1,0,0,0,0,0,0,1),(1051,1,105,4,NULL,NULL,NULL,0,'Gnat',0,NULL,NULL,NULL,1,0,0,0,0,0,0,1),(1052,1,105,4,NULL,NULL,NULL,0,'Glancer',1,NULL,NULL,NULL,1,0,0,0,0,0,0,1),(1053,1,105,4,NULL,NULL,NULL,0,'Glancer',1,NULL,NULL,NULL,1,0,0,0,0,0,0,1),(1054,1,105,4,NULL,NULL,NULL,0,'Glancer',1,NULL,NULL,NULL,1,0,0,0,0,0,0,1),(1055,1,105,4,NULL,NULL,NULL,0,'Glancer',1,NULL,NULL,NULL,1,0,0,0,0,0,0,1),(1056,1,105,4,NULL,NULL,NULL,0,'Gnat',0,NULL,NULL,NULL,1,0,0,0,0,0,0,1),(1057,1,105,4,NULL,NULL,NULL,0,'Gnat',0,NULL,NULL,NULL,1,0,0,0,0,0,0,1),(1058,1,105,4,NULL,NULL,NULL,0,'Gnat',1,NULL,NULL,NULL,1,0,0,0,0,0,0,1),(1059,1,106,4,NULL,NULL,NULL,0,'Spudder',0,NULL,NULL,NULL,1,0,0,0,0,0,0,1),(1060,1,106,4,NULL,NULL,NULL,0,'Glancer',1,NULL,NULL,NULL,1,0,0,0,0,0,0,1),(1061,1,106,4,NULL,NULL,NULL,0,'Gnat',0,NULL,NULL,NULL,1,0,0,0,0,0,0,1),(1062,1,106,4,NULL,NULL,NULL,0,'Gnat',0,NULL,NULL,NULL,1,0,0,0,0,0,0,1),(1063,1,106,4,NULL,NULL,NULL,0,'Glancer',1,NULL,NULL,NULL,1,0,0,0,0,0,0,1),(1064,1,106,4,NULL,NULL,NULL,0,'Glancer',1,NULL,NULL,NULL,1,0,0,0,0,0,0,1),(1065,1,106,4,NULL,NULL,NULL,0,'Glancer',1,NULL,NULL,NULL,1,0,0,0,0,0,0,1),(1066,1,106,4,NULL,NULL,NULL,0,'Gnat',0,NULL,NULL,NULL,1,0,0,0,0,0,0,1),(1067,1,106,4,NULL,NULL,NULL,0,'Gnat',0,NULL,NULL,NULL,1,0,0,0,0,0,0,1),(1068,1,106,4,NULL,NULL,NULL,0,'Gnat',1,NULL,NULL,NULL,1,0,0,0,0,0,0,1),(1069,1,106,4,NULL,NULL,NULL,0,'Gnat',1,NULL,NULL,NULL,1,0,0,0,0,0,0,1),(1070,1,106,4,NULL,NULL,NULL,0,'Gnat',1,NULL,NULL,NULL,1,0,0,0,0,0,0,1),(1071,1,106,4,NULL,NULL,NULL,0,'Gnat',1,NULL,NULL,NULL,1,0,0,0,0,0,0,1),(1072,1,107,4,NULL,NULL,NULL,0,'Gnawer',0,NULL,NULL,NULL,1,0,0,0,0,0,0,1),(1073,1,107,4,NULL,NULL,NULL,0,'Spudder',0,NULL,NULL,NULL,1,0,0,0,0,0,0,1),(1074,1,107,4,NULL,NULL,NULL,0,'Gnat',0,NULL,NULL,NULL,1,0,0,0,0,0,0,1),(1075,1,107,4,NULL,NULL,NULL,0,'Gnat',0,NULL,NULL,NULL,1,0,0,0,0,0,0,1),(1076,1,107,4,NULL,NULL,NULL,0,'Gnat',0,NULL,NULL,NULL,1,0,0,0,0,0,0,1),(1077,1,107,4,NULL,NULL,NULL,0,'Glancer',1,NULL,NULL,NULL,1,0,0,0,0,0,0,1),(1078,1,107,4,NULL,NULL,NULL,0,'Glancer',1,NULL,NULL,NULL,1,0,0,0,0,0,0,1),(1079,1,107,4,NULL,NULL,NULL,0,'Glancer',1,NULL,NULL,NULL,1,0,0,0,0,0,0,1),(1080,1,107,4,NULL,NULL,NULL,0,'Gnat',0,NULL,NULL,NULL,1,0,0,0,0,0,0,1),(1081,1,107,4,NULL,NULL,NULL,0,'Gnat',0,NULL,NULL,NULL,1,0,0,0,0,0,0,1),(1082,1,107,4,NULL,NULL,NULL,0,'Gnat',1,NULL,NULL,NULL,1,0,0,0,0,0,0,1),(1083,1,108,4,NULL,NULL,NULL,0,'Spudder',0,NULL,NULL,NULL,1,0,0,0,0,0,0,1),(1084,1,108,4,NULL,NULL,NULL,0,'Glancer',1,NULL,NULL,NULL,1,0,0,0,0,0,0,1),(1085,1,108,4,NULL,NULL,NULL,0,'Gnat',0,NULL,NULL,NULL,1,0,0,0,0,0,0,1),(1086,1,108,4,NULL,NULL,NULL,0,'Gnat',0,NULL,NULL,NULL,1,0,0,0,0,0,0,1),(1087,1,108,4,NULL,NULL,NULL,0,'Glancer',1,NULL,NULL,NULL,1,0,0,0,0,0,0,1),(1088,1,108,4,NULL,NULL,NULL,0,'Glancer',1,NULL,NULL,NULL,1,0,0,0,0,0,0,1),(1089,1,108,4,NULL,NULL,NULL,0,'Glancer',1,NULL,NULL,NULL,1,0,0,0,0,0,0,1),(1090,1,108,4,NULL,NULL,NULL,0,'Glancer',1,NULL,NULL,NULL,1,0,0,0,0,0,0,1),(1091,1,108,4,NULL,NULL,NULL,0,'Gnat',0,NULL,NULL,NULL,1,0,0,0,0,0,0,1),(1092,1,108,4,NULL,NULL,NULL,0,'Gnat',0,NULL,NULL,NULL,1,0,0,0,0,0,0,1),(1093,1,108,4,NULL,NULL,NULL,0,'Gnat',1,NULL,NULL,NULL,1,0,0,0,0,0,0,1),(1094,1,108,4,NULL,NULL,NULL,0,'Gnat',1,NULL,NULL,NULL,1,0,0,0,0,0,0,1),(1095,1,108,4,NULL,NULL,NULL,0,'Gnat',1,NULL,NULL,NULL,1,0,0,0,0,0,0,1),(1096,1,109,4,NULL,NULL,NULL,0,'Gnawer',0,NULL,NULL,NULL,1,0,0,0,0,0,0,1),(1097,1,109,4,NULL,NULL,NULL,0,'Gnawer',0,NULL,NULL,NULL,1,0,0,0,0,0,0,1),(1098,1,109,4,NULL,NULL,NULL,0,'Gnawer',0,NULL,NULL,NULL,1,0,0,0,0,0,0,1),(1099,1,109,4,NULL,NULL,NULL,0,'Spudder',0,NULL,NULL,NULL,1,0,0,0,0,0,0,1),(1100,1,109,4,NULL,NULL,NULL,0,'Spudder',0,NULL,NULL,NULL,1,0,0,0,0,0,0,1),(1101,1,109,4,NULL,NULL,NULL,0,'Glancer',1,NULL,NULL,NULL,1,0,0,0,0,0,0,1),(1102,1,109,4,NULL,NULL,NULL,0,'Gnat',0,NULL,NULL,NULL,1,0,0,0,0,0,0,1),(1103,1,109,4,NULL,NULL,NULL,0,'Gnat',0,NULL,NULL,NULL,1,0,0,0,0,0,0,1),(1104,1,109,4,NULL,NULL,NULL,0,'Glancer',1,NULL,NULL,NULL,1,0,0,0,0,0,0,1),(1105,1,109,4,NULL,NULL,NULL,0,'Glancer',1,NULL,NULL,NULL,1,0,0,0,0,0,0,1),(1106,1,109,4,NULL,NULL,NULL,0,'Glancer',1,NULL,NULL,NULL,1,0,0,0,0,0,0,1),(1107,1,109,4,NULL,NULL,NULL,0,'Gnat',0,NULL,NULL,NULL,1,0,0,0,0,0,0,1),(1108,1,109,4,NULL,NULL,NULL,0,'Gnat',0,NULL,NULL,NULL,1,0,0,0,0,0,0,1),(1109,1,109,4,NULL,NULL,NULL,0,'Gnat',1,NULL,NULL,NULL,1,0,0,0,0,0,0,1),(1110,1,109,4,NULL,NULL,NULL,0,'Gnat',0,NULL,NULL,NULL,1,0,0,0,0,0,0,1),(1111,1,110,4,NULL,NULL,NULL,0,'Gnawer',0,NULL,NULL,NULL,1,0,0,0,0,0,0,1),(1112,1,110,4,NULL,NULL,NULL,0,'Gnawer',0,NULL,NULL,NULL,1,0,0,0,0,0,0,1),(1113,1,110,4,NULL,NULL,NULL,0,'Spudder',1,NULL,NULL,NULL,1,0,0,0,0,0,0,1),(1114,1,110,4,NULL,NULL,NULL,0,'Spudder',0,NULL,NULL,NULL,1,0,0,0,0,0,0,1),(1115,1,110,4,NULL,NULL,NULL,0,'Glancer',1,NULL,NULL,NULL,1,0,0,0,0,0,0,1),(1116,1,110,4,NULL,NULL,NULL,0,'Gnat',1,NULL,NULL,NULL,1,0,0,0,0,0,0,1),(1117,1,110,4,NULL,NULL,NULL,0,'Gnat',0,NULL,NULL,NULL,1,0,0,0,0,0,0,1),(1118,1,110,4,NULL,NULL,NULL,0,'Gnat',0,NULL,NULL,NULL,1,0,0,0,0,0,0,1),(1119,1,110,4,NULL,NULL,NULL,0,'Glancer',1,NULL,NULL,NULL,1,0,0,0,0,0,0,1),(1120,1,110,4,NULL,NULL,NULL,0,'Glancer',1,NULL,NULL,NULL,1,0,0,0,0,0,0,1),(1121,1,110,4,NULL,NULL,NULL,0,'Glancer',1,NULL,NULL,NULL,1,0,0,0,0,0,0,1),(1122,1,110,4,NULL,NULL,NULL,0,'Glancer',1,NULL,NULL,NULL,1,0,0,0,0,0,0,1),(1123,1,110,4,NULL,NULL,NULL,0,'Gnat',0,NULL,NULL,NULL,1,0,0,0,0,0,0,1),(1124,1,110,4,NULL,NULL,NULL,0,'Gnat',0,NULL,NULL,NULL,1,0,0,0,0,0,0,1),(1125,1,110,4,NULL,NULL,NULL,0,'Gnat',1,NULL,NULL,NULL,1,0,0,0,0,0,0,1),(1126,1,110,4,NULL,NULL,NULL,0,'Gnat',0,NULL,NULL,NULL,1,0,0,0,0,0,0,1),(1127,1,110,4,NULL,NULL,NULL,0,'Gnat',0,NULL,NULL,NULL,1,0,0,0,0,0,0,1),(1128,1,110,4,NULL,NULL,NULL,0,'Gnat',1,NULL,NULL,NULL,1,0,0,0,0,0,0,1),(1129,1,111,4,NULL,NULL,NULL,0,'Gnawer',0,NULL,NULL,NULL,1,0,0,0,0,0,0,1),(1130,1,111,4,NULL,NULL,NULL,0,'Spudder',0,NULL,NULL,NULL,1,0,0,0,0,0,0,1),(1131,1,111,4,NULL,NULL,NULL,0,'Spudder',1,NULL,NULL,NULL,1,0,0,0,0,0,0,1),(1132,1,111,4,NULL,NULL,NULL,0,'Spudder',0,NULL,NULL,NULL,1,0,0,0,0,0,0,1),(1133,1,111,4,NULL,NULL,NULL,0,'Spudder',0,NULL,NULL,NULL,1,0,0,0,0,0,0,1),(1134,1,111,4,NULL,NULL,NULL,0,'Glancer',1,NULL,NULL,NULL,1,0,0,0,0,0,0,1),(1135,1,111,4,NULL,NULL,NULL,0,'Gnat',0,NULL,NULL,NULL,1,0,0,0,0,0,0,1),(1136,1,111,4,NULL,NULL,NULL,0,'Gnat',0,NULL,NULL,NULL,1,0,0,0,0,0,0,1),(1137,1,111,4,NULL,NULL,NULL,0,'Gnat',0,NULL,NULL,NULL,1,0,0,0,0,0,0,1),(1138,1,111,4,NULL,NULL,NULL,0,'Glancer',1,NULL,NULL,NULL,1,0,0,0,0,0,0,1),(1139,1,111,4,NULL,NULL,NULL,0,'Glancer',1,NULL,NULL,NULL,1,0,0,0,0,0,0,1),(1140,1,111,4,NULL,NULL,NULL,0,'Glancer',1,NULL,NULL,NULL,1,0,0,0,0,0,0,1),(1141,1,111,4,NULL,NULL,NULL,0,'Gnat',0,NULL,NULL,NULL,1,0,0,0,0,0,0,1),(1142,1,111,4,NULL,NULL,NULL,0,'Gnat',0,NULL,NULL,NULL,1,0,0,0,0,0,0,1),(1143,1,111,4,NULL,NULL,NULL,0,'Gnat',1,NULL,NULL,NULL,1,0,0,0,0,0,0,1),(1144,1,111,4,NULL,NULL,NULL,0,'Gnat',0,NULL,NULL,NULL,1,0,0,0,0,0,0,1),(1145,1,112,4,NULL,NULL,NULL,0,'Gnat',0,NULL,NULL,NULL,1,0,0,0,0,0,0,1),(1146,1,112,4,NULL,NULL,NULL,0,'Gnat',1,NULL,NULL,NULL,1,0,0,0,0,0,0,1),(1147,1,112,4,NULL,NULL,NULL,0,'Gnat',0,NULL,NULL,NULL,1,0,0,0,0,0,0,1),(1148,1,112,4,NULL,NULL,NULL,0,'Glancer',1,NULL,NULL,NULL,1,0,0,0,0,0,0,1),(1149,1,112,4,NULL,NULL,NULL,0,'Glancer',1,NULL,NULL,NULL,1,0,0,0,0,0,0,1),(1150,1,112,4,NULL,NULL,NULL,0,'Glancer',1,NULL,NULL,NULL,1,0,0,0,0,0,0,1),(1151,1,112,4,NULL,NULL,NULL,0,'Glancer',1,NULL,NULL,NULL,1,0,0,0,0,0,0,1),(1152,1,112,4,NULL,NULL,NULL,0,'Gnat',0,NULL,NULL,NULL,1,0,0,0,0,0,0,1),(1153,1,112,4,NULL,NULL,NULL,0,'Gnat',0,NULL,NULL,NULL,1,0,0,0,0,0,0,1),(1154,1,112,4,NULL,NULL,NULL,0,'Gnat',1,NULL,NULL,NULL,1,0,0,0,0,0,0,1),(1155,1,112,4,NULL,NULL,NULL,0,'Gnat',1,NULL,NULL,NULL,1,0,0,0,0,0,0,1),(1156,1,112,4,NULL,NULL,NULL,0,'Gnat',0,NULL,NULL,NULL,1,0,0,0,0,0,0,1),(1157,1,113,4,NULL,NULL,NULL,0,'Gnawer',0,NULL,NULL,NULL,1,0,0,0,0,0,0,1),(1158,1,113,4,NULL,NULL,NULL,0,'Spudder',0,NULL,NULL,NULL,1,0,0,0,0,0,0,1),(1159,1,113,4,NULL,NULL,NULL,0,'Spudder',1,NULL,NULL,NULL,1,0,0,0,0,0,0,1),(1160,1,113,4,NULL,NULL,NULL,0,'Spudder',0,NULL,NULL,NULL,1,0,0,0,0,0,0,1),(1161,1,113,4,NULL,NULL,NULL,0,'Glancer',1,NULL,NULL,NULL,1,0,0,0,0,0,0,1),(1162,1,113,4,NULL,NULL,NULL,0,'Gnat',0,NULL,NULL,NULL,1,0,0,0,0,0,0,1),(1163,1,113,4,NULL,NULL,NULL,0,'Glancer',1,NULL,NULL,NULL,1,0,0,0,0,0,0,1),(1164,1,113,4,NULL,NULL,NULL,0,'Glancer',1,NULL,NULL,NULL,1,0,0,0,0,0,0,1),(1165,1,113,4,NULL,NULL,NULL,0,'Glancer',1,NULL,NULL,NULL,1,0,0,0,0,0,0,1),(1166,1,113,4,NULL,NULL,NULL,0,'Glancer',1,NULL,NULL,NULL,1,0,0,0,0,0,0,1),(1167,1,113,4,NULL,NULL,NULL,0,'Glancer',1,NULL,NULL,NULL,1,0,0,0,0,0,0,1),(1168,1,113,4,NULL,NULL,NULL,0,'Glancer',1,NULL,NULL,NULL,1,0,0,0,0,0,0,1),(1169,1,113,4,NULL,NULL,NULL,0,'Gnat',0,NULL,NULL,NULL,1,0,0,0,0,0,0,1),(1170,1,113,4,NULL,NULL,NULL,0,'Gnat',0,NULL,NULL,NULL,1,0,0,0,0,0,0,1),(1171,1,113,4,NULL,NULL,NULL,0,'Gnat',1,NULL,NULL,NULL,1,0,0,0,0,0,0,1),(1172,1,113,4,NULL,NULL,NULL,0,'Gnat',1,NULL,NULL,NULL,1,0,0,0,0,0,0,1),(1173,1,113,4,NULL,NULL,NULL,0,'Gnat',0,NULL,NULL,NULL,1,0,0,0,0,0,0,1),(1174,1,114,4,NULL,NULL,NULL,0,'Spudder',0,NULL,NULL,NULL,1,0,0,0,0,0,0,1),(1175,1,114,4,NULL,NULL,NULL,0,'Gnat',0,NULL,NULL,NULL,1,0,0,0,0,0,0,1),(1176,1,114,4,NULL,NULL,NULL,0,'Gnat',0,NULL,NULL,NULL,1,0,0,0,0,0,0,1),(1177,1,114,4,NULL,NULL,NULL,0,'Gnat',0,NULL,NULL,NULL,1,0,0,0,0,0,0,1),(1178,1,114,4,NULL,NULL,NULL,0,'Glancer',1,NULL,NULL,NULL,1,0,0,0,0,0,0,1),(1179,1,114,4,NULL,NULL,NULL,0,'Glancer',1,NULL,NULL,NULL,1,0,0,0,0,0,0,1),(1180,1,114,4,NULL,NULL,NULL,0,'Glancer',1,NULL,NULL,NULL,1,0,0,0,0,0,0,1),(1181,1,114,4,NULL,NULL,NULL,0,'Glancer',1,NULL,NULL,NULL,1,0,0,0,0,0,0,1),(1182,1,114,4,NULL,NULL,NULL,0,'Gnat',0,NULL,NULL,NULL,1,0,0,0,0,0,0,1),(1183,1,114,4,NULL,NULL,NULL,0,'Gnat',0,NULL,NULL,NULL,1,0,0,0,0,0,0,1),(1184,1,114,4,NULL,NULL,NULL,0,'Gnat',1,NULL,NULL,NULL,1,0,0,0,0,0,0,1),(1185,1,114,4,NULL,NULL,NULL,0,'Gnat',0,NULL,NULL,NULL,1,0,0,0,0,0,0,1),(1186,1,114,4,NULL,NULL,NULL,0,'Gnat',0,NULL,NULL,NULL,1,0,0,0,0,0,0,1),(1187,1,115,4,NULL,NULL,NULL,0,'Glancer',1,NULL,NULL,NULL,1,0,0,0,0,0,0,1),(1188,1,115,4,NULL,NULL,NULL,0,'Gnat',0,NULL,NULL,NULL,1,0,0,0,0,0,0,1),(1189,1,115,4,NULL,NULL,NULL,0,'Gnat',0,NULL,NULL,NULL,1,0,0,0,0,0,0,1),(1190,1,115,4,NULL,NULL,NULL,0,'Glancer',1,NULL,NULL,NULL,1,0,0,0,0,0,0,1),(1191,1,115,4,NULL,NULL,NULL,0,'Glancer',1,NULL,NULL,NULL,1,0,0,0,0,0,0,1),(1192,1,115,4,NULL,NULL,NULL,0,'Glancer',1,NULL,NULL,NULL,1,0,0,0,0,0,0,1),(1193,1,115,4,NULL,NULL,NULL,0,'Gnat',0,NULL,NULL,NULL,1,0,0,0,0,0,0,1),(1194,1,115,4,NULL,NULL,NULL,0,'Gnat',0,NULL,NULL,NULL,1,0,0,0,0,0,0,1),(1195,1,115,4,NULL,NULL,NULL,0,'Gnat',1,NULL,NULL,NULL,1,0,0,0,0,0,0,1),(1196,1,115,4,NULL,NULL,NULL,0,'Gnat',0,NULL,NULL,NULL,1,0,0,0,0,0,0,1),(1197,1,115,4,NULL,NULL,NULL,0,'Gnat',1,NULL,NULL,NULL,1,0,0,0,0,0,0,1),(1198,1,116,4,NULL,NULL,NULL,0,'Gnat',0,NULL,NULL,NULL,1,0,0,0,0,0,0,1),(1199,1,116,4,NULL,NULL,NULL,0,'Gnat',0,NULL,NULL,NULL,1,0,0,0,0,0,0,1),(1200,1,116,4,NULL,NULL,NULL,0,'Gnat',1,NULL,NULL,NULL,1,0,0,0,0,0,0,1),(1201,1,116,4,NULL,NULL,NULL,0,'Gnat',0,NULL,NULL,NULL,1,0,0,0,0,0,0,1),(1202,1,116,4,NULL,NULL,NULL,0,'Gnat',1,NULL,NULL,NULL,1,0,0,0,0,0,0,1),(1203,1,116,4,NULL,NULL,NULL,0,'Gnat',1,NULL,NULL,NULL,1,0,0,0,0,0,0,1),(1204,1,117,4,NULL,NULL,NULL,0,'Gnat',0,NULL,NULL,NULL,1,0,0,0,0,0,0,1),(1205,1,117,4,NULL,NULL,NULL,0,'Gnat',0,NULL,NULL,NULL,1,0,0,0,0,0,0,1),(1206,1,117,4,NULL,NULL,NULL,0,'Gnat',1,NULL,NULL,NULL,1,0,0,0,0,0,0,1),(1207,1,6,1,NULL,NULL,NULL,0,'Thor',0,0,90,NULL,1,0,0,0,0,0,0,1),(1208,1,6,1,NULL,NULL,NULL,0,'Thor',1,0,90,NULL,1,0,0,0,0,0,0,1),(1209,1,6,1,NULL,NULL,NULL,0,'Thor',1,0,90,NULL,1,0,0,0,0,0,0,1),(1210,1,6,1,NULL,NULL,NULL,0,'Dirac',0,0,90,NULL,1,0,0,0,0,0,0,1),(1211,1,6,1,NULL,NULL,NULL,0,'Dirac',1,0,90,NULL,1,0,0,0,0,0,0,1),(1212,1,6,1,NULL,NULL,NULL,0,'Dirac',1,0,90,NULL,1,0,0,0,0,0,0,1),(1213,1,6,1,NULL,NULL,NULL,0,'Dirac',0,0,90,NULL,1,0,0,0,0,0,0,1),(1214,1,6,1,NULL,NULL,NULL,0,'Thor',0,2,180,NULL,1,0,0,0,0,0,0,1),(1215,1,6,1,NULL,NULL,NULL,0,'Thor',1,2,180,NULL,1,0,0,0,0,0,0,1),(1216,1,6,1,NULL,NULL,NULL,0,'Thor',0,2,180,NULL,1,0,0,0,0,0,0,1),(1217,1,6,1,NULL,NULL,NULL,0,'Thor',1,2,180,NULL,1,0,0,0,0,0,0,1),(1218,1,6,1,NULL,NULL,NULL,0,'Thor',0,2,180,NULL,1,0,0,0,0,0,0,1),(1219,1,6,1,NULL,NULL,NULL,0,'Dirac',0,2,180,NULL,1,0,0,0,0,0,0,1),(1220,1,6,1,NULL,NULL,NULL,0,'Dirac',1,2,180,NULL,1,0,0,0,0,0,0,1),(1221,1,6,1,NULL,NULL,NULL,0,'Dirac',1,2,180,NULL,1,0,0,0,0,0,0,1),(1222,1,6,1,NULL,NULL,NULL,0,'Dirac',1,2,180,NULL,1,0,0,0,0,0,0,1),(1223,1,40,2,NULL,NULL,NULL,0,'Gnawer',0,NULL,NULL,NULL,1,0,0,0,0,0,0,1),(1224,1,40,2,NULL,NULL,NULL,0,'Gnawer',1,NULL,NULL,NULL,1,0,0,0,0,0,0,1),(1225,1,40,2,NULL,NULL,NULL,0,'Spudder',1,NULL,NULL,NULL,1,0,0,0,0,0,0,1),(1226,1,40,2,NULL,NULL,NULL,0,'Spudder',0,NULL,NULL,NULL,1,0,0,0,0,0,0,1),(1227,1,40,2,NULL,NULL,NULL,0,'Spudder',0,NULL,NULL,NULL,1,0,0,0,0,0,0,1),(1228,1,40,2,NULL,NULL,NULL,0,'Glancer',1,NULL,NULL,NULL,1,0,0,0,0,0,0,1),(1229,1,40,2,NULL,NULL,NULL,0,'Glancer',1,NULL,NULL,NULL,1,0,0,0,0,0,0,1),(1230,1,40,2,NULL,NULL,NULL,0,'Gnat',0,NULL,NULL,NULL,1,0,0,0,0,0,0,1),(1231,1,40,2,NULL,NULL,NULL,0,'Gnat',1,NULL,NULL,NULL,1,0,0,0,0,0,0,1),(1232,1,40,2,NULL,NULL,NULL,0,'Gnat',0,NULL,NULL,NULL,1,0,0,0,0,0,0,1),(1233,1,40,2,NULL,NULL,NULL,0,'Gnat',0,NULL,NULL,NULL,1,0,0,0,0,0,0,1),(1234,1,40,2,NULL,NULL,NULL,0,'Gnat',1,NULL,NULL,NULL,1,0,0,0,0,0,0,1),(1235,1,6,1,NULL,NULL,NULL,0,'Demosis',0,0,270,NULL,1,0,0,0,0,0,0,1),(1236,1,6,1,NULL,NULL,NULL,0,'Thor',0,0,270,NULL,1,0,0,0,0,0,0,1),(1237,1,6,1,NULL,NULL,NULL,0,'Thor',1,0,270,NULL,1,0,0,0,0,0,0,1),(1238,1,6,1,NULL,NULL,NULL,0,'Thor',0,0,270,NULL,1,0,0,0,0,0,0,1),(1239,1,6,1,NULL,NULL,NULL,0,'Thor',0,0,270,NULL,1,0,0,0,0,0,0,1),(1240,1,6,1,NULL,NULL,NULL,0,'Dirac',1,0,270,NULL,1,0,0,0,0,0,0,1),(1241,1,6,1,NULL,NULL,NULL,0,'Dirac',0,0,270,NULL,1,0,0,0,0,0,0,1),(1242,1,6,1,NULL,NULL,NULL,0,'Dirac',0,0,270,NULL,1,0,0,0,0,0,0,1),(1243,1,118,4,NULL,NULL,NULL,0,'Glancer',1,NULL,NULL,NULL,1,0,0,0,0,0,0,1),(1244,1,118,4,NULL,NULL,NULL,0,'Glancer',1,NULL,NULL,NULL,1,0,0,0,0,0,0,1),(1245,1,118,4,NULL,NULL,NULL,0,'Gnat',0,NULL,NULL,NULL,1,0,0,0,0,0,0,1),(1246,1,118,4,NULL,NULL,NULL,0,'Gnat',0,NULL,NULL,NULL,1,0,0,0,0,0,0,1),(1247,1,118,4,NULL,NULL,NULL,0,'Gnat',1,NULL,NULL,NULL,1,0,0,0,0,0,0,1),(1248,1,118,4,NULL,NULL,NULL,0,'Gnat',0,NULL,NULL,NULL,1,0,0,0,0,0,0,1),(1249,1,118,4,NULL,NULL,NULL,0,'Gnat',1,NULL,NULL,NULL,1,0,0,0,0,0,0,1),(1250,1,119,4,NULL,NULL,NULL,0,'Spudder',1,NULL,NULL,NULL,1,0,0,0,0,0,0,1),(1251,1,119,4,NULL,NULL,NULL,0,'Spudder',0,NULL,NULL,NULL,1,0,0,0,0,0,0,1),(1252,1,119,4,NULL,NULL,NULL,0,'Gnat',0,NULL,NULL,NULL,1,0,0,0,0,0,0,1),(1253,1,119,4,NULL,NULL,NULL,0,'Glancer',1,NULL,NULL,NULL,1,0,0,0,0,0,0,1),(1254,1,119,4,NULL,NULL,NULL,0,'Glancer',1,NULL,NULL,NULL,1,0,0,0,0,0,0,1),(1255,1,119,4,NULL,NULL,NULL,0,'Glancer',1,NULL,NULL,NULL,1,0,0,0,0,0,0,1),(1256,1,119,4,NULL,NULL,NULL,0,'Gnat',0,NULL,NULL,NULL,1,0,0,0,0,0,0,1),(1257,1,119,4,NULL,NULL,NULL,0,'Gnat',0,NULL,NULL,NULL,1,0,0,0,0,0,0,1),(1258,1,119,4,NULL,NULL,NULL,0,'Gnat',1,NULL,NULL,NULL,1,0,0,0,0,0,0,1),(1259,1,119,4,NULL,NULL,NULL,0,'Gnat',1,NULL,NULL,NULL,1,0,0,0,0,0,0,1),(1260,1,120,4,NULL,NULL,NULL,0,'Spudder',0,NULL,NULL,NULL,1,0,0,0,0,0,0,1),(1261,1,120,4,NULL,NULL,NULL,0,'Spudder',0,NULL,NULL,NULL,1,0,0,0,0,0,0,1),(1262,1,120,4,NULL,NULL,NULL,0,'Glancer',1,NULL,NULL,NULL,1,0,0,0,0,0,0,1),(1263,1,120,4,NULL,NULL,NULL,0,'Gnat',0,NULL,NULL,NULL,1,0,0,0,0,0,0,1),(1264,1,120,4,NULL,NULL,NULL,0,'Gnat',1,NULL,NULL,NULL,1,0,0,0,0,0,0,1),(1265,1,120,4,NULL,NULL,NULL,0,'Glancer',1,NULL,NULL,NULL,1,0,0,0,0,0,0,1),(1266,1,120,4,NULL,NULL,NULL,0,'Glancer',1,NULL,NULL,NULL,1,0,0,0,0,0,0,1),(1267,1,120,4,NULL,NULL,NULL,0,'Glancer',1,NULL,NULL,NULL,1,0,0,0,0,0,0,1),(1268,1,120,4,NULL,NULL,NULL,0,'Gnat',0,NULL,NULL,NULL,1,0,0,0,0,0,0,1),(1269,1,120,4,NULL,NULL,NULL,0,'Gnat',0,NULL,NULL,NULL,1,0,0,0,0,0,0,1),(1270,1,120,4,NULL,NULL,NULL,0,'Gnat',1,NULL,NULL,NULL,1,0,0,0,0,0,0,1),(1271,1,120,4,NULL,NULL,NULL,0,'Gnat',0,NULL,NULL,NULL,1,0,0,0,0,0,0,1),(1272,1,120,4,NULL,NULL,NULL,0,'Gnat',1,NULL,NULL,NULL,1,0,0,0,0,0,0,1),(1273,1,120,4,NULL,NULL,NULL,0,'Gnat',0,NULL,NULL,NULL,1,0,0,0,0,0,0,1),(1274,1,121,4,NULL,NULL,NULL,0,'Gnawer',0,NULL,NULL,NULL,1,0,0,0,0,0,0,1),(1275,1,121,4,NULL,NULL,NULL,0,'Gnawer',0,NULL,NULL,NULL,1,0,0,0,0,0,0,1),(1276,1,121,4,NULL,NULL,NULL,0,'Gnawer',0,NULL,NULL,NULL,1,0,0,0,0,0,0,1),(1277,1,121,4,NULL,NULL,NULL,0,'Spudder',0,NULL,NULL,NULL,1,0,0,0,0,0,0,1),(1278,1,121,4,NULL,NULL,NULL,0,'Spudder',1,NULL,NULL,NULL,1,0,0,0,0,0,0,1),(1279,1,121,4,NULL,NULL,NULL,0,'Spudder',0,NULL,NULL,NULL,1,0,0,0,0,0,0,1),(1280,1,121,4,NULL,NULL,NULL,0,'Glancer',1,NULL,NULL,NULL,1,0,0,0,0,0,0,1),(1281,1,121,4,NULL,NULL,NULL,0,'Gnat',0,NULL,NULL,NULL,1,0,0,0,0,0,0,1),(1282,1,121,4,NULL,NULL,NULL,0,'Glancer',1,NULL,NULL,NULL,1,0,0,0,0,0,0,1),(1283,1,121,4,NULL,NULL,NULL,0,'Glancer',1,NULL,NULL,NULL,1,0,0,0,0,0,0,1),(1284,1,121,4,NULL,NULL,NULL,0,'Glancer',1,NULL,NULL,NULL,1,0,0,0,0,0,0,1),(1285,1,121,4,NULL,NULL,NULL,0,'Gnat',0,NULL,NULL,NULL,1,0,0,0,0,0,0,1),(1286,1,121,4,NULL,NULL,NULL,0,'Gnat',0,NULL,NULL,NULL,1,0,0,0,0,0,0,1),(1287,1,121,4,NULL,NULL,NULL,0,'Gnat',1,NULL,NULL,NULL,1,0,0,0,0,0,0,1),(1288,1,121,4,NULL,NULL,NULL,0,'Gnat',1,NULL,NULL,NULL,1,0,0,0,0,0,0,1),(1289,1,121,4,NULL,NULL,NULL,0,'Gnat',1,NULL,NULL,NULL,1,0,0,0,0,0,0,1),(1290,1,121,4,NULL,NULL,NULL,0,'Gnat',0,NULL,NULL,NULL,1,0,0,0,0,0,0,1),(1291,1,121,4,NULL,NULL,NULL,0,'Gnat',1,NULL,NULL,NULL,1,0,0,0,0,0,0,1),(1292,1,122,4,NULL,NULL,NULL,0,'Gnawer',0,NULL,NULL,NULL,1,0,0,0,0,0,0,1),(1293,1,122,4,NULL,NULL,NULL,0,'Gnawer',0,NULL,NULL,NULL,1,0,0,0,0,0,0,1),(1294,1,122,4,NULL,NULL,NULL,0,'Gnawer',0,NULL,NULL,NULL,1,0,0,0,0,0,0,1),(1295,1,122,4,NULL,NULL,NULL,0,'Spudder',0,NULL,NULL,NULL,1,0,0,0,0,0,0,1),(1296,1,122,4,NULL,NULL,NULL,0,'Spudder',0,NULL,NULL,NULL,1,0,0,0,0,0,0,1),(1297,1,122,4,NULL,NULL,NULL,0,'Spudder',1,NULL,NULL,NULL,1,0,0,0,0,0,0,1),(1298,1,122,4,NULL,NULL,NULL,0,'Spudder',1,NULL,NULL,NULL,1,0,0,0,0,0,0,1),(1299,1,122,4,NULL,NULL,NULL,0,'Spudder',0,NULL,NULL,NULL,1,0,0,0,0,0,0,1),(1300,1,122,4,NULL,NULL,NULL,0,'Glancer',1,NULL,NULL,NULL,1,0,0,0,0,0,0,1),(1301,1,122,4,NULL,NULL,NULL,0,'Gnat',0,NULL,NULL,NULL,1,0,0,0,0,0,0,1),(1302,1,122,4,NULL,NULL,NULL,0,'Gnat',0,NULL,NULL,NULL,1,0,0,0,0,0,0,1),(1303,1,122,4,NULL,NULL,NULL,0,'Glancer',1,NULL,NULL,NULL,1,0,0,0,0,0,0,1),(1304,1,122,4,NULL,NULL,NULL,0,'Glancer',1,NULL,NULL,NULL,1,0,0,0,0,0,0,1),(1305,1,122,4,NULL,NULL,NULL,0,'Glancer',1,NULL,NULL,NULL,1,0,0,0,0,0,0,1),(1306,1,122,4,NULL,NULL,NULL,0,'Gnat',0,NULL,NULL,NULL,1,0,0,0,0,0,0,1),(1307,1,122,4,NULL,NULL,NULL,0,'Gnat',0,NULL,NULL,NULL,1,0,0,0,0,0,0,1),(1308,1,122,4,NULL,NULL,NULL,0,'Gnat',1,NULL,NULL,NULL,1,0,0,0,0,0,0,1),(1309,1,122,4,NULL,NULL,NULL,0,'Gnat',0,NULL,NULL,NULL,1,0,0,0,0,0,0,1),(1310,1,122,4,NULL,NULL,NULL,0,'Gnat',0,NULL,NULL,NULL,1,0,0,0,0,0,0,1),(1311,1,122,4,NULL,NULL,NULL,0,'Gnat',1,NULL,NULL,NULL,1,0,0,0,0,0,0,1),(1312,1,123,4,NULL,NULL,NULL,0,'Gnawer',0,NULL,NULL,NULL,1,0,0,0,0,0,0,1),(1313,1,123,4,NULL,NULL,NULL,0,'Spudder',1,NULL,NULL,NULL,1,0,0,0,0,0,0,1),(1314,1,123,4,NULL,NULL,NULL,0,'Spudder',0,NULL,NULL,NULL,1,0,0,0,0,0,0,1),(1315,1,123,4,NULL,NULL,NULL,0,'Glancer',1,NULL,NULL,NULL,1,0,0,0,0,0,0,1),(1316,1,123,4,NULL,NULL,NULL,0,'Glancer',1,NULL,NULL,NULL,1,0,0,0,0,0,0,1),(1317,1,123,4,NULL,NULL,NULL,0,'Glancer',1,NULL,NULL,NULL,1,0,0,0,0,0,0,1),(1318,1,123,4,NULL,NULL,NULL,0,'Glancer',1,NULL,NULL,NULL,1,0,0,0,0,0,0,1),(1319,1,123,4,NULL,NULL,NULL,0,'Gnat',0,NULL,NULL,NULL,1,0,0,0,0,0,0,1),(1320,1,123,4,NULL,NULL,NULL,0,'Gnat',0,NULL,NULL,NULL,1,0,0,0,0,0,0,1),(1321,1,123,4,NULL,NULL,NULL,0,'Gnat',1,NULL,NULL,NULL,1,0,0,0,0,0,0,1),(1322,1,124,4,NULL,NULL,NULL,0,'Glancer',1,NULL,NULL,NULL,1,0,0,0,0,0,0,1),(1323,1,124,4,NULL,NULL,NULL,0,'Gnat',1,NULL,NULL,NULL,1,0,0,0,0,0,0,1),(1324,1,124,4,NULL,NULL,NULL,0,'Gnat',0,NULL,NULL,NULL,1,0,0,0,0,0,0,1),(1325,1,124,4,NULL,NULL,NULL,0,'Gnat',0,NULL,NULL,NULL,1,0,0,0,0,0,0,1),(1326,1,124,4,NULL,NULL,NULL,0,'Glancer',1,NULL,NULL,NULL,1,0,0,0,0,0,0,1),(1327,1,124,4,NULL,NULL,NULL,0,'Glancer',1,NULL,NULL,NULL,1,0,0,0,0,0,0,1),(1328,1,124,4,NULL,NULL,NULL,0,'Glancer',1,NULL,NULL,NULL,1,0,0,0,0,0,0,1),(1329,1,124,4,NULL,NULL,NULL,0,'Glancer',1,NULL,NULL,NULL,1,0,0,0,0,0,0,1),(1330,1,124,4,NULL,NULL,NULL,0,'Gnat',0,NULL,NULL,NULL,1,0,0,0,0,0,0,1),(1331,1,124,4,NULL,NULL,NULL,0,'Gnat',0,NULL,NULL,NULL,1,0,0,0,0,0,0,1),(1332,1,124,4,NULL,NULL,NULL,0,'Gnat',1,NULL,NULL,NULL,1,0,0,0,0,0,0,1),(1333,1,124,4,NULL,NULL,NULL,0,'Gnat',0,NULL,NULL,NULL,1,0,0,0,0,0,0,1),(1334,1,124,4,NULL,NULL,NULL,0,'Gnat',0,NULL,NULL,NULL,1,0,0,0,0,0,0,1),(1335,1,124,4,NULL,NULL,NULL,0,'Gnat',1,NULL,NULL,NULL,1,0,0,0,0,0,0,1),(1336,1,125,4,NULL,NULL,NULL,0,'Gnat',0,NULL,NULL,NULL,1,0,0,0,0,0,0,1),(1337,1,125,4,NULL,NULL,NULL,0,'Gnat',0,NULL,NULL,NULL,1,0,0,0,0,0,0,1),(1338,1,125,4,NULL,NULL,NULL,0,'Gnat',1,NULL,NULL,NULL,1,0,0,0,0,0,0,1),(1339,1,125,4,NULL,NULL,NULL,0,'Gnat',0,NULL,NULL,NULL,1,0,0,0,0,0,0,1),(1340,1,125,4,NULL,NULL,NULL,0,'Gnat',0,NULL,NULL,NULL,1,0,0,0,0,0,0,1),(1341,1,125,4,NULL,NULL,NULL,0,'Gnat',1,NULL,NULL,NULL,1,0,0,0,0,0,0,1),(1342,1,126,4,NULL,NULL,NULL,0,'Gnat',0,NULL,NULL,NULL,1,0,0,0,0,0,0,1),(1343,1,126,4,NULL,NULL,NULL,0,'Gnat',0,NULL,NULL,NULL,1,0,0,0,0,0,0,1),(1344,1,126,4,NULL,NULL,NULL,0,'Gnat',1,NULL,NULL,NULL,1,0,0,0,0,0,0,1),(1345,1,126,4,NULL,NULL,NULL,0,'Gnat',0,NULL,NULL,NULL,1,0,0,0,0,0,0,1),(1346,1,126,4,NULL,NULL,NULL,0,'Gnat',0,NULL,NULL,NULL,1,0,0,0,0,0,0,1),(1347,1,127,4,NULL,NULL,NULL,0,'Gnat',0,NULL,NULL,NULL,1,0,0,0,0,0,0,1),(1348,1,127,4,NULL,NULL,NULL,0,'Gnat',0,NULL,NULL,NULL,1,0,0,0,0,0,0,1),(1349,1,127,4,NULL,NULL,NULL,0,'Gnat',1,NULL,NULL,NULL,1,0,0,0,0,0,0,1),(1350,1,127,4,NULL,NULL,NULL,0,'Gnat',0,NULL,NULL,NULL,1,0,0,0,0,0,0,1),(1351,1,127,4,NULL,NULL,NULL,0,'Gnat',0,NULL,NULL,NULL,1,0,0,0,0,0,0,1),(1352,1,128,4,NULL,NULL,NULL,0,'Gnat',0,NULL,NULL,NULL,1,0,0,0,0,0,0,1),(1353,1,128,4,NULL,NULL,NULL,0,'Gnat',0,NULL,NULL,NULL,1,0,0,0,0,0,0,1),(1354,1,128,4,NULL,NULL,NULL,0,'Gnat',1,NULL,NULL,NULL,1,0,0,0,0,0,0,1),(1355,1,128,4,NULL,NULL,NULL,0,'Gnat',0,NULL,NULL,NULL,1,0,0,0,0,0,0,1),(1356,1,6,1,NULL,NULL,NULL,0,'Demosis',0,2,270,NULL,1,0,0,0,0,0,0,1),(1357,1,6,1,NULL,NULL,NULL,0,'Thor',1,2,270,NULL,1,0,0,0,0,0,0,1),(1358,1,6,1,NULL,NULL,NULL,0,'Thor',1,2,270,NULL,1,0,0,0,0,0,0,1),(1359,1,6,1,NULL,NULL,NULL,0,'Thor',0,2,270,NULL,1,0,0,0,0,0,0,1),(1360,1,6,1,NULL,NULL,NULL,0,'Dirac',0,2,270,NULL,1,0,0,0,0,0,0,1),(1361,1,6,1,NULL,NULL,NULL,0,'Dirac',0,2,270,NULL,1,0,0,0,0,0,0,1),(1362,1,6,1,NULL,NULL,NULL,0,'Dirac',1,2,270,NULL,1,0,0,0,0,0,0,1),(1363,1,6,1,NULL,NULL,NULL,0,'Dirac',1,2,270,NULL,1,0,0,0,0,0,0,1),(1364,1,6,1,NULL,NULL,NULL,0,'Dirac',1,2,270,NULL,1,0,0,0,0,0,0,1),(1365,1,6,1,NULL,NULL,NULL,0,'Dirac',1,2,270,NULL,1,0,0,0,0,0,0,1),(1366,1,6,1,NULL,NULL,NULL,0,'Dirac',0,2,270,NULL,1,0,0,0,0,0,0,1),(1367,1,6,1,NULL,NULL,NULL,0,'Dirac',1,2,270,NULL,1,0,0,0,0,0,0,1),(1368,1,6,1,NULL,NULL,NULL,0,'Demosis',0,2,300,NULL,1,0,0,0,0,0,0,1),(1369,1,6,1,NULL,NULL,NULL,0,'Thor',1,2,300,NULL,1,0,0,0,0,0,0,1),(1370,1,6,1,NULL,NULL,NULL,0,'Thor',1,2,300,NULL,1,0,0,0,0,0,0,1),(1371,1,6,1,NULL,NULL,NULL,0,'Thor',1,2,300,NULL,1,0,0,0,0,0,0,1),(1372,1,6,1,NULL,NULL,NULL,0,'Dirac',1,2,300,NULL,1,0,0,0,0,0,0,1),(1373,1,6,1,NULL,NULL,NULL,0,'Dirac',0,2,300,NULL,1,0,0,0,0,0,0,1),(1374,1,6,1,NULL,NULL,NULL,0,'Thor',1,0,0,NULL,1,0,0,0,0,0,0,1),(1375,1,6,1,NULL,NULL,NULL,0,'Dirac',1,0,0,NULL,1,0,0,0,0,0,0,1),(1376,1,6,1,NULL,NULL,NULL,0,'Dirac',1,0,0,NULL,1,0,0,0,0,0,0,1),(1377,1,6,1,NULL,NULL,NULL,0,'Dirac',1,0,0,NULL,1,0,0,0,0,0,0,1),(1378,1,6,1,NULL,NULL,NULL,0,'Dirac',0,0,0,NULL,1,0,0,0,0,0,0,1),(1379,1,9,1,NULL,NULL,NULL,0,'Demosis',0,1,45,NULL,1,0,0,0,0,0,0,1),(1380,1,9,1,NULL,NULL,NULL,0,'Thor',1,1,45,NULL,1,0,0,0,0,0,0,1),(1381,1,9,1,NULL,NULL,NULL,0,'Thor',0,1,45,NULL,1,0,0,0,0,0,0,1),(1382,1,9,1,NULL,NULL,NULL,0,'Dirac',1,1,45,NULL,1,0,0,0,0,0,0,1),(1383,1,9,1,NULL,NULL,NULL,0,'Dirac',0,1,45,NULL,1,0,0,0,0,0,0,1),(1384,1,9,1,NULL,NULL,NULL,0,'Dirac',1,1,45,NULL,1,0,0,0,0,0,0,1),(1385,1,9,1,NULL,NULL,NULL,0,'Dirac',1,1,45,NULL,1,0,0,0,0,0,0,1),(1386,1,9,1,NULL,NULL,NULL,0,'Thor',0,1,180,NULL,1,0,0,0,0,0,0,1),(1387,1,9,1,NULL,NULL,NULL,0,'Thor',1,1,180,NULL,1,0,0,0,0,0,0,1),(1388,1,9,1,NULL,NULL,NULL,0,'Dirac',0,1,180,NULL,1,0,0,0,0,0,0,1),(1389,1,9,1,NULL,NULL,NULL,0,'Dirac',1,1,180,NULL,1,0,0,0,0,0,0,1),(1390,1,9,1,NULL,NULL,NULL,0,'Dirac',1,1,180,NULL,1,0,0,0,0,0,0,1),(1391,1,9,1,NULL,NULL,NULL,0,'Dirac',1,1,180,NULL,1,0,0,0,0,0,0,1),(1392,1,9,1,NULL,NULL,NULL,0,'Dirac',0,1,180,NULL,1,0,0,0,0,0,0,1),(1393,1,9,1,NULL,NULL,NULL,0,'Thor',0,1,315,NULL,1,0,0,0,0,0,0,1),(1394,1,9,1,NULL,NULL,NULL,0,'Thor',1,1,315,NULL,1,0,0,0,0,0,0,1),(1395,1,9,1,NULL,NULL,NULL,0,'Thor',0,1,315,NULL,1,0,0,0,0,0,0,1),(1396,1,9,1,NULL,NULL,NULL,0,'Thor',0,1,315,NULL,1,0,0,0,0,0,0,1),(1397,1,9,1,NULL,NULL,NULL,0,'Dirac',0,1,315,NULL,1,0,0,0,0,0,0,1),(1398,1,9,1,NULL,NULL,NULL,0,'Dirac',0,1,315,NULL,1,0,0,0,0,0,0,1),(1399,1,9,1,NULL,NULL,NULL,0,'Demosis',0,2,240,NULL,1,0,0,0,0,0,0,1),(1400,1,9,1,NULL,NULL,NULL,0,'Thor',0,2,240,NULL,1,0,0,0,0,0,0,1),(1401,1,9,1,NULL,NULL,NULL,0,'Thor',1,2,240,NULL,1,0,0,0,0,0,0,1),(1402,1,9,1,NULL,NULL,NULL,0,'Thor',1,2,240,NULL,1,0,0,0,0,0,0,1),(1403,1,9,1,NULL,NULL,NULL,0,'Thor',0,2,240,NULL,1,0,0,0,0,0,0,1),(1404,1,9,1,NULL,NULL,NULL,0,'Dirac',0,2,240,NULL,1,0,0,0,0,0,0,1),(1405,1,9,1,NULL,NULL,NULL,0,'Dirac',1,2,240,NULL,1,0,0,0,0,0,0,1),(1406,1,9,1,NULL,NULL,NULL,0,'Dirac',0,2,240,NULL,1,0,0,0,0,0,0,1),(1407,1,9,1,NULL,NULL,NULL,0,'Demosis',0,3,44,NULL,1,0,0,0,0,0,0,1),(1408,1,9,1,NULL,NULL,NULL,0,'Demosis',0,3,44,NULL,1,0,0,0,0,0,0,1),(1409,1,9,1,NULL,NULL,NULL,0,'Thor',0,3,44,NULL,1,0,0,0,0,0,0,1),(1410,1,9,1,NULL,NULL,NULL,0,'Thor',1,3,44,NULL,1,0,0,0,0,0,0,1),(1411,1,9,1,NULL,NULL,NULL,0,'Thor',1,3,44,NULL,1,0,0,0,0,0,0,1),(1412,1,9,1,NULL,NULL,NULL,0,'Thor',0,3,44,NULL,1,0,0,0,0,0,0,1),(1413,1,9,1,NULL,NULL,NULL,0,'Dirac',1,3,44,NULL,1,0,0,0,0,0,0,1),(1414,1,9,1,NULL,NULL,NULL,0,'Dirac',1,3,44,NULL,1,0,0,0,0,0,0,1),(1415,1,9,1,NULL,NULL,NULL,0,'Dirac',1,3,44,NULL,1,0,0,0,0,0,0,1),(1416,1,9,1,NULL,NULL,NULL,0,'Dirac',1,3,44,NULL,1,0,0,0,0,0,0,1),(1417,1,9,1,NULL,NULL,NULL,0,'Dirac',1,3,44,NULL,1,0,0,0,0,0,0,1),(1418,1,9,1,NULL,NULL,NULL,0,'Dirac',0,3,44,NULL,1,0,0,0,0,0,0,1),(1419,1,9,1,NULL,NULL,NULL,0,'Dirac',0,3,44,NULL,1,0,0,0,0,0,0,1),(1420,1,9,1,NULL,NULL,NULL,0,'Dirac',1,3,44,NULL,1,0,0,0,0,0,0,1),(1421,1,9,1,NULL,NULL,NULL,0,'Demosis',0,0,90,NULL,1,0,0,0,0,0,0,1),(1422,1,9,1,NULL,NULL,NULL,0,'Thor',0,0,90,NULL,1,0,0,0,0,0,0,1),(1423,1,9,1,NULL,NULL,NULL,0,'Thor',1,0,90,NULL,1,0,0,0,0,0,0,1),(1424,1,9,1,NULL,NULL,NULL,0,'Dirac',1,0,90,NULL,1,0,0,0,0,0,0,1),(1425,1,9,1,NULL,NULL,NULL,0,'Dirac',0,0,90,NULL,1,0,0,0,0,0,0,1),(1426,1,9,1,NULL,NULL,NULL,0,'Dirac',0,0,90,NULL,1,0,0,0,0,0,0,1),(1427,1,9,1,NULL,NULL,NULL,0,'Dirac',1,0,90,NULL,1,0,0,0,0,0,0,1),(1428,1,9,1,NULL,NULL,NULL,0,'Dirac',0,0,90,NULL,1,0,0,0,0,0,0,1),(1429,1,9,1,NULL,NULL,NULL,0,'Dirac',0,0,90,NULL,1,0,0,0,0,0,0,1),(1430,1,9,1,NULL,NULL,NULL,0,'Dirac',1,0,90,NULL,1,0,0,0,0,0,0,1),(1431,1,9,1,NULL,NULL,NULL,0,'Demosis',0,2,180,NULL,1,0,0,0,0,0,0,1),(1432,1,9,1,NULL,NULL,NULL,0,'Thor',1,2,180,NULL,1,0,0,0,0,0,0,1),(1433,1,9,1,NULL,NULL,NULL,0,'Thor',1,2,180,NULL,1,0,0,0,0,0,0,1),(1434,1,9,1,NULL,NULL,NULL,0,'Thor',1,2,180,NULL,1,0,0,0,0,0,0,1),(1435,1,9,1,NULL,NULL,NULL,0,'Thor',0,2,180,NULL,1,0,0,0,0,0,0,1),(1436,1,9,1,NULL,NULL,NULL,0,'Thor',0,2,180,NULL,1,0,0,0,0,0,0,1),(1437,1,9,1,NULL,NULL,NULL,0,'Dirac',1,2,180,NULL,1,0,0,0,0,0,0,1),(1438,1,9,1,NULL,NULL,NULL,0,'Dirac',0,2,180,NULL,1,0,0,0,0,0,0,1),(1439,1,9,1,NULL,NULL,NULL,0,'Dirac',1,2,180,NULL,1,0,0,0,0,0,0,1),(1440,1,9,1,NULL,NULL,NULL,0,'Dirac',1,2,180,NULL,1,0,0,0,0,0,0,1),(1441,1,9,1,NULL,NULL,NULL,0,'Dirac',1,2,180,NULL,1,0,0,0,0,0,0,1),(1442,1,9,1,NULL,NULL,NULL,0,'Dirac',1,2,180,NULL,1,0,0,0,0,0,0,1),(1443,1,9,1,NULL,NULL,NULL,0,'Dirac',1,2,180,NULL,1,0,0,0,0,0,0,1),(1444,1,9,1,NULL,NULL,NULL,0,'Demosis',0,1,135,NULL,1,0,0,0,0,0,0,1),(1445,1,9,1,NULL,NULL,NULL,0,'Thor',1,1,135,NULL,1,0,0,0,0,0,0,1),(1446,1,9,1,NULL,NULL,NULL,0,'Thor',1,1,135,NULL,1,0,0,0,0,0,0,1),(1447,1,9,1,NULL,NULL,NULL,0,'Thor',0,1,135,NULL,1,0,0,0,0,0,0,1),(1448,1,9,1,NULL,NULL,NULL,0,'Thor',0,1,135,NULL,1,0,0,0,0,0,0,1),(1449,1,9,1,NULL,NULL,NULL,0,'Thor',1,1,135,NULL,1,0,0,0,0,0,0,1),(1450,1,9,1,NULL,NULL,NULL,0,'Thor',0,1,135,NULL,1,0,0,0,0,0,0,1),(1451,1,9,1,NULL,NULL,NULL,0,'Dirac',1,1,135,NULL,1,0,0,0,0,0,0,1),(1452,1,9,1,NULL,NULL,NULL,0,'Dirac',1,1,135,NULL,1,0,0,0,0,0,0,1),(1453,1,9,1,NULL,NULL,NULL,0,'Dirac',0,1,135,NULL,1,0,0,0,0,0,0,1),(1454,1,9,1,NULL,NULL,NULL,0,'Dirac',0,1,135,NULL,1,0,0,0,0,0,0,1),(1455,1,9,1,NULL,NULL,NULL,0,'Dirac',0,1,135,NULL,1,0,0,0,0,0,0,1),(1456,1,9,1,NULL,NULL,NULL,0,'Dirac',1,1,135,NULL,1,0,0,0,0,0,0,1),(1457,1,9,1,NULL,NULL,NULL,0,'Thor',1,2,330,NULL,1,0,0,0,0,0,0,1),(1458,1,9,1,NULL,NULL,NULL,0,'Thor',1,2,330,NULL,1,0,0,0,0,0,0,1),(1459,1,9,1,NULL,NULL,NULL,0,'Thor',1,2,330,NULL,1,0,0,0,0,0,0,1),(1460,1,9,1,NULL,NULL,NULL,0,'Thor',1,2,330,NULL,1,0,0,0,0,0,0,1),(1461,1,9,1,NULL,NULL,NULL,0,'Dirac',1,2,330,NULL,1,0,0,0,0,0,0,1),(1462,1,9,1,NULL,NULL,NULL,0,'Dirac',1,2,330,NULL,1,0,0,0,0,0,0,1),(1463,1,9,1,NULL,NULL,NULL,0,'Dirac',1,2,330,NULL,1,0,0,0,0,0,0,1),(1464,1,9,1,NULL,NULL,NULL,0,'Dirac',1,2,330,NULL,1,0,0,0,0,0,0,1),(1465,1,9,1,NULL,NULL,NULL,0,'Demosis',0,3,336,NULL,1,0,0,0,0,0,0,1),(1466,1,9,1,NULL,NULL,NULL,0,'Demosis',0,3,336,NULL,1,0,0,0,0,0,0,1),(1467,1,9,1,NULL,NULL,NULL,0,'Thor',0,3,336,NULL,1,0,0,0,0,0,0,1),(1468,1,9,1,NULL,NULL,NULL,0,'Thor',1,3,336,NULL,1,0,0,0,0,0,0,1),(1469,1,9,1,NULL,NULL,NULL,0,'Thor',0,3,336,NULL,1,0,0,0,0,0,0,1),(1470,1,9,1,NULL,NULL,NULL,0,'Thor',1,3,336,NULL,1,0,0,0,0,0,0,1),(1471,1,9,1,NULL,NULL,NULL,0,'Thor',0,3,336,NULL,1,0,0,0,0,0,0,1),(1472,1,9,1,NULL,NULL,NULL,0,'Dirac',0,3,336,NULL,1,0,0,0,0,0,0,1),(1473,1,9,1,NULL,NULL,NULL,0,'Dirac',0,3,336,NULL,1,0,0,0,0,0,0,1),(1474,1,9,1,NULL,NULL,NULL,0,'Dirac',1,3,336,NULL,1,0,0,0,0,0,0,1),(1475,1,9,1,NULL,NULL,NULL,0,'Dirac',0,3,336,NULL,1,0,0,0,0,0,0,1),(1476,1,9,1,NULL,NULL,NULL,0,'Dirac',0,3,336,NULL,1,0,0,0,0,0,0,1),(1477,1,9,1,NULL,NULL,NULL,0,'Dirac',0,3,336,NULL,1,0,0,0,0,0,0,1),(1478,1,9,1,NULL,NULL,NULL,0,'Dirac',1,3,336,NULL,1,0,0,0,0,0,0,1),(1479,1,9,1,NULL,NULL,NULL,0,'Dirac',0,3,336,NULL,1,0,0,0,0,0,0,1),(1480,1,54,2,NULL,NULL,NULL,0,'Gnawer',0,NULL,NULL,NULL,1,0,0,0,0,0,0,1),(1481,1,54,2,NULL,NULL,NULL,0,'Gnawer',0,NULL,NULL,NULL,1,0,0,0,0,0,0,1),(1482,1,54,2,NULL,NULL,NULL,0,'Gnawer',1,NULL,NULL,NULL,1,0,0,0,0,0,0,1),(1483,1,54,2,NULL,NULL,NULL,0,'Spudder',1,NULL,NULL,NULL,1,0,0,0,0,0,0,1),(1484,1,54,2,NULL,NULL,NULL,0,'Spudder',0,NULL,NULL,NULL,1,0,0,0,0,0,0,1),(1485,1,54,2,NULL,NULL,NULL,0,'Spudder',1,NULL,NULL,NULL,1,0,0,0,0,0,0,1),(1486,1,54,2,NULL,NULL,NULL,0,'Glancer',1,NULL,NULL,NULL,1,0,0,0,0,0,0,1),(1487,1,54,2,NULL,NULL,NULL,0,'Glancer',1,NULL,NULL,NULL,1,0,0,0,0,0,0,1),(1488,1,54,2,NULL,NULL,NULL,0,'Glancer',1,NULL,NULL,NULL,1,0,0,0,0,0,0,1),(1489,1,54,2,NULL,NULL,NULL,0,'Glancer',1,NULL,NULL,NULL,1,0,0,0,0,0,0,1),(1490,1,54,2,NULL,NULL,NULL,0,'Gnat',0,NULL,NULL,NULL,1,0,0,0,0,0,0,1),(1491,1,54,2,NULL,NULL,NULL,0,'Gnat',0,NULL,NULL,NULL,1,0,0,0,0,0,0,1),(1492,1,54,2,NULL,NULL,NULL,0,'Gnat',0,NULL,NULL,NULL,1,0,0,0,0,0,0,1),(1493,1,54,2,NULL,NULL,NULL,0,'Gnat',0,NULL,NULL,NULL,1,0,0,0,0,0,0,1),(1494,1,54,2,NULL,NULL,NULL,0,'Gnat',1,NULL,NULL,NULL,1,0,0,0,0,0,0,1),(1495,1,54,2,NULL,NULL,NULL,0,'Gnat',0,NULL,NULL,NULL,1,0,0,0,0,0,0,1),(1496,1,54,2,NULL,NULL,NULL,0,'Gnat',1,NULL,NULL,NULL,1,0,0,0,0,0,0,1),(1497,1,54,2,NULL,NULL,NULL,0,'Gnat',1,NULL,NULL,NULL,1,0,0,0,0,0,0,1),(1498,1,9,1,NULL,NULL,NULL,0,'Demosis',0,0,270,NULL,1,0,0,0,0,0,0,1),(1499,1,9,1,NULL,NULL,NULL,0,'Thor',1,0,270,NULL,1,0,0,0,0,0,0,1),(1500,1,9,1,NULL,NULL,NULL,0,'Thor',0,0,270,NULL,1,0,0,0,0,0,0,1),(1501,1,9,1,NULL,NULL,NULL,0,'Thor',1,0,270,NULL,1,0,0,0,0,0,0,1),(1502,1,9,1,NULL,NULL,NULL,0,'Dirac',0,0,270,NULL,1,0,0,0,0,0,0,1),(1503,1,9,1,NULL,NULL,NULL,0,'Dirac',1,0,270,NULL,1,0,0,0,0,0,0,1),(1504,1,9,1,NULL,NULL,NULL,0,'Dirac',0,0,270,NULL,1,0,0,0,0,0,0,1),(1505,1,9,1,NULL,NULL,NULL,0,'Dirac',1,0,270,NULL,1,0,0,0,0,0,0,1),(1506,1,9,1,NULL,NULL,NULL,0,'Dirac',0,0,270,NULL,1,0,0,0,0,0,0,1),(1507,1,129,4,NULL,NULL,NULL,0,'Glancer',1,NULL,NULL,NULL,1,0,0,0,0,0,0,1),(1508,1,129,4,NULL,NULL,NULL,0,'Glancer',1,NULL,NULL,NULL,1,0,0,0,0,0,0,1),(1509,1,129,4,NULL,NULL,NULL,0,'Gnat',0,NULL,NULL,NULL,1,0,0,0,0,0,0,1),(1510,1,129,4,NULL,NULL,NULL,0,'Gnat',0,NULL,NULL,NULL,1,0,0,0,0,0,0,1),(1511,1,129,4,NULL,NULL,NULL,0,'Gnat',1,NULL,NULL,NULL,1,0,0,0,0,0,0,1),(1512,1,129,4,NULL,NULL,NULL,0,'Gnat',0,NULL,NULL,NULL,1,0,0,0,0,0,0,1),(1513,1,130,4,NULL,NULL,NULL,0,'Glancer',1,NULL,NULL,NULL,1,0,0,0,0,0,0,1),(1514,1,130,4,NULL,NULL,NULL,0,'Gnat',0,NULL,NULL,NULL,1,0,0,0,0,0,0,1),(1515,1,130,4,NULL,NULL,NULL,0,'Gnat',0,NULL,NULL,NULL,1,0,0,0,0,0,0,1),(1516,1,130,4,NULL,NULL,NULL,0,'Gnat',1,NULL,NULL,NULL,1,0,0,0,0,0,0,1),(1517,1,130,4,NULL,NULL,NULL,0,'Gnat',0,NULL,NULL,NULL,1,0,0,0,0,0,0,1),(1518,1,130,4,NULL,NULL,NULL,0,'Gnat',1,NULL,NULL,NULL,1,0,0,0,0,0,0,1),(1519,1,131,4,NULL,NULL,NULL,0,'Glancer',1,NULL,NULL,NULL,1,0,0,0,0,0,0,1),(1520,1,131,4,NULL,NULL,NULL,0,'Gnat',0,NULL,NULL,NULL,1,0,0,0,0,0,0,1),(1521,1,131,4,NULL,NULL,NULL,0,'Gnat',0,NULL,NULL,NULL,1,0,0,0,0,0,0,1),(1522,1,131,4,NULL,NULL,NULL,0,'Gnat',1,NULL,NULL,NULL,1,0,0,0,0,0,0,1),(1523,1,131,4,NULL,NULL,NULL,0,'Gnat',0,NULL,NULL,NULL,1,0,0,0,0,0,0,1),(1524,1,131,4,NULL,NULL,NULL,0,'Gnat',1,NULL,NULL,NULL,1,0,0,0,0,0,0,1),(1525,1,132,4,NULL,NULL,NULL,0,'Gnat',0,NULL,NULL,NULL,1,0,0,0,0,0,0,1),(1526,1,132,4,NULL,NULL,NULL,0,'Gnat',0,NULL,NULL,NULL,1,0,0,0,0,0,0,1),(1527,1,132,4,NULL,NULL,NULL,0,'Gnat',1,NULL,NULL,NULL,1,0,0,0,0,0,0,1),(1528,1,132,4,NULL,NULL,NULL,0,'Gnat',0,NULL,NULL,NULL,1,0,0,0,0,0,0,1),(1529,1,132,4,NULL,NULL,NULL,0,'Gnat',0,NULL,NULL,NULL,1,0,0,0,0,0,0,1),(1530,1,133,4,NULL,NULL,NULL,0,'Glancer',1,NULL,NULL,NULL,1,0,0,0,0,0,0,1),(1531,1,133,4,NULL,NULL,NULL,0,'Glancer',1,NULL,NULL,NULL,1,0,0,0,0,0,0,1),(1532,1,133,4,NULL,NULL,NULL,0,'Glancer',1,NULL,NULL,NULL,1,0,0,0,0,0,0,1),(1533,1,133,4,NULL,NULL,NULL,0,'Gnat',0,NULL,NULL,NULL,1,0,0,0,0,0,0,1),(1534,1,133,4,NULL,NULL,NULL,0,'Gnat',0,NULL,NULL,NULL,1,0,0,0,0,0,0,1),(1535,1,133,4,NULL,NULL,NULL,0,'Gnat',1,NULL,NULL,NULL,1,0,0,0,0,0,0,1),(1536,1,133,4,NULL,NULL,NULL,0,'Gnat',0,NULL,NULL,NULL,1,0,0,0,0,0,0,1),(1537,1,133,4,NULL,NULL,NULL,0,'Gnat',0,NULL,NULL,NULL,1,0,0,0,0,0,0,1),(1538,1,134,4,NULL,NULL,NULL,0,'Spudder',0,NULL,NULL,NULL,1,0,0,0,0,0,0,1),(1539,1,134,4,NULL,NULL,NULL,0,'Glancer',1,NULL,NULL,NULL,1,0,0,0,0,0,0,1),(1540,1,134,4,NULL,NULL,NULL,0,'Gnat',0,NULL,NULL,NULL,1,0,0,0,0,0,0,1),(1541,1,134,4,NULL,NULL,NULL,0,'Gnat',0,NULL,NULL,NULL,1,0,0,0,0,0,0,1),(1542,1,134,4,NULL,NULL,NULL,0,'Glancer',1,NULL,NULL,NULL,1,0,0,0,0,0,0,1),(1543,1,134,4,NULL,NULL,NULL,0,'Glancer',1,NULL,NULL,NULL,1,0,0,0,0,0,0,1),(1544,1,134,4,NULL,NULL,NULL,0,'Glancer',1,NULL,NULL,NULL,1,0,0,0,0,0,0,1),(1545,1,134,4,NULL,NULL,NULL,0,'Gnat',0,NULL,NULL,NULL,1,0,0,0,0,0,0,1),(1546,1,134,4,NULL,NULL,NULL,0,'Gnat',0,NULL,NULL,NULL,1,0,0,0,0,0,0,1),(1547,1,134,4,NULL,NULL,NULL,0,'Gnat',1,NULL,NULL,NULL,1,0,0,0,0,0,0,1),(1548,1,134,4,NULL,NULL,NULL,0,'Gnat',1,NULL,NULL,NULL,1,0,0,0,0,0,0,1),(1549,1,135,4,NULL,NULL,NULL,0,'Spudder',0,NULL,NULL,NULL,1,0,0,0,0,0,0,1),(1550,1,135,4,NULL,NULL,NULL,0,'Glancer',1,NULL,NULL,NULL,1,0,0,0,0,0,0,1),(1551,1,135,4,NULL,NULL,NULL,0,'Gnat',1,NULL,NULL,NULL,1,0,0,0,0,0,0,1),(1552,1,135,4,NULL,NULL,NULL,0,'Gnat',0,NULL,NULL,NULL,1,0,0,0,0,0,0,1),(1553,1,135,4,NULL,NULL,NULL,0,'Gnat',0,NULL,NULL,NULL,1,0,0,0,0,0,0,1),(1554,1,135,4,NULL,NULL,NULL,0,'Glancer',1,NULL,NULL,NULL,1,0,0,0,0,0,0,1),(1555,1,135,4,NULL,NULL,NULL,0,'Glancer',1,NULL,NULL,NULL,1,0,0,0,0,0,0,1),(1556,1,135,4,NULL,NULL,NULL,0,'Glancer',1,NULL,NULL,NULL,1,0,0,0,0,0,0,1),(1557,1,135,4,NULL,NULL,NULL,0,'Gnat',0,NULL,NULL,NULL,1,0,0,0,0,0,0,1),(1558,1,135,4,NULL,NULL,NULL,0,'Gnat',0,NULL,NULL,NULL,1,0,0,0,0,0,0,1),(1559,1,135,4,NULL,NULL,NULL,0,'Gnat',1,NULL,NULL,NULL,1,0,0,0,0,0,0,1),(1560,1,135,4,NULL,NULL,NULL,0,'Gnat',0,NULL,NULL,NULL,1,0,0,0,0,0,0,1),(1561,1,136,4,NULL,NULL,NULL,0,'Gnawer',0,NULL,NULL,NULL,1,0,0,0,0,0,0,1),(1562,1,136,4,NULL,NULL,NULL,0,'Gnawer',0,NULL,NULL,NULL,1,0,0,0,0,0,0,1),(1563,1,136,4,NULL,NULL,NULL,0,'Gnawer',0,NULL,NULL,NULL,1,0,0,0,0,0,0,1),(1564,1,136,4,NULL,NULL,NULL,0,'Spudder',1,NULL,NULL,NULL,1,0,0,0,0,0,0,1),(1565,1,136,4,NULL,NULL,NULL,0,'Spudder',0,NULL,NULL,NULL,1,0,0,0,0,0,0,1),(1566,1,136,4,NULL,NULL,NULL,0,'Spudder',0,NULL,NULL,NULL,1,0,0,0,0,0,0,1),(1567,1,136,4,NULL,NULL,NULL,0,'Glancer',1,NULL,NULL,NULL,1,0,0,0,0,0,0,1),(1568,1,136,4,NULL,NULL,NULL,0,'Gnat',1,NULL,NULL,NULL,1,0,0,0,0,0,0,1),(1569,1,136,4,NULL,NULL,NULL,0,'Gnat',0,NULL,NULL,NULL,1,0,0,0,0,0,0,1),(1570,1,136,4,NULL,NULL,NULL,0,'Glancer',1,NULL,NULL,NULL,1,0,0,0,0,0,0,1),(1571,1,136,4,NULL,NULL,NULL,0,'Glancer',1,NULL,NULL,NULL,1,0,0,0,0,0,0,1),(1572,1,136,4,NULL,NULL,NULL,0,'Glancer',1,NULL,NULL,NULL,1,0,0,0,0,0,0,1),(1573,1,136,4,NULL,NULL,NULL,0,'Glancer',1,NULL,NULL,NULL,1,0,0,0,0,0,0,1),(1574,1,136,4,NULL,NULL,NULL,0,'Gnat',0,NULL,NULL,NULL,1,0,0,0,0,0,0,1),(1575,1,136,4,NULL,NULL,NULL,0,'Gnat',0,NULL,NULL,NULL,1,0,0,0,0,0,0,1),(1576,1,136,4,NULL,NULL,NULL,0,'Gnat',1,NULL,NULL,NULL,1,0,0,0,0,0,0,1),(1577,1,136,4,NULL,NULL,NULL,0,'Gnat',0,NULL,NULL,NULL,1,0,0,0,0,0,0,1),(1578,1,136,4,NULL,NULL,NULL,0,'Gnat',1,NULL,NULL,NULL,1,0,0,0,0,0,0,1),(1579,1,136,4,NULL,NULL,NULL,0,'Gnat',1,NULL,NULL,NULL,1,0,0,0,0,0,0,1),(1580,1,137,4,NULL,NULL,NULL,0,'Gnawer',0,NULL,NULL,NULL,1,0,0,0,0,0,0,1),(1581,1,137,4,NULL,NULL,NULL,0,'Spudder',0,NULL,NULL,NULL,1,0,0,0,0,0,0,1),(1582,1,137,4,NULL,NULL,NULL,0,'Spudder',0,NULL,NULL,NULL,1,0,0,0,0,0,0,1),(1583,1,137,4,NULL,NULL,NULL,0,'Spudder',0,NULL,NULL,NULL,1,0,0,0,0,0,0,1),(1584,1,137,4,NULL,NULL,NULL,0,'Glancer',1,NULL,NULL,NULL,1,0,0,0,0,0,0,1),(1585,1,137,4,NULL,NULL,NULL,0,'Gnat',1,NULL,NULL,NULL,1,0,0,0,0,0,0,1),(1586,1,137,4,NULL,NULL,NULL,0,'Gnat',0,NULL,NULL,NULL,1,0,0,0,0,0,0,1),(1587,1,137,4,NULL,NULL,NULL,0,'Glancer',1,NULL,NULL,NULL,1,0,0,0,0,0,0,1),(1588,1,137,4,NULL,NULL,NULL,0,'Glancer',1,NULL,NULL,NULL,1,0,0,0,0,0,0,1),(1589,1,137,4,NULL,NULL,NULL,0,'Glancer',1,NULL,NULL,NULL,1,0,0,0,0,0,0,1),(1590,1,137,4,NULL,NULL,NULL,0,'Glancer',1,NULL,NULL,NULL,1,0,0,0,0,0,0,1),(1591,1,137,4,NULL,NULL,NULL,0,'Gnat',0,NULL,NULL,NULL,1,0,0,0,0,0,0,1),(1592,1,137,4,NULL,NULL,NULL,0,'Gnat',0,NULL,NULL,NULL,1,0,0,0,0,0,0,1),(1593,1,137,4,NULL,NULL,NULL,0,'Gnat',1,NULL,NULL,NULL,1,0,0,0,0,0,0,1),(1594,1,137,4,NULL,NULL,NULL,0,'Gnat',0,NULL,NULL,NULL,1,0,0,0,0,0,0,1),(1595,1,138,4,NULL,NULL,NULL,0,'Gnawer',0,NULL,NULL,NULL,1,0,0,0,0,0,0,1),(1596,1,138,4,NULL,NULL,NULL,0,'Gnawer',0,NULL,NULL,NULL,1,0,0,0,0,0,0,1),(1597,1,138,4,NULL,NULL,NULL,0,'Spudder',0,NULL,NULL,NULL,1,0,0,0,0,0,0,1),(1598,1,138,4,NULL,NULL,NULL,0,'Spudder',1,NULL,NULL,NULL,1,0,0,0,0,0,0,1),(1599,1,138,4,NULL,NULL,NULL,0,'Gnawer',0,NULL,NULL,NULL,1,0,0,0,0,0,0,1),(1600,1,138,4,NULL,NULL,NULL,0,'Spudder',0,NULL,NULL,NULL,1,0,0,0,0,0,0,1),(1601,1,138,4,NULL,NULL,NULL,0,'Glancer',1,NULL,NULL,NULL,1,0,0,0,0,0,0,1),(1602,1,138,4,NULL,NULL,NULL,0,'Gnat',0,NULL,NULL,NULL,1,0,0,0,0,0,0,1),(1603,1,138,4,NULL,NULL,NULL,0,'Gnat',1,NULL,NULL,NULL,1,0,0,0,0,0,0,1),(1604,1,138,4,NULL,NULL,NULL,0,'Gnat',0,NULL,NULL,NULL,1,0,0,0,0,0,0,1),(1605,1,138,4,NULL,NULL,NULL,0,'Gnat',0,NULL,NULL,NULL,1,0,0,0,0,0,0,1),(1606,1,138,4,NULL,NULL,NULL,0,'Glancer',1,NULL,NULL,NULL,1,0,0,0,0,0,0,1),(1607,1,138,4,NULL,NULL,NULL,0,'Glancer',1,NULL,NULL,NULL,1,0,0,0,0,0,0,1),(1608,1,138,4,NULL,NULL,NULL,0,'Glancer',1,NULL,NULL,NULL,1,0,0,0,0,0,0,1),(1609,1,138,4,NULL,NULL,NULL,0,'Glancer',1,NULL,NULL,NULL,1,0,0,0,0,0,0,1),(1610,1,138,4,NULL,NULL,NULL,0,'Gnat',0,NULL,NULL,NULL,1,0,0,0,0,0,0,1),(1611,1,138,4,NULL,NULL,NULL,0,'Gnat',0,NULL,NULL,NULL,1,0,0,0,0,0,0,1),(1612,1,138,4,NULL,NULL,NULL,0,'Gnat',1,NULL,NULL,NULL,1,0,0,0,0,0,0,1),(1613,1,138,4,NULL,NULL,NULL,0,'Gnat',0,NULL,NULL,NULL,1,0,0,0,0,0,0,1),(1614,1,138,4,NULL,NULL,NULL,0,'Gnat',0,NULL,NULL,NULL,1,0,0,0,0,0,0,1),(1615,1,138,4,NULL,NULL,NULL,0,'Gnat',0,NULL,NULL,NULL,1,0,0,0,0,0,0,1),(1616,1,139,4,NULL,NULL,NULL,0,'Glancer',1,NULL,NULL,NULL,1,0,0,0,0,0,0,1),(1617,1,139,4,NULL,NULL,NULL,0,'Gnat',0,NULL,NULL,NULL,1,0,0,0,0,0,0,1),(1618,1,139,4,NULL,NULL,NULL,0,'Gnat',1,NULL,NULL,NULL,1,0,0,0,0,0,0,1),(1619,1,139,4,NULL,NULL,NULL,0,'Gnat',0,NULL,NULL,NULL,1,0,0,0,0,0,0,1),(1620,1,139,4,NULL,NULL,NULL,0,'Gnat',0,NULL,NULL,NULL,1,0,0,0,0,0,0,1),(1621,1,139,4,NULL,NULL,NULL,0,'Glancer',1,NULL,NULL,NULL,1,0,0,0,0,0,0,1),(1622,1,139,4,NULL,NULL,NULL,0,'Glancer',1,NULL,NULL,NULL,1,0,0,0,0,0,0,1),(1623,1,139,4,NULL,NULL,NULL,0,'Glancer',1,NULL,NULL,NULL,1,0,0,0,0,0,0,1),(1624,1,139,4,NULL,NULL,NULL,0,'Glancer',1,NULL,NULL,NULL,1,0,0,0,0,0,0,1),(1625,1,139,4,NULL,NULL,NULL,0,'Gnat',0,NULL,NULL,NULL,1,0,0,0,0,0,0,1),(1626,1,139,4,NULL,NULL,NULL,0,'Gnat',0,NULL,NULL,NULL,1,0,0,0,0,0,0,1),(1627,1,139,4,NULL,NULL,NULL,0,'Gnat',1,NULL,NULL,NULL,1,0,0,0,0,0,0,1),(1628,1,139,4,NULL,NULL,NULL,0,'Gnat',0,NULL,NULL,NULL,1,0,0,0,0,0,0,1),(1629,1,139,4,NULL,NULL,NULL,0,'Gnat',0,NULL,NULL,NULL,1,0,0,0,0,0,0,1),(1630,1,139,4,NULL,NULL,NULL,0,'Gnat',0,NULL,NULL,NULL,1,0,0,0,0,0,0,1),(1631,1,140,4,NULL,NULL,NULL,0,'Gnat',0,NULL,NULL,NULL,1,0,0,0,0,0,0,1),(1632,1,140,4,NULL,NULL,NULL,0,'Gnat',0,NULL,NULL,NULL,1,0,0,0,0,0,0,1),(1633,1,140,4,NULL,NULL,NULL,0,'Gnat',1,NULL,NULL,NULL,1,0,0,0,0,0,0,1),(1634,1,140,4,NULL,NULL,NULL,0,'Gnat',0,NULL,NULL,NULL,1,0,0,0,0,0,0,1),(1635,1,140,4,NULL,NULL,NULL,0,'Gnat',1,NULL,NULL,NULL,1,0,0,0,0,0,0,1),(1636,1,140,4,NULL,NULL,NULL,0,'Gnat',0,NULL,NULL,NULL,1,0,0,0,0,0,0,1),(1637,1,141,4,NULL,NULL,NULL,0,'Gnat',0,NULL,NULL,NULL,1,0,0,0,0,0,0,1),(1638,1,141,4,NULL,NULL,NULL,0,'Gnat',0,NULL,NULL,NULL,1,0,0,0,0,0,0,1),(1639,1,141,4,NULL,NULL,NULL,0,'Gnat',1,NULL,NULL,NULL,1,0,0,0,0,0,0,1),(1640,1,141,4,NULL,NULL,NULL,0,'Gnat',0,NULL,NULL,NULL,1,0,0,0,0,0,0,1),(1641,1,141,4,NULL,NULL,NULL,0,'Gnat',1,NULL,NULL,NULL,1,0,0,0,0,0,0,1),(1642,1,142,4,NULL,NULL,NULL,0,'Gnat',0,NULL,NULL,NULL,1,0,0,0,0,0,0,1),(1643,1,142,4,NULL,NULL,NULL,0,'Gnat',0,NULL,NULL,NULL,1,0,0,0,0,0,0,1),(1644,1,142,4,NULL,NULL,NULL,0,'Gnat',1,NULL,NULL,NULL,1,0,0,0,0,0,0,1),(1645,1,142,4,NULL,NULL,NULL,0,'Gnat',0,NULL,NULL,NULL,1,0,0,0,0,0,0,1),(1646,1,142,4,NULL,NULL,NULL,0,'Gnat',0,NULL,NULL,NULL,1,0,0,0,0,0,0,1),(1647,1,142,4,NULL,NULL,NULL,0,'Gnat',1,NULL,NULL,NULL,1,0,0,0,0,0,0,1),(1648,1,142,4,NULL,NULL,NULL,0,'Gnat',0,NULL,NULL,NULL,1,0,0,0,0,0,0,1),(1649,1,143,4,NULL,NULL,NULL,0,'Gnat',0,NULL,NULL,NULL,1,0,0,0,0,0,0,1),(1650,1,143,4,NULL,NULL,NULL,0,'Gnat',0,NULL,NULL,NULL,1,0,0,0,0,0,0,1),(1651,1,143,4,NULL,NULL,NULL,0,'Gnat',1,NULL,NULL,NULL,1,0,0,0,0,0,0,1),(1652,1,143,4,NULL,NULL,NULL,0,'Gnat',0,NULL,NULL,NULL,1,0,0,0,0,0,0,1),(1653,1,143,4,NULL,NULL,NULL,0,'Gnat',1,NULL,NULL,NULL,1,0,0,0,0,0,0,1),(1654,1,143,4,NULL,NULL,NULL,0,'Gnat',1,NULL,NULL,NULL,1,0,0,0,0,0,0,1),(1655,1,9,1,NULL,NULL,NULL,0,'Demosis',0,2,0,NULL,1,0,0,0,0,0,0,1),(1656,1,9,1,NULL,NULL,NULL,0,'Thor',1,2,0,NULL,1,0,0,0,0,0,0,1),(1657,1,9,1,NULL,NULL,NULL,0,'Thor',0,2,0,NULL,1,0,0,0,0,0,0,1),(1658,1,9,1,NULL,NULL,NULL,0,'Thor',0,2,0,NULL,1,0,0,0,0,0,0,1),(1659,1,9,1,NULL,NULL,NULL,0,'Thor',1,2,0,NULL,1,0,0,0,0,0,0,1),(1660,1,9,1,NULL,NULL,NULL,0,'Dirac',0,2,0,NULL,1,0,0,0,0,0,0,1),(1661,1,9,1,NULL,NULL,NULL,0,'Dirac',0,2,0,NULL,1,0,0,0,0,0,0,1),(1662,1,9,1,NULL,NULL,NULL,0,'Dirac',1,2,0,NULL,1,0,0,0,0,0,0,1),(1663,1,9,1,NULL,NULL,NULL,0,'Dirac',0,2,0,NULL,1,0,0,0,0,0,0,1),(1664,1,9,1,NULL,NULL,NULL,0,'Dirac',1,2,0,NULL,1,0,0,0,0,0,0,1),(1665,1,9,1,NULL,NULL,NULL,0,'Dirac',1,2,0,NULL,1,0,0,0,0,0,0,1),(1666,1,9,1,NULL,NULL,NULL,0,'Demosis',0,0,180,NULL,1,0,0,0,0,0,0,1),(1667,1,9,1,NULL,NULL,NULL,0,'Thor',0,0,180,NULL,1,0,0,0,0,0,0,1),(1668,1,9,1,NULL,NULL,NULL,0,'Thor',0,0,180,NULL,1,0,0,0,0,0,0,1),(1669,1,9,1,NULL,NULL,NULL,0,'Thor',1,0,180,NULL,1,0,0,0,0,0,0,1),(1670,1,9,1,NULL,NULL,NULL,0,'Dirac',1,0,180,NULL,1,0,0,0,0,0,0,1),(1671,1,9,1,NULL,NULL,NULL,0,'Dirac',0,0,180,NULL,1,0,0,0,0,0,0,1),(1672,1,9,1,NULL,NULL,NULL,0,'Dirac',1,0,180,NULL,1,0,0,0,0,0,0,1),(1673,1,9,1,NULL,NULL,NULL,0,'Dirac',0,0,180,NULL,1,0,0,0,0,0,0,1),(1674,1,9,1,NULL,NULL,NULL,0,'Demosis',0,2,300,NULL,1,0,0,0,0,0,0,1),(1675,1,9,1,NULL,NULL,NULL,0,'Thor',1,2,300,NULL,1,0,0,0,0,0,0,1),(1676,1,9,1,NULL,NULL,NULL,0,'Dirac',0,2,300,NULL,1,0,0,0,0,0,0,1),(1677,1,9,1,NULL,NULL,NULL,0,'Dirac',1,2,300,NULL,1,0,0,0,0,0,0,1),(1678,1,9,1,NULL,NULL,NULL,0,'Dirac',1,2,300,NULL,1,0,0,0,0,0,0,1),(1679,1,9,1,NULL,NULL,NULL,0,'Dirac',1,2,300,NULL,1,0,0,0,0,0,0,1),(1680,1,9,1,NULL,NULL,NULL,0,'Dirac',0,2,300,NULL,1,0,0,0,0,0,0,1),(1681,1,9,1,NULL,NULL,NULL,0,'Dirac',1,2,300,NULL,1,0,0,0,0,0,0,1),(1682,1,9,1,NULL,NULL,NULL,0,'Dirac',1,2,300,NULL,1,0,0,0,0,0,0,1),(1683,1,9,1,NULL,NULL,NULL,0,'Dirac',1,2,300,NULL,1,0,0,0,0,0,0,1),(1684,1,9,1,NULL,NULL,NULL,0,'Thor',0,0,0,NULL,1,0,0,0,0,0,0,1),(1685,1,9,1,NULL,NULL,NULL,0,'Thor',1,0,0,NULL,1,0,0,0,0,0,0,1),(1686,1,9,1,NULL,NULL,NULL,0,'Thor',1,0,0,NULL,1,0,0,0,0,0,0,1),(1687,1,9,1,NULL,NULL,NULL,0,'Dirac',0,0,0,NULL,1,0,0,0,0,0,0,1),(1688,1,9,1,NULL,NULL,NULL,0,'Dirac',1,0,0,NULL,1,0,0,0,0,0,0,1),(1689,1,9,1,NULL,NULL,NULL,0,'Dirac',0,0,0,NULL,1,0,0,0,0,0,0,1),(1690,1,10,1,NULL,NULL,NULL,0,'Demosis',0,1,225,NULL,1,0,0,0,0,0,0,1),(1691,1,10,1,NULL,NULL,NULL,0,'Thor',1,1,225,NULL,1,0,0,0,0,0,0,1),(1692,1,10,1,NULL,NULL,NULL,0,'Thor',0,1,225,NULL,1,0,0,0,0,0,0,1),(1693,1,10,1,NULL,NULL,NULL,0,'Dirac',1,1,225,NULL,1,0,0,0,0,0,0,1),(1694,1,10,1,NULL,NULL,NULL,0,'Dirac',1,1,225,NULL,1,0,0,0,0,0,0,1),(1695,1,10,1,NULL,NULL,NULL,0,'Dirac',1,1,225,NULL,1,0,0,0,0,0,0,1),(1696,1,10,1,NULL,NULL,NULL,0,'Dirac',0,1,225,NULL,1,0,0,0,0,0,0,1),(1697,1,10,1,NULL,NULL,NULL,0,'Dirac',0,1,225,NULL,1,0,0,0,0,0,0,1),(1698,1,10,1,NULL,NULL,NULL,0,'Demosis',0,2,120,NULL,1,0,0,0,0,0,0,1),(1699,1,10,1,NULL,NULL,NULL,0,'Demosis',0,2,120,NULL,1,0,0,0,0,0,0,1),(1700,1,10,1,NULL,NULL,NULL,0,'Thor',0,2,120,NULL,1,0,0,0,0,0,0,1),(1701,1,10,1,NULL,NULL,NULL,0,'Thor',0,2,120,NULL,1,0,0,0,0,0,0,1),(1702,1,10,1,NULL,NULL,NULL,0,'Thor',0,2,120,NULL,1,0,0,0,0,0,0,1),(1703,1,10,1,NULL,NULL,NULL,0,'Dirac',1,2,120,NULL,1,0,0,0,0,0,0,1),(1704,1,10,1,NULL,NULL,NULL,0,'Dirac',1,2,120,NULL,1,0,0,0,0,0,0,1),(1705,1,10,1,NULL,NULL,NULL,0,'Dirac',0,2,120,NULL,1,0,0,0,0,0,0,1),(1706,1,10,1,NULL,NULL,NULL,0,'Dirac',1,2,120,NULL,1,0,0,0,0,0,0,1),(1707,1,10,1,NULL,NULL,NULL,0,'Demosis',0,3,246,NULL,1,0,0,0,0,0,0,1),(1708,1,10,1,NULL,NULL,NULL,0,'Thor',1,3,246,NULL,1,0,0,0,0,0,0,1),(1709,1,10,1,NULL,NULL,NULL,0,'Thor',0,3,246,NULL,1,0,0,0,0,0,0,1),(1710,1,10,1,NULL,NULL,NULL,0,'Thor',0,3,246,NULL,1,0,0,0,0,0,0,1),(1711,1,10,1,NULL,NULL,NULL,0,'Thor',0,3,246,NULL,1,0,0,0,0,0,0,1),(1712,1,10,1,NULL,NULL,NULL,0,'Thor',0,3,246,NULL,1,0,0,0,0,0,0,1),(1713,1,10,1,NULL,NULL,NULL,0,'Thor',0,3,246,NULL,1,0,0,0,0,0,0,1),(1714,1,10,1,NULL,NULL,NULL,0,'Dirac',0,3,246,NULL,1,0,0,0,0,0,0,1),(1715,1,10,1,NULL,NULL,NULL,0,'Dirac',0,3,246,NULL,1,0,0,0,0,0,0,1),(1716,1,10,1,NULL,NULL,NULL,0,'Dirac',0,3,246,NULL,1,0,0,0,0,0,0,1),(1717,1,10,1,NULL,NULL,NULL,0,'Dirac',1,3,246,NULL,1,0,0,0,0,0,0,1),(1718,1,10,1,NULL,NULL,NULL,0,'Dirac',1,3,246,NULL,1,0,0,0,0,0,0,1),(1719,1,10,1,NULL,NULL,NULL,0,'Dirac',0,3,246,NULL,1,0,0,0,0,0,0,1),(1720,1,10,1,NULL,NULL,NULL,0,'Dirac',0,3,246,NULL,1,0,0,0,0,0,0,1),(1721,1,10,1,NULL,NULL,NULL,0,'Dirac',1,3,246,NULL,1,0,0,0,0,0,0,1),(1722,1,10,1,NULL,NULL,NULL,0,'Thor',0,2,240,NULL,1,0,0,0,0,0,0,1),(1723,1,10,1,NULL,NULL,NULL,0,'Thor',1,2,240,NULL,1,0,0,0,0,0,0,1),(1724,1,10,1,NULL,NULL,NULL,0,'Dirac',0,2,240,NULL,1,0,0,0,0,0,0,1),(1725,1,10,1,NULL,NULL,NULL,0,'Dirac',0,2,240,NULL,1,0,0,0,0,0,0,1),(1726,1,10,1,NULL,NULL,NULL,0,'Dirac',1,2,240,NULL,1,0,0,0,0,0,0,1),(1727,1,10,1,NULL,NULL,NULL,0,'Dirac',1,2,240,NULL,1,0,0,0,0,0,0,1),(1728,1,10,1,NULL,NULL,NULL,0,'Dirac',1,2,240,NULL,1,0,0,0,0,0,0,1),(1729,1,10,1,NULL,NULL,NULL,0,'Dirac',0,2,240,NULL,1,0,0,0,0,0,0,1),(1730,1,10,1,NULL,NULL,NULL,0,'Dirac',0,2,240,NULL,1,0,0,0,0,0,0,1),(1731,1,10,1,NULL,NULL,NULL,0,'Dirac',0,2,240,NULL,1,0,0,0,0,0,0,1),(1732,1,10,1,NULL,NULL,NULL,0,'Thor',1,1,0,NULL,1,0,0,0,0,0,0,1),(1733,1,10,1,NULL,NULL,NULL,0,'Thor',0,1,0,NULL,1,0,0,0,0,0,0,1),(1734,1,10,1,NULL,NULL,NULL,0,'Thor',0,1,0,NULL,1,0,0,0,0,0,0,1),(1735,1,10,1,NULL,NULL,NULL,0,'Dirac',1,1,0,NULL,1,0,0,0,0,0,0,1),(1736,1,10,1,NULL,NULL,NULL,0,'Dirac',0,1,0,NULL,1,0,0,0,0,0,0,1),(1737,1,10,1,NULL,NULL,NULL,0,'Dirac',1,1,0,NULL,1,0,0,0,0,0,0,1),(1738,1,10,1,NULL,NULL,NULL,0,'Dirac',1,1,0,NULL,1,0,0,0,0,0,0,1),(1739,1,10,1,NULL,NULL,NULL,0,'Thor',0,2,30,NULL,1,0,0,0,0,0,0,1),(1740,1,10,1,NULL,NULL,NULL,0,'Thor',0,2,30,NULL,1,0,0,0,0,0,0,1),(1741,1,10,1,NULL,NULL,NULL,0,'Thor',0,2,30,NULL,1,0,0,0,0,0,0,1),(1742,1,10,1,NULL,NULL,NULL,0,'Dirac',0,2,30,NULL,1,0,0,0,0,0,0,1),(1743,1,10,1,NULL,NULL,NULL,0,'Dirac',1,2,30,NULL,1,0,0,0,0,0,0,1),(1744,1,10,1,NULL,NULL,NULL,0,'Dirac',0,2,30,NULL,1,0,0,0,0,0,0,1),(1745,1,10,1,NULL,NULL,NULL,0,'Demosis',0,0,90,NULL,1,0,0,0,0,0,0,1),(1746,1,10,1,NULL,NULL,NULL,0,'Thor',0,0,90,NULL,1,0,0,0,0,0,0,1),(1747,1,10,1,NULL,NULL,NULL,0,'Dirac',1,0,90,NULL,1,0,0,0,0,0,0,1),(1748,1,10,1,NULL,NULL,NULL,0,'Dirac',0,0,90,NULL,1,0,0,0,0,0,0,1),(1749,1,10,1,NULL,NULL,NULL,0,'Dirac',0,0,90,NULL,1,0,0,0,0,0,0,1),(1750,1,10,1,NULL,NULL,NULL,0,'Dirac',0,0,90,NULL,1,0,0,0,0,0,0,1),(1751,1,10,1,NULL,NULL,NULL,0,'Thor',1,2,180,NULL,1,0,0,0,0,0,0,1),(1752,1,10,1,NULL,NULL,NULL,0,'Thor',1,2,180,NULL,1,0,0,0,0,0,0,1),(1753,1,10,1,NULL,NULL,NULL,0,'Dirac',1,2,180,NULL,1,0,0,0,0,0,0,1),(1754,1,10,1,NULL,NULL,NULL,0,'Dirac',1,2,180,NULL,1,0,0,0,0,0,0,1),(1755,1,10,1,NULL,NULL,NULL,0,'Dirac',1,2,180,NULL,1,0,0,0,0,0,0,1),(1756,1,10,1,NULL,NULL,NULL,0,'Dirac',0,2,180,NULL,1,0,0,0,0,0,0,1),(1757,1,10,1,NULL,NULL,NULL,0,'Dirac',0,2,180,NULL,1,0,0,0,0,0,0,1),(1758,1,10,1,NULL,NULL,NULL,0,'Demosis',0,1,135,NULL,1,0,0,0,0,0,0,1),(1759,1,10,1,NULL,NULL,NULL,0,'Thor',1,1,135,NULL,1,0,0,0,0,0,0,1),(1760,1,10,1,NULL,NULL,NULL,0,'Thor',0,1,135,NULL,1,0,0,0,0,0,0,1),(1761,1,10,1,NULL,NULL,NULL,0,'Thor',0,1,135,NULL,1,0,0,0,0,0,0,1),(1762,1,10,1,NULL,NULL,NULL,0,'Dirac',0,1,135,NULL,1,0,0,0,0,0,0,1),(1763,1,10,1,NULL,NULL,NULL,0,'Dirac',0,1,135,NULL,1,0,0,0,0,0,0,1),(1764,1,10,1,NULL,NULL,NULL,0,'Dirac',0,1,135,NULL,1,0,0,0,0,0,0,1),(1765,1,10,1,NULL,NULL,NULL,0,'Dirac',0,1,135,NULL,1,0,0,0,0,0,0,1),(1766,1,68,2,NULL,NULL,NULL,0,'Gnawer',0,NULL,NULL,NULL,1,0,0,0,0,0,0,1),(1767,1,68,2,NULL,NULL,NULL,0,'Gnawer',0,NULL,NULL,NULL,1,0,0,0,0,0,0,1),(1768,1,68,2,NULL,NULL,NULL,0,'Spudder',0,NULL,NULL,NULL,1,0,0,0,0,0,0,1),(1769,1,68,2,NULL,NULL,NULL,0,'Spudder',1,NULL,NULL,NULL,1,0,0,0,0,0,0,1),(1770,1,68,2,NULL,NULL,NULL,0,'Glancer',1,NULL,NULL,NULL,1,0,0,0,0,0,0,1),(1771,1,68,2,NULL,NULL,NULL,0,'Glancer',1,NULL,NULL,NULL,1,0,0,0,0,0,0,1),(1772,1,68,2,NULL,NULL,NULL,0,'Gnat',0,NULL,NULL,NULL,1,0,0,0,0,0,0,1),(1773,1,68,2,NULL,NULL,NULL,0,'Gnat',1,NULL,NULL,NULL,1,0,0,0,0,0,0,1),(1774,1,68,2,NULL,NULL,NULL,0,'Gnat',1,NULL,NULL,NULL,1,0,0,0,0,0,0,1),(1775,1,68,2,NULL,NULL,NULL,0,'Gnat',0,NULL,NULL,NULL,1,0,0,0,0,0,0,1),(1776,1,68,2,NULL,NULL,NULL,0,'Gnat',0,NULL,NULL,NULL,1,0,0,0,0,0,0,1),(1777,1,68,2,NULL,NULL,NULL,0,'Gnat',1,NULL,NULL,NULL,1,0,0,0,0,0,0,1),(1778,1,10,1,NULL,NULL,NULL,0,'Demosis',0,2,330,NULL,1,0,0,0,0,0,0,1),(1779,1,10,1,NULL,NULL,NULL,0,'Thor',1,2,330,NULL,1,0,0,0,0,0,0,1),(1780,1,10,1,NULL,NULL,NULL,0,'Thor',1,2,330,NULL,1,0,0,0,0,0,0,1),(1781,1,10,1,NULL,NULL,NULL,0,'Thor',1,2,330,NULL,1,0,0,0,0,0,0,1),(1782,1,10,1,NULL,NULL,NULL,0,'Thor',0,2,330,NULL,1,0,0,0,0,0,0,1),(1783,1,10,1,NULL,NULL,NULL,0,'Dirac',1,2,330,NULL,1,0,0,0,0,0,0,1),(1784,1,10,1,NULL,NULL,NULL,0,'Dirac',1,2,330,NULL,1,0,0,0,0,0,0,1),(1785,1,10,1,NULL,NULL,NULL,0,'Dirac',0,2,330,NULL,1,0,0,0,0,0,0,1),(1786,1,10,1,NULL,NULL,NULL,0,'Dirac',0,2,330,NULL,1,0,0,0,0,0,0,1),(1787,1,10,1,NULL,NULL,NULL,0,'Dirac',0,2,330,NULL,1,0,0,0,0,0,0,1),(1788,1,10,1,NULL,NULL,NULL,0,'Dirac',0,2,330,NULL,1,0,0,0,0,0,0,1),(1789,1,10,1,NULL,NULL,NULL,0,'Dirac',1,2,330,NULL,1,0,0,0,0,0,0,1),(1790,1,144,4,NULL,NULL,NULL,0,'Glancer',1,NULL,NULL,NULL,1,0,0,0,0,0,0,1),(1791,1,144,4,NULL,NULL,NULL,0,'Gnat',0,NULL,NULL,NULL,1,0,0,0,0,0,0,1),(1792,1,144,4,NULL,NULL,NULL,0,'Gnat',0,NULL,NULL,NULL,1,0,0,0,0,0,0,1),(1793,1,144,4,NULL,NULL,NULL,0,'Gnat',1,NULL,NULL,NULL,1,0,0,0,0,0,0,1),(1794,1,144,4,NULL,NULL,NULL,0,'Gnat',0,NULL,NULL,NULL,1,0,0,0,0,0,0,1),(1795,1,144,4,NULL,NULL,NULL,0,'Gnat',0,NULL,NULL,NULL,1,0,0,0,0,0,0,1),(1796,1,144,4,NULL,NULL,NULL,0,'Gnat',1,NULL,NULL,NULL,1,0,0,0,0,0,0,1),(1797,1,144,4,NULL,NULL,NULL,0,'Gnat',1,NULL,NULL,NULL,1,0,0,0,0,0,0,1),(1798,1,145,4,NULL,NULL,NULL,0,'Glancer',1,NULL,NULL,NULL,1,0,0,0,0,0,0,1),(1799,1,145,4,NULL,NULL,NULL,0,'Gnat',0,NULL,NULL,NULL,1,0,0,0,0,0,0,1),(1800,1,145,4,NULL,NULL,NULL,0,'Gnat',0,NULL,NULL,NULL,1,0,0,0,0,0,0,1),(1801,1,145,4,NULL,NULL,NULL,0,'Gnat',1,NULL,NULL,NULL,1,0,0,0,0,0,0,1),(1802,1,145,4,NULL,NULL,NULL,0,'Gnat',1,NULL,NULL,NULL,1,0,0,0,0,0,0,1),(1803,1,145,4,NULL,NULL,NULL,0,'Gnat',1,NULL,NULL,NULL,1,0,0,0,0,0,0,1),(1804,1,146,4,NULL,NULL,NULL,0,'Glancer',1,NULL,NULL,NULL,1,0,0,0,0,0,0,1),(1805,1,146,4,NULL,NULL,NULL,0,'Gnat',0,NULL,NULL,NULL,1,0,0,0,0,0,0,1),(1806,1,146,4,NULL,NULL,NULL,0,'Gnat',0,NULL,NULL,NULL,1,0,0,0,0,0,0,1),(1807,1,146,4,NULL,NULL,NULL,0,'Gnat',1,NULL,NULL,NULL,1,0,0,0,0,0,0,1),(1808,1,146,4,NULL,NULL,NULL,0,'Gnat',0,NULL,NULL,NULL,1,0,0,0,0,0,0,1),(1809,1,147,4,NULL,NULL,NULL,0,'Glancer',1,NULL,NULL,NULL,1,0,0,0,0,0,0,1),(1810,1,147,4,NULL,NULL,NULL,0,'Glancer',1,NULL,NULL,NULL,1,0,0,0,0,0,0,1),(1811,1,147,4,NULL,NULL,NULL,0,'Gnat',0,NULL,NULL,NULL,1,0,0,0,0,0,0,1),(1812,1,147,4,NULL,NULL,NULL,0,'Gnat',0,NULL,NULL,NULL,1,0,0,0,0,0,0,1),(1813,1,147,4,NULL,NULL,NULL,0,'Gnat',1,NULL,NULL,NULL,1,0,0,0,0,0,0,1),(1814,1,147,4,NULL,NULL,NULL,0,'Gnat',0,NULL,NULL,NULL,1,0,0,0,0,0,0,1),(1815,1,147,4,NULL,NULL,NULL,0,'Gnat',1,NULL,NULL,NULL,1,0,0,0,0,0,0,1),(1816,1,148,4,NULL,NULL,NULL,0,'Gnawer',0,NULL,NULL,NULL,1,0,0,0,0,0,0,1),(1817,1,148,4,NULL,NULL,NULL,0,'Gnawer',0,NULL,NULL,NULL,1,0,0,0,0,0,0,1),(1818,1,148,4,NULL,NULL,NULL,0,'Spudder',0,NULL,NULL,NULL,1,0,0,0,0,0,0,1),(1819,1,148,4,NULL,NULL,NULL,0,'Glancer',1,NULL,NULL,NULL,1,0,0,0,0,0,0,1),(1820,1,148,4,NULL,NULL,NULL,0,'Glancer',1,NULL,NULL,NULL,1,0,0,0,0,0,0,1),(1821,1,148,4,NULL,NULL,NULL,0,'Glancer',1,NULL,NULL,NULL,1,0,0,0,0,0,0,1),(1822,1,148,4,NULL,NULL,NULL,0,'Glancer',1,NULL,NULL,NULL,1,0,0,0,0,0,0,1),(1823,1,148,4,NULL,NULL,NULL,0,'Glancer',1,NULL,NULL,NULL,1,0,0,0,0,0,0,1),(1824,1,148,4,NULL,NULL,NULL,0,'Gnat',0,NULL,NULL,NULL,1,0,0,0,0,0,0,1),(1825,1,148,4,NULL,NULL,NULL,0,'Gnat',0,NULL,NULL,NULL,1,0,0,0,0,0,0,1),(1826,1,148,4,NULL,NULL,NULL,0,'Gnat',1,NULL,NULL,NULL,1,0,0,0,0,0,0,1),(1827,1,148,4,NULL,NULL,NULL,0,'Gnat',0,NULL,NULL,NULL,1,0,0,0,0,0,0,1),(1828,1,148,4,NULL,NULL,NULL,0,'Gnat',1,NULL,NULL,NULL,1,0,0,0,0,0,0,1),(1829,1,149,4,NULL,NULL,NULL,0,'Gnawer',0,NULL,NULL,NULL,1,0,0,0,0,0,0,1),(1830,1,149,4,NULL,NULL,NULL,0,'Spudder',0,NULL,NULL,NULL,1,0,0,0,0,0,0,1),(1831,1,149,4,NULL,NULL,NULL,0,'Spudder',0,NULL,NULL,NULL,1,0,0,0,0,0,0,1),(1832,1,149,4,NULL,NULL,NULL,0,'Glancer',1,NULL,NULL,NULL,1,0,0,0,0,0,0,1),(1833,1,149,4,NULL,NULL,NULL,0,'Gnat',0,NULL,NULL,NULL,1,0,0,0,0,0,0,1),(1834,1,149,4,NULL,NULL,NULL,0,'Gnat',1,NULL,NULL,NULL,1,0,0,0,0,0,0,1),(1835,1,149,4,NULL,NULL,NULL,0,'Glancer',1,NULL,NULL,NULL,1,0,0,0,0,0,0,1),(1836,1,149,4,NULL,NULL,NULL,0,'Glancer',1,NULL,NULL,NULL,1,0,0,0,0,0,0,1),(1837,1,149,4,NULL,NULL,NULL,0,'Gnat',0,NULL,NULL,NULL,1,0,0,0,0,0,0,1),(1838,1,149,4,NULL,NULL,NULL,0,'Gnat',0,NULL,NULL,NULL,1,0,0,0,0,0,0,1),(1839,1,149,4,NULL,NULL,NULL,0,'Gnat',1,NULL,NULL,NULL,1,0,0,0,0,0,0,1),(1840,1,149,4,NULL,NULL,NULL,0,'Gnat',0,NULL,NULL,NULL,1,0,0,0,0,0,0,1),(1841,1,150,4,NULL,NULL,NULL,0,'Spudder',0,NULL,NULL,NULL,1,0,0,0,0,0,0,1),(1842,1,150,4,NULL,NULL,NULL,0,'Glancer',1,NULL,NULL,NULL,1,0,0,0,0,0,0,1),(1843,1,150,4,NULL,NULL,NULL,0,'Gnat',0,NULL,NULL,NULL,1,0,0,0,0,0,0,1),(1844,1,150,4,NULL,NULL,NULL,0,'Glancer',1,NULL,NULL,NULL,1,0,0,0,0,0,0,1),(1845,1,150,4,NULL,NULL,NULL,0,'Glancer',1,NULL,NULL,NULL,1,0,0,0,0,0,0,1),(1846,1,150,4,NULL,NULL,NULL,0,'Gnat',0,NULL,NULL,NULL,1,0,0,0,0,0,0,1),(1847,1,150,4,NULL,NULL,NULL,0,'Gnat',0,NULL,NULL,NULL,1,0,0,0,0,0,0,1),(1848,1,150,4,NULL,NULL,NULL,0,'Gnat',1,NULL,NULL,NULL,1,0,0,0,0,0,0,1),(1849,1,150,4,NULL,NULL,NULL,0,'Gnat',0,NULL,NULL,NULL,1,0,0,0,0,0,0,1),(1850,1,150,4,NULL,NULL,NULL,0,'Gnat',1,NULL,NULL,NULL,1,0,0,0,0,0,0,1),(1851,1,151,4,NULL,NULL,NULL,0,'Spudder',1,NULL,NULL,NULL,1,0,0,0,0,0,0,1),(1852,1,151,4,NULL,NULL,NULL,0,'Spudder',0,NULL,NULL,NULL,1,0,0,0,0,0,0,1),(1853,1,151,4,NULL,NULL,NULL,0,'Glancer',1,NULL,NULL,NULL,1,0,0,0,0,0,0,1),(1854,1,151,4,NULL,NULL,NULL,0,'Gnat',0,NULL,NULL,NULL,1,0,0,0,0,0,0,1),(1855,1,151,4,NULL,NULL,NULL,0,'Gnat',0,NULL,NULL,NULL,1,0,0,0,0,0,0,1),(1856,1,151,4,NULL,NULL,NULL,0,'Glancer',1,NULL,NULL,NULL,1,0,0,0,0,0,0,1),(1857,1,151,4,NULL,NULL,NULL,0,'Glancer',1,NULL,NULL,NULL,1,0,0,0,0,0,0,1),(1858,1,151,4,NULL,NULL,NULL,0,'Glancer',1,NULL,NULL,NULL,1,0,0,0,0,0,0,1),(1859,1,151,4,NULL,NULL,NULL,0,'Glancer',1,NULL,NULL,NULL,1,0,0,0,0,0,0,1),(1860,1,151,4,NULL,NULL,NULL,0,'Gnat',0,NULL,NULL,NULL,1,0,0,0,0,0,0,1),(1861,1,151,4,NULL,NULL,NULL,0,'Gnat',0,NULL,NULL,NULL,1,0,0,0,0,0,0,1),(1862,1,151,4,NULL,NULL,NULL,0,'Gnat',1,NULL,NULL,NULL,1,0,0,0,0,0,0,1),(1863,1,151,4,NULL,NULL,NULL,0,'Gnat',0,NULL,NULL,NULL,1,0,0,0,0,0,0,1),(1864,1,152,4,NULL,NULL,NULL,0,'Spudder',0,NULL,NULL,NULL,1,0,0,0,0,0,0,1),(1865,1,152,4,NULL,NULL,NULL,0,'Gnat',0,NULL,NULL,NULL,1,0,0,0,0,0,0,1),(1866,1,152,4,NULL,NULL,NULL,0,'Glancer',1,NULL,NULL,NULL,1,0,0,0,0,0,0,1),(1867,1,152,4,NULL,NULL,NULL,0,'Glancer',1,NULL,NULL,NULL,1,0,0,0,0,0,0,1),(1868,1,152,4,NULL,NULL,NULL,0,'Glancer',1,NULL,NULL,NULL,1,0,0,0,0,0,0,1),(1869,1,152,4,NULL,NULL,NULL,0,'Gnat',0,NULL,NULL,NULL,1,0,0,0,0,0,0,1),(1870,1,152,4,NULL,NULL,NULL,0,'Gnat',0,NULL,NULL,NULL,1,0,0,0,0,0,0,1),(1871,1,152,4,NULL,NULL,NULL,0,'Gnat',1,NULL,NULL,NULL,1,0,0,0,0,0,0,1),(1872,1,152,4,NULL,NULL,NULL,0,'Gnat',0,NULL,NULL,NULL,1,0,0,0,0,0,0,1),(1873,1,152,4,NULL,NULL,NULL,0,'Gnat',0,NULL,NULL,NULL,1,0,0,0,0,0,0,1),(1874,1,152,4,NULL,NULL,NULL,0,'Gnat',1,NULL,NULL,NULL,1,0,0,0,0,0,0,1),(1875,1,153,4,NULL,NULL,NULL,0,'Gnawer',0,NULL,NULL,NULL,1,0,0,0,0,0,0,1),(1876,1,153,4,NULL,NULL,NULL,0,'Gnawer',0,NULL,NULL,NULL,1,0,0,0,0,0,0,1),(1877,1,153,4,NULL,NULL,NULL,0,'Gnawer',0,NULL,NULL,NULL,1,0,0,0,0,0,0,1),(1878,1,153,4,NULL,NULL,NULL,0,'Spudder',0,NULL,NULL,NULL,1,0,0,0,0,0,0,1),(1879,1,153,4,NULL,NULL,NULL,0,'Spudder',1,NULL,NULL,NULL,1,0,0,0,0,0,0,1),(1880,1,153,4,NULL,NULL,NULL,0,'Spudder',0,NULL,NULL,NULL,1,0,0,0,0,0,0,1),(1881,1,153,4,NULL,NULL,NULL,0,'Glancer',1,NULL,NULL,NULL,1,0,0,0,0,0,0,1),(1882,1,153,4,NULL,NULL,NULL,0,'Gnat',0,NULL,NULL,NULL,1,0,0,0,0,0,0,1),(1883,1,153,4,NULL,NULL,NULL,0,'Glancer',1,NULL,NULL,NULL,1,0,0,0,0,0,0,1),(1884,1,153,4,NULL,NULL,NULL,0,'Glancer',1,NULL,NULL,NULL,1,0,0,0,0,0,0,1),(1885,1,153,4,NULL,NULL,NULL,0,'Glancer',1,NULL,NULL,NULL,1,0,0,0,0,0,0,1),(1886,1,153,4,NULL,NULL,NULL,0,'Gnat',0,NULL,NULL,NULL,1,0,0,0,0,0,0,1),(1887,1,153,4,NULL,NULL,NULL,0,'Gnat',0,NULL,NULL,NULL,1,0,0,0,0,0,0,1),(1888,1,153,4,NULL,NULL,NULL,0,'Gnat',1,NULL,NULL,NULL,1,0,0,0,0,0,0,1),(1889,1,153,4,NULL,NULL,NULL,0,'Gnat',0,NULL,NULL,NULL,1,0,0,0,0,0,0,1),(1890,1,153,4,NULL,NULL,NULL,0,'Gnat',1,NULL,NULL,NULL,1,0,0,0,0,0,0,1),(1891,1,154,4,NULL,NULL,NULL,0,'Gnawer',0,NULL,NULL,NULL,1,0,0,0,0,0,0,1),(1892,1,154,4,NULL,NULL,NULL,0,'Gnawer',0,NULL,NULL,NULL,1,0,0,0,0,0,0,1),(1893,1,154,4,NULL,NULL,NULL,0,'Spudder',0,NULL,NULL,NULL,1,0,0,0,0,0,0,1),(1894,1,154,4,NULL,NULL,NULL,0,'Spudder',1,NULL,NULL,NULL,1,0,0,0,0,0,0,1),(1895,1,154,4,NULL,NULL,NULL,0,'Spudder',0,NULL,NULL,NULL,1,0,0,0,0,0,0,1),(1896,1,154,4,NULL,NULL,NULL,0,'Glancer',1,NULL,NULL,NULL,1,0,0,0,0,0,0,1),(1897,1,154,4,NULL,NULL,NULL,0,'Gnat',0,NULL,NULL,NULL,1,0,0,0,0,0,0,1),(1898,1,154,4,NULL,NULL,NULL,0,'Glancer',1,NULL,NULL,NULL,1,0,0,0,0,0,0,1),(1899,1,154,4,NULL,NULL,NULL,0,'Glancer',1,NULL,NULL,NULL,1,0,0,0,0,0,0,1),(1900,1,154,4,NULL,NULL,NULL,0,'Glancer',1,NULL,NULL,NULL,1,0,0,0,0,0,0,1),(1901,1,154,4,NULL,NULL,NULL,0,'Gnat',0,NULL,NULL,NULL,1,0,0,0,0,0,0,1),(1902,1,154,4,NULL,NULL,NULL,0,'Gnat',0,NULL,NULL,NULL,1,0,0,0,0,0,0,1),(1903,1,154,4,NULL,NULL,NULL,0,'Gnat',1,NULL,NULL,NULL,1,0,0,0,0,0,0,1),(1904,1,154,4,NULL,NULL,NULL,0,'Gnat',0,NULL,NULL,NULL,1,0,0,0,0,0,0,1),(1905,1,154,4,NULL,NULL,NULL,0,'Gnat',1,NULL,NULL,NULL,1,0,0,0,0,0,0,1),(1906,1,155,4,NULL,NULL,NULL,0,'Gnawer',0,NULL,NULL,NULL,1,0,0,0,0,0,0,1),(1907,1,155,4,NULL,NULL,NULL,0,'Gnawer',0,NULL,NULL,NULL,1,0,0,0,0,0,0,1),(1908,1,155,4,NULL,NULL,NULL,0,'Spudder',0,NULL,NULL,NULL,1,0,0,0,0,0,0,1),(1909,1,155,4,NULL,NULL,NULL,0,'Spudder',0,NULL,NULL,NULL,1,0,0,0,0,0,0,1),(1910,1,155,4,NULL,NULL,NULL,0,'Spudder',1,NULL,NULL,NULL,1,0,0,0,0,0,0,1),(1911,1,155,4,NULL,NULL,NULL,0,'Spudder',0,NULL,NULL,NULL,1,0,0,0,0,0,0,1),(1912,1,155,4,NULL,NULL,NULL,0,'Glancer',1,NULL,NULL,NULL,1,0,0,0,0,0,0,1),(1913,1,155,4,NULL,NULL,NULL,0,'Gnat',0,NULL,NULL,NULL,1,0,0,0,0,0,0,1),(1914,1,155,4,NULL,NULL,NULL,0,'Gnat',0,NULL,NULL,NULL,1,0,0,0,0,0,0,1),(1915,1,155,4,NULL,NULL,NULL,0,'Glancer',1,NULL,NULL,NULL,1,0,0,0,0,0,0,1),(1916,1,155,4,NULL,NULL,NULL,0,'Glancer',1,NULL,NULL,NULL,1,0,0,0,0,0,0,1),(1917,1,155,4,NULL,NULL,NULL,0,'Glancer',1,NULL,NULL,NULL,1,0,0,0,0,0,0,1),(1918,1,155,4,NULL,NULL,NULL,0,'Gnat',0,NULL,NULL,NULL,1,0,0,0,0,0,0,1),(1919,1,155,4,NULL,NULL,NULL,0,'Gnat',0,NULL,NULL,NULL,1,0,0,0,0,0,0,1),(1920,1,155,4,NULL,NULL,NULL,0,'Gnat',1,NULL,NULL,NULL,1,0,0,0,0,0,0,1),(1921,1,155,4,NULL,NULL,NULL,0,'Gnat',0,NULL,NULL,NULL,1,0,0,0,0,0,0,1),(1922,1,155,4,NULL,NULL,NULL,0,'Gnat',0,NULL,NULL,NULL,1,0,0,0,0,0,0,1),(1923,1,155,4,NULL,NULL,NULL,0,'Gnat',1,NULL,NULL,NULL,1,0,0,0,0,0,0,1),(1924,1,156,4,NULL,NULL,NULL,0,'Gnawer',0,NULL,NULL,NULL,1,0,0,0,0,0,0,1),(1925,1,156,4,NULL,NULL,NULL,0,'Spudder',0,NULL,NULL,NULL,1,0,0,0,0,0,0,1),(1926,1,156,4,NULL,NULL,NULL,0,'Spudder',1,NULL,NULL,NULL,1,0,0,0,0,0,0,1),(1927,1,156,4,NULL,NULL,NULL,0,'Spudder',0,NULL,NULL,NULL,1,0,0,0,0,0,0,1),(1928,1,156,4,NULL,NULL,NULL,0,'Glancer',1,NULL,NULL,NULL,1,0,0,0,0,0,0,1),(1929,1,156,4,NULL,NULL,NULL,0,'Gnat',0,NULL,NULL,NULL,1,0,0,0,0,0,0,1),(1930,1,156,4,NULL,NULL,NULL,0,'Glancer',1,NULL,NULL,NULL,1,0,0,0,0,0,0,1),(1931,1,156,4,NULL,NULL,NULL,0,'Glancer',1,NULL,NULL,NULL,1,0,0,0,0,0,0,1),(1932,1,156,4,NULL,NULL,NULL,0,'Glancer',1,NULL,NULL,NULL,1,0,0,0,0,0,0,1),(1933,1,156,4,NULL,NULL,NULL,0,'Glancer',1,NULL,NULL,NULL,1,0,0,0,0,0,0,1),(1934,1,156,4,NULL,NULL,NULL,0,'Gnat',0,NULL,NULL,NULL,1,0,0,0,0,0,0,1),(1935,1,156,4,NULL,NULL,NULL,0,'Gnat',0,NULL,NULL,NULL,1,0,0,0,0,0,0,1),(1936,1,156,4,NULL,NULL,NULL,0,'Gnat',1,NULL,NULL,NULL,1,0,0,0,0,0,0,1),(1937,1,156,4,NULL,NULL,NULL,0,'Gnat',0,NULL,NULL,NULL,1,0,0,0,0,0,0,1),(1938,1,156,4,NULL,NULL,NULL,0,'Gnat',1,NULL,NULL,NULL,1,0,0,0,0,0,0,1),(1939,1,157,4,NULL,NULL,NULL,0,'Gnawer',0,NULL,NULL,NULL,1,0,0,0,0,0,0,1),(1940,1,157,4,NULL,NULL,NULL,0,'Spudder',0,NULL,NULL,NULL,1,0,0,0,0,0,0,1),(1941,1,157,4,NULL,NULL,NULL,0,'Spudder',1,NULL,NULL,NULL,1,0,0,0,0,0,0,1),(1942,1,157,4,NULL,NULL,NULL,0,'Spudder',0,NULL,NULL,NULL,1,0,0,0,0,0,0,1),(1943,1,157,4,NULL,NULL,NULL,0,'Glancer',1,NULL,NULL,NULL,1,0,0,0,0,0,0,1),(1944,1,157,4,NULL,NULL,NULL,0,'Gnat',0,NULL,NULL,NULL,1,0,0,0,0,0,0,1),(1945,1,157,4,NULL,NULL,NULL,0,'Glancer',1,NULL,NULL,NULL,1,0,0,0,0,0,0,1),(1946,1,157,4,NULL,NULL,NULL,0,'Glancer',1,NULL,NULL,NULL,1,0,0,0,0,0,0,1),(1947,1,157,4,NULL,NULL,NULL,0,'Glancer',1,NULL,NULL,NULL,1,0,0,0,0,0,0,1),(1948,1,157,4,NULL,NULL,NULL,0,'Glancer',1,NULL,NULL,NULL,1,0,0,0,0,0,0,1),(1949,1,157,4,NULL,NULL,NULL,0,'Gnat',0,NULL,NULL,NULL,1,0,0,0,0,0,0,1),(1950,1,157,4,NULL,NULL,NULL,0,'Gnat',0,NULL,NULL,NULL,1,0,0,0,0,0,0,1),(1951,1,157,4,NULL,NULL,NULL,0,'Gnat',1,NULL,NULL,NULL,1,0,0,0,0,0,0,1),(1952,1,158,4,NULL,NULL,NULL,0,'Glancer',1,NULL,NULL,NULL,1,0,0,0,0,0,0,1),(1953,1,158,4,NULL,NULL,NULL,0,'Gnat',0,NULL,NULL,NULL,1,0,0,0,0,0,0,1),(1954,1,158,4,NULL,NULL,NULL,0,'Gnat',0,NULL,NULL,NULL,1,0,0,0,0,0,0,1),(1955,1,158,4,NULL,NULL,NULL,0,'Glancer',1,NULL,NULL,NULL,1,0,0,0,0,0,0,1),(1956,1,158,4,NULL,NULL,NULL,0,'Glancer',1,NULL,NULL,NULL,1,0,0,0,0,0,0,1),(1957,1,158,4,NULL,NULL,NULL,0,'Gnat',0,NULL,NULL,NULL,1,0,0,0,0,0,0,1),(1958,1,158,4,NULL,NULL,NULL,0,'Gnat',0,NULL,NULL,NULL,1,0,0,0,0,0,0,1),(1959,1,158,4,NULL,NULL,NULL,0,'Gnat',1,NULL,NULL,NULL,1,0,0,0,0,0,0,1),(1960,1,158,4,NULL,NULL,NULL,0,'Gnat',0,NULL,NULL,NULL,1,0,0,0,0,0,0,1),(1961,1,158,4,NULL,NULL,NULL,0,'Gnat',0,NULL,NULL,NULL,1,0,0,0,0,0,0,1),(1962,1,158,4,NULL,NULL,NULL,0,'Gnat',1,NULL,NULL,NULL,1,0,0,0,0,0,0,1),(1963,1,159,4,NULL,NULL,NULL,0,'Gnat',0,NULL,NULL,NULL,1,0,0,0,0,0,0,1),(1964,1,159,4,NULL,NULL,NULL,0,'Gnat',0,NULL,NULL,NULL,1,0,0,0,0,0,0,1),(1965,1,159,4,NULL,NULL,NULL,0,'Gnat',1,NULL,NULL,NULL,1,0,0,0,0,0,0,1),(1966,1,159,4,NULL,NULL,NULL,0,'Gnat',0,NULL,NULL,NULL,1,0,0,0,0,0,0,1),(1967,1,159,4,NULL,NULL,NULL,0,'Gnat',1,NULL,NULL,NULL,1,0,0,0,0,0,0,1),(1968,1,160,4,NULL,NULL,NULL,0,'Gnat',0,NULL,NULL,NULL,1,0,0,0,0,0,0,1),(1969,1,160,4,NULL,NULL,NULL,0,'Gnat',0,NULL,NULL,NULL,1,0,0,0,0,0,0,1),(1970,1,160,4,NULL,NULL,NULL,0,'Gnat',1,NULL,NULL,NULL,1,0,0,0,0,0,0,1),(1971,1,160,4,NULL,NULL,NULL,0,'Gnat',0,NULL,NULL,NULL,1,0,0,0,0,0,0,1),(1972,1,160,4,NULL,NULL,NULL,0,'Gnat',0,NULL,NULL,NULL,1,0,0,0,0,0,0,1),(1973,1,161,4,NULL,NULL,NULL,0,'Gnat',0,NULL,NULL,NULL,1,0,0,0,0,0,0,1),(1974,1,161,4,NULL,NULL,NULL,0,'Gnat',0,NULL,NULL,NULL,1,0,0,0,0,0,0,1),(1975,1,161,4,NULL,NULL,NULL,0,'Gnat',1,NULL,NULL,NULL,1,0,0,0,0,0,0,1),(1976,1,161,4,NULL,NULL,NULL,0,'Gnat',0,NULL,NULL,NULL,1,0,0,0,0,0,0,1),(1977,1,10,1,NULL,NULL,NULL,0,'Demosis',0,0,270,NULL,1,0,0,0,0,0,0,1),(1978,1,10,1,NULL,NULL,NULL,0,'Thor',1,0,270,NULL,1,0,0,0,0,0,0,1),(1979,1,10,1,NULL,NULL,NULL,0,'Dirac',0,0,270,NULL,1,0,0,0,0,0,0,1),(1980,1,10,1,NULL,NULL,NULL,0,'Dirac',0,0,270,NULL,1,0,0,0,0,0,0,1),(1981,1,10,1,NULL,NULL,NULL,0,'Dirac',1,0,270,NULL,1,0,0,0,0,0,0,1),(1982,1,10,1,NULL,NULL,NULL,0,'Dirac',1,0,270,NULL,1,0,0,0,0,0,0,1),(1983,1,10,1,NULL,NULL,NULL,0,'Thor',0,2,0,NULL,1,0,0,0,0,0,0,1),(1984,1,10,1,NULL,NULL,NULL,0,'Dirac',1,2,0,NULL,1,0,0,0,0,0,0,1),(1985,1,10,1,NULL,NULL,NULL,0,'Dirac',0,2,0,NULL,1,0,0,0,0,0,0,1),(1986,1,10,1,NULL,NULL,NULL,0,'Dirac',1,2,0,NULL,1,0,0,0,0,0,0,1),(1987,1,71,2,NULL,NULL,NULL,0,'Gnawer',0,NULL,NULL,NULL,1,0,0,0,0,0,0,1),(1988,1,71,2,NULL,NULL,NULL,0,'Gnawer',1,NULL,NULL,NULL,1,0,0,0,0,0,0,1),(1989,1,71,2,NULL,NULL,NULL,0,'Spudder',1,NULL,NULL,NULL,1,0,0,0,0,0,0,1),(1990,1,71,2,NULL,NULL,NULL,0,'Spudder',1,NULL,NULL,NULL,1,0,0,0,0,0,0,1),(1991,1,71,2,NULL,NULL,NULL,0,'Spudder',0,NULL,NULL,NULL,1,0,0,0,0,0,0,1),(1992,1,71,2,NULL,NULL,NULL,0,'Glancer',1,NULL,NULL,NULL,1,0,0,0,0,0,0,1),(1993,1,71,2,NULL,NULL,NULL,0,'Glancer',1,NULL,NULL,NULL,1,0,0,0,0,0,0,1),(1994,1,71,2,NULL,NULL,NULL,0,'Glancer',1,NULL,NULL,NULL,1,0,0,0,0,0,0,1),(1995,1,71,2,NULL,NULL,NULL,0,'Gnat',0,NULL,NULL,NULL,1,0,0,0,0,0,0,1),(1996,1,71,2,NULL,NULL,NULL,0,'Gnat',0,NULL,NULL,NULL,1,0,0,0,0,0,0,1),(1997,1,71,2,NULL,NULL,NULL,0,'Gnat',1,NULL,NULL,NULL,1,0,0,0,0,0,0,1),(1998,1,71,2,NULL,NULL,NULL,0,'Gnat',1,NULL,NULL,NULL,1,0,0,0,0,0,0,1),(1999,1,71,2,NULL,NULL,NULL,0,'Gnat',0,NULL,NULL,NULL,1,0,0,0,0,0,0,1),(2000,1,10,1,NULL,NULL,NULL,0,'Demosis',0,0,180,NULL,1,0,0,0,0,0,0,1),(2001,1,10,1,NULL,NULL,NULL,0,'Thor',0,0,180,NULL,1,0,0,0,0,0,0,1),(2002,1,10,1,NULL,NULL,NULL,0,'Thor',1,0,180,NULL,1,0,0,0,0,0,0,1),(2003,1,10,1,NULL,NULL,NULL,0,'Dirac',1,0,180,NULL,1,0,0,0,0,0,0,1),(2004,1,10,1,NULL,NULL,NULL,0,'Dirac',0,0,180,NULL,1,0,0,0,0,0,0,1),(2005,1,10,1,NULL,NULL,NULL,0,'Dirac',0,0,180,NULL,1,0,0,0,0,0,0,1),(2006,1,10,1,NULL,NULL,NULL,0,'Dirac',1,0,180,NULL,1,0,0,0,0,0,0,1),(2007,1,10,1,NULL,NULL,NULL,0,'Dirac',1,0,180,NULL,1,0,0,0,0,0,0,1),(2008,1,10,1,NULL,NULL,NULL,0,'Dirac',0,0,180,NULL,1,0,0,0,0,0,0,1),(2009,1,162,4,NULL,NULL,NULL,0,'Glancer',1,NULL,NULL,NULL,1,0,0,0,0,0,0,1),(2010,1,162,4,NULL,NULL,NULL,0,'Gnat',0,NULL,NULL,NULL,1,0,0,0,0,0,0,1),(2011,1,162,4,NULL,NULL,NULL,0,'Gnat',0,NULL,NULL,NULL,1,0,0,0,0,0,0,1),(2012,1,162,4,NULL,NULL,NULL,0,'Gnat',1,NULL,NULL,NULL,1,0,0,0,0,0,0,1),(2013,1,162,4,NULL,NULL,NULL,0,'Gnat',0,NULL,NULL,NULL,1,0,0,0,0,0,0,1),(2014,1,162,4,NULL,NULL,NULL,0,'Gnat',1,NULL,NULL,NULL,1,0,0,0,0,0,0,1),(2015,1,162,4,NULL,NULL,NULL,0,'Gnat',0,NULL,NULL,NULL,1,0,0,0,0,0,0,1),(2016,1,163,4,NULL,NULL,NULL,0,'Glancer',1,NULL,NULL,NULL,1,0,0,0,0,0,0,1),(2017,1,163,4,NULL,NULL,NULL,0,'Gnat',0,NULL,NULL,NULL,1,0,0,0,0,0,0,1),(2018,1,163,4,NULL,NULL,NULL,0,'Gnat',0,NULL,NULL,NULL,1,0,0,0,0,0,0,1),(2019,1,163,4,NULL,NULL,NULL,0,'Gnat',1,NULL,NULL,NULL,1,0,0,0,0,0,0,1),(2020,1,164,4,NULL,NULL,NULL,0,'Gnawer',0,NULL,NULL,NULL,1,0,0,0,0,0,0,1),(2021,1,164,4,NULL,NULL,NULL,0,'Spudder',0,NULL,NULL,NULL,1,0,0,0,0,0,0,1),(2022,1,164,4,NULL,NULL,NULL,0,'Spudder',1,NULL,NULL,NULL,1,0,0,0,0,0,0,1),(2023,1,164,4,NULL,NULL,NULL,0,'Spudder',1,NULL,NULL,NULL,1,0,0,0,0,0,0,1),(2024,1,164,4,NULL,NULL,NULL,0,'Spudder',0,NULL,NULL,NULL,1,0,0,0,0,0,0,1),(2025,1,164,4,NULL,NULL,NULL,0,'Glancer',1,NULL,NULL,NULL,1,0,0,0,0,0,0,1),(2026,1,164,4,NULL,NULL,NULL,0,'Gnat',1,NULL,NULL,NULL,1,0,0,0,0,0,0,1),(2027,1,164,4,NULL,NULL,NULL,0,'Gnat',0,NULL,NULL,NULL,1,0,0,0,0,0,0,1),(2028,1,164,4,NULL,NULL,NULL,0,'Glancer',1,NULL,NULL,NULL,1,0,0,0,0,0,0,1),(2029,1,164,4,NULL,NULL,NULL,0,'Glancer',1,NULL,NULL,NULL,1,0,0,0,0,0,0,1),(2030,1,164,4,NULL,NULL,NULL,0,'Glancer',1,NULL,NULL,NULL,1,0,0,0,0,0,0,1),(2031,1,164,4,NULL,NULL,NULL,0,'Glancer',1,NULL,NULL,NULL,1,0,0,0,0,0,0,1),(2032,1,164,4,NULL,NULL,NULL,0,'Gnat',0,NULL,NULL,NULL,1,0,0,0,0,0,0,1),(2033,1,164,4,NULL,NULL,NULL,0,'Gnat',0,NULL,NULL,NULL,1,0,0,0,0,0,0,1),(2034,1,164,4,NULL,NULL,NULL,0,'Gnat',1,NULL,NULL,NULL,1,0,0,0,0,0,0,1),(2035,1,164,4,NULL,NULL,NULL,0,'Gnat',1,NULL,NULL,NULL,1,0,0,0,0,0,0,1),(2036,1,164,4,NULL,NULL,NULL,0,'Gnat',1,NULL,NULL,NULL,1,0,0,0,0,0,0,1),(2037,1,164,4,NULL,NULL,NULL,0,'Gnat',1,NULL,NULL,NULL,1,0,0,0,0,0,0,1),(2038,1,165,4,NULL,NULL,NULL,0,'Gnawer',0,NULL,NULL,NULL,1,0,0,0,0,0,0,1),(2039,1,165,4,NULL,NULL,NULL,0,'Spudder',1,NULL,NULL,NULL,1,0,0,0,0,0,0,1),(2040,1,165,4,NULL,NULL,NULL,0,'Spudder',0,NULL,NULL,NULL,1,0,0,0,0,0,0,1),(2041,1,165,4,NULL,NULL,NULL,0,'Glancer',1,NULL,NULL,NULL,1,0,0,0,0,0,0,1),(2042,1,165,4,NULL,NULL,NULL,0,'Gnat',1,NULL,NULL,NULL,1,0,0,0,0,0,0,1),(2043,1,165,4,NULL,NULL,NULL,0,'Gnat',0,NULL,NULL,NULL,1,0,0,0,0,0,0,1),(2044,1,165,4,NULL,NULL,NULL,0,'Glancer',1,NULL,NULL,NULL,1,0,0,0,0,0,0,1),(2045,1,165,4,NULL,NULL,NULL,0,'Glancer',1,NULL,NULL,NULL,1,0,0,0,0,0,0,1),(2046,1,165,4,NULL,NULL,NULL,0,'Glancer',1,NULL,NULL,NULL,1,0,0,0,0,0,0,1),(2047,1,165,4,NULL,NULL,NULL,0,'Glancer',1,NULL,NULL,NULL,1,0,0,0,0,0,0,1),(2048,1,165,4,NULL,NULL,NULL,0,'Gnat',0,NULL,NULL,NULL,1,0,0,0,0,0,0,1),(2049,1,165,4,NULL,NULL,NULL,0,'Gnat',0,NULL,NULL,NULL,1,0,0,0,0,0,0,1),(2050,1,165,4,NULL,NULL,NULL,0,'Gnat',1,NULL,NULL,NULL,1,0,0,0,0,0,0,1),(2051,1,165,4,NULL,NULL,NULL,0,'Gnat',0,NULL,NULL,NULL,1,0,0,0,0,0,0,1),(2052,1,165,4,NULL,NULL,NULL,0,'Gnat',1,NULL,NULL,NULL,1,0,0,0,0,0,0,1),(2053,1,165,4,NULL,NULL,NULL,0,'Gnat',1,NULL,NULL,NULL,1,0,0,0,0,0,0,1),(2054,1,166,4,NULL,NULL,NULL,0,'Spudder',0,NULL,NULL,NULL,1,0,0,0,0,0,0,1),(2055,1,166,4,NULL,NULL,NULL,0,'Spudder',0,NULL,NULL,NULL,1,0,0,0,0,0,0,1),(2056,1,166,4,NULL,NULL,NULL,0,'Glancer',1,NULL,NULL,NULL,1,0,0,0,0,0,0,1),(2057,1,166,4,NULL,NULL,NULL,0,'Gnat',0,NULL,NULL,NULL,1,0,0,0,0,0,0,1),(2058,1,166,4,NULL,NULL,NULL,0,'Glancer',1,NULL,NULL,NULL,1,0,0,0,0,0,0,1),(2059,1,166,4,NULL,NULL,NULL,0,'Glancer',1,NULL,NULL,NULL,1,0,0,0,0,0,0,1),(2060,1,166,4,NULL,NULL,NULL,0,'Glancer',1,NULL,NULL,NULL,1,0,0,0,0,0,0,1),(2061,1,166,4,NULL,NULL,NULL,0,'Gnat',0,NULL,NULL,NULL,1,0,0,0,0,0,0,1),(2062,1,166,4,NULL,NULL,NULL,0,'Gnat',0,NULL,NULL,NULL,1,0,0,0,0,0,0,1),(2063,1,166,4,NULL,NULL,NULL,0,'Gnat',1,NULL,NULL,NULL,1,0,0,0,0,0,0,1),(2064,1,166,4,NULL,NULL,NULL,0,'Gnat',0,NULL,NULL,NULL,1,0,0,0,0,0,0,1),(2065,1,166,4,NULL,NULL,NULL,0,'Gnat',1,NULL,NULL,NULL,1,0,0,0,0,0,0,1),(2066,1,166,4,NULL,NULL,NULL,0,'Gnat',1,NULL,NULL,NULL,1,0,0,0,0,0,0,1),(2067,1,167,4,NULL,NULL,NULL,0,'Spudder',0,NULL,NULL,NULL,1,0,0,0,0,0,0,1),(2068,1,167,4,NULL,NULL,NULL,0,'Spudder',0,NULL,NULL,NULL,1,0,0,0,0,0,0,1),(2069,1,167,4,NULL,NULL,NULL,0,'Gnat',0,NULL,NULL,NULL,1,0,0,0,0,0,0,1),(2070,1,167,4,NULL,NULL,NULL,0,'Gnat',0,NULL,NULL,NULL,1,0,0,0,0,0,0,1),(2071,1,167,4,NULL,NULL,NULL,0,'Glancer',1,NULL,NULL,NULL,1,0,0,0,0,0,0,1),(2072,1,167,4,NULL,NULL,NULL,0,'Glancer',1,NULL,NULL,NULL,1,0,0,0,0,0,0,1),(2073,1,167,4,NULL,NULL,NULL,0,'Glancer',1,NULL,NULL,NULL,1,0,0,0,0,0,0,1),(2074,1,167,4,NULL,NULL,NULL,0,'Glancer',1,NULL,NULL,NULL,1,0,0,0,0,0,0,1),(2075,1,167,4,NULL,NULL,NULL,0,'Gnat',0,NULL,NULL,NULL,1,0,0,0,0,0,0,1),(2076,1,167,4,NULL,NULL,NULL,0,'Gnat',0,NULL,NULL,NULL,1,0,0,0,0,0,0,1),(2077,1,167,4,NULL,NULL,NULL,0,'Gnat',1,NULL,NULL,NULL,1,0,0,0,0,0,0,1),(2078,1,167,4,NULL,NULL,NULL,0,'Gnat',0,NULL,NULL,NULL,1,0,0,0,0,0,0,1),(2079,1,167,4,NULL,NULL,NULL,0,'Gnat',0,NULL,NULL,NULL,1,0,0,0,0,0,0,1),(2080,1,167,4,NULL,NULL,NULL,0,'Gnat',1,NULL,NULL,NULL,1,0,0,0,0,0,0,1),(2081,1,168,4,NULL,NULL,NULL,0,'Gnawer',0,NULL,NULL,NULL,1,0,0,0,0,0,0,1),(2082,1,168,4,NULL,NULL,NULL,0,'Gnawer',0,NULL,NULL,NULL,1,0,0,0,0,0,0,1),(2083,1,168,4,NULL,NULL,NULL,0,'Gnawer',0,NULL,NULL,NULL,1,0,0,0,0,0,0,1),(2084,1,168,4,NULL,NULL,NULL,0,'Spudder',1,NULL,NULL,NULL,1,0,0,0,0,0,0,1),(2085,1,168,4,NULL,NULL,NULL,0,'Spudder',0,NULL,NULL,NULL,1,0,0,0,0,0,0,1),(2086,1,168,4,NULL,NULL,NULL,0,'Gnat',0,NULL,NULL,NULL,1,0,0,0,0,0,0,1),(2087,1,168,4,NULL,NULL,NULL,0,'Glancer',1,NULL,NULL,NULL,1,0,0,0,0,0,0,1),(2088,1,168,4,NULL,NULL,NULL,0,'Glancer',1,NULL,NULL,NULL,1,0,0,0,0,0,0,1),(2089,1,168,4,NULL,NULL,NULL,0,'Glancer',1,NULL,NULL,NULL,1,0,0,0,0,0,0,1),(2090,1,168,4,NULL,NULL,NULL,0,'Gnat',0,NULL,NULL,NULL,1,0,0,0,0,0,0,1),(2091,1,168,4,NULL,NULL,NULL,0,'Gnat',0,NULL,NULL,NULL,1,0,0,0,0,0,0,1),(2092,1,168,4,NULL,NULL,NULL,0,'Gnat',1,NULL,NULL,NULL,1,0,0,0,0,0,0,1),(2093,1,168,4,NULL,NULL,NULL,0,'Gnat',0,NULL,NULL,NULL,1,0,0,0,0,0,0,1),(2094,1,168,4,NULL,NULL,NULL,0,'Gnat',0,NULL,NULL,NULL,1,0,0,0,0,0,0,1),(2095,1,168,4,NULL,NULL,NULL,0,'Gnat',1,NULL,NULL,NULL,1,0,0,0,0,0,0,1),(2096,1,169,4,NULL,NULL,NULL,0,'Gnawer',0,NULL,NULL,NULL,1,0,0,0,0,0,0,1),(2097,1,169,4,NULL,NULL,NULL,0,'Gnawer',0,NULL,NULL,NULL,1,0,0,0,0,0,0,1),(2098,1,169,4,NULL,NULL,NULL,0,'Gnawer',0,NULL,NULL,NULL,1,0,0,0,0,0,0,1),(2099,1,169,4,NULL,NULL,NULL,0,'Gnawer',0,NULL,NULL,NULL,1,0,0,0,0,0,0,1),(2100,1,169,4,NULL,NULL,NULL,0,'Spudder',0,NULL,NULL,NULL,1,0,0,0,0,0,0,1),(2101,1,169,4,NULL,NULL,NULL,0,'Spudder',1,NULL,NULL,NULL,1,0,0,0,0,0,0,1),(2102,1,169,4,NULL,NULL,NULL,0,'Spudder',1,NULL,NULL,NULL,1,0,0,0,0,0,0,1),(2103,1,169,4,NULL,NULL,NULL,0,'Spudder',0,NULL,NULL,NULL,1,0,0,0,0,0,0,1),(2104,1,169,4,NULL,NULL,NULL,0,'Gnat',0,NULL,NULL,NULL,1,0,0,0,0,0,0,1),(2105,1,169,4,NULL,NULL,NULL,0,'Gnat',0,NULL,NULL,NULL,1,0,0,0,0,0,0,1),(2106,1,169,4,NULL,NULL,NULL,0,'Gnat',0,NULL,NULL,NULL,1,0,0,0,0,0,0,1),(2107,1,169,4,NULL,NULL,NULL,0,'Glancer',1,NULL,NULL,NULL,1,0,0,0,0,0,0,1),(2108,1,169,4,NULL,NULL,NULL,0,'Glancer',1,NULL,NULL,NULL,1,0,0,0,0,0,0,1),(2109,1,169,4,NULL,NULL,NULL,0,'Glancer',1,NULL,NULL,NULL,1,0,0,0,0,0,0,1),(2110,1,169,4,NULL,NULL,NULL,0,'Gnat',0,NULL,NULL,NULL,1,0,0,0,0,0,0,1),(2111,1,169,4,NULL,NULL,NULL,0,'Gnat',0,NULL,NULL,NULL,1,0,0,0,0,0,0,1),(2112,1,169,4,NULL,NULL,NULL,0,'Gnat',1,NULL,NULL,NULL,1,0,0,0,0,0,0,1),(2113,1,169,4,NULL,NULL,NULL,0,'Gnat',1,NULL,NULL,NULL,1,0,0,0,0,0,0,1),(2114,1,169,4,NULL,NULL,NULL,0,'Gnat',0,NULL,NULL,NULL,1,0,0,0,0,0,0,1),(2115,1,170,4,NULL,NULL,NULL,0,'Gnawer',0,NULL,NULL,NULL,1,0,0,0,0,0,0,1),(2116,1,170,4,NULL,NULL,NULL,0,'Gnawer',0,NULL,NULL,NULL,1,0,0,0,0,0,0,1),(2117,1,170,4,NULL,NULL,NULL,0,'Spudder',0,NULL,NULL,NULL,1,0,0,0,0,0,0,1),(2118,1,170,4,NULL,NULL,NULL,0,'Spudder',1,NULL,NULL,NULL,1,0,0,0,0,0,0,1),(2119,1,170,4,NULL,NULL,NULL,0,'Spudder',0,NULL,NULL,NULL,1,0,0,0,0,0,0,1),(2120,1,170,4,NULL,NULL,NULL,0,'Glancer',1,NULL,NULL,NULL,1,0,0,0,0,0,0,1),(2121,1,170,4,NULL,NULL,NULL,0,'Gnat',0,NULL,NULL,NULL,1,0,0,0,0,0,0,1),(2122,1,170,4,NULL,NULL,NULL,0,'Glancer',1,NULL,NULL,NULL,1,0,0,0,0,0,0,1),(2123,1,170,4,NULL,NULL,NULL,0,'Glancer',1,NULL,NULL,NULL,1,0,0,0,0,0,0,1),(2124,1,170,4,NULL,NULL,NULL,0,'Gnat',0,NULL,NULL,NULL,1,0,0,0,0,0,0,1),(2125,1,170,4,NULL,NULL,NULL,0,'Gnat',0,NULL,NULL,NULL,1,0,0,0,0,0,0,1),(2126,1,170,4,NULL,NULL,NULL,0,'Gnat',1,NULL,NULL,NULL,1,0,0,0,0,0,0,1),(2127,1,170,4,NULL,NULL,NULL,0,'Gnat',0,NULL,NULL,NULL,1,0,0,0,0,0,0,1),(2128,1,170,4,NULL,NULL,NULL,0,'Gnat',0,NULL,NULL,NULL,1,0,0,0,0,0,0,1),(2129,1,170,4,NULL,NULL,NULL,0,'Gnat',1,NULL,NULL,NULL,1,0,0,0,0,0,0,1),(2130,1,171,4,NULL,NULL,NULL,0,'Gnawer',0,NULL,NULL,NULL,1,0,0,0,0,0,0,1),(2131,1,171,4,NULL,NULL,NULL,0,'Gnawer',0,NULL,NULL,NULL,1,0,0,0,0,0,0,1),(2132,1,171,4,NULL,NULL,NULL,0,'Spudder',0,NULL,NULL,NULL,1,0,0,0,0,0,0,1),(2133,1,171,4,NULL,NULL,NULL,0,'Spudder',1,NULL,NULL,NULL,1,0,0,0,0,0,0,1),(2134,1,171,4,NULL,NULL,NULL,0,'Spudder',1,NULL,NULL,NULL,1,0,0,0,0,0,0,1),(2135,1,171,4,NULL,NULL,NULL,0,'Spudder',0,NULL,NULL,NULL,1,0,0,0,0,0,0,1),(2136,1,171,4,NULL,NULL,NULL,0,'Gnat',0,NULL,NULL,NULL,1,0,0,0,0,0,0,1),(2137,1,171,4,NULL,NULL,NULL,0,'Glancer',1,NULL,NULL,NULL,1,0,0,0,0,0,0,1),(2138,1,171,4,NULL,NULL,NULL,0,'Glancer',1,NULL,NULL,NULL,1,0,0,0,0,0,0,1),(2139,1,171,4,NULL,NULL,NULL,0,'Glancer',1,NULL,NULL,NULL,1,0,0,0,0,0,0,1),(2140,1,171,4,NULL,NULL,NULL,0,'Gnat',0,NULL,NULL,NULL,1,0,0,0,0,0,0,1),(2141,1,171,4,NULL,NULL,NULL,0,'Gnat',0,NULL,NULL,NULL,1,0,0,0,0,0,0,1),(2142,1,171,4,NULL,NULL,NULL,0,'Gnat',1,NULL,NULL,NULL,1,0,0,0,0,0,0,1),(2143,1,171,4,NULL,NULL,NULL,0,'Gnat',0,NULL,NULL,NULL,1,0,0,0,0,0,0,1),(2144,1,171,4,NULL,NULL,NULL,0,'Gnat',1,NULL,NULL,NULL,1,0,0,0,0,0,0,1),(2145,1,172,4,NULL,NULL,NULL,0,'Glancer',1,NULL,NULL,NULL,1,0,0,0,0,0,0,1),(2146,1,172,4,NULL,NULL,NULL,0,'Gnat',1,NULL,NULL,NULL,1,0,0,0,0,0,0,1),(2147,1,172,4,NULL,NULL,NULL,0,'Glancer',1,NULL,NULL,NULL,1,0,0,0,0,0,0,1),(2148,1,172,4,NULL,NULL,NULL,0,'Glancer',1,NULL,NULL,NULL,1,0,0,0,0,0,0,1),(2149,1,172,4,NULL,NULL,NULL,0,'Glancer',1,NULL,NULL,NULL,1,0,0,0,0,0,0,1),(2150,1,172,4,NULL,NULL,NULL,0,'Glancer',1,NULL,NULL,NULL,1,0,0,0,0,0,0,1),(2151,1,172,4,NULL,NULL,NULL,0,'Gnat',0,NULL,NULL,NULL,1,0,0,0,0,0,0,1),(2152,1,172,4,NULL,NULL,NULL,0,'Gnat',0,NULL,NULL,NULL,1,0,0,0,0,0,0,1),(2153,1,172,4,NULL,NULL,NULL,0,'Gnat',1,NULL,NULL,NULL,1,0,0,0,0,0,0,1),(2154,1,172,4,NULL,NULL,NULL,0,'Gnat',0,NULL,NULL,NULL,1,0,0,0,0,0,0,1),(2155,1,172,4,NULL,NULL,NULL,0,'Gnat',1,NULL,NULL,NULL,1,0,0,0,0,0,0,1),(2156,1,173,4,NULL,NULL,NULL,0,'Gnawer',0,NULL,NULL,NULL,1,0,0,0,0,0,0,1),(2157,1,173,4,NULL,NULL,NULL,0,'Spudder',0,NULL,NULL,NULL,1,0,0,0,0,0,0,1),(2158,1,173,4,NULL,NULL,NULL,0,'Glancer',1,NULL,NULL,NULL,1,0,0,0,0,0,0,1),(2159,1,173,4,NULL,NULL,NULL,0,'Gnat',0,NULL,NULL,NULL,1,0,0,0,0,0,0,1),(2160,1,173,4,NULL,NULL,NULL,0,'Glancer',1,NULL,NULL,NULL,1,0,0,0,0,0,0,1),(2161,1,173,4,NULL,NULL,NULL,0,'Glancer',1,NULL,NULL,NULL,1,0,0,0,0,0,0,1),(2162,1,173,4,NULL,NULL,NULL,0,'Glancer',1,NULL,NULL,NULL,1,0,0,0,0,0,0,1),(2163,1,173,4,NULL,NULL,NULL,0,'Gnat',0,NULL,NULL,NULL,1,0,0,0,0,0,0,1),(2164,1,173,4,NULL,NULL,NULL,0,'Gnat',0,NULL,NULL,NULL,1,0,0,0,0,0,0,1),(2165,1,173,4,NULL,NULL,NULL,0,'Gnat',1,NULL,NULL,NULL,1,0,0,0,0,0,0,1),(2166,1,173,4,NULL,NULL,NULL,0,'Gnat',0,NULL,NULL,NULL,1,0,0,0,0,0,0,1),(2167,1,173,4,NULL,NULL,NULL,0,'Gnat',0,NULL,NULL,NULL,1,0,0,0,0,0,0,1),(2168,1,173,4,NULL,NULL,NULL,0,'Gnat',0,NULL,NULL,NULL,1,0,0,0,0,0,0,1),(2169,1,174,4,NULL,NULL,NULL,0,'Spudder',0,NULL,NULL,NULL,1,0,0,0,0,0,0,1),(2170,1,174,4,NULL,NULL,NULL,0,'Glancer',1,NULL,NULL,NULL,1,0,0,0,0,0,0,1),(2171,1,174,4,NULL,NULL,NULL,0,'Gnat',0,NULL,NULL,NULL,1,0,0,0,0,0,0,1),(2172,1,174,4,NULL,NULL,NULL,0,'Glancer',1,NULL,NULL,NULL,1,0,0,0,0,0,0,1),(2173,1,174,4,NULL,NULL,NULL,0,'Glancer',1,NULL,NULL,NULL,1,0,0,0,0,0,0,1),(2174,1,174,4,NULL,NULL,NULL,0,'Glancer',1,NULL,NULL,NULL,1,0,0,0,0,0,0,1),(2175,1,174,4,NULL,NULL,NULL,0,'Glancer',1,NULL,NULL,NULL,1,0,0,0,0,0,0,1),(2176,1,174,4,NULL,NULL,NULL,0,'Gnat',0,NULL,NULL,NULL,1,0,0,0,0,0,0,1),(2177,1,174,4,NULL,NULL,NULL,0,'Gnat',0,NULL,NULL,NULL,1,0,0,0,0,0,0,1),(2178,1,174,4,NULL,NULL,NULL,0,'Gnat',1,NULL,NULL,NULL,1,0,0,0,0,0,0,1),(2179,1,174,4,NULL,NULL,NULL,0,'Gnat',0,NULL,NULL,NULL,1,0,0,0,0,0,0,1),(2180,1,174,4,NULL,NULL,NULL,0,'Gnat',1,NULL,NULL,NULL,1,0,0,0,0,0,0,1),(2181,1,174,4,NULL,NULL,NULL,0,'Gnat',1,NULL,NULL,NULL,1,0,0,0,0,0,0,1),(2182,1,174,4,NULL,NULL,NULL,0,'Gnat',0,NULL,NULL,NULL,1,0,0,0,0,0,0,1),(2183,1,175,4,NULL,NULL,NULL,0,'Glancer',1,NULL,NULL,NULL,1,0,0,0,0,0,0,1),(2184,1,175,4,NULL,NULL,NULL,0,'Gnat',0,NULL,NULL,NULL,1,0,0,0,0,0,0,1),(2185,1,175,4,NULL,NULL,NULL,0,'Gnat',0,NULL,NULL,NULL,1,0,0,0,0,0,0,1),(2186,1,175,4,NULL,NULL,NULL,0,'Glancer',1,NULL,NULL,NULL,1,0,0,0,0,0,0,1),(2187,1,175,4,NULL,NULL,NULL,0,'Glancer',1,NULL,NULL,NULL,1,0,0,0,0,0,0,1),(2188,1,175,4,NULL,NULL,NULL,0,'Glancer',1,NULL,NULL,NULL,1,0,0,0,0,0,0,1),(2189,1,175,4,NULL,NULL,NULL,0,'Gnat',0,NULL,NULL,NULL,1,0,0,0,0,0,0,1),(2190,1,175,4,NULL,NULL,NULL,0,'Gnat',0,NULL,NULL,NULL,1,0,0,0,0,0,0,1),(2191,1,175,4,NULL,NULL,NULL,0,'Gnat',1,NULL,NULL,NULL,1,0,0,0,0,0,0,1),(2192,1,175,4,NULL,NULL,NULL,0,'Gnat',0,NULL,NULL,NULL,1,0,0,0,0,0,0,1),(2193,1,175,4,NULL,NULL,NULL,0,'Gnat',0,NULL,NULL,NULL,1,0,0,0,0,0,0,1),(2194,1,175,4,NULL,NULL,NULL,0,'Gnat',1,NULL,NULL,NULL,1,0,0,0,0,0,0,1),(2195,1,175,4,NULL,NULL,NULL,0,'Gnat',1,NULL,NULL,NULL,1,0,0,0,0,0,0,1),(2196,1,176,4,NULL,NULL,NULL,0,'Gnat',0,NULL,NULL,NULL,1,0,0,0,0,0,0,1),(2197,1,176,4,NULL,NULL,NULL,0,'Gnat',0,NULL,NULL,NULL,1,0,0,0,0,0,0,1),(2198,1,176,4,NULL,NULL,NULL,0,'Gnat',1,NULL,NULL,NULL,1,0,0,0,0,0,0,1),(2199,1,176,4,NULL,NULL,NULL,0,'Gnat',1,NULL,NULL,NULL,1,0,0,0,0,0,0,1),(2200,1,177,4,NULL,NULL,NULL,0,'Gnat',0,NULL,NULL,NULL,1,0,0,0,0,0,0,1),(2201,1,177,4,NULL,NULL,NULL,0,'Gnat',0,NULL,NULL,NULL,1,0,0,0,0,0,0,1),(2202,1,177,4,NULL,NULL,NULL,0,'Gnat',1,NULL,NULL,NULL,1,0,0,0,0,0,0,1),(2203,1,177,4,NULL,NULL,NULL,0,'Gnat',0,NULL,NULL,NULL,1,0,0,0,0,0,0,1),(2204,1,177,4,NULL,NULL,NULL,0,'Gnat',0,NULL,NULL,NULL,1,0,0,0,0,0,0,1),(2205,1,178,4,NULL,NULL,NULL,0,'Gnat',0,NULL,NULL,NULL,1,0,0,0,0,0,0,1),(2206,1,178,4,NULL,NULL,NULL,0,'Gnat',0,NULL,NULL,NULL,1,0,0,0,0,0,0,1),(2207,1,178,4,NULL,NULL,NULL,0,'Gnat',1,NULL,NULL,NULL,1,0,0,0,0,0,0,1),(2208,1,178,4,NULL,NULL,NULL,0,'Gnat',0,NULL,NULL,NULL,1,0,0,0,0,0,0,1),(2209,1,178,4,NULL,NULL,NULL,0,'Gnat',1,NULL,NULL,NULL,1,0,0,0,0,0,0,1),(2210,1,178,4,NULL,NULL,NULL,0,'Gnat',0,NULL,NULL,NULL,1,0,0,0,0,0,0,1),(2211,1,10,1,NULL,NULL,NULL,0,'Thor',0,0,0,NULL,1,0,0,0,0,0,0,1),(2212,1,10,1,NULL,NULL,NULL,0,'Thor',0,0,0,NULL,1,0,0,0,0,0,0,1),(2213,1,10,1,NULL,NULL,NULL,0,'Thor',0,0,0,NULL,1,0,0,0,0,0,0,1),(2214,1,10,1,NULL,NULL,NULL,0,'Thor',1,0,0,NULL,1,0,0,0,0,0,0,1),(2215,1,10,1,NULL,NULL,NULL,0,'Thor',1,0,0,NULL,1,0,0,0,0,0,0,1),(2216,1,10,1,NULL,NULL,NULL,0,'Dirac',1,0,0,NULL,1,0,0,0,0,0,0,1),(2217,1,10,1,NULL,NULL,NULL,0,'Dirac',1,0,0,NULL,1,0,0,0,0,0,0,1),(2218,1,10,1,NULL,NULL,NULL,0,'Dirac',0,0,0,NULL,1,0,0,0,0,0,0,1),(2219,1,10,1,NULL,NULL,NULL,0,'Dirac',1,0,0,NULL,1,0,0,0,0,0,0,1),(2220,1,10,1,NULL,NULL,NULL,0,'Dirac',1,0,0,NULL,1,0,0,0,0,0,0,1),(2221,1,10,1,NULL,NULL,NULL,0,'Dirac',0,0,0,NULL,1,0,0,0,0,0,0,1),(2222,1,10,1,NULL,NULL,NULL,0,'Dirac',1,0,0,NULL,1,0,0,0,0,0,0,1),(2223,1,73,2,NULL,NULL,NULL,0,'Gnawer',0,NULL,NULL,NULL,1,0,0,0,0,0,0,1),(2224,1,73,2,NULL,NULL,NULL,0,'Gnawer',0,NULL,NULL,NULL,1,0,0,0,0,0,0,1),(2225,1,73,2,NULL,NULL,NULL,0,'Gnawer',1,NULL,NULL,NULL,1,0,0,0,0,0,0,1),(2226,1,73,2,NULL,NULL,NULL,0,'Gnawer',1,NULL,NULL,NULL,1,0,0,0,0,0,0,1),(2227,1,73,2,NULL,NULL,NULL,0,'Spudder',1,NULL,NULL,NULL,1,0,0,0,0,0,0,1),(2228,1,73,2,NULL,NULL,NULL,0,'Spudder',0,NULL,NULL,NULL,1,0,0,0,0,0,0,1),(2229,1,73,2,NULL,NULL,NULL,0,'Spudder',0,NULL,NULL,NULL,1,0,0,0,0,0,0,1),(2230,1,73,2,NULL,NULL,NULL,0,'Spudder',0,NULL,NULL,NULL,1,0,0,0,0,0,0,1),(2231,1,73,2,NULL,NULL,NULL,0,'Spudder',1,NULL,NULL,NULL,1,0,0,0,0,0,0,1),(2232,1,73,2,NULL,NULL,NULL,0,'Spudder',1,NULL,NULL,NULL,1,0,0,0,0,0,0,1),(2233,1,73,2,NULL,NULL,NULL,0,'Spudder',0,NULL,NULL,NULL,1,0,0,0,0,0,0,1),(2234,1,73,2,NULL,NULL,NULL,0,'Glancer',1,NULL,NULL,NULL,1,0,0,0,0,0,0,1),(2235,1,73,2,NULL,NULL,NULL,0,'Glancer',1,NULL,NULL,NULL,1,0,0,0,0,0,0,1),(2236,1,73,2,NULL,NULL,NULL,0,'Glancer',1,NULL,NULL,NULL,1,0,0,0,0,0,0,1),(2237,1,73,2,NULL,NULL,NULL,0,'Glancer',1,NULL,NULL,NULL,1,0,0,0,0,0,0,1),(2238,1,73,2,NULL,NULL,NULL,0,'Glancer',1,NULL,NULL,NULL,1,0,0,0,0,0,0,1),(2239,1,73,2,NULL,NULL,NULL,0,'Glancer',1,NULL,NULL,NULL,1,0,0,0,0,0,0,1),(2240,1,73,2,NULL,NULL,NULL,0,'Glancer',1,NULL,NULL,NULL,1,0,0,0,0,0,0,1),(2241,1,73,2,NULL,NULL,NULL,0,'Glancer',1,NULL,NULL,NULL,1,0,0,0,0,0,0,1),(2242,1,73,2,NULL,NULL,NULL,0,'Glancer',1,NULL,NULL,NULL,1,0,0,0,0,0,0,1),(2243,1,73,2,NULL,NULL,NULL,0,'Glancer',1,NULL,NULL,NULL,1,0,0,0,0,0,0,1),(2244,1,73,2,NULL,NULL,NULL,0,'Gnat',1,NULL,NULL,NULL,1,0,0,0,0,0,0,1),(2245,1,73,2,NULL,NULL,NULL,0,'Gnat',1,NULL,NULL,NULL,1,0,0,0,0,0,0,1),(2246,1,73,2,NULL,NULL,NULL,0,'Gnat',0,NULL,NULL,NULL,1,0,0,0,0,0,0,1),(2247,1,73,2,NULL,NULL,NULL,0,'Gnat',0,NULL,NULL,NULL,1,0,0,0,0,0,0,1),(2248,1,73,2,NULL,NULL,NULL,0,'Gnat',1,NULL,NULL,NULL,1,0,0,0,0,0,0,1),(2249,1,73,2,NULL,NULL,NULL,0,'Gnat',1,NULL,NULL,NULL,1,0,0,0,0,0,0,1),(2250,1,73,2,NULL,NULL,NULL,0,'Gnat',1,NULL,NULL,NULL,1,0,0,0,0,0,0,1),(2251,1,73,2,NULL,NULL,NULL,0,'Gnat',0,NULL,NULL,NULL,1,0,0,0,0,0,0,1),(2252,1,73,2,NULL,NULL,NULL,0,'Gnat',1,NULL,NULL,NULL,1,0,0,0,0,0,0,1),(2253,1,73,2,NULL,NULL,NULL,0,'Gnat',1,NULL,NULL,NULL,1,0,0,0,0,0,0,1),(2254,1,73,2,NULL,NULL,NULL,0,'Gnat',1,NULL,NULL,NULL,1,0,0,0,0,0,0,1),(2255,1,73,2,NULL,NULL,NULL,0,'Gnat',0,NULL,NULL,NULL,1,0,0,0,0,0,0,1),(2256,1,73,2,NULL,NULL,NULL,0,'Gnat',0,NULL,NULL,NULL,1,0,0,0,0,0,0,1),(2257,1,73,2,NULL,NULL,NULL,0,'Gnat',0,NULL,NULL,NULL,1,0,0,0,0,0,0,1),(2258,1,73,2,NULL,NULL,NULL,0,'Gnat',0,NULL,NULL,NULL,1,0,0,0,0,0,0,1),(2259,1,11,1,NULL,NULL,NULL,0,'Demosis',0,1,45,NULL,1,0,0,0,0,0,0,1),(2260,1,11,1,NULL,NULL,NULL,0,'Demosis',1,1,45,NULL,1,0,0,0,0,0,0,1),(2261,1,11,1,NULL,NULL,NULL,0,'Demosis',1,1,45,NULL,1,0,0,0,0,0,0,1),(2262,1,11,1,NULL,NULL,NULL,0,'Demosis',1,1,45,NULL,1,0,0,0,0,0,0,1),(2263,1,11,1,NULL,NULL,NULL,0,'Demosis',0,1,45,NULL,1,0,0,0,0,0,0,1),(2264,1,11,1,NULL,NULL,NULL,0,'Demosis',1,1,45,NULL,1,0,0,0,0,0,0,1),(2265,1,11,1,NULL,NULL,NULL,0,'Demosis',1,1,45,NULL,1,0,0,0,0,0,0,1),(2266,1,11,1,NULL,NULL,NULL,0,'Demosis',0,1,45,NULL,1,0,0,0,0,0,0,1),(2267,1,11,1,NULL,NULL,NULL,0,'Thor',1,1,45,NULL,1,0,0,0,0,0,0,1),(2268,1,11,1,NULL,NULL,NULL,0,'Thor',1,1,45,NULL,1,0,0,0,0,0,0,1),(2269,1,11,1,NULL,NULL,NULL,0,'Thor',1,1,45,NULL,1,0,0,0,0,0,0,1),(2270,1,11,1,NULL,NULL,NULL,0,'Thor',0,1,45,NULL,1,0,0,0,0,0,0,1),(2271,1,11,1,NULL,NULL,NULL,0,'Thor',1,1,45,NULL,1,0,0,0,0,0,0,1),(2272,1,11,1,NULL,NULL,NULL,0,'Dirac',1,1,45,NULL,1,0,0,0,0,0,0,1),(2273,1,11,1,NULL,NULL,NULL,0,'Dirac',0,1,45,NULL,1,0,0,0,0,0,0,1),(2274,1,11,1,NULL,NULL,NULL,0,'Dirac',1,1,45,NULL,1,0,0,0,0,0,0,1),(2275,1,11,1,NULL,NULL,NULL,0,'Dirac',0,1,45,NULL,1,0,0,0,0,0,0,1),(2276,1,11,1,NULL,NULL,NULL,0,'Dirac',0,1,45,NULL,1,0,0,0,0,0,0,1),(2277,1,11,1,NULL,NULL,NULL,0,'Dirac',1,1,45,NULL,1,0,0,0,0,0,0,1),(2278,1,11,1,NULL,NULL,NULL,0,'Dirac',0,1,45,NULL,1,0,0,0,0,0,0,1),(2279,1,11,1,NULL,NULL,NULL,0,'Dirac',1,1,45,NULL,1,0,0,0,0,0,0,1),(2280,1,11,1,NULL,NULL,NULL,0,'Dirac',1,1,45,NULL,1,0,0,0,0,0,0,1);
/*!40000 ALTER TABLE `units` ENABLE KEYS */;
UNLOCK TABLES;

--
-- Table structure for table `wreckages`
--

DROP TABLE IF EXISTS `wreckages`;
/*!40101 SET @saved_cs_client     = @@character_set_client */;
/*!40101 SET character_set_client = utf8 */;
CREATE TABLE `wreckages` (
  `id` int(11) NOT NULL AUTO_INCREMENT,
  `galaxy_id` int(11) DEFAULT NULL,
  `location_id` int(11) NOT NULL,
  `location_type` tinyint(3) unsigned NOT NULL,
  `location_x` smallint(6) NOT NULL,
  `location_y` smallint(6) NOT NULL,
  `metal` float NOT NULL DEFAULT '0',
  `energy` float NOT NULL DEFAULT '0',
  `zetium` float NOT NULL DEFAULT '0',
  PRIMARY KEY (`id`),
  UNIQUE KEY `location` (`location_id`,`location_type`,`location_x`,`location_y`),
  KEY `galaxy_id` (`galaxy_id`),
  CONSTRAINT `wreckages_ibfk_1` FOREIGN KEY (`galaxy_id`) REFERENCES `galaxies` (`id`) ON DELETE CASCADE
) ENGINE=InnoDB DEFAULT CHARSET=utf8;
/*!40101 SET character_set_client = @saved_cs_client */;

--
-- Dumping data for table `wreckages`
--

LOCK TABLES `wreckages` WRITE;
/*!40000 ALTER TABLE `wreckages` DISABLE KEYS */;
/*!40000 ALTER TABLE `wreckages` ENABLE KEYS */;
UNLOCK TABLES;
/*!40103 SET TIME_ZONE=@OLD_TIME_ZONE */;

/*!40101 SET SQL_MODE=@OLD_SQL_MODE */;
/*!40014 SET FOREIGN_KEY_CHECKS=@OLD_FOREIGN_KEY_CHECKS */;
/*!40014 SET UNIQUE_CHECKS=@OLD_UNIQUE_CHECKS */;
/*!40101 SET CHARACTER_SET_CLIENT=@OLD_CHARACTER_SET_CLIENT */;
/*!40101 SET CHARACTER_SET_RESULTS=@OLD_CHARACTER_SET_RESULTS */;
/*!40101 SET COLLATION_CONNECTION=@OLD_COLLATION_CONNECTION */;
/*!40111 SET SQL_NOTES=@OLD_SQL_NOTES */;

-- Dump completed on 2011-08-11 15:57:50
