-- MySQL dump 10.13  Distrib 5.1.49, for debian-linux-gnu (i686)
--
-- Host: localhost    Database: spacegame
-- ------------------------------------------------------
-- Server version	5.1.49-1ubuntu8.1

/*!40101 SET @OLD_CHARACTER_SET_CLIENT=@@CHARACTER_SET_CLIENT */;
/*!40101 SET @OLD_CHARACTER_SET_RESULTS=@@CHARACTER_SET_RESULTS */;
/*!40101 SET @OLD_COLLATION_CONNECTION=@@COLLATION_CONNECTION */;
/*!40101 SET NAMES utf8 */;
/*!40103 SET @OLD_TIME_ZONE=@@TIME_ZONE */;
/*!40103 SET TIME_ZONE='+00:00' */;
/*!40014 SET @OLD_UNIQUE_CHECKS=@@UNIQUE_CHECKS, UNIQUE_CHECKS=0 */;
/*!40014 SET @OLD_FOREIGN_KEY_CHECKS=@@FOREIGN_KEY_CHECKS, FOREIGN_KEY_CHECKS=0 */;
/*!40101 SET @OLD_SQL_MODE=@@SQL_MODE, SQL_MODE='NO_AUTO_VALUE_ON_ZERO' */;
/*!40111 SET @OLD_SQL_NOTES=@@SQL_NOTES, SQL_NOTES=0 */;

--
-- Table structure for table `alliances`
--

DROP TABLE IF EXISTS `alliances`;
/*!40101 SET @saved_cs_client     = @@character_set_client */;
/*!40101 SET character_set_client = utf8 */;
CREATE TABLE `alliances` (
  `id` int(11) NOT NULL AUTO_INCREMENT,
  `name` varchar(255) NOT NULL,
  `galaxy_id` int(11) NOT NULL,
  PRIMARY KEY (`id`),
  KEY `foreign_key` (`galaxy_id`),
  CONSTRAINT `alliances_ibfk_1` FOREIGN KEY (`galaxy_id`) REFERENCES `galaxies` (`id`) ON DELETE CASCADE
) ENGINE=InnoDB DEFAULT CHARSET=utf8;
/*!40101 SET character_set_client = @saved_cs_client */;

--
-- Dumping data for table `alliances`
--

LOCK TABLES `alliances` WRITE;
/*!40000 ALTER TABLE `alliances` DISABLE KEYS */;
/*!40000 ALTER TABLE `alliances` ENABLE KEYS */;
UNLOCK TABLES;

--
-- Table structure for table `buildings`
--

DROP TABLE IF EXISTS `buildings`;
/*!40101 SET @saved_cs_client     = @@character_set_client */;
/*!40101 SET character_set_client = utf8 */;
CREATE TABLE `buildings` (
  `id` int(11) NOT NULL AUTO_INCREMENT,
  `planet_id` int(11) DEFAULT NULL,
  `x` tinyint(2) unsigned NOT NULL DEFAULT '0',
  `y` tinyint(2) unsigned NOT NULL DEFAULT '0',
  `armor_mod` int(11) NOT NULL,
  `constructor_mod` int(11) NOT NULL,
  `energy_mod` int(11) NOT NULL,
  `level` tinyint(2) unsigned NOT NULL DEFAULT '0',
  `type` varchar(255) NOT NULL,
  `upgrade_ends_at` datetime DEFAULT NULL,
  `x_end` tinyint(2) unsigned NOT NULL DEFAULT '0',
  `y_end` tinyint(2) unsigned NOT NULL DEFAULT '0',
  `state` tinyint(2) NOT NULL DEFAULT '0',
  `hp` int(10) unsigned NOT NULL,
  `pause_remainder` int(10) unsigned DEFAULT NULL,
  `constructable_type` varchar(100) DEFAULT NULL,
  `constructable_id` int(11) DEFAULT NULL,
  `construction_mod` tinyint(2) unsigned NOT NULL DEFAULT '0',
  `cooldown_ends_at` datetime DEFAULT NULL,
  PRIMARY KEY (`id`),
  UNIQUE KEY `tiles_taken` (`planet_id`,`x`,`y`,`x_end`,`y_end`),
  KEY `index_buildings_on_construction_ends` (`upgrade_ends_at`),
  KEY `buildings_by_type` (`planet_id`,`type`),
  CONSTRAINT `buildings_ibfk_1` FOREIGN KEY (`planet_id`) REFERENCES `ss_objects` (`id`) ON DELETE CASCADE
) ENGINE=InnoDB AUTO_INCREMENT=152 DEFAULT CHARSET=utf8;
/*!40101 SET character_set_client = @saved_cs_client */;

--
-- Dumping data for table `buildings`
--

LOCK TABLES `buildings` WRITE;
/*!40000 ALTER TABLE `buildings` DISABLE KEYS */;
INSERT INTO `buildings` VALUES (1,1,2,3,0,0,0,1,'NpcTankFactory',NULL,5,6,1,200000,NULL,NULL,NULL,0,NULL),(2,1,13,4,0,0,0,1,'NpcSpaceFactory',NULL,17,7,1,450000,NULL,NULL,NULL,0,NULL),(3,1,10,7,0,0,0,1,'NpcHall',NULL,11,8,1,145000,NULL,NULL,NULL,0,NULL),(4,1,5,9,0,0,0,1,'NpcInfantryFactory',NULL,7,11,1,60000,NULL,NULL,NULL,0,NULL),(5,4,2,2,0,0,0,1,'NpcSpaceFactory',NULL,6,5,1,450000,NULL,NULL,NULL,0,NULL),(6,4,6,8,0,0,0,1,'NpcHall',NULL,7,9,1,145000,NULL,NULL,NULL,0,NULL),(7,4,1,10,0,0,0,1,'NpcInfantryFactory',NULL,3,12,1,60000,NULL,NULL,NULL,0,NULL),(8,4,10,11,0,0,0,1,'NpcTankFactory',NULL,13,14,1,200000,NULL,NULL,NULL,0,NULL),(9,5,6,5,0,0,0,1,'NpcInfantryFactory',NULL,8,7,1,60000,NULL,NULL,NULL,0,NULL),(10,5,10,8,0,0,0,1,'NpcHall',NULL,11,9,1,145000,NULL,NULL,NULL,0,NULL),(11,5,2,11,0,0,0,1,'NpcTankFactory',NULL,5,14,1,200000,NULL,NULL,NULL,0,NULL),(12,5,14,11,0,0,0,1,'NpcSpaceFactory',NULL,18,14,1,450000,NULL,NULL,NULL,0,NULL),(13,11,1,5,0,0,0,1,'NpcMetalExtractor',NULL,2,6,1,400,NULL,NULL,NULL,0,NULL),(14,11,23,20,0,0,0,1,'NpcMetalExtractor',NULL,24,21,1,400,NULL,NULL,NULL,0,NULL),(15,11,27,15,0,0,0,1,'NpcGeothermalPlant',NULL,28,16,1,600,NULL,NULL,NULL,0,NULL),(16,11,14,16,0,0,0,1,'NpcGeothermalPlant',NULL,15,17,1,600,NULL,NULL,NULL,0,NULL),(17,11,19,22,0,0,0,1,'NpcZetiumExtractor',NULL,20,23,1,1600,NULL,NULL,NULL,0,NULL),(18,11,9,9,0,0,0,1,'NpcZetiumExtractor',NULL,10,10,1,1600,NULL,NULL,NULL,0,NULL),(19,11,11,22,0,0,0,1,'NpcJumpgate',NULL,15,26,1,8000,NULL,NULL,NULL,0,NULL),(20,11,6,24,0,0,0,1,'NpcJumpgate',NULL,10,28,1,8000,NULL,NULL,NULL,0,NULL),(21,11,1,17,0,0,0,1,'NpcJumpgate',NULL,5,21,1,8000,NULL,NULL,NULL,0,NULL),(22,11,2,25,0,0,0,1,'NpcResearchCenter',NULL,5,28,1,4000,NULL,NULL,NULL,0,NULL),(23,11,4,8,0,0,0,1,'NpcExcavationSite',NULL,7,11,1,3000,NULL,NULL,NULL,0,NULL),(24,11,25,12,0,0,0,1,'NpcCommunicationsHub',NULL,28,13,1,1200,NULL,NULL,NULL,0,NULL),(25,11,12,9,0,0,0,1,'NpcTemple',NULL,14,11,1,2500,NULL,NULL,NULL,0,NULL),(26,11,26,24,0,0,0,1,'NpcCommunicationsHub',NULL,29,25,1,1200,NULL,NULL,NULL,0,NULL),(27,11,9,5,0,0,0,1,'NpcSolarPlant',NULL,10,6,1,1000,NULL,NULL,NULL,0,NULL),(28,11,2,11,0,0,0,1,'NpcSolarPlant',NULL,3,12,1,1000,NULL,NULL,NULL,0,NULL),(29,11,13,7,0,0,0,1,'NpcSolarPlant',NULL,14,8,1,1000,NULL,NULL,NULL,0,NULL),(30,11,0,23,0,0,0,1,'NpcSolarPlant',NULL,1,24,1,1000,NULL,NULL,NULL,0,NULL),(31,12,0,0,0,0,0,1,'NpcMetalExtractor',NULL,1,1,1,400,NULL,NULL,NULL,0,NULL),(32,12,7,0,0,0,0,1,'NpcCommunicationsHub',NULL,10,1,1,1200,NULL,NULL,NULL,0,NULL),(33,12,18,0,0,0,0,1,'NpcSolarPlant',NULL,19,1,1,1000,NULL,NULL,NULL,0,NULL),(34,12,3,1,0,0,0,1,'NpcMetalExtractor',NULL,4,2,1,400,NULL,NULL,NULL,0,NULL),(35,12,12,1,0,0,0,1,'NpcSolarPlant',NULL,13,2,1,1000,NULL,NULL,NULL,0,NULL),(36,12,22,1,0,0,0,1,'NpcSolarPlant',NULL,23,2,1,1000,NULL,NULL,NULL,0,NULL),(37,12,26,1,0,0,0,1,'NpcCommunicationsHub',NULL,29,2,1,1200,NULL,NULL,NULL,0,NULL),(38,12,15,3,0,0,0,1,'NpcSolarPlant',NULL,16,4,1,1000,NULL,NULL,NULL,0,NULL),(39,12,18,3,0,0,0,1,'NpcSolarPlant',NULL,19,4,1,1000,NULL,NULL,NULL,0,NULL),(40,12,24,4,0,0,0,1,'NpcMetalExtractor',NULL,25,5,1,400,NULL,NULL,NULL,0,NULL),(41,12,28,4,0,0,0,1,'NpcMetalExtractor',NULL,29,5,1,400,NULL,NULL,NULL,0,NULL),(42,12,9,8,0,0,0,1,'Vulcan',NULL,10,9,1,2000,NULL,NULL,NULL,0,NULL),(43,12,11,8,0,0,0,1,'Screamer',NULL,12,9,1,2600,NULL,NULL,NULL,0,NULL),(44,12,13,8,0,0,0,1,'Thunder',NULL,14,9,1,4000,NULL,NULL,NULL,0,NULL),(45,12,15,8,0,0,0,1,'Vulcan',NULL,16,9,1,2000,NULL,NULL,NULL,0,NULL),(46,12,17,8,0,0,0,1,'Screamer',NULL,18,9,1,2600,NULL,NULL,NULL,0,NULL),(47,12,19,8,0,0,0,1,'Thunder',NULL,20,9,1,4000,NULL,NULL,NULL,0,NULL),(48,12,25,8,0,0,0,1,'NpcCommunicationsHub',NULL,28,9,1,1200,NULL,NULL,NULL,0,NULL),(49,12,9,10,0,0,0,1,'Thunder',NULL,10,11,1,4000,NULL,NULL,NULL,0,NULL),(50,12,11,10,0,0,0,1,'Mothership',NULL,18,15,1,10500,NULL,NULL,NULL,0,NULL),(51,12,19,10,0,0,0,1,'Vulcan',NULL,20,11,1,2000,NULL,NULL,NULL,0,NULL),(52,12,9,12,0,0,0,1,'Screamer',NULL,10,13,1,2600,NULL,NULL,NULL,0,NULL),(53,12,19,12,0,0,0,1,'Screamer',NULL,20,13,1,2600,NULL,NULL,NULL,0,NULL),(54,12,26,12,0,0,0,1,'NpcZetiumExtractor',NULL,27,13,1,1600,NULL,NULL,NULL,0,NULL),(55,12,9,14,0,0,0,1,'Vulcan',NULL,10,15,1,2000,NULL,NULL,NULL,0,NULL),(56,12,19,14,0,0,0,1,'Thunder',NULL,20,15,1,4000,NULL,NULL,NULL,0,NULL),(57,12,9,16,0,0,0,1,'Thunder',NULL,10,17,1,4000,NULL,NULL,NULL,0,NULL),(58,12,11,16,0,0,0,1,'Vulcan',NULL,12,17,1,2000,NULL,NULL,NULL,0,NULL),(59,12,13,16,0,0,0,1,'Thunder',NULL,14,17,1,4000,NULL,NULL,NULL,0,NULL),(60,12,15,16,0,0,0,1,'Screamer',NULL,16,17,1,2600,NULL,NULL,NULL,0,NULL),(61,12,17,16,0,0,0,1,'Thunder',NULL,18,17,1,4000,NULL,NULL,NULL,0,NULL),(62,12,19,16,0,0,0,1,'Vulcan',NULL,20,17,1,2000,NULL,NULL,NULL,0,NULL),(63,12,13,26,0,0,0,1,'NpcSolarPlant',NULL,14,27,1,1000,NULL,NULL,NULL,0,NULL),(64,12,20,27,0,0,0,1,'NpcSolarPlant',NULL,21,28,1,1000,NULL,NULL,NULL,0,NULL),(65,12,0,28,0,0,0,1,'NpcSolarPlant',NULL,1,29,1,1000,NULL,NULL,NULL,0,NULL),(66,12,3,28,0,0,0,1,'NpcSolarPlant',NULL,4,29,1,1000,NULL,NULL,NULL,0,NULL),(67,12,17,28,0,0,0,1,'NpcZetiumExtractor',NULL,18,29,1,1600,NULL,NULL,NULL,0,NULL),(68,12,28,28,0,0,0,1,'NpcSolarPlant',NULL,29,29,1,1000,NULL,NULL,NULL,0,NULL),(69,25,28,23,0,0,0,1,'NpcMetalExtractor',NULL,29,24,1,400,NULL,NULL,NULL,0,NULL),(70,25,14,22,0,0,0,1,'NpcMetalExtractor',NULL,15,23,1,400,NULL,NULL,NULL,0,NULL),(71,25,12,15,0,0,0,1,'NpcMetalExtractor',NULL,13,16,1,400,NULL,NULL,NULL,0,NULL),(72,25,18,13,0,0,0,1,'NpcGeothermalPlant',NULL,19,14,1,600,NULL,NULL,NULL,0,NULL),(73,25,12,26,0,0,0,1,'NpcGeothermalPlant',NULL,13,27,1,600,NULL,NULL,NULL,0,NULL),(74,25,18,5,0,0,0,1,'NpcZetiumExtractor',NULL,19,6,1,1600,NULL,NULL,NULL,0,NULL),(75,25,21,19,0,0,0,1,'NpcZetiumExtractor',NULL,22,20,1,1600,NULL,NULL,NULL,0,NULL),(76,25,15,1,0,0,0,1,'NpcZetiumExtractor',NULL,16,2,1,1600,NULL,NULL,NULL,0,NULL),(77,25,19,1,0,0,0,1,'NpcZetiumExtractor',NULL,20,2,1,1600,NULL,NULL,NULL,0,NULL),(78,25,11,4,0,0,0,1,'NpcJumpgate',NULL,15,8,1,8000,NULL,NULL,NULL,0,NULL),(79,25,0,4,0,0,0,1,'NpcJumpgate',NULL,4,8,1,8000,NULL,NULL,NULL,0,NULL),(80,25,23,0,0,0,0,1,'NpcJumpgate',NULL,27,4,1,8000,NULL,NULL,NULL,0,NULL),(81,25,22,10,0,0,0,1,'NpcExcavationSite',NULL,25,13,1,3000,NULL,NULL,NULL,0,NULL),(82,25,23,16,0,0,0,1,'NpcCommunicationsHub',NULL,26,17,1,1200,NULL,NULL,NULL,0,NULL),(83,25,27,6,0,0,0,1,'NpcExcavationSite',NULL,30,9,1,3000,NULL,NULL,NULL,0,NULL),(84,25,7,18,0,0,0,1,'NpcTemple',NULL,9,20,1,2500,NULL,NULL,NULL,0,NULL),(85,25,7,21,0,0,0,1,'NpcSolarPlant',NULL,8,22,1,1000,NULL,NULL,NULL,0,NULL),(86,25,5,18,0,0,0,1,'NpcSolarPlant',NULL,6,19,1,1000,NULL,NULL,NULL,0,NULL),(87,25,1,17,0,0,0,1,'NpcSolarPlant',NULL,2,18,1,1000,NULL,NULL,NULL,0,NULL),(88,38,15,16,0,0,0,1,'NpcMetalExtractor',NULL,16,17,1,400,NULL,NULL,NULL,0,NULL),(89,38,1,3,0,0,0,1,'NpcMetalExtractor',NULL,2,4,1,400,NULL,NULL,NULL,0,NULL),(90,38,24,26,0,0,0,1,'NpcMetalExtractor',NULL,25,27,1,400,NULL,NULL,NULL,0,NULL),(91,38,19,7,0,0,0,1,'NpcGeothermalPlant',NULL,20,8,1,600,NULL,NULL,NULL,0,NULL),(92,38,21,12,0,0,0,1,'NpcZetiumExtractor',NULL,22,13,1,1600,NULL,NULL,NULL,0,NULL),(93,38,15,11,0,0,0,1,'NpcZetiumExtractor',NULL,16,12,1,1600,NULL,NULL,NULL,0,NULL),(94,38,14,24,0,0,0,1,'NpcJumpgate',NULL,18,28,1,8000,NULL,NULL,NULL,0,NULL),(95,38,19,1,0,0,0,1,'NpcJumpgate',NULL,23,5,1,8000,NULL,NULL,NULL,0,NULL),(96,38,28,2,0,0,0,1,'NpcResearchCenter',NULL,31,5,1,4000,NULL,NULL,NULL,0,NULL),(97,38,5,2,0,0,0,1,'NpcExcavationSite',NULL,8,5,1,3000,NULL,NULL,NULL,0,NULL),(98,38,18,18,0,0,0,1,'NpcTemple',NULL,20,20,1,2500,NULL,NULL,NULL,0,NULL),(99,38,28,8,0,0,0,1,'NpcCommunicationsHub',NULL,31,9,1,1200,NULL,NULL,NULL,0,NULL),(100,38,24,7,0,0,0,1,'NpcSolarPlant',NULL,25,8,1,1000,NULL,NULL,NULL,0,NULL),(101,38,11,0,0,0,0,1,'NpcSolarPlant',NULL,12,1,1,1000,NULL,NULL,NULL,0,NULL),(102,38,23,20,0,0,0,1,'NpcSolarPlant',NULL,24,21,1,1000,NULL,NULL,NULL,0,NULL),(103,38,18,10,0,0,0,1,'NpcSolarPlant',NULL,19,11,1,1000,NULL,NULL,NULL,0,NULL),(104,44,13,13,0,0,0,1,'NpcMetalExtractor',NULL,14,14,1,400,NULL,NULL,NULL,0,NULL),(105,44,17,25,0,0,0,1,'NpcMetalExtractor',NULL,18,26,1,400,NULL,NULL,NULL,0,NULL),(106,44,9,2,0,0,0,1,'NpcGeothermalPlant',NULL,10,3,1,600,NULL,NULL,NULL,0,NULL),(107,44,25,30,0,0,0,1,'NpcZetiumExtractor',NULL,26,31,1,1600,NULL,NULL,NULL,0,NULL),(108,44,22,6,0,0,0,1,'NpcZetiumExtractor',NULL,23,7,1,1600,NULL,NULL,NULL,0,NULL),(109,44,18,11,0,0,0,1,'NpcJumpgate',NULL,22,15,1,8000,NULL,NULL,NULL,0,NULL),(110,44,4,9,0,0,0,1,'NpcJumpgate',NULL,8,13,1,8000,NULL,NULL,NULL,0,NULL),(111,44,16,19,0,0,0,1,'NpcResearchCenter',NULL,19,22,1,4000,NULL,NULL,NULL,0,NULL),(112,44,4,19,0,0,0,1,'NpcExcavationSite',NULL,7,22,1,3000,NULL,NULL,NULL,0,NULL),(113,44,0,9,0,0,0,1,'NpcCommunicationsHub',NULL,3,10,1,1200,NULL,NULL,NULL,0,NULL),(114,44,12,31,0,0,0,1,'NpcSolarPlant',NULL,13,32,1,1000,NULL,NULL,NULL,0,NULL),(115,44,19,16,0,0,0,1,'NpcSolarPlant',NULL,20,17,1,1000,NULL,NULL,NULL,0,NULL),(116,44,23,1,0,0,0,1,'NpcSolarPlant',NULL,24,2,1,1000,NULL,NULL,NULL,0,NULL),(117,50,17,2,0,0,0,1,'NpcMetalExtractor',NULL,18,3,1,400,NULL,NULL,NULL,0,NULL),(118,50,22,16,0,0,0,1,'NpcMetalExtractor',NULL,23,17,1,400,NULL,NULL,NULL,0,NULL),(119,50,23,6,0,0,0,1,'NpcMetalExtractor',NULL,24,7,1,400,NULL,NULL,NULL,0,NULL),(120,50,14,31,0,0,0,1,'NpcGeothermalPlant',NULL,15,32,1,600,NULL,NULL,NULL,0,NULL),(121,50,18,26,0,0,0,1,'NpcGeothermalPlant',NULL,19,27,1,600,NULL,NULL,NULL,0,NULL),(122,50,26,21,0,0,0,1,'NpcZetiumExtractor',NULL,27,22,1,1600,NULL,NULL,NULL,0,NULL),(123,50,2,28,0,0,0,1,'NpcZetiumExtractor',NULL,3,29,1,1600,NULL,NULL,NULL,0,NULL),(124,50,10,19,0,0,0,1,'NpcZetiumExtractor',NULL,11,20,1,1600,NULL,NULL,NULL,0,NULL),(125,50,16,6,0,0,0,1,'NpcJumpgate',NULL,20,10,1,8000,NULL,NULL,NULL,0,NULL),(126,50,16,12,0,0,0,1,'NpcJumpgate',NULL,20,16,1,8000,NULL,NULL,NULL,0,NULL),(127,50,21,11,0,0,0,1,'NpcResearchCenter',NULL,24,14,1,4000,NULL,NULL,NULL,0,NULL),(128,50,5,12,0,0,0,1,'NpcExcavationSite',NULL,8,15,1,3000,NULL,NULL,NULL,0,NULL),(129,50,2,6,0,0,0,1,'NpcExcavationSite',NULL,5,9,1,3000,NULL,NULL,NULL,0,NULL),(130,50,2,0,0,0,0,1,'NpcTemple',NULL,4,2,1,2500,NULL,NULL,NULL,0,NULL),(131,50,11,23,0,0,0,1,'NpcCommunicationsHub',NULL,14,24,1,1200,NULL,NULL,NULL,0,NULL),(132,50,14,20,0,0,0,1,'NpcSolarPlant',NULL,15,21,1,1000,NULL,NULL,NULL,0,NULL),(133,50,0,13,0,0,0,1,'NpcSolarPlant',NULL,1,14,1,1000,NULL,NULL,NULL,0,NULL),(134,50,7,3,0,0,0,1,'NpcSolarPlant',NULL,8,4,1,1000,NULL,NULL,NULL,0,NULL),(135,58,12,13,0,0,0,1,'NpcMetalExtractor',NULL,13,14,1,400,NULL,NULL,NULL,0,NULL),(136,58,15,19,0,0,0,1,'NpcMetalExtractor',NULL,16,20,1,400,NULL,NULL,NULL,0,NULL),(137,58,15,24,0,0,0,1,'NpcMetalExtractor',NULL,16,25,1,400,NULL,NULL,NULL,0,NULL),(138,58,18,1,0,0,0,1,'NpcMetalExtractor',NULL,19,2,1,400,NULL,NULL,NULL,0,NULL),(139,58,20,17,0,0,0,1,'NpcMetalExtractor',NULL,21,18,1,400,NULL,NULL,NULL,0,NULL),(140,58,4,9,0,0,0,1,'NpcGeothermalPlant',NULL,5,10,1,600,NULL,NULL,NULL,0,NULL),(141,58,8,3,0,0,0,1,'NpcZetiumExtractor',NULL,9,4,1,1600,NULL,NULL,NULL,0,NULL),(142,58,2,4,0,0,0,1,'NpcZetiumExtractor',NULL,3,5,1,1600,NULL,NULL,NULL,0,NULL),(143,58,9,7,0,0,0,1,'NpcJumpgate',NULL,13,11,1,8000,NULL,NULL,NULL,0,NULL),(144,58,10,16,0,0,0,1,'NpcResearchCenter',NULL,13,19,1,4000,NULL,NULL,NULL,0,NULL),(145,58,5,6,0,0,0,1,'NpcCommunicationsHub',NULL,8,7,1,1200,NULL,NULL,NULL,0,NULL),(146,58,8,12,0,0,0,1,'NpcTemple',NULL,10,14,1,2500,NULL,NULL,NULL,0,NULL),(147,58,20,8,0,0,0,1,'NpcCommunicationsHub',NULL,23,9,1,1200,NULL,NULL,NULL,0,NULL),(148,58,18,8,0,0,0,1,'NpcSolarPlant',NULL,19,9,1,1000,NULL,NULL,NULL,0,NULL),(149,58,15,8,0,0,0,1,'NpcSolarPlant',NULL,16,9,1,1000,NULL,NULL,NULL,0,NULL),(150,58,18,26,0,0,0,1,'NpcSolarPlant',NULL,19,27,1,1000,NULL,NULL,NULL,0,NULL),(151,58,22,1,0,0,0,1,'NpcSolarPlant',NULL,23,2,1,1000,NULL,NULL,NULL,0,NULL);
/*!40000 ALTER TABLE `buildings` ENABLE KEYS */;
UNLOCK TABLES;

--
-- Table structure for table `callbacks`
--

DROP TABLE IF EXISTS `callbacks`;
/*!40101 SET @saved_cs_client     = @@character_set_client */;
/*!40101 SET character_set_client = utf8 */;
CREATE TABLE `callbacks` (
  `class` varchar(50) NOT NULL,
  `object_id` int(10) unsigned NOT NULL,
  `ends_at` datetime NOT NULL,
  `event` tinyint(2) unsigned NOT NULL DEFAULT '0',
  `ruleset` varchar(30) NOT NULL,
  UNIQUE KEY `main` (`class`,`object_id`,`event`),
  KEY `tick` (`ends_at`)
) ENGINE=InnoDB DEFAULT CHARSET=utf8;
/*!40101 SET character_set_client = @saved_cs_client */;

--
-- Dumping data for table `callbacks`
--

LOCK TABLES `callbacks` WRITE;
/*!40000 ALTER TABLE `callbacks` DISABLE KEYS */;
/*!40000 ALTER TABLE `callbacks` ENABLE KEYS */;
UNLOCK TABLES;

--
-- Table structure for table `combat_logs`
--

DROP TABLE IF EXISTS `combat_logs`;
/*!40101 SET @saved_cs_client     = @@character_set_client */;
/*!40101 SET character_set_client = utf8 */;
CREATE TABLE `combat_logs` (
  `sha1_id` char(40) NOT NULL,
  `info` mediumtext NOT NULL,
  `expires_at` datetime NOT NULL,
  PRIMARY KEY (`sha1_id`),
  KEY `index_combat_logs_on_expires_at` (`expires_at`)
) ENGINE=InnoDB DEFAULT CHARSET=utf8;
/*!40101 SET character_set_client = @saved_cs_client */;

--
-- Dumping data for table `combat_logs`
--

LOCK TABLES `combat_logs` WRITE;
/*!40000 ALTER TABLE `combat_logs` DISABLE KEYS */;
/*!40000 ALTER TABLE `combat_logs` ENABLE KEYS */;
UNLOCK TABLES;

--
-- Table structure for table `construction_queue_entries`
--

DROP TABLE IF EXISTS `construction_queue_entries`;
/*!40101 SET @saved_cs_client     = @@character_set_client */;
/*!40101 SET character_set_client = utf8 */;
CREATE TABLE `construction_queue_entries` (
  `id` int(11) NOT NULL AUTO_INCREMENT,
  `constructable_type` varchar(100) NOT NULL,
  `constructor_id` int(11) NOT NULL,
  `count` int(11) NOT NULL,
  `position` smallint(2) unsigned NOT NULL DEFAULT '0',
  `params` text,
  PRIMARY KEY (`id`),
  KEY `index_upgrade_queue_entries_on_position` (`position`),
  KEY `foreign_key` (`constructor_id`),
  CONSTRAINT `construction_queue_entries_ibfk_1` FOREIGN KEY (`constructor_id`) REFERENCES `buildings` (`id`) ON DELETE CASCADE
) ENGINE=InnoDB DEFAULT CHARSET=utf8;
/*!40101 SET character_set_client = @saved_cs_client */;

--
-- Dumping data for table `construction_queue_entries`
--

LOCK TABLES `construction_queue_entries` WRITE;
/*!40000 ALTER TABLE `construction_queue_entries` DISABLE KEYS */;
/*!40000 ALTER TABLE `construction_queue_entries` ENABLE KEYS */;
UNLOCK TABLES;

--
-- Table structure for table `cooldowns`
--

DROP TABLE IF EXISTS `cooldowns`;
/*!40101 SET @saved_cs_client     = @@character_set_client */;
/*!40101 SET character_set_client = utf8 */;
CREATE TABLE `cooldowns` (
  `id` int(11) NOT NULL AUTO_INCREMENT,
  `location_id` int(10) unsigned NOT NULL,
  `location_type` tinyint(2) unsigned NOT NULL,
  `location_x` int(11) DEFAULT NULL,
  `location_y` int(11) DEFAULT NULL,
  `ends_at` datetime NOT NULL,
  PRIMARY KEY (`id`),
  UNIQUE KEY `location` (`location_id`,`location_type`,`location_x`,`location_y`)
) ENGINE=InnoDB DEFAULT CHARSET=utf8;
/*!40101 SET character_set_client = @saved_cs_client */;

--
-- Dumping data for table `cooldowns`
--

LOCK TABLES `cooldowns` WRITE;
/*!40000 ALTER TABLE `cooldowns` DISABLE KEYS */;
/*!40000 ALTER TABLE `cooldowns` ENABLE KEYS */;
UNLOCK TABLES;

--
-- Table structure for table `folliages`
--

DROP TABLE IF EXISTS `folliages`;
/*!40101 SET @saved_cs_client     = @@character_set_client */;
/*!40101 SET character_set_client = utf8 */;
CREATE TABLE `folliages` (
  `planet_id` int(11) NOT NULL,
  `x` tinyint(2) unsigned NOT NULL DEFAULT '0',
  `y` tinyint(2) unsigned NOT NULL DEFAULT '0',
  `kind` tinyint(2) unsigned NOT NULL DEFAULT '0',
  UNIQUE KEY `coords` (`planet_id`,`x`,`y`),
  CONSTRAINT `folliages_ibfk_1` FOREIGN KEY (`planet_id`) REFERENCES `ss_objects` (`id`) ON DELETE CASCADE
) ENGINE=InnoDB DEFAULT CHARSET=utf8;
/*!40101 SET character_set_client = @saved_cs_client */;

--
-- Dumping data for table `folliages`
--

LOCK TABLES `folliages` WRITE;
/*!40000 ALTER TABLE `folliages` DISABLE KEYS */;
INSERT INTO `folliages` VALUES (1,0,7,6),(1,2,12,13),(1,3,8,7),(1,3,9,3),(1,3,10,8),(1,3,11,1),(1,3,12,0),(1,4,11,7),(1,5,2,10),(1,5,8,6),(1,6,7,12),(1,6,8,4),(1,7,12,8),(1,8,0,1),(1,8,7,6),(1,8,11,2),(1,10,1,1),(1,10,4,1),(1,11,4,10),(1,12,0,7),(1,12,5,5),(1,12,6,1),(1,13,3,0),(1,15,0,8),(1,15,9,12),(1,16,0,10),(1,16,9,7),(1,17,1,7),(1,17,12,8),(1,18,5,7),(1,18,7,1),(1,19,4,9),(1,19,8,5),(1,20,9,8),(1,21,4,13),(1,21,9,7),(1,21,11,9),(1,22,9,9),(1,22,10,4),(1,22,11,12),(4,0,2,12),(4,0,7,0),(4,0,8,3),(4,0,10,1),(4,0,12,10),(4,1,6,10),(4,1,14,1),(4,2,7,0),(4,2,14,9),(4,3,0,5),(4,3,6,8),(4,3,8,8),(4,3,13,11),(4,3,14,4),(4,4,13,9),(4,5,7,11),(4,6,6,11),(4,7,0,1),(4,7,5,4),(4,8,4,8),(4,8,7,12),(4,8,10,1),(4,9,12,6),(4,9,14,2),(4,10,10,6),(4,11,0,4),(4,11,10,4),(4,12,10,6),(4,13,7,5),(4,14,10,2),(4,14,14,8),(5,0,4,4),(5,0,14,10),(5,1,6,1),(5,1,10,11),(5,2,10,11),(5,3,6,7),(5,4,8,13),(5,4,10,9),(5,5,8,0),(5,5,10,0),(5,6,2,6),(5,6,8,5),(5,6,16,4),(5,8,4,7),(5,8,8,1),(5,8,10,7),(5,8,11,11),(5,9,5,8),(5,9,6,3),(5,9,8,10),(5,10,4,0),(5,10,5,7),(5,10,16,4),(5,11,1,12),(5,11,6,2),(5,12,12,2),(5,13,2,1),(5,13,4,5),(5,13,5,6),(5,13,9,12),(5,13,14,0),(5,13,15,12),(5,14,15,3),(5,16,6,3),(5,16,15,11),(5,17,6,9),(5,17,9,9),(5,18,7,6),(5,18,9,2),(5,18,16,9),(5,19,14,8),(5,20,0,12),(5,20,2,0),(5,20,3,5),(5,20,4,10),(5,20,7,11),(5,20,8,10),(5,20,9,1),(11,0,16,12),(11,0,28,2),(11,1,15,1),(11,1,16,5),(11,2,4,5),(11,2,14,13),(11,2,23,5),(11,3,5,7),(11,4,0,6),(11,4,5,3),(11,4,7,3),(11,5,5,6),(11,5,14,3),(11,6,12,7),(11,7,4,13),(11,7,5,1),(11,7,7,5),(11,7,14,0),(11,7,17,5),(11,7,21,6),(11,8,9,12),(11,9,20,5),(11,10,11,0),(11,11,6,7),(11,11,28,10),(11,12,8,2),(11,12,13,4),(11,12,27,11),(11,13,0,3),(11,13,6,4),(11,13,13,11),(11,13,18,6),(11,14,6,11),(11,14,21,11),(11,14,28,6),(11,16,0,13),(11,16,9,1),(11,16,19,10),(11,16,22,0),(11,17,17,11),(11,17,23,11),(11,17,26,4),(11,18,0,6),(11,18,26,8),(11,19,4,13),(11,19,8,8),(11,19,9,13),(11,19,10,12),(11,19,11,7),(11,19,13,7),(11,19,16,5),(11,19,18,3),(11,19,19,2),(11,20,0,1),(11,21,17,1),(11,22,10,1),(11,23,13,13),(11,24,16,7),(11,24,25,1),(11,24,29,2),(11,25,10,7),(11,25,18,0),(11,26,14,4),(11,26,16,12),(11,27,3,3),(11,27,10,1),(11,27,17,7),(11,28,2,8),(11,28,7,2),(11,28,11,12),(11,28,14,12),(11,28,19,3),(11,29,7,4),(11,29,10,1),(11,29,11,4),(11,29,15,4),(11,29,17,0),(11,29,23,2),(12,0,23,4),(12,0,24,2),(12,1,23,3),(12,2,18,1),(12,2,19,10),(12,2,24,0),(12,2,25,9),(12,2,26,0),(12,3,25,10),(12,3,26,6),(12,4,20,13),(12,5,1,10),(12,5,4,1),(12,5,7,10),(12,5,12,4),(12,5,25,2),(12,5,28,8),(12,6,1,10),(12,6,3,7),(12,6,4,7),(12,6,6,0),(12,6,10,2),(12,6,13,1),(12,6,15,3),(12,6,21,3),(12,6,22,4),(12,6,29,4),(12,7,7,5),(12,7,13,8),(12,7,14,8),(12,7,17,11),(12,7,22,5),(12,7,29,0),(12,8,11,0),(12,8,21,0),(12,8,22,6),(12,9,21,5),(12,9,29,4),(12,10,18,4),(12,10,19,11),(12,11,18,4),(12,11,19,2),(12,12,4,4),(12,12,20,11),(12,13,3,0),(12,13,5,10),(12,13,24,3),(12,13,25,12),(12,14,25,1),(12,15,5,3),(12,15,6,4),(12,15,21,5),(12,15,23,11),(12,15,24,0),(12,16,6,12),(12,16,22,4),(12,17,5,8),(12,17,6,6),(12,17,7,11),(12,17,18,3),(12,17,23,0),(12,17,24,9),(12,18,6,4),(12,18,25,9),(12,19,20,0),(12,19,21,11),(12,20,18,9),(12,20,26,4),(12,21,13,9),(12,21,16,9),(12,21,21,4),(12,21,26,7),(12,22,4,4),(12,22,5,13),(12,22,8,2),(12,22,11,0),(12,22,14,5),(12,22,18,0),(12,22,19,11),(12,22,23,9),(12,22,24,7),(12,23,8,10),(12,23,11,9),(12,23,16,8),(12,23,17,11),(12,23,18,5),(12,23,24,8),(12,24,6,7),(12,24,12,6),(12,24,13,7),(12,24,15,2),(12,24,16,5),(12,24,19,0),(12,24,22,6),(12,25,16,0),(12,25,20,8),(12,25,21,5),(12,25,26,4),(12,26,3,0),(12,26,14,0),(12,26,16,7),(12,27,3,10),(12,27,11,8),(12,27,15,10),(12,27,25,5),(12,27,26,8),(12,27,27,11),(12,27,29,8),(12,28,0,3),(12,28,12,2),(12,28,13,0),(12,28,14,9),(12,28,20,6),(12,29,6,1),(12,29,12,5),(25,0,10,2),(25,0,14,3),(25,0,24,4),(25,1,13,12),(25,1,14,11),(25,1,22,5),(25,1,23,2),(25,1,25,8),(25,2,10,1),(25,2,12,1),(25,2,13,11),(25,3,2,6),(25,3,9,11),(25,3,10,8),(25,3,13,7),(25,3,14,4),(25,3,18,10),(25,3,19,2),(25,3,27,8),(25,4,27,7),(25,5,1,6),(25,5,10,7),(25,5,11,3),(25,6,3,10),(25,7,0,6),(25,7,1,8),(25,7,17,3),(25,7,23,13),(25,8,1,8),(25,8,2,11),(25,9,0,10),(25,9,26,1),(25,10,1,2),(25,10,15,2),(25,11,2,0),(25,11,12,12),(25,11,16,5),(25,11,19,13),(25,11,23,8),(25,12,1,1),(25,12,3,4),(25,12,19,5),(25,12,20,11),(25,12,23,2),(25,13,3,9),(25,13,9,4),(25,13,13,12),(25,13,18,12),(25,13,25,2),(25,14,3,7),(25,14,13,2),(25,14,15,8),(25,14,18,11),(25,15,9,3),(25,15,18,13),(25,16,17,13),(25,16,21,10),(25,16,22,4),(25,17,14,3),(25,17,21,7),(25,17,28,8),(25,18,1,8),(25,18,3,6),(25,18,15,2),(25,18,21,11),(25,19,16,12),(25,19,22,10),(25,20,6,13),(25,20,11,1),(25,20,19,2),(25,21,28,1),(25,22,8,1),(25,23,14,2),(25,23,25,1),(25,23,28,0),(25,24,15,6),(25,24,18,6),(25,24,27,8),(25,24,28,11),(25,25,14,13),(25,25,28,13),(25,26,9,12),(25,26,11,13),(25,26,20,7),(25,27,11,3),(25,27,13,13),(25,27,17,6),(25,28,0,12),(25,28,4,5),(25,28,11,13),(25,28,17,2),(25,28,18,11),(25,29,17,0),(25,30,1,2),(25,30,3,1),(25,30,4,5),(25,30,5,0),(25,30,16,10),(25,30,22,10),(25,30,23,11),(25,30,27,12),(38,0,0,3),(38,0,2,3),(38,0,4,9),(38,0,9,0),(38,0,26,7),(38,1,0,12),(38,1,8,8),(38,1,13,8),(38,1,14,3),(38,1,15,4),(38,1,27,7),(38,2,10,7),(38,2,13,9),(38,2,27,11),(38,2,28,4),(38,3,7,12),(38,3,12,9),(38,3,18,3),(38,3,19,4),(38,4,13,0),(38,4,14,10),(38,4,23,3),(38,4,26,7),(38,5,11,2),(38,5,16,10),(38,6,21,11),(38,6,24,4),(38,7,20,4),(38,7,24,8),(38,8,0,2),(38,8,1,12),(38,8,17,9),(38,8,23,5),(38,8,26,5),(38,9,2,10),(38,9,3,3),(38,9,5,3),(38,9,18,10),(38,9,23,4),(38,9,27,7),(38,10,3,11),(38,10,14,1),(38,10,18,0),(38,11,2,0),(38,11,3,10),(38,11,13,6),(38,11,18,0),(38,11,22,3),(38,11,28,5),(38,12,2,0),(38,12,9,11),(38,12,16,13),(38,13,1,4),(38,13,6,4),(38,13,18,6),(38,13,21,13),(38,14,6,12),(38,14,10,13),(38,14,11,9),(38,14,20,3),(38,15,2,10),(38,15,3,2),(38,15,7,1),(38,16,0,12),(38,17,1,1),(38,19,17,12),(38,19,23,11),(38,20,15,1),(38,21,19,8),(38,22,16,10),(38,22,17,7),(38,22,27,0),(38,23,12,12),(38,23,15,5),(38,23,18,7),(38,24,14,7),(38,24,24,3),(38,25,11,9),(38,25,13,2),(38,25,14,9),(38,25,17,3),(38,27,3,5),(38,28,28,13),(38,30,1,0),(38,30,11,13),(38,31,1,8),(38,31,7,9),(44,0,12,3),(44,0,15,10),(44,0,24,6),(44,0,32,9),(44,1,13,5),(44,1,15,3),(44,3,24,9),(44,3,25,2),(44,4,3,8),(44,4,5,11),(44,4,6,11),(44,4,7,10),(44,4,23,7),(44,4,24,10),(44,5,1,7),(44,5,4,13),(44,6,0,2),(44,6,1,8),(44,6,24,3),(44,7,3,8),(44,7,4,7),(44,7,17,5),(44,7,18,5),(44,7,23,10),(44,8,1,4),(44,8,6,10),(44,8,7,11),(44,9,0,4),(44,9,4,6),(44,10,12,10),(44,10,27,9),(44,11,13,8),(44,11,21,3),(44,11,25,9),(44,11,28,9),(44,11,30,5),(44,11,32,6),(44,12,10,3),(44,12,30,4),(44,13,1,12),(44,13,11,9),(44,13,17,13),(44,13,18,2),(44,13,19,2),(44,13,27,1),(44,14,1,12),(44,14,20,10),(44,14,21,1),(44,14,22,13),(44,14,30,9),(44,15,1,9),(44,15,3,4),(44,15,15,5),(44,15,16,7),(44,15,22,3),(44,15,24,9),(44,15,25,10),(44,16,4,5),(44,17,16,5),(44,17,23,6),(44,17,31,4),(44,18,5,11),(44,18,23,11),(44,18,28,3),(44,18,31,9),(44,19,9,13),(44,19,23,9),(44,19,26,5),(44,20,0,6),(44,20,5,7),(44,20,6,7),(44,20,20,9),(44,20,32,1),(44,21,0,8),(44,21,1,7),(44,21,9,10),(44,21,16,13),(44,21,20,2),(44,21,30,13),(44,22,32,9),(44,23,10,11),(44,23,13,13),(44,24,6,7),(44,24,7,11),(44,24,9,9),(44,24,10,8),(44,24,26,3),(44,24,30,8),(44,24,32,8),(44,25,1,7),(44,25,8,6),(44,25,22,10),(44,25,24,2),(44,26,7,12),(44,26,11,10),(44,26,18,11),(44,26,24,2),(44,26,26,4),(44,26,27,8),(44,26,29,4),(44,27,7,4),(44,27,10,10),(44,27,11,2),(44,27,14,6),(44,27,24,7),(44,28,17,2),(44,28,18,3),(44,28,27,10),(44,29,13,11),(44,29,17,13),(44,29,18,3),(44,29,23,1),(44,29,24,12),(44,29,29,10),(50,0,3,9),(50,0,7,7),(50,0,10,1),(50,0,12,7),(50,0,32,4),(50,1,4,12),(50,1,5,5),(50,1,11,4),(50,2,5,2),(50,2,13,9),(50,2,16,11),(50,2,25,1),(50,3,5,0),(50,3,16,7),(50,3,18,12),(50,4,13,7),(50,4,28,9),(50,4,30,4),(50,4,31,1),(50,4,33,9),(50,5,10,0),(50,5,11,3),(50,5,32,4),(50,5,33,11),(50,6,5,7),(50,6,8,9),(50,6,21,11),(50,6,23,4),(50,6,24,11),(50,6,27,3),(50,6,28,6),(50,6,32,1),(50,6,33,6),(50,7,11,10),(50,7,16,5),(50,7,21,6),(50,7,31,10),(50,8,7,4),(50,8,11,9),(50,8,17,2),(50,8,32,13),(50,9,4,5),(50,9,5,9),(50,9,7,13),(50,9,12,7),(50,9,15,8),(50,9,16,6),(50,10,3,10),(50,10,7,3),(50,10,15,12),(50,11,6,7),(50,11,18,1),(50,11,27,0),(50,12,1,6),(50,12,5,12),(50,12,9,4),(50,12,16,4),(50,12,27,3),(50,12,28,1),(50,12,29,4),(50,13,0,1),(50,13,5,11),(50,13,8,0),(50,13,12,0),(50,13,26,7),(50,14,0,2),(50,14,3,4),(50,14,4,3),(50,14,7,13),(50,14,10,8),(50,15,0,5),(50,15,1,2),(50,15,12,9),(50,15,22,10),(50,15,23,0),(50,15,24,13),(50,15,30,13),(50,16,4,4),(50,16,5,7),(50,16,24,11),(50,16,32,3),(50,17,30,7),(50,18,29,3),(50,18,30,2),(50,18,33,3),(50,19,2,5),(50,19,31,7),(50,19,33,4),(50,20,27,11),(50,20,29,6),(50,21,22,12),(50,21,25,3),(50,21,27,5),(50,22,15,8),(50,22,29,7),(50,22,32,6),(50,23,9,12),(50,23,15,8),(50,23,20,6),(50,23,23,5),(50,23,25,2),(50,24,20,11),(50,24,27,10),(50,25,15,4),(50,25,20,8),(50,25,23,11),(50,25,26,4),(50,26,19,2),(50,28,11,8),(50,28,25,2),(50,29,7,9),(50,29,14,9),(50,29,23,4),(50,29,26,11),(50,29,27,10),(58,0,14,4),(58,0,15,4),(58,0,28,10),(58,1,0,3),(58,1,14,2),(58,1,19,2),(58,2,0,9),(58,2,19,2),(58,3,17,13),(58,6,20,2),(58,7,14,11),(58,8,8,12),(58,8,25,9),(58,8,26,11),(58,10,23,12),(58,11,15,13),(58,11,25,12),(58,12,22,2),(58,12,23,8),(58,12,24,13),(58,12,26,6),(58,13,0,12),(58,13,21,12),(58,13,22,13),(58,14,7,11),(58,14,14,2),(58,14,25,8),(58,14,28,6),(58,15,27,6),(58,16,0,12),(58,16,21,13),(58,16,22,4),(58,16,23,7),(58,17,2,9),(58,17,9,11),(58,17,10,13),(58,17,19,3),(58,17,26,7),(58,18,4,2),(58,18,10,10),(58,18,19,11),(58,18,20,11),(58,18,22,8),(58,19,3,13),(58,19,10,9),(58,19,19,8),(58,19,24,6),(58,20,4,5),(58,21,16,9),(58,22,19,6),(58,23,7,1),(58,23,11,1),(58,23,22,6);
/*!40000 ALTER TABLE `folliages` ENABLE KEYS */;
UNLOCK TABLES;

--
-- Table structure for table `fow_galaxy_entries`
--

DROP TABLE IF EXISTS `fow_galaxy_entries`;
/*!40101 SET @saved_cs_client     = @@character_set_client */;
/*!40101 SET character_set_client = utf8 */;
CREATE TABLE `fow_galaxy_entries` (
  `id` int(11) NOT NULL AUTO_INCREMENT,
  `galaxy_id` int(11) NOT NULL,
  `player_id` int(11) DEFAULT NULL,
  `alliance_id` int(11) DEFAULT NULL,
  `x` int(11) NOT NULL,
  `y` int(11) NOT NULL,
  `x_end` int(11) NOT NULL,
  `y_end` int(11) NOT NULL,
  `counter` tinyint(2) unsigned NOT NULL DEFAULT '1',
  PRIMARY KEY (`id`),
  UNIQUE KEY `player_visiblity` (`player_id`,`x`,`y`,`x_end`,`y_end`),
  UNIQUE KEY `alliance_visiblity` (`alliance_id`,`x`,`y`,`x_end`,`y_end`),
  KEY `lookup_players_by_coords` (`galaxy_id`,`x`,`x_end`,`y`,`y_end`),
  KEY `for_cleanup` (`counter`),
  CONSTRAINT `fow_galaxy_entries_ibfk_1` FOREIGN KEY (`galaxy_id`) REFERENCES `galaxies` (`id`) ON DELETE CASCADE
) ENGINE=InnoDB DEFAULT CHARSET=utf8;
/*!40101 SET character_set_client = @saved_cs_client */;

--
-- Dumping data for table `fow_galaxy_entries`
--

LOCK TABLES `fow_galaxy_entries` WRITE;
/*!40000 ALTER TABLE `fow_galaxy_entries` DISABLE KEYS */;
/*!40000 ALTER TABLE `fow_galaxy_entries` ENABLE KEYS */;
UNLOCK TABLES;

--
-- Table structure for table `fow_ss_entries`
--

DROP TABLE IF EXISTS `fow_ss_entries`;
/*!40101 SET @saved_cs_client     = @@character_set_client */;
/*!40101 SET character_set_client = utf8 */;
CREATE TABLE `fow_ss_entries` (
  `id` int(11) NOT NULL AUTO_INCREMENT,
  `solar_system_id` int(11) NOT NULL,
  `player_id` int(11) DEFAULT NULL,
  `counter` int(11) NOT NULL DEFAULT '0',
  `player_planets` tinyint(1) DEFAULT NULL,
  `player_ships` tinyint(1) DEFAULT NULL,
  `enemy_planets` tinyint(1) NOT NULL DEFAULT '0',
  `enemy_ships` tinyint(1) NOT NULL DEFAULT '0',
  `alliance_id` int(11) DEFAULT NULL,
  `alliance_planet_player_ids` text,
  `alliance_ship_player_ids` text,
  `nap_planets` tinyint(1) DEFAULT NULL,
  `nap_ships` tinyint(1) DEFAULT NULL,
  PRIMARY KEY (`id`),
  UNIQUE KEY `create_for_player` (`solar_system_id`,`player_id`),
  UNIQUE KEY `create_for_alliance` (`solar_system_id`,`alliance_id`),
  KEY `select_by_player` (`player_id`),
  KEY `select_by_alliance` (`alliance_id`),
  KEY `for_cleanup` (`counter`),
  CONSTRAINT `fow_ss_entries_ibfk_1` FOREIGN KEY (`solar_system_id`) REFERENCES `solar_systems` (`id`) ON DELETE CASCADE,
  CONSTRAINT `fow_ss_entries_ibfk_2` FOREIGN KEY (`player_id`) REFERENCES `players` (`id`) ON DELETE CASCADE,
  CONSTRAINT `fow_ss_entries_ibfk_3` FOREIGN KEY (`alliance_id`) REFERENCES `alliances` (`id`) ON DELETE CASCADE
) ENGINE=InnoDB AUTO_INCREMENT=2 DEFAULT CHARSET=utf8;
/*!40101 SET character_set_client = @saved_cs_client */;

--
-- Dumping data for table `fow_ss_entries`
--

LOCK TABLES `fow_ss_entries` WRITE;
/*!40000 ALTER TABLE `fow_ss_entries` DISABLE KEYS */;
INSERT INTO `fow_ss_entries` VALUES (1,2,1,1,1,0,0,0,NULL,NULL,NULL,NULL,NULL);
/*!40000 ALTER TABLE `fow_ss_entries` ENABLE KEYS */;
UNLOCK TABLES;

--
-- Table structure for table `galaxies`
--

DROP TABLE IF EXISTS `galaxies`;
/*!40101 SET @saved_cs_client     = @@character_set_client */;
/*!40101 SET character_set_client = utf8 */;
CREATE TABLE `galaxies` (
  `id` int(11) NOT NULL AUTO_INCREMENT,
  `created_at` datetime NOT NULL,
  `ruleset` varchar(30) NOT NULL DEFAULT '0',
  PRIMARY KEY (`id`)
) ENGINE=InnoDB AUTO_INCREMENT=2 DEFAULT CHARSET=utf8;
/*!40101 SET character_set_client = @saved_cs_client */;

--
-- Dumping data for table `galaxies`
--

LOCK TABLES `galaxies` WRITE;
/*!40000 ALTER TABLE `galaxies` DISABLE KEYS */;
INSERT INTO `galaxies` VALUES (1,'2011-03-18 12:16:12','dev');
/*!40000 ALTER TABLE `galaxies` ENABLE KEYS */;
UNLOCK TABLES;

--
-- Table structure for table `naps`
--

DROP TABLE IF EXISTS `naps`;
/*!40101 SET @saved_cs_client     = @@character_set_client */;
/*!40101 SET character_set_client = utf8 */;
CREATE TABLE `naps` (
  `id` int(11) NOT NULL AUTO_INCREMENT,
  `initiator_id` int(11) NOT NULL,
  `acceptor_id` int(11) NOT NULL,
  `status` tinyint(2) unsigned NOT NULL DEFAULT '0',
  `created_at` datetime NOT NULL,
  `expires_at` datetime DEFAULT NULL,
  PRIMARY KEY (`id`),
  UNIQUE KEY `enforce_one_nap_per_pair` (`initiator_id`,`acceptor_id`),
  KEY `lookup_naps_for_alliance_1st` (`initiator_id`,`status`),
  KEY `lookup_naps_for_alliance_2nd` (`acceptor_id`,`status`),
  CONSTRAINT `naps_ibfk_2` FOREIGN KEY (`acceptor_id`) REFERENCES `alliances` (`id`) ON DELETE CASCADE,
  CONSTRAINT `naps_ibfk_1` FOREIGN KEY (`initiator_id`) REFERENCES `alliances` (`id`) ON DELETE CASCADE
) ENGINE=InnoDB DEFAULT CHARSET=utf8;
/*!40101 SET character_set_client = @saved_cs_client */;

--
-- Dumping data for table `naps`
--

LOCK TABLES `naps` WRITE;
/*!40000 ALTER TABLE `naps` DISABLE KEYS */;
/*!40000 ALTER TABLE `naps` ENABLE KEYS */;
UNLOCK TABLES;

--
-- Table structure for table `notifications`
--

DROP TABLE IF EXISTS `notifications`;
/*!40101 SET @saved_cs_client     = @@character_set_client */;
/*!40101 SET character_set_client = utf8 */;
CREATE TABLE `notifications` (
  `id` int(11) NOT NULL AUTO_INCREMENT,
  `player_id` int(11) NOT NULL,
  `created_at` datetime NOT NULL,
  `expires_at` datetime NOT NULL,
  `event` tinyint(2) unsigned NOT NULL,
  `params` text,
  `starred` tinyint(1) NOT NULL DEFAULT '0',
  `read` tinyint(1) NOT NULL DEFAULT '0',
  PRIMARY KEY (`id`),
  KEY `player` (`player_id`),
  KEY `order` (`read`,`created_at`),
  KEY `index_notifications_on_expires_at` (`expires_at`),
  KEY `foreign_key` (`player_id`),
  CONSTRAINT `notifications_ibfk_1` FOREIGN KEY (`player_id`) REFERENCES `players` (`id`) ON DELETE CASCADE
) ENGINE=InnoDB DEFAULT CHARSET=utf8;
/*!40101 SET character_set_client = @saved_cs_client */;

--
-- Dumping data for table `notifications`
--

LOCK TABLES `notifications` WRITE;
/*!40000 ALTER TABLE `notifications` DISABLE KEYS */;
/*!40000 ALTER TABLE `notifications` ENABLE KEYS */;
UNLOCK TABLES;

--
-- Table structure for table `objective_progresses`
--

DROP TABLE IF EXISTS `objective_progresses`;
/*!40101 SET @saved_cs_client     = @@character_set_client */;
/*!40101 SET character_set_client = utf8 */;
CREATE TABLE `objective_progresses` (
  `id` int(11) NOT NULL AUTO_INCREMENT,
  `objective_id` int(11) DEFAULT NULL,
  `player_id` int(11) DEFAULT NULL,
  `completed` tinyint(2) unsigned NOT NULL DEFAULT '0',
  PRIMARY KEY (`id`),
  KEY `objective_fk` (`objective_id`),
  KEY `player_fk` (`player_id`),
  CONSTRAINT `objective_progresses_ibfk_2` FOREIGN KEY (`player_id`) REFERENCES `players` (`id`) ON DELETE CASCADE,
  CONSTRAINT `objective_progresses_ibfk_1` FOREIGN KEY (`objective_id`) REFERENCES `objectives` (`id`) ON DELETE CASCADE
) ENGINE=InnoDB AUTO_INCREMENT=2 DEFAULT CHARSET=utf8;
/*!40101 SET character_set_client = @saved_cs_client */;

--
-- Dumping data for table `objective_progresses`
--

LOCK TABLES `objective_progresses` WRITE;
/*!40000 ALTER TABLE `objective_progresses` DISABLE KEYS */;
INSERT INTO `objective_progresses` VALUES (1,1,1,0);
/*!40000 ALTER TABLE `objective_progresses` ENABLE KEYS */;
UNLOCK TABLES;

--
-- Table structure for table `objectives`
--

DROP TABLE IF EXISTS `objectives`;
/*!40101 SET @saved_cs_client     = @@character_set_client */;
/*!40101 SET character_set_client = utf8 */;
CREATE TABLE `objectives` (
  `id` int(11) NOT NULL AUTO_INCREMENT,
  `quest_id` int(11) NOT NULL,
  `type` varchar(255) NOT NULL,
  `key` varchar(255) DEFAULT NULL,
  `count` tinyint(2) unsigned NOT NULL DEFAULT '1',
  `level` tinyint(2) unsigned DEFAULT NULL,
  `alliance` tinyint(1) NOT NULL DEFAULT '0',
  `npc` tinyint(1) NOT NULL DEFAULT '0',
  `limit` int(10) unsigned DEFAULT NULL,
  PRIMARY KEY (`id`),
  KEY `quest_objectives` (`quest_id`),
  KEY `on_progress` (`type`,`key`),
  CONSTRAINT `objectives_ibfk_1` FOREIGN KEY (`quest_id`) REFERENCES `quests` (`id`) ON DELETE CASCADE
) ENGINE=InnoDB AUTO_INCREMENT=94 DEFAULT CHARSET=utf8;
/*!40101 SET character_set_client = @saved_cs_client */;

--
-- Dumping data for table `objectives`
--

LOCK TABLES `objectives` WRITE;
/*!40000 ALTER TABLE `objectives` DISABLE KEYS */;
INSERT INTO `objectives` VALUES (1,1,'HaveUpgradedTo','Building::CollectorT1',1,1,0,0,NULL),(2,2,'HaveUpgradedTo','Building::MetalExtractor',1,1,0,0,NULL),(3,3,'HaveUpgradedTo','Building::CollectorT1',2,1,0,0,NULL),(4,3,'HaveUpgradedTo','Building::MetalExtractor',2,1,0,0,NULL),(5,22,'ExploreBlock','ExploreBlock',1,NULL,0,0,9),(6,23,'ExploreBlock','ExploreBlock',10,NULL,0,0,9),(7,4,'HaveUpgradedTo','Building::CollectorT1',2,3,0,0,NULL),(8,4,'HaveUpgradedTo','Building::MetalExtractor',2,3,0,0,NULL),(9,5,'HaveUpgradedTo','Building::CollectorT1',2,4,0,0,NULL),(10,5,'HaveUpgradedTo','Building::MetalExtractor',2,4,0,0,NULL),(11,6,'HaveUpgradedTo','Building::Barracks',1,1,0,0,NULL),(12,7,'HaveUpgradedTo','Unit::Trooper',8,1,0,0,NULL),(13,66,'HaveArmyPoints','Player',1,NULL,0,0,3000),(14,67,'HaveArmyPoints','Player',1,NULL,0,0,6000),(15,68,'HaveArmyPoints','Player',1,NULL,0,0,12000),(16,69,'HaveArmyPoints','Player',1,NULL,0,0,25000),(17,70,'HaveArmyPoints','Player',1,NULL,0,0,50000),(18,71,'HaveArmyPoints','Player',1,NULL,0,0,75000),(19,8,'DestroyNpcBuilding','Building::NpcMetalExtractor',1,1,0,0,NULL),(20,32,'HaveUpgradedTo','Building::MetalExtractor',3,4,0,0,NULL),(21,9,'HaveUpgradedTo','Building::MetalExtractor',1,7,0,0,NULL),(22,10,'HaveUpgradedTo','Building::CollectorT1',1,7,0,0,NULL),(23,11,'HaveUpgradedTo','Building::ResearchCenter',1,1,0,0,NULL),(24,24,'ExploreBlock','ExploreBlock',5,NULL,0,0,12),(25,25,'ExploreBlock','ExploreBlock',5,NULL,0,0,16),(26,26,'ExploreBlock','ExploreBlock',10,NULL,0,0,36),(27,12,'HaveUpgradedTo','Unit::Seeker',3,1,0,0,NULL),(28,13,'HaveUpgradedTo','Unit::Trooper',4,2,0,0,NULL),(29,72,'HaveSciencePoints','Player',1,NULL,0,0,2500),(30,73,'HaveSciencePoints','Player',1,NULL,0,0,5000),(31,74,'HaveSciencePoints','Player',1,NULL,0,0,10000),(32,75,'HaveSciencePoints','Player',1,NULL,0,0,25000),(33,76,'HaveSciencePoints','Player',1,NULL,0,0,50000),(34,77,'HaveSciencePoints','Player',1,NULL,0,0,100000),(35,78,'HaveSciencePoints','Player',1,NULL,0,0,150000),(36,79,'HaveSciencePoints','Player',1,NULL,0,0,200000),(37,27,'DestroyNpcBuilding','Building::NpcZetiumExtractor',1,1,0,0,NULL),(38,80,'HaveWarPoints','Player',1,NULL,0,0,1500),(39,81,'HaveWarPoints','Player',1,NULL,0,0,3500),(40,82,'HaveWarPoints','Player',1,NULL,0,0,12000),(41,83,'HaveWarPoints','Player',1,NULL,0,0,25000),(42,84,'HaveWarPoints','Player',1,NULL,0,0,50000),(43,85,'HaveWarPoints','Player',1,NULL,0,0,75000),(44,14,'HaveUpgradedTo','Technology::ZetiumExtraction',1,1,0,0,NULL),(45,15,'HaveUpgradedTo','Building::ZetiumExtractor',1,1,0,0,NULL),(46,16,'HavePoints','Player',1,NULL,0,0,15000),(47,28,'HavePoints','Player',1,NULL,0,0,30000),(48,29,'HavePoints','Player',1,NULL,0,0,60000),(49,30,'HavePoints','Player',1,NULL,0,0,80000),(50,33,'HavePoints','Player',1,NULL,0,0,150000),(51,64,'HavePoints','Player',1,NULL,0,0,350000),(52,17,'HaveUpgradedTo','Building::MetalStorage',1,2,0,0,NULL),(53,17,'HaveUpgradedTo','Building::EnergyStorage',1,1,0,0,NULL),(54,17,'HaveUpgradedTo','Building::ZetiumStorage',1,1,0,0,NULL),(55,18,'HaveUpgradedTo','Technology::SpaceFactory',1,1,0,0,NULL),(56,19,'HaveUpgradedTo','Building::SpaceFactory',1,1,0,0,NULL),(57,31,'HaveUpgradedTo','Unit::Crow',8,1,0,0,NULL),(58,35,'Destroy','Unit::Dirac',14,1,0,0,NULL),(59,36,'Destroy','Unit::Thor',10,1,0,0,NULL),(60,37,'Destroy','Unit::Demosis',6,1,0,0,NULL),(61,20,'AnnexPlanet','SsObject::Planet',1,NULL,0,1,NULL),(62,21,'UpgradeTo','Building::Headquarters',1,1,0,0,NULL),(63,34,'HaveUpgradedTo','Building::Radar',1,1,0,0,NULL),(64,38,'HavePlanets','Planet',3,NULL,0,0,NULL),(65,39,'HavePlanets','Planet',4,NULL,0,0,NULL),(66,40,'HavePlanets','Planet',5,NULL,0,0,NULL),(67,41,'HavePlanets','Planet',6,NULL,0,0,NULL),(68,42,'HavePlanets','Planet',7,NULL,0,0,NULL),(69,43,'Destroy','Unit::Mule',2,1,0,0,NULL),(70,44,'Destroy','Unit::Crow',6,1,0,0,NULL),(71,45,'Destroy','Unit::Cyrix',4,1,0,0,NULL),(72,46,'Destroy','Unit::Cyrix',10,1,0,0,NULL),(73,47,'Destroy','Unit::Avenger',6,1,0,0,NULL),(74,48,'Destroy','Unit::Avenger',15,1,0,0,NULL),(75,49,'Destroy','Unit::Dart',6,1,0,0,NULL),(76,50,'Destroy','Unit::Dart',15,1,0,0,NULL),(77,51,'Destroy','Unit::Rhyno',1,1,0,0,NULL),(78,52,'Destroy','Unit::Rhyno',4,1,0,0,NULL),(79,53,'Destroy','Unit::Trooper',10,1,0,0,NULL),(80,53,'Destroy','Unit::Shocker',5,1,0,0,NULL),(81,53,'Destroy','Unit::Seeker',8,1,0,0,NULL),(82,54,'Destroy','Unit::Scorpion',15,1,0,0,NULL),(83,54,'Destroy','Unit::Azure',5,1,0,0,NULL),(84,55,'Destroy','Building::Vulcan',2,1,0,0,NULL),(85,56,'Destroy','Building::Vulcan',6,1,0,0,NULL),(86,57,'Destroy','Building::Vulcan',10,1,0,0,NULL),(87,58,'Destroy','Building::Screamer',2,1,0,0,NULL),(88,59,'Destroy','Building::Screamer',6,1,0,0,NULL),(89,60,'Destroy','Building::Screamer',10,1,0,0,NULL),(90,61,'Destroy','Building::Thunder',2,1,0,0,NULL),(91,62,'Destroy','Building::Thunder',6,1,0,0,NULL),(92,63,'Destroy','Building::Thunder',10,1,0,0,NULL),(93,65,'AnnexPlanet','SsObject::Planet',1,NULL,0,0,NULL);
/*!40000 ALTER TABLE `objectives` ENABLE KEYS */;
UNLOCK TABLES;

--
-- Table structure for table `players`
--

DROP TABLE IF EXISTS `players`;
/*!40101 SET @saved_cs_client     = @@character_set_client */;
/*!40101 SET character_set_client = utf8 */;
CREATE TABLE `players` (
  `id` int(11) NOT NULL AUTO_INCREMENT,
  `galaxy_id` int(11) DEFAULT NULL,
  `auth_token` char(64) NOT NULL,
  `name` varchar(64) NOT NULL,
  `scientists` int(10) unsigned NOT NULL DEFAULT '0',
  `scientists_total` int(10) unsigned NOT NULL DEFAULT '0',
  `alliance_id` int(11) DEFAULT NULL,
  `xp` int(10) unsigned NOT NULL DEFAULT '0',
  `war_points` int(10) unsigned NOT NULL DEFAULT '0',
  `first_time` tinyint(1) NOT NULL DEFAULT '1',
  `army_points` int(10) unsigned NOT NULL DEFAULT '0',
  `science_points` int(10) unsigned NOT NULL DEFAULT '0',
  `economy_points` int(10) unsigned NOT NULL DEFAULT '0',
  `planets_count` tinyint(2) unsigned NOT NULL,
  `last_login` datetime DEFAULT NULL,
  `victory_points` mediumint(8) unsigned NOT NULL DEFAULT '0',
  `creds` int(10) unsigned NOT NULL DEFAULT '0',
  PRIMARY KEY (`id`),
  UNIQUE KEY `authentication` (`galaxy_id`,`auth_token`),
  KEY `index_players_on_alliance_id` (`alliance_id`),
  KEY `last_login` (`last_login`),
  CONSTRAINT `players_ibfk_1` FOREIGN KEY (`galaxy_id`) REFERENCES `galaxies` (`id`) ON DELETE CASCADE,
  CONSTRAINT `players_ibfk_2` FOREIGN KEY (`alliance_id`) REFERENCES `alliances` (`id`) ON DELETE SET NULL
) ENGINE=InnoDB AUTO_INCREMENT=2 DEFAULT CHARSET=utf8;
/*!40101 SET character_set_client = @saved_cs_client */;

--
-- Dumping data for table `players`
--

LOCK TABLES `players` WRITE;
/*!40000 ALTER TABLE `players` DISABLE KEYS */;
INSERT INTO `players` VALUES (1,1,'0000000000000000000000000000000000000000000000000000000000000000','Test Player',18,18,NULL,0,0,1,0,0,0,1,NULL,0,0);
/*!40000 ALTER TABLE `players` ENABLE KEYS */;
UNLOCK TABLES;

--
-- Table structure for table `quest_progresses`
--

DROP TABLE IF EXISTS `quest_progresses`;
/*!40101 SET @saved_cs_client     = @@character_set_client */;
/*!40101 SET character_set_client = utf8 */;
CREATE TABLE `quest_progresses` (
  `id` int(11) NOT NULL AUTO_INCREMENT,
  `quest_id` int(11) NOT NULL,
  `player_id` int(11) NOT NULL,
  `status` tinyint(2) unsigned NOT NULL,
  `completed` tinyint(2) unsigned NOT NULL DEFAULT '0',
  PRIMARY KEY (`id`),
  UNIQUE KEY `on_objective_complete` (`quest_id`,`player_id`),
  KEY `listing` (`player_id`,`status`),
  CONSTRAINT `quest_progresses_ibfk_2` FOREIGN KEY (`player_id`) REFERENCES `players` (`id`) ON DELETE CASCADE,
  CONSTRAINT `quest_progresses_ibfk_1` FOREIGN KEY (`quest_id`) REFERENCES `quests` (`id`) ON DELETE CASCADE
) ENGINE=InnoDB AUTO_INCREMENT=2 DEFAULT CHARSET=utf8;
/*!40101 SET character_set_client = @saved_cs_client */;

--
-- Dumping data for table `quest_progresses`
--

LOCK TABLES `quest_progresses` WRITE;
/*!40000 ALTER TABLE `quest_progresses` DISABLE KEYS */;
INSERT INTO `quest_progresses` VALUES (1,1,1,0,0);
/*!40000 ALTER TABLE `quest_progresses` ENABLE KEYS */;
UNLOCK TABLES;

--
-- Table structure for table `quests`
--

DROP TABLE IF EXISTS `quests`;
/*!40101 SET @saved_cs_client     = @@character_set_client */;
/*!40101 SET character_set_client = utf8 */;
CREATE TABLE `quests` (
  `id` int(11) NOT NULL AUTO_INCREMENT,
  `parent_id` int(11) DEFAULT NULL,
  `rewards` text NOT NULL,
  `help_url_id` varchar(255) DEFAULT NULL,
  PRIMARY KEY (`id`),
  KEY `child quests` (`parent_id`),
  CONSTRAINT `quests_ibfk_1` FOREIGN KEY (`parent_id`) REFERENCES `quests` (`id`) ON DELETE CASCADE
) ENGINE=InnoDB AUTO_INCREMENT=86 DEFAULT CHARSET=utf8;
/*!40101 SET character_set_client = @saved_cs_client */;

--
-- Dumping data for table `quests`
--

LOCK TABLES `quests` WRITE;
/*!40000 ALTER TABLE `quests` DISABLE KEYS */;
INSERT INTO `quests` VALUES (1,NULL,'{\"metal\":25.2,\"energy\":96.0}','Constructing Buildings'),(2,1,'{\"metal\":69.30000000000001,\"energy\":140.8}','Extracting Metal'),(3,2,'{\"metal\":2712.0,\"energy\":5424.0}',NULL),(4,3,'{\"metal\":412.5,\"energy\":920.7}','Upgrading Buildings'),(5,4,'{\"metal\":401.40000000000003,\"zetium\":10.8,\"points\":4000}',NULL),(6,3,'{\"units\":[{\"type\":\"Trooper\",\"level\":1,\"count\":4,\"hp\":100}],\"metal\":949.2,\"energy\":1898.4,\"zetium\":16.2}',NULL),(7,6,'{\"metal\":723.2,\"energy\":1446.4,\"zetium\":16.2}','Building Units'),(8,6,'{\"units\":[{\"type\":\"Trooper\",\"level\":2,\"count\":2,\"hp\":50},{\"type\":\"Trooper\",\"level\":3,\"count\":1,\"hp\":30}],\"metal\":1865.6000000000001,\"energy\":4134.900000000001,\"zetium\":866.8000000000001}','Attacking NPC Buildings'),(9,32,'{\"metal\":862.8,\"energy\":4101.599999999999,\"zetium\":16.2,\"points\":2000}',NULL),(10,8,'{\"metal\":1725.6,\"energy\":2461.2,\"zetium\":16.2,\"points\":2000}',NULL),(11,8,'{\"units\":[{\"type\":\"Trooper\",\"level\":1,\"count\":4,\"hp\":100},{\"type\":\"Seeker\",\"level\":1,\"count\":2,\"hp\":100}],\"metal\":1853.1999999999998,\"energy\":3706.3999999999996}',NULL),(12,11,'{\"metal\":1374.5,\"energy\":2747.6,\"points\":2000}','Researching Technologies'),(13,12,'{\"metal\":692.55,\"energy\":1384.1499999999999,\"zetium\":12.35,\"points\":2000}',NULL),(14,11,'{\"metal\":595.1999999999999,\"energy\":1814.3999999999999}',NULL),(15,14,'{\"metal\":3475.0000000000005,\"energy\":3149.2,\"zetium\":284.4}','Extracting Zetium'),(16,15,'{\"units\":[{\"type\":\"Trooper\",\"level\":3,\"count\":1,\"hp\":100},{\"type\":\"Seeker\",\"level\":2,\"count\":1,\"hp\":100},{\"type\":\"Shocker\",\"level\":1,\"count\":3,\"hp\":100}]}','Collecting Points'),(17,15,'{\"metal\":9225.6,\"energy\":12915.6,\"zetium\":646.8}',NULL),(18,17,'{\"metal\":15375.2,\"energy\":21525.600000000002,\"zetium\":1076.8}',NULL),(19,18,'{\"units\":[{\"type\":\"Crow\",\"level\":1,\"count\":4,\"hp\":100}],\"metal\":16144.800000000001,\"energy\":22604.4,\"zetium\":1134.0}',NULL),(20,19,'{\"units\":[{\"type\":\"Mule\",\"level\":1,\"count\":1,\"hp\":100},{\"type\":\"Mdh\",\"level\":1,\"count\":1,\"hp\":100}]}','Annexing Planets'),(21,20,'{\"metal\":1158.5844,\"energy\":2560.7376000000004,\"zetium\":117.99765}','Colonizing Planets'),(22,3,'{\"points\":200,\"units\":[{\"type\":\"Gnat\",\"level\":1,\"count\":1,\"hp\":25}]}','Exploring Objects'),(23,22,'{\"points\":1000,\"units\":[{\"type\":\"Glancer\",\"level\":1,\"count\":1,\"hp\":60}]}',NULL),(24,11,'{\"points\":800,\"units\":[{\"type\":\"Gnat\",\"level\":1,\"count\":2,\"hp\":25},{\"type\":\"Gnat\",\"level\":1,\"count\":2,\"hp\":20},{\"type\":\"Gnat\",\"level\":1,\"count\":2,\"hp\":15},{\"type\":\"Gnat\",\"level\":1,\"count\":2,\"hp\":10}]}',NULL),(25,24,'{\"points\":800,\"units\":[{\"type\":\"Glancer\",\"level\":1,\"count\":2,\"hp\":80}]}',NULL),(26,25,'{\"points\":1600,\"units\":[{\"type\":\"Spudder\",\"level\":1,\"count\":1,\"hp\":96}]}',NULL),(27,11,'{\"metal\":5940.0,\"energy\":18144.0}','Zetium Crystals'),(28,16,'{\"units\":[{\"type\":\"Scorpion\",\"level\":2,\"count\":2,\"hp\":70},{\"type\":\"Azure\",\"level\":1,\"count\":1,\"hp\":100}]}',NULL),(29,28,'{\"units\":[{\"type\":\"Cyrix\",\"level\":2,\"count\":2,\"hp\":60},{\"type\":\"Crow\",\"level\":1,\"count\":4,\"hp\":100}]}',NULL),(30,29,'{\"units\":[{\"type\":\"Avenger\",\"level\":1,\"count\":4,\"hp\":100},{\"type\":\"Dart\",\"level\":1,\"count\":4,\"hp\":100}]}',NULL),(31,19,'{\"metal\":23064,\"energy\":32292,\"zetium\":1620}','Fighting in Space'),(32,8,'{\"metal\":150.0,\"energy\":627.6,\"points\":2000}',NULL),(33,30,'{\"units\":[{\"type\":\"Rhyno\",\"level\":1,\"count\":1,\"hp\":100},{\"type\":\"Cyrix\",\"level\":1,\"count\":3,\"hp\":100}]}',NULL),(34,21,'{\"metal\":3862.4,\"energy\":25625.920000000002,\"zetium\":524.8000000000001}','Exploring Galaxy'),(35,19,'{\"units\":[{\"type\":\"Dart\",\"level\":1,\"count\":2,\"hp\":100}]}',NULL),(36,35,'{\"units\":[{\"type\":\"Avenger\",\"level\":1,\"count\":4,\"hp\":100}]}',NULL),(37,36,'{\"units\":[{\"type\":\"Rhyno\",\"level\":1,\"count\":2,\"hp\":100}]}',NULL),(38,34,'{\"units\":[{\"type\":\"Trooper\",\"level\":2,\"count\":15,\"hp\":100},{\"type\":\"Seeker\",\"level\":2,\"count\":5,\"hp\":100},{\"type\":\"Scorpion\",\"level\":2,\"count\":5,\"hp\":100}]}',NULL),(39,38,'{\"units\":[{\"type\":\"Trooper\",\"level\":2,\"count\":20,\"hp\":100},{\"type\":\"Shocker\",\"level\":2,\"count\":10,\"hp\":100},{\"type\":\"Seeker\",\"level\":2,\"count\":5,\"hp\":100},{\"type\":\"Scorpion\",\"level\":2,\"count\":5,\"hp\":100}]}',NULL),(40,39,'{\"units\":[{\"type\":\"Shocker\",\"level\":2,\"count\":15,\"hp\":100},{\"type\":\"Seeker\",\"level\":2,\"count\":10,\"hp\":100},{\"type\":\"Scorpion\",\"level\":2,\"count\":10,\"hp\":100},{\"type\":\"Azure\",\"level\":2,\"count\":8,\"hp\":100}]}',NULL),(41,40,'{\"units\":[{\"type\":\"Shocker\",\"level\":2,\"count\":20,\"hp\":100},{\"type\":\"Seeker\",\"level\":2,\"count\":15,\"hp\":100},{\"type\":\"Scorpion\",\"level\":2,\"count\":15,\"hp\":100},{\"type\":\"Azure\",\"level\":2,\"count\":10,\"hp\":100},{\"type\":\"Cyrix\",\"level\":2,\"count\":15,\"hp\":100},{\"type\":\"Dart\",\"level\":2,\"count\":10,\"hp\":100}]}',NULL),(42,41,'{\"units\":[{\"type\":\"Shocker\",\"level\":2,\"count\":25,\"hp\":100},{\"type\":\"Seeker\",\"level\":2,\"count\":20,\"hp\":100},{\"type\":\"Scorpion\",\"level\":2,\"count\":25,\"hp\":100},{\"type\":\"Azure\",\"level\":2,\"count\":15,\"hp\":100},{\"type\":\"Cyrix\",\"level\":2,\"count\":20,\"hp\":100},{\"type\":\"Avenger\",\"level\":2,\"count\":15,\"hp\":100},{\"type\":\"Dart\",\"level\":2,\"count\":15,\"hp\":100}]}',NULL),(43,34,'{\"units\":[{\"type\":\"Mule\",\"level\":5,\"count\":1,\"hp\":100}]}',NULL),(44,43,'{\"units\":[{\"type\":\"Crow\",\"level\":5,\"count\":1,\"hp\":100}]}',NULL),(45,44,'{\"units\":[{\"type\":\"Cyrix\",\"level\":3,\"count\":1,\"hp\":100}]}',NULL),(46,45,'{\"units\":[{\"type\":\"Cyrix\",\"level\":5,\"count\":1,\"hp\":100}]}',NULL),(47,46,'{\"units\":[{\"type\":\"Avenger\",\"level\":5,\"count\":1,\"hp\":100}]}',NULL),(48,47,'{\"units\":[{\"type\":\"Avenger\",\"level\":5,\"count\":3,\"hp\":100}]}',NULL),(49,46,'{\"units\":[{\"type\":\"Dart\",\"level\":5,\"count\":1,\"hp\":100}]}',NULL),(50,49,'{\"units\":[{\"type\":\"Dart\",\"level\":5,\"count\":3,\"hp\":100}]}',NULL),(51,46,'{\"units\":[{\"type\":\"Avenger\",\"level\":8,\"count\":1,\"hp\":100}]}',NULL),(52,51,'{\"units\":[{\"type\":\"Rhyno\",\"level\":3,\"count\":1,\"hp\":100}]}',NULL),(53,34,'{\"units\":[{\"type\":\"Scorpion\",\"level\":5,\"count\":1,\"hp\":100}]}',NULL),(54,53,'{\"units\":[{\"type\":\"Azure\",\"level\":6,\"count\":1,\"hp\":100}]}',NULL),(55,54,'{\"units\":[{\"type\":\"Trooper\",\"level\":5,\"count\":3,\"hp\":100},{\"type\":\"Seeker\",\"level\":5,\"count\":3,\"hp\":100},{\"type\":\"Shocker\",\"level\":7,\"count\":1,\"hp\":100}]}',NULL),(56,55,'{\"units\":[{\"type\":\"Trooper\",\"level\":5,\"count\":4,\"hp\":100},{\"type\":\"Seeker\",\"level\":5,\"count\":4,\"hp\":100},{\"type\":\"Shocker\",\"level\":7,\"count\":2,\"hp\":100}]}',NULL),(57,56,'{\"units\":[{\"type\":\"Trooper\",\"level\":5,\"count\":5,\"hp\":100},{\"type\":\"Seeker\",\"level\":5,\"count\":5,\"hp\":100},{\"type\":\"Shocker\",\"level\":7,\"count\":3,\"hp\":100}]}',NULL),(58,54,'{\"units\":[{\"type\":\"Scorpion\",\"level\":6,\"count\":1,\"hp\":100},{\"type\":\"Azure\",\"level\":6,\"count\":1,\"hp\":100}]}',NULL),(59,58,'{\"units\":[{\"type\":\"Scorpion\",\"level\":6,\"count\":2,\"hp\":100},{\"type\":\"Azure\",\"level\":6,\"count\":2,\"hp\":100}]}',NULL),(60,59,'{\"units\":[{\"type\":\"Scorpion\",\"level\":6,\"count\":3,\"hp\":100},{\"type\":\"Azure\",\"level\":6,\"count\":3,\"hp\":100}]}',NULL),(61,54,'{\"units\":[{\"type\":\"Cyrix\",\"level\":5,\"count\":2,\"hp\":100}]}',NULL),(62,61,'{\"units\":[{\"type\":\"Cyrix\",\"level\":5,\"count\":4,\"hp\":100}]}',NULL),(63,62,'{\"units\":[{\"type\":\"Cyrix\",\"level\":5,\"count\":6,\"hp\":100}]}',NULL),(64,33,'{\"units\":[{\"type\":\"Rhyno\",\"level\":7,\"count\":1,\"hp\":100}]}',NULL),(65,54,'{\"units\":[{\"type\":\"Mdh\",\"level\":1,\"count\":2,\"hp\":100}]}',NULL),(66,7,'{\"units\":[{\"type\":\"Shocker\",\"level\":3,\"count\":2,\"hp\":100},{\"type\":\"Seeker\",\"level\":3,\"count\":1,\"hp\":100}]}',NULL),(67,66,'{\"units\":[{\"type\":\"Scorpion\",\"level\":3,\"count\":2,\"hp\":100},{\"type\":\"Azure\",\"level\":3,\"count\":1,\"hp\":100}]}',NULL),(68,67,'{\"units\":[{\"type\":\"Crow\",\"level\":3,\"count\":4,\"hp\":100},{\"type\":\"Dart\",\"level\":3,\"count\":2,\"hp\":100}]}',NULL),(69,68,'{\"units\":[{\"type\":\"Crow\",\"level\":3,\"count\":4,\"hp\":100},{\"type\":\"Cyrix\",\"level\":3,\"count\":2,\"hp\":100},{\"type\":\"Avenger\",\"level\":3,\"count\":2,\"hp\":100}]}',NULL),(70,69,'{\"units\":[{\"type\":\"Cyrix\",\"level\":3,\"count\":10,\"hp\":100},{\"type\":\"Dart\",\"level\":3,\"count\":6,\"hp\":100},{\"type\":\"Avenger\",\"level\":3,\"count\":6,\"hp\":100},{\"type\":\"Rhyno\",\"level\":3,\"count\":2,\"hp\":100}]}',NULL),(71,70,'{\"units\":[{\"type\":\"Rhyno\",\"level\":3,\"count\":6,\"hp\":100}]}',NULL),(72,11,'{\"scientists\":10}',NULL),(73,72,'{\"scientists\":20}',NULL),(74,73,'{\"scientists\":30}',NULL),(75,74,'{\"scientists\":40}',NULL),(76,75,'{\"scientists\":60}',NULL),(77,76,'{\"scientists\":80}',NULL),(78,77,'{\"scientists\":100}',NULL),(79,78,'{\"scientists\":150}',NULL),(80,27,'{\"metal\":4206,\"energy\":8403,\"zetium\":102}',NULL),(81,80,'{\"metal\":8289,\"energy\":16578,\"zetium\":555}',NULL),(82,81,'{\"metal\":104340,\"energy\":145182,\"zetium\":8280}',NULL),(83,82,'{\"metal\":160347,\"energy\":222906,\"zetium\":12948}',NULL),(84,83,'{\"metal\":718878,\"energy\":1021860,\"zetium\":75702}',NULL),(85,84,'{\"metal\":330948,\"energy\":537804,\"zetium\":68958}',NULL);
/*!40000 ALTER TABLE `quests` ENABLE KEYS */;
UNLOCK TABLES;

--
-- Table structure for table `route_hops`
--

DROP TABLE IF EXISTS `route_hops`;
/*!40101 SET @saved_cs_client     = @@character_set_client */;
/*!40101 SET character_set_client = utf8 */;
CREATE TABLE `route_hops` (
  `id` int(11) NOT NULL AUTO_INCREMENT,
  `route_id` int(11) NOT NULL,
  `location_type` tinyint(2) unsigned NOT NULL,
  `location_id` int(10) unsigned NOT NULL,
  `location_x` int(11) DEFAULT NULL,
  `location_y` int(11) DEFAULT NULL,
  `arrives_at` datetime NOT NULL,
  `index` smallint(6) NOT NULL,
  `next` tinyint(1) NOT NULL DEFAULT '0',
  `jumps_at` datetime DEFAULT NULL,
  PRIMARY KEY (`id`),
  UNIQUE KEY `next_hop` (`route_id`,`index`),
  KEY `route` (`route_id`,`location_type`,`location_id`),
  KEY `next` (`route_id`,`next`),
  CONSTRAINT `route_hops_ibfk_1` FOREIGN KEY (`route_id`) REFERENCES `routes` (`id`) ON DELETE CASCADE
) ENGINE=InnoDB DEFAULT CHARSET=utf8;
/*!40101 SET character_set_client = @saved_cs_client */;

--
-- Dumping data for table `route_hops`
--

LOCK TABLES `route_hops` WRITE;
/*!40000 ALTER TABLE `route_hops` DISABLE KEYS */;
/*!40000 ALTER TABLE `route_hops` ENABLE KEYS */;
UNLOCK TABLES;

--
-- Table structure for table `routes`
--

DROP TABLE IF EXISTS `routes`;
/*!40101 SET @saved_cs_client     = @@character_set_client */;
/*!40101 SET character_set_client = utf8 */;
CREATE TABLE `routes` (
  `id` int(11) NOT NULL AUTO_INCREMENT,
  `target_type` tinyint(2) unsigned NOT NULL,
  `target_id` int(10) unsigned NOT NULL,
  `arrives_at` datetime NOT NULL,
  `cached_units` text NOT NULL,
  `player_id` int(11) NOT NULL,
  `target_x` int(11) NOT NULL,
  `target_y` int(11) NOT NULL,
  `target_name` varchar(255) DEFAULT NULL,
  `target_variation` tinyint(2) unsigned DEFAULT NULL,
  `target_solar_system_id` int(11) DEFAULT NULL,
  `current_id` int(11) unsigned NOT NULL,
  `current_type` tinyint(2) unsigned NOT NULL,
  `current_x` int(11) NOT NULL,
  `current_y` int(11) NOT NULL,
  `current_name` varchar(255) DEFAULT NULL,
  `current_variation` tinyint(2) unsigned DEFAULT NULL,
  `current_solar_system_id` int(11) DEFAULT NULL,
  `source_id` int(11) unsigned NOT NULL,
  `source_type` tinyint(2) unsigned NOT NULL,
  `source_x` int(11) NOT NULL,
  `source_y` int(11) NOT NULL,
  `source_name` varchar(255) DEFAULT NULL,
  `source_variation` tinyint(2) unsigned DEFAULT NULL,
  `source_solar_system_id` int(11) DEFAULT NULL,
  `first_hop` datetime NOT NULL,
  PRIMARY KEY (`id`),
  KEY `incoming_routes` (`target_type`,`target_id`),
  KEY `foreign_key` (`player_id`),
  CONSTRAINT `routes_ibfk_1` FOREIGN KEY (`player_id`) REFERENCES `players` (`id`) ON DELETE CASCADE
) ENGINE=InnoDB DEFAULT CHARSET=utf8;
/*!40101 SET character_set_client = @saved_cs_client */;

--
-- Dumping data for table `routes`
--

LOCK TABLES `routes` WRITE;
/*!40000 ALTER TABLE `routes` DISABLE KEYS */;
/*!40000 ALTER TABLE `routes` ENABLE KEYS */;
UNLOCK TABLES;

--
-- Table structure for table `schema_migrations`
--

DROP TABLE IF EXISTS `schema_migrations`;
/*!40101 SET @saved_cs_client     = @@character_set_client */;
/*!40101 SET character_set_client = utf8 */;
CREATE TABLE `schema_migrations` (
  `version` varchar(255) NOT NULL,
  UNIQUE KEY `unique_schema_migrations` (`version`)
) ENGINE=InnoDB DEFAULT CHARSET=utf8;
/*!40101 SET character_set_client = @saved_cs_client */;

--
-- Dumping data for table `schema_migrations`
--

LOCK TABLES `schema_migrations` WRITE;
/*!40000 ALTER TABLE `schema_migrations` DISABLE KEYS */;
INSERT INTO `schema_migrations` VALUES ('20090601175224'),('20090601184051'),('20090601184055'),('20090601184059'),('20090701164131'),('20090713165021'),('20090808144214'),('20090809160211'),('20090810173759'),('20090826140238'),('20090826141836'),('20090829202538'),('20090829210029'),('20090829224505'),('20090830143959'),('20090830145319'),('20090901153809'),('20090904190655'),('20090905175341'),('20090905192056'),('20090906135044'),('20090909222719'),('20090911180950'),('20090912165229'),('20090919155819'),('20091024222359'),('20091103164416'),('20091103180558'),('20091103181146'),('20091109191211'),('20091225193714'),('20100114152902'),('20100121142414'),('20100127115341'),('20100127120219'),('20100127120515'),('20100127121337'),('20100129150736'),('20100203202757'),('20100203204803'),('20100204172507'),('20100204173714'),('20100208163239'),('20100210114531'),('20100212134334'),('20100218181507'),('20100219114448'),('20100220144106'),('20100222144003'),('20100223153023'),('20100224153728'),('20100224163525'),('20100225124928'),('20100225153721'),('20100225155505'),('20100225155739'),('20100226122144'),('20100226122651'),('20100301153626'),('20100302131225'),('20100303131706'),('20100308163148'),('20100308164422'),('20100310172315'),('20100310181338'),('20100311123523'),('20100315112858'),('20100319141401'),('20100322184529'),('20100324134243'),('20100324141652'),('20100331125702'),('20100415130556'),('20100415130600'),('20100415130605'),('20100415134627'),('20100419141518'),('20100419142018'),('20100419164230'),('20100426141509'),('20100428130912'),('20100429171200'),('20100430174140'),('20100610151652'),('20100610180750'),('20100614142225'),('20100614160819'),('20100614162423'),('20100616132525'),('20100616135507'),('20100622124252'),('20100706105523'),('20100710121447'),('20100710191351'),('20100716155807'),('20100719131622'),('20100721155359'),('20100722124307'),('20100812164444'),('20100812164449'),('20100812164518'),('20100812164524'),('20100817165213'),('20100819175736'),('20100820185846'),('20100906095758'),('20100915145823'),('20100929111549'),('20101001155323'),('20101005180058'),('20101022155620'),('20101117131430'),('20101208135417'),('20101209122838'),('20101222150446'),('20101223125157'),('20101223172333'),('20110106110617'),('20110117182616'),('20110119121807'),('20110125161025'),('20110128094012'),('20110201122224'),('20110211124612'),('20110214130700'),('20110214165108'),('20110215161039'),('20110221105637'),('20110224162141'),('20110224174209'),('20110307104202'),('20110307121218'),('20110309114701'),('20110309194328'),('20110310113500'),('20110311172250'),('20110314132426'),('20110317165341'),('99999999999000'),('99999999999900');
/*!40000 ALTER TABLE `schema_migrations` ENABLE KEYS */;
UNLOCK TABLES;

--
-- Table structure for table `solar_systems`
--

DROP TABLE IF EXISTS `solar_systems`;
/*!40101 SET @saved_cs_client     = @@character_set_client */;
/*!40101 SET character_set_client = utf8 */;
CREATE TABLE `solar_systems` (
  `id` int(11) NOT NULL AUTO_INCREMENT,
  `galaxy_id` int(11) NOT NULL,
  `x` mediumint(9) DEFAULT NULL,
  `y` mediumint(9) DEFAULT NULL,
  `wormhole` tinyint(1) NOT NULL DEFAULT '0',
  `shield_ends_at` datetime DEFAULT NULL,
  `shield_owner_id` int(11) DEFAULT NULL,
  PRIMARY KEY (`id`),
  UNIQUE KEY `uniqueness` (`galaxy_id`,`x`,`y`),
  KEY `shield_owner_id` (`shield_owner_id`),
  CONSTRAINT `solar_systems_ibfk_2` FOREIGN KEY (`shield_owner_id`) REFERENCES `players` (`id`) ON DELETE SET NULL,
  CONSTRAINT `solar_systems_ibfk_1` FOREIGN KEY (`galaxy_id`) REFERENCES `galaxies` (`id`) ON DELETE CASCADE
) ENGINE=InnoDB AUTO_INCREMENT=10 DEFAULT CHARSET=utf8;
/*!40101 SET character_set_client = @saved_cs_client */;

--
-- Dumping data for table `solar_systems`
--

LOCK TABLES `solar_systems` WRITE;
/*!40000 ALTER TABLE `solar_systems` DISABLE KEYS */;
INSERT INTO `solar_systems` VALUES (1,1,NULL,NULL,0,NULL,NULL),(2,1,3,-8,0,'2011-04-01 13:16:14',1),(3,1,2,-7,1,NULL,NULL),(4,1,4,-3,0,NULL,NULL),(5,1,5,-1,1,NULL,NULL),(6,1,6,-5,1,NULL,NULL),(7,1,5,-7,0,NULL,NULL),(8,1,2,-4,0,NULL,NULL),(9,1,1,-2,1,NULL,NULL);
/*!40000 ALTER TABLE `solar_systems` ENABLE KEYS */;
UNLOCK TABLES;

--
-- Table structure for table `ss_objects`
--

DROP TABLE IF EXISTS `ss_objects`;
/*!40101 SET @saved_cs_client     = @@character_set_client */;
/*!40101 SET character_set_client = utf8 */;
CREATE TABLE `ss_objects` (
  `id` int(11) NOT NULL AUTO_INCREMENT,
  `solar_system_id` int(11) NOT NULL,
  `width` int(11) DEFAULT NULL,
  `height` int(11) DEFAULT NULL,
  `position` int(11) NOT NULL DEFAULT '0',
  `angle` int(11) NOT NULL DEFAULT '0',
  `type` varchar(255) NOT NULL,
  `player_id` int(11) DEFAULT NULL,
  `name` varchar(12) NOT NULL DEFAULT '',
  `size` int(11) NOT NULL DEFAULT '0',
  `terrain` tinyint(2) unsigned NOT NULL DEFAULT '0',
  `metal` float NOT NULL DEFAULT '0',
  `metal_rate` float NOT NULL DEFAULT '0',
  `metal_storage` float NOT NULL DEFAULT '0',
  `energy` float NOT NULL DEFAULT '0',
  `energy_rate` float NOT NULL DEFAULT '0',
  `energy_storage` float NOT NULL DEFAULT '0',
  `zetium` float NOT NULL DEFAULT '0',
  `zetium_rate` float NOT NULL DEFAULT '0',
  `zetium_storage` float NOT NULL DEFAULT '0',
  `last_resources_update` datetime DEFAULT NULL,
  `energy_diminish_registered` tinyint(1) NOT NULL DEFAULT '0',
  `exploration_x` tinyint(2) unsigned DEFAULT NULL,
  `exploration_y` tinyint(2) unsigned DEFAULT NULL,
  `exploration_ends_at` datetime DEFAULT NULL,
  `can_destroy_building_at` datetime DEFAULT NULL,
  `special` tinyint(1) NOT NULL DEFAULT '0',
  `next_raid_at` datetime DEFAULT NULL,
  `shield_ends_at` datetime DEFAULT NULL,
  `shield_owner_id` int(11) DEFAULT NULL,
  PRIMARY KEY (`id`),
  UNIQUE KEY `uniqueness` (`solar_system_id`,`position`,`angle`),
  KEY `index_planets_on_galaxy_id_and_solar_system_id` (`solar_system_id`),
  KEY `index_planets_on_player_id_and_galaxy_id` (`player_id`),
  KEY `group_by_for_fowssentry_status_updates` (`player_id`,`solar_system_id`),
  KEY `shield_owner_id` (`shield_owner_id`),
  CONSTRAINT `ss_objects_ibfk_3` FOREIGN KEY (`shield_owner_id`) REFERENCES `players` (`id`) ON DELETE SET NULL,
  CONSTRAINT `ss_objects_ibfk_1` FOREIGN KEY (`solar_system_id`) REFERENCES `solar_systems` (`id`) ON DELETE CASCADE,
  CONSTRAINT `ss_objects_ibfk_2` FOREIGN KEY (`player_id`) REFERENCES `players` (`id`) ON DELETE SET NULL
) ENGINE=InnoDB AUTO_INCREMENT=62 DEFAULT CHARSET=utf8;
/*!40101 SET character_set_client = @saved_cs_client */;

--
-- Dumping data for table `ss_objects`
--

LOCK TABLES `ss_objects` WRITE;
/*!40000 ALTER TABLE `ss_objects` DISABLE KEYS */;
INSERT INTO `ss_objects` VALUES (1,1,23,13,1,45,'Planet',NULL,'Inculta',40,1,0,0,0,0,0,0,0,0,0,'2011-03-18 12:16:13',0,NULL,NULL,NULL,NULL,1,NULL,NULL,NULL),(2,1,0,0,3,22,'Jumpgate',NULL,'',46,0,0,0,0,0,0,0,0,0,0,NULL,0,NULL,NULL,NULL,NULL,0,NULL,NULL,NULL),(3,1,0,0,3,270,'Jumpgate',NULL,'',45,0,0,0,0,0,0,0,0,0,0,NULL,0,NULL,NULL,NULL,NULL,0,NULL,NULL,NULL),(4,1,15,15,2,210,'Planet',NULL,'Limus',37,2,0,0,0,0,0,0,0,0,0,'2011-03-18 12:16:13',0,NULL,NULL,NULL,NULL,1,NULL,NULL,NULL),(5,1,21,17,0,270,'Planet',NULL,'Gramen',40,0,0,0,0,0,0,0,0,0,0,'2011-03-18 12:16:13',0,NULL,NULL,NULL,NULL,1,NULL,NULL,NULL),(6,1,0,0,3,134,'Jumpgate',NULL,'',34,0,0,0,0,0,0,0,0,0,0,NULL,0,NULL,NULL,NULL,NULL,0,NULL,NULL,NULL),(7,2,0,0,3,112,'Jumpgate',NULL,'',25,0,0,0,0,0,0,0,0,0,0,NULL,0,NULL,NULL,NULL,NULL,0,NULL,NULL,NULL),(8,2,0,0,1,225,'Asteroid',NULL,'',28,0,0,0,2,0,0,1,0,0,2,NULL,0,NULL,NULL,NULL,NULL,0,NULL,NULL,NULL),(9,2,0,0,2,90,'Asteroid',NULL,'',58,0,0,0,2,0,0,2,0,0,1,NULL,0,NULL,NULL,NULL,NULL,0,NULL,NULL,NULL),(10,2,0,0,2,150,'Asteroid',NULL,'',37,0,0,0,2,0,0,2,0,0,1,NULL,0,NULL,NULL,NULL,NULL,0,NULL,NULL,NULL),(11,2,30,30,0,90,'Planet',NULL,'P-11',50,2,0,0,0,0,0,0,0,0,0,'2011-03-18 12:16:14',0,NULL,NULL,NULL,NULL,0,NULL,NULL,NULL),(12,2,30,30,2,180,'Planet',1,'P-12',50,0,3186.11,139.5,9654.87,7042.03,308.5,21339.5,0,0,2622.17,'2011-03-18 12:16:14',0,NULL,NULL,NULL,NULL,0,NULL,NULL,NULL),(13,2,0,0,1,180,'Asteroid',NULL,'',26,0,0,0,2,0,0,1,0,0,2,NULL,0,NULL,NULL,NULL,NULL,0,NULL,NULL,NULL),(14,2,0,0,0,270,'Asteroid',NULL,'',27,0,0,0,2,0,0,2,0,0,1,NULL,0,NULL,NULL,NULL,NULL,0,NULL,NULL,NULL),(15,2,0,0,1,0,'Asteroid',NULL,'',58,0,0,0,1,0,0,1,0,0,1,NULL,0,NULL,NULL,NULL,NULL,0,NULL,NULL,NULL),(16,2,0,0,0,0,'Asteroid',NULL,'',54,0,0,0,2,0,0,1,0,0,2,NULL,0,NULL,NULL,NULL,NULL,0,NULL,NULL,NULL),(17,4,0,0,1,45,'Asteroid',NULL,'',37,0,0,0,2,0,0,1,0,0,1,NULL,0,NULL,NULL,NULL,NULL,0,NULL,NULL,NULL),(18,4,0,0,2,90,'Asteroid',NULL,'',38,0,0,0,5,0,0,3,0,0,3,NULL,0,NULL,NULL,NULL,NULL,0,NULL,NULL,NULL),(19,4,0,0,1,225,'Asteroid',NULL,'',43,0,0,0,4,0,0,3,0,0,3,NULL,0,NULL,NULL,NULL,NULL,0,NULL,NULL,NULL),(20,4,0,0,3,314,'Jumpgate',NULL,'',42,0,0,0,0,0,0,0,0,0,0,NULL,0,NULL,NULL,NULL,NULL,0,NULL,NULL,NULL),(21,4,0,0,1,315,'Asteroid',NULL,'',33,0,0,0,2,0,0,2,0,0,1,NULL,0,NULL,NULL,NULL,NULL,0,NULL,NULL,NULL),(22,4,0,0,2,240,'Asteroid',NULL,'',31,0,0,0,1,0,0,1,0,0,1,NULL,0,NULL,NULL,NULL,NULL,0,NULL,NULL,NULL),(23,4,0,0,3,224,'Jumpgate',NULL,'',42,0,0,0,0,0,0,0,0,0,0,NULL,0,NULL,NULL,NULL,NULL,0,NULL,NULL,NULL),(24,4,0,0,2,150,'Asteroid',NULL,'',26,0,0,0,4,0,0,3,0,0,3,NULL,0,NULL,NULL,NULL,NULL,0,NULL,NULL,NULL),(25,4,31,29,2,180,'Planet',NULL,'P-25',50,2,0,0,0,0,0,0,0,0,0,'2011-03-18 12:16:14',0,NULL,NULL,NULL,NULL,0,NULL,NULL,NULL),(26,4,0,0,0,90,'Asteroid',NULL,'',26,0,0,0,3,0,0,2,0,0,2,NULL,0,NULL,NULL,NULL,NULL,0,NULL,NULL,NULL),(27,4,0,0,3,270,'Jumpgate',NULL,'',49,0,0,0,0,0,0,0,0,0,0,NULL,0,NULL,NULL,NULL,NULL,0,NULL,NULL,NULL),(28,4,0,0,0,270,'Asteroid',NULL,'',48,0,0,0,2,0,0,2,0,0,2,NULL,0,NULL,NULL,NULL,NULL,0,NULL,NULL,NULL),(29,4,0,0,0,180,'Asteroid',NULL,'',46,0,0,0,5,0,0,5,0,0,2,NULL,0,NULL,NULL,NULL,NULL,0,NULL,NULL,NULL),(30,7,0,0,1,45,'Asteroid',NULL,'',56,0,0,0,4,0,0,5,0,0,3,NULL,0,NULL,NULL,NULL,NULL,0,NULL,NULL,NULL),(31,7,0,0,1,225,'Asteroid',NULL,'',51,0,0,0,4,0,0,3,0,0,3,NULL,0,NULL,NULL,NULL,NULL,0,NULL,NULL,NULL),(32,7,0,0,2,120,'Asteroid',NULL,'',42,0,0,0,5,0,0,3,0,0,4,NULL,0,NULL,NULL,NULL,NULL,0,NULL,NULL,NULL),(33,7,0,0,3,246,'Jumpgate',NULL,'',34,0,0,0,0,0,0,0,0,0,0,NULL,0,NULL,NULL,NULL,NULL,0,NULL,NULL,NULL),(34,7,0,0,1,180,'Asteroid',NULL,'',40,0,0,0,5,0,0,3,0,0,4,NULL,0,NULL,NULL,NULL,NULL,0,NULL,NULL,NULL),(35,7,0,0,2,240,'Asteroid',NULL,'',57,0,0,0,2,0,0,5,0,0,4,NULL,0,NULL,NULL,NULL,NULL,0,NULL,NULL,NULL),(36,7,0,0,3,224,'Jumpgate',NULL,'',58,0,0,0,0,0,0,0,0,0,0,NULL,0,NULL,NULL,NULL,NULL,0,NULL,NULL,NULL),(37,7,0,0,2,60,'Asteroid',NULL,'',52,0,0,0,1,0,0,1,0,0,1,NULL,0,NULL,NULL,NULL,NULL,0,NULL,NULL,NULL),(38,7,33,29,1,270,'Planet',NULL,'P-38',50,0,0,0,0,0,0,0,0,0,0,'2011-03-18 12:16:14',0,NULL,NULL,NULL,NULL,0,NULL,NULL,NULL),(39,7,0,0,1,90,'Asteroid',NULL,'',39,0,0,0,1,0,0,2,0,0,2,NULL,0,NULL,NULL,NULL,NULL,0,NULL,NULL,NULL),(40,7,0,0,2,150,'Asteroid',NULL,'',36,0,0,0,2,0,0,2,0,0,1,NULL,0,NULL,NULL,NULL,NULL,0,NULL,NULL,NULL),(41,7,0,0,2,30,'Asteroid',NULL,'',42,0,0,0,1,0,0,1,0,0,1,NULL,0,NULL,NULL,NULL,NULL,0,NULL,NULL,NULL),(42,7,0,0,1,135,'Asteroid',NULL,'',27,0,0,0,4,0,0,2,0,0,3,NULL,0,NULL,NULL,NULL,NULL,0,NULL,NULL,NULL),(43,7,0,0,2,180,'Asteroid',NULL,'',58,0,0,0,1,0,0,1,0,0,2,NULL,0,NULL,NULL,NULL,NULL,0,NULL,NULL,NULL),(44,7,30,33,2,330,'Planet',NULL,'P-44',51,1,0,0,0,0,0,0,0,0,0,'2011-03-18 12:16:14',0,NULL,NULL,NULL,NULL,0,NULL,NULL,NULL),(45,7,0,0,3,336,'Jumpgate',NULL,'',51,0,0,0,0,0,0,0,0,0,0,NULL,0,NULL,NULL,NULL,NULL,0,NULL,NULL,NULL),(46,7,0,0,0,180,'Asteroid',NULL,'',32,0,0,0,2,0,0,2,0,0,2,NULL,0,NULL,NULL,NULL,NULL,0,NULL,NULL,NULL),(47,7,0,0,2,300,'Asteroid',NULL,'',45,0,0,0,2,0,0,3,0,0,2,NULL,0,NULL,NULL,NULL,NULL,0,NULL,NULL,NULL),(48,7,0,0,0,0,'Asteroid',NULL,'',41,0,0,0,2,0,0,2,0,0,1,NULL,0,NULL,NULL,NULL,NULL,0,NULL,NULL,NULL),(49,8,0,0,1,225,'Asteroid',NULL,'',54,0,0,0,2,0,0,2,0,0,2,NULL,0,NULL,NULL,NULL,NULL,0,NULL,NULL,NULL),(50,8,30,34,2,120,'Planet',NULL,'P-50',51,0,0,0,0,0,0,0,0,0,0,'2011-03-18 12:16:14',0,NULL,NULL,NULL,NULL,0,NULL,NULL,NULL),(51,8,0,0,2,210,'Asteroid',NULL,'',26,0,0,0,5,0,0,3,0,0,5,NULL,0,NULL,NULL,NULL,NULL,0,NULL,NULL,NULL),(52,8,0,0,3,246,'Jumpgate',NULL,'',28,0,0,0,0,0,0,0,0,0,0,NULL,0,NULL,NULL,NULL,NULL,0,NULL,NULL,NULL),(53,8,0,0,1,315,'Asteroid',NULL,'',35,0,0,0,2,0,0,1,0,0,1,NULL,0,NULL,NULL,NULL,NULL,0,NULL,NULL,NULL),(54,8,0,0,1,90,'Asteroid',NULL,'',32,0,0,0,2,0,0,2,0,0,1,NULL,0,NULL,NULL,NULL,NULL,0,NULL,NULL,NULL),(55,8,0,0,2,150,'Asteroid',NULL,'',31,0,0,0,2,0,0,2,0,0,2,NULL,0,NULL,NULL,NULL,NULL,0,NULL,NULL,NULL),(56,8,0,0,2,30,'Asteroid',NULL,'',47,0,0,0,2,0,0,1,0,0,1,NULL,0,NULL,NULL,NULL,NULL,0,NULL,NULL,NULL),(57,8,0,0,1,135,'Asteroid',NULL,'',43,0,0,0,1,0,0,2,0,0,2,NULL,0,NULL,NULL,NULL,NULL,0,NULL,NULL,NULL),(58,8,24,29,0,270,'Planet',NULL,'P-58',47,2,0,0,0,0,0,0,0,0,0,'2011-03-18 12:16:14',0,NULL,NULL,NULL,NULL,0,NULL,NULL,NULL),(59,8,0,0,0,180,'Asteroid',NULL,'',58,0,0,0,3,0,0,3,0,0,3,NULL,0,NULL,NULL,NULL,NULL,0,NULL,NULL,NULL),(60,8,0,0,2,300,'Asteroid',NULL,'',48,0,0,0,4,0,0,2,0,0,5,NULL,0,NULL,NULL,NULL,NULL,0,NULL,NULL,NULL),(61,8,0,0,0,0,'Asteroid',NULL,'',47,0,0,0,2,0,0,2,0,0,1,NULL,0,NULL,NULL,NULL,NULL,0,NULL,NULL,NULL);
/*!40000 ALTER TABLE `ss_objects` ENABLE KEYS */;
UNLOCK TABLES;

--
-- Table structure for table `technologies`
--

DROP TABLE IF EXISTS `technologies`;
/*!40101 SET @saved_cs_client     = @@character_set_client */;
/*!40101 SET character_set_client = utf8 */;
CREATE TABLE `technologies` (
  `id` int(11) NOT NULL AUTO_INCREMENT,
  `upgrade_ends_at` datetime DEFAULT NULL,
  `pause_remainder` int(10) unsigned DEFAULT NULL,
  `scientists` int(10) unsigned DEFAULT '0',
  `level` tinyint(2) unsigned NOT NULL,
  `player_id` int(11) NOT NULL,
  `type` varchar(50) NOT NULL,
  `pause_scientists` int(10) unsigned DEFAULT NULL,
  `speed_up` tinyint(1) NOT NULL DEFAULT '0',
  PRIMARY KEY (`id`),
  UNIQUE KEY `main` (`player_id`,`type`,`level`),
  UNIQUE KEY `type_by_player` (`player_id`,`type`,`level`),
  UNIQUE KEY `ensure_uniqueness` (`player_id`,`type`),
  KEY `upgrading` (`player_id`,`upgrade_ends_at`),
  CONSTRAINT `technologies_ibfk_1` FOREIGN KEY (`player_id`) REFERENCES `players` (`id`) ON DELETE CASCADE
) ENGINE=InnoDB DEFAULT CHARSET=utf8;
/*!40101 SET character_set_client = @saved_cs_client */;

--
-- Dumping data for table `technologies`
--

LOCK TABLES `technologies` WRITE;
/*!40000 ALTER TABLE `technologies` DISABLE KEYS */;
/*!40000 ALTER TABLE `technologies` ENABLE KEYS */;
UNLOCK TABLES;

--
-- Table structure for table `tiles`
--

DROP TABLE IF EXISTS `tiles`;
/*!40101 SET @saved_cs_client     = @@character_set_client */;
/*!40101 SET character_set_client = utf8 */;
CREATE TABLE `tiles` (
  `kind` tinyint(2) unsigned NOT NULL DEFAULT '0',
  `planet_id` int(11) NOT NULL,
  `x` tinyint(2) unsigned NOT NULL DEFAULT '0',
  `y` tinyint(2) unsigned NOT NULL DEFAULT '0',
  UNIQUE KEY `uniqueness` (`planet_id`,`x`,`y`),
  CONSTRAINT `tiles_ibfk_1` FOREIGN KEY (`planet_id`) REFERENCES `ss_objects` (`id`) ON DELETE CASCADE
) ENGINE=InnoDB DEFAULT CHARSET=utf8;
/*!40101 SET character_set_client = @saved_cs_client */;

--
-- Dumping data for table `tiles`
--

LOCK TABLES `tiles` WRITE;
/*!40000 ALTER TABLE `tiles` DISABLE KEYS */;
INSERT INTO `tiles` VALUES (14,1,0,8),(13,1,1,0),(8,1,7,3),(8,1,10,10),(13,1,11,1),(13,1,14,10),(9,1,18,0),(9,1,19,5),(9,4,5,11),(12,4,9,1),(13,4,9,8),(13,5,0,0),(8,5,0,7),(8,5,2,3),(10,5,7,0),(9,5,7,12),(12,5,14,0),(14,5,14,7),(3,11,0,6),(3,11,0,7),(3,11,0,8),(3,11,0,9),(3,11,0,10),(3,11,0,11),(3,11,0,12),(3,11,0,13),(4,11,1,1),(4,11,1,2),(0,11,1,5),(3,11,1,7),(3,11,1,8),(3,11,1,9),(3,11,1,10),(3,11,1,11),(3,11,1,12),(3,11,1,13),(4,11,2,2),(4,11,2,3),(3,11,2,7),(3,11,2,8),(3,11,2,9),(3,11,2,10),(3,11,2,13),(4,11,3,0),(4,11,3,1),(4,11,3,2),(4,11,3,3),(3,11,3,8),(3,11,3,9),(3,11,3,10),(3,11,3,13),(4,11,4,1),(4,11,4,2),(3,11,4,16),(13,11,4,22),(4,11,5,1),(4,11,5,2),(0,11,5,3),(3,11,5,15),(3,11,5,16),(3,11,6,0),(4,11,6,2),(3,11,6,15),(3,11,6,16),(3,11,6,17),(3,11,6,18),(3,11,7,0),(4,11,7,1),(4,11,7,2),(3,11,7,15),(3,11,7,16),(3,11,8,0),(3,11,8,1),(6,11,8,5),(6,11,8,6),(6,11,8,7),(4,11,8,13),(3,11,8,15),(3,11,8,16),(3,11,9,0),(3,11,9,1),(0,11,9,2),(6,11,9,7),(6,11,9,8),(2,11,9,9),(4,11,9,13),(4,11,9,14),(3,11,9,16),(3,11,10,0),(3,11,10,1),(6,11,10,4),(6,11,10,8),(4,11,10,13),(4,11,10,14),(14,11,10,15),(9,11,10,19),(3,11,11,0),(3,11,11,1),(3,11,11,2),(6,11,11,3),(6,11,11,4),(4,11,11,9),(4,11,11,10),(4,11,11,11),(4,11,11,12),(4,11,11,13),(4,11,11,14),(3,11,12,0),(6,11,12,1),(6,11,12,2),(6,11,12,3),(4,11,12,12),(4,11,12,14),(0,11,13,1),(4,11,13,14),(3,11,14,3),(3,11,14,4),(4,11,14,14),(1,11,14,16),(3,11,15,1),(3,11,15,2),(3,11,15,3),(3,11,15,4),(8,11,15,5),(10,11,15,11),(3,11,16,2),(3,11,16,3),(3,11,16,4),(3,11,17,2),(3,11,17,3),(3,11,17,4),(4,11,17,20),(0,11,18,1),(5,11,18,5),(4,11,18,19),(4,11,18,20),(4,11,18,21),(5,11,18,24),(5,11,19,5),(4,11,19,20),(4,11,19,21),(2,11,19,22),(5,11,19,24),(5,11,19,25),(5,11,20,4),(5,11,20,5),(5,11,20,7),(6,11,20,8),(6,11,20,9),(6,11,20,10),(6,11,20,11),(4,11,20,19),(4,11,20,20),(4,11,20,21),(5,11,20,24),(5,11,20,25),(0,11,20,26),(5,11,21,3),(5,11,21,4),(5,11,21,5),(5,11,21,6),(5,11,21,7),(6,11,21,8),(6,11,21,9),(5,11,21,10),(5,11,21,11),(5,11,21,12),(5,11,21,13),(4,11,21,19),(4,11,21,20),(5,11,21,21),(5,11,21,22),(5,11,21,23),(5,11,21,24),(5,11,21,25),(5,11,22,0),(5,11,22,1),(5,11,22,2),(5,11,22,3),(5,11,22,4),(5,11,22,5),(5,11,22,6),(5,11,22,7),(5,11,22,8),(5,11,22,9),(5,11,22,11),(4,11,22,18),(4,11,22,19),(4,11,22,20),(4,11,22,21),(5,11,22,22),(5,11,22,23),(5,11,22,24),(5,11,22,25),(6,11,22,26),(6,11,22,27),(5,11,23,0),(5,11,23,1),(5,11,23,2),(5,11,23,3),(5,11,23,4),(5,11,23,5),(5,11,23,6),(5,11,23,7),(5,11,23,8),(5,11,23,9),(5,11,23,10),(5,11,23,11),(5,11,23,12),(0,11,23,20),(5,11,23,22),(5,11,23,23),(5,11,23,24),(5,11,23,25),(6,11,23,26),(6,11,23,27),(6,11,23,28),(5,11,24,0),(5,11,24,1),(5,11,24,2),(5,11,24,3),(5,11,24,4),(5,11,24,5),(5,11,24,6),(5,11,24,7),(5,11,24,8),(5,11,24,9),(5,11,24,12),(5,11,24,13),(5,11,24,14),(5,11,24,22),(5,11,24,23),(5,11,24,24),(6,11,24,27),(5,11,25,0),(5,11,25,1),(5,11,25,2),(5,11,25,3),(5,11,25,5),(5,11,25,6),(5,11,25,7),(5,11,25,8),(5,11,25,21),(5,11,25,22),(5,11,25,23),(5,11,25,24),(5,11,25,25),(4,11,25,27),(4,11,25,28),(4,11,25,29),(5,11,26,0),(5,11,26,2),(5,11,26,3),(5,11,26,4),(5,11,26,5),(5,11,26,6),(0,11,26,8),(5,11,26,21),(5,11,26,22),(4,11,26,27),(4,11,26,28),(4,11,26,29),(5,11,27,1),(5,11,27,2),(5,11,27,4),(6,11,27,5),(1,11,27,15),(5,11,27,21),(5,11,27,22),(5,11,27,23),(4,11,27,26),(4,11,27,27),(4,11,27,28),(4,11,27,29),(6,11,28,4),(6,11,28,5),(5,11,28,21),(5,11,28,22),(5,11,28,23),(4,11,28,26),(4,11,28,27),(4,11,28,28),(4,11,28,29),(6,11,29,3),(6,11,29,4),(6,11,29,5),(4,11,29,28),(0,12,0,0),(5,12,0,3),(5,12,0,4),(5,12,0,5),(5,12,0,6),(5,12,0,7),(5,12,0,8),(5,12,0,9),(5,12,0,10),(5,12,0,11),(5,12,0,12),(5,12,0,13),(5,12,0,14),(5,12,0,26),(5,12,0,27),(5,12,0,28),(5,12,0,29),(5,12,1,3),(11,12,1,4),(5,12,1,11),(5,12,1,12),(5,12,1,13),(13,12,1,16),(4,12,1,19),(4,12,1,20),(4,12,1,21),(4,12,1,22),(5,12,1,26),(5,12,1,27),(5,12,1,28),(5,12,1,29),(5,12,2,2),(5,12,2,3),(5,12,2,10),(5,12,2,12),(5,12,2,13),(5,12,2,14),(5,12,2,15),(4,12,2,20),(4,12,2,21),(4,12,2,22),(4,12,2,23),(5,12,2,27),(5,12,2,28),(5,12,2,29),(0,12,3,1),(5,12,3,10),(5,12,3,11),(5,12,3,12),(5,12,3,13),(5,12,3,14),(4,12,3,20),(4,12,3,21),(4,12,3,22),(4,12,3,23),(4,12,3,24),(5,12,3,28),(5,12,3,29),(5,12,4,12),(5,12,4,13),(6,12,4,18),(4,12,4,21),(4,12,4,22),(4,12,4,23),(5,12,4,26),(5,12,4,27),(5,12,4,28),(6,12,5,8),(6,12,5,9),(6,12,5,18),(6,12,5,19),(4,12,5,22),(4,12,5,23),(4,12,5,24),(5,12,5,26),(5,12,5,27),(6,12,6,7),(6,12,6,8),(6,12,6,9),(6,12,6,11),(6,12,6,18),(6,12,6,19),(6,12,7,9),(6,12,7,10),(6,12,7,18),(12,12,7,23),(6,12,8,9),(6,12,8,10),(6,12,8,16),(6,12,8,17),(6,12,8,18),(3,12,9,3),(3,12,9,4),(3,12,10,0),(3,12,10,2),(3,12,10,3),(3,12,10,4),(8,12,10,5),(0,12,10,20),(3,12,11,0),(3,12,11,1),(3,12,11,2),(3,12,11,3),(3,12,12,0),(3,12,12,1),(3,12,12,2),(3,12,13,0),(3,12,13,1),(3,12,13,2),(3,12,13,4),(3,12,14,0),(3,12,14,1),(3,12,14,2),(3,12,14,3),(3,12,14,4),(3,12,15,0),(3,12,15,1),(3,12,15,2),(3,12,15,3),(3,12,15,4),(3,12,16,0),(3,12,16,1),(3,12,16,2),(3,12,16,3),(5,12,16,29),(3,12,17,0),(3,12,17,1),(3,12,17,2),(3,12,17,3),(3,12,17,4),(2,12,17,28),(3,12,18,0),(3,12,18,1),(3,12,18,2),(3,12,18,3),(3,12,18,4),(3,12,18,5),(0,12,18,23),(3,12,19,0),(3,12,19,1),(3,12,19,2),(3,12,19,3),(3,12,19,4),(3,12,19,5),(5,12,19,29),(3,12,20,0),(3,12,20,1),(3,12,20,2),(3,12,20,3),(3,12,20,4),(3,12,20,5),(5,12,20,28),(5,12,20,29),(3,12,21,0),(3,12,21,1),(3,12,21,2),(3,12,21,3),(3,12,21,4),(5,12,21,29),(3,12,22,0),(3,12,22,1),(3,12,22,2),(14,12,22,25),(5,12,22,29),(3,12,23,0),(3,12,23,1),(3,12,23,2),(3,12,23,3),(4,12,23,9),(5,12,23,29),(3,12,24,1),(3,12,24,2),(0,12,24,4),(4,12,24,7),(4,12,24,8),(4,12,24,9),(4,12,24,10),(4,12,24,11),(5,12,24,29),(4,12,25,7),(4,12,25,8),(4,12,25,9),(4,12,25,10),(5,12,25,27),(5,12,25,29),(4,12,26,6),(4,12,26,7),(4,12,26,8),(4,12,26,9),(4,12,26,10),(2,12,26,12),(6,12,26,22),(6,12,26,23),(5,12,26,27),(5,12,26,28),(5,12,26,29),(4,12,27,5),(4,12,27,6),(4,12,27,7),(4,12,27,8),(4,12,27,9),(4,12,27,10),(5,12,27,17),(5,12,27,18),(5,12,27,21),(5,12,27,22),(6,12,27,23),(6,12,27,24),(0,12,28,4),(4,12,28,6),(4,12,28,7),(4,12,28,8),(4,12,28,9),(4,12,28,10),(5,12,28,15),(5,12,28,16),(5,12,28,17),(5,12,28,18),(5,12,28,19),(5,12,28,21),(5,12,28,22),(6,12,28,23),(6,12,28,24),(5,12,28,25),(5,12,28,26),(5,12,28,27),(5,12,28,28),(4,12,29,7),(4,12,29,8),(4,12,29,9),(4,12,29,10),(4,12,29,11),(5,12,29,16),(5,12,29,17),(5,12,29,18),(5,12,29,19),(5,12,29,20),(5,12,29,21),(5,12,29,22),(6,12,29,23),(6,12,29,24),(6,12,29,25),(6,12,29,26),(5,12,29,27),(5,25,0,0),(5,25,0,1),(5,25,0,2),(5,25,0,3),(6,25,0,16),(6,25,0,17),(6,25,0,18),(6,25,0,19),(6,25,0,25),(6,25,0,26),(6,25,0,28),(5,25,1,0),(5,25,1,1),(6,25,1,19),(6,25,1,20),(6,25,1,21),(6,25,1,26),(6,25,1,27),(6,25,1,28),(6,25,2,20),(6,25,2,21),(6,25,2,25),(6,25,2,26),(6,25,2,27),(6,25,2,28),(4,25,3,15),(4,25,3,16),(6,25,3,21),(10,25,3,23),(4,25,4,13),(4,25,4,14),(4,25,4,15),(9,25,5,4),(4,25,5,13),(4,25,5,15),(4,25,5,16),(4,25,5,17),(4,25,6,13),(4,25,6,14),(4,25,6,15),(13,25,7,10),(4,25,7,12),(4,25,7,13),(0,25,7,15),(4,25,8,12),(4,25,8,14),(4,25,9,12),(4,25,9,13),(4,25,9,14),(4,25,10,13),(4,25,10,28),(4,25,11,28),(0,25,12,15),(6,25,12,22),(1,25,12,26),(4,25,12,28),(3,25,13,10),(6,25,13,20),(6,25,13,21),(6,25,13,22),(6,25,13,23),(4,25,13,28),(3,25,14,9),(3,25,14,10),(3,25,14,11),(6,25,14,12),(6,25,14,14),(6,25,14,20),(6,25,14,21),(0,25,14,22),(4,25,14,26),(4,25,14,27),(4,25,14,28),(2,25,15,1),(3,25,15,10),(6,25,15,12),(6,25,15,13),(6,25,15,14),(6,25,15,15),(6,25,15,16),(6,25,15,17),(6,25,15,19),(6,25,15,20),(6,25,15,21),(4,25,15,24),(4,25,15,25),(4,25,15,26),(4,25,15,27),(4,25,15,28),(5,25,16,4),(5,25,16,5),(3,25,16,6),(3,25,16,7),(3,25,16,8),(3,25,16,10),(3,25,16,11),(6,25,16,12),(6,25,16,14),(4,25,16,24),(4,25,16,25),(4,25,16,26),(4,25,16,27),(4,25,16,28),(5,25,17,4),(5,25,17,5),(5,25,17,6),(3,25,17,7),(3,25,17,8),(3,25,17,9),(3,25,17,10),(3,25,17,11),(3,25,17,12),(4,25,17,15),(4,25,17,16),(4,25,17,17),(5,25,17,23),(5,25,17,24),(5,25,17,25),(4,25,17,26),(4,25,17,27),(5,25,18,4),(2,25,18,5),(3,25,18,7),(3,25,18,8),(3,25,18,9),(3,25,18,10),(3,25,18,11),(3,25,18,12),(1,25,18,13),(4,25,18,16),(4,25,18,17),(4,25,18,18),(5,25,18,25),(5,25,18,26),(4,25,18,27),(3,25,18,28),(2,25,19,1),(3,25,19,7),(3,25,19,8),(3,25,19,9),(3,25,19,10),(3,25,19,11),(3,25,19,12),(4,25,19,17),(3,25,19,24),(5,25,19,25),(3,25,19,26),(3,25,19,27),(3,25,19,28),(4,25,20,5),(4,25,20,8),(4,25,20,9),(4,25,20,14),(4,25,20,15),(4,25,20,17),(4,25,20,18),(3,25,20,22),(3,25,20,23),(3,25,20,24),(3,25,20,25),(3,25,20,26),(3,25,20,27),(3,25,20,28),(4,25,21,2),(4,25,21,3),(4,25,21,4),(4,25,21,5),(4,25,21,6),(4,25,21,8),(4,25,21,9),(4,25,21,14),(4,25,21,15),(4,25,21,16),(4,25,21,17),(4,25,21,18),(2,25,21,19),(3,25,21,21),(3,25,21,22),(3,25,21,23),(3,25,21,24),(3,25,21,25),(3,25,21,26),(3,25,21,27),(4,25,22,4),(4,25,22,5),(4,25,22,6),(4,25,22,7),(4,25,22,9),(4,25,22,14),(4,25,22,15),(4,25,22,16),(4,25,22,17),(5,25,22,18),(5,25,22,21),(5,25,22,22),(3,25,22,23),(3,25,22,24),(3,25,22,26),(3,25,22,27),(3,25,22,28),(4,25,23,6),(4,25,23,7),(4,25,23,8),(4,25,23,9),(5,25,23,18),(5,25,23,19),(5,25,23,20),(5,25,23,21),(5,25,23,22),(5,25,23,23),(3,25,23,24),(3,25,23,26),(3,25,23,27),(4,25,24,6),(5,25,24,19),(5,25,24,20),(5,25,24,21),(3,25,24,22),(3,25,24,23),(0,25,24,24),(3,25,24,26),(3,25,25,21),(3,25,25,22),(3,25,25,23),(3,25,25,26),(3,25,26,21),(3,25,26,22),(3,25,26,23),(3,25,26,24),(3,25,26,25),(3,25,26,26),(3,25,26,27),(3,25,26,28),(3,25,27,19),(3,25,27,20),(3,25,27,21),(3,25,27,22),(3,25,27,23),(3,25,27,24),(3,25,27,25),(3,25,27,28),(0,25,28,19),(3,25,28,21),(3,25,28,22),(0,25,28,23),(3,25,29,21),(3,25,29,22),(3,25,30,20),(3,25,30,21),(5,38,0,22),(5,38,0,23),(0,38,1,3),(6,38,1,7),(5,38,1,18),(5,38,1,19),(5,38,1,20),(5,38,1,21),(5,38,1,22),(5,38,1,24),(6,38,2,5),(6,38,2,6),(6,38,2,7),(6,38,2,8),(6,38,2,9),(5,38,2,19),(5,38,2,20),(5,38,2,21),(5,38,2,22),(5,38,2,23),(5,38,2,24),(6,38,3,3),(6,38,3,4),(6,38,3,5),(6,38,3,6),(5,38,3,20),(5,38,3,21),(5,38,3,22),(5,38,3,23),(6,38,4,3),(6,38,4,4),(6,38,4,5),(13,38,4,6),(5,38,4,19),(5,38,4,20),(5,38,4,21),(11,38,6,8),(9,38,9,19),(4,38,10,26),(4,38,10,27),(6,38,11,11),(4,38,11,24),(4,38,11,25),(4,38,11,26),(4,38,11,27),(6,38,12,11),(6,38,12,12),(4,38,12,22),(4,38,12,23),(4,38,12,25),(4,38,12,26),(4,38,12,27),(4,38,12,28),(6,38,13,12),(6,38,13,13),(6,38,13,14),(6,38,13,15),(6,38,13,16),(4,38,13,23),(4,38,13,24),(4,38,13,25),(4,38,13,26),(4,38,13,27),(3,38,14,5),(3,38,14,8),(6,38,14,12),(6,38,14,13),(6,38,14,14),(6,38,14,15),(5,38,14,18),(5,38,14,19),(5,38,14,21),(4,38,14,23),(3,38,15,5),(3,38,15,8),(2,38,15,11),(6,38,15,13),(5,38,15,14),(5,38,15,15),(0,38,15,16),(5,38,15,19),(5,38,15,21),(4,38,15,23),(3,38,16,4),(3,38,16,5),(3,38,16,6),(3,38,16,7),(3,38,16,8),(3,38,16,9),(3,38,16,10),(5,38,16,13),(5,38,16,14),(5,38,16,15),(5,38,16,18),(5,38,16,19),(5,38,16,20),(5,38,16,21),(5,38,16,22),(5,38,16,23),(3,38,17,5),(3,38,17,6),(3,38,17,7),(3,38,17,8),(3,38,17,9),(5,38,17,13),(5,38,17,14),(5,38,17,15),(5,38,17,16),(5,38,17,17),(5,38,17,18),(5,38,17,19),(5,38,17,20),(5,38,17,21),(5,38,17,23),(3,38,18,6),(3,38,18,7),(3,38,18,9),(5,38,18,12),(5,38,18,13),(5,38,18,14),(5,38,18,15),(5,38,18,16),(5,38,18,17),(5,38,18,21),(5,38,18,22),(5,38,18,23),(3,38,19,6),(1,38,19,7),(4,38,19,12),(5,38,19,13),(5,38,19,14),(5,38,19,15),(5,38,19,21),(3,38,19,22),(3,38,19,26),(3,38,20,6),(4,38,20,9),(4,38,20,10),(4,38,20,11),(4,38,20,12),(5,38,20,13),(5,38,20,14),(5,38,20,21),(3,38,20,22),(3,38,20,23),(3,38,20,24),(3,38,20,25),(3,38,20,26),(3,38,20,27),(3,38,21,6),(4,38,21,7),(4,38,21,8),(4,38,21,9),(4,38,21,10),(4,38,21,11),(2,38,21,12),(3,38,21,22),(3,38,21,23),(3,38,21,24),(3,38,21,25),(3,38,21,27),(3,38,22,6),(4,38,22,7),(4,38,22,8),(4,38,22,10),(4,38,22,11),(4,38,22,19),(3,38,22,22),(3,38,22,23),(3,38,22,24),(3,38,22,25),(3,38,22,26),(3,38,23,6),(4,38,23,7),(4,38,23,8),(4,38,23,9),(4,38,23,10),(4,38,23,19),(4,38,23,22),(3,38,23,25),(4,38,24,0),(4,38,24,2),(4,38,24,3),(4,38,24,4),(3,38,24,5),(3,38,24,6),(4,38,24,9),(4,38,24,19),(4,38,24,22),(0,38,24,26),(4,38,25,0),(4,38,25,1),(4,38,25,2),(4,38,25,3),(3,38,25,4),(3,38,25,5),(3,38,25,6),(6,38,25,9),(6,38,25,10),(4,38,25,19),(4,38,25,20),(4,38,25,21),(4,38,25,22),(4,38,26,0),(4,38,26,1),(4,38,26,2),(4,38,26,3),(3,38,26,4),(3,38,26,5),(3,38,26,6),(3,38,26,7),(6,38,26,8),(6,38,26,10),(6,38,26,11),(6,38,26,12),(5,38,26,13),(5,38,26,14),(5,38,26,15),(4,38,26,16),(4,38,26,17),(4,38,26,18),(4,38,26,19),(4,38,26,20),(0,38,26,21),(4,38,26,27),(4,38,26,28),(4,38,27,0),(4,38,27,1),(4,38,27,2),(3,38,27,5),(3,38,27,6),(3,38,27,7),(6,38,27,8),(6,38,27,9),(6,38,27,10),(6,38,27,11),(6,38,27,12),(5,38,27,13),(12,38,27,14),(4,38,27,20),(4,38,27,27),(4,38,28,0),(4,38,28,1),(3,38,28,6),(3,38,28,7),(6,38,28,10),(6,38,28,12),(5,38,28,13),(4,38,28,20),(4,38,28,21),(4,38,28,22),(4,38,28,23),(4,38,28,24),(4,38,28,26),(4,38,28,27),(4,38,29,0),(4,38,29,1),(5,38,29,10),(5,38,29,12),(5,38,29,13),(4,38,29,20),(4,38,29,21),(4,38,29,23),(4,38,29,24),(4,38,29,25),(4,38,29,26),(4,38,29,27),(4,38,29,28),(5,38,30,10),(5,38,30,12),(5,38,30,13),(3,38,30,21),(3,38,30,22),(4,38,30,23),(4,38,30,24),(3,38,30,25),(3,38,30,26),(3,38,30,27),(4,38,30,28),(5,38,31,10),(5,38,31,11),(5,38,31,12),(5,38,31,13),(3,38,31,21),(3,38,31,22),(3,38,31,23),(4,38,31,24),(4,38,31,25),(3,38,31,26),(3,38,31,27),(3,38,31,28),(5,38,32,8),(5,38,32,9),(5,38,32,10),(5,38,32,11),(5,38,32,12),(5,38,32,13),(3,38,32,21),(3,38,32,22),(3,38,32,23),(3,38,32,24),(3,38,32,25),(3,38,32,26),(3,38,32,27),(3,38,32,28),(4,44,0,2),(4,44,0,3),(4,44,0,5),(4,44,0,6),(6,44,0,19),(6,44,0,20),(3,44,0,27),(3,44,0,28),(3,44,0,29),(3,44,0,31),(4,44,1,2),(4,44,1,3),(4,44,1,4),(4,44,1,5),(5,44,1,14),(5,44,1,17),(6,44,1,19),(6,44,1,20),(6,44,1,21),(6,44,1,22),(6,44,1,23),(0,44,1,24),(3,44,1,27),(3,44,1,28),(3,44,1,29),(3,44,1,30),(3,44,1,31),(4,44,2,2),(4,44,2,3),(4,44,2,4),(4,44,2,5),(4,44,2,6),(5,44,2,13),(5,44,2,14),(5,44,2,15),(5,44,2,16),(5,44,2,17),(6,44,2,18),(6,44,2,19),(6,44,2,20),(6,44,2,21),(6,44,2,22),(3,44,2,26),(3,44,2,27),(3,44,2,29),(3,44,2,30),(4,44,3,1),(4,44,3,2),(4,44,3,6),(5,44,3,13),(5,44,3,14),(5,44,3,15),(5,44,3,16),(6,44,3,17),(6,44,3,18),(6,44,3,19),(6,44,3,20),(6,44,3,21),(6,44,3,22),(3,44,3,26),(3,44,3,27),(3,44,3,28),(3,44,3,29),(3,44,3,30),(5,44,3,31),(5,44,4,14),(5,44,4,15),(5,44,4,16),(5,44,4,17),(5,44,4,18),(3,44,4,25),(3,44,4,26),(3,44,4,27),(5,44,4,28),(5,44,4,29),(5,44,4,30),(5,44,4,31),(5,44,4,32),(14,44,5,5),(5,44,5,14),(5,44,5,15),(5,44,5,16),(5,44,5,17),(5,44,5,18),(3,44,5,25),(3,44,5,26),(3,44,5,28),(3,44,5,29),(5,44,5,30),(5,44,5,32),(5,44,6,14),(5,44,6,15),(5,44,6,16),(5,44,6,17),(5,44,6,18),(3,44,6,25),(3,44,6,26),(3,44,6,27),(3,44,6,28),(3,44,6,29),(5,44,6,30),(5,44,6,31),(5,44,6,32),(5,44,7,15),(5,44,7,16),(6,44,7,24),(6,44,7,25),(3,44,7,26),(3,44,7,27),(3,44,7,28),(5,44,7,29),(5,44,7,30),(5,44,7,31),(5,44,7,32),(4,44,8,19),(4,44,8,20),(4,44,8,22),(6,44,8,23),(6,44,8,24),(6,44,8,25),(6,44,8,26),(3,44,8,27),(5,44,8,28),(5,44,8,29),(5,44,8,30),(5,44,8,31),(5,44,8,32),(1,44,9,2),(4,44,9,10),(4,44,9,11),(4,44,9,17),(4,44,9,18),(4,44,9,19),(4,44,9,20),(4,44,9,21),(4,44,9,22),(6,44,9,23),(6,44,9,24),(6,44,9,25),(6,44,9,26),(6,44,9,27),(6,44,9,28),(5,44,9,29),(5,44,9,30),(5,44,9,31),(5,44,9,32),(6,44,10,0),(6,44,10,1),(6,44,10,4),(6,44,10,5),(4,44,10,6),(4,44,10,7),(4,44,10,8),(4,44,10,9),(4,44,10,10),(4,44,10,17),(4,44,10,18),(4,44,10,19),(4,44,10,20),(4,44,10,21),(4,44,10,22),(6,44,10,23),(6,44,10,24),(6,44,10,26),(5,44,10,29),(5,44,10,30),(5,44,10,32),(6,44,11,0),(6,44,11,1),(6,44,11,2),(6,44,11,3),(6,44,11,4),(6,44,11,5),(4,44,11,6),(5,44,11,7),(4,44,11,8),(4,44,11,9),(4,44,11,10),(4,44,11,11),(4,44,11,20),(6,44,11,24),(6,44,11,26),(6,44,11,27),(5,44,11,29),(6,44,12,0),(6,44,12,1),(6,44,12,2),(6,44,12,3),(6,44,12,4),(4,44,12,5),(5,44,12,6),(5,44,12,7),(5,44,12,8),(4,44,12,9),(6,44,13,0),(6,44,13,2),(4,44,13,4),(4,44,13,5),(5,44,13,6),(5,44,13,7),(4,44,13,8),(4,44,13,9),(0,44,13,13),(6,44,14,2),(4,44,14,3),(4,44,14,4),(5,44,14,5),(5,44,14,6),(5,44,14,7),(5,44,14,8),(4,44,14,9),(5,44,14,10),(3,44,14,27),(3,44,14,28),(3,44,14,31),(3,44,14,32),(4,44,15,4),(4,44,15,5),(4,44,15,6),(4,44,15,7),(5,44,15,8),(5,44,15,9),(5,44,15,10),(5,44,15,11),(3,44,15,28),(3,44,15,29),(3,44,15,30),(3,44,15,31),(3,44,15,32),(4,44,16,5),(4,44,16,6),(4,44,16,7),(5,44,16,8),(5,44,16,9),(5,44,16,10),(3,44,16,29),(3,44,16,30),(3,44,16,31),(3,44,16,32),(4,44,17,3),(4,44,17,4),(4,44,17,5),(4,44,17,6),(5,44,17,7),(5,44,17,8),(5,44,17,9),(5,44,17,10),(5,44,17,11),(0,44,17,25),(3,44,17,28),(3,44,17,29),(3,44,17,30),(3,44,17,32),(5,44,18,7),(5,44,18,8),(5,44,18,9),(5,44,18,10),(5,44,19,7),(3,44,20,2),(3,44,20,3),(3,44,21,3),(3,44,21,4),(3,44,21,5),(3,44,21,17),(3,44,21,18),(4,44,21,21),(4,44,21,22),(4,44,21,23),(4,44,21,24),(3,44,22,1),(3,44,22,2),(3,44,22,3),(3,44,22,4),(3,44,22,5),(2,44,22,6),(3,44,22,16),(3,44,22,17),(3,44,22,18),(3,44,22,19),(3,44,22,20),(4,44,22,21),(4,44,22,22),(3,44,23,3),(3,44,23,4),(3,44,23,5),(3,44,23,15),(3,44,23,16),(3,44,23,17),(4,44,23,18),(4,44,23,19),(4,44,23,20),(4,44,23,21),(4,44,23,22),(4,44,23,23),(4,44,23,24),(3,44,24,4),(3,44,24,5),(3,44,24,16),(3,44,24,17),(3,44,24,18),(4,44,24,19),(4,44,24,23),(4,44,24,24),(3,44,25,5),(3,44,25,6),(3,44,25,16),(3,44,25,17),(2,44,25,30),(11,44,26,0),(3,44,26,16),(0,44,26,20),(3,44,27,16),(5,50,0,16),(5,50,0,17),(5,50,0,18),(5,50,0,19),(5,50,0,20),(5,50,0,21),(5,50,0,22),(3,50,0,23),(3,50,0,24),(3,50,0,25),(3,50,0,26),(3,50,0,27),(3,50,0,28),(3,50,0,29),(6,50,0,31),(5,50,1,15),(5,50,1,16),(5,50,1,17),(5,50,1,19),(5,50,1,20),(5,50,1,21),(5,50,1,22),(3,50,1,23),(3,50,1,24),(3,50,1,25),(3,50,1,26),(3,50,1,27),(3,50,1,28),(3,50,1,29),(6,50,1,30),(6,50,1,31),(6,50,1,32),(6,50,1,33),(5,50,2,17),(5,50,2,18),(5,50,2,19),(5,50,2,20),(5,50,2,21),(5,50,2,22),(3,50,2,23),(3,50,2,24),(3,50,2,26),(3,50,2,27),(2,50,2,28),(6,50,2,30),(6,50,2,31),(6,50,2,32),(6,50,2,33),(5,50,3,19),(5,50,3,20),(0,50,3,21),(3,50,3,23),(3,50,3,24),(3,50,3,25),(3,50,3,26),(3,50,3,27),(6,50,3,32),(5,50,4,20),(3,50,4,23),(4,50,4,24),(4,50,4,25),(3,50,4,26),(4,50,4,27),(8,50,5,0),(5,50,5,20),(3,50,5,21),(3,50,5,22),(3,50,5,23),(4,50,5,24),(4,50,5,25),(4,50,5,26),(4,50,5,27),(5,50,6,17),(5,50,6,18),(5,50,6,19),(5,50,6,20),(4,50,6,25),(4,50,6,26),(13,50,6,29),(5,50,7,20),(3,50,7,23),(3,50,7,25),(4,50,7,26),(4,50,8,0),(3,50,8,19),(5,50,8,20),(3,50,8,22),(3,50,8,23),(3,50,8,25),(4,50,8,26),(4,50,8,27),(4,50,9,0),(4,50,9,1),(4,50,9,2),(3,50,9,19),(3,50,9,20),(3,50,9,21),(3,50,9,22),(3,50,9,23),(3,50,9,24),(3,50,9,25),(3,50,9,26),(4,50,10,0),(4,50,10,1),(4,50,10,2),(2,50,10,19),(3,50,10,21),(3,50,10,22),(3,50,10,23),(3,50,10,24),(3,50,10,25),(6,50,10,31),(6,50,10,32),(4,50,11,0),(4,50,11,1),(4,50,11,2),(6,50,11,15),(3,50,11,21),(3,50,11,22),(6,50,11,31),(6,50,11,32),(6,50,11,33),(4,50,12,0),(4,50,12,2),(6,50,12,13),(6,50,12,14),(6,50,12,15),(4,50,12,19),(3,50,12,20),(3,50,12,21),(3,50,12,22),(6,50,12,30),(6,50,12,31),(6,50,12,32),(6,50,12,33),(6,50,13,14),(4,50,13,18),(4,50,13,19),(3,50,13,20),(3,50,13,21),(3,50,13,22),(6,50,13,31),(6,50,14,13),(6,50,14,14),(4,50,14,15),(4,50,14,16),(4,50,14,17),(4,50,14,18),(4,50,14,19),(3,50,14,22),(1,50,14,31),(6,50,15,13),(6,50,15,14),(6,50,15,15),(4,50,15,16),(4,50,15,17),(4,50,15,18),(4,50,15,19),(11,50,16,17),(0,50,17,2),(1,50,18,26),(4,50,19,0),(4,50,19,1),(4,50,19,4),(5,50,20,0),(4,50,20,1),(4,50,20,2),(4,50,20,3),(4,50,20,4),(4,50,20,5),(3,50,20,30),(3,50,20,33),(5,50,21,0),(4,50,21,1),(5,50,21,2),(4,50,21,3),(4,50,21,5),(5,50,21,8),(3,50,21,30),(3,50,21,33),(5,50,22,0),(5,50,22,1),(5,50,22,2),(4,50,22,3),(5,50,22,4),(5,50,22,5),(5,50,22,6),(5,50,22,7),(5,50,22,8),(0,50,22,16),(0,50,22,27),(3,50,22,30),(3,50,22,33),(5,50,23,0),(5,50,23,1),(5,50,23,2),(5,50,23,3),(5,50,23,4),(5,50,23,5),(0,50,23,6),(3,50,23,29),(3,50,23,30),(3,50,23,31),(3,50,23,32),(3,50,23,33),(5,50,24,0),(5,50,24,1),(5,50,24,2),(5,50,24,3),(5,50,24,4),(5,50,24,5),(3,50,24,30),(3,50,24,31),(3,50,24,32),(3,50,24,33),(5,50,25,0),(5,50,25,1),(5,50,25,2),(5,50,25,3),(5,50,25,4),(5,50,25,5),(5,50,25,6),(5,50,25,7),(5,50,25,8),(5,50,25,9),(3,50,25,29),(3,50,25,30),(3,50,25,31),(3,50,25,32),(3,50,25,33),(5,50,26,0),(2,50,26,1),(5,50,26,3),(5,50,26,4),(5,50,26,5),(5,50,26,6),(5,50,26,7),(5,50,26,8),(4,50,26,16),(4,50,26,17),(4,50,26,18),(2,50,26,21),(10,50,26,28),(3,50,26,32),(3,50,26,33),(5,50,27,0),(5,50,27,3),(5,50,27,4),(5,50,27,5),(5,50,27,6),(5,50,27,7),(4,50,27,16),(4,50,27,17),(4,50,27,18),(3,50,27,32),(3,50,27,33),(5,50,28,0),(5,50,28,1),(5,50,28,2),(5,50,28,3),(5,50,28,4),(5,50,28,5),(5,50,28,6),(4,50,28,16),(4,50,28,17),(4,50,28,18),(3,50,28,32),(3,50,28,33),(5,50,29,0),(5,50,29,1),(5,50,29,2),(5,50,29,3),(5,50,29,4),(5,50,29,5),(4,50,29,17),(4,50,29,18),(4,50,29,19),(3,50,29,32),(3,50,29,33),(5,58,0,1),(5,58,0,2),(4,58,0,3),(4,58,0,4),(4,58,0,5),(4,58,0,6),(4,58,0,7),(8,58,0,8),(13,58,0,20),(5,58,0,22),(5,58,0,23),(10,58,0,24),(5,58,1,2),(4,58,1,3),(4,58,1,4),(4,58,1,5),(4,58,1,6),(4,58,1,7),(5,58,1,22),(5,58,1,23),(5,58,2,2),(4,58,2,3),(2,58,2,4),(4,58,2,6),(4,58,2,7),(3,58,2,11),(6,58,2,13),(6,58,2,14),(6,58,2,15),(5,58,2,16),(5,58,2,22),(5,58,2,23),(5,58,3,0),(5,58,3,1),(5,58,3,2),(5,58,3,3),(4,58,3,6),(4,58,3,7),(4,58,3,8),(3,58,3,9),(3,58,3,10),(3,58,3,11),(3,58,3,12),(6,58,3,13),(6,58,3,14),(5,58,3,16),(5,58,3,22),(5,58,3,23),(5,58,4,0),(5,58,4,1),(5,58,4,2),(5,58,4,3),(5,58,4,4),(4,58,4,5),(4,58,4,6),(4,58,4,7),(4,58,4,8),(1,58,4,9),(3,58,4,11),(6,58,4,13),(5,58,4,15),(5,58,4,16),(11,58,4,22),(5,58,5,0),(5,58,5,1),(5,58,5,2),(5,58,5,3),(4,58,5,4),(4,58,5,5),(4,58,5,8),(3,58,5,11),(3,58,5,12),(3,58,5,13),(3,58,5,14),(5,58,5,15),(5,58,5,16),(5,58,6,0),(5,58,6,1),(5,58,6,2),(5,58,6,3),(4,58,6,4),(4,58,6,5),(4,58,6,8),(6,58,6,10),(3,58,6,11),(3,58,6,12),(3,58,6,13),(3,58,6,14),(5,58,6,15),(5,58,6,16),(5,58,6,19),(5,58,7,0),(5,58,7,2),(4,58,7,3),(4,58,7,4),(6,58,7,8),(6,58,7,9),(6,58,7,10),(3,58,7,11),(3,58,7,12),(5,58,7,15),(5,58,7,16),(5,58,7,17),(5,58,7,18),(5,58,7,19),(5,58,8,0),(5,58,8,2),(2,58,8,3),(6,58,8,10),(6,58,8,11),(5,58,8,15),(6,58,8,16),(5,58,8,17),(5,58,9,0),(5,58,9,1),(5,58,9,2),(5,58,9,15),(6,58,9,16),(6,58,9,17),(6,58,9,18),(6,58,9,19),(6,58,9,20),(5,58,10,0),(5,58,10,1),(5,58,10,2),(5,58,10,3),(6,58,10,28),(5,58,11,0),(12,58,11,1),(6,58,11,27),(6,58,11,28),(5,58,12,0),(0,58,12,13),(6,58,12,27),(6,58,12,28),(6,58,13,28),(6,58,15,14),(6,58,15,15),(6,58,15,16),(6,58,15,17),(6,58,15,18),(0,58,15,19),(0,58,15,24),(3,58,16,7),(0,58,16,11),(4,58,16,13),(4,58,16,14),(6,58,16,16),(5,58,17,0),(5,58,17,1),(3,58,17,6),(3,58,17,7),(3,58,17,8),(4,58,17,13),(5,58,18,0),(0,58,18,1),(3,58,18,5),(3,58,18,6),(3,58,18,7),(4,58,18,11),(4,58,18,12),(4,58,18,13),(4,58,18,15),(5,58,19,0),(0,58,19,5),(3,58,19,7),(4,58,19,12),(4,58,19,13),(4,58,19,14),(4,58,19,15),(9,58,19,20),(5,58,20,0),(5,58,20,1),(5,58,20,3),(3,58,20,7),(4,58,20,12),(4,58,20,13),(0,58,20,17),(3,58,20,26),(3,58,20,27),(3,58,20,28),(5,58,21,0),(5,58,21,1),(5,58,21,2),(5,58,21,3),(5,58,21,4),(3,58,21,6),(3,58,21,7),(4,58,21,13),(3,58,21,23),(0,58,21,25),(3,58,21,27),(3,58,21,28),(5,58,22,0),(5,58,22,3),(3,58,22,5),(3,58,22,6),(3,58,22,7),(3,58,22,23),(3,58,22,24),(3,58,22,27),(3,58,22,28),(5,58,23,0),(5,58,23,3),(5,58,23,4),(3,58,23,5),(3,58,23,6),(3,58,23,23),(3,58,23,24),(3,58,23,25),(3,58,23,26),(3,58,23,27),(3,58,23,28);
/*!40000 ALTER TABLE `tiles` ENABLE KEYS */;
UNLOCK TABLES;

--
-- Table structure for table `units`
--

DROP TABLE IF EXISTS `units`;
/*!40101 SET @saved_cs_client     = @@character_set_client */;
/*!40101 SET character_set_client = utf8 */;
CREATE TABLE `units` (
  `id` int(11) NOT NULL AUTO_INCREMENT,
  `hp` int(10) unsigned NOT NULL DEFAULT '0',
  `level` tinyint(2) unsigned NOT NULL,
  `location_id` int(10) unsigned NOT NULL,
  `location_type` tinyint(2) unsigned NOT NULL DEFAULT '0',
  `player_id` int(11) DEFAULT NULL,
  `upgrade_ends_at` datetime DEFAULT NULL,
  `pause_remainder` int(10) unsigned DEFAULT NULL,
  `xp` mediumint(8) unsigned NOT NULL DEFAULT '0',
  `type` varchar(50) NOT NULL,
  `flank` tinyint(2) unsigned NOT NULL DEFAULT '0',
  `location_x` mediumint(9) DEFAULT NULL,
  `location_y` mediumint(9) DEFAULT NULL,
  `route_id` int(11) DEFAULT NULL,
  `galaxy_id` int(11) NOT NULL,
  `stance` tinyint(2) unsigned NOT NULL DEFAULT '0',
  `construction_mod` tinyint(2) unsigned NOT NULL DEFAULT '0',
  `stored` int(10) unsigned NOT NULL DEFAULT '0',
  `metal` float NOT NULL DEFAULT '0',
  `energy` float NOT NULL DEFAULT '0',
  `zetium` float NOT NULL DEFAULT '0',
  PRIMARY KEY (`id`),
  KEY `location` (`player_id`,`location_id`,`location_type`),
  KEY `location_and_player` (`location_type`,`location_id`,`location_x`,`location_y`,`player_id`),
  KEY `index_units_on_route_id` (`route_id`),
  KEY `type` (`player_id`,`type`),
  KEY `foreign_key` (`galaxy_id`),
  CONSTRAINT `units_ibfk_1` FOREIGN KEY (`player_id`) REFERENCES `players` (`id`) ON DELETE SET NULL,
  CONSTRAINT `units_ibfk_2` FOREIGN KEY (`galaxy_id`) REFERENCES `galaxies` (`id`) ON DELETE CASCADE,
  CONSTRAINT `units_ibfk_3` FOREIGN KEY (`route_id`) REFERENCES `routes` (`id`) ON DELETE SET NULL
) ENGINE=InnoDB AUTO_INCREMENT=3150 DEFAULT CHARSET=utf8;
/*!40101 SET character_set_client = @saved_cs_client */;

--
-- Dumping data for table `units`
--

LOCK TABLES `units` WRITE;
/*!40000 ALTER TABLE `units` DISABLE KEYS */;
INSERT INTO `units` VALUES (1,26875,1,1,1,NULL,NULL,NULL,0,'Demosis',0,1,45,NULL,1,0,0,0,0,0,0),(2,26875,1,1,1,NULL,NULL,NULL,0,'Demosis',1,1,45,NULL,1,0,0,0,0,0,0),(3,26875,1,1,1,NULL,NULL,NULL,0,'Demosis',0,1,45,NULL,1,0,0,0,0,0,0),(4,26875,1,1,1,NULL,NULL,NULL,0,'Demosis',0,1,45,NULL,1,0,0,0,0,0,0),(5,26875,1,1,1,NULL,NULL,NULL,0,'Demosis',0,1,45,NULL,1,0,0,0,0,0,0),(6,26875,1,1,1,NULL,NULL,NULL,0,'Demosis',0,1,45,NULL,1,0,0,0,0,0,0),(7,26875,1,1,1,NULL,NULL,NULL,0,'Demosis',0,1,45,NULL,1,0,0,0,0,0,0),(8,26875,1,1,1,NULL,NULL,NULL,0,'Demosis',0,1,45,NULL,1,0,0,0,0,0,0),(9,26875,1,1,1,NULL,NULL,NULL,0,'Demosis',1,1,45,NULL,1,0,0,0,0,0,0),(10,4475,1,1,1,NULL,NULL,NULL,0,'Thor',1,1,45,NULL,1,0,0,0,0,0,0),(11,4475,1,1,1,NULL,NULL,NULL,0,'Thor',0,1,45,NULL,1,0,0,0,0,0,0),(12,4475,1,1,1,NULL,NULL,NULL,0,'Thor',0,1,45,NULL,1,0,0,0,0,0,0),(13,4475,1,1,1,NULL,NULL,NULL,0,'Thor',1,1,45,NULL,1,0,0,0,0,0,0),(14,4475,1,1,1,NULL,NULL,NULL,0,'Thor',0,1,45,NULL,1,0,0,0,0,0,0),(15,4475,1,1,1,NULL,NULL,NULL,0,'Thor',0,1,45,NULL,1,0,0,0,0,0,0),(16,4475,1,1,1,NULL,NULL,NULL,0,'Thor',0,1,45,NULL,1,0,0,0,0,0,0),(17,4475,1,1,1,NULL,NULL,NULL,0,'Thor',0,1,45,NULL,1,0,0,0,0,0,0),(18,4475,1,1,1,NULL,NULL,NULL,0,'Thor',1,1,45,NULL,1,0,0,0,0,0,0),(19,4475,1,1,1,NULL,NULL,NULL,0,'Thor',1,1,45,NULL,1,0,0,0,0,0,0),(20,4475,1,1,1,NULL,NULL,NULL,0,'Thor',1,1,45,NULL,1,0,0,0,0,0,0),(21,4475,1,1,1,NULL,NULL,NULL,0,'Thor',1,1,45,NULL,1,0,0,0,0,0,0),(22,4475,1,1,1,NULL,NULL,NULL,0,'Thor',1,1,45,NULL,1,0,0,0,0,0,0),(23,4475,1,1,1,NULL,NULL,NULL,0,'Thor',1,1,45,NULL,1,0,0,0,0,0,0),(24,4475,1,1,1,NULL,NULL,NULL,0,'Thor',0,1,45,NULL,1,0,0,0,0,0,0),(25,2812,1,1,1,NULL,NULL,NULL,0,'Dirac',1,1,45,NULL,1,0,0,0,0,0,0),(26,2812,1,1,1,NULL,NULL,NULL,0,'Dirac',0,1,45,NULL,1,0,0,0,0,0,0),(27,2812,1,1,1,NULL,NULL,NULL,0,'Dirac',0,1,45,NULL,1,0,0,0,0,0,0),(28,2812,1,1,1,NULL,NULL,NULL,0,'Dirac',1,1,45,NULL,1,0,0,0,0,0,0),(29,2812,1,1,1,NULL,NULL,NULL,0,'Dirac',0,1,45,NULL,1,0,0,0,0,0,0),(30,2812,1,1,1,NULL,NULL,NULL,0,'Dirac',1,1,45,NULL,1,0,0,0,0,0,0),(31,2812,1,1,1,NULL,NULL,NULL,0,'Dirac',0,1,45,NULL,1,0,0,0,0,0,0),(32,2812,1,1,1,NULL,NULL,NULL,0,'Dirac',0,1,45,NULL,1,0,0,0,0,0,0),(33,2812,1,1,1,NULL,NULL,NULL,0,'Dirac',0,1,45,NULL,1,0,0,0,0,0,0),(34,2812,1,1,1,NULL,NULL,NULL,0,'Dirac',1,1,45,NULL,1,0,0,0,0,0,0),(35,2812,1,1,1,NULL,NULL,NULL,0,'Dirac',1,1,45,NULL,1,0,0,0,0,0,0),(36,2812,1,1,1,NULL,NULL,NULL,0,'Dirac',0,1,45,NULL,1,0,0,0,0,0,0),(37,2812,1,1,1,NULL,NULL,NULL,0,'Dirac',0,1,45,NULL,1,0,0,0,0,0,0),(38,2812,1,1,1,NULL,NULL,NULL,0,'Dirac',1,1,45,NULL,1,0,0,0,0,0,0),(39,26875,1,1,1,NULL,NULL,NULL,0,'Demosis',0,2,210,NULL,1,0,0,0,0,0,0),(40,26875,1,1,1,NULL,NULL,NULL,0,'Demosis',1,2,210,NULL,1,0,0,0,0,0,0),(41,26875,1,1,1,NULL,NULL,NULL,0,'Demosis',1,2,210,NULL,1,0,0,0,0,0,0),(42,26875,1,1,1,NULL,NULL,NULL,0,'Demosis',1,2,210,NULL,1,0,0,0,0,0,0),(43,26875,1,1,1,NULL,NULL,NULL,0,'Demosis',0,2,210,NULL,1,0,0,0,0,0,0),(44,26875,1,1,1,NULL,NULL,NULL,0,'Demosis',1,2,210,NULL,1,0,0,0,0,0,0),(45,26875,1,1,1,NULL,NULL,NULL,0,'Demosis',0,2,210,NULL,1,0,0,0,0,0,0),(46,26875,1,1,1,NULL,NULL,NULL,0,'Demosis',0,2,210,NULL,1,0,0,0,0,0,0),(47,26875,1,1,1,NULL,NULL,NULL,0,'Demosis',1,2,210,NULL,1,0,0,0,0,0,0),(48,4475,1,1,1,NULL,NULL,NULL,0,'Thor',1,2,210,NULL,1,0,0,0,0,0,0),(49,4475,1,1,1,NULL,NULL,NULL,0,'Thor',1,2,210,NULL,1,0,0,0,0,0,0),(50,4475,1,1,1,NULL,NULL,NULL,0,'Thor',0,2,210,NULL,1,0,0,0,0,0,0),(51,4475,1,1,1,NULL,NULL,NULL,0,'Thor',0,2,210,NULL,1,0,0,0,0,0,0),(52,4475,1,1,1,NULL,NULL,NULL,0,'Thor',1,2,210,NULL,1,0,0,0,0,0,0),(53,4475,1,1,1,NULL,NULL,NULL,0,'Thor',1,2,210,NULL,1,0,0,0,0,0,0),(54,2812,1,1,1,NULL,NULL,NULL,0,'Dirac',1,2,210,NULL,1,0,0,0,0,0,0),(55,2812,1,1,1,NULL,NULL,NULL,0,'Dirac',0,2,210,NULL,1,0,0,0,0,0,0),(56,2812,1,1,1,NULL,NULL,NULL,0,'Dirac',1,2,210,NULL,1,0,0,0,0,0,0),(57,2812,1,1,1,NULL,NULL,NULL,0,'Dirac',1,2,210,NULL,1,0,0,0,0,0,0),(58,2812,1,1,1,NULL,NULL,NULL,0,'Dirac',0,2,210,NULL,1,0,0,0,0,0,0),(59,2812,1,1,1,NULL,NULL,NULL,0,'Dirac',1,2,210,NULL,1,0,0,0,0,0,0),(60,2812,1,1,1,NULL,NULL,NULL,0,'Dirac',1,2,210,NULL,1,0,0,0,0,0,0),(61,2812,1,1,1,NULL,NULL,NULL,0,'Dirac',1,2,210,NULL,1,0,0,0,0,0,0),(62,2812,1,1,1,NULL,NULL,NULL,0,'Dirac',1,2,210,NULL,1,0,0,0,0,0,0),(63,2812,1,1,1,NULL,NULL,NULL,0,'Dirac',0,2,210,NULL,1,0,0,0,0,0,0),(64,2812,1,1,1,NULL,NULL,NULL,0,'Dirac',1,2,210,NULL,1,0,0,0,0,0,0),(65,2812,1,1,1,NULL,NULL,NULL,0,'Dirac',1,2,210,NULL,1,0,0,0,0,0,0),(66,2812,1,1,1,NULL,NULL,NULL,0,'Dirac',0,2,210,NULL,1,0,0,0,0,0,0),(67,2812,1,1,1,NULL,NULL,NULL,0,'Dirac',0,2,210,NULL,1,0,0,0,0,0,0),(68,2812,1,1,1,NULL,NULL,NULL,0,'Dirac',1,2,210,NULL,1,0,0,0,0,0,0),(69,2812,1,1,1,NULL,NULL,NULL,0,'Dirac',1,2,210,NULL,1,0,0,0,0,0,0),(70,2812,1,1,1,NULL,NULL,NULL,0,'Dirac',1,2,210,NULL,1,0,0,0,0,0,0),(71,2812,1,1,1,NULL,NULL,NULL,0,'Dirac',0,2,210,NULL,1,0,0,0,0,0,0),(72,2812,1,1,1,NULL,NULL,NULL,0,'Dirac',0,2,210,NULL,1,0,0,0,0,0,0),(73,2812,1,1,1,NULL,NULL,NULL,0,'Dirac',1,2,210,NULL,1,0,0,0,0,0,0),(74,26875,1,1,1,NULL,NULL,NULL,0,'Demosis',1,0,270,NULL,1,0,0,0,0,0,0),(75,26875,1,1,1,NULL,NULL,NULL,0,'Demosis',0,0,270,NULL,1,0,0,0,0,0,0),(76,26875,1,1,1,NULL,NULL,NULL,0,'Demosis',0,0,270,NULL,1,0,0,0,0,0,0),(77,26875,1,1,1,NULL,NULL,NULL,0,'Demosis',0,0,270,NULL,1,0,0,0,0,0,0),(78,26875,1,1,1,NULL,NULL,NULL,0,'Demosis',0,0,270,NULL,1,0,0,0,0,0,0),(79,26875,1,1,1,NULL,NULL,NULL,0,'Demosis',0,0,270,NULL,1,0,0,0,0,0,0),(80,26875,1,1,1,NULL,NULL,NULL,0,'Demosis',0,0,270,NULL,1,0,0,0,0,0,0),(81,26875,1,1,1,NULL,NULL,NULL,0,'Demosis',0,0,270,NULL,1,0,0,0,0,0,0),(82,26875,1,1,1,NULL,NULL,NULL,0,'Demosis',1,0,270,NULL,1,0,0,0,0,0,0),(83,26875,1,1,1,NULL,NULL,NULL,0,'Demosis',0,0,270,NULL,1,0,0,0,0,0,0),(84,4475,1,1,1,NULL,NULL,NULL,0,'Thor',0,0,270,NULL,1,0,0,0,0,0,0),(85,4475,1,1,1,NULL,NULL,NULL,0,'Thor',0,0,270,NULL,1,0,0,0,0,0,0),(86,4475,1,1,1,NULL,NULL,NULL,0,'Thor',0,0,270,NULL,1,0,0,0,0,0,0),(87,4475,1,1,1,NULL,NULL,NULL,0,'Thor',1,0,270,NULL,1,0,0,0,0,0,0),(88,4475,1,1,1,NULL,NULL,NULL,0,'Thor',1,0,270,NULL,1,0,0,0,0,0,0),(89,4475,1,1,1,NULL,NULL,NULL,0,'Thor',1,0,270,NULL,1,0,0,0,0,0,0),(90,4475,1,1,1,NULL,NULL,NULL,0,'Thor',1,0,270,NULL,1,0,0,0,0,0,0),(91,4475,1,1,1,NULL,NULL,NULL,0,'Thor',0,0,270,NULL,1,0,0,0,0,0,0),(92,4475,1,1,1,NULL,NULL,NULL,0,'Thor',1,0,270,NULL,1,0,0,0,0,0,0),(93,4475,1,1,1,NULL,NULL,NULL,0,'Thor',0,0,270,NULL,1,0,0,0,0,0,0),(94,4475,1,1,1,NULL,NULL,NULL,0,'Thor',1,0,270,NULL,1,0,0,0,0,0,0),(95,4475,1,1,1,NULL,NULL,NULL,0,'Thor',1,0,270,NULL,1,0,0,0,0,0,0),(96,4475,1,1,1,NULL,NULL,NULL,0,'Thor',1,0,270,NULL,1,0,0,0,0,0,0),(97,4475,1,1,1,NULL,NULL,NULL,0,'Thor',1,0,270,NULL,1,0,0,0,0,0,0),(98,4475,1,1,1,NULL,NULL,NULL,0,'Thor',0,0,270,NULL,1,0,0,0,0,0,0),(99,4475,1,1,1,NULL,NULL,NULL,0,'Thor',0,0,270,NULL,1,0,0,0,0,0,0),(100,4475,1,1,1,NULL,NULL,NULL,0,'Thor',0,0,270,NULL,1,0,0,0,0,0,0),(101,4475,1,1,1,NULL,NULL,NULL,0,'Thor',1,0,270,NULL,1,0,0,0,0,0,0),(102,4475,1,1,1,NULL,NULL,NULL,0,'Thor',1,0,270,NULL,1,0,0,0,0,0,0),(103,4475,1,1,1,NULL,NULL,NULL,0,'Thor',0,0,270,NULL,1,0,0,0,0,0,0),(104,2812,1,1,1,NULL,NULL,NULL,0,'Dirac',1,0,270,NULL,1,0,0,0,0,0,0),(105,2812,1,1,1,NULL,NULL,NULL,0,'Dirac',1,0,270,NULL,1,0,0,0,0,0,0),(106,2812,1,1,1,NULL,NULL,NULL,0,'Dirac',1,0,270,NULL,1,0,0,0,0,0,0),(107,2812,1,1,1,NULL,NULL,NULL,0,'Dirac',0,0,270,NULL,1,0,0,0,0,0,0),(108,2812,1,1,1,NULL,NULL,NULL,0,'Dirac',0,0,270,NULL,1,0,0,0,0,0,0),(109,2812,1,1,1,NULL,NULL,NULL,0,'Dirac',0,0,270,NULL,1,0,0,0,0,0,0),(110,2812,1,1,1,NULL,NULL,NULL,0,'Dirac',0,0,270,NULL,1,0,0,0,0,0,0),(111,2812,1,1,1,NULL,NULL,NULL,0,'Dirac',0,0,270,NULL,1,0,0,0,0,0,0),(112,2812,1,1,1,NULL,NULL,NULL,0,'Dirac',1,0,270,NULL,1,0,0,0,0,0,0),(113,2812,1,1,1,NULL,NULL,NULL,0,'Dirac',0,0,270,NULL,1,0,0,0,0,0,0),(114,2812,1,1,1,NULL,NULL,NULL,0,'Dirac',1,0,270,NULL,1,0,0,0,0,0,0),(115,2812,1,1,1,NULL,NULL,NULL,0,'Dirac',1,0,270,NULL,1,0,0,0,0,0,0),(116,2812,1,1,1,NULL,NULL,NULL,0,'Dirac',0,0,270,NULL,1,0,0,0,0,0,0),(117,2812,1,1,1,NULL,NULL,NULL,0,'Dirac',1,0,270,NULL,1,0,0,0,0,0,0),(118,2812,1,1,1,NULL,NULL,NULL,0,'Dirac',0,0,270,NULL,1,0,0,0,0,0,0),(119,2812,1,1,1,NULL,NULL,NULL,0,'Dirac',0,0,270,NULL,1,0,0,0,0,0,0),(120,2812,1,1,1,NULL,NULL,NULL,0,'Dirac',1,0,270,NULL,1,0,0,0,0,0,0),(121,2812,1,1,1,NULL,NULL,NULL,0,'Dirac',0,0,270,NULL,1,0,0,0,0,0,0),(122,2812,1,1,1,NULL,NULL,NULL,0,'Dirac',0,0,270,NULL,1,0,0,0,0,0,0),(123,26875,1,2,1,NULL,NULL,NULL,0,'Demosis',0,3,112,NULL,1,0,0,0,0,0,0),(124,26875,1,2,1,NULL,NULL,NULL,0,'Demosis',0,3,112,NULL,1,0,0,0,0,0,0),(125,4475,1,2,1,NULL,NULL,NULL,0,'Thor',0,3,112,NULL,1,0,0,0,0,0,0),(126,4475,1,2,1,NULL,NULL,NULL,0,'Thor',0,3,112,NULL,1,0,0,0,0,0,0),(127,4475,1,2,1,NULL,NULL,NULL,0,'Thor',0,3,112,NULL,1,0,0,0,0,0,0),(128,4475,1,2,1,NULL,NULL,NULL,0,'Thor',0,3,112,NULL,1,0,0,0,0,0,0),(129,4475,1,2,1,NULL,NULL,NULL,0,'Thor',0,3,112,NULL,1,0,0,0,0,0,0),(130,4475,1,2,1,NULL,NULL,NULL,0,'Thor',0,3,112,NULL,1,0,0,0,0,0,0),(131,2812,1,2,1,NULL,NULL,NULL,0,'Dirac',1,3,112,NULL,1,0,0,0,0,0,0),(132,2812,1,2,1,NULL,NULL,NULL,0,'Dirac',1,3,112,NULL,1,0,0,0,0,0,0),(133,2812,1,2,1,NULL,NULL,NULL,0,'Dirac',1,3,112,NULL,1,0,0,0,0,0,0),(134,2812,1,2,1,NULL,NULL,NULL,0,'Dirac',1,3,112,NULL,1,0,0,0,0,0,0),(135,2812,1,2,1,NULL,NULL,NULL,0,'Dirac',1,3,112,NULL,1,0,0,0,0,0,0),(136,2812,1,2,1,NULL,NULL,NULL,0,'Dirac',1,3,112,NULL,1,0,0,0,0,0,0),(137,2812,1,2,1,NULL,NULL,NULL,0,'Dirac',1,3,112,NULL,1,0,0,0,0,0,0),(138,2812,1,2,1,NULL,NULL,NULL,0,'Dirac',1,3,112,NULL,1,0,0,0,0,0,0),(139,2812,1,2,1,NULL,NULL,NULL,0,'Dirac',1,3,112,NULL,1,0,0,0,0,0,0),(140,2812,1,2,1,NULL,NULL,NULL,0,'Dirac',1,3,112,NULL,1,0,0,0,0,0,0),(141,2812,1,2,1,NULL,NULL,NULL,0,'Dirac',1,3,112,NULL,1,0,0,0,0,0,0),(142,2812,1,2,1,NULL,NULL,NULL,0,'Dirac',1,3,112,NULL,1,0,0,0,0,0,0),(143,2812,1,2,1,NULL,NULL,NULL,0,'Dirac',1,3,112,NULL,1,0,0,0,0,0,0),(144,2812,1,2,1,NULL,NULL,NULL,0,'Dirac',1,3,112,NULL,1,0,0,0,0,0,0),(145,2812,1,2,1,NULL,NULL,NULL,0,'Dirac',1,3,112,NULL,1,0,0,0,0,0,0),(146,2812,1,2,1,NULL,NULL,NULL,0,'Dirac',1,3,112,NULL,1,0,0,0,0,0,0),(147,4475,1,2,1,NULL,NULL,NULL,0,'Thor',0,1,225,NULL,1,0,0,0,0,0,0),(148,4475,1,2,1,NULL,NULL,NULL,0,'Thor',0,1,225,NULL,1,0,0,0,0,0,0),(149,4475,1,2,1,NULL,NULL,NULL,0,'Thor',0,1,225,NULL,1,0,0,0,0,0,0),(150,4475,1,2,1,NULL,NULL,NULL,0,'Thor',0,1,225,NULL,1,0,0,0,0,0,0),(151,2812,1,2,1,NULL,NULL,NULL,0,'Dirac',1,1,225,NULL,1,0,0,0,0,0,0),(152,2812,1,2,1,NULL,NULL,NULL,0,'Dirac',1,1,225,NULL,1,0,0,0,0,0,0),(153,2812,1,2,1,NULL,NULL,NULL,0,'Dirac',1,1,225,NULL,1,0,0,0,0,0,0),(154,2812,1,2,1,NULL,NULL,NULL,0,'Dirac',1,1,225,NULL,1,0,0,0,0,0,0),(155,2812,1,2,1,NULL,NULL,NULL,0,'Dirac',1,1,225,NULL,1,0,0,0,0,0,0),(156,2812,1,2,1,NULL,NULL,NULL,0,'Dirac',1,1,225,NULL,1,0,0,0,0,0,0),(157,2812,1,2,1,NULL,NULL,NULL,0,'Dirac',1,1,225,NULL,1,0,0,0,0,0,0),(158,2812,1,2,1,NULL,NULL,NULL,0,'Dirac',1,1,225,NULL,1,0,0,0,0,0,0),(159,2812,1,2,1,NULL,NULL,NULL,0,'Dirac',1,1,225,NULL,1,0,0,0,0,0,0),(160,2812,1,2,1,NULL,NULL,NULL,0,'Dirac',1,1,225,NULL,1,0,0,0,0,0,0),(161,2812,1,2,1,NULL,NULL,NULL,0,'Dirac',1,1,225,NULL,1,0,0,0,0,0,0),(162,2812,1,2,1,NULL,NULL,NULL,0,'Dirac',1,1,225,NULL,1,0,0,0,0,0,0),(163,4475,1,2,1,NULL,NULL,NULL,0,'Thor',0,2,90,NULL,1,0,0,0,0,0,0),(164,4475,1,2,1,NULL,NULL,NULL,0,'Thor',0,2,90,NULL,1,0,0,0,0,0,0),(165,4475,1,2,1,NULL,NULL,NULL,0,'Thor',0,2,90,NULL,1,0,0,0,0,0,0),(166,4475,1,2,1,NULL,NULL,NULL,0,'Thor',0,2,90,NULL,1,0,0,0,0,0,0),(167,2812,1,2,1,NULL,NULL,NULL,0,'Dirac',1,2,90,NULL,1,0,0,0,0,0,0),(168,2812,1,2,1,NULL,NULL,NULL,0,'Dirac',1,2,90,NULL,1,0,0,0,0,0,0),(169,2812,1,2,1,NULL,NULL,NULL,0,'Dirac',1,2,90,NULL,1,0,0,0,0,0,0),(170,2812,1,2,1,NULL,NULL,NULL,0,'Dirac',1,2,90,NULL,1,0,0,0,0,0,0),(171,2812,1,2,1,NULL,NULL,NULL,0,'Dirac',1,2,90,NULL,1,0,0,0,0,0,0),(172,2812,1,2,1,NULL,NULL,NULL,0,'Dirac',1,2,90,NULL,1,0,0,0,0,0,0),(173,2812,1,2,1,NULL,NULL,NULL,0,'Dirac',1,2,90,NULL,1,0,0,0,0,0,0),(174,2812,1,2,1,NULL,NULL,NULL,0,'Dirac',1,2,90,NULL,1,0,0,0,0,0,0),(175,2812,1,2,1,NULL,NULL,NULL,0,'Dirac',1,2,90,NULL,1,0,0,0,0,0,0),(176,2812,1,2,1,NULL,NULL,NULL,0,'Dirac',1,2,90,NULL,1,0,0,0,0,0,0),(177,2812,1,2,1,NULL,NULL,NULL,0,'Dirac',1,2,90,NULL,1,0,0,0,0,0,0),(178,2812,1,2,1,NULL,NULL,NULL,0,'Dirac',1,2,90,NULL,1,0,0,0,0,0,0),(179,4475,1,2,1,NULL,NULL,NULL,0,'Thor',0,2,150,NULL,1,0,0,0,0,0,0),(180,4475,1,2,1,NULL,NULL,NULL,0,'Thor',0,2,150,NULL,1,0,0,0,0,0,0),(181,4475,1,2,1,NULL,NULL,NULL,0,'Thor',0,2,150,NULL,1,0,0,0,0,0,0),(182,4475,1,2,1,NULL,NULL,NULL,0,'Thor',0,2,150,NULL,1,0,0,0,0,0,0),(183,2812,1,2,1,NULL,NULL,NULL,0,'Dirac',1,2,150,NULL,1,0,0,0,0,0,0),(184,2812,1,2,1,NULL,NULL,NULL,0,'Dirac',1,2,150,NULL,1,0,0,0,0,0,0),(185,2812,1,2,1,NULL,NULL,NULL,0,'Dirac',1,2,150,NULL,1,0,0,0,0,0,0),(186,2812,1,2,1,NULL,NULL,NULL,0,'Dirac',1,2,150,NULL,1,0,0,0,0,0,0),(187,2812,1,2,1,NULL,NULL,NULL,0,'Dirac',1,2,150,NULL,1,0,0,0,0,0,0),(188,2812,1,2,1,NULL,NULL,NULL,0,'Dirac',1,2,150,NULL,1,0,0,0,0,0,0),(189,2812,1,2,1,NULL,NULL,NULL,0,'Dirac',1,2,150,NULL,1,0,0,0,0,0,0),(190,2812,1,2,1,NULL,NULL,NULL,0,'Dirac',1,2,150,NULL,1,0,0,0,0,0,0),(191,2812,1,2,1,NULL,NULL,NULL,0,'Dirac',1,2,150,NULL,1,0,0,0,0,0,0),(192,2812,1,2,1,NULL,NULL,NULL,0,'Dirac',1,2,150,NULL,1,0,0,0,0,0,0),(193,2812,1,2,1,NULL,NULL,NULL,0,'Dirac',1,2,150,NULL,1,0,0,0,0,0,0),(194,2812,1,2,1,NULL,NULL,NULL,0,'Dirac',1,2,150,NULL,1,0,0,0,0,0,0),(195,2812,1,2,1,NULL,NULL,NULL,0,'Dirac',0,0,90,NULL,1,0,0,0,0,0,0),(196,2812,1,2,1,NULL,NULL,NULL,0,'Dirac',0,0,90,NULL,1,0,0,0,0,0,0),(197,2812,1,2,1,NULL,NULL,NULL,0,'Dirac',0,0,90,NULL,1,0,0,0,0,0,0),(198,2812,1,2,1,NULL,NULL,NULL,0,'Dirac',0,0,90,NULL,1,0,0,0,0,0,0),(199,2812,1,2,1,NULL,NULL,NULL,0,'Dirac',0,0,90,NULL,1,0,0,0,0,0,0),(200,2812,1,2,1,NULL,NULL,NULL,0,'Dirac',0,0,90,NULL,1,0,0,0,0,0,0),(201,2812,1,2,1,NULL,NULL,NULL,0,'Dirac',0,0,90,NULL,1,0,0,0,0,0,0),(202,2812,1,2,1,NULL,NULL,NULL,0,'Dirac',0,0,90,NULL,1,0,0,0,0,0,0),(203,90,1,13,4,NULL,NULL,NULL,0,'Glancer',1,NULL,NULL,NULL,1,0,0,0,0,0,0),(204,90,1,13,4,NULL,NULL,NULL,0,'Glancer',1,NULL,NULL,NULL,1,0,0,0,0,0,0),(205,90,1,13,4,NULL,NULL,NULL,0,'Glancer',1,NULL,NULL,NULL,1,0,0,0,0,0,0),(206,125,1,13,4,NULL,NULL,NULL,0,'Gnat',0,NULL,NULL,NULL,1,0,0,0,0,0,0),(207,125,1,13,4,NULL,NULL,NULL,0,'Gnat',0,NULL,NULL,NULL,1,0,0,0,0,0,0),(208,125,1,13,4,NULL,NULL,NULL,0,'Gnat',0,NULL,NULL,NULL,1,0,0,0,0,0,0),(209,125,1,13,4,NULL,NULL,NULL,0,'Gnat',0,NULL,NULL,NULL,1,0,0,0,0,0,0),(210,125,1,13,4,NULL,NULL,NULL,0,'Gnat',1,NULL,NULL,NULL,1,0,0,0,0,0,0),(211,125,1,13,4,NULL,NULL,NULL,0,'Gnat',1,NULL,NULL,NULL,1,0,0,0,0,0,0),(212,125,1,13,4,NULL,NULL,NULL,0,'Gnat',0,NULL,NULL,NULL,1,0,0,0,0,0,0),(213,90,1,14,4,NULL,NULL,NULL,0,'Glancer',1,NULL,NULL,NULL,1,0,0,0,0,0,0),(214,90,1,14,4,NULL,NULL,NULL,0,'Glancer',1,NULL,NULL,NULL,1,0,0,0,0,0,0),(215,90,1,14,4,NULL,NULL,NULL,0,'Glancer',1,NULL,NULL,NULL,1,0,0,0,0,0,0),(216,125,1,14,4,NULL,NULL,NULL,0,'Gnat',0,NULL,NULL,NULL,1,0,0,0,0,0,0),(217,125,1,14,4,NULL,NULL,NULL,0,'Gnat',0,NULL,NULL,NULL,1,0,0,0,0,0,0),(218,125,1,14,4,NULL,NULL,NULL,0,'Gnat',0,NULL,NULL,NULL,1,0,0,0,0,0,0),(219,125,1,14,4,NULL,NULL,NULL,0,'Gnat',0,NULL,NULL,NULL,1,0,0,0,0,0,0),(220,125,1,14,4,NULL,NULL,NULL,0,'Gnat',1,NULL,NULL,NULL,1,0,0,0,0,0,0),(221,125,1,14,4,NULL,NULL,NULL,0,'Gnat',1,NULL,NULL,NULL,1,0,0,0,0,0,0),(222,125,1,14,4,NULL,NULL,NULL,0,'Gnat',0,NULL,NULL,NULL,1,0,0,0,0,0,0),(223,125,1,14,4,NULL,NULL,NULL,0,'Gnat',0,NULL,NULL,NULL,1,0,0,0,0,0,0),(224,125,1,14,4,NULL,NULL,NULL,0,'Gnat',1,NULL,NULL,NULL,1,0,0,0,0,0,0),(225,125,1,14,4,NULL,NULL,NULL,0,'Gnat',0,NULL,NULL,NULL,1,0,0,0,0,0,0),(226,900,1,15,4,NULL,NULL,NULL,0,'Gnawer',0,NULL,NULL,NULL,1,0,0,0,0,0,0),(227,500,1,15,4,NULL,NULL,NULL,0,'Spudder',0,NULL,NULL,NULL,1,0,0,0,0,0,0),(228,500,1,15,4,NULL,NULL,NULL,0,'Spudder',0,NULL,NULL,NULL,1,0,0,0,0,0,0),(229,500,1,15,4,NULL,NULL,NULL,0,'Spudder',0,NULL,NULL,NULL,1,0,0,0,0,0,0),(230,500,1,15,4,NULL,NULL,NULL,0,'Spudder',0,NULL,NULL,NULL,1,0,0,0,0,0,0),(231,90,1,15,4,NULL,NULL,NULL,0,'Glancer',1,NULL,NULL,NULL,1,0,0,0,0,0,0),(232,90,1,15,4,NULL,NULL,NULL,0,'Glancer',1,NULL,NULL,NULL,1,0,0,0,0,0,0),(233,125,1,15,4,NULL,NULL,NULL,0,'Gnat',0,NULL,NULL,NULL,1,0,0,0,0,0,0),(234,125,1,15,4,NULL,NULL,NULL,0,'Gnat',1,NULL,NULL,NULL,1,0,0,0,0,0,0),(235,125,1,15,4,NULL,NULL,NULL,0,'Gnat',0,NULL,NULL,NULL,1,0,0,0,0,0,0),(236,125,1,15,4,NULL,NULL,NULL,0,'Gnat',0,NULL,NULL,NULL,1,0,0,0,0,0,0),(237,90,1,15,4,NULL,NULL,NULL,0,'Glancer',1,NULL,NULL,NULL,1,0,0,0,0,0,0),(238,90,1,15,4,NULL,NULL,NULL,0,'Glancer',1,NULL,NULL,NULL,1,0,0,0,0,0,0),(239,90,1,15,4,NULL,NULL,NULL,0,'Glancer',1,NULL,NULL,NULL,1,0,0,0,0,0,0),(240,90,1,15,4,NULL,NULL,NULL,0,'Glancer',1,NULL,NULL,NULL,1,0,0,0,0,0,0),(241,90,1,15,4,NULL,NULL,NULL,0,'Glancer',1,NULL,NULL,NULL,1,0,0,0,0,0,0),(242,125,1,15,4,NULL,NULL,NULL,0,'Gnat',0,NULL,NULL,NULL,1,0,0,0,0,0,0),(243,125,1,15,4,NULL,NULL,NULL,0,'Gnat',0,NULL,NULL,NULL,1,0,0,0,0,0,0),(244,125,1,15,4,NULL,NULL,NULL,0,'Gnat',0,NULL,NULL,NULL,1,0,0,0,0,0,0),(245,125,1,15,4,NULL,NULL,NULL,0,'Gnat',0,NULL,NULL,NULL,1,0,0,0,0,0,0),(246,125,1,15,4,NULL,NULL,NULL,0,'Gnat',1,NULL,NULL,NULL,1,0,0,0,0,0,0),(247,125,1,15,4,NULL,NULL,NULL,0,'Gnat',1,NULL,NULL,NULL,1,0,0,0,0,0,0),(248,125,1,15,4,NULL,NULL,NULL,0,'Gnat',0,NULL,NULL,NULL,1,0,0,0,0,0,0),(249,125,1,15,4,NULL,NULL,NULL,0,'Gnat',0,NULL,NULL,NULL,1,0,0,0,0,0,0),(250,900,1,16,4,NULL,NULL,NULL,0,'Gnawer',0,NULL,NULL,NULL,1,0,0,0,0,0,0),(251,900,1,16,4,NULL,NULL,NULL,0,'Gnawer',0,NULL,NULL,NULL,1,0,0,0,0,0,0),(252,500,1,16,4,NULL,NULL,NULL,0,'Spudder',0,NULL,NULL,NULL,1,0,0,0,0,0,0),(253,500,1,16,4,NULL,NULL,NULL,0,'Spudder',0,NULL,NULL,NULL,1,0,0,0,0,0,0),(254,500,1,16,4,NULL,NULL,NULL,0,'Spudder',1,NULL,NULL,NULL,1,0,0,0,0,0,0),(255,500,1,16,4,NULL,NULL,NULL,0,'Spudder',0,NULL,NULL,NULL,1,0,0,0,0,0,0),(256,500,1,16,4,NULL,NULL,NULL,0,'Spudder',1,NULL,NULL,NULL,1,0,0,0,0,0,0),(257,500,1,16,4,NULL,NULL,NULL,0,'Spudder',0,NULL,NULL,NULL,1,0,0,0,0,0,0),(258,90,1,16,4,NULL,NULL,NULL,0,'Glancer',1,NULL,NULL,NULL,1,0,0,0,0,0,0),(259,90,1,16,4,NULL,NULL,NULL,0,'Glancer',1,NULL,NULL,NULL,1,0,0,0,0,0,0),(260,125,1,16,4,NULL,NULL,NULL,0,'Gnat',1,NULL,NULL,NULL,1,0,0,0,0,0,0),(261,125,1,16,4,NULL,NULL,NULL,0,'Gnat',1,NULL,NULL,NULL,1,0,0,0,0,0,0),(262,125,1,16,4,NULL,NULL,NULL,0,'Gnat',0,NULL,NULL,NULL,1,0,0,0,0,0,0),(263,90,1,16,4,NULL,NULL,NULL,0,'Glancer',1,NULL,NULL,NULL,1,0,0,0,0,0,0),(264,90,1,16,4,NULL,NULL,NULL,0,'Glancer',1,NULL,NULL,NULL,1,0,0,0,0,0,0),(265,90,1,16,4,NULL,NULL,NULL,0,'Glancer',1,NULL,NULL,NULL,1,0,0,0,0,0,0),(266,90,1,16,4,NULL,NULL,NULL,0,'Glancer',1,NULL,NULL,NULL,1,0,0,0,0,0,0),(267,90,1,16,4,NULL,NULL,NULL,0,'Glancer',1,NULL,NULL,NULL,1,0,0,0,0,0,0),(268,125,1,16,4,NULL,NULL,NULL,0,'Gnat',0,NULL,NULL,NULL,1,0,0,0,0,0,0),(269,125,1,16,4,NULL,NULL,NULL,0,'Gnat',0,NULL,NULL,NULL,1,0,0,0,0,0,0),(270,125,1,16,4,NULL,NULL,NULL,0,'Gnat',0,NULL,NULL,NULL,1,0,0,0,0,0,0),(271,125,1,16,4,NULL,NULL,NULL,0,'Gnat',0,NULL,NULL,NULL,1,0,0,0,0,0,0),(272,125,1,16,4,NULL,NULL,NULL,0,'Gnat',1,NULL,NULL,NULL,1,0,0,0,0,0,0),(273,125,1,16,4,NULL,NULL,NULL,0,'Gnat',1,NULL,NULL,NULL,1,0,0,0,0,0,0),(274,125,1,16,4,NULL,NULL,NULL,0,'Gnat',0,NULL,NULL,NULL,1,0,0,0,0,0,0),(275,125,1,16,4,NULL,NULL,NULL,0,'Gnat',1,NULL,NULL,NULL,1,0,0,0,0,0,0),(276,500,1,17,4,NULL,NULL,NULL,0,'Spudder',0,NULL,NULL,NULL,1,0,0,0,0,0,0),(277,90,1,17,4,NULL,NULL,NULL,0,'Glancer',1,NULL,NULL,NULL,1,0,0,0,0,0,0),(278,90,1,17,4,NULL,NULL,NULL,0,'Glancer',1,NULL,NULL,NULL,1,0,0,0,0,0,0),(279,125,1,17,4,NULL,NULL,NULL,0,'Gnat',0,NULL,NULL,NULL,1,0,0,0,0,0,0),(280,125,1,17,4,NULL,NULL,NULL,0,'Gnat',0,NULL,NULL,NULL,1,0,0,0,0,0,0),(281,90,1,17,4,NULL,NULL,NULL,0,'Glancer',1,NULL,NULL,NULL,1,0,0,0,0,0,0),(282,90,1,17,4,NULL,NULL,NULL,0,'Glancer',1,NULL,NULL,NULL,1,0,0,0,0,0,0),(283,90,1,17,4,NULL,NULL,NULL,0,'Glancer',1,NULL,NULL,NULL,1,0,0,0,0,0,0),(284,90,1,17,4,NULL,NULL,NULL,0,'Glancer',1,NULL,NULL,NULL,1,0,0,0,0,0,0),(285,90,1,17,4,NULL,NULL,NULL,0,'Glancer',1,NULL,NULL,NULL,1,0,0,0,0,0,0),(286,125,1,17,4,NULL,NULL,NULL,0,'Gnat',0,NULL,NULL,NULL,1,0,0,0,0,0,0),(287,125,1,17,4,NULL,NULL,NULL,0,'Gnat',0,NULL,NULL,NULL,1,0,0,0,0,0,0),(288,125,1,17,4,NULL,NULL,NULL,0,'Gnat',0,NULL,NULL,NULL,1,0,0,0,0,0,0),(289,125,1,17,4,NULL,NULL,NULL,0,'Gnat',0,NULL,NULL,NULL,1,0,0,0,0,0,0),(290,125,1,17,4,NULL,NULL,NULL,0,'Gnat',1,NULL,NULL,NULL,1,0,0,0,0,0,0),(291,125,1,17,4,NULL,NULL,NULL,0,'Gnat',1,NULL,NULL,NULL,1,0,0,0,0,0,0),(292,500,1,18,4,NULL,NULL,NULL,0,'Spudder',0,NULL,NULL,NULL,1,0,0,0,0,0,0),(293,500,1,18,4,NULL,NULL,NULL,0,'Spudder',0,NULL,NULL,NULL,1,0,0,0,0,0,0),(294,90,1,18,4,NULL,NULL,NULL,0,'Glancer',1,NULL,NULL,NULL,1,0,0,0,0,0,0),(295,90,1,18,4,NULL,NULL,NULL,0,'Glancer',1,NULL,NULL,NULL,1,0,0,0,0,0,0),(296,90,1,18,4,NULL,NULL,NULL,0,'Glancer',1,NULL,NULL,NULL,1,0,0,0,0,0,0),(297,90,1,18,4,NULL,NULL,NULL,0,'Glancer',1,NULL,NULL,NULL,1,0,0,0,0,0,0),(298,90,1,18,4,NULL,NULL,NULL,0,'Glancer',1,NULL,NULL,NULL,1,0,0,0,0,0,0),(299,90,1,18,4,NULL,NULL,NULL,0,'Glancer',1,NULL,NULL,NULL,1,0,0,0,0,0,0),(300,90,1,18,4,NULL,NULL,NULL,0,'Glancer',1,NULL,NULL,NULL,1,0,0,0,0,0,0),(301,90,1,18,4,NULL,NULL,NULL,0,'Glancer',1,NULL,NULL,NULL,1,0,0,0,0,0,0),(302,125,1,18,4,NULL,NULL,NULL,0,'Gnat',0,NULL,NULL,NULL,1,0,0,0,0,0,0),(303,125,1,18,4,NULL,NULL,NULL,0,'Gnat',0,NULL,NULL,NULL,1,0,0,0,0,0,0),(304,125,1,18,4,NULL,NULL,NULL,0,'Gnat',0,NULL,NULL,NULL,1,0,0,0,0,0,0),(305,125,1,18,4,NULL,NULL,NULL,0,'Gnat',0,NULL,NULL,NULL,1,0,0,0,0,0,0),(306,125,1,18,4,NULL,NULL,NULL,0,'Gnat',1,NULL,NULL,NULL,1,0,0,0,0,0,0),(307,125,1,18,4,NULL,NULL,NULL,0,'Gnat',1,NULL,NULL,NULL,1,0,0,0,0,0,0),(308,125,1,18,4,NULL,NULL,NULL,0,'Gnat',0,NULL,NULL,NULL,1,0,0,0,0,0,0),(309,125,1,18,4,NULL,NULL,NULL,0,'Gnat',1,NULL,NULL,NULL,1,0,0,0,0,0,0),(310,900,1,19,4,NULL,NULL,NULL,0,'Gnawer',0,NULL,NULL,NULL,1,0,0,0,0,0,0),(311,900,1,19,4,NULL,NULL,NULL,0,'Gnawer',0,NULL,NULL,NULL,1,0,0,0,0,0,0),(312,900,1,19,4,NULL,NULL,NULL,0,'Gnawer',0,NULL,NULL,NULL,1,0,0,0,0,0,0),(313,900,1,19,4,NULL,NULL,NULL,0,'Gnawer',0,NULL,NULL,NULL,1,0,0,0,0,0,0),(314,900,1,19,4,NULL,NULL,NULL,0,'Gnawer',0,NULL,NULL,NULL,1,0,0,0,0,0,0),(315,500,1,19,4,NULL,NULL,NULL,0,'Spudder',0,NULL,NULL,NULL,1,0,0,0,0,0,0),(316,500,1,19,4,NULL,NULL,NULL,0,'Spudder',0,NULL,NULL,NULL,1,0,0,0,0,0,0),(317,500,1,19,4,NULL,NULL,NULL,0,'Spudder',0,NULL,NULL,NULL,1,0,0,0,0,0,0),(318,500,1,19,4,NULL,NULL,NULL,0,'Spudder',0,NULL,NULL,NULL,1,0,0,0,0,0,0),(319,90,1,19,4,NULL,NULL,NULL,0,'Glancer',1,NULL,NULL,NULL,1,0,0,0,0,0,0),(320,90,1,19,4,NULL,NULL,NULL,0,'Glancer',1,NULL,NULL,NULL,1,0,0,0,0,0,0),(321,125,1,19,4,NULL,NULL,NULL,0,'Gnat',0,NULL,NULL,NULL,1,0,0,0,0,0,0),(322,125,1,19,4,NULL,NULL,NULL,0,'Gnat',0,NULL,NULL,NULL,1,0,0,0,0,0,0),(323,125,1,19,4,NULL,NULL,NULL,0,'Gnat',0,NULL,NULL,NULL,1,0,0,0,0,0,0),(324,90,1,19,4,NULL,NULL,NULL,0,'Glancer',1,NULL,NULL,NULL,1,0,0,0,0,0,0),(325,90,1,19,4,NULL,NULL,NULL,0,'Glancer',1,NULL,NULL,NULL,1,0,0,0,0,0,0),(326,90,1,19,4,NULL,NULL,NULL,0,'Glancer',1,NULL,NULL,NULL,1,0,0,0,0,0,0),(327,90,1,19,4,NULL,NULL,NULL,0,'Glancer',1,NULL,NULL,NULL,1,0,0,0,0,0,0),(328,90,1,19,4,NULL,NULL,NULL,0,'Glancer',1,NULL,NULL,NULL,1,0,0,0,0,0,0),(329,90,1,19,4,NULL,NULL,NULL,0,'Glancer',1,NULL,NULL,NULL,1,0,0,0,0,0,0),(330,125,1,19,4,NULL,NULL,NULL,0,'Gnat',0,NULL,NULL,NULL,1,0,0,0,0,0,0),(331,125,1,19,4,NULL,NULL,NULL,0,'Gnat',0,NULL,NULL,NULL,1,0,0,0,0,0,0),(332,125,1,19,4,NULL,NULL,NULL,0,'Gnat',0,NULL,NULL,NULL,1,0,0,0,0,0,0),(333,125,1,19,4,NULL,NULL,NULL,0,'Gnat',0,NULL,NULL,NULL,1,0,0,0,0,0,0),(334,125,1,19,4,NULL,NULL,NULL,0,'Gnat',1,NULL,NULL,NULL,1,0,0,0,0,0,0),(335,125,1,19,4,NULL,NULL,NULL,0,'Gnat',1,NULL,NULL,NULL,1,0,0,0,0,0,0),(336,125,1,19,4,NULL,NULL,NULL,0,'Gnat',1,NULL,NULL,NULL,1,0,0,0,0,0,0),(337,900,1,20,4,NULL,NULL,NULL,0,'Gnawer',0,NULL,NULL,NULL,1,0,0,0,0,0,0),(338,900,1,20,4,NULL,NULL,NULL,0,'Gnawer',0,NULL,NULL,NULL,1,0,0,0,0,0,0),(339,900,1,20,4,NULL,NULL,NULL,0,'Gnawer',0,NULL,NULL,NULL,1,0,0,0,0,0,0),(340,900,1,20,4,NULL,NULL,NULL,0,'Gnawer',0,NULL,NULL,NULL,1,0,0,0,0,0,0),(341,500,1,20,4,NULL,NULL,NULL,0,'Spudder',0,NULL,NULL,NULL,1,0,0,0,0,0,0),(342,500,1,20,4,NULL,NULL,NULL,0,'Spudder',1,NULL,NULL,NULL,1,0,0,0,0,0,0),(343,500,1,20,4,NULL,NULL,NULL,0,'Spudder',0,NULL,NULL,NULL,1,0,0,0,0,0,0),(344,500,1,20,4,NULL,NULL,NULL,0,'Spudder',0,NULL,NULL,NULL,1,0,0,0,0,0,0),(345,90,1,20,4,NULL,NULL,NULL,0,'Glancer',1,NULL,NULL,NULL,1,0,0,0,0,0,0),(346,90,1,20,4,NULL,NULL,NULL,0,'Glancer',1,NULL,NULL,NULL,1,0,0,0,0,0,0),(347,125,1,20,4,NULL,NULL,NULL,0,'Gnat',0,NULL,NULL,NULL,1,0,0,0,0,0,0),(348,125,1,20,4,NULL,NULL,NULL,0,'Gnat',1,NULL,NULL,NULL,1,0,0,0,0,0,0),(349,125,1,20,4,NULL,NULL,NULL,0,'Gnat',1,NULL,NULL,NULL,1,0,0,0,0,0,0),(350,125,1,20,4,NULL,NULL,NULL,0,'Gnat',0,NULL,NULL,NULL,1,0,0,0,0,0,0),(351,90,1,20,4,NULL,NULL,NULL,0,'Glancer',1,NULL,NULL,NULL,1,0,0,0,0,0,0),(352,90,1,20,4,NULL,NULL,NULL,0,'Glancer',1,NULL,NULL,NULL,1,0,0,0,0,0,0),(353,90,1,20,4,NULL,NULL,NULL,0,'Glancer',1,NULL,NULL,NULL,1,0,0,0,0,0,0),(354,90,1,20,4,NULL,NULL,NULL,0,'Glancer',1,NULL,NULL,NULL,1,0,0,0,0,0,0),(355,90,1,20,4,NULL,NULL,NULL,0,'Glancer',1,NULL,NULL,NULL,1,0,0,0,0,0,0),(356,125,1,20,4,NULL,NULL,NULL,0,'Gnat',0,NULL,NULL,NULL,1,0,0,0,0,0,0),(357,125,1,20,4,NULL,NULL,NULL,0,'Gnat',0,NULL,NULL,NULL,1,0,0,0,0,0,0),(358,125,1,20,4,NULL,NULL,NULL,0,'Gnat',0,NULL,NULL,NULL,1,0,0,0,0,0,0),(359,125,1,20,4,NULL,NULL,NULL,0,'Gnat',0,NULL,NULL,NULL,1,0,0,0,0,0,0),(360,125,1,20,4,NULL,NULL,NULL,0,'Gnat',1,NULL,NULL,NULL,1,0,0,0,0,0,0),(361,125,1,20,4,NULL,NULL,NULL,0,'Gnat',1,NULL,NULL,NULL,1,0,0,0,0,0,0),(362,125,1,20,4,NULL,NULL,NULL,0,'Gnat',0,NULL,NULL,NULL,1,0,0,0,0,0,0),(363,125,1,20,4,NULL,NULL,NULL,0,'Gnat',1,NULL,NULL,NULL,1,0,0,0,0,0,0),(364,900,1,21,4,NULL,NULL,NULL,0,'Gnawer',0,NULL,NULL,NULL,1,0,0,0,0,0,0),(365,900,1,21,4,NULL,NULL,NULL,0,'Gnawer',0,NULL,NULL,NULL,1,0,0,0,0,0,0),(366,900,1,21,4,NULL,NULL,NULL,0,'Gnawer',0,NULL,NULL,NULL,1,0,0,0,0,0,0),(367,900,1,21,4,NULL,NULL,NULL,0,'Gnawer',0,NULL,NULL,NULL,1,0,0,0,0,0,0),(368,500,1,21,4,NULL,NULL,NULL,0,'Spudder',0,NULL,NULL,NULL,1,0,0,0,0,0,0),(369,500,1,21,4,NULL,NULL,NULL,0,'Spudder',0,NULL,NULL,NULL,1,0,0,0,0,0,0),(370,500,1,21,4,NULL,NULL,NULL,0,'Spudder',1,NULL,NULL,NULL,1,0,0,0,0,0,0),(371,500,1,21,4,NULL,NULL,NULL,0,'Spudder',0,NULL,NULL,NULL,1,0,0,0,0,0,0),(372,500,1,21,4,NULL,NULL,NULL,0,'Spudder',1,NULL,NULL,NULL,1,0,0,0,0,0,0),(373,500,1,21,4,NULL,NULL,NULL,0,'Spudder',0,NULL,NULL,NULL,1,0,0,0,0,0,0),(374,90,1,21,4,NULL,NULL,NULL,0,'Glancer',1,NULL,NULL,NULL,1,0,0,0,0,0,0),(375,125,1,21,4,NULL,NULL,NULL,0,'Gnat',0,NULL,NULL,NULL,1,0,0,0,0,0,0),(376,125,1,21,4,NULL,NULL,NULL,0,'Gnat',1,NULL,NULL,NULL,1,0,0,0,0,0,0),(377,90,1,21,4,NULL,NULL,NULL,0,'Glancer',1,NULL,NULL,NULL,1,0,0,0,0,0,0),(378,90,1,21,4,NULL,NULL,NULL,0,'Glancer',1,NULL,NULL,NULL,1,0,0,0,0,0,0),(379,90,1,21,4,NULL,NULL,NULL,0,'Glancer',1,NULL,NULL,NULL,1,0,0,0,0,0,0),(380,90,1,21,4,NULL,NULL,NULL,0,'Glancer',1,NULL,NULL,NULL,1,0,0,0,0,0,0),(381,90,1,21,4,NULL,NULL,NULL,0,'Glancer',1,NULL,NULL,NULL,1,0,0,0,0,0,0),(382,90,1,21,4,NULL,NULL,NULL,0,'Glancer',1,NULL,NULL,NULL,1,0,0,0,0,0,0),(383,125,1,21,4,NULL,NULL,NULL,0,'Gnat',0,NULL,NULL,NULL,1,0,0,0,0,0,0),(384,125,1,21,4,NULL,NULL,NULL,0,'Gnat',0,NULL,NULL,NULL,1,0,0,0,0,0,0),(385,125,1,21,4,NULL,NULL,NULL,0,'Gnat',0,NULL,NULL,NULL,1,0,0,0,0,0,0),(386,125,1,21,4,NULL,NULL,NULL,0,'Gnat',0,NULL,NULL,NULL,1,0,0,0,0,0,0),(387,125,1,21,4,NULL,NULL,NULL,0,'Gnat',1,NULL,NULL,NULL,1,0,0,0,0,0,0),(388,125,1,21,4,NULL,NULL,NULL,0,'Gnat',1,NULL,NULL,NULL,1,0,0,0,0,0,0),(389,125,1,21,4,NULL,NULL,NULL,0,'Gnat',0,NULL,NULL,NULL,1,0,0,0,0,0,0),(390,125,1,21,4,NULL,NULL,NULL,0,'Gnat',1,NULL,NULL,NULL,1,0,0,0,0,0,0),(391,125,1,21,4,NULL,NULL,NULL,0,'Gnat',1,NULL,NULL,NULL,1,0,0,0,0,0,0),(392,900,1,22,4,NULL,NULL,NULL,0,'Gnawer',0,NULL,NULL,NULL,1,0,0,0,0,0,0),(393,500,1,22,4,NULL,NULL,NULL,0,'Spudder',0,NULL,NULL,NULL,1,0,0,0,0,0,0),(394,900,1,22,4,NULL,NULL,NULL,0,'Gnawer',0,NULL,NULL,NULL,1,0,0,0,0,0,0),(395,500,1,22,4,NULL,NULL,NULL,0,'Spudder',0,NULL,NULL,NULL,1,0,0,0,0,0,0),(396,500,1,22,4,NULL,NULL,NULL,0,'Spudder',0,NULL,NULL,NULL,1,0,0,0,0,0,0),(397,90,1,22,4,NULL,NULL,NULL,0,'Glancer',1,NULL,NULL,NULL,1,0,0,0,0,0,0),(398,90,1,22,4,NULL,NULL,NULL,0,'Glancer',1,NULL,NULL,NULL,1,0,0,0,0,0,0),(399,125,1,22,4,NULL,NULL,NULL,0,'Gnat',0,NULL,NULL,NULL,1,0,0,0,0,0,0),(400,125,1,22,4,NULL,NULL,NULL,0,'Gnat',0,NULL,NULL,NULL,1,0,0,0,0,0,0),(401,90,1,22,4,NULL,NULL,NULL,0,'Glancer',1,NULL,NULL,NULL,1,0,0,0,0,0,0),(402,90,1,22,4,NULL,NULL,NULL,0,'Glancer',1,NULL,NULL,NULL,1,0,0,0,0,0,0),(403,90,1,22,4,NULL,NULL,NULL,0,'Glancer',1,NULL,NULL,NULL,1,0,0,0,0,0,0),(404,90,1,22,4,NULL,NULL,NULL,0,'Glancer',1,NULL,NULL,NULL,1,0,0,0,0,0,0),(405,125,1,22,4,NULL,NULL,NULL,0,'Gnat',0,NULL,NULL,NULL,1,0,0,0,0,0,0),(406,125,1,22,4,NULL,NULL,NULL,0,'Gnat',0,NULL,NULL,NULL,1,0,0,0,0,0,0),(407,125,1,22,4,NULL,NULL,NULL,0,'Gnat',0,NULL,NULL,NULL,1,0,0,0,0,0,0),(408,125,1,22,4,NULL,NULL,NULL,0,'Gnat',0,NULL,NULL,NULL,1,0,0,0,0,0,0),(409,125,1,22,4,NULL,NULL,NULL,0,'Gnat',1,NULL,NULL,NULL,1,0,0,0,0,0,0),(410,125,1,22,4,NULL,NULL,NULL,0,'Gnat',1,NULL,NULL,NULL,1,0,0,0,0,0,0),(411,125,1,22,4,NULL,NULL,NULL,0,'Gnat',0,NULL,NULL,NULL,1,0,0,0,0,0,0),(412,125,1,22,4,NULL,NULL,NULL,0,'Gnat',1,NULL,NULL,NULL,1,0,0,0,0,0,0),(413,125,1,22,4,NULL,NULL,NULL,0,'Gnat',1,NULL,NULL,NULL,1,0,0,0,0,0,0),(414,900,1,23,4,NULL,NULL,NULL,0,'Gnawer',0,NULL,NULL,NULL,1,0,0,0,0,0,0),(415,500,1,23,4,NULL,NULL,NULL,0,'Spudder',0,NULL,NULL,NULL,1,0,0,0,0,0,0),(416,500,1,23,4,NULL,NULL,NULL,0,'Spudder',0,NULL,NULL,NULL,1,0,0,0,0,0,0),(417,500,1,23,4,NULL,NULL,NULL,0,'Spudder',1,NULL,NULL,NULL,1,0,0,0,0,0,0),(418,500,1,23,4,NULL,NULL,NULL,0,'Spudder',0,NULL,NULL,NULL,1,0,0,0,0,0,0),(419,500,1,23,4,NULL,NULL,NULL,0,'Spudder',0,NULL,NULL,NULL,1,0,0,0,0,0,0),(420,90,1,23,4,NULL,NULL,NULL,0,'Glancer',1,NULL,NULL,NULL,1,0,0,0,0,0,0),(421,90,1,23,4,NULL,NULL,NULL,0,'Glancer',1,NULL,NULL,NULL,1,0,0,0,0,0,0),(422,125,1,23,4,NULL,NULL,NULL,0,'Gnat',0,NULL,NULL,NULL,1,0,0,0,0,0,0),(423,125,1,23,4,NULL,NULL,NULL,0,'Gnat',0,NULL,NULL,NULL,1,0,0,0,0,0,0),(424,90,1,23,4,NULL,NULL,NULL,0,'Glancer',1,NULL,NULL,NULL,1,0,0,0,0,0,0),(425,90,1,23,4,NULL,NULL,NULL,0,'Glancer',1,NULL,NULL,NULL,1,0,0,0,0,0,0),(426,90,1,23,4,NULL,NULL,NULL,0,'Glancer',1,NULL,NULL,NULL,1,0,0,0,0,0,0),(427,90,1,23,4,NULL,NULL,NULL,0,'Glancer',1,NULL,NULL,NULL,1,0,0,0,0,0,0),(428,90,1,23,4,NULL,NULL,NULL,0,'Glancer',1,NULL,NULL,NULL,1,0,0,0,0,0,0),(429,125,1,23,4,NULL,NULL,NULL,0,'Gnat',0,NULL,NULL,NULL,1,0,0,0,0,0,0),(430,125,1,23,4,NULL,NULL,NULL,0,'Gnat',0,NULL,NULL,NULL,1,0,0,0,0,0,0),(431,125,1,23,4,NULL,NULL,NULL,0,'Gnat',0,NULL,NULL,NULL,1,0,0,0,0,0,0),(432,125,1,23,4,NULL,NULL,NULL,0,'Gnat',0,NULL,NULL,NULL,1,0,0,0,0,0,0),(433,125,1,23,4,NULL,NULL,NULL,0,'Gnat',1,NULL,NULL,NULL,1,0,0,0,0,0,0),(434,125,1,23,4,NULL,NULL,NULL,0,'Gnat',1,NULL,NULL,NULL,1,0,0,0,0,0,0),(435,125,1,23,4,NULL,NULL,NULL,0,'Gnat',0,NULL,NULL,NULL,1,0,0,0,0,0,0),(436,90,1,24,4,NULL,NULL,NULL,0,'Glancer',1,NULL,NULL,NULL,1,0,0,0,0,0,0),(437,125,1,24,4,NULL,NULL,NULL,0,'Gnat',0,NULL,NULL,NULL,1,0,0,0,0,0,0),(438,125,1,24,4,NULL,NULL,NULL,0,'Gnat',1,NULL,NULL,NULL,1,0,0,0,0,0,0),(439,125,1,24,4,NULL,NULL,NULL,0,'Gnat',0,NULL,NULL,NULL,1,0,0,0,0,0,0),(440,125,1,24,4,NULL,NULL,NULL,0,'Gnat',0,NULL,NULL,NULL,1,0,0,0,0,0,0),(441,90,1,24,4,NULL,NULL,NULL,0,'Glancer',1,NULL,NULL,NULL,1,0,0,0,0,0,0),(442,90,1,24,4,NULL,NULL,NULL,0,'Glancer',1,NULL,NULL,NULL,1,0,0,0,0,0,0),(443,90,1,24,4,NULL,NULL,NULL,0,'Glancer',1,NULL,NULL,NULL,1,0,0,0,0,0,0),(444,90,1,24,4,NULL,NULL,NULL,0,'Glancer',1,NULL,NULL,NULL,1,0,0,0,0,0,0),(445,90,1,24,4,NULL,NULL,NULL,0,'Glancer',1,NULL,NULL,NULL,1,0,0,0,0,0,0),(446,125,1,24,4,NULL,NULL,NULL,0,'Gnat',0,NULL,NULL,NULL,1,0,0,0,0,0,0),(447,125,1,24,4,NULL,NULL,NULL,0,'Gnat',0,NULL,NULL,NULL,1,0,0,0,0,0,0),(448,125,1,24,4,NULL,NULL,NULL,0,'Gnat',0,NULL,NULL,NULL,1,0,0,0,0,0,0),(449,125,1,24,4,NULL,NULL,NULL,0,'Gnat',0,NULL,NULL,NULL,1,0,0,0,0,0,0),(450,125,1,24,4,NULL,NULL,NULL,0,'Gnat',1,NULL,NULL,NULL,1,0,0,0,0,0,0),(451,125,1,24,4,NULL,NULL,NULL,0,'Gnat',1,NULL,NULL,NULL,1,0,0,0,0,0,0),(452,125,1,24,4,NULL,NULL,NULL,0,'Gnat',0,NULL,NULL,NULL,1,0,0,0,0,0,0),(453,125,1,24,4,NULL,NULL,NULL,0,'Gnat',1,NULL,NULL,NULL,1,0,0,0,0,0,0),(454,500,1,25,4,NULL,NULL,NULL,0,'Spudder',0,NULL,NULL,NULL,1,0,0,0,0,0,0),(455,90,1,25,4,NULL,NULL,NULL,0,'Glancer',1,NULL,NULL,NULL,1,0,0,0,0,0,0),(456,90,1,25,4,NULL,NULL,NULL,0,'Glancer',1,NULL,NULL,NULL,1,0,0,0,0,0,0),(457,125,1,25,4,NULL,NULL,NULL,0,'Gnat',0,NULL,NULL,NULL,1,0,0,0,0,0,0),(458,125,1,25,4,NULL,NULL,NULL,0,'Gnat',0,NULL,NULL,NULL,1,0,0,0,0,0,0),(459,90,1,25,4,NULL,NULL,NULL,0,'Glancer',1,NULL,NULL,NULL,1,0,0,0,0,0,0),(460,90,1,25,4,NULL,NULL,NULL,0,'Glancer',1,NULL,NULL,NULL,1,0,0,0,0,0,0),(461,90,1,25,4,NULL,NULL,NULL,0,'Glancer',1,NULL,NULL,NULL,1,0,0,0,0,0,0),(462,90,1,25,4,NULL,NULL,NULL,0,'Glancer',1,NULL,NULL,NULL,1,0,0,0,0,0,0),(463,90,1,25,4,NULL,NULL,NULL,0,'Glancer',1,NULL,NULL,NULL,1,0,0,0,0,0,0),(464,90,1,25,4,NULL,NULL,NULL,0,'Glancer',1,NULL,NULL,NULL,1,0,0,0,0,0,0),(465,125,1,25,4,NULL,NULL,NULL,0,'Gnat',0,NULL,NULL,NULL,1,0,0,0,0,0,0),(466,125,1,25,4,NULL,NULL,NULL,0,'Gnat',0,NULL,NULL,NULL,1,0,0,0,0,0,0),(467,125,1,25,4,NULL,NULL,NULL,0,'Gnat',0,NULL,NULL,NULL,1,0,0,0,0,0,0),(468,125,1,25,4,NULL,NULL,NULL,0,'Gnat',0,NULL,NULL,NULL,1,0,0,0,0,0,0),(469,125,1,25,4,NULL,NULL,NULL,0,'Gnat',1,NULL,NULL,NULL,1,0,0,0,0,0,0),(470,125,1,25,4,NULL,NULL,NULL,0,'Gnat',1,NULL,NULL,NULL,1,0,0,0,0,0,0),(471,125,1,25,4,NULL,NULL,NULL,0,'Gnat',0,NULL,NULL,NULL,1,0,0,0,0,0,0),(472,125,1,25,4,NULL,NULL,NULL,0,'Gnat',0,NULL,NULL,NULL,1,0,0,0,0,0,0),(473,125,1,25,4,NULL,NULL,NULL,0,'Gnat',1,NULL,NULL,NULL,1,0,0,0,0,0,0),(474,90,1,26,4,NULL,NULL,NULL,0,'Glancer',1,NULL,NULL,NULL,1,0,0,0,0,0,0),(475,125,1,26,4,NULL,NULL,NULL,0,'Gnat',0,NULL,NULL,NULL,1,0,0,0,0,0,0),(476,90,1,26,4,NULL,NULL,NULL,0,'Glancer',1,NULL,NULL,NULL,1,0,0,0,0,0,0),(477,90,1,26,4,NULL,NULL,NULL,0,'Glancer',1,NULL,NULL,NULL,1,0,0,0,0,0,0),(478,90,1,26,4,NULL,NULL,NULL,0,'Glancer',1,NULL,NULL,NULL,1,0,0,0,0,0,0),(479,90,1,26,4,NULL,NULL,NULL,0,'Glancer',1,NULL,NULL,NULL,1,0,0,0,0,0,0),(480,90,1,26,4,NULL,NULL,NULL,0,'Glancer',1,NULL,NULL,NULL,1,0,0,0,0,0,0),(481,125,1,26,4,NULL,NULL,NULL,0,'Gnat',0,NULL,NULL,NULL,1,0,0,0,0,0,0),(482,125,1,26,4,NULL,NULL,NULL,0,'Gnat',0,NULL,NULL,NULL,1,0,0,0,0,0,0),(483,125,1,26,4,NULL,NULL,NULL,0,'Gnat',0,NULL,NULL,NULL,1,0,0,0,0,0,0),(484,125,1,26,4,NULL,NULL,NULL,0,'Gnat',0,NULL,NULL,NULL,1,0,0,0,0,0,0),(485,125,1,26,4,NULL,NULL,NULL,0,'Gnat',1,NULL,NULL,NULL,1,0,0,0,0,0,0),(486,125,1,26,4,NULL,NULL,NULL,0,'Gnat',1,NULL,NULL,NULL,1,0,0,0,0,0,0),(487,125,1,26,4,NULL,NULL,NULL,0,'Gnat',0,NULL,NULL,NULL,1,0,0,0,0,0,0),(488,125,1,27,4,NULL,NULL,NULL,0,'Gnat',0,NULL,NULL,NULL,1,0,0,0,0,0,0),(489,125,1,27,4,NULL,NULL,NULL,0,'Gnat',0,NULL,NULL,NULL,1,0,0,0,0,0,0),(490,125,1,27,4,NULL,NULL,NULL,0,'Gnat',0,NULL,NULL,NULL,1,0,0,0,0,0,0),(491,125,1,27,4,NULL,NULL,NULL,0,'Gnat',0,NULL,NULL,NULL,1,0,0,0,0,0,0),(492,125,1,27,4,NULL,NULL,NULL,0,'Gnat',1,NULL,NULL,NULL,1,0,0,0,0,0,0),(493,125,1,27,4,NULL,NULL,NULL,0,'Gnat',1,NULL,NULL,NULL,1,0,0,0,0,0,0),(494,125,1,27,4,NULL,NULL,NULL,0,'Gnat',0,NULL,NULL,NULL,1,0,0,0,0,0,0),(495,125,1,27,4,NULL,NULL,NULL,0,'Gnat',1,NULL,NULL,NULL,1,0,0,0,0,0,0),(496,125,1,27,4,NULL,NULL,NULL,0,'Gnat',0,NULL,NULL,NULL,1,0,0,0,0,0,0),(497,125,1,28,4,NULL,NULL,NULL,0,'Gnat',0,NULL,NULL,NULL,1,0,0,0,0,0,0),(498,125,1,28,4,NULL,NULL,NULL,0,'Gnat',0,NULL,NULL,NULL,1,0,0,0,0,0,0),(499,125,1,28,4,NULL,NULL,NULL,0,'Gnat',0,NULL,NULL,NULL,1,0,0,0,0,0,0),(500,125,1,28,4,NULL,NULL,NULL,0,'Gnat',0,NULL,NULL,NULL,1,0,0,0,0,0,0),(501,125,1,28,4,NULL,NULL,NULL,0,'Gnat',1,NULL,NULL,NULL,1,0,0,0,0,0,0),(502,125,1,28,4,NULL,NULL,NULL,0,'Gnat',1,NULL,NULL,NULL,1,0,0,0,0,0,0),(503,125,1,28,4,NULL,NULL,NULL,0,'Gnat',0,NULL,NULL,NULL,1,0,0,0,0,0,0),(504,125,1,28,4,NULL,NULL,NULL,0,'Gnat',1,NULL,NULL,NULL,1,0,0,0,0,0,0),(505,125,1,29,4,NULL,NULL,NULL,0,'Gnat',0,NULL,NULL,NULL,1,0,0,0,0,0,0),(506,125,1,29,4,NULL,NULL,NULL,0,'Gnat',0,NULL,NULL,NULL,1,0,0,0,0,0,0),(507,125,1,29,4,NULL,NULL,NULL,0,'Gnat',0,NULL,NULL,NULL,1,0,0,0,0,0,0),(508,125,1,29,4,NULL,NULL,NULL,0,'Gnat',0,NULL,NULL,NULL,1,0,0,0,0,0,0),(509,125,1,29,4,NULL,NULL,NULL,0,'Gnat',1,NULL,NULL,NULL,1,0,0,0,0,0,0),(510,125,1,29,4,NULL,NULL,NULL,0,'Gnat',1,NULL,NULL,NULL,1,0,0,0,0,0,0),(511,125,1,29,4,NULL,NULL,NULL,0,'Gnat',1,NULL,NULL,NULL,1,0,0,0,0,0,0),(512,125,1,29,4,NULL,NULL,NULL,0,'Gnat',0,NULL,NULL,NULL,1,0,0,0,0,0,0),(513,125,1,30,4,NULL,NULL,NULL,0,'Gnat',0,NULL,NULL,NULL,1,0,0,0,0,0,0),(514,125,1,30,4,NULL,NULL,NULL,0,'Gnat',0,NULL,NULL,NULL,1,0,0,0,0,0,0),(515,125,1,30,4,NULL,NULL,NULL,0,'Gnat',0,NULL,NULL,NULL,1,0,0,0,0,0,0),(516,125,1,30,4,NULL,NULL,NULL,0,'Gnat',0,NULL,NULL,NULL,1,0,0,0,0,0,0),(517,125,1,30,4,NULL,NULL,NULL,0,'Gnat',1,NULL,NULL,NULL,1,0,0,0,0,0,0),(518,125,1,30,4,NULL,NULL,NULL,0,'Gnat',1,NULL,NULL,NULL,1,0,0,0,0,0,0),(519,125,1,30,4,NULL,NULL,NULL,0,'Gnat',0,NULL,NULL,NULL,1,0,0,0,0,0,0),(520,125,1,30,4,NULL,NULL,NULL,0,'Gnat',1,NULL,NULL,NULL,1,0,0,0,0,0,0),(521,90,1,31,4,NULL,NULL,NULL,0,'Glancer',1,NULL,NULL,NULL,1,0,0,0,0,0,0),(522,125,1,31,4,NULL,NULL,NULL,0,'Gnat',0,NULL,NULL,NULL,1,0,0,0,0,0,0),(523,125,1,31,4,NULL,NULL,NULL,0,'Gnat',0,NULL,NULL,NULL,1,0,0,0,0,0,0),(524,125,1,31,4,NULL,NULL,NULL,0,'Gnat',0,NULL,NULL,NULL,1,0,0,0,0,0,0),(525,125,1,31,4,NULL,NULL,NULL,0,'Gnat',0,NULL,NULL,NULL,1,0,0,0,0,0,0),(526,125,1,31,4,NULL,NULL,NULL,0,'Gnat',0,NULL,NULL,NULL,1,0,0,0,0,0,0),(527,125,1,31,4,NULL,NULL,NULL,0,'Gnat',1,NULL,NULL,NULL,1,0,0,0,0,0,0),(528,125,1,31,4,NULL,NULL,NULL,0,'Gnat',1,NULL,NULL,NULL,1,0,0,0,0,0,0),(529,90,1,32,4,NULL,NULL,NULL,0,'Glancer',1,NULL,NULL,NULL,1,0,0,0,0,0,0),(530,90,1,32,4,NULL,NULL,NULL,0,'Glancer',1,NULL,NULL,NULL,1,0,0,0,0,0,0),(531,125,1,32,4,NULL,NULL,NULL,0,'Gnat',0,NULL,NULL,NULL,1,0,0,0,0,0,0),(532,125,1,32,4,NULL,NULL,NULL,0,'Gnat',0,NULL,NULL,NULL,1,0,0,0,0,0,0),(533,125,1,32,4,NULL,NULL,NULL,0,'Gnat',1,NULL,NULL,NULL,1,0,0,0,0,0,0),(534,125,1,32,4,NULL,NULL,NULL,0,'Gnat',1,NULL,NULL,NULL,1,0,0,0,0,0,0),(535,90,1,32,4,NULL,NULL,NULL,0,'Glancer',1,NULL,NULL,NULL,1,0,0,0,0,0,0),(536,90,1,32,4,NULL,NULL,NULL,0,'Glancer',1,NULL,NULL,NULL,1,0,0,0,0,0,0),(537,125,1,32,4,NULL,NULL,NULL,0,'Gnat',0,NULL,NULL,NULL,1,0,0,0,0,0,0),(538,125,1,32,4,NULL,NULL,NULL,0,'Gnat',0,NULL,NULL,NULL,1,0,0,0,0,0,0),(539,90,1,32,4,NULL,NULL,NULL,0,'Glancer',1,NULL,NULL,NULL,1,0,0,0,0,0,0),(540,125,1,32,4,NULL,NULL,NULL,0,'Gnat',0,NULL,NULL,NULL,1,0,0,0,0,0,0),(541,125,1,32,4,NULL,NULL,NULL,0,'Gnat',0,NULL,NULL,NULL,1,0,0,0,0,0,0),(542,125,1,32,4,NULL,NULL,NULL,0,'Gnat',0,NULL,NULL,NULL,1,0,0,0,0,0,0),(543,125,1,32,4,NULL,NULL,NULL,0,'Gnat',0,NULL,NULL,NULL,1,0,0,0,0,0,0),(544,125,1,32,4,NULL,NULL,NULL,0,'Gnat',0,NULL,NULL,NULL,1,0,0,0,0,0,0),(545,125,1,32,4,NULL,NULL,NULL,0,'Gnat',1,NULL,NULL,NULL,1,0,0,0,0,0,0),(546,125,1,32,4,NULL,NULL,NULL,0,'Gnat',1,NULL,NULL,NULL,1,0,0,0,0,0,0),(547,125,1,33,4,NULL,NULL,NULL,0,'Gnat',0,NULL,NULL,NULL,1,0,0,0,0,0,0),(548,125,1,33,4,NULL,NULL,NULL,0,'Gnat',0,NULL,NULL,NULL,1,0,0,0,0,0,0),(549,125,1,33,4,NULL,NULL,NULL,0,'Gnat',0,NULL,NULL,NULL,1,0,0,0,0,0,0),(550,125,1,33,4,NULL,NULL,NULL,0,'Gnat',0,NULL,NULL,NULL,1,0,0,0,0,0,0),(551,125,1,33,4,NULL,NULL,NULL,0,'Gnat',1,NULL,NULL,NULL,1,0,0,0,0,0,0),(552,125,1,33,4,NULL,NULL,NULL,0,'Gnat',1,NULL,NULL,NULL,1,0,0,0,0,0,0),(553,90,1,34,4,NULL,NULL,NULL,0,'Glancer',1,NULL,NULL,NULL,1,0,0,0,0,0,0),(554,125,1,34,4,NULL,NULL,NULL,0,'Gnat',0,NULL,NULL,NULL,1,0,0,0,0,0,0),(555,125,1,34,4,NULL,NULL,NULL,0,'Gnat',0,NULL,NULL,NULL,1,0,0,0,0,0,0),(556,125,1,34,4,NULL,NULL,NULL,0,'Gnat',0,NULL,NULL,NULL,1,0,0,0,0,0,0),(557,125,1,34,4,NULL,NULL,NULL,0,'Gnat',0,NULL,NULL,NULL,1,0,0,0,0,0,0),(558,125,1,34,4,NULL,NULL,NULL,0,'Gnat',0,NULL,NULL,NULL,1,0,0,0,0,0,0),(559,125,1,34,4,NULL,NULL,NULL,0,'Gnat',1,NULL,NULL,NULL,1,0,0,0,0,0,0),(560,125,1,34,4,NULL,NULL,NULL,0,'Gnat',1,NULL,NULL,NULL,1,0,0,0,0,0,0),(561,125,1,35,4,NULL,NULL,NULL,0,'Gnat',0,NULL,NULL,NULL,1,0,0,0,0,0,0),(562,125,1,35,4,NULL,NULL,NULL,0,'Gnat',0,NULL,NULL,NULL,1,0,0,0,0,0,0),(563,125,1,35,4,NULL,NULL,NULL,0,'Gnat',0,NULL,NULL,NULL,1,0,0,0,0,0,0),(564,125,1,35,4,NULL,NULL,NULL,0,'Gnat',0,NULL,NULL,NULL,1,0,0,0,0,0,0),(565,125,1,35,4,NULL,NULL,NULL,0,'Gnat',1,NULL,NULL,NULL,1,0,0,0,0,0,0),(566,125,1,35,4,NULL,NULL,NULL,0,'Gnat',1,NULL,NULL,NULL,1,0,0,0,0,0,0),(567,125,1,36,4,NULL,NULL,NULL,0,'Gnat',0,NULL,NULL,NULL,1,0,0,0,0,0,0),(568,125,1,36,4,NULL,NULL,NULL,0,'Gnat',0,NULL,NULL,NULL,1,0,0,0,0,0,0),(569,125,1,36,4,NULL,NULL,NULL,0,'Gnat',0,NULL,NULL,NULL,1,0,0,0,0,0,0),(570,125,1,36,4,NULL,NULL,NULL,0,'Gnat',0,NULL,NULL,NULL,1,0,0,0,0,0,0),(571,125,1,36,4,NULL,NULL,NULL,0,'Gnat',1,NULL,NULL,NULL,1,0,0,0,0,0,0),(572,125,1,36,4,NULL,NULL,NULL,0,'Gnat',1,NULL,NULL,NULL,1,0,0,0,0,0,0),(573,90,1,37,4,NULL,NULL,NULL,0,'Glancer',1,NULL,NULL,NULL,1,0,0,0,0,0,0),(574,90,1,37,4,NULL,NULL,NULL,0,'Glancer',1,NULL,NULL,NULL,1,0,0,0,0,0,0),(575,125,1,37,4,NULL,NULL,NULL,0,'Gnat',0,NULL,NULL,NULL,1,0,0,0,0,0,0),(576,125,1,37,4,NULL,NULL,NULL,0,'Gnat',0,NULL,NULL,NULL,1,0,0,0,0,0,0),(577,125,1,37,4,NULL,NULL,NULL,0,'Gnat',1,NULL,NULL,NULL,1,0,0,0,0,0,0),(578,125,1,37,4,NULL,NULL,NULL,0,'Gnat',1,NULL,NULL,NULL,1,0,0,0,0,0,0),(579,90,1,37,4,NULL,NULL,NULL,0,'Glancer',1,NULL,NULL,NULL,1,0,0,0,0,0,0),(580,90,1,37,4,NULL,NULL,NULL,0,'Glancer',1,NULL,NULL,NULL,1,0,0,0,0,0,0),(581,125,1,37,4,NULL,NULL,NULL,0,'Gnat',0,NULL,NULL,NULL,1,0,0,0,0,0,0),(582,125,1,37,4,NULL,NULL,NULL,0,'Gnat',0,NULL,NULL,NULL,1,0,0,0,0,0,0),(583,90,1,37,4,NULL,NULL,NULL,0,'Glancer',1,NULL,NULL,NULL,1,0,0,0,0,0,0),(584,125,1,37,4,NULL,NULL,NULL,0,'Gnat',0,NULL,NULL,NULL,1,0,0,0,0,0,0),(585,125,1,37,4,NULL,NULL,NULL,0,'Gnat',0,NULL,NULL,NULL,1,0,0,0,0,0,0),(586,125,1,37,4,NULL,NULL,NULL,0,'Gnat',0,NULL,NULL,NULL,1,0,0,0,0,0,0),(587,125,1,37,4,NULL,NULL,NULL,0,'Gnat',0,NULL,NULL,NULL,1,0,0,0,0,0,0),(588,125,1,37,4,NULL,NULL,NULL,0,'Gnat',0,NULL,NULL,NULL,1,0,0,0,0,0,0),(589,125,1,37,4,NULL,NULL,NULL,0,'Gnat',1,NULL,NULL,NULL,1,0,0,0,0,0,0),(590,125,1,37,4,NULL,NULL,NULL,0,'Gnat',1,NULL,NULL,NULL,1,0,0,0,0,0,0),(591,125,1,38,4,NULL,NULL,NULL,0,'Gnat',0,NULL,NULL,NULL,1,0,0,0,0,0,0),(592,125,1,38,4,NULL,NULL,NULL,0,'Gnat',0,NULL,NULL,NULL,1,0,0,0,0,0,0),(593,125,1,38,4,NULL,NULL,NULL,0,'Gnat',0,NULL,NULL,NULL,1,0,0,0,0,0,0),(594,125,1,38,4,NULL,NULL,NULL,0,'Gnat',0,NULL,NULL,NULL,1,0,0,0,0,0,0),(595,125,1,38,4,NULL,NULL,NULL,0,'Gnat',1,NULL,NULL,NULL,1,0,0,0,0,0,0),(596,125,1,38,4,NULL,NULL,NULL,0,'Gnat',1,NULL,NULL,NULL,1,0,0,0,0,0,0),(597,125,1,39,4,NULL,NULL,NULL,0,'Gnat',0,NULL,NULL,NULL,1,0,0,0,0,0,0),(598,125,1,39,4,NULL,NULL,NULL,0,'Gnat',0,NULL,NULL,NULL,1,0,0,0,0,0,0),(599,125,1,39,4,NULL,NULL,NULL,0,'Gnat',0,NULL,NULL,NULL,1,0,0,0,0,0,0),(600,125,1,39,4,NULL,NULL,NULL,0,'Gnat',0,NULL,NULL,NULL,1,0,0,0,0,0,0),(601,125,1,39,4,NULL,NULL,NULL,0,'Gnat',1,NULL,NULL,NULL,1,0,0,0,0,0,0),(602,125,1,39,4,NULL,NULL,NULL,0,'Gnat',1,NULL,NULL,NULL,1,0,0,0,0,0,0),(603,90,1,40,4,NULL,NULL,NULL,0,'Glancer',1,NULL,NULL,NULL,1,0,0,0,0,0,0),(604,125,1,40,4,NULL,NULL,NULL,0,'Gnat',0,NULL,NULL,NULL,1,0,0,0,0,0,0),(605,125,1,40,4,NULL,NULL,NULL,0,'Gnat',0,NULL,NULL,NULL,1,0,0,0,0,0,0),(606,125,1,40,4,NULL,NULL,NULL,0,'Gnat',0,NULL,NULL,NULL,1,0,0,0,0,0,0),(607,125,1,40,4,NULL,NULL,NULL,0,'Gnat',0,NULL,NULL,NULL,1,0,0,0,0,0,0),(608,125,1,40,4,NULL,NULL,NULL,0,'Gnat',0,NULL,NULL,NULL,1,0,0,0,0,0,0),(609,125,1,40,4,NULL,NULL,NULL,0,'Gnat',1,NULL,NULL,NULL,1,0,0,0,0,0,0),(610,125,1,40,4,NULL,NULL,NULL,0,'Gnat',1,NULL,NULL,NULL,1,0,0,0,0,0,0),(611,90,1,41,4,NULL,NULL,NULL,0,'Glancer',1,NULL,NULL,NULL,1,0,0,0,0,0,0),(612,125,1,41,4,NULL,NULL,NULL,0,'Gnat',0,NULL,NULL,NULL,1,0,0,0,0,0,0),(613,125,1,41,4,NULL,NULL,NULL,0,'Gnat',0,NULL,NULL,NULL,1,0,0,0,0,0,0),(614,125,1,41,4,NULL,NULL,NULL,0,'Gnat',0,NULL,NULL,NULL,1,0,0,0,0,0,0),(615,125,1,41,4,NULL,NULL,NULL,0,'Gnat',0,NULL,NULL,NULL,1,0,0,0,0,0,0),(616,125,1,41,4,NULL,NULL,NULL,0,'Gnat',0,NULL,NULL,NULL,1,0,0,0,0,0,0),(617,125,1,41,4,NULL,NULL,NULL,0,'Gnat',1,NULL,NULL,NULL,1,0,0,0,0,0,0),(618,125,1,41,4,NULL,NULL,NULL,0,'Gnat',1,NULL,NULL,NULL,1,0,0,0,0,0,0),(619,90,1,48,4,NULL,NULL,NULL,0,'Glancer',1,NULL,NULL,NULL,1,0,0,0,0,0,0),(620,90,1,48,4,NULL,NULL,NULL,0,'Glancer',1,NULL,NULL,NULL,1,0,0,0,0,0,0),(621,125,1,48,4,NULL,NULL,NULL,0,'Gnat',0,NULL,NULL,NULL,1,0,0,0,0,0,0),(622,125,1,48,4,NULL,NULL,NULL,0,'Gnat',0,NULL,NULL,NULL,1,0,0,0,0,0,0),(623,125,1,48,4,NULL,NULL,NULL,0,'Gnat',1,NULL,NULL,NULL,1,0,0,0,0,0,0),(624,125,1,48,4,NULL,NULL,NULL,0,'Gnat',1,NULL,NULL,NULL,1,0,0,0,0,0,0),(625,90,1,48,4,NULL,NULL,NULL,0,'Glancer',1,NULL,NULL,NULL,1,0,0,0,0,0,0),(626,90,1,48,4,NULL,NULL,NULL,0,'Glancer',1,NULL,NULL,NULL,1,0,0,0,0,0,0),(627,125,1,48,4,NULL,NULL,NULL,0,'Gnat',0,NULL,NULL,NULL,1,0,0,0,0,0,0),(628,125,1,48,4,NULL,NULL,NULL,0,'Gnat',0,NULL,NULL,NULL,1,0,0,0,0,0,0),(629,90,1,48,4,NULL,NULL,NULL,0,'Glancer',1,NULL,NULL,NULL,1,0,0,0,0,0,0),(630,125,1,48,4,NULL,NULL,NULL,0,'Gnat',0,NULL,NULL,NULL,1,0,0,0,0,0,0),(631,125,1,48,4,NULL,NULL,NULL,0,'Gnat',0,NULL,NULL,NULL,1,0,0,0,0,0,0),(632,125,1,48,4,NULL,NULL,NULL,0,'Gnat',0,NULL,NULL,NULL,1,0,0,0,0,0,0),(633,125,1,48,4,NULL,NULL,NULL,0,'Gnat',0,NULL,NULL,NULL,1,0,0,0,0,0,0),(634,125,1,48,4,NULL,NULL,NULL,0,'Gnat',0,NULL,NULL,NULL,1,0,0,0,0,0,0),(635,125,1,48,4,NULL,NULL,NULL,0,'Gnat',1,NULL,NULL,NULL,1,0,0,0,0,0,0),(636,125,1,48,4,NULL,NULL,NULL,0,'Gnat',1,NULL,NULL,NULL,1,0,0,0,0,0,0),(637,90,1,54,4,NULL,NULL,NULL,0,'Glancer',1,NULL,NULL,NULL,1,0,0,0,0,0,0),(638,90,1,54,4,NULL,NULL,NULL,0,'Glancer',1,NULL,NULL,NULL,1,0,0,0,0,0,0),(639,125,1,54,4,NULL,NULL,NULL,0,'Gnat',0,NULL,NULL,NULL,1,0,0,0,0,0,0),(640,125,1,54,4,NULL,NULL,NULL,0,'Gnat',0,NULL,NULL,NULL,1,0,0,0,0,0,0),(641,125,1,54,4,NULL,NULL,NULL,0,'Gnat',1,NULL,NULL,NULL,1,0,0,0,0,0,0),(642,125,1,54,4,NULL,NULL,NULL,0,'Gnat',1,NULL,NULL,NULL,1,0,0,0,0,0,0),(643,90,1,54,4,NULL,NULL,NULL,0,'Glancer',1,NULL,NULL,NULL,1,0,0,0,0,0,0),(644,90,1,54,4,NULL,NULL,NULL,0,'Glancer',1,NULL,NULL,NULL,1,0,0,0,0,0,0),(645,125,1,54,4,NULL,NULL,NULL,0,'Gnat',0,NULL,NULL,NULL,1,0,0,0,0,0,0),(646,125,1,54,4,NULL,NULL,NULL,0,'Gnat',0,NULL,NULL,NULL,1,0,0,0,0,0,0),(647,90,1,54,4,NULL,NULL,NULL,0,'Glancer',1,NULL,NULL,NULL,1,0,0,0,0,0,0),(648,125,1,54,4,NULL,NULL,NULL,0,'Gnat',0,NULL,NULL,NULL,1,0,0,0,0,0,0),(649,125,1,54,4,NULL,NULL,NULL,0,'Gnat',0,NULL,NULL,NULL,1,0,0,0,0,0,0),(650,125,1,54,4,NULL,NULL,NULL,0,'Gnat',0,NULL,NULL,NULL,1,0,0,0,0,0,0),(651,125,1,54,4,NULL,NULL,NULL,0,'Gnat',0,NULL,NULL,NULL,1,0,0,0,0,0,0),(652,125,1,54,4,NULL,NULL,NULL,0,'Gnat',0,NULL,NULL,NULL,1,0,0,0,0,0,0),(653,125,1,54,4,NULL,NULL,NULL,0,'Gnat',1,NULL,NULL,NULL,1,0,0,0,0,0,0),(654,125,1,54,4,NULL,NULL,NULL,0,'Gnat',1,NULL,NULL,NULL,1,0,0,0,0,0,0),(655,125,1,63,4,NULL,NULL,NULL,0,'Gnat',0,NULL,NULL,NULL,1,0,0,0,0,0,0),(656,125,1,63,4,NULL,NULL,NULL,0,'Gnat',0,NULL,NULL,NULL,1,0,0,0,0,0,0),(657,125,1,63,4,NULL,NULL,NULL,0,'Gnat',0,NULL,NULL,NULL,1,0,0,0,0,0,0),(658,125,1,63,4,NULL,NULL,NULL,0,'Gnat',0,NULL,NULL,NULL,1,0,0,0,0,0,0),(659,125,1,63,4,NULL,NULL,NULL,0,'Gnat',1,NULL,NULL,NULL,1,0,0,0,0,0,0),(660,125,1,63,4,NULL,NULL,NULL,0,'Gnat',1,NULL,NULL,NULL,1,0,0,0,0,0,0),(661,125,1,64,4,NULL,NULL,NULL,0,'Gnat',0,NULL,NULL,NULL,1,0,0,0,0,0,0),(662,125,1,64,4,NULL,NULL,NULL,0,'Gnat',0,NULL,NULL,NULL,1,0,0,0,0,0,0),(663,125,1,64,4,NULL,NULL,NULL,0,'Gnat',0,NULL,NULL,NULL,1,0,0,0,0,0,0),(664,125,1,64,4,NULL,NULL,NULL,0,'Gnat',0,NULL,NULL,NULL,1,0,0,0,0,0,0),(665,125,1,64,4,NULL,NULL,NULL,0,'Gnat',1,NULL,NULL,NULL,1,0,0,0,0,0,0),(666,125,1,64,4,NULL,NULL,NULL,0,'Gnat',1,NULL,NULL,NULL,1,0,0,0,0,0,0),(667,125,1,65,4,NULL,NULL,NULL,0,'Gnat',0,NULL,NULL,NULL,1,0,0,0,0,0,0),(668,125,1,65,4,NULL,NULL,NULL,0,'Gnat',0,NULL,NULL,NULL,1,0,0,0,0,0,0),(669,125,1,65,4,NULL,NULL,NULL,0,'Gnat',0,NULL,NULL,NULL,1,0,0,0,0,0,0),(670,125,1,65,4,NULL,NULL,NULL,0,'Gnat',0,NULL,NULL,NULL,1,0,0,0,0,0,0),(671,125,1,65,4,NULL,NULL,NULL,0,'Gnat',1,NULL,NULL,NULL,1,0,0,0,0,0,0),(672,125,1,65,4,NULL,NULL,NULL,0,'Gnat',1,NULL,NULL,NULL,1,0,0,0,0,0,0),(673,125,1,66,4,NULL,NULL,NULL,0,'Gnat',0,NULL,NULL,NULL,1,0,0,0,0,0,0),(674,125,1,66,4,NULL,NULL,NULL,0,'Gnat',0,NULL,NULL,NULL,1,0,0,0,0,0,0),(675,125,1,66,4,NULL,NULL,NULL,0,'Gnat',0,NULL,NULL,NULL,1,0,0,0,0,0,0),(676,125,1,66,4,NULL,NULL,NULL,0,'Gnat',0,NULL,NULL,NULL,1,0,0,0,0,0,0),(677,125,1,66,4,NULL,NULL,NULL,0,'Gnat',1,NULL,NULL,NULL,1,0,0,0,0,0,0),(678,125,1,66,4,NULL,NULL,NULL,0,'Gnat',1,NULL,NULL,NULL,1,0,0,0,0,0,0),(679,90,1,67,4,NULL,NULL,NULL,0,'Glancer',1,NULL,NULL,NULL,1,0,0,0,0,0,0),(680,90,1,67,4,NULL,NULL,NULL,0,'Glancer',1,NULL,NULL,NULL,1,0,0,0,0,0,0),(681,125,1,67,4,NULL,NULL,NULL,0,'Gnat',0,NULL,NULL,NULL,1,0,0,0,0,0,0),(682,125,1,67,4,NULL,NULL,NULL,0,'Gnat',0,NULL,NULL,NULL,1,0,0,0,0,0,0),(683,125,1,67,4,NULL,NULL,NULL,0,'Gnat',1,NULL,NULL,NULL,1,0,0,0,0,0,0),(684,125,1,67,4,NULL,NULL,NULL,0,'Gnat',1,NULL,NULL,NULL,1,0,0,0,0,0,0),(685,90,1,67,4,NULL,NULL,NULL,0,'Glancer',1,NULL,NULL,NULL,1,0,0,0,0,0,0),(686,90,1,67,4,NULL,NULL,NULL,0,'Glancer',1,NULL,NULL,NULL,1,0,0,0,0,0,0),(687,125,1,67,4,NULL,NULL,NULL,0,'Gnat',0,NULL,NULL,NULL,1,0,0,0,0,0,0),(688,125,1,67,4,NULL,NULL,NULL,0,'Gnat',0,NULL,NULL,NULL,1,0,0,0,0,0,0),(689,90,1,67,4,NULL,NULL,NULL,0,'Glancer',1,NULL,NULL,NULL,1,0,0,0,0,0,0),(690,125,1,67,4,NULL,NULL,NULL,0,'Gnat',0,NULL,NULL,NULL,1,0,0,0,0,0,0),(691,125,1,67,4,NULL,NULL,NULL,0,'Gnat',0,NULL,NULL,NULL,1,0,0,0,0,0,0),(692,125,1,67,4,NULL,NULL,NULL,0,'Gnat',0,NULL,NULL,NULL,1,0,0,0,0,0,0),(693,125,1,67,4,NULL,NULL,NULL,0,'Gnat',0,NULL,NULL,NULL,1,0,0,0,0,0,0),(694,125,1,67,4,NULL,NULL,NULL,0,'Gnat',0,NULL,NULL,NULL,1,0,0,0,0,0,0),(695,125,1,67,4,NULL,NULL,NULL,0,'Gnat',1,NULL,NULL,NULL,1,0,0,0,0,0,0),(696,125,1,67,4,NULL,NULL,NULL,0,'Gnat',1,NULL,NULL,NULL,1,0,0,0,0,0,0),(697,125,1,68,4,NULL,NULL,NULL,0,'Gnat',0,NULL,NULL,NULL,1,0,0,0,0,0,0),(698,125,1,68,4,NULL,NULL,NULL,0,'Gnat',0,NULL,NULL,NULL,1,0,0,0,0,0,0),(699,125,1,68,4,NULL,NULL,NULL,0,'Gnat',0,NULL,NULL,NULL,1,0,0,0,0,0,0),(700,125,1,68,4,NULL,NULL,NULL,0,'Gnat',0,NULL,NULL,NULL,1,0,0,0,0,0,0),(701,125,1,68,4,NULL,NULL,NULL,0,'Gnat',1,NULL,NULL,NULL,1,0,0,0,0,0,0),(702,125,1,68,4,NULL,NULL,NULL,0,'Gnat',1,NULL,NULL,NULL,1,0,0,0,0,0,0),(703,4475,1,2,1,NULL,NULL,NULL,0,'Thor',0,1,180,NULL,1,0,0,0,0,0,0),(704,4475,1,2,1,NULL,NULL,NULL,0,'Thor',0,1,180,NULL,1,0,0,0,0,0,0),(705,4475,1,2,1,NULL,NULL,NULL,0,'Thor',0,1,180,NULL,1,0,0,0,0,0,0),(706,4475,1,2,1,NULL,NULL,NULL,0,'Thor',0,1,180,NULL,1,0,0,0,0,0,0),(707,2812,1,2,1,NULL,NULL,NULL,0,'Dirac',1,1,180,NULL,1,0,0,0,0,0,0),(708,2812,1,2,1,NULL,NULL,NULL,0,'Dirac',1,1,180,NULL,1,0,0,0,0,0,0),(709,2812,1,2,1,NULL,NULL,NULL,0,'Dirac',1,1,180,NULL,1,0,0,0,0,0,0),(710,2812,1,2,1,NULL,NULL,NULL,0,'Dirac',1,1,180,NULL,1,0,0,0,0,0,0),(711,2812,1,2,1,NULL,NULL,NULL,0,'Dirac',1,1,180,NULL,1,0,0,0,0,0,0),(712,2812,1,2,1,NULL,NULL,NULL,0,'Dirac',1,1,180,NULL,1,0,0,0,0,0,0),(713,2812,1,2,1,NULL,NULL,NULL,0,'Dirac',1,1,180,NULL,1,0,0,0,0,0,0),(714,2812,1,2,1,NULL,NULL,NULL,0,'Dirac',1,1,180,NULL,1,0,0,0,0,0,0),(715,2812,1,2,1,NULL,NULL,NULL,0,'Dirac',1,1,180,NULL,1,0,0,0,0,0,0),(716,2812,1,2,1,NULL,NULL,NULL,0,'Dirac',1,1,180,NULL,1,0,0,0,0,0,0),(717,2812,1,2,1,NULL,NULL,NULL,0,'Dirac',1,1,180,NULL,1,0,0,0,0,0,0),(718,2812,1,2,1,NULL,NULL,NULL,0,'Dirac',1,1,180,NULL,1,0,0,0,0,0,0),(719,4475,1,2,1,NULL,NULL,NULL,0,'Thor',0,0,270,NULL,1,0,0,0,0,0,0),(720,4475,1,2,1,NULL,NULL,NULL,0,'Thor',0,0,270,NULL,1,0,0,0,0,0,0),(721,4475,1,2,1,NULL,NULL,NULL,0,'Thor',0,0,270,NULL,1,0,0,0,0,0,0),(722,4475,1,2,1,NULL,NULL,NULL,0,'Thor',0,0,270,NULL,1,0,0,0,0,0,0),(723,2812,1,2,1,NULL,NULL,NULL,0,'Dirac',1,0,270,NULL,1,0,0,0,0,0,0),(724,2812,1,2,1,NULL,NULL,NULL,0,'Dirac',1,0,270,NULL,1,0,0,0,0,0,0),(725,2812,1,2,1,NULL,NULL,NULL,0,'Dirac',1,0,270,NULL,1,0,0,0,0,0,0),(726,2812,1,2,1,NULL,NULL,NULL,0,'Dirac',1,0,270,NULL,1,0,0,0,0,0,0),(727,2812,1,2,1,NULL,NULL,NULL,0,'Dirac',1,0,270,NULL,1,0,0,0,0,0,0),(728,2812,1,2,1,NULL,NULL,NULL,0,'Dirac',1,0,270,NULL,1,0,0,0,0,0,0),(729,2812,1,2,1,NULL,NULL,NULL,0,'Dirac',1,0,270,NULL,1,0,0,0,0,0,0),(730,2812,1,2,1,NULL,NULL,NULL,0,'Dirac',1,0,270,NULL,1,0,0,0,0,0,0),(731,2812,1,2,1,NULL,NULL,NULL,0,'Dirac',1,0,270,NULL,1,0,0,0,0,0,0),(732,2812,1,2,1,NULL,NULL,NULL,0,'Dirac',1,0,270,NULL,1,0,0,0,0,0,0),(733,2812,1,2,1,NULL,NULL,NULL,0,'Dirac',1,0,270,NULL,1,0,0,0,0,0,0),(734,2812,1,2,1,NULL,NULL,NULL,0,'Dirac',1,0,270,NULL,1,0,0,0,0,0,0),(735,4475,1,2,1,NULL,NULL,NULL,0,'Thor',0,1,0,NULL,1,0,0,0,0,0,0),(736,4475,1,2,1,NULL,NULL,NULL,0,'Thor',0,1,0,NULL,1,0,0,0,0,0,0),(737,4475,1,2,1,NULL,NULL,NULL,0,'Thor',0,1,0,NULL,1,0,0,0,0,0,0),(738,4475,1,2,1,NULL,NULL,NULL,0,'Thor',0,1,0,NULL,1,0,0,0,0,0,0),(739,2812,1,2,1,NULL,NULL,NULL,0,'Dirac',1,1,0,NULL,1,0,0,0,0,0,0),(740,2812,1,2,1,NULL,NULL,NULL,0,'Dirac',1,1,0,NULL,1,0,0,0,0,0,0),(741,2812,1,2,1,NULL,NULL,NULL,0,'Dirac',1,1,0,NULL,1,0,0,0,0,0,0),(742,2812,1,2,1,NULL,NULL,NULL,0,'Dirac',1,1,0,NULL,1,0,0,0,0,0,0),(743,2812,1,2,1,NULL,NULL,NULL,0,'Dirac',1,1,0,NULL,1,0,0,0,0,0,0),(744,2812,1,2,1,NULL,NULL,NULL,0,'Dirac',1,1,0,NULL,1,0,0,0,0,0,0),(745,2812,1,2,1,NULL,NULL,NULL,0,'Dirac',1,1,0,NULL,1,0,0,0,0,0,0),(746,2812,1,2,1,NULL,NULL,NULL,0,'Dirac',1,1,0,NULL,1,0,0,0,0,0,0),(747,2812,1,2,1,NULL,NULL,NULL,0,'Dirac',1,1,0,NULL,1,0,0,0,0,0,0),(748,2812,1,2,1,NULL,NULL,NULL,0,'Dirac',1,1,0,NULL,1,0,0,0,0,0,0),(749,2812,1,2,1,NULL,NULL,NULL,0,'Dirac',1,1,0,NULL,1,0,0,0,0,0,0),(750,2812,1,2,1,NULL,NULL,NULL,0,'Dirac',1,1,0,NULL,1,0,0,0,0,0,0),(751,4475,1,2,1,NULL,NULL,NULL,0,'Thor',0,0,0,NULL,1,0,0,0,0,0,0),(752,4475,1,2,1,NULL,NULL,NULL,0,'Thor',0,0,0,NULL,1,0,0,0,0,0,0),(753,4475,1,2,1,NULL,NULL,NULL,0,'Thor',0,0,0,NULL,1,0,0,0,0,0,0),(754,4475,1,2,1,NULL,NULL,NULL,0,'Thor',0,0,0,NULL,1,0,0,0,0,0,0),(755,2812,1,2,1,NULL,NULL,NULL,0,'Dirac',1,0,0,NULL,1,0,0,0,0,0,0),(756,2812,1,2,1,NULL,NULL,NULL,0,'Dirac',1,0,0,NULL,1,0,0,0,0,0,0),(757,2812,1,2,1,NULL,NULL,NULL,0,'Dirac',1,0,0,NULL,1,0,0,0,0,0,0),(758,2812,1,2,1,NULL,NULL,NULL,0,'Dirac',1,0,0,NULL,1,0,0,0,0,0,0),(759,2812,1,2,1,NULL,NULL,NULL,0,'Dirac',1,0,0,NULL,1,0,0,0,0,0,0),(760,2812,1,2,1,NULL,NULL,NULL,0,'Dirac',1,0,0,NULL,1,0,0,0,0,0,0),(761,2812,1,2,1,NULL,NULL,NULL,0,'Dirac',1,0,0,NULL,1,0,0,0,0,0,0),(762,2812,1,2,1,NULL,NULL,NULL,0,'Dirac',1,0,0,NULL,1,0,0,0,0,0,0),(763,2812,1,2,1,NULL,NULL,NULL,0,'Dirac',1,0,0,NULL,1,0,0,0,0,0,0),(764,2812,1,2,1,NULL,NULL,NULL,0,'Dirac',1,0,0,NULL,1,0,0,0,0,0,0),(765,2812,1,2,1,NULL,NULL,NULL,0,'Dirac',1,0,0,NULL,1,0,0,0,0,0,0),(766,2812,1,2,1,NULL,NULL,NULL,0,'Dirac',1,0,0,NULL,1,0,0,0,0,0,0),(767,26875,1,4,1,NULL,NULL,NULL,0,'Demosis',0,1,45,NULL,1,0,0,0,0,0,0),(768,26875,1,4,1,NULL,NULL,NULL,0,'Demosis',0,1,45,NULL,1,0,0,0,0,0,0),(769,26875,1,4,1,NULL,NULL,NULL,0,'Demosis',0,1,45,NULL,1,0,0,0,0,0,0),(770,4475,1,4,1,NULL,NULL,NULL,0,'Thor',1,1,45,NULL,1,0,0,0,0,0,0),(771,4475,1,4,1,NULL,NULL,NULL,0,'Thor',0,1,45,NULL,1,0,0,0,0,0,0),(772,2812,1,4,1,NULL,NULL,NULL,0,'Dirac',1,1,45,NULL,1,0,0,0,0,0,0),(773,2812,1,4,1,NULL,NULL,NULL,0,'Dirac',0,1,45,NULL,1,0,0,0,0,0,0),(774,2812,1,4,1,NULL,NULL,NULL,0,'Dirac',0,1,45,NULL,1,0,0,0,0,0,0),(775,2812,1,4,1,NULL,NULL,NULL,0,'Dirac',0,1,45,NULL,1,0,0,0,0,0,0),(776,2812,1,4,1,NULL,NULL,NULL,0,'Dirac',1,1,45,NULL,1,0,0,0,0,0,0),(777,2812,1,4,1,NULL,NULL,NULL,0,'Dirac',0,1,45,NULL,1,0,0,0,0,0,0),(778,2812,1,4,1,NULL,NULL,NULL,0,'Dirac',0,1,45,NULL,1,0,0,0,0,0,0),(779,2812,1,4,1,NULL,NULL,NULL,0,'Dirac',0,1,45,NULL,1,0,0,0,0,0,0),(780,2812,1,4,1,NULL,NULL,NULL,0,'Dirac',0,1,45,NULL,1,0,0,0,0,0,0),(781,2812,1,4,1,NULL,NULL,NULL,0,'Dirac',0,1,45,NULL,1,0,0,0,0,0,0),(782,2812,1,4,1,NULL,NULL,NULL,0,'Dirac',1,1,45,NULL,1,0,0,0,0,0,0),(783,2812,1,4,1,NULL,NULL,NULL,0,'Dirac',0,1,45,NULL,1,0,0,0,0,0,0),(784,2812,1,4,1,NULL,NULL,NULL,0,'Dirac',0,1,45,NULL,1,0,0,0,0,0,0),(785,2812,1,4,1,NULL,NULL,NULL,0,'Dirac',0,1,45,NULL,1,0,0,0,0,0,0),(786,26875,1,4,1,NULL,NULL,NULL,0,'Demosis',0,2,90,NULL,1,0,0,0,0,0,0),(787,4475,1,4,1,NULL,NULL,NULL,0,'Thor',0,2,90,NULL,1,0,0,0,0,0,0),(788,4475,1,4,1,NULL,NULL,NULL,0,'Thor',1,2,90,NULL,1,0,0,0,0,0,0),(789,2812,1,4,1,NULL,NULL,NULL,0,'Dirac',0,2,90,NULL,1,0,0,0,0,0,0),(790,2812,1,4,1,NULL,NULL,NULL,0,'Dirac',0,2,90,NULL,1,0,0,0,0,0,0),(791,2812,1,4,1,NULL,NULL,NULL,0,'Dirac',0,2,90,NULL,1,0,0,0,0,0,0),(792,2812,1,4,1,NULL,NULL,NULL,0,'Dirac',1,2,90,NULL,1,0,0,0,0,0,0),(793,2812,1,4,1,NULL,NULL,NULL,0,'Dirac',1,2,90,NULL,1,0,0,0,0,0,0),(794,2812,1,4,1,NULL,NULL,NULL,0,'Dirac',1,2,90,NULL,1,0,0,0,0,0,0),(795,2812,1,4,1,NULL,NULL,NULL,0,'Dirac',1,2,90,NULL,1,0,0,0,0,0,0),(796,2812,1,4,1,NULL,NULL,NULL,0,'Dirac',1,2,90,NULL,1,0,0,0,0,0,0),(797,2812,1,4,1,NULL,NULL,NULL,0,'Dirac',1,2,90,NULL,1,0,0,0,0,0,0),(798,2812,1,4,1,NULL,NULL,NULL,0,'Dirac',0,2,90,NULL,1,0,0,0,0,0,0),(799,2812,1,4,1,NULL,NULL,NULL,0,'Dirac',1,2,90,NULL,1,0,0,0,0,0,0),(800,2812,1,4,1,NULL,NULL,NULL,0,'Dirac',1,2,90,NULL,1,0,0,0,0,0,0),(801,2812,1,4,1,NULL,NULL,NULL,0,'Dirac',0,2,90,NULL,1,0,0,0,0,0,0),(802,26875,1,4,1,NULL,NULL,NULL,0,'Demosis',0,1,225,NULL,1,0,0,0,0,0,0),(803,4475,1,4,1,NULL,NULL,NULL,0,'Thor',0,1,225,NULL,1,0,0,0,0,0,0),(804,4475,1,4,1,NULL,NULL,NULL,0,'Thor',1,1,225,NULL,1,0,0,0,0,0,0),(805,4475,1,4,1,NULL,NULL,NULL,0,'Thor',0,1,225,NULL,1,0,0,0,0,0,0),(806,2812,1,4,1,NULL,NULL,NULL,0,'Dirac',1,1,225,NULL,1,0,0,0,0,0,0),(807,2812,1,4,1,NULL,NULL,NULL,0,'Dirac',1,1,225,NULL,1,0,0,0,0,0,0),(808,2812,1,4,1,NULL,NULL,NULL,0,'Dirac',0,1,225,NULL,1,0,0,0,0,0,0),(809,2812,1,4,1,NULL,NULL,NULL,0,'Dirac',0,1,225,NULL,1,0,0,0,0,0,0),(810,2812,1,4,1,NULL,NULL,NULL,0,'Dirac',0,1,225,NULL,1,0,0,0,0,0,0),(811,2812,1,4,1,NULL,NULL,NULL,0,'Dirac',0,1,225,NULL,1,0,0,0,0,0,0),(812,2812,1,4,1,NULL,NULL,NULL,0,'Dirac',0,1,225,NULL,1,0,0,0,0,0,0),(813,2812,1,4,1,NULL,NULL,NULL,0,'Dirac',0,1,225,NULL,1,0,0,0,0,0,0),(814,2812,1,4,1,NULL,NULL,NULL,0,'Dirac',1,1,225,NULL,1,0,0,0,0,0,0),(815,2812,1,4,1,NULL,NULL,NULL,0,'Dirac',1,1,225,NULL,1,0,0,0,0,0,0),(816,2812,1,4,1,NULL,NULL,NULL,0,'Dirac',0,1,225,NULL,1,0,0,0,0,0,0),(817,2812,1,4,1,NULL,NULL,NULL,0,'Dirac',1,1,225,NULL,1,0,0,0,0,0,0),(818,2812,1,4,1,NULL,NULL,NULL,0,'Dirac',0,1,225,NULL,1,0,0,0,0,0,0),(819,2812,1,4,1,NULL,NULL,NULL,0,'Dirac',0,1,225,NULL,1,0,0,0,0,0,0),(820,26875,1,4,1,NULL,NULL,NULL,0,'Demosis',0,3,314,NULL,1,0,0,0,0,0,0),(821,26875,1,4,1,NULL,NULL,NULL,0,'Demosis',0,3,314,NULL,1,0,0,0,0,0,0),(822,4475,1,4,1,NULL,NULL,NULL,0,'Thor',1,3,314,NULL,1,0,0,0,0,0,0),(823,4475,1,4,1,NULL,NULL,NULL,0,'Thor',1,3,314,NULL,1,0,0,0,0,0,0),(824,4475,1,4,1,NULL,NULL,NULL,0,'Thor',0,3,314,NULL,1,0,0,0,0,0,0),(825,4475,1,4,1,NULL,NULL,NULL,0,'Thor',1,3,314,NULL,1,0,0,0,0,0,0),(826,4475,1,4,1,NULL,NULL,NULL,0,'Thor',1,3,314,NULL,1,0,0,0,0,0,0),(827,4475,1,4,1,NULL,NULL,NULL,0,'Thor',0,3,314,NULL,1,0,0,0,0,0,0),(828,4475,1,4,1,NULL,NULL,NULL,0,'Thor',1,3,314,NULL,1,0,0,0,0,0,0),(829,4475,1,4,1,NULL,NULL,NULL,0,'Thor',0,3,314,NULL,1,0,0,0,0,0,0),(830,4475,1,4,1,NULL,NULL,NULL,0,'Thor',1,3,314,NULL,1,0,0,0,0,0,0),(831,4475,1,4,1,NULL,NULL,NULL,0,'Thor',0,3,314,NULL,1,0,0,0,0,0,0),(832,4475,1,4,1,NULL,NULL,NULL,0,'Thor',1,3,314,NULL,1,0,0,0,0,0,0),(833,2812,1,4,1,NULL,NULL,NULL,0,'Dirac',1,3,314,NULL,1,0,0,0,0,0,0),(834,2812,1,4,1,NULL,NULL,NULL,0,'Dirac',1,3,314,NULL,1,0,0,0,0,0,0),(835,2812,1,4,1,NULL,NULL,NULL,0,'Dirac',0,3,314,NULL,1,0,0,0,0,0,0),(836,2812,1,4,1,NULL,NULL,NULL,0,'Dirac',1,3,314,NULL,1,0,0,0,0,0,0),(837,2812,1,4,1,NULL,NULL,NULL,0,'Dirac',1,3,314,NULL,1,0,0,0,0,0,0),(838,2812,1,4,1,NULL,NULL,NULL,0,'Dirac',1,3,314,NULL,1,0,0,0,0,0,0),(839,2812,1,4,1,NULL,NULL,NULL,0,'Dirac',1,3,314,NULL,1,0,0,0,0,0,0),(840,2812,1,4,1,NULL,NULL,NULL,0,'Dirac',1,3,314,NULL,1,0,0,0,0,0,0),(841,2812,1,4,1,NULL,NULL,NULL,0,'Dirac',1,3,314,NULL,1,0,0,0,0,0,0),(842,2812,1,4,1,NULL,NULL,NULL,0,'Dirac',1,3,314,NULL,1,0,0,0,0,0,0),(843,26875,1,4,1,NULL,NULL,NULL,0,'Demosis',0,1,315,NULL,1,0,0,0,0,0,0),(844,26875,1,4,1,NULL,NULL,NULL,0,'Demosis',0,1,315,NULL,1,0,0,0,0,0,0),(845,4475,1,4,1,NULL,NULL,NULL,0,'Thor',1,1,315,NULL,1,0,0,0,0,0,0),(846,4475,1,4,1,NULL,NULL,NULL,0,'Thor',0,1,315,NULL,1,0,0,0,0,0,0),(847,4475,1,4,1,NULL,NULL,NULL,0,'Thor',1,1,315,NULL,1,0,0,0,0,0,0),(848,4475,1,4,1,NULL,NULL,NULL,0,'Thor',1,1,315,NULL,1,0,0,0,0,0,0),(849,4475,1,4,1,NULL,NULL,NULL,0,'Thor',1,1,315,NULL,1,0,0,0,0,0,0),(850,4475,1,4,1,NULL,NULL,NULL,0,'Thor',1,1,315,NULL,1,0,0,0,0,0,0),(851,4475,1,4,1,NULL,NULL,NULL,0,'Thor',0,1,315,NULL,1,0,0,0,0,0,0),(852,4475,1,4,1,NULL,NULL,NULL,0,'Thor',0,1,315,NULL,1,0,0,0,0,0,0),(853,2812,1,4,1,NULL,NULL,NULL,0,'Dirac',0,1,315,NULL,1,0,0,0,0,0,0),(854,2812,1,4,1,NULL,NULL,NULL,0,'Dirac',0,1,315,NULL,1,0,0,0,0,0,0),(855,2812,1,4,1,NULL,NULL,NULL,0,'Dirac',0,1,315,NULL,1,0,0,0,0,0,0),(856,2812,1,4,1,NULL,NULL,NULL,0,'Dirac',1,1,315,NULL,1,0,0,0,0,0,0),(857,2812,1,4,1,NULL,NULL,NULL,0,'Dirac',1,1,315,NULL,1,0,0,0,0,0,0),(858,2812,1,4,1,NULL,NULL,NULL,0,'Dirac',0,1,315,NULL,1,0,0,0,0,0,0),(859,2812,1,4,1,NULL,NULL,NULL,0,'Dirac',0,1,315,NULL,1,0,0,0,0,0,0),(860,2812,1,4,1,NULL,NULL,NULL,0,'Dirac',1,1,315,NULL,1,0,0,0,0,0,0),(861,2812,1,4,1,NULL,NULL,NULL,0,'Dirac',1,1,315,NULL,1,0,0,0,0,0,0),(862,2812,1,4,1,NULL,NULL,NULL,0,'Dirac',0,1,315,NULL,1,0,0,0,0,0,0),(863,2812,1,4,1,NULL,NULL,NULL,0,'Dirac',1,1,315,NULL,1,0,0,0,0,0,0),(864,2812,1,4,1,NULL,NULL,NULL,0,'Dirac',1,1,315,NULL,1,0,0,0,0,0,0),(865,2812,1,4,1,NULL,NULL,NULL,0,'Dirac',1,1,315,NULL,1,0,0,0,0,0,0),(866,26875,1,4,1,NULL,NULL,NULL,0,'Demosis',0,2,240,NULL,1,0,0,0,0,0,0),(867,26875,1,4,1,NULL,NULL,NULL,0,'Demosis',0,2,240,NULL,1,0,0,0,0,0,0),(868,26875,1,4,1,NULL,NULL,NULL,0,'Demosis',0,2,240,NULL,1,0,0,0,0,0,0),(869,4475,1,4,1,NULL,NULL,NULL,0,'Thor',0,2,240,NULL,1,0,0,0,0,0,0),(870,4475,1,4,1,NULL,NULL,NULL,0,'Thor',1,2,240,NULL,1,0,0,0,0,0,0),(871,4475,1,4,1,NULL,NULL,NULL,0,'Thor',0,2,240,NULL,1,0,0,0,0,0,0),(872,4475,1,4,1,NULL,NULL,NULL,0,'Thor',0,2,240,NULL,1,0,0,0,0,0,0),(873,4475,1,4,1,NULL,NULL,NULL,0,'Thor',1,2,240,NULL,1,0,0,0,0,0,0),(874,4475,1,4,1,NULL,NULL,NULL,0,'Thor',1,2,240,NULL,1,0,0,0,0,0,0),(875,4475,1,4,1,NULL,NULL,NULL,0,'Thor',1,2,240,NULL,1,0,0,0,0,0,0),(876,4475,1,4,1,NULL,NULL,NULL,0,'Thor',1,2,240,NULL,1,0,0,0,0,0,0),(877,4475,1,4,1,NULL,NULL,NULL,0,'Thor',1,2,240,NULL,1,0,0,0,0,0,0),(878,4475,1,4,1,NULL,NULL,NULL,0,'Thor',1,2,240,NULL,1,0,0,0,0,0,0),(879,4475,1,4,1,NULL,NULL,NULL,0,'Thor',0,2,240,NULL,1,0,0,0,0,0,0),(880,2812,1,4,1,NULL,NULL,NULL,0,'Dirac',0,2,240,NULL,1,0,0,0,0,0,0),(881,2812,1,4,1,NULL,NULL,NULL,0,'Dirac',0,2,240,NULL,1,0,0,0,0,0,0),(882,2812,1,4,1,NULL,NULL,NULL,0,'Dirac',1,2,240,NULL,1,0,0,0,0,0,0),(883,2812,1,4,1,NULL,NULL,NULL,0,'Dirac',1,2,240,NULL,1,0,0,0,0,0,0),(884,2812,1,4,1,NULL,NULL,NULL,0,'Dirac',1,2,240,NULL,1,0,0,0,0,0,0),(885,2812,1,4,1,NULL,NULL,NULL,0,'Dirac',1,2,240,NULL,1,0,0,0,0,0,0),(886,2812,1,4,1,NULL,NULL,NULL,0,'Dirac',1,2,240,NULL,1,0,0,0,0,0,0),(887,2812,1,4,1,NULL,NULL,NULL,0,'Dirac',1,2,240,NULL,1,0,0,0,0,0,0),(888,2812,1,4,1,NULL,NULL,NULL,0,'Dirac',1,2,240,NULL,1,0,0,0,0,0,0),(889,2812,1,4,1,NULL,NULL,NULL,0,'Dirac',0,2,240,NULL,1,0,0,0,0,0,0),(890,2812,1,4,1,NULL,NULL,NULL,0,'Dirac',0,2,240,NULL,1,0,0,0,0,0,0),(891,2812,1,4,1,NULL,NULL,NULL,0,'Dirac',0,2,240,NULL,1,0,0,0,0,0,0),(892,2812,1,4,1,NULL,NULL,NULL,0,'Dirac',1,2,240,NULL,1,0,0,0,0,0,0),(893,2812,1,4,1,NULL,NULL,NULL,0,'Dirac',1,2,240,NULL,1,0,0,0,0,0,0),(894,2812,1,4,1,NULL,NULL,NULL,0,'Dirac',1,2,240,NULL,1,0,0,0,0,0,0),(895,26875,1,4,1,NULL,NULL,NULL,0,'Demosis',0,3,224,NULL,1,0,0,0,0,0,0),(896,26875,1,4,1,NULL,NULL,NULL,0,'Demosis',0,3,224,NULL,1,0,0,0,0,0,0),(897,4475,1,4,1,NULL,NULL,NULL,0,'Thor',1,3,224,NULL,1,0,0,0,0,0,0),(898,4475,1,4,1,NULL,NULL,NULL,0,'Thor',0,3,224,NULL,1,0,0,0,0,0,0),(899,4475,1,4,1,NULL,NULL,NULL,0,'Thor',0,3,224,NULL,1,0,0,0,0,0,0),(900,4475,1,4,1,NULL,NULL,NULL,0,'Thor',1,3,224,NULL,1,0,0,0,0,0,0),(901,4475,1,4,1,NULL,NULL,NULL,0,'Thor',1,3,224,NULL,1,0,0,0,0,0,0),(902,4475,1,4,1,NULL,NULL,NULL,0,'Thor',0,3,224,NULL,1,0,0,0,0,0,0),(903,4475,1,4,1,NULL,NULL,NULL,0,'Thor',0,3,224,NULL,1,0,0,0,0,0,0),(904,4475,1,4,1,NULL,NULL,NULL,0,'Thor',1,3,224,NULL,1,0,0,0,0,0,0),(905,4475,1,4,1,NULL,NULL,NULL,0,'Thor',0,3,224,NULL,1,0,0,0,0,0,0),(906,2812,1,4,1,NULL,NULL,NULL,0,'Dirac',0,3,224,NULL,1,0,0,0,0,0,0),(907,2812,1,4,1,NULL,NULL,NULL,0,'Dirac',1,3,224,NULL,1,0,0,0,0,0,0),(908,2812,1,4,1,NULL,NULL,NULL,0,'Dirac',1,3,224,NULL,1,0,0,0,0,0,0),(909,2812,1,4,1,NULL,NULL,NULL,0,'Dirac',1,3,224,NULL,1,0,0,0,0,0,0),(910,2812,1,4,1,NULL,NULL,NULL,0,'Dirac',0,3,224,NULL,1,0,0,0,0,0,0),(911,2812,1,4,1,NULL,NULL,NULL,0,'Dirac',1,3,224,NULL,1,0,0,0,0,0,0),(912,2812,1,4,1,NULL,NULL,NULL,0,'Dirac',0,3,224,NULL,1,0,0,0,0,0,0),(913,2812,1,4,1,NULL,NULL,NULL,0,'Dirac',0,3,224,NULL,1,0,0,0,0,0,0),(914,2812,1,4,1,NULL,NULL,NULL,0,'Dirac',0,3,224,NULL,1,0,0,0,0,0,0),(915,2812,1,4,1,NULL,NULL,NULL,0,'Dirac',0,3,224,NULL,1,0,0,0,0,0,0),(916,2812,1,4,1,NULL,NULL,NULL,0,'Dirac',0,3,224,NULL,1,0,0,0,0,0,0),(917,26875,1,4,1,NULL,NULL,NULL,0,'Demosis',0,2,150,NULL,1,0,0,0,0,0,0),(918,26875,1,4,1,NULL,NULL,NULL,0,'Demosis',0,2,150,NULL,1,0,0,0,0,0,0),(919,4475,1,4,1,NULL,NULL,NULL,0,'Thor',0,2,150,NULL,1,0,0,0,0,0,0),(920,4475,1,4,1,NULL,NULL,NULL,0,'Thor',0,2,150,NULL,1,0,0,0,0,0,0),(921,4475,1,4,1,NULL,NULL,NULL,0,'Thor',0,2,150,NULL,1,0,0,0,0,0,0),(922,4475,1,4,1,NULL,NULL,NULL,0,'Thor',0,2,150,NULL,1,0,0,0,0,0,0),(923,4475,1,4,1,NULL,NULL,NULL,0,'Thor',1,2,150,NULL,1,0,0,0,0,0,0),(924,4475,1,4,1,NULL,NULL,NULL,0,'Thor',0,2,150,NULL,1,0,0,0,0,0,0),(925,2812,1,4,1,NULL,NULL,NULL,0,'Dirac',0,2,150,NULL,1,0,0,0,0,0,0),(926,2812,1,4,1,NULL,NULL,NULL,0,'Dirac',1,2,150,NULL,1,0,0,0,0,0,0),(927,2812,1,4,1,NULL,NULL,NULL,0,'Dirac',1,2,150,NULL,1,0,0,0,0,0,0),(928,2812,1,4,1,NULL,NULL,NULL,0,'Dirac',1,2,150,NULL,1,0,0,0,0,0,0),(929,2812,1,4,1,NULL,NULL,NULL,0,'Dirac',1,2,150,NULL,1,0,0,0,0,0,0),(930,2812,1,4,1,NULL,NULL,NULL,0,'Dirac',1,2,150,NULL,1,0,0,0,0,0,0),(931,2812,1,4,1,NULL,NULL,NULL,0,'Dirac',0,2,150,NULL,1,0,0,0,0,0,0),(932,2812,1,4,1,NULL,NULL,NULL,0,'Dirac',1,2,150,NULL,1,0,0,0,0,0,0),(933,2812,1,4,1,NULL,NULL,NULL,0,'Dirac',1,2,150,NULL,1,0,0,0,0,0,0),(934,2812,1,4,1,NULL,NULL,NULL,0,'Dirac',0,2,150,NULL,1,0,0,0,0,0,0),(935,2812,1,4,1,NULL,NULL,NULL,0,'Dirac',0,2,150,NULL,1,0,0,0,0,0,0),(936,2812,1,4,1,NULL,NULL,NULL,0,'Dirac',1,2,150,NULL,1,0,0,0,0,0,0),(937,2812,1,4,1,NULL,NULL,NULL,0,'Dirac',1,2,150,NULL,1,0,0,0,0,0,0),(938,26875,1,4,1,NULL,NULL,NULL,0,'Demosis',0,2,180,NULL,1,0,0,0,0,0,0),(939,26875,1,4,1,NULL,NULL,NULL,0,'Demosis',0,2,180,NULL,1,0,0,0,0,0,0),(940,26875,1,4,1,NULL,NULL,NULL,0,'Demosis',0,2,180,NULL,1,0,0,0,0,0,0),(941,4475,1,4,1,NULL,NULL,NULL,0,'Thor',1,2,180,NULL,1,0,0,0,0,0,0),(942,4475,1,4,1,NULL,NULL,NULL,0,'Thor',0,2,180,NULL,1,0,0,0,0,0,0),(943,4475,1,4,1,NULL,NULL,NULL,0,'Thor',1,2,180,NULL,1,0,0,0,0,0,0),(944,4475,1,4,1,NULL,NULL,NULL,0,'Thor',0,2,180,NULL,1,0,0,0,0,0,0),(945,4475,1,4,1,NULL,NULL,NULL,0,'Thor',1,2,180,NULL,1,0,0,0,0,0,0),(946,4475,1,4,1,NULL,NULL,NULL,0,'Thor',0,2,180,NULL,1,0,0,0,0,0,0),(947,4475,1,4,1,NULL,NULL,NULL,0,'Thor',0,2,180,NULL,1,0,0,0,0,0,0),(948,2812,1,4,1,NULL,NULL,NULL,0,'Dirac',0,2,180,NULL,1,0,0,0,0,0,0),(949,2812,1,4,1,NULL,NULL,NULL,0,'Dirac',1,2,180,NULL,1,0,0,0,0,0,0),(950,2812,1,4,1,NULL,NULL,NULL,0,'Dirac',1,2,180,NULL,1,0,0,0,0,0,0),(951,2812,1,4,1,NULL,NULL,NULL,0,'Dirac',1,2,180,NULL,1,0,0,0,0,0,0),(952,2812,1,4,1,NULL,NULL,NULL,0,'Dirac',0,2,180,NULL,1,0,0,0,0,0,0),(953,2812,1,4,1,NULL,NULL,NULL,0,'Dirac',0,2,180,NULL,1,0,0,0,0,0,0),(954,2812,1,4,1,NULL,NULL,NULL,0,'Dirac',0,2,180,NULL,1,0,0,0,0,0,0),(955,2812,1,4,1,NULL,NULL,NULL,0,'Dirac',0,2,180,NULL,1,0,0,0,0,0,0),(956,2812,1,4,1,NULL,NULL,NULL,0,'Dirac',0,2,180,NULL,1,0,0,0,0,0,0),(957,2812,1,4,1,NULL,NULL,NULL,0,'Dirac',1,2,180,NULL,1,0,0,0,0,0,0),(958,2812,1,4,1,NULL,NULL,NULL,0,'Dirac',1,2,180,NULL,1,0,0,0,0,0,0),(959,2812,1,4,1,NULL,NULL,NULL,0,'Dirac',1,2,180,NULL,1,0,0,0,0,0,0),(960,2812,1,4,1,NULL,NULL,NULL,0,'Dirac',1,2,180,NULL,1,0,0,0,0,0,0),(961,2812,1,4,1,NULL,NULL,NULL,0,'Dirac',0,2,180,NULL,1,0,0,0,0,0,0),(962,90,1,69,4,NULL,NULL,NULL,0,'Glancer',1,NULL,NULL,NULL,1,0,0,0,0,0,0),(963,90,1,69,4,NULL,NULL,NULL,0,'Glancer',1,NULL,NULL,NULL,1,0,0,0,0,0,0),(964,125,1,69,4,NULL,NULL,NULL,0,'Gnat',0,NULL,NULL,NULL,1,0,0,0,0,0,0),(965,125,1,69,4,NULL,NULL,NULL,0,'Gnat',0,NULL,NULL,NULL,1,0,0,0,0,0,0),(966,125,1,69,4,NULL,NULL,NULL,0,'Gnat',0,NULL,NULL,NULL,1,0,0,0,0,0,0),(967,125,1,69,4,NULL,NULL,NULL,0,'Gnat',0,NULL,NULL,NULL,1,0,0,0,0,0,0),(968,125,1,69,4,NULL,NULL,NULL,0,'Gnat',1,NULL,NULL,NULL,1,0,0,0,0,0,0),(969,125,1,69,4,NULL,NULL,NULL,0,'Gnat',1,NULL,NULL,NULL,1,0,0,0,0,0,0),(970,125,1,69,4,NULL,NULL,NULL,0,'Gnat',0,NULL,NULL,NULL,1,0,0,0,0,0,0),(971,125,1,69,4,NULL,NULL,NULL,0,'Gnat',0,NULL,NULL,NULL,1,0,0,0,0,0,0),(972,125,1,69,4,NULL,NULL,NULL,0,'Gnat',0,NULL,NULL,NULL,1,0,0,0,0,0,0),(973,90,1,70,4,NULL,NULL,NULL,0,'Glancer',1,NULL,NULL,NULL,1,0,0,0,0,0,0),(974,90,1,70,4,NULL,NULL,NULL,0,'Glancer',1,NULL,NULL,NULL,1,0,0,0,0,0,0),(975,90,1,70,4,NULL,NULL,NULL,0,'Glancer',1,NULL,NULL,NULL,1,0,0,0,0,0,0),(976,125,1,70,4,NULL,NULL,NULL,0,'Gnat',0,NULL,NULL,NULL,1,0,0,0,0,0,0),(977,125,1,70,4,NULL,NULL,NULL,0,'Gnat',0,NULL,NULL,NULL,1,0,0,0,0,0,0),(978,125,1,70,4,NULL,NULL,NULL,0,'Gnat',0,NULL,NULL,NULL,1,0,0,0,0,0,0),(979,125,1,70,4,NULL,NULL,NULL,0,'Gnat',0,NULL,NULL,NULL,1,0,0,0,0,0,0),(980,125,1,70,4,NULL,NULL,NULL,0,'Gnat',1,NULL,NULL,NULL,1,0,0,0,0,0,0),(981,125,1,70,4,NULL,NULL,NULL,0,'Gnat',1,NULL,NULL,NULL,1,0,0,0,0,0,0),(982,125,1,70,4,NULL,NULL,NULL,0,'Gnat',0,NULL,NULL,NULL,1,0,0,0,0,0,0),(983,125,1,70,4,NULL,NULL,NULL,0,'Gnat',1,NULL,NULL,NULL,1,0,0,0,0,0,0),(984,125,1,70,4,NULL,NULL,NULL,0,'Gnat',1,NULL,NULL,NULL,1,0,0,0,0,0,0),(985,90,1,71,4,NULL,NULL,NULL,0,'Glancer',1,NULL,NULL,NULL,1,0,0,0,0,0,0),(986,90,1,71,4,NULL,NULL,NULL,0,'Glancer',1,NULL,NULL,NULL,1,0,0,0,0,0,0),(987,125,1,71,4,NULL,NULL,NULL,0,'Gnat',0,NULL,NULL,NULL,1,0,0,0,0,0,0),(988,125,1,71,4,NULL,NULL,NULL,0,'Gnat',0,NULL,NULL,NULL,1,0,0,0,0,0,0),(989,125,1,71,4,NULL,NULL,NULL,0,'Gnat',0,NULL,NULL,NULL,1,0,0,0,0,0,0),(990,125,1,71,4,NULL,NULL,NULL,0,'Gnat',0,NULL,NULL,NULL,1,0,0,0,0,0,0),(991,125,1,71,4,NULL,NULL,NULL,0,'Gnat',1,NULL,NULL,NULL,1,0,0,0,0,0,0),(992,125,1,71,4,NULL,NULL,NULL,0,'Gnat',1,NULL,NULL,NULL,1,0,0,0,0,0,0),(993,125,1,71,4,NULL,NULL,NULL,0,'Gnat',0,NULL,NULL,NULL,1,0,0,0,0,0,0),(994,125,1,71,4,NULL,NULL,NULL,0,'Gnat',1,NULL,NULL,NULL,1,0,0,0,0,0,0),(995,900,1,72,4,NULL,NULL,NULL,0,'Gnawer',0,NULL,NULL,NULL,1,0,0,0,0,0,0),(996,900,1,72,4,NULL,NULL,NULL,0,'Gnawer',0,NULL,NULL,NULL,1,0,0,0,0,0,0),(997,500,1,72,4,NULL,NULL,NULL,0,'Spudder',0,NULL,NULL,NULL,1,0,0,0,0,0,0),(998,500,1,72,4,NULL,NULL,NULL,0,'Spudder',0,NULL,NULL,NULL,1,0,0,0,0,0,0),(999,500,1,72,4,NULL,NULL,NULL,0,'Spudder',0,NULL,NULL,NULL,1,0,0,0,0,0,0),(1000,500,1,72,4,NULL,NULL,NULL,0,'Spudder',0,NULL,NULL,NULL,1,0,0,0,0,0,0),(1001,500,1,72,4,NULL,NULL,NULL,0,'Spudder',0,NULL,NULL,NULL,1,0,0,0,0,0,0),(1002,90,1,72,4,NULL,NULL,NULL,0,'Glancer',1,NULL,NULL,NULL,1,0,0,0,0,0,0),(1003,90,1,72,4,NULL,NULL,NULL,0,'Glancer',1,NULL,NULL,NULL,1,0,0,0,0,0,0),(1004,125,1,72,4,NULL,NULL,NULL,0,'Gnat',0,NULL,NULL,NULL,1,0,0,0,0,0,0),(1005,90,1,72,4,NULL,NULL,NULL,0,'Glancer',1,NULL,NULL,NULL,1,0,0,0,0,0,0),(1006,90,1,72,4,NULL,NULL,NULL,0,'Glancer',1,NULL,NULL,NULL,1,0,0,0,0,0,0),(1007,90,1,72,4,NULL,NULL,NULL,0,'Glancer',1,NULL,NULL,NULL,1,0,0,0,0,0,0),(1008,90,1,72,4,NULL,NULL,NULL,0,'Glancer',1,NULL,NULL,NULL,1,0,0,0,0,0,0),(1009,90,1,72,4,NULL,NULL,NULL,0,'Glancer',1,NULL,NULL,NULL,1,0,0,0,0,0,0),(1010,90,1,72,4,NULL,NULL,NULL,0,'Glancer',1,NULL,NULL,NULL,1,0,0,0,0,0,0),(1011,125,1,72,4,NULL,NULL,NULL,0,'Gnat',0,NULL,NULL,NULL,1,0,0,0,0,0,0),(1012,125,1,72,4,NULL,NULL,NULL,0,'Gnat',0,NULL,NULL,NULL,1,0,0,0,0,0,0),(1013,125,1,72,4,NULL,NULL,NULL,0,'Gnat',0,NULL,NULL,NULL,1,0,0,0,0,0,0),(1014,125,1,72,4,NULL,NULL,NULL,0,'Gnat',0,NULL,NULL,NULL,1,0,0,0,0,0,0),(1015,125,1,72,4,NULL,NULL,NULL,0,'Gnat',1,NULL,NULL,NULL,1,0,0,0,0,0,0),(1016,125,1,72,4,NULL,NULL,NULL,0,'Gnat',1,NULL,NULL,NULL,1,0,0,0,0,0,0),(1017,125,1,72,4,NULL,NULL,NULL,0,'Gnat',1,NULL,NULL,NULL,1,0,0,0,0,0,0),(1018,125,1,72,4,NULL,NULL,NULL,0,'Gnat',1,NULL,NULL,NULL,1,0,0,0,0,0,0),(1019,900,1,73,4,NULL,NULL,NULL,0,'Gnawer',0,NULL,NULL,NULL,1,0,0,0,0,0,0),(1020,900,1,73,4,NULL,NULL,NULL,0,'Gnawer',0,NULL,NULL,NULL,1,0,0,0,0,0,0),(1021,500,1,73,4,NULL,NULL,NULL,0,'Spudder',0,NULL,NULL,NULL,1,0,0,0,0,0,0),(1022,500,1,73,4,NULL,NULL,NULL,0,'Spudder',0,NULL,NULL,NULL,1,0,0,0,0,0,0),(1023,500,1,73,4,NULL,NULL,NULL,0,'Spudder',0,NULL,NULL,NULL,1,0,0,0,0,0,0),(1024,500,1,73,4,NULL,NULL,NULL,0,'Spudder',0,NULL,NULL,NULL,1,0,0,0,0,0,0),(1025,90,1,73,4,NULL,NULL,NULL,0,'Glancer',1,NULL,NULL,NULL,1,0,0,0,0,0,0),(1026,90,1,73,4,NULL,NULL,NULL,0,'Glancer',1,NULL,NULL,NULL,1,0,0,0,0,0,0),(1027,125,1,73,4,NULL,NULL,NULL,0,'Gnat',0,NULL,NULL,NULL,1,0,0,0,0,0,0),(1028,125,1,73,4,NULL,NULL,NULL,0,'Gnat',0,NULL,NULL,NULL,1,0,0,0,0,0,0),(1029,90,1,73,4,NULL,NULL,NULL,0,'Glancer',1,NULL,NULL,NULL,1,0,0,0,0,0,0),(1030,90,1,73,4,NULL,NULL,NULL,0,'Glancer',1,NULL,NULL,NULL,1,0,0,0,0,0,0),(1031,90,1,73,4,NULL,NULL,NULL,0,'Glancer',1,NULL,NULL,NULL,1,0,0,0,0,0,0),(1032,90,1,73,4,NULL,NULL,NULL,0,'Glancer',1,NULL,NULL,NULL,1,0,0,0,0,0,0),(1033,90,1,73,4,NULL,NULL,NULL,0,'Glancer',1,NULL,NULL,NULL,1,0,0,0,0,0,0),(1034,90,1,73,4,NULL,NULL,NULL,0,'Glancer',1,NULL,NULL,NULL,1,0,0,0,0,0,0),(1035,125,1,73,4,NULL,NULL,NULL,0,'Gnat',0,NULL,NULL,NULL,1,0,0,0,0,0,0),(1036,125,1,73,4,NULL,NULL,NULL,0,'Gnat',0,NULL,NULL,NULL,1,0,0,0,0,0,0),(1037,125,1,73,4,NULL,NULL,NULL,0,'Gnat',0,NULL,NULL,NULL,1,0,0,0,0,0,0),(1038,125,1,73,4,NULL,NULL,NULL,0,'Gnat',0,NULL,NULL,NULL,1,0,0,0,0,0,0),(1039,125,1,73,4,NULL,NULL,NULL,0,'Gnat',1,NULL,NULL,NULL,1,0,0,0,0,0,0),(1040,125,1,73,4,NULL,NULL,NULL,0,'Gnat',1,NULL,NULL,NULL,1,0,0,0,0,0,0),(1041,500,1,74,4,NULL,NULL,NULL,0,'Spudder',0,NULL,NULL,NULL,1,0,0,0,0,0,0),(1042,90,1,74,4,NULL,NULL,NULL,0,'Glancer',1,NULL,NULL,NULL,1,0,0,0,0,0,0),(1043,125,1,74,4,NULL,NULL,NULL,0,'Gnat',0,NULL,NULL,NULL,1,0,0,0,0,0,0),(1044,125,1,74,4,NULL,NULL,NULL,0,'Gnat',1,NULL,NULL,NULL,1,0,0,0,0,0,0),(1045,125,1,74,4,NULL,NULL,NULL,0,'Gnat',0,NULL,NULL,NULL,1,0,0,0,0,0,0),(1046,90,1,74,4,NULL,NULL,NULL,0,'Glancer',1,NULL,NULL,NULL,1,0,0,0,0,0,0),(1047,90,1,74,4,NULL,NULL,NULL,0,'Glancer',1,NULL,NULL,NULL,1,0,0,0,0,0,0),(1048,90,1,74,4,NULL,NULL,NULL,0,'Glancer',1,NULL,NULL,NULL,1,0,0,0,0,0,0),(1049,90,1,74,4,NULL,NULL,NULL,0,'Glancer',1,NULL,NULL,NULL,1,0,0,0,0,0,0),(1050,90,1,74,4,NULL,NULL,NULL,0,'Glancer',1,NULL,NULL,NULL,1,0,0,0,0,0,0),(1051,125,1,74,4,NULL,NULL,NULL,0,'Gnat',0,NULL,NULL,NULL,1,0,0,0,0,0,0),(1052,125,1,74,4,NULL,NULL,NULL,0,'Gnat',0,NULL,NULL,NULL,1,0,0,0,0,0,0),(1053,125,1,74,4,NULL,NULL,NULL,0,'Gnat',0,NULL,NULL,NULL,1,0,0,0,0,0,0),(1054,125,1,74,4,NULL,NULL,NULL,0,'Gnat',0,NULL,NULL,NULL,1,0,0,0,0,0,0),(1055,125,1,74,4,NULL,NULL,NULL,0,'Gnat',1,NULL,NULL,NULL,1,0,0,0,0,0,0),(1056,125,1,74,4,NULL,NULL,NULL,0,'Gnat',1,NULL,NULL,NULL,1,0,0,0,0,0,0),(1057,125,1,74,4,NULL,NULL,NULL,0,'Gnat',1,NULL,NULL,NULL,1,0,0,0,0,0,0),(1058,500,1,75,4,NULL,NULL,NULL,0,'Spudder',1,NULL,NULL,NULL,1,0,0,0,0,0,0),(1059,500,1,75,4,NULL,NULL,NULL,0,'Spudder',0,NULL,NULL,NULL,1,0,0,0,0,0,0),(1060,90,1,75,4,NULL,NULL,NULL,0,'Glancer',1,NULL,NULL,NULL,1,0,0,0,0,0,0),(1061,90,1,75,4,NULL,NULL,NULL,0,'Glancer',1,NULL,NULL,NULL,1,0,0,0,0,0,0),(1062,125,1,75,4,NULL,NULL,NULL,0,'Gnat',0,NULL,NULL,NULL,1,0,0,0,0,0,0),(1063,125,1,75,4,NULL,NULL,NULL,0,'Gnat',1,NULL,NULL,NULL,1,0,0,0,0,0,0),(1064,125,1,75,4,NULL,NULL,NULL,0,'Gnat',0,NULL,NULL,NULL,1,0,0,0,0,0,0),(1065,125,1,75,4,NULL,NULL,NULL,0,'Gnat',0,NULL,NULL,NULL,1,0,0,0,0,0,0),(1066,90,1,75,4,NULL,NULL,NULL,0,'Glancer',1,NULL,NULL,NULL,1,0,0,0,0,0,0),(1067,90,1,75,4,NULL,NULL,NULL,0,'Glancer',1,NULL,NULL,NULL,1,0,0,0,0,0,0),(1068,90,1,75,4,NULL,NULL,NULL,0,'Glancer',1,NULL,NULL,NULL,1,0,0,0,0,0,0),(1069,90,1,75,4,NULL,NULL,NULL,0,'Glancer',1,NULL,NULL,NULL,1,0,0,0,0,0,0),(1070,90,1,75,4,NULL,NULL,NULL,0,'Glancer',1,NULL,NULL,NULL,1,0,0,0,0,0,0),(1071,125,1,75,4,NULL,NULL,NULL,0,'Gnat',0,NULL,NULL,NULL,1,0,0,0,0,0,0),(1072,125,1,75,4,NULL,NULL,NULL,0,'Gnat',0,NULL,NULL,NULL,1,0,0,0,0,0,0),(1073,125,1,75,4,NULL,NULL,NULL,0,'Gnat',0,NULL,NULL,NULL,1,0,0,0,0,0,0),(1074,125,1,75,4,NULL,NULL,NULL,0,'Gnat',0,NULL,NULL,NULL,1,0,0,0,0,0,0),(1075,125,1,75,4,NULL,NULL,NULL,0,'Gnat',1,NULL,NULL,NULL,1,0,0,0,0,0,0),(1076,125,1,75,4,NULL,NULL,NULL,0,'Gnat',1,NULL,NULL,NULL,1,0,0,0,0,0,0),(1077,125,1,75,4,NULL,NULL,NULL,0,'Gnat',0,NULL,NULL,NULL,1,0,0,0,0,0,0),(1078,125,1,75,4,NULL,NULL,NULL,0,'Gnat',0,NULL,NULL,NULL,1,0,0,0,0,0,0),(1079,125,1,75,4,NULL,NULL,NULL,0,'Gnat',1,NULL,NULL,NULL,1,0,0,0,0,0,0),(1080,125,1,75,4,NULL,NULL,NULL,0,'Gnat',0,NULL,NULL,NULL,1,0,0,0,0,0,0),(1081,500,1,76,4,NULL,NULL,NULL,0,'Spudder',0,NULL,NULL,NULL,1,0,0,0,0,0,0),(1082,500,1,76,4,NULL,NULL,NULL,0,'Spudder',0,NULL,NULL,NULL,1,0,0,0,0,0,0),(1083,90,1,76,4,NULL,NULL,NULL,0,'Glancer',1,NULL,NULL,NULL,1,0,0,0,0,0,0),(1084,90,1,76,4,NULL,NULL,NULL,0,'Glancer',1,NULL,NULL,NULL,1,0,0,0,0,0,0),(1085,125,1,76,4,NULL,NULL,NULL,0,'Gnat',1,NULL,NULL,NULL,1,0,0,0,0,0,0),(1086,125,1,76,4,NULL,NULL,NULL,0,'Gnat',0,NULL,NULL,NULL,1,0,0,0,0,0,0),(1087,90,1,76,4,NULL,NULL,NULL,0,'Glancer',1,NULL,NULL,NULL,1,0,0,0,0,0,0),(1088,90,1,76,4,NULL,NULL,NULL,0,'Glancer',1,NULL,NULL,NULL,1,0,0,0,0,0,0),(1089,90,1,76,4,NULL,NULL,NULL,0,'Glancer',1,NULL,NULL,NULL,1,0,0,0,0,0,0),(1090,90,1,76,4,NULL,NULL,NULL,0,'Glancer',1,NULL,NULL,NULL,1,0,0,0,0,0,0),(1091,125,1,76,4,NULL,NULL,NULL,0,'Gnat',0,NULL,NULL,NULL,1,0,0,0,0,0,0),(1092,125,1,76,4,NULL,NULL,NULL,0,'Gnat',0,NULL,NULL,NULL,1,0,0,0,0,0,0),(1093,125,1,76,4,NULL,NULL,NULL,0,'Gnat',0,NULL,NULL,NULL,1,0,0,0,0,0,0),(1094,125,1,76,4,NULL,NULL,NULL,0,'Gnat',0,NULL,NULL,NULL,1,0,0,0,0,0,0),(1095,125,1,76,4,NULL,NULL,NULL,0,'Gnat',1,NULL,NULL,NULL,1,0,0,0,0,0,0),(1096,125,1,76,4,NULL,NULL,NULL,0,'Gnat',1,NULL,NULL,NULL,1,0,0,0,0,0,0),(1097,125,1,76,4,NULL,NULL,NULL,0,'Gnat',0,NULL,NULL,NULL,1,0,0,0,0,0,0),(1098,125,1,76,4,NULL,NULL,NULL,0,'Gnat',0,NULL,NULL,NULL,1,0,0,0,0,0,0),(1099,125,1,76,4,NULL,NULL,NULL,0,'Gnat',1,NULL,NULL,NULL,1,0,0,0,0,0,0),(1100,500,1,77,4,NULL,NULL,NULL,0,'Spudder',0,NULL,NULL,NULL,1,0,0,0,0,0,0),(1101,500,1,77,4,NULL,NULL,NULL,0,'Spudder',1,NULL,NULL,NULL,1,0,0,0,0,0,0),(1102,500,1,77,4,NULL,NULL,NULL,0,'Spudder',0,NULL,NULL,NULL,1,0,0,0,0,0,0),(1103,90,1,77,4,NULL,NULL,NULL,0,'Glancer',1,NULL,NULL,NULL,1,0,0,0,0,0,0),(1104,90,1,77,4,NULL,NULL,NULL,0,'Glancer',1,NULL,NULL,NULL,1,0,0,0,0,0,0),(1105,125,1,77,4,NULL,NULL,NULL,0,'Gnat',0,NULL,NULL,NULL,1,0,0,0,0,0,0),(1106,125,1,77,4,NULL,NULL,NULL,0,'Gnat',0,NULL,NULL,NULL,1,0,0,0,0,0,0),(1107,125,1,77,4,NULL,NULL,NULL,0,'Gnat',0,NULL,NULL,NULL,1,0,0,0,0,0,0),(1108,90,1,77,4,NULL,NULL,NULL,0,'Glancer',1,NULL,NULL,NULL,1,0,0,0,0,0,0),(1109,90,1,77,4,NULL,NULL,NULL,0,'Glancer',1,NULL,NULL,NULL,1,0,0,0,0,0,0),(1110,90,1,77,4,NULL,NULL,NULL,0,'Glancer',1,NULL,NULL,NULL,1,0,0,0,0,0,0),(1111,90,1,77,4,NULL,NULL,NULL,0,'Glancer',1,NULL,NULL,NULL,1,0,0,0,0,0,0),(1112,90,1,77,4,NULL,NULL,NULL,0,'Glancer',1,NULL,NULL,NULL,1,0,0,0,0,0,0),(1113,125,1,77,4,NULL,NULL,NULL,0,'Gnat',0,NULL,NULL,NULL,1,0,0,0,0,0,0),(1114,125,1,77,4,NULL,NULL,NULL,0,'Gnat',0,NULL,NULL,NULL,1,0,0,0,0,0,0),(1115,125,1,77,4,NULL,NULL,NULL,0,'Gnat',0,NULL,NULL,NULL,1,0,0,0,0,0,0),(1116,125,1,77,4,NULL,NULL,NULL,0,'Gnat',0,NULL,NULL,NULL,1,0,0,0,0,0,0),(1117,125,1,77,4,NULL,NULL,NULL,0,'Gnat',1,NULL,NULL,NULL,1,0,0,0,0,0,0),(1118,125,1,77,4,NULL,NULL,NULL,0,'Gnat',1,NULL,NULL,NULL,1,0,0,0,0,0,0),(1119,125,1,77,4,NULL,NULL,NULL,0,'Gnat',1,NULL,NULL,NULL,1,0,0,0,0,0,0),(1120,125,1,77,4,NULL,NULL,NULL,0,'Gnat',1,NULL,NULL,NULL,1,0,0,0,0,0,0),(1121,900,1,78,4,NULL,NULL,NULL,0,'Gnawer',0,NULL,NULL,NULL,1,0,0,0,0,0,0),(1122,900,1,78,4,NULL,NULL,NULL,0,'Gnawer',0,NULL,NULL,NULL,1,0,0,0,0,0,0),(1123,900,1,78,4,NULL,NULL,NULL,0,'Gnawer',0,NULL,NULL,NULL,1,0,0,0,0,0,0),(1124,500,1,78,4,NULL,NULL,NULL,0,'Spudder',0,NULL,NULL,NULL,1,0,0,0,0,0,0),(1125,500,1,78,4,NULL,NULL,NULL,0,'Spudder',0,NULL,NULL,NULL,1,0,0,0,0,0,0),(1126,500,1,78,4,NULL,NULL,NULL,0,'Spudder',1,NULL,NULL,NULL,1,0,0,0,0,0,0),(1127,500,1,78,4,NULL,NULL,NULL,0,'Spudder',0,NULL,NULL,NULL,1,0,0,0,0,0,0),(1128,500,1,78,4,NULL,NULL,NULL,0,'Spudder',0,NULL,NULL,NULL,1,0,0,0,0,0,0),(1129,90,1,78,4,NULL,NULL,NULL,0,'Glancer',1,NULL,NULL,NULL,1,0,0,0,0,0,0),(1130,90,1,78,4,NULL,NULL,NULL,0,'Glancer',1,NULL,NULL,NULL,1,0,0,0,0,0,0),(1131,125,1,78,4,NULL,NULL,NULL,0,'Gnat',0,NULL,NULL,NULL,1,0,0,0,0,0,0),(1132,125,1,78,4,NULL,NULL,NULL,0,'Gnat',0,NULL,NULL,NULL,1,0,0,0,0,0,0),(1133,90,1,78,4,NULL,NULL,NULL,0,'Glancer',1,NULL,NULL,NULL,1,0,0,0,0,0,0),(1134,90,1,78,4,NULL,NULL,NULL,0,'Glancer',1,NULL,NULL,NULL,1,0,0,0,0,0,0),(1135,90,1,78,4,NULL,NULL,NULL,0,'Glancer',1,NULL,NULL,NULL,1,0,0,0,0,0,0),(1136,90,1,78,4,NULL,NULL,NULL,0,'Glancer',1,NULL,NULL,NULL,1,0,0,0,0,0,0),(1137,90,1,78,4,NULL,NULL,NULL,0,'Glancer',1,NULL,NULL,NULL,1,0,0,0,0,0,0),(1138,125,1,78,4,NULL,NULL,NULL,0,'Gnat',0,NULL,NULL,NULL,1,0,0,0,0,0,0),(1139,125,1,78,4,NULL,NULL,NULL,0,'Gnat',0,NULL,NULL,NULL,1,0,0,0,0,0,0),(1140,125,1,78,4,NULL,NULL,NULL,0,'Gnat',0,NULL,NULL,NULL,1,0,0,0,0,0,0),(1141,125,1,78,4,NULL,NULL,NULL,0,'Gnat',0,NULL,NULL,NULL,1,0,0,0,0,0,0),(1142,125,1,78,4,NULL,NULL,NULL,0,'Gnat',1,NULL,NULL,NULL,1,0,0,0,0,0,0),(1143,125,1,78,4,NULL,NULL,NULL,0,'Gnat',1,NULL,NULL,NULL,1,0,0,0,0,0,0),(1144,125,1,78,4,NULL,NULL,NULL,0,'Gnat',0,NULL,NULL,NULL,1,0,0,0,0,0,0),(1145,125,1,78,4,NULL,NULL,NULL,0,'Gnat',0,NULL,NULL,NULL,1,0,0,0,0,0,0),(1146,900,1,79,4,NULL,NULL,NULL,0,'Gnawer',0,NULL,NULL,NULL,1,0,0,0,0,0,0),(1147,900,1,79,4,NULL,NULL,NULL,0,'Gnawer',0,NULL,NULL,NULL,1,0,0,0,0,0,0),(1148,900,1,79,4,NULL,NULL,NULL,0,'Gnawer',0,NULL,NULL,NULL,1,0,0,0,0,0,0),(1149,900,1,79,4,NULL,NULL,NULL,0,'Gnawer',0,NULL,NULL,NULL,1,0,0,0,0,0,0),(1150,500,1,79,4,NULL,NULL,NULL,0,'Spudder',0,NULL,NULL,NULL,1,0,0,0,0,0,0),(1151,500,1,79,4,NULL,NULL,NULL,0,'Spudder',0,NULL,NULL,NULL,1,0,0,0,0,0,0),(1152,500,1,79,4,NULL,NULL,NULL,0,'Spudder',0,NULL,NULL,NULL,1,0,0,0,0,0,0),(1153,500,1,79,4,NULL,NULL,NULL,0,'Spudder',0,NULL,NULL,NULL,1,0,0,0,0,0,0),(1154,90,1,79,4,NULL,NULL,NULL,0,'Glancer',1,NULL,NULL,NULL,1,0,0,0,0,0,0),(1155,90,1,79,4,NULL,NULL,NULL,0,'Glancer',1,NULL,NULL,NULL,1,0,0,0,0,0,0),(1156,125,1,79,4,NULL,NULL,NULL,0,'Gnat',0,NULL,NULL,NULL,1,0,0,0,0,0,0),(1157,125,1,79,4,NULL,NULL,NULL,0,'Gnat',1,NULL,NULL,NULL,1,0,0,0,0,0,0),(1158,125,1,79,4,NULL,NULL,NULL,0,'Gnat',1,NULL,NULL,NULL,1,0,0,0,0,0,0),(1159,125,1,79,4,NULL,NULL,NULL,0,'Gnat',0,NULL,NULL,NULL,1,0,0,0,0,0,0),(1160,90,1,79,4,NULL,NULL,NULL,0,'Glancer',1,NULL,NULL,NULL,1,0,0,0,0,0,0),(1161,90,1,79,4,NULL,NULL,NULL,0,'Glancer',1,NULL,NULL,NULL,1,0,0,0,0,0,0),(1162,90,1,79,4,NULL,NULL,NULL,0,'Glancer',1,NULL,NULL,NULL,1,0,0,0,0,0,0),(1163,90,1,79,4,NULL,NULL,NULL,0,'Glancer',1,NULL,NULL,NULL,1,0,0,0,0,0,0),(1164,90,1,79,4,NULL,NULL,NULL,0,'Glancer',1,NULL,NULL,NULL,1,0,0,0,0,0,0),(1165,90,1,79,4,NULL,NULL,NULL,0,'Glancer',1,NULL,NULL,NULL,1,0,0,0,0,0,0),(1166,125,1,79,4,NULL,NULL,NULL,0,'Gnat',0,NULL,NULL,NULL,1,0,0,0,0,0,0),(1167,125,1,79,4,NULL,NULL,NULL,0,'Gnat',0,NULL,NULL,NULL,1,0,0,0,0,0,0),(1168,125,1,79,4,NULL,NULL,NULL,0,'Gnat',0,NULL,NULL,NULL,1,0,0,0,0,0,0),(1169,125,1,79,4,NULL,NULL,NULL,0,'Gnat',0,NULL,NULL,NULL,1,0,0,0,0,0,0),(1170,125,1,79,4,NULL,NULL,NULL,0,'Gnat',1,NULL,NULL,NULL,1,0,0,0,0,0,0),(1171,125,1,79,4,NULL,NULL,NULL,0,'Gnat',1,NULL,NULL,NULL,1,0,0,0,0,0,0),(1172,125,1,79,4,NULL,NULL,NULL,0,'Gnat',0,NULL,NULL,NULL,1,0,0,0,0,0,0),(1173,900,1,80,4,NULL,NULL,NULL,0,'Gnawer',0,NULL,NULL,NULL,1,0,0,0,0,0,0),(1174,900,1,80,4,NULL,NULL,NULL,0,'Gnawer',0,NULL,NULL,NULL,1,0,0,0,0,0,0),(1175,500,1,80,4,NULL,NULL,NULL,0,'Spudder',0,NULL,NULL,NULL,1,0,0,0,0,0,0),(1176,500,1,80,4,NULL,NULL,NULL,0,'Spudder',0,NULL,NULL,NULL,1,0,0,0,0,0,0),(1177,500,1,80,4,NULL,NULL,NULL,0,'Spudder',1,NULL,NULL,NULL,1,0,0,0,0,0,0),(1178,500,1,80,4,NULL,NULL,NULL,0,'Spudder',0,NULL,NULL,NULL,1,0,0,0,0,0,0),(1179,500,1,80,4,NULL,NULL,NULL,0,'Spudder',0,NULL,NULL,NULL,1,0,0,0,0,0,0),(1180,90,1,80,4,NULL,NULL,NULL,0,'Glancer',1,NULL,NULL,NULL,1,0,0,0,0,0,0),(1181,90,1,80,4,NULL,NULL,NULL,0,'Glancer',1,NULL,NULL,NULL,1,0,0,0,0,0,0),(1182,125,1,80,4,NULL,NULL,NULL,0,'Gnat',0,NULL,NULL,NULL,1,0,0,0,0,0,0),(1183,125,1,80,4,NULL,NULL,NULL,0,'Gnat',1,NULL,NULL,NULL,1,0,0,0,0,0,0),(1184,125,1,80,4,NULL,NULL,NULL,0,'Gnat',0,NULL,NULL,NULL,1,0,0,0,0,0,0),(1185,125,1,80,4,NULL,NULL,NULL,0,'Gnat',0,NULL,NULL,NULL,1,0,0,0,0,0,0),(1186,90,1,80,4,NULL,NULL,NULL,0,'Glancer',1,NULL,NULL,NULL,1,0,0,0,0,0,0),(1187,90,1,80,4,NULL,NULL,NULL,0,'Glancer',1,NULL,NULL,NULL,1,0,0,0,0,0,0),(1188,90,1,80,4,NULL,NULL,NULL,0,'Glancer',1,NULL,NULL,NULL,1,0,0,0,0,0,0),(1189,90,1,80,4,NULL,NULL,NULL,0,'Glancer',1,NULL,NULL,NULL,1,0,0,0,0,0,0),(1190,90,1,80,4,NULL,NULL,NULL,0,'Glancer',1,NULL,NULL,NULL,1,0,0,0,0,0,0),(1191,125,1,80,4,NULL,NULL,NULL,0,'Gnat',0,NULL,NULL,NULL,1,0,0,0,0,0,0),(1192,125,1,80,4,NULL,NULL,NULL,0,'Gnat',0,NULL,NULL,NULL,1,0,0,0,0,0,0),(1193,125,1,80,4,NULL,NULL,NULL,0,'Gnat',0,NULL,NULL,NULL,1,0,0,0,0,0,0),(1194,125,1,80,4,NULL,NULL,NULL,0,'Gnat',0,NULL,NULL,NULL,1,0,0,0,0,0,0),(1195,125,1,80,4,NULL,NULL,NULL,0,'Gnat',1,NULL,NULL,NULL,1,0,0,0,0,0,0),(1196,125,1,80,4,NULL,NULL,NULL,0,'Gnat',1,NULL,NULL,NULL,1,0,0,0,0,0,0),(1197,900,1,81,4,NULL,NULL,NULL,0,'Gnawer',0,NULL,NULL,NULL,1,0,0,0,0,0,0),(1198,500,1,81,4,NULL,NULL,NULL,0,'Spudder',0,NULL,NULL,NULL,1,0,0,0,0,0,0),(1199,500,1,81,4,NULL,NULL,NULL,0,'Spudder',1,NULL,NULL,NULL,1,0,0,0,0,0,0),(1200,500,1,81,4,NULL,NULL,NULL,0,'Spudder',0,NULL,NULL,NULL,1,0,0,0,0,0,0),(1201,500,1,81,4,NULL,NULL,NULL,0,'Spudder',0,NULL,NULL,NULL,1,0,0,0,0,0,0),(1202,90,1,81,4,NULL,NULL,NULL,0,'Glancer',1,NULL,NULL,NULL,1,0,0,0,0,0,0),(1203,125,1,81,4,NULL,NULL,NULL,0,'Gnat',1,NULL,NULL,NULL,1,0,0,0,0,0,0),(1204,125,1,81,4,NULL,NULL,NULL,0,'Gnat',1,NULL,NULL,NULL,1,0,0,0,0,0,0),(1205,125,1,81,4,NULL,NULL,NULL,0,'Gnat',0,NULL,NULL,NULL,1,0,0,0,0,0,0),(1206,90,1,81,4,NULL,NULL,NULL,0,'Glancer',1,NULL,NULL,NULL,1,0,0,0,0,0,0),(1207,90,1,81,4,NULL,NULL,NULL,0,'Glancer',1,NULL,NULL,NULL,1,0,0,0,0,0,0),(1208,90,1,81,4,NULL,NULL,NULL,0,'Glancer',1,NULL,NULL,NULL,1,0,0,0,0,0,0),(1209,90,1,81,4,NULL,NULL,NULL,0,'Glancer',1,NULL,NULL,NULL,1,0,0,0,0,0,0),(1210,90,1,81,4,NULL,NULL,NULL,0,'Glancer',1,NULL,NULL,NULL,1,0,0,0,0,0,0),(1211,90,1,81,4,NULL,NULL,NULL,0,'Glancer',1,NULL,NULL,NULL,1,0,0,0,0,0,0),(1212,125,1,81,4,NULL,NULL,NULL,0,'Gnat',0,NULL,NULL,NULL,1,0,0,0,0,0,0),(1213,125,1,81,4,NULL,NULL,NULL,0,'Gnat',0,NULL,NULL,NULL,1,0,0,0,0,0,0),(1214,125,1,81,4,NULL,NULL,NULL,0,'Gnat',0,NULL,NULL,NULL,1,0,0,0,0,0,0),(1215,125,1,81,4,NULL,NULL,NULL,0,'Gnat',0,NULL,NULL,NULL,1,0,0,0,0,0,0),(1216,125,1,81,4,NULL,NULL,NULL,0,'Gnat',1,NULL,NULL,NULL,1,0,0,0,0,0,0),(1217,125,1,81,4,NULL,NULL,NULL,0,'Gnat',1,NULL,NULL,NULL,1,0,0,0,0,0,0),(1218,125,1,81,4,NULL,NULL,NULL,0,'Gnat',0,NULL,NULL,NULL,1,0,0,0,0,0,0),(1219,125,1,81,4,NULL,NULL,NULL,0,'Gnat',0,NULL,NULL,NULL,1,0,0,0,0,0,0),(1220,125,1,81,4,NULL,NULL,NULL,0,'Gnat',1,NULL,NULL,NULL,1,0,0,0,0,0,0),(1221,125,1,81,4,NULL,NULL,NULL,0,'Gnat',1,NULL,NULL,NULL,1,0,0,0,0,0,0),(1222,90,1,82,4,NULL,NULL,NULL,0,'Glancer',1,NULL,NULL,NULL,1,0,0,0,0,0,0),(1223,90,1,82,4,NULL,NULL,NULL,0,'Glancer',1,NULL,NULL,NULL,1,0,0,0,0,0,0),(1224,125,1,82,4,NULL,NULL,NULL,0,'Gnat',1,NULL,NULL,NULL,1,0,0,0,0,0,0),(1225,125,1,82,4,NULL,NULL,NULL,0,'Gnat',0,NULL,NULL,NULL,1,0,0,0,0,0,0),(1226,125,1,82,4,NULL,NULL,NULL,0,'Gnat',0,NULL,NULL,NULL,1,0,0,0,0,0,0),(1227,90,1,82,4,NULL,NULL,NULL,0,'Glancer',1,NULL,NULL,NULL,1,0,0,0,0,0,0),(1228,90,1,82,4,NULL,NULL,NULL,0,'Glancer',1,NULL,NULL,NULL,1,0,0,0,0,0,0),(1229,90,1,82,4,NULL,NULL,NULL,0,'Glancer',1,NULL,NULL,NULL,1,0,0,0,0,0,0),(1230,90,1,82,4,NULL,NULL,NULL,0,'Glancer',1,NULL,NULL,NULL,1,0,0,0,0,0,0),(1231,90,1,82,4,NULL,NULL,NULL,0,'Glancer',1,NULL,NULL,NULL,1,0,0,0,0,0,0),(1232,125,1,82,4,NULL,NULL,NULL,0,'Gnat',0,NULL,NULL,NULL,1,0,0,0,0,0,0),(1233,125,1,82,4,NULL,NULL,NULL,0,'Gnat',0,NULL,NULL,NULL,1,0,0,0,0,0,0),(1234,125,1,82,4,NULL,NULL,NULL,0,'Gnat',0,NULL,NULL,NULL,1,0,0,0,0,0,0),(1235,125,1,82,4,NULL,NULL,NULL,0,'Gnat',0,NULL,NULL,NULL,1,0,0,0,0,0,0),(1236,125,1,82,4,NULL,NULL,NULL,0,'Gnat',1,NULL,NULL,NULL,1,0,0,0,0,0,0),(1237,125,1,82,4,NULL,NULL,NULL,0,'Gnat',1,NULL,NULL,NULL,1,0,0,0,0,0,0),(1238,125,1,82,4,NULL,NULL,NULL,0,'Gnat',0,NULL,NULL,NULL,1,0,0,0,0,0,0),(1239,125,1,82,4,NULL,NULL,NULL,0,'Gnat',1,NULL,NULL,NULL,1,0,0,0,0,0,0),(1240,900,1,83,4,NULL,NULL,NULL,0,'Gnawer',0,NULL,NULL,NULL,1,0,0,0,0,0,0),(1241,500,1,83,4,NULL,NULL,NULL,0,'Spudder',0,NULL,NULL,NULL,1,0,0,0,0,0,0),(1242,500,1,83,4,NULL,NULL,NULL,0,'Spudder',1,NULL,NULL,NULL,1,0,0,0,0,0,0),(1243,500,1,83,4,NULL,NULL,NULL,0,'Spudder',0,NULL,NULL,NULL,1,0,0,0,0,0,0),(1244,500,1,83,4,NULL,NULL,NULL,0,'Spudder',1,NULL,NULL,NULL,1,0,0,0,0,0,0),(1245,500,1,83,4,NULL,NULL,NULL,0,'Spudder',0,NULL,NULL,NULL,1,0,0,0,0,0,0),(1246,90,1,83,4,NULL,NULL,NULL,0,'Glancer',1,NULL,NULL,NULL,1,0,0,0,0,0,0),(1247,90,1,83,4,NULL,NULL,NULL,0,'Glancer',1,NULL,NULL,NULL,1,0,0,0,0,0,0),(1248,125,1,83,4,NULL,NULL,NULL,0,'Gnat',0,NULL,NULL,NULL,1,0,0,0,0,0,0),(1249,125,1,83,4,NULL,NULL,NULL,0,'Gnat',1,NULL,NULL,NULL,1,0,0,0,0,0,0),(1250,125,1,83,4,NULL,NULL,NULL,0,'Gnat',0,NULL,NULL,NULL,1,0,0,0,0,0,0),(1251,90,1,83,4,NULL,NULL,NULL,0,'Glancer',1,NULL,NULL,NULL,1,0,0,0,0,0,0),(1252,90,1,83,4,NULL,NULL,NULL,0,'Glancer',1,NULL,NULL,NULL,1,0,0,0,0,0,0),(1253,90,1,83,4,NULL,NULL,NULL,0,'Glancer',1,NULL,NULL,NULL,1,0,0,0,0,0,0),(1254,90,1,83,4,NULL,NULL,NULL,0,'Glancer',1,NULL,NULL,NULL,1,0,0,0,0,0,0),(1255,90,1,83,4,NULL,NULL,NULL,0,'Glancer',1,NULL,NULL,NULL,1,0,0,0,0,0,0),(1256,125,1,83,4,NULL,NULL,NULL,0,'Gnat',0,NULL,NULL,NULL,1,0,0,0,0,0,0),(1257,125,1,83,4,NULL,NULL,NULL,0,'Gnat',0,NULL,NULL,NULL,1,0,0,0,0,0,0),(1258,125,1,83,4,NULL,NULL,NULL,0,'Gnat',0,NULL,NULL,NULL,1,0,0,0,0,0,0),(1259,125,1,83,4,NULL,NULL,NULL,0,'Gnat',0,NULL,NULL,NULL,1,0,0,0,0,0,0),(1260,125,1,83,4,NULL,NULL,NULL,0,'Gnat',1,NULL,NULL,NULL,1,0,0,0,0,0,0),(1261,125,1,83,4,NULL,NULL,NULL,0,'Gnat',1,NULL,NULL,NULL,1,0,0,0,0,0,0),(1262,125,1,83,4,NULL,NULL,NULL,0,'Gnat',0,NULL,NULL,NULL,1,0,0,0,0,0,0),(1263,500,1,84,4,NULL,NULL,NULL,0,'Spudder',0,NULL,NULL,NULL,1,0,0,0,0,0,0),(1264,90,1,84,4,NULL,NULL,NULL,0,'Glancer',1,NULL,NULL,NULL,1,0,0,0,0,0,0),(1265,90,1,84,4,NULL,NULL,NULL,0,'Glancer',1,NULL,NULL,NULL,1,0,0,0,0,0,0),(1266,125,1,84,4,NULL,NULL,NULL,0,'Gnat',1,NULL,NULL,NULL,1,0,0,0,0,0,0),(1267,125,1,84,4,NULL,NULL,NULL,0,'Gnat',0,NULL,NULL,NULL,1,0,0,0,0,0,0),(1268,90,1,84,4,NULL,NULL,NULL,0,'Glancer',1,NULL,NULL,NULL,1,0,0,0,0,0,0),(1269,90,1,84,4,NULL,NULL,NULL,0,'Glancer',1,NULL,NULL,NULL,1,0,0,0,0,0,0),(1270,90,1,84,4,NULL,NULL,NULL,0,'Glancer',1,NULL,NULL,NULL,1,0,0,0,0,0,0),(1271,90,1,84,4,NULL,NULL,NULL,0,'Glancer',1,NULL,NULL,NULL,1,0,0,0,0,0,0),(1272,90,1,84,4,NULL,NULL,NULL,0,'Glancer',1,NULL,NULL,NULL,1,0,0,0,0,0,0),(1273,125,1,84,4,NULL,NULL,NULL,0,'Gnat',0,NULL,NULL,NULL,1,0,0,0,0,0,0),(1274,125,1,84,4,NULL,NULL,NULL,0,'Gnat',0,NULL,NULL,NULL,1,0,0,0,0,0,0),(1275,125,1,84,4,NULL,NULL,NULL,0,'Gnat',0,NULL,NULL,NULL,1,0,0,0,0,0,0),(1276,125,1,84,4,NULL,NULL,NULL,0,'Gnat',0,NULL,NULL,NULL,1,0,0,0,0,0,0),(1277,125,1,84,4,NULL,NULL,NULL,0,'Gnat',1,NULL,NULL,NULL,1,0,0,0,0,0,0),(1278,125,1,84,4,NULL,NULL,NULL,0,'Gnat',1,NULL,NULL,NULL,1,0,0,0,0,0,0),(1279,125,1,84,4,NULL,NULL,NULL,0,'Gnat',0,NULL,NULL,NULL,1,0,0,0,0,0,0),(1280,125,1,84,4,NULL,NULL,NULL,0,'Gnat',1,NULL,NULL,NULL,1,0,0,0,0,0,0),(1281,125,1,84,4,NULL,NULL,NULL,0,'Gnat',0,NULL,NULL,NULL,1,0,0,0,0,0,0),(1282,125,1,85,4,NULL,NULL,NULL,0,'Gnat',0,NULL,NULL,NULL,1,0,0,0,0,0,0),(1283,125,1,85,4,NULL,NULL,NULL,0,'Gnat',0,NULL,NULL,NULL,1,0,0,0,0,0,0),(1284,125,1,85,4,NULL,NULL,NULL,0,'Gnat',0,NULL,NULL,NULL,1,0,0,0,0,0,0),(1285,125,1,85,4,NULL,NULL,NULL,0,'Gnat',0,NULL,NULL,NULL,1,0,0,0,0,0,0),(1286,125,1,85,4,NULL,NULL,NULL,0,'Gnat',1,NULL,NULL,NULL,1,0,0,0,0,0,0),(1287,125,1,85,4,NULL,NULL,NULL,0,'Gnat',1,NULL,NULL,NULL,1,0,0,0,0,0,0),(1288,125,1,85,4,NULL,NULL,NULL,0,'Gnat',0,NULL,NULL,NULL,1,0,0,0,0,0,0),(1289,125,1,85,4,NULL,NULL,NULL,0,'Gnat',0,NULL,NULL,NULL,1,0,0,0,0,0,0),(1290,125,1,85,4,NULL,NULL,NULL,0,'Gnat',1,NULL,NULL,NULL,1,0,0,0,0,0,0),(1291,125,1,86,4,NULL,NULL,NULL,0,'Gnat',0,NULL,NULL,NULL,1,0,0,0,0,0,0),(1292,125,1,86,4,NULL,NULL,NULL,0,'Gnat',0,NULL,NULL,NULL,1,0,0,0,0,0,0),(1293,125,1,86,4,NULL,NULL,NULL,0,'Gnat',0,NULL,NULL,NULL,1,0,0,0,0,0,0),(1294,125,1,86,4,NULL,NULL,NULL,0,'Gnat',0,NULL,NULL,NULL,1,0,0,0,0,0,0),(1295,125,1,86,4,NULL,NULL,NULL,0,'Gnat',1,NULL,NULL,NULL,1,0,0,0,0,0,0),(1296,125,1,86,4,NULL,NULL,NULL,0,'Gnat',1,NULL,NULL,NULL,1,0,0,0,0,0,0),(1297,125,1,86,4,NULL,NULL,NULL,0,'Gnat',1,NULL,NULL,NULL,1,0,0,0,0,0,0),(1298,125,1,87,4,NULL,NULL,NULL,0,'Gnat',0,NULL,NULL,NULL,1,0,0,0,0,0,0),(1299,125,1,87,4,NULL,NULL,NULL,0,'Gnat',0,NULL,NULL,NULL,1,0,0,0,0,0,0),(1300,125,1,87,4,NULL,NULL,NULL,0,'Gnat',0,NULL,NULL,NULL,1,0,0,0,0,0,0),(1301,125,1,87,4,NULL,NULL,NULL,0,'Gnat',0,NULL,NULL,NULL,1,0,0,0,0,0,0),(1302,125,1,87,4,NULL,NULL,NULL,0,'Gnat',1,NULL,NULL,NULL,1,0,0,0,0,0,0),(1303,125,1,87,4,NULL,NULL,NULL,0,'Gnat',1,NULL,NULL,NULL,1,0,0,0,0,0,0),(1304,125,1,87,4,NULL,NULL,NULL,0,'Gnat',0,NULL,NULL,NULL,1,0,0,0,0,0,0),(1305,125,1,87,4,NULL,NULL,NULL,0,'Gnat',1,NULL,NULL,NULL,1,0,0,0,0,0,0),(1306,125,1,87,4,NULL,NULL,NULL,0,'Gnat',1,NULL,NULL,NULL,1,0,0,0,0,0,0),(1307,26875,1,4,1,NULL,NULL,NULL,0,'Demosis',0,0,90,NULL,1,0,0,0,0,0,0),(1308,26875,1,4,1,NULL,NULL,NULL,0,'Demosis',0,0,90,NULL,1,0,0,0,0,0,0),(1309,26875,1,4,1,NULL,NULL,NULL,0,'Demosis',0,0,90,NULL,1,0,0,0,0,0,0),(1310,4475,1,4,1,NULL,NULL,NULL,0,'Thor',1,0,90,NULL,1,0,0,0,0,0,0),(1311,4475,1,4,1,NULL,NULL,NULL,0,'Thor',0,0,90,NULL,1,0,0,0,0,0,0),(1312,4475,1,4,1,NULL,NULL,NULL,0,'Thor',0,0,90,NULL,1,0,0,0,0,0,0),(1313,4475,1,4,1,NULL,NULL,NULL,0,'Thor',1,0,90,NULL,1,0,0,0,0,0,0),(1314,4475,1,4,1,NULL,NULL,NULL,0,'Thor',1,0,90,NULL,1,0,0,0,0,0,0),(1315,2812,1,4,1,NULL,NULL,NULL,0,'Dirac',1,0,90,NULL,1,0,0,0,0,0,0),(1316,2812,1,4,1,NULL,NULL,NULL,0,'Dirac',0,0,90,NULL,1,0,0,0,0,0,0),(1317,2812,1,4,1,NULL,NULL,NULL,0,'Dirac',0,0,90,NULL,1,0,0,0,0,0,0),(1318,2812,1,4,1,NULL,NULL,NULL,0,'Dirac',1,0,90,NULL,1,0,0,0,0,0,0),(1319,2812,1,4,1,NULL,NULL,NULL,0,'Dirac',0,0,90,NULL,1,0,0,0,0,0,0),(1320,2812,1,4,1,NULL,NULL,NULL,0,'Dirac',0,0,90,NULL,1,0,0,0,0,0,0),(1321,2812,1,4,1,NULL,NULL,NULL,0,'Dirac',1,0,90,NULL,1,0,0,0,0,0,0),(1322,2812,1,4,1,NULL,NULL,NULL,0,'Dirac',1,0,90,NULL,1,0,0,0,0,0,0),(1323,2812,1,4,1,NULL,NULL,NULL,0,'Dirac',0,0,90,NULL,1,0,0,0,0,0,0),(1324,2812,1,4,1,NULL,NULL,NULL,0,'Dirac',0,0,90,NULL,1,0,0,0,0,0,0),(1325,2812,1,4,1,NULL,NULL,NULL,0,'Dirac',1,0,90,NULL,1,0,0,0,0,0,0),(1326,26875,1,4,1,NULL,NULL,NULL,0,'Demosis',0,3,270,NULL,1,0,0,0,0,0,0),(1327,26875,1,4,1,NULL,NULL,NULL,0,'Demosis',0,3,270,NULL,1,0,0,0,0,0,0),(1328,26875,1,4,1,NULL,NULL,NULL,0,'Demosis',0,3,270,NULL,1,0,0,0,0,0,0),(1329,26875,1,4,1,NULL,NULL,NULL,0,'Demosis',0,3,270,NULL,1,0,0,0,0,0,0),(1330,4475,1,4,1,NULL,NULL,NULL,0,'Thor',1,3,270,NULL,1,0,0,0,0,0,0),(1331,4475,1,4,1,NULL,NULL,NULL,0,'Thor',0,3,270,NULL,1,0,0,0,0,0,0),(1332,4475,1,4,1,NULL,NULL,NULL,0,'Thor',1,3,270,NULL,1,0,0,0,0,0,0),(1333,4475,1,4,1,NULL,NULL,NULL,0,'Thor',0,3,270,NULL,1,0,0,0,0,0,0),(1334,4475,1,4,1,NULL,NULL,NULL,0,'Thor',0,3,270,NULL,1,0,0,0,0,0,0),(1335,4475,1,4,1,NULL,NULL,NULL,0,'Thor',1,3,270,NULL,1,0,0,0,0,0,0),(1336,4475,1,4,1,NULL,NULL,NULL,0,'Thor',0,3,270,NULL,1,0,0,0,0,0,0),(1337,4475,1,4,1,NULL,NULL,NULL,0,'Thor',0,3,270,NULL,1,0,0,0,0,0,0),(1338,4475,1,4,1,NULL,NULL,NULL,0,'Thor',1,3,270,NULL,1,0,0,0,0,0,0),(1339,4475,1,4,1,NULL,NULL,NULL,0,'Thor',0,3,270,NULL,1,0,0,0,0,0,0),(1340,4475,1,4,1,NULL,NULL,NULL,0,'Thor',1,3,270,NULL,1,0,0,0,0,0,0),(1341,4475,1,4,1,NULL,NULL,NULL,0,'Thor',0,3,270,NULL,1,0,0,0,0,0,0),(1342,4475,1,4,1,NULL,NULL,NULL,0,'Thor',1,3,270,NULL,1,0,0,0,0,0,0),(1343,4475,1,4,1,NULL,NULL,NULL,0,'Thor',1,3,270,NULL,1,0,0,0,0,0,0),(1344,2812,1,4,1,NULL,NULL,NULL,0,'Dirac',1,3,270,NULL,1,0,0,0,0,0,0),(1345,2812,1,4,1,NULL,NULL,NULL,0,'Dirac',0,3,270,NULL,1,0,0,0,0,0,0),(1346,2812,1,4,1,NULL,NULL,NULL,0,'Dirac',1,3,270,NULL,1,0,0,0,0,0,0),(1347,2812,1,4,1,NULL,NULL,NULL,0,'Dirac',1,3,270,NULL,1,0,0,0,0,0,0),(1348,2812,1,4,1,NULL,NULL,NULL,0,'Dirac',0,3,270,NULL,1,0,0,0,0,0,0),(1349,2812,1,4,1,NULL,NULL,NULL,0,'Dirac',1,3,270,NULL,1,0,0,0,0,0,0),(1350,2812,1,4,1,NULL,NULL,NULL,0,'Dirac',0,3,270,NULL,1,0,0,0,0,0,0),(1351,2812,1,4,1,NULL,NULL,NULL,0,'Dirac',1,3,270,NULL,1,0,0,0,0,0,0),(1352,2812,1,4,1,NULL,NULL,NULL,0,'Dirac',0,3,270,NULL,1,0,0,0,0,0,0),(1353,2812,1,4,1,NULL,NULL,NULL,0,'Dirac',1,3,270,NULL,1,0,0,0,0,0,0),(1354,2812,1,4,1,NULL,NULL,NULL,0,'Dirac',1,3,270,NULL,1,0,0,0,0,0,0),(1355,2812,1,4,1,NULL,NULL,NULL,0,'Dirac',1,3,270,NULL,1,0,0,0,0,0,0),(1356,2812,1,4,1,NULL,NULL,NULL,0,'Dirac',1,3,270,NULL,1,0,0,0,0,0,0),(1357,26875,1,4,1,NULL,NULL,NULL,0,'Demosis',0,0,270,NULL,1,0,0,0,0,0,0),(1358,26875,1,4,1,NULL,NULL,NULL,0,'Demosis',0,0,270,NULL,1,0,0,0,0,0,0),(1359,26875,1,4,1,NULL,NULL,NULL,0,'Demosis',0,0,270,NULL,1,0,0,0,0,0,0),(1360,4475,1,4,1,NULL,NULL,NULL,0,'Thor',0,0,270,NULL,1,0,0,0,0,0,0),(1361,4475,1,4,1,NULL,NULL,NULL,0,'Thor',1,0,270,NULL,1,0,0,0,0,0,0),(1362,4475,1,4,1,NULL,NULL,NULL,0,'Thor',0,0,270,NULL,1,0,0,0,0,0,0),(1363,4475,1,4,1,NULL,NULL,NULL,0,'Thor',1,0,270,NULL,1,0,0,0,0,0,0),(1364,4475,1,4,1,NULL,NULL,NULL,0,'Thor',0,0,270,NULL,1,0,0,0,0,0,0),(1365,4475,1,4,1,NULL,NULL,NULL,0,'Thor',1,0,270,NULL,1,0,0,0,0,0,0),(1366,4475,1,4,1,NULL,NULL,NULL,0,'Thor',1,0,270,NULL,1,0,0,0,0,0,0),(1367,4475,1,4,1,NULL,NULL,NULL,0,'Thor',1,0,270,NULL,1,0,0,0,0,0,0),(1368,4475,1,4,1,NULL,NULL,NULL,0,'Thor',0,0,270,NULL,1,0,0,0,0,0,0),(1369,4475,1,4,1,NULL,NULL,NULL,0,'Thor',0,0,270,NULL,1,0,0,0,0,0,0),(1370,2812,1,4,1,NULL,NULL,NULL,0,'Dirac',1,0,270,NULL,1,0,0,0,0,0,0),(1371,2812,1,4,1,NULL,NULL,NULL,0,'Dirac',0,0,270,NULL,1,0,0,0,0,0,0),(1372,2812,1,4,1,NULL,NULL,NULL,0,'Dirac',0,0,270,NULL,1,0,0,0,0,0,0),(1373,2812,1,4,1,NULL,NULL,NULL,0,'Dirac',0,0,270,NULL,1,0,0,0,0,0,0),(1374,2812,1,4,1,NULL,NULL,NULL,0,'Dirac',0,0,270,NULL,1,0,0,0,0,0,0),(1375,2812,1,4,1,NULL,NULL,NULL,0,'Dirac',1,0,270,NULL,1,0,0,0,0,0,0),(1376,2812,1,4,1,NULL,NULL,NULL,0,'Dirac',0,0,270,NULL,1,0,0,0,0,0,0),(1377,2812,1,4,1,NULL,NULL,NULL,0,'Dirac',0,0,270,NULL,1,0,0,0,0,0,0),(1378,2812,1,4,1,NULL,NULL,NULL,0,'Dirac',1,0,270,NULL,1,0,0,0,0,0,0),(1379,2812,1,4,1,NULL,NULL,NULL,0,'Dirac',0,0,270,NULL,1,0,0,0,0,0,0),(1380,2812,1,4,1,NULL,NULL,NULL,0,'Dirac',0,0,270,NULL,1,0,0,0,0,0,0),(1381,2812,1,4,1,NULL,NULL,NULL,0,'Dirac',0,0,270,NULL,1,0,0,0,0,0,0),(1382,2812,1,4,1,NULL,NULL,NULL,0,'Dirac',1,0,270,NULL,1,0,0,0,0,0,0),(1383,26875,1,4,1,NULL,NULL,NULL,0,'Demosis',0,0,180,NULL,1,0,0,0,0,0,0),(1384,26875,1,4,1,NULL,NULL,NULL,0,'Demosis',0,0,180,NULL,1,0,0,0,0,0,0),(1385,26875,1,4,1,NULL,NULL,NULL,0,'Demosis',0,0,180,NULL,1,0,0,0,0,0,0),(1386,4475,1,4,1,NULL,NULL,NULL,0,'Thor',0,0,180,NULL,1,0,0,0,0,0,0),(1387,4475,1,4,1,NULL,NULL,NULL,0,'Thor',0,0,180,NULL,1,0,0,0,0,0,0),(1388,4475,1,4,1,NULL,NULL,NULL,0,'Thor',1,0,180,NULL,1,0,0,0,0,0,0),(1389,4475,1,4,1,NULL,NULL,NULL,0,'Thor',0,0,180,NULL,1,0,0,0,0,0,0),(1390,4475,1,4,1,NULL,NULL,NULL,0,'Thor',0,0,180,NULL,1,0,0,0,0,0,0),(1391,4475,1,4,1,NULL,NULL,NULL,0,'Thor',1,0,180,NULL,1,0,0,0,0,0,0),(1392,4475,1,4,1,NULL,NULL,NULL,0,'Thor',0,0,180,NULL,1,0,0,0,0,0,0),(1393,4475,1,4,1,NULL,NULL,NULL,0,'Thor',0,0,180,NULL,1,0,0,0,0,0,0),(1394,4475,1,4,1,NULL,NULL,NULL,0,'Thor',0,0,180,NULL,1,0,0,0,0,0,0),(1395,2812,1,4,1,NULL,NULL,NULL,0,'Dirac',1,0,180,NULL,1,0,0,0,0,0,0),(1396,2812,1,4,1,NULL,NULL,NULL,0,'Dirac',0,0,180,NULL,1,0,0,0,0,0,0),(1397,2812,1,4,1,NULL,NULL,NULL,0,'Dirac',1,0,180,NULL,1,0,0,0,0,0,0),(1398,2812,1,4,1,NULL,NULL,NULL,0,'Dirac',0,0,180,NULL,1,0,0,0,0,0,0),(1399,2812,1,4,1,NULL,NULL,NULL,0,'Dirac',0,0,180,NULL,1,0,0,0,0,0,0),(1400,2812,1,4,1,NULL,NULL,NULL,0,'Dirac',1,0,180,NULL,1,0,0,0,0,0,0),(1401,2812,1,4,1,NULL,NULL,NULL,0,'Dirac',1,0,180,NULL,1,0,0,0,0,0,0),(1402,2812,1,4,1,NULL,NULL,NULL,0,'Dirac',1,0,180,NULL,1,0,0,0,0,0,0),(1403,2812,1,4,1,NULL,NULL,NULL,0,'Dirac',1,0,180,NULL,1,0,0,0,0,0,0),(1404,2812,1,4,1,NULL,NULL,NULL,0,'Dirac',1,0,180,NULL,1,0,0,0,0,0,0),(1405,2812,1,4,1,NULL,NULL,NULL,0,'Dirac',1,0,180,NULL,1,0,0,0,0,0,0),(1406,2812,1,4,1,NULL,NULL,NULL,0,'Dirac',0,0,180,NULL,1,0,0,0,0,0,0),(1407,2812,1,4,1,NULL,NULL,NULL,0,'Dirac',0,0,180,NULL,1,0,0,0,0,0,0),(1408,2812,1,4,1,NULL,NULL,NULL,0,'Dirac',0,0,180,NULL,1,0,0,0,0,0,0),(1409,2812,1,4,1,NULL,NULL,NULL,0,'Dirac',0,0,180,NULL,1,0,0,0,0,0,0),(1410,4475,1,7,1,NULL,NULL,NULL,0,'Thor',0,1,45,NULL,1,0,0,0,0,0,0),(1411,4475,1,7,1,NULL,NULL,NULL,0,'Thor',0,1,45,NULL,1,0,0,0,0,0,0),(1412,4475,1,7,1,NULL,NULL,NULL,0,'Thor',0,1,45,NULL,1,0,0,0,0,0,0),(1413,4475,1,7,1,NULL,NULL,NULL,0,'Thor',1,1,45,NULL,1,0,0,0,0,0,0),(1414,4475,1,7,1,NULL,NULL,NULL,0,'Thor',1,1,45,NULL,1,0,0,0,0,0,0),(1415,4475,1,7,1,NULL,NULL,NULL,0,'Thor',1,1,45,NULL,1,0,0,0,0,0,0),(1416,4475,1,7,1,NULL,NULL,NULL,0,'Thor',1,1,45,NULL,1,0,0,0,0,0,0),(1417,4475,1,7,1,NULL,NULL,NULL,0,'Thor',1,1,45,NULL,1,0,0,0,0,0,0),(1418,4475,1,7,1,NULL,NULL,NULL,0,'Thor',1,1,45,NULL,1,0,0,0,0,0,0),(1419,4475,1,7,1,NULL,NULL,NULL,0,'Thor',1,1,45,NULL,1,0,0,0,0,0,0),(1420,4475,1,7,1,NULL,NULL,NULL,0,'Thor',1,1,45,NULL,1,0,0,0,0,0,0),(1421,2812,1,7,1,NULL,NULL,NULL,0,'Dirac',0,1,45,NULL,1,0,0,0,0,0,0),(1422,2812,1,7,1,NULL,NULL,NULL,0,'Dirac',0,1,45,NULL,1,0,0,0,0,0,0),(1423,2812,1,7,1,NULL,NULL,NULL,0,'Dirac',1,1,45,NULL,1,0,0,0,0,0,0),(1424,2812,1,7,1,NULL,NULL,NULL,0,'Dirac',0,1,45,NULL,1,0,0,0,0,0,0),(1425,2812,1,7,1,NULL,NULL,NULL,0,'Dirac',0,1,45,NULL,1,0,0,0,0,0,0),(1426,2812,1,7,1,NULL,NULL,NULL,0,'Dirac',1,1,45,NULL,1,0,0,0,0,0,0),(1427,2812,1,7,1,NULL,NULL,NULL,0,'Dirac',0,1,45,NULL,1,0,0,0,0,0,0),(1428,2812,1,7,1,NULL,NULL,NULL,0,'Dirac',1,1,45,NULL,1,0,0,0,0,0,0),(1429,2812,1,7,1,NULL,NULL,NULL,0,'Dirac',1,1,45,NULL,1,0,0,0,0,0,0),(1430,2812,1,7,1,NULL,NULL,NULL,0,'Dirac',0,1,45,NULL,1,0,0,0,0,0,0),(1431,26875,1,7,1,NULL,NULL,NULL,0,'Demosis',0,1,225,NULL,1,0,0,0,0,0,0),(1432,26875,1,7,1,NULL,NULL,NULL,0,'Demosis',0,1,225,NULL,1,0,0,0,0,0,0),(1433,26875,1,7,1,NULL,NULL,NULL,0,'Demosis',0,1,225,NULL,1,0,0,0,0,0,0),(1434,4475,1,7,1,NULL,NULL,NULL,0,'Thor',0,1,225,NULL,1,0,0,0,0,0,0),(1435,4475,1,7,1,NULL,NULL,NULL,0,'Thor',1,1,225,NULL,1,0,0,0,0,0,0),(1436,4475,1,7,1,NULL,NULL,NULL,0,'Thor',1,1,225,NULL,1,0,0,0,0,0,0),(1437,4475,1,7,1,NULL,NULL,NULL,0,'Thor',0,1,225,NULL,1,0,0,0,0,0,0),(1438,4475,1,7,1,NULL,NULL,NULL,0,'Thor',1,1,225,NULL,1,0,0,0,0,0,0),(1439,4475,1,7,1,NULL,NULL,NULL,0,'Thor',1,1,225,NULL,1,0,0,0,0,0,0),(1440,4475,1,7,1,NULL,NULL,NULL,0,'Thor',0,1,225,NULL,1,0,0,0,0,0,0),(1441,4475,1,7,1,NULL,NULL,NULL,0,'Thor',1,1,225,NULL,1,0,0,0,0,0,0),(1442,4475,1,7,1,NULL,NULL,NULL,0,'Thor',0,1,225,NULL,1,0,0,0,0,0,0),(1443,4475,1,7,1,NULL,NULL,NULL,0,'Thor',0,1,225,NULL,1,0,0,0,0,0,0),(1444,4475,1,7,1,NULL,NULL,NULL,0,'Thor',1,1,225,NULL,1,0,0,0,0,0,0),(1445,4475,1,7,1,NULL,NULL,NULL,0,'Thor',0,1,225,NULL,1,0,0,0,0,0,0),(1446,2812,1,7,1,NULL,NULL,NULL,0,'Dirac',0,1,225,NULL,1,0,0,0,0,0,0),(1447,2812,1,7,1,NULL,NULL,NULL,0,'Dirac',1,1,225,NULL,1,0,0,0,0,0,0),(1448,2812,1,7,1,NULL,NULL,NULL,0,'Dirac',0,1,225,NULL,1,0,0,0,0,0,0),(1449,2812,1,7,1,NULL,NULL,NULL,0,'Dirac',1,1,225,NULL,1,0,0,0,0,0,0),(1450,2812,1,7,1,NULL,NULL,NULL,0,'Dirac',0,1,225,NULL,1,0,0,0,0,0,0),(1451,2812,1,7,1,NULL,NULL,NULL,0,'Dirac',0,1,225,NULL,1,0,0,0,0,0,0),(1452,2812,1,7,1,NULL,NULL,NULL,0,'Dirac',1,1,225,NULL,1,0,0,0,0,0,0),(1453,2812,1,7,1,NULL,NULL,NULL,0,'Dirac',1,1,225,NULL,1,0,0,0,0,0,0),(1454,2812,1,7,1,NULL,NULL,NULL,0,'Dirac',1,1,225,NULL,1,0,0,0,0,0,0),(1455,26875,1,7,1,NULL,NULL,NULL,0,'Demosis',0,2,120,NULL,1,0,0,0,0,0,0),(1456,4475,1,7,1,NULL,NULL,NULL,0,'Thor',1,2,120,NULL,1,0,0,0,0,0,0),(1457,4475,1,7,1,NULL,NULL,NULL,0,'Thor',0,2,120,NULL,1,0,0,0,0,0,0),(1458,4475,1,7,1,NULL,NULL,NULL,0,'Thor',1,2,120,NULL,1,0,0,0,0,0,0),(1459,4475,1,7,1,NULL,NULL,NULL,0,'Thor',1,2,120,NULL,1,0,0,0,0,0,0),(1460,4475,1,7,1,NULL,NULL,NULL,0,'Thor',1,2,120,NULL,1,0,0,0,0,0,0),(1461,4475,1,7,1,NULL,NULL,NULL,0,'Thor',1,2,120,NULL,1,0,0,0,0,0,0),(1462,4475,1,7,1,NULL,NULL,NULL,0,'Thor',1,2,120,NULL,1,0,0,0,0,0,0),(1463,4475,1,7,1,NULL,NULL,NULL,0,'Thor',0,2,120,NULL,1,0,0,0,0,0,0),(1464,4475,1,7,1,NULL,NULL,NULL,0,'Thor',1,2,120,NULL,1,0,0,0,0,0,0),(1465,2812,1,7,1,NULL,NULL,NULL,0,'Dirac',0,2,120,NULL,1,0,0,0,0,0,0),(1466,2812,1,7,1,NULL,NULL,NULL,0,'Dirac',1,2,120,NULL,1,0,0,0,0,0,0),(1467,2812,1,7,1,NULL,NULL,NULL,0,'Dirac',1,2,120,NULL,1,0,0,0,0,0,0),(1468,2812,1,7,1,NULL,NULL,NULL,0,'Dirac',0,2,120,NULL,1,0,0,0,0,0,0),(1469,2812,1,7,1,NULL,NULL,NULL,0,'Dirac',1,2,120,NULL,1,0,0,0,0,0,0),(1470,2812,1,7,1,NULL,NULL,NULL,0,'Dirac',1,2,120,NULL,1,0,0,0,0,0,0),(1471,2812,1,7,1,NULL,NULL,NULL,0,'Dirac',0,2,120,NULL,1,0,0,0,0,0,0),(1472,2812,1,7,1,NULL,NULL,NULL,0,'Dirac',1,2,120,NULL,1,0,0,0,0,0,0),(1473,2812,1,7,1,NULL,NULL,NULL,0,'Dirac',1,2,120,NULL,1,0,0,0,0,0,0),(1474,2812,1,7,1,NULL,NULL,NULL,0,'Dirac',0,2,120,NULL,1,0,0,0,0,0,0),(1475,2812,1,7,1,NULL,NULL,NULL,0,'Dirac',1,2,120,NULL,1,0,0,0,0,0,0),(1476,2812,1,7,1,NULL,NULL,NULL,0,'Dirac',1,2,120,NULL,1,0,0,0,0,0,0),(1477,2812,1,7,1,NULL,NULL,NULL,0,'Dirac',0,2,120,NULL,1,0,0,0,0,0,0),(1478,2812,1,7,1,NULL,NULL,NULL,0,'Dirac',0,2,120,NULL,1,0,0,0,0,0,0),(1479,2812,1,7,1,NULL,NULL,NULL,0,'Dirac',0,2,120,NULL,1,0,0,0,0,0,0),(1480,2812,1,7,1,NULL,NULL,NULL,0,'Dirac',1,2,120,NULL,1,0,0,0,0,0,0),(1481,26875,1,7,1,NULL,NULL,NULL,0,'Demosis',0,3,246,NULL,1,0,0,0,0,0,0),(1482,26875,1,7,1,NULL,NULL,NULL,0,'Demosis',0,3,246,NULL,1,0,0,0,0,0,0),(1483,26875,1,7,1,NULL,NULL,NULL,0,'Demosis',0,3,246,NULL,1,0,0,0,0,0,0),(1484,26875,1,7,1,NULL,NULL,NULL,0,'Demosis',0,3,246,NULL,1,0,0,0,0,0,0),(1485,4475,1,7,1,NULL,NULL,NULL,0,'Thor',1,3,246,NULL,1,0,0,0,0,0,0),(1486,4475,1,7,1,NULL,NULL,NULL,0,'Thor',1,3,246,NULL,1,0,0,0,0,0,0),(1487,4475,1,7,1,NULL,NULL,NULL,0,'Thor',1,3,246,NULL,1,0,0,0,0,0,0),(1488,4475,1,7,1,NULL,NULL,NULL,0,'Thor',1,3,246,NULL,1,0,0,0,0,0,0),(1489,4475,1,7,1,NULL,NULL,NULL,0,'Thor',0,3,246,NULL,1,0,0,0,0,0,0),(1490,4475,1,7,1,NULL,NULL,NULL,0,'Thor',0,3,246,NULL,1,0,0,0,0,0,0),(1491,4475,1,7,1,NULL,NULL,NULL,0,'Thor',1,3,246,NULL,1,0,0,0,0,0,0),(1492,4475,1,7,1,NULL,NULL,NULL,0,'Thor',0,3,246,NULL,1,0,0,0,0,0,0),(1493,2812,1,7,1,NULL,NULL,NULL,0,'Dirac',1,3,246,NULL,1,0,0,0,0,0,0),(1494,2812,1,7,1,NULL,NULL,NULL,0,'Dirac',1,3,246,NULL,1,0,0,0,0,0,0),(1495,2812,1,7,1,NULL,NULL,NULL,0,'Dirac',1,3,246,NULL,1,0,0,0,0,0,0),(1496,2812,1,7,1,NULL,NULL,NULL,0,'Dirac',1,3,246,NULL,1,0,0,0,0,0,0),(1497,2812,1,7,1,NULL,NULL,NULL,0,'Dirac',0,3,246,NULL,1,0,0,0,0,0,0),(1498,2812,1,7,1,NULL,NULL,NULL,0,'Dirac',1,3,246,NULL,1,0,0,0,0,0,0),(1499,2812,1,7,1,NULL,NULL,NULL,0,'Dirac',0,3,246,NULL,1,0,0,0,0,0,0),(1500,2812,1,7,1,NULL,NULL,NULL,0,'Dirac',0,3,246,NULL,1,0,0,0,0,0,0),(1501,2812,1,7,1,NULL,NULL,NULL,0,'Dirac',0,3,246,NULL,1,0,0,0,0,0,0),(1502,2812,1,7,1,NULL,NULL,NULL,0,'Dirac',0,3,246,NULL,1,0,0,0,0,0,0),(1503,2812,1,7,1,NULL,NULL,NULL,0,'Dirac',0,3,246,NULL,1,0,0,0,0,0,0),(1504,2812,1,7,1,NULL,NULL,NULL,0,'Dirac',0,3,246,NULL,1,0,0,0,0,0,0),(1505,2812,1,7,1,NULL,NULL,NULL,0,'Dirac',0,3,246,NULL,1,0,0,0,0,0,0),(1506,2812,1,7,1,NULL,NULL,NULL,0,'Dirac',0,3,246,NULL,1,0,0,0,0,0,0),(1507,26875,1,7,1,NULL,NULL,NULL,0,'Demosis',0,1,180,NULL,1,0,0,0,0,0,0),(1508,26875,1,7,1,NULL,NULL,NULL,0,'Demosis',0,1,180,NULL,1,0,0,0,0,0,0),(1509,26875,1,7,1,NULL,NULL,NULL,0,'Demosis',0,1,180,NULL,1,0,0,0,0,0,0),(1510,4475,1,7,1,NULL,NULL,NULL,0,'Thor',0,1,180,NULL,1,0,0,0,0,0,0),(1511,4475,1,7,1,NULL,NULL,NULL,0,'Thor',0,1,180,NULL,1,0,0,0,0,0,0),(1512,4475,1,7,1,NULL,NULL,NULL,0,'Thor',1,1,180,NULL,1,0,0,0,0,0,0),(1513,4475,1,7,1,NULL,NULL,NULL,0,'Thor',1,1,180,NULL,1,0,0,0,0,0,0),(1514,4475,1,7,1,NULL,NULL,NULL,0,'Thor',0,1,180,NULL,1,0,0,0,0,0,0),(1515,4475,1,7,1,NULL,NULL,NULL,0,'Thor',1,1,180,NULL,1,0,0,0,0,0,0),(1516,4475,1,7,1,NULL,NULL,NULL,0,'Thor',0,1,180,NULL,1,0,0,0,0,0,0),(1517,4475,1,7,1,NULL,NULL,NULL,0,'Thor',1,1,180,NULL,1,0,0,0,0,0,0),(1518,4475,1,7,1,NULL,NULL,NULL,0,'Thor',1,1,180,NULL,1,0,0,0,0,0,0),(1519,2812,1,7,1,NULL,NULL,NULL,0,'Dirac',0,1,180,NULL,1,0,0,0,0,0,0),(1520,2812,1,7,1,NULL,NULL,NULL,0,'Dirac',0,1,180,NULL,1,0,0,0,0,0,0),(1521,2812,1,7,1,NULL,NULL,NULL,0,'Dirac',0,1,180,NULL,1,0,0,0,0,0,0),(1522,2812,1,7,1,NULL,NULL,NULL,0,'Dirac',1,1,180,NULL,1,0,0,0,0,0,0),(1523,2812,1,7,1,NULL,NULL,NULL,0,'Dirac',0,1,180,NULL,1,0,0,0,0,0,0),(1524,2812,1,7,1,NULL,NULL,NULL,0,'Dirac',0,1,180,NULL,1,0,0,0,0,0,0),(1525,2812,1,7,1,NULL,NULL,NULL,0,'Dirac',0,1,180,NULL,1,0,0,0,0,0,0),(1526,2812,1,7,1,NULL,NULL,NULL,0,'Dirac',0,1,180,NULL,1,0,0,0,0,0,0),(1527,26875,1,7,1,NULL,NULL,NULL,0,'Demosis',0,2,240,NULL,1,0,0,0,0,0,0),(1528,4475,1,7,1,NULL,NULL,NULL,0,'Thor',1,2,240,NULL,1,0,0,0,0,0,0),(1529,4475,1,7,1,NULL,NULL,NULL,0,'Thor',0,2,240,NULL,1,0,0,0,0,0,0),(1530,2812,1,7,1,NULL,NULL,NULL,0,'Dirac',0,2,240,NULL,1,0,0,0,0,0,0),(1531,2812,1,7,1,NULL,NULL,NULL,0,'Dirac',1,2,240,NULL,1,0,0,0,0,0,0),(1532,2812,1,7,1,NULL,NULL,NULL,0,'Dirac',1,2,240,NULL,1,0,0,0,0,0,0),(1533,2812,1,7,1,NULL,NULL,NULL,0,'Dirac',1,2,240,NULL,1,0,0,0,0,0,0),(1534,2812,1,7,1,NULL,NULL,NULL,0,'Dirac',0,2,240,NULL,1,0,0,0,0,0,0),(1535,2812,1,7,1,NULL,NULL,NULL,0,'Dirac',0,2,240,NULL,1,0,0,0,0,0,0),(1536,2812,1,7,1,NULL,NULL,NULL,0,'Dirac',0,2,240,NULL,1,0,0,0,0,0,0),(1537,2812,1,7,1,NULL,NULL,NULL,0,'Dirac',0,2,240,NULL,1,0,0,0,0,0,0),(1538,26875,1,7,1,NULL,NULL,NULL,0,'Demosis',0,3,224,NULL,1,0,0,0,0,0,0),(1539,26875,1,7,1,NULL,NULL,NULL,0,'Demosis',0,3,224,NULL,1,0,0,0,0,0,0),(1540,26875,1,7,1,NULL,NULL,NULL,0,'Demosis',0,3,224,NULL,1,0,0,0,0,0,0),(1541,26875,1,7,1,NULL,NULL,NULL,0,'Demosis',0,3,224,NULL,1,0,0,0,0,0,0),(1542,4475,1,7,1,NULL,NULL,NULL,0,'Thor',0,3,224,NULL,1,0,0,0,0,0,0),(1543,4475,1,7,1,NULL,NULL,NULL,0,'Thor',1,3,224,NULL,1,0,0,0,0,0,0),(1544,4475,1,7,1,NULL,NULL,NULL,0,'Thor',1,3,224,NULL,1,0,0,0,0,0,0),(1545,4475,1,7,1,NULL,NULL,NULL,0,'Thor',0,3,224,NULL,1,0,0,0,0,0,0),(1546,4475,1,7,1,NULL,NULL,NULL,0,'Thor',0,3,224,NULL,1,0,0,0,0,0,0),(1547,4475,1,7,1,NULL,NULL,NULL,0,'Thor',0,3,224,NULL,1,0,0,0,0,0,0),(1548,4475,1,7,1,NULL,NULL,NULL,0,'Thor',0,3,224,NULL,1,0,0,0,0,0,0),(1549,4475,1,7,1,NULL,NULL,NULL,0,'Thor',0,3,224,NULL,1,0,0,0,0,0,0),(1550,4475,1,7,1,NULL,NULL,NULL,0,'Thor',1,3,224,NULL,1,0,0,0,0,0,0),(1551,4475,1,7,1,NULL,NULL,NULL,0,'Thor',1,3,224,NULL,1,0,0,0,0,0,0),(1552,4475,1,7,1,NULL,NULL,NULL,0,'Thor',0,3,224,NULL,1,0,0,0,0,0,0),(1553,2812,1,7,1,NULL,NULL,NULL,0,'Dirac',0,3,224,NULL,1,0,0,0,0,0,0),(1554,2812,1,7,1,NULL,NULL,NULL,0,'Dirac',0,3,224,NULL,1,0,0,0,0,0,0),(1555,2812,1,7,1,NULL,NULL,NULL,0,'Dirac',1,3,224,NULL,1,0,0,0,0,0,0),(1556,2812,1,7,1,NULL,NULL,NULL,0,'Dirac',1,3,224,NULL,1,0,0,0,0,0,0),(1557,2812,1,7,1,NULL,NULL,NULL,0,'Dirac',1,3,224,NULL,1,0,0,0,0,0,0),(1558,2812,1,7,1,NULL,NULL,NULL,0,'Dirac',0,3,224,NULL,1,0,0,0,0,0,0),(1559,2812,1,7,1,NULL,NULL,NULL,0,'Dirac',1,3,224,NULL,1,0,0,0,0,0,0),(1560,2812,1,7,1,NULL,NULL,NULL,0,'Dirac',0,3,224,NULL,1,0,0,0,0,0,0),(1561,2812,1,7,1,NULL,NULL,NULL,0,'Dirac',1,3,224,NULL,1,0,0,0,0,0,0),(1562,2812,1,7,1,NULL,NULL,NULL,0,'Dirac',0,3,224,NULL,1,0,0,0,0,0,0),(1563,2812,1,7,1,NULL,NULL,NULL,0,'Dirac',0,3,224,NULL,1,0,0,0,0,0,0),(1564,2812,1,7,1,NULL,NULL,NULL,0,'Dirac',0,3,224,NULL,1,0,0,0,0,0,0),(1565,2812,1,7,1,NULL,NULL,NULL,0,'Dirac',0,3,224,NULL,1,0,0,0,0,0,0),(1566,2812,1,7,1,NULL,NULL,NULL,0,'Dirac',1,3,224,NULL,1,0,0,0,0,0,0),(1567,26875,1,7,1,NULL,NULL,NULL,0,'Demosis',0,2,60,NULL,1,0,0,0,0,0,0),(1568,4475,1,7,1,NULL,NULL,NULL,0,'Thor',0,2,60,NULL,1,0,0,0,0,0,0),(1569,4475,1,7,1,NULL,NULL,NULL,0,'Thor',0,2,60,NULL,1,0,0,0,0,0,0),(1570,4475,1,7,1,NULL,NULL,NULL,0,'Thor',1,2,60,NULL,1,0,0,0,0,0,0),(1571,2812,1,7,1,NULL,NULL,NULL,0,'Dirac',0,2,60,NULL,1,0,0,0,0,0,0),(1572,2812,1,7,1,NULL,NULL,NULL,0,'Dirac',1,2,60,NULL,1,0,0,0,0,0,0),(1573,2812,1,7,1,NULL,NULL,NULL,0,'Dirac',0,2,60,NULL,1,0,0,0,0,0,0),(1574,2812,1,7,1,NULL,NULL,NULL,0,'Dirac',1,2,60,NULL,1,0,0,0,0,0,0),(1575,2812,1,7,1,NULL,NULL,NULL,0,'Dirac',1,2,60,NULL,1,0,0,0,0,0,0),(1576,2812,1,7,1,NULL,NULL,NULL,0,'Dirac',0,2,60,NULL,1,0,0,0,0,0,0),(1577,2812,1,7,1,NULL,NULL,NULL,0,'Dirac',1,2,60,NULL,1,0,0,0,0,0,0),(1578,2812,1,7,1,NULL,NULL,NULL,0,'Dirac',1,2,60,NULL,1,0,0,0,0,0,0),(1579,2812,1,7,1,NULL,NULL,NULL,0,'Dirac',0,2,60,NULL,1,0,0,0,0,0,0),(1580,26875,1,7,1,NULL,NULL,NULL,0,'Demosis',0,1,270,NULL,1,0,0,0,0,0,0),(1581,4475,1,7,1,NULL,NULL,NULL,0,'Thor',0,1,270,NULL,1,0,0,0,0,0,0),(1582,4475,1,7,1,NULL,NULL,NULL,0,'Thor',0,1,270,NULL,1,0,0,0,0,0,0),(1583,4475,1,7,1,NULL,NULL,NULL,0,'Thor',1,1,270,NULL,1,0,0,0,0,0,0),(1584,4475,1,7,1,NULL,NULL,NULL,0,'Thor',1,1,270,NULL,1,0,0,0,0,0,0),(1585,2812,1,7,1,NULL,NULL,NULL,0,'Dirac',0,1,270,NULL,1,0,0,0,0,0,0),(1586,2812,1,7,1,NULL,NULL,NULL,0,'Dirac',0,1,270,NULL,1,0,0,0,0,0,0),(1587,2812,1,7,1,NULL,NULL,NULL,0,'Dirac',0,1,270,NULL,1,0,0,0,0,0,0),(1588,2812,1,7,1,NULL,NULL,NULL,0,'Dirac',1,1,270,NULL,1,0,0,0,0,0,0),(1589,2812,1,7,1,NULL,NULL,NULL,0,'Dirac',1,1,270,NULL,1,0,0,0,0,0,0),(1590,2812,1,7,1,NULL,NULL,NULL,0,'Dirac',0,1,270,NULL,1,0,0,0,0,0,0),(1591,2812,1,7,1,NULL,NULL,NULL,0,'Dirac',1,1,270,NULL,1,0,0,0,0,0,0),(1592,2812,1,7,1,NULL,NULL,NULL,0,'Dirac',0,1,270,NULL,1,0,0,0,0,0,0),(1593,2812,1,7,1,NULL,NULL,NULL,0,'Dirac',0,1,270,NULL,1,0,0,0,0,0,0),(1594,2812,1,7,1,NULL,NULL,NULL,0,'Dirac',1,1,270,NULL,1,0,0,0,0,0,0),(1595,2812,1,7,1,NULL,NULL,NULL,0,'Dirac',0,1,270,NULL,1,0,0,0,0,0,0),(1596,2812,1,7,1,NULL,NULL,NULL,0,'Dirac',1,1,270,NULL,1,0,0,0,0,0,0),(1597,90,1,88,4,NULL,NULL,NULL,0,'Glancer',1,NULL,NULL,NULL,1,0,0,0,0,0,0),(1598,90,1,88,4,NULL,NULL,NULL,0,'Glancer',1,NULL,NULL,NULL,1,0,0,0,0,0,0),(1599,90,1,88,4,NULL,NULL,NULL,0,'Glancer',1,NULL,NULL,NULL,1,0,0,0,0,0,0),(1600,125,1,88,4,NULL,NULL,NULL,0,'Gnat',0,NULL,NULL,NULL,1,0,0,0,0,0,0),(1601,125,1,88,4,NULL,NULL,NULL,0,'Gnat',0,NULL,NULL,NULL,1,0,0,0,0,0,0),(1602,125,1,88,4,NULL,NULL,NULL,0,'Gnat',0,NULL,NULL,NULL,1,0,0,0,0,0,0),(1603,125,1,88,4,NULL,NULL,NULL,0,'Gnat',0,NULL,NULL,NULL,1,0,0,0,0,0,0),(1604,125,1,88,4,NULL,NULL,NULL,0,'Gnat',1,NULL,NULL,NULL,1,0,0,0,0,0,0),(1605,125,1,88,4,NULL,NULL,NULL,0,'Gnat',1,NULL,NULL,NULL,1,0,0,0,0,0,0),(1606,125,1,88,4,NULL,NULL,NULL,0,'Gnat',0,NULL,NULL,NULL,1,0,0,0,0,0,0),(1607,125,1,88,4,NULL,NULL,NULL,0,'Gnat',1,NULL,NULL,NULL,1,0,0,0,0,0,0),(1608,125,1,88,4,NULL,NULL,NULL,0,'Gnat',1,NULL,NULL,NULL,1,0,0,0,0,0,0),(1609,90,1,89,4,NULL,NULL,NULL,0,'Glancer',1,NULL,NULL,NULL,1,0,0,0,0,0,0),(1610,90,1,89,4,NULL,NULL,NULL,0,'Glancer',1,NULL,NULL,NULL,1,0,0,0,0,0,0),(1611,90,1,89,4,NULL,NULL,NULL,0,'Glancer',1,NULL,NULL,NULL,1,0,0,0,0,0,0),(1612,90,1,89,4,NULL,NULL,NULL,0,'Glancer',1,NULL,NULL,NULL,1,0,0,0,0,0,0),(1613,125,1,89,4,NULL,NULL,NULL,0,'Gnat',0,NULL,NULL,NULL,1,0,0,0,0,0,0),(1614,125,1,89,4,NULL,NULL,NULL,0,'Gnat',0,NULL,NULL,NULL,1,0,0,0,0,0,0),(1615,125,1,89,4,NULL,NULL,NULL,0,'Gnat',0,NULL,NULL,NULL,1,0,0,0,0,0,0),(1616,125,1,89,4,NULL,NULL,NULL,0,'Gnat',0,NULL,NULL,NULL,1,0,0,0,0,0,0),(1617,125,1,89,4,NULL,NULL,NULL,0,'Gnat',1,NULL,NULL,NULL,1,0,0,0,0,0,0),(1618,125,1,89,4,NULL,NULL,NULL,0,'Gnat',1,NULL,NULL,NULL,1,0,0,0,0,0,0),(1619,125,1,89,4,NULL,NULL,NULL,0,'Gnat',0,NULL,NULL,NULL,1,0,0,0,0,0,0),(1620,90,1,90,4,NULL,NULL,NULL,0,'Glancer',1,NULL,NULL,NULL,1,0,0,0,0,0,0),(1621,90,1,90,4,NULL,NULL,NULL,0,'Glancer',1,NULL,NULL,NULL,1,0,0,0,0,0,0),(1622,125,1,90,4,NULL,NULL,NULL,0,'Gnat',0,NULL,NULL,NULL,1,0,0,0,0,0,0),(1623,125,1,90,4,NULL,NULL,NULL,0,'Gnat',0,NULL,NULL,NULL,1,0,0,0,0,0,0),(1624,125,1,90,4,NULL,NULL,NULL,0,'Gnat',0,NULL,NULL,NULL,1,0,0,0,0,0,0),(1625,125,1,90,4,NULL,NULL,NULL,0,'Gnat',0,NULL,NULL,NULL,1,0,0,0,0,0,0),(1626,125,1,90,4,NULL,NULL,NULL,0,'Gnat',1,NULL,NULL,NULL,1,0,0,0,0,0,0),(1627,125,1,90,4,NULL,NULL,NULL,0,'Gnat',1,NULL,NULL,NULL,1,0,0,0,0,0,0),(1628,125,1,90,4,NULL,NULL,NULL,0,'Gnat',1,NULL,NULL,NULL,1,0,0,0,0,0,0),(1629,125,1,90,4,NULL,NULL,NULL,0,'Gnat',1,NULL,NULL,NULL,1,0,0,0,0,0,0),(1630,125,1,90,4,NULL,NULL,NULL,0,'Gnat',0,NULL,NULL,NULL,1,0,0,0,0,0,0),(1631,900,1,91,4,NULL,NULL,NULL,0,'Gnawer',0,NULL,NULL,NULL,1,0,0,0,0,0,0),(1632,500,1,91,4,NULL,NULL,NULL,0,'Spudder',0,NULL,NULL,NULL,1,0,0,0,0,0,0),(1633,500,1,91,4,NULL,NULL,NULL,0,'Spudder',0,NULL,NULL,NULL,1,0,0,0,0,0,0),(1634,500,1,91,4,NULL,NULL,NULL,0,'Spudder',1,NULL,NULL,NULL,1,0,0,0,0,0,0),(1635,500,1,91,4,NULL,NULL,NULL,0,'Spudder',0,NULL,NULL,NULL,1,0,0,0,0,0,0),(1636,90,1,91,4,NULL,NULL,NULL,0,'Glancer',1,NULL,NULL,NULL,1,0,0,0,0,0,0),(1637,90,1,91,4,NULL,NULL,NULL,0,'Glancer',1,NULL,NULL,NULL,1,0,0,0,0,0,0),(1638,125,1,91,4,NULL,NULL,NULL,0,'Gnat',0,NULL,NULL,NULL,1,0,0,0,0,0,0),(1639,90,1,91,4,NULL,NULL,NULL,0,'Glancer',1,NULL,NULL,NULL,1,0,0,0,0,0,0),(1640,90,1,91,4,NULL,NULL,NULL,0,'Glancer',1,NULL,NULL,NULL,1,0,0,0,0,0,0),(1641,90,1,91,4,NULL,NULL,NULL,0,'Glancer',1,NULL,NULL,NULL,1,0,0,0,0,0,0),(1642,90,1,91,4,NULL,NULL,NULL,0,'Glancer',1,NULL,NULL,NULL,1,0,0,0,0,0,0),(1643,90,1,91,4,NULL,NULL,NULL,0,'Glancer',1,NULL,NULL,NULL,1,0,0,0,0,0,0),(1644,125,1,91,4,NULL,NULL,NULL,0,'Gnat',0,NULL,NULL,NULL,1,0,0,0,0,0,0),(1645,125,1,91,4,NULL,NULL,NULL,0,'Gnat',0,NULL,NULL,NULL,1,0,0,0,0,0,0),(1646,125,1,91,4,NULL,NULL,NULL,0,'Gnat',0,NULL,NULL,NULL,1,0,0,0,0,0,0),(1647,125,1,91,4,NULL,NULL,NULL,0,'Gnat',0,NULL,NULL,NULL,1,0,0,0,0,0,0),(1648,125,1,91,4,NULL,NULL,NULL,0,'Gnat',1,NULL,NULL,NULL,1,0,0,0,0,0,0),(1649,125,1,91,4,NULL,NULL,NULL,0,'Gnat',1,NULL,NULL,NULL,1,0,0,0,0,0,0),(1650,125,1,91,4,NULL,NULL,NULL,0,'Gnat',0,NULL,NULL,NULL,1,0,0,0,0,0,0),(1651,125,1,91,4,NULL,NULL,NULL,0,'Gnat',0,NULL,NULL,NULL,1,0,0,0,0,0,0),(1652,125,1,91,4,NULL,NULL,NULL,0,'Gnat',1,NULL,NULL,NULL,1,0,0,0,0,0,0),(1653,500,1,92,4,NULL,NULL,NULL,0,'Spudder',0,NULL,NULL,NULL,1,0,0,0,0,0,0),(1654,500,1,92,4,NULL,NULL,NULL,0,'Spudder',0,NULL,NULL,NULL,1,0,0,0,0,0,0),(1655,90,1,92,4,NULL,NULL,NULL,0,'Glancer',1,NULL,NULL,NULL,1,0,0,0,0,0,0),(1656,90,1,92,4,NULL,NULL,NULL,0,'Glancer',1,NULL,NULL,NULL,1,0,0,0,0,0,0),(1657,125,1,92,4,NULL,NULL,NULL,0,'Gnat',1,NULL,NULL,NULL,1,0,0,0,0,0,0),(1658,125,1,92,4,NULL,NULL,NULL,0,'Gnat',0,NULL,NULL,NULL,1,0,0,0,0,0,0),(1659,90,1,92,4,NULL,NULL,NULL,0,'Glancer',1,NULL,NULL,NULL,1,0,0,0,0,0,0),(1660,90,1,92,4,NULL,NULL,NULL,0,'Glancer',1,NULL,NULL,NULL,1,0,0,0,0,0,0),(1661,90,1,92,4,NULL,NULL,NULL,0,'Glancer',1,NULL,NULL,NULL,1,0,0,0,0,0,0),(1662,90,1,92,4,NULL,NULL,NULL,0,'Glancer',1,NULL,NULL,NULL,1,0,0,0,0,0,0),(1663,90,1,92,4,NULL,NULL,NULL,0,'Glancer',1,NULL,NULL,NULL,1,0,0,0,0,0,0),(1664,90,1,92,4,NULL,NULL,NULL,0,'Glancer',1,NULL,NULL,NULL,1,0,0,0,0,0,0),(1665,125,1,92,4,NULL,NULL,NULL,0,'Gnat',0,NULL,NULL,NULL,1,0,0,0,0,0,0),(1666,125,1,92,4,NULL,NULL,NULL,0,'Gnat',0,NULL,NULL,NULL,1,0,0,0,0,0,0),(1667,125,1,92,4,NULL,NULL,NULL,0,'Gnat',0,NULL,NULL,NULL,1,0,0,0,0,0,0),(1668,125,1,92,4,NULL,NULL,NULL,0,'Gnat',0,NULL,NULL,NULL,1,0,0,0,0,0,0),(1669,125,1,92,4,NULL,NULL,NULL,0,'Gnat',1,NULL,NULL,NULL,1,0,0,0,0,0,0),(1670,125,1,92,4,NULL,NULL,NULL,0,'Gnat',1,NULL,NULL,NULL,1,0,0,0,0,0,0),(1671,125,1,92,4,NULL,NULL,NULL,0,'Gnat',0,NULL,NULL,NULL,1,0,0,0,0,0,0),(1672,125,1,92,4,NULL,NULL,NULL,0,'Gnat',1,NULL,NULL,NULL,1,0,0,0,0,0,0),(1673,500,1,93,4,NULL,NULL,NULL,0,'Spudder',0,NULL,NULL,NULL,1,0,0,0,0,0,0),(1674,500,1,93,4,NULL,NULL,NULL,0,'Spudder',0,NULL,NULL,NULL,1,0,0,0,0,0,0),(1675,90,1,93,4,NULL,NULL,NULL,0,'Glancer',1,NULL,NULL,NULL,1,0,0,0,0,0,0),(1676,90,1,93,4,NULL,NULL,NULL,0,'Glancer',1,NULL,NULL,NULL,1,0,0,0,0,0,0),(1677,125,1,93,4,NULL,NULL,NULL,0,'Gnat',0,NULL,NULL,NULL,1,0,0,0,0,0,0),(1678,125,1,93,4,NULL,NULL,NULL,0,'Gnat',0,NULL,NULL,NULL,1,0,0,0,0,0,0),(1679,125,1,93,4,NULL,NULL,NULL,0,'Gnat',1,NULL,NULL,NULL,1,0,0,0,0,0,0),(1680,90,1,93,4,NULL,NULL,NULL,0,'Glancer',1,NULL,NULL,NULL,1,0,0,0,0,0,0),(1681,90,1,93,4,NULL,NULL,NULL,0,'Glancer',1,NULL,NULL,NULL,1,0,0,0,0,0,0),(1682,90,1,93,4,NULL,NULL,NULL,0,'Glancer',1,NULL,NULL,NULL,1,0,0,0,0,0,0),(1683,90,1,93,4,NULL,NULL,NULL,0,'Glancer',1,NULL,NULL,NULL,1,0,0,0,0,0,0),(1684,90,1,93,4,NULL,NULL,NULL,0,'Glancer',1,NULL,NULL,NULL,1,0,0,0,0,0,0),(1685,90,1,93,4,NULL,NULL,NULL,0,'Glancer',1,NULL,NULL,NULL,1,0,0,0,0,0,0),(1686,125,1,93,4,NULL,NULL,NULL,0,'Gnat',0,NULL,NULL,NULL,1,0,0,0,0,0,0),(1687,125,1,93,4,NULL,NULL,NULL,0,'Gnat',0,NULL,NULL,NULL,1,0,0,0,0,0,0),(1688,125,1,93,4,NULL,NULL,NULL,0,'Gnat',0,NULL,NULL,NULL,1,0,0,0,0,0,0),(1689,125,1,93,4,NULL,NULL,NULL,0,'Gnat',0,NULL,NULL,NULL,1,0,0,0,0,0,0),(1690,125,1,93,4,NULL,NULL,NULL,0,'Gnat',1,NULL,NULL,NULL,1,0,0,0,0,0,0),(1691,125,1,93,4,NULL,NULL,NULL,0,'Gnat',1,NULL,NULL,NULL,1,0,0,0,0,0,0),(1692,125,1,93,4,NULL,NULL,NULL,0,'Gnat',0,NULL,NULL,NULL,1,0,0,0,0,0,0),(1693,900,1,94,4,NULL,NULL,NULL,0,'Gnawer',0,NULL,NULL,NULL,1,0,0,0,0,0,0),(1694,900,1,94,4,NULL,NULL,NULL,0,'Gnawer',0,NULL,NULL,NULL,1,0,0,0,0,0,0),(1695,900,1,94,4,NULL,NULL,NULL,0,'Gnawer',0,NULL,NULL,NULL,1,0,0,0,0,0,0),(1696,900,1,94,4,NULL,NULL,NULL,0,'Gnawer',0,NULL,NULL,NULL,1,0,0,0,0,0,0),(1697,500,1,94,4,NULL,NULL,NULL,0,'Spudder',0,NULL,NULL,NULL,1,0,0,0,0,0,0),(1698,500,1,94,4,NULL,NULL,NULL,0,'Spudder',0,NULL,NULL,NULL,1,0,0,0,0,0,0),(1699,500,1,94,4,NULL,NULL,NULL,0,'Spudder',1,NULL,NULL,NULL,1,0,0,0,0,0,0),(1700,500,1,94,4,NULL,NULL,NULL,0,'Spudder',0,NULL,NULL,NULL,1,0,0,0,0,0,0),(1701,90,1,94,4,NULL,NULL,NULL,0,'Glancer',1,NULL,NULL,NULL,1,0,0,0,0,0,0),(1702,90,1,94,4,NULL,NULL,NULL,0,'Glancer',1,NULL,NULL,NULL,1,0,0,0,0,0,0),(1703,125,1,94,4,NULL,NULL,NULL,0,'Gnat',0,NULL,NULL,NULL,1,0,0,0,0,0,0),(1704,125,1,94,4,NULL,NULL,NULL,0,'Gnat',0,NULL,NULL,NULL,1,0,0,0,0,0,0),(1705,125,1,94,4,NULL,NULL,NULL,0,'Gnat',0,NULL,NULL,NULL,1,0,0,0,0,0,0),(1706,125,1,94,4,NULL,NULL,NULL,0,'Gnat',0,NULL,NULL,NULL,1,0,0,0,0,0,0),(1707,90,1,94,4,NULL,NULL,NULL,0,'Glancer',1,NULL,NULL,NULL,1,0,0,0,0,0,0),(1708,90,1,94,4,NULL,NULL,NULL,0,'Glancer',1,NULL,NULL,NULL,1,0,0,0,0,0,0),(1709,90,1,94,4,NULL,NULL,NULL,0,'Glancer',1,NULL,NULL,NULL,1,0,0,0,0,0,0),(1710,90,1,94,4,NULL,NULL,NULL,0,'Glancer',1,NULL,NULL,NULL,1,0,0,0,0,0,0),(1711,90,1,94,4,NULL,NULL,NULL,0,'Glancer',1,NULL,NULL,NULL,1,0,0,0,0,0,0),(1712,90,1,94,4,NULL,NULL,NULL,0,'Glancer',1,NULL,NULL,NULL,1,0,0,0,0,0,0),(1713,125,1,94,4,NULL,NULL,NULL,0,'Gnat',0,NULL,NULL,NULL,1,0,0,0,0,0,0),(1714,125,1,94,4,NULL,NULL,NULL,0,'Gnat',0,NULL,NULL,NULL,1,0,0,0,0,0,0),(1715,125,1,94,4,NULL,NULL,NULL,0,'Gnat',0,NULL,NULL,NULL,1,0,0,0,0,0,0),(1716,125,1,94,4,NULL,NULL,NULL,0,'Gnat',0,NULL,NULL,NULL,1,0,0,0,0,0,0),(1717,125,1,94,4,NULL,NULL,NULL,0,'Gnat',1,NULL,NULL,NULL,1,0,0,0,0,0,0),(1718,125,1,94,4,NULL,NULL,NULL,0,'Gnat',1,NULL,NULL,NULL,1,0,0,0,0,0,0),(1719,125,1,94,4,NULL,NULL,NULL,0,'Gnat',0,NULL,NULL,NULL,1,0,0,0,0,0,0),(1720,125,1,94,4,NULL,NULL,NULL,0,'Gnat',0,NULL,NULL,NULL,1,0,0,0,0,0,0),(1721,125,1,94,4,NULL,NULL,NULL,0,'Gnat',0,NULL,NULL,NULL,1,0,0,0,0,0,0),(1722,125,1,94,4,NULL,NULL,NULL,0,'Gnat',1,NULL,NULL,NULL,1,0,0,0,0,0,0),(1723,900,1,95,4,NULL,NULL,NULL,0,'Gnawer',0,NULL,NULL,NULL,1,0,0,0,0,0,0),(1724,900,1,95,4,NULL,NULL,NULL,0,'Gnawer',0,NULL,NULL,NULL,1,0,0,0,0,0,0),(1725,900,1,95,4,NULL,NULL,NULL,0,'Gnawer',0,NULL,NULL,NULL,1,0,0,0,0,0,0),(1726,500,1,95,4,NULL,NULL,NULL,0,'Spudder',0,NULL,NULL,NULL,1,0,0,0,0,0,0),(1727,500,1,95,4,NULL,NULL,NULL,0,'Spudder',0,NULL,NULL,NULL,1,0,0,0,0,0,0),(1728,500,1,95,4,NULL,NULL,NULL,0,'Spudder',0,NULL,NULL,NULL,1,0,0,0,0,0,0),(1729,500,1,95,4,NULL,NULL,NULL,0,'Spudder',0,NULL,NULL,NULL,1,0,0,0,0,0,0),(1730,90,1,95,4,NULL,NULL,NULL,0,'Glancer',1,NULL,NULL,NULL,1,0,0,0,0,0,0),(1731,90,1,95,4,NULL,NULL,NULL,0,'Glancer',1,NULL,NULL,NULL,1,0,0,0,0,0,0),(1732,125,1,95,4,NULL,NULL,NULL,0,'Gnat',0,NULL,NULL,NULL,1,0,0,0,0,0,0),(1733,125,1,95,4,NULL,NULL,NULL,0,'Gnat',0,NULL,NULL,NULL,1,0,0,0,0,0,0),(1734,90,1,95,4,NULL,NULL,NULL,0,'Glancer',1,NULL,NULL,NULL,1,0,0,0,0,0,0),(1735,90,1,95,4,NULL,NULL,NULL,0,'Glancer',1,NULL,NULL,NULL,1,0,0,0,0,0,0),(1736,90,1,95,4,NULL,NULL,NULL,0,'Glancer',1,NULL,NULL,NULL,1,0,0,0,0,0,0),(1737,90,1,95,4,NULL,NULL,NULL,0,'Glancer',1,NULL,NULL,NULL,1,0,0,0,0,0,0),(1738,90,1,95,4,NULL,NULL,NULL,0,'Glancer',1,NULL,NULL,NULL,1,0,0,0,0,0,0),(1739,125,1,95,4,NULL,NULL,NULL,0,'Gnat',0,NULL,NULL,NULL,1,0,0,0,0,0,0),(1740,125,1,95,4,NULL,NULL,NULL,0,'Gnat',0,NULL,NULL,NULL,1,0,0,0,0,0,0),(1741,125,1,95,4,NULL,NULL,NULL,0,'Gnat',0,NULL,NULL,NULL,1,0,0,0,0,0,0),(1742,125,1,95,4,NULL,NULL,NULL,0,'Gnat',0,NULL,NULL,NULL,1,0,0,0,0,0,0),(1743,125,1,95,4,NULL,NULL,NULL,0,'Gnat',1,NULL,NULL,NULL,1,0,0,0,0,0,0),(1744,125,1,95,4,NULL,NULL,NULL,0,'Gnat',1,NULL,NULL,NULL,1,0,0,0,0,0,0),(1745,125,1,95,4,NULL,NULL,NULL,0,'Gnat',0,NULL,NULL,NULL,1,0,0,0,0,0,0),(1746,125,1,95,4,NULL,NULL,NULL,0,'Gnat',0,NULL,NULL,NULL,1,0,0,0,0,0,0),(1747,125,1,95,4,NULL,NULL,NULL,0,'Gnat',0,NULL,NULL,NULL,1,0,0,0,0,0,0),(1748,900,1,96,4,NULL,NULL,NULL,0,'Gnawer',0,NULL,NULL,NULL,1,0,0,0,0,0,0),(1749,900,1,96,4,NULL,NULL,NULL,0,'Gnawer',0,NULL,NULL,NULL,1,0,0,0,0,0,0),(1750,500,1,96,4,NULL,NULL,NULL,0,'Spudder',0,NULL,NULL,NULL,1,0,0,0,0,0,0),(1751,500,1,96,4,NULL,NULL,NULL,0,'Spudder',0,NULL,NULL,NULL,1,0,0,0,0,0,0),(1752,90,1,96,4,NULL,NULL,NULL,0,'Glancer',1,NULL,NULL,NULL,1,0,0,0,0,0,0),(1753,90,1,96,4,NULL,NULL,NULL,0,'Glancer',1,NULL,NULL,NULL,1,0,0,0,0,0,0),(1754,125,1,96,4,NULL,NULL,NULL,0,'Gnat',0,NULL,NULL,NULL,1,0,0,0,0,0,0),(1755,125,1,96,4,NULL,NULL,NULL,0,'Gnat',1,NULL,NULL,NULL,1,0,0,0,0,0,0),(1756,125,1,96,4,NULL,NULL,NULL,0,'Gnat',0,NULL,NULL,NULL,1,0,0,0,0,0,0),(1757,90,1,96,4,NULL,NULL,NULL,0,'Glancer',1,NULL,NULL,NULL,1,0,0,0,0,0,0),(1758,90,1,96,4,NULL,NULL,NULL,0,'Glancer',1,NULL,NULL,NULL,1,0,0,0,0,0,0),(1759,90,1,96,4,NULL,NULL,NULL,0,'Glancer',1,NULL,NULL,NULL,1,0,0,0,0,0,0),(1760,90,1,96,4,NULL,NULL,NULL,0,'Glancer',1,NULL,NULL,NULL,1,0,0,0,0,0,0),(1761,125,1,96,4,NULL,NULL,NULL,0,'Gnat',0,NULL,NULL,NULL,1,0,0,0,0,0,0),(1762,125,1,96,4,NULL,NULL,NULL,0,'Gnat',0,NULL,NULL,NULL,1,0,0,0,0,0,0),(1763,125,1,96,4,NULL,NULL,NULL,0,'Gnat',0,NULL,NULL,NULL,1,0,0,0,0,0,0),(1764,125,1,96,4,NULL,NULL,NULL,0,'Gnat',0,NULL,NULL,NULL,1,0,0,0,0,0,0),(1765,125,1,96,4,NULL,NULL,NULL,0,'Gnat',1,NULL,NULL,NULL,1,0,0,0,0,0,0),(1766,125,1,96,4,NULL,NULL,NULL,0,'Gnat',1,NULL,NULL,NULL,1,0,0,0,0,0,0),(1767,125,1,96,4,NULL,NULL,NULL,0,'Gnat',0,NULL,NULL,NULL,1,0,0,0,0,0,0),(1768,125,1,96,4,NULL,NULL,NULL,0,'Gnat',1,NULL,NULL,NULL,1,0,0,0,0,0,0),(1769,900,1,97,4,NULL,NULL,NULL,0,'Gnawer',0,NULL,NULL,NULL,1,0,0,0,0,0,0),(1770,900,1,97,4,NULL,NULL,NULL,0,'Gnawer',0,NULL,NULL,NULL,1,0,0,0,0,0,0),(1771,500,1,97,4,NULL,NULL,NULL,0,'Spudder',0,NULL,NULL,NULL,1,0,0,0,0,0,0),(1772,500,1,97,4,NULL,NULL,NULL,0,'Spudder',0,NULL,NULL,NULL,1,0,0,0,0,0,0),(1773,500,1,97,4,NULL,NULL,NULL,0,'Spudder',1,NULL,NULL,NULL,1,0,0,0,0,0,0),(1774,900,1,97,4,NULL,NULL,NULL,0,'Gnawer',0,NULL,NULL,NULL,1,0,0,0,0,0,0),(1775,500,1,97,4,NULL,NULL,NULL,0,'Spudder',0,NULL,NULL,NULL,1,0,0,0,0,0,0),(1776,500,1,97,4,NULL,NULL,NULL,0,'Spudder',0,NULL,NULL,NULL,1,0,0,0,0,0,0),(1777,90,1,97,4,NULL,NULL,NULL,0,'Glancer',1,NULL,NULL,NULL,1,0,0,0,0,0,0),(1778,90,1,97,4,NULL,NULL,NULL,0,'Glancer',1,NULL,NULL,NULL,1,0,0,0,0,0,0),(1779,125,1,97,4,NULL,NULL,NULL,0,'Gnat',0,NULL,NULL,NULL,1,0,0,0,0,0,0),(1780,125,1,97,4,NULL,NULL,NULL,0,'Gnat',0,NULL,NULL,NULL,1,0,0,0,0,0,0),(1781,125,1,97,4,NULL,NULL,NULL,0,'Gnat',0,NULL,NULL,NULL,1,0,0,0,0,0,0),(1782,90,1,97,4,NULL,NULL,NULL,0,'Glancer',1,NULL,NULL,NULL,1,0,0,0,0,0,0),(1783,90,1,97,4,NULL,NULL,NULL,0,'Glancer',1,NULL,NULL,NULL,1,0,0,0,0,0,0),(1784,90,1,97,4,NULL,NULL,NULL,0,'Glancer',1,NULL,NULL,NULL,1,0,0,0,0,0,0),(1785,90,1,97,4,NULL,NULL,NULL,0,'Glancer',1,NULL,NULL,NULL,1,0,0,0,0,0,0),(1786,90,1,97,4,NULL,NULL,NULL,0,'Glancer',1,NULL,NULL,NULL,1,0,0,0,0,0,0),(1787,125,1,97,4,NULL,NULL,NULL,0,'Gnat',0,NULL,NULL,NULL,1,0,0,0,0,0,0),(1788,125,1,97,4,NULL,NULL,NULL,0,'Gnat',0,NULL,NULL,NULL,1,0,0,0,0,0,0),(1789,125,1,97,4,NULL,NULL,NULL,0,'Gnat',0,NULL,NULL,NULL,1,0,0,0,0,0,0),(1790,125,1,97,4,NULL,NULL,NULL,0,'Gnat',0,NULL,NULL,NULL,1,0,0,0,0,0,0),(1791,125,1,97,4,NULL,NULL,NULL,0,'Gnat',1,NULL,NULL,NULL,1,0,0,0,0,0,0),(1792,125,1,97,4,NULL,NULL,NULL,0,'Gnat',1,NULL,NULL,NULL,1,0,0,0,0,0,0),(1793,125,1,97,4,NULL,NULL,NULL,0,'Gnat',0,NULL,NULL,NULL,1,0,0,0,0,0,0),(1794,125,1,97,4,NULL,NULL,NULL,0,'Gnat',1,NULL,NULL,NULL,1,0,0,0,0,0,0),(1795,125,1,97,4,NULL,NULL,NULL,0,'Gnat',1,NULL,NULL,NULL,1,0,0,0,0,0,0),(1796,125,1,97,4,NULL,NULL,NULL,0,'Gnat',0,NULL,NULL,NULL,1,0,0,0,0,0,0),(1797,500,1,98,4,NULL,NULL,NULL,0,'Spudder',0,NULL,NULL,NULL,1,0,0,0,0,0,0),(1798,90,1,98,4,NULL,NULL,NULL,0,'Glancer',1,NULL,NULL,NULL,1,0,0,0,0,0,0),(1799,90,1,98,4,NULL,NULL,NULL,0,'Glancer',1,NULL,NULL,NULL,1,0,0,0,0,0,0),(1800,125,1,98,4,NULL,NULL,NULL,0,'Gnat',1,NULL,NULL,NULL,1,0,0,0,0,0,0),(1801,125,1,98,4,NULL,NULL,NULL,0,'Gnat',0,NULL,NULL,NULL,1,0,0,0,0,0,0),(1802,90,1,98,4,NULL,NULL,NULL,0,'Glancer',1,NULL,NULL,NULL,1,0,0,0,0,0,0),(1803,90,1,98,4,NULL,NULL,NULL,0,'Glancer',1,NULL,NULL,NULL,1,0,0,0,0,0,0),(1804,90,1,98,4,NULL,NULL,NULL,0,'Glancer',1,NULL,NULL,NULL,1,0,0,0,0,0,0),(1805,90,1,98,4,NULL,NULL,NULL,0,'Glancer',1,NULL,NULL,NULL,1,0,0,0,0,0,0),(1806,90,1,98,4,NULL,NULL,NULL,0,'Glancer',1,NULL,NULL,NULL,1,0,0,0,0,0,0),(1807,90,1,98,4,NULL,NULL,NULL,0,'Glancer',1,NULL,NULL,NULL,1,0,0,0,0,0,0),(1808,90,1,98,4,NULL,NULL,NULL,0,'Glancer',1,NULL,NULL,NULL,1,0,0,0,0,0,0),(1809,125,1,98,4,NULL,NULL,NULL,0,'Gnat',0,NULL,NULL,NULL,1,0,0,0,0,0,0),(1810,125,1,98,4,NULL,NULL,NULL,0,'Gnat',0,NULL,NULL,NULL,1,0,0,0,0,0,0),(1811,125,1,98,4,NULL,NULL,NULL,0,'Gnat',0,NULL,NULL,NULL,1,0,0,0,0,0,0),(1812,125,1,98,4,NULL,NULL,NULL,0,'Gnat',0,NULL,NULL,NULL,1,0,0,0,0,0,0),(1813,125,1,98,4,NULL,NULL,NULL,0,'Gnat',1,NULL,NULL,NULL,1,0,0,0,0,0,0),(1814,125,1,98,4,NULL,NULL,NULL,0,'Gnat',1,NULL,NULL,NULL,1,0,0,0,0,0,0),(1815,125,1,98,4,NULL,NULL,NULL,0,'Gnat',0,NULL,NULL,NULL,1,0,0,0,0,0,0),(1816,125,1,98,4,NULL,NULL,NULL,0,'Gnat',0,NULL,NULL,NULL,1,0,0,0,0,0,0),(1817,125,1,98,4,NULL,NULL,NULL,0,'Gnat',1,NULL,NULL,NULL,1,0,0,0,0,0,0),(1818,125,1,98,4,NULL,NULL,NULL,0,'Gnat',1,NULL,NULL,NULL,1,0,0,0,0,0,0),(1819,125,1,98,4,NULL,NULL,NULL,0,'Gnat',1,NULL,NULL,NULL,1,0,0,0,0,0,0),(1820,90,1,99,4,NULL,NULL,NULL,0,'Glancer',1,NULL,NULL,NULL,1,0,0,0,0,0,0),(1821,90,1,99,4,NULL,NULL,NULL,0,'Glancer',1,NULL,NULL,NULL,1,0,0,0,0,0,0),(1822,125,1,99,4,NULL,NULL,NULL,0,'Gnat',1,NULL,NULL,NULL,1,0,0,0,0,0,0),(1823,125,1,99,4,NULL,NULL,NULL,0,'Gnat',0,NULL,NULL,NULL,1,0,0,0,0,0,0),(1824,90,1,99,4,NULL,NULL,NULL,0,'Glancer',1,NULL,NULL,NULL,1,0,0,0,0,0,0),(1825,90,1,99,4,NULL,NULL,NULL,0,'Glancer',1,NULL,NULL,NULL,1,0,0,0,0,0,0),(1826,90,1,99,4,NULL,NULL,NULL,0,'Glancer',1,NULL,NULL,NULL,1,0,0,0,0,0,0),(1827,90,1,99,4,NULL,NULL,NULL,0,'Glancer',1,NULL,NULL,NULL,1,0,0,0,0,0,0),(1828,90,1,99,4,NULL,NULL,NULL,0,'Glancer',1,NULL,NULL,NULL,1,0,0,0,0,0,0),(1829,90,1,99,4,NULL,NULL,NULL,0,'Glancer',1,NULL,NULL,NULL,1,0,0,0,0,0,0),(1830,90,1,99,4,NULL,NULL,NULL,0,'Glancer',1,NULL,NULL,NULL,1,0,0,0,0,0,0),(1831,125,1,99,4,NULL,NULL,NULL,0,'Gnat',0,NULL,NULL,NULL,1,0,0,0,0,0,0),(1832,125,1,99,4,NULL,NULL,NULL,0,'Gnat',0,NULL,NULL,NULL,1,0,0,0,0,0,0),(1833,125,1,99,4,NULL,NULL,NULL,0,'Gnat',0,NULL,NULL,NULL,1,0,0,0,0,0,0),(1834,125,1,99,4,NULL,NULL,NULL,0,'Gnat',0,NULL,NULL,NULL,1,0,0,0,0,0,0),(1835,125,1,99,4,NULL,NULL,NULL,0,'Gnat',1,NULL,NULL,NULL,1,0,0,0,0,0,0),(1836,125,1,99,4,NULL,NULL,NULL,0,'Gnat',1,NULL,NULL,NULL,1,0,0,0,0,0,0),(1837,125,1,99,4,NULL,NULL,NULL,0,'Gnat',0,NULL,NULL,NULL,1,0,0,0,0,0,0),(1838,125,1,99,4,NULL,NULL,NULL,0,'Gnat',1,NULL,NULL,NULL,1,0,0,0,0,0,0),(1839,125,1,100,4,NULL,NULL,NULL,0,'Gnat',0,NULL,NULL,NULL,1,0,0,0,0,0,0),(1840,125,1,100,4,NULL,NULL,NULL,0,'Gnat',0,NULL,NULL,NULL,1,0,0,0,0,0,0),(1841,125,1,100,4,NULL,NULL,NULL,0,'Gnat',0,NULL,NULL,NULL,1,0,0,0,0,0,0),(1842,125,1,100,4,NULL,NULL,NULL,0,'Gnat',0,NULL,NULL,NULL,1,0,0,0,0,0,0),(1843,125,1,100,4,NULL,NULL,NULL,0,'Gnat',1,NULL,NULL,NULL,1,0,0,0,0,0,0),(1844,125,1,100,4,NULL,NULL,NULL,0,'Gnat',1,NULL,NULL,NULL,1,0,0,0,0,0,0),(1845,125,1,100,4,NULL,NULL,NULL,0,'Gnat',1,NULL,NULL,NULL,1,0,0,0,0,0,0),(1846,125,1,101,4,NULL,NULL,NULL,0,'Gnat',0,NULL,NULL,NULL,1,0,0,0,0,0,0),(1847,125,1,101,4,NULL,NULL,NULL,0,'Gnat',0,NULL,NULL,NULL,1,0,0,0,0,0,0),(1848,125,1,101,4,NULL,NULL,NULL,0,'Gnat',0,NULL,NULL,NULL,1,0,0,0,0,0,0),(1849,125,1,101,4,NULL,NULL,NULL,0,'Gnat',0,NULL,NULL,NULL,1,0,0,0,0,0,0),(1850,125,1,101,4,NULL,NULL,NULL,0,'Gnat',1,NULL,NULL,NULL,1,0,0,0,0,0,0),(1851,125,1,101,4,NULL,NULL,NULL,0,'Gnat',1,NULL,NULL,NULL,1,0,0,0,0,0,0),(1852,125,1,102,4,NULL,NULL,NULL,0,'Gnat',0,NULL,NULL,NULL,1,0,0,0,0,0,0),(1853,125,1,102,4,NULL,NULL,NULL,0,'Gnat',0,NULL,NULL,NULL,1,0,0,0,0,0,0),(1854,125,1,102,4,NULL,NULL,NULL,0,'Gnat',0,NULL,NULL,NULL,1,0,0,0,0,0,0),(1855,125,1,102,4,NULL,NULL,NULL,0,'Gnat',0,NULL,NULL,NULL,1,0,0,0,0,0,0),(1856,125,1,102,4,NULL,NULL,NULL,0,'Gnat',1,NULL,NULL,NULL,1,0,0,0,0,0,0),(1857,125,1,102,4,NULL,NULL,NULL,0,'Gnat',1,NULL,NULL,NULL,1,0,0,0,0,0,0),(1858,125,1,102,4,NULL,NULL,NULL,0,'Gnat',1,NULL,NULL,NULL,1,0,0,0,0,0,0),(1859,125,1,102,4,NULL,NULL,NULL,0,'Gnat',1,NULL,NULL,NULL,1,0,0,0,0,0,0),(1860,125,1,103,4,NULL,NULL,NULL,0,'Gnat',0,NULL,NULL,NULL,1,0,0,0,0,0,0),(1861,125,1,103,4,NULL,NULL,NULL,0,'Gnat',0,NULL,NULL,NULL,1,0,0,0,0,0,0),(1862,125,1,103,4,NULL,NULL,NULL,0,'Gnat',0,NULL,NULL,NULL,1,0,0,0,0,0,0),(1863,125,1,103,4,NULL,NULL,NULL,0,'Gnat',0,NULL,NULL,NULL,1,0,0,0,0,0,0),(1864,125,1,103,4,NULL,NULL,NULL,0,'Gnat',1,NULL,NULL,NULL,1,0,0,0,0,0,0),(1865,125,1,103,4,NULL,NULL,NULL,0,'Gnat',1,NULL,NULL,NULL,1,0,0,0,0,0,0),(1866,125,1,103,4,NULL,NULL,NULL,0,'Gnat',0,NULL,NULL,NULL,1,0,0,0,0,0,0),(1867,125,1,103,4,NULL,NULL,NULL,0,'Gnat',0,NULL,NULL,NULL,1,0,0,0,0,0,0),(1868,26875,1,7,1,NULL,NULL,NULL,0,'Demosis',0,1,90,NULL,1,0,0,0,0,0,0),(1869,26875,1,7,1,NULL,NULL,NULL,0,'Demosis',0,1,90,NULL,1,0,0,0,0,0,0),(1870,4475,1,7,1,NULL,NULL,NULL,0,'Thor',1,1,90,NULL,1,0,0,0,0,0,0),(1871,4475,1,7,1,NULL,NULL,NULL,0,'Thor',0,1,90,NULL,1,0,0,0,0,0,0),(1872,4475,1,7,1,NULL,NULL,NULL,0,'Thor',0,1,90,NULL,1,0,0,0,0,0,0),(1873,4475,1,7,1,NULL,NULL,NULL,0,'Thor',0,1,90,NULL,1,0,0,0,0,0,0),(1874,4475,1,7,1,NULL,NULL,NULL,0,'Thor',0,1,90,NULL,1,0,0,0,0,0,0),(1875,4475,1,7,1,NULL,NULL,NULL,0,'Thor',0,1,90,NULL,1,0,0,0,0,0,0),(1876,4475,1,7,1,NULL,NULL,NULL,0,'Thor',0,1,90,NULL,1,0,0,0,0,0,0),(1877,4475,1,7,1,NULL,NULL,NULL,0,'Thor',0,1,90,NULL,1,0,0,0,0,0,0),(1878,4475,1,7,1,NULL,NULL,NULL,0,'Thor',1,1,90,NULL,1,0,0,0,0,0,0),(1879,4475,1,7,1,NULL,NULL,NULL,0,'Thor',0,1,90,NULL,1,0,0,0,0,0,0),(1880,4475,1,7,1,NULL,NULL,NULL,0,'Thor',0,1,90,NULL,1,0,0,0,0,0,0),(1881,4475,1,7,1,NULL,NULL,NULL,0,'Thor',1,1,90,NULL,1,0,0,0,0,0,0),(1882,2812,1,7,1,NULL,NULL,NULL,0,'Dirac',0,1,90,NULL,1,0,0,0,0,0,0),(1883,2812,1,7,1,NULL,NULL,NULL,0,'Dirac',1,1,90,NULL,1,0,0,0,0,0,0),(1884,2812,1,7,1,NULL,NULL,NULL,0,'Dirac',1,1,90,NULL,1,0,0,0,0,0,0),(1885,2812,1,7,1,NULL,NULL,NULL,0,'Dirac',1,1,90,NULL,1,0,0,0,0,0,0),(1886,2812,1,7,1,NULL,NULL,NULL,0,'Dirac',0,1,90,NULL,1,0,0,0,0,0,0),(1887,2812,1,7,1,NULL,NULL,NULL,0,'Dirac',0,1,90,NULL,1,0,0,0,0,0,0),(1888,2812,1,7,1,NULL,NULL,NULL,0,'Dirac',0,1,90,NULL,1,0,0,0,0,0,0),(1889,2812,1,7,1,NULL,NULL,NULL,0,'Dirac',1,1,90,NULL,1,0,0,0,0,0,0),(1890,2812,1,7,1,NULL,NULL,NULL,0,'Dirac',0,1,90,NULL,1,0,0,0,0,0,0),(1891,2812,1,7,1,NULL,NULL,NULL,0,'Dirac',1,1,90,NULL,1,0,0,0,0,0,0),(1892,26875,1,7,1,NULL,NULL,NULL,0,'Demosis',0,2,150,NULL,1,0,0,0,0,0,0),(1893,26875,1,7,1,NULL,NULL,NULL,0,'Demosis',0,2,150,NULL,1,0,0,0,0,0,0),(1894,4475,1,7,1,NULL,NULL,NULL,0,'Thor',1,2,150,NULL,1,0,0,0,0,0,0),(1895,4475,1,7,1,NULL,NULL,NULL,0,'Thor',1,2,150,NULL,1,0,0,0,0,0,0),(1896,4475,1,7,1,NULL,NULL,NULL,0,'Thor',1,2,150,NULL,1,0,0,0,0,0,0),(1897,4475,1,7,1,NULL,NULL,NULL,0,'Thor',0,2,150,NULL,1,0,0,0,0,0,0),(1898,4475,1,7,1,NULL,NULL,NULL,0,'Thor',1,2,150,NULL,1,0,0,0,0,0,0),(1899,4475,1,7,1,NULL,NULL,NULL,0,'Thor',1,2,150,NULL,1,0,0,0,0,0,0),(1900,4475,1,7,1,NULL,NULL,NULL,0,'Thor',1,2,150,NULL,1,0,0,0,0,0,0),(1901,4475,1,7,1,NULL,NULL,NULL,0,'Thor',1,2,150,NULL,1,0,0,0,0,0,0),(1902,2812,1,7,1,NULL,NULL,NULL,0,'Dirac',1,2,150,NULL,1,0,0,0,0,0,0),(1903,2812,1,7,1,NULL,NULL,NULL,0,'Dirac',1,2,150,NULL,1,0,0,0,0,0,0),(1904,2812,1,7,1,NULL,NULL,NULL,0,'Dirac',1,2,150,NULL,1,0,0,0,0,0,0),(1905,2812,1,7,1,NULL,NULL,NULL,0,'Dirac',1,2,150,NULL,1,0,0,0,0,0,0),(1906,2812,1,7,1,NULL,NULL,NULL,0,'Dirac',0,2,150,NULL,1,0,0,0,0,0,0),(1907,2812,1,7,1,NULL,NULL,NULL,0,'Dirac',1,2,150,NULL,1,0,0,0,0,0,0),(1908,2812,1,7,1,NULL,NULL,NULL,0,'Dirac',1,2,150,NULL,1,0,0,0,0,0,0),(1909,2812,1,7,1,NULL,NULL,NULL,0,'Dirac',0,2,150,NULL,1,0,0,0,0,0,0),(1910,2812,1,7,1,NULL,NULL,NULL,0,'Dirac',0,2,150,NULL,1,0,0,0,0,0,0),(1911,2812,1,7,1,NULL,NULL,NULL,0,'Dirac',1,2,150,NULL,1,0,0,0,0,0,0),(1912,2812,1,7,1,NULL,NULL,NULL,0,'Dirac',0,2,150,NULL,1,0,0,0,0,0,0),(1913,2812,1,7,1,NULL,NULL,NULL,0,'Dirac',1,2,150,NULL,1,0,0,0,0,0,0),(1914,26875,1,7,1,NULL,NULL,NULL,0,'Demosis',0,2,30,NULL,1,0,0,0,0,0,0),(1915,26875,1,7,1,NULL,NULL,NULL,0,'Demosis',0,2,30,NULL,1,0,0,0,0,0,0),(1916,26875,1,7,1,NULL,NULL,NULL,0,'Demosis',0,2,30,NULL,1,0,0,0,0,0,0),(1917,4475,1,7,1,NULL,NULL,NULL,0,'Thor',1,2,30,NULL,1,0,0,0,0,0,0),(1918,4475,1,7,1,NULL,NULL,NULL,0,'Thor',0,2,30,NULL,1,0,0,0,0,0,0),(1919,2812,1,7,1,NULL,NULL,NULL,0,'Dirac',1,2,30,NULL,1,0,0,0,0,0,0),(1920,2812,1,7,1,NULL,NULL,NULL,0,'Dirac',1,2,30,NULL,1,0,0,0,0,0,0),(1921,2812,1,7,1,NULL,NULL,NULL,0,'Dirac',0,2,30,NULL,1,0,0,0,0,0,0),(1922,2812,1,7,1,NULL,NULL,NULL,0,'Dirac',0,2,30,NULL,1,0,0,0,0,0,0),(1923,2812,1,7,1,NULL,NULL,NULL,0,'Dirac',1,2,30,NULL,1,0,0,0,0,0,0),(1924,2812,1,7,1,NULL,NULL,NULL,0,'Dirac',1,2,30,NULL,1,0,0,0,0,0,0),(1925,2812,1,7,1,NULL,NULL,NULL,0,'Dirac',0,2,30,NULL,1,0,0,0,0,0,0),(1926,2812,1,7,1,NULL,NULL,NULL,0,'Dirac',1,2,30,NULL,1,0,0,0,0,0,0),(1927,2812,1,7,1,NULL,NULL,NULL,0,'Dirac',0,2,30,NULL,1,0,0,0,0,0,0),(1928,4475,1,7,1,NULL,NULL,NULL,0,'Thor',1,1,135,NULL,1,0,0,0,0,0,0),(1929,4475,1,7,1,NULL,NULL,NULL,0,'Thor',1,1,135,NULL,1,0,0,0,0,0,0),(1930,4475,1,7,1,NULL,NULL,NULL,0,'Thor',1,1,135,NULL,1,0,0,0,0,0,0),(1931,4475,1,7,1,NULL,NULL,NULL,0,'Thor',1,1,135,NULL,1,0,0,0,0,0,0),(1932,4475,1,7,1,NULL,NULL,NULL,0,'Thor',1,1,135,NULL,1,0,0,0,0,0,0),(1933,4475,1,7,1,NULL,NULL,NULL,0,'Thor',1,1,135,NULL,1,0,0,0,0,0,0),(1934,4475,1,7,1,NULL,NULL,NULL,0,'Thor',0,1,135,NULL,1,0,0,0,0,0,0),(1935,4475,1,7,1,NULL,NULL,NULL,0,'Thor',1,1,135,NULL,1,0,0,0,0,0,0),(1936,2812,1,7,1,NULL,NULL,NULL,0,'Dirac',1,1,135,NULL,1,0,0,0,0,0,0),(1937,2812,1,7,1,NULL,NULL,NULL,0,'Dirac',1,1,135,NULL,1,0,0,0,0,0,0),(1938,2812,1,7,1,NULL,NULL,NULL,0,'Dirac',0,1,135,NULL,1,0,0,0,0,0,0),(1939,2812,1,7,1,NULL,NULL,NULL,0,'Dirac',0,1,135,NULL,1,0,0,0,0,0,0),(1940,2812,1,7,1,NULL,NULL,NULL,0,'Dirac',1,1,135,NULL,1,0,0,0,0,0,0),(1941,2812,1,7,1,NULL,NULL,NULL,0,'Dirac',1,1,135,NULL,1,0,0,0,0,0,0),(1942,2812,1,7,1,NULL,NULL,NULL,0,'Dirac',1,1,135,NULL,1,0,0,0,0,0,0),(1943,2812,1,7,1,NULL,NULL,NULL,0,'Dirac',0,1,135,NULL,1,0,0,0,0,0,0),(1944,2812,1,7,1,NULL,NULL,NULL,0,'Dirac',1,1,135,NULL,1,0,0,0,0,0,0),(1945,2812,1,7,1,NULL,NULL,NULL,0,'Dirac',1,1,135,NULL,1,0,0,0,0,0,0),(1946,2812,1,7,1,NULL,NULL,NULL,0,'Dirac',0,1,135,NULL,1,0,0,0,0,0,0),(1947,2812,1,7,1,NULL,NULL,NULL,0,'Dirac',1,1,135,NULL,1,0,0,0,0,0,0),(1948,2812,1,7,1,NULL,NULL,NULL,0,'Dirac',1,1,135,NULL,1,0,0,0,0,0,0),(1949,26875,1,7,1,NULL,NULL,NULL,0,'Demosis',0,2,180,NULL,1,0,0,0,0,0,0),(1950,4475,1,7,1,NULL,NULL,NULL,0,'Thor',0,2,180,NULL,1,0,0,0,0,0,0),(1951,4475,1,7,1,NULL,NULL,NULL,0,'Thor',1,2,180,NULL,1,0,0,0,0,0,0),(1952,4475,1,7,1,NULL,NULL,NULL,0,'Thor',1,2,180,NULL,1,0,0,0,0,0,0),(1953,4475,1,7,1,NULL,NULL,NULL,0,'Thor',1,2,180,NULL,1,0,0,0,0,0,0),(1954,4475,1,7,1,NULL,NULL,NULL,0,'Thor',0,2,180,NULL,1,0,0,0,0,0,0),(1955,4475,1,7,1,NULL,NULL,NULL,0,'Thor',0,2,180,NULL,1,0,0,0,0,0,0),(1956,4475,1,7,1,NULL,NULL,NULL,0,'Thor',1,2,180,NULL,1,0,0,0,0,0,0),(1957,4475,1,7,1,NULL,NULL,NULL,0,'Thor',0,2,180,NULL,1,0,0,0,0,0,0),(1958,2812,1,7,1,NULL,NULL,NULL,0,'Dirac',0,2,180,NULL,1,0,0,0,0,0,0),(1959,2812,1,7,1,NULL,NULL,NULL,0,'Dirac',1,2,180,NULL,1,0,0,0,0,0,0),(1960,2812,1,7,1,NULL,NULL,NULL,0,'Dirac',1,2,180,NULL,1,0,0,0,0,0,0),(1961,2812,1,7,1,NULL,NULL,NULL,0,'Dirac',0,2,180,NULL,1,0,0,0,0,0,0),(1962,2812,1,7,1,NULL,NULL,NULL,0,'Dirac',0,2,180,NULL,1,0,0,0,0,0,0),(1963,2812,1,7,1,NULL,NULL,NULL,0,'Dirac',1,2,180,NULL,1,0,0,0,0,0,0),(1964,2812,1,7,1,NULL,NULL,NULL,0,'Dirac',1,2,180,NULL,1,0,0,0,0,0,0),(1965,2812,1,7,1,NULL,NULL,NULL,0,'Dirac',0,2,180,NULL,1,0,0,0,0,0,0),(1966,2812,1,7,1,NULL,NULL,NULL,0,'Dirac',1,2,180,NULL,1,0,0,0,0,0,0),(1967,2812,1,7,1,NULL,NULL,NULL,0,'Dirac',0,2,180,NULL,1,0,0,0,0,0,0),(1968,2812,1,7,1,NULL,NULL,NULL,0,'Dirac',0,2,180,NULL,1,0,0,0,0,0,0),(1969,2812,1,7,1,NULL,NULL,NULL,0,'Dirac',1,2,180,NULL,1,0,0,0,0,0,0),(1970,2812,1,7,1,NULL,NULL,NULL,0,'Dirac',0,2,180,NULL,1,0,0,0,0,0,0),(1971,2812,1,7,1,NULL,NULL,NULL,0,'Dirac',0,2,180,NULL,1,0,0,0,0,0,0),(1972,2812,1,7,1,NULL,NULL,NULL,0,'Dirac',0,2,180,NULL,1,0,0,0,0,0,0),(1973,2812,1,7,1,NULL,NULL,NULL,0,'Dirac',0,2,180,NULL,1,0,0,0,0,0,0),(1974,26875,1,7,1,NULL,NULL,NULL,0,'Demosis',0,2,330,NULL,1,0,0,0,0,0,0),(1975,4475,1,7,1,NULL,NULL,NULL,0,'Thor',1,2,330,NULL,1,0,0,0,0,0,0),(1976,4475,1,7,1,NULL,NULL,NULL,0,'Thor',0,2,330,NULL,1,0,0,0,0,0,0),(1977,4475,1,7,1,NULL,NULL,NULL,0,'Thor',1,2,330,NULL,1,0,0,0,0,0,0),(1978,4475,1,7,1,NULL,NULL,NULL,0,'Thor',0,2,330,NULL,1,0,0,0,0,0,0),(1979,4475,1,7,1,NULL,NULL,NULL,0,'Thor',0,2,330,NULL,1,0,0,0,0,0,0),(1980,4475,1,7,1,NULL,NULL,NULL,0,'Thor',0,2,330,NULL,1,0,0,0,0,0,0),(1981,4475,1,7,1,NULL,NULL,NULL,0,'Thor',0,2,330,NULL,1,0,0,0,0,0,0),(1982,2812,1,7,1,NULL,NULL,NULL,0,'Dirac',0,2,330,NULL,1,0,0,0,0,0,0),(1983,2812,1,7,1,NULL,NULL,NULL,0,'Dirac',1,2,330,NULL,1,0,0,0,0,0,0),(1984,2812,1,7,1,NULL,NULL,NULL,0,'Dirac',1,2,330,NULL,1,0,0,0,0,0,0),(1985,2812,1,7,1,NULL,NULL,NULL,0,'Dirac',0,2,330,NULL,1,0,0,0,0,0,0),(1986,2812,1,7,1,NULL,NULL,NULL,0,'Dirac',0,2,330,NULL,1,0,0,0,0,0,0),(1987,2812,1,7,1,NULL,NULL,NULL,0,'Dirac',0,2,330,NULL,1,0,0,0,0,0,0),(1988,2812,1,7,1,NULL,NULL,NULL,0,'Dirac',1,2,330,NULL,1,0,0,0,0,0,0),(1989,2812,1,7,1,NULL,NULL,NULL,0,'Dirac',1,2,330,NULL,1,0,0,0,0,0,0),(1990,2812,1,7,1,NULL,NULL,NULL,0,'Dirac',1,2,330,NULL,1,0,0,0,0,0,0),(1991,2812,1,7,1,NULL,NULL,NULL,0,'Dirac',1,2,330,NULL,1,0,0,0,0,0,0),(1992,2812,1,7,1,NULL,NULL,NULL,0,'Dirac',0,2,330,NULL,1,0,0,0,0,0,0),(1993,2812,1,7,1,NULL,NULL,NULL,0,'Dirac',0,2,330,NULL,1,0,0,0,0,0,0),(1994,2812,1,7,1,NULL,NULL,NULL,0,'Dirac',0,2,330,NULL,1,0,0,0,0,0,0),(1995,90,1,104,4,NULL,NULL,NULL,0,'Glancer',1,NULL,NULL,NULL,1,0,0,0,0,0,0),(1996,90,1,104,4,NULL,NULL,NULL,0,'Glancer',1,NULL,NULL,NULL,1,0,0,0,0,0,0),(1997,90,1,104,4,NULL,NULL,NULL,0,'Glancer',1,NULL,NULL,NULL,1,0,0,0,0,0,0),(1998,90,1,104,4,NULL,NULL,NULL,0,'Glancer',1,NULL,NULL,NULL,1,0,0,0,0,0,0),(1999,125,1,104,4,NULL,NULL,NULL,0,'Gnat',0,NULL,NULL,NULL,1,0,0,0,0,0,0),(2000,125,1,104,4,NULL,NULL,NULL,0,'Gnat',0,NULL,NULL,NULL,1,0,0,0,0,0,0),(2001,125,1,104,4,NULL,NULL,NULL,0,'Gnat',0,NULL,NULL,NULL,1,0,0,0,0,0,0),(2002,125,1,104,4,NULL,NULL,NULL,0,'Gnat',0,NULL,NULL,NULL,1,0,0,0,0,0,0),(2003,125,1,104,4,NULL,NULL,NULL,0,'Gnat',1,NULL,NULL,NULL,1,0,0,0,0,0,0),(2004,125,1,104,4,NULL,NULL,NULL,0,'Gnat',1,NULL,NULL,NULL,1,0,0,0,0,0,0),(2005,125,1,104,4,NULL,NULL,NULL,0,'Gnat',0,NULL,NULL,NULL,1,0,0,0,0,0,0),(2006,125,1,104,4,NULL,NULL,NULL,0,'Gnat',1,NULL,NULL,NULL,1,0,0,0,0,0,0),(2007,90,1,105,4,NULL,NULL,NULL,0,'Glancer',1,NULL,NULL,NULL,1,0,0,0,0,0,0),(2008,90,1,105,4,NULL,NULL,NULL,0,'Glancer',1,NULL,NULL,NULL,1,0,0,0,0,0,0),(2009,90,1,105,4,NULL,NULL,NULL,0,'Glancer',1,NULL,NULL,NULL,1,0,0,0,0,0,0),(2010,90,1,105,4,NULL,NULL,NULL,0,'Glancer',1,NULL,NULL,NULL,1,0,0,0,0,0,0),(2011,125,1,105,4,NULL,NULL,NULL,0,'Gnat',0,NULL,NULL,NULL,1,0,0,0,0,0,0),(2012,125,1,105,4,NULL,NULL,NULL,0,'Gnat',0,NULL,NULL,NULL,1,0,0,0,0,0,0),(2013,125,1,105,4,NULL,NULL,NULL,0,'Gnat',0,NULL,NULL,NULL,1,0,0,0,0,0,0),(2014,125,1,105,4,NULL,NULL,NULL,0,'Gnat',0,NULL,NULL,NULL,1,0,0,0,0,0,0),(2015,125,1,105,4,NULL,NULL,NULL,0,'Gnat',1,NULL,NULL,NULL,1,0,0,0,0,0,0),(2016,125,1,105,4,NULL,NULL,NULL,0,'Gnat',1,NULL,NULL,NULL,1,0,0,0,0,0,0),(2017,125,1,105,4,NULL,NULL,NULL,0,'Gnat',0,NULL,NULL,NULL,1,0,0,0,0,0,0),(2018,125,1,105,4,NULL,NULL,NULL,0,'Gnat',1,NULL,NULL,NULL,1,0,0,0,0,0,0),(2019,125,1,105,4,NULL,NULL,NULL,0,'Gnat',0,NULL,NULL,NULL,1,0,0,0,0,0,0),(2020,900,1,106,4,NULL,NULL,NULL,0,'Gnawer',0,NULL,NULL,NULL,1,0,0,0,0,0,0),(2021,500,1,106,4,NULL,NULL,NULL,0,'Spudder',0,NULL,NULL,NULL,1,0,0,0,0,0,0),(2022,500,1,106,4,NULL,NULL,NULL,0,'Spudder',0,NULL,NULL,NULL,1,0,0,0,0,0,0),(2023,500,1,106,4,NULL,NULL,NULL,0,'Spudder',1,NULL,NULL,NULL,1,0,0,0,0,0,0),(2024,500,1,106,4,NULL,NULL,NULL,0,'Spudder',0,NULL,NULL,NULL,1,0,0,0,0,0,0),(2025,500,1,106,4,NULL,NULL,NULL,0,'Spudder',1,NULL,NULL,NULL,1,0,0,0,0,0,0),(2026,500,1,106,4,NULL,NULL,NULL,0,'Spudder',0,NULL,NULL,NULL,1,0,0,0,0,0,0),(2027,90,1,106,4,NULL,NULL,NULL,0,'Glancer',1,NULL,NULL,NULL,1,0,0,0,0,0,0),(2028,90,1,106,4,NULL,NULL,NULL,0,'Glancer',1,NULL,NULL,NULL,1,0,0,0,0,0,0),(2029,125,1,106,4,NULL,NULL,NULL,0,'Gnat',0,NULL,NULL,NULL,1,0,0,0,0,0,0),(2030,125,1,106,4,NULL,NULL,NULL,0,'Gnat',1,NULL,NULL,NULL,1,0,0,0,0,0,0),(2031,125,1,106,4,NULL,NULL,NULL,0,'Gnat',0,NULL,NULL,NULL,1,0,0,0,0,0,0),(2032,125,1,106,4,NULL,NULL,NULL,0,'Gnat',0,NULL,NULL,NULL,1,0,0,0,0,0,0),(2033,90,1,106,4,NULL,NULL,NULL,0,'Glancer',1,NULL,NULL,NULL,1,0,0,0,0,0,0),(2034,90,1,106,4,NULL,NULL,NULL,0,'Glancer',1,NULL,NULL,NULL,1,0,0,0,0,0,0),(2035,90,1,106,4,NULL,NULL,NULL,0,'Glancer',1,NULL,NULL,NULL,1,0,0,0,0,0,0),(2036,90,1,106,4,NULL,NULL,NULL,0,'Glancer',1,NULL,NULL,NULL,1,0,0,0,0,0,0),(2037,90,1,106,4,NULL,NULL,NULL,0,'Glancer',1,NULL,NULL,NULL,1,0,0,0,0,0,0),(2038,90,1,106,4,NULL,NULL,NULL,0,'Glancer',1,NULL,NULL,NULL,1,0,0,0,0,0,0),(2039,125,1,106,4,NULL,NULL,NULL,0,'Gnat',0,NULL,NULL,NULL,1,0,0,0,0,0,0),(2040,125,1,106,4,NULL,NULL,NULL,0,'Gnat',0,NULL,NULL,NULL,1,0,0,0,0,0,0),(2041,125,1,106,4,NULL,NULL,NULL,0,'Gnat',0,NULL,NULL,NULL,1,0,0,0,0,0,0),(2042,125,1,106,4,NULL,NULL,NULL,0,'Gnat',0,NULL,NULL,NULL,1,0,0,0,0,0,0),(2043,125,1,106,4,NULL,NULL,NULL,0,'Gnat',1,NULL,NULL,NULL,1,0,0,0,0,0,0),(2044,125,1,106,4,NULL,NULL,NULL,0,'Gnat',1,NULL,NULL,NULL,1,0,0,0,0,0,0),(2045,125,1,106,4,NULL,NULL,NULL,0,'Gnat',0,NULL,NULL,NULL,1,0,0,0,0,0,0),(2046,125,1,106,4,NULL,NULL,NULL,0,'Gnat',0,NULL,NULL,NULL,1,0,0,0,0,0,0),(2047,125,1,106,4,NULL,NULL,NULL,0,'Gnat',0,NULL,NULL,NULL,1,0,0,0,0,0,0),(2048,500,1,107,4,NULL,NULL,NULL,0,'Spudder',0,NULL,NULL,NULL,1,0,0,0,0,0,0),(2049,500,1,107,4,NULL,NULL,NULL,0,'Spudder',0,NULL,NULL,NULL,1,0,0,0,0,0,0),(2050,90,1,107,4,NULL,NULL,NULL,0,'Glancer',1,NULL,NULL,NULL,1,0,0,0,0,0,0),(2051,125,1,107,4,NULL,NULL,NULL,0,'Gnat',0,NULL,NULL,NULL,1,0,0,0,0,0,0),(2052,125,1,107,4,NULL,NULL,NULL,0,'Gnat',1,NULL,NULL,NULL,1,0,0,0,0,0,0),(2053,125,1,107,4,NULL,NULL,NULL,0,'Gnat',1,NULL,NULL,NULL,1,0,0,0,0,0,0),(2054,125,1,107,4,NULL,NULL,NULL,0,'Gnat',0,NULL,NULL,NULL,1,0,0,0,0,0,0),(2055,125,1,107,4,NULL,NULL,NULL,0,'Gnat',0,NULL,NULL,NULL,1,0,0,0,0,0,0),(2056,90,1,107,4,NULL,NULL,NULL,0,'Glancer',1,NULL,NULL,NULL,1,0,0,0,0,0,0),(2057,90,1,107,4,NULL,NULL,NULL,0,'Glancer',1,NULL,NULL,NULL,1,0,0,0,0,0,0),(2058,90,1,107,4,NULL,NULL,NULL,0,'Glancer',1,NULL,NULL,NULL,1,0,0,0,0,0,0),(2059,90,1,107,4,NULL,NULL,NULL,0,'Glancer',1,NULL,NULL,NULL,1,0,0,0,0,0,0),(2060,90,1,107,4,NULL,NULL,NULL,0,'Glancer',1,NULL,NULL,NULL,1,0,0,0,0,0,0),(2061,90,1,107,4,NULL,NULL,NULL,0,'Glancer',1,NULL,NULL,NULL,1,0,0,0,0,0,0),(2062,125,1,107,4,NULL,NULL,NULL,0,'Gnat',0,NULL,NULL,NULL,1,0,0,0,0,0,0),(2063,125,1,107,4,NULL,NULL,NULL,0,'Gnat',0,NULL,NULL,NULL,1,0,0,0,0,0,0),(2064,125,1,107,4,NULL,NULL,NULL,0,'Gnat',0,NULL,NULL,NULL,1,0,0,0,0,0,0),(2065,125,1,107,4,NULL,NULL,NULL,0,'Gnat',0,NULL,NULL,NULL,1,0,0,0,0,0,0),(2066,125,1,107,4,NULL,NULL,NULL,0,'Gnat',1,NULL,NULL,NULL,1,0,0,0,0,0,0),(2067,125,1,107,4,NULL,NULL,NULL,0,'Gnat',1,NULL,NULL,NULL,1,0,0,0,0,0,0),(2068,125,1,107,4,NULL,NULL,NULL,0,'Gnat',1,NULL,NULL,NULL,1,0,0,0,0,0,0),(2069,125,1,107,4,NULL,NULL,NULL,0,'Gnat',1,NULL,NULL,NULL,1,0,0,0,0,0,0),(2070,900,1,108,4,NULL,NULL,NULL,0,'Gnawer',0,NULL,NULL,NULL,1,0,0,0,0,0,0),(2071,500,1,108,4,NULL,NULL,NULL,0,'Spudder',0,NULL,NULL,NULL,1,0,0,0,0,0,0),(2072,500,1,108,4,NULL,NULL,NULL,0,'Spudder',1,NULL,NULL,NULL,1,0,0,0,0,0,0),(2073,500,1,108,4,NULL,NULL,NULL,0,'Spudder',0,NULL,NULL,NULL,1,0,0,0,0,0,0),(2074,90,1,108,4,NULL,NULL,NULL,0,'Glancer',1,NULL,NULL,NULL,1,0,0,0,0,0,0),(2075,90,1,108,4,NULL,NULL,NULL,0,'Glancer',1,NULL,NULL,NULL,1,0,0,0,0,0,0),(2076,125,1,108,4,NULL,NULL,NULL,0,'Gnat',0,NULL,NULL,NULL,1,0,0,0,0,0,0),(2077,125,1,108,4,NULL,NULL,NULL,0,'Gnat',0,NULL,NULL,NULL,1,0,0,0,0,0,0),(2078,125,1,108,4,NULL,NULL,NULL,0,'Gnat',1,NULL,NULL,NULL,1,0,0,0,0,0,0),(2079,125,1,108,4,NULL,NULL,NULL,0,'Gnat',0,NULL,NULL,NULL,1,0,0,0,0,0,0),(2080,90,1,108,4,NULL,NULL,NULL,0,'Glancer',1,NULL,NULL,NULL,1,0,0,0,0,0,0),(2081,90,1,108,4,NULL,NULL,NULL,0,'Glancer',1,NULL,NULL,NULL,1,0,0,0,0,0,0),(2082,90,1,108,4,NULL,NULL,NULL,0,'Glancer',1,NULL,NULL,NULL,1,0,0,0,0,0,0),(2083,90,1,108,4,NULL,NULL,NULL,0,'Glancer',1,NULL,NULL,NULL,1,0,0,0,0,0,0),(2084,90,1,108,4,NULL,NULL,NULL,0,'Glancer',1,NULL,NULL,NULL,1,0,0,0,0,0,0),(2085,125,1,108,4,NULL,NULL,NULL,0,'Gnat',0,NULL,NULL,NULL,1,0,0,0,0,0,0),(2086,125,1,108,4,NULL,NULL,NULL,0,'Gnat',0,NULL,NULL,NULL,1,0,0,0,0,0,0),(2087,125,1,108,4,NULL,NULL,NULL,0,'Gnat',0,NULL,NULL,NULL,1,0,0,0,0,0,0),(2088,125,1,108,4,NULL,NULL,NULL,0,'Gnat',0,NULL,NULL,NULL,1,0,0,0,0,0,0),(2089,125,1,108,4,NULL,NULL,NULL,0,'Gnat',1,NULL,NULL,NULL,1,0,0,0,0,0,0),(2090,125,1,108,4,NULL,NULL,NULL,0,'Gnat',1,NULL,NULL,NULL,1,0,0,0,0,0,0),(2091,125,1,108,4,NULL,NULL,NULL,0,'Gnat',0,NULL,NULL,NULL,1,0,0,0,0,0,0),(2092,125,1,108,4,NULL,NULL,NULL,0,'Gnat',0,NULL,NULL,NULL,1,0,0,0,0,0,0),(2093,125,1,108,4,NULL,NULL,NULL,0,'Gnat',1,NULL,NULL,NULL,1,0,0,0,0,0,0),(2094,900,1,109,4,NULL,NULL,NULL,0,'Gnawer',0,NULL,NULL,NULL,1,0,0,0,0,0,0),(2095,900,1,109,4,NULL,NULL,NULL,0,'Gnawer',0,NULL,NULL,NULL,1,0,0,0,0,0,0),(2096,900,1,109,4,NULL,NULL,NULL,0,'Gnawer',0,NULL,NULL,NULL,1,0,0,0,0,0,0),(2097,500,1,109,4,NULL,NULL,NULL,0,'Spudder',0,NULL,NULL,NULL,1,0,0,0,0,0,0),(2098,500,1,109,4,NULL,NULL,NULL,0,'Spudder',1,NULL,NULL,NULL,1,0,0,0,0,0,0),(2099,500,1,109,4,NULL,NULL,NULL,0,'Spudder',0,NULL,NULL,NULL,1,0,0,0,0,0,0),(2100,500,1,109,4,NULL,NULL,NULL,0,'Spudder',0,NULL,NULL,NULL,1,0,0,0,0,0,0),(2101,90,1,109,4,NULL,NULL,NULL,0,'Glancer',1,NULL,NULL,NULL,1,0,0,0,0,0,0),(2102,90,1,109,4,NULL,NULL,NULL,0,'Glancer',1,NULL,NULL,NULL,1,0,0,0,0,0,0),(2103,125,1,109,4,NULL,NULL,NULL,0,'Gnat',0,NULL,NULL,NULL,1,0,0,0,0,0,0),(2104,125,1,109,4,NULL,NULL,NULL,0,'Gnat',0,NULL,NULL,NULL,1,0,0,0,0,0,0),(2105,90,1,109,4,NULL,NULL,NULL,0,'Glancer',1,NULL,NULL,NULL,1,0,0,0,0,0,0),(2106,90,1,109,4,NULL,NULL,NULL,0,'Glancer',1,NULL,NULL,NULL,1,0,0,0,0,0,0),(2107,90,1,109,4,NULL,NULL,NULL,0,'Glancer',1,NULL,NULL,NULL,1,0,0,0,0,0,0),(2108,90,1,109,4,NULL,NULL,NULL,0,'Glancer',1,NULL,NULL,NULL,1,0,0,0,0,0,0),(2109,90,1,109,4,NULL,NULL,NULL,0,'Glancer',1,NULL,NULL,NULL,1,0,0,0,0,0,0),(2110,125,1,109,4,NULL,NULL,NULL,0,'Gnat',0,NULL,NULL,NULL,1,0,0,0,0,0,0),(2111,125,1,109,4,NULL,NULL,NULL,0,'Gnat',0,NULL,NULL,NULL,1,0,0,0,0,0,0),(2112,125,1,109,4,NULL,NULL,NULL,0,'Gnat',0,NULL,NULL,NULL,1,0,0,0,0,0,0),(2113,125,1,109,4,NULL,NULL,NULL,0,'Gnat',0,NULL,NULL,NULL,1,0,0,0,0,0,0),(2114,125,1,109,4,NULL,NULL,NULL,0,'Gnat',1,NULL,NULL,NULL,1,0,0,0,0,0,0),(2115,125,1,109,4,NULL,NULL,NULL,0,'Gnat',1,NULL,NULL,NULL,1,0,0,0,0,0,0),(2116,125,1,109,4,NULL,NULL,NULL,0,'Gnat',0,NULL,NULL,NULL,1,0,0,0,0,0,0),(2117,125,1,109,4,NULL,NULL,NULL,0,'Gnat',1,NULL,NULL,NULL,1,0,0,0,0,0,0),(2118,900,1,110,4,NULL,NULL,NULL,0,'Gnawer',0,NULL,NULL,NULL,1,0,0,0,0,0,0),(2119,900,1,110,4,NULL,NULL,NULL,0,'Gnawer',0,NULL,NULL,NULL,1,0,0,0,0,0,0),(2120,900,1,110,4,NULL,NULL,NULL,0,'Gnawer',0,NULL,NULL,NULL,1,0,0,0,0,0,0),(2121,500,1,110,4,NULL,NULL,NULL,0,'Spudder',0,NULL,NULL,NULL,1,0,0,0,0,0,0),(2122,500,1,110,4,NULL,NULL,NULL,0,'Spudder',0,NULL,NULL,NULL,1,0,0,0,0,0,0),(2123,500,1,110,4,NULL,NULL,NULL,0,'Spudder',1,NULL,NULL,NULL,1,0,0,0,0,0,0),(2124,500,1,110,4,NULL,NULL,NULL,0,'Spudder',0,NULL,NULL,NULL,1,0,0,0,0,0,0),(2125,90,1,110,4,NULL,NULL,NULL,0,'Glancer',1,NULL,NULL,NULL,1,0,0,0,0,0,0),(2126,90,1,110,4,NULL,NULL,NULL,0,'Glancer',1,NULL,NULL,NULL,1,0,0,0,0,0,0),(2127,125,1,110,4,NULL,NULL,NULL,0,'Gnat',0,NULL,NULL,NULL,1,0,0,0,0,0,0),(2128,125,1,110,4,NULL,NULL,NULL,0,'Gnat',0,NULL,NULL,NULL,1,0,0,0,0,0,0),(2129,90,1,110,4,NULL,NULL,NULL,0,'Glancer',1,NULL,NULL,NULL,1,0,0,0,0,0,0),(2130,90,1,110,4,NULL,NULL,NULL,0,'Glancer',1,NULL,NULL,NULL,1,0,0,0,0,0,0),(2131,90,1,110,4,NULL,NULL,NULL,0,'Glancer',1,NULL,NULL,NULL,1,0,0,0,0,0,0),(2132,90,1,110,4,NULL,NULL,NULL,0,'Glancer',1,NULL,NULL,NULL,1,0,0,0,0,0,0),(2133,90,1,110,4,NULL,NULL,NULL,0,'Glancer',1,NULL,NULL,NULL,1,0,0,0,0,0,0),(2134,125,1,110,4,NULL,NULL,NULL,0,'Gnat',0,NULL,NULL,NULL,1,0,0,0,0,0,0),(2135,125,1,110,4,NULL,NULL,NULL,0,'Gnat',0,NULL,NULL,NULL,1,0,0,0,0,0,0),(2136,125,1,110,4,NULL,NULL,NULL,0,'Gnat',0,NULL,NULL,NULL,1,0,0,0,0,0,0),(2137,125,1,110,4,NULL,NULL,NULL,0,'Gnat',0,NULL,NULL,NULL,1,0,0,0,0,0,0),(2138,125,1,110,4,NULL,NULL,NULL,0,'Gnat',1,NULL,NULL,NULL,1,0,0,0,0,0,0),(2139,125,1,110,4,NULL,NULL,NULL,0,'Gnat',1,NULL,NULL,NULL,1,0,0,0,0,0,0),(2140,125,1,110,4,NULL,NULL,NULL,0,'Gnat',1,NULL,NULL,NULL,1,0,0,0,0,0,0),(2141,125,1,110,4,NULL,NULL,NULL,0,'Gnat',0,NULL,NULL,NULL,1,0,0,0,0,0,0),(2142,900,1,111,4,NULL,NULL,NULL,0,'Gnawer',0,NULL,NULL,NULL,1,0,0,0,0,0,0),(2143,500,1,111,4,NULL,NULL,NULL,0,'Spudder',0,NULL,NULL,NULL,1,0,0,0,0,0,0),(2144,500,1,111,4,NULL,NULL,NULL,0,'Spudder',0,NULL,NULL,NULL,1,0,0,0,0,0,0),(2145,500,1,111,4,NULL,NULL,NULL,0,'Spudder',1,NULL,NULL,NULL,1,0,0,0,0,0,0),(2146,500,1,111,4,NULL,NULL,NULL,0,'Spudder',0,NULL,NULL,NULL,1,0,0,0,0,0,0),(2147,90,1,111,4,NULL,NULL,NULL,0,'Glancer',1,NULL,NULL,NULL,1,0,0,0,0,0,0),(2148,90,1,111,4,NULL,NULL,NULL,0,'Glancer',1,NULL,NULL,NULL,1,0,0,0,0,0,0),(2149,125,1,111,4,NULL,NULL,NULL,0,'Gnat',0,NULL,NULL,NULL,1,0,0,0,0,0,0),(2150,125,1,111,4,NULL,NULL,NULL,0,'Gnat',1,NULL,NULL,NULL,1,0,0,0,0,0,0),(2151,125,1,111,4,NULL,NULL,NULL,0,'Gnat',0,NULL,NULL,NULL,1,0,0,0,0,0,0),(2152,90,1,111,4,NULL,NULL,NULL,0,'Glancer',1,NULL,NULL,NULL,1,0,0,0,0,0,0),(2153,90,1,111,4,NULL,NULL,NULL,0,'Glancer',1,NULL,NULL,NULL,1,0,0,0,0,0,0),(2154,90,1,111,4,NULL,NULL,NULL,0,'Glancer',1,NULL,NULL,NULL,1,0,0,0,0,0,0),(2155,90,1,111,4,NULL,NULL,NULL,0,'Glancer',1,NULL,NULL,NULL,1,0,0,0,0,0,0),(2156,90,1,111,4,NULL,NULL,NULL,0,'Glancer',1,NULL,NULL,NULL,1,0,0,0,0,0,0),(2157,90,1,111,4,NULL,NULL,NULL,0,'Glancer',1,NULL,NULL,NULL,1,0,0,0,0,0,0),(2158,125,1,111,4,NULL,NULL,NULL,0,'Gnat',0,NULL,NULL,NULL,1,0,0,0,0,0,0),(2159,125,1,111,4,NULL,NULL,NULL,0,'Gnat',0,NULL,NULL,NULL,1,0,0,0,0,0,0),(2160,125,1,111,4,NULL,NULL,NULL,0,'Gnat',0,NULL,NULL,NULL,1,0,0,0,0,0,0),(2161,125,1,111,4,NULL,NULL,NULL,0,'Gnat',0,NULL,NULL,NULL,1,0,0,0,0,0,0),(2162,125,1,111,4,NULL,NULL,NULL,0,'Gnat',1,NULL,NULL,NULL,1,0,0,0,0,0,0),(2163,125,1,111,4,NULL,NULL,NULL,0,'Gnat',1,NULL,NULL,NULL,1,0,0,0,0,0,0),(2164,125,1,111,4,NULL,NULL,NULL,0,'Gnat',0,NULL,NULL,NULL,1,0,0,0,0,0,0),(2165,125,1,111,4,NULL,NULL,NULL,0,'Gnat',1,NULL,NULL,NULL,1,0,0,0,0,0,0),(2166,900,1,112,4,NULL,NULL,NULL,0,'Gnawer',0,NULL,NULL,NULL,1,0,0,0,0,0,0),(2167,900,1,112,4,NULL,NULL,NULL,0,'Gnawer',0,NULL,NULL,NULL,1,0,0,0,0,0,0),(2168,500,1,112,4,NULL,NULL,NULL,0,'Spudder',0,NULL,NULL,NULL,1,0,0,0,0,0,0),(2169,500,1,112,4,NULL,NULL,NULL,0,'Spudder',1,NULL,NULL,NULL,1,0,0,0,0,0,0),(2170,500,1,112,4,NULL,NULL,NULL,0,'Spudder',0,NULL,NULL,NULL,1,0,0,0,0,0,0),(2171,500,1,112,4,NULL,NULL,NULL,0,'Spudder',0,NULL,NULL,NULL,1,0,0,0,0,0,0),(2172,90,1,112,4,NULL,NULL,NULL,0,'Glancer',1,NULL,NULL,NULL,1,0,0,0,0,0,0),(2173,90,1,112,4,NULL,NULL,NULL,0,'Glancer',1,NULL,NULL,NULL,1,0,0,0,0,0,0),(2174,125,1,112,4,NULL,NULL,NULL,0,'Gnat',0,NULL,NULL,NULL,1,0,0,0,0,0,0),(2175,125,1,112,4,NULL,NULL,NULL,0,'Gnat',0,NULL,NULL,NULL,1,0,0,0,0,0,0),(2176,125,1,112,4,NULL,NULL,NULL,0,'Gnat',0,NULL,NULL,NULL,1,0,0,0,0,0,0),(2177,125,1,112,4,NULL,NULL,NULL,0,'Gnat',0,NULL,NULL,NULL,1,0,0,0,0,0,0),(2178,90,1,112,4,NULL,NULL,NULL,0,'Glancer',1,NULL,NULL,NULL,1,0,0,0,0,0,0),(2179,90,1,112,4,NULL,NULL,NULL,0,'Glancer',1,NULL,NULL,NULL,1,0,0,0,0,0,0),(2180,90,1,112,4,NULL,NULL,NULL,0,'Glancer',1,NULL,NULL,NULL,1,0,0,0,0,0,0),(2181,90,1,112,4,NULL,NULL,NULL,0,'Glancer',1,NULL,NULL,NULL,1,0,0,0,0,0,0),(2182,90,1,112,4,NULL,NULL,NULL,0,'Glancer',1,NULL,NULL,NULL,1,0,0,0,0,0,0),(2183,90,1,112,4,NULL,NULL,NULL,0,'Glancer',1,NULL,NULL,NULL,1,0,0,0,0,0,0),(2184,125,1,112,4,NULL,NULL,NULL,0,'Gnat',0,NULL,NULL,NULL,1,0,0,0,0,0,0),(2185,125,1,112,4,NULL,NULL,NULL,0,'Gnat',0,NULL,NULL,NULL,1,0,0,0,0,0,0),(2186,125,1,112,4,NULL,NULL,NULL,0,'Gnat',0,NULL,NULL,NULL,1,0,0,0,0,0,0),(2187,125,1,112,4,NULL,NULL,NULL,0,'Gnat',0,NULL,NULL,NULL,1,0,0,0,0,0,0),(2188,125,1,112,4,NULL,NULL,NULL,0,'Gnat',1,NULL,NULL,NULL,1,0,0,0,0,0,0),(2189,125,1,112,4,NULL,NULL,NULL,0,'Gnat',1,NULL,NULL,NULL,1,0,0,0,0,0,0),(2190,125,1,112,4,NULL,NULL,NULL,0,'Gnat',0,NULL,NULL,NULL,1,0,0,0,0,0,0),(2191,125,1,112,4,NULL,NULL,NULL,0,'Gnat',1,NULL,NULL,NULL,1,0,0,0,0,0,0),(2192,125,1,112,4,NULL,NULL,NULL,0,'Gnat',1,NULL,NULL,NULL,1,0,0,0,0,0,0),(2193,90,1,113,4,NULL,NULL,NULL,0,'Glancer',1,NULL,NULL,NULL,1,0,0,0,0,0,0),(2194,90,1,113,4,NULL,NULL,NULL,0,'Glancer',1,NULL,NULL,NULL,1,0,0,0,0,0,0),(2195,125,1,113,4,NULL,NULL,NULL,0,'Gnat',0,NULL,NULL,NULL,1,0,0,0,0,0,0),(2196,125,1,113,4,NULL,NULL,NULL,0,'Gnat',1,NULL,NULL,NULL,1,0,0,0,0,0,0),(2197,125,1,113,4,NULL,NULL,NULL,0,'Gnat',0,NULL,NULL,NULL,1,0,0,0,0,0,0),(2198,125,1,113,4,NULL,NULL,NULL,0,'Gnat',0,NULL,NULL,NULL,1,0,0,0,0,0,0),(2199,90,1,113,4,NULL,NULL,NULL,0,'Glancer',1,NULL,NULL,NULL,1,0,0,0,0,0,0),(2200,90,1,113,4,NULL,NULL,NULL,0,'Glancer',1,NULL,NULL,NULL,1,0,0,0,0,0,0),(2201,90,1,113,4,NULL,NULL,NULL,0,'Glancer',1,NULL,NULL,NULL,1,0,0,0,0,0,0),(2202,90,1,113,4,NULL,NULL,NULL,0,'Glancer',1,NULL,NULL,NULL,1,0,0,0,0,0,0),(2203,90,1,113,4,NULL,NULL,NULL,0,'Glancer',1,NULL,NULL,NULL,1,0,0,0,0,0,0),(2204,125,1,113,4,NULL,NULL,NULL,0,'Gnat',0,NULL,NULL,NULL,1,0,0,0,0,0,0),(2205,125,1,113,4,NULL,NULL,NULL,0,'Gnat',0,NULL,NULL,NULL,1,0,0,0,0,0,0),(2206,125,1,113,4,NULL,NULL,NULL,0,'Gnat',0,NULL,NULL,NULL,1,0,0,0,0,0,0),(2207,125,1,113,4,NULL,NULL,NULL,0,'Gnat',0,NULL,NULL,NULL,1,0,0,0,0,0,0),(2208,125,1,113,4,NULL,NULL,NULL,0,'Gnat',1,NULL,NULL,NULL,1,0,0,0,0,0,0),(2209,125,1,113,4,NULL,NULL,NULL,0,'Gnat',1,NULL,NULL,NULL,1,0,0,0,0,0,0),(2210,125,1,113,4,NULL,NULL,NULL,0,'Gnat',0,NULL,NULL,NULL,1,0,0,0,0,0,0),(2211,125,1,113,4,NULL,NULL,NULL,0,'Gnat',1,NULL,NULL,NULL,1,0,0,0,0,0,0),(2212,125,1,113,4,NULL,NULL,NULL,0,'Gnat',1,NULL,NULL,NULL,1,0,0,0,0,0,0),(2213,125,1,114,4,NULL,NULL,NULL,0,'Gnat',0,NULL,NULL,NULL,1,0,0,0,0,0,0),(2214,125,1,114,4,NULL,NULL,NULL,0,'Gnat',0,NULL,NULL,NULL,1,0,0,0,0,0,0),(2215,125,1,114,4,NULL,NULL,NULL,0,'Gnat',0,NULL,NULL,NULL,1,0,0,0,0,0,0),(2216,125,1,114,4,NULL,NULL,NULL,0,'Gnat',0,NULL,NULL,NULL,1,0,0,0,0,0,0),(2217,125,1,114,4,NULL,NULL,NULL,0,'Gnat',1,NULL,NULL,NULL,1,0,0,0,0,0,0),(2218,125,1,114,4,NULL,NULL,NULL,0,'Gnat',1,NULL,NULL,NULL,1,0,0,0,0,0,0),(2219,125,1,114,4,NULL,NULL,NULL,0,'Gnat',1,NULL,NULL,NULL,1,0,0,0,0,0,0),(2220,125,1,114,4,NULL,NULL,NULL,0,'Gnat',1,NULL,NULL,NULL,1,0,0,0,0,0,0),(2221,125,1,115,4,NULL,NULL,NULL,0,'Gnat',0,NULL,NULL,NULL,1,0,0,0,0,0,0),(2222,125,1,115,4,NULL,NULL,NULL,0,'Gnat',0,NULL,NULL,NULL,1,0,0,0,0,0,0),(2223,125,1,115,4,NULL,NULL,NULL,0,'Gnat',0,NULL,NULL,NULL,1,0,0,0,0,0,0),(2224,125,1,115,4,NULL,NULL,NULL,0,'Gnat',0,NULL,NULL,NULL,1,0,0,0,0,0,0),(2225,125,1,115,4,NULL,NULL,NULL,0,'Gnat',1,NULL,NULL,NULL,1,0,0,0,0,0,0),(2226,125,1,115,4,NULL,NULL,NULL,0,'Gnat',1,NULL,NULL,NULL,1,0,0,0,0,0,0),(2227,125,1,115,4,NULL,NULL,NULL,0,'Gnat',0,NULL,NULL,NULL,1,0,0,0,0,0,0),(2228,125,1,115,4,NULL,NULL,NULL,0,'Gnat',0,NULL,NULL,NULL,1,0,0,0,0,0,0),(2229,125,1,116,4,NULL,NULL,NULL,0,'Gnat',0,NULL,NULL,NULL,1,0,0,0,0,0,0),(2230,125,1,116,4,NULL,NULL,NULL,0,'Gnat',0,NULL,NULL,NULL,1,0,0,0,0,0,0),(2231,125,1,116,4,NULL,NULL,NULL,0,'Gnat',0,NULL,NULL,NULL,1,0,0,0,0,0,0),(2232,125,1,116,4,NULL,NULL,NULL,0,'Gnat',0,NULL,NULL,NULL,1,0,0,0,0,0,0),(2233,125,1,116,4,NULL,NULL,NULL,0,'Gnat',1,NULL,NULL,NULL,1,0,0,0,0,0,0),(2234,125,1,116,4,NULL,NULL,NULL,0,'Gnat',1,NULL,NULL,NULL,1,0,0,0,0,0,0),(2235,125,1,116,4,NULL,NULL,NULL,0,'Gnat',0,NULL,NULL,NULL,1,0,0,0,0,0,0),(2236,125,1,116,4,NULL,NULL,NULL,0,'Gnat',1,NULL,NULL,NULL,1,0,0,0,0,0,0),(2237,26875,1,7,1,NULL,NULL,NULL,0,'Demosis',0,3,336,NULL,1,0,0,0,0,0,0),(2238,26875,1,7,1,NULL,NULL,NULL,0,'Demosis',0,3,336,NULL,1,0,0,0,0,0,0),(2239,4475,1,7,1,NULL,NULL,NULL,0,'Thor',1,3,336,NULL,1,0,0,0,0,0,0),(2240,4475,1,7,1,NULL,NULL,NULL,0,'Thor',0,3,336,NULL,1,0,0,0,0,0,0),(2241,4475,1,7,1,NULL,NULL,NULL,0,'Thor',0,3,336,NULL,1,0,0,0,0,0,0),(2242,4475,1,7,1,NULL,NULL,NULL,0,'Thor',1,3,336,NULL,1,0,0,0,0,0,0),(2243,4475,1,7,1,NULL,NULL,NULL,0,'Thor',0,3,336,NULL,1,0,0,0,0,0,0),(2244,4475,1,7,1,NULL,NULL,NULL,0,'Thor',1,3,336,NULL,1,0,0,0,0,0,0),(2245,2812,1,7,1,NULL,NULL,NULL,0,'Dirac',0,3,336,NULL,1,0,0,0,0,0,0),(2246,2812,1,7,1,NULL,NULL,NULL,0,'Dirac',0,3,336,NULL,1,0,0,0,0,0,0),(2247,2812,1,7,1,NULL,NULL,NULL,0,'Dirac',0,3,336,NULL,1,0,0,0,0,0,0),(2248,2812,1,7,1,NULL,NULL,NULL,0,'Dirac',1,3,336,NULL,1,0,0,0,0,0,0),(2249,2812,1,7,1,NULL,NULL,NULL,0,'Dirac',0,3,336,NULL,1,0,0,0,0,0,0),(2250,2812,1,7,1,NULL,NULL,NULL,0,'Dirac',1,3,336,NULL,1,0,0,0,0,0,0),(2251,2812,1,7,1,NULL,NULL,NULL,0,'Dirac',1,3,336,NULL,1,0,0,0,0,0,0),(2252,2812,1,7,1,NULL,NULL,NULL,0,'Dirac',1,3,336,NULL,1,0,0,0,0,0,0),(2253,2812,1,7,1,NULL,NULL,NULL,0,'Dirac',1,3,336,NULL,1,0,0,0,0,0,0),(2254,2812,1,7,1,NULL,NULL,NULL,0,'Dirac',1,3,336,NULL,1,0,0,0,0,0,0),(2255,2812,1,7,1,NULL,NULL,NULL,0,'Dirac',1,3,336,NULL,1,0,0,0,0,0,0),(2256,2812,1,7,1,NULL,NULL,NULL,0,'Dirac',1,3,336,NULL,1,0,0,0,0,0,0),(2257,2812,1,7,1,NULL,NULL,NULL,0,'Dirac',0,3,336,NULL,1,0,0,0,0,0,0),(2258,2812,1,7,1,NULL,NULL,NULL,0,'Dirac',1,3,336,NULL,1,0,0,0,0,0,0),(2259,2812,1,7,1,NULL,NULL,NULL,0,'Dirac',1,3,336,NULL,1,0,0,0,0,0,0),(2260,2812,1,7,1,NULL,NULL,NULL,0,'Dirac',1,3,336,NULL,1,0,0,0,0,0,0),(2261,26875,1,7,1,NULL,NULL,NULL,0,'Demosis',0,0,180,NULL,1,0,0,0,0,0,0),(2262,26875,1,7,1,NULL,NULL,NULL,0,'Demosis',0,0,180,NULL,1,0,0,0,0,0,0),(2263,26875,1,7,1,NULL,NULL,NULL,0,'Demosis',0,0,180,NULL,1,0,0,0,0,0,0),(2264,4475,1,7,1,NULL,NULL,NULL,0,'Thor',0,0,180,NULL,1,0,0,0,0,0,0),(2265,4475,1,7,1,NULL,NULL,NULL,0,'Thor',0,0,180,NULL,1,0,0,0,0,0,0),(2266,2812,1,7,1,NULL,NULL,NULL,0,'Dirac',0,0,180,NULL,1,0,0,0,0,0,0),(2267,2812,1,7,1,NULL,NULL,NULL,0,'Dirac',0,0,180,NULL,1,0,0,0,0,0,0),(2268,2812,1,7,1,NULL,NULL,NULL,0,'Dirac',0,0,180,NULL,1,0,0,0,0,0,0),(2269,2812,1,7,1,NULL,NULL,NULL,0,'Dirac',0,0,180,NULL,1,0,0,0,0,0,0),(2270,2812,1,7,1,NULL,NULL,NULL,0,'Dirac',1,0,180,NULL,1,0,0,0,0,0,0),(2271,2812,1,7,1,NULL,NULL,NULL,0,'Dirac',0,0,180,NULL,1,0,0,0,0,0,0),(2272,2812,1,7,1,NULL,NULL,NULL,0,'Dirac',1,0,180,NULL,1,0,0,0,0,0,0),(2273,2812,1,7,1,NULL,NULL,NULL,0,'Dirac',0,0,180,NULL,1,0,0,0,0,0,0),(2274,2812,1,7,1,NULL,NULL,NULL,0,'Dirac',0,0,180,NULL,1,0,0,0,0,0,0),(2275,2812,1,7,1,NULL,NULL,NULL,0,'Dirac',0,0,180,NULL,1,0,0,0,0,0,0),(2276,2812,1,7,1,NULL,NULL,NULL,0,'Dirac',0,0,180,NULL,1,0,0,0,0,0,0),(2277,2812,1,7,1,NULL,NULL,NULL,0,'Dirac',1,0,180,NULL,1,0,0,0,0,0,0),(2278,2812,1,7,1,NULL,NULL,NULL,0,'Dirac',0,0,180,NULL,1,0,0,0,0,0,0),(2279,26875,1,7,1,NULL,NULL,NULL,0,'Demosis',0,2,300,NULL,1,0,0,0,0,0,0),(2280,4475,1,7,1,NULL,NULL,NULL,0,'Thor',1,2,300,NULL,1,0,0,0,0,0,0),(2281,4475,1,7,1,NULL,NULL,NULL,0,'Thor',0,2,300,NULL,1,0,0,0,0,0,0),(2282,2812,1,7,1,NULL,NULL,NULL,0,'Dirac',0,2,300,NULL,1,0,0,0,0,0,0),(2283,2812,1,7,1,NULL,NULL,NULL,0,'Dirac',1,2,300,NULL,1,0,0,0,0,0,0),(2284,2812,1,7,1,NULL,NULL,NULL,0,'Dirac',1,2,300,NULL,1,0,0,0,0,0,0),(2285,2812,1,7,1,NULL,NULL,NULL,0,'Dirac',0,2,300,NULL,1,0,0,0,0,0,0),(2286,2812,1,7,1,NULL,NULL,NULL,0,'Dirac',1,2,300,NULL,1,0,0,0,0,0,0),(2287,2812,1,7,1,NULL,NULL,NULL,0,'Dirac',0,2,300,NULL,1,0,0,0,0,0,0),(2288,2812,1,7,1,NULL,NULL,NULL,0,'Dirac',0,2,300,NULL,1,0,0,0,0,0,0),(2289,2812,1,7,1,NULL,NULL,NULL,0,'Dirac',0,2,300,NULL,1,0,0,0,0,0,0),(2290,26875,1,7,1,NULL,NULL,NULL,0,'Demosis',0,0,0,NULL,1,0,0,0,0,0,0),(2291,26875,1,7,1,NULL,NULL,NULL,0,'Demosis',0,0,0,NULL,1,0,0,0,0,0,0),(2292,26875,1,7,1,NULL,NULL,NULL,0,'Demosis',0,0,0,NULL,1,0,0,0,0,0,0),(2293,4475,1,7,1,NULL,NULL,NULL,0,'Thor',1,0,0,NULL,1,0,0,0,0,0,0),(2294,4475,1,7,1,NULL,NULL,NULL,0,'Thor',1,0,0,NULL,1,0,0,0,0,0,0),(2295,4475,1,7,1,NULL,NULL,NULL,0,'Thor',0,0,0,NULL,1,0,0,0,0,0,0),(2296,4475,1,7,1,NULL,NULL,NULL,0,'Thor',1,0,0,NULL,1,0,0,0,0,0,0),(2297,4475,1,7,1,NULL,NULL,NULL,0,'Thor',0,0,0,NULL,1,0,0,0,0,0,0),(2298,4475,1,7,1,NULL,NULL,NULL,0,'Thor',0,0,0,NULL,1,0,0,0,0,0,0),(2299,4475,1,7,1,NULL,NULL,NULL,0,'Thor',1,0,0,NULL,1,0,0,0,0,0,0),(2300,4475,1,7,1,NULL,NULL,NULL,0,'Thor',1,0,0,NULL,1,0,0,0,0,0,0),(2301,4475,1,7,1,NULL,NULL,NULL,0,'Thor',1,0,0,NULL,1,0,0,0,0,0,0),(2302,2812,1,7,1,NULL,NULL,NULL,0,'Dirac',0,0,0,NULL,1,0,0,0,0,0,0),(2303,2812,1,7,1,NULL,NULL,NULL,0,'Dirac',1,0,0,NULL,1,0,0,0,0,0,0),(2304,2812,1,7,1,NULL,NULL,NULL,0,'Dirac',0,0,0,NULL,1,0,0,0,0,0,0),(2305,2812,1,7,1,NULL,NULL,NULL,0,'Dirac',1,0,0,NULL,1,0,0,0,0,0,0),(2306,2812,1,7,1,NULL,NULL,NULL,0,'Dirac',1,0,0,NULL,1,0,0,0,0,0,0),(2307,2812,1,7,1,NULL,NULL,NULL,0,'Dirac',0,0,0,NULL,1,0,0,0,0,0,0),(2308,2812,1,7,1,NULL,NULL,NULL,0,'Dirac',1,0,0,NULL,1,0,0,0,0,0,0),(2309,2812,1,7,1,NULL,NULL,NULL,0,'Dirac',1,0,0,NULL,1,0,0,0,0,0,0),(2310,2812,1,7,1,NULL,NULL,NULL,0,'Dirac',0,0,0,NULL,1,0,0,0,0,0,0),(2311,2812,1,7,1,NULL,NULL,NULL,0,'Dirac',1,0,0,NULL,1,0,0,0,0,0,0),(2312,4475,1,8,1,NULL,NULL,NULL,0,'Thor',0,1,225,NULL,1,0,0,0,0,0,0),(2313,4475,1,8,1,NULL,NULL,NULL,0,'Thor',0,1,225,NULL,1,0,0,0,0,0,0),(2314,4475,1,8,1,NULL,NULL,NULL,0,'Thor',0,1,225,NULL,1,0,0,0,0,0,0),(2315,2812,1,8,1,NULL,NULL,NULL,0,'Dirac',0,1,225,NULL,1,0,0,0,0,0,0),(2316,2812,1,8,1,NULL,NULL,NULL,0,'Dirac',1,1,225,NULL,1,0,0,0,0,0,0),(2317,2812,1,8,1,NULL,NULL,NULL,0,'Dirac',1,1,225,NULL,1,0,0,0,0,0,0),(2318,2812,1,8,1,NULL,NULL,NULL,0,'Dirac',0,1,225,NULL,1,0,0,0,0,0,0),(2319,2812,1,8,1,NULL,NULL,NULL,0,'Dirac',0,1,225,NULL,1,0,0,0,0,0,0),(2320,2812,1,8,1,NULL,NULL,NULL,0,'Dirac',0,1,225,NULL,1,0,0,0,0,0,0),(2321,2812,1,8,1,NULL,NULL,NULL,0,'Dirac',0,1,225,NULL,1,0,0,0,0,0,0),(2322,2812,1,8,1,NULL,NULL,NULL,0,'Dirac',1,1,225,NULL,1,0,0,0,0,0,0),(2323,2812,1,8,1,NULL,NULL,NULL,0,'Dirac',0,1,225,NULL,1,0,0,0,0,0,0),(2324,2812,1,8,1,NULL,NULL,NULL,0,'Dirac',0,1,225,NULL,1,0,0,0,0,0,0),(2325,2812,1,8,1,NULL,NULL,NULL,0,'Dirac',1,1,225,NULL,1,0,0,0,0,0,0),(2326,2812,1,8,1,NULL,NULL,NULL,0,'Dirac',0,1,225,NULL,1,0,0,0,0,0,0),(2327,2812,1,8,1,NULL,NULL,NULL,0,'Dirac',1,1,225,NULL,1,0,0,0,0,0,0),(2328,2812,1,8,1,NULL,NULL,NULL,0,'Dirac',1,1,225,NULL,1,0,0,0,0,0,0),(2329,2812,1,8,1,NULL,NULL,NULL,0,'Dirac',1,1,225,NULL,1,0,0,0,0,0,0),(2330,2812,1,8,1,NULL,NULL,NULL,0,'Dirac',1,1,225,NULL,1,0,0,0,0,0,0),(2331,4475,1,8,1,NULL,NULL,NULL,0,'Thor',1,2,120,NULL,1,0,0,0,0,0,0),(2332,4475,1,8,1,NULL,NULL,NULL,0,'Thor',1,2,120,NULL,1,0,0,0,0,0,0),(2333,4475,1,8,1,NULL,NULL,NULL,0,'Thor',0,2,120,NULL,1,0,0,0,0,0,0),(2334,4475,1,8,1,NULL,NULL,NULL,0,'Thor',1,2,120,NULL,1,0,0,0,0,0,0),(2335,4475,1,8,1,NULL,NULL,NULL,0,'Thor',0,2,120,NULL,1,0,0,0,0,0,0),(2336,4475,1,8,1,NULL,NULL,NULL,0,'Thor',0,2,120,NULL,1,0,0,0,0,0,0),(2337,4475,1,8,1,NULL,NULL,NULL,0,'Thor',0,2,120,NULL,1,0,0,0,0,0,0),(2338,4475,1,8,1,NULL,NULL,NULL,0,'Thor',0,2,120,NULL,1,0,0,0,0,0,0),(2339,2812,1,8,1,NULL,NULL,NULL,0,'Dirac',0,2,120,NULL,1,0,0,0,0,0,0),(2340,2812,1,8,1,NULL,NULL,NULL,0,'Dirac',0,2,120,NULL,1,0,0,0,0,0,0),(2341,2812,1,8,1,NULL,NULL,NULL,0,'Dirac',1,2,120,NULL,1,0,0,0,0,0,0),(2342,2812,1,8,1,NULL,NULL,NULL,0,'Dirac',0,2,120,NULL,1,0,0,0,0,0,0),(2343,2812,1,8,1,NULL,NULL,NULL,0,'Dirac',0,2,120,NULL,1,0,0,0,0,0,0),(2344,2812,1,8,1,NULL,NULL,NULL,0,'Dirac',0,2,120,NULL,1,0,0,0,0,0,0),(2345,2812,1,8,1,NULL,NULL,NULL,0,'Dirac',1,2,120,NULL,1,0,0,0,0,0,0),(2346,90,1,117,4,NULL,NULL,NULL,0,'Glancer',1,NULL,NULL,NULL,1,0,0,0,0,0,0),(2347,90,1,117,4,NULL,NULL,NULL,0,'Glancer',1,NULL,NULL,NULL,1,0,0,0,0,0,0),(2348,90,1,117,4,NULL,NULL,NULL,0,'Glancer',1,NULL,NULL,NULL,1,0,0,0,0,0,0),(2349,125,1,117,4,NULL,NULL,NULL,0,'Gnat',0,NULL,NULL,NULL,1,0,0,0,0,0,0),(2350,125,1,117,4,NULL,NULL,NULL,0,'Gnat',0,NULL,NULL,NULL,1,0,0,0,0,0,0),(2351,125,1,117,4,NULL,NULL,NULL,0,'Gnat',0,NULL,NULL,NULL,1,0,0,0,0,0,0),(2352,125,1,117,4,NULL,NULL,NULL,0,'Gnat',0,NULL,NULL,NULL,1,0,0,0,0,0,0),(2353,125,1,117,4,NULL,NULL,NULL,0,'Gnat',1,NULL,NULL,NULL,1,0,0,0,0,0,0),(2354,125,1,117,4,NULL,NULL,NULL,0,'Gnat',1,NULL,NULL,NULL,1,0,0,0,0,0,0),(2355,125,1,117,4,NULL,NULL,NULL,0,'Gnat',0,NULL,NULL,NULL,1,0,0,0,0,0,0),(2356,125,1,117,4,NULL,NULL,NULL,0,'Gnat',1,NULL,NULL,NULL,1,0,0,0,0,0,0),(2357,90,1,118,4,NULL,NULL,NULL,0,'Glancer',1,NULL,NULL,NULL,1,0,0,0,0,0,0),(2358,90,1,118,4,NULL,NULL,NULL,0,'Glancer',1,NULL,NULL,NULL,1,0,0,0,0,0,0),(2359,125,1,118,4,NULL,NULL,NULL,0,'Gnat',0,NULL,NULL,NULL,1,0,0,0,0,0,0),(2360,125,1,118,4,NULL,NULL,NULL,0,'Gnat',0,NULL,NULL,NULL,1,0,0,0,0,0,0),(2361,125,1,118,4,NULL,NULL,NULL,0,'Gnat',0,NULL,NULL,NULL,1,0,0,0,0,0,0),(2362,125,1,118,4,NULL,NULL,NULL,0,'Gnat',0,NULL,NULL,NULL,1,0,0,0,0,0,0),(2363,125,1,118,4,NULL,NULL,NULL,0,'Gnat',1,NULL,NULL,NULL,1,0,0,0,0,0,0),(2364,125,1,118,4,NULL,NULL,NULL,0,'Gnat',1,NULL,NULL,NULL,1,0,0,0,0,0,0),(2365,125,1,118,4,NULL,NULL,NULL,0,'Gnat',0,NULL,NULL,NULL,1,0,0,0,0,0,0),(2366,125,1,118,4,NULL,NULL,NULL,0,'Gnat',1,NULL,NULL,NULL,1,0,0,0,0,0,0),(2367,90,1,119,4,NULL,NULL,NULL,0,'Glancer',1,NULL,NULL,NULL,1,0,0,0,0,0,0),(2368,90,1,119,4,NULL,NULL,NULL,0,'Glancer',1,NULL,NULL,NULL,1,0,0,0,0,0,0),(2369,90,1,119,4,NULL,NULL,NULL,0,'Glancer',1,NULL,NULL,NULL,1,0,0,0,0,0,0),(2370,125,1,119,4,NULL,NULL,NULL,0,'Gnat',0,NULL,NULL,NULL,1,0,0,0,0,0,0),(2371,125,1,119,4,NULL,NULL,NULL,0,'Gnat',0,NULL,NULL,NULL,1,0,0,0,0,0,0),(2372,125,1,119,4,NULL,NULL,NULL,0,'Gnat',0,NULL,NULL,NULL,1,0,0,0,0,0,0),(2373,125,1,119,4,NULL,NULL,NULL,0,'Gnat',0,NULL,NULL,NULL,1,0,0,0,0,0,0),(2374,125,1,119,4,NULL,NULL,NULL,0,'Gnat',1,NULL,NULL,NULL,1,0,0,0,0,0,0),(2375,125,1,119,4,NULL,NULL,NULL,0,'Gnat',1,NULL,NULL,NULL,1,0,0,0,0,0,0),(2376,125,1,119,4,NULL,NULL,NULL,0,'Gnat',0,NULL,NULL,NULL,1,0,0,0,0,0,0),(2377,900,1,120,4,NULL,NULL,NULL,0,'Gnawer',0,NULL,NULL,NULL,1,0,0,0,0,0,0),(2378,900,1,120,4,NULL,NULL,NULL,0,'Gnawer',0,NULL,NULL,NULL,1,0,0,0,0,0,0),(2379,500,1,120,4,NULL,NULL,NULL,0,'Spudder',0,NULL,NULL,NULL,1,0,0,0,0,0,0),(2380,500,1,120,4,NULL,NULL,NULL,0,'Spudder',0,NULL,NULL,NULL,1,0,0,0,0,0,0),(2381,500,1,120,4,NULL,NULL,NULL,0,'Spudder',0,NULL,NULL,NULL,1,0,0,0,0,0,0),(2382,500,1,120,4,NULL,NULL,NULL,0,'Spudder',0,NULL,NULL,NULL,1,0,0,0,0,0,0),(2383,90,1,120,4,NULL,NULL,NULL,0,'Glancer',1,NULL,NULL,NULL,1,0,0,0,0,0,0),(2384,90,1,120,4,NULL,NULL,NULL,0,'Glancer',1,NULL,NULL,NULL,1,0,0,0,0,0,0),(2385,125,1,120,4,NULL,NULL,NULL,0,'Gnat',0,NULL,NULL,NULL,1,0,0,0,0,0,0),(2386,125,1,120,4,NULL,NULL,NULL,0,'Gnat',0,NULL,NULL,NULL,1,0,0,0,0,0,0),(2387,90,1,120,4,NULL,NULL,NULL,0,'Glancer',1,NULL,NULL,NULL,1,0,0,0,0,0,0),(2388,90,1,120,4,NULL,NULL,NULL,0,'Glancer',1,NULL,NULL,NULL,1,0,0,0,0,0,0),(2389,90,1,120,4,NULL,NULL,NULL,0,'Glancer',1,NULL,NULL,NULL,1,0,0,0,0,0,0),(2390,90,1,120,4,NULL,NULL,NULL,0,'Glancer',1,NULL,NULL,NULL,1,0,0,0,0,0,0),(2391,90,1,120,4,NULL,NULL,NULL,0,'Glancer',1,NULL,NULL,NULL,1,0,0,0,0,0,0),(2392,90,1,120,4,NULL,NULL,NULL,0,'Glancer',1,NULL,NULL,NULL,1,0,0,0,0,0,0),(2393,125,1,120,4,NULL,NULL,NULL,0,'Gnat',0,NULL,NULL,NULL,1,0,0,0,0,0,0),(2394,125,1,120,4,NULL,NULL,NULL,0,'Gnat',0,NULL,NULL,NULL,1,0,0,0,0,0,0),(2395,125,1,120,4,NULL,NULL,NULL,0,'Gnat',0,NULL,NULL,NULL,1,0,0,0,0,0,0),(2396,125,1,120,4,NULL,NULL,NULL,0,'Gnat',0,NULL,NULL,NULL,1,0,0,0,0,0,0),(2397,125,1,120,4,NULL,NULL,NULL,0,'Gnat',1,NULL,NULL,NULL,1,0,0,0,0,0,0),(2398,125,1,120,4,NULL,NULL,NULL,0,'Gnat',1,NULL,NULL,NULL,1,0,0,0,0,0,0),(2399,125,1,120,4,NULL,NULL,NULL,0,'Gnat',0,NULL,NULL,NULL,1,0,0,0,0,0,0),(2400,125,1,120,4,NULL,NULL,NULL,0,'Gnat',1,NULL,NULL,NULL,1,0,0,0,0,0,0),(2401,125,1,120,4,NULL,NULL,NULL,0,'Gnat',1,NULL,NULL,NULL,1,0,0,0,0,0,0),(2402,900,1,121,4,NULL,NULL,NULL,0,'Gnawer',0,NULL,NULL,NULL,1,0,0,0,0,0,0),(2403,900,1,121,4,NULL,NULL,NULL,0,'Gnawer',0,NULL,NULL,NULL,1,0,0,0,0,0,0),(2404,500,1,121,4,NULL,NULL,NULL,0,'Spudder',0,NULL,NULL,NULL,1,0,0,0,0,0,0),(2405,500,1,121,4,NULL,NULL,NULL,0,'Spudder',0,NULL,NULL,NULL,1,0,0,0,0,0,0),(2406,900,1,121,4,NULL,NULL,NULL,0,'Gnawer',0,NULL,NULL,NULL,1,0,0,0,0,0,0),(2407,500,1,121,4,NULL,NULL,NULL,0,'Spudder',0,NULL,NULL,NULL,1,0,0,0,0,0,0),(2408,500,1,121,4,NULL,NULL,NULL,0,'Spudder',0,NULL,NULL,NULL,1,0,0,0,0,0,0),(2409,90,1,121,4,NULL,NULL,NULL,0,'Glancer',1,NULL,NULL,NULL,1,0,0,0,0,0,0),(2410,90,1,121,4,NULL,NULL,NULL,0,'Glancer',1,NULL,NULL,NULL,1,0,0,0,0,0,0),(2411,125,1,121,4,NULL,NULL,NULL,0,'Gnat',0,NULL,NULL,NULL,1,0,0,0,0,0,0),(2412,125,1,121,4,NULL,NULL,NULL,0,'Gnat',0,NULL,NULL,NULL,1,0,0,0,0,0,0),(2413,125,1,121,4,NULL,NULL,NULL,0,'Gnat',0,NULL,NULL,NULL,1,0,0,0,0,0,0),(2414,90,1,121,4,NULL,NULL,NULL,0,'Glancer',1,NULL,NULL,NULL,1,0,0,0,0,0,0),(2415,90,1,121,4,NULL,NULL,NULL,0,'Glancer',1,NULL,NULL,NULL,1,0,0,0,0,0,0),(2416,90,1,121,4,NULL,NULL,NULL,0,'Glancer',1,NULL,NULL,NULL,1,0,0,0,0,0,0),(2417,90,1,121,4,NULL,NULL,NULL,0,'Glancer',1,NULL,NULL,NULL,1,0,0,0,0,0,0),(2418,90,1,121,4,NULL,NULL,NULL,0,'Glancer',1,NULL,NULL,NULL,1,0,0,0,0,0,0),(2419,125,1,121,4,NULL,NULL,NULL,0,'Gnat',0,NULL,NULL,NULL,1,0,0,0,0,0,0),(2420,125,1,121,4,NULL,NULL,NULL,0,'Gnat',0,NULL,NULL,NULL,1,0,0,0,0,0,0),(2421,125,1,121,4,NULL,NULL,NULL,0,'Gnat',0,NULL,NULL,NULL,1,0,0,0,0,0,0),(2422,125,1,121,4,NULL,NULL,NULL,0,'Gnat',0,NULL,NULL,NULL,1,0,0,0,0,0,0),(2423,125,1,121,4,NULL,NULL,NULL,0,'Gnat',1,NULL,NULL,NULL,1,0,0,0,0,0,0),(2424,125,1,121,4,NULL,NULL,NULL,0,'Gnat',1,NULL,NULL,NULL,1,0,0,0,0,0,0),(2425,125,1,121,4,NULL,NULL,NULL,0,'Gnat',0,NULL,NULL,NULL,1,0,0,0,0,0,0),(2426,125,1,121,4,NULL,NULL,NULL,0,'Gnat',0,NULL,NULL,NULL,1,0,0,0,0,0,0),(2427,500,1,122,4,NULL,NULL,NULL,0,'Spudder',0,NULL,NULL,NULL,1,0,0,0,0,0,0),(2428,500,1,122,4,NULL,NULL,NULL,0,'Spudder',0,NULL,NULL,NULL,1,0,0,0,0,0,0),(2429,90,1,122,4,NULL,NULL,NULL,0,'Glancer',1,NULL,NULL,NULL,1,0,0,0,0,0,0),(2430,90,1,122,4,NULL,NULL,NULL,0,'Glancer',1,NULL,NULL,NULL,1,0,0,0,0,0,0),(2431,125,1,122,4,NULL,NULL,NULL,0,'Gnat',0,NULL,NULL,NULL,1,0,0,0,0,0,0),(2432,125,1,122,4,NULL,NULL,NULL,0,'Gnat',0,NULL,NULL,NULL,1,0,0,0,0,0,0),(2433,125,1,122,4,NULL,NULL,NULL,0,'Gnat',0,NULL,NULL,NULL,1,0,0,0,0,0,0),(2434,90,1,122,4,NULL,NULL,NULL,0,'Glancer',1,NULL,NULL,NULL,1,0,0,0,0,0,0),(2435,90,1,122,4,NULL,NULL,NULL,0,'Glancer',1,NULL,NULL,NULL,1,0,0,0,0,0,0),(2436,90,1,122,4,NULL,NULL,NULL,0,'Glancer',1,NULL,NULL,NULL,1,0,0,0,0,0,0),(2437,90,1,122,4,NULL,NULL,NULL,0,'Glancer',1,NULL,NULL,NULL,1,0,0,0,0,0,0),(2438,90,1,122,4,NULL,NULL,NULL,0,'Glancer',1,NULL,NULL,NULL,1,0,0,0,0,0,0),(2439,125,1,122,4,NULL,NULL,NULL,0,'Gnat',0,NULL,NULL,NULL,1,0,0,0,0,0,0),(2440,125,1,122,4,NULL,NULL,NULL,0,'Gnat',0,NULL,NULL,NULL,1,0,0,0,0,0,0),(2441,125,1,122,4,NULL,NULL,NULL,0,'Gnat',0,NULL,NULL,NULL,1,0,0,0,0,0,0),(2442,125,1,122,4,NULL,NULL,NULL,0,'Gnat',0,NULL,NULL,NULL,1,0,0,0,0,0,0),(2443,125,1,122,4,NULL,NULL,NULL,0,'Gnat',1,NULL,NULL,NULL,1,0,0,0,0,0,0),(2444,125,1,122,4,NULL,NULL,NULL,0,'Gnat',1,NULL,NULL,NULL,1,0,0,0,0,0,0),(2445,125,1,122,4,NULL,NULL,NULL,0,'Gnat',0,NULL,NULL,NULL,1,0,0,0,0,0,0),(2446,500,1,123,4,NULL,NULL,NULL,0,'Spudder',0,NULL,NULL,NULL,1,0,0,0,0,0,0),(2447,500,1,123,4,NULL,NULL,NULL,0,'Spudder',1,NULL,NULL,NULL,1,0,0,0,0,0,0),(2448,500,1,123,4,NULL,NULL,NULL,0,'Spudder',0,NULL,NULL,NULL,1,0,0,0,0,0,0),(2449,90,1,123,4,NULL,NULL,NULL,0,'Glancer',1,NULL,NULL,NULL,1,0,0,0,0,0,0),(2450,90,1,123,4,NULL,NULL,NULL,0,'Glancer',1,NULL,NULL,NULL,1,0,0,0,0,0,0),(2451,125,1,123,4,NULL,NULL,NULL,0,'Gnat',1,NULL,NULL,NULL,1,0,0,0,0,0,0),(2452,125,1,123,4,NULL,NULL,NULL,0,'Gnat',0,NULL,NULL,NULL,1,0,0,0,0,0,0),(2453,125,1,123,4,NULL,NULL,NULL,0,'Gnat',0,NULL,NULL,NULL,1,0,0,0,0,0,0),(2454,90,1,123,4,NULL,NULL,NULL,0,'Glancer',1,NULL,NULL,NULL,1,0,0,0,0,0,0),(2455,90,1,123,4,NULL,NULL,NULL,0,'Glancer',1,NULL,NULL,NULL,1,0,0,0,0,0,0),(2456,90,1,123,4,NULL,NULL,NULL,0,'Glancer',1,NULL,NULL,NULL,1,0,0,0,0,0,0),(2457,90,1,123,4,NULL,NULL,NULL,0,'Glancer',1,NULL,NULL,NULL,1,0,0,0,0,0,0),(2458,90,1,123,4,NULL,NULL,NULL,0,'Glancer',1,NULL,NULL,NULL,1,0,0,0,0,0,0),(2459,125,1,123,4,NULL,NULL,NULL,0,'Gnat',0,NULL,NULL,NULL,1,0,0,0,0,0,0),(2460,125,1,123,4,NULL,NULL,NULL,0,'Gnat',0,NULL,NULL,NULL,1,0,0,0,0,0,0),(2461,125,1,123,4,NULL,NULL,NULL,0,'Gnat',0,NULL,NULL,NULL,1,0,0,0,0,0,0),(2462,125,1,123,4,NULL,NULL,NULL,0,'Gnat',0,NULL,NULL,NULL,1,0,0,0,0,0,0),(2463,125,1,123,4,NULL,NULL,NULL,0,'Gnat',1,NULL,NULL,NULL,1,0,0,0,0,0,0),(2464,125,1,123,4,NULL,NULL,NULL,0,'Gnat',1,NULL,NULL,NULL,1,0,0,0,0,0,0),(2465,500,1,124,4,NULL,NULL,NULL,0,'Spudder',0,NULL,NULL,NULL,1,0,0,0,0,0,0),(2466,500,1,124,4,NULL,NULL,NULL,0,'Spudder',1,NULL,NULL,NULL,1,0,0,0,0,0,0),(2467,500,1,124,4,NULL,NULL,NULL,0,'Spudder',0,NULL,NULL,NULL,1,0,0,0,0,0,0),(2468,90,1,124,4,NULL,NULL,NULL,0,'Glancer',1,NULL,NULL,NULL,1,0,0,0,0,0,0),(2469,90,1,124,4,NULL,NULL,NULL,0,'Glancer',1,NULL,NULL,NULL,1,0,0,0,0,0,0),(2470,125,1,124,4,NULL,NULL,NULL,0,'Gnat',0,NULL,NULL,NULL,1,0,0,0,0,0,0),(2471,125,1,124,4,NULL,NULL,NULL,0,'Gnat',0,NULL,NULL,NULL,1,0,0,0,0,0,0),(2472,125,1,124,4,NULL,NULL,NULL,0,'Gnat',0,NULL,NULL,NULL,1,0,0,0,0,0,0),(2473,90,1,124,4,NULL,NULL,NULL,0,'Glancer',1,NULL,NULL,NULL,1,0,0,0,0,0,0),(2474,90,1,124,4,NULL,NULL,NULL,0,'Glancer',1,NULL,NULL,NULL,1,0,0,0,0,0,0),(2475,90,1,124,4,NULL,NULL,NULL,0,'Glancer',1,NULL,NULL,NULL,1,0,0,0,0,0,0),(2476,90,1,124,4,NULL,NULL,NULL,0,'Glancer',1,NULL,NULL,NULL,1,0,0,0,0,0,0),(2477,125,1,124,4,NULL,NULL,NULL,0,'Gnat',0,NULL,NULL,NULL,1,0,0,0,0,0,0),(2478,125,1,124,4,NULL,NULL,NULL,0,'Gnat',0,NULL,NULL,NULL,1,0,0,0,0,0,0),(2479,125,1,124,4,NULL,NULL,NULL,0,'Gnat',0,NULL,NULL,NULL,1,0,0,0,0,0,0),(2480,125,1,124,4,NULL,NULL,NULL,0,'Gnat',0,NULL,NULL,NULL,1,0,0,0,0,0,0),(2481,125,1,124,4,NULL,NULL,NULL,0,'Gnat',1,NULL,NULL,NULL,1,0,0,0,0,0,0),(2482,125,1,124,4,NULL,NULL,NULL,0,'Gnat',1,NULL,NULL,NULL,1,0,0,0,0,0,0),(2483,125,1,124,4,NULL,NULL,NULL,0,'Gnat',0,NULL,NULL,NULL,1,0,0,0,0,0,0),(2484,125,1,124,4,NULL,NULL,NULL,0,'Gnat',0,NULL,NULL,NULL,1,0,0,0,0,0,0),(2485,900,1,125,4,NULL,NULL,NULL,0,'Gnawer',0,NULL,NULL,NULL,1,0,0,0,0,0,0),(2486,900,1,125,4,NULL,NULL,NULL,0,'Gnawer',0,NULL,NULL,NULL,1,0,0,0,0,0,0),(2487,900,1,125,4,NULL,NULL,NULL,0,'Gnawer',0,NULL,NULL,NULL,1,0,0,0,0,0,0),(2488,900,1,125,4,NULL,NULL,NULL,0,'Gnawer',0,NULL,NULL,NULL,1,0,0,0,0,0,0),(2489,900,1,125,4,NULL,NULL,NULL,0,'Gnawer',0,NULL,NULL,NULL,1,0,0,0,0,0,0),(2490,500,1,125,4,NULL,NULL,NULL,0,'Spudder',0,NULL,NULL,NULL,1,0,0,0,0,0,0),(2491,900,1,125,4,NULL,NULL,NULL,0,'Gnawer',0,NULL,NULL,NULL,1,0,0,0,0,0,0),(2492,500,1,125,4,NULL,NULL,NULL,0,'Spudder',0,NULL,NULL,NULL,1,0,0,0,0,0,0),(2493,90,1,125,4,NULL,NULL,NULL,0,'Glancer',1,NULL,NULL,NULL,1,0,0,0,0,0,0),(2494,90,1,125,4,NULL,NULL,NULL,0,'Glancer',1,NULL,NULL,NULL,1,0,0,0,0,0,0),(2495,125,1,125,4,NULL,NULL,NULL,0,'Gnat',1,NULL,NULL,NULL,1,0,0,0,0,0,0),(2496,125,1,125,4,NULL,NULL,NULL,0,'Gnat',0,NULL,NULL,NULL,1,0,0,0,0,0,0),(2497,90,1,125,4,NULL,NULL,NULL,0,'Glancer',1,NULL,NULL,NULL,1,0,0,0,0,0,0),(2498,90,1,125,4,NULL,NULL,NULL,0,'Glancer',1,NULL,NULL,NULL,1,0,0,0,0,0,0),(2499,90,1,125,4,NULL,NULL,NULL,0,'Glancer',1,NULL,NULL,NULL,1,0,0,0,0,0,0),(2500,90,1,125,4,NULL,NULL,NULL,0,'Glancer',1,NULL,NULL,NULL,1,0,0,0,0,0,0),(2501,90,1,125,4,NULL,NULL,NULL,0,'Glancer',1,NULL,NULL,NULL,1,0,0,0,0,0,0),(2502,90,1,125,4,NULL,NULL,NULL,0,'Glancer',1,NULL,NULL,NULL,1,0,0,0,0,0,0),(2503,125,1,125,4,NULL,NULL,NULL,0,'Gnat',0,NULL,NULL,NULL,1,0,0,0,0,0,0),(2504,125,1,125,4,NULL,NULL,NULL,0,'Gnat',0,NULL,NULL,NULL,1,0,0,0,0,0,0),(2505,125,1,125,4,NULL,NULL,NULL,0,'Gnat',0,NULL,NULL,NULL,1,0,0,0,0,0,0),(2506,125,1,125,4,NULL,NULL,NULL,0,'Gnat',0,NULL,NULL,NULL,1,0,0,0,0,0,0),(2507,125,1,125,4,NULL,NULL,NULL,0,'Gnat',1,NULL,NULL,NULL,1,0,0,0,0,0,0),(2508,125,1,125,4,NULL,NULL,NULL,0,'Gnat',1,NULL,NULL,NULL,1,0,0,0,0,0,0),(2509,125,1,125,4,NULL,NULL,NULL,0,'Gnat',0,NULL,NULL,NULL,1,0,0,0,0,0,0),(2510,900,1,126,4,NULL,NULL,NULL,0,'Gnawer',0,NULL,NULL,NULL,1,0,0,0,0,0,0),(2511,900,1,126,4,NULL,NULL,NULL,0,'Gnawer',0,NULL,NULL,NULL,1,0,0,0,0,0,0),(2512,900,1,126,4,NULL,NULL,NULL,0,'Gnawer',0,NULL,NULL,NULL,1,0,0,0,0,0,0),(2513,500,1,126,4,NULL,NULL,NULL,0,'Spudder',0,NULL,NULL,NULL,1,0,0,0,0,0,0),(2514,500,1,126,4,NULL,NULL,NULL,0,'Spudder',0,NULL,NULL,NULL,1,0,0,0,0,0,0),(2515,500,1,126,4,NULL,NULL,NULL,0,'Spudder',1,NULL,NULL,NULL,1,0,0,0,0,0,0),(2516,500,1,126,4,NULL,NULL,NULL,0,'Spudder',0,NULL,NULL,NULL,1,0,0,0,0,0,0),(2517,90,1,126,4,NULL,NULL,NULL,0,'Glancer',1,NULL,NULL,NULL,1,0,0,0,0,0,0),(2518,90,1,126,4,NULL,NULL,NULL,0,'Glancer',1,NULL,NULL,NULL,1,0,0,0,0,0,0),(2519,125,1,126,4,NULL,NULL,NULL,0,'Gnat',0,NULL,NULL,NULL,1,0,0,0,0,0,0),(2520,125,1,126,4,NULL,NULL,NULL,0,'Gnat',0,NULL,NULL,NULL,1,0,0,0,0,0,0),(2521,125,1,126,4,NULL,NULL,NULL,0,'Gnat',1,NULL,NULL,NULL,1,0,0,0,0,0,0),(2522,125,1,126,4,NULL,NULL,NULL,0,'Gnat',0,NULL,NULL,NULL,1,0,0,0,0,0,0),(2523,90,1,126,4,NULL,NULL,NULL,0,'Glancer',1,NULL,NULL,NULL,1,0,0,0,0,0,0),(2524,90,1,126,4,NULL,NULL,NULL,0,'Glancer',1,NULL,NULL,NULL,1,0,0,0,0,0,0),(2525,90,1,126,4,NULL,NULL,NULL,0,'Glancer',1,NULL,NULL,NULL,1,0,0,0,0,0,0),(2526,90,1,126,4,NULL,NULL,NULL,0,'Glancer',1,NULL,NULL,NULL,1,0,0,0,0,0,0),(2527,90,1,126,4,NULL,NULL,NULL,0,'Glancer',1,NULL,NULL,NULL,1,0,0,0,0,0,0),(2528,90,1,126,4,NULL,NULL,NULL,0,'Glancer',1,NULL,NULL,NULL,1,0,0,0,0,0,0),(2529,125,1,126,4,NULL,NULL,NULL,0,'Gnat',0,NULL,NULL,NULL,1,0,0,0,0,0,0),(2530,125,1,126,4,NULL,NULL,NULL,0,'Gnat',0,NULL,NULL,NULL,1,0,0,0,0,0,0),(2531,125,1,126,4,NULL,NULL,NULL,0,'Gnat',0,NULL,NULL,NULL,1,0,0,0,0,0,0),(2532,125,1,126,4,NULL,NULL,NULL,0,'Gnat',0,NULL,NULL,NULL,1,0,0,0,0,0,0),(2533,125,1,126,4,NULL,NULL,NULL,0,'Gnat',1,NULL,NULL,NULL,1,0,0,0,0,0,0),(2534,125,1,126,4,NULL,NULL,NULL,0,'Gnat',1,NULL,NULL,NULL,1,0,0,0,0,0,0),(2535,125,1,126,4,NULL,NULL,NULL,0,'Gnat',0,NULL,NULL,NULL,1,0,0,0,0,0,0),(2536,125,1,126,4,NULL,NULL,NULL,0,'Gnat',1,NULL,NULL,NULL,1,0,0,0,0,0,0),(2537,125,1,126,4,NULL,NULL,NULL,0,'Gnat',1,NULL,NULL,NULL,1,0,0,0,0,0,0),(2538,125,1,126,4,NULL,NULL,NULL,0,'Gnat',0,NULL,NULL,NULL,1,0,0,0,0,0,0),(2539,900,1,127,4,NULL,NULL,NULL,0,'Gnawer',0,NULL,NULL,NULL,1,0,0,0,0,0,0),(2540,900,1,127,4,NULL,NULL,NULL,0,'Gnawer',0,NULL,NULL,NULL,1,0,0,0,0,0,0),(2541,500,1,127,4,NULL,NULL,NULL,0,'Spudder',0,NULL,NULL,NULL,1,0,0,0,0,0,0),(2542,500,1,127,4,NULL,NULL,NULL,0,'Spudder',0,NULL,NULL,NULL,1,0,0,0,0,0,0),(2543,500,1,127,4,NULL,NULL,NULL,0,'Spudder',0,NULL,NULL,NULL,1,0,0,0,0,0,0),(2544,500,1,127,4,NULL,NULL,NULL,0,'Spudder',0,NULL,NULL,NULL,1,0,0,0,0,0,0),(2545,90,1,127,4,NULL,NULL,NULL,0,'Glancer',1,NULL,NULL,NULL,1,0,0,0,0,0,0),(2546,90,1,127,4,NULL,NULL,NULL,0,'Glancer',1,NULL,NULL,NULL,1,0,0,0,0,0,0),(2547,125,1,127,4,NULL,NULL,NULL,0,'Gnat',0,NULL,NULL,NULL,1,0,0,0,0,0,0),(2548,125,1,127,4,NULL,NULL,NULL,0,'Gnat',1,NULL,NULL,NULL,1,0,0,0,0,0,0),(2549,90,1,127,4,NULL,NULL,NULL,0,'Glancer',1,NULL,NULL,NULL,1,0,0,0,0,0,0),(2550,90,1,127,4,NULL,NULL,NULL,0,'Glancer',1,NULL,NULL,NULL,1,0,0,0,0,0,0),(2551,90,1,127,4,NULL,NULL,NULL,0,'Glancer',1,NULL,NULL,NULL,1,0,0,0,0,0,0),(2552,90,1,127,4,NULL,NULL,NULL,0,'Glancer',1,NULL,NULL,NULL,1,0,0,0,0,0,0),(2553,90,1,127,4,NULL,NULL,NULL,0,'Glancer',1,NULL,NULL,NULL,1,0,0,0,0,0,0),(2554,90,1,127,4,NULL,NULL,NULL,0,'Glancer',1,NULL,NULL,NULL,1,0,0,0,0,0,0),(2555,125,1,127,4,NULL,NULL,NULL,0,'Gnat',0,NULL,NULL,NULL,1,0,0,0,0,0,0),(2556,125,1,127,4,NULL,NULL,NULL,0,'Gnat',0,NULL,NULL,NULL,1,0,0,0,0,0,0),(2557,125,1,127,4,NULL,NULL,NULL,0,'Gnat',0,NULL,NULL,NULL,1,0,0,0,0,0,0),(2558,125,1,127,4,NULL,NULL,NULL,0,'Gnat',0,NULL,NULL,NULL,1,0,0,0,0,0,0),(2559,125,1,127,4,NULL,NULL,NULL,0,'Gnat',1,NULL,NULL,NULL,1,0,0,0,0,0,0),(2560,125,1,127,4,NULL,NULL,NULL,0,'Gnat',1,NULL,NULL,NULL,1,0,0,0,0,0,0),(2561,900,1,128,4,NULL,NULL,NULL,0,'Gnawer',0,NULL,NULL,NULL,1,0,0,0,0,0,0),(2562,500,1,128,4,NULL,NULL,NULL,0,'Spudder',0,NULL,NULL,NULL,1,0,0,0,0,0,0),(2563,500,1,128,4,NULL,NULL,NULL,0,'Spudder',0,NULL,NULL,NULL,1,0,0,0,0,0,0),(2564,500,1,128,4,NULL,NULL,NULL,0,'Spudder',1,NULL,NULL,NULL,1,0,0,0,0,0,0),(2565,500,1,128,4,NULL,NULL,NULL,0,'Spudder',0,NULL,NULL,NULL,1,0,0,0,0,0,0),(2566,500,1,128,4,NULL,NULL,NULL,0,'Spudder',1,NULL,NULL,NULL,1,0,0,0,0,0,0),(2567,500,1,128,4,NULL,NULL,NULL,0,'Spudder',0,NULL,NULL,NULL,1,0,0,0,0,0,0),(2568,90,1,128,4,NULL,NULL,NULL,0,'Glancer',1,NULL,NULL,NULL,1,0,0,0,0,0,0),(2569,90,1,128,4,NULL,NULL,NULL,0,'Glancer',1,NULL,NULL,NULL,1,0,0,0,0,0,0),(2570,125,1,128,4,NULL,NULL,NULL,0,'Gnat',1,NULL,NULL,NULL,1,0,0,0,0,0,0),(2571,125,1,128,4,NULL,NULL,NULL,0,'Gnat',0,NULL,NULL,NULL,1,0,0,0,0,0,0),(2572,90,1,128,4,NULL,NULL,NULL,0,'Glancer',1,NULL,NULL,NULL,1,0,0,0,0,0,0),(2573,90,1,128,4,NULL,NULL,NULL,0,'Glancer',1,NULL,NULL,NULL,1,0,0,0,0,0,0),(2574,90,1,128,4,NULL,NULL,NULL,0,'Glancer',1,NULL,NULL,NULL,1,0,0,0,0,0,0),(2575,90,1,128,4,NULL,NULL,NULL,0,'Glancer',1,NULL,NULL,NULL,1,0,0,0,0,0,0),(2576,90,1,128,4,NULL,NULL,NULL,0,'Glancer',1,NULL,NULL,NULL,1,0,0,0,0,0,0),(2577,90,1,128,4,NULL,NULL,NULL,0,'Glancer',1,NULL,NULL,NULL,1,0,0,0,0,0,0),(2578,125,1,128,4,NULL,NULL,NULL,0,'Gnat',0,NULL,NULL,NULL,1,0,0,0,0,0,0),(2579,125,1,128,4,NULL,NULL,NULL,0,'Gnat',0,NULL,NULL,NULL,1,0,0,0,0,0,0),(2580,125,1,128,4,NULL,NULL,NULL,0,'Gnat',0,NULL,NULL,NULL,1,0,0,0,0,0,0),(2581,125,1,128,4,NULL,NULL,NULL,0,'Gnat',0,NULL,NULL,NULL,1,0,0,0,0,0,0),(2582,125,1,128,4,NULL,NULL,NULL,0,'Gnat',1,NULL,NULL,NULL,1,0,0,0,0,0,0),(2583,125,1,128,4,NULL,NULL,NULL,0,'Gnat',1,NULL,NULL,NULL,1,0,0,0,0,0,0),(2584,125,1,128,4,NULL,NULL,NULL,0,'Gnat',1,NULL,NULL,NULL,1,0,0,0,0,0,0),(2585,900,1,129,4,NULL,NULL,NULL,0,'Gnawer',0,NULL,NULL,NULL,1,0,0,0,0,0,0),(2586,500,1,129,4,NULL,NULL,NULL,0,'Spudder',0,NULL,NULL,NULL,1,0,0,0,0,0,0),(2587,500,1,129,4,NULL,NULL,NULL,0,'Spudder',0,NULL,NULL,NULL,1,0,0,0,0,0,0),(2588,500,1,129,4,NULL,NULL,NULL,0,'Spudder',1,NULL,NULL,NULL,1,0,0,0,0,0,0),(2589,500,1,129,4,NULL,NULL,NULL,0,'Spudder',0,NULL,NULL,NULL,1,0,0,0,0,0,0),(2590,500,1,129,4,NULL,NULL,NULL,0,'Spudder',0,NULL,NULL,NULL,1,0,0,0,0,0,0),(2591,90,1,129,4,NULL,NULL,NULL,0,'Glancer',1,NULL,NULL,NULL,1,0,0,0,0,0,0),(2592,90,1,129,4,NULL,NULL,NULL,0,'Glancer',1,NULL,NULL,NULL,1,0,0,0,0,0,0),(2593,125,1,129,4,NULL,NULL,NULL,0,'Gnat',0,NULL,NULL,NULL,1,0,0,0,0,0,0),(2594,90,1,129,4,NULL,NULL,NULL,0,'Glancer',1,NULL,NULL,NULL,1,0,0,0,0,0,0),(2595,90,1,129,4,NULL,NULL,NULL,0,'Glancer',1,NULL,NULL,NULL,1,0,0,0,0,0,0),(2596,90,1,129,4,NULL,NULL,NULL,0,'Glancer',1,NULL,NULL,NULL,1,0,0,0,0,0,0),(2597,90,1,129,4,NULL,NULL,NULL,0,'Glancer',1,NULL,NULL,NULL,1,0,0,0,0,0,0),(2598,90,1,129,4,NULL,NULL,NULL,0,'Glancer',1,NULL,NULL,NULL,1,0,0,0,0,0,0),(2599,125,1,129,4,NULL,NULL,NULL,0,'Gnat',0,NULL,NULL,NULL,1,0,0,0,0,0,0),(2600,125,1,129,4,NULL,NULL,NULL,0,'Gnat',0,NULL,NULL,NULL,1,0,0,0,0,0,0),(2601,125,1,129,4,NULL,NULL,NULL,0,'Gnat',0,NULL,NULL,NULL,1,0,0,0,0,0,0),(2602,125,1,129,4,NULL,NULL,NULL,0,'Gnat',0,NULL,NULL,NULL,1,0,0,0,0,0,0),(2603,125,1,129,4,NULL,NULL,NULL,0,'Gnat',1,NULL,NULL,NULL,1,0,0,0,0,0,0),(2604,125,1,129,4,NULL,NULL,NULL,0,'Gnat',1,NULL,NULL,NULL,1,0,0,0,0,0,0),(2605,125,1,129,4,NULL,NULL,NULL,0,'Gnat',1,NULL,NULL,NULL,1,0,0,0,0,0,0),(2606,500,1,130,4,NULL,NULL,NULL,0,'Spudder',0,NULL,NULL,NULL,1,0,0,0,0,0,0),(2607,90,1,130,4,NULL,NULL,NULL,0,'Glancer',1,NULL,NULL,NULL,1,0,0,0,0,0,0),(2608,90,1,130,4,NULL,NULL,NULL,0,'Glancer',1,NULL,NULL,NULL,1,0,0,0,0,0,0),(2609,125,1,130,4,NULL,NULL,NULL,0,'Gnat',0,NULL,NULL,NULL,1,0,0,0,0,0,0),(2610,125,1,130,4,NULL,NULL,NULL,0,'Gnat',1,NULL,NULL,NULL,1,0,0,0,0,0,0),(2611,125,1,130,4,NULL,NULL,NULL,0,'Gnat',1,NULL,NULL,NULL,1,0,0,0,0,0,0),(2612,125,1,130,4,NULL,NULL,NULL,0,'Gnat',0,NULL,NULL,NULL,1,0,0,0,0,0,0),(2613,90,1,130,4,NULL,NULL,NULL,0,'Glancer',1,NULL,NULL,NULL,1,0,0,0,0,0,0),(2614,90,1,130,4,NULL,NULL,NULL,0,'Glancer',1,NULL,NULL,NULL,1,0,0,0,0,0,0),(2615,90,1,130,4,NULL,NULL,NULL,0,'Glancer',1,NULL,NULL,NULL,1,0,0,0,0,0,0),(2616,90,1,130,4,NULL,NULL,NULL,0,'Glancer',1,NULL,NULL,NULL,1,0,0,0,0,0,0),(2617,90,1,130,4,NULL,NULL,NULL,0,'Glancer',1,NULL,NULL,NULL,1,0,0,0,0,0,0),(2618,90,1,130,4,NULL,NULL,NULL,0,'Glancer',1,NULL,NULL,NULL,1,0,0,0,0,0,0),(2619,90,1,130,4,NULL,NULL,NULL,0,'Glancer',1,NULL,NULL,NULL,1,0,0,0,0,0,0),(2620,125,1,130,4,NULL,NULL,NULL,0,'Gnat',0,NULL,NULL,NULL,1,0,0,0,0,0,0),(2621,125,1,130,4,NULL,NULL,NULL,0,'Gnat',0,NULL,NULL,NULL,1,0,0,0,0,0,0),(2622,125,1,130,4,NULL,NULL,NULL,0,'Gnat',0,NULL,NULL,NULL,1,0,0,0,0,0,0),(2623,125,1,130,4,NULL,NULL,NULL,0,'Gnat',0,NULL,NULL,NULL,1,0,0,0,0,0,0),(2624,125,1,130,4,NULL,NULL,NULL,0,'Gnat',1,NULL,NULL,NULL,1,0,0,0,0,0,0),(2625,125,1,130,4,NULL,NULL,NULL,0,'Gnat',1,NULL,NULL,NULL,1,0,0,0,0,0,0),(2626,125,1,130,4,NULL,NULL,NULL,0,'Gnat',0,NULL,NULL,NULL,1,0,0,0,0,0,0),(2627,125,1,130,4,NULL,NULL,NULL,0,'Gnat',0,NULL,NULL,NULL,1,0,0,0,0,0,0),(2628,90,1,131,4,NULL,NULL,NULL,0,'Glancer',1,NULL,NULL,NULL,1,0,0,0,0,0,0),(2629,90,1,131,4,NULL,NULL,NULL,0,'Glancer',1,NULL,NULL,NULL,1,0,0,0,0,0,0),(2630,125,1,131,4,NULL,NULL,NULL,0,'Gnat',0,NULL,NULL,NULL,1,0,0,0,0,0,0),(2631,125,1,131,4,NULL,NULL,NULL,0,'Gnat',0,NULL,NULL,NULL,1,0,0,0,0,0,0),(2632,90,1,131,4,NULL,NULL,NULL,0,'Glancer',1,NULL,NULL,NULL,1,0,0,0,0,0,0),(2633,90,1,131,4,NULL,NULL,NULL,0,'Glancer',1,NULL,NULL,NULL,1,0,0,0,0,0,0),(2634,90,1,131,4,NULL,NULL,NULL,0,'Glancer',1,NULL,NULL,NULL,1,0,0,0,0,0,0),(2635,90,1,131,4,NULL,NULL,NULL,0,'Glancer',1,NULL,NULL,NULL,1,0,0,0,0,0,0),(2636,90,1,131,4,NULL,NULL,NULL,0,'Glancer',1,NULL,NULL,NULL,1,0,0,0,0,0,0),(2637,90,1,131,4,NULL,NULL,NULL,0,'Glancer',1,NULL,NULL,NULL,1,0,0,0,0,0,0),(2638,125,1,131,4,NULL,NULL,NULL,0,'Gnat',0,NULL,NULL,NULL,1,0,0,0,0,0,0),(2639,125,1,131,4,NULL,NULL,NULL,0,'Gnat',0,NULL,NULL,NULL,1,0,0,0,0,0,0),(2640,125,1,131,4,NULL,NULL,NULL,0,'Gnat',0,NULL,NULL,NULL,1,0,0,0,0,0,0),(2641,125,1,131,4,NULL,NULL,NULL,0,'Gnat',0,NULL,NULL,NULL,1,0,0,0,0,0,0),(2642,125,1,131,4,NULL,NULL,NULL,0,'Gnat',1,NULL,NULL,NULL,1,0,0,0,0,0,0),(2643,125,1,131,4,NULL,NULL,NULL,0,'Gnat',1,NULL,NULL,NULL,1,0,0,0,0,0,0),(2644,125,1,131,4,NULL,NULL,NULL,0,'Gnat',0,NULL,NULL,NULL,1,0,0,0,0,0,0),(2645,125,1,132,4,NULL,NULL,NULL,0,'Gnat',0,NULL,NULL,NULL,1,0,0,0,0,0,0),(2646,125,1,132,4,NULL,NULL,NULL,0,'Gnat',0,NULL,NULL,NULL,1,0,0,0,0,0,0),(2647,125,1,132,4,NULL,NULL,NULL,0,'Gnat',0,NULL,NULL,NULL,1,0,0,0,0,0,0),(2648,125,1,132,4,NULL,NULL,NULL,0,'Gnat',0,NULL,NULL,NULL,1,0,0,0,0,0,0),(2649,125,1,132,4,NULL,NULL,NULL,0,'Gnat',1,NULL,NULL,NULL,1,0,0,0,0,0,0),(2650,125,1,132,4,NULL,NULL,NULL,0,'Gnat',1,NULL,NULL,NULL,1,0,0,0,0,0,0),(2651,125,1,132,4,NULL,NULL,NULL,0,'Gnat',1,NULL,NULL,NULL,1,0,0,0,0,0,0),(2652,125,1,133,4,NULL,NULL,NULL,0,'Gnat',0,NULL,NULL,NULL,1,0,0,0,0,0,0),(2653,125,1,133,4,NULL,NULL,NULL,0,'Gnat',0,NULL,NULL,NULL,1,0,0,0,0,0,0),(2654,125,1,133,4,NULL,NULL,NULL,0,'Gnat',0,NULL,NULL,NULL,1,0,0,0,0,0,0),(2655,125,1,133,4,NULL,NULL,NULL,0,'Gnat',0,NULL,NULL,NULL,1,0,0,0,0,0,0),(2656,125,1,133,4,NULL,NULL,NULL,0,'Gnat',1,NULL,NULL,NULL,1,0,0,0,0,0,0),(2657,125,1,133,4,NULL,NULL,NULL,0,'Gnat',1,NULL,NULL,NULL,1,0,0,0,0,0,0),(2658,125,1,133,4,NULL,NULL,NULL,0,'Gnat',0,NULL,NULL,NULL,1,0,0,0,0,0,0),(2659,125,1,133,4,NULL,NULL,NULL,0,'Gnat',1,NULL,NULL,NULL,1,0,0,0,0,0,0),(2660,125,1,133,4,NULL,NULL,NULL,0,'Gnat',1,NULL,NULL,NULL,1,0,0,0,0,0,0),(2661,125,1,134,4,NULL,NULL,NULL,0,'Gnat',0,NULL,NULL,NULL,1,0,0,0,0,0,0),(2662,125,1,134,4,NULL,NULL,NULL,0,'Gnat',0,NULL,NULL,NULL,1,0,0,0,0,0,0),(2663,125,1,134,4,NULL,NULL,NULL,0,'Gnat',0,NULL,NULL,NULL,1,0,0,0,0,0,0),(2664,125,1,134,4,NULL,NULL,NULL,0,'Gnat',0,NULL,NULL,NULL,1,0,0,0,0,0,0),(2665,125,1,134,4,NULL,NULL,NULL,0,'Gnat',1,NULL,NULL,NULL,1,0,0,0,0,0,0),(2666,125,1,134,4,NULL,NULL,NULL,0,'Gnat',1,NULL,NULL,NULL,1,0,0,0,0,0,0),(2667,125,1,134,4,NULL,NULL,NULL,0,'Gnat',0,NULL,NULL,NULL,1,0,0,0,0,0,0),(2668,125,1,134,4,NULL,NULL,NULL,0,'Gnat',1,NULL,NULL,NULL,1,0,0,0,0,0,0),(2669,125,1,134,4,NULL,NULL,NULL,0,'Gnat',1,NULL,NULL,NULL,1,0,0,0,0,0,0),(2670,26875,1,8,1,NULL,NULL,NULL,0,'Demosis',0,2,210,NULL,1,0,0,0,0,0,0),(2671,26875,1,8,1,NULL,NULL,NULL,0,'Demosis',0,2,210,NULL,1,0,0,0,0,0,0),(2672,4475,1,8,1,NULL,NULL,NULL,0,'Thor',0,2,210,NULL,1,0,0,0,0,0,0),(2673,4475,1,8,1,NULL,NULL,NULL,0,'Thor',0,2,210,NULL,1,0,0,0,0,0,0),(2674,4475,1,8,1,NULL,NULL,NULL,0,'Thor',1,2,210,NULL,1,0,0,0,0,0,0),(2675,2812,1,8,1,NULL,NULL,NULL,0,'Dirac',1,2,210,NULL,1,0,0,0,0,0,0),(2676,2812,1,8,1,NULL,NULL,NULL,0,'Dirac',1,2,210,NULL,1,0,0,0,0,0,0),(2677,2812,1,8,1,NULL,NULL,NULL,0,'Dirac',0,2,210,NULL,1,0,0,0,0,0,0),(2678,2812,1,8,1,NULL,NULL,NULL,0,'Dirac',0,2,210,NULL,1,0,0,0,0,0,0),(2679,2812,1,8,1,NULL,NULL,NULL,0,'Dirac',0,2,210,NULL,1,0,0,0,0,0,0),(2680,2812,1,8,1,NULL,NULL,NULL,0,'Dirac',0,2,210,NULL,1,0,0,0,0,0,0),(2681,2812,1,8,1,NULL,NULL,NULL,0,'Dirac',0,2,210,NULL,1,0,0,0,0,0,0),(2682,2812,1,8,1,NULL,NULL,NULL,0,'Dirac',1,2,210,NULL,1,0,0,0,0,0,0),(2683,26875,1,8,1,NULL,NULL,NULL,0,'Demosis',0,3,246,NULL,1,0,0,0,0,0,0),(2684,26875,1,8,1,NULL,NULL,NULL,0,'Demosis',0,3,246,NULL,1,0,0,0,0,0,0),(2685,4475,1,8,1,NULL,NULL,NULL,0,'Thor',1,3,246,NULL,1,0,0,0,0,0,0),(2686,4475,1,8,1,NULL,NULL,NULL,0,'Thor',0,3,246,NULL,1,0,0,0,0,0,0),(2687,4475,1,8,1,NULL,NULL,NULL,0,'Thor',1,3,246,NULL,1,0,0,0,0,0,0),(2688,4475,1,8,1,NULL,NULL,NULL,0,'Thor',0,3,246,NULL,1,0,0,0,0,0,0),(2689,4475,1,8,1,NULL,NULL,NULL,0,'Thor',0,3,246,NULL,1,0,0,0,0,0,0),(2690,4475,1,8,1,NULL,NULL,NULL,0,'Thor',0,3,246,NULL,1,0,0,0,0,0,0),(2691,4475,1,8,1,NULL,NULL,NULL,0,'Thor',1,3,246,NULL,1,0,0,0,0,0,0),(2692,4475,1,8,1,NULL,NULL,NULL,0,'Thor',0,3,246,NULL,1,0,0,0,0,0,0),(2693,4475,1,8,1,NULL,NULL,NULL,0,'Thor',1,3,246,NULL,1,0,0,0,0,0,0),(2694,2812,1,8,1,NULL,NULL,NULL,0,'Dirac',0,3,246,NULL,1,0,0,0,0,0,0),(2695,2812,1,8,1,NULL,NULL,NULL,0,'Dirac',1,3,246,NULL,1,0,0,0,0,0,0),(2696,2812,1,8,1,NULL,NULL,NULL,0,'Dirac',0,3,246,NULL,1,0,0,0,0,0,0),(2697,2812,1,8,1,NULL,NULL,NULL,0,'Dirac',0,3,246,NULL,1,0,0,0,0,0,0),(2698,2812,1,8,1,NULL,NULL,NULL,0,'Dirac',1,3,246,NULL,1,0,0,0,0,0,0),(2699,2812,1,8,1,NULL,NULL,NULL,0,'Dirac',0,3,246,NULL,1,0,0,0,0,0,0),(2700,2812,1,8,1,NULL,NULL,NULL,0,'Dirac',0,3,246,NULL,1,0,0,0,0,0,0),(2701,2812,1,8,1,NULL,NULL,NULL,0,'Dirac',0,3,246,NULL,1,0,0,0,0,0,0),(2702,2812,1,8,1,NULL,NULL,NULL,0,'Dirac',0,3,246,NULL,1,0,0,0,0,0,0),(2703,2812,1,8,1,NULL,NULL,NULL,0,'Dirac',0,3,246,NULL,1,0,0,0,0,0,0),(2704,2812,1,8,1,NULL,NULL,NULL,0,'Dirac',0,3,246,NULL,1,0,0,0,0,0,0),(2705,2812,1,8,1,NULL,NULL,NULL,0,'Dirac',0,3,246,NULL,1,0,0,0,0,0,0),(2706,2812,1,8,1,NULL,NULL,NULL,0,'Dirac',1,3,246,NULL,1,0,0,0,0,0,0),(2707,26875,1,8,1,NULL,NULL,NULL,0,'Demosis',0,1,315,NULL,1,0,0,0,0,0,0),(2708,4475,1,8,1,NULL,NULL,NULL,0,'Thor',0,1,315,NULL,1,0,0,0,0,0,0),(2709,4475,1,8,1,NULL,NULL,NULL,0,'Thor',1,1,315,NULL,1,0,0,0,0,0,0),(2710,4475,1,8,1,NULL,NULL,NULL,0,'Thor',0,1,315,NULL,1,0,0,0,0,0,0),(2711,4475,1,8,1,NULL,NULL,NULL,0,'Thor',0,1,315,NULL,1,0,0,0,0,0,0),(2712,4475,1,8,1,NULL,NULL,NULL,0,'Thor',1,1,315,NULL,1,0,0,0,0,0,0),(2713,4475,1,8,1,NULL,NULL,NULL,0,'Thor',0,1,315,NULL,1,0,0,0,0,0,0),(2714,4475,1,8,1,NULL,NULL,NULL,0,'Thor',1,1,315,NULL,1,0,0,0,0,0,0),(2715,2812,1,8,1,NULL,NULL,NULL,0,'Dirac',0,1,315,NULL,1,0,0,0,0,0,0),(2716,2812,1,8,1,NULL,NULL,NULL,0,'Dirac',0,1,315,NULL,1,0,0,0,0,0,0),(2717,2812,1,8,1,NULL,NULL,NULL,0,'Dirac',0,1,315,NULL,1,0,0,0,0,0,0),(2718,2812,1,8,1,NULL,NULL,NULL,0,'Dirac',1,1,315,NULL,1,0,0,0,0,0,0),(2719,2812,1,8,1,NULL,NULL,NULL,0,'Dirac',0,1,315,NULL,1,0,0,0,0,0,0),(2720,2812,1,8,1,NULL,NULL,NULL,0,'Dirac',1,1,315,NULL,1,0,0,0,0,0,0),(2721,2812,1,8,1,NULL,NULL,NULL,0,'Dirac',0,1,315,NULL,1,0,0,0,0,0,0),(2722,2812,1,8,1,NULL,NULL,NULL,0,'Dirac',0,1,315,NULL,1,0,0,0,0,0,0),(2723,2812,1,8,1,NULL,NULL,NULL,0,'Dirac',1,1,315,NULL,1,0,0,0,0,0,0),(2724,2812,1,8,1,NULL,NULL,NULL,0,'Dirac',1,1,315,NULL,1,0,0,0,0,0,0),(2725,2812,1,8,1,NULL,NULL,NULL,0,'Dirac',1,1,315,NULL,1,0,0,0,0,0,0),(2726,2812,1,8,1,NULL,NULL,NULL,0,'Dirac',0,1,315,NULL,1,0,0,0,0,0,0),(2727,2812,1,8,1,NULL,NULL,NULL,0,'Dirac',0,1,315,NULL,1,0,0,0,0,0,0),(2728,2812,1,8,1,NULL,NULL,NULL,0,'Dirac',0,1,315,NULL,1,0,0,0,0,0,0),(2729,2812,1,8,1,NULL,NULL,NULL,0,'Dirac',1,1,315,NULL,1,0,0,0,0,0,0),(2730,2812,1,8,1,NULL,NULL,NULL,0,'Dirac',0,1,315,NULL,1,0,0,0,0,0,0),(2731,4475,1,8,1,NULL,NULL,NULL,0,'Thor',0,1,90,NULL,1,0,0,0,0,0,0),(2732,4475,1,8,1,NULL,NULL,NULL,0,'Thor',0,1,90,NULL,1,0,0,0,0,0,0),(2733,4475,1,8,1,NULL,NULL,NULL,0,'Thor',0,1,90,NULL,1,0,0,0,0,0,0),(2734,4475,1,8,1,NULL,NULL,NULL,0,'Thor',0,1,90,NULL,1,0,0,0,0,0,0),(2735,4475,1,8,1,NULL,NULL,NULL,0,'Thor',1,1,90,NULL,1,0,0,0,0,0,0),(2736,4475,1,8,1,NULL,NULL,NULL,0,'Thor',0,1,90,NULL,1,0,0,0,0,0,0),(2737,4475,1,8,1,NULL,NULL,NULL,0,'Thor',1,1,90,NULL,1,0,0,0,0,0,0),(2738,4475,1,8,1,NULL,NULL,NULL,0,'Thor',0,1,90,NULL,1,0,0,0,0,0,0),(2739,4475,1,8,1,NULL,NULL,NULL,0,'Thor',1,1,90,NULL,1,0,0,0,0,0,0),(2740,4475,1,8,1,NULL,NULL,NULL,0,'Thor',1,1,90,NULL,1,0,0,0,0,0,0),(2741,4475,1,8,1,NULL,NULL,NULL,0,'Thor',0,1,90,NULL,1,0,0,0,0,0,0),(2742,4475,1,8,1,NULL,NULL,NULL,0,'Thor',1,1,90,NULL,1,0,0,0,0,0,0),(2743,2812,1,8,1,NULL,NULL,NULL,0,'Dirac',0,1,90,NULL,1,0,0,0,0,0,0),(2744,2812,1,8,1,NULL,NULL,NULL,0,'Dirac',0,1,90,NULL,1,0,0,0,0,0,0),(2745,2812,1,8,1,NULL,NULL,NULL,0,'Dirac',1,1,90,NULL,1,0,0,0,0,0,0),(2746,2812,1,8,1,NULL,NULL,NULL,0,'Dirac',1,1,90,NULL,1,0,0,0,0,0,0),(2747,2812,1,8,1,NULL,NULL,NULL,0,'Dirac',1,1,90,NULL,1,0,0,0,0,0,0),(2748,2812,1,8,1,NULL,NULL,NULL,0,'Dirac',1,1,90,NULL,1,0,0,0,0,0,0),(2749,2812,1,8,1,NULL,NULL,NULL,0,'Dirac',0,1,90,NULL,1,0,0,0,0,0,0),(2750,2812,1,8,1,NULL,NULL,NULL,0,'Dirac',1,1,90,NULL,1,0,0,0,0,0,0),(2751,2812,1,8,1,NULL,NULL,NULL,0,'Dirac',0,1,90,NULL,1,0,0,0,0,0,0),(2752,2812,1,8,1,NULL,NULL,NULL,0,'Dirac',0,1,90,NULL,1,0,0,0,0,0,0),(2753,2812,1,8,1,NULL,NULL,NULL,0,'Dirac',0,1,90,NULL,1,0,0,0,0,0,0),(2754,2812,1,8,1,NULL,NULL,NULL,0,'Dirac',0,1,90,NULL,1,0,0,0,0,0,0),(2755,2812,1,8,1,NULL,NULL,NULL,0,'Dirac',1,1,90,NULL,1,0,0,0,0,0,0),(2756,2812,1,8,1,NULL,NULL,NULL,0,'Dirac',0,1,90,NULL,1,0,0,0,0,0,0),(2757,2812,1,8,1,NULL,NULL,NULL,0,'Dirac',1,1,90,NULL,1,0,0,0,0,0,0),(2758,4475,1,8,1,NULL,NULL,NULL,0,'Thor',1,2,150,NULL,1,0,0,0,0,0,0),(2759,4475,1,8,1,NULL,NULL,NULL,0,'Thor',0,2,150,NULL,1,0,0,0,0,0,0),(2760,4475,1,8,1,NULL,NULL,NULL,0,'Thor',0,2,150,NULL,1,0,0,0,0,0,0),(2761,4475,1,8,1,NULL,NULL,NULL,0,'Thor',1,2,150,NULL,1,0,0,0,0,0,0),(2762,4475,1,8,1,NULL,NULL,NULL,0,'Thor',1,2,150,NULL,1,0,0,0,0,0,0),(2763,4475,1,8,1,NULL,NULL,NULL,0,'Thor',0,2,150,NULL,1,0,0,0,0,0,0),(2764,4475,1,8,1,NULL,NULL,NULL,0,'Thor',1,2,150,NULL,1,0,0,0,0,0,0),(2765,4475,1,8,1,NULL,NULL,NULL,0,'Thor',0,2,150,NULL,1,0,0,0,0,0,0),(2766,2812,1,8,1,NULL,NULL,NULL,0,'Dirac',1,2,150,NULL,1,0,0,0,0,0,0),(2767,2812,1,8,1,NULL,NULL,NULL,0,'Dirac',1,2,150,NULL,1,0,0,0,0,0,0),(2768,2812,1,8,1,NULL,NULL,NULL,0,'Dirac',0,2,150,NULL,1,0,0,0,0,0,0),(2769,2812,1,8,1,NULL,NULL,NULL,0,'Dirac',0,2,150,NULL,1,0,0,0,0,0,0),(2770,2812,1,8,1,NULL,NULL,NULL,0,'Dirac',0,2,150,NULL,1,0,0,0,0,0,0),(2771,2812,1,8,1,NULL,NULL,NULL,0,'Dirac',1,2,150,NULL,1,0,0,0,0,0,0),(2772,2812,1,8,1,NULL,NULL,NULL,0,'Dirac',1,2,150,NULL,1,0,0,0,0,0,0),(2773,2812,1,8,1,NULL,NULL,NULL,0,'Dirac',0,2,150,NULL,1,0,0,0,0,0,0),(2774,2812,1,8,1,NULL,NULL,NULL,0,'Dirac',1,2,150,NULL,1,0,0,0,0,0,0),(2775,2812,1,8,1,NULL,NULL,NULL,0,'Dirac',0,2,150,NULL,1,0,0,0,0,0,0),(2776,2812,1,8,1,NULL,NULL,NULL,0,'Dirac',1,2,150,NULL,1,0,0,0,0,0,0),(2777,4475,1,8,1,NULL,NULL,NULL,0,'Thor',0,2,30,NULL,1,0,0,0,0,0,0),(2778,4475,1,8,1,NULL,NULL,NULL,0,'Thor',0,2,30,NULL,1,0,0,0,0,0,0),(2779,4475,1,8,1,NULL,NULL,NULL,0,'Thor',0,2,30,NULL,1,0,0,0,0,0,0),(2780,4475,1,8,1,NULL,NULL,NULL,0,'Thor',1,2,30,NULL,1,0,0,0,0,0,0),(2781,4475,1,8,1,NULL,NULL,NULL,0,'Thor',0,2,30,NULL,1,0,0,0,0,0,0),(2782,4475,1,8,1,NULL,NULL,NULL,0,'Thor',0,2,30,NULL,1,0,0,0,0,0,0),(2783,2812,1,8,1,NULL,NULL,NULL,0,'Dirac',1,2,30,NULL,1,0,0,0,0,0,0),(2784,2812,1,8,1,NULL,NULL,NULL,0,'Dirac',0,2,30,NULL,1,0,0,0,0,0,0),(2785,2812,1,8,1,NULL,NULL,NULL,0,'Dirac',0,2,30,NULL,1,0,0,0,0,0,0),(2786,2812,1,8,1,NULL,NULL,NULL,0,'Dirac',1,2,30,NULL,1,0,0,0,0,0,0),(2787,2812,1,8,1,NULL,NULL,NULL,0,'Dirac',0,2,30,NULL,1,0,0,0,0,0,0),(2788,2812,1,8,1,NULL,NULL,NULL,0,'Dirac',0,2,30,NULL,1,0,0,0,0,0,0),(2789,2812,1,8,1,NULL,NULL,NULL,0,'Dirac',1,2,30,NULL,1,0,0,0,0,0,0),(2790,2812,1,8,1,NULL,NULL,NULL,0,'Dirac',1,2,30,NULL,1,0,0,0,0,0,0),(2791,2812,1,8,1,NULL,NULL,NULL,0,'Dirac',1,2,30,NULL,1,0,0,0,0,0,0),(2792,2812,1,8,1,NULL,NULL,NULL,0,'Dirac',1,2,30,NULL,1,0,0,0,0,0,0),(2793,2812,1,8,1,NULL,NULL,NULL,0,'Dirac',0,2,30,NULL,1,0,0,0,0,0,0),(2794,2812,1,8,1,NULL,NULL,NULL,0,'Dirac',0,2,30,NULL,1,0,0,0,0,0,0),(2795,2812,1,8,1,NULL,NULL,NULL,0,'Dirac',0,2,30,NULL,1,0,0,0,0,0,0),(2796,2812,1,8,1,NULL,NULL,NULL,0,'Dirac',0,2,30,NULL,1,0,0,0,0,0,0),(2797,26875,1,8,1,NULL,NULL,NULL,0,'Demosis',0,1,135,NULL,1,0,0,0,0,0,0),(2798,4475,1,8,1,NULL,NULL,NULL,0,'Thor',0,1,135,NULL,1,0,0,0,0,0,0),(2799,4475,1,8,1,NULL,NULL,NULL,0,'Thor',1,1,135,NULL,1,0,0,0,0,0,0),(2800,4475,1,8,1,NULL,NULL,NULL,0,'Thor',1,1,135,NULL,1,0,0,0,0,0,0),(2801,4475,1,8,1,NULL,NULL,NULL,0,'Thor',1,1,135,NULL,1,0,0,0,0,0,0),(2802,4475,1,8,1,NULL,NULL,NULL,0,'Thor',1,1,135,NULL,1,0,0,0,0,0,0),(2803,4475,1,8,1,NULL,NULL,NULL,0,'Thor',0,1,135,NULL,1,0,0,0,0,0,0),(2804,4475,1,8,1,NULL,NULL,NULL,0,'Thor',1,1,135,NULL,1,0,0,0,0,0,0),(2805,2812,1,8,1,NULL,NULL,NULL,0,'Dirac',0,1,135,NULL,1,0,0,0,0,0,0),(2806,2812,1,8,1,NULL,NULL,NULL,0,'Dirac',0,1,135,NULL,1,0,0,0,0,0,0),(2807,2812,1,8,1,NULL,NULL,NULL,0,'Dirac',1,1,135,NULL,1,0,0,0,0,0,0),(2808,2812,1,8,1,NULL,NULL,NULL,0,'Dirac',1,1,135,NULL,1,0,0,0,0,0,0),(2809,2812,1,8,1,NULL,NULL,NULL,0,'Dirac',0,1,135,NULL,1,0,0,0,0,0,0),(2810,2812,1,8,1,NULL,NULL,NULL,0,'Dirac',0,1,135,NULL,1,0,0,0,0,0,0),(2811,2812,1,8,1,NULL,NULL,NULL,0,'Dirac',1,1,135,NULL,1,0,0,0,0,0,0),(2812,2812,1,8,1,NULL,NULL,NULL,0,'Dirac',0,1,135,NULL,1,0,0,0,0,0,0),(2813,2812,1,8,1,NULL,NULL,NULL,0,'Dirac',0,1,135,NULL,1,0,0,0,0,0,0),(2814,2812,1,8,1,NULL,NULL,NULL,0,'Dirac',0,1,135,NULL,1,0,0,0,0,0,0),(2815,2812,1,8,1,NULL,NULL,NULL,0,'Dirac',1,1,135,NULL,1,0,0,0,0,0,0),(2816,2812,1,8,1,NULL,NULL,NULL,0,'Dirac',1,1,135,NULL,1,0,0,0,0,0,0),(2817,2812,1,8,1,NULL,NULL,NULL,0,'Dirac',0,1,135,NULL,1,0,0,0,0,0,0),(2818,2812,1,8,1,NULL,NULL,NULL,0,'Dirac',0,1,135,NULL,1,0,0,0,0,0,0),(2819,2812,1,8,1,NULL,NULL,NULL,0,'Dirac',1,1,135,NULL,1,0,0,0,0,0,0),(2820,26875,1,8,1,NULL,NULL,NULL,0,'Demosis',0,0,270,NULL,1,0,0,0,0,0,0),(2821,26875,1,8,1,NULL,NULL,NULL,0,'Demosis',0,0,270,NULL,1,0,0,0,0,0,0),(2822,26875,1,8,1,NULL,NULL,NULL,0,'Demosis',0,0,270,NULL,1,0,0,0,0,0,0),(2823,26875,1,8,1,NULL,NULL,NULL,0,'Demosis',0,0,270,NULL,1,0,0,0,0,0,0),(2824,26875,1,8,1,NULL,NULL,NULL,0,'Demosis',0,0,270,NULL,1,0,0,0,0,0,0),(2825,26875,1,8,1,NULL,NULL,NULL,0,'Demosis',0,0,270,NULL,1,0,0,0,0,0,0),(2826,4475,1,8,1,NULL,NULL,NULL,0,'Thor',0,0,270,NULL,1,0,0,0,0,0,0),(2827,4475,1,8,1,NULL,NULL,NULL,0,'Thor',0,0,270,NULL,1,0,0,0,0,0,0),(2828,4475,1,8,1,NULL,NULL,NULL,0,'Thor',0,0,270,NULL,1,0,0,0,0,0,0),(2829,4475,1,8,1,NULL,NULL,NULL,0,'Thor',0,0,270,NULL,1,0,0,0,0,0,0),(2830,4475,1,8,1,NULL,NULL,NULL,0,'Thor',0,0,270,NULL,1,0,0,0,0,0,0),(2831,4475,1,8,1,NULL,NULL,NULL,0,'Thor',1,0,270,NULL,1,0,0,0,0,0,0),(2832,4475,1,8,1,NULL,NULL,NULL,0,'Thor',0,0,270,NULL,1,0,0,0,0,0,0),(2833,4475,1,8,1,NULL,NULL,NULL,0,'Thor',1,0,270,NULL,1,0,0,0,0,0,0),(2834,4475,1,8,1,NULL,NULL,NULL,0,'Thor',0,0,270,NULL,1,0,0,0,0,0,0),(2835,4475,1,8,1,NULL,NULL,NULL,0,'Thor',0,0,270,NULL,1,0,0,0,0,0,0),(2836,2812,1,8,1,NULL,NULL,NULL,0,'Dirac',1,0,270,NULL,1,0,0,0,0,0,0),(2837,2812,1,8,1,NULL,NULL,NULL,0,'Dirac',1,0,270,NULL,1,0,0,0,0,0,0),(2838,2812,1,8,1,NULL,NULL,NULL,0,'Dirac',1,0,270,NULL,1,0,0,0,0,0,0),(2839,2812,1,8,1,NULL,NULL,NULL,0,'Dirac',0,0,270,NULL,1,0,0,0,0,0,0),(2840,2812,1,8,1,NULL,NULL,NULL,0,'Dirac',1,0,270,NULL,1,0,0,0,0,0,0),(2841,2812,1,8,1,NULL,NULL,NULL,0,'Dirac',0,0,270,NULL,1,0,0,0,0,0,0),(2842,2812,1,8,1,NULL,NULL,NULL,0,'Dirac',1,0,270,NULL,1,0,0,0,0,0,0),(2843,2812,1,8,1,NULL,NULL,NULL,0,'Dirac',1,0,270,NULL,1,0,0,0,0,0,0),(2844,2812,1,8,1,NULL,NULL,NULL,0,'Dirac',0,0,270,NULL,1,0,0,0,0,0,0),(2845,2812,1,8,1,NULL,NULL,NULL,0,'Dirac',1,0,270,NULL,1,0,0,0,0,0,0),(2846,2812,1,8,1,NULL,NULL,NULL,0,'Dirac',0,0,270,NULL,1,0,0,0,0,0,0),(2847,2812,1,8,1,NULL,NULL,NULL,0,'Dirac',0,0,270,NULL,1,0,0,0,0,0,0),(2848,90,1,135,4,NULL,NULL,NULL,0,'Glancer',1,NULL,NULL,NULL,1,0,0,0,0,0,0),(2849,90,1,135,4,NULL,NULL,NULL,0,'Glancer',1,NULL,NULL,NULL,1,0,0,0,0,0,0),(2850,90,1,135,4,NULL,NULL,NULL,0,'Glancer',1,NULL,NULL,NULL,1,0,0,0,0,0,0),(2851,90,1,135,4,NULL,NULL,NULL,0,'Glancer',1,NULL,NULL,NULL,1,0,0,0,0,0,0),(2852,125,1,135,4,NULL,NULL,NULL,0,'Gnat',0,NULL,NULL,NULL,1,0,0,0,0,0,0),(2853,125,1,135,4,NULL,NULL,NULL,0,'Gnat',0,NULL,NULL,NULL,1,0,0,0,0,0,0),(2854,125,1,135,4,NULL,NULL,NULL,0,'Gnat',0,NULL,NULL,NULL,1,0,0,0,0,0,0),(2855,125,1,135,4,NULL,NULL,NULL,0,'Gnat',0,NULL,NULL,NULL,1,0,0,0,0,0,0),(2856,125,1,135,4,NULL,NULL,NULL,0,'Gnat',1,NULL,NULL,NULL,1,0,0,0,0,0,0),(2857,125,1,135,4,NULL,NULL,NULL,0,'Gnat',1,NULL,NULL,NULL,1,0,0,0,0,0,0),(2858,90,1,136,4,NULL,NULL,NULL,0,'Glancer',1,NULL,NULL,NULL,1,0,0,0,0,0,0),(2859,90,1,136,4,NULL,NULL,NULL,0,'Glancer',1,NULL,NULL,NULL,1,0,0,0,0,0,0),(2860,90,1,136,4,NULL,NULL,NULL,0,'Glancer',1,NULL,NULL,NULL,1,0,0,0,0,0,0),(2861,90,1,136,4,NULL,NULL,NULL,0,'Glancer',1,NULL,NULL,NULL,1,0,0,0,0,0,0),(2862,125,1,136,4,NULL,NULL,NULL,0,'Gnat',0,NULL,NULL,NULL,1,0,0,0,0,0,0),(2863,125,1,136,4,NULL,NULL,NULL,0,'Gnat',0,NULL,NULL,NULL,1,0,0,0,0,0,0),(2864,125,1,136,4,NULL,NULL,NULL,0,'Gnat',0,NULL,NULL,NULL,1,0,0,0,0,0,0),(2865,125,1,136,4,NULL,NULL,NULL,0,'Gnat',0,NULL,NULL,NULL,1,0,0,0,0,0,0),(2866,125,1,136,4,NULL,NULL,NULL,0,'Gnat',1,NULL,NULL,NULL,1,0,0,0,0,0,0),(2867,125,1,136,4,NULL,NULL,NULL,0,'Gnat',1,NULL,NULL,NULL,1,0,0,0,0,0,0),(2868,125,1,136,4,NULL,NULL,NULL,0,'Gnat',0,NULL,NULL,NULL,1,0,0,0,0,0,0),(2869,90,1,137,4,NULL,NULL,NULL,0,'Glancer',1,NULL,NULL,NULL,1,0,0,0,0,0,0),(2870,90,1,137,4,NULL,NULL,NULL,0,'Glancer',1,NULL,NULL,NULL,1,0,0,0,0,0,0),(2871,90,1,137,4,NULL,NULL,NULL,0,'Glancer',1,NULL,NULL,NULL,1,0,0,0,0,0,0),(2872,125,1,137,4,NULL,NULL,NULL,0,'Gnat',0,NULL,NULL,NULL,1,0,0,0,0,0,0),(2873,125,1,137,4,NULL,NULL,NULL,0,'Gnat',0,NULL,NULL,NULL,1,0,0,0,0,0,0),(2874,125,1,137,4,NULL,NULL,NULL,0,'Gnat',0,NULL,NULL,NULL,1,0,0,0,0,0,0),(2875,125,1,137,4,NULL,NULL,NULL,0,'Gnat',0,NULL,NULL,NULL,1,0,0,0,0,0,0),(2876,125,1,137,4,NULL,NULL,NULL,0,'Gnat',1,NULL,NULL,NULL,1,0,0,0,0,0,0),(2877,125,1,137,4,NULL,NULL,NULL,0,'Gnat',1,NULL,NULL,NULL,1,0,0,0,0,0,0),(2878,125,1,137,4,NULL,NULL,NULL,0,'Gnat',0,NULL,NULL,NULL,1,0,0,0,0,0,0),(2879,125,1,137,4,NULL,NULL,NULL,0,'Gnat',0,NULL,NULL,NULL,1,0,0,0,0,0,0),(2880,125,1,137,4,NULL,NULL,NULL,0,'Gnat',1,NULL,NULL,NULL,1,0,0,0,0,0,0),(2881,90,1,138,4,NULL,NULL,NULL,0,'Glancer',1,NULL,NULL,NULL,1,0,0,0,0,0,0),(2882,90,1,138,4,NULL,NULL,NULL,0,'Glancer',1,NULL,NULL,NULL,1,0,0,0,0,0,0),(2883,125,1,138,4,NULL,NULL,NULL,0,'Gnat',0,NULL,NULL,NULL,1,0,0,0,0,0,0),(2884,125,1,138,4,NULL,NULL,NULL,0,'Gnat',0,NULL,NULL,NULL,1,0,0,0,0,0,0),(2885,125,1,138,4,NULL,NULL,NULL,0,'Gnat',0,NULL,NULL,NULL,1,0,0,0,0,0,0),(2886,125,1,138,4,NULL,NULL,NULL,0,'Gnat',0,NULL,NULL,NULL,1,0,0,0,0,0,0),(2887,125,1,138,4,NULL,NULL,NULL,0,'Gnat',1,NULL,NULL,NULL,1,0,0,0,0,0,0),(2888,125,1,138,4,NULL,NULL,NULL,0,'Gnat',1,NULL,NULL,NULL,1,0,0,0,0,0,0),(2889,125,1,138,4,NULL,NULL,NULL,0,'Gnat',0,NULL,NULL,NULL,1,0,0,0,0,0,0),(2890,90,1,139,4,NULL,NULL,NULL,0,'Glancer',1,NULL,NULL,NULL,1,0,0,0,0,0,0),(2891,90,1,139,4,NULL,NULL,NULL,0,'Glancer',1,NULL,NULL,NULL,1,0,0,0,0,0,0),(2892,90,1,139,4,NULL,NULL,NULL,0,'Glancer',1,NULL,NULL,NULL,1,0,0,0,0,0,0),(2893,125,1,139,4,NULL,NULL,NULL,0,'Gnat',0,NULL,NULL,NULL,1,0,0,0,0,0,0),(2894,125,1,139,4,NULL,NULL,NULL,0,'Gnat',0,NULL,NULL,NULL,1,0,0,0,0,0,0),(2895,125,1,139,4,NULL,NULL,NULL,0,'Gnat',0,NULL,NULL,NULL,1,0,0,0,0,0,0),(2896,125,1,139,4,NULL,NULL,NULL,0,'Gnat',0,NULL,NULL,NULL,1,0,0,0,0,0,0),(2897,125,1,139,4,NULL,NULL,NULL,0,'Gnat',1,NULL,NULL,NULL,1,0,0,0,0,0,0),(2898,125,1,139,4,NULL,NULL,NULL,0,'Gnat',1,NULL,NULL,NULL,1,0,0,0,0,0,0),(2899,125,1,139,4,NULL,NULL,NULL,0,'Gnat',0,NULL,NULL,NULL,1,0,0,0,0,0,0),(2900,125,1,139,4,NULL,NULL,NULL,0,'Gnat',0,NULL,NULL,NULL,1,0,0,0,0,0,0),(2901,125,1,139,4,NULL,NULL,NULL,0,'Gnat',0,NULL,NULL,NULL,1,0,0,0,0,0,0),(2902,900,1,140,4,NULL,NULL,NULL,0,'Gnawer',0,NULL,NULL,NULL,1,0,0,0,0,0,0),(2903,900,1,140,4,NULL,NULL,NULL,0,'Gnawer',0,NULL,NULL,NULL,1,0,0,0,0,0,0),(2904,500,1,140,4,NULL,NULL,NULL,0,'Spudder',0,NULL,NULL,NULL,1,0,0,0,0,0,0),(2905,500,1,140,4,NULL,NULL,NULL,0,'Spudder',1,NULL,NULL,NULL,1,0,0,0,0,0,0),(2906,500,1,140,4,NULL,NULL,NULL,0,'Spudder',0,NULL,NULL,NULL,1,0,0,0,0,0,0),(2907,500,1,140,4,NULL,NULL,NULL,0,'Spudder',0,NULL,NULL,NULL,1,0,0,0,0,0,0),(2908,90,1,140,4,NULL,NULL,NULL,0,'Glancer',1,NULL,NULL,NULL,1,0,0,0,0,0,0),(2909,125,1,140,4,NULL,NULL,NULL,0,'Gnat',1,NULL,NULL,NULL,1,0,0,0,0,0,0),(2910,125,1,140,4,NULL,NULL,NULL,0,'Gnat',0,NULL,NULL,NULL,1,0,0,0,0,0,0),(2911,125,1,140,4,NULL,NULL,NULL,0,'Gnat',0,NULL,NULL,NULL,1,0,0,0,0,0,0),(2912,90,1,140,4,NULL,NULL,NULL,0,'Glancer',1,NULL,NULL,NULL,1,0,0,0,0,0,0),(2913,90,1,140,4,NULL,NULL,NULL,0,'Glancer',1,NULL,NULL,NULL,1,0,0,0,0,0,0),(2914,90,1,140,4,NULL,NULL,NULL,0,'Glancer',1,NULL,NULL,NULL,1,0,0,0,0,0,0),(2915,90,1,140,4,NULL,NULL,NULL,0,'Glancer',1,NULL,NULL,NULL,1,0,0,0,0,0,0),(2916,90,1,140,4,NULL,NULL,NULL,0,'Glancer',1,NULL,NULL,NULL,1,0,0,0,0,0,0),(2917,90,1,140,4,NULL,NULL,NULL,0,'Glancer',1,NULL,NULL,NULL,1,0,0,0,0,0,0),(2918,125,1,140,4,NULL,NULL,NULL,0,'Gnat',0,NULL,NULL,NULL,1,0,0,0,0,0,0),(2919,125,1,140,4,NULL,NULL,NULL,0,'Gnat',0,NULL,NULL,NULL,1,0,0,0,0,0,0),(2920,125,1,140,4,NULL,NULL,NULL,0,'Gnat',0,NULL,NULL,NULL,1,0,0,0,0,0,0),(2921,125,1,140,4,NULL,NULL,NULL,0,'Gnat',0,NULL,NULL,NULL,1,0,0,0,0,0,0),(2922,125,1,140,4,NULL,NULL,NULL,0,'Gnat',1,NULL,NULL,NULL,1,0,0,0,0,0,0),(2923,125,1,140,4,NULL,NULL,NULL,0,'Gnat',1,NULL,NULL,NULL,1,0,0,0,0,0,0),(2924,125,1,140,4,NULL,NULL,NULL,0,'Gnat',0,NULL,NULL,NULL,1,0,0,0,0,0,0),(2925,500,1,141,4,NULL,NULL,NULL,0,'Spudder',0,NULL,NULL,NULL,1,0,0,0,0,0,0),(2926,500,1,141,4,NULL,NULL,NULL,0,'Spudder',0,NULL,NULL,NULL,1,0,0,0,0,0,0),(2927,90,1,141,4,NULL,NULL,NULL,0,'Glancer',1,NULL,NULL,NULL,1,0,0,0,0,0,0),(2928,90,1,141,4,NULL,NULL,NULL,0,'Glancer',1,NULL,NULL,NULL,1,0,0,0,0,0,0),(2929,125,1,141,4,NULL,NULL,NULL,0,'Gnat',1,NULL,NULL,NULL,1,0,0,0,0,0,0),(2930,125,1,141,4,NULL,NULL,NULL,0,'Gnat',0,NULL,NULL,NULL,1,0,0,0,0,0,0),(2931,90,1,141,4,NULL,NULL,NULL,0,'Glancer',1,NULL,NULL,NULL,1,0,0,0,0,0,0),(2932,90,1,141,4,NULL,NULL,NULL,0,'Glancer',1,NULL,NULL,NULL,1,0,0,0,0,0,0),(2933,90,1,141,4,NULL,NULL,NULL,0,'Glancer',1,NULL,NULL,NULL,1,0,0,0,0,0,0),(2934,90,1,141,4,NULL,NULL,NULL,0,'Glancer',1,NULL,NULL,NULL,1,0,0,0,0,0,0),(2935,90,1,141,4,NULL,NULL,NULL,0,'Glancer',1,NULL,NULL,NULL,1,0,0,0,0,0,0),(2936,90,1,141,4,NULL,NULL,NULL,0,'Glancer',1,NULL,NULL,NULL,1,0,0,0,0,0,0),(2937,125,1,141,4,NULL,NULL,NULL,0,'Gnat',0,NULL,NULL,NULL,1,0,0,0,0,0,0),(2938,125,1,141,4,NULL,NULL,NULL,0,'Gnat',0,NULL,NULL,NULL,1,0,0,0,0,0,0),(2939,125,1,141,4,NULL,NULL,NULL,0,'Gnat',0,NULL,NULL,NULL,1,0,0,0,0,0,0),(2940,125,1,141,4,NULL,NULL,NULL,0,'Gnat',0,NULL,NULL,NULL,1,0,0,0,0,0,0),(2941,125,1,141,4,NULL,NULL,NULL,0,'Gnat',1,NULL,NULL,NULL,1,0,0,0,0,0,0),(2942,125,1,141,4,NULL,NULL,NULL,0,'Gnat',1,NULL,NULL,NULL,1,0,0,0,0,0,0),(2943,125,1,141,4,NULL,NULL,NULL,0,'Gnat',0,NULL,NULL,NULL,1,0,0,0,0,0,0),(2944,125,1,141,4,NULL,NULL,NULL,0,'Gnat',1,NULL,NULL,NULL,1,0,0,0,0,0,0),(2945,125,1,141,4,NULL,NULL,NULL,0,'Gnat',1,NULL,NULL,NULL,1,0,0,0,0,0,0),(2946,500,1,142,4,NULL,NULL,NULL,0,'Spudder',0,NULL,NULL,NULL,1,0,0,0,0,0,0),(2947,500,1,142,4,NULL,NULL,NULL,0,'Spudder',0,NULL,NULL,NULL,1,0,0,0,0,0,0),(2948,90,1,142,4,NULL,NULL,NULL,0,'Glancer',1,NULL,NULL,NULL,1,0,0,0,0,0,0),(2949,90,1,142,4,NULL,NULL,NULL,0,'Glancer',1,NULL,NULL,NULL,1,0,0,0,0,0,0),(2950,90,1,142,4,NULL,NULL,NULL,0,'Glancer',1,NULL,NULL,NULL,1,0,0,0,0,0,0),(2951,90,1,142,4,NULL,NULL,NULL,0,'Glancer',1,NULL,NULL,NULL,1,0,0,0,0,0,0),(2952,90,1,142,4,NULL,NULL,NULL,0,'Glancer',1,NULL,NULL,NULL,1,0,0,0,0,0,0),(2953,90,1,142,4,NULL,NULL,NULL,0,'Glancer',1,NULL,NULL,NULL,1,0,0,0,0,0,0),(2954,90,1,142,4,NULL,NULL,NULL,0,'Glancer',1,NULL,NULL,NULL,1,0,0,0,0,0,0),(2955,125,1,142,4,NULL,NULL,NULL,0,'Gnat',0,NULL,NULL,NULL,1,0,0,0,0,0,0),(2956,125,1,142,4,NULL,NULL,NULL,0,'Gnat',0,NULL,NULL,NULL,1,0,0,0,0,0,0),(2957,125,1,142,4,NULL,NULL,NULL,0,'Gnat',0,NULL,NULL,NULL,1,0,0,0,0,0,0),(2958,125,1,142,4,NULL,NULL,NULL,0,'Gnat',0,NULL,NULL,NULL,1,0,0,0,0,0,0),(2959,125,1,142,4,NULL,NULL,NULL,0,'Gnat',1,NULL,NULL,NULL,1,0,0,0,0,0,0),(2960,125,1,142,4,NULL,NULL,NULL,0,'Gnat',1,NULL,NULL,NULL,1,0,0,0,0,0,0),(2961,125,1,142,4,NULL,NULL,NULL,0,'Gnat',0,NULL,NULL,NULL,1,0,0,0,0,0,0),(2962,125,1,142,4,NULL,NULL,NULL,0,'Gnat',1,NULL,NULL,NULL,1,0,0,0,0,0,0),(2963,900,1,143,4,NULL,NULL,NULL,0,'Gnawer',0,NULL,NULL,NULL,1,0,0,0,0,0,0),(2964,900,1,143,4,NULL,NULL,NULL,0,'Gnawer',0,NULL,NULL,NULL,1,0,0,0,0,0,0),(2965,900,1,143,4,NULL,NULL,NULL,0,'Gnawer',0,NULL,NULL,NULL,1,0,0,0,0,0,0),(2966,900,1,143,4,NULL,NULL,NULL,0,'Gnawer',0,NULL,NULL,NULL,1,0,0,0,0,0,0),(2967,500,1,143,4,NULL,NULL,NULL,0,'Spudder',0,NULL,NULL,NULL,1,0,0,0,0,0,0),(2968,500,1,143,4,NULL,NULL,NULL,0,'Spudder',1,NULL,NULL,NULL,1,0,0,0,0,0,0),(2969,500,1,143,4,NULL,NULL,NULL,0,'Spudder',0,NULL,NULL,NULL,1,0,0,0,0,0,0),(2970,90,1,143,4,NULL,NULL,NULL,0,'Glancer',1,NULL,NULL,NULL,1,0,0,0,0,0,0),(2971,90,1,143,4,NULL,NULL,NULL,0,'Glancer',1,NULL,NULL,NULL,1,0,0,0,0,0,0),(2972,125,1,143,4,NULL,NULL,NULL,0,'Gnat',0,NULL,NULL,NULL,1,0,0,0,0,0,0),(2973,125,1,143,4,NULL,NULL,NULL,0,'Gnat',0,NULL,NULL,NULL,1,0,0,0,0,0,0),(2974,90,1,143,4,NULL,NULL,NULL,0,'Glancer',1,NULL,NULL,NULL,1,0,0,0,0,0,0),(2975,90,1,143,4,NULL,NULL,NULL,0,'Glancer',1,NULL,NULL,NULL,1,0,0,0,0,0,0),(2976,90,1,143,4,NULL,NULL,NULL,0,'Glancer',1,NULL,NULL,NULL,1,0,0,0,0,0,0),(2977,90,1,143,4,NULL,NULL,NULL,0,'Glancer',1,NULL,NULL,NULL,1,0,0,0,0,0,0),(2978,90,1,143,4,NULL,NULL,NULL,0,'Glancer',1,NULL,NULL,NULL,1,0,0,0,0,0,0),(2979,125,1,143,4,NULL,NULL,NULL,0,'Gnat',0,NULL,NULL,NULL,1,0,0,0,0,0,0),(2980,125,1,143,4,NULL,NULL,NULL,0,'Gnat',0,NULL,NULL,NULL,1,0,0,0,0,0,0),(2981,125,1,143,4,NULL,NULL,NULL,0,'Gnat',0,NULL,NULL,NULL,1,0,0,0,0,0,0),(2982,125,1,143,4,NULL,NULL,NULL,0,'Gnat',0,NULL,NULL,NULL,1,0,0,0,0,0,0),(2983,125,1,143,4,NULL,NULL,NULL,0,'Gnat',1,NULL,NULL,NULL,1,0,0,0,0,0,0),(2984,125,1,143,4,NULL,NULL,NULL,0,'Gnat',1,NULL,NULL,NULL,1,0,0,0,0,0,0),(2985,125,1,143,4,NULL,NULL,NULL,0,'Gnat',0,NULL,NULL,NULL,1,0,0,0,0,0,0),(2986,900,1,144,4,NULL,NULL,NULL,0,'Gnawer',0,NULL,NULL,NULL,1,0,0,0,0,0,0),(2987,500,1,144,4,NULL,NULL,NULL,0,'Spudder',0,NULL,NULL,NULL,1,0,0,0,0,0,0),(2988,500,1,144,4,NULL,NULL,NULL,0,'Spudder',0,NULL,NULL,NULL,1,0,0,0,0,0,0),(2989,500,1,144,4,NULL,NULL,NULL,0,'Spudder',0,NULL,NULL,NULL,1,0,0,0,0,0,0),(2990,90,1,144,4,NULL,NULL,NULL,0,'Glancer',1,NULL,NULL,NULL,1,0,0,0,0,0,0),(2991,90,1,144,4,NULL,NULL,NULL,0,'Glancer',1,NULL,NULL,NULL,1,0,0,0,0,0,0),(2992,125,1,144,4,NULL,NULL,NULL,0,'Gnat',0,NULL,NULL,NULL,1,0,0,0,0,0,0),(2993,90,1,144,4,NULL,NULL,NULL,0,'Glancer',1,NULL,NULL,NULL,1,0,0,0,0,0,0),(2994,90,1,144,4,NULL,NULL,NULL,0,'Glancer',1,NULL,NULL,NULL,1,0,0,0,0,0,0),(2995,90,1,144,4,NULL,NULL,NULL,0,'Glancer',1,NULL,NULL,NULL,1,0,0,0,0,0,0),(2996,90,1,144,4,NULL,NULL,NULL,0,'Glancer',1,NULL,NULL,NULL,1,0,0,0,0,0,0),(2997,125,1,144,4,NULL,NULL,NULL,0,'Gnat',0,NULL,NULL,NULL,1,0,0,0,0,0,0),(2998,125,1,144,4,NULL,NULL,NULL,0,'Gnat',0,NULL,NULL,NULL,1,0,0,0,0,0,0),(2999,125,1,144,4,NULL,NULL,NULL,0,'Gnat',0,NULL,NULL,NULL,1,0,0,0,0,0,0),(3000,125,1,144,4,NULL,NULL,NULL,0,'Gnat',0,NULL,NULL,NULL,1,0,0,0,0,0,0),(3001,125,1,144,4,NULL,NULL,NULL,0,'Gnat',1,NULL,NULL,NULL,1,0,0,0,0,0,0),(3002,125,1,144,4,NULL,NULL,NULL,0,'Gnat',1,NULL,NULL,NULL,1,0,0,0,0,0,0),(3003,125,1,144,4,NULL,NULL,NULL,0,'Gnat',0,NULL,NULL,NULL,1,0,0,0,0,0,0),(3004,125,1,144,4,NULL,NULL,NULL,0,'Gnat',1,NULL,NULL,NULL,1,0,0,0,0,0,0),(3005,90,1,145,4,NULL,NULL,NULL,0,'Glancer',1,NULL,NULL,NULL,1,0,0,0,0,0,0),(3006,90,1,145,4,NULL,NULL,NULL,0,'Glancer',1,NULL,NULL,NULL,1,0,0,0,0,0,0),(3007,125,1,145,4,NULL,NULL,NULL,0,'Gnat',0,NULL,NULL,NULL,1,0,0,0,0,0,0),(3008,125,1,145,4,NULL,NULL,NULL,0,'Gnat',1,NULL,NULL,NULL,1,0,0,0,0,0,0),(3009,125,1,145,4,NULL,NULL,NULL,0,'Gnat',1,NULL,NULL,NULL,1,0,0,0,0,0,0),(3010,125,1,145,4,NULL,NULL,NULL,0,'Gnat',0,NULL,NULL,NULL,1,0,0,0,0,0,0),(3011,125,1,145,4,NULL,NULL,NULL,0,'Gnat',0,NULL,NULL,NULL,1,0,0,0,0,0,0),(3012,90,1,145,4,NULL,NULL,NULL,0,'Glancer',1,NULL,NULL,NULL,1,0,0,0,0,0,0),(3013,90,1,145,4,NULL,NULL,NULL,0,'Glancer',1,NULL,NULL,NULL,1,0,0,0,0,0,0),(3014,90,1,145,4,NULL,NULL,NULL,0,'Glancer',1,NULL,NULL,NULL,1,0,0,0,0,0,0),(3015,90,1,145,4,NULL,NULL,NULL,0,'Glancer',1,NULL,NULL,NULL,1,0,0,0,0,0,0),(3016,90,1,145,4,NULL,NULL,NULL,0,'Glancer',1,NULL,NULL,NULL,1,0,0,0,0,0,0),(3017,125,1,145,4,NULL,NULL,NULL,0,'Gnat',0,NULL,NULL,NULL,1,0,0,0,0,0,0),(3018,125,1,145,4,NULL,NULL,NULL,0,'Gnat',0,NULL,NULL,NULL,1,0,0,0,0,0,0),(3019,125,1,145,4,NULL,NULL,NULL,0,'Gnat',0,NULL,NULL,NULL,1,0,0,0,0,0,0),(3020,125,1,145,4,NULL,NULL,NULL,0,'Gnat',0,NULL,NULL,NULL,1,0,0,0,0,0,0),(3021,125,1,145,4,NULL,NULL,NULL,0,'Gnat',1,NULL,NULL,NULL,1,0,0,0,0,0,0),(3022,125,1,145,4,NULL,NULL,NULL,0,'Gnat',1,NULL,NULL,NULL,1,0,0,0,0,0,0),(3023,125,1,145,4,NULL,NULL,NULL,0,'Gnat',1,NULL,NULL,NULL,1,0,0,0,0,0,0),(3024,500,1,146,4,NULL,NULL,NULL,0,'Spudder',1,NULL,NULL,NULL,1,0,0,0,0,0,0),(3025,500,1,146,4,NULL,NULL,NULL,0,'Spudder',0,NULL,NULL,NULL,1,0,0,0,0,0,0),(3026,90,1,146,4,NULL,NULL,NULL,0,'Glancer',1,NULL,NULL,NULL,1,0,0,0,0,0,0),(3027,90,1,146,4,NULL,NULL,NULL,0,'Glancer',1,NULL,NULL,NULL,1,0,0,0,0,0,0),(3028,125,1,146,4,NULL,NULL,NULL,0,'Gnat',0,NULL,NULL,NULL,1,0,0,0,0,0,0),(3029,90,1,146,4,NULL,NULL,NULL,0,'Glancer',1,NULL,NULL,NULL,1,0,0,0,0,0,0),(3030,90,1,146,4,NULL,NULL,NULL,0,'Glancer',1,NULL,NULL,NULL,1,0,0,0,0,0,0),(3031,90,1,146,4,NULL,NULL,NULL,0,'Glancer',1,NULL,NULL,NULL,1,0,0,0,0,0,0),(3032,90,1,146,4,NULL,NULL,NULL,0,'Glancer',1,NULL,NULL,NULL,1,0,0,0,0,0,0),(3033,90,1,146,4,NULL,NULL,NULL,0,'Glancer',1,NULL,NULL,NULL,1,0,0,0,0,0,0),(3034,90,1,146,4,NULL,NULL,NULL,0,'Glancer',1,NULL,NULL,NULL,1,0,0,0,0,0,0),(3035,125,1,146,4,NULL,NULL,NULL,0,'Gnat',0,NULL,NULL,NULL,1,0,0,0,0,0,0),(3036,125,1,146,4,NULL,NULL,NULL,0,'Gnat',0,NULL,NULL,NULL,1,0,0,0,0,0,0),(3037,125,1,146,4,NULL,NULL,NULL,0,'Gnat',0,NULL,NULL,NULL,1,0,0,0,0,0,0),(3038,125,1,146,4,NULL,NULL,NULL,0,'Gnat',0,NULL,NULL,NULL,1,0,0,0,0,0,0),(3039,125,1,146,4,NULL,NULL,NULL,0,'Gnat',1,NULL,NULL,NULL,1,0,0,0,0,0,0),(3040,125,1,146,4,NULL,NULL,NULL,0,'Gnat',1,NULL,NULL,NULL,1,0,0,0,0,0,0),(3041,125,1,146,4,NULL,NULL,NULL,0,'Gnat',0,NULL,NULL,NULL,1,0,0,0,0,0,0),(3042,125,1,146,4,NULL,NULL,NULL,0,'Gnat',1,NULL,NULL,NULL,1,0,0,0,0,0,0),(3043,90,1,147,4,NULL,NULL,NULL,0,'Glancer',1,NULL,NULL,NULL,1,0,0,0,0,0,0),(3044,90,1,147,4,NULL,NULL,NULL,0,'Glancer',1,NULL,NULL,NULL,1,0,0,0,0,0,0),(3045,125,1,147,4,NULL,NULL,NULL,0,'Gnat',0,NULL,NULL,NULL,1,0,0,0,0,0,0),(3046,125,1,147,4,NULL,NULL,NULL,0,'Gnat',0,NULL,NULL,NULL,1,0,0,0,0,0,0),(3047,90,1,147,4,NULL,NULL,NULL,0,'Glancer',1,NULL,NULL,NULL,1,0,0,0,0,0,0),(3048,90,1,147,4,NULL,NULL,NULL,0,'Glancer',1,NULL,NULL,NULL,1,0,0,0,0,0,0),(3049,90,1,147,4,NULL,NULL,NULL,0,'Glancer',1,NULL,NULL,NULL,1,0,0,0,0,0,0),(3050,90,1,147,4,NULL,NULL,NULL,0,'Glancer',1,NULL,NULL,NULL,1,0,0,0,0,0,0),(3051,90,1,147,4,NULL,NULL,NULL,0,'Glancer',1,NULL,NULL,NULL,1,0,0,0,0,0,0),(3052,90,1,147,4,NULL,NULL,NULL,0,'Glancer',1,NULL,NULL,NULL,1,0,0,0,0,0,0),(3053,90,1,147,4,NULL,NULL,NULL,0,'Glancer',1,NULL,NULL,NULL,1,0,0,0,0,0,0),(3054,125,1,147,4,NULL,NULL,NULL,0,'Gnat',0,NULL,NULL,NULL,1,0,0,0,0,0,0),(3055,125,1,147,4,NULL,NULL,NULL,0,'Gnat',0,NULL,NULL,NULL,1,0,0,0,0,0,0),(3056,125,1,147,4,NULL,NULL,NULL,0,'Gnat',0,NULL,NULL,NULL,1,0,0,0,0,0,0),(3057,125,1,147,4,NULL,NULL,NULL,0,'Gnat',0,NULL,NULL,NULL,1,0,0,0,0,0,0),(3058,125,1,147,4,NULL,NULL,NULL,0,'Gnat',1,NULL,NULL,NULL,1,0,0,0,0,0,0),(3059,125,1,147,4,NULL,NULL,NULL,0,'Gnat',1,NULL,NULL,NULL,1,0,0,0,0,0,0),(3060,125,1,147,4,NULL,NULL,NULL,0,'Gnat',1,NULL,NULL,NULL,1,0,0,0,0,0,0),(3061,125,1,147,4,NULL,NULL,NULL,0,'Gnat',0,NULL,NULL,NULL,1,0,0,0,0,0,0),(3062,125,1,148,4,NULL,NULL,NULL,0,'Gnat',0,NULL,NULL,NULL,1,0,0,0,0,0,0),(3063,125,1,148,4,NULL,NULL,NULL,0,'Gnat',0,NULL,NULL,NULL,1,0,0,0,0,0,0),(3064,125,1,148,4,NULL,NULL,NULL,0,'Gnat',0,NULL,NULL,NULL,1,0,0,0,0,0,0),(3065,125,1,148,4,NULL,NULL,NULL,0,'Gnat',0,NULL,NULL,NULL,1,0,0,0,0,0,0),(3066,125,1,148,4,NULL,NULL,NULL,0,'Gnat',1,NULL,NULL,NULL,1,0,0,0,0,0,0),(3067,125,1,148,4,NULL,NULL,NULL,0,'Gnat',1,NULL,NULL,NULL,1,0,0,0,0,0,0),(3068,125,1,148,4,NULL,NULL,NULL,0,'Gnat',0,NULL,NULL,NULL,1,0,0,0,0,0,0),(3069,125,1,148,4,NULL,NULL,NULL,0,'Gnat',0,NULL,NULL,NULL,1,0,0,0,0,0,0),(3070,125,1,149,4,NULL,NULL,NULL,0,'Gnat',0,NULL,NULL,NULL,1,0,0,0,0,0,0),(3071,125,1,149,4,NULL,NULL,NULL,0,'Gnat',0,NULL,NULL,NULL,1,0,0,0,0,0,0),(3072,125,1,149,4,NULL,NULL,NULL,0,'Gnat',0,NULL,NULL,NULL,1,0,0,0,0,0,0),(3073,125,1,149,4,NULL,NULL,NULL,0,'Gnat',0,NULL,NULL,NULL,1,0,0,0,0,0,0),(3074,125,1,149,4,NULL,NULL,NULL,0,'Gnat',1,NULL,NULL,NULL,1,0,0,0,0,0,0),(3075,125,1,149,4,NULL,NULL,NULL,0,'Gnat',1,NULL,NULL,NULL,1,0,0,0,0,0,0),(3076,125,1,149,4,NULL,NULL,NULL,0,'Gnat',0,NULL,NULL,NULL,1,0,0,0,0,0,0),(3077,125,1,149,4,NULL,NULL,NULL,0,'Gnat',1,NULL,NULL,NULL,1,0,0,0,0,0,0),(3078,125,1,150,4,NULL,NULL,NULL,0,'Gnat',0,NULL,NULL,NULL,1,0,0,0,0,0,0),(3079,125,1,150,4,NULL,NULL,NULL,0,'Gnat',0,NULL,NULL,NULL,1,0,0,0,0,0,0),(3080,125,1,150,4,NULL,NULL,NULL,0,'Gnat',0,NULL,NULL,NULL,1,0,0,0,0,0,0),(3081,125,1,150,4,NULL,NULL,NULL,0,'Gnat',0,NULL,NULL,NULL,1,0,0,0,0,0,0),(3082,125,1,150,4,NULL,NULL,NULL,0,'Gnat',1,NULL,NULL,NULL,1,0,0,0,0,0,0),(3083,125,1,150,4,NULL,NULL,NULL,0,'Gnat',1,NULL,NULL,NULL,1,0,0,0,0,0,0),(3084,125,1,150,4,NULL,NULL,NULL,0,'Gnat',1,NULL,NULL,NULL,1,0,0,0,0,0,0),(3085,125,1,151,4,NULL,NULL,NULL,0,'Gnat',0,NULL,NULL,NULL,1,0,0,0,0,0,0),(3086,125,1,151,4,NULL,NULL,NULL,0,'Gnat',0,NULL,NULL,NULL,1,0,0,0,0,0,0),(3087,125,1,151,4,NULL,NULL,NULL,0,'Gnat',0,NULL,NULL,NULL,1,0,0,0,0,0,0),(3088,125,1,151,4,NULL,NULL,NULL,0,'Gnat',0,NULL,NULL,NULL,1,0,0,0,0,0,0),(3089,125,1,151,4,NULL,NULL,NULL,0,'Gnat',1,NULL,NULL,NULL,1,0,0,0,0,0,0),(3090,125,1,151,4,NULL,NULL,NULL,0,'Gnat',1,NULL,NULL,NULL,1,0,0,0,0,0,0),(3091,4475,1,8,1,NULL,NULL,NULL,0,'Thor',0,0,180,NULL,1,0,0,0,0,0,0),(3092,4475,1,8,1,NULL,NULL,NULL,0,'Thor',1,0,180,NULL,1,0,0,0,0,0,0),(3093,4475,1,8,1,NULL,NULL,NULL,0,'Thor',0,0,180,NULL,1,0,0,0,0,0,0),(3094,4475,1,8,1,NULL,NULL,NULL,0,'Thor',0,0,180,NULL,1,0,0,0,0,0,0),(3095,4475,1,8,1,NULL,NULL,NULL,0,'Thor',0,0,180,NULL,1,0,0,0,0,0,0),(3096,2812,1,8,1,NULL,NULL,NULL,0,'Dirac',0,0,180,NULL,1,0,0,0,0,0,0),(3097,2812,1,8,1,NULL,NULL,NULL,0,'Dirac',0,0,180,NULL,1,0,0,0,0,0,0),(3098,2812,1,8,1,NULL,NULL,NULL,0,'Dirac',1,0,180,NULL,1,0,0,0,0,0,0),(3099,2812,1,8,1,NULL,NULL,NULL,0,'Dirac',0,0,180,NULL,1,0,0,0,0,0,0),(3100,2812,1,8,1,NULL,NULL,NULL,0,'Dirac',0,0,180,NULL,1,0,0,0,0,0,0),(3101,2812,1,8,1,NULL,NULL,NULL,0,'Dirac',1,0,180,NULL,1,0,0,0,0,0,0),(3102,2812,1,8,1,NULL,NULL,NULL,0,'Dirac',0,0,180,NULL,1,0,0,0,0,0,0),(3103,2812,1,8,1,NULL,NULL,NULL,0,'Dirac',1,0,180,NULL,1,0,0,0,0,0,0),(3104,2812,1,8,1,NULL,NULL,NULL,0,'Dirac',1,0,180,NULL,1,0,0,0,0,0,0),(3105,2812,1,8,1,NULL,NULL,NULL,0,'Dirac',0,0,180,NULL,1,0,0,0,0,0,0),(3106,2812,1,8,1,NULL,NULL,NULL,0,'Dirac',1,0,180,NULL,1,0,0,0,0,0,0),(3107,2812,1,8,1,NULL,NULL,NULL,0,'Dirac',1,0,180,NULL,1,0,0,0,0,0,0),(3108,4475,1,8,1,NULL,NULL,NULL,0,'Thor',0,2,300,NULL,1,0,0,0,0,0,0),(3109,4475,1,8,1,NULL,NULL,NULL,0,'Thor',1,2,300,NULL,1,0,0,0,0,0,0),(3110,4475,1,8,1,NULL,NULL,NULL,0,'Thor',1,2,300,NULL,1,0,0,0,0,0,0),(3111,4475,1,8,1,NULL,NULL,NULL,0,'Thor',0,2,300,NULL,1,0,0,0,0,0,0),(3112,4475,1,8,1,NULL,NULL,NULL,0,'Thor',1,2,300,NULL,1,0,0,0,0,0,0),(3113,2812,1,8,1,NULL,NULL,NULL,0,'Dirac',0,2,300,NULL,1,0,0,0,0,0,0),(3114,2812,1,8,1,NULL,NULL,NULL,0,'Dirac',1,2,300,NULL,1,0,0,0,0,0,0),(3115,2812,1,8,1,NULL,NULL,NULL,0,'Dirac',1,2,300,NULL,1,0,0,0,0,0,0),(3116,2812,1,8,1,NULL,NULL,NULL,0,'Dirac',0,2,300,NULL,1,0,0,0,0,0,0),(3117,2812,1,8,1,NULL,NULL,NULL,0,'Dirac',1,2,300,NULL,1,0,0,0,0,0,0),(3118,2812,1,8,1,NULL,NULL,NULL,0,'Dirac',0,2,300,NULL,1,0,0,0,0,0,0),(3119,2812,1,8,1,NULL,NULL,NULL,0,'Dirac',0,2,300,NULL,1,0,0,0,0,0,0),(3120,2812,1,8,1,NULL,NULL,NULL,0,'Dirac',0,2,300,NULL,1,0,0,0,0,0,0),(3121,2812,1,8,1,NULL,NULL,NULL,0,'Dirac',0,2,300,NULL,1,0,0,0,0,0,0),(3122,2812,1,8,1,NULL,NULL,NULL,0,'Dirac',1,2,300,NULL,1,0,0,0,0,0,0),(3123,2812,1,8,1,NULL,NULL,NULL,0,'Dirac',1,2,300,NULL,1,0,0,0,0,0,0),(3124,2812,1,8,1,NULL,NULL,NULL,0,'Dirac',0,2,300,NULL,1,0,0,0,0,0,0),(3125,2812,1,8,1,NULL,NULL,NULL,0,'Dirac',0,2,300,NULL,1,0,0,0,0,0,0),(3126,2812,1,8,1,NULL,NULL,NULL,0,'Dirac',0,2,300,NULL,1,0,0,0,0,0,0),(3127,2812,1,8,1,NULL,NULL,NULL,0,'Dirac',0,2,300,NULL,1,0,0,0,0,0,0),(3128,26875,1,8,1,NULL,NULL,NULL,0,'Demosis',0,0,0,NULL,1,0,0,0,0,0,0),(3129,4475,1,8,1,NULL,NULL,NULL,0,'Thor',1,0,0,NULL,1,0,0,0,0,0,0),(3130,4475,1,8,1,NULL,NULL,NULL,0,'Thor',1,0,0,NULL,1,0,0,0,0,0,0),(3131,4475,1,8,1,NULL,NULL,NULL,0,'Thor',1,0,0,NULL,1,0,0,0,0,0,0),(3132,4475,1,8,1,NULL,NULL,NULL,0,'Thor',1,0,0,NULL,1,0,0,0,0,0,0),(3133,4475,1,8,1,NULL,NULL,NULL,0,'Thor',0,0,0,NULL,1,0,0,0,0,0,0),(3134,4475,1,8,1,NULL,NULL,NULL,0,'Thor',1,0,0,NULL,1,0,0,0,0,0,0),(3135,2812,1,8,1,NULL,NULL,NULL,0,'Dirac',1,0,0,NULL,1,0,0,0,0,0,0),(3136,2812,1,8,1,NULL,NULL,NULL,0,'Dirac',1,0,0,NULL,1,0,0,0,0,0,0),(3137,2812,1,8,1,NULL,NULL,NULL,0,'Dirac',0,0,0,NULL,1,0,0,0,0,0,0),(3138,2812,1,8,1,NULL,NULL,NULL,0,'Dirac',0,0,0,NULL,1,0,0,0,0,0,0),(3139,2812,1,8,1,NULL,NULL,NULL,0,'Dirac',1,0,0,NULL,1,0,0,0,0,0,0),(3140,2812,1,8,1,NULL,NULL,NULL,0,'Dirac',0,0,0,NULL,1,0,0,0,0,0,0),(3141,2812,1,8,1,NULL,NULL,NULL,0,'Dirac',1,0,0,NULL,1,0,0,0,0,0,0),(3142,2812,1,8,1,NULL,NULL,NULL,0,'Dirac',1,0,0,NULL,1,0,0,0,0,0,0),(3143,2812,1,8,1,NULL,NULL,NULL,0,'Dirac',0,0,0,NULL,1,0,0,0,0,0,0),(3144,2812,1,8,1,NULL,NULL,NULL,0,'Dirac',0,0,0,NULL,1,0,0,0,0,0,0),(3145,2812,1,8,1,NULL,NULL,NULL,0,'Dirac',1,0,0,NULL,1,0,0,0,0,0,0),(3146,2812,1,8,1,NULL,NULL,NULL,0,'Dirac',0,0,0,NULL,1,0,0,0,0,0,0),(3147,2812,1,8,1,NULL,NULL,NULL,0,'Dirac',0,0,0,NULL,1,0,0,0,0,0,0),(3148,2812,1,8,1,NULL,NULL,NULL,0,'Dirac',0,0,0,NULL,1,0,0,0,0,0,0),(3149,2812,1,8,1,NULL,NULL,NULL,0,'Dirac',1,0,0,NULL,1,0,0,0,0,0,0);
/*!40000 ALTER TABLE `units` ENABLE KEYS */;
UNLOCK TABLES;

--
-- Table structure for table `wreckages`
--

DROP TABLE IF EXISTS `wreckages`;
/*!40101 SET @saved_cs_client     = @@character_set_client */;
/*!40101 SET character_set_client = utf8 */;
CREATE TABLE `wreckages` (
  `id` int(11) NOT NULL AUTO_INCREMENT,
  `galaxy_id` int(11) DEFAULT NULL,
  `location_id` int(11) NOT NULL,
  `location_type` tinyint(3) unsigned NOT NULL,
  `location_x` smallint(6) NOT NULL,
  `location_y` smallint(6) NOT NULL,
  `metal` float NOT NULL DEFAULT '0',
  `energy` float NOT NULL DEFAULT '0',
  `zetium` float NOT NULL DEFAULT '0',
  PRIMARY KEY (`id`),
  UNIQUE KEY `location` (`location_id`,`location_type`,`location_x`,`location_y`),
  KEY `galaxy_id` (`galaxy_id`),
  CONSTRAINT `wreckages_ibfk_1` FOREIGN KEY (`galaxy_id`) REFERENCES `galaxies` (`id`) ON DELETE CASCADE
) ENGINE=InnoDB DEFAULT CHARSET=utf8;
/*!40101 SET character_set_client = @saved_cs_client */;

--
-- Dumping data for table `wreckages`
--

LOCK TABLES `wreckages` WRITE;
/*!40000 ALTER TABLE `wreckages` DISABLE KEYS */;
/*!40000 ALTER TABLE `wreckages` ENABLE KEYS */;
UNLOCK TABLES;
/*!40103 SET TIME_ZONE=@OLD_TIME_ZONE */;

/*!40101 SET SQL_MODE=@OLD_SQL_MODE */;
/*!40014 SET FOREIGN_KEY_CHECKS=@OLD_FOREIGN_KEY_CHECKS */;
/*!40014 SET UNIQUE_CHECKS=@OLD_UNIQUE_CHECKS */;
/*!40101 SET CHARACTER_SET_CLIENT=@OLD_CHARACTER_SET_CLIENT */;
/*!40101 SET CHARACTER_SET_RESULTS=@OLD_CHARACTER_SET_RESULTS */;
/*!40101 SET COLLATION_CONNECTION=@OLD_COLLATION_CONNECTION */;
/*!40111 SET SQL_NOTES=@OLD_SQL_NOTES */;

-- Dump completed on 2011-03-18 12:16:16
