-- MySQL dump 10.13  Distrib 5.1.54, for debian-linux-gnu (i686)
--
-- Host: localhost    Database: spacegame
-- ------------------------------------------------------
-- Server version	5.1.54-1ubuntu4

/*!40101 SET @OLD_CHARACTER_SET_CLIENT=@@CHARACTER_SET_CLIENT */;
/*!40101 SET @OLD_CHARACTER_SET_RESULTS=@@CHARACTER_SET_RESULTS */;
/*!40101 SET @OLD_COLLATION_CONNECTION=@@COLLATION_CONNECTION */;
/*!40101 SET NAMES utf8 */;
/*!40103 SET @OLD_TIME_ZONE=@@TIME_ZONE */;
/*!40103 SET TIME_ZONE='+00:00' */;
/*!40014 SET @OLD_UNIQUE_CHECKS=@@UNIQUE_CHECKS, UNIQUE_CHECKS=0 */;
/*!40014 SET @OLD_FOREIGN_KEY_CHECKS=@@FOREIGN_KEY_CHECKS, FOREIGN_KEY_CHECKS=0 */;
/*!40101 SET @OLD_SQL_MODE=@@SQL_MODE, SQL_MODE='NO_AUTO_VALUE_ON_ZERO' */;
/*!40111 SET @OLD_SQL_NOTES=@@SQL_NOTES, SQL_NOTES=0 */;

--
-- Table structure for table `alliances`
--

DROP TABLE IF EXISTS `alliances`;
/*!40101 SET @saved_cs_client     = @@character_set_client */;
/*!40101 SET character_set_client = utf8 */;
CREATE TABLE `alliances` (
  `id` int(11) NOT NULL AUTO_INCREMENT,
  `name` varchar(50) NOT NULL,
  `galaxy_id` int(11) NOT NULL,
  `owner_id` int(11) NOT NULL,
  `description` text NOT NULL,
  PRIMARY KEY (`id`),
  UNIQUE KEY `uniq_galaxy_name` (`name`,`galaxy_id`),
  KEY `foreign_key` (`galaxy_id`),
  KEY `owner_id` (`owner_id`),
  CONSTRAINT `alliances_ibfk_1` FOREIGN KEY (`galaxy_id`) REFERENCES `galaxies` (`id`) ON DELETE CASCADE,
  CONSTRAINT `alliances_ibfk_2` FOREIGN KEY (`owner_id`) REFERENCES `players` (`id`) ON DELETE NO ACTION
) ENGINE=InnoDB DEFAULT CHARSET=utf8;
/*!40101 SET character_set_client = @saved_cs_client */;

--
-- Dumping data for table `alliances`
--

LOCK TABLES `alliances` WRITE;
/*!40000 ALTER TABLE `alliances` DISABLE KEYS */;
/*!40000 ALTER TABLE `alliances` ENABLE KEYS */;
UNLOCK TABLES;

--
-- Table structure for table `buildings`
--

DROP TABLE IF EXISTS `buildings`;
/*!40101 SET @saved_cs_client     = @@character_set_client */;
/*!40101 SET character_set_client = utf8 */;
CREATE TABLE `buildings` (
  `id` int(11) NOT NULL AUTO_INCREMENT,
  `planet_id` int(11) DEFAULT NULL,
  `x` tinyint(2) unsigned NOT NULL DEFAULT '0',
  `y` tinyint(2) unsigned NOT NULL DEFAULT '0',
  `armor_mod` int(11) NOT NULL,
  `constructor_mod` int(11) NOT NULL,
  `energy_mod` int(11) NOT NULL,
  `level` tinyint(2) unsigned NOT NULL DEFAULT '0',
  `type` varchar(255) NOT NULL,
  `upgrade_ends_at` datetime DEFAULT NULL,
  `x_end` tinyint(2) unsigned NOT NULL DEFAULT '0',
  `y_end` tinyint(2) unsigned NOT NULL DEFAULT '0',
  `state` tinyint(2) NOT NULL DEFAULT '0',
  `hp` int(10) unsigned NOT NULL,
  `pause_remainder` int(10) unsigned DEFAULT NULL,
  `constructable_type` varchar(100) DEFAULT NULL,
  `constructable_id` int(11) DEFAULT NULL,
  `construction_mod` tinyint(2) unsigned NOT NULL DEFAULT '0',
  `cooldown_ends_at` datetime DEFAULT NULL,
  PRIMARY KEY (`id`),
  UNIQUE KEY `tiles_taken` (`planet_id`,`x`,`y`,`x_end`,`y_end`),
  KEY `index_buildings_on_construction_ends` (`upgrade_ends_at`),
  KEY `buildings_by_type` (`planet_id`,`type`),
  CONSTRAINT `buildings_ibfk_1` FOREIGN KEY (`planet_id`) REFERENCES `ss_objects` (`id`) ON DELETE CASCADE
) ENGINE=InnoDB AUTO_INCREMENT=190 DEFAULT CHARSET=utf8;
/*!40101 SET character_set_client = @saved_cs_client */;

--
-- Dumping data for table `buildings`
--

LOCK TABLES `buildings` WRITE;
/*!40000 ALTER TABLE `buildings` DISABLE KEYS */;
INSERT INTO `buildings` VALUES (1,1,2,3,0,0,0,10,'NpcTankFactory',NULL,5,6,1,200000,NULL,NULL,NULL,0,NULL),(2,1,13,4,0,0,0,10,'NpcSpaceFactory',NULL,17,7,1,450000,NULL,NULL,NULL,0,NULL),(3,1,10,7,0,0,0,10,'NpcHall',NULL,11,8,1,145000,NULL,NULL,NULL,0,NULL),(4,1,5,9,0,0,0,10,'NpcInfantryFactory',NULL,7,11,1,60000,NULL,NULL,NULL,0,NULL),(5,4,2,2,0,0,0,10,'NpcSpaceFactory',NULL,6,5,1,450000,NULL,NULL,NULL,0,NULL),(6,4,6,8,0,0,0,10,'NpcHall',NULL,7,9,1,145000,NULL,NULL,NULL,0,NULL),(7,4,1,10,0,0,0,10,'NpcInfantryFactory',NULL,3,12,1,60000,NULL,NULL,NULL,0,NULL),(8,4,10,11,0,0,0,10,'NpcTankFactory',NULL,13,14,1,200000,NULL,NULL,NULL,0,NULL),(9,5,6,5,0,0,0,10,'NpcInfantryFactory',NULL,8,7,1,60000,NULL,NULL,NULL,0,NULL),(10,5,10,8,0,0,0,10,'NpcHall',NULL,11,9,1,145000,NULL,NULL,NULL,0,NULL),(11,5,2,11,0,0,0,10,'NpcTankFactory',NULL,5,14,1,200000,NULL,NULL,NULL,0,NULL),(12,5,14,11,0,0,0,10,'NpcSpaceFactory',NULL,18,14,1,450000,NULL,NULL,NULL,0,NULL),(13,9,2,2,0,0,0,1,'NpcSpaceFactory',NULL,6,5,1,450000,NULL,NULL,NULL,0,NULL),(14,9,6,8,0,0,0,1,'NpcHall',NULL,7,9,1,145000,NULL,NULL,NULL,0,NULL),(15,9,1,10,0,0,0,1,'NpcInfantryFactory',NULL,3,12,1,60000,NULL,NULL,NULL,0,NULL),(16,9,10,11,0,0,0,1,'NpcTankFactory',NULL,13,14,1,200000,NULL,NULL,NULL,0,NULL),(17,13,2,2,0,0,0,1,'NpcSpaceFactory',NULL,6,5,1,450000,NULL,NULL,NULL,0,NULL),(18,13,6,8,0,0,0,1,'NpcHall',NULL,7,9,1,145000,NULL,NULL,NULL,0,NULL),(19,13,1,10,0,0,0,1,'NpcInfantryFactory',NULL,3,12,1,60000,NULL,NULL,NULL,0,NULL),(20,13,10,11,0,0,0,1,'NpcTankFactory',NULL,13,14,1,200000,NULL,NULL,NULL,0,NULL),(21,15,15,16,0,0,0,1,'NpcMetalExtractor',NULL,16,17,1,400,NULL,NULL,NULL,0,NULL),(22,15,10,5,0,0,0,1,'NpcGeothermalPlant',NULL,11,6,1,600,NULL,NULL,NULL,0,NULL),(23,15,9,20,0,0,0,1,'NpcZetiumExtractor',NULL,10,21,1,1600,NULL,NULL,NULL,0,NULL),(24,15,24,14,0,0,0,1,'NpcZetiumExtractor',NULL,25,15,1,1600,NULL,NULL,NULL,0,NULL),(25,15,24,6,0,0,0,1,'NpcZetiumExtractor',NULL,25,7,1,1600,NULL,NULL,NULL,0,NULL),(26,15,20,6,0,0,0,1,'NpcZetiumExtractor',NULL,21,7,1,1600,NULL,NULL,NULL,0,NULL),(27,15,20,0,0,0,0,1,'NpcJumpgate',NULL,24,4,1,8000,NULL,NULL,NULL,0,NULL),(28,15,18,17,0,0,0,1,'NpcJumpgate',NULL,22,21,1,8000,NULL,NULL,NULL,0,NULL),(29,15,18,11,0,0,0,1,'NpcJumpgate',NULL,22,15,1,8000,NULL,NULL,NULL,0,NULL),(30,15,10,0,0,0,0,1,'NpcResearchCenter',NULL,13,3,1,4000,NULL,NULL,NULL,0,NULL),(31,15,14,9,0,0,0,1,'NpcExcavationSite',NULL,17,12,1,3000,NULL,NULL,NULL,0,NULL),(32,15,19,9,0,0,0,1,'NpcCommunicationsHub',NULL,22,10,1,1200,NULL,NULL,NULL,0,NULL),(33,15,23,9,0,0,0,1,'NpcResearchCenter',NULL,26,12,1,4000,NULL,NULL,NULL,0,NULL),(34,15,0,8,0,0,0,1,'NpcExcavationSite',NULL,3,11,1,3000,NULL,NULL,NULL,0,NULL),(35,15,15,6,0,0,0,1,'NpcTemple',NULL,17,8,1,2500,NULL,NULL,NULL,0,NULL),(36,15,0,2,0,0,0,1,'NpcCommunicationsHub',NULL,3,3,1,1200,NULL,NULL,NULL,0,NULL),(37,15,2,17,0,0,0,1,'NpcSolarPlant',NULL,3,18,1,1000,NULL,NULL,NULL,0,NULL),(38,15,0,14,0,0,0,1,'NpcSolarPlant',NULL,1,15,1,1000,NULL,NULL,NULL,0,NULL),(39,15,2,13,0,0,0,1,'NpcSolarPlant',NULL,3,14,1,1000,NULL,NULL,NULL,0,NULL),(40,15,3,15,0,0,0,1,'NpcSolarPlant',NULL,4,16,1,1000,NULL,NULL,NULL,0,NULL),(41,31,24,16,0,0,0,1,'NpcMetalExtractor',NULL,25,17,1,400,NULL,NULL,NULL,0,NULL),(42,31,17,8,0,0,0,1,'NpcMetalExtractor',NULL,18,9,1,400,NULL,NULL,NULL,0,NULL),(43,31,12,22,0,0,0,1,'NpcMetalExtractor',NULL,13,23,1,400,NULL,NULL,NULL,0,NULL),(44,31,28,5,0,0,0,1,'NpcGeothermalPlant',NULL,29,6,1,600,NULL,NULL,NULL,0,NULL),(45,31,19,17,0,0,0,1,'NpcZetiumExtractor',NULL,20,18,1,1600,NULL,NULL,NULL,0,NULL),(46,31,28,26,0,0,0,1,'NpcZetiumExtractor',NULL,29,27,1,1600,NULL,NULL,NULL,0,NULL),(47,31,25,19,0,0,0,1,'NpcJumpgate',NULL,29,23,1,8000,NULL,NULL,NULL,0,NULL),(48,31,9,0,0,0,0,1,'NpcResearchCenter',NULL,12,3,1,4000,NULL,NULL,NULL,0,NULL),(49,31,29,0,0,0,0,1,'NpcExcavationSite',NULL,32,3,1,3000,NULL,NULL,NULL,0,NULL),(50,31,5,13,0,0,0,1,'NpcCommunicationsHub',NULL,8,14,1,1200,NULL,NULL,NULL,0,NULL),(51,31,18,2,0,0,0,1,'NpcExcavationSite',NULL,21,5,1,3000,NULL,NULL,NULL,0,NULL),(52,31,26,12,0,0,0,1,'NpcTemple',NULL,28,14,1,2500,NULL,NULL,NULL,0,NULL),(53,31,18,14,0,0,0,1,'NpcCommunicationsHub',NULL,21,15,1,1200,NULL,NULL,NULL,0,NULL),(54,31,15,27,0,0,0,1,'NpcSolarPlant',NULL,16,28,1,1000,NULL,NULL,NULL,0,NULL),(55,31,11,12,0,0,0,1,'NpcSolarPlant',NULL,12,13,1,1000,NULL,NULL,NULL,0,NULL),(56,31,3,7,0,0,0,1,'NpcSolarPlant',NULL,4,8,1,1000,NULL,NULL,NULL,0,NULL),(57,37,20,11,0,0,0,1,'NpcMetalExtractor',NULL,21,12,1,400,NULL,NULL,NULL,0,NULL),(58,37,26,24,0,0,0,1,'NpcMetalExtractor',NULL,27,25,1,400,NULL,NULL,NULL,0,NULL),(59,37,4,20,0,0,0,1,'NpcMetalExtractor',NULL,5,21,1,400,NULL,NULL,NULL,0,NULL),(60,37,9,9,0,0,0,1,'NpcGeothermalPlant',NULL,10,10,1,600,NULL,NULL,NULL,0,NULL),(61,37,17,1,0,0,0,1,'NpcZetiumExtractor',NULL,18,2,1,1600,NULL,NULL,NULL,0,NULL),(62,37,4,13,0,0,0,1,'NpcZetiumExtractor',NULL,5,14,1,1600,NULL,NULL,NULL,0,NULL),(63,37,10,14,0,0,0,1,'NpcJumpgate',NULL,14,18,1,8000,NULL,NULL,NULL,0,NULL),(64,37,1,5,0,0,0,1,'NpcJumpgate',NULL,5,9,1,8000,NULL,NULL,NULL,0,NULL),(65,37,15,12,0,0,0,1,'NpcResearchCenter',NULL,18,15,1,4000,NULL,NULL,NULL,0,NULL),(66,37,19,15,0,0,0,1,'NpcExcavationSite',NULL,22,18,1,3000,NULL,NULL,NULL,0,NULL),(67,37,13,4,0,0,0,1,'NpcCommunicationsHub',NULL,16,5,1,1200,NULL,NULL,NULL,0,NULL),(68,37,14,27,0,0,0,1,'NpcExcavationSite',NULL,17,30,1,3000,NULL,NULL,NULL,0,NULL),(69,37,10,27,0,0,0,1,'NpcTemple',NULL,12,29,1,2500,NULL,NULL,NULL,0,NULL),(70,37,23,14,0,0,0,1,'NpcCommunicationsHub',NULL,26,15,1,1200,NULL,NULL,NULL,0,NULL),(71,37,1,28,0,0,0,1,'NpcSolarPlant',NULL,2,29,1,1000,NULL,NULL,NULL,0,NULL),(72,37,10,24,0,0,0,1,'NpcSolarPlant',NULL,11,25,1,1000,NULL,NULL,NULL,0,NULL),(73,37,0,15,0,0,0,1,'NpcSolarPlant',NULL,1,16,1,1000,NULL,NULL,NULL,0,NULL),(74,44,4,17,0,0,0,1,'NpcMetalExtractor',NULL,5,18,1,400,NULL,NULL,NULL,0,NULL),(75,44,15,7,0,0,0,1,'NpcMetalExtractor',NULL,16,8,1,400,NULL,NULL,NULL,0,NULL),(76,44,24,4,0,0,0,1,'NpcMetalExtractor',NULL,25,5,1,400,NULL,NULL,NULL,0,NULL),(77,44,21,25,0,0,0,1,'NpcGeothermalPlant',NULL,22,26,1,600,NULL,NULL,NULL,0,NULL),(78,44,7,5,0,0,0,1,'NpcGeothermalPlant',NULL,8,6,1,600,NULL,NULL,NULL,0,NULL),(79,44,28,23,0,0,0,1,'NpcZetiumExtractor',NULL,29,24,1,1600,NULL,NULL,NULL,0,NULL),(80,44,29,8,0,0,0,1,'NpcZetiumExtractor',NULL,30,9,1,1600,NULL,NULL,NULL,0,NULL),(81,44,11,0,0,0,0,1,'NpcJumpgate',NULL,15,4,1,8000,NULL,NULL,NULL,0,NULL),(82,44,10,23,0,0,0,1,'NpcJumpgate',NULL,14,27,1,8000,NULL,NULL,NULL,0,NULL),(83,44,16,15,0,0,0,1,'NpcResearchCenter',NULL,19,18,1,4000,NULL,NULL,NULL,0,NULL),(84,44,22,1,0,0,0,1,'NpcCommunicationsHub',NULL,25,2,1,1200,NULL,NULL,NULL,0,NULL),(85,44,15,19,0,0,0,1,'NpcResearchCenter',NULL,18,22,1,4000,NULL,NULL,NULL,0,NULL),(86,44,7,0,0,0,0,1,'NpcExcavationSite',NULL,10,3,1,3000,NULL,NULL,NULL,0,NULL),(87,44,21,28,0,0,0,1,'NpcTemple',NULL,23,30,1,2500,NULL,NULL,NULL,0,NULL),(88,44,8,18,0,0,0,1,'NpcSolarPlant',NULL,9,19,1,1000,NULL,NULL,NULL,0,NULL),(89,44,19,20,0,0,0,1,'NpcSolarPlant',NULL,20,21,1,1000,NULL,NULL,NULL,0,NULL),(90,44,18,26,0,0,0,1,'NpcSolarPlant',NULL,19,27,1,1000,NULL,NULL,NULL,0,NULL),(91,44,22,20,0,0,0,1,'NpcSolarPlant',NULL,23,21,1,1000,NULL,NULL,NULL,0,NULL),(92,49,1,27,0,0,0,1,'NpcMetalExtractor',NULL,2,28,1,400,NULL,NULL,NULL,0,NULL),(93,49,4,18,0,0,0,1,'NpcMetalExtractor',NULL,5,19,1,400,NULL,NULL,NULL,0,NULL),(94,49,8,2,0,0,0,1,'NpcMetalExtractor',NULL,9,3,1,400,NULL,NULL,NULL,0,NULL),(95,49,4,6,0,0,0,1,'NpcGeothermalPlant',NULL,5,7,1,600,NULL,NULL,NULL,0,NULL),(96,49,22,26,0,0,0,1,'NpcZetiumExtractor',NULL,23,27,1,1600,NULL,NULL,NULL,0,NULL),(97,49,15,23,0,0,0,1,'NpcZetiumExtractor',NULL,16,24,1,1600,NULL,NULL,NULL,0,NULL),(98,49,13,1,0,0,0,1,'NpcJumpgate',NULL,17,5,1,8000,NULL,NULL,NULL,0,NULL),(99,49,12,28,0,0,0,1,'NpcResearchCenter',NULL,15,31,1,4000,NULL,NULL,NULL,0,NULL),(100,49,8,20,0,0,0,1,'NpcExcavationSite',NULL,11,23,1,3000,NULL,NULL,NULL,0,NULL),(101,49,20,0,0,0,0,1,'NpcCommunicationsHub',NULL,23,1,1,1200,NULL,NULL,NULL,0,NULL),(102,49,16,29,0,0,0,1,'NpcTemple',NULL,18,31,1,2500,NULL,NULL,NULL,0,NULL),(103,49,20,7,0,0,0,1,'NpcCommunicationsHub',NULL,23,8,1,1200,NULL,NULL,NULL,0,NULL),(104,49,19,25,0,0,0,1,'NpcSolarPlant',NULL,20,26,1,1000,NULL,NULL,NULL,0,NULL),(105,49,14,7,0,0,0,1,'NpcSolarPlant',NULL,15,8,1,1000,NULL,NULL,NULL,0,NULL),(106,49,11,6,0,0,0,1,'NpcSolarPlant',NULL,12,7,1,1000,NULL,NULL,NULL,0,NULL),(107,49,18,1,0,0,0,1,'NpcSolarPlant',NULL,19,2,1,1000,NULL,NULL,NULL,0,NULL),(108,61,13,6,0,0,0,1,'NpcMetalExtractor',NULL,14,7,1,400,NULL,NULL,NULL,0,NULL),(109,61,19,20,0,0,0,1,'NpcMetalExtractor',NULL,20,21,1,400,NULL,NULL,NULL,0,NULL),(110,61,18,15,0,0,0,1,'NpcMetalExtractor',NULL,19,16,1,400,NULL,NULL,NULL,0,NULL),(111,61,22,27,0,0,0,1,'NpcMetalExtractor',NULL,23,28,1,400,NULL,NULL,NULL,0,NULL),(112,61,14,27,0,0,0,1,'NpcGeothermalPlant',NULL,15,28,1,600,NULL,NULL,NULL,0,NULL),(113,61,3,13,0,0,0,1,'NpcZetiumExtractor',NULL,4,14,1,1600,NULL,NULL,NULL,0,NULL),(114,61,13,18,0,0,0,1,'NpcJumpgate',NULL,17,22,1,8000,NULL,NULL,NULL,0,NULL),(115,61,6,14,0,0,0,1,'NpcJumpgate',NULL,10,18,1,8000,NULL,NULL,NULL,0,NULL),(116,61,1,18,0,0,0,1,'NpcResearchCenter',NULL,4,21,1,4000,NULL,NULL,NULL,0,NULL),(117,61,13,9,0,0,0,1,'NpcExcavationSite',NULL,16,12,1,3000,NULL,NULL,NULL,0,NULL),(118,61,0,26,0,0,0,1,'NpcCommunicationsHub',NULL,3,27,1,1200,NULL,NULL,NULL,0,NULL),(119,61,16,1,0,0,0,1,'NpcTemple',NULL,18,3,1,2500,NULL,NULL,NULL,0,NULL),(120,61,7,24,0,0,0,1,'NpcCommunicationsHub',NULL,10,25,1,1200,NULL,NULL,NULL,0,NULL),(121,61,7,20,0,0,0,1,'NpcSolarPlant',NULL,8,21,1,1000,NULL,NULL,NULL,0,NULL),(122,61,11,23,0,0,0,1,'NpcSolarPlant',NULL,12,24,1,1000,NULL,NULL,NULL,0,NULL),(123,61,24,15,0,0,0,1,'NpcSolarPlant',NULL,25,16,1,1000,NULL,NULL,NULL,0,NULL),(124,64,21,5,0,0,0,1,'NpcMetalExtractor',NULL,22,6,1,400,NULL,NULL,NULL,0,NULL),(125,64,3,11,0,0,0,1,'NpcMetalExtractor',NULL,4,12,1,400,NULL,NULL,NULL,0,NULL),(126,64,26,2,0,0,0,1,'NpcMetalExtractor',NULL,27,3,1,400,NULL,NULL,NULL,0,NULL),(127,64,26,20,0,0,0,1,'NpcGeothermalPlant',NULL,27,21,1,600,NULL,NULL,NULL,0,NULL),(128,64,17,10,0,0,0,1,'NpcZetiumExtractor',NULL,18,11,1,1600,NULL,NULL,NULL,0,NULL),(129,64,26,11,0,0,0,1,'NpcZetiumExtractor',NULL,27,12,1,1600,NULL,NULL,NULL,0,NULL),(130,64,12,11,0,0,0,1,'NpcZetiumExtractor',NULL,13,12,1,1600,NULL,NULL,NULL,0,NULL),(131,64,8,1,0,0,0,1,'NpcJumpgate',NULL,12,5,1,8000,NULL,NULL,NULL,0,NULL),(132,64,20,12,0,0,0,1,'NpcJumpgate',NULL,24,16,1,8000,NULL,NULL,NULL,0,NULL),(133,64,8,6,0,0,0,1,'NpcExcavationSite',NULL,11,9,1,3000,NULL,NULL,NULL,0,NULL),(134,64,7,11,0,0,0,1,'NpcTemple',NULL,9,13,1,2500,NULL,NULL,NULL,0,NULL),(135,64,3,6,0,0,0,1,'NpcCommunicationsHub',NULL,6,7,1,1200,NULL,NULL,NULL,0,NULL),(136,64,0,8,0,0,0,1,'NpcSolarPlant',NULL,1,9,1,1000,NULL,NULL,NULL,0,NULL),(137,64,12,8,0,0,0,1,'NpcSolarPlant',NULL,13,9,1,1000,NULL,NULL,NULL,0,NULL),(138,64,18,19,0,0,0,1,'NpcSolarPlant',NULL,19,20,1,1000,NULL,NULL,NULL,0,NULL),(139,70,0,0,0,0,0,1,'NpcMetalExtractor',NULL,1,1,1,400,NULL,NULL,NULL,0,NULL),(140,70,7,0,0,0,0,1,'NpcCommunicationsHub',NULL,10,1,1,1200,NULL,NULL,NULL,0,NULL),(141,70,18,0,0,0,0,1,'NpcSolarPlant',NULL,19,1,1,1000,NULL,NULL,NULL,0,NULL),(142,70,3,1,0,0,0,1,'NpcMetalExtractor',NULL,4,2,1,400,NULL,NULL,NULL,0,NULL),(143,70,12,1,0,0,0,1,'NpcSolarPlant',NULL,13,2,1,1000,NULL,NULL,NULL,0,NULL),(144,70,22,1,0,0,0,1,'NpcSolarPlant',NULL,23,2,1,1000,NULL,NULL,NULL,0,NULL),(145,70,26,1,0,0,0,1,'NpcCommunicationsHub',NULL,29,2,1,1200,NULL,NULL,NULL,0,NULL),(146,70,15,3,0,0,0,1,'NpcSolarPlant',NULL,16,4,1,1000,NULL,NULL,NULL,0,NULL),(147,70,18,3,0,0,0,1,'NpcSolarPlant',NULL,19,4,1,1000,NULL,NULL,NULL,0,NULL),(148,70,24,4,0,0,0,1,'NpcMetalExtractor',NULL,25,5,1,400,NULL,NULL,NULL,0,NULL),(149,70,28,4,0,0,0,1,'NpcMetalExtractor',NULL,29,5,1,400,NULL,NULL,NULL,0,NULL),(150,70,9,8,0,0,0,1,'Vulcan',NULL,10,9,1,3000,NULL,NULL,NULL,0,NULL),(151,70,11,8,0,0,0,1,'Screamer',NULL,12,9,1,3900,NULL,NULL,NULL,0,NULL),(152,70,13,8,0,0,0,1,'Thunder',NULL,14,9,1,6000,NULL,NULL,NULL,0,NULL),(153,70,15,8,0,0,0,1,'Vulcan',NULL,16,9,1,3000,NULL,NULL,NULL,0,NULL),(154,70,17,8,0,0,0,1,'Screamer',NULL,18,9,1,3900,NULL,NULL,NULL,0,NULL),(155,70,19,8,0,0,0,1,'Thunder',NULL,20,9,1,6000,NULL,NULL,NULL,0,NULL),(156,70,25,8,0,0,0,1,'NpcCommunicationsHub',NULL,28,9,1,1200,NULL,NULL,NULL,0,NULL),(157,70,9,10,0,0,0,1,'Thunder',NULL,10,11,1,6000,NULL,NULL,NULL,0,NULL),(158,70,11,10,0,0,0,1,'Mothership',NULL,18,15,1,10500,NULL,NULL,NULL,0,NULL),(159,70,19,10,0,0,0,1,'Vulcan',NULL,20,11,1,3000,NULL,NULL,NULL,0,NULL),(160,70,9,12,0,0,0,1,'Screamer',NULL,10,13,1,3900,NULL,NULL,NULL,0,NULL),(161,70,19,12,0,0,0,1,'Screamer',NULL,20,13,1,3900,NULL,NULL,NULL,0,NULL),(162,70,26,12,0,0,0,1,'NpcZetiumExtractor',NULL,27,13,1,1600,NULL,NULL,NULL,0,NULL),(163,70,9,14,0,0,0,1,'Vulcan',NULL,10,15,1,3000,NULL,NULL,NULL,0,NULL),(164,70,19,14,0,0,0,1,'Thunder',NULL,20,15,1,6000,NULL,NULL,NULL,0,NULL),(165,70,9,16,0,0,0,1,'Thunder',NULL,10,17,1,6000,NULL,NULL,NULL,0,NULL),(166,70,11,16,0,0,0,1,'Vulcan',NULL,12,17,1,3000,NULL,NULL,NULL,0,NULL),(167,70,13,16,0,0,0,1,'Thunder',NULL,14,17,1,6000,NULL,NULL,NULL,0,NULL),(168,70,15,16,0,0,0,1,'Screamer',NULL,16,17,1,3900,NULL,NULL,NULL,0,NULL),(169,70,17,16,0,0,0,1,'Thunder',NULL,18,17,1,6000,NULL,NULL,NULL,0,NULL),(170,70,19,16,0,0,0,1,'Vulcan',NULL,20,17,1,3000,NULL,NULL,NULL,0,NULL),(171,70,13,26,0,0,0,1,'NpcSolarPlant',NULL,14,27,1,1000,NULL,NULL,NULL,0,NULL),(172,70,20,27,0,0,0,1,'NpcSolarPlant',NULL,21,28,1,1000,NULL,NULL,NULL,0,NULL),(173,70,0,28,0,0,0,1,'NpcSolarPlant',NULL,1,29,1,1000,NULL,NULL,NULL,0,NULL),(174,70,3,28,0,0,0,1,'NpcSolarPlant',NULL,4,29,1,1000,NULL,NULL,NULL,0,NULL),(175,70,17,28,0,0,0,1,'NpcZetiumExtractor',NULL,18,29,1,1600,NULL,NULL,NULL,0,NULL),(176,70,28,28,0,0,0,1,'NpcSolarPlant',NULL,29,29,1,1000,NULL,NULL,NULL,0,NULL),(177,73,24,21,0,0,0,1,'NpcMetalExtractor',NULL,25,22,1,400,NULL,NULL,NULL,0,NULL),(178,73,13,15,0,0,0,1,'NpcZetiumExtractor',NULL,14,16,1,1600,NULL,NULL,NULL,0,NULL),(179,73,11,25,0,0,0,1,'NpcExcavationSite',NULL,14,28,1,3000,NULL,NULL,NULL,0,NULL),(180,73,14,10,0,0,0,1,'NpcTemple',NULL,16,12,1,2500,NULL,NULL,NULL,0,NULL),(181,73,15,29,0,0,0,1,'NpcCommunicationsHub',NULL,18,30,1,1200,NULL,NULL,NULL,0,NULL),(182,73,12,8,0,0,0,1,'NpcSolarPlant',NULL,13,9,1,1000,NULL,NULL,NULL,0,NULL),(183,73,21,23,0,0,0,1,'NpcSolarPlant',NULL,22,24,1,1000,NULL,NULL,NULL,0,NULL),(184,73,19,21,0,0,0,1,'NpcSolarPlant',NULL,20,22,1,1000,NULL,NULL,NULL,0,NULL),(185,73,8,1,0,0,0,1,'NpcSolarPlant',NULL,9,2,1,1000,NULL,NULL,NULL,0,NULL),(186,79,2,2,0,0,0,1,'NpcSpaceFactory',NULL,6,5,1,450000,NULL,NULL,NULL,0,NULL),(187,79,6,8,0,0,0,1,'NpcHall',NULL,7,9,1,145000,NULL,NULL,NULL,0,NULL),(188,79,1,10,0,0,0,1,'NpcInfantryFactory',NULL,3,12,1,60000,NULL,NULL,NULL,0,NULL),(189,79,10,11,0,0,0,1,'NpcTankFactory',NULL,13,14,1,200000,NULL,NULL,NULL,0,NULL);
/*!40000 ALTER TABLE `buildings` ENABLE KEYS */;
UNLOCK TABLES;

--
-- Table structure for table `callbacks`
--

DROP TABLE IF EXISTS `callbacks`;
/*!40101 SET @saved_cs_client     = @@character_set_client */;
/*!40101 SET character_set_client = utf8 */;
CREATE TABLE `callbacks` (
  `class` varchar(50) NOT NULL,
  `object_id` int(10) unsigned NOT NULL,
  `ends_at` datetime NOT NULL,
  `event` tinyint(2) unsigned NOT NULL DEFAULT '0',
  `ruleset` varchar(30) NOT NULL,
  UNIQUE KEY `main` (`class`,`object_id`,`event`),
  KEY `tick` (`ends_at`)
) ENGINE=InnoDB DEFAULT CHARSET=utf8;
/*!40101 SET character_set_client = @saved_cs_client */;

--
-- Dumping data for table `callbacks`
--

LOCK TABLES `callbacks` WRITE;
/*!40000 ALTER TABLE `callbacks` DISABLE KEYS */;
INSERT INTO `callbacks` VALUES ('SolarSystem',10,'2012-05-29 18:27:45',8,'dev'),('SsObject::Asteroid',16,'2011-05-30 12:28:15',9,'dev'),('SsObject::Asteroid',17,'2011-05-30 12:28:15',9,'dev'),('SsObject::Asteroid',19,'2011-05-30 12:28:15',9,'dev'),('SsObject::Asteroid',20,'2011-05-30 12:28:15',9,'dev'),('SsObject::Asteroid',21,'2011-05-30 12:28:15',9,'dev'),('SsObject::Asteroid',22,'2011-05-30 12:28:15',9,'dev'),('SsObject::Asteroid',25,'2011-05-30 12:28:15',9,'dev'),('SsObject::Asteroid',26,'2011-05-30 12:28:15',9,'dev'),('SsObject::Asteroid',27,'2011-05-30 12:28:15',9,'dev'),('SsObject::Asteroid',28,'2011-05-30 12:28:15',9,'dev'),('SsObject::Asteroid',29,'2011-05-30 12:28:15',9,'dev'),('SsObject::Asteroid',30,'2011-05-30 12:28:15',9,'dev'),('SsObject::Asteroid',32,'2011-05-30 12:28:15',9,'dev'),('SsObject::Asteroid',33,'2011-05-30 12:28:15',9,'dev'),('SsObject::Asteroid',34,'2011-05-30 12:28:15',9,'dev'),('SsObject::Asteroid',35,'2011-05-30 12:28:15',9,'dev'),('SsObject::Asteroid',38,'2011-05-30 12:28:15',9,'dev'),('SsObject::Asteroid',40,'2011-05-30 12:28:15',9,'dev'),('SsObject::Asteroid',41,'2011-05-30 12:28:15',9,'dev'),('SsObject::Asteroid',42,'2011-05-30 12:28:15',9,'dev'),('SsObject::Asteroid',43,'2011-05-30 12:28:15',9,'dev'),('SsObject::Asteroid',45,'2011-05-30 12:28:15',9,'dev'),('SsObject::Asteroid',46,'2011-05-30 12:28:15',9,'dev'),('SsObject::Asteroid',47,'2011-05-30 12:28:15',9,'dev'),('SsObject::Asteroid',48,'2011-05-30 12:28:15',9,'dev'),('SsObject::Asteroid',50,'2011-05-30 12:28:15',9,'dev'),('SsObject::Asteroid',51,'2011-05-30 12:28:15',9,'dev'),('SsObject::Asteroid',52,'2011-05-30 12:28:15',9,'dev'),('SsObject::Asteroid',54,'2011-05-30 12:28:15',9,'dev'),('SsObject::Asteroid',55,'2011-05-30 12:28:15',9,'dev'),('SsObject::Asteroid',56,'2011-05-30 12:28:15',9,'dev'),('SsObject::Asteroid',57,'2011-05-30 12:28:15',9,'dev'),('SsObject::Asteroid',58,'2011-05-30 12:28:15',9,'dev'),('SsObject::Asteroid',59,'2011-05-30 12:28:15',9,'dev'),('SsObject::Asteroid',60,'2011-05-30 12:28:15',9,'dev'),('SsObject::Asteroid',62,'2011-05-30 12:28:15',9,'dev'),('SsObject::Asteroid',63,'2011-05-30 12:28:15',9,'dev'),('SsObject::Asteroid',65,'2011-05-30 12:28:15',9,'dev'),('SsObject::Asteroid',66,'2011-05-30 12:28:15',9,'dev'),('SsObject::Asteroid',67,'2011-05-30 12:28:15',9,'dev'),('SsObject::Asteroid',68,'2011-05-30 12:28:15',9,'dev'),('SsObject::Asteroid',71,'2011-05-30 12:28:15',9,'dev'),('SsObject::Asteroid',72,'2011-05-30 12:28:15',9,'dev'),('SsObject::Asteroid',74,'2011-05-30 12:28:15',9,'dev'),('SsObject::Asteroid',75,'2011-05-30 12:28:15',9,'dev'),('SsObject::Asteroid',76,'2011-05-30 12:28:15',9,'dev'),('SsObject::Asteroid',77,'2011-05-30 12:28:15',9,'dev'),('SsObject::Asteroid',78,'2011-05-30 12:28:15',9,'dev');
/*!40000 ALTER TABLE `callbacks` ENABLE KEYS */;
UNLOCK TABLES;

--
-- Table structure for table `chat_messages`
--

DROP TABLE IF EXISTS `chat_messages`;
/*!40101 SET @saved_cs_client     = @@character_set_client */;
/*!40101 SET character_set_client = utf8 */;
CREATE TABLE `chat_messages` (
  `source_id` int(11) NOT NULL,
  `target_id` int(11) NOT NULL,
  `message` varchar(255) NOT NULL,
  `created_at` datetime NOT NULL,
  KEY `index_chat_messages_on_source_id` (`source_id`),
  KEY `index_chat_messages_on_target_id` (`target_id`),
  CONSTRAINT `chat_messages_ibfk_2` FOREIGN KEY (`target_id`) REFERENCES `players` (`id`) ON DELETE CASCADE,
  CONSTRAINT `chat_messages_ibfk_1` FOREIGN KEY (`source_id`) REFERENCES `players` (`id`) ON DELETE CASCADE
) ENGINE=InnoDB DEFAULT CHARSET=utf8;
/*!40101 SET character_set_client = @saved_cs_client */;

--
-- Dumping data for table `chat_messages`
--

LOCK TABLES `chat_messages` WRITE;
/*!40000 ALTER TABLE `chat_messages` DISABLE KEYS */;
/*!40000 ALTER TABLE `chat_messages` ENABLE KEYS */;
UNLOCK TABLES;

--
-- Table structure for table `combat_logs`
--

DROP TABLE IF EXISTS `combat_logs`;
/*!40101 SET @saved_cs_client     = @@character_set_client */;
/*!40101 SET character_set_client = utf8 */;
CREATE TABLE `combat_logs` (
  `sha1_id` char(40) NOT NULL,
  `info` mediumtext NOT NULL,
  `expires_at` datetime NOT NULL,
  PRIMARY KEY (`sha1_id`),
  KEY `index_combat_logs_on_expires_at` (`expires_at`)
) ENGINE=InnoDB DEFAULT CHARSET=utf8;
/*!40101 SET character_set_client = @saved_cs_client */;

--
-- Dumping data for table `combat_logs`
--

LOCK TABLES `combat_logs` WRITE;
/*!40000 ALTER TABLE `combat_logs` DISABLE KEYS */;
/*!40000 ALTER TABLE `combat_logs` ENABLE KEYS */;
UNLOCK TABLES;

--
-- Table structure for table `construction_queue_entries`
--

DROP TABLE IF EXISTS `construction_queue_entries`;
/*!40101 SET @saved_cs_client     = @@character_set_client */;
/*!40101 SET character_set_client = utf8 */;
CREATE TABLE `construction_queue_entries` (
  `id` int(11) NOT NULL AUTO_INCREMENT,
  `constructable_type` varchar(100) NOT NULL,
  `constructor_id` int(11) NOT NULL,
  `count` int(11) NOT NULL,
  `position` smallint(2) unsigned NOT NULL DEFAULT '0',
  `params` text,
  `player_id` int(11) DEFAULT NULL,
  PRIMARY KEY (`id`),
  KEY `index_upgrade_queue_entries_on_position` (`position`),
  KEY `foreign_key` (`constructor_id`),
  KEY `player_id` (`player_id`),
  CONSTRAINT `construction_queue_entries_ibfk_2` FOREIGN KEY (`player_id`) REFERENCES `players` (`id`) ON DELETE CASCADE,
  CONSTRAINT `construction_queue_entries_ibfk_1` FOREIGN KEY (`constructor_id`) REFERENCES `buildings` (`id`) ON DELETE CASCADE
) ENGINE=InnoDB DEFAULT CHARSET=utf8;
/*!40101 SET character_set_client = @saved_cs_client */;

--
-- Dumping data for table `construction_queue_entries`
--

LOCK TABLES `construction_queue_entries` WRITE;
/*!40000 ALTER TABLE `construction_queue_entries` DISABLE KEYS */;
/*!40000 ALTER TABLE `construction_queue_entries` ENABLE KEYS */;
UNLOCK TABLES;

--
-- Table structure for table `cooldowns`
--

DROP TABLE IF EXISTS `cooldowns`;
/*!40101 SET @saved_cs_client     = @@character_set_client */;
/*!40101 SET character_set_client = utf8 */;
CREATE TABLE `cooldowns` (
  `id` int(11) NOT NULL AUTO_INCREMENT,
  `location_id` int(10) unsigned NOT NULL,
  `location_type` tinyint(2) unsigned NOT NULL,
  `location_x` int(11) DEFAULT NULL,
  `location_y` int(11) DEFAULT NULL,
  `ends_at` datetime NOT NULL,
  PRIMARY KEY (`id`),
  UNIQUE KEY `location` (`location_id`,`location_type`,`location_x`,`location_y`)
) ENGINE=InnoDB DEFAULT CHARSET=utf8;
/*!40101 SET character_set_client = @saved_cs_client */;

--
-- Dumping data for table `cooldowns`
--

LOCK TABLES `cooldowns` WRITE;
/*!40000 ALTER TABLE `cooldowns` DISABLE KEYS */;
/*!40000 ALTER TABLE `cooldowns` ENABLE KEYS */;
UNLOCK TABLES;

--
-- Table structure for table `cred_stats`
--

DROP TABLE IF EXISTS `cred_stats`;
/*!40101 SET @saved_cs_client     = @@character_set_client */;
/*!40101 SET character_set_client = utf8 */;
CREATE TABLE `cred_stats` (
  `id` int(11) NOT NULL AUTO_INCREMENT,
  `action` tinyint(2) unsigned NOT NULL,
  `player_id` int(11) DEFAULT NULL,
  `creds_left` int(10) unsigned NOT NULL,
  `class_name` varchar(50) DEFAULT NULL,
  `level` tinyint(2) unsigned DEFAULT NULL,
  `cost` int(10) unsigned NOT NULL,
  `time` int(10) unsigned DEFAULT NULL,
  `actual_time` int(10) unsigned DEFAULT NULL,
  `created_at` datetime NOT NULL,
  `resource` varchar(6) DEFAULT NULL,
  `attribute` varchar(7) DEFAULT NULL,
  `vip_level` tinyint(2) unsigned NOT NULL DEFAULT '0',
  `vip_creds` int(10) unsigned NOT NULL DEFAULT '0',
  PRIMARY KEY (`id`),
  KEY `by_action` (`action`),
  KEY `by_player` (`player_id`),
  CONSTRAINT `cred_stats_ibfk_1` FOREIGN KEY (`player_id`) REFERENCES `players` (`id`) ON DELETE SET NULL
) ENGINE=InnoDB DEFAULT CHARSET=utf8;
/*!40101 SET character_set_client = @saved_cs_client */;

--
-- Dumping data for table `cred_stats`
--

LOCK TABLES `cred_stats` WRITE;
/*!40000 ALTER TABLE `cred_stats` DISABLE KEYS */;
/*!40000 ALTER TABLE `cred_stats` ENABLE KEYS */;
UNLOCK TABLES;

--
-- Table structure for table `folliages`
--

DROP TABLE IF EXISTS `folliages`;
/*!40101 SET @saved_cs_client     = @@character_set_client */;
/*!40101 SET character_set_client = utf8 */;
CREATE TABLE `folliages` (
  `planet_id` int(11) NOT NULL,
  `x` tinyint(2) unsigned NOT NULL DEFAULT '0',
  `y` tinyint(2) unsigned NOT NULL DEFAULT '0',
  `kind` tinyint(2) unsigned NOT NULL DEFAULT '0',
  UNIQUE KEY `coords` (`planet_id`,`x`,`y`),
  CONSTRAINT `folliages_ibfk_1` FOREIGN KEY (`planet_id`) REFERENCES `ss_objects` (`id`) ON DELETE CASCADE
) ENGINE=InnoDB DEFAULT CHARSET=utf8;
/*!40101 SET character_set_client = @saved_cs_client */;

--
-- Dumping data for table `folliages`
--

LOCK TABLES `folliages` WRITE;
/*!40000 ALTER TABLE `folliages` DISABLE KEYS */;
INSERT INTO `folliages` VALUES (1,0,1,0),(1,0,4,11),(1,0,5,13),(1,1,3,2),(1,2,2,6),(1,3,8,3),(1,4,10,2),(1,4,11,10),(1,5,7,7),(1,5,12,12),(1,6,3,3),(1,8,9,0),(1,8,10,7),(1,10,4,1),(1,11,4,10),(1,12,3,1),(1,14,0,1),(1,14,8,11),(1,16,0,11),(1,16,8,11),(1,16,9,4),(1,17,0,3),(1,17,2,3),(1,17,9,0),(1,17,12,2),(1,18,8,9),(1,18,12,9),(1,20,3,0),(1,20,8,1),(1,20,12,12),(1,21,8,6),(1,21,9,0),(1,22,2,5),(1,22,10,4),(1,22,11,5),(4,0,5,2),(4,0,7,13),(4,1,0,5),(4,1,5,9),(4,1,13,4),(4,1,14,3),(4,2,0,0),(4,2,7,11),(4,2,9,3),(4,2,13,7),(4,2,14,7),(4,3,7,2),(4,4,1,1),(4,4,11,12),(4,4,13,1),(4,4,14,1),(4,5,7,1),(4,5,8,13),(4,6,7,7),(4,6,14,6),(4,7,0,8),(4,7,5,0),(4,7,6,6),(4,8,5,9),(4,8,10,6),(4,8,14,7),(4,9,14,5),(4,10,0,13),(4,11,7,2),(4,11,10,10),(4,12,7,1),(4,14,11,10),(4,14,13,13),(5,0,3,2),(5,0,5,1),(5,0,6,7),(5,0,10,4),(5,0,13,8),(5,0,15,0),(5,1,5,11),(5,1,10,5),(5,2,6,3),(5,3,2,10),(5,3,10,13),(5,4,2,10),(5,5,7,13),(5,5,9,3),(5,6,2,12),(5,6,8,0),(5,6,9,8),(5,6,10,4),(5,7,10,4),(5,7,16,8),(5,8,4,10),(5,8,8,12),(5,8,16,13),(5,9,15,1),(5,9,16,1),(5,10,4,11),(5,10,16,9),(5,11,0,4),(5,11,1,8),(5,11,2,11),(5,11,4,12),(5,11,11,2),(5,11,14,13),(5,11,15,10),(5,12,2,8),(5,12,12,7),(5,12,13,5),(5,12,15,8),(5,13,2,10),(5,13,10,0),(5,13,12,2),(5,16,16,8),(5,17,7,5),(5,17,8,2),(5,17,10,10),(5,17,16,12),(5,18,7,0),(5,18,9,7),(5,19,7,13),(5,19,11,8),(5,19,14,1),(5,20,4,1),(5,20,9,8),(5,20,10,9),(5,20,11,6),(5,20,16,4),(9,0,3,4),(9,0,6,2),(9,0,8,12),(9,0,11,7),(9,1,1,6),(9,1,2,12),(9,1,3,5),(9,1,6,3),(9,1,9,1),(9,2,0,8),(9,2,8,2),(9,3,6,4),(9,3,13,12),(9,3,14,11),(9,4,8,0),(9,4,9,13),(9,4,10,12),(9,4,11,2),(9,5,6,11),(9,5,7,4),(9,6,10,3),(9,7,0,9),(9,7,2,4),(9,7,6,13),(9,8,8,13),(9,9,7,0),(9,11,0,3),(9,11,7,7),(9,13,0,4),(9,14,10,1),(9,14,12,2),(9,14,13,8),(9,14,14,12),(13,0,0,8),(13,0,1,12),(13,0,2,8),(13,0,8,3),(13,1,5,10),(13,1,7,2),(13,1,8,5),(13,2,7,12),(13,4,6,13),(13,4,7,2),(13,4,9,2),(13,4,10,2),(13,4,14,6),(13,5,8,11),(13,5,10,6),(13,5,14,3),(13,6,0,9),(13,6,6,9),(13,8,4,6),(13,9,0,1),(13,9,10,6),(13,10,7,3),(13,11,7,9),(13,11,10,7),(13,12,7,11),(13,13,7,8),(15,0,0,11),(15,0,12,0),(15,0,13,13),(15,2,4,5),(15,2,7,6),(15,2,12,5),(15,3,1,13),(15,4,0,1),(15,4,4,7),(15,4,20,2),(15,5,1,9),(15,5,3,11),(15,5,15,1),(15,6,4,3),(15,6,13,9),(15,7,4,9),(15,7,5,11),(15,7,6,8),(15,7,8,9),(15,7,9,0),(15,7,14,8),(15,8,4,2),(15,8,8,3),(15,8,10,7),(15,8,11,6),(15,8,14,11),(15,8,22,11),(15,9,2,4),(15,9,5,0),(15,9,13,3),(15,9,14,1),(15,9,17,10),(15,10,9,3),(15,10,10,6),(15,10,12,8),(15,11,4,0),(15,12,12,12),(15,12,15,8),(15,12,19,9),(15,12,22,3),(15,13,11,1),(15,13,19,4),(15,14,0,9),(15,14,2,1),(15,14,3,3),(15,14,17,7),(15,14,20,3),(15,15,3,6),(15,15,15,13),(15,15,20,0),(15,16,20,10),(15,17,15,7),(15,17,17,5),(15,17,22,13),(15,21,22,2),(15,22,22,1),(15,23,18,12),(15,24,16,6),(15,25,0,1),(15,25,4,10),(15,25,18,7),(15,25,22,4),(15,26,6,6),(31,0,5,5),(31,0,13,0),(31,0,21,7),(31,1,5,6),(31,1,7,3),(31,1,8,11),(31,1,9,5),(31,1,13,1),(31,1,14,7),(31,1,16,11),(31,1,21,1),(31,2,4,0),(31,2,6,13),(31,2,15,8),(31,2,22,3),(31,3,21,7),(31,3,22,2),(31,5,3,11),(31,5,7,6),(31,5,22,6),(31,7,23,12),(31,8,9,5),(31,8,28,2),(31,9,9,11),(31,9,13,3),(31,9,28,6),(31,10,8,5),(31,10,9,10),(31,10,13,0),(31,10,27,1),(31,11,27,7),(31,12,11,12),(31,12,20,10),(31,13,1,12),(31,13,2,2),(31,13,11,4),(31,13,21,2),(31,14,11,9),(31,14,14,4),(31,15,13,0),(31,15,19,4),(31,15,21,13),(31,15,22,6),(31,16,22,6),(31,16,24,5),(31,17,5,3),(31,17,26,10),(31,17,27,2),(31,17,28,7),(31,18,11,1),(31,18,23,4),(31,18,26,2),(31,18,28,5),(31,19,10,11),(31,19,12,4),(31,19,26,4),(31,19,28,5),(31,20,0,6),(31,20,11,0),(31,20,24,2),(31,20,26,0),(31,21,6,12),(31,22,5,2),(31,22,12,13),(31,22,14,3),(31,23,2,6),(31,23,16,1),(31,23,17,0),(31,24,0,9),(31,24,2,13),(31,24,3,12),(31,25,2,7),(31,25,4,0),(31,25,18,12),(31,25,28,9),(31,26,0,2),(31,26,11,10),(31,26,16,2),(31,26,26,11),(31,27,0,1),(31,27,8,7),(31,27,11,12),(31,28,3,13),(31,28,7,0),(31,29,10,4),(31,29,16,1),(31,29,18,5),(31,30,8,2),(31,30,15,2),(31,30,26,12),(31,31,7,10),(31,31,15,6),(31,31,20,7),(31,31,22,7),(31,32,4,10),(31,32,5,5),(31,32,9,2),(31,32,19,7),(31,32,21,13),(31,32,22,7),(31,32,23,12),(37,0,10,8),(37,0,14,3),(37,0,22,4),(37,0,23,1),(37,1,11,2),(37,1,13,6),(37,1,24,6),(37,1,25,5),(37,2,0,3),(37,2,11,1),(37,2,14,0),(37,2,22,3),(37,3,0,1),(37,3,10,11),(37,3,16,7),(37,3,17,11),(37,3,18,3),(37,3,19,11),(37,3,20,12),(37,3,22,1),(37,3,26,11),(37,3,28,0),(37,3,29,1),(37,4,3,6),(37,4,22,10),(37,4,23,6),(37,4,25,8),(37,4,26,0),(37,4,28,2),(37,5,10,5),(37,5,15,2),(37,5,16,0),(37,5,23,11),(37,5,26,6),(37,6,9,9),(37,6,11,8),(37,6,12,11),(37,6,14,6),(37,7,7,0),(37,7,11,4),(37,7,12,0),(37,7,21,8),(37,7,24,11),(37,7,27,12),(37,7,28,11),(37,7,29,2),(37,8,11,3),(37,8,15,2),(37,8,29,5),(37,9,0,8),(37,9,2,0),(37,9,4,2),(37,9,7,11),(37,9,8,10),(37,10,0,8),(37,11,7,11),(37,12,2,7),(37,12,3,7),(37,12,4,8),(37,12,5,1),(37,12,6,6),(37,12,13,9),(37,12,30,9),(37,13,10,10),(37,13,30,7),(37,14,0,7),(37,14,7,8),(37,14,10,1),(37,15,1,3),(37,15,8,11),(37,15,9,5),(37,16,0,6),(37,16,9,12),(37,16,11,12),(37,17,5,1),(37,17,11,0),(37,17,26,10),(37,18,6,11),(37,18,7,11),(37,18,11,5),(37,18,25,0),(37,18,26,8),(37,18,28,9),(37,18,29,11),(37,18,30,1),(37,19,6,2),(37,19,13,8),(37,20,0,11),(37,20,27,1),(37,20,28,6),(37,21,9,2),(37,21,10,3),(37,21,27,9),(37,22,4,0),(37,22,11,1),(37,22,13,9),(37,22,25,10),(37,22,27,9),(37,22,28,4),(37,23,8,4),(37,23,25,9),(37,23,28,12),(37,24,12,10),(37,24,28,10),(37,25,27,5),(37,25,28,0),(37,26,12,1),(37,26,20,6),(37,26,21,1),(37,26,22,8),(37,26,29,7),(37,27,30,9),(37,28,29,12),(37,29,10,13),(37,30,11,5),(37,31,29,5),(37,32,0,8),(37,32,11,1),(37,32,26,8),(37,32,27,5),(37,33,13,0),(37,33,29,11),(44,0,0,11),(44,0,28,8),(44,1,21,6),(44,1,23,8),(44,2,2,1),(44,2,24,5),(44,3,0,4),(44,3,1,12),(44,3,3,11),(44,3,22,3),(44,3,24,11),(44,4,10,4),(44,4,14,11),(44,4,21,4),(44,4,27,9),(44,6,0,3),(44,6,7,8),(44,6,12,7),(44,6,14,5),(44,6,16,8),(44,6,17,5),(44,6,20,2),(44,6,22,0),(44,7,23,8),(44,7,26,7),(44,8,7,7),(44,8,22,7),(44,9,7,1),(44,9,8,0),(44,9,10,3),(44,9,11,5),(44,9,17,3),(44,9,28,8),(44,9,29,3),(44,10,11,13),(44,10,16,4),(44,11,30,10),(44,12,12,3),(44,13,7,11),(44,13,22,12),(44,14,8,6),(44,14,10,11),(44,14,22,11),(44,15,12,5),(44,15,17,0),(44,15,25,7),(44,16,0,0),(44,16,23,2),(44,17,4,4),(44,17,5,10),(44,17,8,2),(44,18,24,10),(44,18,28,7),(44,19,11,11),(44,19,19,7),(44,20,0,8),(44,20,9,10),(44,20,25,3),(44,20,26,8),(44,21,8,2),(44,21,11,9),(44,21,13,12),(44,22,0,5),(44,22,10,7),(44,22,13,9),(44,22,23,0),(44,23,7,3),(44,23,14,10),(44,23,17,6),(44,23,22,2),(44,23,26,12),(44,24,0,0),(44,24,7,7),(44,24,11,4),(44,24,13,10),(44,24,23,6),(44,25,6,13),(44,25,7,11),(44,25,12,7),(44,25,14,6),(44,25,26,7),(44,26,1,9),(44,26,4,9),(44,26,9,7),(44,26,24,0),(44,27,5,10),(44,28,5,0),(44,28,6,9),(44,28,20,2),(44,28,22,13),(44,28,30,7),(44,29,15,10),(44,30,0,0),(44,30,5,7),(44,31,1,3),(44,31,17,11),(44,31,30,4),(44,32,3,2),(44,32,4,2),(44,32,7,6),(44,32,11,1),(44,32,12,2),(44,32,17,6),(44,32,18,1),(49,0,0,9),(49,0,10,11),(49,0,14,12),(49,0,17,5),(49,0,21,7),(49,0,22,0),(49,0,23,8),(49,0,26,8),(49,0,31,2),(49,1,4,10),(49,1,20,0),(49,1,23,11),(49,1,25,1),(49,2,0,9),(49,2,9,9),(49,2,16,10),(49,2,20,9),(49,2,22,13),(49,2,29,3),(49,2,30,3),(49,3,15,8),(49,3,17,10),(49,3,19,5),(49,3,24,7),(49,3,27,13),(49,3,31,4),(49,4,24,6),(49,4,26,7),(49,4,28,12),(49,5,4,0),(49,5,22,4),(49,5,23,10),(49,5,25,5),(49,5,27,2),(49,5,31,5),(49,6,3,2),(49,6,20,4),(49,6,23,5),(49,6,24,0),(49,6,27,8),(49,7,19,5),(49,7,20,10),(49,7,21,5),(49,7,22,4),(49,7,24,11),(49,7,28,9),(49,7,30,4),(49,7,31,11),(49,8,19,12),(49,8,28,5),(49,8,31,5),(49,9,0,5),(49,9,4,8),(49,9,5,5),(49,9,28,11),(49,10,0,3),(49,10,16,3),(49,10,24,10),(49,10,26,4),(49,10,27,6),(49,10,29,7),(49,10,31,11),(49,11,15,11),(49,11,16,9),(49,11,18,6),(49,11,19,7),(49,11,27,7),(49,12,13,11),(49,12,14,6),(49,12,19,13),(49,12,23,5),(49,13,13,2),(49,13,16,7),(49,13,17,11),(49,13,24,3),(49,13,26,9),(49,14,12,1),(49,14,19,8),(49,14,23,7),(49,14,26,3),(49,15,25,8),(49,15,27,5),(49,16,0,2),(49,16,22,9),(49,17,12,9),(49,17,26,6),(49,17,27,13),(49,18,3,7),(49,18,5,8),(49,18,12,9),(49,18,26,12),(49,18,27,9),(49,18,28,2),(49,19,4,8),(49,19,9,2),(49,19,12,10),(49,19,19,6),(49,19,23,4),(49,19,24,9),(49,19,31,10),(49,20,4,5),(49,20,11,6),(49,20,14,6),(49,20,16,1),(49,20,22,0),(49,20,29,11),(49,21,5,7),(49,21,14,12),(49,21,18,6),(49,21,19,11),(49,21,20,11),(49,21,23,4),(49,22,5,2),(49,22,13,5),(49,22,15,5),(49,22,17,7),(49,22,25,2),(49,22,29,1),(49,22,30,5),(49,23,6,11),(49,23,10,1),(49,23,11,7),(49,23,16,2),(49,24,25,7),(49,24,26,7),(49,25,18,4),(49,25,22,2),(49,25,25,13),(49,25,26,8),(49,25,31,9),(49,26,19,5),(49,26,23,1),(49,27,5,7),(49,28,21,7),(49,30,18,10),(49,30,30,3),(49,31,11,8),(49,31,12,7),(49,31,14,8),(61,0,11,11),(61,0,17,9),(61,0,18,8),(61,1,13,3),(61,1,15,0),(61,2,12,5),(61,2,14,3),(61,4,12,2),(61,4,16,3),(61,5,24,3),(61,6,0,0),(61,6,13,0),(61,6,24,5),(61,7,10,4),(61,7,12,5),(61,7,23,6),(61,8,6,13),(61,8,12,9),(61,8,22,1),(61,9,4,1),(61,9,5,8),(61,9,23,0),(61,9,27,2),(61,9,28,4),(61,10,4,3),(61,10,11,3),(61,10,22,8),(61,10,26,10),(61,10,27,4),(61,10,29,11),(61,11,1,5),(61,11,5,10),(61,11,12,11),(61,11,25,1),(61,12,13,5),(61,12,26,4),(61,12,29,12),(61,13,23,10),(61,14,23,6),(61,14,29,8),(61,15,4,0),(61,15,6,4),(61,16,0,6),(61,16,6,13),(61,16,7,1),(61,16,17,11),(61,16,27,6),(61,16,28,6),(61,17,0,4),(61,17,5,1),(61,17,9,13),(61,17,28,1),(61,18,0,11),(61,18,4,10),(61,18,5,2),(61,18,7,11),(61,18,17,4),(61,18,18,7),(61,18,19,7),(61,18,21,5),(61,18,23,1),(61,18,26,9),(61,18,27,3),(61,19,2,12),(61,19,3,1),(61,19,5,7),(61,19,18,8),(61,20,18,2),(61,20,27,9),(61,20,28,2),(61,21,16,5),(61,21,27,4),(61,22,15,12),(61,23,17,2),(61,23,20,10),(61,24,17,3),(61,24,20,5),(61,24,21,6),(61,24,25,0),(61,24,28,10),(61,24,29,11),(61,25,14,12),(61,25,17,1),(61,25,22,1),(61,25,26,5),(61,25,27,6),(64,0,0,4),(64,0,5,10),(64,0,22,3),(64,1,1,5),(64,1,19,11),(64,3,0,13),(64,3,15,0),(64,5,1,2),(64,5,5,13),(64,6,2,3),(64,6,3,13),(64,6,10,10),(64,6,13,2),(64,6,14,11),(64,6,16,2),(64,6,19,10),(64,6,21,4),(64,7,0,11),(64,7,16,2),(64,8,0,8),(64,8,17,7),(64,8,21,12),(64,8,22,5),(64,9,20,6),(64,11,11,12),(64,12,6,2),(64,12,7,13),(64,12,15,5),(64,12,16,1),(64,13,3,1),(64,13,16,0),(64,13,18,5),(64,14,16,5),(64,15,0,5),(64,16,0,8),(64,16,16,1),(64,17,1,1),(64,17,2,5),(64,17,3,0),(64,18,3,0),(64,18,4,3),(64,18,18,10),(64,18,22,5),(64,19,1,2),(64,19,11,1),(64,19,12,13),(64,19,14,6),(64,19,21,8),(64,20,3,3),(64,20,5,9),(64,20,7,6),(64,20,9,3),(64,20,19,2),(64,21,1,10),(64,22,20,5),(64,23,1,1),(64,23,22,4),(64,24,3,6),(64,24,17,3),(64,24,22,1),(64,25,2,4),(64,25,9,6),(64,26,13,11),(64,26,22,6),(64,28,0,0),(64,28,1,2),(70,0,24,9),(70,1,15,0),(70,1,24,3),(70,2,11,8),(70,2,19,3),(70,2,24,5),(70,2,25,7),(70,3,25,8),(70,4,0,13),(70,4,3,2),(70,5,3,6),(70,5,4,9),(70,5,10,7),(70,5,12,0),(70,5,20,7),(70,5,25,1),(70,5,29,3),(70,6,0,3),(70,6,2,7),(70,6,6,0),(70,7,2,11),(70,7,11,4),(70,7,14,10),(70,8,5,0),(70,8,8,1),(70,8,19,0),(70,8,22,10),(70,9,22,13),(70,10,29,11),(70,11,19,3),(70,11,29,3),(70,12,3,6),(70,12,22,5),(70,13,25,0),(70,14,19,0),(70,14,22,4),(70,15,5,10),(70,15,7,11),(70,15,20,11),(70,15,23,11),(70,15,24,10),(70,15,25,7),(70,16,6,12),(70,16,7,2),(70,17,5,2),(70,17,24,3),(70,17,26,10),(70,17,27,9),(70,18,21,2),(70,18,26,10),(70,19,7,3),(70,19,18,10),(70,19,21,2),(70,19,26,4),(70,19,27,2),(70,20,21,1),(70,20,23,7),(70,21,6,4),(70,21,8,10),(70,21,17,9),(70,21,19,3),(70,22,3,6),(70,22,6,9),(70,22,11,8),(70,22,14,11),(70,22,15,12),(70,22,20,1),(70,22,23,11),(70,23,10,11),(70,23,14,6),(70,23,15,3),(70,23,17,3),(70,23,21,6),(70,23,22,2),(70,24,3,8),(70,24,15,9),(70,24,16,6),(70,24,17,8),(70,24,22,5),(70,25,1,5),(70,25,12,6),(70,25,24,7),(70,26,3,13),(70,26,14,0),(70,26,18,1),(70,27,11,0),(70,27,14,2),(70,27,15,3),(70,27,28,4),(70,28,0,4),(70,28,20,3),(73,0,4,0),(73,0,7,10),(73,0,18,3),(73,0,25,8),(73,1,0,7),(73,1,2,0),(73,1,22,0),(73,1,27,12),(73,2,0,7),(73,2,2,4),(73,2,6,9),(73,2,7,4),(73,2,25,7),(73,2,27,13),(73,2,28,0),(73,2,30,6),(73,3,0,9),(73,3,10,5),(73,3,16,7),(73,3,20,6),(73,3,26,11),(73,4,4,10),(73,4,11,3),(73,4,17,2),(73,4,26,13),(73,5,0,13),(73,5,9,13),(73,5,11,4),(73,5,12,5),(73,5,21,9),(73,6,0,2),(73,6,2,12),(73,6,8,3),(73,6,10,12),(73,7,1,11),(73,7,25,11),(73,7,29,3),(73,8,5,5),(73,8,9,6),(73,8,11,8),(73,8,16,0),(73,8,23,0),(73,8,24,5),(73,8,27,5),(73,9,9,2),(73,9,10,2),(73,11,11,1),(73,13,17,5),(73,14,13,0),(73,14,22,5),(73,15,17,2),(73,15,18,13),(73,15,23,11),(73,15,24,13),(73,16,0,1),(73,16,20,10),(73,16,22,12),(73,18,0,1),(73,18,4,7),(73,18,28,3),(73,19,12,9),(73,19,17,0),(73,19,18,9),(73,19,20,0),(73,19,25,1),(73,19,26,13),(73,20,2,10),(73,20,5,8),(73,20,6,5),(73,20,8,10),(73,20,12,3),(73,20,15,4),(73,20,19,12),(73,20,27,9),(73,20,28,1),(73,20,29,10),(73,20,30,1),(73,21,7,3),(73,21,8,9),(73,21,13,11),(73,21,15,2),(73,21,16,11),(73,21,17,2),(73,21,25,1),(73,21,26,11),(73,22,4,12),(73,22,10,4),(73,22,30,9),(73,23,4,1),(73,23,6,6),(73,23,10,11),(73,23,12,7),(73,23,15,13),(73,23,24,3),(73,23,29,6),(73,24,4,11),(73,24,14,1),(73,25,18,2),(73,25,20,12),(73,26,7,8),(73,26,14,6),(73,26,15,9),(73,26,20,3),(73,27,9,7),(73,27,11,1),(73,27,12,0),(73,27,18,12),(73,27,19,2),(73,27,21,10),(73,27,30,2),(73,28,8,2),(73,28,12,9),(73,28,20,5),(73,28,23,1),(73,28,28,5),(79,0,0,2),(79,0,2,10),(79,0,3,12),(79,0,7,0),(79,1,3,12),(79,1,14,0),(79,2,6,8),(79,3,0,13),(79,3,1,2),(79,3,7,10),(79,4,13,1),(79,5,1,9),(79,5,10,8),(79,6,7,10),(79,7,2,1),(79,7,6,2),(79,8,5,0),(79,8,8,9),(79,9,7,4),(79,9,13,13),(79,10,7,5),(79,11,10,7),(79,12,0,6),(79,14,13,0);
/*!40000 ALTER TABLE `folliages` ENABLE KEYS */;
UNLOCK TABLES;

--
-- Table structure for table `fow_galaxy_entries`
--

DROP TABLE IF EXISTS `fow_galaxy_entries`;
/*!40101 SET @saved_cs_client     = @@character_set_client */;
/*!40101 SET character_set_client = utf8 */;
CREATE TABLE `fow_galaxy_entries` (
  `id` int(11) NOT NULL AUTO_INCREMENT,
  `galaxy_id` int(11) NOT NULL,
  `player_id` int(11) DEFAULT NULL,
  `alliance_id` int(11) DEFAULT NULL,
  `x` int(11) NOT NULL,
  `y` int(11) NOT NULL,
  `x_end` int(11) NOT NULL,
  `y_end` int(11) NOT NULL,
  `counter` tinyint(2) unsigned NOT NULL DEFAULT '1',
  PRIMARY KEY (`id`),
  UNIQUE KEY `player_visiblity` (`player_id`,`x`,`y`,`x_end`,`y_end`),
  UNIQUE KEY `alliance_visiblity` (`alliance_id`,`x`,`y`,`x_end`,`y_end`),
  KEY `lookup_players_by_coords` (`galaxy_id`,`x`,`x_end`,`y`,`y_end`),
  KEY `for_cleanup` (`counter`),
  CONSTRAINT `fow_galaxy_entries_ibfk_1` FOREIGN KEY (`galaxy_id`) REFERENCES `galaxies` (`id`) ON DELETE CASCADE
) ENGINE=InnoDB DEFAULT CHARSET=utf8;
/*!40101 SET character_set_client = @saved_cs_client */;

--
-- Dumping data for table `fow_galaxy_entries`
--

LOCK TABLES `fow_galaxy_entries` WRITE;
/*!40000 ALTER TABLE `fow_galaxy_entries` DISABLE KEYS */;
/*!40000 ALTER TABLE `fow_galaxy_entries` ENABLE KEYS */;
UNLOCK TABLES;

--
-- Table structure for table `fow_ss_entries`
--

DROP TABLE IF EXISTS `fow_ss_entries`;
/*!40101 SET @saved_cs_client     = @@character_set_client */;
/*!40101 SET character_set_client = utf8 */;
CREATE TABLE `fow_ss_entries` (
  `id` int(11) NOT NULL AUTO_INCREMENT,
  `solar_system_id` int(11) NOT NULL,
  `player_id` int(11) DEFAULT NULL,
  `counter` int(11) NOT NULL DEFAULT '0',
  `player_planets` tinyint(1) DEFAULT NULL,
  `player_ships` tinyint(1) DEFAULT NULL,
  `enemy_planets` tinyint(1) NOT NULL DEFAULT '0',
  `enemy_ships` tinyint(1) NOT NULL DEFAULT '0',
  `alliance_id` int(11) DEFAULT NULL,
  `alliance_planet_player_ids` text,
  `alliance_ship_player_ids` text,
  `nap_planets` tinyint(1) DEFAULT NULL,
  `nap_ships` tinyint(1) DEFAULT NULL,
  PRIMARY KEY (`id`),
  UNIQUE KEY `create_for_player` (`solar_system_id`,`player_id`),
  UNIQUE KEY `create_for_alliance` (`solar_system_id`,`alliance_id`),
  KEY `select_by_player` (`player_id`),
  KEY `select_by_alliance` (`alliance_id`),
  KEY `for_cleanup` (`counter`),
  CONSTRAINT `fow_ss_entries_ibfk_1` FOREIGN KEY (`solar_system_id`) REFERENCES `solar_systems` (`id`) ON DELETE CASCADE,
  CONSTRAINT `fow_ss_entries_ibfk_2` FOREIGN KEY (`player_id`) REFERENCES `players` (`id`) ON DELETE CASCADE,
  CONSTRAINT `fow_ss_entries_ibfk_3` FOREIGN KEY (`alliance_id`) REFERENCES `alliances` (`id`) ON DELETE CASCADE
) ENGINE=InnoDB AUTO_INCREMENT=2 DEFAULT CHARSET=utf8;
/*!40101 SET character_set_client = @saved_cs_client */;

--
-- Dumping data for table `fow_ss_entries`
--

LOCK TABLES `fow_ss_entries` WRITE;
/*!40000 ALTER TABLE `fow_ss_entries` DISABLE KEYS */;
INSERT INTO `fow_ss_entries` VALUES (1,10,1,1,1,0,0,0,NULL,NULL,NULL,NULL,NULL);
/*!40000 ALTER TABLE `fow_ss_entries` ENABLE KEYS */;
UNLOCK TABLES;

--
-- Table structure for table `galaxies`
--

DROP TABLE IF EXISTS `galaxies`;
/*!40101 SET @saved_cs_client     = @@character_set_client */;
/*!40101 SET character_set_client = utf8 */;
CREATE TABLE `galaxies` (
  `id` int(11) NOT NULL AUTO_INCREMENT,
  `created_at` datetime NOT NULL,
  `ruleset` varchar(30) NOT NULL DEFAULT '0',
  `callback_url` varchar(255) NOT NULL,
  PRIMARY KEY (`id`)
) ENGINE=InnoDB AUTO_INCREMENT=2 DEFAULT CHARSET=utf8;
/*!40101 SET character_set_client = @saved_cs_client */;

--
-- Dumping data for table `galaxies`
--

LOCK TABLES `galaxies` WRITE;
/*!40000 ALTER TABLE `galaxies` DISABLE KEYS */;
INSERT INTO `galaxies` VALUES (1,'2011-05-30 12:27:44','dev','localhost');
/*!40000 ALTER TABLE `galaxies` ENABLE KEYS */;
UNLOCK TABLES;

--
-- Table structure for table `naps`
--

DROP TABLE IF EXISTS `naps`;
/*!40101 SET @saved_cs_client     = @@character_set_client */;
/*!40101 SET character_set_client = utf8 */;
CREATE TABLE `naps` (
  `id` int(11) NOT NULL AUTO_INCREMENT,
  `initiator_id` int(11) NOT NULL,
  `acceptor_id` int(11) NOT NULL,
  `status` tinyint(2) unsigned NOT NULL DEFAULT '0',
  `created_at` datetime NOT NULL,
  `expires_at` datetime DEFAULT NULL,
  PRIMARY KEY (`id`),
  UNIQUE KEY `enforce_one_nap_per_pair` (`initiator_id`,`acceptor_id`),
  KEY `lookup_naps_for_alliance_1st` (`initiator_id`,`status`),
  KEY `lookup_naps_for_alliance_2nd` (`acceptor_id`,`status`),
  CONSTRAINT `naps_ibfk_2` FOREIGN KEY (`acceptor_id`) REFERENCES `alliances` (`id`) ON DELETE CASCADE,
  CONSTRAINT `naps_ibfk_1` FOREIGN KEY (`initiator_id`) REFERENCES `alliances` (`id`) ON DELETE CASCADE
) ENGINE=InnoDB DEFAULT CHARSET=utf8;
/*!40101 SET character_set_client = @saved_cs_client */;

--
-- Dumping data for table `naps`
--

LOCK TABLES `naps` WRITE;
/*!40000 ALTER TABLE `naps` DISABLE KEYS */;
/*!40000 ALTER TABLE `naps` ENABLE KEYS */;
UNLOCK TABLES;

--
-- Table structure for table `notifications`
--

DROP TABLE IF EXISTS `notifications`;
/*!40101 SET @saved_cs_client     = @@character_set_client */;
/*!40101 SET character_set_client = utf8 */;
CREATE TABLE `notifications` (
  `id` int(11) NOT NULL AUTO_INCREMENT,
  `player_id` int(11) NOT NULL,
  `created_at` datetime NOT NULL,
  `expires_at` datetime NOT NULL,
  `event` tinyint(2) unsigned NOT NULL,
  `params` text,
  `starred` tinyint(1) NOT NULL DEFAULT '0',
  `read` tinyint(1) NOT NULL DEFAULT '0',
  PRIMARY KEY (`id`),
  KEY `player` (`player_id`),
  KEY `order` (`read`,`created_at`),
  KEY `index_notifications_on_expires_at` (`expires_at`),
  KEY `foreign_key` (`player_id`),
  CONSTRAINT `notifications_ibfk_1` FOREIGN KEY (`player_id`) REFERENCES `players` (`id`) ON DELETE CASCADE
) ENGINE=InnoDB DEFAULT CHARSET=utf8;
/*!40101 SET character_set_client = @saved_cs_client */;

--
-- Dumping data for table `notifications`
--

LOCK TABLES `notifications` WRITE;
/*!40000 ALTER TABLE `notifications` DISABLE KEYS */;
/*!40000 ALTER TABLE `notifications` ENABLE KEYS */;
UNLOCK TABLES;

--
-- Table structure for table `objective_progresses`
--

DROP TABLE IF EXISTS `objective_progresses`;
/*!40101 SET @saved_cs_client     = @@character_set_client */;
/*!40101 SET character_set_client = utf8 */;
CREATE TABLE `objective_progresses` (
  `id` int(11) NOT NULL AUTO_INCREMENT,
  `objective_id` int(11) DEFAULT NULL,
  `player_id` int(11) DEFAULT NULL,
  `completed` int(10) unsigned NOT NULL DEFAULT '0',
  PRIMARY KEY (`id`),
  KEY `objective_fk` (`objective_id`),
  KEY `player_fk` (`player_id`),
  CONSTRAINT `objective_progresses_ibfk_1` FOREIGN KEY (`objective_id`) REFERENCES `objectives` (`id`) ON DELETE CASCADE,
  CONSTRAINT `objective_progresses_ibfk_2` FOREIGN KEY (`player_id`) REFERENCES `players` (`id`) ON DELETE CASCADE
) ENGINE=InnoDB AUTO_INCREMENT=150 DEFAULT CHARSET=utf8;
/*!40101 SET character_set_client = @saved_cs_client */;

--
-- Dumping data for table `objective_progresses`
--

LOCK TABLES `objective_progresses` WRITE;
/*!40000 ALTER TABLE `objective_progresses` DISABLE KEYS */;
INSERT INTO `objective_progresses` VALUES (1,1,1,0),(2,123,1,0),(3,124,1,0),(4,125,1,0),(5,126,1,0),(6,127,1,0),(7,128,1,0),(8,129,1,0),(9,130,1,0),(10,131,1,0),(11,132,1,0),(12,133,1,0),(13,134,1,0),(14,135,1,0),(15,136,1,0),(16,137,1,0),(17,138,1,0),(18,139,1,0),(19,140,1,0),(20,141,1,0),(21,142,1,0),(22,143,1,0),(23,144,1,0),(24,145,1,0),(25,146,1,0),(26,147,1,0),(27,148,1,0),(28,149,1,0),(29,150,1,0),(30,151,1,0),(31,152,1,0),(32,153,1,0),(33,154,1,0),(34,155,1,0),(35,156,1,0),(36,157,1,0),(37,158,1,0),(38,159,1,0),(39,160,1,0),(40,161,1,0),(41,162,1,0),(42,163,1,0),(43,164,1,0),(44,165,1,0),(45,166,1,0),(46,167,1,0),(47,168,1,0),(48,169,1,0),(49,170,1,0),(50,171,1,0),(51,172,1,0),(52,173,1,0),(53,174,1,0),(54,175,1,0),(55,176,1,0),(56,177,1,0),(57,178,1,0),(58,179,1,0),(59,180,1,0),(60,181,1,0),(61,182,1,0),(62,183,1,0),(63,184,1,0),(64,185,1,0),(65,186,1,0),(66,187,1,0),(67,188,1,0),(68,189,1,0),(69,190,1,0),(70,191,1,0),(71,192,1,0),(72,193,1,0),(73,194,1,0),(74,195,1,0),(75,196,1,0),(76,197,1,0),(77,198,1,0),(78,199,1,0),(79,200,1,0),(80,201,1,0),(81,202,1,0),(82,203,1,0),(83,204,1,0),(84,205,1,0),(85,206,1,0),(86,207,1,0),(87,208,1,0),(88,209,1,0),(89,210,1,0),(90,211,1,0),(91,212,1,0),(92,213,1,0),(93,214,1,0),(94,215,1,0),(95,216,1,0),(96,217,1,0),(97,218,1,0),(98,219,1,0),(99,220,1,0),(100,221,1,0),(101,222,1,0),(102,223,1,0),(103,224,1,0),(104,225,1,0),(105,226,1,0),(106,227,1,0),(107,228,1,0),(108,229,1,0),(109,230,1,0),(110,231,1,0),(111,232,1,0),(112,233,1,0),(113,234,1,0),(114,235,1,0),(115,236,1,0),(116,237,1,0),(117,238,1,0),(118,239,1,0),(119,240,1,0),(120,241,1,0),(121,242,1,0),(122,243,1,0),(123,244,1,0),(124,245,1,0),(125,246,1,0),(126,247,1,0),(127,248,1,0),(128,249,1,0),(129,250,1,0),(130,251,1,0),(131,252,1,0),(132,253,1,0),(133,254,1,0),(134,255,1,0),(135,256,1,0),(136,257,1,0),(137,258,1,0),(138,259,1,0),(139,260,1,0),(140,261,1,0),(141,262,1,0),(142,263,1,0),(143,264,1,0),(144,265,1,0),(145,266,1,0),(146,267,1,0),(147,268,1,0),(148,269,1,0),(149,270,1,0);
/*!40000 ALTER TABLE `objective_progresses` ENABLE KEYS */;
UNLOCK TABLES;

--
-- Table structure for table `objectives`
--

DROP TABLE IF EXISTS `objectives`;
/*!40101 SET @saved_cs_client     = @@character_set_client */;
/*!40101 SET character_set_client = utf8 */;
CREATE TABLE `objectives` (
  `id` int(11) NOT NULL AUTO_INCREMENT,
  `quest_id` int(11) NOT NULL,
  `type` varchar(255) NOT NULL,
  `key` varchar(255) DEFAULT NULL,
  `count` int(10) unsigned NOT NULL DEFAULT '1',
  `level` tinyint(2) unsigned DEFAULT NULL,
  `alliance` tinyint(1) NOT NULL DEFAULT '0',
  `npc` tinyint(1) NOT NULL DEFAULT '0',
  `limit` int(10) unsigned DEFAULT NULL,
  `outcome` tinyint(2) DEFAULT NULL,
  PRIMARY KEY (`id`),
  KEY `quest_objectives` (`quest_id`),
  KEY `on_progress` (`type`,`key`),
  CONSTRAINT `objectives_ibfk_1` FOREIGN KEY (`quest_id`) REFERENCES `quests` (`id`) ON DELETE CASCADE
) ENGINE=InnoDB AUTO_INCREMENT=271 DEFAULT CHARSET=utf8;
/*!40101 SET character_set_client = @saved_cs_client */;

--
-- Dumping data for table `objectives`
--

LOCK TABLES `objectives` WRITE;
/*!40000 ALTER TABLE `objectives` DISABLE KEYS */;
INSERT INTO `objectives` VALUES (1,1,'HaveUpgradedTo','Building::CollectorT1',1,1,0,0,NULL,NULL),(2,2,'HaveUpgradedTo','Building::MetalExtractor',1,1,0,0,NULL,NULL),(3,3,'HaveUpgradedTo','Building::CollectorT1',2,1,0,0,NULL,NULL),(4,3,'HaveUpgradedTo','Building::MetalExtractor',2,1,0,0,NULL,NULL),(5,22,'ExploreBlock','ExploreBlock',1,NULL,0,0,9,NULL),(6,23,'ExploreBlock','ExploreBlock',10,NULL,0,0,9,NULL),(7,4,'HaveUpgradedTo','Building::CollectorT1',2,3,0,0,NULL,NULL),(8,4,'HaveUpgradedTo','Building::MetalExtractor',2,3,0,0,NULL,NULL),(9,5,'HaveUpgradedTo','Building::CollectorT1',2,4,0,0,NULL,NULL),(10,5,'HaveUpgradedTo','Building::MetalExtractor',2,4,0,0,NULL,NULL),(11,6,'HaveUpgradedTo','Building::Barracks',1,1,0,0,NULL,NULL),(12,7,'HaveUpgradedTo','Unit::Trooper',8,1,0,0,NULL,NULL),(13,80,'HaveWarPoints','Player',1,NULL,0,0,500,NULL),(14,81,'HaveWarPoints','Player',1,NULL,0,0,750,NULL),(15,82,'HaveWarPoints','Player',1,NULL,0,0,1125,NULL),(16,83,'HaveWarPoints','Player',1,NULL,0,0,1688,NULL),(17,84,'HaveWarPoints','Player',1,NULL,0,0,2532,NULL),(18,85,'HaveWarPoints','Player',1,NULL,0,0,3797,NULL),(19,86,'HaveWarPoints','Player',1,NULL,0,0,5696,NULL),(20,87,'HaveWarPoints','Player',1,NULL,0,0,8543,NULL),(21,88,'HaveWarPoints','Player',1,NULL,0,0,12815,NULL),(22,89,'HaveWarPoints','Player',1,NULL,0,0,19222,NULL),(23,90,'HaveWarPoints','Player',1,NULL,0,0,28833,NULL),(24,91,'HaveWarPoints','Player',1,NULL,0,0,43249,NULL),(25,92,'HaveWarPoints','Player',1,NULL,0,0,64874,NULL),(26,93,'HaveWarPoints','Player',1,NULL,0,0,97310,NULL),(27,94,'HaveWarPoints','Player',1,NULL,0,0,145965,NULL),(28,106,'HaveWarPoints','Player',1,NULL,0,0,200000,NULL),(29,107,'HaveWarPoints','Player',1,NULL,0,0,230000,NULL),(30,108,'HaveWarPoints','Player',1,NULL,0,0,264500,NULL),(31,109,'HaveWarPoints','Player',1,NULL,0,0,304175,NULL),(32,110,'HaveWarPoints','Player',1,NULL,0,0,349802,NULL),(33,111,'HaveWarPoints','Player',1,NULL,0,0,402272,NULL),(34,112,'HaveWarPoints','Player',1,NULL,0,0,462613,NULL),(35,113,'HaveWarPoints','Player',1,NULL,0,0,532004,NULL),(36,114,'HaveWarPoints','Player',1,NULL,0,0,611805,NULL),(37,115,'HaveWarPoints','Player',1,NULL,0,0,703576,NULL),(38,8,'DestroyNpcBuilding','Building::NpcMetalExtractor',1,1,0,0,NULL,NULL),(39,32,'HaveUpgradedTo','Building::MetalExtractor',3,4,0,0,NULL,NULL),(40,9,'HaveUpgradedTo','Building::MetalExtractor',1,7,0,0,NULL,NULL),(41,10,'HaveUpgradedTo','Building::CollectorT1',1,7,0,0,NULL,NULL),(42,116,'BecomeVip','Vip',1,1,0,0,NULL,NULL),(43,117,'Accelerate','Building',1,NULL,0,0,NULL,NULL),(44,11,'HaveUpgradedTo','Building::ResearchCenter',1,1,0,0,NULL,NULL),(45,24,'ExploreBlock','ExploreBlock',5,NULL,0,0,12,NULL),(46,25,'ExploreBlock','ExploreBlock',5,NULL,0,0,16,NULL),(47,26,'ExploreBlock','ExploreBlock',10,NULL,0,0,36,NULL),(48,12,'HaveUpgradedTo','Unit::Seeker',3,1,0,0,NULL,NULL),(49,13,'HaveUpgradedTo','Unit::Trooper',4,2,0,0,NULL,NULL),(50,72,'HaveSciencePoints','Player',1,NULL,0,0,2500,NULL),(51,73,'HaveSciencePoints','Player',1,NULL,0,0,5000,NULL),(52,74,'HaveSciencePoints','Player',1,NULL,0,0,10000,NULL),(53,75,'HaveSciencePoints','Player',1,NULL,0,0,25000,NULL),(54,76,'HaveSciencePoints','Player',1,NULL,0,0,50000,NULL),(55,77,'HaveSciencePoints','Player',1,NULL,0,0,100000,NULL),(56,78,'HaveSciencePoints','Player',1,NULL,0,0,150000,NULL),(57,79,'HaveSciencePoints','Player',1,NULL,0,0,200000,NULL),(58,27,'DestroyNpcBuilding','Building::NpcZetiumExtractor',1,1,0,0,NULL,NULL),(59,66,'HaveArmyPoints','Player',1,NULL,0,0,500,NULL),(60,67,'HaveArmyPoints','Player',1,NULL,0,0,850,NULL),(61,68,'HaveArmyPoints','Player',1,NULL,0,0,1445,NULL),(62,69,'HaveArmyPoints','Player',1,NULL,0,0,2457,NULL),(63,70,'HaveArmyPoints','Player',1,NULL,0,0,5000,NULL),(64,71,'HaveArmyPoints','Player',1,NULL,0,0,8500,NULL),(65,95,'HaveArmyPoints','Player',1,NULL,0,0,15000,NULL),(66,96,'HaveArmyPoints','Player',1,NULL,0,0,21000,NULL),(67,97,'HaveArmyPoints','Player',1,NULL,0,0,29400,NULL),(68,98,'HaveArmyPoints','Player',1,NULL,0,0,41160,NULL),(69,99,'HaveArmyPoints','Player',1,NULL,0,0,57624,NULL),(70,100,'HaveArmyPoints','Player',1,NULL,0,0,80674,NULL),(71,101,'HaveArmyPoints','Player',1,NULL,0,0,112944,NULL),(72,102,'HaveArmyPoints','Player',1,NULL,0,0,158121,NULL),(73,14,'HaveUpgradedTo','Technology::ZetiumExtraction',1,1,0,0,NULL,NULL),(74,15,'HaveUpgradedTo','Building::ZetiumExtractor',1,1,0,0,NULL,NULL),(75,16,'HavePoints','Player',1,NULL,0,0,15000,NULL),(76,28,'HavePoints','Player',1,NULL,0,0,30000,NULL),(77,29,'HavePoints','Player',1,NULL,0,0,60000,NULL),(78,30,'HavePoints','Player',1,NULL,0,0,80000,NULL),(79,33,'HavePoints','Player',1,NULL,0,0,150000,NULL),(80,64,'HavePoints','Player',1,NULL,0,0,350000,NULL),(81,17,'HaveUpgradedTo','Building::MetalStorage',1,2,0,0,NULL,NULL),(82,17,'HaveUpgradedTo','Building::EnergyStorage',1,1,0,0,NULL,NULL),(83,17,'HaveUpgradedTo','Building::ZetiumStorage',1,1,0,0,NULL,NULL),(84,18,'HaveUpgradedTo','Technology::SpaceFactory',1,1,0,0,NULL,NULL),(85,19,'HaveUpgradedTo','Building::SpaceFactory',1,1,0,0,NULL,NULL),(86,31,'HaveUpgradedTo','Unit::Crow',4,1,0,0,NULL,NULL),(87,35,'Destroy','Unit::Dirac',14,1,0,0,NULL,NULL),(88,36,'Destroy','Unit::Thor',10,1,0,0,NULL,NULL),(89,37,'Destroy','Unit::Demosis',6,1,0,0,NULL,NULL),(90,20,'AnnexPlanet','SsObject::Planet',1,NULL,0,1,NULL,NULL),(91,21,'UpgradeTo','Building::Headquarters',1,1,0,0,NULL,NULL),(92,34,'HaveUpgradedTo','Building::Radar',1,1,0,0,NULL,NULL),(93,38,'HavePlanets','SsObject::Planet',3,NULL,0,0,NULL,NULL),(94,39,'HavePlanets','SsObject::Planet',4,NULL,0,0,NULL,NULL),(95,40,'HavePlanets','SsObject::Planet',5,NULL,0,0,NULL,NULL),(96,41,'HavePlanets','SsObject::Planet',6,NULL,0,0,NULL,NULL),(97,42,'HavePlanets','SsObject::Planet',7,NULL,0,0,NULL,NULL),(98,43,'Destroy','Unit::Mule',2,1,0,0,NULL,NULL),(99,44,'Destroy','Unit::Crow',6,1,0,0,NULL,NULL),(100,45,'Destroy','Unit::Cyrix',4,1,0,0,NULL,NULL),(101,46,'Destroy','Unit::Cyrix',10,1,0,0,NULL,NULL),(102,47,'Destroy','Unit::Avenger',6,1,0,0,NULL,NULL),(103,48,'Destroy','Unit::Avenger',15,1,0,0,NULL,NULL),(104,49,'Destroy','Unit::Dart',6,1,0,0,NULL,NULL),(105,50,'Destroy','Unit::Dart',15,1,0,0,NULL,NULL),(106,51,'Destroy','Unit::Rhyno',1,1,0,0,NULL,NULL),(107,52,'Destroy','Unit::Rhyno',4,1,0,0,NULL,NULL),(108,53,'Destroy','Unit::Trooper',10,1,0,0,NULL,NULL),(109,53,'Destroy','Unit::Shocker',5,1,0,0,NULL,NULL),(110,53,'Destroy','Unit::Seeker',8,1,0,0,NULL,NULL),(111,54,'Destroy','Unit::Scorpion',15,1,0,0,NULL,NULL),(112,54,'Destroy','Unit::Azure',5,1,0,0,NULL,NULL),(113,55,'Destroy','Building::Vulcan',2,1,0,0,NULL,NULL),(114,56,'Destroy','Building::Vulcan',6,1,0,0,NULL,NULL),(115,57,'Destroy','Building::Vulcan',10,1,0,0,NULL,NULL),(116,58,'Destroy','Building::Screamer',2,1,0,0,NULL,NULL),(117,59,'Destroy','Building::Screamer',6,1,0,0,NULL,NULL),(118,60,'Destroy','Building::Screamer',10,1,0,0,NULL,NULL),(119,61,'Destroy','Building::Thunder',2,1,0,0,NULL,NULL),(120,62,'Destroy','Building::Thunder',6,1,0,0,NULL,NULL),(121,63,'Destroy','Building::Thunder',10,1,0,0,NULL,NULL),(122,65,'AnnexPlanet','SsObject::Planet',1,NULL,0,0,NULL,NULL),(123,10000,'ExploreBlock','ExploreBlock',25,NULL,0,0,NULL,NULL),(124,10001,'ExploreBlock','ExploreBlock',50,NULL,0,0,NULL,NULL),(125,10002,'ExploreBlock','ExploreBlock',100,NULL,0,0,NULL,NULL),(126,10003,'ExploreBlock','ExploreBlock',250,NULL,0,0,NULL,NULL),(127,10004,'ExploreBlock','ExploreBlock',500,NULL,0,0,NULL,NULL),(128,10005,'ExploreBlock','ExploreBlock',1000,NULL,0,0,NULL,NULL),(129,10006,'ExploreBlock','ExploreBlock',2500,NULL,0,0,NULL,NULL),(130,10020,'Destroy','Unit',50,1,0,0,NULL,NULL),(131,10021,'Destroy','Unit',100,1,0,0,NULL,NULL),(132,10022,'Destroy','Unit',250,1,0,0,NULL,NULL),(133,10023,'Destroy','Unit',500,1,0,0,NULL,NULL),(134,10024,'Destroy','Unit',1000,1,0,0,NULL,NULL),(135,10025,'Destroy','Unit',2500,1,0,0,NULL,NULL),(136,10026,'Destroy','Unit',5000,1,0,0,NULL,NULL),(137,10027,'Destroy','Unit',10000,1,0,0,NULL,NULL),(138,10028,'Destroy','Unit',25000,1,0,0,NULL,NULL),(139,10040,'Destroy','Building',5,1,0,0,NULL,NULL),(140,10041,'Destroy','Building',10,1,0,0,NULL,NULL),(141,10042,'Destroy','Building',25,1,0,0,NULL,NULL),(142,10043,'Destroy','Building',50,1,0,0,NULL,NULL),(143,10044,'Destroy','Building',100,1,0,0,NULL,NULL),(144,10045,'Destroy','Building',250,1,0,0,NULL,NULL),(145,10046,'Destroy','Building',500,1,0,0,NULL,NULL),(146,10060,'SelfDestruct','Building',1,NULL,0,0,NULL,NULL),(147,10061,'SelfDestruct','Building',5,NULL,0,0,NULL,NULL),(148,10062,'SelfDestruct','Building',10,NULL,0,0,NULL,NULL),(149,10063,'SelfDestruct','Building',25,NULL,0,0,NULL,NULL),(150,10064,'SelfDestruct','Building',50,NULL,0,0,NULL,NULL),(151,10065,'SelfDestruct','Building',75,NULL,0,0,NULL,NULL),(152,10066,'SelfDestruct','Building',100,NULL,0,0,NULL,NULL),(153,10080,'AccelerateFlight','',1,NULL,0,0,NULL,NULL),(154,10081,'AccelerateFlight','',5,NULL,0,0,NULL,NULL),(155,10082,'AccelerateFlight','',10,NULL,0,0,NULL,NULL),(156,10083,'AccelerateFlight','',25,NULL,0,0,NULL,NULL),(157,10084,'AccelerateFlight','',50,NULL,0,0,NULL,NULL),(158,10085,'AccelerateFlight','',75,NULL,0,0,NULL,NULL),(159,10086,'AccelerateFlight','',100,NULL,0,0,NULL,NULL),(160,10100,'UpgradeTo','Unit',25,1,0,0,NULL,NULL),(161,10101,'UpgradeTo','Unit',50,1,0,0,NULL,NULL),(162,10102,'UpgradeTo','Unit',100,1,0,0,NULL,NULL),(163,10103,'UpgradeTo','Unit',250,1,0,0,NULL,NULL),(164,10104,'UpgradeTo','Unit',500,1,0,0,NULL,NULL),(165,10105,'UpgradeTo','Unit',1000,1,0,0,NULL,NULL),(166,10106,'UpgradeTo','Unit',2500,1,0,0,NULL,NULL),(167,10107,'UpgradeTo','Unit',5000,1,0,0,NULL,NULL),(168,10108,'UpgradeTo','Unit',10000,1,0,0,NULL,NULL),(169,10120,'UpgradeTo','Building',25,1,0,0,NULL,NULL),(170,10121,'UpgradeTo','Building',50,1,0,0,NULL,NULL),(171,10122,'UpgradeTo','Building',75,1,0,0,NULL,NULL),(172,10123,'UpgradeTo','Building',100,1,0,0,NULL,NULL),(173,10124,'UpgradeTo','Building',150,1,0,0,NULL,NULL),(174,10125,'UpgradeTo','Building',200,1,0,0,NULL,NULL),(175,10126,'UpgradeTo','Building',250,1,0,0,NULL,NULL),(176,10127,'UpgradeTo','Building',500,1,0,0,NULL,NULL),(177,10140,'HaveUpgradedTo','Technology',5,1,0,0,NULL,NULL),(178,10141,'HaveUpgradedTo','Technology',10,1,0,0,NULL,NULL),(179,10142,'HaveUpgradedTo','Technology',15,1,0,0,NULL,NULL),(180,10143,'HaveUpgradedTo','Technology',20,1,0,0,NULL,NULL),(181,10144,'HaveUpgradedTo','Technology',25,1,0,0,NULL,NULL),(182,10160,'Accelerate','Unit',5,NULL,0,0,NULL,NULL),(183,10161,'Accelerate','Unit',10,NULL,0,0,NULL,NULL),(184,10162,'Accelerate','Unit',15,NULL,0,0,NULL,NULL),(185,10163,'Accelerate','Unit',20,NULL,0,0,NULL,NULL),(186,10164,'Accelerate','Unit',25,NULL,0,0,NULL,NULL),(187,10165,'Accelerate','Unit',50,NULL,0,0,NULL,NULL),(188,10166,'Accelerate','Unit',100,NULL,0,0,NULL,NULL),(189,10167,'Accelerate','Unit',150,NULL,0,0,NULL,NULL),(190,10168,'Accelerate','Unit',200,NULL,0,0,NULL,NULL),(191,10180,'Accelerate','Building',5,NULL,0,0,NULL,NULL),(192,10181,'Accelerate','Building',10,NULL,0,0,NULL,NULL),(193,10182,'Accelerate','Building',15,NULL,0,0,NULL,NULL),(194,10183,'Accelerate','Building',20,NULL,0,0,NULL,NULL),(195,10184,'Accelerate','Building',25,NULL,0,0,NULL,NULL),(196,10185,'Accelerate','Building',50,NULL,0,0,NULL,NULL),(197,10186,'Accelerate','Building',100,NULL,0,0,NULL,NULL),(198,10187,'Accelerate','Building',150,NULL,0,0,NULL,NULL),(199,10188,'Accelerate','Building',200,NULL,0,0,NULL,NULL),(200,10200,'Accelerate','Technology',5,NULL,0,0,NULL,NULL),(201,10201,'Accelerate','Technology',10,NULL,0,0,NULL,NULL),(202,10202,'Accelerate','Technology',15,NULL,0,0,NULL,NULL),(203,10203,'Accelerate','Technology',20,NULL,0,0,NULL,NULL),(204,10204,'Accelerate','Technology',25,NULL,0,0,NULL,NULL),(205,10220,'BecomeVip','Vip',4,1,0,0,NULL,NULL),(206,10221,'BecomeVip','Vip',8,1,0,0,NULL,NULL),(207,10222,'BecomeVip','Vip',12,1,0,0,NULL,NULL),(208,10223,'BecomeVip','Vip',16,1,0,0,NULL,NULL),(209,10224,'BecomeVip','Vip',20,1,0,0,NULL,NULL),(210,10240,'BecomeVip','Vip',2,2,0,0,NULL,NULL),(211,10241,'BecomeVip','Vip',4,2,0,0,NULL,NULL),(212,10242,'BecomeVip','Vip',6,2,0,0,NULL,NULL),(213,10243,'BecomeVip','Vip',8,2,0,0,NULL,NULL),(214,10244,'BecomeVip','Vip',10,2,0,0,NULL,NULL),(215,10260,'BecomeVip','Vip',1,3,0,0,NULL,NULL),(216,10261,'BecomeVip','Vip',2,3,0,0,NULL,NULL),(217,10262,'BecomeVip','Vip',3,3,0,0,NULL,NULL),(218,10263,'BecomeVip','Vip',4,3,0,0,NULL,NULL),(219,10264,'BecomeVip','Vip',5,3,0,0,NULL,NULL),(220,10280,'UpgradeTo','Building::Radar',1,1,0,0,NULL,NULL),(221,10281,'UpgradeTo','Building::Radar',2,1,0,0,NULL,NULL),(222,10282,'UpgradeTo','Building::Radar',3,1,0,0,NULL,NULL),(223,10283,'UpgradeTo','Building::Radar',4,1,0,0,NULL,NULL),(224,10284,'UpgradeTo','Building::Radar',5,1,0,0,NULL,NULL),(225,10290,'UpgradeTo','Building::Radar',1,2,0,0,NULL,NULL),(226,10291,'UpgradeTo','Building::Radar',2,2,0,0,NULL,NULL),(227,10292,'UpgradeTo','Building::Radar',3,2,0,0,NULL,NULL),(228,10300,'CompleteQuests','',10,NULL,0,0,NULL,NULL),(229,10301,'CompleteQuests','',25,NULL,0,0,NULL,NULL),(230,10302,'CompleteQuests','',50,NULL,0,0,NULL,NULL),(231,10303,'CompleteQuests','',75,NULL,0,0,NULL,NULL),(232,10304,'CompleteQuests','',100,NULL,0,0,NULL,NULL),(233,10320,'CompleteAchievements','',10,NULL,0,0,NULL,NULL),(234,10321,'CompleteAchievements','',25,NULL,0,0,NULL,NULL),(235,10322,'CompleteAchievements','',50,NULL,0,0,NULL,NULL),(236,10323,'CompleteAchievements','',75,NULL,0,0,NULL,NULL),(237,10324,'CompleteAchievements','',100,NULL,0,0,NULL,NULL),(238,10340,'Battle','',10,NULL,0,0,NULL,0),(239,10341,'Battle','',25,NULL,0,0,NULL,0),(240,10342,'Battle','',50,NULL,0,0,NULL,0),(241,10343,'Battle','',75,NULL,0,0,NULL,0),(242,10344,'Battle','',100,NULL,0,0,NULL,0),(243,10345,'Battle','',150,NULL,0,0,NULL,0),(244,10346,'Battle','',200,NULL,0,0,NULL,0),(245,10347,'Battle','',250,NULL,0,0,NULL,0),(246,10360,'Battle','',10,NULL,0,0,NULL,1),(247,10361,'Battle','',25,NULL,0,0,NULL,1),(248,10362,'Battle','',50,NULL,0,0,NULL,1),(249,10363,'Battle','',75,NULL,0,0,NULL,1),(250,10364,'Battle','',100,NULL,0,0,NULL,1),(251,10365,'Battle','',150,NULL,0,0,NULL,1),(252,10366,'Battle','',200,NULL,0,0,NULL,1),(253,10367,'Battle','',250,NULL,0,0,NULL,1),(254,10380,'MoveBuilding','Building',1,NULL,0,0,NULL,NULL),(255,10381,'MoveBuilding','Building',5,NULL,0,0,NULL,NULL),(256,10382,'MoveBuilding','Building',10,NULL,0,0,NULL,NULL),(257,10383,'MoveBuilding','Building',25,NULL,0,0,NULL,NULL),(258,10384,'MoveBuilding','Building',50,NULL,0,0,NULL,NULL),(259,10385,'MoveBuilding','Building',75,NULL,0,0,NULL,NULL),(260,10386,'MoveBuilding','Building',100,NULL,0,0,NULL,NULL),(261,10400,'HealHp','',500,NULL,0,0,NULL,NULL),(262,10401,'HealHp','',1000,NULL,0,0,NULL,NULL),(263,10402,'HealHp','',2500,NULL,0,0,NULL,NULL),(264,10403,'HealHp','',5000,NULL,0,0,NULL,NULL),(265,10404,'HealHp','',10000,NULL,0,0,NULL,NULL),(266,10405,'HealHp','',25000,NULL,0,0,NULL,NULL),(267,10406,'HealHp','',50000,NULL,0,0,NULL,NULL),(268,10407,'HealHp','',100000,NULL,0,0,NULL,NULL),(269,10408,'HealHp','',250000,NULL,0,0,NULL,NULL),(270,10409,'HealHp','',500000,NULL,0,0,NULL,NULL);
/*!40000 ALTER TABLE `objectives` ENABLE KEYS */;
UNLOCK TABLES;

--
-- Table structure for table `players`
--

DROP TABLE IF EXISTS `players`;
/*!40101 SET @saved_cs_client     = @@character_set_client */;
/*!40101 SET character_set_client = utf8 */;
CREATE TABLE `players` (
  `id` int(11) NOT NULL AUTO_INCREMENT,
  `galaxy_id` int(11) DEFAULT NULL,
  `auth_token` char(64) NOT NULL,
  `name` varchar(64) NOT NULL,
  `scientists` int(10) unsigned NOT NULL DEFAULT '0',
  `scientists_total` int(10) unsigned NOT NULL DEFAULT '0',
  `alliance_id` int(11) DEFAULT NULL,
  `xp` int(10) unsigned NOT NULL DEFAULT '0',
  `war_points` int(10) unsigned NOT NULL DEFAULT '0',
  `first_time` tinyint(1) NOT NULL DEFAULT '1',
  `army_points` int(10) unsigned NOT NULL DEFAULT '0',
  `science_points` int(10) unsigned NOT NULL DEFAULT '0',
  `economy_points` int(10) unsigned NOT NULL DEFAULT '0',
  `planets_count` tinyint(2) unsigned NOT NULL,
  `last_login` datetime DEFAULT NULL,
  `victory_points` mediumint(8) unsigned NOT NULL DEFAULT '0',
  `creds` int(10) unsigned NOT NULL DEFAULT '0',
  `language` char(2) NOT NULL DEFAULT 'en',
  `population` mediumint(8) unsigned NOT NULL DEFAULT '0',
  `population_max` mediumint(8) unsigned NOT NULL,
  `alliance_cooldown_ends_at` datetime DEFAULT NULL,
  `vip_level` tinyint(2) unsigned NOT NULL DEFAULT '0',
  `vip_creds` int(10) unsigned NOT NULL DEFAULT '0',
  `vip_until` datetime DEFAULT NULL,
  `vip_creds_until` datetime DEFAULT NULL,
  `daily_bonus_at` datetime DEFAULT NULL,
  PRIMARY KEY (`id`),
  UNIQUE KEY `authentication` (`galaxy_id`,`auth_token`),
  KEY `index_players_on_alliance_id` (`alliance_id`),
  KEY `last_login` (`last_login`),
  CONSTRAINT `players_ibfk_1` FOREIGN KEY (`galaxy_id`) REFERENCES `galaxies` (`id`) ON DELETE CASCADE,
  CONSTRAINT `players_ibfk_2` FOREIGN KEY (`alliance_id`) REFERENCES `alliances` (`id`) ON DELETE SET NULL
) ENGINE=InnoDB AUTO_INCREMENT=2 DEFAULT CHARSET=utf8;
/*!40101 SET character_set_client = @saved_cs_client */;

--
-- Dumping data for table `players`
--

LOCK TABLES `players` WRITE;
/*!40000 ALTER TABLE `players` DISABLE KEYS */;
INSERT INTO `players` VALUES (1,1,'0000000000000000000000000000000000000000000000000000000000000000','Test Player',18,18,NULL,0,0,1,0,0,0,1,NULL,0,0,'en',0,110,NULL,0,0,NULL,NULL,NULL);
/*!40000 ALTER TABLE `players` ENABLE KEYS */;
UNLOCK TABLES;

--
-- Table structure for table `quest_progresses`
--

DROP TABLE IF EXISTS `quest_progresses`;
/*!40101 SET @saved_cs_client     = @@character_set_client */;
/*!40101 SET character_set_client = utf8 */;
CREATE TABLE `quest_progresses` (
  `id` int(11) NOT NULL AUTO_INCREMENT,
  `quest_id` int(11) NOT NULL,
  `player_id` int(11) NOT NULL,
  `status` tinyint(2) unsigned NOT NULL,
  `completed` tinyint(2) unsigned NOT NULL DEFAULT '0',
  PRIMARY KEY (`id`),
  UNIQUE KEY `on_objective_complete` (`quest_id`,`player_id`),
  KEY `listing` (`player_id`,`status`),
  CONSTRAINT `quest_progresses_ibfk_2` FOREIGN KEY (`player_id`) REFERENCES `players` (`id`) ON DELETE CASCADE,
  CONSTRAINT `quest_progresses_ibfk_1` FOREIGN KEY (`quest_id`) REFERENCES `quests` (`id`) ON DELETE CASCADE
) ENGINE=InnoDB AUTO_INCREMENT=150 DEFAULT CHARSET=utf8;
/*!40101 SET character_set_client = @saved_cs_client */;

--
-- Dumping data for table `quest_progresses`
--

LOCK TABLES `quest_progresses` WRITE;
/*!40000 ALTER TABLE `quest_progresses` DISABLE KEYS */;
INSERT INTO `quest_progresses` VALUES (1,1,1,0,0),(2,10000,1,0,0),(3,10001,1,0,0),(4,10002,1,0,0),(5,10003,1,0,0),(6,10004,1,0,0),(7,10005,1,0,0),(8,10006,1,0,0),(9,10020,1,0,0),(10,10021,1,0,0),(11,10022,1,0,0),(12,10023,1,0,0),(13,10024,1,0,0),(14,10025,1,0,0),(15,10026,1,0,0),(16,10027,1,0,0),(17,10028,1,0,0),(18,10040,1,0,0),(19,10041,1,0,0),(20,10042,1,0,0),(21,10043,1,0,0),(22,10044,1,0,0),(23,10045,1,0,0),(24,10046,1,0,0),(25,10060,1,0,0),(26,10061,1,0,0),(27,10062,1,0,0),(28,10063,1,0,0),(29,10064,1,0,0),(30,10065,1,0,0),(31,10066,1,0,0),(32,10080,1,0,0),(33,10081,1,0,0),(34,10082,1,0,0),(35,10083,1,0,0),(36,10084,1,0,0),(37,10085,1,0,0),(38,10086,1,0,0),(39,10100,1,0,0),(40,10101,1,0,0),(41,10102,1,0,0),(42,10103,1,0,0),(43,10104,1,0,0),(44,10105,1,0,0),(45,10106,1,0,0),(46,10107,1,0,0),(47,10108,1,0,0),(48,10120,1,0,0),(49,10121,1,0,0),(50,10122,1,0,0),(51,10123,1,0,0),(52,10124,1,0,0),(53,10125,1,0,0),(54,10126,1,0,0),(55,10127,1,0,0),(56,10140,1,0,0),(57,10141,1,0,0),(58,10142,1,0,0),(59,10143,1,0,0),(60,10144,1,0,0),(61,10160,1,0,0),(62,10161,1,0,0),(63,10162,1,0,0),(64,10163,1,0,0),(65,10164,1,0,0),(66,10165,1,0,0),(67,10166,1,0,0),(68,10167,1,0,0),(69,10168,1,0,0),(70,10180,1,0,0),(71,10181,1,0,0),(72,10182,1,0,0),(73,10183,1,0,0),(74,10184,1,0,0),(75,10185,1,0,0),(76,10186,1,0,0),(77,10187,1,0,0),(78,10188,1,0,0),(79,10200,1,0,0),(80,10201,1,0,0),(81,10202,1,0,0),(82,10203,1,0,0),(83,10204,1,0,0),(84,10220,1,0,0),(85,10221,1,0,0),(86,10222,1,0,0),(87,10223,1,0,0),(88,10224,1,0,0),(89,10240,1,0,0),(90,10241,1,0,0),(91,10242,1,0,0),(92,10243,1,0,0),(93,10244,1,0,0),(94,10260,1,0,0),(95,10261,1,0,0),(96,10262,1,0,0),(97,10263,1,0,0),(98,10264,1,0,0),(99,10280,1,0,0),(100,10281,1,0,0),(101,10282,1,0,0),(102,10283,1,0,0),(103,10284,1,0,0),(104,10290,1,0,0),(105,10291,1,0,0),(106,10292,1,0,0),(107,10300,1,0,0),(108,10301,1,0,0),(109,10302,1,0,0),(110,10303,1,0,0),(111,10304,1,0,0),(112,10320,1,0,0),(113,10321,1,0,0),(114,10322,1,0,0),(115,10323,1,0,0),(116,10324,1,0,0),(117,10340,1,0,0),(118,10341,1,0,0),(119,10342,1,0,0),(120,10343,1,0,0),(121,10344,1,0,0),(122,10345,1,0,0),(123,10346,1,0,0),(124,10347,1,0,0),(125,10360,1,0,0),(126,10361,1,0,0),(127,10362,1,0,0),(128,10363,1,0,0),(129,10364,1,0,0),(130,10365,1,0,0),(131,10366,1,0,0),(132,10367,1,0,0),(133,10380,1,0,0),(134,10381,1,0,0),(135,10382,1,0,0),(136,10383,1,0,0),(137,10384,1,0,0),(138,10385,1,0,0),(139,10386,1,0,0),(140,10400,1,0,0),(141,10401,1,0,0),(142,10402,1,0,0),(143,10403,1,0,0),(144,10404,1,0,0),(145,10405,1,0,0),(146,10406,1,0,0),(147,10407,1,0,0),(148,10408,1,0,0),(149,10409,1,0,0);
/*!40000 ALTER TABLE `quest_progresses` ENABLE KEYS */;
UNLOCK TABLES;

--
-- Table structure for table `quests`
--

DROP TABLE IF EXISTS `quests`;
/*!40101 SET @saved_cs_client     = @@character_set_client */;
/*!40101 SET character_set_client = utf8 */;
CREATE TABLE `quests` (
  `id` int(11) NOT NULL AUTO_INCREMENT,
  `parent_id` int(11) DEFAULT NULL,
  `rewards` text,
  `help_url_id` varchar(255) DEFAULT NULL,
  `achievement` tinyint(1) NOT NULL DEFAULT '0',
  PRIMARY KEY (`id`),
  KEY `child quests` (`parent_id`),
  KEY `index_quests_on_achievement` (`achievement`),
  CONSTRAINT `quests_ibfk_1` FOREIGN KEY (`parent_id`) REFERENCES `quests` (`id`) ON DELETE CASCADE
) ENGINE=InnoDB AUTO_INCREMENT=10410 DEFAULT CHARSET=utf8;
/*!40101 SET character_set_client = @saved_cs_client */;

--
-- Dumping data for table `quests`
--

LOCK TABLES `quests` WRITE;
/*!40000 ALTER TABLE `quests` DISABLE KEYS */;
INSERT INTO `quests` VALUES (1,NULL,'{\"metal\":25.2,\"energy\":96.0}','Constructing Buildings',0),(2,1,'{\"metal\":69.30000000000001,\"energy\":140.8}','Extracting Metal',0),(3,2,'{\"metal\":4068.0,\"energy\":8136.0}',NULL,0),(4,3,'{\"metal\":412.5,\"energy\":920.7}','Upgrading Buildings',0),(5,4,'{\"metal\":401.40000000000003,\"zetium\":10.8,\"points\":4000}',NULL,0),(6,3,'{\"units\":[{\"type\":\"Trooper\",\"level\":1,\"count\":4,\"hp\":100}],\"metal\":1423.8,\"energy\":2847.6,\"zetium\":16.2}',NULL,0),(7,6,'{\"metal\":1084.8,\"energy\":2169.6,\"zetium\":16.2}','Building Units',0),(8,6,'{\"units\":[{\"type\":\"Trooper\",\"level\":2,\"count\":2,\"hp\":50},{\"type\":\"Trooper\",\"level\":3,\"count\":1,\"hp\":30}],\"metal\":1865.6000000000001,\"energy\":4134.900000000001,\"zetium\":866.8000000000001,\"creds\":7500}','Attacking NPC Buildings',0),(9,32,'{\"metal\":862.8,\"energy\":4101.599999999999,\"zetium\":16.2,\"points\":2000}',NULL,0),(10,8,'{\"metal\":1725.6,\"energy\":2461.2,\"zetium\":16.2,\"points\":2000}',NULL,0),(11,8,'{\"units\":[{\"type\":\"Trooper\",\"level\":1,\"count\":4,\"hp\":100},{\"type\":\"Seeker\",\"level\":1,\"count\":2,\"hp\":100}],\"metal\":2779.7999999999997,\"energy\":5559.599999999999}',NULL,0),(12,11,'{\"metal\":2060.7,\"energy\":4120.7,\"points\":2000}','Researching Technologies',0),(13,12,'{\"metal\":1038.35,\"energy\":2074.7999999999997,\"zetium\":23.75,\"points\":2000}',NULL,0),(14,11,'{\"metal\":595.1999999999999,\"energy\":1814.3999999999999}',NULL,0),(15,14,'{\"metal\":3475.0000000000005,\"energy\":3149.2,\"zetium\":284.4}','Extracting Zetium',0),(16,15,'{\"units\":[{\"type\":\"Trooper\",\"level\":3,\"count\":1,\"hp\":100},{\"type\":\"Seeker\",\"level\":2,\"count\":1,\"hp\":100},{\"type\":\"Shocker\",\"level\":1,\"count\":2,\"hp\":100}]}','Collecting Points',0),(17,15,'{\"metal\":9225.6,\"energy\":12915.6,\"zetium\":646.8}',NULL,0),(18,17,'{\"metal\":15375.2,\"energy\":21525.600000000002,\"zetium\":1076.8}',NULL,0),(19,18,'{\"units\":[{\"type\":\"Crow\",\"level\":1,\"count\":2,\"hp\":100}],\"metal\":16144.800000000001,\"energy\":22604.4,\"zetium\":1134.0}',NULL,0),(20,19,'{\"units\":[{\"type\":\"Mule\",\"level\":1,\"count\":1,\"hp\":100},{\"type\":\"Mdh\",\"level\":1,\"count\":1,\"hp\":100}]}','Annexing Planets',0),(21,20,'{\"metal\":1158.5844,\"energy\":2560.7376000000004,\"zetium\":117.99765}','Colonizing Planets',0),(22,3,'{\"points\":200,\"units\":[{\"type\":\"Gnat\",\"level\":1,\"count\":1,\"hp\":25}]}','Exploring Objects',0),(23,22,'{\"points\":1000,\"units\":[{\"type\":\"Glancer\",\"level\":1,\"count\":1,\"hp\":60}]}',NULL,0),(24,11,'{\"points\":800,\"units\":[{\"type\":\"Gnat\",\"level\":1,\"count\":2,\"hp\":25},{\"type\":\"Gnat\",\"level\":1,\"count\":2,\"hp\":20},{\"type\":\"Gnat\",\"level\":1,\"count\":2,\"hp\":15},{\"type\":\"Gnat\",\"level\":1,\"count\":2,\"hp\":10}]}',NULL,0),(25,24,'{\"points\":800,\"units\":[{\"type\":\"Glancer\",\"level\":1,\"count\":2,\"hp\":80}]}',NULL,0),(26,25,'{\"points\":1600,\"units\":[{\"type\":\"Spudder\",\"level\":1,\"count\":1,\"hp\":96}]}',NULL,0),(27,11,'{\"metal\":5940.0,\"energy\":18144.0}','Zetium Crystals',0),(28,16,'{\"units\":[{\"type\":\"Scorpion\",\"level\":2,\"count\":1,\"hp\":70},{\"type\":\"Azure\",\"level\":1,\"count\":1,\"hp\":100}]}',NULL,0),(29,28,'{\"units\":[{\"type\":\"Cyrix\",\"level\":2,\"count\":1,\"hp\":60},{\"type\":\"Crow\",\"level\":1,\"count\":2,\"hp\":100}]}',NULL,0),(30,29,'{\"units\":[{\"type\":\"Avenger\",\"level\":1,\"count\":2,\"hp\":100},{\"type\":\"Dart\",\"level\":1,\"count\":2,\"hp\":100}]}',NULL,0),(31,19,'{\"metal\":23064,\"energy\":32292,\"zetium\":1620}','Fighting in Space',0),(32,8,'{\"metal\":150.0,\"energy\":627.6,\"points\":2000}',NULL,0),(33,30,'{\"units\":[{\"type\":\"Rhyno\",\"level\":1,\"count\":1,\"hp\":100},{\"type\":\"Cyrix\",\"level\":3,\"count\":2,\"hp\":100}]}',NULL,0),(34,21,'{\"metal\":3862.4,\"energy\":25625.920000000002,\"zetium\":524.8000000000001}','Exploring Galaxy',0),(35,19,'{\"units\":[{\"type\":\"Dart\",\"level\":1,\"count\":2,\"hp\":100}]}',NULL,0),(36,35,'{\"units\":[{\"type\":\"Avenger\",\"level\":1,\"count\":2,\"hp\":100}]}',NULL,0),(37,36,'{\"units\":[{\"type\":\"Rhyno\",\"level\":1,\"count\":1,\"hp\":100}]}',NULL,0),(38,34,'{\"units\":[{\"type\":\"Trooper\",\"level\":2,\"count\":10,\"hp\":100},{\"type\":\"Seeker\",\"level\":2,\"count\":5,\"hp\":100},{\"type\":\"Scorpion\",\"level\":2,\"count\":2,\"hp\":100}]}',NULL,0),(39,38,'{\"units\":[{\"type\":\"Trooper\",\"level\":2,\"count\":15,\"hp\":100},{\"type\":\"Shocker\",\"level\":2,\"count\":8,\"hp\":100},{\"type\":\"Seeker\",\"level\":2,\"count\":3,\"hp\":100},{\"type\":\"Scorpion\",\"level\":2,\"count\":2,\"hp\":100}]}',NULL,0),(40,39,'{\"units\":[{\"type\":\"Shocker\",\"level\":2,\"count\":8,\"hp\":100},{\"type\":\"Seeker\",\"level\":2,\"count\":5,\"hp\":100},{\"type\":\"Scorpion\",\"level\":2,\"count\":5,\"hp\":100},{\"type\":\"Azure\",\"level\":2,\"count\":3,\"hp\":100}]}',NULL,0),(41,40,'{\"units\":[{\"type\":\"Shocker\",\"level\":2,\"count\":10,\"hp\":100},{\"type\":\"Seeker\",\"level\":2,\"count\":8,\"hp\":100},{\"type\":\"Scorpion\",\"level\":2,\"count\":7,\"hp\":100},{\"type\":\"Azure\",\"level\":2,\"count\":3,\"hp\":100},{\"type\":\"Cyrix\",\"level\":2,\"count\":5,\"hp\":100},{\"type\":\"Dart\",\"level\":2,\"count\":3,\"hp\":100}]}',NULL,0),(42,41,'{\"units\":[{\"type\":\"Shocker\",\"level\":2,\"count\":15,\"hp\":100},{\"type\":\"Seeker\",\"level\":2,\"count\":10,\"hp\":100},{\"type\":\"Scorpion\",\"level\":2,\"count\":10,\"hp\":100},{\"type\":\"Azure\",\"level\":2,\"count\":5,\"hp\":100},{\"type\":\"Cyrix\",\"level\":2,\"count\":10,\"hp\":100},{\"type\":\"Avenger\",\"level\":2,\"count\":5,\"hp\":100},{\"type\":\"Dart\",\"level\":2,\"count\":5,\"hp\":100}]}',NULL,0),(43,34,'{\"units\":[{\"type\":\"Mule\",\"level\":5,\"count\":1,\"hp\":100}]}',NULL,0),(44,43,'{\"units\":[{\"type\":\"Crow\",\"level\":5,\"count\":1,\"hp\":100}]}',NULL,0),(45,44,'{\"units\":[{\"type\":\"Cyrix\",\"level\":3,\"count\":1,\"hp\":100}]}',NULL,0),(46,45,'{\"units\":[{\"type\":\"Cyrix\",\"level\":5,\"count\":1,\"hp\":100}]}',NULL,0),(47,46,'{\"units\":[{\"type\":\"Avenger\",\"level\":5,\"count\":1,\"hp\":100}]}',NULL,0),(48,47,'{\"units\":[{\"type\":\"Avenger\",\"level\":5,\"count\":3,\"hp\":100}]}',NULL,0),(49,46,'{\"units\":[{\"type\":\"Dart\",\"level\":5,\"count\":1,\"hp\":100}]}',NULL,0),(50,49,'{\"units\":[{\"type\":\"Dart\",\"level\":5,\"count\":3,\"hp\":100}]}',NULL,0),(51,46,'{\"units\":[{\"type\":\"Avenger\",\"level\":8,\"count\":1,\"hp\":100}]}',NULL,0),(52,51,'{\"units\":[{\"type\":\"Rhyno\",\"level\":3,\"count\":1,\"hp\":100}]}',NULL,0),(53,34,'{\"units\":[{\"type\":\"Scorpion\",\"level\":5,\"count\":1,\"hp\":100}]}',NULL,0),(54,53,'{\"units\":[{\"type\":\"Azure\",\"level\":6,\"count\":1,\"hp\":100}]}',NULL,0),(55,54,'{\"units\":[{\"type\":\"Trooper\",\"level\":5,\"count\":3,\"hp\":100},{\"type\":\"Seeker\",\"level\":5,\"count\":3,\"hp\":100},{\"type\":\"Shocker\",\"level\":7,\"count\":1,\"hp\":100}]}',NULL,0),(56,55,'{\"units\":[{\"type\":\"Trooper\",\"level\":5,\"count\":4,\"hp\":100},{\"type\":\"Seeker\",\"level\":5,\"count\":4,\"hp\":100},{\"type\":\"Shocker\",\"level\":7,\"count\":2,\"hp\":100}]}',NULL,0),(57,56,'{\"units\":[{\"type\":\"Trooper\",\"level\":5,\"count\":5,\"hp\":100},{\"type\":\"Seeker\",\"level\":5,\"count\":5,\"hp\":100},{\"type\":\"Shocker\",\"level\":7,\"count\":3,\"hp\":100}]}',NULL,0),(58,54,'{\"units\":[{\"type\":\"Scorpion\",\"level\":6,\"count\":1,\"hp\":100},{\"type\":\"Azure\",\"level\":6,\"count\":1,\"hp\":100}]}',NULL,0),(59,58,'{\"units\":[{\"type\":\"Scorpion\",\"level\":6,\"count\":2,\"hp\":100},{\"type\":\"Azure\",\"level\":6,\"count\":2,\"hp\":100}]}',NULL,0),(60,59,'{\"units\":[{\"type\":\"Scorpion\",\"level\":6,\"count\":3,\"hp\":100},{\"type\":\"Azure\",\"level\":6,\"count\":3,\"hp\":100}]}',NULL,0),(61,54,'{\"units\":[{\"type\":\"Cyrix\",\"level\":5,\"count\":2,\"hp\":100}]}',NULL,0),(62,61,'{\"units\":[{\"type\":\"Cyrix\",\"level\":5,\"count\":4,\"hp\":100}]}',NULL,0),(63,62,'{\"units\":[{\"type\":\"Cyrix\",\"level\":5,\"count\":6,\"hp\":100}]}',NULL,0),(64,33,'{\"units\":[{\"type\":\"Rhyno\",\"level\":7,\"count\":1,\"hp\":100}]}',NULL,0),(65,54,'{\"units\":[{\"type\":\"Scorpion\",\"level\":5,\"count\":2,\"hp\":100}]}',NULL,0),(66,27,'{\"metal\":600,\"energy\":1800,\"zetium\":105}',NULL,0),(67,66,'{\"metal\":1040,\"energy\":3120,\"zetium\":182}',NULL,0),(68,67,'{\"metal\":1760,\"energy\":5280,\"zetium\":308}',NULL,0),(69,68,'{\"metal\":2960,\"energy\":8880,\"zetium\":518}',NULL,0),(70,69,'{\"metal\":6000,\"energy\":18000,\"zetium\":1050}',NULL,0),(71,70,'{\"metal\":10200,\"energy\":30600,\"zetium\":1785}',NULL,0),(72,11,'{\"scientists\":10}',NULL,0),(73,72,'{\"scientists\":20}',NULL,0),(74,73,'{\"scientists\":30}',NULL,0),(75,74,'{\"scientists\":40}',NULL,0),(76,75,'{\"scientists\":60}',NULL,0),(77,76,'{\"scientists\":80}',NULL,0),(78,77,'{\"scientists\":100}',NULL,0),(79,78,'{\"scientists\":150}',NULL,0),(80,7,'{\"units\":[{\"type\":\"Trooper\",\"level\":3,\"count\":1,\"hp\":100}]}',NULL,0),(81,80,'{\"units\":[{\"type\":\"Trooper\",\"level\":3,\"count\":1,\"hp\":100}]}',NULL,0),(82,81,'{\"units\":[{\"type\":\"Trooper\",\"level\":3,\"count\":2,\"hp\":100}]}',NULL,0),(83,82,'{\"units\":[{\"type\":\"Trooper\",\"level\":3,\"count\":4,\"hp\":100}]}',NULL,0),(84,83,'{\"units\":[{\"type\":\"Trooper\",\"level\":3,\"count\":4,\"hp\":100},{\"type\":\"Seeker\",\"level\":3,\"count\":1,\"hp\":100}]}',NULL,0),(85,84,'{\"units\":[{\"type\":\"Trooper\",\"level\":3,\"count\":5,\"hp\":100},{\"type\":\"Seeker\",\"level\":3,\"count\":1,\"hp\":100},{\"type\":\"Shocker\",\"level\":3,\"count\":1,\"hp\":100}]}',NULL,0),(86,85,'{\"units\":[{\"type\":\"Trooper\",\"level\":3,\"count\":8,\"hp\":100},{\"type\":\"Seeker\",\"level\":3,\"count\":2,\"hp\":100},{\"type\":\"Shocker\",\"level\":3,\"count\":1,\"hp\":100}]}',NULL,0),(87,86,'{\"units\":[{\"type\":\"Trooper\",\"level\":3,\"count\":11,\"hp\":100},{\"type\":\"Seeker\",\"level\":3,\"count\":3,\"hp\":100},{\"type\":\"Shocker\",\"level\":3,\"count\":2,\"hp\":100}]}',NULL,0),(88,87,'{\"units\":[{\"type\":\"Trooper\",\"level\":3,\"count\":8,\"hp\":100},{\"type\":\"Seeker\",\"level\":3,\"count\":2,\"hp\":100},{\"type\":\"Shocker\",\"level\":3,\"count\":2,\"hp\":100},{\"type\":\"Scorpion\",\"level\":3,\"count\":2,\"hp\":100}]}',NULL,0),(89,88,'{\"units\":[{\"type\":\"Trooper\",\"level\":3,\"count\":7,\"hp\":100},{\"type\":\"Seeker\",\"level\":3,\"count\":2,\"hp\":100},{\"type\":\"Shocker\",\"level\":3,\"count\":2,\"hp\":100},{\"type\":\"Scorpion\",\"level\":3,\"count\":2,\"hp\":100},{\"type\":\"Cyrix\",\"level\":3,\"count\":1,\"hp\":100}]}',NULL,0),(90,89,'{\"units\":[{\"type\":\"Trooper\",\"level\":3,\"count\":6,\"hp\":100},{\"type\":\"Seeker\",\"level\":3,\"count\":2,\"hp\":100},{\"type\":\"Shocker\",\"level\":3,\"count\":2,\"hp\":100},{\"type\":\"Scorpion\",\"level\":3,\"count\":2,\"hp\":100},{\"type\":\"Avenger\",\"level\":3,\"count\":1,\"hp\":100},{\"type\":\"Cyrix\",\"level\":3,\"count\":1,\"hp\":100}]}',NULL,0),(91,90,'{\"units\":[{\"type\":\"Trooper\",\"level\":3,\"count\":8,\"hp\":100},{\"type\":\"Seeker\",\"level\":3,\"count\":2,\"hp\":100},{\"type\":\"Shocker\",\"level\":3,\"count\":2,\"hp\":100},{\"type\":\"Scorpion\",\"level\":3,\"count\":2,\"hp\":100},{\"type\":\"Avenger\",\"level\":3,\"count\":1,\"hp\":100},{\"type\":\"Cyrix\",\"level\":3,\"count\":3,\"hp\":100}]}',NULL,0),(92,91,'{\"units\":[{\"type\":\"Trooper\",\"level\":3,\"count\":9,\"hp\":100},{\"type\":\"Seeker\",\"level\":3,\"count\":2,\"hp\":100},{\"type\":\"Shocker\",\"level\":3,\"count\":2,\"hp\":100},{\"type\":\"Scorpion\",\"level\":3,\"count\":2,\"hp\":100},{\"type\":\"Avenger\",\"level\":3,\"count\":1,\"hp\":100},{\"type\":\"Rhyno\",\"level\":3,\"count\":1,\"hp\":100},{\"type\":\"Cyrix\",\"level\":3,\"count\":2,\"hp\":100}]}',NULL,0),(93,92,'{\"units\":[{\"type\":\"Trooper\",\"level\":3,\"count\":9,\"hp\":100},{\"type\":\"Seeker\",\"level\":3,\"count\":2,\"hp\":100},{\"type\":\"Shocker\",\"level\":3,\"count\":2,\"hp\":100},{\"type\":\"Scorpion\",\"level\":3,\"count\":2,\"hp\":100},{\"type\":\"Avenger\",\"level\":3,\"count\":2,\"hp\":100},{\"type\":\"Rhyno\",\"level\":3,\"count\":1,\"hp\":100},{\"type\":\"Cyrix\",\"level\":3,\"count\":3,\"hp\":100},{\"type\":\"Dart\",\"level\":3,\"count\":1,\"hp\":100},{\"type\":\"Crow\",\"level\":2,\"count\":1,\"hp\":100}]}',NULL,0),(94,93,'{\"units\":[{\"type\":\"Trooper\",\"level\":3,\"count\":16,\"hp\":100},{\"type\":\"Seeker\",\"level\":3,\"count\":5,\"hp\":100},{\"type\":\"Shocker\",\"level\":3,\"count\":4,\"hp\":100},{\"type\":\"Scorpion\",\"level\":3,\"count\":3,\"hp\":100},{\"type\":\"Avenger\",\"level\":3,\"count\":3,\"hp\":100},{\"type\":\"Rhyno\",\"level\":3,\"count\":1,\"hp\":100},{\"type\":\"Cyrix\",\"level\":3,\"count\":3,\"hp\":100},{\"type\":\"Dart\",\"level\":3,\"count\":2,\"hp\":100},{\"type\":\"Crow\",\"level\":2,\"count\":5,\"hp\":100}]}',NULL,0),(95,71,'{\"metal\":18000,\"energy\":54000,\"zetium\":3150}',NULL,0),(96,95,'{\"metal\":25200,\"energy\":75600,\"zetium\":4410}',NULL,0),(97,96,'{\"metal\":35280,\"energy\":105840,\"zetium\":6174}',NULL,0),(98,97,'{\"metal\":49400,\"energy\":148200,\"zetium\":8645}',NULL,0),(99,98,'{\"metal\":69160,\"energy\":207480,\"zetium\":12103}',NULL,0),(100,99,'{\"metal\":96840,\"energy\":290520,\"zetium\":16947}',NULL,0),(101,100,'{\"metal\":135560,\"energy\":406680,\"zetium\":23723}',NULL,0),(102,101,'{\"metal\":189760,\"energy\":569280,\"zetium\":33208}',NULL,0),(106,94,'{\"units\":[{\"type\":\"Scorpion\",\"level\":3,\"count\":4,\"hp\":100},{\"type\":\"Avenger\",\"level\":3,\"count\":4,\"hp\":100},{\"type\":\"Rhyno\",\"level\":3,\"count\":2,\"hp\":100},{\"type\":\"Cyrix\",\"level\":3,\"count\":6,\"hp\":100},{\"type\":\"Dart\",\"level\":3,\"count\":2,\"hp\":100},{\"type\":\"Crow\",\"level\":2,\"count\":6,\"hp\":100}]}',NULL,0),(107,106,'{\"units\":[{\"type\":\"Scorpion\",\"level\":3,\"count\":5,\"hp\":100},{\"type\":\"Avenger\",\"level\":3,\"count\":5,\"hp\":100},{\"type\":\"Rhyno\",\"level\":3,\"count\":2,\"hp\":100},{\"type\":\"Cyrix\",\"level\":3,\"count\":6,\"hp\":100},{\"type\":\"Dart\",\"level\":3,\"count\":4,\"hp\":100},{\"type\":\"Crow\",\"level\":2,\"count\":5,\"hp\":100}]}',NULL,0),(108,107,'{\"units\":[{\"type\":\"Scorpion\",\"level\":3,\"count\":6,\"hp\":100},{\"type\":\"Avenger\",\"level\":3,\"count\":6,\"hp\":100},{\"type\":\"Rhyno\",\"level\":3,\"count\":2,\"hp\":100},{\"type\":\"Cyrix\",\"level\":3,\"count\":6,\"hp\":100},{\"type\":\"Dart\",\"level\":3,\"count\":4,\"hp\":100},{\"type\":\"Crow\",\"level\":2,\"count\":10,\"hp\":100}]}',NULL,0),(109,108,'{\"units\":[{\"type\":\"Scorpion\",\"level\":3,\"count\":6,\"hp\":100},{\"type\":\"Avenger\",\"level\":3,\"count\":7,\"hp\":100},{\"type\":\"Rhyno\",\"level\":3,\"count\":3,\"hp\":100},{\"type\":\"Cyrix\",\"level\":3,\"count\":6,\"hp\":100},{\"type\":\"Dart\",\"level\":3,\"count\":4,\"hp\":100},{\"type\":\"Crow\",\"level\":2,\"count\":10,\"hp\":100}]}',NULL,0),(110,109,'{\"units\":[{\"type\":\"Scorpion\",\"level\":3,\"count\":6,\"hp\":100},{\"type\":\"Avenger\",\"level\":3,\"count\":8,\"hp\":100},{\"type\":\"Rhyno\",\"level\":3,\"count\":3,\"hp\":100},{\"type\":\"Cyrix\",\"level\":3,\"count\":9,\"hp\":100},{\"type\":\"Dart\",\"level\":3,\"count\":5,\"hp\":100},{\"type\":\"Crow\",\"level\":2,\"count\":11,\"hp\":100}]}',NULL,0),(111,110,'{\"units\":[{\"type\":\"Scorpion\",\"level\":3,\"count\":8,\"hp\":100},{\"type\":\"Avenger\",\"level\":3,\"count\":9,\"hp\":100},{\"type\":\"Rhyno\",\"level\":3,\"count\":3,\"hp\":100},{\"type\":\"Cyrix\",\"level\":3,\"count\":10,\"hp\":100},{\"type\":\"Dart\",\"level\":3,\"count\":6,\"hp\":100},{\"type\":\"Crow\",\"level\":2,\"count\":15,\"hp\":100}]}',NULL,0),(112,111,'{\"units\":[{\"type\":\"Scorpion\",\"level\":3,\"count\":8,\"hp\":100},{\"type\":\"Avenger\",\"level\":3,\"count\":11,\"hp\":100},{\"type\":\"Rhyno\",\"level\":3,\"count\":4,\"hp\":100},{\"type\":\"Cyrix\",\"level\":3,\"count\":12,\"hp\":100},{\"type\":\"Dart\",\"level\":3,\"count\":6,\"hp\":100},{\"type\":\"Crow\",\"level\":2,\"count\":15,\"hp\":100}]}',NULL,0),(113,112,'{\"units\":[{\"type\":\"Scorpion\",\"level\":3,\"count\":10,\"hp\":100},{\"type\":\"Avenger\",\"level\":3,\"count\":13,\"hp\":100},{\"type\":\"Rhyno\",\"level\":3,\"count\":4,\"hp\":100},{\"type\":\"Cyrix\",\"level\":3,\"count\":12,\"hp\":100},{\"type\":\"Dart\",\"level\":3,\"count\":8,\"hp\":100},{\"type\":\"Crow\",\"level\":2,\"count\":20,\"hp\":100}]}',NULL,0),(114,113,'{\"units\":[{\"type\":\"Scorpion\",\"level\":3,\"count\":10,\"hp\":100},{\"type\":\"Avenger\",\"level\":3,\"count\":15,\"hp\":100},{\"type\":\"Rhyno\",\"level\":3,\"count\":5,\"hp\":100},{\"type\":\"Cyrix\",\"level\":3,\"count\":15,\"hp\":100},{\"type\":\"Dart\",\"level\":3,\"count\":9,\"hp\":100},{\"type\":\"Crow\",\"level\":2,\"count\":20,\"hp\":100}]}',NULL,0),(115,114,'{\"units\":[{\"type\":\"Scorpion\",\"level\":3,\"count\":12,\"hp\":100},{\"type\":\"Avenger\",\"level\":3,\"count\":16,\"hp\":100},{\"type\":\"Rhyno\",\"level\":3,\"count\":6,\"hp\":100},{\"type\":\"Cyrix\",\"level\":3,\"count\":17,\"hp\":100},{\"type\":\"Dart\",\"level\":3,\"count\":10,\"hp\":100},{\"type\":\"Crow\",\"level\":2,\"count\":25,\"hp\":100}]}',NULL,0),(116,8,'{\"creds\":1000}','VIP players',0),(117,116,'{\"metal\":2406,\"energy\":4809,\"zetium\":108}','Accelerating',0),(10000,NULL,NULL,NULL,1),(10001,NULL,NULL,NULL,1),(10002,NULL,NULL,NULL,1),(10003,NULL,NULL,NULL,1),(10004,NULL,NULL,NULL,1),(10005,NULL,NULL,NULL,1),(10006,NULL,NULL,NULL,1),(10020,NULL,NULL,NULL,1),(10021,NULL,NULL,NULL,1),(10022,NULL,NULL,NULL,1),(10023,NULL,NULL,NULL,1),(10024,NULL,NULL,NULL,1),(10025,NULL,NULL,NULL,1),(10026,NULL,NULL,NULL,1),(10027,NULL,NULL,NULL,1),(10028,NULL,NULL,NULL,1),(10040,NULL,NULL,NULL,1),(10041,NULL,NULL,NULL,1),(10042,NULL,NULL,NULL,1),(10043,NULL,NULL,NULL,1),(10044,NULL,NULL,NULL,1),(10045,NULL,NULL,NULL,1),(10046,NULL,NULL,NULL,1),(10060,NULL,NULL,NULL,1),(10061,NULL,NULL,NULL,1),(10062,NULL,NULL,NULL,1),(10063,NULL,NULL,NULL,1),(10064,NULL,NULL,NULL,1),(10065,NULL,NULL,NULL,1),(10066,NULL,NULL,NULL,1),(10080,NULL,NULL,NULL,1),(10081,NULL,NULL,NULL,1),(10082,NULL,NULL,NULL,1),(10083,NULL,NULL,NULL,1),(10084,NULL,NULL,NULL,1),(10085,NULL,NULL,NULL,1),(10086,NULL,NULL,NULL,1),(10100,NULL,NULL,NULL,1),(10101,NULL,NULL,NULL,1),(10102,NULL,NULL,NULL,1),(10103,NULL,NULL,NULL,1),(10104,NULL,NULL,NULL,1),(10105,NULL,NULL,NULL,1),(10106,NULL,NULL,NULL,1),(10107,NULL,NULL,NULL,1),(10108,NULL,NULL,NULL,1),(10120,NULL,NULL,NULL,1),(10121,NULL,NULL,NULL,1),(10122,NULL,NULL,NULL,1),(10123,NULL,NULL,NULL,1),(10124,NULL,NULL,NULL,1),(10125,NULL,NULL,NULL,1),(10126,NULL,NULL,NULL,1),(10127,NULL,NULL,NULL,1),(10140,NULL,NULL,NULL,1),(10141,NULL,NULL,NULL,1),(10142,NULL,NULL,NULL,1),(10143,NULL,NULL,NULL,1),(10144,NULL,NULL,NULL,1),(10160,NULL,NULL,NULL,1),(10161,NULL,NULL,NULL,1),(10162,NULL,NULL,NULL,1),(10163,NULL,NULL,NULL,1),(10164,NULL,NULL,NULL,1),(10165,NULL,NULL,NULL,1),(10166,NULL,NULL,NULL,1),(10167,NULL,NULL,NULL,1),(10168,NULL,NULL,NULL,1),(10180,NULL,NULL,NULL,1),(10181,NULL,NULL,NULL,1),(10182,NULL,NULL,NULL,1),(10183,NULL,NULL,NULL,1),(10184,NULL,NULL,NULL,1),(10185,NULL,NULL,NULL,1),(10186,NULL,NULL,NULL,1),(10187,NULL,NULL,NULL,1),(10188,NULL,NULL,NULL,1),(10200,NULL,NULL,NULL,1),(10201,NULL,NULL,NULL,1),(10202,NULL,NULL,NULL,1),(10203,NULL,NULL,NULL,1),(10204,NULL,NULL,NULL,1),(10220,NULL,NULL,NULL,1),(10221,NULL,NULL,NULL,1),(10222,NULL,NULL,NULL,1),(10223,NULL,NULL,NULL,1),(10224,NULL,NULL,NULL,1),(10240,NULL,NULL,NULL,1),(10241,NULL,NULL,NULL,1),(10242,NULL,NULL,NULL,1),(10243,NULL,NULL,NULL,1),(10244,NULL,NULL,NULL,1),(10260,NULL,NULL,NULL,1),(10261,NULL,NULL,NULL,1),(10262,NULL,NULL,NULL,1),(10263,NULL,NULL,NULL,1),(10264,NULL,NULL,NULL,1),(10280,NULL,NULL,NULL,1),(10281,NULL,NULL,NULL,1),(10282,NULL,NULL,NULL,1),(10283,NULL,NULL,NULL,1),(10284,NULL,NULL,NULL,1),(10290,NULL,NULL,NULL,1),(10291,NULL,NULL,NULL,1),(10292,NULL,NULL,NULL,1),(10300,NULL,NULL,NULL,1),(10301,NULL,NULL,NULL,1),(10302,NULL,NULL,NULL,1),(10303,NULL,NULL,NULL,1),(10304,NULL,NULL,NULL,1),(10320,NULL,NULL,NULL,1),(10321,NULL,NULL,NULL,1),(10322,NULL,NULL,NULL,1),(10323,NULL,NULL,NULL,1),(10324,NULL,NULL,NULL,1),(10340,NULL,NULL,NULL,1),(10341,NULL,NULL,NULL,1),(10342,NULL,NULL,NULL,1),(10343,NULL,NULL,NULL,1),(10344,NULL,NULL,NULL,1),(10345,NULL,NULL,NULL,1),(10346,NULL,NULL,NULL,1),(10347,NULL,NULL,NULL,1),(10360,NULL,NULL,NULL,1),(10361,NULL,NULL,NULL,1),(10362,NULL,NULL,NULL,1),(10363,NULL,NULL,NULL,1),(10364,NULL,NULL,NULL,1),(10365,NULL,NULL,NULL,1),(10366,NULL,NULL,NULL,1),(10367,NULL,NULL,NULL,1),(10380,NULL,NULL,NULL,1),(10381,NULL,NULL,NULL,1),(10382,NULL,NULL,NULL,1),(10383,NULL,NULL,NULL,1),(10384,NULL,NULL,NULL,1),(10385,NULL,NULL,NULL,1),(10386,NULL,NULL,NULL,1),(10400,NULL,NULL,NULL,1),(10401,NULL,NULL,NULL,1),(10402,NULL,NULL,NULL,1),(10403,NULL,NULL,NULL,1),(10404,NULL,NULL,NULL,1),(10405,NULL,NULL,NULL,1),(10406,NULL,NULL,NULL,1),(10407,NULL,NULL,NULL,1),(10408,NULL,NULL,NULL,1),(10409,NULL,NULL,NULL,1);
/*!40000 ALTER TABLE `quests` ENABLE KEYS */;
UNLOCK TABLES;

--
-- Table structure for table `route_hops`
--

DROP TABLE IF EXISTS `route_hops`;
/*!40101 SET @saved_cs_client     = @@character_set_client */;
/*!40101 SET character_set_client = utf8 */;
CREATE TABLE `route_hops` (
  `id` int(11) NOT NULL AUTO_INCREMENT,
  `route_id` int(11) NOT NULL,
  `location_type` tinyint(2) unsigned NOT NULL,
  `location_id` int(10) unsigned NOT NULL,
  `location_x` int(11) DEFAULT NULL,
  `location_y` int(11) DEFAULT NULL,
  `arrives_at` datetime NOT NULL,
  `index` smallint(6) NOT NULL,
  `next` tinyint(1) NOT NULL DEFAULT '0',
  `jumps_at` datetime DEFAULT NULL,
  PRIMARY KEY (`id`),
  UNIQUE KEY `next_hop` (`route_id`,`index`),
  KEY `route` (`route_id`,`location_type`,`location_id`),
  KEY `next` (`route_id`,`next`),
  CONSTRAINT `route_hops_ibfk_1` FOREIGN KEY (`route_id`) REFERENCES `routes` (`id`) ON DELETE CASCADE
) ENGINE=InnoDB DEFAULT CHARSET=utf8;
/*!40101 SET character_set_client = @saved_cs_client */;

--
-- Dumping data for table `route_hops`
--

LOCK TABLES `route_hops` WRITE;
/*!40000 ALTER TABLE `route_hops` DISABLE KEYS */;
/*!40000 ALTER TABLE `route_hops` ENABLE KEYS */;
UNLOCK TABLES;

--
-- Table structure for table `routes`
--

DROP TABLE IF EXISTS `routes`;
/*!40101 SET @saved_cs_client     = @@character_set_client */;
/*!40101 SET character_set_client = utf8 */;
CREATE TABLE `routes` (
  `id` int(11) NOT NULL AUTO_INCREMENT,
  `target_type` tinyint(2) unsigned NOT NULL,
  `target_id` int(10) unsigned NOT NULL,
  `arrives_at` datetime NOT NULL,
  `cached_units` text NOT NULL,
  `player_id` int(11) NOT NULL,
  `target_x` int(11) NOT NULL,
  `target_y` int(11) NOT NULL,
  `target_name` varchar(255) DEFAULT NULL,
  `target_variation` tinyint(2) unsigned DEFAULT NULL,
  `target_solar_system_id` int(11) DEFAULT NULL,
  `current_id` int(11) unsigned NOT NULL,
  `current_type` tinyint(2) unsigned NOT NULL,
  `current_x` int(11) NOT NULL,
  `current_y` int(11) NOT NULL,
  `current_name` varchar(255) DEFAULT NULL,
  `current_variation` tinyint(2) unsigned DEFAULT NULL,
  `current_solar_system_id` int(11) DEFAULT NULL,
  `source_id` int(11) unsigned NOT NULL,
  `source_type` tinyint(2) unsigned NOT NULL,
  `source_x` int(11) NOT NULL,
  `source_y` int(11) NOT NULL,
  `source_name` varchar(255) DEFAULT NULL,
  `source_variation` tinyint(2) unsigned DEFAULT NULL,
  `source_solar_system_id` int(11) DEFAULT NULL,
  `first_hop` datetime NOT NULL,
  PRIMARY KEY (`id`),
  KEY `incoming_routes` (`target_type`,`target_id`),
  KEY `foreign_key` (`player_id`),
  CONSTRAINT `routes_ibfk_1` FOREIGN KEY (`player_id`) REFERENCES `players` (`id`) ON DELETE CASCADE
) ENGINE=InnoDB DEFAULT CHARSET=utf8;
/*!40101 SET character_set_client = @saved_cs_client */;

--
-- Dumping data for table `routes`
--

LOCK TABLES `routes` WRITE;
/*!40000 ALTER TABLE `routes` DISABLE KEYS */;
/*!40000 ALTER TABLE `routes` ENABLE KEYS */;
UNLOCK TABLES;

--
-- Table structure for table `schema_migrations`
--

DROP TABLE IF EXISTS `schema_migrations`;
/*!40101 SET @saved_cs_client     = @@character_set_client */;
/*!40101 SET character_set_client = utf8 */;
CREATE TABLE `schema_migrations` (
  `version` varchar(255) NOT NULL,
  UNIQUE KEY `unique_schema_migrations` (`version`)
) ENGINE=InnoDB DEFAULT CHARSET=utf8;
/*!40101 SET character_set_client = @saved_cs_client */;

--
-- Dumping data for table `schema_migrations`
--

LOCK TABLES `schema_migrations` WRITE;
/*!40000 ALTER TABLE `schema_migrations` DISABLE KEYS */;
INSERT INTO `schema_migrations` VALUES ('20090601175224'),('20090601184051'),('20090601184055'),('20090601184059'),('20090701164131'),('20090713165021'),('20090808144214'),('20090809160211'),('20090810173759'),('20090826140238'),('20090826141836'),('20090829202538'),('20090829210029'),('20090829224505'),('20090830143959'),('20090830145319'),('20090901153809'),('20090904190655'),('20090905175341'),('20090905192056'),('20090906135044'),('20090909222719'),('20090911180950'),('20090912165229'),('20090919155819'),('20091024222359'),('20091103164416'),('20091103180558'),('20091103181146'),('20091109191211'),('20091225193714'),('20100114152902'),('20100121142414'),('20100127115341'),('20100127120219'),('20100127120515'),('20100127121337'),('20100129150736'),('20100203202757'),('20100203204803'),('20100204172507'),('20100204173714'),('20100208163239'),('20100210114531'),('20100212134334'),('20100218181507'),('20100219114448'),('20100220144106'),('20100222144003'),('20100223153023'),('20100224153728'),('20100224163525'),('20100225124928'),('20100225153721'),('20100225155505'),('20100225155739'),('20100226122144'),('20100226122651'),('20100301153626'),('20100302131225'),('20100303131706'),('20100308163148'),('20100308164422'),('20100310172315'),('20100310181338'),('20100311123523'),('20100315112858'),('20100319141401'),('20100322184529'),('20100324134243'),('20100324141652'),('20100331125702'),('20100415130556'),('20100415130600'),('20100415130605'),('20100415134627'),('20100419141518'),('20100419142018'),('20100419164230'),('20100426141509'),('20100428130912'),('20100429171200'),('20100430174140'),('20100610151652'),('20100610180750'),('20100614142225'),('20100614160819'),('20100614162423'),('20100616132525'),('20100616135507'),('20100622124252'),('20100706105523'),('20100710121447'),('20100710191351'),('20100716155807'),('20100719131622'),('20100721155359'),('20100722124307'),('20100812164444'),('20100812164449'),('20100812164518'),('20100812164524'),('20100817165213'),('20100819175736'),('20100820185846'),('20100906095758'),('20100915145823'),('20100929111549'),('20101001155323'),('20101005180058'),('20101022155620'),('20101117131430'),('20101208135417'),('20101209122838'),('20101222150446'),('20101223125157'),('20101223172333'),('20110106110617'),('20110117182616'),('20110119121807'),('20110125161025'),('20110128094012'),('20110201122224'),('20110211124612'),('20110214130700'),('20110214165108'),('20110215161039'),('20110221105637'),('20110224162141'),('20110224174209'),('20110307104202'),('20110307121218'),('20110309114701'),('20110309194328'),('20110310113500'),('20110311172250'),('20110314132426'),('20110317165341'),('20110329163829'),('20110330141930'),('20110410103752'),('20110413154835'),('20110420152125'),('20110420153521'),('20110422180144'),('20110426131533'),('20110426145014'),('20110429150825'),('20110430142655'),('20110501202247'),('20110502175634'),('20110503165127'),('20110506202156'),('20110509144521'),('20110520172423'),('20110529152142'),('20110530121627'),('99999999999000'),('99999999999900');
/*!40000 ALTER TABLE `schema_migrations` ENABLE KEYS */;
UNLOCK TABLES;

--
-- Table structure for table `solar_systems`
--

DROP TABLE IF EXISTS `solar_systems`;
/*!40101 SET @saved_cs_client     = @@character_set_client */;
/*!40101 SET character_set_client = utf8 */;
CREATE TABLE `solar_systems` (
  `id` int(11) NOT NULL AUTO_INCREMENT,
  `galaxy_id` int(11) NOT NULL,
  `x` mediumint(9) DEFAULT NULL,
  `y` mediumint(9) DEFAULT NULL,
  `kind` tinyint(2) NOT NULL DEFAULT '0',
  `shield_ends_at` datetime DEFAULT NULL,
  `shield_owner_id` int(11) DEFAULT NULL,
  PRIMARY KEY (`id`),
  UNIQUE KEY `uniqueness` (`galaxy_id`,`x`,`y`),
  KEY `shield_owner_id` (`shield_owner_id`),
  CONSTRAINT `solar_systems_ibfk_1` FOREIGN KEY (`galaxy_id`) REFERENCES `galaxies` (`id`) ON DELETE CASCADE,
  CONSTRAINT `solar_systems_ibfk_2` FOREIGN KEY (`shield_owner_id`) REFERENCES `players` (`id`) ON DELETE SET NULL
) ENGINE=InnoDB AUTO_INCREMENT=13 DEFAULT CHARSET=utf8;
/*!40101 SET character_set_client = @saved_cs_client */;

--
-- Dumping data for table `solar_systems`
--

LOCK TABLES `solar_systems` WRITE;
/*!40000 ALTER TABLE `solar_systems` DISABLE KEYS */;
INSERT INTO `solar_systems` VALUES (1,1,NULL,NULL,2,NULL,NULL),(2,1,6,-3,2,NULL,NULL),(3,1,1,-6,2,NULL,NULL),(4,1,2,-7,1,NULL,NULL),(5,1,4,-3,0,NULL,NULL),(6,1,5,-1,1,NULL,NULL),(7,1,6,-5,1,NULL,NULL),(8,1,5,-7,0,NULL,NULL),(9,1,2,-4,0,NULL,NULL),(10,1,1,-8,0,'2011-06-13 12:27:45',1),(11,1,7,-8,2,NULL,NULL),(12,1,1,-2,1,NULL,NULL);
/*!40000 ALTER TABLE `solar_systems` ENABLE KEYS */;
UNLOCK TABLES;

--
-- Table structure for table `ss_objects`
--

DROP TABLE IF EXISTS `ss_objects`;
/*!40101 SET @saved_cs_client     = @@character_set_client */;
/*!40101 SET character_set_client = utf8 */;
CREATE TABLE `ss_objects` (
  `id` int(11) NOT NULL AUTO_INCREMENT,
  `solar_system_id` int(11) NOT NULL,
  `width` int(11) DEFAULT NULL,
  `height` int(11) DEFAULT NULL,
  `position` int(11) NOT NULL DEFAULT '0',
  `angle` int(11) NOT NULL DEFAULT '0',
  `type` varchar(255) NOT NULL,
  `player_id` int(11) DEFAULT NULL,
  `name` varchar(12) NOT NULL DEFAULT '',
  `size` int(11) NOT NULL DEFAULT '0',
  `terrain` tinyint(2) unsigned NOT NULL DEFAULT '0',
  `metal` float NOT NULL DEFAULT '0',
  `metal_rate` float NOT NULL DEFAULT '0',
  `metal_storage` float NOT NULL DEFAULT '0',
  `energy` float NOT NULL DEFAULT '0',
  `energy_rate` float NOT NULL DEFAULT '0',
  `energy_storage` float NOT NULL DEFAULT '0',
  `zetium` float NOT NULL DEFAULT '0',
  `zetium_rate` float NOT NULL DEFAULT '0',
  `zetium_storage` float NOT NULL DEFAULT '0',
  `last_resources_update` datetime DEFAULT NULL,
  `energy_diminish_registered` tinyint(1) NOT NULL DEFAULT '0',
  `exploration_x` tinyint(2) unsigned DEFAULT NULL,
  `exploration_y` tinyint(2) unsigned DEFAULT NULL,
  `exploration_ends_at` datetime DEFAULT NULL,
  `can_destroy_building_at` datetime DEFAULT NULL,
  `special` tinyint(1) NOT NULL DEFAULT '0',
  `next_raid_at` datetime DEFAULT NULL,
  `shield_ends_at` datetime DEFAULT NULL,
  `shield_owner_id` int(11) DEFAULT NULL,
  `metal_rate_boost_ends_at` datetime DEFAULT NULL,
  `metal_storage_boost_ends_at` datetime DEFAULT NULL,
  `energy_rate_boost_ends_at` datetime DEFAULT NULL,
  `energy_storage_boost_ends_at` datetime DEFAULT NULL,
  `zetium_rate_boost_ends_at` datetime DEFAULT NULL,
  `zetium_storage_boost_ends_at` datetime DEFAULT NULL,
  PRIMARY KEY (`id`),
  UNIQUE KEY `uniqueness` (`solar_system_id`,`position`,`angle`),
  KEY `index_planets_on_galaxy_id_and_solar_system_id` (`solar_system_id`),
  KEY `index_planets_on_player_id_and_galaxy_id` (`player_id`),
  KEY `group_by_for_fowssentry_status_updates` (`player_id`,`solar_system_id`),
  KEY `shield_owner_id` (`shield_owner_id`),
  CONSTRAINT `ss_objects_ibfk_1` FOREIGN KEY (`solar_system_id`) REFERENCES `solar_systems` (`id`) ON DELETE CASCADE,
  CONSTRAINT `ss_objects_ibfk_2` FOREIGN KEY (`player_id`) REFERENCES `players` (`id`) ON DELETE SET NULL,
  CONSTRAINT `ss_objects_ibfk_3` FOREIGN KEY (`shield_owner_id`) REFERENCES `players` (`id`) ON DELETE SET NULL
) ENGINE=InnoDB AUTO_INCREMENT=83 DEFAULT CHARSET=utf8;
/*!40101 SET character_set_client = @saved_cs_client */;

--
-- Dumping data for table `ss_objects`
--

LOCK TABLES `ss_objects` WRITE;
/*!40000 ALTER TABLE `ss_objects` DISABLE KEYS */;
INSERT INTO `ss_objects` VALUES (1,1,23,13,1,45,'Planet',NULL,'Inculta',40,1,0,0,100000,0,0,200000,0,0,25000,NULL,0,NULL,NULL,NULL,NULL,1,NULL,NULL,NULL,NULL,NULL,NULL,NULL,NULL,NULL),(2,1,0,0,3,22,'Jumpgate',NULL,'',54,0,0,0,0,0,0,0,0,0,0,NULL,0,NULL,NULL,NULL,NULL,0,NULL,NULL,NULL,NULL,NULL,NULL,NULL,NULL,NULL),(3,1,0,0,3,270,'Jumpgate',NULL,'',57,0,0,0,0,0,0,0,0,0,0,NULL,0,NULL,NULL,NULL,NULL,0,NULL,NULL,NULL,NULL,NULL,NULL,NULL,NULL,NULL),(4,1,15,15,2,210,'Planet',NULL,'Limus',37,2,0,0,100000,0,0,200000,0,0,25000,NULL,0,NULL,NULL,NULL,NULL,1,NULL,NULL,NULL,NULL,NULL,NULL,NULL,NULL,NULL),(5,1,21,17,0,270,'Planet',NULL,'Gramen',40,0,0,0,100000,0,0,200000,0,0,25000,NULL,0,NULL,NULL,NULL,NULL,1,NULL,NULL,NULL,NULL,NULL,NULL,NULL,NULL,NULL),(6,1,0,0,3,134,'Jumpgate',NULL,'',44,0,0,0,0,0,0,0,0,0,0,NULL,0,NULL,NULL,NULL,NULL,0,NULL,NULL,NULL,NULL,NULL,NULL,NULL,NULL,NULL),(7,2,0,0,3,22,'Jumpgate',NULL,'',30,0,0,0,0,0,0,0,0,0,0,NULL,0,NULL,NULL,NULL,NULL,0,NULL,NULL,NULL,NULL,NULL,NULL,NULL,NULL,NULL),(8,2,0,0,3,270,'Jumpgate',NULL,'',48,0,0,0,0,0,0,0,0,0,0,NULL,0,NULL,NULL,NULL,NULL,0,NULL,NULL,NULL,NULL,NULL,NULL,NULL,NULL,NULL),(9,2,15,15,2,210,'Planet',NULL,'Limus-9',37,2,0,0,100000,0,0,200000,0,0,25000,NULL,0,NULL,NULL,NULL,NULL,1,NULL,NULL,NULL,NULL,NULL,NULL,NULL,NULL,NULL),(10,2,0,0,3,134,'Jumpgate',NULL,'',54,0,0,0,0,0,0,0,0,0,0,NULL,0,NULL,NULL,NULL,NULL,0,NULL,NULL,NULL,NULL,NULL,NULL,NULL,NULL,NULL),(11,3,0,0,3,22,'Jumpgate',NULL,'',42,0,0,0,0,0,0,0,0,0,0,NULL,0,NULL,NULL,NULL,NULL,0,NULL,NULL,NULL,NULL,NULL,NULL,NULL,NULL,NULL),(12,3,0,0,3,270,'Jumpgate',NULL,'',29,0,0,0,0,0,0,0,0,0,0,NULL,0,NULL,NULL,NULL,NULL,0,NULL,NULL,NULL,NULL,NULL,NULL,NULL,NULL,NULL),(13,3,15,15,0,270,'Planet',NULL,'Limus-13',37,2,0,0,100000,0,0,200000,0,0,25000,NULL,0,NULL,NULL,NULL,NULL,1,NULL,NULL,NULL,NULL,NULL,NULL,NULL,NULL,NULL),(14,3,0,0,3,134,'Jumpgate',NULL,'',56,0,0,0,0,0,0,0,0,0,0,NULL,0,NULL,NULL,NULL,NULL,0,NULL,NULL,NULL,NULL,NULL,NULL,NULL,NULL,NULL),(15,5,27,23,1,45,'Planet',NULL,'P-15',46,0,0,0,0,0,0,0,0,0,0,'2011-05-30 12:27:45',0,NULL,NULL,NULL,NULL,0,NULL,NULL,NULL,NULL,NULL,NULL,NULL,NULL,NULL),(16,5,0,0,2,90,'Asteroid',NULL,'',47,0,0,4,0,0,3,0,0,4,0,NULL,0,NULL,NULL,NULL,NULL,0,NULL,NULL,NULL,NULL,NULL,NULL,NULL,NULL,NULL),(17,5,0,0,2,120,'Asteroid',NULL,'',40,0,0,1,0,0,1,0,0,1,0,NULL,0,NULL,NULL,NULL,NULL,0,NULL,NULL,NULL,NULL,NULL,NULL,NULL,NULL,NULL),(18,5,0,0,3,314,'Jumpgate',NULL,'',44,0,0,0,0,0,0,0,0,0,0,NULL,0,NULL,NULL,NULL,NULL,0,NULL,NULL,NULL,NULL,NULL,NULL,NULL,NULL,NULL),(19,5,0,0,1,180,'Asteroid',NULL,'',50,0,0,2,0,0,4,0,0,3,0,NULL,0,NULL,NULL,NULL,NULL,0,NULL,NULL,NULL,NULL,NULL,NULL,NULL,NULL,NULL),(20,5,0,0,1,315,'Asteroid',NULL,'',38,0,0,2,0,0,2,0,0,2,0,NULL,0,NULL,NULL,NULL,NULL,0,NULL,NULL,NULL,NULL,NULL,NULL,NULL,NULL,NULL),(21,5,0,0,1,0,'Asteroid',NULL,'',29,0,0,2,0,0,2,0,0,3,0,NULL,0,NULL,NULL,NULL,NULL,0,NULL,NULL,NULL,NULL,NULL,NULL,NULL,NULL,NULL),(22,5,0,0,2,60,'Asteroid',NULL,'',39,0,0,1,0,0,2,0,0,1,0,NULL,0,NULL,NULL,NULL,NULL,0,NULL,NULL,NULL,NULL,NULL,NULL,NULL,NULL,NULL),(23,5,0,0,3,180,'Jumpgate',NULL,'',50,0,0,0,0,0,0,0,0,0,0,NULL,0,NULL,NULL,NULL,NULL,0,NULL,NULL,NULL,NULL,NULL,NULL,NULL,NULL,NULL),(24,5,0,0,3,44,'Jumpgate',NULL,'',30,0,0,0,0,0,0,0,0,0,0,NULL,0,NULL,NULL,NULL,NULL,0,NULL,NULL,NULL,NULL,NULL,NULL,NULL,NULL,NULL),(25,5,0,0,2,30,'Asteroid',NULL,'',59,0,0,1,0,0,2,0,0,1,0,NULL,0,NULL,NULL,NULL,NULL,0,NULL,NULL,NULL,NULL,NULL,NULL,NULL,NULL,NULL),(26,5,0,0,2,180,'Asteroid',NULL,'',60,0,0,2,0,0,2,0,0,3,0,NULL,0,NULL,NULL,NULL,NULL,0,NULL,NULL,NULL,NULL,NULL,NULL,NULL,NULL,NULL),(27,5,0,0,0,90,'Asteroid',NULL,'',49,0,0,5,0,0,2,0,0,3,0,NULL,0,NULL,NULL,NULL,NULL,0,NULL,NULL,NULL,NULL,NULL,NULL,NULL,NULL,NULL),(28,5,0,0,1,135,'Asteroid',NULL,'',57,0,0,4,0,0,4,0,0,4,0,NULL,0,NULL,NULL,NULL,NULL,0,NULL,NULL,NULL,NULL,NULL,NULL,NULL,NULL,NULL),(29,5,0,0,0,270,'Asteroid',NULL,'',25,0,0,3,0,0,5,0,0,5,0,NULL,0,NULL,NULL,NULL,NULL,0,NULL,NULL,NULL,NULL,NULL,NULL,NULL,NULL,NULL),(30,5,0,0,2,0,'Asteroid',NULL,'',40,0,0,2,0,0,4,0,0,2,0,NULL,0,NULL,NULL,NULL,NULL,0,NULL,NULL,NULL,NULL,NULL,NULL,NULL,NULL,NULL),(31,5,33,29,2,270,'Planet',NULL,'P-31',50,2,0,0,0,0,0,0,0,0,0,'2011-05-30 12:27:45',0,NULL,NULL,NULL,NULL,0,NULL,NULL,NULL,NULL,NULL,NULL,NULL,NULL,NULL),(32,5,0,0,0,180,'Asteroid',NULL,'',40,0,0,2,0,0,2,0,0,2,0,NULL,0,NULL,NULL,NULL,NULL,0,NULL,NULL,NULL,NULL,NULL,NULL,NULL,NULL,NULL),(33,5,0,0,0,0,'Asteroid',NULL,'',51,0,0,2,0,0,1,0,0,2,0,NULL,0,NULL,NULL,NULL,NULL,0,NULL,NULL,NULL,NULL,NULL,NULL,NULL,NULL,NULL),(34,8,0,0,1,225,'Asteroid',NULL,'',40,0,0,1,0,0,1,0,0,2,0,NULL,0,NULL,NULL,NULL,NULL,0,NULL,NULL,NULL,NULL,NULL,NULL,NULL,NULL,NULL),(35,8,0,0,2,120,'Asteroid',NULL,'',31,0,0,4,0,0,5,0,0,3,0,NULL,0,NULL,NULL,NULL,NULL,0,NULL,NULL,NULL,NULL,NULL,NULL,NULL,NULL,NULL),(36,8,0,0,3,246,'Jumpgate',NULL,'',36,0,0,0,0,0,0,0,0,0,0,NULL,0,NULL,NULL,NULL,NULL,0,NULL,NULL,NULL,NULL,NULL,NULL,NULL,NULL,NULL),(37,8,34,31,2,210,'Planet',NULL,'P-37',52,0,0,0,0,0,0,0,0,0,0,'2011-05-30 12:27:45',0,NULL,NULL,NULL,NULL,0,NULL,NULL,NULL,NULL,NULL,NULL,NULL,NULL,NULL),(38,8,0,0,1,315,'Asteroid',NULL,'',59,0,0,4,0,0,3,0,0,3,0,NULL,0,NULL,NULL,NULL,NULL,0,NULL,NULL,NULL,NULL,NULL,NULL,NULL,NULL,NULL),(39,8,0,0,3,66,'Jumpgate',NULL,'',59,0,0,0,0,0,0,0,0,0,0,NULL,0,NULL,NULL,NULL,NULL,0,NULL,NULL,NULL,NULL,NULL,NULL,NULL,NULL,NULL),(40,8,0,0,1,0,'Asteroid',NULL,'',50,0,0,2,0,0,4,0,0,4,0,NULL,0,NULL,NULL,NULL,NULL,0,NULL,NULL,NULL,NULL,NULL,NULL,NULL,NULL,NULL),(41,8,0,0,1,90,'Asteroid',NULL,'',60,0,0,3,0,0,4,0,0,4,0,NULL,0,NULL,NULL,NULL,NULL,0,NULL,NULL,NULL,NULL,NULL,NULL,NULL,NULL,NULL),(42,8,0,0,2,150,'Asteroid',NULL,'',32,0,0,2,0,0,1,0,0,1,0,NULL,0,NULL,NULL,NULL,NULL,0,NULL,NULL,NULL,NULL,NULL,NULL,NULL,NULL,NULL),(43,8,0,0,2,30,'Asteroid',NULL,'',57,0,0,4,0,0,2,0,0,5,0,NULL,0,NULL,NULL,NULL,NULL,0,NULL,NULL,NULL,NULL,NULL,NULL,NULL,NULL,NULL),(44,8,33,31,1,135,'Planet',NULL,'P-44',51,0,0,0,0,0,0,0,0,0,0,'2011-05-30 12:27:45',0,NULL,NULL,NULL,NULL,0,NULL,NULL,NULL,NULL,NULL,NULL,NULL,NULL,NULL),(45,8,0,0,2,330,'Asteroid',NULL,'',34,0,0,1,0,0,2,0,0,2,0,NULL,0,NULL,NULL,NULL,NULL,0,NULL,NULL,NULL,NULL,NULL,NULL,NULL,NULL,NULL),(46,8,0,0,0,270,'Asteroid',NULL,'',44,0,0,1,0,0,2,0,0,2,0,NULL,0,NULL,NULL,NULL,NULL,0,NULL,NULL,NULL,NULL,NULL,NULL,NULL,NULL,NULL),(47,8,0,0,2,0,'Asteroid',NULL,'',49,0,0,3,0,0,4,0,0,4,0,NULL,0,NULL,NULL,NULL,NULL,0,NULL,NULL,NULL,NULL,NULL,NULL,NULL,NULL,NULL),(48,8,0,0,2,300,'Asteroid',NULL,'',49,0,0,1,0,0,1,0,0,1,0,NULL,0,NULL,NULL,NULL,NULL,0,NULL,NULL,NULL,NULL,NULL,NULL,NULL,NULL,NULL),(49,8,32,32,0,0,'Planet',NULL,'P-49',51,0,0,0,0,0,0,0,0,0,0,'2011-05-30 12:27:45',0,NULL,NULL,NULL,NULL,0,NULL,NULL,NULL,NULL,NULL,NULL,NULL,NULL,NULL),(50,9,0,0,1,225,'Asteroid',NULL,'',52,0,0,1,0,0,2,0,0,2,0,NULL,0,NULL,NULL,NULL,NULL,0,NULL,NULL,NULL,NULL,NULL,NULL,NULL,NULL,NULL),(51,9,0,0,2,120,'Asteroid',NULL,'',51,0,0,5,0,0,3,0,0,2,0,NULL,0,NULL,NULL,NULL,NULL,0,NULL,NULL,NULL,NULL,NULL,NULL,NULL,NULL,NULL),(52,9,0,0,1,180,'Asteroid',NULL,'',43,0,0,2,0,0,3,0,0,5,0,NULL,0,NULL,NULL,NULL,NULL,0,NULL,NULL,NULL,NULL,NULL,NULL,NULL,NULL,NULL),(53,9,0,0,3,156,'Jumpgate',NULL,'',44,0,0,0,0,0,0,0,0,0,0,NULL,0,NULL,NULL,NULL,NULL,0,NULL,NULL,NULL,NULL,NULL,NULL,NULL,NULL,NULL),(54,9,0,0,1,315,'Asteroid',NULL,'',56,0,0,1,0,0,2,0,0,1,0,NULL,0,NULL,NULL,NULL,NULL,0,NULL,NULL,NULL,NULL,NULL,NULL,NULL,NULL,NULL),(55,9,0,0,2,240,'Asteroid',NULL,'',33,0,0,1,0,0,2,0,0,1,0,NULL,0,NULL,NULL,NULL,NULL,0,NULL,NULL,NULL,NULL,NULL,NULL,NULL,NULL,NULL),(56,9,0,0,2,60,'Asteroid',NULL,'',43,0,0,2,0,0,2,0,0,5,0,NULL,0,NULL,NULL,NULL,NULL,0,NULL,NULL,NULL,NULL,NULL,NULL,NULL,NULL,NULL),(57,9,0,0,1,0,'Asteroid',NULL,'',25,0,0,2,0,0,2,0,0,2,0,NULL,0,NULL,NULL,NULL,NULL,0,NULL,NULL,NULL,NULL,NULL,NULL,NULL,NULL,NULL),(58,9,0,0,1,90,'Asteroid',NULL,'',31,0,0,1,0,0,2,0,0,2,0,NULL,0,NULL,NULL,NULL,NULL,0,NULL,NULL,NULL,NULL,NULL,NULL,NULL,NULL,NULL),(59,9,0,0,2,180,'Asteroid',NULL,'',56,0,0,2,0,0,2,0,0,1,0,NULL,0,NULL,NULL,NULL,NULL,0,NULL,NULL,NULL,NULL,NULL,NULL,NULL,NULL,NULL),(60,9,0,0,2,330,'Asteroid',NULL,'',36,0,0,2,0,0,2,0,0,1,0,NULL,0,NULL,NULL,NULL,NULL,0,NULL,NULL,NULL,NULL,NULL,NULL,NULL,NULL,NULL),(61,9,26,30,0,270,'Planet',NULL,'P-61',48,2,0,0,0,0,0,0,0,0,0,'2011-05-30 12:27:45',0,NULL,NULL,NULL,NULL,0,NULL,NULL,NULL,NULL,NULL,NULL,NULL,NULL,NULL),(62,9,0,0,2,270,'Asteroid',NULL,'',34,0,0,3,0,0,3,0,0,3,0,NULL,0,NULL,NULL,NULL,NULL,0,NULL,NULL,NULL,NULL,NULL,NULL,NULL,NULL,NULL),(63,9,0,0,0,180,'Asteroid',NULL,'',25,0,0,1,0,0,2,0,0,2,0,NULL,0,NULL,NULL,NULL,NULL,0,NULL,NULL,NULL,NULL,NULL,NULL,NULL,NULL,NULL),(64,9,29,23,2,300,'Planet',NULL,'P-64',46,2,0,0,0,0,0,0,0,0,0,'2011-05-30 12:27:45',0,NULL,NULL,NULL,NULL,0,NULL,NULL,NULL,NULL,NULL,NULL,NULL,NULL,NULL),(65,9,0,0,0,0,'Asteroid',NULL,'',33,0,0,1,0,0,2,0,0,2,0,NULL,0,NULL,NULL,NULL,NULL,0,NULL,NULL,NULL,NULL,NULL,NULL,NULL,NULL,NULL),(66,10,0,0,2,210,'Asteroid',NULL,'',60,0,0,2,0,0,2,0,0,1,0,NULL,0,NULL,NULL,NULL,NULL,0,NULL,NULL,NULL,NULL,NULL,NULL,NULL,NULL,NULL),(67,10,0,0,2,240,'Asteroid',NULL,'',26,0,0,2,0,0,2,0,0,1,0,NULL,0,NULL,NULL,NULL,NULL,0,NULL,NULL,NULL,NULL,NULL,NULL,NULL,NULL,NULL),(68,10,0,0,1,315,'Asteroid',NULL,'',37,0,0,3,0,0,4,0,0,3,0,NULL,0,NULL,NULL,NULL,NULL,0,NULL,NULL,NULL,NULL,NULL,NULL,NULL,NULL,NULL),(69,10,0,0,3,202,'Jumpgate',NULL,'',29,0,0,0,0,0,0,0,0,0,0,NULL,0,NULL,NULL,NULL,NULL,0,NULL,NULL,NULL,NULL,NULL,NULL,NULL,NULL,NULL),(70,10,30,30,2,60,'Planet',1,'P-70',50,0,3186.11,139.5,9654.87,7042.03,308.5,21339.5,0,0,2622.17,'2011-05-30 12:27:45',0,NULL,NULL,NULL,NULL,0,NULL,NULL,NULL,NULL,NULL,NULL,NULL,NULL,NULL),(71,10,0,0,1,0,'Asteroid',NULL,'',39,0,0,2,0,0,2,0,0,2,0,NULL,0,NULL,NULL,NULL,NULL,0,NULL,NULL,NULL,NULL,NULL,NULL,NULL,NULL,NULL),(72,10,0,0,2,30,'Asteroid',NULL,'',25,0,0,2,0,0,3,0,0,5,0,NULL,0,NULL,NULL,NULL,NULL,0,NULL,NULL,NULL,NULL,NULL,NULL,NULL,NULL,NULL),(73,10,29,31,0,90,'Planet',NULL,'P-73',50,2,0,0,0,0,0,0,0,0,0,'2011-05-30 12:27:45',0,NULL,NULL,NULL,NULL,0,NULL,NULL,NULL,NULL,NULL,NULL,NULL,NULL,NULL),(74,10,0,0,1,135,'Asteroid',NULL,'',48,0,0,5,0,0,3,0,0,5,0,NULL,0,NULL,NULL,NULL,NULL,0,NULL,NULL,NULL,NULL,NULL,NULL,NULL,NULL,NULL),(75,10,0,0,2,330,'Asteroid',NULL,'',49,0,0,1,0,0,1,0,0,1,0,NULL,0,NULL,NULL,NULL,NULL,0,NULL,NULL,NULL,NULL,NULL,NULL,NULL,NULL,NULL),(76,10,0,0,0,270,'Asteroid',NULL,'',58,0,0,1,0,0,2,0,0,1,0,NULL,0,NULL,NULL,NULL,NULL,0,NULL,NULL,NULL,NULL,NULL,NULL,NULL,NULL,NULL),(77,10,0,0,2,300,'Asteroid',NULL,'',56,0,0,4,0,0,5,0,0,3,0,NULL,0,NULL,NULL,NULL,NULL,0,NULL,NULL,NULL,NULL,NULL,NULL,NULL,NULL,NULL),(78,10,0,0,0,0,'Asteroid',NULL,'',52,0,0,1,0,0,1,0,0,2,0,NULL,0,NULL,NULL,NULL,NULL,0,NULL,NULL,NULL,NULL,NULL,NULL,NULL,NULL,NULL),(79,11,15,15,1,45,'Planet',NULL,'Limus-79',37,2,0,0,100000,0,0,200000,0,0,25000,NULL,0,NULL,NULL,NULL,NULL,1,NULL,NULL,NULL,NULL,NULL,NULL,NULL,NULL,NULL),(80,11,0,0,3,22,'Jumpgate',NULL,'',27,0,0,0,0,0,0,0,0,0,0,NULL,0,NULL,NULL,NULL,NULL,0,NULL,NULL,NULL,NULL,NULL,NULL,NULL,NULL,NULL),(81,11,0,0,3,270,'Jumpgate',NULL,'',25,0,0,0,0,0,0,0,0,0,0,NULL,0,NULL,NULL,NULL,NULL,0,NULL,NULL,NULL,NULL,NULL,NULL,NULL,NULL,NULL),(82,11,0,0,3,134,'Jumpgate',NULL,'',26,0,0,0,0,0,0,0,0,0,0,NULL,0,NULL,NULL,NULL,NULL,0,NULL,NULL,NULL,NULL,NULL,NULL,NULL,NULL,NULL);
/*!40000 ALTER TABLE `ss_objects` ENABLE KEYS */;
UNLOCK TABLES;

--
-- Table structure for table `technologies`
--

DROP TABLE IF EXISTS `technologies`;
/*!40101 SET @saved_cs_client     = @@character_set_client */;
/*!40101 SET character_set_client = utf8 */;
CREATE TABLE `technologies` (
  `id` int(11) NOT NULL AUTO_INCREMENT,
  `upgrade_ends_at` datetime DEFAULT NULL,
  `pause_remainder` int(10) unsigned DEFAULT NULL,
  `scientists` int(10) unsigned DEFAULT '0',
  `level` tinyint(2) unsigned NOT NULL,
  `player_id` int(11) NOT NULL,
  `type` varchar(50) NOT NULL,
  `pause_scientists` int(10) unsigned DEFAULT NULL,
  `speed_up` tinyint(1) NOT NULL DEFAULT '0',
  PRIMARY KEY (`id`),
  UNIQUE KEY `main` (`player_id`,`type`,`level`),
  UNIQUE KEY `type_by_player` (`player_id`,`type`,`level`),
  UNIQUE KEY `ensure_uniqueness` (`player_id`,`type`),
  KEY `upgrading` (`player_id`,`upgrade_ends_at`),
  CONSTRAINT `technologies_ibfk_1` FOREIGN KEY (`player_id`) REFERENCES `players` (`id`) ON DELETE CASCADE
) ENGINE=InnoDB DEFAULT CHARSET=utf8;
/*!40101 SET character_set_client = @saved_cs_client */;

--
-- Dumping data for table `technologies`
--

LOCK TABLES `technologies` WRITE;
/*!40000 ALTER TABLE `technologies` DISABLE KEYS */;
/*!40000 ALTER TABLE `technologies` ENABLE KEYS */;
UNLOCK TABLES;

--
-- Table structure for table `tiles`
--

DROP TABLE IF EXISTS `tiles`;
/*!40101 SET @saved_cs_client     = @@character_set_client */;
/*!40101 SET character_set_client = utf8 */;
CREATE TABLE `tiles` (
  `kind` tinyint(2) unsigned NOT NULL DEFAULT '0',
  `planet_id` int(11) NOT NULL,
  `x` tinyint(2) unsigned NOT NULL DEFAULT '0',
  `y` tinyint(2) unsigned NOT NULL DEFAULT '0',
  UNIQUE KEY `uniqueness` (`planet_id`,`x`,`y`),
  CONSTRAINT `tiles_ibfk_1` FOREIGN KEY (`planet_id`) REFERENCES `ss_objects` (`id`) ON DELETE CASCADE
) ENGINE=InnoDB DEFAULT CHARSET=utf8;
/*!40101 SET character_set_client = @saved_cs_client */;

--
-- Dumping data for table `tiles`
--

LOCK TABLES `tiles` WRITE;
/*!40000 ALTER TABLE `tiles` DISABLE KEYS */;
INSERT INTO `tiles` VALUES (14,1,0,8),(13,1,1,0),(8,1,7,3),(8,1,10,10),(13,1,11,1),(13,1,14,10),(9,1,18,0),(9,1,19,5),(9,4,5,11),(12,4,9,1),(13,4,9,8),(13,5,0,0),(8,5,0,7),(8,5,2,3),(10,5,7,0),(9,5,7,12),(12,5,14,0),(14,5,14,7),(9,9,5,11),(12,9,9,1),(13,9,9,8),(9,13,5,11),(12,13,9,1),(13,13,9,8),(5,15,0,4),(5,15,0,5),(5,15,0,6),(5,15,0,7),(3,15,0,16),(3,15,0,17),(3,15,0,18),(9,15,0,19),(3,15,0,22),(5,15,1,4),(5,15,1,5),(3,15,1,16),(3,15,1,17),(3,15,1,18),(3,15,1,22),(5,15,2,5),(3,15,2,15),(3,15,2,16),(3,15,2,22),(5,15,3,4),(5,15,3,5),(5,15,3,6),(3,15,3,22),(5,15,4,6),(5,15,4,7),(5,15,4,8),(5,15,4,9),(5,15,4,10),(5,15,4,11),(6,15,4,18),(6,15,4,19),(3,15,4,21),(3,15,4,22),(0,15,5,5),(5,15,5,8),(5,15,5,9),(5,15,5,10),(5,15,5,11),(6,15,5,17),(6,15,5,18),(3,15,5,21),(3,15,5,22),(14,15,6,0),(5,15,6,8),(5,15,6,9),(5,15,6,10),(0,15,6,11),(6,15,6,18),(6,15,6,19),(3,15,6,20),(3,15,6,21),(3,15,6,22),(5,15,7,10),(3,15,7,15),(3,15,7,16),(3,15,7,17),(3,15,7,18),(3,15,7,19),(3,15,7,20),(3,15,7,21),(3,15,8,16),(3,15,8,17),(3,15,8,18),(3,15,8,19),(4,15,9,16),(4,15,9,18),(4,15,9,19),(2,15,9,20),(1,15,10,5),(4,15,10,14),(4,15,10,15),(4,15,10,16),(4,15,10,17),(4,15,10,18),(4,15,10,19),(5,15,11,7),(5,15,11,8),(0,15,11,9),(4,15,11,15),(0,15,11,16),(4,15,11,19),(6,15,12,4),(6,15,12,5),(5,15,12,6),(5,15,12,7),(5,15,12,8),(6,15,13,4),(6,15,13,5),(5,15,13,6),(5,15,13,7),(5,15,13,8),(5,15,13,9),(6,15,13,13),(6,15,14,4),(5,15,14,6),(5,15,14,7),(5,15,14,8),(6,15,14,13),(5,15,15,2),(6,15,15,4),(3,15,15,5),(6,15,15,13),(6,15,15,14),(0,15,15,16),(6,15,15,21),(6,15,15,22),(5,15,16,0),(5,15,16,2),(0,15,16,3),(3,15,16,5),(6,15,16,13),(6,15,16,14),(6,15,16,21),(6,15,16,22),(5,15,17,0),(5,15,17,1),(5,15,17,2),(3,15,17,5),(6,15,17,20),(6,15,17,21),(5,15,18,2),(5,15,18,3),(5,15,18,4),(3,15,18,5),(3,15,18,6),(3,15,18,7),(3,15,18,8),(3,15,18,9),(5,15,19,1),(5,15,19,2),(5,15,19,3),(3,15,19,4),(3,15,19,5),(3,15,19,6),(3,15,19,7),(4,15,19,8),(3,15,20,5),(2,15,20,6),(4,15,20,8),(3,15,21,5),(4,15,21,8),(3,15,22,5),(4,15,22,6),(4,15,22,7),(4,15,22,8),(3,15,23,5),(4,15,23,6),(4,15,23,7),(4,15,23,8),(4,15,23,13),(4,15,23,14),(4,15,23,15),(8,15,23,19),(2,15,24,6),(4,15,24,8),(4,15,24,13),(2,15,24,14),(4,15,25,8),(4,15,25,13),(4,15,25,16),(4,15,26,13),(4,15,26,14),(4,15,26,15),(4,15,26,16),(4,15,26,17),(3,31,0,9),(3,31,0,10),(3,31,0,11),(14,31,0,17),(3,31,1,3),(3,31,1,4),(3,31,1,10),(13,31,1,11),(3,31,2,0),(3,31,2,1),(3,31,2,2),(3,31,2,3),(3,31,2,9),(3,31,2,10),(4,31,2,25),(3,31,3,0),(3,31,3,1),(3,31,3,2),(3,31,3,3),(3,31,3,4),(3,31,3,9),(3,31,3,10),(12,31,3,15),(4,31,3,25),(4,31,3,26),(4,31,3,28),(3,31,4,0),(3,31,4,1),(3,31,4,2),(3,31,4,3),(3,31,4,9),(3,31,4,10),(1,31,4,23),(4,31,4,25),(4,31,4,26),(4,31,4,27),(4,31,4,28),(3,31,5,0),(3,31,5,1),(3,31,5,9),(3,31,5,10),(4,31,5,25),(4,31,5,26),(4,31,5,27),(4,31,5,28),(3,31,6,0),(3,31,6,1),(3,31,6,7),(3,31,6,8),(3,31,6,9),(3,31,6,10),(4,31,6,25),(4,31,6,26),(4,31,6,27),(4,31,6,28),(3,31,7,0),(3,31,7,1),(5,31,7,6),(3,31,7,7),(3,31,7,8),(3,31,7,9),(3,31,7,10),(3,31,7,22),(4,31,7,25),(4,31,7,26),(4,31,7,27),(4,31,7,28),(3,31,8,0),(5,31,8,4),(5,31,8,5),(5,31,8,6),(5,31,8,7),(3,31,8,10),(3,31,8,21),(3,31,8,22),(0,31,8,26),(5,31,9,4),(5,31,9,5),(5,31,9,6),(3,31,9,10),(3,31,9,17),(3,31,9,18),(3,31,9,19),(3,31,9,20),(3,31,9,21),(3,31,9,22),(3,31,9,23),(5,31,10,4),(5,31,10,5),(5,31,10,6),(5,31,10,7),(9,31,10,16),(3,31,10,19),(3,31,10,20),(3,31,10,21),(3,31,10,22),(3,31,10,23),(3,31,10,24),(5,31,11,4),(5,31,11,5),(5,31,11,6),(5,31,11,7),(5,31,11,8),(3,31,11,19),(3,31,11,20),(3,31,11,21),(3,31,11,22),(3,31,11,23),(5,31,12,4),(5,31,12,5),(5,31,12,6),(5,31,12,8),(5,31,12,9),(3,31,12,21),(0,31,12,22),(6,31,12,26),(5,31,13,3),(5,31,13,4),(5,31,13,5),(5,31,13,7),(5,31,13,8),(5,31,13,9),(5,31,13,10),(6,31,13,26),(6,31,13,27),(6,31,13,28),(5,31,14,2),(5,31,14,3),(5,31,14,4),(5,31,14,5),(5,31,14,6),(5,31,14,7),(5,31,14,8),(5,31,14,9),(5,31,14,10),(6,31,14,15),(6,31,14,16),(6,31,14,17),(6,31,14,26),(6,31,14,27),(6,31,14,28),(5,31,15,2),(3,31,15,3),(5,31,15,4),(5,31,15,5),(4,31,15,7),(4,31,15,8),(4,31,15,9),(4,31,15,10),(4,31,15,11),(4,31,15,12),(6,31,15,14),(6,31,15,15),(6,31,15,16),(6,31,15,17),(6,31,15,18),(6,31,15,26),(5,31,16,0),(5,31,16,1),(5,31,16,2),(5,31,16,3),(5,31,16,4),(4,31,16,5),(4,31,16,6),(4,31,16,7),(4,31,16,8),(4,31,16,9),(4,31,16,10),(4,31,16,11),(4,31,16,12),(4,31,16,21),(5,31,17,0),(5,31,17,2),(5,31,17,3),(5,31,17,4),(4,31,17,6),(4,31,17,7),(0,31,17,8),(4,31,17,10),(4,31,17,11),(4,31,17,12),(4,31,17,19),(4,31,17,20),(4,31,17,21),(4,31,17,22),(4,31,18,7),(6,31,18,12),(6,31,18,13),(4,31,18,19),(4,31,18,20),(4,31,18,21),(4,31,18,22),(5,31,19,6),(5,31,19,7),(5,31,19,8),(5,31,19,9),(6,31,19,13),(2,31,19,17),(4,31,19,19),(4,31,19,20),(4,31,19,21),(4,31,19,22),(5,31,20,6),(5,31,20,7),(5,31,20,9),(6,31,20,12),(6,31,20,13),(4,31,20,19),(4,31,20,20),(4,31,20,21),(4,31,20,22),(6,31,20,28),(5,31,21,7),(5,31,21,8),(5,31,21,9),(5,31,21,10),(6,31,21,12),(6,31,21,13),(4,31,21,19),(6,31,21,20),(4,31,21,21),(0,31,21,26),(6,31,21,28),(5,31,22,7),(5,31,22,8),(5,31,22,9),(5,31,22,10),(6,31,22,13),(4,31,22,19),(6,31,22,20),(6,31,22,21),(6,31,22,28),(5,31,23,7),(5,31,23,8),(0,31,23,9),(6,31,23,20),(4,31,23,23),(4,31,23,24),(6,31,23,26),(6,31,23,27),(6,31,23,28),(5,31,24,7),(5,31,24,8),(0,31,24,16),(6,31,24,18),(6,31,24,19),(6,31,24,20),(6,31,24,21),(4,31,24,23),(4,31,24,24),(4,31,24,25),(4,31,24,26),(6,31,24,27),(6,31,24,28),(5,31,25,6),(5,31,25,7),(5,31,25,8),(5,31,25,9),(4,31,25,24),(4,31,25,25),(4,31,25,26),(4,31,25,27),(5,31,26,7),(5,31,26,8),(4,31,26,24),(4,31,26,25),(4,31,26,27),(4,31,26,28),(4,31,27,24),(4,31,27,25),(4,31,27,26),(4,31,27,27),(4,31,27,28),(1,31,28,5),(4,31,28,24),(4,31,28,25),(2,31,28,26),(4,31,28,28),(4,31,29,24),(4,31,29,25),(4,31,29,28),(0,31,30,13),(8,31,30,16),(4,31,30,24),(4,31,30,25),(4,31,30,27),(4,31,30,28),(4,31,31,23),(4,31,31,24),(4,31,31,25),(4,31,31,26),(4,31,31,27),(4,31,31,28),(4,31,32,24),(4,31,32,25),(4,31,32,26),(4,31,32,27),(4,31,32,28),(4,37,0,0),(4,37,0,1),(4,37,0,2),(4,37,0,3),(4,37,0,4),(4,37,0,5),(4,37,0,6),(4,37,0,7),(6,37,0,25),(6,37,0,26),(6,37,0,27),(6,37,0,28),(6,37,0,29),(6,37,0,30),(4,37,1,0),(4,37,1,1),(4,37,1,2),(4,37,1,3),(4,37,1,4),(6,37,1,30),(4,37,2,1),(4,37,2,2),(4,37,2,3),(4,37,2,4),(0,37,2,24),(6,37,2,30),(4,37,3,1),(4,37,3,2),(2,37,4,13),(0,37,4,20),(6,37,6,5),(6,37,6,6),(6,37,6,7),(6,37,6,8),(3,37,6,19),(3,37,6,20),(3,37,6,21),(3,37,6,22),(3,37,6,23),(6,37,7,5),(6,37,7,6),(6,37,7,8),(6,37,7,9),(3,37,7,17),(3,37,7,18),(3,37,7,19),(3,37,7,20),(3,37,7,22),(3,37,8,18),(3,37,8,19),(3,37,8,20),(3,37,8,21),(3,37,8,22),(3,37,8,23),(3,37,8,24),(1,37,9,9),(3,37,9,17),(3,37,9,18),(3,37,9,19),(3,37,9,20),(3,37,9,21),(3,37,9,22),(3,37,9,23),(3,37,9,24),(0,37,10,3),(5,37,10,19),(3,37,10,20),(3,37,10,21),(3,37,10,22),(3,37,10,23),(5,37,11,19),(5,37,11,20),(5,37,11,21),(5,37,11,22),(5,37,12,19),(5,37,12,20),(5,37,12,21),(5,37,12,22),(9,37,12,24),(5,37,13,19),(14,37,13,20),(5,37,14,19),(5,37,15,16),(5,37,15,17),(5,37,15,18),(5,37,15,19),(5,37,16,16),(5,37,16,17),(5,37,16,18),(5,37,16,19),(5,37,16,20),(5,37,16,21),(5,37,16,22),(5,37,16,23),(4,37,16,25),(2,37,17,1),(6,37,17,7),(6,37,17,8),(6,37,17,9),(6,37,17,10),(5,37,17,16),(5,37,17,17),(5,37,17,18),(5,37,17,19),(5,37,17,20),(5,37,17,21),(5,37,17,22),(4,37,17,23),(4,37,17,24),(4,37,17,25),(6,37,18,8),(6,37,18,9),(6,37,18,10),(5,37,18,16),(5,37,18,17),(5,37,18,18),(5,37,18,19),(5,37,18,20),(5,37,18,21),(5,37,18,22),(4,37,18,23),(6,37,19,10),(5,37,19,19),(5,37,19,20),(5,37,19,21),(4,37,19,22),(4,37,19,23),(4,37,19,25),(4,37,19,26),(4,37,20,1),(4,37,20,2),(4,37,20,3),(4,37,20,4),(4,37,20,5),(4,37,20,6),(0,37,20,11),(5,37,20,19),(5,37,20,20),(5,37,20,21),(4,37,20,22),(4,37,20,23),(4,37,20,24),(4,37,20,25),(4,37,21,1),(4,37,21,2),(4,37,21,3),(4,37,21,4),(4,37,21,5),(5,37,21,19),(5,37,21,20),(4,37,21,21),(4,37,21,22),(4,37,21,23),(4,37,22,1),(3,37,22,2),(4,37,22,3),(4,37,22,5),(4,37,22,6),(4,37,22,7),(4,37,22,8),(5,37,22,19),(5,37,22,20),(4,37,22,22),(3,37,23,0),(3,37,23,1),(3,37,23,2),(3,37,23,3),(4,37,23,5),(4,37,23,7),(5,37,23,16),(5,37,23,17),(5,37,23,18),(5,37,23,19),(5,37,23,20),(4,37,23,21),(4,37,23,22),(3,37,24,0),(3,37,24,1),(3,37,24,2),(3,37,24,3),(3,37,24,4),(6,37,24,7),(5,37,24,16),(5,37,24,17),(5,37,24,18),(5,37,24,19),(5,37,24,20),(3,37,24,25),(3,37,25,0),(3,37,25,1),(3,37,25,2),(3,37,25,3),(3,37,25,4),(3,37,25,5),(6,37,25,6),(6,37,25,7),(6,37,25,8),(6,37,25,9),(5,37,25,16),(5,37,25,17),(5,37,25,19),(5,37,25,20),(3,37,25,25),(3,37,25,26),(3,37,26,0),(3,37,26,1),(3,37,26,2),(3,37,26,3),(5,37,26,4),(5,37,26,5),(6,37,26,6),(6,37,26,7),(5,37,26,16),(5,37,26,17),(5,37,26,18),(5,37,26,19),(0,37,26,24),(3,37,26,26),(3,37,26,27),(3,37,26,28),(3,37,27,0),(3,37,27,1),(3,37,27,3),(3,37,27,4),(5,37,27,5),(5,37,27,6),(6,37,27,7),(5,37,27,12),(5,37,27,14),(5,37,27,15),(5,37,27,16),(5,37,27,17),(5,37,27,18),(5,37,27,19),(4,37,27,20),(4,37,27,21),(4,37,27,22),(4,37,27,23),(3,37,27,26),(3,37,27,27),(3,37,28,0),(3,37,28,1),(3,37,28,4),(5,37,28,5),(6,37,28,6),(6,37,28,7),(6,37,28,9),(6,37,28,10),(5,37,28,12),(5,37,28,13),(5,37,28,14),(5,37,28,15),(5,37,28,16),(5,37,28,17),(0,37,28,18),(4,37,28,20),(4,37,28,21),(4,37,28,22),(4,37,28,23),(4,37,28,24),(3,37,28,26),(3,37,28,27),(3,37,28,28),(3,37,29,1),(3,37,29,2),(5,37,29,4),(5,37,29,5),(6,37,29,6),(6,37,29,7),(6,37,29,8),(6,37,29,9),(5,37,29,11),(5,37,29,12),(5,37,29,13),(5,37,29,14),(5,37,29,16),(5,37,29,17),(3,37,29,20),(4,37,29,21),(4,37,29,22),(4,37,29,23),(3,37,29,24),(3,37,29,25),(3,37,29,26),(5,37,30,2),(5,37,30,3),(5,37,30,4),(5,37,30,5),(5,37,30,6),(5,37,30,7),(5,37,30,8),(5,37,30,9),(5,37,30,10),(5,37,30,12),(5,37,30,13),(5,37,30,14),(5,37,30,15),(5,37,30,16),(5,37,30,18),(5,37,30,19),(3,37,30,20),(4,37,30,21),(4,37,30,22),(4,37,30,23),(3,37,30,24),(3,37,30,25),(3,37,30,26),(3,37,30,27),(5,37,31,2),(5,37,31,3),(5,37,31,4),(5,37,31,5),(5,37,31,6),(5,37,31,7),(5,37,31,8),(5,37,31,9),(5,37,31,10),(5,37,31,11),(5,37,31,12),(5,37,31,13),(0,37,31,14),(5,37,31,16),(5,37,31,17),(5,37,31,18),(3,37,31,19),(3,37,31,20),(4,37,31,21),(4,37,31,22),(4,37,31,23),(3,37,31,24),(3,37,31,25),(3,37,31,26),(3,37,31,27),(3,37,31,28),(5,37,32,2),(5,37,32,4),(5,37,32,5),(5,37,32,6),(5,37,32,7),(5,37,32,8),(5,37,32,9),(5,37,32,10),(5,37,32,12),(5,37,32,13),(5,37,32,16),(5,37,32,17),(5,37,32,18),(5,37,32,19),(3,37,32,20),(3,37,32,21),(4,37,32,22),(3,37,32,23),(3,37,32,24),(3,37,32,25),(3,37,32,28),(5,37,33,2),(5,37,33,4),(5,37,33,5),(5,37,33,6),(5,37,33,7),(5,37,33,8),(5,37,33,9),(5,37,33,10),(5,37,33,11),(5,37,33,12),(5,37,33,16),(3,37,33,17),(3,37,33,18),(3,37,33,19),(3,37,33,20),(3,37,33,21),(3,37,33,22),(3,37,33,23),(3,37,33,24),(3,37,33,25),(3,37,33,28),(12,44,0,4),(3,44,0,10),(3,44,0,11),(3,44,0,12),(3,44,0,13),(3,44,0,14),(3,44,0,15),(6,44,0,16),(6,44,0,17),(6,44,0,18),(6,44,0,19),(6,44,0,20),(4,44,0,26),(4,44,0,27),(3,44,1,10),(3,44,1,11),(3,44,1,12),(3,44,1,13),(3,44,1,14),(3,44,1,15),(6,44,1,16),(6,44,1,17),(6,44,1,18),(6,44,1,19),(6,44,1,20),(4,44,1,25),(4,44,1,26),(3,44,2,10),(3,44,2,12),(3,44,2,13),(3,44,2,14),(6,44,2,15),(6,44,2,16),(6,44,2,17),(6,44,2,18),(6,44,2,20),(4,44,2,25),(4,44,2,26),(4,44,2,27),(3,44,3,11),(3,44,3,12),(3,44,3,13),(3,44,3,14),(6,44,3,17),(6,44,3,18),(4,44,3,26),(0,44,4,12),(0,44,4,17),(4,44,4,24),(4,44,4,25),(4,44,4,26),(4,44,5,24),(4,44,5,25),(8,44,6,8),(4,44,6,25),(1,44,7,5),(4,44,7,14),(4,44,7,16),(13,44,7,20),(4,44,8,13),(4,44,8,14),(4,44,8,15),(4,44,8,16),(4,44,9,13),(4,44,9,14),(4,44,9,15),(4,44,9,16),(4,44,10,14),(4,44,11,5),(4,44,11,14),(4,44,11,15),(4,44,11,16),(6,44,11,29),(4,44,12,5),(4,44,12,6),(4,44,12,7),(4,44,12,8),(14,44,12,14),(6,44,12,29),(6,44,12,30),(4,44,13,5),(4,44,13,6),(0,44,13,11),(6,44,13,29),(6,44,13,30),(4,44,14,5),(6,44,14,28),(6,44,14,29),(6,44,14,30),(4,44,15,5),(4,44,15,6),(0,44,15,7),(3,44,15,13),(3,44,15,14),(3,44,15,15),(6,44,15,27),(6,44,15,28),(6,44,15,29),(6,44,15,30),(4,44,16,4),(4,44,16,5),(4,44,16,6),(3,44,16,11),(3,44,16,12),(3,44,16,13),(6,44,16,27),(6,44,16,30),(4,44,17,6),(5,44,17,7),(3,44,17,9),(3,44,17,10),(3,44,17,11),(3,44,17,12),(3,44,17,13),(3,44,17,14),(6,44,17,28),(6,44,17,29),(6,44,17,30),(5,44,18,7),(5,44,18,8),(3,44,18,10),(3,44,18,12),(3,44,18,13),(3,44,18,14),(0,44,19,1),(4,44,19,3),(4,44,19,4),(5,44,19,5),(5,44,19,6),(5,44,19,7),(5,44,19,8),(5,44,19,9),(3,44,19,12),(3,44,19,13),(3,44,19,14),(4,44,20,4),(4,44,20,5),(5,44,20,6),(5,44,20,7),(5,44,20,8),(3,44,20,14),(4,44,21,4),(4,44,21,5),(4,44,21,6),(5,44,21,7),(1,44,21,25),(4,44,22,3),(4,44,22,4),(4,44,22,5),(4,44,22,6),(0,44,22,11),(4,44,23,3),(4,44,23,4),(4,44,23,5),(5,44,23,27),(0,44,24,4),(11,44,24,15),(5,44,24,26),(5,44,24,27),(5,44,24,28),(5,44,25,10),(5,44,25,11),(6,44,25,21),(5,44,25,27),(5,44,25,28),(5,44,25,29),(5,44,25,30),(5,44,26,8),(5,44,26,10),(5,44,26,11),(6,44,26,21),(3,44,26,26),(5,44,26,27),(5,44,26,28),(5,44,26,29),(5,44,27,8),(5,44,27,9),(5,44,27,10),(10,44,27,11),(6,44,27,21),(6,44,27,22),(6,44,27,23),(3,44,27,24),(3,44,27,25),(3,44,27,26),(3,44,27,27),(5,44,27,28),(3,44,27,29),(5,44,28,9),(5,44,28,10),(6,44,28,21),(2,44,28,23),(3,44,28,25),(3,44,28,26),(3,44,28,27),(3,44,28,28),(3,44,28,29),(2,44,29,8),(5,44,29,10),(0,44,29,16),(6,44,29,20),(6,44,29,21),(6,44,29,22),(5,44,29,25),(5,44,29,26),(3,44,29,27),(3,44,29,28),(3,44,29,29),(3,44,29,30),(5,44,30,10),(6,44,30,21),(6,44,30,22),(6,44,30,23),(5,44,30,24),(5,44,30,25),(5,44,30,26),(5,44,30,27),(3,44,30,28),(3,44,30,29),(3,44,30,30),(6,44,31,21),(6,44,31,22),(6,44,31,23),(5,44,31,24),(5,44,31,25),(5,44,31,26),(5,44,31,27),(3,44,31,28),(6,44,32,20),(6,44,32,21),(5,44,32,26),(5,44,32,27),(3,44,32,28),(5,49,0,3),(5,49,0,4),(5,49,0,5),(5,49,0,6),(5,49,0,7),(5,49,0,8),(6,49,0,9),(6,49,0,11),(6,49,0,12),(5,49,1,2),(5,49,1,5),(5,49,1,6),(5,49,1,7),(6,49,1,9),(6,49,1,10),(6,49,1,11),(6,49,1,12),(6,49,1,13),(0,49,1,27),(5,49,2,1),(5,49,2,2),(5,49,2,4),(5,49,2,5),(5,49,2,6),(5,49,2,7),(5,49,2,8),(6,49,2,12),(5,49,3,0),(5,49,3,1),(5,49,3,2),(5,49,3,3),(5,49,3,4),(5,49,3,5),(5,49,3,6),(5,49,3,7),(3,49,3,8),(3,49,3,9),(0,49,3,10),(3,49,3,12),(0,49,3,22),(5,49,4,1),(5,49,4,2),(5,49,4,3),(5,49,4,5),(1,49,4,6),(3,49,4,8),(3,49,4,9),(3,49,4,12),(3,49,4,13),(0,49,4,18),(4,49,5,0),(4,49,5,1),(3,49,5,8),(3,49,5,9),(3,49,5,11),(3,49,5,12),(3,49,5,13),(3,49,5,14),(3,49,5,15),(3,49,5,16),(3,49,5,17),(4,49,6,0),(4,49,6,1),(4,49,6,2),(4,49,6,4),(3,49,6,5),(3,49,6,6),(3,49,6,7),(3,49,6,8),(3,49,6,9),(3,49,6,10),(3,49,6,11),(3,49,6,12),(3,49,6,13),(3,49,6,14),(3,49,6,15),(3,49,6,16),(3,49,6,17),(4,49,7,0),(4,49,7,1),(4,49,7,2),(4,49,7,3),(4,49,7,4),(3,49,7,6),(3,49,7,7),(3,49,7,8),(3,49,7,9),(3,49,7,10),(13,49,7,11),(3,49,7,13),(3,49,7,14),(3,49,7,15),(4,49,8,0),(4,49,8,1),(0,49,8,2),(4,49,8,4),(4,49,8,5),(3,49,8,6),(3,49,8,7),(3,49,8,8),(3,49,8,9),(3,49,8,10),(3,49,8,13),(3,49,8,14),(0,49,8,15),(6,49,9,1),(3,49,9,6),(3,49,9,7),(3,49,9,8),(3,49,9,9),(3,49,9,10),(6,49,10,1),(6,49,10,2),(6,49,10,3),(6,49,10,4),(3,49,10,5),(3,49,10,6),(3,49,10,7),(3,49,10,8),(3,49,10,9),(3,49,10,10),(6,49,11,2),(6,49,11,3),(3,49,11,5),(3,49,11,8),(3,49,11,9),(3,49,11,10),(6,49,12,2),(6,49,12,3),(3,49,12,4),(3,49,12,5),(3,49,12,8),(3,49,12,9),(5,49,12,10),(3,49,13,6),(3,49,13,7),(3,49,13,8),(5,49,13,9),(5,49,13,10),(3,49,14,6),(5,49,14,9),(5,49,14,10),(12,49,14,13),(4,49,14,20),(3,49,15,6),(5,49,15,9),(5,49,15,10),(5,49,15,11),(4,49,15,19),(4,49,15,20),(4,49,15,21),(2,49,15,23),(5,49,16,6),(5,49,16,7),(5,49,16,8),(5,49,16,9),(5,49,16,10),(5,49,16,11),(4,49,16,19),(4,49,16,20),(4,49,16,21),(5,49,17,6),(5,49,17,7),(5,49,17,8),(5,49,17,9),(5,49,17,10),(5,49,17,11),(4,49,17,19),(4,49,17,20),(4,49,17,21),(5,49,18,6),(5,49,18,7),(5,49,18,8),(5,49,18,9),(5,49,18,10),(5,49,18,11),(4,49,18,19),(4,49,18,20),(4,49,18,21),(4,49,18,22),(5,49,19,6),(5,49,19,7),(5,49,19,8),(5,49,19,10),(4,49,19,20),(6,49,20,3),(5,49,20,9),(5,49,20,10),(6,49,21,2),(6,49,21,3),(6,49,21,4),(5,49,21,9),(5,49,21,10),(6,49,22,2),(3,49,22,3),(6,49,22,4),(5,49,22,9),(5,49,22,10),(9,49,22,19),(2,49,22,26),(6,49,23,2),(3,49,23,3),(6,49,23,4),(4,49,23,5),(5,49,23,9),(3,49,24,0),(3,49,24,1),(6,49,24,2),(3,49,24,3),(3,49,24,4),(4,49,24,5),(5,49,24,6),(5,49,24,7),(5,49,24,8),(5,49,24,9),(5,49,24,10),(11,49,24,12),(3,49,25,0),(3,49,25,1),(3,49,25,2),(3,49,25,3),(3,49,25,4),(4,49,25,5),(4,49,25,6),(5,49,25,7),(5,49,25,8),(5,49,25,9),(5,49,25,10),(5,49,25,11),(3,49,26,0),(3,49,26,1),(3,49,26,2),(3,49,26,3),(4,49,26,4),(4,49,26,5),(4,49,26,6),(4,49,26,7),(5,49,26,8),(5,49,26,9),(5,49,26,10),(5,49,26,11),(4,49,26,24),(6,49,27,0),(3,49,27,1),(3,49,27,2),(4,49,27,3),(4,49,27,4),(5,49,27,6),(5,49,27,7),(5,49,27,8),(5,49,27,9),(3,49,27,18),(3,49,27,19),(3,49,27,20),(3,49,27,21),(4,49,27,23),(4,49,27,24),(6,49,28,0),(3,49,28,1),(3,49,28,2),(3,49,28,3),(4,49,28,4),(4,49,28,5),(5,49,28,7),(5,49,28,8),(5,49,28,9),(3,49,28,10),(3,49,28,11),(3,49,28,12),(3,49,28,13),(3,49,28,14),(3,49,28,15),(3,49,28,16),(3,49,28,17),(3,49,28,18),(3,49,28,19),(3,49,28,20),(4,49,28,22),(4,49,28,23),(4,49,28,24),(4,49,28,25),(4,49,28,26),(6,49,29,0),(6,49,29,1),(6,49,29,2),(3,49,29,3),(4,49,29,4),(4,49,29,5),(4,49,29,7),(4,49,29,8),(3,49,29,10),(0,49,29,11),(3,49,29,13),(3,49,29,14),(3,49,29,15),(3,49,29,16),(3,49,29,17),(3,49,29,18),(3,49,29,19),(3,49,29,20),(0,49,29,21),(4,49,29,23),(4,49,29,24),(6,49,29,25),(4,49,29,26),(4,49,29,27),(6,49,30,0),(6,49,30,1),(3,49,30,2),(3,49,30,3),(4,49,30,4),(4,49,30,5),(4,49,30,6),(4,49,30,7),(4,49,30,8),(4,49,30,9),(4,49,30,10),(3,49,30,13),(3,49,30,14),(3,49,30,15),(3,49,30,16),(3,49,30,19),(4,49,30,23),(6,49,30,24),(6,49,30,25),(4,49,30,26),(6,49,31,0),(6,49,31,1),(3,49,31,2),(3,49,31,3),(4,49,31,4),(4,49,31,5),(4,49,31,6),(4,49,31,7),(4,49,31,8),(4,49,31,9),(4,49,31,10),(3,49,31,15),(3,49,31,16),(3,49,31,17),(3,49,31,18),(3,49,31,19),(6,49,31,20),(6,49,31,21),(6,49,31,22),(6,49,31,23),(6,49,31,24),(6,49,31,25),(4,49,31,26),(8,61,0,1),(3,61,0,4),(3,61,0,5),(3,61,0,6),(3,61,0,7),(3,61,0,8),(6,61,0,9),(5,61,0,20),(5,61,0,21),(5,61,0,22),(5,61,0,23),(5,61,0,24),(5,61,0,25),(4,61,0,29),(3,61,1,4),(3,61,1,5),(4,61,1,6),(3,61,1,7),(6,61,1,8),(6,61,1,9),(6,61,1,10),(3,61,1,22),(5,61,1,23),(5,61,1,24),(5,61,1,25),(4,61,1,28),(4,61,1,29),(3,61,2,4),(3,61,2,5),(4,61,2,6),(3,61,2,7),(3,61,2,8),(3,61,2,9),(6,61,2,10),(5,61,2,22),(5,61,2,23),(5,61,2,24),(5,61,2,25),(4,61,2,28),(4,61,2,29),(5,61,3,0),(3,61,3,1),(3,61,3,2),(5,61,3,3),(3,61,3,4),(3,61,3,5),(4,61,3,6),(4,61,3,7),(4,61,3,8),(4,61,3,9),(6,61,3,10),(6,61,3,11),(2,61,3,13),(3,61,3,17),(5,61,3,22),(5,61,3,23),(5,61,3,24),(4,61,3,25),(4,61,3,28),(4,61,3,29),(5,61,4,0),(3,61,4,1),(5,61,4,2),(5,61,4,3),(3,61,4,4),(3,61,4,5),(3,61,4,6),(4,61,4,7),(4,61,4,8),(4,61,4,9),(4,61,4,10),(6,61,4,11),(3,61,4,17),(5,61,4,22),(5,61,4,23),(4,61,4,24),(4,61,4,25),(4,61,4,26),(4,61,4,27),(4,61,4,28),(4,61,4,29),(5,61,5,0),(5,61,5,1),(5,61,5,3),(3,61,5,4),(3,61,5,5),(4,61,5,6),(4,61,5,7),(4,61,5,8),(4,61,5,10),(3,61,5,17),(3,61,5,18),(3,61,5,19),(3,61,5,20),(3,61,5,21),(5,61,5,22),(4,61,5,27),(4,61,5,28),(4,61,5,29),(5,61,6,1),(5,61,6,2),(5,61,6,3),(5,61,6,4),(5,61,6,5),(4,61,6,6),(4,61,6,10),(3,61,6,19),(3,61,6,20),(3,61,6,21),(5,61,6,22),(5,61,6,23),(14,61,6,26),(5,61,7,1),(5,61,7,2),(5,61,7,3),(5,61,7,4),(4,61,7,6),(3,61,7,19),(5,61,7,22),(5,61,8,2),(5,61,8,3),(5,61,8,4),(3,61,8,19),(5,61,9,3),(4,61,9,10),(4,61,9,11),(3,61,9,19),(3,61,9,20),(5,61,10,3),(4,61,10,7),(4,61,10,9),(4,61,10,10),(6,61,10,13),(3,61,10,19),(3,61,10,20),(3,61,10,21),(0,61,11,2),(4,61,11,6),(4,61,11,7),(4,61,11,8),(4,61,11,9),(4,61,11,10),(6,61,11,13),(6,61,11,14),(5,61,11,15),(5,61,11,16),(5,61,11,17),(5,61,11,18),(3,61,11,19),(3,61,11,20),(3,61,11,21),(3,61,11,22),(4,61,12,6),(4,61,12,7),(4,61,12,8),(4,61,12,9),(4,61,12,10),(4,61,12,11),(6,61,12,14),(6,61,12,15),(5,61,12,16),(5,61,12,17),(5,61,12,18),(5,61,12,19),(3,61,12,20),(3,61,12,21),(3,61,12,22),(0,61,13,6),(4,61,13,8),(6,61,13,14),(5,61,13,15),(5,61,13,16),(5,61,13,17),(6,61,14,14),(6,61,14,15),(5,61,14,16),(5,61,14,17),(1,61,14,27),(5,61,15,14),(5,61,15,15),(5,61,15,16),(5,61,15,17),(4,61,16,13),(5,61,16,14),(5,61,16,15),(5,61,16,16),(4,61,17,10),(4,61,17,11),(4,61,17,12),(4,61,17,13),(5,61,17,15),(5,61,17,16),(0,61,18,8),(5,61,18,10),(4,61,18,11),(4,61,18,12),(0,61,18,15),(5,61,18,22),(2,61,18,24),(5,61,19,10),(4,61,19,11),(4,61,19,12),(4,61,19,13),(0,61,19,20),(5,61,19,22),(5,61,19,23),(12,61,20,0),(6,61,20,6),(6,61,20,7),(6,61,20,8),(6,61,20,9),(4,61,20,10),(4,61,20,11),(4,61,20,12),(4,61,20,13),(4,61,20,14),(6,61,20,19),(5,61,20,22),(5,61,20,23),(5,61,20,24),(3,61,21,6),(3,61,21,7),(6,61,21,8),(6,61,21,9),(6,61,21,10),(4,61,21,14),(6,61,21,18),(6,61,21,19),(6,61,21,20),(5,61,21,21),(5,61,21,22),(5,61,21,23),(5,61,21,24),(5,61,21,26),(3,61,22,6),(3,61,22,7),(6,61,22,8),(3,61,22,9),(0,61,22,11),(4,61,22,14),(6,61,22,18),(6,61,22,19),(6,61,22,20),(6,61,22,21),(5,61,22,22),(5,61,22,23),(5,61,22,24),(5,61,22,25),(5,61,22,26),(0,61,22,27),(3,61,23,6),(3,61,23,7),(3,61,23,8),(3,61,23,9),(3,61,23,10),(0,61,23,22),(5,61,23,24),(5,61,23,25),(5,61,23,26),(3,61,24,6),(3,61,24,7),(3,61,24,8),(3,61,24,9),(3,61,24,10),(3,61,24,11),(3,61,24,12),(5,61,24,24),(5,61,24,26),(3,61,25,6),(3,61,25,8),(3,61,25,9),(3,61,25,10),(3,61,25,11),(3,61,25,12),(3,61,25,13),(5,61,25,24),(3,64,0,10),(3,64,0,11),(3,64,0,12),(3,64,0,13),(6,64,0,14),(6,64,0,15),(6,64,0,16),(8,64,1,3),(3,64,1,10),(3,64,1,11),(3,64,1,12),(3,64,1,13),(6,64,1,14),(6,64,1,16),(3,64,2,7),(3,64,2,8),(3,64,2,9),(3,64,2,10),(3,64,2,12),(6,64,2,14),(6,64,2,16),(13,64,2,17),(3,64,3,8),(3,64,3,9),(0,64,3,11),(3,64,4,8),(3,64,4,9),(3,64,4,10),(5,64,8,16),(5,64,9,15),(5,64,9,16),(5,64,9,17),(5,64,10,16),(5,64,10,17),(3,64,10,19),(4,64,11,10),(4,64,11,14),(5,64,11,17),(3,64,11,18),(3,64,11,19),(3,64,11,21),(3,64,11,22),(4,64,12,10),(2,64,12,11),(4,64,12,13),(4,64,12,14),(3,64,12,18),(3,64,12,19),(3,64,12,20),(3,64,12,21),(4,64,13,10),(4,64,13,13),(4,64,13,14),(4,64,13,15),(4,64,13,19),(4,64,13,21),(9,64,14,5),(4,64,14,8),(4,64,14,9),(4,64,14,10),(4,64,14,11),(4,64,14,12),(4,64,14,13),(4,64,14,14),(4,64,14,15),(4,64,14,19),(4,64,14,21),(0,64,15,1),(4,64,15,8),(4,64,15,9),(4,64,15,10),(4,64,15,11),(4,64,15,12),(5,64,15,13),(4,64,15,14),(4,64,15,18),(4,64,15,19),(4,64,15,20),(4,64,15,21),(4,64,15,22),(4,64,16,8),(4,64,16,9),(4,64,16,10),(4,64,16,11),(5,64,16,12),(5,64,16,13),(4,64,16,14),(4,64,16,19),(4,64,16,21),(4,64,16,22),(4,64,17,8),(2,64,17,10),(5,64,17,12),(5,64,17,13),(5,64,17,14),(5,64,17,17),(4,64,17,18),(4,64,17,19),(4,64,17,22),(4,64,18,8),(5,64,18,13),(5,64,18,17),(5,64,19,16),(5,64,19,17),(5,64,19,18),(5,64,20,17),(5,64,20,18),(0,64,21,5),(14,64,21,8),(5,64,21,18),(5,64,21,19),(5,64,21,20),(3,64,22,0),(6,64,22,1),(6,64,22,2),(6,64,22,3),(6,64,22,4),(5,64,22,17),(5,64,22,18),(5,64,22,19),(3,64,23,0),(6,64,23,3),(6,64,23,4),(6,64,23,5),(6,64,23,6),(5,64,23,17),(4,64,23,19),(3,64,24,0),(3,64,24,1),(3,64,24,2),(6,64,24,4),(6,64,24,5),(6,64,24,6),(6,64,24,7),(4,64,24,19),(4,64,24,20),(3,64,25,0),(3,64,25,1),(6,64,25,5),(6,64,25,6),(4,64,25,15),(4,64,25,16),(4,64,25,17),(4,64,25,18),(4,64,25,19),(4,64,25,20),(3,64,26,0),(3,64,26,1),(0,64,26,2),(6,64,26,5),(6,64,26,6),(3,64,26,8),(2,64,26,11),(4,64,26,14),(4,64,26,15),(0,64,26,16),(4,64,26,18),(4,64,26,19),(1,64,26,20),(6,64,27,4),(6,64,27,5),(6,64,27,6),(3,64,27,7),(3,64,27,8),(3,64,27,9),(3,64,27,10),(4,64,27,13),(4,64,27,14),(4,64,27,15),(4,64,27,18),(4,64,27,19),(4,64,27,22),(6,64,28,4),(6,64,28,6),(3,64,28,7),(3,64,28,8),(3,64,28,9),(3,64,28,10),(4,64,28,12),(4,64,28,13),(4,64,28,14),(4,64,28,15),(4,64,28,16),(4,64,28,17),(4,64,28,18),(4,64,28,19),(4,64,28,20),(4,64,28,21),(4,64,28,22),(0,70,0,0),(5,70,0,3),(5,70,0,4),(5,70,0,5),(5,70,0,6),(5,70,0,7),(5,70,0,8),(5,70,0,9),(5,70,0,10),(5,70,0,11),(5,70,0,12),(5,70,0,13),(5,70,0,14),(5,70,0,26),(5,70,0,27),(5,70,0,28),(5,70,0,29),(5,70,1,3),(11,70,1,4),(5,70,1,11),(5,70,1,12),(5,70,1,13),(13,70,1,16),(4,70,1,19),(4,70,1,20),(4,70,1,21),(4,70,1,22),(5,70,1,26),(5,70,1,27),(5,70,1,28),(5,70,1,29),(5,70,2,2),(5,70,2,3),(5,70,2,10),(5,70,2,12),(5,70,2,13),(5,70,2,14),(5,70,2,15),(4,70,2,20),(4,70,2,21),(4,70,2,22),(4,70,2,23),(5,70,2,27),(5,70,2,28),(5,70,2,29),(0,70,3,1),(5,70,3,10),(5,70,3,11),(5,70,3,12),(5,70,3,13),(5,70,3,14),(4,70,3,20),(4,70,3,21),(4,70,3,22),(4,70,3,23),(4,70,3,24),(5,70,3,28),(5,70,3,29),(5,70,4,12),(5,70,4,13),(6,70,4,18),(4,70,4,21),(4,70,4,22),(4,70,4,23),(5,70,4,26),(5,70,4,27),(5,70,4,28),(6,70,5,8),(6,70,5,9),(6,70,5,18),(6,70,5,19),(4,70,5,22),(4,70,5,23),(4,70,5,24),(5,70,5,26),(5,70,5,27),(6,70,6,7),(6,70,6,8),(6,70,6,9),(6,70,6,11),(6,70,6,18),(6,70,6,19),(6,70,7,9),(6,70,7,10),(6,70,7,18),(12,70,7,23),(6,70,8,9),(6,70,8,10),(6,70,8,16),(6,70,8,17),(6,70,8,18),(3,70,9,3),(3,70,9,4),(3,70,10,0),(3,70,10,2),(3,70,10,3),(3,70,10,4),(8,70,10,5),(0,70,10,20),(3,70,11,0),(3,70,11,1),(3,70,11,2),(3,70,11,3),(3,70,12,0),(3,70,12,1),(3,70,12,2),(3,70,13,0),(3,70,13,1),(3,70,13,2),(3,70,13,4),(3,70,14,0),(3,70,14,1),(3,70,14,2),(3,70,14,3),(3,70,14,4),(3,70,15,0),(3,70,15,1),(3,70,15,2),(3,70,15,3),(3,70,15,4),(3,70,16,0),(3,70,16,1),(3,70,16,2),(3,70,16,3),(5,70,16,29),(3,70,17,0),(3,70,17,1),(3,70,17,2),(3,70,17,3),(3,70,17,4),(2,70,17,28),(3,70,18,0),(3,70,18,1),(3,70,18,2),(3,70,18,3),(3,70,18,4),(3,70,18,5),(0,70,18,23),(3,70,19,0),(3,70,19,1),(3,70,19,2),(3,70,19,3),(3,70,19,4),(3,70,19,5),(5,70,19,29),(3,70,20,0),(3,70,20,1),(3,70,20,2),(3,70,20,3),(3,70,20,4),(3,70,20,5),(5,70,20,28),(5,70,20,29),(3,70,21,0),(3,70,21,1),(3,70,21,2),(3,70,21,3),(3,70,21,4),(5,70,21,29),(3,70,22,0),(3,70,22,1),(3,70,22,2),(14,70,22,25),(5,70,22,29),(3,70,23,0),(3,70,23,1),(3,70,23,2),(3,70,23,3),(4,70,23,9),(5,70,23,29),(3,70,24,1),(3,70,24,2),(0,70,24,4),(4,70,24,7),(4,70,24,8),(4,70,24,9),(4,70,24,10),(4,70,24,11),(5,70,24,29),(4,70,25,7),(4,70,25,8),(4,70,25,9),(4,70,25,10),(5,70,25,27),(5,70,25,29),(4,70,26,6),(4,70,26,7),(4,70,26,8),(4,70,26,9),(4,70,26,10),(2,70,26,12),(6,70,26,22),(6,70,26,23),(5,70,26,27),(5,70,26,28),(5,70,26,29),(4,70,27,5),(4,70,27,6),(4,70,27,7),(4,70,27,8),(4,70,27,9),(4,70,27,10),(5,70,27,17),(5,70,27,18),(5,70,27,21),(5,70,27,22),(6,70,27,23),(6,70,27,24),(0,70,28,4),(4,70,28,6),(4,70,28,7),(4,70,28,8),(4,70,28,9),(4,70,28,10),(5,70,28,15),(5,70,28,16),(5,70,28,17),(5,70,28,18),(5,70,28,19),(5,70,28,21),(5,70,28,22),(6,70,28,23),(6,70,28,24),(5,70,28,25),(5,70,28,26),(5,70,28,27),(5,70,28,28),(4,70,29,7),(4,70,29,8),(4,70,29,9),(4,70,29,10),(4,70,29,11),(5,70,29,16),(5,70,29,17),(5,70,29,18),(5,70,29,19),(5,70,29,20),(5,70,29,21),(5,70,29,22),(6,70,29,23),(6,70,29,24),(6,70,29,25),(6,70,29,26),(5,70,29,27),(5,73,0,8),(5,73,0,10),(5,73,0,11),(5,73,0,12),(4,73,0,13),(4,73,0,14),(4,73,0,15),(6,73,0,17),(5,73,1,8),(5,73,1,9),(5,73,1,10),(4,73,1,12),(4,73,1,13),(4,73,1,14),(4,73,1,15),(6,73,1,17),(5,73,2,9),(5,73,2,10),(5,73,2,11),(4,73,2,12),(4,73,2,13),(4,73,2,14),(6,73,2,17),(6,73,2,18),(6,73,2,19),(3,73,2,29),(2,73,3,2),(5,73,3,8),(5,73,3,9),(5,73,3,11),(4,73,3,12),(4,73,3,13),(4,73,3,14),(4,73,3,15),(6,73,3,18),(3,73,3,29),(5,73,4,8),(5,73,4,9),(4,73,4,12),(4,73,4,13),(4,73,4,14),(6,73,4,18),(0,73,4,22),(3,73,4,28),(3,73,4,29),(3,73,4,30),(5,73,5,8),(4,73,5,13),(4,73,5,14),(4,73,5,15),(4,73,5,16),(6,73,5,17),(6,73,5,18),(3,73,5,26),(3,73,5,28),(3,73,5,29),(3,73,5,30),(4,73,6,13),(4,73,6,14),(4,73,6,15),(5,73,6,21),(3,73,6,25),(3,73,6,26),(3,73,6,27),(3,73,6,28),(3,73,6,29),(3,73,6,30),(4,73,7,0),(4,73,7,13),(4,73,7,14),(4,73,7,15),(4,73,7,16),(5,73,7,21),(3,73,7,28),(3,73,7,30),(4,73,8,0),(4,73,8,13),(4,73,8,14),(4,73,8,15),(4,73,8,17),(4,73,8,18),(5,73,8,21),(3,73,8,26),(3,73,8,28),(3,73,8,29),(3,73,8,30),(4,73,9,0),(3,73,9,6),(4,73,9,13),(4,73,9,14),(4,73,9,15),(4,73,9,16),(4,73,9,17),(4,73,9,18),(5,73,9,21),(5,73,9,22),(5,73,9,23),(3,73,9,26),(3,73,9,27),(3,73,9,28),(3,73,9,29),(3,73,9,30),(4,73,10,0),(4,73,10,2),(4,73,10,3),(3,73,10,6),(3,73,10,8),(4,73,10,12),(4,73,10,13),(4,73,10,14),(4,73,10,15),(4,73,10,16),(4,73,10,17),(4,73,10,18),(5,73,10,20),(5,73,10,21),(3,73,10,26),(3,73,10,27),(3,73,10,28),(3,73,10,29),(3,73,10,30),(4,73,11,0),(4,73,11,1),(4,73,11,2),(4,73,11,3),(4,73,11,4),(3,73,11,5),(3,73,11,6),(3,73,11,7),(3,73,11,8),(4,73,11,13),(4,73,11,14),(4,73,11,15),(4,73,11,16),(4,73,11,17),(5,73,11,19),(5,73,11,20),(5,73,11,21),(6,73,11,23),(6,73,11,24),(3,73,11,29),(3,73,11,30),(4,73,12,0),(4,73,12,1),(4,73,12,2),(4,73,12,3),(3,73,12,6),(3,73,12,7),(4,73,12,13),(4,73,12,14),(4,73,12,15),(5,73,12,19),(5,73,12,21),(6,73,12,22),(6,73,12,23),(6,73,12,24),(3,73,12,29),(3,73,12,30),(4,73,13,0),(4,73,13,1),(4,73,13,2),(4,73,13,3),(4,73,13,4),(4,73,13,5),(3,73,13,6),(3,73,13,7),(2,73,13,15),(5,73,13,20),(5,73,13,21),(6,73,13,23),(6,73,13,24),(3,73,13,30),(4,73,14,1),(4,73,14,3),(4,73,14,5),(3,73,14,6),(3,73,14,7),(3,73,14,8),(3,73,14,9),(5,73,14,21),(6,73,14,23),(6,73,14,24),(3,73,14,29),(3,73,14,30),(4,73,15,1),(4,73,15,2),(3,73,15,6),(3,73,15,7),(3,73,15,8),(3,73,15,9),(5,73,15,16),(6,73,15,26),(6,73,15,27),(6,73,15,28),(4,73,16,2),(0,73,16,3),(14,73,16,6),(5,73,16,13),(5,73,16,15),(5,73,16,16),(6,73,16,26),(6,73,16,27),(6,73,16,28),(5,73,17,11),(5,73,17,12),(5,73,17,13),(5,73,17,14),(5,73,17,15),(0,73,17,25),(6,73,17,27),(6,73,17,28),(6,73,18,1),(5,73,18,11),(5,73,18,13),(5,73,18,14),(5,73,18,15),(6,73,18,27),(6,73,19,1),(5,73,19,11),(5,73,19,13),(5,73,19,14),(6,73,20,0),(6,73,20,1),(6,73,21,0),(6,73,22,0),(6,73,22,1),(6,73,22,8),(3,73,22,27),(6,73,23,0),(5,73,23,1),(5,73,23,2),(5,73,23,3),(6,73,23,8),(6,73,23,9),(3,73,23,25),(3,73,23,26),(3,73,23,27),(6,73,24,0),(5,73,24,1),(5,73,24,2),(5,73,24,3),(3,73,24,5),(3,73,24,6),(6,73,24,8),(6,73,24,9),(0,73,24,21),(3,73,24,23),(3,73,24,24),(3,73,24,25),(3,73,24,26),(0,73,24,27),(5,73,25,0),(5,73,25,1),(5,73,25,2),(5,73,25,3),(5,73,25,4),(3,73,25,5),(3,73,25,6),(6,73,25,7),(6,73,25,8),(6,73,25,9),(3,73,25,25),(3,73,25,26),(5,73,26,0),(5,73,26,1),(3,73,26,2),(3,73,26,3),(3,73,26,4),(3,73,26,5),(6,73,26,8),(3,73,26,26),(3,73,26,27),(3,73,26,28),(3,73,26,29),(5,73,27,0),(3,73,27,2),(3,73,27,3),(3,73,27,4),(3,73,27,5),(3,73,27,6),(3,73,27,25),(3,73,27,26),(3,73,27,27),(5,73,28,0),(5,73,28,1),(3,73,28,2),(3,73,28,3),(3,73,28,4),(3,73,28,5),(3,73,28,6),(3,73,28,7),(3,73,28,25),(3,73,28,26),(9,79,5,11),(12,79,9,1),(13,79,9,8);
/*!40000 ALTER TABLE `tiles` ENABLE KEYS */;
UNLOCK TABLES;

--
-- Table structure for table `units`
--

DROP TABLE IF EXISTS `units`;
/*!40101 SET @saved_cs_client     = @@character_set_client */;
/*!40101 SET character_set_client = utf8 */;
CREATE TABLE `units` (
  `id` int(11) NOT NULL AUTO_INCREMENT,
  `hp` int(10) unsigned NOT NULL DEFAULT '0',
  `level` tinyint(2) unsigned NOT NULL,
  `location_id` int(10) unsigned NOT NULL,
  `location_type` tinyint(2) unsigned NOT NULL DEFAULT '0',
  `player_id` int(11) DEFAULT NULL,
  `upgrade_ends_at` datetime DEFAULT NULL,
  `pause_remainder` int(10) unsigned DEFAULT NULL,
  `xp` mediumint(8) unsigned NOT NULL DEFAULT '0',
  `type` varchar(50) NOT NULL,
  `flank` tinyint(2) unsigned NOT NULL DEFAULT '0',
  `location_x` mediumint(9) DEFAULT NULL,
  `location_y` mediumint(9) DEFAULT NULL,
  `route_id` int(11) DEFAULT NULL,
  `galaxy_id` int(11) NOT NULL,
  `stance` tinyint(2) unsigned NOT NULL DEFAULT '0',
  `construction_mod` tinyint(2) unsigned NOT NULL DEFAULT '0',
  `stored` int(10) unsigned NOT NULL DEFAULT '0',
  `metal` float NOT NULL DEFAULT '0',
  `energy` float NOT NULL DEFAULT '0',
  `zetium` float NOT NULL DEFAULT '0',
  PRIMARY KEY (`id`),
  KEY `location` (`player_id`,`location_id`,`location_type`),
  KEY `location_and_player` (`location_type`,`location_id`,`location_x`,`location_y`,`player_id`),
  KEY `index_units_on_route_id` (`route_id`),
  KEY `type` (`player_id`,`type`),
  KEY `foreign_key` (`galaxy_id`),
  CONSTRAINT `units_ibfk_1` FOREIGN KEY (`player_id`) REFERENCES `players` (`id`) ON DELETE SET NULL,
  CONSTRAINT `units_ibfk_2` FOREIGN KEY (`galaxy_id`) REFERENCES `galaxies` (`id`) ON DELETE CASCADE,
  CONSTRAINT `units_ibfk_3` FOREIGN KEY (`route_id`) REFERENCES `routes` (`id`) ON DELETE SET NULL
) ENGINE=InnoDB AUTO_INCREMENT=2202 DEFAULT CHARSET=utf8;
/*!40101 SET character_set_client = @saved_cs_client */;

--
-- Dumping data for table `units`
--

LOCK TABLES `units` WRITE;
/*!40000 ALTER TABLE `units` DISABLE KEYS */;
INSERT INTO `units` VALUES (1,26875,1,1,1,NULL,NULL,NULL,0,'Demosis',1,1,45,NULL,1,0,0,0,0,0,0),(2,26875,1,1,1,NULL,NULL,NULL,0,'Demosis',0,1,45,NULL,1,0,0,0,0,0,0),(3,26875,1,1,1,NULL,NULL,NULL,0,'Demosis',0,1,45,NULL,1,0,0,0,0,0,0),(4,26875,1,1,1,NULL,NULL,NULL,0,'Demosis',1,1,45,NULL,1,0,0,0,0,0,0),(5,26875,1,1,1,NULL,NULL,NULL,0,'Demosis',1,1,45,NULL,1,0,0,0,0,0,0),(6,26875,1,1,1,NULL,NULL,NULL,0,'Demosis',1,1,45,NULL,1,0,0,0,0,0,0),(7,26875,1,1,1,NULL,NULL,NULL,0,'Demosis',0,1,45,NULL,1,0,0,0,0,0,0),(8,26875,1,1,1,NULL,NULL,NULL,0,'Demosis',0,1,45,NULL,1,0,0,0,0,0,0),(9,4475,1,1,1,NULL,NULL,NULL,0,'Thor',0,1,45,NULL,1,0,0,0,0,0,0),(10,4475,1,1,1,NULL,NULL,NULL,0,'Thor',1,1,45,NULL,1,0,0,0,0,0,0),(11,4475,1,1,1,NULL,NULL,NULL,0,'Thor',0,1,45,NULL,1,0,0,0,0,0,0),(12,4475,1,1,1,NULL,NULL,NULL,0,'Thor',0,1,45,NULL,1,0,0,0,0,0,0),(13,4475,1,1,1,NULL,NULL,NULL,0,'Thor',1,1,45,NULL,1,0,0,0,0,0,0),(14,4475,1,1,1,NULL,NULL,NULL,0,'Thor',0,1,45,NULL,1,0,0,0,0,0,0),(15,2812,1,1,1,NULL,NULL,NULL,0,'Dirac',1,1,45,NULL,1,0,0,0,0,0,0),(16,2812,1,1,1,NULL,NULL,NULL,0,'Dirac',1,1,45,NULL,1,0,0,0,0,0,0),(17,2812,1,1,1,NULL,NULL,NULL,0,'Dirac',1,1,45,NULL,1,0,0,0,0,0,0),(18,2812,1,1,1,NULL,NULL,NULL,0,'Dirac',0,1,45,NULL,1,0,0,0,0,0,0),(19,2812,1,1,1,NULL,NULL,NULL,0,'Dirac',0,1,45,NULL,1,0,0,0,0,0,0),(20,2812,1,1,1,NULL,NULL,NULL,0,'Dirac',1,1,45,NULL,1,0,0,0,0,0,0),(21,2812,1,1,1,NULL,NULL,NULL,0,'Dirac',1,1,45,NULL,1,0,0,0,0,0,0),(22,2812,1,1,1,NULL,NULL,NULL,0,'Dirac',0,1,45,NULL,1,0,0,0,0,0,0),(23,2812,1,1,1,NULL,NULL,NULL,0,'Dirac',0,1,45,NULL,1,0,0,0,0,0,0),(24,2812,1,1,1,NULL,NULL,NULL,0,'Dirac',1,1,45,NULL,1,0,0,0,0,0,0),(25,2812,1,1,1,NULL,NULL,NULL,0,'Dirac',1,1,45,NULL,1,0,0,0,0,0,0),(26,26875,1,1,1,NULL,NULL,NULL,0,'Demosis',1,2,210,NULL,1,0,0,0,0,0,0),(27,26875,1,1,1,NULL,NULL,NULL,0,'Demosis',1,2,210,NULL,1,0,0,0,0,0,0),(28,26875,1,1,1,NULL,NULL,NULL,0,'Demosis',0,2,210,NULL,1,0,0,0,0,0,0),(29,4475,1,1,1,NULL,NULL,NULL,0,'Thor',0,2,210,NULL,1,0,0,0,0,0,0),(30,4475,1,1,1,NULL,NULL,NULL,0,'Thor',1,2,210,NULL,1,0,0,0,0,0,0),(31,4475,1,1,1,NULL,NULL,NULL,0,'Thor',1,2,210,NULL,1,0,0,0,0,0,0),(32,4475,1,1,1,NULL,NULL,NULL,0,'Thor',0,2,210,NULL,1,0,0,0,0,0,0),(33,4475,1,1,1,NULL,NULL,NULL,0,'Thor',0,2,210,NULL,1,0,0,0,0,0,0),(34,2812,1,1,1,NULL,NULL,NULL,0,'Dirac',1,2,210,NULL,1,0,0,0,0,0,0),(35,2812,1,1,1,NULL,NULL,NULL,0,'Dirac',0,2,210,NULL,1,0,0,0,0,0,0),(36,2812,1,1,1,NULL,NULL,NULL,0,'Dirac',1,2,210,NULL,1,0,0,0,0,0,0),(37,2812,1,1,1,NULL,NULL,NULL,0,'Dirac',1,2,210,NULL,1,0,0,0,0,0,0),(38,2812,1,1,1,NULL,NULL,NULL,0,'Dirac',1,2,210,NULL,1,0,0,0,0,0,0),(39,2812,1,1,1,NULL,NULL,NULL,0,'Dirac',0,2,210,NULL,1,0,0,0,0,0,0),(40,2812,1,1,1,NULL,NULL,NULL,0,'Dirac',0,2,210,NULL,1,0,0,0,0,0,0),(41,2812,1,1,1,NULL,NULL,NULL,0,'Dirac',0,2,210,NULL,1,0,0,0,0,0,0),(42,2812,1,1,1,NULL,NULL,NULL,0,'Dirac',1,2,210,NULL,1,0,0,0,0,0,0),(43,2812,1,1,1,NULL,NULL,NULL,0,'Dirac',0,2,210,NULL,1,0,0,0,0,0,0),(44,2812,1,1,1,NULL,NULL,NULL,0,'Dirac',1,2,210,NULL,1,0,0,0,0,0,0),(45,2812,1,1,1,NULL,NULL,NULL,0,'Dirac',0,2,210,NULL,1,0,0,0,0,0,0),(46,2812,1,1,1,NULL,NULL,NULL,0,'Dirac',0,2,210,NULL,1,0,0,0,0,0,0),(47,2812,1,1,1,NULL,NULL,NULL,0,'Dirac',1,2,210,NULL,1,0,0,0,0,0,0),(48,2812,1,1,1,NULL,NULL,NULL,0,'Dirac',1,2,210,NULL,1,0,0,0,0,0,0),(49,26875,1,1,1,NULL,NULL,NULL,0,'Demosis',0,0,270,NULL,1,0,0,0,0,0,0),(50,26875,1,1,1,NULL,NULL,NULL,0,'Demosis',1,0,270,NULL,1,0,0,0,0,0,0),(51,26875,1,1,1,NULL,NULL,NULL,0,'Demosis',1,0,270,NULL,1,0,0,0,0,0,0),(52,26875,1,1,1,NULL,NULL,NULL,0,'Demosis',1,0,270,NULL,1,0,0,0,0,0,0),(53,26875,1,1,1,NULL,NULL,NULL,0,'Demosis',0,0,270,NULL,1,0,0,0,0,0,0),(54,26875,1,1,1,NULL,NULL,NULL,0,'Demosis',1,0,270,NULL,1,0,0,0,0,0,0),(55,26875,1,1,1,NULL,NULL,NULL,0,'Demosis',1,0,270,NULL,1,0,0,0,0,0,0),(56,26875,1,1,1,NULL,NULL,NULL,0,'Demosis',1,0,270,NULL,1,0,0,0,0,0,0),(57,4475,1,1,1,NULL,NULL,NULL,0,'Thor',0,0,270,NULL,1,0,0,0,0,0,0),(58,4475,1,1,1,NULL,NULL,NULL,0,'Thor',0,0,270,NULL,1,0,0,0,0,0,0),(59,4475,1,1,1,NULL,NULL,NULL,0,'Thor',0,0,270,NULL,1,0,0,0,0,0,0),(60,4475,1,1,1,NULL,NULL,NULL,0,'Thor',1,0,270,NULL,1,0,0,0,0,0,0),(61,4475,1,1,1,NULL,NULL,NULL,0,'Thor',1,0,270,NULL,1,0,0,0,0,0,0),(62,2812,1,1,1,NULL,NULL,NULL,0,'Dirac',1,0,270,NULL,1,0,0,0,0,0,0),(63,2812,1,1,1,NULL,NULL,NULL,0,'Dirac',1,0,270,NULL,1,0,0,0,0,0,0),(64,2812,1,1,1,NULL,NULL,NULL,0,'Dirac',0,0,270,NULL,1,0,0,0,0,0,0),(65,2812,1,1,1,NULL,NULL,NULL,0,'Dirac',0,0,270,NULL,1,0,0,0,0,0,0),(66,2812,1,1,1,NULL,NULL,NULL,0,'Dirac',1,0,270,NULL,1,0,0,0,0,0,0),(67,2812,1,1,1,NULL,NULL,NULL,0,'Dirac',1,0,270,NULL,1,0,0,0,0,0,0),(68,2812,1,1,1,NULL,NULL,NULL,0,'Dirac',0,0,270,NULL,1,0,0,0,0,0,0),(69,2812,1,1,1,NULL,NULL,NULL,0,'Dirac',1,0,270,NULL,1,0,0,0,0,0,0),(70,2812,1,1,1,NULL,NULL,NULL,0,'Dirac',0,0,270,NULL,1,0,0,0,0,0,0),(71,2812,1,1,1,NULL,NULL,NULL,0,'Dirac',0,0,270,NULL,1,0,0,0,0,0,0),(72,2812,1,1,1,NULL,NULL,NULL,0,'Dirac',1,0,270,NULL,1,0,0,0,0,0,0),(73,2812,1,1,1,NULL,NULL,NULL,0,'Dirac',0,0,270,NULL,1,0,0,0,0,0,0),(74,2812,1,1,1,NULL,NULL,NULL,0,'Dirac',0,0,270,NULL,1,0,0,0,0,0,0),(75,2812,1,1,1,NULL,NULL,NULL,0,'Dirac',0,0,270,NULL,1,0,0,0,0,0,0),(76,2812,1,1,1,NULL,NULL,NULL,0,'Dirac',0,0,270,NULL,1,0,0,0,0,0,0),(77,2812,1,1,1,NULL,NULL,NULL,0,'Dirac',1,0,270,NULL,1,0,0,0,0,0,0),(78,2812,1,1,1,NULL,NULL,NULL,0,'Dirac',0,0,270,NULL,1,0,0,0,0,0,0),(79,26875,1,2,1,NULL,NULL,NULL,0,'Demosis',0,2,210,NULL,1,0,0,0,0,0,0),(80,26875,1,2,1,NULL,NULL,NULL,0,'Demosis',1,2,210,NULL,1,0,0,0,0,0,0),(81,4475,1,2,1,NULL,NULL,NULL,0,'Thor',1,2,210,NULL,1,0,0,0,0,0,0),(82,4475,1,2,1,NULL,NULL,NULL,0,'Thor',0,2,210,NULL,1,0,0,0,0,0,0),(83,4475,1,2,1,NULL,NULL,NULL,0,'Thor',0,2,210,NULL,1,0,0,0,0,0,0),(84,4475,1,2,1,NULL,NULL,NULL,0,'Thor',0,2,210,NULL,1,0,0,0,0,0,0),(85,4475,1,2,1,NULL,NULL,NULL,0,'Thor',0,2,210,NULL,1,0,0,0,0,0,0),(86,4475,1,2,1,NULL,NULL,NULL,0,'Thor',1,2,210,NULL,1,0,0,0,0,0,0),(87,4475,1,2,1,NULL,NULL,NULL,0,'Thor',1,2,210,NULL,1,0,0,0,0,0,0),(88,4475,1,2,1,NULL,NULL,NULL,0,'Thor',0,2,210,NULL,1,0,0,0,0,0,0),(89,2812,1,2,1,NULL,NULL,NULL,0,'Dirac',1,2,210,NULL,1,0,0,0,0,0,0),(90,2812,1,2,1,NULL,NULL,NULL,0,'Dirac',1,2,210,NULL,1,0,0,0,0,0,0),(91,2812,1,2,1,NULL,NULL,NULL,0,'Dirac',1,2,210,NULL,1,0,0,0,0,0,0),(92,2812,1,2,1,NULL,NULL,NULL,0,'Dirac',0,2,210,NULL,1,0,0,0,0,0,0),(93,2812,1,2,1,NULL,NULL,NULL,0,'Dirac',0,2,210,NULL,1,0,0,0,0,0,0),(94,2812,1,2,1,NULL,NULL,NULL,0,'Dirac',0,2,210,NULL,1,0,0,0,0,0,0),(95,26875,1,3,1,NULL,NULL,NULL,0,'Demosis',1,0,270,NULL,1,0,0,0,0,0,0),(96,26875,1,3,1,NULL,NULL,NULL,0,'Demosis',1,0,270,NULL,1,0,0,0,0,0,0),(97,26875,1,3,1,NULL,NULL,NULL,0,'Demosis',1,0,270,NULL,1,0,0,0,0,0,0),(98,26875,1,3,1,NULL,NULL,NULL,0,'Demosis',1,0,270,NULL,1,0,0,0,0,0,0),(99,26875,1,3,1,NULL,NULL,NULL,0,'Demosis',0,0,270,NULL,1,0,0,0,0,0,0),(100,4475,1,3,1,NULL,NULL,NULL,0,'Thor',0,0,270,NULL,1,0,0,0,0,0,0),(101,4475,1,3,1,NULL,NULL,NULL,0,'Thor',1,0,270,NULL,1,0,0,0,0,0,0),(102,4475,1,3,1,NULL,NULL,NULL,0,'Thor',1,0,270,NULL,1,0,0,0,0,0,0),(103,4475,1,3,1,NULL,NULL,NULL,0,'Thor',0,0,270,NULL,1,0,0,0,0,0,0),(104,4475,1,3,1,NULL,NULL,NULL,0,'Thor',1,0,270,NULL,1,0,0,0,0,0,0),(105,2812,1,3,1,NULL,NULL,NULL,0,'Dirac',1,0,270,NULL,1,0,0,0,0,0,0),(106,2812,1,3,1,NULL,NULL,NULL,0,'Dirac',0,0,270,NULL,1,0,0,0,0,0,0),(107,2812,1,3,1,NULL,NULL,NULL,0,'Dirac',1,0,270,NULL,1,0,0,0,0,0,0),(108,2812,1,3,1,NULL,NULL,NULL,0,'Dirac',1,0,270,NULL,1,0,0,0,0,0,0),(109,2812,1,3,1,NULL,NULL,NULL,0,'Dirac',1,0,270,NULL,1,0,0,0,0,0,0),(110,2812,1,3,1,NULL,NULL,NULL,0,'Dirac',1,0,270,NULL,1,0,0,0,0,0,0),(111,2812,1,3,1,NULL,NULL,NULL,0,'Dirac',0,0,270,NULL,1,0,0,0,0,0,0),(112,2812,1,3,1,NULL,NULL,NULL,0,'Dirac',1,0,270,NULL,1,0,0,0,0,0,0),(113,4475,1,5,1,NULL,NULL,NULL,0,'Thor',1,1,45,NULL,1,0,0,0,0,0,0),(114,4475,1,5,1,NULL,NULL,NULL,0,'Thor',1,1,45,NULL,1,0,0,0,0,0,0),(115,4475,1,5,1,NULL,NULL,NULL,0,'Thor',1,1,45,NULL,1,0,0,0,0,0,0),(116,4475,1,5,1,NULL,NULL,NULL,0,'Thor',1,1,45,NULL,1,0,0,0,0,0,0),(117,4475,1,5,1,NULL,NULL,NULL,0,'Thor',1,1,45,NULL,1,0,0,0,0,0,0),(118,2812,1,5,1,NULL,NULL,NULL,0,'Dirac',1,1,45,NULL,1,0,0,0,0,0,0),(119,2812,1,5,1,NULL,NULL,NULL,0,'Dirac',1,1,45,NULL,1,0,0,0,0,0,0),(120,2812,1,5,1,NULL,NULL,NULL,0,'Dirac',0,1,45,NULL,1,0,0,0,0,0,0),(121,90,1,21,4,NULL,NULL,NULL,0,'Glancer',1,NULL,NULL,NULL,1,0,0,0,0,0,0),(122,125,1,21,4,NULL,NULL,NULL,0,'Gnat',0,NULL,NULL,NULL,1,0,0,0,0,0,0),(123,125,1,21,4,NULL,NULL,NULL,0,'Gnat',0,NULL,NULL,NULL,1,0,0,0,0,0,0),(124,125,1,21,4,NULL,NULL,NULL,0,'Gnat',1,NULL,NULL,NULL,1,0,0,0,0,0,0),(125,125,1,21,4,NULL,NULL,NULL,0,'Gnat',1,NULL,NULL,NULL,1,0,0,0,0,0,0),(126,900,1,22,4,NULL,NULL,NULL,0,'Gnawer',0,NULL,NULL,NULL,1,0,0,0,0,0,0),(127,900,1,22,4,NULL,NULL,NULL,0,'Gnawer',0,NULL,NULL,NULL,1,0,0,0,0,0,0),(128,500,1,22,4,NULL,NULL,NULL,0,'Spudder',1,NULL,NULL,NULL,1,0,0,0,0,0,0),(129,900,1,22,4,NULL,NULL,NULL,0,'Gnawer',0,NULL,NULL,NULL,1,0,0,0,0,0,0),(130,500,1,22,4,NULL,NULL,NULL,0,'Spudder',0,NULL,NULL,NULL,1,0,0,0,0,0,0),(131,90,1,22,4,NULL,NULL,NULL,0,'Glancer',1,NULL,NULL,NULL,1,0,0,0,0,0,0),(132,125,1,22,4,NULL,NULL,NULL,0,'Gnat',0,NULL,NULL,NULL,1,0,0,0,0,0,0),(133,90,1,22,4,NULL,NULL,NULL,0,'Glancer',1,NULL,NULL,NULL,1,0,0,0,0,0,0),(134,90,1,22,4,NULL,NULL,NULL,0,'Glancer',1,NULL,NULL,NULL,1,0,0,0,0,0,0),(135,90,1,22,4,NULL,NULL,NULL,0,'Glancer',1,NULL,NULL,NULL,1,0,0,0,0,0,0),(136,125,1,22,4,NULL,NULL,NULL,0,'Gnat',0,NULL,NULL,NULL,1,0,0,0,0,0,0),(137,125,1,22,4,NULL,NULL,NULL,0,'Gnat',0,NULL,NULL,NULL,1,0,0,0,0,0,0),(138,125,1,22,4,NULL,NULL,NULL,0,'Gnat',1,NULL,NULL,NULL,1,0,0,0,0,0,0),(139,125,1,22,4,NULL,NULL,NULL,0,'Gnat',0,NULL,NULL,NULL,1,0,0,0,0,0,0),(140,125,1,22,4,NULL,NULL,NULL,0,'Gnat',1,NULL,NULL,NULL,1,0,0,0,0,0,0),(141,500,1,23,4,NULL,NULL,NULL,0,'Spudder',1,NULL,NULL,NULL,1,0,0,0,0,0,0),(142,500,1,23,4,NULL,NULL,NULL,0,'Spudder',0,NULL,NULL,NULL,1,0,0,0,0,0,0),(143,90,1,23,4,NULL,NULL,NULL,0,'Glancer',1,NULL,NULL,NULL,1,0,0,0,0,0,0),(144,125,1,23,4,NULL,NULL,NULL,0,'Gnat',0,NULL,NULL,NULL,1,0,0,0,0,0,0),(145,125,1,23,4,NULL,NULL,NULL,0,'Gnat',0,NULL,NULL,NULL,1,0,0,0,0,0,0),(146,90,1,23,4,NULL,NULL,NULL,0,'Glancer',1,NULL,NULL,NULL,1,0,0,0,0,0,0),(147,90,1,23,4,NULL,NULL,NULL,0,'Glancer',1,NULL,NULL,NULL,1,0,0,0,0,0,0),(148,90,1,23,4,NULL,NULL,NULL,0,'Glancer',1,NULL,NULL,NULL,1,0,0,0,0,0,0),(149,90,1,23,4,NULL,NULL,NULL,0,'Glancer',1,NULL,NULL,NULL,1,0,0,0,0,0,0),(150,90,1,23,4,NULL,NULL,NULL,0,'Glancer',1,NULL,NULL,NULL,1,0,0,0,0,0,0),(151,125,1,23,4,NULL,NULL,NULL,0,'Gnat',0,NULL,NULL,NULL,1,0,0,0,0,0,0),(152,125,1,23,4,NULL,NULL,NULL,0,'Gnat',0,NULL,NULL,NULL,1,0,0,0,0,0,0),(153,125,1,23,4,NULL,NULL,NULL,0,'Gnat',1,NULL,NULL,NULL,1,0,0,0,0,0,0),(154,125,1,23,4,NULL,NULL,NULL,0,'Gnat',0,NULL,NULL,NULL,1,0,0,0,0,0,0),(155,125,1,23,4,NULL,NULL,NULL,0,'Gnat',0,NULL,NULL,NULL,1,0,0,0,0,0,0),(156,125,1,23,4,NULL,NULL,NULL,0,'Gnat',1,NULL,NULL,NULL,1,0,0,0,0,0,0),(157,900,1,24,4,NULL,NULL,NULL,0,'Gnawer',0,NULL,NULL,NULL,1,0,0,0,0,0,0),(158,500,1,24,4,NULL,NULL,NULL,0,'Spudder',0,NULL,NULL,NULL,1,0,0,0,0,0,0),(159,90,1,24,4,NULL,NULL,NULL,0,'Glancer',1,NULL,NULL,NULL,1,0,0,0,0,0,0),(160,125,1,24,4,NULL,NULL,NULL,0,'Gnat',0,NULL,NULL,NULL,1,0,0,0,0,0,0),(161,125,1,24,4,NULL,NULL,NULL,0,'Gnat',1,NULL,NULL,NULL,1,0,0,0,0,0,0),(162,125,1,24,4,NULL,NULL,NULL,0,'Gnat',0,NULL,NULL,NULL,1,0,0,0,0,0,0),(163,125,1,24,4,NULL,NULL,NULL,0,'Gnat',0,NULL,NULL,NULL,1,0,0,0,0,0,0),(164,90,1,24,4,NULL,NULL,NULL,0,'Glancer',1,NULL,NULL,NULL,1,0,0,0,0,0,0),(165,90,1,24,4,NULL,NULL,NULL,0,'Glancer',1,NULL,NULL,NULL,1,0,0,0,0,0,0),(166,90,1,24,4,NULL,NULL,NULL,0,'Glancer',1,NULL,NULL,NULL,1,0,0,0,0,0,0),(167,90,1,24,4,NULL,NULL,NULL,0,'Glancer',1,NULL,NULL,NULL,1,0,0,0,0,0,0),(168,125,1,24,4,NULL,NULL,NULL,0,'Gnat',0,NULL,NULL,NULL,1,0,0,0,0,0,0),(169,125,1,24,4,NULL,NULL,NULL,0,'Gnat',0,NULL,NULL,NULL,1,0,0,0,0,0,0),(170,125,1,24,4,NULL,NULL,NULL,0,'Gnat',1,NULL,NULL,NULL,1,0,0,0,0,0,0),(171,125,1,24,4,NULL,NULL,NULL,0,'Gnat',1,NULL,NULL,NULL,1,0,0,0,0,0,0),(172,125,1,24,4,NULL,NULL,NULL,0,'Gnat',1,NULL,NULL,NULL,1,0,0,0,0,0,0),(173,900,1,25,4,NULL,NULL,NULL,0,'Gnawer',0,NULL,NULL,NULL,1,0,0,0,0,0,0),(174,500,1,25,4,NULL,NULL,NULL,0,'Spudder',0,NULL,NULL,NULL,1,0,0,0,0,0,0),(175,90,1,25,4,NULL,NULL,NULL,0,'Glancer',1,NULL,NULL,NULL,1,0,0,0,0,0,0),(176,125,1,25,4,NULL,NULL,NULL,0,'Gnat',0,NULL,NULL,NULL,1,0,0,0,0,0,0),(177,90,1,25,4,NULL,NULL,NULL,0,'Glancer',1,NULL,NULL,NULL,1,0,0,0,0,0,0),(178,90,1,25,4,NULL,NULL,NULL,0,'Glancer',1,NULL,NULL,NULL,1,0,0,0,0,0,0),(179,90,1,25,4,NULL,NULL,NULL,0,'Glancer',1,NULL,NULL,NULL,1,0,0,0,0,0,0),(180,90,1,25,4,NULL,NULL,NULL,0,'Glancer',1,NULL,NULL,NULL,1,0,0,0,0,0,0),(181,125,1,25,4,NULL,NULL,NULL,0,'Gnat',0,NULL,NULL,NULL,1,0,0,0,0,0,0),(182,125,1,25,4,NULL,NULL,NULL,0,'Gnat',0,NULL,NULL,NULL,1,0,0,0,0,0,0),(183,125,1,25,4,NULL,NULL,NULL,0,'Gnat',1,NULL,NULL,NULL,1,0,0,0,0,0,0),(184,500,1,26,4,NULL,NULL,NULL,0,'Spudder',0,NULL,NULL,NULL,1,0,0,0,0,0,0),(185,90,1,26,4,NULL,NULL,NULL,0,'Glancer',1,NULL,NULL,NULL,1,0,0,0,0,0,0),(186,125,1,26,4,NULL,NULL,NULL,0,'Gnat',0,NULL,NULL,NULL,1,0,0,0,0,0,0),(187,125,1,26,4,NULL,NULL,NULL,0,'Gnat',0,NULL,NULL,NULL,1,0,0,0,0,0,0),(188,125,1,26,4,NULL,NULL,NULL,0,'Gnat',0,NULL,NULL,NULL,1,0,0,0,0,0,0),(189,90,1,26,4,NULL,NULL,NULL,0,'Glancer',1,NULL,NULL,NULL,1,0,0,0,0,0,0),(190,90,1,26,4,NULL,NULL,NULL,0,'Glancer',1,NULL,NULL,NULL,1,0,0,0,0,0,0),(191,90,1,26,4,NULL,NULL,NULL,0,'Glancer',1,NULL,NULL,NULL,1,0,0,0,0,0,0),(192,90,1,26,4,NULL,NULL,NULL,0,'Glancer',1,NULL,NULL,NULL,1,0,0,0,0,0,0),(193,125,1,26,4,NULL,NULL,NULL,0,'Gnat',0,NULL,NULL,NULL,1,0,0,0,0,0,0),(194,125,1,26,4,NULL,NULL,NULL,0,'Gnat',0,NULL,NULL,NULL,1,0,0,0,0,0,0),(195,125,1,26,4,NULL,NULL,NULL,0,'Gnat',1,NULL,NULL,NULL,1,0,0,0,0,0,0),(196,125,1,26,4,NULL,NULL,NULL,0,'Gnat',0,NULL,NULL,NULL,1,0,0,0,0,0,0),(197,900,1,27,4,NULL,NULL,NULL,0,'Gnawer',0,NULL,NULL,NULL,1,0,0,0,0,0,0),(198,900,1,27,4,NULL,NULL,NULL,0,'Gnawer',0,NULL,NULL,NULL,1,0,0,0,0,0,0),(199,900,1,27,4,NULL,NULL,NULL,0,'Gnawer',0,NULL,NULL,NULL,1,0,0,0,0,0,0),(200,500,1,27,4,NULL,NULL,NULL,0,'Spudder',1,NULL,NULL,NULL,1,0,0,0,0,0,0),(201,500,1,27,4,NULL,NULL,NULL,0,'Spudder',0,NULL,NULL,NULL,1,0,0,0,0,0,0),(202,90,1,27,4,NULL,NULL,NULL,0,'Glancer',1,NULL,NULL,NULL,1,0,0,0,0,0,0),(203,125,1,27,4,NULL,NULL,NULL,0,'Gnat',1,NULL,NULL,NULL,1,0,0,0,0,0,0),(204,125,1,27,4,NULL,NULL,NULL,0,'Gnat',0,NULL,NULL,NULL,1,0,0,0,0,0,0),(205,125,1,27,4,NULL,NULL,NULL,0,'Gnat',0,NULL,NULL,NULL,1,0,0,0,0,0,0),(206,90,1,27,4,NULL,NULL,NULL,0,'Glancer',1,NULL,NULL,NULL,1,0,0,0,0,0,0),(207,90,1,27,4,NULL,NULL,NULL,0,'Glancer',1,NULL,NULL,NULL,1,0,0,0,0,0,0),(208,90,1,27,4,NULL,NULL,NULL,0,'Glancer',1,NULL,NULL,NULL,1,0,0,0,0,0,0),(209,125,1,27,4,NULL,NULL,NULL,0,'Gnat',0,NULL,NULL,NULL,1,0,0,0,0,0,0),(210,125,1,27,4,NULL,NULL,NULL,0,'Gnat',0,NULL,NULL,NULL,1,0,0,0,0,0,0),(211,125,1,27,4,NULL,NULL,NULL,0,'Gnat',1,NULL,NULL,NULL,1,0,0,0,0,0,0),(212,125,1,27,4,NULL,NULL,NULL,0,'Gnat',0,NULL,NULL,NULL,1,0,0,0,0,0,0),(213,125,1,27,4,NULL,NULL,NULL,0,'Gnat',1,NULL,NULL,NULL,1,0,0,0,0,0,0),(214,900,1,28,4,NULL,NULL,NULL,0,'Gnawer',0,NULL,NULL,NULL,1,0,0,0,0,0,0),(215,900,1,28,4,NULL,NULL,NULL,0,'Gnawer',0,NULL,NULL,NULL,1,0,0,0,0,0,0),(216,900,1,28,4,NULL,NULL,NULL,0,'Gnawer',0,NULL,NULL,NULL,1,0,0,0,0,0,0),(217,500,1,28,4,NULL,NULL,NULL,0,'Spudder',0,NULL,NULL,NULL,1,0,0,0,0,0,0),(218,500,1,28,4,NULL,NULL,NULL,0,'Spudder',0,NULL,NULL,NULL,1,0,0,0,0,0,0),(219,90,1,28,4,NULL,NULL,NULL,0,'Glancer',1,NULL,NULL,NULL,1,0,0,0,0,0,0),(220,125,1,28,4,NULL,NULL,NULL,0,'Gnat',0,NULL,NULL,NULL,1,0,0,0,0,0,0),(221,125,1,28,4,NULL,NULL,NULL,0,'Gnat',0,NULL,NULL,NULL,1,0,0,0,0,0,0),(222,90,1,28,4,NULL,NULL,NULL,0,'Glancer',1,NULL,NULL,NULL,1,0,0,0,0,0,0),(223,90,1,28,4,NULL,NULL,NULL,0,'Glancer',1,NULL,NULL,NULL,1,0,0,0,0,0,0),(224,90,1,28,4,NULL,NULL,NULL,0,'Glancer',1,NULL,NULL,NULL,1,0,0,0,0,0,0),(225,125,1,28,4,NULL,NULL,NULL,0,'Gnat',0,NULL,NULL,NULL,1,0,0,0,0,0,0),(226,125,1,28,4,NULL,NULL,NULL,0,'Gnat',0,NULL,NULL,NULL,1,0,0,0,0,0,0),(227,125,1,28,4,NULL,NULL,NULL,0,'Gnat',1,NULL,NULL,NULL,1,0,0,0,0,0,0),(228,125,1,28,4,NULL,NULL,NULL,0,'Gnat',0,NULL,NULL,NULL,1,0,0,0,0,0,0),(229,125,1,28,4,NULL,NULL,NULL,0,'Gnat',0,NULL,NULL,NULL,1,0,0,0,0,0,0),(230,125,1,28,4,NULL,NULL,NULL,0,'Gnat',1,NULL,NULL,NULL,1,0,0,0,0,0,0),(231,900,1,29,4,NULL,NULL,NULL,0,'Gnawer',0,NULL,NULL,NULL,1,0,0,0,0,0,0),(232,900,1,29,4,NULL,NULL,NULL,0,'Gnawer',0,NULL,NULL,NULL,1,0,0,0,0,0,0),(233,900,1,29,4,NULL,NULL,NULL,0,'Gnawer',0,NULL,NULL,NULL,1,0,0,0,0,0,0),(234,900,1,29,4,NULL,NULL,NULL,0,'Gnawer',0,NULL,NULL,NULL,1,0,0,0,0,0,0),(235,500,1,29,4,NULL,NULL,NULL,0,'Spudder',0,NULL,NULL,NULL,1,0,0,0,0,0,0),(236,500,1,29,4,NULL,NULL,NULL,0,'Spudder',0,NULL,NULL,NULL,1,0,0,0,0,0,0),(237,500,1,29,4,NULL,NULL,NULL,0,'Spudder',1,NULL,NULL,NULL,1,0,0,0,0,0,0),(238,500,1,29,4,NULL,NULL,NULL,0,'Spudder',0,NULL,NULL,NULL,1,0,0,0,0,0,0),(239,90,1,29,4,NULL,NULL,NULL,0,'Glancer',1,NULL,NULL,NULL,1,0,0,0,0,0,0),(240,125,1,29,4,NULL,NULL,NULL,0,'Gnat',0,NULL,NULL,NULL,1,0,0,0,0,0,0),(241,90,1,29,4,NULL,NULL,NULL,0,'Glancer',1,NULL,NULL,NULL,1,0,0,0,0,0,0),(242,90,1,29,4,NULL,NULL,NULL,0,'Glancer',1,NULL,NULL,NULL,1,0,0,0,0,0,0),(243,125,1,29,4,NULL,NULL,NULL,0,'Gnat',0,NULL,NULL,NULL,1,0,0,0,0,0,0),(244,125,1,29,4,NULL,NULL,NULL,0,'Gnat',0,NULL,NULL,NULL,1,0,0,0,0,0,0),(245,125,1,29,4,NULL,NULL,NULL,0,'Gnat',1,NULL,NULL,NULL,1,0,0,0,0,0,0),(246,125,1,29,4,NULL,NULL,NULL,0,'Gnat',0,NULL,NULL,NULL,1,0,0,0,0,0,0),(247,125,1,29,4,NULL,NULL,NULL,0,'Gnat',1,NULL,NULL,NULL,1,0,0,0,0,0,0),(248,125,1,29,4,NULL,NULL,NULL,0,'Gnat',0,NULL,NULL,NULL,1,0,0,0,0,0,0),(249,125,1,29,4,NULL,NULL,NULL,0,'Gnat',1,NULL,NULL,NULL,1,0,0,0,0,0,0),(250,900,1,30,4,NULL,NULL,NULL,0,'Gnawer',0,NULL,NULL,NULL,1,0,0,0,0,0,0),(251,500,1,30,4,NULL,NULL,NULL,0,'Spudder',0,NULL,NULL,NULL,1,0,0,0,0,0,0),(252,500,1,30,4,NULL,NULL,NULL,0,'Spudder',1,NULL,NULL,NULL,1,0,0,0,0,0,0),(253,500,1,30,4,NULL,NULL,NULL,0,'Spudder',0,NULL,NULL,NULL,1,0,0,0,0,0,0),(254,90,1,30,4,NULL,NULL,NULL,0,'Glancer',1,NULL,NULL,NULL,1,0,0,0,0,0,0),(255,125,1,30,4,NULL,NULL,NULL,0,'Gnat',0,NULL,NULL,NULL,1,0,0,0,0,0,0),(256,125,1,30,4,NULL,NULL,NULL,0,'Gnat',0,NULL,NULL,NULL,1,0,0,0,0,0,0),(257,90,1,30,4,NULL,NULL,NULL,0,'Glancer',1,NULL,NULL,NULL,1,0,0,0,0,0,0),(258,90,1,30,4,NULL,NULL,NULL,0,'Glancer',1,NULL,NULL,NULL,1,0,0,0,0,0,0),(259,90,1,30,4,NULL,NULL,NULL,0,'Glancer',1,NULL,NULL,NULL,1,0,0,0,0,0,0),(260,90,1,30,4,NULL,NULL,NULL,0,'Glancer',1,NULL,NULL,NULL,1,0,0,0,0,0,0),(261,125,1,30,4,NULL,NULL,NULL,0,'Gnat',0,NULL,NULL,NULL,1,0,0,0,0,0,0),(262,125,1,30,4,NULL,NULL,NULL,0,'Gnat',0,NULL,NULL,NULL,1,0,0,0,0,0,0),(263,125,1,30,4,NULL,NULL,NULL,0,'Gnat',1,NULL,NULL,NULL,1,0,0,0,0,0,0),(264,125,1,30,4,NULL,NULL,NULL,0,'Gnat',1,NULL,NULL,NULL,1,0,0,0,0,0,0),(265,900,1,31,4,NULL,NULL,NULL,0,'Gnawer',0,NULL,NULL,NULL,1,0,0,0,0,0,0),(266,900,1,31,4,NULL,NULL,NULL,0,'Gnawer',0,NULL,NULL,NULL,1,0,0,0,0,0,0),(267,500,1,31,4,NULL,NULL,NULL,0,'Spudder',0,NULL,NULL,NULL,1,0,0,0,0,0,0),(268,500,1,31,4,NULL,NULL,NULL,0,'Spudder',1,NULL,NULL,NULL,1,0,0,0,0,0,0),(269,500,1,31,4,NULL,NULL,NULL,0,'Spudder',0,NULL,NULL,NULL,1,0,0,0,0,0,0),(270,500,1,31,4,NULL,NULL,NULL,0,'Spudder',1,NULL,NULL,NULL,1,0,0,0,0,0,0),(271,500,1,31,4,NULL,NULL,NULL,0,'Spudder',0,NULL,NULL,NULL,1,0,0,0,0,0,0),(272,90,1,31,4,NULL,NULL,NULL,0,'Glancer',1,NULL,NULL,NULL,1,0,0,0,0,0,0),(273,125,1,31,4,NULL,NULL,NULL,0,'Gnat',0,NULL,NULL,NULL,1,0,0,0,0,0,0),(274,125,1,31,4,NULL,NULL,NULL,0,'Gnat',0,NULL,NULL,NULL,1,0,0,0,0,0,0),(275,125,1,31,4,NULL,NULL,NULL,0,'Gnat',0,NULL,NULL,NULL,1,0,0,0,0,0,0),(276,90,1,31,4,NULL,NULL,NULL,0,'Glancer',1,NULL,NULL,NULL,1,0,0,0,0,0,0),(277,90,1,31,4,NULL,NULL,NULL,0,'Glancer',1,NULL,NULL,NULL,1,0,0,0,0,0,0),(278,90,1,31,4,NULL,NULL,NULL,0,'Glancer',1,NULL,NULL,NULL,1,0,0,0,0,0,0),(279,125,1,31,4,NULL,NULL,NULL,0,'Gnat',0,NULL,NULL,NULL,1,0,0,0,0,0,0),(280,125,1,31,4,NULL,NULL,NULL,0,'Gnat',0,NULL,NULL,NULL,1,0,0,0,0,0,0),(281,125,1,31,4,NULL,NULL,NULL,0,'Gnat',1,NULL,NULL,NULL,1,0,0,0,0,0,0),(282,125,1,31,4,NULL,NULL,NULL,0,'Gnat',0,NULL,NULL,NULL,1,0,0,0,0,0,0),(283,125,1,31,4,NULL,NULL,NULL,0,'Gnat',1,NULL,NULL,NULL,1,0,0,0,0,0,0),(284,90,1,32,4,NULL,NULL,NULL,0,'Glancer',1,NULL,NULL,NULL,1,0,0,0,0,0,0),(285,125,1,32,4,NULL,NULL,NULL,0,'Gnat',0,NULL,NULL,NULL,1,0,0,0,0,0,0),(286,90,1,32,4,NULL,NULL,NULL,0,'Glancer',1,NULL,NULL,NULL,1,0,0,0,0,0,0),(287,90,1,32,4,NULL,NULL,NULL,0,'Glancer',1,NULL,NULL,NULL,1,0,0,0,0,0,0),(288,90,1,32,4,NULL,NULL,NULL,0,'Glancer',1,NULL,NULL,NULL,1,0,0,0,0,0,0),(289,90,1,32,4,NULL,NULL,NULL,0,'Glancer',1,NULL,NULL,NULL,1,0,0,0,0,0,0),(290,125,1,32,4,NULL,NULL,NULL,0,'Gnat',0,NULL,NULL,NULL,1,0,0,0,0,0,0),(291,125,1,32,4,NULL,NULL,NULL,0,'Gnat',0,NULL,NULL,NULL,1,0,0,0,0,0,0),(292,125,1,32,4,NULL,NULL,NULL,0,'Gnat',1,NULL,NULL,NULL,1,0,0,0,0,0,0),(293,125,1,32,4,NULL,NULL,NULL,0,'Gnat',0,NULL,NULL,NULL,1,0,0,0,0,0,0),(294,900,1,33,4,NULL,NULL,NULL,0,'Gnawer',0,NULL,NULL,NULL,1,0,0,0,0,0,0),(295,500,1,33,4,NULL,NULL,NULL,0,'Spudder',0,NULL,NULL,NULL,1,0,0,0,0,0,0),(296,90,1,33,4,NULL,NULL,NULL,0,'Glancer',1,NULL,NULL,NULL,1,0,0,0,0,0,0),(297,125,1,33,4,NULL,NULL,NULL,0,'Gnat',0,NULL,NULL,NULL,1,0,0,0,0,0,0),(298,125,1,33,4,NULL,NULL,NULL,0,'Gnat',0,NULL,NULL,NULL,1,0,0,0,0,0,0),(299,90,1,33,4,NULL,NULL,NULL,0,'Glancer',1,NULL,NULL,NULL,1,0,0,0,0,0,0),(300,90,1,33,4,NULL,NULL,NULL,0,'Glancer',1,NULL,NULL,NULL,1,0,0,0,0,0,0),(301,90,1,33,4,NULL,NULL,NULL,0,'Glancer',1,NULL,NULL,NULL,1,0,0,0,0,0,0),(302,90,1,33,4,NULL,NULL,NULL,0,'Glancer',1,NULL,NULL,NULL,1,0,0,0,0,0,0),(303,125,1,33,4,NULL,NULL,NULL,0,'Gnat',0,NULL,NULL,NULL,1,0,0,0,0,0,0),(304,125,1,33,4,NULL,NULL,NULL,0,'Gnat',0,NULL,NULL,NULL,1,0,0,0,0,0,0),(305,125,1,33,4,NULL,NULL,NULL,0,'Gnat',1,NULL,NULL,NULL,1,0,0,0,0,0,0),(306,125,1,33,4,NULL,NULL,NULL,0,'Gnat',1,NULL,NULL,NULL,1,0,0,0,0,0,0),(307,125,1,33,4,NULL,NULL,NULL,0,'Gnat',1,NULL,NULL,NULL,1,0,0,0,0,0,0),(308,900,1,34,4,NULL,NULL,NULL,0,'Gnawer',0,NULL,NULL,NULL,1,0,0,0,0,0,0),(309,900,1,34,4,NULL,NULL,NULL,0,'Gnawer',0,NULL,NULL,NULL,1,0,0,0,0,0,0),(310,500,1,34,4,NULL,NULL,NULL,0,'Spudder',0,NULL,NULL,NULL,1,0,0,0,0,0,0),(311,500,1,34,4,NULL,NULL,NULL,0,'Spudder',1,NULL,NULL,NULL,1,0,0,0,0,0,0),(312,500,1,34,4,NULL,NULL,NULL,0,'Spudder',1,NULL,NULL,NULL,1,0,0,0,0,0,0),(313,500,1,34,4,NULL,NULL,NULL,0,'Spudder',0,NULL,NULL,NULL,1,0,0,0,0,0,0),(314,90,1,34,4,NULL,NULL,NULL,0,'Glancer',1,NULL,NULL,NULL,1,0,0,0,0,0,0),(315,125,1,34,4,NULL,NULL,NULL,0,'Gnat',1,NULL,NULL,NULL,1,0,0,0,0,0,0),(316,125,1,34,4,NULL,NULL,NULL,0,'Gnat',0,NULL,NULL,NULL,1,0,0,0,0,0,0),(317,90,1,34,4,NULL,NULL,NULL,0,'Glancer',1,NULL,NULL,NULL,1,0,0,0,0,0,0),(318,90,1,34,4,NULL,NULL,NULL,0,'Glancer',1,NULL,NULL,NULL,1,0,0,0,0,0,0),(319,125,1,34,4,NULL,NULL,NULL,0,'Gnat',0,NULL,NULL,NULL,1,0,0,0,0,0,0),(320,125,1,34,4,NULL,NULL,NULL,0,'Gnat',0,NULL,NULL,NULL,1,0,0,0,0,0,0),(321,125,1,34,4,NULL,NULL,NULL,0,'Gnat',1,NULL,NULL,NULL,1,0,0,0,0,0,0),(322,125,1,34,4,NULL,NULL,NULL,0,'Gnat',0,NULL,NULL,NULL,1,0,0,0,0,0,0),(323,500,1,35,4,NULL,NULL,NULL,0,'Spudder',1,NULL,NULL,NULL,1,0,0,0,0,0,0),(324,500,1,35,4,NULL,NULL,NULL,0,'Spudder',0,NULL,NULL,NULL,1,0,0,0,0,0,0),(325,90,1,35,4,NULL,NULL,NULL,0,'Glancer',1,NULL,NULL,NULL,1,0,0,0,0,0,0),(326,125,1,35,4,NULL,NULL,NULL,0,'Gnat',0,NULL,NULL,NULL,1,0,0,0,0,0,0),(327,125,1,35,4,NULL,NULL,NULL,0,'Gnat',0,NULL,NULL,NULL,1,0,0,0,0,0,0),(328,90,1,35,4,NULL,NULL,NULL,0,'Glancer',1,NULL,NULL,NULL,1,0,0,0,0,0,0),(329,90,1,35,4,NULL,NULL,NULL,0,'Glancer',1,NULL,NULL,NULL,1,0,0,0,0,0,0),(330,90,1,35,4,NULL,NULL,NULL,0,'Glancer',1,NULL,NULL,NULL,1,0,0,0,0,0,0),(331,90,1,35,4,NULL,NULL,NULL,0,'Glancer',1,NULL,NULL,NULL,1,0,0,0,0,0,0),(332,90,1,35,4,NULL,NULL,NULL,0,'Glancer',1,NULL,NULL,NULL,1,0,0,0,0,0,0),(333,125,1,35,4,NULL,NULL,NULL,0,'Gnat',0,NULL,NULL,NULL,1,0,0,0,0,0,0),(334,125,1,35,4,NULL,NULL,NULL,0,'Gnat',0,NULL,NULL,NULL,1,0,0,0,0,0,0),(335,125,1,35,4,NULL,NULL,NULL,0,'Gnat',1,NULL,NULL,NULL,1,0,0,0,0,0,0),(336,125,1,35,4,NULL,NULL,NULL,0,'Gnat',0,NULL,NULL,NULL,1,0,0,0,0,0,0),(337,125,1,35,4,NULL,NULL,NULL,0,'Gnat',0,NULL,NULL,NULL,1,0,0,0,0,0,0),(338,125,1,35,4,NULL,NULL,NULL,0,'Gnat',1,NULL,NULL,NULL,1,0,0,0,0,0,0),(339,125,1,35,4,NULL,NULL,NULL,0,'Gnat',1,NULL,NULL,NULL,1,0,0,0,0,0,0),(340,125,1,35,4,NULL,NULL,NULL,0,'Gnat',0,NULL,NULL,NULL,1,0,0,0,0,0,0),(341,90,1,36,4,NULL,NULL,NULL,0,'Glancer',1,NULL,NULL,NULL,1,0,0,0,0,0,0),(342,90,1,36,4,NULL,NULL,NULL,0,'Glancer',1,NULL,NULL,NULL,1,0,0,0,0,0,0),(343,125,1,36,4,NULL,NULL,NULL,0,'Gnat',0,NULL,NULL,NULL,1,0,0,0,0,0,0),(344,125,1,36,4,NULL,NULL,NULL,0,'Gnat',0,NULL,NULL,NULL,1,0,0,0,0,0,0),(345,125,1,36,4,NULL,NULL,NULL,0,'Gnat',1,NULL,NULL,NULL,1,0,0,0,0,0,0),(346,125,1,36,4,NULL,NULL,NULL,0,'Gnat',0,NULL,NULL,NULL,1,0,0,0,0,0,0),(347,125,1,36,4,NULL,NULL,NULL,0,'Gnat',1,NULL,NULL,NULL,1,0,0,0,0,0,0),(348,125,1,37,4,NULL,NULL,NULL,0,'Gnat',0,NULL,NULL,NULL,1,0,0,0,0,0,0),(349,125,1,37,4,NULL,NULL,NULL,0,'Gnat',0,NULL,NULL,NULL,1,0,0,0,0,0,0),(350,125,1,37,4,NULL,NULL,NULL,0,'Gnat',1,NULL,NULL,NULL,1,0,0,0,0,0,0),(351,125,1,37,4,NULL,NULL,NULL,0,'Gnat',1,NULL,NULL,NULL,1,0,0,0,0,0,0),(352,125,1,38,4,NULL,NULL,NULL,0,'Gnat',0,NULL,NULL,NULL,1,0,0,0,0,0,0),(353,125,1,38,4,NULL,NULL,NULL,0,'Gnat',0,NULL,NULL,NULL,1,0,0,0,0,0,0),(354,125,1,38,4,NULL,NULL,NULL,0,'Gnat',1,NULL,NULL,NULL,1,0,0,0,0,0,0),(355,125,1,38,4,NULL,NULL,NULL,0,'Gnat',0,NULL,NULL,NULL,1,0,0,0,0,0,0),(356,125,1,38,4,NULL,NULL,NULL,0,'Gnat',0,NULL,NULL,NULL,1,0,0,0,0,0,0),(357,125,1,38,4,NULL,NULL,NULL,0,'Gnat',0,NULL,NULL,NULL,1,0,0,0,0,0,0),(358,125,1,38,4,NULL,NULL,NULL,0,'Gnat',1,NULL,NULL,NULL,1,0,0,0,0,0,0),(359,125,1,39,4,NULL,NULL,NULL,0,'Gnat',0,NULL,NULL,NULL,1,0,0,0,0,0,0),(360,125,1,39,4,NULL,NULL,NULL,0,'Gnat',0,NULL,NULL,NULL,1,0,0,0,0,0,0),(361,125,1,39,4,NULL,NULL,NULL,0,'Gnat',1,NULL,NULL,NULL,1,0,0,0,0,0,0),(362,125,1,39,4,NULL,NULL,NULL,0,'Gnat',1,NULL,NULL,NULL,1,0,0,0,0,0,0),(363,125,1,40,4,NULL,NULL,NULL,0,'Gnat',0,NULL,NULL,NULL,1,0,0,0,0,0,0),(364,125,1,40,4,NULL,NULL,NULL,0,'Gnat',0,NULL,NULL,NULL,1,0,0,0,0,0,0),(365,125,1,40,4,NULL,NULL,NULL,0,'Gnat',1,NULL,NULL,NULL,1,0,0,0,0,0,0),(366,125,1,40,4,NULL,NULL,NULL,0,'Gnat',1,NULL,NULL,NULL,1,0,0,0,0,0,0),(367,26875,1,5,1,NULL,NULL,NULL,0,'Demosis',0,2,90,NULL,1,0,0,0,0,0,0),(368,4475,1,5,1,NULL,NULL,NULL,0,'Thor',0,2,90,NULL,1,0,0,0,0,0,0),(369,2812,1,5,1,NULL,NULL,NULL,0,'Dirac',0,2,90,NULL,1,0,0,0,0,0,0),(370,2812,1,5,1,NULL,NULL,NULL,0,'Dirac',0,2,90,NULL,1,0,0,0,0,0,0),(371,2812,1,5,1,NULL,NULL,NULL,0,'Dirac',0,2,90,NULL,1,0,0,0,0,0,0),(372,2812,1,5,1,NULL,NULL,NULL,0,'Dirac',1,2,90,NULL,1,0,0,0,0,0,0),(373,2812,1,5,1,NULL,NULL,NULL,0,'Dirac',0,2,90,NULL,1,0,0,0,0,0,0),(374,4475,1,5,1,NULL,NULL,NULL,0,'Thor',0,2,120,NULL,1,0,0,0,0,0,0),(375,4475,1,5,1,NULL,NULL,NULL,0,'Thor',1,2,120,NULL,1,0,0,0,0,0,0),(376,4475,1,5,1,NULL,NULL,NULL,0,'Thor',0,2,120,NULL,1,0,0,0,0,0,0),(377,4475,1,5,1,NULL,NULL,NULL,0,'Thor',0,2,120,NULL,1,0,0,0,0,0,0),(378,2812,1,5,1,NULL,NULL,NULL,0,'Dirac',1,2,120,NULL,1,0,0,0,0,0,0),(379,2812,1,5,1,NULL,NULL,NULL,0,'Dirac',1,2,120,NULL,1,0,0,0,0,0,0),(380,2812,1,5,1,NULL,NULL,NULL,0,'Dirac',1,2,120,NULL,1,0,0,0,0,0,0),(381,2812,1,5,1,NULL,NULL,NULL,0,'Dirac',0,2,120,NULL,1,0,0,0,0,0,0),(382,2812,1,5,1,NULL,NULL,NULL,0,'Dirac',1,2,120,NULL,1,0,0,0,0,0,0),(383,26875,1,5,1,NULL,NULL,NULL,0,'Demosis',0,3,314,NULL,1,0,0,0,0,0,0),(384,4475,1,5,1,NULL,NULL,NULL,0,'Thor',0,3,314,NULL,1,0,0,0,0,0,0),(385,4475,1,5,1,NULL,NULL,NULL,0,'Thor',0,3,314,NULL,1,0,0,0,0,0,0),(386,4475,1,5,1,NULL,NULL,NULL,0,'Thor',0,3,314,NULL,1,0,0,0,0,0,0),(387,4475,1,5,1,NULL,NULL,NULL,0,'Thor',1,3,314,NULL,1,0,0,0,0,0,0),(388,4475,1,5,1,NULL,NULL,NULL,0,'Thor',0,3,314,NULL,1,0,0,0,0,0,0),(389,4475,1,5,1,NULL,NULL,NULL,0,'Thor',1,3,314,NULL,1,0,0,0,0,0,0),(390,2812,1,5,1,NULL,NULL,NULL,0,'Dirac',1,3,314,NULL,1,0,0,0,0,0,0),(391,2812,1,5,1,NULL,NULL,NULL,0,'Dirac',0,3,314,NULL,1,0,0,0,0,0,0),(392,2812,1,5,1,NULL,NULL,NULL,0,'Dirac',1,3,314,NULL,1,0,0,0,0,0,0),(393,2812,1,5,1,NULL,NULL,NULL,0,'Dirac',0,3,314,NULL,1,0,0,0,0,0,0),(394,2812,1,5,1,NULL,NULL,NULL,0,'Dirac',1,3,314,NULL,1,0,0,0,0,0,0),(395,2812,1,5,1,NULL,NULL,NULL,0,'Dirac',0,3,314,NULL,1,0,0,0,0,0,0),(396,2812,1,5,1,NULL,NULL,NULL,0,'Dirac',0,3,314,NULL,1,0,0,0,0,0,0),(397,26875,1,5,1,NULL,NULL,NULL,0,'Demosis',0,1,180,NULL,1,0,0,0,0,0,0),(398,26875,1,5,1,NULL,NULL,NULL,0,'Demosis',0,1,180,NULL,1,0,0,0,0,0,0),(399,4475,1,5,1,NULL,NULL,NULL,0,'Thor',1,1,180,NULL,1,0,0,0,0,0,0),(400,4475,1,5,1,NULL,NULL,NULL,0,'Thor',1,1,180,NULL,1,0,0,0,0,0,0),(401,4475,1,5,1,NULL,NULL,NULL,0,'Thor',0,1,180,NULL,1,0,0,0,0,0,0),(402,4475,1,5,1,NULL,NULL,NULL,0,'Thor',1,1,180,NULL,1,0,0,0,0,0,0),(403,2812,1,5,1,NULL,NULL,NULL,0,'Dirac',1,1,180,NULL,1,0,0,0,0,0,0),(404,2812,1,5,1,NULL,NULL,NULL,0,'Dirac',1,1,180,NULL,1,0,0,0,0,0,0),(405,2812,1,5,1,NULL,NULL,NULL,0,'Dirac',1,1,180,NULL,1,0,0,0,0,0,0),(406,2812,1,5,1,NULL,NULL,NULL,0,'Dirac',1,1,180,NULL,1,0,0,0,0,0,0),(407,2812,1,5,1,NULL,NULL,NULL,0,'Dirac',0,1,180,NULL,1,0,0,0,0,0,0),(408,2812,1,5,1,NULL,NULL,NULL,0,'Dirac',1,1,180,NULL,1,0,0,0,0,0,0),(409,2812,1,5,1,NULL,NULL,NULL,0,'Dirac',1,1,180,NULL,1,0,0,0,0,0,0),(410,2812,1,5,1,NULL,NULL,NULL,0,'Dirac',0,1,180,NULL,1,0,0,0,0,0,0),(411,26875,1,5,1,NULL,NULL,NULL,0,'Demosis',0,1,315,NULL,1,0,0,0,0,0,0),(412,4475,1,5,1,NULL,NULL,NULL,0,'Thor',1,1,315,NULL,1,0,0,0,0,0,0),(413,4475,1,5,1,NULL,NULL,NULL,0,'Thor',0,1,315,NULL,1,0,0,0,0,0,0),(414,4475,1,5,1,NULL,NULL,NULL,0,'Thor',1,1,315,NULL,1,0,0,0,0,0,0),(415,4475,1,5,1,NULL,NULL,NULL,0,'Thor',0,1,315,NULL,1,0,0,0,0,0,0),(416,2812,1,5,1,NULL,NULL,NULL,0,'Dirac',0,1,315,NULL,1,0,0,0,0,0,0),(417,2812,1,5,1,NULL,NULL,NULL,0,'Dirac',0,1,315,NULL,1,0,0,0,0,0,0),(418,2812,1,5,1,NULL,NULL,NULL,0,'Dirac',0,1,315,NULL,1,0,0,0,0,0,0),(419,26875,1,5,1,NULL,NULL,NULL,0,'Demosis',0,1,0,NULL,1,0,0,0,0,0,0),(420,4475,1,5,1,NULL,NULL,NULL,0,'Thor',1,1,0,NULL,1,0,0,0,0,0,0),(421,4475,1,5,1,NULL,NULL,NULL,0,'Thor',1,1,0,NULL,1,0,0,0,0,0,0),(422,4475,1,5,1,NULL,NULL,NULL,0,'Thor',1,1,0,NULL,1,0,0,0,0,0,0),(423,4475,1,5,1,NULL,NULL,NULL,0,'Thor',1,1,0,NULL,1,0,0,0,0,0,0),(424,4475,1,5,1,NULL,NULL,NULL,0,'Thor',1,1,0,NULL,1,0,0,0,0,0,0),(425,4475,1,5,1,NULL,NULL,NULL,0,'Thor',0,1,0,NULL,1,0,0,0,0,0,0),(426,2812,1,5,1,NULL,NULL,NULL,0,'Dirac',1,1,0,NULL,1,0,0,0,0,0,0),(427,2812,1,5,1,NULL,NULL,NULL,0,'Dirac',0,1,0,NULL,1,0,0,0,0,0,0),(428,2812,1,5,1,NULL,NULL,NULL,0,'Dirac',0,1,0,NULL,1,0,0,0,0,0,0),(429,2812,1,5,1,NULL,NULL,NULL,0,'Dirac',0,1,0,NULL,1,0,0,0,0,0,0),(430,2812,1,5,1,NULL,NULL,NULL,0,'Dirac',1,1,0,NULL,1,0,0,0,0,0,0),(431,2812,1,5,1,NULL,NULL,NULL,0,'Dirac',1,1,0,NULL,1,0,0,0,0,0,0),(432,4475,1,5,1,NULL,NULL,NULL,0,'Thor',1,2,60,NULL,1,0,0,0,0,0,0),(433,4475,1,5,1,NULL,NULL,NULL,0,'Thor',1,2,60,NULL,1,0,0,0,0,0,0),(434,4475,1,5,1,NULL,NULL,NULL,0,'Thor',0,2,60,NULL,1,0,0,0,0,0,0),(435,2812,1,5,1,NULL,NULL,NULL,0,'Dirac',1,2,60,NULL,1,0,0,0,0,0,0),(436,2812,1,5,1,NULL,NULL,NULL,0,'Dirac',0,2,60,NULL,1,0,0,0,0,0,0),(437,26875,1,5,1,NULL,NULL,NULL,0,'Demosis',0,3,180,NULL,1,0,0,0,0,0,0),(438,4475,1,5,1,NULL,NULL,NULL,0,'Thor',1,3,180,NULL,1,0,0,0,0,0,0),(439,4475,1,5,1,NULL,NULL,NULL,0,'Thor',1,3,180,NULL,1,0,0,0,0,0,0),(440,4475,1,5,1,NULL,NULL,NULL,0,'Thor',1,3,180,NULL,1,0,0,0,0,0,0),(441,4475,1,5,1,NULL,NULL,NULL,0,'Thor',1,3,180,NULL,1,0,0,0,0,0,0),(442,2812,1,5,1,NULL,NULL,NULL,0,'Dirac',1,3,180,NULL,1,0,0,0,0,0,0),(443,2812,1,5,1,NULL,NULL,NULL,0,'Dirac',1,3,180,NULL,1,0,0,0,0,0,0),(444,2812,1,5,1,NULL,NULL,NULL,0,'Dirac',1,3,180,NULL,1,0,0,0,0,0,0),(445,2812,1,5,1,NULL,NULL,NULL,0,'Dirac',0,3,180,NULL,1,0,0,0,0,0,0),(446,2812,1,5,1,NULL,NULL,NULL,0,'Dirac',0,3,180,NULL,1,0,0,0,0,0,0),(447,2812,1,5,1,NULL,NULL,NULL,0,'Dirac',1,3,180,NULL,1,0,0,0,0,0,0),(448,2812,1,5,1,NULL,NULL,NULL,0,'Dirac',0,3,180,NULL,1,0,0,0,0,0,0),(449,2812,1,5,1,NULL,NULL,NULL,0,'Dirac',0,3,180,NULL,1,0,0,0,0,0,0),(450,26875,1,5,1,NULL,NULL,NULL,0,'Demosis',0,3,44,NULL,1,0,0,0,0,0,0),(451,26875,1,5,1,NULL,NULL,NULL,0,'Demosis',0,3,44,NULL,1,0,0,0,0,0,0),(452,4475,1,5,1,NULL,NULL,NULL,0,'Thor',0,3,44,NULL,1,0,0,0,0,0,0),(453,4475,1,5,1,NULL,NULL,NULL,0,'Thor',1,3,44,NULL,1,0,0,0,0,0,0),(454,4475,1,5,1,NULL,NULL,NULL,0,'Thor',1,3,44,NULL,1,0,0,0,0,0,0),(455,2812,1,5,1,NULL,NULL,NULL,0,'Dirac',0,3,44,NULL,1,0,0,0,0,0,0),(456,2812,1,5,1,NULL,NULL,NULL,0,'Dirac',0,3,44,NULL,1,0,0,0,0,0,0),(457,2812,1,5,1,NULL,NULL,NULL,0,'Dirac',0,3,44,NULL,1,0,0,0,0,0,0),(458,2812,1,5,1,NULL,NULL,NULL,0,'Dirac',0,3,44,NULL,1,0,0,0,0,0,0),(459,2812,1,5,1,NULL,NULL,NULL,0,'Dirac',0,3,44,NULL,1,0,0,0,0,0,0),(460,2812,1,5,1,NULL,NULL,NULL,0,'Dirac',0,3,44,NULL,1,0,0,0,0,0,0),(461,2812,1,5,1,NULL,NULL,NULL,0,'Dirac',0,3,44,NULL,1,0,0,0,0,0,0),(462,2812,1,5,1,NULL,NULL,NULL,0,'Dirac',1,3,44,NULL,1,0,0,0,0,0,0),(463,26875,1,5,1,NULL,NULL,NULL,0,'Demosis',0,2,30,NULL,1,0,0,0,0,0,0),(464,4475,1,5,1,NULL,NULL,NULL,0,'Thor',1,2,30,NULL,1,0,0,0,0,0,0),(465,4475,1,5,1,NULL,NULL,NULL,0,'Thor',0,2,30,NULL,1,0,0,0,0,0,0),(466,4475,1,5,1,NULL,NULL,NULL,0,'Thor',0,2,30,NULL,1,0,0,0,0,0,0),(467,2812,1,5,1,NULL,NULL,NULL,0,'Dirac',1,2,30,NULL,1,0,0,0,0,0,0),(468,2812,1,5,1,NULL,NULL,NULL,0,'Dirac',0,2,30,NULL,1,0,0,0,0,0,0),(469,4475,1,5,1,NULL,NULL,NULL,0,'Thor',1,2,180,NULL,1,0,0,0,0,0,0),(470,4475,1,5,1,NULL,NULL,NULL,0,'Thor',0,2,180,NULL,1,0,0,0,0,0,0),(471,2812,1,5,1,NULL,NULL,NULL,0,'Dirac',0,2,180,NULL,1,0,0,0,0,0,0),(472,2812,1,5,1,NULL,NULL,NULL,0,'Dirac',0,2,180,NULL,1,0,0,0,0,0,0),(473,2812,1,5,1,NULL,NULL,NULL,0,'Dirac',1,2,180,NULL,1,0,0,0,0,0,0),(474,2812,1,5,1,NULL,NULL,NULL,0,'Dirac',0,2,180,NULL,1,0,0,0,0,0,0),(475,2812,1,5,1,NULL,NULL,NULL,0,'Dirac',1,2,180,NULL,1,0,0,0,0,0,0),(476,4475,1,5,1,NULL,NULL,NULL,0,'Thor',1,0,90,NULL,1,0,0,0,0,0,0),(477,4475,1,5,1,NULL,NULL,NULL,0,'Thor',0,0,90,NULL,1,0,0,0,0,0,0),(478,2812,1,5,1,NULL,NULL,NULL,0,'Dirac',1,0,90,NULL,1,0,0,0,0,0,0),(479,2812,1,5,1,NULL,NULL,NULL,0,'Dirac',0,0,90,NULL,1,0,0,0,0,0,0),(480,2812,1,5,1,NULL,NULL,NULL,0,'Dirac',0,0,90,NULL,1,0,0,0,0,0,0),(481,2812,1,5,1,NULL,NULL,NULL,0,'Dirac',1,0,90,NULL,1,0,0,0,0,0,0),(482,2812,1,5,1,NULL,NULL,NULL,0,'Dirac',0,0,90,NULL,1,0,0,0,0,0,0),(483,2812,1,5,1,NULL,NULL,NULL,0,'Dirac',1,0,90,NULL,1,0,0,0,0,0,0),(484,4475,1,5,1,NULL,NULL,NULL,0,'Thor',0,1,135,NULL,1,0,0,0,0,0,0),(485,4475,1,5,1,NULL,NULL,NULL,0,'Thor',1,1,135,NULL,1,0,0,0,0,0,0),(486,4475,1,5,1,NULL,NULL,NULL,0,'Thor',0,1,135,NULL,1,0,0,0,0,0,0),(487,4475,1,5,1,NULL,NULL,NULL,0,'Thor',1,1,135,NULL,1,0,0,0,0,0,0),(488,4475,1,5,1,NULL,NULL,NULL,0,'Thor',1,1,135,NULL,1,0,0,0,0,0,0),(489,2812,1,5,1,NULL,NULL,NULL,0,'Dirac',1,1,135,NULL,1,0,0,0,0,0,0),(490,2812,1,5,1,NULL,NULL,NULL,0,'Dirac',1,1,135,NULL,1,0,0,0,0,0,0),(491,2812,1,5,1,NULL,NULL,NULL,0,'Dirac',0,1,135,NULL,1,0,0,0,0,0,0),(492,2812,1,5,1,NULL,NULL,NULL,0,'Dirac',0,1,135,NULL,1,0,0,0,0,0,0),(493,26875,1,5,1,NULL,NULL,NULL,0,'Demosis',0,0,270,NULL,1,0,0,0,0,0,0),(494,4475,1,5,1,NULL,NULL,NULL,0,'Thor',1,0,270,NULL,1,0,0,0,0,0,0),(495,4475,1,5,1,NULL,NULL,NULL,0,'Thor',0,0,270,NULL,1,0,0,0,0,0,0),(496,2812,1,5,1,NULL,NULL,NULL,0,'Dirac',0,0,270,NULL,1,0,0,0,0,0,0),(497,2812,1,5,1,NULL,NULL,NULL,0,'Dirac',0,0,270,NULL,1,0,0,0,0,0,0),(498,2812,1,5,1,NULL,NULL,NULL,0,'Dirac',0,0,270,NULL,1,0,0,0,0,0,0),(499,2812,1,5,1,NULL,NULL,NULL,0,'Dirac',0,0,270,NULL,1,0,0,0,0,0,0),(500,2812,1,5,1,NULL,NULL,NULL,0,'Dirac',0,0,270,NULL,1,0,0,0,0,0,0),(501,26875,1,5,1,NULL,NULL,NULL,0,'Demosis',0,2,0,NULL,1,0,0,0,0,0,0),(502,4475,1,5,1,NULL,NULL,NULL,0,'Thor',0,2,0,NULL,1,0,0,0,0,0,0),(503,4475,1,5,1,NULL,NULL,NULL,0,'Thor',0,2,0,NULL,1,0,0,0,0,0,0),(504,4475,1,5,1,NULL,NULL,NULL,0,'Thor',0,2,0,NULL,1,0,0,0,0,0,0),(505,4475,1,5,1,NULL,NULL,NULL,0,'Thor',1,2,0,NULL,1,0,0,0,0,0,0),(506,2812,1,5,1,NULL,NULL,NULL,0,'Dirac',0,2,0,NULL,1,0,0,0,0,0,0),(507,2812,1,5,1,NULL,NULL,NULL,0,'Dirac',0,2,0,NULL,1,0,0,0,0,0,0),(508,2812,1,5,1,NULL,NULL,NULL,0,'Dirac',0,2,0,NULL,1,0,0,0,0,0,0),(509,2812,1,5,1,NULL,NULL,NULL,0,'Dirac',0,2,0,NULL,1,0,0,0,0,0,0),(510,2812,1,5,1,NULL,NULL,NULL,0,'Dirac',0,2,0,NULL,1,0,0,0,0,0,0),(511,2812,1,5,1,NULL,NULL,NULL,0,'Dirac',0,2,0,NULL,1,0,0,0,0,0,0),(512,2812,1,5,1,NULL,NULL,NULL,0,'Dirac',0,2,0,NULL,1,0,0,0,0,0,0),(513,4475,1,5,1,NULL,NULL,NULL,0,'Thor',0,2,270,NULL,1,0,0,0,0,0,0),(514,4475,1,5,1,NULL,NULL,NULL,0,'Thor',0,2,270,NULL,1,0,0,0,0,0,0),(515,2812,1,5,1,NULL,NULL,NULL,0,'Dirac',1,2,270,NULL,1,0,0,0,0,0,0),(516,2812,1,5,1,NULL,NULL,NULL,0,'Dirac',1,2,270,NULL,1,0,0,0,0,0,0),(517,2812,1,5,1,NULL,NULL,NULL,0,'Dirac',0,2,270,NULL,1,0,0,0,0,0,0),(518,2812,1,5,1,NULL,NULL,NULL,0,'Dirac',0,2,270,NULL,1,0,0,0,0,0,0),(519,90,1,41,4,NULL,NULL,NULL,0,'Glancer',1,NULL,NULL,NULL,1,0,0,0,0,0,0),(520,90,1,41,4,NULL,NULL,NULL,0,'Glancer',1,NULL,NULL,NULL,1,0,0,0,0,0,0),(521,125,1,41,4,NULL,NULL,NULL,0,'Gnat',0,NULL,NULL,NULL,1,0,0,0,0,0,0),(522,125,1,41,4,NULL,NULL,NULL,0,'Gnat',0,NULL,NULL,NULL,1,0,0,0,0,0,0),(523,125,1,41,4,NULL,NULL,NULL,0,'Gnat',1,NULL,NULL,NULL,1,0,0,0,0,0,0),(524,125,1,41,4,NULL,NULL,NULL,0,'Gnat',0,NULL,NULL,NULL,1,0,0,0,0,0,0),(525,90,1,42,4,NULL,NULL,NULL,0,'Glancer',1,NULL,NULL,NULL,1,0,0,0,0,0,0),(526,125,1,42,4,NULL,NULL,NULL,0,'Gnat',0,NULL,NULL,NULL,1,0,0,0,0,0,0),(527,125,1,42,4,NULL,NULL,NULL,0,'Gnat',0,NULL,NULL,NULL,1,0,0,0,0,0,0),(528,125,1,42,4,NULL,NULL,NULL,0,'Gnat',1,NULL,NULL,NULL,1,0,0,0,0,0,0),(529,125,1,42,4,NULL,NULL,NULL,0,'Gnat',1,NULL,NULL,NULL,1,0,0,0,0,0,0),(530,125,1,42,4,NULL,NULL,NULL,0,'Gnat',1,NULL,NULL,NULL,1,0,0,0,0,0,0),(531,90,1,43,4,NULL,NULL,NULL,0,'Glancer',1,NULL,NULL,NULL,1,0,0,0,0,0,0),(532,125,1,43,4,NULL,NULL,NULL,0,'Gnat',0,NULL,NULL,NULL,1,0,0,0,0,0,0),(533,125,1,43,4,NULL,NULL,NULL,0,'Gnat',0,NULL,NULL,NULL,1,0,0,0,0,0,0),(534,125,1,43,4,NULL,NULL,NULL,0,'Gnat',1,NULL,NULL,NULL,1,0,0,0,0,0,0),(535,125,1,43,4,NULL,NULL,NULL,0,'Gnat',0,NULL,NULL,NULL,1,0,0,0,0,0,0),(536,125,1,43,4,NULL,NULL,NULL,0,'Gnat',1,NULL,NULL,NULL,1,0,0,0,0,0,0),(537,125,1,43,4,NULL,NULL,NULL,0,'Gnat',1,NULL,NULL,NULL,1,0,0,0,0,0,0),(538,900,1,44,4,NULL,NULL,NULL,0,'Gnawer',0,NULL,NULL,NULL,1,0,0,0,0,0,0),(539,500,1,44,4,NULL,NULL,NULL,0,'Spudder',1,NULL,NULL,NULL,1,0,0,0,0,0,0),(540,500,1,44,4,NULL,NULL,NULL,0,'Spudder',0,NULL,NULL,NULL,1,0,0,0,0,0,0),(541,500,1,44,4,NULL,NULL,NULL,0,'Spudder',1,NULL,NULL,NULL,1,0,0,0,0,0,0),(542,500,1,44,4,NULL,NULL,NULL,0,'Spudder',0,NULL,NULL,NULL,1,0,0,0,0,0,0),(543,90,1,44,4,NULL,NULL,NULL,0,'Glancer',1,NULL,NULL,NULL,1,0,0,0,0,0,0),(544,125,1,44,4,NULL,NULL,NULL,0,'Gnat',0,NULL,NULL,NULL,1,0,0,0,0,0,0),(545,90,1,44,4,NULL,NULL,NULL,0,'Glancer',1,NULL,NULL,NULL,1,0,0,0,0,0,0),(546,90,1,44,4,NULL,NULL,NULL,0,'Glancer',1,NULL,NULL,NULL,1,0,0,0,0,0,0),(547,90,1,44,4,NULL,NULL,NULL,0,'Glancer',1,NULL,NULL,NULL,1,0,0,0,0,0,0),(548,90,1,44,4,NULL,NULL,NULL,0,'Glancer',1,NULL,NULL,NULL,1,0,0,0,0,0,0),(549,90,1,44,4,NULL,NULL,NULL,0,'Glancer',1,NULL,NULL,NULL,1,0,0,0,0,0,0),(550,125,1,44,4,NULL,NULL,NULL,0,'Gnat',0,NULL,NULL,NULL,1,0,0,0,0,0,0),(551,125,1,44,4,NULL,NULL,NULL,0,'Gnat',0,NULL,NULL,NULL,1,0,0,0,0,0,0),(552,125,1,44,4,NULL,NULL,NULL,0,'Gnat',1,NULL,NULL,NULL,1,0,0,0,0,0,0),(553,125,1,44,4,NULL,NULL,NULL,0,'Gnat',0,NULL,NULL,NULL,1,0,0,0,0,0,0),(554,125,1,44,4,NULL,NULL,NULL,0,'Gnat',0,NULL,NULL,NULL,1,0,0,0,0,0,0),(555,125,1,44,4,NULL,NULL,NULL,0,'Gnat',0,NULL,NULL,NULL,1,0,0,0,0,0,0),(556,500,1,45,4,NULL,NULL,NULL,0,'Spudder',0,NULL,NULL,NULL,1,0,0,0,0,0,0),(557,90,1,45,4,NULL,NULL,NULL,0,'Glancer',1,NULL,NULL,NULL,1,0,0,0,0,0,0),(558,125,1,45,4,NULL,NULL,NULL,0,'Gnat',0,NULL,NULL,NULL,1,0,0,0,0,0,0),(559,125,1,45,4,NULL,NULL,NULL,0,'Gnat',0,NULL,NULL,NULL,1,0,0,0,0,0,0),(560,90,1,45,4,NULL,NULL,NULL,0,'Glancer',1,NULL,NULL,NULL,1,0,0,0,0,0,0),(561,90,1,45,4,NULL,NULL,NULL,0,'Glancer',1,NULL,NULL,NULL,1,0,0,0,0,0,0),(562,90,1,45,4,NULL,NULL,NULL,0,'Glancer',1,NULL,NULL,NULL,1,0,0,0,0,0,0),(563,90,1,45,4,NULL,NULL,NULL,0,'Glancer',1,NULL,NULL,NULL,1,0,0,0,0,0,0),(564,90,1,45,4,NULL,NULL,NULL,0,'Glancer',1,NULL,NULL,NULL,1,0,0,0,0,0,0),(565,125,1,45,4,NULL,NULL,NULL,0,'Gnat',0,NULL,NULL,NULL,1,0,0,0,0,0,0),(566,125,1,45,4,NULL,NULL,NULL,0,'Gnat',0,NULL,NULL,NULL,1,0,0,0,0,0,0),(567,125,1,45,4,NULL,NULL,NULL,0,'Gnat',1,NULL,NULL,NULL,1,0,0,0,0,0,0),(568,125,1,45,4,NULL,NULL,NULL,0,'Gnat',0,NULL,NULL,NULL,1,0,0,0,0,0,0),(569,125,1,45,4,NULL,NULL,NULL,0,'Gnat',0,NULL,NULL,NULL,1,0,0,0,0,0,0),(570,500,1,46,4,NULL,NULL,NULL,0,'Spudder',0,NULL,NULL,NULL,1,0,0,0,0,0,0),(571,500,1,46,4,NULL,NULL,NULL,0,'Spudder',0,NULL,NULL,NULL,1,0,0,0,0,0,0),(572,90,1,46,4,NULL,NULL,NULL,0,'Glancer',1,NULL,NULL,NULL,1,0,0,0,0,0,0),(573,125,1,46,4,NULL,NULL,NULL,0,'Gnat',1,NULL,NULL,NULL,1,0,0,0,0,0,0),(574,90,1,46,4,NULL,NULL,NULL,0,'Glancer',1,NULL,NULL,NULL,1,0,0,0,0,0,0),(575,90,1,46,4,NULL,NULL,NULL,0,'Glancer',1,NULL,NULL,NULL,1,0,0,0,0,0,0),(576,90,1,46,4,NULL,NULL,NULL,0,'Glancer',1,NULL,NULL,NULL,1,0,0,0,0,0,0),(577,125,1,46,4,NULL,NULL,NULL,0,'Gnat',0,NULL,NULL,NULL,1,0,0,0,0,0,0),(578,125,1,46,4,NULL,NULL,NULL,0,'Gnat',0,NULL,NULL,NULL,1,0,0,0,0,0,0),(579,125,1,46,4,NULL,NULL,NULL,0,'Gnat',1,NULL,NULL,NULL,1,0,0,0,0,0,0),(580,125,1,46,4,NULL,NULL,NULL,0,'Gnat',1,NULL,NULL,NULL,1,0,0,0,0,0,0),(581,125,1,46,4,NULL,NULL,NULL,0,'Gnat',1,NULL,NULL,NULL,1,0,0,0,0,0,0),(582,900,1,47,4,NULL,NULL,NULL,0,'Gnawer',0,NULL,NULL,NULL,1,0,0,0,0,0,0),(583,900,1,47,4,NULL,NULL,NULL,0,'Gnawer',0,NULL,NULL,NULL,1,0,0,0,0,0,0),(584,900,1,47,4,NULL,NULL,NULL,0,'Gnawer',0,NULL,NULL,NULL,1,0,0,0,0,0,0),(585,500,1,47,4,NULL,NULL,NULL,0,'Spudder',1,NULL,NULL,NULL,1,0,0,0,0,0,0),(586,500,1,47,4,NULL,NULL,NULL,0,'Spudder',0,NULL,NULL,NULL,1,0,0,0,0,0,0),(587,90,1,47,4,NULL,NULL,NULL,0,'Glancer',1,NULL,NULL,NULL,1,0,0,0,0,0,0),(588,125,1,47,4,NULL,NULL,NULL,0,'Gnat',1,NULL,NULL,NULL,1,0,0,0,0,0,0),(589,125,1,47,4,NULL,NULL,NULL,0,'Gnat',0,NULL,NULL,NULL,1,0,0,0,0,0,0),(590,125,1,47,4,NULL,NULL,NULL,0,'Gnat',0,NULL,NULL,NULL,1,0,0,0,0,0,0),(591,90,1,47,4,NULL,NULL,NULL,0,'Glancer',1,NULL,NULL,NULL,1,0,0,0,0,0,0),(592,90,1,47,4,NULL,NULL,NULL,0,'Glancer',1,NULL,NULL,NULL,1,0,0,0,0,0,0),(593,90,1,47,4,NULL,NULL,NULL,0,'Glancer',1,NULL,NULL,NULL,1,0,0,0,0,0,0),(594,125,1,47,4,NULL,NULL,NULL,0,'Gnat',0,NULL,NULL,NULL,1,0,0,0,0,0,0),(595,125,1,47,4,NULL,NULL,NULL,0,'Gnat',0,NULL,NULL,NULL,1,0,0,0,0,0,0),(596,125,1,47,4,NULL,NULL,NULL,0,'Gnat',1,NULL,NULL,NULL,1,0,0,0,0,0,0),(597,125,1,47,4,NULL,NULL,NULL,0,'Gnat',0,NULL,NULL,NULL,1,0,0,0,0,0,0),(598,125,1,47,4,NULL,NULL,NULL,0,'Gnat',0,NULL,NULL,NULL,1,0,0,0,0,0,0),(599,900,1,48,4,NULL,NULL,NULL,0,'Gnawer',0,NULL,NULL,NULL,1,0,0,0,0,0,0),(600,500,1,48,4,NULL,NULL,NULL,0,'Spudder',1,NULL,NULL,NULL,1,0,0,0,0,0,0),(601,500,1,48,4,NULL,NULL,NULL,0,'Spudder',0,NULL,NULL,NULL,1,0,0,0,0,0,0),(602,500,1,48,4,NULL,NULL,NULL,0,'Spudder',1,NULL,NULL,NULL,1,0,0,0,0,0,0),(603,500,1,48,4,NULL,NULL,NULL,0,'Spudder',0,NULL,NULL,NULL,1,0,0,0,0,0,0),(604,90,1,48,4,NULL,NULL,NULL,0,'Glancer',1,NULL,NULL,NULL,1,0,0,0,0,0,0),(605,125,1,48,4,NULL,NULL,NULL,0,'Gnat',0,NULL,NULL,NULL,1,0,0,0,0,0,0),(606,125,1,48,4,NULL,NULL,NULL,0,'Gnat',1,NULL,NULL,NULL,1,0,0,0,0,0,0),(607,125,1,48,4,NULL,NULL,NULL,0,'Gnat',0,NULL,NULL,NULL,1,0,0,0,0,0,0),(608,90,1,48,4,NULL,NULL,NULL,0,'Glancer',1,NULL,NULL,NULL,1,0,0,0,0,0,0),(609,90,1,48,4,NULL,NULL,NULL,0,'Glancer',1,NULL,NULL,NULL,1,0,0,0,0,0,0),(610,90,1,48,4,NULL,NULL,NULL,0,'Glancer',1,NULL,NULL,NULL,1,0,0,0,0,0,0),(611,90,1,48,4,NULL,NULL,NULL,0,'Glancer',1,NULL,NULL,NULL,1,0,0,0,0,0,0),(612,90,1,48,4,NULL,NULL,NULL,0,'Glancer',1,NULL,NULL,NULL,1,0,0,0,0,0,0),(613,125,1,48,4,NULL,NULL,NULL,0,'Gnat',0,NULL,NULL,NULL,1,0,0,0,0,0,0),(614,125,1,48,4,NULL,NULL,NULL,0,'Gnat',0,NULL,NULL,NULL,1,0,0,0,0,0,0),(615,125,1,48,4,NULL,NULL,NULL,0,'Gnat',1,NULL,NULL,NULL,1,0,0,0,0,0,0),(616,125,1,48,4,NULL,NULL,NULL,0,'Gnat',0,NULL,NULL,NULL,1,0,0,0,0,0,0),(617,125,1,48,4,NULL,NULL,NULL,0,'Gnat',0,NULL,NULL,NULL,1,0,0,0,0,0,0),(618,125,1,48,4,NULL,NULL,NULL,0,'Gnat',1,NULL,NULL,NULL,1,0,0,0,0,0,0),(619,125,1,48,4,NULL,NULL,NULL,0,'Gnat',1,NULL,NULL,NULL,1,0,0,0,0,0,0),(620,125,1,48,4,NULL,NULL,NULL,0,'Gnat',0,NULL,NULL,NULL,1,0,0,0,0,0,0),(621,900,1,49,4,NULL,NULL,NULL,0,'Gnawer',0,NULL,NULL,NULL,1,0,0,0,0,0,0),(622,900,1,49,4,NULL,NULL,NULL,0,'Gnawer',0,NULL,NULL,NULL,1,0,0,0,0,0,0),(623,900,1,49,4,NULL,NULL,NULL,0,'Gnawer',0,NULL,NULL,NULL,1,0,0,0,0,0,0),(624,500,1,49,4,NULL,NULL,NULL,0,'Spudder',0,NULL,NULL,NULL,1,0,0,0,0,0,0),(625,500,1,49,4,NULL,NULL,NULL,0,'Spudder',0,NULL,NULL,NULL,1,0,0,0,0,0,0),(626,90,1,49,4,NULL,NULL,NULL,0,'Glancer',1,NULL,NULL,NULL,1,0,0,0,0,0,0),(627,125,1,49,4,NULL,NULL,NULL,0,'Gnat',0,NULL,NULL,NULL,1,0,0,0,0,0,0),(628,125,1,49,4,NULL,NULL,NULL,0,'Gnat',0,NULL,NULL,NULL,1,0,0,0,0,0,0),(629,90,1,49,4,NULL,NULL,NULL,0,'Glancer',1,NULL,NULL,NULL,1,0,0,0,0,0,0),(630,90,1,49,4,NULL,NULL,NULL,0,'Glancer',1,NULL,NULL,NULL,1,0,0,0,0,0,0),(631,90,1,49,4,NULL,NULL,NULL,0,'Glancer',1,NULL,NULL,NULL,1,0,0,0,0,0,0),(632,90,1,49,4,NULL,NULL,NULL,0,'Glancer',1,NULL,NULL,NULL,1,0,0,0,0,0,0),(633,125,1,49,4,NULL,NULL,NULL,0,'Gnat',0,NULL,NULL,NULL,1,0,0,0,0,0,0),(634,125,1,49,4,NULL,NULL,NULL,0,'Gnat',0,NULL,NULL,NULL,1,0,0,0,0,0,0),(635,125,1,49,4,NULL,NULL,NULL,0,'Gnat',1,NULL,NULL,NULL,1,0,0,0,0,0,0),(636,90,1,50,4,NULL,NULL,NULL,0,'Glancer',1,NULL,NULL,NULL,1,0,0,0,0,0,0),(637,125,1,50,4,NULL,NULL,NULL,0,'Gnat',1,NULL,NULL,NULL,1,0,0,0,0,0,0),(638,90,1,50,4,NULL,NULL,NULL,0,'Glancer',1,NULL,NULL,NULL,1,0,0,0,0,0,0),(639,90,1,50,4,NULL,NULL,NULL,0,'Glancer',1,NULL,NULL,NULL,1,0,0,0,0,0,0),(640,90,1,50,4,NULL,NULL,NULL,0,'Glancer',1,NULL,NULL,NULL,1,0,0,0,0,0,0),(641,125,1,50,4,NULL,NULL,NULL,0,'Gnat',0,NULL,NULL,NULL,1,0,0,0,0,0,0),(642,125,1,50,4,NULL,NULL,NULL,0,'Gnat',0,NULL,NULL,NULL,1,0,0,0,0,0,0),(643,125,1,50,4,NULL,NULL,NULL,0,'Gnat',1,NULL,NULL,NULL,1,0,0,0,0,0,0),(644,125,1,50,4,NULL,NULL,NULL,0,'Gnat',0,NULL,NULL,NULL,1,0,0,0,0,0,0),(645,125,1,50,4,NULL,NULL,NULL,0,'Gnat',1,NULL,NULL,NULL,1,0,0,0,0,0,0),(646,125,1,50,4,NULL,NULL,NULL,0,'Gnat',1,NULL,NULL,NULL,1,0,0,0,0,0,0),(647,900,1,51,4,NULL,NULL,NULL,0,'Gnawer',0,NULL,NULL,NULL,1,0,0,0,0,0,0),(648,900,1,51,4,NULL,NULL,NULL,0,'Gnawer',0,NULL,NULL,NULL,1,0,0,0,0,0,0),(649,500,1,51,4,NULL,NULL,NULL,0,'Spudder',0,NULL,NULL,NULL,1,0,0,0,0,0,0),(650,500,1,51,4,NULL,NULL,NULL,0,'Spudder',1,NULL,NULL,NULL,1,0,0,0,0,0,0),(651,500,1,51,4,NULL,NULL,NULL,0,'Spudder',0,NULL,NULL,NULL,1,0,0,0,0,0,0),(652,500,1,51,4,NULL,NULL,NULL,0,'Spudder',0,NULL,NULL,NULL,1,0,0,0,0,0,0),(653,90,1,51,4,NULL,NULL,NULL,0,'Glancer',1,NULL,NULL,NULL,1,0,0,0,0,0,0),(654,125,1,51,4,NULL,NULL,NULL,0,'Gnat',0,NULL,NULL,NULL,1,0,0,0,0,0,0),(655,125,1,51,4,NULL,NULL,NULL,0,'Gnat',0,NULL,NULL,NULL,1,0,0,0,0,0,0),(656,90,1,51,4,NULL,NULL,NULL,0,'Glancer',1,NULL,NULL,NULL,1,0,0,0,0,0,0),(657,90,1,51,4,NULL,NULL,NULL,0,'Glancer',1,NULL,NULL,NULL,1,0,0,0,0,0,0),(658,90,1,51,4,NULL,NULL,NULL,0,'Glancer',1,NULL,NULL,NULL,1,0,0,0,0,0,0),(659,90,1,51,4,NULL,NULL,NULL,0,'Glancer',1,NULL,NULL,NULL,1,0,0,0,0,0,0),(660,125,1,51,4,NULL,NULL,NULL,0,'Gnat',0,NULL,NULL,NULL,1,0,0,0,0,0,0),(661,125,1,51,4,NULL,NULL,NULL,0,'Gnat',0,NULL,NULL,NULL,1,0,0,0,0,0,0),(662,125,1,51,4,NULL,NULL,NULL,0,'Gnat',1,NULL,NULL,NULL,1,0,0,0,0,0,0),(663,500,1,52,4,NULL,NULL,NULL,0,'Spudder',0,NULL,NULL,NULL,1,0,0,0,0,0,0),(664,90,1,52,4,NULL,NULL,NULL,0,'Glancer',1,NULL,NULL,NULL,1,0,0,0,0,0,0),(665,125,1,52,4,NULL,NULL,NULL,0,'Gnat',0,NULL,NULL,NULL,1,0,0,0,0,0,0),(666,125,1,52,4,NULL,NULL,NULL,0,'Gnat',0,NULL,NULL,NULL,1,0,0,0,0,0,0),(667,90,1,52,4,NULL,NULL,NULL,0,'Glancer',1,NULL,NULL,NULL,1,0,0,0,0,0,0),(668,90,1,52,4,NULL,NULL,NULL,0,'Glancer',1,NULL,NULL,NULL,1,0,0,0,0,0,0),(669,90,1,52,4,NULL,NULL,NULL,0,'Glancer',1,NULL,NULL,NULL,1,0,0,0,0,0,0),(670,90,1,52,4,NULL,NULL,NULL,0,'Glancer',1,NULL,NULL,NULL,1,0,0,0,0,0,0),(671,125,1,52,4,NULL,NULL,NULL,0,'Gnat',0,NULL,NULL,NULL,1,0,0,0,0,0,0),(672,125,1,52,4,NULL,NULL,NULL,0,'Gnat',0,NULL,NULL,NULL,1,0,0,0,0,0,0),(673,125,1,52,4,NULL,NULL,NULL,0,'Gnat',1,NULL,NULL,NULL,1,0,0,0,0,0,0),(674,125,1,52,4,NULL,NULL,NULL,0,'Gnat',0,NULL,NULL,NULL,1,0,0,0,0,0,0),(675,125,1,52,4,NULL,NULL,NULL,0,'Gnat',1,NULL,NULL,NULL,1,0,0,0,0,0,0),(676,90,1,53,4,NULL,NULL,NULL,0,'Glancer',1,NULL,NULL,NULL,1,0,0,0,0,0,0),(677,125,1,53,4,NULL,NULL,NULL,0,'Gnat',0,NULL,NULL,NULL,1,0,0,0,0,0,0),(678,90,1,53,4,NULL,NULL,NULL,0,'Glancer',1,NULL,NULL,NULL,1,0,0,0,0,0,0),(679,90,1,53,4,NULL,NULL,NULL,0,'Glancer',1,NULL,NULL,NULL,1,0,0,0,0,0,0),(680,125,1,53,4,NULL,NULL,NULL,0,'Gnat',0,NULL,NULL,NULL,1,0,0,0,0,0,0),(681,125,1,53,4,NULL,NULL,NULL,0,'Gnat',0,NULL,NULL,NULL,1,0,0,0,0,0,0),(682,125,1,53,4,NULL,NULL,NULL,0,'Gnat',1,NULL,NULL,NULL,1,0,0,0,0,0,0),(683,125,1,53,4,NULL,NULL,NULL,0,'Gnat',0,NULL,NULL,NULL,1,0,0,0,0,0,0),(684,125,1,54,4,NULL,NULL,NULL,0,'Gnat',0,NULL,NULL,NULL,1,0,0,0,0,0,0),(685,125,1,54,4,NULL,NULL,NULL,0,'Gnat',0,NULL,NULL,NULL,1,0,0,0,0,0,0),(686,125,1,54,4,NULL,NULL,NULL,0,'Gnat',1,NULL,NULL,NULL,1,0,0,0,0,0,0),(687,125,1,54,4,NULL,NULL,NULL,0,'Gnat',0,NULL,NULL,NULL,1,0,0,0,0,0,0),(688,125,1,54,4,NULL,NULL,NULL,0,'Gnat',1,NULL,NULL,NULL,1,0,0,0,0,0,0),(689,125,1,55,4,NULL,NULL,NULL,0,'Gnat',0,NULL,NULL,NULL,1,0,0,0,0,0,0),(690,125,1,55,4,NULL,NULL,NULL,0,'Gnat',0,NULL,NULL,NULL,1,0,0,0,0,0,0),(691,125,1,55,4,NULL,NULL,NULL,0,'Gnat',1,NULL,NULL,NULL,1,0,0,0,0,0,0),(692,125,1,56,4,NULL,NULL,NULL,0,'Gnat',0,NULL,NULL,NULL,1,0,0,0,0,0,0),(693,125,1,56,4,NULL,NULL,NULL,0,'Gnat',0,NULL,NULL,NULL,1,0,0,0,0,0,0),(694,125,1,56,4,NULL,NULL,NULL,0,'Gnat',1,NULL,NULL,NULL,1,0,0,0,0,0,0),(695,125,1,56,4,NULL,NULL,NULL,0,'Gnat',0,NULL,NULL,NULL,1,0,0,0,0,0,0),(696,125,1,56,4,NULL,NULL,NULL,0,'Gnat',1,NULL,NULL,NULL,1,0,0,0,0,0,0),(697,4475,1,5,1,NULL,NULL,NULL,0,'Thor',1,0,180,NULL,1,0,0,0,0,0,0),(698,4475,1,5,1,NULL,NULL,NULL,0,'Thor',0,0,180,NULL,1,0,0,0,0,0,0),(699,2812,1,5,1,NULL,NULL,NULL,0,'Dirac',0,0,180,NULL,1,0,0,0,0,0,0),(700,2812,1,5,1,NULL,NULL,NULL,0,'Dirac',1,0,180,NULL,1,0,0,0,0,0,0),(701,2812,1,5,1,NULL,NULL,NULL,0,'Dirac',0,0,180,NULL,1,0,0,0,0,0,0),(702,2812,1,5,1,NULL,NULL,NULL,0,'Dirac',0,0,180,NULL,1,0,0,0,0,0,0),(703,2812,1,5,1,NULL,NULL,NULL,0,'Dirac',0,0,180,NULL,1,0,0,0,0,0,0),(704,26875,1,5,1,NULL,NULL,NULL,0,'Demosis',0,0,0,NULL,1,0,0,0,0,0,0),(705,4475,1,5,1,NULL,NULL,NULL,0,'Thor',0,0,0,NULL,1,0,0,0,0,0,0),(706,4475,1,5,1,NULL,NULL,NULL,0,'Thor',1,0,0,NULL,1,0,0,0,0,0,0),(707,4475,1,5,1,NULL,NULL,NULL,0,'Thor',0,0,0,NULL,1,0,0,0,0,0,0),(708,4475,1,5,1,NULL,NULL,NULL,0,'Thor',0,0,0,NULL,1,0,0,0,0,0,0),(709,2812,1,5,1,NULL,NULL,NULL,0,'Dirac',1,0,0,NULL,1,0,0,0,0,0,0),(710,2812,1,5,1,NULL,NULL,NULL,0,'Dirac',0,0,0,NULL,1,0,0,0,0,0,0),(711,2812,1,5,1,NULL,NULL,NULL,0,'Dirac',0,0,0,NULL,1,0,0,0,0,0,0),(712,26875,1,8,1,NULL,NULL,NULL,0,'Demosis',0,1,225,NULL,1,0,0,0,0,0,0),(713,4475,1,8,1,NULL,NULL,NULL,0,'Thor',1,1,225,NULL,1,0,0,0,0,0,0),(714,4475,1,8,1,NULL,NULL,NULL,0,'Thor',1,1,225,NULL,1,0,0,0,0,0,0),(715,4475,1,8,1,NULL,NULL,NULL,0,'Thor',1,1,225,NULL,1,0,0,0,0,0,0),(716,4475,1,8,1,NULL,NULL,NULL,0,'Thor',0,1,225,NULL,1,0,0,0,0,0,0),(717,2812,1,8,1,NULL,NULL,NULL,0,'Dirac',1,1,225,NULL,1,0,0,0,0,0,0),(718,2812,1,8,1,NULL,NULL,NULL,0,'Dirac',1,1,225,NULL,1,0,0,0,0,0,0),(719,2812,1,8,1,NULL,NULL,NULL,0,'Dirac',1,1,225,NULL,1,0,0,0,0,0,0),(720,2812,1,8,1,NULL,NULL,NULL,0,'Dirac',0,1,225,NULL,1,0,0,0,0,0,0),(721,2812,1,8,1,NULL,NULL,NULL,0,'Dirac',0,1,225,NULL,1,0,0,0,0,0,0),(722,26875,1,8,1,NULL,NULL,NULL,0,'Demosis',0,2,120,NULL,1,0,0,0,0,0,0),(723,26875,1,8,1,NULL,NULL,NULL,0,'Demosis',0,2,120,NULL,1,0,0,0,0,0,0),(724,4475,1,8,1,NULL,NULL,NULL,0,'Thor',1,2,120,NULL,1,0,0,0,0,0,0),(725,4475,1,8,1,NULL,NULL,NULL,0,'Thor',1,2,120,NULL,1,0,0,0,0,0,0),(726,4475,1,8,1,NULL,NULL,NULL,0,'Thor',1,2,120,NULL,1,0,0,0,0,0,0),(727,4475,1,8,1,NULL,NULL,NULL,0,'Thor',1,2,120,NULL,1,0,0,0,0,0,0),(728,4475,1,8,1,NULL,NULL,NULL,0,'Thor',1,2,120,NULL,1,0,0,0,0,0,0),(729,2812,1,8,1,NULL,NULL,NULL,0,'Dirac',0,2,120,NULL,1,0,0,0,0,0,0),(730,2812,1,8,1,NULL,NULL,NULL,0,'Dirac',1,2,120,NULL,1,0,0,0,0,0,0),(731,2812,1,8,1,NULL,NULL,NULL,0,'Dirac',1,2,120,NULL,1,0,0,0,0,0,0),(732,2812,1,8,1,NULL,NULL,NULL,0,'Dirac',1,2,120,NULL,1,0,0,0,0,0,0),(733,2812,1,8,1,NULL,NULL,NULL,0,'Dirac',1,2,120,NULL,1,0,0,0,0,0,0),(734,2812,1,8,1,NULL,NULL,NULL,0,'Dirac',0,2,120,NULL,1,0,0,0,0,0,0),(735,2812,1,8,1,NULL,NULL,NULL,0,'Dirac',1,2,120,NULL,1,0,0,0,0,0,0),(736,2812,1,8,1,NULL,NULL,NULL,0,'Dirac',1,2,120,NULL,1,0,0,0,0,0,0),(737,26875,1,8,1,NULL,NULL,NULL,0,'Demosis',0,3,246,NULL,1,0,0,0,0,0,0),(738,4475,1,8,1,NULL,NULL,NULL,0,'Thor',1,3,246,NULL,1,0,0,0,0,0,0),(739,4475,1,8,1,NULL,NULL,NULL,0,'Thor',1,3,246,NULL,1,0,0,0,0,0,0),(740,4475,1,8,1,NULL,NULL,NULL,0,'Thor',0,3,246,NULL,1,0,0,0,0,0,0),(741,4475,1,8,1,NULL,NULL,NULL,0,'Thor',1,3,246,NULL,1,0,0,0,0,0,0),(742,2812,1,8,1,NULL,NULL,NULL,0,'Dirac',1,3,246,NULL,1,0,0,0,0,0,0),(743,2812,1,8,1,NULL,NULL,NULL,0,'Dirac',1,3,246,NULL,1,0,0,0,0,0,0),(744,2812,1,8,1,NULL,NULL,NULL,0,'Dirac',0,3,246,NULL,1,0,0,0,0,0,0),(745,2812,1,8,1,NULL,NULL,NULL,0,'Dirac',0,3,246,NULL,1,0,0,0,0,0,0),(746,2812,1,8,1,NULL,NULL,NULL,0,'Dirac',1,3,246,NULL,1,0,0,0,0,0,0),(747,2812,1,8,1,NULL,NULL,NULL,0,'Dirac',1,3,246,NULL,1,0,0,0,0,0,0),(748,2812,1,8,1,NULL,NULL,NULL,0,'Dirac',1,3,246,NULL,1,0,0,0,0,0,0),(749,26875,1,8,1,NULL,NULL,NULL,0,'Demosis',0,2,210,NULL,1,0,0,0,0,0,0),(750,4475,1,8,1,NULL,NULL,NULL,0,'Thor',0,2,210,NULL,1,0,0,0,0,0,0),(751,4475,1,8,1,NULL,NULL,NULL,0,'Thor',1,2,210,NULL,1,0,0,0,0,0,0),(752,2812,1,8,1,NULL,NULL,NULL,0,'Dirac',0,2,210,NULL,1,0,0,0,0,0,0),(753,2812,1,8,1,NULL,NULL,NULL,0,'Dirac',1,2,210,NULL,1,0,0,0,0,0,0),(754,2812,1,8,1,NULL,NULL,NULL,0,'Dirac',0,2,210,NULL,1,0,0,0,0,0,0),(755,2812,1,8,1,NULL,NULL,NULL,0,'Dirac',1,2,210,NULL,1,0,0,0,0,0,0),(756,2812,1,8,1,NULL,NULL,NULL,0,'Dirac',0,2,210,NULL,1,0,0,0,0,0,0),(757,2812,1,8,1,NULL,NULL,NULL,0,'Dirac',1,2,210,NULL,1,0,0,0,0,0,0),(758,90,1,57,4,NULL,NULL,NULL,0,'Glancer',1,NULL,NULL,NULL,1,0,0,0,0,0,0),(759,125,1,57,4,NULL,NULL,NULL,0,'Gnat',0,NULL,NULL,NULL,1,0,0,0,0,0,0),(760,125,1,57,4,NULL,NULL,NULL,0,'Gnat',0,NULL,NULL,NULL,1,0,0,0,0,0,0),(761,125,1,57,4,NULL,NULL,NULL,0,'Gnat',1,NULL,NULL,NULL,1,0,0,0,0,0,0),(762,125,1,57,4,NULL,NULL,NULL,0,'Gnat',0,NULL,NULL,NULL,1,0,0,0,0,0,0),(763,125,1,57,4,NULL,NULL,NULL,0,'Gnat',1,NULL,NULL,NULL,1,0,0,0,0,0,0),(764,90,1,58,4,NULL,NULL,NULL,0,'Glancer',1,NULL,NULL,NULL,1,0,0,0,0,0,0),(765,90,1,58,4,NULL,NULL,NULL,0,'Glancer',1,NULL,NULL,NULL,1,0,0,0,0,0,0),(766,125,1,58,4,NULL,NULL,NULL,0,'Gnat',0,NULL,NULL,NULL,1,0,0,0,0,0,0),(767,125,1,58,4,NULL,NULL,NULL,0,'Gnat',0,NULL,NULL,NULL,1,0,0,0,0,0,0),(768,125,1,58,4,NULL,NULL,NULL,0,'Gnat',1,NULL,NULL,NULL,1,0,0,0,0,0,0),(769,125,1,58,4,NULL,NULL,NULL,0,'Gnat',0,NULL,NULL,NULL,1,0,0,0,0,0,0),(770,90,1,59,4,NULL,NULL,NULL,0,'Glancer',1,NULL,NULL,NULL,1,0,0,0,0,0,0),(771,125,1,59,4,NULL,NULL,NULL,0,'Gnat',0,NULL,NULL,NULL,1,0,0,0,0,0,0),(772,125,1,59,4,NULL,NULL,NULL,0,'Gnat',0,NULL,NULL,NULL,1,0,0,0,0,0,0),(773,125,1,59,4,NULL,NULL,NULL,0,'Gnat',1,NULL,NULL,NULL,1,0,0,0,0,0,0),(774,125,1,59,4,NULL,NULL,NULL,0,'Gnat',0,NULL,NULL,NULL,1,0,0,0,0,0,0),(775,900,1,60,4,NULL,NULL,NULL,0,'Gnawer',0,NULL,NULL,NULL,1,0,0,0,0,0,0),(776,500,1,60,4,NULL,NULL,NULL,0,'Spudder',0,NULL,NULL,NULL,1,0,0,0,0,0,0),(777,500,1,60,4,NULL,NULL,NULL,0,'Spudder',0,NULL,NULL,NULL,1,0,0,0,0,0,0),(778,500,1,60,4,NULL,NULL,NULL,0,'Spudder',1,NULL,NULL,NULL,1,0,0,0,0,0,0),(779,500,1,60,4,NULL,NULL,NULL,0,'Spudder',0,NULL,NULL,NULL,1,0,0,0,0,0,0),(780,500,1,60,4,NULL,NULL,NULL,0,'Spudder',1,NULL,NULL,NULL,1,0,0,0,0,0,0),(781,500,1,60,4,NULL,NULL,NULL,0,'Spudder',0,NULL,NULL,NULL,1,0,0,0,0,0,0),(782,90,1,60,4,NULL,NULL,NULL,0,'Glancer',1,NULL,NULL,NULL,1,0,0,0,0,0,0),(783,125,1,60,4,NULL,NULL,NULL,0,'Gnat',0,NULL,NULL,NULL,1,0,0,0,0,0,0),(784,125,1,60,4,NULL,NULL,NULL,0,'Gnat',1,NULL,NULL,NULL,1,0,0,0,0,0,0),(785,90,1,60,4,NULL,NULL,NULL,0,'Glancer',1,NULL,NULL,NULL,1,0,0,0,0,0,0),(786,90,1,60,4,NULL,NULL,NULL,0,'Glancer',1,NULL,NULL,NULL,1,0,0,0,0,0,0),(787,90,1,60,4,NULL,NULL,NULL,0,'Glancer',1,NULL,NULL,NULL,1,0,0,0,0,0,0),(788,125,1,60,4,NULL,NULL,NULL,0,'Gnat',0,NULL,NULL,NULL,1,0,0,0,0,0,0),(789,125,1,60,4,NULL,NULL,NULL,0,'Gnat',0,NULL,NULL,NULL,1,0,0,0,0,0,0),(790,125,1,60,4,NULL,NULL,NULL,0,'Gnat',1,NULL,NULL,NULL,1,0,0,0,0,0,0),(791,125,1,60,4,NULL,NULL,NULL,0,'Gnat',0,NULL,NULL,NULL,1,0,0,0,0,0,0),(792,500,1,61,4,NULL,NULL,NULL,0,'Spudder',0,NULL,NULL,NULL,1,0,0,0,0,0,0),(793,500,1,61,4,NULL,NULL,NULL,0,'Spudder',0,NULL,NULL,NULL,1,0,0,0,0,0,0),(794,125,1,61,4,NULL,NULL,NULL,0,'Gnat',0,NULL,NULL,NULL,1,0,0,0,0,0,0),(795,90,1,61,4,NULL,NULL,NULL,0,'Glancer',1,NULL,NULL,NULL,1,0,0,0,0,0,0),(796,90,1,61,4,NULL,NULL,NULL,0,'Glancer',1,NULL,NULL,NULL,1,0,0,0,0,0,0),(797,90,1,61,4,NULL,NULL,NULL,0,'Glancer',1,NULL,NULL,NULL,1,0,0,0,0,0,0),(798,90,1,61,4,NULL,NULL,NULL,0,'Glancer',1,NULL,NULL,NULL,1,0,0,0,0,0,0),(799,125,1,61,4,NULL,NULL,NULL,0,'Gnat',0,NULL,NULL,NULL,1,0,0,0,0,0,0),(800,125,1,61,4,NULL,NULL,NULL,0,'Gnat',0,NULL,NULL,NULL,1,0,0,0,0,0,0),(801,125,1,61,4,NULL,NULL,NULL,0,'Gnat',1,NULL,NULL,NULL,1,0,0,0,0,0,0),(802,125,1,61,4,NULL,NULL,NULL,0,'Gnat',0,NULL,NULL,NULL,1,0,0,0,0,0,0),(803,125,1,61,4,NULL,NULL,NULL,0,'Gnat',1,NULL,NULL,NULL,1,0,0,0,0,0,0),(804,500,1,62,4,NULL,NULL,NULL,0,'Spudder',0,NULL,NULL,NULL,1,0,0,0,0,0,0),(805,90,1,62,4,NULL,NULL,NULL,0,'Glancer',1,NULL,NULL,NULL,1,0,0,0,0,0,0),(806,125,1,62,4,NULL,NULL,NULL,0,'Gnat',0,NULL,NULL,NULL,1,0,0,0,0,0,0),(807,125,1,62,4,NULL,NULL,NULL,0,'Gnat',0,NULL,NULL,NULL,1,0,0,0,0,0,0),(808,90,1,62,4,NULL,NULL,NULL,0,'Glancer',1,NULL,NULL,NULL,1,0,0,0,0,0,0),(809,90,1,62,4,NULL,NULL,NULL,0,'Glancer',1,NULL,NULL,NULL,1,0,0,0,0,0,0),(810,90,1,62,4,NULL,NULL,NULL,0,'Glancer',1,NULL,NULL,NULL,1,0,0,0,0,0,0),(811,125,1,62,4,NULL,NULL,NULL,0,'Gnat',0,NULL,NULL,NULL,1,0,0,0,0,0,0),(812,125,1,62,4,NULL,NULL,NULL,0,'Gnat',0,NULL,NULL,NULL,1,0,0,0,0,0,0),(813,125,1,62,4,NULL,NULL,NULL,0,'Gnat',1,NULL,NULL,NULL,1,0,0,0,0,0,0),(814,125,1,62,4,NULL,NULL,NULL,0,'Gnat',0,NULL,NULL,NULL,1,0,0,0,0,0,0),(815,125,1,62,4,NULL,NULL,NULL,0,'Gnat',1,NULL,NULL,NULL,1,0,0,0,0,0,0),(816,900,1,63,4,NULL,NULL,NULL,0,'Gnawer',0,NULL,NULL,NULL,1,0,0,0,0,0,0),(817,900,1,63,4,NULL,NULL,NULL,0,'Gnawer',0,NULL,NULL,NULL,1,0,0,0,0,0,0),(818,500,1,63,4,NULL,NULL,NULL,0,'Spudder',0,NULL,NULL,NULL,1,0,0,0,0,0,0),(819,500,1,63,4,NULL,NULL,NULL,0,'Spudder',0,NULL,NULL,NULL,1,0,0,0,0,0,0),(820,90,1,63,4,NULL,NULL,NULL,0,'Glancer',1,NULL,NULL,NULL,1,0,0,0,0,0,0),(821,125,1,63,4,NULL,NULL,NULL,0,'Gnat',0,NULL,NULL,NULL,1,0,0,0,0,0,0),(822,125,1,63,4,NULL,NULL,NULL,0,'Gnat',0,NULL,NULL,NULL,1,0,0,0,0,0,0),(823,90,1,63,4,NULL,NULL,NULL,0,'Glancer',1,NULL,NULL,NULL,1,0,0,0,0,0,0),(824,90,1,63,4,NULL,NULL,NULL,0,'Glancer',1,NULL,NULL,NULL,1,0,0,0,0,0,0),(825,90,1,63,4,NULL,NULL,NULL,0,'Glancer',1,NULL,NULL,NULL,1,0,0,0,0,0,0),(826,90,1,63,4,NULL,NULL,NULL,0,'Glancer',1,NULL,NULL,NULL,1,0,0,0,0,0,0),(827,125,1,63,4,NULL,NULL,NULL,0,'Gnat',0,NULL,NULL,NULL,1,0,0,0,0,0,0),(828,125,1,63,4,NULL,NULL,NULL,0,'Gnat',0,NULL,NULL,NULL,1,0,0,0,0,0,0),(829,125,1,63,4,NULL,NULL,NULL,0,'Gnat',1,NULL,NULL,NULL,1,0,0,0,0,0,0),(830,125,1,63,4,NULL,NULL,NULL,0,'Gnat',1,NULL,NULL,NULL,1,0,0,0,0,0,0),(831,900,1,64,4,NULL,NULL,NULL,0,'Gnawer',0,NULL,NULL,NULL,1,0,0,0,0,0,0),(832,900,1,64,4,NULL,NULL,NULL,0,'Gnawer',0,NULL,NULL,NULL,1,0,0,0,0,0,0),(833,900,1,64,4,NULL,NULL,NULL,0,'Gnawer',0,NULL,NULL,NULL,1,0,0,0,0,0,0),(834,500,1,64,4,NULL,NULL,NULL,0,'Spudder',1,NULL,NULL,NULL,1,0,0,0,0,0,0),(835,500,1,64,4,NULL,NULL,NULL,0,'Spudder',0,NULL,NULL,NULL,1,0,0,0,0,0,0),(836,90,1,64,4,NULL,NULL,NULL,0,'Glancer',1,NULL,NULL,NULL,1,0,0,0,0,0,0),(837,125,1,64,4,NULL,NULL,NULL,0,'Gnat',0,NULL,NULL,NULL,1,0,0,0,0,0,0),(838,125,1,64,4,NULL,NULL,NULL,0,'Gnat',0,NULL,NULL,NULL,1,0,0,0,0,0,0),(839,90,1,64,4,NULL,NULL,NULL,0,'Glancer',1,NULL,NULL,NULL,1,0,0,0,0,0,0),(840,90,1,64,4,NULL,NULL,NULL,0,'Glancer',1,NULL,NULL,NULL,1,0,0,0,0,0,0),(841,90,1,64,4,NULL,NULL,NULL,0,'Glancer',1,NULL,NULL,NULL,1,0,0,0,0,0,0),(842,125,1,64,4,NULL,NULL,NULL,0,'Gnat',0,NULL,NULL,NULL,1,0,0,0,0,0,0),(843,125,1,64,4,NULL,NULL,NULL,0,'Gnat',0,NULL,NULL,NULL,1,0,0,0,0,0,0),(844,125,1,64,4,NULL,NULL,NULL,0,'Gnat',1,NULL,NULL,NULL,1,0,0,0,0,0,0),(845,125,1,64,4,NULL,NULL,NULL,0,'Gnat',0,NULL,NULL,NULL,1,0,0,0,0,0,0),(846,900,1,65,4,NULL,NULL,NULL,0,'Gnawer',0,NULL,NULL,NULL,1,0,0,0,0,0,0),(847,500,1,65,4,NULL,NULL,NULL,0,'Spudder',1,NULL,NULL,NULL,1,0,0,0,0,0,0),(848,500,1,65,4,NULL,NULL,NULL,0,'Spudder',0,NULL,NULL,NULL,1,0,0,0,0,0,0),(849,90,1,65,4,NULL,NULL,NULL,0,'Glancer',1,NULL,NULL,NULL,1,0,0,0,0,0,0),(850,125,1,65,4,NULL,NULL,NULL,0,'Gnat',0,NULL,NULL,NULL,1,0,0,0,0,0,0),(851,90,1,65,4,NULL,NULL,NULL,0,'Glancer',1,NULL,NULL,NULL,1,0,0,0,0,0,0),(852,90,1,65,4,NULL,NULL,NULL,0,'Glancer',1,NULL,NULL,NULL,1,0,0,0,0,0,0),(853,90,1,65,4,NULL,NULL,NULL,0,'Glancer',1,NULL,NULL,NULL,1,0,0,0,0,0,0),(854,125,1,65,4,NULL,NULL,NULL,0,'Gnat',0,NULL,NULL,NULL,1,0,0,0,0,0,0),(855,125,1,65,4,NULL,NULL,NULL,0,'Gnat',0,NULL,NULL,NULL,1,0,0,0,0,0,0),(856,125,1,65,4,NULL,NULL,NULL,0,'Gnat',1,NULL,NULL,NULL,1,0,0,0,0,0,0),(857,125,1,65,4,NULL,NULL,NULL,0,'Gnat',0,NULL,NULL,NULL,1,0,0,0,0,0,0),(858,125,1,65,4,NULL,NULL,NULL,0,'Gnat',1,NULL,NULL,NULL,1,0,0,0,0,0,0),(859,125,1,65,4,NULL,NULL,NULL,0,'Gnat',1,NULL,NULL,NULL,1,0,0,0,0,0,0),(860,900,1,66,4,NULL,NULL,NULL,0,'Gnawer',0,NULL,NULL,NULL,1,0,0,0,0,0,0),(861,900,1,66,4,NULL,NULL,NULL,0,'Gnawer',0,NULL,NULL,NULL,1,0,0,0,0,0,0),(862,500,1,66,4,NULL,NULL,NULL,0,'Spudder',0,NULL,NULL,NULL,1,0,0,0,0,0,0),(863,500,1,66,4,NULL,NULL,NULL,0,'Spudder',1,NULL,NULL,NULL,1,0,0,0,0,0,0),(864,500,1,66,4,NULL,NULL,NULL,0,'Spudder',0,NULL,NULL,NULL,1,0,0,0,0,0,0),(865,90,1,66,4,NULL,NULL,NULL,0,'Glancer',1,NULL,NULL,NULL,1,0,0,0,0,0,0),(866,125,1,66,4,NULL,NULL,NULL,0,'Gnat',0,NULL,NULL,NULL,1,0,0,0,0,0,0),(867,125,1,66,4,NULL,NULL,NULL,0,'Gnat',0,NULL,NULL,NULL,1,0,0,0,0,0,0),(868,90,1,66,4,NULL,NULL,NULL,0,'Glancer',1,NULL,NULL,NULL,1,0,0,0,0,0,0),(869,90,1,66,4,NULL,NULL,NULL,0,'Glancer',1,NULL,NULL,NULL,1,0,0,0,0,0,0),(870,125,1,66,4,NULL,NULL,NULL,0,'Gnat',0,NULL,NULL,NULL,1,0,0,0,0,0,0),(871,125,1,66,4,NULL,NULL,NULL,0,'Gnat',0,NULL,NULL,NULL,1,0,0,0,0,0,0),(872,125,1,66,4,NULL,NULL,NULL,0,'Gnat',1,NULL,NULL,NULL,1,0,0,0,0,0,0),(873,125,1,66,4,NULL,NULL,NULL,0,'Gnat',0,NULL,NULL,NULL,1,0,0,0,0,0,0),(874,125,1,66,4,NULL,NULL,NULL,0,'Gnat',0,NULL,NULL,NULL,1,0,0,0,0,0,0),(875,125,1,67,4,NULL,NULL,NULL,0,'Gnat',0,NULL,NULL,NULL,1,0,0,0,0,0,0),(876,125,1,67,4,NULL,NULL,NULL,0,'Gnat',0,NULL,NULL,NULL,1,0,0,0,0,0,0),(877,125,1,67,4,NULL,NULL,NULL,0,'Gnat',0,NULL,NULL,NULL,1,0,0,0,0,0,0),(878,90,1,67,4,NULL,NULL,NULL,0,'Glancer',1,NULL,NULL,NULL,1,0,0,0,0,0,0),(879,90,1,67,4,NULL,NULL,NULL,0,'Glancer',1,NULL,NULL,NULL,1,0,0,0,0,0,0),(880,90,1,67,4,NULL,NULL,NULL,0,'Glancer',1,NULL,NULL,NULL,1,0,0,0,0,0,0),(881,125,1,67,4,NULL,NULL,NULL,0,'Gnat',0,NULL,NULL,NULL,1,0,0,0,0,0,0),(882,125,1,67,4,NULL,NULL,NULL,0,'Gnat',0,NULL,NULL,NULL,1,0,0,0,0,0,0),(883,125,1,67,4,NULL,NULL,NULL,0,'Gnat',1,NULL,NULL,NULL,1,0,0,0,0,0,0),(884,125,1,67,4,NULL,NULL,NULL,0,'Gnat',1,NULL,NULL,NULL,1,0,0,0,0,0,0),(885,125,1,67,4,NULL,NULL,NULL,0,'Gnat',0,NULL,NULL,NULL,1,0,0,0,0,0,0),(886,900,1,68,4,NULL,NULL,NULL,0,'Gnawer',0,NULL,NULL,NULL,1,0,0,0,0,0,0),(887,500,1,68,4,NULL,NULL,NULL,0,'Spudder',0,NULL,NULL,NULL,1,0,0,0,0,0,0),(888,500,1,68,4,NULL,NULL,NULL,0,'Spudder',1,NULL,NULL,NULL,1,0,0,0,0,0,0),(889,500,1,68,4,NULL,NULL,NULL,0,'Spudder',0,NULL,NULL,NULL,1,0,0,0,0,0,0),(890,500,1,68,4,NULL,NULL,NULL,0,'Spudder',0,NULL,NULL,NULL,1,0,0,0,0,0,0),(891,90,1,68,4,NULL,NULL,NULL,0,'Glancer',1,NULL,NULL,NULL,1,0,0,0,0,0,0),(892,125,1,68,4,NULL,NULL,NULL,0,'Gnat',0,NULL,NULL,NULL,1,0,0,0,0,0,0),(893,125,1,68,4,NULL,NULL,NULL,0,'Gnat',0,NULL,NULL,NULL,1,0,0,0,0,0,0),(894,90,1,68,4,NULL,NULL,NULL,0,'Glancer',1,NULL,NULL,NULL,1,0,0,0,0,0,0),(895,90,1,68,4,NULL,NULL,NULL,0,'Glancer',1,NULL,NULL,NULL,1,0,0,0,0,0,0),(896,90,1,68,4,NULL,NULL,NULL,0,'Glancer',1,NULL,NULL,NULL,1,0,0,0,0,0,0),(897,125,1,68,4,NULL,NULL,NULL,0,'Gnat',0,NULL,NULL,NULL,1,0,0,0,0,0,0),(898,125,1,68,4,NULL,NULL,NULL,0,'Gnat',0,NULL,NULL,NULL,1,0,0,0,0,0,0),(899,125,1,68,4,NULL,NULL,NULL,0,'Gnat',1,NULL,NULL,NULL,1,0,0,0,0,0,0),(900,125,1,68,4,NULL,NULL,NULL,0,'Gnat',0,NULL,NULL,NULL,1,0,0,0,0,0,0),(901,125,1,68,4,NULL,NULL,NULL,0,'Gnat',0,NULL,NULL,NULL,1,0,0,0,0,0,0),(902,125,1,68,4,NULL,NULL,NULL,0,'Gnat',1,NULL,NULL,NULL,1,0,0,0,0,0,0),(903,125,1,68,4,NULL,NULL,NULL,0,'Gnat',1,NULL,NULL,NULL,1,0,0,0,0,0,0),(904,500,1,69,4,NULL,NULL,NULL,0,'Spudder',0,NULL,NULL,NULL,1,0,0,0,0,0,0),(905,90,1,69,4,NULL,NULL,NULL,0,'Glancer',1,NULL,NULL,NULL,1,0,0,0,0,0,0),(906,125,1,69,4,NULL,NULL,NULL,0,'Gnat',0,NULL,NULL,NULL,1,0,0,0,0,0,0),(907,90,1,69,4,NULL,NULL,NULL,0,'Glancer',1,NULL,NULL,NULL,1,0,0,0,0,0,0),(908,90,1,69,4,NULL,NULL,NULL,0,'Glancer',1,NULL,NULL,NULL,1,0,0,0,0,0,0),(909,90,1,69,4,NULL,NULL,NULL,0,'Glancer',1,NULL,NULL,NULL,1,0,0,0,0,0,0),(910,125,1,69,4,NULL,NULL,NULL,0,'Gnat',0,NULL,NULL,NULL,1,0,0,0,0,0,0),(911,125,1,69,4,NULL,NULL,NULL,0,'Gnat',0,NULL,NULL,NULL,1,0,0,0,0,0,0),(912,125,1,69,4,NULL,NULL,NULL,0,'Gnat',1,NULL,NULL,NULL,1,0,0,0,0,0,0),(913,125,1,69,4,NULL,NULL,NULL,0,'Gnat',0,NULL,NULL,NULL,1,0,0,0,0,0,0),(914,90,1,70,4,NULL,NULL,NULL,0,'Glancer',1,NULL,NULL,NULL,1,0,0,0,0,0,0),(915,90,1,70,4,NULL,NULL,NULL,0,'Glancer',1,NULL,NULL,NULL,1,0,0,0,0,0,0),(916,90,1,70,4,NULL,NULL,NULL,0,'Glancer',1,NULL,NULL,NULL,1,0,0,0,0,0,0),(917,90,1,70,4,NULL,NULL,NULL,0,'Glancer',1,NULL,NULL,NULL,1,0,0,0,0,0,0),(918,90,1,70,4,NULL,NULL,NULL,0,'Glancer',1,NULL,NULL,NULL,1,0,0,0,0,0,0),(919,90,1,70,4,NULL,NULL,NULL,0,'Glancer',1,NULL,NULL,NULL,1,0,0,0,0,0,0),(920,125,1,70,4,NULL,NULL,NULL,0,'Gnat',0,NULL,NULL,NULL,1,0,0,0,0,0,0),(921,125,1,70,4,NULL,NULL,NULL,0,'Gnat',0,NULL,NULL,NULL,1,0,0,0,0,0,0),(922,125,1,70,4,NULL,NULL,NULL,0,'Gnat',1,NULL,NULL,NULL,1,0,0,0,0,0,0),(923,125,1,70,4,NULL,NULL,NULL,0,'Gnat',0,NULL,NULL,NULL,1,0,0,0,0,0,0),(924,125,1,70,4,NULL,NULL,NULL,0,'Gnat',1,NULL,NULL,NULL,1,0,0,0,0,0,0),(925,125,1,70,4,NULL,NULL,NULL,0,'Gnat',0,NULL,NULL,NULL,1,0,0,0,0,0,0),(926,125,1,71,4,NULL,NULL,NULL,0,'Gnat',0,NULL,NULL,NULL,1,0,0,0,0,0,0),(927,125,1,71,4,NULL,NULL,NULL,0,'Gnat',0,NULL,NULL,NULL,1,0,0,0,0,0,0),(928,125,1,71,4,NULL,NULL,NULL,0,'Gnat',1,NULL,NULL,NULL,1,0,0,0,0,0,0),(929,125,1,72,4,NULL,NULL,NULL,0,'Gnat',0,NULL,NULL,NULL,1,0,0,0,0,0,0),(930,125,1,72,4,NULL,NULL,NULL,0,'Gnat',0,NULL,NULL,NULL,1,0,0,0,0,0,0),(931,125,1,72,4,NULL,NULL,NULL,0,'Gnat',1,NULL,NULL,NULL,1,0,0,0,0,0,0),(932,125,1,72,4,NULL,NULL,NULL,0,'Gnat',0,NULL,NULL,NULL,1,0,0,0,0,0,0),(933,125,1,72,4,NULL,NULL,NULL,0,'Gnat',1,NULL,NULL,NULL,1,0,0,0,0,0,0),(934,125,1,73,4,NULL,NULL,NULL,0,'Gnat',0,NULL,NULL,NULL,1,0,0,0,0,0,0),(935,125,1,73,4,NULL,NULL,NULL,0,'Gnat',0,NULL,NULL,NULL,1,0,0,0,0,0,0),(936,125,1,73,4,NULL,NULL,NULL,0,'Gnat',1,NULL,NULL,NULL,1,0,0,0,0,0,0),(937,125,1,73,4,NULL,NULL,NULL,0,'Gnat',0,NULL,NULL,NULL,1,0,0,0,0,0,0),(938,125,1,73,4,NULL,NULL,NULL,0,'Gnat',1,NULL,NULL,NULL,1,0,0,0,0,0,0),(939,4475,1,8,1,NULL,NULL,NULL,0,'Thor',0,1,315,NULL,1,0,0,0,0,0,0),(940,4475,1,8,1,NULL,NULL,NULL,0,'Thor',1,1,315,NULL,1,0,0,0,0,0,0),(941,2812,1,8,1,NULL,NULL,NULL,0,'Dirac',0,1,315,NULL,1,0,0,0,0,0,0),(942,2812,1,8,1,NULL,NULL,NULL,0,'Dirac',1,1,315,NULL,1,0,0,0,0,0,0),(943,2812,1,8,1,NULL,NULL,NULL,0,'Dirac',0,1,315,NULL,1,0,0,0,0,0,0),(944,2812,1,8,1,NULL,NULL,NULL,0,'Dirac',0,1,315,NULL,1,0,0,0,0,0,0),(945,26875,1,8,1,NULL,NULL,NULL,0,'Demosis',0,3,66,NULL,1,0,0,0,0,0,0),(946,26875,1,8,1,NULL,NULL,NULL,0,'Demosis',0,3,66,NULL,1,0,0,0,0,0,0),(947,4475,1,8,1,NULL,NULL,NULL,0,'Thor',0,3,66,NULL,1,0,0,0,0,0,0),(948,4475,1,8,1,NULL,NULL,NULL,0,'Thor',1,3,66,NULL,1,0,0,0,0,0,0),(949,4475,1,8,1,NULL,NULL,NULL,0,'Thor',0,3,66,NULL,1,0,0,0,0,0,0),(950,4475,1,8,1,NULL,NULL,NULL,0,'Thor',0,3,66,NULL,1,0,0,0,0,0,0),(951,4475,1,8,1,NULL,NULL,NULL,0,'Thor',1,3,66,NULL,1,0,0,0,0,0,0),(952,4475,1,8,1,NULL,NULL,NULL,0,'Thor',1,3,66,NULL,1,0,0,0,0,0,0),(953,4475,1,8,1,NULL,NULL,NULL,0,'Thor',0,3,66,NULL,1,0,0,0,0,0,0),(954,2812,1,8,1,NULL,NULL,NULL,0,'Dirac',1,3,66,NULL,1,0,0,0,0,0,0),(955,2812,1,8,1,NULL,NULL,NULL,0,'Dirac',1,3,66,NULL,1,0,0,0,0,0,0),(956,2812,1,8,1,NULL,NULL,NULL,0,'Dirac',0,3,66,NULL,1,0,0,0,0,0,0),(957,2812,1,8,1,NULL,NULL,NULL,0,'Dirac',0,3,66,NULL,1,0,0,0,0,0,0),(958,2812,1,8,1,NULL,NULL,NULL,0,'Dirac',1,3,66,NULL,1,0,0,0,0,0,0),(959,2812,1,8,1,NULL,NULL,NULL,0,'Dirac',1,3,66,NULL,1,0,0,0,0,0,0),(960,2812,1,8,1,NULL,NULL,NULL,0,'Dirac',0,3,66,NULL,1,0,0,0,0,0,0),(961,2812,1,8,1,NULL,NULL,NULL,0,'Dirac',1,3,66,NULL,1,0,0,0,0,0,0),(962,26875,1,8,1,NULL,NULL,NULL,0,'Demosis',0,1,0,NULL,1,0,0,0,0,0,0),(963,26875,1,8,1,NULL,NULL,NULL,0,'Demosis',0,1,0,NULL,1,0,0,0,0,0,0),(964,4475,1,8,1,NULL,NULL,NULL,0,'Thor',1,1,0,NULL,1,0,0,0,0,0,0),(965,4475,1,8,1,NULL,NULL,NULL,0,'Thor',1,1,0,NULL,1,0,0,0,0,0,0),(966,4475,1,8,1,NULL,NULL,NULL,0,'Thor',1,1,0,NULL,1,0,0,0,0,0,0),(967,4475,1,8,1,NULL,NULL,NULL,0,'Thor',0,1,0,NULL,1,0,0,0,0,0,0),(968,4475,1,8,1,NULL,NULL,NULL,0,'Thor',1,1,0,NULL,1,0,0,0,0,0,0),(969,4475,1,8,1,NULL,NULL,NULL,0,'Thor',1,1,0,NULL,1,0,0,0,0,0,0),(970,2812,1,8,1,NULL,NULL,NULL,0,'Dirac',1,1,0,NULL,1,0,0,0,0,0,0),(971,2812,1,8,1,NULL,NULL,NULL,0,'Dirac',1,1,0,NULL,1,0,0,0,0,0,0),(972,2812,1,8,1,NULL,NULL,NULL,0,'Dirac',0,1,0,NULL,1,0,0,0,0,0,0),(973,2812,1,8,1,NULL,NULL,NULL,0,'Dirac',0,1,0,NULL,1,0,0,0,0,0,0),(974,2812,1,8,1,NULL,NULL,NULL,0,'Dirac',0,1,0,NULL,1,0,0,0,0,0,0),(975,2812,1,8,1,NULL,NULL,NULL,0,'Dirac',1,1,0,NULL,1,0,0,0,0,0,0),(976,2812,1,8,1,NULL,NULL,NULL,0,'Dirac',1,1,0,NULL,1,0,0,0,0,0,0),(977,26875,1,8,1,NULL,NULL,NULL,0,'Demosis',0,1,90,NULL,1,0,0,0,0,0,0),(978,4475,1,8,1,NULL,NULL,NULL,0,'Thor',1,1,90,NULL,1,0,0,0,0,0,0),(979,4475,1,8,1,NULL,NULL,NULL,0,'Thor',1,1,90,NULL,1,0,0,0,0,0,0),(980,4475,1,8,1,NULL,NULL,NULL,0,'Thor',0,1,90,NULL,1,0,0,0,0,0,0),(981,4475,1,8,1,NULL,NULL,NULL,0,'Thor',0,1,90,NULL,1,0,0,0,0,0,0),(982,4475,1,8,1,NULL,NULL,NULL,0,'Thor',0,1,90,NULL,1,0,0,0,0,0,0),(983,2812,1,8,1,NULL,NULL,NULL,0,'Dirac',0,1,90,NULL,1,0,0,0,0,0,0),(984,2812,1,8,1,NULL,NULL,NULL,0,'Dirac',0,1,90,NULL,1,0,0,0,0,0,0),(985,2812,1,8,1,NULL,NULL,NULL,0,'Dirac',1,1,90,NULL,1,0,0,0,0,0,0),(986,2812,1,8,1,NULL,NULL,NULL,0,'Dirac',0,1,90,NULL,1,0,0,0,0,0,0),(987,2812,1,8,1,NULL,NULL,NULL,0,'Dirac',0,1,90,NULL,1,0,0,0,0,0,0),(988,2812,1,8,1,NULL,NULL,NULL,0,'Dirac',0,1,90,NULL,1,0,0,0,0,0,0),(989,2812,1,8,1,NULL,NULL,NULL,0,'Dirac',1,1,90,NULL,1,0,0,0,0,0,0),(990,2812,1,8,1,NULL,NULL,NULL,0,'Dirac',0,1,90,NULL,1,0,0,0,0,0,0),(991,26875,1,8,1,NULL,NULL,NULL,0,'Demosis',0,2,150,NULL,1,0,0,0,0,0,0),(992,4475,1,8,1,NULL,NULL,NULL,0,'Thor',1,2,150,NULL,1,0,0,0,0,0,0),(993,2812,1,8,1,NULL,NULL,NULL,0,'Dirac',1,2,150,NULL,1,0,0,0,0,0,0),(994,2812,1,8,1,NULL,NULL,NULL,0,'Dirac',0,2,150,NULL,1,0,0,0,0,0,0),(995,2812,1,8,1,NULL,NULL,NULL,0,'Dirac',0,2,150,NULL,1,0,0,0,0,0,0),(996,26875,1,8,1,NULL,NULL,NULL,0,'Demosis',0,2,30,NULL,1,0,0,0,0,0,0),(997,26875,1,8,1,NULL,NULL,NULL,0,'Demosis',0,2,30,NULL,1,0,0,0,0,0,0),(998,4475,1,8,1,NULL,NULL,NULL,0,'Thor',0,2,30,NULL,1,0,0,0,0,0,0),(999,4475,1,8,1,NULL,NULL,NULL,0,'Thor',1,2,30,NULL,1,0,0,0,0,0,0),(1000,4475,1,8,1,NULL,NULL,NULL,0,'Thor',1,2,30,NULL,1,0,0,0,0,0,0),(1001,4475,1,8,1,NULL,NULL,NULL,0,'Thor',1,2,30,NULL,1,0,0,0,0,0,0),(1002,4475,1,8,1,NULL,NULL,NULL,0,'Thor',1,2,30,NULL,1,0,0,0,0,0,0),(1003,4475,1,8,1,NULL,NULL,NULL,0,'Thor',1,2,30,NULL,1,0,0,0,0,0,0),(1004,2812,1,8,1,NULL,NULL,NULL,0,'Dirac',0,2,30,NULL,1,0,0,0,0,0,0),(1005,2812,1,8,1,NULL,NULL,NULL,0,'Dirac',1,2,30,NULL,1,0,0,0,0,0,0),(1006,2812,1,8,1,NULL,NULL,NULL,0,'Dirac',1,2,30,NULL,1,0,0,0,0,0,0),(1007,2812,1,8,1,NULL,NULL,NULL,0,'Dirac',1,2,30,NULL,1,0,0,0,0,0,0),(1008,2812,1,8,1,NULL,NULL,NULL,0,'Dirac',0,2,30,NULL,1,0,0,0,0,0,0),(1009,4475,1,8,1,NULL,NULL,NULL,0,'Thor',0,1,135,NULL,1,0,0,0,0,0,0),(1010,4475,1,8,1,NULL,NULL,NULL,0,'Thor',0,1,135,NULL,1,0,0,0,0,0,0),(1011,2812,1,8,1,NULL,NULL,NULL,0,'Dirac',1,1,135,NULL,1,0,0,0,0,0,0),(1012,2812,1,8,1,NULL,NULL,NULL,0,'Dirac',0,1,135,NULL,1,0,0,0,0,0,0),(1013,2812,1,8,1,NULL,NULL,NULL,0,'Dirac',1,1,135,NULL,1,0,0,0,0,0,0),(1014,2812,1,8,1,NULL,NULL,NULL,0,'Dirac',1,1,135,NULL,1,0,0,0,0,0,0),(1015,2812,1,8,1,NULL,NULL,NULL,0,'Dirac',1,1,135,NULL,1,0,0,0,0,0,0),(1016,2812,1,8,1,NULL,NULL,NULL,0,'Dirac',0,1,135,NULL,1,0,0,0,0,0,0),(1017,90,1,74,4,NULL,NULL,NULL,0,'Glancer',1,NULL,NULL,NULL,1,0,0,0,0,0,0),(1018,125,1,74,4,NULL,NULL,NULL,0,'Gnat',0,NULL,NULL,NULL,1,0,0,0,0,0,0),(1019,125,1,74,4,NULL,NULL,NULL,0,'Gnat',0,NULL,NULL,NULL,1,0,0,0,0,0,0),(1020,125,1,74,4,NULL,NULL,NULL,0,'Gnat',1,NULL,NULL,NULL,1,0,0,0,0,0,0),(1021,90,1,75,4,NULL,NULL,NULL,0,'Glancer',1,NULL,NULL,NULL,1,0,0,0,0,0,0),(1022,90,1,75,4,NULL,NULL,NULL,0,'Glancer',1,NULL,NULL,NULL,1,0,0,0,0,0,0),(1023,125,1,75,4,NULL,NULL,NULL,0,'Gnat',0,NULL,NULL,NULL,1,0,0,0,0,0,0),(1024,125,1,75,4,NULL,NULL,NULL,0,'Gnat',0,NULL,NULL,NULL,1,0,0,0,0,0,0),(1025,125,1,75,4,NULL,NULL,NULL,0,'Gnat',1,NULL,NULL,NULL,1,0,0,0,0,0,0),(1026,90,1,76,4,NULL,NULL,NULL,0,'Glancer',1,NULL,NULL,NULL,1,0,0,0,0,0,0),(1027,125,1,76,4,NULL,NULL,NULL,0,'Gnat',0,NULL,NULL,NULL,1,0,0,0,0,0,0),(1028,125,1,76,4,NULL,NULL,NULL,0,'Gnat',0,NULL,NULL,NULL,1,0,0,0,0,0,0),(1029,125,1,76,4,NULL,NULL,NULL,0,'Gnat',1,NULL,NULL,NULL,1,0,0,0,0,0,0),(1030,125,1,76,4,NULL,NULL,NULL,0,'Gnat',0,NULL,NULL,NULL,1,0,0,0,0,0,0),(1031,125,1,76,4,NULL,NULL,NULL,0,'Gnat',0,NULL,NULL,NULL,1,0,0,0,0,0,0),(1032,900,1,77,4,NULL,NULL,NULL,0,'Gnawer',0,NULL,NULL,NULL,1,0,0,0,0,0,0),(1033,900,1,77,4,NULL,NULL,NULL,0,'Gnawer',0,NULL,NULL,NULL,1,0,0,0,0,0,0),(1034,500,1,77,4,NULL,NULL,NULL,0,'Spudder',0,NULL,NULL,NULL,1,0,0,0,0,0,0),(1035,500,1,77,4,NULL,NULL,NULL,0,'Spudder',1,NULL,NULL,NULL,1,0,0,0,0,0,0),(1036,500,1,77,4,NULL,NULL,NULL,0,'Spudder',0,NULL,NULL,NULL,1,0,0,0,0,0,0),(1037,90,1,77,4,NULL,NULL,NULL,0,'Glancer',1,NULL,NULL,NULL,1,0,0,0,0,0,0),(1038,90,1,77,4,NULL,NULL,NULL,0,'Glancer',1,NULL,NULL,NULL,1,0,0,0,0,0,0),(1039,90,1,77,4,NULL,NULL,NULL,0,'Glancer',1,NULL,NULL,NULL,1,0,0,0,0,0,0),(1040,90,1,77,4,NULL,NULL,NULL,0,'Glancer',1,NULL,NULL,NULL,1,0,0,0,0,0,0),(1041,90,1,77,4,NULL,NULL,NULL,0,'Glancer',1,NULL,NULL,NULL,1,0,0,0,0,0,0),(1042,125,1,77,4,NULL,NULL,NULL,0,'Gnat',0,NULL,NULL,NULL,1,0,0,0,0,0,0),(1043,125,1,77,4,NULL,NULL,NULL,0,'Gnat',0,NULL,NULL,NULL,1,0,0,0,0,0,0),(1044,125,1,77,4,NULL,NULL,NULL,0,'Gnat',1,NULL,NULL,NULL,1,0,0,0,0,0,0),(1045,125,1,77,4,NULL,NULL,NULL,0,'Gnat',1,NULL,NULL,NULL,1,0,0,0,0,0,0),(1046,900,1,78,4,NULL,NULL,NULL,0,'Gnawer',0,NULL,NULL,NULL,1,0,0,0,0,0,0),(1047,500,1,78,4,NULL,NULL,NULL,0,'Spudder',0,NULL,NULL,NULL,1,0,0,0,0,0,0),(1048,500,1,78,4,NULL,NULL,NULL,0,'Spudder',1,NULL,NULL,NULL,1,0,0,0,0,0,0),(1049,500,1,78,4,NULL,NULL,NULL,0,'Spudder',0,NULL,NULL,NULL,1,0,0,0,0,0,0),(1050,90,1,78,4,NULL,NULL,NULL,0,'Glancer',1,NULL,NULL,NULL,1,0,0,0,0,0,0),(1051,125,1,78,4,NULL,NULL,NULL,0,'Gnat',0,NULL,NULL,NULL,1,0,0,0,0,0,0),(1052,90,1,78,4,NULL,NULL,NULL,0,'Glancer',1,NULL,NULL,NULL,1,0,0,0,0,0,0),(1053,90,1,78,4,NULL,NULL,NULL,0,'Glancer',1,NULL,NULL,NULL,1,0,0,0,0,0,0),(1054,90,1,78,4,NULL,NULL,NULL,0,'Glancer',1,NULL,NULL,NULL,1,0,0,0,0,0,0),(1055,125,1,78,4,NULL,NULL,NULL,0,'Gnat',0,NULL,NULL,NULL,1,0,0,0,0,0,0),(1056,125,1,78,4,NULL,NULL,NULL,0,'Gnat',0,NULL,NULL,NULL,1,0,0,0,0,0,0),(1057,125,1,78,4,NULL,NULL,NULL,0,'Gnat',1,NULL,NULL,NULL,1,0,0,0,0,0,0),(1058,125,1,78,4,NULL,NULL,NULL,0,'Gnat',0,NULL,NULL,NULL,1,0,0,0,0,0,0),(1059,125,1,78,4,NULL,NULL,NULL,0,'Gnat',0,NULL,NULL,NULL,1,0,0,0,0,0,0),(1060,500,1,79,4,NULL,NULL,NULL,0,'Spudder',0,NULL,NULL,NULL,1,0,0,0,0,0,0),(1061,90,1,79,4,NULL,NULL,NULL,0,'Glancer',1,NULL,NULL,NULL,1,0,0,0,0,0,0),(1062,125,1,79,4,NULL,NULL,NULL,0,'Gnat',0,NULL,NULL,NULL,1,0,0,0,0,0,0),(1063,90,1,79,4,NULL,NULL,NULL,0,'Glancer',1,NULL,NULL,NULL,1,0,0,0,0,0,0),(1064,90,1,79,4,NULL,NULL,NULL,0,'Glancer',1,NULL,NULL,NULL,1,0,0,0,0,0,0),(1065,90,1,79,4,NULL,NULL,NULL,0,'Glancer',1,NULL,NULL,NULL,1,0,0,0,0,0,0),(1066,125,1,79,4,NULL,NULL,NULL,0,'Gnat',0,NULL,NULL,NULL,1,0,0,0,0,0,0),(1067,125,1,79,4,NULL,NULL,NULL,0,'Gnat',0,NULL,NULL,NULL,1,0,0,0,0,0,0),(1068,125,1,79,4,NULL,NULL,NULL,0,'Gnat',1,NULL,NULL,NULL,1,0,0,0,0,0,0),(1069,125,1,79,4,NULL,NULL,NULL,0,'Gnat',0,NULL,NULL,NULL,1,0,0,0,0,0,0),(1070,125,1,79,4,NULL,NULL,NULL,0,'Gnat',0,NULL,NULL,NULL,1,0,0,0,0,0,0),(1071,500,1,80,4,NULL,NULL,NULL,0,'Spudder',0,NULL,NULL,NULL,1,0,0,0,0,0,0),(1072,90,1,80,4,NULL,NULL,NULL,0,'Glancer',1,NULL,NULL,NULL,1,0,0,0,0,0,0),(1073,125,1,80,4,NULL,NULL,NULL,0,'Gnat',0,NULL,NULL,NULL,1,0,0,0,0,0,0),(1074,125,1,80,4,NULL,NULL,NULL,0,'Gnat',0,NULL,NULL,NULL,1,0,0,0,0,0,0),(1075,90,1,80,4,NULL,NULL,NULL,0,'Glancer',1,NULL,NULL,NULL,1,0,0,0,0,0,0),(1076,90,1,80,4,NULL,NULL,NULL,0,'Glancer',1,NULL,NULL,NULL,1,0,0,0,0,0,0),(1077,90,1,80,4,NULL,NULL,NULL,0,'Glancer',1,NULL,NULL,NULL,1,0,0,0,0,0,0),(1078,90,1,80,4,NULL,NULL,NULL,0,'Glancer',1,NULL,NULL,NULL,1,0,0,0,0,0,0),(1079,90,1,80,4,NULL,NULL,NULL,0,'Glancer',1,NULL,NULL,NULL,1,0,0,0,0,0,0),(1080,125,1,80,4,NULL,NULL,NULL,0,'Gnat',0,NULL,NULL,NULL,1,0,0,0,0,0,0),(1081,125,1,80,4,NULL,NULL,NULL,0,'Gnat',0,NULL,NULL,NULL,1,0,0,0,0,0,0),(1082,125,1,80,4,NULL,NULL,NULL,0,'Gnat',1,NULL,NULL,NULL,1,0,0,0,0,0,0),(1083,125,1,80,4,NULL,NULL,NULL,0,'Gnat',0,NULL,NULL,NULL,1,0,0,0,0,0,0),(1084,125,1,80,4,NULL,NULL,NULL,0,'Gnat',1,NULL,NULL,NULL,1,0,0,0,0,0,0),(1085,900,1,81,4,NULL,NULL,NULL,0,'Gnawer',0,NULL,NULL,NULL,1,0,0,0,0,0,0),(1086,900,1,81,4,NULL,NULL,NULL,0,'Gnawer',0,NULL,NULL,NULL,1,0,0,0,0,0,0),(1087,900,1,81,4,NULL,NULL,NULL,0,'Gnawer',0,NULL,NULL,NULL,1,0,0,0,0,0,0),(1088,500,1,81,4,NULL,NULL,NULL,0,'Spudder',0,NULL,NULL,NULL,1,0,0,0,0,0,0),(1089,90,1,81,4,NULL,NULL,NULL,0,'Glancer',1,NULL,NULL,NULL,1,0,0,0,0,0,0),(1090,125,1,81,4,NULL,NULL,NULL,0,'Gnat',0,NULL,NULL,NULL,1,0,0,0,0,0,0),(1091,125,1,81,4,NULL,NULL,NULL,0,'Gnat',0,NULL,NULL,NULL,1,0,0,0,0,0,0),(1092,90,1,81,4,NULL,NULL,NULL,0,'Glancer',1,NULL,NULL,NULL,1,0,0,0,0,0,0),(1093,90,1,81,4,NULL,NULL,NULL,0,'Glancer',1,NULL,NULL,NULL,1,0,0,0,0,0,0),(1094,90,1,81,4,NULL,NULL,NULL,0,'Glancer',1,NULL,NULL,NULL,1,0,0,0,0,0,0),(1095,90,1,81,4,NULL,NULL,NULL,0,'Glancer',1,NULL,NULL,NULL,1,0,0,0,0,0,0),(1096,90,1,81,4,NULL,NULL,NULL,0,'Glancer',1,NULL,NULL,NULL,1,0,0,0,0,0,0),(1097,125,1,81,4,NULL,NULL,NULL,0,'Gnat',0,NULL,NULL,NULL,1,0,0,0,0,0,0),(1098,125,1,81,4,NULL,NULL,NULL,0,'Gnat',0,NULL,NULL,NULL,1,0,0,0,0,0,0),(1099,125,1,81,4,NULL,NULL,NULL,0,'Gnat',1,NULL,NULL,NULL,1,0,0,0,0,0,0),(1100,125,1,81,4,NULL,NULL,NULL,0,'Gnat',0,NULL,NULL,NULL,1,0,0,0,0,0,0),(1101,125,1,81,4,NULL,NULL,NULL,0,'Gnat',0,NULL,NULL,NULL,1,0,0,0,0,0,0),(1102,125,1,81,4,NULL,NULL,NULL,0,'Gnat',1,NULL,NULL,NULL,1,0,0,0,0,0,0),(1103,125,1,81,4,NULL,NULL,NULL,0,'Gnat',1,NULL,NULL,NULL,1,0,0,0,0,0,0),(1104,900,1,82,4,NULL,NULL,NULL,0,'Gnawer',0,NULL,NULL,NULL,1,0,0,0,0,0,0),(1105,900,1,82,4,NULL,NULL,NULL,0,'Gnawer',0,NULL,NULL,NULL,1,0,0,0,0,0,0),(1106,900,1,82,4,NULL,NULL,NULL,0,'Gnawer',0,NULL,NULL,NULL,1,0,0,0,0,0,0),(1107,500,1,82,4,NULL,NULL,NULL,0,'Spudder',0,NULL,NULL,NULL,1,0,0,0,0,0,0),(1108,500,1,82,4,NULL,NULL,NULL,0,'Spudder',0,NULL,NULL,NULL,1,0,0,0,0,0,0),(1109,500,1,82,4,NULL,NULL,NULL,0,'Spudder',1,NULL,NULL,NULL,1,0,0,0,0,0,0),(1110,500,1,82,4,NULL,NULL,NULL,0,'Spudder',0,NULL,NULL,NULL,1,0,0,0,0,0,0),(1111,500,1,82,4,NULL,NULL,NULL,0,'Spudder',0,NULL,NULL,NULL,1,0,0,0,0,0,0),(1112,90,1,82,4,NULL,NULL,NULL,0,'Glancer',1,NULL,NULL,NULL,1,0,0,0,0,0,0),(1113,125,1,82,4,NULL,NULL,NULL,0,'Gnat',0,NULL,NULL,NULL,1,0,0,0,0,0,0),(1114,125,1,82,4,NULL,NULL,NULL,0,'Gnat',1,NULL,NULL,NULL,1,0,0,0,0,0,0),(1115,125,1,82,4,NULL,NULL,NULL,0,'Gnat',0,NULL,NULL,NULL,1,0,0,0,0,0,0),(1116,125,1,82,4,NULL,NULL,NULL,0,'Gnat',0,NULL,NULL,NULL,1,0,0,0,0,0,0),(1117,90,1,82,4,NULL,NULL,NULL,0,'Glancer',1,NULL,NULL,NULL,1,0,0,0,0,0,0),(1118,90,1,82,4,NULL,NULL,NULL,0,'Glancer',1,NULL,NULL,NULL,1,0,0,0,0,0,0),(1119,90,1,82,4,NULL,NULL,NULL,0,'Glancer',1,NULL,NULL,NULL,1,0,0,0,0,0,0),(1120,90,1,82,4,NULL,NULL,NULL,0,'Glancer',1,NULL,NULL,NULL,1,0,0,0,0,0,0),(1121,125,1,82,4,NULL,NULL,NULL,0,'Gnat',0,NULL,NULL,NULL,1,0,0,0,0,0,0),(1122,125,1,82,4,NULL,NULL,NULL,0,'Gnat',0,NULL,NULL,NULL,1,0,0,0,0,0,0),(1123,125,1,82,4,NULL,NULL,NULL,0,'Gnat',1,NULL,NULL,NULL,1,0,0,0,0,0,0),(1124,125,1,82,4,NULL,NULL,NULL,0,'Gnat',0,NULL,NULL,NULL,1,0,0,0,0,0,0),(1125,900,1,83,4,NULL,NULL,NULL,0,'Gnawer',0,NULL,NULL,NULL,1,0,0,0,0,0,0),(1126,500,1,83,4,NULL,NULL,NULL,0,'Spudder',0,NULL,NULL,NULL,1,0,0,0,0,0,0),(1127,500,1,83,4,NULL,NULL,NULL,0,'Spudder',0,NULL,NULL,NULL,1,0,0,0,0,0,0),(1128,90,1,83,4,NULL,NULL,NULL,0,'Glancer',1,NULL,NULL,NULL,1,0,0,0,0,0,0),(1129,125,1,83,4,NULL,NULL,NULL,0,'Gnat',0,NULL,NULL,NULL,1,0,0,0,0,0,0),(1130,125,1,83,4,NULL,NULL,NULL,0,'Gnat',0,NULL,NULL,NULL,1,0,0,0,0,0,0),(1131,90,1,83,4,NULL,NULL,NULL,0,'Glancer',1,NULL,NULL,NULL,1,0,0,0,0,0,0),(1132,90,1,83,4,NULL,NULL,NULL,0,'Glancer',1,NULL,NULL,NULL,1,0,0,0,0,0,0),(1133,125,1,83,4,NULL,NULL,NULL,0,'Gnat',0,NULL,NULL,NULL,1,0,0,0,0,0,0),(1134,125,1,83,4,NULL,NULL,NULL,0,'Gnat',0,NULL,NULL,NULL,1,0,0,0,0,0,0),(1135,125,1,83,4,NULL,NULL,NULL,0,'Gnat',1,NULL,NULL,NULL,1,0,0,0,0,0,0),(1136,125,1,83,4,NULL,NULL,NULL,0,'Gnat',1,NULL,NULL,NULL,1,0,0,0,0,0,0),(1137,125,1,83,4,NULL,NULL,NULL,0,'Gnat',1,NULL,NULL,NULL,1,0,0,0,0,0,0),(1138,90,1,84,4,NULL,NULL,NULL,0,'Glancer',1,NULL,NULL,NULL,1,0,0,0,0,0,0),(1139,125,1,84,4,NULL,NULL,NULL,0,'Gnat',0,NULL,NULL,NULL,1,0,0,0,0,0,0),(1140,90,1,84,4,NULL,NULL,NULL,0,'Glancer',1,NULL,NULL,NULL,1,0,0,0,0,0,0),(1141,90,1,84,4,NULL,NULL,NULL,0,'Glancer',1,NULL,NULL,NULL,1,0,0,0,0,0,0),(1142,90,1,84,4,NULL,NULL,NULL,0,'Glancer',1,NULL,NULL,NULL,1,0,0,0,0,0,0),(1143,90,1,84,4,NULL,NULL,NULL,0,'Glancer',1,NULL,NULL,NULL,1,0,0,0,0,0,0),(1144,125,1,84,4,NULL,NULL,NULL,0,'Gnat',0,NULL,NULL,NULL,1,0,0,0,0,0,0),(1145,125,1,84,4,NULL,NULL,NULL,0,'Gnat',0,NULL,NULL,NULL,1,0,0,0,0,0,0),(1146,125,1,84,4,NULL,NULL,NULL,0,'Gnat',1,NULL,NULL,NULL,1,0,0,0,0,0,0),(1147,125,1,84,4,NULL,NULL,NULL,0,'Gnat',0,NULL,NULL,NULL,1,0,0,0,0,0,0),(1148,125,1,84,4,NULL,NULL,NULL,0,'Gnat',0,NULL,NULL,NULL,1,0,0,0,0,0,0),(1149,900,1,85,4,NULL,NULL,NULL,0,'Gnawer',0,NULL,NULL,NULL,1,0,0,0,0,0,0),(1150,500,1,85,4,NULL,NULL,NULL,0,'Spudder',0,NULL,NULL,NULL,1,0,0,0,0,0,0),(1151,500,1,85,4,NULL,NULL,NULL,0,'Spudder',0,NULL,NULL,NULL,1,0,0,0,0,0,0),(1152,90,1,85,4,NULL,NULL,NULL,0,'Glancer',1,NULL,NULL,NULL,1,0,0,0,0,0,0),(1153,125,1,85,4,NULL,NULL,NULL,0,'Gnat',0,NULL,NULL,NULL,1,0,0,0,0,0,0),(1154,125,1,85,4,NULL,NULL,NULL,0,'Gnat',0,NULL,NULL,NULL,1,0,0,0,0,0,0),(1155,125,1,85,4,NULL,NULL,NULL,0,'Gnat',0,NULL,NULL,NULL,1,0,0,0,0,0,0),(1156,90,1,85,4,NULL,NULL,NULL,0,'Glancer',1,NULL,NULL,NULL,1,0,0,0,0,0,0),(1157,90,1,85,4,NULL,NULL,NULL,0,'Glancer',1,NULL,NULL,NULL,1,0,0,0,0,0,0),(1158,90,1,85,4,NULL,NULL,NULL,0,'Glancer',1,NULL,NULL,NULL,1,0,0,0,0,0,0),(1159,90,1,85,4,NULL,NULL,NULL,0,'Glancer',1,NULL,NULL,NULL,1,0,0,0,0,0,0),(1160,125,1,85,4,NULL,NULL,NULL,0,'Gnat',0,NULL,NULL,NULL,1,0,0,0,0,0,0),(1161,125,1,85,4,NULL,NULL,NULL,0,'Gnat',0,NULL,NULL,NULL,1,0,0,0,0,0,0),(1162,125,1,85,4,NULL,NULL,NULL,0,'Gnat',1,NULL,NULL,NULL,1,0,0,0,0,0,0),(1163,125,1,85,4,NULL,NULL,NULL,0,'Gnat',1,NULL,NULL,NULL,1,0,0,0,0,0,0),(1164,900,1,86,4,NULL,NULL,NULL,0,'Gnawer',0,NULL,NULL,NULL,1,0,0,0,0,0,0),(1165,500,1,86,4,NULL,NULL,NULL,0,'Spudder',0,NULL,NULL,NULL,1,0,0,0,0,0,0),(1166,90,1,86,4,NULL,NULL,NULL,0,'Glancer',1,NULL,NULL,NULL,1,0,0,0,0,0,0),(1167,125,1,86,4,NULL,NULL,NULL,0,'Gnat',0,NULL,NULL,NULL,1,0,0,0,0,0,0),(1168,125,1,86,4,NULL,NULL,NULL,0,'Gnat',0,NULL,NULL,NULL,1,0,0,0,0,0,0),(1169,125,1,86,4,NULL,NULL,NULL,0,'Gnat',0,NULL,NULL,NULL,1,0,0,0,0,0,0),(1170,90,1,86,4,NULL,NULL,NULL,0,'Glancer',1,NULL,NULL,NULL,1,0,0,0,0,0,0),(1171,90,1,86,4,NULL,NULL,NULL,0,'Glancer',1,NULL,NULL,NULL,1,0,0,0,0,0,0),(1172,90,1,86,4,NULL,NULL,NULL,0,'Glancer',1,NULL,NULL,NULL,1,0,0,0,0,0,0),(1173,90,1,86,4,NULL,NULL,NULL,0,'Glancer',1,NULL,NULL,NULL,1,0,0,0,0,0,0),(1174,125,1,86,4,NULL,NULL,NULL,0,'Gnat',0,NULL,NULL,NULL,1,0,0,0,0,0,0),(1175,125,1,86,4,NULL,NULL,NULL,0,'Gnat',0,NULL,NULL,NULL,1,0,0,0,0,0,0),(1176,125,1,86,4,NULL,NULL,NULL,0,'Gnat',1,NULL,NULL,NULL,1,0,0,0,0,0,0),(1177,125,1,86,4,NULL,NULL,NULL,0,'Gnat',0,NULL,NULL,NULL,1,0,0,0,0,0,0),(1178,125,1,86,4,NULL,NULL,NULL,0,'Gnat',1,NULL,NULL,NULL,1,0,0,0,0,0,0),(1179,500,1,87,4,NULL,NULL,NULL,0,'Spudder',1,NULL,NULL,NULL,1,0,0,0,0,0,0),(1180,500,1,87,4,NULL,NULL,NULL,0,'Spudder',0,NULL,NULL,NULL,1,0,0,0,0,0,0),(1181,90,1,87,4,NULL,NULL,NULL,0,'Glancer',1,NULL,NULL,NULL,1,0,0,0,0,0,0),(1182,125,1,87,4,NULL,NULL,NULL,0,'Gnat',0,NULL,NULL,NULL,1,0,0,0,0,0,0),(1183,125,1,87,4,NULL,NULL,NULL,0,'Gnat',0,NULL,NULL,NULL,1,0,0,0,0,0,0),(1184,125,1,87,4,NULL,NULL,NULL,0,'Gnat',0,NULL,NULL,NULL,1,0,0,0,0,0,0),(1185,90,1,87,4,NULL,NULL,NULL,0,'Glancer',1,NULL,NULL,NULL,1,0,0,0,0,0,0),(1186,90,1,87,4,NULL,NULL,NULL,0,'Glancer',1,NULL,NULL,NULL,1,0,0,0,0,0,0),(1187,90,1,87,4,NULL,NULL,NULL,0,'Glancer',1,NULL,NULL,NULL,1,0,0,0,0,0,0),(1188,90,1,87,4,NULL,NULL,NULL,0,'Glancer',1,NULL,NULL,NULL,1,0,0,0,0,0,0),(1189,125,1,87,4,NULL,NULL,NULL,0,'Gnat',0,NULL,NULL,NULL,1,0,0,0,0,0,0),(1190,125,1,87,4,NULL,NULL,NULL,0,'Gnat',0,NULL,NULL,NULL,1,0,0,0,0,0,0),(1191,125,1,87,4,NULL,NULL,NULL,0,'Gnat',1,NULL,NULL,NULL,1,0,0,0,0,0,0),(1192,125,1,87,4,NULL,NULL,NULL,0,'Gnat',1,NULL,NULL,NULL,1,0,0,0,0,0,0),(1193,125,1,88,4,NULL,NULL,NULL,0,'Gnat',0,NULL,NULL,NULL,1,0,0,0,0,0,0),(1194,125,1,88,4,NULL,NULL,NULL,0,'Gnat',0,NULL,NULL,NULL,1,0,0,0,0,0,0),(1195,125,1,88,4,NULL,NULL,NULL,0,'Gnat',1,NULL,NULL,NULL,1,0,0,0,0,0,0),(1196,125,1,88,4,NULL,NULL,NULL,0,'Gnat',0,NULL,NULL,NULL,1,0,0,0,0,0,0),(1197,125,1,88,4,NULL,NULL,NULL,0,'Gnat',1,NULL,NULL,NULL,1,0,0,0,0,0,0),(1198,125,1,89,4,NULL,NULL,NULL,0,'Gnat',0,NULL,NULL,NULL,1,0,0,0,0,0,0),(1199,125,1,89,4,NULL,NULL,NULL,0,'Gnat',0,NULL,NULL,NULL,1,0,0,0,0,0,0),(1200,125,1,89,4,NULL,NULL,NULL,0,'Gnat',1,NULL,NULL,NULL,1,0,0,0,0,0,0),(1201,125,1,89,4,NULL,NULL,NULL,0,'Gnat',0,NULL,NULL,NULL,1,0,0,0,0,0,0),(1202,125,1,89,4,NULL,NULL,NULL,0,'Gnat',1,NULL,NULL,NULL,1,0,0,0,0,0,0),(1203,125,1,90,4,NULL,NULL,NULL,0,'Gnat',0,NULL,NULL,NULL,1,0,0,0,0,0,0),(1204,125,1,90,4,NULL,NULL,NULL,0,'Gnat',0,NULL,NULL,NULL,1,0,0,0,0,0,0),(1205,125,1,90,4,NULL,NULL,NULL,0,'Gnat',1,NULL,NULL,NULL,1,0,0,0,0,0,0),(1206,125,1,90,4,NULL,NULL,NULL,0,'Gnat',1,NULL,NULL,NULL,1,0,0,0,0,0,0),(1207,125,1,91,4,NULL,NULL,NULL,0,'Gnat',0,NULL,NULL,NULL,1,0,0,0,0,0,0),(1208,125,1,91,4,NULL,NULL,NULL,0,'Gnat',0,NULL,NULL,NULL,1,0,0,0,0,0,0),(1209,125,1,91,4,NULL,NULL,NULL,0,'Gnat',1,NULL,NULL,NULL,1,0,0,0,0,0,0),(1210,125,1,91,4,NULL,NULL,NULL,0,'Gnat',0,NULL,NULL,NULL,1,0,0,0,0,0,0),(1211,125,1,91,4,NULL,NULL,NULL,0,'Gnat',1,NULL,NULL,NULL,1,0,0,0,0,0,0),(1212,125,1,91,4,NULL,NULL,NULL,0,'Gnat',1,NULL,NULL,NULL,1,0,0,0,0,0,0),(1213,26875,1,8,1,NULL,NULL,NULL,0,'Demosis',0,2,330,NULL,1,0,0,0,0,0,0),(1214,4475,1,8,1,NULL,NULL,NULL,0,'Thor',0,2,330,NULL,1,0,0,0,0,0,0),(1215,4475,1,8,1,NULL,NULL,NULL,0,'Thor',1,2,330,NULL,1,0,0,0,0,0,0),(1216,4475,1,8,1,NULL,NULL,NULL,0,'Thor',0,2,330,NULL,1,0,0,0,0,0,0),(1217,4475,1,8,1,NULL,NULL,NULL,0,'Thor',0,2,330,NULL,1,0,0,0,0,0,0),(1218,2812,1,8,1,NULL,NULL,NULL,0,'Dirac',0,2,330,NULL,1,0,0,0,0,0,0),(1219,2812,1,8,1,NULL,NULL,NULL,0,'Dirac',0,2,330,NULL,1,0,0,0,0,0,0),(1220,2812,1,8,1,NULL,NULL,NULL,0,'Dirac',1,2,330,NULL,1,0,0,0,0,0,0),(1221,4475,1,8,1,NULL,NULL,NULL,0,'Thor',1,0,270,NULL,1,0,0,0,0,0,0),(1222,2812,1,8,1,NULL,NULL,NULL,0,'Dirac',0,0,270,NULL,1,0,0,0,0,0,0),(1223,2812,1,8,1,NULL,NULL,NULL,0,'Dirac',1,0,270,NULL,1,0,0,0,0,0,0),(1224,26875,1,8,1,NULL,NULL,NULL,0,'Demosis',0,2,0,NULL,1,0,0,0,0,0,0),(1225,26875,1,8,1,NULL,NULL,NULL,0,'Demosis',0,2,0,NULL,1,0,0,0,0,0,0),(1226,4475,1,8,1,NULL,NULL,NULL,0,'Thor',0,2,0,NULL,1,0,0,0,0,0,0),(1227,2812,1,8,1,NULL,NULL,NULL,0,'Dirac',1,2,0,NULL,1,0,0,0,0,0,0),(1228,2812,1,8,1,NULL,NULL,NULL,0,'Dirac',0,2,0,NULL,1,0,0,0,0,0,0),(1229,2812,1,8,1,NULL,NULL,NULL,0,'Dirac',0,2,0,NULL,1,0,0,0,0,0,0),(1230,2812,1,8,1,NULL,NULL,NULL,0,'Dirac',0,2,0,NULL,1,0,0,0,0,0,0),(1231,2812,1,8,1,NULL,NULL,NULL,0,'Dirac',0,2,0,NULL,1,0,0,0,0,0,0),(1232,2812,1,8,1,NULL,NULL,NULL,0,'Dirac',1,2,0,NULL,1,0,0,0,0,0,0),(1233,26875,1,8,1,NULL,NULL,NULL,0,'Demosis',0,2,300,NULL,1,0,0,0,0,0,0),(1234,4475,1,8,1,NULL,NULL,NULL,0,'Thor',0,2,300,NULL,1,0,0,0,0,0,0),(1235,4475,1,8,1,NULL,NULL,NULL,0,'Thor',0,2,300,NULL,1,0,0,0,0,0,0),(1236,4475,1,8,1,NULL,NULL,NULL,0,'Thor',1,2,300,NULL,1,0,0,0,0,0,0),(1237,2812,1,8,1,NULL,NULL,NULL,0,'Dirac',1,2,300,NULL,1,0,0,0,0,0,0),(1238,2812,1,8,1,NULL,NULL,NULL,0,'Dirac',0,2,300,NULL,1,0,0,0,0,0,0),(1239,2812,1,8,1,NULL,NULL,NULL,0,'Dirac',0,2,300,NULL,1,0,0,0,0,0,0),(1240,2812,1,8,1,NULL,NULL,NULL,0,'Dirac',1,2,300,NULL,1,0,0,0,0,0,0),(1241,26875,1,8,1,NULL,NULL,NULL,0,'Demosis',0,0,0,NULL,1,0,0,0,0,0,0),(1242,4475,1,8,1,NULL,NULL,NULL,0,'Thor',0,0,0,NULL,1,0,0,0,0,0,0),(1243,4475,1,8,1,NULL,NULL,NULL,0,'Thor',0,0,0,NULL,1,0,0,0,0,0,0),(1244,2812,1,8,1,NULL,NULL,NULL,0,'Dirac',1,0,0,NULL,1,0,0,0,0,0,0),(1245,2812,1,8,1,NULL,NULL,NULL,0,'Dirac',0,0,0,NULL,1,0,0,0,0,0,0),(1246,2812,1,8,1,NULL,NULL,NULL,0,'Dirac',0,0,0,NULL,1,0,0,0,0,0,0),(1247,2812,1,8,1,NULL,NULL,NULL,0,'Dirac',0,0,0,NULL,1,0,0,0,0,0,0),(1248,2812,1,8,1,NULL,NULL,NULL,0,'Dirac',0,0,0,NULL,1,0,0,0,0,0,0),(1249,90,1,92,4,NULL,NULL,NULL,0,'Glancer',1,NULL,NULL,NULL,1,0,0,0,0,0,0),(1250,90,1,92,4,NULL,NULL,NULL,0,'Glancer',1,NULL,NULL,NULL,1,0,0,0,0,0,0),(1251,125,1,92,4,NULL,NULL,NULL,0,'Gnat',0,NULL,NULL,NULL,1,0,0,0,0,0,0),(1252,125,1,92,4,NULL,NULL,NULL,0,'Gnat',0,NULL,NULL,NULL,1,0,0,0,0,0,0),(1253,125,1,92,4,NULL,NULL,NULL,0,'Gnat',1,NULL,NULL,NULL,1,0,0,0,0,0,0),(1254,125,1,92,4,NULL,NULL,NULL,0,'Gnat',1,NULL,NULL,NULL,1,0,0,0,0,0,0),(1255,125,1,93,4,NULL,NULL,NULL,0,'Gnat',0,NULL,NULL,NULL,1,0,0,0,0,0,0),(1256,125,1,93,4,NULL,NULL,NULL,0,'Gnat',0,NULL,NULL,NULL,1,0,0,0,0,0,0),(1257,125,1,93,4,NULL,NULL,NULL,0,'Gnat',1,NULL,NULL,NULL,1,0,0,0,0,0,0),(1258,125,1,93,4,NULL,NULL,NULL,0,'Gnat',0,NULL,NULL,NULL,1,0,0,0,0,0,0),(1259,125,1,93,4,NULL,NULL,NULL,0,'Gnat',0,NULL,NULL,NULL,1,0,0,0,0,0,0),(1260,125,1,93,4,NULL,NULL,NULL,0,'Gnat',1,NULL,NULL,NULL,1,0,0,0,0,0,0),(1261,125,1,93,4,NULL,NULL,NULL,0,'Gnat',1,NULL,NULL,NULL,1,0,0,0,0,0,0),(1262,90,1,94,4,NULL,NULL,NULL,0,'Glancer',1,NULL,NULL,NULL,1,0,0,0,0,0,0),(1263,125,1,94,4,NULL,NULL,NULL,0,'Gnat',0,NULL,NULL,NULL,1,0,0,0,0,0,0),(1264,125,1,94,4,NULL,NULL,NULL,0,'Gnat',0,NULL,NULL,NULL,1,0,0,0,0,0,0),(1265,125,1,94,4,NULL,NULL,NULL,0,'Gnat',1,NULL,NULL,NULL,1,0,0,0,0,0,0),(1266,900,1,95,4,NULL,NULL,NULL,0,'Gnawer',0,NULL,NULL,NULL,1,0,0,0,0,0,0),(1267,500,1,95,4,NULL,NULL,NULL,0,'Spudder',0,NULL,NULL,NULL,1,0,0,0,0,0,0),(1268,500,1,95,4,NULL,NULL,NULL,0,'Spudder',0,NULL,NULL,NULL,1,0,0,0,0,0,0),(1269,500,1,95,4,NULL,NULL,NULL,0,'Spudder',1,NULL,NULL,NULL,1,0,0,0,0,0,0),(1270,500,1,95,4,NULL,NULL,NULL,0,'Spudder',0,NULL,NULL,NULL,1,0,0,0,0,0,0),(1271,90,1,95,4,NULL,NULL,NULL,0,'Glancer',1,NULL,NULL,NULL,1,0,0,0,0,0,0),(1272,125,1,95,4,NULL,NULL,NULL,0,'Gnat',0,NULL,NULL,NULL,1,0,0,0,0,0,0),(1273,125,1,95,4,NULL,NULL,NULL,0,'Gnat',0,NULL,NULL,NULL,1,0,0,0,0,0,0),(1274,125,1,95,4,NULL,NULL,NULL,0,'Gnat',0,NULL,NULL,NULL,1,0,0,0,0,0,0),(1275,90,1,95,4,NULL,NULL,NULL,0,'Glancer',1,NULL,NULL,NULL,1,0,0,0,0,0,0),(1276,90,1,95,4,NULL,NULL,NULL,0,'Glancer',1,NULL,NULL,NULL,1,0,0,0,0,0,0),(1277,90,1,95,4,NULL,NULL,NULL,0,'Glancer',1,NULL,NULL,NULL,1,0,0,0,0,0,0),(1278,90,1,95,4,NULL,NULL,NULL,0,'Glancer',1,NULL,NULL,NULL,1,0,0,0,0,0,0),(1279,125,1,95,4,NULL,NULL,NULL,0,'Gnat',0,NULL,NULL,NULL,1,0,0,0,0,0,0),(1280,125,1,95,4,NULL,NULL,NULL,0,'Gnat',0,NULL,NULL,NULL,1,0,0,0,0,0,0),(1281,125,1,95,4,NULL,NULL,NULL,0,'Gnat',1,NULL,NULL,NULL,1,0,0,0,0,0,0),(1282,125,1,95,4,NULL,NULL,NULL,0,'Gnat',0,NULL,NULL,NULL,1,0,0,0,0,0,0),(1283,500,1,96,4,NULL,NULL,NULL,0,'Spudder',0,NULL,NULL,NULL,1,0,0,0,0,0,0),(1284,500,1,96,4,NULL,NULL,NULL,0,'Spudder',0,NULL,NULL,NULL,1,0,0,0,0,0,0),(1285,90,1,96,4,NULL,NULL,NULL,0,'Glancer',1,NULL,NULL,NULL,1,0,0,0,0,0,0),(1286,125,1,96,4,NULL,NULL,NULL,0,'Gnat',0,NULL,NULL,NULL,1,0,0,0,0,0,0),(1287,125,1,96,4,NULL,NULL,NULL,0,'Gnat',0,NULL,NULL,NULL,1,0,0,0,0,0,0),(1288,90,1,96,4,NULL,NULL,NULL,0,'Glancer',1,NULL,NULL,NULL,1,0,0,0,0,0,0),(1289,90,1,96,4,NULL,NULL,NULL,0,'Glancer',1,NULL,NULL,NULL,1,0,0,0,0,0,0),(1290,90,1,96,4,NULL,NULL,NULL,0,'Glancer',1,NULL,NULL,NULL,1,0,0,0,0,0,0),(1291,90,1,96,4,NULL,NULL,NULL,0,'Glancer',1,NULL,NULL,NULL,1,0,0,0,0,0,0),(1292,125,1,96,4,NULL,NULL,NULL,0,'Gnat',0,NULL,NULL,NULL,1,0,0,0,0,0,0),(1293,125,1,96,4,NULL,NULL,NULL,0,'Gnat',0,NULL,NULL,NULL,1,0,0,0,0,0,0),(1294,125,1,96,4,NULL,NULL,NULL,0,'Gnat',1,NULL,NULL,NULL,1,0,0,0,0,0,0),(1295,125,1,96,4,NULL,NULL,NULL,0,'Gnat',0,NULL,NULL,NULL,1,0,0,0,0,0,0),(1296,125,1,96,4,NULL,NULL,NULL,0,'Gnat',1,NULL,NULL,NULL,1,0,0,0,0,0,0),(1297,125,1,96,4,NULL,NULL,NULL,0,'Gnat',1,NULL,NULL,NULL,1,0,0,0,0,0,0),(1298,500,1,97,4,NULL,NULL,NULL,0,'Spudder',0,NULL,NULL,NULL,1,0,0,0,0,0,0),(1299,500,1,97,4,NULL,NULL,NULL,0,'Spudder',1,NULL,NULL,NULL,1,0,0,0,0,0,0),(1300,500,1,97,4,NULL,NULL,NULL,0,'Spudder',0,NULL,NULL,NULL,1,0,0,0,0,0,0),(1301,90,1,97,4,NULL,NULL,NULL,0,'Glancer',1,NULL,NULL,NULL,1,0,0,0,0,0,0),(1302,125,1,97,4,NULL,NULL,NULL,0,'Gnat',0,NULL,NULL,NULL,1,0,0,0,0,0,0),(1303,125,1,97,4,NULL,NULL,NULL,0,'Gnat',0,NULL,NULL,NULL,1,0,0,0,0,0,0),(1304,90,1,97,4,NULL,NULL,NULL,0,'Glancer',1,NULL,NULL,NULL,1,0,0,0,0,0,0),(1305,90,1,97,4,NULL,NULL,NULL,0,'Glancer',1,NULL,NULL,NULL,1,0,0,0,0,0,0),(1306,90,1,97,4,NULL,NULL,NULL,0,'Glancer',1,NULL,NULL,NULL,1,0,0,0,0,0,0),(1307,90,1,97,4,NULL,NULL,NULL,0,'Glancer',1,NULL,NULL,NULL,1,0,0,0,0,0,0),(1308,90,1,97,4,NULL,NULL,NULL,0,'Glancer',1,NULL,NULL,NULL,1,0,0,0,0,0,0),(1309,125,1,97,4,NULL,NULL,NULL,0,'Gnat',0,NULL,NULL,NULL,1,0,0,0,0,0,0),(1310,125,1,97,4,NULL,NULL,NULL,0,'Gnat',0,NULL,NULL,NULL,1,0,0,0,0,0,0),(1311,125,1,97,4,NULL,NULL,NULL,0,'Gnat',1,NULL,NULL,NULL,1,0,0,0,0,0,0),(1312,125,1,97,4,NULL,NULL,NULL,0,'Gnat',1,NULL,NULL,NULL,1,0,0,0,0,0,0),(1313,125,1,97,4,NULL,NULL,NULL,0,'Gnat',1,NULL,NULL,NULL,1,0,0,0,0,0,0),(1314,125,1,97,4,NULL,NULL,NULL,0,'Gnat',0,NULL,NULL,NULL,1,0,0,0,0,0,0),(1315,900,1,98,4,NULL,NULL,NULL,0,'Gnawer',0,NULL,NULL,NULL,1,0,0,0,0,0,0),(1316,900,1,98,4,NULL,NULL,NULL,0,'Gnawer',0,NULL,NULL,NULL,1,0,0,0,0,0,0),(1317,500,1,98,4,NULL,NULL,NULL,0,'Spudder',1,NULL,NULL,NULL,1,0,0,0,0,0,0),(1318,500,1,98,4,NULL,NULL,NULL,0,'Spudder',0,NULL,NULL,NULL,1,0,0,0,0,0,0),(1319,500,1,98,4,NULL,NULL,NULL,0,'Spudder',0,NULL,NULL,NULL,1,0,0,0,0,0,0),(1320,90,1,98,4,NULL,NULL,NULL,0,'Glancer',1,NULL,NULL,NULL,1,0,0,0,0,0,0),(1321,125,1,98,4,NULL,NULL,NULL,0,'Gnat',0,NULL,NULL,NULL,1,0,0,0,0,0,0),(1322,125,1,98,4,NULL,NULL,NULL,0,'Gnat',0,NULL,NULL,NULL,1,0,0,0,0,0,0),(1323,125,1,98,4,NULL,NULL,NULL,0,'Gnat',0,NULL,NULL,NULL,1,0,0,0,0,0,0),(1324,90,1,98,4,NULL,NULL,NULL,0,'Glancer',1,NULL,NULL,NULL,1,0,0,0,0,0,0),(1325,90,1,98,4,NULL,NULL,NULL,0,'Glancer',1,NULL,NULL,NULL,1,0,0,0,0,0,0),(1326,90,1,98,4,NULL,NULL,NULL,0,'Glancer',1,NULL,NULL,NULL,1,0,0,0,0,0,0),(1327,90,1,98,4,NULL,NULL,NULL,0,'Glancer',1,NULL,NULL,NULL,1,0,0,0,0,0,0),(1328,125,1,98,4,NULL,NULL,NULL,0,'Gnat',0,NULL,NULL,NULL,1,0,0,0,0,0,0),(1329,125,1,98,4,NULL,NULL,NULL,0,'Gnat',0,NULL,NULL,NULL,1,0,0,0,0,0,0),(1330,125,1,98,4,NULL,NULL,NULL,0,'Gnat',1,NULL,NULL,NULL,1,0,0,0,0,0,0),(1331,125,1,98,4,NULL,NULL,NULL,0,'Gnat',0,NULL,NULL,NULL,1,0,0,0,0,0,0),(1332,125,1,98,4,NULL,NULL,NULL,0,'Gnat',0,NULL,NULL,NULL,1,0,0,0,0,0,0),(1333,125,1,98,4,NULL,NULL,NULL,0,'Gnat',1,NULL,NULL,NULL,1,0,0,0,0,0,0),(1334,900,1,99,4,NULL,NULL,NULL,0,'Gnawer',0,NULL,NULL,NULL,1,0,0,0,0,0,0),(1335,900,1,99,4,NULL,NULL,NULL,0,'Gnawer',0,NULL,NULL,NULL,1,0,0,0,0,0,0),(1336,500,1,99,4,NULL,NULL,NULL,0,'Spudder',1,NULL,NULL,NULL,1,0,0,0,0,0,0),(1337,500,1,99,4,NULL,NULL,NULL,0,'Spudder',1,NULL,NULL,NULL,1,0,0,0,0,0,0),(1338,500,1,99,4,NULL,NULL,NULL,0,'Spudder',0,NULL,NULL,NULL,1,0,0,0,0,0,0),(1339,90,1,99,4,NULL,NULL,NULL,0,'Glancer',1,NULL,NULL,NULL,1,0,0,0,0,0,0),(1340,125,1,99,4,NULL,NULL,NULL,0,'Gnat',1,NULL,NULL,NULL,1,0,0,0,0,0,0),(1341,125,1,99,4,NULL,NULL,NULL,0,'Gnat',0,NULL,NULL,NULL,1,0,0,0,0,0,0),(1342,90,1,99,4,NULL,NULL,NULL,0,'Glancer',1,NULL,NULL,NULL,1,0,0,0,0,0,0),(1343,90,1,99,4,NULL,NULL,NULL,0,'Glancer',1,NULL,NULL,NULL,1,0,0,0,0,0,0),(1344,90,1,99,4,NULL,NULL,NULL,0,'Glancer',1,NULL,NULL,NULL,1,0,0,0,0,0,0),(1345,125,1,99,4,NULL,NULL,NULL,0,'Gnat',0,NULL,NULL,NULL,1,0,0,0,0,0,0),(1346,125,1,99,4,NULL,NULL,NULL,0,'Gnat',0,NULL,NULL,NULL,1,0,0,0,0,0,0),(1347,125,1,99,4,NULL,NULL,NULL,0,'Gnat',1,NULL,NULL,NULL,1,0,0,0,0,0,0),(1348,125,1,99,4,NULL,NULL,NULL,0,'Gnat',0,NULL,NULL,NULL,1,0,0,0,0,0,0),(1349,125,1,99,4,NULL,NULL,NULL,0,'Gnat',0,NULL,NULL,NULL,1,0,0,0,0,0,0),(1350,125,1,99,4,NULL,NULL,NULL,0,'Gnat',1,NULL,NULL,NULL,1,0,0,0,0,0,0),(1351,125,1,99,4,NULL,NULL,NULL,0,'Gnat',1,NULL,NULL,NULL,1,0,0,0,0,0,0),(1352,900,1,100,4,NULL,NULL,NULL,0,'Gnawer',0,NULL,NULL,NULL,1,0,0,0,0,0,0),(1353,500,1,100,4,NULL,NULL,NULL,0,'Spudder',0,NULL,NULL,NULL,1,0,0,0,0,0,0),(1354,500,1,100,4,NULL,NULL,NULL,0,'Spudder',0,NULL,NULL,NULL,1,0,0,0,0,0,0),(1355,90,1,100,4,NULL,NULL,NULL,0,'Glancer',1,NULL,NULL,NULL,1,0,0,0,0,0,0),(1356,125,1,100,4,NULL,NULL,NULL,0,'Gnat',1,NULL,NULL,NULL,1,0,0,0,0,0,0),(1357,125,1,100,4,NULL,NULL,NULL,0,'Gnat',0,NULL,NULL,NULL,1,0,0,0,0,0,0),(1358,125,1,100,4,NULL,NULL,NULL,0,'Gnat',0,NULL,NULL,NULL,1,0,0,0,0,0,0),(1359,90,1,100,4,NULL,NULL,NULL,0,'Glancer',1,NULL,NULL,NULL,1,0,0,0,0,0,0),(1360,90,1,100,4,NULL,NULL,NULL,0,'Glancer',1,NULL,NULL,NULL,1,0,0,0,0,0,0),(1361,90,1,100,4,NULL,NULL,NULL,0,'Glancer',1,NULL,NULL,NULL,1,0,0,0,0,0,0),(1362,90,1,100,4,NULL,NULL,NULL,0,'Glancer',1,NULL,NULL,NULL,1,0,0,0,0,0,0),(1363,125,1,100,4,NULL,NULL,NULL,0,'Gnat',0,NULL,NULL,NULL,1,0,0,0,0,0,0),(1364,125,1,100,4,NULL,NULL,NULL,0,'Gnat',0,NULL,NULL,NULL,1,0,0,0,0,0,0),(1365,125,1,100,4,NULL,NULL,NULL,0,'Gnat',1,NULL,NULL,NULL,1,0,0,0,0,0,0),(1366,125,1,100,4,NULL,NULL,NULL,0,'Gnat',0,NULL,NULL,NULL,1,0,0,0,0,0,0),(1367,125,1,100,4,NULL,NULL,NULL,0,'Gnat',1,NULL,NULL,NULL,1,0,0,0,0,0,0),(1368,125,1,100,4,NULL,NULL,NULL,0,'Gnat',0,NULL,NULL,NULL,1,0,0,0,0,0,0),(1369,90,1,101,4,NULL,NULL,NULL,0,'Glancer',1,NULL,NULL,NULL,1,0,0,0,0,0,0),(1370,125,1,101,4,NULL,NULL,NULL,0,'Gnat',0,NULL,NULL,NULL,1,0,0,0,0,0,0),(1371,125,1,101,4,NULL,NULL,NULL,0,'Gnat',0,NULL,NULL,NULL,1,0,0,0,0,0,0),(1372,125,1,101,4,NULL,NULL,NULL,0,'Gnat',0,NULL,NULL,NULL,1,0,0,0,0,0,0),(1373,90,1,101,4,NULL,NULL,NULL,0,'Glancer',1,NULL,NULL,NULL,1,0,0,0,0,0,0),(1374,90,1,101,4,NULL,NULL,NULL,0,'Glancer',1,NULL,NULL,NULL,1,0,0,0,0,0,0),(1375,90,1,101,4,NULL,NULL,NULL,0,'Glancer',1,NULL,NULL,NULL,1,0,0,0,0,0,0),(1376,90,1,101,4,NULL,NULL,NULL,0,'Glancer',1,NULL,NULL,NULL,1,0,0,0,0,0,0),(1377,125,1,101,4,NULL,NULL,NULL,0,'Gnat',0,NULL,NULL,NULL,1,0,0,0,0,0,0),(1378,125,1,101,4,NULL,NULL,NULL,0,'Gnat',0,NULL,NULL,NULL,1,0,0,0,0,0,0),(1379,125,1,101,4,NULL,NULL,NULL,0,'Gnat',1,NULL,NULL,NULL,1,0,0,0,0,0,0),(1380,500,1,102,4,NULL,NULL,NULL,0,'Spudder',0,NULL,NULL,NULL,1,0,0,0,0,0,0),(1381,90,1,102,4,NULL,NULL,NULL,0,'Glancer',1,NULL,NULL,NULL,1,0,0,0,0,0,0),(1382,125,1,102,4,NULL,NULL,NULL,0,'Gnat',0,NULL,NULL,NULL,1,0,0,0,0,0,0),(1383,125,1,102,4,NULL,NULL,NULL,0,'Gnat',0,NULL,NULL,NULL,1,0,0,0,0,0,0),(1384,90,1,102,4,NULL,NULL,NULL,0,'Glancer',1,NULL,NULL,NULL,1,0,0,0,0,0,0),(1385,90,1,102,4,NULL,NULL,NULL,0,'Glancer',1,NULL,NULL,NULL,1,0,0,0,0,0,0),(1386,90,1,102,4,NULL,NULL,NULL,0,'Glancer',1,NULL,NULL,NULL,1,0,0,0,0,0,0),(1387,90,1,102,4,NULL,NULL,NULL,0,'Glancer',1,NULL,NULL,NULL,1,0,0,0,0,0,0),(1388,125,1,102,4,NULL,NULL,NULL,0,'Gnat',0,NULL,NULL,NULL,1,0,0,0,0,0,0),(1389,125,1,102,4,NULL,NULL,NULL,0,'Gnat',0,NULL,NULL,NULL,1,0,0,0,0,0,0),(1390,125,1,102,4,NULL,NULL,NULL,0,'Gnat',1,NULL,NULL,NULL,1,0,0,0,0,0,0),(1391,125,1,102,4,NULL,NULL,NULL,0,'Gnat',0,NULL,NULL,NULL,1,0,0,0,0,0,0),(1392,125,1,102,4,NULL,NULL,NULL,0,'Gnat',1,NULL,NULL,NULL,1,0,0,0,0,0,0),(1393,125,1,102,4,NULL,NULL,NULL,0,'Gnat',0,NULL,NULL,NULL,1,0,0,0,0,0,0),(1394,90,1,103,4,NULL,NULL,NULL,0,'Glancer',1,NULL,NULL,NULL,1,0,0,0,0,0,0),(1395,125,1,103,4,NULL,NULL,NULL,0,'Gnat',0,NULL,NULL,NULL,1,0,0,0,0,0,0),(1396,125,1,103,4,NULL,NULL,NULL,0,'Gnat',0,NULL,NULL,NULL,1,0,0,0,0,0,0),(1397,90,1,103,4,NULL,NULL,NULL,0,'Glancer',1,NULL,NULL,NULL,1,0,0,0,0,0,0),(1398,90,1,103,4,NULL,NULL,NULL,0,'Glancer',1,NULL,NULL,NULL,1,0,0,0,0,0,0),(1399,125,1,103,4,NULL,NULL,NULL,0,'Gnat',0,NULL,NULL,NULL,1,0,0,0,0,0,0),(1400,125,1,103,4,NULL,NULL,NULL,0,'Gnat',0,NULL,NULL,NULL,1,0,0,0,0,0,0),(1401,125,1,103,4,NULL,NULL,NULL,0,'Gnat',1,NULL,NULL,NULL,1,0,0,0,0,0,0),(1402,125,1,103,4,NULL,NULL,NULL,0,'Gnat',0,NULL,NULL,NULL,1,0,0,0,0,0,0),(1403,125,1,103,4,NULL,NULL,NULL,0,'Gnat',0,NULL,NULL,NULL,1,0,0,0,0,0,0),(1404,125,1,103,4,NULL,NULL,NULL,0,'Gnat',1,NULL,NULL,NULL,1,0,0,0,0,0,0),(1405,125,1,103,4,NULL,NULL,NULL,0,'Gnat',0,NULL,NULL,NULL,1,0,0,0,0,0,0),(1406,125,1,104,4,NULL,NULL,NULL,0,'Gnat',0,NULL,NULL,NULL,1,0,0,0,0,0,0),(1407,125,1,104,4,NULL,NULL,NULL,0,'Gnat',0,NULL,NULL,NULL,1,0,0,0,0,0,0),(1408,125,1,104,4,NULL,NULL,NULL,0,'Gnat',1,NULL,NULL,NULL,1,0,0,0,0,0,0),(1409,125,1,104,4,NULL,NULL,NULL,0,'Gnat',0,NULL,NULL,NULL,1,0,0,0,0,0,0),(1410,125,1,105,4,NULL,NULL,NULL,0,'Gnat',0,NULL,NULL,NULL,1,0,0,0,0,0,0),(1411,125,1,105,4,NULL,NULL,NULL,0,'Gnat',0,NULL,NULL,NULL,1,0,0,0,0,0,0),(1412,125,1,105,4,NULL,NULL,NULL,0,'Gnat',1,NULL,NULL,NULL,1,0,0,0,0,0,0),(1413,125,1,105,4,NULL,NULL,NULL,0,'Gnat',0,NULL,NULL,NULL,1,0,0,0,0,0,0),(1414,125,1,106,4,NULL,NULL,NULL,0,'Gnat',0,NULL,NULL,NULL,1,0,0,0,0,0,0),(1415,125,1,106,4,NULL,NULL,NULL,0,'Gnat',0,NULL,NULL,NULL,1,0,0,0,0,0,0),(1416,125,1,106,4,NULL,NULL,NULL,0,'Gnat',1,NULL,NULL,NULL,1,0,0,0,0,0,0),(1417,125,1,106,4,NULL,NULL,NULL,0,'Gnat',0,NULL,NULL,NULL,1,0,0,0,0,0,0),(1418,125,1,106,4,NULL,NULL,NULL,0,'Gnat',0,NULL,NULL,NULL,1,0,0,0,0,0,0),(1419,125,1,107,4,NULL,NULL,NULL,0,'Gnat',0,NULL,NULL,NULL,1,0,0,0,0,0,0),(1420,125,1,107,4,NULL,NULL,NULL,0,'Gnat',0,NULL,NULL,NULL,1,0,0,0,0,0,0),(1421,125,1,107,4,NULL,NULL,NULL,0,'Gnat',1,NULL,NULL,NULL,1,0,0,0,0,0,0),(1422,125,1,107,4,NULL,NULL,NULL,0,'Gnat',0,NULL,NULL,NULL,1,0,0,0,0,0,0),(1423,125,1,107,4,NULL,NULL,NULL,0,'Gnat',0,NULL,NULL,NULL,1,0,0,0,0,0,0),(1424,125,1,107,4,NULL,NULL,NULL,0,'Gnat',1,NULL,NULL,NULL,1,0,0,0,0,0,0),(1425,125,1,107,4,NULL,NULL,NULL,0,'Gnat',1,NULL,NULL,NULL,1,0,0,0,0,0,0),(1426,4475,1,9,1,NULL,NULL,NULL,0,'Thor',0,1,225,NULL,1,0,0,0,0,0,0),(1427,2812,1,9,1,NULL,NULL,NULL,0,'Dirac',1,1,225,NULL,1,0,0,0,0,0,0),(1428,2812,1,9,1,NULL,NULL,NULL,0,'Dirac',1,1,225,NULL,1,0,0,0,0,0,0),(1429,2812,1,9,1,NULL,NULL,NULL,0,'Dirac',1,1,225,NULL,1,0,0,0,0,0,0),(1430,4475,1,9,1,NULL,NULL,NULL,0,'Thor',1,2,120,NULL,1,0,0,0,0,0,0),(1431,4475,1,9,1,NULL,NULL,NULL,0,'Thor',1,2,120,NULL,1,0,0,0,0,0,0),(1432,2812,1,9,1,NULL,NULL,NULL,0,'Dirac',0,2,120,NULL,1,0,0,0,0,0,0),(1433,2812,1,9,1,NULL,NULL,NULL,0,'Dirac',0,2,120,NULL,1,0,0,0,0,0,0),(1434,2812,1,9,1,NULL,NULL,NULL,0,'Dirac',1,2,120,NULL,1,0,0,0,0,0,0),(1435,2812,1,9,1,NULL,NULL,NULL,0,'Dirac',1,2,120,NULL,1,0,0,0,0,0,0),(1436,2812,1,9,1,NULL,NULL,NULL,0,'Dirac',0,2,120,NULL,1,0,0,0,0,0,0),(1437,2812,1,9,1,NULL,NULL,NULL,0,'Dirac',1,2,120,NULL,1,0,0,0,0,0,0),(1438,2812,1,9,1,NULL,NULL,NULL,0,'Dirac',1,2,120,NULL,1,0,0,0,0,0,0),(1439,2812,1,9,1,NULL,NULL,NULL,0,'Dirac',0,2,120,NULL,1,0,0,0,0,0,0),(1440,26875,1,9,1,NULL,NULL,NULL,0,'Demosis',0,1,180,NULL,1,0,0,0,0,0,0),(1441,4475,1,9,1,NULL,NULL,NULL,0,'Thor',1,1,180,NULL,1,0,0,0,0,0,0),(1442,4475,1,9,1,NULL,NULL,NULL,0,'Thor',1,1,180,NULL,1,0,0,0,0,0,0),(1443,4475,1,9,1,NULL,NULL,NULL,0,'Thor',1,1,180,NULL,1,0,0,0,0,0,0),(1444,2812,1,9,1,NULL,NULL,NULL,0,'Dirac',0,1,180,NULL,1,0,0,0,0,0,0),(1445,2812,1,9,1,NULL,NULL,NULL,0,'Dirac',0,1,180,NULL,1,0,0,0,0,0,0),(1446,2812,1,9,1,NULL,NULL,NULL,0,'Dirac',1,1,180,NULL,1,0,0,0,0,0,0),(1447,2812,1,9,1,NULL,NULL,NULL,0,'Dirac',1,1,180,NULL,1,0,0,0,0,0,0),(1448,26875,1,9,1,NULL,NULL,NULL,0,'Demosis',0,3,156,NULL,1,0,0,0,0,0,0),(1449,26875,1,9,1,NULL,NULL,NULL,0,'Demosis',0,3,156,NULL,1,0,0,0,0,0,0),(1450,4475,1,9,1,NULL,NULL,NULL,0,'Thor',1,3,156,NULL,1,0,0,0,0,0,0),(1451,4475,1,9,1,NULL,NULL,NULL,0,'Thor',1,3,156,NULL,1,0,0,0,0,0,0),(1452,4475,1,9,1,NULL,NULL,NULL,0,'Thor',1,3,156,NULL,1,0,0,0,0,0,0),(1453,4475,1,9,1,NULL,NULL,NULL,0,'Thor',0,3,156,NULL,1,0,0,0,0,0,0),(1454,4475,1,9,1,NULL,NULL,NULL,0,'Thor',0,3,156,NULL,1,0,0,0,0,0,0),(1455,4475,1,9,1,NULL,NULL,NULL,0,'Thor',1,3,156,NULL,1,0,0,0,0,0,0),(1456,4475,1,9,1,NULL,NULL,NULL,0,'Thor',1,3,156,NULL,1,0,0,0,0,0,0),(1457,2812,1,9,1,NULL,NULL,NULL,0,'Dirac',0,3,156,NULL,1,0,0,0,0,0,0),(1458,2812,1,9,1,NULL,NULL,NULL,0,'Dirac',0,3,156,NULL,1,0,0,0,0,0,0),(1459,2812,1,9,1,NULL,NULL,NULL,0,'Dirac',1,3,156,NULL,1,0,0,0,0,0,0),(1460,2812,1,9,1,NULL,NULL,NULL,0,'Dirac',0,3,156,NULL,1,0,0,0,0,0,0),(1461,2812,1,9,1,NULL,NULL,NULL,0,'Dirac',0,3,156,NULL,1,0,0,0,0,0,0),(1462,2812,1,9,1,NULL,NULL,NULL,0,'Dirac',1,3,156,NULL,1,0,0,0,0,0,0),(1463,2812,1,9,1,NULL,NULL,NULL,0,'Dirac',1,3,156,NULL,1,0,0,0,0,0,0),(1464,2812,1,9,1,NULL,NULL,NULL,0,'Dirac',1,3,156,NULL,1,0,0,0,0,0,0),(1465,4475,1,9,1,NULL,NULL,NULL,0,'Thor',0,1,315,NULL,1,0,0,0,0,0,0),(1466,4475,1,9,1,NULL,NULL,NULL,0,'Thor',0,1,315,NULL,1,0,0,0,0,0,0),(1467,2812,1,9,1,NULL,NULL,NULL,0,'Dirac',0,1,315,NULL,1,0,0,0,0,0,0),(1468,2812,1,9,1,NULL,NULL,NULL,0,'Dirac',0,1,315,NULL,1,0,0,0,0,0,0),(1469,2812,1,9,1,NULL,NULL,NULL,0,'Dirac',1,1,315,NULL,1,0,0,0,0,0,0),(1470,4475,1,9,1,NULL,NULL,NULL,0,'Thor',1,2,240,NULL,1,0,0,0,0,0,0),(1471,4475,1,9,1,NULL,NULL,NULL,0,'Thor',1,2,240,NULL,1,0,0,0,0,0,0),(1472,2812,1,9,1,NULL,NULL,NULL,0,'Dirac',1,2,240,NULL,1,0,0,0,0,0,0),(1473,2812,1,9,1,NULL,NULL,NULL,0,'Dirac',0,2,240,NULL,1,0,0,0,0,0,0),(1474,26875,1,9,1,NULL,NULL,NULL,0,'Demosis',0,2,60,NULL,1,0,0,0,0,0,0),(1475,26875,1,9,1,NULL,NULL,NULL,0,'Demosis',0,2,60,NULL,1,0,0,0,0,0,0),(1476,4475,1,9,1,NULL,NULL,NULL,0,'Thor',0,2,60,NULL,1,0,0,0,0,0,0),(1477,4475,1,9,1,NULL,NULL,NULL,0,'Thor',1,2,60,NULL,1,0,0,0,0,0,0),(1478,4475,1,9,1,NULL,NULL,NULL,0,'Thor',1,2,60,NULL,1,0,0,0,0,0,0),(1479,4475,1,9,1,NULL,NULL,NULL,0,'Thor',0,2,60,NULL,1,0,0,0,0,0,0),(1480,2812,1,9,1,NULL,NULL,NULL,0,'Dirac',1,2,60,NULL,1,0,0,0,0,0,0),(1481,2812,1,9,1,NULL,NULL,NULL,0,'Dirac',0,2,60,NULL,1,0,0,0,0,0,0),(1482,2812,1,9,1,NULL,NULL,NULL,0,'Dirac',1,2,60,NULL,1,0,0,0,0,0,0),(1483,2812,1,9,1,NULL,NULL,NULL,0,'Dirac',1,2,60,NULL,1,0,0,0,0,0,0),(1484,2812,1,9,1,NULL,NULL,NULL,0,'Dirac',0,2,60,NULL,1,0,0,0,0,0,0),(1485,2812,1,9,1,NULL,NULL,NULL,0,'Dirac',1,2,60,NULL,1,0,0,0,0,0,0),(1486,4475,1,9,1,NULL,NULL,NULL,0,'Thor',0,1,0,NULL,1,0,0,0,0,0,0),(1487,2812,1,9,1,NULL,NULL,NULL,0,'Dirac',0,1,0,NULL,1,0,0,0,0,0,0),(1488,2812,1,9,1,NULL,NULL,NULL,0,'Dirac',0,1,0,NULL,1,0,0,0,0,0,0),(1489,2812,1,9,1,NULL,NULL,NULL,0,'Dirac',0,1,0,NULL,1,0,0,0,0,0,0),(1490,2812,1,9,1,NULL,NULL,NULL,0,'Dirac',0,1,0,NULL,1,0,0,0,0,0,0),(1491,2812,1,9,1,NULL,NULL,NULL,0,'Dirac',0,1,0,NULL,1,0,0,0,0,0,0),(1492,26875,1,9,1,NULL,NULL,NULL,0,'Demosis',0,1,90,NULL,1,0,0,0,0,0,0),(1493,4475,1,9,1,NULL,NULL,NULL,0,'Thor',1,1,90,NULL,1,0,0,0,0,0,0),(1494,4475,1,9,1,NULL,NULL,NULL,0,'Thor',1,1,90,NULL,1,0,0,0,0,0,0),(1495,4475,1,9,1,NULL,NULL,NULL,0,'Thor',1,1,90,NULL,1,0,0,0,0,0,0),(1496,2812,1,9,1,NULL,NULL,NULL,0,'Dirac',0,1,90,NULL,1,0,0,0,0,0,0),(1497,2812,1,9,1,NULL,NULL,NULL,0,'Dirac',1,1,90,NULL,1,0,0,0,0,0,0),(1498,2812,1,9,1,NULL,NULL,NULL,0,'Dirac',0,1,90,NULL,1,0,0,0,0,0,0),(1499,2812,1,9,1,NULL,NULL,NULL,0,'Dirac',1,1,90,NULL,1,0,0,0,0,0,0),(1500,26875,1,9,1,NULL,NULL,NULL,0,'Demosis',0,2,180,NULL,1,0,0,0,0,0,0),(1501,4475,1,9,1,NULL,NULL,NULL,0,'Thor',1,2,180,NULL,1,0,0,0,0,0,0),(1502,4475,1,9,1,NULL,NULL,NULL,0,'Thor',1,2,180,NULL,1,0,0,0,0,0,0),(1503,4475,1,9,1,NULL,NULL,NULL,0,'Thor',0,2,180,NULL,1,0,0,0,0,0,0),(1504,4475,1,9,1,NULL,NULL,NULL,0,'Thor',0,2,180,NULL,1,0,0,0,0,0,0),(1505,2812,1,9,1,NULL,NULL,NULL,0,'Dirac',0,2,180,NULL,1,0,0,0,0,0,0),(1506,2812,1,9,1,NULL,NULL,NULL,0,'Dirac',0,2,180,NULL,1,0,0,0,0,0,0),(1507,2812,1,9,1,NULL,NULL,NULL,0,'Dirac',0,2,180,NULL,1,0,0,0,0,0,0),(1508,26875,1,9,1,NULL,NULL,NULL,0,'Demosis',0,2,330,NULL,1,0,0,0,0,0,0),(1509,4475,1,9,1,NULL,NULL,NULL,0,'Thor',1,2,330,NULL,1,0,0,0,0,0,0),(1510,2812,1,9,1,NULL,NULL,NULL,0,'Dirac',0,2,330,NULL,1,0,0,0,0,0,0),(1511,2812,1,9,1,NULL,NULL,NULL,0,'Dirac',1,2,330,NULL,1,0,0,0,0,0,0),(1512,2812,1,9,1,NULL,NULL,NULL,0,'Dirac',0,2,330,NULL,1,0,0,0,0,0,0),(1513,26875,1,9,1,NULL,NULL,NULL,0,'Demosis',0,0,270,NULL,1,0,0,0,0,0,0),(1514,26875,1,9,1,NULL,NULL,NULL,0,'Demosis',0,0,270,NULL,1,0,0,0,0,0,0),(1515,4475,1,9,1,NULL,NULL,NULL,0,'Thor',1,0,270,NULL,1,0,0,0,0,0,0),(1516,4475,1,9,1,NULL,NULL,NULL,0,'Thor',1,0,270,NULL,1,0,0,0,0,0,0),(1517,2812,1,9,1,NULL,NULL,NULL,0,'Dirac',1,0,270,NULL,1,0,0,0,0,0,0),(1518,2812,1,9,1,NULL,NULL,NULL,0,'Dirac',1,0,270,NULL,1,0,0,0,0,0,0),(1519,2812,1,9,1,NULL,NULL,NULL,0,'Dirac',0,0,270,NULL,1,0,0,0,0,0,0),(1520,2812,1,9,1,NULL,NULL,NULL,0,'Dirac',0,0,270,NULL,1,0,0,0,0,0,0),(1521,2812,1,9,1,NULL,NULL,NULL,0,'Dirac',0,0,270,NULL,1,0,0,0,0,0,0),(1522,90,1,108,4,NULL,NULL,NULL,0,'Glancer',1,NULL,NULL,NULL,1,0,0,0,0,0,0),(1523,90,1,108,4,NULL,NULL,NULL,0,'Glancer',1,NULL,NULL,NULL,1,0,0,0,0,0,0),(1524,125,1,108,4,NULL,NULL,NULL,0,'Gnat',0,NULL,NULL,NULL,1,0,0,0,0,0,0),(1525,125,1,108,4,NULL,NULL,NULL,0,'Gnat',0,NULL,NULL,NULL,1,0,0,0,0,0,0),(1526,125,1,108,4,NULL,NULL,NULL,0,'Gnat',1,NULL,NULL,NULL,1,0,0,0,0,0,0),(1527,125,1,108,4,NULL,NULL,NULL,0,'Gnat',0,NULL,NULL,NULL,1,0,0,0,0,0,0),(1528,125,1,108,4,NULL,NULL,NULL,0,'Gnat',1,NULL,NULL,NULL,1,0,0,0,0,0,0),(1529,125,1,108,4,NULL,NULL,NULL,0,'Gnat',0,NULL,NULL,NULL,1,0,0,0,0,0,0),(1530,125,1,108,4,NULL,NULL,NULL,0,'Gnat',1,NULL,NULL,NULL,1,0,0,0,0,0,0),(1531,90,1,109,4,NULL,NULL,NULL,0,'Glancer',1,NULL,NULL,NULL,1,0,0,0,0,0,0),(1532,90,1,109,4,NULL,NULL,NULL,0,'Glancer',1,NULL,NULL,NULL,1,0,0,0,0,0,0),(1533,125,1,109,4,NULL,NULL,NULL,0,'Gnat',0,NULL,NULL,NULL,1,0,0,0,0,0,0),(1534,125,1,109,4,NULL,NULL,NULL,0,'Gnat',0,NULL,NULL,NULL,1,0,0,0,0,0,0),(1535,125,1,109,4,NULL,NULL,NULL,0,'Gnat',1,NULL,NULL,NULL,1,0,0,0,0,0,0),(1536,125,1,109,4,NULL,NULL,NULL,0,'Gnat',0,NULL,NULL,NULL,1,0,0,0,0,0,0),(1537,125,1,109,4,NULL,NULL,NULL,0,'Gnat',1,NULL,NULL,NULL,1,0,0,0,0,0,0),(1538,125,1,109,4,NULL,NULL,NULL,0,'Gnat',1,NULL,NULL,NULL,1,0,0,0,0,0,0),(1539,90,1,110,4,NULL,NULL,NULL,0,'Glancer',1,NULL,NULL,NULL,1,0,0,0,0,0,0),(1540,125,1,110,4,NULL,NULL,NULL,0,'Gnat',0,NULL,NULL,NULL,1,0,0,0,0,0,0),(1541,125,1,110,4,NULL,NULL,NULL,0,'Gnat',0,NULL,NULL,NULL,1,0,0,0,0,0,0),(1542,125,1,110,4,NULL,NULL,NULL,0,'Gnat',1,NULL,NULL,NULL,1,0,0,0,0,0,0),(1543,125,1,110,4,NULL,NULL,NULL,0,'Gnat',0,NULL,NULL,NULL,1,0,0,0,0,0,0),(1544,125,1,110,4,NULL,NULL,NULL,0,'Gnat',1,NULL,NULL,NULL,1,0,0,0,0,0,0),(1545,90,1,111,4,NULL,NULL,NULL,0,'Glancer',1,NULL,NULL,NULL,1,0,0,0,0,0,0),(1546,90,1,111,4,NULL,NULL,NULL,0,'Glancer',1,NULL,NULL,NULL,1,0,0,0,0,0,0),(1547,125,1,111,4,NULL,NULL,NULL,0,'Gnat',0,NULL,NULL,NULL,1,0,0,0,0,0,0),(1548,125,1,111,4,NULL,NULL,NULL,0,'Gnat',0,NULL,NULL,NULL,1,0,0,0,0,0,0),(1549,125,1,111,4,NULL,NULL,NULL,0,'Gnat',1,NULL,NULL,NULL,1,0,0,0,0,0,0),(1550,125,1,111,4,NULL,NULL,NULL,0,'Gnat',0,NULL,NULL,NULL,1,0,0,0,0,0,0),(1551,125,1,111,4,NULL,NULL,NULL,0,'Gnat',1,NULL,NULL,NULL,1,0,0,0,0,0,0),(1552,900,1,112,4,NULL,NULL,NULL,0,'Gnawer',0,NULL,NULL,NULL,1,0,0,0,0,0,0),(1553,500,1,112,4,NULL,NULL,NULL,0,'Spudder',1,NULL,NULL,NULL,1,0,0,0,0,0,0),(1554,900,1,112,4,NULL,NULL,NULL,0,'Gnawer',0,NULL,NULL,NULL,1,0,0,0,0,0,0),(1555,500,1,112,4,NULL,NULL,NULL,0,'Spudder',0,NULL,NULL,NULL,1,0,0,0,0,0,0),(1556,500,1,112,4,NULL,NULL,NULL,0,'Spudder',0,NULL,NULL,NULL,1,0,0,0,0,0,0),(1557,90,1,112,4,NULL,NULL,NULL,0,'Glancer',1,NULL,NULL,NULL,1,0,0,0,0,0,0),(1558,125,1,112,4,NULL,NULL,NULL,0,'Gnat',0,NULL,NULL,NULL,1,0,0,0,0,0,0),(1559,125,1,112,4,NULL,NULL,NULL,0,'Gnat',1,NULL,NULL,NULL,1,0,0,0,0,0,0),(1560,125,1,112,4,NULL,NULL,NULL,0,'Gnat',0,NULL,NULL,NULL,1,0,0,0,0,0,0),(1561,125,1,112,4,NULL,NULL,NULL,0,'Gnat',0,NULL,NULL,NULL,1,0,0,0,0,0,0),(1562,90,1,112,4,NULL,NULL,NULL,0,'Glancer',1,NULL,NULL,NULL,1,0,0,0,0,0,0),(1563,90,1,112,4,NULL,NULL,NULL,0,'Glancer',1,NULL,NULL,NULL,1,0,0,0,0,0,0),(1564,90,1,112,4,NULL,NULL,NULL,0,'Glancer',1,NULL,NULL,NULL,1,0,0,0,0,0,0),(1565,125,1,112,4,NULL,NULL,NULL,0,'Gnat',0,NULL,NULL,NULL,1,0,0,0,0,0,0),(1566,125,1,112,4,NULL,NULL,NULL,0,'Gnat',0,NULL,NULL,NULL,1,0,0,0,0,0,0),(1567,125,1,112,4,NULL,NULL,NULL,0,'Gnat',1,NULL,NULL,NULL,1,0,0,0,0,0,0),(1568,125,1,112,4,NULL,NULL,NULL,0,'Gnat',1,NULL,NULL,NULL,1,0,0,0,0,0,0),(1569,125,1,112,4,NULL,NULL,NULL,0,'Gnat',0,NULL,NULL,NULL,1,0,0,0,0,0,0),(1570,125,1,112,4,NULL,NULL,NULL,0,'Gnat',1,NULL,NULL,NULL,1,0,0,0,0,0,0),(1571,500,1,113,4,NULL,NULL,NULL,0,'Spudder',1,NULL,NULL,NULL,1,0,0,0,0,0,0),(1572,500,1,113,4,NULL,NULL,NULL,0,'Spudder',0,NULL,NULL,NULL,1,0,0,0,0,0,0),(1573,90,1,113,4,NULL,NULL,NULL,0,'Glancer',1,NULL,NULL,NULL,1,0,0,0,0,0,0),(1574,125,1,113,4,NULL,NULL,NULL,0,'Gnat',0,NULL,NULL,NULL,1,0,0,0,0,0,0),(1575,90,1,113,4,NULL,NULL,NULL,0,'Glancer',1,NULL,NULL,NULL,1,0,0,0,0,0,0),(1576,90,1,113,4,NULL,NULL,NULL,0,'Glancer',1,NULL,NULL,NULL,1,0,0,0,0,0,0),(1577,90,1,113,4,NULL,NULL,NULL,0,'Glancer',1,NULL,NULL,NULL,1,0,0,0,0,0,0),(1578,90,1,113,4,NULL,NULL,NULL,0,'Glancer',1,NULL,NULL,NULL,1,0,0,0,0,0,0),(1579,90,1,113,4,NULL,NULL,NULL,0,'Glancer',1,NULL,NULL,NULL,1,0,0,0,0,0,0),(1580,125,1,113,4,NULL,NULL,NULL,0,'Gnat',0,NULL,NULL,NULL,1,0,0,0,0,0,0),(1581,125,1,113,4,NULL,NULL,NULL,0,'Gnat',0,NULL,NULL,NULL,1,0,0,0,0,0,0),(1582,125,1,113,4,NULL,NULL,NULL,0,'Gnat',1,NULL,NULL,NULL,1,0,0,0,0,0,0),(1583,125,1,113,4,NULL,NULL,NULL,0,'Gnat',0,NULL,NULL,NULL,1,0,0,0,0,0,0),(1584,125,1,113,4,NULL,NULL,NULL,0,'Gnat',1,NULL,NULL,NULL,1,0,0,0,0,0,0),(1585,900,1,114,4,NULL,NULL,NULL,0,'Gnawer',0,NULL,NULL,NULL,1,0,0,0,0,0,0),(1586,900,1,114,4,NULL,NULL,NULL,0,'Gnawer',0,NULL,NULL,NULL,1,0,0,0,0,0,0),(1587,500,1,114,4,NULL,NULL,NULL,0,'Spudder',0,NULL,NULL,NULL,1,0,0,0,0,0,0),(1588,500,1,114,4,NULL,NULL,NULL,0,'Spudder',1,NULL,NULL,NULL,1,0,0,0,0,0,0),(1589,500,1,114,4,NULL,NULL,NULL,0,'Spudder',0,NULL,NULL,NULL,1,0,0,0,0,0,0),(1590,500,1,114,4,NULL,NULL,NULL,0,'Spudder',0,NULL,NULL,NULL,1,0,0,0,0,0,0),(1591,90,1,114,4,NULL,NULL,NULL,0,'Glancer',1,NULL,NULL,NULL,1,0,0,0,0,0,0),(1592,125,1,114,4,NULL,NULL,NULL,0,'Gnat',0,NULL,NULL,NULL,1,0,0,0,0,0,0),(1593,90,1,114,4,NULL,NULL,NULL,0,'Glancer',1,NULL,NULL,NULL,1,0,0,0,0,0,0),(1594,90,1,114,4,NULL,NULL,NULL,0,'Glancer',1,NULL,NULL,NULL,1,0,0,0,0,0,0),(1595,90,1,114,4,NULL,NULL,NULL,0,'Glancer',1,NULL,NULL,NULL,1,0,0,0,0,0,0),(1596,90,1,114,4,NULL,NULL,NULL,0,'Glancer',1,NULL,NULL,NULL,1,0,0,0,0,0,0),(1597,125,1,114,4,NULL,NULL,NULL,0,'Gnat',0,NULL,NULL,NULL,1,0,0,0,0,0,0),(1598,125,1,114,4,NULL,NULL,NULL,0,'Gnat',0,NULL,NULL,NULL,1,0,0,0,0,0,0),(1599,125,1,114,4,NULL,NULL,NULL,0,'Gnat',1,NULL,NULL,NULL,1,0,0,0,0,0,0),(1600,900,1,115,4,NULL,NULL,NULL,0,'Gnawer',0,NULL,NULL,NULL,1,0,0,0,0,0,0),(1601,900,1,115,4,NULL,NULL,NULL,0,'Gnawer',0,NULL,NULL,NULL,1,0,0,0,0,0,0),(1602,500,1,115,4,NULL,NULL,NULL,0,'Spudder',0,NULL,NULL,NULL,1,0,0,0,0,0,0),(1603,500,1,115,4,NULL,NULL,NULL,0,'Spudder',0,NULL,NULL,NULL,1,0,0,0,0,0,0),(1604,90,1,115,4,NULL,NULL,NULL,0,'Glancer',1,NULL,NULL,NULL,1,0,0,0,0,0,0),(1605,125,1,115,4,NULL,NULL,NULL,0,'Gnat',0,NULL,NULL,NULL,1,0,0,0,0,0,0),(1606,125,1,115,4,NULL,NULL,NULL,0,'Gnat',0,NULL,NULL,NULL,1,0,0,0,0,0,0),(1607,90,1,115,4,NULL,NULL,NULL,0,'Glancer',1,NULL,NULL,NULL,1,0,0,0,0,0,0),(1608,90,1,115,4,NULL,NULL,NULL,0,'Glancer',1,NULL,NULL,NULL,1,0,0,0,0,0,0),(1609,90,1,115,4,NULL,NULL,NULL,0,'Glancer',1,NULL,NULL,NULL,1,0,0,0,0,0,0),(1610,90,1,115,4,NULL,NULL,NULL,0,'Glancer',1,NULL,NULL,NULL,1,0,0,0,0,0,0),(1611,125,1,115,4,NULL,NULL,NULL,0,'Gnat',0,NULL,NULL,NULL,1,0,0,0,0,0,0),(1612,125,1,115,4,NULL,NULL,NULL,0,'Gnat',0,NULL,NULL,NULL,1,0,0,0,0,0,0),(1613,125,1,115,4,NULL,NULL,NULL,0,'Gnat',1,NULL,NULL,NULL,1,0,0,0,0,0,0),(1614,125,1,115,4,NULL,NULL,NULL,0,'Gnat',0,NULL,NULL,NULL,1,0,0,0,0,0,0),(1615,900,1,116,4,NULL,NULL,NULL,0,'Gnawer',0,NULL,NULL,NULL,1,0,0,0,0,0,0),(1616,500,1,116,4,NULL,NULL,NULL,0,'Spudder',0,NULL,NULL,NULL,1,0,0,0,0,0,0),(1617,500,1,116,4,NULL,NULL,NULL,0,'Spudder',0,NULL,NULL,NULL,1,0,0,0,0,0,0),(1618,90,1,116,4,NULL,NULL,NULL,0,'Glancer',1,NULL,NULL,NULL,1,0,0,0,0,0,0),(1619,125,1,116,4,NULL,NULL,NULL,0,'Gnat',0,NULL,NULL,NULL,1,0,0,0,0,0,0),(1620,125,1,116,4,NULL,NULL,NULL,0,'Gnat',0,NULL,NULL,NULL,1,0,0,0,0,0,0),(1621,90,1,116,4,NULL,NULL,NULL,0,'Glancer',1,NULL,NULL,NULL,1,0,0,0,0,0,0),(1622,90,1,116,4,NULL,NULL,NULL,0,'Glancer',1,NULL,NULL,NULL,1,0,0,0,0,0,0),(1623,90,1,116,4,NULL,NULL,NULL,0,'Glancer',1,NULL,NULL,NULL,1,0,0,0,0,0,0),(1624,90,1,116,4,NULL,NULL,NULL,0,'Glancer',1,NULL,NULL,NULL,1,0,0,0,0,0,0),(1625,125,1,116,4,NULL,NULL,NULL,0,'Gnat',0,NULL,NULL,NULL,1,0,0,0,0,0,0),(1626,125,1,116,4,NULL,NULL,NULL,0,'Gnat',0,NULL,NULL,NULL,1,0,0,0,0,0,0),(1627,125,1,116,4,NULL,NULL,NULL,0,'Gnat',1,NULL,NULL,NULL,1,0,0,0,0,0,0),(1628,125,1,116,4,NULL,NULL,NULL,0,'Gnat',0,NULL,NULL,NULL,1,0,0,0,0,0,0),(1629,125,1,116,4,NULL,NULL,NULL,0,'Gnat',1,NULL,NULL,NULL,1,0,0,0,0,0,0),(1630,125,1,116,4,NULL,NULL,NULL,0,'Gnat',1,NULL,NULL,NULL,1,0,0,0,0,0,0),(1631,900,1,117,4,NULL,NULL,NULL,0,'Gnawer',0,NULL,NULL,NULL,1,0,0,0,0,0,0),(1632,900,1,117,4,NULL,NULL,NULL,0,'Gnawer',0,NULL,NULL,NULL,1,0,0,0,0,0,0),(1633,500,1,117,4,NULL,NULL,NULL,0,'Spudder',1,NULL,NULL,NULL,1,0,0,0,0,0,0),(1634,500,1,117,4,NULL,NULL,NULL,0,'Spudder',0,NULL,NULL,NULL,1,0,0,0,0,0,0),(1635,500,1,117,4,NULL,NULL,NULL,0,'Spudder',0,NULL,NULL,NULL,1,0,0,0,0,0,0),(1636,90,1,117,4,NULL,NULL,NULL,0,'Glancer',1,NULL,NULL,NULL,1,0,0,0,0,0,0),(1637,125,1,117,4,NULL,NULL,NULL,0,'Gnat',1,NULL,NULL,NULL,1,0,0,0,0,0,0),(1638,125,1,117,4,NULL,NULL,NULL,0,'Gnat',0,NULL,NULL,NULL,1,0,0,0,0,0,0),(1639,125,1,117,4,NULL,NULL,NULL,0,'Gnat',0,NULL,NULL,NULL,1,0,0,0,0,0,0),(1640,90,1,117,4,NULL,NULL,NULL,0,'Glancer',1,NULL,NULL,NULL,1,0,0,0,0,0,0),(1641,90,1,117,4,NULL,NULL,NULL,0,'Glancer',1,NULL,NULL,NULL,1,0,0,0,0,0,0),(1642,90,1,117,4,NULL,NULL,NULL,0,'Glancer',1,NULL,NULL,NULL,1,0,0,0,0,0,0),(1643,125,1,117,4,NULL,NULL,NULL,0,'Gnat',0,NULL,NULL,NULL,1,0,0,0,0,0,0),(1644,125,1,117,4,NULL,NULL,NULL,0,'Gnat',0,NULL,NULL,NULL,1,0,0,0,0,0,0),(1645,125,1,117,4,NULL,NULL,NULL,0,'Gnat',1,NULL,NULL,NULL,1,0,0,0,0,0,0),(1646,125,1,117,4,NULL,NULL,NULL,0,'Gnat',0,NULL,NULL,NULL,1,0,0,0,0,0,0),(1647,125,1,117,4,NULL,NULL,NULL,0,'Gnat',1,NULL,NULL,NULL,1,0,0,0,0,0,0),(1648,125,1,117,4,NULL,NULL,NULL,0,'Gnat',1,NULL,NULL,NULL,1,0,0,0,0,0,0),(1649,125,1,117,4,NULL,NULL,NULL,0,'Gnat',1,NULL,NULL,NULL,1,0,0,0,0,0,0),(1650,90,1,118,4,NULL,NULL,NULL,0,'Glancer',1,NULL,NULL,NULL,1,0,0,0,0,0,0),(1651,125,1,118,4,NULL,NULL,NULL,0,'Gnat',0,NULL,NULL,NULL,1,0,0,0,0,0,0),(1652,90,1,118,4,NULL,NULL,NULL,0,'Glancer',1,NULL,NULL,NULL,1,0,0,0,0,0,0),(1653,90,1,118,4,NULL,NULL,NULL,0,'Glancer',1,NULL,NULL,NULL,1,0,0,0,0,0,0),(1654,90,1,118,4,NULL,NULL,NULL,0,'Glancer',1,NULL,NULL,NULL,1,0,0,0,0,0,0),(1655,90,1,118,4,NULL,NULL,NULL,0,'Glancer',1,NULL,NULL,NULL,1,0,0,0,0,0,0),(1656,125,1,118,4,NULL,NULL,NULL,0,'Gnat',0,NULL,NULL,NULL,1,0,0,0,0,0,0),(1657,125,1,118,4,NULL,NULL,NULL,0,'Gnat',0,NULL,NULL,NULL,1,0,0,0,0,0,0),(1658,125,1,118,4,NULL,NULL,NULL,0,'Gnat',1,NULL,NULL,NULL,1,0,0,0,0,0,0),(1659,125,1,118,4,NULL,NULL,NULL,0,'Gnat',1,NULL,NULL,NULL,1,0,0,0,0,0,0),(1660,500,1,119,4,NULL,NULL,NULL,0,'Spudder',1,NULL,NULL,NULL,1,0,0,0,0,0,0),(1661,500,1,119,4,NULL,NULL,NULL,0,'Spudder',0,NULL,NULL,NULL,1,0,0,0,0,0,0),(1662,90,1,119,4,NULL,NULL,NULL,0,'Glancer',1,NULL,NULL,NULL,1,0,0,0,0,0,0),(1663,125,1,119,4,NULL,NULL,NULL,0,'Gnat',0,NULL,NULL,NULL,1,0,0,0,0,0,0),(1664,125,1,119,4,NULL,NULL,NULL,0,'Gnat',0,NULL,NULL,NULL,1,0,0,0,0,0,0),(1665,90,1,119,4,NULL,NULL,NULL,0,'Glancer',1,NULL,NULL,NULL,1,0,0,0,0,0,0),(1666,90,1,119,4,NULL,NULL,NULL,0,'Glancer',1,NULL,NULL,NULL,1,0,0,0,0,0,0),(1667,90,1,119,4,NULL,NULL,NULL,0,'Glancer',1,NULL,NULL,NULL,1,0,0,0,0,0,0),(1668,125,1,119,4,NULL,NULL,NULL,0,'Gnat',0,NULL,NULL,NULL,1,0,0,0,0,0,0),(1669,125,1,119,4,NULL,NULL,NULL,0,'Gnat',0,NULL,NULL,NULL,1,0,0,0,0,0,0),(1670,125,1,119,4,NULL,NULL,NULL,0,'Gnat',1,NULL,NULL,NULL,1,0,0,0,0,0,0),(1671,125,1,119,4,NULL,NULL,NULL,0,'Gnat',0,NULL,NULL,NULL,1,0,0,0,0,0,0),(1672,125,1,119,4,NULL,NULL,NULL,0,'Gnat',1,NULL,NULL,NULL,1,0,0,0,0,0,0),(1673,125,1,120,4,NULL,NULL,NULL,0,'Gnat',0,NULL,NULL,NULL,1,0,0,0,0,0,0),(1674,125,1,120,4,NULL,NULL,NULL,0,'Gnat',0,NULL,NULL,NULL,1,0,0,0,0,0,0),(1675,90,1,120,4,NULL,NULL,NULL,0,'Glancer',1,NULL,NULL,NULL,1,0,0,0,0,0,0),(1676,90,1,120,4,NULL,NULL,NULL,0,'Glancer',1,NULL,NULL,NULL,1,0,0,0,0,0,0),(1677,125,1,120,4,NULL,NULL,NULL,0,'Gnat',0,NULL,NULL,NULL,1,0,0,0,0,0,0),(1678,125,1,120,4,NULL,NULL,NULL,0,'Gnat',0,NULL,NULL,NULL,1,0,0,0,0,0,0),(1679,125,1,120,4,NULL,NULL,NULL,0,'Gnat',1,NULL,NULL,NULL,1,0,0,0,0,0,0),(1680,125,1,120,4,NULL,NULL,NULL,0,'Gnat',0,NULL,NULL,NULL,1,0,0,0,0,0,0),(1681,125,1,121,4,NULL,NULL,NULL,0,'Gnat',0,NULL,NULL,NULL,1,0,0,0,0,0,0),(1682,125,1,121,4,NULL,NULL,NULL,0,'Gnat',0,NULL,NULL,NULL,1,0,0,0,0,0,0),(1683,125,1,121,4,NULL,NULL,NULL,0,'Gnat',1,NULL,NULL,NULL,1,0,0,0,0,0,0),(1684,125,1,121,4,NULL,NULL,NULL,0,'Gnat',1,NULL,NULL,NULL,1,0,0,0,0,0,0),(1685,125,1,122,4,NULL,NULL,NULL,0,'Gnat',0,NULL,NULL,NULL,1,0,0,0,0,0,0),(1686,125,1,122,4,NULL,NULL,NULL,0,'Gnat',0,NULL,NULL,NULL,1,0,0,0,0,0,0),(1687,125,1,122,4,NULL,NULL,NULL,0,'Gnat',1,NULL,NULL,NULL,1,0,0,0,0,0,0),(1688,125,1,123,4,NULL,NULL,NULL,0,'Gnat',0,NULL,NULL,NULL,1,0,0,0,0,0,0),(1689,125,1,123,4,NULL,NULL,NULL,0,'Gnat',0,NULL,NULL,NULL,1,0,0,0,0,0,0),(1690,125,1,123,4,NULL,NULL,NULL,0,'Gnat',1,NULL,NULL,NULL,1,0,0,0,0,0,0),(1691,125,1,123,4,NULL,NULL,NULL,0,'Gnat',0,NULL,NULL,NULL,1,0,0,0,0,0,0),(1692,125,1,123,4,NULL,NULL,NULL,0,'Gnat',0,NULL,NULL,NULL,1,0,0,0,0,0,0),(1693,4475,1,9,1,NULL,NULL,NULL,0,'Thor',0,2,270,NULL,1,0,0,0,0,0,0),(1694,4475,1,9,1,NULL,NULL,NULL,0,'Thor',0,2,270,NULL,1,0,0,0,0,0,0),(1695,4475,1,9,1,NULL,NULL,NULL,0,'Thor',1,2,270,NULL,1,0,0,0,0,0,0),(1696,4475,1,9,1,NULL,NULL,NULL,0,'Thor',0,2,270,NULL,1,0,0,0,0,0,0),(1697,2812,1,9,1,NULL,NULL,NULL,0,'Dirac',1,2,270,NULL,1,0,0,0,0,0,0),(1698,2812,1,9,1,NULL,NULL,NULL,0,'Dirac',0,2,270,NULL,1,0,0,0,0,0,0),(1699,2812,1,9,1,NULL,NULL,NULL,0,'Dirac',0,2,270,NULL,1,0,0,0,0,0,0),(1700,2812,1,9,1,NULL,NULL,NULL,0,'Dirac',0,2,270,NULL,1,0,0,0,0,0,0),(1701,2812,1,9,1,NULL,NULL,NULL,0,'Dirac',1,2,270,NULL,1,0,0,0,0,0,0),(1702,2812,1,9,1,NULL,NULL,NULL,0,'Dirac',0,2,270,NULL,1,0,0,0,0,0,0),(1703,4475,1,9,1,NULL,NULL,NULL,0,'Thor',1,0,180,NULL,1,0,0,0,0,0,0),(1704,4475,1,9,1,NULL,NULL,NULL,0,'Thor',1,0,180,NULL,1,0,0,0,0,0,0),(1705,4475,1,9,1,NULL,NULL,NULL,0,'Thor',0,0,180,NULL,1,0,0,0,0,0,0),(1706,2812,1,9,1,NULL,NULL,NULL,0,'Dirac',0,0,180,NULL,1,0,0,0,0,0,0),(1707,2812,1,9,1,NULL,NULL,NULL,0,'Dirac',0,0,180,NULL,1,0,0,0,0,0,0),(1708,26875,1,9,1,NULL,NULL,NULL,0,'Demosis',0,2,300,NULL,1,0,0,0,0,0,0),(1709,4475,1,9,1,NULL,NULL,NULL,0,'Thor',0,2,300,NULL,1,0,0,0,0,0,0),(1710,4475,1,9,1,NULL,NULL,NULL,0,'Thor',0,2,300,NULL,1,0,0,0,0,0,0),(1711,4475,1,9,1,NULL,NULL,NULL,0,'Thor',1,2,300,NULL,1,0,0,0,0,0,0),(1712,4475,1,9,1,NULL,NULL,NULL,0,'Thor',0,2,300,NULL,1,0,0,0,0,0,0),(1713,4475,1,9,1,NULL,NULL,NULL,0,'Thor',1,2,300,NULL,1,0,0,0,0,0,0),(1714,2812,1,9,1,NULL,NULL,NULL,0,'Dirac',0,2,300,NULL,1,0,0,0,0,0,0),(1715,2812,1,9,1,NULL,NULL,NULL,0,'Dirac',1,2,300,NULL,1,0,0,0,0,0,0),(1716,2812,1,9,1,NULL,NULL,NULL,0,'Dirac',0,2,300,NULL,1,0,0,0,0,0,0),(1717,90,1,124,4,NULL,NULL,NULL,0,'Glancer',1,NULL,NULL,NULL,1,0,0,0,0,0,0),(1718,90,1,124,4,NULL,NULL,NULL,0,'Glancer',1,NULL,NULL,NULL,1,0,0,0,0,0,0),(1719,125,1,124,4,NULL,NULL,NULL,0,'Gnat',0,NULL,NULL,NULL,1,0,0,0,0,0,0),(1720,125,1,124,4,NULL,NULL,NULL,0,'Gnat',0,NULL,NULL,NULL,1,0,0,0,0,0,0),(1721,125,1,124,4,NULL,NULL,NULL,0,'Gnat',1,NULL,NULL,NULL,1,0,0,0,0,0,0),(1722,125,1,124,4,NULL,NULL,NULL,0,'Gnat',0,NULL,NULL,NULL,1,0,0,0,0,0,0),(1723,125,1,124,4,NULL,NULL,NULL,0,'Gnat',1,NULL,NULL,NULL,1,0,0,0,0,0,0),(1724,125,1,124,4,NULL,NULL,NULL,0,'Gnat',1,NULL,NULL,NULL,1,0,0,0,0,0,0),(1725,90,1,125,4,NULL,NULL,NULL,0,'Glancer',1,NULL,NULL,NULL,1,0,0,0,0,0,0),(1726,125,1,125,4,NULL,NULL,NULL,0,'Gnat',0,NULL,NULL,NULL,1,0,0,0,0,0,0),(1727,125,1,125,4,NULL,NULL,NULL,0,'Gnat',0,NULL,NULL,NULL,1,0,0,0,0,0,0),(1728,125,1,125,4,NULL,NULL,NULL,0,'Gnat',1,NULL,NULL,NULL,1,0,0,0,0,0,0),(1729,125,1,125,4,NULL,NULL,NULL,0,'Gnat',1,NULL,NULL,NULL,1,0,0,0,0,0,0),(1730,125,1,125,4,NULL,NULL,NULL,0,'Gnat',0,NULL,NULL,NULL,1,0,0,0,0,0,0),(1731,90,1,126,4,NULL,NULL,NULL,0,'Glancer',1,NULL,NULL,NULL,1,0,0,0,0,0,0),(1732,90,1,126,4,NULL,NULL,NULL,0,'Glancer',1,NULL,NULL,NULL,1,0,0,0,0,0,0),(1733,125,1,126,4,NULL,NULL,NULL,0,'Gnat',0,NULL,NULL,NULL,1,0,0,0,0,0,0),(1734,125,1,126,4,NULL,NULL,NULL,0,'Gnat',0,NULL,NULL,NULL,1,0,0,0,0,0,0),(1735,125,1,126,4,NULL,NULL,NULL,0,'Gnat',1,NULL,NULL,NULL,1,0,0,0,0,0,0),(1736,900,1,127,4,NULL,NULL,NULL,0,'Gnawer',0,NULL,NULL,NULL,1,0,0,0,0,0,0),(1737,900,1,127,4,NULL,NULL,NULL,0,'Gnawer',0,NULL,NULL,NULL,1,0,0,0,0,0,0),(1738,500,1,127,4,NULL,NULL,NULL,0,'Spudder',0,NULL,NULL,NULL,1,0,0,0,0,0,0),(1739,90,1,127,4,NULL,NULL,NULL,0,'Glancer',1,NULL,NULL,NULL,1,0,0,0,0,0,0),(1740,125,1,127,4,NULL,NULL,NULL,0,'Gnat',0,NULL,NULL,NULL,1,0,0,0,0,0,0),(1741,90,1,127,4,NULL,NULL,NULL,0,'Glancer',1,NULL,NULL,NULL,1,0,0,0,0,0,0),(1742,90,1,127,4,NULL,NULL,NULL,0,'Glancer',1,NULL,NULL,NULL,1,0,0,0,0,0,0),(1743,90,1,127,4,NULL,NULL,NULL,0,'Glancer',1,NULL,NULL,NULL,1,0,0,0,0,0,0),(1744,125,1,127,4,NULL,NULL,NULL,0,'Gnat',0,NULL,NULL,NULL,1,0,0,0,0,0,0),(1745,125,1,127,4,NULL,NULL,NULL,0,'Gnat',0,NULL,NULL,NULL,1,0,0,0,0,0,0),(1746,125,1,127,4,NULL,NULL,NULL,0,'Gnat',1,NULL,NULL,NULL,1,0,0,0,0,0,0),(1747,125,1,127,4,NULL,NULL,NULL,0,'Gnat',1,NULL,NULL,NULL,1,0,0,0,0,0,0),(1748,125,1,127,4,NULL,NULL,NULL,0,'Gnat',0,NULL,NULL,NULL,1,0,0,0,0,0,0),(1749,500,1,128,4,NULL,NULL,NULL,0,'Spudder',0,NULL,NULL,NULL,1,0,0,0,0,0,0),(1750,500,1,128,4,NULL,NULL,NULL,0,'Spudder',0,NULL,NULL,NULL,1,0,0,0,0,0,0),(1751,90,1,128,4,NULL,NULL,NULL,0,'Glancer',1,NULL,NULL,NULL,1,0,0,0,0,0,0),(1752,125,1,128,4,NULL,NULL,NULL,0,'Gnat',0,NULL,NULL,NULL,1,0,0,0,0,0,0),(1753,125,1,128,4,NULL,NULL,NULL,0,'Gnat',0,NULL,NULL,NULL,1,0,0,0,0,0,0),(1754,90,1,128,4,NULL,NULL,NULL,0,'Glancer',1,NULL,NULL,NULL,1,0,0,0,0,0,0),(1755,90,1,128,4,NULL,NULL,NULL,0,'Glancer',1,NULL,NULL,NULL,1,0,0,0,0,0,0),(1756,125,1,128,4,NULL,NULL,NULL,0,'Gnat',0,NULL,NULL,NULL,1,0,0,0,0,0,0),(1757,125,1,128,4,NULL,NULL,NULL,0,'Gnat',0,NULL,NULL,NULL,1,0,0,0,0,0,0),(1758,125,1,128,4,NULL,NULL,NULL,0,'Gnat',1,NULL,NULL,NULL,1,0,0,0,0,0,0),(1759,125,1,128,4,NULL,NULL,NULL,0,'Gnat',0,NULL,NULL,NULL,1,0,0,0,0,0,0),(1760,125,1,128,4,NULL,NULL,NULL,0,'Gnat',0,NULL,NULL,NULL,1,0,0,0,0,0,0),(1761,125,1,128,4,NULL,NULL,NULL,0,'Gnat',1,NULL,NULL,NULL,1,0,0,0,0,0,0),(1762,125,1,128,4,NULL,NULL,NULL,0,'Gnat',1,NULL,NULL,NULL,1,0,0,0,0,0,0),(1763,500,1,129,4,NULL,NULL,NULL,0,'Spudder',0,NULL,NULL,NULL,1,0,0,0,0,0,0),(1764,500,1,129,4,NULL,NULL,NULL,0,'Spudder',0,NULL,NULL,NULL,1,0,0,0,0,0,0),(1765,90,1,129,4,NULL,NULL,NULL,0,'Glancer',1,NULL,NULL,NULL,1,0,0,0,0,0,0),(1766,125,1,129,4,NULL,NULL,NULL,0,'Gnat',0,NULL,NULL,NULL,1,0,0,0,0,0,0),(1767,90,1,129,4,NULL,NULL,NULL,0,'Glancer',1,NULL,NULL,NULL,1,0,0,0,0,0,0),(1768,90,1,129,4,NULL,NULL,NULL,0,'Glancer',1,NULL,NULL,NULL,1,0,0,0,0,0,0),(1769,125,1,129,4,NULL,NULL,NULL,0,'Gnat',0,NULL,NULL,NULL,1,0,0,0,0,0,0),(1770,125,1,129,4,NULL,NULL,NULL,0,'Gnat',0,NULL,NULL,NULL,1,0,0,0,0,0,0),(1771,125,1,129,4,NULL,NULL,NULL,0,'Gnat',1,NULL,NULL,NULL,1,0,0,0,0,0,0),(1772,125,1,129,4,NULL,NULL,NULL,0,'Gnat',0,NULL,NULL,NULL,1,0,0,0,0,0,0),(1773,500,1,130,4,NULL,NULL,NULL,0,'Spudder',0,NULL,NULL,NULL,1,0,0,0,0,0,0),(1774,500,1,130,4,NULL,NULL,NULL,0,'Spudder',0,NULL,NULL,NULL,1,0,0,0,0,0,0),(1775,90,1,130,4,NULL,NULL,NULL,0,'Glancer',1,NULL,NULL,NULL,1,0,0,0,0,0,0),(1776,125,1,130,4,NULL,NULL,NULL,0,'Gnat',0,NULL,NULL,NULL,1,0,0,0,0,0,0),(1777,125,1,130,4,NULL,NULL,NULL,0,'Gnat',0,NULL,NULL,NULL,1,0,0,0,0,0,0),(1778,90,1,130,4,NULL,NULL,NULL,0,'Glancer',1,NULL,NULL,NULL,1,0,0,0,0,0,0),(1779,90,1,130,4,NULL,NULL,NULL,0,'Glancer',1,NULL,NULL,NULL,1,0,0,0,0,0,0),(1780,90,1,130,4,NULL,NULL,NULL,0,'Glancer',1,NULL,NULL,NULL,1,0,0,0,0,0,0),(1781,90,1,130,4,NULL,NULL,NULL,0,'Glancer',1,NULL,NULL,NULL,1,0,0,0,0,0,0),(1782,125,1,130,4,NULL,NULL,NULL,0,'Gnat',0,NULL,NULL,NULL,1,0,0,0,0,0,0),(1783,125,1,130,4,NULL,NULL,NULL,0,'Gnat',0,NULL,NULL,NULL,1,0,0,0,0,0,0),(1784,125,1,130,4,NULL,NULL,NULL,0,'Gnat',1,NULL,NULL,NULL,1,0,0,0,0,0,0),(1785,125,1,130,4,NULL,NULL,NULL,0,'Gnat',0,NULL,NULL,NULL,1,0,0,0,0,0,0),(1786,125,1,130,4,NULL,NULL,NULL,0,'Gnat',0,NULL,NULL,NULL,1,0,0,0,0,0,0),(1787,125,1,130,4,NULL,NULL,NULL,0,'Gnat',1,NULL,NULL,NULL,1,0,0,0,0,0,0),(1788,900,1,131,4,NULL,NULL,NULL,0,'Gnawer',0,NULL,NULL,NULL,1,0,0,0,0,0,0),(1789,900,1,131,4,NULL,NULL,NULL,0,'Gnawer',0,NULL,NULL,NULL,1,0,0,0,0,0,0),(1790,900,1,131,4,NULL,NULL,NULL,0,'Gnawer',0,NULL,NULL,NULL,1,0,0,0,0,0,0),(1791,500,1,131,4,NULL,NULL,NULL,0,'Spudder',0,NULL,NULL,NULL,1,0,0,0,0,0,0),(1792,500,1,131,4,NULL,NULL,NULL,0,'Spudder',1,NULL,NULL,NULL,1,0,0,0,0,0,0),(1793,900,1,131,4,NULL,NULL,NULL,0,'Gnawer',0,NULL,NULL,NULL,1,0,0,0,0,0,0),(1794,500,1,131,4,NULL,NULL,NULL,0,'Spudder',0,NULL,NULL,NULL,1,0,0,0,0,0,0),(1795,500,1,131,4,NULL,NULL,NULL,0,'Spudder',0,NULL,NULL,NULL,1,0,0,0,0,0,0),(1796,90,1,131,4,NULL,NULL,NULL,0,'Glancer',1,NULL,NULL,NULL,1,0,0,0,0,0,0),(1797,125,1,131,4,NULL,NULL,NULL,0,'Gnat',1,NULL,NULL,NULL,1,0,0,0,0,0,0),(1798,125,1,131,4,NULL,NULL,NULL,0,'Gnat',0,NULL,NULL,NULL,1,0,0,0,0,0,0),(1799,125,1,131,4,NULL,NULL,NULL,0,'Gnat',0,NULL,NULL,NULL,1,0,0,0,0,0,0),(1800,90,1,131,4,NULL,NULL,NULL,0,'Glancer',1,NULL,NULL,NULL,1,0,0,0,0,0,0),(1801,90,1,131,4,NULL,NULL,NULL,0,'Glancer',1,NULL,NULL,NULL,1,0,0,0,0,0,0),(1802,90,1,131,4,NULL,NULL,NULL,0,'Glancer',1,NULL,NULL,NULL,1,0,0,0,0,0,0),(1803,125,1,131,4,NULL,NULL,NULL,0,'Gnat',0,NULL,NULL,NULL,1,0,0,0,0,0,0),(1804,125,1,131,4,NULL,NULL,NULL,0,'Gnat',0,NULL,NULL,NULL,1,0,0,0,0,0,0),(1805,125,1,131,4,NULL,NULL,NULL,0,'Gnat',1,NULL,NULL,NULL,1,0,0,0,0,0,0),(1806,125,1,131,4,NULL,NULL,NULL,0,'Gnat',0,NULL,NULL,NULL,1,0,0,0,0,0,0),(1807,900,1,132,4,NULL,NULL,NULL,0,'Gnawer',0,NULL,NULL,NULL,1,0,0,0,0,0,0),(1808,900,1,132,4,NULL,NULL,NULL,0,'Gnawer',0,NULL,NULL,NULL,1,0,0,0,0,0,0),(1809,900,1,132,4,NULL,NULL,NULL,0,'Gnawer',0,NULL,NULL,NULL,1,0,0,0,0,0,0),(1810,900,1,132,4,NULL,NULL,NULL,0,'Gnawer',0,NULL,NULL,NULL,1,0,0,0,0,0,0),(1811,500,1,132,4,NULL,NULL,NULL,0,'Spudder',0,NULL,NULL,NULL,1,0,0,0,0,0,0),(1812,500,1,132,4,NULL,NULL,NULL,0,'Spudder',0,NULL,NULL,NULL,1,0,0,0,0,0,0),(1813,500,1,132,4,NULL,NULL,NULL,0,'Spudder',0,NULL,NULL,NULL,1,0,0,0,0,0,0),(1814,90,1,132,4,NULL,NULL,NULL,0,'Glancer',1,NULL,NULL,NULL,1,0,0,0,0,0,0),(1815,125,1,132,4,NULL,NULL,NULL,0,'Gnat',0,NULL,NULL,NULL,1,0,0,0,0,0,0),(1816,90,1,132,4,NULL,NULL,NULL,0,'Glancer',1,NULL,NULL,NULL,1,0,0,0,0,0,0),(1817,90,1,132,4,NULL,NULL,NULL,0,'Glancer',1,NULL,NULL,NULL,1,0,0,0,0,0,0),(1818,125,1,132,4,NULL,NULL,NULL,0,'Gnat',0,NULL,NULL,NULL,1,0,0,0,0,0,0),(1819,125,1,132,4,NULL,NULL,NULL,0,'Gnat',0,NULL,NULL,NULL,1,0,0,0,0,0,0),(1820,125,1,132,4,NULL,NULL,NULL,0,'Gnat',1,NULL,NULL,NULL,1,0,0,0,0,0,0),(1821,900,1,133,4,NULL,NULL,NULL,0,'Gnawer',0,NULL,NULL,NULL,1,0,0,0,0,0,0),(1822,500,1,133,4,NULL,NULL,NULL,0,'Spudder',0,NULL,NULL,NULL,1,0,0,0,0,0,0),(1823,500,1,133,4,NULL,NULL,NULL,0,'Spudder',1,NULL,NULL,NULL,1,0,0,0,0,0,0),(1824,500,1,133,4,NULL,NULL,NULL,0,'Spudder',1,NULL,NULL,NULL,1,0,0,0,0,0,0),(1825,500,1,133,4,NULL,NULL,NULL,0,'Spudder',0,NULL,NULL,NULL,1,0,0,0,0,0,0),(1826,90,1,133,4,NULL,NULL,NULL,0,'Glancer',1,NULL,NULL,NULL,1,0,0,0,0,0,0),(1827,125,1,133,4,NULL,NULL,NULL,0,'Gnat',0,NULL,NULL,NULL,1,0,0,0,0,0,0),(1828,90,1,133,4,NULL,NULL,NULL,0,'Glancer',1,NULL,NULL,NULL,1,0,0,0,0,0,0),(1829,90,1,133,4,NULL,NULL,NULL,0,'Glancer',1,NULL,NULL,NULL,1,0,0,0,0,0,0),(1830,90,1,133,4,NULL,NULL,NULL,0,'Glancer',1,NULL,NULL,NULL,1,0,0,0,0,0,0),(1831,90,1,133,4,NULL,NULL,NULL,0,'Glancer',1,NULL,NULL,NULL,1,0,0,0,0,0,0),(1832,125,1,133,4,NULL,NULL,NULL,0,'Gnat',0,NULL,NULL,NULL,1,0,0,0,0,0,0),(1833,125,1,133,4,NULL,NULL,NULL,0,'Gnat',0,NULL,NULL,NULL,1,0,0,0,0,0,0),(1834,125,1,133,4,NULL,NULL,NULL,0,'Gnat',1,NULL,NULL,NULL,1,0,0,0,0,0,0),(1835,125,1,133,4,NULL,NULL,NULL,0,'Gnat',0,NULL,NULL,NULL,1,0,0,0,0,0,0),(1836,125,1,133,4,NULL,NULL,NULL,0,'Gnat',1,NULL,NULL,NULL,1,0,0,0,0,0,0),(1837,125,1,133,4,NULL,NULL,NULL,0,'Gnat',1,NULL,NULL,NULL,1,0,0,0,0,0,0),(1838,125,1,133,4,NULL,NULL,NULL,0,'Gnat',1,NULL,NULL,NULL,1,0,0,0,0,0,0),(1839,500,1,134,4,NULL,NULL,NULL,0,'Spudder',0,NULL,NULL,NULL,1,0,0,0,0,0,0),(1840,90,1,134,4,NULL,NULL,NULL,0,'Glancer',1,NULL,NULL,NULL,1,0,0,0,0,0,0),(1841,125,1,134,4,NULL,NULL,NULL,0,'Gnat',1,NULL,NULL,NULL,1,0,0,0,0,0,0),(1842,125,1,134,4,NULL,NULL,NULL,0,'Gnat',0,NULL,NULL,NULL,1,0,0,0,0,0,0),(1843,125,1,134,4,NULL,NULL,NULL,0,'Gnat',0,NULL,NULL,NULL,1,0,0,0,0,0,0),(1844,90,1,134,4,NULL,NULL,NULL,0,'Glancer',1,NULL,NULL,NULL,1,0,0,0,0,0,0),(1845,90,1,134,4,NULL,NULL,NULL,0,'Glancer',1,NULL,NULL,NULL,1,0,0,0,0,0,0),(1846,90,1,134,4,NULL,NULL,NULL,0,'Glancer',1,NULL,NULL,NULL,1,0,0,0,0,0,0),(1847,90,1,134,4,NULL,NULL,NULL,0,'Glancer',1,NULL,NULL,NULL,1,0,0,0,0,0,0),(1848,125,1,134,4,NULL,NULL,NULL,0,'Gnat',0,NULL,NULL,NULL,1,0,0,0,0,0,0),(1849,125,1,134,4,NULL,NULL,NULL,0,'Gnat',0,NULL,NULL,NULL,1,0,0,0,0,0,0),(1850,125,1,134,4,NULL,NULL,NULL,0,'Gnat',1,NULL,NULL,NULL,1,0,0,0,0,0,0),(1851,125,1,134,4,NULL,NULL,NULL,0,'Gnat',1,NULL,NULL,NULL,1,0,0,0,0,0,0),(1852,90,1,135,4,NULL,NULL,NULL,0,'Glancer',1,NULL,NULL,NULL,1,0,0,0,0,0,0),(1853,125,1,135,4,NULL,NULL,NULL,0,'Gnat',0,NULL,NULL,NULL,1,0,0,0,0,0,0),(1854,125,1,135,4,NULL,NULL,NULL,0,'Gnat',0,NULL,NULL,NULL,1,0,0,0,0,0,0),(1855,90,1,135,4,NULL,NULL,NULL,0,'Glancer',1,NULL,NULL,NULL,1,0,0,0,0,0,0),(1856,90,1,135,4,NULL,NULL,NULL,0,'Glancer',1,NULL,NULL,NULL,1,0,0,0,0,0,0),(1857,90,1,135,4,NULL,NULL,NULL,0,'Glancer',1,NULL,NULL,NULL,1,0,0,0,0,0,0),(1858,125,1,135,4,NULL,NULL,NULL,0,'Gnat',0,NULL,NULL,NULL,1,0,0,0,0,0,0),(1859,125,1,135,4,NULL,NULL,NULL,0,'Gnat',0,NULL,NULL,NULL,1,0,0,0,0,0,0),(1860,125,1,135,4,NULL,NULL,NULL,0,'Gnat',1,NULL,NULL,NULL,1,0,0,0,0,0,0),(1861,125,1,135,4,NULL,NULL,NULL,0,'Gnat',0,NULL,NULL,NULL,1,0,0,0,0,0,0),(1862,125,1,135,4,NULL,NULL,NULL,0,'Gnat',1,NULL,NULL,NULL,1,0,0,0,0,0,0),(1863,125,1,135,4,NULL,NULL,NULL,0,'Gnat',0,NULL,NULL,NULL,1,0,0,0,0,0,0),(1864,125,1,135,4,NULL,NULL,NULL,0,'Gnat',1,NULL,NULL,NULL,1,0,0,0,0,0,0),(1865,125,1,136,4,NULL,NULL,NULL,0,'Gnat',0,NULL,NULL,NULL,1,0,0,0,0,0,0),(1866,125,1,136,4,NULL,NULL,NULL,0,'Gnat',0,NULL,NULL,NULL,1,0,0,0,0,0,0),(1867,125,1,136,4,NULL,NULL,NULL,0,'Gnat',1,NULL,NULL,NULL,1,0,0,0,0,0,0),(1868,125,1,136,4,NULL,NULL,NULL,0,'Gnat',0,NULL,NULL,NULL,1,0,0,0,0,0,0),(1869,125,1,136,4,NULL,NULL,NULL,0,'Gnat',1,NULL,NULL,NULL,1,0,0,0,0,0,0),(1870,125,1,136,4,NULL,NULL,NULL,0,'Gnat',1,NULL,NULL,NULL,1,0,0,0,0,0,0),(1871,125,1,137,4,NULL,NULL,NULL,0,'Gnat',0,NULL,NULL,NULL,1,0,0,0,0,0,0),(1872,125,1,137,4,NULL,NULL,NULL,0,'Gnat',0,NULL,NULL,NULL,1,0,0,0,0,0,0),(1873,125,1,137,4,NULL,NULL,NULL,0,'Gnat',1,NULL,NULL,NULL,1,0,0,0,0,0,0),(1874,125,1,137,4,NULL,NULL,NULL,0,'Gnat',0,NULL,NULL,NULL,1,0,0,0,0,0,0),(1875,125,1,137,4,NULL,NULL,NULL,0,'Gnat',1,NULL,NULL,NULL,1,0,0,0,0,0,0),(1876,125,1,137,4,NULL,NULL,NULL,0,'Gnat',0,NULL,NULL,NULL,1,0,0,0,0,0,0),(1877,125,1,138,4,NULL,NULL,NULL,0,'Gnat',0,NULL,NULL,NULL,1,0,0,0,0,0,0),(1878,125,1,138,4,NULL,NULL,NULL,0,'Gnat',0,NULL,NULL,NULL,1,0,0,0,0,0,0),(1879,125,1,138,4,NULL,NULL,NULL,0,'Gnat',1,NULL,NULL,NULL,1,0,0,0,0,0,0),(1880,125,1,138,4,NULL,NULL,NULL,0,'Gnat',0,NULL,NULL,NULL,1,0,0,0,0,0,0),(1881,125,1,138,4,NULL,NULL,NULL,0,'Gnat',0,NULL,NULL,NULL,1,0,0,0,0,0,0),(1882,125,1,138,4,NULL,NULL,NULL,0,'Gnat',1,NULL,NULL,NULL,1,0,0,0,0,0,0),(1883,26875,1,9,1,NULL,NULL,NULL,0,'Demosis',0,0,0,NULL,1,0,0,0,0,0,0),(1884,4475,1,9,1,NULL,NULL,NULL,0,'Thor',1,0,0,NULL,1,0,0,0,0,0,0),(1885,4475,1,9,1,NULL,NULL,NULL,0,'Thor',0,0,0,NULL,1,0,0,0,0,0,0),(1886,4475,1,9,1,NULL,NULL,NULL,0,'Thor',1,0,0,NULL,1,0,0,0,0,0,0),(1887,2812,1,9,1,NULL,NULL,NULL,0,'Dirac',1,0,0,NULL,1,0,0,0,0,0,0),(1888,2812,1,9,1,NULL,NULL,NULL,0,'Dirac',1,0,0,NULL,1,0,0,0,0,0,0),(1889,2812,1,9,1,NULL,NULL,NULL,0,'Dirac',1,0,0,NULL,1,0,0,0,0,0,0),(1890,2812,1,9,1,NULL,NULL,NULL,0,'Dirac',0,0,0,NULL,1,0,0,0,0,0,0),(1891,2812,1,9,1,NULL,NULL,NULL,0,'Dirac',1,0,0,NULL,1,0,0,0,0,0,0),(1892,4475,1,10,1,NULL,NULL,NULL,0,'Thor',0,2,210,NULL,1,0,0,0,0,0,0),(1893,2812,1,10,1,NULL,NULL,NULL,0,'Dirac',1,2,210,NULL,1,0,0,0,0,0,0),(1894,2812,1,10,1,NULL,NULL,NULL,0,'Dirac',1,2,210,NULL,1,0,0,0,0,0,0),(1895,2812,1,10,1,NULL,NULL,NULL,0,'Dirac',1,2,210,NULL,1,0,0,0,0,0,0),(1896,2812,1,10,1,NULL,NULL,NULL,0,'Dirac',1,2,210,NULL,1,0,0,0,0,0,0),(1897,4475,1,10,1,NULL,NULL,NULL,0,'Thor',0,2,240,NULL,1,0,0,0,0,0,0),(1898,2812,1,10,1,NULL,NULL,NULL,0,'Dirac',1,2,240,NULL,1,0,0,0,0,0,0),(1899,2812,1,10,1,NULL,NULL,NULL,0,'Dirac',1,2,240,NULL,1,0,0,0,0,0,0),(1900,2812,1,10,1,NULL,NULL,NULL,0,'Dirac',1,2,240,NULL,1,0,0,0,0,0,0),(1901,2812,1,10,1,NULL,NULL,NULL,0,'Dirac',1,2,240,NULL,1,0,0,0,0,0,0),(1902,4475,1,10,1,NULL,NULL,NULL,0,'Thor',0,1,315,NULL,1,0,0,0,0,0,0),(1903,4475,1,10,1,NULL,NULL,NULL,0,'Thor',0,1,315,NULL,1,0,0,0,0,0,0),(1904,4475,1,10,1,NULL,NULL,NULL,0,'Thor',0,1,315,NULL,1,0,0,0,0,0,0),(1905,2812,1,10,1,NULL,NULL,NULL,0,'Dirac',1,1,315,NULL,1,0,0,0,0,0,0),(1906,2812,1,10,1,NULL,NULL,NULL,0,'Dirac',1,1,315,NULL,1,0,0,0,0,0,0),(1907,2812,1,10,1,NULL,NULL,NULL,0,'Dirac',1,1,315,NULL,1,0,0,0,0,0,0),(1908,2812,1,10,1,NULL,NULL,NULL,0,'Dirac',1,1,315,NULL,1,0,0,0,0,0,0),(1909,2812,1,10,1,NULL,NULL,NULL,0,'Dirac',1,1,315,NULL,1,0,0,0,0,0,0),(1910,2812,1,10,1,NULL,NULL,NULL,0,'Dirac',1,1,315,NULL,1,0,0,0,0,0,0),(1911,26875,1,10,1,NULL,NULL,NULL,0,'Demosis',0,3,202,NULL,1,0,0,0,0,0,0),(1912,4475,1,10,1,NULL,NULL,NULL,0,'Thor',0,3,202,NULL,1,0,0,0,0,0,0),(1913,4475,1,10,1,NULL,NULL,NULL,0,'Thor',0,3,202,NULL,1,0,0,0,0,0,0),(1914,4475,1,10,1,NULL,NULL,NULL,0,'Thor',0,3,202,NULL,1,0,0,0,0,0,0),(1915,2812,1,10,1,NULL,NULL,NULL,0,'Dirac',1,3,202,NULL,1,0,0,0,0,0,0),(1916,2812,1,10,1,NULL,NULL,NULL,0,'Dirac',1,3,202,NULL,1,0,0,0,0,0,0),(1917,2812,1,10,1,NULL,NULL,NULL,0,'Dirac',1,3,202,NULL,1,0,0,0,0,0,0),(1918,2812,1,10,1,NULL,NULL,NULL,0,'Dirac',1,3,202,NULL,1,0,0,0,0,0,0),(1919,2812,1,10,1,NULL,NULL,NULL,0,'Dirac',1,3,202,NULL,1,0,0,0,0,0,0),(1920,2812,1,10,1,NULL,NULL,NULL,0,'Dirac',1,3,202,NULL,1,0,0,0,0,0,0),(1921,2812,1,10,1,NULL,NULL,NULL,0,'Dirac',1,3,202,NULL,1,0,0,0,0,0,0),(1922,2812,1,10,1,NULL,NULL,NULL,0,'Dirac',1,3,202,NULL,1,0,0,0,0,0,0),(1923,90,1,139,4,NULL,NULL,NULL,0,'Glancer',1,NULL,NULL,NULL,1,0,0,0,0,0,0),(1924,125,1,139,4,NULL,NULL,NULL,0,'Gnat',0,NULL,NULL,NULL,1,0,0,0,0,0,0),(1925,125,1,139,4,NULL,NULL,NULL,0,'Gnat',0,NULL,NULL,NULL,1,0,0,0,0,0,0),(1926,125,1,139,4,NULL,NULL,NULL,0,'Gnat',0,NULL,NULL,NULL,1,0,0,0,0,0,0),(1927,125,1,139,4,NULL,NULL,NULL,0,'Gnat',1,NULL,NULL,NULL,1,0,0,0,0,0,0),(1928,125,1,139,4,NULL,NULL,NULL,0,'Gnat',1,NULL,NULL,NULL,1,0,0,0,0,0,0),(1929,90,1,140,4,NULL,NULL,NULL,0,'Glancer',1,NULL,NULL,NULL,1,0,0,0,0,0,0),(1930,125,1,140,4,NULL,NULL,NULL,0,'Gnat',0,NULL,NULL,NULL,1,0,0,0,0,0,0),(1931,125,1,140,4,NULL,NULL,NULL,0,'Gnat',1,NULL,NULL,NULL,1,0,0,0,0,0,0),(1932,90,1,140,4,NULL,NULL,NULL,0,'Glancer',1,NULL,NULL,NULL,1,0,0,0,0,0,0),(1933,125,1,140,4,NULL,NULL,NULL,0,'Gnat',0,NULL,NULL,NULL,1,0,0,0,0,0,0),(1934,90,1,140,4,NULL,NULL,NULL,0,'Glancer',1,NULL,NULL,NULL,1,0,0,0,0,0,0),(1935,125,1,140,4,NULL,NULL,NULL,0,'Gnat',0,NULL,NULL,NULL,1,0,0,0,0,0,0),(1936,125,1,140,4,NULL,NULL,NULL,0,'Gnat',0,NULL,NULL,NULL,1,0,0,0,0,0,0),(1937,125,1,140,4,NULL,NULL,NULL,0,'Gnat',0,NULL,NULL,NULL,1,0,0,0,0,0,0),(1938,125,1,140,4,NULL,NULL,NULL,0,'Gnat',1,NULL,NULL,NULL,1,0,0,0,0,0,0),(1939,125,1,140,4,NULL,NULL,NULL,0,'Gnat',1,NULL,NULL,NULL,1,0,0,0,0,0,0),(1940,125,1,141,4,NULL,NULL,NULL,0,'Gnat',0,NULL,NULL,NULL,1,0,0,0,0,0,0),(1941,125,1,141,4,NULL,NULL,NULL,0,'Gnat',0,NULL,NULL,NULL,1,0,0,0,0,0,0),(1942,125,1,141,4,NULL,NULL,NULL,0,'Gnat',1,NULL,NULL,NULL,1,0,0,0,0,0,0),(1943,125,1,141,4,NULL,NULL,NULL,0,'Gnat',1,NULL,NULL,NULL,1,0,0,0,0,0,0),(1944,90,1,142,4,NULL,NULL,NULL,0,'Glancer',1,NULL,NULL,NULL,1,0,0,0,0,0,0),(1945,125,1,142,4,NULL,NULL,NULL,0,'Gnat',0,NULL,NULL,NULL,1,0,0,0,0,0,0),(1946,125,1,142,4,NULL,NULL,NULL,0,'Gnat',0,NULL,NULL,NULL,1,0,0,0,0,0,0),(1947,125,1,142,4,NULL,NULL,NULL,0,'Gnat',0,NULL,NULL,NULL,1,0,0,0,0,0,0),(1948,125,1,142,4,NULL,NULL,NULL,0,'Gnat',1,NULL,NULL,NULL,1,0,0,0,0,0,0),(1949,125,1,142,4,NULL,NULL,NULL,0,'Gnat',1,NULL,NULL,NULL,1,0,0,0,0,0,0),(1950,125,1,143,4,NULL,NULL,NULL,0,'Gnat',0,NULL,NULL,NULL,1,0,0,0,0,0,0),(1951,125,1,143,4,NULL,NULL,NULL,0,'Gnat',0,NULL,NULL,NULL,1,0,0,0,0,0,0),(1952,125,1,143,4,NULL,NULL,NULL,0,'Gnat',1,NULL,NULL,NULL,1,0,0,0,0,0,0),(1953,125,1,143,4,NULL,NULL,NULL,0,'Gnat',1,NULL,NULL,NULL,1,0,0,0,0,0,0),(1954,125,1,144,4,NULL,NULL,NULL,0,'Gnat',0,NULL,NULL,NULL,1,0,0,0,0,0,0),(1955,125,1,144,4,NULL,NULL,NULL,0,'Gnat',0,NULL,NULL,NULL,1,0,0,0,0,0,0),(1956,125,1,144,4,NULL,NULL,NULL,0,'Gnat',1,NULL,NULL,NULL,1,0,0,0,0,0,0),(1957,125,1,144,4,NULL,NULL,NULL,0,'Gnat',1,NULL,NULL,NULL,1,0,0,0,0,0,0),(1958,90,1,145,4,NULL,NULL,NULL,0,'Glancer',1,NULL,NULL,NULL,1,0,0,0,0,0,0),(1959,125,1,145,4,NULL,NULL,NULL,0,'Gnat',0,NULL,NULL,NULL,1,0,0,0,0,0,0),(1960,125,1,145,4,NULL,NULL,NULL,0,'Gnat',1,NULL,NULL,NULL,1,0,0,0,0,0,0),(1961,90,1,145,4,NULL,NULL,NULL,0,'Glancer',1,NULL,NULL,NULL,1,0,0,0,0,0,0),(1962,125,1,145,4,NULL,NULL,NULL,0,'Gnat',0,NULL,NULL,NULL,1,0,0,0,0,0,0),(1963,90,1,145,4,NULL,NULL,NULL,0,'Glancer',1,NULL,NULL,NULL,1,0,0,0,0,0,0),(1964,125,1,145,4,NULL,NULL,NULL,0,'Gnat',0,NULL,NULL,NULL,1,0,0,0,0,0,0),(1965,125,1,145,4,NULL,NULL,NULL,0,'Gnat',0,NULL,NULL,NULL,1,0,0,0,0,0,0),(1966,125,1,145,4,NULL,NULL,NULL,0,'Gnat',0,NULL,NULL,NULL,1,0,0,0,0,0,0),(1967,125,1,145,4,NULL,NULL,NULL,0,'Gnat',1,NULL,NULL,NULL,1,0,0,0,0,0,0),(1968,125,1,145,4,NULL,NULL,NULL,0,'Gnat',1,NULL,NULL,NULL,1,0,0,0,0,0,0),(1969,125,1,146,4,NULL,NULL,NULL,0,'Gnat',0,NULL,NULL,NULL,1,0,0,0,0,0,0),(1970,125,1,146,4,NULL,NULL,NULL,0,'Gnat',0,NULL,NULL,NULL,1,0,0,0,0,0,0),(1971,125,1,146,4,NULL,NULL,NULL,0,'Gnat',1,NULL,NULL,NULL,1,0,0,0,0,0,0),(1972,125,1,146,4,NULL,NULL,NULL,0,'Gnat',1,NULL,NULL,NULL,1,0,0,0,0,0,0),(1973,125,1,147,4,NULL,NULL,NULL,0,'Gnat',0,NULL,NULL,NULL,1,0,0,0,0,0,0),(1974,125,1,147,4,NULL,NULL,NULL,0,'Gnat',0,NULL,NULL,NULL,1,0,0,0,0,0,0),(1975,125,1,147,4,NULL,NULL,NULL,0,'Gnat',1,NULL,NULL,NULL,1,0,0,0,0,0,0),(1976,125,1,147,4,NULL,NULL,NULL,0,'Gnat',1,NULL,NULL,NULL,1,0,0,0,0,0,0),(1977,90,1,148,4,NULL,NULL,NULL,0,'Glancer',1,NULL,NULL,NULL,1,0,0,0,0,0,0),(1978,125,1,148,4,NULL,NULL,NULL,0,'Gnat',0,NULL,NULL,NULL,1,0,0,0,0,0,0),(1979,125,1,148,4,NULL,NULL,NULL,0,'Gnat',0,NULL,NULL,NULL,1,0,0,0,0,0,0),(1980,125,1,148,4,NULL,NULL,NULL,0,'Gnat',0,NULL,NULL,NULL,1,0,0,0,0,0,0),(1981,125,1,148,4,NULL,NULL,NULL,0,'Gnat',1,NULL,NULL,NULL,1,0,0,0,0,0,0),(1982,125,1,148,4,NULL,NULL,NULL,0,'Gnat',1,NULL,NULL,NULL,1,0,0,0,0,0,0),(1983,90,1,149,4,NULL,NULL,NULL,0,'Glancer',1,NULL,NULL,NULL,1,0,0,0,0,0,0),(1984,125,1,149,4,NULL,NULL,NULL,0,'Gnat',0,NULL,NULL,NULL,1,0,0,0,0,0,0),(1985,125,1,149,4,NULL,NULL,NULL,0,'Gnat',0,NULL,NULL,NULL,1,0,0,0,0,0,0),(1986,125,1,149,4,NULL,NULL,NULL,0,'Gnat',0,NULL,NULL,NULL,1,0,0,0,0,0,0),(1987,125,1,149,4,NULL,NULL,NULL,0,'Gnat',1,NULL,NULL,NULL,1,0,0,0,0,0,0),(1988,125,1,149,4,NULL,NULL,NULL,0,'Gnat',1,NULL,NULL,NULL,1,0,0,0,0,0,0),(1989,90,1,156,4,NULL,NULL,NULL,0,'Glancer',1,NULL,NULL,NULL,1,0,0,0,0,0,0),(1990,125,1,156,4,NULL,NULL,NULL,0,'Gnat',0,NULL,NULL,NULL,1,0,0,0,0,0,0),(1991,125,1,156,4,NULL,NULL,NULL,0,'Gnat',1,NULL,NULL,NULL,1,0,0,0,0,0,0),(1992,90,1,156,4,NULL,NULL,NULL,0,'Glancer',1,NULL,NULL,NULL,1,0,0,0,0,0,0),(1993,125,1,156,4,NULL,NULL,NULL,0,'Gnat',0,NULL,NULL,NULL,1,0,0,0,0,0,0),(1994,90,1,156,4,NULL,NULL,NULL,0,'Glancer',1,NULL,NULL,NULL,1,0,0,0,0,0,0),(1995,125,1,156,4,NULL,NULL,NULL,0,'Gnat',0,NULL,NULL,NULL,1,0,0,0,0,0,0),(1996,125,1,156,4,NULL,NULL,NULL,0,'Gnat',0,NULL,NULL,NULL,1,0,0,0,0,0,0),(1997,125,1,156,4,NULL,NULL,NULL,0,'Gnat',0,NULL,NULL,NULL,1,0,0,0,0,0,0),(1998,125,1,156,4,NULL,NULL,NULL,0,'Gnat',1,NULL,NULL,NULL,1,0,0,0,0,0,0),(1999,125,1,156,4,NULL,NULL,NULL,0,'Gnat',1,NULL,NULL,NULL,1,0,0,0,0,0,0),(2000,90,1,162,4,NULL,NULL,NULL,0,'Glancer',1,NULL,NULL,NULL,1,0,0,0,0,0,0),(2001,125,1,162,4,NULL,NULL,NULL,0,'Gnat',0,NULL,NULL,NULL,1,0,0,0,0,0,0),(2002,125,1,162,4,NULL,NULL,NULL,0,'Gnat',1,NULL,NULL,NULL,1,0,0,0,0,0,0),(2003,90,1,162,4,NULL,NULL,NULL,0,'Glancer',1,NULL,NULL,NULL,1,0,0,0,0,0,0),(2004,125,1,162,4,NULL,NULL,NULL,0,'Gnat',0,NULL,NULL,NULL,1,0,0,0,0,0,0),(2005,90,1,162,4,NULL,NULL,NULL,0,'Glancer',1,NULL,NULL,NULL,1,0,0,0,0,0,0),(2006,125,1,162,4,NULL,NULL,NULL,0,'Gnat',0,NULL,NULL,NULL,1,0,0,0,0,0,0),(2007,125,1,162,4,NULL,NULL,NULL,0,'Gnat',0,NULL,NULL,NULL,1,0,0,0,0,0,0),(2008,125,1,162,4,NULL,NULL,NULL,0,'Gnat',0,NULL,NULL,NULL,1,0,0,0,0,0,0),(2009,125,1,162,4,NULL,NULL,NULL,0,'Gnat',1,NULL,NULL,NULL,1,0,0,0,0,0,0),(2010,125,1,162,4,NULL,NULL,NULL,0,'Gnat',1,NULL,NULL,NULL,1,0,0,0,0,0,0),(2011,125,1,171,4,NULL,NULL,NULL,0,'Gnat',0,NULL,NULL,NULL,1,0,0,0,0,0,0),(2012,125,1,171,4,NULL,NULL,NULL,0,'Gnat',0,NULL,NULL,NULL,1,0,0,0,0,0,0),(2013,125,1,171,4,NULL,NULL,NULL,0,'Gnat',1,NULL,NULL,NULL,1,0,0,0,0,0,0),(2014,125,1,171,4,NULL,NULL,NULL,0,'Gnat',1,NULL,NULL,NULL,1,0,0,0,0,0,0),(2015,125,1,172,4,NULL,NULL,NULL,0,'Gnat',0,NULL,NULL,NULL,1,0,0,0,0,0,0),(2016,125,1,172,4,NULL,NULL,NULL,0,'Gnat',0,NULL,NULL,NULL,1,0,0,0,0,0,0),(2017,125,1,172,4,NULL,NULL,NULL,0,'Gnat',1,NULL,NULL,NULL,1,0,0,0,0,0,0),(2018,125,1,172,4,NULL,NULL,NULL,0,'Gnat',1,NULL,NULL,NULL,1,0,0,0,0,0,0),(2019,125,1,173,4,NULL,NULL,NULL,0,'Gnat',0,NULL,NULL,NULL,1,0,0,0,0,0,0),(2020,125,1,173,4,NULL,NULL,NULL,0,'Gnat',0,NULL,NULL,NULL,1,0,0,0,0,0,0),(2021,125,1,173,4,NULL,NULL,NULL,0,'Gnat',1,NULL,NULL,NULL,1,0,0,0,0,0,0),(2022,125,1,173,4,NULL,NULL,NULL,0,'Gnat',1,NULL,NULL,NULL,1,0,0,0,0,0,0),(2023,125,1,174,4,NULL,NULL,NULL,0,'Gnat',0,NULL,NULL,NULL,1,0,0,0,0,0,0),(2024,125,1,174,4,NULL,NULL,NULL,0,'Gnat',0,NULL,NULL,NULL,1,0,0,0,0,0,0),(2025,125,1,174,4,NULL,NULL,NULL,0,'Gnat',1,NULL,NULL,NULL,1,0,0,0,0,0,0),(2026,125,1,174,4,NULL,NULL,NULL,0,'Gnat',1,NULL,NULL,NULL,1,0,0,0,0,0,0),(2027,90,1,175,4,NULL,NULL,NULL,0,'Glancer',1,NULL,NULL,NULL,1,0,0,0,0,0,0),(2028,125,1,175,4,NULL,NULL,NULL,0,'Gnat',0,NULL,NULL,NULL,1,0,0,0,0,0,0),(2029,125,1,175,4,NULL,NULL,NULL,0,'Gnat',1,NULL,NULL,NULL,1,0,0,0,0,0,0),(2030,90,1,175,4,NULL,NULL,NULL,0,'Glancer',1,NULL,NULL,NULL,1,0,0,0,0,0,0),(2031,125,1,175,4,NULL,NULL,NULL,0,'Gnat',0,NULL,NULL,NULL,1,0,0,0,0,0,0),(2032,90,1,175,4,NULL,NULL,NULL,0,'Glancer',1,NULL,NULL,NULL,1,0,0,0,0,0,0),(2033,125,1,175,4,NULL,NULL,NULL,0,'Gnat',0,NULL,NULL,NULL,1,0,0,0,0,0,0),(2034,125,1,175,4,NULL,NULL,NULL,0,'Gnat',0,NULL,NULL,NULL,1,0,0,0,0,0,0),(2035,125,1,175,4,NULL,NULL,NULL,0,'Gnat',0,NULL,NULL,NULL,1,0,0,0,0,0,0),(2036,125,1,175,4,NULL,NULL,NULL,0,'Gnat',1,NULL,NULL,NULL,1,0,0,0,0,0,0),(2037,125,1,175,4,NULL,NULL,NULL,0,'Gnat',1,NULL,NULL,NULL,1,0,0,0,0,0,0),(2038,125,1,176,4,NULL,NULL,NULL,0,'Gnat',0,NULL,NULL,NULL,1,0,0,0,0,0,0),(2039,125,1,176,4,NULL,NULL,NULL,0,'Gnat',0,NULL,NULL,NULL,1,0,0,0,0,0,0),(2040,125,1,176,4,NULL,NULL,NULL,0,'Gnat',1,NULL,NULL,NULL,1,0,0,0,0,0,0),(2041,125,1,176,4,NULL,NULL,NULL,0,'Gnat',1,NULL,NULL,NULL,1,0,0,0,0,0,0),(2042,4475,1,10,1,NULL,NULL,NULL,0,'Thor',0,1,0,NULL,1,0,0,0,0,0,0),(2043,2812,1,10,1,NULL,NULL,NULL,0,'Dirac',1,1,0,NULL,1,0,0,0,0,0,0),(2044,2812,1,10,1,NULL,NULL,NULL,0,'Dirac',1,1,0,NULL,1,0,0,0,0,0,0),(2045,2812,1,10,1,NULL,NULL,NULL,0,'Dirac',1,1,0,NULL,1,0,0,0,0,0,0),(2046,2812,1,10,1,NULL,NULL,NULL,0,'Dirac',1,1,0,NULL,1,0,0,0,0,0,0),(2047,4475,1,10,1,NULL,NULL,NULL,0,'Thor',0,2,30,NULL,1,0,0,0,0,0,0),(2048,4475,1,10,1,NULL,NULL,NULL,0,'Thor',0,2,30,NULL,1,0,0,0,0,0,0),(2049,4475,1,10,1,NULL,NULL,NULL,0,'Thor',0,2,30,NULL,1,0,0,0,0,0,0),(2050,2812,1,10,1,NULL,NULL,NULL,0,'Dirac',1,2,30,NULL,1,0,0,0,0,0,0),(2051,2812,1,10,1,NULL,NULL,NULL,0,'Dirac',1,2,30,NULL,1,0,0,0,0,0,0),(2052,2812,1,10,1,NULL,NULL,NULL,0,'Dirac',1,2,30,NULL,1,0,0,0,0,0,0),(2053,2812,1,10,1,NULL,NULL,NULL,0,'Dirac',1,2,30,NULL,1,0,0,0,0,0,0),(2054,2812,1,10,1,NULL,NULL,NULL,0,'Dirac',1,2,30,NULL,1,0,0,0,0,0,0),(2055,2812,1,10,1,NULL,NULL,NULL,0,'Dirac',1,2,30,NULL,1,0,0,0,0,0,0),(2056,2812,1,10,1,NULL,NULL,NULL,0,'Dirac',0,0,90,NULL,1,0,0,0,0,0,0),(2057,2812,1,10,1,NULL,NULL,NULL,0,'Dirac',0,0,90,NULL,1,0,0,0,0,0,0),(2058,2812,1,10,1,NULL,NULL,NULL,0,'Dirac',0,0,90,NULL,1,0,0,0,0,0,0),(2059,2812,1,10,1,NULL,NULL,NULL,0,'Dirac',0,0,90,NULL,1,0,0,0,0,0,0),(2060,90,1,177,4,NULL,NULL,NULL,0,'Glancer',1,NULL,NULL,NULL,1,0,0,0,0,0,0),(2061,90,1,177,4,NULL,NULL,NULL,0,'Glancer',1,NULL,NULL,NULL,1,0,0,0,0,0,0),(2062,125,1,177,4,NULL,NULL,NULL,0,'Gnat',0,NULL,NULL,NULL,1,0,0,0,0,0,0),(2063,125,1,177,4,NULL,NULL,NULL,0,'Gnat',0,NULL,NULL,NULL,1,0,0,0,0,0,0),(2064,125,1,177,4,NULL,NULL,NULL,0,'Gnat',1,NULL,NULL,NULL,1,0,0,0,0,0,0),(2065,125,1,177,4,NULL,NULL,NULL,0,'Gnat',0,NULL,NULL,NULL,1,0,0,0,0,0,0),(2066,125,1,177,4,NULL,NULL,NULL,0,'Gnat',0,NULL,NULL,NULL,1,0,0,0,0,0,0),(2067,125,1,177,4,NULL,NULL,NULL,0,'Gnat',1,NULL,NULL,NULL,1,0,0,0,0,0,0),(2068,500,1,178,4,NULL,NULL,NULL,0,'Spudder',0,NULL,NULL,NULL,1,0,0,0,0,0,0),(2069,90,1,178,4,NULL,NULL,NULL,0,'Glancer',1,NULL,NULL,NULL,1,0,0,0,0,0,0),(2070,125,1,178,4,NULL,NULL,NULL,0,'Gnat',0,NULL,NULL,NULL,1,0,0,0,0,0,0),(2071,90,1,178,4,NULL,NULL,NULL,0,'Glancer',1,NULL,NULL,NULL,1,0,0,0,0,0,0),(2072,90,1,178,4,NULL,NULL,NULL,0,'Glancer',1,NULL,NULL,NULL,1,0,0,0,0,0,0),(2073,125,1,178,4,NULL,NULL,NULL,0,'Gnat',0,NULL,NULL,NULL,1,0,0,0,0,0,0),(2074,125,1,178,4,NULL,NULL,NULL,0,'Gnat',0,NULL,NULL,NULL,1,0,0,0,0,0,0),(2075,125,1,178,4,NULL,NULL,NULL,0,'Gnat',1,NULL,NULL,NULL,1,0,0,0,0,0,0),(2076,125,1,178,4,NULL,NULL,NULL,0,'Gnat',0,NULL,NULL,NULL,1,0,0,0,0,0,0),(2077,125,1,178,4,NULL,NULL,NULL,0,'Gnat',1,NULL,NULL,NULL,1,0,0,0,0,0,0),(2078,900,1,179,4,NULL,NULL,NULL,0,'Gnawer',0,NULL,NULL,NULL,1,0,0,0,0,0,0),(2079,900,1,179,4,NULL,NULL,NULL,0,'Gnawer',0,NULL,NULL,NULL,1,0,0,0,0,0,0),(2080,500,1,179,4,NULL,NULL,NULL,0,'Spudder',0,NULL,NULL,NULL,1,0,0,0,0,0,0),(2081,500,1,179,4,NULL,NULL,NULL,0,'Spudder',0,NULL,NULL,NULL,1,0,0,0,0,0,0),(2082,500,1,179,4,NULL,NULL,NULL,0,'Spudder',1,NULL,NULL,NULL,1,0,0,0,0,0,0),(2083,500,1,179,4,NULL,NULL,NULL,0,'Spudder',0,NULL,NULL,NULL,1,0,0,0,0,0,0),(2084,90,1,179,4,NULL,NULL,NULL,0,'Glancer',1,NULL,NULL,NULL,1,0,0,0,0,0,0),(2085,125,1,179,4,NULL,NULL,NULL,0,'Gnat',0,NULL,NULL,NULL,1,0,0,0,0,0,0),(2086,125,1,179,4,NULL,NULL,NULL,0,'Gnat',0,NULL,NULL,NULL,1,0,0,0,0,0,0),(2087,90,1,179,4,NULL,NULL,NULL,0,'Glancer',1,NULL,NULL,NULL,1,0,0,0,0,0,0),(2088,90,1,179,4,NULL,NULL,NULL,0,'Glancer',1,NULL,NULL,NULL,1,0,0,0,0,0,0),(2089,90,1,179,4,NULL,NULL,NULL,0,'Glancer',1,NULL,NULL,NULL,1,0,0,0,0,0,0),(2090,90,1,179,4,NULL,NULL,NULL,0,'Glancer',1,NULL,NULL,NULL,1,0,0,0,0,0,0),(2091,90,1,179,4,NULL,NULL,NULL,0,'Glancer',1,NULL,NULL,NULL,1,0,0,0,0,0,0),(2092,125,1,179,4,NULL,NULL,NULL,0,'Gnat',0,NULL,NULL,NULL,1,0,0,0,0,0,0),(2093,125,1,179,4,NULL,NULL,NULL,0,'Gnat',0,NULL,NULL,NULL,1,0,0,0,0,0,0),(2094,125,1,179,4,NULL,NULL,NULL,0,'Gnat',1,NULL,NULL,NULL,1,0,0,0,0,0,0),(2095,125,1,179,4,NULL,NULL,NULL,0,'Gnat',0,NULL,NULL,NULL,1,0,0,0,0,0,0),(2096,125,1,179,4,NULL,NULL,NULL,0,'Gnat',1,NULL,NULL,NULL,1,0,0,0,0,0,0),(2097,500,1,180,4,NULL,NULL,NULL,0,'Spudder',0,NULL,NULL,NULL,1,0,0,0,0,0,0),(2098,90,1,180,4,NULL,NULL,NULL,0,'Glancer',1,NULL,NULL,NULL,1,0,0,0,0,0,0),(2099,125,1,180,4,NULL,NULL,NULL,0,'Gnat',0,NULL,NULL,NULL,1,0,0,0,0,0,0),(2100,90,1,180,4,NULL,NULL,NULL,0,'Glancer',1,NULL,NULL,NULL,1,0,0,0,0,0,0),(2101,90,1,180,4,NULL,NULL,NULL,0,'Glancer',1,NULL,NULL,NULL,1,0,0,0,0,0,0),(2102,90,1,180,4,NULL,NULL,NULL,0,'Glancer',1,NULL,NULL,NULL,1,0,0,0,0,0,0),(2103,90,1,180,4,NULL,NULL,NULL,0,'Glancer',1,NULL,NULL,NULL,1,0,0,0,0,0,0),(2104,125,1,180,4,NULL,NULL,NULL,0,'Gnat',0,NULL,NULL,NULL,1,0,0,0,0,0,0),(2105,125,1,180,4,NULL,NULL,NULL,0,'Gnat',0,NULL,NULL,NULL,1,0,0,0,0,0,0),(2106,125,1,180,4,NULL,NULL,NULL,0,'Gnat',1,NULL,NULL,NULL,1,0,0,0,0,0,0),(2107,125,1,180,4,NULL,NULL,NULL,0,'Gnat',1,NULL,NULL,NULL,1,0,0,0,0,0,0),(2108,90,1,181,4,NULL,NULL,NULL,0,'Glancer',1,NULL,NULL,NULL,1,0,0,0,0,0,0),(2109,125,1,181,4,NULL,NULL,NULL,0,'Gnat',0,NULL,NULL,NULL,1,0,0,0,0,0,0),(2110,90,1,181,4,NULL,NULL,NULL,0,'Glancer',1,NULL,NULL,NULL,1,0,0,0,0,0,0),(2111,90,1,181,4,NULL,NULL,NULL,0,'Glancer',1,NULL,NULL,NULL,1,0,0,0,0,0,0),(2112,90,1,181,4,NULL,NULL,NULL,0,'Glancer',1,NULL,NULL,NULL,1,0,0,0,0,0,0),(2113,90,1,181,4,NULL,NULL,NULL,0,'Glancer',1,NULL,NULL,NULL,1,0,0,0,0,0,0),(2114,125,1,181,4,NULL,NULL,NULL,0,'Gnat',0,NULL,NULL,NULL,1,0,0,0,0,0,0),(2115,125,1,181,4,NULL,NULL,NULL,0,'Gnat',0,NULL,NULL,NULL,1,0,0,0,0,0,0),(2116,125,1,181,4,NULL,NULL,NULL,0,'Gnat',1,NULL,NULL,NULL,1,0,0,0,0,0,0),(2117,125,1,181,4,NULL,NULL,NULL,0,'Gnat',0,NULL,NULL,NULL,1,0,0,0,0,0,0),(2118,125,1,181,4,NULL,NULL,NULL,0,'Gnat',1,NULL,NULL,NULL,1,0,0,0,0,0,0),(2119,125,1,181,4,NULL,NULL,NULL,0,'Gnat',0,NULL,NULL,NULL,1,0,0,0,0,0,0),(2120,125,1,182,4,NULL,NULL,NULL,0,'Gnat',0,NULL,NULL,NULL,1,0,0,0,0,0,0),(2121,125,1,182,4,NULL,NULL,NULL,0,'Gnat',0,NULL,NULL,NULL,1,0,0,0,0,0,0),(2122,125,1,182,4,NULL,NULL,NULL,0,'Gnat',1,NULL,NULL,NULL,1,0,0,0,0,0,0),(2123,125,1,182,4,NULL,NULL,NULL,0,'Gnat',0,NULL,NULL,NULL,1,0,0,0,0,0,0),(2124,125,1,182,4,NULL,NULL,NULL,0,'Gnat',1,NULL,NULL,NULL,1,0,0,0,0,0,0),(2125,125,1,183,4,NULL,NULL,NULL,0,'Gnat',0,NULL,NULL,NULL,1,0,0,0,0,0,0),(2126,125,1,183,4,NULL,NULL,NULL,0,'Gnat',0,NULL,NULL,NULL,1,0,0,0,0,0,0),(2127,125,1,183,4,NULL,NULL,NULL,0,'Gnat',1,NULL,NULL,NULL,1,0,0,0,0,0,0),(2128,125,1,183,4,NULL,NULL,NULL,0,'Gnat',1,NULL,NULL,NULL,1,0,0,0,0,0,0),(2129,125,1,184,4,NULL,NULL,NULL,0,'Gnat',0,NULL,NULL,NULL,1,0,0,0,0,0,0),(2130,125,1,184,4,NULL,NULL,NULL,0,'Gnat',0,NULL,NULL,NULL,1,0,0,0,0,0,0),(2131,125,1,184,4,NULL,NULL,NULL,0,'Gnat',1,NULL,NULL,NULL,1,0,0,0,0,0,0),(2132,125,1,185,4,NULL,NULL,NULL,0,'Gnat',0,NULL,NULL,NULL,1,0,0,0,0,0,0),(2133,125,1,185,4,NULL,NULL,NULL,0,'Gnat',0,NULL,NULL,NULL,1,0,0,0,0,0,0),(2134,125,1,185,4,NULL,NULL,NULL,0,'Gnat',1,NULL,NULL,NULL,1,0,0,0,0,0,0),(2135,125,1,185,4,NULL,NULL,NULL,0,'Gnat',0,NULL,NULL,NULL,1,0,0,0,0,0,0),(2136,4475,1,10,1,NULL,NULL,NULL,0,'Thor',0,1,135,NULL,1,0,0,0,0,0,0),(2137,4475,1,10,1,NULL,NULL,NULL,0,'Thor',0,1,135,NULL,1,0,0,0,0,0,0),(2138,4475,1,10,1,NULL,NULL,NULL,0,'Thor',0,1,135,NULL,1,0,0,0,0,0,0),(2139,2812,1,10,1,NULL,NULL,NULL,0,'Dirac',1,1,135,NULL,1,0,0,0,0,0,0),(2140,2812,1,10,1,NULL,NULL,NULL,0,'Dirac',1,1,135,NULL,1,0,0,0,0,0,0),(2141,2812,1,10,1,NULL,NULL,NULL,0,'Dirac',1,1,135,NULL,1,0,0,0,0,0,0),(2142,2812,1,10,1,NULL,NULL,NULL,0,'Dirac',1,1,135,NULL,1,0,0,0,0,0,0),(2143,2812,1,10,1,NULL,NULL,NULL,0,'Dirac',1,1,135,NULL,1,0,0,0,0,0,0),(2144,2812,1,10,1,NULL,NULL,NULL,0,'Dirac',1,1,135,NULL,1,0,0,0,0,0,0),(2145,4475,1,10,1,NULL,NULL,NULL,0,'Thor',0,2,330,NULL,1,0,0,0,0,0,0),(2146,2812,1,10,1,NULL,NULL,NULL,0,'Dirac',1,2,330,NULL,1,0,0,0,0,0,0),(2147,2812,1,10,1,NULL,NULL,NULL,0,'Dirac',1,2,330,NULL,1,0,0,0,0,0,0),(2148,2812,1,10,1,NULL,NULL,NULL,0,'Dirac',1,2,330,NULL,1,0,0,0,0,0,0),(2149,2812,1,10,1,NULL,NULL,NULL,0,'Dirac',1,2,330,NULL,1,0,0,0,0,0,0),(2150,4475,1,10,1,NULL,NULL,NULL,0,'Thor',0,0,270,NULL,1,0,0,0,0,0,0),(2151,2812,1,10,1,NULL,NULL,NULL,0,'Dirac',1,0,270,NULL,1,0,0,0,0,0,0),(2152,2812,1,10,1,NULL,NULL,NULL,0,'Dirac',1,0,270,NULL,1,0,0,0,0,0,0),(2153,2812,1,10,1,NULL,NULL,NULL,0,'Dirac',1,0,270,NULL,1,0,0,0,0,0,0),(2154,2812,1,10,1,NULL,NULL,NULL,0,'Dirac',1,0,270,NULL,1,0,0,0,0,0,0),(2155,4475,1,10,1,NULL,NULL,NULL,0,'Thor',0,2,300,NULL,1,0,0,0,0,0,0),(2156,4475,1,10,1,NULL,NULL,NULL,0,'Thor',0,2,300,NULL,1,0,0,0,0,0,0),(2157,4475,1,10,1,NULL,NULL,NULL,0,'Thor',0,2,300,NULL,1,0,0,0,0,0,0),(2158,2812,1,10,1,NULL,NULL,NULL,0,'Dirac',1,2,300,NULL,1,0,0,0,0,0,0),(2159,2812,1,10,1,NULL,NULL,NULL,0,'Dirac',1,2,300,NULL,1,0,0,0,0,0,0),(2160,2812,1,10,1,NULL,NULL,NULL,0,'Dirac',1,2,300,NULL,1,0,0,0,0,0,0),(2161,2812,1,10,1,NULL,NULL,NULL,0,'Dirac',1,2,300,NULL,1,0,0,0,0,0,0),(2162,2812,1,10,1,NULL,NULL,NULL,0,'Dirac',1,2,300,NULL,1,0,0,0,0,0,0),(2163,2812,1,10,1,NULL,NULL,NULL,0,'Dirac',1,2,300,NULL,1,0,0,0,0,0,0),(2164,4475,1,10,1,NULL,NULL,NULL,0,'Thor',0,0,0,NULL,1,0,0,0,0,0,0),(2165,2812,1,10,1,NULL,NULL,NULL,0,'Dirac',1,0,0,NULL,1,0,0,0,0,0,0),(2166,2812,1,10,1,NULL,NULL,NULL,0,'Dirac',1,0,0,NULL,1,0,0,0,0,0,0),(2167,2812,1,10,1,NULL,NULL,NULL,0,'Dirac',1,0,0,NULL,1,0,0,0,0,0,0),(2168,2812,1,10,1,NULL,NULL,NULL,0,'Dirac',1,0,0,NULL,1,0,0,0,0,0,0),(2169,26875,1,11,1,NULL,NULL,NULL,0,'Demosis',1,1,45,NULL,1,0,0,0,0,0,0),(2170,26875,1,11,1,NULL,NULL,NULL,0,'Demosis',0,1,45,NULL,1,0,0,0,0,0,0),(2171,26875,1,11,1,NULL,NULL,NULL,0,'Demosis',0,1,45,NULL,1,0,0,0,0,0,0),(2172,26875,1,11,1,NULL,NULL,NULL,0,'Demosis',0,1,45,NULL,1,0,0,0,0,0,0),(2173,4475,1,11,1,NULL,NULL,NULL,0,'Thor',0,1,45,NULL,1,0,0,0,0,0,0),(2174,4475,1,11,1,NULL,NULL,NULL,0,'Thor',1,1,45,NULL,1,0,0,0,0,0,0),(2175,4475,1,11,1,NULL,NULL,NULL,0,'Thor',0,1,45,NULL,1,0,0,0,0,0,0),(2176,4475,1,11,1,NULL,NULL,NULL,0,'Thor',0,1,45,NULL,1,0,0,0,0,0,0),(2177,4475,1,11,1,NULL,NULL,NULL,0,'Thor',0,1,45,NULL,1,0,0,0,0,0,0),(2178,4475,1,11,1,NULL,NULL,NULL,0,'Thor',1,1,45,NULL,1,0,0,0,0,0,0),(2179,4475,1,11,1,NULL,NULL,NULL,0,'Thor',1,1,45,NULL,1,0,0,0,0,0,0),(2180,4475,1,11,1,NULL,NULL,NULL,0,'Thor',1,1,45,NULL,1,0,0,0,0,0,0),(2181,4475,1,11,1,NULL,NULL,NULL,0,'Thor',0,1,45,NULL,1,0,0,0,0,0,0),(2182,4475,1,11,1,NULL,NULL,NULL,0,'Thor',1,1,45,NULL,1,0,0,0,0,0,0),(2183,4475,1,11,1,NULL,NULL,NULL,0,'Thor',1,1,45,NULL,1,0,0,0,0,0,0),(2184,2812,1,11,1,NULL,NULL,NULL,0,'Dirac',0,1,45,NULL,1,0,0,0,0,0,0),(2185,2812,1,11,1,NULL,NULL,NULL,0,'Dirac',1,1,45,NULL,1,0,0,0,0,0,0),(2186,2812,1,11,1,NULL,NULL,NULL,0,'Dirac',1,1,45,NULL,1,0,0,0,0,0,0),(2187,2812,1,11,1,NULL,NULL,NULL,0,'Dirac',0,1,45,NULL,1,0,0,0,0,0,0),(2188,2812,1,11,1,NULL,NULL,NULL,0,'Dirac',1,1,45,NULL,1,0,0,0,0,0,0),(2189,2812,1,11,1,NULL,NULL,NULL,0,'Dirac',0,1,45,NULL,1,0,0,0,0,0,0),(2190,2812,1,11,1,NULL,NULL,NULL,0,'Dirac',0,1,45,NULL,1,0,0,0,0,0,0),(2191,2812,1,11,1,NULL,NULL,NULL,0,'Dirac',1,1,45,NULL,1,0,0,0,0,0,0),(2192,2812,1,11,1,NULL,NULL,NULL,0,'Dirac',1,1,45,NULL,1,0,0,0,0,0,0),(2193,2812,1,11,1,NULL,NULL,NULL,0,'Dirac',1,1,45,NULL,1,0,0,0,0,0,0),(2194,2812,1,11,1,NULL,NULL,NULL,0,'Dirac',0,1,45,NULL,1,0,0,0,0,0,0),(2195,2812,1,11,1,NULL,NULL,NULL,0,'Dirac',1,1,45,NULL,1,0,0,0,0,0,0),(2196,2812,1,11,1,NULL,NULL,NULL,0,'Dirac',0,1,45,NULL,1,0,0,0,0,0,0),(2197,2812,1,11,1,NULL,NULL,NULL,0,'Dirac',1,1,45,NULL,1,0,0,0,0,0,0),(2198,2812,1,11,1,NULL,NULL,NULL,0,'Dirac',0,1,45,NULL,1,0,0,0,0,0,0),(2199,2812,1,11,1,NULL,NULL,NULL,0,'Dirac',0,1,45,NULL,1,0,0,0,0,0,0),(2200,2812,1,11,1,NULL,NULL,NULL,0,'Dirac',0,1,45,NULL,1,0,0,0,0,0,0),(2201,2812,1,11,1,NULL,NULL,NULL,0,'Dirac',0,1,45,NULL,1,0,0,0,0,0,0);
/*!40000 ALTER TABLE `units` ENABLE KEYS */;
UNLOCK TABLES;

--
-- Table structure for table `wreckages`
--

DROP TABLE IF EXISTS `wreckages`;
/*!40101 SET @saved_cs_client     = @@character_set_client */;
/*!40101 SET character_set_client = utf8 */;
CREATE TABLE `wreckages` (
  `id` int(11) NOT NULL AUTO_INCREMENT,
  `galaxy_id` int(11) DEFAULT NULL,
  `location_id` int(11) NOT NULL,
  `location_type` tinyint(3) unsigned NOT NULL,
  `location_x` smallint(6) NOT NULL,
  `location_y` smallint(6) NOT NULL,
  `metal` float NOT NULL DEFAULT '0',
  `energy` float NOT NULL DEFAULT '0',
  `zetium` float NOT NULL DEFAULT '0',
  PRIMARY KEY (`id`),
  UNIQUE KEY `location` (`location_id`,`location_type`,`location_x`,`location_y`),
  KEY `galaxy_id` (`galaxy_id`),
  CONSTRAINT `wreckages_ibfk_1` FOREIGN KEY (`galaxy_id`) REFERENCES `galaxies` (`id`) ON DELETE CASCADE
) ENGINE=InnoDB DEFAULT CHARSET=utf8;
/*!40101 SET character_set_client = @saved_cs_client */;

--
-- Dumping data for table `wreckages`
--

LOCK TABLES `wreckages` WRITE;
/*!40000 ALTER TABLE `wreckages` DISABLE KEYS */;
/*!40000 ALTER TABLE `wreckages` ENABLE KEYS */;
UNLOCK TABLES;
/*!40103 SET TIME_ZONE=@OLD_TIME_ZONE */;

/*!40101 SET SQL_MODE=@OLD_SQL_MODE */;
/*!40014 SET FOREIGN_KEY_CHECKS=@OLD_FOREIGN_KEY_CHECKS */;
/*!40014 SET UNIQUE_CHECKS=@OLD_UNIQUE_CHECKS */;
/*!40101 SET CHARACTER_SET_CLIENT=@OLD_CHARACTER_SET_CLIENT */;
/*!40101 SET CHARACTER_SET_RESULTS=@OLD_CHARACTER_SET_RESULTS */;
/*!40101 SET COLLATION_CONNECTION=@OLD_COLLATION_CONNECTION */;
/*!40111 SET SQL_NOTES=@OLD_SQL_NOTES */;

-- Dump completed on 2011-05-30 12:27:48
