-- MySQL dump 10.13  Distrib 5.1.54, for debian-linux-gnu (i686)
--
-- Host: localhost    Database: spacegame
-- ------------------------------------------------------
-- Server version	5.1.54-1ubuntu4

/*!40101 SET @OLD_CHARACTER_SET_CLIENT=@@CHARACTER_SET_CLIENT */;
/*!40101 SET @OLD_CHARACTER_SET_RESULTS=@@CHARACTER_SET_RESULTS */;
/*!40101 SET @OLD_COLLATION_CONNECTION=@@COLLATION_CONNECTION */;
/*!40101 SET NAMES utf8 */;
/*!40103 SET @OLD_TIME_ZONE=@@TIME_ZONE */;
/*!40103 SET TIME_ZONE='+00:00' */;
/*!40014 SET @OLD_UNIQUE_CHECKS=@@UNIQUE_CHECKS, UNIQUE_CHECKS=0 */;
/*!40014 SET @OLD_FOREIGN_KEY_CHECKS=@@FOREIGN_KEY_CHECKS, FOREIGN_KEY_CHECKS=0 */;
/*!40101 SET @OLD_SQL_MODE=@@SQL_MODE, SQL_MODE='NO_AUTO_VALUE_ON_ZERO' */;
/*!40111 SET @OLD_SQL_NOTES=@@SQL_NOTES, SQL_NOTES=0 */;

--
-- Table structure for table `alliances`
--

DROP TABLE IF EXISTS `alliances`;
/*!40101 SET @saved_cs_client     = @@character_set_client */;
/*!40101 SET character_set_client = utf8 */;
CREATE TABLE `alliances` (
  `id` int(11) NOT NULL AUTO_INCREMENT,
  `name` varchar(50) NOT NULL,
  `galaxy_id` int(11) NOT NULL,
  `owner_id` int(11) NOT NULL,
  `description` text NOT NULL,
  `victory_points` int(10) unsigned NOT NULL DEFAULT '0',
  PRIMARY KEY (`id`),
  UNIQUE KEY `uniq_galaxy_name` (`name`,`galaxy_id`),
  KEY `foreign_key` (`galaxy_id`),
  KEY `owner_id` (`owner_id`),
  CONSTRAINT `alliances_ibfk_1` FOREIGN KEY (`galaxy_id`) REFERENCES `galaxies` (`id`) ON DELETE CASCADE,
  CONSTRAINT `alliances_ibfk_2` FOREIGN KEY (`owner_id`) REFERENCES `players` (`id`) ON DELETE NO ACTION
) ENGINE=InnoDB DEFAULT CHARSET=utf8;
/*!40101 SET character_set_client = @saved_cs_client */;

--
-- Dumping data for table `alliances`
--

LOCK TABLES `alliances` WRITE;
/*!40000 ALTER TABLE `alliances` DISABLE KEYS */;
/*!40000 ALTER TABLE `alliances` ENABLE KEYS */;
UNLOCK TABLES;

--
-- Table structure for table `buildings`
--

DROP TABLE IF EXISTS `buildings`;
/*!40101 SET @saved_cs_client     = @@character_set_client */;
/*!40101 SET character_set_client = utf8 */;
CREATE TABLE `buildings` (
  `id` int(11) NOT NULL AUTO_INCREMENT,
  `planet_id` int(11) DEFAULT NULL,
  `x` tinyint(2) unsigned NOT NULL DEFAULT '0',
  `y` tinyint(2) unsigned NOT NULL DEFAULT '0',
  `armor_mod` int(11) NOT NULL,
  `constructor_mod` int(11) NOT NULL,
  `energy_mod` int(11) NOT NULL,
  `level` tinyint(2) unsigned NOT NULL DEFAULT '0',
  `type` varchar(255) NOT NULL,
  `upgrade_ends_at` datetime DEFAULT NULL,
  `x_end` tinyint(2) unsigned NOT NULL DEFAULT '0',
  `y_end` tinyint(2) unsigned NOT NULL DEFAULT '0',
  `state` tinyint(2) NOT NULL DEFAULT '0',
  `pause_remainder` int(10) unsigned DEFAULT NULL,
  `constructable_type` varchar(100) DEFAULT NULL,
  `constructable_id` int(11) DEFAULT NULL,
  `construction_mod` tinyint(2) unsigned NOT NULL DEFAULT '0',
  `cooldown_ends_at` datetime DEFAULT NULL,
  `hp_percentage` float unsigned NOT NULL DEFAULT '1',
  PRIMARY KEY (`id`),
  UNIQUE KEY `tiles_taken` (`planet_id`,`x`,`y`,`x_end`,`y_end`),
  KEY `index_buildings_on_construction_ends` (`upgrade_ends_at`),
  KEY `buildings_by_type` (`planet_id`,`type`),
  CONSTRAINT `buildings_ibfk_1` FOREIGN KEY (`planet_id`) REFERENCES `ss_objects` (`id`) ON DELETE CASCADE
) ENGINE=InnoDB AUTO_INCREMENT=211 DEFAULT CHARSET=utf8;
/*!40101 SET character_set_client = @saved_cs_client */;

--
-- Dumping data for table `buildings`
--

LOCK TABLES `buildings` WRITE;
/*!40000 ALTER TABLE `buildings` DISABLE KEYS */;
INSERT INTO `buildings` VALUES (1,1,2,3,0,0,0,10,'NpcTankFactory',NULL,5,6,1,NULL,NULL,NULL,0,NULL,1),(2,1,13,4,0,0,0,10,'NpcSpaceFactory',NULL,17,7,1,NULL,NULL,NULL,0,NULL,1),(3,1,10,7,0,0,0,10,'NpcHall',NULL,11,8,1,NULL,NULL,NULL,0,NULL,1),(4,1,5,9,0,0,0,10,'NpcInfantryFactory',NULL,7,11,1,NULL,NULL,NULL,0,NULL,1),(5,4,2,2,0,0,0,10,'NpcSpaceFactory',NULL,6,5,1,NULL,NULL,NULL,0,NULL,1),(6,4,6,8,0,0,0,10,'NpcHall',NULL,7,9,1,NULL,NULL,NULL,0,NULL,1),(7,4,1,10,0,0,0,10,'NpcInfantryFactory',NULL,3,12,1,NULL,NULL,NULL,0,NULL,1),(8,4,10,11,0,0,0,10,'NpcTankFactory',NULL,13,14,1,NULL,NULL,NULL,0,NULL,1),(9,5,6,5,0,0,0,10,'NpcInfantryFactory',NULL,8,7,1,NULL,NULL,NULL,0,NULL,1),(10,5,10,8,0,0,0,10,'NpcHall',NULL,11,9,1,NULL,NULL,NULL,0,NULL,1),(11,5,2,11,0,0,0,10,'NpcTankFactory',NULL,5,14,1,NULL,NULL,NULL,0,NULL,1),(12,5,14,11,0,0,0,10,'NpcSpaceFactory',NULL,18,14,1,NULL,NULL,NULL,0,NULL,1),(13,9,2,3,0,0,0,1,'NpcTankFactory',NULL,5,6,1,NULL,NULL,NULL,0,NULL,1),(14,9,13,4,0,0,0,1,'NpcSpaceFactory',NULL,17,7,1,NULL,NULL,NULL,0,NULL,1),(15,9,10,7,0,0,0,1,'NpcHall',NULL,11,8,1,NULL,NULL,NULL,0,NULL,1),(16,9,5,9,0,0,0,1,'NpcInfantryFactory',NULL,7,11,1,NULL,NULL,NULL,0,NULL,1),(17,13,2,3,0,0,0,1,'NpcTankFactory',NULL,5,6,1,NULL,NULL,NULL,0,NULL,1),(18,13,13,4,0,0,0,1,'NpcSpaceFactory',NULL,17,7,1,NULL,NULL,NULL,0,NULL,1),(19,13,10,7,0,0,0,1,'NpcHall',NULL,11,8,1,NULL,NULL,NULL,0,NULL,1),(20,13,5,9,0,0,0,1,'NpcInfantryFactory',NULL,7,11,1,NULL,NULL,NULL,0,NULL,1),(21,19,4,19,0,0,0,1,'NpcMetalExtractor',NULL,5,20,1,NULL,NULL,NULL,0,NULL,1),(22,19,9,4,0,0,0,1,'NpcMetalExtractor',NULL,10,5,1,NULL,NULL,NULL,0,NULL,1),(23,19,19,10,0,0,0,1,'NpcMetalExtractor',NULL,20,11,1,NULL,NULL,NULL,0,NULL,1),(24,19,15,3,0,0,0,1,'NpcMetalExtractor',NULL,16,4,1,NULL,NULL,NULL,0,NULL,1),(25,19,8,10,0,0,0,1,'NpcGeothermalPlant',NULL,9,11,1,NULL,NULL,NULL,0,NULL,1),(26,19,13,14,0,0,0,1,'NpcZetiumExtractor',NULL,14,15,1,NULL,NULL,NULL,0,NULL,1),(27,19,4,8,0,0,0,1,'NpcZetiumExtractor',NULL,5,9,1,NULL,NULL,NULL,0,NULL,1),(28,19,19,4,0,0,0,1,'NpcJumpgate',NULL,23,8,1,NULL,NULL,NULL,0,NULL,1),(29,19,8,18,0,0,0,1,'NpcJumpgate',NULL,12,22,1,NULL,NULL,NULL,0,NULL,1),(30,19,24,6,0,0,0,1,'NpcResearchCenter',NULL,27,9,1,NULL,NULL,NULL,0,NULL,1),(31,19,1,14,0,0,0,1,'NpcCommunicationsHub',NULL,4,15,1,NULL,NULL,NULL,0,NULL,1),(32,19,12,6,0,0,0,1,'NpcTemple',NULL,14,8,1,NULL,NULL,NULL,0,NULL,1),(33,19,15,22,0,0,0,1,'NpcCommunicationsHub',NULL,18,23,1,NULL,NULL,NULL,0,NULL,1),(34,19,24,0,0,0,0,1,'NpcSolarPlant',NULL,25,1,1,NULL,NULL,NULL,0,NULL,1),(35,19,9,0,0,0,0,1,'NpcSolarPlant',NULL,10,1,1,NULL,NULL,NULL,0,NULL,1),(36,19,1,0,0,0,0,1,'NpcSolarPlant',NULL,2,1,1,NULL,NULL,NULL,0,NULL,1),(37,25,2,7,0,0,0,1,'NpcMetalExtractor',NULL,3,8,1,NULL,NULL,NULL,0,NULL,1),(38,25,24,23,0,0,0,1,'NpcMetalExtractor',NULL,25,24,1,NULL,NULL,NULL,0,NULL,1),(39,25,18,2,0,0,0,1,'NpcGeothermalPlant',NULL,19,3,1,NULL,NULL,NULL,0,NULL,1),(40,25,13,26,0,0,0,1,'NpcZetiumExtractor',NULL,14,27,1,NULL,NULL,NULL,0,NULL,1),(41,25,31,2,0,0,0,1,'NpcZetiumExtractor',NULL,32,3,1,NULL,NULL,NULL,0,NULL,1),(42,25,22,13,0,0,0,1,'NpcZetiumExtractor',NULL,23,14,1,NULL,NULL,NULL,0,NULL,1),(43,25,8,17,0,0,0,1,'NpcZetiumExtractor',NULL,9,18,1,NULL,NULL,NULL,0,NULL,1),(44,25,16,13,0,0,0,1,'NpcJumpgate',NULL,20,17,1,NULL,NULL,NULL,0,NULL,1),(45,25,26,17,0,0,0,1,'NpcJumpgate',NULL,30,21,1,NULL,NULL,NULL,0,NULL,1),(46,25,12,11,0,0,0,1,'NpcExcavationSite',NULL,15,14,1,NULL,NULL,NULL,0,NULL,1),(47,25,0,12,0,0,0,1,'NpcExcavationSite',NULL,3,15,1,NULL,NULL,NULL,0,NULL,1),(48,25,28,27,0,0,0,1,'NpcCommunicationsHub',NULL,31,28,1,NULL,NULL,NULL,0,NULL,1),(49,25,10,27,0,0,0,1,'NpcSolarPlant',NULL,11,28,1,NULL,NULL,NULL,0,NULL,1),(50,25,7,13,0,0,0,1,'NpcSolarPlant',NULL,8,14,1,NULL,NULL,NULL,0,NULL,1),(51,25,5,7,0,0,0,1,'NpcSolarPlant',NULL,6,8,1,NULL,NULL,NULL,0,NULL,1),(52,25,7,5,0,0,0,1,'NpcSolarPlant',NULL,8,6,1,NULL,NULL,NULL,0,NULL,1),(53,28,27,22,0,0,0,1,'NpcMetalExtractor',NULL,28,23,1,NULL,NULL,NULL,0,NULL,1),(54,28,7,27,0,0,0,1,'NpcMetalExtractor',NULL,8,28,1,NULL,NULL,NULL,0,NULL,1),(55,28,16,6,0,0,0,1,'NpcGeothermalPlant',NULL,17,7,1,NULL,NULL,NULL,0,NULL,1),(56,28,10,3,0,0,0,1,'NpcGeothermalPlant',NULL,11,4,1,NULL,NULL,NULL,0,NULL,1),(57,28,24,26,0,0,0,1,'NpcZetiumExtractor',NULL,25,27,1,NULL,NULL,NULL,0,NULL,1),(58,28,16,27,0,0,0,1,'NpcZetiumExtractor',NULL,17,28,1,NULL,NULL,NULL,0,NULL,1),(59,28,15,22,0,0,0,1,'NpcZetiumExtractor',NULL,16,23,1,NULL,NULL,NULL,0,NULL,1),(60,28,0,19,0,0,0,1,'NpcJumpgate',NULL,4,23,1,NULL,NULL,NULL,0,NULL,1),(61,28,21,14,0,0,0,1,'NpcJumpgate',NULL,25,18,1,NULL,NULL,NULL,0,NULL,1),(62,28,16,0,0,0,0,1,'NpcJumpgate',NULL,20,4,1,NULL,NULL,NULL,0,NULL,1),(63,28,26,14,0,0,0,1,'NpcResearchCenter',NULL,29,17,1,NULL,NULL,NULL,0,NULL,1),(64,28,10,24,0,0,0,1,'NpcCommunicationsHub',NULL,13,25,1,NULL,NULL,NULL,0,NULL,1),(65,28,27,10,0,0,0,1,'NpcTemple',NULL,29,12,1,NULL,NULL,NULL,0,NULL,1),(66,28,21,0,0,0,0,1,'NpcCommunicationsHub',NULL,24,1,1,NULL,NULL,NULL,0,NULL,1),(67,28,0,26,0,0,0,1,'NpcSolarPlant',NULL,1,27,1,NULL,NULL,NULL,0,NULL,1),(68,28,19,24,0,0,0,1,'NpcSolarPlant',NULL,20,25,1,NULL,NULL,NULL,0,NULL,1),(69,28,21,11,0,0,0,1,'NpcSolarPlant',NULL,22,12,1,NULL,NULL,NULL,0,NULL,1),(70,28,13,0,0,0,0,1,'NpcSolarPlant',NULL,14,1,1,NULL,NULL,NULL,0,NULL,1),(71,36,6,1,0,0,0,1,'NpcMetalExtractor',NULL,7,2,1,NULL,NULL,NULL,0,NULL,1),(72,36,16,12,0,0,0,1,'NpcMetalExtractor',NULL,17,13,1,NULL,NULL,NULL,0,NULL,1),(73,36,29,14,0,0,0,1,'NpcMetalExtractor',NULL,30,15,1,NULL,NULL,NULL,0,NULL,1),(74,36,11,12,0,0,0,1,'NpcMetalExtractor',NULL,12,13,1,NULL,NULL,NULL,0,NULL,1),(75,36,30,21,0,0,0,1,'NpcMetalExtractor',NULL,31,22,1,NULL,NULL,NULL,0,NULL,1),(76,36,20,6,0,0,0,1,'NpcGeothermalPlant',NULL,21,7,1,NULL,NULL,NULL,0,NULL,1),(77,36,29,10,0,0,0,1,'NpcGeothermalPlant',NULL,30,11,1,NULL,NULL,NULL,0,NULL,1),(78,36,24,12,0,0,0,1,'NpcZetiumExtractor',NULL,25,13,1,NULL,NULL,NULL,0,NULL,1),(79,36,9,21,0,0,0,1,'NpcZetiumExtractor',NULL,10,22,1,NULL,NULL,NULL,0,NULL,1),(80,36,26,0,0,0,0,1,'NpcJumpgate',NULL,30,4,1,NULL,NULL,NULL,0,NULL,1),(81,36,23,5,0,0,0,1,'NpcJumpgate',NULL,27,9,1,NULL,NULL,NULL,0,NULL,1),(82,36,18,22,0,0,0,1,'NpcJumpgate',NULL,22,26,1,NULL,NULL,NULL,0,NULL,1),(83,36,19,17,0,0,0,1,'NpcResearchCenter',NULL,22,20,1,NULL,NULL,NULL,0,NULL,1),(84,36,23,23,0,0,0,1,'NpcExcavationSite',NULL,26,26,1,NULL,NULL,NULL,0,NULL,1),(85,36,11,8,0,0,0,1,'NpcCommunicationsHub',NULL,14,9,1,NULL,NULL,NULL,0,NULL,1),(86,36,10,1,0,0,0,1,'NpcCommunicationsHub',NULL,13,2,1,NULL,NULL,NULL,0,NULL,1),(87,36,9,24,0,0,0,1,'NpcSolarPlant',NULL,10,25,1,NULL,NULL,NULL,0,NULL,1),(88,36,9,4,0,0,0,1,'NpcSolarPlant',NULL,10,5,1,NULL,NULL,NULL,0,NULL,1),(89,36,8,26,0,0,0,1,'NpcSolarPlant',NULL,9,27,1,NULL,NULL,NULL,0,NULL,1),(90,37,25,26,0,0,0,1,'NpcMetalExtractor',NULL,26,27,1,NULL,NULL,NULL,0,NULL,1),(91,37,21,19,0,0,0,1,'NpcMetalExtractor',NULL,22,20,1,NULL,NULL,NULL,0,NULL,1),(92,37,17,15,0,0,0,1,'NpcMetalExtractor',NULL,18,16,1,NULL,NULL,NULL,0,NULL,1),(93,37,15,20,0,0,0,1,'NpcMetalExtractor',NULL,16,21,1,NULL,NULL,NULL,0,NULL,1),(94,37,9,19,0,0,0,1,'NpcMetalExtractor',NULL,10,20,1,NULL,NULL,NULL,0,NULL,1),(95,37,5,29,0,0,0,1,'NpcGeothermalPlant',NULL,6,30,1,NULL,NULL,NULL,0,NULL,1),(96,37,27,20,0,0,0,1,'NpcGeothermalPlant',NULL,28,21,1,NULL,NULL,NULL,0,NULL,1),(97,37,10,28,0,0,0,1,'NpcZetiumExtractor',NULL,11,29,1,NULL,NULL,NULL,0,NULL,1),(98,37,21,2,0,0,0,1,'NpcZetiumExtractor',NULL,22,3,1,NULL,NULL,NULL,0,NULL,1),(99,37,24,0,0,0,0,1,'NpcJumpgate',NULL,28,4,1,NULL,NULL,NULL,0,NULL,1),(100,37,0,22,0,0,0,1,'NpcJumpgate',NULL,4,26,1,NULL,NULL,NULL,0,NULL,1),(101,37,24,5,0,0,0,1,'NpcJumpgate',NULL,28,9,1,NULL,NULL,NULL,0,NULL,1),(102,37,2,4,0,0,0,1,'NpcExcavationSite',NULL,5,7,1,NULL,NULL,NULL,0,NULL,1),(103,37,26,13,0,0,0,1,'NpcCommunicationsHub',NULL,29,14,1,NULL,NULL,NULL,0,NULL,1),(104,37,2,13,0,0,0,1,'NpcResearchCenter',NULL,5,16,1,NULL,NULL,NULL,0,NULL,1),(105,37,20,10,0,0,0,1,'NpcExcavationSite',NULL,23,13,1,NULL,NULL,NULL,0,NULL,1),(106,37,0,29,0,0,0,1,'NpcTemple',NULL,2,31,1,NULL,NULL,NULL,0,NULL,1),(107,37,14,30,0,0,0,1,'NpcCommunicationsHub',NULL,17,31,1,NULL,NULL,NULL,0,NULL,1),(108,37,13,24,0,0,0,1,'NpcSolarPlant',NULL,14,25,1,NULL,NULL,NULL,0,NULL,1),(109,37,15,2,0,0,0,1,'NpcSolarPlant',NULL,16,3,1,NULL,NULL,NULL,0,NULL,1),(110,37,14,26,0,0,0,1,'NpcSolarPlant',NULL,15,27,1,NULL,NULL,NULL,0,NULL,1),(111,46,17,6,0,0,0,1,'NpcMetalExtractor',NULL,18,7,1,NULL,NULL,NULL,0,NULL,1),(112,46,27,1,0,0,0,1,'NpcZetiumExtractor',NULL,28,2,1,NULL,NULL,NULL,0,NULL,1),(113,46,7,1,0,0,0,1,'NpcZetiumExtractor',NULL,8,2,1,NULL,NULL,NULL,0,NULL,1),(114,46,7,12,0,0,0,1,'NpcJumpgate',NULL,11,16,1,NULL,NULL,NULL,0,NULL,1),(115,46,0,15,0,0,0,1,'NpcJumpgate',NULL,4,19,1,NULL,NULL,NULL,0,NULL,1),(116,46,0,24,0,0,0,1,'NpcResearchCenter',NULL,3,27,1,NULL,NULL,NULL,0,NULL,1),(117,46,0,20,0,0,0,1,'NpcCommunicationsHub',NULL,3,21,1,NULL,NULL,NULL,0,NULL,1),(118,46,5,20,0,0,0,1,'NpcExcavationSite',NULL,8,23,1,NULL,NULL,NULL,0,NULL,1),(119,46,2,9,0,0,0,1,'NpcTemple',NULL,4,11,1,NULL,NULL,NULL,0,NULL,1),(120,46,8,24,0,0,0,1,'NpcCommunicationsHub',NULL,11,25,1,NULL,NULL,NULL,0,NULL,1),(121,46,4,24,0,0,0,1,'NpcSolarPlant',NULL,5,25,1,NULL,NULL,NULL,0,NULL,1),(122,46,21,5,0,0,0,1,'NpcSolarPlant',NULL,22,6,1,NULL,NULL,NULL,0,NULL,1),(123,46,0,1,0,0,0,1,'NpcSolarPlant',NULL,1,2,1,NULL,NULL,NULL,0,NULL,1),(124,46,0,8,0,0,0,1,'NpcSolarPlant',NULL,1,9,1,NULL,NULL,NULL,0,NULL,1),(125,58,25,20,0,0,0,1,'NpcMetalExtractor',NULL,26,21,1,NULL,NULL,NULL,0,NULL,1),(126,58,1,9,0,0,0,1,'NpcGeothermalPlant',NULL,2,10,1,NULL,NULL,NULL,0,NULL,1),(127,58,11,14,0,0,0,1,'NpcZetiumExtractor',NULL,12,15,1,NULL,NULL,NULL,0,NULL,1),(128,58,4,14,0,0,0,1,'NpcZetiumExtractor',NULL,5,15,1,NULL,NULL,NULL,0,NULL,1),(129,58,5,17,0,0,0,1,'NpcJumpgate',NULL,9,21,1,NULL,NULL,NULL,0,NULL,1),(130,58,18,12,0,0,0,1,'NpcJumpgate',NULL,22,16,1,NULL,NULL,NULL,0,NULL,1),(131,58,0,20,0,0,0,1,'NpcResearchCenter',NULL,3,23,1,NULL,NULL,NULL,0,NULL,1),(132,58,6,2,0,0,0,1,'NpcExcavationSite',NULL,9,5,1,NULL,NULL,NULL,0,NULL,1),(133,58,11,0,0,0,0,1,'NpcCommunicationsHub',NULL,14,1,1,NULL,NULL,NULL,0,NULL,1),(134,58,17,5,0,0,0,1,'NpcTemple',NULL,19,7,1,NULL,NULL,NULL,0,NULL,1),(135,58,11,8,0,0,0,1,'NpcCommunicationsHub',NULL,14,9,1,NULL,NULL,NULL,0,NULL,1),(136,58,0,25,0,0,0,1,'NpcSolarPlant',NULL,1,26,1,NULL,NULL,NULL,0,NULL,1),(137,58,2,4,0,0,0,1,'NpcSolarPlant',NULL,3,5,1,NULL,NULL,NULL,0,NULL,1),(138,58,8,7,0,0,0,1,'NpcSolarPlant',NULL,9,8,1,NULL,NULL,NULL,0,NULL,1),(139,69,8,24,0,0,0,1,'NpcMetalExtractor',NULL,9,25,1,NULL,NULL,NULL,0,NULL,1),(140,69,24,11,0,0,0,1,'NpcMetalExtractor',NULL,25,12,1,NULL,NULL,NULL,0,NULL,1),(141,69,19,1,0,0,0,1,'NpcMetalExtractor',NULL,20,2,1,NULL,NULL,NULL,0,NULL,1),(142,69,17,15,0,0,0,1,'NpcMetalExtractor',NULL,18,16,1,NULL,NULL,NULL,0,NULL,1),(143,69,11,1,0,0,0,1,'NpcMetalExtractor',NULL,12,2,1,NULL,NULL,NULL,0,NULL,1),(144,69,15,7,0,0,0,1,'NpcMetalExtractor',NULL,16,8,1,NULL,NULL,NULL,0,NULL,1),(145,69,13,18,0,0,0,1,'NpcGeothermalPlant',NULL,14,19,1,NULL,NULL,NULL,0,NULL,1),(146,69,8,14,0,0,0,1,'NpcGeothermalPlant',NULL,9,15,1,NULL,NULL,NULL,0,NULL,1),(147,69,24,22,0,0,0,1,'NpcZetiumExtractor',NULL,25,23,1,NULL,NULL,NULL,0,NULL,1),(148,69,8,18,0,0,0,1,'NpcZetiumExtractor',NULL,9,19,1,NULL,NULL,NULL,0,NULL,1),(149,69,3,10,0,0,0,1,'NpcExcavationSite',NULL,6,13,1,NULL,NULL,NULL,0,NULL,1),(150,69,12,21,0,0,0,1,'NpcCommunicationsHub',NULL,15,22,1,NULL,NULL,NULL,0,NULL,1),(151,69,1,19,0,0,0,1,'NpcCommunicationsHub',NULL,4,20,1,NULL,NULL,NULL,0,NULL,1),(152,69,11,8,0,0,0,1,'NpcSolarPlant',NULL,12,9,1,NULL,NULL,NULL,0,NULL,1),(153,69,26,8,0,0,0,1,'NpcSolarPlant',NULL,27,9,1,NULL,NULL,NULL,0,NULL,1),(154,69,27,5,0,0,0,1,'NpcSolarPlant',NULL,28,6,1,NULL,NULL,NULL,0,NULL,1),(155,73,0,0,0,0,0,1,'NpcMetalExtractor',NULL,1,1,1,NULL,NULL,NULL,0,NULL,1),(156,73,7,0,0,0,0,1,'NpcCommunicationsHub',NULL,10,1,1,NULL,NULL,NULL,0,NULL,1),(157,73,15,0,0,0,0,1,'NpcSolarPlant',NULL,16,1,1,NULL,NULL,NULL,0,NULL,1),(158,73,18,0,0,0,0,1,'NpcSolarPlant',NULL,19,1,1,NULL,NULL,NULL,0,NULL,1),(159,73,3,1,0,0,0,1,'NpcMetalExtractor',NULL,4,2,1,NULL,NULL,NULL,0,NULL,1),(160,73,12,1,0,0,0,1,'NpcSolarPlant',NULL,13,2,1,NULL,NULL,NULL,0,NULL,1),(161,73,22,1,0,0,0,1,'NpcSolarPlant',NULL,23,2,1,NULL,NULL,NULL,0,NULL,1),(162,73,26,1,0,0,0,1,'NpcCommunicationsHub',NULL,29,2,1,NULL,NULL,NULL,0,NULL,1),(163,73,6,3,0,0,0,1,'NpcCommunicationsHub',NULL,9,4,1,NULL,NULL,NULL,0,NULL,1),(164,73,15,3,0,0,0,1,'NpcSolarPlant',NULL,16,4,1,NULL,NULL,NULL,0,NULL,1),(165,73,18,3,0,0,0,1,'NpcSolarPlant',NULL,19,4,1,NULL,NULL,NULL,0,NULL,1),(166,73,24,4,0,0,0,1,'NpcMetalExtractor',NULL,25,5,1,NULL,NULL,NULL,0,NULL,1),(167,73,28,4,0,0,0,1,'NpcMetalExtractor',NULL,29,5,1,NULL,NULL,NULL,0,NULL,1),(168,73,13,5,0,0,0,1,'NpcSolarPlant',NULL,14,6,1,NULL,NULL,NULL,0,NULL,1),(169,73,21,5,0,0,0,1,'NpcSolarPlant',NULL,22,6,1,NULL,NULL,NULL,0,NULL,1),(170,73,9,8,0,0,0,1,'Vulcan',NULL,10,9,1,NULL,NULL,NULL,0,NULL,1),(171,73,11,8,0,0,0,1,'Screamer',NULL,12,9,1,NULL,NULL,NULL,0,NULL,1),(172,73,13,8,0,0,0,1,'Thunder',NULL,14,9,1,NULL,NULL,NULL,0,NULL,1),(173,73,15,8,0,0,0,1,'Vulcan',NULL,16,9,1,NULL,NULL,NULL,0,NULL,1),(174,73,17,8,0,0,0,1,'Screamer',NULL,18,9,1,NULL,NULL,NULL,0,NULL,1),(175,73,19,8,0,0,0,1,'Thunder',NULL,20,9,1,NULL,NULL,NULL,0,NULL,1),(176,73,25,8,0,0,0,1,'NpcCommunicationsHub',NULL,28,9,1,NULL,NULL,NULL,0,NULL,1),(177,73,22,9,0,0,0,1,'NpcSolarPlant',NULL,23,10,1,NULL,NULL,NULL,0,NULL,1),(178,73,9,10,0,0,0,1,'Thunder',NULL,10,11,1,NULL,NULL,NULL,0,NULL,1),(179,73,11,10,0,0,0,1,'Mothership',NULL,18,15,1,NULL,NULL,NULL,0,NULL,1),(180,73,19,10,0,0,0,1,'Vulcan',NULL,20,11,1,NULL,NULL,NULL,0,NULL,1),(181,73,9,12,0,0,0,1,'Screamer',NULL,10,13,1,NULL,NULL,NULL,0,NULL,1),(182,73,19,12,0,0,0,1,'Screamer',NULL,20,13,1,NULL,NULL,NULL,0,NULL,1),(183,73,26,12,0,0,0,1,'NpcZetiumExtractor',NULL,27,13,1,NULL,NULL,NULL,0,NULL,1),(184,73,22,13,0,0,0,1,'NpcSolarPlant',NULL,23,14,1,NULL,NULL,NULL,0,NULL,1),(185,73,9,14,0,0,0,1,'Vulcan',NULL,10,15,1,NULL,NULL,NULL,0,NULL,1),(186,73,19,14,0,0,0,1,'Thunder',NULL,20,15,1,NULL,NULL,NULL,0,NULL,1),(187,73,9,16,0,0,0,1,'Thunder',NULL,10,17,1,NULL,NULL,NULL,0,NULL,1),(188,73,11,16,0,0,0,1,'Vulcan',NULL,12,17,1,NULL,NULL,NULL,0,NULL,1),(189,73,13,16,0,0,0,1,'Thunder',NULL,14,17,1,NULL,NULL,NULL,0,NULL,1),(190,73,15,16,0,0,0,1,'Screamer',NULL,16,17,1,NULL,NULL,NULL,0,NULL,1),(191,73,17,16,0,0,0,1,'Thunder',NULL,18,17,1,NULL,NULL,NULL,0,NULL,1),(192,73,19,16,0,0,0,1,'Vulcan',NULL,20,17,1,NULL,NULL,NULL,0,NULL,1),(193,73,27,16,0,0,0,1,'NpcSolarPlant',NULL,28,17,1,NULL,NULL,NULL,0,NULL,1),(194,73,22,17,0,0,0,1,'NpcCommunicationsHub',NULL,25,18,1,NULL,NULL,NULL,0,NULL,1),(195,73,27,19,0,0,0,1,'NpcSolarPlant',NULL,28,20,1,NULL,NULL,NULL,0,NULL,1),(196,73,23,20,0,0,0,1,'NpcSolarPlant',NULL,24,21,1,NULL,NULL,NULL,0,NULL,1),(197,73,21,22,0,0,0,1,'NpcCommunicationsHub',NULL,24,23,1,NULL,NULL,NULL,0,NULL,1),(198,73,28,23,0,0,0,1,'NpcSolarPlant',NULL,29,24,1,NULL,NULL,NULL,0,NULL,1),(199,73,14,25,0,0,0,1,'NpcSolarPlant',NULL,15,26,1,NULL,NULL,NULL,0,NULL,1),(200,73,25,26,0,0,0,1,'NpcSolarPlant',NULL,26,27,1,NULL,NULL,NULL,0,NULL,1),(201,73,20,27,0,0,0,1,'NpcSolarPlant',NULL,21,28,1,NULL,NULL,NULL,0,NULL,1),(202,73,0,28,0,0,0,1,'NpcSolarPlant',NULL,1,29,1,NULL,NULL,NULL,0,NULL,1),(203,73,3,28,0,0,0,1,'NpcSolarPlant',NULL,4,29,1,NULL,NULL,NULL,0,NULL,1),(204,73,13,28,0,0,0,1,'NpcSolarPlant',NULL,14,29,1,NULL,NULL,NULL,0,NULL,1),(205,73,17,28,0,0,0,1,'NpcZetiumExtractor',NULL,18,29,1,NULL,NULL,NULL,0,NULL,1),(206,73,28,28,0,0,0,1,'NpcSolarPlant',NULL,29,29,1,NULL,NULL,NULL,0,NULL,1),(207,74,6,5,0,0,0,1,'NpcInfantryFactory',NULL,8,7,1,NULL,NULL,NULL,0,NULL,1),(208,74,10,8,0,0,0,1,'NpcHall',NULL,11,9,1,NULL,NULL,NULL,0,NULL,1),(209,74,2,11,0,0,0,1,'NpcTankFactory',NULL,5,14,1,NULL,NULL,NULL,0,NULL,1),(210,74,14,11,0,0,0,1,'NpcSpaceFactory',NULL,18,14,1,NULL,NULL,NULL,0,NULL,1);
/*!40000 ALTER TABLE `buildings` ENABLE KEYS */;
UNLOCK TABLES;

--
-- Table structure for table `callbacks`
--

DROP TABLE IF EXISTS `callbacks`;
/*!40101 SET @saved_cs_client     = @@character_set_client */;
/*!40101 SET character_set_client = utf8 */;
CREATE TABLE `callbacks` (
  `class` varchar(50) NOT NULL,
  `object_id` int(10) unsigned NOT NULL,
  `ends_at` datetime NOT NULL,
  `event` tinyint(2) unsigned NOT NULL DEFAULT '0',
  `ruleset` varchar(30) NOT NULL,
  UNIQUE KEY `main` (`class`,`object_id`,`event`),
  KEY `tick` (`ends_at`)
) ENGINE=InnoDB DEFAULT CHARSET=utf8;
/*!40101 SET character_set_client = @saved_cs_client */;

--
-- Dumping data for table `callbacks`
--

LOCK TABLES `callbacks` WRITE;
/*!40000 ALTER TABLE `callbacks` DISABLE KEYS */;
INSERT INTO `callbacks` VALUES ('Galaxy',1,'2011-07-15 16:42:49',9,'dev'),('SolarSystem',10,'2012-07-14 22:32:50',8,'dev'),('SsObject::Asteroid',15,'2011-07-15 16:33:20',9,'dev'),('SsObject::Asteroid',16,'2011-07-15 16:33:20',9,'dev'),('SsObject::Asteroid',17,'2011-07-15 16:33:20',9,'dev'),('SsObject::Asteroid',21,'2011-07-15 16:33:20',9,'dev'),('SsObject::Asteroid',22,'2011-07-15 16:33:20',9,'dev'),('SsObject::Asteroid',24,'2011-07-15 16:33:20',9,'dev'),('SsObject::Asteroid',26,'2011-07-15 16:33:20',9,'dev'),('SsObject::Asteroid',27,'2011-07-15 16:33:20',9,'dev'),('SsObject::Asteroid',29,'2011-07-15 16:33:20',9,'dev'),('SsObject::Asteroid',30,'2011-07-15 16:33:20',9,'dev'),('SsObject::Asteroid',33,'2011-07-15 16:33:20',9,'dev'),('SsObject::Asteroid',34,'2011-07-15 16:33:20',9,'dev'),('SsObject::Asteroid',38,'2011-07-15 16:33:20',9,'dev'),('SsObject::Asteroid',39,'2011-07-15 16:33:20',9,'dev'),('SsObject::Asteroid',40,'2011-07-15 16:33:20',9,'dev'),('SsObject::Asteroid',41,'2011-07-15 16:33:20',9,'dev'),('SsObject::Asteroid',42,'2011-07-15 16:33:20',9,'dev'),('SsObject::Asteroid',43,'2011-07-15 16:33:20',9,'dev'),('SsObject::Asteroid',44,'2011-07-15 16:33:20',9,'dev'),('SsObject::Asteroid',47,'2011-07-15 16:33:20',9,'dev'),('SsObject::Asteroid',48,'2011-07-15 16:33:20',9,'dev'),('SsObject::Asteroid',49,'2011-07-15 16:33:20',9,'dev'),('SsObject::Asteroid',50,'2011-07-15 16:33:20',9,'dev'),('SsObject::Asteroid',51,'2011-07-15 16:33:20',9,'dev'),('SsObject::Asteroid',52,'2011-07-15 16:33:20',9,'dev'),('SsObject::Asteroid',53,'2011-07-15 16:33:20',9,'dev'),('SsObject::Asteroid',54,'2011-07-15 16:33:20',9,'dev'),('SsObject::Asteroid',55,'2011-07-15 16:33:20',9,'dev'),('SsObject::Asteroid',56,'2011-07-15 16:33:20',9,'dev'),('SsObject::Asteroid',59,'2011-07-15 16:33:20',9,'dev'),('SsObject::Asteroid',60,'2011-07-15 16:33:20',9,'dev'),('SsObject::Asteroid',61,'2011-07-15 16:33:20',9,'dev'),('SsObject::Asteroid',62,'2011-07-15 16:33:20',9,'dev'),('SsObject::Asteroid',63,'2011-07-15 16:33:20',9,'dev'),('SsObject::Asteroid',64,'2011-07-15 16:33:20',9,'dev'),('SsObject::Asteroid',65,'2011-07-15 16:33:20',9,'dev'),('SsObject::Asteroid',66,'2011-07-15 16:33:20',9,'dev'),('SsObject::Asteroid',68,'2011-07-15 16:33:20',9,'dev'),('SsObject::Asteroid',70,'2011-07-15 16:33:20',9,'dev'),('SsObject::Asteroid',71,'2011-07-15 16:33:20',9,'dev'),('SsObject::Asteroid',72,'2011-07-15 16:33:20',9,'dev');
/*!40000 ALTER TABLE `callbacks` ENABLE KEYS */;
UNLOCK TABLES;

--
-- Table structure for table `chat_messages`
--

DROP TABLE IF EXISTS `chat_messages`;
/*!40101 SET @saved_cs_client     = @@character_set_client */;
/*!40101 SET character_set_client = utf8 */;
CREATE TABLE `chat_messages` (
  `source_id` int(11) NOT NULL,
  `target_id` int(11) NOT NULL,
  `message` varchar(255) NOT NULL,
  `created_at` datetime NOT NULL,
  KEY `index_chat_messages_on_source_id` (`source_id`),
  KEY `index_chat_messages_on_target_id` (`target_id`),
  CONSTRAINT `chat_messages_ibfk_2` FOREIGN KEY (`target_id`) REFERENCES `players` (`id`) ON DELETE CASCADE,
  CONSTRAINT `chat_messages_ibfk_1` FOREIGN KEY (`source_id`) REFERENCES `players` (`id`) ON DELETE CASCADE
) ENGINE=InnoDB DEFAULT CHARSET=utf8;
/*!40101 SET character_set_client = @saved_cs_client */;

--
-- Dumping data for table `chat_messages`
--

LOCK TABLES `chat_messages` WRITE;
/*!40000 ALTER TABLE `chat_messages` DISABLE KEYS */;
/*!40000 ALTER TABLE `chat_messages` ENABLE KEYS */;
UNLOCK TABLES;

--
-- Table structure for table `combat_logs`
--

DROP TABLE IF EXISTS `combat_logs`;
/*!40101 SET @saved_cs_client     = @@character_set_client */;
/*!40101 SET character_set_client = utf8 */;
CREATE TABLE `combat_logs` (
  `sha1_id` char(40) NOT NULL,
  `info` mediumtext NOT NULL,
  `expires_at` datetime NOT NULL,
  PRIMARY KEY (`sha1_id`),
  KEY `index_combat_logs_on_expires_at` (`expires_at`)
) ENGINE=InnoDB DEFAULT CHARSET=utf8;
/*!40101 SET character_set_client = @saved_cs_client */;

--
-- Dumping data for table `combat_logs`
--

LOCK TABLES `combat_logs` WRITE;
/*!40000 ALTER TABLE `combat_logs` DISABLE KEYS */;
/*!40000 ALTER TABLE `combat_logs` ENABLE KEYS */;
UNLOCK TABLES;

--
-- Table structure for table `construction_queue_entries`
--

DROP TABLE IF EXISTS `construction_queue_entries`;
/*!40101 SET @saved_cs_client     = @@character_set_client */;
/*!40101 SET character_set_client = utf8 */;
CREATE TABLE `construction_queue_entries` (
  `id` int(11) NOT NULL AUTO_INCREMENT,
  `constructable_type` varchar(100) NOT NULL,
  `constructor_id` int(11) NOT NULL,
  `count` int(11) NOT NULL,
  `position` smallint(2) unsigned NOT NULL DEFAULT '0',
  `params` text,
  `player_id` int(11) DEFAULT NULL,
  PRIMARY KEY (`id`),
  KEY `index_upgrade_queue_entries_on_position` (`position`),
  KEY `foreign_key` (`constructor_id`),
  KEY `player_id` (`player_id`),
  CONSTRAINT `construction_queue_entries_ibfk_2` FOREIGN KEY (`player_id`) REFERENCES `players` (`id`) ON DELETE CASCADE,
  CONSTRAINT `construction_queue_entries_ibfk_1` FOREIGN KEY (`constructor_id`) REFERENCES `buildings` (`id`) ON DELETE CASCADE
) ENGINE=InnoDB DEFAULT CHARSET=utf8;
/*!40101 SET character_set_client = @saved_cs_client */;

--
-- Dumping data for table `construction_queue_entries`
--

LOCK TABLES `construction_queue_entries` WRITE;
/*!40000 ALTER TABLE `construction_queue_entries` DISABLE KEYS */;
/*!40000 ALTER TABLE `construction_queue_entries` ENABLE KEYS */;
UNLOCK TABLES;

--
-- Table structure for table `cooldowns`
--

DROP TABLE IF EXISTS `cooldowns`;
/*!40101 SET @saved_cs_client     = @@character_set_client */;
/*!40101 SET character_set_client = utf8 */;
CREATE TABLE `cooldowns` (
  `id` int(11) NOT NULL AUTO_INCREMENT,
  `location_id` int(10) unsigned NOT NULL,
  `location_type` tinyint(2) unsigned NOT NULL,
  `location_x` int(11) DEFAULT NULL,
  `location_y` int(11) DEFAULT NULL,
  `ends_at` datetime NOT NULL,
  PRIMARY KEY (`id`),
  UNIQUE KEY `location` (`location_id`,`location_type`,`location_x`,`location_y`)
) ENGINE=InnoDB DEFAULT CHARSET=utf8;
/*!40101 SET character_set_client = @saved_cs_client */;

--
-- Dumping data for table `cooldowns`
--

LOCK TABLES `cooldowns` WRITE;
/*!40000 ALTER TABLE `cooldowns` DISABLE KEYS */;
/*!40000 ALTER TABLE `cooldowns` ENABLE KEYS */;
UNLOCK TABLES;

--
-- Table structure for table `cred_stats`
--

DROP TABLE IF EXISTS `cred_stats`;
/*!40101 SET @saved_cs_client     = @@character_set_client */;
/*!40101 SET character_set_client = utf8 */;
CREATE TABLE `cred_stats` (
  `id` int(11) NOT NULL AUTO_INCREMENT,
  `action` tinyint(2) unsigned NOT NULL,
  `player_id` int(11) DEFAULT NULL,
  `creds_left` int(10) unsigned NOT NULL,
  `class_name` varchar(50) DEFAULT NULL,
  `level` tinyint(2) unsigned DEFAULT NULL,
  `cost` int(10) unsigned NOT NULL,
  `time` int(10) unsigned DEFAULT NULL,
  `actual_time` int(10) unsigned DEFAULT NULL,
  `created_at` datetime NOT NULL,
  `resource` varchar(6) DEFAULT NULL,
  `attribute` varchar(7) DEFAULT NULL,
  `vip_level` tinyint(2) unsigned NOT NULL DEFAULT '0',
  `vip_creds` int(10) unsigned NOT NULL DEFAULT '0',
  PRIMARY KEY (`id`),
  KEY `by_action` (`action`),
  KEY `by_player` (`player_id`),
  CONSTRAINT `cred_stats_ibfk_1` FOREIGN KEY (`player_id`) REFERENCES `players` (`id`) ON DELETE SET NULL
) ENGINE=InnoDB DEFAULT CHARSET=utf8;
/*!40101 SET character_set_client = @saved_cs_client */;

--
-- Dumping data for table `cred_stats`
--

LOCK TABLES `cred_stats` WRITE;
/*!40000 ALTER TABLE `cred_stats` DISABLE KEYS */;
/*!40000 ALTER TABLE `cred_stats` ENABLE KEYS */;
UNLOCK TABLES;

--
-- Table structure for table `folliages`
--

DROP TABLE IF EXISTS `folliages`;
/*!40101 SET @saved_cs_client     = @@character_set_client */;
/*!40101 SET character_set_client = utf8 */;
CREATE TABLE `folliages` (
  `planet_id` int(11) NOT NULL,
  `x` tinyint(2) unsigned NOT NULL DEFAULT '0',
  `y` tinyint(2) unsigned NOT NULL DEFAULT '0',
  `kind` tinyint(2) unsigned NOT NULL DEFAULT '0',
  UNIQUE KEY `coords` (`planet_id`,`x`,`y`),
  CONSTRAINT `folliages_ibfk_1` FOREIGN KEY (`planet_id`) REFERENCES `ss_objects` (`id`) ON DELETE CASCADE
) ENGINE=InnoDB DEFAULT CHARSET=utf8;
/*!40101 SET character_set_client = @saved_cs_client */;

--
-- Dumping data for table `folliages`
--

LOCK TABLES `folliages` WRITE;
/*!40000 ALTER TABLE `folliages` DISABLE KEYS */;
INSERT INTO `folliages` VALUES (1,0,0,1),(1,0,4,6),(1,1,4,3),(1,1,6,5),(1,2,2,2),(1,3,2,5),(1,5,12,13),(1,6,3,5),(1,6,8,7),(1,6,12,1),(1,7,0,6),(1,8,0,3),(1,8,10,8),(1,9,2,0),(1,9,10,3),(1,10,0,0),(1,10,1,9),(1,10,4,2),(1,10,6,13),(1,11,5,6),(1,11,9,9),(1,13,11,13),(1,14,0,2),(1,14,3,7),(1,15,8,4),(1,17,0,3),(1,18,7,12),(1,18,8,11),(1,18,9,9),(1,20,8,3),(1,20,10,3),(1,20,12,5),(1,21,3,11),(1,21,9,7),(1,22,1,10),(1,22,4,7),(1,22,8,3),(1,22,9,8),(4,0,1,8),(4,0,2,12),(4,0,5,6),(4,0,8,4),(4,0,10,10),(4,1,3,6),(4,3,8,0),(4,3,13,13),(4,4,12,5),(4,5,9,12),(4,5,10,9),(4,7,0,10),(4,7,4,13),(4,7,7,7),(4,7,14,7),(4,8,1,5),(4,8,2,11),(4,8,5,0),(4,8,8,1),(4,8,10,11),(4,9,0,8),(4,9,12,5),(4,10,7,8),(4,11,7,3),(4,14,0,9),(5,1,14,2),(5,4,7,6),(5,4,16,8),(5,5,3,10),(5,5,9,10),(5,5,10,4),(5,5,15,6),(5,5,16,8),(5,6,3,13),(5,6,9,5),(5,6,13,7),(5,7,9,10),(5,7,16,5),(5,8,15,6),(5,9,4,10),(5,9,5,4),(5,9,10,6),(5,11,0,10),(5,11,3,4),(5,11,6,1),(5,11,7,11),(5,11,10,3),(5,12,2,12),(5,12,8,12),(5,13,6,7),(5,13,9,0),(5,13,10,5),(5,13,11,1),(5,13,12,8),(5,13,14,10),(5,14,6,11),(5,15,15,10),(5,16,16,2),(5,17,9,5),(5,17,15,3),(5,18,16,5),(5,19,9,9),(5,19,15,11),(5,20,1,7),(5,20,2,10),(5,20,4,7),(5,20,9,13),(9,0,0,7),(9,0,2,12),(9,0,5,3),(9,1,5,9),(9,1,7,2),(9,2,2,5),(9,3,10,13),(9,4,2,10),(9,4,12,1),(9,6,4,11),(9,6,5,8),(9,7,0,7),(9,7,2,6),(9,8,8,8),(9,8,9,2),(9,9,7,2),(9,10,4,1),(9,10,6,4),(9,11,4,11),(9,11,9,8),(9,12,3,11),(9,12,7,6),(9,13,11,7),(9,14,9,7),(9,15,12,9),(9,17,2,9),(9,17,12,1),(9,18,8,12),(9,19,4,0),(9,20,4,3),(9,20,8,1),(9,20,10,7),(9,21,4,2),(9,21,8,12),(9,21,11,6),(9,22,1,7),(13,0,0,0),(13,0,1,2),(13,0,7,4),(13,1,7,12),(13,2,7,7),(13,3,9,2),(13,6,6,9),(13,7,6,2),(13,7,7,10),(13,8,8,13),(13,8,10,9),(13,9,2,3),(13,10,4,13),(13,10,5,0),(13,10,9,12),(13,12,6,8),(13,12,8,1),(13,13,11,0),(13,15,0,6),(13,15,9,0),(13,16,0,11),(13,16,9,5),(13,17,1,12),(13,17,2,13),(13,18,7,9),(13,19,12,3),(13,20,3,10),(13,20,4,2),(13,20,8,6),(13,20,11,2),(13,21,3,9),(13,21,4,8),(13,21,8,3),(13,21,10,2),(13,21,11,12),(13,22,2,0),(13,22,3,0),(13,22,9,8),(13,22,11,12),(13,22,12,10),(19,0,10,3),(19,0,14,9),(19,0,20,8),(19,1,16,1),(19,1,19,2),(19,1,21,12),(19,1,22,13),(19,2,11,12),(19,2,18,11),(19,2,19,1),(19,2,21,8),(19,3,0,5),(19,3,20,0),(19,4,10,2),(19,5,22,11),(19,5,23,9),(19,6,10,9),(19,6,18,2),(19,7,0,3),(19,7,4,0),(19,7,6,5),(19,7,18,3),(19,7,19,10),(19,8,4,6),(19,8,8,6),(19,8,9,5),(19,8,13,8),(19,8,14,3),(19,8,17,1),(19,10,3,6),(19,10,6,9),(19,11,2,6),(19,11,4,11),(19,12,0,8),(19,12,2,9),(19,12,3,1),(19,12,9,13),(19,12,10,3),(19,13,4,8),(19,13,18,6),(19,14,4,9),(19,14,5,2),(19,16,14,11),(19,17,0,10),(19,17,1,4),(19,17,17,13),(19,18,18,5),(19,19,13,5),(19,20,12,0),(19,21,2,11),(19,21,11,3),(19,22,13,2),(19,23,15,0),(19,23,22,11),(19,25,13,1),(19,26,13,8),(19,27,10,0),(25,0,2,9),(25,0,3,9),(25,0,7,9),(25,0,23,9),(25,0,27,0),(25,0,29,9),(25,1,1,9),(25,1,26,10),(25,1,29,4),(25,2,3,10),(25,2,28,3),(25,3,1,3),(25,3,2,5),(25,3,4,0),(25,4,8,12),(25,4,9,10),(25,4,13,0),(25,4,15,8),(25,4,26,3),(25,5,0,4),(25,5,14,12),(25,5,15,8),(25,5,24,11),(25,6,23,10),(25,6,24,8),(25,7,23,4),(25,7,25,5),(25,8,0,9),(25,8,24,3),(25,8,26,3),(25,8,27,9),(25,9,1,8),(25,9,21,9),(25,10,13,5),(25,12,15,1),(25,12,16,11),(25,12,19,6),(25,12,21,9),(25,12,24,4),(25,12,29,12),(25,13,24,12),(25,13,28,1),(25,14,18,4),(25,14,21,10),(25,14,28,3),(25,15,24,3),(25,16,12,1),(25,16,22,4),(25,17,19,3),(25,17,21,0),(25,17,22,6),(25,17,24,6),(25,18,7,0),(25,18,18,4),(25,19,5,6),(25,19,18,2),(25,19,19,6),(25,19,22,8),(25,19,24,11),(25,19,27,5),(25,20,2,10),(25,20,4,1),(25,20,5,2),(25,20,18,6),(25,20,20,5),(25,20,22,1),(25,20,24,11),(25,21,22,7),(25,21,24,0),(25,21,25,0),(25,22,2,6),(25,22,20,0),(25,23,0,4),(25,23,2,7),(25,23,12,8),(25,23,20,2),(25,23,22,4),(25,24,16,11),(25,24,17,2),(25,24,19,9),(25,24,25,13),(25,25,4,4),(25,25,6,4),(25,25,25,1),(25,25,26,8),(25,25,27,2),(25,26,0,2),(25,26,3,6),(25,26,4,9),(25,26,5,4),(25,26,8,0),(25,26,9,9),(25,26,22,1),(25,27,7,8),(25,27,23,8),(25,27,24,7),(25,27,26,12),(25,28,3,3),(25,28,8,0),(25,28,9,3),(25,28,24,1),(25,29,6,0),(25,29,8,9),(25,29,9,6),(25,29,11,5),(25,29,14,0),(25,29,16,13),(25,29,22,3),(25,29,26,7),(25,30,4,4),(25,30,10,8),(25,31,4,8),(25,31,6,10),(25,31,8,9),(25,31,25,12),(25,31,26,2),(25,32,0,7),(25,32,10,1),(25,32,22,10),(25,32,24,13),(25,33,0,11),(25,33,4,3),(25,33,5,4),(25,33,8,10),(25,33,9,4),(25,33,12,1),(28,0,16,11),(28,1,15,7),(28,1,16,0),(28,1,17,3),(28,1,18,6),(28,1,24,5),(28,1,25,3),(28,3,9,4),(28,3,12,0),(28,3,18,7),(28,3,29,10),(28,4,4,2),(28,4,24,4),(28,4,27,6),(28,5,7,5),(28,5,10,4),(28,5,13,13),(28,5,14,4),(28,5,26,6),(28,5,27,8),(28,6,5,3),(28,6,6,3),(28,6,10,0),(28,6,13,1),(28,6,14,7),(28,6,16,2),(28,6,23,10),(28,7,7,10),(28,7,13,2),(28,7,19,5),(28,7,25,2),(28,8,6,12),(28,8,13,5),(28,9,5,11),(28,9,6,11),(28,9,9,7),(28,9,14,13),(28,9,29,2),(28,10,0,13),(28,10,5,1),(28,10,9,5),(28,10,13,4),(28,10,14,0),(28,10,26,6),(28,10,29,5),(28,11,1,6),(28,11,5,5),(28,11,6,12),(28,11,11,9),(28,11,12,1),(28,11,17,4),(28,12,1,5),(28,12,3,12),(28,12,5,4),(28,12,6,2),(28,12,7,3),(28,13,4,5),(28,13,6,12),(28,13,9,11),(28,13,16,4),(28,13,19,11),(28,13,22,3),(28,14,4,1),(28,14,5,2),(28,14,7,7),(28,14,10,11),(28,14,19,7),(28,14,24,2),(28,14,25,11),(28,15,4,8),(28,15,8,6),(28,15,16,12),(28,15,20,0),(28,15,21,11),(28,15,24,5),(28,16,11,12),(28,16,20,4),(28,17,5,10),(28,17,11,6),(28,17,14,13),(28,17,22,5),(28,17,26,6),(28,18,5,4),(28,18,6,13),(28,18,11,8),(28,18,17,7),(28,18,18,6),(28,18,19,1),(28,18,24,3),(28,18,25,10),(28,18,27,2),(28,19,6,7),(28,19,8,11),(28,19,22,0),(28,19,27,2),(28,20,22,3),(28,21,5,7),(28,21,8,13),(28,21,13,1),(28,22,3,5),(28,22,7,3),(28,22,8,2),(28,22,20,2),(28,23,7,2),(28,23,19,4),(28,23,20,12),(28,24,2,5),(28,24,9,3),(28,24,11,9),(28,25,13,10),(28,26,2,12),(28,26,13,4),(28,27,1,13),(28,27,6,12),(28,27,8,3),(28,28,6,1),(28,28,7,4),(28,28,18,2),(28,28,19,5),(28,28,21,3),(28,29,3,7),(28,29,4,4),(28,29,9,11),(28,29,19,4),(28,29,22,7),(28,29,23,4),(28,29,28,12),(36,0,1,9),(36,0,3,4),(36,0,4,7),(36,0,11,7),(36,1,2,8),(36,1,3,11),(36,1,4,3),(36,1,22,11),(36,2,1,1),(36,2,12,7),(36,2,13,3),(36,2,26,8),(36,2,27,10),(36,3,1,7),(36,3,2,4),(36,3,11,4),(36,3,18,13),(36,4,1,12),(36,4,6,9),(36,4,12,13),(36,4,14,10),(36,4,27,5),(36,5,2,1),(36,5,24,10),(36,6,12,2),(36,6,23,13),(36,7,3,6),(36,7,15,13),(36,7,24,6),(36,7,27,2),(36,8,1,9),(36,8,5,12),(36,8,13,3),(36,8,25,13),(36,9,13,3),(36,10,0,6),(36,10,3,2),(36,10,14,4),(36,11,11,1),(36,11,19,1),(36,11,24,6),(36,11,27,7),(36,12,25,2),(36,13,0,10),(36,13,13,0),(36,14,3,6),(36,14,11,1),(36,15,4,0),(36,15,11,1),(36,15,12,8),(36,15,22,12),(36,17,23,6),(36,17,24,7),(36,18,11,0),(36,18,20,3),(36,19,6,6),(36,20,3,10),(36,21,0,10),(36,21,2,0),(36,22,2,8),(36,22,3,0),(36,22,4,5),(36,22,6,9),(36,22,9,0),(36,22,21,8),(36,23,0,1),(36,23,1,2),(36,23,18,5),(36,23,21,9),(36,24,3,0),(36,24,20,10),(36,25,3,10),(36,25,14,11),(36,25,18,12),(36,27,19,2),(36,27,22,4),(36,28,25,2),(36,29,17,7),(36,29,19,7),(36,29,20,7),(36,29,22,0),(36,29,26,2),(36,29,27,12),(36,30,5,3),(36,30,8,10),(36,30,12,11),(36,30,19,10),(36,30,26,11),(36,31,0,12),(36,31,1,5),(36,31,3,10),(36,31,24,1),(36,31,27,8),(36,32,0,6),(36,32,2,6),(36,32,3,8),(36,32,9,0),(36,32,24,5),(37,0,5,5),(37,0,15,3),(37,1,3,1),(37,1,27,3),(37,1,28,7),(37,2,12,7),(37,2,20,8),(37,2,28,0),(37,3,0,7),(37,3,19,6),(37,3,28,13),(37,3,31,8),(37,4,17,11),(37,4,21,7),(37,4,28,7),(37,4,30,5),(37,5,3,6),(37,5,10,6),(37,5,18,5),(37,6,28,6),(37,7,1,3),(37,8,3,3),(37,8,21,5),(37,8,24,4),(37,9,0,2),(37,9,1,6),(37,9,26,7),(37,9,28,11),(37,9,31,2),(37,11,0,7),(37,11,7,2),(37,12,6,8),(37,12,7,10),(37,12,10,3),(37,12,29,1),(37,12,31,0),(37,13,7,5),(37,13,8,5),(37,13,12,0),(37,13,14,5),(37,13,18,7),(37,13,28,3),(37,13,31,5),(37,14,9,4),(37,14,14,3),(37,14,19,3),(37,14,20,10),(37,14,21,0),(37,15,4,3),(37,15,15,2),(37,15,19,3),(37,15,22,10),(37,15,29,0),(37,16,12,9),(37,16,13,4),(37,16,25,5),(37,16,29,6),(37,17,19,2),(37,17,20,2),(37,19,5,13),(37,19,6,6),(37,19,20,2),(37,19,31,3),(37,20,6,9),(37,20,19,3),(37,21,18,8),(37,21,27,13),(37,22,1,5),(37,22,14,4),(37,22,18,7),(37,23,9,9),(37,23,18,6),(37,23,25,3),(37,23,29,6),(37,23,31,10),(37,24,11,1),(37,24,13,10),(37,24,14,1),(37,25,15,11),(37,25,30,2),(37,25,31,2),(37,26,18,6),(37,26,31,3),(37,27,18,10),(37,28,18,13),(37,28,28,5),(37,29,5,9),(37,29,7,11),(37,29,8,5),(37,29,9,2),(37,29,11,1),(37,29,26,11),(46,0,10,10),(46,0,14,8),(46,0,22,7),(46,0,23,11),(46,1,3,7),(46,1,4,4),(46,1,23,6),(46,2,12,10),(46,3,0,9),(46,3,23,3),(46,3,31,12),(46,4,8,1),(46,4,14,13),(46,4,21,1),(46,4,23,7),(46,5,15,8),(46,5,29,9),(46,6,8,13),(46,6,15,3),(46,6,16,10),(46,7,9,7),(46,7,10,6),(46,7,11,1),(46,8,8,8),(46,8,9,8),(46,8,11,10),(46,8,17,4),(46,9,6,0),(46,10,3,2),(46,10,31,2),(46,11,0,0),(46,11,9,6),(46,11,29,6),(46,12,0,10),(46,12,9,11),(46,13,8,5),(46,13,13,7),(46,13,18,4),(46,14,6,8),(46,14,15,9),(46,14,16,4),(46,15,4,3),(46,15,5,7),(46,15,8,7),(46,16,1,5),(46,16,4,0),(46,16,9,10),(46,16,10,12),(46,16,13,12),(46,16,18,3),(46,16,27,10),(46,17,5,12),(46,17,12,5),(46,17,15,3),(46,18,3,12),(46,18,5,11),(46,18,9,12),(46,18,16,3),(46,18,23,2),(46,18,27,13),(46,19,8,4),(46,19,14,3),(46,19,20,1),(46,19,22,3),(46,19,25,6),(46,20,5,9),(46,20,8,10),(46,20,17,12),(46,20,20,0),(46,21,4,12),(46,21,11,11),(46,21,13,3),(46,21,14,12),(46,21,31,11),(46,22,7,13),(46,22,12,9),(46,22,15,13),(46,22,16,12),(46,23,15,4),(46,23,16,7),(46,23,18,13),(46,24,5,12),(46,24,7,3),(46,24,29,2),(46,25,9,13),(46,25,16,10),(46,25,17,3),(46,25,18,12),(46,25,27,6),(46,26,5,12),(46,26,15,0),(46,26,21,6),(46,26,28,7),(46,26,31,1),(46,27,14,8),(46,27,22,4),(46,27,29,13),(46,28,8,1),(46,28,19,4),(46,28,20,13),(46,28,30,11),(46,28,31,13),(46,29,6,5),(46,29,14,1),(46,31,20,0),(46,31,29,7),(46,31,30,9),(46,31,31,9),(58,0,0,10),(58,0,1,6),(58,0,2,13),(58,0,4,5),(58,0,5,2),(58,0,7,4),(58,0,8,3),(58,0,12,4),(58,0,15,5),(58,0,18,13),(58,0,29,13),(58,1,2,12),(58,1,3,5),(58,1,4,7),(58,1,5,10),(58,1,13,5),(58,1,27,5),(58,2,12,0),(58,2,14,1),(58,2,16,10),(58,2,28,3),(58,2,29,5),(58,3,3,13),(58,3,8,4),(58,3,11,6),(58,4,0,0),(58,4,2,0),(58,4,10,5),(58,4,13,3),(58,5,3,13),(58,5,4,4),(58,5,5,6),(58,5,11,7),(58,5,13,4),(58,6,0,12),(58,6,14,7),(58,7,11,3),(58,7,12,4),(58,7,14,5),(58,7,15,1),(58,8,13,3),(58,8,25,12),(58,9,22,2),(58,9,28,5),(58,10,4,11),(58,10,16,7),(58,10,18,9),(58,10,29,11),(58,11,11,5),(58,11,13,5),(58,11,16,1),(58,11,17,11),(58,12,4,9),(58,12,10,6),(58,12,11,3),(58,12,16,4),(58,12,22,0),(58,12,23,2),(58,13,10,9),(58,13,20,6),(58,14,3,13),(58,14,7,0),(58,14,11,7),(58,14,13,7),(58,14,19,3),(58,14,28,9),(58,14,29,13),(58,15,2,11),(58,15,15,5),(58,15,19,12),(58,15,23,7),(58,16,1,13),(58,16,3,4),(58,16,13,7),(58,16,19,11),(58,16,28,3),(58,16,29,6),(58,17,2,1),(58,17,28,3),(58,17,29,1),(58,18,4,7),(58,18,8,12),(58,18,20,4),(58,19,8,10),(58,19,10,1),(58,19,19,12),(58,19,20,13),(58,20,19,5),(58,20,21,11),(58,21,5,13),(58,21,10,0),(58,21,17,12),(58,21,19,7),(58,22,5,7),(58,22,8,12),(58,22,9,3),(58,22,23,6),(58,23,12,11),(58,23,17,7),(58,24,0,11),(58,24,4,10),(58,24,5,4),(58,24,9,13),(58,24,13,12),(58,24,22,11),(58,25,0,10),(58,25,2,3),(58,25,4,13),(58,25,9,13),(58,25,12,7),(58,25,14,10),(58,25,22,10),(58,26,6,3),(58,26,7,7),(58,26,8,0),(58,27,6,4),(69,0,23,4),(69,1,0,5),(69,1,1,2),(69,1,23,5),(69,1,25,5),(69,1,26,10),(69,1,27,9),(69,2,2,7),(69,2,3,13),(69,2,8,5),(69,3,3,5),(69,3,4,0),(69,3,9,2),(69,3,14,1),(69,3,27,5),(69,4,0,9),(69,4,18,2),(69,5,2,11),(69,5,3,3),(69,5,8,3),(69,5,9,11),(69,5,19,5),(69,6,0,7),(69,6,2,0),(69,6,4,3),(69,6,6,10),(69,6,7,7),(69,7,1,8),(69,7,10,10),(69,7,18,5),(69,8,1,10),(69,8,11,7),(69,9,1,0),(69,9,7,11),(69,9,27,8),(69,10,4,12),(69,10,16,5),(69,10,17,4),(69,10,25,6),(69,10,27,7),(69,10,28,3),(69,11,15,4),(69,11,16,10),(69,12,0,6),(69,12,6,10),(69,12,7,10),(69,12,18,11),(69,12,19,0),(69,12,24,3),(69,13,1,5),(69,13,4,6),(69,13,20,4),(69,13,23,4),(69,13,24,6),(69,13,27,1),(69,14,4,8),(69,14,14,10),(69,14,16,6),(69,14,23,10),(69,14,26,12),(69,15,4,2),(69,15,16,3),(69,15,19,9),(69,15,24,1),(69,15,29,4),(69,16,2,5),(69,16,11,7),(69,16,14,9),(69,16,16,3),(69,16,26,7),(69,16,27,9),(69,17,8,13),(69,17,14,6),(69,17,17,3),(69,17,18,11),(69,17,28,6),(69,18,2,11),(69,18,3,10),(69,18,8,5),(69,18,11,7),(69,18,13,13),(69,18,29,7),(69,19,11,3),(69,19,12,5),(69,19,13,4),(69,20,3,1),(69,20,15,11),(69,20,20,6),(69,21,7,11),(69,21,11,6),(69,21,13,6),(69,21,14,8),(69,21,21,8),(69,21,25,11),(69,21,28,6),(69,22,6,9),(69,22,14,9),(69,22,17,10),(69,22,18,12),(69,22,21,11),(69,22,23,9),(69,22,24,6),(69,22,27,6),(69,22,28,8),(69,22,29,1),(69,23,4,1),(69,23,6,8),(69,23,7,8),(69,23,12,6),(69,23,13,9),(69,23,19,7),(69,23,20,11),(69,23,24,10),(69,23,26,1),(69,24,3,3),(69,24,8,3),(69,24,9,1),(69,24,13,4),(69,24,15,5),(69,24,21,11),(69,25,3,3),(69,25,5,7),(69,25,13,9),(69,25,17,1),(69,25,25,2),(69,25,27,11),(69,26,5,8),(69,26,7,4),(69,26,14,1),(69,26,24,6),(69,26,29,5),(69,27,15,8),(69,27,16,0),(69,27,23,6),(69,27,25,10),(69,28,2,13),(69,28,4,7),(69,28,13,4),(69,28,14,2),(69,28,16,7),(69,28,17,5),(69,28,25,8),(69,29,3,10),(69,29,5,8),(69,29,7,2),(69,29,8,5),(69,29,9,1),(69,29,11,2),(69,29,14,4),(69,29,18,4),(73,0,18,12),(73,0,19,2),(73,1,24,11),(73,2,19,1),(73,2,26,0),(73,3,3,8),(73,3,25,4),(73,4,24,2),(73,5,1,1),(73,5,2,8),(73,5,10,8),(73,5,14,8),(73,5,21,0),(73,5,28,2),(73,6,0,0),(73,6,5,12),(73,6,13,5),(73,6,20,6),(73,6,22,6),(73,6,24,6),(73,7,2,5),(73,7,6,6),(73,7,7,8),(73,8,12,5),(73,8,19,6),(73,9,5,4),(73,9,18,6),(73,9,22,0),(73,10,29,12),(73,11,19,1),(73,13,20,11),(73,14,20,2),(73,15,21,2),(73,16,5,3),(73,16,24,8),(73,16,25,8),(73,17,5,13),(73,18,20,3),(73,18,27,11),(73,19,28,10),(73,20,7,6),(73,20,22,9),(73,20,23,4),(73,21,8,4),(73,21,10,4),(73,21,13,3),(73,21,15,3),(73,21,16,3),(73,21,25,13),(73,22,7,2),(73,22,12,9),(73,22,16,12),(73,22,19,5),(73,22,24,13),(73,23,8,6),(73,23,15,8),(73,23,16,11),(73,24,0,1),(73,24,3,8),(73,24,13,7),(73,24,14,1),(73,24,16,6),(73,24,19,11),(73,25,14,9),(73,25,16,1),(73,25,23,5),(73,25,28,11),(73,26,4,0),(73,26,18,0),(73,26,19,10),(73,26,25,1),(73,27,0,6),(73,28,11,8),(73,28,12,8),(73,29,3,7),(73,29,14,8),(74,0,4,10),(74,0,10,4),(74,0,11,3),(74,0,16,13),(74,1,10,5),(74,1,15,9),(74,2,16,9),(74,3,7,9),(74,3,8,13),(74,4,2,13),(74,4,8,7),(74,5,2,5),(74,5,3,11),(74,5,6,7),(74,5,10,5),(74,6,10,3),(74,6,14,7),(74,7,10,10),(74,7,15,2),(74,8,8,1),(74,9,5,11),(74,9,11,8),(74,9,15,2),(74,10,4,4),(74,10,15,5),(74,11,6,5),(74,11,12,11),(74,11,13,0),(74,12,13,2),(74,13,1,1),(74,13,3,6),(74,13,7,10),(74,13,11,4),(74,13,12,10),(74,13,15,8),(74,13,16,7),(74,14,15,8),(74,15,6,3),(74,16,15,9),(74,17,9,6),(74,18,15,11),(74,19,7,6),(74,19,11,9),(74,19,12,11),(74,19,13,1),(74,19,15,13),(74,20,10,7),(74,20,11,11);
/*!40000 ALTER TABLE `folliages` ENABLE KEYS */;
UNLOCK TABLES;

--
-- Table structure for table `fow_galaxy_entries`
--

DROP TABLE IF EXISTS `fow_galaxy_entries`;
/*!40101 SET @saved_cs_client     = @@character_set_client */;
/*!40101 SET character_set_client = utf8 */;
CREATE TABLE `fow_galaxy_entries` (
  `id` int(11) NOT NULL AUTO_INCREMENT,
  `galaxy_id` int(11) NOT NULL,
  `player_id` int(11) DEFAULT NULL,
  `alliance_id` int(11) DEFAULT NULL,
  `x` int(11) NOT NULL,
  `y` int(11) NOT NULL,
  `x_end` int(11) NOT NULL,
  `y_end` int(11) NOT NULL,
  `counter` tinyint(2) unsigned NOT NULL DEFAULT '1',
  PRIMARY KEY (`id`),
  UNIQUE KEY `player_visiblity` (`player_id`,`x`,`y`,`x_end`,`y_end`),
  UNIQUE KEY `alliance_visiblity` (`alliance_id`,`x`,`y`,`x_end`,`y_end`),
  KEY `lookup_players_by_coords` (`galaxy_id`,`x`,`x_end`,`y`,`y_end`),
  KEY `for_cleanup` (`counter`),
  CONSTRAINT `fow_galaxy_entries_ibfk_1` FOREIGN KEY (`galaxy_id`) REFERENCES `galaxies` (`id`) ON DELETE CASCADE
) ENGINE=InnoDB DEFAULT CHARSET=utf8;
/*!40101 SET character_set_client = @saved_cs_client */;

--
-- Dumping data for table `fow_galaxy_entries`
--

LOCK TABLES `fow_galaxy_entries` WRITE;
/*!40000 ALTER TABLE `fow_galaxy_entries` DISABLE KEYS */;
/*!40000 ALTER TABLE `fow_galaxy_entries` ENABLE KEYS */;
UNLOCK TABLES;

--
-- Table structure for table `fow_ss_entries`
--

DROP TABLE IF EXISTS `fow_ss_entries`;
/*!40101 SET @saved_cs_client     = @@character_set_client */;
/*!40101 SET character_set_client = utf8 */;
CREATE TABLE `fow_ss_entries` (
  `id` int(11) NOT NULL AUTO_INCREMENT,
  `solar_system_id` int(11) NOT NULL,
  `player_id` int(11) DEFAULT NULL,
  `counter` int(11) NOT NULL DEFAULT '0',
  `player_planets` tinyint(1) DEFAULT NULL,
  `player_ships` tinyint(1) DEFAULT NULL,
  `enemy_planets` tinyint(1) NOT NULL DEFAULT '0',
  `enemy_ships` tinyint(1) NOT NULL DEFAULT '0',
  `alliance_id` int(11) DEFAULT NULL,
  `alliance_planet_player_ids` text,
  `alliance_ship_player_ids` text,
  `nap_planets` tinyint(1) DEFAULT NULL,
  `nap_ships` tinyint(1) DEFAULT NULL,
  PRIMARY KEY (`id`),
  UNIQUE KEY `create_for_player` (`solar_system_id`,`player_id`),
  UNIQUE KEY `create_for_alliance` (`solar_system_id`,`alliance_id`),
  KEY `select_by_player` (`player_id`),
  KEY `select_by_alliance` (`alliance_id`),
  KEY `for_cleanup` (`counter`),
  CONSTRAINT `fow_ss_entries_ibfk_1` FOREIGN KEY (`solar_system_id`) REFERENCES `solar_systems` (`id`) ON DELETE CASCADE,
  CONSTRAINT `fow_ss_entries_ibfk_2` FOREIGN KEY (`player_id`) REFERENCES `players` (`id`) ON DELETE CASCADE,
  CONSTRAINT `fow_ss_entries_ibfk_3` FOREIGN KEY (`alliance_id`) REFERENCES `alliances` (`id`) ON DELETE CASCADE
) ENGINE=InnoDB AUTO_INCREMENT=2 DEFAULT CHARSET=utf8;
/*!40101 SET character_set_client = @saved_cs_client */;

--
-- Dumping data for table `fow_ss_entries`
--

LOCK TABLES `fow_ss_entries` WRITE;
/*!40000 ALTER TABLE `fow_ss_entries` DISABLE KEYS */;
INSERT INTO `fow_ss_entries` VALUES (1,10,1,1,1,0,0,0,NULL,NULL,NULL,NULL,NULL);
/*!40000 ALTER TABLE `fow_ss_entries` ENABLE KEYS */;
UNLOCK TABLES;

--
-- Table structure for table `galaxies`
--

DROP TABLE IF EXISTS `galaxies`;
/*!40101 SET @saved_cs_client     = @@character_set_client */;
/*!40101 SET character_set_client = utf8 */;
CREATE TABLE `galaxies` (
  `id` int(11) NOT NULL AUTO_INCREMENT,
  `created_at` datetime NOT NULL,
  `ruleset` varchar(30) NOT NULL DEFAULT '0',
  `callback_url` varchar(255) NOT NULL,
  PRIMARY KEY (`id`)
) ENGINE=InnoDB AUTO_INCREMENT=2 DEFAULT CHARSET=utf8;
/*!40101 SET character_set_client = @saved_cs_client */;

--
-- Dumping data for table `galaxies`
--

LOCK TABLES `galaxies` WRITE;
/*!40000 ALTER TABLE `galaxies` DISABLE KEYS */;
INSERT INTO `galaxies` VALUES (1,'2011-07-15 16:32:48','dev','localhost');
/*!40000 ALTER TABLE `galaxies` ENABLE KEYS */;
UNLOCK TABLES;

--
-- Table structure for table `market_offers`
--

DROP TABLE IF EXISTS `market_offers`;
/*!40101 SET @saved_cs_client     = @@character_set_client */;
/*!40101 SET character_set_client = utf8 */;
CREATE TABLE `market_offers` (
  `id` int(11) NOT NULL AUTO_INCREMENT,
  `galaxy_id` int(11) NOT NULL,
  `planet_id` int(11) NOT NULL,
  `from_kind` tinyint(2) unsigned NOT NULL,
  `from_amount` int(10) unsigned NOT NULL,
  `to_kind` tinyint(2) unsigned NOT NULL,
  `to_rate` float unsigned NOT NULL,
  `created_at` datetime NOT NULL,
  PRIMARY KEY (`id`),
  KEY `galaxy foreign key` (`galaxy_id`),
  KEY `planet foreign key` (`planet_id`),
  KEY `avg. market value` (`from_kind`,`to_kind`),
  CONSTRAINT `market_offers_ibfk_2` FOREIGN KEY (`planet_id`) REFERENCES `ss_objects` (`id`) ON DELETE CASCADE,
  CONSTRAINT `market_offers_ibfk_1` FOREIGN KEY (`galaxy_id`) REFERENCES `galaxies` (`id`) ON DELETE CASCADE
) ENGINE=InnoDB DEFAULT CHARSET=utf8;
/*!40101 SET character_set_client = @saved_cs_client */;

--
-- Dumping data for table `market_offers`
--

LOCK TABLES `market_offers` WRITE;
/*!40000 ALTER TABLE `market_offers` DISABLE KEYS */;
/*!40000 ALTER TABLE `market_offers` ENABLE KEYS */;
UNLOCK TABLES;

--
-- Table structure for table `naps`
--

DROP TABLE IF EXISTS `naps`;
/*!40101 SET @saved_cs_client     = @@character_set_client */;
/*!40101 SET character_set_client = utf8 */;
CREATE TABLE `naps` (
  `id` int(11) NOT NULL AUTO_INCREMENT,
  `initiator_id` int(11) NOT NULL,
  `acceptor_id` int(11) NOT NULL,
  `status` tinyint(2) unsigned NOT NULL DEFAULT '0',
  `created_at` datetime NOT NULL,
  `expires_at` datetime DEFAULT NULL,
  PRIMARY KEY (`id`),
  UNIQUE KEY `enforce_one_nap_per_pair` (`initiator_id`,`acceptor_id`),
  KEY `lookup_naps_for_alliance_1st` (`initiator_id`,`status`),
  KEY `lookup_naps_for_alliance_2nd` (`acceptor_id`,`status`),
  CONSTRAINT `naps_ibfk_2` FOREIGN KEY (`acceptor_id`) REFERENCES `alliances` (`id`) ON DELETE CASCADE,
  CONSTRAINT `naps_ibfk_1` FOREIGN KEY (`initiator_id`) REFERENCES `alliances` (`id`) ON DELETE CASCADE
) ENGINE=InnoDB DEFAULT CHARSET=utf8;
/*!40101 SET character_set_client = @saved_cs_client */;

--
-- Dumping data for table `naps`
--

LOCK TABLES `naps` WRITE;
/*!40000 ALTER TABLE `naps` DISABLE KEYS */;
/*!40000 ALTER TABLE `naps` ENABLE KEYS */;
UNLOCK TABLES;

--
-- Table structure for table `notifications`
--

DROP TABLE IF EXISTS `notifications`;
/*!40101 SET @saved_cs_client     = @@character_set_client */;
/*!40101 SET character_set_client = utf8 */;
CREATE TABLE `notifications` (
  `id` int(11) NOT NULL AUTO_INCREMENT,
  `player_id` int(11) NOT NULL,
  `created_at` datetime NOT NULL,
  `expires_at` datetime NOT NULL,
  `event` tinyint(2) unsigned NOT NULL,
  `params` text,
  `starred` tinyint(1) NOT NULL DEFAULT '0',
  `read` tinyint(1) NOT NULL DEFAULT '0',
  PRIMARY KEY (`id`),
  KEY `order` (`read`,`created_at`),
  KEY `player_with_event` (`player_id`,`event`),
  CONSTRAINT `notifications_ibfk_1` FOREIGN KEY (`player_id`) REFERENCES `players` (`id`) ON DELETE CASCADE
) ENGINE=InnoDB DEFAULT CHARSET=utf8;
/*!40101 SET character_set_client = @saved_cs_client */;

--
-- Dumping data for table `notifications`
--

LOCK TABLES `notifications` WRITE;
/*!40000 ALTER TABLE `notifications` DISABLE KEYS */;
/*!40000 ALTER TABLE `notifications` ENABLE KEYS */;
UNLOCK TABLES;

--
-- Table structure for table `objective_progresses`
--

DROP TABLE IF EXISTS `objective_progresses`;
/*!40101 SET @saved_cs_client     = @@character_set_client */;
/*!40101 SET character_set_client = utf8 */;
CREATE TABLE `objective_progresses` (
  `id` int(11) NOT NULL AUTO_INCREMENT,
  `objective_id` int(11) DEFAULT NULL,
  `player_id` int(11) DEFAULT NULL,
  `completed` int(10) unsigned NOT NULL DEFAULT '0',
  PRIMARY KEY (`id`),
  KEY `objective_fk` (`objective_id`),
  KEY `player_fk` (`player_id`),
  CONSTRAINT `objective_progresses_ibfk_1` FOREIGN KEY (`objective_id`) REFERENCES `objectives` (`id`) ON DELETE CASCADE,
  CONSTRAINT `objective_progresses_ibfk_2` FOREIGN KEY (`player_id`) REFERENCES `players` (`id`) ON DELETE CASCADE
) ENGINE=InnoDB AUTO_INCREMENT=122 DEFAULT CHARSET=utf8;
/*!40101 SET character_set_client = @saved_cs_client */;

--
-- Dumping data for table `objective_progresses`
--

LOCK TABLES `objective_progresses` WRITE;
/*!40000 ALTER TABLE `objective_progresses` DISABLE KEYS */;
INSERT INTO `objective_progresses` VALUES (1,1,1,0),(2,123,1,0),(3,124,1,0),(4,125,1,0),(5,126,1,0),(6,127,1,0),(7,128,1,0),(8,129,1,0),(9,130,1,0),(10,131,1,0),(11,132,1,0),(12,133,1,0),(13,134,1,0),(14,135,1,0),(15,136,1,0),(16,137,1,0),(17,138,1,0),(18,139,1,0),(19,140,1,0),(20,141,1,0),(21,142,1,0),(22,143,1,0),(23,144,1,0),(24,145,1,0),(25,146,1,0),(26,147,1,0),(27,148,1,0),(28,149,1,0),(29,150,1,0),(30,151,1,0),(31,152,1,0),(32,153,1,0),(33,154,1,0),(34,155,1,0),(35,156,1,0),(36,157,1,0),(37,158,1,0),(38,159,1,0),(39,160,1,0),(40,161,1,0),(41,162,1,0),(42,163,1,0),(43,164,1,0),(44,165,1,0),(45,166,1,0),(46,167,1,0),(47,168,1,0),(48,169,1,0),(49,170,1,0),(50,171,1,0),(51,172,1,0),(52,173,1,0),(53,174,1,0),(54,175,1,0),(55,176,1,0),(56,177,1,0),(57,178,1,0),(58,179,1,0),(59,180,1,0),(60,181,1,0),(61,182,1,0),(62,183,1,0),(63,184,1,0),(64,185,1,0),(65,186,1,0),(66,187,1,0),(67,188,1,0),(68,189,1,0),(69,190,1,0),(70,191,1,0),(71,192,1,0),(72,193,1,0),(73,194,1,0),(74,195,1,0),(75,196,1,0),(76,197,1,0),(77,198,1,0),(78,199,1,0),(79,200,1,0),(80,201,1,0),(81,202,1,0),(82,203,1,0),(83,204,1,0),(84,205,1,0),(85,206,1,0),(86,207,1,0),(87,208,1,0),(88,209,1,0),(89,210,1,0),(90,211,1,0),(91,212,1,0),(92,213,1,0),(93,214,1,0),(94,215,1,0),(95,216,1,0),(96,217,1,0),(97,218,1,0),(98,219,1,0),(99,220,1,0),(100,221,1,0),(101,222,1,0),(102,223,1,0),(103,224,1,0),(104,225,1,0),(105,226,1,0),(106,227,1,0),(107,228,1,0),(108,229,1,0),(109,230,1,0),(110,231,1,0),(111,232,1,0),(112,233,1,0),(113,234,1,0),(114,235,1,0),(115,236,1,0),(116,237,1,0),(117,238,1,0),(118,239,1,0),(119,240,1,0),(120,241,1,0),(121,242,1,0);
/*!40000 ALTER TABLE `objective_progresses` ENABLE KEYS */;
UNLOCK TABLES;

--
-- Table structure for table `objectives`
--

DROP TABLE IF EXISTS `objectives`;
/*!40101 SET @saved_cs_client     = @@character_set_client */;
/*!40101 SET character_set_client = utf8 */;
CREATE TABLE `objectives` (
  `id` int(11) NOT NULL AUTO_INCREMENT,
  `quest_id` int(11) NOT NULL,
  `type` varchar(255) NOT NULL,
  `key` varchar(255) DEFAULT NULL,
  `count` int(10) unsigned NOT NULL DEFAULT '1',
  `level` tinyint(2) unsigned DEFAULT NULL,
  `alliance` tinyint(1) NOT NULL DEFAULT '0',
  `npc` tinyint(1) NOT NULL DEFAULT '0',
  `limit` int(10) unsigned DEFAULT NULL,
  `outcome` tinyint(2) DEFAULT NULL,
  PRIMARY KEY (`id`),
  KEY `quest_objectives` (`quest_id`),
  KEY `on_progress` (`type`,`key`),
  CONSTRAINT `objectives_ibfk_1` FOREIGN KEY (`quest_id`) REFERENCES `quests` (`id`) ON DELETE CASCADE
) ENGINE=InnoDB AUTO_INCREMENT=243 DEFAULT CHARSET=utf8;
/*!40101 SET character_set_client = @saved_cs_client */;

--
-- Dumping data for table `objectives`
--

LOCK TABLES `objectives` WRITE;
/*!40000 ALTER TABLE `objectives` DISABLE KEYS */;
INSERT INTO `objectives` VALUES (1,1,'HaveUpgradedTo','Building::CollectorT1',1,1,0,0,NULL,NULL),(2,2,'HaveUpgradedTo','Building::MetalExtractor',1,1,0,0,NULL,NULL),(3,3,'HaveUpgradedTo','Building::CollectorT1',2,1,0,0,NULL,NULL),(4,3,'HaveUpgradedTo','Building::MetalExtractor',2,1,0,0,NULL,NULL),(5,22,'ExploreBlock','ExploreBlock',1,NULL,0,0,9,NULL),(6,23,'ExploreBlock','ExploreBlock',10,NULL,0,0,9,NULL),(7,4,'HaveUpgradedTo','Building::CollectorT1',2,3,0,0,NULL,NULL),(8,4,'HaveUpgradedTo','Building::MetalExtractor',2,3,0,0,NULL,NULL),(9,5,'HaveUpgradedTo','Building::CollectorT1',2,4,0,0,NULL,NULL),(10,5,'HaveUpgradedTo','Building::MetalExtractor',2,4,0,0,NULL,NULL),(11,6,'HaveUpgradedTo','Building::Barracks',1,1,0,0,NULL,NULL),(12,7,'HaveUpgradedTo','Unit::Trooper',8,1,0,0,NULL,NULL),(13,80,'HaveWarPoints','Player',1,NULL,0,0,2000,NULL),(14,81,'HaveWarPoints','Player',1,NULL,0,0,2800,NULL),(15,82,'HaveWarPoints','Player',1,NULL,0,0,3920,NULL),(16,83,'HaveWarPoints','Player',1,NULL,0,0,5488,NULL),(17,84,'HaveWarPoints','Player',1,NULL,0,0,7684,NULL),(18,85,'HaveWarPoints','Player',1,NULL,0,0,10000,NULL),(19,86,'HaveWarPoints','Player',1,NULL,0,0,13701,NULL),(20,87,'HaveWarPoints','Player',1,NULL,0,0,18770,NULL),(21,88,'HaveWarPoints','Player',1,NULL,0,0,25714,NULL),(22,89,'HaveWarPoints','Player',1,NULL,0,0,35228,NULL),(23,90,'HaveWarPoints','Player',1,NULL,0,0,48262,NULL),(24,91,'HaveWarPoints','Player',1,NULL,0,0,66119,NULL),(25,92,'HaveWarPoints','Player',1,NULL,0,0,90583,NULL),(26,93,'HaveWarPoints','Player',1,NULL,0,0,124098,NULL),(27,94,'HaveWarPoints','Player',1,NULL,0,0,170015,NULL),(28,106,'HaveWarPoints','Player',1,NULL,0,0,200000,NULL),(29,107,'HaveWarPoints','Player',1,NULL,0,0,230000,NULL),(30,108,'HaveWarPoints','Player',1,NULL,0,0,264500,NULL),(31,109,'HaveWarPoints','Player',1,NULL,0,0,304175,NULL),(32,110,'HaveWarPoints','Player',1,NULL,0,0,349802,NULL),(33,111,'HaveWarPoints','Player',1,NULL,0,0,402272,NULL),(34,112,'HaveWarPoints','Player',1,NULL,0,0,462613,NULL),(35,113,'HaveWarPoints','Player',1,NULL,0,0,532004,NULL),(36,114,'HaveWarPoints','Player',1,NULL,0,0,611805,NULL),(37,115,'HaveWarPoints','Player',1,NULL,0,0,703576,NULL),(38,8,'DestroyNpcBuilding','Building::NpcMetalExtractor',1,1,0,0,NULL,NULL),(39,32,'HaveUpgradedTo','Building::MetalExtractor',3,4,0,0,NULL,NULL),(40,9,'HaveUpgradedTo','Building::MetalExtractor',1,7,0,0,NULL,NULL),(41,10,'HaveUpgradedTo','Building::CollectorT1',1,7,0,0,NULL,NULL),(42,116,'BecomeVip','Vip',1,1,0,0,NULL,NULL),(43,117,'Accelerate','Building',1,NULL,0,0,NULL,NULL),(44,11,'HaveUpgradedTo','Building::ResearchCenter',1,1,0,0,NULL,NULL),(45,24,'ExploreBlock','ExploreBlock',5,NULL,0,0,12,NULL),(46,25,'ExploreBlock','ExploreBlock',5,NULL,0,0,16,NULL),(47,26,'ExploreBlock','ExploreBlock',10,NULL,0,0,36,NULL),(48,12,'HaveUpgradedTo','Unit::Seeker',3,1,0,0,NULL,NULL),(49,13,'HaveUpgradedTo','Unit::Trooper',4,2,0,0,NULL,NULL),(50,72,'HaveSciencePoints','Player',1,NULL,0,0,2500,NULL),(51,73,'HaveSciencePoints','Player',1,NULL,0,0,5000,NULL),(52,74,'HaveSciencePoints','Player',1,NULL,0,0,10000,NULL),(53,75,'HaveSciencePoints','Player',1,NULL,0,0,25000,NULL),(54,76,'HaveSciencePoints','Player',1,NULL,0,0,50000,NULL),(55,77,'HaveSciencePoints','Player',1,NULL,0,0,100000,NULL),(56,78,'HaveSciencePoints','Player',1,NULL,0,0,150000,NULL),(57,79,'HaveSciencePoints','Player',1,NULL,0,0,200000,NULL),(58,27,'DestroyNpcBuilding','Building::NpcZetiumExtractor',1,1,0,0,NULL,NULL),(59,66,'HaveArmyPoints','Player',1,NULL,0,0,500,NULL),(60,67,'HaveArmyPoints','Player',1,NULL,0,0,850,NULL),(61,68,'HaveArmyPoints','Player',1,NULL,0,0,1445,NULL),(62,69,'HaveArmyPoints','Player',1,NULL,0,0,2457,NULL),(63,70,'HaveArmyPoints','Player',1,NULL,0,0,5000,NULL),(64,71,'HaveArmyPoints','Player',1,NULL,0,0,8500,NULL),(65,95,'HaveArmyPoints','Player',1,NULL,0,0,15000,NULL),(66,96,'HaveArmyPoints','Player',1,NULL,0,0,21000,NULL),(67,97,'HaveArmyPoints','Player',1,NULL,0,0,29400,NULL),(68,98,'HaveArmyPoints','Player',1,NULL,0,0,41160,NULL),(69,99,'HaveArmyPoints','Player',1,NULL,0,0,57624,NULL),(70,100,'HaveArmyPoints','Player',1,NULL,0,0,80674,NULL),(71,101,'HaveArmyPoints','Player',1,NULL,0,0,112944,NULL),(72,102,'HaveArmyPoints','Player',1,NULL,0,0,158121,NULL),(73,14,'HaveUpgradedTo','Technology::ZetiumExtraction',1,1,0,0,NULL,NULL),(74,15,'HaveUpgradedTo','Building::ZetiumExtractor',1,1,0,0,NULL,NULL),(75,16,'HavePoints','Player',1,NULL,0,0,15000,NULL),(76,28,'HavePoints','Player',1,NULL,0,0,30000,NULL),(77,29,'HavePoints','Player',1,NULL,0,0,60000,NULL),(78,30,'HavePoints','Player',1,NULL,0,0,80000,NULL),(79,33,'HavePoints','Player',1,NULL,0,0,150000,NULL),(80,64,'HavePoints','Player',1,NULL,0,0,350000,NULL),(81,17,'HaveUpgradedTo','Building::MetalStorage',1,2,0,0,NULL,NULL),(82,17,'HaveUpgradedTo','Building::EnergyStorage',1,1,0,0,NULL,NULL),(83,17,'HaveUpgradedTo','Building::ZetiumStorage',1,1,0,0,NULL,NULL),(84,18,'HaveUpgradedTo','Technology::SpaceFactory',1,1,0,0,NULL,NULL),(85,19,'HaveUpgradedTo','Building::SpaceFactory',1,1,0,0,NULL,NULL),(86,31,'HaveUpgradedTo','Unit::Crow',4,1,0,0,NULL,NULL),(87,35,'Destroy','Unit::Dirac',14,1,0,0,NULL,NULL),(88,36,'Destroy','Unit::Thor',10,1,0,0,NULL,NULL),(89,37,'Destroy','Unit::Demosis',6,1,0,0,NULL,NULL),(90,20,'AnnexPlanet','SsObject::Planet',1,NULL,0,1,NULL,NULL),(91,21,'UpgradeTo','Building::Headquarters',1,1,0,0,NULL,NULL),(92,34,'HaveUpgradedTo','Building::Radar',1,1,0,0,NULL,NULL),(93,38,'HavePlanets','SsObject::Planet',3,NULL,0,0,NULL,NULL),(94,39,'HavePlanets','SsObject::Planet',4,NULL,0,0,NULL,NULL),(95,40,'HavePlanets','SsObject::Planet',5,NULL,0,0,NULL,NULL),(96,41,'HavePlanets','SsObject::Planet',6,NULL,0,0,NULL,NULL),(97,42,'HavePlanets','SsObject::Planet',7,NULL,0,0,NULL,NULL),(98,43,'Destroy','Unit::Mule',2,1,0,0,NULL,NULL),(99,44,'Destroy','Unit::Crow',6,1,0,0,NULL,NULL),(100,45,'Destroy','Unit::Cyrix',4,1,0,0,NULL,NULL),(101,46,'Destroy','Unit::Cyrix',10,1,0,0,NULL,NULL),(102,47,'Destroy','Unit::Avenger',6,1,0,0,NULL,NULL),(103,48,'Destroy','Unit::Avenger',15,1,0,0,NULL,NULL),(104,49,'Destroy','Unit::Dart',6,1,0,0,NULL,NULL),(105,50,'Destroy','Unit::Dart',15,1,0,0,NULL,NULL),(106,51,'Destroy','Unit::Rhyno',1,1,0,0,NULL,NULL),(107,52,'Destroy','Unit::Rhyno',4,1,0,0,NULL,NULL),(108,53,'Destroy','Unit::Trooper',10,1,0,0,NULL,NULL),(109,53,'Destroy','Unit::Shocker',5,1,0,0,NULL,NULL),(110,53,'Destroy','Unit::Seeker',8,1,0,0,NULL,NULL),(111,54,'Destroy','Unit::Scorpion',15,1,0,0,NULL,NULL),(112,54,'Destroy','Unit::Azure',5,1,0,0,NULL,NULL),(113,55,'Destroy','Building::Vulcan',2,1,0,0,NULL,NULL),(114,56,'Destroy','Building::Vulcan',6,1,0,0,NULL,NULL),(115,57,'Destroy','Building::Vulcan',10,1,0,0,NULL,NULL),(116,58,'Destroy','Building::Screamer',2,1,0,0,NULL,NULL),(117,59,'Destroy','Building::Screamer',6,1,0,0,NULL,NULL),(118,60,'Destroy','Building::Screamer',10,1,0,0,NULL,NULL),(119,61,'Destroy','Building::Thunder',2,1,0,0,NULL,NULL),(120,62,'Destroy','Building::Thunder',6,1,0,0,NULL,NULL),(121,63,'Destroy','Building::Thunder',10,1,0,0,NULL,NULL),(122,65,'AnnexPlanet','SsObject::Planet',1,NULL,0,0,NULL,NULL),(123,10000,'ExploreBlock','ExploreBlock',50,NULL,0,0,NULL,NULL),(124,10001,'ExploreBlock','ExploreBlock',100,NULL,0,0,NULL,NULL),(125,10002,'ExploreBlock','ExploreBlock',250,NULL,0,0,NULL,NULL),(126,10003,'ExploreBlock','ExploreBlock',500,NULL,0,0,NULL,NULL),(127,10004,'ExploreBlock','ExploreBlock',1000,NULL,0,0,NULL,NULL),(128,10005,'ExploreBlock','ExploreBlock',2500,NULL,0,0,NULL,NULL),(129,10020,'Destroy','Unit',100,1,0,0,NULL,NULL),(130,10021,'Destroy','Unit',250,1,0,0,NULL,NULL),(131,10022,'Destroy','Unit',500,1,0,0,NULL,NULL),(132,10023,'Destroy','Unit',1000,1,0,0,NULL,NULL),(133,10024,'Destroy','Unit',2500,1,0,0,NULL,NULL),(134,10025,'Destroy','Unit',5000,1,0,0,NULL,NULL),(135,10026,'Destroy','Unit',10000,1,0,0,NULL,NULL),(136,10027,'Destroy','Unit',25000,1,0,0,NULL,NULL),(137,10040,'Destroy','Building',10,1,0,0,NULL,NULL),(138,10041,'Destroy','Building',25,1,0,0,NULL,NULL),(139,10042,'Destroy','Building',50,1,0,0,NULL,NULL),(140,10043,'Destroy','Building',100,1,0,0,NULL,NULL),(141,10044,'Destroy','Building',250,1,0,0,NULL,NULL),(142,10045,'Destroy','Building',500,1,0,0,NULL,NULL),(143,10060,'SelfDestruct','Building',5,NULL,0,0,NULL,NULL),(144,10061,'SelfDestruct','Building',10,NULL,0,0,NULL,NULL),(145,10062,'SelfDestruct','Building',25,NULL,0,0,NULL,NULL),(146,10063,'SelfDestruct','Building',50,NULL,0,0,NULL,NULL),(147,10064,'SelfDestruct','Building',75,NULL,0,0,NULL,NULL),(148,10065,'SelfDestruct','Building',100,NULL,0,0,NULL,NULL),(149,10080,'AccelerateFlight','',5,NULL,0,0,NULL,NULL),(150,10081,'AccelerateFlight','',10,NULL,0,0,NULL,NULL),(151,10082,'AccelerateFlight','',25,NULL,0,0,NULL,NULL),(152,10083,'AccelerateFlight','',50,NULL,0,0,NULL,NULL),(153,10084,'AccelerateFlight','',75,NULL,0,0,NULL,NULL),(154,10085,'AccelerateFlight','',100,NULL,0,0,NULL,NULL),(155,10100,'UpgradeTo','Unit',100,1,0,0,NULL,NULL),(156,10101,'UpgradeTo','Unit',250,1,0,0,NULL,NULL),(157,10102,'UpgradeTo','Unit',500,1,0,0,NULL,NULL),(158,10103,'UpgradeTo','Unit',1000,1,0,0,NULL,NULL),(159,10104,'UpgradeTo','Unit',2500,1,0,0,NULL,NULL),(160,10105,'UpgradeTo','Unit',5000,1,0,0,NULL,NULL),(161,10106,'UpgradeTo','Unit',10000,1,0,0,NULL,NULL),(162,10120,'UpgradeTo','Building',50,1,0,0,NULL,NULL),(163,10121,'UpgradeTo','Building',100,1,0,0,NULL,NULL),(164,10122,'UpgradeTo','Building',200,1,0,0,NULL,NULL),(165,10123,'UpgradeTo','Building',500,1,0,0,NULL,NULL),(166,10124,'UpgradeTo','Building',1000,1,0,0,NULL,NULL),(167,10140,'HaveUpgradedTo','Technology',5,1,0,0,NULL,NULL),(168,10141,'HaveUpgradedTo','Technology',10,1,0,0,NULL,NULL),(169,10142,'HaveUpgradedTo','Technology',15,1,0,0,NULL,NULL),(170,10143,'HaveUpgradedTo','Technology',20,1,0,0,NULL,NULL),(171,10144,'HaveUpgradedTo','Technology',25,1,0,0,NULL,NULL),(172,10160,'Accelerate','Unit',5,NULL,0,0,NULL,NULL),(173,10161,'Accelerate','Unit',15,NULL,0,0,NULL,NULL),(174,10162,'Accelerate','Unit',25,NULL,0,0,NULL,NULL),(175,10163,'Accelerate','Unit',50,NULL,0,0,NULL,NULL),(176,10164,'Accelerate','Unit',100,NULL,0,0,NULL,NULL),(177,10165,'Accelerate','Unit',150,NULL,0,0,NULL,NULL),(178,10166,'Accelerate','Unit',200,NULL,0,0,NULL,NULL),(179,10180,'Accelerate','Building',5,NULL,0,0,NULL,NULL),(180,10181,'Accelerate','Building',15,NULL,0,0,NULL,NULL),(181,10182,'Accelerate','Building',25,NULL,0,0,NULL,NULL),(182,10183,'Accelerate','Building',50,NULL,0,0,NULL,NULL),(183,10184,'Accelerate','Building',100,NULL,0,0,NULL,NULL),(184,10185,'Accelerate','Building',150,NULL,0,0,NULL,NULL),(185,10186,'Accelerate','Building',200,NULL,0,0,NULL,NULL),(186,10200,'Accelerate','Technology',5,NULL,0,0,NULL,NULL),(187,10201,'Accelerate','Technology',10,NULL,0,0,NULL,NULL),(188,10202,'Accelerate','Technology',15,NULL,0,0,NULL,NULL),(189,10203,'Accelerate','Technology',20,NULL,0,0,NULL,NULL),(190,10204,'Accelerate','Technology',25,NULL,0,0,NULL,NULL),(191,10220,'BecomeVip','Vip',4,1,0,0,NULL,NULL),(192,10221,'BecomeVip','Vip',8,1,0,0,NULL,NULL),(193,10222,'BecomeVip','Vip',12,1,0,0,NULL,NULL),(194,10223,'BecomeVip','Vip',16,1,0,0,NULL,NULL),(195,10224,'BecomeVip','Vip',20,1,0,0,NULL,NULL),(196,10240,'BecomeVip','Vip',2,2,0,0,NULL,NULL),(197,10241,'BecomeVip','Vip',4,2,0,0,NULL,NULL),(198,10242,'BecomeVip','Vip',6,2,0,0,NULL,NULL),(199,10243,'BecomeVip','Vip',8,2,0,0,NULL,NULL),(200,10244,'BecomeVip','Vip',10,2,0,0,NULL,NULL),(201,10260,'BecomeVip','Vip',1,3,0,0,NULL,NULL),(202,10261,'BecomeVip','Vip',2,3,0,0,NULL,NULL),(203,10262,'BecomeVip','Vip',3,3,0,0,NULL,NULL),(204,10263,'BecomeVip','Vip',4,3,0,0,NULL,NULL),(205,10264,'BecomeVip','Vip',5,3,0,0,NULL,NULL),(206,10280,'UpgradeTo','Building::Radar',1,1,0,0,NULL,NULL),(207,10281,'UpgradeTo','Building::Radar',2,1,0,0,NULL,NULL),(208,10282,'UpgradeTo','Building::Radar',3,1,0,0,NULL,NULL),(209,10283,'UpgradeTo','Building::Radar',4,1,0,0,NULL,NULL),(210,10284,'UpgradeTo','Building::Radar',5,1,0,0,NULL,NULL),(211,10290,'UpgradeTo','Building::Radar',1,2,0,0,NULL,NULL),(212,10291,'UpgradeTo','Building::Radar',2,2,0,0,NULL,NULL),(213,10292,'UpgradeTo','Building::Radar',3,2,0,0,NULL,NULL),(214,10300,'CompleteQuests','',25,NULL,0,0,NULL,NULL),(215,10301,'CompleteQuests','',50,NULL,0,0,NULL,NULL),(216,10302,'CompleteQuests','',100,NULL,0,0,NULL,NULL),(217,10320,'CompleteAchievements','',25,NULL,0,0,NULL,NULL),(218,10321,'CompleteAchievements','',50,NULL,0,0,NULL,NULL),(219,10322,'CompleteAchievements','',100,NULL,0,0,NULL,NULL),(220,10340,'Battle','',50,NULL,0,0,NULL,0),(221,10341,'Battle','',100,NULL,0,0,NULL,0),(222,10342,'Battle','',150,NULL,0,0,NULL,0),(223,10343,'Battle','',200,NULL,0,0,NULL,0),(224,10344,'Battle','',500,NULL,0,0,NULL,0),(225,10360,'Battle','',50,NULL,0,0,NULL,1),(226,10361,'Battle','',100,NULL,0,0,NULL,1),(227,10362,'Battle','',150,NULL,0,0,NULL,1),(228,10363,'Battle','',200,NULL,0,0,NULL,1),(229,10364,'Battle','',500,NULL,0,0,NULL,1),(230,10380,'MoveBuilding','Building',5,NULL,0,0,NULL,NULL),(231,10381,'MoveBuilding','Building',10,NULL,0,0,NULL,NULL),(232,10382,'MoveBuilding','Building',25,NULL,0,0,NULL,NULL),(233,10383,'MoveBuilding','Building',50,NULL,0,0,NULL,NULL),(234,10384,'MoveBuilding','Building',75,NULL,0,0,NULL,NULL),(235,10385,'MoveBuilding','Building',100,NULL,0,0,NULL,NULL),(236,10400,'HealHp','',25000,NULL,0,0,NULL,NULL),(237,10401,'HealHp','',50000,NULL,0,0,NULL,NULL),(238,10402,'HealHp','',100000,NULL,0,0,NULL,NULL),(239,10403,'HealHp','',250000,NULL,0,0,NULL,NULL),(240,10404,'HealHp','',500000,NULL,0,0,NULL,NULL),(241,10405,'HealHp','',1000000,NULL,0,0,NULL,NULL),(242,10406,'HealHp','',2000000,NULL,0,0,NULL,NULL);
/*!40000 ALTER TABLE `objectives` ENABLE KEYS */;
UNLOCK TABLES;

--
-- Table structure for table `players`
--

DROP TABLE IF EXISTS `players`;
/*!40101 SET @saved_cs_client     = @@character_set_client */;
/*!40101 SET character_set_client = utf8 */;
CREATE TABLE `players` (
  `id` int(11) NOT NULL AUTO_INCREMENT,
  `galaxy_id` int(11) DEFAULT NULL,
  `auth_token` char(64) NOT NULL,
  `name` varchar(64) NOT NULL,
  `scientists` int(10) unsigned NOT NULL DEFAULT '0',
  `scientists_total` int(10) unsigned NOT NULL DEFAULT '0',
  `alliance_id` int(11) DEFAULT NULL,
  `xp` int(10) unsigned NOT NULL DEFAULT '0',
  `war_points` int(10) unsigned NOT NULL DEFAULT '0',
  `first_time` tinyint(1) NOT NULL DEFAULT '1',
  `army_points` int(10) unsigned NOT NULL DEFAULT '0',
  `science_points` int(10) unsigned NOT NULL DEFAULT '0',
  `economy_points` int(10) unsigned NOT NULL DEFAULT '0',
  `planets_count` tinyint(2) unsigned NOT NULL,
  `last_login` datetime DEFAULT NULL,
  `victory_points` mediumint(8) unsigned NOT NULL DEFAULT '0',
  `creds` int(10) unsigned NOT NULL DEFAULT '0',
  `language` char(2) NOT NULL DEFAULT 'en',
  `population` mediumint(8) unsigned NOT NULL DEFAULT '0',
  `population_max` mediumint(8) unsigned NOT NULL,
  `alliance_cooldown_ends_at` datetime DEFAULT NULL,
  `vip_level` tinyint(2) unsigned NOT NULL DEFAULT '0',
  `vip_creds` int(10) unsigned NOT NULL DEFAULT '0',
  `vip_until` datetime DEFAULT NULL,
  `vip_creds_until` datetime DEFAULT NULL,
  `daily_bonus_at` datetime DEFAULT NULL,
  `alliance_vps` int(10) unsigned NOT NULL DEFAULT '0',
  PRIMARY KEY (`id`),
  UNIQUE KEY `authentication` (`galaxy_id`,`auth_token`),
  KEY `index_players_on_alliance_id` (`alliance_id`),
  KEY `last_login` (`last_login`),
  CONSTRAINT `players_ibfk_1` FOREIGN KEY (`galaxy_id`) REFERENCES `galaxies` (`id`) ON DELETE CASCADE,
  CONSTRAINT `players_ibfk_2` FOREIGN KEY (`alliance_id`) REFERENCES `alliances` (`id`) ON DELETE SET NULL
) ENGINE=InnoDB AUTO_INCREMENT=2 DEFAULT CHARSET=utf8;
/*!40101 SET character_set_client = @saved_cs_client */;

--
-- Dumping data for table `players`
--

LOCK TABLES `players` WRITE;
/*!40000 ALTER TABLE `players` DISABLE KEYS */;
INSERT INTO `players` VALUES (1,1,'0000000000000000000000000000000000000000000000000000000000000000','Test Player',18,18,NULL,0,0,1,0,0,0,1,NULL,0,0,'en',0,110,NULL,0,0,NULL,NULL,NULL,0);
/*!40000 ALTER TABLE `players` ENABLE KEYS */;
UNLOCK TABLES;

--
-- Table structure for table `quest_progresses`
--

DROP TABLE IF EXISTS `quest_progresses`;
/*!40101 SET @saved_cs_client     = @@character_set_client */;
/*!40101 SET character_set_client = utf8 */;
CREATE TABLE `quest_progresses` (
  `id` int(11) NOT NULL AUTO_INCREMENT,
  `quest_id` int(11) NOT NULL,
  `player_id` int(11) NOT NULL,
  `status` tinyint(2) unsigned NOT NULL,
  `completed` tinyint(2) unsigned NOT NULL DEFAULT '0',
  PRIMARY KEY (`id`),
  UNIQUE KEY `on_objective_complete` (`quest_id`,`player_id`),
  KEY `listing` (`player_id`,`status`),
  CONSTRAINT `quest_progresses_ibfk_2` FOREIGN KEY (`player_id`) REFERENCES `players` (`id`) ON DELETE CASCADE,
  CONSTRAINT `quest_progresses_ibfk_1` FOREIGN KEY (`quest_id`) REFERENCES `quests` (`id`) ON DELETE CASCADE
) ENGINE=InnoDB AUTO_INCREMENT=122 DEFAULT CHARSET=utf8;
/*!40101 SET character_set_client = @saved_cs_client */;

--
-- Dumping data for table `quest_progresses`
--

LOCK TABLES `quest_progresses` WRITE;
/*!40000 ALTER TABLE `quest_progresses` DISABLE KEYS */;
INSERT INTO `quest_progresses` VALUES (1,1,1,0,0),(2,10000,1,0,0),(3,10001,1,0,0),(4,10002,1,0,0),(5,10003,1,0,0),(6,10004,1,0,0),(7,10005,1,0,0),(8,10020,1,0,0),(9,10021,1,0,0),(10,10022,1,0,0),(11,10023,1,0,0),(12,10024,1,0,0),(13,10025,1,0,0),(14,10026,1,0,0),(15,10027,1,0,0),(16,10040,1,0,0),(17,10041,1,0,0),(18,10042,1,0,0),(19,10043,1,0,0),(20,10044,1,0,0),(21,10045,1,0,0),(22,10060,1,0,0),(23,10061,1,0,0),(24,10062,1,0,0),(25,10063,1,0,0),(26,10064,1,0,0),(27,10065,1,0,0),(28,10080,1,0,0),(29,10081,1,0,0),(30,10082,1,0,0),(31,10083,1,0,0),(32,10084,1,0,0),(33,10085,1,0,0),(34,10100,1,0,0),(35,10101,1,0,0),(36,10102,1,0,0),(37,10103,1,0,0),(38,10104,1,0,0),(39,10105,1,0,0),(40,10106,1,0,0),(41,10120,1,0,0),(42,10121,1,0,0),(43,10122,1,0,0),(44,10123,1,0,0),(45,10124,1,0,0),(46,10140,1,0,0),(47,10141,1,0,0),(48,10142,1,0,0),(49,10143,1,0,0),(50,10144,1,0,0),(51,10160,1,0,0),(52,10161,1,0,0),(53,10162,1,0,0),(54,10163,1,0,0),(55,10164,1,0,0),(56,10165,1,0,0),(57,10166,1,0,0),(58,10180,1,0,0),(59,10181,1,0,0),(60,10182,1,0,0),(61,10183,1,0,0),(62,10184,1,0,0),(63,10185,1,0,0),(64,10186,1,0,0),(65,10200,1,0,0),(66,10201,1,0,0),(67,10202,1,0,0),(68,10203,1,0,0),(69,10204,1,0,0),(70,10220,1,0,0),(71,10221,1,0,0),(72,10222,1,0,0),(73,10223,1,0,0),(74,10224,1,0,0),(75,10240,1,0,0),(76,10241,1,0,0),(77,10242,1,0,0),(78,10243,1,0,0),(79,10244,1,0,0),(80,10260,1,0,0),(81,10261,1,0,0),(82,10262,1,0,0),(83,10263,1,0,0),(84,10264,1,0,0),(85,10280,1,0,0),(86,10281,1,0,0),(87,10282,1,0,0),(88,10283,1,0,0),(89,10284,1,0,0),(90,10290,1,0,0),(91,10291,1,0,0),(92,10292,1,0,0),(93,10300,1,0,0),(94,10301,1,0,0),(95,10302,1,0,0),(96,10320,1,0,0),(97,10321,1,0,0),(98,10322,1,0,0),(99,10340,1,0,0),(100,10341,1,0,0),(101,10342,1,0,0),(102,10343,1,0,0),(103,10344,1,0,0),(104,10360,1,0,0),(105,10361,1,0,0),(106,10362,1,0,0),(107,10363,1,0,0),(108,10364,1,0,0),(109,10380,1,0,0),(110,10381,1,0,0),(111,10382,1,0,0),(112,10383,1,0,0),(113,10384,1,0,0),(114,10385,1,0,0),(115,10400,1,0,0),(116,10401,1,0,0),(117,10402,1,0,0),(118,10403,1,0,0),(119,10404,1,0,0),(120,10405,1,0,0),(121,10406,1,0,0);
/*!40000 ALTER TABLE `quest_progresses` ENABLE KEYS */;
UNLOCK TABLES;

--
-- Table structure for table `quests`
--

DROP TABLE IF EXISTS `quests`;
/*!40101 SET @saved_cs_client     = @@character_set_client */;
/*!40101 SET character_set_client = utf8 */;
CREATE TABLE `quests` (
  `id` int(11) NOT NULL AUTO_INCREMENT,
  `parent_id` int(11) DEFAULT NULL,
  `rewards` text,
  `help_url_id` varchar(255) DEFAULT NULL,
  `achievement` tinyint(1) NOT NULL DEFAULT '0',
  PRIMARY KEY (`id`),
  KEY `child quests` (`parent_id`),
  KEY `index_quests_on_achievement` (`achievement`),
  CONSTRAINT `quests_ibfk_1` FOREIGN KEY (`parent_id`) REFERENCES `quests` (`id`) ON DELETE CASCADE
) ENGINE=InnoDB AUTO_INCREMENT=10407 DEFAULT CHARSET=utf8;
/*!40101 SET character_set_client = @saved_cs_client */;

--
-- Dumping data for table `quests`
--

LOCK TABLES `quests` WRITE;
/*!40000 ALTER TABLE `quests` DISABLE KEYS */;
INSERT INTO `quests` VALUES (1,NULL,'{\"metal\":25.2,\"energy\":96.0}','Constructing Buildings',0),(2,1,'{\"metal\":69.3,\"energy\":140.8}','Extracting Metal',0),(3,2,'{\"metal\":4068.0,\"energy\":8136.0}',NULL,0),(4,3,'{\"metal\":412.5,\"energy\":920.7}','Upgrading Buildings',0),(5,4,'{\"metal\":199.8,\"zetium\":5.4,\"points\":4000}',NULL,0),(6,3,'{\"metal\":1423.8,\"energy\":2847.6,\"zetium\":8.28,\"units\":[{\"level\":1,\"type\":\"Trooper\",\"count\":4,\"hp\":100}]}',NULL,0),(7,6,'{\"metal\":1084.8,\"energy\":2169.6,\"zetium\":8.28}','Building Units',0),(8,6,'{\"metal\":7461.3,\"energy\":16538.5,\"zetium\":2600.4,\"units\":[{\"level\":2,\"type\":\"Trooper\",\"count\":2,\"hp\":50},{\"level\":3,\"type\":\"Trooper\",\"count\":1,\"hp\":30}],\"creds\":7500}','Attacking NPC Buildings',0),(9,32,'{\"metal\":862.8,\"energy\":4101.6,\"zetium\":8.28,\"points\":2000}',NULL,0),(10,8,'{\"metal\":1725.6,\"energy\":2461.2,\"zetium\":8.28,\"points\":2000}',NULL,0),(11,8,'{\"metal\":2779.8,\"energy\":5559.6,\"units\":[{\"level\":1,\"type\":\"Trooper\",\"count\":4,\"hp\":100},{\"level\":1,\"type\":\"Seeker\",\"count\":2,\"hp\":100}]}',NULL,0),(12,11,'{\"metal\":2060.0,\"energy\":4120.0,\"points\":2000}','Researching Technologies',0),(13,12,'{\"metal\":2074.8,\"energy\":4148.65,\"zetium\":45.6,\"points\":2000}',NULL,0),(14,11,'{\"metal\":297.6,\"energy\":907.2}',NULL,0),(15,14,'{\"metal\":3590.2,\"energy\":3287.0,\"zetium\":284.4}','Extracting Zetium',0),(16,15,'{\"units\":[{\"level\":3,\"type\":\"Trooper\",\"count\":1,\"hp\":100},{\"level\":2,\"type\":\"Seeker\",\"count\":1,\"hp\":100},{\"level\":1,\"type\":\"Shocker\",\"count\":2,\"hp\":100}]}','Collecting Points',0),(17,15,'{\"metal\":9225.6,\"energy\":12915.6,\"zetium\":646.8}',NULL,0),(18,17,'{\"metal\":15375.2,\"energy\":21525.6,\"zetium\":1076.8}',NULL,0),(19,18,'{\"metal\":16144.8,\"energy\":22604.4,\"zetium\":1134.0,\"units\":[{\"level\":1,\"type\":\"Crow\",\"count\":2,\"hp\":100}]}',NULL,0),(20,19,'{\"units\":[{\"level\":1,\"type\":\"Mule\",\"count\":1,\"hp\":100},{\"level\":1,\"type\":\"Mdh\",\"count\":1,\"hp\":100}]}','Annexing Planets',0),(21,20,'{\"metal\":2317.1712,\"energy\":5121.4752,\"zetium\":235.9962}','Colonizing Planets',0),(22,3,'{\"units\":[{\"level\":1,\"type\":\"Gnat\",\"count\":1,\"hp\":25}],\"points\":200}','Exploring Objects',0),(23,22,'{\"units\":[{\"level\":1,\"type\":\"Glancer\",\"count\":1,\"hp\":60}],\"points\":1000}',NULL,0),(24,11,'{\"units\":[{\"level\":1,\"type\":\"Gnat\",\"count\":2,\"hp\":25},{\"level\":1,\"type\":\"Gnat\",\"count\":2,\"hp\":20},{\"level\":1,\"type\":\"Gnat\",\"count\":2,\"hp\":15},{\"level\":1,\"type\":\"Gnat\",\"count\":2,\"hp\":10}],\"points\":800}',NULL,0),(25,24,'{\"units\":[{\"level\":1,\"type\":\"Glancer\",\"count\":2,\"hp\":80}],\"points\":800}',NULL,0),(26,25,'{\"units\":[{\"level\":1,\"type\":\"Spudder\",\"count\":1,\"hp\":96}],\"points\":1600}',NULL,0),(27,11,'{\"metal\":2970.0,\"energy\":9072.0}','Zetium Crystals',0),(28,16,'{\"units\":[{\"level\":2,\"type\":\"Scorpion\",\"count\":1,\"hp\":70},{\"level\":1,\"type\":\"Azure\",\"count\":1,\"hp\":100}]}',NULL,0),(29,28,'{\"units\":[{\"level\":2,\"type\":\"Cyrix\",\"count\":1,\"hp\":60},{\"level\":1,\"type\":\"Crow\",\"count\":2,\"hp\":100}]}',NULL,0),(30,29,'{\"units\":[{\"level\":1,\"type\":\"Avenger\",\"count\":1,\"hp\":100},{\"level\":1,\"type\":\"Dart\",\"count\":1,\"hp\":100}]}',NULL,0),(31,19,'{\"metal\":23064,\"energy\":32292,\"zetium\":1620}','Fighting in Space',0),(32,8,'{\"metal\":150.0,\"energy\":627.6,\"points\":2000}',NULL,0),(33,30,'{\"units\":[{\"level\":1,\"type\":\"Rhyno\",\"count\":1,\"hp\":100},{\"level\":3,\"type\":\"Cyrix\",\"count\":2,\"hp\":100}]}',NULL,0),(34,21,'{\"metal\":1931.2,\"energy\":21357.92,\"zetium\":262.4}','Exploring Galaxy',0),(35,19,'{\"units\":[{\"level\":1,\"type\":\"Dart\",\"count\":2,\"hp\":100}]}',NULL,0),(36,35,'{\"units\":[{\"level\":1,\"type\":\"Avenger\",\"count\":2,\"hp\":100}]}',NULL,0),(37,36,'{\"units\":[{\"level\":1,\"type\":\"Rhyno\",\"count\":1,\"hp\":100}]}',NULL,0),(38,34,'{\"units\":[{\"level\":2,\"type\":\"Trooper\",\"count\":10,\"hp\":100},{\"level\":2,\"type\":\"Seeker\",\"count\":5,\"hp\":100},{\"level\":2,\"type\":\"Scorpion\",\"count\":2,\"hp\":100}]}',NULL,0),(39,38,'{\"units\":[{\"level\":2,\"type\":\"Trooper\",\"count\":15,\"hp\":100},{\"level\":2,\"type\":\"Shocker\",\"count\":8,\"hp\":100},{\"level\":2,\"type\":\"Seeker\",\"count\":3,\"hp\":100},{\"level\":2,\"type\":\"Scorpion\",\"count\":2,\"hp\":100}]}',NULL,0),(40,39,'{\"units\":[{\"level\":2,\"type\":\"Shocker\",\"count\":8,\"hp\":100},{\"level\":2,\"type\":\"Seeker\",\"count\":5,\"hp\":100},{\"level\":2,\"type\":\"Scorpion\",\"count\":5,\"hp\":100},{\"level\":2,\"type\":\"Azure\",\"count\":3,\"hp\":100}]}',NULL,0),(41,40,'{\"units\":[{\"level\":2,\"type\":\"Shocker\",\"count\":10,\"hp\":100},{\"level\":2,\"type\":\"Seeker\",\"count\":8,\"hp\":100},{\"level\":2,\"type\":\"Scorpion\",\"count\":7,\"hp\":100},{\"level\":2,\"type\":\"Azure\",\"count\":3,\"hp\":100},{\"level\":2,\"type\":\"Cyrix\",\"count\":5,\"hp\":100},{\"level\":2,\"type\":\"Dart\",\"count\":3,\"hp\":100}]}',NULL,0),(42,41,'{\"units\":[{\"level\":2,\"type\":\"Shocker\",\"count\":15,\"hp\":100},{\"level\":2,\"type\":\"Seeker\",\"count\":10,\"hp\":100},{\"level\":2,\"type\":\"Scorpion\",\"count\":10,\"hp\":100},{\"level\":2,\"type\":\"Azure\",\"count\":5,\"hp\":100},{\"level\":2,\"type\":\"Cyrix\",\"count\":10,\"hp\":100},{\"level\":2,\"type\":\"Avenger\",\"count\":5,\"hp\":100},{\"level\":2,\"type\":\"Dart\",\"count\":5,\"hp\":100}]}',NULL,0),(43,34,'{\"units\":[{\"level\":5,\"type\":\"Mule\",\"count\":1,\"hp\":100}]}',NULL,0),(44,43,'{\"units\":[{\"level\":5,\"type\":\"Crow\",\"count\":1,\"hp\":100}]}',NULL,0),(45,44,'{\"units\":[{\"level\":3,\"type\":\"Cyrix\",\"count\":1,\"hp\":100}]}',NULL,0),(46,45,'{\"units\":[{\"level\":5,\"type\":\"Cyrix\",\"count\":1,\"hp\":100}]}',NULL,0),(47,46,'{\"units\":[{\"level\":5,\"type\":\"Avenger\",\"count\":1,\"hp\":100}]}',NULL,0),(48,47,'{\"units\":[{\"level\":5,\"type\":\"Avenger\",\"count\":3,\"hp\":100}]}',NULL,0),(49,46,'{\"units\":[{\"level\":5,\"type\":\"Dart\",\"count\":1,\"hp\":100}]}',NULL,0),(50,49,'{\"units\":[{\"level\":5,\"type\":\"Dart\",\"count\":3,\"hp\":100}]}',NULL,0),(51,46,'{\"units\":[{\"level\":8,\"type\":\"Avenger\",\"count\":1,\"hp\":100}]}',NULL,0),(52,51,'{\"units\":[{\"level\":3,\"type\":\"Rhyno\",\"count\":1,\"hp\":100}]}',NULL,0),(53,34,'{\"units\":[{\"level\":5,\"type\":\"Scorpion\",\"count\":1,\"hp\":100}]}',NULL,0),(54,53,'{\"units\":[{\"level\":6,\"type\":\"Azure\",\"count\":1,\"hp\":100}]}',NULL,0),(55,54,'{\"units\":[{\"level\":5,\"type\":\"Trooper\",\"count\":3,\"hp\":100},{\"level\":5,\"type\":\"Seeker\",\"count\":3,\"hp\":100},{\"level\":7,\"type\":\"Shocker\",\"count\":1,\"hp\":100}]}',NULL,0),(56,55,'{\"units\":[{\"level\":5,\"type\":\"Trooper\",\"count\":4,\"hp\":100},{\"level\":5,\"type\":\"Seeker\",\"count\":4,\"hp\":100},{\"level\":7,\"type\":\"Shocker\",\"count\":2,\"hp\":100}]}',NULL,0),(57,56,'{\"units\":[{\"level\":5,\"type\":\"Trooper\",\"count\":5,\"hp\":100},{\"level\":5,\"type\":\"Seeker\",\"count\":5,\"hp\":100},{\"level\":7,\"type\":\"Shocker\",\"count\":3,\"hp\":100}]}',NULL,0),(58,54,'{\"units\":[{\"level\":6,\"type\":\"Scorpion\",\"count\":1,\"hp\":100},{\"level\":6,\"type\":\"Azure\",\"count\":1,\"hp\":100}]}',NULL,0),(59,58,'{\"units\":[{\"level\":6,\"type\":\"Scorpion\",\"count\":2,\"hp\":100},{\"level\":6,\"type\":\"Azure\",\"count\":2,\"hp\":100}]}',NULL,0),(60,59,'{\"units\":[{\"level\":6,\"type\":\"Scorpion\",\"count\":3,\"hp\":100},{\"level\":6,\"type\":\"Azure\",\"count\":3,\"hp\":100}]}',NULL,0),(61,54,'{\"units\":[{\"level\":5,\"type\":\"Cyrix\",\"count\":2,\"hp\":100}]}',NULL,0),(62,61,'{\"units\":[{\"level\":5,\"type\":\"Cyrix\",\"count\":4,\"hp\":100}]}',NULL,0),(63,62,'{\"units\":[{\"level\":5,\"type\":\"Cyrix\",\"count\":6,\"hp\":100}]}',NULL,0),(64,33,'{\"units\":[{\"level\":7,\"type\":\"Rhyno\",\"count\":1,\"hp\":100}]}',NULL,0),(65,54,'{\"units\":[{\"level\":5,\"type\":\"Scorpion\",\"count\":2,\"hp\":100}]}',NULL,0),(66,27,'{\"metal\":600,\"energy\":1800,\"zetium\":105}',NULL,0),(67,66,'{\"metal\":1040,\"energy\":3120,\"zetium\":182}',NULL,0),(68,67,'{\"metal\":1760,\"energy\":5280,\"zetium\":308}',NULL,0),(69,68,'{\"metal\":2960,\"energy\":8880,\"zetium\":518}',NULL,0),(70,69,'{\"metal\":6000,\"energy\":18000,\"zetium\":1050}',NULL,0),(71,70,'{\"metal\":10200,\"energy\":30600,\"zetium\":1785}',NULL,0),(72,11,'{\"scientists\":10}',NULL,0),(73,72,'{\"scientists\":20}',NULL,0),(74,73,'{\"scientists\":30}',NULL,0),(75,74,'{\"scientists\":40}',NULL,0),(76,75,'{\"scientists\":60}',NULL,0),(77,76,'{\"scientists\":80}',NULL,0),(78,77,'{\"scientists\":100}',NULL,0),(79,78,'{\"scientists\":150}',NULL,0),(80,7,'{\"units\":[{\"level\":3,\"type\":\"Trooper\",\"count\":2,\"hp\":100}]}',NULL,0),(81,80,'{\"units\":[{\"level\":3,\"type\":\"Trooper\",\"count\":2,\"hp\":100}]}',NULL,0),(82,81,'{\"units\":[{\"level\":3,\"type\":\"Seeker\",\"count\":1,\"hp\":100},{\"level\":3,\"type\":\"Trooper\",\"count\":2,\"hp\":100}]}',NULL,0),(83,82,'{\"units\":[{\"level\":3,\"type\":\"Seeker\",\"count\":1,\"hp\":100},{\"level\":3,\"type\":\"Trooper\",\"count\":4,\"hp\":100}]}',NULL,0),(84,83,'{\"units\":[{\"level\":3,\"type\":\"Scorpion\",\"count\":1,\"hp\":100}]}',NULL,0),(85,84,'{\"units\":[{\"level\":3,\"type\":\"Scorpion\",\"count\":1,\"hp\":100}]}',NULL,0),(86,85,'{\"units\":[{\"level\":2,\"type\":\"Crow\",\"count\":1,\"hp\":100}]}',NULL,0),(87,86,'{\"units\":[{\"level\":3,\"type\":\"Cyrix\",\"count\":1,\"hp\":100}]}',NULL,0),(88,87,'{\"units\":[{\"level\":3,\"type\":\"Scorpion\",\"count\":1,\"hp\":100},{\"level\":3,\"type\":\"Cyrix\",\"count\":1,\"hp\":100}]}',NULL,0),(89,88,'{\"units\":[{\"level\":3,\"type\":\"Cyrix\",\"count\":2,\"hp\":100}]}',NULL,0),(90,89,'{\"units\":[{\"level\":3,\"type\":\"Cyrix\",\"count\":3,\"hp\":100}]}',NULL,0),(91,90,'{\"units\":[{\"level\":3,\"type\":\"Rhyno\",\"count\":1,\"hp\":100}]}',NULL,0),(92,91,'{\"units\":[{\"level\":3,\"type\":\"Rhyno\",\"count\":1,\"hp\":100},{\"level\":3,\"type\":\"Scorpion\",\"count\":1,\"hp\":100},{\"level\":3,\"type\":\"Cyrix\",\"count\":1,\"hp\":100}]}',NULL,0),(93,92,'{\"units\":[{\"level\":2,\"type\":\"Crow\",\"count\":1,\"hp\":100},{\"level\":3,\"type\":\"Rhyno\",\"count\":1,\"hp\":100},{\"level\":3,\"type\":\"Cyrix\",\"count\":3,\"hp\":100}]}',NULL,0),(94,93,'{\"units\":[{\"level\":3,\"type\":\"Avenger\",\"count\":1,\"hp\":100},{\"level\":2,\"type\":\"Crow\",\"count\":3,\"hp\":100},{\"level\":3,\"type\":\"Rhyno\",\"count\":1,\"hp\":100},{\"level\":3,\"type\":\"Cyrix\",\"count\":3,\"hp\":100}]}',NULL,0),(95,71,'{\"metal\":18000,\"energy\":54000,\"zetium\":3150}',NULL,0),(96,95,'{\"metal\":25200,\"energy\":75600,\"zetium\":4410}',NULL,0),(97,96,'{\"metal\":35280,\"energy\":105840,\"zetium\":6174}',NULL,0),(98,97,'{\"metal\":49400,\"energy\":148200,\"zetium\":8645}',NULL,0),(99,98,'{\"metal\":69160,\"energy\":207480,\"zetium\":12103}',NULL,0),(100,99,'{\"metal\":96840,\"energy\":290520,\"zetium\":16947}',NULL,0),(101,100,'{\"metal\":135560,\"energy\":406680,\"zetium\":23723}',NULL,0),(102,101,'{\"metal\":189760,\"energy\":569280,\"zetium\":33208}',NULL,0),(106,94,'{\"units\":[{\"level\":3,\"type\":\"Avenger\",\"count\":1,\"hp\":100},{\"level\":2,\"type\":\"Crow\",\"count\":3,\"hp\":100},{\"level\":3,\"type\":\"Dart\",\"count\":1,\"hp\":100},{\"level\":3,\"type\":\"Rhyno\",\"count\":1,\"hp\":100},{\"level\":3,\"type\":\"Cyrix\",\"count\":3,\"hp\":100}]}',NULL,0),(107,106,'{\"units\":[{\"level\":3,\"type\":\"Avenger\",\"count\":1,\"hp\":100},{\"level\":2,\"type\":\"Crow\",\"count\":3,\"hp\":100},{\"level\":3,\"type\":\"Dart\",\"count\":2,\"hp\":100},{\"level\":3,\"type\":\"Rhyno\",\"count\":1,\"hp\":100},{\"level\":3,\"type\":\"Cyrix\",\"count\":3,\"hp\":100}]}',NULL,0),(108,107,'{\"units\":[{\"level\":3,\"type\":\"Avenger\",\"count\":2,\"hp\":100},{\"level\":2,\"type\":\"Crow\",\"count\":3,\"hp\":100},{\"level\":3,\"type\":\"Dart\",\"count\":2,\"hp\":100},{\"level\":3,\"type\":\"Rhyno\",\"count\":1,\"hp\":100},{\"level\":3,\"type\":\"Cyrix\",\"count\":4,\"hp\":100}]}',NULL,0),(109,108,'{\"units\":[{\"level\":3,\"type\":\"Avenger\",\"count\":2,\"hp\":100},{\"level\":2,\"type\":\"Crow\",\"count\":4,\"hp\":100},{\"level\":3,\"type\":\"Dart\",\"count\":2,\"hp\":100},{\"level\":3,\"type\":\"Rhyno\",\"count\":1,\"hp\":100},{\"level\":3,\"type\":\"Cyrix\",\"count\":6,\"hp\":100}]}',NULL,0),(110,109,'{\"units\":[{\"level\":3,\"type\":\"Avenger\",\"count\":2,\"hp\":100},{\"level\":2,\"type\":\"Crow\",\"count\":3,\"hp\":100},{\"level\":3,\"type\":\"Dart\",\"count\":2,\"hp\":100},{\"level\":3,\"type\":\"Rhyno\",\"count\":2,\"hp\":100},{\"level\":3,\"type\":\"Cyrix\",\"count\":5,\"hp\":100}]}',NULL,0),(111,110,'{\"units\":[{\"level\":3,\"type\":\"Avenger\",\"count\":2,\"hp\":100},{\"level\":2,\"type\":\"Crow\",\"count\":7,\"hp\":100},{\"level\":3,\"type\":\"Dart\",\"count\":2,\"hp\":100},{\"level\":3,\"type\":\"Rhyno\",\"count\":2,\"hp\":100},{\"level\":3,\"type\":\"Cyrix\",\"count\":6,\"hp\":100}]}',NULL,0),(112,111,'{\"units\":[{\"level\":3,\"type\":\"Avenger\",\"count\":4,\"hp\":100},{\"level\":2,\"type\":\"Crow\",\"count\":6,\"hp\":100},{\"level\":3,\"type\":\"Dart\",\"count\":3,\"hp\":100},{\"level\":3,\"type\":\"Rhyno\",\"count\":2,\"hp\":100},{\"level\":3,\"type\":\"Cyrix\",\"count\":6,\"hp\":100}]}',NULL,0),(113,112,'{\"units\":[{\"level\":3,\"type\":\"Avenger\",\"count\":4,\"hp\":100},{\"level\":2,\"type\":\"Crow\",\"count\":7,\"hp\":100},{\"level\":3,\"type\":\"Dart\",\"count\":4,\"hp\":100},{\"level\":3,\"type\":\"Rhyno\",\"count\":2,\"hp\":100},{\"level\":3,\"type\":\"Cyrix\",\"count\":8,\"hp\":100}]}',NULL,0),(114,113,'{\"units\":[{\"level\":3,\"type\":\"Avenger\",\"count\":4,\"hp\":100},{\"level\":2,\"type\":\"Crow\",\"count\":7,\"hp\":100},{\"level\":3,\"type\":\"Dart\",\"count\":4,\"hp\":100},{\"level\":3,\"type\":\"Rhyno\",\"count\":3,\"hp\":100},{\"level\":3,\"type\":\"Cyrix\",\"count\":9,\"hp\":100}]}',NULL,0),(115,114,'{\"units\":[{\"level\":3,\"type\":\"Avenger\",\"count\":6,\"hp\":100},{\"level\":2,\"type\":\"Crow\",\"count\":9,\"hp\":100},{\"level\":3,\"type\":\"Dart\",\"count\":5,\"hp\":100},{\"level\":3,\"type\":\"Rhyno\",\"count\":3,\"hp\":100},{\"level\":3,\"type\":\"Cyrix\",\"count\":9,\"hp\":100}]}',NULL,0),(116,8,'{\"creds\":2000}','VIP players',0),(117,116,'{\"metal\":2406,\"energy\":4809,\"zetium\":108}','Accelerating',0),(10000,NULL,NULL,NULL,1),(10001,NULL,NULL,NULL,1),(10002,NULL,NULL,NULL,1),(10003,NULL,NULL,NULL,1),(10004,NULL,NULL,NULL,1),(10005,NULL,NULL,NULL,1),(10020,NULL,NULL,NULL,1),(10021,NULL,NULL,NULL,1),(10022,NULL,NULL,NULL,1),(10023,NULL,NULL,NULL,1),(10024,NULL,NULL,NULL,1),(10025,NULL,NULL,NULL,1),(10026,NULL,NULL,NULL,1),(10027,NULL,NULL,NULL,1),(10040,NULL,NULL,NULL,1),(10041,NULL,NULL,NULL,1),(10042,NULL,NULL,NULL,1),(10043,NULL,NULL,NULL,1),(10044,NULL,NULL,NULL,1),(10045,NULL,NULL,NULL,1),(10060,NULL,NULL,NULL,1),(10061,NULL,NULL,NULL,1),(10062,NULL,NULL,NULL,1),(10063,NULL,NULL,NULL,1),(10064,NULL,NULL,NULL,1),(10065,NULL,NULL,NULL,1),(10080,NULL,NULL,NULL,1),(10081,NULL,NULL,NULL,1),(10082,NULL,NULL,NULL,1),(10083,NULL,NULL,NULL,1),(10084,NULL,NULL,NULL,1),(10085,NULL,NULL,NULL,1),(10100,NULL,NULL,NULL,1),(10101,NULL,NULL,NULL,1),(10102,NULL,NULL,NULL,1),(10103,NULL,NULL,NULL,1),(10104,NULL,NULL,NULL,1),(10105,NULL,NULL,NULL,1),(10106,NULL,NULL,NULL,1),(10120,NULL,NULL,NULL,1),(10121,NULL,NULL,NULL,1),(10122,NULL,NULL,NULL,1),(10123,NULL,NULL,NULL,1),(10124,NULL,NULL,NULL,1),(10140,NULL,NULL,NULL,1),(10141,NULL,NULL,NULL,1),(10142,NULL,NULL,NULL,1),(10143,NULL,NULL,NULL,1),(10144,NULL,NULL,NULL,1),(10160,NULL,NULL,NULL,1),(10161,NULL,NULL,NULL,1),(10162,NULL,NULL,NULL,1),(10163,NULL,NULL,NULL,1),(10164,NULL,NULL,NULL,1),(10165,NULL,NULL,NULL,1),(10166,NULL,NULL,NULL,1),(10180,NULL,NULL,NULL,1),(10181,NULL,NULL,NULL,1),(10182,NULL,NULL,NULL,1),(10183,NULL,NULL,NULL,1),(10184,NULL,NULL,NULL,1),(10185,NULL,NULL,NULL,1),(10186,NULL,NULL,NULL,1),(10200,NULL,NULL,NULL,1),(10201,NULL,NULL,NULL,1),(10202,NULL,NULL,NULL,1),(10203,NULL,NULL,NULL,1),(10204,NULL,NULL,NULL,1),(10220,NULL,NULL,NULL,1),(10221,NULL,NULL,NULL,1),(10222,NULL,NULL,NULL,1),(10223,NULL,NULL,NULL,1),(10224,NULL,NULL,NULL,1),(10240,NULL,NULL,NULL,1),(10241,NULL,NULL,NULL,1),(10242,NULL,NULL,NULL,1),(10243,NULL,NULL,NULL,1),(10244,NULL,NULL,NULL,1),(10260,NULL,NULL,NULL,1),(10261,NULL,NULL,NULL,1),(10262,NULL,NULL,NULL,1),(10263,NULL,NULL,NULL,1),(10264,NULL,NULL,NULL,1),(10280,NULL,NULL,NULL,1),(10281,NULL,NULL,NULL,1),(10282,NULL,NULL,NULL,1),(10283,NULL,NULL,NULL,1),(10284,NULL,NULL,NULL,1),(10290,NULL,NULL,NULL,1),(10291,NULL,NULL,NULL,1),(10292,NULL,NULL,NULL,1),(10300,NULL,NULL,NULL,1),(10301,NULL,NULL,NULL,1),(10302,NULL,NULL,NULL,1),(10320,NULL,NULL,NULL,1),(10321,NULL,NULL,NULL,1),(10322,NULL,NULL,NULL,1),(10340,NULL,NULL,NULL,1),(10341,NULL,NULL,NULL,1),(10342,NULL,NULL,NULL,1),(10343,NULL,NULL,NULL,1),(10344,NULL,NULL,NULL,1),(10360,NULL,NULL,NULL,1),(10361,NULL,NULL,NULL,1),(10362,NULL,NULL,NULL,1),(10363,NULL,NULL,NULL,1),(10364,NULL,NULL,NULL,1),(10380,NULL,NULL,NULL,1),(10381,NULL,NULL,NULL,1),(10382,NULL,NULL,NULL,1),(10383,NULL,NULL,NULL,1),(10384,NULL,NULL,NULL,1),(10385,NULL,NULL,NULL,1),(10400,NULL,NULL,NULL,1),(10401,NULL,NULL,NULL,1),(10402,NULL,NULL,NULL,1),(10403,NULL,NULL,NULL,1),(10404,NULL,NULL,NULL,1),(10405,NULL,NULL,NULL,1),(10406,NULL,NULL,NULL,1);
/*!40000 ALTER TABLE `quests` ENABLE KEYS */;
UNLOCK TABLES;

--
-- Table structure for table `route_hops`
--

DROP TABLE IF EXISTS `route_hops`;
/*!40101 SET @saved_cs_client     = @@character_set_client */;
/*!40101 SET character_set_client = utf8 */;
CREATE TABLE `route_hops` (
  `id` int(11) NOT NULL AUTO_INCREMENT,
  `route_id` int(11) NOT NULL,
  `location_type` tinyint(2) unsigned NOT NULL,
  `location_id` int(10) unsigned NOT NULL,
  `location_x` int(11) DEFAULT NULL,
  `location_y` int(11) DEFAULT NULL,
  `arrives_at` datetime NOT NULL,
  `index` smallint(6) NOT NULL,
  `next` tinyint(1) NOT NULL DEFAULT '0',
  `jumps_at` datetime DEFAULT NULL,
  PRIMARY KEY (`id`),
  UNIQUE KEY `next_hop` (`route_id`,`index`),
  KEY `route` (`route_id`,`location_type`,`location_id`),
  KEY `next` (`route_id`,`next`),
  CONSTRAINT `route_hops_ibfk_1` FOREIGN KEY (`route_id`) REFERENCES `routes` (`id`) ON DELETE CASCADE
) ENGINE=InnoDB DEFAULT CHARSET=utf8;
/*!40101 SET character_set_client = @saved_cs_client */;

--
-- Dumping data for table `route_hops`
--

LOCK TABLES `route_hops` WRITE;
/*!40000 ALTER TABLE `route_hops` DISABLE KEYS */;
/*!40000 ALTER TABLE `route_hops` ENABLE KEYS */;
UNLOCK TABLES;

--
-- Table structure for table `routes`
--

DROP TABLE IF EXISTS `routes`;
/*!40101 SET @saved_cs_client     = @@character_set_client */;
/*!40101 SET character_set_client = utf8 */;
CREATE TABLE `routes` (
  `id` int(11) NOT NULL AUTO_INCREMENT,
  `target_type` tinyint(2) unsigned NOT NULL,
  `target_id` int(10) unsigned NOT NULL,
  `arrives_at` datetime NOT NULL,
  `cached_units` text NOT NULL,
  `player_id` int(11) DEFAULT NULL,
  `target_x` int(11) NOT NULL,
  `target_y` int(11) NOT NULL,
  `target_name` varchar(255) DEFAULT NULL,
  `target_variation` tinyint(2) unsigned DEFAULT NULL,
  `target_solar_system_id` int(11) DEFAULT NULL,
  `current_id` int(11) unsigned NOT NULL,
  `current_type` tinyint(2) unsigned NOT NULL,
  `current_x` int(11) NOT NULL,
  `current_y` int(11) NOT NULL,
  `current_name` varchar(255) DEFAULT NULL,
  `current_variation` tinyint(2) unsigned DEFAULT NULL,
  `current_solar_system_id` int(11) DEFAULT NULL,
  `source_id` int(11) unsigned NOT NULL,
  `source_type` tinyint(2) unsigned NOT NULL,
  `source_x` int(11) NOT NULL,
  `source_y` int(11) NOT NULL,
  `source_name` varchar(255) DEFAULT NULL,
  `source_variation` tinyint(2) unsigned DEFAULT NULL,
  `source_solar_system_id` int(11) DEFAULT NULL,
  `first_hop` datetime NOT NULL,
  PRIMARY KEY (`id`),
  KEY `incoming_routes` (`target_type`,`target_id`),
  KEY `foreign_key` (`player_id`),
  CONSTRAINT `routes_ibfk_1` FOREIGN KEY (`player_id`) REFERENCES `players` (`id`) ON DELETE CASCADE
) ENGINE=InnoDB DEFAULT CHARSET=utf8;
/*!40101 SET character_set_client = @saved_cs_client */;

--
-- Dumping data for table `routes`
--

LOCK TABLES `routes` WRITE;
/*!40000 ALTER TABLE `routes` DISABLE KEYS */;
/*!40000 ALTER TABLE `routes` ENABLE KEYS */;
UNLOCK TABLES;

--
-- Table structure for table `schema_migrations`
--

DROP TABLE IF EXISTS `schema_migrations`;
/*!40101 SET @saved_cs_client     = @@character_set_client */;
/*!40101 SET character_set_client = utf8 */;
CREATE TABLE `schema_migrations` (
  `version` varchar(255) NOT NULL,
  UNIQUE KEY `unique_schema_migrations` (`version`)
) ENGINE=InnoDB DEFAULT CHARSET=utf8;
/*!40101 SET character_set_client = @saved_cs_client */;

--
-- Dumping data for table `schema_migrations`
--

LOCK TABLES `schema_migrations` WRITE;
/*!40000 ALTER TABLE `schema_migrations` DISABLE KEYS */;
INSERT INTO `schema_migrations` VALUES ('20090601175224'),('20090601184051'),('20090601184055'),('20090601184059'),('20090701164131'),('20090713165021'),('20090808144214'),('20090809160211'),('20090810173759'),('20090826140238'),('20090826141836'),('20090829202538'),('20090829210029'),('20090829224505'),('20090830143959'),('20090830145319'),('20090901153809'),('20090904190655'),('20090905175341'),('20090905192056'),('20090906135044'),('20090909222719'),('20090911180950'),('20090912165229'),('20090919155819'),('20091024222359'),('20091103164416'),('20091103180558'),('20091103181146'),('20091109191211'),('20091225193714'),('20100114152902'),('20100121142414'),('20100127115341'),('20100127120219'),('20100127120515'),('20100127121337'),('20100129150736'),('20100203202757'),('20100203204803'),('20100204172507'),('20100204173714'),('20100208163239'),('20100210114531'),('20100212134334'),('20100218181507'),('20100219114448'),('20100220144106'),('20100222144003'),('20100223153023'),('20100224153728'),('20100224163525'),('20100225124928'),('20100225153721'),('20100225155505'),('20100225155739'),('20100226122144'),('20100226122651'),('20100301153626'),('20100302131225'),('20100303131706'),('20100308163148'),('20100308164422'),('20100310172315'),('20100310181338'),('20100311123523'),('20100315112858'),('20100319141401'),('20100322184529'),('20100324134243'),('20100324141652'),('20100331125702'),('20100415130556'),('20100415130600'),('20100415130605'),('20100415134627'),('20100419141518'),('20100419142018'),('20100419164230'),('20100426141509'),('20100428130912'),('20100429171200'),('20100430174140'),('20100610151652'),('20100610180750'),('20100614142225'),('20100614160819'),('20100614162423'),('20100616132525'),('20100616135507'),('20100622124252'),('20100706105523'),('20100710121447'),('20100710191351'),('20100716155807'),('20100719131622'),('20100721155359'),('20100722124307'),('20100812164444'),('20100812164449'),('20100812164518'),('20100812164524'),('20100817165213'),('20100819175736'),('20100820185846'),('20100906095758'),('20100915145823'),('20100929111549'),('20101001155323'),('20101005180058'),('20101022155620'),('20101117131430'),('20101208135417'),('20101209122838'),('20101222150446'),('20101223125157'),('20101223172333'),('20110106110617'),('20110117182616'),('20110119121807'),('20110125161025'),('20110128094012'),('20110201122224'),('20110211124612'),('20110214130700'),('20110214165108'),('20110215161039'),('20110221105637'),('20110224162141'),('20110224174209'),('20110307104202'),('20110307121218'),('20110309114701'),('20110309194328'),('20110310113500'),('20110311172250'),('20110314132426'),('20110317165341'),('20110329163829'),('20110330141930'),('20110410103752'),('20110413154835'),('20110420152125'),('20110420153521'),('20110422180144'),('20110426131533'),('20110426145014'),('20110429150825'),('20110430142655'),('20110501202247'),('20110502175634'),('20110503165127'),('20110506202156'),('20110509144521'),('20110520172423'),('20110529152142'),('20110530121627'),('20110601155244'),('20110606114650'),('20110606154238'),('20110615120534'),('20110620180705'),('20110621165656'),('20110627164509'),('20110711160159'),('99999999999000'),('99999999999900');
/*!40000 ALTER TABLE `schema_migrations` ENABLE KEYS */;
UNLOCK TABLES;

--
-- Table structure for table `solar_systems`
--

DROP TABLE IF EXISTS `solar_systems`;
/*!40101 SET @saved_cs_client     = @@character_set_client */;
/*!40101 SET character_set_client = utf8 */;
CREATE TABLE `solar_systems` (
  `id` int(11) NOT NULL AUTO_INCREMENT,
  `galaxy_id` int(11) NOT NULL,
  `x` mediumint(9) DEFAULT NULL,
  `y` mediumint(9) DEFAULT NULL,
  `kind` tinyint(2) NOT NULL DEFAULT '0',
  `shield_ends_at` datetime DEFAULT NULL,
  `shield_owner_id` int(11) DEFAULT NULL,
  PRIMARY KEY (`id`),
  UNIQUE KEY `uniqueness` (`galaxy_id`,`x`,`y`),
  KEY `shield_owner_id` (`shield_owner_id`),
  CONSTRAINT `solar_systems_ibfk_1` FOREIGN KEY (`galaxy_id`) REFERENCES `galaxies` (`id`) ON DELETE CASCADE,
  CONSTRAINT `solar_systems_ibfk_2` FOREIGN KEY (`shield_owner_id`) REFERENCES `players` (`id`) ON DELETE SET NULL
) ENGINE=InnoDB AUTO_INCREMENT=13 DEFAULT CHARSET=utf8;
/*!40101 SET character_set_client = @saved_cs_client */;

--
-- Dumping data for table `solar_systems`
--

LOCK TABLES `solar_systems` WRITE;
/*!40000 ALTER TABLE `solar_systems` DISABLE KEYS */;
INSERT INTO `solar_systems` VALUES (1,1,NULL,NULL,2,NULL,NULL),(2,1,6,-3,2,NULL,NULL),(3,1,1,-6,2,NULL,NULL),(4,1,2,-7,1,NULL,NULL),(5,1,4,-3,0,NULL,NULL),(6,1,5,-1,1,NULL,NULL),(7,1,6,-5,1,NULL,NULL),(8,1,5,-7,0,NULL,NULL),(9,1,2,-4,0,NULL,NULL),(10,1,5,-5,0,'2011-07-15 16:36:51',1),(11,1,7,-8,2,NULL,NULL),(12,1,1,-2,1,NULL,NULL);
/*!40000 ALTER TABLE `solar_systems` ENABLE KEYS */;
UNLOCK TABLES;

--
-- Table structure for table `ss_objects`
--

DROP TABLE IF EXISTS `ss_objects`;
/*!40101 SET @saved_cs_client     = @@character_set_client */;
/*!40101 SET character_set_client = utf8 */;
CREATE TABLE `ss_objects` (
  `id` int(11) NOT NULL AUTO_INCREMENT,
  `solar_system_id` int(11) NOT NULL,
  `width` int(11) DEFAULT NULL,
  `height` int(11) DEFAULT NULL,
  `position` int(11) NOT NULL DEFAULT '0',
  `angle` int(11) NOT NULL DEFAULT '0',
  `type` varchar(255) NOT NULL,
  `player_id` int(11) DEFAULT NULL,
  `name` varchar(12) NOT NULL DEFAULT '',
  `size` int(11) NOT NULL DEFAULT '0',
  `terrain` tinyint(2) unsigned NOT NULL DEFAULT '0',
  `metal` float unsigned NOT NULL DEFAULT '0',
  `metal_generation_rate` float unsigned NOT NULL DEFAULT '0',
  `metal_storage` float NOT NULL DEFAULT '0',
  `energy` float unsigned NOT NULL DEFAULT '0',
  `energy_generation_rate` float unsigned NOT NULL DEFAULT '0',
  `energy_storage` float NOT NULL DEFAULT '0',
  `zetium` float unsigned NOT NULL DEFAULT '0',
  `zetium_generation_rate` float unsigned NOT NULL DEFAULT '0',
  `zetium_storage` float NOT NULL DEFAULT '0',
  `last_resources_update` datetime DEFAULT NULL,
  `energy_diminish_registered` tinyint(1) NOT NULL DEFAULT '0',
  `exploration_x` tinyint(2) unsigned DEFAULT NULL,
  `exploration_y` tinyint(2) unsigned DEFAULT NULL,
  `exploration_ends_at` datetime DEFAULT NULL,
  `can_destroy_building_at` datetime DEFAULT NULL,
  `next_raid_at` datetime DEFAULT NULL,
  `shield_ends_at` datetime DEFAULT NULL,
  `shield_owner_id` int(11) DEFAULT NULL,
  `metal_rate_boost_ends_at` datetime DEFAULT NULL,
  `metal_storage_boost_ends_at` datetime DEFAULT NULL,
  `energy_rate_boost_ends_at` datetime DEFAULT NULL,
  `energy_storage_boost_ends_at` datetime DEFAULT NULL,
  `zetium_rate_boost_ends_at` datetime DEFAULT NULL,
  `zetium_storage_boost_ends_at` datetime DEFAULT NULL,
  `metal_usage_rate` float unsigned NOT NULL DEFAULT '0',
  `energy_usage_rate` float unsigned NOT NULL DEFAULT '0',
  `zetium_usage_rate` float unsigned NOT NULL DEFAULT '0',
  PRIMARY KEY (`id`),
  UNIQUE KEY `uniqueness` (`solar_system_id`,`position`,`angle`),
  KEY `index_planets_on_galaxy_id_and_solar_system_id` (`solar_system_id`),
  KEY `index_planets_on_player_id_and_galaxy_id` (`player_id`),
  KEY `group_by_for_fowssentry_status_updates` (`player_id`,`solar_system_id`),
  KEY `shield_owner_id` (`shield_owner_id`),
  CONSTRAINT `ss_objects_ibfk_1` FOREIGN KEY (`solar_system_id`) REFERENCES `solar_systems` (`id`) ON DELETE CASCADE,
  CONSTRAINT `ss_objects_ibfk_2` FOREIGN KEY (`player_id`) REFERENCES `players` (`id`) ON DELETE SET NULL,
  CONSTRAINT `ss_objects_ibfk_3` FOREIGN KEY (`shield_owner_id`) REFERENCES `players` (`id`) ON DELETE SET NULL
) ENGINE=InnoDB AUTO_INCREMENT=78 DEFAULT CHARSET=utf8;
/*!40101 SET character_set_client = @saved_cs_client */;

--
-- Dumping data for table `ss_objects`
--

LOCK TABLES `ss_objects` WRITE;
/*!40000 ALTER TABLE `ss_objects` DISABLE KEYS */;
INSERT INTO `ss_objects` VALUES (1,1,23,13,1,45,'Planet',NULL,'Inculta',40,1,0,0,100000,0,0,200000,0,0,25000,NULL,0,NULL,NULL,NULL,NULL,NULL,NULL,NULL,NULL,NULL,NULL,NULL,NULL,NULL,0,0,0),(2,1,0,0,3,22,'Jumpgate',NULL,'',57,0,0,0,0,0,0,0,0,0,0,NULL,0,NULL,NULL,NULL,NULL,NULL,NULL,NULL,NULL,NULL,NULL,NULL,NULL,NULL,0,0,0),(3,1,0,0,3,270,'Jumpgate',NULL,'',27,0,0,0,0,0,0,0,0,0,0,NULL,0,NULL,NULL,NULL,NULL,NULL,NULL,NULL,NULL,NULL,NULL,NULL,NULL,NULL,0,0,0),(4,1,15,15,2,210,'Planet',NULL,'Limus',37,2,0,0,100000,0,0,200000,0,0,25000,NULL,0,NULL,NULL,NULL,NULL,NULL,NULL,NULL,NULL,NULL,NULL,NULL,NULL,NULL,0,0,0),(5,1,21,17,0,270,'Planet',NULL,'Gramen',40,0,0,0,100000,0,0,200000,0,0,25000,NULL,0,NULL,NULL,NULL,NULL,NULL,NULL,NULL,NULL,NULL,NULL,NULL,NULL,NULL,0,0,0),(6,1,0,0,3,134,'Jumpgate',NULL,'',48,0,0,0,0,0,0,0,0,0,0,NULL,0,NULL,NULL,NULL,NULL,NULL,NULL,NULL,NULL,NULL,NULL,NULL,NULL,NULL,0,0,0),(7,2,0,0,3,22,'Jumpgate',NULL,'',27,0,0,0,0,0,0,0,0,0,0,NULL,0,NULL,NULL,NULL,NULL,NULL,NULL,NULL,NULL,NULL,NULL,NULL,NULL,NULL,0,0,0),(8,2,0,0,3,270,'Jumpgate',NULL,'',27,0,0,0,0,0,0,0,0,0,0,NULL,0,NULL,NULL,NULL,NULL,NULL,NULL,NULL,NULL,NULL,NULL,NULL,NULL,NULL,0,0,0),(9,2,23,13,2,210,'Planet',NULL,'Inculta-9',40,1,0,0,100000,0,0,200000,0,0,25000,NULL,0,NULL,NULL,NULL,NULL,NULL,NULL,NULL,NULL,NULL,NULL,NULL,NULL,NULL,0,0,0),(10,2,0,0,3,134,'Jumpgate',NULL,'',50,0,0,0,0,0,0,0,0,0,0,NULL,0,NULL,NULL,NULL,NULL,NULL,NULL,NULL,NULL,NULL,NULL,NULL,NULL,NULL,0,0,0),(11,3,0,0,3,22,'Jumpgate',NULL,'',36,0,0,0,0,0,0,0,0,0,0,NULL,0,NULL,NULL,NULL,NULL,NULL,NULL,NULL,NULL,NULL,NULL,NULL,NULL,NULL,0,0,0),(12,3,0,0,3,270,'Jumpgate',NULL,'',38,0,0,0,0,0,0,0,0,0,0,NULL,0,NULL,NULL,NULL,NULL,NULL,NULL,NULL,NULL,NULL,NULL,NULL,NULL,NULL,0,0,0),(13,3,23,13,0,270,'Planet',NULL,'Inculta-13',40,1,0,0,100000,0,0,200000,0,0,25000,NULL,0,NULL,NULL,NULL,NULL,NULL,NULL,NULL,NULL,NULL,NULL,NULL,NULL,NULL,0,0,0),(14,3,0,0,3,134,'Jumpgate',NULL,'',37,0,0,0,0,0,0,0,0,0,0,NULL,0,NULL,NULL,NULL,NULL,NULL,NULL,NULL,NULL,NULL,NULL,NULL,NULL,NULL,0,0,0),(15,5,0,0,1,45,'Asteroid',NULL,'',32,0,0,5,0,0,4,0,0,3,0,NULL,0,NULL,NULL,NULL,NULL,NULL,NULL,NULL,NULL,NULL,NULL,NULL,NULL,NULL,0,0,0),(16,5,0,0,2,90,'Asteroid',NULL,'',38,0,0,4,0,0,5,0,0,4,0,NULL,0,NULL,NULL,NULL,NULL,NULL,NULL,NULL,NULL,NULL,NULL,NULL,NULL,NULL,0,0,0),(17,5,0,0,2,120,'Asteroid',NULL,'',35,0,0,1,0,0,1,0,0,2,0,NULL,0,NULL,NULL,NULL,NULL,NULL,NULL,NULL,NULL,NULL,NULL,NULL,NULL,NULL,0,0,0),(18,5,0,0,3,314,'Jumpgate',NULL,'',33,0,0,0,0,0,0,0,0,0,0,NULL,0,NULL,NULL,NULL,NULL,NULL,NULL,NULL,NULL,NULL,NULL,NULL,NULL,NULL,0,0,0),(19,5,28,24,1,180,'Planet',NULL,'P-19',46,0,0,0,0,0,0,0,0,0,0,'2011-07-15 16:32:50',0,NULL,NULL,NULL,NULL,NULL,NULL,NULL,NULL,NULL,NULL,NULL,NULL,NULL,0,0,0),(20,5,0,0,3,246,'Jumpgate',NULL,'',39,0,0,0,0,0,0,0,0,0,0,NULL,0,NULL,NULL,NULL,NULL,NULL,NULL,NULL,NULL,NULL,NULL,NULL,NULL,NULL,0,0,0),(21,5,0,0,2,240,'Asteroid',NULL,'',59,0,0,3,0,0,4,0,0,4,0,NULL,0,NULL,NULL,NULL,NULL,NULL,NULL,NULL,NULL,NULL,NULL,NULL,NULL,NULL,0,0,0),(22,5,0,0,1,0,'Asteroid',NULL,'',48,0,0,4,0,0,2,0,0,5,0,NULL,0,NULL,NULL,NULL,NULL,NULL,NULL,NULL,NULL,NULL,NULL,NULL,NULL,NULL,0,0,0),(23,5,0,0,3,224,'Jumpgate',NULL,'',39,0,0,0,0,0,0,0,0,0,0,NULL,0,NULL,NULL,NULL,NULL,NULL,NULL,NULL,NULL,NULL,NULL,NULL,NULL,NULL,0,0,0),(24,5,0,0,2,150,'Asteroid',NULL,'',28,0,0,2,0,0,5,0,0,5,0,NULL,0,NULL,NULL,NULL,NULL,NULL,NULL,NULL,NULL,NULL,NULL,NULL,NULL,NULL,0,0,0),(25,5,34,30,0,90,'Planet',NULL,'P-25',51,0,0,0,0,0,0,0,0,0,0,'2011-07-15 16:32:50',0,NULL,NULL,NULL,NULL,NULL,NULL,NULL,NULL,NULL,NULL,NULL,NULL,NULL,0,0,0),(26,5,0,0,1,135,'Asteroid',NULL,'',27,0,0,2,0,0,3,0,0,5,0,NULL,0,NULL,NULL,NULL,NULL,NULL,NULL,NULL,NULL,NULL,NULL,NULL,NULL,NULL,0,0,0),(27,5,0,0,0,180,'Asteroid',NULL,'',30,0,0,2,0,0,2,0,0,3,0,NULL,0,NULL,NULL,NULL,NULL,NULL,NULL,NULL,NULL,NULL,NULL,NULL,NULL,NULL,0,0,0),(28,5,30,30,2,300,'Planet',NULL,'P-28',50,2,0,0,0,0,0,0,0,0,0,'2011-07-15 16:32:50',0,NULL,NULL,NULL,NULL,NULL,NULL,NULL,NULL,NULL,NULL,NULL,NULL,NULL,0,0,0),(29,8,0,0,1,225,'Asteroid',NULL,'',52,0,0,1,0,0,1,0,0,2,0,NULL,0,NULL,NULL,NULL,NULL,NULL,NULL,NULL,NULL,NULL,NULL,NULL,NULL,NULL,0,0,0),(30,8,0,0,1,315,'Asteroid',NULL,'',27,0,0,1,0,0,1,0,0,2,0,NULL,0,NULL,NULL,NULL,NULL,NULL,NULL,NULL,NULL,NULL,NULL,NULL,NULL,NULL,0,0,0),(31,8,0,0,3,134,'Jumpgate',NULL,'',28,0,0,0,0,0,0,0,0,0,0,NULL,0,NULL,NULL,NULL,NULL,NULL,NULL,NULL,NULL,NULL,NULL,NULL,NULL,NULL,0,0,0),(32,8,0,0,3,66,'Jumpgate',NULL,'',52,0,0,0,0,0,0,0,0,0,0,NULL,0,NULL,NULL,NULL,NULL,NULL,NULL,NULL,NULL,NULL,NULL,NULL,NULL,NULL,0,0,0),(33,8,0,0,2,60,'Asteroid',NULL,'',38,0,0,5,0,0,3,0,0,5,0,NULL,0,NULL,NULL,NULL,NULL,NULL,NULL,NULL,NULL,NULL,NULL,NULL,NULL,NULL,0,0,0),(34,8,0,0,1,0,'Asteroid',NULL,'',38,0,0,4,0,0,3,0,0,3,0,NULL,0,NULL,NULL,NULL,NULL,NULL,NULL,NULL,NULL,NULL,NULL,NULL,NULL,NULL,0,0,0),(35,8,0,0,3,180,'Jumpgate',NULL,'',34,0,0,0,0,0,0,0,0,0,0,NULL,0,NULL,NULL,NULL,NULL,NULL,NULL,NULL,NULL,NULL,NULL,NULL,NULL,NULL,0,0,0),(36,8,33,28,1,135,'Planet',NULL,'P-36',50,1,0,0,0,0,0,0,0,0,0,'2011-07-15 16:32:50',0,NULL,NULL,NULL,NULL,NULL,NULL,NULL,NULL,NULL,NULL,NULL,NULL,NULL,0,0,0),(37,8,30,32,2,180,'Planet',NULL,'P-37',50,1,0,0,0,0,0,0,0,0,0,'2011-07-15 16:32:50',0,NULL,NULL,NULL,NULL,NULL,NULL,NULL,NULL,NULL,NULL,NULL,NULL,NULL,0,0,0),(38,8,0,0,0,270,'Asteroid',NULL,'',35,0,0,1,0,0,1,0,0,1,0,NULL,0,NULL,NULL,NULL,NULL,NULL,NULL,NULL,NULL,NULL,NULL,NULL,NULL,NULL,0,0,0),(39,8,0,0,2,0,'Asteroid',NULL,'',54,0,0,2,0,0,2,0,0,2,0,NULL,0,NULL,NULL,NULL,NULL,NULL,NULL,NULL,NULL,NULL,NULL,NULL,NULL,NULL,0,0,0),(40,8,0,0,2,270,'Asteroid',NULL,'',46,0,0,3,0,0,5,0,0,2,0,NULL,0,NULL,NULL,NULL,NULL,NULL,NULL,NULL,NULL,NULL,NULL,NULL,NULL,NULL,0,0,0),(41,8,0,0,0,180,'Asteroid',NULL,'',32,0,0,2,0,0,2,0,0,3,0,NULL,0,NULL,NULL,NULL,NULL,NULL,NULL,NULL,NULL,NULL,NULL,NULL,NULL,NULL,0,0,0),(42,8,0,0,2,300,'Asteroid',NULL,'',48,0,0,1,0,0,2,0,0,2,0,NULL,0,NULL,NULL,NULL,NULL,NULL,NULL,NULL,NULL,NULL,NULL,NULL,NULL,NULL,0,0,0),(43,8,0,0,0,0,'Asteroid',NULL,'',30,0,0,5,0,0,2,0,0,5,0,NULL,0,NULL,NULL,NULL,NULL,NULL,NULL,NULL,NULL,NULL,NULL,NULL,NULL,NULL,0,0,0),(44,9,0,0,2,120,'Asteroid',NULL,'',37,0,0,5,0,0,2,0,0,5,0,NULL,0,NULL,NULL,NULL,NULL,NULL,NULL,NULL,NULL,NULL,NULL,NULL,NULL,NULL,0,0,0),(45,9,0,0,3,314,'Jumpgate',NULL,'',60,0,0,0,0,0,0,0,0,0,0,NULL,0,NULL,NULL,NULL,NULL,NULL,NULL,NULL,NULL,NULL,NULL,NULL,NULL,NULL,0,0,0),(46,9,32,32,1,180,'Planet',NULL,'P-46',51,2,0,0,0,0,0,0,0,0,0,'2011-07-15 16:32:50',0,NULL,NULL,NULL,NULL,NULL,NULL,NULL,NULL,NULL,NULL,NULL,NULL,NULL,0,0,0),(47,9,0,0,2,210,'Asteroid',NULL,'',58,0,0,5,0,0,2,0,0,4,0,NULL,0,NULL,NULL,NULL,NULL,NULL,NULL,NULL,NULL,NULL,NULL,NULL,NULL,NULL,0,0,0),(48,9,0,0,1,315,'Asteroid',NULL,'',37,0,0,2,0,0,2,0,0,1,0,NULL,0,NULL,NULL,NULL,NULL,NULL,NULL,NULL,NULL,NULL,NULL,NULL,NULL,NULL,0,0,0),(49,9,0,0,2,240,'Asteroid',NULL,'',39,0,0,2,0,0,1,0,0,2,0,NULL,0,NULL,NULL,NULL,NULL,NULL,NULL,NULL,NULL,NULL,NULL,NULL,NULL,NULL,0,0,0),(50,9,0,0,1,0,'Asteroid',NULL,'',45,0,0,2,0,0,1,0,0,2,0,NULL,0,NULL,NULL,NULL,NULL,NULL,NULL,NULL,NULL,NULL,NULL,NULL,NULL,NULL,0,0,0),(51,9,0,0,1,270,'Asteroid',NULL,'',35,0,0,2,0,0,2,0,0,1,0,NULL,0,NULL,NULL,NULL,NULL,NULL,NULL,NULL,NULL,NULL,NULL,NULL,NULL,NULL,0,0,0),(52,9,0,0,1,90,'Asteroid',NULL,'',47,0,0,2,0,0,1,0,0,2,0,NULL,0,NULL,NULL,NULL,NULL,NULL,NULL,NULL,NULL,NULL,NULL,NULL,NULL,NULL,0,0,0),(53,9,0,0,2,150,'Asteroid',NULL,'',44,0,0,2,0,0,2,0,0,4,0,NULL,0,NULL,NULL,NULL,NULL,NULL,NULL,NULL,NULL,NULL,NULL,NULL,NULL,NULL,0,0,0),(54,9,0,0,2,30,'Asteroid',NULL,'',53,0,0,5,0,0,4,0,0,4,0,NULL,0,NULL,NULL,NULL,NULL,NULL,NULL,NULL,NULL,NULL,NULL,NULL,NULL,NULL,0,0,0),(55,9,0,0,1,135,'Asteroid',NULL,'',46,0,0,2,0,0,2,0,0,1,0,NULL,0,NULL,NULL,NULL,NULL,NULL,NULL,NULL,NULL,NULL,NULL,NULL,NULL,NULL,0,0,0),(56,9,0,0,2,330,'Asteroid',NULL,'',41,0,0,2,0,0,3,0,0,5,0,NULL,0,NULL,NULL,NULL,NULL,NULL,NULL,NULL,NULL,NULL,NULL,NULL,NULL,NULL,0,0,0),(57,9,0,0,3,336,'Jumpgate',NULL,'',43,0,0,0,0,0,0,0,0,0,0,NULL,0,NULL,NULL,NULL,NULL,NULL,NULL,NULL,NULL,NULL,NULL,NULL,NULL,NULL,0,0,0),(58,9,28,30,2,0,'Planet',NULL,'P-58',49,2,0,0,0,0,0,0,0,0,0,'2011-07-15 16:32:50',0,NULL,NULL,NULL,NULL,NULL,NULL,NULL,NULL,NULL,NULL,NULL,NULL,NULL,0,0,0),(59,9,0,0,0,180,'Asteroid',NULL,'',57,0,0,1,0,0,2,0,0,1,0,NULL,0,NULL,NULL,NULL,NULL,NULL,NULL,NULL,NULL,NULL,NULL,NULL,NULL,NULL,0,0,0),(60,9,0,0,0,0,'Asteroid',NULL,'',28,0,0,1,0,0,1,0,0,2,0,NULL,0,NULL,NULL,NULL,NULL,NULL,NULL,NULL,NULL,NULL,NULL,NULL,NULL,NULL,0,0,0),(61,10,0,0,1,225,'Asteroid',NULL,'',60,0,0,3,0,0,2,0,0,3,0,NULL,0,NULL,NULL,NULL,NULL,NULL,NULL,NULL,NULL,NULL,NULL,NULL,NULL,NULL,0,0,0),(62,10,0,0,2,90,'Asteroid',NULL,'',33,0,0,5,0,0,4,0,0,4,0,NULL,0,NULL,NULL,NULL,NULL,NULL,NULL,NULL,NULL,NULL,NULL,NULL,NULL,NULL,0,0,0),(63,10,0,0,1,180,'Asteroid',NULL,'',33,0,0,2,0,0,2,0,0,1,0,NULL,0,NULL,NULL,NULL,NULL,NULL,NULL,NULL,NULL,NULL,NULL,NULL,NULL,NULL,0,0,0),(64,10,0,0,1,315,'Asteroid',NULL,'',52,0,0,1,0,0,1,0,0,1,0,NULL,0,NULL,NULL,NULL,NULL,NULL,NULL,NULL,NULL,NULL,NULL,NULL,NULL,NULL,0,0,0),(65,10,0,0,1,0,'Asteroid',NULL,'',31,0,0,1,0,0,1,0,0,1,0,NULL,0,NULL,NULL,NULL,NULL,NULL,NULL,NULL,NULL,NULL,NULL,NULL,NULL,NULL,0,0,0),(66,10,0,0,2,60,'Asteroid',NULL,'',48,0,0,5,0,0,5,0,0,3,0,NULL,0,NULL,NULL,NULL,NULL,NULL,NULL,NULL,NULL,NULL,NULL,NULL,NULL,NULL,0,0,0),(67,10,0,0,3,224,'Jumpgate',NULL,'',32,0,0,0,0,0,0,0,0,0,0,NULL,0,NULL,NULL,NULL,NULL,NULL,NULL,NULL,NULL,NULL,NULL,NULL,NULL,NULL,0,0,0),(68,10,0,0,2,30,'Asteroid',NULL,'',59,0,0,4,0,0,5,0,0,5,0,NULL,0,NULL,NULL,NULL,NULL,NULL,NULL,NULL,NULL,NULL,NULL,NULL,NULL,NULL,0,0,0),(69,10,30,30,1,135,'Planet',NULL,'P-69',50,1,0,0,0,0,0,0,0,0,0,'2011-07-15 16:32:50',0,NULL,NULL,NULL,NULL,NULL,NULL,NULL,NULL,NULL,NULL,NULL,NULL,NULL,0,0,0),(70,10,0,0,0,90,'Asteroid',NULL,'',32,0,0,1,0,0,2,0,0,2,0,NULL,0,NULL,NULL,NULL,NULL,NULL,NULL,NULL,NULL,NULL,NULL,NULL,NULL,NULL,0,0,0),(71,10,0,0,0,270,'Asteroid',NULL,'',60,0,0,2,0,0,2,0,0,1,0,NULL,0,NULL,NULL,NULL,NULL,NULL,NULL,NULL,NULL,NULL,NULL,NULL,NULL,NULL,0,0,0),(72,10,0,0,2,270,'Asteroid',NULL,'',57,0,0,1,0,0,2,0,0,2,0,NULL,0,NULL,NULL,NULL,NULL,NULL,NULL,NULL,NULL,NULL,NULL,NULL,NULL,NULL,0,0,0),(73,10,30,30,0,180,'Planet',1,'P-73',50,0,1593.05,70,9654.88,3521.01,154.5,21339.5,0,0,2622.18,'2011-07-15 16:32:50',0,NULL,NULL,NULL,NULL,NULL,NULL,NULL,NULL,NULL,NULL,NULL,NULL,NULL,0,0,0),(74,11,21,17,1,45,'Planet',NULL,'Gramen-74',40,0,0,0,100000,0,0,200000,0,0,25000,NULL,0,NULL,NULL,NULL,NULL,NULL,NULL,NULL,NULL,NULL,NULL,NULL,NULL,NULL,0,0,0),(75,11,0,0,3,22,'Jumpgate',NULL,'',52,0,0,0,0,0,0,0,0,0,0,NULL,0,NULL,NULL,NULL,NULL,NULL,NULL,NULL,NULL,NULL,NULL,NULL,NULL,NULL,0,0,0),(76,11,0,0,3,270,'Jumpgate',NULL,'',32,0,0,0,0,0,0,0,0,0,0,NULL,0,NULL,NULL,NULL,NULL,NULL,NULL,NULL,NULL,NULL,NULL,NULL,NULL,NULL,0,0,0),(77,11,0,0,3,134,'Jumpgate',NULL,'',57,0,0,0,0,0,0,0,0,0,0,NULL,0,NULL,NULL,NULL,NULL,NULL,NULL,NULL,NULL,NULL,NULL,NULL,NULL,NULL,0,0,0);
/*!40000 ALTER TABLE `ss_objects` ENABLE KEYS */;
UNLOCK TABLES;

--
-- Table structure for table `technologies`
--

DROP TABLE IF EXISTS `technologies`;
/*!40101 SET @saved_cs_client     = @@character_set_client */;
/*!40101 SET character_set_client = utf8 */;
CREATE TABLE `technologies` (
  `id` int(11) NOT NULL AUTO_INCREMENT,
  `upgrade_ends_at` datetime DEFAULT NULL,
  `pause_remainder` int(10) unsigned DEFAULT NULL,
  `scientists` int(10) unsigned DEFAULT '0',
  `level` tinyint(2) unsigned NOT NULL,
  `player_id` int(11) NOT NULL,
  `type` varchar(50) NOT NULL,
  `pause_scientists` int(10) unsigned DEFAULT NULL,
  `speed_up` tinyint(1) NOT NULL DEFAULT '0',
  PRIMARY KEY (`id`),
  UNIQUE KEY `main` (`player_id`,`type`,`level`),
  UNIQUE KEY `type_by_player` (`player_id`,`type`,`level`),
  UNIQUE KEY `ensure_uniqueness` (`player_id`,`type`),
  KEY `upgrading` (`player_id`,`upgrade_ends_at`),
  CONSTRAINT `technologies_ibfk_1` FOREIGN KEY (`player_id`) REFERENCES `players` (`id`) ON DELETE CASCADE
) ENGINE=InnoDB DEFAULT CHARSET=utf8;
/*!40101 SET character_set_client = @saved_cs_client */;

--
-- Dumping data for table `technologies`
--

LOCK TABLES `technologies` WRITE;
/*!40000 ALTER TABLE `technologies` DISABLE KEYS */;
/*!40000 ALTER TABLE `technologies` ENABLE KEYS */;
UNLOCK TABLES;

--
-- Table structure for table `tiles`
--

DROP TABLE IF EXISTS `tiles`;
/*!40101 SET @saved_cs_client     = @@character_set_client */;
/*!40101 SET character_set_client = utf8 */;
CREATE TABLE `tiles` (
  `kind` tinyint(2) unsigned NOT NULL DEFAULT '0',
  `planet_id` int(11) NOT NULL,
  `x` tinyint(2) unsigned NOT NULL DEFAULT '0',
  `y` tinyint(2) unsigned NOT NULL DEFAULT '0',
  UNIQUE KEY `uniqueness` (`planet_id`,`x`,`y`),
  CONSTRAINT `tiles_ibfk_1` FOREIGN KEY (`planet_id`) REFERENCES `ss_objects` (`id`) ON DELETE CASCADE
) ENGINE=InnoDB DEFAULT CHARSET=utf8;
/*!40101 SET character_set_client = @saved_cs_client */;

--
-- Dumping data for table `tiles`
--

LOCK TABLES `tiles` WRITE;
/*!40000 ALTER TABLE `tiles` DISABLE KEYS */;
INSERT INTO `tiles` VALUES (14,1,0,8),(13,1,1,0),(8,1,7,3),(8,1,10,10),(13,1,11,1),(13,1,14,10),(9,1,18,0),(9,1,19,5),(9,4,5,11),(12,4,9,1),(13,4,9,8),(13,5,0,0),(8,5,0,7),(8,5,2,3),(10,5,7,0),(9,5,7,12),(12,5,14,0),(14,5,14,7),(14,9,0,8),(13,9,1,0),(8,9,7,3),(8,9,10,10),(13,9,11,1),(13,9,14,10),(9,9,18,0),(9,9,19,5),(14,13,0,8),(13,13,1,0),(8,13,7,3),(8,13,10,10),(13,13,11,1),(13,13,14,10),(9,13,18,0),(9,13,19,5),(4,19,0,0),(4,19,0,1),(4,19,0,2),(4,19,0,3),(4,19,0,4),(4,19,0,5),(4,19,0,6),(4,19,0,7),(4,19,0,8),(4,19,1,2),(10,19,1,3),(4,19,1,7),(4,19,1,8),(3,19,2,2),(4,19,2,7),(4,19,2,8),(4,19,2,9),(5,19,2,12),(3,19,3,1),(3,19,3,2),(4,19,3,7),(5,19,3,12),(3,19,4,1),(3,19,4,2),(4,19,4,7),(2,19,4,8),(5,19,4,12),(5,19,4,13),(0,19,4,19),(3,19,5,0),(3,19,5,1),(3,19,5,2),(4,19,5,5),(4,19,5,6),(4,19,5,7),(5,19,5,11),(5,19,5,12),(14,19,5,14),(3,19,6,0),(3,19,6,2),(5,19,6,12),(5,19,7,2),(5,19,7,12),(5,19,8,0),(5,19,8,1),(5,19,8,2),(5,19,8,3),(1,19,8,10),(5,19,8,12),(4,19,8,16),(5,19,9,2),(5,19,9,3),(0,19,9,4),(5,19,9,12),(5,19,9,13),(1,19,9,14),(4,19,9,16),(4,19,9,17),(5,19,10,2),(5,19,10,12),(5,19,10,13),(4,19,10,16),(4,19,10,17),(5,19,11,12),(5,19,11,13),(5,19,11,14),(4,19,11,15),(4,19,11,16),(4,19,11,17),(4,19,12,12),(4,19,12,13),(4,19,12,14),(4,19,12,15),(4,19,12,16),(4,19,12,17),(5,19,13,0),(4,19,13,12),(2,19,13,14),(4,19,13,16),(5,19,14,0),(5,19,14,1),(5,19,14,2),(5,19,14,3),(2,19,14,10),(4,19,14,16),(4,19,14,17),(4,19,14,18),(3,19,14,20),(3,19,14,21),(5,19,15,0),(5,19,15,1),(0,19,15,3),(4,19,15,5),(4,19,15,6),(4,19,15,8),(4,19,15,9),(4,19,15,17),(3,19,15,20),(3,19,15,21),(5,19,16,0),(4,19,16,5),(4,19,16,6),(4,19,16,7),(4,19,16,8),(4,19,16,9),(0,19,16,18),(3,19,16,20),(3,19,16,21),(4,19,17,4),(4,19,17,5),(4,19,17,7),(4,19,17,8),(4,19,17,9),(3,19,17,20),(3,19,17,21),(13,19,18,0),(6,19,18,3),(4,19,18,7),(4,19,18,8),(4,19,18,9),(4,19,18,10),(4,19,18,11),(6,19,18,12),(6,19,18,13),(6,19,18,14),(3,19,18,20),(3,19,18,21),(6,19,19,3),(4,19,19,9),(0,19,19,10),(6,19,19,12),(11,19,19,18),(6,19,20,3),(0,19,20,15),(6,19,21,3),(3,19,22,3),(8,19,22,10),(3,19,23,2),(3,19,23,3),(6,19,23,17),(6,19,23,18),(6,19,23,19),(6,19,23,20),(3,19,24,2),(3,19,24,3),(3,19,24,4),(3,19,24,5),(6,19,24,18),(6,19,24,19),(6,19,24,20),(0,19,24,21),(3,19,25,2),(3,19,25,3),(3,19,25,4),(0,19,25,14),(5,19,25,17),(6,19,25,19),(5,19,25,20),(3,19,26,12),(3,19,26,16),(5,19,26,17),(5,19,26,18),(5,19,26,19),(5,19,26,20),(5,19,26,21),(3,19,27,11),(3,19,27,12),(3,19,27,13),(3,19,27,14),(3,19,27,15),(3,19,27,16),(3,19,27,17),(3,19,27,18),(5,19,27,19),(4,25,0,4),(4,25,0,5),(3,25,0,10),(3,25,0,11),(4,25,0,17),(4,25,0,18),(4,25,0,19),(4,25,0,21),(4,25,0,22),(4,25,0,24),(4,25,0,25),(4,25,0,26),(4,25,1,4),(4,25,1,5),(4,25,1,6),(4,25,1,7),(3,25,1,8),(3,25,1,9),(3,25,1,10),(4,25,1,17),(3,25,1,18),(4,25,1,19),(4,25,1,20),(4,25,1,22),(4,25,1,23),(4,25,1,24),(4,25,1,25),(4,25,2,5),(4,25,2,6),(0,25,2,7),(3,25,2,9),(3,25,2,10),(3,25,2,16),(3,25,2,17),(3,25,2,18),(3,25,2,19),(4,25,2,20),(4,25,2,21),(4,25,2,22),(4,25,2,23),(4,25,2,24),(4,25,2,25),(4,25,3,3),(4,25,3,5),(4,25,3,6),(3,25,3,10),(3,25,3,11),(3,25,3,16),(3,25,3,17),(4,25,3,18),(4,25,3,19),(4,25,3,20),(4,25,3,21),(4,25,3,22),(4,25,3,23),(4,25,3,24),(4,25,4,2),(4,25,4,3),(4,25,4,4),(4,25,4,5),(4,25,4,6),(4,25,4,7),(3,25,4,10),(3,25,4,11),(3,25,4,16),(3,25,4,17),(3,25,4,18),(4,25,4,19),(4,25,5,3),(4,25,5,4),(4,25,5,5),(4,25,5,6),(3,25,5,9),(3,25,5,10),(3,25,5,11),(3,25,5,12),(3,25,5,16),(3,25,5,17),(3,25,5,18),(3,25,5,19),(3,25,5,20),(5,25,5,28),(5,25,5,29),(4,25,6,3),(4,25,6,4),(4,25,6,5),(4,25,6,6),(3,25,6,9),(3,25,6,10),(3,25,6,11),(3,25,6,15),(3,25,6,17),(3,25,6,18),(3,25,6,19),(3,25,6,20),(0,25,6,21),(5,25,6,26),(5,25,6,27),(5,25,6,28),(5,25,6,29),(4,25,7,1),(4,25,7,2),(4,25,7,3),(4,25,7,4),(3,25,7,7),(3,25,7,8),(3,25,7,9),(3,25,7,10),(3,25,7,11),(3,25,7,12),(3,25,7,15),(3,25,7,16),(3,25,7,17),(3,25,7,18),(3,25,7,19),(6,25,7,20),(5,25,7,29),(5,25,8,2),(5,25,8,3),(5,25,8,4),(3,25,8,7),(3,25,8,8),(3,25,8,9),(8,25,8,10),(3,25,8,15),(2,25,8,17),(6,25,8,20),(6,25,8,21),(6,25,8,22),(5,25,8,28),(5,25,8,29),(5,25,9,3),(5,25,9,4),(5,25,9,5),(5,25,9,6),(9,25,9,7),(3,25,9,15),(6,25,9,19),(6,25,9,20),(6,25,9,22),(6,25,9,23),(5,25,9,27),(5,25,9,28),(5,25,9,29),(5,25,10,3),(5,25,10,4),(5,25,10,5),(5,25,10,6),(6,25,10,19),(6,25,10,20),(6,25,10,21),(6,25,10,22),(6,25,10,24),(6,25,10,25),(5,25,10,29),(4,25,11,0),(4,25,11,3),(4,25,11,4),(5,25,11,5),(5,25,11,6),(5,25,11,10),(6,25,11,19),(6,25,11,22),(6,25,11,23),(6,25,11,24),(5,25,11,29),(4,25,12,0),(4,25,12,1),(4,25,12,3),(5,25,12,5),(5,25,12,10),(6,25,12,23),(4,25,13,0),(4,25,13,1),(4,25,13,2),(4,25,13,3),(5,25,13,8),(5,25,13,9),(5,25,13,10),(2,25,13,26),(4,25,14,0),(4,25,14,1),(4,25,14,2),(4,25,14,3),(4,25,14,4),(5,25,14,8),(5,25,14,9),(5,25,14,10),(4,25,15,0),(4,25,15,1),(4,25,15,2),(4,25,15,3),(5,25,15,6),(5,25,15,7),(5,25,15,8),(5,25,15,10),(4,25,15,25),(4,25,16,0),(4,25,16,1),(4,25,16,2),(4,25,16,3),(5,25,16,6),(6,25,16,8),(5,25,16,10),(4,25,16,25),(4,25,16,26),(4,25,16,29),(4,25,17,0),(4,25,17,1),(4,25,17,2),(6,25,17,7),(6,25,17,8),(6,25,17,9),(4,25,17,23),(4,25,17,25),(4,25,17,26),(4,25,17,27),(4,25,17,28),(4,25,17,29),(4,25,18,0),(4,25,18,1),(1,25,18,2),(6,25,18,8),(6,25,18,9),(6,25,18,12),(4,25,18,23),(4,25,18,24),(4,25,18,25),(4,25,18,26),(4,25,18,27),(4,25,18,28),(4,25,18,29),(4,25,19,0),(6,25,19,8),(6,25,19,9),(6,25,19,10),(6,25,19,11),(6,25,19,12),(4,25,19,23),(4,25,19,25),(4,25,19,26),(4,25,19,28),(4,25,19,29),(6,25,20,8),(6,25,20,9),(6,25,20,10),(6,25,20,11),(6,25,20,12),(4,25,20,26),(4,25,20,27),(4,25,20,28),(4,25,20,29),(11,25,21,3),(6,25,21,10),(6,25,21,11),(14,25,21,16),(4,25,21,26),(6,25,21,27),(4,25,21,28),(4,25,21,29),(2,25,22,13),(6,25,22,25),(6,25,22,26),(6,25,22,27),(6,25,22,28),(6,25,22,29),(6,25,23,26),(6,25,23,27),(6,25,23,28),(6,25,23,29),(0,25,24,23),(6,25,24,26),(6,25,24,28),(6,25,24,29),(6,25,25,28),(6,25,25,29),(6,25,26,29),(6,25,27,28),(6,25,27,29),(6,25,28,29),(0,25,30,11),(2,25,31,2),(3,25,31,16),(3,25,31,17),(3,25,31,18),(3,25,31,19),(3,25,31,20),(3,25,31,21),(3,25,32,14),(3,25,32,15),(3,25,32,16),(3,25,32,17),(3,25,32,18),(3,25,32,19),(3,25,32,20),(3,25,32,21),(3,25,32,23),(3,25,32,25),(3,25,32,26),(3,25,33,15),(3,25,33,16),(3,25,33,17),(3,25,33,18),(3,25,33,20),(3,25,33,21),(3,25,33,22),(3,25,33,23),(3,25,33,24),(3,25,33,25),(3,28,0,0),(3,28,0,1),(3,28,0,2),(3,28,0,3),(3,28,0,4),(3,28,0,5),(4,28,0,8),(4,28,0,9),(4,28,0,10),(4,28,0,11),(4,28,0,12),(3,28,1,0),(3,28,1,1),(3,28,1,2),(3,28,1,3),(3,28,1,4),(3,28,1,5),(3,28,1,6),(4,28,1,7),(4,28,1,8),(4,28,1,9),(4,28,1,10),(4,28,1,11),(4,28,1,12),(4,28,1,13),(3,28,2,0),(3,28,2,1),(6,28,2,2),(3,28,2,3),(3,28,2,4),(3,28,2,5),(3,28,2,6),(3,28,2,7),(4,28,2,8),(4,28,2,9),(4,28,2,10),(4,28,2,11),(4,28,2,12),(4,28,2,13),(4,28,2,14),(3,28,3,0),(6,28,3,1),(6,28,3,2),(6,28,3,3),(6,28,3,4),(3,28,3,5),(3,28,3,6),(3,28,3,7),(4,28,3,10),(4,28,3,11),(4,28,3,14),(3,28,4,0),(3,28,4,1),(3,28,4,2),(6,28,4,3),(5,28,4,17),(5,28,4,18),(6,28,4,28),(3,28,5,0),(3,28,5,1),(3,28,5,2),(6,28,5,3),(5,28,5,17),(5,28,5,18),(5,28,5,19),(3,28,5,21),(3,28,5,22),(3,28,5,23),(6,28,5,28),(6,28,5,29),(5,28,6,0),(3,28,6,1),(5,28,6,2),(5,28,6,18),(5,28,6,19),(5,28,6,20),(3,28,6,21),(3,28,6,22),(6,28,6,28),(6,28,6,29),(5,28,7,0),(5,28,7,1),(5,28,7,2),(5,28,7,3),(0,28,7,16),(5,28,7,18),(5,28,7,20),(3,28,7,22),(3,28,7,23),(3,28,7,24),(0,28,7,27),(6,28,7,29),(5,28,8,0),(5,28,8,1),(5,28,8,3),(3,28,8,18),(3,28,8,19),(3,28,8,20),(3,28,8,21),(3,28,8,22),(3,28,8,23),(3,28,8,24),(3,28,8,25),(6,28,8,29),(5,28,9,3),(0,28,9,10),(3,28,9,18),(3,28,9,19),(3,28,9,20),(3,28,9,21),(3,28,9,23),(3,28,9,25),(3,28,9,26),(1,28,10,3),(3,28,10,18),(3,28,10,19),(3,28,10,20),(3,28,10,21),(6,28,10,22),(6,28,10,23),(3,28,11,18),(3,28,11,19),(3,28,11,20),(3,28,11,21),(6,28,11,22),(6,28,11,23),(14,28,11,26),(13,28,12,17),(6,28,12,22),(6,28,12,23),(6,28,13,2),(4,28,13,15),(6,28,13,23),(6,28,14,2),(6,28,14,3),(4,28,14,14),(4,28,14,15),(6,28,15,0),(6,28,15,1),(6,28,15,2),(6,28,15,3),(4,28,15,12),(4,28,15,13),(4,28,15,14),(4,28,15,15),(2,28,15,22),(4,28,15,29),(1,28,16,6),(5,28,16,8),(4,28,16,12),(4,28,16,13),(4,28,16,14),(4,28,16,15),(4,28,16,16),(2,28,16,27),(4,28,16,29),(5,28,17,8),(5,28,17,9),(4,28,17,13),(4,28,17,15),(4,28,17,16),(4,28,17,29),(5,28,18,9),(6,28,18,10),(4,28,18,13),(4,28,18,14),(4,28,18,15),(4,28,18,28),(4,28,18,29),(5,28,19,9),(6,28,19,10),(6,28,19,11),(6,28,19,12),(6,28,19,13),(4,28,19,15),(3,28,19,23),(4,28,19,26),(4,28,19,28),(4,28,19,29),(5,28,20,7),(5,28,20,8),(5,28,20,9),(5,28,20,10),(6,28,20,11),(6,28,20,12),(4,28,20,14),(4,28,20,15),(4,28,20,16),(3,28,20,23),(4,28,20,26),(4,28,20,27),(4,28,20,28),(4,28,20,29),(5,28,21,10),(3,28,21,21),(3,28,21,22),(3,28,21,23),(3,28,21,24),(4,28,21,25),(4,28,21,26),(4,28,21,27),(4,28,21,28),(4,28,21,29),(3,28,22,21),(5,28,22,22),(3,28,22,23),(3,28,22,24),(4,28,22,25),(4,28,22,26),(5,28,22,27),(4,28,22,28),(4,28,22,29),(5,28,23,21),(5,28,23,22),(5,28,23,23),(3,28,23,24),(3,28,23,25),(3,28,23,26),(5,28,23,27),(5,28,23,28),(4,28,23,29),(8,28,24,3),(5,28,24,21),(5,28,24,22),(5,28,24,23),(3,28,24,24),(3,28,24,25),(2,28,24,26),(5,28,24,28),(5,28,24,29),(5,28,25,21),(5,28,25,22),(3,28,25,23),(3,28,25,24),(3,28,25,25),(5,28,25,28),(5,28,25,29),(5,28,26,21),(3,28,26,22),(3,28,26,23),(3,28,26,24),(3,28,26,25),(5,28,26,26),(5,28,26,27),(5,28,26,28),(0,28,27,22),(3,28,27,24),(3,28,27,25),(3,28,27,26),(3,28,27,27),(3,28,28,24),(3,28,28,25),(3,28,28,26),(3,28,29,24),(3,28,29,25),(3,28,29,26),(3,36,0,6),(3,36,0,7),(3,36,0,8),(3,36,0,9),(3,36,0,10),(6,36,0,14),(6,36,0,15),(6,36,0,16),(6,36,0,17),(5,36,0,18),(5,36,0,19),(5,36,0,20),(5,36,0,21),(5,36,0,22),(5,36,0,23),(5,36,0,24),(5,36,0,25),(3,36,1,5),(3,36,1,6),(3,36,1,8),(3,36,1,9),(3,36,1,10),(6,36,1,15),(6,36,1,16),(6,36,1,17),(6,36,1,18),(6,36,1,19),(5,36,1,20),(5,36,1,21),(5,36,1,23),(3,36,2,5),(13,36,2,9),(6,36,2,15),(6,36,2,16),(6,36,2,17),(6,36,2,18),(5,36,2,19),(5,36,2,20),(5,36,2,22),(5,36,2,23),(5,36,2,24),(5,36,2,25),(6,36,3,13),(6,36,3,14),(6,36,3,15),(6,36,3,16),(6,36,3,17),(5,36,3,19),(5,36,3,20),(5,36,3,21),(5,36,3,22),(5,36,3,23),(5,36,3,24),(5,36,3,25),(6,36,4,16),(6,36,4,17),(5,36,4,19),(5,36,4,21),(5,36,4,22),(5,36,4,23),(5,36,4,24),(5,36,4,25),(5,36,4,26),(4,36,5,15),(4,36,5,16),(5,36,5,17),(4,36,5,18),(4,36,5,20),(5,36,5,22),(5,36,5,25),(5,36,5,26),(0,36,6,1),(4,36,6,15),(4,36,6,16),(4,36,6,17),(4,36,6,18),(4,36,6,19),(4,36,6,20),(3,36,7,11),(3,36,7,12),(4,36,7,16),(4,36,7,17),(4,36,7,18),(4,36,7,19),(4,36,7,20),(6,36,8,7),(6,36,8,8),(3,36,8,9),(3,36,8,10),(3,36,8,11),(4,36,8,14),(4,36,8,15),(4,36,8,16),(4,36,8,17),(4,36,8,18),(4,36,8,19),(4,36,8,20),(6,36,9,7),(6,36,9,8),(3,36,9,9),(3,36,9,10),(3,36,9,11),(3,36,9,12),(4,36,9,14),(4,36,9,15),(4,36,9,16),(4,36,9,17),(4,36,9,18),(4,36,9,19),(4,36,9,20),(2,36,9,21),(6,36,10,6),(6,36,10,7),(3,36,10,10),(4,36,10,15),(4,36,10,16),(4,36,10,17),(4,36,10,18),(4,36,10,19),(4,36,10,20),(6,36,11,6),(6,36,11,7),(3,36,11,10),(0,36,11,12),(4,36,11,16),(4,36,11,17),(4,36,11,18),(4,36,11,20),(4,36,11,21),(4,36,11,22),(4,36,11,23),(0,36,12,5),(6,36,12,7),(5,36,12,15),(12,36,12,16),(8,36,12,22),(6,36,13,7),(5,36,13,14),(5,36,13,15),(3,36,14,1),(3,36,14,2),(5,36,14,14),(5,36,14,15),(9,36,14,25),(3,36,15,0),(3,36,15,1),(11,36,15,5),(5,36,15,14),(5,36,15,15),(3,36,16,1),(3,36,16,2),(0,36,16,12),(5,36,16,14),(5,36,16,15),(3,36,17,1),(3,36,17,2),(5,36,17,14),(5,36,17,15),(3,36,18,0),(3,36,18,1),(4,36,18,12),(5,36,18,13),(5,36,18,14),(5,36,18,15),(5,36,18,16),(5,36,18,17),(5,36,18,18),(3,36,19,1),(4,36,19,8),(4,36,19,9),(4,36,19,10),(4,36,19,11),(4,36,19,12),(4,36,19,13),(5,36,19,14),(5,36,19,15),(5,36,19,16),(3,36,19,27),(1,36,20,6),(4,36,20,8),(4,36,20,9),(4,36,20,10),(4,36,20,11),(5,36,20,12),(5,36,20,13),(5,36,20,14),(5,36,20,15),(5,36,20,16),(3,36,20,27),(4,36,21,8),(4,36,21,9),(4,36,21,10),(4,36,21,11),(4,36,21,12),(5,36,21,13),(5,36,21,14),(5,36,21,15),(5,36,21,16),(3,36,21,27),(4,36,22,10),(4,36,22,11),(5,36,22,14),(5,36,22,16),(3,36,22,27),(4,36,23,10),(4,36,23,11),(5,36,23,14),(5,36,23,16),(3,36,23,27),(4,36,24,10),(3,36,24,11),(2,36,24,12),(5,36,24,14),(5,36,24,15),(0,36,24,16),(3,36,24,27),(3,36,25,10),(3,36,25,11),(5,36,25,15),(3,36,25,27),(3,36,26,10),(3,36,26,11),(3,36,26,12),(3,36,26,13),(5,36,26,15),(5,36,26,16),(5,36,26,17),(5,36,26,18),(3,36,26,27),(3,36,27,10),(3,36,27,11),(3,36,27,12),(5,36,27,13),(5,36,27,14),(5,36,27,15),(5,36,27,17),(5,36,27,18),(3,36,27,26),(3,36,27,27),(3,36,28,10),(5,36,28,11),(5,36,28,12),(5,36,28,13),(5,36,28,14),(5,36,28,15),(5,36,28,16),(5,36,28,17),(3,36,28,27),(1,36,29,10),(5,36,29,12),(5,36,29,13),(0,36,29,14),(5,36,29,16),(5,36,29,18),(5,36,30,13),(5,36,30,16),(5,36,30,17),(5,36,30,18),(0,36,30,21),(5,36,31,11),(5,36,31,12),(5,36,31,13),(3,36,31,14),(3,36,31,15),(3,36,31,16),(5,36,31,17),(5,36,31,18),(5,36,32,11),(5,36,32,12),(3,36,32,13),(3,36,32,14),(3,36,32,15),(3,36,32,16),(3,36,32,17),(5,36,32,18),(3,37,0,2),(3,37,0,3),(6,37,0,18),(6,37,0,19),(6,37,0,20),(6,37,0,21),(3,37,1,1),(3,37,1,2),(6,37,1,17),(6,37,1,18),(6,37,1,19),(6,37,1,20),(6,37,1,21),(3,37,2,1),(3,37,2,2),(13,37,2,8),(6,37,2,17),(3,37,3,1),(3,37,3,2),(3,37,3,3),(3,37,4,1),(3,37,4,19),(4,37,4,27),(3,37,5,19),(4,37,5,20),(4,37,5,21),(4,37,5,23),(4,37,5,24),(4,37,5,25),(4,37,5,26),(4,37,5,27),(4,37,5,28),(1,37,5,29),(5,37,6,3),(5,37,6,4),(5,37,6,5),(5,37,6,6),(5,37,6,7),(6,37,6,10),(3,37,6,18),(3,37,6,19),(4,37,6,20),(4,37,6,21),(4,37,6,22),(4,37,6,23),(4,37,6,24),(4,37,6,25),(4,37,6,26),(6,37,6,31),(5,37,7,4),(5,37,7,5),(5,37,7,6),(5,37,7,7),(6,37,7,10),(12,37,7,11),(3,37,7,17),(3,37,7,18),(3,37,7,19),(3,37,7,20),(4,37,7,21),(4,37,7,22),(4,37,7,23),(4,37,7,24),(4,37,7,25),(4,37,7,26),(6,37,7,27),(6,37,7,31),(5,37,8,4),(5,37,8,5),(5,37,8,6),(6,37,8,7),(6,37,8,8),(6,37,8,9),(6,37,8,10),(4,37,8,17),(3,37,8,19),(3,37,8,20),(6,37,8,26),(6,37,8,27),(6,37,8,28),(6,37,8,29),(6,37,8,30),(6,37,8,31),(10,37,9,2),(6,37,9,7),(6,37,9,9),(6,37,9,10),(4,37,9,17),(4,37,9,18),(0,37,9,19),(4,37,9,22),(4,37,9,23),(4,37,9,24),(6,37,9,29),(6,37,10,9),(4,37,10,17),(4,37,10,18),(4,37,10,21),(4,37,10,22),(4,37,10,23),(4,37,10,24),(4,37,10,25),(4,37,10,26),(2,37,10,28),(4,37,11,17),(4,37,11,18),(4,37,11,19),(4,37,11,23),(4,37,11,24),(4,37,11,26),(4,37,11,27),(4,37,12,17),(4,37,12,18),(4,37,12,19),(4,37,12,20),(4,37,12,21),(4,37,12,22),(4,37,12,23),(4,37,12,24),(4,37,12,25),(4,37,12,26),(4,37,13,16),(4,37,13,17),(4,37,13,19),(4,37,13,20),(4,37,13,21),(4,37,13,22),(4,37,13,23),(4,37,13,26),(4,37,13,27),(5,37,14,6),(0,37,14,11),(4,37,14,16),(4,37,14,17),(4,37,14,18),(4,37,14,23),(5,37,15,5),(5,37,15,6),(5,37,15,9),(5,37,15,10),(0,37,15,20),(5,37,16,4),(5,37,16,5),(5,37,16,6),(5,37,16,7),(5,37,16,8),(5,37,16,9),(5,37,16,10),(5,37,16,26),(5,37,16,27),(4,37,17,3),(4,37,17,4),(4,37,17,5),(5,37,17,6),(5,37,17,7),(5,37,17,8),(5,37,17,9),(14,37,17,10),(0,37,17,15),(5,37,17,24),(5,37,17,25),(5,37,17,26),(5,37,17,27),(4,37,18,0),(4,37,18,3),(4,37,18,4),(4,37,18,5),(4,37,18,6),(5,37,18,7),(5,37,18,8),(5,37,18,9),(9,37,18,23),(5,37,18,26),(5,37,18,27),(6,37,18,29),(6,37,18,30),(4,37,19,0),(4,37,19,1),(4,37,19,2),(4,37,19,3),(4,37,19,4),(5,37,19,7),(5,37,19,8),(5,37,19,9),(5,37,19,26),(0,37,19,27),(6,37,19,30),(4,37,20,0),(4,37,20,1),(4,37,20,2),(4,37,20,4),(3,37,20,5),(5,37,20,8),(5,37,20,9),(5,37,20,26),(6,37,20,29),(6,37,20,30),(6,37,20,31),(4,37,21,0),(2,37,21,2),(3,37,21,4),(3,37,21,5),(2,37,21,6),(0,37,21,19),(5,37,21,26),(6,37,21,28),(6,37,21,29),(6,37,21,30),(6,37,21,31),(4,37,22,0),(3,37,22,4),(3,37,22,5),(3,37,22,22),(3,37,22,23),(5,37,22,26),(4,37,23,0),(4,37,23,1),(4,37,23,2),(3,37,23,3),(3,37,23,4),(3,37,23,5),(3,37,23,6),(3,37,23,7),(3,37,23,21),(3,37,23,22),(3,37,23,23),(3,37,24,20),(3,37,24,21),(3,37,24,22),(3,37,24,23),(5,37,24,25),(3,37,25,20),(5,37,25,23),(5,37,25,25),(0,37,25,26),(3,37,26,10),(3,37,26,11),(5,37,26,23),(5,37,26,24),(5,37,26,25),(3,37,27,10),(3,37,27,11),(3,37,27,12),(0,37,27,16),(1,37,27,20),(5,37,27,22),(5,37,27,23),(5,37,27,25),(3,37,28,10),(3,37,28,11),(3,37,28,12),(5,37,28,25),(5,37,28,26),(3,37,29,10),(3,37,29,12),(5,37,29,25),(3,46,0,0),(6,46,0,5),(6,46,0,6),(6,46,0,7),(3,46,1,0),(6,46,1,5),(6,46,1,6),(6,46,1,7),(4,46,2,0),(4,46,2,1),(4,46,2,2),(6,46,2,4),(6,46,2,5),(6,46,2,6),(6,46,2,7),(6,46,2,8),(4,46,3,1),(4,46,3,2),(8,46,3,4),(4,46,4,1),(4,46,4,2),(4,46,4,3),(4,46,4,26),(4,46,4,27),(4,46,4,28),(4,46,5,0),(4,46,5,1),(4,46,5,2),(4,46,5,3),(4,46,5,26),(4,46,5,28),(4,46,6,0),(4,46,6,2),(4,46,6,3),(4,46,6,4),(4,46,6,5),(4,46,6,24),(4,46,6,25),(4,46,6,26),(4,46,6,27),(4,46,6,28),(4,46,7,0),(2,46,7,1),(4,46,7,3),(4,46,7,4),(4,46,7,5),(4,46,7,6),(13,46,7,18),(4,46,7,24),(4,46,7,25),(4,46,7,26),(4,46,7,27),(4,46,7,28),(4,46,7,29),(4,46,8,0),(4,46,8,4),(4,46,8,5),(4,46,8,26),(4,46,8,27),(4,46,8,28),(4,46,8,29),(4,46,9,0),(4,46,9,1),(4,46,9,2),(4,46,9,3),(4,46,9,4),(4,46,9,5),(3,46,9,20),(3,46,9,21),(3,46,9,22),(3,46,9,23),(4,46,9,26),(4,46,9,27),(4,46,10,0),(4,46,10,1),(4,46,10,2),(4,46,10,4),(4,46,10,5),(4,46,10,6),(4,46,10,7),(3,46,10,20),(3,46,10,21),(3,46,10,22),(3,46,10,23),(4,46,11,1),(4,46,11,2),(4,46,11,3),(4,46,11,4),(4,46,11,5),(1,46,11,6),(3,46,11,20),(3,46,11,21),(3,46,11,22),(3,46,11,23),(4,46,12,4),(6,46,12,10),(6,46,12,11),(6,46,12,12),(6,46,12,13),(6,46,12,14),(6,46,12,15),(6,46,12,16),(3,46,12,20),(3,46,12,21),(3,46,12,22),(3,46,12,23),(11,46,12,24),(6,46,13,11),(6,46,13,12),(6,46,13,14),(6,46,13,15),(3,46,13,19),(3,46,13,20),(3,46,13,21),(3,46,13,22),(3,46,13,23),(0,46,14,2),(2,46,14,21),(3,46,14,23),(3,46,15,23),(5,46,15,30),(3,46,16,20),(3,46,16,21),(3,46,16,22),(3,46,16,23),(3,46,16,24),(5,46,16,25),(5,46,16,26),(5,46,16,29),(5,46,16,30),(5,46,16,31),(3,46,17,0),(3,46,17,1),(3,46,17,2),(0,46,17,6),(6,46,17,13),(6,46,17,14),(3,46,17,19),(3,46,17,20),(3,46,17,22),(3,46,17,23),(5,46,17,25),(5,46,17,26),(5,46,17,27),(5,46,17,28),(5,46,17,29),(5,46,17,30),(5,46,17,31),(3,46,18,0),(3,46,18,1),(3,46,18,2),(6,46,18,13),(6,46,18,14),(5,46,18,24),(5,46,18,25),(5,46,18,26),(5,46,18,28),(5,46,18,29),(5,46,18,30),(5,46,18,31),(3,46,19,0),(3,46,19,1),(3,46,19,2),(3,46,19,3),(3,46,19,4),(6,46,19,11),(6,46,19,12),(6,46,19,13),(5,46,19,26),(5,46,19,27),(5,46,19,28),(5,46,19,29),(5,46,19,30),(5,46,19,31),(3,46,20,0),(3,46,20,3),(3,46,20,4),(6,46,20,11),(6,46,20,12),(6,46,20,13),(6,46,20,14),(12,46,20,21),(5,46,20,27),(5,46,20,28),(5,46,20,29),(5,46,20,30),(5,46,20,31),(3,46,21,0),(3,46,21,3),(5,46,21,27),(5,46,21,28),(5,46,21,29),(5,46,21,30),(3,46,22,0),(0,46,22,1),(5,46,22,27),(5,46,22,28),(5,46,22,29),(5,46,22,30),(5,46,22,31),(3,46,23,0),(3,46,23,3),(3,46,23,4),(5,46,23,8),(5,46,23,27),(5,46,23,28),(5,46,23,29),(5,46,23,30),(5,46,23,31),(3,46,24,0),(3,46,24,1),(3,46,24,2),(3,46,24,3),(6,46,24,4),(5,46,24,8),(5,46,24,9),(5,46,24,10),(5,46,24,11),(5,46,24,27),(5,46,24,28),(5,46,24,30),(3,46,25,0),(3,46,25,1),(3,46,25,2),(6,46,25,3),(6,46,25,4),(5,46,25,8),(5,46,25,10),(5,46,25,11),(5,46,25,12),(5,46,25,13),(5,46,25,28),(5,46,25,29),(3,46,26,0),(3,46,26,1),(6,46,26,2),(6,46,26,3),(6,46,26,4),(5,46,26,6),(5,46,26,7),(5,46,26,8),(5,46,26,9),(5,46,26,10),(5,46,26,11),(5,46,26,12),(4,46,26,16),(4,46,26,17),(3,46,27,0),(2,46,27,1),(6,46,27,3),(6,46,27,4),(0,46,27,5),(5,46,27,7),(5,46,27,8),(5,46,27,9),(5,46,27,10),(5,46,27,11),(5,46,27,12),(5,46,27,13),(4,46,27,15),(4,46,27,16),(4,46,27,17),(4,46,27,18),(0,46,27,27),(3,46,28,0),(6,46,28,3),(5,46,28,7),(5,46,28,9),(5,46,28,10),(5,46,28,11),(5,46,28,12),(4,46,28,15),(4,46,28,16),(4,46,28,17),(4,46,28,18),(3,46,28,22),(3,46,28,23),(3,46,29,0),(6,46,29,3),(6,46,29,4),(5,46,29,7),(5,46,29,8),(5,46,29,9),(5,46,29,10),(5,46,29,11),(5,46,29,12),(5,46,29,13),(4,46,29,15),(4,46,29,16),(4,46,29,17),(4,46,29,18),(4,46,29,19),(3,46,29,21),(3,46,29,23),(3,46,29,24),(5,46,30,7),(5,46,30,8),(5,46,30,9),(5,46,30,10),(5,46,30,12),(5,46,30,13),(5,46,30,14),(4,46,30,15),(4,46,30,17),(4,46,30,18),(4,46,30,19),(3,46,30,21),(3,46,30,22),(3,46,30,23),(3,46,30,24),(3,46,30,25),(3,46,30,26),(5,46,31,8),(5,46,31,9),(5,46,31,10),(5,46,31,11),(5,46,31,12),(5,46,31,13),(5,46,31,14),(4,46,31,15),(4,46,31,16),(4,46,31,17),(3,46,31,21),(3,46,31,22),(3,46,31,23),(3,46,31,24),(3,46,31,25),(4,58,0,24),(1,58,1,9),(8,58,1,17),(4,58,1,24),(4,58,2,24),(4,58,2,25),(4,58,2,27),(4,58,3,24),(4,58,3,25),(4,58,3,26),(4,58,3,27),(4,58,3,28),(14,58,4,6),(2,58,4,14),(4,58,4,16),(4,58,4,17),(4,58,4,18),(4,58,4,19),(4,58,4,20),(4,58,4,21),(4,58,4,22),(4,58,4,23),(4,58,4,24),(4,58,4,25),(4,58,4,26),(4,58,4,27),(4,58,4,28),(4,58,4,29),(3,58,5,10),(4,58,5,22),(0,58,5,23),(4,58,5,25),(4,58,5,26),(2,58,5,27),(4,58,5,29),(3,58,6,10),(3,58,6,11),(4,58,6,22),(4,58,6,26),(4,58,6,29),(3,58,7,9),(3,58,7,10),(4,58,7,22),(4,58,7,23),(4,58,7,24),(4,58,7,25),(4,58,7,26),(4,58,7,28),(4,58,7,29),(3,58,8,6),(3,58,8,9),(3,58,8,10),(3,58,8,11),(5,58,8,14),(5,58,8,15),(4,58,8,22),(4,58,8,23),(3,58,9,6),(3,58,9,9),(3,58,9,10),(3,58,9,11),(5,58,9,13),(5,58,9,14),(5,58,9,15),(4,58,9,23),(4,58,9,25),(0,58,9,26),(3,58,10,3),(3,58,10,5),(3,58,10,6),(3,58,10,7),(3,58,10,8),(3,58,10,9),(5,58,10,12),(5,58,10,13),(5,58,10,14),(4,58,10,20),(4,58,10,21),(4,58,10,22),(4,58,10,23),(4,58,10,24),(4,58,10,25),(3,58,11,2),(3,58,11,3),(3,58,11,4),(3,58,11,5),(3,58,11,6),(3,58,11,7),(5,58,11,12),(2,58,11,14),(4,58,11,20),(4,58,11,21),(4,58,11,22),(4,58,11,23),(4,58,11,24),(4,58,11,25),(4,58,11,26),(4,58,11,27),(4,58,11,28),(3,58,12,2),(3,58,12,5),(3,58,12,6),(3,58,12,7),(0,58,12,18),(4,58,12,20),(4,58,12,21),(4,58,12,24),(4,58,12,25),(4,58,12,26),(3,58,13,3),(3,58,13,4),(3,58,13,5),(3,58,13,6),(4,58,13,21),(4,58,13,22),(4,58,13,23),(4,58,13,24),(4,58,13,25),(4,58,13,26),(3,58,14,5),(3,58,14,6),(4,58,14,20),(4,58,14,21),(4,58,14,22),(4,58,14,23),(4,58,14,24),(4,58,14,25),(3,58,15,3),(3,58,15,4),(3,58,15,5),(6,58,15,16),(6,58,15,18),(4,58,15,22),(4,58,15,25),(6,58,15,26),(6,58,15,27),(6,58,15,28),(6,58,15,29),(6,58,16,8),(6,58,16,11),(6,58,16,16),(6,58,16,17),(6,58,16,18),(6,58,16,21),(0,58,16,24),(6,58,16,26),(6,58,16,27),(6,58,17,8),(6,58,17,9),(6,58,17,10),(6,58,17,11),(6,58,17,12),(6,58,17,13),(6,58,17,14),(6,58,17,15),(6,58,17,16),(6,58,17,17),(6,58,17,18),(6,58,17,21),(6,58,17,26),(6,58,17,27),(13,58,18,0),(6,58,18,9),(6,58,18,17),(6,58,18,21),(6,58,18,22),(6,58,18,23),(6,58,18,24),(6,58,18,25),(6,58,18,26),(6,58,18,27),(6,58,19,22),(6,58,19,23),(12,58,19,24),(6,58,20,22),(3,58,21,18),(3,58,22,18),(3,58,22,19),(3,58,23,18),(3,58,23,19),(6,58,24,16),(3,58,24,19),(3,58,24,20),(3,58,24,21),(5,58,25,1),(5,58,25,11),(6,58,25,15),(6,58,25,16),(3,58,25,18),(3,58,25,19),(0,58,25,20),(5,58,25,23),(5,58,25,26),(5,58,25,27),(5,58,25,28),(5,58,25,29),(5,58,26,0),(5,58,26,1),(5,58,26,2),(5,58,26,11),(5,58,26,12),(6,58,26,13),(6,58,26,14),(6,58,26,15),(6,58,26,16),(3,58,26,17),(3,58,26,18),(3,58,26,19),(5,58,26,23),(5,58,26,24),(5,58,26,25),(5,58,26,26),(5,58,26,27),(5,58,26,28),(5,58,26,29),(5,58,27,0),(5,58,27,1),(5,58,27,2),(5,58,27,3),(5,58,27,4),(5,58,27,9),(5,58,27,10),(5,58,27,11),(5,58,27,12),(5,58,27,13),(5,58,27,14),(6,58,27,15),(6,58,27,16),(6,58,27,17),(3,58,27,18),(3,58,27,19),(3,58,27,20),(3,58,27,21),(3,58,27,22),(3,58,27,23),(5,58,27,25),(5,58,27,26),(5,58,27,27),(5,58,27,28),(5,58,27,29),(3,69,0,2),(3,69,0,4),(3,69,0,5),(3,69,0,6),(3,69,0,7),(3,69,0,8),(3,69,0,9),(4,69,0,11),(4,69,0,12),(4,69,0,13),(4,69,0,14),(4,69,0,15),(3,69,1,2),(3,69,1,3),(3,69,1,4),(3,69,1,5),(3,69,1,6),(3,69,1,7),(3,69,1,8),(4,69,1,10),(4,69,1,11),(4,69,1,12),(4,69,1,13),(4,69,1,14),(4,69,1,15),(4,69,1,16),(4,69,1,17),(0,69,2,5),(4,69,2,11),(4,69,2,12),(4,69,2,13),(4,69,2,14),(4,69,2,16),(11,69,2,21),(0,69,3,1),(4,69,3,16),(5,69,4,14),(4,69,4,15),(4,69,4,16),(4,69,4,17),(6,69,4,27),(6,69,4,28),(5,69,5,14),(5,69,5,16),(4,69,5,20),(6,69,5,28),(6,69,5,29),(4,69,6,5),(5,69,6,14),(5,69,6,15),(5,69,6,16),(5,69,6,17),(4,69,6,20),(6,69,6,21),(6,69,6,22),(6,69,6,23),(6,69,6,24),(6,69,6,25),(6,69,6,26),(6,69,6,27),(6,69,6,28),(6,69,6,29),(4,69,7,4),(4,69,7,5),(4,69,7,6),(4,69,7,7),(5,69,7,15),(5,69,7,16),(5,69,7,17),(4,69,7,20),(4,69,7,21),(4,69,7,22),(4,69,7,23),(4,69,7,24),(4,69,7,25),(4,69,7,26),(4,69,7,27),(4,69,7,28),(4,69,7,29),(4,69,8,4),(4,69,8,5),(4,69,8,6),(4,69,8,7),(4,69,8,8),(4,69,8,9),(4,69,8,10),(1,69,8,14),(5,69,8,16),(5,69,8,17),(2,69,8,18),(4,69,8,20),(4,69,8,21),(4,69,8,22),(4,69,8,23),(0,69,8,24),(4,69,8,27),(4,69,8,28),(4,69,9,4),(4,69,9,5),(4,69,9,6),(4,69,9,20),(4,69,9,22),(4,69,9,23),(4,69,9,28),(4,69,10,5),(4,69,10,6),(4,69,10,7),(0,69,11,1),(4,69,11,4),(4,69,11,5),(4,69,11,6),(4,69,11,12),(4,69,11,13),(4,69,11,14),(4,69,12,4),(4,69,12,10),(4,69,12,11),(4,69,12,12),(4,69,12,13),(3,69,13,6),(4,69,13,7),(4,69,13,8),(4,69,13,9),(4,69,13,10),(4,69,13,11),(4,69,13,12),(4,69,13,13),(4,69,13,14),(1,69,13,18),(5,69,13,25),(3,69,14,6),(3,69,14,7),(3,69,14,8),(3,69,14,9),(3,69,14,10),(3,69,14,11),(3,69,14,12),(4,69,14,13),(5,69,14,25),(0,69,15,7),(3,69,15,9),(3,69,15,10),(3,69,15,11),(4,69,15,12),(4,69,15,13),(4,69,15,14),(3,69,15,20),(5,69,15,25),(5,69,16,0),(5,69,16,1),(3,69,16,9),(3,69,16,10),(4,69,16,12),(4,69,16,18),(4,69,16,19),(3,69,16,20),(3,69,16,21),(3,69,16,22),(5,69,16,23),(5,69,16,25),(5,69,17,0),(13,69,17,4),(3,69,17,10),(4,69,17,12),(0,69,17,15),(4,69,17,19),(3,69,17,20),(3,69,17,21),(3,69,17,22),(5,69,17,23),(5,69,17,24),(5,69,17,25),(5,69,18,0),(5,69,18,1),(4,69,18,12),(4,69,18,17),(4,69,18,18),(4,69,18,19),(4,69,18,20),(3,69,18,21),(3,69,18,22),(5,69,18,23),(5,69,18,24),(5,69,18,25),(5,69,19,0),(0,69,19,1),(9,69,19,8),(4,69,19,17),(4,69,19,18),(4,69,19,19),(4,69,19,20),(4,69,19,21),(3,69,19,22),(5,69,19,24),(5,69,20,0),(4,69,20,16),(4,69,20,17),(4,69,20,18),(4,69,20,19),(3,69,20,21),(3,69,20,22),(3,69,20,23),(5,69,21,0),(5,69,21,1),(5,69,21,2),(5,69,21,3),(4,69,21,15),(4,69,21,16),(4,69,21,18),(4,69,21,19),(3,69,21,22),(5,69,22,0),(4,69,22,15),(4,69,23,15),(0,69,24,11),(2,69,24,22),(3,69,25,0),(3,69,26,0),(3,69,26,1),(3,69,26,2),(6,69,26,18),(6,69,26,26),(6,69,26,27),(3,69,27,0),(3,69,27,1),(3,69,27,2),(3,69,27,3),(6,69,27,18),(6,69,27,20),(6,69,27,21),(6,69,27,22),(6,69,27,26),(6,69,27,27),(6,69,27,29),(3,69,28,0),(3,69,28,1),(3,69,28,3),(6,69,28,18),(6,69,28,19),(6,69,28,20),(6,69,28,21),(6,69,28,22),(6,69,28,23),(6,69,28,26),(6,69,28,27),(6,69,28,28),(6,69,28,29),(3,69,29,0),(3,69,29,1),(3,69,29,2),(6,69,29,19),(6,69,29,21),(6,69,29,26),(6,69,29,27),(6,69,29,28),(6,69,29,29),(0,73,0,0),(5,73,0,3),(5,73,0,4),(5,73,0,5),(5,73,0,6),(5,73,0,7),(5,73,0,8),(5,73,0,9),(5,73,0,10),(5,73,0,11),(5,73,0,12),(5,73,0,13),(5,73,0,14),(5,73,0,26),(5,73,0,27),(5,73,0,28),(5,73,0,29),(5,73,1,3),(11,73,1,4),(5,73,1,11),(5,73,1,12),(5,73,1,13),(13,73,1,16),(4,73,1,19),(4,73,1,20),(4,73,1,21),(4,73,1,22),(5,73,1,26),(5,73,1,27),(5,73,1,28),(5,73,1,29),(5,73,2,2),(5,73,2,3),(5,73,2,10),(5,73,2,12),(5,73,2,13),(5,73,2,14),(5,73,2,15),(4,73,2,20),(4,73,2,21),(4,73,2,22),(4,73,2,23),(5,73,2,27),(5,73,2,28),(5,73,2,29),(0,73,3,1),(5,73,3,10),(5,73,3,11),(5,73,3,12),(5,73,3,13),(5,73,3,14),(4,73,3,20),(4,73,3,21),(4,73,3,22),(4,73,3,23),(4,73,3,24),(5,73,3,28),(5,73,3,29),(5,73,4,12),(5,73,4,13),(6,73,4,18),(4,73,4,21),(4,73,4,22),(4,73,4,23),(5,73,4,26),(5,73,4,27),(5,73,4,28),(6,73,5,8),(6,73,5,9),(6,73,5,18),(6,73,5,19),(4,73,5,22),(4,73,5,23),(4,73,5,24),(5,73,5,26),(5,73,5,27),(6,73,6,7),(6,73,6,8),(6,73,6,9),(6,73,6,11),(6,73,6,18),(6,73,6,19),(6,73,7,9),(6,73,7,10),(6,73,7,18),(12,73,7,23),(6,73,8,9),(6,73,8,10),(6,73,8,16),(6,73,8,17),(6,73,8,18),(3,73,9,3),(3,73,9,4),(3,73,10,0),(3,73,10,2),(3,73,10,3),(3,73,10,4),(8,73,10,5),(0,73,10,20),(3,73,11,0),(3,73,11,1),(3,73,11,2),(3,73,11,3),(3,73,12,0),(3,73,12,1),(3,73,12,2),(3,73,13,0),(3,73,13,1),(3,73,13,2),(3,73,13,4),(3,73,14,0),(3,73,14,1),(3,73,14,2),(3,73,14,3),(3,73,14,4),(3,73,15,0),(3,73,15,1),(3,73,15,2),(3,73,15,3),(3,73,15,4),(3,73,16,0),(3,73,16,1),(3,73,16,2),(3,73,16,3),(5,73,16,29),(3,73,17,0),(3,73,17,1),(3,73,17,2),(3,73,17,3),(3,73,17,4),(2,73,17,28),(3,73,18,0),(3,73,18,1),(3,73,18,2),(3,73,18,3),(3,73,18,4),(3,73,18,5),(0,73,18,23),(3,73,19,0),(3,73,19,1),(3,73,19,2),(3,73,19,3),(3,73,19,4),(3,73,19,5),(5,73,19,29),(3,73,20,0),(3,73,20,1),(3,73,20,2),(3,73,20,3),(3,73,20,4),(3,73,20,5),(5,73,20,28),(5,73,20,29),(3,73,21,0),(3,73,21,1),(3,73,21,2),(3,73,21,3),(3,73,21,4),(5,73,21,29),(3,73,22,0),(3,73,22,1),(3,73,22,2),(14,73,22,25),(5,73,22,29),(3,73,23,0),(3,73,23,1),(3,73,23,2),(3,73,23,3),(4,73,23,9),(5,73,23,29),(3,73,24,1),(3,73,24,2),(0,73,24,4),(4,73,24,7),(4,73,24,8),(4,73,24,9),(4,73,24,10),(4,73,24,11),(5,73,24,29),(4,73,25,7),(4,73,25,8),(4,73,25,9),(4,73,25,10),(5,73,25,27),(5,73,25,29),(4,73,26,6),(4,73,26,7),(4,73,26,8),(4,73,26,9),(4,73,26,10),(2,73,26,12),(6,73,26,22),(6,73,26,23),(5,73,26,27),(5,73,26,28),(5,73,26,29),(4,73,27,5),(4,73,27,6),(4,73,27,7),(4,73,27,8),(4,73,27,9),(4,73,27,10),(5,73,27,17),(5,73,27,18),(5,73,27,21),(5,73,27,22),(6,73,27,23),(6,73,27,24),(0,73,28,4),(4,73,28,6),(4,73,28,7),(4,73,28,8),(4,73,28,9),(4,73,28,10),(5,73,28,15),(5,73,28,16),(5,73,28,17),(5,73,28,18),(5,73,28,19),(5,73,28,21),(5,73,28,22),(6,73,28,23),(6,73,28,24),(5,73,28,25),(5,73,28,26),(5,73,28,27),(5,73,28,28),(4,73,29,7),(4,73,29,8),(4,73,29,9),(4,73,29,10),(4,73,29,11),(5,73,29,16),(5,73,29,17),(5,73,29,18),(5,73,29,19),(5,73,29,20),(5,73,29,21),(5,73,29,22),(6,73,29,23),(6,73,29,24),(6,73,29,25),(6,73,29,26),(5,73,29,27),(13,74,0,0),(8,74,0,7),(8,74,2,3),(10,74,7,0),(9,74,7,12),(12,74,14,0),(14,74,14,7);
/*!40000 ALTER TABLE `tiles` ENABLE KEYS */;
UNLOCK TABLES;

--
-- Table structure for table `units`
--

DROP TABLE IF EXISTS `units`;
/*!40101 SET @saved_cs_client     = @@character_set_client */;
/*!40101 SET character_set_client = utf8 */;
CREATE TABLE `units` (
  `id` int(11) NOT NULL AUTO_INCREMENT,
  `level` tinyint(2) unsigned NOT NULL,
  `location_id` int(10) unsigned NOT NULL,
  `location_type` tinyint(2) unsigned NOT NULL DEFAULT '0',
  `player_id` int(11) DEFAULT NULL,
  `upgrade_ends_at` datetime DEFAULT NULL,
  `pause_remainder` int(10) unsigned DEFAULT NULL,
  `xp` mediumint(8) unsigned NOT NULL DEFAULT '0',
  `type` varchar(50) NOT NULL,
  `flank` tinyint(2) unsigned NOT NULL DEFAULT '0',
  `location_x` mediumint(9) DEFAULT NULL,
  `location_y` mediumint(9) DEFAULT NULL,
  `route_id` int(11) DEFAULT NULL,
  `galaxy_id` int(11) NOT NULL,
  `stance` tinyint(2) unsigned NOT NULL DEFAULT '0',
  `construction_mod` tinyint(2) unsigned NOT NULL DEFAULT '0',
  `stored` int(10) unsigned NOT NULL DEFAULT '0',
  `metal` float NOT NULL DEFAULT '0',
  `energy` float NOT NULL DEFAULT '0',
  `zetium` float NOT NULL DEFAULT '0',
  `hp_percentage` float unsigned NOT NULL DEFAULT '1',
  PRIMARY KEY (`id`),
  KEY `location` (`player_id`,`location_id`,`location_type`),
  KEY `location_and_player` (`location_type`,`location_id`,`location_x`,`location_y`,`player_id`),
  KEY `index_units_on_route_id` (`route_id`),
  KEY `type` (`player_id`,`type`),
  KEY `foreign_key` (`galaxy_id`),
  CONSTRAINT `units_ibfk_1` FOREIGN KEY (`player_id`) REFERENCES `players` (`id`) ON DELETE SET NULL,
  CONSTRAINT `units_ibfk_2` FOREIGN KEY (`galaxy_id`) REFERENCES `galaxies` (`id`) ON DELETE CASCADE,
  CONSTRAINT `units_ibfk_3` FOREIGN KEY (`route_id`) REFERENCES `routes` (`id`) ON DELETE SET NULL
) ENGINE=InnoDB AUTO_INCREMENT=2660 DEFAULT CHARSET=utf8;
/*!40101 SET character_set_client = @saved_cs_client */;

--
-- Dumping data for table `units`
--

LOCK TABLES `units` WRITE;
/*!40000 ALTER TABLE `units` DISABLE KEYS */;
INSERT INTO `units` VALUES (1,1,1,2,NULL,NULL,NULL,0,'Gnawer',0,NULL,NULL,NULL,1,0,0,0,0,0,0,1),(2,1,1,2,NULL,NULL,NULL,0,'Gnawer',0,NULL,NULL,NULL,1,0,0,0,0,0,0,1),(3,1,1,2,NULL,NULL,NULL,0,'Gnawer',0,NULL,NULL,NULL,1,0,0,0,0,0,0,1),(4,1,1,2,NULL,NULL,NULL,0,'Gnawer',1,NULL,NULL,NULL,1,0,0,0,0,0,0,1),(5,1,1,2,NULL,NULL,NULL,0,'Gnawer',1,NULL,NULL,NULL,1,0,0,0,0,0,0,1),(6,1,1,2,NULL,NULL,NULL,0,'Spudder',1,NULL,NULL,NULL,1,0,0,0,0,0,0,1),(7,1,1,2,NULL,NULL,NULL,0,'Spudder',1,NULL,NULL,NULL,1,0,0,0,0,0,0,1),(8,1,1,2,NULL,NULL,NULL,0,'Spudder',0,NULL,NULL,NULL,1,0,0,0,0,0,0,1),(9,1,1,2,NULL,NULL,NULL,0,'Spudder',1,NULL,NULL,NULL,1,0,0,0,0,0,0,1),(10,1,1,2,NULL,NULL,NULL,0,'Spudder',1,NULL,NULL,NULL,1,0,0,0,0,0,0,1),(11,1,1,2,NULL,NULL,NULL,0,'Spudder',1,NULL,NULL,NULL,1,0,0,0,0,0,0,1),(12,1,1,2,NULL,NULL,NULL,0,'Spudder',1,NULL,NULL,NULL,1,0,0,0,0,0,0,1),(13,1,1,2,NULL,NULL,NULL,0,'Spudder',0,NULL,NULL,NULL,1,0,0,0,0,0,0,1),(14,1,1,2,NULL,NULL,NULL,0,'Spudder',0,NULL,NULL,NULL,1,0,0,0,0,0,0,1),(15,1,1,2,NULL,NULL,NULL,0,'Spudder',0,NULL,NULL,NULL,1,0,0,0,0,0,0,1),(16,1,1,2,NULL,NULL,NULL,0,'Glancer',1,NULL,NULL,NULL,1,0,0,0,0,0,0,1),(17,1,1,2,NULL,NULL,NULL,0,'Glancer',1,NULL,NULL,NULL,1,0,0,0,0,0,0,1),(18,1,1,2,NULL,NULL,NULL,0,'Glancer',1,NULL,NULL,NULL,1,0,0,0,0,0,0,1),(19,1,1,2,NULL,NULL,NULL,0,'Glancer',1,NULL,NULL,NULL,1,0,0,0,0,0,0,1),(20,1,1,2,NULL,NULL,NULL,0,'Glancer',1,NULL,NULL,NULL,1,0,0,0,0,0,0,1),(21,1,1,2,NULL,NULL,NULL,0,'Glancer',1,NULL,NULL,NULL,1,0,0,0,0,0,0,1),(22,1,1,2,NULL,NULL,NULL,0,'Glancer',1,NULL,NULL,NULL,1,0,0,0,0,0,0,1),(23,1,1,2,NULL,NULL,NULL,0,'Glancer',1,NULL,NULL,NULL,1,0,0,0,0,0,0,1),(24,1,1,2,NULL,NULL,NULL,0,'Glancer',1,NULL,NULL,NULL,1,0,0,0,0,0,0,1),(25,1,1,2,NULL,NULL,NULL,0,'Gnat',1,NULL,NULL,NULL,1,0,0,0,0,0,0,1),(26,1,1,2,NULL,NULL,NULL,0,'Gnat',0,NULL,NULL,NULL,1,0,0,0,0,0,0,1),(27,1,1,2,NULL,NULL,NULL,0,'Gnat',1,NULL,NULL,NULL,1,0,0,0,0,0,0,1),(28,1,1,2,NULL,NULL,NULL,0,'Gnat',0,NULL,NULL,NULL,1,0,0,0,0,0,0,1),(29,1,1,2,NULL,NULL,NULL,0,'Gnat',0,NULL,NULL,NULL,1,0,0,0,0,0,0,1),(30,1,1,2,NULL,NULL,NULL,0,'Gnat',0,NULL,NULL,NULL,1,0,0,0,0,0,0,1),(31,1,1,2,NULL,NULL,NULL,0,'Gnat',0,NULL,NULL,NULL,1,0,0,0,0,0,0,1),(32,1,1,2,NULL,NULL,NULL,0,'Gnat',0,NULL,NULL,NULL,1,0,0,0,0,0,0,1),(33,1,1,2,NULL,NULL,NULL,0,'Gnat',0,NULL,NULL,NULL,1,0,0,0,0,0,0,1),(34,1,1,2,NULL,NULL,NULL,0,'Gnat',0,NULL,NULL,NULL,1,0,0,0,0,0,0,1),(35,1,1,2,NULL,NULL,NULL,0,'Gnat',0,NULL,NULL,NULL,1,0,0,0,0,0,0,1),(36,1,1,2,NULL,NULL,NULL,0,'Gnat',0,NULL,NULL,NULL,1,0,0,0,0,0,0,1),(37,1,1,2,NULL,NULL,NULL,0,'Gnat',1,NULL,NULL,NULL,1,0,0,0,0,0,0,1),(38,1,1,2,NULL,NULL,NULL,0,'Gnat',1,NULL,NULL,NULL,1,0,0,0,0,0,0,1),(39,1,1,1,NULL,NULL,NULL,0,'Demosis',0,1,45,NULL,1,0,0,0,0,0,0,1),(40,1,1,1,NULL,NULL,NULL,0,'Demosis',1,1,45,NULL,1,0,0,0,0,0,0,1),(41,1,1,1,NULL,NULL,NULL,0,'Demosis',0,1,45,NULL,1,0,0,0,0,0,0,1),(42,1,1,1,NULL,NULL,NULL,0,'Demosis',0,1,45,NULL,1,0,0,0,0,0,0,1),(43,1,1,1,NULL,NULL,NULL,0,'Demosis',0,1,45,NULL,1,0,0,0,0,0,0,1),(44,1,1,1,NULL,NULL,NULL,0,'Demosis',1,1,45,NULL,1,0,0,0,0,0,0,1),(45,1,1,1,NULL,NULL,NULL,0,'Demosis',1,1,45,NULL,1,0,0,0,0,0,0,1),(46,1,1,1,NULL,NULL,NULL,0,'Thor',1,1,45,NULL,1,0,0,0,0,0,0,1),(47,1,1,1,NULL,NULL,NULL,0,'Thor',0,1,45,NULL,1,0,0,0,0,0,0,1),(48,1,1,1,NULL,NULL,NULL,0,'Thor',1,1,45,NULL,1,0,0,0,0,0,0,1),(49,1,1,1,NULL,NULL,NULL,0,'Thor',1,1,45,NULL,1,0,0,0,0,0,0,1),(50,1,1,1,NULL,NULL,NULL,0,'Dirac',1,1,45,NULL,1,0,0,0,0,0,0,1),(51,1,1,1,NULL,NULL,NULL,0,'Dirac',1,1,45,NULL,1,0,0,0,0,0,0,1),(52,1,1,1,NULL,NULL,NULL,0,'Dirac',1,1,45,NULL,1,0,0,0,0,0,0,1),(53,1,1,1,NULL,NULL,NULL,0,'Dirac',1,1,45,NULL,1,0,0,0,0,0,0,1),(54,1,1,1,NULL,NULL,NULL,0,'Dirac',1,1,45,NULL,1,0,0,0,0,0,0,1),(55,1,1,1,NULL,NULL,NULL,0,'Dirac',0,1,45,NULL,1,0,0,0,0,0,0,1),(56,1,1,1,NULL,NULL,NULL,0,'Dirac',0,1,45,NULL,1,0,0,0,0,0,0,1),(57,1,1,1,NULL,NULL,NULL,0,'Dirac',1,1,45,NULL,1,0,0,0,0,0,0,1),(58,1,1,1,NULL,NULL,NULL,0,'Dirac',1,1,45,NULL,1,0,0,0,0,0,0,1),(59,1,1,1,NULL,NULL,NULL,0,'Dirac',1,1,45,NULL,1,0,0,0,0,0,0,1),(60,1,1,1,NULL,NULL,NULL,0,'Dirac',1,1,45,NULL,1,0,0,0,0,0,0,1),(61,1,1,1,NULL,NULL,NULL,0,'Dirac',1,1,45,NULL,1,0,0,0,0,0,0,1),(62,1,1,1,NULL,NULL,NULL,0,'Dirac',1,1,45,NULL,1,0,0,0,0,0,0,1),(63,1,1,1,NULL,NULL,NULL,0,'Dirac',0,1,45,NULL,1,0,0,0,0,0,0,1),(64,1,1,1,NULL,NULL,NULL,0,'Dirac',1,1,45,NULL,1,0,0,0,0,0,0,1),(65,1,1,1,NULL,NULL,NULL,0,'Dirac',1,1,45,NULL,1,0,0,0,0,0,0,1),(66,1,1,1,NULL,NULL,NULL,0,'Dirac',1,1,45,NULL,1,0,0,0,0,0,0,1),(67,1,1,1,NULL,NULL,NULL,0,'Dirac',1,1,45,NULL,1,0,0,0,0,0,0,1),(68,1,4,2,NULL,NULL,NULL,0,'Gnawer',0,NULL,NULL,NULL,1,0,0,0,0,0,0,1),(69,1,4,2,NULL,NULL,NULL,0,'Gnawer',0,NULL,NULL,NULL,1,0,0,0,0,0,0,1),(70,1,4,2,NULL,NULL,NULL,0,'Gnawer',0,NULL,NULL,NULL,1,0,0,0,0,0,0,1),(71,1,4,2,NULL,NULL,NULL,0,'Gnawer',0,NULL,NULL,NULL,1,0,0,0,0,0,0,1),(72,1,4,2,NULL,NULL,NULL,0,'Spudder',1,NULL,NULL,NULL,1,0,0,0,0,0,0,1),(73,1,4,2,NULL,NULL,NULL,0,'Spudder',1,NULL,NULL,NULL,1,0,0,0,0,0,0,1),(74,1,4,2,NULL,NULL,NULL,0,'Spudder',0,NULL,NULL,NULL,1,0,0,0,0,0,0,1),(75,1,4,2,NULL,NULL,NULL,0,'Spudder',0,NULL,NULL,NULL,1,0,0,0,0,0,0,1),(76,1,4,2,NULL,NULL,NULL,0,'Spudder',0,NULL,NULL,NULL,1,0,0,0,0,0,0,1),(77,1,4,2,NULL,NULL,NULL,0,'Spudder',0,NULL,NULL,NULL,1,0,0,0,0,0,0,1),(78,1,4,2,NULL,NULL,NULL,0,'Glancer',1,NULL,NULL,NULL,1,0,0,0,0,0,0,1),(79,1,4,2,NULL,NULL,NULL,0,'Glancer',1,NULL,NULL,NULL,1,0,0,0,0,0,0,1),(80,1,4,2,NULL,NULL,NULL,0,'Glancer',1,NULL,NULL,NULL,1,0,0,0,0,0,0,1),(81,1,4,2,NULL,NULL,NULL,0,'Glancer',1,NULL,NULL,NULL,1,0,0,0,0,0,0,1),(82,1,4,2,NULL,NULL,NULL,0,'Glancer',1,NULL,NULL,NULL,1,0,0,0,0,0,0,1),(83,1,4,2,NULL,NULL,NULL,0,'Gnat',1,NULL,NULL,NULL,1,0,0,0,0,0,0,1),(84,1,4,2,NULL,NULL,NULL,0,'Gnat',0,NULL,NULL,NULL,1,0,0,0,0,0,0,1),(85,1,4,2,NULL,NULL,NULL,0,'Gnat',0,NULL,NULL,NULL,1,0,0,0,0,0,0,1),(86,1,4,2,NULL,NULL,NULL,0,'Gnat',1,NULL,NULL,NULL,1,0,0,0,0,0,0,1),(87,1,4,2,NULL,NULL,NULL,0,'Gnat',1,NULL,NULL,NULL,1,0,0,0,0,0,0,1),(88,1,4,2,NULL,NULL,NULL,0,'Gnat',1,NULL,NULL,NULL,1,0,0,0,0,0,0,1),(89,1,4,2,NULL,NULL,NULL,0,'Gnat',1,NULL,NULL,NULL,1,0,0,0,0,0,0,1),(90,1,4,2,NULL,NULL,NULL,0,'Gnat',0,NULL,NULL,NULL,1,0,0,0,0,0,0,1),(91,1,4,2,NULL,NULL,NULL,0,'Gnat',0,NULL,NULL,NULL,1,0,0,0,0,0,0,1),(92,1,4,2,NULL,NULL,NULL,0,'Gnat',1,NULL,NULL,NULL,1,0,0,0,0,0,0,1),(93,1,4,2,NULL,NULL,NULL,0,'Gnat',0,NULL,NULL,NULL,1,0,0,0,0,0,0,1),(94,1,1,1,NULL,NULL,NULL,0,'Demosis',0,2,210,NULL,1,0,0,0,0,0,0,1),(95,1,1,1,NULL,NULL,NULL,0,'Demosis',0,2,210,NULL,1,0,0,0,0,0,0,1),(96,1,1,1,NULL,NULL,NULL,0,'Thor',1,2,210,NULL,1,0,0,0,0,0,0,1),(97,1,1,1,NULL,NULL,NULL,0,'Thor',1,2,210,NULL,1,0,0,0,0,0,0,1),(98,1,1,1,NULL,NULL,NULL,0,'Thor',0,2,210,NULL,1,0,0,0,0,0,0,1),(99,1,1,1,NULL,NULL,NULL,0,'Thor',1,2,210,NULL,1,0,0,0,0,0,0,1),(100,1,1,1,NULL,NULL,NULL,0,'Thor',1,2,210,NULL,1,0,0,0,0,0,0,1),(101,1,1,1,NULL,NULL,NULL,0,'Thor',1,2,210,NULL,1,0,0,0,0,0,0,1),(102,1,1,1,NULL,NULL,NULL,0,'Thor',0,2,210,NULL,1,0,0,0,0,0,0,1),(103,1,1,1,NULL,NULL,NULL,0,'Thor',1,2,210,NULL,1,0,0,0,0,0,0,1),(104,1,1,1,NULL,NULL,NULL,0,'Thor',1,2,210,NULL,1,0,0,0,0,0,0,1),(105,1,1,1,NULL,NULL,NULL,0,'Thor',1,2,210,NULL,1,0,0,0,0,0,0,1),(106,1,1,1,NULL,NULL,NULL,0,'Thor',0,2,210,NULL,1,0,0,0,0,0,0,1),(107,1,1,1,NULL,NULL,NULL,0,'Dirac',1,2,210,NULL,1,0,0,0,0,0,0,1),(108,1,1,1,NULL,NULL,NULL,0,'Dirac',1,2,210,NULL,1,0,0,0,0,0,0,1),(109,1,1,1,NULL,NULL,NULL,0,'Dirac',1,2,210,NULL,1,0,0,0,0,0,0,1),(110,1,1,1,NULL,NULL,NULL,0,'Dirac',1,2,210,NULL,1,0,0,0,0,0,0,1),(111,1,1,1,NULL,NULL,NULL,0,'Dirac',1,2,210,NULL,1,0,0,0,0,0,0,1),(112,1,1,1,NULL,NULL,NULL,0,'Dirac',0,2,210,NULL,1,0,0,0,0,0,0,1),(113,1,1,1,NULL,NULL,NULL,0,'Dirac',0,2,210,NULL,1,0,0,0,0,0,0,1),(114,1,1,1,NULL,NULL,NULL,0,'Dirac',1,2,210,NULL,1,0,0,0,0,0,0,1),(115,1,1,1,NULL,NULL,NULL,0,'Dirac',1,2,210,NULL,1,0,0,0,0,0,0,1),(116,1,1,1,NULL,NULL,NULL,0,'Dirac',0,2,210,NULL,1,0,0,0,0,0,0,1),(117,1,1,1,NULL,NULL,NULL,0,'Dirac',1,2,210,NULL,1,0,0,0,0,0,0,1),(118,1,1,1,NULL,NULL,NULL,0,'Dirac',0,2,210,NULL,1,0,0,0,0,0,0,1),(119,1,1,1,NULL,NULL,NULL,0,'Dirac',1,2,210,NULL,1,0,0,0,0,0,0,1),(120,1,1,1,NULL,NULL,NULL,0,'Dirac',0,2,210,NULL,1,0,0,0,0,0,0,1),(121,1,1,1,NULL,NULL,NULL,0,'Dirac',0,2,210,NULL,1,0,0,0,0,0,0,1),(122,1,1,1,NULL,NULL,NULL,0,'Dirac',1,2,210,NULL,1,0,0,0,0,0,0,1),(123,1,1,1,NULL,NULL,NULL,0,'Dirac',1,2,210,NULL,1,0,0,0,0,0,0,1),(124,1,1,1,NULL,NULL,NULL,0,'Dirac',0,2,210,NULL,1,0,0,0,0,0,0,1),(125,1,1,1,NULL,NULL,NULL,0,'Dirac',1,2,210,NULL,1,0,0,0,0,0,0,1),(126,1,1,1,NULL,NULL,NULL,0,'Dirac',0,2,210,NULL,1,0,0,0,0,0,0,1),(127,1,5,2,NULL,NULL,NULL,0,'Gnawer',0,NULL,NULL,NULL,1,0,0,0,0,0,0,1),(128,1,5,2,NULL,NULL,NULL,0,'Gnawer',0,NULL,NULL,NULL,1,0,0,0,0,0,0,1),(129,1,5,2,NULL,NULL,NULL,0,'Gnawer',0,NULL,NULL,NULL,1,0,0,0,0,0,0,1),(130,1,5,2,NULL,NULL,NULL,0,'Gnawer',1,NULL,NULL,NULL,1,0,0,0,0,0,0,1),(131,1,5,2,NULL,NULL,NULL,0,'Spudder',0,NULL,NULL,NULL,1,0,0,0,0,0,0,1),(132,1,5,2,NULL,NULL,NULL,0,'Spudder',0,NULL,NULL,NULL,1,0,0,0,0,0,0,1),(133,1,5,2,NULL,NULL,NULL,0,'Spudder',1,NULL,NULL,NULL,1,0,0,0,0,0,0,1),(134,1,5,2,NULL,NULL,NULL,0,'Spudder',0,NULL,NULL,NULL,1,0,0,0,0,0,0,1),(135,1,5,2,NULL,NULL,NULL,0,'Spudder',0,NULL,NULL,NULL,1,0,0,0,0,0,0,1),(136,1,5,2,NULL,NULL,NULL,0,'Spudder',1,NULL,NULL,NULL,1,0,0,0,0,0,0,1),(137,1,5,2,NULL,NULL,NULL,0,'Spudder',0,NULL,NULL,NULL,1,0,0,0,0,0,0,1),(138,1,5,2,NULL,NULL,NULL,0,'Spudder',0,NULL,NULL,NULL,1,0,0,0,0,0,0,1),(139,1,5,2,NULL,NULL,NULL,0,'Spudder',0,NULL,NULL,NULL,1,0,0,0,0,0,0,1),(140,1,5,2,NULL,NULL,NULL,0,'Glancer',1,NULL,NULL,NULL,1,0,0,0,0,0,0,1),(141,1,5,2,NULL,NULL,NULL,0,'Glancer',1,NULL,NULL,NULL,1,0,0,0,0,0,0,1),(142,1,5,2,NULL,NULL,NULL,0,'Glancer',1,NULL,NULL,NULL,1,0,0,0,0,0,0,1),(143,1,5,2,NULL,NULL,NULL,0,'Glancer',1,NULL,NULL,NULL,1,0,0,0,0,0,0,1),(144,1,5,2,NULL,NULL,NULL,0,'Glancer',1,NULL,NULL,NULL,1,0,0,0,0,0,0,1),(145,1,5,2,NULL,NULL,NULL,0,'Glancer',1,NULL,NULL,NULL,1,0,0,0,0,0,0,1),(146,1,5,2,NULL,NULL,NULL,0,'Glancer',1,NULL,NULL,NULL,1,0,0,0,0,0,0,1),(147,1,5,2,NULL,NULL,NULL,0,'Glancer',1,NULL,NULL,NULL,1,0,0,0,0,0,0,1),(148,1,5,2,NULL,NULL,NULL,0,'Glancer',1,NULL,NULL,NULL,1,0,0,0,0,0,0,1),(149,1,5,2,NULL,NULL,NULL,0,'Glancer',1,NULL,NULL,NULL,1,0,0,0,0,0,0,1),(150,1,5,2,NULL,NULL,NULL,0,'Gnat',1,NULL,NULL,NULL,1,0,0,0,0,0,0,1),(151,1,5,2,NULL,NULL,NULL,0,'Gnat',0,NULL,NULL,NULL,1,0,0,0,0,0,0,1),(152,1,5,2,NULL,NULL,NULL,0,'Gnat',1,NULL,NULL,NULL,1,0,0,0,0,0,0,1),(153,1,5,2,NULL,NULL,NULL,0,'Gnat',1,NULL,NULL,NULL,1,0,0,0,0,0,0,1),(154,1,5,2,NULL,NULL,NULL,0,'Gnat',0,NULL,NULL,NULL,1,0,0,0,0,0,0,1),(155,1,5,2,NULL,NULL,NULL,0,'Gnat',1,NULL,NULL,NULL,1,0,0,0,0,0,0,1),(156,1,5,2,NULL,NULL,NULL,0,'Gnat',0,NULL,NULL,NULL,1,0,0,0,0,0,0,1),(157,1,5,2,NULL,NULL,NULL,0,'Gnat',0,NULL,NULL,NULL,1,0,0,0,0,0,0,1),(158,1,5,2,NULL,NULL,NULL,0,'Gnat',0,NULL,NULL,NULL,1,0,0,0,0,0,0,1),(159,1,5,2,NULL,NULL,NULL,0,'Gnat',1,NULL,NULL,NULL,1,0,0,0,0,0,0,1),(160,1,5,2,NULL,NULL,NULL,0,'Gnat',0,NULL,NULL,NULL,1,0,0,0,0,0,0,1),(161,1,1,1,NULL,NULL,NULL,0,'Demosis',0,0,270,NULL,1,0,0,0,0,0,0,1),(162,1,1,1,NULL,NULL,NULL,0,'Demosis',0,0,270,NULL,1,0,0,0,0,0,0,1),(163,1,1,1,NULL,NULL,NULL,0,'Demosis',1,0,270,NULL,1,0,0,0,0,0,0,1),(164,1,1,1,NULL,NULL,NULL,0,'Demosis',1,0,270,NULL,1,0,0,0,0,0,0,1),(165,1,1,1,NULL,NULL,NULL,0,'Demosis',1,0,270,NULL,1,0,0,0,0,0,0,1),(166,1,1,1,NULL,NULL,NULL,0,'Thor',1,0,270,NULL,1,0,0,0,0,0,0,1),(167,1,1,1,NULL,NULL,NULL,0,'Thor',0,0,270,NULL,1,0,0,0,0,0,0,1),(168,1,1,1,NULL,NULL,NULL,0,'Thor',0,0,270,NULL,1,0,0,0,0,0,0,1),(169,1,1,1,NULL,NULL,NULL,0,'Dirac',1,0,270,NULL,1,0,0,0,0,0,0,1),(170,1,1,1,NULL,NULL,NULL,0,'Dirac',1,0,270,NULL,1,0,0,0,0,0,0,1),(171,1,1,1,NULL,NULL,NULL,0,'Dirac',1,0,270,NULL,1,0,0,0,0,0,0,1),(172,1,1,1,NULL,NULL,NULL,0,'Dirac',0,0,270,NULL,1,0,0,0,0,0,0,1),(173,1,1,1,NULL,NULL,NULL,0,'Dirac',1,0,270,NULL,1,0,0,0,0,0,0,1),(174,1,1,1,NULL,NULL,NULL,0,'Dirac',1,0,270,NULL,1,0,0,0,0,0,0,1),(175,1,1,1,NULL,NULL,NULL,0,'Dirac',1,0,270,NULL,1,0,0,0,0,0,0,1),(176,1,1,1,NULL,NULL,NULL,0,'Dirac',0,0,270,NULL,1,0,0,0,0,0,0,1),(177,1,1,1,NULL,NULL,NULL,0,'Dirac',1,0,270,NULL,1,0,0,0,0,0,0,1),(178,1,1,1,NULL,NULL,NULL,0,'Dirac',0,0,270,NULL,1,0,0,0,0,0,0,1),(179,1,1,1,NULL,NULL,NULL,0,'Dirac',1,0,270,NULL,1,0,0,0,0,0,0,1),(180,1,1,1,NULL,NULL,NULL,0,'Dirac',1,0,270,NULL,1,0,0,0,0,0,0,1),(181,1,9,2,NULL,NULL,NULL,0,'Gnawer',0,NULL,NULL,NULL,1,0,0,0,0,0,0,1),(182,1,9,2,NULL,NULL,NULL,0,'Gnawer',0,NULL,NULL,NULL,1,0,0,0,0,0,0,1),(183,1,9,2,NULL,NULL,NULL,0,'Gnawer',0,NULL,NULL,NULL,1,0,0,0,0,0,0,1),(184,1,9,2,NULL,NULL,NULL,0,'Gnawer',1,NULL,NULL,NULL,1,0,0,0,0,0,0,1),(185,1,9,2,NULL,NULL,NULL,0,'Spudder',0,NULL,NULL,NULL,1,0,0,0,0,0,0,1),(186,1,9,2,NULL,NULL,NULL,0,'Spudder',1,NULL,NULL,NULL,1,0,0,0,0,0,0,1),(187,1,9,2,NULL,NULL,NULL,0,'Spudder',0,NULL,NULL,NULL,1,0,0,0,0,0,0,1),(188,1,9,2,NULL,NULL,NULL,0,'Spudder',1,NULL,NULL,NULL,1,0,0,0,0,0,0,1),(189,1,9,2,NULL,NULL,NULL,0,'Spudder',1,NULL,NULL,NULL,1,0,0,0,0,0,0,1),(190,1,9,2,NULL,NULL,NULL,0,'Spudder',1,NULL,NULL,NULL,1,0,0,0,0,0,0,1),(191,1,9,2,NULL,NULL,NULL,0,'Spudder',1,NULL,NULL,NULL,1,0,0,0,0,0,0,1),(192,1,9,2,NULL,NULL,NULL,0,'Spudder',1,NULL,NULL,NULL,1,0,0,0,0,0,0,1),(193,1,9,2,NULL,NULL,NULL,0,'Spudder',1,NULL,NULL,NULL,1,0,0,0,0,0,0,1),(194,1,9,2,NULL,NULL,NULL,0,'Glancer',1,NULL,NULL,NULL,1,0,0,0,0,0,0,1),(195,1,9,2,NULL,NULL,NULL,0,'Glancer',1,NULL,NULL,NULL,1,0,0,0,0,0,0,1),(196,1,9,2,NULL,NULL,NULL,0,'Glancer',1,NULL,NULL,NULL,1,0,0,0,0,0,0,1),(197,1,9,2,NULL,NULL,NULL,0,'Glancer',1,NULL,NULL,NULL,1,0,0,0,0,0,0,1),(198,1,9,2,NULL,NULL,NULL,0,'Glancer',1,NULL,NULL,NULL,1,0,0,0,0,0,0,1),(199,1,9,2,NULL,NULL,NULL,0,'Glancer',1,NULL,NULL,NULL,1,0,0,0,0,0,0,1),(200,1,9,2,NULL,NULL,NULL,0,'Glancer',1,NULL,NULL,NULL,1,0,0,0,0,0,0,1),(201,1,9,2,NULL,NULL,NULL,0,'Glancer',1,NULL,NULL,NULL,1,0,0,0,0,0,0,1),(202,1,9,2,NULL,NULL,NULL,0,'Glancer',1,NULL,NULL,NULL,1,0,0,0,0,0,0,1),(203,1,9,2,NULL,NULL,NULL,0,'Glancer',1,NULL,NULL,NULL,1,0,0,0,0,0,0,1),(204,1,9,2,NULL,NULL,NULL,0,'Gnat',0,NULL,NULL,NULL,1,0,0,0,0,0,0,1),(205,1,9,2,NULL,NULL,NULL,0,'Gnat',0,NULL,NULL,NULL,1,0,0,0,0,0,0,1),(206,1,9,2,NULL,NULL,NULL,0,'Gnat',0,NULL,NULL,NULL,1,0,0,0,0,0,0,1),(207,1,9,2,NULL,NULL,NULL,0,'Gnat',1,NULL,NULL,NULL,1,0,0,0,0,0,0,1),(208,1,9,2,NULL,NULL,NULL,0,'Gnat',1,NULL,NULL,NULL,1,0,0,0,0,0,0,1),(209,1,9,2,NULL,NULL,NULL,0,'Gnat',0,NULL,NULL,NULL,1,0,0,0,0,0,0,1),(210,1,9,2,NULL,NULL,NULL,0,'Gnat',1,NULL,NULL,NULL,1,0,0,0,0,0,0,1),(211,1,9,2,NULL,NULL,NULL,0,'Gnat',0,NULL,NULL,NULL,1,0,0,0,0,0,0,1),(212,1,9,2,NULL,NULL,NULL,0,'Gnat',0,NULL,NULL,NULL,1,0,0,0,0,0,0,1),(213,1,9,2,NULL,NULL,NULL,0,'Gnat',1,NULL,NULL,NULL,1,0,0,0,0,0,0,1),(214,1,9,2,NULL,NULL,NULL,0,'Gnat',1,NULL,NULL,NULL,1,0,0,0,0,0,0,1),(215,1,9,2,NULL,NULL,NULL,0,'Gnat',1,NULL,NULL,NULL,1,0,0,0,0,0,0,1),(216,1,9,2,NULL,NULL,NULL,0,'Gnat',0,NULL,NULL,NULL,1,0,0,0,0,0,0,1),(217,1,9,2,NULL,NULL,NULL,0,'Gnat',0,NULL,NULL,NULL,1,0,0,0,0,0,0,1),(218,1,2,1,NULL,NULL,NULL,0,'Demosis',1,2,210,NULL,1,0,0,0,0,0,0,1),(219,1,2,1,NULL,NULL,NULL,0,'Demosis',0,2,210,NULL,1,0,0,0,0,0,0,1),(220,1,2,1,NULL,NULL,NULL,0,'Demosis',1,2,210,NULL,1,0,0,0,0,0,0,1),(221,1,2,1,NULL,NULL,NULL,0,'Demosis',0,2,210,NULL,1,0,0,0,0,0,0,1),(222,1,2,1,NULL,NULL,NULL,0,'Demosis',0,2,210,NULL,1,0,0,0,0,0,0,1),(223,1,2,1,NULL,NULL,NULL,0,'Demosis',1,2,210,NULL,1,0,0,0,0,0,0,1),(224,1,2,1,NULL,NULL,NULL,0,'Demosis',1,2,210,NULL,1,0,0,0,0,0,0,1),(225,1,2,1,NULL,NULL,NULL,0,'Thor',1,2,210,NULL,1,0,0,0,0,0,0,1),(226,1,2,1,NULL,NULL,NULL,0,'Thor',1,2,210,NULL,1,0,0,0,0,0,0,1),(227,1,2,1,NULL,NULL,NULL,0,'Thor',0,2,210,NULL,1,0,0,0,0,0,0,1),(228,1,2,1,NULL,NULL,NULL,0,'Thor',1,2,210,NULL,1,0,0,0,0,0,0,1),(229,1,2,1,NULL,NULL,NULL,0,'Thor',0,2,210,NULL,1,0,0,0,0,0,0,1),(230,1,2,1,NULL,NULL,NULL,0,'Thor',0,2,210,NULL,1,0,0,0,0,0,0,1),(231,1,2,1,NULL,NULL,NULL,0,'Thor',0,2,210,NULL,1,0,0,0,0,0,0,1),(232,1,2,1,NULL,NULL,NULL,0,'Thor',0,2,210,NULL,1,0,0,0,0,0,0,1),(233,1,2,1,NULL,NULL,NULL,0,'Dirac',1,2,210,NULL,1,0,0,0,0,0,0,1),(234,1,2,1,NULL,NULL,NULL,0,'Dirac',0,2,210,NULL,1,0,0,0,0,0,0,1),(235,1,2,1,NULL,NULL,NULL,0,'Dirac',1,2,210,NULL,1,0,0,0,0,0,0,1),(236,1,2,1,NULL,NULL,NULL,0,'Dirac',1,2,210,NULL,1,0,0,0,0,0,0,1),(237,1,2,1,NULL,NULL,NULL,0,'Dirac',0,2,210,NULL,1,0,0,0,0,0,0,1),(238,1,2,1,NULL,NULL,NULL,0,'Dirac',1,2,210,NULL,1,0,0,0,0,0,0,1),(239,1,2,1,NULL,NULL,NULL,0,'Dirac',1,2,210,NULL,1,0,0,0,0,0,0,1),(240,1,2,1,NULL,NULL,NULL,0,'Dirac',1,2,210,NULL,1,0,0,0,0,0,0,1),(241,1,2,1,NULL,NULL,NULL,0,'Dirac',1,2,210,NULL,1,0,0,0,0,0,0,1),(242,1,2,1,NULL,NULL,NULL,0,'Dirac',1,2,210,NULL,1,0,0,0,0,0,0,1),(243,1,2,1,NULL,NULL,NULL,0,'Dirac',0,2,210,NULL,1,0,0,0,0,0,0,1),(244,1,2,1,NULL,NULL,NULL,0,'Dirac',1,2,210,NULL,1,0,0,0,0,0,0,1),(245,1,13,2,NULL,NULL,NULL,0,'Gnawer',0,NULL,NULL,NULL,1,0,0,0,0,0,0,1),(246,1,13,2,NULL,NULL,NULL,0,'Gnawer',0,NULL,NULL,NULL,1,0,0,0,0,0,0,1),(247,1,13,2,NULL,NULL,NULL,0,'Gnawer',0,NULL,NULL,NULL,1,0,0,0,0,0,0,1),(248,1,13,2,NULL,NULL,NULL,0,'Gnawer',0,NULL,NULL,NULL,1,0,0,0,0,0,0,1),(249,1,13,2,NULL,NULL,NULL,0,'Gnawer',1,NULL,NULL,NULL,1,0,0,0,0,0,0,1),(250,1,13,2,NULL,NULL,NULL,0,'Spudder',1,NULL,NULL,NULL,1,0,0,0,0,0,0,1),(251,1,13,2,NULL,NULL,NULL,0,'Spudder',1,NULL,NULL,NULL,1,0,0,0,0,0,0,1),(252,1,13,2,NULL,NULL,NULL,0,'Spudder',1,NULL,NULL,NULL,1,0,0,0,0,0,0,1),(253,1,13,2,NULL,NULL,NULL,0,'Spudder',0,NULL,NULL,NULL,1,0,0,0,0,0,0,1),(254,1,13,2,NULL,NULL,NULL,0,'Spudder',1,NULL,NULL,NULL,1,0,0,0,0,0,0,1),(255,1,13,2,NULL,NULL,NULL,0,'Spudder',0,NULL,NULL,NULL,1,0,0,0,0,0,0,1),(256,1,13,2,NULL,NULL,NULL,0,'Spudder',1,NULL,NULL,NULL,1,0,0,0,0,0,0,1),(257,1,13,2,NULL,NULL,NULL,0,'Spudder',1,NULL,NULL,NULL,1,0,0,0,0,0,0,1),(258,1,13,2,NULL,NULL,NULL,0,'Glancer',1,NULL,NULL,NULL,1,0,0,0,0,0,0,1),(259,1,13,2,NULL,NULL,NULL,0,'Glancer',1,NULL,NULL,NULL,1,0,0,0,0,0,0,1),(260,1,13,2,NULL,NULL,NULL,0,'Glancer',1,NULL,NULL,NULL,1,0,0,0,0,0,0,1),(261,1,13,2,NULL,NULL,NULL,0,'Glancer',1,NULL,NULL,NULL,1,0,0,0,0,0,0,1),(262,1,13,2,NULL,NULL,NULL,0,'Glancer',1,NULL,NULL,NULL,1,0,0,0,0,0,0,1),(263,1,13,2,NULL,NULL,NULL,0,'Glancer',1,NULL,NULL,NULL,1,0,0,0,0,0,0,1),(264,1,13,2,NULL,NULL,NULL,0,'Glancer',1,NULL,NULL,NULL,1,0,0,0,0,0,0,1),(265,1,13,2,NULL,NULL,NULL,0,'Glancer',1,NULL,NULL,NULL,1,0,0,0,0,0,0,1),(266,1,13,2,NULL,NULL,NULL,0,'Glancer',1,NULL,NULL,NULL,1,0,0,0,0,0,0,1),(267,1,13,2,NULL,NULL,NULL,0,'Glancer',1,NULL,NULL,NULL,1,0,0,0,0,0,0,1),(268,1,13,2,NULL,NULL,NULL,0,'Gnat',0,NULL,NULL,NULL,1,0,0,0,0,0,0,1),(269,1,13,2,NULL,NULL,NULL,0,'Gnat',0,NULL,NULL,NULL,1,0,0,0,0,0,0,1),(270,1,13,2,NULL,NULL,NULL,0,'Gnat',1,NULL,NULL,NULL,1,0,0,0,0,0,0,1),(271,1,13,2,NULL,NULL,NULL,0,'Gnat',0,NULL,NULL,NULL,1,0,0,0,0,0,0,1),(272,1,13,2,NULL,NULL,NULL,0,'Gnat',0,NULL,NULL,NULL,1,0,0,0,0,0,0,1),(273,1,13,2,NULL,NULL,NULL,0,'Gnat',1,NULL,NULL,NULL,1,0,0,0,0,0,0,1),(274,1,13,2,NULL,NULL,NULL,0,'Gnat',1,NULL,NULL,NULL,1,0,0,0,0,0,0,1),(275,1,13,2,NULL,NULL,NULL,0,'Gnat',0,NULL,NULL,NULL,1,0,0,0,0,0,0,1),(276,1,13,2,NULL,NULL,NULL,0,'Gnat',1,NULL,NULL,NULL,1,0,0,0,0,0,0,1),(277,1,13,2,NULL,NULL,NULL,0,'Gnat',1,NULL,NULL,NULL,1,0,0,0,0,0,0,1),(278,1,13,2,NULL,NULL,NULL,0,'Gnat',0,NULL,NULL,NULL,1,0,0,0,0,0,0,1),(279,1,13,2,NULL,NULL,NULL,0,'Gnat',1,NULL,NULL,NULL,1,0,0,0,0,0,0,1),(280,1,13,2,NULL,NULL,NULL,0,'Gnat',1,NULL,NULL,NULL,1,0,0,0,0,0,0,1),(281,1,3,1,NULL,NULL,NULL,0,'Demosis',0,0,270,NULL,1,0,0,0,0,0,0,1),(282,1,3,1,NULL,NULL,NULL,0,'Demosis',0,0,270,NULL,1,0,0,0,0,0,0,1),(283,1,3,1,NULL,NULL,NULL,0,'Demosis',0,0,270,NULL,1,0,0,0,0,0,0,1),(284,1,3,1,NULL,NULL,NULL,0,'Demosis',1,0,270,NULL,1,0,0,0,0,0,0,1),(285,1,3,1,NULL,NULL,NULL,0,'Thor',0,0,270,NULL,1,0,0,0,0,0,0,1),(286,1,3,1,NULL,NULL,NULL,0,'Thor',0,0,270,NULL,1,0,0,0,0,0,0,1),(287,1,3,1,NULL,NULL,NULL,0,'Thor',1,0,270,NULL,1,0,0,0,0,0,0,1),(288,1,3,1,NULL,NULL,NULL,0,'Thor',1,0,270,NULL,1,0,0,0,0,0,0,1),(289,1,3,1,NULL,NULL,NULL,0,'Thor',0,0,270,NULL,1,0,0,0,0,0,0,1),(290,1,3,1,NULL,NULL,NULL,0,'Thor',1,0,270,NULL,1,0,0,0,0,0,0,1),(291,1,3,1,NULL,NULL,NULL,0,'Thor',1,0,270,NULL,1,0,0,0,0,0,0,1),(292,1,3,1,NULL,NULL,NULL,0,'Thor',1,0,270,NULL,1,0,0,0,0,0,0,1),(293,1,3,1,NULL,NULL,NULL,0,'Thor',0,0,270,NULL,1,0,0,0,0,0,0,1),(294,1,3,1,NULL,NULL,NULL,0,'Thor',0,0,270,NULL,1,0,0,0,0,0,0,1),(295,1,3,1,NULL,NULL,NULL,0,'Dirac',1,0,270,NULL,1,0,0,0,0,0,0,1),(296,1,3,1,NULL,NULL,NULL,0,'Dirac',1,0,270,NULL,1,0,0,0,0,0,0,1),(297,1,3,1,NULL,NULL,NULL,0,'Dirac',1,0,270,NULL,1,0,0,0,0,0,0,1),(298,1,3,1,NULL,NULL,NULL,0,'Dirac',1,0,270,NULL,1,0,0,0,0,0,0,1),(299,1,3,1,NULL,NULL,NULL,0,'Dirac',1,0,270,NULL,1,0,0,0,0,0,0,1),(300,1,3,1,NULL,NULL,NULL,0,'Dirac',1,0,270,NULL,1,0,0,0,0,0,0,1),(301,1,3,1,NULL,NULL,NULL,0,'Dirac',0,0,270,NULL,1,0,0,0,0,0,0,1),(302,1,3,1,NULL,NULL,NULL,0,'Dirac',1,0,270,NULL,1,0,0,0,0,0,0,1),(303,1,3,1,NULL,NULL,NULL,0,'Dirac',0,0,270,NULL,1,0,0,0,0,0,0,1),(304,1,3,1,NULL,NULL,NULL,0,'Dirac',0,0,270,NULL,1,0,0,0,0,0,0,1),(305,1,3,1,NULL,NULL,NULL,0,'Dirac',0,0,270,NULL,1,0,0,0,0,0,0,1),(306,1,5,1,NULL,NULL,NULL,0,'Demosis',0,1,45,NULL,1,0,0,0,0,0,0,1),(307,1,5,1,NULL,NULL,NULL,0,'Demosis',0,1,45,NULL,1,0,0,0,0,0,0,1),(308,1,5,1,NULL,NULL,NULL,0,'Thor',1,1,45,NULL,1,0,0,0,0,0,0,1),(309,1,5,1,NULL,NULL,NULL,0,'Thor',1,1,45,NULL,1,0,0,0,0,0,0,1),(310,1,5,1,NULL,NULL,NULL,0,'Thor',1,1,45,NULL,1,0,0,0,0,0,0,1),(311,1,5,1,NULL,NULL,NULL,0,'Dirac',1,1,45,NULL,1,0,0,0,0,0,0,1),(312,1,5,1,NULL,NULL,NULL,0,'Dirac',0,1,45,NULL,1,0,0,0,0,0,0,1),(313,1,5,1,NULL,NULL,NULL,0,'Dirac',1,1,45,NULL,1,0,0,0,0,0,0,1),(314,1,5,1,NULL,NULL,NULL,0,'Dirac',0,1,45,NULL,1,0,0,0,0,0,0,1),(315,1,5,1,NULL,NULL,NULL,0,'Demosis',0,2,90,NULL,1,0,0,0,0,0,0,1),(316,1,5,1,NULL,NULL,NULL,0,'Demosis',0,2,90,NULL,1,0,0,0,0,0,0,1),(317,1,5,1,NULL,NULL,NULL,0,'Thor',0,2,90,NULL,1,0,0,0,0,0,0,1),(318,1,5,1,NULL,NULL,NULL,0,'Thor',0,2,90,NULL,1,0,0,0,0,0,0,1),(319,1,5,1,NULL,NULL,NULL,0,'Thor',0,2,90,NULL,1,0,0,0,0,0,0,1),(320,1,5,1,NULL,NULL,NULL,0,'Thor',1,2,90,NULL,1,0,0,0,0,0,0,1),(321,1,5,1,NULL,NULL,NULL,0,'Dirac',0,2,90,NULL,1,0,0,0,0,0,0,1),(322,1,5,1,NULL,NULL,NULL,0,'Dirac',0,2,90,NULL,1,0,0,0,0,0,0,1),(323,1,5,1,NULL,NULL,NULL,0,'Dirac',0,2,90,NULL,1,0,0,0,0,0,0,1),(324,1,5,1,NULL,NULL,NULL,0,'Dirac',0,2,90,NULL,1,0,0,0,0,0,0,1),(325,1,5,1,NULL,NULL,NULL,0,'Dirac',1,2,90,NULL,1,0,0,0,0,0,0,1),(326,1,5,1,NULL,NULL,NULL,0,'Dirac',0,2,90,NULL,1,0,0,0,0,0,0,1),(327,1,5,1,NULL,NULL,NULL,0,'Dirac',0,2,90,NULL,1,0,0,0,0,0,0,1),(328,1,5,1,NULL,NULL,NULL,0,'Dirac',1,2,90,NULL,1,0,0,0,0,0,0,1),(329,1,5,1,NULL,NULL,NULL,0,'Thor',0,2,120,NULL,1,0,0,0,0,0,0,1),(330,1,5,1,NULL,NULL,NULL,0,'Thor',0,2,120,NULL,1,0,0,0,0,0,0,1),(331,1,5,1,NULL,NULL,NULL,0,'Thor',1,2,120,NULL,1,0,0,0,0,0,0,1),(332,1,5,1,NULL,NULL,NULL,0,'Thor',0,2,120,NULL,1,0,0,0,0,0,0,1),(333,1,5,1,NULL,NULL,NULL,0,'Dirac',1,2,120,NULL,1,0,0,0,0,0,0,1),(334,1,5,1,NULL,NULL,NULL,0,'Dirac',1,2,120,NULL,1,0,0,0,0,0,0,1),(335,1,5,1,NULL,NULL,NULL,0,'Dirac',1,2,120,NULL,1,0,0,0,0,0,0,1),(336,1,5,1,NULL,NULL,NULL,0,'Demosis',0,3,314,NULL,1,0,0,0,0,0,0,1),(337,1,5,1,NULL,NULL,NULL,0,'Demosis',0,3,314,NULL,1,0,0,0,0,0,0,1),(338,1,5,1,NULL,NULL,NULL,0,'Thor',1,3,314,NULL,1,0,0,0,0,0,0,1),(339,1,5,1,NULL,NULL,NULL,0,'Thor',0,3,314,NULL,1,0,0,0,0,0,0,1),(340,1,5,1,NULL,NULL,NULL,0,'Thor',0,3,314,NULL,1,0,0,0,0,0,0,1),(341,1,5,1,NULL,NULL,NULL,0,'Thor',0,3,314,NULL,1,0,0,0,0,0,0,1),(342,1,5,1,NULL,NULL,NULL,0,'Thor',0,3,314,NULL,1,0,0,0,0,0,0,1),(343,1,5,1,NULL,NULL,NULL,0,'Dirac',1,3,314,NULL,1,0,0,0,0,0,0,1),(344,1,5,1,NULL,NULL,NULL,0,'Dirac',1,3,314,NULL,1,0,0,0,0,0,0,1),(345,1,5,1,NULL,NULL,NULL,0,'Dirac',1,3,314,NULL,1,0,0,0,0,0,0,1),(346,1,5,1,NULL,NULL,NULL,0,'Dirac',1,3,314,NULL,1,0,0,0,0,0,0,1),(347,1,5,1,NULL,NULL,NULL,0,'Dirac',1,3,314,NULL,1,0,0,0,0,0,0,1),(348,1,5,1,NULL,NULL,NULL,0,'Dirac',0,3,314,NULL,1,0,0,0,0,0,0,1),(349,1,19,2,NULL,NULL,NULL,0,'Gnawer',0,NULL,NULL,NULL,1,0,0,0,0,0,0,1),(350,1,19,2,NULL,NULL,NULL,0,'Spudder',1,NULL,NULL,NULL,1,0,0,0,0,0,0,1),(351,1,19,2,NULL,NULL,NULL,0,'Spudder',1,NULL,NULL,NULL,1,0,0,0,0,0,0,1),(352,1,19,2,NULL,NULL,NULL,0,'Glancer',1,NULL,NULL,NULL,1,0,0,0,0,0,0,1),(353,1,19,2,NULL,NULL,NULL,0,'Glancer',1,NULL,NULL,NULL,1,0,0,0,0,0,0,1),(354,1,19,2,NULL,NULL,NULL,0,'Glancer',1,NULL,NULL,NULL,1,0,0,0,0,0,0,1),(355,1,19,2,NULL,NULL,NULL,0,'Glancer',1,NULL,NULL,NULL,1,0,0,0,0,0,0,1),(356,1,19,2,NULL,NULL,NULL,0,'Glancer',1,NULL,NULL,NULL,1,0,0,0,0,0,0,1),(357,1,19,2,NULL,NULL,NULL,0,'Gnat',0,NULL,NULL,NULL,1,0,0,0,0,0,0,1),(358,1,19,2,NULL,NULL,NULL,0,'Gnat',0,NULL,NULL,NULL,1,0,0,0,0,0,0,1),(359,1,19,2,NULL,NULL,NULL,0,'Gnat',0,NULL,NULL,NULL,1,0,0,0,0,0,0,1),(360,1,19,2,NULL,NULL,NULL,0,'Gnat',1,NULL,NULL,NULL,1,0,0,0,0,0,0,1),(361,1,19,2,NULL,NULL,NULL,0,'Gnat',1,NULL,NULL,NULL,1,0,0,0,0,0,0,1),(362,1,19,2,NULL,NULL,NULL,0,'Gnat',1,NULL,NULL,NULL,1,0,0,0,0,0,0,1),(363,1,5,1,NULL,NULL,NULL,0,'Demosis',0,1,180,NULL,1,0,0,0,0,0,0,1),(364,1,5,1,NULL,NULL,NULL,0,'Demosis',0,1,180,NULL,1,0,0,0,0,0,0,1),(365,1,5,1,NULL,NULL,NULL,0,'Demosis',0,1,180,NULL,1,0,0,0,0,0,0,1),(366,1,5,1,NULL,NULL,NULL,0,'Thor',0,1,180,NULL,1,0,0,0,0,0,0,1),(367,1,5,1,NULL,NULL,NULL,0,'Thor',0,1,180,NULL,1,0,0,0,0,0,0,1),(368,1,5,1,NULL,NULL,NULL,0,'Dirac',1,1,180,NULL,1,0,0,0,0,0,0,1),(369,1,5,1,NULL,NULL,NULL,0,'Dirac',0,1,180,NULL,1,0,0,0,0,0,0,1),(370,1,5,1,NULL,NULL,NULL,0,'Dirac',1,1,180,NULL,1,0,0,0,0,0,0,1),(371,1,5,1,NULL,NULL,NULL,0,'Dirac',1,1,180,NULL,1,0,0,0,0,0,0,1),(372,1,5,1,NULL,NULL,NULL,0,'Dirac',1,1,180,NULL,1,0,0,0,0,0,0,1),(373,1,21,4,NULL,NULL,NULL,0,'Glancer',1,NULL,NULL,NULL,1,0,0,0,0,0,0,1),(374,1,21,4,NULL,NULL,NULL,0,'Gnat',0,NULL,NULL,NULL,1,0,0,0,0,0,0,1),(375,1,21,4,NULL,NULL,NULL,0,'Gnat',0,NULL,NULL,NULL,1,0,0,0,0,0,0,1),(376,1,21,4,NULL,NULL,NULL,0,'Gnat',1,NULL,NULL,NULL,1,0,0,0,0,0,0,1),(377,1,21,4,NULL,NULL,NULL,0,'Gnat',1,NULL,NULL,NULL,1,0,0,0,0,0,0,1),(378,1,22,4,NULL,NULL,NULL,0,'Gnat',0,NULL,NULL,NULL,1,0,0,0,0,0,0,1),(379,1,22,4,NULL,NULL,NULL,0,'Gnat',0,NULL,NULL,NULL,1,0,0,0,0,0,0,1),(380,1,22,4,NULL,NULL,NULL,0,'Gnat',1,NULL,NULL,NULL,1,0,0,0,0,0,0,1),(381,1,22,4,NULL,NULL,NULL,0,'Gnat',0,NULL,NULL,NULL,1,0,0,0,0,0,0,1),(382,1,23,4,NULL,NULL,NULL,0,'Glancer',1,NULL,NULL,NULL,1,0,0,0,0,0,0,1),(383,1,23,4,NULL,NULL,NULL,0,'Gnat',0,NULL,NULL,NULL,1,0,0,0,0,0,0,1),(384,1,23,4,NULL,NULL,NULL,0,'Gnat',0,NULL,NULL,NULL,1,0,0,0,0,0,0,1),(385,1,23,4,NULL,NULL,NULL,0,'Gnat',1,NULL,NULL,NULL,1,0,0,0,0,0,0,1),(386,1,23,4,NULL,NULL,NULL,0,'Gnat',0,NULL,NULL,NULL,1,0,0,0,0,0,0,1),(387,1,24,4,NULL,NULL,NULL,0,'Glancer',1,NULL,NULL,NULL,1,0,0,0,0,0,0,1),(388,1,24,4,NULL,NULL,NULL,0,'Gnat',0,NULL,NULL,NULL,1,0,0,0,0,0,0,1),(389,1,24,4,NULL,NULL,NULL,0,'Gnat',0,NULL,NULL,NULL,1,0,0,0,0,0,0,1),(390,1,24,4,NULL,NULL,NULL,0,'Gnat',1,NULL,NULL,NULL,1,0,0,0,0,0,0,1),(391,1,24,4,NULL,NULL,NULL,0,'Gnat',0,NULL,NULL,NULL,1,0,0,0,0,0,0,1),(392,1,25,4,NULL,NULL,NULL,0,'Gnawer',0,NULL,NULL,NULL,1,0,0,0,0,0,0,1),(393,1,25,4,NULL,NULL,NULL,0,'Spudder',0,NULL,NULL,NULL,1,0,0,0,0,0,0,1),(394,1,25,4,NULL,NULL,NULL,0,'Spudder',1,NULL,NULL,NULL,1,0,0,0,0,0,0,1),(395,1,25,4,NULL,NULL,NULL,0,'Spudder',0,NULL,NULL,NULL,1,0,0,0,0,0,0,1),(396,1,25,4,NULL,NULL,NULL,0,'Spudder',0,NULL,NULL,NULL,1,0,0,0,0,0,0,1),(397,1,25,4,NULL,NULL,NULL,0,'Glancer',1,NULL,NULL,NULL,1,0,0,0,0,0,0,1),(398,1,25,4,NULL,NULL,NULL,0,'Gnat',0,NULL,NULL,NULL,1,0,0,0,0,0,0,1),(399,1,25,4,NULL,NULL,NULL,0,'Gnat',0,NULL,NULL,NULL,1,0,0,0,0,0,0,1),(400,1,25,4,NULL,NULL,NULL,0,'Glancer',1,NULL,NULL,NULL,1,0,0,0,0,0,0,1),(401,1,25,4,NULL,NULL,NULL,0,'Glancer',1,NULL,NULL,NULL,1,0,0,0,0,0,0,1),(402,1,25,4,NULL,NULL,NULL,0,'Glancer',1,NULL,NULL,NULL,1,0,0,0,0,0,0,1),(403,1,25,4,NULL,NULL,NULL,0,'Gnat',0,NULL,NULL,NULL,1,0,0,0,0,0,0,1),(404,1,25,4,NULL,NULL,NULL,0,'Gnat',0,NULL,NULL,NULL,1,0,0,0,0,0,0,1),(405,1,25,4,NULL,NULL,NULL,0,'Gnat',1,NULL,NULL,NULL,1,0,0,0,0,0,0,1),(406,1,25,4,NULL,NULL,NULL,0,'Gnat',1,NULL,NULL,NULL,1,0,0,0,0,0,0,1),(407,1,25,4,NULL,NULL,NULL,0,'Gnat',0,NULL,NULL,NULL,1,0,0,0,0,0,0,1),(408,1,26,4,NULL,NULL,NULL,0,'Spudder',0,NULL,NULL,NULL,1,0,0,0,0,0,0,1),(409,1,26,4,NULL,NULL,NULL,0,'Glancer',1,NULL,NULL,NULL,1,0,0,0,0,0,0,1),(410,1,26,4,NULL,NULL,NULL,0,'Gnat',0,NULL,NULL,NULL,1,0,0,0,0,0,0,1),(411,1,26,4,NULL,NULL,NULL,0,'Gnat',0,NULL,NULL,NULL,1,0,0,0,0,0,0,1),(412,1,26,4,NULL,NULL,NULL,0,'Glancer',1,NULL,NULL,NULL,1,0,0,0,0,0,0,1),(413,1,26,4,NULL,NULL,NULL,0,'Glancer',1,NULL,NULL,NULL,1,0,0,0,0,0,0,1),(414,1,26,4,NULL,NULL,NULL,0,'Glancer',1,NULL,NULL,NULL,1,0,0,0,0,0,0,1),(415,1,26,4,NULL,NULL,NULL,0,'Glancer',1,NULL,NULL,NULL,1,0,0,0,0,0,0,1),(416,1,26,4,NULL,NULL,NULL,0,'Gnat',0,NULL,NULL,NULL,1,0,0,0,0,0,0,1),(417,1,26,4,NULL,NULL,NULL,0,'Gnat',0,NULL,NULL,NULL,1,0,0,0,0,0,0,1),(418,1,26,4,NULL,NULL,NULL,0,'Gnat',1,NULL,NULL,NULL,1,0,0,0,0,0,0,1),(419,1,26,4,NULL,NULL,NULL,0,'Gnat',0,NULL,NULL,NULL,1,0,0,0,0,0,0,1),(420,1,26,4,NULL,NULL,NULL,0,'Gnat',1,NULL,NULL,NULL,1,0,0,0,0,0,0,1),(421,1,26,4,NULL,NULL,NULL,0,'Gnat',1,NULL,NULL,NULL,1,0,0,0,0,0,0,1),(422,1,27,4,NULL,NULL,NULL,0,'Spudder',0,NULL,NULL,NULL,1,0,0,0,0,0,0,1),(423,1,27,4,NULL,NULL,NULL,0,'Gnat',0,NULL,NULL,NULL,1,0,0,0,0,0,0,1),(424,1,27,4,NULL,NULL,NULL,0,'Gnat',1,NULL,NULL,NULL,1,0,0,0,0,0,0,1),(425,1,27,4,NULL,NULL,NULL,0,'Gnat',0,NULL,NULL,NULL,1,0,0,0,0,0,0,1),(426,1,27,4,NULL,NULL,NULL,0,'Gnat',0,NULL,NULL,NULL,1,0,0,0,0,0,0,1),(427,1,27,4,NULL,NULL,NULL,0,'Glancer',1,NULL,NULL,NULL,1,0,0,0,0,0,0,1),(428,1,27,4,NULL,NULL,NULL,0,'Glancer',1,NULL,NULL,NULL,1,0,0,0,0,0,0,1),(429,1,27,4,NULL,NULL,NULL,0,'Glancer',1,NULL,NULL,NULL,1,0,0,0,0,0,0,1),(430,1,27,4,NULL,NULL,NULL,0,'Glancer',1,NULL,NULL,NULL,1,0,0,0,0,0,0,1),(431,1,27,4,NULL,NULL,NULL,0,'Gnat',0,NULL,NULL,NULL,1,0,0,0,0,0,0,1),(432,1,27,4,NULL,NULL,NULL,0,'Gnat',0,NULL,NULL,NULL,1,0,0,0,0,0,0,1),(433,1,27,4,NULL,NULL,NULL,0,'Gnat',1,NULL,NULL,NULL,1,0,0,0,0,0,0,1),(434,1,28,4,NULL,NULL,NULL,0,'Gnawer',0,NULL,NULL,NULL,1,0,0,0,0,0,0,1),(435,1,28,4,NULL,NULL,NULL,0,'Gnawer',0,NULL,NULL,NULL,1,0,0,0,0,0,0,1),(436,1,28,4,NULL,NULL,NULL,0,'Gnawer',0,NULL,NULL,NULL,1,0,0,0,0,0,0,1),(437,1,28,4,NULL,NULL,NULL,0,'Gnawer',0,NULL,NULL,NULL,1,0,0,0,0,0,0,1),(438,1,28,4,NULL,NULL,NULL,0,'Spudder',0,NULL,NULL,NULL,1,0,0,0,0,0,0,1),(439,1,28,4,NULL,NULL,NULL,0,'Spudder',1,NULL,NULL,NULL,1,0,0,0,0,0,0,1),(440,1,28,4,NULL,NULL,NULL,0,'Spudder',0,NULL,NULL,NULL,1,0,0,0,0,0,0,1),(441,1,28,4,NULL,NULL,NULL,0,'Glancer',1,NULL,NULL,NULL,1,0,0,0,0,0,0,1),(442,1,28,4,NULL,NULL,NULL,0,'Gnat',1,NULL,NULL,NULL,1,0,0,0,0,0,0,1),(443,1,28,4,NULL,NULL,NULL,0,'Gnat',0,NULL,NULL,NULL,1,0,0,0,0,0,0,1),(444,1,28,4,NULL,NULL,NULL,0,'Gnat',0,NULL,NULL,NULL,1,0,0,0,0,0,0,1),(445,1,28,4,NULL,NULL,NULL,0,'Glancer',1,NULL,NULL,NULL,1,0,0,0,0,0,0,1),(446,1,28,4,NULL,NULL,NULL,0,'Glancer',1,NULL,NULL,NULL,1,0,0,0,0,0,0,1),(447,1,28,4,NULL,NULL,NULL,0,'Glancer',1,NULL,NULL,NULL,1,0,0,0,0,0,0,1),(448,1,28,4,NULL,NULL,NULL,0,'Gnat',0,NULL,NULL,NULL,1,0,0,0,0,0,0,1),(449,1,28,4,NULL,NULL,NULL,0,'Gnat',0,NULL,NULL,NULL,1,0,0,0,0,0,0,1),(450,1,28,4,NULL,NULL,NULL,0,'Gnat',1,NULL,NULL,NULL,1,0,0,0,0,0,0,1),(451,1,28,4,NULL,NULL,NULL,0,'Gnat',1,NULL,NULL,NULL,1,0,0,0,0,0,0,1),(452,1,29,4,NULL,NULL,NULL,0,'Gnawer',0,NULL,NULL,NULL,1,0,0,0,0,0,0,1),(453,1,29,4,NULL,NULL,NULL,0,'Gnawer',0,NULL,NULL,NULL,1,0,0,0,0,0,0,1),(454,1,29,4,NULL,NULL,NULL,0,'Gnawer',0,NULL,NULL,NULL,1,0,0,0,0,0,0,1),(455,1,29,4,NULL,NULL,NULL,0,'Spudder',1,NULL,NULL,NULL,1,0,0,0,0,0,0,1),(456,1,29,4,NULL,NULL,NULL,0,'Spudder',0,NULL,NULL,NULL,1,0,0,0,0,0,0,1),(457,1,29,4,NULL,NULL,NULL,0,'Glancer',1,NULL,NULL,NULL,1,0,0,0,0,0,0,1),(458,1,29,4,NULL,NULL,NULL,0,'Gnat',0,NULL,NULL,NULL,1,0,0,0,0,0,0,1),(459,1,29,4,NULL,NULL,NULL,0,'Glancer',1,NULL,NULL,NULL,1,0,0,0,0,0,0,1),(460,1,29,4,NULL,NULL,NULL,0,'Glancer',1,NULL,NULL,NULL,1,0,0,0,0,0,0,1),(461,1,29,4,NULL,NULL,NULL,0,'Glancer',1,NULL,NULL,NULL,1,0,0,0,0,0,0,1),(462,1,29,4,NULL,NULL,NULL,0,'Gnat',0,NULL,NULL,NULL,1,0,0,0,0,0,0,1),(463,1,29,4,NULL,NULL,NULL,0,'Gnat',0,NULL,NULL,NULL,1,0,0,0,0,0,0,1),(464,1,29,4,NULL,NULL,NULL,0,'Gnat',1,NULL,NULL,NULL,1,0,0,0,0,0,0,1),(465,1,29,4,NULL,NULL,NULL,0,'Gnat',0,NULL,NULL,NULL,1,0,0,0,0,0,0,1),(466,1,29,4,NULL,NULL,NULL,0,'Gnat',0,NULL,NULL,NULL,1,0,0,0,0,0,0,1),(467,1,29,4,NULL,NULL,NULL,0,'Gnat',1,NULL,NULL,NULL,1,0,0,0,0,0,0,1),(468,1,29,4,NULL,NULL,NULL,0,'Gnat',1,NULL,NULL,NULL,1,0,0,0,0,0,0,1),(469,1,30,4,NULL,NULL,NULL,0,'Gnawer',0,NULL,NULL,NULL,1,0,0,0,0,0,0,1),(470,1,30,4,NULL,NULL,NULL,0,'Spudder',1,NULL,NULL,NULL,1,0,0,0,0,0,0,1),(471,1,30,4,NULL,NULL,NULL,0,'Spudder',0,NULL,NULL,NULL,1,0,0,0,0,0,0,1),(472,1,30,4,NULL,NULL,NULL,0,'Spudder',0,NULL,NULL,NULL,1,0,0,0,0,0,0,1),(473,1,30,4,NULL,NULL,NULL,0,'Glancer',1,NULL,NULL,NULL,1,0,0,0,0,0,0,1),(474,1,30,4,NULL,NULL,NULL,0,'Gnat',0,NULL,NULL,NULL,1,0,0,0,0,0,0,1),(475,1,30,4,NULL,NULL,NULL,0,'Gnat',0,NULL,NULL,NULL,1,0,0,0,0,0,0,1),(476,1,30,4,NULL,NULL,NULL,0,'Glancer',1,NULL,NULL,NULL,1,0,0,0,0,0,0,1),(477,1,30,4,NULL,NULL,NULL,0,'Glancer',1,NULL,NULL,NULL,1,0,0,0,0,0,0,1),(478,1,30,4,NULL,NULL,NULL,0,'Glancer',1,NULL,NULL,NULL,1,0,0,0,0,0,0,1),(479,1,30,4,NULL,NULL,NULL,0,'Gnat',0,NULL,NULL,NULL,1,0,0,0,0,0,0,1),(480,1,30,4,NULL,NULL,NULL,0,'Gnat',0,NULL,NULL,NULL,1,0,0,0,0,0,0,1),(481,1,30,4,NULL,NULL,NULL,0,'Gnat',1,NULL,NULL,NULL,1,0,0,0,0,0,0,1),(482,1,30,4,NULL,NULL,NULL,0,'Gnat',0,NULL,NULL,NULL,1,0,0,0,0,0,0,1),(483,1,31,4,NULL,NULL,NULL,0,'Glancer',1,NULL,NULL,NULL,1,0,0,0,0,0,0,1),(484,1,31,4,NULL,NULL,NULL,0,'Gnat',0,NULL,NULL,NULL,1,0,0,0,0,0,0,1),(485,1,31,4,NULL,NULL,NULL,0,'Gnat',0,NULL,NULL,NULL,1,0,0,0,0,0,0,1),(486,1,31,4,NULL,NULL,NULL,0,'Glancer',1,NULL,NULL,NULL,1,0,0,0,0,0,0,1),(487,1,31,4,NULL,NULL,NULL,0,'Glancer',1,NULL,NULL,NULL,1,0,0,0,0,0,0,1),(488,1,31,4,NULL,NULL,NULL,0,'Glancer',1,NULL,NULL,NULL,1,0,0,0,0,0,0,1),(489,1,31,4,NULL,NULL,NULL,0,'Gnat',0,NULL,NULL,NULL,1,0,0,0,0,0,0,1),(490,1,31,4,NULL,NULL,NULL,0,'Gnat',0,NULL,NULL,NULL,1,0,0,0,0,0,0,1),(491,1,31,4,NULL,NULL,NULL,0,'Gnat',1,NULL,NULL,NULL,1,0,0,0,0,0,0,1),(492,1,31,4,NULL,NULL,NULL,0,'Gnat',0,NULL,NULL,NULL,1,0,0,0,0,0,0,1),(493,1,31,4,NULL,NULL,NULL,0,'Gnat',1,NULL,NULL,NULL,1,0,0,0,0,0,0,1),(494,1,31,4,NULL,NULL,NULL,0,'Gnat',0,NULL,NULL,NULL,1,0,0,0,0,0,0,1),(495,1,31,4,NULL,NULL,NULL,0,'Gnat',1,NULL,NULL,NULL,1,0,0,0,0,0,0,1),(496,1,32,4,NULL,NULL,NULL,0,'Spudder',0,NULL,NULL,NULL,1,0,0,0,0,0,0,1),(497,1,32,4,NULL,NULL,NULL,0,'Glancer',1,NULL,NULL,NULL,1,0,0,0,0,0,0,1),(498,1,32,4,NULL,NULL,NULL,0,'Gnat',0,NULL,NULL,NULL,1,0,0,0,0,0,0,1),(499,1,32,4,NULL,NULL,NULL,0,'Gnat',0,NULL,NULL,NULL,1,0,0,0,0,0,0,1),(500,1,32,4,NULL,NULL,NULL,0,'Glancer',1,NULL,NULL,NULL,1,0,0,0,0,0,0,1),(501,1,32,4,NULL,NULL,NULL,0,'Glancer',1,NULL,NULL,NULL,1,0,0,0,0,0,0,1),(502,1,32,4,NULL,NULL,NULL,0,'Glancer',1,NULL,NULL,NULL,1,0,0,0,0,0,0,1),(503,1,32,4,NULL,NULL,NULL,0,'Glancer',1,NULL,NULL,NULL,1,0,0,0,0,0,0,1),(504,1,32,4,NULL,NULL,NULL,0,'Gnat',0,NULL,NULL,NULL,1,0,0,0,0,0,0,1),(505,1,32,4,NULL,NULL,NULL,0,'Gnat',0,NULL,NULL,NULL,1,0,0,0,0,0,0,1),(506,1,32,4,NULL,NULL,NULL,0,'Gnat',1,NULL,NULL,NULL,1,0,0,0,0,0,0,1),(507,1,32,4,NULL,NULL,NULL,0,'Gnat',1,NULL,NULL,NULL,1,0,0,0,0,0,0,1),(508,1,33,4,NULL,NULL,NULL,0,'Glancer',1,NULL,NULL,NULL,1,0,0,0,0,0,0,1),(509,1,33,4,NULL,NULL,NULL,0,'Gnat',0,NULL,NULL,NULL,1,0,0,0,0,0,0,1),(510,1,33,4,NULL,NULL,NULL,0,'Glancer',1,NULL,NULL,NULL,1,0,0,0,0,0,0,1),(511,1,33,4,NULL,NULL,NULL,0,'Glancer',1,NULL,NULL,NULL,1,0,0,0,0,0,0,1),(512,1,33,4,NULL,NULL,NULL,0,'Glancer',1,NULL,NULL,NULL,1,0,0,0,0,0,0,1),(513,1,33,4,NULL,NULL,NULL,0,'Glancer',1,NULL,NULL,NULL,1,0,0,0,0,0,0,1),(514,1,33,4,NULL,NULL,NULL,0,'Gnat',0,NULL,NULL,NULL,1,0,0,0,0,0,0,1),(515,1,33,4,NULL,NULL,NULL,0,'Gnat',0,NULL,NULL,NULL,1,0,0,0,0,0,0,1),(516,1,33,4,NULL,NULL,NULL,0,'Gnat',1,NULL,NULL,NULL,1,0,0,0,0,0,0,1),(517,1,33,4,NULL,NULL,NULL,0,'Gnat',0,NULL,NULL,NULL,1,0,0,0,0,0,0,1),(518,1,33,4,NULL,NULL,NULL,0,'Gnat',1,NULL,NULL,NULL,1,0,0,0,0,0,0,1),(519,1,33,4,NULL,NULL,NULL,0,'Gnat',1,NULL,NULL,NULL,1,0,0,0,0,0,0,1),(520,1,34,4,NULL,NULL,NULL,0,'Gnat',0,NULL,NULL,NULL,1,0,0,0,0,0,0,1),(521,1,34,4,NULL,NULL,NULL,0,'Gnat',0,NULL,NULL,NULL,1,0,0,0,0,0,0,1),(522,1,34,4,NULL,NULL,NULL,0,'Gnat',1,NULL,NULL,NULL,1,0,0,0,0,0,0,1),(523,1,34,4,NULL,NULL,NULL,0,'Gnat',0,NULL,NULL,NULL,1,0,0,0,0,0,0,1),(524,1,34,4,NULL,NULL,NULL,0,'Gnat',1,NULL,NULL,NULL,1,0,0,0,0,0,0,1),(525,1,34,4,NULL,NULL,NULL,0,'Gnat',1,NULL,NULL,NULL,1,0,0,0,0,0,0,1),(526,1,35,4,NULL,NULL,NULL,0,'Gnat',0,NULL,NULL,NULL,1,0,0,0,0,0,0,1),(527,1,35,4,NULL,NULL,NULL,0,'Gnat',0,NULL,NULL,NULL,1,0,0,0,0,0,0,1),(528,1,35,4,NULL,NULL,NULL,0,'Gnat',1,NULL,NULL,NULL,1,0,0,0,0,0,0,1),(529,1,35,4,NULL,NULL,NULL,0,'Gnat',0,NULL,NULL,NULL,1,0,0,0,0,0,0,1),(530,1,35,4,NULL,NULL,NULL,0,'Gnat',1,NULL,NULL,NULL,1,0,0,0,0,0,0,1),(531,1,36,4,NULL,NULL,NULL,0,'Gnat',0,NULL,NULL,NULL,1,0,0,0,0,0,0,1),(532,1,36,4,NULL,NULL,NULL,0,'Gnat',0,NULL,NULL,NULL,1,0,0,0,0,0,0,1),(533,1,36,4,NULL,NULL,NULL,0,'Gnat',1,NULL,NULL,NULL,1,0,0,0,0,0,0,1),(534,1,36,4,NULL,NULL,NULL,0,'Gnat',0,NULL,NULL,NULL,1,0,0,0,0,0,0,1),(535,1,36,4,NULL,NULL,NULL,0,'Gnat',0,NULL,NULL,NULL,1,0,0,0,0,0,0,1),(536,1,36,4,NULL,NULL,NULL,0,'Gnat',1,NULL,NULL,NULL,1,0,0,0,0,0,0,1),(537,1,5,1,NULL,NULL,NULL,0,'Demosis',0,3,246,NULL,1,0,0,0,0,0,0,1),(538,1,5,1,NULL,NULL,NULL,0,'Thor',0,3,246,NULL,1,0,0,0,0,0,0,1),(539,1,5,1,NULL,NULL,NULL,0,'Thor',0,3,246,NULL,1,0,0,0,0,0,0,1),(540,1,5,1,NULL,NULL,NULL,0,'Thor',1,3,246,NULL,1,0,0,0,0,0,0,1),(541,1,5,1,NULL,NULL,NULL,0,'Dirac',1,3,246,NULL,1,0,0,0,0,0,0,1),(542,1,5,1,NULL,NULL,NULL,0,'Dirac',1,3,246,NULL,1,0,0,0,0,0,0,1),(543,1,5,1,NULL,NULL,NULL,0,'Dirac',0,3,246,NULL,1,0,0,0,0,0,0,1),(544,1,5,1,NULL,NULL,NULL,0,'Dirac',0,3,246,NULL,1,0,0,0,0,0,0,1),(545,1,5,1,NULL,NULL,NULL,0,'Dirac',1,3,246,NULL,1,0,0,0,0,0,0,1),(546,1,5,1,NULL,NULL,NULL,0,'Thor',1,2,240,NULL,1,0,0,0,0,0,0,1),(547,1,5,1,NULL,NULL,NULL,0,'Thor',1,2,240,NULL,1,0,0,0,0,0,0,1),(548,1,5,1,NULL,NULL,NULL,0,'Thor',0,2,240,NULL,1,0,0,0,0,0,0,1),(549,1,5,1,NULL,NULL,NULL,0,'Thor',1,2,240,NULL,1,0,0,0,0,0,0,1),(550,1,5,1,NULL,NULL,NULL,0,'Thor',1,2,240,NULL,1,0,0,0,0,0,0,1),(551,1,5,1,NULL,NULL,NULL,0,'Dirac',1,2,240,NULL,1,0,0,0,0,0,0,1),(552,1,5,1,NULL,NULL,NULL,0,'Dirac',0,2,240,NULL,1,0,0,0,0,0,0,1),(553,1,5,1,NULL,NULL,NULL,0,'Dirac',0,2,240,NULL,1,0,0,0,0,0,0,1),(554,1,5,1,NULL,NULL,NULL,0,'Dirac',1,2,240,NULL,1,0,0,0,0,0,0,1),(555,1,5,1,NULL,NULL,NULL,0,'Dirac',0,2,240,NULL,1,0,0,0,0,0,0,1),(556,1,5,1,NULL,NULL,NULL,0,'Dirac',1,2,240,NULL,1,0,0,0,0,0,0,1),(557,1,5,1,NULL,NULL,NULL,0,'Dirac',1,2,240,NULL,1,0,0,0,0,0,0,1),(558,1,5,1,NULL,NULL,NULL,0,'Dirac',1,2,240,NULL,1,0,0,0,0,0,0,1),(559,1,5,1,NULL,NULL,NULL,0,'Demosis',0,1,0,NULL,1,0,0,0,0,0,0,1),(560,1,5,1,NULL,NULL,NULL,0,'Thor',1,1,0,NULL,1,0,0,0,0,0,0,1),(561,1,5,1,NULL,NULL,NULL,0,'Thor',0,1,0,NULL,1,0,0,0,0,0,0,1),(562,1,5,1,NULL,NULL,NULL,0,'Thor',0,1,0,NULL,1,0,0,0,0,0,0,1),(563,1,5,1,NULL,NULL,NULL,0,'Dirac',1,1,0,NULL,1,0,0,0,0,0,0,1),(564,1,5,1,NULL,NULL,NULL,0,'Dirac',1,1,0,NULL,1,0,0,0,0,0,0,1),(565,1,5,1,NULL,NULL,NULL,0,'Dirac',1,1,0,NULL,1,0,0,0,0,0,0,1),(566,1,5,1,NULL,NULL,NULL,0,'Dirac',0,1,0,NULL,1,0,0,0,0,0,0,1),(567,1,5,1,NULL,NULL,NULL,0,'Demosis',0,3,224,NULL,1,0,0,0,0,0,0,1),(568,1,5,1,NULL,NULL,NULL,0,'Thor',1,3,224,NULL,1,0,0,0,0,0,0,1),(569,1,5,1,NULL,NULL,NULL,0,'Thor',0,3,224,NULL,1,0,0,0,0,0,0,1),(570,1,5,1,NULL,NULL,NULL,0,'Thor',0,3,224,NULL,1,0,0,0,0,0,0,1),(571,1,5,1,NULL,NULL,NULL,0,'Thor',0,3,224,NULL,1,0,0,0,0,0,0,1),(572,1,5,1,NULL,NULL,NULL,0,'Thor',1,3,224,NULL,1,0,0,0,0,0,0,1),(573,1,5,1,NULL,NULL,NULL,0,'Thor',1,3,224,NULL,1,0,0,0,0,0,0,1),(574,1,5,1,NULL,NULL,NULL,0,'Thor',0,3,224,NULL,1,0,0,0,0,0,0,1),(575,1,5,1,NULL,NULL,NULL,0,'Dirac',1,3,224,NULL,1,0,0,0,0,0,0,1),(576,1,5,1,NULL,NULL,NULL,0,'Dirac',0,3,224,NULL,1,0,0,0,0,0,0,1),(577,1,5,1,NULL,NULL,NULL,0,'Dirac',0,3,224,NULL,1,0,0,0,0,0,0,1),(578,1,5,1,NULL,NULL,NULL,0,'Dirac',0,3,224,NULL,1,0,0,0,0,0,0,1),(579,1,5,1,NULL,NULL,NULL,0,'Dirac',0,3,224,NULL,1,0,0,0,0,0,0,1),(580,1,5,1,NULL,NULL,NULL,0,'Dirac',0,3,224,NULL,1,0,0,0,0,0,0,1),(581,1,5,1,NULL,NULL,NULL,0,'Dirac',1,3,224,NULL,1,0,0,0,0,0,0,1),(582,1,5,1,NULL,NULL,NULL,0,'Dirac',0,3,224,NULL,1,0,0,0,0,0,0,1),(583,1,5,1,NULL,NULL,NULL,0,'Demosis',0,2,150,NULL,1,0,0,0,0,0,0,1),(584,1,5,1,NULL,NULL,NULL,0,'Thor',1,2,150,NULL,1,0,0,0,0,0,0,1),(585,1,5,1,NULL,NULL,NULL,0,'Thor',1,2,150,NULL,1,0,0,0,0,0,0,1),(586,1,5,1,NULL,NULL,NULL,0,'Thor',1,2,150,NULL,1,0,0,0,0,0,0,1),(587,1,5,1,NULL,NULL,NULL,0,'Thor',1,2,150,NULL,1,0,0,0,0,0,0,1),(588,1,5,1,NULL,NULL,NULL,0,'Dirac',1,2,150,NULL,1,0,0,0,0,0,0,1),(589,1,5,1,NULL,NULL,NULL,0,'Dirac',0,2,150,NULL,1,0,0,0,0,0,0,1),(590,1,5,1,NULL,NULL,NULL,0,'Dirac',0,2,150,NULL,1,0,0,0,0,0,0,1),(591,1,5,1,NULL,NULL,NULL,0,'Dirac',1,2,150,NULL,1,0,0,0,0,0,0,1),(592,1,25,2,NULL,NULL,NULL,0,'Gnawer',0,NULL,NULL,NULL,1,0,0,0,0,0,0,1),(593,1,25,2,NULL,NULL,NULL,0,'Gnawer',1,NULL,NULL,NULL,1,0,0,0,0,0,0,1),(594,1,25,2,NULL,NULL,NULL,0,'Spudder',0,NULL,NULL,NULL,1,0,0,0,0,0,0,1),(595,1,25,2,NULL,NULL,NULL,0,'Spudder',1,NULL,NULL,NULL,1,0,0,0,0,0,0,1),(596,1,25,2,NULL,NULL,NULL,0,'Spudder',0,NULL,NULL,NULL,1,0,0,0,0,0,0,1),(597,1,25,2,NULL,NULL,NULL,0,'Spudder',1,NULL,NULL,NULL,1,0,0,0,0,0,0,1),(598,1,25,2,NULL,NULL,NULL,0,'Spudder',1,NULL,NULL,NULL,1,0,0,0,0,0,0,1),(599,1,25,2,NULL,NULL,NULL,0,'Glancer',1,NULL,NULL,NULL,1,0,0,0,0,0,0,1),(600,1,25,2,NULL,NULL,NULL,0,'Glancer',1,NULL,NULL,NULL,1,0,0,0,0,0,0,1),(601,1,25,2,NULL,NULL,NULL,0,'Glancer',1,NULL,NULL,NULL,1,0,0,0,0,0,0,1),(602,1,25,2,NULL,NULL,NULL,0,'Glancer',1,NULL,NULL,NULL,1,0,0,0,0,0,0,1),(603,1,25,2,NULL,NULL,NULL,0,'Gnat',0,NULL,NULL,NULL,1,0,0,0,0,0,0,1),(604,1,25,2,NULL,NULL,NULL,0,'Gnat',0,NULL,NULL,NULL,1,0,0,0,0,0,0,1),(605,1,25,2,NULL,NULL,NULL,0,'Gnat',1,NULL,NULL,NULL,1,0,0,0,0,0,0,1),(606,1,25,2,NULL,NULL,NULL,0,'Gnat',1,NULL,NULL,NULL,1,0,0,0,0,0,0,1),(607,1,25,2,NULL,NULL,NULL,0,'Gnat',0,NULL,NULL,NULL,1,0,0,0,0,0,0,1),(608,1,25,2,NULL,NULL,NULL,0,'Gnat',1,NULL,NULL,NULL,1,0,0,0,0,0,0,1),(609,1,5,1,NULL,NULL,NULL,0,'Demosis',0,0,90,NULL,1,0,0,0,0,0,0,1),(610,1,5,1,NULL,NULL,NULL,0,'Demosis',0,0,90,NULL,1,0,0,0,0,0,0,1),(611,1,5,1,NULL,NULL,NULL,0,'Thor',1,0,90,NULL,1,0,0,0,0,0,0,1),(612,1,5,1,NULL,NULL,NULL,0,'Thor',1,0,90,NULL,1,0,0,0,0,0,0,1),(613,1,5,1,NULL,NULL,NULL,0,'Thor',1,0,90,NULL,1,0,0,0,0,0,0,1),(614,1,5,1,NULL,NULL,NULL,0,'Thor',1,0,90,NULL,1,0,0,0,0,0,0,1),(615,1,5,1,NULL,NULL,NULL,0,'Dirac',1,0,90,NULL,1,0,0,0,0,0,0,1),(616,1,5,1,NULL,NULL,NULL,0,'Dirac',0,0,90,NULL,1,0,0,0,0,0,0,1),(617,1,5,1,NULL,NULL,NULL,0,'Dirac',1,0,90,NULL,1,0,0,0,0,0,0,1),(618,1,5,1,NULL,NULL,NULL,0,'Dirac',0,0,90,NULL,1,0,0,0,0,0,0,1),(619,1,5,1,NULL,NULL,NULL,0,'Dirac',1,0,90,NULL,1,0,0,0,0,0,0,1),(620,1,37,4,NULL,NULL,NULL,0,'Glancer',1,NULL,NULL,NULL,1,0,0,0,0,0,0,1),(621,1,37,4,NULL,NULL,NULL,0,'Gnat',0,NULL,NULL,NULL,1,0,0,0,0,0,0,1),(622,1,37,4,NULL,NULL,NULL,0,'Gnat',0,NULL,NULL,NULL,1,0,0,0,0,0,0,1),(623,1,37,4,NULL,NULL,NULL,0,'Gnat',1,NULL,NULL,NULL,1,0,0,0,0,0,0,1),(624,1,37,4,NULL,NULL,NULL,0,'Gnat',0,NULL,NULL,NULL,1,0,0,0,0,0,0,1),(625,1,38,4,NULL,NULL,NULL,0,'Glancer',1,NULL,NULL,NULL,1,0,0,0,0,0,0,1),(626,1,38,4,NULL,NULL,NULL,0,'Gnat',0,NULL,NULL,NULL,1,0,0,0,0,0,0,1),(627,1,38,4,NULL,NULL,NULL,0,'Gnat',0,NULL,NULL,NULL,1,0,0,0,0,0,0,1),(628,1,38,4,NULL,NULL,NULL,0,'Gnat',1,NULL,NULL,NULL,1,0,0,0,0,0,0,1),(629,1,38,4,NULL,NULL,NULL,0,'Gnat',0,NULL,NULL,NULL,1,0,0,0,0,0,0,1),(630,1,38,4,NULL,NULL,NULL,0,'Gnat',1,NULL,NULL,NULL,1,0,0,0,0,0,0,1),(631,1,39,4,NULL,NULL,NULL,0,'Gnawer',0,NULL,NULL,NULL,1,0,0,0,0,0,0,1),(632,1,39,4,NULL,NULL,NULL,0,'Gnawer',0,NULL,NULL,NULL,1,0,0,0,0,0,0,1),(633,1,39,4,NULL,NULL,NULL,0,'Spudder',1,NULL,NULL,NULL,1,0,0,0,0,0,0,1),(634,1,39,4,NULL,NULL,NULL,0,'Spudder',0,NULL,NULL,NULL,1,0,0,0,0,0,0,1),(635,1,39,4,NULL,NULL,NULL,0,'Spudder',0,NULL,NULL,NULL,1,0,0,0,0,0,0,1),(636,1,39,4,NULL,NULL,NULL,0,'Glancer',1,NULL,NULL,NULL,1,0,0,0,0,0,0,1),(637,1,39,4,NULL,NULL,NULL,0,'Gnat',0,NULL,NULL,NULL,1,0,0,0,0,0,0,1),(638,1,39,4,NULL,NULL,NULL,0,'Gnat',1,NULL,NULL,NULL,1,0,0,0,0,0,0,1),(639,1,39,4,NULL,NULL,NULL,0,'Gnat',0,NULL,NULL,NULL,1,0,0,0,0,0,0,1),(640,1,39,4,NULL,NULL,NULL,0,'Glancer',1,NULL,NULL,NULL,1,0,0,0,0,0,0,1),(641,1,39,4,NULL,NULL,NULL,0,'Glancer',1,NULL,NULL,NULL,1,0,0,0,0,0,0,1),(642,1,39,4,NULL,NULL,NULL,0,'Gnat',0,NULL,NULL,NULL,1,0,0,0,0,0,0,1),(643,1,39,4,NULL,NULL,NULL,0,'Gnat',0,NULL,NULL,NULL,1,0,0,0,0,0,0,1),(644,1,39,4,NULL,NULL,NULL,0,'Gnat',1,NULL,NULL,NULL,1,0,0,0,0,0,0,1),(645,1,39,4,NULL,NULL,NULL,0,'Gnat',0,NULL,NULL,NULL,1,0,0,0,0,0,0,1),(646,1,40,4,NULL,NULL,NULL,0,'Spudder',0,NULL,NULL,NULL,1,0,0,0,0,0,0,1),(647,1,40,4,NULL,NULL,NULL,0,'Spudder',0,NULL,NULL,NULL,1,0,0,0,0,0,0,1),(648,1,40,4,NULL,NULL,NULL,0,'Glancer',1,NULL,NULL,NULL,1,0,0,0,0,0,0,1),(649,1,40,4,NULL,NULL,NULL,0,'Gnat',0,NULL,NULL,NULL,1,0,0,0,0,0,0,1),(650,1,40,4,NULL,NULL,NULL,0,'Glancer',1,NULL,NULL,NULL,1,0,0,0,0,0,0,1),(651,1,40,4,NULL,NULL,NULL,0,'Glancer',1,NULL,NULL,NULL,1,0,0,0,0,0,0,1),(652,1,40,4,NULL,NULL,NULL,0,'Gnat',0,NULL,NULL,NULL,1,0,0,0,0,0,0,1),(653,1,40,4,NULL,NULL,NULL,0,'Gnat',0,NULL,NULL,NULL,1,0,0,0,0,0,0,1),(654,1,40,4,NULL,NULL,NULL,0,'Gnat',1,NULL,NULL,NULL,1,0,0,0,0,0,0,1),(655,1,41,4,NULL,NULL,NULL,0,'Spudder',0,NULL,NULL,NULL,1,0,0,0,0,0,0,1),(656,1,41,4,NULL,NULL,NULL,0,'Spudder',0,NULL,NULL,NULL,1,0,0,0,0,0,0,1),(657,1,41,4,NULL,NULL,NULL,0,'Glancer',1,NULL,NULL,NULL,1,0,0,0,0,0,0,1),(658,1,41,4,NULL,NULL,NULL,0,'Gnat',0,NULL,NULL,NULL,1,0,0,0,0,0,0,1),(659,1,41,4,NULL,NULL,NULL,0,'Gnat',1,NULL,NULL,NULL,1,0,0,0,0,0,0,1),(660,1,41,4,NULL,NULL,NULL,0,'Gnat',0,NULL,NULL,NULL,1,0,0,0,0,0,0,1),(661,1,41,4,NULL,NULL,NULL,0,'Glancer',1,NULL,NULL,NULL,1,0,0,0,0,0,0,1),(662,1,41,4,NULL,NULL,NULL,0,'Glancer',1,NULL,NULL,NULL,1,0,0,0,0,0,0,1),(663,1,41,4,NULL,NULL,NULL,0,'Glancer',1,NULL,NULL,NULL,1,0,0,0,0,0,0,1),(664,1,41,4,NULL,NULL,NULL,0,'Gnat',0,NULL,NULL,NULL,1,0,0,0,0,0,0,1),(665,1,41,4,NULL,NULL,NULL,0,'Gnat',0,NULL,NULL,NULL,1,0,0,0,0,0,0,1),(666,1,41,4,NULL,NULL,NULL,0,'Gnat',1,NULL,NULL,NULL,1,0,0,0,0,0,0,1),(667,1,41,4,NULL,NULL,NULL,0,'Gnat',0,NULL,NULL,NULL,1,0,0,0,0,0,0,1),(668,1,41,4,NULL,NULL,NULL,0,'Gnat',1,NULL,NULL,NULL,1,0,0,0,0,0,0,1),(669,1,41,4,NULL,NULL,NULL,0,'Gnat',1,NULL,NULL,NULL,1,0,0,0,0,0,0,1),(670,1,42,4,NULL,NULL,NULL,0,'Gnawer',0,NULL,NULL,NULL,1,0,0,0,0,0,0,1),(671,1,42,4,NULL,NULL,NULL,0,'Spudder',0,NULL,NULL,NULL,1,0,0,0,0,0,0,1),(672,1,42,4,NULL,NULL,NULL,0,'Spudder',0,NULL,NULL,NULL,1,0,0,0,0,0,0,1),(673,1,42,4,NULL,NULL,NULL,0,'Glancer',1,NULL,NULL,NULL,1,0,0,0,0,0,0,1),(674,1,42,4,NULL,NULL,NULL,0,'Gnat',0,NULL,NULL,NULL,1,0,0,0,0,0,0,1),(675,1,42,4,NULL,NULL,NULL,0,'Glancer',1,NULL,NULL,NULL,1,0,0,0,0,0,0,1),(676,1,42,4,NULL,NULL,NULL,0,'Glancer',1,NULL,NULL,NULL,1,0,0,0,0,0,0,1),(677,1,42,4,NULL,NULL,NULL,0,'Glancer',1,NULL,NULL,NULL,1,0,0,0,0,0,0,1),(678,1,42,4,NULL,NULL,NULL,0,'Gnat',0,NULL,NULL,NULL,1,0,0,0,0,0,0,1),(679,1,42,4,NULL,NULL,NULL,0,'Gnat',0,NULL,NULL,NULL,1,0,0,0,0,0,0,1),(680,1,42,4,NULL,NULL,NULL,0,'Gnat',1,NULL,NULL,NULL,1,0,0,0,0,0,0,1),(681,1,43,4,NULL,NULL,NULL,0,'Spudder',0,NULL,NULL,NULL,1,0,0,0,0,0,0,1),(682,1,43,4,NULL,NULL,NULL,0,'Spudder',0,NULL,NULL,NULL,1,0,0,0,0,0,0,1),(683,1,43,4,NULL,NULL,NULL,0,'Glancer',1,NULL,NULL,NULL,1,0,0,0,0,0,0,1),(684,1,43,4,NULL,NULL,NULL,0,'Gnat',0,NULL,NULL,NULL,1,0,0,0,0,0,0,1),(685,1,43,4,NULL,NULL,NULL,0,'Gnat',1,NULL,NULL,NULL,1,0,0,0,0,0,0,1),(686,1,43,4,NULL,NULL,NULL,0,'Gnat',0,NULL,NULL,NULL,1,0,0,0,0,0,0,1),(687,1,43,4,NULL,NULL,NULL,0,'Glancer',1,NULL,NULL,NULL,1,0,0,0,0,0,0,1),(688,1,43,4,NULL,NULL,NULL,0,'Glancer',1,NULL,NULL,NULL,1,0,0,0,0,0,0,1),(689,1,43,4,NULL,NULL,NULL,0,'Glancer',1,NULL,NULL,NULL,1,0,0,0,0,0,0,1),(690,1,43,4,NULL,NULL,NULL,0,'Gnat',0,NULL,NULL,NULL,1,0,0,0,0,0,0,1),(691,1,43,4,NULL,NULL,NULL,0,'Gnat',0,NULL,NULL,NULL,1,0,0,0,0,0,0,1),(692,1,43,4,NULL,NULL,NULL,0,'Gnat',1,NULL,NULL,NULL,1,0,0,0,0,0,0,1),(693,1,43,4,NULL,NULL,NULL,0,'Gnat',0,NULL,NULL,NULL,1,0,0,0,0,0,0,1),(694,1,44,4,NULL,NULL,NULL,0,'Gnawer',0,NULL,NULL,NULL,1,0,0,0,0,0,0,1),(695,1,44,4,NULL,NULL,NULL,0,'Gnawer',0,NULL,NULL,NULL,1,0,0,0,0,0,0,1),(696,1,44,4,NULL,NULL,NULL,0,'Gnawer',0,NULL,NULL,NULL,1,0,0,0,0,0,0,1),(697,1,44,4,NULL,NULL,NULL,0,'Gnawer',0,NULL,NULL,NULL,1,0,0,0,0,0,0,1),(698,1,44,4,NULL,NULL,NULL,0,'Spudder',0,NULL,NULL,NULL,1,0,0,0,0,0,0,1),(699,1,44,4,NULL,NULL,NULL,0,'Spudder',0,NULL,NULL,NULL,1,0,0,0,0,0,0,1),(700,1,44,4,NULL,NULL,NULL,0,'Spudder',0,NULL,NULL,NULL,1,0,0,0,0,0,0,1),(701,1,44,4,NULL,NULL,NULL,0,'Glancer',1,NULL,NULL,NULL,1,0,0,0,0,0,0,1),(702,1,44,4,NULL,NULL,NULL,0,'Gnat',0,NULL,NULL,NULL,1,0,0,0,0,0,0,1),(703,1,44,4,NULL,NULL,NULL,0,'Gnat',0,NULL,NULL,NULL,1,0,0,0,0,0,0,1),(704,1,44,4,NULL,NULL,NULL,0,'Gnat',0,NULL,NULL,NULL,1,0,0,0,0,0,0,1),(705,1,44,4,NULL,NULL,NULL,0,'Glancer',1,NULL,NULL,NULL,1,0,0,0,0,0,0,1),(706,1,44,4,NULL,NULL,NULL,0,'Glancer',1,NULL,NULL,NULL,1,0,0,0,0,0,0,1),(707,1,44,4,NULL,NULL,NULL,0,'Glancer',1,NULL,NULL,NULL,1,0,0,0,0,0,0,1),(708,1,44,4,NULL,NULL,NULL,0,'Glancer',1,NULL,NULL,NULL,1,0,0,0,0,0,0,1),(709,1,44,4,NULL,NULL,NULL,0,'Gnat',0,NULL,NULL,NULL,1,0,0,0,0,0,0,1),(710,1,44,4,NULL,NULL,NULL,0,'Gnat',0,NULL,NULL,NULL,1,0,0,0,0,0,0,1),(711,1,44,4,NULL,NULL,NULL,0,'Gnat',1,NULL,NULL,NULL,1,0,0,0,0,0,0,1),(712,1,44,4,NULL,NULL,NULL,0,'Gnat',0,NULL,NULL,NULL,1,0,0,0,0,0,0,1),(713,1,44,4,NULL,NULL,NULL,0,'Gnat',0,NULL,NULL,NULL,1,0,0,0,0,0,0,1),(714,1,44,4,NULL,NULL,NULL,0,'Gnat',1,NULL,NULL,NULL,1,0,0,0,0,0,0,1),(715,1,44,4,NULL,NULL,NULL,0,'Gnat',0,NULL,NULL,NULL,1,0,0,0,0,0,0,1),(716,1,44,4,NULL,NULL,NULL,0,'Gnat',1,NULL,NULL,NULL,1,0,0,0,0,0,0,1),(717,1,45,4,NULL,NULL,NULL,0,'Gnawer',0,NULL,NULL,NULL,1,0,0,0,0,0,0,1),(718,1,45,4,NULL,NULL,NULL,0,'Gnawer',0,NULL,NULL,NULL,1,0,0,0,0,0,0,1),(719,1,45,4,NULL,NULL,NULL,0,'Gnawer',0,NULL,NULL,NULL,1,0,0,0,0,0,0,1),(720,1,45,4,NULL,NULL,NULL,0,'Spudder',0,NULL,NULL,NULL,1,0,0,0,0,0,0,1),(721,1,45,4,NULL,NULL,NULL,0,'Spudder',1,NULL,NULL,NULL,1,0,0,0,0,0,0,1),(722,1,45,4,NULL,NULL,NULL,0,'Spudder',0,NULL,NULL,NULL,1,0,0,0,0,0,0,1),(723,1,45,4,NULL,NULL,NULL,0,'Glancer',1,NULL,NULL,NULL,1,0,0,0,0,0,0,1),(724,1,45,4,NULL,NULL,NULL,0,'Gnat',0,NULL,NULL,NULL,1,0,0,0,0,0,0,1),(725,1,45,4,NULL,NULL,NULL,0,'Gnat',1,NULL,NULL,NULL,1,0,0,0,0,0,0,1),(726,1,45,4,NULL,NULL,NULL,0,'Gnat',0,NULL,NULL,NULL,1,0,0,0,0,0,0,1),(727,1,45,4,NULL,NULL,NULL,0,'Glancer',1,NULL,NULL,NULL,1,0,0,0,0,0,0,1),(728,1,45,4,NULL,NULL,NULL,0,'Glancer',1,NULL,NULL,NULL,1,0,0,0,0,0,0,1),(729,1,45,4,NULL,NULL,NULL,0,'Glancer',1,NULL,NULL,NULL,1,0,0,0,0,0,0,1),(730,1,45,4,NULL,NULL,NULL,0,'Gnat',0,NULL,NULL,NULL,1,0,0,0,0,0,0,1),(731,1,45,4,NULL,NULL,NULL,0,'Gnat',0,NULL,NULL,NULL,1,0,0,0,0,0,0,1),(732,1,45,4,NULL,NULL,NULL,0,'Gnat',1,NULL,NULL,NULL,1,0,0,0,0,0,0,1),(733,1,45,4,NULL,NULL,NULL,0,'Gnat',0,NULL,NULL,NULL,1,0,0,0,0,0,0,1),(734,1,45,4,NULL,NULL,NULL,0,'Gnat',1,NULL,NULL,NULL,1,0,0,0,0,0,0,1),(735,1,46,4,NULL,NULL,NULL,0,'Gnawer',0,NULL,NULL,NULL,1,0,0,0,0,0,0,1),(736,1,46,4,NULL,NULL,NULL,0,'Spudder',0,NULL,NULL,NULL,1,0,0,0,0,0,0,1),(737,1,46,4,NULL,NULL,NULL,0,'Spudder',1,NULL,NULL,NULL,1,0,0,0,0,0,0,1),(738,1,46,4,NULL,NULL,NULL,0,'Spudder',0,NULL,NULL,NULL,1,0,0,0,0,0,0,1),(739,1,46,4,NULL,NULL,NULL,0,'Glancer',1,NULL,NULL,NULL,1,0,0,0,0,0,0,1),(740,1,46,4,NULL,NULL,NULL,0,'Gnat',1,NULL,NULL,NULL,1,0,0,0,0,0,0,1),(741,1,46,4,NULL,NULL,NULL,0,'Gnat',0,NULL,NULL,NULL,1,0,0,0,0,0,0,1),(742,1,46,4,NULL,NULL,NULL,0,'Gnat',0,NULL,NULL,NULL,1,0,0,0,0,0,0,1),(743,1,46,4,NULL,NULL,NULL,0,'Glancer',1,NULL,NULL,NULL,1,0,0,0,0,0,0,1),(744,1,46,4,NULL,NULL,NULL,0,'Glancer',1,NULL,NULL,NULL,1,0,0,0,0,0,0,1),(745,1,46,4,NULL,NULL,NULL,0,'Glancer',1,NULL,NULL,NULL,1,0,0,0,0,0,0,1),(746,1,46,4,NULL,NULL,NULL,0,'Glancer',1,NULL,NULL,NULL,1,0,0,0,0,0,0,1),(747,1,46,4,NULL,NULL,NULL,0,'Gnat',0,NULL,NULL,NULL,1,0,0,0,0,0,0,1),(748,1,46,4,NULL,NULL,NULL,0,'Gnat',0,NULL,NULL,NULL,1,0,0,0,0,0,0,1),(749,1,46,4,NULL,NULL,NULL,0,'Gnat',1,NULL,NULL,NULL,1,0,0,0,0,0,0,1),(750,1,46,4,NULL,NULL,NULL,0,'Gnat',0,NULL,NULL,NULL,1,0,0,0,0,0,0,1),(751,1,46,4,NULL,NULL,NULL,0,'Gnat',1,NULL,NULL,NULL,1,0,0,0,0,0,0,1),(752,1,47,4,NULL,NULL,NULL,0,'Gnawer',0,NULL,NULL,NULL,1,0,0,0,0,0,0,1),(753,1,47,4,NULL,NULL,NULL,0,'Spudder',0,NULL,NULL,NULL,1,0,0,0,0,0,0,1),(754,1,47,4,NULL,NULL,NULL,0,'Spudder',0,NULL,NULL,NULL,1,0,0,0,0,0,0,1),(755,1,47,4,NULL,NULL,NULL,0,'Spudder',1,NULL,NULL,NULL,1,0,0,0,0,0,0,1),(756,1,47,4,NULL,NULL,NULL,0,'Spudder',0,NULL,NULL,NULL,1,0,0,0,0,0,0,1),(757,1,47,4,NULL,NULL,NULL,0,'Glancer',1,NULL,NULL,NULL,1,0,0,0,0,0,0,1),(758,1,47,4,NULL,NULL,NULL,0,'Gnat',0,NULL,NULL,NULL,1,0,0,0,0,0,0,1),(759,1,47,4,NULL,NULL,NULL,0,'Glancer',1,NULL,NULL,NULL,1,0,0,0,0,0,0,1),(760,1,47,4,NULL,NULL,NULL,0,'Glancer',1,NULL,NULL,NULL,1,0,0,0,0,0,0,1),(761,1,47,4,NULL,NULL,NULL,0,'Glancer',1,NULL,NULL,NULL,1,0,0,0,0,0,0,1),(762,1,47,4,NULL,NULL,NULL,0,'Gnat',0,NULL,NULL,NULL,1,0,0,0,0,0,0,1),(763,1,47,4,NULL,NULL,NULL,0,'Gnat',0,NULL,NULL,NULL,1,0,0,0,0,0,0,1),(764,1,47,4,NULL,NULL,NULL,0,'Gnat',1,NULL,NULL,NULL,1,0,0,0,0,0,0,1),(765,1,47,4,NULL,NULL,NULL,0,'Gnat',0,NULL,NULL,NULL,1,0,0,0,0,0,0,1),(766,1,47,4,NULL,NULL,NULL,0,'Gnat',1,NULL,NULL,NULL,1,0,0,0,0,0,0,1),(767,1,48,4,NULL,NULL,NULL,0,'Glancer',1,NULL,NULL,NULL,1,0,0,0,0,0,0,1),(768,1,48,4,NULL,NULL,NULL,0,'Gnat',0,NULL,NULL,NULL,1,0,0,0,0,0,0,1),(769,1,48,4,NULL,NULL,NULL,0,'Glancer',1,NULL,NULL,NULL,1,0,0,0,0,0,0,1),(770,1,48,4,NULL,NULL,NULL,0,'Glancer',1,NULL,NULL,NULL,1,0,0,0,0,0,0,1),(771,1,48,4,NULL,NULL,NULL,0,'Glancer',1,NULL,NULL,NULL,1,0,0,0,0,0,0,1),(772,1,48,4,NULL,NULL,NULL,0,'Glancer',1,NULL,NULL,NULL,1,0,0,0,0,0,0,1),(773,1,48,4,NULL,NULL,NULL,0,'Gnat',0,NULL,NULL,NULL,1,0,0,0,0,0,0,1),(774,1,48,4,NULL,NULL,NULL,0,'Gnat',0,NULL,NULL,NULL,1,0,0,0,0,0,0,1),(775,1,48,4,NULL,NULL,NULL,0,'Gnat',1,NULL,NULL,NULL,1,0,0,0,0,0,0,1),(776,1,48,4,NULL,NULL,NULL,0,'Gnat',1,NULL,NULL,NULL,1,0,0,0,0,0,0,1),(777,1,49,4,NULL,NULL,NULL,0,'Gnat',0,NULL,NULL,NULL,1,0,0,0,0,0,0,1),(778,1,49,4,NULL,NULL,NULL,0,'Gnat',0,NULL,NULL,NULL,1,0,0,0,0,0,0,1),(779,1,49,4,NULL,NULL,NULL,0,'Gnat',1,NULL,NULL,NULL,1,0,0,0,0,0,0,1),(780,1,49,4,NULL,NULL,NULL,0,'Gnat',1,NULL,NULL,NULL,1,0,0,0,0,0,0,1),(781,1,49,4,NULL,NULL,NULL,0,'Gnat',1,NULL,NULL,NULL,1,0,0,0,0,0,0,1),(782,1,50,4,NULL,NULL,NULL,0,'Gnat',0,NULL,NULL,NULL,1,0,0,0,0,0,0,1),(783,1,50,4,NULL,NULL,NULL,0,'Gnat',0,NULL,NULL,NULL,1,0,0,0,0,0,0,1),(784,1,50,4,NULL,NULL,NULL,0,'Gnat',1,NULL,NULL,NULL,1,0,0,0,0,0,0,1),(785,1,50,4,NULL,NULL,NULL,0,'Gnat',1,NULL,NULL,NULL,1,0,0,0,0,0,0,1),(786,1,50,4,NULL,NULL,NULL,0,'Gnat',1,NULL,NULL,NULL,1,0,0,0,0,0,0,1),(787,1,51,4,NULL,NULL,NULL,0,'Gnat',0,NULL,NULL,NULL,1,0,0,0,0,0,0,1),(788,1,51,4,NULL,NULL,NULL,0,'Gnat',0,NULL,NULL,NULL,1,0,0,0,0,0,0,1),(789,1,51,4,NULL,NULL,NULL,0,'Gnat',1,NULL,NULL,NULL,1,0,0,0,0,0,0,1),(790,1,52,4,NULL,NULL,NULL,0,'Gnat',0,NULL,NULL,NULL,1,0,0,0,0,0,0,1),(791,1,52,4,NULL,NULL,NULL,0,'Gnat',0,NULL,NULL,NULL,1,0,0,0,0,0,0,1),(792,1,52,4,NULL,NULL,NULL,0,'Gnat',1,NULL,NULL,NULL,1,0,0,0,0,0,0,1),(793,1,52,4,NULL,NULL,NULL,0,'Gnat',0,NULL,NULL,NULL,1,0,0,0,0,0,0,1),(794,1,52,4,NULL,NULL,NULL,0,'Gnat',1,NULL,NULL,NULL,1,0,0,0,0,0,0,1),(795,1,52,4,NULL,NULL,NULL,0,'Gnat',1,NULL,NULL,NULL,1,0,0,0,0,0,0,1),(796,1,5,1,NULL,NULL,NULL,0,'Thor',0,1,135,NULL,1,0,0,0,0,0,0,1),(797,1,5,1,NULL,NULL,NULL,0,'Thor',1,1,135,NULL,1,0,0,0,0,0,0,1),(798,1,5,1,NULL,NULL,NULL,0,'Thor',0,1,135,NULL,1,0,0,0,0,0,0,1),(799,1,5,1,NULL,NULL,NULL,0,'Dirac',1,1,135,NULL,1,0,0,0,0,0,0,1),(800,1,5,1,NULL,NULL,NULL,0,'Dirac',1,1,135,NULL,1,0,0,0,0,0,0,1),(801,1,5,1,NULL,NULL,NULL,0,'Dirac',0,1,135,NULL,1,0,0,0,0,0,0,1),(802,1,5,1,NULL,NULL,NULL,0,'Dirac',0,1,135,NULL,1,0,0,0,0,0,0,1),(803,1,5,1,NULL,NULL,NULL,0,'Demosis',0,0,180,NULL,1,0,0,0,0,0,0,1),(804,1,5,1,NULL,NULL,NULL,0,'Thor',0,0,180,NULL,1,0,0,0,0,0,0,1),(805,1,5,1,NULL,NULL,NULL,0,'Thor',1,0,180,NULL,1,0,0,0,0,0,0,1),(806,1,5,1,NULL,NULL,NULL,0,'Dirac',0,0,180,NULL,1,0,0,0,0,0,0,1),(807,1,5,1,NULL,NULL,NULL,0,'Dirac',0,0,180,NULL,1,0,0,0,0,0,0,1),(808,1,5,1,NULL,NULL,NULL,0,'Dirac',0,0,180,NULL,1,0,0,0,0,0,0,1),(809,1,5,1,NULL,NULL,NULL,0,'Dirac',0,0,180,NULL,1,0,0,0,0,0,0,1),(810,1,5,1,NULL,NULL,NULL,0,'Dirac',1,0,180,NULL,1,0,0,0,0,0,0,1),(811,1,5,1,NULL,NULL,NULL,0,'Dirac',0,0,180,NULL,1,0,0,0,0,0,0,1),(812,1,5,1,NULL,NULL,NULL,0,'Dirac',1,0,180,NULL,1,0,0,0,0,0,0,1),(813,1,28,2,NULL,NULL,NULL,0,'Gnawer',0,NULL,NULL,NULL,1,0,0,0,0,0,0,1),(814,1,28,2,NULL,NULL,NULL,0,'Gnawer',1,NULL,NULL,NULL,1,0,0,0,0,0,0,1),(815,1,28,2,NULL,NULL,NULL,0,'Spudder',0,NULL,NULL,NULL,1,0,0,0,0,0,0,1),(816,1,28,2,NULL,NULL,NULL,0,'Spudder',0,NULL,NULL,NULL,1,0,0,0,0,0,0,1),(817,1,28,2,NULL,NULL,NULL,0,'Spudder',0,NULL,NULL,NULL,1,0,0,0,0,0,0,1),(818,1,28,2,NULL,NULL,NULL,0,'Spudder',1,NULL,NULL,NULL,1,0,0,0,0,0,0,1),(819,1,28,2,NULL,NULL,NULL,0,'Spudder',1,NULL,NULL,NULL,1,0,0,0,0,0,0,1),(820,1,28,2,NULL,NULL,NULL,0,'Glancer',1,NULL,NULL,NULL,1,0,0,0,0,0,0,1),(821,1,28,2,NULL,NULL,NULL,0,'Glancer',1,NULL,NULL,NULL,1,0,0,0,0,0,0,1),(822,1,28,2,NULL,NULL,NULL,0,'Glancer',1,NULL,NULL,NULL,1,0,0,0,0,0,0,1),(823,1,28,2,NULL,NULL,NULL,0,'Glancer',1,NULL,NULL,NULL,1,0,0,0,0,0,0,1),(824,1,28,2,NULL,NULL,NULL,0,'Glancer',1,NULL,NULL,NULL,1,0,0,0,0,0,0,1),(825,1,28,2,NULL,NULL,NULL,0,'Gnat',1,NULL,NULL,NULL,1,0,0,0,0,0,0,1),(826,1,28,2,NULL,NULL,NULL,0,'Gnat',1,NULL,NULL,NULL,1,0,0,0,0,0,0,1),(827,1,28,2,NULL,NULL,NULL,0,'Gnat',1,NULL,NULL,NULL,1,0,0,0,0,0,0,1),(828,1,28,2,NULL,NULL,NULL,0,'Gnat',0,NULL,NULL,NULL,1,0,0,0,0,0,0,1),(829,1,28,2,NULL,NULL,NULL,0,'Gnat',1,NULL,NULL,NULL,1,0,0,0,0,0,0,1),(830,1,28,2,NULL,NULL,NULL,0,'Gnat',1,NULL,NULL,NULL,1,0,0,0,0,0,0,1),(831,1,28,2,NULL,NULL,NULL,0,'Gnat',0,NULL,NULL,NULL,1,0,0,0,0,0,0,1),(832,1,28,2,NULL,NULL,NULL,0,'Gnat',1,NULL,NULL,NULL,1,0,0,0,0,0,0,1),(833,1,5,1,NULL,NULL,NULL,0,'Demosis',0,2,300,NULL,1,0,0,0,0,0,0,1),(834,1,5,1,NULL,NULL,NULL,0,'Demosis',0,2,300,NULL,1,0,0,0,0,0,0,1),(835,1,5,1,NULL,NULL,NULL,0,'Demosis',0,2,300,NULL,1,0,0,0,0,0,0,1),(836,1,5,1,NULL,NULL,NULL,0,'Thor',0,2,300,NULL,1,0,0,0,0,0,0,1),(837,1,5,1,NULL,NULL,NULL,0,'Thor',1,2,300,NULL,1,0,0,0,0,0,0,1),(838,1,5,1,NULL,NULL,NULL,0,'Thor',0,2,300,NULL,1,0,0,0,0,0,0,1),(839,1,5,1,NULL,NULL,NULL,0,'Dirac',0,2,300,NULL,1,0,0,0,0,0,0,1),(840,1,5,1,NULL,NULL,NULL,0,'Dirac',0,2,300,NULL,1,0,0,0,0,0,0,1),(841,1,5,1,NULL,NULL,NULL,0,'Dirac',1,2,300,NULL,1,0,0,0,0,0,0,1),(842,1,53,4,NULL,NULL,NULL,0,'Glancer',1,NULL,NULL,NULL,1,0,0,0,0,0,0,1),(843,1,53,4,NULL,NULL,NULL,0,'Glancer',1,NULL,NULL,NULL,1,0,0,0,0,0,0,1),(844,1,53,4,NULL,NULL,NULL,0,'Gnat',0,NULL,NULL,NULL,1,0,0,0,0,0,0,1),(845,1,53,4,NULL,NULL,NULL,0,'Gnat',0,NULL,NULL,NULL,1,0,0,0,0,0,0,1),(846,1,53,4,NULL,NULL,NULL,0,'Gnat',1,NULL,NULL,NULL,1,0,0,0,0,0,0,1),(847,1,53,4,NULL,NULL,NULL,0,'Gnat',0,NULL,NULL,NULL,1,0,0,0,0,0,0,1),(848,1,53,4,NULL,NULL,NULL,0,'Gnat',0,NULL,NULL,NULL,1,0,0,0,0,0,0,1),(849,1,53,4,NULL,NULL,NULL,0,'Gnat',1,NULL,NULL,NULL,1,0,0,0,0,0,0,1),(850,1,54,4,NULL,NULL,NULL,0,'Glancer',1,NULL,NULL,NULL,1,0,0,0,0,0,0,1),(851,1,54,4,NULL,NULL,NULL,0,'Glancer',1,NULL,NULL,NULL,1,0,0,0,0,0,0,1),(852,1,54,4,NULL,NULL,NULL,0,'Glancer',1,NULL,NULL,NULL,1,0,0,0,0,0,0,1),(853,1,54,4,NULL,NULL,NULL,0,'Gnat',0,NULL,NULL,NULL,1,0,0,0,0,0,0,1),(854,1,54,4,NULL,NULL,NULL,0,'Gnat',0,NULL,NULL,NULL,1,0,0,0,0,0,0,1),(855,1,54,4,NULL,NULL,NULL,0,'Gnat',1,NULL,NULL,NULL,1,0,0,0,0,0,0,1),(856,1,54,4,NULL,NULL,NULL,0,'Gnat',0,NULL,NULL,NULL,1,0,0,0,0,0,0,1),(857,1,54,4,NULL,NULL,NULL,0,'Gnat',0,NULL,NULL,NULL,1,0,0,0,0,0,0,1),(858,1,55,4,NULL,NULL,NULL,0,'Gnawer',0,NULL,NULL,NULL,1,0,0,0,0,0,0,1),(859,1,55,4,NULL,NULL,NULL,0,'Spudder',0,NULL,NULL,NULL,1,0,0,0,0,0,0,1),(860,1,55,4,NULL,NULL,NULL,0,'Spudder',1,NULL,NULL,NULL,1,0,0,0,0,0,0,1),(861,1,55,4,NULL,NULL,NULL,0,'Gnawer',0,NULL,NULL,NULL,1,0,0,0,0,0,0,1),(862,1,55,4,NULL,NULL,NULL,0,'Spudder',0,NULL,NULL,NULL,1,0,0,0,0,0,0,1),(863,1,55,4,NULL,NULL,NULL,0,'Glancer',1,NULL,NULL,NULL,1,0,0,0,0,0,0,1),(864,1,55,4,NULL,NULL,NULL,0,'Gnat',1,NULL,NULL,NULL,1,0,0,0,0,0,0,1),(865,1,55,4,NULL,NULL,NULL,0,'Gnat',0,NULL,NULL,NULL,1,0,0,0,0,0,0,1),(866,1,55,4,NULL,NULL,NULL,0,'Gnat',0,NULL,NULL,NULL,1,0,0,0,0,0,0,1),(867,1,55,4,NULL,NULL,NULL,0,'Glancer',1,NULL,NULL,NULL,1,0,0,0,0,0,0,1),(868,1,55,4,NULL,NULL,NULL,0,'Glancer',1,NULL,NULL,NULL,1,0,0,0,0,0,0,1),(869,1,55,4,NULL,NULL,NULL,0,'Glancer',1,NULL,NULL,NULL,1,0,0,0,0,0,0,1),(870,1,55,4,NULL,NULL,NULL,0,'Glancer',1,NULL,NULL,NULL,1,0,0,0,0,0,0,1),(871,1,55,4,NULL,NULL,NULL,0,'Gnat',0,NULL,NULL,NULL,1,0,0,0,0,0,0,1),(872,1,55,4,NULL,NULL,NULL,0,'Gnat',0,NULL,NULL,NULL,1,0,0,0,0,0,0,1),(873,1,55,4,NULL,NULL,NULL,0,'Gnat',1,NULL,NULL,NULL,1,0,0,0,0,0,0,1),(874,1,55,4,NULL,NULL,NULL,0,'Gnat',0,NULL,NULL,NULL,1,0,0,0,0,0,0,1),(875,1,55,4,NULL,NULL,NULL,0,'Gnat',1,NULL,NULL,NULL,1,0,0,0,0,0,0,1),(876,1,55,4,NULL,NULL,NULL,0,'Gnat',1,NULL,NULL,NULL,1,0,0,0,0,0,0,1),(877,1,56,4,NULL,NULL,NULL,0,'Gnawer',0,NULL,NULL,NULL,1,0,0,0,0,0,0,1),(878,1,56,4,NULL,NULL,NULL,0,'Spudder',0,NULL,NULL,NULL,1,0,0,0,0,0,0,1),(879,1,56,4,NULL,NULL,NULL,0,'Spudder',1,NULL,NULL,NULL,1,0,0,0,0,0,0,1),(880,1,56,4,NULL,NULL,NULL,0,'Spudder',0,NULL,NULL,NULL,1,0,0,0,0,0,0,1),(881,1,56,4,NULL,NULL,NULL,0,'Glancer',1,NULL,NULL,NULL,1,0,0,0,0,0,0,1),(882,1,56,4,NULL,NULL,NULL,0,'Gnat',0,NULL,NULL,NULL,1,0,0,0,0,0,0,1),(883,1,56,4,NULL,NULL,NULL,0,'Gnat',1,NULL,NULL,NULL,1,0,0,0,0,0,0,1),(884,1,56,4,NULL,NULL,NULL,0,'Gnat',0,NULL,NULL,NULL,1,0,0,0,0,0,0,1),(885,1,56,4,NULL,NULL,NULL,0,'Glancer',1,NULL,NULL,NULL,1,0,0,0,0,0,0,1),(886,1,56,4,NULL,NULL,NULL,0,'Glancer',1,NULL,NULL,NULL,1,0,0,0,0,0,0,1),(887,1,56,4,NULL,NULL,NULL,0,'Glancer',1,NULL,NULL,NULL,1,0,0,0,0,0,0,1),(888,1,56,4,NULL,NULL,NULL,0,'Glancer',1,NULL,NULL,NULL,1,0,0,0,0,0,0,1),(889,1,56,4,NULL,NULL,NULL,0,'Gnat',0,NULL,NULL,NULL,1,0,0,0,0,0,0,1),(890,1,56,4,NULL,NULL,NULL,0,'Gnat',0,NULL,NULL,NULL,1,0,0,0,0,0,0,1),(891,1,56,4,NULL,NULL,NULL,0,'Gnat',1,NULL,NULL,NULL,1,0,0,0,0,0,0,1),(892,1,56,4,NULL,NULL,NULL,0,'Gnat',1,NULL,NULL,NULL,1,0,0,0,0,0,0,1),(893,1,56,4,NULL,NULL,NULL,0,'Gnat',0,NULL,NULL,NULL,1,0,0,0,0,0,0,1),(894,1,57,4,NULL,NULL,NULL,0,'Spudder',0,NULL,NULL,NULL,1,0,0,0,0,0,0,1),(895,1,57,4,NULL,NULL,NULL,0,'Spudder',0,NULL,NULL,NULL,1,0,0,0,0,0,0,1),(896,1,57,4,NULL,NULL,NULL,0,'Glancer',1,NULL,NULL,NULL,1,0,0,0,0,0,0,1),(897,1,57,4,NULL,NULL,NULL,0,'Gnat',0,NULL,NULL,NULL,1,0,0,0,0,0,0,1),(898,1,57,4,NULL,NULL,NULL,0,'Glancer',1,NULL,NULL,NULL,1,0,0,0,0,0,0,1),(899,1,57,4,NULL,NULL,NULL,0,'Glancer',1,NULL,NULL,NULL,1,0,0,0,0,0,0,1),(900,1,57,4,NULL,NULL,NULL,0,'Glancer',1,NULL,NULL,NULL,1,0,0,0,0,0,0,1),(901,1,57,4,NULL,NULL,NULL,0,'Gnat',0,NULL,NULL,NULL,1,0,0,0,0,0,0,1),(902,1,57,4,NULL,NULL,NULL,0,'Gnat',0,NULL,NULL,NULL,1,0,0,0,0,0,0,1),(903,1,57,4,NULL,NULL,NULL,0,'Gnat',1,NULL,NULL,NULL,1,0,0,0,0,0,0,1),(904,1,57,4,NULL,NULL,NULL,0,'Gnat',0,NULL,NULL,NULL,1,0,0,0,0,0,0,1),(905,1,57,4,NULL,NULL,NULL,0,'Gnat',1,NULL,NULL,NULL,1,0,0,0,0,0,0,1),(906,1,58,4,NULL,NULL,NULL,0,'Spudder',0,NULL,NULL,NULL,1,0,0,0,0,0,0,1),(907,1,58,4,NULL,NULL,NULL,0,'Spudder',1,NULL,NULL,NULL,1,0,0,0,0,0,0,1),(908,1,58,4,NULL,NULL,NULL,0,'Spudder',0,NULL,NULL,NULL,1,0,0,0,0,0,0,1),(909,1,58,4,NULL,NULL,NULL,0,'Glancer',1,NULL,NULL,NULL,1,0,0,0,0,0,0,1),(910,1,58,4,NULL,NULL,NULL,0,'Gnat',0,NULL,NULL,NULL,1,0,0,0,0,0,0,1),(911,1,58,4,NULL,NULL,NULL,0,'Glancer',1,NULL,NULL,NULL,1,0,0,0,0,0,0,1),(912,1,58,4,NULL,NULL,NULL,0,'Glancer',1,NULL,NULL,NULL,1,0,0,0,0,0,0,1),(913,1,58,4,NULL,NULL,NULL,0,'Glancer',1,NULL,NULL,NULL,1,0,0,0,0,0,0,1),(914,1,58,4,NULL,NULL,NULL,0,'Gnat',0,NULL,NULL,NULL,1,0,0,0,0,0,0,1),(915,1,58,4,NULL,NULL,NULL,0,'Gnat',0,NULL,NULL,NULL,1,0,0,0,0,0,0,1),(916,1,58,4,NULL,NULL,NULL,0,'Gnat',1,NULL,NULL,NULL,1,0,0,0,0,0,0,1),(917,1,58,4,NULL,NULL,NULL,0,'Gnat',0,NULL,NULL,NULL,1,0,0,0,0,0,0,1),(918,1,58,4,NULL,NULL,NULL,0,'Gnat',0,NULL,NULL,NULL,1,0,0,0,0,0,0,1),(919,1,58,4,NULL,NULL,NULL,0,'Gnat',1,NULL,NULL,NULL,1,0,0,0,0,0,0,1),(920,1,58,4,NULL,NULL,NULL,0,'Gnat',1,NULL,NULL,NULL,1,0,0,0,0,0,0,1),(921,1,59,4,NULL,NULL,NULL,0,'Spudder',0,NULL,NULL,NULL,1,0,0,0,0,0,0,1),(922,1,59,4,NULL,NULL,NULL,0,'Glancer',1,NULL,NULL,NULL,1,0,0,0,0,0,0,1),(923,1,59,4,NULL,NULL,NULL,0,'Gnat',1,NULL,NULL,NULL,1,0,0,0,0,0,0,1),(924,1,59,4,NULL,NULL,NULL,0,'Gnat',0,NULL,NULL,NULL,1,0,0,0,0,0,0,1),(925,1,59,4,NULL,NULL,NULL,0,'Gnat',0,NULL,NULL,NULL,1,0,0,0,0,0,0,1),(926,1,59,4,NULL,NULL,NULL,0,'Glancer',1,NULL,NULL,NULL,1,0,0,0,0,0,0,1),(927,1,59,4,NULL,NULL,NULL,0,'Glancer',1,NULL,NULL,NULL,1,0,0,0,0,0,0,1),(928,1,59,4,NULL,NULL,NULL,0,'Glancer',1,NULL,NULL,NULL,1,0,0,0,0,0,0,1),(929,1,59,4,NULL,NULL,NULL,0,'Gnat',0,NULL,NULL,NULL,1,0,0,0,0,0,0,1),(930,1,59,4,NULL,NULL,NULL,0,'Gnat',0,NULL,NULL,NULL,1,0,0,0,0,0,0,1),(931,1,59,4,NULL,NULL,NULL,0,'Gnat',1,NULL,NULL,NULL,1,0,0,0,0,0,0,1),(932,1,59,4,NULL,NULL,NULL,0,'Gnat',1,NULL,NULL,NULL,1,0,0,0,0,0,0,1),(933,1,59,4,NULL,NULL,NULL,0,'Gnat',1,NULL,NULL,NULL,1,0,0,0,0,0,0,1),(934,1,59,4,NULL,NULL,NULL,0,'Gnat',0,NULL,NULL,NULL,1,0,0,0,0,0,0,1),(935,1,59,4,NULL,NULL,NULL,0,'Gnat',1,NULL,NULL,NULL,1,0,0,0,0,0,0,1),(936,1,60,4,NULL,NULL,NULL,0,'Gnawer',0,NULL,NULL,NULL,1,0,0,0,0,0,0,1),(937,1,60,4,NULL,NULL,NULL,0,'Gnawer',0,NULL,NULL,NULL,1,0,0,0,0,0,0,1),(938,1,60,4,NULL,NULL,NULL,0,'Gnawer',0,NULL,NULL,NULL,1,0,0,0,0,0,0,1),(939,1,60,4,NULL,NULL,NULL,0,'Spudder',0,NULL,NULL,NULL,1,0,0,0,0,0,0,1),(940,1,60,4,NULL,NULL,NULL,0,'Spudder',0,NULL,NULL,NULL,1,0,0,0,0,0,0,1),(941,1,60,4,NULL,NULL,NULL,0,'Spudder',1,NULL,NULL,NULL,1,0,0,0,0,0,0,1),(942,1,60,4,NULL,NULL,NULL,0,'Spudder',0,NULL,NULL,NULL,1,0,0,0,0,0,0,1),(943,1,60,4,NULL,NULL,NULL,0,'Glancer',1,NULL,NULL,NULL,1,0,0,0,0,0,0,1),(944,1,60,4,NULL,NULL,NULL,0,'Gnat',0,NULL,NULL,NULL,1,0,0,0,0,0,0,1),(945,1,60,4,NULL,NULL,NULL,0,'Glancer',1,NULL,NULL,NULL,1,0,0,0,0,0,0,1),(946,1,60,4,NULL,NULL,NULL,0,'Glancer',1,NULL,NULL,NULL,1,0,0,0,0,0,0,1),(947,1,60,4,NULL,NULL,NULL,0,'Glancer',1,NULL,NULL,NULL,1,0,0,0,0,0,0,1),(948,1,60,4,NULL,NULL,NULL,0,'Glancer',1,NULL,NULL,NULL,1,0,0,0,0,0,0,1),(949,1,60,4,NULL,NULL,NULL,0,'Gnat',0,NULL,NULL,NULL,1,0,0,0,0,0,0,1),(950,1,60,4,NULL,NULL,NULL,0,'Gnat',0,NULL,NULL,NULL,1,0,0,0,0,0,0,1),(951,1,60,4,NULL,NULL,NULL,0,'Gnat',1,NULL,NULL,NULL,1,0,0,0,0,0,0,1),(952,1,60,4,NULL,NULL,NULL,0,'Gnat',0,NULL,NULL,NULL,1,0,0,0,0,0,0,1),(953,1,60,4,NULL,NULL,NULL,0,'Gnat',0,NULL,NULL,NULL,1,0,0,0,0,0,0,1),(954,1,60,4,NULL,NULL,NULL,0,'Gnat',0,NULL,NULL,NULL,1,0,0,0,0,0,0,1),(955,1,61,4,NULL,NULL,NULL,0,'Gnawer',0,NULL,NULL,NULL,1,0,0,0,0,0,0,1),(956,1,61,4,NULL,NULL,NULL,0,'Gnawer',0,NULL,NULL,NULL,1,0,0,0,0,0,0,1),(957,1,61,4,NULL,NULL,NULL,0,'Gnawer',0,NULL,NULL,NULL,1,0,0,0,0,0,0,1),(958,1,61,4,NULL,NULL,NULL,0,'Gnawer',0,NULL,NULL,NULL,1,0,0,0,0,0,0,1),(959,1,61,4,NULL,NULL,NULL,0,'Spudder',0,NULL,NULL,NULL,1,0,0,0,0,0,0,1),(960,1,61,4,NULL,NULL,NULL,0,'Spudder',0,NULL,NULL,NULL,1,0,0,0,0,0,0,1),(961,1,61,4,NULL,NULL,NULL,0,'Spudder',0,NULL,NULL,NULL,1,0,0,0,0,0,0,1),(962,1,61,4,NULL,NULL,NULL,0,'Glancer',1,NULL,NULL,NULL,1,0,0,0,0,0,0,1),(963,1,61,4,NULL,NULL,NULL,0,'Glancer',1,NULL,NULL,NULL,1,0,0,0,0,0,0,1),(964,1,61,4,NULL,NULL,NULL,0,'Glancer',1,NULL,NULL,NULL,1,0,0,0,0,0,0,1),(965,1,61,4,NULL,NULL,NULL,0,'Glancer',1,NULL,NULL,NULL,1,0,0,0,0,0,0,1),(966,1,61,4,NULL,NULL,NULL,0,'Glancer',1,NULL,NULL,NULL,1,0,0,0,0,0,0,1),(967,1,61,4,NULL,NULL,NULL,0,'Gnat',0,NULL,NULL,NULL,1,0,0,0,0,0,0,1),(968,1,61,4,NULL,NULL,NULL,0,'Gnat',0,NULL,NULL,NULL,1,0,0,0,0,0,0,1),(969,1,61,4,NULL,NULL,NULL,0,'Gnat',1,NULL,NULL,NULL,1,0,0,0,0,0,0,1),(970,1,61,4,NULL,NULL,NULL,0,'Gnat',0,NULL,NULL,NULL,1,0,0,0,0,0,0,1),(971,1,61,4,NULL,NULL,NULL,0,'Gnat',0,NULL,NULL,NULL,1,0,0,0,0,0,0,1),(972,1,61,4,NULL,NULL,NULL,0,'Gnat',1,NULL,NULL,NULL,1,0,0,0,0,0,0,1),(973,1,62,4,NULL,NULL,NULL,0,'Gnawer',0,NULL,NULL,NULL,1,0,0,0,0,0,0,1),(974,1,62,4,NULL,NULL,NULL,0,'Gnawer',0,NULL,NULL,NULL,1,0,0,0,0,0,0,1),(975,1,62,4,NULL,NULL,NULL,0,'Gnawer',0,NULL,NULL,NULL,1,0,0,0,0,0,0,1),(976,1,62,4,NULL,NULL,NULL,0,'Spudder',0,NULL,NULL,NULL,1,0,0,0,0,0,0,1),(977,1,62,4,NULL,NULL,NULL,0,'Spudder',0,NULL,NULL,NULL,1,0,0,0,0,0,0,1),(978,1,62,4,NULL,NULL,NULL,0,'Spudder',1,NULL,NULL,NULL,1,0,0,0,0,0,0,1),(979,1,62,4,NULL,NULL,NULL,0,'Spudder',0,NULL,NULL,NULL,1,0,0,0,0,0,0,1),(980,1,62,4,NULL,NULL,NULL,0,'Glancer',1,NULL,NULL,NULL,1,0,0,0,0,0,0,1),(981,1,62,4,NULL,NULL,NULL,0,'Gnat',0,NULL,NULL,NULL,1,0,0,0,0,0,0,1),(982,1,62,4,NULL,NULL,NULL,0,'Glancer',1,NULL,NULL,NULL,1,0,0,0,0,0,0,1),(983,1,62,4,NULL,NULL,NULL,0,'Glancer',1,NULL,NULL,NULL,1,0,0,0,0,0,0,1),(984,1,62,4,NULL,NULL,NULL,0,'Glancer',1,NULL,NULL,NULL,1,0,0,0,0,0,0,1),(985,1,62,4,NULL,NULL,NULL,0,'Gnat',0,NULL,NULL,NULL,1,0,0,0,0,0,0,1),(986,1,62,4,NULL,NULL,NULL,0,'Gnat',0,NULL,NULL,NULL,1,0,0,0,0,0,0,1),(987,1,62,4,NULL,NULL,NULL,0,'Gnat',1,NULL,NULL,NULL,1,0,0,0,0,0,0,1),(988,1,62,4,NULL,NULL,NULL,0,'Gnat',0,NULL,NULL,NULL,1,0,0,0,0,0,0,1),(989,1,62,4,NULL,NULL,NULL,0,'Gnat',1,NULL,NULL,NULL,1,0,0,0,0,0,0,1),(990,1,62,4,NULL,NULL,NULL,0,'Gnat',1,NULL,NULL,NULL,1,0,0,0,0,0,0,1),(991,1,63,4,NULL,NULL,NULL,0,'Gnawer',0,NULL,NULL,NULL,1,0,0,0,0,0,0,1),(992,1,63,4,NULL,NULL,NULL,0,'Spudder',0,NULL,NULL,NULL,1,0,0,0,0,0,0,1),(993,1,63,4,NULL,NULL,NULL,0,'Spudder',0,NULL,NULL,NULL,1,0,0,0,0,0,0,1),(994,1,63,4,NULL,NULL,NULL,0,'Spudder',1,NULL,NULL,NULL,1,0,0,0,0,0,0,1),(995,1,63,4,NULL,NULL,NULL,0,'Spudder',0,NULL,NULL,NULL,1,0,0,0,0,0,0,1),(996,1,63,4,NULL,NULL,NULL,0,'Spudder',0,NULL,NULL,NULL,1,0,0,0,0,0,0,1),(997,1,63,4,NULL,NULL,NULL,0,'Glancer',1,NULL,NULL,NULL,1,0,0,0,0,0,0,1),(998,1,63,4,NULL,NULL,NULL,0,'Gnat',0,NULL,NULL,NULL,1,0,0,0,0,0,0,1),(999,1,63,4,NULL,NULL,NULL,0,'Gnat',0,NULL,NULL,NULL,1,0,0,0,0,0,0,1),(1000,1,63,4,NULL,NULL,NULL,0,'Glancer',1,NULL,NULL,NULL,1,0,0,0,0,0,0,1),(1001,1,63,4,NULL,NULL,NULL,0,'Glancer',1,NULL,NULL,NULL,1,0,0,0,0,0,0,1),(1002,1,63,4,NULL,NULL,NULL,0,'Glancer',1,NULL,NULL,NULL,1,0,0,0,0,0,0,1),(1003,1,63,4,NULL,NULL,NULL,0,'Gnat',0,NULL,NULL,NULL,1,0,0,0,0,0,0,1),(1004,1,63,4,NULL,NULL,NULL,0,'Gnat',0,NULL,NULL,NULL,1,0,0,0,0,0,0,1),(1005,1,63,4,NULL,NULL,NULL,0,'Gnat',1,NULL,NULL,NULL,1,0,0,0,0,0,0,1),(1006,1,63,4,NULL,NULL,NULL,0,'Gnat',1,NULL,NULL,NULL,1,0,0,0,0,0,0,1),(1007,1,64,4,NULL,NULL,NULL,0,'Gnat',0,NULL,NULL,NULL,1,0,0,0,0,0,0,1),(1008,1,64,4,NULL,NULL,NULL,0,'Gnat',0,NULL,NULL,NULL,1,0,0,0,0,0,0,1),(1009,1,64,4,NULL,NULL,NULL,0,'Gnat',0,NULL,NULL,NULL,1,0,0,0,0,0,0,1),(1010,1,64,4,NULL,NULL,NULL,0,'Glancer',1,NULL,NULL,NULL,1,0,0,0,0,0,0,1),(1011,1,64,4,NULL,NULL,NULL,0,'Glancer',1,NULL,NULL,NULL,1,0,0,0,0,0,0,1),(1012,1,64,4,NULL,NULL,NULL,0,'Glancer',1,NULL,NULL,NULL,1,0,0,0,0,0,0,1),(1013,1,64,4,NULL,NULL,NULL,0,'Glancer',1,NULL,NULL,NULL,1,0,0,0,0,0,0,1),(1014,1,64,4,NULL,NULL,NULL,0,'Gnat',0,NULL,NULL,NULL,1,0,0,0,0,0,0,1),(1015,1,64,4,NULL,NULL,NULL,0,'Gnat',0,NULL,NULL,NULL,1,0,0,0,0,0,0,1),(1016,1,64,4,NULL,NULL,NULL,0,'Gnat',1,NULL,NULL,NULL,1,0,0,0,0,0,0,1),(1017,1,64,4,NULL,NULL,NULL,0,'Gnat',0,NULL,NULL,NULL,1,0,0,0,0,0,0,1),(1018,1,64,4,NULL,NULL,NULL,0,'Gnat',1,NULL,NULL,NULL,1,0,0,0,0,0,0,1),(1019,1,65,4,NULL,NULL,NULL,0,'Spudder',0,NULL,NULL,NULL,1,0,0,0,0,0,0,1),(1020,1,65,4,NULL,NULL,NULL,0,'Glancer',1,NULL,NULL,NULL,1,0,0,0,0,0,0,1),(1021,1,65,4,NULL,NULL,NULL,0,'Gnat',0,NULL,NULL,NULL,1,0,0,0,0,0,0,1),(1022,1,65,4,NULL,NULL,NULL,0,'Gnat',0,NULL,NULL,NULL,1,0,0,0,0,0,0,1),(1023,1,65,4,NULL,NULL,NULL,0,'Gnat',0,NULL,NULL,NULL,1,0,0,0,0,0,0,1),(1024,1,65,4,NULL,NULL,NULL,0,'Glancer',1,NULL,NULL,NULL,1,0,0,0,0,0,0,1),(1025,1,65,4,NULL,NULL,NULL,0,'Glancer',1,NULL,NULL,NULL,1,0,0,0,0,0,0,1),(1026,1,65,4,NULL,NULL,NULL,0,'Glancer',1,NULL,NULL,NULL,1,0,0,0,0,0,0,1),(1027,1,65,4,NULL,NULL,NULL,0,'Glancer',1,NULL,NULL,NULL,1,0,0,0,0,0,0,1),(1028,1,65,4,NULL,NULL,NULL,0,'Gnat',0,NULL,NULL,NULL,1,0,0,0,0,0,0,1),(1029,1,65,4,NULL,NULL,NULL,0,'Gnat',0,NULL,NULL,NULL,1,0,0,0,0,0,0,1),(1030,1,65,4,NULL,NULL,NULL,0,'Gnat',1,NULL,NULL,NULL,1,0,0,0,0,0,0,1),(1031,1,65,4,NULL,NULL,NULL,0,'Gnat',0,NULL,NULL,NULL,1,0,0,0,0,0,0,1),(1032,1,65,4,NULL,NULL,NULL,0,'Gnat',1,NULL,NULL,NULL,1,0,0,0,0,0,0,1),(1033,1,66,4,NULL,NULL,NULL,0,'Glancer',1,NULL,NULL,NULL,1,0,0,0,0,0,0,1),(1034,1,66,4,NULL,NULL,NULL,0,'Gnat',0,NULL,NULL,NULL,1,0,0,0,0,0,0,1),(1035,1,66,4,NULL,NULL,NULL,0,'Glancer',1,NULL,NULL,NULL,1,0,0,0,0,0,0,1),(1036,1,66,4,NULL,NULL,NULL,0,'Glancer',1,NULL,NULL,NULL,1,0,0,0,0,0,0,1),(1037,1,66,4,NULL,NULL,NULL,0,'Glancer',1,NULL,NULL,NULL,1,0,0,0,0,0,0,1),(1038,1,66,4,NULL,NULL,NULL,0,'Gnat',0,NULL,NULL,NULL,1,0,0,0,0,0,0,1),(1039,1,66,4,NULL,NULL,NULL,0,'Gnat',0,NULL,NULL,NULL,1,0,0,0,0,0,0,1),(1040,1,66,4,NULL,NULL,NULL,0,'Gnat',1,NULL,NULL,NULL,1,0,0,0,0,0,0,1),(1041,1,66,4,NULL,NULL,NULL,0,'Gnat',0,NULL,NULL,NULL,1,0,0,0,0,0,0,1),(1042,1,66,4,NULL,NULL,NULL,0,'Gnat',0,NULL,NULL,NULL,1,0,0,0,0,0,0,1),(1043,1,66,4,NULL,NULL,NULL,0,'Gnat',1,NULL,NULL,NULL,1,0,0,0,0,0,0,1),(1044,1,67,4,NULL,NULL,NULL,0,'Gnat',0,NULL,NULL,NULL,1,0,0,0,0,0,0,1),(1045,1,67,4,NULL,NULL,NULL,0,'Gnat',0,NULL,NULL,NULL,1,0,0,0,0,0,0,1),(1046,1,67,4,NULL,NULL,NULL,0,'Gnat',1,NULL,NULL,NULL,1,0,0,0,0,0,0,1),(1047,1,68,4,NULL,NULL,NULL,0,'Gnat',0,NULL,NULL,NULL,1,0,0,0,0,0,0,1),(1048,1,68,4,NULL,NULL,NULL,0,'Gnat',0,NULL,NULL,NULL,1,0,0,0,0,0,0,1),(1049,1,68,4,NULL,NULL,NULL,0,'Gnat',1,NULL,NULL,NULL,1,0,0,0,0,0,0,1),(1050,1,68,4,NULL,NULL,NULL,0,'Gnat',0,NULL,NULL,NULL,1,0,0,0,0,0,0,1),(1051,1,68,4,NULL,NULL,NULL,0,'Gnat',1,NULL,NULL,NULL,1,0,0,0,0,0,0,1),(1052,1,69,4,NULL,NULL,NULL,0,'Gnat',0,NULL,NULL,NULL,1,0,0,0,0,0,0,1),(1053,1,69,4,NULL,NULL,NULL,0,'Gnat',0,NULL,NULL,NULL,1,0,0,0,0,0,0,1),(1054,1,69,4,NULL,NULL,NULL,0,'Gnat',1,NULL,NULL,NULL,1,0,0,0,0,0,0,1),(1055,1,69,4,NULL,NULL,NULL,0,'Gnat',0,NULL,NULL,NULL,1,0,0,0,0,0,0,1),(1056,1,69,4,NULL,NULL,NULL,0,'Gnat',0,NULL,NULL,NULL,1,0,0,0,0,0,0,1),(1057,1,69,4,NULL,NULL,NULL,0,'Gnat',1,NULL,NULL,NULL,1,0,0,0,0,0,0,1),(1058,1,69,4,NULL,NULL,NULL,0,'Gnat',1,NULL,NULL,NULL,1,0,0,0,0,0,0,1),(1059,1,70,4,NULL,NULL,NULL,0,'Gnat',0,NULL,NULL,NULL,1,0,0,0,0,0,0,1),(1060,1,70,4,NULL,NULL,NULL,0,'Gnat',0,NULL,NULL,NULL,1,0,0,0,0,0,0,1),(1061,1,70,4,NULL,NULL,NULL,0,'Gnat',1,NULL,NULL,NULL,1,0,0,0,0,0,0,1),(1062,1,70,4,NULL,NULL,NULL,0,'Gnat',0,NULL,NULL,NULL,1,0,0,0,0,0,0,1),(1063,1,70,4,NULL,NULL,NULL,0,'Gnat',1,NULL,NULL,NULL,1,0,0,0,0,0,0,1),(1064,1,8,1,NULL,NULL,NULL,0,'Thor',1,1,225,NULL,1,0,0,0,0,0,0,1),(1065,1,8,1,NULL,NULL,NULL,0,'Thor',1,1,225,NULL,1,0,0,0,0,0,0,1),(1066,1,8,1,NULL,NULL,NULL,0,'Thor',1,1,225,NULL,1,0,0,0,0,0,0,1),(1067,1,8,1,NULL,NULL,NULL,0,'Dirac',1,1,225,NULL,1,0,0,0,0,0,0,1),(1068,1,8,1,NULL,NULL,NULL,0,'Dirac',1,1,225,NULL,1,0,0,0,0,0,0,1),(1069,1,8,1,NULL,NULL,NULL,0,'Thor',1,1,315,NULL,1,0,0,0,0,0,0,1),(1070,1,8,1,NULL,NULL,NULL,0,'Thor',1,1,315,NULL,1,0,0,0,0,0,0,1),(1071,1,8,1,NULL,NULL,NULL,0,'Thor',0,1,315,NULL,1,0,0,0,0,0,0,1),(1072,1,8,1,NULL,NULL,NULL,0,'Thor',1,1,315,NULL,1,0,0,0,0,0,0,1),(1073,1,8,1,NULL,NULL,NULL,0,'Dirac',0,1,315,NULL,1,0,0,0,0,0,0,1),(1074,1,8,1,NULL,NULL,NULL,0,'Dirac',0,1,315,NULL,1,0,0,0,0,0,0,1),(1075,1,8,1,NULL,NULL,NULL,0,'Demosis',0,3,134,NULL,1,0,0,0,0,0,0,1),(1076,1,8,1,NULL,NULL,NULL,0,'Demosis',0,3,134,NULL,1,0,0,0,0,0,0,1),(1077,1,8,1,NULL,NULL,NULL,0,'Thor',1,3,134,NULL,1,0,0,0,0,0,0,1),(1078,1,8,1,NULL,NULL,NULL,0,'Thor',1,3,134,NULL,1,0,0,0,0,0,0,1),(1079,1,8,1,NULL,NULL,NULL,0,'Thor',1,3,134,NULL,1,0,0,0,0,0,0,1),(1080,1,8,1,NULL,NULL,NULL,0,'Thor',0,3,134,NULL,1,0,0,0,0,0,0,1),(1081,1,8,1,NULL,NULL,NULL,0,'Thor',1,3,134,NULL,1,0,0,0,0,0,0,1),(1082,1,8,1,NULL,NULL,NULL,0,'Dirac',1,3,134,NULL,1,0,0,0,0,0,0,1),(1083,1,8,1,NULL,NULL,NULL,0,'Dirac',1,3,134,NULL,1,0,0,0,0,0,0,1),(1084,1,8,1,NULL,NULL,NULL,0,'Dirac',1,3,134,NULL,1,0,0,0,0,0,0,1),(1085,1,8,1,NULL,NULL,NULL,0,'Dirac',1,3,134,NULL,1,0,0,0,0,0,0,1),(1086,1,8,1,NULL,NULL,NULL,0,'Dirac',0,3,134,NULL,1,0,0,0,0,0,0,1),(1087,1,8,1,NULL,NULL,NULL,0,'Demosis',0,3,66,NULL,1,0,0,0,0,0,0,1),(1088,1,8,1,NULL,NULL,NULL,0,'Demosis',0,3,66,NULL,1,0,0,0,0,0,0,1),(1089,1,8,1,NULL,NULL,NULL,0,'Thor',1,3,66,NULL,1,0,0,0,0,0,0,1),(1090,1,8,1,NULL,NULL,NULL,0,'Thor',0,3,66,NULL,1,0,0,0,0,0,0,1),(1091,1,8,1,NULL,NULL,NULL,0,'Thor',0,3,66,NULL,1,0,0,0,0,0,0,1),(1092,1,8,1,NULL,NULL,NULL,0,'Thor',1,3,66,NULL,1,0,0,0,0,0,0,1),(1093,1,8,1,NULL,NULL,NULL,0,'Dirac',1,3,66,NULL,1,0,0,0,0,0,0,1),(1094,1,8,1,NULL,NULL,NULL,0,'Dirac',1,3,66,NULL,1,0,0,0,0,0,0,1),(1095,1,8,1,NULL,NULL,NULL,0,'Dirac',1,3,66,NULL,1,0,0,0,0,0,0,1),(1096,1,8,1,NULL,NULL,NULL,0,'Dirac',0,3,66,NULL,1,0,0,0,0,0,0,1),(1097,1,8,1,NULL,NULL,NULL,0,'Dirac',1,3,66,NULL,1,0,0,0,0,0,0,1),(1098,1,8,1,NULL,NULL,NULL,0,'Thor',1,2,60,NULL,1,0,0,0,0,0,0,1),(1099,1,8,1,NULL,NULL,NULL,0,'Dirac',0,2,60,NULL,1,0,0,0,0,0,0,1),(1100,1,8,1,NULL,NULL,NULL,0,'Dirac',1,2,60,NULL,1,0,0,0,0,0,0,1),(1101,1,8,1,NULL,NULL,NULL,0,'Dirac',0,2,60,NULL,1,0,0,0,0,0,0,1),(1102,1,8,1,NULL,NULL,NULL,0,'Dirac',1,2,60,NULL,1,0,0,0,0,0,0,1),(1103,1,8,1,NULL,NULL,NULL,0,'Dirac',1,2,60,NULL,1,0,0,0,0,0,0,1),(1104,1,8,1,NULL,NULL,NULL,0,'Dirac',0,2,60,NULL,1,0,0,0,0,0,0,1),(1105,1,8,1,NULL,NULL,NULL,0,'Dirac',1,2,60,NULL,1,0,0,0,0,0,0,1),(1106,1,8,1,NULL,NULL,NULL,0,'Demosis',0,1,0,NULL,1,0,0,0,0,0,0,1),(1107,1,8,1,NULL,NULL,NULL,0,'Demosis',0,1,0,NULL,1,0,0,0,0,0,0,1),(1108,1,8,1,NULL,NULL,NULL,0,'Thor',0,1,0,NULL,1,0,0,0,0,0,0,1),(1109,1,8,1,NULL,NULL,NULL,0,'Dirac',1,1,0,NULL,1,0,0,0,0,0,0,1),(1110,1,8,1,NULL,NULL,NULL,0,'Dirac',1,1,0,NULL,1,0,0,0,0,0,0,1),(1111,1,8,1,NULL,NULL,NULL,0,'Dirac',0,1,0,NULL,1,0,0,0,0,0,0,1),(1112,1,8,1,NULL,NULL,NULL,0,'Dirac',1,1,0,NULL,1,0,0,0,0,0,0,1),(1113,1,8,1,NULL,NULL,NULL,0,'Dirac',0,1,0,NULL,1,0,0,0,0,0,0,1),(1114,1,8,1,NULL,NULL,NULL,0,'Dirac',1,1,0,NULL,1,0,0,0,0,0,0,1),(1115,1,8,1,NULL,NULL,NULL,0,'Dirac',1,1,0,NULL,1,0,0,0,0,0,0,1),(1116,1,8,1,NULL,NULL,NULL,0,'Dirac',1,1,0,NULL,1,0,0,0,0,0,0,1),(1117,1,8,1,NULL,NULL,NULL,0,'Demosis',0,3,180,NULL,1,0,0,0,0,0,0,1),(1118,1,8,1,NULL,NULL,NULL,0,'Thor',1,3,180,NULL,1,0,0,0,0,0,0,1),(1119,1,8,1,NULL,NULL,NULL,0,'Thor',1,3,180,NULL,1,0,0,0,0,0,0,1),(1120,1,8,1,NULL,NULL,NULL,0,'Thor',0,3,180,NULL,1,0,0,0,0,0,0,1),(1121,1,8,1,NULL,NULL,NULL,0,'Thor',0,3,180,NULL,1,0,0,0,0,0,0,1),(1122,1,8,1,NULL,NULL,NULL,0,'Thor',0,3,180,NULL,1,0,0,0,0,0,0,1),(1123,1,8,1,NULL,NULL,NULL,0,'Dirac',0,3,180,NULL,1,0,0,0,0,0,0,1),(1124,1,8,1,NULL,NULL,NULL,0,'Dirac',0,3,180,NULL,1,0,0,0,0,0,0,1),(1125,1,8,1,NULL,NULL,NULL,0,'Dirac',0,3,180,NULL,1,0,0,0,0,0,0,1),(1126,1,8,1,NULL,NULL,NULL,0,'Dirac',1,3,180,NULL,1,0,0,0,0,0,0,1),(1127,1,8,1,NULL,NULL,NULL,0,'Dirac',0,3,180,NULL,1,0,0,0,0,0,0,1),(1128,1,8,1,NULL,NULL,NULL,0,'Dirac',0,3,180,NULL,1,0,0,0,0,0,0,1),(1129,1,36,2,NULL,NULL,NULL,0,'Gnawer',0,NULL,NULL,NULL,1,0,0,0,0,0,0,1),(1130,1,36,2,NULL,NULL,NULL,0,'Spudder',0,NULL,NULL,NULL,1,0,0,0,0,0,0,1),(1131,1,36,2,NULL,NULL,NULL,0,'Spudder',0,NULL,NULL,NULL,1,0,0,0,0,0,0,1),(1132,1,36,2,NULL,NULL,NULL,0,'Glancer',1,NULL,NULL,NULL,1,0,0,0,0,0,0,1),(1133,1,36,2,NULL,NULL,NULL,0,'Glancer',1,NULL,NULL,NULL,1,0,0,0,0,0,0,1),(1134,1,36,2,NULL,NULL,NULL,0,'Gnat',1,NULL,NULL,NULL,1,0,0,0,0,0,0,1),(1135,1,36,2,NULL,NULL,NULL,0,'Gnat',1,NULL,NULL,NULL,1,0,0,0,0,0,0,1),(1136,1,36,2,NULL,NULL,NULL,0,'Gnat',1,NULL,NULL,NULL,1,0,0,0,0,0,0,1),(1137,1,36,2,NULL,NULL,NULL,0,'Gnat',0,NULL,NULL,NULL,1,0,0,0,0,0,0,1),(1138,1,36,2,NULL,NULL,NULL,0,'Gnat',1,NULL,NULL,NULL,1,0,0,0,0,0,0,1),(1139,1,36,2,NULL,NULL,NULL,0,'Gnat',0,NULL,NULL,NULL,1,0,0,0,0,0,0,1),(1140,1,36,2,NULL,NULL,NULL,0,'Gnat',1,NULL,NULL,NULL,1,0,0,0,0,0,0,1),(1141,1,8,1,NULL,NULL,NULL,0,'Demosis',0,1,135,NULL,1,0,0,0,0,0,0,1),(1142,1,8,1,NULL,NULL,NULL,0,'Demosis',0,1,135,NULL,1,0,0,0,0,0,0,1),(1143,1,8,1,NULL,NULL,NULL,0,'Thor',1,1,135,NULL,1,0,0,0,0,0,0,1),(1144,1,8,1,NULL,NULL,NULL,0,'Thor',1,1,135,NULL,1,0,0,0,0,0,0,1),(1145,1,8,1,NULL,NULL,NULL,0,'Thor',1,1,135,NULL,1,0,0,0,0,0,0,1),(1146,1,8,1,NULL,NULL,NULL,0,'Thor',1,1,135,NULL,1,0,0,0,0,0,0,1),(1147,1,8,1,NULL,NULL,NULL,0,'Thor',1,1,135,NULL,1,0,0,0,0,0,0,1),(1148,1,8,1,NULL,NULL,NULL,0,'Dirac',1,1,135,NULL,1,0,0,0,0,0,0,1),(1149,1,8,1,NULL,NULL,NULL,0,'Dirac',0,1,135,NULL,1,0,0,0,0,0,0,1),(1150,1,8,1,NULL,NULL,NULL,0,'Dirac',0,1,135,NULL,1,0,0,0,0,0,0,1),(1151,1,71,4,NULL,NULL,NULL,0,'Glancer',1,NULL,NULL,NULL,1,0,0,0,0,0,0,1),(1152,1,71,4,NULL,NULL,NULL,0,'Gnat',0,NULL,NULL,NULL,1,0,0,0,0,0,0,1),(1153,1,71,4,NULL,NULL,NULL,0,'Gnat',0,NULL,NULL,NULL,1,0,0,0,0,0,0,1),(1154,1,71,4,NULL,NULL,NULL,0,'Gnat',1,NULL,NULL,NULL,1,0,0,0,0,0,0,1),(1155,1,71,4,NULL,NULL,NULL,0,'Gnat',1,NULL,NULL,NULL,1,0,0,0,0,0,0,1),(1156,1,72,4,NULL,NULL,NULL,0,'Glancer',1,NULL,NULL,NULL,1,0,0,0,0,0,0,1),(1157,1,72,4,NULL,NULL,NULL,0,'Glancer',1,NULL,NULL,NULL,1,0,0,0,0,0,0,1),(1158,1,72,4,NULL,NULL,NULL,0,'Gnat',0,NULL,NULL,NULL,1,0,0,0,0,0,0,1),(1159,1,72,4,NULL,NULL,NULL,0,'Gnat',0,NULL,NULL,NULL,1,0,0,0,0,0,0,1),(1160,1,72,4,NULL,NULL,NULL,0,'Gnat',1,NULL,NULL,NULL,1,0,0,0,0,0,0,1),(1161,1,72,4,NULL,NULL,NULL,0,'Gnat',0,NULL,NULL,NULL,1,0,0,0,0,0,0,1),(1162,1,72,4,NULL,NULL,NULL,0,'Gnat',1,NULL,NULL,NULL,1,0,0,0,0,0,0,1),(1163,1,72,4,NULL,NULL,NULL,0,'Gnat',1,NULL,NULL,NULL,1,0,0,0,0,0,0,1),(1164,1,73,4,NULL,NULL,NULL,0,'Glancer',1,NULL,NULL,NULL,1,0,0,0,0,0,0,1),(1165,1,73,4,NULL,NULL,NULL,0,'Glancer',1,NULL,NULL,NULL,1,0,0,0,0,0,0,1),(1166,1,73,4,NULL,NULL,NULL,0,'Glancer',1,NULL,NULL,NULL,1,0,0,0,0,0,0,1),(1167,1,73,4,NULL,NULL,NULL,0,'Gnat',0,NULL,NULL,NULL,1,0,0,0,0,0,0,1),(1168,1,73,4,NULL,NULL,NULL,0,'Gnat',0,NULL,NULL,NULL,1,0,0,0,0,0,0,1),(1169,1,73,4,NULL,NULL,NULL,0,'Gnat',1,NULL,NULL,NULL,1,0,0,0,0,0,0,1),(1170,1,73,4,NULL,NULL,NULL,0,'Gnat',0,NULL,NULL,NULL,1,0,0,0,0,0,0,1),(1171,1,74,4,NULL,NULL,NULL,0,'Glancer',1,NULL,NULL,NULL,1,0,0,0,0,0,0,1),(1172,1,74,4,NULL,NULL,NULL,0,'Glancer',1,NULL,NULL,NULL,1,0,0,0,0,0,0,1),(1173,1,74,4,NULL,NULL,NULL,0,'Gnat',0,NULL,NULL,NULL,1,0,0,0,0,0,0,1),(1174,1,74,4,NULL,NULL,NULL,0,'Gnat',0,NULL,NULL,NULL,1,0,0,0,0,0,0,1),(1175,1,74,4,NULL,NULL,NULL,0,'Gnat',1,NULL,NULL,NULL,1,0,0,0,0,0,0,1),(1176,1,74,4,NULL,NULL,NULL,0,'Gnat',0,NULL,NULL,NULL,1,0,0,0,0,0,0,1),(1177,1,74,4,NULL,NULL,NULL,0,'Gnat',1,NULL,NULL,NULL,1,0,0,0,0,0,0,1),(1178,1,75,4,NULL,NULL,NULL,0,'Glancer',1,NULL,NULL,NULL,1,0,0,0,0,0,0,1),(1179,1,75,4,NULL,NULL,NULL,0,'Gnat',0,NULL,NULL,NULL,1,0,0,0,0,0,0,1),(1180,1,75,4,NULL,NULL,NULL,0,'Gnat',0,NULL,NULL,NULL,1,0,0,0,0,0,0,1),(1181,1,75,4,NULL,NULL,NULL,0,'Gnat',1,NULL,NULL,NULL,1,0,0,0,0,0,0,1),(1182,1,75,4,NULL,NULL,NULL,0,'Gnat',0,NULL,NULL,NULL,1,0,0,0,0,0,0,1),(1183,1,75,4,NULL,NULL,NULL,0,'Gnat',0,NULL,NULL,NULL,1,0,0,0,0,0,0,1),(1184,1,76,4,NULL,NULL,NULL,0,'Gnawer',0,NULL,NULL,NULL,1,0,0,0,0,0,0,1),(1185,1,76,4,NULL,NULL,NULL,0,'Spudder',1,NULL,NULL,NULL,1,0,0,0,0,0,0,1),(1186,1,76,4,NULL,NULL,NULL,0,'Spudder',0,NULL,NULL,NULL,1,0,0,0,0,0,0,1),(1187,1,76,4,NULL,NULL,NULL,0,'Glancer',1,NULL,NULL,NULL,1,0,0,0,0,0,0,1),(1188,1,76,4,NULL,NULL,NULL,0,'Gnat',0,NULL,NULL,NULL,1,0,0,0,0,0,0,1),(1189,1,76,4,NULL,NULL,NULL,0,'Gnat',0,NULL,NULL,NULL,1,0,0,0,0,0,0,1),(1190,1,76,4,NULL,NULL,NULL,0,'Glancer',1,NULL,NULL,NULL,1,0,0,0,0,0,0,1),(1191,1,76,4,NULL,NULL,NULL,0,'Glancer',1,NULL,NULL,NULL,1,0,0,0,0,0,0,1),(1192,1,76,4,NULL,NULL,NULL,0,'Glancer',1,NULL,NULL,NULL,1,0,0,0,0,0,0,1),(1193,1,76,4,NULL,NULL,NULL,0,'Glancer',1,NULL,NULL,NULL,1,0,0,0,0,0,0,1),(1194,1,76,4,NULL,NULL,NULL,0,'Gnat',0,NULL,NULL,NULL,1,0,0,0,0,0,0,1),(1195,1,76,4,NULL,NULL,NULL,0,'Gnat',0,NULL,NULL,NULL,1,0,0,0,0,0,0,1),(1196,1,76,4,NULL,NULL,NULL,0,'Gnat',1,NULL,NULL,NULL,1,0,0,0,0,0,0,1),(1197,1,76,4,NULL,NULL,NULL,0,'Gnat',0,NULL,NULL,NULL,1,0,0,0,0,0,0,1),(1198,1,76,4,NULL,NULL,NULL,0,'Gnat',1,NULL,NULL,NULL,1,0,0,0,0,0,0,1),(1199,1,76,4,NULL,NULL,NULL,0,'Gnat',1,NULL,NULL,NULL,1,0,0,0,0,0,0,1),(1200,1,77,4,NULL,NULL,NULL,0,'Gnawer',0,NULL,NULL,NULL,1,0,0,0,0,0,0,1),(1201,1,77,4,NULL,NULL,NULL,0,'Gnawer',0,NULL,NULL,NULL,1,0,0,0,0,0,0,1),(1202,1,77,4,NULL,NULL,NULL,0,'Spudder',0,NULL,NULL,NULL,1,0,0,0,0,0,0,1),(1203,1,77,4,NULL,NULL,NULL,0,'Spudder',0,NULL,NULL,NULL,1,0,0,0,0,0,0,1),(1204,1,77,4,NULL,NULL,NULL,0,'Spudder',1,NULL,NULL,NULL,1,0,0,0,0,0,0,1),(1205,1,77,4,NULL,NULL,NULL,0,'Spudder',0,NULL,NULL,NULL,1,0,0,0,0,0,0,1),(1206,1,77,4,NULL,NULL,NULL,0,'Glancer',1,NULL,NULL,NULL,1,0,0,0,0,0,0,1),(1207,1,77,4,NULL,NULL,NULL,0,'Gnat',0,NULL,NULL,NULL,1,0,0,0,0,0,0,1),(1208,1,77,4,NULL,NULL,NULL,0,'Glancer',1,NULL,NULL,NULL,1,0,0,0,0,0,0,1),(1209,1,77,4,NULL,NULL,NULL,0,'Glancer',1,NULL,NULL,NULL,1,0,0,0,0,0,0,1),(1210,1,77,4,NULL,NULL,NULL,0,'Glancer',1,NULL,NULL,NULL,1,0,0,0,0,0,0,1),(1211,1,77,4,NULL,NULL,NULL,0,'Gnat',0,NULL,NULL,NULL,1,0,0,0,0,0,0,1),(1212,1,77,4,NULL,NULL,NULL,0,'Gnat',0,NULL,NULL,NULL,1,0,0,0,0,0,0,1),(1213,1,77,4,NULL,NULL,NULL,0,'Gnat',1,NULL,NULL,NULL,1,0,0,0,0,0,0,1),(1214,1,77,4,NULL,NULL,NULL,0,'Gnat',0,NULL,NULL,NULL,1,0,0,0,0,0,0,1),(1215,1,78,4,NULL,NULL,NULL,0,'Spudder',1,NULL,NULL,NULL,1,0,0,0,0,0,0,1),(1216,1,78,4,NULL,NULL,NULL,0,'Spudder',0,NULL,NULL,NULL,1,0,0,0,0,0,0,1),(1217,1,78,4,NULL,NULL,NULL,0,'Glancer',1,NULL,NULL,NULL,1,0,0,0,0,0,0,1),(1218,1,78,4,NULL,NULL,NULL,0,'Gnat',0,NULL,NULL,NULL,1,0,0,0,0,0,0,1),(1219,1,78,4,NULL,NULL,NULL,0,'Glancer',1,NULL,NULL,NULL,1,0,0,0,0,0,0,1),(1220,1,78,4,NULL,NULL,NULL,0,'Glancer',1,NULL,NULL,NULL,1,0,0,0,0,0,0,1),(1221,1,78,4,NULL,NULL,NULL,0,'Glancer',1,NULL,NULL,NULL,1,0,0,0,0,0,0,1),(1222,1,78,4,NULL,NULL,NULL,0,'Gnat',0,NULL,NULL,NULL,1,0,0,0,0,0,0,1),(1223,1,78,4,NULL,NULL,NULL,0,'Gnat',0,NULL,NULL,NULL,1,0,0,0,0,0,0,1),(1224,1,78,4,NULL,NULL,NULL,0,'Gnat',1,NULL,NULL,NULL,1,0,0,0,0,0,0,1),(1225,1,78,4,NULL,NULL,NULL,0,'Gnat',1,NULL,NULL,NULL,1,0,0,0,0,0,0,1),(1226,1,79,4,NULL,NULL,NULL,0,'Spudder',0,NULL,NULL,NULL,1,0,0,0,0,0,0,1),(1227,1,79,4,NULL,NULL,NULL,0,'Glancer',1,NULL,NULL,NULL,1,0,0,0,0,0,0,1),(1228,1,79,4,NULL,NULL,NULL,0,'Gnat',1,NULL,NULL,NULL,1,0,0,0,0,0,0,1),(1229,1,79,4,NULL,NULL,NULL,0,'Glancer',1,NULL,NULL,NULL,1,0,0,0,0,0,0,1),(1230,1,79,4,NULL,NULL,NULL,0,'Glancer',1,NULL,NULL,NULL,1,0,0,0,0,0,0,1),(1231,1,79,4,NULL,NULL,NULL,0,'Glancer',1,NULL,NULL,NULL,1,0,0,0,0,0,0,1),(1232,1,79,4,NULL,NULL,NULL,0,'Glancer',1,NULL,NULL,NULL,1,0,0,0,0,0,0,1),(1233,1,79,4,NULL,NULL,NULL,0,'Glancer',1,NULL,NULL,NULL,1,0,0,0,0,0,0,1),(1234,1,79,4,NULL,NULL,NULL,0,'Gnat',0,NULL,NULL,NULL,1,0,0,0,0,0,0,1),(1235,1,79,4,NULL,NULL,NULL,0,'Gnat',0,NULL,NULL,NULL,1,0,0,0,0,0,0,1),(1236,1,79,4,NULL,NULL,NULL,0,'Gnat',1,NULL,NULL,NULL,1,0,0,0,0,0,0,1),(1237,1,79,4,NULL,NULL,NULL,0,'Gnat',0,NULL,NULL,NULL,1,0,0,0,0,0,0,1),(1238,1,79,4,NULL,NULL,NULL,0,'Gnat',1,NULL,NULL,NULL,1,0,0,0,0,0,0,1),(1239,1,80,4,NULL,NULL,NULL,0,'Gnawer',0,NULL,NULL,NULL,1,0,0,0,0,0,0,1),(1240,1,80,4,NULL,NULL,NULL,0,'Gnawer',0,NULL,NULL,NULL,1,0,0,0,0,0,0,1),(1241,1,80,4,NULL,NULL,NULL,0,'Gnawer',0,NULL,NULL,NULL,1,0,0,0,0,0,0,1),(1242,1,80,4,NULL,NULL,NULL,0,'Gnawer',0,NULL,NULL,NULL,1,0,0,0,0,0,0,1),(1243,1,80,4,NULL,NULL,NULL,0,'Spudder',0,NULL,NULL,NULL,1,0,0,0,0,0,0,1),(1244,1,80,4,NULL,NULL,NULL,0,'Glancer',1,NULL,NULL,NULL,1,0,0,0,0,0,0,1),(1245,1,80,4,NULL,NULL,NULL,0,'Gnat',0,NULL,NULL,NULL,1,0,0,0,0,0,0,1),(1246,1,80,4,NULL,NULL,NULL,0,'Gnat',0,NULL,NULL,NULL,1,0,0,0,0,0,0,1),(1247,1,80,4,NULL,NULL,NULL,0,'Gnat',0,NULL,NULL,NULL,1,0,0,0,0,0,0,1),(1248,1,80,4,NULL,NULL,NULL,0,'Glancer',1,NULL,NULL,NULL,1,0,0,0,0,0,0,1),(1249,1,80,4,NULL,NULL,NULL,0,'Glancer',1,NULL,NULL,NULL,1,0,0,0,0,0,0,1),(1250,1,80,4,NULL,NULL,NULL,0,'Glancer',1,NULL,NULL,NULL,1,0,0,0,0,0,0,1),(1251,1,80,4,NULL,NULL,NULL,0,'Glancer',1,NULL,NULL,NULL,1,0,0,0,0,0,0,1),(1252,1,80,4,NULL,NULL,NULL,0,'Glancer',1,NULL,NULL,NULL,1,0,0,0,0,0,0,1),(1253,1,80,4,NULL,NULL,NULL,0,'Gnat',0,NULL,NULL,NULL,1,0,0,0,0,0,0,1),(1254,1,80,4,NULL,NULL,NULL,0,'Gnat',0,NULL,NULL,NULL,1,0,0,0,0,0,0,1),(1255,1,80,4,NULL,NULL,NULL,0,'Gnat',1,NULL,NULL,NULL,1,0,0,0,0,0,0,1),(1256,1,80,4,NULL,NULL,NULL,0,'Gnat',0,NULL,NULL,NULL,1,0,0,0,0,0,0,1),(1257,1,80,4,NULL,NULL,NULL,0,'Gnat',0,NULL,NULL,NULL,1,0,0,0,0,0,0,1),(1258,1,80,4,NULL,NULL,NULL,0,'Gnat',1,NULL,NULL,NULL,1,0,0,0,0,0,0,1),(1259,1,81,4,NULL,NULL,NULL,0,'Gnawer',0,NULL,NULL,NULL,1,0,0,0,0,0,0,1),(1260,1,81,4,NULL,NULL,NULL,0,'Gnawer',0,NULL,NULL,NULL,1,0,0,0,0,0,0,1),(1261,1,81,4,NULL,NULL,NULL,0,'Spudder',0,NULL,NULL,NULL,1,0,0,0,0,0,0,1),(1262,1,81,4,NULL,NULL,NULL,0,'Spudder',1,NULL,NULL,NULL,1,0,0,0,0,0,0,1),(1263,1,81,4,NULL,NULL,NULL,0,'Spudder',0,NULL,NULL,NULL,1,0,0,0,0,0,0,1),(1264,1,81,4,NULL,NULL,NULL,0,'Spudder',1,NULL,NULL,NULL,1,0,0,0,0,0,0,1),(1265,1,81,4,NULL,NULL,NULL,0,'Spudder',0,NULL,NULL,NULL,1,0,0,0,0,0,0,1),(1266,1,81,4,NULL,NULL,NULL,0,'Glancer',1,NULL,NULL,NULL,1,0,0,0,0,0,0,1),(1267,1,81,4,NULL,NULL,NULL,0,'Gnat',0,NULL,NULL,NULL,1,0,0,0,0,0,0,1),(1268,1,81,4,NULL,NULL,NULL,0,'Glancer',1,NULL,NULL,NULL,1,0,0,0,0,0,0,1),(1269,1,81,4,NULL,NULL,NULL,0,'Glancer',1,NULL,NULL,NULL,1,0,0,0,0,0,0,1),(1270,1,81,4,NULL,NULL,NULL,0,'Glancer',1,NULL,NULL,NULL,1,0,0,0,0,0,0,1),(1271,1,81,4,NULL,NULL,NULL,0,'Glancer',1,NULL,NULL,NULL,1,0,0,0,0,0,0,1),(1272,1,81,4,NULL,NULL,NULL,0,'Gnat',0,NULL,NULL,NULL,1,0,0,0,0,0,0,1),(1273,1,81,4,NULL,NULL,NULL,0,'Gnat',0,NULL,NULL,NULL,1,0,0,0,0,0,0,1),(1274,1,81,4,NULL,NULL,NULL,0,'Gnat',1,NULL,NULL,NULL,1,0,0,0,0,0,0,1),(1275,1,81,4,NULL,NULL,NULL,0,'Gnat',0,NULL,NULL,NULL,1,0,0,0,0,0,0,1),(1276,1,81,4,NULL,NULL,NULL,0,'Gnat',1,NULL,NULL,NULL,1,0,0,0,0,0,0,1),(1277,1,82,4,NULL,NULL,NULL,0,'Gnawer',0,NULL,NULL,NULL,1,0,0,0,0,0,0,1),(1278,1,82,4,NULL,NULL,NULL,0,'Gnawer',0,NULL,NULL,NULL,1,0,0,0,0,0,0,1),(1279,1,82,4,NULL,NULL,NULL,0,'Gnawer',0,NULL,NULL,NULL,1,0,0,0,0,0,0,1),(1280,1,82,4,NULL,NULL,NULL,0,'Gnawer',0,NULL,NULL,NULL,1,0,0,0,0,0,0,1),(1281,1,82,4,NULL,NULL,NULL,0,'Spudder',0,NULL,NULL,NULL,1,0,0,0,0,0,0,1),(1282,1,82,4,NULL,NULL,NULL,0,'Glancer',1,NULL,NULL,NULL,1,0,0,0,0,0,0,1),(1283,1,82,4,NULL,NULL,NULL,0,'Gnat',0,NULL,NULL,NULL,1,0,0,0,0,0,0,1),(1284,1,82,4,NULL,NULL,NULL,0,'Glancer',1,NULL,NULL,NULL,1,0,0,0,0,0,0,1),(1285,1,82,4,NULL,NULL,NULL,0,'Glancer',1,NULL,NULL,NULL,1,0,0,0,0,0,0,1),(1286,1,82,4,NULL,NULL,NULL,0,'Glancer',1,NULL,NULL,NULL,1,0,0,0,0,0,0,1),(1287,1,82,4,NULL,NULL,NULL,0,'Gnat',0,NULL,NULL,NULL,1,0,0,0,0,0,0,1),(1288,1,82,4,NULL,NULL,NULL,0,'Gnat',0,NULL,NULL,NULL,1,0,0,0,0,0,0,1),(1289,1,82,4,NULL,NULL,NULL,0,'Gnat',1,NULL,NULL,NULL,1,0,0,0,0,0,0,1),(1290,1,82,4,NULL,NULL,NULL,0,'Gnat',0,NULL,NULL,NULL,1,0,0,0,0,0,0,1),(1291,1,82,4,NULL,NULL,NULL,0,'Gnat',1,NULL,NULL,NULL,1,0,0,0,0,0,0,1),(1292,1,83,4,NULL,NULL,NULL,0,'Gnawer',0,NULL,NULL,NULL,1,0,0,0,0,0,0,1),(1293,1,83,4,NULL,NULL,NULL,0,'Gnawer',0,NULL,NULL,NULL,1,0,0,0,0,0,0,1),(1294,1,83,4,NULL,NULL,NULL,0,'Spudder',0,NULL,NULL,NULL,1,0,0,0,0,0,0,1),(1295,1,83,4,NULL,NULL,NULL,0,'Spudder',1,NULL,NULL,NULL,1,0,0,0,0,0,0,1),(1296,1,83,4,NULL,NULL,NULL,0,'Gnawer',0,NULL,NULL,NULL,1,0,0,0,0,0,0,1),(1297,1,83,4,NULL,NULL,NULL,0,'Spudder',1,NULL,NULL,NULL,1,0,0,0,0,0,0,1),(1298,1,83,4,NULL,NULL,NULL,0,'Spudder',0,NULL,NULL,NULL,1,0,0,0,0,0,0,1),(1299,1,83,4,NULL,NULL,NULL,0,'Glancer',1,NULL,NULL,NULL,1,0,0,0,0,0,0,1),(1300,1,83,4,NULL,NULL,NULL,0,'Gnat',0,NULL,NULL,NULL,1,0,0,0,0,0,0,1),(1301,1,83,4,NULL,NULL,NULL,0,'Glancer',1,NULL,NULL,NULL,1,0,0,0,0,0,0,1),(1302,1,83,4,NULL,NULL,NULL,0,'Glancer',1,NULL,NULL,NULL,1,0,0,0,0,0,0,1),(1303,1,83,4,NULL,NULL,NULL,0,'Glancer',1,NULL,NULL,NULL,1,0,0,0,0,0,0,1),(1304,1,83,4,NULL,NULL,NULL,0,'Gnat',0,NULL,NULL,NULL,1,0,0,0,0,0,0,1),(1305,1,83,4,NULL,NULL,NULL,0,'Gnat',0,NULL,NULL,NULL,1,0,0,0,0,0,0,1),(1306,1,83,4,NULL,NULL,NULL,0,'Gnat',1,NULL,NULL,NULL,1,0,0,0,0,0,0,1),(1307,1,83,4,NULL,NULL,NULL,0,'Gnat',1,NULL,NULL,NULL,1,0,0,0,0,0,0,1),(1308,1,83,4,NULL,NULL,NULL,0,'Gnat',1,NULL,NULL,NULL,1,0,0,0,0,0,0,1),(1309,1,84,4,NULL,NULL,NULL,0,'Gnawer',0,NULL,NULL,NULL,1,0,0,0,0,0,0,1),(1310,1,84,4,NULL,NULL,NULL,0,'Gnawer',0,NULL,NULL,NULL,1,0,0,0,0,0,0,1),(1311,1,84,4,NULL,NULL,NULL,0,'Gnawer',0,NULL,NULL,NULL,1,0,0,0,0,0,0,1),(1312,1,84,4,NULL,NULL,NULL,0,'Spudder',0,NULL,NULL,NULL,1,0,0,0,0,0,0,1),(1313,1,84,4,NULL,NULL,NULL,0,'Spudder',0,NULL,NULL,NULL,1,0,0,0,0,0,0,1),(1314,1,84,4,NULL,NULL,NULL,0,'Gnat',0,NULL,NULL,NULL,1,0,0,0,0,0,0,1),(1315,1,84,4,NULL,NULL,NULL,0,'Glancer',1,NULL,NULL,NULL,1,0,0,0,0,0,0,1),(1316,1,84,4,NULL,NULL,NULL,0,'Glancer',1,NULL,NULL,NULL,1,0,0,0,0,0,0,1),(1317,1,84,4,NULL,NULL,NULL,0,'Glancer',1,NULL,NULL,NULL,1,0,0,0,0,0,0,1),(1318,1,84,4,NULL,NULL,NULL,0,'Glancer',1,NULL,NULL,NULL,1,0,0,0,0,0,0,1),(1319,1,84,4,NULL,NULL,NULL,0,'Gnat',0,NULL,NULL,NULL,1,0,0,0,0,0,0,1),(1320,1,84,4,NULL,NULL,NULL,0,'Gnat',0,NULL,NULL,NULL,1,0,0,0,0,0,0,1),(1321,1,84,4,NULL,NULL,NULL,0,'Gnat',1,NULL,NULL,NULL,1,0,0,0,0,0,0,1),(1322,1,84,4,NULL,NULL,NULL,0,'Gnat',0,NULL,NULL,NULL,1,0,0,0,0,0,0,1),(1323,1,84,4,NULL,NULL,NULL,0,'Gnat',0,NULL,NULL,NULL,1,0,0,0,0,0,0,1),(1324,1,84,4,NULL,NULL,NULL,0,'Gnat',1,NULL,NULL,NULL,1,0,0,0,0,0,0,1),(1325,1,85,4,NULL,NULL,NULL,0,'Gnat',0,NULL,NULL,NULL,1,0,0,0,0,0,0,1),(1326,1,85,4,NULL,NULL,NULL,0,'Gnat',0,NULL,NULL,NULL,1,0,0,0,0,0,0,1),(1327,1,85,4,NULL,NULL,NULL,0,'Gnat',0,NULL,NULL,NULL,1,0,0,0,0,0,0,1),(1328,1,85,4,NULL,NULL,NULL,0,'Glancer',1,NULL,NULL,NULL,1,0,0,0,0,0,0,1),(1329,1,85,4,NULL,NULL,NULL,0,'Glancer',1,NULL,NULL,NULL,1,0,0,0,0,0,0,1),(1330,1,85,4,NULL,NULL,NULL,0,'Glancer',1,NULL,NULL,NULL,1,0,0,0,0,0,0,1),(1331,1,85,4,NULL,NULL,NULL,0,'Glancer',1,NULL,NULL,NULL,1,0,0,0,0,0,0,1),(1332,1,85,4,NULL,NULL,NULL,0,'Gnat',0,NULL,NULL,NULL,1,0,0,0,0,0,0,1),(1333,1,85,4,NULL,NULL,NULL,0,'Gnat',0,NULL,NULL,NULL,1,0,0,0,0,0,0,1),(1334,1,85,4,NULL,NULL,NULL,0,'Gnat',1,NULL,NULL,NULL,1,0,0,0,0,0,0,1),(1335,1,85,4,NULL,NULL,NULL,0,'Gnat',1,NULL,NULL,NULL,1,0,0,0,0,0,0,1),(1336,1,86,4,NULL,NULL,NULL,0,'Gnat',0,NULL,NULL,NULL,1,0,0,0,0,0,0,1),(1337,1,86,4,NULL,NULL,NULL,0,'Gnat',0,NULL,NULL,NULL,1,0,0,0,0,0,0,1),(1338,1,86,4,NULL,NULL,NULL,0,'Gnat',0,NULL,NULL,NULL,1,0,0,0,0,0,0,1),(1339,1,86,4,NULL,NULL,NULL,0,'Glancer',1,NULL,NULL,NULL,1,0,0,0,0,0,0,1),(1340,1,86,4,NULL,NULL,NULL,0,'Glancer',1,NULL,NULL,NULL,1,0,0,0,0,0,0,1),(1341,1,86,4,NULL,NULL,NULL,0,'Glancer',1,NULL,NULL,NULL,1,0,0,0,0,0,0,1),(1342,1,86,4,NULL,NULL,NULL,0,'Gnat',0,NULL,NULL,NULL,1,0,0,0,0,0,0,1),(1343,1,86,4,NULL,NULL,NULL,0,'Gnat',0,NULL,NULL,NULL,1,0,0,0,0,0,0,1),(1344,1,86,4,NULL,NULL,NULL,0,'Gnat',1,NULL,NULL,NULL,1,0,0,0,0,0,0,1),(1345,1,87,4,NULL,NULL,NULL,0,'Gnat',0,NULL,NULL,NULL,1,0,0,0,0,0,0,1),(1346,1,87,4,NULL,NULL,NULL,0,'Gnat',0,NULL,NULL,NULL,1,0,0,0,0,0,0,1),(1347,1,87,4,NULL,NULL,NULL,0,'Gnat',1,NULL,NULL,NULL,1,0,0,0,0,0,0,1),(1348,1,87,4,NULL,NULL,NULL,0,'Gnat',0,NULL,NULL,NULL,1,0,0,0,0,0,0,1),(1349,1,87,4,NULL,NULL,NULL,0,'Gnat',0,NULL,NULL,NULL,1,0,0,0,0,0,0,1),(1350,1,87,4,NULL,NULL,NULL,0,'Gnat',0,NULL,NULL,NULL,1,0,0,0,0,0,0,1),(1351,1,88,4,NULL,NULL,NULL,0,'Gnat',0,NULL,NULL,NULL,1,0,0,0,0,0,0,1),(1352,1,88,4,NULL,NULL,NULL,0,'Gnat',0,NULL,NULL,NULL,1,0,0,0,0,0,0,1),(1353,1,88,4,NULL,NULL,NULL,0,'Gnat',1,NULL,NULL,NULL,1,0,0,0,0,0,0,1),(1354,1,88,4,NULL,NULL,NULL,0,'Gnat',0,NULL,NULL,NULL,1,0,0,0,0,0,0,1),(1355,1,88,4,NULL,NULL,NULL,0,'Gnat',1,NULL,NULL,NULL,1,0,0,0,0,0,0,1),(1356,1,89,4,NULL,NULL,NULL,0,'Gnat',0,NULL,NULL,NULL,1,0,0,0,0,0,0,1),(1357,1,89,4,NULL,NULL,NULL,0,'Gnat',0,NULL,NULL,NULL,1,0,0,0,0,0,0,1),(1358,1,89,4,NULL,NULL,NULL,0,'Gnat',1,NULL,NULL,NULL,1,0,0,0,0,0,0,1),(1359,1,89,4,NULL,NULL,NULL,0,'Gnat',1,NULL,NULL,NULL,1,0,0,0,0,0,0,1),(1360,1,37,2,NULL,NULL,NULL,0,'Gnawer',0,NULL,NULL,NULL,1,0,0,0,0,0,0,1),(1361,1,37,2,NULL,NULL,NULL,0,'Spudder',0,NULL,NULL,NULL,1,0,0,0,0,0,0,1),(1362,1,37,2,NULL,NULL,NULL,0,'Spudder',1,NULL,NULL,NULL,1,0,0,0,0,0,0,1),(1363,1,37,2,NULL,NULL,NULL,0,'Glancer',1,NULL,NULL,NULL,1,0,0,0,0,0,0,1),(1364,1,37,2,NULL,NULL,NULL,0,'Glancer',1,NULL,NULL,NULL,1,0,0,0,0,0,0,1),(1365,1,37,2,NULL,NULL,NULL,0,'Glancer',1,NULL,NULL,NULL,1,0,0,0,0,0,0,1),(1366,1,37,2,NULL,NULL,NULL,0,'Gnat',1,NULL,NULL,NULL,1,0,0,0,0,0,0,1),(1367,1,37,2,NULL,NULL,NULL,0,'Gnat',1,NULL,NULL,NULL,1,0,0,0,0,0,0,1),(1368,1,37,2,NULL,NULL,NULL,0,'Gnat',1,NULL,NULL,NULL,1,0,0,0,0,0,0,1),(1369,1,37,2,NULL,NULL,NULL,0,'Gnat',0,NULL,NULL,NULL,1,0,0,0,0,0,0,1),(1370,1,37,2,NULL,NULL,NULL,0,'Gnat',1,NULL,NULL,NULL,1,0,0,0,0,0,0,1),(1371,1,37,2,NULL,NULL,NULL,0,'Gnat',0,NULL,NULL,NULL,1,0,0,0,0,0,0,1),(1372,1,37,2,NULL,NULL,NULL,0,'Gnat',0,NULL,NULL,NULL,1,0,0,0,0,0,0,1),(1373,1,37,2,NULL,NULL,NULL,0,'Gnat',0,NULL,NULL,NULL,1,0,0,0,0,0,0,1),(1374,1,8,1,NULL,NULL,NULL,0,'Demosis',0,2,180,NULL,1,0,0,0,0,0,0,1),(1375,1,8,1,NULL,NULL,NULL,0,'Thor',0,2,180,NULL,1,0,0,0,0,0,0,1),(1376,1,8,1,NULL,NULL,NULL,0,'Thor',0,2,180,NULL,1,0,0,0,0,0,0,1),(1377,1,8,1,NULL,NULL,NULL,0,'Dirac',1,2,180,NULL,1,0,0,0,0,0,0,1),(1378,1,8,1,NULL,NULL,NULL,0,'Dirac',0,2,180,NULL,1,0,0,0,0,0,0,1),(1379,1,8,1,NULL,NULL,NULL,0,'Dirac',0,2,180,NULL,1,0,0,0,0,0,0,1),(1380,1,90,4,NULL,NULL,NULL,0,'Glancer',1,NULL,NULL,NULL,1,0,0,0,0,0,0,1),(1381,1,90,4,NULL,NULL,NULL,0,'Gnat',0,NULL,NULL,NULL,1,0,0,0,0,0,0,1),(1382,1,90,4,NULL,NULL,NULL,0,'Gnat',0,NULL,NULL,NULL,1,0,0,0,0,0,0,1),(1383,1,90,4,NULL,NULL,NULL,0,'Gnat',1,NULL,NULL,NULL,1,0,0,0,0,0,0,1),(1384,1,90,4,NULL,NULL,NULL,0,'Gnat',1,NULL,NULL,NULL,1,0,0,0,0,0,0,1),(1385,1,90,4,NULL,NULL,NULL,0,'Gnat',1,NULL,NULL,NULL,1,0,0,0,0,0,0,1),(1386,1,91,4,NULL,NULL,NULL,0,'Glancer',1,NULL,NULL,NULL,1,0,0,0,0,0,0,1),(1387,1,91,4,NULL,NULL,NULL,0,'Glancer',1,NULL,NULL,NULL,1,0,0,0,0,0,0,1),(1388,1,91,4,NULL,NULL,NULL,0,'Gnat',0,NULL,NULL,NULL,1,0,0,0,0,0,0,1),(1389,1,91,4,NULL,NULL,NULL,0,'Gnat',0,NULL,NULL,NULL,1,0,0,0,0,0,0,1),(1390,1,91,4,NULL,NULL,NULL,0,'Gnat',1,NULL,NULL,NULL,1,0,0,0,0,0,0,1),(1391,1,91,4,NULL,NULL,NULL,0,'Gnat',1,NULL,NULL,NULL,1,0,0,0,0,0,0,1),(1392,1,91,4,NULL,NULL,NULL,0,'Gnat',0,NULL,NULL,NULL,1,0,0,0,0,0,0,1),(1393,1,92,4,NULL,NULL,NULL,0,'Glancer',1,NULL,NULL,NULL,1,0,0,0,0,0,0,1),(1394,1,92,4,NULL,NULL,NULL,0,'Glancer',1,NULL,NULL,NULL,1,0,0,0,0,0,0,1),(1395,1,92,4,NULL,NULL,NULL,0,'Gnat',0,NULL,NULL,NULL,1,0,0,0,0,0,0,1),(1396,1,92,4,NULL,NULL,NULL,0,'Gnat',0,NULL,NULL,NULL,1,0,0,0,0,0,0,1),(1397,1,92,4,NULL,NULL,NULL,0,'Gnat',1,NULL,NULL,NULL,1,0,0,0,0,0,0,1),(1398,1,92,4,NULL,NULL,NULL,0,'Gnat',1,NULL,NULL,NULL,1,0,0,0,0,0,0,1),(1399,1,92,4,NULL,NULL,NULL,0,'Gnat',0,NULL,NULL,NULL,1,0,0,0,0,0,0,1),(1400,1,92,4,NULL,NULL,NULL,0,'Gnat',1,NULL,NULL,NULL,1,0,0,0,0,0,0,1),(1401,1,93,4,NULL,NULL,NULL,0,'Glancer',1,NULL,NULL,NULL,1,0,0,0,0,0,0,1),(1402,1,93,4,NULL,NULL,NULL,0,'Gnat',0,NULL,NULL,NULL,1,0,0,0,0,0,0,1),(1403,1,93,4,NULL,NULL,NULL,0,'Gnat',0,NULL,NULL,NULL,1,0,0,0,0,0,0,1),(1404,1,93,4,NULL,NULL,NULL,0,'Gnat',1,NULL,NULL,NULL,1,0,0,0,0,0,0,1),(1405,1,93,4,NULL,NULL,NULL,0,'Gnat',0,NULL,NULL,NULL,1,0,0,0,0,0,0,1),(1406,1,93,4,NULL,NULL,NULL,0,'Gnat',1,NULL,NULL,NULL,1,0,0,0,0,0,0,1),(1407,1,93,4,NULL,NULL,NULL,0,'Gnat',0,NULL,NULL,NULL,1,0,0,0,0,0,0,1),(1408,1,94,4,NULL,NULL,NULL,0,'Glancer',1,NULL,NULL,NULL,1,0,0,0,0,0,0,1),(1409,1,94,4,NULL,NULL,NULL,0,'Glancer',1,NULL,NULL,NULL,1,0,0,0,0,0,0,1),(1410,1,94,4,NULL,NULL,NULL,0,'Gnat',0,NULL,NULL,NULL,1,0,0,0,0,0,0,1),(1411,1,94,4,NULL,NULL,NULL,0,'Gnat',0,NULL,NULL,NULL,1,0,0,0,0,0,0,1),(1412,1,94,4,NULL,NULL,NULL,0,'Gnat',1,NULL,NULL,NULL,1,0,0,0,0,0,0,1),(1413,1,95,4,NULL,NULL,NULL,0,'Gnawer',0,NULL,NULL,NULL,1,0,0,0,0,0,0,1),(1414,1,95,4,NULL,NULL,NULL,0,'Spudder',0,NULL,NULL,NULL,1,0,0,0,0,0,0,1),(1415,1,95,4,NULL,NULL,NULL,0,'Spudder',1,NULL,NULL,NULL,1,0,0,0,0,0,0,1),(1416,1,95,4,NULL,NULL,NULL,0,'Spudder',0,NULL,NULL,NULL,1,0,0,0,0,0,0,1),(1417,1,95,4,NULL,NULL,NULL,0,'Spudder',0,NULL,NULL,NULL,1,0,0,0,0,0,0,1),(1418,1,95,4,NULL,NULL,NULL,0,'Glancer',1,NULL,NULL,NULL,1,0,0,0,0,0,0,1),(1419,1,95,4,NULL,NULL,NULL,0,'Gnat',0,NULL,NULL,NULL,1,0,0,0,0,0,0,1),(1420,1,95,4,NULL,NULL,NULL,0,'Gnat',0,NULL,NULL,NULL,1,0,0,0,0,0,0,1),(1421,1,95,4,NULL,NULL,NULL,0,'Glancer',1,NULL,NULL,NULL,1,0,0,0,0,0,0,1),(1422,1,95,4,NULL,NULL,NULL,0,'Glancer',1,NULL,NULL,NULL,1,0,0,0,0,0,0,1),(1423,1,95,4,NULL,NULL,NULL,0,'Glancer',1,NULL,NULL,NULL,1,0,0,0,0,0,0,1),(1424,1,95,4,NULL,NULL,NULL,0,'Glancer',1,NULL,NULL,NULL,1,0,0,0,0,0,0,1),(1425,1,95,4,NULL,NULL,NULL,0,'Gnat',0,NULL,NULL,NULL,1,0,0,0,0,0,0,1),(1426,1,95,4,NULL,NULL,NULL,0,'Gnat',0,NULL,NULL,NULL,1,0,0,0,0,0,0,1),(1427,1,95,4,NULL,NULL,NULL,0,'Gnat',1,NULL,NULL,NULL,1,0,0,0,0,0,0,1),(1428,1,96,4,NULL,NULL,NULL,0,'Gnawer',0,NULL,NULL,NULL,1,0,0,0,0,0,0,1),(1429,1,96,4,NULL,NULL,NULL,0,'Spudder',0,NULL,NULL,NULL,1,0,0,0,0,0,0,1),(1430,1,96,4,NULL,NULL,NULL,0,'Spudder',1,NULL,NULL,NULL,1,0,0,0,0,0,0,1),(1431,1,96,4,NULL,NULL,NULL,0,'Spudder',0,NULL,NULL,NULL,1,0,0,0,0,0,0,1),(1432,1,96,4,NULL,NULL,NULL,0,'Glancer',1,NULL,NULL,NULL,1,0,0,0,0,0,0,1),(1433,1,96,4,NULL,NULL,NULL,0,'Gnat',0,NULL,NULL,NULL,1,0,0,0,0,0,0,1),(1434,1,96,4,NULL,NULL,NULL,0,'Gnat',0,NULL,NULL,NULL,1,0,0,0,0,0,0,1),(1435,1,96,4,NULL,NULL,NULL,0,'Glancer',1,NULL,NULL,NULL,1,0,0,0,0,0,0,1),(1436,1,96,4,NULL,NULL,NULL,0,'Glancer',1,NULL,NULL,NULL,1,0,0,0,0,0,0,1),(1437,1,96,4,NULL,NULL,NULL,0,'Glancer',1,NULL,NULL,NULL,1,0,0,0,0,0,0,1),(1438,1,96,4,NULL,NULL,NULL,0,'Glancer',1,NULL,NULL,NULL,1,0,0,0,0,0,0,1),(1439,1,96,4,NULL,NULL,NULL,0,'Gnat',0,NULL,NULL,NULL,1,0,0,0,0,0,0,1),(1440,1,96,4,NULL,NULL,NULL,0,'Gnat',0,NULL,NULL,NULL,1,0,0,0,0,0,0,1),(1441,1,96,4,NULL,NULL,NULL,0,'Gnat',1,NULL,NULL,NULL,1,0,0,0,0,0,0,1),(1442,1,96,4,NULL,NULL,NULL,0,'Gnat',1,NULL,NULL,NULL,1,0,0,0,0,0,0,1),(1443,1,96,4,NULL,NULL,NULL,0,'Gnat',1,NULL,NULL,NULL,1,0,0,0,0,0,0,1),(1444,1,97,4,NULL,NULL,NULL,0,'Spudder',0,NULL,NULL,NULL,1,0,0,0,0,0,0,1),(1445,1,97,4,NULL,NULL,NULL,0,'Glancer',1,NULL,NULL,NULL,1,0,0,0,0,0,0,1),(1446,1,97,4,NULL,NULL,NULL,0,'Gnat',0,NULL,NULL,NULL,1,0,0,0,0,0,0,1),(1447,1,97,4,NULL,NULL,NULL,0,'Gnat',1,NULL,NULL,NULL,1,0,0,0,0,0,0,1),(1448,1,97,4,NULL,NULL,NULL,0,'Gnat',0,NULL,NULL,NULL,1,0,0,0,0,0,0,1),(1449,1,97,4,NULL,NULL,NULL,0,'Glancer',1,NULL,NULL,NULL,1,0,0,0,0,0,0,1),(1450,1,97,4,NULL,NULL,NULL,0,'Glancer',1,NULL,NULL,NULL,1,0,0,0,0,0,0,1),(1451,1,97,4,NULL,NULL,NULL,0,'Glancer',1,NULL,NULL,NULL,1,0,0,0,0,0,0,1),(1452,1,97,4,NULL,NULL,NULL,0,'Glancer',1,NULL,NULL,NULL,1,0,0,0,0,0,0,1),(1453,1,97,4,NULL,NULL,NULL,0,'Gnat',0,NULL,NULL,NULL,1,0,0,0,0,0,0,1),(1454,1,97,4,NULL,NULL,NULL,0,'Gnat',0,NULL,NULL,NULL,1,0,0,0,0,0,0,1),(1455,1,97,4,NULL,NULL,NULL,0,'Gnat',1,NULL,NULL,NULL,1,0,0,0,0,0,0,1),(1456,1,97,4,NULL,NULL,NULL,0,'Gnat',1,NULL,NULL,NULL,1,0,0,0,0,0,0,1),(1457,1,98,4,NULL,NULL,NULL,0,'Spudder',0,NULL,NULL,NULL,1,0,0,0,0,0,0,1),(1458,1,98,4,NULL,NULL,NULL,0,'Spudder',0,NULL,NULL,NULL,1,0,0,0,0,0,0,1),(1459,1,98,4,NULL,NULL,NULL,0,'Glancer',1,NULL,NULL,NULL,1,0,0,0,0,0,0,1),(1460,1,98,4,NULL,NULL,NULL,0,'Gnat',1,NULL,NULL,NULL,1,0,0,0,0,0,0,1),(1461,1,98,4,NULL,NULL,NULL,0,'Glancer',1,NULL,NULL,NULL,1,0,0,0,0,0,0,1),(1462,1,98,4,NULL,NULL,NULL,0,'Glancer',1,NULL,NULL,NULL,1,0,0,0,0,0,0,1),(1463,1,98,4,NULL,NULL,NULL,0,'Glancer',1,NULL,NULL,NULL,1,0,0,0,0,0,0,1),(1464,1,98,4,NULL,NULL,NULL,0,'Glancer',1,NULL,NULL,NULL,1,0,0,0,0,0,0,1),(1465,1,98,4,NULL,NULL,NULL,0,'Gnat',0,NULL,NULL,NULL,1,0,0,0,0,0,0,1),(1466,1,98,4,NULL,NULL,NULL,0,'Gnat',0,NULL,NULL,NULL,1,0,0,0,0,0,0,1),(1467,1,98,4,NULL,NULL,NULL,0,'Gnat',1,NULL,NULL,NULL,1,0,0,0,0,0,0,1),(1468,1,98,4,NULL,NULL,NULL,0,'Gnat',0,NULL,NULL,NULL,1,0,0,0,0,0,0,1),(1469,1,98,4,NULL,NULL,NULL,0,'Gnat',0,NULL,NULL,NULL,1,0,0,0,0,0,0,1),(1470,1,98,4,NULL,NULL,NULL,0,'Gnat',1,NULL,NULL,NULL,1,0,0,0,0,0,0,1),(1471,1,99,4,NULL,NULL,NULL,0,'Gnawer',0,NULL,NULL,NULL,1,0,0,0,0,0,0,1),(1472,1,99,4,NULL,NULL,NULL,0,'Gnawer',0,NULL,NULL,NULL,1,0,0,0,0,0,0,1),(1473,1,99,4,NULL,NULL,NULL,0,'Gnawer',0,NULL,NULL,NULL,1,0,0,0,0,0,0,1),(1474,1,99,4,NULL,NULL,NULL,0,'Gnawer',0,NULL,NULL,NULL,1,0,0,0,0,0,0,1),(1475,1,99,4,NULL,NULL,NULL,0,'Spudder',1,NULL,NULL,NULL,1,0,0,0,0,0,0,1),(1476,1,99,4,NULL,NULL,NULL,0,'Spudder',0,NULL,NULL,NULL,1,0,0,0,0,0,0,1),(1477,1,99,4,NULL,NULL,NULL,0,'Glancer',1,NULL,NULL,NULL,1,0,0,0,0,0,0,1),(1478,1,99,4,NULL,NULL,NULL,0,'Gnat',0,NULL,NULL,NULL,1,0,0,0,0,0,0,1),(1479,1,99,4,NULL,NULL,NULL,0,'Gnat',0,NULL,NULL,NULL,1,0,0,0,0,0,0,1),(1480,1,99,4,NULL,NULL,NULL,0,'Glancer',1,NULL,NULL,NULL,1,0,0,0,0,0,0,1),(1481,1,99,4,NULL,NULL,NULL,0,'Glancer',1,NULL,NULL,NULL,1,0,0,0,0,0,0,1),(1482,1,99,4,NULL,NULL,NULL,0,'Glancer',1,NULL,NULL,NULL,1,0,0,0,0,0,0,1),(1483,1,99,4,NULL,NULL,NULL,0,'Gnat',0,NULL,NULL,NULL,1,0,0,0,0,0,0,1),(1484,1,99,4,NULL,NULL,NULL,0,'Gnat',0,NULL,NULL,NULL,1,0,0,0,0,0,0,1),(1485,1,99,4,NULL,NULL,NULL,0,'Gnat',1,NULL,NULL,NULL,1,0,0,0,0,0,0,1),(1486,1,99,4,NULL,NULL,NULL,0,'Gnat',1,NULL,NULL,NULL,1,0,0,0,0,0,0,1),(1487,1,99,4,NULL,NULL,NULL,0,'Gnat',1,NULL,NULL,NULL,1,0,0,0,0,0,0,1),(1488,1,100,4,NULL,NULL,NULL,0,'Gnawer',0,NULL,NULL,NULL,1,0,0,0,0,0,0,1),(1489,1,100,4,NULL,NULL,NULL,0,'Gnawer',0,NULL,NULL,NULL,1,0,0,0,0,0,0,1),(1490,1,100,4,NULL,NULL,NULL,0,'Gnawer',0,NULL,NULL,NULL,1,0,0,0,0,0,0,1),(1491,1,100,4,NULL,NULL,NULL,0,'Gnawer',0,NULL,NULL,NULL,1,0,0,0,0,0,0,1),(1492,1,100,4,NULL,NULL,NULL,0,'Spudder',1,NULL,NULL,NULL,1,0,0,0,0,0,0,1),(1493,1,100,4,NULL,NULL,NULL,0,'Spudder',0,NULL,NULL,NULL,1,0,0,0,0,0,0,1),(1494,1,100,4,NULL,NULL,NULL,0,'Glancer',1,NULL,NULL,NULL,1,0,0,0,0,0,0,1),(1495,1,100,4,NULL,NULL,NULL,0,'Gnat',0,NULL,NULL,NULL,1,0,0,0,0,0,0,1),(1496,1,100,4,NULL,NULL,NULL,0,'Gnat',0,NULL,NULL,NULL,1,0,0,0,0,0,0,1),(1497,1,100,4,NULL,NULL,NULL,0,'Glancer',1,NULL,NULL,NULL,1,0,0,0,0,0,0,1),(1498,1,100,4,NULL,NULL,NULL,0,'Glancer',1,NULL,NULL,NULL,1,0,0,0,0,0,0,1),(1499,1,100,4,NULL,NULL,NULL,0,'Glancer',1,NULL,NULL,NULL,1,0,0,0,0,0,0,1),(1500,1,100,4,NULL,NULL,NULL,0,'Gnat',0,NULL,NULL,NULL,1,0,0,0,0,0,0,1),(1501,1,100,4,NULL,NULL,NULL,0,'Gnat',0,NULL,NULL,NULL,1,0,0,0,0,0,0,1),(1502,1,100,4,NULL,NULL,NULL,0,'Gnat',1,NULL,NULL,NULL,1,0,0,0,0,0,0,1),(1503,1,100,4,NULL,NULL,NULL,0,'Gnat',0,NULL,NULL,NULL,1,0,0,0,0,0,0,1),(1504,1,100,4,NULL,NULL,NULL,0,'Gnat',0,NULL,NULL,NULL,1,0,0,0,0,0,0,1),(1505,1,101,4,NULL,NULL,NULL,0,'Gnawer',0,NULL,NULL,NULL,1,0,0,0,0,0,0,1),(1506,1,101,4,NULL,NULL,NULL,0,'Gnawer',0,NULL,NULL,NULL,1,0,0,0,0,0,0,1),(1507,1,101,4,NULL,NULL,NULL,0,'Gnawer',0,NULL,NULL,NULL,1,0,0,0,0,0,0,1),(1508,1,101,4,NULL,NULL,NULL,0,'Spudder',0,NULL,NULL,NULL,1,0,0,0,0,0,0,1),(1509,1,101,4,NULL,NULL,NULL,0,'Spudder',1,NULL,NULL,NULL,1,0,0,0,0,0,0,1),(1510,1,101,4,NULL,NULL,NULL,0,'Spudder',0,NULL,NULL,NULL,1,0,0,0,0,0,0,1),(1511,1,101,4,NULL,NULL,NULL,0,'Glancer',1,NULL,NULL,NULL,1,0,0,0,0,0,0,1),(1512,1,101,4,NULL,NULL,NULL,0,'Gnat',0,NULL,NULL,NULL,1,0,0,0,0,0,0,1),(1513,1,101,4,NULL,NULL,NULL,0,'Glancer',1,NULL,NULL,NULL,1,0,0,0,0,0,0,1),(1514,1,101,4,NULL,NULL,NULL,0,'Glancer',1,NULL,NULL,NULL,1,0,0,0,0,0,0,1),(1515,1,101,4,NULL,NULL,NULL,0,'Glancer',1,NULL,NULL,NULL,1,0,0,0,0,0,0,1),(1516,1,101,4,NULL,NULL,NULL,0,'Gnat',0,NULL,NULL,NULL,1,0,0,0,0,0,0,1),(1517,1,101,4,NULL,NULL,NULL,0,'Gnat',0,NULL,NULL,NULL,1,0,0,0,0,0,0,1),(1518,1,101,4,NULL,NULL,NULL,0,'Gnat',1,NULL,NULL,NULL,1,0,0,0,0,0,0,1),(1519,1,101,4,NULL,NULL,NULL,0,'Gnat',0,NULL,NULL,NULL,1,0,0,0,0,0,0,1),(1520,1,101,4,NULL,NULL,NULL,0,'Gnat',0,NULL,NULL,NULL,1,0,0,0,0,0,0,1),(1521,1,102,4,NULL,NULL,NULL,0,'Gnawer',0,NULL,NULL,NULL,1,0,0,0,0,0,0,1),(1522,1,102,4,NULL,NULL,NULL,0,'Spudder',1,NULL,NULL,NULL,1,0,0,0,0,0,0,1),(1523,1,102,4,NULL,NULL,NULL,0,'Gnawer',0,NULL,NULL,NULL,1,0,0,0,0,0,0,1),(1524,1,102,4,NULL,NULL,NULL,0,'Spudder',0,NULL,NULL,NULL,1,0,0,0,0,0,0,1),(1525,1,102,4,NULL,NULL,NULL,0,'Spudder',0,NULL,NULL,NULL,1,0,0,0,0,0,0,1),(1526,1,102,4,NULL,NULL,NULL,0,'Glancer',1,NULL,NULL,NULL,1,0,0,0,0,0,0,1),(1527,1,102,4,NULL,NULL,NULL,0,'Gnat',0,NULL,NULL,NULL,1,0,0,0,0,0,0,1),(1528,1,102,4,NULL,NULL,NULL,0,'Glancer',1,NULL,NULL,NULL,1,0,0,0,0,0,0,1),(1529,1,102,4,NULL,NULL,NULL,0,'Glancer',1,NULL,NULL,NULL,1,0,0,0,0,0,0,1),(1530,1,102,4,NULL,NULL,NULL,0,'Glancer',1,NULL,NULL,NULL,1,0,0,0,0,0,0,1),(1531,1,102,4,NULL,NULL,NULL,0,'Glancer',1,NULL,NULL,NULL,1,0,0,0,0,0,0,1),(1532,1,102,4,NULL,NULL,NULL,0,'Glancer',1,NULL,NULL,NULL,1,0,0,0,0,0,0,1),(1533,1,102,4,NULL,NULL,NULL,0,'Gnat',0,NULL,NULL,NULL,1,0,0,0,0,0,0,1),(1534,1,102,4,NULL,NULL,NULL,0,'Gnat',0,NULL,NULL,NULL,1,0,0,0,0,0,0,1),(1535,1,102,4,NULL,NULL,NULL,0,'Gnat',1,NULL,NULL,NULL,1,0,0,0,0,0,0,1),(1536,1,103,4,NULL,NULL,NULL,0,'Glancer',1,NULL,NULL,NULL,1,0,0,0,0,0,0,1),(1537,1,103,4,NULL,NULL,NULL,0,'Glancer',1,NULL,NULL,NULL,1,0,0,0,0,0,0,1),(1538,1,103,4,NULL,NULL,NULL,0,'Glancer',1,NULL,NULL,NULL,1,0,0,0,0,0,0,1),(1539,1,103,4,NULL,NULL,NULL,0,'Glancer',1,NULL,NULL,NULL,1,0,0,0,0,0,0,1),(1540,1,103,4,NULL,NULL,NULL,0,'Gnat',0,NULL,NULL,NULL,1,0,0,0,0,0,0,1),(1541,1,103,4,NULL,NULL,NULL,0,'Gnat',0,NULL,NULL,NULL,1,0,0,0,0,0,0,1),(1542,1,103,4,NULL,NULL,NULL,0,'Gnat',1,NULL,NULL,NULL,1,0,0,0,0,0,0,1),(1543,1,103,4,NULL,NULL,NULL,0,'Gnat',0,NULL,NULL,NULL,1,0,0,0,0,0,0,1),(1544,1,103,4,NULL,NULL,NULL,0,'Gnat',1,NULL,NULL,NULL,1,0,0,0,0,0,0,1),(1545,1,104,4,NULL,NULL,NULL,0,'Gnawer',0,NULL,NULL,NULL,1,0,0,0,0,0,0,1),(1546,1,104,4,NULL,NULL,NULL,0,'Gnawer',0,NULL,NULL,NULL,1,0,0,0,0,0,0,1),(1547,1,104,4,NULL,NULL,NULL,0,'Spudder',0,NULL,NULL,NULL,1,0,0,0,0,0,0,1),(1548,1,104,4,NULL,NULL,NULL,0,'Spudder',1,NULL,NULL,NULL,1,0,0,0,0,0,0,1),(1549,1,104,4,NULL,NULL,NULL,0,'Spudder',1,NULL,NULL,NULL,1,0,0,0,0,0,0,1),(1550,1,104,4,NULL,NULL,NULL,0,'Spudder',0,NULL,NULL,NULL,1,0,0,0,0,0,0,1),(1551,1,104,4,NULL,NULL,NULL,0,'Glancer',1,NULL,NULL,NULL,1,0,0,0,0,0,0,1),(1552,1,104,4,NULL,NULL,NULL,0,'Gnat',0,NULL,NULL,NULL,1,0,0,0,0,0,0,1),(1553,1,104,4,NULL,NULL,NULL,0,'Gnat',0,NULL,NULL,NULL,1,0,0,0,0,0,0,1),(1554,1,104,4,NULL,NULL,NULL,0,'Gnat',0,NULL,NULL,NULL,1,0,0,0,0,0,0,1),(1555,1,104,4,NULL,NULL,NULL,0,'Glancer',1,NULL,NULL,NULL,1,0,0,0,0,0,0,1),(1556,1,104,4,NULL,NULL,NULL,0,'Glancer',1,NULL,NULL,NULL,1,0,0,0,0,0,0,1),(1557,1,104,4,NULL,NULL,NULL,0,'Glancer',1,NULL,NULL,NULL,1,0,0,0,0,0,0,1),(1558,1,104,4,NULL,NULL,NULL,0,'Gnat',0,NULL,NULL,NULL,1,0,0,0,0,0,0,1),(1559,1,104,4,NULL,NULL,NULL,0,'Gnat',0,NULL,NULL,NULL,1,0,0,0,0,0,0,1),(1560,1,104,4,NULL,NULL,NULL,0,'Gnat',1,NULL,NULL,NULL,1,0,0,0,0,0,0,1),(1561,1,104,4,NULL,NULL,NULL,0,'Gnat',0,NULL,NULL,NULL,1,0,0,0,0,0,0,1),(1562,1,104,4,NULL,NULL,NULL,0,'Gnat',0,NULL,NULL,NULL,1,0,0,0,0,0,0,1),(1563,1,105,4,NULL,NULL,NULL,0,'Gnawer',0,NULL,NULL,NULL,1,0,0,0,0,0,0,1),(1564,1,105,4,NULL,NULL,NULL,0,'Spudder',0,NULL,NULL,NULL,1,0,0,0,0,0,0,1),(1565,1,105,4,NULL,NULL,NULL,0,'Spudder',1,NULL,NULL,NULL,1,0,0,0,0,0,0,1),(1566,1,105,4,NULL,NULL,NULL,0,'Spudder',1,NULL,NULL,NULL,1,0,0,0,0,0,0,1),(1567,1,105,4,NULL,NULL,NULL,0,'Spudder',0,NULL,NULL,NULL,1,0,0,0,0,0,0,1),(1568,1,105,4,NULL,NULL,NULL,0,'Glancer',1,NULL,NULL,NULL,1,0,0,0,0,0,0,1),(1569,1,105,4,NULL,NULL,NULL,0,'Gnat',0,NULL,NULL,NULL,1,0,0,0,0,0,0,1),(1570,1,105,4,NULL,NULL,NULL,0,'Glancer',1,NULL,NULL,NULL,1,0,0,0,0,0,0,1),(1571,1,105,4,NULL,NULL,NULL,0,'Glancer',1,NULL,NULL,NULL,1,0,0,0,0,0,0,1),(1572,1,105,4,NULL,NULL,NULL,0,'Glancer',1,NULL,NULL,NULL,1,0,0,0,0,0,0,1),(1573,1,105,4,NULL,NULL,NULL,0,'Glancer',1,NULL,NULL,NULL,1,0,0,0,0,0,0,1),(1574,1,105,4,NULL,NULL,NULL,0,'Gnat',0,NULL,NULL,NULL,1,0,0,0,0,0,0,1),(1575,1,105,4,NULL,NULL,NULL,0,'Gnat',0,NULL,NULL,NULL,1,0,0,0,0,0,0,1),(1576,1,105,4,NULL,NULL,NULL,0,'Gnat',1,NULL,NULL,NULL,1,0,0,0,0,0,0,1),(1577,1,105,4,NULL,NULL,NULL,0,'Gnat',0,NULL,NULL,NULL,1,0,0,0,0,0,0,1),(1578,1,106,4,NULL,NULL,NULL,0,'Spudder',0,NULL,NULL,NULL,1,0,0,0,0,0,0,1),(1579,1,106,4,NULL,NULL,NULL,0,'Gnat',0,NULL,NULL,NULL,1,0,0,0,0,0,0,1),(1580,1,106,4,NULL,NULL,NULL,0,'Glancer',1,NULL,NULL,NULL,1,0,0,0,0,0,0,1),(1581,1,106,4,NULL,NULL,NULL,0,'Glancer',1,NULL,NULL,NULL,1,0,0,0,0,0,0,1),(1582,1,106,4,NULL,NULL,NULL,0,'Glancer',1,NULL,NULL,NULL,1,0,0,0,0,0,0,1),(1583,1,106,4,NULL,NULL,NULL,0,'Gnat',0,NULL,NULL,NULL,1,0,0,0,0,0,0,1),(1584,1,106,4,NULL,NULL,NULL,0,'Gnat',0,NULL,NULL,NULL,1,0,0,0,0,0,0,1),(1585,1,106,4,NULL,NULL,NULL,0,'Gnat',1,NULL,NULL,NULL,1,0,0,0,0,0,0,1),(1586,1,107,4,NULL,NULL,NULL,0,'Gnat',0,NULL,NULL,NULL,1,0,0,0,0,0,0,1),(1587,1,107,4,NULL,NULL,NULL,0,'Gnat',0,NULL,NULL,NULL,1,0,0,0,0,0,0,1),(1588,1,107,4,NULL,NULL,NULL,0,'Glancer',1,NULL,NULL,NULL,1,0,0,0,0,0,0,1),(1589,1,107,4,NULL,NULL,NULL,0,'Glancer',1,NULL,NULL,NULL,1,0,0,0,0,0,0,1),(1590,1,107,4,NULL,NULL,NULL,0,'Glancer',1,NULL,NULL,NULL,1,0,0,0,0,0,0,1),(1591,1,107,4,NULL,NULL,NULL,0,'Gnat',0,NULL,NULL,NULL,1,0,0,0,0,0,0,1),(1592,1,107,4,NULL,NULL,NULL,0,'Gnat',0,NULL,NULL,NULL,1,0,0,0,0,0,0,1),(1593,1,107,4,NULL,NULL,NULL,0,'Gnat',1,NULL,NULL,NULL,1,0,0,0,0,0,0,1),(1594,1,107,4,NULL,NULL,NULL,0,'Gnat',1,NULL,NULL,NULL,1,0,0,0,0,0,0,1),(1595,1,108,4,NULL,NULL,NULL,0,'Gnat',0,NULL,NULL,NULL,1,0,0,0,0,0,0,1),(1596,1,108,4,NULL,NULL,NULL,0,'Gnat',0,NULL,NULL,NULL,1,0,0,0,0,0,0,1),(1597,1,108,4,NULL,NULL,NULL,0,'Gnat',1,NULL,NULL,NULL,1,0,0,0,0,0,0,1),(1598,1,108,4,NULL,NULL,NULL,0,'Gnat',0,NULL,NULL,NULL,1,0,0,0,0,0,0,1),(1599,1,108,4,NULL,NULL,NULL,0,'Gnat',0,NULL,NULL,NULL,1,0,0,0,0,0,0,1),(1600,1,109,4,NULL,NULL,NULL,0,'Gnat',0,NULL,NULL,NULL,1,0,0,0,0,0,0,1),(1601,1,109,4,NULL,NULL,NULL,0,'Gnat',0,NULL,NULL,NULL,1,0,0,0,0,0,0,1),(1602,1,109,4,NULL,NULL,NULL,0,'Gnat',1,NULL,NULL,NULL,1,0,0,0,0,0,0,1),(1603,1,109,4,NULL,NULL,NULL,0,'Gnat',0,NULL,NULL,NULL,1,0,0,0,0,0,0,1),(1604,1,109,4,NULL,NULL,NULL,0,'Gnat',1,NULL,NULL,NULL,1,0,0,0,0,0,0,1),(1605,1,109,4,NULL,NULL,NULL,0,'Gnat',1,NULL,NULL,NULL,1,0,0,0,0,0,0,1),(1606,1,110,4,NULL,NULL,NULL,0,'Gnat',0,NULL,NULL,NULL,1,0,0,0,0,0,0,1),(1607,1,110,4,NULL,NULL,NULL,0,'Gnat',0,NULL,NULL,NULL,1,0,0,0,0,0,0,1),(1608,1,110,4,NULL,NULL,NULL,0,'Gnat',1,NULL,NULL,NULL,1,0,0,0,0,0,0,1),(1609,1,110,4,NULL,NULL,NULL,0,'Gnat',0,NULL,NULL,NULL,1,0,0,0,0,0,0,1),(1610,1,8,1,NULL,NULL,NULL,0,'Demosis',0,0,270,NULL,1,0,0,0,0,0,0,1),(1611,1,8,1,NULL,NULL,NULL,0,'Thor',1,0,270,NULL,1,0,0,0,0,0,0,1),(1612,1,8,1,NULL,NULL,NULL,0,'Thor',1,0,270,NULL,1,0,0,0,0,0,0,1),(1613,1,8,1,NULL,NULL,NULL,0,'Thor',1,0,270,NULL,1,0,0,0,0,0,0,1),(1614,1,8,1,NULL,NULL,NULL,0,'Dirac',0,0,270,NULL,1,0,0,0,0,0,0,1),(1615,1,8,1,NULL,NULL,NULL,0,'Dirac',1,0,270,NULL,1,0,0,0,0,0,0,1),(1616,1,8,1,NULL,NULL,NULL,0,'Dirac',0,0,270,NULL,1,0,0,0,0,0,0,1),(1617,1,8,1,NULL,NULL,NULL,0,'Dirac',1,0,270,NULL,1,0,0,0,0,0,0,1),(1618,1,8,1,NULL,NULL,NULL,0,'Dirac',1,0,270,NULL,1,0,0,0,0,0,0,1),(1619,1,8,1,NULL,NULL,NULL,0,'Thor',0,2,0,NULL,1,0,0,0,0,0,0,1),(1620,1,8,1,NULL,NULL,NULL,0,'Thor',1,2,0,NULL,1,0,0,0,0,0,0,1),(1621,1,8,1,NULL,NULL,NULL,0,'Dirac',0,2,0,NULL,1,0,0,0,0,0,0,1),(1622,1,8,1,NULL,NULL,NULL,0,'Dirac',0,2,0,NULL,1,0,0,0,0,0,0,1),(1623,1,8,1,NULL,NULL,NULL,0,'Dirac',1,2,0,NULL,1,0,0,0,0,0,0,1),(1624,1,8,1,NULL,NULL,NULL,0,'Dirac',1,2,0,NULL,1,0,0,0,0,0,0,1),(1625,1,8,1,NULL,NULL,NULL,0,'Dirac',1,2,0,NULL,1,0,0,0,0,0,0,1),(1626,1,8,1,NULL,NULL,NULL,0,'Demosis',0,2,270,NULL,1,0,0,0,0,0,0,1),(1627,1,8,1,NULL,NULL,NULL,0,'Thor',0,2,270,NULL,1,0,0,0,0,0,0,1),(1628,1,8,1,NULL,NULL,NULL,0,'Thor',0,2,270,NULL,1,0,0,0,0,0,0,1),(1629,1,8,1,NULL,NULL,NULL,0,'Thor',1,2,270,NULL,1,0,0,0,0,0,0,1),(1630,1,8,1,NULL,NULL,NULL,0,'Thor',0,2,270,NULL,1,0,0,0,0,0,0,1),(1631,1,8,1,NULL,NULL,NULL,0,'Thor',0,2,270,NULL,1,0,0,0,0,0,0,1),(1632,1,8,1,NULL,NULL,NULL,0,'Thor',0,2,270,NULL,1,0,0,0,0,0,0,1),(1633,1,8,1,NULL,NULL,NULL,0,'Dirac',1,2,270,NULL,1,0,0,0,0,0,0,1),(1634,1,8,1,NULL,NULL,NULL,0,'Dirac',0,2,270,NULL,1,0,0,0,0,0,0,1),(1635,1,8,1,NULL,NULL,NULL,0,'Dirac',0,2,270,NULL,1,0,0,0,0,0,0,1),(1636,1,8,1,NULL,NULL,NULL,0,'Dirac',1,2,270,NULL,1,0,0,0,0,0,0,1),(1637,1,8,1,NULL,NULL,NULL,0,'Dirac',1,2,270,NULL,1,0,0,0,0,0,0,1),(1638,1,8,1,NULL,NULL,NULL,0,'Dirac',0,2,270,NULL,1,0,0,0,0,0,0,1),(1639,1,8,1,NULL,NULL,NULL,0,'Dirac',1,2,270,NULL,1,0,0,0,0,0,0,1),(1640,1,8,1,NULL,NULL,NULL,0,'Dirac',0,2,270,NULL,1,0,0,0,0,0,0,1),(1641,1,8,1,NULL,NULL,NULL,0,'Demosis',0,0,180,NULL,1,0,0,0,0,0,0,1),(1642,1,8,1,NULL,NULL,NULL,0,'Thor',1,0,180,NULL,1,0,0,0,0,0,0,1),(1643,1,8,1,NULL,NULL,NULL,0,'Dirac',1,0,180,NULL,1,0,0,0,0,0,0,1),(1644,1,8,1,NULL,NULL,NULL,0,'Dirac',0,0,180,NULL,1,0,0,0,0,0,0,1),(1645,1,8,1,NULL,NULL,NULL,0,'Dirac',1,0,180,NULL,1,0,0,0,0,0,0,1),(1646,1,8,1,NULL,NULL,NULL,0,'Dirac',1,0,180,NULL,1,0,0,0,0,0,0,1),(1647,1,8,1,NULL,NULL,NULL,0,'Demosis',0,2,300,NULL,1,0,0,0,0,0,0,1),(1648,1,8,1,NULL,NULL,NULL,0,'Thor',0,2,300,NULL,1,0,0,0,0,0,0,1),(1649,1,8,1,NULL,NULL,NULL,0,'Dirac',0,2,300,NULL,1,0,0,0,0,0,0,1),(1650,1,8,1,NULL,NULL,NULL,0,'Dirac',0,2,300,NULL,1,0,0,0,0,0,0,1),(1651,1,8,1,NULL,NULL,NULL,0,'Dirac',1,2,300,NULL,1,0,0,0,0,0,0,1),(1652,1,8,1,NULL,NULL,NULL,0,'Dirac',1,2,300,NULL,1,0,0,0,0,0,0,1),(1653,1,8,1,NULL,NULL,NULL,0,'Dirac',0,2,300,NULL,1,0,0,0,0,0,0,1),(1654,1,8,1,NULL,NULL,NULL,0,'Demosis',0,0,0,NULL,1,0,0,0,0,0,0,1),(1655,1,8,1,NULL,NULL,NULL,0,'Thor',1,0,0,NULL,1,0,0,0,0,0,0,1),(1656,1,8,1,NULL,NULL,NULL,0,'Thor',0,0,0,NULL,1,0,0,0,0,0,0,1),(1657,1,8,1,NULL,NULL,NULL,0,'Thor',0,0,0,NULL,1,0,0,0,0,0,0,1),(1658,1,8,1,NULL,NULL,NULL,0,'Thor',0,0,0,NULL,1,0,0,0,0,0,0,1),(1659,1,8,1,NULL,NULL,NULL,0,'Dirac',1,0,0,NULL,1,0,0,0,0,0,0,1),(1660,1,8,1,NULL,NULL,NULL,0,'Dirac',0,0,0,NULL,1,0,0,0,0,0,0,1),(1661,1,8,1,NULL,NULL,NULL,0,'Dirac',0,0,0,NULL,1,0,0,0,0,0,0,1),(1662,1,8,1,NULL,NULL,NULL,0,'Dirac',1,0,0,NULL,1,0,0,0,0,0,0,1),(1663,1,8,1,NULL,NULL,NULL,0,'Dirac',0,0,0,NULL,1,0,0,0,0,0,0,1),(1664,1,8,1,NULL,NULL,NULL,0,'Dirac',0,0,0,NULL,1,0,0,0,0,0,0,1),(1665,1,8,1,NULL,NULL,NULL,0,'Dirac',0,0,0,NULL,1,0,0,0,0,0,0,1),(1666,1,8,1,NULL,NULL,NULL,0,'Dirac',0,0,0,NULL,1,0,0,0,0,0,0,1),(1667,1,9,1,NULL,NULL,NULL,0,'Thor',0,2,120,NULL,1,0,0,0,0,0,0,1),(1668,1,9,1,NULL,NULL,NULL,0,'Thor',1,2,120,NULL,1,0,0,0,0,0,0,1),(1669,1,9,1,NULL,NULL,NULL,0,'Thor',1,2,120,NULL,1,0,0,0,0,0,0,1),(1670,1,9,1,NULL,NULL,NULL,0,'Dirac',1,2,120,NULL,1,0,0,0,0,0,0,1),(1671,1,9,1,NULL,NULL,NULL,0,'Dirac',1,2,120,NULL,1,0,0,0,0,0,0,1),(1672,1,9,1,NULL,NULL,NULL,0,'Dirac',0,2,120,NULL,1,0,0,0,0,0,0,1),(1673,1,9,1,NULL,NULL,NULL,0,'Dirac',1,2,120,NULL,1,0,0,0,0,0,0,1),(1674,1,9,1,NULL,NULL,NULL,0,'Dirac',0,2,120,NULL,1,0,0,0,0,0,0,1),(1675,1,9,1,NULL,NULL,NULL,0,'Dirac',1,2,120,NULL,1,0,0,0,0,0,0,1),(1676,1,9,1,NULL,NULL,NULL,0,'Dirac',1,2,120,NULL,1,0,0,0,0,0,0,1),(1677,1,9,1,NULL,NULL,NULL,0,'Demosis',0,3,314,NULL,1,0,0,0,0,0,0,1),(1678,1,9,1,NULL,NULL,NULL,0,'Thor',1,3,314,NULL,1,0,0,0,0,0,0,1),(1679,1,9,1,NULL,NULL,NULL,0,'Thor',1,3,314,NULL,1,0,0,0,0,0,0,1),(1680,1,9,1,NULL,NULL,NULL,0,'Thor',1,3,314,NULL,1,0,0,0,0,0,0,1),(1681,1,9,1,NULL,NULL,NULL,0,'Thor',1,3,314,NULL,1,0,0,0,0,0,0,1),(1682,1,9,1,NULL,NULL,NULL,0,'Thor',0,3,314,NULL,1,0,0,0,0,0,0,1),(1683,1,9,1,NULL,NULL,NULL,0,'Thor',1,3,314,NULL,1,0,0,0,0,0,0,1),(1684,1,9,1,NULL,NULL,NULL,0,'Dirac',1,3,314,NULL,1,0,0,0,0,0,0,1),(1685,1,9,1,NULL,NULL,NULL,0,'Dirac',0,3,314,NULL,1,0,0,0,0,0,0,1),(1686,1,9,1,NULL,NULL,NULL,0,'Dirac',0,3,314,NULL,1,0,0,0,0,0,0,1),(1687,1,9,1,NULL,NULL,NULL,0,'Dirac',0,3,314,NULL,1,0,0,0,0,0,0,1),(1688,1,9,1,NULL,NULL,NULL,0,'Dirac',1,3,314,NULL,1,0,0,0,0,0,0,1),(1689,1,9,1,NULL,NULL,NULL,0,'Dirac',0,3,314,NULL,1,0,0,0,0,0,0,1),(1690,1,46,2,NULL,NULL,NULL,0,'Gnawer',0,NULL,NULL,NULL,1,0,0,0,0,0,0,1),(1691,1,46,2,NULL,NULL,NULL,0,'Spudder',0,NULL,NULL,NULL,1,0,0,0,0,0,0,1),(1692,1,46,2,NULL,NULL,NULL,0,'Spudder',1,NULL,NULL,NULL,1,0,0,0,0,0,0,1),(1693,1,46,2,NULL,NULL,NULL,0,'Spudder',1,NULL,NULL,NULL,1,0,0,0,0,0,0,1),(1694,1,46,2,NULL,NULL,NULL,0,'Spudder',0,NULL,NULL,NULL,1,0,0,0,0,0,0,1),(1695,1,46,2,NULL,NULL,NULL,0,'Spudder',1,NULL,NULL,NULL,1,0,0,0,0,0,0,1),(1696,1,46,2,NULL,NULL,NULL,0,'Glancer',1,NULL,NULL,NULL,1,0,0,0,0,0,0,1),(1697,1,46,2,NULL,NULL,NULL,0,'Glancer',1,NULL,NULL,NULL,1,0,0,0,0,0,0,1),(1698,1,46,2,NULL,NULL,NULL,0,'Glancer',1,NULL,NULL,NULL,1,0,0,0,0,0,0,1),(1699,1,46,2,NULL,NULL,NULL,0,'Gnat',0,NULL,NULL,NULL,1,0,0,0,0,0,0,1),(1700,1,46,2,NULL,NULL,NULL,0,'Gnat',1,NULL,NULL,NULL,1,0,0,0,0,0,0,1),(1701,1,46,2,NULL,NULL,NULL,0,'Gnat',0,NULL,NULL,NULL,1,0,0,0,0,0,0,1),(1702,1,46,2,NULL,NULL,NULL,0,'Gnat',0,NULL,NULL,NULL,1,0,0,0,0,0,0,1),(1703,1,46,2,NULL,NULL,NULL,0,'Gnat',0,NULL,NULL,NULL,1,0,0,0,0,0,0,1),(1704,1,46,2,NULL,NULL,NULL,0,'Gnat',1,NULL,NULL,NULL,1,0,0,0,0,0,0,1),(1705,1,9,1,NULL,NULL,NULL,0,'Thor',0,1,180,NULL,1,0,0,0,0,0,0,1),(1706,1,9,1,NULL,NULL,NULL,0,'Thor',0,1,180,NULL,1,0,0,0,0,0,0,1),(1707,1,9,1,NULL,NULL,NULL,0,'Thor',0,1,180,NULL,1,0,0,0,0,0,0,1),(1708,1,9,1,NULL,NULL,NULL,0,'Dirac',0,1,180,NULL,1,0,0,0,0,0,0,1),(1709,1,9,1,NULL,NULL,NULL,0,'Dirac',0,1,180,NULL,1,0,0,0,0,0,0,1),(1710,1,9,1,NULL,NULL,NULL,0,'Dirac',0,1,180,NULL,1,0,0,0,0,0,0,1),(1711,1,9,1,NULL,NULL,NULL,0,'Dirac',0,1,180,NULL,1,0,0,0,0,0,0,1),(1712,1,9,1,NULL,NULL,NULL,0,'Dirac',1,1,180,NULL,1,0,0,0,0,0,0,1),(1713,1,9,1,NULL,NULL,NULL,0,'Dirac',0,1,180,NULL,1,0,0,0,0,0,0,1),(1714,1,111,4,NULL,NULL,NULL,0,'Glancer',1,NULL,NULL,NULL,1,0,0,0,0,0,0,1),(1715,1,111,4,NULL,NULL,NULL,0,'Glancer',1,NULL,NULL,NULL,1,0,0,0,0,0,0,1),(1716,1,111,4,NULL,NULL,NULL,0,'Glancer',1,NULL,NULL,NULL,1,0,0,0,0,0,0,1),(1717,1,111,4,NULL,NULL,NULL,0,'Gnat',0,NULL,NULL,NULL,1,0,0,0,0,0,0,1),(1718,1,111,4,NULL,NULL,NULL,0,'Gnat',0,NULL,NULL,NULL,1,0,0,0,0,0,0,1),(1719,1,111,4,NULL,NULL,NULL,0,'Gnat',1,NULL,NULL,NULL,1,0,0,0,0,0,0,1),(1720,1,111,4,NULL,NULL,NULL,0,'Gnat',0,NULL,NULL,NULL,1,0,0,0,0,0,0,1),(1721,1,111,4,NULL,NULL,NULL,0,'Gnat',0,NULL,NULL,NULL,1,0,0,0,0,0,0,1),(1722,1,111,4,NULL,NULL,NULL,0,'Gnat',1,NULL,NULL,NULL,1,0,0,0,0,0,0,1),(1723,1,111,4,NULL,NULL,NULL,0,'Gnat',1,NULL,NULL,NULL,1,0,0,0,0,0,0,1),(1724,1,111,4,NULL,NULL,NULL,0,'Gnat',0,NULL,NULL,NULL,1,0,0,0,0,0,0,1),(1725,1,112,4,NULL,NULL,NULL,0,'Spudder',0,NULL,NULL,NULL,1,0,0,0,0,0,0,1),(1726,1,112,4,NULL,NULL,NULL,0,'Glancer',1,NULL,NULL,NULL,1,0,0,0,0,0,0,1),(1727,1,112,4,NULL,NULL,NULL,0,'Gnat',0,NULL,NULL,NULL,1,0,0,0,0,0,0,1),(1728,1,112,4,NULL,NULL,NULL,0,'Gnat',0,NULL,NULL,NULL,1,0,0,0,0,0,0,1),(1729,1,112,4,NULL,NULL,NULL,0,'Glancer',1,NULL,NULL,NULL,1,0,0,0,0,0,0,1),(1730,1,112,4,NULL,NULL,NULL,0,'Glancer',1,NULL,NULL,NULL,1,0,0,0,0,0,0,1),(1731,1,112,4,NULL,NULL,NULL,0,'Glancer',1,NULL,NULL,NULL,1,0,0,0,0,0,0,1),(1732,1,112,4,NULL,NULL,NULL,0,'Gnat',0,NULL,NULL,NULL,1,0,0,0,0,0,0,1),(1733,1,112,4,NULL,NULL,NULL,0,'Gnat',0,NULL,NULL,NULL,1,0,0,0,0,0,0,1),(1734,1,112,4,NULL,NULL,NULL,0,'Gnat',1,NULL,NULL,NULL,1,0,0,0,0,0,0,1),(1735,1,112,4,NULL,NULL,NULL,0,'Gnat',0,NULL,NULL,NULL,1,0,0,0,0,0,0,1),(1736,1,112,4,NULL,NULL,NULL,0,'Gnat',1,NULL,NULL,NULL,1,0,0,0,0,0,0,1),(1737,1,112,4,NULL,NULL,NULL,0,'Gnat',1,NULL,NULL,NULL,1,0,0,0,0,0,0,1),(1738,1,113,4,NULL,NULL,NULL,0,'Spudder',0,NULL,NULL,NULL,1,0,0,0,0,0,0,1),(1739,1,113,4,NULL,NULL,NULL,0,'Spudder',1,NULL,NULL,NULL,1,0,0,0,0,0,0,1),(1740,1,113,4,NULL,NULL,NULL,0,'Spudder',0,NULL,NULL,NULL,1,0,0,0,0,0,0,1),(1741,1,113,4,NULL,NULL,NULL,0,'Glancer',1,NULL,NULL,NULL,1,0,0,0,0,0,0,1),(1742,1,113,4,NULL,NULL,NULL,0,'Gnat',0,NULL,NULL,NULL,1,0,0,0,0,0,0,1),(1743,1,113,4,NULL,NULL,NULL,0,'Gnat',0,NULL,NULL,NULL,1,0,0,0,0,0,0,1),(1744,1,113,4,NULL,NULL,NULL,0,'Gnat',0,NULL,NULL,NULL,1,0,0,0,0,0,0,1),(1745,1,113,4,NULL,NULL,NULL,0,'Glancer',1,NULL,NULL,NULL,1,0,0,0,0,0,0,1),(1746,1,113,4,NULL,NULL,NULL,0,'Glancer',1,NULL,NULL,NULL,1,0,0,0,0,0,0,1),(1747,1,113,4,NULL,NULL,NULL,0,'Glancer',1,NULL,NULL,NULL,1,0,0,0,0,0,0,1),(1748,1,113,4,NULL,NULL,NULL,0,'Glancer',1,NULL,NULL,NULL,1,0,0,0,0,0,0,1),(1749,1,113,4,NULL,NULL,NULL,0,'Gnat',0,NULL,NULL,NULL,1,0,0,0,0,0,0,1),(1750,1,113,4,NULL,NULL,NULL,0,'Gnat',0,NULL,NULL,NULL,1,0,0,0,0,0,0,1),(1751,1,113,4,NULL,NULL,NULL,0,'Gnat',1,NULL,NULL,NULL,1,0,0,0,0,0,0,1),(1752,1,113,4,NULL,NULL,NULL,0,'Gnat',0,NULL,NULL,NULL,1,0,0,0,0,0,0,1),(1753,1,113,4,NULL,NULL,NULL,0,'Gnat',1,NULL,NULL,NULL,1,0,0,0,0,0,0,1),(1754,1,114,4,NULL,NULL,NULL,0,'Gnawer',0,NULL,NULL,NULL,1,0,0,0,0,0,0,1),(1755,1,114,4,NULL,NULL,NULL,0,'Gnawer',0,NULL,NULL,NULL,1,0,0,0,0,0,0,1),(1756,1,114,4,NULL,NULL,NULL,0,'Spudder',0,NULL,NULL,NULL,1,0,0,0,0,0,0,1),(1757,1,114,4,NULL,NULL,NULL,0,'Spudder',0,NULL,NULL,NULL,1,0,0,0,0,0,0,1),(1758,1,114,4,NULL,NULL,NULL,0,'Spudder',0,NULL,NULL,NULL,1,0,0,0,0,0,0,1),(1759,1,114,4,NULL,NULL,NULL,0,'Glancer',1,NULL,NULL,NULL,1,0,0,0,0,0,0,1),(1760,1,114,4,NULL,NULL,NULL,0,'Gnat',0,NULL,NULL,NULL,1,0,0,0,0,0,0,1),(1761,1,114,4,NULL,NULL,NULL,0,'Glancer',1,NULL,NULL,NULL,1,0,0,0,0,0,0,1),(1762,1,114,4,NULL,NULL,NULL,0,'Glancer',1,NULL,NULL,NULL,1,0,0,0,0,0,0,1),(1763,1,114,4,NULL,NULL,NULL,0,'Glancer',1,NULL,NULL,NULL,1,0,0,0,0,0,0,1),(1764,1,114,4,NULL,NULL,NULL,0,'Gnat',0,NULL,NULL,NULL,1,0,0,0,0,0,0,1),(1765,1,114,4,NULL,NULL,NULL,0,'Gnat',0,NULL,NULL,NULL,1,0,0,0,0,0,0,1),(1766,1,114,4,NULL,NULL,NULL,0,'Gnat',1,NULL,NULL,NULL,1,0,0,0,0,0,0,1),(1767,1,114,4,NULL,NULL,NULL,0,'Gnat',0,NULL,NULL,NULL,1,0,0,0,0,0,0,1),(1768,1,115,4,NULL,NULL,NULL,0,'Gnawer',0,NULL,NULL,NULL,1,0,0,0,0,0,0,1),(1769,1,115,4,NULL,NULL,NULL,0,'Gnawer',0,NULL,NULL,NULL,1,0,0,0,0,0,0,1),(1770,1,115,4,NULL,NULL,NULL,0,'Spudder',0,NULL,NULL,NULL,1,0,0,0,0,0,0,1),(1771,1,115,4,NULL,NULL,NULL,0,'Spudder',0,NULL,NULL,NULL,1,0,0,0,0,0,0,1),(1772,1,115,4,NULL,NULL,NULL,0,'Glancer',1,NULL,NULL,NULL,1,0,0,0,0,0,0,1),(1773,1,115,4,NULL,NULL,NULL,0,'Gnat',0,NULL,NULL,NULL,1,0,0,0,0,0,0,1),(1774,1,115,4,NULL,NULL,NULL,0,'Glancer',1,NULL,NULL,NULL,1,0,0,0,0,0,0,1),(1775,1,115,4,NULL,NULL,NULL,0,'Glancer',1,NULL,NULL,NULL,1,0,0,0,0,0,0,1),(1776,1,115,4,NULL,NULL,NULL,0,'Glancer',1,NULL,NULL,NULL,1,0,0,0,0,0,0,1),(1777,1,115,4,NULL,NULL,NULL,0,'Glancer',1,NULL,NULL,NULL,1,0,0,0,0,0,0,1),(1778,1,115,4,NULL,NULL,NULL,0,'Gnat',0,NULL,NULL,NULL,1,0,0,0,0,0,0,1),(1779,1,115,4,NULL,NULL,NULL,0,'Gnat',0,NULL,NULL,NULL,1,0,0,0,0,0,0,1),(1780,1,115,4,NULL,NULL,NULL,0,'Gnat',1,NULL,NULL,NULL,1,0,0,0,0,0,0,1),(1781,1,115,4,NULL,NULL,NULL,0,'Gnat',0,NULL,NULL,NULL,1,0,0,0,0,0,0,1),(1782,1,115,4,NULL,NULL,NULL,0,'Gnat',0,NULL,NULL,NULL,1,0,0,0,0,0,0,1),(1783,1,115,4,NULL,NULL,NULL,0,'Gnat',1,NULL,NULL,NULL,1,0,0,0,0,0,0,1),(1784,1,115,4,NULL,NULL,NULL,0,'Gnat',0,NULL,NULL,NULL,1,0,0,0,0,0,0,1),(1785,1,116,4,NULL,NULL,NULL,0,'Gnawer',0,NULL,NULL,NULL,1,0,0,0,0,0,0,1),(1786,1,116,4,NULL,NULL,NULL,0,'Gnawer',0,NULL,NULL,NULL,1,0,0,0,0,0,0,1),(1787,1,116,4,NULL,NULL,NULL,0,'Gnawer',0,NULL,NULL,NULL,1,0,0,0,0,0,0,1),(1788,1,116,4,NULL,NULL,NULL,0,'Spudder',0,NULL,NULL,NULL,1,0,0,0,0,0,0,1),(1789,1,116,4,NULL,NULL,NULL,0,'Glancer',1,NULL,NULL,NULL,1,0,0,0,0,0,0,1),(1790,1,116,4,NULL,NULL,NULL,0,'Gnat',0,NULL,NULL,NULL,1,0,0,0,0,0,0,1),(1791,1,116,4,NULL,NULL,NULL,0,'Gnat',0,NULL,NULL,NULL,1,0,0,0,0,0,0,1),(1792,1,116,4,NULL,NULL,NULL,0,'Glancer',1,NULL,NULL,NULL,1,0,0,0,0,0,0,1),(1793,1,116,4,NULL,NULL,NULL,0,'Glancer',1,NULL,NULL,NULL,1,0,0,0,0,0,0,1),(1794,1,116,4,NULL,NULL,NULL,0,'Glancer',1,NULL,NULL,NULL,1,0,0,0,0,0,0,1),(1795,1,116,4,NULL,NULL,NULL,0,'Glancer',1,NULL,NULL,NULL,1,0,0,0,0,0,0,1),(1796,1,116,4,NULL,NULL,NULL,0,'Gnat',0,NULL,NULL,NULL,1,0,0,0,0,0,0,1),(1797,1,116,4,NULL,NULL,NULL,0,'Gnat',0,NULL,NULL,NULL,1,0,0,0,0,0,0,1),(1798,1,116,4,NULL,NULL,NULL,0,'Gnat',1,NULL,NULL,NULL,1,0,0,0,0,0,0,1),(1799,1,116,4,NULL,NULL,NULL,0,'Gnat',0,NULL,NULL,NULL,1,0,0,0,0,0,0,1),(1800,1,116,4,NULL,NULL,NULL,0,'Gnat',0,NULL,NULL,NULL,1,0,0,0,0,0,0,1),(1801,1,117,4,NULL,NULL,NULL,0,'Glancer',1,NULL,NULL,NULL,1,0,0,0,0,0,0,1),(1802,1,117,4,NULL,NULL,NULL,0,'Gnat',1,NULL,NULL,NULL,1,0,0,0,0,0,0,1),(1803,1,117,4,NULL,NULL,NULL,0,'Gnat',0,NULL,NULL,NULL,1,0,0,0,0,0,0,1),(1804,1,117,4,NULL,NULL,NULL,0,'Glancer',1,NULL,NULL,NULL,1,0,0,0,0,0,0,1),(1805,1,117,4,NULL,NULL,NULL,0,'Glancer',1,NULL,NULL,NULL,1,0,0,0,0,0,0,1),(1806,1,117,4,NULL,NULL,NULL,0,'Glancer',1,NULL,NULL,NULL,1,0,0,0,0,0,0,1),(1807,1,117,4,NULL,NULL,NULL,0,'Glancer',1,NULL,NULL,NULL,1,0,0,0,0,0,0,1),(1808,1,117,4,NULL,NULL,NULL,0,'Gnat',0,NULL,NULL,NULL,1,0,0,0,0,0,0,1),(1809,1,117,4,NULL,NULL,NULL,0,'Gnat',0,NULL,NULL,NULL,1,0,0,0,0,0,0,1),(1810,1,117,4,NULL,NULL,NULL,0,'Gnat',1,NULL,NULL,NULL,1,0,0,0,0,0,0,1),(1811,1,117,4,NULL,NULL,NULL,0,'Gnat',1,NULL,NULL,NULL,1,0,0,0,0,0,0,1),(1812,1,118,4,NULL,NULL,NULL,0,'Gnawer',0,NULL,NULL,NULL,1,0,0,0,0,0,0,1),(1813,1,118,4,NULL,NULL,NULL,0,'Spudder',0,NULL,NULL,NULL,1,0,0,0,0,0,0,1),(1814,1,118,4,NULL,NULL,NULL,0,'Spudder',0,NULL,NULL,NULL,1,0,0,0,0,0,0,1),(1815,1,118,4,NULL,NULL,NULL,0,'Glancer',1,NULL,NULL,NULL,1,0,0,0,0,0,0,1),(1816,1,118,4,NULL,NULL,NULL,0,'Gnat',0,NULL,NULL,NULL,1,0,0,0,0,0,0,1),(1817,1,118,4,NULL,NULL,NULL,0,'Glancer',1,NULL,NULL,NULL,1,0,0,0,0,0,0,1),(1818,1,118,4,NULL,NULL,NULL,0,'Glancer',1,NULL,NULL,NULL,1,0,0,0,0,0,0,1),(1819,1,118,4,NULL,NULL,NULL,0,'Glancer',1,NULL,NULL,NULL,1,0,0,0,0,0,0,1),(1820,1,118,4,NULL,NULL,NULL,0,'Gnat',0,NULL,NULL,NULL,1,0,0,0,0,0,0,1),(1821,1,118,4,NULL,NULL,NULL,0,'Gnat',0,NULL,NULL,NULL,1,0,0,0,0,0,0,1),(1822,1,118,4,NULL,NULL,NULL,0,'Gnat',1,NULL,NULL,NULL,1,0,0,0,0,0,0,1),(1823,1,118,4,NULL,NULL,NULL,0,'Gnat',0,NULL,NULL,NULL,1,0,0,0,0,0,0,1),(1824,1,118,4,NULL,NULL,NULL,0,'Gnat',1,NULL,NULL,NULL,1,0,0,0,0,0,0,1),(1825,1,118,4,NULL,NULL,NULL,0,'Gnat',1,NULL,NULL,NULL,1,0,0,0,0,0,0,1),(1826,1,118,4,NULL,NULL,NULL,0,'Gnat',0,NULL,NULL,NULL,1,0,0,0,0,0,0,1),(1827,1,119,4,NULL,NULL,NULL,0,'Spudder',0,NULL,NULL,NULL,1,0,0,0,0,0,0,1),(1828,1,119,4,NULL,NULL,NULL,0,'Glancer',1,NULL,NULL,NULL,1,0,0,0,0,0,0,1),(1829,1,119,4,NULL,NULL,NULL,0,'Gnat',0,NULL,NULL,NULL,1,0,0,0,0,0,0,1),(1830,1,119,4,NULL,NULL,NULL,0,'Gnat',0,NULL,NULL,NULL,1,0,0,0,0,0,0,1),(1831,1,119,4,NULL,NULL,NULL,0,'Glancer',1,NULL,NULL,NULL,1,0,0,0,0,0,0,1),(1832,1,119,4,NULL,NULL,NULL,0,'Glancer',1,NULL,NULL,NULL,1,0,0,0,0,0,0,1),(1833,1,119,4,NULL,NULL,NULL,0,'Glancer',1,NULL,NULL,NULL,1,0,0,0,0,0,0,1),(1834,1,119,4,NULL,NULL,NULL,0,'Glancer',1,NULL,NULL,NULL,1,0,0,0,0,0,0,1),(1835,1,119,4,NULL,NULL,NULL,0,'Gnat',0,NULL,NULL,NULL,1,0,0,0,0,0,0,1),(1836,1,119,4,NULL,NULL,NULL,0,'Gnat',0,NULL,NULL,NULL,1,0,0,0,0,0,0,1),(1837,1,119,4,NULL,NULL,NULL,0,'Gnat',1,NULL,NULL,NULL,1,0,0,0,0,0,0,1),(1838,1,119,4,NULL,NULL,NULL,0,'Gnat',0,NULL,NULL,NULL,1,0,0,0,0,0,0,1),(1839,1,119,4,NULL,NULL,NULL,0,'Gnat',1,NULL,NULL,NULL,1,0,0,0,0,0,0,1),(1840,1,120,4,NULL,NULL,NULL,0,'Glancer',1,NULL,NULL,NULL,1,0,0,0,0,0,0,1),(1841,1,120,4,NULL,NULL,NULL,0,'Gnat',0,NULL,NULL,NULL,1,0,0,0,0,0,0,1),(1842,1,120,4,NULL,NULL,NULL,0,'Gnat',1,NULL,NULL,NULL,1,0,0,0,0,0,0,1),(1843,1,120,4,NULL,NULL,NULL,0,'Gnat',0,NULL,NULL,NULL,1,0,0,0,0,0,0,1),(1844,1,120,4,NULL,NULL,NULL,0,'Glancer',1,NULL,NULL,NULL,1,0,0,0,0,0,0,1),(1845,1,120,4,NULL,NULL,NULL,0,'Glancer',1,NULL,NULL,NULL,1,0,0,0,0,0,0,1),(1846,1,120,4,NULL,NULL,NULL,0,'Glancer',1,NULL,NULL,NULL,1,0,0,0,0,0,0,1),(1847,1,120,4,NULL,NULL,NULL,0,'Glancer',1,NULL,NULL,NULL,1,0,0,0,0,0,0,1),(1848,1,120,4,NULL,NULL,NULL,0,'Gnat',0,NULL,NULL,NULL,1,0,0,0,0,0,0,1),(1849,1,120,4,NULL,NULL,NULL,0,'Gnat',0,NULL,NULL,NULL,1,0,0,0,0,0,0,1),(1850,1,120,4,NULL,NULL,NULL,0,'Gnat',1,NULL,NULL,NULL,1,0,0,0,0,0,0,1),(1851,1,121,4,NULL,NULL,NULL,0,'Gnat',0,NULL,NULL,NULL,1,0,0,0,0,0,0,1),(1852,1,121,4,NULL,NULL,NULL,0,'Gnat',0,NULL,NULL,NULL,1,0,0,0,0,0,0,1),(1853,1,121,4,NULL,NULL,NULL,0,'Gnat',1,NULL,NULL,NULL,1,0,0,0,0,0,0,1),(1854,1,122,4,NULL,NULL,NULL,0,'Gnat',0,NULL,NULL,NULL,1,0,0,0,0,0,0,1),(1855,1,122,4,NULL,NULL,NULL,0,'Gnat',0,NULL,NULL,NULL,1,0,0,0,0,0,0,1),(1856,1,122,4,NULL,NULL,NULL,0,'Gnat',1,NULL,NULL,NULL,1,0,0,0,0,0,0,1),(1857,1,122,4,NULL,NULL,NULL,0,'Gnat',0,NULL,NULL,NULL,1,0,0,0,0,0,0,1),(1858,1,122,4,NULL,NULL,NULL,0,'Gnat',0,NULL,NULL,NULL,1,0,0,0,0,0,0,1),(1859,1,123,4,NULL,NULL,NULL,0,'Gnat',0,NULL,NULL,NULL,1,0,0,0,0,0,0,1),(1860,1,123,4,NULL,NULL,NULL,0,'Gnat',0,NULL,NULL,NULL,1,0,0,0,0,0,0,1),(1861,1,123,4,NULL,NULL,NULL,0,'Gnat',1,NULL,NULL,NULL,1,0,0,0,0,0,0,1),(1862,1,123,4,NULL,NULL,NULL,0,'Gnat',1,NULL,NULL,NULL,1,0,0,0,0,0,0,1),(1863,1,124,4,NULL,NULL,NULL,0,'Gnat',0,NULL,NULL,NULL,1,0,0,0,0,0,0,1),(1864,1,124,4,NULL,NULL,NULL,0,'Gnat',0,NULL,NULL,NULL,1,0,0,0,0,0,0,1),(1865,1,124,4,NULL,NULL,NULL,0,'Gnat',1,NULL,NULL,NULL,1,0,0,0,0,0,0,1),(1866,1,124,4,NULL,NULL,NULL,0,'Gnat',0,NULL,NULL,NULL,1,0,0,0,0,0,0,1),(1867,1,124,4,NULL,NULL,NULL,0,'Gnat',0,NULL,NULL,NULL,1,0,0,0,0,0,0,1),(1868,1,124,4,NULL,NULL,NULL,0,'Gnat',1,NULL,NULL,NULL,1,0,0,0,0,0,0,1),(1869,1,124,4,NULL,NULL,NULL,0,'Gnat',1,NULL,NULL,NULL,1,0,0,0,0,0,0,1),(1870,1,124,4,NULL,NULL,NULL,0,'Gnat',0,NULL,NULL,NULL,1,0,0,0,0,0,0,1),(1871,1,124,4,NULL,NULL,NULL,0,'Gnat',1,NULL,NULL,NULL,1,0,0,0,0,0,0,1),(1872,1,9,1,NULL,NULL,NULL,0,'Thor',1,2,210,NULL,1,0,0,0,0,0,0,1),(1873,1,9,1,NULL,NULL,NULL,0,'Thor',1,2,210,NULL,1,0,0,0,0,0,0,1),(1874,1,9,1,NULL,NULL,NULL,0,'Thor',0,2,210,NULL,1,0,0,0,0,0,0,1),(1875,1,9,1,NULL,NULL,NULL,0,'Thor',0,2,210,NULL,1,0,0,0,0,0,0,1),(1876,1,9,1,NULL,NULL,NULL,0,'Thor',1,2,210,NULL,1,0,0,0,0,0,0,1),(1877,1,9,1,NULL,NULL,NULL,0,'Dirac',1,2,210,NULL,1,0,0,0,0,0,0,1),(1878,1,9,1,NULL,NULL,NULL,0,'Dirac',0,2,210,NULL,1,0,0,0,0,0,0,1),(1879,1,9,1,NULL,NULL,NULL,0,'Dirac',1,2,210,NULL,1,0,0,0,0,0,0,1),(1880,1,9,1,NULL,NULL,NULL,0,'Dirac',0,2,210,NULL,1,0,0,0,0,0,0,1),(1881,1,9,1,NULL,NULL,NULL,0,'Dirac',1,2,210,NULL,1,0,0,0,0,0,0,1),(1882,1,9,1,NULL,NULL,NULL,0,'Dirac',1,2,210,NULL,1,0,0,0,0,0,0,1),(1883,1,9,1,NULL,NULL,NULL,0,'Dirac',1,2,210,NULL,1,0,0,0,0,0,0,1),(1884,1,9,1,NULL,NULL,NULL,0,'Dirac',0,2,210,NULL,1,0,0,0,0,0,0,1),(1885,1,9,1,NULL,NULL,NULL,0,'Demosis',0,1,315,NULL,1,0,0,0,0,0,0,1),(1886,1,9,1,NULL,NULL,NULL,0,'Thor',0,1,315,NULL,1,0,0,0,0,0,0,1),(1887,1,9,1,NULL,NULL,NULL,0,'Thor',0,1,315,NULL,1,0,0,0,0,0,0,1),(1888,1,9,1,NULL,NULL,NULL,0,'Dirac',1,1,315,NULL,1,0,0,0,0,0,0,1),(1889,1,9,1,NULL,NULL,NULL,0,'Dirac',0,1,315,NULL,1,0,0,0,0,0,0,1),(1890,1,9,1,NULL,NULL,NULL,0,'Dirac',0,1,315,NULL,1,0,0,0,0,0,0,1),(1891,1,9,1,NULL,NULL,NULL,0,'Dirac',1,1,315,NULL,1,0,0,0,0,0,0,1),(1892,1,9,1,NULL,NULL,NULL,0,'Dirac',1,1,315,NULL,1,0,0,0,0,0,0,1),(1893,1,9,1,NULL,NULL,NULL,0,'Thor',1,2,240,NULL,1,0,0,0,0,0,0,1),(1894,1,9,1,NULL,NULL,NULL,0,'Thor',1,2,240,NULL,1,0,0,0,0,0,0,1),(1895,1,9,1,NULL,NULL,NULL,0,'Thor',0,2,240,NULL,1,0,0,0,0,0,0,1),(1896,1,9,1,NULL,NULL,NULL,0,'Thor',1,2,240,NULL,1,0,0,0,0,0,0,1),(1897,1,9,1,NULL,NULL,NULL,0,'Dirac',1,2,240,NULL,1,0,0,0,0,0,0,1),(1898,1,9,1,NULL,NULL,NULL,0,'Dirac',0,2,240,NULL,1,0,0,0,0,0,0,1),(1899,1,9,1,NULL,NULL,NULL,0,'Demosis',0,1,0,NULL,1,0,0,0,0,0,0,1),(1900,1,9,1,NULL,NULL,NULL,0,'Thor',1,1,0,NULL,1,0,0,0,0,0,0,1),(1901,1,9,1,NULL,NULL,NULL,0,'Thor',0,1,0,NULL,1,0,0,0,0,0,0,1),(1902,1,9,1,NULL,NULL,NULL,0,'Thor',1,1,0,NULL,1,0,0,0,0,0,0,1),(1903,1,9,1,NULL,NULL,NULL,0,'Thor',1,1,0,NULL,1,0,0,0,0,0,0,1),(1904,1,9,1,NULL,NULL,NULL,0,'Dirac',0,1,0,NULL,1,0,0,0,0,0,0,1),(1905,1,9,1,NULL,NULL,NULL,0,'Dirac',1,1,0,NULL,1,0,0,0,0,0,0,1),(1906,1,9,1,NULL,NULL,NULL,0,'Dirac',0,1,0,NULL,1,0,0,0,0,0,0,1),(1907,1,9,1,NULL,NULL,NULL,0,'Dirac',1,1,0,NULL,1,0,0,0,0,0,0,1),(1908,1,9,1,NULL,NULL,NULL,0,'Dirac',0,1,0,NULL,1,0,0,0,0,0,0,1),(1909,1,9,1,NULL,NULL,NULL,0,'Thor',0,1,270,NULL,1,0,0,0,0,0,0,1),(1910,1,9,1,NULL,NULL,NULL,0,'Thor',0,1,270,NULL,1,0,0,0,0,0,0,1),(1911,1,9,1,NULL,NULL,NULL,0,'Thor',0,1,270,NULL,1,0,0,0,0,0,0,1),(1912,1,9,1,NULL,NULL,NULL,0,'Thor',0,1,270,NULL,1,0,0,0,0,0,0,1),(1913,1,9,1,NULL,NULL,NULL,0,'Dirac',1,1,270,NULL,1,0,0,0,0,0,0,1),(1914,1,9,1,NULL,NULL,NULL,0,'Dirac',1,1,270,NULL,1,0,0,0,0,0,0,1),(1915,1,9,1,NULL,NULL,NULL,0,'Thor',0,1,90,NULL,1,0,0,0,0,0,0,1),(1916,1,9,1,NULL,NULL,NULL,0,'Thor',1,1,90,NULL,1,0,0,0,0,0,0,1),(1917,1,9,1,NULL,NULL,NULL,0,'Dirac',0,1,90,NULL,1,0,0,0,0,0,0,1),(1918,1,9,1,NULL,NULL,NULL,0,'Dirac',1,1,90,NULL,1,0,0,0,0,0,0,1),(1919,1,9,1,NULL,NULL,NULL,0,'Thor',1,2,150,NULL,1,0,0,0,0,0,0,1),(1920,1,9,1,NULL,NULL,NULL,0,'Thor',1,2,150,NULL,1,0,0,0,0,0,0,1),(1921,1,9,1,NULL,NULL,NULL,0,'Thor',0,2,150,NULL,1,0,0,0,0,0,0,1),(1922,1,9,1,NULL,NULL,NULL,0,'Thor',0,2,150,NULL,1,0,0,0,0,0,0,1),(1923,1,9,1,NULL,NULL,NULL,0,'Thor',0,2,150,NULL,1,0,0,0,0,0,0,1),(1924,1,9,1,NULL,NULL,NULL,0,'Thor',1,2,150,NULL,1,0,0,0,0,0,0,1),(1925,1,9,1,NULL,NULL,NULL,0,'Dirac',1,2,150,NULL,1,0,0,0,0,0,0,1),(1926,1,9,1,NULL,NULL,NULL,0,'Dirac',0,2,150,NULL,1,0,0,0,0,0,0,1),(1927,1,9,1,NULL,NULL,NULL,0,'Dirac',1,2,150,NULL,1,0,0,0,0,0,0,1),(1928,1,9,1,NULL,NULL,NULL,0,'Dirac',1,2,150,NULL,1,0,0,0,0,0,0,1),(1929,1,9,1,NULL,NULL,NULL,0,'Dirac',1,2,150,NULL,1,0,0,0,0,0,0,1),(1930,1,9,1,NULL,NULL,NULL,0,'Dirac',0,2,150,NULL,1,0,0,0,0,0,0,1),(1931,1,9,1,NULL,NULL,NULL,0,'Dirac',1,2,150,NULL,1,0,0,0,0,0,0,1),(1932,1,9,1,NULL,NULL,NULL,0,'Dirac',0,2,150,NULL,1,0,0,0,0,0,0,1),(1933,1,9,1,NULL,NULL,NULL,0,'Thor',0,2,30,NULL,1,0,0,0,0,0,0,1),(1934,1,9,1,NULL,NULL,NULL,0,'Dirac',0,2,30,NULL,1,0,0,0,0,0,0,1),(1935,1,9,1,NULL,NULL,NULL,0,'Dirac',0,2,30,NULL,1,0,0,0,0,0,0,1),(1936,1,9,1,NULL,NULL,NULL,0,'Dirac',1,2,30,NULL,1,0,0,0,0,0,0,1),(1937,1,9,1,NULL,NULL,NULL,0,'Dirac',1,2,30,NULL,1,0,0,0,0,0,0,1),(1938,1,9,1,NULL,NULL,NULL,0,'Dirac',1,2,30,NULL,1,0,0,0,0,0,0,1),(1939,1,9,1,NULL,NULL,NULL,0,'Dirac',0,2,30,NULL,1,0,0,0,0,0,0,1),(1940,1,9,1,NULL,NULL,NULL,0,'Dirac',0,2,30,NULL,1,0,0,0,0,0,0,1),(1941,1,9,1,NULL,NULL,NULL,0,'Dirac',0,2,30,NULL,1,0,0,0,0,0,0,1),(1942,1,9,1,NULL,NULL,NULL,0,'Thor',1,1,135,NULL,1,0,0,0,0,0,0,1),(1943,1,9,1,NULL,NULL,NULL,0,'Thor',1,1,135,NULL,1,0,0,0,0,0,0,1),(1944,1,9,1,NULL,NULL,NULL,0,'Thor',0,1,135,NULL,1,0,0,0,0,0,0,1),(1945,1,9,1,NULL,NULL,NULL,0,'Dirac',0,1,135,NULL,1,0,0,0,0,0,0,1),(1946,1,9,1,NULL,NULL,NULL,0,'Dirac',0,1,135,NULL,1,0,0,0,0,0,0,1),(1947,1,9,1,NULL,NULL,NULL,0,'Dirac',1,1,135,NULL,1,0,0,0,0,0,0,1),(1948,1,9,1,NULL,NULL,NULL,0,'Thor',1,2,330,NULL,1,0,0,0,0,0,0,1),(1949,1,9,1,NULL,NULL,NULL,0,'Thor',1,2,330,NULL,1,0,0,0,0,0,0,1),(1950,1,9,1,NULL,NULL,NULL,0,'Dirac',0,2,330,NULL,1,0,0,0,0,0,0,1),(1951,1,9,1,NULL,NULL,NULL,0,'Dirac',0,2,330,NULL,1,0,0,0,0,0,0,1),(1952,1,9,1,NULL,NULL,NULL,0,'Dirac',0,2,330,NULL,1,0,0,0,0,0,0,1),(1953,1,9,1,NULL,NULL,NULL,0,'Dirac',0,2,330,NULL,1,0,0,0,0,0,0,1),(1954,1,9,1,NULL,NULL,NULL,0,'Dirac',1,2,330,NULL,1,0,0,0,0,0,0,1),(1955,1,9,1,NULL,NULL,NULL,0,'Dirac',0,2,330,NULL,1,0,0,0,0,0,0,1),(1956,1,9,1,NULL,NULL,NULL,0,'Dirac',0,2,330,NULL,1,0,0,0,0,0,0,1),(1957,1,9,1,NULL,NULL,NULL,0,'Demosis',0,3,336,NULL,1,0,0,0,0,0,0,1),(1958,1,9,1,NULL,NULL,NULL,0,'Demosis',0,3,336,NULL,1,0,0,0,0,0,0,1),(1959,1,9,1,NULL,NULL,NULL,0,'Thor',1,3,336,NULL,1,0,0,0,0,0,0,1),(1960,1,9,1,NULL,NULL,NULL,0,'Thor',1,3,336,NULL,1,0,0,0,0,0,0,1),(1961,1,9,1,NULL,NULL,NULL,0,'Thor',0,3,336,NULL,1,0,0,0,0,0,0,1),(1962,1,9,1,NULL,NULL,NULL,0,'Thor',0,3,336,NULL,1,0,0,0,0,0,0,1),(1963,1,9,1,NULL,NULL,NULL,0,'Dirac',0,3,336,NULL,1,0,0,0,0,0,0,1),(1964,1,9,1,NULL,NULL,NULL,0,'Dirac',1,3,336,NULL,1,0,0,0,0,0,0,1),(1965,1,9,1,NULL,NULL,NULL,0,'Dirac',1,3,336,NULL,1,0,0,0,0,0,0,1),(1966,1,9,1,NULL,NULL,NULL,0,'Dirac',0,3,336,NULL,1,0,0,0,0,0,0,1),(1967,1,9,1,NULL,NULL,NULL,0,'Dirac',1,3,336,NULL,1,0,0,0,0,0,0,1),(1968,1,58,2,NULL,NULL,NULL,0,'Gnawer',0,NULL,NULL,NULL,1,0,0,0,0,0,0,1),(1969,1,58,2,NULL,NULL,NULL,0,'Gnawer',0,NULL,NULL,NULL,1,0,0,0,0,0,0,1),(1970,1,58,2,NULL,NULL,NULL,0,'Spudder',0,NULL,NULL,NULL,1,0,0,0,0,0,0,1),(1971,1,58,2,NULL,NULL,NULL,0,'Spudder',0,NULL,NULL,NULL,1,0,0,0,0,0,0,1),(1972,1,58,2,NULL,NULL,NULL,0,'Spudder',0,NULL,NULL,NULL,1,0,0,0,0,0,0,1),(1973,1,58,2,NULL,NULL,NULL,0,'Glancer',1,NULL,NULL,NULL,1,0,0,0,0,0,0,1),(1974,1,58,2,NULL,NULL,NULL,0,'Glancer',1,NULL,NULL,NULL,1,0,0,0,0,0,0,1),(1975,1,58,2,NULL,NULL,NULL,0,'Glancer',1,NULL,NULL,NULL,1,0,0,0,0,0,0,1),(1976,1,58,2,NULL,NULL,NULL,0,'Gnat',1,NULL,NULL,NULL,1,0,0,0,0,0,0,1),(1977,1,58,2,NULL,NULL,NULL,0,'Gnat',1,NULL,NULL,NULL,1,0,0,0,0,0,0,1),(1978,1,58,2,NULL,NULL,NULL,0,'Gnat',0,NULL,NULL,NULL,1,0,0,0,0,0,0,1),(1979,1,58,2,NULL,NULL,NULL,0,'Gnat',1,NULL,NULL,NULL,1,0,0,0,0,0,0,1),(1980,1,58,2,NULL,NULL,NULL,0,'Gnat',0,NULL,NULL,NULL,1,0,0,0,0,0,0,1),(1981,1,58,2,NULL,NULL,NULL,0,'Gnat',1,NULL,NULL,NULL,1,0,0,0,0,0,0,1),(1982,1,58,2,NULL,NULL,NULL,0,'Gnat',1,NULL,NULL,NULL,1,0,0,0,0,0,0,1),(1983,1,58,2,NULL,NULL,NULL,0,'Gnat',1,NULL,NULL,NULL,1,0,0,0,0,0,0,1),(1984,1,9,1,NULL,NULL,NULL,0,'Thor',0,2,0,NULL,1,0,0,0,0,0,0,1),(1985,1,9,1,NULL,NULL,NULL,0,'Thor',1,2,0,NULL,1,0,0,0,0,0,0,1),(1986,1,9,1,NULL,NULL,NULL,0,'Thor',0,2,0,NULL,1,0,0,0,0,0,0,1),(1987,1,9,1,NULL,NULL,NULL,0,'Thor',0,2,0,NULL,1,0,0,0,0,0,0,1),(1988,1,9,1,NULL,NULL,NULL,0,'Thor',0,2,0,NULL,1,0,0,0,0,0,0,1),(1989,1,9,1,NULL,NULL,NULL,0,'Dirac',1,2,0,NULL,1,0,0,0,0,0,0,1),(1990,1,9,1,NULL,NULL,NULL,0,'Dirac',0,2,0,NULL,1,0,0,0,0,0,0,1),(1991,1,9,1,NULL,NULL,NULL,0,'Dirac',0,2,0,NULL,1,0,0,0,0,0,0,1),(1992,1,9,1,NULL,NULL,NULL,0,'Dirac',0,2,0,NULL,1,0,0,0,0,0,0,1),(1993,1,9,1,NULL,NULL,NULL,0,'Dirac',1,2,0,NULL,1,0,0,0,0,0,0,1),(1994,1,9,1,NULL,NULL,NULL,0,'Dirac',0,2,0,NULL,1,0,0,0,0,0,0,1),(1995,1,9,1,NULL,NULL,NULL,0,'Dirac',0,2,0,NULL,1,0,0,0,0,0,0,1),(1996,1,125,4,NULL,NULL,NULL,0,'Glancer',1,NULL,NULL,NULL,1,0,0,0,0,0,0,1),(1997,1,125,4,NULL,NULL,NULL,0,'Gnat',0,NULL,NULL,NULL,1,0,0,0,0,0,0,1),(1998,1,125,4,NULL,NULL,NULL,0,'Gnat',0,NULL,NULL,NULL,1,0,0,0,0,0,0,1),(1999,1,125,4,NULL,NULL,NULL,0,'Gnat',1,NULL,NULL,NULL,1,0,0,0,0,0,0,1),(2000,1,125,4,NULL,NULL,NULL,0,'Gnat',0,NULL,NULL,NULL,1,0,0,0,0,0,0,1),(2001,1,125,4,NULL,NULL,NULL,0,'Gnat',0,NULL,NULL,NULL,1,0,0,0,0,0,0,1),(2002,1,126,4,NULL,NULL,NULL,0,'Gnawer',0,NULL,NULL,NULL,1,0,0,0,0,0,0,1),(2003,1,126,4,NULL,NULL,NULL,0,'Spudder',1,NULL,NULL,NULL,1,0,0,0,0,0,0,1),(2004,1,126,4,NULL,NULL,NULL,0,'Spudder',0,NULL,NULL,NULL,1,0,0,0,0,0,0,1),(2005,1,126,4,NULL,NULL,NULL,0,'Glancer',1,NULL,NULL,NULL,1,0,0,0,0,0,0,1),(2006,1,126,4,NULL,NULL,NULL,0,'Gnat',0,NULL,NULL,NULL,1,0,0,0,0,0,0,1),(2007,1,126,4,NULL,NULL,NULL,0,'Glancer',1,NULL,NULL,NULL,1,0,0,0,0,0,0,1),(2008,1,126,4,NULL,NULL,NULL,0,'Glancer',1,NULL,NULL,NULL,1,0,0,0,0,0,0,1),(2009,1,126,4,NULL,NULL,NULL,0,'Glancer',1,NULL,NULL,NULL,1,0,0,0,0,0,0,1),(2010,1,126,4,NULL,NULL,NULL,0,'Glancer',1,NULL,NULL,NULL,1,0,0,0,0,0,0,1),(2011,1,126,4,NULL,NULL,NULL,0,'Glancer',1,NULL,NULL,NULL,1,0,0,0,0,0,0,1),(2012,1,126,4,NULL,NULL,NULL,0,'Gnat',0,NULL,NULL,NULL,1,0,0,0,0,0,0,1),(2013,1,126,4,NULL,NULL,NULL,0,'Gnat',0,NULL,NULL,NULL,1,0,0,0,0,0,0,1),(2014,1,126,4,NULL,NULL,NULL,0,'Gnat',1,NULL,NULL,NULL,1,0,0,0,0,0,0,1),(2015,1,126,4,NULL,NULL,NULL,0,'Gnat',0,NULL,NULL,NULL,1,0,0,0,0,0,0,1),(2016,1,126,4,NULL,NULL,NULL,0,'Gnat',0,NULL,NULL,NULL,1,0,0,0,0,0,0,1),(2017,1,126,4,NULL,NULL,NULL,0,'Gnat',1,NULL,NULL,NULL,1,0,0,0,0,0,0,1),(2018,1,127,4,NULL,NULL,NULL,0,'Spudder',0,NULL,NULL,NULL,1,0,0,0,0,0,0,1),(2019,1,127,4,NULL,NULL,NULL,0,'Spudder',1,NULL,NULL,NULL,1,0,0,0,0,0,0,1),(2020,1,127,4,NULL,NULL,NULL,0,'Spudder',0,NULL,NULL,NULL,1,0,0,0,0,0,0,1),(2021,1,127,4,NULL,NULL,NULL,0,'Glancer',1,NULL,NULL,NULL,1,0,0,0,0,0,0,1),(2022,1,127,4,NULL,NULL,NULL,0,'Gnat',0,NULL,NULL,NULL,1,0,0,0,0,0,0,1),(2023,1,127,4,NULL,NULL,NULL,0,'Gnat',0,NULL,NULL,NULL,1,0,0,0,0,0,0,1),(2024,1,127,4,NULL,NULL,NULL,0,'Glancer',1,NULL,NULL,NULL,1,0,0,0,0,0,0,1),(2025,1,127,4,NULL,NULL,NULL,0,'Glancer',1,NULL,NULL,NULL,1,0,0,0,0,0,0,1),(2026,1,127,4,NULL,NULL,NULL,0,'Glancer',1,NULL,NULL,NULL,1,0,0,0,0,0,0,1),(2027,1,127,4,NULL,NULL,NULL,0,'Gnat',0,NULL,NULL,NULL,1,0,0,0,0,0,0,1),(2028,1,127,4,NULL,NULL,NULL,0,'Gnat',0,NULL,NULL,NULL,1,0,0,0,0,0,0,1),(2029,1,127,4,NULL,NULL,NULL,0,'Gnat',1,NULL,NULL,NULL,1,0,0,0,0,0,0,1),(2030,1,127,4,NULL,NULL,NULL,0,'Gnat',1,NULL,NULL,NULL,1,0,0,0,0,0,0,1),(2031,1,128,4,NULL,NULL,NULL,0,'Spudder',0,NULL,NULL,NULL,1,0,0,0,0,0,0,1),(2032,1,128,4,NULL,NULL,NULL,0,'Spudder',0,NULL,NULL,NULL,1,0,0,0,0,0,0,1),(2033,1,128,4,NULL,NULL,NULL,0,'Glancer',1,NULL,NULL,NULL,1,0,0,0,0,0,0,1),(2034,1,128,4,NULL,NULL,NULL,0,'Glancer',1,NULL,NULL,NULL,1,0,0,0,0,0,0,1),(2035,1,128,4,NULL,NULL,NULL,0,'Glancer',1,NULL,NULL,NULL,1,0,0,0,0,0,0,1),(2036,1,128,4,NULL,NULL,NULL,0,'Glancer',1,NULL,NULL,NULL,1,0,0,0,0,0,0,1),(2037,1,128,4,NULL,NULL,NULL,0,'Gnat',0,NULL,NULL,NULL,1,0,0,0,0,0,0,1),(2038,1,128,4,NULL,NULL,NULL,0,'Gnat',0,NULL,NULL,NULL,1,0,0,0,0,0,0,1),(2039,1,128,4,NULL,NULL,NULL,0,'Gnat',1,NULL,NULL,NULL,1,0,0,0,0,0,0,1),(2040,1,128,4,NULL,NULL,NULL,0,'Gnat',1,NULL,NULL,NULL,1,0,0,0,0,0,0,1),(2041,1,129,4,NULL,NULL,NULL,0,'Gnawer',0,NULL,NULL,NULL,1,0,0,0,0,0,0,1),(2042,1,129,4,NULL,NULL,NULL,0,'Gnawer',0,NULL,NULL,NULL,1,0,0,0,0,0,0,1),(2043,1,129,4,NULL,NULL,NULL,0,'Gnawer',0,NULL,NULL,NULL,1,0,0,0,0,0,0,1),(2044,1,129,4,NULL,NULL,NULL,0,'Gnawer',0,NULL,NULL,NULL,1,0,0,0,0,0,0,1),(2045,1,129,4,NULL,NULL,NULL,0,'Spudder',0,NULL,NULL,NULL,1,0,0,0,0,0,0,1),(2046,1,129,4,NULL,NULL,NULL,0,'Spudder',1,NULL,NULL,NULL,1,0,0,0,0,0,0,1),(2047,1,129,4,NULL,NULL,NULL,0,'Spudder',1,NULL,NULL,NULL,1,0,0,0,0,0,0,1),(2048,1,129,4,NULL,NULL,NULL,0,'Spudder',0,NULL,NULL,NULL,1,0,0,0,0,0,0,1),(2049,1,129,4,NULL,NULL,NULL,0,'Glancer',1,NULL,NULL,NULL,1,0,0,0,0,0,0,1),(2050,1,129,4,NULL,NULL,NULL,0,'Gnat',0,NULL,NULL,NULL,1,0,0,0,0,0,0,1),(2051,1,129,4,NULL,NULL,NULL,0,'Gnat',0,NULL,NULL,NULL,1,0,0,0,0,0,0,1),(2052,1,129,4,NULL,NULL,NULL,0,'Glancer',1,NULL,NULL,NULL,1,0,0,0,0,0,0,1),(2053,1,129,4,NULL,NULL,NULL,0,'Glancer',1,NULL,NULL,NULL,1,0,0,0,0,0,0,1),(2054,1,129,4,NULL,NULL,NULL,0,'Glancer',1,NULL,NULL,NULL,1,0,0,0,0,0,0,1),(2055,1,129,4,NULL,NULL,NULL,0,'Gnat',0,NULL,NULL,NULL,1,0,0,0,0,0,0,1),(2056,1,129,4,NULL,NULL,NULL,0,'Gnat',0,NULL,NULL,NULL,1,0,0,0,0,0,0,1),(2057,1,129,4,NULL,NULL,NULL,0,'Gnat',1,NULL,NULL,NULL,1,0,0,0,0,0,0,1),(2058,1,129,4,NULL,NULL,NULL,0,'Gnat',0,NULL,NULL,NULL,1,0,0,0,0,0,0,1),(2059,1,129,4,NULL,NULL,NULL,0,'Gnat',0,NULL,NULL,NULL,1,0,0,0,0,0,0,1),(2060,1,129,4,NULL,NULL,NULL,0,'Gnat',1,NULL,NULL,NULL,1,0,0,0,0,0,0,1),(2061,1,129,4,NULL,NULL,NULL,0,'Gnat',1,NULL,NULL,NULL,1,0,0,0,0,0,0,1),(2062,1,130,4,NULL,NULL,NULL,0,'Gnawer',0,NULL,NULL,NULL,1,0,0,0,0,0,0,1),(2063,1,130,4,NULL,NULL,NULL,0,'Gnawer',0,NULL,NULL,NULL,1,0,0,0,0,0,0,1),(2064,1,130,4,NULL,NULL,NULL,0,'Gnawer',0,NULL,NULL,NULL,1,0,0,0,0,0,0,1),(2065,1,130,4,NULL,NULL,NULL,0,'Gnawer',0,NULL,NULL,NULL,1,0,0,0,0,0,0,1),(2066,1,130,4,NULL,NULL,NULL,0,'Spudder',1,NULL,NULL,NULL,1,0,0,0,0,0,0,1),(2067,1,130,4,NULL,NULL,NULL,0,'Spudder',0,NULL,NULL,NULL,1,0,0,0,0,0,0,1),(2068,1,130,4,NULL,NULL,NULL,0,'Glancer',1,NULL,NULL,NULL,1,0,0,0,0,0,0,1),(2069,1,130,4,NULL,NULL,NULL,0,'Gnat',0,NULL,NULL,NULL,1,0,0,0,0,0,0,1),(2070,1,130,4,NULL,NULL,NULL,0,'Gnat',0,NULL,NULL,NULL,1,0,0,0,0,0,0,1),(2071,1,130,4,NULL,NULL,NULL,0,'Glancer',1,NULL,NULL,NULL,1,0,0,0,0,0,0,1),(2072,1,130,4,NULL,NULL,NULL,0,'Glancer',1,NULL,NULL,NULL,1,0,0,0,0,0,0,1),(2073,1,130,4,NULL,NULL,NULL,0,'Glancer',1,NULL,NULL,NULL,1,0,0,0,0,0,0,1),(2074,1,130,4,NULL,NULL,NULL,0,'Gnat',0,NULL,NULL,NULL,1,0,0,0,0,0,0,1),(2075,1,130,4,NULL,NULL,NULL,0,'Gnat',0,NULL,NULL,NULL,1,0,0,0,0,0,0,1),(2076,1,130,4,NULL,NULL,NULL,0,'Gnat',1,NULL,NULL,NULL,1,0,0,0,0,0,0,1),(2077,1,130,4,NULL,NULL,NULL,0,'Gnat',0,NULL,NULL,NULL,1,0,0,0,0,0,0,1),(2078,1,130,4,NULL,NULL,NULL,0,'Gnat',1,NULL,NULL,NULL,1,0,0,0,0,0,0,1),(2079,1,131,4,NULL,NULL,NULL,0,'Gnawer',0,NULL,NULL,NULL,1,0,0,0,0,0,0,1),(2080,1,131,4,NULL,NULL,NULL,0,'Gnawer',0,NULL,NULL,NULL,1,0,0,0,0,0,0,1),(2081,1,131,4,NULL,NULL,NULL,0,'Spudder',1,NULL,NULL,NULL,1,0,0,0,0,0,0,1),(2082,1,131,4,NULL,NULL,NULL,0,'Spudder',1,NULL,NULL,NULL,1,0,0,0,0,0,0,1),(2083,1,131,4,NULL,NULL,NULL,0,'Spudder',0,NULL,NULL,NULL,1,0,0,0,0,0,0,1),(2084,1,131,4,NULL,NULL,NULL,0,'Glancer',1,NULL,NULL,NULL,1,0,0,0,0,0,0,1),(2085,1,131,4,NULL,NULL,NULL,0,'Gnat',0,NULL,NULL,NULL,1,0,0,0,0,0,0,1),(2086,1,131,4,NULL,NULL,NULL,0,'Glancer',1,NULL,NULL,NULL,1,0,0,0,0,0,0,1),(2087,1,131,4,NULL,NULL,NULL,0,'Glancer',1,NULL,NULL,NULL,1,0,0,0,0,0,0,1),(2088,1,131,4,NULL,NULL,NULL,0,'Glancer',1,NULL,NULL,NULL,1,0,0,0,0,0,0,1),(2089,1,131,4,NULL,NULL,NULL,0,'Glancer',1,NULL,NULL,NULL,1,0,0,0,0,0,0,1),(2090,1,131,4,NULL,NULL,NULL,0,'Gnat',0,NULL,NULL,NULL,1,0,0,0,0,0,0,1),(2091,1,131,4,NULL,NULL,NULL,0,'Gnat',0,NULL,NULL,NULL,1,0,0,0,0,0,0,1),(2092,1,131,4,NULL,NULL,NULL,0,'Gnat',1,NULL,NULL,NULL,1,0,0,0,0,0,0,1),(2093,1,131,4,NULL,NULL,NULL,0,'Gnat',0,NULL,NULL,NULL,1,0,0,0,0,0,0,1),(2094,1,131,4,NULL,NULL,NULL,0,'Gnat',1,NULL,NULL,NULL,1,0,0,0,0,0,0,1),(2095,1,131,4,NULL,NULL,NULL,0,'Gnat',1,NULL,NULL,NULL,1,0,0,0,0,0,0,1),(2096,1,132,4,NULL,NULL,NULL,0,'Gnawer',0,NULL,NULL,NULL,1,0,0,0,0,0,0,1),(2097,1,132,4,NULL,NULL,NULL,0,'Spudder',0,NULL,NULL,NULL,1,0,0,0,0,0,0,1),(2098,1,132,4,NULL,NULL,NULL,0,'Spudder',1,NULL,NULL,NULL,1,0,0,0,0,0,0,1),(2099,1,132,4,NULL,NULL,NULL,0,'Spudder',0,NULL,NULL,NULL,1,0,0,0,0,0,0,1),(2100,1,132,4,NULL,NULL,NULL,0,'Spudder',0,NULL,NULL,NULL,1,0,0,0,0,0,0,1),(2101,1,132,4,NULL,NULL,NULL,0,'Glancer',1,NULL,NULL,NULL,1,0,0,0,0,0,0,1),(2102,1,132,4,NULL,NULL,NULL,0,'Glancer',1,NULL,NULL,NULL,1,0,0,0,0,0,0,1),(2103,1,132,4,NULL,NULL,NULL,0,'Glancer',1,NULL,NULL,NULL,1,0,0,0,0,0,0,1),(2104,1,132,4,NULL,NULL,NULL,0,'Glancer',1,NULL,NULL,NULL,1,0,0,0,0,0,0,1),(2105,1,132,4,NULL,NULL,NULL,0,'Gnat',0,NULL,NULL,NULL,1,0,0,0,0,0,0,1),(2106,1,132,4,NULL,NULL,NULL,0,'Gnat',0,NULL,NULL,NULL,1,0,0,0,0,0,0,1),(2107,1,132,4,NULL,NULL,NULL,0,'Gnat',1,NULL,NULL,NULL,1,0,0,0,0,0,0,1),(2108,1,132,4,NULL,NULL,NULL,0,'Gnat',1,NULL,NULL,NULL,1,0,0,0,0,0,0,1),(2109,1,133,4,NULL,NULL,NULL,0,'Glancer',1,NULL,NULL,NULL,1,0,0,0,0,0,0,1),(2110,1,133,4,NULL,NULL,NULL,0,'Gnat',0,NULL,NULL,NULL,1,0,0,0,0,0,0,1),(2111,1,133,4,NULL,NULL,NULL,0,'Gnat',0,NULL,NULL,NULL,1,0,0,0,0,0,0,1),(2112,1,133,4,NULL,NULL,NULL,0,'Glancer',1,NULL,NULL,NULL,1,0,0,0,0,0,0,1),(2113,1,133,4,NULL,NULL,NULL,0,'Glancer',1,NULL,NULL,NULL,1,0,0,0,0,0,0,1),(2114,1,133,4,NULL,NULL,NULL,0,'Glancer',1,NULL,NULL,NULL,1,0,0,0,0,0,0,1),(2115,1,133,4,NULL,NULL,NULL,0,'Gnat',0,NULL,NULL,NULL,1,0,0,0,0,0,0,1),(2116,1,133,4,NULL,NULL,NULL,0,'Gnat',0,NULL,NULL,NULL,1,0,0,0,0,0,0,1),(2117,1,133,4,NULL,NULL,NULL,0,'Gnat',1,NULL,NULL,NULL,1,0,0,0,0,0,0,1),(2118,1,133,4,NULL,NULL,NULL,0,'Gnat',0,NULL,NULL,NULL,1,0,0,0,0,0,0,1),(2119,1,134,4,NULL,NULL,NULL,0,'Spudder',0,NULL,NULL,NULL,1,0,0,0,0,0,0,1),(2120,1,134,4,NULL,NULL,NULL,0,'Glancer',1,NULL,NULL,NULL,1,0,0,0,0,0,0,1),(2121,1,134,4,NULL,NULL,NULL,0,'Gnat',0,NULL,NULL,NULL,1,0,0,0,0,0,0,1),(2122,1,134,4,NULL,NULL,NULL,0,'Glancer',1,NULL,NULL,NULL,1,0,0,0,0,0,0,1),(2123,1,134,4,NULL,NULL,NULL,0,'Glancer',1,NULL,NULL,NULL,1,0,0,0,0,0,0,1),(2124,1,134,4,NULL,NULL,NULL,0,'Gnat',0,NULL,NULL,NULL,1,0,0,0,0,0,0,1),(2125,1,134,4,NULL,NULL,NULL,0,'Gnat',0,NULL,NULL,NULL,1,0,0,0,0,0,0,1),(2126,1,134,4,NULL,NULL,NULL,0,'Gnat',1,NULL,NULL,NULL,1,0,0,0,0,0,0,1),(2127,1,135,4,NULL,NULL,NULL,0,'Glancer',1,NULL,NULL,NULL,1,0,0,0,0,0,0,1),(2128,1,135,4,NULL,NULL,NULL,0,'Gnat',0,NULL,NULL,NULL,1,0,0,0,0,0,0,1),(2129,1,135,4,NULL,NULL,NULL,0,'Glancer',1,NULL,NULL,NULL,1,0,0,0,0,0,0,1),(2130,1,135,4,NULL,NULL,NULL,0,'Glancer',1,NULL,NULL,NULL,1,0,0,0,0,0,0,1),(2131,1,135,4,NULL,NULL,NULL,0,'Glancer',1,NULL,NULL,NULL,1,0,0,0,0,0,0,1),(2132,1,135,4,NULL,NULL,NULL,0,'Gnat',0,NULL,NULL,NULL,1,0,0,0,0,0,0,1),(2133,1,135,4,NULL,NULL,NULL,0,'Gnat',0,NULL,NULL,NULL,1,0,0,0,0,0,0,1),(2134,1,135,4,NULL,NULL,NULL,0,'Gnat',1,NULL,NULL,NULL,1,0,0,0,0,0,0,1),(2135,1,135,4,NULL,NULL,NULL,0,'Gnat',0,NULL,NULL,NULL,1,0,0,0,0,0,0,1),(2136,1,136,4,NULL,NULL,NULL,0,'Gnat',0,NULL,NULL,NULL,1,0,0,0,0,0,0,1),(2137,1,136,4,NULL,NULL,NULL,0,'Gnat',0,NULL,NULL,NULL,1,0,0,0,0,0,0,1),(2138,1,136,4,NULL,NULL,NULL,0,'Gnat',1,NULL,NULL,NULL,1,0,0,0,0,0,0,1),(2139,1,136,4,NULL,NULL,NULL,0,'Gnat',1,NULL,NULL,NULL,1,0,0,0,0,0,0,1),(2140,1,137,4,NULL,NULL,NULL,0,'Gnat',0,NULL,NULL,NULL,1,0,0,0,0,0,0,1),(2141,1,137,4,NULL,NULL,NULL,0,'Gnat',0,NULL,NULL,NULL,1,0,0,0,0,0,0,1),(2142,1,137,4,NULL,NULL,NULL,0,'Gnat',1,NULL,NULL,NULL,1,0,0,0,0,0,0,1),(2143,1,138,4,NULL,NULL,NULL,0,'Gnat',0,NULL,NULL,NULL,1,0,0,0,0,0,0,1),(2144,1,138,4,NULL,NULL,NULL,0,'Gnat',0,NULL,NULL,NULL,1,0,0,0,0,0,0,1),(2145,1,138,4,NULL,NULL,NULL,0,'Gnat',1,NULL,NULL,NULL,1,0,0,0,0,0,0,1),(2146,1,138,4,NULL,NULL,NULL,0,'Gnat',0,NULL,NULL,NULL,1,0,0,0,0,0,0,1),(2147,1,138,4,NULL,NULL,NULL,0,'Gnat',1,NULL,NULL,NULL,1,0,0,0,0,0,0,1),(2148,1,9,1,NULL,NULL,NULL,0,'Demosis',0,0,180,NULL,1,0,0,0,0,0,0,1),(2149,1,9,1,NULL,NULL,NULL,0,'Thor',1,0,180,NULL,1,0,0,0,0,0,0,1),(2150,1,9,1,NULL,NULL,NULL,0,'Thor',1,0,180,NULL,1,0,0,0,0,0,0,1),(2151,1,9,1,NULL,NULL,NULL,0,'Thor',1,0,180,NULL,1,0,0,0,0,0,0,1),(2152,1,9,1,NULL,NULL,NULL,0,'Dirac',1,0,180,NULL,1,0,0,0,0,0,0,1),(2153,1,9,1,NULL,NULL,NULL,0,'Dirac',0,0,180,NULL,1,0,0,0,0,0,0,1),(2154,1,9,1,NULL,NULL,NULL,0,'Dirac',0,0,180,NULL,1,0,0,0,0,0,0,1),(2155,1,9,1,NULL,NULL,NULL,0,'Dirac',0,0,180,NULL,1,0,0,0,0,0,0,1),(2156,1,9,1,NULL,NULL,NULL,0,'Thor',1,0,0,NULL,1,0,0,0,0,0,0,1),(2157,1,9,1,NULL,NULL,NULL,0,'Thor',1,0,0,NULL,1,0,0,0,0,0,0,1),(2158,1,9,1,NULL,NULL,NULL,0,'Thor',0,0,0,NULL,1,0,0,0,0,0,0,1),(2159,1,9,1,NULL,NULL,NULL,0,'Dirac',1,0,0,NULL,1,0,0,0,0,0,0,1),(2160,1,9,1,NULL,NULL,NULL,0,'Dirac',1,0,0,NULL,1,0,0,0,0,0,0,1),(2161,1,9,1,NULL,NULL,NULL,0,'Dirac',0,0,0,NULL,1,0,0,0,0,0,0,1),(2162,1,9,1,NULL,NULL,NULL,0,'Dirac',0,0,0,NULL,1,0,0,0,0,0,0,1),(2163,1,10,1,NULL,NULL,NULL,0,'Thor',0,1,225,NULL,1,0,0,0,0,0,0,1),(2164,1,10,1,NULL,NULL,NULL,0,'Thor',0,1,225,NULL,1,0,0,0,0,0,0,1),(2165,1,10,1,NULL,NULL,NULL,0,'Thor',0,1,225,NULL,1,0,0,0,0,0,0,1),(2166,1,10,1,NULL,NULL,NULL,0,'Dirac',1,1,225,NULL,1,0,0,0,0,0,0,1),(2167,1,10,1,NULL,NULL,NULL,0,'Dirac',1,1,225,NULL,1,0,0,0,0,0,0,1),(2168,1,10,1,NULL,NULL,NULL,0,'Dirac',1,1,225,NULL,1,0,0,0,0,0,0,1),(2169,1,10,1,NULL,NULL,NULL,0,'Dirac',1,1,225,NULL,1,0,0,0,0,0,0,1),(2170,1,10,1,NULL,NULL,NULL,0,'Dirac',1,1,225,NULL,1,0,0,0,0,0,0,1),(2171,1,10,1,NULL,NULL,NULL,0,'Dirac',1,1,225,NULL,1,0,0,0,0,0,0,1),(2172,1,10,1,NULL,NULL,NULL,0,'Thor',0,2,90,NULL,1,0,0,0,0,0,0,1),(2173,1,10,1,NULL,NULL,NULL,0,'Thor',0,2,90,NULL,1,0,0,0,0,0,0,1),(2174,1,10,1,NULL,NULL,NULL,0,'Thor',0,2,90,NULL,1,0,0,0,0,0,0,1),(2175,1,10,1,NULL,NULL,NULL,0,'Dirac',1,2,90,NULL,1,0,0,0,0,0,0,1),(2176,1,10,1,NULL,NULL,NULL,0,'Dirac',1,2,90,NULL,1,0,0,0,0,0,0,1),(2177,1,10,1,NULL,NULL,NULL,0,'Dirac',1,2,90,NULL,1,0,0,0,0,0,0,1),(2178,1,10,1,NULL,NULL,NULL,0,'Dirac',1,2,90,NULL,1,0,0,0,0,0,0,1),(2179,1,10,1,NULL,NULL,NULL,0,'Dirac',1,2,90,NULL,1,0,0,0,0,0,0,1),(2180,1,10,1,NULL,NULL,NULL,0,'Dirac',1,2,90,NULL,1,0,0,0,0,0,0,1),(2181,1,10,1,NULL,NULL,NULL,0,'Thor',0,1,180,NULL,1,0,0,0,0,0,0,1),(2182,1,10,1,NULL,NULL,NULL,0,'Dirac',1,1,180,NULL,1,0,0,0,0,0,0,1),(2183,1,10,1,NULL,NULL,NULL,0,'Dirac',1,1,180,NULL,1,0,0,0,0,0,0,1),(2184,1,10,1,NULL,NULL,NULL,0,'Dirac',1,1,180,NULL,1,0,0,0,0,0,0,1),(2185,1,10,1,NULL,NULL,NULL,0,'Dirac',1,1,180,NULL,1,0,0,0,0,0,0,1),(2186,1,10,1,NULL,NULL,NULL,0,'Thor',0,1,315,NULL,1,0,0,0,0,0,0,1),(2187,1,10,1,NULL,NULL,NULL,0,'Dirac',1,1,315,NULL,1,0,0,0,0,0,0,1),(2188,1,10,1,NULL,NULL,NULL,0,'Dirac',1,1,315,NULL,1,0,0,0,0,0,0,1),(2189,1,10,1,NULL,NULL,NULL,0,'Dirac',1,1,315,NULL,1,0,0,0,0,0,0,1),(2190,1,10,1,NULL,NULL,NULL,0,'Dirac',1,1,315,NULL,1,0,0,0,0,0,0,1),(2191,1,10,1,NULL,NULL,NULL,0,'Thor',0,1,0,NULL,1,0,0,0,0,0,0,1),(2192,1,10,1,NULL,NULL,NULL,0,'Dirac',1,1,0,NULL,1,0,0,0,0,0,0,1),(2193,1,10,1,NULL,NULL,NULL,0,'Dirac',1,1,0,NULL,1,0,0,0,0,0,0,1),(2194,1,10,1,NULL,NULL,NULL,0,'Dirac',1,1,0,NULL,1,0,0,0,0,0,0,1),(2195,1,10,1,NULL,NULL,NULL,0,'Dirac',1,1,0,NULL,1,0,0,0,0,0,0,1),(2196,1,10,1,NULL,NULL,NULL,0,'Thor',0,2,60,NULL,1,0,0,0,0,0,0,1),(2197,1,10,1,NULL,NULL,NULL,0,'Thor',0,2,60,NULL,1,0,0,0,0,0,0,1),(2198,1,10,1,NULL,NULL,NULL,0,'Thor',0,2,60,NULL,1,0,0,0,0,0,0,1),(2199,1,10,1,NULL,NULL,NULL,0,'Dirac',1,2,60,NULL,1,0,0,0,0,0,0,1),(2200,1,10,1,NULL,NULL,NULL,0,'Dirac',1,2,60,NULL,1,0,0,0,0,0,0,1),(2201,1,10,1,NULL,NULL,NULL,0,'Dirac',1,2,60,NULL,1,0,0,0,0,0,0,1),(2202,1,10,1,NULL,NULL,NULL,0,'Dirac',1,2,60,NULL,1,0,0,0,0,0,0,1),(2203,1,10,1,NULL,NULL,NULL,0,'Dirac',1,2,60,NULL,1,0,0,0,0,0,0,1),(2204,1,10,1,NULL,NULL,NULL,0,'Dirac',1,2,60,NULL,1,0,0,0,0,0,0,1),(2205,1,10,1,NULL,NULL,NULL,0,'Demosis',0,3,224,NULL,1,0,0,0,0,0,0,1),(2206,1,10,1,NULL,NULL,NULL,0,'Thor',0,3,224,NULL,1,0,0,0,0,0,0,1),(2207,1,10,1,NULL,NULL,NULL,0,'Thor',0,3,224,NULL,1,0,0,0,0,0,0,1),(2208,1,10,1,NULL,NULL,NULL,0,'Thor',0,3,224,NULL,1,0,0,0,0,0,0,1),(2209,1,10,1,NULL,NULL,NULL,0,'Dirac',1,3,224,NULL,1,0,0,0,0,0,0,1),(2210,1,10,1,NULL,NULL,NULL,0,'Dirac',1,3,224,NULL,1,0,0,0,0,0,0,1),(2211,1,10,1,NULL,NULL,NULL,0,'Dirac',1,3,224,NULL,1,0,0,0,0,0,0,1),(2212,1,10,1,NULL,NULL,NULL,0,'Dirac',1,3,224,NULL,1,0,0,0,0,0,0,1),(2213,1,10,1,NULL,NULL,NULL,0,'Dirac',1,3,224,NULL,1,0,0,0,0,0,0,1),(2214,1,10,1,NULL,NULL,NULL,0,'Dirac',1,3,224,NULL,1,0,0,0,0,0,0,1),(2215,1,10,1,NULL,NULL,NULL,0,'Dirac',1,3,224,NULL,1,0,0,0,0,0,0,1),(2216,1,10,1,NULL,NULL,NULL,0,'Dirac',1,3,224,NULL,1,0,0,0,0,0,0,1),(2217,1,10,1,NULL,NULL,NULL,0,'Thor',0,2,30,NULL,1,0,0,0,0,0,0,1),(2218,1,10,1,NULL,NULL,NULL,0,'Thor',0,2,30,NULL,1,0,0,0,0,0,0,1),(2219,1,10,1,NULL,NULL,NULL,0,'Thor',0,2,30,NULL,1,0,0,0,0,0,0,1),(2220,1,10,1,NULL,NULL,NULL,0,'Dirac',1,2,30,NULL,1,0,0,0,0,0,0,1),(2221,1,10,1,NULL,NULL,NULL,0,'Dirac',1,2,30,NULL,1,0,0,0,0,0,0,1),(2222,1,10,1,NULL,NULL,NULL,0,'Dirac',1,2,30,NULL,1,0,0,0,0,0,0,1),(2223,1,10,1,NULL,NULL,NULL,0,'Dirac',1,2,30,NULL,1,0,0,0,0,0,0,1),(2224,1,10,1,NULL,NULL,NULL,0,'Dirac',1,2,30,NULL,1,0,0,0,0,0,0,1),(2225,1,10,1,NULL,NULL,NULL,0,'Dirac',1,2,30,NULL,1,0,0,0,0,0,0,1),(2226,1,10,1,NULL,NULL,NULL,0,'Dirac',0,1,135,NULL,1,0,0,0,0,0,0,1),(2227,1,10,1,NULL,NULL,NULL,0,'Dirac',0,1,135,NULL,1,0,0,0,0,0,0,1),(2228,1,10,1,NULL,NULL,NULL,0,'Dirac',0,1,135,NULL,1,0,0,0,0,0,0,1),(2229,1,10,1,NULL,NULL,NULL,0,'Dirac',0,1,135,NULL,1,0,0,0,0,0,0,1),(2230,1,139,4,NULL,NULL,NULL,0,'Glancer',1,NULL,NULL,NULL,1,0,0,0,0,0,0,1),(2231,1,139,4,NULL,NULL,NULL,0,'Glancer',1,NULL,NULL,NULL,1,0,0,0,0,0,0,1),(2232,1,139,4,NULL,NULL,NULL,0,'Gnat',0,NULL,NULL,NULL,1,0,0,0,0,0,0,1),(2233,1,139,4,NULL,NULL,NULL,0,'Gnat',0,NULL,NULL,NULL,1,0,0,0,0,0,0,1),(2234,1,139,4,NULL,NULL,NULL,0,'Gnat',1,NULL,NULL,NULL,1,0,0,0,0,0,0,1),(2235,1,140,4,NULL,NULL,NULL,0,'Glancer',1,NULL,NULL,NULL,1,0,0,0,0,0,0,1),(2236,1,140,4,NULL,NULL,NULL,0,'Gnat',0,NULL,NULL,NULL,1,0,0,0,0,0,0,1),(2237,1,140,4,NULL,NULL,NULL,0,'Gnat',0,NULL,NULL,NULL,1,0,0,0,0,0,0,1),(2238,1,140,4,NULL,NULL,NULL,0,'Gnat',1,NULL,NULL,NULL,1,0,0,0,0,0,0,1),(2239,1,140,4,NULL,NULL,NULL,0,'Gnat',1,NULL,NULL,NULL,1,0,0,0,0,0,0,1),(2240,1,141,4,NULL,NULL,NULL,0,'Gnat',0,NULL,NULL,NULL,1,0,0,0,0,0,0,1),(2241,1,141,4,NULL,NULL,NULL,0,'Gnat',0,NULL,NULL,NULL,1,0,0,0,0,0,0,1),(2242,1,141,4,NULL,NULL,NULL,0,'Gnat',1,NULL,NULL,NULL,1,0,0,0,0,0,0,1),(2243,1,141,4,NULL,NULL,NULL,0,'Gnat',1,NULL,NULL,NULL,1,0,0,0,0,0,0,1),(2244,1,142,4,NULL,NULL,NULL,0,'Glancer',1,NULL,NULL,NULL,1,0,0,0,0,0,0,1),(2245,1,142,4,NULL,NULL,NULL,0,'Gnat',0,NULL,NULL,NULL,1,0,0,0,0,0,0,1),(2246,1,142,4,NULL,NULL,NULL,0,'Gnat',0,NULL,NULL,NULL,1,0,0,0,0,0,0,1),(2247,1,142,4,NULL,NULL,NULL,0,'Gnat',1,NULL,NULL,NULL,1,0,0,0,0,0,0,1),(2248,1,142,4,NULL,NULL,NULL,0,'Gnat',1,NULL,NULL,NULL,1,0,0,0,0,0,0,1),(2249,1,143,4,NULL,NULL,NULL,0,'Glancer',1,NULL,NULL,NULL,1,0,0,0,0,0,0,1),(2250,1,143,4,NULL,NULL,NULL,0,'Glancer',1,NULL,NULL,NULL,1,0,0,0,0,0,0,1),(2251,1,143,4,NULL,NULL,NULL,0,'Gnat',0,NULL,NULL,NULL,1,0,0,0,0,0,0,1),(2252,1,143,4,NULL,NULL,NULL,0,'Gnat',0,NULL,NULL,NULL,1,0,0,0,0,0,0,1),(2253,1,143,4,NULL,NULL,NULL,0,'Gnat',1,NULL,NULL,NULL,1,0,0,0,0,0,0,1),(2254,1,143,4,NULL,NULL,NULL,0,'Gnat',1,NULL,NULL,NULL,1,0,0,0,0,0,0,1),(2255,1,143,4,NULL,NULL,NULL,0,'Gnat',1,NULL,NULL,NULL,1,0,0,0,0,0,0,1),(2256,1,143,4,NULL,NULL,NULL,0,'Gnat',1,NULL,NULL,NULL,1,0,0,0,0,0,0,1),(2257,1,144,4,NULL,NULL,NULL,0,'Glancer',1,NULL,NULL,NULL,1,0,0,0,0,0,0,1),(2258,1,144,4,NULL,NULL,NULL,0,'Glancer',1,NULL,NULL,NULL,1,0,0,0,0,0,0,1),(2259,1,144,4,NULL,NULL,NULL,0,'Gnat',0,NULL,NULL,NULL,1,0,0,0,0,0,0,1),(2260,1,144,4,NULL,NULL,NULL,0,'Gnat',0,NULL,NULL,NULL,1,0,0,0,0,0,0,1),(2261,1,144,4,NULL,NULL,NULL,0,'Gnat',1,NULL,NULL,NULL,1,0,0,0,0,0,0,1),(2262,1,144,4,NULL,NULL,NULL,0,'Gnat',0,NULL,NULL,NULL,1,0,0,0,0,0,0,1),(2263,1,145,4,NULL,NULL,NULL,0,'Gnawer',0,NULL,NULL,NULL,1,0,0,0,0,0,0,1),(2264,1,145,4,NULL,NULL,NULL,0,'Gnawer',0,NULL,NULL,NULL,1,0,0,0,0,0,0,1),(2265,1,145,4,NULL,NULL,NULL,0,'Spudder',0,NULL,NULL,NULL,1,0,0,0,0,0,0,1),(2266,1,145,4,NULL,NULL,NULL,0,'Spudder',0,NULL,NULL,NULL,1,0,0,0,0,0,0,1),(2267,1,145,4,NULL,NULL,NULL,0,'Glancer',1,NULL,NULL,NULL,1,0,0,0,0,0,0,1),(2268,1,145,4,NULL,NULL,NULL,0,'Gnat',0,NULL,NULL,NULL,1,0,0,0,0,0,0,1),(2269,1,145,4,NULL,NULL,NULL,0,'Glancer',1,NULL,NULL,NULL,1,0,0,0,0,0,0,1),(2270,1,145,4,NULL,NULL,NULL,0,'Glancer',1,NULL,NULL,NULL,1,0,0,0,0,0,0,1),(2271,1,145,4,NULL,NULL,NULL,0,'Glancer',1,NULL,NULL,NULL,1,0,0,0,0,0,0,1),(2272,1,145,4,NULL,NULL,NULL,0,'Glancer',1,NULL,NULL,NULL,1,0,0,0,0,0,0,1),(2273,1,145,4,NULL,NULL,NULL,0,'Glancer',1,NULL,NULL,NULL,1,0,0,0,0,0,0,1),(2274,1,145,4,NULL,NULL,NULL,0,'Gnat',0,NULL,NULL,NULL,1,0,0,0,0,0,0,1),(2275,1,145,4,NULL,NULL,NULL,0,'Gnat',0,NULL,NULL,NULL,1,0,0,0,0,0,0,1),(2276,1,145,4,NULL,NULL,NULL,0,'Gnat',1,NULL,NULL,NULL,1,0,0,0,0,0,0,1),(2277,1,145,4,NULL,NULL,NULL,0,'Gnat',0,NULL,NULL,NULL,1,0,0,0,0,0,0,1),(2278,1,145,4,NULL,NULL,NULL,0,'Gnat',0,NULL,NULL,NULL,1,0,0,0,0,0,0,1),(2279,1,145,4,NULL,NULL,NULL,0,'Gnat',1,NULL,NULL,NULL,1,0,0,0,0,0,0,1),(2280,1,146,4,NULL,NULL,NULL,0,'Gnawer',0,NULL,NULL,NULL,1,0,0,0,0,0,0,1),(2281,1,146,4,NULL,NULL,NULL,0,'Gnawer',0,NULL,NULL,NULL,1,0,0,0,0,0,0,1),(2282,1,146,4,NULL,NULL,NULL,0,'Spudder',0,NULL,NULL,NULL,1,0,0,0,0,0,0,1),(2283,1,146,4,NULL,NULL,NULL,0,'Spudder',0,NULL,NULL,NULL,1,0,0,0,0,0,0,1),(2284,1,146,4,NULL,NULL,NULL,0,'Spudder',1,NULL,NULL,NULL,1,0,0,0,0,0,0,1),(2285,1,146,4,NULL,NULL,NULL,0,'Spudder',0,NULL,NULL,NULL,1,0,0,0,0,0,0,1),(2286,1,146,4,NULL,NULL,NULL,0,'Spudder',0,NULL,NULL,NULL,1,0,0,0,0,0,0,1),(2287,1,146,4,NULL,NULL,NULL,0,'Glancer',1,NULL,NULL,NULL,1,0,0,0,0,0,0,1),(2288,1,146,4,NULL,NULL,NULL,0,'Gnat',0,NULL,NULL,NULL,1,0,0,0,0,0,0,1),(2289,1,146,4,NULL,NULL,NULL,0,'Glancer',1,NULL,NULL,NULL,1,0,0,0,0,0,0,1),(2290,1,146,4,NULL,NULL,NULL,0,'Glancer',1,NULL,NULL,NULL,1,0,0,0,0,0,0,1),(2291,1,146,4,NULL,NULL,NULL,0,'Glancer',1,NULL,NULL,NULL,1,0,0,0,0,0,0,1),(2292,1,146,4,NULL,NULL,NULL,0,'Gnat',0,NULL,NULL,NULL,1,0,0,0,0,0,0,1),(2293,1,146,4,NULL,NULL,NULL,0,'Gnat',0,NULL,NULL,NULL,1,0,0,0,0,0,0,1),(2294,1,146,4,NULL,NULL,NULL,0,'Gnat',1,NULL,NULL,NULL,1,0,0,0,0,0,0,1),(2295,1,146,4,NULL,NULL,NULL,0,'Gnat',0,NULL,NULL,NULL,1,0,0,0,0,0,0,1),(2296,1,146,4,NULL,NULL,NULL,0,'Gnat',1,NULL,NULL,NULL,1,0,0,0,0,0,0,1),(2297,1,146,4,NULL,NULL,NULL,0,'Gnat',1,NULL,NULL,NULL,1,0,0,0,0,0,0,1),(2298,1,146,4,NULL,NULL,NULL,0,'Gnat',0,NULL,NULL,NULL,1,0,0,0,0,0,0,1),(2299,1,147,4,NULL,NULL,NULL,0,'Spudder',0,NULL,NULL,NULL,1,0,0,0,0,0,0,1),(2300,1,147,4,NULL,NULL,NULL,0,'Glancer',1,NULL,NULL,NULL,1,0,0,0,0,0,0,1),(2301,1,147,4,NULL,NULL,NULL,0,'Glancer',1,NULL,NULL,NULL,1,0,0,0,0,0,0,1),(2302,1,147,4,NULL,NULL,NULL,0,'Glancer',1,NULL,NULL,NULL,1,0,0,0,0,0,0,1),(2303,1,147,4,NULL,NULL,NULL,0,'Gnat',0,NULL,NULL,NULL,1,0,0,0,0,0,0,1),(2304,1,147,4,NULL,NULL,NULL,0,'Gnat',0,NULL,NULL,NULL,1,0,0,0,0,0,0,1),(2305,1,147,4,NULL,NULL,NULL,0,'Gnat',1,NULL,NULL,NULL,1,0,0,0,0,0,0,1),(2306,1,147,4,NULL,NULL,NULL,0,'Gnat',0,NULL,NULL,NULL,1,0,0,0,0,0,0,1),(2307,1,147,4,NULL,NULL,NULL,0,'Gnat',1,NULL,NULL,NULL,1,0,0,0,0,0,0,1),(2308,1,148,4,NULL,NULL,NULL,0,'Spudder',0,NULL,NULL,NULL,1,0,0,0,0,0,0,1),(2309,1,148,4,NULL,NULL,NULL,0,'Glancer',1,NULL,NULL,NULL,1,0,0,0,0,0,0,1),(2310,1,148,4,NULL,NULL,NULL,0,'Gnat',0,NULL,NULL,NULL,1,0,0,0,0,0,0,1),(2311,1,148,4,NULL,NULL,NULL,0,'Glancer',1,NULL,NULL,NULL,1,0,0,0,0,0,0,1),(2312,1,148,4,NULL,NULL,NULL,0,'Glancer',1,NULL,NULL,NULL,1,0,0,0,0,0,0,1),(2313,1,148,4,NULL,NULL,NULL,0,'Gnat',0,NULL,NULL,NULL,1,0,0,0,0,0,0,1),(2314,1,148,4,NULL,NULL,NULL,0,'Gnat',0,NULL,NULL,NULL,1,0,0,0,0,0,0,1),(2315,1,148,4,NULL,NULL,NULL,0,'Gnat',1,NULL,NULL,NULL,1,0,0,0,0,0,0,1),(2316,1,148,4,NULL,NULL,NULL,0,'Gnat',0,NULL,NULL,NULL,1,0,0,0,0,0,0,1),(2317,1,148,4,NULL,NULL,NULL,0,'Gnat',0,NULL,NULL,NULL,1,0,0,0,0,0,0,1),(2318,1,149,4,NULL,NULL,NULL,0,'Gnawer',0,NULL,NULL,NULL,1,0,0,0,0,0,0,1),(2319,1,149,4,NULL,NULL,NULL,0,'Spudder',0,NULL,NULL,NULL,1,0,0,0,0,0,0,1),(2320,1,149,4,NULL,NULL,NULL,0,'Spudder',1,NULL,NULL,NULL,1,0,0,0,0,0,0,1),(2321,1,149,4,NULL,NULL,NULL,0,'Spudder',0,NULL,NULL,NULL,1,0,0,0,0,0,0,1),(2322,1,149,4,NULL,NULL,NULL,0,'Spudder',1,NULL,NULL,NULL,1,0,0,0,0,0,0,1),(2323,1,149,4,NULL,NULL,NULL,0,'Spudder',0,NULL,NULL,NULL,1,0,0,0,0,0,0,1),(2324,1,149,4,NULL,NULL,NULL,0,'Glancer',1,NULL,NULL,NULL,1,0,0,0,0,0,0,1),(2325,1,149,4,NULL,NULL,NULL,0,'Glancer',1,NULL,NULL,NULL,1,0,0,0,0,0,0,1),(2326,1,149,4,NULL,NULL,NULL,0,'Glancer',1,NULL,NULL,NULL,1,0,0,0,0,0,0,1),(2327,1,149,4,NULL,NULL,NULL,0,'Glancer',1,NULL,NULL,NULL,1,0,0,0,0,0,0,1),(2328,1,149,4,NULL,NULL,NULL,0,'Glancer',1,NULL,NULL,NULL,1,0,0,0,0,0,0,1),(2329,1,149,4,NULL,NULL,NULL,0,'Gnat',0,NULL,NULL,NULL,1,0,0,0,0,0,0,1),(2330,1,149,4,NULL,NULL,NULL,0,'Gnat',0,NULL,NULL,NULL,1,0,0,0,0,0,0,1),(2331,1,149,4,NULL,NULL,NULL,0,'Gnat',1,NULL,NULL,NULL,1,0,0,0,0,0,0,1),(2332,1,149,4,NULL,NULL,NULL,0,'Gnat',1,NULL,NULL,NULL,1,0,0,0,0,0,0,1),(2333,1,149,4,NULL,NULL,NULL,0,'Gnat',0,NULL,NULL,NULL,1,0,0,0,0,0,0,1),(2334,1,150,4,NULL,NULL,NULL,0,'Glancer',1,NULL,NULL,NULL,1,0,0,0,0,0,0,1),(2335,1,150,4,NULL,NULL,NULL,0,'Gnat',0,NULL,NULL,NULL,1,0,0,0,0,0,0,1),(2336,1,150,4,NULL,NULL,NULL,0,'Glancer',1,NULL,NULL,NULL,1,0,0,0,0,0,0,1),(2337,1,150,4,NULL,NULL,NULL,0,'Glancer',1,NULL,NULL,NULL,1,0,0,0,0,0,0,1),(2338,1,150,4,NULL,NULL,NULL,0,'Glancer',1,NULL,NULL,NULL,1,0,0,0,0,0,0,1),(2339,1,150,4,NULL,NULL,NULL,0,'Gnat',0,NULL,NULL,NULL,1,0,0,0,0,0,0,1),(2340,1,150,4,NULL,NULL,NULL,0,'Gnat',0,NULL,NULL,NULL,1,0,0,0,0,0,0,1),(2341,1,150,4,NULL,NULL,NULL,0,'Gnat',1,NULL,NULL,NULL,1,0,0,0,0,0,0,1),(2342,1,150,4,NULL,NULL,NULL,0,'Gnat',0,NULL,NULL,NULL,1,0,0,0,0,0,0,1),(2343,1,150,4,NULL,NULL,NULL,0,'Gnat',0,NULL,NULL,NULL,1,0,0,0,0,0,0,1),(2344,1,150,4,NULL,NULL,NULL,0,'Gnat',1,NULL,NULL,NULL,1,0,0,0,0,0,0,1),(2345,1,150,4,NULL,NULL,NULL,0,'Gnat',0,NULL,NULL,NULL,1,0,0,0,0,0,0,1),(2346,1,150,4,NULL,NULL,NULL,0,'Gnat',1,NULL,NULL,NULL,1,0,0,0,0,0,0,1),(2347,1,151,4,NULL,NULL,NULL,0,'Glancer',1,NULL,NULL,NULL,1,0,0,0,0,0,0,1),(2348,1,151,4,NULL,NULL,NULL,0,'Gnat',1,NULL,NULL,NULL,1,0,0,0,0,0,0,1),(2349,1,151,4,NULL,NULL,NULL,0,'Gnat',0,NULL,NULL,NULL,1,0,0,0,0,0,0,1),(2350,1,151,4,NULL,NULL,NULL,0,'Glancer',1,NULL,NULL,NULL,1,0,0,0,0,0,0,1),(2351,1,151,4,NULL,NULL,NULL,0,'Glancer',1,NULL,NULL,NULL,1,0,0,0,0,0,0,1),(2352,1,151,4,NULL,NULL,NULL,0,'Glancer',1,NULL,NULL,NULL,1,0,0,0,0,0,0,1),(2353,1,151,4,NULL,NULL,NULL,0,'Gnat',0,NULL,NULL,NULL,1,0,0,0,0,0,0,1),(2354,1,151,4,NULL,NULL,NULL,0,'Gnat',0,NULL,NULL,NULL,1,0,0,0,0,0,0,1),(2355,1,151,4,NULL,NULL,NULL,0,'Gnat',1,NULL,NULL,NULL,1,0,0,0,0,0,0,1),(2356,1,151,4,NULL,NULL,NULL,0,'Gnat',1,NULL,NULL,NULL,1,0,0,0,0,0,0,1),(2357,1,152,4,NULL,NULL,NULL,0,'Gnat',0,NULL,NULL,NULL,1,0,0,0,0,0,0,1),(2358,1,152,4,NULL,NULL,NULL,0,'Gnat',0,NULL,NULL,NULL,1,0,0,0,0,0,0,1),(2359,1,152,4,NULL,NULL,NULL,0,'Gnat',1,NULL,NULL,NULL,1,0,0,0,0,0,0,1),(2360,1,152,4,NULL,NULL,NULL,0,'Gnat',0,NULL,NULL,NULL,1,0,0,0,0,0,0,1),(2361,1,152,4,NULL,NULL,NULL,0,'Gnat',1,NULL,NULL,NULL,1,0,0,0,0,0,0,1),(2362,1,153,4,NULL,NULL,NULL,0,'Gnat',0,NULL,NULL,NULL,1,0,0,0,0,0,0,1),(2363,1,153,4,NULL,NULL,NULL,0,'Gnat',0,NULL,NULL,NULL,1,0,0,0,0,0,0,1),(2364,1,153,4,NULL,NULL,NULL,0,'Gnat',1,NULL,NULL,NULL,1,0,0,0,0,0,0,1),(2365,1,154,4,NULL,NULL,NULL,0,'Gnat',0,NULL,NULL,NULL,1,0,0,0,0,0,0,1),(2366,1,154,4,NULL,NULL,NULL,0,'Gnat',0,NULL,NULL,NULL,1,0,0,0,0,0,0,1),(2367,1,154,4,NULL,NULL,NULL,0,'Gnat',1,NULL,NULL,NULL,1,0,0,0,0,0,0,1),(2368,1,10,1,NULL,NULL,NULL,0,'Thor',0,0,90,NULL,1,0,0,0,0,0,0,1),(2369,1,10,1,NULL,NULL,NULL,0,'Dirac',1,0,90,NULL,1,0,0,0,0,0,0,1),(2370,1,10,1,NULL,NULL,NULL,0,'Dirac',1,0,90,NULL,1,0,0,0,0,0,0,1),(2371,1,10,1,NULL,NULL,NULL,0,'Dirac',1,0,90,NULL,1,0,0,0,0,0,0,1),(2372,1,10,1,NULL,NULL,NULL,0,'Dirac',1,0,90,NULL,1,0,0,0,0,0,0,1),(2373,1,10,1,NULL,NULL,NULL,0,'Thor',0,0,270,NULL,1,0,0,0,0,0,0,1),(2374,1,10,1,NULL,NULL,NULL,0,'Dirac',1,0,270,NULL,1,0,0,0,0,0,0,1),(2375,1,10,1,NULL,NULL,NULL,0,'Dirac',1,0,270,NULL,1,0,0,0,0,0,0,1),(2376,1,10,1,NULL,NULL,NULL,0,'Dirac',1,0,270,NULL,1,0,0,0,0,0,0,1),(2377,1,10,1,NULL,NULL,NULL,0,'Dirac',1,0,270,NULL,1,0,0,0,0,0,0,1),(2378,1,10,1,NULL,NULL,NULL,0,'Thor',0,2,270,NULL,1,0,0,0,0,0,0,1),(2379,1,10,1,NULL,NULL,NULL,0,'Dirac',1,2,270,NULL,1,0,0,0,0,0,0,1),(2380,1,10,1,NULL,NULL,NULL,0,'Dirac',1,2,270,NULL,1,0,0,0,0,0,0,1),(2381,1,10,1,NULL,NULL,NULL,0,'Dirac',1,2,270,NULL,1,0,0,0,0,0,0,1),(2382,1,10,1,NULL,NULL,NULL,0,'Dirac',1,2,270,NULL,1,0,0,0,0,0,0,1),(2383,1,155,4,NULL,NULL,NULL,0,'Glancer',1,NULL,NULL,NULL,1,0,0,0,0,0,0,1),(2384,1,155,4,NULL,NULL,NULL,0,'Gnat',0,NULL,NULL,NULL,1,0,0,0,0,0,0,1),(2385,1,155,4,NULL,NULL,NULL,0,'Gnat',0,NULL,NULL,NULL,1,0,0,0,0,0,0,1),(2386,1,155,4,NULL,NULL,NULL,0,'Gnat',0,NULL,NULL,NULL,1,0,0,0,0,0,0,1),(2387,1,155,4,NULL,NULL,NULL,0,'Gnat',1,NULL,NULL,NULL,1,0,0,0,0,0,0,1),(2388,1,155,4,NULL,NULL,NULL,0,'Gnat',1,NULL,NULL,NULL,1,0,0,0,0,0,0,1),(2389,1,155,4,NULL,NULL,NULL,0,'Gnat',1,NULL,NULL,NULL,1,0,0,0,0,0,0,1),(2390,1,156,4,NULL,NULL,NULL,0,'Glancer',1,NULL,NULL,NULL,1,0,0,0,0,0,0,1),(2391,1,156,4,NULL,NULL,NULL,0,'Gnat',0,NULL,NULL,NULL,1,0,0,0,0,0,0,1),(2392,1,156,4,NULL,NULL,NULL,0,'Gnat',1,NULL,NULL,NULL,1,0,0,0,0,0,0,1),(2393,1,156,4,NULL,NULL,NULL,0,'Glancer',1,NULL,NULL,NULL,1,0,0,0,0,0,0,1),(2394,1,156,4,NULL,NULL,NULL,0,'Gnat',0,NULL,NULL,NULL,1,0,0,0,0,0,0,1),(2395,1,156,4,NULL,NULL,NULL,0,'Glancer',1,NULL,NULL,NULL,1,0,0,0,0,0,0,1),(2396,1,156,4,NULL,NULL,NULL,0,'Gnat',0,NULL,NULL,NULL,1,0,0,0,0,0,0,1),(2397,1,156,4,NULL,NULL,NULL,0,'Gnat',0,NULL,NULL,NULL,1,0,0,0,0,0,0,1),(2398,1,156,4,NULL,NULL,NULL,0,'Gnat',0,NULL,NULL,NULL,1,0,0,0,0,0,0,1),(2399,1,156,4,NULL,NULL,NULL,0,'Gnat',1,NULL,NULL,NULL,1,0,0,0,0,0,0,1),(2400,1,156,4,NULL,NULL,NULL,0,'Gnat',1,NULL,NULL,NULL,1,0,0,0,0,0,0,1),(2401,1,156,4,NULL,NULL,NULL,0,'Gnat',1,NULL,NULL,NULL,1,0,0,0,0,0,0,1),(2402,1,157,4,NULL,NULL,NULL,0,'Gnat',0,NULL,NULL,NULL,1,0,0,0,0,0,0,1),(2403,1,157,4,NULL,NULL,NULL,0,'Gnat',0,NULL,NULL,NULL,1,0,0,0,0,0,0,1),(2404,1,157,4,NULL,NULL,NULL,0,'Gnat',1,NULL,NULL,NULL,1,0,0,0,0,0,0,1),(2405,1,157,4,NULL,NULL,NULL,0,'Gnat',1,NULL,NULL,NULL,1,0,0,0,0,0,0,1),(2406,1,157,4,NULL,NULL,NULL,0,'Gnat',1,NULL,NULL,NULL,1,0,0,0,0,0,0,1),(2407,1,158,4,NULL,NULL,NULL,0,'Gnat',0,NULL,NULL,NULL,1,0,0,0,0,0,0,1),(2408,1,158,4,NULL,NULL,NULL,0,'Gnat',0,NULL,NULL,NULL,1,0,0,0,0,0,0,1),(2409,1,158,4,NULL,NULL,NULL,0,'Gnat',1,NULL,NULL,NULL,1,0,0,0,0,0,0,1),(2410,1,158,4,NULL,NULL,NULL,0,'Gnat',1,NULL,NULL,NULL,1,0,0,0,0,0,0,1),(2411,1,158,4,NULL,NULL,NULL,0,'Gnat',1,NULL,NULL,NULL,1,0,0,0,0,0,0,1),(2412,1,159,4,NULL,NULL,NULL,0,'Glancer',1,NULL,NULL,NULL,1,0,0,0,0,0,0,1),(2413,1,159,4,NULL,NULL,NULL,0,'Gnat',0,NULL,NULL,NULL,1,0,0,0,0,0,0,1),(2414,1,159,4,NULL,NULL,NULL,0,'Gnat',0,NULL,NULL,NULL,1,0,0,0,0,0,0,1),(2415,1,159,4,NULL,NULL,NULL,0,'Gnat',0,NULL,NULL,NULL,1,0,0,0,0,0,0,1),(2416,1,159,4,NULL,NULL,NULL,0,'Gnat',1,NULL,NULL,NULL,1,0,0,0,0,0,0,1),(2417,1,159,4,NULL,NULL,NULL,0,'Gnat',1,NULL,NULL,NULL,1,0,0,0,0,0,0,1),(2418,1,159,4,NULL,NULL,NULL,0,'Gnat',1,NULL,NULL,NULL,1,0,0,0,0,0,0,1),(2419,1,160,4,NULL,NULL,NULL,0,'Gnat',0,NULL,NULL,NULL,1,0,0,0,0,0,0,1),(2420,1,160,4,NULL,NULL,NULL,0,'Gnat',0,NULL,NULL,NULL,1,0,0,0,0,0,0,1),(2421,1,160,4,NULL,NULL,NULL,0,'Gnat',1,NULL,NULL,NULL,1,0,0,0,0,0,0,1),(2422,1,160,4,NULL,NULL,NULL,0,'Gnat',1,NULL,NULL,NULL,1,0,0,0,0,0,0,1),(2423,1,160,4,NULL,NULL,NULL,0,'Gnat',1,NULL,NULL,NULL,1,0,0,0,0,0,0,1),(2424,1,161,4,NULL,NULL,NULL,0,'Gnat',0,NULL,NULL,NULL,1,0,0,0,0,0,0,1),(2425,1,161,4,NULL,NULL,NULL,0,'Gnat',0,NULL,NULL,NULL,1,0,0,0,0,0,0,1),(2426,1,161,4,NULL,NULL,NULL,0,'Gnat',1,NULL,NULL,NULL,1,0,0,0,0,0,0,1),(2427,1,161,4,NULL,NULL,NULL,0,'Gnat',1,NULL,NULL,NULL,1,0,0,0,0,0,0,1),(2428,1,161,4,NULL,NULL,NULL,0,'Gnat',1,NULL,NULL,NULL,1,0,0,0,0,0,0,1),(2429,1,162,4,NULL,NULL,NULL,0,'Glancer',1,NULL,NULL,NULL,1,0,0,0,0,0,0,1),(2430,1,162,4,NULL,NULL,NULL,0,'Gnat',0,NULL,NULL,NULL,1,0,0,0,0,0,0,1),(2431,1,162,4,NULL,NULL,NULL,0,'Gnat',1,NULL,NULL,NULL,1,0,0,0,0,0,0,1),(2432,1,162,4,NULL,NULL,NULL,0,'Glancer',1,NULL,NULL,NULL,1,0,0,0,0,0,0,1),(2433,1,162,4,NULL,NULL,NULL,0,'Gnat',0,NULL,NULL,NULL,1,0,0,0,0,0,0,1),(2434,1,162,4,NULL,NULL,NULL,0,'Glancer',1,NULL,NULL,NULL,1,0,0,0,0,0,0,1),(2435,1,162,4,NULL,NULL,NULL,0,'Gnat',0,NULL,NULL,NULL,1,0,0,0,0,0,0,1),(2436,1,162,4,NULL,NULL,NULL,0,'Gnat',0,NULL,NULL,NULL,1,0,0,0,0,0,0,1),(2437,1,162,4,NULL,NULL,NULL,0,'Gnat',0,NULL,NULL,NULL,1,0,0,0,0,0,0,1),(2438,1,162,4,NULL,NULL,NULL,0,'Gnat',1,NULL,NULL,NULL,1,0,0,0,0,0,0,1),(2439,1,162,4,NULL,NULL,NULL,0,'Gnat',1,NULL,NULL,NULL,1,0,0,0,0,0,0,1),(2440,1,162,4,NULL,NULL,NULL,0,'Gnat',1,NULL,NULL,NULL,1,0,0,0,0,0,0,1),(2441,1,163,4,NULL,NULL,NULL,0,'Glancer',1,NULL,NULL,NULL,1,0,0,0,0,0,0,1),(2442,1,163,4,NULL,NULL,NULL,0,'Gnat',0,NULL,NULL,NULL,1,0,0,0,0,0,0,1),(2443,1,163,4,NULL,NULL,NULL,0,'Gnat',1,NULL,NULL,NULL,1,0,0,0,0,0,0,1),(2444,1,163,4,NULL,NULL,NULL,0,'Glancer',1,NULL,NULL,NULL,1,0,0,0,0,0,0,1),(2445,1,163,4,NULL,NULL,NULL,0,'Gnat',0,NULL,NULL,NULL,1,0,0,0,0,0,0,1),(2446,1,163,4,NULL,NULL,NULL,0,'Glancer',1,NULL,NULL,NULL,1,0,0,0,0,0,0,1),(2447,1,163,4,NULL,NULL,NULL,0,'Gnat',0,NULL,NULL,NULL,1,0,0,0,0,0,0,1),(2448,1,163,4,NULL,NULL,NULL,0,'Gnat',0,NULL,NULL,NULL,1,0,0,0,0,0,0,1),(2449,1,163,4,NULL,NULL,NULL,0,'Gnat',0,NULL,NULL,NULL,1,0,0,0,0,0,0,1),(2450,1,163,4,NULL,NULL,NULL,0,'Gnat',1,NULL,NULL,NULL,1,0,0,0,0,0,0,1),(2451,1,163,4,NULL,NULL,NULL,0,'Gnat',1,NULL,NULL,NULL,1,0,0,0,0,0,0,1),(2452,1,163,4,NULL,NULL,NULL,0,'Gnat',1,NULL,NULL,NULL,1,0,0,0,0,0,0,1),(2453,1,164,4,NULL,NULL,NULL,0,'Gnat',0,NULL,NULL,NULL,1,0,0,0,0,0,0,1),(2454,1,164,4,NULL,NULL,NULL,0,'Gnat',0,NULL,NULL,NULL,1,0,0,0,0,0,0,1),(2455,1,164,4,NULL,NULL,NULL,0,'Gnat',1,NULL,NULL,NULL,1,0,0,0,0,0,0,1),(2456,1,164,4,NULL,NULL,NULL,0,'Gnat',1,NULL,NULL,NULL,1,0,0,0,0,0,0,1),(2457,1,164,4,NULL,NULL,NULL,0,'Gnat',1,NULL,NULL,NULL,1,0,0,0,0,0,0,1),(2458,1,165,4,NULL,NULL,NULL,0,'Gnat',0,NULL,NULL,NULL,1,0,0,0,0,0,0,1),(2459,1,165,4,NULL,NULL,NULL,0,'Gnat',0,NULL,NULL,NULL,1,0,0,0,0,0,0,1),(2460,1,165,4,NULL,NULL,NULL,0,'Gnat',1,NULL,NULL,NULL,1,0,0,0,0,0,0,1),(2461,1,165,4,NULL,NULL,NULL,0,'Gnat',1,NULL,NULL,NULL,1,0,0,0,0,0,0,1),(2462,1,165,4,NULL,NULL,NULL,0,'Gnat',1,NULL,NULL,NULL,1,0,0,0,0,0,0,1),(2463,1,166,4,NULL,NULL,NULL,0,'Glancer',1,NULL,NULL,NULL,1,0,0,0,0,0,0,1),(2464,1,166,4,NULL,NULL,NULL,0,'Gnat',0,NULL,NULL,NULL,1,0,0,0,0,0,0,1),(2465,1,166,4,NULL,NULL,NULL,0,'Gnat',0,NULL,NULL,NULL,1,0,0,0,0,0,0,1),(2466,1,166,4,NULL,NULL,NULL,0,'Gnat',0,NULL,NULL,NULL,1,0,0,0,0,0,0,1),(2467,1,166,4,NULL,NULL,NULL,0,'Gnat',1,NULL,NULL,NULL,1,0,0,0,0,0,0,1),(2468,1,166,4,NULL,NULL,NULL,0,'Gnat',1,NULL,NULL,NULL,1,0,0,0,0,0,0,1),(2469,1,166,4,NULL,NULL,NULL,0,'Gnat',1,NULL,NULL,NULL,1,0,0,0,0,0,0,1),(2470,1,167,4,NULL,NULL,NULL,0,'Glancer',1,NULL,NULL,NULL,1,0,0,0,0,0,0,1),(2471,1,167,4,NULL,NULL,NULL,0,'Gnat',0,NULL,NULL,NULL,1,0,0,0,0,0,0,1),(2472,1,167,4,NULL,NULL,NULL,0,'Gnat',0,NULL,NULL,NULL,1,0,0,0,0,0,0,1),(2473,1,167,4,NULL,NULL,NULL,0,'Gnat',0,NULL,NULL,NULL,1,0,0,0,0,0,0,1),(2474,1,167,4,NULL,NULL,NULL,0,'Gnat',1,NULL,NULL,NULL,1,0,0,0,0,0,0,1),(2475,1,167,4,NULL,NULL,NULL,0,'Gnat',1,NULL,NULL,NULL,1,0,0,0,0,0,0,1),(2476,1,167,4,NULL,NULL,NULL,0,'Gnat',1,NULL,NULL,NULL,1,0,0,0,0,0,0,1),(2477,1,168,4,NULL,NULL,NULL,0,'Gnat',0,NULL,NULL,NULL,1,0,0,0,0,0,0,1),(2478,1,168,4,NULL,NULL,NULL,0,'Gnat',0,NULL,NULL,NULL,1,0,0,0,0,0,0,1),(2479,1,168,4,NULL,NULL,NULL,0,'Gnat',1,NULL,NULL,NULL,1,0,0,0,0,0,0,1),(2480,1,168,4,NULL,NULL,NULL,0,'Gnat',1,NULL,NULL,NULL,1,0,0,0,0,0,0,1),(2481,1,168,4,NULL,NULL,NULL,0,'Gnat',1,NULL,NULL,NULL,1,0,0,0,0,0,0,1),(2482,1,169,4,NULL,NULL,NULL,0,'Gnat',0,NULL,NULL,NULL,1,0,0,0,0,0,0,1),(2483,1,169,4,NULL,NULL,NULL,0,'Gnat',0,NULL,NULL,NULL,1,0,0,0,0,0,0,1),(2484,1,169,4,NULL,NULL,NULL,0,'Gnat',1,NULL,NULL,NULL,1,0,0,0,0,0,0,1),(2485,1,169,4,NULL,NULL,NULL,0,'Gnat',1,NULL,NULL,NULL,1,0,0,0,0,0,0,1),(2486,1,169,4,NULL,NULL,NULL,0,'Gnat',1,NULL,NULL,NULL,1,0,0,0,0,0,0,1),(2487,1,176,4,NULL,NULL,NULL,0,'Glancer',1,NULL,NULL,NULL,1,0,0,0,0,0,0,1),(2488,1,176,4,NULL,NULL,NULL,0,'Gnat',0,NULL,NULL,NULL,1,0,0,0,0,0,0,1),(2489,1,176,4,NULL,NULL,NULL,0,'Gnat',1,NULL,NULL,NULL,1,0,0,0,0,0,0,1),(2490,1,176,4,NULL,NULL,NULL,0,'Glancer',1,NULL,NULL,NULL,1,0,0,0,0,0,0,1),(2491,1,176,4,NULL,NULL,NULL,0,'Gnat',0,NULL,NULL,NULL,1,0,0,0,0,0,0,1),(2492,1,176,4,NULL,NULL,NULL,0,'Glancer',1,NULL,NULL,NULL,1,0,0,0,0,0,0,1),(2493,1,176,4,NULL,NULL,NULL,0,'Gnat',0,NULL,NULL,NULL,1,0,0,0,0,0,0,1),(2494,1,176,4,NULL,NULL,NULL,0,'Gnat',0,NULL,NULL,NULL,1,0,0,0,0,0,0,1),(2495,1,176,4,NULL,NULL,NULL,0,'Gnat',0,NULL,NULL,NULL,1,0,0,0,0,0,0,1),(2496,1,176,4,NULL,NULL,NULL,0,'Gnat',1,NULL,NULL,NULL,1,0,0,0,0,0,0,1),(2497,1,176,4,NULL,NULL,NULL,0,'Gnat',1,NULL,NULL,NULL,1,0,0,0,0,0,0,1),(2498,1,176,4,NULL,NULL,NULL,0,'Gnat',1,NULL,NULL,NULL,1,0,0,0,0,0,0,1),(2499,1,177,4,NULL,NULL,NULL,0,'Gnat',0,NULL,NULL,NULL,1,0,0,0,0,0,0,1),(2500,1,177,4,NULL,NULL,NULL,0,'Gnat',0,NULL,NULL,NULL,1,0,0,0,0,0,0,1),(2501,1,177,4,NULL,NULL,NULL,0,'Gnat',1,NULL,NULL,NULL,1,0,0,0,0,0,0,1),(2502,1,177,4,NULL,NULL,NULL,0,'Gnat',1,NULL,NULL,NULL,1,0,0,0,0,0,0,1),(2503,1,177,4,NULL,NULL,NULL,0,'Gnat',1,NULL,NULL,NULL,1,0,0,0,0,0,0,1),(2504,1,183,4,NULL,NULL,NULL,0,'Glancer',1,NULL,NULL,NULL,1,0,0,0,0,0,0,1),(2505,1,183,4,NULL,NULL,NULL,0,'Gnat',0,NULL,NULL,NULL,1,0,0,0,0,0,0,1),(2506,1,183,4,NULL,NULL,NULL,0,'Gnat',1,NULL,NULL,NULL,1,0,0,0,0,0,0,1),(2507,1,183,4,NULL,NULL,NULL,0,'Glancer',1,NULL,NULL,NULL,1,0,0,0,0,0,0,1),(2508,1,183,4,NULL,NULL,NULL,0,'Gnat',0,NULL,NULL,NULL,1,0,0,0,0,0,0,1),(2509,1,183,4,NULL,NULL,NULL,0,'Glancer',1,NULL,NULL,NULL,1,0,0,0,0,0,0,1),(2510,1,183,4,NULL,NULL,NULL,0,'Gnat',0,NULL,NULL,NULL,1,0,0,0,0,0,0,1),(2511,1,183,4,NULL,NULL,NULL,0,'Gnat',0,NULL,NULL,NULL,1,0,0,0,0,0,0,1),(2512,1,183,4,NULL,NULL,NULL,0,'Gnat',0,NULL,NULL,NULL,1,0,0,0,0,0,0,1),(2513,1,183,4,NULL,NULL,NULL,0,'Gnat',1,NULL,NULL,NULL,1,0,0,0,0,0,0,1),(2514,1,183,4,NULL,NULL,NULL,0,'Gnat',1,NULL,NULL,NULL,1,0,0,0,0,0,0,1),(2515,1,183,4,NULL,NULL,NULL,0,'Gnat',1,NULL,NULL,NULL,1,0,0,0,0,0,0,1),(2516,1,184,4,NULL,NULL,NULL,0,'Gnat',0,NULL,NULL,NULL,1,0,0,0,0,0,0,1),(2517,1,184,4,NULL,NULL,NULL,0,'Gnat',0,NULL,NULL,NULL,1,0,0,0,0,0,0,1),(2518,1,184,4,NULL,NULL,NULL,0,'Gnat',1,NULL,NULL,NULL,1,0,0,0,0,0,0,1),(2519,1,184,4,NULL,NULL,NULL,0,'Gnat',1,NULL,NULL,NULL,1,0,0,0,0,0,0,1),(2520,1,184,4,NULL,NULL,NULL,0,'Gnat',1,NULL,NULL,NULL,1,0,0,0,0,0,0,1),(2521,1,193,4,NULL,NULL,NULL,0,'Gnat',0,NULL,NULL,NULL,1,0,0,0,0,0,0,1),(2522,1,193,4,NULL,NULL,NULL,0,'Gnat',0,NULL,NULL,NULL,1,0,0,0,0,0,0,1),(2523,1,193,4,NULL,NULL,NULL,0,'Gnat',1,NULL,NULL,NULL,1,0,0,0,0,0,0,1),(2524,1,193,4,NULL,NULL,NULL,0,'Gnat',1,NULL,NULL,NULL,1,0,0,0,0,0,0,1),(2525,1,193,4,NULL,NULL,NULL,0,'Gnat',1,NULL,NULL,NULL,1,0,0,0,0,0,0,1),(2526,1,194,4,NULL,NULL,NULL,0,'Glancer',1,NULL,NULL,NULL,1,0,0,0,0,0,0,1),(2527,1,194,4,NULL,NULL,NULL,0,'Gnat',0,NULL,NULL,NULL,1,0,0,0,0,0,0,1),(2528,1,194,4,NULL,NULL,NULL,0,'Gnat',1,NULL,NULL,NULL,1,0,0,0,0,0,0,1),(2529,1,194,4,NULL,NULL,NULL,0,'Glancer',1,NULL,NULL,NULL,1,0,0,0,0,0,0,1),(2530,1,194,4,NULL,NULL,NULL,0,'Gnat',0,NULL,NULL,NULL,1,0,0,0,0,0,0,1),(2531,1,194,4,NULL,NULL,NULL,0,'Glancer',1,NULL,NULL,NULL,1,0,0,0,0,0,0,1),(2532,1,194,4,NULL,NULL,NULL,0,'Gnat',0,NULL,NULL,NULL,1,0,0,0,0,0,0,1),(2533,1,194,4,NULL,NULL,NULL,0,'Gnat',0,NULL,NULL,NULL,1,0,0,0,0,0,0,1),(2534,1,194,4,NULL,NULL,NULL,0,'Gnat',0,NULL,NULL,NULL,1,0,0,0,0,0,0,1),(2535,1,194,4,NULL,NULL,NULL,0,'Gnat',1,NULL,NULL,NULL,1,0,0,0,0,0,0,1),(2536,1,194,4,NULL,NULL,NULL,0,'Gnat',1,NULL,NULL,NULL,1,0,0,0,0,0,0,1),(2537,1,194,4,NULL,NULL,NULL,0,'Gnat',1,NULL,NULL,NULL,1,0,0,0,0,0,0,1),(2538,1,195,4,NULL,NULL,NULL,0,'Gnat',0,NULL,NULL,NULL,1,0,0,0,0,0,0,1),(2539,1,195,4,NULL,NULL,NULL,0,'Gnat',0,NULL,NULL,NULL,1,0,0,0,0,0,0,1),(2540,1,195,4,NULL,NULL,NULL,0,'Gnat',1,NULL,NULL,NULL,1,0,0,0,0,0,0,1),(2541,1,195,4,NULL,NULL,NULL,0,'Gnat',1,NULL,NULL,NULL,1,0,0,0,0,0,0,1),(2542,1,195,4,NULL,NULL,NULL,0,'Gnat',1,NULL,NULL,NULL,1,0,0,0,0,0,0,1),(2543,1,196,4,NULL,NULL,NULL,0,'Gnat',0,NULL,NULL,NULL,1,0,0,0,0,0,0,1),(2544,1,196,4,NULL,NULL,NULL,0,'Gnat',0,NULL,NULL,NULL,1,0,0,0,0,0,0,1),(2545,1,196,4,NULL,NULL,NULL,0,'Gnat',1,NULL,NULL,NULL,1,0,0,0,0,0,0,1),(2546,1,196,4,NULL,NULL,NULL,0,'Gnat',1,NULL,NULL,NULL,1,0,0,0,0,0,0,1),(2547,1,196,4,NULL,NULL,NULL,0,'Gnat',1,NULL,NULL,NULL,1,0,0,0,0,0,0,1),(2548,1,197,4,NULL,NULL,NULL,0,'Glancer',1,NULL,NULL,NULL,1,0,0,0,0,0,0,1),(2549,1,197,4,NULL,NULL,NULL,0,'Gnat',0,NULL,NULL,NULL,1,0,0,0,0,0,0,1),(2550,1,197,4,NULL,NULL,NULL,0,'Gnat',1,NULL,NULL,NULL,1,0,0,0,0,0,0,1),(2551,1,197,4,NULL,NULL,NULL,0,'Glancer',1,NULL,NULL,NULL,1,0,0,0,0,0,0,1),(2552,1,197,4,NULL,NULL,NULL,0,'Gnat',0,NULL,NULL,NULL,1,0,0,0,0,0,0,1),(2553,1,197,4,NULL,NULL,NULL,0,'Glancer',1,NULL,NULL,NULL,1,0,0,0,0,0,0,1),(2554,1,197,4,NULL,NULL,NULL,0,'Gnat',0,NULL,NULL,NULL,1,0,0,0,0,0,0,1),(2555,1,197,4,NULL,NULL,NULL,0,'Gnat',0,NULL,NULL,NULL,1,0,0,0,0,0,0,1),(2556,1,197,4,NULL,NULL,NULL,0,'Gnat',0,NULL,NULL,NULL,1,0,0,0,0,0,0,1),(2557,1,197,4,NULL,NULL,NULL,0,'Gnat',1,NULL,NULL,NULL,1,0,0,0,0,0,0,1),(2558,1,197,4,NULL,NULL,NULL,0,'Gnat',1,NULL,NULL,NULL,1,0,0,0,0,0,0,1),(2559,1,197,4,NULL,NULL,NULL,0,'Gnat',1,NULL,NULL,NULL,1,0,0,0,0,0,0,1),(2560,1,198,4,NULL,NULL,NULL,0,'Gnat',0,NULL,NULL,NULL,1,0,0,0,0,0,0,1),(2561,1,198,4,NULL,NULL,NULL,0,'Gnat',0,NULL,NULL,NULL,1,0,0,0,0,0,0,1),(2562,1,198,4,NULL,NULL,NULL,0,'Gnat',1,NULL,NULL,NULL,1,0,0,0,0,0,0,1),(2563,1,198,4,NULL,NULL,NULL,0,'Gnat',1,NULL,NULL,NULL,1,0,0,0,0,0,0,1),(2564,1,198,4,NULL,NULL,NULL,0,'Gnat',1,NULL,NULL,NULL,1,0,0,0,0,0,0,1),(2565,1,199,4,NULL,NULL,NULL,0,'Gnat',0,NULL,NULL,NULL,1,0,0,0,0,0,0,1),(2566,1,199,4,NULL,NULL,NULL,0,'Gnat',0,NULL,NULL,NULL,1,0,0,0,0,0,0,1),(2567,1,199,4,NULL,NULL,NULL,0,'Gnat',1,NULL,NULL,NULL,1,0,0,0,0,0,0,1),(2568,1,199,4,NULL,NULL,NULL,0,'Gnat',1,NULL,NULL,NULL,1,0,0,0,0,0,0,1),(2569,1,199,4,NULL,NULL,NULL,0,'Gnat',1,NULL,NULL,NULL,1,0,0,0,0,0,0,1),(2570,1,200,4,NULL,NULL,NULL,0,'Gnat',0,NULL,NULL,NULL,1,0,0,0,0,0,0,1),(2571,1,200,4,NULL,NULL,NULL,0,'Gnat',0,NULL,NULL,NULL,1,0,0,0,0,0,0,1),(2572,1,200,4,NULL,NULL,NULL,0,'Gnat',1,NULL,NULL,NULL,1,0,0,0,0,0,0,1),(2573,1,200,4,NULL,NULL,NULL,0,'Gnat',1,NULL,NULL,NULL,1,0,0,0,0,0,0,1),(2574,1,200,4,NULL,NULL,NULL,0,'Gnat',1,NULL,NULL,NULL,1,0,0,0,0,0,0,1),(2575,1,201,4,NULL,NULL,NULL,0,'Gnat',0,NULL,NULL,NULL,1,0,0,0,0,0,0,1),(2576,1,201,4,NULL,NULL,NULL,0,'Gnat',0,NULL,NULL,NULL,1,0,0,0,0,0,0,1),(2577,1,201,4,NULL,NULL,NULL,0,'Gnat',1,NULL,NULL,NULL,1,0,0,0,0,0,0,1),(2578,1,201,4,NULL,NULL,NULL,0,'Gnat',1,NULL,NULL,NULL,1,0,0,0,0,0,0,1),(2579,1,201,4,NULL,NULL,NULL,0,'Gnat',1,NULL,NULL,NULL,1,0,0,0,0,0,0,1),(2580,1,202,4,NULL,NULL,NULL,0,'Gnat',0,NULL,NULL,NULL,1,0,0,0,0,0,0,1),(2581,1,202,4,NULL,NULL,NULL,0,'Gnat',0,NULL,NULL,NULL,1,0,0,0,0,0,0,1),(2582,1,202,4,NULL,NULL,NULL,0,'Gnat',1,NULL,NULL,NULL,1,0,0,0,0,0,0,1),(2583,1,202,4,NULL,NULL,NULL,0,'Gnat',1,NULL,NULL,NULL,1,0,0,0,0,0,0,1),(2584,1,202,4,NULL,NULL,NULL,0,'Gnat',1,NULL,NULL,NULL,1,0,0,0,0,0,0,1),(2585,1,203,4,NULL,NULL,NULL,0,'Gnat',0,NULL,NULL,NULL,1,0,0,0,0,0,0,1),(2586,1,203,4,NULL,NULL,NULL,0,'Gnat',0,NULL,NULL,NULL,1,0,0,0,0,0,0,1),(2587,1,203,4,NULL,NULL,NULL,0,'Gnat',1,NULL,NULL,NULL,1,0,0,0,0,0,0,1),(2588,1,203,4,NULL,NULL,NULL,0,'Gnat',1,NULL,NULL,NULL,1,0,0,0,0,0,0,1),(2589,1,203,4,NULL,NULL,NULL,0,'Gnat',1,NULL,NULL,NULL,1,0,0,0,0,0,0,1),(2590,1,204,4,NULL,NULL,NULL,0,'Gnat',0,NULL,NULL,NULL,1,0,0,0,0,0,0,1),(2591,1,204,4,NULL,NULL,NULL,0,'Gnat',0,NULL,NULL,NULL,1,0,0,0,0,0,0,1),(2592,1,204,4,NULL,NULL,NULL,0,'Gnat',1,NULL,NULL,NULL,1,0,0,0,0,0,0,1),(2593,1,204,4,NULL,NULL,NULL,0,'Gnat',1,NULL,NULL,NULL,1,0,0,0,0,0,0,1),(2594,1,204,4,NULL,NULL,NULL,0,'Gnat',1,NULL,NULL,NULL,1,0,0,0,0,0,0,1),(2595,1,205,4,NULL,NULL,NULL,0,'Glancer',1,NULL,NULL,NULL,1,0,0,0,0,0,0,1),(2596,1,205,4,NULL,NULL,NULL,0,'Gnat',0,NULL,NULL,NULL,1,0,0,0,0,0,0,1),(2597,1,205,4,NULL,NULL,NULL,0,'Gnat',1,NULL,NULL,NULL,1,0,0,0,0,0,0,1),(2598,1,205,4,NULL,NULL,NULL,0,'Glancer',1,NULL,NULL,NULL,1,0,0,0,0,0,0,1),(2599,1,205,4,NULL,NULL,NULL,0,'Gnat',0,NULL,NULL,NULL,1,0,0,0,0,0,0,1),(2600,1,205,4,NULL,NULL,NULL,0,'Glancer',1,NULL,NULL,NULL,1,0,0,0,0,0,0,1),(2601,1,205,4,NULL,NULL,NULL,0,'Gnat',0,NULL,NULL,NULL,1,0,0,0,0,0,0,1),(2602,1,205,4,NULL,NULL,NULL,0,'Gnat',0,NULL,NULL,NULL,1,0,0,0,0,0,0,1),(2603,1,205,4,NULL,NULL,NULL,0,'Gnat',0,NULL,NULL,NULL,1,0,0,0,0,0,0,1),(2604,1,205,4,NULL,NULL,NULL,0,'Gnat',1,NULL,NULL,NULL,1,0,0,0,0,0,0,1),(2605,1,205,4,NULL,NULL,NULL,0,'Gnat',1,NULL,NULL,NULL,1,0,0,0,0,0,0,1),(2606,1,205,4,NULL,NULL,NULL,0,'Gnat',1,NULL,NULL,NULL,1,0,0,0,0,0,0,1),(2607,1,206,4,NULL,NULL,NULL,0,'Gnat',0,NULL,NULL,NULL,1,0,0,0,0,0,0,1),(2608,1,206,4,NULL,NULL,NULL,0,'Gnat',0,NULL,NULL,NULL,1,0,0,0,0,0,0,1),(2609,1,206,4,NULL,NULL,NULL,0,'Gnat',1,NULL,NULL,NULL,1,0,0,0,0,0,0,1),(2610,1,206,4,NULL,NULL,NULL,0,'Gnat',1,NULL,NULL,NULL,1,0,0,0,0,0,0,1),(2611,1,206,4,NULL,NULL,NULL,0,'Gnat',1,NULL,NULL,NULL,1,0,0,0,0,0,0,1),(2612,1,74,2,NULL,NULL,NULL,0,'Gnawer',0,NULL,NULL,NULL,1,0,0,0,0,0,0,1),(2613,1,74,2,NULL,NULL,NULL,0,'Gnawer',0,NULL,NULL,NULL,1,0,0,0,0,0,0,1),(2614,1,74,2,NULL,NULL,NULL,0,'Gnawer',0,NULL,NULL,NULL,1,0,0,0,0,0,0,1),(2615,1,74,2,NULL,NULL,NULL,0,'Gnawer',1,NULL,NULL,NULL,1,0,0,0,0,0,0,1),(2616,1,74,2,NULL,NULL,NULL,0,'Gnawer',1,NULL,NULL,NULL,1,0,0,0,0,0,0,1),(2617,1,74,2,NULL,NULL,NULL,0,'Spudder',0,NULL,NULL,NULL,1,0,0,0,0,0,0,1),(2618,1,74,2,NULL,NULL,NULL,0,'Spudder',0,NULL,NULL,NULL,1,0,0,0,0,0,0,1),(2619,1,74,2,NULL,NULL,NULL,0,'Spudder',0,NULL,NULL,NULL,1,0,0,0,0,0,0,1),(2620,1,74,2,NULL,NULL,NULL,0,'Spudder',0,NULL,NULL,NULL,1,0,0,0,0,0,0,1),(2621,1,74,2,NULL,NULL,NULL,0,'Spudder',0,NULL,NULL,NULL,1,0,0,0,0,0,0,1),(2622,1,74,2,NULL,NULL,NULL,0,'Spudder',0,NULL,NULL,NULL,1,0,0,0,0,0,0,1),(2623,1,74,2,NULL,NULL,NULL,0,'Glancer',1,NULL,NULL,NULL,1,0,0,0,0,0,0,1),(2624,1,74,2,NULL,NULL,NULL,0,'Glancer',1,NULL,NULL,NULL,1,0,0,0,0,0,0,1),(2625,1,74,2,NULL,NULL,NULL,0,'Glancer',1,NULL,NULL,NULL,1,0,0,0,0,0,0,1),(2626,1,74,2,NULL,NULL,NULL,0,'Glancer',1,NULL,NULL,NULL,1,0,0,0,0,0,0,1),(2627,1,74,2,NULL,NULL,NULL,0,'Glancer',1,NULL,NULL,NULL,1,0,0,0,0,0,0,1),(2628,1,74,2,NULL,NULL,NULL,0,'Glancer',1,NULL,NULL,NULL,1,0,0,0,0,0,0,1),(2629,1,74,2,NULL,NULL,NULL,0,'Glancer',1,NULL,NULL,NULL,1,0,0,0,0,0,0,1),(2630,1,74,2,NULL,NULL,NULL,0,'Glancer',1,NULL,NULL,NULL,1,0,0,0,0,0,0,1),(2631,1,74,2,NULL,NULL,NULL,0,'Glancer',1,NULL,NULL,NULL,1,0,0,0,0,0,0,1),(2632,1,74,2,NULL,NULL,NULL,0,'Gnat',1,NULL,NULL,NULL,1,0,0,0,0,0,0,1),(2633,1,74,2,NULL,NULL,NULL,0,'Gnat',1,NULL,NULL,NULL,1,0,0,0,0,0,0,1),(2634,1,74,2,NULL,NULL,NULL,0,'Gnat',0,NULL,NULL,NULL,1,0,0,0,0,0,0,1),(2635,1,74,2,NULL,NULL,NULL,0,'Gnat',0,NULL,NULL,NULL,1,0,0,0,0,0,0,1),(2636,1,74,2,NULL,NULL,NULL,0,'Gnat',1,NULL,NULL,NULL,1,0,0,0,0,0,0,1),(2637,1,74,2,NULL,NULL,NULL,0,'Gnat',0,NULL,NULL,NULL,1,0,0,0,0,0,0,1),(2638,1,74,2,NULL,NULL,NULL,0,'Gnat',0,NULL,NULL,NULL,1,0,0,0,0,0,0,1),(2639,1,74,2,NULL,NULL,NULL,0,'Gnat',1,NULL,NULL,NULL,1,0,0,0,0,0,0,1),(2640,1,74,2,NULL,NULL,NULL,0,'Gnat',1,NULL,NULL,NULL,1,0,0,0,0,0,0,1),(2641,1,74,2,NULL,NULL,NULL,0,'Gnat',0,NULL,NULL,NULL,1,0,0,0,0,0,0,1),(2642,1,11,1,NULL,NULL,NULL,0,'Demosis',0,1,45,NULL,1,0,0,0,0,0,0,1),(2643,1,11,1,NULL,NULL,NULL,0,'Demosis',0,1,45,NULL,1,0,0,0,0,0,0,1),(2644,1,11,1,NULL,NULL,NULL,0,'Demosis',1,1,45,NULL,1,0,0,0,0,0,0,1),(2645,1,11,1,NULL,NULL,NULL,0,'Demosis',0,1,45,NULL,1,0,0,0,0,0,0,1),(2646,1,11,1,NULL,NULL,NULL,0,'Demosis',1,1,45,NULL,1,0,0,0,0,0,0,1),(2647,1,11,1,NULL,NULL,NULL,0,'Thor',0,1,45,NULL,1,0,0,0,0,0,0,1),(2648,1,11,1,NULL,NULL,NULL,0,'Thor',0,1,45,NULL,1,0,0,0,0,0,0,1),(2649,1,11,1,NULL,NULL,NULL,0,'Thor',1,1,45,NULL,1,0,0,0,0,0,0,1),(2650,1,11,1,NULL,NULL,NULL,0,'Thor',0,1,45,NULL,1,0,0,0,0,0,0,1),(2651,1,11,1,NULL,NULL,NULL,0,'Thor',1,1,45,NULL,1,0,0,0,0,0,0,1),(2652,1,11,1,NULL,NULL,NULL,0,'Thor',1,1,45,NULL,1,0,0,0,0,0,0,1),(2653,1,11,1,NULL,NULL,NULL,0,'Thor',1,1,45,NULL,1,0,0,0,0,0,0,1),(2654,1,11,1,NULL,NULL,NULL,0,'Thor',1,1,45,NULL,1,0,0,0,0,0,0,1),(2655,1,11,1,NULL,NULL,NULL,0,'Dirac',0,1,45,NULL,1,0,0,0,0,0,0,1),(2656,1,11,1,NULL,NULL,NULL,0,'Dirac',0,1,45,NULL,1,0,0,0,0,0,0,1),(2657,1,11,1,NULL,NULL,NULL,0,'Dirac',1,1,45,NULL,1,0,0,0,0,0,0,1),(2658,1,11,1,NULL,NULL,NULL,0,'Dirac',0,1,45,NULL,1,0,0,0,0,0,0,1),(2659,1,11,1,NULL,NULL,NULL,0,'Dirac',1,1,45,NULL,1,0,0,0,0,0,0,1);
/*!40000 ALTER TABLE `units` ENABLE KEYS */;
UNLOCK TABLES;

--
-- Table structure for table `wreckages`
--

DROP TABLE IF EXISTS `wreckages`;
/*!40101 SET @saved_cs_client     = @@character_set_client */;
/*!40101 SET character_set_client = utf8 */;
CREATE TABLE `wreckages` (
  `id` int(11) NOT NULL AUTO_INCREMENT,
  `galaxy_id` int(11) DEFAULT NULL,
  `location_id` int(11) NOT NULL,
  `location_type` tinyint(3) unsigned NOT NULL,
  `location_x` smallint(6) NOT NULL,
  `location_y` smallint(6) NOT NULL,
  `metal` float NOT NULL DEFAULT '0',
  `energy` float NOT NULL DEFAULT '0',
  `zetium` float NOT NULL DEFAULT '0',
  PRIMARY KEY (`id`),
  UNIQUE KEY `location` (`location_id`,`location_type`,`location_x`,`location_y`),
  KEY `galaxy_id` (`galaxy_id`),
  CONSTRAINT `wreckages_ibfk_1` FOREIGN KEY (`galaxy_id`) REFERENCES `galaxies` (`id`) ON DELETE CASCADE
) ENGINE=InnoDB DEFAULT CHARSET=utf8;
/*!40101 SET character_set_client = @saved_cs_client */;

--
-- Dumping data for table `wreckages`
--

LOCK TABLES `wreckages` WRITE;
/*!40000 ALTER TABLE `wreckages` DISABLE KEYS */;
/*!40000 ALTER TABLE `wreckages` ENABLE KEYS */;
UNLOCK TABLES;
/*!40103 SET TIME_ZONE=@OLD_TIME_ZONE */;

/*!40101 SET SQL_MODE=@OLD_SQL_MODE */;
/*!40014 SET FOREIGN_KEY_CHECKS=@OLD_FOREIGN_KEY_CHECKS */;
/*!40014 SET UNIQUE_CHECKS=@OLD_UNIQUE_CHECKS */;
/*!40101 SET CHARACTER_SET_CLIENT=@OLD_CHARACTER_SET_CLIENT */;
/*!40101 SET CHARACTER_SET_RESULTS=@OLD_CHARACTER_SET_RESULTS */;
/*!40101 SET COLLATION_CONNECTION=@OLD_COLLATION_CONNECTION */;
/*!40111 SET SQL_NOTES=@OLD_SQL_NOTES */;

-- Dump completed on 2011-07-15 16:32:52
