-- MySQL dump 10.13  Distrib 5.1.49, for debian-linux-gnu (i686)
--
-- Host: localhost    Database: spacegame
-- ------------------------------------------------------
-- Server version	5.1.49-1ubuntu8.1

/*!40101 SET @OLD_CHARACTER_SET_CLIENT=@@CHARACTER_SET_CLIENT */;
/*!40101 SET @OLD_CHARACTER_SET_RESULTS=@@CHARACTER_SET_RESULTS */;
/*!40101 SET @OLD_COLLATION_CONNECTION=@@COLLATION_CONNECTION */;
/*!40101 SET NAMES utf8 */;
/*!40103 SET @OLD_TIME_ZONE=@@TIME_ZONE */;
/*!40103 SET TIME_ZONE='+00:00' */;
/*!40014 SET @OLD_UNIQUE_CHECKS=@@UNIQUE_CHECKS, UNIQUE_CHECKS=0 */;
/*!40014 SET @OLD_FOREIGN_KEY_CHECKS=@@FOREIGN_KEY_CHECKS, FOREIGN_KEY_CHECKS=0 */;
/*!40101 SET @OLD_SQL_MODE=@@SQL_MODE, SQL_MODE='NO_AUTO_VALUE_ON_ZERO' */;
/*!40111 SET @OLD_SQL_NOTES=@@SQL_NOTES, SQL_NOTES=0 */;

--
-- Table structure for table `alliances`
--

DROP TABLE IF EXISTS `alliances`;
/*!40101 SET @saved_cs_client     = @@character_set_client */;
/*!40101 SET character_set_client = utf8 */;
CREATE TABLE `alliances` (
  `id` int(11) NOT NULL AUTO_INCREMENT,
  `name` varchar(50) NOT NULL,
  `galaxy_id` int(11) NOT NULL,
  `owner_id` int(11) NOT NULL,
  PRIMARY KEY (`id`),
  UNIQUE KEY `uniq_galaxy_name` (`name`,`galaxy_id`),
  KEY `foreign_key` (`galaxy_id`),
  KEY `owner_id` (`owner_id`),
  CONSTRAINT `alliances_ibfk_1` FOREIGN KEY (`galaxy_id`) REFERENCES `galaxies` (`id`) ON DELETE CASCADE,
  CONSTRAINT `alliances_ibfk_2` FOREIGN KEY (`owner_id`) REFERENCES `players` (`id`) ON DELETE NO ACTION
) ENGINE=InnoDB DEFAULT CHARSET=utf8;
/*!40101 SET character_set_client = @saved_cs_client */;

--
-- Dumping data for table `alliances`
--

LOCK TABLES `alliances` WRITE;
/*!40000 ALTER TABLE `alliances` DISABLE KEYS */;
/*!40000 ALTER TABLE `alliances` ENABLE KEYS */;
UNLOCK TABLES;

--
-- Table structure for table `buildings`
--

DROP TABLE IF EXISTS `buildings`;
/*!40101 SET @saved_cs_client     = @@character_set_client */;
/*!40101 SET character_set_client = utf8 */;
CREATE TABLE `buildings` (
  `id` int(11) NOT NULL AUTO_INCREMENT,
  `planet_id` int(11) DEFAULT NULL,
  `x` tinyint(2) unsigned NOT NULL DEFAULT '0',
  `y` tinyint(2) unsigned NOT NULL DEFAULT '0',
  `armor_mod` int(11) NOT NULL,
  `constructor_mod` int(11) NOT NULL,
  `energy_mod` int(11) NOT NULL,
  `level` tinyint(2) unsigned NOT NULL DEFAULT '0',
  `type` varchar(255) NOT NULL,
  `upgrade_ends_at` datetime DEFAULT NULL,
  `x_end` tinyint(2) unsigned NOT NULL DEFAULT '0',
  `y_end` tinyint(2) unsigned NOT NULL DEFAULT '0',
  `state` tinyint(2) NOT NULL DEFAULT '0',
  `hp` int(10) unsigned NOT NULL,
  `pause_remainder` int(10) unsigned DEFAULT NULL,
  `constructable_type` varchar(100) DEFAULT NULL,
  `constructable_id` int(11) DEFAULT NULL,
  `construction_mod` tinyint(2) unsigned NOT NULL DEFAULT '0',
  `cooldown_ends_at` datetime DEFAULT NULL,
  PRIMARY KEY (`id`),
  UNIQUE KEY `tiles_taken` (`planet_id`,`x`,`y`,`x_end`,`y_end`),
  KEY `index_buildings_on_construction_ends` (`upgrade_ends_at`),
  KEY `buildings_by_type` (`planet_id`,`type`),
  CONSTRAINT `buildings_ibfk_1` FOREIGN KEY (`planet_id`) REFERENCES `ss_objects` (`id`) ON DELETE CASCADE
) ENGINE=InnoDB AUTO_INCREMENT=150 DEFAULT CHARSET=utf8;
/*!40101 SET character_set_client = @saved_cs_client */;

--
-- Dumping data for table `buildings`
--

LOCK TABLES `buildings` WRITE;
/*!40000 ALTER TABLE `buildings` DISABLE KEYS */;
INSERT INTO `buildings` VALUES (1,1,2,3,0,0,0,1,'NpcTankFactory',NULL,5,6,1,200000,NULL,NULL,NULL,0,NULL),(2,1,13,4,0,0,0,1,'NpcSpaceFactory',NULL,17,7,1,450000,NULL,NULL,NULL,0,NULL),(3,1,10,7,0,0,0,1,'NpcHall',NULL,11,8,1,145000,NULL,NULL,NULL,0,NULL),(4,1,5,9,0,0,0,1,'NpcInfantryFactory',NULL,7,11,1,60000,NULL,NULL,NULL,0,NULL),(5,4,2,2,0,0,0,1,'NpcSpaceFactory',NULL,6,5,1,450000,NULL,NULL,NULL,0,NULL),(6,4,6,8,0,0,0,1,'NpcHall',NULL,7,9,1,145000,NULL,NULL,NULL,0,NULL),(7,4,1,10,0,0,0,1,'NpcInfantryFactory',NULL,3,12,1,60000,NULL,NULL,NULL,0,NULL),(8,4,10,11,0,0,0,1,'NpcTankFactory',NULL,13,14,1,200000,NULL,NULL,NULL,0,NULL),(9,5,6,5,0,0,0,1,'NpcInfantryFactory',NULL,8,7,1,60000,NULL,NULL,NULL,0,NULL),(10,5,10,8,0,0,0,1,'NpcHall',NULL,11,9,1,145000,NULL,NULL,NULL,0,NULL),(11,5,2,11,0,0,0,1,'NpcTankFactory',NULL,5,14,1,200000,NULL,NULL,NULL,0,NULL),(12,5,14,11,0,0,0,1,'NpcSpaceFactory',NULL,18,14,1,450000,NULL,NULL,NULL,0,NULL),(13,13,8,23,0,0,0,1,'NpcMetalExtractor',NULL,9,24,1,400,NULL,NULL,NULL,0,NULL),(14,13,1,12,0,0,0,1,'NpcMetalExtractor',NULL,2,13,1,400,NULL,NULL,NULL,0,NULL),(15,13,15,1,0,0,0,1,'NpcMetalExtractor',NULL,16,2,1,400,NULL,NULL,NULL,0,NULL),(16,13,10,1,0,0,0,1,'NpcGeothermalPlant',NULL,11,2,1,600,NULL,NULL,NULL,0,NULL),(17,13,19,1,0,0,0,1,'NpcGeothermalPlant',NULL,20,2,1,600,NULL,NULL,NULL,0,NULL),(18,13,2,8,0,0,0,1,'NpcZetiumExtractor',NULL,3,9,1,1600,NULL,NULL,NULL,0,NULL),(19,13,26,9,0,0,0,1,'NpcZetiumExtractor',NULL,27,10,1,1600,NULL,NULL,NULL,0,NULL),(20,13,19,16,0,0,0,1,'NpcJumpgate',NULL,23,20,1,8000,NULL,NULL,NULL,0,NULL),(21,13,20,24,0,0,0,1,'NpcJumpgate',NULL,24,28,1,8000,NULL,NULL,NULL,0,NULL),(22,13,14,12,0,0,0,1,'NpcResearchCenter',NULL,17,15,1,4000,NULL,NULL,NULL,0,NULL),(23,13,1,4,0,0,0,1,'NpcCommunicationsHub',NULL,4,5,1,1200,NULL,NULL,NULL,0,NULL),(24,13,5,0,0,0,0,1,'NpcExcavationSite',NULL,8,3,1,3000,NULL,NULL,NULL,0,NULL),(25,13,26,22,0,0,0,1,'NpcTemple',NULL,28,24,1,2500,NULL,NULL,NULL,0,NULL),(26,13,7,15,0,0,0,1,'NpcCommunicationsHub',NULL,10,16,1,1200,NULL,NULL,NULL,0,NULL),(27,13,17,21,0,0,0,1,'NpcSolarPlant',NULL,18,22,1,1000,NULL,NULL,NULL,0,NULL),(28,13,5,4,0,0,0,1,'NpcSolarPlant',NULL,6,5,1,1000,NULL,NULL,NULL,0,NULL),(29,13,6,18,0,0,0,1,'NpcSolarPlant',NULL,7,19,1,1000,NULL,NULL,NULL,0,NULL),(30,25,13,2,0,0,0,1,'NpcMetalExtractor',NULL,14,3,1,400,NULL,NULL,NULL,0,NULL),(31,25,3,2,0,0,0,1,'NpcMetalExtractor',NULL,4,3,1,400,NULL,NULL,NULL,0,NULL),(32,25,1,25,0,0,0,1,'NpcGeothermalPlant',NULL,2,26,1,600,NULL,NULL,NULL,0,NULL),(33,25,10,16,0,0,0,1,'NpcZetiumExtractor',NULL,11,17,1,1600,NULL,NULL,NULL,0,NULL),(34,25,12,7,0,0,0,1,'NpcZetiumExtractor',NULL,13,8,1,1600,NULL,NULL,NULL,0,NULL),(35,25,5,24,0,0,0,1,'NpcZetiumExtractor',NULL,6,25,1,1600,NULL,NULL,NULL,0,NULL),(36,25,7,10,0,0,0,1,'NpcJumpgate',NULL,11,14,1,8000,NULL,NULL,NULL,0,NULL),(37,25,15,11,0,0,0,1,'NpcJumpgate',NULL,19,15,1,8000,NULL,NULL,NULL,0,NULL),(38,25,9,19,0,0,0,1,'NpcExcavationSite',NULL,12,22,1,3000,NULL,NULL,NULL,0,NULL),(39,25,0,19,0,0,0,1,'NpcTemple',NULL,2,21,1,2500,NULL,NULL,NULL,0,NULL),(40,25,5,20,0,0,0,1,'NpcCommunicationsHub',NULL,8,21,1,1200,NULL,NULL,NULL,0,NULL),(41,25,0,22,0,0,0,1,'NpcSolarPlant',NULL,1,23,1,1000,NULL,NULL,NULL,0,NULL),(42,25,3,15,0,0,0,1,'NpcSolarPlant',NULL,4,16,1,1000,NULL,NULL,NULL,0,NULL),(43,32,25,24,0,0,0,1,'NpcMetalExtractor',NULL,26,25,1,400,NULL,NULL,NULL,0,NULL),(44,32,10,5,0,0,0,1,'NpcMetalExtractor',NULL,11,6,1,400,NULL,NULL,NULL,0,NULL),(45,32,25,6,0,0,0,1,'NpcGeothermalPlant',NULL,26,7,1,600,NULL,NULL,NULL,0,NULL),(46,32,20,28,0,0,0,1,'NpcZetiumExtractor',NULL,21,29,1,1600,NULL,NULL,NULL,0,NULL),(47,32,26,10,0,0,0,1,'NpcZetiumExtractor',NULL,27,11,1,1600,NULL,NULL,NULL,0,NULL),(48,32,1,16,0,0,0,1,'NpcZetiumExtractor',NULL,2,17,1,1600,NULL,NULL,NULL,0,NULL),(49,32,4,2,0,0,0,1,'NpcZetiumExtractor',NULL,5,3,1,1600,NULL,NULL,NULL,0,NULL),(50,32,22,0,0,0,0,1,'NpcJumpgate',NULL,26,4,1,8000,NULL,NULL,NULL,0,NULL),(51,32,10,15,0,0,0,1,'NpcResearchCenter',NULL,13,18,1,4000,NULL,NULL,NULL,0,NULL),(52,32,4,16,0,0,0,1,'NpcCommunicationsHub',NULL,7,17,1,1200,NULL,NULL,NULL,0,NULL),(53,32,20,14,0,0,0,1,'NpcSolarPlant',NULL,21,15,1,1000,NULL,NULL,NULL,0,NULL),(54,32,17,27,0,0,0,1,'NpcSolarPlant',NULL,18,28,1,1000,NULL,NULL,NULL,0,NULL),(55,32,22,16,0,0,0,1,'NpcSolarPlant',NULL,23,17,1,1000,NULL,NULL,NULL,0,NULL),(56,32,24,19,0,0,0,1,'NpcSolarPlant',NULL,25,20,1,1000,NULL,NULL,NULL,0,NULL),(57,44,10,4,0,0,0,1,'NpcMetalExtractor',NULL,11,5,1,400,NULL,NULL,NULL,0,NULL),(58,44,2,27,0,0,0,1,'NpcMetalExtractor',NULL,3,28,1,400,NULL,NULL,NULL,0,NULL),(59,44,22,7,0,0,0,1,'NpcMetalExtractor',NULL,23,8,1,400,NULL,NULL,NULL,0,NULL),(60,44,14,21,0,0,0,1,'NpcMetalExtractor',NULL,15,22,1,400,NULL,NULL,NULL,0,NULL),(61,44,1,21,0,0,0,1,'NpcMetalExtractor',NULL,2,22,1,400,NULL,NULL,NULL,0,NULL),(62,44,12,8,0,0,0,1,'NpcMetalExtractor',NULL,13,9,1,400,NULL,NULL,NULL,0,NULL),(63,44,18,16,0,0,0,1,'NpcMetalExtractor',NULL,19,17,1,400,NULL,NULL,NULL,0,NULL),(64,44,23,18,0,0,0,1,'NpcZetiumExtractor',NULL,24,19,1,1600,NULL,NULL,NULL,0,NULL),(65,44,18,21,0,0,0,1,'NpcZetiumExtractor',NULL,19,22,1,1600,NULL,NULL,NULL,0,NULL),(66,44,4,21,0,0,0,1,'NpcJumpgate',NULL,8,25,1,8000,NULL,NULL,NULL,0,NULL),(67,44,22,1,0,0,0,1,'NpcJumpgate',NULL,26,5,1,8000,NULL,NULL,NULL,0,NULL),(68,44,20,24,0,0,0,1,'NpcJumpgate',NULL,24,28,1,8000,NULL,NULL,NULL,0,NULL),(69,44,9,16,0,0,0,1,'NpcResearchCenter',NULL,12,19,1,4000,NULL,NULL,NULL,0,NULL),(70,44,7,8,0,0,0,1,'NpcCommunicationsHub',NULL,10,9,1,1200,NULL,NULL,NULL,0,NULL),(71,44,2,17,0,0,0,1,'NpcTemple',NULL,4,19,1,2500,NULL,NULL,NULL,0,NULL),(72,44,9,28,0,0,0,1,'NpcCommunicationsHub',NULL,12,29,1,1200,NULL,NULL,NULL,0,NULL),(73,44,14,17,0,0,0,1,'NpcSolarPlant',NULL,15,18,1,1000,NULL,NULL,NULL,0,NULL),(74,44,1,6,0,0,0,1,'NpcSolarPlant',NULL,2,7,1,1000,NULL,NULL,NULL,0,NULL),(75,44,17,13,0,0,0,1,'NpcSolarPlant',NULL,18,14,1,1000,NULL,NULL,NULL,0,NULL),(76,45,20,20,0,0,0,1,'NpcMetalExtractor',NULL,21,21,1,400,NULL,NULL,NULL,0,NULL),(77,45,16,18,0,0,0,1,'NpcGeothermalPlant',NULL,17,19,1,600,NULL,NULL,NULL,0,NULL),(78,45,16,11,0,0,0,1,'NpcGeothermalPlant',NULL,17,12,1,600,NULL,NULL,NULL,0,NULL),(79,45,10,9,0,0,0,1,'NpcZetiumExtractor',NULL,11,10,1,1600,NULL,NULL,NULL,0,NULL),(80,45,11,2,0,0,0,1,'NpcZetiumExtractor',NULL,12,3,1,1600,NULL,NULL,NULL,0,NULL),(81,45,23,24,0,0,0,1,'NpcZetiumExtractor',NULL,24,25,1,1600,NULL,NULL,NULL,0,NULL),(82,45,19,3,0,0,0,1,'NpcZetiumExtractor',NULL,20,4,1,1600,NULL,NULL,NULL,0,NULL),(83,45,20,9,0,0,0,1,'NpcJumpgate',NULL,24,13,1,8000,NULL,NULL,NULL,0,NULL),(84,45,3,3,0,0,0,1,'NpcJumpgate',NULL,7,7,1,8000,NULL,NULL,NULL,0,NULL),(85,45,15,6,0,0,0,1,'NpcResearchCenter',NULL,18,9,1,4000,NULL,NULL,NULL,0,NULL),(86,45,17,24,0,0,0,1,'NpcExcavationSite',NULL,20,27,1,3000,NULL,NULL,NULL,0,NULL),(87,45,13,24,0,0,0,1,'NpcTemple',NULL,15,26,1,2500,NULL,NULL,NULL,0,NULL),(88,45,6,22,0,0,0,1,'NpcCommunicationsHub',NULL,9,23,1,1200,NULL,NULL,NULL,0,NULL),(89,45,2,12,0,0,0,1,'NpcSolarPlant',NULL,3,13,1,1000,NULL,NULL,NULL,0,NULL),(90,45,13,27,0,0,0,1,'NpcSolarPlant',NULL,14,28,1,1000,NULL,NULL,NULL,0,NULL),(91,45,15,0,0,0,0,1,'NpcSolarPlant',NULL,16,1,1,1000,NULL,NULL,NULL,0,NULL),(92,45,0,13,0,0,0,1,'NpcSolarPlant',NULL,1,14,1,1000,NULL,NULL,NULL,0,NULL),(93,49,22,19,0,0,0,1,'NpcMetalExtractor',NULL,23,20,1,400,NULL,NULL,NULL,0,NULL),(94,49,10,24,0,0,0,1,'NpcMetalExtractor',NULL,11,25,1,400,NULL,NULL,NULL,0,NULL),(95,49,5,23,0,0,0,1,'NpcMetalExtractor',NULL,6,24,1,400,NULL,NULL,NULL,0,NULL),(96,49,17,10,0,0,0,1,'NpcMetalExtractor',NULL,18,11,1,400,NULL,NULL,NULL,0,NULL),(97,49,4,3,0,0,0,1,'NpcMetalExtractor',NULL,5,4,1,400,NULL,NULL,NULL,0,NULL),(98,49,30,15,0,0,0,1,'NpcZetiumExtractor',NULL,31,16,1,1600,NULL,NULL,NULL,0,NULL),(99,49,1,7,0,0,0,1,'NpcZetiumExtractor',NULL,2,8,1,1600,NULL,NULL,NULL,0,NULL),(100,49,30,20,0,0,0,1,'NpcZetiumExtractor',NULL,31,21,1,1600,NULL,NULL,NULL,0,NULL),(101,49,10,8,0,0,0,1,'NpcJumpgate',NULL,14,12,1,8000,NULL,NULL,NULL,0,NULL),(102,49,11,1,0,0,0,1,'NpcJumpgate',NULL,15,5,1,8000,NULL,NULL,NULL,0,NULL),(103,49,29,0,0,0,0,1,'NpcResearchCenter',NULL,32,3,1,4000,NULL,NULL,NULL,0,NULL),(104,49,5,13,0,0,0,1,'NpcExcavationSite',NULL,8,16,1,3000,NULL,NULL,NULL,0,NULL),(105,49,1,11,0,0,0,1,'NpcCommunicationsHub',NULL,4,12,1,1200,NULL,NULL,NULL,0,NULL),(106,49,5,7,0,0,0,1,'NpcExcavationSite',NULL,8,10,1,3000,NULL,NULL,NULL,0,NULL),(107,49,17,0,0,0,0,1,'NpcTemple',NULL,19,2,1,2500,NULL,NULL,NULL,0,NULL),(108,49,12,20,0,0,0,1,'NpcCommunicationsHub',NULL,15,21,1,1200,NULL,NULL,NULL,0,NULL),(109,49,1,24,0,0,0,1,'NpcSolarPlant',NULL,2,25,1,1000,NULL,NULL,NULL,0,NULL),(110,49,8,19,0,0,0,1,'NpcSolarPlant',NULL,9,20,1,1000,NULL,NULL,NULL,0,NULL),(111,49,2,17,0,0,0,1,'NpcSolarPlant',NULL,3,18,1,1000,NULL,NULL,NULL,0,NULL),(112,56,0,0,0,0,0,1,'NpcMetalExtractor',NULL,1,1,1,400,NULL,NULL,NULL,0,NULL),(113,56,7,0,0,0,0,1,'NpcCommunicationsHub',NULL,10,1,1,1200,NULL,NULL,NULL,0,NULL),(114,56,18,0,0,0,0,1,'NpcSolarPlant',NULL,19,1,1,1000,NULL,NULL,NULL,0,NULL),(115,56,3,1,0,0,0,1,'NpcMetalExtractor',NULL,4,2,1,400,NULL,NULL,NULL,0,NULL),(116,56,12,1,0,0,0,1,'NpcSolarPlant',NULL,13,2,1,1000,NULL,NULL,NULL,0,NULL),(117,56,22,1,0,0,0,1,'NpcSolarPlant',NULL,23,2,1,1000,NULL,NULL,NULL,0,NULL),(118,56,26,1,0,0,0,1,'NpcCommunicationsHub',NULL,29,2,1,1200,NULL,NULL,NULL,0,NULL),(119,56,15,3,0,0,0,1,'NpcSolarPlant',NULL,16,4,1,1000,NULL,NULL,NULL,0,NULL),(120,56,18,3,0,0,0,1,'NpcSolarPlant',NULL,19,4,1,1000,NULL,NULL,NULL,0,NULL),(121,56,24,4,0,0,0,1,'NpcMetalExtractor',NULL,25,5,1,400,NULL,NULL,NULL,0,NULL),(122,56,28,4,0,0,0,1,'NpcMetalExtractor',NULL,29,5,1,400,NULL,NULL,NULL,0,NULL),(123,56,9,8,0,0,0,1,'Vulcan',NULL,10,9,1,2000,NULL,NULL,NULL,0,NULL),(124,56,11,8,0,0,0,1,'Screamer',NULL,12,9,1,2600,NULL,NULL,NULL,0,NULL),(125,56,13,8,0,0,0,1,'Thunder',NULL,14,9,1,4000,NULL,NULL,NULL,0,NULL),(126,56,15,8,0,0,0,1,'Vulcan',NULL,16,9,1,2000,NULL,NULL,NULL,0,NULL),(127,56,17,8,0,0,0,1,'Screamer',NULL,18,9,1,2600,NULL,NULL,NULL,0,NULL),(128,56,19,8,0,0,0,1,'Thunder',NULL,20,9,1,4000,NULL,NULL,NULL,0,NULL),(129,56,25,8,0,0,0,1,'NpcCommunicationsHub',NULL,28,9,1,1200,NULL,NULL,NULL,0,NULL),(130,56,9,10,0,0,0,1,'Thunder',NULL,10,11,1,4000,NULL,NULL,NULL,0,NULL),(131,56,11,10,0,0,0,1,'Mothership',NULL,18,15,1,10500,NULL,NULL,NULL,0,NULL),(132,56,19,10,0,0,0,1,'Vulcan',NULL,20,11,1,2000,NULL,NULL,NULL,0,NULL),(133,56,9,12,0,0,0,1,'Screamer',NULL,10,13,1,2600,NULL,NULL,NULL,0,NULL),(134,56,19,12,0,0,0,1,'Screamer',NULL,20,13,1,2600,NULL,NULL,NULL,0,NULL),(135,56,26,12,0,0,0,1,'NpcZetiumExtractor',NULL,27,13,1,1600,NULL,NULL,NULL,0,NULL),(136,56,9,14,0,0,0,1,'Vulcan',NULL,10,15,1,2000,NULL,NULL,NULL,0,NULL),(137,56,19,14,0,0,0,1,'Thunder',NULL,20,15,1,4000,NULL,NULL,NULL,0,NULL),(138,56,9,16,0,0,0,1,'Thunder',NULL,10,17,1,4000,NULL,NULL,NULL,0,NULL),(139,56,11,16,0,0,0,1,'Vulcan',NULL,12,17,1,2000,NULL,NULL,NULL,0,NULL),(140,56,13,16,0,0,0,1,'Thunder',NULL,14,17,1,4000,NULL,NULL,NULL,0,NULL),(141,56,15,16,0,0,0,1,'Screamer',NULL,16,17,1,2600,NULL,NULL,NULL,0,NULL),(142,56,17,16,0,0,0,1,'Thunder',NULL,18,17,1,4000,NULL,NULL,NULL,0,NULL),(143,56,19,16,0,0,0,1,'Vulcan',NULL,20,17,1,2000,NULL,NULL,NULL,0,NULL),(144,56,13,26,0,0,0,1,'NpcSolarPlant',NULL,14,27,1,1000,NULL,NULL,NULL,0,NULL),(145,56,20,27,0,0,0,1,'NpcSolarPlant',NULL,21,28,1,1000,NULL,NULL,NULL,0,NULL),(146,56,0,28,0,0,0,1,'NpcSolarPlant',NULL,1,29,1,1000,NULL,NULL,NULL,0,NULL),(147,56,3,28,0,0,0,1,'NpcSolarPlant',NULL,4,29,1,1000,NULL,NULL,NULL,0,NULL),(148,56,17,28,0,0,0,1,'NpcZetiumExtractor',NULL,18,29,1,1600,NULL,NULL,NULL,0,NULL),(149,56,28,28,0,0,0,1,'NpcSolarPlant',NULL,29,29,1,1000,NULL,NULL,NULL,0,NULL);
/*!40000 ALTER TABLE `buildings` ENABLE KEYS */;
UNLOCK TABLES;

--
-- Table structure for table `callbacks`
--

DROP TABLE IF EXISTS `callbacks`;
/*!40101 SET @saved_cs_client     = @@character_set_client */;
/*!40101 SET character_set_client = utf8 */;
CREATE TABLE `callbacks` (
  `class` varchar(50) NOT NULL,
  `object_id` int(10) unsigned NOT NULL,
  `ends_at` datetime NOT NULL,
  `event` tinyint(2) unsigned NOT NULL DEFAULT '0',
  `ruleset` varchar(30) NOT NULL,
  UNIQUE KEY `main` (`class`,`object_id`,`event`),
  KEY `tick` (`ends_at`)
) ENGINE=InnoDB DEFAULT CHARSET=utf8;
/*!40101 SET character_set_client = @saved_cs_client */;

--
-- Dumping data for table `callbacks`
--

LOCK TABLES `callbacks` WRITE;
/*!40000 ALTER TABLE `callbacks` DISABLE KEYS */;
INSERT INTO `callbacks` VALUES ('SolarSystem',8,'2012-04-25 22:10:30',8,'dev'),('SsObject::Asteroid',7,'2011-04-26 16:11:00',9,'dev'),('SsObject::Asteroid',8,'2011-04-26 16:11:00',9,'dev'),('SsObject::Asteroid',9,'2011-04-26 16:11:00',9,'dev'),('SsObject::Asteroid',10,'2011-04-26 16:11:00',9,'dev'),('SsObject::Asteroid',12,'2011-04-26 16:11:00',9,'dev'),('SsObject::Asteroid',14,'2011-04-26 16:11:00',9,'dev'),('SsObject::Asteroid',17,'2011-04-26 16:11:00',9,'dev'),('SsObject::Asteroid',18,'2011-04-26 16:11:00',9,'dev'),('SsObject::Asteroid',19,'2011-04-26 16:11:00',9,'dev'),('SsObject::Asteroid',20,'2011-04-26 16:11:00',9,'dev'),('SsObject::Asteroid',21,'2011-04-26 16:11:00',9,'dev'),('SsObject::Asteroid',26,'2011-04-26 16:11:00',9,'dev'),('SsObject::Asteroid',27,'2011-04-26 16:11:00',9,'dev'),('SsObject::Asteroid',28,'2011-04-26 16:11:00',9,'dev'),('SsObject::Asteroid',30,'2011-04-26 16:11:00',9,'dev'),('SsObject::Asteroid',31,'2011-04-26 16:11:00',9,'dev'),('SsObject::Asteroid',33,'2011-04-26 16:11:00',9,'dev'),('SsObject::Asteroid',34,'2011-04-26 16:11:00',9,'dev'),('SsObject::Asteroid',35,'2011-04-26 16:11:00',9,'dev'),('SsObject::Asteroid',36,'2011-04-26 16:11:00',9,'dev'),('SsObject::Asteroid',38,'2011-04-26 16:11:00',9,'dev'),('SsObject::Asteroid',39,'2011-04-26 16:11:00',9,'dev'),('SsObject::Asteroid',40,'2011-04-26 16:11:00',9,'dev'),('SsObject::Asteroid',41,'2011-04-26 16:11:00',9,'dev'),('SsObject::Asteroid',42,'2011-04-26 16:11:00',9,'dev'),('SsObject::Asteroid',43,'2011-04-26 16:11:00',9,'dev'),('SsObject::Asteroid',46,'2011-04-26 16:11:00',9,'dev'),('SsObject::Asteroid',47,'2011-04-26 16:11:00',9,'dev'),('SsObject::Asteroid',48,'2011-04-26 16:11:00',9,'dev'),('SsObject::Asteroid',50,'2011-04-26 16:11:00',9,'dev'),('SsObject::Asteroid',51,'2011-04-26 16:11:00',9,'dev'),('SsObject::Asteroid',53,'2011-04-26 16:11:00',9,'dev'),('SsObject::Asteroid',54,'2011-04-26 16:11:00',9,'dev'),('SsObject::Asteroid',55,'2011-04-26 16:11:00',9,'dev'),('SsObject::Asteroid',57,'2011-04-26 16:11:00',9,'dev'),('SsObject::Asteroid',58,'2011-04-26 16:11:00',9,'dev'),('SsObject::Asteroid',59,'2011-04-26 16:11:00',9,'dev'),('SsObject::Asteroid',60,'2011-04-26 16:11:00',9,'dev');
/*!40000 ALTER TABLE `callbacks` ENABLE KEYS */;
UNLOCK TABLES;

--
-- Table structure for table `chat_messages`
--

DROP TABLE IF EXISTS `chat_messages`;
/*!40101 SET @saved_cs_client     = @@character_set_client */;
/*!40101 SET character_set_client = utf8 */;
CREATE TABLE `chat_messages` (
  `source_id` int(11) NOT NULL,
  `target_id` int(11) NOT NULL,
  `message` varchar(255) NOT NULL,
  `created_at` datetime NOT NULL,
  KEY `index_chat_messages_on_source_id` (`source_id`),
  KEY `index_chat_messages_on_target_id` (`target_id`),
  CONSTRAINT `chat_messages_ibfk_2` FOREIGN KEY (`target_id`) REFERENCES `players` (`id`) ON DELETE CASCADE,
  CONSTRAINT `chat_messages_ibfk_1` FOREIGN KEY (`source_id`) REFERENCES `players` (`id`) ON DELETE CASCADE
) ENGINE=InnoDB DEFAULT CHARSET=utf8;
/*!40101 SET character_set_client = @saved_cs_client */;

--
-- Dumping data for table `chat_messages`
--

LOCK TABLES `chat_messages` WRITE;
/*!40000 ALTER TABLE `chat_messages` DISABLE KEYS */;
/*!40000 ALTER TABLE `chat_messages` ENABLE KEYS */;
UNLOCK TABLES;

--
-- Table structure for table `combat_logs`
--

DROP TABLE IF EXISTS `combat_logs`;
/*!40101 SET @saved_cs_client     = @@character_set_client */;
/*!40101 SET character_set_client = utf8 */;
CREATE TABLE `combat_logs` (
  `sha1_id` char(40) NOT NULL,
  `info` mediumtext NOT NULL,
  `expires_at` datetime NOT NULL,
  PRIMARY KEY (`sha1_id`),
  KEY `index_combat_logs_on_expires_at` (`expires_at`)
) ENGINE=InnoDB DEFAULT CHARSET=utf8;
/*!40101 SET character_set_client = @saved_cs_client */;

--
-- Dumping data for table `combat_logs`
--

LOCK TABLES `combat_logs` WRITE;
/*!40000 ALTER TABLE `combat_logs` DISABLE KEYS */;
/*!40000 ALTER TABLE `combat_logs` ENABLE KEYS */;
UNLOCK TABLES;

--
-- Table structure for table `construction_queue_entries`
--

DROP TABLE IF EXISTS `construction_queue_entries`;
/*!40101 SET @saved_cs_client     = @@character_set_client */;
/*!40101 SET character_set_client = utf8 */;
CREATE TABLE `construction_queue_entries` (
  `id` int(11) NOT NULL AUTO_INCREMENT,
  `constructable_type` varchar(100) NOT NULL,
  `constructor_id` int(11) NOT NULL,
  `count` int(11) NOT NULL,
  `position` smallint(2) unsigned NOT NULL DEFAULT '0',
  `params` text,
  PRIMARY KEY (`id`),
  KEY `index_upgrade_queue_entries_on_position` (`position`),
  KEY `foreign_key` (`constructor_id`),
  CONSTRAINT `construction_queue_entries_ibfk_1` FOREIGN KEY (`constructor_id`) REFERENCES `buildings` (`id`) ON DELETE CASCADE
) ENGINE=InnoDB DEFAULT CHARSET=utf8;
/*!40101 SET character_set_client = @saved_cs_client */;

--
-- Dumping data for table `construction_queue_entries`
--

LOCK TABLES `construction_queue_entries` WRITE;
/*!40000 ALTER TABLE `construction_queue_entries` DISABLE KEYS */;
/*!40000 ALTER TABLE `construction_queue_entries` ENABLE KEYS */;
UNLOCK TABLES;

--
-- Table structure for table `cooldowns`
--

DROP TABLE IF EXISTS `cooldowns`;
/*!40101 SET @saved_cs_client     = @@character_set_client */;
/*!40101 SET character_set_client = utf8 */;
CREATE TABLE `cooldowns` (
  `id` int(11) NOT NULL AUTO_INCREMENT,
  `location_id` int(10) unsigned NOT NULL,
  `location_type` tinyint(2) unsigned NOT NULL,
  `location_x` int(11) DEFAULT NULL,
  `location_y` int(11) DEFAULT NULL,
  `ends_at` datetime NOT NULL,
  PRIMARY KEY (`id`),
  UNIQUE KEY `location` (`location_id`,`location_type`,`location_x`,`location_y`)
) ENGINE=InnoDB DEFAULT CHARSET=utf8;
/*!40101 SET character_set_client = @saved_cs_client */;

--
-- Dumping data for table `cooldowns`
--

LOCK TABLES `cooldowns` WRITE;
/*!40000 ALTER TABLE `cooldowns` DISABLE KEYS */;
/*!40000 ALTER TABLE `cooldowns` ENABLE KEYS */;
UNLOCK TABLES;

--
-- Table structure for table `cred_stats`
--

DROP TABLE IF EXISTS `cred_stats`;
/*!40101 SET @saved_cs_client     = @@character_set_client */;
/*!40101 SET character_set_client = utf8 */;
CREATE TABLE `cred_stats` (
  `id` int(11) NOT NULL AUTO_INCREMENT,
  `action` tinyint(2) unsigned NOT NULL,
  `player_id` int(11) DEFAULT NULL,
  `creds_left` int(10) unsigned NOT NULL,
  `class_name` varchar(50) DEFAULT NULL,
  `level` tinyint(2) unsigned DEFAULT NULL,
  `cost` int(10) unsigned NOT NULL,
  `time` int(10) unsigned DEFAULT NULL,
  `actual_time` int(10) unsigned DEFAULT NULL,
  `created_at` datetime NOT NULL,
  PRIMARY KEY (`id`),
  KEY `by_action` (`action`),
  KEY `by_player` (`player_id`),
  CONSTRAINT `cred_stats_ibfk_1` FOREIGN KEY (`player_id`) REFERENCES `players` (`id`) ON DELETE SET NULL
) ENGINE=InnoDB DEFAULT CHARSET=utf8;
/*!40101 SET character_set_client = @saved_cs_client */;

--
-- Dumping data for table `cred_stats`
--

LOCK TABLES `cred_stats` WRITE;
/*!40000 ALTER TABLE `cred_stats` DISABLE KEYS */;
/*!40000 ALTER TABLE `cred_stats` ENABLE KEYS */;
UNLOCK TABLES;

--
-- Table structure for table `folliages`
--

DROP TABLE IF EXISTS `folliages`;
/*!40101 SET @saved_cs_client     = @@character_set_client */;
/*!40101 SET character_set_client = utf8 */;
CREATE TABLE `folliages` (
  `planet_id` int(11) NOT NULL,
  `x` tinyint(2) unsigned NOT NULL DEFAULT '0',
  `y` tinyint(2) unsigned NOT NULL DEFAULT '0',
  `kind` tinyint(2) unsigned NOT NULL DEFAULT '0',
  UNIQUE KEY `coords` (`planet_id`,`x`,`y`),
  CONSTRAINT `folliages_ibfk_1` FOREIGN KEY (`planet_id`) REFERENCES `ss_objects` (`id`) ON DELETE CASCADE
) ENGINE=InnoDB DEFAULT CHARSET=utf8;
/*!40101 SET character_set_client = @saved_cs_client */;

--
-- Dumping data for table `folliages`
--

LOCK TABLES `folliages` WRITE;
/*!40000 ALTER TABLE `folliages` DISABLE KEYS */;
INSERT INTO `folliages` VALUES (1,0,1,11),(1,0,5,10),(1,0,6,8),(1,1,2,13),(1,1,7,11),(1,3,2,1),(1,3,8,1),(1,3,10,9),(1,4,7,8),(1,4,9,3),(1,4,10,5),(1,4,11,9),(1,5,12,10),(1,6,5,12),(1,7,1,6),(1,8,0,5),(1,8,2,4),(1,9,12,9),(1,10,9,10),(1,11,9,7),(1,13,11,11),(1,13,12,1),(1,15,8,9),(1,15,12,13),(1,17,1,3),(1,18,5,13),(1,18,7,0),(1,18,12,10),(1,19,12,13),(1,20,3,10),(1,20,10,4),(1,20,11,8),(1,21,4,11),(1,21,8,5),(1,22,11,10),(4,0,4,13),(4,0,5,9),(4,0,7,0),(4,1,2,1),(4,1,3,11),(4,1,4,8),(4,1,5,2),(4,1,13,0),(4,1,14,3),(4,2,7,4),(4,2,8,6),(4,2,13,3),(4,3,0,6),(4,3,8,11),(4,3,14,8),(4,4,0,0),(4,6,6,4),(4,7,0,8),(4,7,4,6),(4,7,7,9),(4,7,10,13),(4,8,0,12),(4,8,2,7),(4,8,4,11),(4,9,10,5),(4,9,13,3),(4,11,7,1),(4,14,0,0),(4,14,10,3),(4,14,12,9),(4,14,13,7),(4,14,14,6),(5,0,11,4),(5,0,12,5),(5,0,14,6),(5,1,12,4),(5,4,8,0),(5,5,4,1),(5,5,10,9),(5,5,15,12),(5,6,4,9),(5,6,13,1),(5,7,4,2),(5,7,10,0),(5,7,11,1),(5,7,15,0),(5,7,16,12),(5,8,15,8),(5,8,16,11),(5,9,5,0),(5,9,6,6),(5,9,7,9),(5,10,5,5),(5,10,10,0),(5,10,15,5),(5,10,16,11),(5,11,3,6),(5,11,6,5),(5,11,7,12),(5,11,10,6),(5,11,11,10),(5,11,12,1),(5,11,13,1),(5,11,14,12),(5,12,1,1),(5,12,5,1),(5,12,7,7),(5,12,8,7),(5,12,11,13),(5,12,12,0),(5,12,13,6),(5,12,15,0),(5,12,16,7),(5,13,2,3),(5,15,6,6),(5,15,16,5),(5,16,15,3),(5,17,9,13),(5,18,7,9),(5,18,8,10),(5,19,7,9),(5,19,9,13),(5,19,12,11),(5,19,13,3),(5,20,1,3),(5,20,6,5),(5,20,13,1),(5,20,14,12),(13,0,11,12),(13,0,12,5),(13,0,20,6),(13,0,25,8),(13,0,27,1),(13,0,28,5),(13,2,23,3),(13,2,25,12),(13,3,11,7),(13,3,12,2),(13,3,19,5),(13,3,23,0),(13,3,25,9),(13,4,8,1),(13,4,12,5),(13,4,13,2),(13,4,17,12),(13,4,18,12),(13,4,19,3),(13,4,26,5),(13,5,7,1),(13,5,14,13),(13,5,17,1),(13,5,19,13),(13,6,11,11),(13,6,14,12),(13,7,5,13),(13,7,6,0),(13,7,7,1),(13,7,12,4),(13,7,21,3),(13,7,28,1),(13,8,7,0),(13,8,10,6),(13,8,13,1),(13,9,11,3),(13,9,13,9),(13,9,14,5),(13,10,11,7),(13,10,14,1),(13,10,19,13),(13,11,10,4),(13,11,11,2),(13,11,12,4),(13,11,17,3),(13,12,12,2),(13,12,17,1),(13,12,20,2),(13,13,12,5),(13,14,16,8),(13,14,26,6),(13,15,7,11),(13,15,27,12),(13,16,6,13),(13,16,28,13),(13,17,4,4),(13,17,5,3),(13,17,6,7),(13,17,8,3),(13,17,18,2),(13,18,3,5),(13,19,0,6),(13,19,22,4),(13,20,0,0),(13,20,3,7),(13,21,0,8),(13,21,1,0),(13,21,4,10),(13,22,0,5),(13,23,0,5),(13,23,2,3),(13,23,15,5),(13,23,22,0),(13,24,7,10),(13,24,12,11),(13,24,15,0),(13,25,2,5),(13,25,3,1),(13,25,8,12),(13,25,13,5),(13,26,5,2),(13,26,21,3),(13,27,6,7),(13,27,7,5),(13,27,8,10),(13,27,17,7),(13,27,18,1),(13,28,16,2),(13,28,17,12),(13,28,19,0),(25,0,8,0),(25,0,15,4),(25,0,24,4),(25,1,8,10),(25,1,18,7),(25,2,5,8),(25,2,18,10),(25,2,22,5),(25,3,4,13),(25,4,4,8),(25,4,25,9),(25,4,26,3),(25,4,27,10),(25,5,0,2),(25,5,2,13),(25,5,5,1),(25,5,22,7),(25,5,27,5),(25,6,5,7),(25,6,6,0),(25,6,7,4),(25,6,8,7),(25,6,26,9),(25,7,22,12),(25,7,24,11),(25,9,6,7),(25,9,24,13),(25,9,25,11),(25,11,8,2),(25,11,9,8),(25,11,23,10),(25,11,24,7),(25,12,0,5),(25,12,23,2),(25,12,26,1),(25,13,11,9),(25,15,4,12),(25,15,6,10),(25,15,21,11),(25,16,8,4),(25,17,19,11),(25,17,26,10),(25,17,27,5),(25,18,21,2),(25,19,2,6),(25,19,7,12),(25,19,8,8),(25,19,20,1),(25,19,21,13),(25,19,24,3),(25,20,1,10),(25,20,5,5),(25,21,1,4),(25,21,6,13),(25,21,13,9),(25,21,26,2),(25,22,5,5),(25,22,6,4),(25,22,21,9),(25,22,24,13),(25,23,14,8),(25,25,2,1),(25,25,3,4),(25,25,9,5),(25,25,11,13),(25,25,22,5),(25,25,24,9),(32,0,0,1),(32,0,6,2),(32,0,8,8),(32,0,12,4),(32,0,20,2),(32,1,3,11),(32,1,6,13),(32,1,7,13),(32,1,8,7),(32,1,25,5),(32,1,28,7),(32,2,6,10),(32,2,8,2),(32,2,9,10),(32,2,14,3),(32,2,15,6),(32,2,20,7),(32,2,24,11),(32,3,16,0),(32,5,7,2),(32,5,12,7),(32,6,5,11),(32,6,10,3),(32,7,1,9),(32,7,5,10),(32,7,6,6),(32,7,7,2),(32,7,8,1),(32,7,10,5),(32,7,19,7),(32,7,30,8),(32,8,14,6),(32,8,25,2),(32,9,2,1),(32,9,8,4),(32,9,19,5),(32,11,3,2),(32,11,4,4),(32,12,0,2),(32,12,2,6),(32,12,6,10),(32,12,20,3),(32,12,22,3),(32,12,23,13),(32,13,1,13),(32,13,3,5),(32,13,19,4),(32,14,2,12),(32,14,5,10),(32,14,6,3),(32,14,8,3),(32,14,19,1),(32,15,0,11),(32,15,1,3),(32,15,5,4),(32,15,15,4),(32,15,17,2),(32,15,20,2),(32,16,2,11),(32,16,3,6),(32,16,12,3),(32,16,13,0),(32,17,5,2),(32,17,6,12),(32,17,22,3),(32,17,24,7),(32,18,0,13),(32,18,2,4),(32,18,21,8),(32,19,1,4),(32,19,4,1),(32,19,9,0),(32,19,20,1),(32,20,1,6),(32,20,2,2),(32,20,3,8),(32,20,4,4),(32,20,5,13),(32,20,8,1),(32,20,11,9),(32,20,12,0),(32,20,13,4),(32,20,21,13),(32,20,22,10),(32,21,6,3),(32,22,22,1),(32,23,10,12),(32,23,18,10),(32,23,21,3),(32,24,6,0),(32,24,8,11),(32,24,17,7),(32,25,5,13),(32,25,12,6),(32,25,14,1),(32,26,5,11),(32,26,19,4),(32,26,30,13),(32,27,2,11),(32,28,9,10),(32,28,10,13),(32,28,23,6),(32,28,25,6),(32,29,9,2),(32,30,7,1),(32,30,15,2),(32,32,7,12),(32,32,12,12),(32,32,17,10),(32,32,26,12),(44,0,0,4),(44,0,8,6),(44,0,10,10),(44,0,20,2),(44,0,24,4),(44,0,29,3),(44,1,9,2),(44,1,24,9),(44,1,26,1),(44,2,5,11),(44,2,23,3),(44,2,25,13),(44,2,26,0),(44,3,8,4),(44,3,9,6),(44,3,10,9),(44,3,11,7),(44,3,26,12),(44,4,10,4),(44,4,27,10),(44,5,0,6),(44,5,9,6),(44,5,10,7),(44,6,10,5),(44,6,12,5),(44,6,28,7),(44,7,1,4),(44,7,5,10),(44,7,10,4),(44,7,11,2),(44,7,12,2),(44,8,6,0),(44,8,12,1),(44,9,7,4),(44,10,2,10),(44,10,25,10),(44,11,2,4),(44,11,7,11),(44,11,13,11),(44,12,2,3),(44,12,24,3),(44,13,4,10),(44,13,7,8),(44,13,20,0),(44,13,29,6),(44,14,8,0),(44,15,15,13),(44,15,29,1),(44,16,11,11),(44,16,12,0),(44,16,14,13),(44,16,15,6),(44,16,21,9),(44,16,29,1),(44,17,6,8),(44,17,8,13),(44,17,11,7),(44,17,27,4),(44,18,6,11),(44,18,7,1),(44,18,19,2),(44,18,28,9),(44,19,15,13),(44,19,20,11),(44,19,27,12),(44,19,28,10),(44,20,15,10),(44,20,19,10),(44,20,21,12),(44,25,7,1),(44,25,24,1),(44,26,18,9),(44,26,19,7),(44,26,24,10),(45,0,15,9),(45,0,25,2),(45,0,26,5),(45,0,27,8),(45,1,12,11),(45,1,17,7),(45,1,25,4),(45,3,25,11),(45,5,28,10),(45,6,12,5),(45,6,19,6),(45,6,20,7),(45,7,2,6),(45,7,27,6),(45,7,28,11),(45,8,3,2),(45,8,4,9),(45,8,10,0),(45,8,12,9),(45,8,21,9),(45,8,28,7),(45,9,2,9),(45,9,21,9),(45,10,11,0),(45,10,24,11),(45,10,26,9),(45,11,6,8),(45,11,12,10),(45,11,16,7),(45,11,18,5),(45,11,22,2),(45,11,26,12),(45,11,28,1),(45,12,9,9),(45,12,19,1),(45,12,24,10),(45,12,27,8),(45,13,6,8),(45,13,11,1),(45,13,12,2),(45,13,16,7),(45,13,19,13),(45,14,7,5),(45,14,10,6),(45,14,21,2),(45,15,2,7),(45,15,3,3),(45,15,10,3),(45,15,12,9),(45,15,14,6),(45,15,16,1),(45,15,18,6),(45,15,19,2),(45,15,28,1),(45,16,14,13),(45,16,15,0),(45,16,22,0),(45,16,26,2),(45,16,27,6),(45,17,3,10),(45,17,17,10),(45,17,28,4),(45,18,16,5),(45,18,28,4),(45,19,5,2),(45,19,7,7),(45,19,15,5),(45,19,28,9),(45,20,28,3),(45,21,0,7),(45,21,5,0),(45,21,8,0),(45,21,23,12),(45,21,25,3),(45,21,27,3),(45,22,0,8),(45,22,1,0),(45,22,4,5),(45,22,7,3),(45,22,20,0),(45,22,22,2),(45,22,23,1),(45,23,0,11),(45,23,1,8),(45,23,19,6),(45,23,26,6),(45,24,4,0),(45,24,17,10),(45,24,21,11),(45,24,22,12),(45,25,0,4),(45,25,5,10),(45,25,26,10),(45,25,28,3),(49,0,1,10),(49,0,4,3),(49,0,8,4),(49,0,17,6),(49,0,24,10),(49,1,9,10),(49,1,18,1),(49,3,8,0),(49,3,10,10),(49,4,7,8),(49,4,8,12),(49,4,10,11),(49,6,2,13),(49,6,3,4),(49,6,12,4),(49,7,1,3),(49,7,2,8),(49,7,6,3),(49,7,17,9),(49,7,26,7),(49,8,0,4),(49,8,5,1),(49,8,11,7),(49,9,1,4),(49,9,12,12),(49,9,14,5),(49,9,15,0),(49,9,18,11),(49,9,23,6),(49,9,24,7),(49,9,25,12),(49,10,5,7),(49,10,14,3),(49,10,16,8),(49,11,17,10),(49,11,23,5),(49,11,26,4),(49,12,7,13),(49,12,26,5),(49,13,0,3),(49,13,25,5),(49,14,24,2),(49,15,7,6),(49,15,25,8),(49,15,26,12),(49,16,0,6),(49,16,19,2),(49,17,5,7),(49,17,17,4),(49,17,21,3),(49,18,9,11),(49,18,17,9),(49,19,8,9),(49,19,9,6),(49,19,14,8),(49,19,25,11),(49,20,11,1),(49,21,7,2),(49,21,11,3),(49,21,15,12),(49,21,22,6),(49,21,23,7),(49,22,5,8),(49,22,10,10),(49,22,11,7),(49,22,18,2),(49,22,21,13),(49,23,11,1),(49,23,12,3),(49,23,13,2),(49,23,14,7),(49,24,13,13),(49,24,20,1),(49,24,22,3),(49,25,20,12),(49,26,13,7),(49,26,26,4),(49,27,12,10),(49,27,13,13),(49,27,22,2),(49,27,23,6),(49,28,12,7),(49,28,22,11),(49,28,24,10),(49,28,25,12),(49,29,14,10),(49,30,4,7),(49,30,7,5),(49,30,12,10),(49,30,14,3),(49,30,22,8),(49,30,23,10),(49,31,7,10),(49,31,9,5),(49,31,19,3),(49,32,7,4),(49,32,11,10),(49,32,14,13),(49,32,16,5),(56,0,21,7),(56,1,23,5),(56,2,11,9),(56,4,3,9),(56,4,19,2),(56,4,20,11),(56,5,3,4),(56,5,5,8),(56,5,7,7),(56,5,13,9),(56,5,20,1),(56,5,29,3),(56,6,12,2),(56,6,15,0),(56,6,22,4),(56,6,26,1),(56,6,27,5),(56,6,29,2),(56,7,2,12),(56,7,4,11),(56,7,17,2),(56,7,21,10),(56,8,7,7),(56,8,11,2),(56,8,13,0),(56,8,14,3),(56,8,29,4),(56,9,18,6),(56,9,21,11),(56,11,4,4),(56,11,29,1),(56,12,21,7),(56,13,3,13),(56,13,7,5),(56,13,18,4),(56,13,20,9),(56,13,21,6),(56,13,28,10),(56,13,29,9),(56,14,7,1),(56,14,19,3),(56,14,20,0),(56,14,23,5),(56,14,24,1),(56,14,25,2),(56,15,18,4),(56,15,21,2),(56,15,25,1),(56,16,6,10),(56,16,24,0),(56,16,28,6),(56,17,19,8),(56,17,21,12),(56,18,6,2),(56,18,21,2),(56,19,7,9),(56,19,19,7),(56,19,20,5),(56,19,21,1),(56,19,22,11),(56,19,28,5),(56,20,7,11),(56,20,21,7),(56,21,5,5),(56,21,7,1),(56,21,8,6),(56,21,9,13),(56,21,12,4),(56,21,14,8),(56,21,18,4),(56,21,19,0),(56,21,23,3),(56,21,24,9),(56,21,25,8),(56,21,26,11),(56,22,3,4),(56,22,4,5),(56,22,6,0),(56,22,9,10),(56,22,10,6),(56,22,11,4),(56,22,20,9),(56,22,21,9),(56,23,8,1),(56,23,18,7),(56,23,20,0),(56,23,22,8),(56,24,0,12),(56,24,20,10),(56,24,21,5),(56,24,23,9),(56,25,2,1),(56,25,3,5),(56,25,12,1),(56,25,19,1),(56,25,21,5),(56,25,23,1),(56,26,15,13),(56,26,20,8),(56,26,26,3),(56,27,0,7),(56,27,16,1),(56,28,11,0),(56,28,12,4),(56,29,0,9),(56,29,12,2),(56,29,15,7);
/*!40000 ALTER TABLE `folliages` ENABLE KEYS */;
UNLOCK TABLES;

--
-- Table structure for table `fow_galaxy_entries`
--

DROP TABLE IF EXISTS `fow_galaxy_entries`;
/*!40101 SET @saved_cs_client     = @@character_set_client */;
/*!40101 SET character_set_client = utf8 */;
CREATE TABLE `fow_galaxy_entries` (
  `id` int(11) NOT NULL AUTO_INCREMENT,
  `galaxy_id` int(11) NOT NULL,
  `player_id` int(11) DEFAULT NULL,
  `alliance_id` int(11) DEFAULT NULL,
  `x` int(11) NOT NULL,
  `y` int(11) NOT NULL,
  `x_end` int(11) NOT NULL,
  `y_end` int(11) NOT NULL,
  `counter` tinyint(2) unsigned NOT NULL DEFAULT '1',
  PRIMARY KEY (`id`),
  UNIQUE KEY `player_visiblity` (`player_id`,`x`,`y`,`x_end`,`y_end`),
  UNIQUE KEY `alliance_visiblity` (`alliance_id`,`x`,`y`,`x_end`,`y_end`),
  KEY `lookup_players_by_coords` (`galaxy_id`,`x`,`x_end`,`y`,`y_end`),
  KEY `for_cleanup` (`counter`),
  CONSTRAINT `fow_galaxy_entries_ibfk_1` FOREIGN KEY (`galaxy_id`) REFERENCES `galaxies` (`id`) ON DELETE CASCADE
) ENGINE=InnoDB DEFAULT CHARSET=utf8;
/*!40101 SET character_set_client = @saved_cs_client */;

--
-- Dumping data for table `fow_galaxy_entries`
--

LOCK TABLES `fow_galaxy_entries` WRITE;
/*!40000 ALTER TABLE `fow_galaxy_entries` DISABLE KEYS */;
/*!40000 ALTER TABLE `fow_galaxy_entries` ENABLE KEYS */;
UNLOCK TABLES;

--
-- Table structure for table `fow_ss_entries`
--

DROP TABLE IF EXISTS `fow_ss_entries`;
/*!40101 SET @saved_cs_client     = @@character_set_client */;
/*!40101 SET character_set_client = utf8 */;
CREATE TABLE `fow_ss_entries` (
  `id` int(11) NOT NULL AUTO_INCREMENT,
  `solar_system_id` int(11) NOT NULL,
  `player_id` int(11) DEFAULT NULL,
  `counter` int(11) NOT NULL DEFAULT '0',
  `player_planets` tinyint(1) DEFAULT NULL,
  `player_ships` tinyint(1) DEFAULT NULL,
  `enemy_planets` tinyint(1) NOT NULL DEFAULT '0',
  `enemy_ships` tinyint(1) NOT NULL DEFAULT '0',
  `alliance_id` int(11) DEFAULT NULL,
  `alliance_planet_player_ids` text,
  `alliance_ship_player_ids` text,
  `nap_planets` tinyint(1) DEFAULT NULL,
  `nap_ships` tinyint(1) DEFAULT NULL,
  PRIMARY KEY (`id`),
  UNIQUE KEY `create_for_player` (`solar_system_id`,`player_id`),
  UNIQUE KEY `create_for_alliance` (`solar_system_id`,`alliance_id`),
  KEY `select_by_player` (`player_id`),
  KEY `select_by_alliance` (`alliance_id`),
  KEY `for_cleanup` (`counter`),
  CONSTRAINT `fow_ss_entries_ibfk_1` FOREIGN KEY (`solar_system_id`) REFERENCES `solar_systems` (`id`) ON DELETE CASCADE,
  CONSTRAINT `fow_ss_entries_ibfk_2` FOREIGN KEY (`player_id`) REFERENCES `players` (`id`) ON DELETE CASCADE,
  CONSTRAINT `fow_ss_entries_ibfk_3` FOREIGN KEY (`alliance_id`) REFERENCES `alliances` (`id`) ON DELETE CASCADE
) ENGINE=InnoDB AUTO_INCREMENT=2 DEFAULT CHARSET=utf8;
/*!40101 SET character_set_client = @saved_cs_client */;

--
-- Dumping data for table `fow_ss_entries`
--

LOCK TABLES `fow_ss_entries` WRITE;
/*!40000 ALTER TABLE `fow_ss_entries` DISABLE KEYS */;
INSERT INTO `fow_ss_entries` VALUES (1,8,1,1,1,0,0,0,NULL,NULL,NULL,NULL,NULL);
/*!40000 ALTER TABLE `fow_ss_entries` ENABLE KEYS */;
UNLOCK TABLES;

--
-- Table structure for table `galaxies`
--

DROP TABLE IF EXISTS `galaxies`;
/*!40101 SET @saved_cs_client     = @@character_set_client */;
/*!40101 SET character_set_client = utf8 */;
CREATE TABLE `galaxies` (
  `id` int(11) NOT NULL AUTO_INCREMENT,
  `created_at` datetime NOT NULL,
  `ruleset` varchar(30) NOT NULL DEFAULT '0',
  PRIMARY KEY (`id`)
) ENGINE=InnoDB AUTO_INCREMENT=2 DEFAULT CHARSET=utf8;
/*!40101 SET character_set_client = @saved_cs_client */;

--
-- Dumping data for table `galaxies`
--

LOCK TABLES `galaxies` WRITE;
/*!40000 ALTER TABLE `galaxies` DISABLE KEYS */;
INSERT INTO `galaxies` VALUES (1,'2011-04-26 16:10:29','dev');
/*!40000 ALTER TABLE `galaxies` ENABLE KEYS */;
UNLOCK TABLES;

--
-- Table structure for table `naps`
--

DROP TABLE IF EXISTS `naps`;
/*!40101 SET @saved_cs_client     = @@character_set_client */;
/*!40101 SET character_set_client = utf8 */;
CREATE TABLE `naps` (
  `id` int(11) NOT NULL AUTO_INCREMENT,
  `initiator_id` int(11) NOT NULL,
  `acceptor_id` int(11) NOT NULL,
  `status` tinyint(2) unsigned NOT NULL DEFAULT '0',
  `created_at` datetime NOT NULL,
  `expires_at` datetime DEFAULT NULL,
  PRIMARY KEY (`id`),
  UNIQUE KEY `enforce_one_nap_per_pair` (`initiator_id`,`acceptor_id`),
  KEY `lookup_naps_for_alliance_1st` (`initiator_id`,`status`),
  KEY `lookup_naps_for_alliance_2nd` (`acceptor_id`,`status`),
  CONSTRAINT `naps_ibfk_2` FOREIGN KEY (`acceptor_id`) REFERENCES `alliances` (`id`) ON DELETE CASCADE,
  CONSTRAINT `naps_ibfk_1` FOREIGN KEY (`initiator_id`) REFERENCES `alliances` (`id`) ON DELETE CASCADE
) ENGINE=InnoDB DEFAULT CHARSET=utf8;
/*!40101 SET character_set_client = @saved_cs_client */;

--
-- Dumping data for table `naps`
--

LOCK TABLES `naps` WRITE;
/*!40000 ALTER TABLE `naps` DISABLE KEYS */;
/*!40000 ALTER TABLE `naps` ENABLE KEYS */;
UNLOCK TABLES;

--
-- Table structure for table `notifications`
--

DROP TABLE IF EXISTS `notifications`;
/*!40101 SET @saved_cs_client     = @@character_set_client */;
/*!40101 SET character_set_client = utf8 */;
CREATE TABLE `notifications` (
  `id` int(11) NOT NULL AUTO_INCREMENT,
  `player_id` int(11) NOT NULL,
  `created_at` datetime NOT NULL,
  `expires_at` datetime NOT NULL,
  `event` tinyint(2) unsigned NOT NULL,
  `params` text,
  `starred` tinyint(1) NOT NULL DEFAULT '0',
  `read` tinyint(1) NOT NULL DEFAULT '0',
  PRIMARY KEY (`id`),
  KEY `player` (`player_id`),
  KEY `order` (`read`,`created_at`),
  KEY `index_notifications_on_expires_at` (`expires_at`),
  KEY `foreign_key` (`player_id`),
  CONSTRAINT `notifications_ibfk_1` FOREIGN KEY (`player_id`) REFERENCES `players` (`id`) ON DELETE CASCADE
) ENGINE=InnoDB DEFAULT CHARSET=utf8;
/*!40101 SET character_set_client = @saved_cs_client */;

--
-- Dumping data for table `notifications`
--

LOCK TABLES `notifications` WRITE;
/*!40000 ALTER TABLE `notifications` DISABLE KEYS */;
/*!40000 ALTER TABLE `notifications` ENABLE KEYS */;
UNLOCK TABLES;

--
-- Table structure for table `objective_progresses`
--

DROP TABLE IF EXISTS `objective_progresses`;
/*!40101 SET @saved_cs_client     = @@character_set_client */;
/*!40101 SET character_set_client = utf8 */;
CREATE TABLE `objective_progresses` (
  `id` int(11) NOT NULL AUTO_INCREMENT,
  `objective_id` int(11) DEFAULT NULL,
  `player_id` int(11) DEFAULT NULL,
  `completed` tinyint(2) unsigned NOT NULL DEFAULT '0',
  PRIMARY KEY (`id`),
  KEY `objective_fk` (`objective_id`),
  KEY `player_fk` (`player_id`),
  CONSTRAINT `objective_progresses_ibfk_2` FOREIGN KEY (`player_id`) REFERENCES `players` (`id`) ON DELETE CASCADE,
  CONSTRAINT `objective_progresses_ibfk_1` FOREIGN KEY (`objective_id`) REFERENCES `objectives` (`id`) ON DELETE CASCADE
) ENGINE=InnoDB AUTO_INCREMENT=2 DEFAULT CHARSET=utf8;
/*!40101 SET character_set_client = @saved_cs_client */;

--
-- Dumping data for table `objective_progresses`
--

LOCK TABLES `objective_progresses` WRITE;
/*!40000 ALTER TABLE `objective_progresses` DISABLE KEYS */;
INSERT INTO `objective_progresses` VALUES (1,1,1,0);
/*!40000 ALTER TABLE `objective_progresses` ENABLE KEYS */;
UNLOCK TABLES;

--
-- Table structure for table `objectives`
--

DROP TABLE IF EXISTS `objectives`;
/*!40101 SET @saved_cs_client     = @@character_set_client */;
/*!40101 SET character_set_client = utf8 */;
CREATE TABLE `objectives` (
  `id` int(11) NOT NULL AUTO_INCREMENT,
  `quest_id` int(11) NOT NULL,
  `type` varchar(255) NOT NULL,
  `key` varchar(255) DEFAULT NULL,
  `count` tinyint(2) unsigned NOT NULL DEFAULT '1',
  `level` tinyint(2) unsigned DEFAULT NULL,
  `alliance` tinyint(1) NOT NULL DEFAULT '0',
  `npc` tinyint(1) NOT NULL DEFAULT '0',
  `limit` int(10) unsigned DEFAULT NULL,
  PRIMARY KEY (`id`),
  KEY `quest_objectives` (`quest_id`),
  KEY `on_progress` (`type`,`key`),
  CONSTRAINT `objectives_ibfk_1` FOREIGN KEY (`quest_id`) REFERENCES `quests` (`id`) ON DELETE CASCADE
) ENGINE=InnoDB AUTO_INCREMENT=121 DEFAULT CHARSET=utf8;
/*!40101 SET character_set_client = @saved_cs_client */;

--
-- Dumping data for table `objectives`
--

LOCK TABLES `objectives` WRITE;
/*!40000 ALTER TABLE `objectives` DISABLE KEYS */;
INSERT INTO `objectives` VALUES (1,1,'HaveUpgradedTo','Building::CollectorT1',1,1,0,0,NULL),(2,2,'HaveUpgradedTo','Building::MetalExtractor',1,1,0,0,NULL),(3,3,'HaveUpgradedTo','Building::CollectorT1',2,1,0,0,NULL),(4,3,'HaveUpgradedTo','Building::MetalExtractor',2,1,0,0,NULL),(5,22,'ExploreBlock','ExploreBlock',1,NULL,0,0,9),(6,23,'ExploreBlock','ExploreBlock',10,NULL,0,0,9),(7,4,'HaveUpgradedTo','Building::CollectorT1',2,3,0,0,NULL),(8,4,'HaveUpgradedTo','Building::MetalExtractor',2,3,0,0,NULL),(9,5,'HaveUpgradedTo','Building::CollectorT1',2,4,0,0,NULL),(10,5,'HaveUpgradedTo','Building::MetalExtractor',2,4,0,0,NULL),(11,6,'HaveUpgradedTo','Building::Barracks',1,1,0,0,NULL),(12,7,'HaveUpgradedTo','Unit::Trooper',8,1,0,0,NULL),(13,80,'HaveWarPoints','Player',1,NULL,0,0,500),(14,81,'HaveWarPoints','Player',1,NULL,0,0,750),(15,82,'HaveWarPoints','Player',1,NULL,0,0,1125),(16,83,'HaveWarPoints','Player',1,NULL,0,0,1688),(17,84,'HaveWarPoints','Player',1,NULL,0,0,2532),(18,85,'HaveWarPoints','Player',1,NULL,0,0,3797),(19,86,'HaveWarPoints','Player',1,NULL,0,0,5696),(20,87,'HaveWarPoints','Player',1,NULL,0,0,8543),(21,88,'HaveWarPoints','Player',1,NULL,0,0,12815),(22,89,'HaveWarPoints','Player',1,NULL,0,0,19222),(23,90,'HaveWarPoints','Player',1,NULL,0,0,28833),(24,91,'HaveWarPoints','Player',1,NULL,0,0,43249),(25,92,'HaveWarPoints','Player',1,NULL,0,0,64874),(26,93,'HaveWarPoints','Player',1,NULL,0,0,97310),(27,94,'HaveWarPoints','Player',1,NULL,0,0,145965),(28,106,'HaveWarPoints','Player',1,NULL,0,0,200000),(29,107,'HaveWarPoints','Player',1,NULL,0,0,230000),(30,108,'HaveWarPoints','Player',1,NULL,0,0,264500),(31,109,'HaveWarPoints','Player',1,NULL,0,0,304175),(32,110,'HaveWarPoints','Player',1,NULL,0,0,349802),(33,111,'HaveWarPoints','Player',1,NULL,0,0,402272),(34,112,'HaveWarPoints','Player',1,NULL,0,0,462613),(35,113,'HaveWarPoints','Player',1,NULL,0,0,532004),(36,114,'HaveWarPoints','Player',1,NULL,0,0,611805),(37,115,'HaveWarPoints','Player',1,NULL,0,0,703576),(38,8,'DestroyNpcBuilding','Building::NpcMetalExtractor',1,1,0,0,NULL),(39,32,'HaveUpgradedTo','Building::MetalExtractor',3,4,0,0,NULL),(40,9,'HaveUpgradedTo','Building::MetalExtractor',1,7,0,0,NULL),(41,10,'HaveUpgradedTo','Building::CollectorT1',1,7,0,0,NULL),(42,11,'HaveUpgradedTo','Building::ResearchCenter',1,1,0,0,NULL),(43,24,'ExploreBlock','ExploreBlock',5,NULL,0,0,12),(44,25,'ExploreBlock','ExploreBlock',5,NULL,0,0,16),(45,26,'ExploreBlock','ExploreBlock',10,NULL,0,0,36),(46,12,'HaveUpgradedTo','Unit::Seeker',3,1,0,0,NULL),(47,13,'HaveUpgradedTo','Unit::Trooper',4,2,0,0,NULL),(48,72,'HaveSciencePoints','Player',1,NULL,0,0,2500),(49,73,'HaveSciencePoints','Player',1,NULL,0,0,5000),(50,74,'HaveSciencePoints','Player',1,NULL,0,0,10000),(51,75,'HaveSciencePoints','Player',1,NULL,0,0,25000),(52,76,'HaveSciencePoints','Player',1,NULL,0,0,50000),(53,77,'HaveSciencePoints','Player',1,NULL,0,0,100000),(54,78,'HaveSciencePoints','Player',1,NULL,0,0,150000),(55,79,'HaveSciencePoints','Player',1,NULL,0,0,200000),(56,27,'DestroyNpcBuilding','Building::NpcZetiumExtractor',1,1,0,0,NULL),(57,66,'HaveArmyPoints','Player',1,NULL,0,0,500),(58,67,'HaveArmyPoints','Player',1,NULL,0,0,850),(59,68,'HaveArmyPoints','Player',1,NULL,0,0,1445),(60,69,'HaveArmyPoints','Player',1,NULL,0,0,2457),(61,70,'HaveArmyPoints','Player',1,NULL,0,0,5000),(62,71,'HaveArmyPoints','Player',1,NULL,0,0,8500),(63,95,'HaveArmyPoints','Player',1,NULL,0,0,15000),(64,96,'HaveArmyPoints','Player',1,NULL,0,0,21000),(65,97,'HaveArmyPoints','Player',1,NULL,0,0,29400),(66,98,'HaveArmyPoints','Player',1,NULL,0,0,41160),(67,99,'HaveArmyPoints','Player',1,NULL,0,0,57624),(68,100,'HaveArmyPoints','Player',1,NULL,0,0,80674),(69,101,'HaveArmyPoints','Player',1,NULL,0,0,112944),(70,102,'HaveArmyPoints','Player',1,NULL,0,0,158121),(71,14,'HaveUpgradedTo','Technology::ZetiumExtraction',1,1,0,0,NULL),(72,15,'HaveUpgradedTo','Building::ZetiumExtractor',1,1,0,0,NULL),(73,16,'HavePoints','Player',1,NULL,0,0,15000),(74,28,'HavePoints','Player',1,NULL,0,0,30000),(75,29,'HavePoints','Player',1,NULL,0,0,60000),(76,30,'HavePoints','Player',1,NULL,0,0,80000),(77,33,'HavePoints','Player',1,NULL,0,0,150000),(78,64,'HavePoints','Player',1,NULL,0,0,350000),(79,17,'HaveUpgradedTo','Building::MetalStorage',1,2,0,0,NULL),(80,17,'HaveUpgradedTo','Building::EnergyStorage',1,1,0,0,NULL),(81,17,'HaveUpgradedTo','Building::ZetiumStorage',1,1,0,0,NULL),(82,18,'HaveUpgradedTo','Technology::SpaceFactory',1,1,0,0,NULL),(83,19,'HaveUpgradedTo','Building::SpaceFactory',1,1,0,0,NULL),(84,31,'HaveUpgradedTo','Unit::Crow',8,1,0,0,NULL),(85,35,'Destroy','Unit::Dirac',14,1,0,0,NULL),(86,36,'Destroy','Unit::Thor',10,1,0,0,NULL),(87,37,'Destroy','Unit::Demosis',6,1,0,0,NULL),(88,20,'AnnexPlanet','SsObject::Planet',1,NULL,0,1,NULL),(89,21,'UpgradeTo','Building::Headquarters',1,1,0,0,NULL),(90,34,'HaveUpgradedTo','Building::Radar',1,1,0,0,NULL),(91,38,'HavePlanets','SsObject::Planet',3,NULL,0,0,NULL),(92,39,'HavePlanets','SsObject::Planet',4,NULL,0,0,NULL),(93,40,'HavePlanets','SsObject::Planet',5,NULL,0,0,NULL),(94,41,'HavePlanets','SsObject::Planet',6,NULL,0,0,NULL),(95,42,'HavePlanets','SsObject::Planet',7,NULL,0,0,NULL),(96,43,'Destroy','Unit::Mule',2,1,0,0,NULL),(97,44,'Destroy','Unit::Crow',6,1,0,0,NULL),(98,45,'Destroy','Unit::Cyrix',4,1,0,0,NULL),(99,46,'Destroy','Unit::Cyrix',10,1,0,0,NULL),(100,47,'Destroy','Unit::Avenger',6,1,0,0,NULL),(101,48,'Destroy','Unit::Avenger',15,1,0,0,NULL),(102,49,'Destroy','Unit::Dart',6,1,0,0,NULL),(103,50,'Destroy','Unit::Dart',15,1,0,0,NULL),(104,51,'Destroy','Unit::Rhyno',1,1,0,0,NULL),(105,52,'Destroy','Unit::Rhyno',4,1,0,0,NULL),(106,53,'Destroy','Unit::Trooper',10,1,0,0,NULL),(107,53,'Destroy','Unit::Shocker',5,1,0,0,NULL),(108,53,'Destroy','Unit::Seeker',8,1,0,0,NULL),(109,54,'Destroy','Unit::Scorpion',15,1,0,0,NULL),(110,54,'Destroy','Unit::Azure',5,1,0,0,NULL),(111,55,'Destroy','Building::Vulcan',2,1,0,0,NULL),(112,56,'Destroy','Building::Vulcan',6,1,0,0,NULL),(113,57,'Destroy','Building::Vulcan',10,1,0,0,NULL),(114,58,'Destroy','Building::Screamer',2,1,0,0,NULL),(115,59,'Destroy','Building::Screamer',6,1,0,0,NULL),(116,60,'Destroy','Building::Screamer',10,1,0,0,NULL),(117,61,'Destroy','Building::Thunder',2,1,0,0,NULL),(118,62,'Destroy','Building::Thunder',6,1,0,0,NULL),(119,63,'Destroy','Building::Thunder',10,1,0,0,NULL),(120,65,'AnnexPlanet','SsObject::Planet',1,NULL,0,0,NULL);
/*!40000 ALTER TABLE `objectives` ENABLE KEYS */;
UNLOCK TABLES;

--
-- Table structure for table `players`
--

DROP TABLE IF EXISTS `players`;
/*!40101 SET @saved_cs_client     = @@character_set_client */;
/*!40101 SET character_set_client = utf8 */;
CREATE TABLE `players` (
  `id` int(11) NOT NULL AUTO_INCREMENT,
  `galaxy_id` int(11) DEFAULT NULL,
  `auth_token` char(64) NOT NULL,
  `name` varchar(64) NOT NULL,
  `scientists` int(10) unsigned NOT NULL DEFAULT '0',
  `scientists_total` int(10) unsigned NOT NULL DEFAULT '0',
  `alliance_id` int(11) DEFAULT NULL,
  `xp` int(10) unsigned NOT NULL DEFAULT '0',
  `war_points` int(10) unsigned NOT NULL DEFAULT '0',
  `first_time` tinyint(1) NOT NULL DEFAULT '1',
  `army_points` int(10) unsigned NOT NULL DEFAULT '0',
  `science_points` int(10) unsigned NOT NULL DEFAULT '0',
  `economy_points` int(10) unsigned NOT NULL DEFAULT '0',
  `planets_count` tinyint(2) unsigned NOT NULL,
  `last_login` datetime DEFAULT NULL,
  `victory_points` mediumint(8) unsigned NOT NULL DEFAULT '0',
  `creds` int(10) unsigned NOT NULL DEFAULT '0',
  `language` char(2) NOT NULL DEFAULT 'en',
  `population` mediumint(8) unsigned NOT NULL DEFAULT '0',
  `population_max` mediumint(8) unsigned NOT NULL,
  `alliance_cooldown_ends_at` datetime DEFAULT NULL,
  PRIMARY KEY (`id`),
  UNIQUE KEY `authentication` (`galaxy_id`,`auth_token`),
  KEY `index_players_on_alliance_id` (`alliance_id`),
  KEY `last_login` (`last_login`),
  CONSTRAINT `players_ibfk_1` FOREIGN KEY (`galaxy_id`) REFERENCES `galaxies` (`id`) ON DELETE CASCADE,
  CONSTRAINT `players_ibfk_2` FOREIGN KEY (`alliance_id`) REFERENCES `alliances` (`id`) ON DELETE SET NULL
) ENGINE=InnoDB AUTO_INCREMENT=2 DEFAULT CHARSET=utf8;
/*!40101 SET character_set_client = @saved_cs_client */;

--
-- Dumping data for table `players`
--

LOCK TABLES `players` WRITE;
/*!40000 ALTER TABLE `players` DISABLE KEYS */;
INSERT INTO `players` VALUES (1,1,'0000000000000000000000000000000000000000000000000000000000000000','Test Player',18,18,NULL,0,0,1,0,0,0,1,NULL,0,0,'en',0,110,NULL);
/*!40000 ALTER TABLE `players` ENABLE KEYS */;
UNLOCK TABLES;

--
-- Table structure for table `quest_progresses`
--

DROP TABLE IF EXISTS `quest_progresses`;
/*!40101 SET @saved_cs_client     = @@character_set_client */;
/*!40101 SET character_set_client = utf8 */;
CREATE TABLE `quest_progresses` (
  `id` int(11) NOT NULL AUTO_INCREMENT,
  `quest_id` int(11) NOT NULL,
  `player_id` int(11) NOT NULL,
  `status` tinyint(2) unsigned NOT NULL,
  `completed` tinyint(2) unsigned NOT NULL DEFAULT '0',
  PRIMARY KEY (`id`),
  UNIQUE KEY `on_objective_complete` (`quest_id`,`player_id`),
  KEY `listing` (`player_id`,`status`),
  CONSTRAINT `quest_progresses_ibfk_2` FOREIGN KEY (`player_id`) REFERENCES `players` (`id`) ON DELETE CASCADE,
  CONSTRAINT `quest_progresses_ibfk_1` FOREIGN KEY (`quest_id`) REFERENCES `quests` (`id`) ON DELETE CASCADE
) ENGINE=InnoDB AUTO_INCREMENT=2 DEFAULT CHARSET=utf8;
/*!40101 SET character_set_client = @saved_cs_client */;

--
-- Dumping data for table `quest_progresses`
--

LOCK TABLES `quest_progresses` WRITE;
/*!40000 ALTER TABLE `quest_progresses` DISABLE KEYS */;
INSERT INTO `quest_progresses` VALUES (1,1,1,0,0);
/*!40000 ALTER TABLE `quest_progresses` ENABLE KEYS */;
UNLOCK TABLES;

--
-- Table structure for table `quests`
--

DROP TABLE IF EXISTS `quests`;
/*!40101 SET @saved_cs_client     = @@character_set_client */;
/*!40101 SET character_set_client = utf8 */;
CREATE TABLE `quests` (
  `id` int(11) NOT NULL AUTO_INCREMENT,
  `parent_id` int(11) DEFAULT NULL,
  `rewards` text NOT NULL,
  `help_url_id` varchar(255) DEFAULT NULL,
  PRIMARY KEY (`id`),
  KEY `child quests` (`parent_id`),
  CONSTRAINT `quests_ibfk_1` FOREIGN KEY (`parent_id`) REFERENCES `quests` (`id`) ON DELETE CASCADE
) ENGINE=InnoDB AUTO_INCREMENT=116 DEFAULT CHARSET=utf8;
/*!40101 SET character_set_client = @saved_cs_client */;

--
-- Dumping data for table `quests`
--

LOCK TABLES `quests` WRITE;
/*!40000 ALTER TABLE `quests` DISABLE KEYS */;
INSERT INTO `quests` VALUES (1,NULL,'{\"metal\":25.2,\"energy\":96.0}','Constructing Buildings'),(2,1,'{\"metal\":69.30000000000001,\"energy\":140.8}','Extracting Metal'),(3,2,'{\"metal\":2712.0,\"energy\":5424.0}',NULL),(4,3,'{\"metal\":412.5,\"energy\":920.7}','Upgrading Buildings'),(5,4,'{\"metal\":401.40000000000003,\"zetium\":10.8,\"points\":4000}',NULL),(6,3,'{\"units\":[{\"type\":\"Trooper\",\"level\":1,\"count\":4,\"hp\":100}],\"metal\":949.2,\"energy\":1898.4,\"zetium\":16.2}',NULL),(7,6,'{\"metal\":723.2,\"energy\":1446.4,\"zetium\":16.2}','Building Units'),(8,6,'{\"units\":[{\"type\":\"Trooper\",\"level\":2,\"count\":2,\"hp\":50},{\"type\":\"Trooper\",\"level\":3,\"count\":1,\"hp\":30}],\"metal\":1865.6000000000001,\"energy\":4134.900000000001,\"zetium\":866.8000000000001}','Attacking NPC Buildings'),(9,32,'{\"metal\":862.8,\"energy\":4101.599999999999,\"zetium\":16.2,\"points\":2000}',NULL),(10,8,'{\"metal\":1725.6,\"energy\":2461.2,\"zetium\":16.2,\"points\":2000}',NULL),(11,8,'{\"units\":[{\"type\":\"Trooper\",\"level\":1,\"count\":4,\"hp\":100},{\"type\":\"Seeker\",\"level\":1,\"count\":2,\"hp\":100}],\"metal\":1853.1999999999998,\"energy\":3706.3999999999996}',NULL),(12,11,'{\"metal\":1374.5,\"energy\":2747.6,\"points\":2000}','Researching Technologies'),(13,12,'{\"metal\":692.55,\"energy\":1384.1499999999999,\"zetium\":12.35,\"points\":2000}',NULL),(14,11,'{\"metal\":595.1999999999999,\"energy\":1814.3999999999999}',NULL),(15,14,'{\"metal\":3475.0000000000005,\"energy\":3149.2,\"zetium\":284.4}','Extracting Zetium'),(16,15,'{\"units\":[{\"type\":\"Trooper\",\"level\":3,\"count\":1,\"hp\":100},{\"type\":\"Seeker\",\"level\":2,\"count\":1,\"hp\":100},{\"type\":\"Shocker\",\"level\":1,\"count\":3,\"hp\":100}]}','Collecting Points'),(17,15,'{\"metal\":9225.6,\"energy\":12915.6,\"zetium\":646.8}',NULL),(18,17,'{\"metal\":15375.2,\"energy\":21525.600000000002,\"zetium\":1076.8}',NULL),(19,18,'{\"units\":[{\"type\":\"Crow\",\"level\":1,\"count\":4,\"hp\":100}],\"metal\":16144.800000000001,\"energy\":22604.4,\"zetium\":1134.0}',NULL),(20,19,'{\"units\":[{\"type\":\"Mule\",\"level\":1,\"count\":1,\"hp\":100},{\"type\":\"Mdh\",\"level\":1,\"count\":1,\"hp\":100}]}','Annexing Planets'),(21,20,'{\"metal\":1158.5844,\"energy\":2560.7376000000004,\"zetium\":117.99765}','Colonizing Planets'),(22,3,'{\"points\":200,\"units\":[{\"type\":\"Gnat\",\"level\":1,\"count\":1,\"hp\":25}]}','Exploring Objects'),(23,22,'{\"points\":1000,\"units\":[{\"type\":\"Glancer\",\"level\":1,\"count\":1,\"hp\":60}]}',NULL),(24,11,'{\"points\":800,\"units\":[{\"type\":\"Gnat\",\"level\":1,\"count\":2,\"hp\":25},{\"type\":\"Gnat\",\"level\":1,\"count\":2,\"hp\":20},{\"type\":\"Gnat\",\"level\":1,\"count\":2,\"hp\":15},{\"type\":\"Gnat\",\"level\":1,\"count\":2,\"hp\":10}]}',NULL),(25,24,'{\"points\":800,\"units\":[{\"type\":\"Glancer\",\"level\":1,\"count\":2,\"hp\":80}]}',NULL),(26,25,'{\"points\":1600,\"units\":[{\"type\":\"Spudder\",\"level\":1,\"count\":1,\"hp\":96}]}',NULL),(27,11,'{\"metal\":5940.0,\"energy\":18144.0}','Zetium Crystals'),(28,16,'{\"units\":[{\"type\":\"Scorpion\",\"level\":2,\"count\":2,\"hp\":70},{\"type\":\"Azure\",\"level\":1,\"count\":1,\"hp\":100}]}',NULL),(29,28,'{\"units\":[{\"type\":\"Cyrix\",\"level\":2,\"count\":2,\"hp\":60},{\"type\":\"Crow\",\"level\":1,\"count\":4,\"hp\":100}]}',NULL),(30,29,'{\"units\":[{\"type\":\"Avenger\",\"level\":1,\"count\":4,\"hp\":100},{\"type\":\"Dart\",\"level\":1,\"count\":4,\"hp\":100}]}',NULL),(31,19,'{\"metal\":23064,\"energy\":32292,\"zetium\":1620}','Fighting in Space'),(32,8,'{\"metal\":150.0,\"energy\":627.6,\"points\":2000}',NULL),(33,30,'{\"units\":[{\"type\":\"Rhyno\",\"level\":1,\"count\":1,\"hp\":100},{\"type\":\"Cyrix\",\"level\":1,\"count\":3,\"hp\":100}]}',NULL),(34,21,'{\"metal\":3862.4,\"energy\":25625.920000000002,\"zetium\":524.8000000000001}','Exploring Galaxy'),(35,19,'{\"units\":[{\"type\":\"Dart\",\"level\":1,\"count\":2,\"hp\":100}]}',NULL),(36,35,'{\"units\":[{\"type\":\"Avenger\",\"level\":1,\"count\":4,\"hp\":100}]}',NULL),(37,36,'{\"units\":[{\"type\":\"Rhyno\",\"level\":1,\"count\":2,\"hp\":100}]}',NULL),(38,34,'{\"units\":[{\"type\":\"Trooper\",\"level\":2,\"count\":15,\"hp\":100},{\"type\":\"Seeker\",\"level\":2,\"count\":5,\"hp\":100},{\"type\":\"Scorpion\",\"level\":2,\"count\":5,\"hp\":100}]}',NULL),(39,38,'{\"units\":[{\"type\":\"Trooper\",\"level\":2,\"count\":20,\"hp\":100},{\"type\":\"Shocker\",\"level\":2,\"count\":10,\"hp\":100},{\"type\":\"Seeker\",\"level\":2,\"count\":5,\"hp\":100},{\"type\":\"Scorpion\",\"level\":2,\"count\":5,\"hp\":100}]}',NULL),(40,39,'{\"units\":[{\"type\":\"Shocker\",\"level\":2,\"count\":15,\"hp\":100},{\"type\":\"Seeker\",\"level\":2,\"count\":10,\"hp\":100},{\"type\":\"Scorpion\",\"level\":2,\"count\":10,\"hp\":100},{\"type\":\"Azure\",\"level\":2,\"count\":8,\"hp\":100}]}',NULL),(41,40,'{\"units\":[{\"type\":\"Shocker\",\"level\":2,\"count\":20,\"hp\":100},{\"type\":\"Seeker\",\"level\":2,\"count\":15,\"hp\":100},{\"type\":\"Scorpion\",\"level\":2,\"count\":15,\"hp\":100},{\"type\":\"Azure\",\"level\":2,\"count\":10,\"hp\":100},{\"type\":\"Cyrix\",\"level\":2,\"count\":15,\"hp\":100},{\"type\":\"Dart\",\"level\":2,\"count\":10,\"hp\":100}]}',NULL),(42,41,'{\"units\":[{\"type\":\"Shocker\",\"level\":2,\"count\":25,\"hp\":100},{\"type\":\"Seeker\",\"level\":2,\"count\":20,\"hp\":100},{\"type\":\"Scorpion\",\"level\":2,\"count\":25,\"hp\":100},{\"type\":\"Azure\",\"level\":2,\"count\":15,\"hp\":100},{\"type\":\"Cyrix\",\"level\":2,\"count\":20,\"hp\":100},{\"type\":\"Avenger\",\"level\":2,\"count\":15,\"hp\":100},{\"type\":\"Dart\",\"level\":2,\"count\":15,\"hp\":100}]}',NULL),(43,34,'{\"units\":[{\"type\":\"Mule\",\"level\":5,\"count\":1,\"hp\":100}]}',NULL),(44,43,'{\"units\":[{\"type\":\"Crow\",\"level\":5,\"count\":1,\"hp\":100}]}',NULL),(45,44,'{\"units\":[{\"type\":\"Cyrix\",\"level\":3,\"count\":1,\"hp\":100}]}',NULL),(46,45,'{\"units\":[{\"type\":\"Cyrix\",\"level\":5,\"count\":1,\"hp\":100}]}',NULL),(47,46,'{\"units\":[{\"type\":\"Avenger\",\"level\":5,\"count\":1,\"hp\":100}]}',NULL),(48,47,'{\"units\":[{\"type\":\"Avenger\",\"level\":5,\"count\":3,\"hp\":100}]}',NULL),(49,46,'{\"units\":[{\"type\":\"Dart\",\"level\":5,\"count\":1,\"hp\":100}]}',NULL),(50,49,'{\"units\":[{\"type\":\"Dart\",\"level\":5,\"count\":3,\"hp\":100}]}',NULL),(51,46,'{\"units\":[{\"type\":\"Avenger\",\"level\":8,\"count\":1,\"hp\":100}]}',NULL),(52,51,'{\"units\":[{\"type\":\"Rhyno\",\"level\":3,\"count\":1,\"hp\":100}]}',NULL),(53,34,'{\"units\":[{\"type\":\"Scorpion\",\"level\":5,\"count\":1,\"hp\":100}]}',NULL),(54,53,'{\"units\":[{\"type\":\"Azure\",\"level\":6,\"count\":1,\"hp\":100}]}',NULL),(55,54,'{\"units\":[{\"type\":\"Trooper\",\"level\":5,\"count\":3,\"hp\":100},{\"type\":\"Seeker\",\"level\":5,\"count\":3,\"hp\":100},{\"type\":\"Shocker\",\"level\":7,\"count\":1,\"hp\":100}]}',NULL),(56,55,'{\"units\":[{\"type\":\"Trooper\",\"level\":5,\"count\":4,\"hp\":100},{\"type\":\"Seeker\",\"level\":5,\"count\":4,\"hp\":100},{\"type\":\"Shocker\",\"level\":7,\"count\":2,\"hp\":100}]}',NULL),(57,56,'{\"units\":[{\"type\":\"Trooper\",\"level\":5,\"count\":5,\"hp\":100},{\"type\":\"Seeker\",\"level\":5,\"count\":5,\"hp\":100},{\"type\":\"Shocker\",\"level\":7,\"count\":3,\"hp\":100}]}',NULL),(58,54,'{\"units\":[{\"type\":\"Scorpion\",\"level\":6,\"count\":1,\"hp\":100},{\"type\":\"Azure\",\"level\":6,\"count\":1,\"hp\":100}]}',NULL),(59,58,'{\"units\":[{\"type\":\"Scorpion\",\"level\":6,\"count\":2,\"hp\":100},{\"type\":\"Azure\",\"level\":6,\"count\":2,\"hp\":100}]}',NULL),(60,59,'{\"units\":[{\"type\":\"Scorpion\",\"level\":6,\"count\":3,\"hp\":100},{\"type\":\"Azure\",\"level\":6,\"count\":3,\"hp\":100}]}',NULL),(61,54,'{\"units\":[{\"type\":\"Cyrix\",\"level\":5,\"count\":2,\"hp\":100}]}',NULL),(62,61,'{\"units\":[{\"type\":\"Cyrix\",\"level\":5,\"count\":4,\"hp\":100}]}',NULL),(63,62,'{\"units\":[{\"type\":\"Cyrix\",\"level\":5,\"count\":6,\"hp\":100}]}',NULL),(64,33,'{\"units\":[{\"type\":\"Rhyno\",\"level\":7,\"count\":1,\"hp\":100}]}',NULL),(65,54,'{\"units\":[{\"type\":\"Mdh\",\"level\":1,\"count\":2,\"hp\":100}]}',NULL),(66,27,'{\"metal\":600,\"energy\":1800,\"zetium\":105}',NULL),(67,66,'{\"metal\":1040,\"energy\":3120,\"zetium\":182}',NULL),(68,67,'{\"metal\":1760,\"energy\":5280,\"zetium\":308}',NULL),(69,68,'{\"metal\":2960,\"energy\":8880,\"zetium\":518}',NULL),(70,69,'{\"metal\":6000,\"energy\":18000,\"zetium\":1050}',NULL),(71,70,'{\"metal\":10200,\"energy\":30600,\"zetium\":1785}',NULL),(72,11,'{\"scientists\":10}',NULL),(73,72,'{\"scientists\":20}',NULL),(74,73,'{\"scientists\":30}',NULL),(75,74,'{\"scientists\":40}',NULL),(76,75,'{\"scientists\":60}',NULL),(77,76,'{\"scientists\":80}',NULL),(78,77,'{\"scientists\":100}',NULL),(79,78,'{\"scientists\":150}',NULL),(80,7,'{\"units\":[{\"type\":\"Trooper\",\"level\":3,\"count\":1,\"hp\":100}]}',NULL),(81,80,'{\"units\":[{\"type\":\"Trooper\",\"level\":3,\"count\":2,\"hp\":100}]}',NULL),(82,81,'{\"units\":[{\"type\":\"Trooper\",\"level\":3,\"count\":3,\"hp\":100}]}',NULL),(83,82,'{\"units\":[{\"type\":\"Trooper\",\"level\":3,\"count\":4,\"hp\":100},{\"type\":\"Seeker\",\"level\":3,\"count\":1,\"hp\":100}]}',NULL),(84,83,'{\"units\":[{\"type\":\"Trooper\",\"level\":3,\"count\":5,\"hp\":100},{\"type\":\"Seeker\",\"level\":3,\"count\":1,\"hp\":100},{\"type\":\"Shocker\",\"level\":3,\"count\":1,\"hp\":100}]}',NULL),(85,84,'{\"units\":[{\"type\":\"Trooper\",\"level\":3,\"count\":8,\"hp\":100},{\"type\":\"Seeker\",\"level\":3,\"count\":2,\"hp\":100},{\"type\":\"Shocker\",\"level\":3,\"count\":1,\"hp\":100}]}',NULL),(86,85,'{\"units\":[{\"type\":\"Trooper\",\"level\":3,\"count\":7,\"hp\":100},{\"type\":\"Seeker\",\"level\":3,\"count\":2,\"hp\":100},{\"type\":\"Shocker\",\"level\":3,\"count\":2,\"hp\":100},{\"type\":\"Scorpion\",\"level\":3,\"count\":1,\"hp\":100}]}',NULL),(87,86,'{\"units\":[{\"type\":\"Trooper\",\"level\":3,\"count\":9,\"hp\":100},{\"type\":\"Seeker\",\"level\":3,\"count\":3,\"hp\":100},{\"type\":\"Shocker\",\"level\":3,\"count\":3,\"hp\":100},{\"type\":\"Scorpion\",\"level\":3,\"count\":2,\"hp\":100}]}',NULL),(88,87,'{\"units\":[{\"type\":\"Trooper\",\"level\":3,\"count\":10,\"hp\":100},{\"type\":\"Seeker\",\"level\":3,\"count\":3,\"hp\":100},{\"type\":\"Shocker\",\"level\":3,\"count\":2,\"hp\":100},{\"type\":\"Scorpion\",\"level\":3,\"count\":2,\"hp\":100},{\"type\":\"Crow\",\"level\":2,\"count\":1,\"hp\":100}]}',NULL),(89,88,'{\"units\":[{\"type\":\"Trooper\",\"level\":3,\"count\":12,\"hp\":100},{\"type\":\"Seeker\",\"level\":3,\"count\":3,\"hp\":100},{\"type\":\"Shocker\",\"level\":3,\"count\":3,\"hp\":100},{\"type\":\"Scorpion\",\"level\":3,\"count\":2,\"hp\":100},{\"type\":\"Avenger\",\"level\":3,\"count\":1,\"hp\":100}]}',NULL),(90,89,'{\"units\":[{\"type\":\"Trooper\",\"level\":3,\"count\":10,\"hp\":100},{\"type\":\"Seeker\",\"level\":3,\"count\":2,\"hp\":100},{\"type\":\"Shocker\",\"level\":3,\"count\":2,\"hp\":100},{\"type\":\"Scorpion\",\"level\":3,\"count\":2,\"hp\":100},{\"type\":\"Avenger\",\"level\":3,\"count\":1,\"hp\":100},{\"type\":\"Cyrix\",\"level\":3,\"count\":1,\"hp\":100},{\"type\":\"Crow\",\"level\":2,\"count\":1,\"hp\":100}]}',NULL),(91,90,'{\"units\":[{\"type\":\"Trooper\",\"level\":3,\"count\":9,\"hp\":100},{\"type\":\"Seeker\",\"level\":3,\"count\":3,\"hp\":100},{\"type\":\"Shocker\",\"level\":3,\"count\":3,\"hp\":100},{\"type\":\"Scorpion\",\"level\":3,\"count\":2,\"hp\":100},{\"type\":\"Avenger\",\"level\":3,\"count\":1,\"hp\":100},{\"type\":\"Cyrix\",\"level\":3,\"count\":3,\"hp\":100},{\"type\":\"Crow\",\"level\":2,\"count\":1,\"hp\":100}]}',NULL),(92,91,'{\"units\":[{\"type\":\"Trooper\",\"level\":3,\"count\":10,\"hp\":100},{\"type\":\"Seeker\",\"level\":3,\"count\":3,\"hp\":100},{\"type\":\"Shocker\",\"level\":3,\"count\":3,\"hp\":100},{\"type\":\"Scorpion\",\"level\":3,\"count\":2,\"hp\":100},{\"type\":\"Avenger\",\"level\":3,\"count\":1,\"hp\":100},{\"type\":\"Rhyno\",\"level\":3,\"count\":1,\"hp\":100},{\"type\":\"Cyrix\",\"level\":3,\"count\":2,\"hp\":100},{\"type\":\"Crow\",\"level\":2,\"count\":1,\"hp\":100}]}',NULL),(93,92,'{\"units\":[{\"type\":\"Trooper\",\"level\":3,\"count\":9,\"hp\":100},{\"type\":\"Seeker\",\"level\":3,\"count\":3,\"hp\":100},{\"type\":\"Shocker\",\"level\":3,\"count\":2,\"hp\":100},{\"type\":\"Scorpion\",\"level\":3,\"count\":2,\"hp\":100},{\"type\":\"Avenger\",\"level\":3,\"count\":3,\"hp\":100},{\"type\":\"Rhyno\",\"level\":3,\"count\":1,\"hp\":100},{\"type\":\"Cyrix\",\"level\":3,\"count\":3,\"hp\":100},{\"type\":\"Dart\",\"level\":3,\"count\":1,\"hp\":100}]}',NULL),(94,93,'{\"units\":[{\"type\":\"Trooper\",\"level\":3,\"count\":12,\"hp\":100},{\"type\":\"Seeker\",\"level\":3,\"count\":4,\"hp\":100},{\"type\":\"Shocker\",\"level\":3,\"count\":4,\"hp\":100},{\"type\":\"Scorpion\",\"level\":3,\"count\":4,\"hp\":100},{\"type\":\"Avenger\",\"level\":3,\"count\":4,\"hp\":100},{\"type\":\"Rhyno\",\"level\":3,\"count\":1,\"hp\":100},{\"type\":\"Cyrix\",\"level\":3,\"count\":3,\"hp\":100},{\"type\":\"Dart\",\"level\":3,\"count\":2,\"hp\":100},{\"type\":\"Crow\",\"level\":2,\"count\":5,\"hp\":100}]}',NULL),(95,71,'{\"metal\":18000,\"energy\":54000,\"zetium\":3150}',NULL),(96,95,'{\"metal\":25200,\"energy\":75600,\"zetium\":4410}',NULL),(97,96,'{\"metal\":35280,\"energy\":105840,\"zetium\":6174}',NULL),(98,97,'{\"metal\":49400,\"energy\":148200,\"zetium\":8645}',NULL),(99,98,'{\"metal\":69160,\"energy\":207480,\"zetium\":12103}',NULL),(100,99,'{\"metal\":96840,\"energy\":290520,\"zetium\":16947}',NULL),(101,100,'{\"metal\":135560,\"energy\":406680,\"zetium\":23723}',NULL),(102,101,'{\"metal\":189760,\"energy\":569280,\"zetium\":33208}',NULL),(106,94,'{\"units\":[{\"type\":\"Scorpion\",\"level\":3,\"count\":5,\"hp\":100},{\"type\":\"Avenger\",\"level\":3,\"count\":4,\"hp\":100},{\"type\":\"Rhyno\",\"level\":3,\"count\":2,\"hp\":100},{\"type\":\"Cyrix\",\"level\":3,\"count\":6,\"hp\":100},{\"type\":\"Dart\",\"level\":3,\"count\":3,\"hp\":100},{\"type\":\"Crow\",\"level\":2,\"count\":5,\"hp\":100}]}',NULL),(107,106,'{\"units\":[{\"type\":\"Scorpion\",\"level\":3,\"count\":4,\"hp\":100},{\"type\":\"Avenger\",\"level\":3,\"count\":6,\"hp\":100},{\"type\":\"Rhyno\",\"level\":3,\"count\":2,\"hp\":100},{\"type\":\"Cyrix\",\"level\":3,\"count\":6,\"hp\":100},{\"type\":\"Dart\",\"level\":3,\"count\":4,\"hp\":100},{\"type\":\"Crow\",\"level\":2,\"count\":5,\"hp\":100}]}',NULL),(108,107,'{\"units\":[{\"type\":\"Scorpion\",\"level\":3,\"count\":6,\"hp\":100},{\"type\":\"Avenger\",\"level\":3,\"count\":7,\"hp\":100},{\"type\":\"Rhyno\",\"level\":3,\"count\":2,\"hp\":100},{\"type\":\"Cyrix\",\"level\":3,\"count\":6,\"hp\":100},{\"type\":\"Dart\",\"level\":3,\"count\":4,\"hp\":100},{\"type\":\"Crow\",\"level\":2,\"count\":10,\"hp\":100}]}',NULL),(109,108,'{\"units\":[{\"type\":\"Scorpion\",\"level\":3,\"count\":6,\"hp\":100},{\"type\":\"Avenger\",\"level\":3,\"count\":7,\"hp\":100},{\"type\":\"Rhyno\",\"level\":3,\"count\":3,\"hp\":100},{\"type\":\"Cyrix\",\"level\":3,\"count\":7,\"hp\":100},{\"type\":\"Dart\",\"level\":3,\"count\":4,\"hp\":100},{\"type\":\"Crow\",\"level\":2,\"count\":11,\"hp\":100}]}',NULL),(110,109,'{\"units\":[{\"type\":\"Scorpion\",\"level\":3,\"count\":6,\"hp\":100},{\"type\":\"Avenger\",\"level\":3,\"count\":8,\"hp\":100},{\"type\":\"Rhyno\",\"level\":3,\"count\":3,\"hp\":100},{\"type\":\"Cyrix\",\"level\":3,\"count\":9,\"hp\":100},{\"type\":\"Dart\",\"level\":3,\"count\":6,\"hp\":100},{\"type\":\"Crow\",\"level\":2,\"count\":11,\"hp\":100}]}',NULL),(111,110,'{\"units\":[{\"type\":\"Scorpion\",\"level\":3,\"count\":9,\"hp\":100},{\"type\":\"Avenger\",\"level\":3,\"count\":10,\"hp\":100},{\"type\":\"Rhyno\",\"level\":3,\"count\":3,\"hp\":100},{\"type\":\"Cyrix\",\"level\":3,\"count\":10,\"hp\":100},{\"type\":\"Dart\",\"level\":3,\"count\":6,\"hp\":100},{\"type\":\"Crow\",\"level\":2,\"count\":16,\"hp\":100}]}',NULL),(112,111,'{\"units\":[{\"type\":\"Scorpion\",\"level\":3,\"count\":10,\"hp\":100},{\"type\":\"Avenger\",\"level\":3,\"count\":11,\"hp\":100},{\"type\":\"Rhyno\",\"level\":3,\"count\":4,\"hp\":100},{\"type\":\"Cyrix\",\"level\":3,\"count\":12,\"hp\":100},{\"type\":\"Dart\",\"level\":3,\"count\":7,\"hp\":100},{\"type\":\"Crow\",\"level\":2,\"count\":15,\"hp\":100}]}',NULL),(113,112,'{\"units\":[{\"type\":\"Scorpion\",\"level\":3,\"count\":12,\"hp\":100},{\"type\":\"Avenger\",\"level\":3,\"count\":13,\"hp\":100},{\"type\":\"Rhyno\",\"level\":3,\"count\":4,\"hp\":100},{\"type\":\"Cyrix\",\"level\":3,\"count\":14,\"hp\":100},{\"type\":\"Dart\",\"level\":3,\"count\":8,\"hp\":100},{\"type\":\"Crow\",\"level\":2,\"count\":20,\"hp\":100}]}',NULL),(114,113,'{\"units\":[{\"type\":\"Scorpion\",\"level\":3,\"count\":11,\"hp\":100},{\"type\":\"Avenger\",\"level\":3,\"count\":15,\"hp\":100},{\"type\":\"Rhyno\",\"level\":3,\"count\":5,\"hp\":100},{\"type\":\"Cyrix\",\"level\":3,\"count\":15,\"hp\":100},{\"type\":\"Dart\",\"level\":3,\"count\":10,\"hp\":100},{\"type\":\"Crow\",\"level\":2,\"count\":21,\"hp\":100}]}',NULL),(115,114,'{\"units\":[{\"type\":\"Scorpion\",\"level\":3,\"count\":14,\"hp\":100},{\"type\":\"Avenger\",\"level\":3,\"count\":16,\"hp\":100},{\"type\":\"Rhyno\",\"level\":3,\"count\":6,\"hp\":100},{\"type\":\"Cyrix\",\"level\":3,\"count\":18,\"hp\":100},{\"type\":\"Dart\",\"level\":3,\"count\":11,\"hp\":100},{\"type\":\"Crow\",\"level\":2,\"count\":25,\"hp\":100}]}',NULL);
/*!40000 ALTER TABLE `quests` ENABLE KEYS */;
UNLOCK TABLES;

--
-- Table structure for table `route_hops`
--

DROP TABLE IF EXISTS `route_hops`;
/*!40101 SET @saved_cs_client     = @@character_set_client */;
/*!40101 SET character_set_client = utf8 */;
CREATE TABLE `route_hops` (
  `id` int(11) NOT NULL AUTO_INCREMENT,
  `route_id` int(11) NOT NULL,
  `location_type` tinyint(2) unsigned NOT NULL,
  `location_id` int(10) unsigned NOT NULL,
  `location_x` int(11) DEFAULT NULL,
  `location_y` int(11) DEFAULT NULL,
  `arrives_at` datetime NOT NULL,
  `index` smallint(6) NOT NULL,
  `next` tinyint(1) NOT NULL DEFAULT '0',
  `jumps_at` datetime DEFAULT NULL,
  PRIMARY KEY (`id`),
  UNIQUE KEY `next_hop` (`route_id`,`index`),
  KEY `route` (`route_id`,`location_type`,`location_id`),
  KEY `next` (`route_id`,`next`),
  CONSTRAINT `route_hops_ibfk_1` FOREIGN KEY (`route_id`) REFERENCES `routes` (`id`) ON DELETE CASCADE
) ENGINE=InnoDB DEFAULT CHARSET=utf8;
/*!40101 SET character_set_client = @saved_cs_client */;

--
-- Dumping data for table `route_hops`
--

LOCK TABLES `route_hops` WRITE;
/*!40000 ALTER TABLE `route_hops` DISABLE KEYS */;
/*!40000 ALTER TABLE `route_hops` ENABLE KEYS */;
UNLOCK TABLES;

--
-- Table structure for table `routes`
--

DROP TABLE IF EXISTS `routes`;
/*!40101 SET @saved_cs_client     = @@character_set_client */;
/*!40101 SET character_set_client = utf8 */;
CREATE TABLE `routes` (
  `id` int(11) NOT NULL AUTO_INCREMENT,
  `target_type` tinyint(2) unsigned NOT NULL,
  `target_id` int(10) unsigned NOT NULL,
  `arrives_at` datetime NOT NULL,
  `cached_units` text NOT NULL,
  `player_id` int(11) NOT NULL,
  `target_x` int(11) NOT NULL,
  `target_y` int(11) NOT NULL,
  `target_name` varchar(255) DEFAULT NULL,
  `target_variation` tinyint(2) unsigned DEFAULT NULL,
  `target_solar_system_id` int(11) DEFAULT NULL,
  `current_id` int(11) unsigned NOT NULL,
  `current_type` tinyint(2) unsigned NOT NULL,
  `current_x` int(11) NOT NULL,
  `current_y` int(11) NOT NULL,
  `current_name` varchar(255) DEFAULT NULL,
  `current_variation` tinyint(2) unsigned DEFAULT NULL,
  `current_solar_system_id` int(11) DEFAULT NULL,
  `source_id` int(11) unsigned NOT NULL,
  `source_type` tinyint(2) unsigned NOT NULL,
  `source_x` int(11) NOT NULL,
  `source_y` int(11) NOT NULL,
  `source_name` varchar(255) DEFAULT NULL,
  `source_variation` tinyint(2) unsigned DEFAULT NULL,
  `source_solar_system_id` int(11) DEFAULT NULL,
  `first_hop` datetime NOT NULL,
  PRIMARY KEY (`id`),
  KEY `incoming_routes` (`target_type`,`target_id`),
  KEY `foreign_key` (`player_id`),
  CONSTRAINT `routes_ibfk_1` FOREIGN KEY (`player_id`) REFERENCES `players` (`id`) ON DELETE CASCADE
) ENGINE=InnoDB DEFAULT CHARSET=utf8;
/*!40101 SET character_set_client = @saved_cs_client */;

--
-- Dumping data for table `routes`
--

LOCK TABLES `routes` WRITE;
/*!40000 ALTER TABLE `routes` DISABLE KEYS */;
/*!40000 ALTER TABLE `routes` ENABLE KEYS */;
UNLOCK TABLES;

--
-- Table structure for table `schema_migrations`
--

DROP TABLE IF EXISTS `schema_migrations`;
/*!40101 SET @saved_cs_client     = @@character_set_client */;
/*!40101 SET character_set_client = utf8 */;
CREATE TABLE `schema_migrations` (
  `version` varchar(255) NOT NULL,
  UNIQUE KEY `unique_schema_migrations` (`version`)
) ENGINE=InnoDB DEFAULT CHARSET=utf8;
/*!40101 SET character_set_client = @saved_cs_client */;

--
-- Dumping data for table `schema_migrations`
--

LOCK TABLES `schema_migrations` WRITE;
/*!40000 ALTER TABLE `schema_migrations` DISABLE KEYS */;
INSERT INTO `schema_migrations` VALUES ('20090601175224'),('20090601184051'),('20090601184055'),('20090601184059'),('20090701164131'),('20090713165021'),('20090808144214'),('20090809160211'),('20090810173759'),('20090826140238'),('20090826141836'),('20090829202538'),('20090829210029'),('20090829224505'),('20090830143959'),('20090830145319'),('20090901153809'),('20090904190655'),('20090905175341'),('20090905192056'),('20090906135044'),('20090909222719'),('20090911180950'),('20090912165229'),('20090919155819'),('20091024222359'),('20091103164416'),('20091103180558'),('20091103181146'),('20091109191211'),('20091225193714'),('20100114152902'),('20100121142414'),('20100127115341'),('20100127120219'),('20100127120515'),('20100127121337'),('20100129150736'),('20100203202757'),('20100203204803'),('20100204172507'),('20100204173714'),('20100208163239'),('20100210114531'),('20100212134334'),('20100218181507'),('20100219114448'),('20100220144106'),('20100222144003'),('20100223153023'),('20100224153728'),('20100224163525'),('20100225124928'),('20100225153721'),('20100225155505'),('20100225155739'),('20100226122144'),('20100226122651'),('20100301153626'),('20100302131225'),('20100303131706'),('20100308163148'),('20100308164422'),('20100310172315'),('20100310181338'),('20100311123523'),('20100315112858'),('20100319141401'),('20100322184529'),('20100324134243'),('20100324141652'),('20100331125702'),('20100415130556'),('20100415130600'),('20100415130605'),('20100415134627'),('20100419141518'),('20100419142018'),('20100419164230'),('20100426141509'),('20100428130912'),('20100429171200'),('20100430174140'),('20100610151652'),('20100610180750'),('20100614142225'),('20100614160819'),('20100614162423'),('20100616132525'),('20100616135507'),('20100622124252'),('20100706105523'),('20100710121447'),('20100710191351'),('20100716155807'),('20100719131622'),('20100721155359'),('20100722124307'),('20100812164444'),('20100812164449'),('20100812164518'),('20100812164524'),('20100817165213'),('20100819175736'),('20100820185846'),('20100906095758'),('20100915145823'),('20100929111549'),('20101001155323'),('20101005180058'),('20101022155620'),('20101117131430'),('20101208135417'),('20101209122838'),('20101222150446'),('20101223125157'),('20101223172333'),('20110106110617'),('20110117182616'),('20110119121807'),('20110125161025'),('20110128094012'),('20110201122224'),('20110211124612'),('20110214130700'),('20110214165108'),('20110215161039'),('20110221105637'),('20110224162141'),('20110224174209'),('20110307104202'),('20110307121218'),('20110309114701'),('20110309194328'),('20110310113500'),('20110311172250'),('20110314132426'),('20110317165341'),('20110329163829'),('20110330141930'),('20110410103752'),('20110413154835'),('20110420152125'),('20110420153521'),('20110422180144'),('20110426131533'),('20110426145014'),('99999999999000'),('99999999999900');
/*!40000 ALTER TABLE `schema_migrations` ENABLE KEYS */;
UNLOCK TABLES;

--
-- Table structure for table `solar_systems`
--

DROP TABLE IF EXISTS `solar_systems`;
/*!40101 SET @saved_cs_client     = @@character_set_client */;
/*!40101 SET character_set_client = utf8 */;
CREATE TABLE `solar_systems` (
  `id` int(11) NOT NULL AUTO_INCREMENT,
  `galaxy_id` int(11) NOT NULL,
  `x` mediumint(9) DEFAULT NULL,
  `y` mediumint(9) DEFAULT NULL,
  `wormhole` tinyint(1) NOT NULL DEFAULT '0',
  `shield_ends_at` datetime DEFAULT NULL,
  `shield_owner_id` int(11) DEFAULT NULL,
  PRIMARY KEY (`id`),
  UNIQUE KEY `uniqueness` (`galaxy_id`,`x`,`y`),
  KEY `shield_owner_id` (`shield_owner_id`),
  CONSTRAINT `solar_systems_ibfk_2` FOREIGN KEY (`shield_owner_id`) REFERENCES `players` (`id`) ON DELETE SET NULL,
  CONSTRAINT `solar_systems_ibfk_1` FOREIGN KEY (`galaxy_id`) REFERENCES `galaxies` (`id`) ON DELETE CASCADE
) ENGINE=InnoDB AUTO_INCREMENT=10 DEFAULT CHARSET=utf8;
/*!40101 SET character_set_client = @saved_cs_client */;

--
-- Dumping data for table `solar_systems`
--

LOCK TABLES `solar_systems` WRITE;
/*!40000 ALTER TABLE `solar_systems` DISABLE KEYS */;
INSERT INTO `solar_systems` VALUES (1,1,NULL,NULL,0,NULL,NULL),(2,1,2,-7,1,NULL,NULL),(3,1,4,-3,0,NULL,NULL),(4,1,5,-1,1,NULL,NULL),(5,1,6,-5,1,NULL,NULL),(6,1,5,-7,0,NULL,NULL),(7,1,2,-4,0,NULL,NULL),(8,1,2,-2,0,'2011-05-10 16:10:30',1),(9,1,1,-2,1,NULL,NULL);
/*!40000 ALTER TABLE `solar_systems` ENABLE KEYS */;
UNLOCK TABLES;

--
-- Table structure for table `ss_objects`
--

DROP TABLE IF EXISTS `ss_objects`;
/*!40101 SET @saved_cs_client     = @@character_set_client */;
/*!40101 SET character_set_client = utf8 */;
CREATE TABLE `ss_objects` (
  `id` int(11) NOT NULL AUTO_INCREMENT,
  `solar_system_id` int(11) NOT NULL,
  `width` int(11) DEFAULT NULL,
  `height` int(11) DEFAULT NULL,
  `position` int(11) NOT NULL DEFAULT '0',
  `angle` int(11) NOT NULL DEFAULT '0',
  `type` varchar(255) NOT NULL,
  `player_id` int(11) DEFAULT NULL,
  `name` varchar(12) NOT NULL DEFAULT '',
  `size` int(11) NOT NULL DEFAULT '0',
  `terrain` tinyint(2) unsigned NOT NULL DEFAULT '0',
  `metal` float NOT NULL DEFAULT '0',
  `metal_rate` float NOT NULL DEFAULT '0',
  `metal_storage` float NOT NULL DEFAULT '0',
  `energy` float NOT NULL DEFAULT '0',
  `energy_rate` float NOT NULL DEFAULT '0',
  `energy_storage` float NOT NULL DEFAULT '0',
  `zetium` float NOT NULL DEFAULT '0',
  `zetium_rate` float NOT NULL DEFAULT '0',
  `zetium_storage` float NOT NULL DEFAULT '0',
  `last_resources_update` datetime DEFAULT NULL,
  `energy_diminish_registered` tinyint(1) NOT NULL DEFAULT '0',
  `exploration_x` tinyint(2) unsigned DEFAULT NULL,
  `exploration_y` tinyint(2) unsigned DEFAULT NULL,
  `exploration_ends_at` datetime DEFAULT NULL,
  `can_destroy_building_at` datetime DEFAULT NULL,
  `special` tinyint(1) NOT NULL DEFAULT '0',
  `next_raid_at` datetime DEFAULT NULL,
  `shield_ends_at` datetime DEFAULT NULL,
  `shield_owner_id` int(11) DEFAULT NULL,
  `metal_rate_boost_ends_at` datetime DEFAULT NULL,
  `metal_storage_boost_ends_at` datetime DEFAULT NULL,
  `energy_rate_boost_ends_at` datetime DEFAULT NULL,
  `energy_storage_boost_ends_at` datetime DEFAULT NULL,
  `zetium_rate_boost_ends_at` datetime DEFAULT NULL,
  `zetium_storage_boost_ends_at` datetime DEFAULT NULL,
  PRIMARY KEY (`id`),
  UNIQUE KEY `uniqueness` (`solar_system_id`,`position`,`angle`),
  KEY `index_planets_on_galaxy_id_and_solar_system_id` (`solar_system_id`),
  KEY `index_planets_on_player_id_and_galaxy_id` (`player_id`),
  KEY `group_by_for_fowssentry_status_updates` (`player_id`,`solar_system_id`),
  KEY `shield_owner_id` (`shield_owner_id`),
  CONSTRAINT `ss_objects_ibfk_1` FOREIGN KEY (`solar_system_id`) REFERENCES `solar_systems` (`id`) ON DELETE CASCADE,
  CONSTRAINT `ss_objects_ibfk_2` FOREIGN KEY (`player_id`) REFERENCES `players` (`id`) ON DELETE SET NULL,
  CONSTRAINT `ss_objects_ibfk_3` FOREIGN KEY (`shield_owner_id`) REFERENCES `players` (`id`) ON DELETE SET NULL
) ENGINE=InnoDB AUTO_INCREMENT=61 DEFAULT CHARSET=utf8;
/*!40101 SET character_set_client = @saved_cs_client */;

--
-- Dumping data for table `ss_objects`
--

LOCK TABLES `ss_objects` WRITE;
/*!40000 ALTER TABLE `ss_objects` DISABLE KEYS */;
INSERT INTO `ss_objects` VALUES (1,1,23,13,1,45,'Planet',NULL,'Inculta',40,1,0,0,100000,0,0,200000,0,0,25000,NULL,0,NULL,NULL,NULL,NULL,1,NULL,NULL,NULL,NULL,NULL,NULL,NULL,NULL,NULL),(2,1,0,0,3,22,'Jumpgate',NULL,'',50,0,0,0,0,0,0,0,0,0,0,NULL,0,NULL,NULL,NULL,NULL,0,NULL,NULL,NULL,NULL,NULL,NULL,NULL,NULL,NULL),(3,1,0,0,3,270,'Jumpgate',NULL,'',46,0,0,0,0,0,0,0,0,0,0,NULL,0,NULL,NULL,NULL,NULL,0,NULL,NULL,NULL,NULL,NULL,NULL,NULL,NULL,NULL),(4,1,15,15,2,210,'Planet',NULL,'Limus',37,2,0,0,100000,0,0,200000,0,0,25000,NULL,0,NULL,NULL,NULL,NULL,1,NULL,NULL,NULL,NULL,NULL,NULL,NULL,NULL,NULL),(5,1,21,17,0,270,'Planet',NULL,'Gramen',40,0,0,0,100000,0,0,200000,0,0,25000,NULL,0,NULL,NULL,NULL,NULL,1,NULL,NULL,NULL,NULL,NULL,NULL,NULL,NULL,NULL),(6,1,0,0,3,134,'Jumpgate',NULL,'',34,0,0,0,0,0,0,0,0,0,0,NULL,0,NULL,NULL,NULL,NULL,0,NULL,NULL,NULL,NULL,NULL,NULL,NULL,NULL,NULL),(7,3,0,0,1,45,'Asteroid',NULL,'',48,0,0,4,0,0,4,0,0,2,0,NULL,0,NULL,NULL,NULL,NULL,0,NULL,NULL,NULL,NULL,NULL,NULL,NULL,NULL,NULL),(8,3,0,0,1,225,'Asteroid',NULL,'',46,0,0,5,0,0,5,0,0,4,0,NULL,0,NULL,NULL,NULL,NULL,0,NULL,NULL,NULL,NULL,NULL,NULL,NULL,NULL,NULL),(9,3,0,0,2,120,'Asteroid',NULL,'',27,0,0,5,0,0,2,0,0,4,0,NULL,0,NULL,NULL,NULL,NULL,0,NULL,NULL,NULL,NULL,NULL,NULL,NULL,NULL,NULL),(10,3,0,0,2,150,'Asteroid',NULL,'',50,0,0,4,0,0,2,0,0,4,0,NULL,0,NULL,NULL,NULL,NULL,0,NULL,NULL,NULL,NULL,NULL,NULL,NULL,NULL,NULL),(11,3,0,0,3,180,'Jumpgate',NULL,'',51,0,0,0,0,0,0,0,0,0,0,NULL,0,NULL,NULL,NULL,NULL,0,NULL,NULL,NULL,NULL,NULL,NULL,NULL,NULL,NULL),(12,3,0,0,0,90,'Asteroid',NULL,'',53,0,0,2,0,0,3,0,0,4,0,NULL,0,NULL,NULL,NULL,NULL,0,NULL,NULL,NULL,NULL,NULL,NULL,NULL,NULL,NULL),(13,3,29,29,2,180,'Planet',NULL,'P-13',49,2,0,0,0,0,0,0,0,0,0,'2011-04-26 16:10:30',0,NULL,NULL,NULL,NULL,0,NULL,NULL,NULL,NULL,NULL,NULL,NULL,NULL,NULL),(14,3,0,0,1,180,'Asteroid',NULL,'',32,0,0,1,0,0,2,0,0,2,0,NULL,0,NULL,NULL,NULL,NULL,0,NULL,NULL,NULL,NULL,NULL,NULL,NULL,NULL,NULL),(15,3,0,0,3,202,'Jumpgate',NULL,'',51,0,0,0,0,0,0,0,0,0,0,NULL,0,NULL,NULL,NULL,NULL,0,NULL,NULL,NULL,NULL,NULL,NULL,NULL,NULL,NULL),(16,3,0,0,3,90,'Jumpgate',NULL,'',36,0,0,0,0,0,0,0,0,0,0,NULL,0,NULL,NULL,NULL,NULL,0,NULL,NULL,NULL,NULL,NULL,NULL,NULL,NULL,NULL),(17,3,0,0,2,300,'Asteroid',NULL,'',58,0,0,4,0,0,5,0,0,4,0,NULL,0,NULL,NULL,NULL,NULL,0,NULL,NULL,NULL,NULL,NULL,NULL,NULL,NULL,NULL),(18,3,0,0,0,0,'Asteroid',NULL,'',27,0,0,4,0,0,5,0,0,2,0,NULL,0,NULL,NULL,NULL,NULL,0,NULL,NULL,NULL,NULL,NULL,NULL,NULL,NULL,NULL),(19,6,0,0,1,45,'Asteroid',NULL,'',43,0,0,2,0,0,4,0,0,2,0,NULL,0,NULL,NULL,NULL,NULL,0,NULL,NULL,NULL,NULL,NULL,NULL,NULL,NULL,NULL),(20,6,0,0,2,90,'Asteroid',NULL,'',38,0,0,1,0,0,2,0,0,1,0,NULL,0,NULL,NULL,NULL,NULL,0,NULL,NULL,NULL,NULL,NULL,NULL,NULL,NULL,NULL),(21,6,0,0,1,225,'Asteroid',NULL,'',59,0,0,1,0,0,2,0,0,1,0,NULL,0,NULL,NULL,NULL,NULL,0,NULL,NULL,NULL,NULL,NULL,NULL,NULL,NULL,NULL),(22,6,0,0,3,246,'Jumpgate',NULL,'',59,0,0,0,0,0,0,0,0,0,0,NULL,0,NULL,NULL,NULL,NULL,0,NULL,NULL,NULL,NULL,NULL,NULL,NULL,NULL,NULL),(23,6,0,0,3,292,'Jumpgate',NULL,'',35,0,0,0,0,0,0,0,0,0,0,NULL,0,NULL,NULL,NULL,NULL,0,NULL,NULL,NULL,NULL,NULL,NULL,NULL,NULL,NULL),(24,6,0,0,3,224,'Jumpgate',NULL,'',28,0,0,0,0,0,0,0,0,0,0,NULL,0,NULL,NULL,NULL,NULL,0,NULL,NULL,NULL,NULL,NULL,NULL,NULL,NULL,NULL),(25,6,26,28,1,270,'Planet',NULL,'P-25',47,1,0,0,0,0,0,0,0,0,0,'2011-04-26 16:10:30',0,NULL,NULL,NULL,NULL,0,NULL,NULL,NULL,NULL,NULL,NULL,NULL,NULL,NULL),(26,6,0,0,2,150,'Asteroid',NULL,'',31,0,0,4,0,0,4,0,0,2,0,NULL,0,NULL,NULL,NULL,NULL,0,NULL,NULL,NULL,NULL,NULL,NULL,NULL,NULL,NULL),(27,6,0,0,1,135,'Asteroid',NULL,'',47,0,0,5,0,0,5,0,0,3,0,NULL,0,NULL,NULL,NULL,NULL,0,NULL,NULL,NULL,NULL,NULL,NULL,NULL,NULL,NULL),(28,6,0,0,0,90,'Asteroid',NULL,'',53,0,0,4,0,0,4,0,0,2,0,NULL,0,NULL,NULL,NULL,NULL,0,NULL,NULL,NULL,NULL,NULL,NULL,NULL,NULL,NULL),(29,6,0,0,3,0,'Jumpgate',NULL,'',36,0,0,0,0,0,0,0,0,0,0,NULL,0,NULL,NULL,NULL,NULL,0,NULL,NULL,NULL,NULL,NULL,NULL,NULL,NULL,NULL),(30,6,0,0,2,330,'Asteroid',NULL,'',50,0,0,4,0,0,4,0,0,4,0,NULL,0,NULL,NULL,NULL,NULL,0,NULL,NULL,NULL,NULL,NULL,NULL,NULL,NULL,NULL),(31,6,0,0,2,300,'Asteroid',NULL,'',38,0,0,4,0,0,3,0,0,4,0,NULL,0,NULL,NULL,NULL,NULL,0,NULL,NULL,NULL,NULL,NULL,NULL,NULL,NULL,NULL),(32,6,33,31,0,0,'Planet',NULL,'P-32',51,2,0,0,0,0,0,0,0,0,0,'2011-04-26 16:10:30',0,NULL,NULL,NULL,NULL,0,NULL,NULL,NULL,NULL,NULL,NULL,NULL,NULL,NULL),(33,7,0,0,1,45,'Asteroid',NULL,'',29,0,0,4,0,0,4,0,0,2,0,NULL,0,NULL,NULL,NULL,NULL,0,NULL,NULL,NULL,NULL,NULL,NULL,NULL,NULL,NULL),(34,7,0,0,1,225,'Asteroid',NULL,'',27,0,0,2,0,0,2,0,0,1,0,NULL,0,NULL,NULL,NULL,NULL,0,NULL,NULL,NULL,NULL,NULL,NULL,NULL,NULL,NULL),(35,7,0,0,2,210,'Asteroid',NULL,'',35,0,0,2,0,0,1,0,0,2,0,NULL,0,NULL,NULL,NULL,NULL,0,NULL,NULL,NULL,NULL,NULL,NULL,NULL,NULL,NULL),(36,7,0,0,1,180,'Asteroid',NULL,'',38,0,0,2,0,0,2,0,0,2,0,NULL,0,NULL,NULL,NULL,NULL,0,NULL,NULL,NULL,NULL,NULL,NULL,NULL,NULL,NULL),(37,7,0,0,3,134,'Jumpgate',NULL,'',35,0,0,0,0,0,0,0,0,0,0,NULL,0,NULL,NULL,NULL,NULL,0,NULL,NULL,NULL,NULL,NULL,NULL,NULL,NULL,NULL),(38,7,0,0,1,0,'Asteroid',NULL,'',48,0,0,4,0,0,4,0,0,4,0,NULL,0,NULL,NULL,NULL,NULL,0,NULL,NULL,NULL,NULL,NULL,NULL,NULL,NULL,NULL),(39,7,0,0,2,60,'Asteroid',NULL,'',49,0,0,2,0,0,4,0,0,2,0,NULL,0,NULL,NULL,NULL,NULL,0,NULL,NULL,NULL,NULL,NULL,NULL,NULL,NULL,NULL),(40,7,0,0,2,30,'Asteroid',NULL,'',45,0,0,1,0,0,2,0,0,2,0,NULL,0,NULL,NULL,NULL,NULL,0,NULL,NULL,NULL,NULL,NULL,NULL,NULL,NULL,NULL),(41,7,0,0,2,180,'Asteroid',NULL,'',41,0,0,4,0,0,2,0,0,5,0,NULL,0,NULL,NULL,NULL,NULL,0,NULL,NULL,NULL,NULL,NULL,NULL,NULL,NULL,NULL),(42,7,0,0,1,135,'Asteroid',NULL,'',25,0,0,1,0,0,2,0,0,1,0,NULL,0,NULL,NULL,NULL,NULL,0,NULL,NULL,NULL,NULL,NULL,NULL,NULL,NULL,NULL),(43,7,0,0,0,90,'Asteroid',NULL,'',38,0,0,2,0,0,1,0,0,1,0,NULL,0,NULL,NULL,NULL,NULL,0,NULL,NULL,NULL,NULL,NULL,NULL,NULL,NULL,NULL),(44,7,27,30,0,270,'Planet',NULL,'P-44',48,2,0,0,0,0,0,0,0,0,0,'2011-04-26 16:10:30',0,NULL,NULL,NULL,NULL,0,NULL,NULL,NULL,NULL,NULL,NULL,NULL,NULL,NULL),(45,7,26,29,2,270,'Planet',NULL,'P-45',48,1,0,0,0,0,0,0,0,0,0,'2011-04-26 16:10:30',0,NULL,NULL,NULL,NULL,0,NULL,NULL,NULL,NULL,NULL,NULL,NULL,NULL,NULL),(46,7,0,0,0,180,'Asteroid',NULL,'',29,0,0,2,0,0,4,0,0,4,0,NULL,0,NULL,NULL,NULL,NULL,0,NULL,NULL,NULL,NULL,NULL,NULL,NULL,NULL,NULL),(47,7,0,0,0,0,'Asteroid',NULL,'',54,0,0,1,0,0,2,0,0,1,0,NULL,0,NULL,NULL,NULL,NULL,0,NULL,NULL,NULL,NULL,NULL,NULL,NULL,NULL,NULL),(48,8,0,0,1,45,'Asteroid',NULL,'',47,0,0,2,0,0,1,0,0,2,0,NULL,0,NULL,NULL,NULL,NULL,0,NULL,NULL,NULL,NULL,NULL,NULL,NULL,NULL,NULL),(49,8,33,27,1,180,'Planet',NULL,'P-49',50,1,0,0,0,0,0,0,0,0,0,'2011-04-26 16:10:30',0,NULL,NULL,NULL,NULL,0,NULL,NULL,NULL,NULL,NULL,NULL,NULL,NULL,NULL),(50,8,0,0,2,210,'Asteroid',NULL,'',41,0,0,1,0,0,2,0,0,1,0,NULL,0,NULL,NULL,NULL,NULL,0,NULL,NULL,NULL,NULL,NULL,NULL,NULL,NULL,NULL),(51,8,0,0,2,240,'Asteroid',NULL,'',47,0,0,2,0,0,2,0,0,1,0,NULL,0,NULL,NULL,NULL,NULL,0,NULL,NULL,NULL,NULL,NULL,NULL,NULL,NULL,NULL),(52,8,0,0,3,202,'Jumpgate',NULL,'',49,0,0,0,0,0,0,0,0,0,0,NULL,0,NULL,NULL,NULL,NULL,0,NULL,NULL,NULL,NULL,NULL,NULL,NULL,NULL,NULL),(53,8,0,0,1,0,'Asteroid',NULL,'',48,0,0,3,0,0,5,0,0,3,0,NULL,0,NULL,NULL,NULL,NULL,0,NULL,NULL,NULL,NULL,NULL,NULL,NULL,NULL,NULL),(54,8,0,0,2,150,'Asteroid',NULL,'',52,0,0,2,0,0,2,0,0,2,0,NULL,0,NULL,NULL,NULL,NULL,0,NULL,NULL,NULL,NULL,NULL,NULL,NULL,NULL,NULL),(55,8,0,0,0,90,'Asteroid',NULL,'',39,0,0,4,0,0,3,0,0,3,0,NULL,0,NULL,NULL,NULL,NULL,0,NULL,NULL,NULL,NULL,NULL,NULL,NULL,NULL,NULL),(56,8,30,30,0,270,'Planet',1,'P-56',50,0,3186.11,139.5,9654.87,7042.03,308.5,21339.5,0,0,2622.17,'2011-04-26 16:10:30',0,NULL,NULL,NULL,NULL,0,NULL,NULL,NULL,NULL,NULL,NULL,NULL,NULL,NULL),(57,8,0,0,2,0,'Asteroid',NULL,'',59,0,0,5,0,0,5,0,0,5,0,NULL,0,NULL,NULL,NULL,NULL,0,NULL,NULL,NULL,NULL,NULL,NULL,NULL,NULL,NULL),(58,8,0,0,2,270,'Asteroid',NULL,'',36,0,0,2,0,0,2,0,0,2,0,NULL,0,NULL,NULL,NULL,NULL,0,NULL,NULL,NULL,NULL,NULL,NULL,NULL,NULL,NULL),(59,8,0,0,0,180,'Asteroid',NULL,'',46,0,0,2,0,0,5,0,0,2,0,NULL,0,NULL,NULL,NULL,NULL,0,NULL,NULL,NULL,NULL,NULL,NULL,NULL,NULL,NULL),(60,8,0,0,2,300,'Asteroid',NULL,'',26,0,0,2,0,0,1,0,0,1,0,NULL,0,NULL,NULL,NULL,NULL,0,NULL,NULL,NULL,NULL,NULL,NULL,NULL,NULL,NULL);
/*!40000 ALTER TABLE `ss_objects` ENABLE KEYS */;
UNLOCK TABLES;

--
-- Table structure for table `technologies`
--

DROP TABLE IF EXISTS `technologies`;
/*!40101 SET @saved_cs_client     = @@character_set_client */;
/*!40101 SET character_set_client = utf8 */;
CREATE TABLE `technologies` (
  `id` int(11) NOT NULL AUTO_INCREMENT,
  `upgrade_ends_at` datetime DEFAULT NULL,
  `pause_remainder` int(10) unsigned DEFAULT NULL,
  `scientists` int(10) unsigned DEFAULT '0',
  `level` tinyint(2) unsigned NOT NULL,
  `player_id` int(11) NOT NULL,
  `type` varchar(50) NOT NULL,
  `pause_scientists` int(10) unsigned DEFAULT NULL,
  `speed_up` tinyint(1) NOT NULL DEFAULT '0',
  PRIMARY KEY (`id`),
  UNIQUE KEY `main` (`player_id`,`type`,`level`),
  UNIQUE KEY `type_by_player` (`player_id`,`type`,`level`),
  UNIQUE KEY `ensure_uniqueness` (`player_id`,`type`),
  KEY `upgrading` (`player_id`,`upgrade_ends_at`),
  CONSTRAINT `technologies_ibfk_1` FOREIGN KEY (`player_id`) REFERENCES `players` (`id`) ON DELETE CASCADE
) ENGINE=InnoDB DEFAULT CHARSET=utf8;
/*!40101 SET character_set_client = @saved_cs_client */;

--
-- Dumping data for table `technologies`
--

LOCK TABLES `technologies` WRITE;
/*!40000 ALTER TABLE `technologies` DISABLE KEYS */;
/*!40000 ALTER TABLE `technologies` ENABLE KEYS */;
UNLOCK TABLES;

--
-- Table structure for table `tiles`
--

DROP TABLE IF EXISTS `tiles`;
/*!40101 SET @saved_cs_client     = @@character_set_client */;
/*!40101 SET character_set_client = utf8 */;
CREATE TABLE `tiles` (
  `kind` tinyint(2) unsigned NOT NULL DEFAULT '0',
  `planet_id` int(11) NOT NULL,
  `x` tinyint(2) unsigned NOT NULL DEFAULT '0',
  `y` tinyint(2) unsigned NOT NULL DEFAULT '0',
  UNIQUE KEY `uniqueness` (`planet_id`,`x`,`y`),
  CONSTRAINT `tiles_ibfk_1` FOREIGN KEY (`planet_id`) REFERENCES `ss_objects` (`id`) ON DELETE CASCADE
) ENGINE=InnoDB DEFAULT CHARSET=utf8;
/*!40101 SET character_set_client = @saved_cs_client */;

--
-- Dumping data for table `tiles`
--

LOCK TABLES `tiles` WRITE;
/*!40000 ALTER TABLE `tiles` DISABLE KEYS */;
INSERT INTO `tiles` VALUES (14,1,0,8),(13,1,1,0),(8,1,7,3),(8,1,10,10),(13,1,11,1),(13,1,14,10),(9,1,18,0),(9,1,19,5),(9,4,5,11),(12,4,9,1),(13,4,9,8),(13,5,0,0),(8,5,0,7),(8,5,2,3),(10,5,7,0),(9,5,7,12),(12,5,14,0),(14,5,14,7),(5,13,0,0),(5,13,0,1),(5,13,0,2),(4,13,0,3),(4,13,0,4),(4,13,0,5),(4,13,0,6),(4,13,0,7),(4,13,0,8),(4,13,0,9),(3,13,0,15),(3,13,0,24),(5,13,1,0),(5,13,1,1),(5,13,1,2),(4,13,1,3),(4,13,1,6),(4,13,1,7),(4,13,1,8),(0,13,1,12),(3,13,1,14),(3,13,1,15),(3,13,1,24),(3,13,1,25),(3,13,1,26),(3,13,1,27),(5,13,2,0),(5,13,2,1),(5,13,2,2),(5,13,2,3),(4,13,2,6),(4,13,2,7),(2,13,2,8),(3,13,2,14),(3,13,2,26),(3,13,2,27),(3,13,2,28),(5,13,3,0),(5,13,3,1),(5,13,3,2),(5,13,3,3),(4,13,3,6),(4,13,3,7),(3,13,3,14),(3,13,3,15),(3,13,3,16),(3,13,3,17),(3,13,3,18),(3,13,3,27),(3,13,3,28),(5,13,4,0),(5,13,4,1),(5,13,4,2),(5,13,4,3),(4,13,4,6),(3,13,4,14),(3,13,4,15),(3,13,4,16),(14,13,4,20),(3,13,4,27),(3,13,4,28),(3,13,5,15),(3,13,5,16),(3,13,5,27),(3,13,6,24),(3,13,6,27),(3,13,7,24),(3,13,7,25),(3,13,7,26),(5,13,8,5),(0,13,8,23),(3,13,8,25),(6,13,9,0),(6,13,9,1),(6,13,9,2),(6,13,9,3),(6,13,9,4),(5,13,9,5),(5,13,9,6),(3,13,9,25),(3,13,9,26),(4,13,9,27),(6,13,10,0),(1,13,10,1),(6,13,10,3),(6,13,10,4),(5,13,10,5),(5,13,10,6),(5,13,10,7),(5,13,10,8),(3,13,10,21),(3,13,10,22),(3,13,10,23),(3,13,10,24),(3,13,10,25),(3,13,10,26),(4,13,10,27),(4,13,10,28),(3,13,11,0),(6,13,11,3),(13,13,11,4),(5,13,11,6),(5,13,11,7),(5,13,11,8),(5,13,11,9),(8,13,11,13),(6,13,11,18),(5,13,11,21),(5,13,11,22),(5,13,11,23),(3,13,11,24),(4,13,11,25),(4,13,11,26),(4,13,11,27),(4,13,11,28),(3,13,12,0),(3,13,12,1),(3,13,12,2),(3,13,12,3),(5,13,12,6),(5,13,12,7),(5,13,12,9),(5,13,12,10),(5,13,12,11),(6,13,12,18),(5,13,12,21),(5,13,12,22),(5,13,12,23),(5,13,12,24),(4,13,12,25),(4,13,12,26),(4,13,12,27),(4,13,12,28),(3,13,13,0),(3,13,13,1),(3,13,13,2),(3,13,13,3),(5,13,13,6),(0,13,13,7),(5,13,13,9),(5,13,13,10),(6,13,13,17),(6,13,13,18),(6,13,13,19),(6,13,13,20),(5,13,13,21),(5,13,13,22),(5,13,13,23),(5,13,13,24),(4,13,13,25),(4,13,13,26),(4,13,13,27),(4,13,13,28),(3,13,14,0),(3,13,14,1),(3,13,14,2),(3,13,14,3),(5,13,14,6),(3,13,14,11),(6,13,14,17),(6,13,14,18),(6,13,14,19),(5,13,14,20),(5,13,14,21),(6,13,14,22),(6,13,14,23),(6,13,14,24),(6,13,14,25),(4,13,14,27),(3,13,15,0),(0,13,15,1),(3,13,15,11),(5,13,15,17),(5,13,15,18),(5,13,15,19),(5,13,15,20),(5,13,15,21),(6,13,15,22),(6,13,15,23),(6,13,15,24),(3,13,16,11),(5,13,16,18),(6,13,16,19),(6,13,16,20),(5,13,16,21),(6,13,16,23),(10,13,16,24),(3,13,17,10),(3,13,17,11),(6,13,17,19),(6,13,17,20),(6,13,17,23),(12,13,18,5),(3,13,18,11),(3,13,18,12),(3,13,18,13),(3,13,18,14),(3,13,18,15),(6,13,18,16),(6,13,18,17),(6,13,18,18),(6,13,18,19),(6,13,18,20),(1,13,19,1),(3,13,19,11),(3,13,19,12),(3,13,19,13),(4,13,19,14),(4,13,19,15),(3,13,20,11),(4,13,20,12),(4,13,20,13),(4,13,20,14),(4,13,20,15),(4,13,21,11),(4,13,21,12),(4,13,21,13),(4,13,21,14),(4,13,22,11),(4,13,22,12),(4,13,22,13),(4,13,22,14),(4,13,23,1),(4,13,23,11),(4,13,23,12),(4,13,24,1),(6,13,24,18),(6,13,24,19),(6,13,24,20),(6,13,24,21),(5,13,24,22),(5,13,24,23),(4,13,25,0),(4,13,25,1),(6,13,25,19),(6,13,25,20),(6,13,25,21),(5,13,25,23),(5,13,25,24),(5,13,25,25),(5,13,25,26),(5,13,25,27),(5,13,25,28),(4,13,26,0),(4,13,26,1),(4,13,26,2),(2,13,26,9),(6,13,26,19),(6,13,26,20),(5,13,26,25),(5,13,26,26),(5,13,26,27),(5,13,26,28),(4,13,27,1),(4,13,27,2),(4,13,27,3),(5,13,27,25),(5,13,27,26),(5,13,27,27),(5,13,27,28),(4,13,28,0),(4,13,28,1),(4,13,28,2),(4,13,28,3),(4,13,28,4),(4,13,28,5),(5,13,28,25),(5,13,28,26),(5,13,28,27),(5,13,28,28),(5,25,0,1),(5,25,0,2),(5,25,0,3),(5,25,0,9),(5,25,0,12),(5,25,1,0),(5,25,1,1),(5,25,1,2),(5,25,1,3),(5,25,1,4),(5,25,1,5),(5,25,1,9),(5,25,1,10),(5,25,1,11),(5,25,1,12),(3,25,1,14),(3,25,1,15),(1,25,1,25),(5,25,2,0),(5,25,2,1),(5,25,2,2),(5,25,2,8),(5,25,2,9),(5,25,2,12),(5,25,2,13),(3,25,2,14),(5,25,3,1),(0,25,3,2),(5,25,3,11),(5,25,3,12),(5,25,3,13),(3,25,3,14),(0,25,4,7),(3,25,4,12),(3,25,4,13),(3,25,4,14),(3,25,5,12),(3,25,5,13),(3,25,5,14),(8,25,5,15),(2,25,5,24),(6,25,6,0),(6,25,6,1),(6,25,6,2),(3,25,6,12),(3,25,6,13),(3,25,6,14),(4,25,6,18),(6,25,7,1),(14,25,7,2),(4,25,7,18),(4,25,7,19),(3,25,7,23),(3,25,7,25),(3,25,7,26),(4,25,8,15),(4,25,8,16),(4,25,8,17),(4,25,8,18),(4,25,8,19),(3,25,8,23),(3,25,8,24),(3,25,8,25),(3,25,8,26),(3,25,8,27),(6,25,9,0),(4,25,9,15),(4,25,9,16),(4,25,9,17),(3,25,9,18),(3,25,9,23),(3,25,9,26),(3,25,9,27),(6,25,10,0),(6,25,10,1),(6,25,10,2),(5,25,10,3),(5,25,10,4),(4,25,10,15),(2,25,10,16),(3,25,10,18),(3,25,10,23),(3,25,10,26),(5,25,11,1),(5,25,11,2),(5,25,11,3),(5,25,11,4),(5,25,11,5),(5,25,11,6),(4,25,11,15),(3,25,11,18),(5,25,12,1),(5,25,12,4),(5,25,12,5),(5,25,12,6),(2,25,12,7),(6,25,12,12),(3,25,12,13),(3,25,12,14),(3,25,12,15),(3,25,12,16),(3,25,12,17),(3,25,12,18),(5,25,13,1),(0,25,13,2),(5,25,13,4),(5,25,13,6),(3,25,13,10),(6,25,13,12),(6,25,13,13),(6,25,13,14),(3,25,13,15),(10,25,13,16),(4,25,13,21),(4,25,13,22),(4,25,13,23),(4,25,13,24),(5,25,14,1),(5,25,14,6),(3,25,14,7),(3,25,14,9),(3,25,14,10),(3,25,14,13),(3,25,14,14),(3,25,14,15),(3,25,14,20),(4,25,14,21),(4,25,14,22),(4,25,14,23),(5,25,15,0),(5,25,15,1),(5,25,15,2),(5,25,15,3),(3,25,15,7),(3,25,15,8),(3,25,15,9),(3,25,15,10),(3,25,15,20),(4,25,15,22),(4,25,15,23),(4,25,15,24),(5,25,16,0),(5,25,16,1),(4,25,16,3),(3,25,16,6),(3,25,16,7),(3,25,16,10),(3,25,16,20),(3,25,16,21),(4,25,16,22),(4,25,16,23),(4,25,16,24),(5,25,17,1),(4,25,17,2),(4,25,17,3),(4,25,17,4),(4,25,17,5),(3,25,17,7),(3,25,17,10),(3,25,17,20),(3,25,17,21),(3,25,17,22),(3,25,17,23),(0,25,17,24),(5,25,18,1),(4,25,18,2),(4,25,18,3),(4,25,18,4),(4,25,18,5),(3,25,18,22),(3,25,18,23),(5,25,19,1),(4,25,19,3),(4,25,19,5),(4,25,19,6),(3,25,19,22),(3,25,19,23),(4,25,20,6),(12,25,20,15),(3,25,20,22),(4,25,21,2),(4,25,21,3),(11,25,21,7),(4,25,22,2),(4,25,22,3),(4,25,22,4),(6,25,22,25),(6,25,22,26),(6,25,22,27),(4,25,23,3),(4,25,23,4),(4,25,23,5),(4,25,23,6),(6,25,23,25),(4,25,24,3),(4,25,24,4),(4,25,24,5),(4,25,24,6),(4,32,0,27),(4,32,0,29),(4,32,0,30),(9,32,1,10),(2,32,1,16),(4,32,1,26),(4,32,1,27),(4,32,1,29),(4,32,1,30),(4,32,2,1),(4,32,2,2),(4,32,2,26),(4,32,2,27),(4,32,2,28),(4,32,2,29),(4,32,2,30),(4,32,3,1),(0,32,3,20),(4,32,3,27),(4,32,3,28),(4,32,3,29),(4,32,4,0),(4,32,4,1),(2,32,4,2),(4,32,4,22),(4,32,4,29),(4,32,5,0),(4,32,5,1),(4,32,5,20),(4,32,5,21),(4,32,5,22),(4,32,5,23),(4,32,5,24),(4,32,6,0),(4,32,6,1),(4,32,6,2),(4,32,6,3),(4,32,6,4),(8,32,6,11),(4,32,6,20),(4,32,6,21),(4,32,6,22),(4,32,6,23),(4,32,6,24),(4,32,7,0),(4,32,7,3),(4,32,7,20),(4,32,7,21),(4,32,7,22),(4,32,7,23),(3,32,7,26),(3,32,7,27),(4,32,8,0),(4,32,8,1),(4,32,8,21),(5,32,8,23),(3,32,8,27),(6,32,9,10),(6,32,9,11),(6,32,9,12),(6,32,9,13),(6,32,9,14),(6,32,9,15),(6,32,9,16),(6,32,9,17),(5,32,9,20),(5,32,9,21),(5,32,9,22),(5,32,9,23),(5,32,9,24),(3,32,9,27),(0,32,10,5),(12,32,10,9),(5,32,10,20),(5,32,10,21),(5,32,10,22),(5,32,10,23),(5,32,10,24),(5,32,10,25),(3,32,10,26),(3,32,10,27),(3,32,10,28),(3,32,10,29),(5,32,11,19),(5,32,11,20),(5,32,11,21),(5,32,11,22),(5,32,11,23),(5,32,11,24),(5,32,11,25),(5,32,11,26),(3,32,11,27),(3,32,11,28),(3,32,11,29),(3,32,11,30),(5,32,12,21),(5,32,12,24),(5,32,12,25),(3,32,12,26),(3,32,12,27),(3,32,12,28),(3,32,12,29),(3,32,12,30),(5,32,13,20),(5,32,13,21),(5,32,13,22),(5,32,13,23),(5,32,13,24),(5,32,13,25),(5,32,13,26),(3,32,13,27),(3,32,13,28),(3,32,13,29),(3,32,13,30),(5,32,14,23),(5,32,14,24),(5,32,14,25),(3,32,14,26),(3,32,14,27),(3,32,14,28),(3,32,14,29),(3,32,14,30),(6,32,15,7),(6,32,15,8),(5,32,15,23),(5,32,15,24),(5,32,15,25),(5,32,15,26),(3,32,15,27),(3,32,15,28),(3,32,15,29),(3,32,15,30),(6,32,16,7),(6,32,16,8),(6,32,16,9),(6,32,16,10),(6,32,16,11),(3,32,16,16),(3,32,16,17),(3,32,16,19),(5,32,16,25),(3,32,16,26),(3,32,16,27),(3,32,16,28),(3,32,16,29),(3,32,16,30),(3,32,17,9),(6,32,17,10),(3,32,17,15),(3,32,17,16),(3,32,17,17),(3,32,17,18),(3,32,17,19),(5,32,17,25),(5,32,17,26),(5,32,17,29),(3,32,18,9),(3,32,18,10),(3,32,18,11),(3,32,18,12),(3,32,18,13),(3,32,18,14),(3,32,18,15),(3,32,18,16),(3,32,18,17),(3,32,18,19),(3,32,18,20),(6,32,18,24),(5,32,18,25),(5,32,18,26),(5,32,18,29),(0,32,19,6),(3,32,19,13),(3,32,19,14),(3,32,19,15),(3,32,19,16),(3,32,19,17),(3,32,19,18),(3,32,19,19),(6,32,19,22),(6,32,19,23),(6,32,19,24),(5,32,19,25),(5,32,19,26),(5,32,19,27),(5,32,19,28),(5,32,19,29),(5,32,19,30),(6,32,20,10),(3,32,20,16),(3,32,20,17),(3,32,20,18),(3,32,20,19),(3,32,20,20),(6,32,20,23),(6,32,20,24),(5,32,20,25),(5,32,20,26),(5,32,20,27),(2,32,20,28),(5,32,20,30),(6,32,21,8),(6,32,21,9),(6,32,21,10),(6,32,21,11),(3,32,21,16),(3,32,21,17),(3,32,21,20),(6,32,21,24),(5,32,21,25),(5,32,21,26),(5,32,21,27),(5,32,21,30),(6,32,22,8),(6,32,22,9),(6,32,22,24),(5,32,22,25),(5,32,22,26),(5,32,22,27),(5,32,22,28),(5,32,22,29),(6,32,23,8),(5,32,23,25),(5,32,23,26),(5,32,23,28),(5,32,23,29),(5,32,23,30),(5,32,24,24),(5,32,24,25),(5,32,24,26),(5,32,24,28),(5,32,24,29),(5,32,24,30),(1,32,25,6),(0,32,25,24),(4,32,25,28),(4,32,25,29),(2,32,26,10),(5,32,26,14),(5,32,26,17),(5,32,26,18),(4,32,26,28),(4,32,26,29),(5,32,27,12),(5,32,27,13),(5,32,27,14),(5,32,27,16),(5,32,27,17),(5,32,27,18),(5,32,27,19),(4,32,27,27),(4,32,27,28),(3,32,28,0),(3,32,28,1),(3,32,28,2),(3,32,28,4),(3,32,28,6),(3,32,28,7),(3,32,28,8),(5,32,28,12),(5,32,28,13),(5,32,28,14),(5,32,28,15),(5,32,28,16),(5,32,28,17),(5,32,28,18),(4,32,28,22),(6,32,28,24),(4,32,28,27),(4,32,28,28),(4,32,28,29),(4,32,28,30),(3,32,29,0),(3,32,29,1),(3,32,29,2),(3,32,29,3),(3,32,29,4),(3,32,29,5),(3,32,29,6),(3,32,29,7),(5,32,29,10),(5,32,29,11),(5,32,29,12),(5,32,29,13),(5,32,29,14),(5,32,29,15),(5,32,29,16),(5,32,29,17),(4,32,29,19),(4,32,29,22),(6,32,29,24),(6,32,29,25),(4,32,29,27),(4,32,29,28),(4,32,29,29),(4,32,29,30),(3,32,30,0),(3,32,30,1),(3,32,30,2),(3,32,30,3),(3,32,30,4),(3,32,30,5),(0,32,30,11),(5,32,30,13),(5,32,30,14),(5,32,30,16),(4,32,30,17),(4,32,30,18),(4,32,30,19),(4,32,30,20),(4,32,30,22),(6,32,30,23),(6,32,30,24),(6,32,30,25),(4,32,30,28),(4,32,30,30),(3,32,31,0),(3,32,31,1),(3,32,31,2),(3,32,31,3),(3,32,31,4),(3,32,31,5),(3,32,31,6),(5,32,31,13),(5,32,31,14),(5,32,31,15),(5,32,31,16),(5,32,31,17),(4,32,31,18),(4,32,31,19),(4,32,31,20),(4,32,31,21),(4,32,31,22),(6,32,31,24),(6,32,31,25),(3,32,32,0),(3,32,32,1),(3,32,32,2),(3,32,32,3),(3,32,32,4),(3,32,32,5),(3,32,32,6),(5,32,32,13),(5,32,32,14),(5,32,32,15),(5,32,32,16),(4,32,32,18),(4,32,32,19),(4,32,32,20),(3,44,0,13),(4,44,0,16),(4,44,0,17),(4,44,0,18),(4,44,0,19),(3,44,1,13),(4,44,1,17),(4,44,1,18),(4,44,1,19),(4,44,1,20),(0,44,1,21),(3,44,2,12),(3,44,2,13),(3,44,2,14),(3,44,2,15),(3,44,2,16),(4,44,2,20),(0,44,2,27),(11,44,3,2),(3,44,3,12),(3,44,3,14),(3,44,3,15),(3,44,3,16),(4,44,3,20),(4,44,3,21),(4,44,3,22),(3,44,4,12),(3,44,4,13),(3,44,4,14),(3,44,4,15),(3,44,4,16),(4,44,4,20),(3,44,5,11),(3,44,5,12),(3,44,5,13),(3,44,5,14),(3,44,5,15),(3,44,5,16),(4,44,5,17),(4,44,5,18),(4,44,5,19),(4,44,5,20),(5,44,5,26),(5,44,5,27),(5,44,5,28),(0,44,6,13),(3,44,6,15),(3,44,6,16),(3,44,6,17),(3,44,6,18),(4,44,6,19),(4,44,6,20),(5,44,6,26),(3,44,7,15),(3,44,7,17),(3,44,7,18),(3,44,7,19),(4,44,7,20),(5,44,7,26),(5,44,7,27),(5,44,7,28),(5,44,7,29),(5,44,8,13),(5,44,8,14),(5,44,8,15),(5,44,8,16),(5,44,8,17),(4,44,8,18),(4,44,8,19),(4,44,8,20),(5,44,8,27),(5,44,8,28),(5,44,8,29),(5,44,9,13),(5,44,9,14),(5,44,9,15),(10,44,9,20),(0,44,10,4),(5,44,10,13),(5,44,10,14),(5,44,10,15),(6,44,10,26),(5,44,11,0),(6,44,11,25),(6,44,11,26),(5,44,12,0),(5,44,12,1),(0,44,12,8),(6,44,12,26),(6,44,12,27),(5,44,13,0),(6,44,13,1),(6,44,13,2),(5,44,13,23),(6,44,13,25),(6,44,13,26),(6,44,13,27),(6,44,13,28),(5,44,14,0),(5,44,14,1),(6,44,14,2),(0,44,14,21),(5,44,14,23),(6,44,14,26),(6,44,14,27),(6,44,14,28),(5,44,15,0),(6,44,15,1),(6,44,15,2),(5,44,15,23),(5,44,15,24),(5,44,15,25),(6,44,15,26),(6,44,15,27),(6,44,15,28),(5,44,16,0),(5,44,16,1),(6,44,16,2),(6,44,16,3),(4,44,16,4),(5,44,16,23),(5,44,16,24),(6,44,16,26),(6,44,16,27),(6,44,16,28),(5,44,17,0),(6,44,17,1),(6,44,17,2),(4,44,17,4),(5,44,17,21),(5,44,17,22),(5,44,17,23),(8,44,17,24),(5,44,18,0),(4,44,18,1),(4,44,18,2),(4,44,18,3),(4,44,18,4),(4,44,18,5),(2,44,18,10),(0,44,18,16),(2,44,18,21),(5,44,18,23),(4,44,19,4),(4,44,19,5),(4,44,19,6),(4,44,19,7),(4,44,19,8),(4,44,19,9),(4,44,20,1),(4,44,20,2),(4,44,20,3),(4,44,20,4),(4,44,20,5),(4,44,20,8),(4,44,20,9),(3,44,20,20),(3,44,20,22),(3,44,20,23),(5,44,20,29),(4,44,21,2),(4,44,21,3),(4,44,21,4),(4,44,21,5),(4,44,21,6),(4,44,21,7),(4,44,21,8),(4,44,21,9),(4,44,21,10),(12,44,21,11),(3,44,21,20),(3,44,21,21),(3,44,21,22),(3,44,21,23),(5,44,21,29),(0,44,22,7),(4,44,22,9),(4,44,22,10),(3,44,22,21),(3,44,22,22),(3,44,22,23),(5,44,22,29),(4,44,23,6),(4,44,23,9),(4,44,23,10),(2,44,23,18),(3,44,23,22),(5,44,23,29),(4,44,24,6),(4,44,24,7),(4,44,24,8),(4,44,24,9),(4,44,24,10),(3,44,24,22),(3,44,24,23),(5,44,24,29),(4,44,25,8),(4,44,25,9),(4,44,25,10),(3,44,25,22),(5,44,25,27),(5,44,25,28),(5,44,25,29),(4,44,26,7),(4,44,26,8),(4,44,26,9),(4,44,26,10),(3,44,26,22),(5,44,26,27),(5,44,26,28),(5,44,26,29),(8,45,0,1),(5,45,0,5),(5,45,0,6),(5,45,0,7),(4,45,0,8),(4,45,0,9),(4,45,0,10),(4,45,0,11),(4,45,0,12),(12,45,0,18),(5,45,0,24),(5,45,1,4),(5,45,1,5),(5,45,1,6),(4,45,1,7),(4,45,1,8),(4,45,1,9),(4,45,1,10),(5,45,1,24),(5,45,1,26),(4,45,2,0),(5,45,2,4),(5,45,2,5),(5,45,2,6),(5,45,2,7),(5,45,2,8),(4,45,2,9),(4,45,2,10),(10,45,2,14),(5,45,2,24),(5,45,2,25),(5,45,2,26),(5,45,2,27),(4,45,3,0),(4,45,3,1),(3,45,3,2),(5,45,3,8),(3,45,3,9),(3,45,3,10),(5,45,3,26),(5,45,3,27),(4,45,4,0),(4,45,4,1),(3,45,4,2),(3,45,4,8),(3,45,4,9),(3,45,4,10),(5,45,4,11),(4,45,4,24),(4,45,4,25),(5,45,4,26),(5,45,4,27),(5,45,4,28),(4,45,5,0),(4,45,5,1),(4,45,5,2),(3,45,5,8),(3,45,5,9),(5,45,5,10),(5,45,5,11),(5,45,5,12),(5,45,5,13),(4,45,5,24),(4,45,5,25),(4,45,5,26),(4,45,5,27),(4,45,6,0),(4,45,6,1),(3,45,6,8),(3,45,6,9),(5,45,6,10),(5,45,6,11),(5,45,6,13),(3,45,6,14),(3,45,6,15),(3,45,6,16),(4,45,6,24),(4,45,6,25),(4,45,6,26),(4,45,7,0),(3,45,7,8),(5,45,7,9),(5,45,7,10),(5,45,7,11),(3,45,7,12),(3,45,7,13),(3,45,7,14),(11,45,7,15),(4,45,7,24),(4,45,7,25),(3,45,8,7),(3,45,8,8),(5,45,8,9),(3,45,8,13),(3,45,8,14),(3,45,9,7),(3,45,9,8),(3,45,9,12),(3,45,9,13),(3,45,9,14),(3,45,10,3),(3,45,10,4),(3,45,10,5),(3,45,10,7),(2,45,10,9),(3,45,10,12),(3,45,10,13),(3,45,10,14),(2,45,11,2),(3,45,11,5),(3,45,11,7),(3,45,12,4),(3,45,12,5),(3,45,12,6),(3,45,12,7),(0,45,12,13),(6,45,12,22),(6,45,12,23),(3,45,13,3),(3,45,13,4),(3,45,13,5),(3,45,13,7),(6,45,13,22),(6,45,13,23),(6,45,14,22),(6,45,15,4),(6,45,15,5),(6,45,16,3),(6,45,16,4),(6,45,16,5),(1,45,16,11),(1,45,16,18),(5,45,17,0),(5,45,17,1),(5,45,17,2),(4,45,17,13),(4,45,17,14),(3,45,17,20),(5,45,18,1),(5,45,18,2),(5,45,18,3),(5,45,18,4),(4,45,18,11),(4,45,18,12),(4,45,18,13),(3,45,18,18),(3,45,18,19),(3,45,18,20),(3,45,18,21),(6,45,19,0),(6,45,19,1),(5,45,19,2),(2,45,19,3),(4,45,19,8),(4,45,19,9),(4,45,19,10),(4,45,19,11),(4,45,19,12),(4,45,19,13),(3,45,19,17),(3,45,19,19),(3,45,19,20),(3,45,19,21),(3,45,19,22),(3,45,19,23),(6,45,20,0),(6,45,20,1),(5,45,20,2),(3,45,20,14),(0,45,20,15),(3,45,20,17),(3,45,20,18),(3,45,20,19),(0,45,20,20),(3,45,20,22),(3,45,20,23),(6,45,21,1),(5,45,21,2),(3,45,21,14),(3,45,21,17),(6,45,21,18),(6,45,21,19),(3,45,21,22),(5,45,22,2),(3,45,22,14),(3,45,22,15),(3,45,22,16),(3,45,22,17),(6,45,22,18),(5,45,23,2),(6,45,23,3),(0,45,23,6),(3,45,23,14),(3,45,23,15),(3,45,23,16),(6,45,23,18),(2,45,23,24),(6,45,24,2),(6,45,24,3),(3,45,24,14),(6,45,24,18),(6,45,25,3),(6,45,25,4),(5,49,0,5),(10,49,0,13),(3,49,0,20),(3,49,0,21),(3,49,0,22),(3,49,0,23),(3,49,0,25),(3,49,0,26),(5,49,1,4),(5,49,1,5),(2,49,1,7),(3,49,1,20),(3,49,1,21),(3,49,1,22),(3,49,1,23),(3,49,1,26),(5,49,2,2),(5,49,2,3),(5,49,2,4),(5,49,2,5),(5,49,2,6),(3,49,2,22),(3,49,2,23),(3,49,2,26),(5,49,3,1),(5,49,3,2),(5,49,3,3),(5,49,3,4),(5,49,3,5),(4,49,3,19),(4,49,3,20),(4,49,3,21),(3,49,3,22),(3,49,3,23),(3,49,3,25),(3,49,3,26),(5,49,4,2),(0,49,4,3),(5,49,4,5),(5,49,4,6),(5,49,4,13),(5,49,4,14),(5,49,4,15),(4,49,4,16),(4,49,4,17),(4,49,4,18),(4,49,4,19),(4,49,4,20),(4,49,4,21),(4,49,4,22),(3,49,4,23),(3,49,4,25),(3,49,4,26),(4,49,5,18),(4,49,5,19),(4,49,5,21),(4,49,5,22),(0,49,5,23),(3,49,5,25),(3,49,5,26),(4,49,6,17),(4,49,6,18),(4,49,6,19),(4,49,6,20),(4,49,6,21),(3,49,6,25),(3,49,6,26),(4,49,7,18),(4,49,7,19),(4,49,7,20),(3,49,7,21),(3,49,7,22),(3,49,7,23),(3,49,7,24),(3,49,7,25),(3,49,8,21),(3,49,8,22),(3,49,9,21),(3,49,9,22),(3,49,10,21),(3,49,10,22),(3,49,10,23),(0,49,10,24),(3,49,11,22),(11,49,12,13),(3,49,12,22),(5,49,15,9),(5,49,15,10),(5,49,15,11),(5,49,15,12),(5,49,15,22),(4,49,15,23),(3,49,16,1),(3,49,16,2),(3,49,16,3),(3,49,16,4),(3,49,16,5),(3,49,16,6),(5,49,16,9),(5,49,16,10),(5,49,16,11),(5,49,16,12),(5,49,16,13),(5,49,16,14),(5,49,16,20),(5,49,16,21),(5,49,16,22),(4,49,16,23),(4,49,16,24),(4,49,16,25),(4,49,16,26),(3,49,17,3),(3,49,17,4),(0,49,17,10),(5,49,17,12),(5,49,17,13),(5,49,17,14),(5,49,17,15),(5,49,17,16),(5,49,17,20),(5,49,17,22),(4,49,17,23),(4,49,17,24),(4,49,17,25),(4,49,17,26),(3,49,18,3),(5,49,18,15),(5,49,18,19),(5,49,18,20),(5,49,18,21),(5,49,18,22),(4,49,18,24),(4,49,18,25),(4,49,18,26),(3,49,19,3),(3,49,19,4),(5,49,19,19),(5,49,19,21),(5,49,19,22),(5,49,19,23),(4,49,19,24),(4,49,19,26),(6,49,20,0),(6,49,20,1),(6,49,20,2),(3,49,20,3),(3,49,20,4),(5,49,20,19),(4,49,20,22),(4,49,20,23),(4,49,20,24),(4,49,20,25),(4,49,20,26),(6,49,21,0),(6,49,21,1),(6,49,21,2),(6,49,21,3),(5,49,21,19),(4,49,21,24),(4,49,21,25),(4,49,21,26),(6,49,22,0),(6,49,22,1),(6,49,22,16),(0,49,22,19),(6,49,22,23),(6,49,23,0),(14,49,23,1),(6,49,23,16),(6,49,23,18),(6,49,23,23),(6,49,23,24),(6,49,24,0),(5,49,24,7),(5,49,24,8),(6,49,24,16),(6,49,24,18),(6,49,24,19),(6,49,24,23),(6,49,25,0),(5,49,25,7),(5,49,25,8),(5,49,25,11),(6,49,25,15),(6,49,25,16),(6,49,25,17),(6,49,25,18),(6,49,25,19),(6,49,25,22),(6,49,25,23),(6,49,25,24),(3,49,26,0),(3,49,26,1),(3,49,26,2),(3,49,26,3),(3,49,26,4),(5,49,26,6),(5,49,26,7),(5,49,26,8),(5,49,26,9),(5,49,26,10),(5,49,26,11),(5,49,26,12),(0,49,26,14),(6,49,26,16),(4,49,26,19),(4,49,26,20),(6,49,26,21),(6,49,26,22),(6,49,26,23),(6,49,26,24),(6,49,26,25),(3,49,27,0),(3,49,27,1),(3,49,27,2),(3,49,27,3),(5,49,27,6),(5,49,27,7),(5,49,27,8),(4,49,27,19),(4,49,27,20),(4,49,27,21),(3,49,28,0),(3,49,28,1),(3,49,28,2),(3,49,28,3),(5,49,28,6),(4,49,28,17),(4,49,28,18),(4,49,28,19),(4,49,28,20),(4,49,28,21),(0,49,29,5),(0,49,29,9),(4,49,29,18),(4,49,29,19),(4,49,29,20),(4,49,29,21),(9,49,29,24),(2,49,30,15),(4,49,30,17),(4,49,30,18),(4,49,30,19),(2,49,30,20),(4,49,31,17),(4,49,31,18),(4,49,32,17),(4,49,32,18),(4,49,32,19),(0,56,0,0),(5,56,0,3),(5,56,0,4),(5,56,0,5),(5,56,0,6),(5,56,0,7),(5,56,0,8),(5,56,0,9),(5,56,0,10),(5,56,0,11),(5,56,0,12),(5,56,0,13),(5,56,0,14),(5,56,0,26),(5,56,0,27),(5,56,0,28),(5,56,0,29),(5,56,1,3),(11,56,1,4),(5,56,1,11),(5,56,1,12),(5,56,1,13),(13,56,1,16),(4,56,1,19),(4,56,1,20),(4,56,1,21),(4,56,1,22),(5,56,1,26),(5,56,1,27),(5,56,1,28),(5,56,1,29),(5,56,2,2),(5,56,2,3),(5,56,2,10),(5,56,2,12),(5,56,2,13),(5,56,2,14),(5,56,2,15),(4,56,2,20),(4,56,2,21),(4,56,2,22),(4,56,2,23),(5,56,2,27),(5,56,2,28),(5,56,2,29),(0,56,3,1),(5,56,3,10),(5,56,3,11),(5,56,3,12),(5,56,3,13),(5,56,3,14),(4,56,3,20),(4,56,3,21),(4,56,3,22),(4,56,3,23),(4,56,3,24),(5,56,3,28),(5,56,3,29),(5,56,4,12),(5,56,4,13),(6,56,4,18),(4,56,4,21),(4,56,4,22),(4,56,4,23),(5,56,4,26),(5,56,4,27),(5,56,4,28),(6,56,5,8),(6,56,5,9),(6,56,5,18),(6,56,5,19),(4,56,5,22),(4,56,5,23),(4,56,5,24),(5,56,5,26),(5,56,5,27),(6,56,6,7),(6,56,6,8),(6,56,6,9),(6,56,6,11),(6,56,6,18),(6,56,6,19),(6,56,7,9),(6,56,7,10),(6,56,7,18),(12,56,7,23),(6,56,8,9),(6,56,8,10),(6,56,8,16),(6,56,8,17),(6,56,8,18),(3,56,9,3),(3,56,9,4),(3,56,10,0),(3,56,10,2),(3,56,10,3),(3,56,10,4),(8,56,10,5),(0,56,10,20),(3,56,11,0),(3,56,11,1),(3,56,11,2),(3,56,11,3),(3,56,12,0),(3,56,12,1),(3,56,12,2),(3,56,13,0),(3,56,13,1),(3,56,13,2),(3,56,13,4),(3,56,14,0),(3,56,14,1),(3,56,14,2),(3,56,14,3),(3,56,14,4),(3,56,15,0),(3,56,15,1),(3,56,15,2),(3,56,15,3),(3,56,15,4),(3,56,16,0),(3,56,16,1),(3,56,16,2),(3,56,16,3),(5,56,16,29),(3,56,17,0),(3,56,17,1),(3,56,17,2),(3,56,17,3),(3,56,17,4),(2,56,17,28),(3,56,18,0),(3,56,18,1),(3,56,18,2),(3,56,18,3),(3,56,18,4),(3,56,18,5),(0,56,18,23),(3,56,19,0),(3,56,19,1),(3,56,19,2),(3,56,19,3),(3,56,19,4),(3,56,19,5),(5,56,19,29),(3,56,20,0),(3,56,20,1),(3,56,20,2),(3,56,20,3),(3,56,20,4),(3,56,20,5),(5,56,20,28),(5,56,20,29),(3,56,21,0),(3,56,21,1),(3,56,21,2),(3,56,21,3),(3,56,21,4),(5,56,21,29),(3,56,22,0),(3,56,22,1),(3,56,22,2),(14,56,22,25),(5,56,22,29),(3,56,23,0),(3,56,23,1),(3,56,23,2),(3,56,23,3),(4,56,23,9),(5,56,23,29),(3,56,24,1),(3,56,24,2),(0,56,24,4),(4,56,24,7),(4,56,24,8),(4,56,24,9),(4,56,24,10),(4,56,24,11),(5,56,24,29),(4,56,25,7),(4,56,25,8),(4,56,25,9),(4,56,25,10),(5,56,25,27),(5,56,25,29),(4,56,26,6),(4,56,26,7),(4,56,26,8),(4,56,26,9),(4,56,26,10),(2,56,26,12),(6,56,26,22),(6,56,26,23),(5,56,26,27),(5,56,26,28),(5,56,26,29),(4,56,27,5),(4,56,27,6),(4,56,27,7),(4,56,27,8),(4,56,27,9),(4,56,27,10),(5,56,27,17),(5,56,27,18),(5,56,27,21),(5,56,27,22),(6,56,27,23),(6,56,27,24),(0,56,28,4),(4,56,28,6),(4,56,28,7),(4,56,28,8),(4,56,28,9),(4,56,28,10),(5,56,28,15),(5,56,28,16),(5,56,28,17),(5,56,28,18),(5,56,28,19),(5,56,28,21),(5,56,28,22),(6,56,28,23),(6,56,28,24),(5,56,28,25),(5,56,28,26),(5,56,28,27),(5,56,28,28),(4,56,29,7),(4,56,29,8),(4,56,29,9),(4,56,29,10),(4,56,29,11),(5,56,29,16),(5,56,29,17),(5,56,29,18),(5,56,29,19),(5,56,29,20),(5,56,29,21),(5,56,29,22),(6,56,29,23),(6,56,29,24),(6,56,29,25),(6,56,29,26),(5,56,29,27);
/*!40000 ALTER TABLE `tiles` ENABLE KEYS */;
UNLOCK TABLES;

--
-- Table structure for table `units`
--

DROP TABLE IF EXISTS `units`;
/*!40101 SET @saved_cs_client     = @@character_set_client */;
/*!40101 SET character_set_client = utf8 */;
CREATE TABLE `units` (
  `id` int(11) NOT NULL AUTO_INCREMENT,
  `hp` int(10) unsigned NOT NULL DEFAULT '0',
  `level` tinyint(2) unsigned NOT NULL,
  `location_id` int(10) unsigned NOT NULL,
  `location_type` tinyint(2) unsigned NOT NULL DEFAULT '0',
  `player_id` int(11) DEFAULT NULL,
  `upgrade_ends_at` datetime DEFAULT NULL,
  `pause_remainder` int(10) unsigned DEFAULT NULL,
  `xp` mediumint(8) unsigned NOT NULL DEFAULT '0',
  `type` varchar(50) NOT NULL,
  `flank` tinyint(2) unsigned NOT NULL DEFAULT '0',
  `location_x` mediumint(9) DEFAULT NULL,
  `location_y` mediumint(9) DEFAULT NULL,
  `route_id` int(11) DEFAULT NULL,
  `galaxy_id` int(11) NOT NULL,
  `stance` tinyint(2) unsigned NOT NULL DEFAULT '0',
  `construction_mod` tinyint(2) unsigned NOT NULL DEFAULT '0',
  `stored` int(10) unsigned NOT NULL DEFAULT '0',
  `metal` float NOT NULL DEFAULT '0',
  `energy` float NOT NULL DEFAULT '0',
  `zetium` float NOT NULL DEFAULT '0',
  PRIMARY KEY (`id`),
  KEY `location` (`player_id`,`location_id`,`location_type`),
  KEY `location_and_player` (`location_type`,`location_id`,`location_x`,`location_y`,`player_id`),
  KEY `index_units_on_route_id` (`route_id`),
  KEY `type` (`player_id`,`type`),
  KEY `foreign_key` (`galaxy_id`),
  CONSTRAINT `units_ibfk_1` FOREIGN KEY (`player_id`) REFERENCES `players` (`id`) ON DELETE SET NULL,
  CONSTRAINT `units_ibfk_2` FOREIGN KEY (`galaxy_id`) REFERENCES `galaxies` (`id`) ON DELETE CASCADE,
  CONSTRAINT `units_ibfk_3` FOREIGN KEY (`route_id`) REFERENCES `routes` (`id`) ON DELETE SET NULL
) ENGINE=InnoDB AUTO_INCREMENT=2991 DEFAULT CHARSET=utf8;
/*!40101 SET character_set_client = @saved_cs_client */;

--
-- Dumping data for table `units`
--

LOCK TABLES `units` WRITE;
/*!40000 ALTER TABLE `units` DISABLE KEYS */;
INSERT INTO `units` VALUES (1,26875,1,1,1,NULL,NULL,NULL,0,'Demosis',0,1,45,NULL,1,0,0,0,0,0,0),(2,26875,1,1,1,NULL,NULL,NULL,0,'Demosis',0,1,45,NULL,1,0,0,0,0,0,0),(3,26875,1,1,1,NULL,NULL,NULL,0,'Demosis',0,1,45,NULL,1,0,0,0,0,0,0),(4,26875,1,1,1,NULL,NULL,NULL,0,'Demosis',0,1,45,NULL,1,0,0,0,0,0,0),(5,26875,1,1,1,NULL,NULL,NULL,0,'Demosis',1,1,45,NULL,1,0,0,0,0,0,0),(6,26875,1,1,1,NULL,NULL,NULL,0,'Demosis',1,1,45,NULL,1,0,0,0,0,0,0),(7,4475,1,1,1,NULL,NULL,NULL,0,'Thor',1,1,45,NULL,1,0,0,0,0,0,0),(8,4475,1,1,1,NULL,NULL,NULL,0,'Thor',0,1,45,NULL,1,0,0,0,0,0,0),(9,4475,1,1,1,NULL,NULL,NULL,0,'Thor',0,1,45,NULL,1,0,0,0,0,0,0),(10,4475,1,1,1,NULL,NULL,NULL,0,'Thor',1,1,45,NULL,1,0,0,0,0,0,0),(11,4475,1,1,1,NULL,NULL,NULL,0,'Thor',1,1,45,NULL,1,0,0,0,0,0,0),(12,4475,1,1,1,NULL,NULL,NULL,0,'Thor',0,1,45,NULL,1,0,0,0,0,0,0),(13,4475,1,1,1,NULL,NULL,NULL,0,'Thor',1,1,45,NULL,1,0,0,0,0,0,0),(14,4475,1,1,1,NULL,NULL,NULL,0,'Thor',1,1,45,NULL,1,0,0,0,0,0,0),(15,4475,1,1,1,NULL,NULL,NULL,0,'Thor',0,1,45,NULL,1,0,0,0,0,0,0),(16,4475,1,1,1,NULL,NULL,NULL,0,'Thor',0,1,45,NULL,1,0,0,0,0,0,0),(17,4475,1,1,1,NULL,NULL,NULL,0,'Thor',0,1,45,NULL,1,0,0,0,0,0,0),(18,4475,1,1,1,NULL,NULL,NULL,0,'Thor',0,1,45,NULL,1,0,0,0,0,0,0),(19,4475,1,1,1,NULL,NULL,NULL,0,'Thor',1,1,45,NULL,1,0,0,0,0,0,0),(20,4475,1,1,1,NULL,NULL,NULL,0,'Thor',0,1,45,NULL,1,0,0,0,0,0,0),(21,4475,1,1,1,NULL,NULL,NULL,0,'Thor',1,1,45,NULL,1,0,0,0,0,0,0),(22,4475,1,1,1,NULL,NULL,NULL,0,'Thor',0,1,45,NULL,1,0,0,0,0,0,0),(23,2812,1,1,1,NULL,NULL,NULL,0,'Dirac',1,1,45,NULL,1,0,0,0,0,0,0),(24,2812,1,1,1,NULL,NULL,NULL,0,'Dirac',0,1,45,NULL,1,0,0,0,0,0,0),(25,2812,1,1,1,NULL,NULL,NULL,0,'Dirac',0,1,45,NULL,1,0,0,0,0,0,0),(26,2812,1,1,1,NULL,NULL,NULL,0,'Dirac',0,1,45,NULL,1,0,0,0,0,0,0),(27,2812,1,1,1,NULL,NULL,NULL,0,'Dirac',0,1,45,NULL,1,0,0,0,0,0,0),(28,2812,1,1,1,NULL,NULL,NULL,0,'Dirac',0,1,45,NULL,1,0,0,0,0,0,0),(29,2812,1,1,1,NULL,NULL,NULL,0,'Dirac',0,1,45,NULL,1,0,0,0,0,0,0),(30,2812,1,1,1,NULL,NULL,NULL,0,'Dirac',0,1,45,NULL,1,0,0,0,0,0,0),(31,2812,1,1,1,NULL,NULL,NULL,0,'Dirac',0,1,45,NULL,1,0,0,0,0,0,0),(32,2812,1,1,1,NULL,NULL,NULL,0,'Dirac',0,1,45,NULL,1,0,0,0,0,0,0),(33,2812,1,1,1,NULL,NULL,NULL,0,'Dirac',1,1,45,NULL,1,0,0,0,0,0,0),(34,2812,1,1,1,NULL,NULL,NULL,0,'Dirac',1,1,45,NULL,1,0,0,0,0,0,0),(35,2812,1,1,1,NULL,NULL,NULL,0,'Dirac',1,1,45,NULL,1,0,0,0,0,0,0),(36,2812,1,1,1,NULL,NULL,NULL,0,'Dirac',1,1,45,NULL,1,0,0,0,0,0,0),(37,2812,1,1,1,NULL,NULL,NULL,0,'Dirac',1,1,45,NULL,1,0,0,0,0,0,0),(38,26875,1,1,1,NULL,NULL,NULL,0,'Demosis',1,2,210,NULL,1,0,0,0,0,0,0),(39,26875,1,1,1,NULL,NULL,NULL,0,'Demosis',0,2,210,NULL,1,0,0,0,0,0,0),(40,26875,1,1,1,NULL,NULL,NULL,0,'Demosis',0,2,210,NULL,1,0,0,0,0,0,0),(41,26875,1,1,1,NULL,NULL,NULL,0,'Demosis',0,2,210,NULL,1,0,0,0,0,0,0),(42,26875,1,1,1,NULL,NULL,NULL,0,'Demosis',1,2,210,NULL,1,0,0,0,0,0,0),(43,26875,1,1,1,NULL,NULL,NULL,0,'Demosis',1,2,210,NULL,1,0,0,0,0,0,0),(44,26875,1,1,1,NULL,NULL,NULL,0,'Demosis',1,2,210,NULL,1,0,0,0,0,0,0),(45,26875,1,1,1,NULL,NULL,NULL,0,'Demosis',1,2,210,NULL,1,0,0,0,0,0,0),(46,4475,1,1,1,NULL,NULL,NULL,0,'Thor',1,2,210,NULL,1,0,0,0,0,0,0),(47,4475,1,1,1,NULL,NULL,NULL,0,'Thor',1,2,210,NULL,1,0,0,0,0,0,0),(48,4475,1,1,1,NULL,NULL,NULL,0,'Thor',1,2,210,NULL,1,0,0,0,0,0,0),(49,4475,1,1,1,NULL,NULL,NULL,0,'Thor',0,2,210,NULL,1,0,0,0,0,0,0),(50,4475,1,1,1,NULL,NULL,NULL,0,'Thor',0,2,210,NULL,1,0,0,0,0,0,0),(51,4475,1,1,1,NULL,NULL,NULL,0,'Thor',0,2,210,NULL,1,0,0,0,0,0,0),(52,4475,1,1,1,NULL,NULL,NULL,0,'Thor',0,2,210,NULL,1,0,0,0,0,0,0),(53,4475,1,1,1,NULL,NULL,NULL,0,'Thor',1,2,210,NULL,1,0,0,0,0,0,0),(54,4475,1,1,1,NULL,NULL,NULL,0,'Thor',1,2,210,NULL,1,0,0,0,0,0,0),(55,4475,1,1,1,NULL,NULL,NULL,0,'Thor',0,2,210,NULL,1,0,0,0,0,0,0),(56,4475,1,1,1,NULL,NULL,NULL,0,'Thor',1,2,210,NULL,1,0,0,0,0,0,0),(57,4475,1,1,1,NULL,NULL,NULL,0,'Thor',0,2,210,NULL,1,0,0,0,0,0,0),(58,4475,1,1,1,NULL,NULL,NULL,0,'Thor',1,2,210,NULL,1,0,0,0,0,0,0),(59,4475,1,1,1,NULL,NULL,NULL,0,'Thor',0,2,210,NULL,1,0,0,0,0,0,0),(60,4475,1,1,1,NULL,NULL,NULL,0,'Thor',1,2,210,NULL,1,0,0,0,0,0,0),(61,4475,1,1,1,NULL,NULL,NULL,0,'Thor',0,2,210,NULL,1,0,0,0,0,0,0),(62,4475,1,1,1,NULL,NULL,NULL,0,'Thor',0,2,210,NULL,1,0,0,0,0,0,0),(63,4475,1,1,1,NULL,NULL,NULL,0,'Thor',1,2,210,NULL,1,0,0,0,0,0,0),(64,4475,1,1,1,NULL,NULL,NULL,0,'Thor',1,2,210,NULL,1,0,0,0,0,0,0),(65,4475,1,1,1,NULL,NULL,NULL,0,'Thor',0,2,210,NULL,1,0,0,0,0,0,0),(66,2812,1,1,1,NULL,NULL,NULL,0,'Dirac',1,2,210,NULL,1,0,0,0,0,0,0),(67,2812,1,1,1,NULL,NULL,NULL,0,'Dirac',1,2,210,NULL,1,0,0,0,0,0,0),(68,2812,1,1,1,NULL,NULL,NULL,0,'Dirac',0,2,210,NULL,1,0,0,0,0,0,0),(69,2812,1,1,1,NULL,NULL,NULL,0,'Dirac',0,2,210,NULL,1,0,0,0,0,0,0),(70,2812,1,1,1,NULL,NULL,NULL,0,'Dirac',0,2,210,NULL,1,0,0,0,0,0,0),(71,2812,1,1,1,NULL,NULL,NULL,0,'Dirac',0,2,210,NULL,1,0,0,0,0,0,0),(72,2812,1,1,1,NULL,NULL,NULL,0,'Dirac',1,2,210,NULL,1,0,0,0,0,0,0),(73,2812,1,1,1,NULL,NULL,NULL,0,'Dirac',1,2,210,NULL,1,0,0,0,0,0,0),(74,2812,1,1,1,NULL,NULL,NULL,0,'Dirac',1,2,210,NULL,1,0,0,0,0,0,0),(75,2812,1,1,1,NULL,NULL,NULL,0,'Dirac',0,2,210,NULL,1,0,0,0,0,0,0),(76,26875,1,1,1,NULL,NULL,NULL,0,'Demosis',0,0,270,NULL,1,0,0,0,0,0,0),(77,26875,1,1,1,NULL,NULL,NULL,0,'Demosis',1,0,270,NULL,1,0,0,0,0,0,0),(78,26875,1,1,1,NULL,NULL,NULL,0,'Demosis',1,0,270,NULL,1,0,0,0,0,0,0),(79,26875,1,1,1,NULL,NULL,NULL,0,'Demosis',0,0,270,NULL,1,0,0,0,0,0,0),(80,26875,1,1,1,NULL,NULL,NULL,0,'Demosis',0,0,270,NULL,1,0,0,0,0,0,0),(81,26875,1,1,1,NULL,NULL,NULL,0,'Demosis',0,0,270,NULL,1,0,0,0,0,0,0),(82,26875,1,1,1,NULL,NULL,NULL,0,'Demosis',1,0,270,NULL,1,0,0,0,0,0,0),(83,26875,1,1,1,NULL,NULL,NULL,0,'Demosis',0,0,270,NULL,1,0,0,0,0,0,0),(84,26875,1,1,1,NULL,NULL,NULL,0,'Demosis',1,0,270,NULL,1,0,0,0,0,0,0),(85,26875,1,1,1,NULL,NULL,NULL,0,'Demosis',1,0,270,NULL,1,0,0,0,0,0,0),(86,4475,1,1,1,NULL,NULL,NULL,0,'Thor',0,0,270,NULL,1,0,0,0,0,0,0),(87,4475,1,1,1,NULL,NULL,NULL,0,'Thor',1,0,270,NULL,1,0,0,0,0,0,0),(88,4475,1,1,1,NULL,NULL,NULL,0,'Thor',1,0,270,NULL,1,0,0,0,0,0,0),(89,4475,1,1,1,NULL,NULL,NULL,0,'Thor',0,0,270,NULL,1,0,0,0,0,0,0),(90,4475,1,1,1,NULL,NULL,NULL,0,'Thor',0,0,270,NULL,1,0,0,0,0,0,0),(91,4475,1,1,1,NULL,NULL,NULL,0,'Thor',0,0,270,NULL,1,0,0,0,0,0,0),(92,4475,1,1,1,NULL,NULL,NULL,0,'Thor',1,0,270,NULL,1,0,0,0,0,0,0),(93,4475,1,1,1,NULL,NULL,NULL,0,'Thor',1,0,270,NULL,1,0,0,0,0,0,0),(94,4475,1,1,1,NULL,NULL,NULL,0,'Thor',0,0,270,NULL,1,0,0,0,0,0,0),(95,4475,1,1,1,NULL,NULL,NULL,0,'Thor',1,0,270,NULL,1,0,0,0,0,0,0),(96,4475,1,1,1,NULL,NULL,NULL,0,'Thor',0,0,270,NULL,1,0,0,0,0,0,0),(97,4475,1,1,1,NULL,NULL,NULL,0,'Thor',1,0,270,NULL,1,0,0,0,0,0,0),(98,4475,1,1,1,NULL,NULL,NULL,0,'Thor',1,0,270,NULL,1,0,0,0,0,0,0),(99,4475,1,1,1,NULL,NULL,NULL,0,'Thor',1,0,270,NULL,1,0,0,0,0,0,0),(100,4475,1,1,1,NULL,NULL,NULL,0,'Thor',1,0,270,NULL,1,0,0,0,0,0,0),(101,4475,1,1,1,NULL,NULL,NULL,0,'Thor',1,0,270,NULL,1,0,0,0,0,0,0),(102,4475,1,1,1,NULL,NULL,NULL,0,'Thor',0,0,270,NULL,1,0,0,0,0,0,0),(103,4475,1,1,1,NULL,NULL,NULL,0,'Thor',1,0,270,NULL,1,0,0,0,0,0,0),(104,4475,1,1,1,NULL,NULL,NULL,0,'Thor',0,0,270,NULL,1,0,0,0,0,0,0),(105,2812,1,1,1,NULL,NULL,NULL,0,'Dirac',0,0,270,NULL,1,0,0,0,0,0,0),(106,2812,1,1,1,NULL,NULL,NULL,0,'Dirac',1,0,270,NULL,1,0,0,0,0,0,0),(107,2812,1,1,1,NULL,NULL,NULL,0,'Dirac',1,0,270,NULL,1,0,0,0,0,0,0),(108,2812,1,1,1,NULL,NULL,NULL,0,'Dirac',1,0,270,NULL,1,0,0,0,0,0,0),(109,2812,1,1,1,NULL,NULL,NULL,0,'Dirac',0,0,270,NULL,1,0,0,0,0,0,0),(110,2812,1,1,1,NULL,NULL,NULL,0,'Dirac',1,0,270,NULL,1,0,0,0,0,0,0),(111,2812,1,1,1,NULL,NULL,NULL,0,'Dirac',1,0,270,NULL,1,0,0,0,0,0,0),(112,2812,1,1,1,NULL,NULL,NULL,0,'Dirac',1,0,270,NULL,1,0,0,0,0,0,0),(113,2812,1,1,1,NULL,NULL,NULL,0,'Dirac',1,0,270,NULL,1,0,0,0,0,0,0),(114,2812,1,1,1,NULL,NULL,NULL,0,'Dirac',1,0,270,NULL,1,0,0,0,0,0,0),(115,2812,1,1,1,NULL,NULL,NULL,0,'Dirac',1,0,270,NULL,1,0,0,0,0,0,0),(116,2812,1,1,1,NULL,NULL,NULL,0,'Dirac',0,0,270,NULL,1,0,0,0,0,0,0),(117,2812,1,1,1,NULL,NULL,NULL,0,'Dirac',1,0,270,NULL,1,0,0,0,0,0,0),(118,2812,1,1,1,NULL,NULL,NULL,0,'Dirac',1,0,270,NULL,1,0,0,0,0,0,0),(119,2812,1,1,1,NULL,NULL,NULL,0,'Dirac',1,0,270,NULL,1,0,0,0,0,0,0),(120,2812,1,1,1,NULL,NULL,NULL,0,'Dirac',0,0,270,NULL,1,0,0,0,0,0,0),(121,2812,1,1,1,NULL,NULL,NULL,0,'Dirac',0,0,270,NULL,1,0,0,0,0,0,0),(122,2812,1,1,1,NULL,NULL,NULL,0,'Dirac',1,0,270,NULL,1,0,0,0,0,0,0),(123,2812,1,1,1,NULL,NULL,NULL,0,'Dirac',1,0,270,NULL,1,0,0,0,0,0,0),(124,2812,1,1,1,NULL,NULL,NULL,0,'Dirac',0,0,270,NULL,1,0,0,0,0,0,0),(125,2812,1,1,1,NULL,NULL,NULL,0,'Dirac',1,0,270,NULL,1,0,0,0,0,0,0),(126,2812,1,1,1,NULL,NULL,NULL,0,'Dirac',0,0,270,NULL,1,0,0,0,0,0,0),(127,26875,1,3,1,NULL,NULL,NULL,0,'Demosis',0,1,45,NULL,1,0,0,0,0,0,0),(128,4475,1,3,1,NULL,NULL,NULL,0,'Thor',1,1,45,NULL,1,0,0,0,0,0,0),(129,4475,1,3,1,NULL,NULL,NULL,0,'Thor',1,1,45,NULL,1,0,0,0,0,0,0),(130,4475,1,3,1,NULL,NULL,NULL,0,'Thor',0,1,45,NULL,1,0,0,0,0,0,0),(131,4475,1,3,1,NULL,NULL,NULL,0,'Thor',1,1,45,NULL,1,0,0,0,0,0,0),(132,4475,1,3,1,NULL,NULL,NULL,0,'Thor',1,1,45,NULL,1,0,0,0,0,0,0),(133,2812,1,3,1,NULL,NULL,NULL,0,'Dirac',1,1,45,NULL,1,0,0,0,0,0,0),(134,2812,1,3,1,NULL,NULL,NULL,0,'Dirac',0,1,45,NULL,1,0,0,0,0,0,0),(135,2812,1,3,1,NULL,NULL,NULL,0,'Dirac',0,1,45,NULL,1,0,0,0,0,0,0),(136,2812,1,3,1,NULL,NULL,NULL,0,'Dirac',0,1,45,NULL,1,0,0,0,0,0,0),(137,2812,1,3,1,NULL,NULL,NULL,0,'Dirac',0,1,45,NULL,1,0,0,0,0,0,0),(138,2812,1,3,1,NULL,NULL,NULL,0,'Dirac',0,1,45,NULL,1,0,0,0,0,0,0),(139,2812,1,3,1,NULL,NULL,NULL,0,'Dirac',0,1,45,NULL,1,0,0,0,0,0,0),(140,2812,1,3,1,NULL,NULL,NULL,0,'Dirac',1,1,45,NULL,1,0,0,0,0,0,0),(141,2812,1,3,1,NULL,NULL,NULL,0,'Dirac',1,1,45,NULL,1,0,0,0,0,0,0),(142,2812,1,3,1,NULL,NULL,NULL,0,'Dirac',1,1,45,NULL,1,0,0,0,0,0,0),(143,2812,1,3,1,NULL,NULL,NULL,0,'Dirac',0,1,45,NULL,1,0,0,0,0,0,0),(144,2812,1,3,1,NULL,NULL,NULL,0,'Dirac',1,1,45,NULL,1,0,0,0,0,0,0),(145,26875,1,3,1,NULL,NULL,NULL,0,'Demosis',0,1,225,NULL,1,0,0,0,0,0,0),(146,26875,1,3,1,NULL,NULL,NULL,0,'Demosis',0,1,225,NULL,1,0,0,0,0,0,0),(147,26875,1,3,1,NULL,NULL,NULL,0,'Demosis',0,1,225,NULL,1,0,0,0,0,0,0),(148,4475,1,3,1,NULL,NULL,NULL,0,'Thor',1,1,225,NULL,1,0,0,0,0,0,0),(149,4475,1,3,1,NULL,NULL,NULL,0,'Thor',1,1,225,NULL,1,0,0,0,0,0,0),(150,4475,1,3,1,NULL,NULL,NULL,0,'Thor',0,1,225,NULL,1,0,0,0,0,0,0),(151,4475,1,3,1,NULL,NULL,NULL,0,'Thor',0,1,225,NULL,1,0,0,0,0,0,0),(152,2812,1,3,1,NULL,NULL,NULL,0,'Dirac',0,1,225,NULL,1,0,0,0,0,0,0),(153,2812,1,3,1,NULL,NULL,NULL,0,'Dirac',1,1,225,NULL,1,0,0,0,0,0,0),(154,2812,1,3,1,NULL,NULL,NULL,0,'Dirac',0,1,225,NULL,1,0,0,0,0,0,0),(155,2812,1,3,1,NULL,NULL,NULL,0,'Dirac',0,1,225,NULL,1,0,0,0,0,0,0),(156,2812,1,3,1,NULL,NULL,NULL,0,'Dirac',1,1,225,NULL,1,0,0,0,0,0,0),(157,2812,1,3,1,NULL,NULL,NULL,0,'Dirac',1,1,225,NULL,1,0,0,0,0,0,0),(158,2812,1,3,1,NULL,NULL,NULL,0,'Dirac',1,1,225,NULL,1,0,0,0,0,0,0),(159,2812,1,3,1,NULL,NULL,NULL,0,'Dirac',0,1,225,NULL,1,0,0,0,0,0,0),(160,2812,1,3,1,NULL,NULL,NULL,0,'Dirac',0,1,225,NULL,1,0,0,0,0,0,0),(161,2812,1,3,1,NULL,NULL,NULL,0,'Dirac',1,1,225,NULL,1,0,0,0,0,0,0),(162,2812,1,3,1,NULL,NULL,NULL,0,'Dirac',1,1,225,NULL,1,0,0,0,0,0,0),(163,2812,1,3,1,NULL,NULL,NULL,0,'Dirac',0,1,225,NULL,1,0,0,0,0,0,0),(164,2812,1,3,1,NULL,NULL,NULL,0,'Dirac',1,1,225,NULL,1,0,0,0,0,0,0),(165,2812,1,3,1,NULL,NULL,NULL,0,'Dirac',1,1,225,NULL,1,0,0,0,0,0,0),(166,2812,1,3,1,NULL,NULL,NULL,0,'Dirac',0,1,225,NULL,1,0,0,0,0,0,0),(167,2812,1,3,1,NULL,NULL,NULL,0,'Dirac',0,1,225,NULL,1,0,0,0,0,0,0),(168,26875,1,3,1,NULL,NULL,NULL,0,'Demosis',0,2,120,NULL,1,0,0,0,0,0,0),(169,4475,1,3,1,NULL,NULL,NULL,0,'Thor',0,2,120,NULL,1,0,0,0,0,0,0),(170,4475,1,3,1,NULL,NULL,NULL,0,'Thor',0,2,120,NULL,1,0,0,0,0,0,0),(171,4475,1,3,1,NULL,NULL,NULL,0,'Thor',0,2,120,NULL,1,0,0,0,0,0,0),(172,4475,1,3,1,NULL,NULL,NULL,0,'Thor',0,2,120,NULL,1,0,0,0,0,0,0),(173,4475,1,3,1,NULL,NULL,NULL,0,'Thor',1,2,120,NULL,1,0,0,0,0,0,0),(174,4475,1,3,1,NULL,NULL,NULL,0,'Thor',0,2,120,NULL,1,0,0,0,0,0,0),(175,4475,1,3,1,NULL,NULL,NULL,0,'Thor',0,2,120,NULL,1,0,0,0,0,0,0),(176,2812,1,3,1,NULL,NULL,NULL,0,'Dirac',0,2,120,NULL,1,0,0,0,0,0,0),(177,2812,1,3,1,NULL,NULL,NULL,0,'Dirac',0,2,120,NULL,1,0,0,0,0,0,0),(178,2812,1,3,1,NULL,NULL,NULL,0,'Dirac',1,2,120,NULL,1,0,0,0,0,0,0),(179,2812,1,3,1,NULL,NULL,NULL,0,'Dirac',1,2,120,NULL,1,0,0,0,0,0,0),(180,2812,1,3,1,NULL,NULL,NULL,0,'Dirac',0,2,120,NULL,1,0,0,0,0,0,0),(181,2812,1,3,1,NULL,NULL,NULL,0,'Dirac',0,2,120,NULL,1,0,0,0,0,0,0),(182,2812,1,3,1,NULL,NULL,NULL,0,'Dirac',0,2,120,NULL,1,0,0,0,0,0,0),(183,2812,1,3,1,NULL,NULL,NULL,0,'Dirac',0,2,120,NULL,1,0,0,0,0,0,0),(184,2812,1,3,1,NULL,NULL,NULL,0,'Dirac',0,2,120,NULL,1,0,0,0,0,0,0),(185,2812,1,3,1,NULL,NULL,NULL,0,'Dirac',0,2,120,NULL,1,0,0,0,0,0,0),(186,2812,1,3,1,NULL,NULL,NULL,0,'Dirac',1,2,120,NULL,1,0,0,0,0,0,0),(187,2812,1,3,1,NULL,NULL,NULL,0,'Dirac',0,2,120,NULL,1,0,0,0,0,0,0),(188,2812,1,3,1,NULL,NULL,NULL,0,'Dirac',0,2,120,NULL,1,0,0,0,0,0,0),(189,2812,1,3,1,NULL,NULL,NULL,0,'Dirac',0,2,120,NULL,1,0,0,0,0,0,0),(190,26875,1,3,1,NULL,NULL,NULL,0,'Demosis',0,2,150,NULL,1,0,0,0,0,0,0),(191,4475,1,3,1,NULL,NULL,NULL,0,'Thor',0,2,150,NULL,1,0,0,0,0,0,0),(192,4475,1,3,1,NULL,NULL,NULL,0,'Thor',0,2,150,NULL,1,0,0,0,0,0,0),(193,4475,1,3,1,NULL,NULL,NULL,0,'Thor',0,2,150,NULL,1,0,0,0,0,0,0),(194,4475,1,3,1,NULL,NULL,NULL,0,'Thor',0,2,150,NULL,1,0,0,0,0,0,0),(195,4475,1,3,1,NULL,NULL,NULL,0,'Thor',1,2,150,NULL,1,0,0,0,0,0,0),(196,4475,1,3,1,NULL,NULL,NULL,0,'Thor',1,2,150,NULL,1,0,0,0,0,0,0),(197,4475,1,3,1,NULL,NULL,NULL,0,'Thor',1,2,150,NULL,1,0,0,0,0,0,0),(198,4475,1,3,1,NULL,NULL,NULL,0,'Thor',1,2,150,NULL,1,0,0,0,0,0,0),(199,4475,1,3,1,NULL,NULL,NULL,0,'Thor',1,2,150,NULL,1,0,0,0,0,0,0),(200,4475,1,3,1,NULL,NULL,NULL,0,'Thor',1,2,150,NULL,1,0,0,0,0,0,0),(201,4475,1,3,1,NULL,NULL,NULL,0,'Thor',0,2,150,NULL,1,0,0,0,0,0,0),(202,2812,1,3,1,NULL,NULL,NULL,0,'Dirac',1,2,150,NULL,1,0,0,0,0,0,0),(203,2812,1,3,1,NULL,NULL,NULL,0,'Dirac',1,2,150,NULL,1,0,0,0,0,0,0),(204,2812,1,3,1,NULL,NULL,NULL,0,'Dirac',1,2,150,NULL,1,0,0,0,0,0,0),(205,2812,1,3,1,NULL,NULL,NULL,0,'Dirac',1,2,150,NULL,1,0,0,0,0,0,0),(206,2812,1,3,1,NULL,NULL,NULL,0,'Dirac',1,2,150,NULL,1,0,0,0,0,0,0),(207,2812,1,3,1,NULL,NULL,NULL,0,'Dirac',1,2,150,NULL,1,0,0,0,0,0,0),(208,2812,1,3,1,NULL,NULL,NULL,0,'Dirac',0,2,150,NULL,1,0,0,0,0,0,0),(209,2812,1,3,1,NULL,NULL,NULL,0,'Dirac',0,2,150,NULL,1,0,0,0,0,0,0),(210,2812,1,3,1,NULL,NULL,NULL,0,'Dirac',1,2,150,NULL,1,0,0,0,0,0,0),(211,2812,1,3,1,NULL,NULL,NULL,0,'Dirac',0,2,150,NULL,1,0,0,0,0,0,0),(212,2812,1,3,1,NULL,NULL,NULL,0,'Dirac',0,2,150,NULL,1,0,0,0,0,0,0),(213,2812,1,3,1,NULL,NULL,NULL,0,'Dirac',0,2,150,NULL,1,0,0,0,0,0,0),(214,2812,1,3,1,NULL,NULL,NULL,0,'Dirac',0,2,150,NULL,1,0,0,0,0,0,0),(215,2812,1,3,1,NULL,NULL,NULL,0,'Dirac',0,2,150,NULL,1,0,0,0,0,0,0),(216,26875,1,3,1,NULL,NULL,NULL,0,'Demosis',0,3,180,NULL,1,0,0,0,0,0,0),(217,26875,1,3,1,NULL,NULL,NULL,0,'Demosis',0,3,180,NULL,1,0,0,0,0,0,0),(218,26875,1,3,1,NULL,NULL,NULL,0,'Demosis',0,3,180,NULL,1,0,0,0,0,0,0),(219,26875,1,3,1,NULL,NULL,NULL,0,'Demosis',0,3,180,NULL,1,0,0,0,0,0,0),(220,4475,1,3,1,NULL,NULL,NULL,0,'Thor',1,3,180,NULL,1,0,0,0,0,0,0),(221,4475,1,3,1,NULL,NULL,NULL,0,'Thor',0,3,180,NULL,1,0,0,0,0,0,0),(222,4475,1,3,1,NULL,NULL,NULL,0,'Thor',1,3,180,NULL,1,0,0,0,0,0,0),(223,4475,1,3,1,NULL,NULL,NULL,0,'Thor',1,3,180,NULL,1,0,0,0,0,0,0),(224,4475,1,3,1,NULL,NULL,NULL,0,'Thor',0,3,180,NULL,1,0,0,0,0,0,0),(225,4475,1,3,1,NULL,NULL,NULL,0,'Thor',1,3,180,NULL,1,0,0,0,0,0,0),(226,4475,1,3,1,NULL,NULL,NULL,0,'Thor',0,3,180,NULL,1,0,0,0,0,0,0),(227,4475,1,3,1,NULL,NULL,NULL,0,'Thor',0,3,180,NULL,1,0,0,0,0,0,0),(228,4475,1,3,1,NULL,NULL,NULL,0,'Thor',1,3,180,NULL,1,0,0,0,0,0,0),(229,4475,1,3,1,NULL,NULL,NULL,0,'Thor',0,3,180,NULL,1,0,0,0,0,0,0),(230,2812,1,3,1,NULL,NULL,NULL,0,'Dirac',1,3,180,NULL,1,0,0,0,0,0,0),(231,2812,1,3,1,NULL,NULL,NULL,0,'Dirac',0,3,180,NULL,1,0,0,0,0,0,0),(232,2812,1,3,1,NULL,NULL,NULL,0,'Dirac',0,3,180,NULL,1,0,0,0,0,0,0),(233,2812,1,3,1,NULL,NULL,NULL,0,'Dirac',1,3,180,NULL,1,0,0,0,0,0,0),(234,2812,1,3,1,NULL,NULL,NULL,0,'Dirac',1,3,180,NULL,1,0,0,0,0,0,0),(235,2812,1,3,1,NULL,NULL,NULL,0,'Dirac',0,3,180,NULL,1,0,0,0,0,0,0),(236,2812,1,3,1,NULL,NULL,NULL,0,'Dirac',1,3,180,NULL,1,0,0,0,0,0,0),(237,2812,1,3,1,NULL,NULL,NULL,0,'Dirac',1,3,180,NULL,1,0,0,0,0,0,0),(238,2812,1,3,1,NULL,NULL,NULL,0,'Dirac',0,3,180,NULL,1,0,0,0,0,0,0),(239,2812,1,3,1,NULL,NULL,NULL,0,'Dirac',1,3,180,NULL,1,0,0,0,0,0,0),(240,2812,1,3,1,NULL,NULL,NULL,0,'Dirac',1,3,180,NULL,1,0,0,0,0,0,0),(241,2812,1,3,1,NULL,NULL,NULL,0,'Dirac',1,3,180,NULL,1,0,0,0,0,0,0),(242,2812,1,3,1,NULL,NULL,NULL,0,'Dirac',1,3,180,NULL,1,0,0,0,0,0,0),(243,2812,1,3,1,NULL,NULL,NULL,0,'Dirac',0,3,180,NULL,1,0,0,0,0,0,0),(244,2812,1,3,1,NULL,NULL,NULL,0,'Dirac',1,3,180,NULL,1,0,0,0,0,0,0),(245,2812,1,3,1,NULL,NULL,NULL,0,'Dirac',0,3,180,NULL,1,0,0,0,0,0,0),(246,26875,1,3,1,NULL,NULL,NULL,0,'Demosis',0,0,90,NULL,1,0,0,0,0,0,0),(247,4475,1,3,1,NULL,NULL,NULL,0,'Thor',1,0,90,NULL,1,0,0,0,0,0,0),(248,4475,1,3,1,NULL,NULL,NULL,0,'Thor',0,0,90,NULL,1,0,0,0,0,0,0),(249,4475,1,3,1,NULL,NULL,NULL,0,'Thor',1,0,90,NULL,1,0,0,0,0,0,0),(250,4475,1,3,1,NULL,NULL,NULL,0,'Thor',0,0,90,NULL,1,0,0,0,0,0,0),(251,4475,1,3,1,NULL,NULL,NULL,0,'Thor',0,0,90,NULL,1,0,0,0,0,0,0),(252,4475,1,3,1,NULL,NULL,NULL,0,'Thor',0,0,90,NULL,1,0,0,0,0,0,0),(253,4475,1,3,1,NULL,NULL,NULL,0,'Thor',0,0,90,NULL,1,0,0,0,0,0,0),(254,4475,1,3,1,NULL,NULL,NULL,0,'Thor',1,0,90,NULL,1,0,0,0,0,0,0),(255,4475,1,3,1,NULL,NULL,NULL,0,'Thor',0,0,90,NULL,1,0,0,0,0,0,0),(256,4475,1,3,1,NULL,NULL,NULL,0,'Thor',1,0,90,NULL,1,0,0,0,0,0,0),(257,2812,1,3,1,NULL,NULL,NULL,0,'Dirac',0,0,90,NULL,1,0,0,0,0,0,0),(258,2812,1,3,1,NULL,NULL,NULL,0,'Dirac',0,0,90,NULL,1,0,0,0,0,0,0),(259,2812,1,3,1,NULL,NULL,NULL,0,'Dirac',0,0,90,NULL,1,0,0,0,0,0,0),(260,2812,1,3,1,NULL,NULL,NULL,0,'Dirac',0,0,90,NULL,1,0,0,0,0,0,0),(261,2812,1,3,1,NULL,NULL,NULL,0,'Dirac',0,0,90,NULL,1,0,0,0,0,0,0),(262,2812,1,3,1,NULL,NULL,NULL,0,'Dirac',0,0,90,NULL,1,0,0,0,0,0,0),(263,2812,1,3,1,NULL,NULL,NULL,0,'Dirac',0,0,90,NULL,1,0,0,0,0,0,0),(264,2812,1,3,1,NULL,NULL,NULL,0,'Dirac',0,0,90,NULL,1,0,0,0,0,0,0),(265,2812,1,3,1,NULL,NULL,NULL,0,'Dirac',0,0,90,NULL,1,0,0,0,0,0,0),(266,2812,1,3,1,NULL,NULL,NULL,0,'Dirac',0,0,90,NULL,1,0,0,0,0,0,0),(267,2812,1,3,1,NULL,NULL,NULL,0,'Dirac',1,0,90,NULL,1,0,0,0,0,0,0),(268,26875,1,3,1,NULL,NULL,NULL,0,'Demosis',0,2,180,NULL,1,0,0,0,0,0,0),(269,26875,1,3,1,NULL,NULL,NULL,0,'Demosis',0,2,180,NULL,1,0,0,0,0,0,0),(270,4475,1,3,1,NULL,NULL,NULL,0,'Thor',1,2,180,NULL,1,0,0,0,0,0,0),(271,4475,1,3,1,NULL,NULL,NULL,0,'Thor',0,2,180,NULL,1,0,0,0,0,0,0),(272,4475,1,3,1,NULL,NULL,NULL,0,'Thor',1,2,180,NULL,1,0,0,0,0,0,0),(273,4475,1,3,1,NULL,NULL,NULL,0,'Thor',0,2,180,NULL,1,0,0,0,0,0,0),(274,4475,1,3,1,NULL,NULL,NULL,0,'Thor',1,2,180,NULL,1,0,0,0,0,0,0),(275,4475,1,3,1,NULL,NULL,NULL,0,'Thor',0,2,180,NULL,1,0,0,0,0,0,0),(276,4475,1,3,1,NULL,NULL,NULL,0,'Thor',0,2,180,NULL,1,0,0,0,0,0,0),(277,4475,1,3,1,NULL,NULL,NULL,0,'Thor',0,2,180,NULL,1,0,0,0,0,0,0),(278,4475,1,3,1,NULL,NULL,NULL,0,'Thor',1,2,180,NULL,1,0,0,0,0,0,0),(279,2812,1,3,1,NULL,NULL,NULL,0,'Dirac',1,2,180,NULL,1,0,0,0,0,0,0),(280,2812,1,3,1,NULL,NULL,NULL,0,'Dirac',0,2,180,NULL,1,0,0,0,0,0,0),(281,2812,1,3,1,NULL,NULL,NULL,0,'Dirac',0,2,180,NULL,1,0,0,0,0,0,0),(282,2812,1,3,1,NULL,NULL,NULL,0,'Dirac',0,2,180,NULL,1,0,0,0,0,0,0),(283,2812,1,3,1,NULL,NULL,NULL,0,'Dirac',0,2,180,NULL,1,0,0,0,0,0,0),(284,2812,1,3,1,NULL,NULL,NULL,0,'Dirac',1,2,180,NULL,1,0,0,0,0,0,0),(285,2812,1,3,1,NULL,NULL,NULL,0,'Dirac',0,2,180,NULL,1,0,0,0,0,0,0),(286,2812,1,3,1,NULL,NULL,NULL,0,'Dirac',0,2,180,NULL,1,0,0,0,0,0,0),(287,2812,1,3,1,NULL,NULL,NULL,0,'Dirac',0,2,180,NULL,1,0,0,0,0,0,0),(288,2812,1,3,1,NULL,NULL,NULL,0,'Dirac',0,2,180,NULL,1,0,0,0,0,0,0),(289,2812,1,3,1,NULL,NULL,NULL,0,'Dirac',1,2,180,NULL,1,0,0,0,0,0,0),(290,2812,1,3,1,NULL,NULL,NULL,0,'Dirac',0,2,180,NULL,1,0,0,0,0,0,0),(291,2812,1,3,1,NULL,NULL,NULL,0,'Dirac',0,2,180,NULL,1,0,0,0,0,0,0),(292,90,1,13,4,NULL,NULL,NULL,0,'Glancer',1,NULL,NULL,NULL,1,0,0,0,0,0,0),(293,90,1,13,4,NULL,NULL,NULL,0,'Glancer',1,NULL,NULL,NULL,1,0,0,0,0,0,0),(294,90,1,13,4,NULL,NULL,NULL,0,'Glancer',1,NULL,NULL,NULL,1,0,0,0,0,0,0),(295,125,1,13,4,NULL,NULL,NULL,0,'Gnat',0,NULL,NULL,NULL,1,0,0,0,0,0,0),(296,125,1,13,4,NULL,NULL,NULL,0,'Gnat',0,NULL,NULL,NULL,1,0,0,0,0,0,0),(297,125,1,13,4,NULL,NULL,NULL,0,'Gnat',0,NULL,NULL,NULL,1,0,0,0,0,0,0),(298,125,1,13,4,NULL,NULL,NULL,0,'Gnat',0,NULL,NULL,NULL,1,0,0,0,0,0,0),(299,125,1,13,4,NULL,NULL,NULL,0,'Gnat',1,NULL,NULL,NULL,1,0,0,0,0,0,0),(300,125,1,13,4,NULL,NULL,NULL,0,'Gnat',1,NULL,NULL,NULL,1,0,0,0,0,0,0),(301,125,1,13,4,NULL,NULL,NULL,0,'Gnat',0,NULL,NULL,NULL,1,0,0,0,0,0,0),(302,125,1,13,4,NULL,NULL,NULL,0,'Gnat',1,NULL,NULL,NULL,1,0,0,0,0,0,0),(303,90,1,14,4,NULL,NULL,NULL,0,'Glancer',1,NULL,NULL,NULL,1,0,0,0,0,0,0),(304,90,1,14,4,NULL,NULL,NULL,0,'Glancer',1,NULL,NULL,NULL,1,0,0,0,0,0,0),(305,90,1,14,4,NULL,NULL,NULL,0,'Glancer',1,NULL,NULL,NULL,1,0,0,0,0,0,0),(306,125,1,14,4,NULL,NULL,NULL,0,'Gnat',0,NULL,NULL,NULL,1,0,0,0,0,0,0),(307,125,1,14,4,NULL,NULL,NULL,0,'Gnat',0,NULL,NULL,NULL,1,0,0,0,0,0,0),(308,125,1,14,4,NULL,NULL,NULL,0,'Gnat',0,NULL,NULL,NULL,1,0,0,0,0,0,0),(309,125,1,14,4,NULL,NULL,NULL,0,'Gnat',0,NULL,NULL,NULL,1,0,0,0,0,0,0),(310,125,1,14,4,NULL,NULL,NULL,0,'Gnat',1,NULL,NULL,NULL,1,0,0,0,0,0,0),(311,125,1,14,4,NULL,NULL,NULL,0,'Gnat',1,NULL,NULL,NULL,1,0,0,0,0,0,0),(312,125,1,14,4,NULL,NULL,NULL,0,'Gnat',0,NULL,NULL,NULL,1,0,0,0,0,0,0),(313,125,1,14,4,NULL,NULL,NULL,0,'Gnat',0,NULL,NULL,NULL,1,0,0,0,0,0,0),(314,125,1,14,4,NULL,NULL,NULL,0,'Gnat',1,NULL,NULL,NULL,1,0,0,0,0,0,0),(315,90,1,15,4,NULL,NULL,NULL,0,'Glancer',1,NULL,NULL,NULL,1,0,0,0,0,0,0),(316,90,1,15,4,NULL,NULL,NULL,0,'Glancer',1,NULL,NULL,NULL,1,0,0,0,0,0,0),(317,90,1,15,4,NULL,NULL,NULL,0,'Glancer',1,NULL,NULL,NULL,1,0,0,0,0,0,0),(318,125,1,15,4,NULL,NULL,NULL,0,'Gnat',0,NULL,NULL,NULL,1,0,0,0,0,0,0),(319,125,1,15,4,NULL,NULL,NULL,0,'Gnat',0,NULL,NULL,NULL,1,0,0,0,0,0,0),(320,125,1,15,4,NULL,NULL,NULL,0,'Gnat',0,NULL,NULL,NULL,1,0,0,0,0,0,0),(321,125,1,15,4,NULL,NULL,NULL,0,'Gnat',0,NULL,NULL,NULL,1,0,0,0,0,0,0),(322,125,1,15,4,NULL,NULL,NULL,0,'Gnat',1,NULL,NULL,NULL,1,0,0,0,0,0,0),(323,125,1,15,4,NULL,NULL,NULL,0,'Gnat',1,NULL,NULL,NULL,1,0,0,0,0,0,0),(324,125,1,15,4,NULL,NULL,NULL,0,'Gnat',0,NULL,NULL,NULL,1,0,0,0,0,0,0),(325,125,1,15,4,NULL,NULL,NULL,0,'Gnat',1,NULL,NULL,NULL,1,0,0,0,0,0,0),(326,125,1,15,4,NULL,NULL,NULL,0,'Gnat',0,NULL,NULL,NULL,1,0,0,0,0,0,0),(327,900,1,16,4,NULL,NULL,NULL,0,'Gnawer',0,NULL,NULL,NULL,1,0,0,0,0,0,0),(328,900,1,16,4,NULL,NULL,NULL,0,'Gnawer',0,NULL,NULL,NULL,1,0,0,0,0,0,0),(329,500,1,16,4,NULL,NULL,NULL,0,'Spudder',0,NULL,NULL,NULL,1,0,0,0,0,0,0),(330,500,1,16,4,NULL,NULL,NULL,0,'Spudder',0,NULL,NULL,NULL,1,0,0,0,0,0,0),(331,500,1,16,4,NULL,NULL,NULL,0,'Spudder',0,NULL,NULL,NULL,1,0,0,0,0,0,0),(332,500,1,16,4,NULL,NULL,NULL,0,'Spudder',1,NULL,NULL,NULL,1,0,0,0,0,0,0),(333,500,1,16,4,NULL,NULL,NULL,0,'Spudder',0,NULL,NULL,NULL,1,0,0,0,0,0,0),(334,500,1,16,4,NULL,NULL,NULL,0,'Spudder',1,NULL,NULL,NULL,1,0,0,0,0,0,0),(335,500,1,16,4,NULL,NULL,NULL,0,'Spudder',0,NULL,NULL,NULL,1,0,0,0,0,0,0),(336,90,1,16,4,NULL,NULL,NULL,0,'Glancer',1,NULL,NULL,NULL,1,0,0,0,0,0,0),(337,90,1,16,4,NULL,NULL,NULL,0,'Glancer',1,NULL,NULL,NULL,1,0,0,0,0,0,0),(338,125,1,16,4,NULL,NULL,NULL,0,'Gnat',1,NULL,NULL,NULL,1,0,0,0,0,0,0),(339,125,1,16,4,NULL,NULL,NULL,0,'Gnat',0,NULL,NULL,NULL,1,0,0,0,0,0,0),(340,125,1,16,4,NULL,NULL,NULL,0,'Gnat',0,NULL,NULL,NULL,1,0,0,0,0,0,0),(341,90,1,16,4,NULL,NULL,NULL,0,'Glancer',1,NULL,NULL,NULL,1,0,0,0,0,0,0),(342,90,1,16,4,NULL,NULL,NULL,0,'Glancer',1,NULL,NULL,NULL,1,0,0,0,0,0,0),(343,90,1,16,4,NULL,NULL,NULL,0,'Glancer',1,NULL,NULL,NULL,1,0,0,0,0,0,0),(344,90,1,16,4,NULL,NULL,NULL,0,'Glancer',1,NULL,NULL,NULL,1,0,0,0,0,0,0),(345,90,1,16,4,NULL,NULL,NULL,0,'Glancer',1,NULL,NULL,NULL,1,0,0,0,0,0,0),(346,90,1,16,4,NULL,NULL,NULL,0,'Glancer',1,NULL,NULL,NULL,1,0,0,0,0,0,0),(347,125,1,16,4,NULL,NULL,NULL,0,'Gnat',0,NULL,NULL,NULL,1,0,0,0,0,0,0),(348,125,1,16,4,NULL,NULL,NULL,0,'Gnat',0,NULL,NULL,NULL,1,0,0,0,0,0,0),(349,125,1,16,4,NULL,NULL,NULL,0,'Gnat',0,NULL,NULL,NULL,1,0,0,0,0,0,0),(350,125,1,16,4,NULL,NULL,NULL,0,'Gnat',0,NULL,NULL,NULL,1,0,0,0,0,0,0),(351,125,1,16,4,NULL,NULL,NULL,0,'Gnat',1,NULL,NULL,NULL,1,0,0,0,0,0,0),(352,125,1,16,4,NULL,NULL,NULL,0,'Gnat',1,NULL,NULL,NULL,1,0,0,0,0,0,0),(353,900,1,17,4,NULL,NULL,NULL,0,'Gnawer',0,NULL,NULL,NULL,1,0,0,0,0,0,0),(354,900,1,17,4,NULL,NULL,NULL,0,'Gnawer',0,NULL,NULL,NULL,1,0,0,0,0,0,0),(355,500,1,17,4,NULL,NULL,NULL,0,'Spudder',0,NULL,NULL,NULL,1,0,0,0,0,0,0),(356,500,1,17,4,NULL,NULL,NULL,0,'Spudder',0,NULL,NULL,NULL,1,0,0,0,0,0,0),(357,500,1,17,4,NULL,NULL,NULL,0,'Spudder',0,NULL,NULL,NULL,1,0,0,0,0,0,0),(358,500,1,17,4,NULL,NULL,NULL,0,'Spudder',0,NULL,NULL,NULL,1,0,0,0,0,0,0),(359,90,1,17,4,NULL,NULL,NULL,0,'Glancer',1,NULL,NULL,NULL,1,0,0,0,0,0,0),(360,90,1,17,4,NULL,NULL,NULL,0,'Glancer',1,NULL,NULL,NULL,1,0,0,0,0,0,0),(361,125,1,17,4,NULL,NULL,NULL,0,'Gnat',0,NULL,NULL,NULL,1,0,0,0,0,0,0),(362,125,1,17,4,NULL,NULL,NULL,0,'Gnat',1,NULL,NULL,NULL,1,0,0,0,0,0,0),(363,125,1,17,4,NULL,NULL,NULL,0,'Gnat',0,NULL,NULL,NULL,1,0,0,0,0,0,0),(364,90,1,17,4,NULL,NULL,NULL,0,'Glancer',1,NULL,NULL,NULL,1,0,0,0,0,0,0),(365,90,1,17,4,NULL,NULL,NULL,0,'Glancer',1,NULL,NULL,NULL,1,0,0,0,0,0,0),(366,90,1,17,4,NULL,NULL,NULL,0,'Glancer',1,NULL,NULL,NULL,1,0,0,0,0,0,0),(367,90,1,17,4,NULL,NULL,NULL,0,'Glancer',1,NULL,NULL,NULL,1,0,0,0,0,0,0),(368,90,1,17,4,NULL,NULL,NULL,0,'Glancer',1,NULL,NULL,NULL,1,0,0,0,0,0,0),(369,125,1,17,4,NULL,NULL,NULL,0,'Gnat',0,NULL,NULL,NULL,1,0,0,0,0,0,0),(370,125,1,17,4,NULL,NULL,NULL,0,'Gnat',0,NULL,NULL,NULL,1,0,0,0,0,0,0),(371,125,1,17,4,NULL,NULL,NULL,0,'Gnat',0,NULL,NULL,NULL,1,0,0,0,0,0,0),(372,125,1,17,4,NULL,NULL,NULL,0,'Gnat',0,NULL,NULL,NULL,1,0,0,0,0,0,0),(373,125,1,17,4,NULL,NULL,NULL,0,'Gnat',1,NULL,NULL,NULL,1,0,0,0,0,0,0),(374,125,1,17,4,NULL,NULL,NULL,0,'Gnat',1,NULL,NULL,NULL,1,0,0,0,0,0,0),(375,125,1,17,4,NULL,NULL,NULL,0,'Gnat',0,NULL,NULL,NULL,1,0,0,0,0,0,0),(376,500,1,18,4,NULL,NULL,NULL,0,'Spudder',0,NULL,NULL,NULL,1,0,0,0,0,0,0),(377,500,1,18,4,NULL,NULL,NULL,0,'Spudder',0,NULL,NULL,NULL,1,0,0,0,0,0,0),(378,90,1,18,4,NULL,NULL,NULL,0,'Glancer',1,NULL,NULL,NULL,1,0,0,0,0,0,0),(379,125,1,18,4,NULL,NULL,NULL,0,'Gnat',1,NULL,NULL,NULL,1,0,0,0,0,0,0),(380,125,1,18,4,NULL,NULL,NULL,0,'Gnat',0,NULL,NULL,NULL,1,0,0,0,0,0,0),(381,90,1,18,4,NULL,NULL,NULL,0,'Glancer',1,NULL,NULL,NULL,1,0,0,0,0,0,0),(382,90,1,18,4,NULL,NULL,NULL,0,'Glancer',1,NULL,NULL,NULL,1,0,0,0,0,0,0),(383,90,1,18,4,NULL,NULL,NULL,0,'Glancer',1,NULL,NULL,NULL,1,0,0,0,0,0,0),(384,90,1,18,4,NULL,NULL,NULL,0,'Glancer',1,NULL,NULL,NULL,1,0,0,0,0,0,0),(385,90,1,18,4,NULL,NULL,NULL,0,'Glancer',1,NULL,NULL,NULL,1,0,0,0,0,0,0),(386,90,1,18,4,NULL,NULL,NULL,0,'Glancer',1,NULL,NULL,NULL,1,0,0,0,0,0,0),(387,125,1,18,4,NULL,NULL,NULL,0,'Gnat',0,NULL,NULL,NULL,1,0,0,0,0,0,0),(388,125,1,18,4,NULL,NULL,NULL,0,'Gnat',0,NULL,NULL,NULL,1,0,0,0,0,0,0),(389,125,1,18,4,NULL,NULL,NULL,0,'Gnat',0,NULL,NULL,NULL,1,0,0,0,0,0,0),(390,125,1,18,4,NULL,NULL,NULL,0,'Gnat',0,NULL,NULL,NULL,1,0,0,0,0,0,0),(391,125,1,18,4,NULL,NULL,NULL,0,'Gnat',1,NULL,NULL,NULL,1,0,0,0,0,0,0),(392,125,1,18,4,NULL,NULL,NULL,0,'Gnat',1,NULL,NULL,NULL,1,0,0,0,0,0,0),(393,125,1,18,4,NULL,NULL,NULL,0,'Gnat',0,NULL,NULL,NULL,1,0,0,0,0,0,0),(394,125,1,18,4,NULL,NULL,NULL,0,'Gnat',1,NULL,NULL,NULL,1,0,0,0,0,0,0),(395,125,1,18,4,NULL,NULL,NULL,0,'Gnat',1,NULL,NULL,NULL,1,0,0,0,0,0,0),(396,500,1,19,4,NULL,NULL,NULL,0,'Spudder',0,NULL,NULL,NULL,1,0,0,0,0,0,0),(397,500,1,19,4,NULL,NULL,NULL,0,'Spudder',1,NULL,NULL,NULL,1,0,0,0,0,0,0),(398,500,1,19,4,NULL,NULL,NULL,0,'Spudder',0,NULL,NULL,NULL,1,0,0,0,0,0,0),(399,90,1,19,4,NULL,NULL,NULL,0,'Glancer',1,NULL,NULL,NULL,1,0,0,0,0,0,0),(400,90,1,19,4,NULL,NULL,NULL,0,'Glancer',1,NULL,NULL,NULL,1,0,0,0,0,0,0),(401,125,1,19,4,NULL,NULL,NULL,0,'Gnat',0,NULL,NULL,NULL,1,0,0,0,0,0,0),(402,125,1,19,4,NULL,NULL,NULL,0,'Gnat',0,NULL,NULL,NULL,1,0,0,0,0,0,0),(403,125,1,19,4,NULL,NULL,NULL,0,'Gnat',0,NULL,NULL,NULL,1,0,0,0,0,0,0),(404,90,1,19,4,NULL,NULL,NULL,0,'Glancer',1,NULL,NULL,NULL,1,0,0,0,0,0,0),(405,90,1,19,4,NULL,NULL,NULL,0,'Glancer',1,NULL,NULL,NULL,1,0,0,0,0,0,0),(406,90,1,19,4,NULL,NULL,NULL,0,'Glancer',1,NULL,NULL,NULL,1,0,0,0,0,0,0),(407,90,1,19,4,NULL,NULL,NULL,0,'Glancer',1,NULL,NULL,NULL,1,0,0,0,0,0,0),(408,90,1,19,4,NULL,NULL,NULL,0,'Glancer',1,NULL,NULL,NULL,1,0,0,0,0,0,0),(409,125,1,19,4,NULL,NULL,NULL,0,'Gnat',0,NULL,NULL,NULL,1,0,0,0,0,0,0),(410,125,1,19,4,NULL,NULL,NULL,0,'Gnat',0,NULL,NULL,NULL,1,0,0,0,0,0,0),(411,125,1,19,4,NULL,NULL,NULL,0,'Gnat',0,NULL,NULL,NULL,1,0,0,0,0,0,0),(412,125,1,19,4,NULL,NULL,NULL,0,'Gnat',0,NULL,NULL,NULL,1,0,0,0,0,0,0),(413,125,1,19,4,NULL,NULL,NULL,0,'Gnat',1,NULL,NULL,NULL,1,0,0,0,0,0,0),(414,125,1,19,4,NULL,NULL,NULL,0,'Gnat',1,NULL,NULL,NULL,1,0,0,0,0,0,0),(415,125,1,19,4,NULL,NULL,NULL,0,'Gnat',0,NULL,NULL,NULL,1,0,0,0,0,0,0),(416,125,1,19,4,NULL,NULL,NULL,0,'Gnat',1,NULL,NULL,NULL,1,0,0,0,0,0,0),(417,125,1,19,4,NULL,NULL,NULL,0,'Gnat',1,NULL,NULL,NULL,1,0,0,0,0,0,0),(418,900,1,20,4,NULL,NULL,NULL,0,'Gnawer',0,NULL,NULL,NULL,1,0,0,0,0,0,0),(419,900,1,20,4,NULL,NULL,NULL,0,'Gnawer',0,NULL,NULL,NULL,1,0,0,0,0,0,0),(420,900,1,20,4,NULL,NULL,NULL,0,'Gnawer',0,NULL,NULL,NULL,1,0,0,0,0,0,0),(421,500,1,20,4,NULL,NULL,NULL,0,'Spudder',0,NULL,NULL,NULL,1,0,0,0,0,0,0),(422,500,1,20,4,NULL,NULL,NULL,0,'Spudder',0,NULL,NULL,NULL,1,0,0,0,0,0,0),(423,90,1,20,4,NULL,NULL,NULL,0,'Glancer',1,NULL,NULL,NULL,1,0,0,0,0,0,0),(424,90,1,20,4,NULL,NULL,NULL,0,'Glancer',1,NULL,NULL,NULL,1,0,0,0,0,0,0),(425,125,1,20,4,NULL,NULL,NULL,0,'Gnat',0,NULL,NULL,NULL,1,0,0,0,0,0,0),(426,125,1,20,4,NULL,NULL,NULL,0,'Gnat',1,NULL,NULL,NULL,1,0,0,0,0,0,0),(427,90,1,20,4,NULL,NULL,NULL,0,'Glancer',1,NULL,NULL,NULL,1,0,0,0,0,0,0),(428,90,1,20,4,NULL,NULL,NULL,0,'Glancer',1,NULL,NULL,NULL,1,0,0,0,0,0,0),(429,90,1,20,4,NULL,NULL,NULL,0,'Glancer',1,NULL,NULL,NULL,1,0,0,0,0,0,0),(430,90,1,20,4,NULL,NULL,NULL,0,'Glancer',1,NULL,NULL,NULL,1,0,0,0,0,0,0),(431,90,1,20,4,NULL,NULL,NULL,0,'Glancer',1,NULL,NULL,NULL,1,0,0,0,0,0,0),(432,125,1,20,4,NULL,NULL,NULL,0,'Gnat',0,NULL,NULL,NULL,1,0,0,0,0,0,0),(433,125,1,20,4,NULL,NULL,NULL,0,'Gnat',0,NULL,NULL,NULL,1,0,0,0,0,0,0),(434,125,1,20,4,NULL,NULL,NULL,0,'Gnat',0,NULL,NULL,NULL,1,0,0,0,0,0,0),(435,125,1,20,4,NULL,NULL,NULL,0,'Gnat',0,NULL,NULL,NULL,1,0,0,0,0,0,0),(436,125,1,20,4,NULL,NULL,NULL,0,'Gnat',1,NULL,NULL,NULL,1,0,0,0,0,0,0),(437,125,1,20,4,NULL,NULL,NULL,0,'Gnat',1,NULL,NULL,NULL,1,0,0,0,0,0,0),(438,125,1,20,4,NULL,NULL,NULL,0,'Gnat',0,NULL,NULL,NULL,1,0,0,0,0,0,0),(439,900,1,21,4,NULL,NULL,NULL,0,'Gnawer',0,NULL,NULL,NULL,1,0,0,0,0,0,0),(440,900,1,21,4,NULL,NULL,NULL,0,'Gnawer',0,NULL,NULL,NULL,1,0,0,0,0,0,0),(441,900,1,21,4,NULL,NULL,NULL,0,'Gnawer',0,NULL,NULL,NULL,1,0,0,0,0,0,0),(442,900,1,21,4,NULL,NULL,NULL,0,'Gnawer',0,NULL,NULL,NULL,1,0,0,0,0,0,0),(443,900,1,21,4,NULL,NULL,NULL,0,'Gnawer',0,NULL,NULL,NULL,1,0,0,0,0,0,0),(444,500,1,21,4,NULL,NULL,NULL,0,'Spudder',0,NULL,NULL,NULL,1,0,0,0,0,0,0),(445,500,1,21,4,NULL,NULL,NULL,0,'Spudder',0,NULL,NULL,NULL,1,0,0,0,0,0,0),(446,500,1,21,4,NULL,NULL,NULL,0,'Spudder',0,NULL,NULL,NULL,1,0,0,0,0,0,0),(447,500,1,21,4,NULL,NULL,NULL,0,'Spudder',1,NULL,NULL,NULL,1,0,0,0,0,0,0),(448,500,1,21,4,NULL,NULL,NULL,0,'Spudder',0,NULL,NULL,NULL,1,0,0,0,0,0,0),(449,500,1,21,4,NULL,NULL,NULL,0,'Spudder',0,NULL,NULL,NULL,1,0,0,0,0,0,0),(450,90,1,21,4,NULL,NULL,NULL,0,'Glancer',1,NULL,NULL,NULL,1,0,0,0,0,0,0),(451,90,1,21,4,NULL,NULL,NULL,0,'Glancer',1,NULL,NULL,NULL,1,0,0,0,0,0,0),(452,125,1,21,4,NULL,NULL,NULL,0,'Gnat',0,NULL,NULL,NULL,1,0,0,0,0,0,0),(453,125,1,21,4,NULL,NULL,NULL,0,'Gnat',0,NULL,NULL,NULL,1,0,0,0,0,0,0),(454,90,1,21,4,NULL,NULL,NULL,0,'Glancer',1,NULL,NULL,NULL,1,0,0,0,0,0,0),(455,90,1,21,4,NULL,NULL,NULL,0,'Glancer',1,NULL,NULL,NULL,1,0,0,0,0,0,0),(456,90,1,21,4,NULL,NULL,NULL,0,'Glancer',1,NULL,NULL,NULL,1,0,0,0,0,0,0),(457,90,1,21,4,NULL,NULL,NULL,0,'Glancer',1,NULL,NULL,NULL,1,0,0,0,0,0,0),(458,90,1,21,4,NULL,NULL,NULL,0,'Glancer',1,NULL,NULL,NULL,1,0,0,0,0,0,0),(459,90,1,21,4,NULL,NULL,NULL,0,'Glancer',1,NULL,NULL,NULL,1,0,0,0,0,0,0),(460,125,1,21,4,NULL,NULL,NULL,0,'Gnat',0,NULL,NULL,NULL,1,0,0,0,0,0,0),(461,125,1,21,4,NULL,NULL,NULL,0,'Gnat',0,NULL,NULL,NULL,1,0,0,0,0,0,0),(462,125,1,21,4,NULL,NULL,NULL,0,'Gnat',0,NULL,NULL,NULL,1,0,0,0,0,0,0),(463,125,1,21,4,NULL,NULL,NULL,0,'Gnat',0,NULL,NULL,NULL,1,0,0,0,0,0,0),(464,125,1,21,4,NULL,NULL,NULL,0,'Gnat',1,NULL,NULL,NULL,1,0,0,0,0,0,0),(465,125,1,21,4,NULL,NULL,NULL,0,'Gnat',1,NULL,NULL,NULL,1,0,0,0,0,0,0),(466,125,1,21,4,NULL,NULL,NULL,0,'Gnat',1,NULL,NULL,NULL,1,0,0,0,0,0,0),(467,900,1,22,4,NULL,NULL,NULL,0,'Gnawer',0,NULL,NULL,NULL,1,0,0,0,0,0,0),(468,900,1,22,4,NULL,NULL,NULL,0,'Gnawer',0,NULL,NULL,NULL,1,0,0,0,0,0,0),(469,500,1,22,4,NULL,NULL,NULL,0,'Spudder',0,NULL,NULL,NULL,1,0,0,0,0,0,0),(470,500,1,22,4,NULL,NULL,NULL,0,'Spudder',0,NULL,NULL,NULL,1,0,0,0,0,0,0),(471,500,1,22,4,NULL,NULL,NULL,0,'Spudder',0,NULL,NULL,NULL,1,0,0,0,0,0,0),(472,500,1,22,4,NULL,NULL,NULL,0,'Spudder',1,NULL,NULL,NULL,1,0,0,0,0,0,0),(473,500,1,22,4,NULL,NULL,NULL,0,'Spudder',1,NULL,NULL,NULL,1,0,0,0,0,0,0),(474,500,1,22,4,NULL,NULL,NULL,0,'Spudder',0,NULL,NULL,NULL,1,0,0,0,0,0,0),(475,90,1,22,4,NULL,NULL,NULL,0,'Glancer',1,NULL,NULL,NULL,1,0,0,0,0,0,0),(476,90,1,22,4,NULL,NULL,NULL,0,'Glancer',1,NULL,NULL,NULL,1,0,0,0,0,0,0),(477,125,1,22,4,NULL,NULL,NULL,0,'Gnat',0,NULL,NULL,NULL,1,0,0,0,0,0,0),(478,125,1,22,4,NULL,NULL,NULL,0,'Gnat',1,NULL,NULL,NULL,1,0,0,0,0,0,0),(479,125,1,22,4,NULL,NULL,NULL,0,'Gnat',0,NULL,NULL,NULL,1,0,0,0,0,0,0),(480,90,1,22,4,NULL,NULL,NULL,0,'Glancer',1,NULL,NULL,NULL,1,0,0,0,0,0,0),(481,90,1,22,4,NULL,NULL,NULL,0,'Glancer',1,NULL,NULL,NULL,1,0,0,0,0,0,0),(482,90,1,22,4,NULL,NULL,NULL,0,'Glancer',1,NULL,NULL,NULL,1,0,0,0,0,0,0),(483,90,1,22,4,NULL,NULL,NULL,0,'Glancer',1,NULL,NULL,NULL,1,0,0,0,0,0,0),(484,90,1,22,4,NULL,NULL,NULL,0,'Glancer',1,NULL,NULL,NULL,1,0,0,0,0,0,0),(485,90,1,22,4,NULL,NULL,NULL,0,'Glancer',1,NULL,NULL,NULL,1,0,0,0,0,0,0),(486,90,1,22,4,NULL,NULL,NULL,0,'Glancer',1,NULL,NULL,NULL,1,0,0,0,0,0,0),(487,125,1,22,4,NULL,NULL,NULL,0,'Gnat',0,NULL,NULL,NULL,1,0,0,0,0,0,0),(488,125,1,22,4,NULL,NULL,NULL,0,'Gnat',0,NULL,NULL,NULL,1,0,0,0,0,0,0),(489,125,1,22,4,NULL,NULL,NULL,0,'Gnat',0,NULL,NULL,NULL,1,0,0,0,0,0,0),(490,125,1,22,4,NULL,NULL,NULL,0,'Gnat',0,NULL,NULL,NULL,1,0,0,0,0,0,0),(491,125,1,22,4,NULL,NULL,NULL,0,'Gnat',1,NULL,NULL,NULL,1,0,0,0,0,0,0),(492,125,1,22,4,NULL,NULL,NULL,0,'Gnat',1,NULL,NULL,NULL,1,0,0,0,0,0,0),(493,125,1,22,4,NULL,NULL,NULL,0,'Gnat',1,NULL,NULL,NULL,1,0,0,0,0,0,0),(494,90,1,23,4,NULL,NULL,NULL,0,'Glancer',1,NULL,NULL,NULL,1,0,0,0,0,0,0),(495,90,1,23,4,NULL,NULL,NULL,0,'Glancer',1,NULL,NULL,NULL,1,0,0,0,0,0,0),(496,125,1,23,4,NULL,NULL,NULL,0,'Gnat',1,NULL,NULL,NULL,1,0,0,0,0,0,0),(497,125,1,23,4,NULL,NULL,NULL,0,'Gnat',0,NULL,NULL,NULL,1,0,0,0,0,0,0),(498,90,1,23,4,NULL,NULL,NULL,0,'Glancer',1,NULL,NULL,NULL,1,0,0,0,0,0,0),(499,90,1,23,4,NULL,NULL,NULL,0,'Glancer',1,NULL,NULL,NULL,1,0,0,0,0,0,0),(500,90,1,23,4,NULL,NULL,NULL,0,'Glancer',1,NULL,NULL,NULL,1,0,0,0,0,0,0),(501,90,1,23,4,NULL,NULL,NULL,0,'Glancer',1,NULL,NULL,NULL,1,0,0,0,0,0,0),(502,90,1,23,4,NULL,NULL,NULL,0,'Glancer',1,NULL,NULL,NULL,1,0,0,0,0,0,0),(503,90,1,23,4,NULL,NULL,NULL,0,'Glancer',1,NULL,NULL,NULL,1,0,0,0,0,0,0),(504,125,1,23,4,NULL,NULL,NULL,0,'Gnat',0,NULL,NULL,NULL,1,0,0,0,0,0,0),(505,125,1,23,4,NULL,NULL,NULL,0,'Gnat',0,NULL,NULL,NULL,1,0,0,0,0,0,0),(506,125,1,23,4,NULL,NULL,NULL,0,'Gnat',0,NULL,NULL,NULL,1,0,0,0,0,0,0),(507,125,1,23,4,NULL,NULL,NULL,0,'Gnat',0,NULL,NULL,NULL,1,0,0,0,0,0,0),(508,125,1,23,4,NULL,NULL,NULL,0,'Gnat',1,NULL,NULL,NULL,1,0,0,0,0,0,0),(509,125,1,23,4,NULL,NULL,NULL,0,'Gnat',1,NULL,NULL,NULL,1,0,0,0,0,0,0),(510,125,1,23,4,NULL,NULL,NULL,0,'Gnat',0,NULL,NULL,NULL,1,0,0,0,0,0,0),(511,900,1,24,4,NULL,NULL,NULL,0,'Gnawer',0,NULL,NULL,NULL,1,0,0,0,0,0,0),(512,900,1,24,4,NULL,NULL,NULL,0,'Gnawer',0,NULL,NULL,NULL,1,0,0,0,0,0,0),(513,500,1,24,4,NULL,NULL,NULL,0,'Spudder',0,NULL,NULL,NULL,1,0,0,0,0,0,0),(514,500,1,24,4,NULL,NULL,NULL,0,'Spudder',0,NULL,NULL,NULL,1,0,0,0,0,0,0),(515,500,1,24,4,NULL,NULL,NULL,0,'Spudder',1,NULL,NULL,NULL,1,0,0,0,0,0,0),(516,500,1,24,4,NULL,NULL,NULL,0,'Spudder',0,NULL,NULL,NULL,1,0,0,0,0,0,0),(517,500,1,24,4,NULL,NULL,NULL,0,'Spudder',0,NULL,NULL,NULL,1,0,0,0,0,0,0),(518,90,1,24,4,NULL,NULL,NULL,0,'Glancer',1,NULL,NULL,NULL,1,0,0,0,0,0,0),(519,90,1,24,4,NULL,NULL,NULL,0,'Glancer',1,NULL,NULL,NULL,1,0,0,0,0,0,0),(520,125,1,24,4,NULL,NULL,NULL,0,'Gnat',0,NULL,NULL,NULL,1,0,0,0,0,0,0),(521,90,1,24,4,NULL,NULL,NULL,0,'Glancer',1,NULL,NULL,NULL,1,0,0,0,0,0,0),(522,90,1,24,4,NULL,NULL,NULL,0,'Glancer',1,NULL,NULL,NULL,1,0,0,0,0,0,0),(523,90,1,24,4,NULL,NULL,NULL,0,'Glancer',1,NULL,NULL,NULL,1,0,0,0,0,0,0),(524,90,1,24,4,NULL,NULL,NULL,0,'Glancer',1,NULL,NULL,NULL,1,0,0,0,0,0,0),(525,90,1,24,4,NULL,NULL,NULL,0,'Glancer',1,NULL,NULL,NULL,1,0,0,0,0,0,0),(526,90,1,24,4,NULL,NULL,NULL,0,'Glancer',1,NULL,NULL,NULL,1,0,0,0,0,0,0),(527,125,1,24,4,NULL,NULL,NULL,0,'Gnat',0,NULL,NULL,NULL,1,0,0,0,0,0,0),(528,125,1,24,4,NULL,NULL,NULL,0,'Gnat',0,NULL,NULL,NULL,1,0,0,0,0,0,0),(529,125,1,24,4,NULL,NULL,NULL,0,'Gnat',0,NULL,NULL,NULL,1,0,0,0,0,0,0),(530,125,1,24,4,NULL,NULL,NULL,0,'Gnat',0,NULL,NULL,NULL,1,0,0,0,0,0,0),(531,125,1,24,4,NULL,NULL,NULL,0,'Gnat',1,NULL,NULL,NULL,1,0,0,0,0,0,0),(532,125,1,24,4,NULL,NULL,NULL,0,'Gnat',1,NULL,NULL,NULL,1,0,0,0,0,0,0),(533,125,1,24,4,NULL,NULL,NULL,0,'Gnat',0,NULL,NULL,NULL,1,0,0,0,0,0,0),(534,125,1,24,4,NULL,NULL,NULL,0,'Gnat',1,NULL,NULL,NULL,1,0,0,0,0,0,0),(535,125,1,24,4,NULL,NULL,NULL,0,'Gnat',1,NULL,NULL,NULL,1,0,0,0,0,0,0),(536,125,1,24,4,NULL,NULL,NULL,0,'Gnat',0,NULL,NULL,NULL,1,0,0,0,0,0,0),(537,500,1,25,4,NULL,NULL,NULL,0,'Spudder',1,NULL,NULL,NULL,1,0,0,0,0,0,0),(538,500,1,25,4,NULL,NULL,NULL,0,'Spudder',0,NULL,NULL,NULL,1,0,0,0,0,0,0),(539,90,1,25,4,NULL,NULL,NULL,0,'Glancer',1,NULL,NULL,NULL,1,0,0,0,0,0,0),(540,90,1,25,4,NULL,NULL,NULL,0,'Glancer',1,NULL,NULL,NULL,1,0,0,0,0,0,0),(541,125,1,25,4,NULL,NULL,NULL,0,'Gnat',0,NULL,NULL,NULL,1,0,0,0,0,0,0),(542,125,1,25,4,NULL,NULL,NULL,0,'Gnat',1,NULL,NULL,NULL,1,0,0,0,0,0,0),(543,125,1,25,4,NULL,NULL,NULL,0,'Gnat',0,NULL,NULL,NULL,1,0,0,0,0,0,0),(544,125,1,25,4,NULL,NULL,NULL,0,'Gnat',0,NULL,NULL,NULL,1,0,0,0,0,0,0),(545,90,1,25,4,NULL,NULL,NULL,0,'Glancer',1,NULL,NULL,NULL,1,0,0,0,0,0,0),(546,90,1,25,4,NULL,NULL,NULL,0,'Glancer',1,NULL,NULL,NULL,1,0,0,0,0,0,0),(547,90,1,25,4,NULL,NULL,NULL,0,'Glancer',1,NULL,NULL,NULL,1,0,0,0,0,0,0),(548,90,1,25,4,NULL,NULL,NULL,0,'Glancer',1,NULL,NULL,NULL,1,0,0,0,0,0,0),(549,90,1,25,4,NULL,NULL,NULL,0,'Glancer',1,NULL,NULL,NULL,1,0,0,0,0,0,0),(550,125,1,25,4,NULL,NULL,NULL,0,'Gnat',0,NULL,NULL,NULL,1,0,0,0,0,0,0),(551,125,1,25,4,NULL,NULL,NULL,0,'Gnat',0,NULL,NULL,NULL,1,0,0,0,0,0,0),(552,125,1,25,4,NULL,NULL,NULL,0,'Gnat',0,NULL,NULL,NULL,1,0,0,0,0,0,0),(553,125,1,25,4,NULL,NULL,NULL,0,'Gnat',0,NULL,NULL,NULL,1,0,0,0,0,0,0),(554,125,1,25,4,NULL,NULL,NULL,0,'Gnat',1,NULL,NULL,NULL,1,0,0,0,0,0,0),(555,125,1,25,4,NULL,NULL,NULL,0,'Gnat',1,NULL,NULL,NULL,1,0,0,0,0,0,0),(556,125,1,25,4,NULL,NULL,NULL,0,'Gnat',0,NULL,NULL,NULL,1,0,0,0,0,0,0),(557,125,1,25,4,NULL,NULL,NULL,0,'Gnat',0,NULL,NULL,NULL,1,0,0,0,0,0,0),(558,125,1,25,4,NULL,NULL,NULL,0,'Gnat',1,NULL,NULL,NULL,1,0,0,0,0,0,0),(559,90,1,26,4,NULL,NULL,NULL,0,'Glancer',1,NULL,NULL,NULL,1,0,0,0,0,0,0),(560,90,1,26,4,NULL,NULL,NULL,0,'Glancer',1,NULL,NULL,NULL,1,0,0,0,0,0,0),(561,125,1,26,4,NULL,NULL,NULL,0,'Gnat',0,NULL,NULL,NULL,1,0,0,0,0,0,0),(562,125,1,26,4,NULL,NULL,NULL,0,'Gnat',0,NULL,NULL,NULL,1,0,0,0,0,0,0),(563,90,1,26,4,NULL,NULL,NULL,0,'Glancer',1,NULL,NULL,NULL,1,0,0,0,0,0,0),(564,90,1,26,4,NULL,NULL,NULL,0,'Glancer',1,NULL,NULL,NULL,1,0,0,0,0,0,0),(565,90,1,26,4,NULL,NULL,NULL,0,'Glancer',1,NULL,NULL,NULL,1,0,0,0,0,0,0),(566,90,1,26,4,NULL,NULL,NULL,0,'Glancer',1,NULL,NULL,NULL,1,0,0,0,0,0,0),(567,90,1,26,4,NULL,NULL,NULL,0,'Glancer',1,NULL,NULL,NULL,1,0,0,0,0,0,0),(568,125,1,26,4,NULL,NULL,NULL,0,'Gnat',0,NULL,NULL,NULL,1,0,0,0,0,0,0),(569,125,1,26,4,NULL,NULL,NULL,0,'Gnat',0,NULL,NULL,NULL,1,0,0,0,0,0,0),(570,125,1,26,4,NULL,NULL,NULL,0,'Gnat',0,NULL,NULL,NULL,1,0,0,0,0,0,0),(571,125,1,26,4,NULL,NULL,NULL,0,'Gnat',0,NULL,NULL,NULL,1,0,0,0,0,0,0),(572,125,1,26,4,NULL,NULL,NULL,0,'Gnat',1,NULL,NULL,NULL,1,0,0,0,0,0,0),(573,125,1,26,4,NULL,NULL,NULL,0,'Gnat',1,NULL,NULL,NULL,1,0,0,0,0,0,0),(574,125,1,26,4,NULL,NULL,NULL,0,'Gnat',0,NULL,NULL,NULL,1,0,0,0,0,0,0),(575,125,1,26,4,NULL,NULL,NULL,0,'Gnat',0,NULL,NULL,NULL,1,0,0,0,0,0,0),(576,125,1,27,4,NULL,NULL,NULL,0,'Gnat',0,NULL,NULL,NULL,1,0,0,0,0,0,0),(577,125,1,27,4,NULL,NULL,NULL,0,'Gnat',0,NULL,NULL,NULL,1,0,0,0,0,0,0),(578,125,1,27,4,NULL,NULL,NULL,0,'Gnat',0,NULL,NULL,NULL,1,0,0,0,0,0,0),(579,125,1,27,4,NULL,NULL,NULL,0,'Gnat',0,NULL,NULL,NULL,1,0,0,0,0,0,0),(580,125,1,27,4,NULL,NULL,NULL,0,'Gnat',1,NULL,NULL,NULL,1,0,0,0,0,0,0),(581,125,1,27,4,NULL,NULL,NULL,0,'Gnat',1,NULL,NULL,NULL,1,0,0,0,0,0,0),(582,125,1,27,4,NULL,NULL,NULL,0,'Gnat',0,NULL,NULL,NULL,1,0,0,0,0,0,0),(583,125,1,27,4,NULL,NULL,NULL,0,'Gnat',0,NULL,NULL,NULL,1,0,0,0,0,0,0),(584,125,1,27,4,NULL,NULL,NULL,0,'Gnat',1,NULL,NULL,NULL,1,0,0,0,0,0,0),(585,125,1,28,4,NULL,NULL,NULL,0,'Gnat',0,NULL,NULL,NULL,1,0,0,0,0,0,0),(586,125,1,28,4,NULL,NULL,NULL,0,'Gnat',0,NULL,NULL,NULL,1,0,0,0,0,0,0),(587,125,1,28,4,NULL,NULL,NULL,0,'Gnat',0,NULL,NULL,NULL,1,0,0,0,0,0,0),(588,125,1,28,4,NULL,NULL,NULL,0,'Gnat',0,NULL,NULL,NULL,1,0,0,0,0,0,0),(589,125,1,28,4,NULL,NULL,NULL,0,'Gnat',1,NULL,NULL,NULL,1,0,0,0,0,0,0),(590,125,1,28,4,NULL,NULL,NULL,0,'Gnat',1,NULL,NULL,NULL,1,0,0,0,0,0,0),(591,125,1,28,4,NULL,NULL,NULL,0,'Gnat',0,NULL,NULL,NULL,1,0,0,0,0,0,0),(592,125,1,28,4,NULL,NULL,NULL,0,'Gnat',1,NULL,NULL,NULL,1,0,0,0,0,0,0),(593,125,1,29,4,NULL,NULL,NULL,0,'Gnat',0,NULL,NULL,NULL,1,0,0,0,0,0,0),(594,125,1,29,4,NULL,NULL,NULL,0,'Gnat',0,NULL,NULL,NULL,1,0,0,0,0,0,0),(595,125,1,29,4,NULL,NULL,NULL,0,'Gnat',0,NULL,NULL,NULL,1,0,0,0,0,0,0),(596,125,1,29,4,NULL,NULL,NULL,0,'Gnat',0,NULL,NULL,NULL,1,0,0,0,0,0,0),(597,125,1,29,4,NULL,NULL,NULL,0,'Gnat',1,NULL,NULL,NULL,1,0,0,0,0,0,0),(598,125,1,29,4,NULL,NULL,NULL,0,'Gnat',1,NULL,NULL,NULL,1,0,0,0,0,0,0),(599,125,1,29,4,NULL,NULL,NULL,0,'Gnat',0,NULL,NULL,NULL,1,0,0,0,0,0,0),(600,125,1,29,4,NULL,NULL,NULL,0,'Gnat',1,NULL,NULL,NULL,1,0,0,0,0,0,0),(601,26875,1,3,1,NULL,NULL,NULL,0,'Demosis',0,1,180,NULL,1,0,0,0,0,0,0),(602,4475,1,3,1,NULL,NULL,NULL,0,'Thor',1,1,180,NULL,1,0,0,0,0,0,0),(603,4475,1,3,1,NULL,NULL,NULL,0,'Thor',0,1,180,NULL,1,0,0,0,0,0,0),(604,4475,1,3,1,NULL,NULL,NULL,0,'Thor',0,1,180,NULL,1,0,0,0,0,0,0),(605,2812,1,3,1,NULL,NULL,NULL,0,'Dirac',1,1,180,NULL,1,0,0,0,0,0,0),(606,2812,1,3,1,NULL,NULL,NULL,0,'Dirac',1,1,180,NULL,1,0,0,0,0,0,0),(607,2812,1,3,1,NULL,NULL,NULL,0,'Dirac',0,1,180,NULL,1,0,0,0,0,0,0),(608,2812,1,3,1,NULL,NULL,NULL,0,'Dirac',1,1,180,NULL,1,0,0,0,0,0,0),(609,2812,1,3,1,NULL,NULL,NULL,0,'Dirac',0,1,180,NULL,1,0,0,0,0,0,0),(610,2812,1,3,1,NULL,NULL,NULL,0,'Dirac',0,1,180,NULL,1,0,0,0,0,0,0),(611,2812,1,3,1,NULL,NULL,NULL,0,'Dirac',1,1,180,NULL,1,0,0,0,0,0,0),(612,26875,1,3,1,NULL,NULL,NULL,0,'Demosis',0,3,202,NULL,1,0,0,0,0,0,0),(613,26875,1,3,1,NULL,NULL,NULL,0,'Demosis',0,3,202,NULL,1,0,0,0,0,0,0),(614,26875,1,3,1,NULL,NULL,NULL,0,'Demosis',0,3,202,NULL,1,0,0,0,0,0,0),(615,4475,1,3,1,NULL,NULL,NULL,0,'Thor',1,3,202,NULL,1,0,0,0,0,0,0),(616,4475,1,3,1,NULL,NULL,NULL,0,'Thor',0,3,202,NULL,1,0,0,0,0,0,0),(617,4475,1,3,1,NULL,NULL,NULL,0,'Thor',0,3,202,NULL,1,0,0,0,0,0,0),(618,4475,1,3,1,NULL,NULL,NULL,0,'Thor',1,3,202,NULL,1,0,0,0,0,0,0),(619,4475,1,3,1,NULL,NULL,NULL,0,'Thor',1,3,202,NULL,1,0,0,0,0,0,0),(620,4475,1,3,1,NULL,NULL,NULL,0,'Thor',0,3,202,NULL,1,0,0,0,0,0,0),(621,2812,1,3,1,NULL,NULL,NULL,0,'Dirac',1,3,202,NULL,1,0,0,0,0,0,0),(622,2812,1,3,1,NULL,NULL,NULL,0,'Dirac',0,3,202,NULL,1,0,0,0,0,0,0),(623,2812,1,3,1,NULL,NULL,NULL,0,'Dirac',1,3,202,NULL,1,0,0,0,0,0,0),(624,2812,1,3,1,NULL,NULL,NULL,0,'Dirac',0,3,202,NULL,1,0,0,0,0,0,0),(625,2812,1,3,1,NULL,NULL,NULL,0,'Dirac',0,3,202,NULL,1,0,0,0,0,0,0),(626,2812,1,3,1,NULL,NULL,NULL,0,'Dirac',0,3,202,NULL,1,0,0,0,0,0,0),(627,2812,1,3,1,NULL,NULL,NULL,0,'Dirac',0,3,202,NULL,1,0,0,0,0,0,0),(628,2812,1,3,1,NULL,NULL,NULL,0,'Dirac',0,3,202,NULL,1,0,0,0,0,0,0),(629,2812,1,3,1,NULL,NULL,NULL,0,'Dirac',1,3,202,NULL,1,0,0,0,0,0,0),(630,2812,1,3,1,NULL,NULL,NULL,0,'Dirac',1,3,202,NULL,1,0,0,0,0,0,0),(631,26875,1,3,1,NULL,NULL,NULL,0,'Demosis',0,3,90,NULL,1,0,0,0,0,0,0),(632,26875,1,3,1,NULL,NULL,NULL,0,'Demosis',0,3,90,NULL,1,0,0,0,0,0,0),(633,26875,1,3,1,NULL,NULL,NULL,0,'Demosis',0,3,90,NULL,1,0,0,0,0,0,0),(634,4475,1,3,1,NULL,NULL,NULL,0,'Thor',0,3,90,NULL,1,0,0,0,0,0,0),(635,4475,1,3,1,NULL,NULL,NULL,0,'Thor',1,3,90,NULL,1,0,0,0,0,0,0),(636,4475,1,3,1,NULL,NULL,NULL,0,'Thor',0,3,90,NULL,1,0,0,0,0,0,0),(637,4475,1,3,1,NULL,NULL,NULL,0,'Thor',0,3,90,NULL,1,0,0,0,0,0,0),(638,4475,1,3,1,NULL,NULL,NULL,0,'Thor',0,3,90,NULL,1,0,0,0,0,0,0),(639,4475,1,3,1,NULL,NULL,NULL,0,'Thor',1,3,90,NULL,1,0,0,0,0,0,0),(640,2812,1,3,1,NULL,NULL,NULL,0,'Dirac',1,3,90,NULL,1,0,0,0,0,0,0),(641,2812,1,3,1,NULL,NULL,NULL,0,'Dirac',1,3,90,NULL,1,0,0,0,0,0,0),(642,2812,1,3,1,NULL,NULL,NULL,0,'Dirac',0,3,90,NULL,1,0,0,0,0,0,0),(643,2812,1,3,1,NULL,NULL,NULL,0,'Dirac',1,3,90,NULL,1,0,0,0,0,0,0),(644,2812,1,3,1,NULL,NULL,NULL,0,'Dirac',1,3,90,NULL,1,0,0,0,0,0,0),(645,2812,1,3,1,NULL,NULL,NULL,0,'Dirac',1,3,90,NULL,1,0,0,0,0,0,0),(646,2812,1,3,1,NULL,NULL,NULL,0,'Dirac',1,3,90,NULL,1,0,0,0,0,0,0),(647,2812,1,3,1,NULL,NULL,NULL,0,'Dirac',1,3,90,NULL,1,0,0,0,0,0,0),(648,2812,1,3,1,NULL,NULL,NULL,0,'Dirac',1,3,90,NULL,1,0,0,0,0,0,0),(649,2812,1,3,1,NULL,NULL,NULL,0,'Dirac',0,3,90,NULL,1,0,0,0,0,0,0),(650,2812,1,3,1,NULL,NULL,NULL,0,'Dirac',1,3,90,NULL,1,0,0,0,0,0,0),(651,2812,1,3,1,NULL,NULL,NULL,0,'Dirac',1,3,90,NULL,1,0,0,0,0,0,0),(652,26875,1,3,1,NULL,NULL,NULL,0,'Demosis',0,2,300,NULL,1,0,0,0,0,0,0),(653,26875,1,3,1,NULL,NULL,NULL,0,'Demosis',0,2,300,NULL,1,0,0,0,0,0,0),(654,4475,1,3,1,NULL,NULL,NULL,0,'Thor',0,2,300,NULL,1,0,0,0,0,0,0),(655,4475,1,3,1,NULL,NULL,NULL,0,'Thor',1,2,300,NULL,1,0,0,0,0,0,0),(656,4475,1,3,1,NULL,NULL,NULL,0,'Thor',0,2,300,NULL,1,0,0,0,0,0,0),(657,4475,1,3,1,NULL,NULL,NULL,0,'Thor',1,2,300,NULL,1,0,0,0,0,0,0),(658,4475,1,3,1,NULL,NULL,NULL,0,'Thor',1,2,300,NULL,1,0,0,0,0,0,0),(659,4475,1,3,1,NULL,NULL,NULL,0,'Thor',1,2,300,NULL,1,0,0,0,0,0,0),(660,4475,1,3,1,NULL,NULL,NULL,0,'Thor',0,2,300,NULL,1,0,0,0,0,0,0),(661,2812,1,3,1,NULL,NULL,NULL,0,'Dirac',1,2,300,NULL,1,0,0,0,0,0,0),(662,2812,1,3,1,NULL,NULL,NULL,0,'Dirac',0,2,300,NULL,1,0,0,0,0,0,0),(663,2812,1,3,1,NULL,NULL,NULL,0,'Dirac',1,2,300,NULL,1,0,0,0,0,0,0),(664,2812,1,3,1,NULL,NULL,NULL,0,'Dirac',1,2,300,NULL,1,0,0,0,0,0,0),(665,2812,1,3,1,NULL,NULL,NULL,0,'Dirac',0,2,300,NULL,1,0,0,0,0,0,0),(666,2812,1,3,1,NULL,NULL,NULL,0,'Dirac',0,2,300,NULL,1,0,0,0,0,0,0),(667,2812,1,3,1,NULL,NULL,NULL,0,'Dirac',0,2,300,NULL,1,0,0,0,0,0,0),(668,2812,1,3,1,NULL,NULL,NULL,0,'Dirac',0,2,300,NULL,1,0,0,0,0,0,0),(669,2812,1,3,1,NULL,NULL,NULL,0,'Dirac',1,2,300,NULL,1,0,0,0,0,0,0),(670,2812,1,3,1,NULL,NULL,NULL,0,'Dirac',0,2,300,NULL,1,0,0,0,0,0,0),(671,26875,1,3,1,NULL,NULL,NULL,0,'Demosis',0,0,0,NULL,1,0,0,0,0,0,0),(672,4475,1,3,1,NULL,NULL,NULL,0,'Thor',0,0,0,NULL,1,0,0,0,0,0,0),(673,4475,1,3,1,NULL,NULL,NULL,0,'Thor',0,0,0,NULL,1,0,0,0,0,0,0),(674,4475,1,3,1,NULL,NULL,NULL,0,'Thor',0,0,0,NULL,1,0,0,0,0,0,0),(675,2812,1,3,1,NULL,NULL,NULL,0,'Dirac',0,0,0,NULL,1,0,0,0,0,0,0),(676,2812,1,3,1,NULL,NULL,NULL,0,'Dirac',0,0,0,NULL,1,0,0,0,0,0,0),(677,2812,1,3,1,NULL,NULL,NULL,0,'Dirac',1,0,0,NULL,1,0,0,0,0,0,0),(678,2812,1,3,1,NULL,NULL,NULL,0,'Dirac',1,0,0,NULL,1,0,0,0,0,0,0),(679,2812,1,3,1,NULL,NULL,NULL,0,'Dirac',0,0,0,NULL,1,0,0,0,0,0,0),(680,2812,1,3,1,NULL,NULL,NULL,0,'Dirac',1,0,0,NULL,1,0,0,0,0,0,0),(681,2812,1,3,1,NULL,NULL,NULL,0,'Dirac',0,0,0,NULL,1,0,0,0,0,0,0),(682,2812,1,3,1,NULL,NULL,NULL,0,'Dirac',1,0,0,NULL,1,0,0,0,0,0,0),(683,2812,1,3,1,NULL,NULL,NULL,0,'Dirac',0,0,0,NULL,1,0,0,0,0,0,0),(684,2812,1,3,1,NULL,NULL,NULL,0,'Dirac',0,0,0,NULL,1,0,0,0,0,0,0),(685,2812,1,3,1,NULL,NULL,NULL,0,'Dirac',1,0,0,NULL,1,0,0,0,0,0,0),(686,2812,1,3,1,NULL,NULL,NULL,0,'Dirac',1,0,0,NULL,1,0,0,0,0,0,0),(687,2812,1,3,1,NULL,NULL,NULL,0,'Dirac',1,0,0,NULL,1,0,0,0,0,0,0),(688,2812,1,3,1,NULL,NULL,NULL,0,'Dirac',0,0,0,NULL,1,0,0,0,0,0,0),(689,2812,1,3,1,NULL,NULL,NULL,0,'Dirac',1,0,0,NULL,1,0,0,0,0,0,0),(690,26875,1,6,1,NULL,NULL,NULL,0,'Demosis',0,1,45,NULL,1,0,0,0,0,0,0),(691,4475,1,6,1,NULL,NULL,NULL,0,'Thor',1,1,45,NULL,1,0,0,0,0,0,0),(692,4475,1,6,1,NULL,NULL,NULL,0,'Thor',0,1,45,NULL,1,0,0,0,0,0,0),(693,4475,1,6,1,NULL,NULL,NULL,0,'Thor',0,1,45,NULL,1,0,0,0,0,0,0),(694,4475,1,6,1,NULL,NULL,NULL,0,'Thor',1,1,45,NULL,1,0,0,0,0,0,0),(695,4475,1,6,1,NULL,NULL,NULL,0,'Thor',1,1,45,NULL,1,0,0,0,0,0,0),(696,4475,1,6,1,NULL,NULL,NULL,0,'Thor',1,1,45,NULL,1,0,0,0,0,0,0),(697,2812,1,6,1,NULL,NULL,NULL,0,'Dirac',0,1,45,NULL,1,0,0,0,0,0,0),(698,2812,1,6,1,NULL,NULL,NULL,0,'Dirac',1,1,45,NULL,1,0,0,0,0,0,0),(699,2812,1,6,1,NULL,NULL,NULL,0,'Dirac',0,1,45,NULL,1,0,0,0,0,0,0),(700,2812,1,6,1,NULL,NULL,NULL,0,'Dirac',0,1,45,NULL,1,0,0,0,0,0,0),(701,2812,1,6,1,NULL,NULL,NULL,0,'Dirac',1,1,45,NULL,1,0,0,0,0,0,0),(702,2812,1,6,1,NULL,NULL,NULL,0,'Dirac',0,1,45,NULL,1,0,0,0,0,0,0),(703,2812,1,6,1,NULL,NULL,NULL,0,'Dirac',1,1,45,NULL,1,0,0,0,0,0,0),(704,2812,1,6,1,NULL,NULL,NULL,0,'Dirac',0,1,45,NULL,1,0,0,0,0,0,0),(705,2812,1,6,1,NULL,NULL,NULL,0,'Dirac',0,1,45,NULL,1,0,0,0,0,0,0),(706,4475,1,6,1,NULL,NULL,NULL,0,'Thor',1,2,90,NULL,1,0,0,0,0,0,0),(707,4475,1,6,1,NULL,NULL,NULL,0,'Thor',1,2,90,NULL,1,0,0,0,0,0,0),(708,4475,1,6,1,NULL,NULL,NULL,0,'Thor',0,2,90,NULL,1,0,0,0,0,0,0),(709,4475,1,6,1,NULL,NULL,NULL,0,'Thor',1,2,90,NULL,1,0,0,0,0,0,0),(710,4475,1,6,1,NULL,NULL,NULL,0,'Thor',0,2,90,NULL,1,0,0,0,0,0,0),(711,4475,1,6,1,NULL,NULL,NULL,0,'Thor',0,2,90,NULL,1,0,0,0,0,0,0),(712,4475,1,6,1,NULL,NULL,NULL,0,'Thor',0,2,90,NULL,1,0,0,0,0,0,0),(713,4475,1,6,1,NULL,NULL,NULL,0,'Thor',0,2,90,NULL,1,0,0,0,0,0,0),(714,2812,1,6,1,NULL,NULL,NULL,0,'Dirac',0,2,90,NULL,1,0,0,0,0,0,0),(715,2812,1,6,1,NULL,NULL,NULL,0,'Dirac',1,2,90,NULL,1,0,0,0,0,0,0),(716,2812,1,6,1,NULL,NULL,NULL,0,'Dirac',0,2,90,NULL,1,0,0,0,0,0,0),(717,2812,1,6,1,NULL,NULL,NULL,0,'Dirac',1,2,90,NULL,1,0,0,0,0,0,0),(718,2812,1,6,1,NULL,NULL,NULL,0,'Dirac',1,2,90,NULL,1,0,0,0,0,0,0),(719,2812,1,6,1,NULL,NULL,NULL,0,'Dirac',1,2,90,NULL,1,0,0,0,0,0,0),(720,4475,1,6,1,NULL,NULL,NULL,0,'Thor',0,1,225,NULL,1,0,0,0,0,0,0),(721,4475,1,6,1,NULL,NULL,NULL,0,'Thor',1,1,225,NULL,1,0,0,0,0,0,0),(722,4475,1,6,1,NULL,NULL,NULL,0,'Thor',0,1,225,NULL,1,0,0,0,0,0,0),(723,4475,1,6,1,NULL,NULL,NULL,0,'Thor',1,1,225,NULL,1,0,0,0,0,0,0),(724,4475,1,6,1,NULL,NULL,NULL,0,'Thor',0,1,225,NULL,1,0,0,0,0,0,0),(725,4475,1,6,1,NULL,NULL,NULL,0,'Thor',1,1,225,NULL,1,0,0,0,0,0,0),(726,2812,1,6,1,NULL,NULL,NULL,0,'Dirac',0,1,225,NULL,1,0,0,0,0,0,0),(727,2812,1,6,1,NULL,NULL,NULL,0,'Dirac',0,1,225,NULL,1,0,0,0,0,0,0),(728,2812,1,6,1,NULL,NULL,NULL,0,'Dirac',0,1,225,NULL,1,0,0,0,0,0,0),(729,2812,1,6,1,NULL,NULL,NULL,0,'Dirac',1,1,225,NULL,1,0,0,0,0,0,0),(730,2812,1,6,1,NULL,NULL,NULL,0,'Dirac',1,1,225,NULL,1,0,0,0,0,0,0),(731,2812,1,6,1,NULL,NULL,NULL,0,'Dirac',0,1,225,NULL,1,0,0,0,0,0,0),(732,26875,1,6,1,NULL,NULL,NULL,0,'Demosis',0,3,246,NULL,1,0,0,0,0,0,0),(733,26875,1,6,1,NULL,NULL,NULL,0,'Demosis',0,3,246,NULL,1,0,0,0,0,0,0),(734,26875,1,6,1,NULL,NULL,NULL,0,'Demosis',0,3,246,NULL,1,0,0,0,0,0,0),(735,26875,1,6,1,NULL,NULL,NULL,0,'Demosis',0,3,246,NULL,1,0,0,0,0,0,0),(736,4475,1,6,1,NULL,NULL,NULL,0,'Thor',0,3,246,NULL,1,0,0,0,0,0,0),(737,4475,1,6,1,NULL,NULL,NULL,0,'Thor',1,3,246,NULL,1,0,0,0,0,0,0),(738,4475,1,6,1,NULL,NULL,NULL,0,'Thor',1,3,246,NULL,1,0,0,0,0,0,0),(739,4475,1,6,1,NULL,NULL,NULL,0,'Thor',0,3,246,NULL,1,0,0,0,0,0,0),(740,4475,1,6,1,NULL,NULL,NULL,0,'Thor',0,3,246,NULL,1,0,0,0,0,0,0),(741,4475,1,6,1,NULL,NULL,NULL,0,'Thor',0,3,246,NULL,1,0,0,0,0,0,0),(742,4475,1,6,1,NULL,NULL,NULL,0,'Thor',1,3,246,NULL,1,0,0,0,0,0,0),(743,4475,1,6,1,NULL,NULL,NULL,0,'Thor',0,3,246,NULL,1,0,0,0,0,0,0),(744,4475,1,6,1,NULL,NULL,NULL,0,'Thor',1,3,246,NULL,1,0,0,0,0,0,0),(745,4475,1,6,1,NULL,NULL,NULL,0,'Thor',0,3,246,NULL,1,0,0,0,0,0,0),(746,4475,1,6,1,NULL,NULL,NULL,0,'Thor',1,3,246,NULL,1,0,0,0,0,0,0),(747,4475,1,6,1,NULL,NULL,NULL,0,'Thor',0,3,246,NULL,1,0,0,0,0,0,0),(748,2812,1,6,1,NULL,NULL,NULL,0,'Dirac',0,3,246,NULL,1,0,0,0,0,0,0),(749,2812,1,6,1,NULL,NULL,NULL,0,'Dirac',0,3,246,NULL,1,0,0,0,0,0,0),(750,2812,1,6,1,NULL,NULL,NULL,0,'Dirac',0,3,246,NULL,1,0,0,0,0,0,0),(751,2812,1,6,1,NULL,NULL,NULL,0,'Dirac',1,3,246,NULL,1,0,0,0,0,0,0),(752,2812,1,6,1,NULL,NULL,NULL,0,'Dirac',0,3,246,NULL,1,0,0,0,0,0,0),(753,2812,1,6,1,NULL,NULL,NULL,0,'Dirac',0,3,246,NULL,1,0,0,0,0,0,0),(754,2812,1,6,1,NULL,NULL,NULL,0,'Dirac',1,3,246,NULL,1,0,0,0,0,0,0),(755,2812,1,6,1,NULL,NULL,NULL,0,'Dirac',0,3,246,NULL,1,0,0,0,0,0,0),(756,2812,1,6,1,NULL,NULL,NULL,0,'Dirac',0,3,246,NULL,1,0,0,0,0,0,0),(757,2812,1,6,1,NULL,NULL,NULL,0,'Dirac',1,3,246,NULL,1,0,0,0,0,0,0),(758,2812,1,6,1,NULL,NULL,NULL,0,'Dirac',1,3,246,NULL,1,0,0,0,0,0,0),(759,2812,1,6,1,NULL,NULL,NULL,0,'Dirac',0,3,246,NULL,1,0,0,0,0,0,0),(760,2812,1,6,1,NULL,NULL,NULL,0,'Dirac',0,3,246,NULL,1,0,0,0,0,0,0),(761,2812,1,6,1,NULL,NULL,NULL,0,'Dirac',1,3,246,NULL,1,0,0,0,0,0,0),(762,2812,1,6,1,NULL,NULL,NULL,0,'Dirac',0,3,246,NULL,1,0,0,0,0,0,0),(763,2812,1,6,1,NULL,NULL,NULL,0,'Dirac',1,3,246,NULL,1,0,0,0,0,0,0),(764,26875,1,6,1,NULL,NULL,NULL,0,'Demosis',0,3,292,NULL,1,0,0,0,0,0,0),(765,26875,1,6,1,NULL,NULL,NULL,0,'Demosis',0,3,292,NULL,1,0,0,0,0,0,0),(766,26875,1,6,1,NULL,NULL,NULL,0,'Demosis',0,3,292,NULL,1,0,0,0,0,0,0),(767,4475,1,6,1,NULL,NULL,NULL,0,'Thor',1,3,292,NULL,1,0,0,0,0,0,0),(768,4475,1,6,1,NULL,NULL,NULL,0,'Thor',0,3,292,NULL,1,0,0,0,0,0,0),(769,4475,1,6,1,NULL,NULL,NULL,0,'Thor',0,3,292,NULL,1,0,0,0,0,0,0),(770,4475,1,6,1,NULL,NULL,NULL,0,'Thor',0,3,292,NULL,1,0,0,0,0,0,0),(771,4475,1,6,1,NULL,NULL,NULL,0,'Thor',1,3,292,NULL,1,0,0,0,0,0,0),(772,4475,1,6,1,NULL,NULL,NULL,0,'Thor',1,3,292,NULL,1,0,0,0,0,0,0),(773,4475,1,6,1,NULL,NULL,NULL,0,'Thor',0,3,292,NULL,1,0,0,0,0,0,0),(774,4475,1,6,1,NULL,NULL,NULL,0,'Thor',0,3,292,NULL,1,0,0,0,0,0,0),(775,4475,1,6,1,NULL,NULL,NULL,0,'Thor',1,3,292,NULL,1,0,0,0,0,0,0),(776,4475,1,6,1,NULL,NULL,NULL,0,'Thor',0,3,292,NULL,1,0,0,0,0,0,0),(777,4475,1,6,1,NULL,NULL,NULL,0,'Thor',0,3,292,NULL,1,0,0,0,0,0,0),(778,4475,1,6,1,NULL,NULL,NULL,0,'Thor',1,3,292,NULL,1,0,0,0,0,0,0),(779,4475,1,6,1,NULL,NULL,NULL,0,'Thor',1,3,292,NULL,1,0,0,0,0,0,0),(780,2812,1,6,1,NULL,NULL,NULL,0,'Dirac',0,3,292,NULL,1,0,0,0,0,0,0),(781,2812,1,6,1,NULL,NULL,NULL,0,'Dirac',1,3,292,NULL,1,0,0,0,0,0,0),(782,2812,1,6,1,NULL,NULL,NULL,0,'Dirac',0,3,292,NULL,1,0,0,0,0,0,0),(783,2812,1,6,1,NULL,NULL,NULL,0,'Dirac',0,3,292,NULL,1,0,0,0,0,0,0),(784,2812,1,6,1,NULL,NULL,NULL,0,'Dirac',1,3,292,NULL,1,0,0,0,0,0,0),(785,2812,1,6,1,NULL,NULL,NULL,0,'Dirac',0,3,292,NULL,1,0,0,0,0,0,0),(786,2812,1,6,1,NULL,NULL,NULL,0,'Dirac',0,3,292,NULL,1,0,0,0,0,0,0),(787,2812,1,6,1,NULL,NULL,NULL,0,'Dirac',0,3,292,NULL,1,0,0,0,0,0,0),(788,2812,1,6,1,NULL,NULL,NULL,0,'Dirac',0,3,292,NULL,1,0,0,0,0,0,0),(789,2812,1,6,1,NULL,NULL,NULL,0,'Dirac',0,3,292,NULL,1,0,0,0,0,0,0),(790,2812,1,6,1,NULL,NULL,NULL,0,'Dirac',0,3,292,NULL,1,0,0,0,0,0,0),(791,26875,1,6,1,NULL,NULL,NULL,0,'Demosis',0,3,224,NULL,1,0,0,0,0,0,0),(792,26875,1,6,1,NULL,NULL,NULL,0,'Demosis',0,3,224,NULL,1,0,0,0,0,0,0),(793,4475,1,6,1,NULL,NULL,NULL,0,'Thor',1,3,224,NULL,1,0,0,0,0,0,0),(794,4475,1,6,1,NULL,NULL,NULL,0,'Thor',1,3,224,NULL,1,0,0,0,0,0,0),(795,4475,1,6,1,NULL,NULL,NULL,0,'Thor',1,3,224,NULL,1,0,0,0,0,0,0),(796,4475,1,6,1,NULL,NULL,NULL,0,'Thor',0,3,224,NULL,1,0,0,0,0,0,0),(797,4475,1,6,1,NULL,NULL,NULL,0,'Thor',0,3,224,NULL,1,0,0,0,0,0,0),(798,4475,1,6,1,NULL,NULL,NULL,0,'Thor',0,3,224,NULL,1,0,0,0,0,0,0),(799,4475,1,6,1,NULL,NULL,NULL,0,'Thor',1,3,224,NULL,1,0,0,0,0,0,0),(800,4475,1,6,1,NULL,NULL,NULL,0,'Thor',0,3,224,NULL,1,0,0,0,0,0,0),(801,4475,1,6,1,NULL,NULL,NULL,0,'Thor',1,3,224,NULL,1,0,0,0,0,0,0),(802,4475,1,6,1,NULL,NULL,NULL,0,'Thor',0,3,224,NULL,1,0,0,0,0,0,0),(803,4475,1,6,1,NULL,NULL,NULL,0,'Thor',0,3,224,NULL,1,0,0,0,0,0,0),(804,4475,1,6,1,NULL,NULL,NULL,0,'Thor',0,3,224,NULL,1,0,0,0,0,0,0),(805,2812,1,6,1,NULL,NULL,NULL,0,'Dirac',0,3,224,NULL,1,0,0,0,0,0,0),(806,2812,1,6,1,NULL,NULL,NULL,0,'Dirac',0,3,224,NULL,1,0,0,0,0,0,0),(807,2812,1,6,1,NULL,NULL,NULL,0,'Dirac',1,3,224,NULL,1,0,0,0,0,0,0),(808,2812,1,6,1,NULL,NULL,NULL,0,'Dirac',1,3,224,NULL,1,0,0,0,0,0,0),(809,2812,1,6,1,NULL,NULL,NULL,0,'Dirac',0,3,224,NULL,1,0,0,0,0,0,0),(810,2812,1,6,1,NULL,NULL,NULL,0,'Dirac',1,3,224,NULL,1,0,0,0,0,0,0),(811,2812,1,6,1,NULL,NULL,NULL,0,'Dirac',1,3,224,NULL,1,0,0,0,0,0,0),(812,2812,1,6,1,NULL,NULL,NULL,0,'Dirac',1,3,224,NULL,1,0,0,0,0,0,0),(813,2812,1,6,1,NULL,NULL,NULL,0,'Dirac',0,3,224,NULL,1,0,0,0,0,0,0),(814,2812,1,6,1,NULL,NULL,NULL,0,'Dirac',0,3,224,NULL,1,0,0,0,0,0,0),(815,2812,1,6,1,NULL,NULL,NULL,0,'Dirac',1,3,224,NULL,1,0,0,0,0,0,0),(816,26875,1,6,1,NULL,NULL,NULL,0,'Demosis',0,1,270,NULL,1,0,0,0,0,0,0),(817,26875,1,6,1,NULL,NULL,NULL,0,'Demosis',0,1,270,NULL,1,0,0,0,0,0,0),(818,26875,1,6,1,NULL,NULL,NULL,0,'Demosis',0,1,270,NULL,1,0,0,0,0,0,0),(819,4475,1,6,1,NULL,NULL,NULL,0,'Thor',0,1,270,NULL,1,0,0,0,0,0,0),(820,4475,1,6,1,NULL,NULL,NULL,0,'Thor',1,1,270,NULL,1,0,0,0,0,0,0),(821,4475,1,6,1,NULL,NULL,NULL,0,'Thor',0,1,270,NULL,1,0,0,0,0,0,0),(822,4475,1,6,1,NULL,NULL,NULL,0,'Thor',0,1,270,NULL,1,0,0,0,0,0,0),(823,4475,1,6,1,NULL,NULL,NULL,0,'Thor',0,1,270,NULL,1,0,0,0,0,0,0),(824,4475,1,6,1,NULL,NULL,NULL,0,'Thor',1,1,270,NULL,1,0,0,0,0,0,0),(825,4475,1,6,1,NULL,NULL,NULL,0,'Thor',1,1,270,NULL,1,0,0,0,0,0,0),(826,4475,1,6,1,NULL,NULL,NULL,0,'Thor',1,1,270,NULL,1,0,0,0,0,0,0),(827,2812,1,6,1,NULL,NULL,NULL,0,'Dirac',1,1,270,NULL,1,0,0,0,0,0,0),(828,2812,1,6,1,NULL,NULL,NULL,0,'Dirac',0,1,270,NULL,1,0,0,0,0,0,0),(829,2812,1,6,1,NULL,NULL,NULL,0,'Dirac',1,1,270,NULL,1,0,0,0,0,0,0),(830,2812,1,6,1,NULL,NULL,NULL,0,'Dirac',1,1,270,NULL,1,0,0,0,0,0,0),(831,2812,1,6,1,NULL,NULL,NULL,0,'Dirac',0,1,270,NULL,1,0,0,0,0,0,0),(832,2812,1,6,1,NULL,NULL,NULL,0,'Dirac',0,1,270,NULL,1,0,0,0,0,0,0),(833,2812,1,6,1,NULL,NULL,NULL,0,'Dirac',0,1,270,NULL,1,0,0,0,0,0,0),(834,2812,1,6,1,NULL,NULL,NULL,0,'Dirac',1,1,270,NULL,1,0,0,0,0,0,0),(835,2812,1,6,1,NULL,NULL,NULL,0,'Dirac',0,1,270,NULL,1,0,0,0,0,0,0),(836,2812,1,6,1,NULL,NULL,NULL,0,'Dirac',0,1,270,NULL,1,0,0,0,0,0,0),(837,90,1,30,4,NULL,NULL,NULL,0,'Glancer',1,NULL,NULL,NULL,1,0,0,0,0,0,0),(838,90,1,30,4,NULL,NULL,NULL,0,'Glancer',1,NULL,NULL,NULL,1,0,0,0,0,0,0),(839,90,1,30,4,NULL,NULL,NULL,0,'Glancer',1,NULL,NULL,NULL,1,0,0,0,0,0,0),(840,90,1,30,4,NULL,NULL,NULL,0,'Glancer',1,NULL,NULL,NULL,1,0,0,0,0,0,0),(841,90,1,30,4,NULL,NULL,NULL,0,'Glancer',1,NULL,NULL,NULL,1,0,0,0,0,0,0),(842,125,1,30,4,NULL,NULL,NULL,0,'Gnat',0,NULL,NULL,NULL,1,0,0,0,0,0,0),(843,125,1,30,4,NULL,NULL,NULL,0,'Gnat',0,NULL,NULL,NULL,1,0,0,0,0,0,0),(844,125,1,30,4,NULL,NULL,NULL,0,'Gnat',0,NULL,NULL,NULL,1,0,0,0,0,0,0),(845,125,1,30,4,NULL,NULL,NULL,0,'Gnat',0,NULL,NULL,NULL,1,0,0,0,0,0,0),(846,125,1,30,4,NULL,NULL,NULL,0,'Gnat',1,NULL,NULL,NULL,1,0,0,0,0,0,0),(847,125,1,30,4,NULL,NULL,NULL,0,'Gnat',1,NULL,NULL,NULL,1,0,0,0,0,0,0),(848,125,1,30,4,NULL,NULL,NULL,0,'Gnat',0,NULL,NULL,NULL,1,0,0,0,0,0,0),(849,125,1,30,4,NULL,NULL,NULL,0,'Gnat',1,NULL,NULL,NULL,1,0,0,0,0,0,0),(850,125,1,30,4,NULL,NULL,NULL,0,'Gnat',1,NULL,NULL,NULL,1,0,0,0,0,0,0),(851,125,1,30,4,NULL,NULL,NULL,0,'Gnat',1,NULL,NULL,NULL,1,0,0,0,0,0,0),(852,90,1,31,4,NULL,NULL,NULL,0,'Glancer',1,NULL,NULL,NULL,1,0,0,0,0,0,0),(853,90,1,31,4,NULL,NULL,NULL,0,'Glancer',1,NULL,NULL,NULL,1,0,0,0,0,0,0),(854,90,1,31,4,NULL,NULL,NULL,0,'Glancer',1,NULL,NULL,NULL,1,0,0,0,0,0,0),(855,90,1,31,4,NULL,NULL,NULL,0,'Glancer',1,NULL,NULL,NULL,1,0,0,0,0,0,0),(856,90,1,31,4,NULL,NULL,NULL,0,'Glancer',1,NULL,NULL,NULL,1,0,0,0,0,0,0),(857,125,1,31,4,NULL,NULL,NULL,0,'Gnat',0,NULL,NULL,NULL,1,0,0,0,0,0,0),(858,125,1,31,4,NULL,NULL,NULL,0,'Gnat',0,NULL,NULL,NULL,1,0,0,0,0,0,0),(859,125,1,31,4,NULL,NULL,NULL,0,'Gnat',0,NULL,NULL,NULL,1,0,0,0,0,0,0),(860,125,1,31,4,NULL,NULL,NULL,0,'Gnat',0,NULL,NULL,NULL,1,0,0,0,0,0,0),(861,125,1,31,4,NULL,NULL,NULL,0,'Gnat',1,NULL,NULL,NULL,1,0,0,0,0,0,0),(862,125,1,31,4,NULL,NULL,NULL,0,'Gnat',1,NULL,NULL,NULL,1,0,0,0,0,0,0),(863,125,1,31,4,NULL,NULL,NULL,0,'Gnat',0,NULL,NULL,NULL,1,0,0,0,0,0,0),(864,125,1,31,4,NULL,NULL,NULL,0,'Gnat',0,NULL,NULL,NULL,1,0,0,0,0,0,0),(865,900,1,32,4,NULL,NULL,NULL,0,'Gnawer',0,NULL,NULL,NULL,1,0,0,0,0,0,0),(866,900,1,32,4,NULL,NULL,NULL,0,'Gnawer',0,NULL,NULL,NULL,1,0,0,0,0,0,0),(867,500,1,32,4,NULL,NULL,NULL,0,'Spudder',0,NULL,NULL,NULL,1,0,0,0,0,0,0),(868,500,1,32,4,NULL,NULL,NULL,0,'Spudder',1,NULL,NULL,NULL,1,0,0,0,0,0,0),(869,500,1,32,4,NULL,NULL,NULL,0,'Spudder',0,NULL,NULL,NULL,1,0,0,0,0,0,0),(870,500,1,32,4,NULL,NULL,NULL,0,'Spudder',1,NULL,NULL,NULL,1,0,0,0,0,0,0),(871,500,1,32,4,NULL,NULL,NULL,0,'Spudder',0,NULL,NULL,NULL,1,0,0,0,0,0,0),(872,90,1,32,4,NULL,NULL,NULL,0,'Glancer',1,NULL,NULL,NULL,1,0,0,0,0,0,0),(873,90,1,32,4,NULL,NULL,NULL,0,'Glancer',1,NULL,NULL,NULL,1,0,0,0,0,0,0),(874,125,1,32,4,NULL,NULL,NULL,0,'Gnat',0,NULL,NULL,NULL,1,0,0,0,0,0,0),(875,125,1,32,4,NULL,NULL,NULL,0,'Gnat',0,NULL,NULL,NULL,1,0,0,0,0,0,0),(876,125,1,32,4,NULL,NULL,NULL,0,'Gnat',1,NULL,NULL,NULL,1,0,0,0,0,0,0),(877,90,1,32,4,NULL,NULL,NULL,0,'Glancer',1,NULL,NULL,NULL,1,0,0,0,0,0,0),(878,90,1,32,4,NULL,NULL,NULL,0,'Glancer',1,NULL,NULL,NULL,1,0,0,0,0,0,0),(879,90,1,32,4,NULL,NULL,NULL,0,'Glancer',1,NULL,NULL,NULL,1,0,0,0,0,0,0),(880,90,1,32,4,NULL,NULL,NULL,0,'Glancer',1,NULL,NULL,NULL,1,0,0,0,0,0,0),(881,90,1,32,4,NULL,NULL,NULL,0,'Glancer',1,NULL,NULL,NULL,1,0,0,0,0,0,0),(882,90,1,32,4,NULL,NULL,NULL,0,'Glancer',1,NULL,NULL,NULL,1,0,0,0,0,0,0),(883,90,1,32,4,NULL,NULL,NULL,0,'Glancer',1,NULL,NULL,NULL,1,0,0,0,0,0,0),(884,125,1,32,4,NULL,NULL,NULL,0,'Gnat',0,NULL,NULL,NULL,1,0,0,0,0,0,0),(885,125,1,32,4,NULL,NULL,NULL,0,'Gnat',0,NULL,NULL,NULL,1,0,0,0,0,0,0),(886,125,1,32,4,NULL,NULL,NULL,0,'Gnat',0,NULL,NULL,NULL,1,0,0,0,0,0,0),(887,125,1,32,4,NULL,NULL,NULL,0,'Gnat',0,NULL,NULL,NULL,1,0,0,0,0,0,0),(888,125,1,32,4,NULL,NULL,NULL,0,'Gnat',1,NULL,NULL,NULL,1,0,0,0,0,0,0),(889,125,1,32,4,NULL,NULL,NULL,0,'Gnat',1,NULL,NULL,NULL,1,0,0,0,0,0,0),(890,125,1,32,4,NULL,NULL,NULL,0,'Gnat',1,NULL,NULL,NULL,1,0,0,0,0,0,0),(891,125,1,32,4,NULL,NULL,NULL,0,'Gnat',1,NULL,NULL,NULL,1,0,0,0,0,0,0),(892,125,1,32,4,NULL,NULL,NULL,0,'Gnat',1,NULL,NULL,NULL,1,0,0,0,0,0,0),(893,500,1,33,4,NULL,NULL,NULL,0,'Spudder',1,NULL,NULL,NULL,1,0,0,0,0,0,0),(894,500,1,33,4,NULL,NULL,NULL,0,'Spudder',0,NULL,NULL,NULL,1,0,0,0,0,0,0),(895,90,1,33,4,NULL,NULL,NULL,0,'Glancer',1,NULL,NULL,NULL,1,0,0,0,0,0,0),(896,90,1,33,4,NULL,NULL,NULL,0,'Glancer',1,NULL,NULL,NULL,1,0,0,0,0,0,0),(897,125,1,33,4,NULL,NULL,NULL,0,'Gnat',0,NULL,NULL,NULL,1,0,0,0,0,0,0),(898,125,1,33,4,NULL,NULL,NULL,0,'Gnat',0,NULL,NULL,NULL,1,0,0,0,0,0,0),(899,90,1,33,4,NULL,NULL,NULL,0,'Glancer',1,NULL,NULL,NULL,1,0,0,0,0,0,0),(900,90,1,33,4,NULL,NULL,NULL,0,'Glancer',1,NULL,NULL,NULL,1,0,0,0,0,0,0),(901,90,1,33,4,NULL,NULL,NULL,0,'Glancer',1,NULL,NULL,NULL,1,0,0,0,0,0,0),(902,90,1,33,4,NULL,NULL,NULL,0,'Glancer',1,NULL,NULL,NULL,1,0,0,0,0,0,0),(903,90,1,33,4,NULL,NULL,NULL,0,'Glancer',1,NULL,NULL,NULL,1,0,0,0,0,0,0),(904,90,1,33,4,NULL,NULL,NULL,0,'Glancer',1,NULL,NULL,NULL,1,0,0,0,0,0,0),(905,125,1,33,4,NULL,NULL,NULL,0,'Gnat',0,NULL,NULL,NULL,1,0,0,0,0,0,0),(906,125,1,33,4,NULL,NULL,NULL,0,'Gnat',0,NULL,NULL,NULL,1,0,0,0,0,0,0),(907,125,1,33,4,NULL,NULL,NULL,0,'Gnat',0,NULL,NULL,NULL,1,0,0,0,0,0,0),(908,125,1,33,4,NULL,NULL,NULL,0,'Gnat',0,NULL,NULL,NULL,1,0,0,0,0,0,0),(909,125,1,33,4,NULL,NULL,NULL,0,'Gnat',1,NULL,NULL,NULL,1,0,0,0,0,0,0),(910,125,1,33,4,NULL,NULL,NULL,0,'Gnat',1,NULL,NULL,NULL,1,0,0,0,0,0,0),(911,125,1,33,4,NULL,NULL,NULL,0,'Gnat',0,NULL,NULL,NULL,1,0,0,0,0,0,0),(912,500,1,34,4,NULL,NULL,NULL,0,'Spudder',0,NULL,NULL,NULL,1,0,0,0,0,0,0),(913,500,1,34,4,NULL,NULL,NULL,0,'Spudder',0,NULL,NULL,NULL,1,0,0,0,0,0,0),(914,90,1,34,4,NULL,NULL,NULL,0,'Glancer',1,NULL,NULL,NULL,1,0,0,0,0,0,0),(915,90,1,34,4,NULL,NULL,NULL,0,'Glancer',1,NULL,NULL,NULL,1,0,0,0,0,0,0),(916,125,1,34,4,NULL,NULL,NULL,0,'Gnat',0,NULL,NULL,NULL,1,0,0,0,0,0,0),(917,125,1,34,4,NULL,NULL,NULL,0,'Gnat',0,NULL,NULL,NULL,1,0,0,0,0,0,0),(918,90,1,34,4,NULL,NULL,NULL,0,'Glancer',1,NULL,NULL,NULL,1,0,0,0,0,0,0),(919,90,1,34,4,NULL,NULL,NULL,0,'Glancer',1,NULL,NULL,NULL,1,0,0,0,0,0,0),(920,90,1,34,4,NULL,NULL,NULL,0,'Glancer',1,NULL,NULL,NULL,1,0,0,0,0,0,0),(921,90,1,34,4,NULL,NULL,NULL,0,'Glancer',1,NULL,NULL,NULL,1,0,0,0,0,0,0),(922,90,1,34,4,NULL,NULL,NULL,0,'Glancer',1,NULL,NULL,NULL,1,0,0,0,0,0,0),(923,90,1,34,4,NULL,NULL,NULL,0,'Glancer',1,NULL,NULL,NULL,1,0,0,0,0,0,0),(924,125,1,34,4,NULL,NULL,NULL,0,'Gnat',0,NULL,NULL,NULL,1,0,0,0,0,0,0),(925,125,1,34,4,NULL,NULL,NULL,0,'Gnat',0,NULL,NULL,NULL,1,0,0,0,0,0,0),(926,125,1,34,4,NULL,NULL,NULL,0,'Gnat',0,NULL,NULL,NULL,1,0,0,0,0,0,0),(927,125,1,34,4,NULL,NULL,NULL,0,'Gnat',0,NULL,NULL,NULL,1,0,0,0,0,0,0),(928,125,1,34,4,NULL,NULL,NULL,0,'Gnat',1,NULL,NULL,NULL,1,0,0,0,0,0,0),(929,125,1,34,4,NULL,NULL,NULL,0,'Gnat',1,NULL,NULL,NULL,1,0,0,0,0,0,0),(930,125,1,34,4,NULL,NULL,NULL,0,'Gnat',0,NULL,NULL,NULL,1,0,0,0,0,0,0),(931,500,1,35,4,NULL,NULL,NULL,0,'Spudder',0,NULL,NULL,NULL,1,0,0,0,0,0,0),(932,90,1,35,4,NULL,NULL,NULL,0,'Glancer',1,NULL,NULL,NULL,1,0,0,0,0,0,0),(933,90,1,35,4,NULL,NULL,NULL,0,'Glancer',1,NULL,NULL,NULL,1,0,0,0,0,0,0),(934,125,1,35,4,NULL,NULL,NULL,0,'Gnat',0,NULL,NULL,NULL,1,0,0,0,0,0,0),(935,125,1,35,4,NULL,NULL,NULL,0,'Gnat',0,NULL,NULL,NULL,1,0,0,0,0,0,0),(936,125,1,35,4,NULL,NULL,NULL,0,'Gnat',0,NULL,NULL,NULL,1,0,0,0,0,0,0),(937,90,1,35,4,NULL,NULL,NULL,0,'Glancer',1,NULL,NULL,NULL,1,0,0,0,0,0,0),(938,90,1,35,4,NULL,NULL,NULL,0,'Glancer',1,NULL,NULL,NULL,1,0,0,0,0,0,0),(939,90,1,35,4,NULL,NULL,NULL,0,'Glancer',1,NULL,NULL,NULL,1,0,0,0,0,0,0),(940,90,1,35,4,NULL,NULL,NULL,0,'Glancer',1,NULL,NULL,NULL,1,0,0,0,0,0,0),(941,90,1,35,4,NULL,NULL,NULL,0,'Glancer',1,NULL,NULL,NULL,1,0,0,0,0,0,0),(942,125,1,35,4,NULL,NULL,NULL,0,'Gnat',0,NULL,NULL,NULL,1,0,0,0,0,0,0),(943,125,1,35,4,NULL,NULL,NULL,0,'Gnat',0,NULL,NULL,NULL,1,0,0,0,0,0,0),(944,125,1,35,4,NULL,NULL,NULL,0,'Gnat',0,NULL,NULL,NULL,1,0,0,0,0,0,0),(945,125,1,35,4,NULL,NULL,NULL,0,'Gnat',0,NULL,NULL,NULL,1,0,0,0,0,0,0),(946,125,1,35,4,NULL,NULL,NULL,0,'Gnat',1,NULL,NULL,NULL,1,0,0,0,0,0,0),(947,125,1,35,4,NULL,NULL,NULL,0,'Gnat',1,NULL,NULL,NULL,1,0,0,0,0,0,0),(948,125,1,35,4,NULL,NULL,NULL,0,'Gnat',0,NULL,NULL,NULL,1,0,0,0,0,0,0),(949,125,1,35,4,NULL,NULL,NULL,0,'Gnat',1,NULL,NULL,NULL,1,0,0,0,0,0,0),(950,900,1,36,4,NULL,NULL,NULL,0,'Gnawer',0,NULL,NULL,NULL,1,0,0,0,0,0,0),(951,900,1,36,4,NULL,NULL,NULL,0,'Gnawer',0,NULL,NULL,NULL,1,0,0,0,0,0,0),(952,900,1,36,4,NULL,NULL,NULL,0,'Gnawer',0,NULL,NULL,NULL,1,0,0,0,0,0,0),(953,900,1,36,4,NULL,NULL,NULL,0,'Gnawer',0,NULL,NULL,NULL,1,0,0,0,0,0,0),(954,900,1,36,4,NULL,NULL,NULL,0,'Gnawer',0,NULL,NULL,NULL,1,0,0,0,0,0,0),(955,500,1,36,4,NULL,NULL,NULL,0,'Spudder',0,NULL,NULL,NULL,1,0,0,0,0,0,0),(956,500,1,36,4,NULL,NULL,NULL,0,'Spudder',0,NULL,NULL,NULL,1,0,0,0,0,0,0),(957,500,1,36,4,NULL,NULL,NULL,0,'Spudder',0,NULL,NULL,NULL,1,0,0,0,0,0,0),(958,500,1,36,4,NULL,NULL,NULL,0,'Spudder',0,NULL,NULL,NULL,1,0,0,0,0,0,0),(959,90,1,36,4,NULL,NULL,NULL,0,'Glancer',1,NULL,NULL,NULL,1,0,0,0,0,0,0),(960,90,1,36,4,NULL,NULL,NULL,0,'Glancer',1,NULL,NULL,NULL,1,0,0,0,0,0,0),(961,125,1,36,4,NULL,NULL,NULL,0,'Gnat',0,NULL,NULL,NULL,1,0,0,0,0,0,0),(962,125,1,36,4,NULL,NULL,NULL,0,'Gnat',0,NULL,NULL,NULL,1,0,0,0,0,0,0),(963,125,1,36,4,NULL,NULL,NULL,0,'Gnat',1,NULL,NULL,NULL,1,0,0,0,0,0,0),(964,125,1,36,4,NULL,NULL,NULL,0,'Gnat',0,NULL,NULL,NULL,1,0,0,0,0,0,0),(965,125,1,36,4,NULL,NULL,NULL,0,'Gnat',0,NULL,NULL,NULL,1,0,0,0,0,0,0),(966,90,1,36,4,NULL,NULL,NULL,0,'Glancer',1,NULL,NULL,NULL,1,0,0,0,0,0,0),(967,90,1,36,4,NULL,NULL,NULL,0,'Glancer',1,NULL,NULL,NULL,1,0,0,0,0,0,0),(968,90,1,36,4,NULL,NULL,NULL,0,'Glancer',1,NULL,NULL,NULL,1,0,0,0,0,0,0),(969,90,1,36,4,NULL,NULL,NULL,0,'Glancer',1,NULL,NULL,NULL,1,0,0,0,0,0,0),(970,90,1,36,4,NULL,NULL,NULL,0,'Glancer',1,NULL,NULL,NULL,1,0,0,0,0,0,0),(971,125,1,36,4,NULL,NULL,NULL,0,'Gnat',0,NULL,NULL,NULL,1,0,0,0,0,0,0),(972,125,1,36,4,NULL,NULL,NULL,0,'Gnat',0,NULL,NULL,NULL,1,0,0,0,0,0,0),(973,125,1,36,4,NULL,NULL,NULL,0,'Gnat',0,NULL,NULL,NULL,1,0,0,0,0,0,0),(974,125,1,36,4,NULL,NULL,NULL,0,'Gnat',0,NULL,NULL,NULL,1,0,0,0,0,0,0),(975,125,1,36,4,NULL,NULL,NULL,0,'Gnat',1,NULL,NULL,NULL,1,0,0,0,0,0,0),(976,125,1,36,4,NULL,NULL,NULL,0,'Gnat',1,NULL,NULL,NULL,1,0,0,0,0,0,0),(977,125,1,36,4,NULL,NULL,NULL,0,'Gnat',0,NULL,NULL,NULL,1,0,0,0,0,0,0),(978,900,1,37,4,NULL,NULL,NULL,0,'Gnawer',0,NULL,NULL,NULL,1,0,0,0,0,0,0),(979,900,1,37,4,NULL,NULL,NULL,0,'Gnawer',0,NULL,NULL,NULL,1,0,0,0,0,0,0),(980,900,1,37,4,NULL,NULL,NULL,0,'Gnawer',0,NULL,NULL,NULL,1,0,0,0,0,0,0),(981,500,1,37,4,NULL,NULL,NULL,0,'Spudder',0,NULL,NULL,NULL,1,0,0,0,0,0,0),(982,500,1,37,4,NULL,NULL,NULL,0,'Spudder',0,NULL,NULL,NULL,1,0,0,0,0,0,0),(983,500,1,37,4,NULL,NULL,NULL,0,'Spudder',0,NULL,NULL,NULL,1,0,0,0,0,0,0),(984,500,1,37,4,NULL,NULL,NULL,0,'Spudder',1,NULL,NULL,NULL,1,0,0,0,0,0,0),(985,900,1,37,4,NULL,NULL,NULL,0,'Gnawer',0,NULL,NULL,NULL,1,0,0,0,0,0,0),(986,500,1,37,4,NULL,NULL,NULL,0,'Spudder',0,NULL,NULL,NULL,1,0,0,0,0,0,0),(987,90,1,37,4,NULL,NULL,NULL,0,'Glancer',1,NULL,NULL,NULL,1,0,0,0,0,0,0),(988,90,1,37,4,NULL,NULL,NULL,0,'Glancer',1,NULL,NULL,NULL,1,0,0,0,0,0,0),(989,125,1,37,4,NULL,NULL,NULL,0,'Gnat',0,NULL,NULL,NULL,1,0,0,0,0,0,0),(990,125,1,37,4,NULL,NULL,NULL,0,'Gnat',1,NULL,NULL,NULL,1,0,0,0,0,0,0),(991,125,1,37,4,NULL,NULL,NULL,0,'Gnat',0,NULL,NULL,NULL,1,0,0,0,0,0,0),(992,90,1,37,4,NULL,NULL,NULL,0,'Glancer',1,NULL,NULL,NULL,1,0,0,0,0,0,0),(993,90,1,37,4,NULL,NULL,NULL,0,'Glancer',1,NULL,NULL,NULL,1,0,0,0,0,0,0),(994,90,1,37,4,NULL,NULL,NULL,0,'Glancer',1,NULL,NULL,NULL,1,0,0,0,0,0,0),(995,90,1,37,4,NULL,NULL,NULL,0,'Glancer',1,NULL,NULL,NULL,1,0,0,0,0,0,0),(996,90,1,37,4,NULL,NULL,NULL,0,'Glancer',1,NULL,NULL,NULL,1,0,0,0,0,0,0),(997,125,1,37,4,NULL,NULL,NULL,0,'Gnat',0,NULL,NULL,NULL,1,0,0,0,0,0,0),(998,125,1,37,4,NULL,NULL,NULL,0,'Gnat',0,NULL,NULL,NULL,1,0,0,0,0,0,0),(999,125,1,37,4,NULL,NULL,NULL,0,'Gnat',0,NULL,NULL,NULL,1,0,0,0,0,0,0),(1000,125,1,37,4,NULL,NULL,NULL,0,'Gnat',0,NULL,NULL,NULL,1,0,0,0,0,0,0),(1001,125,1,37,4,NULL,NULL,NULL,0,'Gnat',1,NULL,NULL,NULL,1,0,0,0,0,0,0),(1002,125,1,37,4,NULL,NULL,NULL,0,'Gnat',1,NULL,NULL,NULL,1,0,0,0,0,0,0),(1003,125,1,37,4,NULL,NULL,NULL,0,'Gnat',1,NULL,NULL,NULL,1,0,0,0,0,0,0),(1004,900,1,38,4,NULL,NULL,NULL,0,'Gnawer',0,NULL,NULL,NULL,1,0,0,0,0,0,0),(1005,500,1,38,4,NULL,NULL,NULL,0,'Spudder',0,NULL,NULL,NULL,1,0,0,0,0,0,0),(1006,500,1,38,4,NULL,NULL,NULL,0,'Spudder',0,NULL,NULL,NULL,1,0,0,0,0,0,0),(1007,500,1,38,4,NULL,NULL,NULL,0,'Spudder',1,NULL,NULL,NULL,1,0,0,0,0,0,0),(1008,500,1,38,4,NULL,NULL,NULL,0,'Spudder',0,NULL,NULL,NULL,1,0,0,0,0,0,0),(1009,500,1,38,4,NULL,NULL,NULL,0,'Spudder',0,NULL,NULL,NULL,1,0,0,0,0,0,0),(1010,90,1,38,4,NULL,NULL,NULL,0,'Glancer',1,NULL,NULL,NULL,1,0,0,0,0,0,0),(1011,90,1,38,4,NULL,NULL,NULL,0,'Glancer',1,NULL,NULL,NULL,1,0,0,0,0,0,0),(1012,125,1,38,4,NULL,NULL,NULL,0,'Gnat',0,NULL,NULL,NULL,1,0,0,0,0,0,0),(1013,125,1,38,4,NULL,NULL,NULL,0,'Gnat',1,NULL,NULL,NULL,1,0,0,0,0,0,0),(1014,125,1,38,4,NULL,NULL,NULL,0,'Gnat',0,NULL,NULL,NULL,1,0,0,0,0,0,0),(1015,125,1,38,4,NULL,NULL,NULL,0,'Gnat',0,NULL,NULL,NULL,1,0,0,0,0,0,0),(1016,90,1,38,4,NULL,NULL,NULL,0,'Glancer',1,NULL,NULL,NULL,1,0,0,0,0,0,0),(1017,90,1,38,4,NULL,NULL,NULL,0,'Glancer',1,NULL,NULL,NULL,1,0,0,0,0,0,0),(1018,90,1,38,4,NULL,NULL,NULL,0,'Glancer',1,NULL,NULL,NULL,1,0,0,0,0,0,0),(1019,90,1,38,4,NULL,NULL,NULL,0,'Glancer',1,NULL,NULL,NULL,1,0,0,0,0,0,0),(1020,90,1,38,4,NULL,NULL,NULL,0,'Glancer',1,NULL,NULL,NULL,1,0,0,0,0,0,0),(1021,90,1,38,4,NULL,NULL,NULL,0,'Glancer',1,NULL,NULL,NULL,1,0,0,0,0,0,0),(1022,125,1,38,4,NULL,NULL,NULL,0,'Gnat',0,NULL,NULL,NULL,1,0,0,0,0,0,0),(1023,125,1,38,4,NULL,NULL,NULL,0,'Gnat',0,NULL,NULL,NULL,1,0,0,0,0,0,0),(1024,125,1,38,4,NULL,NULL,NULL,0,'Gnat',0,NULL,NULL,NULL,1,0,0,0,0,0,0),(1025,125,1,38,4,NULL,NULL,NULL,0,'Gnat',0,NULL,NULL,NULL,1,0,0,0,0,0,0),(1026,125,1,38,4,NULL,NULL,NULL,0,'Gnat',1,NULL,NULL,NULL,1,0,0,0,0,0,0),(1027,125,1,38,4,NULL,NULL,NULL,0,'Gnat',1,NULL,NULL,NULL,1,0,0,0,0,0,0),(1028,125,1,38,4,NULL,NULL,NULL,0,'Gnat',0,NULL,NULL,NULL,1,0,0,0,0,0,0),(1029,500,1,39,4,NULL,NULL,NULL,0,'Spudder',1,NULL,NULL,NULL,1,0,0,0,0,0,0),(1030,500,1,39,4,NULL,NULL,NULL,0,'Spudder',0,NULL,NULL,NULL,1,0,0,0,0,0,0),(1031,90,1,39,4,NULL,NULL,NULL,0,'Glancer',1,NULL,NULL,NULL,1,0,0,0,0,0,0),(1032,90,1,39,4,NULL,NULL,NULL,0,'Glancer',1,NULL,NULL,NULL,1,0,0,0,0,0,0),(1033,125,1,39,4,NULL,NULL,NULL,0,'Gnat',0,NULL,NULL,NULL,1,0,0,0,0,0,0),(1034,125,1,39,4,NULL,NULL,NULL,0,'Gnat',1,NULL,NULL,NULL,1,0,0,0,0,0,0),(1035,125,1,39,4,NULL,NULL,NULL,0,'Gnat',0,NULL,NULL,NULL,1,0,0,0,0,0,0),(1036,90,1,39,4,NULL,NULL,NULL,0,'Glancer',1,NULL,NULL,NULL,1,0,0,0,0,0,0),(1037,90,1,39,4,NULL,NULL,NULL,0,'Glancer',1,NULL,NULL,NULL,1,0,0,0,0,0,0),(1038,90,1,39,4,NULL,NULL,NULL,0,'Glancer',1,NULL,NULL,NULL,1,0,0,0,0,0,0),(1039,90,1,39,4,NULL,NULL,NULL,0,'Glancer',1,NULL,NULL,NULL,1,0,0,0,0,0,0),(1040,90,1,39,4,NULL,NULL,NULL,0,'Glancer',1,NULL,NULL,NULL,1,0,0,0,0,0,0),(1041,90,1,39,4,NULL,NULL,NULL,0,'Glancer',1,NULL,NULL,NULL,1,0,0,0,0,0,0),(1042,90,1,39,4,NULL,NULL,NULL,0,'Glancer',1,NULL,NULL,NULL,1,0,0,0,0,0,0),(1043,125,1,39,4,NULL,NULL,NULL,0,'Gnat',0,NULL,NULL,NULL,1,0,0,0,0,0,0),(1044,125,1,39,4,NULL,NULL,NULL,0,'Gnat',0,NULL,NULL,NULL,1,0,0,0,0,0,0),(1045,125,1,39,4,NULL,NULL,NULL,0,'Gnat',0,NULL,NULL,NULL,1,0,0,0,0,0,0),(1046,125,1,39,4,NULL,NULL,NULL,0,'Gnat',0,NULL,NULL,NULL,1,0,0,0,0,0,0),(1047,125,1,39,4,NULL,NULL,NULL,0,'Gnat',1,NULL,NULL,NULL,1,0,0,0,0,0,0),(1048,125,1,39,4,NULL,NULL,NULL,0,'Gnat',1,NULL,NULL,NULL,1,0,0,0,0,0,0),(1049,125,1,39,4,NULL,NULL,NULL,0,'Gnat',1,NULL,NULL,NULL,1,0,0,0,0,0,0),(1050,90,1,40,4,NULL,NULL,NULL,0,'Glancer',1,NULL,NULL,NULL,1,0,0,0,0,0,0),(1051,90,1,40,4,NULL,NULL,NULL,0,'Glancer',1,NULL,NULL,NULL,1,0,0,0,0,0,0),(1052,90,1,40,4,NULL,NULL,NULL,0,'Glancer',1,NULL,NULL,NULL,1,0,0,0,0,0,0),(1053,90,1,40,4,NULL,NULL,NULL,0,'Glancer',1,NULL,NULL,NULL,1,0,0,0,0,0,0),(1054,90,1,40,4,NULL,NULL,NULL,0,'Glancer',1,NULL,NULL,NULL,1,0,0,0,0,0,0),(1055,90,1,40,4,NULL,NULL,NULL,0,'Glancer',1,NULL,NULL,NULL,1,0,0,0,0,0,0),(1056,90,1,40,4,NULL,NULL,NULL,0,'Glancer',1,NULL,NULL,NULL,1,0,0,0,0,0,0),(1057,90,1,40,4,NULL,NULL,NULL,0,'Glancer',1,NULL,NULL,NULL,1,0,0,0,0,0,0),(1058,125,1,40,4,NULL,NULL,NULL,0,'Gnat',0,NULL,NULL,NULL,1,0,0,0,0,0,0),(1059,125,1,40,4,NULL,NULL,NULL,0,'Gnat',0,NULL,NULL,NULL,1,0,0,0,0,0,0),(1060,125,1,40,4,NULL,NULL,NULL,0,'Gnat',0,NULL,NULL,NULL,1,0,0,0,0,0,0),(1061,125,1,40,4,NULL,NULL,NULL,0,'Gnat',0,NULL,NULL,NULL,1,0,0,0,0,0,0),(1062,125,1,40,4,NULL,NULL,NULL,0,'Gnat',1,NULL,NULL,NULL,1,0,0,0,0,0,0),(1063,125,1,40,4,NULL,NULL,NULL,0,'Gnat',1,NULL,NULL,NULL,1,0,0,0,0,0,0),(1064,125,1,41,4,NULL,NULL,NULL,0,'Gnat',0,NULL,NULL,NULL,1,0,0,0,0,0,0),(1065,125,1,41,4,NULL,NULL,NULL,0,'Gnat',0,NULL,NULL,NULL,1,0,0,0,0,0,0),(1066,125,1,41,4,NULL,NULL,NULL,0,'Gnat',0,NULL,NULL,NULL,1,0,0,0,0,0,0),(1067,125,1,41,4,NULL,NULL,NULL,0,'Gnat',0,NULL,NULL,NULL,1,0,0,0,0,0,0),(1068,125,1,41,4,NULL,NULL,NULL,0,'Gnat',1,NULL,NULL,NULL,1,0,0,0,0,0,0),(1069,125,1,41,4,NULL,NULL,NULL,0,'Gnat',1,NULL,NULL,NULL,1,0,0,0,0,0,0),(1070,125,1,41,4,NULL,NULL,NULL,0,'Gnat',0,NULL,NULL,NULL,1,0,0,0,0,0,0),(1071,125,1,41,4,NULL,NULL,NULL,0,'Gnat',1,NULL,NULL,NULL,1,0,0,0,0,0,0),(1072,125,1,42,4,NULL,NULL,NULL,0,'Gnat',0,NULL,NULL,NULL,1,0,0,0,0,0,0),(1073,125,1,42,4,NULL,NULL,NULL,0,'Gnat',0,NULL,NULL,NULL,1,0,0,0,0,0,0),(1074,125,1,42,4,NULL,NULL,NULL,0,'Gnat',0,NULL,NULL,NULL,1,0,0,0,0,0,0),(1075,125,1,42,4,NULL,NULL,NULL,0,'Gnat',0,NULL,NULL,NULL,1,0,0,0,0,0,0),(1076,125,1,42,4,NULL,NULL,NULL,0,'Gnat',1,NULL,NULL,NULL,1,0,0,0,0,0,0),(1077,125,1,42,4,NULL,NULL,NULL,0,'Gnat',1,NULL,NULL,NULL,1,0,0,0,0,0,0),(1078,125,1,42,4,NULL,NULL,NULL,0,'Gnat',0,NULL,NULL,NULL,1,0,0,0,0,0,0),(1079,26875,1,6,1,NULL,NULL,NULL,0,'Demosis',0,2,150,NULL,1,0,0,0,0,0,0),(1080,26875,1,6,1,NULL,NULL,NULL,0,'Demosis',0,2,150,NULL,1,0,0,0,0,0,0),(1081,4475,1,6,1,NULL,NULL,NULL,0,'Thor',0,2,150,NULL,1,0,0,0,0,0,0),(1082,4475,1,6,1,NULL,NULL,NULL,0,'Thor',1,2,150,NULL,1,0,0,0,0,0,0),(1083,4475,1,6,1,NULL,NULL,NULL,0,'Thor',1,2,150,NULL,1,0,0,0,0,0,0),(1084,4475,1,6,1,NULL,NULL,NULL,0,'Thor',0,2,150,NULL,1,0,0,0,0,0,0),(1085,2812,1,6,1,NULL,NULL,NULL,0,'Dirac',1,2,150,NULL,1,0,0,0,0,0,0),(1086,2812,1,6,1,NULL,NULL,NULL,0,'Dirac',0,2,150,NULL,1,0,0,0,0,0,0),(1087,2812,1,6,1,NULL,NULL,NULL,0,'Dirac',0,2,150,NULL,1,0,0,0,0,0,0),(1088,2812,1,6,1,NULL,NULL,NULL,0,'Dirac',0,2,150,NULL,1,0,0,0,0,0,0),(1089,2812,1,6,1,NULL,NULL,NULL,0,'Dirac',0,2,150,NULL,1,0,0,0,0,0,0),(1090,2812,1,6,1,NULL,NULL,NULL,0,'Dirac',0,2,150,NULL,1,0,0,0,0,0,0),(1091,2812,1,6,1,NULL,NULL,NULL,0,'Dirac',1,2,150,NULL,1,0,0,0,0,0,0),(1092,2812,1,6,1,NULL,NULL,NULL,0,'Dirac',1,2,150,NULL,1,0,0,0,0,0,0),(1093,2812,1,6,1,NULL,NULL,NULL,0,'Dirac',1,2,150,NULL,1,0,0,0,0,0,0),(1094,2812,1,6,1,NULL,NULL,NULL,0,'Dirac',1,2,150,NULL,1,0,0,0,0,0,0),(1095,2812,1,6,1,NULL,NULL,NULL,0,'Dirac',1,2,150,NULL,1,0,0,0,0,0,0),(1096,2812,1,6,1,NULL,NULL,NULL,0,'Dirac',1,2,150,NULL,1,0,0,0,0,0,0),(1097,2812,1,6,1,NULL,NULL,NULL,0,'Dirac',1,2,150,NULL,1,0,0,0,0,0,0),(1098,2812,1,6,1,NULL,NULL,NULL,0,'Dirac',0,2,150,NULL,1,0,0,0,0,0,0),(1099,2812,1,6,1,NULL,NULL,NULL,0,'Dirac',0,2,150,NULL,1,0,0,0,0,0,0),(1100,2812,1,6,1,NULL,NULL,NULL,0,'Dirac',1,2,150,NULL,1,0,0,0,0,0,0),(1101,26875,1,6,1,NULL,NULL,NULL,0,'Demosis',0,1,135,NULL,1,0,0,0,0,0,0),(1102,26875,1,6,1,NULL,NULL,NULL,0,'Demosis',0,1,135,NULL,1,0,0,0,0,0,0),(1103,4475,1,6,1,NULL,NULL,NULL,0,'Thor',0,1,135,NULL,1,0,0,0,0,0,0),(1104,4475,1,6,1,NULL,NULL,NULL,0,'Thor',0,1,135,NULL,1,0,0,0,0,0,0),(1105,4475,1,6,1,NULL,NULL,NULL,0,'Thor',0,1,135,NULL,1,0,0,0,0,0,0),(1106,4475,1,6,1,NULL,NULL,NULL,0,'Thor',1,1,135,NULL,1,0,0,0,0,0,0),(1107,4475,1,6,1,NULL,NULL,NULL,0,'Thor',0,1,135,NULL,1,0,0,0,0,0,0),(1108,4475,1,6,1,NULL,NULL,NULL,0,'Thor',0,1,135,NULL,1,0,0,0,0,0,0),(1109,4475,1,6,1,NULL,NULL,NULL,0,'Thor',0,1,135,NULL,1,0,0,0,0,0,0),(1110,4475,1,6,1,NULL,NULL,NULL,0,'Thor',1,1,135,NULL,1,0,0,0,0,0,0),(1111,4475,1,6,1,NULL,NULL,NULL,0,'Thor',1,1,135,NULL,1,0,0,0,0,0,0),(1112,4475,1,6,1,NULL,NULL,NULL,0,'Thor',0,1,135,NULL,1,0,0,0,0,0,0),(1113,4475,1,6,1,NULL,NULL,NULL,0,'Thor',1,1,135,NULL,1,0,0,0,0,0,0),(1114,2812,1,6,1,NULL,NULL,NULL,0,'Dirac',0,1,135,NULL,1,0,0,0,0,0,0),(1115,2812,1,6,1,NULL,NULL,NULL,0,'Dirac',0,1,135,NULL,1,0,0,0,0,0,0),(1116,2812,1,6,1,NULL,NULL,NULL,0,'Dirac',0,1,135,NULL,1,0,0,0,0,0,0),(1117,2812,1,6,1,NULL,NULL,NULL,0,'Dirac',0,1,135,NULL,1,0,0,0,0,0,0),(1118,2812,1,6,1,NULL,NULL,NULL,0,'Dirac',0,1,135,NULL,1,0,0,0,0,0,0),(1119,2812,1,6,1,NULL,NULL,NULL,0,'Dirac',1,1,135,NULL,1,0,0,0,0,0,0),(1120,2812,1,6,1,NULL,NULL,NULL,0,'Dirac',1,1,135,NULL,1,0,0,0,0,0,0),(1121,2812,1,6,1,NULL,NULL,NULL,0,'Dirac',1,1,135,NULL,1,0,0,0,0,0,0),(1122,2812,1,6,1,NULL,NULL,NULL,0,'Dirac',0,1,135,NULL,1,0,0,0,0,0,0),(1123,2812,1,6,1,NULL,NULL,NULL,0,'Dirac',1,1,135,NULL,1,0,0,0,0,0,0),(1124,2812,1,6,1,NULL,NULL,NULL,0,'Dirac',0,1,135,NULL,1,0,0,0,0,0,0),(1125,2812,1,6,1,NULL,NULL,NULL,0,'Dirac',0,1,135,NULL,1,0,0,0,0,0,0),(1126,2812,1,6,1,NULL,NULL,NULL,0,'Dirac',0,1,135,NULL,1,0,0,0,0,0,0),(1127,26875,1,6,1,NULL,NULL,NULL,0,'Demosis',0,0,90,NULL,1,0,0,0,0,0,0),(1128,26875,1,6,1,NULL,NULL,NULL,0,'Demosis',0,0,90,NULL,1,0,0,0,0,0,0),(1129,26875,1,6,1,NULL,NULL,NULL,0,'Demosis',0,0,90,NULL,1,0,0,0,0,0,0),(1130,4475,1,6,1,NULL,NULL,NULL,0,'Thor',0,0,90,NULL,1,0,0,0,0,0,0),(1131,4475,1,6,1,NULL,NULL,NULL,0,'Thor',0,0,90,NULL,1,0,0,0,0,0,0),(1132,4475,1,6,1,NULL,NULL,NULL,0,'Thor',0,0,90,NULL,1,0,0,0,0,0,0),(1133,2812,1,6,1,NULL,NULL,NULL,0,'Dirac',0,0,90,NULL,1,0,0,0,0,0,0),(1134,2812,1,6,1,NULL,NULL,NULL,0,'Dirac',0,0,90,NULL,1,0,0,0,0,0,0),(1135,2812,1,6,1,NULL,NULL,NULL,0,'Dirac',1,0,90,NULL,1,0,0,0,0,0,0),(1136,2812,1,6,1,NULL,NULL,NULL,0,'Dirac',0,0,90,NULL,1,0,0,0,0,0,0),(1137,2812,1,6,1,NULL,NULL,NULL,0,'Dirac',0,0,90,NULL,1,0,0,0,0,0,0),(1138,2812,1,6,1,NULL,NULL,NULL,0,'Dirac',0,0,90,NULL,1,0,0,0,0,0,0),(1139,2812,1,6,1,NULL,NULL,NULL,0,'Dirac',0,0,90,NULL,1,0,0,0,0,0,0),(1140,2812,1,6,1,NULL,NULL,NULL,0,'Dirac',0,0,90,NULL,1,0,0,0,0,0,0),(1141,2812,1,6,1,NULL,NULL,NULL,0,'Dirac',0,0,90,NULL,1,0,0,0,0,0,0),(1142,2812,1,6,1,NULL,NULL,NULL,0,'Dirac',0,0,90,NULL,1,0,0,0,0,0,0),(1143,2812,1,6,1,NULL,NULL,NULL,0,'Dirac',1,0,90,NULL,1,0,0,0,0,0,0),(1144,2812,1,6,1,NULL,NULL,NULL,0,'Dirac',1,0,90,NULL,1,0,0,0,0,0,0),(1145,2812,1,6,1,NULL,NULL,NULL,0,'Dirac',0,0,90,NULL,1,0,0,0,0,0,0),(1146,2812,1,6,1,NULL,NULL,NULL,0,'Dirac',1,0,90,NULL,1,0,0,0,0,0,0),(1147,26875,1,6,1,NULL,NULL,NULL,0,'Demosis',0,3,0,NULL,1,0,0,0,0,0,0),(1148,26875,1,6,1,NULL,NULL,NULL,0,'Demosis',0,3,0,NULL,1,0,0,0,0,0,0),(1149,4475,1,6,1,NULL,NULL,NULL,0,'Thor',1,3,0,NULL,1,0,0,0,0,0,0),(1150,4475,1,6,1,NULL,NULL,NULL,0,'Thor',0,3,0,NULL,1,0,0,0,0,0,0),(1151,4475,1,6,1,NULL,NULL,NULL,0,'Thor',0,3,0,NULL,1,0,0,0,0,0,0),(1152,4475,1,6,1,NULL,NULL,NULL,0,'Thor',1,3,0,NULL,1,0,0,0,0,0,0),(1153,4475,1,6,1,NULL,NULL,NULL,0,'Thor',0,3,0,NULL,1,0,0,0,0,0,0),(1154,4475,1,6,1,NULL,NULL,NULL,0,'Thor',1,3,0,NULL,1,0,0,0,0,0,0),(1155,4475,1,6,1,NULL,NULL,NULL,0,'Thor',1,3,0,NULL,1,0,0,0,0,0,0),(1156,4475,1,6,1,NULL,NULL,NULL,0,'Thor',1,3,0,NULL,1,0,0,0,0,0,0),(1157,4475,1,6,1,NULL,NULL,NULL,0,'Thor',0,3,0,NULL,1,0,0,0,0,0,0),(1158,4475,1,6,1,NULL,NULL,NULL,0,'Thor',1,3,0,NULL,1,0,0,0,0,0,0),(1159,4475,1,6,1,NULL,NULL,NULL,0,'Thor',1,3,0,NULL,1,0,0,0,0,0,0),(1160,4475,1,6,1,NULL,NULL,NULL,0,'Thor',0,3,0,NULL,1,0,0,0,0,0,0),(1161,2812,1,6,1,NULL,NULL,NULL,0,'Dirac',1,3,0,NULL,1,0,0,0,0,0,0),(1162,2812,1,6,1,NULL,NULL,NULL,0,'Dirac',1,3,0,NULL,1,0,0,0,0,0,0),(1163,2812,1,6,1,NULL,NULL,NULL,0,'Dirac',1,3,0,NULL,1,0,0,0,0,0,0),(1164,2812,1,6,1,NULL,NULL,NULL,0,'Dirac',1,3,0,NULL,1,0,0,0,0,0,0),(1165,2812,1,6,1,NULL,NULL,NULL,0,'Dirac',1,3,0,NULL,1,0,0,0,0,0,0),(1166,2812,1,6,1,NULL,NULL,NULL,0,'Dirac',0,3,0,NULL,1,0,0,0,0,0,0),(1167,2812,1,6,1,NULL,NULL,NULL,0,'Dirac',1,3,0,NULL,1,0,0,0,0,0,0),(1168,2812,1,6,1,NULL,NULL,NULL,0,'Dirac',1,3,0,NULL,1,0,0,0,0,0,0),(1169,2812,1,6,1,NULL,NULL,NULL,0,'Dirac',0,3,0,NULL,1,0,0,0,0,0,0),(1170,2812,1,6,1,NULL,NULL,NULL,0,'Dirac',1,3,0,NULL,1,0,0,0,0,0,0),(1171,2812,1,6,1,NULL,NULL,NULL,0,'Dirac',1,3,0,NULL,1,0,0,0,0,0,0),(1172,2812,1,6,1,NULL,NULL,NULL,0,'Dirac',0,3,0,NULL,1,0,0,0,0,0,0),(1173,26875,1,6,1,NULL,NULL,NULL,0,'Demosis',0,2,330,NULL,1,0,0,0,0,0,0),(1174,26875,1,6,1,NULL,NULL,NULL,0,'Demosis',0,2,330,NULL,1,0,0,0,0,0,0),(1175,26875,1,6,1,NULL,NULL,NULL,0,'Demosis',0,2,330,NULL,1,0,0,0,0,0,0),(1176,26875,1,6,1,NULL,NULL,NULL,0,'Demosis',0,2,330,NULL,1,0,0,0,0,0,0),(1177,4475,1,6,1,NULL,NULL,NULL,0,'Thor',1,2,330,NULL,1,0,0,0,0,0,0),(1178,4475,1,6,1,NULL,NULL,NULL,0,'Thor',0,2,330,NULL,1,0,0,0,0,0,0),(1179,4475,1,6,1,NULL,NULL,NULL,0,'Thor',0,2,330,NULL,1,0,0,0,0,0,0),(1180,4475,1,6,1,NULL,NULL,NULL,0,'Thor',0,2,330,NULL,1,0,0,0,0,0,0),(1181,4475,1,6,1,NULL,NULL,NULL,0,'Thor',1,2,330,NULL,1,0,0,0,0,0,0),(1182,4475,1,6,1,NULL,NULL,NULL,0,'Thor',1,2,330,NULL,1,0,0,0,0,0,0),(1183,4475,1,6,1,NULL,NULL,NULL,0,'Thor',1,2,330,NULL,1,0,0,0,0,0,0),(1184,4475,1,6,1,NULL,NULL,NULL,0,'Thor',1,2,330,NULL,1,0,0,0,0,0,0),(1185,2812,1,6,1,NULL,NULL,NULL,0,'Dirac',0,2,330,NULL,1,0,0,0,0,0,0),(1186,2812,1,6,1,NULL,NULL,NULL,0,'Dirac',0,2,330,NULL,1,0,0,0,0,0,0),(1187,2812,1,6,1,NULL,NULL,NULL,0,'Dirac',1,2,330,NULL,1,0,0,0,0,0,0),(1188,2812,1,6,1,NULL,NULL,NULL,0,'Dirac',1,2,330,NULL,1,0,0,0,0,0,0),(1189,2812,1,6,1,NULL,NULL,NULL,0,'Dirac',0,2,330,NULL,1,0,0,0,0,0,0),(1190,2812,1,6,1,NULL,NULL,NULL,0,'Dirac',1,2,330,NULL,1,0,0,0,0,0,0),(1191,2812,1,6,1,NULL,NULL,NULL,0,'Dirac',1,2,330,NULL,1,0,0,0,0,0,0),(1192,2812,1,6,1,NULL,NULL,NULL,0,'Dirac',0,2,330,NULL,1,0,0,0,0,0,0),(1193,2812,1,6,1,NULL,NULL,NULL,0,'Dirac',0,2,330,NULL,1,0,0,0,0,0,0),(1194,2812,1,6,1,NULL,NULL,NULL,0,'Dirac',0,2,330,NULL,1,0,0,0,0,0,0),(1195,2812,1,6,1,NULL,NULL,NULL,0,'Dirac',1,2,330,NULL,1,0,0,0,0,0,0),(1196,2812,1,6,1,NULL,NULL,NULL,0,'Dirac',1,2,330,NULL,1,0,0,0,0,0,0),(1197,2812,1,6,1,NULL,NULL,NULL,0,'Dirac',0,2,330,NULL,1,0,0,0,0,0,0),(1198,2812,1,6,1,NULL,NULL,NULL,0,'Dirac',1,2,330,NULL,1,0,0,0,0,0,0),(1199,2812,1,6,1,NULL,NULL,NULL,0,'Dirac',1,2,330,NULL,1,0,0,0,0,0,0),(1200,26875,1,6,1,NULL,NULL,NULL,0,'Demosis',0,2,300,NULL,1,0,0,0,0,0,0),(1201,26875,1,6,1,NULL,NULL,NULL,0,'Demosis',0,2,300,NULL,1,0,0,0,0,0,0),(1202,26875,1,6,1,NULL,NULL,NULL,0,'Demosis',0,2,300,NULL,1,0,0,0,0,0,0),(1203,4475,1,6,1,NULL,NULL,NULL,0,'Thor',1,2,300,NULL,1,0,0,0,0,0,0),(1204,4475,1,6,1,NULL,NULL,NULL,0,'Thor',0,2,300,NULL,1,0,0,0,0,0,0),(1205,4475,1,6,1,NULL,NULL,NULL,0,'Thor',0,2,300,NULL,1,0,0,0,0,0,0),(1206,4475,1,6,1,NULL,NULL,NULL,0,'Thor',1,2,300,NULL,1,0,0,0,0,0,0),(1207,4475,1,6,1,NULL,NULL,NULL,0,'Thor',1,2,300,NULL,1,0,0,0,0,0,0),(1208,4475,1,6,1,NULL,NULL,NULL,0,'Thor',1,2,300,NULL,1,0,0,0,0,0,0),(1209,4475,1,6,1,NULL,NULL,NULL,0,'Thor',0,2,300,NULL,1,0,0,0,0,0,0),(1210,4475,1,6,1,NULL,NULL,NULL,0,'Thor',1,2,300,NULL,1,0,0,0,0,0,0),(1211,4475,1,6,1,NULL,NULL,NULL,0,'Thor',0,2,300,NULL,1,0,0,0,0,0,0),(1212,2812,1,6,1,NULL,NULL,NULL,0,'Dirac',1,2,300,NULL,1,0,0,0,0,0,0),(1213,2812,1,6,1,NULL,NULL,NULL,0,'Dirac',0,2,300,NULL,1,0,0,0,0,0,0),(1214,2812,1,6,1,NULL,NULL,NULL,0,'Dirac',0,2,300,NULL,1,0,0,0,0,0,0),(1215,2812,1,6,1,NULL,NULL,NULL,0,'Dirac',1,2,300,NULL,1,0,0,0,0,0,0),(1216,2812,1,6,1,NULL,NULL,NULL,0,'Dirac',1,2,300,NULL,1,0,0,0,0,0,0),(1217,2812,1,6,1,NULL,NULL,NULL,0,'Dirac',1,2,300,NULL,1,0,0,0,0,0,0),(1218,2812,1,6,1,NULL,NULL,NULL,0,'Dirac',1,2,300,NULL,1,0,0,0,0,0,0),(1219,2812,1,6,1,NULL,NULL,NULL,0,'Dirac',0,2,300,NULL,1,0,0,0,0,0,0),(1220,2812,1,6,1,NULL,NULL,NULL,0,'Dirac',1,2,300,NULL,1,0,0,0,0,0,0),(1221,2812,1,6,1,NULL,NULL,NULL,0,'Dirac',0,2,300,NULL,1,0,0,0,0,0,0),(1222,26875,1,6,1,NULL,NULL,NULL,0,'Demosis',0,0,0,NULL,1,0,0,0,0,0,0),(1223,26875,1,6,1,NULL,NULL,NULL,0,'Demosis',0,0,0,NULL,1,0,0,0,0,0,0),(1224,26875,1,6,1,NULL,NULL,NULL,0,'Demosis',0,0,0,NULL,1,0,0,0,0,0,0),(1225,26875,1,6,1,NULL,NULL,NULL,0,'Demosis',0,0,0,NULL,1,0,0,0,0,0,0),(1226,4475,1,6,1,NULL,NULL,NULL,0,'Thor',1,0,0,NULL,1,0,0,0,0,0,0),(1227,4475,1,6,1,NULL,NULL,NULL,0,'Thor',0,0,0,NULL,1,0,0,0,0,0,0),(1228,4475,1,6,1,NULL,NULL,NULL,0,'Thor',0,0,0,NULL,1,0,0,0,0,0,0),(1229,4475,1,6,1,NULL,NULL,NULL,0,'Thor',1,0,0,NULL,1,0,0,0,0,0,0),(1230,4475,1,6,1,NULL,NULL,NULL,0,'Thor',0,0,0,NULL,1,0,0,0,0,0,0),(1231,4475,1,6,1,NULL,NULL,NULL,0,'Thor',0,0,0,NULL,1,0,0,0,0,0,0),(1232,2812,1,6,1,NULL,NULL,NULL,0,'Dirac',0,0,0,NULL,1,0,0,0,0,0,0),(1233,2812,1,6,1,NULL,NULL,NULL,0,'Dirac',0,0,0,NULL,1,0,0,0,0,0,0),(1234,2812,1,6,1,NULL,NULL,NULL,0,'Dirac',0,0,0,NULL,1,0,0,0,0,0,0),(1235,2812,1,6,1,NULL,NULL,NULL,0,'Dirac',0,0,0,NULL,1,0,0,0,0,0,0),(1236,2812,1,6,1,NULL,NULL,NULL,0,'Dirac',1,0,0,NULL,1,0,0,0,0,0,0),(1237,2812,1,6,1,NULL,NULL,NULL,0,'Dirac',1,0,0,NULL,1,0,0,0,0,0,0),(1238,2812,1,6,1,NULL,NULL,NULL,0,'Dirac',0,0,0,NULL,1,0,0,0,0,0,0),(1239,2812,1,6,1,NULL,NULL,NULL,0,'Dirac',1,0,0,NULL,1,0,0,0,0,0,0),(1240,2812,1,6,1,NULL,NULL,NULL,0,'Dirac',0,0,0,NULL,1,0,0,0,0,0,0),(1241,2812,1,6,1,NULL,NULL,NULL,0,'Dirac',0,0,0,NULL,1,0,0,0,0,0,0),(1242,90,1,43,4,NULL,NULL,NULL,0,'Glancer',1,NULL,NULL,NULL,1,0,0,0,0,0,0),(1243,90,1,43,4,NULL,NULL,NULL,0,'Glancer',1,NULL,NULL,NULL,1,0,0,0,0,0,0),(1244,90,1,43,4,NULL,NULL,NULL,0,'Glancer',1,NULL,NULL,NULL,1,0,0,0,0,0,0),(1245,125,1,43,4,NULL,NULL,NULL,0,'Gnat',0,NULL,NULL,NULL,1,0,0,0,0,0,0),(1246,125,1,43,4,NULL,NULL,NULL,0,'Gnat',0,NULL,NULL,NULL,1,0,0,0,0,0,0),(1247,125,1,43,4,NULL,NULL,NULL,0,'Gnat',0,NULL,NULL,NULL,1,0,0,0,0,0,0),(1248,125,1,43,4,NULL,NULL,NULL,0,'Gnat',0,NULL,NULL,NULL,1,0,0,0,0,0,0),(1249,125,1,43,4,NULL,NULL,NULL,0,'Gnat',1,NULL,NULL,NULL,1,0,0,0,0,0,0),(1250,125,1,43,4,NULL,NULL,NULL,0,'Gnat',1,NULL,NULL,NULL,1,0,0,0,0,0,0),(1251,125,1,43,4,NULL,NULL,NULL,0,'Gnat',0,NULL,NULL,NULL,1,0,0,0,0,0,0),(1252,125,1,43,4,NULL,NULL,NULL,0,'Gnat',1,NULL,NULL,NULL,1,0,0,0,0,0,0),(1253,125,1,43,4,NULL,NULL,NULL,0,'Gnat',1,NULL,NULL,NULL,1,0,0,0,0,0,0),(1254,90,1,44,4,NULL,NULL,NULL,0,'Glancer',1,NULL,NULL,NULL,1,0,0,0,0,0,0),(1255,90,1,44,4,NULL,NULL,NULL,0,'Glancer',1,NULL,NULL,NULL,1,0,0,0,0,0,0),(1256,90,1,44,4,NULL,NULL,NULL,0,'Glancer',1,NULL,NULL,NULL,1,0,0,0,0,0,0),(1257,125,1,44,4,NULL,NULL,NULL,0,'Gnat',0,NULL,NULL,NULL,1,0,0,0,0,0,0),(1258,125,1,44,4,NULL,NULL,NULL,0,'Gnat',0,NULL,NULL,NULL,1,0,0,0,0,0,0),(1259,125,1,44,4,NULL,NULL,NULL,0,'Gnat',0,NULL,NULL,NULL,1,0,0,0,0,0,0),(1260,125,1,44,4,NULL,NULL,NULL,0,'Gnat',0,NULL,NULL,NULL,1,0,0,0,0,0,0),(1261,125,1,44,4,NULL,NULL,NULL,0,'Gnat',1,NULL,NULL,NULL,1,0,0,0,0,0,0),(1262,125,1,44,4,NULL,NULL,NULL,0,'Gnat',1,NULL,NULL,NULL,1,0,0,0,0,0,0),(1263,125,1,44,4,NULL,NULL,NULL,0,'Gnat',1,NULL,NULL,NULL,1,0,0,0,0,0,0),(1264,125,1,44,4,NULL,NULL,NULL,0,'Gnat',0,NULL,NULL,NULL,1,0,0,0,0,0,0),(1265,900,1,45,4,NULL,NULL,NULL,0,'Gnawer',0,NULL,NULL,NULL,1,0,0,0,0,0,0),(1266,900,1,45,4,NULL,NULL,NULL,0,'Gnawer',0,NULL,NULL,NULL,1,0,0,0,0,0,0),(1267,500,1,45,4,NULL,NULL,NULL,0,'Spudder',0,NULL,NULL,NULL,1,0,0,0,0,0,0),(1268,500,1,45,4,NULL,NULL,NULL,0,'Spudder',0,NULL,NULL,NULL,1,0,0,0,0,0,0),(1269,500,1,45,4,NULL,NULL,NULL,0,'Spudder',1,NULL,NULL,NULL,1,0,0,0,0,0,0),(1270,500,1,45,4,NULL,NULL,NULL,0,'Spudder',0,NULL,NULL,NULL,1,0,0,0,0,0,0),(1271,500,1,45,4,NULL,NULL,NULL,0,'Spudder',0,NULL,NULL,NULL,1,0,0,0,0,0,0),(1272,90,1,45,4,NULL,NULL,NULL,0,'Glancer',1,NULL,NULL,NULL,1,0,0,0,0,0,0),(1273,90,1,45,4,NULL,NULL,NULL,0,'Glancer',1,NULL,NULL,NULL,1,0,0,0,0,0,0),(1274,125,1,45,4,NULL,NULL,NULL,0,'Gnat',0,NULL,NULL,NULL,1,0,0,0,0,0,0),(1275,125,1,45,4,NULL,NULL,NULL,0,'Gnat',0,NULL,NULL,NULL,1,0,0,0,0,0,0),(1276,125,1,45,4,NULL,NULL,NULL,0,'Gnat',1,NULL,NULL,NULL,1,0,0,0,0,0,0),(1277,125,1,45,4,NULL,NULL,NULL,0,'Gnat',0,NULL,NULL,NULL,1,0,0,0,0,0,0),(1278,90,1,45,4,NULL,NULL,NULL,0,'Glancer',1,NULL,NULL,NULL,1,0,0,0,0,0,0),(1279,90,1,45,4,NULL,NULL,NULL,0,'Glancer',1,NULL,NULL,NULL,1,0,0,0,0,0,0),(1280,90,1,45,4,NULL,NULL,NULL,0,'Glancer',1,NULL,NULL,NULL,1,0,0,0,0,0,0),(1281,90,1,45,4,NULL,NULL,NULL,0,'Glancer',1,NULL,NULL,NULL,1,0,0,0,0,0,0),(1282,90,1,45,4,NULL,NULL,NULL,0,'Glancer',1,NULL,NULL,NULL,1,0,0,0,0,0,0),(1283,90,1,45,4,NULL,NULL,NULL,0,'Glancer',1,NULL,NULL,NULL,1,0,0,0,0,0,0),(1284,125,1,45,4,NULL,NULL,NULL,0,'Gnat',0,NULL,NULL,NULL,1,0,0,0,0,0,0),(1285,125,1,45,4,NULL,NULL,NULL,0,'Gnat',0,NULL,NULL,NULL,1,0,0,0,0,0,0),(1286,125,1,45,4,NULL,NULL,NULL,0,'Gnat',0,NULL,NULL,NULL,1,0,0,0,0,0,0),(1287,125,1,45,4,NULL,NULL,NULL,0,'Gnat',0,NULL,NULL,NULL,1,0,0,0,0,0,0),(1288,125,1,45,4,NULL,NULL,NULL,0,'Gnat',1,NULL,NULL,NULL,1,0,0,0,0,0,0),(1289,125,1,45,4,NULL,NULL,NULL,0,'Gnat',1,NULL,NULL,NULL,1,0,0,0,0,0,0),(1290,125,1,45,4,NULL,NULL,NULL,0,'Gnat',0,NULL,NULL,NULL,1,0,0,0,0,0,0),(1291,125,1,45,4,NULL,NULL,NULL,0,'Gnat',0,NULL,NULL,NULL,1,0,0,0,0,0,0),(1292,500,1,46,4,NULL,NULL,NULL,0,'Spudder',0,NULL,NULL,NULL,1,0,0,0,0,0,0),(1293,90,1,46,4,NULL,NULL,NULL,0,'Glancer',1,NULL,NULL,NULL,1,0,0,0,0,0,0),(1294,90,1,46,4,NULL,NULL,NULL,0,'Glancer',1,NULL,NULL,NULL,1,0,0,0,0,0,0),(1295,125,1,46,4,NULL,NULL,NULL,0,'Gnat',0,NULL,NULL,NULL,1,0,0,0,0,0,0),(1296,125,1,46,4,NULL,NULL,NULL,0,'Gnat',1,NULL,NULL,NULL,1,0,0,0,0,0,0),(1297,125,1,46,4,NULL,NULL,NULL,0,'Gnat',0,NULL,NULL,NULL,1,0,0,0,0,0,0),(1298,125,1,46,4,NULL,NULL,NULL,0,'Gnat',0,NULL,NULL,NULL,1,0,0,0,0,0,0),(1299,90,1,46,4,NULL,NULL,NULL,0,'Glancer',1,NULL,NULL,NULL,1,0,0,0,0,0,0),(1300,90,1,46,4,NULL,NULL,NULL,0,'Glancer',1,NULL,NULL,NULL,1,0,0,0,0,0,0),(1301,90,1,46,4,NULL,NULL,NULL,0,'Glancer',1,NULL,NULL,NULL,1,0,0,0,0,0,0),(1302,90,1,46,4,NULL,NULL,NULL,0,'Glancer',1,NULL,NULL,NULL,1,0,0,0,0,0,0),(1303,90,1,46,4,NULL,NULL,NULL,0,'Glancer',1,NULL,NULL,NULL,1,0,0,0,0,0,0),(1304,90,1,46,4,NULL,NULL,NULL,0,'Glancer',1,NULL,NULL,NULL,1,0,0,0,0,0,0),(1305,125,1,46,4,NULL,NULL,NULL,0,'Gnat',0,NULL,NULL,NULL,1,0,0,0,0,0,0),(1306,125,1,46,4,NULL,NULL,NULL,0,'Gnat',0,NULL,NULL,NULL,1,0,0,0,0,0,0),(1307,125,1,46,4,NULL,NULL,NULL,0,'Gnat',0,NULL,NULL,NULL,1,0,0,0,0,0,0),(1308,125,1,46,4,NULL,NULL,NULL,0,'Gnat',0,NULL,NULL,NULL,1,0,0,0,0,0,0),(1309,125,1,46,4,NULL,NULL,NULL,0,'Gnat',1,NULL,NULL,NULL,1,0,0,0,0,0,0),(1310,125,1,46,4,NULL,NULL,NULL,0,'Gnat',1,NULL,NULL,NULL,1,0,0,0,0,0,0),(1311,125,1,46,4,NULL,NULL,NULL,0,'Gnat',0,NULL,NULL,NULL,1,0,0,0,0,0,0),(1312,500,1,47,4,NULL,NULL,NULL,0,'Spudder',0,NULL,NULL,NULL,1,0,0,0,0,0,0),(1313,500,1,47,4,NULL,NULL,NULL,0,'Spudder',0,NULL,NULL,NULL,1,0,0,0,0,0,0),(1314,90,1,47,4,NULL,NULL,NULL,0,'Glancer',1,NULL,NULL,NULL,1,0,0,0,0,0,0),(1315,90,1,47,4,NULL,NULL,NULL,0,'Glancer',1,NULL,NULL,NULL,1,0,0,0,0,0,0),(1316,125,1,47,4,NULL,NULL,NULL,0,'Gnat',0,NULL,NULL,NULL,1,0,0,0,0,0,0),(1317,125,1,47,4,NULL,NULL,NULL,0,'Gnat',1,NULL,NULL,NULL,1,0,0,0,0,0,0),(1318,125,1,47,4,NULL,NULL,NULL,0,'Gnat',0,NULL,NULL,NULL,1,0,0,0,0,0,0),(1319,90,1,47,4,NULL,NULL,NULL,0,'Glancer',1,NULL,NULL,NULL,1,0,0,0,0,0,0),(1320,90,1,47,4,NULL,NULL,NULL,0,'Glancer',1,NULL,NULL,NULL,1,0,0,0,0,0,0),(1321,90,1,47,4,NULL,NULL,NULL,0,'Glancer',1,NULL,NULL,NULL,1,0,0,0,0,0,0),(1322,90,1,47,4,NULL,NULL,NULL,0,'Glancer',1,NULL,NULL,NULL,1,0,0,0,0,0,0),(1323,90,1,47,4,NULL,NULL,NULL,0,'Glancer',1,NULL,NULL,NULL,1,0,0,0,0,0,0),(1324,90,1,47,4,NULL,NULL,NULL,0,'Glancer',1,NULL,NULL,NULL,1,0,0,0,0,0,0),(1325,90,1,47,4,NULL,NULL,NULL,0,'Glancer',1,NULL,NULL,NULL,1,0,0,0,0,0,0),(1326,125,1,47,4,NULL,NULL,NULL,0,'Gnat',0,NULL,NULL,NULL,1,0,0,0,0,0,0),(1327,125,1,47,4,NULL,NULL,NULL,0,'Gnat',0,NULL,NULL,NULL,1,0,0,0,0,0,0),(1328,125,1,47,4,NULL,NULL,NULL,0,'Gnat',0,NULL,NULL,NULL,1,0,0,0,0,0,0),(1329,125,1,47,4,NULL,NULL,NULL,0,'Gnat',0,NULL,NULL,NULL,1,0,0,0,0,0,0),(1330,125,1,47,4,NULL,NULL,NULL,0,'Gnat',1,NULL,NULL,NULL,1,0,0,0,0,0,0),(1331,125,1,47,4,NULL,NULL,NULL,0,'Gnat',1,NULL,NULL,NULL,1,0,0,0,0,0,0),(1332,125,1,47,4,NULL,NULL,NULL,0,'Gnat',0,NULL,NULL,NULL,1,0,0,0,0,0,0),(1333,500,1,48,4,NULL,NULL,NULL,0,'Spudder',0,NULL,NULL,NULL,1,0,0,0,0,0,0),(1334,500,1,48,4,NULL,NULL,NULL,0,'Spudder',0,NULL,NULL,NULL,1,0,0,0,0,0,0),(1335,90,1,48,4,NULL,NULL,NULL,0,'Glancer',1,NULL,NULL,NULL,1,0,0,0,0,0,0),(1336,90,1,48,4,NULL,NULL,NULL,0,'Glancer',1,NULL,NULL,NULL,1,0,0,0,0,0,0),(1337,125,1,48,4,NULL,NULL,NULL,0,'Gnat',0,NULL,NULL,NULL,1,0,0,0,0,0,0),(1338,125,1,48,4,NULL,NULL,NULL,0,'Gnat',1,NULL,NULL,NULL,1,0,0,0,0,0,0),(1339,125,1,48,4,NULL,NULL,NULL,0,'Gnat',0,NULL,NULL,NULL,1,0,0,0,0,0,0),(1340,90,1,48,4,NULL,NULL,NULL,0,'Glancer',1,NULL,NULL,NULL,1,0,0,0,0,0,0),(1341,90,1,48,4,NULL,NULL,NULL,0,'Glancer',1,NULL,NULL,NULL,1,0,0,0,0,0,0),(1342,90,1,48,4,NULL,NULL,NULL,0,'Glancer',1,NULL,NULL,NULL,1,0,0,0,0,0,0),(1343,90,1,48,4,NULL,NULL,NULL,0,'Glancer',1,NULL,NULL,NULL,1,0,0,0,0,0,0),(1344,125,1,48,4,NULL,NULL,NULL,0,'Gnat',0,NULL,NULL,NULL,1,0,0,0,0,0,0),(1345,125,1,48,4,NULL,NULL,NULL,0,'Gnat',0,NULL,NULL,NULL,1,0,0,0,0,0,0),(1346,125,1,48,4,NULL,NULL,NULL,0,'Gnat',0,NULL,NULL,NULL,1,0,0,0,0,0,0),(1347,125,1,48,4,NULL,NULL,NULL,0,'Gnat',0,NULL,NULL,NULL,1,0,0,0,0,0,0),(1348,125,1,48,4,NULL,NULL,NULL,0,'Gnat',1,NULL,NULL,NULL,1,0,0,0,0,0,0),(1349,125,1,48,4,NULL,NULL,NULL,0,'Gnat',1,NULL,NULL,NULL,1,0,0,0,0,0,0),(1350,125,1,48,4,NULL,NULL,NULL,0,'Gnat',0,NULL,NULL,NULL,1,0,0,0,0,0,0),(1351,125,1,48,4,NULL,NULL,NULL,0,'Gnat',0,NULL,NULL,NULL,1,0,0,0,0,0,0),(1352,125,1,48,4,NULL,NULL,NULL,0,'Gnat',0,NULL,NULL,NULL,1,0,0,0,0,0,0),(1353,500,1,49,4,NULL,NULL,NULL,0,'Spudder',0,NULL,NULL,NULL,1,0,0,0,0,0,0),(1354,500,1,49,4,NULL,NULL,NULL,0,'Spudder',0,NULL,NULL,NULL,1,0,0,0,0,0,0),(1355,90,1,49,4,NULL,NULL,NULL,0,'Glancer',1,NULL,NULL,NULL,1,0,0,0,0,0,0),(1356,90,1,49,4,NULL,NULL,NULL,0,'Glancer',1,NULL,NULL,NULL,1,0,0,0,0,0,0),(1357,125,1,49,4,NULL,NULL,NULL,0,'Gnat',0,NULL,NULL,NULL,1,0,0,0,0,0,0),(1358,125,1,49,4,NULL,NULL,NULL,0,'Gnat',1,NULL,NULL,NULL,1,0,0,0,0,0,0),(1359,125,1,49,4,NULL,NULL,NULL,0,'Gnat',0,NULL,NULL,NULL,1,0,0,0,0,0,0),(1360,90,1,49,4,NULL,NULL,NULL,0,'Glancer',1,NULL,NULL,NULL,1,0,0,0,0,0,0),(1361,90,1,49,4,NULL,NULL,NULL,0,'Glancer',1,NULL,NULL,NULL,1,0,0,0,0,0,0),(1362,90,1,49,4,NULL,NULL,NULL,0,'Glancer',1,NULL,NULL,NULL,1,0,0,0,0,0,0),(1363,90,1,49,4,NULL,NULL,NULL,0,'Glancer',1,NULL,NULL,NULL,1,0,0,0,0,0,0),(1364,125,1,49,4,NULL,NULL,NULL,0,'Gnat',0,NULL,NULL,NULL,1,0,0,0,0,0,0),(1365,125,1,49,4,NULL,NULL,NULL,0,'Gnat',0,NULL,NULL,NULL,1,0,0,0,0,0,0),(1366,125,1,49,4,NULL,NULL,NULL,0,'Gnat',0,NULL,NULL,NULL,1,0,0,0,0,0,0),(1367,125,1,49,4,NULL,NULL,NULL,0,'Gnat',0,NULL,NULL,NULL,1,0,0,0,0,0,0),(1368,125,1,49,4,NULL,NULL,NULL,0,'Gnat',1,NULL,NULL,NULL,1,0,0,0,0,0,0),(1369,125,1,49,4,NULL,NULL,NULL,0,'Gnat',1,NULL,NULL,NULL,1,0,0,0,0,0,0),(1370,125,1,49,4,NULL,NULL,NULL,0,'Gnat',1,NULL,NULL,NULL,1,0,0,0,0,0,0),(1371,900,1,50,4,NULL,NULL,NULL,0,'Gnawer',0,NULL,NULL,NULL,1,0,0,0,0,0,0),(1372,900,1,50,4,NULL,NULL,NULL,0,'Gnawer',0,NULL,NULL,NULL,1,0,0,0,0,0,0),(1373,900,1,50,4,NULL,NULL,NULL,0,'Gnawer',0,NULL,NULL,NULL,1,0,0,0,0,0,0),(1374,500,1,50,4,NULL,NULL,NULL,0,'Spudder',0,NULL,NULL,NULL,1,0,0,0,0,0,0),(1375,500,1,50,4,NULL,NULL,NULL,0,'Spudder',0,NULL,NULL,NULL,1,0,0,0,0,0,0),(1376,500,1,50,4,NULL,NULL,NULL,0,'Spudder',1,NULL,NULL,NULL,1,0,0,0,0,0,0),(1377,500,1,50,4,NULL,NULL,NULL,0,'Spudder',0,NULL,NULL,NULL,1,0,0,0,0,0,0),(1378,500,1,50,4,NULL,NULL,NULL,0,'Spudder',1,NULL,NULL,NULL,1,0,0,0,0,0,0),(1379,500,1,50,4,NULL,NULL,NULL,0,'Spudder',0,NULL,NULL,NULL,1,0,0,0,0,0,0),(1380,90,1,50,4,NULL,NULL,NULL,0,'Glancer',1,NULL,NULL,NULL,1,0,0,0,0,0,0),(1381,125,1,50,4,NULL,NULL,NULL,0,'Gnat',0,NULL,NULL,NULL,1,0,0,0,0,0,0),(1382,90,1,50,4,NULL,NULL,NULL,0,'Glancer',1,NULL,NULL,NULL,1,0,0,0,0,0,0),(1383,90,1,50,4,NULL,NULL,NULL,0,'Glancer',1,NULL,NULL,NULL,1,0,0,0,0,0,0),(1384,90,1,50,4,NULL,NULL,NULL,0,'Glancer',1,NULL,NULL,NULL,1,0,0,0,0,0,0),(1385,90,1,50,4,NULL,NULL,NULL,0,'Glancer',1,NULL,NULL,NULL,1,0,0,0,0,0,0),(1386,90,1,50,4,NULL,NULL,NULL,0,'Glancer',1,NULL,NULL,NULL,1,0,0,0,0,0,0),(1387,125,1,50,4,NULL,NULL,NULL,0,'Gnat',0,NULL,NULL,NULL,1,0,0,0,0,0,0),(1388,125,1,50,4,NULL,NULL,NULL,0,'Gnat',0,NULL,NULL,NULL,1,0,0,0,0,0,0),(1389,125,1,50,4,NULL,NULL,NULL,0,'Gnat',0,NULL,NULL,NULL,1,0,0,0,0,0,0),(1390,125,1,50,4,NULL,NULL,NULL,0,'Gnat',0,NULL,NULL,NULL,1,0,0,0,0,0,0),(1391,125,1,50,4,NULL,NULL,NULL,0,'Gnat',1,NULL,NULL,NULL,1,0,0,0,0,0,0),(1392,125,1,50,4,NULL,NULL,NULL,0,'Gnat',1,NULL,NULL,NULL,1,0,0,0,0,0,0),(1393,125,1,50,4,NULL,NULL,NULL,0,'Gnat',1,NULL,NULL,NULL,1,0,0,0,0,0,0),(1394,125,1,50,4,NULL,NULL,NULL,0,'Gnat',1,NULL,NULL,NULL,1,0,0,0,0,0,0),(1395,900,1,51,4,NULL,NULL,NULL,0,'Gnawer',0,NULL,NULL,NULL,1,0,0,0,0,0,0),(1396,900,1,51,4,NULL,NULL,NULL,0,'Gnawer',0,NULL,NULL,NULL,1,0,0,0,0,0,0),(1397,900,1,51,4,NULL,NULL,NULL,0,'Gnawer',0,NULL,NULL,NULL,1,0,0,0,0,0,0),(1398,500,1,51,4,NULL,NULL,NULL,0,'Spudder',0,NULL,NULL,NULL,1,0,0,0,0,0,0),(1399,500,1,51,4,NULL,NULL,NULL,0,'Spudder',0,NULL,NULL,NULL,1,0,0,0,0,0,0),(1400,500,1,51,4,NULL,NULL,NULL,0,'Spudder',0,NULL,NULL,NULL,1,0,0,0,0,0,0),(1401,500,1,51,4,NULL,NULL,NULL,0,'Spudder',0,NULL,NULL,NULL,1,0,0,0,0,0,0),(1402,90,1,51,4,NULL,NULL,NULL,0,'Glancer',1,NULL,NULL,NULL,1,0,0,0,0,0,0),(1403,90,1,51,4,NULL,NULL,NULL,0,'Glancer',1,NULL,NULL,NULL,1,0,0,0,0,0,0),(1404,125,1,51,4,NULL,NULL,NULL,0,'Gnat',1,NULL,NULL,NULL,1,0,0,0,0,0,0),(1405,125,1,51,4,NULL,NULL,NULL,0,'Gnat',0,NULL,NULL,NULL,1,0,0,0,0,0,0),(1406,125,1,51,4,NULL,NULL,NULL,0,'Gnat',0,NULL,NULL,NULL,1,0,0,0,0,0,0),(1407,90,1,51,4,NULL,NULL,NULL,0,'Glancer',1,NULL,NULL,NULL,1,0,0,0,0,0,0),(1408,90,1,51,4,NULL,NULL,NULL,0,'Glancer',1,NULL,NULL,NULL,1,0,0,0,0,0,0),(1409,90,1,51,4,NULL,NULL,NULL,0,'Glancer',1,NULL,NULL,NULL,1,0,0,0,0,0,0),(1410,90,1,51,4,NULL,NULL,NULL,0,'Glancer',1,NULL,NULL,NULL,1,0,0,0,0,0,0),(1411,90,1,51,4,NULL,NULL,NULL,0,'Glancer',1,NULL,NULL,NULL,1,0,0,0,0,0,0),(1412,125,1,51,4,NULL,NULL,NULL,0,'Gnat',0,NULL,NULL,NULL,1,0,0,0,0,0,0),(1413,125,1,51,4,NULL,NULL,NULL,0,'Gnat',0,NULL,NULL,NULL,1,0,0,0,0,0,0),(1414,125,1,51,4,NULL,NULL,NULL,0,'Gnat',0,NULL,NULL,NULL,1,0,0,0,0,0,0),(1415,125,1,51,4,NULL,NULL,NULL,0,'Gnat',0,NULL,NULL,NULL,1,0,0,0,0,0,0),(1416,125,1,51,4,NULL,NULL,NULL,0,'Gnat',1,NULL,NULL,NULL,1,0,0,0,0,0,0),(1417,125,1,51,4,NULL,NULL,NULL,0,'Gnat',1,NULL,NULL,NULL,1,0,0,0,0,0,0),(1418,125,1,51,4,NULL,NULL,NULL,0,'Gnat',0,NULL,NULL,NULL,1,0,0,0,0,0,0),(1419,90,1,52,4,NULL,NULL,NULL,0,'Glancer',1,NULL,NULL,NULL,1,0,0,0,0,0,0),(1420,90,1,52,4,NULL,NULL,NULL,0,'Glancer',1,NULL,NULL,NULL,1,0,0,0,0,0,0),(1421,125,1,52,4,NULL,NULL,NULL,0,'Gnat',0,NULL,NULL,NULL,1,0,0,0,0,0,0),(1422,125,1,52,4,NULL,NULL,NULL,0,'Gnat',0,NULL,NULL,NULL,1,0,0,0,0,0,0),(1423,125,1,52,4,NULL,NULL,NULL,0,'Gnat',0,NULL,NULL,NULL,1,0,0,0,0,0,0),(1424,90,1,52,4,NULL,NULL,NULL,0,'Glancer',1,NULL,NULL,NULL,1,0,0,0,0,0,0),(1425,90,1,52,4,NULL,NULL,NULL,0,'Glancer',1,NULL,NULL,NULL,1,0,0,0,0,0,0),(1426,90,1,52,4,NULL,NULL,NULL,0,'Glancer',1,NULL,NULL,NULL,1,0,0,0,0,0,0),(1427,90,1,52,4,NULL,NULL,NULL,0,'Glancer',1,NULL,NULL,NULL,1,0,0,0,0,0,0),(1428,90,1,52,4,NULL,NULL,NULL,0,'Glancer',1,NULL,NULL,NULL,1,0,0,0,0,0,0),(1429,90,1,52,4,NULL,NULL,NULL,0,'Glancer',1,NULL,NULL,NULL,1,0,0,0,0,0,0),(1430,125,1,52,4,NULL,NULL,NULL,0,'Gnat',0,NULL,NULL,NULL,1,0,0,0,0,0,0),(1431,125,1,52,4,NULL,NULL,NULL,0,'Gnat',0,NULL,NULL,NULL,1,0,0,0,0,0,0),(1432,125,1,52,4,NULL,NULL,NULL,0,'Gnat',0,NULL,NULL,NULL,1,0,0,0,0,0,0),(1433,125,1,52,4,NULL,NULL,NULL,0,'Gnat',0,NULL,NULL,NULL,1,0,0,0,0,0,0),(1434,125,1,52,4,NULL,NULL,NULL,0,'Gnat',1,NULL,NULL,NULL,1,0,0,0,0,0,0),(1435,125,1,52,4,NULL,NULL,NULL,0,'Gnat',1,NULL,NULL,NULL,1,0,0,0,0,0,0),(1436,125,1,52,4,NULL,NULL,NULL,0,'Gnat',0,NULL,NULL,NULL,1,0,0,0,0,0,0),(1437,125,1,52,4,NULL,NULL,NULL,0,'Gnat',1,NULL,NULL,NULL,1,0,0,0,0,0,0),(1438,125,1,52,4,NULL,NULL,NULL,0,'Gnat',1,NULL,NULL,NULL,1,0,0,0,0,0,0),(1439,125,1,53,4,NULL,NULL,NULL,0,'Gnat',0,NULL,NULL,NULL,1,0,0,0,0,0,0),(1440,125,1,53,4,NULL,NULL,NULL,0,'Gnat',0,NULL,NULL,NULL,1,0,0,0,0,0,0),(1441,125,1,53,4,NULL,NULL,NULL,0,'Gnat',0,NULL,NULL,NULL,1,0,0,0,0,0,0),(1442,125,1,53,4,NULL,NULL,NULL,0,'Gnat',0,NULL,NULL,NULL,1,0,0,0,0,0,0),(1443,125,1,53,4,NULL,NULL,NULL,0,'Gnat',1,NULL,NULL,NULL,1,0,0,0,0,0,0),(1444,125,1,53,4,NULL,NULL,NULL,0,'Gnat',1,NULL,NULL,NULL,1,0,0,0,0,0,0),(1445,125,1,54,4,NULL,NULL,NULL,0,'Gnat',0,NULL,NULL,NULL,1,0,0,0,0,0,0),(1446,125,1,54,4,NULL,NULL,NULL,0,'Gnat',0,NULL,NULL,NULL,1,0,0,0,0,0,0),(1447,125,1,54,4,NULL,NULL,NULL,0,'Gnat',0,NULL,NULL,NULL,1,0,0,0,0,0,0),(1448,125,1,54,4,NULL,NULL,NULL,0,'Gnat',0,NULL,NULL,NULL,1,0,0,0,0,0,0),(1449,125,1,54,4,NULL,NULL,NULL,0,'Gnat',1,NULL,NULL,NULL,1,0,0,0,0,0,0),(1450,125,1,54,4,NULL,NULL,NULL,0,'Gnat',1,NULL,NULL,NULL,1,0,0,0,0,0,0),(1451,125,1,54,4,NULL,NULL,NULL,0,'Gnat',0,NULL,NULL,NULL,1,0,0,0,0,0,0),(1452,125,1,54,4,NULL,NULL,NULL,0,'Gnat',1,NULL,NULL,NULL,1,0,0,0,0,0,0),(1453,125,1,54,4,NULL,NULL,NULL,0,'Gnat',1,NULL,NULL,NULL,1,0,0,0,0,0,0),(1454,125,1,55,4,NULL,NULL,NULL,0,'Gnat',0,NULL,NULL,NULL,1,0,0,0,0,0,0),(1455,125,1,55,4,NULL,NULL,NULL,0,'Gnat',0,NULL,NULL,NULL,1,0,0,0,0,0,0),(1456,125,1,55,4,NULL,NULL,NULL,0,'Gnat',0,NULL,NULL,NULL,1,0,0,0,0,0,0),(1457,125,1,55,4,NULL,NULL,NULL,0,'Gnat',0,NULL,NULL,NULL,1,0,0,0,0,0,0),(1458,125,1,55,4,NULL,NULL,NULL,0,'Gnat',1,NULL,NULL,NULL,1,0,0,0,0,0,0),(1459,125,1,55,4,NULL,NULL,NULL,0,'Gnat',1,NULL,NULL,NULL,1,0,0,0,0,0,0),(1460,125,1,56,4,NULL,NULL,NULL,0,'Gnat',0,NULL,NULL,NULL,1,0,0,0,0,0,0),(1461,125,1,56,4,NULL,NULL,NULL,0,'Gnat',0,NULL,NULL,NULL,1,0,0,0,0,0,0),(1462,125,1,56,4,NULL,NULL,NULL,0,'Gnat',0,NULL,NULL,NULL,1,0,0,0,0,0,0),(1463,125,1,56,4,NULL,NULL,NULL,0,'Gnat',0,NULL,NULL,NULL,1,0,0,0,0,0,0),(1464,125,1,56,4,NULL,NULL,NULL,0,'Gnat',1,NULL,NULL,NULL,1,0,0,0,0,0,0),(1465,125,1,56,4,NULL,NULL,NULL,0,'Gnat',1,NULL,NULL,NULL,1,0,0,0,0,0,0),(1466,125,1,56,4,NULL,NULL,NULL,0,'Gnat',1,NULL,NULL,NULL,1,0,0,0,0,0,0),(1467,125,1,56,4,NULL,NULL,NULL,0,'Gnat',1,NULL,NULL,NULL,1,0,0,0,0,0,0),(1468,26875,1,7,1,NULL,NULL,NULL,0,'Demosis',0,1,45,NULL,1,0,0,0,0,0,0),(1469,26875,1,7,1,NULL,NULL,NULL,0,'Demosis',0,1,45,NULL,1,0,0,0,0,0,0),(1470,4475,1,7,1,NULL,NULL,NULL,0,'Thor',0,1,45,NULL,1,0,0,0,0,0,0),(1471,4475,1,7,1,NULL,NULL,NULL,0,'Thor',1,1,45,NULL,1,0,0,0,0,0,0),(1472,4475,1,7,1,NULL,NULL,NULL,0,'Thor',1,1,45,NULL,1,0,0,0,0,0,0),(1473,4475,1,7,1,NULL,NULL,NULL,0,'Thor',1,1,45,NULL,1,0,0,0,0,0,0),(1474,4475,1,7,1,NULL,NULL,NULL,0,'Thor',1,1,45,NULL,1,0,0,0,0,0,0),(1475,2812,1,7,1,NULL,NULL,NULL,0,'Dirac',1,1,45,NULL,1,0,0,0,0,0,0),(1476,2812,1,7,1,NULL,NULL,NULL,0,'Dirac',0,1,45,NULL,1,0,0,0,0,0,0),(1477,2812,1,7,1,NULL,NULL,NULL,0,'Dirac',1,1,45,NULL,1,0,0,0,0,0,0),(1478,2812,1,7,1,NULL,NULL,NULL,0,'Dirac',1,1,45,NULL,1,0,0,0,0,0,0),(1479,2812,1,7,1,NULL,NULL,NULL,0,'Dirac',1,1,45,NULL,1,0,0,0,0,0,0),(1480,2812,1,7,1,NULL,NULL,NULL,0,'Dirac',1,1,45,NULL,1,0,0,0,0,0,0),(1481,2812,1,7,1,NULL,NULL,NULL,0,'Dirac',1,1,45,NULL,1,0,0,0,0,0,0),(1482,2812,1,7,1,NULL,NULL,NULL,0,'Dirac',1,1,45,NULL,1,0,0,0,0,0,0),(1483,2812,1,7,1,NULL,NULL,NULL,0,'Dirac',1,1,45,NULL,1,0,0,0,0,0,0),(1484,2812,1,7,1,NULL,NULL,NULL,0,'Dirac',0,1,45,NULL,1,0,0,0,0,0,0),(1485,2812,1,7,1,NULL,NULL,NULL,0,'Dirac',1,1,45,NULL,1,0,0,0,0,0,0),(1486,4475,1,7,1,NULL,NULL,NULL,0,'Thor',1,1,225,NULL,1,0,0,0,0,0,0),(1487,4475,1,7,1,NULL,NULL,NULL,0,'Thor',0,1,225,NULL,1,0,0,0,0,0,0),(1488,4475,1,7,1,NULL,NULL,NULL,0,'Thor',1,1,225,NULL,1,0,0,0,0,0,0),(1489,4475,1,7,1,NULL,NULL,NULL,0,'Thor',0,1,225,NULL,1,0,0,0,0,0,0),(1490,2812,1,7,1,NULL,NULL,NULL,0,'Dirac',1,1,225,NULL,1,0,0,0,0,0,0),(1491,2812,1,7,1,NULL,NULL,NULL,0,'Dirac',0,1,225,NULL,1,0,0,0,0,0,0),(1492,2812,1,7,1,NULL,NULL,NULL,0,'Dirac',1,1,225,NULL,1,0,0,0,0,0,0),(1493,2812,1,7,1,NULL,NULL,NULL,0,'Dirac',1,1,225,NULL,1,0,0,0,0,0,0),(1494,2812,1,7,1,NULL,NULL,NULL,0,'Dirac',0,1,225,NULL,1,0,0,0,0,0,0),(1495,2812,1,7,1,NULL,NULL,NULL,0,'Dirac',0,1,225,NULL,1,0,0,0,0,0,0),(1496,2812,1,7,1,NULL,NULL,NULL,0,'Dirac',1,1,225,NULL,1,0,0,0,0,0,0),(1497,2812,1,7,1,NULL,NULL,NULL,0,'Dirac',1,1,225,NULL,1,0,0,0,0,0,0),(1498,2812,1,7,1,NULL,NULL,NULL,0,'Dirac',1,1,225,NULL,1,0,0,0,0,0,0),(1499,2812,1,7,1,NULL,NULL,NULL,0,'Dirac',0,1,225,NULL,1,0,0,0,0,0,0),(1500,26875,1,7,1,NULL,NULL,NULL,0,'Demosis',0,2,210,NULL,1,0,0,0,0,0,0),(1501,4475,1,7,1,NULL,NULL,NULL,0,'Thor',0,2,210,NULL,1,0,0,0,0,0,0),(1502,4475,1,7,1,NULL,NULL,NULL,0,'Thor',0,2,210,NULL,1,0,0,0,0,0,0),(1503,4475,1,7,1,NULL,NULL,NULL,0,'Thor',0,2,210,NULL,1,0,0,0,0,0,0),(1504,4475,1,7,1,NULL,NULL,NULL,0,'Thor',0,2,210,NULL,1,0,0,0,0,0,0),(1505,4475,1,7,1,NULL,NULL,NULL,0,'Thor',1,2,210,NULL,1,0,0,0,0,0,0),(1506,4475,1,7,1,NULL,NULL,NULL,0,'Thor',0,2,210,NULL,1,0,0,0,0,0,0),(1507,2812,1,7,1,NULL,NULL,NULL,0,'Dirac',0,2,210,NULL,1,0,0,0,0,0,0),(1508,2812,1,7,1,NULL,NULL,NULL,0,'Dirac',1,2,210,NULL,1,0,0,0,0,0,0),(1509,2812,1,7,1,NULL,NULL,NULL,0,'Dirac',0,2,210,NULL,1,0,0,0,0,0,0),(1510,2812,1,7,1,NULL,NULL,NULL,0,'Dirac',1,2,210,NULL,1,0,0,0,0,0,0),(1511,2812,1,7,1,NULL,NULL,NULL,0,'Dirac',1,2,210,NULL,1,0,0,0,0,0,0),(1512,2812,1,7,1,NULL,NULL,NULL,0,'Dirac',1,2,210,NULL,1,0,0,0,0,0,0),(1513,2812,1,7,1,NULL,NULL,NULL,0,'Dirac',0,2,210,NULL,1,0,0,0,0,0,0),(1514,4475,1,7,1,NULL,NULL,NULL,0,'Thor',1,1,180,NULL,1,0,0,0,0,0,0),(1515,4475,1,7,1,NULL,NULL,NULL,0,'Thor',1,1,180,NULL,1,0,0,0,0,0,0),(1516,4475,1,7,1,NULL,NULL,NULL,0,'Thor',1,1,180,NULL,1,0,0,0,0,0,0),(1517,2812,1,7,1,NULL,NULL,NULL,0,'Dirac',0,1,180,NULL,1,0,0,0,0,0,0),(1518,2812,1,7,1,NULL,NULL,NULL,0,'Dirac',0,1,180,NULL,1,0,0,0,0,0,0),(1519,2812,1,7,1,NULL,NULL,NULL,0,'Dirac',1,1,180,NULL,1,0,0,0,0,0,0),(1520,2812,1,7,1,NULL,NULL,NULL,0,'Dirac',1,1,180,NULL,1,0,0,0,0,0,0),(1521,2812,1,7,1,NULL,NULL,NULL,0,'Dirac',0,1,180,NULL,1,0,0,0,0,0,0),(1522,2812,1,7,1,NULL,NULL,NULL,0,'Dirac',1,1,180,NULL,1,0,0,0,0,0,0),(1523,2812,1,7,1,NULL,NULL,NULL,0,'Dirac',0,1,180,NULL,1,0,0,0,0,0,0),(1524,2812,1,7,1,NULL,NULL,NULL,0,'Dirac',0,1,180,NULL,1,0,0,0,0,0,0),(1525,2812,1,7,1,NULL,NULL,NULL,0,'Dirac',0,1,180,NULL,1,0,0,0,0,0,0),(1526,26875,1,7,1,NULL,NULL,NULL,0,'Demosis',0,3,134,NULL,1,0,0,0,0,0,0),(1527,26875,1,7,1,NULL,NULL,NULL,0,'Demosis',0,3,134,NULL,1,0,0,0,0,0,0),(1528,26875,1,7,1,NULL,NULL,NULL,0,'Demosis',0,3,134,NULL,1,0,0,0,0,0,0),(1529,4475,1,7,1,NULL,NULL,NULL,0,'Thor',0,3,134,NULL,1,0,0,0,0,0,0),(1530,4475,1,7,1,NULL,NULL,NULL,0,'Thor',1,3,134,NULL,1,0,0,0,0,0,0),(1531,4475,1,7,1,NULL,NULL,NULL,0,'Thor',1,3,134,NULL,1,0,0,0,0,0,0),(1532,4475,1,7,1,NULL,NULL,NULL,0,'Thor',0,3,134,NULL,1,0,0,0,0,0,0),(1533,4475,1,7,1,NULL,NULL,NULL,0,'Thor',0,3,134,NULL,1,0,0,0,0,0,0),(1534,4475,1,7,1,NULL,NULL,NULL,0,'Thor',1,3,134,NULL,1,0,0,0,0,0,0),(1535,4475,1,7,1,NULL,NULL,NULL,0,'Thor',1,3,134,NULL,1,0,0,0,0,0,0),(1536,4475,1,7,1,NULL,NULL,NULL,0,'Thor',1,3,134,NULL,1,0,0,0,0,0,0),(1537,2812,1,7,1,NULL,NULL,NULL,0,'Dirac',0,3,134,NULL,1,0,0,0,0,0,0),(1538,2812,1,7,1,NULL,NULL,NULL,0,'Dirac',0,3,134,NULL,1,0,0,0,0,0,0),(1539,2812,1,7,1,NULL,NULL,NULL,0,'Dirac',0,3,134,NULL,1,0,0,0,0,0,0),(1540,2812,1,7,1,NULL,NULL,NULL,0,'Dirac',0,3,134,NULL,1,0,0,0,0,0,0),(1541,2812,1,7,1,NULL,NULL,NULL,0,'Dirac',0,3,134,NULL,1,0,0,0,0,0,0),(1542,2812,1,7,1,NULL,NULL,NULL,0,'Dirac',1,3,134,NULL,1,0,0,0,0,0,0),(1543,2812,1,7,1,NULL,NULL,NULL,0,'Dirac',0,3,134,NULL,1,0,0,0,0,0,0),(1544,2812,1,7,1,NULL,NULL,NULL,0,'Dirac',0,3,134,NULL,1,0,0,0,0,0,0),(1545,2812,1,7,1,NULL,NULL,NULL,0,'Dirac',1,3,134,NULL,1,0,0,0,0,0,0),(1546,2812,1,7,1,NULL,NULL,NULL,0,'Dirac',0,3,134,NULL,1,0,0,0,0,0,0),(1547,2812,1,7,1,NULL,NULL,NULL,0,'Dirac',1,3,134,NULL,1,0,0,0,0,0,0),(1548,2812,1,7,1,NULL,NULL,NULL,0,'Dirac',0,3,134,NULL,1,0,0,0,0,0,0),(1549,2812,1,7,1,NULL,NULL,NULL,0,'Dirac',0,3,134,NULL,1,0,0,0,0,0,0),(1550,2812,1,7,1,NULL,NULL,NULL,0,'Dirac',0,3,134,NULL,1,0,0,0,0,0,0),(1551,2812,1,7,1,NULL,NULL,NULL,0,'Dirac',1,3,134,NULL,1,0,0,0,0,0,0),(1552,2812,1,7,1,NULL,NULL,NULL,0,'Dirac',1,3,134,NULL,1,0,0,0,0,0,0),(1553,26875,1,7,1,NULL,NULL,NULL,0,'Demosis',0,1,0,NULL,1,0,0,0,0,0,0),(1554,4475,1,7,1,NULL,NULL,NULL,0,'Thor',1,1,0,NULL,1,0,0,0,0,0,0),(1555,4475,1,7,1,NULL,NULL,NULL,0,'Thor',0,1,0,NULL,1,0,0,0,0,0,0),(1556,4475,1,7,1,NULL,NULL,NULL,0,'Thor',0,1,0,NULL,1,0,0,0,0,0,0),(1557,4475,1,7,1,NULL,NULL,NULL,0,'Thor',0,1,0,NULL,1,0,0,0,0,0,0),(1558,2812,1,7,1,NULL,NULL,NULL,0,'Dirac',0,1,0,NULL,1,0,0,0,0,0,0),(1559,2812,1,7,1,NULL,NULL,NULL,0,'Dirac',0,1,0,NULL,1,0,0,0,0,0,0),(1560,2812,1,7,1,NULL,NULL,NULL,0,'Dirac',1,1,0,NULL,1,0,0,0,0,0,0),(1561,2812,1,7,1,NULL,NULL,NULL,0,'Dirac',0,1,0,NULL,1,0,0,0,0,0,0),(1562,2812,1,7,1,NULL,NULL,NULL,0,'Dirac',0,1,0,NULL,1,0,0,0,0,0,0),(1563,2812,1,7,1,NULL,NULL,NULL,0,'Dirac',1,1,0,NULL,1,0,0,0,0,0,0),(1564,2812,1,7,1,NULL,NULL,NULL,0,'Dirac',0,1,0,NULL,1,0,0,0,0,0,0),(1565,2812,1,7,1,NULL,NULL,NULL,0,'Dirac',1,1,0,NULL,1,0,0,0,0,0,0),(1566,2812,1,7,1,NULL,NULL,NULL,0,'Dirac',1,1,0,NULL,1,0,0,0,0,0,0),(1567,2812,1,7,1,NULL,NULL,NULL,0,'Dirac',1,1,0,NULL,1,0,0,0,0,0,0),(1568,2812,1,7,1,NULL,NULL,NULL,0,'Dirac',1,1,0,NULL,1,0,0,0,0,0,0),(1569,2812,1,7,1,NULL,NULL,NULL,0,'Dirac',1,1,0,NULL,1,0,0,0,0,0,0),(1570,2812,1,7,1,NULL,NULL,NULL,0,'Dirac',1,1,0,NULL,1,0,0,0,0,0,0),(1571,2812,1,7,1,NULL,NULL,NULL,0,'Dirac',0,1,0,NULL,1,0,0,0,0,0,0),(1572,2812,1,7,1,NULL,NULL,NULL,0,'Dirac',0,1,0,NULL,1,0,0,0,0,0,0),(1573,26875,1,7,1,NULL,NULL,NULL,0,'Demosis',0,2,60,NULL,1,0,0,0,0,0,0),(1574,26875,1,7,1,NULL,NULL,NULL,0,'Demosis',0,2,60,NULL,1,0,0,0,0,0,0),(1575,4475,1,7,1,NULL,NULL,NULL,0,'Thor',0,2,60,NULL,1,0,0,0,0,0,0),(1576,4475,1,7,1,NULL,NULL,NULL,0,'Thor',1,2,60,NULL,1,0,0,0,0,0,0),(1577,2812,1,7,1,NULL,NULL,NULL,0,'Dirac',0,2,60,NULL,1,0,0,0,0,0,0),(1578,2812,1,7,1,NULL,NULL,NULL,0,'Dirac',0,2,60,NULL,1,0,0,0,0,0,0),(1579,2812,1,7,1,NULL,NULL,NULL,0,'Dirac',0,2,60,NULL,1,0,0,0,0,0,0),(1580,2812,1,7,1,NULL,NULL,NULL,0,'Dirac',1,2,60,NULL,1,0,0,0,0,0,0),(1581,2812,1,7,1,NULL,NULL,NULL,0,'Dirac',1,2,60,NULL,1,0,0,0,0,0,0),(1582,2812,1,7,1,NULL,NULL,NULL,0,'Dirac',0,2,60,NULL,1,0,0,0,0,0,0),(1583,2812,1,7,1,NULL,NULL,NULL,0,'Dirac',0,2,60,NULL,1,0,0,0,0,0,0),(1584,2812,1,7,1,NULL,NULL,NULL,0,'Dirac',1,2,60,NULL,1,0,0,0,0,0,0),(1585,26875,1,7,1,NULL,NULL,NULL,0,'Demosis',0,2,30,NULL,1,0,0,0,0,0,0),(1586,4475,1,7,1,NULL,NULL,NULL,0,'Thor',0,2,30,NULL,1,0,0,0,0,0,0),(1587,4475,1,7,1,NULL,NULL,NULL,0,'Thor',1,2,30,NULL,1,0,0,0,0,0,0),(1588,4475,1,7,1,NULL,NULL,NULL,0,'Thor',1,2,30,NULL,1,0,0,0,0,0,0),(1589,4475,1,7,1,NULL,NULL,NULL,0,'Thor',1,2,30,NULL,1,0,0,0,0,0,0),(1590,4475,1,7,1,NULL,NULL,NULL,0,'Thor',1,2,30,NULL,1,0,0,0,0,0,0),(1591,4475,1,7,1,NULL,NULL,NULL,0,'Thor',0,2,30,NULL,1,0,0,0,0,0,0),(1592,4475,1,7,1,NULL,NULL,NULL,0,'Thor',1,2,30,NULL,1,0,0,0,0,0,0),(1593,2812,1,7,1,NULL,NULL,NULL,0,'Dirac',0,2,30,NULL,1,0,0,0,0,0,0),(1594,2812,1,7,1,NULL,NULL,NULL,0,'Dirac',1,2,30,NULL,1,0,0,0,0,0,0),(1595,2812,1,7,1,NULL,NULL,NULL,0,'Dirac',1,2,30,NULL,1,0,0,0,0,0,0),(1596,2812,1,7,1,NULL,NULL,NULL,0,'Dirac',0,2,30,NULL,1,0,0,0,0,0,0),(1597,2812,1,7,1,NULL,NULL,NULL,0,'Dirac',1,2,30,NULL,1,0,0,0,0,0,0),(1598,26875,1,7,1,NULL,NULL,NULL,0,'Demosis',0,2,180,NULL,1,0,0,0,0,0,0),(1599,4475,1,7,1,NULL,NULL,NULL,0,'Thor',1,2,180,NULL,1,0,0,0,0,0,0),(1600,4475,1,7,1,NULL,NULL,NULL,0,'Thor',1,2,180,NULL,1,0,0,0,0,0,0),(1601,4475,1,7,1,NULL,NULL,NULL,0,'Thor',1,2,180,NULL,1,0,0,0,0,0,0),(1602,2812,1,7,1,NULL,NULL,NULL,0,'Dirac',1,2,180,NULL,1,0,0,0,0,0,0),(1603,2812,1,7,1,NULL,NULL,NULL,0,'Dirac',1,2,180,NULL,1,0,0,0,0,0,0),(1604,2812,1,7,1,NULL,NULL,NULL,0,'Dirac',1,2,180,NULL,1,0,0,0,0,0,0),(1605,2812,1,7,1,NULL,NULL,NULL,0,'Dirac',0,2,180,NULL,1,0,0,0,0,0,0),(1606,2812,1,7,1,NULL,NULL,NULL,0,'Dirac',0,2,180,NULL,1,0,0,0,0,0,0),(1607,2812,1,7,1,NULL,NULL,NULL,0,'Dirac',0,2,180,NULL,1,0,0,0,0,0,0),(1608,2812,1,7,1,NULL,NULL,NULL,0,'Dirac',0,2,180,NULL,1,0,0,0,0,0,0),(1609,2812,1,7,1,NULL,NULL,NULL,0,'Dirac',1,2,180,NULL,1,0,0,0,0,0,0),(1610,2812,1,7,1,NULL,NULL,NULL,0,'Dirac',0,2,180,NULL,1,0,0,0,0,0,0),(1611,2812,1,7,1,NULL,NULL,NULL,0,'Dirac',1,2,180,NULL,1,0,0,0,0,0,0),(1612,4475,1,7,1,NULL,NULL,NULL,0,'Thor',0,1,135,NULL,1,0,0,0,0,0,0),(1613,4475,1,7,1,NULL,NULL,NULL,0,'Thor',0,1,135,NULL,1,0,0,0,0,0,0),(1614,4475,1,7,1,NULL,NULL,NULL,0,'Thor',0,1,135,NULL,1,0,0,0,0,0,0),(1615,4475,1,7,1,NULL,NULL,NULL,0,'Thor',0,1,135,NULL,1,0,0,0,0,0,0),(1616,4475,1,7,1,NULL,NULL,NULL,0,'Thor',0,1,135,NULL,1,0,0,0,0,0,0),(1617,4475,1,7,1,NULL,NULL,NULL,0,'Thor',1,1,135,NULL,1,0,0,0,0,0,0),(1618,2812,1,7,1,NULL,NULL,NULL,0,'Dirac',1,1,135,NULL,1,0,0,0,0,0,0),(1619,2812,1,7,1,NULL,NULL,NULL,0,'Dirac',1,1,135,NULL,1,0,0,0,0,0,0),(1620,2812,1,7,1,NULL,NULL,NULL,0,'Dirac',1,1,135,NULL,1,0,0,0,0,0,0),(1621,2812,1,7,1,NULL,NULL,NULL,0,'Dirac',0,1,135,NULL,1,0,0,0,0,0,0),(1622,2812,1,7,1,NULL,NULL,NULL,0,'Dirac',1,1,135,NULL,1,0,0,0,0,0,0),(1623,26875,1,7,1,NULL,NULL,NULL,0,'Demosis',0,0,90,NULL,1,0,0,0,0,0,0),(1624,4475,1,7,1,NULL,NULL,NULL,0,'Thor',1,0,90,NULL,1,0,0,0,0,0,0),(1625,4475,1,7,1,NULL,NULL,NULL,0,'Thor',1,0,90,NULL,1,0,0,0,0,0,0),(1626,4475,1,7,1,NULL,NULL,NULL,0,'Thor',1,0,90,NULL,1,0,0,0,0,0,0),(1627,4475,1,7,1,NULL,NULL,NULL,0,'Thor',1,0,90,NULL,1,0,0,0,0,0,0),(1628,4475,1,7,1,NULL,NULL,NULL,0,'Thor',0,0,90,NULL,1,0,0,0,0,0,0),(1629,4475,1,7,1,NULL,NULL,NULL,0,'Thor',0,0,90,NULL,1,0,0,0,0,0,0),(1630,2812,1,7,1,NULL,NULL,NULL,0,'Dirac',1,0,90,NULL,1,0,0,0,0,0,0),(1631,2812,1,7,1,NULL,NULL,NULL,0,'Dirac',0,0,90,NULL,1,0,0,0,0,0,0),(1632,2812,1,7,1,NULL,NULL,NULL,0,'Dirac',0,0,90,NULL,1,0,0,0,0,0,0),(1633,2812,1,7,1,NULL,NULL,NULL,0,'Dirac',1,0,90,NULL,1,0,0,0,0,0,0),(1634,2812,1,7,1,NULL,NULL,NULL,0,'Dirac',0,0,90,NULL,1,0,0,0,0,0,0),(1635,2812,1,7,1,NULL,NULL,NULL,0,'Dirac',0,0,90,NULL,1,0,0,0,0,0,0),(1636,2812,1,7,1,NULL,NULL,NULL,0,'Dirac',0,0,90,NULL,1,0,0,0,0,0,0),(1637,2812,1,7,1,NULL,NULL,NULL,0,'Dirac',0,0,90,NULL,1,0,0,0,0,0,0),(1638,2812,1,7,1,NULL,NULL,NULL,0,'Dirac',1,0,90,NULL,1,0,0,0,0,0,0),(1639,26875,1,7,1,NULL,NULL,NULL,0,'Demosis',0,0,270,NULL,1,0,0,0,0,0,0),(1640,4475,1,7,1,NULL,NULL,NULL,0,'Thor',0,0,270,NULL,1,0,0,0,0,0,0),(1641,4475,1,7,1,NULL,NULL,NULL,0,'Thor',1,0,270,NULL,1,0,0,0,0,0,0),(1642,4475,1,7,1,NULL,NULL,NULL,0,'Thor',0,0,270,NULL,1,0,0,0,0,0,0),(1643,4475,1,7,1,NULL,NULL,NULL,0,'Thor',0,0,270,NULL,1,0,0,0,0,0,0),(1644,4475,1,7,1,NULL,NULL,NULL,0,'Thor',1,0,270,NULL,1,0,0,0,0,0,0),(1645,4475,1,7,1,NULL,NULL,NULL,0,'Thor',1,0,270,NULL,1,0,0,0,0,0,0),(1646,4475,1,7,1,NULL,NULL,NULL,0,'Thor',1,0,270,NULL,1,0,0,0,0,0,0),(1647,2812,1,7,1,NULL,NULL,NULL,0,'Dirac',0,0,270,NULL,1,0,0,0,0,0,0),(1648,2812,1,7,1,NULL,NULL,NULL,0,'Dirac',1,0,270,NULL,1,0,0,0,0,0,0),(1649,2812,1,7,1,NULL,NULL,NULL,0,'Dirac',0,0,270,NULL,1,0,0,0,0,0,0),(1650,2812,1,7,1,NULL,NULL,NULL,0,'Dirac',0,0,270,NULL,1,0,0,0,0,0,0),(1651,2812,1,7,1,NULL,NULL,NULL,0,'Dirac',0,0,270,NULL,1,0,0,0,0,0,0),(1652,2812,1,7,1,NULL,NULL,NULL,0,'Dirac',1,0,270,NULL,1,0,0,0,0,0,0),(1653,2812,1,7,1,NULL,NULL,NULL,0,'Dirac',1,0,270,NULL,1,0,0,0,0,0,0),(1654,90,1,57,4,NULL,NULL,NULL,0,'Glancer',1,NULL,NULL,NULL,1,0,0,0,0,0,0),(1655,90,1,57,4,NULL,NULL,NULL,0,'Glancer',1,NULL,NULL,NULL,1,0,0,0,0,0,0),(1656,90,1,57,4,NULL,NULL,NULL,0,'Glancer',1,NULL,NULL,NULL,1,0,0,0,0,0,0),(1657,90,1,57,4,NULL,NULL,NULL,0,'Glancer',1,NULL,NULL,NULL,1,0,0,0,0,0,0),(1658,125,1,57,4,NULL,NULL,NULL,0,'Gnat',0,NULL,NULL,NULL,1,0,0,0,0,0,0),(1659,125,1,57,4,NULL,NULL,NULL,0,'Gnat',0,NULL,NULL,NULL,1,0,0,0,0,0,0),(1660,125,1,57,4,NULL,NULL,NULL,0,'Gnat',0,NULL,NULL,NULL,1,0,0,0,0,0,0),(1661,125,1,57,4,NULL,NULL,NULL,0,'Gnat',0,NULL,NULL,NULL,1,0,0,0,0,0,0),(1662,125,1,57,4,NULL,NULL,NULL,0,'Gnat',1,NULL,NULL,NULL,1,0,0,0,0,0,0),(1663,125,1,57,4,NULL,NULL,NULL,0,'Gnat',1,NULL,NULL,NULL,1,0,0,0,0,0,0),(1664,125,1,57,4,NULL,NULL,NULL,0,'Gnat',1,NULL,NULL,NULL,1,0,0,0,0,0,0),(1665,125,1,57,4,NULL,NULL,NULL,0,'Gnat',1,NULL,NULL,NULL,1,0,0,0,0,0,0),(1666,125,1,57,4,NULL,NULL,NULL,0,'Gnat',1,NULL,NULL,NULL,1,0,0,0,0,0,0),(1667,90,1,58,4,NULL,NULL,NULL,0,'Glancer',1,NULL,NULL,NULL,1,0,0,0,0,0,0),(1668,90,1,58,4,NULL,NULL,NULL,0,'Glancer',1,NULL,NULL,NULL,1,0,0,0,0,0,0),(1669,90,1,58,4,NULL,NULL,NULL,0,'Glancer',1,NULL,NULL,NULL,1,0,0,0,0,0,0),(1670,90,1,58,4,NULL,NULL,NULL,0,'Glancer',1,NULL,NULL,NULL,1,0,0,0,0,0,0),(1671,90,1,58,4,NULL,NULL,NULL,0,'Glancer',1,NULL,NULL,NULL,1,0,0,0,0,0,0),(1672,125,1,58,4,NULL,NULL,NULL,0,'Gnat',0,NULL,NULL,NULL,1,0,0,0,0,0,0),(1673,125,1,58,4,NULL,NULL,NULL,0,'Gnat',0,NULL,NULL,NULL,1,0,0,0,0,0,0),(1674,125,1,58,4,NULL,NULL,NULL,0,'Gnat',0,NULL,NULL,NULL,1,0,0,0,0,0,0),(1675,125,1,58,4,NULL,NULL,NULL,0,'Gnat',0,NULL,NULL,NULL,1,0,0,0,0,0,0),(1676,125,1,58,4,NULL,NULL,NULL,0,'Gnat',1,NULL,NULL,NULL,1,0,0,0,0,0,0),(1677,125,1,58,4,NULL,NULL,NULL,0,'Gnat',1,NULL,NULL,NULL,1,0,0,0,0,0,0),(1678,125,1,58,4,NULL,NULL,NULL,0,'Gnat',0,NULL,NULL,NULL,1,0,0,0,0,0,0),(1679,125,1,58,4,NULL,NULL,NULL,0,'Gnat',1,NULL,NULL,NULL,1,0,0,0,0,0,0),(1680,90,1,59,4,NULL,NULL,NULL,0,'Glancer',1,NULL,NULL,NULL,1,0,0,0,0,0,0),(1681,90,1,59,4,NULL,NULL,NULL,0,'Glancer',1,NULL,NULL,NULL,1,0,0,0,0,0,0),(1682,90,1,59,4,NULL,NULL,NULL,0,'Glancer',1,NULL,NULL,NULL,1,0,0,0,0,0,0),(1683,125,1,59,4,NULL,NULL,NULL,0,'Gnat',0,NULL,NULL,NULL,1,0,0,0,0,0,0),(1684,125,1,59,4,NULL,NULL,NULL,0,'Gnat',0,NULL,NULL,NULL,1,0,0,0,0,0,0),(1685,125,1,59,4,NULL,NULL,NULL,0,'Gnat',0,NULL,NULL,NULL,1,0,0,0,0,0,0),(1686,125,1,59,4,NULL,NULL,NULL,0,'Gnat',0,NULL,NULL,NULL,1,0,0,0,0,0,0),(1687,125,1,59,4,NULL,NULL,NULL,0,'Gnat',1,NULL,NULL,NULL,1,0,0,0,0,0,0),(1688,125,1,59,4,NULL,NULL,NULL,0,'Gnat',1,NULL,NULL,NULL,1,0,0,0,0,0,0),(1689,125,1,59,4,NULL,NULL,NULL,0,'Gnat',0,NULL,NULL,NULL,1,0,0,0,0,0,0),(1690,125,1,59,4,NULL,NULL,NULL,0,'Gnat',1,NULL,NULL,NULL,1,0,0,0,0,0,0),(1691,90,1,60,4,NULL,NULL,NULL,0,'Glancer',1,NULL,NULL,NULL,1,0,0,0,0,0,0),(1692,90,1,60,4,NULL,NULL,NULL,0,'Glancer',1,NULL,NULL,NULL,1,0,0,0,0,0,0),(1693,90,1,60,4,NULL,NULL,NULL,0,'Glancer',1,NULL,NULL,NULL,1,0,0,0,0,0,0),(1694,90,1,60,4,NULL,NULL,NULL,0,'Glancer',1,NULL,NULL,NULL,1,0,0,0,0,0,0),(1695,90,1,60,4,NULL,NULL,NULL,0,'Glancer',1,NULL,NULL,NULL,1,0,0,0,0,0,0),(1696,125,1,60,4,NULL,NULL,NULL,0,'Gnat',0,NULL,NULL,NULL,1,0,0,0,0,0,0),(1697,125,1,60,4,NULL,NULL,NULL,0,'Gnat',0,NULL,NULL,NULL,1,0,0,0,0,0,0),(1698,125,1,60,4,NULL,NULL,NULL,0,'Gnat',0,NULL,NULL,NULL,1,0,0,0,0,0,0),(1699,125,1,60,4,NULL,NULL,NULL,0,'Gnat',0,NULL,NULL,NULL,1,0,0,0,0,0,0),(1700,125,1,60,4,NULL,NULL,NULL,0,'Gnat',1,NULL,NULL,NULL,1,0,0,0,0,0,0),(1701,125,1,60,4,NULL,NULL,NULL,0,'Gnat',1,NULL,NULL,NULL,1,0,0,0,0,0,0),(1702,125,1,60,4,NULL,NULL,NULL,0,'Gnat',0,NULL,NULL,NULL,1,0,0,0,0,0,0),(1703,125,1,60,4,NULL,NULL,NULL,0,'Gnat',0,NULL,NULL,NULL,1,0,0,0,0,0,0),(1704,125,1,60,4,NULL,NULL,NULL,0,'Gnat',1,NULL,NULL,NULL,1,0,0,0,0,0,0),(1705,125,1,60,4,NULL,NULL,NULL,0,'Gnat',1,NULL,NULL,NULL,1,0,0,0,0,0,0),(1706,125,1,60,4,NULL,NULL,NULL,0,'Gnat',0,NULL,NULL,NULL,1,0,0,0,0,0,0),(1707,90,1,61,4,NULL,NULL,NULL,0,'Glancer',1,NULL,NULL,NULL,1,0,0,0,0,0,0),(1708,90,1,61,4,NULL,NULL,NULL,0,'Glancer',1,NULL,NULL,NULL,1,0,0,0,0,0,0),(1709,90,1,61,4,NULL,NULL,NULL,0,'Glancer',1,NULL,NULL,NULL,1,0,0,0,0,0,0),(1710,125,1,61,4,NULL,NULL,NULL,0,'Gnat',0,NULL,NULL,NULL,1,0,0,0,0,0,0),(1711,125,1,61,4,NULL,NULL,NULL,0,'Gnat',0,NULL,NULL,NULL,1,0,0,0,0,0,0),(1712,125,1,61,4,NULL,NULL,NULL,0,'Gnat',0,NULL,NULL,NULL,1,0,0,0,0,0,0),(1713,125,1,61,4,NULL,NULL,NULL,0,'Gnat',0,NULL,NULL,NULL,1,0,0,0,0,0,0),(1714,125,1,61,4,NULL,NULL,NULL,0,'Gnat',1,NULL,NULL,NULL,1,0,0,0,0,0,0),(1715,125,1,61,4,NULL,NULL,NULL,0,'Gnat',1,NULL,NULL,NULL,1,0,0,0,0,0,0),(1716,125,1,61,4,NULL,NULL,NULL,0,'Gnat',0,NULL,NULL,NULL,1,0,0,0,0,0,0),(1717,90,1,62,4,NULL,NULL,NULL,0,'Glancer',1,NULL,NULL,NULL,1,0,0,0,0,0,0),(1718,90,1,62,4,NULL,NULL,NULL,0,'Glancer',1,NULL,NULL,NULL,1,0,0,0,0,0,0),(1719,90,1,62,4,NULL,NULL,NULL,0,'Glancer',1,NULL,NULL,NULL,1,0,0,0,0,0,0),(1720,90,1,62,4,NULL,NULL,NULL,0,'Glancer',1,NULL,NULL,NULL,1,0,0,0,0,0,0),(1721,125,1,62,4,NULL,NULL,NULL,0,'Gnat',0,NULL,NULL,NULL,1,0,0,0,0,0,0),(1722,125,1,62,4,NULL,NULL,NULL,0,'Gnat',0,NULL,NULL,NULL,1,0,0,0,0,0,0),(1723,125,1,62,4,NULL,NULL,NULL,0,'Gnat',0,NULL,NULL,NULL,1,0,0,0,0,0,0),(1724,125,1,62,4,NULL,NULL,NULL,0,'Gnat',0,NULL,NULL,NULL,1,0,0,0,0,0,0),(1725,125,1,62,4,NULL,NULL,NULL,0,'Gnat',1,NULL,NULL,NULL,1,0,0,0,0,0,0),(1726,125,1,62,4,NULL,NULL,NULL,0,'Gnat',1,NULL,NULL,NULL,1,0,0,0,0,0,0),(1727,125,1,62,4,NULL,NULL,NULL,0,'Gnat',0,NULL,NULL,NULL,1,0,0,0,0,0,0),(1728,125,1,62,4,NULL,NULL,NULL,0,'Gnat',1,NULL,NULL,NULL,1,0,0,0,0,0,0),(1729,125,1,62,4,NULL,NULL,NULL,0,'Gnat',0,NULL,NULL,NULL,1,0,0,0,0,0,0),(1730,90,1,63,4,NULL,NULL,NULL,0,'Glancer',1,NULL,NULL,NULL,1,0,0,0,0,0,0),(1731,90,1,63,4,NULL,NULL,NULL,0,'Glancer',1,NULL,NULL,NULL,1,0,0,0,0,0,0),(1732,90,1,63,4,NULL,NULL,NULL,0,'Glancer',1,NULL,NULL,NULL,1,0,0,0,0,0,0),(1733,90,1,63,4,NULL,NULL,NULL,0,'Glancer',1,NULL,NULL,NULL,1,0,0,0,0,0,0),(1734,125,1,63,4,NULL,NULL,NULL,0,'Gnat',0,NULL,NULL,NULL,1,0,0,0,0,0,0),(1735,125,1,63,4,NULL,NULL,NULL,0,'Gnat',0,NULL,NULL,NULL,1,0,0,0,0,0,0),(1736,125,1,63,4,NULL,NULL,NULL,0,'Gnat',0,NULL,NULL,NULL,1,0,0,0,0,0,0),(1737,125,1,63,4,NULL,NULL,NULL,0,'Gnat',0,NULL,NULL,NULL,1,0,0,0,0,0,0),(1738,125,1,63,4,NULL,NULL,NULL,0,'Gnat',1,NULL,NULL,NULL,1,0,0,0,0,0,0),(1739,125,1,63,4,NULL,NULL,NULL,0,'Gnat',1,NULL,NULL,NULL,1,0,0,0,0,0,0),(1740,125,1,63,4,NULL,NULL,NULL,0,'Gnat',0,NULL,NULL,NULL,1,0,0,0,0,0,0),(1741,125,1,63,4,NULL,NULL,NULL,0,'Gnat',1,NULL,NULL,NULL,1,0,0,0,0,0,0),(1742,125,1,63,4,NULL,NULL,NULL,0,'Gnat',0,NULL,NULL,NULL,1,0,0,0,0,0,0),(1743,500,1,64,4,NULL,NULL,NULL,0,'Spudder',0,NULL,NULL,NULL,1,0,0,0,0,0,0),(1744,90,1,64,4,NULL,NULL,NULL,0,'Glancer',1,NULL,NULL,NULL,1,0,0,0,0,0,0),(1745,90,1,64,4,NULL,NULL,NULL,0,'Glancer',1,NULL,NULL,NULL,1,0,0,0,0,0,0),(1746,125,1,64,4,NULL,NULL,NULL,0,'Gnat',0,NULL,NULL,NULL,1,0,0,0,0,0,0),(1747,125,1,64,4,NULL,NULL,NULL,0,'Gnat',1,NULL,NULL,NULL,1,0,0,0,0,0,0),(1748,90,1,64,4,NULL,NULL,NULL,0,'Glancer',1,NULL,NULL,NULL,1,0,0,0,0,0,0),(1749,90,1,64,4,NULL,NULL,NULL,0,'Glancer',1,NULL,NULL,NULL,1,0,0,0,0,0,0),(1750,90,1,64,4,NULL,NULL,NULL,0,'Glancer',1,NULL,NULL,NULL,1,0,0,0,0,0,0),(1751,90,1,64,4,NULL,NULL,NULL,0,'Glancer',1,NULL,NULL,NULL,1,0,0,0,0,0,0),(1752,90,1,64,4,NULL,NULL,NULL,0,'Glancer',1,NULL,NULL,NULL,1,0,0,0,0,0,0),(1753,90,1,64,4,NULL,NULL,NULL,0,'Glancer',1,NULL,NULL,NULL,1,0,0,0,0,0,0),(1754,125,1,64,4,NULL,NULL,NULL,0,'Gnat',0,NULL,NULL,NULL,1,0,0,0,0,0,0),(1755,125,1,64,4,NULL,NULL,NULL,0,'Gnat',0,NULL,NULL,NULL,1,0,0,0,0,0,0),(1756,125,1,64,4,NULL,NULL,NULL,0,'Gnat',0,NULL,NULL,NULL,1,0,0,0,0,0,0),(1757,125,1,64,4,NULL,NULL,NULL,0,'Gnat',0,NULL,NULL,NULL,1,0,0,0,0,0,0),(1758,125,1,64,4,NULL,NULL,NULL,0,'Gnat',1,NULL,NULL,NULL,1,0,0,0,0,0,0),(1759,125,1,64,4,NULL,NULL,NULL,0,'Gnat',1,NULL,NULL,NULL,1,0,0,0,0,0,0),(1760,125,1,64,4,NULL,NULL,NULL,0,'Gnat',1,NULL,NULL,NULL,1,0,0,0,0,0,0),(1761,500,1,65,4,NULL,NULL,NULL,0,'Spudder',1,NULL,NULL,NULL,1,0,0,0,0,0,0),(1762,500,1,65,4,NULL,NULL,NULL,0,'Spudder',0,NULL,NULL,NULL,1,0,0,0,0,0,0),(1763,90,1,65,4,NULL,NULL,NULL,0,'Glancer',1,NULL,NULL,NULL,1,0,0,0,0,0,0),(1764,90,1,65,4,NULL,NULL,NULL,0,'Glancer',1,NULL,NULL,NULL,1,0,0,0,0,0,0),(1765,125,1,65,4,NULL,NULL,NULL,0,'Gnat',1,NULL,NULL,NULL,1,0,0,0,0,0,0),(1766,125,1,65,4,NULL,NULL,NULL,0,'Gnat',0,NULL,NULL,NULL,1,0,0,0,0,0,0),(1767,90,1,65,4,NULL,NULL,NULL,0,'Glancer',1,NULL,NULL,NULL,1,0,0,0,0,0,0),(1768,90,1,65,4,NULL,NULL,NULL,0,'Glancer',1,NULL,NULL,NULL,1,0,0,0,0,0,0),(1769,90,1,65,4,NULL,NULL,NULL,0,'Glancer',1,NULL,NULL,NULL,1,0,0,0,0,0,0),(1770,90,1,65,4,NULL,NULL,NULL,0,'Glancer',1,NULL,NULL,NULL,1,0,0,0,0,0,0),(1771,90,1,65,4,NULL,NULL,NULL,0,'Glancer',1,NULL,NULL,NULL,1,0,0,0,0,0,0),(1772,90,1,65,4,NULL,NULL,NULL,0,'Glancer',1,NULL,NULL,NULL,1,0,0,0,0,0,0),(1773,90,1,65,4,NULL,NULL,NULL,0,'Glancer',1,NULL,NULL,NULL,1,0,0,0,0,0,0),(1774,125,1,65,4,NULL,NULL,NULL,0,'Gnat',0,NULL,NULL,NULL,1,0,0,0,0,0,0),(1775,125,1,65,4,NULL,NULL,NULL,0,'Gnat',0,NULL,NULL,NULL,1,0,0,0,0,0,0),(1776,125,1,65,4,NULL,NULL,NULL,0,'Gnat',0,NULL,NULL,NULL,1,0,0,0,0,0,0),(1777,125,1,65,4,NULL,NULL,NULL,0,'Gnat',0,NULL,NULL,NULL,1,0,0,0,0,0,0),(1778,125,1,65,4,NULL,NULL,NULL,0,'Gnat',1,NULL,NULL,NULL,1,0,0,0,0,0,0),(1779,125,1,65,4,NULL,NULL,NULL,0,'Gnat',1,NULL,NULL,NULL,1,0,0,0,0,0,0),(1780,125,1,65,4,NULL,NULL,NULL,0,'Gnat',0,NULL,NULL,NULL,1,0,0,0,0,0,0),(1781,125,1,65,4,NULL,NULL,NULL,0,'Gnat',1,NULL,NULL,NULL,1,0,0,0,0,0,0),(1782,900,1,66,4,NULL,NULL,NULL,0,'Gnawer',0,NULL,NULL,NULL,1,0,0,0,0,0,0),(1783,900,1,66,4,NULL,NULL,NULL,0,'Gnawer',0,NULL,NULL,NULL,1,0,0,0,0,0,0),(1784,500,1,66,4,NULL,NULL,NULL,0,'Spudder',0,NULL,NULL,NULL,1,0,0,0,0,0,0),(1785,500,1,66,4,NULL,NULL,NULL,0,'Spudder',0,NULL,NULL,NULL,1,0,0,0,0,0,0),(1786,500,1,66,4,NULL,NULL,NULL,0,'Spudder',1,NULL,NULL,NULL,1,0,0,0,0,0,0),(1787,500,1,66,4,NULL,NULL,NULL,0,'Spudder',0,NULL,NULL,NULL,1,0,0,0,0,0,0),(1788,90,1,66,4,NULL,NULL,NULL,0,'Glancer',1,NULL,NULL,NULL,1,0,0,0,0,0,0),(1789,90,1,66,4,NULL,NULL,NULL,0,'Glancer',1,NULL,NULL,NULL,1,0,0,0,0,0,0),(1790,125,1,66,4,NULL,NULL,NULL,0,'Gnat',0,NULL,NULL,NULL,1,0,0,0,0,0,0),(1791,125,1,66,4,NULL,NULL,NULL,0,'Gnat',1,NULL,NULL,NULL,1,0,0,0,0,0,0),(1792,125,1,66,4,NULL,NULL,NULL,0,'Gnat',0,NULL,NULL,NULL,1,0,0,0,0,0,0),(1793,125,1,66,4,NULL,NULL,NULL,0,'Gnat',0,NULL,NULL,NULL,1,0,0,0,0,0,0),(1794,90,1,66,4,NULL,NULL,NULL,0,'Glancer',1,NULL,NULL,NULL,1,0,0,0,0,0,0),(1795,90,1,66,4,NULL,NULL,NULL,0,'Glancer',1,NULL,NULL,NULL,1,0,0,0,0,0,0),(1796,90,1,66,4,NULL,NULL,NULL,0,'Glancer',1,NULL,NULL,NULL,1,0,0,0,0,0,0),(1797,90,1,66,4,NULL,NULL,NULL,0,'Glancer',1,NULL,NULL,NULL,1,0,0,0,0,0,0),(1798,125,1,66,4,NULL,NULL,NULL,0,'Gnat',0,NULL,NULL,NULL,1,0,0,0,0,0,0),(1799,125,1,66,4,NULL,NULL,NULL,0,'Gnat',0,NULL,NULL,NULL,1,0,0,0,0,0,0),(1800,125,1,66,4,NULL,NULL,NULL,0,'Gnat',0,NULL,NULL,NULL,1,0,0,0,0,0,0),(1801,125,1,66,4,NULL,NULL,NULL,0,'Gnat',0,NULL,NULL,NULL,1,0,0,0,0,0,0),(1802,125,1,66,4,NULL,NULL,NULL,0,'Gnat',1,NULL,NULL,NULL,1,0,0,0,0,0,0),(1803,125,1,66,4,NULL,NULL,NULL,0,'Gnat',1,NULL,NULL,NULL,1,0,0,0,0,0,0),(1804,125,1,66,4,NULL,NULL,NULL,0,'Gnat',0,NULL,NULL,NULL,1,0,0,0,0,0,0),(1805,900,1,67,4,NULL,NULL,NULL,0,'Gnawer',0,NULL,NULL,NULL,1,0,0,0,0,0,0),(1806,900,1,67,4,NULL,NULL,NULL,0,'Gnawer',0,NULL,NULL,NULL,1,0,0,0,0,0,0),(1807,900,1,67,4,NULL,NULL,NULL,0,'Gnawer',0,NULL,NULL,NULL,1,0,0,0,0,0,0),(1808,900,1,67,4,NULL,NULL,NULL,0,'Gnawer',0,NULL,NULL,NULL,1,0,0,0,0,0,0),(1809,500,1,67,4,NULL,NULL,NULL,0,'Spudder',0,NULL,NULL,NULL,1,0,0,0,0,0,0),(1810,500,1,67,4,NULL,NULL,NULL,0,'Spudder',0,NULL,NULL,NULL,1,0,0,0,0,0,0),(1811,500,1,67,4,NULL,NULL,NULL,0,'Spudder',0,NULL,NULL,NULL,1,0,0,0,0,0,0),(1812,500,1,67,4,NULL,NULL,NULL,0,'Spudder',0,NULL,NULL,NULL,1,0,0,0,0,0,0),(1813,500,1,67,4,NULL,NULL,NULL,0,'Spudder',1,NULL,NULL,NULL,1,0,0,0,0,0,0),(1814,500,1,67,4,NULL,NULL,NULL,0,'Spudder',0,NULL,NULL,NULL,1,0,0,0,0,0,0),(1815,90,1,67,4,NULL,NULL,NULL,0,'Glancer',1,NULL,NULL,NULL,1,0,0,0,0,0,0),(1816,90,1,67,4,NULL,NULL,NULL,0,'Glancer',1,NULL,NULL,NULL,1,0,0,0,0,0,0),(1817,125,1,67,4,NULL,NULL,NULL,0,'Gnat',0,NULL,NULL,NULL,1,0,0,0,0,0,0),(1818,125,1,67,4,NULL,NULL,NULL,0,'Gnat',1,NULL,NULL,NULL,1,0,0,0,0,0,0),(1819,125,1,67,4,NULL,NULL,NULL,0,'Gnat',0,NULL,NULL,NULL,1,0,0,0,0,0,0),(1820,90,1,67,4,NULL,NULL,NULL,0,'Glancer',1,NULL,NULL,NULL,1,0,0,0,0,0,0),(1821,90,1,67,4,NULL,NULL,NULL,0,'Glancer',1,NULL,NULL,NULL,1,0,0,0,0,0,0),(1822,90,1,67,4,NULL,NULL,NULL,0,'Glancer',1,NULL,NULL,NULL,1,0,0,0,0,0,0),(1823,90,1,67,4,NULL,NULL,NULL,0,'Glancer',1,NULL,NULL,NULL,1,0,0,0,0,0,0),(1824,90,1,67,4,NULL,NULL,NULL,0,'Glancer',1,NULL,NULL,NULL,1,0,0,0,0,0,0),(1825,90,1,67,4,NULL,NULL,NULL,0,'Glancer',1,NULL,NULL,NULL,1,0,0,0,0,0,0),(1826,125,1,67,4,NULL,NULL,NULL,0,'Gnat',0,NULL,NULL,NULL,1,0,0,0,0,0,0),(1827,125,1,67,4,NULL,NULL,NULL,0,'Gnat',0,NULL,NULL,NULL,1,0,0,0,0,0,0),(1828,125,1,67,4,NULL,NULL,NULL,0,'Gnat',0,NULL,NULL,NULL,1,0,0,0,0,0,0),(1829,125,1,67,4,NULL,NULL,NULL,0,'Gnat',0,NULL,NULL,NULL,1,0,0,0,0,0,0),(1830,125,1,67,4,NULL,NULL,NULL,0,'Gnat',1,NULL,NULL,NULL,1,0,0,0,0,0,0),(1831,125,1,67,4,NULL,NULL,NULL,0,'Gnat',1,NULL,NULL,NULL,1,0,0,0,0,0,0),(1832,125,1,67,4,NULL,NULL,NULL,0,'Gnat',0,NULL,NULL,NULL,1,0,0,0,0,0,0),(1833,125,1,67,4,NULL,NULL,NULL,0,'Gnat',1,NULL,NULL,NULL,1,0,0,0,0,0,0),(1834,900,1,68,4,NULL,NULL,NULL,0,'Gnawer',0,NULL,NULL,NULL,1,0,0,0,0,0,0),(1835,900,1,68,4,NULL,NULL,NULL,0,'Gnawer',0,NULL,NULL,NULL,1,0,0,0,0,0,0),(1836,900,1,68,4,NULL,NULL,NULL,0,'Gnawer',0,NULL,NULL,NULL,1,0,0,0,0,0,0),(1837,900,1,68,4,NULL,NULL,NULL,0,'Gnawer',0,NULL,NULL,NULL,1,0,0,0,0,0,0),(1838,900,1,68,4,NULL,NULL,NULL,0,'Gnawer',0,NULL,NULL,NULL,1,0,0,0,0,0,0),(1839,500,1,68,4,NULL,NULL,NULL,0,'Spudder',0,NULL,NULL,NULL,1,0,0,0,0,0,0),(1840,500,1,68,4,NULL,NULL,NULL,0,'Spudder',0,NULL,NULL,NULL,1,0,0,0,0,0,0),(1841,500,1,68,4,NULL,NULL,NULL,0,'Spudder',1,NULL,NULL,NULL,1,0,0,0,0,0,0),(1842,500,1,68,4,NULL,NULL,NULL,0,'Spudder',0,NULL,NULL,NULL,1,0,0,0,0,0,0),(1843,500,1,68,4,NULL,NULL,NULL,0,'Spudder',1,NULL,NULL,NULL,1,0,0,0,0,0,0),(1844,500,1,68,4,NULL,NULL,NULL,0,'Spudder',0,NULL,NULL,NULL,1,0,0,0,0,0,0),(1845,90,1,68,4,NULL,NULL,NULL,0,'Glancer',1,NULL,NULL,NULL,1,0,0,0,0,0,0),(1846,90,1,68,4,NULL,NULL,NULL,0,'Glancer',1,NULL,NULL,NULL,1,0,0,0,0,0,0),(1847,90,1,68,4,NULL,NULL,NULL,0,'Glancer',1,NULL,NULL,NULL,1,0,0,0,0,0,0),(1848,90,1,68,4,NULL,NULL,NULL,0,'Glancer',1,NULL,NULL,NULL,1,0,0,0,0,0,0),(1849,90,1,68,4,NULL,NULL,NULL,0,'Glancer',1,NULL,NULL,NULL,1,0,0,0,0,0,0),(1850,90,1,68,4,NULL,NULL,NULL,0,'Glancer',1,NULL,NULL,NULL,1,0,0,0,0,0,0),(1851,90,1,68,4,NULL,NULL,NULL,0,'Glancer',1,NULL,NULL,NULL,1,0,0,0,0,0,0),(1852,125,1,68,4,NULL,NULL,NULL,0,'Gnat',0,NULL,NULL,NULL,1,0,0,0,0,0,0),(1853,125,1,68,4,NULL,NULL,NULL,0,'Gnat',0,NULL,NULL,NULL,1,0,0,0,0,0,0),(1854,125,1,68,4,NULL,NULL,NULL,0,'Gnat',0,NULL,NULL,NULL,1,0,0,0,0,0,0),(1855,125,1,68,4,NULL,NULL,NULL,0,'Gnat',0,NULL,NULL,NULL,1,0,0,0,0,0,0),(1856,125,1,68,4,NULL,NULL,NULL,0,'Gnat',1,NULL,NULL,NULL,1,0,0,0,0,0,0),(1857,125,1,68,4,NULL,NULL,NULL,0,'Gnat',1,NULL,NULL,NULL,1,0,0,0,0,0,0),(1858,125,1,68,4,NULL,NULL,NULL,0,'Gnat',0,NULL,NULL,NULL,1,0,0,0,0,0,0),(1859,125,1,68,4,NULL,NULL,NULL,0,'Gnat',1,NULL,NULL,NULL,1,0,0,0,0,0,0),(1860,900,1,69,4,NULL,NULL,NULL,0,'Gnawer',0,NULL,NULL,NULL,1,0,0,0,0,0,0),(1861,500,1,69,4,NULL,NULL,NULL,0,'Spudder',0,NULL,NULL,NULL,1,0,0,0,0,0,0),(1862,500,1,69,4,NULL,NULL,NULL,0,'Spudder',0,NULL,NULL,NULL,1,0,0,0,0,0,0),(1863,500,1,69,4,NULL,NULL,NULL,0,'Spudder',1,NULL,NULL,NULL,1,0,0,0,0,0,0),(1864,500,1,69,4,NULL,NULL,NULL,0,'Spudder',0,NULL,NULL,NULL,1,0,0,0,0,0,0),(1865,500,1,69,4,NULL,NULL,NULL,0,'Spudder',1,NULL,NULL,NULL,1,0,0,0,0,0,0),(1866,500,1,69,4,NULL,NULL,NULL,0,'Spudder',0,NULL,NULL,NULL,1,0,0,0,0,0,0),(1867,90,1,69,4,NULL,NULL,NULL,0,'Glancer',1,NULL,NULL,NULL,1,0,0,0,0,0,0),(1868,90,1,69,4,NULL,NULL,NULL,0,'Glancer',1,NULL,NULL,NULL,1,0,0,0,0,0,0),(1869,125,1,69,4,NULL,NULL,NULL,0,'Gnat',1,NULL,NULL,NULL,1,0,0,0,0,0,0),(1870,125,1,69,4,NULL,NULL,NULL,0,'Gnat',0,NULL,NULL,NULL,1,0,0,0,0,0,0),(1871,90,1,69,4,NULL,NULL,NULL,0,'Glancer',1,NULL,NULL,NULL,1,0,0,0,0,0,0),(1872,90,1,69,4,NULL,NULL,NULL,0,'Glancer',1,NULL,NULL,NULL,1,0,0,0,0,0,0),(1873,90,1,69,4,NULL,NULL,NULL,0,'Glancer',1,NULL,NULL,NULL,1,0,0,0,0,0,0),(1874,90,1,69,4,NULL,NULL,NULL,0,'Glancer',1,NULL,NULL,NULL,1,0,0,0,0,0,0),(1875,90,1,69,4,NULL,NULL,NULL,0,'Glancer',1,NULL,NULL,NULL,1,0,0,0,0,0,0),(1876,90,1,69,4,NULL,NULL,NULL,0,'Glancer',1,NULL,NULL,NULL,1,0,0,0,0,0,0),(1877,90,1,69,4,NULL,NULL,NULL,0,'Glancer',1,NULL,NULL,NULL,1,0,0,0,0,0,0),(1878,125,1,69,4,NULL,NULL,NULL,0,'Gnat',0,NULL,NULL,NULL,1,0,0,0,0,0,0),(1879,125,1,69,4,NULL,NULL,NULL,0,'Gnat',0,NULL,NULL,NULL,1,0,0,0,0,0,0),(1880,125,1,69,4,NULL,NULL,NULL,0,'Gnat',0,NULL,NULL,NULL,1,0,0,0,0,0,0),(1881,125,1,69,4,NULL,NULL,NULL,0,'Gnat',0,NULL,NULL,NULL,1,0,0,0,0,0,0),(1882,125,1,69,4,NULL,NULL,NULL,0,'Gnat',1,NULL,NULL,NULL,1,0,0,0,0,0,0),(1883,125,1,69,4,NULL,NULL,NULL,0,'Gnat',1,NULL,NULL,NULL,1,0,0,0,0,0,0),(1884,125,1,69,4,NULL,NULL,NULL,0,'Gnat',1,NULL,NULL,NULL,1,0,0,0,0,0,0),(1885,125,1,69,4,NULL,NULL,NULL,0,'Gnat',1,NULL,NULL,NULL,1,0,0,0,0,0,0),(1886,90,1,70,4,NULL,NULL,NULL,0,'Glancer',1,NULL,NULL,NULL,1,0,0,0,0,0,0),(1887,90,1,70,4,NULL,NULL,NULL,0,'Glancer',1,NULL,NULL,NULL,1,0,0,0,0,0,0),(1888,90,1,70,4,NULL,NULL,NULL,0,'Glancer',1,NULL,NULL,NULL,1,0,0,0,0,0,0),(1889,90,1,70,4,NULL,NULL,NULL,0,'Glancer',1,NULL,NULL,NULL,1,0,0,0,0,0,0),(1890,90,1,70,4,NULL,NULL,NULL,0,'Glancer',1,NULL,NULL,NULL,1,0,0,0,0,0,0),(1891,90,1,70,4,NULL,NULL,NULL,0,'Glancer',1,NULL,NULL,NULL,1,0,0,0,0,0,0),(1892,90,1,70,4,NULL,NULL,NULL,0,'Glancer',1,NULL,NULL,NULL,1,0,0,0,0,0,0),(1893,90,1,70,4,NULL,NULL,NULL,0,'Glancer',1,NULL,NULL,NULL,1,0,0,0,0,0,0),(1894,125,1,70,4,NULL,NULL,NULL,0,'Gnat',0,NULL,NULL,NULL,1,0,0,0,0,0,0),(1895,125,1,70,4,NULL,NULL,NULL,0,'Gnat',0,NULL,NULL,NULL,1,0,0,0,0,0,0),(1896,125,1,70,4,NULL,NULL,NULL,0,'Gnat',0,NULL,NULL,NULL,1,0,0,0,0,0,0),(1897,125,1,70,4,NULL,NULL,NULL,0,'Gnat',0,NULL,NULL,NULL,1,0,0,0,0,0,0),(1898,125,1,70,4,NULL,NULL,NULL,0,'Gnat',1,NULL,NULL,NULL,1,0,0,0,0,0,0),(1899,125,1,70,4,NULL,NULL,NULL,0,'Gnat',1,NULL,NULL,NULL,1,0,0,0,0,0,0),(1900,125,1,70,4,NULL,NULL,NULL,0,'Gnat',1,NULL,NULL,NULL,1,0,0,0,0,0,0),(1901,500,1,71,4,NULL,NULL,NULL,0,'Spudder',0,NULL,NULL,NULL,1,0,0,0,0,0,0),(1902,90,1,71,4,NULL,NULL,NULL,0,'Glancer',1,NULL,NULL,NULL,1,0,0,0,0,0,0),(1903,90,1,71,4,NULL,NULL,NULL,0,'Glancer',1,NULL,NULL,NULL,1,0,0,0,0,0,0),(1904,125,1,71,4,NULL,NULL,NULL,0,'Gnat',0,NULL,NULL,NULL,1,0,0,0,0,0,0),(1905,125,1,71,4,NULL,NULL,NULL,0,'Gnat',0,NULL,NULL,NULL,1,0,0,0,0,0,0),(1906,90,1,71,4,NULL,NULL,NULL,0,'Glancer',1,NULL,NULL,NULL,1,0,0,0,0,0,0),(1907,90,1,71,4,NULL,NULL,NULL,0,'Glancer',1,NULL,NULL,NULL,1,0,0,0,0,0,0),(1908,90,1,71,4,NULL,NULL,NULL,0,'Glancer',1,NULL,NULL,NULL,1,0,0,0,0,0,0),(1909,90,1,71,4,NULL,NULL,NULL,0,'Glancer',1,NULL,NULL,NULL,1,0,0,0,0,0,0),(1910,125,1,71,4,NULL,NULL,NULL,0,'Gnat',0,NULL,NULL,NULL,1,0,0,0,0,0,0),(1911,125,1,71,4,NULL,NULL,NULL,0,'Gnat',0,NULL,NULL,NULL,1,0,0,0,0,0,0),(1912,125,1,71,4,NULL,NULL,NULL,0,'Gnat',0,NULL,NULL,NULL,1,0,0,0,0,0,0),(1913,125,1,71,4,NULL,NULL,NULL,0,'Gnat',0,NULL,NULL,NULL,1,0,0,0,0,0,0),(1914,125,1,71,4,NULL,NULL,NULL,0,'Gnat',1,NULL,NULL,NULL,1,0,0,0,0,0,0),(1915,125,1,71,4,NULL,NULL,NULL,0,'Gnat',1,NULL,NULL,NULL,1,0,0,0,0,0,0),(1916,125,1,71,4,NULL,NULL,NULL,0,'Gnat',0,NULL,NULL,NULL,1,0,0,0,0,0,0),(1917,125,1,71,4,NULL,NULL,NULL,0,'Gnat',1,NULL,NULL,NULL,1,0,0,0,0,0,0),(1918,125,1,71,4,NULL,NULL,NULL,0,'Gnat',1,NULL,NULL,NULL,1,0,0,0,0,0,0),(1919,90,1,72,4,NULL,NULL,NULL,0,'Glancer',1,NULL,NULL,NULL,1,0,0,0,0,0,0),(1920,90,1,72,4,NULL,NULL,NULL,0,'Glancer',1,NULL,NULL,NULL,1,0,0,0,0,0,0),(1921,125,1,72,4,NULL,NULL,NULL,0,'Gnat',0,NULL,NULL,NULL,1,0,0,0,0,0,0),(1922,125,1,72,4,NULL,NULL,NULL,0,'Gnat',0,NULL,NULL,NULL,1,0,0,0,0,0,0),(1923,125,1,72,4,NULL,NULL,NULL,0,'Gnat',0,NULL,NULL,NULL,1,0,0,0,0,0,0),(1924,125,1,72,4,NULL,NULL,NULL,0,'Gnat',0,NULL,NULL,NULL,1,0,0,0,0,0,0),(1925,90,1,72,4,NULL,NULL,NULL,0,'Glancer',1,NULL,NULL,NULL,1,0,0,0,0,0,0),(1926,90,1,72,4,NULL,NULL,NULL,0,'Glancer',1,NULL,NULL,NULL,1,0,0,0,0,0,0),(1927,90,1,72,4,NULL,NULL,NULL,0,'Glancer',1,NULL,NULL,NULL,1,0,0,0,0,0,0),(1928,90,1,72,4,NULL,NULL,NULL,0,'Glancer',1,NULL,NULL,NULL,1,0,0,0,0,0,0),(1929,90,1,72,4,NULL,NULL,NULL,0,'Glancer',1,NULL,NULL,NULL,1,0,0,0,0,0,0),(1930,125,1,72,4,NULL,NULL,NULL,0,'Gnat',0,NULL,NULL,NULL,1,0,0,0,0,0,0),(1931,125,1,72,4,NULL,NULL,NULL,0,'Gnat',0,NULL,NULL,NULL,1,0,0,0,0,0,0),(1932,125,1,72,4,NULL,NULL,NULL,0,'Gnat',0,NULL,NULL,NULL,1,0,0,0,0,0,0),(1933,125,1,72,4,NULL,NULL,NULL,0,'Gnat',0,NULL,NULL,NULL,1,0,0,0,0,0,0),(1934,125,1,72,4,NULL,NULL,NULL,0,'Gnat',1,NULL,NULL,NULL,1,0,0,0,0,0,0),(1935,125,1,72,4,NULL,NULL,NULL,0,'Gnat',1,NULL,NULL,NULL,1,0,0,0,0,0,0),(1936,125,1,72,4,NULL,NULL,NULL,0,'Gnat',0,NULL,NULL,NULL,1,0,0,0,0,0,0),(1937,125,1,72,4,NULL,NULL,NULL,0,'Gnat',1,NULL,NULL,NULL,1,0,0,0,0,0,0),(1938,125,1,72,4,NULL,NULL,NULL,0,'Gnat',1,NULL,NULL,NULL,1,0,0,0,0,0,0),(1939,125,1,73,4,NULL,NULL,NULL,0,'Gnat',0,NULL,NULL,NULL,1,0,0,0,0,0,0),(1940,125,1,73,4,NULL,NULL,NULL,0,'Gnat',0,NULL,NULL,NULL,1,0,0,0,0,0,0),(1941,125,1,73,4,NULL,NULL,NULL,0,'Gnat',0,NULL,NULL,NULL,1,0,0,0,0,0,0),(1942,125,1,73,4,NULL,NULL,NULL,0,'Gnat',0,NULL,NULL,NULL,1,0,0,0,0,0,0),(1943,125,1,73,4,NULL,NULL,NULL,0,'Gnat',1,NULL,NULL,NULL,1,0,0,0,0,0,0),(1944,125,1,73,4,NULL,NULL,NULL,0,'Gnat',1,NULL,NULL,NULL,1,0,0,0,0,0,0),(1945,125,1,73,4,NULL,NULL,NULL,0,'Gnat',1,NULL,NULL,NULL,1,0,0,0,0,0,0),(1946,125,1,74,4,NULL,NULL,NULL,0,'Gnat',0,NULL,NULL,NULL,1,0,0,0,0,0,0),(1947,125,1,74,4,NULL,NULL,NULL,0,'Gnat',0,NULL,NULL,NULL,1,0,0,0,0,0,0),(1948,125,1,74,4,NULL,NULL,NULL,0,'Gnat',0,NULL,NULL,NULL,1,0,0,0,0,0,0),(1949,125,1,74,4,NULL,NULL,NULL,0,'Gnat',0,NULL,NULL,NULL,1,0,0,0,0,0,0),(1950,125,1,74,4,NULL,NULL,NULL,0,'Gnat',1,NULL,NULL,NULL,1,0,0,0,0,0,0),(1951,125,1,74,4,NULL,NULL,NULL,0,'Gnat',1,NULL,NULL,NULL,1,0,0,0,0,0,0),(1952,125,1,74,4,NULL,NULL,NULL,0,'Gnat',1,NULL,NULL,NULL,1,0,0,0,0,0,0),(1953,125,1,74,4,NULL,NULL,NULL,0,'Gnat',0,NULL,NULL,NULL,1,0,0,0,0,0,0),(1954,125,1,75,4,NULL,NULL,NULL,0,'Gnat',0,NULL,NULL,NULL,1,0,0,0,0,0,0),(1955,125,1,75,4,NULL,NULL,NULL,0,'Gnat',0,NULL,NULL,NULL,1,0,0,0,0,0,0),(1956,125,1,75,4,NULL,NULL,NULL,0,'Gnat',0,NULL,NULL,NULL,1,0,0,0,0,0,0),(1957,125,1,75,4,NULL,NULL,NULL,0,'Gnat',0,NULL,NULL,NULL,1,0,0,0,0,0,0),(1958,125,1,75,4,NULL,NULL,NULL,0,'Gnat',1,NULL,NULL,NULL,1,0,0,0,0,0,0),(1959,125,1,75,4,NULL,NULL,NULL,0,'Gnat',1,NULL,NULL,NULL,1,0,0,0,0,0,0),(1960,125,1,75,4,NULL,NULL,NULL,0,'Gnat',0,NULL,NULL,NULL,1,0,0,0,0,0,0),(1961,125,1,75,4,NULL,NULL,NULL,0,'Gnat',1,NULL,NULL,NULL,1,0,0,0,0,0,0),(1962,4475,1,7,1,NULL,NULL,NULL,0,'Thor',1,2,270,NULL,1,0,0,0,0,0,0),(1963,4475,1,7,1,NULL,NULL,NULL,0,'Thor',0,2,270,NULL,1,0,0,0,0,0,0),(1964,4475,1,7,1,NULL,NULL,NULL,0,'Thor',0,2,270,NULL,1,0,0,0,0,0,0),(1965,4475,1,7,1,NULL,NULL,NULL,0,'Thor',1,2,270,NULL,1,0,0,0,0,0,0),(1966,2812,1,7,1,NULL,NULL,NULL,0,'Dirac',1,2,270,NULL,1,0,0,0,0,0,0),(1967,2812,1,7,1,NULL,NULL,NULL,0,'Dirac',1,2,270,NULL,1,0,0,0,0,0,0),(1968,2812,1,7,1,NULL,NULL,NULL,0,'Dirac',1,2,270,NULL,1,0,0,0,0,0,0),(1969,2812,1,7,1,NULL,NULL,NULL,0,'Dirac',1,2,270,NULL,1,0,0,0,0,0,0),(1970,2812,1,7,1,NULL,NULL,NULL,0,'Dirac',0,2,270,NULL,1,0,0,0,0,0,0),(1971,2812,1,7,1,NULL,NULL,NULL,0,'Dirac',1,2,270,NULL,1,0,0,0,0,0,0),(1972,2812,1,7,1,NULL,NULL,NULL,0,'Dirac',1,2,270,NULL,1,0,0,0,0,0,0),(1973,2812,1,7,1,NULL,NULL,NULL,0,'Dirac',0,2,270,NULL,1,0,0,0,0,0,0),(1974,2812,1,7,1,NULL,NULL,NULL,0,'Dirac',1,2,270,NULL,1,0,0,0,0,0,0),(1975,2812,1,7,1,NULL,NULL,NULL,0,'Dirac',1,2,270,NULL,1,0,0,0,0,0,0),(1976,2812,1,7,1,NULL,NULL,NULL,0,'Dirac',1,2,270,NULL,1,0,0,0,0,0,0),(1977,2812,1,7,1,NULL,NULL,NULL,0,'Dirac',1,2,270,NULL,1,0,0,0,0,0,0),(1978,2812,1,7,1,NULL,NULL,NULL,0,'Dirac',0,2,270,NULL,1,0,0,0,0,0,0),(1979,90,1,76,4,NULL,NULL,NULL,0,'Glancer',1,NULL,NULL,NULL,1,0,0,0,0,0,0),(1980,90,1,76,4,NULL,NULL,NULL,0,'Glancer',1,NULL,NULL,NULL,1,0,0,0,0,0,0),(1981,125,1,76,4,NULL,NULL,NULL,0,'Gnat',0,NULL,NULL,NULL,1,0,0,0,0,0,0),(1982,125,1,76,4,NULL,NULL,NULL,0,'Gnat',0,NULL,NULL,NULL,1,0,0,0,0,0,0),(1983,125,1,76,4,NULL,NULL,NULL,0,'Gnat',0,NULL,NULL,NULL,1,0,0,0,0,0,0),(1984,125,1,76,4,NULL,NULL,NULL,0,'Gnat',0,NULL,NULL,NULL,1,0,0,0,0,0,0),(1985,125,1,76,4,NULL,NULL,NULL,0,'Gnat',1,NULL,NULL,NULL,1,0,0,0,0,0,0),(1986,125,1,76,4,NULL,NULL,NULL,0,'Gnat',1,NULL,NULL,NULL,1,0,0,0,0,0,0),(1987,125,1,76,4,NULL,NULL,NULL,0,'Gnat',0,NULL,NULL,NULL,1,0,0,0,0,0,0),(1988,900,1,77,4,NULL,NULL,NULL,0,'Gnawer',0,NULL,NULL,NULL,1,0,0,0,0,0,0),(1989,500,1,77,4,NULL,NULL,NULL,0,'Spudder',0,NULL,NULL,NULL,1,0,0,0,0,0,0),(1990,500,1,77,4,NULL,NULL,NULL,0,'Spudder',1,NULL,NULL,NULL,1,0,0,0,0,0,0),(1991,500,1,77,4,NULL,NULL,NULL,0,'Spudder',0,NULL,NULL,NULL,1,0,0,0,0,0,0),(1992,90,1,77,4,NULL,NULL,NULL,0,'Glancer',1,NULL,NULL,NULL,1,0,0,0,0,0,0),(1993,90,1,77,4,NULL,NULL,NULL,0,'Glancer',1,NULL,NULL,NULL,1,0,0,0,0,0,0),(1994,125,1,77,4,NULL,NULL,NULL,0,'Gnat',0,NULL,NULL,NULL,1,0,0,0,0,0,0),(1995,125,1,77,4,NULL,NULL,NULL,0,'Gnat',0,NULL,NULL,NULL,1,0,0,0,0,0,0),(1996,125,1,77,4,NULL,NULL,NULL,0,'Gnat',0,NULL,NULL,NULL,1,0,0,0,0,0,0),(1997,90,1,77,4,NULL,NULL,NULL,0,'Glancer',1,NULL,NULL,NULL,1,0,0,0,0,0,0),(1998,90,1,77,4,NULL,NULL,NULL,0,'Glancer',1,NULL,NULL,NULL,1,0,0,0,0,0,0),(1999,90,1,77,4,NULL,NULL,NULL,0,'Glancer',1,NULL,NULL,NULL,1,0,0,0,0,0,0),(2000,90,1,77,4,NULL,NULL,NULL,0,'Glancer',1,NULL,NULL,NULL,1,0,0,0,0,0,0),(2001,125,1,77,4,NULL,NULL,NULL,0,'Gnat',0,NULL,NULL,NULL,1,0,0,0,0,0,0),(2002,125,1,77,4,NULL,NULL,NULL,0,'Gnat',0,NULL,NULL,NULL,1,0,0,0,0,0,0),(2003,125,1,77,4,NULL,NULL,NULL,0,'Gnat',0,NULL,NULL,NULL,1,0,0,0,0,0,0),(2004,125,1,77,4,NULL,NULL,NULL,0,'Gnat',0,NULL,NULL,NULL,1,0,0,0,0,0,0),(2005,125,1,77,4,NULL,NULL,NULL,0,'Gnat',1,NULL,NULL,NULL,1,0,0,0,0,0,0),(2006,125,1,77,4,NULL,NULL,NULL,0,'Gnat',1,NULL,NULL,NULL,1,0,0,0,0,0,0),(2007,125,1,77,4,NULL,NULL,NULL,0,'Gnat',0,NULL,NULL,NULL,1,0,0,0,0,0,0),(2008,125,1,77,4,NULL,NULL,NULL,0,'Gnat',0,NULL,NULL,NULL,1,0,0,0,0,0,0),(2009,125,1,77,4,NULL,NULL,NULL,0,'Gnat',1,NULL,NULL,NULL,1,0,0,0,0,0,0),(2010,900,1,78,4,NULL,NULL,NULL,0,'Gnawer',0,NULL,NULL,NULL,1,0,0,0,0,0,0),(2011,900,1,78,4,NULL,NULL,NULL,0,'Gnawer',0,NULL,NULL,NULL,1,0,0,0,0,0,0),(2012,900,1,78,4,NULL,NULL,NULL,0,'Gnawer',0,NULL,NULL,NULL,1,0,0,0,0,0,0),(2013,500,1,78,4,NULL,NULL,NULL,0,'Spudder',0,NULL,NULL,NULL,1,0,0,0,0,0,0),(2014,500,1,78,4,NULL,NULL,NULL,0,'Spudder',0,NULL,NULL,NULL,1,0,0,0,0,0,0),(2015,500,1,78,4,NULL,NULL,NULL,0,'Spudder',1,NULL,NULL,NULL,1,0,0,0,0,0,0),(2016,500,1,78,4,NULL,NULL,NULL,0,'Spudder',0,NULL,NULL,NULL,1,0,0,0,0,0,0),(2017,500,1,78,4,NULL,NULL,NULL,0,'Spudder',0,NULL,NULL,NULL,1,0,0,0,0,0,0),(2018,90,1,78,4,NULL,NULL,NULL,0,'Glancer',1,NULL,NULL,NULL,1,0,0,0,0,0,0),(2019,90,1,78,4,NULL,NULL,NULL,0,'Glancer',1,NULL,NULL,NULL,1,0,0,0,0,0,0),(2020,125,1,78,4,NULL,NULL,NULL,0,'Gnat',0,NULL,NULL,NULL,1,0,0,0,0,0,0),(2021,90,1,78,4,NULL,NULL,NULL,0,'Glancer',1,NULL,NULL,NULL,1,0,0,0,0,0,0),(2022,90,1,78,4,NULL,NULL,NULL,0,'Glancer',1,NULL,NULL,NULL,1,0,0,0,0,0,0),(2023,90,1,78,4,NULL,NULL,NULL,0,'Glancer',1,NULL,NULL,NULL,1,0,0,0,0,0,0),(2024,90,1,78,4,NULL,NULL,NULL,0,'Glancer',1,NULL,NULL,NULL,1,0,0,0,0,0,0),(2025,90,1,78,4,NULL,NULL,NULL,0,'Glancer',1,NULL,NULL,NULL,1,0,0,0,0,0,0),(2026,125,1,78,4,NULL,NULL,NULL,0,'Gnat',0,NULL,NULL,NULL,1,0,0,0,0,0,0),(2027,125,1,78,4,NULL,NULL,NULL,0,'Gnat',0,NULL,NULL,NULL,1,0,0,0,0,0,0),(2028,125,1,78,4,NULL,NULL,NULL,0,'Gnat',0,NULL,NULL,NULL,1,0,0,0,0,0,0),(2029,125,1,78,4,NULL,NULL,NULL,0,'Gnat',0,NULL,NULL,NULL,1,0,0,0,0,0,0),(2030,125,1,78,4,NULL,NULL,NULL,0,'Gnat',1,NULL,NULL,NULL,1,0,0,0,0,0,0),(2031,125,1,78,4,NULL,NULL,NULL,0,'Gnat',1,NULL,NULL,NULL,1,0,0,0,0,0,0),(2032,125,1,78,4,NULL,NULL,NULL,0,'Gnat',0,NULL,NULL,NULL,1,0,0,0,0,0,0),(2033,125,1,78,4,NULL,NULL,NULL,0,'Gnat',1,NULL,NULL,NULL,1,0,0,0,0,0,0),(2034,500,1,79,4,NULL,NULL,NULL,0,'Spudder',0,NULL,NULL,NULL,1,0,0,0,0,0,0),(2035,90,1,79,4,NULL,NULL,NULL,0,'Glancer',1,NULL,NULL,NULL,1,0,0,0,0,0,0),(2036,90,1,79,4,NULL,NULL,NULL,0,'Glancer',1,NULL,NULL,NULL,1,0,0,0,0,0,0),(2037,125,1,79,4,NULL,NULL,NULL,0,'Gnat',0,NULL,NULL,NULL,1,0,0,0,0,0,0),(2038,125,1,79,4,NULL,NULL,NULL,0,'Gnat',1,NULL,NULL,NULL,1,0,0,0,0,0,0),(2039,125,1,79,4,NULL,NULL,NULL,0,'Gnat',0,NULL,NULL,NULL,1,0,0,0,0,0,0),(2040,90,1,79,4,NULL,NULL,NULL,0,'Glancer',1,NULL,NULL,NULL,1,0,0,0,0,0,0),(2041,90,1,79,4,NULL,NULL,NULL,0,'Glancer',1,NULL,NULL,NULL,1,0,0,0,0,0,0),(2042,90,1,79,4,NULL,NULL,NULL,0,'Glancer',1,NULL,NULL,NULL,1,0,0,0,0,0,0),(2043,90,1,79,4,NULL,NULL,NULL,0,'Glancer',1,NULL,NULL,NULL,1,0,0,0,0,0,0),(2044,90,1,79,4,NULL,NULL,NULL,0,'Glancer',1,NULL,NULL,NULL,1,0,0,0,0,0,0),(2045,125,1,79,4,NULL,NULL,NULL,0,'Gnat',0,NULL,NULL,NULL,1,0,0,0,0,0,0),(2046,125,1,79,4,NULL,NULL,NULL,0,'Gnat',0,NULL,NULL,NULL,1,0,0,0,0,0,0),(2047,125,1,79,4,NULL,NULL,NULL,0,'Gnat',0,NULL,NULL,NULL,1,0,0,0,0,0,0),(2048,125,1,79,4,NULL,NULL,NULL,0,'Gnat',0,NULL,NULL,NULL,1,0,0,0,0,0,0),(2049,125,1,79,4,NULL,NULL,NULL,0,'Gnat',1,NULL,NULL,NULL,1,0,0,0,0,0,0),(2050,125,1,79,4,NULL,NULL,NULL,0,'Gnat',1,NULL,NULL,NULL,1,0,0,0,0,0,0),(2051,125,1,79,4,NULL,NULL,NULL,0,'Gnat',1,NULL,NULL,NULL,1,0,0,0,0,0,0),(2052,125,1,79,4,NULL,NULL,NULL,0,'Gnat',0,NULL,NULL,NULL,1,0,0,0,0,0,0),(2053,500,1,80,4,NULL,NULL,NULL,0,'Spudder',0,NULL,NULL,NULL,1,0,0,0,0,0,0),(2054,500,1,80,4,NULL,NULL,NULL,0,'Spudder',1,NULL,NULL,NULL,1,0,0,0,0,0,0),(2055,500,1,80,4,NULL,NULL,NULL,0,'Spudder',0,NULL,NULL,NULL,1,0,0,0,0,0,0),(2056,90,1,80,4,NULL,NULL,NULL,0,'Glancer',1,NULL,NULL,NULL,1,0,0,0,0,0,0),(2057,90,1,80,4,NULL,NULL,NULL,0,'Glancer',1,NULL,NULL,NULL,1,0,0,0,0,0,0),(2058,125,1,80,4,NULL,NULL,NULL,0,'Gnat',0,NULL,NULL,NULL,1,0,0,0,0,0,0),(2059,125,1,80,4,NULL,NULL,NULL,0,'Gnat',0,NULL,NULL,NULL,1,0,0,0,0,0,0),(2060,125,1,80,4,NULL,NULL,NULL,0,'Gnat',1,NULL,NULL,NULL,1,0,0,0,0,0,0),(2061,125,1,80,4,NULL,NULL,NULL,0,'Gnat',0,NULL,NULL,NULL,1,0,0,0,0,0,0),(2062,90,1,80,4,NULL,NULL,NULL,0,'Glancer',1,NULL,NULL,NULL,1,0,0,0,0,0,0),(2063,90,1,80,4,NULL,NULL,NULL,0,'Glancer',1,NULL,NULL,NULL,1,0,0,0,0,0,0),(2064,90,1,80,4,NULL,NULL,NULL,0,'Glancer',1,NULL,NULL,NULL,1,0,0,0,0,0,0),(2065,90,1,80,4,NULL,NULL,NULL,0,'Glancer',1,NULL,NULL,NULL,1,0,0,0,0,0,0),(2066,90,1,80,4,NULL,NULL,NULL,0,'Glancer',1,NULL,NULL,NULL,1,0,0,0,0,0,0),(2067,125,1,80,4,NULL,NULL,NULL,0,'Gnat',0,NULL,NULL,NULL,1,0,0,0,0,0,0),(2068,125,1,80,4,NULL,NULL,NULL,0,'Gnat',0,NULL,NULL,NULL,1,0,0,0,0,0,0),(2069,125,1,80,4,NULL,NULL,NULL,0,'Gnat',0,NULL,NULL,NULL,1,0,0,0,0,0,0),(2070,125,1,80,4,NULL,NULL,NULL,0,'Gnat',0,NULL,NULL,NULL,1,0,0,0,0,0,0),(2071,125,1,80,4,NULL,NULL,NULL,0,'Gnat',1,NULL,NULL,NULL,1,0,0,0,0,0,0),(2072,125,1,80,4,NULL,NULL,NULL,0,'Gnat',1,NULL,NULL,NULL,1,0,0,0,0,0,0),(2073,125,1,80,4,NULL,NULL,NULL,0,'Gnat',0,NULL,NULL,NULL,1,0,0,0,0,0,0),(2074,125,1,80,4,NULL,NULL,NULL,0,'Gnat',1,NULL,NULL,NULL,1,0,0,0,0,0,0),(2075,125,1,80,4,NULL,NULL,NULL,0,'Gnat',1,NULL,NULL,NULL,1,0,0,0,0,0,0),(2076,500,1,81,4,NULL,NULL,NULL,0,'Spudder',0,NULL,NULL,NULL,1,0,0,0,0,0,0),(2077,500,1,81,4,NULL,NULL,NULL,0,'Spudder',0,NULL,NULL,NULL,1,0,0,0,0,0,0),(2078,90,1,81,4,NULL,NULL,NULL,0,'Glancer',1,NULL,NULL,NULL,1,0,0,0,0,0,0),(2079,90,1,81,4,NULL,NULL,NULL,0,'Glancer',1,NULL,NULL,NULL,1,0,0,0,0,0,0),(2080,125,1,81,4,NULL,NULL,NULL,0,'Gnat',0,NULL,NULL,NULL,1,0,0,0,0,0,0),(2081,90,1,81,4,NULL,NULL,NULL,0,'Glancer',1,NULL,NULL,NULL,1,0,0,0,0,0,0),(2082,90,1,81,4,NULL,NULL,NULL,0,'Glancer',1,NULL,NULL,NULL,1,0,0,0,0,0,0),(2083,90,1,81,4,NULL,NULL,NULL,0,'Glancer',1,NULL,NULL,NULL,1,0,0,0,0,0,0),(2084,90,1,81,4,NULL,NULL,NULL,0,'Glancer',1,NULL,NULL,NULL,1,0,0,0,0,0,0),(2085,90,1,81,4,NULL,NULL,NULL,0,'Glancer',1,NULL,NULL,NULL,1,0,0,0,0,0,0),(2086,125,1,81,4,NULL,NULL,NULL,0,'Gnat',0,NULL,NULL,NULL,1,0,0,0,0,0,0),(2087,125,1,81,4,NULL,NULL,NULL,0,'Gnat',0,NULL,NULL,NULL,1,0,0,0,0,0,0),(2088,125,1,81,4,NULL,NULL,NULL,0,'Gnat',0,NULL,NULL,NULL,1,0,0,0,0,0,0),(2089,125,1,81,4,NULL,NULL,NULL,0,'Gnat',0,NULL,NULL,NULL,1,0,0,0,0,0,0),(2090,125,1,81,4,NULL,NULL,NULL,0,'Gnat',1,NULL,NULL,NULL,1,0,0,0,0,0,0),(2091,125,1,81,4,NULL,NULL,NULL,0,'Gnat',1,NULL,NULL,NULL,1,0,0,0,0,0,0),(2092,125,1,81,4,NULL,NULL,NULL,0,'Gnat',0,NULL,NULL,NULL,1,0,0,0,0,0,0),(2093,125,1,81,4,NULL,NULL,NULL,0,'Gnat',1,NULL,NULL,NULL,1,0,0,0,0,0,0),(2094,125,1,81,4,NULL,NULL,NULL,0,'Gnat',1,NULL,NULL,NULL,1,0,0,0,0,0,0),(2095,500,1,82,4,NULL,NULL,NULL,0,'Spudder',0,NULL,NULL,NULL,1,0,0,0,0,0,0),(2096,90,1,82,4,NULL,NULL,NULL,0,'Glancer',1,NULL,NULL,NULL,1,0,0,0,0,0,0),(2097,90,1,82,4,NULL,NULL,NULL,0,'Glancer',1,NULL,NULL,NULL,1,0,0,0,0,0,0),(2098,125,1,82,4,NULL,NULL,NULL,0,'Gnat',0,NULL,NULL,NULL,1,0,0,0,0,0,0),(2099,90,1,82,4,NULL,NULL,NULL,0,'Glancer',1,NULL,NULL,NULL,1,0,0,0,0,0,0),(2100,90,1,82,4,NULL,NULL,NULL,0,'Glancer',1,NULL,NULL,NULL,1,0,0,0,0,0,0),(2101,90,1,82,4,NULL,NULL,NULL,0,'Glancer',1,NULL,NULL,NULL,1,0,0,0,0,0,0),(2102,90,1,82,4,NULL,NULL,NULL,0,'Glancer',1,NULL,NULL,NULL,1,0,0,0,0,0,0),(2103,90,1,82,4,NULL,NULL,NULL,0,'Glancer',1,NULL,NULL,NULL,1,0,0,0,0,0,0),(2104,90,1,82,4,NULL,NULL,NULL,0,'Glancer',1,NULL,NULL,NULL,1,0,0,0,0,0,0),(2105,90,1,82,4,NULL,NULL,NULL,0,'Glancer',1,NULL,NULL,NULL,1,0,0,0,0,0,0),(2106,125,1,82,4,NULL,NULL,NULL,0,'Gnat',0,NULL,NULL,NULL,1,0,0,0,0,0,0),(2107,125,1,82,4,NULL,NULL,NULL,0,'Gnat',0,NULL,NULL,NULL,1,0,0,0,0,0,0),(2108,125,1,82,4,NULL,NULL,NULL,0,'Gnat',0,NULL,NULL,NULL,1,0,0,0,0,0,0),(2109,125,1,82,4,NULL,NULL,NULL,0,'Gnat',0,NULL,NULL,NULL,1,0,0,0,0,0,0),(2110,125,1,82,4,NULL,NULL,NULL,0,'Gnat',1,NULL,NULL,NULL,1,0,0,0,0,0,0),(2111,125,1,82,4,NULL,NULL,NULL,0,'Gnat',1,NULL,NULL,NULL,1,0,0,0,0,0,0),(2112,125,1,82,4,NULL,NULL,NULL,0,'Gnat',0,NULL,NULL,NULL,1,0,0,0,0,0,0),(2113,125,1,82,4,NULL,NULL,NULL,0,'Gnat',0,NULL,NULL,NULL,1,0,0,0,0,0,0),(2114,125,1,82,4,NULL,NULL,NULL,0,'Gnat',1,NULL,NULL,NULL,1,0,0,0,0,0,0),(2115,125,1,82,4,NULL,NULL,NULL,0,'Gnat',1,NULL,NULL,NULL,1,0,0,0,0,0,0),(2116,900,1,83,4,NULL,NULL,NULL,0,'Gnawer',0,NULL,NULL,NULL,1,0,0,0,0,0,0),(2117,900,1,83,4,NULL,NULL,NULL,0,'Gnawer',0,NULL,NULL,NULL,1,0,0,0,0,0,0),(2118,900,1,83,4,NULL,NULL,NULL,0,'Gnawer',0,NULL,NULL,NULL,1,0,0,0,0,0,0),(2119,900,1,83,4,NULL,NULL,NULL,0,'Gnawer',0,NULL,NULL,NULL,1,0,0,0,0,0,0),(2120,500,1,83,4,NULL,NULL,NULL,0,'Spudder',0,NULL,NULL,NULL,1,0,0,0,0,0,0),(2121,500,1,83,4,NULL,NULL,NULL,0,'Spudder',0,NULL,NULL,NULL,1,0,0,0,0,0,0),(2122,500,1,83,4,NULL,NULL,NULL,0,'Spudder',1,NULL,NULL,NULL,1,0,0,0,0,0,0),(2123,500,1,83,4,NULL,NULL,NULL,0,'Spudder',0,NULL,NULL,NULL,1,0,0,0,0,0,0),(2124,500,1,83,4,NULL,NULL,NULL,0,'Spudder',1,NULL,NULL,NULL,1,0,0,0,0,0,0),(2125,500,1,83,4,NULL,NULL,NULL,0,'Spudder',0,NULL,NULL,NULL,1,0,0,0,0,0,0),(2126,90,1,83,4,NULL,NULL,NULL,0,'Glancer',1,NULL,NULL,NULL,1,0,0,0,0,0,0),(2127,90,1,83,4,NULL,NULL,NULL,0,'Glancer',1,NULL,NULL,NULL,1,0,0,0,0,0,0),(2128,125,1,83,4,NULL,NULL,NULL,0,'Gnat',0,NULL,NULL,NULL,1,0,0,0,0,0,0),(2129,125,1,83,4,NULL,NULL,NULL,0,'Gnat',0,NULL,NULL,NULL,1,0,0,0,0,0,0),(2130,125,1,83,4,NULL,NULL,NULL,0,'Gnat',1,NULL,NULL,NULL,1,0,0,0,0,0,0),(2131,125,1,83,4,NULL,NULL,NULL,0,'Gnat',0,NULL,NULL,NULL,1,0,0,0,0,0,0),(2132,90,1,83,4,NULL,NULL,NULL,0,'Glancer',1,NULL,NULL,NULL,1,0,0,0,0,0,0),(2133,90,1,83,4,NULL,NULL,NULL,0,'Glancer',1,NULL,NULL,NULL,1,0,0,0,0,0,0),(2134,90,1,83,4,NULL,NULL,NULL,0,'Glancer',1,NULL,NULL,NULL,1,0,0,0,0,0,0),(2135,90,1,83,4,NULL,NULL,NULL,0,'Glancer',1,NULL,NULL,NULL,1,0,0,0,0,0,0),(2136,90,1,83,4,NULL,NULL,NULL,0,'Glancer',1,NULL,NULL,NULL,1,0,0,0,0,0,0),(2137,125,1,83,4,NULL,NULL,NULL,0,'Gnat',0,NULL,NULL,NULL,1,0,0,0,0,0,0),(2138,125,1,83,4,NULL,NULL,NULL,0,'Gnat',0,NULL,NULL,NULL,1,0,0,0,0,0,0),(2139,125,1,83,4,NULL,NULL,NULL,0,'Gnat',0,NULL,NULL,NULL,1,0,0,0,0,0,0),(2140,125,1,83,4,NULL,NULL,NULL,0,'Gnat',0,NULL,NULL,NULL,1,0,0,0,0,0,0),(2141,125,1,83,4,NULL,NULL,NULL,0,'Gnat',1,NULL,NULL,NULL,1,0,0,0,0,0,0),(2142,125,1,83,4,NULL,NULL,NULL,0,'Gnat',1,NULL,NULL,NULL,1,0,0,0,0,0,0),(2143,125,1,83,4,NULL,NULL,NULL,0,'Gnat',0,NULL,NULL,NULL,1,0,0,0,0,0,0),(2144,125,1,83,4,NULL,NULL,NULL,0,'Gnat',0,NULL,NULL,NULL,1,0,0,0,0,0,0),(2145,125,1,83,4,NULL,NULL,NULL,0,'Gnat',1,NULL,NULL,NULL,1,0,0,0,0,0,0),(2146,900,1,84,4,NULL,NULL,NULL,0,'Gnawer',0,NULL,NULL,NULL,1,0,0,0,0,0,0),(2147,900,1,84,4,NULL,NULL,NULL,0,'Gnawer',0,NULL,NULL,NULL,1,0,0,0,0,0,0),(2148,900,1,84,4,NULL,NULL,NULL,0,'Gnawer',0,NULL,NULL,NULL,1,0,0,0,0,0,0),(2149,900,1,84,4,NULL,NULL,NULL,0,'Gnawer',0,NULL,NULL,NULL,1,0,0,0,0,0,0),(2150,500,1,84,4,NULL,NULL,NULL,0,'Spudder',0,NULL,NULL,NULL,1,0,0,0,0,0,0),(2151,500,1,84,4,NULL,NULL,NULL,0,'Spudder',0,NULL,NULL,NULL,1,0,0,0,0,0,0),(2152,500,1,84,4,NULL,NULL,NULL,0,'Spudder',0,NULL,NULL,NULL,1,0,0,0,0,0,0),(2153,500,1,84,4,NULL,NULL,NULL,0,'Spudder',1,NULL,NULL,NULL,1,0,0,0,0,0,0),(2154,500,1,84,4,NULL,NULL,NULL,0,'Spudder',0,NULL,NULL,NULL,1,0,0,0,0,0,0),(2155,500,1,84,4,NULL,NULL,NULL,0,'Spudder',1,NULL,NULL,NULL,1,0,0,0,0,0,0),(2156,500,1,84,4,NULL,NULL,NULL,0,'Spudder',0,NULL,NULL,NULL,1,0,0,0,0,0,0),(2157,90,1,84,4,NULL,NULL,NULL,0,'Glancer',1,NULL,NULL,NULL,1,0,0,0,0,0,0),(2158,90,1,84,4,NULL,NULL,NULL,0,'Glancer',1,NULL,NULL,NULL,1,0,0,0,0,0,0),(2159,125,1,84,4,NULL,NULL,NULL,0,'Gnat',0,NULL,NULL,NULL,1,0,0,0,0,0,0),(2160,125,1,84,4,NULL,NULL,NULL,0,'Gnat',0,NULL,NULL,NULL,1,0,0,0,0,0,0),(2161,125,1,84,4,NULL,NULL,NULL,0,'Gnat',0,NULL,NULL,NULL,1,0,0,0,0,0,0),(2162,90,1,84,4,NULL,NULL,NULL,0,'Glancer',1,NULL,NULL,NULL,1,0,0,0,0,0,0),(2163,90,1,84,4,NULL,NULL,NULL,0,'Glancer',1,NULL,NULL,NULL,1,0,0,0,0,0,0),(2164,90,1,84,4,NULL,NULL,NULL,0,'Glancer',1,NULL,NULL,NULL,1,0,0,0,0,0,0),(2165,90,1,84,4,NULL,NULL,NULL,0,'Glancer',1,NULL,NULL,NULL,1,0,0,0,0,0,0),(2166,90,1,84,4,NULL,NULL,NULL,0,'Glancer',1,NULL,NULL,NULL,1,0,0,0,0,0,0),(2167,90,1,84,4,NULL,NULL,NULL,0,'Glancer',1,NULL,NULL,NULL,1,0,0,0,0,0,0),(2168,125,1,84,4,NULL,NULL,NULL,0,'Gnat',0,NULL,NULL,NULL,1,0,0,0,0,0,0),(2169,125,1,84,4,NULL,NULL,NULL,0,'Gnat',0,NULL,NULL,NULL,1,0,0,0,0,0,0),(2170,125,1,84,4,NULL,NULL,NULL,0,'Gnat',0,NULL,NULL,NULL,1,0,0,0,0,0,0),(2171,125,1,84,4,NULL,NULL,NULL,0,'Gnat',0,NULL,NULL,NULL,1,0,0,0,0,0,0),(2172,125,1,84,4,NULL,NULL,NULL,0,'Gnat',1,NULL,NULL,NULL,1,0,0,0,0,0,0),(2173,125,1,84,4,NULL,NULL,NULL,0,'Gnat',1,NULL,NULL,NULL,1,0,0,0,0,0,0),(2174,125,1,84,4,NULL,NULL,NULL,0,'Gnat',0,NULL,NULL,NULL,1,0,0,0,0,0,0),(2175,125,1,84,4,NULL,NULL,NULL,0,'Gnat',1,NULL,NULL,NULL,1,0,0,0,0,0,0),(2176,125,1,84,4,NULL,NULL,NULL,0,'Gnat',1,NULL,NULL,NULL,1,0,0,0,0,0,0),(2177,900,1,85,4,NULL,NULL,NULL,0,'Gnawer',0,NULL,NULL,NULL,1,0,0,0,0,0,0),(2178,500,1,85,4,NULL,NULL,NULL,0,'Spudder',0,NULL,NULL,NULL,1,0,0,0,0,0,0),(2179,500,1,85,4,NULL,NULL,NULL,0,'Spudder',0,NULL,NULL,NULL,1,0,0,0,0,0,0),(2180,500,1,85,4,NULL,NULL,NULL,0,'Spudder',0,NULL,NULL,NULL,1,0,0,0,0,0,0),(2181,90,1,85,4,NULL,NULL,NULL,0,'Glancer',1,NULL,NULL,NULL,1,0,0,0,0,0,0),(2182,90,1,85,4,NULL,NULL,NULL,0,'Glancer',1,NULL,NULL,NULL,1,0,0,0,0,0,0),(2183,125,1,85,4,NULL,NULL,NULL,0,'Gnat',1,NULL,NULL,NULL,1,0,0,0,0,0,0),(2184,125,1,85,4,NULL,NULL,NULL,0,'Gnat',0,NULL,NULL,NULL,1,0,0,0,0,0,0),(2185,125,1,85,4,NULL,NULL,NULL,0,'Gnat',0,NULL,NULL,NULL,1,0,0,0,0,0,0),(2186,90,1,85,4,NULL,NULL,NULL,0,'Glancer',1,NULL,NULL,NULL,1,0,0,0,0,0,0),(2187,90,1,85,4,NULL,NULL,NULL,0,'Glancer',1,NULL,NULL,NULL,1,0,0,0,0,0,0),(2188,90,1,85,4,NULL,NULL,NULL,0,'Glancer',1,NULL,NULL,NULL,1,0,0,0,0,0,0),(2189,90,1,85,4,NULL,NULL,NULL,0,'Glancer',1,NULL,NULL,NULL,1,0,0,0,0,0,0),(2190,90,1,85,4,NULL,NULL,NULL,0,'Glancer',1,NULL,NULL,NULL,1,0,0,0,0,0,0),(2191,90,1,85,4,NULL,NULL,NULL,0,'Glancer',1,NULL,NULL,NULL,1,0,0,0,0,0,0),(2192,125,1,85,4,NULL,NULL,NULL,0,'Gnat',0,NULL,NULL,NULL,1,0,0,0,0,0,0),(2193,125,1,85,4,NULL,NULL,NULL,0,'Gnat',0,NULL,NULL,NULL,1,0,0,0,0,0,0),(2194,125,1,85,4,NULL,NULL,NULL,0,'Gnat',0,NULL,NULL,NULL,1,0,0,0,0,0,0),(2195,125,1,85,4,NULL,NULL,NULL,0,'Gnat',0,NULL,NULL,NULL,1,0,0,0,0,0,0),(2196,125,1,85,4,NULL,NULL,NULL,0,'Gnat',1,NULL,NULL,NULL,1,0,0,0,0,0,0),(2197,125,1,85,4,NULL,NULL,NULL,0,'Gnat',1,NULL,NULL,NULL,1,0,0,0,0,0,0),(2198,125,1,85,4,NULL,NULL,NULL,0,'Gnat',1,NULL,NULL,NULL,1,0,0,0,0,0,0),(2199,125,1,85,4,NULL,NULL,NULL,0,'Gnat',1,NULL,NULL,NULL,1,0,0,0,0,0,0),(2200,125,1,85,4,NULL,NULL,NULL,0,'Gnat',0,NULL,NULL,NULL,1,0,0,0,0,0,0),(2201,900,1,86,4,NULL,NULL,NULL,0,'Gnawer',0,NULL,NULL,NULL,1,0,0,0,0,0,0),(2202,500,1,86,4,NULL,NULL,NULL,0,'Spudder',0,NULL,NULL,NULL,1,0,0,0,0,0,0),(2203,500,1,86,4,NULL,NULL,NULL,0,'Spudder',0,NULL,NULL,NULL,1,0,0,0,0,0,0),(2204,500,1,86,4,NULL,NULL,NULL,0,'Spudder',0,NULL,NULL,NULL,1,0,0,0,0,0,0),(2205,90,1,86,4,NULL,NULL,NULL,0,'Glancer',1,NULL,NULL,NULL,1,0,0,0,0,0,0),(2206,125,1,86,4,NULL,NULL,NULL,0,'Gnat',0,NULL,NULL,NULL,1,0,0,0,0,0,0),(2207,125,1,86,4,NULL,NULL,NULL,0,'Gnat',0,NULL,NULL,NULL,1,0,0,0,0,0,0),(2208,125,1,86,4,NULL,NULL,NULL,0,'Gnat',1,NULL,NULL,NULL,1,0,0,0,0,0,0),(2209,125,1,86,4,NULL,NULL,NULL,0,'Gnat',0,NULL,NULL,NULL,1,0,0,0,0,0,0),(2210,90,1,86,4,NULL,NULL,NULL,0,'Glancer',1,NULL,NULL,NULL,1,0,0,0,0,0,0),(2211,90,1,86,4,NULL,NULL,NULL,0,'Glancer',1,NULL,NULL,NULL,1,0,0,0,0,0,0),(2212,90,1,86,4,NULL,NULL,NULL,0,'Glancer',1,NULL,NULL,NULL,1,0,0,0,0,0,0),(2213,90,1,86,4,NULL,NULL,NULL,0,'Glancer',1,NULL,NULL,NULL,1,0,0,0,0,0,0),(2214,90,1,86,4,NULL,NULL,NULL,0,'Glancer',1,NULL,NULL,NULL,1,0,0,0,0,0,0),(2215,125,1,86,4,NULL,NULL,NULL,0,'Gnat',0,NULL,NULL,NULL,1,0,0,0,0,0,0),(2216,125,1,86,4,NULL,NULL,NULL,0,'Gnat',0,NULL,NULL,NULL,1,0,0,0,0,0,0),(2217,125,1,86,4,NULL,NULL,NULL,0,'Gnat',0,NULL,NULL,NULL,1,0,0,0,0,0,0),(2218,125,1,86,4,NULL,NULL,NULL,0,'Gnat',0,NULL,NULL,NULL,1,0,0,0,0,0,0),(2219,125,1,86,4,NULL,NULL,NULL,0,'Gnat',1,NULL,NULL,NULL,1,0,0,0,0,0,0),(2220,125,1,86,4,NULL,NULL,NULL,0,'Gnat',1,NULL,NULL,NULL,1,0,0,0,0,0,0),(2221,125,1,86,4,NULL,NULL,NULL,0,'Gnat',0,NULL,NULL,NULL,1,0,0,0,0,0,0),(2222,125,1,86,4,NULL,NULL,NULL,0,'Gnat',0,NULL,NULL,NULL,1,0,0,0,0,0,0),(2223,500,1,87,4,NULL,NULL,NULL,0,'Spudder',0,NULL,NULL,NULL,1,0,0,0,0,0,0),(2224,90,1,87,4,NULL,NULL,NULL,0,'Glancer',1,NULL,NULL,NULL,1,0,0,0,0,0,0),(2225,90,1,87,4,NULL,NULL,NULL,0,'Glancer',1,NULL,NULL,NULL,1,0,0,0,0,0,0),(2226,90,1,87,4,NULL,NULL,NULL,0,'Glancer',1,NULL,NULL,NULL,1,0,0,0,0,0,0),(2227,90,1,87,4,NULL,NULL,NULL,0,'Glancer',1,NULL,NULL,NULL,1,0,0,0,0,0,0),(2228,90,1,87,4,NULL,NULL,NULL,0,'Glancer',1,NULL,NULL,NULL,1,0,0,0,0,0,0),(2229,90,1,87,4,NULL,NULL,NULL,0,'Glancer',1,NULL,NULL,NULL,1,0,0,0,0,0,0),(2230,125,1,87,4,NULL,NULL,NULL,0,'Gnat',0,NULL,NULL,NULL,1,0,0,0,0,0,0),(2231,125,1,87,4,NULL,NULL,NULL,0,'Gnat',0,NULL,NULL,NULL,1,0,0,0,0,0,0),(2232,125,1,87,4,NULL,NULL,NULL,0,'Gnat',0,NULL,NULL,NULL,1,0,0,0,0,0,0),(2233,125,1,87,4,NULL,NULL,NULL,0,'Gnat',0,NULL,NULL,NULL,1,0,0,0,0,0,0),(2234,125,1,87,4,NULL,NULL,NULL,0,'Gnat',1,NULL,NULL,NULL,1,0,0,0,0,0,0),(2235,125,1,87,4,NULL,NULL,NULL,0,'Gnat',1,NULL,NULL,NULL,1,0,0,0,0,0,0),(2236,125,1,87,4,NULL,NULL,NULL,0,'Gnat',0,NULL,NULL,NULL,1,0,0,0,0,0,0),(2237,125,1,87,4,NULL,NULL,NULL,0,'Gnat',1,NULL,NULL,NULL,1,0,0,0,0,0,0),(2238,90,1,88,4,NULL,NULL,NULL,0,'Glancer',1,NULL,NULL,NULL,1,0,0,0,0,0,0),(2239,90,1,88,4,NULL,NULL,NULL,0,'Glancer',1,NULL,NULL,NULL,1,0,0,0,0,0,0),(2240,125,1,88,4,NULL,NULL,NULL,0,'Gnat',0,NULL,NULL,NULL,1,0,0,0,0,0,0),(2241,125,1,88,4,NULL,NULL,NULL,0,'Gnat',0,NULL,NULL,NULL,1,0,0,0,0,0,0),(2242,125,1,88,4,NULL,NULL,NULL,0,'Gnat',1,NULL,NULL,NULL,1,0,0,0,0,0,0),(2243,125,1,88,4,NULL,NULL,NULL,0,'Gnat',0,NULL,NULL,NULL,1,0,0,0,0,0,0),(2244,90,1,88,4,NULL,NULL,NULL,0,'Glancer',1,NULL,NULL,NULL,1,0,0,0,0,0,0),(2245,90,1,88,4,NULL,NULL,NULL,0,'Glancer',1,NULL,NULL,NULL,1,0,0,0,0,0,0),(2246,90,1,88,4,NULL,NULL,NULL,0,'Glancer',1,NULL,NULL,NULL,1,0,0,0,0,0,0),(2247,90,1,88,4,NULL,NULL,NULL,0,'Glancer',1,NULL,NULL,NULL,1,0,0,0,0,0,0),(2248,90,1,88,4,NULL,NULL,NULL,0,'Glancer',1,NULL,NULL,NULL,1,0,0,0,0,0,0),(2249,90,1,88,4,NULL,NULL,NULL,0,'Glancer',1,NULL,NULL,NULL,1,0,0,0,0,0,0),(2250,90,1,88,4,NULL,NULL,NULL,0,'Glancer',1,NULL,NULL,NULL,1,0,0,0,0,0,0),(2251,125,1,88,4,NULL,NULL,NULL,0,'Gnat',0,NULL,NULL,NULL,1,0,0,0,0,0,0),(2252,125,1,88,4,NULL,NULL,NULL,0,'Gnat',0,NULL,NULL,NULL,1,0,0,0,0,0,0),(2253,125,1,88,4,NULL,NULL,NULL,0,'Gnat',0,NULL,NULL,NULL,1,0,0,0,0,0,0),(2254,125,1,88,4,NULL,NULL,NULL,0,'Gnat',0,NULL,NULL,NULL,1,0,0,0,0,0,0),(2255,125,1,88,4,NULL,NULL,NULL,0,'Gnat',1,NULL,NULL,NULL,1,0,0,0,0,0,0),(2256,125,1,88,4,NULL,NULL,NULL,0,'Gnat',1,NULL,NULL,NULL,1,0,0,0,0,0,0),(2257,125,1,89,4,NULL,NULL,NULL,0,'Gnat',0,NULL,NULL,NULL,1,0,0,0,0,0,0),(2258,125,1,89,4,NULL,NULL,NULL,0,'Gnat',0,NULL,NULL,NULL,1,0,0,0,0,0,0),(2259,125,1,89,4,NULL,NULL,NULL,0,'Gnat',0,NULL,NULL,NULL,1,0,0,0,0,0,0),(2260,125,1,89,4,NULL,NULL,NULL,0,'Gnat',0,NULL,NULL,NULL,1,0,0,0,0,0,0),(2261,125,1,89,4,NULL,NULL,NULL,0,'Gnat',1,NULL,NULL,NULL,1,0,0,0,0,0,0),(2262,125,1,89,4,NULL,NULL,NULL,0,'Gnat',1,NULL,NULL,NULL,1,0,0,0,0,0,0),(2263,125,1,89,4,NULL,NULL,NULL,0,'Gnat',0,NULL,NULL,NULL,1,0,0,0,0,0,0),(2264,125,1,89,4,NULL,NULL,NULL,0,'Gnat',0,NULL,NULL,NULL,1,0,0,0,0,0,0),(2265,125,1,90,4,NULL,NULL,NULL,0,'Gnat',0,NULL,NULL,NULL,1,0,0,0,0,0,0),(2266,125,1,90,4,NULL,NULL,NULL,0,'Gnat',0,NULL,NULL,NULL,1,0,0,0,0,0,0),(2267,125,1,90,4,NULL,NULL,NULL,0,'Gnat',0,NULL,NULL,NULL,1,0,0,0,0,0,0),(2268,125,1,90,4,NULL,NULL,NULL,0,'Gnat',0,NULL,NULL,NULL,1,0,0,0,0,0,0),(2269,125,1,90,4,NULL,NULL,NULL,0,'Gnat',1,NULL,NULL,NULL,1,0,0,0,0,0,0),(2270,125,1,90,4,NULL,NULL,NULL,0,'Gnat',1,NULL,NULL,NULL,1,0,0,0,0,0,0),(2271,125,1,90,4,NULL,NULL,NULL,0,'Gnat',1,NULL,NULL,NULL,1,0,0,0,0,0,0),(2272,125,1,90,4,NULL,NULL,NULL,0,'Gnat',1,NULL,NULL,NULL,1,0,0,0,0,0,0),(2273,125,1,91,4,NULL,NULL,NULL,0,'Gnat',0,NULL,NULL,NULL,1,0,0,0,0,0,0),(2274,125,1,91,4,NULL,NULL,NULL,0,'Gnat',0,NULL,NULL,NULL,1,0,0,0,0,0,0),(2275,125,1,91,4,NULL,NULL,NULL,0,'Gnat',0,NULL,NULL,NULL,1,0,0,0,0,0,0),(2276,125,1,91,4,NULL,NULL,NULL,0,'Gnat',0,NULL,NULL,NULL,1,0,0,0,0,0,0),(2277,125,1,91,4,NULL,NULL,NULL,0,'Gnat',1,NULL,NULL,NULL,1,0,0,0,0,0,0),(2278,125,1,91,4,NULL,NULL,NULL,0,'Gnat',1,NULL,NULL,NULL,1,0,0,0,0,0,0),(2279,125,1,91,4,NULL,NULL,NULL,0,'Gnat',0,NULL,NULL,NULL,1,0,0,0,0,0,0),(2280,125,1,91,4,NULL,NULL,NULL,0,'Gnat',1,NULL,NULL,NULL,1,0,0,0,0,0,0),(2281,125,1,92,4,NULL,NULL,NULL,0,'Gnat',0,NULL,NULL,NULL,1,0,0,0,0,0,0),(2282,125,1,92,4,NULL,NULL,NULL,0,'Gnat',0,NULL,NULL,NULL,1,0,0,0,0,0,0),(2283,125,1,92,4,NULL,NULL,NULL,0,'Gnat',0,NULL,NULL,NULL,1,0,0,0,0,0,0),(2284,125,1,92,4,NULL,NULL,NULL,0,'Gnat',0,NULL,NULL,NULL,1,0,0,0,0,0,0),(2285,125,1,92,4,NULL,NULL,NULL,0,'Gnat',1,NULL,NULL,NULL,1,0,0,0,0,0,0),(2286,125,1,92,4,NULL,NULL,NULL,0,'Gnat',1,NULL,NULL,NULL,1,0,0,0,0,0,0),(2287,125,1,92,4,NULL,NULL,NULL,0,'Gnat',0,NULL,NULL,NULL,1,0,0,0,0,0,0),(2288,125,1,92,4,NULL,NULL,NULL,0,'Gnat',1,NULL,NULL,NULL,1,0,0,0,0,0,0),(2289,26875,1,7,1,NULL,NULL,NULL,0,'Demosis',0,0,180,NULL,1,0,0,0,0,0,0),(2290,26875,1,7,1,NULL,NULL,NULL,0,'Demosis',0,0,180,NULL,1,0,0,0,0,0,0),(2291,4475,1,7,1,NULL,NULL,NULL,0,'Thor',0,0,180,NULL,1,0,0,0,0,0,0),(2292,4475,1,7,1,NULL,NULL,NULL,0,'Thor',0,0,180,NULL,1,0,0,0,0,0,0),(2293,4475,1,7,1,NULL,NULL,NULL,0,'Thor',0,0,180,NULL,1,0,0,0,0,0,0),(2294,4475,1,7,1,NULL,NULL,NULL,0,'Thor',0,0,180,NULL,1,0,0,0,0,0,0),(2295,4475,1,7,1,NULL,NULL,NULL,0,'Thor',1,0,180,NULL,1,0,0,0,0,0,0),(2296,4475,1,7,1,NULL,NULL,NULL,0,'Thor',1,0,180,NULL,1,0,0,0,0,0,0),(2297,4475,1,7,1,NULL,NULL,NULL,0,'Thor',0,0,180,NULL,1,0,0,0,0,0,0),(2298,4475,1,7,1,NULL,NULL,NULL,0,'Thor',1,0,180,NULL,1,0,0,0,0,0,0),(2299,2812,1,7,1,NULL,NULL,NULL,0,'Dirac',1,0,180,NULL,1,0,0,0,0,0,0),(2300,2812,1,7,1,NULL,NULL,NULL,0,'Dirac',1,0,180,NULL,1,0,0,0,0,0,0),(2301,2812,1,7,1,NULL,NULL,NULL,0,'Dirac',1,0,180,NULL,1,0,0,0,0,0,0),(2302,2812,1,7,1,NULL,NULL,NULL,0,'Dirac',1,0,180,NULL,1,0,0,0,0,0,0),(2303,2812,1,7,1,NULL,NULL,NULL,0,'Dirac',1,0,180,NULL,1,0,0,0,0,0,0),(2304,2812,1,7,1,NULL,NULL,NULL,0,'Dirac',0,0,180,NULL,1,0,0,0,0,0,0),(2305,2812,1,7,1,NULL,NULL,NULL,0,'Dirac',0,0,180,NULL,1,0,0,0,0,0,0),(2306,2812,1,7,1,NULL,NULL,NULL,0,'Dirac',0,0,180,NULL,1,0,0,0,0,0,0),(2307,2812,1,7,1,NULL,NULL,NULL,0,'Dirac',1,0,180,NULL,1,0,0,0,0,0,0),(2308,2812,1,7,1,NULL,NULL,NULL,0,'Dirac',1,0,180,NULL,1,0,0,0,0,0,0),(2309,2812,1,7,1,NULL,NULL,NULL,0,'Dirac',1,0,180,NULL,1,0,0,0,0,0,0),(2310,2812,1,7,1,NULL,NULL,NULL,0,'Dirac',1,0,180,NULL,1,0,0,0,0,0,0),(2311,2812,1,7,1,NULL,NULL,NULL,0,'Dirac',1,0,180,NULL,1,0,0,0,0,0,0),(2312,2812,1,7,1,NULL,NULL,NULL,0,'Dirac',0,0,180,NULL,1,0,0,0,0,0,0),(2313,4475,1,7,1,NULL,NULL,NULL,0,'Thor',1,0,0,NULL,1,0,0,0,0,0,0),(2314,4475,1,7,1,NULL,NULL,NULL,0,'Thor',1,0,0,NULL,1,0,0,0,0,0,0),(2315,4475,1,7,1,NULL,NULL,NULL,0,'Thor',1,0,0,NULL,1,0,0,0,0,0,0),(2316,4475,1,7,1,NULL,NULL,NULL,0,'Thor',1,0,0,NULL,1,0,0,0,0,0,0),(2317,2812,1,7,1,NULL,NULL,NULL,0,'Dirac',0,0,0,NULL,1,0,0,0,0,0,0),(2318,2812,1,7,1,NULL,NULL,NULL,0,'Dirac',1,0,0,NULL,1,0,0,0,0,0,0),(2319,2812,1,7,1,NULL,NULL,NULL,0,'Dirac',0,0,0,NULL,1,0,0,0,0,0,0),(2320,2812,1,7,1,NULL,NULL,NULL,0,'Dirac',1,0,0,NULL,1,0,0,0,0,0,0),(2321,2812,1,7,1,NULL,NULL,NULL,0,'Dirac',0,0,0,NULL,1,0,0,0,0,0,0),(2322,2812,1,7,1,NULL,NULL,NULL,0,'Dirac',0,0,0,NULL,1,0,0,0,0,0,0),(2323,2812,1,7,1,NULL,NULL,NULL,0,'Dirac',1,0,0,NULL,1,0,0,0,0,0,0),(2324,2812,1,7,1,NULL,NULL,NULL,0,'Dirac',1,0,0,NULL,1,0,0,0,0,0,0),(2325,2812,1,7,1,NULL,NULL,NULL,0,'Dirac',0,0,0,NULL,1,0,0,0,0,0,0),(2326,2812,1,7,1,NULL,NULL,NULL,0,'Dirac',0,0,0,NULL,1,0,0,0,0,0,0),(2327,4475,1,8,1,NULL,NULL,NULL,0,'Thor',0,1,45,NULL,1,0,0,0,0,0,0),(2328,4475,1,8,1,NULL,NULL,NULL,0,'Thor',0,1,45,NULL,1,0,0,0,0,0,0),(2329,2812,1,8,1,NULL,NULL,NULL,0,'Dirac',1,1,45,NULL,1,0,0,0,0,0,0),(2330,2812,1,8,1,NULL,NULL,NULL,0,'Dirac',1,1,45,NULL,1,0,0,0,0,0,0),(2331,2812,1,8,1,NULL,NULL,NULL,0,'Dirac',1,1,45,NULL,1,0,0,0,0,0,0),(2332,2812,1,8,1,NULL,NULL,NULL,0,'Dirac',1,1,45,NULL,1,0,0,0,0,0,0),(2333,2812,1,8,1,NULL,NULL,NULL,0,'Dirac',1,1,45,NULL,1,0,0,0,0,0,0),(2334,2812,1,8,1,NULL,NULL,NULL,0,'Dirac',1,1,45,NULL,1,0,0,0,0,0,0),(2335,2812,1,8,1,NULL,NULL,NULL,0,'Dirac',0,1,180,NULL,1,0,0,0,0,0,0),(2336,2812,1,8,1,NULL,NULL,NULL,0,'Dirac',0,1,180,NULL,1,0,0,0,0,0,0),(2337,2812,1,8,1,NULL,NULL,NULL,0,'Dirac',0,1,180,NULL,1,0,0,0,0,0,0),(2338,2812,1,8,1,NULL,NULL,NULL,0,'Dirac',0,1,180,NULL,1,0,0,0,0,0,0),(2339,2812,1,8,1,NULL,NULL,NULL,0,'Dirac',0,1,180,NULL,1,0,0,0,0,0,0),(2340,2812,1,8,1,NULL,NULL,NULL,0,'Dirac',0,1,180,NULL,1,0,0,0,0,0,0),(2341,2812,1,8,1,NULL,NULL,NULL,0,'Dirac',0,1,180,NULL,1,0,0,0,0,0,0),(2342,2812,1,8,1,NULL,NULL,NULL,0,'Dirac',0,1,180,NULL,1,0,0,0,0,0,0),(2343,90,1,93,4,NULL,NULL,NULL,0,'Glancer',1,NULL,NULL,NULL,1,0,0,0,0,0,0),(2344,90,1,93,4,NULL,NULL,NULL,0,'Glancer',1,NULL,NULL,NULL,1,0,0,0,0,0,0),(2345,90,1,93,4,NULL,NULL,NULL,0,'Glancer',1,NULL,NULL,NULL,1,0,0,0,0,0,0),(2346,90,1,93,4,NULL,NULL,NULL,0,'Glancer',1,NULL,NULL,NULL,1,0,0,0,0,0,0),(2347,125,1,93,4,NULL,NULL,NULL,0,'Gnat',0,NULL,NULL,NULL,1,0,0,0,0,0,0),(2348,125,1,93,4,NULL,NULL,NULL,0,'Gnat',0,NULL,NULL,NULL,1,0,0,0,0,0,0),(2349,125,1,93,4,NULL,NULL,NULL,0,'Gnat',0,NULL,NULL,NULL,1,0,0,0,0,0,0),(2350,125,1,93,4,NULL,NULL,NULL,0,'Gnat',0,NULL,NULL,NULL,1,0,0,0,0,0,0),(2351,125,1,93,4,NULL,NULL,NULL,0,'Gnat',1,NULL,NULL,NULL,1,0,0,0,0,0,0),(2352,125,1,93,4,NULL,NULL,NULL,0,'Gnat',1,NULL,NULL,NULL,1,0,0,0,0,0,0),(2353,125,1,93,4,NULL,NULL,NULL,0,'Gnat',0,NULL,NULL,NULL,1,0,0,0,0,0,0),(2354,125,1,93,4,NULL,NULL,NULL,0,'Gnat',1,NULL,NULL,NULL,1,0,0,0,0,0,0),(2355,125,1,93,4,NULL,NULL,NULL,0,'Gnat',1,NULL,NULL,NULL,1,0,0,0,0,0,0),(2356,90,1,94,4,NULL,NULL,NULL,0,'Glancer',1,NULL,NULL,NULL,1,0,0,0,0,0,0),(2357,90,1,94,4,NULL,NULL,NULL,0,'Glancer',1,NULL,NULL,NULL,1,0,0,0,0,0,0),(2358,90,1,94,4,NULL,NULL,NULL,0,'Glancer',1,NULL,NULL,NULL,1,0,0,0,0,0,0),(2359,90,1,94,4,NULL,NULL,NULL,0,'Glancer',1,NULL,NULL,NULL,1,0,0,0,0,0,0),(2360,125,1,94,4,NULL,NULL,NULL,0,'Gnat',0,NULL,NULL,NULL,1,0,0,0,0,0,0),(2361,125,1,94,4,NULL,NULL,NULL,0,'Gnat',0,NULL,NULL,NULL,1,0,0,0,0,0,0),(2362,125,1,94,4,NULL,NULL,NULL,0,'Gnat',0,NULL,NULL,NULL,1,0,0,0,0,0,0),(2363,125,1,94,4,NULL,NULL,NULL,0,'Gnat',0,NULL,NULL,NULL,1,0,0,0,0,0,0),(2364,125,1,94,4,NULL,NULL,NULL,0,'Gnat',1,NULL,NULL,NULL,1,0,0,0,0,0,0),(2365,125,1,94,4,NULL,NULL,NULL,0,'Gnat',1,NULL,NULL,NULL,1,0,0,0,0,0,0),(2366,125,1,94,4,NULL,NULL,NULL,0,'Gnat',0,NULL,NULL,NULL,1,0,0,0,0,0,0),(2367,125,1,94,4,NULL,NULL,NULL,0,'Gnat',0,NULL,NULL,NULL,1,0,0,0,0,0,0),(2368,125,1,94,4,NULL,NULL,NULL,0,'Gnat',1,NULL,NULL,NULL,1,0,0,0,0,0,0),(2369,125,1,94,4,NULL,NULL,NULL,0,'Gnat',0,NULL,NULL,NULL,1,0,0,0,0,0,0),(2370,90,1,95,4,NULL,NULL,NULL,0,'Glancer',1,NULL,NULL,NULL,1,0,0,0,0,0,0),(2371,90,1,95,4,NULL,NULL,NULL,0,'Glancer',1,NULL,NULL,NULL,1,0,0,0,0,0,0),(2372,90,1,95,4,NULL,NULL,NULL,0,'Glancer',1,NULL,NULL,NULL,1,0,0,0,0,0,0),(2373,125,1,95,4,NULL,NULL,NULL,0,'Gnat',0,NULL,NULL,NULL,1,0,0,0,0,0,0),(2374,125,1,95,4,NULL,NULL,NULL,0,'Gnat',0,NULL,NULL,NULL,1,0,0,0,0,0,0),(2375,125,1,95,4,NULL,NULL,NULL,0,'Gnat',0,NULL,NULL,NULL,1,0,0,0,0,0,0),(2376,125,1,95,4,NULL,NULL,NULL,0,'Gnat',0,NULL,NULL,NULL,1,0,0,0,0,0,0),(2377,125,1,95,4,NULL,NULL,NULL,0,'Gnat',1,NULL,NULL,NULL,1,0,0,0,0,0,0),(2378,125,1,95,4,NULL,NULL,NULL,0,'Gnat',1,NULL,NULL,NULL,1,0,0,0,0,0,0),(2379,125,1,95,4,NULL,NULL,NULL,0,'Gnat',1,NULL,NULL,NULL,1,0,0,0,0,0,0),(2380,90,1,96,4,NULL,NULL,NULL,0,'Glancer',1,NULL,NULL,NULL,1,0,0,0,0,0,0),(2381,90,1,96,4,NULL,NULL,NULL,0,'Glancer',1,NULL,NULL,NULL,1,0,0,0,0,0,0),(2382,90,1,96,4,NULL,NULL,NULL,0,'Glancer',1,NULL,NULL,NULL,1,0,0,0,0,0,0),(2383,125,1,96,4,NULL,NULL,NULL,0,'Gnat',0,NULL,NULL,NULL,1,0,0,0,0,0,0),(2384,125,1,96,4,NULL,NULL,NULL,0,'Gnat',0,NULL,NULL,NULL,1,0,0,0,0,0,0),(2385,125,1,96,4,NULL,NULL,NULL,0,'Gnat',0,NULL,NULL,NULL,1,0,0,0,0,0,0),(2386,125,1,96,4,NULL,NULL,NULL,0,'Gnat',0,NULL,NULL,NULL,1,0,0,0,0,0,0),(2387,125,1,96,4,NULL,NULL,NULL,0,'Gnat',1,NULL,NULL,NULL,1,0,0,0,0,0,0),(2388,125,1,96,4,NULL,NULL,NULL,0,'Gnat',1,NULL,NULL,NULL,1,0,0,0,0,0,0),(2389,125,1,96,4,NULL,NULL,NULL,0,'Gnat',0,NULL,NULL,NULL,1,0,0,0,0,0,0),(2390,125,1,96,4,NULL,NULL,NULL,0,'Gnat',1,NULL,NULL,NULL,1,0,0,0,0,0,0),(2391,125,1,96,4,NULL,NULL,NULL,0,'Gnat',0,NULL,NULL,NULL,1,0,0,0,0,0,0),(2392,90,1,97,4,NULL,NULL,NULL,0,'Glancer',1,NULL,NULL,NULL,1,0,0,0,0,0,0),(2393,90,1,97,4,NULL,NULL,NULL,0,'Glancer',1,NULL,NULL,NULL,1,0,0,0,0,0,0),(2394,90,1,97,4,NULL,NULL,NULL,0,'Glancer',1,NULL,NULL,NULL,1,0,0,0,0,0,0),(2395,125,1,97,4,NULL,NULL,NULL,0,'Gnat',0,NULL,NULL,NULL,1,0,0,0,0,0,0),(2396,125,1,97,4,NULL,NULL,NULL,0,'Gnat',0,NULL,NULL,NULL,1,0,0,0,0,0,0),(2397,125,1,97,4,NULL,NULL,NULL,0,'Gnat',0,NULL,NULL,NULL,1,0,0,0,0,0,0),(2398,125,1,97,4,NULL,NULL,NULL,0,'Gnat',0,NULL,NULL,NULL,1,0,0,0,0,0,0),(2399,125,1,97,4,NULL,NULL,NULL,0,'Gnat',1,NULL,NULL,NULL,1,0,0,0,0,0,0),(2400,125,1,97,4,NULL,NULL,NULL,0,'Gnat',1,NULL,NULL,NULL,1,0,0,0,0,0,0),(2401,125,1,97,4,NULL,NULL,NULL,0,'Gnat',0,NULL,NULL,NULL,1,0,0,0,0,0,0),(2402,125,1,97,4,NULL,NULL,NULL,0,'Gnat',0,NULL,NULL,NULL,1,0,0,0,0,0,0),(2403,125,1,97,4,NULL,NULL,NULL,0,'Gnat',1,NULL,NULL,NULL,1,0,0,0,0,0,0),(2404,125,1,97,4,NULL,NULL,NULL,0,'Gnat',0,NULL,NULL,NULL,1,0,0,0,0,0,0),(2405,125,1,97,4,NULL,NULL,NULL,0,'Gnat',1,NULL,NULL,NULL,1,0,0,0,0,0,0),(2406,500,1,98,4,NULL,NULL,NULL,0,'Spudder',0,NULL,NULL,NULL,1,0,0,0,0,0,0),(2407,500,1,98,4,NULL,NULL,NULL,0,'Spudder',1,NULL,NULL,NULL,1,0,0,0,0,0,0),(2408,500,1,98,4,NULL,NULL,NULL,0,'Spudder',0,NULL,NULL,NULL,1,0,0,0,0,0,0),(2409,90,1,98,4,NULL,NULL,NULL,0,'Glancer',1,NULL,NULL,NULL,1,0,0,0,0,0,0),(2410,90,1,98,4,NULL,NULL,NULL,0,'Glancer',1,NULL,NULL,NULL,1,0,0,0,0,0,0),(2411,125,1,98,4,NULL,NULL,NULL,0,'Gnat',0,NULL,NULL,NULL,1,0,0,0,0,0,0),(2412,125,1,98,4,NULL,NULL,NULL,0,'Gnat',0,NULL,NULL,NULL,1,0,0,0,0,0,0),(2413,90,1,98,4,NULL,NULL,NULL,0,'Glancer',1,NULL,NULL,NULL,1,0,0,0,0,0,0),(2414,90,1,98,4,NULL,NULL,NULL,0,'Glancer',1,NULL,NULL,NULL,1,0,0,0,0,0,0),(2415,90,1,98,4,NULL,NULL,NULL,0,'Glancer',1,NULL,NULL,NULL,1,0,0,0,0,0,0),(2416,90,1,98,4,NULL,NULL,NULL,0,'Glancer',1,NULL,NULL,NULL,1,0,0,0,0,0,0),(2417,90,1,98,4,NULL,NULL,NULL,0,'Glancer',1,NULL,NULL,NULL,1,0,0,0,0,0,0),(2418,125,1,98,4,NULL,NULL,NULL,0,'Gnat',0,NULL,NULL,NULL,1,0,0,0,0,0,0),(2419,125,1,98,4,NULL,NULL,NULL,0,'Gnat',0,NULL,NULL,NULL,1,0,0,0,0,0,0),(2420,125,1,98,4,NULL,NULL,NULL,0,'Gnat',0,NULL,NULL,NULL,1,0,0,0,0,0,0),(2421,125,1,98,4,NULL,NULL,NULL,0,'Gnat',0,NULL,NULL,NULL,1,0,0,0,0,0,0),(2422,125,1,98,4,NULL,NULL,NULL,0,'Gnat',1,NULL,NULL,NULL,1,0,0,0,0,0,0),(2423,125,1,98,4,NULL,NULL,NULL,0,'Gnat',1,NULL,NULL,NULL,1,0,0,0,0,0,0),(2424,125,1,98,4,NULL,NULL,NULL,0,'Gnat',0,NULL,NULL,NULL,1,0,0,0,0,0,0),(2425,125,1,98,4,NULL,NULL,NULL,0,'Gnat',1,NULL,NULL,NULL,1,0,0,0,0,0,0),(2426,500,1,99,4,NULL,NULL,NULL,0,'Spudder',0,NULL,NULL,NULL,1,0,0,0,0,0,0),(2427,500,1,99,4,NULL,NULL,NULL,0,'Spudder',0,NULL,NULL,NULL,1,0,0,0,0,0,0),(2428,90,1,99,4,NULL,NULL,NULL,0,'Glancer',1,NULL,NULL,NULL,1,0,0,0,0,0,0),(2429,90,1,99,4,NULL,NULL,NULL,0,'Glancer',1,NULL,NULL,NULL,1,0,0,0,0,0,0),(2430,125,1,99,4,NULL,NULL,NULL,0,'Gnat',1,NULL,NULL,NULL,1,0,0,0,0,0,0),(2431,125,1,99,4,NULL,NULL,NULL,0,'Gnat',0,NULL,NULL,NULL,1,0,0,0,0,0,0),(2432,90,1,99,4,NULL,NULL,NULL,0,'Glancer',1,NULL,NULL,NULL,1,0,0,0,0,0,0),(2433,90,1,99,4,NULL,NULL,NULL,0,'Glancer',1,NULL,NULL,NULL,1,0,0,0,0,0,0),(2434,90,1,99,4,NULL,NULL,NULL,0,'Glancer',1,NULL,NULL,NULL,1,0,0,0,0,0,0),(2435,90,1,99,4,NULL,NULL,NULL,0,'Glancer',1,NULL,NULL,NULL,1,0,0,0,0,0,0),(2436,90,1,99,4,NULL,NULL,NULL,0,'Glancer',1,NULL,NULL,NULL,1,0,0,0,0,0,0),(2437,125,1,99,4,NULL,NULL,NULL,0,'Gnat',0,NULL,NULL,NULL,1,0,0,0,0,0,0),(2438,125,1,99,4,NULL,NULL,NULL,0,'Gnat',0,NULL,NULL,NULL,1,0,0,0,0,0,0),(2439,125,1,99,4,NULL,NULL,NULL,0,'Gnat',0,NULL,NULL,NULL,1,0,0,0,0,0,0),(2440,125,1,99,4,NULL,NULL,NULL,0,'Gnat',0,NULL,NULL,NULL,1,0,0,0,0,0,0),(2441,125,1,99,4,NULL,NULL,NULL,0,'Gnat',1,NULL,NULL,NULL,1,0,0,0,0,0,0),(2442,125,1,99,4,NULL,NULL,NULL,0,'Gnat',1,NULL,NULL,NULL,1,0,0,0,0,0,0),(2443,125,1,99,4,NULL,NULL,NULL,0,'Gnat',1,NULL,NULL,NULL,1,0,0,0,0,0,0),(2444,500,1,100,4,NULL,NULL,NULL,0,'Spudder',0,NULL,NULL,NULL,1,0,0,0,0,0,0),(2445,90,1,100,4,NULL,NULL,NULL,0,'Glancer',1,NULL,NULL,NULL,1,0,0,0,0,0,0),(2446,90,1,100,4,NULL,NULL,NULL,0,'Glancer',1,NULL,NULL,NULL,1,0,0,0,0,0,0),(2447,125,1,100,4,NULL,NULL,NULL,0,'Gnat',0,NULL,NULL,NULL,1,0,0,0,0,0,0),(2448,125,1,100,4,NULL,NULL,NULL,0,'Gnat',0,NULL,NULL,NULL,1,0,0,0,0,0,0),(2449,125,1,100,4,NULL,NULL,NULL,0,'Gnat',1,NULL,NULL,NULL,1,0,0,0,0,0,0),(2450,125,1,100,4,NULL,NULL,NULL,0,'Gnat',0,NULL,NULL,NULL,1,0,0,0,0,0,0),(2451,125,1,100,4,NULL,NULL,NULL,0,'Gnat',0,NULL,NULL,NULL,1,0,0,0,0,0,0),(2452,90,1,100,4,NULL,NULL,NULL,0,'Glancer',1,NULL,NULL,NULL,1,0,0,0,0,0,0),(2453,90,1,100,4,NULL,NULL,NULL,0,'Glancer',1,NULL,NULL,NULL,1,0,0,0,0,0,0),(2454,90,1,100,4,NULL,NULL,NULL,0,'Glancer',1,NULL,NULL,NULL,1,0,0,0,0,0,0),(2455,90,1,100,4,NULL,NULL,NULL,0,'Glancer',1,NULL,NULL,NULL,1,0,0,0,0,0,0),(2456,90,1,100,4,NULL,NULL,NULL,0,'Glancer',1,NULL,NULL,NULL,1,0,0,0,0,0,0),(2457,90,1,100,4,NULL,NULL,NULL,0,'Glancer',1,NULL,NULL,NULL,1,0,0,0,0,0,0),(2458,125,1,100,4,NULL,NULL,NULL,0,'Gnat',0,NULL,NULL,NULL,1,0,0,0,0,0,0),(2459,125,1,100,4,NULL,NULL,NULL,0,'Gnat',0,NULL,NULL,NULL,1,0,0,0,0,0,0),(2460,125,1,100,4,NULL,NULL,NULL,0,'Gnat',0,NULL,NULL,NULL,1,0,0,0,0,0,0),(2461,125,1,100,4,NULL,NULL,NULL,0,'Gnat',0,NULL,NULL,NULL,1,0,0,0,0,0,0),(2462,125,1,100,4,NULL,NULL,NULL,0,'Gnat',1,NULL,NULL,NULL,1,0,0,0,0,0,0),(2463,125,1,100,4,NULL,NULL,NULL,0,'Gnat',1,NULL,NULL,NULL,1,0,0,0,0,0,0),(2464,900,1,101,4,NULL,NULL,NULL,0,'Gnawer',0,NULL,NULL,NULL,1,0,0,0,0,0,0),(2465,900,1,101,4,NULL,NULL,NULL,0,'Gnawer',0,NULL,NULL,NULL,1,0,0,0,0,0,0),(2466,900,1,101,4,NULL,NULL,NULL,0,'Gnawer',0,NULL,NULL,NULL,1,0,0,0,0,0,0),(2467,900,1,101,4,NULL,NULL,NULL,0,'Gnawer',0,NULL,NULL,NULL,1,0,0,0,0,0,0),(2468,900,1,101,4,NULL,NULL,NULL,0,'Gnawer',0,NULL,NULL,NULL,1,0,0,0,0,0,0),(2469,500,1,101,4,NULL,NULL,NULL,0,'Spudder',0,NULL,NULL,NULL,1,0,0,0,0,0,0),(2470,500,1,101,4,NULL,NULL,NULL,0,'Spudder',0,NULL,NULL,NULL,1,0,0,0,0,0,0),(2471,500,1,101,4,NULL,NULL,NULL,0,'Spudder',1,NULL,NULL,NULL,1,0,0,0,0,0,0),(2472,900,1,101,4,NULL,NULL,NULL,0,'Gnawer',0,NULL,NULL,NULL,1,0,0,0,0,0,0),(2473,500,1,101,4,NULL,NULL,NULL,0,'Spudder',0,NULL,NULL,NULL,1,0,0,0,0,0,0),(2474,500,1,101,4,NULL,NULL,NULL,0,'Spudder',0,NULL,NULL,NULL,1,0,0,0,0,0,0),(2475,90,1,101,4,NULL,NULL,NULL,0,'Glancer',1,NULL,NULL,NULL,1,0,0,0,0,0,0),(2476,90,1,101,4,NULL,NULL,NULL,0,'Glancer',1,NULL,NULL,NULL,1,0,0,0,0,0,0),(2477,125,1,101,4,NULL,NULL,NULL,0,'Gnat',0,NULL,NULL,NULL,1,0,0,0,0,0,0),(2478,125,1,101,4,NULL,NULL,NULL,0,'Gnat',1,NULL,NULL,NULL,1,0,0,0,0,0,0),(2479,90,1,101,4,NULL,NULL,NULL,0,'Glancer',1,NULL,NULL,NULL,1,0,0,0,0,0,0),(2480,90,1,101,4,NULL,NULL,NULL,0,'Glancer',1,NULL,NULL,NULL,1,0,0,0,0,0,0),(2481,90,1,101,4,NULL,NULL,NULL,0,'Glancer',1,NULL,NULL,NULL,1,0,0,0,0,0,0),(2482,90,1,101,4,NULL,NULL,NULL,0,'Glancer',1,NULL,NULL,NULL,1,0,0,0,0,0,0),(2483,90,1,101,4,NULL,NULL,NULL,0,'Glancer',1,NULL,NULL,NULL,1,0,0,0,0,0,0),(2484,125,1,101,4,NULL,NULL,NULL,0,'Gnat',0,NULL,NULL,NULL,1,0,0,0,0,0,0),(2485,125,1,101,4,NULL,NULL,NULL,0,'Gnat',0,NULL,NULL,NULL,1,0,0,0,0,0,0),(2486,125,1,101,4,NULL,NULL,NULL,0,'Gnat',0,NULL,NULL,NULL,1,0,0,0,0,0,0),(2487,125,1,101,4,NULL,NULL,NULL,0,'Gnat',0,NULL,NULL,NULL,1,0,0,0,0,0,0),(2488,125,1,101,4,NULL,NULL,NULL,0,'Gnat',1,NULL,NULL,NULL,1,0,0,0,0,0,0),(2489,125,1,101,4,NULL,NULL,NULL,0,'Gnat',1,NULL,NULL,NULL,1,0,0,0,0,0,0),(2490,125,1,101,4,NULL,NULL,NULL,0,'Gnat',0,NULL,NULL,NULL,1,0,0,0,0,0,0),(2491,125,1,101,4,NULL,NULL,NULL,0,'Gnat',0,NULL,NULL,NULL,1,0,0,0,0,0,0),(2492,125,1,101,4,NULL,NULL,NULL,0,'Gnat',1,NULL,NULL,NULL,1,0,0,0,0,0,0),(2493,900,1,102,4,NULL,NULL,NULL,0,'Gnawer',0,NULL,NULL,NULL,1,0,0,0,0,0,0),(2494,900,1,102,4,NULL,NULL,NULL,0,'Gnawer',0,NULL,NULL,NULL,1,0,0,0,0,0,0),(2495,900,1,102,4,NULL,NULL,NULL,0,'Gnawer',0,NULL,NULL,NULL,1,0,0,0,0,0,0),(2496,900,1,102,4,NULL,NULL,NULL,0,'Gnawer',0,NULL,NULL,NULL,1,0,0,0,0,0,0),(2497,500,1,102,4,NULL,NULL,NULL,0,'Spudder',0,NULL,NULL,NULL,1,0,0,0,0,0,0),(2498,500,1,102,4,NULL,NULL,NULL,0,'Spudder',0,NULL,NULL,NULL,1,0,0,0,0,0,0),(2499,500,1,102,4,NULL,NULL,NULL,0,'Spudder',1,NULL,NULL,NULL,1,0,0,0,0,0,0),(2500,500,1,102,4,NULL,NULL,NULL,0,'Spudder',0,NULL,NULL,NULL,1,0,0,0,0,0,0),(2501,90,1,102,4,NULL,NULL,NULL,0,'Glancer',1,NULL,NULL,NULL,1,0,0,0,0,0,0),(2502,90,1,102,4,NULL,NULL,NULL,0,'Glancer',1,NULL,NULL,NULL,1,0,0,0,0,0,0),(2503,125,1,102,4,NULL,NULL,NULL,0,'Gnat',0,NULL,NULL,NULL,1,0,0,0,0,0,0),(2504,125,1,102,4,NULL,NULL,NULL,0,'Gnat',0,NULL,NULL,NULL,1,0,0,0,0,0,0),(2505,125,1,102,4,NULL,NULL,NULL,0,'Gnat',0,NULL,NULL,NULL,1,0,0,0,0,0,0),(2506,90,1,102,4,NULL,NULL,NULL,0,'Glancer',1,NULL,NULL,NULL,1,0,0,0,0,0,0),(2507,90,1,102,4,NULL,NULL,NULL,0,'Glancer',1,NULL,NULL,NULL,1,0,0,0,0,0,0),(2508,90,1,102,4,NULL,NULL,NULL,0,'Glancer',1,NULL,NULL,NULL,1,0,0,0,0,0,0),(2509,90,1,102,4,NULL,NULL,NULL,0,'Glancer',1,NULL,NULL,NULL,1,0,0,0,0,0,0),(2510,90,1,102,4,NULL,NULL,NULL,0,'Glancer',1,NULL,NULL,NULL,1,0,0,0,0,0,0),(2511,90,1,102,4,NULL,NULL,NULL,0,'Glancer',1,NULL,NULL,NULL,1,0,0,0,0,0,0),(2512,125,1,102,4,NULL,NULL,NULL,0,'Gnat',0,NULL,NULL,NULL,1,0,0,0,0,0,0),(2513,125,1,102,4,NULL,NULL,NULL,0,'Gnat',0,NULL,NULL,NULL,1,0,0,0,0,0,0),(2514,125,1,102,4,NULL,NULL,NULL,0,'Gnat',0,NULL,NULL,NULL,1,0,0,0,0,0,0),(2515,125,1,102,4,NULL,NULL,NULL,0,'Gnat',0,NULL,NULL,NULL,1,0,0,0,0,0,0),(2516,125,1,102,4,NULL,NULL,NULL,0,'Gnat',1,NULL,NULL,NULL,1,0,0,0,0,0,0),(2517,125,1,102,4,NULL,NULL,NULL,0,'Gnat',1,NULL,NULL,NULL,1,0,0,0,0,0,0),(2518,125,1,102,4,NULL,NULL,NULL,0,'Gnat',0,NULL,NULL,NULL,1,0,0,0,0,0,0),(2519,900,1,103,4,NULL,NULL,NULL,0,'Gnawer',0,NULL,NULL,NULL,1,0,0,0,0,0,0),(2520,900,1,103,4,NULL,NULL,NULL,0,'Gnawer',0,NULL,NULL,NULL,1,0,0,0,0,0,0),(2521,500,1,103,4,NULL,NULL,NULL,0,'Spudder',0,NULL,NULL,NULL,1,0,0,0,0,0,0),(2522,500,1,103,4,NULL,NULL,NULL,0,'Spudder',1,NULL,NULL,NULL,1,0,0,0,0,0,0),(2523,900,1,103,4,NULL,NULL,NULL,0,'Gnawer',0,NULL,NULL,NULL,1,0,0,0,0,0,0),(2524,500,1,103,4,NULL,NULL,NULL,0,'Spudder',1,NULL,NULL,NULL,1,0,0,0,0,0,0),(2525,500,1,103,4,NULL,NULL,NULL,0,'Spudder',0,NULL,NULL,NULL,1,0,0,0,0,0,0),(2526,90,1,103,4,NULL,NULL,NULL,0,'Glancer',1,NULL,NULL,NULL,1,0,0,0,0,0,0),(2527,90,1,103,4,NULL,NULL,NULL,0,'Glancer',1,NULL,NULL,NULL,1,0,0,0,0,0,0),(2528,125,1,103,4,NULL,NULL,NULL,0,'Gnat',0,NULL,NULL,NULL,1,0,0,0,0,0,0),(2529,125,1,103,4,NULL,NULL,NULL,0,'Gnat',1,NULL,NULL,NULL,1,0,0,0,0,0,0),(2530,125,1,103,4,NULL,NULL,NULL,0,'Gnat',1,NULL,NULL,NULL,1,0,0,0,0,0,0),(2531,125,1,103,4,NULL,NULL,NULL,0,'Gnat',0,NULL,NULL,NULL,1,0,0,0,0,0,0),(2532,125,1,103,4,NULL,NULL,NULL,0,'Gnat',0,NULL,NULL,NULL,1,0,0,0,0,0,0),(2533,90,1,103,4,NULL,NULL,NULL,0,'Glancer',1,NULL,NULL,NULL,1,0,0,0,0,0,0),(2534,90,1,103,4,NULL,NULL,NULL,0,'Glancer',1,NULL,NULL,NULL,1,0,0,0,0,0,0),(2535,90,1,103,4,NULL,NULL,NULL,0,'Glancer',1,NULL,NULL,NULL,1,0,0,0,0,0,0),(2536,90,1,103,4,NULL,NULL,NULL,0,'Glancer',1,NULL,NULL,NULL,1,0,0,0,0,0,0),(2537,90,1,103,4,NULL,NULL,NULL,0,'Glancer',1,NULL,NULL,NULL,1,0,0,0,0,0,0),(2538,90,1,103,4,NULL,NULL,NULL,0,'Glancer',1,NULL,NULL,NULL,1,0,0,0,0,0,0),(2539,125,1,103,4,NULL,NULL,NULL,0,'Gnat',0,NULL,NULL,NULL,1,0,0,0,0,0,0),(2540,125,1,103,4,NULL,NULL,NULL,0,'Gnat',0,NULL,NULL,NULL,1,0,0,0,0,0,0),(2541,125,1,103,4,NULL,NULL,NULL,0,'Gnat',0,NULL,NULL,NULL,1,0,0,0,0,0,0),(2542,125,1,103,4,NULL,NULL,NULL,0,'Gnat',0,NULL,NULL,NULL,1,0,0,0,0,0,0),(2543,125,1,103,4,NULL,NULL,NULL,0,'Gnat',1,NULL,NULL,NULL,1,0,0,0,0,0,0),(2544,125,1,103,4,NULL,NULL,NULL,0,'Gnat',1,NULL,NULL,NULL,1,0,0,0,0,0,0),(2545,125,1,103,4,NULL,NULL,NULL,0,'Gnat',0,NULL,NULL,NULL,1,0,0,0,0,0,0),(2546,900,1,104,4,NULL,NULL,NULL,0,'Gnawer',0,NULL,NULL,NULL,1,0,0,0,0,0,0),(2547,900,1,104,4,NULL,NULL,NULL,0,'Gnawer',0,NULL,NULL,NULL,1,0,0,0,0,0,0),(2548,900,1,104,4,NULL,NULL,NULL,0,'Gnawer',0,NULL,NULL,NULL,1,0,0,0,0,0,0),(2549,500,1,104,4,NULL,NULL,NULL,0,'Spudder',0,NULL,NULL,NULL,1,0,0,0,0,0,0),(2550,500,1,104,4,NULL,NULL,NULL,0,'Spudder',1,NULL,NULL,NULL,1,0,0,0,0,0,0),(2551,500,1,104,4,NULL,NULL,NULL,0,'Spudder',0,NULL,NULL,NULL,1,0,0,0,0,0,0),(2552,500,1,104,4,NULL,NULL,NULL,0,'Spudder',1,NULL,NULL,NULL,1,0,0,0,0,0,0),(2553,500,1,104,4,NULL,NULL,NULL,0,'Spudder',0,NULL,NULL,NULL,1,0,0,0,0,0,0),(2554,90,1,104,4,NULL,NULL,NULL,0,'Glancer',1,NULL,NULL,NULL,1,0,0,0,0,0,0),(2555,90,1,104,4,NULL,NULL,NULL,0,'Glancer',1,NULL,NULL,NULL,1,0,0,0,0,0,0),(2556,125,1,104,4,NULL,NULL,NULL,0,'Gnat',0,NULL,NULL,NULL,1,0,0,0,0,0,0),(2557,125,1,104,4,NULL,NULL,NULL,0,'Gnat',0,NULL,NULL,NULL,1,0,0,0,0,0,0),(2558,125,1,104,4,NULL,NULL,NULL,0,'Gnat',0,NULL,NULL,NULL,1,0,0,0,0,0,0),(2559,90,1,104,4,NULL,NULL,NULL,0,'Glancer',1,NULL,NULL,NULL,1,0,0,0,0,0,0),(2560,90,1,104,4,NULL,NULL,NULL,0,'Glancer',1,NULL,NULL,NULL,1,0,0,0,0,0,0),(2561,90,1,104,4,NULL,NULL,NULL,0,'Glancer',1,NULL,NULL,NULL,1,0,0,0,0,0,0),(2562,90,1,104,4,NULL,NULL,NULL,0,'Glancer',1,NULL,NULL,NULL,1,0,0,0,0,0,0),(2563,90,1,104,4,NULL,NULL,NULL,0,'Glancer',1,NULL,NULL,NULL,1,0,0,0,0,0,0),(2564,90,1,104,4,NULL,NULL,NULL,0,'Glancer',1,NULL,NULL,NULL,1,0,0,0,0,0,0),(2565,125,1,104,4,NULL,NULL,NULL,0,'Gnat',0,NULL,NULL,NULL,1,0,0,0,0,0,0),(2566,125,1,104,4,NULL,NULL,NULL,0,'Gnat',0,NULL,NULL,NULL,1,0,0,0,0,0,0),(2567,125,1,104,4,NULL,NULL,NULL,0,'Gnat',0,NULL,NULL,NULL,1,0,0,0,0,0,0),(2568,125,1,104,4,NULL,NULL,NULL,0,'Gnat',0,NULL,NULL,NULL,1,0,0,0,0,0,0),(2569,125,1,104,4,NULL,NULL,NULL,0,'Gnat',1,NULL,NULL,NULL,1,0,0,0,0,0,0),(2570,125,1,104,4,NULL,NULL,NULL,0,'Gnat',1,NULL,NULL,NULL,1,0,0,0,0,0,0),(2571,125,1,104,4,NULL,NULL,NULL,0,'Gnat',0,NULL,NULL,NULL,1,0,0,0,0,0,0),(2572,125,1,104,4,NULL,NULL,NULL,0,'Gnat',0,NULL,NULL,NULL,1,0,0,0,0,0,0),(2573,90,1,105,4,NULL,NULL,NULL,0,'Glancer',1,NULL,NULL,NULL,1,0,0,0,0,0,0),(2574,90,1,105,4,NULL,NULL,NULL,0,'Glancer',1,NULL,NULL,NULL,1,0,0,0,0,0,0),(2575,125,1,105,4,NULL,NULL,NULL,0,'Gnat',0,NULL,NULL,NULL,1,0,0,0,0,0,0),(2576,125,1,105,4,NULL,NULL,NULL,0,'Gnat',0,NULL,NULL,NULL,1,0,0,0,0,0,0),(2577,90,1,105,4,NULL,NULL,NULL,0,'Glancer',1,NULL,NULL,NULL,1,0,0,0,0,0,0),(2578,90,1,105,4,NULL,NULL,NULL,0,'Glancer',1,NULL,NULL,NULL,1,0,0,0,0,0,0),(2579,90,1,105,4,NULL,NULL,NULL,0,'Glancer',1,NULL,NULL,NULL,1,0,0,0,0,0,0),(2580,90,1,105,4,NULL,NULL,NULL,0,'Glancer',1,NULL,NULL,NULL,1,0,0,0,0,0,0),(2581,90,1,105,4,NULL,NULL,NULL,0,'Glancer',1,NULL,NULL,NULL,1,0,0,0,0,0,0),(2582,125,1,105,4,NULL,NULL,NULL,0,'Gnat',0,NULL,NULL,NULL,1,0,0,0,0,0,0),(2583,125,1,105,4,NULL,NULL,NULL,0,'Gnat',0,NULL,NULL,NULL,1,0,0,0,0,0,0),(2584,125,1,105,4,NULL,NULL,NULL,0,'Gnat',0,NULL,NULL,NULL,1,0,0,0,0,0,0),(2585,125,1,105,4,NULL,NULL,NULL,0,'Gnat',0,NULL,NULL,NULL,1,0,0,0,0,0,0),(2586,125,1,105,4,NULL,NULL,NULL,0,'Gnat',1,NULL,NULL,NULL,1,0,0,0,0,0,0),(2587,125,1,105,4,NULL,NULL,NULL,0,'Gnat',1,NULL,NULL,NULL,1,0,0,0,0,0,0),(2588,900,1,106,4,NULL,NULL,NULL,0,'Gnawer',0,NULL,NULL,NULL,1,0,0,0,0,0,0),(2589,900,1,106,4,NULL,NULL,NULL,0,'Gnawer',0,NULL,NULL,NULL,1,0,0,0,0,0,0),(2590,500,1,106,4,NULL,NULL,NULL,0,'Spudder',0,NULL,NULL,NULL,1,0,0,0,0,0,0),(2591,500,1,106,4,NULL,NULL,NULL,0,'Spudder',0,NULL,NULL,NULL,1,0,0,0,0,0,0),(2592,500,1,106,4,NULL,NULL,NULL,0,'Spudder',0,NULL,NULL,NULL,1,0,0,0,0,0,0),(2593,500,1,106,4,NULL,NULL,NULL,0,'Spudder',1,NULL,NULL,NULL,1,0,0,0,0,0,0),(2594,500,1,106,4,NULL,NULL,NULL,0,'Spudder',0,NULL,NULL,NULL,1,0,0,0,0,0,0),(2595,500,1,106,4,NULL,NULL,NULL,0,'Spudder',0,NULL,NULL,NULL,1,0,0,0,0,0,0),(2596,90,1,106,4,NULL,NULL,NULL,0,'Glancer',1,NULL,NULL,NULL,1,0,0,0,0,0,0),(2597,90,1,106,4,NULL,NULL,NULL,0,'Glancer',1,NULL,NULL,NULL,1,0,0,0,0,0,0),(2598,125,1,106,4,NULL,NULL,NULL,0,'Gnat',1,NULL,NULL,NULL,1,0,0,0,0,0,0),(2599,125,1,106,4,NULL,NULL,NULL,0,'Gnat',1,NULL,NULL,NULL,1,0,0,0,0,0,0),(2600,125,1,106,4,NULL,NULL,NULL,0,'Gnat',0,NULL,NULL,NULL,1,0,0,0,0,0,0),(2601,90,1,106,4,NULL,NULL,NULL,0,'Glancer',1,NULL,NULL,NULL,1,0,0,0,0,0,0),(2602,90,1,106,4,NULL,NULL,NULL,0,'Glancer',1,NULL,NULL,NULL,1,0,0,0,0,0,0),(2603,90,1,106,4,NULL,NULL,NULL,0,'Glancer',1,NULL,NULL,NULL,1,0,0,0,0,0,0),(2604,90,1,106,4,NULL,NULL,NULL,0,'Glancer',1,NULL,NULL,NULL,1,0,0,0,0,0,0),(2605,90,1,106,4,NULL,NULL,NULL,0,'Glancer',1,NULL,NULL,NULL,1,0,0,0,0,0,0),(2606,125,1,106,4,NULL,NULL,NULL,0,'Gnat',0,NULL,NULL,NULL,1,0,0,0,0,0,0),(2607,125,1,106,4,NULL,NULL,NULL,0,'Gnat',0,NULL,NULL,NULL,1,0,0,0,0,0,0),(2608,125,1,106,4,NULL,NULL,NULL,0,'Gnat',0,NULL,NULL,NULL,1,0,0,0,0,0,0),(2609,125,1,106,4,NULL,NULL,NULL,0,'Gnat',0,NULL,NULL,NULL,1,0,0,0,0,0,0),(2610,125,1,106,4,NULL,NULL,NULL,0,'Gnat',1,NULL,NULL,NULL,1,0,0,0,0,0,0),(2611,125,1,106,4,NULL,NULL,NULL,0,'Gnat',1,NULL,NULL,NULL,1,0,0,0,0,0,0),(2612,125,1,106,4,NULL,NULL,NULL,0,'Gnat',1,NULL,NULL,NULL,1,0,0,0,0,0,0),(2613,125,1,106,4,NULL,NULL,NULL,0,'Gnat',1,NULL,NULL,NULL,1,0,0,0,0,0,0),(2614,500,1,107,4,NULL,NULL,NULL,0,'Spudder',0,NULL,NULL,NULL,1,0,0,0,0,0,0),(2615,90,1,107,4,NULL,NULL,NULL,0,'Glancer',1,NULL,NULL,NULL,1,0,0,0,0,0,0),(2616,90,1,107,4,NULL,NULL,NULL,0,'Glancer',1,NULL,NULL,NULL,1,0,0,0,0,0,0),(2617,125,1,107,4,NULL,NULL,NULL,0,'Gnat',0,NULL,NULL,NULL,1,0,0,0,0,0,0),(2618,125,1,107,4,NULL,NULL,NULL,0,'Gnat',1,NULL,NULL,NULL,1,0,0,0,0,0,0),(2619,125,1,107,4,NULL,NULL,NULL,0,'Gnat',0,NULL,NULL,NULL,1,0,0,0,0,0,0),(2620,90,1,107,4,NULL,NULL,NULL,0,'Glancer',1,NULL,NULL,NULL,1,0,0,0,0,0,0),(2621,90,1,107,4,NULL,NULL,NULL,0,'Glancer',1,NULL,NULL,NULL,1,0,0,0,0,0,0),(2622,90,1,107,4,NULL,NULL,NULL,0,'Glancer',1,NULL,NULL,NULL,1,0,0,0,0,0,0),(2623,90,1,107,4,NULL,NULL,NULL,0,'Glancer',1,NULL,NULL,NULL,1,0,0,0,0,0,0),(2624,90,1,107,4,NULL,NULL,NULL,0,'Glancer',1,NULL,NULL,NULL,1,0,0,0,0,0,0),(2625,90,1,107,4,NULL,NULL,NULL,0,'Glancer',1,NULL,NULL,NULL,1,0,0,0,0,0,0),(2626,125,1,107,4,NULL,NULL,NULL,0,'Gnat',0,NULL,NULL,NULL,1,0,0,0,0,0,0),(2627,125,1,107,4,NULL,NULL,NULL,0,'Gnat',0,NULL,NULL,NULL,1,0,0,0,0,0,0),(2628,125,1,107,4,NULL,NULL,NULL,0,'Gnat',0,NULL,NULL,NULL,1,0,0,0,0,0,0),(2629,125,1,107,4,NULL,NULL,NULL,0,'Gnat',0,NULL,NULL,NULL,1,0,0,0,0,0,0),(2630,125,1,107,4,NULL,NULL,NULL,0,'Gnat',1,NULL,NULL,NULL,1,0,0,0,0,0,0),(2631,125,1,107,4,NULL,NULL,NULL,0,'Gnat',1,NULL,NULL,NULL,1,0,0,0,0,0,0),(2632,125,1,107,4,NULL,NULL,NULL,0,'Gnat',0,NULL,NULL,NULL,1,0,0,0,0,0,0),(2633,125,1,107,4,NULL,NULL,NULL,0,'Gnat',1,NULL,NULL,NULL,1,0,0,0,0,0,0),(2634,125,1,107,4,NULL,NULL,NULL,0,'Gnat',0,NULL,NULL,NULL,1,0,0,0,0,0,0),(2635,90,1,108,4,NULL,NULL,NULL,0,'Glancer',1,NULL,NULL,NULL,1,0,0,0,0,0,0),(2636,90,1,108,4,NULL,NULL,NULL,0,'Glancer',1,NULL,NULL,NULL,1,0,0,0,0,0,0),(2637,125,1,108,4,NULL,NULL,NULL,0,'Gnat',0,NULL,NULL,NULL,1,0,0,0,0,0,0),(2638,125,1,108,4,NULL,NULL,NULL,0,'Gnat',1,NULL,NULL,NULL,1,0,0,0,0,0,0),(2639,125,1,108,4,NULL,NULL,NULL,0,'Gnat',0,NULL,NULL,NULL,1,0,0,0,0,0,0),(2640,90,1,108,4,NULL,NULL,NULL,0,'Glancer',1,NULL,NULL,NULL,1,0,0,0,0,0,0),(2641,90,1,108,4,NULL,NULL,NULL,0,'Glancer',1,NULL,NULL,NULL,1,0,0,0,0,0,0),(2642,90,1,108,4,NULL,NULL,NULL,0,'Glancer',1,NULL,NULL,NULL,1,0,0,0,0,0,0),(2643,90,1,108,4,NULL,NULL,NULL,0,'Glancer',1,NULL,NULL,NULL,1,0,0,0,0,0,0),(2644,90,1,108,4,NULL,NULL,NULL,0,'Glancer',1,NULL,NULL,NULL,1,0,0,0,0,0,0),(2645,125,1,108,4,NULL,NULL,NULL,0,'Gnat',0,NULL,NULL,NULL,1,0,0,0,0,0,0),(2646,125,1,108,4,NULL,NULL,NULL,0,'Gnat',0,NULL,NULL,NULL,1,0,0,0,0,0,0),(2647,125,1,108,4,NULL,NULL,NULL,0,'Gnat',0,NULL,NULL,NULL,1,0,0,0,0,0,0),(2648,125,1,108,4,NULL,NULL,NULL,0,'Gnat',0,NULL,NULL,NULL,1,0,0,0,0,0,0),(2649,125,1,108,4,NULL,NULL,NULL,0,'Gnat',1,NULL,NULL,NULL,1,0,0,0,0,0,0),(2650,125,1,108,4,NULL,NULL,NULL,0,'Gnat',1,NULL,NULL,NULL,1,0,0,0,0,0,0),(2651,125,1,108,4,NULL,NULL,NULL,0,'Gnat',0,NULL,NULL,NULL,1,0,0,0,0,0,0),(2652,125,1,108,4,NULL,NULL,NULL,0,'Gnat',1,NULL,NULL,NULL,1,0,0,0,0,0,0),(2653,125,1,109,4,NULL,NULL,NULL,0,'Gnat',0,NULL,NULL,NULL,1,0,0,0,0,0,0),(2654,125,1,109,4,NULL,NULL,NULL,0,'Gnat',0,NULL,NULL,NULL,1,0,0,0,0,0,0),(2655,125,1,109,4,NULL,NULL,NULL,0,'Gnat',0,NULL,NULL,NULL,1,0,0,0,0,0,0),(2656,125,1,109,4,NULL,NULL,NULL,0,'Gnat',0,NULL,NULL,NULL,1,0,0,0,0,0,0),(2657,125,1,109,4,NULL,NULL,NULL,0,'Gnat',1,NULL,NULL,NULL,1,0,0,0,0,0,0),(2658,125,1,109,4,NULL,NULL,NULL,0,'Gnat',1,NULL,NULL,NULL,1,0,0,0,0,0,0),(2659,125,1,109,4,NULL,NULL,NULL,0,'Gnat',0,NULL,NULL,NULL,1,0,0,0,0,0,0),(2660,125,1,109,4,NULL,NULL,NULL,0,'Gnat',0,NULL,NULL,NULL,1,0,0,0,0,0,0),(2661,125,1,109,4,NULL,NULL,NULL,0,'Gnat',1,NULL,NULL,NULL,1,0,0,0,0,0,0),(2662,125,1,109,4,NULL,NULL,NULL,0,'Gnat',1,NULL,NULL,NULL,1,0,0,0,0,0,0),(2663,125,1,109,4,NULL,NULL,NULL,0,'Gnat',0,NULL,NULL,NULL,1,0,0,0,0,0,0),(2664,125,1,110,4,NULL,NULL,NULL,0,'Gnat',0,NULL,NULL,NULL,1,0,0,0,0,0,0),(2665,125,1,110,4,NULL,NULL,NULL,0,'Gnat',0,NULL,NULL,NULL,1,0,0,0,0,0,0),(2666,125,1,110,4,NULL,NULL,NULL,0,'Gnat',0,NULL,NULL,NULL,1,0,0,0,0,0,0),(2667,125,1,110,4,NULL,NULL,NULL,0,'Gnat',0,NULL,NULL,NULL,1,0,0,0,0,0,0),(2668,125,1,110,4,NULL,NULL,NULL,0,'Gnat',1,NULL,NULL,NULL,1,0,0,0,0,0,0),(2669,125,1,110,4,NULL,NULL,NULL,0,'Gnat',1,NULL,NULL,NULL,1,0,0,0,0,0,0),(2670,125,1,110,4,NULL,NULL,NULL,0,'Gnat',0,NULL,NULL,NULL,1,0,0,0,0,0,0),(2671,125,1,110,4,NULL,NULL,NULL,0,'Gnat',1,NULL,NULL,NULL,1,0,0,0,0,0,0),(2672,125,1,111,4,NULL,NULL,NULL,0,'Gnat',0,NULL,NULL,NULL,1,0,0,0,0,0,0),(2673,125,1,111,4,NULL,NULL,NULL,0,'Gnat',0,NULL,NULL,NULL,1,0,0,0,0,0,0),(2674,125,1,111,4,NULL,NULL,NULL,0,'Gnat',0,NULL,NULL,NULL,1,0,0,0,0,0,0),(2675,125,1,111,4,NULL,NULL,NULL,0,'Gnat',0,NULL,NULL,NULL,1,0,0,0,0,0,0),(2676,125,1,111,4,NULL,NULL,NULL,0,'Gnat',1,NULL,NULL,NULL,1,0,0,0,0,0,0),(2677,125,1,111,4,NULL,NULL,NULL,0,'Gnat',1,NULL,NULL,NULL,1,0,0,0,0,0,0),(2678,125,1,111,4,NULL,NULL,NULL,0,'Gnat',0,NULL,NULL,NULL,1,0,0,0,0,0,0),(2679,125,1,111,4,NULL,NULL,NULL,0,'Gnat',0,NULL,NULL,NULL,1,0,0,0,0,0,0),(2680,125,1,111,4,NULL,NULL,NULL,0,'Gnat',1,NULL,NULL,NULL,1,0,0,0,0,0,0),(2681,4475,1,8,1,NULL,NULL,NULL,0,'Thor',0,2,210,NULL,1,0,0,0,0,0,0),(2682,4475,1,8,1,NULL,NULL,NULL,0,'Thor',0,2,210,NULL,1,0,0,0,0,0,0),(2683,2812,1,8,1,NULL,NULL,NULL,0,'Dirac',1,2,210,NULL,1,0,0,0,0,0,0),(2684,2812,1,8,1,NULL,NULL,NULL,0,'Dirac',1,2,210,NULL,1,0,0,0,0,0,0),(2685,2812,1,8,1,NULL,NULL,NULL,0,'Dirac',1,2,210,NULL,1,0,0,0,0,0,0),(2686,2812,1,8,1,NULL,NULL,NULL,0,'Dirac',1,2,210,NULL,1,0,0,0,0,0,0),(2687,2812,1,8,1,NULL,NULL,NULL,0,'Dirac',1,2,210,NULL,1,0,0,0,0,0,0),(2688,2812,1,8,1,NULL,NULL,NULL,0,'Dirac',1,2,210,NULL,1,0,0,0,0,0,0),(2689,4475,1,8,1,NULL,NULL,NULL,0,'Thor',0,2,240,NULL,1,0,0,0,0,0,0),(2690,4475,1,8,1,NULL,NULL,NULL,0,'Thor',0,2,240,NULL,1,0,0,0,0,0,0),(2691,2812,1,8,1,NULL,NULL,NULL,0,'Dirac',1,2,240,NULL,1,0,0,0,0,0,0),(2692,2812,1,8,1,NULL,NULL,NULL,0,'Dirac',1,2,240,NULL,1,0,0,0,0,0,0),(2693,2812,1,8,1,NULL,NULL,NULL,0,'Dirac',1,2,240,NULL,1,0,0,0,0,0,0),(2694,2812,1,8,1,NULL,NULL,NULL,0,'Dirac',1,2,240,NULL,1,0,0,0,0,0,0),(2695,2812,1,8,1,NULL,NULL,NULL,0,'Dirac',1,2,240,NULL,1,0,0,0,0,0,0),(2696,2812,1,8,1,NULL,NULL,NULL,0,'Dirac',1,2,240,NULL,1,0,0,0,0,0,0),(2697,26875,1,8,1,NULL,NULL,NULL,0,'Demosis',0,3,202,NULL,1,0,0,0,0,0,0),(2698,26875,1,8,1,NULL,NULL,NULL,0,'Demosis',0,3,202,NULL,1,0,0,0,0,0,0),(2699,4475,1,8,1,NULL,NULL,NULL,0,'Thor',0,3,202,NULL,1,0,0,0,0,0,0),(2700,4475,1,8,1,NULL,NULL,NULL,0,'Thor',0,3,202,NULL,1,0,0,0,0,0,0),(2701,4475,1,8,1,NULL,NULL,NULL,0,'Thor',0,3,202,NULL,1,0,0,0,0,0,0),(2702,4475,1,8,1,NULL,NULL,NULL,0,'Thor',0,3,202,NULL,1,0,0,0,0,0,0),(2703,4475,1,8,1,NULL,NULL,NULL,0,'Thor',0,3,202,NULL,1,0,0,0,0,0,0),(2704,4475,1,8,1,NULL,NULL,NULL,0,'Thor',0,3,202,NULL,1,0,0,0,0,0,0),(2705,2812,1,8,1,NULL,NULL,NULL,0,'Dirac',1,3,202,NULL,1,0,0,0,0,0,0),(2706,2812,1,8,1,NULL,NULL,NULL,0,'Dirac',1,3,202,NULL,1,0,0,0,0,0,0),(2707,2812,1,8,1,NULL,NULL,NULL,0,'Dirac',1,3,202,NULL,1,0,0,0,0,0,0),(2708,2812,1,8,1,NULL,NULL,NULL,0,'Dirac',1,3,202,NULL,1,0,0,0,0,0,0),(2709,2812,1,8,1,NULL,NULL,NULL,0,'Dirac',1,3,202,NULL,1,0,0,0,0,0,0),(2710,2812,1,8,1,NULL,NULL,NULL,0,'Dirac',1,3,202,NULL,1,0,0,0,0,0,0),(2711,2812,1,8,1,NULL,NULL,NULL,0,'Dirac',1,3,202,NULL,1,0,0,0,0,0,0),(2712,2812,1,8,1,NULL,NULL,NULL,0,'Dirac',1,3,202,NULL,1,0,0,0,0,0,0),(2713,2812,1,8,1,NULL,NULL,NULL,0,'Dirac',1,3,202,NULL,1,0,0,0,0,0,0),(2714,2812,1,8,1,NULL,NULL,NULL,0,'Dirac',1,3,202,NULL,1,0,0,0,0,0,0),(2715,2812,1,8,1,NULL,NULL,NULL,0,'Dirac',1,3,202,NULL,1,0,0,0,0,0,0),(2716,2812,1,8,1,NULL,NULL,NULL,0,'Dirac',1,3,202,NULL,1,0,0,0,0,0,0),(2717,2812,1,8,1,NULL,NULL,NULL,0,'Dirac',1,3,202,NULL,1,0,0,0,0,0,0),(2718,2812,1,8,1,NULL,NULL,NULL,0,'Dirac',1,3,202,NULL,1,0,0,0,0,0,0),(2719,2812,1,8,1,NULL,NULL,NULL,0,'Dirac',1,3,202,NULL,1,0,0,0,0,0,0),(2720,2812,1,8,1,NULL,NULL,NULL,0,'Dirac',1,3,202,NULL,1,0,0,0,0,0,0),(2721,4475,1,8,1,NULL,NULL,NULL,0,'Thor',0,1,0,NULL,1,0,0,0,0,0,0),(2722,4475,1,8,1,NULL,NULL,NULL,0,'Thor',0,1,0,NULL,1,0,0,0,0,0,0),(2723,4475,1,8,1,NULL,NULL,NULL,0,'Thor',0,1,0,NULL,1,0,0,0,0,0,0),(2724,4475,1,8,1,NULL,NULL,NULL,0,'Thor',0,1,0,NULL,1,0,0,0,0,0,0),(2725,2812,1,8,1,NULL,NULL,NULL,0,'Dirac',1,1,0,NULL,1,0,0,0,0,0,0),(2726,2812,1,8,1,NULL,NULL,NULL,0,'Dirac',1,1,0,NULL,1,0,0,0,0,0,0),(2727,2812,1,8,1,NULL,NULL,NULL,0,'Dirac',1,1,0,NULL,1,0,0,0,0,0,0),(2728,2812,1,8,1,NULL,NULL,NULL,0,'Dirac',1,1,0,NULL,1,0,0,0,0,0,0),(2729,2812,1,8,1,NULL,NULL,NULL,0,'Dirac',1,1,0,NULL,1,0,0,0,0,0,0),(2730,2812,1,8,1,NULL,NULL,NULL,0,'Dirac',1,1,0,NULL,1,0,0,0,0,0,0),(2731,2812,1,8,1,NULL,NULL,NULL,0,'Dirac',1,1,0,NULL,1,0,0,0,0,0,0),(2732,2812,1,8,1,NULL,NULL,NULL,0,'Dirac',1,1,0,NULL,1,0,0,0,0,0,0),(2733,2812,1,8,1,NULL,NULL,NULL,0,'Dirac',1,1,0,NULL,1,0,0,0,0,0,0),(2734,2812,1,8,1,NULL,NULL,NULL,0,'Dirac',1,1,0,NULL,1,0,0,0,0,0,0),(2735,2812,1,8,1,NULL,NULL,NULL,0,'Dirac',1,1,0,NULL,1,0,0,0,0,0,0),(2736,2812,1,8,1,NULL,NULL,NULL,0,'Dirac',1,1,0,NULL,1,0,0,0,0,0,0),(2737,4475,1,8,1,NULL,NULL,NULL,0,'Thor',0,2,150,NULL,1,0,0,0,0,0,0),(2738,4475,1,8,1,NULL,NULL,NULL,0,'Thor',0,2,150,NULL,1,0,0,0,0,0,0),(2739,2812,1,8,1,NULL,NULL,NULL,0,'Dirac',1,2,150,NULL,1,0,0,0,0,0,0),(2740,2812,1,8,1,NULL,NULL,NULL,0,'Dirac',1,2,150,NULL,1,0,0,0,0,0,0),(2741,2812,1,8,1,NULL,NULL,NULL,0,'Dirac',1,2,150,NULL,1,0,0,0,0,0,0),(2742,2812,1,8,1,NULL,NULL,NULL,0,'Dirac',1,2,150,NULL,1,0,0,0,0,0,0),(2743,2812,1,8,1,NULL,NULL,NULL,0,'Dirac',1,2,150,NULL,1,0,0,0,0,0,0),(2744,2812,1,8,1,NULL,NULL,NULL,0,'Dirac',1,2,150,NULL,1,0,0,0,0,0,0),(2745,4475,1,8,1,NULL,NULL,NULL,0,'Thor',0,0,90,NULL,1,0,0,0,0,0,0),(2746,4475,1,8,1,NULL,NULL,NULL,0,'Thor',0,0,90,NULL,1,0,0,0,0,0,0),(2747,4475,1,8,1,NULL,NULL,NULL,0,'Thor',0,0,90,NULL,1,0,0,0,0,0,0),(2748,4475,1,8,1,NULL,NULL,NULL,0,'Thor',0,0,90,NULL,1,0,0,0,0,0,0),(2749,2812,1,8,1,NULL,NULL,NULL,0,'Dirac',1,0,90,NULL,1,0,0,0,0,0,0),(2750,2812,1,8,1,NULL,NULL,NULL,0,'Dirac',1,0,90,NULL,1,0,0,0,0,0,0),(2751,2812,1,8,1,NULL,NULL,NULL,0,'Dirac',1,0,90,NULL,1,0,0,0,0,0,0),(2752,2812,1,8,1,NULL,NULL,NULL,0,'Dirac',1,0,90,NULL,1,0,0,0,0,0,0),(2753,2812,1,8,1,NULL,NULL,NULL,0,'Dirac',1,0,90,NULL,1,0,0,0,0,0,0),(2754,2812,1,8,1,NULL,NULL,NULL,0,'Dirac',1,0,90,NULL,1,0,0,0,0,0,0),(2755,2812,1,8,1,NULL,NULL,NULL,0,'Dirac',1,0,90,NULL,1,0,0,0,0,0,0),(2756,2812,1,8,1,NULL,NULL,NULL,0,'Dirac',1,0,90,NULL,1,0,0,0,0,0,0),(2757,2812,1,8,1,NULL,NULL,NULL,0,'Dirac',1,0,90,NULL,1,0,0,0,0,0,0),(2758,2812,1,8,1,NULL,NULL,NULL,0,'Dirac',1,0,90,NULL,1,0,0,0,0,0,0),(2759,2812,1,8,1,NULL,NULL,NULL,0,'Dirac',1,0,90,NULL,1,0,0,0,0,0,0),(2760,2812,1,8,1,NULL,NULL,NULL,0,'Dirac',1,0,90,NULL,1,0,0,0,0,0,0),(2761,90,1,112,4,NULL,NULL,NULL,0,'Glancer',1,NULL,NULL,NULL,1,0,0,0,0,0,0),(2762,125,1,112,4,NULL,NULL,NULL,0,'Gnat',0,NULL,NULL,NULL,1,0,0,0,0,0,0),(2763,125,1,112,4,NULL,NULL,NULL,0,'Gnat',0,NULL,NULL,NULL,1,0,0,0,0,0,0),(2764,125,1,112,4,NULL,NULL,NULL,0,'Gnat',0,NULL,NULL,NULL,1,0,0,0,0,0,0),(2765,125,1,112,4,NULL,NULL,NULL,0,'Gnat',0,NULL,NULL,NULL,1,0,0,0,0,0,0),(2766,125,1,112,4,NULL,NULL,NULL,0,'Gnat',0,NULL,NULL,NULL,1,0,0,0,0,0,0),(2767,125,1,112,4,NULL,NULL,NULL,0,'Gnat',1,NULL,NULL,NULL,1,0,0,0,0,0,0),(2768,125,1,112,4,NULL,NULL,NULL,0,'Gnat',1,NULL,NULL,NULL,1,0,0,0,0,0,0),(2769,90,1,113,4,NULL,NULL,NULL,0,'Glancer',1,NULL,NULL,NULL,1,0,0,0,0,0,0),(2770,90,1,113,4,NULL,NULL,NULL,0,'Glancer',1,NULL,NULL,NULL,1,0,0,0,0,0,0),(2771,125,1,113,4,NULL,NULL,NULL,0,'Gnat',0,NULL,NULL,NULL,1,0,0,0,0,0,0),(2772,125,1,113,4,NULL,NULL,NULL,0,'Gnat',0,NULL,NULL,NULL,1,0,0,0,0,0,0),(2773,125,1,113,4,NULL,NULL,NULL,0,'Gnat',1,NULL,NULL,NULL,1,0,0,0,0,0,0),(2774,125,1,113,4,NULL,NULL,NULL,0,'Gnat',1,NULL,NULL,NULL,1,0,0,0,0,0,0),(2775,90,1,113,4,NULL,NULL,NULL,0,'Glancer',1,NULL,NULL,NULL,1,0,0,0,0,0,0),(2776,90,1,113,4,NULL,NULL,NULL,0,'Glancer',1,NULL,NULL,NULL,1,0,0,0,0,0,0),(2777,125,1,113,4,NULL,NULL,NULL,0,'Gnat',0,NULL,NULL,NULL,1,0,0,0,0,0,0),(2778,125,1,113,4,NULL,NULL,NULL,0,'Gnat',0,NULL,NULL,NULL,1,0,0,0,0,0,0),(2779,90,1,113,4,NULL,NULL,NULL,0,'Glancer',1,NULL,NULL,NULL,1,0,0,0,0,0,0),(2780,125,1,113,4,NULL,NULL,NULL,0,'Gnat',0,NULL,NULL,NULL,1,0,0,0,0,0,0),(2781,125,1,113,4,NULL,NULL,NULL,0,'Gnat',0,NULL,NULL,NULL,1,0,0,0,0,0,0),(2782,125,1,113,4,NULL,NULL,NULL,0,'Gnat',0,NULL,NULL,NULL,1,0,0,0,0,0,0),(2783,125,1,113,4,NULL,NULL,NULL,0,'Gnat',0,NULL,NULL,NULL,1,0,0,0,0,0,0),(2784,125,1,113,4,NULL,NULL,NULL,0,'Gnat',0,NULL,NULL,NULL,1,0,0,0,0,0,0),(2785,125,1,113,4,NULL,NULL,NULL,0,'Gnat',1,NULL,NULL,NULL,1,0,0,0,0,0,0),(2786,125,1,113,4,NULL,NULL,NULL,0,'Gnat',1,NULL,NULL,NULL,1,0,0,0,0,0,0),(2787,125,1,114,4,NULL,NULL,NULL,0,'Gnat',0,NULL,NULL,NULL,1,0,0,0,0,0,0),(2788,125,1,114,4,NULL,NULL,NULL,0,'Gnat',0,NULL,NULL,NULL,1,0,0,0,0,0,0),(2789,125,1,114,4,NULL,NULL,NULL,0,'Gnat',0,NULL,NULL,NULL,1,0,0,0,0,0,0),(2790,125,1,114,4,NULL,NULL,NULL,0,'Gnat',0,NULL,NULL,NULL,1,0,0,0,0,0,0),(2791,125,1,114,4,NULL,NULL,NULL,0,'Gnat',1,NULL,NULL,NULL,1,0,0,0,0,0,0),(2792,125,1,114,4,NULL,NULL,NULL,0,'Gnat',1,NULL,NULL,NULL,1,0,0,0,0,0,0),(2793,90,1,115,4,NULL,NULL,NULL,0,'Glancer',1,NULL,NULL,NULL,1,0,0,0,0,0,0),(2794,125,1,115,4,NULL,NULL,NULL,0,'Gnat',0,NULL,NULL,NULL,1,0,0,0,0,0,0),(2795,125,1,115,4,NULL,NULL,NULL,0,'Gnat',0,NULL,NULL,NULL,1,0,0,0,0,0,0),(2796,125,1,115,4,NULL,NULL,NULL,0,'Gnat',0,NULL,NULL,NULL,1,0,0,0,0,0,0),(2797,125,1,115,4,NULL,NULL,NULL,0,'Gnat',0,NULL,NULL,NULL,1,0,0,0,0,0,0),(2798,125,1,115,4,NULL,NULL,NULL,0,'Gnat',0,NULL,NULL,NULL,1,0,0,0,0,0,0),(2799,125,1,115,4,NULL,NULL,NULL,0,'Gnat',1,NULL,NULL,NULL,1,0,0,0,0,0,0),(2800,125,1,115,4,NULL,NULL,NULL,0,'Gnat',1,NULL,NULL,NULL,1,0,0,0,0,0,0),(2801,125,1,116,4,NULL,NULL,NULL,0,'Gnat',0,NULL,NULL,NULL,1,0,0,0,0,0,0),(2802,125,1,116,4,NULL,NULL,NULL,0,'Gnat',0,NULL,NULL,NULL,1,0,0,0,0,0,0),(2803,125,1,116,4,NULL,NULL,NULL,0,'Gnat',0,NULL,NULL,NULL,1,0,0,0,0,0,0),(2804,125,1,116,4,NULL,NULL,NULL,0,'Gnat',0,NULL,NULL,NULL,1,0,0,0,0,0,0),(2805,125,1,116,4,NULL,NULL,NULL,0,'Gnat',1,NULL,NULL,NULL,1,0,0,0,0,0,0),(2806,125,1,116,4,NULL,NULL,NULL,0,'Gnat',1,NULL,NULL,NULL,1,0,0,0,0,0,0),(2807,125,1,117,4,NULL,NULL,NULL,0,'Gnat',0,NULL,NULL,NULL,1,0,0,0,0,0,0),(2808,125,1,117,4,NULL,NULL,NULL,0,'Gnat',0,NULL,NULL,NULL,1,0,0,0,0,0,0),(2809,125,1,117,4,NULL,NULL,NULL,0,'Gnat',0,NULL,NULL,NULL,1,0,0,0,0,0,0),(2810,125,1,117,4,NULL,NULL,NULL,0,'Gnat',0,NULL,NULL,NULL,1,0,0,0,0,0,0),(2811,125,1,117,4,NULL,NULL,NULL,0,'Gnat',1,NULL,NULL,NULL,1,0,0,0,0,0,0),(2812,125,1,117,4,NULL,NULL,NULL,0,'Gnat',1,NULL,NULL,NULL,1,0,0,0,0,0,0),(2813,90,1,118,4,NULL,NULL,NULL,0,'Glancer',1,NULL,NULL,NULL,1,0,0,0,0,0,0),(2814,90,1,118,4,NULL,NULL,NULL,0,'Glancer',1,NULL,NULL,NULL,1,0,0,0,0,0,0),(2815,125,1,118,4,NULL,NULL,NULL,0,'Gnat',0,NULL,NULL,NULL,1,0,0,0,0,0,0),(2816,125,1,118,4,NULL,NULL,NULL,0,'Gnat',0,NULL,NULL,NULL,1,0,0,0,0,0,0),(2817,125,1,118,4,NULL,NULL,NULL,0,'Gnat',1,NULL,NULL,NULL,1,0,0,0,0,0,0),(2818,125,1,118,4,NULL,NULL,NULL,0,'Gnat',1,NULL,NULL,NULL,1,0,0,0,0,0,0),(2819,90,1,118,4,NULL,NULL,NULL,0,'Glancer',1,NULL,NULL,NULL,1,0,0,0,0,0,0),(2820,90,1,118,4,NULL,NULL,NULL,0,'Glancer',1,NULL,NULL,NULL,1,0,0,0,0,0,0),(2821,125,1,118,4,NULL,NULL,NULL,0,'Gnat',0,NULL,NULL,NULL,1,0,0,0,0,0,0),(2822,125,1,118,4,NULL,NULL,NULL,0,'Gnat',0,NULL,NULL,NULL,1,0,0,0,0,0,0),(2823,90,1,118,4,NULL,NULL,NULL,0,'Glancer',1,NULL,NULL,NULL,1,0,0,0,0,0,0),(2824,125,1,118,4,NULL,NULL,NULL,0,'Gnat',0,NULL,NULL,NULL,1,0,0,0,0,0,0),(2825,125,1,118,4,NULL,NULL,NULL,0,'Gnat',0,NULL,NULL,NULL,1,0,0,0,0,0,0),(2826,125,1,118,4,NULL,NULL,NULL,0,'Gnat',0,NULL,NULL,NULL,1,0,0,0,0,0,0),(2827,125,1,118,4,NULL,NULL,NULL,0,'Gnat',0,NULL,NULL,NULL,1,0,0,0,0,0,0),(2828,125,1,118,4,NULL,NULL,NULL,0,'Gnat',0,NULL,NULL,NULL,1,0,0,0,0,0,0),(2829,125,1,118,4,NULL,NULL,NULL,0,'Gnat',1,NULL,NULL,NULL,1,0,0,0,0,0,0),(2830,125,1,118,4,NULL,NULL,NULL,0,'Gnat',1,NULL,NULL,NULL,1,0,0,0,0,0,0),(2831,125,1,119,4,NULL,NULL,NULL,0,'Gnat',0,NULL,NULL,NULL,1,0,0,0,0,0,0),(2832,125,1,119,4,NULL,NULL,NULL,0,'Gnat',0,NULL,NULL,NULL,1,0,0,0,0,0,0),(2833,125,1,119,4,NULL,NULL,NULL,0,'Gnat',0,NULL,NULL,NULL,1,0,0,0,0,0,0),(2834,125,1,119,4,NULL,NULL,NULL,0,'Gnat',0,NULL,NULL,NULL,1,0,0,0,0,0,0),(2835,125,1,119,4,NULL,NULL,NULL,0,'Gnat',1,NULL,NULL,NULL,1,0,0,0,0,0,0),(2836,125,1,119,4,NULL,NULL,NULL,0,'Gnat',1,NULL,NULL,NULL,1,0,0,0,0,0,0),(2837,125,1,120,4,NULL,NULL,NULL,0,'Gnat',0,NULL,NULL,NULL,1,0,0,0,0,0,0),(2838,125,1,120,4,NULL,NULL,NULL,0,'Gnat',0,NULL,NULL,NULL,1,0,0,0,0,0,0),(2839,125,1,120,4,NULL,NULL,NULL,0,'Gnat',0,NULL,NULL,NULL,1,0,0,0,0,0,0),(2840,125,1,120,4,NULL,NULL,NULL,0,'Gnat',0,NULL,NULL,NULL,1,0,0,0,0,0,0),(2841,125,1,120,4,NULL,NULL,NULL,0,'Gnat',1,NULL,NULL,NULL,1,0,0,0,0,0,0),(2842,125,1,120,4,NULL,NULL,NULL,0,'Gnat',1,NULL,NULL,NULL,1,0,0,0,0,0,0),(2843,90,1,121,4,NULL,NULL,NULL,0,'Glancer',1,NULL,NULL,NULL,1,0,0,0,0,0,0),(2844,125,1,121,4,NULL,NULL,NULL,0,'Gnat',0,NULL,NULL,NULL,1,0,0,0,0,0,0),(2845,125,1,121,4,NULL,NULL,NULL,0,'Gnat',0,NULL,NULL,NULL,1,0,0,0,0,0,0),(2846,125,1,121,4,NULL,NULL,NULL,0,'Gnat',0,NULL,NULL,NULL,1,0,0,0,0,0,0),(2847,125,1,121,4,NULL,NULL,NULL,0,'Gnat',0,NULL,NULL,NULL,1,0,0,0,0,0,0),(2848,125,1,121,4,NULL,NULL,NULL,0,'Gnat',0,NULL,NULL,NULL,1,0,0,0,0,0,0),(2849,125,1,121,4,NULL,NULL,NULL,0,'Gnat',1,NULL,NULL,NULL,1,0,0,0,0,0,0),(2850,125,1,121,4,NULL,NULL,NULL,0,'Gnat',1,NULL,NULL,NULL,1,0,0,0,0,0,0),(2851,90,1,122,4,NULL,NULL,NULL,0,'Glancer',1,NULL,NULL,NULL,1,0,0,0,0,0,0),(2852,125,1,122,4,NULL,NULL,NULL,0,'Gnat',0,NULL,NULL,NULL,1,0,0,0,0,0,0),(2853,125,1,122,4,NULL,NULL,NULL,0,'Gnat',0,NULL,NULL,NULL,1,0,0,0,0,0,0),(2854,125,1,122,4,NULL,NULL,NULL,0,'Gnat',0,NULL,NULL,NULL,1,0,0,0,0,0,0),(2855,125,1,122,4,NULL,NULL,NULL,0,'Gnat',0,NULL,NULL,NULL,1,0,0,0,0,0,0),(2856,125,1,122,4,NULL,NULL,NULL,0,'Gnat',0,NULL,NULL,NULL,1,0,0,0,0,0,0),(2857,125,1,122,4,NULL,NULL,NULL,0,'Gnat',1,NULL,NULL,NULL,1,0,0,0,0,0,0),(2858,125,1,122,4,NULL,NULL,NULL,0,'Gnat',1,NULL,NULL,NULL,1,0,0,0,0,0,0),(2859,90,1,129,4,NULL,NULL,NULL,0,'Glancer',1,NULL,NULL,NULL,1,0,0,0,0,0,0),(2860,90,1,129,4,NULL,NULL,NULL,0,'Glancer',1,NULL,NULL,NULL,1,0,0,0,0,0,0),(2861,125,1,129,4,NULL,NULL,NULL,0,'Gnat',0,NULL,NULL,NULL,1,0,0,0,0,0,0),(2862,125,1,129,4,NULL,NULL,NULL,0,'Gnat',0,NULL,NULL,NULL,1,0,0,0,0,0,0),(2863,125,1,129,4,NULL,NULL,NULL,0,'Gnat',1,NULL,NULL,NULL,1,0,0,0,0,0,0),(2864,125,1,129,4,NULL,NULL,NULL,0,'Gnat',1,NULL,NULL,NULL,1,0,0,0,0,0,0),(2865,90,1,129,4,NULL,NULL,NULL,0,'Glancer',1,NULL,NULL,NULL,1,0,0,0,0,0,0),(2866,90,1,129,4,NULL,NULL,NULL,0,'Glancer',1,NULL,NULL,NULL,1,0,0,0,0,0,0),(2867,125,1,129,4,NULL,NULL,NULL,0,'Gnat',0,NULL,NULL,NULL,1,0,0,0,0,0,0),(2868,125,1,129,4,NULL,NULL,NULL,0,'Gnat',0,NULL,NULL,NULL,1,0,0,0,0,0,0),(2869,90,1,129,4,NULL,NULL,NULL,0,'Glancer',1,NULL,NULL,NULL,1,0,0,0,0,0,0),(2870,125,1,129,4,NULL,NULL,NULL,0,'Gnat',0,NULL,NULL,NULL,1,0,0,0,0,0,0),(2871,125,1,129,4,NULL,NULL,NULL,0,'Gnat',0,NULL,NULL,NULL,1,0,0,0,0,0,0),(2872,125,1,129,4,NULL,NULL,NULL,0,'Gnat',0,NULL,NULL,NULL,1,0,0,0,0,0,0),(2873,125,1,129,4,NULL,NULL,NULL,0,'Gnat',0,NULL,NULL,NULL,1,0,0,0,0,0,0),(2874,125,1,129,4,NULL,NULL,NULL,0,'Gnat',0,NULL,NULL,NULL,1,0,0,0,0,0,0),(2875,125,1,129,4,NULL,NULL,NULL,0,'Gnat',1,NULL,NULL,NULL,1,0,0,0,0,0,0),(2876,125,1,129,4,NULL,NULL,NULL,0,'Gnat',1,NULL,NULL,NULL,1,0,0,0,0,0,0),(2877,90,1,135,4,NULL,NULL,NULL,0,'Glancer',1,NULL,NULL,NULL,1,0,0,0,0,0,0),(2878,90,1,135,4,NULL,NULL,NULL,0,'Glancer',1,NULL,NULL,NULL,1,0,0,0,0,0,0),(2879,125,1,135,4,NULL,NULL,NULL,0,'Gnat',0,NULL,NULL,NULL,1,0,0,0,0,0,0),(2880,125,1,135,4,NULL,NULL,NULL,0,'Gnat',0,NULL,NULL,NULL,1,0,0,0,0,0,0),(2881,125,1,135,4,NULL,NULL,NULL,0,'Gnat',1,NULL,NULL,NULL,1,0,0,0,0,0,0),(2882,125,1,135,4,NULL,NULL,NULL,0,'Gnat',1,NULL,NULL,NULL,1,0,0,0,0,0,0),(2883,90,1,135,4,NULL,NULL,NULL,0,'Glancer',1,NULL,NULL,NULL,1,0,0,0,0,0,0),(2884,90,1,135,4,NULL,NULL,NULL,0,'Glancer',1,NULL,NULL,NULL,1,0,0,0,0,0,0),(2885,125,1,135,4,NULL,NULL,NULL,0,'Gnat',0,NULL,NULL,NULL,1,0,0,0,0,0,0),(2886,125,1,135,4,NULL,NULL,NULL,0,'Gnat',0,NULL,NULL,NULL,1,0,0,0,0,0,0),(2887,90,1,135,4,NULL,NULL,NULL,0,'Glancer',1,NULL,NULL,NULL,1,0,0,0,0,0,0),(2888,125,1,135,4,NULL,NULL,NULL,0,'Gnat',0,NULL,NULL,NULL,1,0,0,0,0,0,0),(2889,125,1,135,4,NULL,NULL,NULL,0,'Gnat',0,NULL,NULL,NULL,1,0,0,0,0,0,0),(2890,125,1,135,4,NULL,NULL,NULL,0,'Gnat',0,NULL,NULL,NULL,1,0,0,0,0,0,0),(2891,125,1,135,4,NULL,NULL,NULL,0,'Gnat',0,NULL,NULL,NULL,1,0,0,0,0,0,0),(2892,125,1,135,4,NULL,NULL,NULL,0,'Gnat',0,NULL,NULL,NULL,1,0,0,0,0,0,0),(2893,125,1,135,4,NULL,NULL,NULL,0,'Gnat',1,NULL,NULL,NULL,1,0,0,0,0,0,0),(2894,125,1,135,4,NULL,NULL,NULL,0,'Gnat',1,NULL,NULL,NULL,1,0,0,0,0,0,0),(2895,125,1,144,4,NULL,NULL,NULL,0,'Gnat',0,NULL,NULL,NULL,1,0,0,0,0,0,0),(2896,125,1,144,4,NULL,NULL,NULL,0,'Gnat',0,NULL,NULL,NULL,1,0,0,0,0,0,0),(2897,125,1,144,4,NULL,NULL,NULL,0,'Gnat',0,NULL,NULL,NULL,1,0,0,0,0,0,0),(2898,125,1,144,4,NULL,NULL,NULL,0,'Gnat',0,NULL,NULL,NULL,1,0,0,0,0,0,0),(2899,125,1,144,4,NULL,NULL,NULL,0,'Gnat',1,NULL,NULL,NULL,1,0,0,0,0,0,0),(2900,125,1,144,4,NULL,NULL,NULL,0,'Gnat',1,NULL,NULL,NULL,1,0,0,0,0,0,0),(2901,125,1,145,4,NULL,NULL,NULL,0,'Gnat',0,NULL,NULL,NULL,1,0,0,0,0,0,0),(2902,125,1,145,4,NULL,NULL,NULL,0,'Gnat',0,NULL,NULL,NULL,1,0,0,0,0,0,0),(2903,125,1,145,4,NULL,NULL,NULL,0,'Gnat',0,NULL,NULL,NULL,1,0,0,0,0,0,0),(2904,125,1,145,4,NULL,NULL,NULL,0,'Gnat',0,NULL,NULL,NULL,1,0,0,0,0,0,0),(2905,125,1,145,4,NULL,NULL,NULL,0,'Gnat',1,NULL,NULL,NULL,1,0,0,0,0,0,0),(2906,125,1,145,4,NULL,NULL,NULL,0,'Gnat',1,NULL,NULL,NULL,1,0,0,0,0,0,0),(2907,125,1,146,4,NULL,NULL,NULL,0,'Gnat',0,NULL,NULL,NULL,1,0,0,0,0,0,0),(2908,125,1,146,4,NULL,NULL,NULL,0,'Gnat',0,NULL,NULL,NULL,1,0,0,0,0,0,0),(2909,125,1,146,4,NULL,NULL,NULL,0,'Gnat',0,NULL,NULL,NULL,1,0,0,0,0,0,0),(2910,125,1,146,4,NULL,NULL,NULL,0,'Gnat',0,NULL,NULL,NULL,1,0,0,0,0,0,0),(2911,125,1,146,4,NULL,NULL,NULL,0,'Gnat',1,NULL,NULL,NULL,1,0,0,0,0,0,0),(2912,125,1,146,4,NULL,NULL,NULL,0,'Gnat',1,NULL,NULL,NULL,1,0,0,0,0,0,0),(2913,125,1,147,4,NULL,NULL,NULL,0,'Gnat',0,NULL,NULL,NULL,1,0,0,0,0,0,0),(2914,125,1,147,4,NULL,NULL,NULL,0,'Gnat',0,NULL,NULL,NULL,1,0,0,0,0,0,0),(2915,125,1,147,4,NULL,NULL,NULL,0,'Gnat',0,NULL,NULL,NULL,1,0,0,0,0,0,0),(2916,125,1,147,4,NULL,NULL,NULL,0,'Gnat',0,NULL,NULL,NULL,1,0,0,0,0,0,0),(2917,125,1,147,4,NULL,NULL,NULL,0,'Gnat',1,NULL,NULL,NULL,1,0,0,0,0,0,0),(2918,125,1,147,4,NULL,NULL,NULL,0,'Gnat',1,NULL,NULL,NULL,1,0,0,0,0,0,0),(2919,90,1,148,4,NULL,NULL,NULL,0,'Glancer',1,NULL,NULL,NULL,1,0,0,0,0,0,0),(2920,90,1,148,4,NULL,NULL,NULL,0,'Glancer',1,NULL,NULL,NULL,1,0,0,0,0,0,0),(2921,125,1,148,4,NULL,NULL,NULL,0,'Gnat',0,NULL,NULL,NULL,1,0,0,0,0,0,0),(2922,125,1,148,4,NULL,NULL,NULL,0,'Gnat',0,NULL,NULL,NULL,1,0,0,0,0,0,0),(2923,125,1,148,4,NULL,NULL,NULL,0,'Gnat',1,NULL,NULL,NULL,1,0,0,0,0,0,0),(2924,125,1,148,4,NULL,NULL,NULL,0,'Gnat',1,NULL,NULL,NULL,1,0,0,0,0,0,0),(2925,90,1,148,4,NULL,NULL,NULL,0,'Glancer',1,NULL,NULL,NULL,1,0,0,0,0,0,0),(2926,90,1,148,4,NULL,NULL,NULL,0,'Glancer',1,NULL,NULL,NULL,1,0,0,0,0,0,0),(2927,125,1,148,4,NULL,NULL,NULL,0,'Gnat',0,NULL,NULL,NULL,1,0,0,0,0,0,0),(2928,125,1,148,4,NULL,NULL,NULL,0,'Gnat',0,NULL,NULL,NULL,1,0,0,0,0,0,0),(2929,90,1,148,4,NULL,NULL,NULL,0,'Glancer',1,NULL,NULL,NULL,1,0,0,0,0,0,0),(2930,125,1,148,4,NULL,NULL,NULL,0,'Gnat',0,NULL,NULL,NULL,1,0,0,0,0,0,0),(2931,125,1,148,4,NULL,NULL,NULL,0,'Gnat',0,NULL,NULL,NULL,1,0,0,0,0,0,0),(2932,125,1,148,4,NULL,NULL,NULL,0,'Gnat',0,NULL,NULL,NULL,1,0,0,0,0,0,0),(2933,125,1,148,4,NULL,NULL,NULL,0,'Gnat',0,NULL,NULL,NULL,1,0,0,0,0,0,0),(2934,125,1,148,4,NULL,NULL,NULL,0,'Gnat',0,NULL,NULL,NULL,1,0,0,0,0,0,0),(2935,125,1,148,4,NULL,NULL,NULL,0,'Gnat',1,NULL,NULL,NULL,1,0,0,0,0,0,0),(2936,125,1,148,4,NULL,NULL,NULL,0,'Gnat',1,NULL,NULL,NULL,1,0,0,0,0,0,0),(2937,125,1,149,4,NULL,NULL,NULL,0,'Gnat',0,NULL,NULL,NULL,1,0,0,0,0,0,0),(2938,125,1,149,4,NULL,NULL,NULL,0,'Gnat',0,NULL,NULL,NULL,1,0,0,0,0,0,0),(2939,125,1,149,4,NULL,NULL,NULL,0,'Gnat',0,NULL,NULL,NULL,1,0,0,0,0,0,0),(2940,125,1,149,4,NULL,NULL,NULL,0,'Gnat',0,NULL,NULL,NULL,1,0,0,0,0,0,0),(2941,125,1,149,4,NULL,NULL,NULL,0,'Gnat',1,NULL,NULL,NULL,1,0,0,0,0,0,0),(2942,125,1,149,4,NULL,NULL,NULL,0,'Gnat',1,NULL,NULL,NULL,1,0,0,0,0,0,0),(2943,4475,1,8,1,NULL,NULL,NULL,0,'Thor',0,2,0,NULL,1,0,0,0,0,0,0),(2944,4475,1,8,1,NULL,NULL,NULL,0,'Thor',0,2,0,NULL,1,0,0,0,0,0,0),(2945,4475,1,8,1,NULL,NULL,NULL,0,'Thor',0,2,0,NULL,1,0,0,0,0,0,0),(2946,4475,1,8,1,NULL,NULL,NULL,0,'Thor',0,2,0,NULL,1,0,0,0,0,0,0),(2947,2812,1,8,1,NULL,NULL,NULL,0,'Dirac',1,2,0,NULL,1,0,0,0,0,0,0),(2948,2812,1,8,1,NULL,NULL,NULL,0,'Dirac',1,2,0,NULL,1,0,0,0,0,0,0),(2949,2812,1,8,1,NULL,NULL,NULL,0,'Dirac',1,2,0,NULL,1,0,0,0,0,0,0),(2950,2812,1,8,1,NULL,NULL,NULL,0,'Dirac',1,2,0,NULL,1,0,0,0,0,0,0),(2951,2812,1,8,1,NULL,NULL,NULL,0,'Dirac',1,2,0,NULL,1,0,0,0,0,0,0),(2952,2812,1,8,1,NULL,NULL,NULL,0,'Dirac',1,2,0,NULL,1,0,0,0,0,0,0),(2953,2812,1,8,1,NULL,NULL,NULL,0,'Dirac',1,2,0,NULL,1,0,0,0,0,0,0),(2954,2812,1,8,1,NULL,NULL,NULL,0,'Dirac',1,2,0,NULL,1,0,0,0,0,0,0),(2955,2812,1,8,1,NULL,NULL,NULL,0,'Dirac',1,2,0,NULL,1,0,0,0,0,0,0),(2956,2812,1,8,1,NULL,NULL,NULL,0,'Dirac',1,2,0,NULL,1,0,0,0,0,0,0),(2957,2812,1,8,1,NULL,NULL,NULL,0,'Dirac',1,2,0,NULL,1,0,0,0,0,0,0),(2958,2812,1,8,1,NULL,NULL,NULL,0,'Dirac',1,2,0,NULL,1,0,0,0,0,0,0),(2959,4475,1,8,1,NULL,NULL,NULL,0,'Thor',0,2,270,NULL,1,0,0,0,0,0,0),(2960,4475,1,8,1,NULL,NULL,NULL,0,'Thor',0,2,270,NULL,1,0,0,0,0,0,0),(2961,2812,1,8,1,NULL,NULL,NULL,0,'Dirac',1,2,270,NULL,1,0,0,0,0,0,0),(2962,2812,1,8,1,NULL,NULL,NULL,0,'Dirac',1,2,270,NULL,1,0,0,0,0,0,0),(2963,2812,1,8,1,NULL,NULL,NULL,0,'Dirac',1,2,270,NULL,1,0,0,0,0,0,0),(2964,2812,1,8,1,NULL,NULL,NULL,0,'Dirac',1,2,270,NULL,1,0,0,0,0,0,0),(2965,2812,1,8,1,NULL,NULL,NULL,0,'Dirac',1,2,270,NULL,1,0,0,0,0,0,0),(2966,2812,1,8,1,NULL,NULL,NULL,0,'Dirac',1,2,270,NULL,1,0,0,0,0,0,0),(2967,4475,1,8,1,NULL,NULL,NULL,0,'Thor',0,0,180,NULL,1,0,0,0,0,0,0),(2968,4475,1,8,1,NULL,NULL,NULL,0,'Thor',0,0,180,NULL,1,0,0,0,0,0,0),(2969,4475,1,8,1,NULL,NULL,NULL,0,'Thor',0,0,180,NULL,1,0,0,0,0,0,0),(2970,4475,1,8,1,NULL,NULL,NULL,0,'Thor',0,0,180,NULL,1,0,0,0,0,0,0),(2971,2812,1,8,1,NULL,NULL,NULL,0,'Dirac',1,0,180,NULL,1,0,0,0,0,0,0),(2972,2812,1,8,1,NULL,NULL,NULL,0,'Dirac',1,0,180,NULL,1,0,0,0,0,0,0),(2973,2812,1,8,1,NULL,NULL,NULL,0,'Dirac',1,0,180,NULL,1,0,0,0,0,0,0),(2974,2812,1,8,1,NULL,NULL,NULL,0,'Dirac',1,0,180,NULL,1,0,0,0,0,0,0),(2975,2812,1,8,1,NULL,NULL,NULL,0,'Dirac',1,0,180,NULL,1,0,0,0,0,0,0),(2976,2812,1,8,1,NULL,NULL,NULL,0,'Dirac',1,0,180,NULL,1,0,0,0,0,0,0),(2977,2812,1,8,1,NULL,NULL,NULL,0,'Dirac',1,0,180,NULL,1,0,0,0,0,0,0),(2978,2812,1,8,1,NULL,NULL,NULL,0,'Dirac',1,0,180,NULL,1,0,0,0,0,0,0),(2979,2812,1,8,1,NULL,NULL,NULL,0,'Dirac',1,0,180,NULL,1,0,0,0,0,0,0),(2980,2812,1,8,1,NULL,NULL,NULL,0,'Dirac',1,0,180,NULL,1,0,0,0,0,0,0),(2981,2812,1,8,1,NULL,NULL,NULL,0,'Dirac',1,0,180,NULL,1,0,0,0,0,0,0),(2982,2812,1,8,1,NULL,NULL,NULL,0,'Dirac',1,0,180,NULL,1,0,0,0,0,0,0),(2983,4475,1,8,1,NULL,NULL,NULL,0,'Thor',0,2,300,NULL,1,0,0,0,0,0,0),(2984,4475,1,8,1,NULL,NULL,NULL,0,'Thor',0,2,300,NULL,1,0,0,0,0,0,0),(2985,2812,1,8,1,NULL,NULL,NULL,0,'Dirac',1,2,300,NULL,1,0,0,0,0,0,0),(2986,2812,1,8,1,NULL,NULL,NULL,0,'Dirac',1,2,300,NULL,1,0,0,0,0,0,0),(2987,2812,1,8,1,NULL,NULL,NULL,0,'Dirac',1,2,300,NULL,1,0,0,0,0,0,0),(2988,2812,1,8,1,NULL,NULL,NULL,0,'Dirac',1,2,300,NULL,1,0,0,0,0,0,0),(2989,2812,1,8,1,NULL,NULL,NULL,0,'Dirac',1,2,300,NULL,1,0,0,0,0,0,0),(2990,2812,1,8,1,NULL,NULL,NULL,0,'Dirac',1,2,300,NULL,1,0,0,0,0,0,0);
/*!40000 ALTER TABLE `units` ENABLE KEYS */;
UNLOCK TABLES;

--
-- Table structure for table `wreckages`
--

DROP TABLE IF EXISTS `wreckages`;
/*!40101 SET @saved_cs_client     = @@character_set_client */;
/*!40101 SET character_set_client = utf8 */;
CREATE TABLE `wreckages` (
  `id` int(11) NOT NULL AUTO_INCREMENT,
  `galaxy_id` int(11) DEFAULT NULL,
  `location_id` int(11) NOT NULL,
  `location_type` tinyint(3) unsigned NOT NULL,
  `location_x` smallint(6) NOT NULL,
  `location_y` smallint(6) NOT NULL,
  `metal` float NOT NULL DEFAULT '0',
  `energy` float NOT NULL DEFAULT '0',
  `zetium` float NOT NULL DEFAULT '0',
  PRIMARY KEY (`id`),
  UNIQUE KEY `location` (`location_id`,`location_type`,`location_x`,`location_y`),
  KEY `galaxy_id` (`galaxy_id`),
  CONSTRAINT `wreckages_ibfk_1` FOREIGN KEY (`galaxy_id`) REFERENCES `galaxies` (`id`) ON DELETE CASCADE
) ENGINE=InnoDB DEFAULT CHARSET=utf8;
/*!40101 SET character_set_client = @saved_cs_client */;

--
-- Dumping data for table `wreckages`
--

LOCK TABLES `wreckages` WRITE;
/*!40000 ALTER TABLE `wreckages` DISABLE KEYS */;
/*!40000 ALTER TABLE `wreckages` ENABLE KEYS */;
UNLOCK TABLES;
/*!40103 SET TIME_ZONE=@OLD_TIME_ZONE */;

/*!40101 SET SQL_MODE=@OLD_SQL_MODE */;
/*!40014 SET FOREIGN_KEY_CHECKS=@OLD_FOREIGN_KEY_CHECKS */;
/*!40014 SET UNIQUE_CHECKS=@OLD_UNIQUE_CHECKS */;
/*!40101 SET CHARACTER_SET_CLIENT=@OLD_CHARACTER_SET_CLIENT */;
/*!40101 SET CHARACTER_SET_RESULTS=@OLD_CHARACTER_SET_RESULTS */;
/*!40101 SET COLLATION_CONNECTION=@OLD_COLLATION_CONNECTION */;
/*!40111 SET SQL_NOTES=@OLD_SQL_NOTES */;

-- Dump completed on 2011-04-26 16:10:33
