-- MySQL dump 10.13  Distrib 5.5.15, for Linux (i686)
--
-- Host: localhost    Database: spacegame
-- ------------------------------------------------------
-- Server version	5.5.15-55

/*!40101 SET @OLD_CHARACTER_SET_CLIENT=@@CHARACTER_SET_CLIENT */;
/*!40101 SET @OLD_CHARACTER_SET_RESULTS=@@CHARACTER_SET_RESULTS */;
/*!40101 SET @OLD_COLLATION_CONNECTION=@@COLLATION_CONNECTION */;
/*!40101 SET NAMES utf8 */;
/*!40103 SET @OLD_TIME_ZONE=@@TIME_ZONE */;
/*!40103 SET TIME_ZONE='+00:00' */;
/*!40014 SET @OLD_UNIQUE_CHECKS=@@UNIQUE_CHECKS, UNIQUE_CHECKS=0 */;
/*!40014 SET @OLD_FOREIGN_KEY_CHECKS=@@FOREIGN_KEY_CHECKS, FOREIGN_KEY_CHECKS=0 */;
/*!40101 SET @OLD_SQL_MODE=@@SQL_MODE, SQL_MODE='NO_AUTO_VALUE_ON_ZERO' */;
/*!40111 SET @OLD_SQL_NOTES=@@SQL_NOTES, SQL_NOTES=0 */;

--
-- Table structure for table `alliances`
--

DROP TABLE IF EXISTS `alliances`;
/*!40101 SET @saved_cs_client     = @@character_set_client */;
/*!40101 SET character_set_client = utf8 */;
CREATE TABLE `alliances` (
  `id` int(11) NOT NULL AUTO_INCREMENT,
  `name` varchar(50) NOT NULL,
  `galaxy_id` int(11) NOT NULL,
  `owner_id` int(11) NOT NULL,
  `description` text NOT NULL,
  `victory_points` int(10) unsigned NOT NULL DEFAULT '0',
  PRIMARY KEY (`id`),
  UNIQUE KEY `uniq_galaxy_name` (`name`,`galaxy_id`),
  KEY `foreign_key` (`galaxy_id`),
  KEY `owner_id` (`owner_id`),
  CONSTRAINT `alliances_ibfk_1` FOREIGN KEY (`galaxy_id`) REFERENCES `galaxies` (`id`) ON DELETE CASCADE,
  CONSTRAINT `alliances_ibfk_2` FOREIGN KEY (`owner_id`) REFERENCES `players` (`id`) ON DELETE NO ACTION ON UPDATE CASCADE
) ENGINE=InnoDB DEFAULT CHARSET=utf8;
/*!40101 SET character_set_client = @saved_cs_client */;

--
-- Dumping data for table `alliances`
--

LOCK TABLES `alliances` WRITE;
/*!40000 ALTER TABLE `alliances` DISABLE KEYS */;
/*!40000 ALTER TABLE `alliances` ENABLE KEYS */;
UNLOCK TABLES;

--
-- Table structure for table `buildings`
--

DROP TABLE IF EXISTS `buildings`;
/*!40101 SET @saved_cs_client     = @@character_set_client */;
/*!40101 SET character_set_client = utf8 */;
CREATE TABLE `buildings` (
  `id` int(11) NOT NULL AUTO_INCREMENT,
  `planet_id` int(11) DEFAULT NULL,
  `x` tinyint(2) unsigned NOT NULL DEFAULT '0',
  `y` tinyint(2) unsigned NOT NULL DEFAULT '0',
  `armor_mod` int(11) NOT NULL,
  `constructor_mod` int(11) NOT NULL,
  `energy_mod` int(11) NOT NULL,
  `level` tinyint(2) unsigned NOT NULL DEFAULT '0',
  `type` varchar(255) NOT NULL,
  `upgrade_ends_at` datetime DEFAULT NULL,
  `x_end` tinyint(2) unsigned NOT NULL DEFAULT '0',
  `y_end` tinyint(2) unsigned NOT NULL DEFAULT '0',
  `state` tinyint(2) NOT NULL DEFAULT '0',
  `pause_remainder` int(10) unsigned DEFAULT NULL,
  `constructable_type` varchar(100) DEFAULT NULL,
  `constructable_id` int(11) DEFAULT NULL,
  `construction_mod` tinyint(2) unsigned NOT NULL DEFAULT '0',
  `cooldown_ends_at` datetime DEFAULT NULL,
  `hp_percentage` float unsigned NOT NULL DEFAULT '1',
  PRIMARY KEY (`id`),
  UNIQUE KEY `tiles_taken` (`planet_id`,`x`,`y`,`x_end`,`y_end`),
  KEY `index_buildings_on_construction_ends` (`upgrade_ends_at`),
  KEY `buildings_by_type` (`planet_id`,`type`),
  CONSTRAINT `buildings_ibfk_1` FOREIGN KEY (`planet_id`) REFERENCES `ss_objects` (`id`) ON DELETE CASCADE
) ENGINE=InnoDB AUTO_INCREMENT=184 DEFAULT CHARSET=utf8;
/*!40101 SET character_set_client = @saved_cs_client */;

--
-- Dumping data for table `buildings`
--

LOCK TABLES `buildings` WRITE;
/*!40000 ALTER TABLE `buildings` DISABLE KEYS */;
INSERT INTO `buildings` VALUES (1,1,6,5,0,0,0,6,'NpcInfantryFactory',NULL,8,7,1,NULL,NULL,NULL,0,NULL,1),(2,1,10,8,0,0,0,6,'NpcHall',NULL,11,9,1,NULL,NULL,NULL,0,NULL,1),(3,1,2,11,0,0,0,6,'NpcTankFactory',NULL,5,14,1,NULL,NULL,NULL,0,NULL,1),(4,1,14,11,0,0,0,6,'NpcSpaceFactory',NULL,18,14,1,NULL,NULL,NULL,0,NULL,1),(5,4,2,2,0,0,0,6,'NpcSpaceFactory',NULL,6,5,1,NULL,NULL,NULL,0,NULL,1),(6,4,6,8,0,0,0,6,'NpcHall',NULL,7,9,1,NULL,NULL,NULL,0,NULL,1),(7,4,1,10,0,0,0,6,'NpcInfantryFactory',NULL,3,12,1,NULL,NULL,NULL,0,NULL,1),(8,4,10,11,0,0,0,6,'NpcTankFactory',NULL,13,14,1,NULL,NULL,NULL,0,NULL,1),(9,6,2,3,0,0,0,6,'NpcTankFactory',NULL,5,6,1,NULL,NULL,NULL,0,NULL,1),(10,6,13,4,0,0,0,6,'NpcSpaceFactory',NULL,17,7,1,NULL,NULL,NULL,0,NULL,1),(11,6,10,7,0,0,0,6,'NpcHall',NULL,11,8,1,NULL,NULL,NULL,0,NULL,1),(12,6,5,9,0,0,0,6,'NpcInfantryFactory',NULL,7,11,1,NULL,NULL,NULL,0,NULL,1),(13,10,2,2,0,0,0,1,'NpcSpaceFactory',NULL,6,5,1,NULL,NULL,NULL,0,NULL,1),(14,10,6,8,0,0,0,1,'NpcHall',NULL,7,9,1,NULL,NULL,NULL,0,NULL,1),(15,10,1,10,0,0,0,1,'NpcInfantryFactory',NULL,3,12,1,NULL,NULL,NULL,0,NULL,1),(16,10,10,11,0,0,0,1,'NpcTankFactory',NULL,13,14,1,NULL,NULL,NULL,0,NULL,1),(17,26,1,14,0,0,0,1,'NpcMetalExtractor',NULL,2,15,1,NULL,NULL,NULL,0,NULL,1),(18,26,9,4,0,0,0,1,'NpcMetalExtractor',NULL,10,5,1,NULL,NULL,NULL,0,NULL,1),(19,26,5,18,0,0,0,1,'NpcZetiumExtractor',NULL,6,19,1,NULL,NULL,NULL,0,NULL,1),(20,26,16,2,0,0,0,1,'NpcZetiumExtractor',NULL,17,3,1,NULL,NULL,NULL,0,NULL,1),(21,26,10,19,0,0,0,1,'NpcZetiumExtractor',NULL,11,20,1,NULL,NULL,NULL,0,NULL,1),(22,26,5,8,0,0,0,1,'NpcZetiumExtractor',NULL,6,9,1,NULL,NULL,NULL,0,NULL,1),(23,26,6,22,0,0,0,1,'NpcJumpgate',NULL,10,26,1,NULL,NULL,NULL,0,NULL,1),(24,26,10,12,0,0,0,1,'NpcResearchCenter',NULL,13,15,1,NULL,NULL,NULL,0,NULL,1),(25,26,0,19,0,0,0,1,'NpcExcavationSite',NULL,3,22,1,NULL,NULL,NULL,0,NULL,1),(26,26,15,9,0,0,0,1,'NpcCommunicationsHub',NULL,18,10,1,NULL,NULL,NULL,0,NULL,1),(27,26,9,7,0,0,0,1,'NpcExcavationSite',NULL,12,10,1,NULL,NULL,NULL,0,NULL,1),(28,26,15,11,0,0,0,1,'NpcTemple',NULL,17,13,1,NULL,NULL,NULL,0,NULL,1),(29,26,13,17,0,0,0,1,'NpcCommunicationsHub',NULL,16,18,1,NULL,NULL,NULL,0,NULL,1),(30,26,15,6,0,0,0,1,'NpcSolarPlant',NULL,16,7,1,NULL,NULL,NULL,0,NULL,1),(31,26,10,27,0,0,0,1,'NpcSolarPlant',NULL,11,28,1,NULL,NULL,NULL,0,NULL,1),(32,26,13,7,0,0,0,1,'NpcSolarPlant',NULL,14,8,1,NULL,NULL,NULL,0,NULL,1),(33,26,22,27,0,0,0,1,'NpcSolarPlant',NULL,23,28,1,NULL,NULL,NULL,0,NULL,1),(34,27,13,21,0,0,0,1,'NpcMetalExtractor',NULL,14,22,1,NULL,NULL,NULL,0,NULL,1),(35,27,1,13,0,0,0,1,'NpcMetalExtractor',NULL,2,14,1,NULL,NULL,NULL,0,NULL,1),(36,27,9,12,0,0,0,1,'NpcGeothermalPlant',NULL,10,13,1,NULL,NULL,NULL,0,NULL,1),(37,27,1,4,0,0,0,1,'NpcZetiumExtractor',NULL,2,5,1,NULL,NULL,NULL,0,NULL,1),(38,27,5,16,0,0,0,1,'NpcZetiumExtractor',NULL,6,17,1,NULL,NULL,NULL,0,NULL,1),(39,27,5,26,0,0,0,1,'NpcZetiumExtractor',NULL,6,27,1,NULL,NULL,NULL,0,NULL,1),(40,27,17,17,0,0,0,1,'NpcJumpgate',NULL,21,21,1,NULL,NULL,NULL,0,NULL,1),(41,27,22,23,0,0,0,1,'NpcJumpgate',NULL,26,27,1,NULL,NULL,NULL,0,NULL,1),(42,27,12,15,0,0,0,1,'NpcResearchCenter',NULL,15,18,1,NULL,NULL,NULL,0,NULL,1),(43,27,20,7,0,0,0,1,'NpcCommunicationsHub',NULL,23,8,1,NULL,NULL,NULL,0,NULL,1),(44,27,13,9,0,0,0,1,'NpcTemple',NULL,15,11,1,NULL,NULL,NULL,0,NULL,1),(45,27,0,23,0,0,0,1,'NpcCommunicationsHub',NULL,3,24,1,NULL,NULL,NULL,0,NULL,1),(46,27,25,11,0,0,0,1,'NpcSolarPlant',NULL,26,12,1,NULL,NULL,NULL,0,NULL,1),(47,27,10,19,0,0,0,1,'NpcSolarPlant',NULL,11,20,1,NULL,NULL,NULL,0,NULL,1),(48,27,23,13,0,0,0,1,'NpcSolarPlant',NULL,24,14,1,NULL,NULL,NULL,0,NULL,1),(49,27,25,13,0,0,0,1,'NpcSolarPlant',NULL,26,14,1,NULL,NULL,NULL,0,NULL,1),(50,28,4,22,0,0,0,1,'NpcMetalExtractor',NULL,5,23,1,NULL,NULL,NULL,0,NULL,1),(51,28,9,22,0,0,0,1,'NpcMetalExtractor',NULL,10,23,1,NULL,NULL,NULL,0,NULL,1),(52,28,16,16,0,0,0,1,'NpcGeothermalPlant',NULL,17,17,1,NULL,NULL,NULL,0,NULL,1),(53,28,14,1,0,0,0,1,'NpcGeothermalPlant',NULL,15,2,1,NULL,NULL,NULL,0,NULL,1),(54,28,14,11,0,0,0,1,'NpcZetiumExtractor',NULL,15,12,1,NULL,NULL,NULL,0,NULL,1),(55,28,12,7,0,0,0,1,'NpcZetiumExtractor',NULL,13,8,1,NULL,NULL,NULL,0,NULL,1),(56,28,2,16,0,0,0,1,'NpcJumpgate',NULL,6,20,1,NULL,NULL,NULL,0,NULL,1),(57,28,9,16,0,0,0,1,'NpcExcavationSite',NULL,12,19,1,NULL,NULL,NULL,0,NULL,1),(58,28,13,19,0,0,0,1,'NpcCommunicationsHub',NULL,16,20,1,NULL,NULL,NULL,0,NULL,1),(59,28,12,4,0,0,0,1,'NpcSolarPlant',NULL,13,5,1,NULL,NULL,NULL,0,NULL,1),(60,28,13,17,0,0,0,1,'NpcSolarPlant',NULL,14,18,1,NULL,NULL,NULL,0,NULL,1),(61,28,21,9,0,0,0,1,'NpcSolarPlant',NULL,22,10,1,NULL,NULL,NULL,0,NULL,1),(62,28,21,14,0,0,0,1,'NpcSolarPlant',NULL,22,15,1,NULL,NULL,NULL,0,NULL,1),(63,38,0,0,0,0,0,1,'NpcMetalExtractor',NULL,1,1,1,NULL,NULL,NULL,0,NULL,1),(64,38,7,0,0,0,0,1,'NpcCommunicationsHub',NULL,10,1,1,NULL,NULL,NULL,0,NULL,1),(65,38,15,0,0,0,0,1,'NpcSolarPlant',NULL,16,1,1,NULL,NULL,NULL,0,NULL,1),(66,38,18,0,0,0,0,1,'NpcSolarPlant',NULL,19,1,1,NULL,NULL,NULL,0,NULL,1),(67,38,3,1,0,0,0,1,'NpcMetalExtractor',NULL,4,2,1,NULL,NULL,NULL,0,NULL,1),(68,38,12,1,0,0,0,1,'NpcSolarPlant',NULL,13,2,1,NULL,NULL,NULL,0,NULL,1),(69,38,22,1,0,0,0,1,'NpcSolarPlant',NULL,23,2,1,NULL,NULL,NULL,0,NULL,1),(70,38,26,1,0,0,0,1,'NpcCommunicationsHub',NULL,29,2,1,NULL,NULL,NULL,0,NULL,1),(71,38,6,3,0,0,0,1,'NpcCommunicationsHub',NULL,9,4,1,NULL,NULL,NULL,0,NULL,1),(72,38,15,3,0,0,0,1,'NpcSolarPlant',NULL,16,4,1,NULL,NULL,NULL,0,NULL,1),(73,38,18,3,0,0,0,1,'NpcSolarPlant',NULL,19,4,1,NULL,NULL,NULL,0,NULL,1),(74,38,24,4,0,0,0,1,'NpcMetalExtractor',NULL,25,5,1,NULL,NULL,NULL,0,NULL,1),(75,38,28,4,0,0,0,1,'NpcMetalExtractor',NULL,29,5,1,NULL,NULL,NULL,0,NULL,1),(76,38,13,5,0,0,0,1,'NpcSolarPlant',NULL,14,6,1,NULL,NULL,NULL,0,NULL,1),(77,38,21,5,0,0,0,1,'NpcSolarPlant',NULL,22,6,1,NULL,NULL,NULL,0,NULL,1),(78,38,9,8,0,0,0,1,'Vulcan',NULL,10,9,1,NULL,NULL,NULL,0,NULL,1),(79,38,11,8,0,0,0,1,'Screamer',NULL,12,9,1,NULL,NULL,NULL,0,NULL,1),(80,38,13,8,0,0,0,1,'Thunder',NULL,14,9,1,NULL,NULL,NULL,0,NULL,1),(81,38,15,8,0,0,0,1,'Vulcan',NULL,16,9,1,NULL,NULL,NULL,0,NULL,1),(82,38,17,8,0,0,0,1,'Screamer',NULL,18,9,1,NULL,NULL,NULL,0,NULL,1),(83,38,19,8,0,0,0,1,'Thunder',NULL,20,9,1,NULL,NULL,NULL,0,NULL,1),(84,38,25,8,0,0,0,1,'NpcCommunicationsHub',NULL,28,9,1,NULL,NULL,NULL,0,NULL,1),(85,38,22,9,0,0,0,1,'NpcSolarPlant',NULL,23,10,1,NULL,NULL,NULL,0,NULL,1),(86,38,9,10,0,0,0,1,'Thunder',NULL,10,11,1,NULL,NULL,NULL,0,NULL,1),(87,38,11,10,0,0,0,1,'Mothership',NULL,18,15,1,NULL,NULL,NULL,0,NULL,1),(88,38,19,10,0,0,0,1,'Vulcan',NULL,20,11,1,NULL,NULL,NULL,0,NULL,1),(89,38,9,12,0,0,0,1,'Screamer',NULL,10,13,1,NULL,NULL,NULL,0,NULL,1),(90,38,19,12,0,0,0,1,'Screamer',NULL,20,13,1,NULL,NULL,NULL,0,NULL,1),(91,38,26,12,0,0,0,1,'NpcZetiumExtractor',NULL,27,13,1,NULL,NULL,NULL,0,NULL,1),(92,38,22,13,0,0,0,1,'NpcSolarPlant',NULL,23,14,1,NULL,NULL,NULL,0,NULL,1),(93,38,9,14,0,0,0,1,'Vulcan',NULL,10,15,1,NULL,NULL,NULL,0,NULL,1),(94,38,19,14,0,0,0,1,'Thunder',NULL,20,15,1,NULL,NULL,NULL,0,NULL,1),(95,38,9,16,0,0,0,1,'Thunder',NULL,10,17,1,NULL,NULL,NULL,0,NULL,1),(96,38,11,16,0,0,0,1,'Vulcan',NULL,12,17,1,NULL,NULL,NULL,0,NULL,1),(97,38,13,16,0,0,0,1,'Thunder',NULL,14,17,1,NULL,NULL,NULL,0,NULL,1),(98,38,15,16,0,0,0,1,'Screamer',NULL,16,17,1,NULL,NULL,NULL,0,NULL,1),(99,38,17,16,0,0,0,1,'Thunder',NULL,18,17,1,NULL,NULL,NULL,0,NULL,1),(100,38,19,16,0,0,0,1,'Vulcan',NULL,20,17,1,NULL,NULL,NULL,0,NULL,1),(101,38,27,16,0,0,0,1,'NpcSolarPlant',NULL,28,17,1,NULL,NULL,NULL,0,NULL,1),(102,38,22,17,0,0,0,1,'NpcCommunicationsHub',NULL,25,18,1,NULL,NULL,NULL,0,NULL,1),(103,38,27,19,0,0,0,1,'NpcSolarPlant',NULL,28,20,1,NULL,NULL,NULL,0,NULL,1),(104,38,23,20,0,0,0,1,'NpcSolarPlant',NULL,24,21,1,NULL,NULL,NULL,0,NULL,1),(105,38,21,22,0,0,0,1,'NpcCommunicationsHub',NULL,24,23,1,NULL,NULL,NULL,0,NULL,1),(106,38,28,23,0,0,0,1,'NpcSolarPlant',NULL,29,24,1,NULL,NULL,NULL,0,NULL,1),(107,38,14,25,0,0,0,1,'NpcSolarPlant',NULL,15,26,1,NULL,NULL,NULL,0,NULL,1),(108,38,25,26,0,0,0,1,'NpcSolarPlant',NULL,26,27,1,NULL,NULL,NULL,0,NULL,1),(109,38,20,27,0,0,0,1,'NpcSolarPlant',NULL,21,28,1,NULL,NULL,NULL,0,NULL,1),(110,38,0,28,0,0,0,1,'NpcSolarPlant',NULL,1,29,1,NULL,NULL,NULL,0,NULL,1),(111,38,3,28,0,0,0,1,'NpcSolarPlant',NULL,4,29,1,NULL,NULL,NULL,0,NULL,1),(112,38,13,28,0,0,0,1,'NpcSolarPlant',NULL,14,29,1,NULL,NULL,NULL,0,NULL,1),(113,38,17,28,0,0,0,1,'NpcZetiumExtractor',NULL,18,29,1,NULL,NULL,NULL,0,NULL,1),(114,38,28,28,0,0,0,1,'NpcSolarPlant',NULL,29,29,1,NULL,NULL,NULL,0,NULL,1),(115,41,23,29,0,0,0,1,'NpcMetalExtractor',NULL,24,30,1,NULL,NULL,NULL,0,NULL,1),(116,41,12,17,0,0,0,1,'NpcGeothermalPlant',NULL,13,18,1,NULL,NULL,NULL,0,NULL,1),(117,41,10,4,0,0,0,1,'NpcZetiumExtractor',NULL,11,5,1,NULL,NULL,NULL,0,NULL,1),(118,41,2,24,0,0,0,1,'NpcZetiumExtractor',NULL,3,25,1,NULL,NULL,NULL,0,NULL,1),(119,41,10,21,0,0,0,1,'NpcZetiumExtractor',NULL,11,22,1,NULL,NULL,NULL,0,NULL,1),(120,41,9,25,0,0,0,1,'NpcZetiumExtractor',NULL,10,26,1,NULL,NULL,NULL,0,NULL,1),(121,41,21,18,0,0,0,1,'NpcJumpgate',NULL,25,22,1,NULL,NULL,NULL,0,NULL,1),(122,41,24,3,0,0,0,1,'NpcResearchCenter',NULL,27,6,1,NULL,NULL,NULL,0,NULL,1),(123,41,7,16,0,0,0,1,'NpcExcavationSite',NULL,10,19,1,NULL,NULL,NULL,0,NULL,1),(124,41,23,8,0,0,0,1,'NpcCommunicationsHub',NULL,26,9,1,NULL,NULL,NULL,0,NULL,1),(125,41,23,14,0,0,0,1,'NpcCommunicationsHub',NULL,26,15,1,NULL,NULL,NULL,0,NULL,1),(126,41,23,16,0,0,0,1,'NpcSolarPlant',NULL,24,17,1,NULL,NULL,NULL,0,NULL,1),(127,41,13,3,0,0,0,1,'NpcSolarPlant',NULL,14,4,1,NULL,NULL,NULL,0,NULL,1),(128,41,26,22,0,0,0,1,'NpcSolarPlant',NULL,27,23,1,NULL,NULL,NULL,0,NULL,1),(129,45,6,5,0,0,0,1,'NpcInfantryFactory',NULL,8,7,1,NULL,NULL,NULL,0,NULL,1),(130,45,10,8,0,0,0,1,'NpcHall',NULL,11,9,1,NULL,NULL,NULL,0,NULL,1),(131,45,2,11,0,0,0,1,'NpcTankFactory',NULL,5,14,1,NULL,NULL,NULL,0,NULL,1),(132,45,14,11,0,0,0,1,'NpcSpaceFactory',NULL,18,14,1,NULL,NULL,NULL,0,NULL,1),(133,50,19,12,0,0,0,1,'NpcMetalExtractor',NULL,20,13,1,NULL,NULL,NULL,0,NULL,1),(134,50,26,1,0,0,0,1,'NpcMetalExtractor',NULL,27,2,1,NULL,NULL,NULL,0,NULL,1),(135,50,2,5,0,0,0,1,'NpcMetalExtractor',NULL,3,6,1,NULL,NULL,NULL,0,NULL,1),(136,50,14,15,0,0,0,1,'NpcZetiumExtractor',NULL,15,16,1,NULL,NULL,NULL,0,NULL,1),(137,50,8,5,0,0,0,1,'NpcZetiumExtractor',NULL,9,6,1,NULL,NULL,NULL,0,NULL,1),(138,50,12,6,0,0,0,1,'NpcZetiumExtractor',NULL,13,7,1,NULL,NULL,NULL,0,NULL,1),(139,50,13,1,0,0,0,1,'NpcZetiumExtractor',NULL,14,2,1,NULL,NULL,NULL,0,NULL,1),(140,50,2,19,0,0,0,1,'NpcJumpgate',NULL,6,23,1,NULL,NULL,NULL,0,NULL,1),(141,50,3,9,0,0,0,1,'NpcResearchCenter',NULL,6,12,1,NULL,NULL,NULL,0,NULL,1),(142,50,14,9,0,0,0,1,'NpcCommunicationsHub',NULL,17,10,1,NULL,NULL,NULL,0,NULL,1),(143,50,20,1,0,0,0,1,'NpcCommunicationsHub',NULL,23,2,1,NULL,NULL,NULL,0,NULL,1),(144,50,16,11,0,0,0,1,'NpcSolarPlant',NULL,17,12,1,NULL,NULL,NULL,0,NULL,1),(145,50,5,7,0,0,0,1,'NpcSolarPlant',NULL,6,8,1,NULL,NULL,NULL,0,NULL,1),(146,50,18,3,0,0,0,1,'NpcSolarPlant',NULL,19,4,1,NULL,NULL,NULL,0,NULL,1),(147,64,24,10,0,0,0,1,'NpcMetalExtractor',NULL,25,11,1,NULL,NULL,NULL,0,NULL,1),(148,64,13,20,0,0,0,1,'NpcMetalExtractor',NULL,14,21,1,NULL,NULL,NULL,0,NULL,1),(149,64,22,16,0,0,0,1,'NpcGeothermalPlant',NULL,23,17,1,NULL,NULL,NULL,0,NULL,1),(150,64,2,10,0,0,0,1,'NpcZetiumExtractor',NULL,3,11,1,NULL,NULL,NULL,0,NULL,1),(151,64,20,22,0,0,0,1,'NpcZetiumExtractor',NULL,21,23,1,NULL,NULL,NULL,0,NULL,1),(152,64,4,1,0,0,0,1,'NpcJumpgate',NULL,8,5,1,NULL,NULL,NULL,0,NULL,1),(153,64,0,3,0,0,0,1,'NpcResearchCenter',NULL,3,6,1,NULL,NULL,NULL,0,NULL,1),(154,64,17,16,0,0,0,1,'NpcExcavationSite',NULL,20,19,1,NULL,NULL,NULL,0,NULL,1),(155,64,0,7,0,0,0,1,'NpcCommunicationsHub',NULL,3,8,1,NULL,NULL,NULL,0,NULL,1),(156,64,0,0,0,0,0,1,'NpcTemple',NULL,2,2,1,NULL,NULL,NULL,0,NULL,1),(157,64,4,7,0,0,0,1,'NpcCommunicationsHub',NULL,7,8,1,NULL,NULL,NULL,0,NULL,1),(158,64,7,16,0,0,0,1,'NpcSolarPlant',NULL,8,17,1,NULL,NULL,NULL,0,NULL,1),(159,64,25,17,0,0,0,1,'NpcSolarPlant',NULL,26,18,1,NULL,NULL,NULL,0,NULL,1),(160,64,17,10,0,0,0,1,'NpcSolarPlant',NULL,18,11,1,NULL,NULL,NULL,0,NULL,1),(161,71,2,23,0,0,0,1,'NpcMetalExtractor',NULL,3,24,1,NULL,NULL,NULL,0,NULL,1),(162,71,12,3,0,0,0,1,'NpcMetalExtractor',NULL,13,4,1,NULL,NULL,NULL,0,NULL,1),(163,71,24,12,0,0,0,1,'NpcMetalExtractor',NULL,25,13,1,NULL,NULL,NULL,0,NULL,1),(164,71,3,16,0,0,0,1,'NpcMetalExtractor',NULL,4,17,1,NULL,NULL,NULL,0,NULL,1),(165,71,7,13,0,0,0,1,'NpcMetalExtractor',NULL,8,14,1,NULL,NULL,NULL,0,NULL,1),(166,71,19,9,0,0,0,1,'NpcGeothermalPlant',NULL,20,10,1,NULL,NULL,NULL,0,NULL,1),(167,71,10,27,0,0,0,1,'NpcZetiumExtractor',NULL,11,28,1,NULL,NULL,NULL,0,NULL,1),(168,71,17,21,0,0,0,1,'NpcZetiumExtractor',NULL,18,22,1,NULL,NULL,NULL,0,NULL,1),(169,71,22,17,0,0,0,1,'NpcZetiumExtractor',NULL,23,18,1,NULL,NULL,NULL,0,NULL,1),(170,71,16,25,0,0,0,1,'NpcJumpgate',NULL,20,29,1,NULL,NULL,NULL,0,NULL,1),(171,71,13,15,0,0,0,1,'NpcJumpgate',NULL,17,19,1,NULL,NULL,NULL,0,NULL,1),(172,71,5,20,0,0,0,1,'NpcResearchCenter',NULL,8,23,1,NULL,NULL,NULL,0,NULL,1),(173,71,26,20,0,0,0,1,'NpcExcavationSite',NULL,29,23,1,NULL,NULL,NULL,0,NULL,1),(174,71,6,24,0,0,0,1,'NpcCommunicationsHub',NULL,9,25,1,NULL,NULL,NULL,0,NULL,1),(175,71,9,16,0,0,0,1,'NpcTemple',NULL,11,18,1,NULL,NULL,NULL,0,NULL,1),(176,71,4,28,0,0,0,1,'NpcCommunicationsHub',NULL,7,29,1,NULL,NULL,NULL,0,NULL,1),(177,71,26,24,0,0,0,1,'NpcSolarPlant',NULL,27,25,1,NULL,NULL,NULL,0,NULL,1),(178,71,11,7,0,0,0,1,'NpcSolarPlant',NULL,12,8,1,NULL,NULL,NULL,0,NULL,1),(179,71,11,24,0,0,0,1,'NpcSolarPlant',NULL,12,25,1,NULL,NULL,NULL,0,NULL,1),(180,75,6,5,0,0,0,1,'NpcInfantryFactory',NULL,8,7,1,NULL,NULL,NULL,0,NULL,1),(181,75,10,8,0,0,0,1,'NpcHall',NULL,11,9,1,NULL,NULL,NULL,0,NULL,1),(182,75,2,11,0,0,0,1,'NpcTankFactory',NULL,5,14,1,NULL,NULL,NULL,0,NULL,1),(183,75,14,11,0,0,0,1,'NpcSpaceFactory',NULL,18,14,1,NULL,NULL,NULL,0,NULL,1);
/*!40000 ALTER TABLE `buildings` ENABLE KEYS */;
UNLOCK TABLES;

--
-- Table structure for table `callbacks`
--

DROP TABLE IF EXISTS `callbacks`;
/*!40101 SET @saved_cs_client     = @@character_set_client */;
/*!40101 SET character_set_client = utf8 */;
CREATE TABLE `callbacks` (
  `class` varchar(50) NOT NULL,
  `object_id` int(10) unsigned NOT NULL,
  `ends_at` datetime NOT NULL,
  `event` tinyint(2) unsigned NOT NULL DEFAULT '0',
  `ruleset` varchar(30) NOT NULL,
  `failed` tinyint(1) NOT NULL DEFAULT '0',
  UNIQUE KEY `main` (`class`,`object_id`,`event`),
  KEY `tick` (`ends_at`,`failed`)
) ENGINE=InnoDB DEFAULT CHARSET=utf8;
/*!40101 SET character_set_client = @saved_cs_client */;

--
-- Dumping data for table `callbacks`
--

LOCK TABLES `callbacks` WRITE;
/*!40000 ALTER TABLE `callbacks` DISABLE KEYS */;
INSERT INTO `callbacks` VALUES ('Galaxy',1,'2011-09-20 14:29:13',9,'dev',0),('Galaxy',1,'2011-09-20 14:19:13',12,'dev',0),('Galaxy',1,'2011-09-20 14:19:13',13,'dev',0),('Galaxy',1,'2011-09-20 14:19:13',14,'dev',0),('SolarSystem',2,'2011-09-20 14:19:14',9,'dev',0),('SolarSystem',6,'2012-09-19 20:19:14',8,'dev',0),('SolarSystem',7,'2011-09-20 14:19:14',9,'dev',0),('SolarSystem',12,'2011-09-20 14:19:14',9,'dev',0),('SsObject::Asteroid',11,'2011-09-20 14:19:44',9,'dev',0),('SsObject::Asteroid',12,'2011-09-20 14:19:44',9,'dev',0),('SsObject::Asteroid',13,'2011-09-20 14:19:44',9,'dev',0),('SsObject::Asteroid',14,'2011-09-20 14:19:44',9,'dev',0),('SsObject::Asteroid',17,'2011-09-20 14:19:44',9,'dev',0),('SsObject::Asteroid',18,'2011-09-20 14:19:44',9,'dev',0),('SsObject::Asteroid',19,'2011-09-20 14:19:44',9,'dev',0),('SsObject::Asteroid',20,'2011-09-20 14:19:44',9,'dev',0),('SsObject::Asteroid',22,'2011-09-20 14:19:44',9,'dev',0),('SsObject::Asteroid',23,'2011-09-20 14:19:44',9,'dev',0),('SsObject::Asteroid',25,'2011-09-20 14:19:44',9,'dev',0),('SsObject::Asteroid',29,'2011-09-20 14:19:44',9,'dev',0),('SsObject::Asteroid',30,'2011-09-20 14:19:44',9,'dev',0),('SsObject::Asteroid',31,'2011-09-20 14:19:44',9,'dev',0),('SsObject::Asteroid',32,'2011-09-20 14:19:44',9,'dev',0),('SsObject::Asteroid',33,'2011-09-20 14:19:44',9,'dev',0),('SsObject::Asteroid',34,'2011-09-20 14:19:44',9,'dev',0),('SsObject::Asteroid',36,'2011-09-20 14:19:44',9,'dev',0),('SsObject::Asteroid',37,'2011-09-20 14:19:44',9,'dev',0),('SsObject::Asteroid',39,'2011-09-20 14:19:44',9,'dev',0),('SsObject::Asteroid',40,'2011-09-20 14:19:44',9,'dev',0),('SsObject::Asteroid',42,'2011-09-20 14:19:44',9,'dev',0),('SsObject::Asteroid',47,'2011-09-20 14:19:44',9,'dev',0),('SsObject::Asteroid',48,'2011-09-20 14:19:44',9,'dev',0),('SsObject::Asteroid',51,'2011-09-20 14:19:44',9,'dev',0),('SsObject::Asteroid',53,'2011-09-20 14:19:44',9,'dev',0),('SsObject::Asteroid',54,'2011-09-20 14:19:44',9,'dev',0),('SsObject::Asteroid',55,'2011-09-20 14:19:44',9,'dev',0),('SsObject::Asteroid',56,'2011-09-20 14:19:44',9,'dev',0),('SsObject::Asteroid',57,'2011-09-20 14:19:44',9,'dev',0),('SsObject::Asteroid',58,'2011-09-20 14:19:44',9,'dev',0),('SsObject::Asteroid',59,'2011-09-20 14:19:44',9,'dev',0),('SsObject::Asteroid',60,'2011-09-20 14:19:44',9,'dev',0),('SsObject::Asteroid',62,'2011-09-20 14:19:44',9,'dev',0),('SsObject::Asteroid',63,'2011-09-20 14:19:44',9,'dev',0),('SsObject::Asteroid',65,'2011-09-20 14:19:44',9,'dev',0),('SsObject::Asteroid',66,'2011-09-20 14:19:44',9,'dev',0),('SsObject::Asteroid',67,'2011-09-20 14:19:44',9,'dev',0),('SsObject::Asteroid',68,'2011-09-20 14:19:44',9,'dev',0),('SsObject::Asteroid',69,'2011-09-20 14:19:44',9,'dev',0),('SsObject::Asteroid',70,'2011-09-20 14:19:44',9,'dev',0),('SsObject::Asteroid',72,'2011-09-20 14:19:44',9,'dev',0),('SsObject::Asteroid',73,'2011-09-20 14:19:44',9,'dev',0),('SsObject::Asteroid',74,'2011-09-20 14:19:44',9,'dev',0);
/*!40000 ALTER TABLE `callbacks` ENABLE KEYS */;
UNLOCK TABLES;

--
-- Table structure for table `chat_messages`
--

DROP TABLE IF EXISTS `chat_messages`;
/*!40101 SET @saved_cs_client     = @@character_set_client */;
/*!40101 SET character_set_client = utf8 */;
CREATE TABLE `chat_messages` (
  `source_id` int(11) NOT NULL,
  `target_id` int(11) NOT NULL,
  `message` varchar(255) NOT NULL,
  `created_at` datetime NOT NULL,
  KEY `index_chat_messages_on_source_id` (`source_id`),
  KEY `index_chat_messages_on_target_id` (`target_id`),
  CONSTRAINT `chat_messages_ibfk_2` FOREIGN KEY (`target_id`) REFERENCES `players` (`id`) ON DELETE CASCADE ON UPDATE CASCADE,
  CONSTRAINT `chat_messages_ibfk_1` FOREIGN KEY (`source_id`) REFERENCES `players` (`id`) ON DELETE CASCADE ON UPDATE CASCADE
) ENGINE=InnoDB DEFAULT CHARSET=utf8;
/*!40101 SET character_set_client = @saved_cs_client */;

--
-- Dumping data for table `chat_messages`
--

LOCK TABLES `chat_messages` WRITE;
/*!40000 ALTER TABLE `chat_messages` DISABLE KEYS */;
/*!40000 ALTER TABLE `chat_messages` ENABLE KEYS */;
UNLOCK TABLES;

--
-- Table structure for table `combat_logs`
--

DROP TABLE IF EXISTS `combat_logs`;
/*!40101 SET @saved_cs_client     = @@character_set_client */;
/*!40101 SET character_set_client = utf8 */;
CREATE TABLE `combat_logs` (
  `sha1_id` char(40) NOT NULL,
  `info` mediumtext NOT NULL,
  `expires_at` datetime NOT NULL,
  PRIMARY KEY (`sha1_id`),
  KEY `index_combat_logs_on_expires_at` (`expires_at`)
) ENGINE=InnoDB DEFAULT CHARSET=utf8;
/*!40101 SET character_set_client = @saved_cs_client */;

--
-- Dumping data for table `combat_logs`
--

LOCK TABLES `combat_logs` WRITE;
/*!40000 ALTER TABLE `combat_logs` DISABLE KEYS */;
/*!40000 ALTER TABLE `combat_logs` ENABLE KEYS */;
UNLOCK TABLES;

--
-- Table structure for table `construction_queue_entries`
--

DROP TABLE IF EXISTS `construction_queue_entries`;
/*!40101 SET @saved_cs_client     = @@character_set_client */;
/*!40101 SET character_set_client = utf8 */;
CREATE TABLE `construction_queue_entries` (
  `id` int(11) NOT NULL AUTO_INCREMENT,
  `constructable_type` varchar(100) NOT NULL,
  `constructor_id` int(11) NOT NULL,
  `count` int(11) NOT NULL,
  `position` smallint(2) unsigned NOT NULL DEFAULT '0',
  `params` text,
  `player_id` int(11) DEFAULT NULL,
  PRIMARY KEY (`id`),
  KEY `index_upgrade_queue_entries_on_position` (`position`),
  KEY `foreign_key` (`constructor_id`),
  KEY `player_id` (`player_id`),
  CONSTRAINT `construction_queue_entries_ibfk_2` FOREIGN KEY (`player_id`) REFERENCES `players` (`id`) ON DELETE CASCADE ON UPDATE CASCADE,
  CONSTRAINT `construction_queue_entries_ibfk_1` FOREIGN KEY (`constructor_id`) REFERENCES `buildings` (`id`) ON DELETE CASCADE
) ENGINE=InnoDB DEFAULT CHARSET=utf8;
/*!40101 SET character_set_client = @saved_cs_client */;

--
-- Dumping data for table `construction_queue_entries`
--

LOCK TABLES `construction_queue_entries` WRITE;
/*!40000 ALTER TABLE `construction_queue_entries` DISABLE KEYS */;
/*!40000 ALTER TABLE `construction_queue_entries` ENABLE KEYS */;
UNLOCK TABLES;

--
-- Table structure for table `cooldowns`
--

DROP TABLE IF EXISTS `cooldowns`;
/*!40101 SET @saved_cs_client     = @@character_set_client */;
/*!40101 SET character_set_client = utf8 */;
CREATE TABLE `cooldowns` (
  `id` int(11) NOT NULL AUTO_INCREMENT,
  `location_id` int(10) unsigned NOT NULL,
  `location_type` tinyint(2) unsigned NOT NULL,
  `location_x` int(11) DEFAULT NULL,
  `location_y` int(11) DEFAULT NULL,
  `ends_at` datetime NOT NULL,
  PRIMARY KEY (`id`),
  UNIQUE KEY `location` (`location_id`,`location_type`,`location_x`,`location_y`)
) ENGINE=InnoDB DEFAULT CHARSET=utf8;
/*!40101 SET character_set_client = @saved_cs_client */;

--
-- Dumping data for table `cooldowns`
--

LOCK TABLES `cooldowns` WRITE;
/*!40000 ALTER TABLE `cooldowns` DISABLE KEYS */;
/*!40000 ALTER TABLE `cooldowns` ENABLE KEYS */;
UNLOCK TABLES;

--
-- Table structure for table `cred_stats`
--

DROP TABLE IF EXISTS `cred_stats`;
/*!40101 SET @saved_cs_client     = @@character_set_client */;
/*!40101 SET character_set_client = utf8 */;
CREATE TABLE `cred_stats` (
  `id` int(11) NOT NULL AUTO_INCREMENT,
  `action` tinyint(2) unsigned NOT NULL,
  `player_id` int(11) DEFAULT NULL,
  `creds` int(10) unsigned NOT NULL,
  `class_name` varchar(50) DEFAULT NULL,
  `level` tinyint(2) unsigned DEFAULT NULL,
  `cost` int(10) unsigned NOT NULL,
  `time` int(10) unsigned DEFAULT NULL,
  `actual_time` int(10) unsigned DEFAULT NULL,
  `created_at` datetime NOT NULL,
  `resource` varchar(6) DEFAULT NULL,
  `attr` varchar(7) DEFAULT NULL,
  `vip_level` tinyint(2) unsigned NOT NULL DEFAULT '0',
  `vip_creds` int(10) unsigned NOT NULL DEFAULT '0',
  `free_creds` int(10) unsigned NOT NULL,
  PRIMARY KEY (`id`),
  KEY `by_action` (`action`),
  KEY `by_player` (`player_id`),
  CONSTRAINT `cred_stats_ibfk_1` FOREIGN KEY (`player_id`) REFERENCES `players` (`id`) ON DELETE SET NULL ON UPDATE CASCADE
) ENGINE=InnoDB DEFAULT CHARSET=utf8;
/*!40101 SET character_set_client = @saved_cs_client */;

--
-- Dumping data for table `cred_stats`
--

LOCK TABLES `cred_stats` WRITE;
/*!40000 ALTER TABLE `cred_stats` DISABLE KEYS */;
/*!40000 ALTER TABLE `cred_stats` ENABLE KEYS */;
UNLOCK TABLES;

--
-- Table structure for table `folliages`
--

DROP TABLE IF EXISTS `folliages`;
/*!40101 SET @saved_cs_client     = @@character_set_client */;
/*!40101 SET character_set_client = utf8 */;
CREATE TABLE `folliages` (
  `planet_id` int(11) NOT NULL,
  `x` tinyint(2) unsigned NOT NULL DEFAULT '0',
  `y` tinyint(2) unsigned NOT NULL DEFAULT '0',
  `kind` tinyint(2) unsigned NOT NULL DEFAULT '0',
  UNIQUE KEY `coords` (`planet_id`,`x`,`y`),
  CONSTRAINT `folliages_ibfk_1` FOREIGN KEY (`planet_id`) REFERENCES `ss_objects` (`id`) ON DELETE CASCADE
) ENGINE=InnoDB DEFAULT CHARSET=utf8;
/*!40101 SET character_set_client = @saved_cs_client */;

--
-- Dumping data for table `folliages`
--

LOCK TABLES `folliages` WRITE;
/*!40000 ALTER TABLE `folliages` DISABLE KEYS */;
INSERT INTO `folliages` VALUES (1,0,5,10),(1,0,11,2),(1,0,13,0),(1,1,2,4),(1,1,10,10),(1,1,14,7),(1,2,6,3),(1,4,10,0),(1,4,16,7),(1,5,7,8),(1,5,15,1),(1,6,2,6),(1,6,4,12),(1,6,8,11),(1,6,14,10),(1,6,15,3),(1,7,8,9),(1,7,9,6),(1,7,16,9),(1,8,8,7),(1,8,16,8),(1,9,5,11),(1,9,16,12),(1,10,4,5),(1,10,5,9),(1,10,6,9),(1,10,11,5),(1,10,16,2),(1,11,7,9),(1,11,10,5),(1,11,11,8),(1,11,14,4),(1,12,0,9),(1,12,2,6),(1,12,4,12),(1,13,3,0),(1,13,7,11),(1,13,16,1),(1,14,6,7),(1,14,15,0),(1,17,15,12),(1,18,16,2),(1,19,7,11),(1,19,16,6),(1,20,0,3),(1,20,16,10),(4,0,0,6),(4,0,2,10),(4,0,5,6),(4,0,8,13),(4,0,9,6),(4,1,0,7),(4,1,8,5),(4,1,9,1),(4,2,1,9),(4,2,13,5),(4,3,9,10),(4,4,10,9),(4,5,0,6),(4,5,8,1),(4,6,6,4),(4,7,0,8),(4,7,1,12),(4,7,5,12),(4,8,4,4),(4,8,8,3),(4,8,9,3),(4,8,10,9),(4,9,10,4),(4,9,12,9),(4,10,7,0),(4,14,14,9),(6,0,1,0),(6,0,12,1),(6,1,3,8),(6,1,4,12),(6,3,2,3),(6,4,2,10),(6,4,7,1),(6,4,9,0),(6,4,12,13),(6,5,8,6),(6,6,3,7),(6,6,6,5),(6,6,7,1),(6,8,2,6),(6,8,9,5),(6,9,6,12),(6,9,8,10),(6,10,4,1),(6,10,9,13),(6,11,0,7),(6,11,6,1),(6,12,7,1),(6,12,8,0),(6,12,9,8),(6,13,3,7),(6,13,11,10),(6,13,12,1),(6,14,3,8),(6,15,3,1),(6,16,0,13),(6,16,8,6),(6,19,8,10),(6,19,9,11),(6,20,9,9),(6,20,10,5),(6,20,11,4),(6,21,12,4),(6,22,2,4),(10,0,1,7),(10,0,2,0),(10,0,8,7),(10,0,10,3),(10,1,2,8),(10,1,9,13),(10,2,6,13),(10,2,14,0),(10,3,1,12),(10,3,7,0),(10,3,8,13),(10,4,1,12),(10,4,8,9),(10,4,9,6),(10,4,13,9),(10,4,14,9),(10,5,0,4),(10,6,1,9),(10,6,6,9),(10,6,10,10),(10,7,7,0),(10,8,3,4),(10,8,4,2),(10,8,6,6),(10,8,7,0),(10,8,14,4),(10,10,0,0),(10,10,10,13),(10,11,0,13),(10,12,10,8),(10,13,10,2),(10,14,11,7),(10,14,13,2),(26,0,4,8),(26,0,10,2),(26,0,13,13),(26,0,14,12),(26,0,28,2),(26,1,17,9),(26,1,25,0),(26,2,28,0),(26,3,14,13),(26,3,17,11),(26,3,28,5),(26,4,6,5),(26,4,20,4),(26,4,27,0),(26,5,17,0),(26,5,22,6),(26,5,28,3),(26,6,6,11),(26,7,0,4),(26,7,5,11),(26,7,6,11),(26,7,10,12),(26,7,12,6),(26,7,13,7),(26,8,0,1),(26,8,7,11),(26,8,19,2),(26,8,20,9),(26,8,21,11),(26,9,6,4),(26,11,1,4),(26,11,6,2),(26,11,21,3),(26,11,23,0),(26,12,6,3),(26,13,2,12),(26,13,28,1),(26,14,4,1),(26,14,5,3),(26,14,27,13),(26,15,4,7),(26,15,19,4),(26,15,23,5),(26,15,24,3),(26,15,25,11),(26,16,0,5),(26,16,23,2),(26,16,27,11),(26,17,4,13),(26,17,5,4),(26,17,6,12),(26,17,14,10),(26,17,25,0),(26,18,1,12),(26,18,2,13),(26,18,4,5),(26,18,6,13),(26,18,16,12),(26,19,4,12),(26,19,14,0),(26,20,3,7),(26,20,6,3),(26,20,7,6),(26,20,18,9),(26,21,3,0),(26,21,7,4),(26,21,16,13),(26,21,22,0),(26,22,3,11),(26,22,14,7),(26,22,16,0),(26,22,17,3),(26,23,4,2),(26,23,7,2),(26,23,12,2),(26,23,13,6),(26,23,14,12),(26,23,15,0),(27,0,7,12),(27,0,9,11),(27,1,6,0),(27,1,7,10),(27,1,8,8),(27,1,19,10),(27,2,6,1),(27,2,11,3),(27,2,17,12),(27,3,2,3),(27,3,6,7),(27,3,7,9),(27,3,8,5),(27,3,22,3),(27,4,9,2),(27,4,12,7),(27,4,15,3),(27,4,17,2),(27,4,28,10),(27,5,1,8),(27,5,4,11),(27,5,5,13),(27,5,8,3),(27,5,14,3),(27,5,30,2),(27,6,12,3),(27,6,14,4),(27,6,19,5),(27,6,25,0),(27,6,30,6),(27,7,9,0),(27,7,13,12),(27,7,15,5),(27,8,2,4),(27,8,3,1),(27,8,8,7),(27,8,9,13),(27,8,13,2),(27,8,29,10),(27,8,30,10),(27,9,0,0),(27,9,8,12),(27,9,9,8),(27,9,25,8),(27,9,27,13),(27,9,29,4),(27,10,0,7),(27,10,2,6),(27,10,3,5),(27,10,4,13),(27,10,7,1),(27,10,8,4),(27,10,17,7),(27,10,26,12),(27,10,27,5),(27,10,29,7),(27,11,9,5),(27,11,12,4),(27,11,18,10),(27,12,9,12),(27,12,20,0),(27,12,26,8),(27,12,30,12),(27,13,24,4),(27,14,20,7),(27,14,24,5),(27,14,28,8),(27,15,3,11),(27,15,14,7),(27,15,26,2),(27,16,16,11),(27,16,17,5),(27,16,19,11),(27,16,20,6),(27,16,26,11),(27,17,3,1),(27,17,8,6),(27,17,12,1),(27,19,14,13),(27,19,15,3),(27,19,22,4),(27,19,23,2),(27,20,6,13),(27,20,25,0),(27,21,12,11),(27,21,22,3),(27,21,23,12),(27,21,24,0),(27,22,15,10),(27,22,21,13),(27,23,21,11),(27,23,22,7),(27,24,28,13),(27,25,7,5),(27,25,18,8),(27,25,20,7),(27,25,29,0),(27,26,0,0),(27,26,8,12),(27,26,19,11),(27,26,20,11),(27,26,21,13),(28,0,2,12),(28,0,6,12),(28,1,1,8),(28,1,2,0),(28,1,4,8),(28,1,6,2),(28,1,25,0),(28,2,11,4),(28,2,12,3),(28,2,25,13),(28,3,0,9),(28,3,2,10),(28,3,7,9),(28,3,23,5),(28,3,24,4),(28,4,0,6),(28,4,24,1),(28,5,0,12),(28,5,3,0),(28,5,6,5),(28,5,7,0),(28,5,25,12),(28,5,26,1),(28,6,7,7),(28,6,26,6),(28,7,9,3),(28,7,12,5),(28,7,25,9),(28,7,26,4),(28,8,15,0),(28,8,20,5),(28,9,20,1),(28,9,27,6),(28,10,15,2),(28,11,4,11),(28,11,15,6),(28,11,24,8),(28,12,6,1),(28,12,15,5),(28,12,22,4),(28,12,26,4),(28,13,1,10),(28,13,2,6),(28,13,13,12),(28,13,22,5),(28,13,24,5),(28,14,13,2),(28,14,14,8),(28,14,22,7),(28,16,0,2),(28,16,1,0),(28,16,3,10),(28,16,9,6),(28,16,14,4),(28,17,2,11),(28,17,9,4),(28,17,13,5),(28,17,15,1),(28,17,19,6),(28,18,2,10),(28,18,3,12),(28,18,10,1),(28,18,15,6),(28,18,16,11),(28,19,14,6),(28,19,16,6),(28,19,18,13),(28,19,20,5),(28,20,20,7),(28,21,21,3),(28,21,27,4),(28,22,17,10),(28,22,25,6),(38,0,15,8),(38,1,15,4),(38,1,18,1),(38,1,24,2),(38,2,1,1),(38,2,18,4),(38,3,0,10),(38,3,15,6),(38,4,3,9),(38,4,11,0),(38,4,14,2),(38,4,15,11),(38,4,24,0),(38,5,1,7),(38,5,2,1),(38,5,10,7),(38,5,12,11),(38,5,14,3),(38,6,1,4),(38,6,6,8),(38,6,10,8),(38,6,14,2),(38,6,15,3),(38,6,20,5),(38,6,21,10),(38,6,26,11),(38,6,28,6),(38,7,7,9),(38,7,19,9),(38,8,5,9),(38,8,8,13),(38,8,11,7),(38,8,13,1),(38,10,18,5),(38,11,22,1),(38,12,3,3),(38,12,21,13),(38,13,19,9),(38,13,21,9),(38,13,23,9),(38,13,24,10),(38,14,7,6),(38,15,20,6),(38,15,23,6),(38,15,24,3),(38,15,28,4),(38,16,5,4),(38,16,6,6),(38,17,5,0),(38,17,6,9),(38,17,20,6),(38,18,25,9),(38,18,26,8),(38,20,6,7),(38,20,22,9),(38,21,15,7),(38,21,21,4),(38,22,4,3),(38,22,7,9),(38,22,11,0),(38,23,5,7),(38,23,7,0),(38,24,6,3),(38,24,14,2),(38,24,15,1),(38,25,15,11),(38,25,20,6),(38,26,3,4),(38,26,5,1),(38,26,24,11),(38,27,0,8),(38,27,11,8),(38,27,15,9),(38,28,0,6),(38,29,14,12),(38,29,15,11),(41,0,2,3),(41,0,14,6),(41,0,22,9),(41,1,2,11),(41,1,7,6),(41,1,11,4),(41,1,23,9),(41,2,7,9),(41,2,20,0),(41,2,22,11),(41,3,30,10),(41,4,6,4),(41,4,10,1),(41,5,5,6),(41,5,21,12),(41,5,25,5),(41,6,21,13),(41,7,0,8),(41,7,27,9),(41,7,31,0),(41,8,25,6),(41,8,26,5),(41,8,28,4),(41,9,22,5),(41,9,29,7),(41,9,31,13),(41,10,20,9),(41,11,2,6),(41,11,17,10),(41,12,2,5),(41,12,22,0),(41,12,31,11),(41,13,21,7),(41,13,22,6),(41,14,0,3),(41,14,17,0),(41,14,22,10),(41,15,8,6),(41,15,10,12),(41,15,17,7),(41,15,20,4),(41,15,21,7),(41,15,27,2),(41,15,30,7),(41,15,31,7),(41,16,1,1),(41,16,4,6),(41,16,25,9),(41,16,28,9),(41,17,25,3),(41,17,26,11),(41,17,31,3),(41,18,1,13),(41,18,16,8),(41,18,25,1),(41,18,26,7),(41,18,27,1),(41,19,17,13),(41,19,20,2),(41,20,1,1),(41,20,19,11),(41,20,28,12),(41,20,30,12),(41,21,7,11),(41,21,8,7),(41,21,11,11),(41,21,16,11),(41,21,17,1),(41,21,27,11),(41,22,7,4),(41,22,16,5),(41,22,17,3),(41,22,28,0),(41,22,31,3),(41,23,27,10),(41,24,10,4),(41,24,13,8),(41,25,11,3),(41,26,10,10),(41,26,26,5),(41,27,12,6),(41,27,26,6),(45,0,6,5),(45,1,11,10),(45,1,12,3),(45,1,16,8),(45,2,10,7),(45,2,15,5),(45,3,15,10),(45,4,6,3),(45,5,5,13),(45,5,9,3),(45,6,1,3),(45,6,12,12),(45,6,14,10),(45,7,8,8),(45,8,10,4),(45,9,7,8),(45,9,11,13),(45,10,7,0),(45,10,10,1),(45,11,3,8),(45,11,10,2),(45,11,14,12),(45,12,5,3),(45,12,8,4),(45,12,10,3),(45,12,11,9),(45,12,15,7),(45,12,16,11),(45,13,2,11),(45,13,3,8),(45,13,4,12),(45,13,6,8),(45,13,8,10),(45,13,9,4),(45,13,10,11),(45,17,7,5),(45,17,10,4),(45,18,7,10),(45,18,15,13),(45,19,7,11),(45,19,9,13),(45,19,11,9),(45,19,12,3),(45,20,6,4),(45,20,8,12),(45,20,11,1),(45,20,12,11),(45,20,16,3),(50,0,1,7),(50,0,22,1),(50,1,0,13),(50,1,18,3),(50,2,0,6),(50,2,2,12),(50,2,4,11),(50,3,0,8),(50,3,7,3),(50,5,2,11),(50,5,5,0),(50,6,5,2),(50,6,17,2),(50,7,0,0),(50,7,18,3),(50,7,19,11),(50,7,20,1),(50,8,20,2),(50,8,21,3),(50,9,13,7),(50,9,14,9),(50,9,23,10),(50,9,24,6),(50,10,23,13),(50,11,3,3),(50,12,9,1),(50,12,10,1),(50,12,19,6),(50,12,20,0),(50,12,22,0),(50,13,10,6),(50,13,19,0),(50,13,22,8),(50,14,12,11),(50,14,13,2),(50,14,14,3),(50,14,17,3),(50,14,18,2),(50,15,4,4),(50,15,14,1),(50,15,17,4),(50,15,19,5),(50,15,22,12),(50,15,24,13),(50,16,13,1),(50,16,17,6),(50,16,20,3),(50,16,24,10),(50,17,15,6),(50,17,18,7),(50,17,25,13),(50,18,5,4),(50,18,9,7),(50,18,10,1),(50,18,12,2),(50,18,25,3),(50,19,20,3),(50,19,22,13),(50,19,24,2),(50,19,25,9),(50,20,3,5),(50,20,5,0),(50,20,8,6),(50,20,9,2),(50,20,10,3),(50,20,11,13),(50,20,19,4),(50,21,6,11),(50,21,24,11),(50,21,25,0),(50,22,5,3),(50,22,9,0),(50,22,25,6),(50,23,4,4),(50,23,23,13),(50,23,25,13),(50,24,1,0),(50,24,3,2),(50,25,2,5),(50,27,0,12),(50,27,17,4),(50,28,4,12),(50,28,5,2),(50,28,9,4),(50,29,1,4),(50,29,2,5),(50,29,9,10),(50,29,13,4),(50,29,22,3),(50,29,23,10),(50,30,16,1),(50,30,21,3),(50,30,23,1),(64,0,11,11),(64,0,15,11),(64,0,16,10),(64,0,18,7),(64,1,9,7),(64,1,11,9),(64,1,16,13),(64,2,16,11),(64,2,17,9),(64,2,18,10),(64,2,20,13),(64,2,22,2),(64,2,23,0),(64,3,0,0),(64,3,13,5),(64,3,18,3),(64,3,19,5),(64,3,21,10),(64,4,11,7),(64,4,14,10),(64,5,6,2),(64,5,9,11),(64,5,22,11),(64,6,0,0),(64,6,22,6),(64,6,24,0),(64,7,6,11),(64,7,11,7),(64,7,13,11),(64,7,18,11),(64,8,10,4),(64,8,21,6),(64,8,24,9),(64,9,1,2),(64,9,12,6),(64,9,16,4),(64,9,24,10),(64,10,1,4),(64,10,8,7),(64,12,7,10),(64,12,8,5),(64,13,3,12),(64,13,4,11),(64,13,7,13),(64,13,8,3),(64,13,18,12),(64,13,24,13),(64,14,11,10),(64,14,16,1),(64,15,10,5),(64,15,18,0),(64,15,21,6),(64,15,22,1),(64,15,23,1),(64,16,17,7),(64,16,20,2),(64,17,0,5),(64,18,0,5),(64,18,1,4),(64,18,8,6),(64,18,20,3),(64,18,21,12),(64,18,23,5),(64,19,9,6),(64,19,10,1),(64,19,20,0),(64,19,22,13),(64,20,8,8),(64,20,11,11),(64,21,8,13),(64,21,10,1),(64,22,0,9),(64,22,11,6),(64,22,12,5),(64,22,14,2),(64,22,18,6),(64,22,19,11),(64,22,24,12),(64,23,0,1),(64,23,8,12),(64,23,9,7),(64,23,10,5),(64,23,15,10),(64,24,4,12),(64,24,8,0),(64,24,18,6),(64,25,0,2),(64,25,1,8),(64,25,6,4),(64,25,14,7),(64,26,12,0),(64,26,14,2),(64,26,15,3),(64,27,11,6),(64,27,24,5),(71,0,3,1),(71,0,4,8),(71,0,5,10),(71,0,10,13),(71,0,14,11),(71,0,19,3),(71,0,25,13),(71,0,28,6),(71,1,2,2),(71,1,3,5),(71,1,6,10),(71,1,12,0),(71,1,13,13),(71,1,15,12),(71,1,16,0),(71,1,24,7),(71,1,26,5),(71,1,27,6),(71,2,4,6),(71,2,10,12),(71,2,12,11),(71,2,16,4),(71,2,28,5),(71,3,7,7),(71,3,28,7),(71,4,7,9),(71,4,13,12),(71,4,24,3),(71,4,25,0),(71,4,27,0),(71,5,14,11),(71,5,15,12),(71,5,18,6),(71,5,27,12),(71,6,12,8),(71,7,6,1),(71,7,26,0),(71,9,6,7),(71,9,7,10),(71,9,27,10),(71,10,8,3),(71,10,9,5),(71,10,13,0),(71,10,15,1),(71,11,3,6),(71,13,22,0),(71,13,24,2),(71,14,3,13),(71,14,6,7),(71,14,20,0),(71,14,23,7),(71,14,25,13),(71,14,29,11),(71,15,11,10),(71,15,24,2),(71,15,29,8),(71,16,12,3),(71,16,20,11),(71,16,24,1),(71,17,12,11),(71,17,13,12),(71,17,20,12),(71,17,23,0),(71,18,7,5),(71,18,9,4),(71,18,10,5),(71,18,15,4),(71,18,19,10),(71,18,20,0),(71,19,12,1),(71,19,18,1),(71,19,19,13),(71,20,7,2),(71,20,13,13),(71,20,15,1),(71,20,17,7),(71,20,18,11),(71,20,24,5),(71,21,7,2),(71,21,11,9),(71,21,15,0),(71,21,17,3),(71,22,4,4),(71,23,1,5),(71,23,6,13),(71,23,7,12),(71,23,15,11),(71,23,20,8),(71,24,2,5),(71,24,3,13),(71,24,4,11),(71,24,5,1),(71,24,6,1),(71,24,9,1),(71,24,11,12),(71,24,15,6),(71,25,3,8),(71,25,5,5),(71,25,7,11),(71,25,21,11),(71,25,22,6),(71,26,4,12),(71,26,11,0),(71,26,13,2),(71,26,15,12),(71,27,1,0),(71,27,4,12),(71,27,15,7),(71,28,8,11),(71,29,0,5),(71,29,1,4),(71,29,4,10),(71,29,6,12),(71,29,8,0),(71,29,9,0),(71,29,18,6),(71,30,3,0),(71,30,4,1),(71,30,6,5),(71,30,12,7),(71,30,16,5),(71,30,29,11),(75,0,5,8),(75,0,12,11),(75,0,13,4),(75,1,2,4),(75,1,10,7),(75,2,16,4),(75,3,2,12),(75,3,9,10),(75,4,6,11),(75,4,8,13),(75,5,6,7),(75,6,3,3),(75,6,8,10),(75,6,9,5),(75,7,8,11),(75,7,9,7),(75,8,11,5),(75,9,11,9),(75,9,15,13),(75,10,16,4),(75,11,2,7),(75,11,13,11),(75,12,6,5),(75,12,11,1),(75,13,0,1),(75,13,7,11),(75,14,16,1),(75,17,7,1),(75,17,15,1),(75,18,6,1),(75,18,16,4),(75,19,9,1),(75,19,12,2),(75,19,15,5),(75,19,16,9),(75,20,0,13),(75,20,2,5),(75,20,5,0),(75,20,9,11),(75,20,16,1);
/*!40000 ALTER TABLE `folliages` ENABLE KEYS */;
UNLOCK TABLES;

--
-- Table structure for table `fow_galaxy_entries`
--

DROP TABLE IF EXISTS `fow_galaxy_entries`;
/*!40101 SET @saved_cs_client     = @@character_set_client */;
/*!40101 SET character_set_client = utf8 */;
CREATE TABLE `fow_galaxy_entries` (
  `id` int(11) NOT NULL AUTO_INCREMENT,
  `galaxy_id` int(11) NOT NULL,
  `player_id` int(11) DEFAULT NULL,
  `alliance_id` int(11) DEFAULT NULL,
  `x` int(11) NOT NULL,
  `y` int(11) NOT NULL,
  `x_end` int(11) NOT NULL,
  `y_end` int(11) NOT NULL,
  `counter` tinyint(2) unsigned NOT NULL DEFAULT '1',
  PRIMARY KEY (`id`),
  UNIQUE KEY `player_visiblity` (`player_id`,`x`,`y`,`x_end`,`y_end`),
  UNIQUE KEY `alliance_visiblity` (`alliance_id`,`x`,`y`,`x_end`,`y_end`),
  KEY `lookup_players_by_coords` (`galaxy_id`,`x`,`x_end`,`y`,`y_end`),
  KEY `for_cleanup` (`counter`),
  CONSTRAINT `fow_galaxy_entries_ibfk_1` FOREIGN KEY (`galaxy_id`) REFERENCES `galaxies` (`id`) ON DELETE CASCADE
) ENGINE=InnoDB DEFAULT CHARSET=utf8;
/*!40101 SET character_set_client = @saved_cs_client */;

--
-- Dumping data for table `fow_galaxy_entries`
--

LOCK TABLES `fow_galaxy_entries` WRITE;
/*!40000 ALTER TABLE `fow_galaxy_entries` DISABLE KEYS */;
/*!40000 ALTER TABLE `fow_galaxy_entries` ENABLE KEYS */;
UNLOCK TABLES;

--
-- Table structure for table `fow_ss_entries`
--

DROP TABLE IF EXISTS `fow_ss_entries`;
/*!40101 SET @saved_cs_client     = @@character_set_client */;
/*!40101 SET character_set_client = utf8 */;
CREATE TABLE `fow_ss_entries` (
  `id` int(11) NOT NULL AUTO_INCREMENT,
  `solar_system_id` int(11) NOT NULL,
  `player_id` int(11) DEFAULT NULL,
  `counter` int(11) NOT NULL DEFAULT '0',
  `player_planets` tinyint(1) DEFAULT NULL,
  `player_ships` tinyint(1) DEFAULT NULL,
  `enemy_planets` tinyint(1) NOT NULL DEFAULT '0',
  `enemy_ships` tinyint(1) NOT NULL DEFAULT '0',
  `alliance_id` int(11) DEFAULT NULL,
  `alliance_planet_player_ids` text,
  `alliance_ship_player_ids` text,
  `nap_planets` tinyint(1) DEFAULT NULL,
  `nap_ships` tinyint(1) DEFAULT NULL,
  PRIMARY KEY (`id`),
  UNIQUE KEY `create_for_player` (`solar_system_id`,`player_id`),
  UNIQUE KEY `create_for_alliance` (`solar_system_id`,`alliance_id`),
  KEY `select_by_player` (`player_id`),
  KEY `select_by_alliance` (`alliance_id`),
  KEY `for_cleanup` (`counter`),
  CONSTRAINT `fow_ss_entries_ibfk_3` FOREIGN KEY (`alliance_id`) REFERENCES `alliances` (`id`) ON DELETE CASCADE,
  CONSTRAINT `fow_ss_entries_ibfk_1` FOREIGN KEY (`solar_system_id`) REFERENCES `solar_systems` (`id`) ON DELETE CASCADE,
  CONSTRAINT `fow_ss_entries_ibfk_2` FOREIGN KEY (`player_id`) REFERENCES `players` (`id`) ON DELETE CASCADE
) ENGINE=InnoDB AUTO_INCREMENT=2 DEFAULT CHARSET=utf8;
/*!40101 SET character_set_client = @saved_cs_client */;

--
-- Dumping data for table `fow_ss_entries`
--

LOCK TABLES `fow_ss_entries` WRITE;
/*!40000 ALTER TABLE `fow_ss_entries` DISABLE KEYS */;
INSERT INTO `fow_ss_entries` VALUES (1,6,1,1,1,0,0,0,NULL,NULL,NULL,NULL,NULL);
/*!40000 ALTER TABLE `fow_ss_entries` ENABLE KEYS */;
UNLOCK TABLES;

--
-- Table structure for table `galaxies`
--

DROP TABLE IF EXISTS `galaxies`;
/*!40101 SET @saved_cs_client     = @@character_set_client */;
/*!40101 SET character_set_client = utf8 */;
CREATE TABLE `galaxies` (
  `id` int(11) NOT NULL AUTO_INCREMENT,
  `created_at` datetime NOT NULL,
  `ruleset` varchar(30) NOT NULL DEFAULT '0',
  `callback_url` varchar(255) NOT NULL,
  PRIMARY KEY (`id`)
) ENGINE=InnoDB AUTO_INCREMENT=2 DEFAULT CHARSET=utf8;
/*!40101 SET character_set_client = @saved_cs_client */;

--
-- Dumping data for table `galaxies`
--

LOCK TABLES `galaxies` WRITE;
/*!40000 ALTER TABLE `galaxies` DISABLE KEYS */;
INSERT INTO `galaxies` VALUES (1,'2011-09-20 14:19:13','dev','localhost');
/*!40000 ALTER TABLE `galaxies` ENABLE KEYS */;
UNLOCK TABLES;

--
-- Table structure for table `market_offers`
--

DROP TABLE IF EXISTS `market_offers`;
/*!40101 SET @saved_cs_client     = @@character_set_client */;
/*!40101 SET character_set_client = utf8 */;
CREATE TABLE `market_offers` (
  `id` int(11) NOT NULL AUTO_INCREMENT,
  `galaxy_id` int(11) NOT NULL,
  `planet_id` int(10) DEFAULT NULL,
  `from_kind` tinyint(2) unsigned NOT NULL,
  `from_amount` int(10) unsigned NOT NULL,
  `to_kind` tinyint(2) unsigned NOT NULL,
  `to_rate` float unsigned NOT NULL,
  `created_at` datetime NOT NULL,
  PRIMARY KEY (`id`),
  KEY `galaxy foreign key` (`galaxy_id`),
  KEY `planet foreign key` (`planet_id`),
  KEY `avg. market value` (`from_kind`,`to_kind`),
  CONSTRAINT `market_offers_ibfk_1` FOREIGN KEY (`galaxy_id`) REFERENCES `galaxies` (`id`) ON DELETE CASCADE ON UPDATE CASCADE,
  CONSTRAINT `market_offers_ibfk_2` FOREIGN KEY (`planet_id`) REFERENCES `ss_objects` (`id`) ON DELETE CASCADE ON UPDATE CASCADE
) ENGINE=InnoDB DEFAULT CHARSET=utf8;
/*!40101 SET character_set_client = @saved_cs_client */;

--
-- Dumping data for table `market_offers`
--

LOCK TABLES `market_offers` WRITE;
/*!40000 ALTER TABLE `market_offers` DISABLE KEYS */;
/*!40000 ALTER TABLE `market_offers` ENABLE KEYS */;
UNLOCK TABLES;

--
-- Table structure for table `market_rates`
--

DROP TABLE IF EXISTS `market_rates`;
/*!40101 SET @saved_cs_client     = @@character_set_client */;
/*!40101 SET character_set_client = utf8 */;
CREATE TABLE `market_rates` (
  `id` int(11) NOT NULL AUTO_INCREMENT,
  `galaxy_id` int(11) NOT NULL,
  `from_kind` tinyint(2) unsigned NOT NULL,
  `to_kind` tinyint(2) unsigned NOT NULL,
  `from_amount` int(10) unsigned NOT NULL,
  `to_rate` float NOT NULL,
  PRIMARY KEY (`id`),
  KEY `lookup` (`galaxy_id`,`from_kind`,`to_kind`),
  CONSTRAINT `market_rates_ibfk_1` FOREIGN KEY (`galaxy_id`) REFERENCES `galaxies` (`id`) ON DELETE CASCADE ON UPDATE CASCADE
) ENGINE=InnoDB DEFAULT CHARSET=utf8;
/*!40101 SET character_set_client = @saved_cs_client */;

--
-- Dumping data for table `market_rates`
--

LOCK TABLES `market_rates` WRITE;
/*!40000 ALTER TABLE `market_rates` DISABLE KEYS */;
/*!40000 ALTER TABLE `market_rates` ENABLE KEYS */;
UNLOCK TABLES;

--
-- Table structure for table `naps`
--

DROP TABLE IF EXISTS `naps`;
/*!40101 SET @saved_cs_client     = @@character_set_client */;
/*!40101 SET character_set_client = utf8 */;
CREATE TABLE `naps` (
  `id` int(11) NOT NULL AUTO_INCREMENT,
  `initiator_id` int(11) NOT NULL,
  `acceptor_id` int(11) NOT NULL,
  `status` tinyint(2) unsigned NOT NULL DEFAULT '0',
  `created_at` datetime NOT NULL,
  `expires_at` datetime DEFAULT NULL,
  PRIMARY KEY (`id`),
  UNIQUE KEY `enforce_one_nap_per_pair` (`initiator_id`,`acceptor_id`),
  KEY `lookup_naps_for_alliance_1st` (`initiator_id`,`status`),
  KEY `lookup_naps_for_alliance_2nd` (`acceptor_id`,`status`),
  CONSTRAINT `naps_ibfk_2` FOREIGN KEY (`acceptor_id`) REFERENCES `alliances` (`id`) ON DELETE CASCADE,
  CONSTRAINT `naps_ibfk_1` FOREIGN KEY (`initiator_id`) REFERENCES `alliances` (`id`) ON DELETE CASCADE
) ENGINE=InnoDB DEFAULT CHARSET=utf8;
/*!40101 SET character_set_client = @saved_cs_client */;

--
-- Dumping data for table `naps`
--

LOCK TABLES `naps` WRITE;
/*!40000 ALTER TABLE `naps` DISABLE KEYS */;
/*!40000 ALTER TABLE `naps` ENABLE KEYS */;
UNLOCK TABLES;

--
-- Table structure for table `notifications`
--

DROP TABLE IF EXISTS `notifications`;
/*!40101 SET @saved_cs_client     = @@character_set_client */;
/*!40101 SET character_set_client = utf8 */;
CREATE TABLE `notifications` (
  `id` int(11) NOT NULL AUTO_INCREMENT,
  `player_id` int(11) NOT NULL,
  `created_at` datetime NOT NULL,
  `expires_at` datetime NOT NULL,
  `event` tinyint(2) unsigned NOT NULL,
  `params` text,
  `starred` tinyint(1) NOT NULL DEFAULT '0',
  `read` tinyint(1) NOT NULL DEFAULT '0',
  PRIMARY KEY (`id`),
  KEY `order` (`read`,`created_at`),
  KEY `player_with_event` (`player_id`,`event`),
  CONSTRAINT `notifications_ibfk_1` FOREIGN KEY (`player_id`) REFERENCES `players` (`id`) ON DELETE CASCADE
) ENGINE=InnoDB DEFAULT CHARSET=utf8;
/*!40101 SET character_set_client = @saved_cs_client */;

--
-- Dumping data for table `notifications`
--

LOCK TABLES `notifications` WRITE;
/*!40000 ALTER TABLE `notifications` DISABLE KEYS */;
/*!40000 ALTER TABLE `notifications` ENABLE KEYS */;
UNLOCK TABLES;

--
-- Table structure for table `objective_progresses`
--

DROP TABLE IF EXISTS `objective_progresses`;
/*!40101 SET @saved_cs_client     = @@character_set_client */;
/*!40101 SET character_set_client = utf8 */;
CREATE TABLE `objective_progresses` (
  `id` int(11) NOT NULL AUTO_INCREMENT,
  `objective_id` int(11) DEFAULT NULL,
  `player_id` int(11) DEFAULT NULL,
  `completed` int(10) unsigned NOT NULL DEFAULT '0',
  PRIMARY KEY (`id`),
  KEY `objective_fk` (`objective_id`),
  KEY `player_fk` (`player_id`),
  CONSTRAINT `objective_progresses_ibfk_1` FOREIGN KEY (`objective_id`) REFERENCES `objectives` (`id`) ON DELETE CASCADE,
  CONSTRAINT `objective_progresses_ibfk_2` FOREIGN KEY (`player_id`) REFERENCES `players` (`id`) ON DELETE CASCADE
) ENGINE=InnoDB AUTO_INCREMENT=122 DEFAULT CHARSET=utf8;
/*!40101 SET character_set_client = @saved_cs_client */;

--
-- Dumping data for table `objective_progresses`
--

LOCK TABLES `objective_progresses` WRITE;
/*!40000 ALTER TABLE `objective_progresses` DISABLE KEYS */;
INSERT INTO `objective_progresses` VALUES (1,1,1,0),(2,127,1,0),(3,128,1,0),(4,129,1,0),(5,130,1,0),(6,131,1,0),(7,132,1,0),(8,133,1,0),(9,134,1,0),(10,135,1,0),(11,136,1,0),(12,137,1,0),(13,138,1,0),(14,139,1,0),(15,140,1,0),(16,141,1,0),(17,142,1,0),(18,143,1,0),(19,144,1,0),(20,145,1,0),(21,146,1,0),(22,147,1,0),(23,148,1,0),(24,149,1,0),(25,150,1,0),(26,151,1,0),(27,152,1,0),(28,153,1,0),(29,154,1,0),(30,155,1,0),(31,156,1,0),(32,157,1,0),(33,158,1,0),(34,159,1,0),(35,160,1,0),(36,161,1,0),(37,162,1,0),(38,163,1,0),(39,164,1,0),(40,165,1,0),(41,166,1,0),(42,167,1,0),(43,168,1,0),(44,169,1,0),(45,170,1,0),(46,171,1,0),(47,172,1,0),(48,173,1,0),(49,174,1,0),(50,175,1,0),(51,176,1,0),(52,177,1,0),(53,178,1,0),(54,179,1,0),(55,180,1,0),(56,181,1,0),(57,182,1,0),(58,183,1,0),(59,184,1,0),(60,185,1,0),(61,186,1,0),(62,187,1,0),(63,188,1,0),(64,189,1,0),(65,190,1,0),(66,191,1,0),(67,192,1,0),(68,193,1,0),(69,194,1,0),(70,195,1,0),(71,196,1,0),(72,197,1,0),(73,198,1,0),(74,199,1,0),(75,200,1,0),(76,201,1,0),(77,202,1,0),(78,203,1,0),(79,204,1,0),(80,205,1,0),(81,206,1,0),(82,207,1,0),(83,208,1,0),(84,209,1,0),(85,210,1,0),(86,211,1,0),(87,212,1,0),(88,213,1,0),(89,214,1,0),(90,215,1,0),(91,216,1,0),(92,217,1,0),(93,218,1,0),(94,219,1,0),(95,220,1,0),(96,221,1,0),(97,222,1,0),(98,223,1,0),(99,224,1,0),(100,225,1,0),(101,226,1,0),(102,227,1,0),(103,228,1,0),(104,229,1,0),(105,230,1,0),(106,231,1,0),(107,232,1,0),(108,233,1,0),(109,234,1,0),(110,235,1,0),(111,236,1,0),(112,237,1,0),(113,238,1,0),(114,239,1,0),(115,240,1,0),(116,241,1,0),(117,242,1,0),(118,243,1,0),(119,244,1,0),(120,245,1,0),(121,246,1,0);
/*!40000 ALTER TABLE `objective_progresses` ENABLE KEYS */;
UNLOCK TABLES;

--
-- Table structure for table `objectives`
--

DROP TABLE IF EXISTS `objectives`;
/*!40101 SET @saved_cs_client     = @@character_set_client */;
/*!40101 SET character_set_client = utf8 */;
CREATE TABLE `objectives` (
  `id` int(11) NOT NULL AUTO_INCREMENT,
  `quest_id` int(11) NOT NULL,
  `type` varchar(255) NOT NULL,
  `key` varchar(255) DEFAULT NULL,
  `count` int(10) unsigned NOT NULL DEFAULT '1',
  `level` tinyint(2) unsigned DEFAULT NULL,
  `alliance` tinyint(1) NOT NULL DEFAULT '0',
  `npc` tinyint(1) NOT NULL DEFAULT '0',
  `limit` int(10) unsigned DEFAULT NULL,
  `outcome` tinyint(2) DEFAULT NULL,
  PRIMARY KEY (`id`),
  KEY `quest_objectives` (`quest_id`),
  KEY `on_progress` (`type`,`key`),
  CONSTRAINT `objectives_ibfk_1` FOREIGN KEY (`quest_id`) REFERENCES `quests` (`id`) ON DELETE CASCADE
) ENGINE=InnoDB AUTO_INCREMENT=247 DEFAULT CHARSET=utf8;
/*!40101 SET character_set_client = @saved_cs_client */;

--
-- Dumping data for table `objectives`
--

LOCK TABLES `objectives` WRITE;
/*!40000 ALTER TABLE `objectives` DISABLE KEYS */;
INSERT INTO `objectives` VALUES (1,1,'HaveUpgradedTo','Building::CollectorT1',1,1,0,0,NULL,NULL),(2,2,'HaveUpgradedTo','Building::MetalExtractor',1,1,0,0,NULL,NULL),(3,3,'HaveUpgradedTo','Building::CollectorT1',2,1,0,0,NULL,NULL),(4,3,'HaveUpgradedTo','Building::MetalExtractor',2,1,0,0,NULL,NULL),(5,22,'ExploreBlock','ExploreBlock',1,NULL,0,0,9,NULL),(6,23,'ExploreBlock','ExploreBlock',10,NULL,0,0,9,NULL),(7,4,'HaveUpgradedTo','Building::CollectorT1',2,3,0,0,NULL,NULL),(8,4,'HaveUpgradedTo','Building::MetalExtractor',2,3,0,0,NULL,NULL),(9,5,'HaveUpgradedTo','Building::CollectorT1',2,4,0,0,NULL,NULL),(10,5,'HaveUpgradedTo','Building::MetalExtractor',2,4,0,0,NULL,NULL),(11,6,'HaveUpgradedTo','Building::Barracks',1,1,0,0,NULL,NULL),(12,7,'HaveUpgradedTo','Unit::Trooper',8,1,0,0,NULL,NULL),(13,80,'HaveWarPoints','Player',1,NULL,0,0,2000,NULL),(14,81,'HaveWarPoints','Player',1,NULL,0,0,2800,NULL),(15,82,'HaveWarPoints','Player',1,NULL,0,0,3920,NULL),(16,83,'HaveWarPoints','Player',1,NULL,0,0,5488,NULL),(17,84,'HaveWarPoints','Player',1,NULL,0,0,7684,NULL),(18,85,'HaveWarPoints','Player',1,NULL,0,0,10000,NULL),(19,86,'HaveWarPoints','Player',1,NULL,0,0,13701,NULL),(20,87,'HaveWarPoints','Player',1,NULL,0,0,18770,NULL),(21,88,'HaveWarPoints','Player',1,NULL,0,0,25714,NULL),(22,89,'HaveWarPoints','Player',1,NULL,0,0,35228,NULL),(23,90,'HaveWarPoints','Player',1,NULL,0,0,48262,NULL),(24,91,'HaveWarPoints','Player',1,NULL,0,0,66119,NULL),(25,92,'HaveWarPoints','Player',1,NULL,0,0,90583,NULL),(26,93,'HaveWarPoints','Player',1,NULL,0,0,124098,NULL),(27,94,'HaveWarPoints','Player',1,NULL,0,0,170015,NULL),(28,106,'HaveWarPoints','Player',1,NULL,0,0,200000,NULL),(29,107,'HaveWarPoints','Player',1,NULL,0,0,230000,NULL),(30,108,'HaveWarPoints','Player',1,NULL,0,0,264500,NULL),(31,109,'HaveWarPoints','Player',1,NULL,0,0,304175,NULL),(32,110,'HaveWarPoints','Player',1,NULL,0,0,349802,NULL),(33,111,'HaveWarPoints','Player',1,NULL,0,0,402272,NULL),(34,112,'HaveWarPoints','Player',1,NULL,0,0,462613,NULL),(35,113,'HaveWarPoints','Player',1,NULL,0,0,532004,NULL),(36,114,'HaveWarPoints','Player',1,NULL,0,0,611805,NULL),(37,115,'HaveWarPoints','Player',1,NULL,0,0,703576,NULL),(38,8,'DestroyNpcBuilding','Building::NpcMetalExtractor',1,1,0,0,NULL,NULL),(39,32,'HaveUpgradedTo','Building::MetalExtractor',3,4,0,0,NULL,NULL),(40,9,'HaveUpgradedTo','Building::MetalExtractor',1,7,0,0,NULL,NULL),(41,10,'HaveUpgradedTo','Building::CollectorT1',1,7,0,0,NULL,NULL),(42,116,'BecomeVip','Vip',1,1,0,0,NULL,NULL),(43,117,'Accelerate','Building',1,NULL,0,0,NULL,NULL),(44,11,'HaveUpgradedTo','Building::ResearchCenter',1,1,0,0,NULL,NULL),(45,24,'ExploreBlock','ExploreBlock',5,NULL,0,0,12,NULL),(46,25,'ExploreBlock','ExploreBlock',5,NULL,0,0,16,NULL),(47,26,'ExploreBlock','ExploreBlock',10,NULL,0,0,36,NULL),(48,12,'HaveUpgradedTo','Unit::Seeker',3,1,0,0,NULL,NULL),(49,13,'HaveUpgradedTo','Unit::Trooper',4,2,0,0,NULL,NULL),(50,72,'HaveSciencePoints','Player',1,NULL,0,0,2500,NULL),(51,73,'HaveSciencePoints','Player',1,NULL,0,0,5000,NULL),(52,74,'HaveSciencePoints','Player',1,NULL,0,0,10000,NULL),(53,75,'HaveSciencePoints','Player',1,NULL,0,0,25000,NULL),(54,76,'HaveSciencePoints','Player',1,NULL,0,0,50000,NULL),(55,77,'HaveSciencePoints','Player',1,NULL,0,0,100000,NULL),(56,78,'HaveSciencePoints','Player',1,NULL,0,0,150000,NULL),(57,79,'HaveSciencePoints','Player',1,NULL,0,0,200000,NULL),(58,118,'HaveUpgradedTo','Technology::Market',1,1,0,0,NULL,NULL),(59,118,'HaveUpgradedTo','Building::Market',1,1,0,0,NULL,NULL),(60,27,'DestroyNpcBuilding','Building::NpcZetiumExtractor',1,1,0,0,NULL,NULL),(61,66,'HaveArmyPoints','Player',1,NULL,0,0,500,NULL),(62,67,'HaveArmyPoints','Player',1,NULL,0,0,850,NULL),(63,68,'HaveArmyPoints','Player',1,NULL,0,0,1445,NULL),(64,69,'HaveArmyPoints','Player',1,NULL,0,0,2457,NULL),(65,70,'HaveArmyPoints','Player',1,NULL,0,0,5000,NULL),(66,71,'HaveArmyPoints','Player',1,NULL,0,0,8500,NULL),(67,95,'HaveArmyPoints','Player',1,NULL,0,0,15000,NULL),(68,96,'HaveArmyPoints','Player',1,NULL,0,0,21000,NULL),(69,97,'HaveArmyPoints','Player',1,NULL,0,0,29400,NULL),(70,98,'HaveArmyPoints','Player',1,NULL,0,0,41160,NULL),(71,99,'HaveArmyPoints','Player',1,NULL,0,0,57624,NULL),(72,100,'HaveArmyPoints','Player',1,NULL,0,0,80674,NULL),(73,101,'HaveArmyPoints','Player',1,NULL,0,0,112944,NULL),(74,102,'HaveArmyPoints','Player',1,NULL,0,0,158121,NULL),(75,14,'HaveUpgradedTo','Technology::ZetiumExtraction',1,1,0,0,NULL,NULL),(76,15,'HaveUpgradedTo','Building::ZetiumExtractor',1,1,0,0,NULL,NULL),(77,121,'HaveUpgradedTo','Building::Housing',1,1,0,0,NULL,NULL),(78,16,'HavePoints','Player',1,NULL,0,0,15000,NULL),(79,28,'HavePoints','Player',1,NULL,0,0,30000,NULL),(80,29,'HavePoints','Player',1,NULL,0,0,60000,NULL),(81,30,'HavePoints','Player',1,NULL,0,0,80000,NULL),(82,33,'HavePoints','Player',1,NULL,0,0,150000,NULL),(83,64,'HavePoints','Player',1,NULL,0,0,350000,NULL),(84,17,'HaveUpgradedTo','Building::MetalStorage',1,2,0,0,NULL,NULL),(85,17,'HaveUpgradedTo','Building::EnergyStorage',1,1,0,0,NULL,NULL),(86,17,'HaveUpgradedTo','Building::ZetiumStorage',1,1,0,0,NULL,NULL),(87,18,'HaveUpgradedTo','Technology::SpaceFactory',1,1,0,0,NULL,NULL),(88,19,'HaveUpgradedTo','Building::SpaceFactory',1,1,0,0,NULL,NULL),(89,31,'HaveUpgradedTo','Unit::Crow',5,1,0,0,NULL,NULL),(90,119,'Destroy','Unit::Dirac',4,1,0,0,NULL,NULL),(91,120,'HaveUpgradedTo','Unit::Mule',1,1,0,0,NULL,NULL),(92,35,'Destroy','Unit::Dirac',14,1,0,0,NULL,NULL),(93,36,'Destroy','Unit::Thor',10,1,0,0,NULL,NULL),(94,37,'Destroy','Unit::Demosis',6,1,0,0,NULL,NULL),(95,20,'HavePlanets','SsObject::Planet',2,NULL,0,0,NULL,NULL),(96,21,'UpgradeTo','Building::Headquarters',1,1,0,0,NULL,NULL),(97,34,'HaveUpgradedTo','Building::Radar',1,1,0,0,NULL,NULL),(98,38,'HavePlanets','SsObject::Planet',3,NULL,0,0,NULL,NULL),(99,39,'HavePlanets','SsObject::Planet',4,NULL,0,0,NULL,NULL),(100,40,'HavePlanets','SsObject::Planet',5,NULL,0,0,NULL,NULL),(101,41,'HavePlanets','SsObject::Planet',6,NULL,0,0,NULL,NULL),(102,42,'HavePlanets','SsObject::Planet',7,NULL,0,0,NULL,NULL),(103,43,'Destroy','Unit::Mule',2,1,0,0,NULL,NULL),(104,44,'Destroy','Unit::Crow',6,1,0,0,NULL,NULL),(105,45,'Destroy','Unit::Cyrix',4,1,0,0,NULL,NULL),(106,46,'Destroy','Unit::Cyrix',10,1,0,0,NULL,NULL),(107,47,'Destroy','Unit::Avenger',6,1,0,0,NULL,NULL),(108,48,'Destroy','Unit::Avenger',15,1,0,0,NULL,NULL),(109,49,'Destroy','Unit::Dart',6,1,0,0,NULL,NULL),(110,50,'Destroy','Unit::Dart',15,1,0,0,NULL,NULL),(111,51,'Destroy','Unit::Rhyno',1,1,0,0,NULL,NULL),(112,52,'Destroy','Unit::Rhyno',4,1,0,0,NULL,NULL),(113,53,'Destroy','Unit::Trooper',10,1,0,0,NULL,NULL),(114,53,'Destroy','Unit::Shocker',5,1,0,0,NULL,NULL),(115,53,'Destroy','Unit::Seeker',8,1,0,0,NULL,NULL),(116,54,'Destroy','Unit::Scorpion',15,1,0,0,NULL,NULL),(117,54,'Destroy','Unit::Azure',5,1,0,0,NULL,NULL),(118,55,'Destroy','Building::Vulcan',2,1,0,0,NULL,NULL),(119,56,'Destroy','Building::Vulcan',6,1,0,0,NULL,NULL),(120,57,'Destroy','Building::Vulcan',10,1,0,0,NULL,NULL),(121,58,'Destroy','Building::Screamer',2,1,0,0,NULL,NULL),(122,59,'Destroy','Building::Screamer',6,1,0,0,NULL,NULL),(123,60,'Destroy','Building::Screamer',10,1,0,0,NULL,NULL),(124,61,'Destroy','Building::Thunder',2,1,0,0,NULL,NULL),(125,62,'Destroy','Building::Thunder',6,1,0,0,NULL,NULL),(126,63,'Destroy','Building::Thunder',10,1,0,0,NULL,NULL),(127,10000,'ExploreBlock','ExploreBlock',50,NULL,0,0,NULL,NULL),(128,10001,'ExploreBlock','ExploreBlock',100,NULL,0,0,NULL,NULL),(129,10002,'ExploreBlock','ExploreBlock',250,NULL,0,0,NULL,NULL),(130,10003,'ExploreBlock','ExploreBlock',500,NULL,0,0,NULL,NULL),(131,10004,'ExploreBlock','ExploreBlock',1000,NULL,0,0,NULL,NULL),(132,10005,'ExploreBlock','ExploreBlock',2500,NULL,0,0,NULL,NULL),(133,10020,'Destroy','Unit',100,1,0,0,NULL,NULL),(134,10021,'Destroy','Unit',250,1,0,0,NULL,NULL),(135,10022,'Destroy','Unit',500,1,0,0,NULL,NULL),(136,10023,'Destroy','Unit',1000,1,0,0,NULL,NULL),(137,10024,'Destroy','Unit',2500,1,0,0,NULL,NULL),(138,10025,'Destroy','Unit',5000,1,0,0,NULL,NULL),(139,10026,'Destroy','Unit',10000,1,0,0,NULL,NULL),(140,10027,'Destroy','Unit',25000,1,0,0,NULL,NULL),(141,10040,'Destroy','Building',10,1,0,0,NULL,NULL),(142,10041,'Destroy','Building',25,1,0,0,NULL,NULL),(143,10042,'Destroy','Building',50,1,0,0,NULL,NULL),(144,10043,'Destroy','Building',100,1,0,0,NULL,NULL),(145,10044,'Destroy','Building',250,1,0,0,NULL,NULL),(146,10045,'Destroy','Building',500,1,0,0,NULL,NULL),(147,10060,'SelfDestruct','Building',5,NULL,0,0,NULL,NULL),(148,10061,'SelfDestruct','Building',10,NULL,0,0,NULL,NULL),(149,10062,'SelfDestruct','Building',25,NULL,0,0,NULL,NULL),(150,10063,'SelfDestruct','Building',50,NULL,0,0,NULL,NULL),(151,10064,'SelfDestruct','Building',75,NULL,0,0,NULL,NULL),(152,10065,'SelfDestruct','Building',100,NULL,0,0,NULL,NULL),(153,10080,'AccelerateFlight','',5,NULL,0,0,NULL,NULL),(154,10081,'AccelerateFlight','',10,NULL,0,0,NULL,NULL),(155,10082,'AccelerateFlight','',25,NULL,0,0,NULL,NULL),(156,10083,'AccelerateFlight','',50,NULL,0,0,NULL,NULL),(157,10084,'AccelerateFlight','',75,NULL,0,0,NULL,NULL),(158,10085,'AccelerateFlight','',100,NULL,0,0,NULL,NULL),(159,10100,'UpgradeTo','Unit',100,1,0,0,NULL,NULL),(160,10101,'UpgradeTo','Unit',250,1,0,0,NULL,NULL),(161,10102,'UpgradeTo','Unit',500,1,0,0,NULL,NULL),(162,10103,'UpgradeTo','Unit',1000,1,0,0,NULL,NULL),(163,10104,'UpgradeTo','Unit',2500,1,0,0,NULL,NULL),(164,10105,'UpgradeTo','Unit',5000,1,0,0,NULL,NULL),(165,10106,'UpgradeTo','Unit',10000,1,0,0,NULL,NULL),(166,10120,'UpgradeTo','Building',50,1,0,0,NULL,NULL),(167,10121,'UpgradeTo','Building',100,1,0,0,NULL,NULL),(168,10122,'UpgradeTo','Building',200,1,0,0,NULL,NULL),(169,10123,'UpgradeTo','Building',500,1,0,0,NULL,NULL),(170,10124,'UpgradeTo','Building',1000,1,0,0,NULL,NULL),(171,10140,'HaveUpgradedTo','Technology',5,1,0,0,NULL,NULL),(172,10141,'HaveUpgradedTo','Technology',10,1,0,0,NULL,NULL),(173,10142,'HaveUpgradedTo','Technology',15,1,0,0,NULL,NULL),(174,10143,'HaveUpgradedTo','Technology',20,1,0,0,NULL,NULL),(175,10144,'HaveUpgradedTo','Technology',25,1,0,0,NULL,NULL),(176,10160,'Accelerate','Unit',5,NULL,0,0,NULL,NULL),(177,10161,'Accelerate','Unit',15,NULL,0,0,NULL,NULL),(178,10162,'Accelerate','Unit',25,NULL,0,0,NULL,NULL),(179,10163,'Accelerate','Unit',50,NULL,0,0,NULL,NULL),(180,10164,'Accelerate','Unit',100,NULL,0,0,NULL,NULL),(181,10165,'Accelerate','Unit',150,NULL,0,0,NULL,NULL),(182,10166,'Accelerate','Unit',200,NULL,0,0,NULL,NULL),(183,10180,'Accelerate','Building',5,NULL,0,0,NULL,NULL),(184,10181,'Accelerate','Building',15,NULL,0,0,NULL,NULL),(185,10182,'Accelerate','Building',25,NULL,0,0,NULL,NULL),(186,10183,'Accelerate','Building',50,NULL,0,0,NULL,NULL),(187,10184,'Accelerate','Building',100,NULL,0,0,NULL,NULL),(188,10185,'Accelerate','Building',150,NULL,0,0,NULL,NULL),(189,10186,'Accelerate','Building',200,NULL,0,0,NULL,NULL),(190,10200,'Accelerate','Technology',5,NULL,0,0,NULL,NULL),(191,10201,'Accelerate','Technology',10,NULL,0,0,NULL,NULL),(192,10202,'Accelerate','Technology',15,NULL,0,0,NULL,NULL),(193,10203,'Accelerate','Technology',20,NULL,0,0,NULL,NULL),(194,10204,'Accelerate','Technology',25,NULL,0,0,NULL,NULL),(195,10220,'BecomeVip','Vip',4,1,0,0,NULL,NULL),(196,10221,'BecomeVip','Vip',8,1,0,0,NULL,NULL),(197,10222,'BecomeVip','Vip',12,1,0,0,NULL,NULL),(198,10223,'BecomeVip','Vip',16,1,0,0,NULL,NULL),(199,10224,'BecomeVip','Vip',20,1,0,0,NULL,NULL),(200,10240,'BecomeVip','Vip',2,2,0,0,NULL,NULL),(201,10241,'BecomeVip','Vip',4,2,0,0,NULL,NULL),(202,10242,'BecomeVip','Vip',6,2,0,0,NULL,NULL),(203,10243,'BecomeVip','Vip',8,2,0,0,NULL,NULL),(204,10244,'BecomeVip','Vip',10,2,0,0,NULL,NULL),(205,10260,'BecomeVip','Vip',1,3,0,0,NULL,NULL),(206,10261,'BecomeVip','Vip',2,3,0,0,NULL,NULL),(207,10262,'BecomeVip','Vip',3,3,0,0,NULL,NULL),(208,10263,'BecomeVip','Vip',4,3,0,0,NULL,NULL),(209,10264,'BecomeVip','Vip',5,3,0,0,NULL,NULL),(210,10280,'UpgradeTo','Building::Radar',1,1,0,0,NULL,NULL),(211,10281,'UpgradeTo','Building::Radar',2,1,0,0,NULL,NULL),(212,10282,'UpgradeTo','Building::Radar',3,1,0,0,NULL,NULL),(213,10283,'UpgradeTo','Building::Radar',4,1,0,0,NULL,NULL),(214,10284,'UpgradeTo','Building::Radar',5,1,0,0,NULL,NULL),(215,10290,'UpgradeTo','Building::Radar',1,2,0,0,NULL,NULL),(216,10291,'UpgradeTo','Building::Radar',2,2,0,0,NULL,NULL),(217,10292,'UpgradeTo','Building::Radar',3,2,0,0,NULL,NULL),(218,10300,'CompleteQuests','',25,NULL,0,0,NULL,NULL),(219,10301,'CompleteQuests','',50,NULL,0,0,NULL,NULL),(220,10302,'CompleteQuests','',100,NULL,0,0,NULL,NULL),(221,10320,'CompleteAchievements','',25,NULL,0,0,NULL,NULL),(222,10321,'CompleteAchievements','',50,NULL,0,0,NULL,NULL),(223,10322,'CompleteAchievements','',100,NULL,0,0,NULL,NULL),(224,10340,'Battle','',50,NULL,0,0,NULL,0),(225,10341,'Battle','',100,NULL,0,0,NULL,0),(226,10342,'Battle','',150,NULL,0,0,NULL,0),(227,10343,'Battle','',200,NULL,0,0,NULL,0),(228,10344,'Battle','',500,NULL,0,0,NULL,0),(229,10360,'Battle','',50,NULL,0,0,NULL,1),(230,10361,'Battle','',100,NULL,0,0,NULL,1),(231,10362,'Battle','',150,NULL,0,0,NULL,1),(232,10363,'Battle','',200,NULL,0,0,NULL,1),(233,10364,'Battle','',500,NULL,0,0,NULL,1),(234,10380,'MoveBuilding','Building',5,NULL,0,0,NULL,NULL),(235,10381,'MoveBuilding','Building',10,NULL,0,0,NULL,NULL),(236,10382,'MoveBuilding','Building',25,NULL,0,0,NULL,NULL),(237,10383,'MoveBuilding','Building',50,NULL,0,0,NULL,NULL),(238,10384,'MoveBuilding','Building',75,NULL,0,0,NULL,NULL),(239,10385,'MoveBuilding','Building',100,NULL,0,0,NULL,NULL),(240,10400,'HealHp','',25000,NULL,0,0,NULL,NULL),(241,10401,'HealHp','',50000,NULL,0,0,NULL,NULL),(242,10402,'HealHp','',100000,NULL,0,0,NULL,NULL),(243,10403,'HealHp','',250000,NULL,0,0,NULL,NULL),(244,10404,'HealHp','',500000,NULL,0,0,NULL,NULL),(245,10405,'HealHp','',1000000,NULL,0,0,NULL,NULL),(246,10406,'HealHp','',2000000,NULL,0,0,NULL,NULL);
/*!40000 ALTER TABLE `objectives` ENABLE KEYS */;
UNLOCK TABLES;

--
-- Table structure for table `players`
--

DROP TABLE IF EXISTS `players`;
/*!40101 SET @saved_cs_client     = @@character_set_client */;
/*!40101 SET character_set_client = utf8 */;
CREATE TABLE `players` (
  `id` int(11) NOT NULL AUTO_INCREMENT,
  `galaxy_id` int(11) NOT NULL,
  `web_user_id` int(10) unsigned NOT NULL,
  `name` varchar(64) NOT NULL,
  `scientists` int(10) unsigned NOT NULL DEFAULT '0',
  `scientists_total` int(10) unsigned NOT NULL DEFAULT '0',
  `alliance_id` int(11) DEFAULT NULL,
  `xp` int(10) unsigned NOT NULL DEFAULT '0',
  `war_points` int(10) unsigned NOT NULL DEFAULT '0',
  `first_time` tinyint(1) NOT NULL DEFAULT '1',
  `army_points` int(10) unsigned NOT NULL DEFAULT '0',
  `science_points` int(10) unsigned NOT NULL DEFAULT '0',
  `economy_points` int(10) unsigned NOT NULL DEFAULT '0',
  `planets_count` tinyint(2) unsigned NOT NULL,
  `last_login` datetime DEFAULT NULL,
  `victory_points` mediumint(8) unsigned NOT NULL DEFAULT '0',
  `language` char(2) NOT NULL DEFAULT 'en',
  `population` mediumint(8) unsigned NOT NULL DEFAULT '0',
  `population_cap` mediumint(8) unsigned NOT NULL,
  `alliance_cooldown_ends_at` datetime DEFAULT NULL,
  `vip_level` tinyint(2) unsigned NOT NULL DEFAULT '0',
  `vip_creds` int(10) unsigned NOT NULL DEFAULT '0',
  `vip_until` datetime DEFAULT NULL,
  `vip_creds_until` datetime DEFAULT NULL,
  `daily_bonus_at` datetime DEFAULT NULL,
  `alliance_vps` int(10) unsigned NOT NULL DEFAULT '0',
  `pure_creds` int(10) unsigned NOT NULL DEFAULT '0',
  `free_creds` int(10) unsigned NOT NULL DEFAULT '0',
  `vip_free` tinyint(1) DEFAULT '0',
  PRIMARY KEY (`id`),
  UNIQUE KEY `authentication` (`galaxy_id`,`web_user_id`),
  KEY `index_players_on_alliance_id` (`alliance_id`),
  KEY `last_login` (`last_login`),
  CONSTRAINT `players_ibfk_1` FOREIGN KEY (`galaxy_id`) REFERENCES `galaxies` (`id`) ON DELETE CASCADE,
  CONSTRAINT `players_ibfk_2` FOREIGN KEY (`alliance_id`) REFERENCES `alliances` (`id`) ON DELETE SET NULL
) ENGINE=InnoDB AUTO_INCREMENT=2 DEFAULT CHARSET=utf8;
/*!40101 SET character_set_client = @saved_cs_client */;

--
-- Dumping data for table `players`
--

LOCK TABLES `players` WRITE;
/*!40000 ALTER TABLE `players` DISABLE KEYS */;
INSERT INTO `players` VALUES (1,1,0,'Test Player',18,18,NULL,0,0,1,0,0,0,1,NULL,0,'en',0,110,NULL,0,0,NULL,NULL,NULL,0,0,0,0);
/*!40000 ALTER TABLE `players` ENABLE KEYS */;
UNLOCK TABLES;

--
-- Table structure for table `quest_progresses`
--

DROP TABLE IF EXISTS `quest_progresses`;
/*!40101 SET @saved_cs_client     = @@character_set_client */;
/*!40101 SET character_set_client = utf8 */;
CREATE TABLE `quest_progresses` (
  `id` int(11) NOT NULL AUTO_INCREMENT,
  `quest_id` int(11) NOT NULL,
  `player_id` int(11) NOT NULL,
  `status` tinyint(2) unsigned NOT NULL,
  `completed` tinyint(2) unsigned NOT NULL DEFAULT '0',
  PRIMARY KEY (`id`),
  UNIQUE KEY `on_objective_complete` (`quest_id`,`player_id`),
  KEY `listing` (`player_id`,`status`),
  CONSTRAINT `quest_progresses_ibfk_2` FOREIGN KEY (`player_id`) REFERENCES `players` (`id`) ON DELETE CASCADE,
  CONSTRAINT `quest_progresses_ibfk_1` FOREIGN KEY (`quest_id`) REFERENCES `quests` (`id`) ON DELETE CASCADE
) ENGINE=InnoDB AUTO_INCREMENT=122 DEFAULT CHARSET=utf8;
/*!40101 SET character_set_client = @saved_cs_client */;

--
-- Dumping data for table `quest_progresses`
--

LOCK TABLES `quest_progresses` WRITE;
/*!40000 ALTER TABLE `quest_progresses` DISABLE KEYS */;
INSERT INTO `quest_progresses` VALUES (1,1,1,0,0),(2,10000,1,0,0),(3,10001,1,0,0),(4,10002,1,0,0),(5,10003,1,0,0),(6,10004,1,0,0),(7,10005,1,0,0),(8,10020,1,0,0),(9,10021,1,0,0),(10,10022,1,0,0),(11,10023,1,0,0),(12,10024,1,0,0),(13,10025,1,0,0),(14,10026,1,0,0),(15,10027,1,0,0),(16,10040,1,0,0),(17,10041,1,0,0),(18,10042,1,0,0),(19,10043,1,0,0),(20,10044,1,0,0),(21,10045,1,0,0),(22,10060,1,0,0),(23,10061,1,0,0),(24,10062,1,0,0),(25,10063,1,0,0),(26,10064,1,0,0),(27,10065,1,0,0),(28,10080,1,0,0),(29,10081,1,0,0),(30,10082,1,0,0),(31,10083,1,0,0),(32,10084,1,0,0),(33,10085,1,0,0),(34,10100,1,0,0),(35,10101,1,0,0),(36,10102,1,0,0),(37,10103,1,0,0),(38,10104,1,0,0),(39,10105,1,0,0),(40,10106,1,0,0),(41,10120,1,0,0),(42,10121,1,0,0),(43,10122,1,0,0),(44,10123,1,0,0),(45,10124,1,0,0),(46,10140,1,0,0),(47,10141,1,0,0),(48,10142,1,0,0),(49,10143,1,0,0),(50,10144,1,0,0),(51,10160,1,0,0),(52,10161,1,0,0),(53,10162,1,0,0),(54,10163,1,0,0),(55,10164,1,0,0),(56,10165,1,0,0),(57,10166,1,0,0),(58,10180,1,0,0),(59,10181,1,0,0),(60,10182,1,0,0),(61,10183,1,0,0),(62,10184,1,0,0),(63,10185,1,0,0),(64,10186,1,0,0),(65,10200,1,0,0),(66,10201,1,0,0),(67,10202,1,0,0),(68,10203,1,0,0),(69,10204,1,0,0),(70,10220,1,0,0),(71,10221,1,0,0),(72,10222,1,0,0),(73,10223,1,0,0),(74,10224,1,0,0),(75,10240,1,0,0),(76,10241,1,0,0),(77,10242,1,0,0),(78,10243,1,0,0),(79,10244,1,0,0),(80,10260,1,0,0),(81,10261,1,0,0),(82,10262,1,0,0),(83,10263,1,0,0),(84,10264,1,0,0),(85,10280,1,0,0),(86,10281,1,0,0),(87,10282,1,0,0),(88,10283,1,0,0),(89,10284,1,0,0),(90,10290,1,0,0),(91,10291,1,0,0),(92,10292,1,0,0),(93,10300,1,0,0),(94,10301,1,0,0),(95,10302,1,0,0),(96,10320,1,0,0),(97,10321,1,0,0),(98,10322,1,0,0),(99,10340,1,0,0),(100,10341,1,0,0),(101,10342,1,0,0),(102,10343,1,0,0),(103,10344,1,0,0),(104,10360,1,0,0),(105,10361,1,0,0),(106,10362,1,0,0),(107,10363,1,0,0),(108,10364,1,0,0),(109,10380,1,0,0),(110,10381,1,0,0),(111,10382,1,0,0),(112,10383,1,0,0),(113,10384,1,0,0),(114,10385,1,0,0),(115,10400,1,0,0),(116,10401,1,0,0),(117,10402,1,0,0),(118,10403,1,0,0),(119,10404,1,0,0),(120,10405,1,0,0),(121,10406,1,0,0);
/*!40000 ALTER TABLE `quest_progresses` ENABLE KEYS */;
UNLOCK TABLES;

--
-- Table structure for table `quests`
--

DROP TABLE IF EXISTS `quests`;
/*!40101 SET @saved_cs_client     = @@character_set_client */;
/*!40101 SET character_set_client = utf8 */;
CREATE TABLE `quests` (
  `id` int(11) NOT NULL AUTO_INCREMENT,
  `parent_id` int(11) DEFAULT NULL,
  `rewards` text,
  `help_url_id` varchar(255) DEFAULT NULL,
  `achievement` tinyint(1) NOT NULL DEFAULT '0',
  PRIMARY KEY (`id`),
  KEY `child quests` (`parent_id`),
  KEY `index_quests_on_achievement` (`achievement`),
  CONSTRAINT `quests_ibfk_1` FOREIGN KEY (`parent_id`) REFERENCES `quests` (`id`) ON DELETE CASCADE
) ENGINE=InnoDB AUTO_INCREMENT=10407 DEFAULT CHARSET=utf8;
/*!40101 SET character_set_client = @saved_cs_client */;

--
-- Dumping data for table `quests`
--

LOCK TABLES `quests` WRITE;
/*!40000 ALTER TABLE `quests` DISABLE KEYS */;
INSERT INTO `quests` VALUES (1,NULL,'{\"metal\":25.2,\"energy\":96.0}','buildings',0),(2,1,'{\"metal\":69.3,\"energy\":140.8}','metal',0),(3,2,'{\"metal\":4068.0,\"energy\":8136.0}',NULL,0),(4,3,'{\"metal\":412.5,\"energy\":920.7}','upgrading',0),(5,4,'{\"metal\":199.8,\"zetium\":5.4,\"points\":4000}',NULL,0),(6,3,'{\"units\":[{\"type\":\"Trooper\",\"level\":1,\"count\":4,\"hp\":100}],\"metal\":1423.8,\"energy\":2847.6,\"zetium\":8.28}',NULL,0),(7,6,'{\"metal\":1084.8,\"energy\":2169.6,\"zetium\":8.28}','building-units',0),(8,6,'{\"units\":[{\"type\":\"Trooper\",\"level\":2,\"count\":2,\"hp\":50},{\"type\":\"Trooper\",\"level\":3,\"count\":1,\"hp\":30}],\"metal\":7122.15,\"energy\":15786.75,\"zetium\":2482.2,\"creds\":7500}','attacking',0),(9,32,'{\"metal\":862.8,\"energy\":4101.6,\"zetium\":8.28,\"points\":2000}',NULL,0),(10,8,'{\"metal\":1725.6,\"energy\":2461.2,\"zetium\":8.28,\"points\":2000}',NULL,0),(11,8,'{\"units\":[{\"type\":\"Trooper\",\"level\":1,\"count\":4,\"hp\":100},{\"type\":\"Seeker\",\"level\":1,\"count\":2,\"hp\":100}],\"metal\":2779.8,\"energy\":5559.6}',NULL,0),(12,11,'{\"metal\":2060.0,\"energy\":4120.0,\"points\":2000}','technologies',0),(13,12,'{\"metal\":2074.8,\"energy\":4148.65,\"zetium\":45.6,\"points\":2000}',NULL,0),(14,11,'{\"metal\":297.6,\"energy\":907.2}',NULL,0),(15,14,'{\"metal\":3590.2,\"energy\":3287.0,\"zetium\":284.4}',NULL,0),(16,15,'{\"units\":[{\"type\":\"Trooper\",\"level\":3,\"count\":1,\"hp\":100},{\"type\":\"Seeker\",\"level\":2,\"count\":1,\"hp\":100},{\"type\":\"Shocker\",\"level\":1,\"count\":2,\"hp\":100}]}',NULL,0),(17,15,'{\"metal\":9225.6,\"energy\":12915.6,\"zetium\":646.8}',NULL,0),(18,17,'{\"metal\":15375.2,\"energy\":21525.6,\"zetium\":1076.8}',NULL,0),(19,18,'{\"units\":[{\"type\":\"Crow\",\"level\":1,\"count\":2,\"hp\":100}],\"metal\":16144.8,\"energy\":22604.4,\"zetium\":1134.0}',NULL,0),(20,119,'{\"units\":[{\"type\":\"Mule\",\"level\":1,\"count\":1,\"hp\":100},{\"type\":\"Mdh\",\"level\":1,\"count\":1,\"hp\":100}]}','colonization',0),(21,20,'{\"metal\":2317.1712,\"energy\":5121.4752,\"zetium\":235.9962}',NULL,0),(22,3,'{\"points\":200,\"units\":[{\"type\":\"Gnat\",\"level\":1,\"count\":1,\"hp\":25}]}','exploring',0),(23,22,'{\"points\":1000,\"units\":[{\"type\":\"Glancer\",\"level\":1,\"count\":1,\"hp\":60}]}',NULL,0),(24,11,'{\"points\":800,\"units\":[{\"type\":\"Gnat\",\"level\":1,\"count\":2,\"hp\":25},{\"type\":\"Gnat\",\"level\":1,\"count\":2,\"hp\":20},{\"type\":\"Gnat\",\"level\":1,\"count\":2,\"hp\":15},{\"type\":\"Gnat\",\"level\":1,\"count\":2,\"hp\":10}]}',NULL,0),(25,24,'{\"points\":800,\"units\":[{\"type\":\"Glancer\",\"level\":1,\"count\":2,\"hp\":80}]}',NULL,0),(26,25,'{\"points\":1600,\"units\":[{\"type\":\"Spudder\",\"level\":1,\"count\":1,\"hp\":96}]}',NULL,0),(27,11,'{\"metal\":2970.0,\"energy\":9072.0}','zetium',0),(28,16,'{\"units\":[{\"type\":\"Scorpion\",\"level\":2,\"count\":1,\"hp\":70},{\"type\":\"Azure\",\"level\":1,\"count\":1,\"hp\":100}]}',NULL,0),(29,28,'{\"units\":[{\"type\":\"Cyrix\",\"level\":2,\"count\":1,\"hp\":60},{\"type\":\"Crow\",\"level\":1,\"count\":2,\"hp\":100}]}',NULL,0),(30,29,'{\"units\":[{\"type\":\"Avenger\",\"level\":1,\"count\":1,\"hp\":100},{\"type\":\"Dart\",\"level\":1,\"count\":1,\"hp\":100}]}',NULL,0),(31,19,'{\"metal\":26908,\"energy\":37674,\"zetium\":1890}',NULL,0),(32,8,'{\"metal\":150.0,\"energy\":627.6,\"points\":2000}',NULL,0),(33,30,'{\"units\":[{\"type\":\"Rhyno\",\"level\":1,\"count\":1,\"hp\":100},{\"type\":\"Cyrix\",\"level\":3,\"count\":2,\"hp\":100}]}',NULL,0),(34,21,'{\"metal\":1931.2,\"energy\":21357.92,\"zetium\":262.4}','radar',0),(35,119,'{\"units\":[{\"type\":\"Dart\",\"level\":1,\"count\":2,\"hp\":100}]}',NULL,0),(36,35,'{\"units\":[{\"type\":\"Avenger\",\"level\":1,\"count\":2,\"hp\":100}]}',NULL,0),(37,36,'{\"units\":[{\"type\":\"Rhyno\",\"level\":1,\"count\":1,\"hp\":100}]}',NULL,0),(38,34,'{\"units\":[{\"type\":\"Trooper\",\"level\":2,\"count\":10,\"hp\":100},{\"type\":\"Seeker\",\"level\":2,\"count\":5,\"hp\":100},{\"type\":\"Scorpion\",\"level\":2,\"count\":2,\"hp\":100}]}',NULL,0),(39,38,'{\"units\":[{\"type\":\"Trooper\",\"level\":2,\"count\":15,\"hp\":100},{\"type\":\"Shocker\",\"level\":2,\"count\":8,\"hp\":100},{\"type\":\"Seeker\",\"level\":2,\"count\":3,\"hp\":100},{\"type\":\"Scorpion\",\"level\":2,\"count\":2,\"hp\":100}]}',NULL,0),(40,39,'{\"units\":[{\"type\":\"Shocker\",\"level\":2,\"count\":8,\"hp\":100},{\"type\":\"Seeker\",\"level\":2,\"count\":5,\"hp\":100},{\"type\":\"Scorpion\",\"level\":2,\"count\":5,\"hp\":100},{\"type\":\"Azure\",\"level\":2,\"count\":3,\"hp\":100}]}',NULL,0),(41,40,'{\"units\":[{\"type\":\"Shocker\",\"level\":2,\"count\":10,\"hp\":100},{\"type\":\"Seeker\",\"level\":2,\"count\":8,\"hp\":100},{\"type\":\"Scorpion\",\"level\":2,\"count\":7,\"hp\":100},{\"type\":\"Azure\",\"level\":2,\"count\":3,\"hp\":100},{\"type\":\"Cyrix\",\"level\":2,\"count\":5,\"hp\":100},{\"type\":\"Dart\",\"level\":2,\"count\":3,\"hp\":100}]}',NULL,0),(42,41,'{\"units\":[{\"type\":\"Shocker\",\"level\":2,\"count\":15,\"hp\":100},{\"type\":\"Seeker\",\"level\":2,\"count\":10,\"hp\":100},{\"type\":\"Scorpion\",\"level\":2,\"count\":10,\"hp\":100},{\"type\":\"Azure\",\"level\":2,\"count\":5,\"hp\":100},{\"type\":\"Cyrix\",\"level\":2,\"count\":10,\"hp\":100},{\"type\":\"Avenger\",\"level\":2,\"count\":5,\"hp\":100},{\"type\":\"Dart\",\"level\":2,\"count\":5,\"hp\":100}]}',NULL,0),(43,34,'{\"units\":[{\"type\":\"Mule\",\"level\":5,\"count\":1,\"hp\":100}]}',NULL,0),(44,43,'{\"units\":[{\"type\":\"Crow\",\"level\":5,\"count\":1,\"hp\":100}]}',NULL,0),(45,44,'{\"units\":[{\"type\":\"Cyrix\",\"level\":3,\"count\":1,\"hp\":100}]}',NULL,0),(46,45,'{\"units\":[{\"type\":\"Cyrix\",\"level\":5,\"count\":1,\"hp\":100}]}',NULL,0),(47,46,'{\"units\":[{\"type\":\"Avenger\",\"level\":5,\"count\":1,\"hp\":100}]}',NULL,0),(48,47,'{\"units\":[{\"type\":\"Avenger\",\"level\":5,\"count\":3,\"hp\":100}]}',NULL,0),(49,46,'{\"units\":[{\"type\":\"Dart\",\"level\":5,\"count\":1,\"hp\":100}]}',NULL,0),(50,49,'{\"units\":[{\"type\":\"Dart\",\"level\":5,\"count\":3,\"hp\":100}]}',NULL,0),(51,46,'{\"units\":[{\"type\":\"Avenger\",\"level\":8,\"count\":1,\"hp\":100}]}',NULL,0),(52,51,'{\"units\":[{\"type\":\"Rhyno\",\"level\":3,\"count\":1,\"hp\":100}]}',NULL,0),(53,34,'{\"units\":[{\"type\":\"Scorpion\",\"level\":5,\"count\":1,\"hp\":100}]}',NULL,0),(54,53,'{\"units\":[{\"type\":\"Azure\",\"level\":6,\"count\":1,\"hp\":100}]}',NULL,0),(55,54,'{\"units\":[{\"type\":\"Trooper\",\"level\":5,\"count\":3,\"hp\":100},{\"type\":\"Seeker\",\"level\":5,\"count\":3,\"hp\":100},{\"type\":\"Shocker\",\"level\":7,\"count\":1,\"hp\":100}]}',NULL,0),(56,55,'{\"units\":[{\"type\":\"Trooper\",\"level\":5,\"count\":4,\"hp\":100},{\"type\":\"Seeker\",\"level\":5,\"count\":4,\"hp\":100},{\"type\":\"Shocker\",\"level\":7,\"count\":2,\"hp\":100}]}',NULL,0),(57,56,'{\"units\":[{\"type\":\"Trooper\",\"level\":5,\"count\":5,\"hp\":100},{\"type\":\"Seeker\",\"level\":5,\"count\":5,\"hp\":100},{\"type\":\"Shocker\",\"level\":7,\"count\":3,\"hp\":100}]}',NULL,0),(58,54,'{\"units\":[{\"type\":\"Scorpion\",\"level\":6,\"count\":1,\"hp\":100},{\"type\":\"Azure\",\"level\":6,\"count\":1,\"hp\":100}]}',NULL,0),(59,58,'{\"units\":[{\"type\":\"Scorpion\",\"level\":6,\"count\":2,\"hp\":100},{\"type\":\"Azure\",\"level\":6,\"count\":2,\"hp\":100}]}',NULL,0),(60,59,'{\"units\":[{\"type\":\"Scorpion\",\"level\":6,\"count\":3,\"hp\":100},{\"type\":\"Azure\",\"level\":6,\"count\":3,\"hp\":100}]}',NULL,0),(61,54,'{\"units\":[{\"type\":\"Cyrix\",\"level\":5,\"count\":2,\"hp\":100}]}',NULL,0),(62,61,'{\"units\":[{\"type\":\"Cyrix\",\"level\":5,\"count\":4,\"hp\":100}]}',NULL,0),(63,62,'{\"units\":[{\"type\":\"Cyrix\",\"level\":5,\"count\":6,\"hp\":100}]}',NULL,0),(64,33,'{\"units\":[{\"type\":\"Rhyno\",\"level\":7,\"count\":1,\"hp\":100}]}',NULL,0),(66,27,'{\"metal\":600,\"energy\":1800,\"zetium\":105}',NULL,0),(67,66,'{\"metal\":1040,\"energy\":3120,\"zetium\":182}',NULL,0),(68,67,'{\"metal\":1760,\"energy\":5280,\"zetium\":308}',NULL,0),(69,68,'{\"metal\":2960,\"energy\":8880,\"zetium\":518}',NULL,0),(70,69,'{\"metal\":6000,\"energy\":18000,\"zetium\":1050}',NULL,0),(71,70,'{\"metal\":10200,\"energy\":30600,\"zetium\":1785}',NULL,0),(72,11,'{\"scientists\":10}',NULL,0),(73,72,'{\"scientists\":20}',NULL,0),(74,73,'{\"scientists\":30}',NULL,0),(75,74,'{\"scientists\":40}',NULL,0),(76,75,'{\"scientists\":60}',NULL,0),(77,76,'{\"scientists\":80}',NULL,0),(78,77,'{\"scientists\":100}',NULL,0),(79,78,'{\"scientists\":150}',NULL,0),(80,7,'{\"units\":[{\"type\":\"Trooper\",\"level\":3,\"count\":2,\"hp\":100}]}',NULL,0),(81,80,'{\"units\":[{\"type\":\"Trooper\",\"level\":3,\"count\":2,\"hp\":100}]}',NULL,0),(82,81,'{\"units\":[{\"type\":\"Trooper\",\"level\":3,\"count\":2,\"hp\":100},{\"type\":\"Seeker\",\"level\":3,\"count\":1,\"hp\":100}]}',NULL,0),(83,82,'{\"units\":[{\"type\":\"Trooper\",\"level\":3,\"count\":4,\"hp\":100},{\"type\":\"Seeker\",\"level\":3,\"count\":1,\"hp\":100}]}',NULL,0),(84,83,'{\"units\":[{\"type\":\"Scorpion\",\"level\":3,\"count\":1,\"hp\":100}]}',NULL,0),(85,84,'{\"units\":[{\"type\":\"Scorpion\",\"level\":3,\"count\":1,\"hp\":100}]}',NULL,0),(86,85,'{\"units\":[{\"type\":\"Crow\",\"level\":2,\"count\":1,\"hp\":100}]}',NULL,0),(87,86,'{\"units\":[{\"type\":\"Cyrix\",\"level\":3,\"count\":1,\"hp\":100}]}',NULL,0),(88,87,'{\"units\":[{\"type\":\"Cyrix\",\"level\":3,\"count\":1,\"hp\":100},{\"type\":\"Scorpion\",\"level\":3,\"count\":1,\"hp\":100}]}',NULL,0),(89,88,'{\"units\":[{\"type\":\"Cyrix\",\"level\":3,\"count\":2,\"hp\":100}]}',NULL,0),(90,89,'{\"units\":[{\"type\":\"Cyrix\",\"level\":3,\"count\":3,\"hp\":100}]}',NULL,0),(91,90,'{\"units\":[{\"type\":\"Rhyno\",\"level\":3,\"count\":1,\"hp\":100}]}',NULL,0),(92,91,'{\"units\":[{\"type\":\"Rhyno\",\"level\":3,\"count\":1,\"hp\":100},{\"type\":\"Cyrix\",\"level\":3,\"count\":1,\"hp\":100},{\"type\":\"Scorpion\",\"level\":3,\"count\":1,\"hp\":100}]}',NULL,0),(93,92,'{\"units\":[{\"type\":\"Rhyno\",\"level\":3,\"count\":1,\"hp\":100},{\"type\":\"Cyrix\",\"level\":3,\"count\":3,\"hp\":100},{\"type\":\"Crow\",\"level\":2,\"count\":1,\"hp\":100}]}',NULL,0),(94,93,'{\"units\":[{\"type\":\"Rhyno\",\"level\":3,\"count\":1,\"hp\":100},{\"type\":\"Cyrix\",\"level\":3,\"count\":3,\"hp\":100},{\"type\":\"Crow\",\"level\":2,\"count\":3,\"hp\":100},{\"type\":\"Avenger\",\"level\":3,\"count\":1,\"hp\":100}]}',NULL,0),(95,71,'{\"metal\":18000,\"energy\":54000,\"zetium\":3150}',NULL,0),(96,95,'{\"metal\":25200,\"energy\":75600,\"zetium\":4410}',NULL,0),(97,96,'{\"metal\":35280,\"energy\":105840,\"zetium\":6174}',NULL,0),(98,97,'{\"metal\":49400,\"energy\":148200,\"zetium\":8645}',NULL,0),(99,98,'{\"metal\":69160,\"energy\":207480,\"zetium\":12103}',NULL,0),(100,99,'{\"metal\":96840,\"energy\":290520,\"zetium\":16947}',NULL,0),(101,100,'{\"metal\":135560,\"energy\":406680,\"zetium\":23723}',NULL,0),(102,101,'{\"metal\":189760,\"energy\":569280,\"zetium\":33208}',NULL,0),(106,94,'{\"units\":[{\"type\":\"Rhyno\",\"level\":3,\"count\":1,\"hp\":100},{\"type\":\"Cyrix\",\"level\":3,\"count\":3,\"hp\":100},{\"type\":\"Crow\",\"level\":2,\"count\":3,\"hp\":100},{\"type\":\"Dart\",\"level\":3,\"count\":1,\"hp\":100},{\"type\":\"Avenger\",\"level\":3,\"count\":1,\"hp\":100}]}',NULL,0),(107,106,'{\"units\":[{\"type\":\"Rhyno\",\"level\":3,\"count\":1,\"hp\":100},{\"type\":\"Cyrix\",\"level\":3,\"count\":3,\"hp\":100},{\"type\":\"Crow\",\"level\":2,\"count\":3,\"hp\":100},{\"type\":\"Dart\",\"level\":3,\"count\":2,\"hp\":100},{\"type\":\"Avenger\",\"level\":3,\"count\":1,\"hp\":100}]}',NULL,0),(108,107,'{\"units\":[{\"type\":\"Rhyno\",\"level\":3,\"count\":1,\"hp\":100},{\"type\":\"Cyrix\",\"level\":3,\"count\":4,\"hp\":100},{\"type\":\"Crow\",\"level\":2,\"count\":3,\"hp\":100},{\"type\":\"Dart\",\"level\":3,\"count\":2,\"hp\":100},{\"type\":\"Avenger\",\"level\":3,\"count\":2,\"hp\":100}]}',NULL,0),(109,108,'{\"units\":[{\"type\":\"Rhyno\",\"level\":3,\"count\":1,\"hp\":100},{\"type\":\"Cyrix\",\"level\":3,\"count\":6,\"hp\":100},{\"type\":\"Crow\",\"level\":2,\"count\":4,\"hp\":100},{\"type\":\"Dart\",\"level\":3,\"count\":2,\"hp\":100},{\"type\":\"Avenger\",\"level\":3,\"count\":2,\"hp\":100}]}',NULL,0),(110,109,'{\"units\":[{\"type\":\"Rhyno\",\"level\":3,\"count\":2,\"hp\":100},{\"type\":\"Cyrix\",\"level\":3,\"count\":5,\"hp\":100},{\"type\":\"Crow\",\"level\":2,\"count\":3,\"hp\":100},{\"type\":\"Dart\",\"level\":3,\"count\":2,\"hp\":100},{\"type\":\"Avenger\",\"level\":3,\"count\":2,\"hp\":100}]}',NULL,0),(111,110,'{\"units\":[{\"type\":\"Rhyno\",\"level\":3,\"count\":2,\"hp\":100},{\"type\":\"Cyrix\",\"level\":3,\"count\":6,\"hp\":100},{\"type\":\"Crow\",\"level\":2,\"count\":7,\"hp\":100},{\"type\":\"Dart\",\"level\":3,\"count\":2,\"hp\":100},{\"type\":\"Avenger\",\"level\":3,\"count\":2,\"hp\":100}]}',NULL,0),(112,111,'{\"units\":[{\"type\":\"Rhyno\",\"level\":3,\"count\":2,\"hp\":100},{\"type\":\"Cyrix\",\"level\":3,\"count\":6,\"hp\":100},{\"type\":\"Crow\",\"level\":2,\"count\":6,\"hp\":100},{\"type\":\"Dart\",\"level\":3,\"count\":3,\"hp\":100},{\"type\":\"Avenger\",\"level\":3,\"count\":4,\"hp\":100}]}',NULL,0),(113,112,'{\"units\":[{\"type\":\"Rhyno\",\"level\":3,\"count\":2,\"hp\":100},{\"type\":\"Cyrix\",\"level\":3,\"count\":8,\"hp\":100},{\"type\":\"Crow\",\"level\":2,\"count\":7,\"hp\":100},{\"type\":\"Dart\",\"level\":3,\"count\":4,\"hp\":100},{\"type\":\"Avenger\",\"level\":3,\"count\":4,\"hp\":100}]}',NULL,0),(114,113,'{\"units\":[{\"type\":\"Rhyno\",\"level\":3,\"count\":3,\"hp\":100},{\"type\":\"Cyrix\",\"level\":3,\"count\":9,\"hp\":100},{\"type\":\"Crow\",\"level\":2,\"count\":7,\"hp\":100},{\"type\":\"Dart\",\"level\":3,\"count\":4,\"hp\":100},{\"type\":\"Avenger\",\"level\":3,\"count\":4,\"hp\":100}]}',NULL,0),(115,114,'{\"units\":[{\"type\":\"Rhyno\",\"level\":3,\"count\":3,\"hp\":100},{\"type\":\"Cyrix\",\"level\":3,\"count\":9,\"hp\":100},{\"type\":\"Crow\",\"level\":2,\"count\":9,\"hp\":100},{\"type\":\"Dart\",\"level\":3,\"count\":5,\"hp\":100},{\"type\":\"Avenger\",\"level\":3,\"count\":6,\"hp\":100}]}',NULL,0),(116,8,'{\"creds\":2000}','vip',0),(117,116,'{\"metal\":2406,\"energy\":4809,\"zetium\":108}','accelerating',0),(118,11,'{\"zetium\":2075.0,\"metal\":3750.0,\"energy\":12500.0}',NULL,0),(119,31,'{\"metal\":15348,\"energy\":21488,\"zetium\":1076}','flying',0),(120,119,'{\"metal\":7560.0,\"energy\":10800.0,\"zetium\":648.0}','resource-transportation',0),(121,15,'{\"metal\":7962.5,\"energy\":11375.0,\"zetium\":2388.75}','population',0),(10000,NULL,NULL,NULL,1),(10001,NULL,NULL,NULL,1),(10002,NULL,NULL,NULL,1),(10003,NULL,NULL,NULL,1),(10004,NULL,NULL,NULL,1),(10005,NULL,NULL,NULL,1),(10020,NULL,NULL,NULL,1),(10021,NULL,NULL,NULL,1),(10022,NULL,NULL,NULL,1),(10023,NULL,NULL,NULL,1),(10024,NULL,NULL,NULL,1),(10025,NULL,NULL,NULL,1),(10026,NULL,NULL,NULL,1),(10027,NULL,NULL,NULL,1),(10040,NULL,NULL,NULL,1),(10041,NULL,NULL,NULL,1),(10042,NULL,NULL,NULL,1),(10043,NULL,NULL,NULL,1),(10044,NULL,NULL,NULL,1),(10045,NULL,NULL,NULL,1),(10060,NULL,NULL,NULL,1),(10061,NULL,NULL,NULL,1),(10062,NULL,NULL,NULL,1),(10063,NULL,NULL,NULL,1),(10064,NULL,NULL,NULL,1),(10065,NULL,NULL,NULL,1),(10080,NULL,NULL,NULL,1),(10081,NULL,NULL,NULL,1),(10082,NULL,NULL,NULL,1),(10083,NULL,NULL,NULL,1),(10084,NULL,NULL,NULL,1),(10085,NULL,NULL,NULL,1),(10100,NULL,NULL,NULL,1),(10101,NULL,NULL,NULL,1),(10102,NULL,NULL,NULL,1),(10103,NULL,NULL,NULL,1),(10104,NULL,NULL,NULL,1),(10105,NULL,NULL,NULL,1),(10106,NULL,NULL,NULL,1),(10120,NULL,NULL,NULL,1),(10121,NULL,NULL,NULL,1),(10122,NULL,NULL,NULL,1),(10123,NULL,NULL,NULL,1),(10124,NULL,NULL,NULL,1),(10140,NULL,NULL,NULL,1),(10141,NULL,NULL,NULL,1),(10142,NULL,NULL,NULL,1),(10143,NULL,NULL,NULL,1),(10144,NULL,NULL,NULL,1),(10160,NULL,NULL,NULL,1),(10161,NULL,NULL,NULL,1),(10162,NULL,NULL,NULL,1),(10163,NULL,NULL,NULL,1),(10164,NULL,NULL,NULL,1),(10165,NULL,NULL,NULL,1),(10166,NULL,NULL,NULL,1),(10180,NULL,NULL,NULL,1),(10181,NULL,NULL,NULL,1),(10182,NULL,NULL,NULL,1),(10183,NULL,NULL,NULL,1),(10184,NULL,NULL,NULL,1),(10185,NULL,NULL,NULL,1),(10186,NULL,NULL,NULL,1),(10200,NULL,NULL,NULL,1),(10201,NULL,NULL,NULL,1),(10202,NULL,NULL,NULL,1),(10203,NULL,NULL,NULL,1),(10204,NULL,NULL,NULL,1),(10220,NULL,NULL,NULL,1),(10221,NULL,NULL,NULL,1),(10222,NULL,NULL,NULL,1),(10223,NULL,NULL,NULL,1),(10224,NULL,NULL,NULL,1),(10240,NULL,NULL,NULL,1),(10241,NULL,NULL,NULL,1),(10242,NULL,NULL,NULL,1),(10243,NULL,NULL,NULL,1),(10244,NULL,NULL,NULL,1),(10260,NULL,NULL,NULL,1),(10261,NULL,NULL,NULL,1),(10262,NULL,NULL,NULL,1),(10263,NULL,NULL,NULL,1),(10264,NULL,NULL,NULL,1),(10280,NULL,NULL,NULL,1),(10281,NULL,NULL,NULL,1),(10282,NULL,NULL,NULL,1),(10283,NULL,NULL,NULL,1),(10284,NULL,NULL,NULL,1),(10290,NULL,NULL,NULL,1),(10291,NULL,NULL,NULL,1),(10292,NULL,NULL,NULL,1),(10300,NULL,NULL,NULL,1),(10301,NULL,NULL,NULL,1),(10302,NULL,NULL,NULL,1),(10320,NULL,NULL,NULL,1),(10321,NULL,NULL,NULL,1),(10322,NULL,NULL,NULL,1),(10340,NULL,NULL,NULL,1),(10341,NULL,NULL,NULL,1),(10342,NULL,NULL,NULL,1),(10343,NULL,NULL,NULL,1),(10344,NULL,NULL,NULL,1),(10360,NULL,NULL,NULL,1),(10361,NULL,NULL,NULL,1),(10362,NULL,NULL,NULL,1),(10363,NULL,NULL,NULL,1),(10364,NULL,NULL,NULL,1),(10380,NULL,NULL,NULL,1),(10381,NULL,NULL,NULL,1),(10382,NULL,NULL,NULL,1),(10383,NULL,NULL,NULL,1),(10384,NULL,NULL,NULL,1),(10385,NULL,NULL,NULL,1),(10400,NULL,NULL,NULL,1),(10401,NULL,NULL,NULL,1),(10402,NULL,NULL,NULL,1),(10403,NULL,NULL,NULL,1),(10404,NULL,NULL,NULL,1),(10405,NULL,NULL,NULL,1),(10406,NULL,NULL,NULL,1);
/*!40000 ALTER TABLE `quests` ENABLE KEYS */;
UNLOCK TABLES;

--
-- Table structure for table `route_hops`
--

DROP TABLE IF EXISTS `route_hops`;
/*!40101 SET @saved_cs_client     = @@character_set_client */;
/*!40101 SET character_set_client = utf8 */;
CREATE TABLE `route_hops` (
  `id` int(11) NOT NULL AUTO_INCREMENT,
  `route_id` int(11) NOT NULL,
  `location_type` tinyint(2) unsigned NOT NULL,
  `location_id` int(10) unsigned NOT NULL,
  `location_x` int(11) DEFAULT NULL,
  `location_y` int(11) DEFAULT NULL,
  `arrives_at` datetime NOT NULL,
  `index` smallint(6) NOT NULL,
  `next` tinyint(1) NOT NULL DEFAULT '0',
  `jumps_at` datetime DEFAULT NULL,
  PRIMARY KEY (`id`),
  UNIQUE KEY `next_hop` (`route_id`,`index`),
  KEY `route` (`route_id`,`location_type`,`location_id`),
  KEY `next` (`route_id`,`next`),
  CONSTRAINT `route_hops_ibfk_1` FOREIGN KEY (`route_id`) REFERENCES `routes` (`id`) ON DELETE CASCADE
) ENGINE=InnoDB DEFAULT CHARSET=utf8;
/*!40101 SET character_set_client = @saved_cs_client */;

--
-- Dumping data for table `route_hops`
--

LOCK TABLES `route_hops` WRITE;
/*!40000 ALTER TABLE `route_hops` DISABLE KEYS */;
/*!40000 ALTER TABLE `route_hops` ENABLE KEYS */;
UNLOCK TABLES;

--
-- Table structure for table `routes`
--

DROP TABLE IF EXISTS `routes`;
/*!40101 SET @saved_cs_client     = @@character_set_client */;
/*!40101 SET character_set_client = utf8 */;
CREATE TABLE `routes` (
  `id` int(11) NOT NULL AUTO_INCREMENT,
  `target_type` tinyint(2) unsigned NOT NULL,
  `target_id` int(10) unsigned NOT NULL,
  `arrives_at` datetime NOT NULL,
  `cached_units` text NOT NULL,
  `player_id` int(10) DEFAULT NULL,
  `target_x` int(11) NOT NULL,
  `target_y` int(11) NOT NULL,
  `target_name` varchar(255) DEFAULT NULL,
  `target_variation` tinyint(2) unsigned DEFAULT NULL,
  `target_solar_system_id` int(11) DEFAULT NULL,
  `current_id` int(11) unsigned NOT NULL,
  `current_type` tinyint(2) unsigned NOT NULL,
  `current_x` int(11) NOT NULL,
  `current_y` int(11) NOT NULL,
  `current_name` varchar(255) DEFAULT NULL,
  `current_variation` tinyint(2) unsigned DEFAULT NULL,
  `current_solar_system_id` int(11) DEFAULT NULL,
  `source_id` int(11) unsigned NOT NULL,
  `source_type` tinyint(2) unsigned NOT NULL,
  `source_x` int(11) NOT NULL,
  `source_y` int(11) NOT NULL,
  `source_name` varchar(255) DEFAULT NULL,
  `source_variation` tinyint(2) unsigned DEFAULT NULL,
  `source_solar_system_id` int(11) DEFAULT NULL,
  `first_hop` datetime NOT NULL,
  PRIMARY KEY (`id`),
  KEY `incoming_routes` (`target_type`,`target_id`),
  KEY `foreign_key` (`player_id`),
  CONSTRAINT `routes_ibfk_1` FOREIGN KEY (`player_id`) REFERENCES `players` (`id`) ON DELETE CASCADE
) ENGINE=InnoDB DEFAULT CHARSET=utf8;
/*!40101 SET character_set_client = @saved_cs_client */;

--
-- Dumping data for table `routes`
--

LOCK TABLES `routes` WRITE;
/*!40000 ALTER TABLE `routes` DISABLE KEYS */;
/*!40000 ALTER TABLE `routes` ENABLE KEYS */;
UNLOCK TABLES;

--
-- Table structure for table `schema_migrations`
--

DROP TABLE IF EXISTS `schema_migrations`;
/*!40101 SET @saved_cs_client     = @@character_set_client */;
/*!40101 SET character_set_client = utf8 */;
CREATE TABLE `schema_migrations` (
  `version` varchar(255) NOT NULL,
  UNIQUE KEY `unique_schema_migrations` (`version`)
) ENGINE=InnoDB DEFAULT CHARSET=utf8;
/*!40101 SET character_set_client = @saved_cs_client */;

--
-- Dumping data for table `schema_migrations`
--

LOCK TABLES `schema_migrations` WRITE;
/*!40000 ALTER TABLE `schema_migrations` DISABLE KEYS */;
INSERT INTO `schema_migrations` VALUES ('20090601175224'),('20090601184051'),('20090601184055'),('20090601184059'),('20090701164131'),('20090713165021'),('20090808144214'),('20090809160211'),('20090810173759'),('20090826140238'),('20090826141836'),('20090829202538'),('20090829210029'),('20090829224505'),('20090830143959'),('20090830145319'),('20090901153809'),('20090904190655'),('20090905175341'),('20090905192056'),('20090906135044'),('20090909222719'),('20090911180950'),('20090912165229'),('20090919155819'),('20091024222359'),('20091103164416'),('20091103180558'),('20091103181146'),('20091109191211'),('20091225193714'),('20100114152902'),('20100121142414'),('20100127115341'),('20100127120219'),('20100127120515'),('20100127121337'),('20100129150736'),('20100203202757'),('20100203204803'),('20100204172507'),('20100204173714'),('20100208163239'),('20100210114531'),('20100212134334'),('20100218181507'),('20100219114448'),('20100220144106'),('20100222144003'),('20100223153023'),('20100224153728'),('20100224163525'),('20100225124928'),('20100225153721'),('20100225155505'),('20100225155739'),('20100226122144'),('20100226122651'),('20100301153626'),('20100302131225'),('20100303131706'),('20100308163148'),('20100308164422'),('20100310172315'),('20100310181338'),('20100311123523'),('20100315112858'),('20100319141401'),('20100322184529'),('20100324134243'),('20100324141652'),('20100331125702'),('20100415130556'),('20100415130600'),('20100415130605'),('20100415134627'),('20100419141518'),('20100419142018'),('20100419164230'),('20100426141509'),('20100428130912'),('20100429171200'),('20100430174140'),('20100610151652'),('20100610180750'),('20100614142225'),('20100614160819'),('20100614162423'),('20100616132525'),('20100616135507'),('20100622124252'),('20100706105523'),('20100710121447'),('20100710191351'),('20100716155807'),('20100719131622'),('20100721155359'),('20100722124307'),('20100812164444'),('20100812164449'),('20100812164518'),('20100812164524'),('20100817165213'),('20100819175736'),('20100820185846'),('20100906095758'),('20100915145823'),('20100929111549'),('20101001155323'),('20101005180058'),('20101022155620'),('20101117131430'),('20101208135417'),('20101209122838'),('20101222150446'),('20101223125157'),('20101223172333'),('20110106110617'),('20110117182616'),('20110119121807'),('20110125161025'),('20110128094012'),('20110201122224'),('20110211124612'),('20110214130700'),('20110214165108'),('20110215161039'),('20110221105637'),('20110224162141'),('20110224174209'),('20110307104202'),('20110307121218'),('20110309114701'),('20110309194328'),('20110310113500'),('20110311172250'),('20110314132426'),('20110317165341'),('20110329163829'),('20110330141930'),('20110410103752'),('20110413154835'),('20110420152125'),('20110420153521'),('20110422180144'),('20110426131533'),('20110426145014'),('20110429150825'),('20110430142655'),('20110501202247'),('20110502175634'),('20110503165127'),('20110506202156'),('20110509144521'),('20110520172423'),('20110529152142'),('20110530121627'),('20110601155244'),('20110606114650'),('20110606154238'),('20110615120534'),('20110620180705'),('20110621165656'),('20110627164509'),('20110711160159'),('20110728101729'),('20110731170836'),('20110801114044'),('20110802172428'),('20110807130218'),('20110807131155'),('20110807161232'),('20110812114804'),('20110905102038'),('20110911155609'),('20110916153737'),('99999999999000'),('99999999999900');
/*!40000 ALTER TABLE `schema_migrations` ENABLE KEYS */;
UNLOCK TABLES;

--
-- Table structure for table `solar_systems`
--

DROP TABLE IF EXISTS `solar_systems`;
/*!40101 SET @saved_cs_client     = @@character_set_client */;
/*!40101 SET character_set_client = utf8 */;
CREATE TABLE `solar_systems` (
  `id` int(11) NOT NULL AUTO_INCREMENT,
  `galaxy_id` int(11) NOT NULL,
  `x` mediumint(9) DEFAULT NULL,
  `y` mediumint(9) DEFAULT NULL,
  `kind` tinyint(2) NOT NULL DEFAULT '0',
  `shield_ends_at` datetime DEFAULT NULL,
  `shield_owner_id` int(11) DEFAULT NULL,
  PRIMARY KEY (`id`),
  UNIQUE KEY `uniqueness` (`galaxy_id`,`x`,`y`),
  KEY `shield_owner_id` (`shield_owner_id`),
  CONSTRAINT `solar_systems_ibfk_1` FOREIGN KEY (`galaxy_id`) REFERENCES `galaxies` (`id`) ON DELETE CASCADE,
  CONSTRAINT `solar_systems_ibfk_2` FOREIGN KEY (`shield_owner_id`) REFERENCES `players` (`id`) ON DELETE SET NULL ON UPDATE CASCADE
) ENGINE=InnoDB AUTO_INCREMENT=13 DEFAULT CHARSET=utf8;
/*!40101 SET character_set_client = @saved_cs_client */;

--
-- Dumping data for table `solar_systems`
--

LOCK TABLES `solar_systems` WRITE;
/*!40000 ALTER TABLE `solar_systems` DISABLE KEYS */;
INSERT INTO `solar_systems` VALUES (1,1,NULL,NULL,2,NULL,NULL),(2,1,1,-6,2,NULL,NULL),(3,1,4,-3,0,NULL,NULL),(4,1,6,-5,1,NULL,NULL),(5,1,2,-7,1,NULL,NULL),(6,1,0,-1,0,'2011-09-20 14:20:34',1),(7,1,7,-8,2,NULL,NULL),(8,1,5,-7,0,NULL,NULL),(9,1,2,-4,0,NULL,NULL),(10,1,5,-1,1,NULL,NULL),(11,1,1,-2,1,NULL,NULL),(12,1,6,-3,2,NULL,NULL);
/*!40000 ALTER TABLE `solar_systems` ENABLE KEYS */;
UNLOCK TABLES;

--
-- Table structure for table `ss_objects`
--

DROP TABLE IF EXISTS `ss_objects`;
/*!40101 SET @saved_cs_client     = @@character_set_client */;
/*!40101 SET character_set_client = utf8 */;
CREATE TABLE `ss_objects` (
  `id` int(11) NOT NULL AUTO_INCREMENT,
  `solar_system_id` int(11) NOT NULL,
  `width` int(11) DEFAULT NULL,
  `height` int(11) DEFAULT NULL,
  `position` int(11) NOT NULL DEFAULT '0',
  `angle` int(11) NOT NULL DEFAULT '0',
  `type` varchar(255) NOT NULL,
  `player_id` int(11) DEFAULT NULL,
  `name` varchar(12) NOT NULL DEFAULT '',
  `size` int(11) NOT NULL DEFAULT '0',
  `terrain` tinyint(2) unsigned NOT NULL DEFAULT '0',
  `metal` float unsigned NOT NULL DEFAULT '0',
  `metal_generation_rate` float unsigned NOT NULL DEFAULT '0',
  `metal_storage` float NOT NULL DEFAULT '0',
  `energy` float unsigned NOT NULL DEFAULT '0',
  `energy_generation_rate` float unsigned NOT NULL DEFAULT '0',
  `energy_storage` float NOT NULL DEFAULT '0',
  `zetium` float unsigned NOT NULL DEFAULT '0',
  `zetium_generation_rate` float unsigned NOT NULL DEFAULT '0',
  `zetium_storage` float NOT NULL DEFAULT '0',
  `last_resources_update` datetime DEFAULT NULL,
  `energy_diminish_registered` tinyint(1) NOT NULL DEFAULT '0',
  `exploration_x` tinyint(2) unsigned DEFAULT NULL,
  `exploration_y` tinyint(2) unsigned DEFAULT NULL,
  `exploration_ends_at` datetime DEFAULT NULL,
  `can_destroy_building_at` datetime DEFAULT NULL,
  `next_raid_at` datetime DEFAULT NULL,
  `shield_ends_at` datetime DEFAULT NULL,
  `shield_owner_id` int(11) DEFAULT NULL,
  `metal_rate_boost_ends_at` datetime DEFAULT NULL,
  `metal_storage_boost_ends_at` datetime DEFAULT NULL,
  `energy_rate_boost_ends_at` datetime DEFAULT NULL,
  `energy_storage_boost_ends_at` datetime DEFAULT NULL,
  `zetium_rate_boost_ends_at` datetime DEFAULT NULL,
  `zetium_storage_boost_ends_at` datetime DEFAULT NULL,
  `metal_usage_rate` float unsigned NOT NULL DEFAULT '0',
  `energy_usage_rate` float unsigned NOT NULL DEFAULT '0',
  `zetium_usage_rate` float unsigned NOT NULL DEFAULT '0',
  `owner_changed` datetime DEFAULT NULL,
  PRIMARY KEY (`id`),
  UNIQUE KEY `uniqueness` (`solar_system_id`,`position`,`angle`),
  KEY `index_planets_on_galaxy_id_and_solar_system_id` (`solar_system_id`),
  KEY `index_planets_on_player_id_and_galaxy_id` (`player_id`),
  KEY `group_by_for_fowssentry_status_updates` (`player_id`,`solar_system_id`),
  KEY `shield_owner_id` (`shield_owner_id`),
  CONSTRAINT `ss_objects_ibfk_1` FOREIGN KEY (`solar_system_id`) REFERENCES `solar_systems` (`id`) ON DELETE CASCADE,
  CONSTRAINT `ss_objects_ibfk_2` FOREIGN KEY (`player_id`) REFERENCES `players` (`id`) ON DELETE SET NULL,
  CONSTRAINT `ss_objects_ibfk_3` FOREIGN KEY (`shield_owner_id`) REFERENCES `players` (`id`) ON DELETE SET NULL ON UPDATE CASCADE
) ENGINE=InnoDB AUTO_INCREMENT=79 DEFAULT CHARSET=utf8;
/*!40101 SET character_set_client = @saved_cs_client */;

--
-- Dumping data for table `ss_objects`
--

LOCK TABLES `ss_objects` WRITE;
/*!40000 ALTER TABLE `ss_objects` DISABLE KEYS */;
INSERT INTO `ss_objects` VALUES (1,1,21,17,0,270,'Planet',NULL,'Gramen',40,0,0,9738,261754,0,15291,411133,0,1053,28228.1,'2011-09-20 14:19:13',0,NULL,NULL,NULL,NULL,NULL,NULL,NULL,NULL,NULL,NULL,NULL,NULL,NULL,0,0,0,NULL),(2,1,0,0,3,270,'Jumpgate',NULL,'',31,0,0,0,0,0,0,0,0,0,0,NULL,0,NULL,NULL,NULL,NULL,NULL,NULL,NULL,NULL,NULL,NULL,NULL,NULL,NULL,0,0,0,NULL),(3,1,0,0,3,22,'Jumpgate',NULL,'',28,0,0,0,0,0,0,0,0,0,0,NULL,0,NULL,NULL,NULL,NULL,NULL,NULL,NULL,NULL,NULL,NULL,NULL,NULL,NULL,0,0,0,NULL),(4,1,15,15,2,210,'Planet',NULL,'Limus',37,2,0,9738,261754,0,15291,411133,0,1053,28228.1,'2011-09-20 14:19:13',0,NULL,NULL,NULL,NULL,NULL,NULL,NULL,NULL,NULL,NULL,NULL,NULL,NULL,0,0,0,NULL),(5,1,0,0,3,134,'Jumpgate',NULL,'',49,0,0,0,0,0,0,0,0,0,0,NULL,0,NULL,NULL,NULL,NULL,NULL,NULL,NULL,NULL,NULL,NULL,NULL,NULL,NULL,0,0,0,NULL),(6,1,23,13,1,45,'Planet',NULL,'Inculta',40,1,0,9738,261754,0,15291,411133,0,1053,28228.1,'2011-09-20 14:19:13',0,NULL,NULL,NULL,NULL,NULL,NULL,NULL,NULL,NULL,NULL,NULL,NULL,NULL,0,0,0,NULL),(7,2,0,0,3,270,'Jumpgate',NULL,'',42,0,0,0,0,0,0,0,0,0,0,NULL,0,NULL,NULL,NULL,NULL,NULL,NULL,NULL,NULL,NULL,NULL,NULL,NULL,NULL,0,0,0,NULL),(8,2,0,0,3,22,'Jumpgate',NULL,'',27,0,0,0,0,0,0,0,0,0,0,NULL,0,NULL,NULL,NULL,NULL,NULL,NULL,NULL,NULL,NULL,NULL,NULL,NULL,NULL,0,0,0,NULL),(9,2,0,0,3,134,'Jumpgate',NULL,'',36,0,0,0,0,0,0,0,0,0,0,NULL,0,NULL,NULL,NULL,NULL,NULL,NULL,NULL,NULL,NULL,NULL,NULL,NULL,NULL,0,0,0,NULL),(10,2,15,15,1,45,'Planet',NULL,'Limus-10',37,2,0,1623,261754,0,2548.5,411133,0,175.5,28228.1,'2011-09-20 14:19:14',0,NULL,NULL,NULL,NULL,NULL,NULL,NULL,NULL,NULL,NULL,NULL,NULL,NULL,0,0,0,NULL),(11,3,0,0,0,270,'Asteroid',NULL,'',32,0,0,1,0,1,0,1,0,0,0,NULL,0,NULL,NULL,NULL,NULL,NULL,NULL,NULL,NULL,NULL,NULL,NULL,NULL,NULL,0,0,0,NULL),(12,3,0,0,2,180,'Asteroid',NULL,'',58,0,0,2,0,1,0,2,0,0,0,NULL,0,NULL,NULL,NULL,NULL,NULL,NULL,NULL,NULL,NULL,NULL,NULL,NULL,NULL,0,0,0,NULL),(13,3,0,0,0,180,'Asteroid',NULL,'',44,0,0,2,0,4,0,4,0,0,0,NULL,0,NULL,NULL,NULL,NULL,NULL,NULL,NULL,NULL,NULL,NULL,NULL,NULL,NULL,0,0,0,NULL),(14,3,0,0,1,0,'Asteroid',NULL,'',49,0,0,2,0,5,0,2,0,0,0,NULL,0,NULL,NULL,NULL,NULL,NULL,NULL,NULL,NULL,NULL,NULL,NULL,NULL,NULL,0,0,0,NULL),(15,3,0,0,3,22,'Jumpgate',NULL,'',46,0,0,0,0,0,0,0,0,0,0,NULL,0,NULL,NULL,NULL,NULL,NULL,NULL,NULL,NULL,NULL,NULL,NULL,NULL,NULL,0,0,0,NULL),(16,3,0,0,3,202,'Jumpgate',NULL,'',51,0,0,0,0,0,0,0,0,0,0,NULL,0,NULL,NULL,NULL,NULL,NULL,NULL,NULL,NULL,NULL,NULL,NULL,NULL,NULL,0,0,0,NULL),(17,3,0,0,1,315,'Asteroid',NULL,'',52,0,0,2,0,5,0,4,0,0,0,NULL,0,NULL,NULL,NULL,NULL,NULL,NULL,NULL,NULL,NULL,NULL,NULL,NULL,NULL,0,0,0,NULL),(18,3,0,0,1,225,'Asteroid',NULL,'',25,0,0,4,0,2,0,2,0,0,0,NULL,0,NULL,NULL,NULL,NULL,NULL,NULL,NULL,NULL,NULL,NULL,NULL,NULL,NULL,0,0,0,NULL),(19,3,0,0,1,180,'Asteroid',NULL,'',43,0,0,3,0,4,0,4,0,0,0,NULL,0,NULL,NULL,NULL,NULL,NULL,NULL,NULL,NULL,NULL,NULL,NULL,NULL,NULL,0,0,0,NULL),(20,3,0,0,2,120,'Asteroid',NULL,'',48,0,0,5,0,4,0,4,0,0,0,NULL,0,NULL,NULL,NULL,NULL,NULL,NULL,NULL,NULL,NULL,NULL,NULL,NULL,NULL,0,0,0,NULL),(21,3,0,0,3,44,'Jumpgate',NULL,'',30,0,0,0,0,0,0,0,0,0,0,NULL,0,NULL,NULL,NULL,NULL,NULL,NULL,NULL,NULL,NULL,NULL,NULL,NULL,NULL,0,0,0,NULL),(22,3,0,0,2,210,'Asteroid',NULL,'',35,0,0,4,0,4,0,5,0,0,0,NULL,0,NULL,NULL,NULL,NULL,NULL,NULL,NULL,NULL,NULL,NULL,NULL,NULL,NULL,0,0,0,NULL),(23,3,0,0,1,135,'Asteroid',NULL,'',59,0,0,1,0,2,0,2,0,0,0,NULL,0,NULL,NULL,NULL,NULL,NULL,NULL,NULL,NULL,NULL,NULL,NULL,NULL,NULL,0,0,0,NULL),(24,3,0,0,3,156,'Jumpgate',NULL,'',54,0,0,0,0,0,0,0,0,0,0,NULL,0,NULL,NULL,NULL,NULL,NULL,NULL,NULL,NULL,NULL,NULL,NULL,NULL,NULL,0,0,0,NULL),(25,3,0,0,2,0,'Asteroid',NULL,'',39,0,0,2,0,4,0,2,0,0,0,NULL,0,NULL,NULL,NULL,NULL,NULL,NULL,NULL,NULL,NULL,NULL,NULL,NULL,NULL,0,0,0,NULL),(26,3,24,29,2,300,'Planet',NULL,'P-26',47,2,0,0,0,0,0,0,0,0,0,'2011-09-20 14:19:14',0,NULL,NULL,NULL,NULL,NULL,NULL,NULL,NULL,NULL,NULL,NULL,NULL,NULL,0,0,0,NULL),(27,3,27,31,1,90,'Planet',NULL,'P-27',49,2,0,0,0,0,0,0,0,0,0,'2011-09-20 14:19:14',0,NULL,NULL,NULL,NULL,NULL,NULL,NULL,NULL,NULL,NULL,NULL,NULL,NULL,0,0,0,NULL),(28,3,23,28,0,0,'Planet',NULL,'P-28',46,0,0,0,0,0,0,0,0,0,0,'2011-09-20 14:19:14',0,NULL,NULL,NULL,NULL,NULL,NULL,NULL,NULL,NULL,NULL,NULL,NULL,NULL,0,0,0,NULL),(29,3,0,0,1,45,'Asteroid',NULL,'',59,0,0,4,0,4,0,4,0,0,0,NULL,0,NULL,NULL,NULL,NULL,NULL,NULL,NULL,NULL,NULL,NULL,NULL,NULL,NULL,0,0,0,NULL),(30,6,0,0,0,270,'Asteroid',NULL,'',54,0,0,1,0,1,0,1,0,0,0,NULL,0,NULL,NULL,NULL,NULL,NULL,NULL,NULL,NULL,NULL,NULL,NULL,NULL,NULL,0,0,0,NULL),(31,6,0,0,0,180,'Asteroid',NULL,'',42,0,0,2,0,5,0,2,0,0,0,NULL,0,NULL,NULL,NULL,NULL,NULL,NULL,NULL,NULL,NULL,NULL,NULL,NULL,NULL,0,0,0,NULL),(32,6,0,0,2,150,'Asteroid',NULL,'',55,0,0,4,0,4,0,2,0,0,0,NULL,0,NULL,NULL,NULL,NULL,NULL,NULL,NULL,NULL,NULL,NULL,NULL,NULL,NULL,0,0,0,NULL),(33,6,0,0,1,315,'Asteroid',NULL,'',42,0,0,2,0,2,0,1,0,0,0,NULL,0,NULL,NULL,NULL,NULL,NULL,NULL,NULL,NULL,NULL,NULL,NULL,NULL,NULL,0,0,0,NULL),(34,6,0,0,2,240,'Asteroid',NULL,'',33,0,0,2,0,2,0,4,0,0,0,NULL,0,NULL,NULL,NULL,NULL,NULL,NULL,NULL,NULL,NULL,NULL,NULL,NULL,NULL,0,0,0,NULL),(35,6,0,0,3,336,'Jumpgate',NULL,'',56,0,0,0,0,0,0,0,0,0,0,NULL,0,NULL,NULL,NULL,NULL,NULL,NULL,NULL,NULL,NULL,NULL,NULL,NULL,NULL,0,0,0,NULL),(36,6,0,0,2,210,'Asteroid',NULL,'',28,0,0,1,0,1,0,2,0,0,0,NULL,0,NULL,NULL,NULL,NULL,NULL,NULL,NULL,NULL,NULL,NULL,NULL,NULL,NULL,0,0,0,NULL),(37,6,0,0,0,90,'Asteroid',NULL,'',50,0,0,2,0,2,0,2,0,0,0,NULL,0,NULL,NULL,NULL,NULL,NULL,NULL,NULL,NULL,NULL,NULL,NULL,NULL,NULL,0,0,0,NULL),(38,6,30,30,2,0,'Planet',1,'P-38',50,0,1593.05,210,9654.88,3521.01,463.5,21339.5,0,0,2622.18,'2011-09-20 14:19:14',0,NULL,NULL,NULL,NULL,NULL,NULL,NULL,NULL,NULL,NULL,NULL,NULL,NULL,0,0,0,'2011-09-20 14:19:14'),(39,6,0,0,2,30,'Asteroid',NULL,'',25,0,0,1,0,1,0,1,0,0,0,NULL,0,NULL,NULL,NULL,NULL,NULL,NULL,NULL,NULL,NULL,NULL,NULL,NULL,NULL,0,0,0,NULL),(40,6,0,0,2,300,'Asteroid',NULL,'',46,0,0,2,0,1,0,1,0,0,0,NULL,0,NULL,NULL,NULL,NULL,NULL,NULL,NULL,NULL,NULL,NULL,NULL,NULL,NULL,0,0,0,NULL),(41,6,28,32,1,45,'Planet',NULL,'P-41',50,2,0,0,0,0,0,0,0,0,0,'2011-09-20 14:19:14',0,NULL,NULL,NULL,NULL,NULL,NULL,NULL,NULL,NULL,NULL,NULL,NULL,NULL,0,0,0,NULL),(42,6,0,0,0,0,'Asteroid',NULL,'',31,0,0,4,0,2,0,4,0,0,0,NULL,0,NULL,NULL,NULL,NULL,NULL,NULL,NULL,NULL,NULL,NULL,NULL,NULL,NULL,0,0,0,NULL),(43,7,0,0,3,270,'Jumpgate',NULL,'',31,0,0,0,0,0,0,0,0,0,0,NULL,0,NULL,NULL,NULL,NULL,NULL,NULL,NULL,NULL,NULL,NULL,NULL,NULL,NULL,0,0,0,NULL),(44,7,0,0,3,22,'Jumpgate',NULL,'',49,0,0,0,0,0,0,0,0,0,0,NULL,0,NULL,NULL,NULL,NULL,NULL,NULL,NULL,NULL,NULL,NULL,NULL,NULL,NULL,0,0,0,NULL),(45,7,21,17,2,210,'Planet',NULL,'Gramen-45',40,0,0,1623,261754,0,2548.5,411133,0,175.5,28228.1,'2011-09-20 14:19:14',0,NULL,NULL,NULL,NULL,NULL,NULL,NULL,NULL,NULL,NULL,NULL,NULL,NULL,0,0,0,NULL),(46,7,0,0,3,134,'Jumpgate',NULL,'',46,0,0,0,0,0,0,0,0,0,0,NULL,0,NULL,NULL,NULL,NULL,NULL,NULL,NULL,NULL,NULL,NULL,NULL,NULL,NULL,0,0,0,NULL),(47,8,0,0,0,270,'Asteroid',NULL,'',43,0,0,3,0,3,0,4,0,0,0,NULL,0,NULL,NULL,NULL,NULL,NULL,NULL,NULL,NULL,NULL,NULL,NULL,NULL,NULL,0,0,0,NULL),(48,8,0,0,1,0,'Asteroid',NULL,'',54,0,0,2,0,3,0,3,0,0,0,NULL,0,NULL,NULL,NULL,NULL,NULL,NULL,NULL,NULL,NULL,NULL,NULL,NULL,NULL,0,0,0,NULL),(49,8,0,0,3,314,'Jumpgate',NULL,'',56,0,0,0,0,0,0,0,0,0,0,NULL,0,NULL,NULL,NULL,NULL,NULL,NULL,NULL,NULL,NULL,NULL,NULL,NULL,NULL,0,0,0,NULL),(50,8,31,26,1,315,'Planet',NULL,'P-50',48,2,0,0,0,0,0,0,0,0,0,'2011-09-20 14:19:14',0,NULL,NULL,NULL,NULL,NULL,NULL,NULL,NULL,NULL,NULL,NULL,NULL,NULL,0,0,0,NULL),(51,8,0,0,2,330,'Asteroid',NULL,'',36,0,0,2,0,2,0,5,0,0,0,NULL,0,NULL,NULL,NULL,NULL,NULL,NULL,NULL,NULL,NULL,NULL,NULL,NULL,NULL,0,0,0,NULL),(52,8,0,0,3,112,'Jumpgate',NULL,'',33,0,0,0,0,0,0,0,0,0,0,NULL,0,NULL,NULL,NULL,NULL,NULL,NULL,NULL,NULL,NULL,NULL,NULL,NULL,NULL,0,0,0,NULL),(53,8,0,0,1,225,'Asteroid',NULL,'',49,0,0,1,0,1,0,1,0,0,0,NULL,0,NULL,NULL,NULL,NULL,NULL,NULL,NULL,NULL,NULL,NULL,NULL,NULL,NULL,0,0,0,NULL),(54,8,0,0,2,240,'Asteroid',NULL,'',31,0,0,5,0,2,0,3,0,0,0,NULL,0,NULL,NULL,NULL,NULL,NULL,NULL,NULL,NULL,NULL,NULL,NULL,NULL,NULL,0,0,0,NULL),(55,8,0,0,1,135,'Asteroid',NULL,'',44,0,0,2,0,2,0,1,0,0,0,NULL,0,NULL,NULL,NULL,NULL,NULL,NULL,NULL,NULL,NULL,NULL,NULL,NULL,NULL,0,0,0,NULL),(56,8,0,0,0,90,'Asteroid',NULL,'',34,0,0,1,0,2,0,1,0,0,0,NULL,0,NULL,NULL,NULL,NULL,NULL,NULL,NULL,NULL,NULL,NULL,NULL,NULL,NULL,0,0,0,NULL),(57,8,0,0,2,30,'Asteroid',NULL,'',32,0,0,4,0,4,0,5,0,0,0,NULL,0,NULL,NULL,NULL,NULL,NULL,NULL,NULL,NULL,NULL,NULL,NULL,NULL,NULL,0,0,0,NULL),(58,8,0,0,2,300,'Asteroid',NULL,'',25,0,0,2,0,2,0,2,0,0,0,NULL,0,NULL,NULL,NULL,NULL,NULL,NULL,NULL,NULL,NULL,NULL,NULL,NULL,NULL,0,0,0,NULL),(59,8,0,0,0,0,'Asteroid',NULL,'',37,0,0,2,0,1,0,1,0,0,0,NULL,0,NULL,NULL,NULL,NULL,NULL,NULL,NULL,NULL,NULL,NULL,NULL,NULL,NULL,0,0,0,NULL),(60,9,0,0,0,180,'Asteroid',NULL,'',31,0,0,1,0,1,0,1,0,0,0,NULL,0,NULL,NULL,NULL,NULL,NULL,NULL,NULL,NULL,NULL,NULL,NULL,NULL,NULL,0,0,0,NULL),(61,9,0,0,3,202,'Jumpgate',NULL,'',55,0,0,0,0,0,0,0,0,0,0,NULL,0,NULL,NULL,NULL,NULL,NULL,NULL,NULL,NULL,NULL,NULL,NULL,NULL,NULL,0,0,0,NULL),(62,9,0,0,2,90,'Asteroid',NULL,'',57,0,0,3,0,5,0,4,0,0,0,NULL,0,NULL,NULL,NULL,NULL,NULL,NULL,NULL,NULL,NULL,NULL,NULL,NULL,NULL,0,0,0,NULL),(63,9,0,0,1,315,'Asteroid',NULL,'',27,0,0,4,0,3,0,2,0,0,0,NULL,0,NULL,NULL,NULL,NULL,NULL,NULL,NULL,NULL,NULL,NULL,NULL,NULL,NULL,0,0,0,NULL),(64,9,28,25,2,330,'Planet',NULL,'P-64',47,2,0,0,0,0,0,0,0,0,0,'2011-09-20 14:19:14',0,NULL,NULL,NULL,NULL,NULL,NULL,NULL,NULL,NULL,NULL,NULL,NULL,NULL,0,0,0,NULL),(65,9,0,0,1,225,'Asteroid',NULL,'',58,0,0,5,0,2,0,4,0,0,0,NULL,0,NULL,NULL,NULL,NULL,NULL,NULL,NULL,NULL,NULL,NULL,NULL,NULL,NULL,0,0,0,NULL),(66,9,0,0,2,240,'Asteroid',NULL,'',28,0,0,2,0,1,0,1,0,0,0,NULL,0,NULL,NULL,NULL,NULL,NULL,NULL,NULL,NULL,NULL,NULL,NULL,NULL,NULL,0,0,0,NULL),(67,9,0,0,1,180,'Asteroid',NULL,'',57,0,0,2,0,1,0,1,0,0,0,NULL,0,NULL,NULL,NULL,NULL,NULL,NULL,NULL,NULL,NULL,NULL,NULL,NULL,NULL,0,0,0,NULL),(68,9,0,0,2,120,'Asteroid',NULL,'',30,0,0,3,0,3,0,4,0,0,0,NULL,0,NULL,NULL,NULL,NULL,NULL,NULL,NULL,NULL,NULL,NULL,NULL,NULL,NULL,0,0,0,NULL),(69,9,0,0,1,135,'Asteroid',NULL,'',39,0,0,5,0,3,0,2,0,0,0,NULL,0,NULL,NULL,NULL,NULL,NULL,NULL,NULL,NULL,NULL,NULL,NULL,NULL,NULL,0,0,0,NULL),(70,9,0,0,0,90,'Asteroid',NULL,'',31,0,0,2,0,2,0,1,0,0,0,NULL,0,NULL,NULL,NULL,NULL,NULL,NULL,NULL,NULL,NULL,NULL,NULL,NULL,NULL,0,0,0,NULL),(71,9,31,30,1,270,'Planet',NULL,'P-71',50,2,0,0,0,0,0,0,0,0,0,'2011-09-20 14:19:14',0,NULL,NULL,NULL,NULL,NULL,NULL,NULL,NULL,NULL,NULL,NULL,NULL,NULL,0,0,0,NULL),(72,9,0,0,2,0,'Asteroid',NULL,'',52,0,0,1,0,1,0,1,0,0,0,NULL,0,NULL,NULL,NULL,NULL,NULL,NULL,NULL,NULL,NULL,NULL,NULL,NULL,NULL,0,0,0,NULL),(73,9,0,0,2,300,'Asteroid',NULL,'',28,0,0,2,0,2,0,1,0,0,0,NULL,0,NULL,NULL,NULL,NULL,NULL,NULL,NULL,NULL,NULL,NULL,NULL,NULL,NULL,0,0,0,NULL),(74,9,0,0,0,0,'Asteroid',NULL,'',50,0,0,5,0,3,0,4,0,0,0,NULL,0,NULL,NULL,NULL,NULL,NULL,NULL,NULL,NULL,NULL,NULL,NULL,NULL,NULL,0,0,0,NULL),(75,12,21,17,0,270,'Planet',NULL,'Gramen-75',40,0,0,1623,261754,0,2548.5,411133,0,175.5,28228.1,'2011-09-20 14:19:14',0,NULL,NULL,NULL,NULL,NULL,NULL,NULL,NULL,NULL,NULL,NULL,NULL,NULL,0,0,0,NULL),(76,12,0,0,3,270,'Jumpgate',NULL,'',38,0,0,0,0,0,0,0,0,0,0,NULL,0,NULL,NULL,NULL,NULL,NULL,NULL,NULL,NULL,NULL,NULL,NULL,NULL,NULL,0,0,0,NULL),(77,12,0,0,3,22,'Jumpgate',NULL,'',47,0,0,0,0,0,0,0,0,0,0,NULL,0,NULL,NULL,NULL,NULL,NULL,NULL,NULL,NULL,NULL,NULL,NULL,NULL,NULL,0,0,0,NULL),(78,12,0,0,3,134,'Jumpgate',NULL,'',56,0,0,0,0,0,0,0,0,0,0,NULL,0,NULL,NULL,NULL,NULL,NULL,NULL,NULL,NULL,NULL,NULL,NULL,NULL,NULL,0,0,0,NULL);
/*!40000 ALTER TABLE `ss_objects` ENABLE KEYS */;
UNLOCK TABLES;

--
-- Table structure for table `technologies`
--

DROP TABLE IF EXISTS `technologies`;
/*!40101 SET @saved_cs_client     = @@character_set_client */;
/*!40101 SET character_set_client = utf8 */;
CREATE TABLE `technologies` (
  `id` int(11) NOT NULL AUTO_INCREMENT,
  `upgrade_ends_at` datetime DEFAULT NULL,
  `pause_remainder` int(10) unsigned DEFAULT NULL,
  `scientists` int(10) unsigned DEFAULT '0',
  `level` tinyint(2) unsigned NOT NULL,
  `player_id` int(11) NOT NULL,
  `type` varchar(50) NOT NULL,
  `pause_scientists` int(10) unsigned DEFAULT NULL,
  `speed_up` tinyint(1) NOT NULL DEFAULT '0',
  PRIMARY KEY (`id`),
  UNIQUE KEY `main` (`player_id`,`type`,`level`),
  UNIQUE KEY `type_by_player` (`player_id`,`type`,`level`),
  UNIQUE KEY `ensure_uniqueness` (`player_id`,`type`),
  KEY `upgrading` (`player_id`,`upgrade_ends_at`),
  CONSTRAINT `technologies_ibfk_1` FOREIGN KEY (`player_id`) REFERENCES `players` (`id`) ON DELETE CASCADE
) ENGINE=InnoDB DEFAULT CHARSET=utf8;
/*!40101 SET character_set_client = @saved_cs_client */;

--
-- Dumping data for table `technologies`
--

LOCK TABLES `technologies` WRITE;
/*!40000 ALTER TABLE `technologies` DISABLE KEYS */;
/*!40000 ALTER TABLE `technologies` ENABLE KEYS */;
UNLOCK TABLES;

--
-- Table structure for table `tiles`
--

DROP TABLE IF EXISTS `tiles`;
/*!40101 SET @saved_cs_client     = @@character_set_client */;
/*!40101 SET character_set_client = utf8 */;
CREATE TABLE `tiles` (
  `id` bigint(20) unsigned NOT NULL AUTO_INCREMENT,
  `kind` tinyint(2) unsigned NOT NULL DEFAULT '0',
  `planet_id` int(11) NOT NULL,
  `x` tinyint(2) unsigned NOT NULL DEFAULT '0',
  `y` tinyint(2) unsigned NOT NULL DEFAULT '0',
  PRIMARY KEY (`id`),
  UNIQUE KEY `uniqueness` (`planet_id`,`x`,`y`),
  CONSTRAINT `tiles_ibfk_1` FOREIGN KEY (`planet_id`) REFERENCES `ss_objects` (`id`) ON DELETE CASCADE
) ENGINE=InnoDB AUTO_INCREMENT=2079 DEFAULT CHARSET=utf8;
/*!40101 SET character_set_client = @saved_cs_client */;

--
-- Dumping data for table `tiles`
--

LOCK TABLES `tiles` WRITE;
/*!40000 ALTER TABLE `tiles` DISABLE KEYS */;
INSERT INTO `tiles` VALUES (1,13,1,0,0),(2,10,1,7,0),(3,12,1,14,0),(4,8,1,2,3),(5,8,1,0,7),(6,14,1,14,7),(7,9,1,7,12),(8,12,4,9,1),(9,13,4,9,8),(10,9,4,5,11),(11,13,6,1,0),(12,9,6,18,0),(13,13,6,11,1),(14,8,6,7,3),(15,9,6,19,5),(16,14,6,0,8),(17,8,6,10,10),(18,13,6,14,10),(32,12,10,9,1),(33,13,10,9,8),(34,9,10,5,11),(35,12,26,1,0),(36,5,26,12,0),(37,5,26,13,0),(38,5,26,14,0),(39,5,26,15,0),(40,9,26,20,0),(41,5,26,13,1),(42,5,26,14,1),(43,5,26,15,1),(44,5,26,16,1),(45,5,26,7,2),(46,5,26,8,2),(47,5,26,9,2),(48,5,26,10,2),(49,5,26,11,2),(50,5,26,12,2),(51,5,26,14,2),(52,2,26,16,2),(53,5,26,7,3),(54,5,26,8,3),(55,5,26,9,3),(56,6,26,12,3),(57,5,26,13,3),(58,5,26,14,3),(59,5,26,7,4),(60,5,26,8,4),(61,0,26,9,4),(62,6,26,11,4),(63,6,26,12,4),(64,6,26,0,5),(65,6,26,11,5),(66,6,26,12,5),(67,6,26,13,5),(68,6,26,0,6),(69,6,26,1,6),(70,6,26,2,6),(71,6,26,3,6),(72,5,26,0,7),(73,5,26,1,7),(74,6,26,3,7),(75,4,26,18,7),(76,5,26,0,8),(77,5,26,1,8),(78,5,26,2,8),(79,5,26,4,8),(80,2,26,5,8),(81,4,26,16,8),(82,4,26,17,8),(83,4,26,18,8),(84,4,26,19,8),(85,0,26,20,8),(86,5,26,22,8),(87,5,26,23,8),(88,3,26,0,9),(89,3,26,1,9),(90,5,26,2,9),(91,5,26,3,9),(92,5,26,4,9),(93,3,26,13,9),(94,3,26,14,9),(95,4,26,19,9),(96,5,26,22,9),(97,5,26,23,9),(98,3,26,1,10),(99,3,26,2,10),(100,3,26,3,10),(101,5,26,4,10),(102,5,26,5,10),(103,3,26,13,10),(104,3,26,14,10),(105,4,26,19,10),(106,4,26,20,10),(107,5,26,22,10),(108,5,26,23,10),(109,3,26,2,11),(110,3,26,3,11),(111,3,26,4,11),(112,3,26,5,11),(113,3,26,9,11),(114,3,26,10,11),(115,3,26,11,11),(116,3,26,12,11),(117,3,26,13,11),(118,3,26,14,11),(119,4,26,20,11),(120,4,26,21,11),(121,5,26,22,11),(122,5,26,23,11),(123,3,26,2,12),(124,3,26,3,12),(125,3,26,4,12),(126,3,26,5,12),(127,3,26,9,12),(128,3,26,14,12),(129,4,26,19,12),(130,4,26,20,12),(131,5,26,21,12),(132,5,26,22,12),(133,3,26,1,13),(134,3,26,2,13),(135,3,26,3,13),(136,3,26,4,13),(137,3,26,5,13),(138,3,26,14,13),(139,4,26,19,13),(140,5,26,22,13),(141,0,26,1,14),(142,3,26,5,14),(143,0,26,7,14),(144,3,26,14,14),(145,3,26,15,14),(146,3,26,16,14),(147,5,26,6,15),(148,3,26,14,15),(149,3,26,15,15),(150,0,26,19,15),(151,5,26,5,16),(152,5,26,6,16),(153,5,26,7,16),(154,5,26,8,16),(155,5,26,9,16),(156,5,26,10,16),(157,4,26,11,16),(158,4,26,12,16),(159,4,26,13,16),(160,3,26,14,16),(161,6,26,15,16),(162,6,26,16,16),(163,6,26,17,16),(164,5,26,7,17),(165,5,26,8,17),(166,5,26,9,17),(167,4,26,10,17),(168,4,26,11,17),(169,4,26,12,17),(170,6,26,17,17),(171,2,26,5,18),(172,5,26,8,18),(173,4,26,9,18),(174,4,26,10,18),(175,4,26,11,18),(176,4,26,12,18),(177,6,26,17,18),(178,6,26,18,18),(179,4,26,21,18),(180,4,26,22,18),(181,4,26,23,18),(182,2,26,10,19),(183,4,26,12,19),(184,6,26,13,19),(185,11,26,17,19),(186,4,26,21,19),(187,4,26,22,19),(188,4,26,23,19),(189,4,26,12,20),(190,6,26,13,20),(191,0,26,14,20),(192,4,26,21,20),(193,4,26,22,20),(194,4,26,23,20),(195,4,26,12,21),(196,6,26,13,21),(197,4,26,21,21),(198,4,26,22,21),(199,4,26,23,21),(200,6,26,11,22),(201,6,26,12,22),(202,6,26,13,22),(203,4,26,22,22),(204,3,26,0,23),(205,3,26,1,23),(206,3,26,2,23),(207,3,26,3,23),(208,3,26,4,23),(209,3,26,5,23),(210,14,26,12,23),(211,3,26,0,24),(212,3,26,1,24),(213,3,26,2,24),(214,3,26,3,24),(215,3,26,4,24),(216,3,26,5,24),(217,3,26,0,25),(218,3,26,2,25),(219,3,26,4,25),(220,10,26,18,25),(221,3,26,0,26),(222,0,26,2,26),(223,3,26,4,26),(224,3,26,5,26),(225,3,26,0,27),(226,3,27,11,0),(227,3,27,12,0),(228,3,27,13,0),(229,3,27,14,0),(230,3,27,15,0),(231,3,27,16,0),(232,3,27,17,0),(233,5,27,20,0),(234,11,27,22,0),(235,3,27,11,1),(236,3,27,12,1),(237,3,27,13,1),(238,3,27,14,1),(239,3,27,16,1),(240,3,27,17,1),(241,3,27,18,1),(242,5,27,20,1),(243,5,27,21,1),(244,3,27,13,2),(245,3,27,14,2),(246,3,27,16,2),(247,5,27,20,2),(248,0,27,11,3),(249,5,27,19,3),(250,5,27,20,3),(251,2,27,1,4),(252,4,27,16,4),(253,0,27,17,4),(254,5,27,19,4),(255,5,27,20,4),(256,4,27,7,5),(257,4,27,13,5),(258,4,27,14,5),(259,4,27,15,5),(260,4,27,16,5),(261,5,27,19,5),(262,5,27,20,5),(263,4,27,5,6),(264,4,27,6,6),(265,4,27,7,6),(266,4,27,8,6),(267,4,27,12,6),(268,4,27,13,6),(269,4,27,14,6),(270,4,27,15,6),(271,5,27,19,6),(272,4,27,5,7),(273,4,27,6,7),(274,4,27,7,7),(275,4,27,13,7),(276,4,27,14,7),(277,4,27,15,7),(278,4,27,16,7),(279,5,27,19,7),(280,3,27,24,7),(281,4,27,6,8),(282,4,27,7,8),(283,4,27,13,8),(284,4,27,14,8),(285,3,27,24,8),(286,4,27,5,9),(287,4,27,6,9),(288,6,27,10,9),(289,8,27,16,9),(290,3,27,22,9),(291,3,27,23,9),(292,3,27,24,9),(293,3,27,25,9),(294,4,27,6,10),(295,4,27,7,10),(296,6,27,9,10),(297,6,27,10,10),(298,6,27,11,10),(299,3,27,20,10),(300,3,27,21,10),(301,3,27,22,10),(302,3,27,23,10),(303,3,27,24,10),(304,4,27,6,11),(305,6,27,7,11),(306,6,27,8,11),(307,6,27,9,11),(308,3,27,22,11),(309,3,27,23,11),(310,3,27,24,11),(311,6,27,8,12),(312,1,27,9,12),(313,3,27,22,12),(314,3,27,23,12),(315,0,27,1,13),(316,5,27,12,13),(317,5,27,13,13),(318,5,27,14,13),(319,3,27,22,13),(320,5,27,8,14),(321,5,27,9,14),(322,5,27,10,14),(323,5,27,11,14),(324,5,27,12,14),(325,5,27,13,14),(326,5,27,14,14),(327,6,27,0,15),(328,6,27,1,15),(329,5,27,10,15),(330,6,27,0,16),(331,6,27,1,16),(332,2,27,5,16),(333,5,27,10,16),(334,6,27,0,17),(335,6,27,0,18),(336,6,27,1,18),(337,3,27,2,18),(338,3,27,3,18),(339,3,27,4,18),(340,3,27,5,18),(341,5,27,8,18),(342,5,27,9,18),(343,6,27,0,19),(344,3,27,2,19),(345,3,27,3,19),(346,3,27,4,19),(347,3,27,5,19),(348,5,27,8,19),(349,6,27,0,20),(350,6,27,2,20),(351,3,27,3,20),(352,3,27,4,20),(353,3,27,5,20),(354,3,27,6,20),(355,5,27,7,20),(356,5,27,8,20),(357,5,27,9,20),(358,6,27,0,21),(359,6,27,1,21),(360,6,27,2,21),(361,6,27,3,21),(362,3,27,4,21),(363,3,27,5,21),(364,3,27,6,21),(365,3,27,7,21),(366,5,27,8,21),(367,5,27,9,21),(368,5,27,10,21),(369,5,27,11,21),(370,5,27,12,21),(371,0,27,13,21),(372,6,27,0,22),(373,6,27,1,22),(374,3,27,6,22),(375,4,27,7,22),(376,4,27,8,22),(377,5,27,9,22),(378,4,27,10,22),(379,4,27,11,22),(380,4,27,16,22),(381,4,27,18,22),(382,4,27,5,23),(383,4,27,6,23),(384,4,27,7,23),(385,4,27,8,23),(386,4,27,9,23),(387,4,27,10,23),(388,4,27,11,23),(389,4,27,12,23),(390,4,27,15,23),(391,4,27,16,23),(392,4,27,17,23),(393,4,27,18,23),(394,4,27,7,24),(395,4,27,8,24),(396,4,27,9,24),(397,4,27,15,24),(398,4,27,16,24),(399,4,27,17,24),(400,4,27,18,24),(401,4,27,19,24),(402,5,27,0,25),(403,3,27,1,25),(404,3,27,2,25),(405,3,27,3,25),(406,3,27,4,25),(407,4,27,16,25),(408,4,27,17,25),(409,5,27,0,26),(410,3,27,1,26),(411,3,27,2,26),(412,3,27,3,26),(413,2,27,5,26),(414,4,27,17,26),(415,5,27,20,26),(416,5,27,21,26),(417,5,27,0,27),(418,5,27,1,27),(419,3,27,2,27),(420,3,27,3,27),(421,3,27,4,27),(422,5,27,16,27),(423,4,27,17,27),(424,5,27,19,27),(425,5,27,20,27),(426,5,27,21,27),(427,5,27,0,28),(428,3,27,1,28),(429,3,27,2,28),(430,3,27,3,28),(431,6,27,15,28),(432,5,27,16,28),(433,5,27,17,28),(434,5,27,18,28),(435,5,27,19,28),(436,5,27,20,28),(437,5,27,21,28),(438,5,27,0,29),(439,5,27,1,29),(440,3,27,2,29),(441,3,27,3,29),(442,3,27,4,29),(443,6,27,11,29),(444,6,27,12,29),(445,6,27,13,29),(446,6,27,14,29),(447,6,27,15,29),(448,6,27,16,29),(449,6,27,17,29),(450,6,27,18,29),(451,13,27,19,29),(452,5,27,0,30),(453,5,27,1,30),(454,5,27,2,30),(455,5,27,3,30),(456,3,27,4,30),(457,6,27,15,30),(458,6,27,16,30),(459,6,27,17,30),(460,6,27,18,30),(461,10,28,6,0),(462,6,28,10,0),(463,6,28,11,0),(464,6,28,12,0),(465,6,28,13,0),(466,6,28,10,1),(467,6,28,12,1),(468,1,28,14,1),(469,3,28,10,2),(470,3,28,11,2),(471,3,28,12,2),(472,11,28,19,2),(473,6,28,3,3),(474,3,28,10,3),(475,3,28,11,3),(476,3,28,12,3),(477,3,28,13,3),(478,3,28,14,3),(479,6,28,2,4),(480,6,28,3,4),(481,6,28,4,4),(482,6,28,5,4),(483,6,28,6,4),(484,3,28,8,4),(485,3,28,9,4),(486,3,28,10,4),(487,3,28,14,4),(488,3,28,15,4),(489,6,28,2,5),(490,6,28,4,5),(491,6,28,5,5),(492,6,28,6,5),(493,6,28,7,5),(494,5,28,8,5),(495,3,28,9,5),(496,3,28,10,5),(497,3,28,11,5),(498,3,28,14,5),(499,3,28,15,5),(500,3,28,16,5),(501,3,28,17,5),(502,6,28,2,6),(503,5,28,7,6),(504,5,28,8,6),(505,5,28,9,6),(506,5,28,10,6),(507,5,28,11,6),(508,3,28,13,6),(509,3,28,14,6),(510,3,28,15,6),(511,3,28,16,6),(512,3,28,17,6),(513,0,28,8,7),(514,5,28,10,7),(515,5,28,11,7),(516,2,28,12,7),(517,3,28,14,7),(518,4,28,15,7),(519,3,28,16,7),(520,3,28,17,7),(521,3,28,18,7),(522,4,28,14,8),(523,4,28,15,8),(524,3,28,17,8),(525,6,28,20,8),(526,6,28,21,8),(527,5,28,4,9),(528,3,28,9,9),(529,3,28,10,9),(530,4,28,11,9),(531,4,28,12,9),(532,4,28,13,9),(533,4,28,14,9),(534,4,28,15,9),(535,6,28,19,9),(536,6,28,20,9),(537,5,28,2,10),(538,5,28,3,10),(539,5,28,4,10),(540,5,28,5,10),(541,3,28,8,10),(542,3,28,9,10),(543,3,28,10,10),(544,3,28,11,10),(545,4,28,12,10),(546,4,28,13,10),(547,4,28,14,10),(548,4,28,15,10),(549,6,28,20,10),(550,5,28,3,11),(551,5,28,4,11),(552,3,28,8,11),(553,3,28,9,11),(554,3,28,10,11),(555,3,28,11,11),(556,4,28,12,11),(557,4,28,13,11),(558,2,28,14,11),(559,6,28,20,11),(560,4,28,0,12),(561,4,28,1,12),(562,5,28,4,12),(563,9,28,8,12),(564,4,28,12,12),(565,4,28,13,12),(566,0,28,18,12),(567,4,28,1,13),(568,4,28,2,13),(569,4,28,3,13),(570,4,28,4,13),(571,4,28,5,13),(572,4,28,0,14),(573,4,28,1,14),(574,4,28,2,14),(575,4,28,3,14),(576,4,28,4,14),(577,4,28,5,14),(578,4,28,0,15),(579,4,28,1,15),(580,4,28,2,15),(581,4,28,3,15),(582,4,28,4,15),(583,4,28,5,15),(584,4,28,6,15),(585,4,28,0,16),(586,4,28,1,16),(587,1,28,16,16),(588,4,28,0,17),(589,4,28,1,17),(590,4,28,0,18),(591,4,28,1,18),(592,4,28,0,19),(593,4,28,1,19),(594,4,28,0,20),(595,4,28,1,20),(596,5,28,17,20),(597,4,28,0,21),(598,4,28,1,21),(599,4,28,2,21),(600,4,28,3,21),(601,4,28,4,21),(602,5,28,7,21),(603,5,28,8,21),(604,5,28,14,21),(605,5,28,15,21),(606,5,28,16,21),(607,5,28,17,21),(608,5,28,18,21),(609,5,28,19,21),(610,5,28,20,21),(611,4,28,0,22),(612,4,28,1,22),(613,4,28,2,22),(614,4,28,3,22),(615,0,28,4,22),(616,5,28,7,22),(617,5,28,8,22),(618,0,28,9,22),(619,12,28,15,22),(620,4,28,0,23),(621,4,28,1,23),(622,4,28,2,23),(623,5,28,8,23),(624,4,28,0,24),(625,4,28,1,24),(626,5,28,7,24),(627,5,28,8,24),(628,5,28,9,24),(629,4,28,0,25),(630,4,28,0,26),(631,4,28,1,26),(632,6,28,2,26),(633,6,28,3,26),(634,4,28,0,27),(635,6,28,1,27),(636,6,28,2,27),(637,6,28,3,27),(638,6,28,4,27),(639,0,38,0,0),(640,3,38,10,0),(641,3,38,11,0),(642,3,38,12,0),(643,3,38,13,0),(644,3,38,14,0),(645,3,38,15,0),(646,3,38,16,0),(647,3,38,17,0),(648,3,38,18,0),(649,3,38,19,0),(650,3,38,20,0),(651,3,38,21,0),(652,3,38,22,0),(653,3,38,23,0),(654,0,38,3,1),(655,3,38,11,1),(656,3,38,12,1),(657,3,38,13,1),(658,3,38,14,1),(659,3,38,15,1),(660,3,38,16,1),(661,3,38,17,1),(662,3,38,18,1),(663,3,38,19,1),(664,3,38,20,1),(665,3,38,21,1),(666,3,38,22,1),(667,3,38,23,1),(668,3,38,24,1),(669,5,38,2,2),(670,3,38,10,2),(671,3,38,11,2),(672,3,38,12,2),(673,3,38,13,2),(674,3,38,14,2),(675,3,38,15,2),(676,3,38,16,2),(677,3,38,17,2),(678,3,38,18,2),(679,3,38,19,2),(680,3,38,20,2),(681,3,38,21,2),(682,3,38,22,2),(683,3,38,23,2),(684,3,38,24,2),(685,5,38,0,3),(686,5,38,1,3),(687,5,38,2,3),(688,3,38,9,3),(689,3,38,10,3),(690,3,38,11,3),(691,3,38,14,3),(692,3,38,15,3),(693,3,38,16,3),(694,3,38,17,3),(695,3,38,18,3),(696,3,38,19,3),(697,3,38,20,3),(698,3,38,21,3),(699,3,38,23,3),(700,5,38,0,4),(701,11,38,1,4),(702,3,38,9,4),(703,3,38,10,4),(704,3,38,13,4),(705,3,38,14,4),(706,3,38,15,4),(707,3,38,17,4),(708,3,38,18,4),(709,3,38,19,4),(710,3,38,20,4),(711,3,38,21,4),(712,0,38,24,4),(713,0,38,28,4),(714,5,38,0,5),(715,8,38,10,5),(716,3,38,18,5),(717,3,38,19,5),(718,3,38,20,5),(719,4,38,27,5),(720,5,38,0,6),(721,4,38,26,6),(722,4,38,27,6),(723,4,38,28,6),(724,5,38,0,7),(725,6,38,6,7),(726,4,38,24,7),(727,4,38,25,7),(728,4,38,26,7),(729,4,38,27,7),(730,4,38,28,7),(731,4,38,29,7),(732,5,38,0,8),(733,6,38,5,8),(734,6,38,6,8),(735,4,38,24,8),(736,4,38,25,8),(737,4,38,26,8),(738,4,38,27,8),(739,4,38,28,8),(740,4,38,29,8),(741,5,38,0,9),(742,6,38,5,9),(743,6,38,6,9),(744,6,38,7,9),(745,6,38,8,9),(746,4,38,23,9),(747,4,38,24,9),(748,4,38,25,9),(749,4,38,26,9),(750,4,38,27,9),(751,4,38,28,9),(752,4,38,29,9),(753,5,38,0,10),(754,5,38,2,10),(755,5,38,3,10),(756,6,38,7,10),(757,6,38,8,10),(758,4,38,24,10),(759,4,38,25,10),(760,4,38,26,10),(761,4,38,27,10),(762,4,38,28,10),(763,4,38,29,10),(764,5,38,0,11),(765,5,38,1,11),(766,5,38,3,11),(767,6,38,6,11),(768,4,38,24,11),(769,4,38,29,11),(770,5,38,0,12),(771,5,38,1,12),(772,5,38,2,12),(773,5,38,3,12),(774,5,38,4,12),(775,2,38,26,12),(776,5,38,0,13),(777,5,38,1,13),(778,5,38,2,13),(779,5,38,3,13),(780,5,38,4,13),(781,5,38,0,14),(782,5,38,2,14),(783,5,38,3,14),(784,5,38,2,15),(785,5,38,28,15),(786,13,38,1,16),(787,6,38,8,16),(788,5,38,28,16),(789,5,38,29,16),(790,6,38,8,17),(791,5,38,27,17),(792,5,38,28,17),(793,5,38,29,17),(794,6,38,4,18),(795,6,38,5,18),(796,6,38,6,18),(797,6,38,7,18),(798,6,38,8,18),(799,5,38,27,18),(800,5,38,28,18),(801,5,38,29,18),(802,4,38,1,19),(803,6,38,5,19),(804,6,38,6,19),(805,5,38,28,19),(806,5,38,29,19),(807,4,38,1,20),(808,4,38,2,20),(809,4,38,3,20),(810,0,38,10,20),(811,5,38,29,20),(812,4,38,1,21),(813,4,38,2,21),(814,4,38,3,21),(815,4,38,4,21),(816,5,38,27,21),(817,5,38,28,21),(818,5,38,29,21),(819,4,38,1,22),(820,4,38,2,22),(821,4,38,3,22),(822,4,38,4,22),(823,4,38,5,22),(824,6,38,26,22),(825,5,38,27,22),(826,5,38,28,22),(827,5,38,29,22),(828,4,38,2,23),(829,4,38,3,23),(830,4,38,4,23),(831,4,38,5,23),(832,12,38,7,23),(833,0,38,18,23),(834,6,38,26,23),(835,6,38,27,23),(836,6,38,28,23),(837,6,38,29,23),(838,4,38,3,24),(839,4,38,5,24),(840,6,38,27,24),(841,6,38,28,24),(842,6,38,29,24),(843,14,38,22,25),(844,5,38,28,25),(845,6,38,29,25),(846,5,38,0,26),(847,5,38,1,26),(848,5,38,4,26),(849,5,38,5,26),(850,5,38,28,26),(851,6,38,29,26),(852,5,38,0,27),(853,5,38,1,27),(854,5,38,2,27),(855,5,38,4,27),(856,5,38,5,27),(857,5,38,25,27),(858,5,38,26,27),(859,5,38,28,27),(860,5,38,29,27),(861,5,38,0,28),(862,5,38,1,28),(863,5,38,2,28),(864,5,38,3,28),(865,5,38,4,28),(866,2,38,17,28),(867,5,38,20,28),(868,5,38,26,28),(869,5,38,28,28),(870,5,38,0,29),(871,5,38,1,29),(872,5,38,2,29),(873,5,38,3,29),(874,5,38,16,29),(875,5,38,19,29),(876,5,38,20,29),(877,5,38,21,29),(878,5,38,22,29),(879,5,38,23,29),(880,5,38,24,29),(881,5,38,25,29),(882,5,38,26,29),(883,5,41,5,0),(884,5,41,6,0),(885,5,41,8,0),(886,5,41,10,0),(887,5,41,19,0),(888,5,41,20,0),(889,5,41,21,0),(890,5,41,22,0),(891,5,41,23,0),(892,5,41,24,0),(893,5,41,25,0),(894,5,41,26,0),(895,5,41,27,0),(896,4,41,1,1),(897,4,41,2,1),(898,4,41,3,1),(899,5,41,4,1),(900,5,41,5,1),(901,5,41,6,1),(902,5,41,7,1),(903,5,41,8,1),(904,5,41,9,1),(905,5,41,10,1),(906,5,41,21,1),(907,5,41,22,1),(908,5,41,23,1),(909,5,41,24,1),(910,5,41,25,1),(911,5,41,26,1),(912,5,41,27,1),(913,4,41,2,2),(914,4,41,3,2),(915,5,41,4,2),(916,5,41,5,2),(917,5,41,6,2),(918,5,41,7,2),(919,5,41,8,2),(920,5,41,9,2),(921,5,41,22,2),(922,5,41,23,2),(923,5,41,24,2),(924,5,41,25,2),(925,5,41,26,2),(926,5,41,27,2),(927,4,41,2,3),(928,4,41,4,3),(929,5,41,5,3),(930,5,41,6,3),(931,5,41,7,3),(932,5,41,8,3),(933,5,41,9,3),(934,5,41,21,3),(935,5,41,22,3),(936,5,41,23,3),(937,4,41,1,4),(938,4,41,2,4),(939,4,41,3,4),(940,4,41,4,4),(941,4,41,5,4),(942,4,41,6,4),(943,5,41,7,4),(944,5,41,8,4),(945,5,41,9,4),(946,2,41,10,4),(947,0,41,17,4),(948,4,41,0,5),(949,4,41,1,5),(950,4,41,3,5),(951,4,41,4,5),(952,4,41,6,5),(953,4,41,7,5),(954,4,41,8,5),(955,4,41,9,5),(956,6,41,12,5),(957,6,41,13,5),(958,6,41,14,5),(959,6,41,15,5),(960,4,41,1,6),(961,4,41,3,6),(962,4,41,5,6),(963,4,41,6,6),(964,4,41,7,6),(965,4,41,8,6),(966,4,41,9,6),(967,4,41,10,6),(968,5,41,11,6),(969,5,41,12,6),(970,6,41,13,6),(971,6,41,14,6),(972,6,41,15,6),(973,6,41,16,6),(974,6,41,17,6),(975,4,41,3,7),(976,4,41,5,7),(977,4,41,6,7),(978,4,41,7,7),(979,4,41,8,7),(980,4,41,9,7),(981,5,41,10,7),(982,5,41,11,7),(983,5,41,12,7),(984,5,41,13,7),(985,8,41,17,7),(986,4,41,3,8),(987,4,41,4,8),(988,4,41,5,8),(989,3,41,6,8),(990,3,41,7,8),(991,4,41,8,8),(992,0,41,9,8),(993,5,41,11,8),(994,5,41,12,8),(995,5,41,13,8),(996,3,41,5,9),(997,3,41,6,9),(998,3,41,7,9),(999,4,41,8,9),(1000,5,41,11,9),(1001,5,41,12,9),(1002,5,41,13,9),(1003,3,41,5,10),(1004,3,41,6,10),(1005,3,41,7,10),(1006,3,41,8,10),(1007,3,41,9,10),(1008,5,41,11,10),(1009,5,41,12,10),(1010,5,41,13,10),(1011,5,41,14,10),(1012,0,41,4,11),(1013,3,41,7,11),(1014,3,41,8,11),(1015,3,41,9,11),(1016,3,41,10,11),(1017,5,41,11,11),(1018,5,41,12,11),(1019,5,41,13,11),(1020,5,41,14,11),(1021,5,41,15,11),(1022,3,41,6,12),(1023,3,41,7,12),(1024,3,41,8,12),(1025,3,41,9,12),(1026,3,41,10,12),(1027,5,41,11,12),(1028,5,41,12,12),(1029,13,41,13,12),(1030,6,41,19,12),(1031,14,41,20,12),(1032,3,41,4,13),(1033,3,41,5,13),(1034,3,41,6,13),(1035,3,41,7,13),(1036,0,41,8,13),(1037,3,41,10,13),(1038,3,41,11,13),(1039,5,41,12,13),(1040,6,41,19,13),(1041,11,41,1,14),(1042,3,41,5,14),(1043,3,41,6,14),(1044,3,41,7,14),(1045,3,41,10,14),(1046,5,41,12,14),(1047,6,41,13,14),(1048,6,41,14,14),(1049,6,41,15,14),(1050,6,41,16,14),(1051,6,41,17,14),(1052,6,41,18,14),(1053,6,41,19,14),(1054,3,41,5,15),(1055,3,41,6,15),(1056,3,41,7,15),(1057,3,41,8,15),(1058,3,41,9,15),(1059,3,41,10,15),(1060,3,41,11,15),(1061,6,41,12,15),(1062,6,41,13,15),(1063,6,41,15,15),(1064,6,41,16,15),(1065,6,41,17,15),(1066,6,41,18,15),(1067,6,41,19,15),(1068,3,41,5,16),(1069,3,41,6,16),(1070,6,41,12,16),(1071,6,41,13,16),(1072,6,41,25,16),(1073,6,41,26,16),(1074,3,41,5,17),(1075,1,41,12,17),(1076,6,41,25,17),(1077,6,41,26,17),(1078,6,41,27,17),(1079,3,41,5,18),(1080,3,41,6,18),(1081,0,41,16,18),(1082,6,41,26,18),(1083,6,41,27,18),(1084,3,41,5,19),(1085,3,41,6,19),(1086,6,41,26,19),(1087,3,41,6,20),(1088,6,41,26,20),(1089,2,41,10,21),(1090,5,41,17,21),(1091,5,41,18,21),(1092,5,41,19,21),(1093,5,41,20,21),(1094,6,41,7,22),(1095,6,41,8,22),(1096,5,41,20,22),(1097,6,41,8,23),(1098,6,41,9,23),(1099,5,41,17,23),(1100,5,41,18,23),(1101,5,41,19,23),(1102,5,41,20,23),(1103,5,41,21,23),(1104,5,41,22,23),(1105,5,41,23,23),(1106,5,41,24,23),(1107,5,41,25,23),(1108,2,41,2,24),(1109,6,41,6,24),(1110,6,41,7,24),(1111,6,41,8,24),(1112,6,41,9,24),(1113,6,41,10,24),(1114,5,41,21,24),(1115,5,41,22,24),(1116,5,41,23,24),(1117,5,41,24,24),(1118,5,41,25,24),(1119,5,41,26,24),(1120,5,41,27,24),(1121,3,41,1,25),(1122,3,41,4,25),(1123,2,41,9,25),(1124,3,41,13,25),(1125,5,41,21,25),(1126,5,41,22,25),(1127,0,41,23,25),(1128,4,41,25,25),(1129,5,41,26,25),(1130,5,41,27,25),(1131,3,41,1,26),(1132,3,41,2,26),(1133,3,41,3,26),(1134,3,41,4,26),(1135,3,41,5,26),(1136,3,41,11,26),(1137,3,41,12,26),(1138,3,41,13,26),(1139,3,41,14,26),(1140,3,41,15,26),(1141,4,41,25,26),(1142,3,41,1,27),(1143,3,41,2,27),(1144,3,41,3,27),(1145,3,41,4,27),(1146,3,41,5,27),(1147,3,41,9,27),(1148,6,41,10,27),(1149,6,41,11,27),(1150,3,41,12,27),(1151,3,41,13,27),(1152,4,41,25,27),(1153,4,41,26,27),(1154,3,41,0,28),(1155,3,41,1,28),(1156,3,41,2,28),(1157,3,41,3,28),(1158,3,41,4,28),(1159,3,41,9,28),(1160,3,41,10,28),(1161,3,41,11,28),(1162,3,41,12,28),(1163,6,41,13,28),(1164,3,41,14,28),(1165,4,41,23,28),(1166,4,41,24,28),(1167,4,41,25,28),(1168,4,41,26,28),(1169,4,41,27,28),(1170,3,41,0,29),(1171,3,41,2,29),(1172,3,41,11,29),(1173,3,41,12,29),(1174,3,41,13,29),(1175,3,41,14,29),(1176,3,41,15,29),(1177,3,41,16,29),(1178,0,41,23,29),(1179,4,41,25,29),(1180,4,41,26,29),(1181,4,41,27,29),(1182,3,41,1,30),(1183,3,41,2,30),(1184,3,41,13,30),(1185,4,41,25,30),(1186,4,41,26,30),(1187,4,41,27,30),(1188,3,41,2,31),(1189,3,41,13,31),(1190,4,41,23,31),(1191,4,41,24,31),(1192,4,41,25,31),(1193,4,41,26,31),(1194,4,41,27,31),(1195,13,45,0,0),(1196,10,45,7,0),(1197,12,45,14,0),(1198,8,45,2,3),(1199,8,45,0,7),(1200,14,45,14,7),(1201,9,45,7,12),(1202,5,50,8,0),(1203,5,50,9,0),(1204,5,50,10,0),(1205,5,50,11,0),(1206,5,50,12,0),(1207,5,50,13,0),(1208,5,50,14,0),(1209,5,50,15,0),(1210,5,50,16,0),(1211,5,50,17,0),(1212,5,50,18,0),(1213,5,50,19,0),(1214,5,50,20,0),(1215,5,50,21,0),(1216,5,50,22,0),(1217,5,50,23,0),(1218,5,50,7,1),(1219,5,50,8,1),(1220,5,50,9,1),(1221,5,50,10,1),(1222,5,50,11,1),(1223,5,50,12,1),(1224,2,50,13,1),(1225,5,50,15,1),(1226,5,50,16,1),(1227,5,50,17,1),(1228,5,50,18,1),(1229,5,50,19,1),(1230,0,50,26,1),(1231,5,50,6,2),(1232,5,50,7,2),(1233,5,50,8,2),(1234,5,50,10,2),(1235,5,50,12,2),(1236,5,50,16,2),(1237,5,50,17,2),(1238,5,50,18,2),(1239,5,50,19,2),(1240,4,50,0,3),(1241,5,50,8,3),(1242,5,50,9,3),(1243,3,50,12,3),(1244,3,50,14,3),(1245,5,50,16,3),(1246,5,50,17,3),(1247,4,50,0,4),(1248,5,50,9,4),(1249,3,50,10,4),(1250,3,50,12,4),(1251,3,50,13,4),(1252,3,50,14,4),(1253,5,50,16,4),(1254,5,50,17,4),(1255,4,50,0,5),(1256,4,50,1,5),(1257,0,50,2,5),(1258,2,50,8,5),(1259,3,50,10,5),(1260,3,50,11,5),(1261,3,50,12,5),(1262,3,50,13,5),(1263,3,50,14,5),(1264,3,50,15,5),(1265,5,50,16,5),(1266,3,50,17,5),(1267,10,50,24,5),(1268,4,50,0,6),(1269,4,50,1,6),(1270,6,50,7,6),(1271,3,50,11,6),(1272,2,50,12,6),(1273,3,50,14,6),(1274,3,50,15,6),(1275,3,50,16,6),(1276,3,50,17,6),(1277,3,50,18,6),(1278,3,50,19,6),(1279,4,50,0,7),(1280,4,50,1,7),(1281,3,50,2,7),(1282,6,50,7,7),(1283,6,50,8,7),(1284,3,50,9,7),(1285,3,50,10,7),(1286,3,50,11,7),(1287,3,50,15,7),(1288,3,50,16,7),(1289,3,50,17,7),(1290,3,50,18,7),(1291,3,50,19,7),(1292,4,50,1,8),(1293,3,50,2,8),(1294,6,50,8,8),(1295,6,50,9,8),(1296,6,50,10,8),(1297,3,50,11,8),(1298,3,50,12,8),(1299,3,50,13,8),(1300,3,50,14,8),(1301,3,50,15,8),(1302,3,50,16,8),(1303,6,50,23,8),(1304,4,50,0,9),(1305,4,50,1,9),(1306,3,50,2,9),(1307,5,50,8,9),(1308,6,50,9,9),(1309,6,50,10,9),(1310,6,50,11,9),(1311,6,50,23,9),(1312,6,50,24,9),(1313,6,50,25,9),(1314,3,50,0,10),(1315,3,50,1,10),(1316,3,50,2,10),(1317,5,50,8,10),(1318,6,50,9,10),(1319,6,50,22,10),(1320,6,50,23,10),(1321,6,50,24,10),(1322,6,50,25,10),(1323,6,50,26,10),(1324,3,50,1,11),(1325,3,50,2,11),(1326,5,50,7,11),(1327,5,50,8,11),(1328,6,50,9,11),(1329,6,50,23,11),(1330,6,50,24,11),(1331,0,50,25,11),(1332,3,50,0,12),(1333,3,50,1,12),(1334,5,50,7,12),(1335,5,50,8,12),(1336,5,50,9,12),(1337,5,50,10,12),(1338,5,50,11,12),(1339,5,50,12,12),(1340,0,50,19,12),(1341,3,50,0,13),(1342,3,50,1,13),(1343,3,50,2,13),(1344,3,50,3,13),(1345,4,50,4,13),(1346,4,50,5,13),(1347,5,50,7,13),(1348,5,50,8,13),(1349,5,50,11,13),(1350,5,50,12,13),(1351,5,50,13,13),(1352,3,50,23,13),(1353,3,50,24,13),(1354,3,50,25,13),(1355,3,50,26,13),(1356,3,50,28,13),(1357,3,50,0,14),(1358,3,50,1,14),(1359,3,50,2,14),(1360,6,50,3,14),(1361,4,50,4,14),(1362,4,50,5,14),(1363,4,50,6,14),(1364,5,50,7,14),(1365,5,50,8,14),(1366,5,50,12,14),(1367,3,50,22,14),(1368,3,50,23,14),(1369,3,50,24,14),(1370,3,50,25,14),(1371,3,50,26,14),(1372,3,50,27,14),(1373,3,50,28,14),(1374,6,50,2,15),(1375,6,50,3,15),(1376,4,50,5,15),(1377,4,50,6,15),(1378,5,50,7,15),(1379,4,50,8,15),(1380,4,50,9,15),(1381,4,50,10,15),(1382,4,50,11,15),(1383,5,50,12,15),(1384,2,50,14,15),(1385,3,50,22,15),(1386,3,50,23,15),(1387,3,50,24,15),(1388,6,50,2,16),(1389,6,50,3,16),(1390,6,50,4,16),(1391,4,50,5,16),(1392,4,50,6,16),(1393,5,50,7,16),(1394,4,50,8,16),(1395,4,50,9,16),(1396,4,50,10,16),(1397,4,50,11,16),(1398,5,50,12,16),(1399,3,50,21,16),(1400,3,50,22,16),(1401,3,50,23,16),(1402,3,50,24,16),(1403,3,50,25,16),(1404,3,50,26,16),(1405,6,50,27,16),(1406,6,50,28,16),(1407,6,50,3,17),(1408,4,50,4,17),(1409,4,50,5,17),(1410,4,50,8,17),(1411,4,50,9,17),(1412,4,50,10,17),(1413,4,50,11,17),(1414,4,50,12,17),(1415,3,50,21,17),(1416,3,50,22,17),(1417,3,50,23,17),(1418,3,50,24,17),(1419,3,50,25,17),(1420,3,50,26,17),(1421,6,50,28,17),(1422,6,50,29,17),(1423,6,50,3,18),(1424,6,50,4,18),(1425,6,50,5,18),(1426,6,50,6,18),(1427,4,50,9,18),(1428,4,50,10,18),(1429,4,50,11,18),(1430,4,50,12,18),(1431,3,50,21,18),(1432,3,50,22,18),(1433,5,50,23,18),(1434,5,50,24,18),(1435,5,50,25,18),(1436,6,50,26,18),(1437,6,50,27,18),(1438,6,50,28,18),(1439,6,50,29,18),(1440,6,50,30,18),(1441,4,50,9,19),(1442,4,50,10,19),(1443,4,50,11,19),(1444,3,50,21,19),(1445,5,50,22,19),(1446,5,50,23,19),(1447,5,50,24,19),(1448,5,50,25,19),(1449,6,50,28,19),(1450,6,50,29,19),(1451,4,50,9,20),(1452,0,50,10,20),(1453,3,50,20,20),(1454,3,50,21,20),(1455,3,50,22,20),(1456,5,50,23,20),(1457,5,50,24,20),(1458,5,50,25,20),(1459,5,50,26,20),(1460,5,50,27,20),(1461,4,50,9,21),(1462,3,50,22,21),(1463,5,50,23,21),(1464,5,50,24,21),(1465,5,50,25,21),(1466,5,50,7,22),(1467,5,50,22,22),(1468,5,50,23,22),(1469,5,50,24,22),(1470,5,50,25,22),(1471,5,50,26,22),(1472,5,50,0,23),(1473,5,50,7,23),(1474,5,50,22,23),(1475,5,50,24,23),(1476,4,50,25,23),(1477,4,50,26,23),(1478,4,50,27,23),(1479,4,50,28,23),(1480,5,50,0,24),(1481,5,50,1,24),(1482,5,50,2,24),(1483,5,50,3,24),(1484,5,50,4,24),(1485,5,50,5,24),(1486,5,50,6,24),(1487,5,50,7,24),(1488,5,50,8,24),(1489,4,50,25,24),(1490,4,50,26,24),(1491,4,50,27,24),(1492,4,50,28,24),(1493,5,50,0,25),(1494,5,50,1,25),(1495,5,50,2,25),(1496,5,50,3,25),(1497,5,50,4,25),(1498,5,50,5,25),(1499,5,50,6,25),(1500,5,50,7,25),(1501,5,50,8,25),(1502,5,50,9,25),(1503,4,50,26,25),(1504,4,50,27,25),(1505,4,50,28,25),(1506,6,64,19,0),(1507,6,64,20,0),(1508,6,64,21,0),(1509,3,64,26,0),(1510,3,64,27,0),(1511,6,64,20,1),(1512,6,64,21,1),(1513,6,64,22,1),(1514,3,64,23,1),(1515,3,64,24,1),(1516,3,64,26,1),(1517,3,64,27,1),(1518,12,64,14,2),(1519,3,64,22,2),(1520,3,64,23,2),(1521,3,64,24,2),(1522,3,64,27,2),(1523,4,64,10,3),(1524,3,64,22,3),(1525,3,64,23,3),(1526,3,64,24,3),(1527,3,64,25,3),(1528,3,64,26,3),(1529,3,64,27,3),(1530,4,64,9,4),(1531,4,64,10,4),(1532,4,64,11,4),(1533,4,64,12,4),(1534,3,64,23,4),(1535,3,64,26,4),(1536,4,64,9,5),(1537,4,64,10,5),(1538,4,64,11,5),(1539,4,64,12,5),(1540,8,64,20,5),(1541,3,64,23,5),(1542,3,64,24,5),(1543,3,64,25,5),(1544,4,64,26,5),(1545,4,64,8,6),(1546,4,64,9,6),(1547,4,64,10,6),(1548,3,64,23,6),(1549,3,64,24,6),(1550,4,64,26,6),(1551,4,64,10,7),(1552,4,64,11,7),(1553,3,64,24,7),(1554,4,64,25,7),(1555,4,64,26,7),(1556,4,64,27,7),(1557,4,64,11,8),(1558,5,64,14,8),(1559,4,64,25,8),(1560,4,64,26,8),(1561,4,64,27,8),(1562,3,64,8,9),(1563,3,64,9,9),(1564,4,64,11,9),(1565,5,64,13,9),(1566,5,64,14,9),(1567,5,64,15,9),(1568,5,64,16,9),(1569,4,64,24,9),(1570,4,64,25,9),(1571,4,64,26,9),(1572,4,64,27,9),(1573,2,64,2,10),(1574,3,64,9,10),(1575,4,64,11,10),(1576,4,64,12,10),(1577,4,64,13,10),(1578,5,64,14,10),(1579,5,64,16,10),(1580,0,64,24,10),(1581,4,64,26,10),(1582,3,64,8,11),(1583,3,64,9,11),(1584,3,64,10,11),(1585,3,64,11,11),(1586,4,64,12,11),(1587,4,64,13,11),(1588,4,64,26,11),(1589,3,64,7,12),(1590,3,64,8,12),(1591,3,64,10,12),(1592,3,64,11,12),(1593,4,64,12,12),(1594,14,64,13,12),(1595,13,64,16,12),(1596,3,64,8,13),(1597,4,64,10,13),(1598,4,64,11,13),(1599,4,64,12,13),(1600,6,64,8,14),(1601,6,64,9,14),(1602,0,64,10,14),(1603,4,64,12,14),(1604,5,64,18,14),(1605,5,64,19,14),(1606,5,64,20,14),(1607,6,64,6,15),(1608,6,64,7,15),(1609,6,64,8,15),(1610,6,64,9,15),(1611,4,64,12,15),(1612,5,64,17,15),(1613,5,64,18,15),(1614,5,64,19,15),(1615,5,64,20,15),(1616,6,64,5,16),(1617,6,64,6,16),(1618,4,64,12,16),(1619,1,64,22,16),(1620,6,64,4,17),(1621,6,64,5,17),(1622,6,64,6,17),(1623,6,64,5,18),(1624,6,64,12,18),(1625,4,64,5,19),(1626,4,64,6,19),(1627,4,64,7,19),(1628,0,64,8,19),(1629,4,64,10,19),(1630,6,64,11,19),(1631,6,64,12,19),(1632,6,64,13,19),(1633,6,64,14,19),(1634,11,64,23,19),(1635,4,64,6,20),(1636,4,64,7,20),(1637,4,64,10,20),(1638,4,64,11,20),(1639,6,64,12,20),(1640,0,64,13,20),(1641,6,64,22,20),(1642,5,64,0,21),(1643,5,64,1,21),(1644,4,64,6,21),(1645,4,64,7,21),(1646,4,64,9,21),(1647,4,64,10,21),(1648,4,64,11,21),(1649,4,64,12,21),(1650,6,64,20,21),(1651,6,64,21,21),(1652,6,64,22,21),(1653,5,64,0,22),(1654,5,64,1,22),(1655,4,64,7,22),(1656,4,64,8,22),(1657,4,64,9,22),(1658,4,64,10,22),(1659,4,64,11,22),(1660,4,64,12,22),(1661,2,64,20,22),(1662,6,64,22,22),(1663,5,64,0,23),(1664,4,64,6,23),(1665,4,64,7,23),(1666,4,64,8,23),(1667,4,64,10,23),(1668,4,64,11,23),(1669,4,64,12,23),(1670,6,64,22,23),(1671,5,64,0,24),(1672,5,64,1,24),(1673,4,64,7,24),(1674,4,64,11,24),(1675,3,71,0,0),(1676,3,71,1,0),(1677,3,71,2,0),(1678,3,71,3,0),(1679,3,71,4,0),(1680,12,71,5,0),(1681,6,71,11,0),(1682,6,71,12,0),(1683,6,71,15,0),(1684,3,71,17,0),(1685,3,71,1,1),(1686,0,71,2,1),(1687,3,71,4,1),(1688,6,71,12,1),(1689,6,71,13,1),(1690,6,71,14,1),(1691,6,71,15,1),(1692,3,71,17,1),(1693,3,71,18,1),(1694,3,71,19,1),(1695,3,71,20,1),(1696,3,71,4,2),(1697,6,71,13,2),(1698,6,71,15,2),(1699,6,71,16,2),(1700,3,71,17,2),(1701,3,71,18,2),(1702,3,71,19,2),(1703,3,71,20,2),(1704,3,71,3,3),(1705,3,71,4,3),(1706,0,71,12,3),(1707,5,71,17,3),(1708,3,71,18,3),(1709,6,71,19,3),(1710,6,71,20,3),(1711,6,71,21,3),(1712,6,71,22,3),(1713,6,71,23,3),(1714,3,71,4,4),(1715,5,71,17,4),(1716,3,71,18,4),(1717,3,71,19,4),(1718,6,71,20,4),(1719,6,71,21,4),(1720,6,71,23,4),(1721,3,71,4,5),(1722,5,71,14,5),(1723,5,71,15,5),(1724,5,71,16,5),(1725,5,71,17,5),(1726,0,71,19,5),(1727,6,71,21,5),(1728,4,71,6,6),(1729,5,71,16,6),(1730,5,71,17,6),(1731,5,71,18,6),(1732,6,71,21,6),(1733,4,71,6,7),(1734,4,71,7,7),(1735,5,71,14,7),(1736,5,71,15,7),(1737,5,71,16,7),(1738,5,71,17,7),(1739,4,71,6,8),(1740,4,71,7,8),(1741,5,71,9,8),(1742,5,71,13,8),(1743,5,71,14,8),(1744,5,71,15,8),(1745,5,71,16,8),(1746,5,71,17,8),(1747,3,71,22,8),(1748,3,71,23,8),(1749,4,71,5,9),(1750,4,71,6,9),(1751,4,71,7,9),(1752,4,71,8,9),(1753,5,71,9,9),(1754,5,71,11,9),(1755,5,71,12,9),(1756,5,71,13,9),(1757,5,71,14,9),(1758,5,71,15,9),(1759,5,71,16,9),(1760,1,71,19,9),(1761,3,71,21,9),(1762,3,71,22,9),(1763,6,71,28,9),(1764,4,71,3,10),(1765,4,71,4,10),(1766,4,71,5,10),(1767,4,71,6,10),(1768,4,71,7,10),(1769,5,71,8,10),(1770,5,71,9,10),(1771,5,71,12,10),(1772,5,71,14,10),(1773,5,71,15,10),(1774,5,71,16,10),(1775,5,71,17,10),(1776,3,71,21,10),(1777,3,71,22,10),(1778,6,71,27,10),(1779,6,71,28,10),(1780,6,71,29,10),(1781,4,71,3,11),(1782,4,71,4,11),(1783,4,71,5,11),(1784,5,71,7,11),(1785,5,71,8,11),(1786,5,71,9,11),(1787,5,71,10,11),(1788,5,71,12,11),(1789,5,71,13,11),(1790,5,71,14,11),(1791,5,71,16,11),(1792,3,71,22,11),(1793,3,71,23,11),(1794,6,71,27,11),(1795,6,71,28,11),(1796,6,71,29,11),(1797,6,71,30,11),(1798,4,71,3,12),(1799,4,71,4,12),(1800,4,71,5,12),(1801,5,71,7,12),(1802,5,71,9,12),(1803,5,71,10,12),(1804,5,71,11,12),(1805,5,71,12,12),(1806,5,71,13,12),(1807,0,71,14,12),(1808,3,71,22,12),(1809,0,71,24,12),(1810,6,71,29,12),(1811,4,71,3,13),(1812,0,71,7,13),(1813,5,71,11,13),(1814,5,71,12,13),(1815,5,71,13,13),(1816,3,71,21,13),(1817,3,71,22,13),(1818,6,71,29,13),(1819,5,71,12,14),(1820,5,71,13,14),(1821,5,71,14,14),(1822,5,71,15,14),(1823,3,71,21,14),(1824,5,71,11,15),(1825,5,71,12,15),(1826,0,71,3,16),(1827,5,71,12,16),(1828,6,71,24,16),(1829,10,71,25,16),(1830,5,71,7,17),(1831,5,71,12,17),(1832,2,71,22,17),(1833,6,71,24,17),(1834,4,71,3,18),(1835,5,71,6,18),(1836,5,71,7,18),(1837,5,71,8,18),(1838,6,71,21,18),(1839,6,71,24,18),(1840,4,71,1,19),(1841,4,71,2,19),(1842,4,71,3,19),(1843,4,71,4,19),(1844,5,71,6,19),(1845,5,71,7,19),(1846,5,71,8,19),(1847,5,71,9,19),(1848,5,71,10,19),(1849,5,71,11,19),(1850,5,71,12,19),(1851,6,71,21,19),(1852,6,71,22,19),(1853,6,71,23,19),(1854,6,71,24,19),(1855,4,71,0,20),(1856,4,71,1,20),(1857,4,71,2,20),(1858,4,71,3,20),(1859,4,71,4,20),(1860,5,71,9,20),(1861,5,71,10,20),(1862,5,71,11,20),(1863,5,71,12,20),(1864,3,71,20,20),(1865,6,71,21,20),(1866,6,71,22,20),(1867,4,71,0,21),(1868,4,71,1,21),(1869,4,71,2,21),(1870,4,71,3,21),(1871,4,71,4,21),(1872,5,71,10,21),(1873,5,71,11,21),(1874,5,71,12,21),(1875,5,71,13,21),(1876,5,71,14,21),(1877,2,71,17,21),(1878,3,71,19,21),(1879,3,71,20,21),(1880,3,71,21,21),(1881,4,71,1,22),(1882,4,71,2,22),(1883,4,71,3,22),(1884,4,71,4,22),(1885,5,71,9,22),(1886,5,71,10,22),(1887,5,71,11,22),(1888,5,71,12,22),(1889,3,71,19,22),(1890,3,71,20,22),(1891,3,71,21,22),(1892,4,71,1,23),(1893,0,71,2,23),(1894,4,71,4,23),(1895,5,71,10,23),(1896,5,71,11,23),(1897,5,71,12,23),(1898,5,71,13,23),(1899,3,71,20,23),(1900,3,71,21,23),(1901,4,71,30,23),(1902,5,71,10,24),(1903,3,71,21,24),(1904,11,71,22,24),(1905,4,71,28,24),(1906,4,71,29,24),(1907,4,71,30,24),(1908,6,71,10,25),(1909,3,71,21,25),(1910,4,71,28,25),(1911,4,71,29,25),(1912,4,71,30,25),(1913,6,71,10,26),(1914,6,71,11,26),(1915,6,71,12,26),(1916,6,71,13,26),(1917,6,71,14,26),(1918,3,71,21,26),(1919,4,71,28,26),(1920,4,71,29,26),(1921,2,71,10,27),(1922,6,71,12,27),(1923,6,71,13,27),(1924,6,71,14,27),(1925,4,71,26,27),(1926,4,71,27,27),(1927,4,71,28,27),(1928,4,71,29,27),(1929,6,71,13,28),(1930,4,71,26,28),(1931,4,71,27,28),(1932,4,71,28,28),(1933,4,71,29,28),(1934,4,71,30,28),(1935,4,71,26,29),(1936,4,71,28,29),(1937,4,71,29,29),(1938,13,75,0,0),(1939,10,75,7,0),(1940,12,75,14,0),(1941,8,75,2,3),(1942,8,75,0,7),(1943,14,75,14,7),(1944,9,75,7,12);
/*!40000 ALTER TABLE `tiles` ENABLE KEYS */;
UNLOCK TABLES;

--
-- Table structure for table `units`
--

DROP TABLE IF EXISTS `units`;
/*!40101 SET @saved_cs_client     = @@character_set_client */;
/*!40101 SET character_set_client = utf8 */;
CREATE TABLE `units` (
  `id` int(11) NOT NULL AUTO_INCREMENT,
  `level` tinyint(2) unsigned NOT NULL,
  `location_id` int(10) unsigned NOT NULL,
  `location_type` tinyint(2) unsigned NOT NULL DEFAULT '0',
  `player_id` int(11) DEFAULT NULL,
  `upgrade_ends_at` datetime DEFAULT NULL,
  `pause_remainder` int(10) unsigned DEFAULT NULL,
  `xp` mediumint(8) unsigned NOT NULL DEFAULT '0',
  `type` varchar(50) NOT NULL,
  `flank` tinyint(2) unsigned NOT NULL DEFAULT '0',
  `location_x` mediumint(9) DEFAULT NULL,
  `location_y` mediumint(9) DEFAULT NULL,
  `route_id` int(11) DEFAULT NULL,
  `galaxy_id` int(11) NOT NULL,
  `stance` tinyint(2) unsigned NOT NULL DEFAULT '0',
  `construction_mod` tinyint(2) unsigned NOT NULL DEFAULT '0',
  `stored` int(10) unsigned NOT NULL DEFAULT '0',
  `metal` float NOT NULL DEFAULT '0',
  `energy` float NOT NULL DEFAULT '0',
  `zetium` float NOT NULL DEFAULT '0',
  `hp_percentage` float unsigned NOT NULL DEFAULT '1',
  PRIMARY KEY (`id`),
  KEY `location` (`player_id`,`location_id`,`location_type`),
  KEY `location_and_player` (`location_type`,`location_id`,`location_x`,`location_y`,`player_id`),
  KEY `index_units_on_route_id` (`route_id`),
  KEY `type` (`player_id`,`type`),
  KEY `foreign_key` (`galaxy_id`),
  CONSTRAINT `units_ibfk_1` FOREIGN KEY (`player_id`) REFERENCES `players` (`id`) ON DELETE SET NULL,
  CONSTRAINT `units_ibfk_2` FOREIGN KEY (`galaxy_id`) REFERENCES `galaxies` (`id`) ON DELETE CASCADE,
  CONSTRAINT `units_ibfk_3` FOREIGN KEY (`route_id`) REFERENCES `routes` (`id`) ON DELETE SET NULL
) ENGINE=InnoDB AUTO_INCREMENT=2330 DEFAULT CHARSET=utf8;
/*!40101 SET character_set_client = @saved_cs_client */;

--
-- Dumping data for table `units`
--

LOCK TABLES `units` WRITE;
/*!40000 ALTER TABLE `units` DISABLE KEYS */;
INSERT INTO `units` VALUES (1,1,1,2,NULL,NULL,NULL,0,'Gnawer',0,NULL,NULL,NULL,1,0,0,0,0,0,0,1),(2,1,1,2,NULL,NULL,NULL,0,'Gnawer',0,NULL,NULL,NULL,1,0,0,0,0,0,0,1),(3,1,1,2,NULL,NULL,NULL,0,'Spudder',0,NULL,NULL,NULL,1,0,0,0,0,0,0,1),(4,1,1,2,NULL,NULL,NULL,0,'Spudder',1,NULL,NULL,NULL,1,0,0,0,0,0,0,1),(5,1,1,2,NULL,NULL,NULL,0,'Spudder',1,NULL,NULL,NULL,1,0,0,0,0,0,0,1),(6,1,1,2,NULL,NULL,NULL,0,'Spudder',1,NULL,NULL,NULL,1,0,0,0,0,0,0,1),(7,1,1,2,NULL,NULL,NULL,0,'Spudder',0,NULL,NULL,NULL,1,0,0,0,0,0,0,1),(8,1,1,2,NULL,NULL,NULL,0,'Spudder',0,NULL,NULL,NULL,1,0,0,0,0,0,0,1),(9,1,1,2,NULL,NULL,NULL,0,'Glancer',1,NULL,NULL,NULL,1,0,0,0,0,0,0,1),(10,1,1,2,NULL,NULL,NULL,0,'Glancer',1,NULL,NULL,NULL,1,0,0,0,0,0,0,1),(11,1,1,2,NULL,NULL,NULL,0,'Glancer',1,NULL,NULL,NULL,1,0,0,0,0,0,0,1),(12,1,1,2,NULL,NULL,NULL,0,'Glancer',1,NULL,NULL,NULL,1,0,0,0,0,0,0,1),(13,1,1,2,NULL,NULL,NULL,0,'Glancer',1,NULL,NULL,NULL,1,0,0,0,0,0,0,1),(14,1,1,2,NULL,NULL,NULL,0,'Glancer',1,NULL,NULL,NULL,1,0,0,0,0,0,0,1),(15,1,1,2,NULL,NULL,NULL,0,'Gnat',1,NULL,NULL,NULL,1,0,0,0,0,0,0,1),(16,1,1,2,NULL,NULL,NULL,0,'Gnat',0,NULL,NULL,NULL,1,0,0,0,0,0,0,1),(17,1,1,2,NULL,NULL,NULL,0,'Gnat',0,NULL,NULL,NULL,1,0,0,0,0,0,0,1),(18,1,1,2,NULL,NULL,NULL,0,'Gnat',0,NULL,NULL,NULL,1,0,0,0,0,0,0,1),(19,1,1,2,NULL,NULL,NULL,0,'Gnat',1,NULL,NULL,NULL,1,0,0,0,0,0,0,1),(20,1,1,2,NULL,NULL,NULL,0,'Gnat',1,NULL,NULL,NULL,1,0,0,0,0,0,0,1),(21,1,1,2,NULL,NULL,NULL,0,'Gnat',0,NULL,NULL,NULL,1,0,0,0,0,0,0,1),(22,1,1,2,NULL,NULL,NULL,0,'Gnat',1,NULL,NULL,NULL,1,0,0,0,0,0,0,1),(23,1,1,2,NULL,NULL,NULL,0,'Gnat',0,NULL,NULL,NULL,1,0,0,0,0,0,0,1),(24,1,1,2,NULL,NULL,NULL,0,'Gnat',0,NULL,NULL,NULL,1,0,0,0,0,0,0,1),(25,1,1,1,NULL,NULL,NULL,0,'Demosis',0,0,270,NULL,1,0,0,0,0,0,0,1),(26,1,1,1,NULL,NULL,NULL,0,'Demosis',1,0,270,NULL,1,0,0,0,0,0,0,1),(27,1,1,1,NULL,NULL,NULL,0,'Demosis',1,0,270,NULL,1,0,0,0,0,0,0,1),(28,1,1,1,NULL,NULL,NULL,0,'Demosis',0,0,270,NULL,1,0,0,0,0,0,0,1),(29,1,1,1,NULL,NULL,NULL,0,'Demosis',0,0,270,NULL,1,0,0,0,0,0,0,1),(30,1,1,1,NULL,NULL,NULL,0,'Demosis',0,0,270,NULL,1,0,0,0,0,0,0,1),(31,1,1,1,NULL,NULL,NULL,0,'Demosis',0,0,270,NULL,1,0,0,0,0,0,0,1),(32,1,1,1,NULL,NULL,NULL,0,'Thor',1,0,270,NULL,1,0,0,0,0,0,0,1),(33,1,1,1,NULL,NULL,NULL,0,'Thor',0,0,270,NULL,1,0,0,0,0,0,0,1),(34,1,1,1,NULL,NULL,NULL,0,'Thor',1,0,270,NULL,1,0,0,0,0,0,0,1),(35,1,1,1,NULL,NULL,NULL,0,'Thor',1,0,270,NULL,1,0,0,0,0,0,0,1),(36,1,1,1,NULL,NULL,NULL,0,'Dirac',1,0,270,NULL,1,0,0,0,0,0,0,1),(37,1,1,1,NULL,NULL,NULL,0,'Dirac',1,0,270,NULL,1,0,0,0,0,0,0,1),(38,1,1,1,NULL,NULL,NULL,0,'Dirac',1,0,270,NULL,1,0,0,0,0,0,0,1),(39,1,1,1,NULL,NULL,NULL,0,'Dirac',0,0,270,NULL,1,0,0,0,0,0,0,1),(40,1,1,1,NULL,NULL,NULL,0,'Dirac',0,0,270,NULL,1,0,0,0,0,0,0,1),(41,1,1,1,NULL,NULL,NULL,0,'Dirac',1,0,270,NULL,1,0,0,0,0,0,0,1),(42,1,1,1,NULL,NULL,NULL,0,'Dirac',1,0,270,NULL,1,0,0,0,0,0,0,1),(43,1,1,1,NULL,NULL,NULL,0,'Dirac',1,0,270,NULL,1,0,0,0,0,0,0,1),(44,1,1,1,NULL,NULL,NULL,0,'Dirac',1,0,270,NULL,1,0,0,0,0,0,0,1),(45,1,1,1,NULL,NULL,NULL,0,'Dirac',0,0,270,NULL,1,0,0,0,0,0,0,1),(46,1,1,1,NULL,NULL,NULL,0,'Dirac',0,0,270,NULL,1,0,0,0,0,0,0,1),(47,1,4,2,NULL,NULL,NULL,0,'Gnawer',0,NULL,NULL,NULL,1,0,0,0,0,0,0,1),(48,1,4,2,NULL,NULL,NULL,0,'Gnawer',0,NULL,NULL,NULL,1,0,0,0,0,0,0,1),(49,1,4,2,NULL,NULL,NULL,0,'Spudder',1,NULL,NULL,NULL,1,0,0,0,0,0,0,1),(50,1,4,2,NULL,NULL,NULL,0,'Spudder',0,NULL,NULL,NULL,1,0,0,0,0,0,0,1),(51,1,4,2,NULL,NULL,NULL,0,'Spudder',1,NULL,NULL,NULL,1,0,0,0,0,0,0,1),(52,1,4,2,NULL,NULL,NULL,0,'Spudder',1,NULL,NULL,NULL,1,0,0,0,0,0,0,1),(53,1,4,2,NULL,NULL,NULL,0,'Spudder',0,NULL,NULL,NULL,1,0,0,0,0,0,0,1),(54,1,4,2,NULL,NULL,NULL,0,'Spudder',0,NULL,NULL,NULL,1,0,0,0,0,0,0,1),(55,1,4,2,NULL,NULL,NULL,0,'Spudder',0,NULL,NULL,NULL,1,0,0,0,0,0,0,1),(56,1,4,2,NULL,NULL,NULL,0,'Glancer',1,NULL,NULL,NULL,1,0,0,0,0,0,0,1),(57,1,4,2,NULL,NULL,NULL,0,'Glancer',1,NULL,NULL,NULL,1,0,0,0,0,0,0,1),(58,1,4,2,NULL,NULL,NULL,0,'Glancer',1,NULL,NULL,NULL,1,0,0,0,0,0,0,1),(59,1,4,2,NULL,NULL,NULL,0,'Glancer',1,NULL,NULL,NULL,1,0,0,0,0,0,0,1),(60,1,4,2,NULL,NULL,NULL,0,'Glancer',1,NULL,NULL,NULL,1,0,0,0,0,0,0,1),(61,1,4,2,NULL,NULL,NULL,0,'Glancer',1,NULL,NULL,NULL,1,0,0,0,0,0,0,1),(62,1,4,2,NULL,NULL,NULL,0,'Glancer',1,NULL,NULL,NULL,1,0,0,0,0,0,0,1),(63,1,4,2,NULL,NULL,NULL,0,'Gnat',1,NULL,NULL,NULL,1,0,0,0,0,0,0,1),(64,1,4,2,NULL,NULL,NULL,0,'Gnat',1,NULL,NULL,NULL,1,0,0,0,0,0,0,1),(65,1,4,2,NULL,NULL,NULL,0,'Gnat',0,NULL,NULL,NULL,1,0,0,0,0,0,0,1),(66,1,4,2,NULL,NULL,NULL,0,'Gnat',1,NULL,NULL,NULL,1,0,0,0,0,0,0,1),(67,1,4,2,NULL,NULL,NULL,0,'Gnat',1,NULL,NULL,NULL,1,0,0,0,0,0,0,1),(68,1,4,2,NULL,NULL,NULL,0,'Gnat',0,NULL,NULL,NULL,1,0,0,0,0,0,0,1),(69,1,4,2,NULL,NULL,NULL,0,'Gnat',1,NULL,NULL,NULL,1,0,0,0,0,0,0,1),(70,1,4,2,NULL,NULL,NULL,0,'Gnat',0,NULL,NULL,NULL,1,0,0,0,0,0,0,1),(71,1,4,2,NULL,NULL,NULL,0,'Gnat',1,NULL,NULL,NULL,1,0,0,0,0,0,0,1),(72,1,4,2,NULL,NULL,NULL,0,'Gnat',1,NULL,NULL,NULL,1,0,0,0,0,0,0,1),(73,1,4,2,NULL,NULL,NULL,0,'Gnat',0,NULL,NULL,NULL,1,0,0,0,0,0,0,1),(74,1,4,2,NULL,NULL,NULL,0,'Gnat',0,NULL,NULL,NULL,1,0,0,0,0,0,0,1),(75,1,4,2,NULL,NULL,NULL,0,'Gnat',0,NULL,NULL,NULL,1,0,0,0,0,0,0,1),(76,1,4,2,NULL,NULL,NULL,0,'Gnat',0,NULL,NULL,NULL,1,0,0,0,0,0,0,1),(77,1,4,2,NULL,NULL,NULL,0,'Gnat',1,NULL,NULL,NULL,1,0,0,0,0,0,0,1),(78,1,1,1,NULL,NULL,NULL,0,'Demosis',1,2,210,NULL,1,0,0,0,0,0,0,1),(79,1,1,1,NULL,NULL,NULL,0,'Demosis',1,2,210,NULL,1,0,0,0,0,0,0,1),(80,1,1,1,NULL,NULL,NULL,0,'Thor',0,2,210,NULL,1,0,0,0,0,0,0,1),(81,1,1,1,NULL,NULL,NULL,0,'Thor',0,2,210,NULL,1,0,0,0,0,0,0,1),(82,1,1,1,NULL,NULL,NULL,0,'Thor',1,2,210,NULL,1,0,0,0,0,0,0,1),(83,1,1,1,NULL,NULL,NULL,0,'Thor',1,2,210,NULL,1,0,0,0,0,0,0,1),(84,1,1,1,NULL,NULL,NULL,0,'Thor',1,2,210,NULL,1,0,0,0,0,0,0,1),(85,1,1,1,NULL,NULL,NULL,0,'Thor',0,2,210,NULL,1,0,0,0,0,0,0,1),(86,1,1,1,NULL,NULL,NULL,0,'Dirac',0,2,210,NULL,1,0,0,0,0,0,0,1),(87,1,1,1,NULL,NULL,NULL,0,'Dirac',0,2,210,NULL,1,0,0,0,0,0,0,1),(88,1,1,1,NULL,NULL,NULL,0,'Dirac',0,2,210,NULL,1,0,0,0,0,0,0,1),(89,1,1,1,NULL,NULL,NULL,0,'Dirac',1,2,210,NULL,1,0,0,0,0,0,0,1),(90,1,1,1,NULL,NULL,NULL,0,'Dirac',0,2,210,NULL,1,0,0,0,0,0,0,1),(91,1,1,1,NULL,NULL,NULL,0,'Dirac',1,2,210,NULL,1,0,0,0,0,0,0,1),(92,1,1,1,NULL,NULL,NULL,0,'Dirac',1,2,210,NULL,1,0,0,0,0,0,0,1),(93,1,1,1,NULL,NULL,NULL,0,'Dirac',1,2,210,NULL,1,0,0,0,0,0,0,1),(94,1,1,1,NULL,NULL,NULL,0,'Dirac',1,2,210,NULL,1,0,0,0,0,0,0,1),(95,1,1,1,NULL,NULL,NULL,0,'Dirac',0,2,210,NULL,1,0,0,0,0,0,0,1),(96,1,1,1,NULL,NULL,NULL,0,'Dirac',0,2,210,NULL,1,0,0,0,0,0,0,1),(97,1,1,1,NULL,NULL,NULL,0,'Dirac',1,2,210,NULL,1,0,0,0,0,0,0,1),(98,1,1,1,NULL,NULL,NULL,0,'Dirac',0,2,210,NULL,1,0,0,0,0,0,0,1),(99,1,6,2,NULL,NULL,NULL,0,'Gnawer',0,NULL,NULL,NULL,1,0,0,0,0,0,0,1),(100,1,6,2,NULL,NULL,NULL,0,'Gnawer',0,NULL,NULL,NULL,1,0,0,0,0,0,0,1),(101,1,6,2,NULL,NULL,NULL,0,'Gnawer',1,NULL,NULL,NULL,1,0,0,0,0,0,0,1),(102,1,6,2,NULL,NULL,NULL,0,'Spudder',1,NULL,NULL,NULL,1,0,0,0,0,0,0,1),(103,1,6,2,NULL,NULL,NULL,0,'Spudder',0,NULL,NULL,NULL,1,0,0,0,0,0,0,1),(104,1,6,2,NULL,NULL,NULL,0,'Spudder',1,NULL,NULL,NULL,1,0,0,0,0,0,0,1),(105,1,6,2,NULL,NULL,NULL,0,'Spudder',1,NULL,NULL,NULL,1,0,0,0,0,0,0,1),(106,1,6,2,NULL,NULL,NULL,0,'Spudder',0,NULL,NULL,NULL,1,0,0,0,0,0,0,1),(107,1,6,2,NULL,NULL,NULL,0,'Spudder',0,NULL,NULL,NULL,1,0,0,0,0,0,0,1),(108,1,6,2,NULL,NULL,NULL,0,'Spudder',0,NULL,NULL,NULL,1,0,0,0,0,0,0,1),(109,1,6,2,NULL,NULL,NULL,0,'Glancer',1,NULL,NULL,NULL,1,0,0,0,0,0,0,1),(110,1,6,2,NULL,NULL,NULL,0,'Glancer',1,NULL,NULL,NULL,1,0,0,0,0,0,0,1),(111,1,6,2,NULL,NULL,NULL,0,'Glancer',1,NULL,NULL,NULL,1,0,0,0,0,0,0,1),(112,1,6,2,NULL,NULL,NULL,0,'Glancer',1,NULL,NULL,NULL,1,0,0,0,0,0,0,1),(113,1,6,2,NULL,NULL,NULL,0,'Glancer',1,NULL,NULL,NULL,1,0,0,0,0,0,0,1),(114,1,6,2,NULL,NULL,NULL,0,'Glancer',1,NULL,NULL,NULL,1,0,0,0,0,0,0,1),(115,1,6,2,NULL,NULL,NULL,0,'Glancer',1,NULL,NULL,NULL,1,0,0,0,0,0,0,1),(116,1,6,2,NULL,NULL,NULL,0,'Glancer',1,NULL,NULL,NULL,1,0,0,0,0,0,0,1),(117,1,6,2,NULL,NULL,NULL,0,'Gnat',0,NULL,NULL,NULL,1,0,0,0,0,0,0,1),(118,1,6,2,NULL,NULL,NULL,0,'Gnat',0,NULL,NULL,NULL,1,0,0,0,0,0,0,1),(119,1,6,2,NULL,NULL,NULL,0,'Gnat',1,NULL,NULL,NULL,1,0,0,0,0,0,0,1),(120,1,6,2,NULL,NULL,NULL,0,'Gnat',0,NULL,NULL,NULL,1,0,0,0,0,0,0,1),(121,1,6,2,NULL,NULL,NULL,0,'Gnat',0,NULL,NULL,NULL,1,0,0,0,0,0,0,1),(122,1,6,2,NULL,NULL,NULL,0,'Gnat',1,NULL,NULL,NULL,1,0,0,0,0,0,0,1),(123,1,6,2,NULL,NULL,NULL,0,'Gnat',0,NULL,NULL,NULL,1,0,0,0,0,0,0,1),(124,1,6,2,NULL,NULL,NULL,0,'Gnat',1,NULL,NULL,NULL,1,0,0,0,0,0,0,1),(125,1,6,2,NULL,NULL,NULL,0,'Gnat',1,NULL,NULL,NULL,1,0,0,0,0,0,0,1),(126,1,6,2,NULL,NULL,NULL,0,'Gnat',0,NULL,NULL,NULL,1,0,0,0,0,0,0,1),(127,1,6,2,NULL,NULL,NULL,0,'Gnat',0,NULL,NULL,NULL,1,0,0,0,0,0,0,1),(128,1,1,1,NULL,NULL,NULL,0,'Demosis',1,1,45,NULL,1,0,0,0,0,0,0,1),(129,1,1,1,NULL,NULL,NULL,0,'Demosis',1,1,45,NULL,1,0,0,0,0,0,0,1),(130,1,1,1,NULL,NULL,NULL,0,'Demosis',0,1,45,NULL,1,0,0,0,0,0,0,1),(131,1,1,1,NULL,NULL,NULL,0,'Demosis',1,1,45,NULL,1,0,0,0,0,0,0,1),(132,1,1,1,NULL,NULL,NULL,0,'Demosis',0,1,45,NULL,1,0,0,0,0,0,0,1),(133,1,1,1,NULL,NULL,NULL,0,'Demosis',1,1,45,NULL,1,0,0,0,0,0,0,1),(134,1,1,1,NULL,NULL,NULL,0,'Demosis',0,1,45,NULL,1,0,0,0,0,0,0,1),(135,1,1,1,NULL,NULL,NULL,0,'Demosis',0,1,45,NULL,1,0,0,0,0,0,0,1),(136,1,1,1,NULL,NULL,NULL,0,'Thor',0,1,45,NULL,1,0,0,0,0,0,0,1),(137,1,1,1,NULL,NULL,NULL,0,'Thor',1,1,45,NULL,1,0,0,0,0,0,0,1),(138,1,1,1,NULL,NULL,NULL,0,'Thor',1,1,45,NULL,1,0,0,0,0,0,0,1),(139,1,1,1,NULL,NULL,NULL,0,'Thor',1,1,45,NULL,1,0,0,0,0,0,0,1),(140,1,1,1,NULL,NULL,NULL,0,'Dirac',0,1,45,NULL,1,0,0,0,0,0,0,1),(141,1,1,1,NULL,NULL,NULL,0,'Dirac',1,1,45,NULL,1,0,0,0,0,0,0,1),(142,1,1,1,NULL,NULL,NULL,0,'Dirac',0,1,45,NULL,1,0,0,0,0,0,0,1),(143,1,1,1,NULL,NULL,NULL,0,'Dirac',1,1,45,NULL,1,0,0,0,0,0,0,1),(144,1,1,1,NULL,NULL,NULL,0,'Dirac',1,1,45,NULL,1,0,0,0,0,0,0,1),(145,1,1,1,NULL,NULL,NULL,0,'Dirac',1,1,45,NULL,1,0,0,0,0,0,0,1),(146,1,1,1,NULL,NULL,NULL,0,'Dirac',0,1,45,NULL,1,0,0,0,0,0,0,1),(147,1,1,1,NULL,NULL,NULL,0,'Dirac',1,1,45,NULL,1,0,0,0,0,0,0,1),(148,1,1,1,NULL,NULL,NULL,0,'Dirac',0,1,45,NULL,1,0,0,0,0,0,0,1),(149,1,1,1,NULL,NULL,NULL,0,'Dirac',1,1,45,NULL,1,0,0,0,0,0,0,1),(150,1,1,1,NULL,NULL,NULL,0,'Dirac',1,1,45,NULL,1,0,0,0,0,0,0,1),(151,1,1,1,NULL,NULL,NULL,0,'Dirac',0,1,45,NULL,1,0,0,0,0,0,0,1),(152,1,1,1,NULL,NULL,NULL,0,'Dirac',0,1,45,NULL,1,0,0,0,0,0,0,1),(153,1,1,1,NULL,NULL,NULL,0,'Dirac',1,1,45,NULL,1,0,0,0,0,0,0,1),(154,1,1,1,NULL,NULL,NULL,0,'Dirac',1,1,45,NULL,1,0,0,0,0,0,0,1),(155,1,10,2,NULL,NULL,NULL,0,'Gnawer',0,NULL,NULL,NULL,1,0,0,0,0,0,0,1),(156,1,10,2,NULL,NULL,NULL,0,'Gnawer',0,NULL,NULL,NULL,1,0,0,0,0,0,0,1),(157,1,10,2,NULL,NULL,NULL,0,'Gnawer',0,NULL,NULL,NULL,1,0,0,0,0,0,0,1),(158,1,10,2,NULL,NULL,NULL,0,'Gnawer',1,NULL,NULL,NULL,1,0,0,0,0,0,0,1),(159,1,10,2,NULL,NULL,NULL,0,'Spudder',0,NULL,NULL,NULL,1,0,0,0,0,0,0,1),(160,1,10,2,NULL,NULL,NULL,0,'Spudder',0,NULL,NULL,NULL,1,0,0,0,0,0,0,1),(161,1,10,2,NULL,NULL,NULL,0,'Spudder',0,NULL,NULL,NULL,1,0,0,0,0,0,0,1),(162,1,10,2,NULL,NULL,NULL,0,'Spudder',0,NULL,NULL,NULL,1,0,0,0,0,0,0,1),(163,1,10,2,NULL,NULL,NULL,0,'Spudder',1,NULL,NULL,NULL,1,0,0,0,0,0,0,1),(164,1,10,2,NULL,NULL,NULL,0,'Spudder',1,NULL,NULL,NULL,1,0,0,0,0,0,0,1),(165,1,10,2,NULL,NULL,NULL,0,'Glancer',1,NULL,NULL,NULL,1,0,0,0,0,0,0,1),(166,1,10,2,NULL,NULL,NULL,0,'Glancer',1,NULL,NULL,NULL,1,0,0,0,0,0,0,1),(167,1,10,2,NULL,NULL,NULL,0,'Glancer',1,NULL,NULL,NULL,1,0,0,0,0,0,0,1),(168,1,10,2,NULL,NULL,NULL,0,'Glancer',1,NULL,NULL,NULL,1,0,0,0,0,0,0,1),(169,1,10,2,NULL,NULL,NULL,0,'Glancer',1,NULL,NULL,NULL,1,0,0,0,0,0,0,1),(170,1,10,2,NULL,NULL,NULL,0,'Glancer',1,NULL,NULL,NULL,1,0,0,0,0,0,0,1),(171,1,10,2,NULL,NULL,NULL,0,'Glancer',1,NULL,NULL,NULL,1,0,0,0,0,0,0,1),(172,1,10,2,NULL,NULL,NULL,0,'Glancer',1,NULL,NULL,NULL,1,0,0,0,0,0,0,1),(173,1,10,2,NULL,NULL,NULL,0,'Glancer',1,NULL,NULL,NULL,1,0,0,0,0,0,0,1),(174,1,10,2,NULL,NULL,NULL,0,'Gnat',1,NULL,NULL,NULL,1,0,0,0,0,0,0,1),(175,1,10,2,NULL,NULL,NULL,0,'Gnat',1,NULL,NULL,NULL,1,0,0,0,0,0,0,1),(176,1,10,2,NULL,NULL,NULL,0,'Gnat',0,NULL,NULL,NULL,1,0,0,0,0,0,0,1),(177,1,10,2,NULL,NULL,NULL,0,'Gnat',1,NULL,NULL,NULL,1,0,0,0,0,0,0,1),(178,1,10,2,NULL,NULL,NULL,0,'Gnat',0,NULL,NULL,NULL,1,0,0,0,0,0,0,1),(179,1,10,2,NULL,NULL,NULL,0,'Gnat',0,NULL,NULL,NULL,1,0,0,0,0,0,0,1),(180,1,10,2,NULL,NULL,NULL,0,'Gnat',0,NULL,NULL,NULL,1,0,0,0,0,0,0,1),(181,1,10,2,NULL,NULL,NULL,0,'Gnat',0,NULL,NULL,NULL,1,0,0,0,0,0,0,1),(182,1,10,2,NULL,NULL,NULL,0,'Gnat',1,NULL,NULL,NULL,1,0,0,0,0,0,0,1),(183,1,10,2,NULL,NULL,NULL,0,'Gnat',0,NULL,NULL,NULL,1,0,0,0,0,0,0,1),(184,1,10,2,NULL,NULL,NULL,0,'Gnat',0,NULL,NULL,NULL,1,0,0,0,0,0,0,1),(185,1,10,2,NULL,NULL,NULL,0,'Gnat',0,NULL,NULL,NULL,1,0,0,0,0,0,0,1),(186,1,10,2,NULL,NULL,NULL,0,'Gnat',0,NULL,NULL,NULL,1,0,0,0,0,0,0,1),(187,1,2,1,NULL,NULL,NULL,0,'Demosis',1,1,45,NULL,1,0,0,0,0,0,0,1),(188,1,2,1,NULL,NULL,NULL,0,'Demosis',0,1,45,NULL,1,0,0,0,0,0,0,1),(189,1,2,1,NULL,NULL,NULL,0,'Demosis',0,1,45,NULL,1,0,0,0,0,0,0,1),(190,1,2,1,NULL,NULL,NULL,0,'Demosis',1,1,45,NULL,1,0,0,0,0,0,0,1),(191,1,2,1,NULL,NULL,NULL,0,'Demosis',0,1,45,NULL,1,0,0,0,0,0,0,1),(192,1,2,1,NULL,NULL,NULL,0,'Demosis',1,1,45,NULL,1,0,0,0,0,0,0,1),(193,1,2,1,NULL,NULL,NULL,0,'Thor',0,1,45,NULL,1,0,0,0,0,0,0,1),(194,1,2,1,NULL,NULL,NULL,0,'Thor',1,1,45,NULL,1,0,0,0,0,0,0,1),(195,1,2,1,NULL,NULL,NULL,0,'Thor',1,1,45,NULL,1,0,0,0,0,0,0,1),(196,1,2,1,NULL,NULL,NULL,0,'Thor',0,1,45,NULL,1,0,0,0,0,0,0,1),(197,1,2,1,NULL,NULL,NULL,0,'Thor',1,1,45,NULL,1,0,0,0,0,0,0,1),(198,1,2,1,NULL,NULL,NULL,0,'Thor',1,1,45,NULL,1,0,0,0,0,0,0,1),(199,1,2,1,NULL,NULL,NULL,0,'Thor',1,1,45,NULL,1,0,0,0,0,0,0,1),(200,1,2,1,NULL,NULL,NULL,0,'Thor',1,1,45,NULL,1,0,0,0,0,0,0,1),(201,1,2,1,NULL,NULL,NULL,0,'Thor',0,1,45,NULL,1,0,0,0,0,0,0,1),(202,1,2,1,NULL,NULL,NULL,0,'Thor',1,1,45,NULL,1,0,0,0,0,0,0,1),(203,1,2,1,NULL,NULL,NULL,0,'Thor',0,1,45,NULL,1,0,0,0,0,0,0,1),(204,1,2,1,NULL,NULL,NULL,0,'Dirac',1,1,45,NULL,1,0,0,0,0,0,0,1),(205,1,2,1,NULL,NULL,NULL,0,'Dirac',0,1,45,NULL,1,0,0,0,0,0,0,1),(206,1,2,1,NULL,NULL,NULL,0,'Dirac',1,1,45,NULL,1,0,0,0,0,0,0,1),(207,1,2,1,NULL,NULL,NULL,0,'Dirac',0,1,45,NULL,1,0,0,0,0,0,0,1),(208,1,2,1,NULL,NULL,NULL,0,'Dirac',0,1,45,NULL,1,0,0,0,0,0,0,1),(209,1,2,1,NULL,NULL,NULL,0,'Dirac',1,1,45,NULL,1,0,0,0,0,0,0,1),(210,1,2,1,NULL,NULL,NULL,0,'Dirac',0,1,45,NULL,1,0,0,0,0,0,0,1),(211,1,2,1,NULL,NULL,NULL,0,'Dirac',1,1,45,NULL,1,0,0,0,0,0,0,1),(212,1,2,1,NULL,NULL,NULL,0,'Dirac',1,1,45,NULL,1,0,0,0,0,0,0,1),(213,1,2,1,NULL,NULL,NULL,0,'Dirac',1,1,45,NULL,1,0,0,0,0,0,0,1),(214,1,2,1,NULL,NULL,NULL,0,'Dirac',1,1,45,NULL,1,0,0,0,0,0,0,1),(215,1,2,1,NULL,NULL,NULL,0,'Dirac',1,1,45,NULL,1,0,0,0,0,0,0,1),(216,1,2,1,NULL,NULL,NULL,0,'Dirac',0,1,45,NULL,1,0,0,0,0,0,0,1),(217,1,3,1,NULL,NULL,NULL,0,'Demosis',0,0,270,NULL,1,0,0,0,0,0,0,1),(218,1,3,1,NULL,NULL,NULL,0,'Thor',0,0,270,NULL,1,0,0,0,0,0,0,1),(219,1,3,1,NULL,NULL,NULL,0,'Dirac',1,0,270,NULL,1,0,0,0,0,0,0,1),(220,1,3,1,NULL,NULL,NULL,0,'Dirac',0,0,270,NULL,1,0,0,0,0,0,0,1),(221,1,3,1,NULL,NULL,NULL,0,'Dirac',1,0,270,NULL,1,0,0,0,0,0,0,1),(222,1,3,1,NULL,NULL,NULL,0,'Thor',1,2,180,NULL,1,0,0,0,0,0,0,1),(223,1,3,1,NULL,NULL,NULL,0,'Dirac',0,2,180,NULL,1,0,0,0,0,0,0,1),(224,1,3,1,NULL,NULL,NULL,0,'Dirac',1,2,180,NULL,1,0,0,0,0,0,0,1),(225,1,3,1,NULL,NULL,NULL,0,'Demosis',0,0,180,NULL,1,0,0,0,0,0,0,1),(226,1,3,1,NULL,NULL,NULL,0,'Thor',0,0,180,NULL,1,0,0,0,0,0,0,1),(227,1,3,1,NULL,NULL,NULL,0,'Thor',0,0,180,NULL,1,0,0,0,0,0,0,1),(228,1,3,1,NULL,NULL,NULL,0,'Thor',0,0,180,NULL,1,0,0,0,0,0,0,1),(229,1,3,1,NULL,NULL,NULL,0,'Dirac',1,0,180,NULL,1,0,0,0,0,0,0,1),(230,1,3,1,NULL,NULL,NULL,0,'Dirac',0,0,180,NULL,1,0,0,0,0,0,0,1),(231,1,3,1,NULL,NULL,NULL,0,'Dirac',0,0,180,NULL,1,0,0,0,0,0,0,1),(232,1,3,1,NULL,NULL,NULL,0,'Dirac',0,0,180,NULL,1,0,0,0,0,0,0,1),(233,1,3,1,NULL,NULL,NULL,0,'Dirac',0,0,180,NULL,1,0,0,0,0,0,0,1),(234,1,3,1,NULL,NULL,NULL,0,'Dirac',0,0,180,NULL,1,0,0,0,0,0,0,1),(235,1,3,1,NULL,NULL,NULL,0,'Dirac',0,0,180,NULL,1,0,0,0,0,0,0,1),(236,1,3,1,NULL,NULL,NULL,0,'Demosis',0,1,0,NULL,1,0,0,0,0,0,0,1),(237,1,3,1,NULL,NULL,NULL,0,'Thor',0,1,0,NULL,1,0,0,0,0,0,0,1),(238,1,3,1,NULL,NULL,NULL,0,'Thor',0,1,0,NULL,1,0,0,0,0,0,0,1),(239,1,3,1,NULL,NULL,NULL,0,'Thor',0,1,0,NULL,1,0,0,0,0,0,0,1),(240,1,3,1,NULL,NULL,NULL,0,'Thor',1,1,0,NULL,1,0,0,0,0,0,0,1),(241,1,3,1,NULL,NULL,NULL,0,'Dirac',1,1,0,NULL,1,0,0,0,0,0,0,1),(242,1,3,1,NULL,NULL,NULL,0,'Dirac',1,1,0,NULL,1,0,0,0,0,0,0,1),(243,1,3,1,NULL,NULL,NULL,0,'Dirac',1,1,0,NULL,1,0,0,0,0,0,0,1),(244,1,3,1,NULL,NULL,NULL,0,'Dirac',0,1,0,NULL,1,0,0,0,0,0,0,1),(245,1,3,1,NULL,NULL,NULL,0,'Dirac',0,1,0,NULL,1,0,0,0,0,0,0,1),(246,1,3,1,NULL,NULL,NULL,0,'Dirac',0,1,0,NULL,1,0,0,0,0,0,0,1),(247,1,3,1,NULL,NULL,NULL,0,'Dirac',1,1,0,NULL,1,0,0,0,0,0,0,1),(248,1,3,1,NULL,NULL,NULL,0,'Dirac',0,1,0,NULL,1,0,0,0,0,0,0,1),(249,1,3,1,NULL,NULL,NULL,0,'Demosis',0,3,22,NULL,1,0,0,0,0,0,0,1),(250,1,3,1,NULL,NULL,NULL,0,'Demosis',0,3,22,NULL,1,0,0,0,0,0,0,1),(251,1,3,1,NULL,NULL,NULL,0,'Thor',0,3,22,NULL,1,0,0,0,0,0,0,1),(252,1,3,1,NULL,NULL,NULL,0,'Thor',1,3,22,NULL,1,0,0,0,0,0,0,1),(253,1,3,1,NULL,NULL,NULL,0,'Thor',0,3,22,NULL,1,0,0,0,0,0,0,1),(254,1,3,1,NULL,NULL,NULL,0,'Thor',0,3,22,NULL,1,0,0,0,0,0,0,1),(255,1,3,1,NULL,NULL,NULL,0,'Thor',0,3,22,NULL,1,0,0,0,0,0,0,1),(256,1,3,1,NULL,NULL,NULL,0,'Thor',0,3,22,NULL,1,0,0,0,0,0,0,1),(257,1,3,1,NULL,NULL,NULL,0,'Dirac',0,3,22,NULL,1,0,0,0,0,0,0,1),(258,1,3,1,NULL,NULL,NULL,0,'Dirac',0,3,22,NULL,1,0,0,0,0,0,0,1),(259,1,3,1,NULL,NULL,NULL,0,'Dirac',0,3,22,NULL,1,0,0,0,0,0,0,1),(260,1,3,1,NULL,NULL,NULL,0,'Dirac',0,3,22,NULL,1,0,0,0,0,0,0,1),(261,1,3,1,NULL,NULL,NULL,0,'Dirac',0,3,22,NULL,1,0,0,0,0,0,0,1),(262,1,3,1,NULL,NULL,NULL,0,'Dirac',0,3,22,NULL,1,0,0,0,0,0,0,1),(263,1,3,1,NULL,NULL,NULL,0,'Dirac',0,3,22,NULL,1,0,0,0,0,0,0,1),(264,1,3,1,NULL,NULL,NULL,0,'Demosis',0,3,202,NULL,1,0,0,0,0,0,0,1),(265,1,3,1,NULL,NULL,NULL,0,'Demosis',0,3,202,NULL,1,0,0,0,0,0,0,1),(266,1,3,1,NULL,NULL,NULL,0,'Thor',1,3,202,NULL,1,0,0,0,0,0,0,1),(267,1,3,1,NULL,NULL,NULL,0,'Thor',1,3,202,NULL,1,0,0,0,0,0,0,1),(268,1,3,1,NULL,NULL,NULL,0,'Thor',0,3,202,NULL,1,0,0,0,0,0,0,1),(269,1,3,1,NULL,NULL,NULL,0,'Thor',1,3,202,NULL,1,0,0,0,0,0,0,1),(270,1,3,1,NULL,NULL,NULL,0,'Thor',0,3,202,NULL,1,0,0,0,0,0,0,1),(271,1,3,1,NULL,NULL,NULL,0,'Thor',0,3,202,NULL,1,0,0,0,0,0,0,1),(272,1,3,1,NULL,NULL,NULL,0,'Thor',0,3,202,NULL,1,0,0,0,0,0,0,1),(273,1,3,1,NULL,NULL,NULL,0,'Dirac',1,3,202,NULL,1,0,0,0,0,0,0,1),(274,1,3,1,NULL,NULL,NULL,0,'Dirac',0,3,202,NULL,1,0,0,0,0,0,0,1),(275,1,3,1,NULL,NULL,NULL,0,'Dirac',1,3,202,NULL,1,0,0,0,0,0,0,1),(276,1,3,1,NULL,NULL,NULL,0,'Dirac',1,3,202,NULL,1,0,0,0,0,0,0,1),(277,1,3,1,NULL,NULL,NULL,0,'Dirac',0,3,202,NULL,1,0,0,0,0,0,0,1),(278,1,3,1,NULL,NULL,NULL,0,'Dirac',1,3,202,NULL,1,0,0,0,0,0,0,1),(279,1,3,1,NULL,NULL,NULL,0,'Dirac',1,3,202,NULL,1,0,0,0,0,0,0,1),(280,1,3,1,NULL,NULL,NULL,0,'Dirac',0,3,202,NULL,1,0,0,0,0,0,0,1),(281,1,3,1,NULL,NULL,NULL,0,'Demosis',0,1,315,NULL,1,0,0,0,0,0,0,1),(282,1,3,1,NULL,NULL,NULL,0,'Thor',0,1,315,NULL,1,0,0,0,0,0,0,1),(283,1,3,1,NULL,NULL,NULL,0,'Thor',1,1,315,NULL,1,0,0,0,0,0,0,1),(284,1,3,1,NULL,NULL,NULL,0,'Dirac',1,1,315,NULL,1,0,0,0,0,0,0,1),(285,1,3,1,NULL,NULL,NULL,0,'Dirac',1,1,315,NULL,1,0,0,0,0,0,0,1),(286,1,3,1,NULL,NULL,NULL,0,'Dirac',0,1,315,NULL,1,0,0,0,0,0,0,1),(287,1,3,1,NULL,NULL,NULL,0,'Dirac',1,1,315,NULL,1,0,0,0,0,0,0,1),(288,1,3,1,NULL,NULL,NULL,0,'Dirac',1,1,315,NULL,1,0,0,0,0,0,0,1),(289,1,3,1,NULL,NULL,NULL,0,'Dirac',1,1,315,NULL,1,0,0,0,0,0,0,1),(290,1,3,1,NULL,NULL,NULL,0,'Thor',1,1,225,NULL,1,0,0,0,0,0,0,1),(291,1,3,1,NULL,NULL,NULL,0,'Thor',0,1,225,NULL,1,0,0,0,0,0,0,1),(292,1,3,1,NULL,NULL,NULL,0,'Thor',1,1,225,NULL,1,0,0,0,0,0,0,1),(293,1,3,1,NULL,NULL,NULL,0,'Thor',1,1,225,NULL,1,0,0,0,0,0,0,1),(294,1,3,1,NULL,NULL,NULL,0,'Thor',1,1,225,NULL,1,0,0,0,0,0,0,1),(295,1,3,1,NULL,NULL,NULL,0,'Dirac',0,1,225,NULL,1,0,0,0,0,0,0,1),(296,1,3,1,NULL,NULL,NULL,0,'Dirac',1,1,225,NULL,1,0,0,0,0,0,0,1),(297,1,3,1,NULL,NULL,NULL,0,'Dirac',0,1,225,NULL,1,0,0,0,0,0,0,1),(298,1,3,1,NULL,NULL,NULL,0,'Dirac',1,1,225,NULL,1,0,0,0,0,0,0,1),(299,1,3,1,NULL,NULL,NULL,0,'Dirac',0,1,225,NULL,1,0,0,0,0,0,0,1),(300,1,3,1,NULL,NULL,NULL,0,'Dirac',1,1,225,NULL,1,0,0,0,0,0,0,1),(301,1,3,1,NULL,NULL,NULL,0,'Dirac',1,1,225,NULL,1,0,0,0,0,0,0,1),(302,1,3,1,NULL,NULL,NULL,0,'Dirac',0,1,225,NULL,1,0,0,0,0,0,0,1),(303,1,3,1,NULL,NULL,NULL,0,'Demosis',0,1,180,NULL,1,0,0,0,0,0,0,1),(304,1,3,1,NULL,NULL,NULL,0,'Thor',0,1,180,NULL,1,0,0,0,0,0,0,1),(305,1,3,1,NULL,NULL,NULL,0,'Thor',0,1,180,NULL,1,0,0,0,0,0,0,1),(306,1,3,1,NULL,NULL,NULL,0,'Thor',0,1,180,NULL,1,0,0,0,0,0,0,1),(307,1,3,1,NULL,NULL,NULL,0,'Thor',1,1,180,NULL,1,0,0,0,0,0,0,1),(308,1,3,1,NULL,NULL,NULL,0,'Thor',0,1,180,NULL,1,0,0,0,0,0,0,1),(309,1,3,1,NULL,NULL,NULL,0,'Thor',0,1,180,NULL,1,0,0,0,0,0,0,1),(310,1,3,1,NULL,NULL,NULL,0,'Dirac',0,1,180,NULL,1,0,0,0,0,0,0,1),(311,1,3,1,NULL,NULL,NULL,0,'Dirac',0,1,180,NULL,1,0,0,0,0,0,0,1),(312,1,3,1,NULL,NULL,NULL,0,'Dirac',1,1,180,NULL,1,0,0,0,0,0,0,1),(313,1,3,1,NULL,NULL,NULL,0,'Dirac',0,1,180,NULL,1,0,0,0,0,0,0,1),(314,1,3,1,NULL,NULL,NULL,0,'Dirac',1,1,180,NULL,1,0,0,0,0,0,0,1),(315,1,3,1,NULL,NULL,NULL,0,'Dirac',1,1,180,NULL,1,0,0,0,0,0,0,1),(316,1,3,1,NULL,NULL,NULL,0,'Dirac',0,1,180,NULL,1,0,0,0,0,0,0,1),(317,1,3,1,NULL,NULL,NULL,0,'Dirac',1,1,180,NULL,1,0,0,0,0,0,0,1),(318,1,3,1,NULL,NULL,NULL,0,'Demosis',0,2,120,NULL,1,0,0,0,0,0,0,1),(319,1,3,1,NULL,NULL,NULL,0,'Thor',0,2,120,NULL,1,0,0,0,0,0,0,1),(320,1,3,1,NULL,NULL,NULL,0,'Thor',0,2,120,NULL,1,0,0,0,0,0,0,1),(321,1,3,1,NULL,NULL,NULL,0,'Thor',0,2,120,NULL,1,0,0,0,0,0,0,1),(322,1,3,1,NULL,NULL,NULL,0,'Thor',0,2,120,NULL,1,0,0,0,0,0,0,1),(323,1,3,1,NULL,NULL,NULL,0,'Dirac',0,2,120,NULL,1,0,0,0,0,0,0,1),(324,1,3,1,NULL,NULL,NULL,0,'Dirac',0,2,120,NULL,1,0,0,0,0,0,0,1),(325,1,3,1,NULL,NULL,NULL,0,'Dirac',0,2,120,NULL,1,0,0,0,0,0,0,1),(326,1,3,1,NULL,NULL,NULL,0,'Dirac',0,2,120,NULL,1,0,0,0,0,0,0,1),(327,1,3,1,NULL,NULL,NULL,0,'Dirac',0,2,120,NULL,1,0,0,0,0,0,0,1),(328,1,3,1,NULL,NULL,NULL,0,'Dirac',1,2,120,NULL,1,0,0,0,0,0,0,1),(329,1,3,1,NULL,NULL,NULL,0,'Dirac',0,2,120,NULL,1,0,0,0,0,0,0,1),(330,1,3,1,NULL,NULL,NULL,0,'Demosis',0,3,44,NULL,1,0,0,0,0,0,0,1),(331,1,3,1,NULL,NULL,NULL,0,'Thor',1,3,44,NULL,1,0,0,0,0,0,0,1),(332,1,3,1,NULL,NULL,NULL,0,'Thor',1,3,44,NULL,1,0,0,0,0,0,0,1),(333,1,3,1,NULL,NULL,NULL,0,'Thor',1,3,44,NULL,1,0,0,0,0,0,0,1),(334,1,3,1,NULL,NULL,NULL,0,'Dirac',0,3,44,NULL,1,0,0,0,0,0,0,1),(335,1,3,1,NULL,NULL,NULL,0,'Dirac',1,3,44,NULL,1,0,0,0,0,0,0,1),(336,1,3,1,NULL,NULL,NULL,0,'Dirac',1,3,44,NULL,1,0,0,0,0,0,0,1),(337,1,3,1,NULL,NULL,NULL,0,'Dirac',1,3,44,NULL,1,0,0,0,0,0,0,1),(338,1,3,1,NULL,NULL,NULL,0,'Dirac',0,3,44,NULL,1,0,0,0,0,0,0,1),(339,1,3,1,NULL,NULL,NULL,0,'Demosis',0,2,210,NULL,1,0,0,0,0,0,0,1),(340,1,3,1,NULL,NULL,NULL,0,'Thor',0,2,210,NULL,1,0,0,0,0,0,0,1),(341,1,3,1,NULL,NULL,NULL,0,'Thor',0,2,210,NULL,1,0,0,0,0,0,0,1),(342,1,3,1,NULL,NULL,NULL,0,'Dirac',1,2,210,NULL,1,0,0,0,0,0,0,1),(343,1,3,1,NULL,NULL,NULL,0,'Dirac',0,2,210,NULL,1,0,0,0,0,0,0,1),(344,1,3,1,NULL,NULL,NULL,0,'Dirac',0,2,210,NULL,1,0,0,0,0,0,0,1),(345,1,3,1,NULL,NULL,NULL,0,'Dirac',0,2,210,NULL,1,0,0,0,0,0,0,1),(346,1,3,1,NULL,NULL,NULL,0,'Demosis',0,1,135,NULL,1,0,0,0,0,0,0,1),(347,1,3,1,NULL,NULL,NULL,0,'Thor',0,1,135,NULL,1,0,0,0,0,0,0,1),(348,1,3,1,NULL,NULL,NULL,0,'Thor',0,1,135,NULL,1,0,0,0,0,0,0,1),(349,1,3,1,NULL,NULL,NULL,0,'Thor',1,1,135,NULL,1,0,0,0,0,0,0,1),(350,1,3,1,NULL,NULL,NULL,0,'Dirac',0,1,135,NULL,1,0,0,0,0,0,0,1),(351,1,3,1,NULL,NULL,NULL,0,'Dirac',1,1,135,NULL,1,0,0,0,0,0,0,1),(352,1,3,1,NULL,NULL,NULL,0,'Demosis',0,3,156,NULL,1,0,0,0,0,0,0,1),(353,1,3,1,NULL,NULL,NULL,0,'Demosis',0,3,156,NULL,1,0,0,0,0,0,0,1),(354,1,3,1,NULL,NULL,NULL,0,'Thor',1,3,156,NULL,1,0,0,0,0,0,0,1),(355,1,3,1,NULL,NULL,NULL,0,'Thor',0,3,156,NULL,1,0,0,0,0,0,0,1),(356,1,3,1,NULL,NULL,NULL,0,'Thor',1,3,156,NULL,1,0,0,0,0,0,0,1),(357,1,3,1,NULL,NULL,NULL,0,'Dirac',1,3,156,NULL,1,0,0,0,0,0,0,1),(358,1,3,1,NULL,NULL,NULL,0,'Dirac',0,3,156,NULL,1,0,0,0,0,0,0,1),(359,1,3,1,NULL,NULL,NULL,0,'Dirac',1,3,156,NULL,1,0,0,0,0,0,0,1),(360,1,3,1,NULL,NULL,NULL,0,'Dirac',0,3,156,NULL,1,0,0,0,0,0,0,1),(361,1,3,1,NULL,NULL,NULL,0,'Dirac',1,3,156,NULL,1,0,0,0,0,0,0,1),(362,1,3,1,NULL,NULL,NULL,0,'Demosis',0,2,0,NULL,1,0,0,0,0,0,0,1),(363,1,3,1,NULL,NULL,NULL,0,'Demosis',0,2,0,NULL,1,0,0,0,0,0,0,1),(364,1,3,1,NULL,NULL,NULL,0,'Thor',0,2,0,NULL,1,0,0,0,0,0,0,1),(365,1,3,1,NULL,NULL,NULL,0,'Thor',1,2,0,NULL,1,0,0,0,0,0,0,1),(366,1,3,1,NULL,NULL,NULL,0,'Thor',1,2,0,NULL,1,0,0,0,0,0,0,1),(367,1,3,1,NULL,NULL,NULL,0,'Thor',0,2,0,NULL,1,0,0,0,0,0,0,1),(368,1,3,1,NULL,NULL,NULL,0,'Dirac',1,2,0,NULL,1,0,0,0,0,0,0,1),(369,1,3,1,NULL,NULL,NULL,0,'Dirac',0,2,0,NULL,1,0,0,0,0,0,0,1),(370,1,3,1,NULL,NULL,NULL,0,'Dirac',1,2,0,NULL,1,0,0,0,0,0,0,1),(371,1,3,1,NULL,NULL,NULL,0,'Dirac',1,2,0,NULL,1,0,0,0,0,0,0,1),(372,1,26,2,NULL,NULL,NULL,0,'Gnawer',0,NULL,NULL,NULL,1,0,0,0,0,0,0,1),(373,1,26,2,NULL,NULL,NULL,0,'Gnawer',0,NULL,NULL,NULL,1,0,0,0,0,0,0,1),(374,1,26,2,NULL,NULL,NULL,0,'Gnawer',1,NULL,NULL,NULL,1,0,0,0,0,0,0,1),(375,1,26,2,NULL,NULL,NULL,0,'Spudder',1,NULL,NULL,NULL,1,0,0,0,0,0,0,1),(376,1,26,2,NULL,NULL,NULL,0,'Spudder',1,NULL,NULL,NULL,1,0,0,0,0,0,0,1),(377,1,26,2,NULL,NULL,NULL,0,'Spudder',0,NULL,NULL,NULL,1,0,0,0,0,0,0,1),(378,1,26,2,NULL,NULL,NULL,0,'Spudder',0,NULL,NULL,NULL,1,0,0,0,0,0,0,1),(379,1,26,2,NULL,NULL,NULL,0,'Spudder',1,NULL,NULL,NULL,1,0,0,0,0,0,0,1),(380,1,26,2,NULL,NULL,NULL,0,'Glancer',1,NULL,NULL,NULL,1,0,0,0,0,0,0,1),(381,1,26,2,NULL,NULL,NULL,0,'Glancer',1,NULL,NULL,NULL,1,0,0,0,0,0,0,1),(382,1,26,2,NULL,NULL,NULL,0,'Glancer',1,NULL,NULL,NULL,1,0,0,0,0,0,0,1),(383,1,26,2,NULL,NULL,NULL,0,'Glancer',1,NULL,NULL,NULL,1,0,0,0,0,0,0,1),(384,1,26,2,NULL,NULL,NULL,0,'Gnat',1,NULL,NULL,NULL,1,0,0,0,0,0,0,1),(385,1,26,2,NULL,NULL,NULL,0,'Gnat',0,NULL,NULL,NULL,1,0,0,0,0,0,0,1),(386,1,26,2,NULL,NULL,NULL,0,'Gnat',0,NULL,NULL,NULL,1,0,0,0,0,0,0,1),(387,1,26,2,NULL,NULL,NULL,0,'Gnat',1,NULL,NULL,NULL,1,0,0,0,0,0,0,1),(388,1,26,2,NULL,NULL,NULL,0,'Gnat',0,NULL,NULL,NULL,1,0,0,0,0,0,0,1),(389,1,26,2,NULL,NULL,NULL,0,'Gnat',1,NULL,NULL,NULL,1,0,0,0,0,0,0,1),(390,1,26,2,NULL,NULL,NULL,0,'Gnat',1,NULL,NULL,NULL,1,0,0,0,0,0,0,1),(391,1,26,2,NULL,NULL,NULL,0,'Gnat',0,NULL,NULL,NULL,1,0,0,0,0,0,0,1),(392,1,3,1,NULL,NULL,NULL,0,'Thor',1,2,300,NULL,1,0,0,0,0,0,0,1),(393,1,3,1,NULL,NULL,NULL,0,'Thor',0,2,300,NULL,1,0,0,0,0,0,0,1),(394,1,3,1,NULL,NULL,NULL,0,'Thor',1,2,300,NULL,1,0,0,0,0,0,0,1),(395,1,3,1,NULL,NULL,NULL,0,'Thor',0,2,300,NULL,1,0,0,0,0,0,0,1),(396,1,3,1,NULL,NULL,NULL,0,'Dirac',1,2,300,NULL,1,0,0,0,0,0,0,1),(397,1,3,1,NULL,NULL,NULL,0,'Dirac',0,2,300,NULL,1,0,0,0,0,0,0,1),(398,1,3,1,NULL,NULL,NULL,0,'Dirac',0,2,300,NULL,1,0,0,0,0,0,0,1),(399,1,3,1,NULL,NULL,NULL,0,'Dirac',1,2,300,NULL,1,0,0,0,0,0,0,1),(400,1,3,1,NULL,NULL,NULL,0,'Dirac',1,2,300,NULL,1,0,0,0,0,0,0,1),(401,1,3,1,NULL,NULL,NULL,0,'Dirac',0,2,300,NULL,1,0,0,0,0,0,0,1),(402,1,3,1,NULL,NULL,NULL,0,'Dirac',1,2,300,NULL,1,0,0,0,0,0,0,1),(403,1,17,4,NULL,NULL,NULL,0,'Glancer',1,NULL,NULL,NULL,1,0,0,0,0,0,0,1),(404,1,17,4,NULL,NULL,NULL,0,'Gnat',0,NULL,NULL,NULL,1,0,0,0,0,0,0,1),(405,1,17,4,NULL,NULL,NULL,0,'Gnat',0,NULL,NULL,NULL,1,0,0,0,0,0,0,1),(406,1,17,4,NULL,NULL,NULL,0,'Gnat',1,NULL,NULL,NULL,1,0,0,0,0,0,0,1),(407,1,17,4,NULL,NULL,NULL,0,'Gnat',1,NULL,NULL,NULL,1,0,0,0,0,0,0,1),(408,1,18,4,NULL,NULL,NULL,0,'Glancer',1,NULL,NULL,NULL,1,0,0,0,0,0,0,1),(409,1,18,4,NULL,NULL,NULL,0,'Gnat',0,NULL,NULL,NULL,1,0,0,0,0,0,0,1),(410,1,18,4,NULL,NULL,NULL,0,'Gnat',0,NULL,NULL,NULL,1,0,0,0,0,0,0,1),(411,1,18,4,NULL,NULL,NULL,0,'Gnat',1,NULL,NULL,NULL,1,0,0,0,0,0,0,1),(412,1,18,4,NULL,NULL,NULL,0,'Gnat',0,NULL,NULL,NULL,1,0,0,0,0,0,0,1),(413,1,19,4,NULL,NULL,NULL,0,'Spudder',0,NULL,NULL,NULL,1,0,0,0,0,0,0,1),(414,1,19,4,NULL,NULL,NULL,0,'Spudder',0,NULL,NULL,NULL,1,0,0,0,0,0,0,1),(415,1,19,4,NULL,NULL,NULL,0,'Glancer',1,NULL,NULL,NULL,1,0,0,0,0,0,0,1),(416,1,19,4,NULL,NULL,NULL,0,'Gnat',0,NULL,NULL,NULL,1,0,0,0,0,0,0,1),(417,1,19,4,NULL,NULL,NULL,0,'Glancer',1,NULL,NULL,NULL,1,0,0,0,0,0,0,1),(418,1,19,4,NULL,NULL,NULL,0,'Glancer',1,NULL,NULL,NULL,1,0,0,0,0,0,0,1),(419,1,19,4,NULL,NULL,NULL,0,'Glancer',1,NULL,NULL,NULL,1,0,0,0,0,0,0,1),(420,1,19,4,NULL,NULL,NULL,0,'Glancer',1,NULL,NULL,NULL,1,0,0,0,0,0,0,1),(421,1,19,4,NULL,NULL,NULL,0,'Glancer',1,NULL,NULL,NULL,1,0,0,0,0,0,0,1),(422,1,19,4,NULL,NULL,NULL,0,'Gnat',0,NULL,NULL,NULL,1,0,0,0,0,0,0,1),(423,1,19,4,NULL,NULL,NULL,0,'Gnat',0,NULL,NULL,NULL,1,0,0,0,0,0,0,1),(424,1,19,4,NULL,NULL,NULL,0,'Gnat',1,NULL,NULL,NULL,1,0,0,0,0,0,0,1),(425,1,19,4,NULL,NULL,NULL,0,'Gnat',0,NULL,NULL,NULL,1,0,0,0,0,0,0,1),(426,1,19,4,NULL,NULL,NULL,0,'Gnat',1,NULL,NULL,NULL,1,0,0,0,0,0,0,1),(427,1,20,4,NULL,NULL,NULL,0,'Spudder',0,NULL,NULL,NULL,1,0,0,0,0,0,0,1),(428,1,20,4,NULL,NULL,NULL,0,'Spudder',0,NULL,NULL,NULL,1,0,0,0,0,0,0,1),(429,1,20,4,NULL,NULL,NULL,0,'Gnat',1,NULL,NULL,NULL,1,0,0,0,0,0,0,1),(430,1,20,4,NULL,NULL,NULL,0,'Gnat',0,NULL,NULL,NULL,1,0,0,0,0,0,0,1),(431,1,20,4,NULL,NULL,NULL,0,'Glancer',1,NULL,NULL,NULL,1,0,0,0,0,0,0,1),(432,1,20,4,NULL,NULL,NULL,0,'Glancer',1,NULL,NULL,NULL,1,0,0,0,0,0,0,1),(433,1,20,4,NULL,NULL,NULL,0,'Glancer',1,NULL,NULL,NULL,1,0,0,0,0,0,0,1),(434,1,20,4,NULL,NULL,NULL,0,'Gnat',0,NULL,NULL,NULL,1,0,0,0,0,0,0,1),(435,1,20,4,NULL,NULL,NULL,0,'Gnat',0,NULL,NULL,NULL,1,0,0,0,0,0,0,1),(436,1,20,4,NULL,NULL,NULL,0,'Gnat',1,NULL,NULL,NULL,1,0,0,0,0,0,0,1),(437,1,20,4,NULL,NULL,NULL,0,'Gnat',0,NULL,NULL,NULL,1,0,0,0,0,0,0,1),(438,1,20,4,NULL,NULL,NULL,0,'Gnat',0,NULL,NULL,NULL,1,0,0,0,0,0,0,1),(439,1,20,4,NULL,NULL,NULL,0,'Gnat',1,NULL,NULL,NULL,1,0,0,0,0,0,0,1),(440,1,20,4,NULL,NULL,NULL,0,'Gnat',0,NULL,NULL,NULL,1,0,0,0,0,0,0,1),(441,1,21,4,NULL,NULL,NULL,0,'Spudder',0,NULL,NULL,NULL,1,0,0,0,0,0,0,1),(442,1,21,4,NULL,NULL,NULL,0,'Glancer',1,NULL,NULL,NULL,1,0,0,0,0,0,0,1),(443,1,21,4,NULL,NULL,NULL,0,'Gnat',0,NULL,NULL,NULL,1,0,0,0,0,0,0,1),(444,1,21,4,NULL,NULL,NULL,0,'Gnat',0,NULL,NULL,NULL,1,0,0,0,0,0,0,1),(445,1,21,4,NULL,NULL,NULL,0,'Gnat',0,NULL,NULL,NULL,1,0,0,0,0,0,0,1),(446,1,21,4,NULL,NULL,NULL,0,'Glancer',1,NULL,NULL,NULL,1,0,0,0,0,0,0,1),(447,1,21,4,NULL,NULL,NULL,0,'Glancer',1,NULL,NULL,NULL,1,0,0,0,0,0,0,1),(448,1,21,4,NULL,NULL,NULL,0,'Glancer',1,NULL,NULL,NULL,1,0,0,0,0,0,0,1),(449,1,21,4,NULL,NULL,NULL,0,'Gnat',0,NULL,NULL,NULL,1,0,0,0,0,0,0,1),(450,1,21,4,NULL,NULL,NULL,0,'Gnat',0,NULL,NULL,NULL,1,0,0,0,0,0,0,1),(451,1,21,4,NULL,NULL,NULL,0,'Gnat',1,NULL,NULL,NULL,1,0,0,0,0,0,0,1),(452,1,21,4,NULL,NULL,NULL,0,'Gnat',0,NULL,NULL,NULL,1,0,0,0,0,0,0,1),(453,1,21,4,NULL,NULL,NULL,0,'Gnat',1,NULL,NULL,NULL,1,0,0,0,0,0,0,1),(454,1,22,4,NULL,NULL,NULL,0,'Spudder',0,NULL,NULL,NULL,1,0,0,0,0,0,0,1),(455,1,22,4,NULL,NULL,NULL,0,'Glancer',1,NULL,NULL,NULL,1,0,0,0,0,0,0,1),(456,1,22,4,NULL,NULL,NULL,0,'Gnat',0,NULL,NULL,NULL,1,0,0,0,0,0,0,1),(457,1,22,4,NULL,NULL,NULL,0,'Glancer',1,NULL,NULL,NULL,1,0,0,0,0,0,0,1),(458,1,22,4,NULL,NULL,NULL,0,'Glancer',1,NULL,NULL,NULL,1,0,0,0,0,0,0,1),(459,1,22,4,NULL,NULL,NULL,0,'Glancer',1,NULL,NULL,NULL,1,0,0,0,0,0,0,1),(460,1,22,4,NULL,NULL,NULL,0,'Gnat',0,NULL,NULL,NULL,1,0,0,0,0,0,0,1),(461,1,22,4,NULL,NULL,NULL,0,'Gnat',0,NULL,NULL,NULL,1,0,0,0,0,0,0,1),(462,1,22,4,NULL,NULL,NULL,0,'Gnat',1,NULL,NULL,NULL,1,0,0,0,0,0,0,1),(463,1,22,4,NULL,NULL,NULL,0,'Gnat',1,NULL,NULL,NULL,1,0,0,0,0,0,0,1),(464,1,23,4,NULL,NULL,NULL,0,'Gnawer',0,NULL,NULL,NULL,1,0,0,0,0,0,0,1),(465,1,23,4,NULL,NULL,NULL,0,'Gnawer',0,NULL,NULL,NULL,1,0,0,0,0,0,0,1),(466,1,23,4,NULL,NULL,NULL,0,'Spudder',0,NULL,NULL,NULL,1,0,0,0,0,0,0,1),(467,1,23,4,NULL,NULL,NULL,0,'Spudder',0,NULL,NULL,NULL,1,0,0,0,0,0,0,1),(468,1,23,4,NULL,NULL,NULL,0,'Glancer',1,NULL,NULL,NULL,1,0,0,0,0,0,0,1),(469,1,23,4,NULL,NULL,NULL,0,'Glancer',1,NULL,NULL,NULL,1,0,0,0,0,0,0,1),(470,1,23,4,NULL,NULL,NULL,0,'Glancer',1,NULL,NULL,NULL,1,0,0,0,0,0,0,1),(471,1,23,4,NULL,NULL,NULL,0,'Glancer',1,NULL,NULL,NULL,1,0,0,0,0,0,0,1),(472,1,23,4,NULL,NULL,NULL,0,'Glancer',1,NULL,NULL,NULL,1,0,0,0,0,0,0,1),(473,1,23,4,NULL,NULL,NULL,0,'Gnat',0,NULL,NULL,NULL,1,0,0,0,0,0,0,1),(474,1,23,4,NULL,NULL,NULL,0,'Gnat',0,NULL,NULL,NULL,1,0,0,0,0,0,0,1),(475,1,23,4,NULL,NULL,NULL,0,'Gnat',1,NULL,NULL,NULL,1,0,0,0,0,0,0,1),(476,1,24,4,NULL,NULL,NULL,0,'Gnawer',0,NULL,NULL,NULL,1,0,0,0,0,0,0,1),(477,1,24,4,NULL,NULL,NULL,0,'Spudder',1,NULL,NULL,NULL,1,0,0,0,0,0,0,1),(478,1,24,4,NULL,NULL,NULL,0,'Spudder',0,NULL,NULL,NULL,1,0,0,0,0,0,0,1),(479,1,24,4,NULL,NULL,NULL,0,'Spudder',0,NULL,NULL,NULL,1,0,0,0,0,0,0,1),(480,1,24,4,NULL,NULL,NULL,0,'Glancer',1,NULL,NULL,NULL,1,0,0,0,0,0,0,1),(481,1,24,4,NULL,NULL,NULL,0,'Gnat',0,NULL,NULL,NULL,1,0,0,0,0,0,0,1),(482,1,24,4,NULL,NULL,NULL,0,'Glancer',1,NULL,NULL,NULL,1,0,0,0,0,0,0,1),(483,1,24,4,NULL,NULL,NULL,0,'Glancer',1,NULL,NULL,NULL,1,0,0,0,0,0,0,1),(484,1,24,4,NULL,NULL,NULL,0,'Glancer',1,NULL,NULL,NULL,1,0,0,0,0,0,0,1),(485,1,24,4,NULL,NULL,NULL,0,'Gnat',0,NULL,NULL,NULL,1,0,0,0,0,0,0,1),(486,1,24,4,NULL,NULL,NULL,0,'Gnat',0,NULL,NULL,NULL,1,0,0,0,0,0,0,1),(487,1,24,4,NULL,NULL,NULL,0,'Gnat',1,NULL,NULL,NULL,1,0,0,0,0,0,0,1),(488,1,24,4,NULL,NULL,NULL,0,'Gnat',0,NULL,NULL,NULL,1,0,0,0,0,0,0,1),(489,1,25,4,NULL,NULL,NULL,0,'Gnawer',0,NULL,NULL,NULL,1,0,0,0,0,0,0,1),(490,1,25,4,NULL,NULL,NULL,0,'Spudder',1,NULL,NULL,NULL,1,0,0,0,0,0,0,1),(491,1,25,4,NULL,NULL,NULL,0,'Spudder',0,NULL,NULL,NULL,1,0,0,0,0,0,0,1),(492,1,25,4,NULL,NULL,NULL,0,'Spudder',1,NULL,NULL,NULL,1,0,0,0,0,0,0,1),(493,1,25,4,NULL,NULL,NULL,0,'Spudder',0,NULL,NULL,NULL,1,0,0,0,0,0,0,1),(494,1,25,4,NULL,NULL,NULL,0,'Glancer',1,NULL,NULL,NULL,1,0,0,0,0,0,0,1),(495,1,25,4,NULL,NULL,NULL,0,'Gnat',0,NULL,NULL,NULL,1,0,0,0,0,0,0,1),(496,1,25,4,NULL,NULL,NULL,0,'Glancer',1,NULL,NULL,NULL,1,0,0,0,0,0,0,1),(497,1,25,4,NULL,NULL,NULL,0,'Glancer',1,NULL,NULL,NULL,1,0,0,0,0,0,0,1),(498,1,25,4,NULL,NULL,NULL,0,'Glancer',1,NULL,NULL,NULL,1,0,0,0,0,0,0,1),(499,1,25,4,NULL,NULL,NULL,0,'Gnat',0,NULL,NULL,NULL,1,0,0,0,0,0,0,1),(500,1,25,4,NULL,NULL,NULL,0,'Gnat',0,NULL,NULL,NULL,1,0,0,0,0,0,0,1),(501,1,25,4,NULL,NULL,NULL,0,'Gnat',1,NULL,NULL,NULL,1,0,0,0,0,0,0,1),(502,1,25,4,NULL,NULL,NULL,0,'Gnat',0,NULL,NULL,NULL,1,0,0,0,0,0,0,1),(503,1,25,4,NULL,NULL,NULL,0,'Gnat',0,NULL,NULL,NULL,1,0,0,0,0,0,0,1),(504,1,25,4,NULL,NULL,NULL,0,'Gnat',1,NULL,NULL,NULL,1,0,0,0,0,0,0,1),(505,1,26,4,NULL,NULL,NULL,0,'Glancer',1,NULL,NULL,NULL,1,0,0,0,0,0,0,1),(506,1,26,4,NULL,NULL,NULL,0,'Gnat',0,NULL,NULL,NULL,1,0,0,0,0,0,0,1),(507,1,26,4,NULL,NULL,NULL,0,'Gnat',0,NULL,NULL,NULL,1,0,0,0,0,0,0,1),(508,1,26,4,NULL,NULL,NULL,0,'Gnat',0,NULL,NULL,NULL,1,0,0,0,0,0,0,1),(509,1,26,4,NULL,NULL,NULL,0,'Glancer',1,NULL,NULL,NULL,1,0,0,0,0,0,0,1),(510,1,26,4,NULL,NULL,NULL,0,'Glancer',1,NULL,NULL,NULL,1,0,0,0,0,0,0,1),(511,1,26,4,NULL,NULL,NULL,0,'Glancer',1,NULL,NULL,NULL,1,0,0,0,0,0,0,1),(512,1,26,4,NULL,NULL,NULL,0,'Gnat',0,NULL,NULL,NULL,1,0,0,0,0,0,0,1),(513,1,26,4,NULL,NULL,NULL,0,'Gnat',0,NULL,NULL,NULL,1,0,0,0,0,0,0,1),(514,1,26,4,NULL,NULL,NULL,0,'Gnat',1,NULL,NULL,NULL,1,0,0,0,0,0,0,1),(515,1,26,4,NULL,NULL,NULL,0,'Gnat',0,NULL,NULL,NULL,1,0,0,0,0,0,0,1),(516,1,26,4,NULL,NULL,NULL,0,'Gnat',1,NULL,NULL,NULL,1,0,0,0,0,0,0,1),(517,1,26,4,NULL,NULL,NULL,0,'Gnat',1,NULL,NULL,NULL,1,0,0,0,0,0,0,1),(518,1,27,4,NULL,NULL,NULL,0,'Gnawer',0,NULL,NULL,NULL,1,0,0,0,0,0,0,1),(519,1,27,4,NULL,NULL,NULL,0,'Spudder',0,NULL,NULL,NULL,1,0,0,0,0,0,0,1),(520,1,27,4,NULL,NULL,NULL,0,'Spudder',0,NULL,NULL,NULL,1,0,0,0,0,0,0,1),(521,1,27,4,NULL,NULL,NULL,0,'Spudder',0,NULL,NULL,NULL,1,0,0,0,0,0,0,1),(522,1,27,4,NULL,NULL,NULL,0,'Glancer',1,NULL,NULL,NULL,1,0,0,0,0,0,0,1),(523,1,27,4,NULL,NULL,NULL,0,'Gnat',0,NULL,NULL,NULL,1,0,0,0,0,0,0,1),(524,1,27,4,NULL,NULL,NULL,0,'Glancer',1,NULL,NULL,NULL,1,0,0,0,0,0,0,1),(525,1,27,4,NULL,NULL,NULL,0,'Glancer',1,NULL,NULL,NULL,1,0,0,0,0,0,0,1),(526,1,27,4,NULL,NULL,NULL,0,'Glancer',1,NULL,NULL,NULL,1,0,0,0,0,0,0,1),(527,1,27,4,NULL,NULL,NULL,0,'Glancer',1,NULL,NULL,NULL,1,0,0,0,0,0,0,1),(528,1,27,4,NULL,NULL,NULL,0,'Gnat',0,NULL,NULL,NULL,1,0,0,0,0,0,0,1),(529,1,27,4,NULL,NULL,NULL,0,'Gnat',0,NULL,NULL,NULL,1,0,0,0,0,0,0,1),(530,1,27,4,NULL,NULL,NULL,0,'Gnat',1,NULL,NULL,NULL,1,0,0,0,0,0,0,1),(531,1,27,4,NULL,NULL,NULL,0,'Gnat',0,NULL,NULL,NULL,1,0,0,0,0,0,0,1),(532,1,27,4,NULL,NULL,NULL,0,'Gnat',0,NULL,NULL,NULL,1,0,0,0,0,0,0,1),(533,1,27,4,NULL,NULL,NULL,0,'Gnat',1,NULL,NULL,NULL,1,0,0,0,0,0,0,1),(534,1,28,4,NULL,NULL,NULL,0,'Spudder',1,NULL,NULL,NULL,1,0,0,0,0,0,0,1),(535,1,28,4,NULL,NULL,NULL,0,'Spudder',0,NULL,NULL,NULL,1,0,0,0,0,0,0,1),(536,1,28,4,NULL,NULL,NULL,0,'Glancer',1,NULL,NULL,NULL,1,0,0,0,0,0,0,1),(537,1,28,4,NULL,NULL,NULL,0,'Gnat',0,NULL,NULL,NULL,1,0,0,0,0,0,0,1),(538,1,28,4,NULL,NULL,NULL,0,'Gnat',0,NULL,NULL,NULL,1,0,0,0,0,0,0,1),(539,1,28,4,NULL,NULL,NULL,0,'Glancer',1,NULL,NULL,NULL,1,0,0,0,0,0,0,1),(540,1,28,4,NULL,NULL,NULL,0,'Glancer',1,NULL,NULL,NULL,1,0,0,0,0,0,0,1),(541,1,28,4,NULL,NULL,NULL,0,'Glancer',1,NULL,NULL,NULL,1,0,0,0,0,0,0,1),(542,1,28,4,NULL,NULL,NULL,0,'Glancer',1,NULL,NULL,NULL,1,0,0,0,0,0,0,1),(543,1,28,4,NULL,NULL,NULL,0,'Gnat',0,NULL,NULL,NULL,1,0,0,0,0,0,0,1),(544,1,28,4,NULL,NULL,NULL,0,'Gnat',0,NULL,NULL,NULL,1,0,0,0,0,0,0,1),(545,1,28,4,NULL,NULL,NULL,0,'Gnat',1,NULL,NULL,NULL,1,0,0,0,0,0,0,1),(546,1,28,4,NULL,NULL,NULL,0,'Gnat',1,NULL,NULL,NULL,1,0,0,0,0,0,0,1),(547,1,29,4,NULL,NULL,NULL,0,'Glancer',1,NULL,NULL,NULL,1,0,0,0,0,0,0,1),(548,1,29,4,NULL,NULL,NULL,0,'Gnat',0,NULL,NULL,NULL,1,0,0,0,0,0,0,1),(549,1,29,4,NULL,NULL,NULL,0,'Glancer',1,NULL,NULL,NULL,1,0,0,0,0,0,0,1),(550,1,29,4,NULL,NULL,NULL,0,'Glancer',1,NULL,NULL,NULL,1,0,0,0,0,0,0,1),(551,1,29,4,NULL,NULL,NULL,0,'Gnat',0,NULL,NULL,NULL,1,0,0,0,0,0,0,1),(552,1,29,4,NULL,NULL,NULL,0,'Gnat',0,NULL,NULL,NULL,1,0,0,0,0,0,0,1),(553,1,29,4,NULL,NULL,NULL,0,'Gnat',1,NULL,NULL,NULL,1,0,0,0,0,0,0,1),(554,1,29,4,NULL,NULL,NULL,0,'Gnat',0,NULL,NULL,NULL,1,0,0,0,0,0,0,1),(555,1,29,4,NULL,NULL,NULL,0,'Gnat',1,NULL,NULL,NULL,1,0,0,0,0,0,0,1),(556,1,29,4,NULL,NULL,NULL,0,'Gnat',0,NULL,NULL,NULL,1,0,0,0,0,0,0,1),(557,1,30,4,NULL,NULL,NULL,0,'Gnat',0,NULL,NULL,NULL,1,0,0,0,0,0,0,1),(558,1,30,4,NULL,NULL,NULL,0,'Gnat',0,NULL,NULL,NULL,1,0,0,0,0,0,0,1),(559,1,30,4,NULL,NULL,NULL,0,'Gnat',1,NULL,NULL,NULL,1,0,0,0,0,0,0,1),(560,1,30,4,NULL,NULL,NULL,0,'Gnat',0,NULL,NULL,NULL,1,0,0,0,0,0,0,1),(561,1,30,4,NULL,NULL,NULL,0,'Gnat',1,NULL,NULL,NULL,1,0,0,0,0,0,0,1),(562,1,31,4,NULL,NULL,NULL,0,'Gnat',0,NULL,NULL,NULL,1,0,0,0,0,0,0,1),(563,1,31,4,NULL,NULL,NULL,0,'Gnat',0,NULL,NULL,NULL,1,0,0,0,0,0,0,1),(564,1,31,4,NULL,NULL,NULL,0,'Gnat',1,NULL,NULL,NULL,1,0,0,0,0,0,0,1),(565,1,31,4,NULL,NULL,NULL,0,'Gnat',1,NULL,NULL,NULL,1,0,0,0,0,0,0,1),(566,1,32,4,NULL,NULL,NULL,0,'Gnat',0,NULL,NULL,NULL,1,0,0,0,0,0,0,1),(567,1,32,4,NULL,NULL,NULL,0,'Gnat',0,NULL,NULL,NULL,1,0,0,0,0,0,0,1),(568,1,32,4,NULL,NULL,NULL,0,'Gnat',1,NULL,NULL,NULL,1,0,0,0,0,0,0,1),(569,1,32,4,NULL,NULL,NULL,0,'Gnat',1,NULL,NULL,NULL,1,0,0,0,0,0,0,1),(570,1,33,4,NULL,NULL,NULL,0,'Gnat',0,NULL,NULL,NULL,1,0,0,0,0,0,0,1),(571,1,33,4,NULL,NULL,NULL,0,'Gnat',0,NULL,NULL,NULL,1,0,0,0,0,0,0,1),(572,1,33,4,NULL,NULL,NULL,0,'Gnat',1,NULL,NULL,NULL,1,0,0,0,0,0,0,1),(573,1,33,4,NULL,NULL,NULL,0,'Gnat',0,NULL,NULL,NULL,1,0,0,0,0,0,0,1),(574,1,33,4,NULL,NULL,NULL,0,'Gnat',0,NULL,NULL,NULL,1,0,0,0,0,0,0,1),(575,1,33,4,NULL,NULL,NULL,0,'Gnat',1,NULL,NULL,NULL,1,0,0,0,0,0,0,1),(576,1,33,4,NULL,NULL,NULL,0,'Gnat',1,NULL,NULL,NULL,1,0,0,0,0,0,0,1),(577,1,33,4,NULL,NULL,NULL,0,'Gnat',0,NULL,NULL,NULL,1,0,0,0,0,0,0,1),(578,1,27,2,NULL,NULL,NULL,0,'Gnawer',0,NULL,NULL,NULL,1,0,0,0,0,0,0,1),(579,1,27,2,NULL,NULL,NULL,0,'Gnawer',1,NULL,NULL,NULL,1,0,0,0,0,0,0,1),(580,1,27,2,NULL,NULL,NULL,0,'Spudder',1,NULL,NULL,NULL,1,0,0,0,0,0,0,1),(581,1,27,2,NULL,NULL,NULL,0,'Spudder',0,NULL,NULL,NULL,1,0,0,0,0,0,0,1),(582,1,27,2,NULL,NULL,NULL,0,'Spudder',1,NULL,NULL,NULL,1,0,0,0,0,0,0,1),(583,1,27,2,NULL,NULL,NULL,0,'Spudder',0,NULL,NULL,NULL,1,0,0,0,0,0,0,1),(584,1,27,2,NULL,NULL,NULL,0,'Spudder',0,NULL,NULL,NULL,1,0,0,0,0,0,0,1),(585,1,27,2,NULL,NULL,NULL,0,'Glancer',1,NULL,NULL,NULL,1,0,0,0,0,0,0,1),(586,1,27,2,NULL,NULL,NULL,0,'Glancer',1,NULL,NULL,NULL,1,0,0,0,0,0,0,1),(587,1,27,2,NULL,NULL,NULL,0,'Glancer',1,NULL,NULL,NULL,1,0,0,0,0,0,0,1),(588,1,27,2,NULL,NULL,NULL,0,'Gnat',0,NULL,NULL,NULL,1,0,0,0,0,0,0,1),(589,1,27,2,NULL,NULL,NULL,0,'Gnat',1,NULL,NULL,NULL,1,0,0,0,0,0,0,1),(590,1,27,2,NULL,NULL,NULL,0,'Gnat',0,NULL,NULL,NULL,1,0,0,0,0,0,0,1),(591,1,27,2,NULL,NULL,NULL,0,'Gnat',1,NULL,NULL,NULL,1,0,0,0,0,0,0,1),(592,1,27,2,NULL,NULL,NULL,0,'Gnat',0,NULL,NULL,NULL,1,0,0,0,0,0,0,1),(593,1,27,2,NULL,NULL,NULL,0,'Gnat',0,NULL,NULL,NULL,1,0,0,0,0,0,0,1),(594,1,3,1,NULL,NULL,NULL,0,'Demosis',0,1,90,NULL,1,0,0,0,0,0,0,1),(595,1,3,1,NULL,NULL,NULL,0,'Thor',0,1,90,NULL,1,0,0,0,0,0,0,1),(596,1,3,1,NULL,NULL,NULL,0,'Thor',1,1,90,NULL,1,0,0,0,0,0,0,1),(597,1,3,1,NULL,NULL,NULL,0,'Thor',1,1,90,NULL,1,0,0,0,0,0,0,1),(598,1,3,1,NULL,NULL,NULL,0,'Thor',1,1,90,NULL,1,0,0,0,0,0,0,1),(599,1,3,1,NULL,NULL,NULL,0,'Thor',0,1,90,NULL,1,0,0,0,0,0,0,1),(600,1,3,1,NULL,NULL,NULL,0,'Dirac',1,1,90,NULL,1,0,0,0,0,0,0,1),(601,1,3,1,NULL,NULL,NULL,0,'Dirac',1,1,90,NULL,1,0,0,0,0,0,0,1),(602,1,3,1,NULL,NULL,NULL,0,'Dirac',1,1,90,NULL,1,0,0,0,0,0,0,1),(603,1,3,1,NULL,NULL,NULL,0,'Dirac',1,1,90,NULL,1,0,0,0,0,0,0,1),(604,1,3,1,NULL,NULL,NULL,0,'Dirac',0,1,90,NULL,1,0,0,0,0,0,0,1),(605,1,3,1,NULL,NULL,NULL,0,'Dirac',1,1,90,NULL,1,0,0,0,0,0,0,1),(606,1,3,1,NULL,NULL,NULL,0,'Dirac',0,1,90,NULL,1,0,0,0,0,0,0,1),(607,1,34,4,NULL,NULL,NULL,0,'Gnat',0,NULL,NULL,NULL,1,0,0,0,0,0,0,1),(608,1,34,4,NULL,NULL,NULL,0,'Gnat',0,NULL,NULL,NULL,1,0,0,0,0,0,0,1),(609,1,34,4,NULL,NULL,NULL,0,'Gnat',1,NULL,NULL,NULL,1,0,0,0,0,0,0,1),(610,1,34,4,NULL,NULL,NULL,0,'Gnat',1,NULL,NULL,NULL,1,0,0,0,0,0,0,1),(611,1,34,4,NULL,NULL,NULL,0,'Gnat',1,NULL,NULL,NULL,1,0,0,0,0,0,0,1),(612,1,35,4,NULL,NULL,NULL,0,'Glancer',1,NULL,NULL,NULL,1,0,0,0,0,0,0,1),(613,1,35,4,NULL,NULL,NULL,0,'Glancer',1,NULL,NULL,NULL,1,0,0,0,0,0,0,1),(614,1,35,4,NULL,NULL,NULL,0,'Gnat',0,NULL,NULL,NULL,1,0,0,0,0,0,0,1),(615,1,35,4,NULL,NULL,NULL,0,'Gnat',0,NULL,NULL,NULL,1,0,0,0,0,0,0,1),(616,1,35,4,NULL,NULL,NULL,0,'Gnat',1,NULL,NULL,NULL,1,0,0,0,0,0,0,1),(617,1,36,4,NULL,NULL,NULL,0,'Gnawer',0,NULL,NULL,NULL,1,0,0,0,0,0,0,1),(618,1,36,4,NULL,NULL,NULL,0,'Spudder',1,NULL,NULL,NULL,1,0,0,0,0,0,0,1),(619,1,36,4,NULL,NULL,NULL,0,'Spudder',0,NULL,NULL,NULL,1,0,0,0,0,0,0,1),(620,1,36,4,NULL,NULL,NULL,0,'Spudder',0,NULL,NULL,NULL,1,0,0,0,0,0,0,1),(621,1,36,4,NULL,NULL,NULL,0,'Gnat',0,NULL,NULL,NULL,1,0,0,0,0,0,0,1),(622,1,36,4,NULL,NULL,NULL,0,'Glancer',1,NULL,NULL,NULL,1,0,0,0,0,0,0,1),(623,1,36,4,NULL,NULL,NULL,0,'Glancer',1,NULL,NULL,NULL,1,0,0,0,0,0,0,1),(624,1,36,4,NULL,NULL,NULL,0,'Glancer',1,NULL,NULL,NULL,1,0,0,0,0,0,0,1),(625,1,36,4,NULL,NULL,NULL,0,'Gnat',0,NULL,NULL,NULL,1,0,0,0,0,0,0,1),(626,1,36,4,NULL,NULL,NULL,0,'Gnat',0,NULL,NULL,NULL,1,0,0,0,0,0,0,1),(627,1,36,4,NULL,NULL,NULL,0,'Gnat',1,NULL,NULL,NULL,1,0,0,0,0,0,0,1),(628,1,36,4,NULL,NULL,NULL,0,'Gnat',1,NULL,NULL,NULL,1,0,0,0,0,0,0,1),(629,1,36,4,NULL,NULL,NULL,0,'Gnat',1,NULL,NULL,NULL,1,0,0,0,0,0,0,1),(630,1,37,4,NULL,NULL,NULL,0,'Spudder',0,NULL,NULL,NULL,1,0,0,0,0,0,0,1),(631,1,37,4,NULL,NULL,NULL,0,'Glancer',1,NULL,NULL,NULL,1,0,0,0,0,0,0,1),(632,1,37,4,NULL,NULL,NULL,0,'Gnat',0,NULL,NULL,NULL,1,0,0,0,0,0,0,1),(633,1,37,4,NULL,NULL,NULL,0,'Gnat',0,NULL,NULL,NULL,1,0,0,0,0,0,0,1),(634,1,37,4,NULL,NULL,NULL,0,'Glancer',1,NULL,NULL,NULL,1,0,0,0,0,0,0,1),(635,1,37,4,NULL,NULL,NULL,0,'Glancer',1,NULL,NULL,NULL,1,0,0,0,0,0,0,1),(636,1,37,4,NULL,NULL,NULL,0,'Gnat',0,NULL,NULL,NULL,1,0,0,0,0,0,0,1),(637,1,37,4,NULL,NULL,NULL,0,'Gnat',0,NULL,NULL,NULL,1,0,0,0,0,0,0,1),(638,1,37,4,NULL,NULL,NULL,0,'Gnat',1,NULL,NULL,NULL,1,0,0,0,0,0,0,1),(639,1,38,4,NULL,NULL,NULL,0,'Spudder',0,NULL,NULL,NULL,1,0,0,0,0,0,0,1),(640,1,38,4,NULL,NULL,NULL,0,'Glancer',1,NULL,NULL,NULL,1,0,0,0,0,0,0,1),(641,1,38,4,NULL,NULL,NULL,0,'Gnat',0,NULL,NULL,NULL,1,0,0,0,0,0,0,1),(642,1,38,4,NULL,NULL,NULL,0,'Gnat',0,NULL,NULL,NULL,1,0,0,0,0,0,0,1),(643,1,38,4,NULL,NULL,NULL,0,'Glancer',1,NULL,NULL,NULL,1,0,0,0,0,0,0,1),(644,1,38,4,NULL,NULL,NULL,0,'Glancer',1,NULL,NULL,NULL,1,0,0,0,0,0,0,1),(645,1,38,4,NULL,NULL,NULL,0,'Glancer',1,NULL,NULL,NULL,1,0,0,0,0,0,0,1),(646,1,38,4,NULL,NULL,NULL,0,'Glancer',1,NULL,NULL,NULL,1,0,0,0,0,0,0,1),(647,1,38,4,NULL,NULL,NULL,0,'Gnat',0,NULL,NULL,NULL,1,0,0,0,0,0,0,1),(648,1,38,4,NULL,NULL,NULL,0,'Gnat',0,NULL,NULL,NULL,1,0,0,0,0,0,0,1),(649,1,38,4,NULL,NULL,NULL,0,'Gnat',1,NULL,NULL,NULL,1,0,0,0,0,0,0,1),(650,1,38,4,NULL,NULL,NULL,0,'Gnat',0,NULL,NULL,NULL,1,0,0,0,0,0,0,1),(651,1,38,4,NULL,NULL,NULL,0,'Gnat',1,NULL,NULL,NULL,1,0,0,0,0,0,0,1),(652,1,38,4,NULL,NULL,NULL,0,'Gnat',0,NULL,NULL,NULL,1,0,0,0,0,0,0,1),(653,1,39,4,NULL,NULL,NULL,0,'Spudder',1,NULL,NULL,NULL,1,0,0,0,0,0,0,1),(654,1,39,4,NULL,NULL,NULL,0,'Spudder',0,NULL,NULL,NULL,1,0,0,0,0,0,0,1),(655,1,39,4,NULL,NULL,NULL,0,'Glancer',1,NULL,NULL,NULL,1,0,0,0,0,0,0,1),(656,1,39,4,NULL,NULL,NULL,0,'Gnat',0,NULL,NULL,NULL,1,0,0,0,0,0,0,1),(657,1,39,4,NULL,NULL,NULL,0,'Gnat',0,NULL,NULL,NULL,1,0,0,0,0,0,0,1),(658,1,39,4,NULL,NULL,NULL,0,'Glancer',1,NULL,NULL,NULL,1,0,0,0,0,0,0,1),(659,1,39,4,NULL,NULL,NULL,0,'Glancer',1,NULL,NULL,NULL,1,0,0,0,0,0,0,1),(660,1,39,4,NULL,NULL,NULL,0,'Glancer',1,NULL,NULL,NULL,1,0,0,0,0,0,0,1),(661,1,39,4,NULL,NULL,NULL,0,'Glancer',1,NULL,NULL,NULL,1,0,0,0,0,0,0,1),(662,1,39,4,NULL,NULL,NULL,0,'Gnat',0,NULL,NULL,NULL,1,0,0,0,0,0,0,1),(663,1,39,4,NULL,NULL,NULL,0,'Gnat',0,NULL,NULL,NULL,1,0,0,0,0,0,0,1),(664,1,39,4,NULL,NULL,NULL,0,'Gnat',1,NULL,NULL,NULL,1,0,0,0,0,0,0,1),(665,1,39,4,NULL,NULL,NULL,0,'Gnat',1,NULL,NULL,NULL,1,0,0,0,0,0,0,1),(666,1,40,4,NULL,NULL,NULL,0,'Gnawer',0,NULL,NULL,NULL,1,0,0,0,0,0,0,1),(667,1,40,4,NULL,NULL,NULL,0,'Gnawer',0,NULL,NULL,NULL,1,0,0,0,0,0,0,1),(668,1,40,4,NULL,NULL,NULL,0,'Gnawer',0,NULL,NULL,NULL,1,0,0,0,0,0,0,1),(669,1,40,4,NULL,NULL,NULL,0,'Spudder',0,NULL,NULL,NULL,1,0,0,0,0,0,0,1),(670,1,40,4,NULL,NULL,NULL,0,'Spudder',0,NULL,NULL,NULL,1,0,0,0,0,0,0,1),(671,1,40,4,NULL,NULL,NULL,0,'Glancer',1,NULL,NULL,NULL,1,0,0,0,0,0,0,1),(672,1,40,4,NULL,NULL,NULL,0,'Gnat',0,NULL,NULL,NULL,1,0,0,0,0,0,0,1),(673,1,40,4,NULL,NULL,NULL,0,'Gnat',1,NULL,NULL,NULL,1,0,0,0,0,0,0,1),(674,1,40,4,NULL,NULL,NULL,0,'Gnat',0,NULL,NULL,NULL,1,0,0,0,0,0,0,1),(675,1,40,4,NULL,NULL,NULL,0,'Glancer',1,NULL,NULL,NULL,1,0,0,0,0,0,0,1),(676,1,40,4,NULL,NULL,NULL,0,'Glancer',1,NULL,NULL,NULL,1,0,0,0,0,0,0,1),(677,1,40,4,NULL,NULL,NULL,0,'Glancer',1,NULL,NULL,NULL,1,0,0,0,0,0,0,1),(678,1,40,4,NULL,NULL,NULL,0,'Glancer',1,NULL,NULL,NULL,1,0,0,0,0,0,0,1),(679,1,40,4,NULL,NULL,NULL,0,'Gnat',0,NULL,NULL,NULL,1,0,0,0,0,0,0,1),(680,1,40,4,NULL,NULL,NULL,0,'Gnat',0,NULL,NULL,NULL,1,0,0,0,0,0,0,1),(681,1,40,4,NULL,NULL,NULL,0,'Gnat',1,NULL,NULL,NULL,1,0,0,0,0,0,0,1),(682,1,40,4,NULL,NULL,NULL,0,'Gnat',0,NULL,NULL,NULL,1,0,0,0,0,0,0,1),(683,1,40,4,NULL,NULL,NULL,0,'Gnat',1,NULL,NULL,NULL,1,0,0,0,0,0,0,1),(684,1,41,4,NULL,NULL,NULL,0,'Gnawer',0,NULL,NULL,NULL,1,0,0,0,0,0,0,1),(685,1,41,4,NULL,NULL,NULL,0,'Gnawer',0,NULL,NULL,NULL,1,0,0,0,0,0,0,1),(686,1,41,4,NULL,NULL,NULL,0,'Gnawer',0,NULL,NULL,NULL,1,0,0,0,0,0,0,1),(687,1,41,4,NULL,NULL,NULL,0,'Spudder',0,NULL,NULL,NULL,1,0,0,0,0,0,0,1),(688,1,41,4,NULL,NULL,NULL,0,'Spudder',0,NULL,NULL,NULL,1,0,0,0,0,0,0,1),(689,1,41,4,NULL,NULL,NULL,0,'Spudder',0,NULL,NULL,NULL,1,0,0,0,0,0,0,1),(690,1,41,4,NULL,NULL,NULL,0,'Spudder',1,NULL,NULL,NULL,1,0,0,0,0,0,0,1),(691,1,41,4,NULL,NULL,NULL,0,'Spudder',0,NULL,NULL,NULL,1,0,0,0,0,0,0,1),(692,1,41,4,NULL,NULL,NULL,0,'Glancer',1,NULL,NULL,NULL,1,0,0,0,0,0,0,1),(693,1,41,4,NULL,NULL,NULL,0,'Gnat',0,NULL,NULL,NULL,1,0,0,0,0,0,0,1),(694,1,41,4,NULL,NULL,NULL,0,'Gnat',0,NULL,NULL,NULL,1,0,0,0,0,0,0,1),(695,1,41,4,NULL,NULL,NULL,0,'Glancer',1,NULL,NULL,NULL,1,0,0,0,0,0,0,1),(696,1,41,4,NULL,NULL,NULL,0,'Glancer',1,NULL,NULL,NULL,1,0,0,0,0,0,0,1),(697,1,41,4,NULL,NULL,NULL,0,'Glancer',1,NULL,NULL,NULL,1,0,0,0,0,0,0,1),(698,1,41,4,NULL,NULL,NULL,0,'Gnat',0,NULL,NULL,NULL,1,0,0,0,0,0,0,1),(699,1,41,4,NULL,NULL,NULL,0,'Gnat',0,NULL,NULL,NULL,1,0,0,0,0,0,0,1),(700,1,41,4,NULL,NULL,NULL,0,'Gnat',1,NULL,NULL,NULL,1,0,0,0,0,0,0,1),(701,1,41,4,NULL,NULL,NULL,0,'Gnat',0,NULL,NULL,NULL,1,0,0,0,0,0,0,1),(702,1,41,4,NULL,NULL,NULL,0,'Gnat',0,NULL,NULL,NULL,1,0,0,0,0,0,0,1),(703,1,42,4,NULL,NULL,NULL,0,'Gnawer',0,NULL,NULL,NULL,1,0,0,0,0,0,0,1),(704,1,42,4,NULL,NULL,NULL,0,'Gnawer',0,NULL,NULL,NULL,1,0,0,0,0,0,0,1),(705,1,42,4,NULL,NULL,NULL,0,'Spudder',0,NULL,NULL,NULL,1,0,0,0,0,0,0,1),(706,1,42,4,NULL,NULL,NULL,0,'Spudder',1,NULL,NULL,NULL,1,0,0,0,0,0,0,1),(707,1,42,4,NULL,NULL,NULL,0,'Spudder',0,NULL,NULL,NULL,1,0,0,0,0,0,0,1),(708,1,42,4,NULL,NULL,NULL,0,'Glancer',1,NULL,NULL,NULL,1,0,0,0,0,0,0,1),(709,1,42,4,NULL,NULL,NULL,0,'Gnat',1,NULL,NULL,NULL,1,0,0,0,0,0,0,1),(710,1,42,4,NULL,NULL,NULL,0,'Gnat',0,NULL,NULL,NULL,1,0,0,0,0,0,0,1),(711,1,42,4,NULL,NULL,NULL,0,'Gnat',0,NULL,NULL,NULL,1,0,0,0,0,0,0,1),(712,1,42,4,NULL,NULL,NULL,0,'Glancer',1,NULL,NULL,NULL,1,0,0,0,0,0,0,1),(713,1,42,4,NULL,NULL,NULL,0,'Glancer',1,NULL,NULL,NULL,1,0,0,0,0,0,0,1),(714,1,42,4,NULL,NULL,NULL,0,'Glancer',1,NULL,NULL,NULL,1,0,0,0,0,0,0,1),(715,1,42,4,NULL,NULL,NULL,0,'Gnat',0,NULL,NULL,NULL,1,0,0,0,0,0,0,1),(716,1,42,4,NULL,NULL,NULL,0,'Gnat',0,NULL,NULL,NULL,1,0,0,0,0,0,0,1),(717,1,42,4,NULL,NULL,NULL,0,'Gnat',1,NULL,NULL,NULL,1,0,0,0,0,0,0,1),(718,1,42,4,NULL,NULL,NULL,0,'Gnat',0,NULL,NULL,NULL,1,0,0,0,0,0,0,1),(719,1,42,4,NULL,NULL,NULL,0,'Gnat',1,NULL,NULL,NULL,1,0,0,0,0,0,0,1),(720,1,42,4,NULL,NULL,NULL,0,'Gnat',1,NULL,NULL,NULL,1,0,0,0,0,0,0,1),(721,1,43,4,NULL,NULL,NULL,0,'Glancer',1,NULL,NULL,NULL,1,0,0,0,0,0,0,1),(722,1,43,4,NULL,NULL,NULL,0,'Gnat',1,NULL,NULL,NULL,1,0,0,0,0,0,0,1),(723,1,43,4,NULL,NULL,NULL,0,'Gnat',0,NULL,NULL,NULL,1,0,0,0,0,0,0,1),(724,1,43,4,NULL,NULL,NULL,0,'Glancer',1,NULL,NULL,NULL,1,0,0,0,0,0,0,1),(725,1,43,4,NULL,NULL,NULL,0,'Glancer',1,NULL,NULL,NULL,1,0,0,0,0,0,0,1),(726,1,43,4,NULL,NULL,NULL,0,'Glancer',1,NULL,NULL,NULL,1,0,0,0,0,0,0,1),(727,1,43,4,NULL,NULL,NULL,0,'Glancer',1,NULL,NULL,NULL,1,0,0,0,0,0,0,1),(728,1,43,4,NULL,NULL,NULL,0,'Gnat',0,NULL,NULL,NULL,1,0,0,0,0,0,0,1),(729,1,43,4,NULL,NULL,NULL,0,'Gnat',0,NULL,NULL,NULL,1,0,0,0,0,0,0,1),(730,1,43,4,NULL,NULL,NULL,0,'Gnat',1,NULL,NULL,NULL,1,0,0,0,0,0,0,1),(731,1,43,4,NULL,NULL,NULL,0,'Gnat',1,NULL,NULL,NULL,1,0,0,0,0,0,0,1),(732,1,43,4,NULL,NULL,NULL,0,'Gnat',1,NULL,NULL,NULL,1,0,0,0,0,0,0,1),(733,1,43,4,NULL,NULL,NULL,0,'Gnat',0,NULL,NULL,NULL,1,0,0,0,0,0,0,1),(734,1,43,4,NULL,NULL,NULL,0,'Gnat',1,NULL,NULL,NULL,1,0,0,0,0,0,0,1),(735,1,44,4,NULL,NULL,NULL,0,'Spudder',0,NULL,NULL,NULL,1,0,0,0,0,0,0,1),(736,1,44,4,NULL,NULL,NULL,0,'Glancer',1,NULL,NULL,NULL,1,0,0,0,0,0,0,1),(737,1,44,4,NULL,NULL,NULL,0,'Gnat',0,NULL,NULL,NULL,1,0,0,0,0,0,0,1),(738,1,44,4,NULL,NULL,NULL,0,'Gnat',0,NULL,NULL,NULL,1,0,0,0,0,0,0,1),(739,1,44,4,NULL,NULL,NULL,0,'Glancer',1,NULL,NULL,NULL,1,0,0,0,0,0,0,1),(740,1,44,4,NULL,NULL,NULL,0,'Glancer',1,NULL,NULL,NULL,1,0,0,0,0,0,0,1),(741,1,44,4,NULL,NULL,NULL,0,'Glancer',1,NULL,NULL,NULL,1,0,0,0,0,0,0,1),(742,1,44,4,NULL,NULL,NULL,0,'Gnat',0,NULL,NULL,NULL,1,0,0,0,0,0,0,1),(743,1,44,4,NULL,NULL,NULL,0,'Gnat',0,NULL,NULL,NULL,1,0,0,0,0,0,0,1),(744,1,44,4,NULL,NULL,NULL,0,'Gnat',1,NULL,NULL,NULL,1,0,0,0,0,0,0,1),(745,1,44,4,NULL,NULL,NULL,0,'Gnat',1,NULL,NULL,NULL,1,0,0,0,0,0,0,1),(746,1,44,4,NULL,NULL,NULL,0,'Gnat',0,NULL,NULL,NULL,1,0,0,0,0,0,0,1),(747,1,45,4,NULL,NULL,NULL,0,'Gnat',0,NULL,NULL,NULL,1,0,0,0,0,0,0,1),(748,1,45,4,NULL,NULL,NULL,0,'Glancer',1,NULL,NULL,NULL,1,0,0,0,0,0,0,1),(749,1,45,4,NULL,NULL,NULL,0,'Glancer',1,NULL,NULL,NULL,1,0,0,0,0,0,0,1),(750,1,45,4,NULL,NULL,NULL,0,'Glancer',1,NULL,NULL,NULL,1,0,0,0,0,0,0,1),(751,1,45,4,NULL,NULL,NULL,0,'Glancer',1,NULL,NULL,NULL,1,0,0,0,0,0,0,1),(752,1,45,4,NULL,NULL,NULL,0,'Gnat',0,NULL,NULL,NULL,1,0,0,0,0,0,0,1),(753,1,45,4,NULL,NULL,NULL,0,'Gnat',0,NULL,NULL,NULL,1,0,0,0,0,0,0,1),(754,1,45,4,NULL,NULL,NULL,0,'Gnat',1,NULL,NULL,NULL,1,0,0,0,0,0,0,1),(755,1,45,4,NULL,NULL,NULL,0,'Gnat',1,NULL,NULL,NULL,1,0,0,0,0,0,0,1),(756,1,45,4,NULL,NULL,NULL,0,'Gnat',1,NULL,NULL,NULL,1,0,0,0,0,0,0,1),(757,1,45,4,NULL,NULL,NULL,0,'Gnat',0,NULL,NULL,NULL,1,0,0,0,0,0,0,1),(758,1,46,4,NULL,NULL,NULL,0,'Gnat',0,NULL,NULL,NULL,1,0,0,0,0,0,0,1),(759,1,46,4,NULL,NULL,NULL,0,'Gnat',0,NULL,NULL,NULL,1,0,0,0,0,0,0,1),(760,1,46,4,NULL,NULL,NULL,0,'Gnat',1,NULL,NULL,NULL,1,0,0,0,0,0,0,1),(761,1,46,4,NULL,NULL,NULL,0,'Gnat',0,NULL,NULL,NULL,1,0,0,0,0,0,0,1),(762,1,46,4,NULL,NULL,NULL,0,'Gnat',0,NULL,NULL,NULL,1,0,0,0,0,0,0,1),(763,1,47,4,NULL,NULL,NULL,0,'Gnat',0,NULL,NULL,NULL,1,0,0,0,0,0,0,1),(764,1,47,4,NULL,NULL,NULL,0,'Gnat',0,NULL,NULL,NULL,1,0,0,0,0,0,0,1),(765,1,47,4,NULL,NULL,NULL,0,'Gnat',1,NULL,NULL,NULL,1,0,0,0,0,0,0,1),(766,1,48,4,NULL,NULL,NULL,0,'Gnat',0,NULL,NULL,NULL,1,0,0,0,0,0,0,1),(767,1,48,4,NULL,NULL,NULL,0,'Gnat',0,NULL,NULL,NULL,1,0,0,0,0,0,0,1),(768,1,48,4,NULL,NULL,NULL,0,'Gnat',1,NULL,NULL,NULL,1,0,0,0,0,0,0,1),(769,1,48,4,NULL,NULL,NULL,0,'Gnat',0,NULL,NULL,NULL,1,0,0,0,0,0,0,1),(770,1,49,4,NULL,NULL,NULL,0,'Gnat',0,NULL,NULL,NULL,1,0,0,0,0,0,0,1),(771,1,49,4,NULL,NULL,NULL,0,'Gnat',0,NULL,NULL,NULL,1,0,0,0,0,0,0,1),(772,1,49,4,NULL,NULL,NULL,0,'Gnat',1,NULL,NULL,NULL,1,0,0,0,0,0,0,1),(773,1,49,4,NULL,NULL,NULL,0,'Gnat',0,NULL,NULL,NULL,1,0,0,0,0,0,0,1),(774,1,28,2,NULL,NULL,NULL,0,'Gnawer',0,NULL,NULL,NULL,1,0,0,0,0,0,0,1),(775,1,28,2,NULL,NULL,NULL,0,'Gnawer',0,NULL,NULL,NULL,1,0,0,0,0,0,0,1),(776,1,28,2,NULL,NULL,NULL,0,'Spudder',1,NULL,NULL,NULL,1,0,0,0,0,0,0,1),(777,1,28,2,NULL,NULL,NULL,0,'Spudder',1,NULL,NULL,NULL,1,0,0,0,0,0,0,1),(778,1,28,2,NULL,NULL,NULL,0,'Spudder',0,NULL,NULL,NULL,1,0,0,0,0,0,0,1),(779,1,28,2,NULL,NULL,NULL,0,'Spudder',1,NULL,NULL,NULL,1,0,0,0,0,0,0,1),(780,1,28,2,NULL,NULL,NULL,0,'Spudder',1,NULL,NULL,NULL,1,0,0,0,0,0,0,1),(781,1,28,2,NULL,NULL,NULL,0,'Glancer',1,NULL,NULL,NULL,1,0,0,0,0,0,0,1),(782,1,28,2,NULL,NULL,NULL,0,'Glancer',1,NULL,NULL,NULL,1,0,0,0,0,0,0,1),(783,1,28,2,NULL,NULL,NULL,0,'Glancer',1,NULL,NULL,NULL,1,0,0,0,0,0,0,1),(784,1,28,2,NULL,NULL,NULL,0,'Glancer',1,NULL,NULL,NULL,1,0,0,0,0,0,0,1),(785,1,28,2,NULL,NULL,NULL,0,'Glancer',1,NULL,NULL,NULL,1,0,0,0,0,0,0,1),(786,1,28,2,NULL,NULL,NULL,0,'Gnat',0,NULL,NULL,NULL,1,0,0,0,0,0,0,1),(787,1,28,2,NULL,NULL,NULL,0,'Gnat',1,NULL,NULL,NULL,1,0,0,0,0,0,0,1),(788,1,28,2,NULL,NULL,NULL,0,'Gnat',0,NULL,NULL,NULL,1,0,0,0,0,0,0,1),(789,1,28,2,NULL,NULL,NULL,0,'Gnat',0,NULL,NULL,NULL,1,0,0,0,0,0,0,1),(790,1,28,2,NULL,NULL,NULL,0,'Gnat',1,NULL,NULL,NULL,1,0,0,0,0,0,0,1),(791,1,3,1,NULL,NULL,NULL,0,'Demosis',0,0,0,NULL,1,0,0,0,0,0,0,1),(792,1,3,1,NULL,NULL,NULL,0,'Demosis',0,0,0,NULL,1,0,0,0,0,0,0,1),(793,1,3,1,NULL,NULL,NULL,0,'Thor',1,0,0,NULL,1,0,0,0,0,0,0,1),(794,1,3,1,NULL,NULL,NULL,0,'Thor',0,0,0,NULL,1,0,0,0,0,0,0,1),(795,1,3,1,NULL,NULL,NULL,0,'Dirac',0,0,0,NULL,1,0,0,0,0,0,0,1),(796,1,3,1,NULL,NULL,NULL,0,'Dirac',1,0,0,NULL,1,0,0,0,0,0,0,1),(797,1,3,1,NULL,NULL,NULL,0,'Dirac',0,0,0,NULL,1,0,0,0,0,0,0,1),(798,1,3,1,NULL,NULL,NULL,0,'Dirac',0,0,0,NULL,1,0,0,0,0,0,0,1),(799,1,3,1,NULL,NULL,NULL,0,'Dirac',0,0,0,NULL,1,0,0,0,0,0,0,1),(800,1,3,1,NULL,NULL,NULL,0,'Dirac',0,0,0,NULL,1,0,0,0,0,0,0,1),(801,1,3,1,NULL,NULL,NULL,0,'Dirac',1,0,0,NULL,1,0,0,0,0,0,0,1),(802,1,50,4,NULL,NULL,NULL,0,'Glancer',1,NULL,NULL,NULL,1,0,0,0,0,0,0,1),(803,1,50,4,NULL,NULL,NULL,0,'Glancer',1,NULL,NULL,NULL,1,0,0,0,0,0,0,1),(804,1,50,4,NULL,NULL,NULL,0,'Gnat',0,NULL,NULL,NULL,1,0,0,0,0,0,0,1),(805,1,50,4,NULL,NULL,NULL,0,'Gnat',0,NULL,NULL,NULL,1,0,0,0,0,0,0,1),(806,1,50,4,NULL,NULL,NULL,0,'Gnat',1,NULL,NULL,NULL,1,0,0,0,0,0,0,1),(807,1,50,4,NULL,NULL,NULL,0,'Gnat',0,NULL,NULL,NULL,1,0,0,0,0,0,0,1),(808,1,50,4,NULL,NULL,NULL,0,'Gnat',0,NULL,NULL,NULL,1,0,0,0,0,0,0,1),(809,1,50,4,NULL,NULL,NULL,0,'Gnat',1,NULL,NULL,NULL,1,0,0,0,0,0,0,1),(810,1,51,4,NULL,NULL,NULL,0,'Glancer',1,NULL,NULL,NULL,1,0,0,0,0,0,0,1),(811,1,51,4,NULL,NULL,NULL,0,'Glancer',1,NULL,NULL,NULL,1,0,0,0,0,0,0,1),(812,1,51,4,NULL,NULL,NULL,0,'Gnat',0,NULL,NULL,NULL,1,0,0,0,0,0,0,1),(813,1,51,4,NULL,NULL,NULL,0,'Gnat',0,NULL,NULL,NULL,1,0,0,0,0,0,0,1),(814,1,51,4,NULL,NULL,NULL,0,'Gnat',1,NULL,NULL,NULL,1,0,0,0,0,0,0,1),(815,1,51,4,NULL,NULL,NULL,0,'Gnat',0,NULL,NULL,NULL,1,0,0,0,0,0,0,1),(816,1,51,4,NULL,NULL,NULL,0,'Gnat',1,NULL,NULL,NULL,1,0,0,0,0,0,0,1),(817,1,52,4,NULL,NULL,NULL,0,'Gnawer',0,NULL,NULL,NULL,1,0,0,0,0,0,0,1),(818,1,52,4,NULL,NULL,NULL,0,'Spudder',1,NULL,NULL,NULL,1,0,0,0,0,0,0,1),(819,1,52,4,NULL,NULL,NULL,0,'Spudder',1,NULL,NULL,NULL,1,0,0,0,0,0,0,1),(820,1,52,4,NULL,NULL,NULL,0,'Spudder',0,NULL,NULL,NULL,1,0,0,0,0,0,0,1),(821,1,52,4,NULL,NULL,NULL,0,'Glancer',1,NULL,NULL,NULL,1,0,0,0,0,0,0,1),(822,1,52,4,NULL,NULL,NULL,0,'Gnat',0,NULL,NULL,NULL,1,0,0,0,0,0,0,1),(823,1,52,4,NULL,NULL,NULL,0,'Gnat',0,NULL,NULL,NULL,1,0,0,0,0,0,0,1),(824,1,52,4,NULL,NULL,NULL,0,'Gnat',0,NULL,NULL,NULL,1,0,0,0,0,0,0,1),(825,1,52,4,NULL,NULL,NULL,0,'Glancer',1,NULL,NULL,NULL,1,0,0,0,0,0,0,1),(826,1,52,4,NULL,NULL,NULL,0,'Glancer',1,NULL,NULL,NULL,1,0,0,0,0,0,0,1),(827,1,52,4,NULL,NULL,NULL,0,'Glancer',1,NULL,NULL,NULL,1,0,0,0,0,0,0,1),(828,1,52,4,NULL,NULL,NULL,0,'Gnat',0,NULL,NULL,NULL,1,0,0,0,0,0,0,1),(829,1,52,4,NULL,NULL,NULL,0,'Gnat',0,NULL,NULL,NULL,1,0,0,0,0,0,0,1),(830,1,52,4,NULL,NULL,NULL,0,'Gnat',1,NULL,NULL,NULL,1,0,0,0,0,0,0,1),(831,1,52,4,NULL,NULL,NULL,0,'Gnat',1,NULL,NULL,NULL,1,0,0,0,0,0,0,1),(832,1,53,4,NULL,NULL,NULL,0,'Gnawer',0,NULL,NULL,NULL,1,0,0,0,0,0,0,1),(833,1,53,4,NULL,NULL,NULL,0,'Spudder',0,NULL,NULL,NULL,1,0,0,0,0,0,0,1),(834,1,53,4,NULL,NULL,NULL,0,'Spudder',0,NULL,NULL,NULL,1,0,0,0,0,0,0,1),(835,1,53,4,NULL,NULL,NULL,0,'Gnat',0,NULL,NULL,NULL,1,0,0,0,0,0,0,1),(836,1,53,4,NULL,NULL,NULL,0,'Gnat',0,NULL,NULL,NULL,1,0,0,0,0,0,0,1),(837,1,53,4,NULL,NULL,NULL,0,'Gnat',0,NULL,NULL,NULL,1,0,0,0,0,0,0,1),(838,1,53,4,NULL,NULL,NULL,0,'Glancer',1,NULL,NULL,NULL,1,0,0,0,0,0,0,1),(839,1,53,4,NULL,NULL,NULL,0,'Glancer',1,NULL,NULL,NULL,1,0,0,0,0,0,0,1),(840,1,53,4,NULL,NULL,NULL,0,'Glancer',1,NULL,NULL,NULL,1,0,0,0,0,0,0,1),(841,1,53,4,NULL,NULL,NULL,0,'Gnat',0,NULL,NULL,NULL,1,0,0,0,0,0,0,1),(842,1,53,4,NULL,NULL,NULL,0,'Gnat',0,NULL,NULL,NULL,1,0,0,0,0,0,0,1),(843,1,53,4,NULL,NULL,NULL,0,'Gnat',1,NULL,NULL,NULL,1,0,0,0,0,0,0,1),(844,1,53,4,NULL,NULL,NULL,0,'Gnat',1,NULL,NULL,NULL,1,0,0,0,0,0,0,1),(845,1,54,4,NULL,NULL,NULL,0,'Spudder',0,NULL,NULL,NULL,1,0,0,0,0,0,0,1),(846,1,54,4,NULL,NULL,NULL,0,'Glancer',1,NULL,NULL,NULL,1,0,0,0,0,0,0,1),(847,1,54,4,NULL,NULL,NULL,0,'Gnat',0,NULL,NULL,NULL,1,0,0,0,0,0,0,1),(848,1,54,4,NULL,NULL,NULL,0,'Gnat',0,NULL,NULL,NULL,1,0,0,0,0,0,0,1),(849,1,54,4,NULL,NULL,NULL,0,'Glancer',1,NULL,NULL,NULL,1,0,0,0,0,0,0,1),(850,1,54,4,NULL,NULL,NULL,0,'Glancer',1,NULL,NULL,NULL,1,0,0,0,0,0,0,1),(851,1,54,4,NULL,NULL,NULL,0,'Gnat',0,NULL,NULL,NULL,1,0,0,0,0,0,0,1),(852,1,54,4,NULL,NULL,NULL,0,'Gnat',0,NULL,NULL,NULL,1,0,0,0,0,0,0,1),(853,1,54,4,NULL,NULL,NULL,0,'Gnat',1,NULL,NULL,NULL,1,0,0,0,0,0,0,1),(854,1,54,4,NULL,NULL,NULL,0,'Gnat',0,NULL,NULL,NULL,1,0,0,0,0,0,0,1),(855,1,54,4,NULL,NULL,NULL,0,'Gnat',1,NULL,NULL,NULL,1,0,0,0,0,0,0,1),(856,1,55,4,NULL,NULL,NULL,0,'Spudder',0,NULL,NULL,NULL,1,0,0,0,0,0,0,1),(857,1,55,4,NULL,NULL,NULL,0,'Spudder',1,NULL,NULL,NULL,1,0,0,0,0,0,0,1),(858,1,55,4,NULL,NULL,NULL,0,'Spudder',0,NULL,NULL,NULL,1,0,0,0,0,0,0,1),(859,1,55,4,NULL,NULL,NULL,0,'Glancer',1,NULL,NULL,NULL,1,0,0,0,0,0,0,1),(860,1,55,4,NULL,NULL,NULL,0,'Gnat',0,NULL,NULL,NULL,1,0,0,0,0,0,0,1),(861,1,55,4,NULL,NULL,NULL,0,'Gnat',0,NULL,NULL,NULL,1,0,0,0,0,0,0,1),(862,1,55,4,NULL,NULL,NULL,0,'Glancer',1,NULL,NULL,NULL,1,0,0,0,0,0,0,1),(863,1,55,4,NULL,NULL,NULL,0,'Glancer',1,NULL,NULL,NULL,1,0,0,0,0,0,0,1),(864,1,55,4,NULL,NULL,NULL,0,'Glancer',1,NULL,NULL,NULL,1,0,0,0,0,0,0,1),(865,1,55,4,NULL,NULL,NULL,0,'Gnat',0,NULL,NULL,NULL,1,0,0,0,0,0,0,1),(866,1,55,4,NULL,NULL,NULL,0,'Gnat',0,NULL,NULL,NULL,1,0,0,0,0,0,0,1),(867,1,55,4,NULL,NULL,NULL,0,'Gnat',1,NULL,NULL,NULL,1,0,0,0,0,0,0,1),(868,1,55,4,NULL,NULL,NULL,0,'Gnat',0,NULL,NULL,NULL,1,0,0,0,0,0,0,1),(869,1,55,4,NULL,NULL,NULL,0,'Gnat',1,NULL,NULL,NULL,1,0,0,0,0,0,0,1),(870,1,56,4,NULL,NULL,NULL,0,'Gnawer',0,NULL,NULL,NULL,1,0,0,0,0,0,0,1),(871,1,56,4,NULL,NULL,NULL,0,'Gnawer',0,NULL,NULL,NULL,1,0,0,0,0,0,0,1),(872,1,56,4,NULL,NULL,NULL,0,'Gnawer',0,NULL,NULL,NULL,1,0,0,0,0,0,0,1),(873,1,56,4,NULL,NULL,NULL,0,'Gnawer',0,NULL,NULL,NULL,1,0,0,0,0,0,0,1),(874,1,56,4,NULL,NULL,NULL,0,'Spudder',0,NULL,NULL,NULL,1,0,0,0,0,0,0,1),(875,1,56,4,NULL,NULL,NULL,0,'Spudder',1,NULL,NULL,NULL,1,0,0,0,0,0,0,1),(876,1,56,4,NULL,NULL,NULL,0,'Spudder',0,NULL,NULL,NULL,1,0,0,0,0,0,0,1),(877,1,56,4,NULL,NULL,NULL,0,'Glancer',1,NULL,NULL,NULL,1,0,0,0,0,0,0,1),(878,1,56,4,NULL,NULL,NULL,0,'Gnat',0,NULL,NULL,NULL,1,0,0,0,0,0,0,1),(879,1,56,4,NULL,NULL,NULL,0,'Glancer',1,NULL,NULL,NULL,1,0,0,0,0,0,0,1),(880,1,56,4,NULL,NULL,NULL,0,'Glancer',1,NULL,NULL,NULL,1,0,0,0,0,0,0,1),(881,1,56,4,NULL,NULL,NULL,0,'Glancer',1,NULL,NULL,NULL,1,0,0,0,0,0,0,1),(882,1,56,4,NULL,NULL,NULL,0,'Glancer',1,NULL,NULL,NULL,1,0,0,0,0,0,0,1),(883,1,56,4,NULL,NULL,NULL,0,'Gnat',0,NULL,NULL,NULL,1,0,0,0,0,0,0,1),(884,1,56,4,NULL,NULL,NULL,0,'Gnat',0,NULL,NULL,NULL,1,0,0,0,0,0,0,1),(885,1,56,4,NULL,NULL,NULL,0,'Gnat',1,NULL,NULL,NULL,1,0,0,0,0,0,0,1),(886,1,56,4,NULL,NULL,NULL,0,'Gnat',1,NULL,NULL,NULL,1,0,0,0,0,0,0,1),(887,1,57,4,NULL,NULL,NULL,0,'Gnawer',0,NULL,NULL,NULL,1,0,0,0,0,0,0,1),(888,1,57,4,NULL,NULL,NULL,0,'Gnawer',0,NULL,NULL,NULL,1,0,0,0,0,0,0,1),(889,1,57,4,NULL,NULL,NULL,0,'Spudder',0,NULL,NULL,NULL,1,0,0,0,0,0,0,1),(890,1,57,4,NULL,NULL,NULL,0,'Spudder',0,NULL,NULL,NULL,1,0,0,0,0,0,0,1),(891,1,57,4,NULL,NULL,NULL,0,'Glancer',1,NULL,NULL,NULL,1,0,0,0,0,0,0,1),(892,1,57,4,NULL,NULL,NULL,0,'Gnat',0,NULL,NULL,NULL,1,0,0,0,0,0,0,1),(893,1,57,4,NULL,NULL,NULL,0,'Gnat',0,NULL,NULL,NULL,1,0,0,0,0,0,0,1),(894,1,57,4,NULL,NULL,NULL,0,'Glancer',1,NULL,NULL,NULL,1,0,0,0,0,0,0,1),(895,1,57,4,NULL,NULL,NULL,0,'Glancer',1,NULL,NULL,NULL,1,0,0,0,0,0,0,1),(896,1,57,4,NULL,NULL,NULL,0,'Glancer',1,NULL,NULL,NULL,1,0,0,0,0,0,0,1),(897,1,57,4,NULL,NULL,NULL,0,'Glancer',1,NULL,NULL,NULL,1,0,0,0,0,0,0,1),(898,1,57,4,NULL,NULL,NULL,0,'Gnat',0,NULL,NULL,NULL,1,0,0,0,0,0,0,1),(899,1,57,4,NULL,NULL,NULL,0,'Gnat',0,NULL,NULL,NULL,1,0,0,0,0,0,0,1),(900,1,57,4,NULL,NULL,NULL,0,'Gnat',1,NULL,NULL,NULL,1,0,0,0,0,0,0,1),(901,1,58,4,NULL,NULL,NULL,0,'Glancer',1,NULL,NULL,NULL,1,0,0,0,0,0,0,1),(902,1,58,4,NULL,NULL,NULL,0,'Gnat',0,NULL,NULL,NULL,1,0,0,0,0,0,0,1),(903,1,58,4,NULL,NULL,NULL,0,'Gnat',0,NULL,NULL,NULL,1,0,0,0,0,0,0,1),(904,1,58,4,NULL,NULL,NULL,0,'Gnat',0,NULL,NULL,NULL,1,0,0,0,0,0,0,1),(905,1,58,4,NULL,NULL,NULL,0,'Glancer',1,NULL,NULL,NULL,1,0,0,0,0,0,0,1),(906,1,58,4,NULL,NULL,NULL,0,'Glancer',1,NULL,NULL,NULL,1,0,0,0,0,0,0,1),(907,1,58,4,NULL,NULL,NULL,0,'Glancer',1,NULL,NULL,NULL,1,0,0,0,0,0,0,1),(908,1,58,4,NULL,NULL,NULL,0,'Gnat',0,NULL,NULL,NULL,1,0,0,0,0,0,0,1),(909,1,58,4,NULL,NULL,NULL,0,'Gnat',0,NULL,NULL,NULL,1,0,0,0,0,0,0,1),(910,1,58,4,NULL,NULL,NULL,0,'Gnat',1,NULL,NULL,NULL,1,0,0,0,0,0,0,1),(911,1,58,4,NULL,NULL,NULL,0,'Gnat',1,NULL,NULL,NULL,1,0,0,0,0,0,0,1),(912,1,59,4,NULL,NULL,NULL,0,'Gnat',0,NULL,NULL,NULL,1,0,0,0,0,0,0,1),(913,1,59,4,NULL,NULL,NULL,0,'Gnat',0,NULL,NULL,NULL,1,0,0,0,0,0,0,1),(914,1,59,4,NULL,NULL,NULL,0,'Gnat',1,NULL,NULL,NULL,1,0,0,0,0,0,0,1),(915,1,59,4,NULL,NULL,NULL,0,'Gnat',1,NULL,NULL,NULL,1,0,0,0,0,0,0,1),(916,1,60,4,NULL,NULL,NULL,0,'Gnat',0,NULL,NULL,NULL,1,0,0,0,0,0,0,1),(917,1,60,4,NULL,NULL,NULL,0,'Gnat',0,NULL,NULL,NULL,1,0,0,0,0,0,0,1),(918,1,60,4,NULL,NULL,NULL,0,'Gnat',1,NULL,NULL,NULL,1,0,0,0,0,0,0,1),(919,1,60,4,NULL,NULL,NULL,0,'Gnat',0,NULL,NULL,NULL,1,0,0,0,0,0,0,1),(920,1,60,4,NULL,NULL,NULL,0,'Gnat',0,NULL,NULL,NULL,1,0,0,0,0,0,0,1),(921,1,60,4,NULL,NULL,NULL,0,'Gnat',0,NULL,NULL,NULL,1,0,0,0,0,0,0,1),(922,1,61,4,NULL,NULL,NULL,0,'Gnat',0,NULL,NULL,NULL,1,0,0,0,0,0,0,1),(923,1,61,4,NULL,NULL,NULL,0,'Gnat',0,NULL,NULL,NULL,1,0,0,0,0,0,0,1),(924,1,61,4,NULL,NULL,NULL,0,'Gnat',1,NULL,NULL,NULL,1,0,0,0,0,0,0,1),(925,1,61,4,NULL,NULL,NULL,0,'Gnat',1,NULL,NULL,NULL,1,0,0,0,0,0,0,1),(926,1,62,4,NULL,NULL,NULL,0,'Gnat',0,NULL,NULL,NULL,1,0,0,0,0,0,0,1),(927,1,62,4,NULL,NULL,NULL,0,'Gnat',0,NULL,NULL,NULL,1,0,0,0,0,0,0,1),(928,1,62,4,NULL,NULL,NULL,0,'Gnat',1,NULL,NULL,NULL,1,0,0,0,0,0,0,1),(929,1,3,1,NULL,NULL,NULL,0,'Demosis',0,1,45,NULL,1,0,0,0,0,0,0,1),(930,1,3,1,NULL,NULL,NULL,0,'Demosis',0,1,45,NULL,1,0,0,0,0,0,0,1),(931,1,3,1,NULL,NULL,NULL,0,'Thor',0,1,45,NULL,1,0,0,0,0,0,0,1),(932,1,3,1,NULL,NULL,NULL,0,'Dirac',1,1,45,NULL,1,0,0,0,0,0,0,1),(933,1,3,1,NULL,NULL,NULL,0,'Dirac',0,1,45,NULL,1,0,0,0,0,0,0,1),(934,1,3,1,NULL,NULL,NULL,0,'Dirac',1,1,45,NULL,1,0,0,0,0,0,0,1),(935,1,3,1,NULL,NULL,NULL,0,'Dirac',1,1,45,NULL,1,0,0,0,0,0,0,1),(936,1,3,1,NULL,NULL,NULL,0,'Dirac',1,1,45,NULL,1,0,0,0,0,0,0,1),(937,1,3,1,NULL,NULL,NULL,0,'Dirac',0,1,45,NULL,1,0,0,0,0,0,0,1),(938,1,3,1,NULL,NULL,NULL,0,'Dirac',1,1,45,NULL,1,0,0,0,0,0,0,1),(939,1,6,1,NULL,NULL,NULL,0,'Thor',0,0,270,NULL,1,0,0,0,0,0,0,1),(940,1,6,1,NULL,NULL,NULL,0,'Dirac',1,0,270,NULL,1,0,0,0,0,0,0,1),(941,1,6,1,NULL,NULL,NULL,0,'Dirac',1,0,270,NULL,1,0,0,0,0,0,0,1),(942,1,6,1,NULL,NULL,NULL,0,'Dirac',1,0,270,NULL,1,0,0,0,0,0,0,1),(943,1,6,1,NULL,NULL,NULL,0,'Dirac',1,0,270,NULL,1,0,0,0,0,0,0,1),(944,1,6,1,NULL,NULL,NULL,0,'Thor',0,0,180,NULL,1,0,0,0,0,0,0,1),(945,1,6,1,NULL,NULL,NULL,0,'Thor',0,0,180,NULL,1,0,0,0,0,0,0,1),(946,1,6,1,NULL,NULL,NULL,0,'Thor',0,0,180,NULL,1,0,0,0,0,0,0,1),(947,1,6,1,NULL,NULL,NULL,0,'Dirac',1,0,180,NULL,1,0,0,0,0,0,0,1),(948,1,6,1,NULL,NULL,NULL,0,'Dirac',1,0,180,NULL,1,0,0,0,0,0,0,1),(949,1,6,1,NULL,NULL,NULL,0,'Dirac',1,0,180,NULL,1,0,0,0,0,0,0,1),(950,1,6,1,NULL,NULL,NULL,0,'Dirac',1,0,180,NULL,1,0,0,0,0,0,0,1),(951,1,6,1,NULL,NULL,NULL,0,'Dirac',1,0,180,NULL,1,0,0,0,0,0,0,1),(952,1,6,1,NULL,NULL,NULL,0,'Dirac',1,0,180,NULL,1,0,0,0,0,0,0,1),(953,1,6,1,NULL,NULL,NULL,0,'Thor',0,2,150,NULL,1,0,0,0,0,0,0,1),(954,1,6,1,NULL,NULL,NULL,0,'Thor',0,2,150,NULL,1,0,0,0,0,0,0,1),(955,1,6,1,NULL,NULL,NULL,0,'Thor',0,2,150,NULL,1,0,0,0,0,0,0,1),(956,1,6,1,NULL,NULL,NULL,0,'Dirac',1,2,150,NULL,1,0,0,0,0,0,0,1),(957,1,6,1,NULL,NULL,NULL,0,'Dirac',1,2,150,NULL,1,0,0,0,0,0,0,1),(958,1,6,1,NULL,NULL,NULL,0,'Dirac',1,2,150,NULL,1,0,0,0,0,0,0,1),(959,1,6,1,NULL,NULL,NULL,0,'Dirac',1,2,150,NULL,1,0,0,0,0,0,0,1),(960,1,6,1,NULL,NULL,NULL,0,'Dirac',1,2,150,NULL,1,0,0,0,0,0,0,1),(961,1,6,1,NULL,NULL,NULL,0,'Dirac',1,2,150,NULL,1,0,0,0,0,0,0,1),(962,1,6,1,NULL,NULL,NULL,0,'Thor',0,1,315,NULL,1,0,0,0,0,0,0,1),(963,1,6,1,NULL,NULL,NULL,0,'Dirac',1,1,315,NULL,1,0,0,0,0,0,0,1),(964,1,6,1,NULL,NULL,NULL,0,'Dirac',1,1,315,NULL,1,0,0,0,0,0,0,1),(965,1,6,1,NULL,NULL,NULL,0,'Dirac',1,1,315,NULL,1,0,0,0,0,0,0,1),(966,1,6,1,NULL,NULL,NULL,0,'Dirac',1,1,315,NULL,1,0,0,0,0,0,0,1),(967,1,6,1,NULL,NULL,NULL,0,'Thor',0,2,240,NULL,1,0,0,0,0,0,0,1),(968,1,6,1,NULL,NULL,NULL,0,'Thor',0,2,240,NULL,1,0,0,0,0,0,0,1),(969,1,6,1,NULL,NULL,NULL,0,'Thor',0,2,240,NULL,1,0,0,0,0,0,0,1),(970,1,6,1,NULL,NULL,NULL,0,'Dirac',1,2,240,NULL,1,0,0,0,0,0,0,1),(971,1,6,1,NULL,NULL,NULL,0,'Dirac',1,2,240,NULL,1,0,0,0,0,0,0,1),(972,1,6,1,NULL,NULL,NULL,0,'Dirac',1,2,240,NULL,1,0,0,0,0,0,0,1),(973,1,6,1,NULL,NULL,NULL,0,'Dirac',1,2,240,NULL,1,0,0,0,0,0,0,1),(974,1,6,1,NULL,NULL,NULL,0,'Dirac',1,2,240,NULL,1,0,0,0,0,0,0,1),(975,1,6,1,NULL,NULL,NULL,0,'Dirac',1,2,240,NULL,1,0,0,0,0,0,0,1),(976,1,6,1,NULL,NULL,NULL,0,'Demosis',0,3,336,NULL,1,0,0,0,0,0,0,1),(977,1,6,1,NULL,NULL,NULL,0,'Thor',0,3,336,NULL,1,0,0,0,0,0,0,1),(978,1,6,1,NULL,NULL,NULL,0,'Thor',0,3,336,NULL,1,0,0,0,0,0,0,1),(979,1,6,1,NULL,NULL,NULL,0,'Thor',0,3,336,NULL,1,0,0,0,0,0,0,1),(980,1,6,1,NULL,NULL,NULL,0,'Dirac',1,3,336,NULL,1,0,0,0,0,0,0,1),(981,1,6,1,NULL,NULL,NULL,0,'Dirac',1,3,336,NULL,1,0,0,0,0,0,0,1),(982,1,6,1,NULL,NULL,NULL,0,'Dirac',1,3,336,NULL,1,0,0,0,0,0,0,1),(983,1,6,1,NULL,NULL,NULL,0,'Dirac',1,3,336,NULL,1,0,0,0,0,0,0,1),(984,1,6,1,NULL,NULL,NULL,0,'Dirac',1,3,336,NULL,1,0,0,0,0,0,0,1),(985,1,6,1,NULL,NULL,NULL,0,'Dirac',1,3,336,NULL,1,0,0,0,0,0,0,1),(986,1,6,1,NULL,NULL,NULL,0,'Dirac',1,3,336,NULL,1,0,0,0,0,0,0,1),(987,1,6,1,NULL,NULL,NULL,0,'Dirac',1,3,336,NULL,1,0,0,0,0,0,0,1),(988,1,6,1,NULL,NULL,NULL,0,'Thor',0,2,210,NULL,1,0,0,0,0,0,0,1),(989,1,6,1,NULL,NULL,NULL,0,'Dirac',1,2,210,NULL,1,0,0,0,0,0,0,1),(990,1,6,1,NULL,NULL,NULL,0,'Dirac',1,2,210,NULL,1,0,0,0,0,0,0,1),(991,1,6,1,NULL,NULL,NULL,0,'Dirac',1,2,210,NULL,1,0,0,0,0,0,0,1),(992,1,6,1,NULL,NULL,NULL,0,'Dirac',1,2,210,NULL,1,0,0,0,0,0,0,1),(993,1,6,1,NULL,NULL,NULL,0,'Thor',0,0,90,NULL,1,0,0,0,0,0,0,1),(994,1,6,1,NULL,NULL,NULL,0,'Dirac',1,0,90,NULL,1,0,0,0,0,0,0,1),(995,1,6,1,NULL,NULL,NULL,0,'Dirac',1,0,90,NULL,1,0,0,0,0,0,0,1),(996,1,6,1,NULL,NULL,NULL,0,'Dirac',1,0,90,NULL,1,0,0,0,0,0,0,1),(997,1,6,1,NULL,NULL,NULL,0,'Dirac',1,0,90,NULL,1,0,0,0,0,0,0,1),(998,1,63,4,NULL,NULL,NULL,0,'Glancer',1,NULL,NULL,NULL,1,0,0,0,0,0,0,1),(999,1,63,4,NULL,NULL,NULL,0,'Gnat',0,NULL,NULL,NULL,1,0,0,0,0,0,0,1),(1000,1,63,4,NULL,NULL,NULL,0,'Gnat',0,NULL,NULL,NULL,1,0,0,0,0,0,0,1),(1001,1,63,4,NULL,NULL,NULL,0,'Gnat',0,NULL,NULL,NULL,1,0,0,0,0,0,0,1),(1002,1,63,4,NULL,NULL,NULL,0,'Gnat',1,NULL,NULL,NULL,1,0,0,0,0,0,0,1),(1003,1,63,4,NULL,NULL,NULL,0,'Gnat',1,NULL,NULL,NULL,1,0,0,0,0,0,0,1),(1004,1,63,4,NULL,NULL,NULL,0,'Gnat',1,NULL,NULL,NULL,1,0,0,0,0,0,0,1),(1005,1,64,4,NULL,NULL,NULL,0,'Glancer',1,NULL,NULL,NULL,1,0,0,0,0,0,0,1),(1006,1,64,4,NULL,NULL,NULL,0,'Gnat',0,NULL,NULL,NULL,1,0,0,0,0,0,0,1),(1007,1,64,4,NULL,NULL,NULL,0,'Gnat',1,NULL,NULL,NULL,1,0,0,0,0,0,0,1),(1008,1,64,4,NULL,NULL,NULL,0,'Glancer',1,NULL,NULL,NULL,1,0,0,0,0,0,0,1),(1009,1,64,4,NULL,NULL,NULL,0,'Gnat',0,NULL,NULL,NULL,1,0,0,0,0,0,0,1),(1010,1,64,4,NULL,NULL,NULL,0,'Glancer',1,NULL,NULL,NULL,1,0,0,0,0,0,0,1),(1011,1,64,4,NULL,NULL,NULL,0,'Gnat',0,NULL,NULL,NULL,1,0,0,0,0,0,0,1),(1012,1,64,4,NULL,NULL,NULL,0,'Gnat',0,NULL,NULL,NULL,1,0,0,0,0,0,0,1),(1013,1,64,4,NULL,NULL,NULL,0,'Gnat',0,NULL,NULL,NULL,1,0,0,0,0,0,0,1),(1014,1,64,4,NULL,NULL,NULL,0,'Gnat',1,NULL,NULL,NULL,1,0,0,0,0,0,0,1),(1015,1,64,4,NULL,NULL,NULL,0,'Gnat',1,NULL,NULL,NULL,1,0,0,0,0,0,0,1),(1016,1,64,4,NULL,NULL,NULL,0,'Gnat',1,NULL,NULL,NULL,1,0,0,0,0,0,0,1),(1017,1,65,4,NULL,NULL,NULL,0,'Gnat',0,NULL,NULL,NULL,1,0,0,0,0,0,0,1),(1018,1,65,4,NULL,NULL,NULL,0,'Gnat',0,NULL,NULL,NULL,1,0,0,0,0,0,0,1),(1019,1,65,4,NULL,NULL,NULL,0,'Gnat',1,NULL,NULL,NULL,1,0,0,0,0,0,0,1),(1020,1,65,4,NULL,NULL,NULL,0,'Gnat',1,NULL,NULL,NULL,1,0,0,0,0,0,0,1),(1021,1,65,4,NULL,NULL,NULL,0,'Gnat',1,NULL,NULL,NULL,1,0,0,0,0,0,0,1),(1022,1,66,4,NULL,NULL,NULL,0,'Gnat',0,NULL,NULL,NULL,1,0,0,0,0,0,0,1),(1023,1,66,4,NULL,NULL,NULL,0,'Gnat',0,NULL,NULL,NULL,1,0,0,0,0,0,0,1),(1024,1,66,4,NULL,NULL,NULL,0,'Gnat',1,NULL,NULL,NULL,1,0,0,0,0,0,0,1),(1025,1,66,4,NULL,NULL,NULL,0,'Gnat',1,NULL,NULL,NULL,1,0,0,0,0,0,0,1),(1026,1,66,4,NULL,NULL,NULL,0,'Gnat',1,NULL,NULL,NULL,1,0,0,0,0,0,0,1),(1027,1,67,4,NULL,NULL,NULL,0,'Glancer',1,NULL,NULL,NULL,1,0,0,0,0,0,0,1),(1028,1,67,4,NULL,NULL,NULL,0,'Gnat',0,NULL,NULL,NULL,1,0,0,0,0,0,0,1),(1029,1,67,4,NULL,NULL,NULL,0,'Gnat',0,NULL,NULL,NULL,1,0,0,0,0,0,0,1),(1030,1,67,4,NULL,NULL,NULL,0,'Gnat',0,NULL,NULL,NULL,1,0,0,0,0,0,0,1),(1031,1,67,4,NULL,NULL,NULL,0,'Gnat',1,NULL,NULL,NULL,1,0,0,0,0,0,0,1),(1032,1,67,4,NULL,NULL,NULL,0,'Gnat',1,NULL,NULL,NULL,1,0,0,0,0,0,0,1),(1033,1,67,4,NULL,NULL,NULL,0,'Gnat',1,NULL,NULL,NULL,1,0,0,0,0,0,0,1),(1034,1,68,4,NULL,NULL,NULL,0,'Gnat',0,NULL,NULL,NULL,1,0,0,0,0,0,0,1),(1035,1,68,4,NULL,NULL,NULL,0,'Gnat',0,NULL,NULL,NULL,1,0,0,0,0,0,0,1),(1036,1,68,4,NULL,NULL,NULL,0,'Gnat',1,NULL,NULL,NULL,1,0,0,0,0,0,0,1),(1037,1,68,4,NULL,NULL,NULL,0,'Gnat',1,NULL,NULL,NULL,1,0,0,0,0,0,0,1),(1038,1,68,4,NULL,NULL,NULL,0,'Gnat',1,NULL,NULL,NULL,1,0,0,0,0,0,0,1),(1039,1,69,4,NULL,NULL,NULL,0,'Gnat',0,NULL,NULL,NULL,1,0,0,0,0,0,0,1),(1040,1,69,4,NULL,NULL,NULL,0,'Gnat',0,NULL,NULL,NULL,1,0,0,0,0,0,0,1),(1041,1,69,4,NULL,NULL,NULL,0,'Gnat',1,NULL,NULL,NULL,1,0,0,0,0,0,0,1),(1042,1,69,4,NULL,NULL,NULL,0,'Gnat',1,NULL,NULL,NULL,1,0,0,0,0,0,0,1),(1043,1,69,4,NULL,NULL,NULL,0,'Gnat',1,NULL,NULL,NULL,1,0,0,0,0,0,0,1),(1044,1,70,4,NULL,NULL,NULL,0,'Glancer',1,NULL,NULL,NULL,1,0,0,0,0,0,0,1),(1045,1,70,4,NULL,NULL,NULL,0,'Gnat',0,NULL,NULL,NULL,1,0,0,0,0,0,0,1),(1046,1,70,4,NULL,NULL,NULL,0,'Gnat',1,NULL,NULL,NULL,1,0,0,0,0,0,0,1),(1047,1,70,4,NULL,NULL,NULL,0,'Glancer',1,NULL,NULL,NULL,1,0,0,0,0,0,0,1),(1048,1,70,4,NULL,NULL,NULL,0,'Gnat',0,NULL,NULL,NULL,1,0,0,0,0,0,0,1),(1049,1,70,4,NULL,NULL,NULL,0,'Glancer',1,NULL,NULL,NULL,1,0,0,0,0,0,0,1),(1050,1,70,4,NULL,NULL,NULL,0,'Gnat',0,NULL,NULL,NULL,1,0,0,0,0,0,0,1),(1051,1,70,4,NULL,NULL,NULL,0,'Gnat',0,NULL,NULL,NULL,1,0,0,0,0,0,0,1),(1052,1,70,4,NULL,NULL,NULL,0,'Gnat',0,NULL,NULL,NULL,1,0,0,0,0,0,0,1),(1053,1,70,4,NULL,NULL,NULL,0,'Gnat',1,NULL,NULL,NULL,1,0,0,0,0,0,0,1),(1054,1,70,4,NULL,NULL,NULL,0,'Gnat',1,NULL,NULL,NULL,1,0,0,0,0,0,0,1),(1055,1,70,4,NULL,NULL,NULL,0,'Gnat',1,NULL,NULL,NULL,1,0,0,0,0,0,0,1),(1056,1,71,4,NULL,NULL,NULL,0,'Glancer',1,NULL,NULL,NULL,1,0,0,0,0,0,0,1),(1057,1,71,4,NULL,NULL,NULL,0,'Gnat',0,NULL,NULL,NULL,1,0,0,0,0,0,0,1),(1058,1,71,4,NULL,NULL,NULL,0,'Gnat',1,NULL,NULL,NULL,1,0,0,0,0,0,0,1),(1059,1,71,4,NULL,NULL,NULL,0,'Glancer',1,NULL,NULL,NULL,1,0,0,0,0,0,0,1),(1060,1,71,4,NULL,NULL,NULL,0,'Gnat',0,NULL,NULL,NULL,1,0,0,0,0,0,0,1),(1061,1,71,4,NULL,NULL,NULL,0,'Glancer',1,NULL,NULL,NULL,1,0,0,0,0,0,0,1),(1062,1,71,4,NULL,NULL,NULL,0,'Gnat',0,NULL,NULL,NULL,1,0,0,0,0,0,0,1),(1063,1,71,4,NULL,NULL,NULL,0,'Gnat',0,NULL,NULL,NULL,1,0,0,0,0,0,0,1),(1064,1,71,4,NULL,NULL,NULL,0,'Gnat',0,NULL,NULL,NULL,1,0,0,0,0,0,0,1),(1065,1,71,4,NULL,NULL,NULL,0,'Gnat',1,NULL,NULL,NULL,1,0,0,0,0,0,0,1),(1066,1,71,4,NULL,NULL,NULL,0,'Gnat',1,NULL,NULL,NULL,1,0,0,0,0,0,0,1),(1067,1,71,4,NULL,NULL,NULL,0,'Gnat',1,NULL,NULL,NULL,1,0,0,0,0,0,0,1),(1068,1,72,4,NULL,NULL,NULL,0,'Gnat',0,NULL,NULL,NULL,1,0,0,0,0,0,0,1),(1069,1,72,4,NULL,NULL,NULL,0,'Gnat',0,NULL,NULL,NULL,1,0,0,0,0,0,0,1),(1070,1,72,4,NULL,NULL,NULL,0,'Gnat',1,NULL,NULL,NULL,1,0,0,0,0,0,0,1),(1071,1,72,4,NULL,NULL,NULL,0,'Gnat',1,NULL,NULL,NULL,1,0,0,0,0,0,0,1),(1072,1,72,4,NULL,NULL,NULL,0,'Gnat',1,NULL,NULL,NULL,1,0,0,0,0,0,0,1),(1073,1,73,4,NULL,NULL,NULL,0,'Gnat',0,NULL,NULL,NULL,1,0,0,0,0,0,0,1),(1074,1,73,4,NULL,NULL,NULL,0,'Gnat',0,NULL,NULL,NULL,1,0,0,0,0,0,0,1),(1075,1,73,4,NULL,NULL,NULL,0,'Gnat',1,NULL,NULL,NULL,1,0,0,0,0,0,0,1),(1076,1,73,4,NULL,NULL,NULL,0,'Gnat',1,NULL,NULL,NULL,1,0,0,0,0,0,0,1),(1077,1,73,4,NULL,NULL,NULL,0,'Gnat',1,NULL,NULL,NULL,1,0,0,0,0,0,0,1),(1078,1,74,4,NULL,NULL,NULL,0,'Glancer',1,NULL,NULL,NULL,1,0,0,0,0,0,0,1),(1079,1,74,4,NULL,NULL,NULL,0,'Gnat',0,NULL,NULL,NULL,1,0,0,0,0,0,0,1),(1080,1,74,4,NULL,NULL,NULL,0,'Gnat',0,NULL,NULL,NULL,1,0,0,0,0,0,0,1),(1081,1,74,4,NULL,NULL,NULL,0,'Gnat',0,NULL,NULL,NULL,1,0,0,0,0,0,0,1),(1082,1,74,4,NULL,NULL,NULL,0,'Gnat',1,NULL,NULL,NULL,1,0,0,0,0,0,0,1),(1083,1,74,4,NULL,NULL,NULL,0,'Gnat',1,NULL,NULL,NULL,1,0,0,0,0,0,0,1),(1084,1,74,4,NULL,NULL,NULL,0,'Gnat',1,NULL,NULL,NULL,1,0,0,0,0,0,0,1),(1085,1,75,4,NULL,NULL,NULL,0,'Glancer',1,NULL,NULL,NULL,1,0,0,0,0,0,0,1),(1086,1,75,4,NULL,NULL,NULL,0,'Gnat',0,NULL,NULL,NULL,1,0,0,0,0,0,0,1),(1087,1,75,4,NULL,NULL,NULL,0,'Gnat',0,NULL,NULL,NULL,1,0,0,0,0,0,0,1),(1088,1,75,4,NULL,NULL,NULL,0,'Gnat',0,NULL,NULL,NULL,1,0,0,0,0,0,0,1),(1089,1,75,4,NULL,NULL,NULL,0,'Gnat',1,NULL,NULL,NULL,1,0,0,0,0,0,0,1),(1090,1,75,4,NULL,NULL,NULL,0,'Gnat',1,NULL,NULL,NULL,1,0,0,0,0,0,0,1),(1091,1,75,4,NULL,NULL,NULL,0,'Gnat',1,NULL,NULL,NULL,1,0,0,0,0,0,0,1),(1092,1,76,4,NULL,NULL,NULL,0,'Gnat',0,NULL,NULL,NULL,1,0,0,0,0,0,0,1),(1093,1,76,4,NULL,NULL,NULL,0,'Gnat',0,NULL,NULL,NULL,1,0,0,0,0,0,0,1),(1094,1,76,4,NULL,NULL,NULL,0,'Gnat',1,NULL,NULL,NULL,1,0,0,0,0,0,0,1),(1095,1,76,4,NULL,NULL,NULL,0,'Gnat',1,NULL,NULL,NULL,1,0,0,0,0,0,0,1),(1096,1,76,4,NULL,NULL,NULL,0,'Gnat',1,NULL,NULL,NULL,1,0,0,0,0,0,0,1),(1097,1,77,4,NULL,NULL,NULL,0,'Gnat',0,NULL,NULL,NULL,1,0,0,0,0,0,0,1),(1098,1,77,4,NULL,NULL,NULL,0,'Gnat',0,NULL,NULL,NULL,1,0,0,0,0,0,0,1),(1099,1,77,4,NULL,NULL,NULL,0,'Gnat',1,NULL,NULL,NULL,1,0,0,0,0,0,0,1),(1100,1,77,4,NULL,NULL,NULL,0,'Gnat',1,NULL,NULL,NULL,1,0,0,0,0,0,0,1),(1101,1,77,4,NULL,NULL,NULL,0,'Gnat',1,NULL,NULL,NULL,1,0,0,0,0,0,0,1),(1102,1,84,4,NULL,NULL,NULL,0,'Glancer',1,NULL,NULL,NULL,1,0,0,0,0,0,0,1),(1103,1,84,4,NULL,NULL,NULL,0,'Gnat',0,NULL,NULL,NULL,1,0,0,0,0,0,0,1),(1104,1,84,4,NULL,NULL,NULL,0,'Gnat',1,NULL,NULL,NULL,1,0,0,0,0,0,0,1),(1105,1,84,4,NULL,NULL,NULL,0,'Glancer',1,NULL,NULL,NULL,1,0,0,0,0,0,0,1),(1106,1,84,4,NULL,NULL,NULL,0,'Gnat',0,NULL,NULL,NULL,1,0,0,0,0,0,0,1),(1107,1,84,4,NULL,NULL,NULL,0,'Glancer',1,NULL,NULL,NULL,1,0,0,0,0,0,0,1),(1108,1,84,4,NULL,NULL,NULL,0,'Gnat',0,NULL,NULL,NULL,1,0,0,0,0,0,0,1),(1109,1,84,4,NULL,NULL,NULL,0,'Gnat',0,NULL,NULL,NULL,1,0,0,0,0,0,0,1),(1110,1,84,4,NULL,NULL,NULL,0,'Gnat',0,NULL,NULL,NULL,1,0,0,0,0,0,0,1),(1111,1,84,4,NULL,NULL,NULL,0,'Gnat',1,NULL,NULL,NULL,1,0,0,0,0,0,0,1),(1112,1,84,4,NULL,NULL,NULL,0,'Gnat',1,NULL,NULL,NULL,1,0,0,0,0,0,0,1),(1113,1,84,4,NULL,NULL,NULL,0,'Gnat',1,NULL,NULL,NULL,1,0,0,0,0,0,0,1),(1114,1,85,4,NULL,NULL,NULL,0,'Gnat',0,NULL,NULL,NULL,1,0,0,0,0,0,0,1),(1115,1,85,4,NULL,NULL,NULL,0,'Gnat',0,NULL,NULL,NULL,1,0,0,0,0,0,0,1),(1116,1,85,4,NULL,NULL,NULL,0,'Gnat',1,NULL,NULL,NULL,1,0,0,0,0,0,0,1),(1117,1,85,4,NULL,NULL,NULL,0,'Gnat',1,NULL,NULL,NULL,1,0,0,0,0,0,0,1),(1118,1,85,4,NULL,NULL,NULL,0,'Gnat',1,NULL,NULL,NULL,1,0,0,0,0,0,0,1),(1119,1,91,4,NULL,NULL,NULL,0,'Glancer',1,NULL,NULL,NULL,1,0,0,0,0,0,0,1),(1120,1,91,4,NULL,NULL,NULL,0,'Gnat',0,NULL,NULL,NULL,1,0,0,0,0,0,0,1),(1121,1,91,4,NULL,NULL,NULL,0,'Gnat',1,NULL,NULL,NULL,1,0,0,0,0,0,0,1),(1122,1,91,4,NULL,NULL,NULL,0,'Glancer',1,NULL,NULL,NULL,1,0,0,0,0,0,0,1),(1123,1,91,4,NULL,NULL,NULL,0,'Gnat',0,NULL,NULL,NULL,1,0,0,0,0,0,0,1),(1124,1,91,4,NULL,NULL,NULL,0,'Glancer',1,NULL,NULL,NULL,1,0,0,0,0,0,0,1),(1125,1,91,4,NULL,NULL,NULL,0,'Gnat',0,NULL,NULL,NULL,1,0,0,0,0,0,0,1),(1126,1,91,4,NULL,NULL,NULL,0,'Gnat',0,NULL,NULL,NULL,1,0,0,0,0,0,0,1),(1127,1,91,4,NULL,NULL,NULL,0,'Gnat',0,NULL,NULL,NULL,1,0,0,0,0,0,0,1),(1128,1,91,4,NULL,NULL,NULL,0,'Gnat',1,NULL,NULL,NULL,1,0,0,0,0,0,0,1),(1129,1,91,4,NULL,NULL,NULL,0,'Gnat',1,NULL,NULL,NULL,1,0,0,0,0,0,0,1),(1130,1,91,4,NULL,NULL,NULL,0,'Gnat',1,NULL,NULL,NULL,1,0,0,0,0,0,0,1),(1131,1,92,4,NULL,NULL,NULL,0,'Gnat',0,NULL,NULL,NULL,1,0,0,0,0,0,0,1),(1132,1,92,4,NULL,NULL,NULL,0,'Gnat',0,NULL,NULL,NULL,1,0,0,0,0,0,0,1),(1133,1,92,4,NULL,NULL,NULL,0,'Gnat',1,NULL,NULL,NULL,1,0,0,0,0,0,0,1),(1134,1,92,4,NULL,NULL,NULL,0,'Gnat',1,NULL,NULL,NULL,1,0,0,0,0,0,0,1),(1135,1,92,4,NULL,NULL,NULL,0,'Gnat',1,NULL,NULL,NULL,1,0,0,0,0,0,0,1),(1136,1,101,4,NULL,NULL,NULL,0,'Gnat',0,NULL,NULL,NULL,1,0,0,0,0,0,0,1),(1137,1,101,4,NULL,NULL,NULL,0,'Gnat',0,NULL,NULL,NULL,1,0,0,0,0,0,0,1),(1138,1,101,4,NULL,NULL,NULL,0,'Gnat',1,NULL,NULL,NULL,1,0,0,0,0,0,0,1),(1139,1,101,4,NULL,NULL,NULL,0,'Gnat',1,NULL,NULL,NULL,1,0,0,0,0,0,0,1),(1140,1,101,4,NULL,NULL,NULL,0,'Gnat',1,NULL,NULL,NULL,1,0,0,0,0,0,0,1),(1141,1,102,4,NULL,NULL,NULL,0,'Glancer',1,NULL,NULL,NULL,1,0,0,0,0,0,0,1),(1142,1,102,4,NULL,NULL,NULL,0,'Gnat',0,NULL,NULL,NULL,1,0,0,0,0,0,0,1),(1143,1,102,4,NULL,NULL,NULL,0,'Gnat',1,NULL,NULL,NULL,1,0,0,0,0,0,0,1),(1144,1,102,4,NULL,NULL,NULL,0,'Glancer',1,NULL,NULL,NULL,1,0,0,0,0,0,0,1),(1145,1,102,4,NULL,NULL,NULL,0,'Gnat',0,NULL,NULL,NULL,1,0,0,0,0,0,0,1),(1146,1,102,4,NULL,NULL,NULL,0,'Glancer',1,NULL,NULL,NULL,1,0,0,0,0,0,0,1),(1147,1,102,4,NULL,NULL,NULL,0,'Gnat',0,NULL,NULL,NULL,1,0,0,0,0,0,0,1),(1148,1,102,4,NULL,NULL,NULL,0,'Gnat',0,NULL,NULL,NULL,1,0,0,0,0,0,0,1),(1149,1,102,4,NULL,NULL,NULL,0,'Gnat',0,NULL,NULL,NULL,1,0,0,0,0,0,0,1),(1150,1,102,4,NULL,NULL,NULL,0,'Gnat',1,NULL,NULL,NULL,1,0,0,0,0,0,0,1),(1151,1,102,4,NULL,NULL,NULL,0,'Gnat',1,NULL,NULL,NULL,1,0,0,0,0,0,0,1),(1152,1,102,4,NULL,NULL,NULL,0,'Gnat',1,NULL,NULL,NULL,1,0,0,0,0,0,0,1),(1153,1,103,4,NULL,NULL,NULL,0,'Gnat',0,NULL,NULL,NULL,1,0,0,0,0,0,0,1),(1154,1,103,4,NULL,NULL,NULL,0,'Gnat',0,NULL,NULL,NULL,1,0,0,0,0,0,0,1),(1155,1,103,4,NULL,NULL,NULL,0,'Gnat',1,NULL,NULL,NULL,1,0,0,0,0,0,0,1),(1156,1,103,4,NULL,NULL,NULL,0,'Gnat',1,NULL,NULL,NULL,1,0,0,0,0,0,0,1),(1157,1,103,4,NULL,NULL,NULL,0,'Gnat',1,NULL,NULL,NULL,1,0,0,0,0,0,0,1),(1158,1,104,4,NULL,NULL,NULL,0,'Gnat',0,NULL,NULL,NULL,1,0,0,0,0,0,0,1),(1159,1,104,4,NULL,NULL,NULL,0,'Gnat',0,NULL,NULL,NULL,1,0,0,0,0,0,0,1),(1160,1,104,4,NULL,NULL,NULL,0,'Gnat',1,NULL,NULL,NULL,1,0,0,0,0,0,0,1),(1161,1,104,4,NULL,NULL,NULL,0,'Gnat',1,NULL,NULL,NULL,1,0,0,0,0,0,0,1),(1162,1,104,4,NULL,NULL,NULL,0,'Gnat',1,NULL,NULL,NULL,1,0,0,0,0,0,0,1),(1163,1,105,4,NULL,NULL,NULL,0,'Glancer',1,NULL,NULL,NULL,1,0,0,0,0,0,0,1),(1164,1,105,4,NULL,NULL,NULL,0,'Gnat',0,NULL,NULL,NULL,1,0,0,0,0,0,0,1),(1165,1,105,4,NULL,NULL,NULL,0,'Gnat',1,NULL,NULL,NULL,1,0,0,0,0,0,0,1),(1166,1,105,4,NULL,NULL,NULL,0,'Glancer',1,NULL,NULL,NULL,1,0,0,0,0,0,0,1),(1167,1,105,4,NULL,NULL,NULL,0,'Gnat',0,NULL,NULL,NULL,1,0,0,0,0,0,0,1),(1168,1,105,4,NULL,NULL,NULL,0,'Glancer',1,NULL,NULL,NULL,1,0,0,0,0,0,0,1),(1169,1,105,4,NULL,NULL,NULL,0,'Gnat',0,NULL,NULL,NULL,1,0,0,0,0,0,0,1),(1170,1,105,4,NULL,NULL,NULL,0,'Gnat',0,NULL,NULL,NULL,1,0,0,0,0,0,0,1),(1171,1,105,4,NULL,NULL,NULL,0,'Gnat',0,NULL,NULL,NULL,1,0,0,0,0,0,0,1),(1172,1,105,4,NULL,NULL,NULL,0,'Gnat',1,NULL,NULL,NULL,1,0,0,0,0,0,0,1),(1173,1,105,4,NULL,NULL,NULL,0,'Gnat',1,NULL,NULL,NULL,1,0,0,0,0,0,0,1),(1174,1,105,4,NULL,NULL,NULL,0,'Gnat',1,NULL,NULL,NULL,1,0,0,0,0,0,0,1),(1175,1,106,4,NULL,NULL,NULL,0,'Gnat',0,NULL,NULL,NULL,1,0,0,0,0,0,0,1),(1176,1,106,4,NULL,NULL,NULL,0,'Gnat',0,NULL,NULL,NULL,1,0,0,0,0,0,0,1),(1177,1,106,4,NULL,NULL,NULL,0,'Gnat',1,NULL,NULL,NULL,1,0,0,0,0,0,0,1),(1178,1,106,4,NULL,NULL,NULL,0,'Gnat',1,NULL,NULL,NULL,1,0,0,0,0,0,0,1),(1179,1,106,4,NULL,NULL,NULL,0,'Gnat',1,NULL,NULL,NULL,1,0,0,0,0,0,0,1),(1180,1,107,4,NULL,NULL,NULL,0,'Gnat',0,NULL,NULL,NULL,1,0,0,0,0,0,0,1),(1181,1,107,4,NULL,NULL,NULL,0,'Gnat',0,NULL,NULL,NULL,1,0,0,0,0,0,0,1),(1182,1,107,4,NULL,NULL,NULL,0,'Gnat',1,NULL,NULL,NULL,1,0,0,0,0,0,0,1),(1183,1,107,4,NULL,NULL,NULL,0,'Gnat',1,NULL,NULL,NULL,1,0,0,0,0,0,0,1),(1184,1,107,4,NULL,NULL,NULL,0,'Gnat',1,NULL,NULL,NULL,1,0,0,0,0,0,0,1),(1185,1,108,4,NULL,NULL,NULL,0,'Gnat',0,NULL,NULL,NULL,1,0,0,0,0,0,0,1),(1186,1,108,4,NULL,NULL,NULL,0,'Gnat',0,NULL,NULL,NULL,1,0,0,0,0,0,0,1),(1187,1,108,4,NULL,NULL,NULL,0,'Gnat',1,NULL,NULL,NULL,1,0,0,0,0,0,0,1),(1188,1,108,4,NULL,NULL,NULL,0,'Gnat',1,NULL,NULL,NULL,1,0,0,0,0,0,0,1),(1189,1,108,4,NULL,NULL,NULL,0,'Gnat',1,NULL,NULL,NULL,1,0,0,0,0,0,0,1),(1190,1,109,4,NULL,NULL,NULL,0,'Gnat',0,NULL,NULL,NULL,1,0,0,0,0,0,0,1),(1191,1,109,4,NULL,NULL,NULL,0,'Gnat',0,NULL,NULL,NULL,1,0,0,0,0,0,0,1),(1192,1,109,4,NULL,NULL,NULL,0,'Gnat',1,NULL,NULL,NULL,1,0,0,0,0,0,0,1),(1193,1,109,4,NULL,NULL,NULL,0,'Gnat',1,NULL,NULL,NULL,1,0,0,0,0,0,0,1),(1194,1,109,4,NULL,NULL,NULL,0,'Gnat',1,NULL,NULL,NULL,1,0,0,0,0,0,0,1),(1195,1,110,4,NULL,NULL,NULL,0,'Gnat',0,NULL,NULL,NULL,1,0,0,0,0,0,0,1),(1196,1,110,4,NULL,NULL,NULL,0,'Gnat',0,NULL,NULL,NULL,1,0,0,0,0,0,0,1),(1197,1,110,4,NULL,NULL,NULL,0,'Gnat',1,NULL,NULL,NULL,1,0,0,0,0,0,0,1),(1198,1,110,4,NULL,NULL,NULL,0,'Gnat',1,NULL,NULL,NULL,1,0,0,0,0,0,0,1),(1199,1,110,4,NULL,NULL,NULL,0,'Gnat',1,NULL,NULL,NULL,1,0,0,0,0,0,0,1),(1200,1,111,4,NULL,NULL,NULL,0,'Gnat',0,NULL,NULL,NULL,1,0,0,0,0,0,0,1),(1201,1,111,4,NULL,NULL,NULL,0,'Gnat',0,NULL,NULL,NULL,1,0,0,0,0,0,0,1),(1202,1,111,4,NULL,NULL,NULL,0,'Gnat',1,NULL,NULL,NULL,1,0,0,0,0,0,0,1),(1203,1,111,4,NULL,NULL,NULL,0,'Gnat',1,NULL,NULL,NULL,1,0,0,0,0,0,0,1),(1204,1,111,4,NULL,NULL,NULL,0,'Gnat',1,NULL,NULL,NULL,1,0,0,0,0,0,0,1),(1205,1,112,4,NULL,NULL,NULL,0,'Gnat',0,NULL,NULL,NULL,1,0,0,0,0,0,0,1),(1206,1,112,4,NULL,NULL,NULL,0,'Gnat',0,NULL,NULL,NULL,1,0,0,0,0,0,0,1),(1207,1,112,4,NULL,NULL,NULL,0,'Gnat',1,NULL,NULL,NULL,1,0,0,0,0,0,0,1),(1208,1,112,4,NULL,NULL,NULL,0,'Gnat',1,NULL,NULL,NULL,1,0,0,0,0,0,0,1),(1209,1,112,4,NULL,NULL,NULL,0,'Gnat',1,NULL,NULL,NULL,1,0,0,0,0,0,0,1),(1210,1,113,4,NULL,NULL,NULL,0,'Glancer',1,NULL,NULL,NULL,1,0,0,0,0,0,0,1),(1211,1,113,4,NULL,NULL,NULL,0,'Gnat',0,NULL,NULL,NULL,1,0,0,0,0,0,0,1),(1212,1,113,4,NULL,NULL,NULL,0,'Gnat',1,NULL,NULL,NULL,1,0,0,0,0,0,0,1),(1213,1,113,4,NULL,NULL,NULL,0,'Glancer',1,NULL,NULL,NULL,1,0,0,0,0,0,0,1),(1214,1,113,4,NULL,NULL,NULL,0,'Gnat',0,NULL,NULL,NULL,1,0,0,0,0,0,0,1),(1215,1,113,4,NULL,NULL,NULL,0,'Glancer',1,NULL,NULL,NULL,1,0,0,0,0,0,0,1),(1216,1,113,4,NULL,NULL,NULL,0,'Gnat',0,NULL,NULL,NULL,1,0,0,0,0,0,0,1),(1217,1,113,4,NULL,NULL,NULL,0,'Gnat',0,NULL,NULL,NULL,1,0,0,0,0,0,0,1),(1218,1,113,4,NULL,NULL,NULL,0,'Gnat',0,NULL,NULL,NULL,1,0,0,0,0,0,0,1),(1219,1,113,4,NULL,NULL,NULL,0,'Gnat',1,NULL,NULL,NULL,1,0,0,0,0,0,0,1),(1220,1,113,4,NULL,NULL,NULL,0,'Gnat',1,NULL,NULL,NULL,1,0,0,0,0,0,0,1),(1221,1,113,4,NULL,NULL,NULL,0,'Gnat',1,NULL,NULL,NULL,1,0,0,0,0,0,0,1),(1222,1,114,4,NULL,NULL,NULL,0,'Gnat',0,NULL,NULL,NULL,1,0,0,0,0,0,0,1),(1223,1,114,4,NULL,NULL,NULL,0,'Gnat',0,NULL,NULL,NULL,1,0,0,0,0,0,0,1),(1224,1,114,4,NULL,NULL,NULL,0,'Gnat',1,NULL,NULL,NULL,1,0,0,0,0,0,0,1),(1225,1,114,4,NULL,NULL,NULL,0,'Gnat',1,NULL,NULL,NULL,1,0,0,0,0,0,0,1),(1226,1,114,4,NULL,NULL,NULL,0,'Gnat',1,NULL,NULL,NULL,1,0,0,0,0,0,0,1),(1227,1,6,1,NULL,NULL,NULL,0,'Thor',0,2,30,NULL,1,0,0,0,0,0,0,1),(1228,1,6,1,NULL,NULL,NULL,0,'Dirac',1,2,30,NULL,1,0,0,0,0,0,0,1),(1229,1,6,1,NULL,NULL,NULL,0,'Dirac',1,2,30,NULL,1,0,0,0,0,0,0,1),(1230,1,6,1,NULL,NULL,NULL,0,'Dirac',1,2,30,NULL,1,0,0,0,0,0,0,1),(1231,1,6,1,NULL,NULL,NULL,0,'Dirac',1,2,30,NULL,1,0,0,0,0,0,0,1),(1232,1,6,1,NULL,NULL,NULL,0,'Thor',0,2,300,NULL,1,0,0,0,0,0,0,1),(1233,1,6,1,NULL,NULL,NULL,0,'Dirac',1,2,300,NULL,1,0,0,0,0,0,0,1),(1234,1,6,1,NULL,NULL,NULL,0,'Dirac',1,2,300,NULL,1,0,0,0,0,0,0,1),(1235,1,6,1,NULL,NULL,NULL,0,'Dirac',1,2,300,NULL,1,0,0,0,0,0,0,1),(1236,1,6,1,NULL,NULL,NULL,0,'Dirac',1,2,300,NULL,1,0,0,0,0,0,0,1),(1237,1,6,1,NULL,NULL,NULL,0,'Dirac',0,1,45,NULL,1,0,0,0,0,0,0,1),(1238,1,6,1,NULL,NULL,NULL,0,'Dirac',0,1,45,NULL,1,0,0,0,0,0,0,1),(1239,1,6,1,NULL,NULL,NULL,0,'Dirac',0,1,45,NULL,1,0,0,0,0,0,0,1),(1240,1,6,1,NULL,NULL,NULL,0,'Dirac',0,1,45,NULL,1,0,0,0,0,0,0,1),(1241,1,115,4,NULL,NULL,NULL,0,'Glancer',1,NULL,NULL,NULL,1,0,0,0,0,0,0,1),(1242,1,115,4,NULL,NULL,NULL,0,'Glancer',1,NULL,NULL,NULL,1,0,0,0,0,0,0,1),(1243,1,115,4,NULL,NULL,NULL,0,'Gnat',0,NULL,NULL,NULL,1,0,0,0,0,0,0,1),(1244,1,115,4,NULL,NULL,NULL,0,'Gnat',0,NULL,NULL,NULL,1,0,0,0,0,0,0,1),(1245,1,115,4,NULL,NULL,NULL,0,'Gnat',1,NULL,NULL,NULL,1,0,0,0,0,0,0,1),(1246,1,115,4,NULL,NULL,NULL,0,'Gnat',0,NULL,NULL,NULL,1,0,0,0,0,0,0,1),(1247,1,115,4,NULL,NULL,NULL,0,'Gnat',0,NULL,NULL,NULL,1,0,0,0,0,0,0,1),(1248,1,116,4,NULL,NULL,NULL,0,'Gnawer',0,NULL,NULL,NULL,1,0,0,0,0,0,0,1),(1249,1,116,4,NULL,NULL,NULL,0,'Spudder',0,NULL,NULL,NULL,1,0,0,0,0,0,0,1),(1250,1,116,4,NULL,NULL,NULL,0,'Spudder',0,NULL,NULL,NULL,1,0,0,0,0,0,0,1),(1251,1,116,4,NULL,NULL,NULL,0,'Spudder',0,NULL,NULL,NULL,1,0,0,0,0,0,0,1),(1252,1,116,4,NULL,NULL,NULL,0,'Spudder',1,NULL,NULL,NULL,1,0,0,0,0,0,0,1),(1253,1,116,4,NULL,NULL,NULL,0,'Spudder',0,NULL,NULL,NULL,1,0,0,0,0,0,0,1),(1254,1,116,4,NULL,NULL,NULL,0,'Glancer',1,NULL,NULL,NULL,1,0,0,0,0,0,0,1),(1255,1,116,4,NULL,NULL,NULL,0,'Gnat',0,NULL,NULL,NULL,1,0,0,0,0,0,0,1),(1256,1,116,4,NULL,NULL,NULL,0,'Gnat',0,NULL,NULL,NULL,1,0,0,0,0,0,0,1),(1257,1,116,4,NULL,NULL,NULL,0,'Gnat',0,NULL,NULL,NULL,1,0,0,0,0,0,0,1),(1258,1,116,4,NULL,NULL,NULL,0,'Glancer',1,NULL,NULL,NULL,1,0,0,0,0,0,0,1),(1259,1,116,4,NULL,NULL,NULL,0,'Glancer',1,NULL,NULL,NULL,1,0,0,0,0,0,0,1),(1260,1,116,4,NULL,NULL,NULL,0,'Glancer',1,NULL,NULL,NULL,1,0,0,0,0,0,0,1),(1261,1,116,4,NULL,NULL,NULL,0,'Gnat',0,NULL,NULL,NULL,1,0,0,0,0,0,0,1),(1262,1,116,4,NULL,NULL,NULL,0,'Gnat',0,NULL,NULL,NULL,1,0,0,0,0,0,0,1),(1263,1,116,4,NULL,NULL,NULL,0,'Gnat',1,NULL,NULL,NULL,1,0,0,0,0,0,0,1),(1264,1,116,4,NULL,NULL,NULL,0,'Gnat',0,NULL,NULL,NULL,1,0,0,0,0,0,0,1),(1265,1,116,4,NULL,NULL,NULL,0,'Gnat',1,NULL,NULL,NULL,1,0,0,0,0,0,0,1),(1266,1,116,4,NULL,NULL,NULL,0,'Gnat',0,NULL,NULL,NULL,1,0,0,0,0,0,0,1),(1267,1,117,4,NULL,NULL,NULL,0,'Spudder',1,NULL,NULL,NULL,1,0,0,0,0,0,0,1),(1268,1,117,4,NULL,NULL,NULL,0,'Spudder',0,NULL,NULL,NULL,1,0,0,0,0,0,0,1),(1269,1,117,4,NULL,NULL,NULL,0,'Glancer',1,NULL,NULL,NULL,1,0,0,0,0,0,0,1),(1270,1,117,4,NULL,NULL,NULL,0,'Glancer',1,NULL,NULL,NULL,1,0,0,0,0,0,0,1),(1271,1,117,4,NULL,NULL,NULL,0,'Glancer',1,NULL,NULL,NULL,1,0,0,0,0,0,0,1),(1272,1,117,4,NULL,NULL,NULL,0,'Glancer',1,NULL,NULL,NULL,1,0,0,0,0,0,0,1),(1273,1,117,4,NULL,NULL,NULL,0,'Glancer',1,NULL,NULL,NULL,1,0,0,0,0,0,0,1),(1274,1,117,4,NULL,NULL,NULL,0,'Gnat',0,NULL,NULL,NULL,1,0,0,0,0,0,0,1),(1275,1,117,4,NULL,NULL,NULL,0,'Gnat',0,NULL,NULL,NULL,1,0,0,0,0,0,0,1),(1276,1,117,4,NULL,NULL,NULL,0,'Gnat',1,NULL,NULL,NULL,1,0,0,0,0,0,0,1),(1277,1,117,4,NULL,NULL,NULL,0,'Gnat',0,NULL,NULL,NULL,1,0,0,0,0,0,0,1),(1278,1,117,4,NULL,NULL,NULL,0,'Gnat',1,NULL,NULL,NULL,1,0,0,0,0,0,0,1),(1279,1,118,4,NULL,NULL,NULL,0,'Spudder',0,NULL,NULL,NULL,1,0,0,0,0,0,0,1),(1280,1,118,4,NULL,NULL,NULL,0,'Glancer',1,NULL,NULL,NULL,1,0,0,0,0,0,0,1),(1281,1,118,4,NULL,NULL,NULL,0,'Gnat',0,NULL,NULL,NULL,1,0,0,0,0,0,0,1),(1282,1,118,4,NULL,NULL,NULL,0,'Glancer',1,NULL,NULL,NULL,1,0,0,0,0,0,0,1),(1283,1,118,4,NULL,NULL,NULL,0,'Glancer',1,NULL,NULL,NULL,1,0,0,0,0,0,0,1),(1284,1,118,4,NULL,NULL,NULL,0,'Glancer',1,NULL,NULL,NULL,1,0,0,0,0,0,0,1),(1285,1,118,4,NULL,NULL,NULL,0,'Glancer',1,NULL,NULL,NULL,1,0,0,0,0,0,0,1),(1286,1,118,4,NULL,NULL,NULL,0,'Gnat',0,NULL,NULL,NULL,1,0,0,0,0,0,0,1),(1287,1,118,4,NULL,NULL,NULL,0,'Gnat',0,NULL,NULL,NULL,1,0,0,0,0,0,0,1),(1288,1,118,4,NULL,NULL,NULL,0,'Gnat',1,NULL,NULL,NULL,1,0,0,0,0,0,0,1),(1289,1,118,4,NULL,NULL,NULL,0,'Gnat',0,NULL,NULL,NULL,1,0,0,0,0,0,0,1),(1290,1,118,4,NULL,NULL,NULL,0,'Gnat',1,NULL,NULL,NULL,1,0,0,0,0,0,0,1),(1291,1,119,4,NULL,NULL,NULL,0,'Spudder',0,NULL,NULL,NULL,1,0,0,0,0,0,0,1),(1292,1,119,4,NULL,NULL,NULL,0,'Glancer',1,NULL,NULL,NULL,1,0,0,0,0,0,0,1),(1293,1,119,4,NULL,NULL,NULL,0,'Gnat',0,NULL,NULL,NULL,1,0,0,0,0,0,0,1),(1294,1,119,4,NULL,NULL,NULL,0,'Glancer',1,NULL,NULL,NULL,1,0,0,0,0,0,0,1),(1295,1,119,4,NULL,NULL,NULL,0,'Glancer',1,NULL,NULL,NULL,1,0,0,0,0,0,0,1),(1296,1,119,4,NULL,NULL,NULL,0,'Glancer',1,NULL,NULL,NULL,1,0,0,0,0,0,0,1),(1297,1,119,4,NULL,NULL,NULL,0,'Gnat',0,NULL,NULL,NULL,1,0,0,0,0,0,0,1),(1298,1,119,4,NULL,NULL,NULL,0,'Gnat',0,NULL,NULL,NULL,1,0,0,0,0,0,0,1),(1299,1,119,4,NULL,NULL,NULL,0,'Gnat',1,NULL,NULL,NULL,1,0,0,0,0,0,0,1),(1300,1,120,4,NULL,NULL,NULL,0,'Spudder',0,NULL,NULL,NULL,1,0,0,0,0,0,0,1),(1301,1,120,4,NULL,NULL,NULL,0,'Spudder',0,NULL,NULL,NULL,1,0,0,0,0,0,0,1),(1302,1,120,4,NULL,NULL,NULL,0,'Glancer',1,NULL,NULL,NULL,1,0,0,0,0,0,0,1),(1303,1,120,4,NULL,NULL,NULL,0,'Glancer',1,NULL,NULL,NULL,1,0,0,0,0,0,0,1),(1304,1,120,4,NULL,NULL,NULL,0,'Glancer',1,NULL,NULL,NULL,1,0,0,0,0,0,0,1),(1305,1,120,4,NULL,NULL,NULL,0,'Glancer',1,NULL,NULL,NULL,1,0,0,0,0,0,0,1),(1306,1,120,4,NULL,NULL,NULL,0,'Glancer',1,NULL,NULL,NULL,1,0,0,0,0,0,0,1),(1307,1,120,4,NULL,NULL,NULL,0,'Gnat',0,NULL,NULL,NULL,1,0,0,0,0,0,0,1),(1308,1,120,4,NULL,NULL,NULL,0,'Gnat',0,NULL,NULL,NULL,1,0,0,0,0,0,0,1),(1309,1,120,4,NULL,NULL,NULL,0,'Gnat',1,NULL,NULL,NULL,1,0,0,0,0,0,0,1),(1310,1,120,4,NULL,NULL,NULL,0,'Gnat',1,NULL,NULL,NULL,1,0,0,0,0,0,0,1),(1311,1,120,4,NULL,NULL,NULL,0,'Gnat',1,NULL,NULL,NULL,1,0,0,0,0,0,0,1),(1312,1,120,4,NULL,NULL,NULL,0,'Gnat',0,NULL,NULL,NULL,1,0,0,0,0,0,0,1),(1313,1,120,4,NULL,NULL,NULL,0,'Gnat',1,NULL,NULL,NULL,1,0,0,0,0,0,0,1),(1314,1,121,4,NULL,NULL,NULL,0,'Gnawer',0,NULL,NULL,NULL,1,0,0,0,0,0,0,1),(1315,1,121,4,NULL,NULL,NULL,0,'Gnawer',0,NULL,NULL,NULL,1,0,0,0,0,0,0,1),(1316,1,121,4,NULL,NULL,NULL,0,'Gnawer',0,NULL,NULL,NULL,1,0,0,0,0,0,0,1),(1317,1,121,4,NULL,NULL,NULL,0,'Spudder',0,NULL,NULL,NULL,1,0,0,0,0,0,0,1),(1318,1,121,4,NULL,NULL,NULL,0,'Spudder',1,NULL,NULL,NULL,1,0,0,0,0,0,0,1),(1319,1,121,4,NULL,NULL,NULL,0,'Spudder',0,NULL,NULL,NULL,1,0,0,0,0,0,0,1),(1320,1,121,4,NULL,NULL,NULL,0,'Spudder',0,NULL,NULL,NULL,1,0,0,0,0,0,0,1),(1321,1,121,4,NULL,NULL,NULL,0,'Glancer',1,NULL,NULL,NULL,1,0,0,0,0,0,0,1),(1322,1,121,4,NULL,NULL,NULL,0,'Gnat',0,NULL,NULL,NULL,1,0,0,0,0,0,0,1),(1323,1,121,4,NULL,NULL,NULL,0,'Glancer',1,NULL,NULL,NULL,1,0,0,0,0,0,0,1),(1324,1,121,4,NULL,NULL,NULL,0,'Glancer',1,NULL,NULL,NULL,1,0,0,0,0,0,0,1),(1325,1,121,4,NULL,NULL,NULL,0,'Glancer',1,NULL,NULL,NULL,1,0,0,0,0,0,0,1),(1326,1,121,4,NULL,NULL,NULL,0,'Glancer',1,NULL,NULL,NULL,1,0,0,0,0,0,0,1),(1327,1,121,4,NULL,NULL,NULL,0,'Glancer',1,NULL,NULL,NULL,1,0,0,0,0,0,0,1),(1328,1,121,4,NULL,NULL,NULL,0,'Gnat',0,NULL,NULL,NULL,1,0,0,0,0,0,0,1),(1329,1,121,4,NULL,NULL,NULL,0,'Gnat',0,NULL,NULL,NULL,1,0,0,0,0,0,0,1),(1330,1,121,4,NULL,NULL,NULL,0,'Gnat',1,NULL,NULL,NULL,1,0,0,0,0,0,0,1),(1331,1,121,4,NULL,NULL,NULL,0,'Gnat',0,NULL,NULL,NULL,1,0,0,0,0,0,0,1),(1332,1,121,4,NULL,NULL,NULL,0,'Gnat',1,NULL,NULL,NULL,1,0,0,0,0,0,0,1),(1333,1,122,4,NULL,NULL,NULL,0,'Gnawer',0,NULL,NULL,NULL,1,0,0,0,0,0,0,1),(1334,1,122,4,NULL,NULL,NULL,0,'Spudder',1,NULL,NULL,NULL,1,0,0,0,0,0,0,1),(1335,1,122,4,NULL,NULL,NULL,0,'Spudder',0,NULL,NULL,NULL,1,0,0,0,0,0,0,1),(1336,1,122,4,NULL,NULL,NULL,0,'Gnat',0,NULL,NULL,NULL,1,0,0,0,0,0,0,1),(1337,1,122,4,NULL,NULL,NULL,0,'Gnat',0,NULL,NULL,NULL,1,0,0,0,0,0,0,1),(1338,1,122,4,NULL,NULL,NULL,0,'Glancer',1,NULL,NULL,NULL,1,0,0,0,0,0,0,1),(1339,1,122,4,NULL,NULL,NULL,0,'Glancer',1,NULL,NULL,NULL,1,0,0,0,0,0,0,1),(1340,1,122,4,NULL,NULL,NULL,0,'Glancer',1,NULL,NULL,NULL,1,0,0,0,0,0,0,1),(1341,1,122,4,NULL,NULL,NULL,0,'Gnat',0,NULL,NULL,NULL,1,0,0,0,0,0,0,1),(1342,1,122,4,NULL,NULL,NULL,0,'Gnat',0,NULL,NULL,NULL,1,0,0,0,0,0,0,1),(1343,1,122,4,NULL,NULL,NULL,0,'Gnat',1,NULL,NULL,NULL,1,0,0,0,0,0,0,1),(1344,1,122,4,NULL,NULL,NULL,0,'Gnat',0,NULL,NULL,NULL,1,0,0,0,0,0,0,1),(1345,1,122,4,NULL,NULL,NULL,0,'Gnat',0,NULL,NULL,NULL,1,0,0,0,0,0,0,1),(1346,1,123,4,NULL,NULL,NULL,0,'Gnawer',0,NULL,NULL,NULL,1,0,0,0,0,0,0,1),(1347,1,123,4,NULL,NULL,NULL,0,'Gnawer',0,NULL,NULL,NULL,1,0,0,0,0,0,0,1),(1348,1,123,4,NULL,NULL,NULL,0,'Spudder',0,NULL,NULL,NULL,1,0,0,0,0,0,0,1),(1349,1,123,4,NULL,NULL,NULL,0,'Spudder',1,NULL,NULL,NULL,1,0,0,0,0,0,0,1),(1350,1,123,4,NULL,NULL,NULL,0,'Spudder',0,NULL,NULL,NULL,1,0,0,0,0,0,0,1),(1351,1,123,4,NULL,NULL,NULL,0,'Glancer',1,NULL,NULL,NULL,1,0,0,0,0,0,0,1),(1352,1,123,4,NULL,NULL,NULL,0,'Gnat',1,NULL,NULL,NULL,1,0,0,0,0,0,0,1),(1353,1,123,4,NULL,NULL,NULL,0,'Glancer',1,NULL,NULL,NULL,1,0,0,0,0,0,0,1),(1354,1,123,4,NULL,NULL,NULL,0,'Glancer',1,NULL,NULL,NULL,1,0,0,0,0,0,0,1),(1355,1,123,4,NULL,NULL,NULL,0,'Glancer',1,NULL,NULL,NULL,1,0,0,0,0,0,0,1),(1356,1,123,4,NULL,NULL,NULL,0,'Glancer',1,NULL,NULL,NULL,1,0,0,0,0,0,0,1),(1357,1,123,4,NULL,NULL,NULL,0,'Gnat',0,NULL,NULL,NULL,1,0,0,0,0,0,0,1),(1358,1,123,4,NULL,NULL,NULL,0,'Gnat',0,NULL,NULL,NULL,1,0,0,0,0,0,0,1),(1359,1,123,4,NULL,NULL,NULL,0,'Gnat',1,NULL,NULL,NULL,1,0,0,0,0,0,0,1),(1360,1,123,4,NULL,NULL,NULL,0,'Gnat',0,NULL,NULL,NULL,1,0,0,0,0,0,0,1),(1361,1,123,4,NULL,NULL,NULL,0,'Gnat',1,NULL,NULL,NULL,1,0,0,0,0,0,0,1),(1362,1,124,4,NULL,NULL,NULL,0,'Glancer',1,NULL,NULL,NULL,1,0,0,0,0,0,0,1),(1363,1,124,4,NULL,NULL,NULL,0,'Gnat',0,NULL,NULL,NULL,1,0,0,0,0,0,0,1),(1364,1,124,4,NULL,NULL,NULL,0,'Glancer',1,NULL,NULL,NULL,1,0,0,0,0,0,0,1),(1365,1,124,4,NULL,NULL,NULL,0,'Glancer',1,NULL,NULL,NULL,1,0,0,0,0,0,0,1),(1366,1,124,4,NULL,NULL,NULL,0,'Glancer',1,NULL,NULL,NULL,1,0,0,0,0,0,0,1),(1367,1,124,4,NULL,NULL,NULL,0,'Glancer',1,NULL,NULL,NULL,1,0,0,0,0,0,0,1),(1368,1,124,4,NULL,NULL,NULL,0,'Gnat',0,NULL,NULL,NULL,1,0,0,0,0,0,0,1),(1369,1,124,4,NULL,NULL,NULL,0,'Gnat',0,NULL,NULL,NULL,1,0,0,0,0,0,0,1),(1370,1,124,4,NULL,NULL,NULL,0,'Gnat',1,NULL,NULL,NULL,1,0,0,0,0,0,0,1),(1371,1,124,4,NULL,NULL,NULL,0,'Gnat',0,NULL,NULL,NULL,1,0,0,0,0,0,0,1),(1372,1,124,4,NULL,NULL,NULL,0,'Gnat',1,NULL,NULL,NULL,1,0,0,0,0,0,0,1),(1373,1,125,4,NULL,NULL,NULL,0,'Glancer',1,NULL,NULL,NULL,1,0,0,0,0,0,0,1),(1374,1,125,4,NULL,NULL,NULL,0,'Glancer',1,NULL,NULL,NULL,1,0,0,0,0,0,0,1),(1375,1,125,4,NULL,NULL,NULL,0,'Glancer',1,NULL,NULL,NULL,1,0,0,0,0,0,0,1),(1376,1,125,4,NULL,NULL,NULL,0,'Glancer',1,NULL,NULL,NULL,1,0,0,0,0,0,0,1),(1377,1,125,4,NULL,NULL,NULL,0,'Gnat',0,NULL,NULL,NULL,1,0,0,0,0,0,0,1),(1378,1,125,4,NULL,NULL,NULL,0,'Gnat',0,NULL,NULL,NULL,1,0,0,0,0,0,0,1),(1379,1,125,4,NULL,NULL,NULL,0,'Gnat',1,NULL,NULL,NULL,1,0,0,0,0,0,0,1),(1380,1,125,4,NULL,NULL,NULL,0,'Gnat',1,NULL,NULL,NULL,1,0,0,0,0,0,0,1),(1381,1,126,4,NULL,NULL,NULL,0,'Gnat',0,NULL,NULL,NULL,1,0,0,0,0,0,0,1),(1382,1,126,4,NULL,NULL,NULL,0,'Gnat',0,NULL,NULL,NULL,1,0,0,0,0,0,0,1),(1383,1,126,4,NULL,NULL,NULL,0,'Gnat',1,NULL,NULL,NULL,1,0,0,0,0,0,0,1),(1384,1,126,4,NULL,NULL,NULL,0,'Gnat',1,NULL,NULL,NULL,1,0,0,0,0,0,0,1),(1385,1,126,4,NULL,NULL,NULL,0,'Gnat',1,NULL,NULL,NULL,1,0,0,0,0,0,0,1),(1386,1,127,4,NULL,NULL,NULL,0,'Gnat',0,NULL,NULL,NULL,1,0,0,0,0,0,0,1),(1387,1,127,4,NULL,NULL,NULL,0,'Gnat',0,NULL,NULL,NULL,1,0,0,0,0,0,0,1),(1388,1,127,4,NULL,NULL,NULL,0,'Gnat',1,NULL,NULL,NULL,1,0,0,0,0,0,0,1),(1389,1,128,4,NULL,NULL,NULL,0,'Gnat',0,NULL,NULL,NULL,1,0,0,0,0,0,0,1),(1390,1,128,4,NULL,NULL,NULL,0,'Gnat',0,NULL,NULL,NULL,1,0,0,0,0,0,0,1),(1391,1,128,4,NULL,NULL,NULL,0,'Gnat',1,NULL,NULL,NULL,1,0,0,0,0,0,0,1),(1392,1,128,4,NULL,NULL,NULL,0,'Gnat',0,NULL,NULL,NULL,1,0,0,0,0,0,0,1),(1393,1,128,4,NULL,NULL,NULL,0,'Gnat',1,NULL,NULL,NULL,1,0,0,0,0,0,0,1),(1394,1,128,4,NULL,NULL,NULL,0,'Gnat',1,NULL,NULL,NULL,1,0,0,0,0,0,0,1),(1395,1,128,4,NULL,NULL,NULL,0,'Gnat',1,NULL,NULL,NULL,1,0,0,0,0,0,0,1),(1396,1,6,1,NULL,NULL,NULL,0,'Thor',0,0,0,NULL,1,0,0,0,0,0,0,1),(1397,1,6,1,NULL,NULL,NULL,0,'Thor',0,0,0,NULL,1,0,0,0,0,0,0,1),(1398,1,6,1,NULL,NULL,NULL,0,'Thor',0,0,0,NULL,1,0,0,0,0,0,0,1),(1399,1,6,1,NULL,NULL,NULL,0,'Dirac',1,0,0,NULL,1,0,0,0,0,0,0,1),(1400,1,6,1,NULL,NULL,NULL,0,'Dirac',1,0,0,NULL,1,0,0,0,0,0,0,1),(1401,1,6,1,NULL,NULL,NULL,0,'Dirac',1,0,0,NULL,1,0,0,0,0,0,0,1),(1402,1,6,1,NULL,NULL,NULL,0,'Dirac',1,0,0,NULL,1,0,0,0,0,0,0,1),(1403,1,6,1,NULL,NULL,NULL,0,'Dirac',1,0,0,NULL,1,0,0,0,0,0,0,1),(1404,1,6,1,NULL,NULL,NULL,0,'Dirac',1,0,0,NULL,1,0,0,0,0,0,0,1),(1405,1,45,2,NULL,NULL,NULL,0,'Gnawer',0,NULL,NULL,NULL,1,0,0,0,0,0,0,1),(1406,1,45,2,NULL,NULL,NULL,0,'Gnawer',0,NULL,NULL,NULL,1,0,0,0,0,0,0,1),(1407,1,45,2,NULL,NULL,NULL,0,'Gnawer',0,NULL,NULL,NULL,1,0,0,0,0,0,0,1),(1408,1,45,2,NULL,NULL,NULL,0,'Gnawer',1,NULL,NULL,NULL,1,0,0,0,0,0,0,1),(1409,1,45,2,NULL,NULL,NULL,0,'Gnawer',1,NULL,NULL,NULL,1,0,0,0,0,0,0,1),(1410,1,45,2,NULL,NULL,NULL,0,'Spudder',0,NULL,NULL,NULL,1,0,0,0,0,0,0,1),(1411,1,45,2,NULL,NULL,NULL,0,'Spudder',1,NULL,NULL,NULL,1,0,0,0,0,0,0,1),(1412,1,45,2,NULL,NULL,NULL,0,'Spudder',1,NULL,NULL,NULL,1,0,0,0,0,0,0,1),(1413,1,45,2,NULL,NULL,NULL,0,'Spudder',1,NULL,NULL,NULL,1,0,0,0,0,0,0,1),(1414,1,45,2,NULL,NULL,NULL,0,'Spudder',0,NULL,NULL,NULL,1,0,0,0,0,0,0,1),(1415,1,45,2,NULL,NULL,NULL,0,'Spudder',0,NULL,NULL,NULL,1,0,0,0,0,0,0,1),(1416,1,45,2,NULL,NULL,NULL,0,'Spudder',0,NULL,NULL,NULL,1,0,0,0,0,0,0,1),(1417,1,45,2,NULL,NULL,NULL,0,'Glancer',1,NULL,NULL,NULL,1,0,0,0,0,0,0,1),(1418,1,45,2,NULL,NULL,NULL,0,'Glancer',1,NULL,NULL,NULL,1,0,0,0,0,0,0,1),(1419,1,45,2,NULL,NULL,NULL,0,'Glancer',1,NULL,NULL,NULL,1,0,0,0,0,0,0,1),(1420,1,45,2,NULL,NULL,NULL,0,'Glancer',1,NULL,NULL,NULL,1,0,0,0,0,0,0,1),(1421,1,45,2,NULL,NULL,NULL,0,'Glancer',1,NULL,NULL,NULL,1,0,0,0,0,0,0,1),(1422,1,45,2,NULL,NULL,NULL,0,'Glancer',1,NULL,NULL,NULL,1,0,0,0,0,0,0,1),(1423,1,45,2,NULL,NULL,NULL,0,'Glancer',1,NULL,NULL,NULL,1,0,0,0,0,0,0,1),(1424,1,45,2,NULL,NULL,NULL,0,'Glancer',1,NULL,NULL,NULL,1,0,0,0,0,0,0,1),(1425,1,45,2,NULL,NULL,NULL,0,'Glancer',1,NULL,NULL,NULL,1,0,0,0,0,0,0,1),(1426,1,45,2,NULL,NULL,NULL,0,'Glancer',1,NULL,NULL,NULL,1,0,0,0,0,0,0,1),(1427,1,45,2,NULL,NULL,NULL,0,'Gnat',0,NULL,NULL,NULL,1,0,0,0,0,0,0,1),(1428,1,45,2,NULL,NULL,NULL,0,'Gnat',1,NULL,NULL,NULL,1,0,0,0,0,0,0,1),(1429,1,45,2,NULL,NULL,NULL,0,'Gnat',0,NULL,NULL,NULL,1,0,0,0,0,0,0,1),(1430,1,45,2,NULL,NULL,NULL,0,'Gnat',0,NULL,NULL,NULL,1,0,0,0,0,0,0,1),(1431,1,45,2,NULL,NULL,NULL,0,'Gnat',0,NULL,NULL,NULL,1,0,0,0,0,0,0,1),(1432,1,45,2,NULL,NULL,NULL,0,'Gnat',0,NULL,NULL,NULL,1,0,0,0,0,0,0,1),(1433,1,45,2,NULL,NULL,NULL,0,'Gnat',0,NULL,NULL,NULL,1,0,0,0,0,0,0,1),(1434,1,45,2,NULL,NULL,NULL,0,'Gnat',1,NULL,NULL,NULL,1,0,0,0,0,0,0,1),(1435,1,45,2,NULL,NULL,NULL,0,'Gnat',1,NULL,NULL,NULL,1,0,0,0,0,0,0,1),(1436,1,45,2,NULL,NULL,NULL,0,'Gnat',1,NULL,NULL,NULL,1,0,0,0,0,0,0,1),(1437,1,7,1,NULL,NULL,NULL,0,'Demosis',1,2,210,NULL,1,0,0,0,0,0,0,1),(1438,1,7,1,NULL,NULL,NULL,0,'Demosis',0,2,210,NULL,1,0,0,0,0,0,0,1),(1439,1,7,1,NULL,NULL,NULL,0,'Demosis',0,2,210,NULL,1,0,0,0,0,0,0,1),(1440,1,7,1,NULL,NULL,NULL,0,'Demosis',0,2,210,NULL,1,0,0,0,0,0,0,1),(1441,1,7,1,NULL,NULL,NULL,0,'Demosis',0,2,210,NULL,1,0,0,0,0,0,0,1),(1442,1,7,1,NULL,NULL,NULL,0,'Demosis',0,2,210,NULL,1,0,0,0,0,0,0,1),(1443,1,7,1,NULL,NULL,NULL,0,'Demosis',1,2,210,NULL,1,0,0,0,0,0,0,1),(1444,1,7,1,NULL,NULL,NULL,0,'Demosis',0,2,210,NULL,1,0,0,0,0,0,0,1),(1445,1,7,1,NULL,NULL,NULL,0,'Thor',0,2,210,NULL,1,0,0,0,0,0,0,1),(1446,1,7,1,NULL,NULL,NULL,0,'Thor',1,2,210,NULL,1,0,0,0,0,0,0,1),(1447,1,7,1,NULL,NULL,NULL,0,'Thor',0,2,210,NULL,1,0,0,0,0,0,0,1),(1448,1,7,1,NULL,NULL,NULL,0,'Thor',0,2,210,NULL,1,0,0,0,0,0,0,1),(1449,1,7,1,NULL,NULL,NULL,0,'Dirac',1,2,210,NULL,1,0,0,0,0,0,0,1),(1450,1,7,1,NULL,NULL,NULL,0,'Dirac',1,2,210,NULL,1,0,0,0,0,0,0,1),(1451,1,7,1,NULL,NULL,NULL,0,'Dirac',1,2,210,NULL,1,0,0,0,0,0,0,1),(1452,1,7,1,NULL,NULL,NULL,0,'Dirac',0,2,210,NULL,1,0,0,0,0,0,0,1),(1453,1,7,1,NULL,NULL,NULL,0,'Dirac',1,2,210,NULL,1,0,0,0,0,0,0,1),(1454,1,7,1,NULL,NULL,NULL,0,'Dirac',1,2,210,NULL,1,0,0,0,0,0,0,1),(1455,1,7,1,NULL,NULL,NULL,0,'Dirac',0,2,210,NULL,1,0,0,0,0,0,0,1),(1456,1,7,1,NULL,NULL,NULL,0,'Dirac',0,2,210,NULL,1,0,0,0,0,0,0,1),(1457,1,7,1,NULL,NULL,NULL,0,'Dirac',0,2,210,NULL,1,0,0,0,0,0,0,1),(1458,1,7,1,NULL,NULL,NULL,0,'Dirac',0,2,210,NULL,1,0,0,0,0,0,0,1),(1459,1,8,1,NULL,NULL,NULL,0,'Thor',0,0,270,NULL,1,0,0,0,0,0,0,1),(1460,1,8,1,NULL,NULL,NULL,0,'Thor',0,0,270,NULL,1,0,0,0,0,0,0,1),(1461,1,8,1,NULL,NULL,NULL,0,'Thor',0,0,270,NULL,1,0,0,0,0,0,0,1),(1462,1,8,1,NULL,NULL,NULL,0,'Thor',0,0,270,NULL,1,0,0,0,0,0,0,1),(1463,1,8,1,NULL,NULL,NULL,0,'Thor',1,0,270,NULL,1,0,0,0,0,0,0,1),(1464,1,8,1,NULL,NULL,NULL,0,'Dirac',0,0,270,NULL,1,0,0,0,0,0,0,1),(1465,1,8,1,NULL,NULL,NULL,0,'Dirac',1,0,270,NULL,1,0,0,0,0,0,0,1),(1466,1,8,1,NULL,NULL,NULL,0,'Dirac',1,0,270,NULL,1,0,0,0,0,0,0,1),(1467,1,8,1,NULL,NULL,NULL,0,'Dirac',1,0,270,NULL,1,0,0,0,0,0,0,1),(1468,1,8,1,NULL,NULL,NULL,0,'Dirac',0,0,270,NULL,1,0,0,0,0,0,0,1),(1469,1,8,1,NULL,NULL,NULL,0,'Dirac',0,0,270,NULL,1,0,0,0,0,0,0,1),(1470,1,8,1,NULL,NULL,NULL,0,'Dirac',0,0,270,NULL,1,0,0,0,0,0,0,1),(1471,1,8,1,NULL,NULL,NULL,0,'Dirac',0,0,270,NULL,1,0,0,0,0,0,0,1),(1472,1,8,1,NULL,NULL,NULL,0,'Thor',0,1,0,NULL,1,0,0,0,0,0,0,1),(1473,1,8,1,NULL,NULL,NULL,0,'Dirac',1,1,0,NULL,1,0,0,0,0,0,0,1),(1474,1,8,1,NULL,NULL,NULL,0,'Dirac',1,1,0,NULL,1,0,0,0,0,0,0,1),(1475,1,8,1,NULL,NULL,NULL,0,'Dirac',0,1,0,NULL,1,0,0,0,0,0,0,1),(1476,1,8,1,NULL,NULL,NULL,0,'Dirac',0,1,0,NULL,1,0,0,0,0,0,0,1),(1477,1,8,1,NULL,NULL,NULL,0,'Demosis',0,3,314,NULL,1,0,0,0,0,0,0,1),(1478,1,8,1,NULL,NULL,NULL,0,'Demosis',0,3,314,NULL,1,0,0,0,0,0,0,1),(1479,1,8,1,NULL,NULL,NULL,0,'Thor',1,3,314,NULL,1,0,0,0,0,0,0,1),(1480,1,8,1,NULL,NULL,NULL,0,'Thor',1,3,314,NULL,1,0,0,0,0,0,0,1),(1481,1,8,1,NULL,NULL,NULL,0,'Thor',0,3,314,NULL,1,0,0,0,0,0,0,1),(1482,1,8,1,NULL,NULL,NULL,0,'Thor',0,3,314,NULL,1,0,0,0,0,0,0,1),(1483,1,8,1,NULL,NULL,NULL,0,'Dirac',1,3,314,NULL,1,0,0,0,0,0,0,1),(1484,1,8,1,NULL,NULL,NULL,0,'Dirac',1,3,314,NULL,1,0,0,0,0,0,0,1),(1485,1,8,1,NULL,NULL,NULL,0,'Dirac',1,3,314,NULL,1,0,0,0,0,0,0,1),(1486,1,8,1,NULL,NULL,NULL,0,'Dirac',0,3,314,NULL,1,0,0,0,0,0,0,1),(1487,1,8,1,NULL,NULL,NULL,0,'Dirac',1,3,314,NULL,1,0,0,0,0,0,0,1),(1488,1,8,1,NULL,NULL,NULL,0,'Dirac',1,3,314,NULL,1,0,0,0,0,0,0,1),(1489,1,8,1,NULL,NULL,NULL,0,'Dirac',1,3,314,NULL,1,0,0,0,0,0,0,1),(1490,1,50,2,NULL,NULL,NULL,0,'Gnawer',0,NULL,NULL,NULL,1,0,0,0,0,0,0,1),(1491,1,50,2,NULL,NULL,NULL,0,'Gnawer',0,NULL,NULL,NULL,1,0,0,0,0,0,0,1),(1492,1,50,2,NULL,NULL,NULL,0,'Spudder',1,NULL,NULL,NULL,1,0,0,0,0,0,0,1),(1493,1,50,2,NULL,NULL,NULL,0,'Spudder',0,NULL,NULL,NULL,1,0,0,0,0,0,0,1),(1494,1,50,2,NULL,NULL,NULL,0,'Spudder',1,NULL,NULL,NULL,1,0,0,0,0,0,0,1),(1495,1,50,2,NULL,NULL,NULL,0,'Spudder',0,NULL,NULL,NULL,1,0,0,0,0,0,0,1),(1496,1,50,2,NULL,NULL,NULL,0,'Glancer',1,NULL,NULL,NULL,1,0,0,0,0,0,0,1),(1497,1,50,2,NULL,NULL,NULL,0,'Glancer',1,NULL,NULL,NULL,1,0,0,0,0,0,0,1),(1498,1,50,2,NULL,NULL,NULL,0,'Gnat',1,NULL,NULL,NULL,1,0,0,0,0,0,0,1),(1499,1,50,2,NULL,NULL,NULL,0,'Gnat',0,NULL,NULL,NULL,1,0,0,0,0,0,0,1),(1500,1,50,2,NULL,NULL,NULL,0,'Gnat',0,NULL,NULL,NULL,1,0,0,0,0,0,0,1),(1501,1,50,2,NULL,NULL,NULL,0,'Gnat',1,NULL,NULL,NULL,1,0,0,0,0,0,0,1),(1502,1,50,2,NULL,NULL,NULL,0,'Gnat',0,NULL,NULL,NULL,1,0,0,0,0,0,0,1),(1503,1,50,2,NULL,NULL,NULL,0,'Gnat',1,NULL,NULL,NULL,1,0,0,0,0,0,0,1),(1504,1,50,2,NULL,NULL,NULL,0,'Gnat',1,NULL,NULL,NULL,1,0,0,0,0,0,0,1),(1505,1,50,2,NULL,NULL,NULL,0,'Gnat',0,NULL,NULL,NULL,1,0,0,0,0,0,0,1),(1506,1,8,1,NULL,NULL,NULL,0,'Demosis',0,1,315,NULL,1,0,0,0,0,0,0,1),(1507,1,8,1,NULL,NULL,NULL,0,'Demosis',0,1,315,NULL,1,0,0,0,0,0,0,1),(1508,1,8,1,NULL,NULL,NULL,0,'Demosis',0,1,315,NULL,1,0,0,0,0,0,0,1),(1509,1,8,1,NULL,NULL,NULL,0,'Thor',0,1,315,NULL,1,0,0,0,0,0,0,1),(1510,1,8,1,NULL,NULL,NULL,0,'Thor',1,1,315,NULL,1,0,0,0,0,0,0,1),(1511,1,8,1,NULL,NULL,NULL,0,'Dirac',0,1,315,NULL,1,0,0,0,0,0,0,1),(1512,1,8,1,NULL,NULL,NULL,0,'Dirac',1,1,315,NULL,1,0,0,0,0,0,0,1),(1513,1,8,1,NULL,NULL,NULL,0,'Dirac',1,1,315,NULL,1,0,0,0,0,0,0,1),(1514,1,8,1,NULL,NULL,NULL,0,'Dirac',1,1,315,NULL,1,0,0,0,0,0,0,1),(1515,1,8,1,NULL,NULL,NULL,0,'Dirac',1,1,315,NULL,1,0,0,0,0,0,0,1),(1516,1,133,4,NULL,NULL,NULL,0,'Glancer',1,NULL,NULL,NULL,1,0,0,0,0,0,0,1),(1517,1,133,4,NULL,NULL,NULL,0,'Glancer',1,NULL,NULL,NULL,1,0,0,0,0,0,0,1),(1518,1,133,4,NULL,NULL,NULL,0,'Gnat',0,NULL,NULL,NULL,1,0,0,0,0,0,0,1),(1519,1,133,4,NULL,NULL,NULL,0,'Gnat',0,NULL,NULL,NULL,1,0,0,0,0,0,0,1),(1520,1,133,4,NULL,NULL,NULL,0,'Gnat',1,NULL,NULL,NULL,1,0,0,0,0,0,0,1),(1521,1,133,4,NULL,NULL,NULL,0,'Gnat',0,NULL,NULL,NULL,1,0,0,0,0,0,0,1),(1522,1,133,4,NULL,NULL,NULL,0,'Gnat',0,NULL,NULL,NULL,1,0,0,0,0,0,0,1),(1523,1,133,4,NULL,NULL,NULL,0,'Gnat',1,NULL,NULL,NULL,1,0,0,0,0,0,0,1),(1524,1,134,4,NULL,NULL,NULL,0,'Glancer',1,NULL,NULL,NULL,1,0,0,0,0,0,0,1),(1525,1,134,4,NULL,NULL,NULL,0,'Gnat',0,NULL,NULL,NULL,1,0,0,0,0,0,0,1),(1526,1,134,4,NULL,NULL,NULL,0,'Gnat',0,NULL,NULL,NULL,1,0,0,0,0,0,0,1),(1527,1,134,4,NULL,NULL,NULL,0,'Gnat',1,NULL,NULL,NULL,1,0,0,0,0,0,0,1),(1528,1,134,4,NULL,NULL,NULL,0,'Gnat',0,NULL,NULL,NULL,1,0,0,0,0,0,0,1),(1529,1,134,4,NULL,NULL,NULL,0,'Gnat',1,NULL,NULL,NULL,1,0,0,0,0,0,0,1),(1530,1,135,4,NULL,NULL,NULL,0,'Glancer',1,NULL,NULL,NULL,1,0,0,0,0,0,0,1),(1531,1,135,4,NULL,NULL,NULL,0,'Gnat',0,NULL,NULL,NULL,1,0,0,0,0,0,0,1),(1532,1,135,4,NULL,NULL,NULL,0,'Gnat',0,NULL,NULL,NULL,1,0,0,0,0,0,0,1),(1533,1,135,4,NULL,NULL,NULL,0,'Gnat',1,NULL,NULL,NULL,1,0,0,0,0,0,0,1),(1534,1,135,4,NULL,NULL,NULL,0,'Gnat',0,NULL,NULL,NULL,1,0,0,0,0,0,0,1),(1535,1,135,4,NULL,NULL,NULL,0,'Gnat',1,NULL,NULL,NULL,1,0,0,0,0,0,0,1),(1536,1,136,4,NULL,NULL,NULL,0,'Spudder',0,NULL,NULL,NULL,1,0,0,0,0,0,0,1),(1537,1,136,4,NULL,NULL,NULL,0,'Glancer',1,NULL,NULL,NULL,1,0,0,0,0,0,0,1),(1538,1,136,4,NULL,NULL,NULL,0,'Gnat',0,NULL,NULL,NULL,1,0,0,0,0,0,0,1),(1539,1,136,4,NULL,NULL,NULL,0,'Gnat',0,NULL,NULL,NULL,1,0,0,0,0,0,0,1),(1540,1,136,4,NULL,NULL,NULL,0,'Glancer',1,NULL,NULL,NULL,1,0,0,0,0,0,0,1),(1541,1,136,4,NULL,NULL,NULL,0,'Glancer',1,NULL,NULL,NULL,1,0,0,0,0,0,0,1),(1542,1,136,4,NULL,NULL,NULL,0,'Glancer',1,NULL,NULL,NULL,1,0,0,0,0,0,0,1),(1543,1,136,4,NULL,NULL,NULL,0,'Glancer',1,NULL,NULL,NULL,1,0,0,0,0,0,0,1),(1544,1,136,4,NULL,NULL,NULL,0,'Gnat',0,NULL,NULL,NULL,1,0,0,0,0,0,0,1),(1545,1,136,4,NULL,NULL,NULL,0,'Gnat',0,NULL,NULL,NULL,1,0,0,0,0,0,0,1),(1546,1,136,4,NULL,NULL,NULL,0,'Gnat',1,NULL,NULL,NULL,1,0,0,0,0,0,0,1),(1547,1,137,4,NULL,NULL,NULL,0,'Spudder',0,NULL,NULL,NULL,1,0,0,0,0,0,0,1),(1548,1,137,4,NULL,NULL,NULL,0,'Glancer',1,NULL,NULL,NULL,1,0,0,0,0,0,0,1),(1549,1,137,4,NULL,NULL,NULL,0,'Gnat',0,NULL,NULL,NULL,1,0,0,0,0,0,0,1),(1550,1,137,4,NULL,NULL,NULL,0,'Glancer',1,NULL,NULL,NULL,1,0,0,0,0,0,0,1),(1551,1,137,4,NULL,NULL,NULL,0,'Glancer',1,NULL,NULL,NULL,1,0,0,0,0,0,0,1),(1552,1,137,4,NULL,NULL,NULL,0,'Glancer',1,NULL,NULL,NULL,1,0,0,0,0,0,0,1),(1553,1,137,4,NULL,NULL,NULL,0,'Glancer',1,NULL,NULL,NULL,1,0,0,0,0,0,0,1),(1554,1,137,4,NULL,NULL,NULL,0,'Gnat',0,NULL,NULL,NULL,1,0,0,0,0,0,0,1),(1555,1,137,4,NULL,NULL,NULL,0,'Gnat',0,NULL,NULL,NULL,1,0,0,0,0,0,0,1),(1556,1,137,4,NULL,NULL,NULL,0,'Gnat',1,NULL,NULL,NULL,1,0,0,0,0,0,0,1),(1557,1,138,4,NULL,NULL,NULL,0,'Spudder',0,NULL,NULL,NULL,1,0,0,0,0,0,0,1),(1558,1,138,4,NULL,NULL,NULL,0,'Glancer',1,NULL,NULL,NULL,1,0,0,0,0,0,0,1),(1559,1,138,4,NULL,NULL,NULL,0,'Gnat',0,NULL,NULL,NULL,1,0,0,0,0,0,0,1),(1560,1,138,4,NULL,NULL,NULL,0,'Gnat',0,NULL,NULL,NULL,1,0,0,0,0,0,0,1),(1561,1,138,4,NULL,NULL,NULL,0,'Gnat',0,NULL,NULL,NULL,1,0,0,0,0,0,0,1),(1562,1,138,4,NULL,NULL,NULL,0,'Glancer',1,NULL,NULL,NULL,1,0,0,0,0,0,0,1),(1563,1,138,4,NULL,NULL,NULL,0,'Glancer',1,NULL,NULL,NULL,1,0,0,0,0,0,0,1),(1564,1,138,4,NULL,NULL,NULL,0,'Glancer',1,NULL,NULL,NULL,1,0,0,0,0,0,0,1),(1565,1,138,4,NULL,NULL,NULL,0,'Gnat',0,NULL,NULL,NULL,1,0,0,0,0,0,0,1),(1566,1,138,4,NULL,NULL,NULL,0,'Gnat',0,NULL,NULL,NULL,1,0,0,0,0,0,0,1),(1567,1,138,4,NULL,NULL,NULL,0,'Gnat',1,NULL,NULL,NULL,1,0,0,0,0,0,0,1),(1568,1,139,4,NULL,NULL,NULL,0,'Gnawer',0,NULL,NULL,NULL,1,0,0,0,0,0,0,1),(1569,1,139,4,NULL,NULL,NULL,0,'Spudder',0,NULL,NULL,NULL,1,0,0,0,0,0,0,1),(1570,1,139,4,NULL,NULL,NULL,0,'Glancer',1,NULL,NULL,NULL,1,0,0,0,0,0,0,1),(1571,1,139,4,NULL,NULL,NULL,0,'Gnat',0,NULL,NULL,NULL,1,0,0,0,0,0,0,1),(1572,1,139,4,NULL,NULL,NULL,0,'Glancer',1,NULL,NULL,NULL,1,0,0,0,0,0,0,1),(1573,1,139,4,NULL,NULL,NULL,0,'Glancer',1,NULL,NULL,NULL,1,0,0,0,0,0,0,1),(1574,1,139,4,NULL,NULL,NULL,0,'Glancer',1,NULL,NULL,NULL,1,0,0,0,0,0,0,1),(1575,1,139,4,NULL,NULL,NULL,0,'Glancer',1,NULL,NULL,NULL,1,0,0,0,0,0,0,1),(1576,1,139,4,NULL,NULL,NULL,0,'Gnat',0,NULL,NULL,NULL,1,0,0,0,0,0,0,1),(1577,1,139,4,NULL,NULL,NULL,0,'Gnat',0,NULL,NULL,NULL,1,0,0,0,0,0,0,1),(1578,1,139,4,NULL,NULL,NULL,0,'Gnat',1,NULL,NULL,NULL,1,0,0,0,0,0,0,1),(1579,1,139,4,NULL,NULL,NULL,0,'Gnat',0,NULL,NULL,NULL,1,0,0,0,0,0,0,1),(1580,1,139,4,NULL,NULL,NULL,0,'Gnat',0,NULL,NULL,NULL,1,0,0,0,0,0,0,1),(1581,1,139,4,NULL,NULL,NULL,0,'Gnat',1,NULL,NULL,NULL,1,0,0,0,0,0,0,1),(1582,1,139,4,NULL,NULL,NULL,0,'Gnat',1,NULL,NULL,NULL,1,0,0,0,0,0,0,1),(1583,1,140,4,NULL,NULL,NULL,0,'Gnawer',0,NULL,NULL,NULL,1,0,0,0,0,0,0,1),(1584,1,140,4,NULL,NULL,NULL,0,'Gnawer',0,NULL,NULL,NULL,1,0,0,0,0,0,0,1),(1585,1,140,4,NULL,NULL,NULL,0,'Gnawer',0,NULL,NULL,NULL,1,0,0,0,0,0,0,1),(1586,1,140,4,NULL,NULL,NULL,0,'Spudder',0,NULL,NULL,NULL,1,0,0,0,0,0,0,1),(1587,1,140,4,NULL,NULL,NULL,0,'Glancer',1,NULL,NULL,NULL,1,0,0,0,0,0,0,1),(1588,1,140,4,NULL,NULL,NULL,0,'Gnat',0,NULL,NULL,NULL,1,0,0,0,0,0,0,1),(1589,1,140,4,NULL,NULL,NULL,0,'Gnat',1,NULL,NULL,NULL,1,0,0,0,0,0,0,1),(1590,1,140,4,NULL,NULL,NULL,0,'Gnat',0,NULL,NULL,NULL,1,0,0,0,0,0,0,1),(1591,1,140,4,NULL,NULL,NULL,0,'Gnat',0,NULL,NULL,NULL,1,0,0,0,0,0,0,1),(1592,1,140,4,NULL,NULL,NULL,0,'Glancer',1,NULL,NULL,NULL,1,0,0,0,0,0,0,1),(1593,1,140,4,NULL,NULL,NULL,0,'Glancer',1,NULL,NULL,NULL,1,0,0,0,0,0,0,1),(1594,1,140,4,NULL,NULL,NULL,0,'Glancer',1,NULL,NULL,NULL,1,0,0,0,0,0,0,1),(1595,1,140,4,NULL,NULL,NULL,0,'Gnat',0,NULL,NULL,NULL,1,0,0,0,0,0,0,1),(1596,1,140,4,NULL,NULL,NULL,0,'Gnat',0,NULL,NULL,NULL,1,0,0,0,0,0,0,1),(1597,1,140,4,NULL,NULL,NULL,0,'Gnat',1,NULL,NULL,NULL,1,0,0,0,0,0,0,1),(1598,1,140,4,NULL,NULL,NULL,0,'Gnat',0,NULL,NULL,NULL,1,0,0,0,0,0,0,1),(1599,1,141,4,NULL,NULL,NULL,0,'Gnawer',0,NULL,NULL,NULL,1,0,0,0,0,0,0,1),(1600,1,141,4,NULL,NULL,NULL,0,'Spudder',0,NULL,NULL,NULL,1,0,0,0,0,0,0,1),(1601,1,141,4,NULL,NULL,NULL,0,'Spudder',1,NULL,NULL,NULL,1,0,0,0,0,0,0,1),(1602,1,141,4,NULL,NULL,NULL,0,'Spudder',0,NULL,NULL,NULL,1,0,0,0,0,0,0,1),(1603,1,141,4,NULL,NULL,NULL,0,'Glancer',1,NULL,NULL,NULL,1,0,0,0,0,0,0,1),(1604,1,141,4,NULL,NULL,NULL,0,'Gnat',1,NULL,NULL,NULL,1,0,0,0,0,0,0,1),(1605,1,141,4,NULL,NULL,NULL,0,'Gnat',0,NULL,NULL,NULL,1,0,0,0,0,0,0,1),(1606,1,141,4,NULL,NULL,NULL,0,'Gnat',0,NULL,NULL,NULL,1,0,0,0,0,0,0,1),(1607,1,141,4,NULL,NULL,NULL,0,'Glancer',1,NULL,NULL,NULL,1,0,0,0,0,0,0,1),(1608,1,141,4,NULL,NULL,NULL,0,'Glancer',1,NULL,NULL,NULL,1,0,0,0,0,0,0,1),(1609,1,141,4,NULL,NULL,NULL,0,'Glancer',1,NULL,NULL,NULL,1,0,0,0,0,0,0,1),(1610,1,141,4,NULL,NULL,NULL,0,'Glancer',1,NULL,NULL,NULL,1,0,0,0,0,0,0,1),(1611,1,141,4,NULL,NULL,NULL,0,'Glancer',1,NULL,NULL,NULL,1,0,0,0,0,0,0,1),(1612,1,141,4,NULL,NULL,NULL,0,'Gnat',0,NULL,NULL,NULL,1,0,0,0,0,0,0,1),(1613,1,141,4,NULL,NULL,NULL,0,'Gnat',0,NULL,NULL,NULL,1,0,0,0,0,0,0,1),(1614,1,141,4,NULL,NULL,NULL,0,'Gnat',1,NULL,NULL,NULL,1,0,0,0,0,0,0,1),(1615,1,141,4,NULL,NULL,NULL,0,'Gnat',0,NULL,NULL,NULL,1,0,0,0,0,0,0,1),(1616,1,141,4,NULL,NULL,NULL,0,'Gnat',0,NULL,NULL,NULL,1,0,0,0,0,0,0,1),(1617,1,141,4,NULL,NULL,NULL,0,'Gnat',1,NULL,NULL,NULL,1,0,0,0,0,0,0,1),(1618,1,141,4,NULL,NULL,NULL,0,'Gnat',1,NULL,NULL,NULL,1,0,0,0,0,0,0,1),(1619,1,142,4,NULL,NULL,NULL,0,'Gnat',1,NULL,NULL,NULL,1,0,0,0,0,0,0,1),(1620,1,142,4,NULL,NULL,NULL,0,'Gnat',0,NULL,NULL,NULL,1,0,0,0,0,0,0,1),(1621,1,142,4,NULL,NULL,NULL,0,'Gnat',0,NULL,NULL,NULL,1,0,0,0,0,0,0,1),(1622,1,142,4,NULL,NULL,NULL,0,'Glancer',1,NULL,NULL,NULL,1,0,0,0,0,0,0,1),(1623,1,142,4,NULL,NULL,NULL,0,'Glancer',1,NULL,NULL,NULL,1,0,0,0,0,0,0,1),(1624,1,142,4,NULL,NULL,NULL,0,'Glancer',1,NULL,NULL,NULL,1,0,0,0,0,0,0,1),(1625,1,142,4,NULL,NULL,NULL,0,'Glancer',1,NULL,NULL,NULL,1,0,0,0,0,0,0,1),(1626,1,142,4,NULL,NULL,NULL,0,'Gnat',0,NULL,NULL,NULL,1,0,0,0,0,0,0,1),(1627,1,142,4,NULL,NULL,NULL,0,'Gnat',0,NULL,NULL,NULL,1,0,0,0,0,0,0,1),(1628,1,142,4,NULL,NULL,NULL,0,'Gnat',1,NULL,NULL,NULL,1,0,0,0,0,0,0,1),(1629,1,142,4,NULL,NULL,NULL,0,'Gnat',1,NULL,NULL,NULL,1,0,0,0,0,0,0,1),(1630,1,142,4,NULL,NULL,NULL,0,'Gnat',1,NULL,NULL,NULL,1,0,0,0,0,0,0,1),(1631,1,143,4,NULL,NULL,NULL,0,'Glancer',1,NULL,NULL,NULL,1,0,0,0,0,0,0,1),(1632,1,143,4,NULL,NULL,NULL,0,'Gnat',1,NULL,NULL,NULL,1,0,0,0,0,0,0,1),(1633,1,143,4,NULL,NULL,NULL,0,'Gnat',0,NULL,NULL,NULL,1,0,0,0,0,0,0,1),(1634,1,143,4,NULL,NULL,NULL,0,'Glancer',1,NULL,NULL,NULL,1,0,0,0,0,0,0,1),(1635,1,143,4,NULL,NULL,NULL,0,'Glancer',1,NULL,NULL,NULL,1,0,0,0,0,0,0,1),(1636,1,143,4,NULL,NULL,NULL,0,'Glancer',1,NULL,NULL,NULL,1,0,0,0,0,0,0,1),(1637,1,143,4,NULL,NULL,NULL,0,'Glancer',1,NULL,NULL,NULL,1,0,0,0,0,0,0,1),(1638,1,143,4,NULL,NULL,NULL,0,'Gnat',0,NULL,NULL,NULL,1,0,0,0,0,0,0,1),(1639,1,143,4,NULL,NULL,NULL,0,'Gnat',0,NULL,NULL,NULL,1,0,0,0,0,0,0,1),(1640,1,143,4,NULL,NULL,NULL,0,'Gnat',1,NULL,NULL,NULL,1,0,0,0,0,0,0,1),(1641,1,144,4,NULL,NULL,NULL,0,'Gnat',0,NULL,NULL,NULL,1,0,0,0,0,0,0,1),(1642,1,144,4,NULL,NULL,NULL,0,'Gnat',0,NULL,NULL,NULL,1,0,0,0,0,0,0,1),(1643,1,144,4,NULL,NULL,NULL,0,'Gnat',1,NULL,NULL,NULL,1,0,0,0,0,0,0,1),(1644,1,145,4,NULL,NULL,NULL,0,'Gnat',0,NULL,NULL,NULL,1,0,0,0,0,0,0,1),(1645,1,145,4,NULL,NULL,NULL,0,'Gnat',0,NULL,NULL,NULL,1,0,0,0,0,0,0,1),(1646,1,145,4,NULL,NULL,NULL,0,'Gnat',1,NULL,NULL,NULL,1,0,0,0,0,0,0,1),(1647,1,145,4,NULL,NULL,NULL,0,'Gnat',0,NULL,NULL,NULL,1,0,0,0,0,0,0,1),(1648,1,145,4,NULL,NULL,NULL,0,'Gnat',1,NULL,NULL,NULL,1,0,0,0,0,0,0,1),(1649,1,145,4,NULL,NULL,NULL,0,'Gnat',1,NULL,NULL,NULL,1,0,0,0,0,0,0,1),(1650,1,146,4,NULL,NULL,NULL,0,'Gnat',0,NULL,NULL,NULL,1,0,0,0,0,0,0,1),(1651,1,146,4,NULL,NULL,NULL,0,'Gnat',0,NULL,NULL,NULL,1,0,0,0,0,0,0,1),(1652,1,146,4,NULL,NULL,NULL,0,'Gnat',1,NULL,NULL,NULL,1,0,0,0,0,0,0,1),(1653,1,146,4,NULL,NULL,NULL,0,'Gnat',1,NULL,NULL,NULL,1,0,0,0,0,0,0,1),(1654,1,8,1,NULL,NULL,NULL,0,'Demosis',0,2,330,NULL,1,0,0,0,0,0,0,1),(1655,1,8,1,NULL,NULL,NULL,0,'Thor',1,2,330,NULL,1,0,0,0,0,0,0,1),(1656,1,8,1,NULL,NULL,NULL,0,'Dirac',1,2,330,NULL,1,0,0,0,0,0,0,1),(1657,1,8,1,NULL,NULL,NULL,0,'Dirac',1,2,330,NULL,1,0,0,0,0,0,0,1),(1658,1,8,1,NULL,NULL,NULL,0,'Dirac',0,2,330,NULL,1,0,0,0,0,0,0,1),(1659,1,8,1,NULL,NULL,NULL,0,'Dirac',1,2,330,NULL,1,0,0,0,0,0,0,1),(1660,1,8,1,NULL,NULL,NULL,0,'Dirac',1,2,330,NULL,1,0,0,0,0,0,0,1),(1661,1,8,1,NULL,NULL,NULL,0,'Dirac',0,2,330,NULL,1,0,0,0,0,0,0,1),(1662,1,8,1,NULL,NULL,NULL,0,'Dirac',0,2,330,NULL,1,0,0,0,0,0,0,1),(1663,1,8,1,NULL,NULL,NULL,0,'Demosis',0,3,112,NULL,1,0,0,0,0,0,0,1),(1664,1,8,1,NULL,NULL,NULL,0,'Thor',1,3,112,NULL,1,0,0,0,0,0,0,1),(1665,1,8,1,NULL,NULL,NULL,0,'Thor',1,3,112,NULL,1,0,0,0,0,0,0,1),(1666,1,8,1,NULL,NULL,NULL,0,'Thor',0,3,112,NULL,1,0,0,0,0,0,0,1),(1667,1,8,1,NULL,NULL,NULL,0,'Thor',0,3,112,NULL,1,0,0,0,0,0,0,1),(1668,1,8,1,NULL,NULL,NULL,0,'Thor',0,3,112,NULL,1,0,0,0,0,0,0,1),(1669,1,8,1,NULL,NULL,NULL,0,'Dirac',0,3,112,NULL,1,0,0,0,0,0,0,1),(1670,1,8,1,NULL,NULL,NULL,0,'Dirac',0,3,112,NULL,1,0,0,0,0,0,0,1),(1671,1,8,1,NULL,NULL,NULL,0,'Dirac',0,3,112,NULL,1,0,0,0,0,0,0,1),(1672,1,8,1,NULL,NULL,NULL,0,'Dirac',0,3,112,NULL,1,0,0,0,0,0,0,1),(1673,1,8,1,NULL,NULL,NULL,0,'Dirac',0,3,112,NULL,1,0,0,0,0,0,0,1),(1674,1,8,1,NULL,NULL,NULL,0,'Demosis',0,1,225,NULL,1,0,0,0,0,0,0,1),(1675,1,8,1,NULL,NULL,NULL,0,'Thor',1,1,225,NULL,1,0,0,0,0,0,0,1),(1676,1,8,1,NULL,NULL,NULL,0,'Dirac',0,1,225,NULL,1,0,0,0,0,0,0,1),(1677,1,8,1,NULL,NULL,NULL,0,'Dirac',1,1,225,NULL,1,0,0,0,0,0,0,1),(1678,1,8,1,NULL,NULL,NULL,0,'Dirac',0,1,225,NULL,1,0,0,0,0,0,0,1),(1679,1,8,1,NULL,NULL,NULL,0,'Dirac',1,1,225,NULL,1,0,0,0,0,0,0,1),(1680,1,8,1,NULL,NULL,NULL,0,'Demosis',0,2,240,NULL,1,0,0,0,0,0,0,1),(1681,1,8,1,NULL,NULL,NULL,0,'Demosis',0,2,240,NULL,1,0,0,0,0,0,0,1),(1682,1,8,1,NULL,NULL,NULL,0,'Thor',0,2,240,NULL,1,0,0,0,0,0,0,1),(1683,1,8,1,NULL,NULL,NULL,0,'Thor',0,2,240,NULL,1,0,0,0,0,0,0,1),(1684,1,8,1,NULL,NULL,NULL,0,'Thor',0,2,240,NULL,1,0,0,0,0,0,0,1),(1685,1,8,1,NULL,NULL,NULL,0,'Thor',1,2,240,NULL,1,0,0,0,0,0,0,1),(1686,1,8,1,NULL,NULL,NULL,0,'Dirac',1,2,240,NULL,1,0,0,0,0,0,0,1),(1687,1,8,1,NULL,NULL,NULL,0,'Dirac',1,2,240,NULL,1,0,0,0,0,0,0,1),(1688,1,8,1,NULL,NULL,NULL,0,'Dirac',0,2,240,NULL,1,0,0,0,0,0,0,1),(1689,1,8,1,NULL,NULL,NULL,0,'Dirac',0,2,240,NULL,1,0,0,0,0,0,0,1),(1690,1,8,1,NULL,NULL,NULL,0,'Dirac',1,2,240,NULL,1,0,0,0,0,0,0,1),(1691,1,8,1,NULL,NULL,NULL,0,'Dirac',1,2,240,NULL,1,0,0,0,0,0,0,1),(1692,1,8,1,NULL,NULL,NULL,0,'Dirac',0,2,240,NULL,1,0,0,0,0,0,0,1),(1693,1,8,1,NULL,NULL,NULL,0,'Demosis',0,1,135,NULL,1,0,0,0,0,0,0,1),(1694,1,8,1,NULL,NULL,NULL,0,'Thor',1,1,135,NULL,1,0,0,0,0,0,0,1),(1695,1,8,1,NULL,NULL,NULL,0,'Dirac',1,1,135,NULL,1,0,0,0,0,0,0,1),(1696,1,8,1,NULL,NULL,NULL,0,'Dirac',1,1,135,NULL,1,0,0,0,0,0,0,1),(1697,1,8,1,NULL,NULL,NULL,0,'Thor',1,0,90,NULL,1,0,0,0,0,0,0,1),(1698,1,8,1,NULL,NULL,NULL,0,'Dirac',0,0,90,NULL,1,0,0,0,0,0,0,1),(1699,1,8,1,NULL,NULL,NULL,0,'Dirac',0,0,90,NULL,1,0,0,0,0,0,0,1),(1700,1,8,1,NULL,NULL,NULL,0,'Demosis',0,2,30,NULL,1,0,0,0,0,0,0,1),(1701,1,8,1,NULL,NULL,NULL,0,'Thor',1,2,30,NULL,1,0,0,0,0,0,0,1),(1702,1,8,1,NULL,NULL,NULL,0,'Thor',1,2,30,NULL,1,0,0,0,0,0,0,1),(1703,1,8,1,NULL,NULL,NULL,0,'Thor',1,2,30,NULL,1,0,0,0,0,0,0,1),(1704,1,8,1,NULL,NULL,NULL,0,'Dirac',1,2,30,NULL,1,0,0,0,0,0,0,1),(1705,1,8,1,NULL,NULL,NULL,0,'Dirac',1,2,30,NULL,1,0,0,0,0,0,0,1),(1706,1,8,1,NULL,NULL,NULL,0,'Dirac',0,2,30,NULL,1,0,0,0,0,0,0,1),(1707,1,8,1,NULL,NULL,NULL,0,'Dirac',0,2,30,NULL,1,0,0,0,0,0,0,1),(1708,1,8,1,NULL,NULL,NULL,0,'Demosis',0,2,300,NULL,1,0,0,0,0,0,0,1),(1709,1,8,1,NULL,NULL,NULL,0,'Thor',1,2,300,NULL,1,0,0,0,0,0,0,1),(1710,1,8,1,NULL,NULL,NULL,0,'Dirac',0,2,300,NULL,1,0,0,0,0,0,0,1),(1711,1,8,1,NULL,NULL,NULL,0,'Dirac',1,2,300,NULL,1,0,0,0,0,0,0,1),(1712,1,8,1,NULL,NULL,NULL,0,'Dirac',1,2,300,NULL,1,0,0,0,0,0,0,1),(1713,1,8,1,NULL,NULL,NULL,0,'Dirac',1,2,300,NULL,1,0,0,0,0,0,0,1),(1714,1,8,1,NULL,NULL,NULL,0,'Dirac',1,2,300,NULL,1,0,0,0,0,0,0,1),(1715,1,8,1,NULL,NULL,NULL,0,'Demosis',0,0,0,NULL,1,0,0,0,0,0,0,1),(1716,1,8,1,NULL,NULL,NULL,0,'Thor',1,0,0,NULL,1,0,0,0,0,0,0,1),(1717,1,8,1,NULL,NULL,NULL,0,'Thor',0,0,0,NULL,1,0,0,0,0,0,0,1),(1718,1,8,1,NULL,NULL,NULL,0,'Dirac',0,0,0,NULL,1,0,0,0,0,0,0,1),(1719,1,8,1,NULL,NULL,NULL,0,'Dirac',0,0,0,NULL,1,0,0,0,0,0,0,1),(1720,1,9,1,NULL,NULL,NULL,0,'Thor',1,0,180,NULL,1,0,0,0,0,0,0,1),(1721,1,9,1,NULL,NULL,NULL,0,'Thor',1,0,180,NULL,1,0,0,0,0,0,0,1),(1722,1,9,1,NULL,NULL,NULL,0,'Thor',1,0,180,NULL,1,0,0,0,0,0,0,1),(1723,1,9,1,NULL,NULL,NULL,0,'Thor',0,0,180,NULL,1,0,0,0,0,0,0,1),(1724,1,9,1,NULL,NULL,NULL,0,'Dirac',0,0,180,NULL,1,0,0,0,0,0,0,1),(1725,1,9,1,NULL,NULL,NULL,0,'Dirac',0,0,180,NULL,1,0,0,0,0,0,0,1),(1726,1,9,1,NULL,NULL,NULL,0,'Dirac',1,0,180,NULL,1,0,0,0,0,0,0,1),(1727,1,9,1,NULL,NULL,NULL,0,'Dirac',1,0,180,NULL,1,0,0,0,0,0,0,1),(1728,1,9,1,NULL,NULL,NULL,0,'Dirac',1,0,180,NULL,1,0,0,0,0,0,0,1),(1729,1,9,1,NULL,NULL,NULL,0,'Demosis',0,3,202,NULL,1,0,0,0,0,0,0,1),(1730,1,9,1,NULL,NULL,NULL,0,'Thor',1,3,202,NULL,1,0,0,0,0,0,0,1),(1731,1,9,1,NULL,NULL,NULL,0,'Thor',1,3,202,NULL,1,0,0,0,0,0,0,1),(1732,1,9,1,NULL,NULL,NULL,0,'Thor',0,3,202,NULL,1,0,0,0,0,0,0,1),(1733,1,9,1,NULL,NULL,NULL,0,'Thor',0,3,202,NULL,1,0,0,0,0,0,0,1),(1734,1,9,1,NULL,NULL,NULL,0,'Thor',0,3,202,NULL,1,0,0,0,0,0,0,1),(1735,1,9,1,NULL,NULL,NULL,0,'Thor',1,3,202,NULL,1,0,0,0,0,0,0,1),(1736,1,9,1,NULL,NULL,NULL,0,'Thor',1,3,202,NULL,1,0,0,0,0,0,0,1),(1737,1,9,1,NULL,NULL,NULL,0,'Dirac',1,3,202,NULL,1,0,0,0,0,0,0,1),(1738,1,9,1,NULL,NULL,NULL,0,'Dirac',0,3,202,NULL,1,0,0,0,0,0,0,1),(1739,1,9,1,NULL,NULL,NULL,0,'Dirac',1,3,202,NULL,1,0,0,0,0,0,0,1),(1740,1,9,1,NULL,NULL,NULL,0,'Dirac',1,3,202,NULL,1,0,0,0,0,0,0,1),(1741,1,9,1,NULL,NULL,NULL,0,'Dirac',0,3,202,NULL,1,0,0,0,0,0,0,1),(1742,1,9,1,NULL,NULL,NULL,0,'Dirac',0,3,202,NULL,1,0,0,0,0,0,0,1),(1743,1,9,1,NULL,NULL,NULL,0,'Dirac',1,3,202,NULL,1,0,0,0,0,0,0,1),(1744,1,9,1,NULL,NULL,NULL,0,'Dirac',1,3,202,NULL,1,0,0,0,0,0,0,1),(1745,1,9,1,NULL,NULL,NULL,0,'Thor',0,2,90,NULL,1,0,0,0,0,0,0,1),(1746,1,9,1,NULL,NULL,NULL,0,'Thor',1,2,90,NULL,1,0,0,0,0,0,0,1),(1747,1,9,1,NULL,NULL,NULL,0,'Thor',1,2,90,NULL,1,0,0,0,0,0,0,1),(1748,1,9,1,NULL,NULL,NULL,0,'Thor',1,2,90,NULL,1,0,0,0,0,0,0,1),(1749,1,9,1,NULL,NULL,NULL,0,'Thor',0,2,90,NULL,1,0,0,0,0,0,0,1),(1750,1,9,1,NULL,NULL,NULL,0,'Dirac',1,2,90,NULL,1,0,0,0,0,0,0,1),(1751,1,9,1,NULL,NULL,NULL,0,'Dirac',1,2,90,NULL,1,0,0,0,0,0,0,1),(1752,1,9,1,NULL,NULL,NULL,0,'Dirac',1,2,90,NULL,1,0,0,0,0,0,0,1),(1753,1,9,1,NULL,NULL,NULL,0,'Dirac',1,2,90,NULL,1,0,0,0,0,0,0,1),(1754,1,9,1,NULL,NULL,NULL,0,'Dirac',1,2,90,NULL,1,0,0,0,0,0,0,1),(1755,1,9,1,NULL,NULL,NULL,0,'Dirac',0,2,90,NULL,1,0,0,0,0,0,0,1),(1756,1,9,1,NULL,NULL,NULL,0,'Dirac',1,2,90,NULL,1,0,0,0,0,0,0,1),(1757,1,9,1,NULL,NULL,NULL,0,'Thor',0,1,315,NULL,1,0,0,0,0,0,0,1),(1758,1,9,1,NULL,NULL,NULL,0,'Thor',1,1,315,NULL,1,0,0,0,0,0,0,1),(1759,1,9,1,NULL,NULL,NULL,0,'Dirac',1,1,315,NULL,1,0,0,0,0,0,0,1),(1760,1,9,1,NULL,NULL,NULL,0,'Dirac',0,1,315,NULL,1,0,0,0,0,0,0,1),(1761,1,9,1,NULL,NULL,NULL,0,'Dirac',0,1,315,NULL,1,0,0,0,0,0,0,1),(1762,1,9,1,NULL,NULL,NULL,0,'Dirac',1,1,315,NULL,1,0,0,0,0,0,0,1),(1763,1,9,1,NULL,NULL,NULL,0,'Dirac',1,1,315,NULL,1,0,0,0,0,0,0,1),(1764,1,9,1,NULL,NULL,NULL,0,'Dirac',1,1,315,NULL,1,0,0,0,0,0,0,1),(1765,1,9,1,NULL,NULL,NULL,0,'Dirac',0,1,315,NULL,1,0,0,0,0,0,0,1),(1766,1,64,2,NULL,NULL,NULL,0,'Gnawer',0,NULL,NULL,NULL,1,0,0,0,0,0,0,1),(1767,1,64,2,NULL,NULL,NULL,0,'Spudder',1,NULL,NULL,NULL,1,0,0,0,0,0,0,1),(1768,1,64,2,NULL,NULL,NULL,0,'Spudder',0,NULL,NULL,NULL,1,0,0,0,0,0,0,1),(1769,1,64,2,NULL,NULL,NULL,0,'Spudder',1,NULL,NULL,NULL,1,0,0,0,0,0,0,1),(1770,1,64,2,NULL,NULL,NULL,0,'Spudder',1,NULL,NULL,NULL,1,0,0,0,0,0,0,1),(1771,1,64,2,NULL,NULL,NULL,0,'Glancer',1,NULL,NULL,NULL,1,0,0,0,0,0,0,1),(1772,1,64,2,NULL,NULL,NULL,0,'Glancer',1,NULL,NULL,NULL,1,0,0,0,0,0,0,1),(1773,1,64,2,NULL,NULL,NULL,0,'Gnat',1,NULL,NULL,NULL,1,0,0,0,0,0,0,1),(1774,1,64,2,NULL,NULL,NULL,0,'Gnat',1,NULL,NULL,NULL,1,0,0,0,0,0,0,1),(1775,1,64,2,NULL,NULL,NULL,0,'Gnat',0,NULL,NULL,NULL,1,0,0,0,0,0,0,1),(1776,1,64,2,NULL,NULL,NULL,0,'Gnat',1,NULL,NULL,NULL,1,0,0,0,0,0,0,1),(1777,1,64,2,NULL,NULL,NULL,0,'Gnat',1,NULL,NULL,NULL,1,0,0,0,0,0,0,1),(1778,1,64,2,NULL,NULL,NULL,0,'Gnat',0,NULL,NULL,NULL,1,0,0,0,0,0,0,1),(1779,1,9,1,NULL,NULL,NULL,0,'Demosis',0,2,330,NULL,1,0,0,0,0,0,0,1),(1780,1,9,1,NULL,NULL,NULL,0,'Demosis',0,2,330,NULL,1,0,0,0,0,0,0,1),(1781,1,9,1,NULL,NULL,NULL,0,'Demosis',0,2,330,NULL,1,0,0,0,0,0,0,1),(1782,1,9,1,NULL,NULL,NULL,0,'Thor',1,2,330,NULL,1,0,0,0,0,0,0,1),(1783,1,9,1,NULL,NULL,NULL,0,'Thor',0,2,330,NULL,1,0,0,0,0,0,0,1),(1784,1,9,1,NULL,NULL,NULL,0,'Thor',0,2,330,NULL,1,0,0,0,0,0,0,1),(1785,1,9,1,NULL,NULL,NULL,0,'Thor',0,2,330,NULL,1,0,0,0,0,0,0,1),(1786,1,9,1,NULL,NULL,NULL,0,'Thor',1,2,330,NULL,1,0,0,0,0,0,0,1),(1787,1,9,1,NULL,NULL,NULL,0,'Dirac',0,2,330,NULL,1,0,0,0,0,0,0,1),(1788,1,9,1,NULL,NULL,NULL,0,'Dirac',1,2,330,NULL,1,0,0,0,0,0,0,1),(1789,1,9,1,NULL,NULL,NULL,0,'Dirac',0,2,330,NULL,1,0,0,0,0,0,0,1),(1790,1,9,1,NULL,NULL,NULL,0,'Dirac',0,2,330,NULL,1,0,0,0,0,0,0,1),(1791,1,147,4,NULL,NULL,NULL,0,'Glancer',1,NULL,NULL,NULL,1,0,0,0,0,0,0,1),(1792,1,147,4,NULL,NULL,NULL,0,'Glancer',1,NULL,NULL,NULL,1,0,0,0,0,0,0,1),(1793,1,147,4,NULL,NULL,NULL,0,'Gnat',0,NULL,NULL,NULL,1,0,0,0,0,0,0,1),(1794,1,147,4,NULL,NULL,NULL,0,'Gnat',0,NULL,NULL,NULL,1,0,0,0,0,0,0,1),(1795,1,147,4,NULL,NULL,NULL,0,'Gnat',1,NULL,NULL,NULL,1,0,0,0,0,0,0,1),(1796,1,147,4,NULL,NULL,NULL,0,'Gnat',0,NULL,NULL,NULL,1,0,0,0,0,0,0,1),(1797,1,147,4,NULL,NULL,NULL,0,'Gnat',1,NULL,NULL,NULL,1,0,0,0,0,0,0,1),(1798,1,147,4,NULL,NULL,NULL,0,'Gnat',0,NULL,NULL,NULL,1,0,0,0,0,0,0,1),(1799,1,147,4,NULL,NULL,NULL,0,'Gnat',1,NULL,NULL,NULL,1,0,0,0,0,0,0,1),(1800,1,148,4,NULL,NULL,NULL,0,'Glancer',1,NULL,NULL,NULL,1,0,0,0,0,0,0,1),(1801,1,148,4,NULL,NULL,NULL,0,'Glancer',1,NULL,NULL,NULL,1,0,0,0,0,0,0,1),(1802,1,148,4,NULL,NULL,NULL,0,'Gnat',0,NULL,NULL,NULL,1,0,0,0,0,0,0,1),(1803,1,148,4,NULL,NULL,NULL,0,'Gnat',0,NULL,NULL,NULL,1,0,0,0,0,0,0,1),(1804,1,148,4,NULL,NULL,NULL,0,'Gnat',1,NULL,NULL,NULL,1,0,0,0,0,0,0,1),(1805,1,148,4,NULL,NULL,NULL,0,'Gnat',0,NULL,NULL,NULL,1,0,0,0,0,0,0,1),(1806,1,148,4,NULL,NULL,NULL,0,'Gnat',1,NULL,NULL,NULL,1,0,0,0,0,0,0,1),(1807,1,149,4,NULL,NULL,NULL,0,'Gnawer',0,NULL,NULL,NULL,1,0,0,0,0,0,0,1),(1808,1,149,4,NULL,NULL,NULL,0,'Spudder',0,NULL,NULL,NULL,1,0,0,0,0,0,0,1),(1809,1,149,4,NULL,NULL,NULL,0,'Glancer',1,NULL,NULL,NULL,1,0,0,0,0,0,0,1),(1810,1,149,4,NULL,NULL,NULL,0,'Gnat',0,NULL,NULL,NULL,1,0,0,0,0,0,0,1),(1811,1,149,4,NULL,NULL,NULL,0,'Gnat',1,NULL,NULL,NULL,1,0,0,0,0,0,0,1),(1812,1,149,4,NULL,NULL,NULL,0,'Gnat',0,NULL,NULL,NULL,1,0,0,0,0,0,0,1),(1813,1,149,4,NULL,NULL,NULL,0,'Gnat',0,NULL,NULL,NULL,1,0,0,0,0,0,0,1),(1814,1,149,4,NULL,NULL,NULL,0,'Glancer',1,NULL,NULL,NULL,1,0,0,0,0,0,0,1),(1815,1,149,4,NULL,NULL,NULL,0,'Glancer',1,NULL,NULL,NULL,1,0,0,0,0,0,0,1),(1816,1,149,4,NULL,NULL,NULL,0,'Gnat',0,NULL,NULL,NULL,1,0,0,0,0,0,0,1),(1817,1,149,4,NULL,NULL,NULL,0,'Gnat',0,NULL,NULL,NULL,1,0,0,0,0,0,0,1),(1818,1,149,4,NULL,NULL,NULL,0,'Gnat',1,NULL,NULL,NULL,1,0,0,0,0,0,0,1),(1819,1,149,4,NULL,NULL,NULL,0,'Gnat',0,NULL,NULL,NULL,1,0,0,0,0,0,0,1),(1820,1,149,4,NULL,NULL,NULL,0,'Gnat',1,NULL,NULL,NULL,1,0,0,0,0,0,0,1),(1821,1,149,4,NULL,NULL,NULL,0,'Gnat',1,NULL,NULL,NULL,1,0,0,0,0,0,0,1),(1822,1,149,4,NULL,NULL,NULL,0,'Gnat',0,NULL,NULL,NULL,1,0,0,0,0,0,0,1),(1823,1,150,4,NULL,NULL,NULL,0,'Spudder',0,NULL,NULL,NULL,1,0,0,0,0,0,0,1),(1824,1,150,4,NULL,NULL,NULL,0,'Glancer',1,NULL,NULL,NULL,1,0,0,0,0,0,0,1),(1825,1,150,4,NULL,NULL,NULL,0,'Gnat',0,NULL,NULL,NULL,1,0,0,0,0,0,0,1),(1826,1,150,4,NULL,NULL,NULL,0,'Gnat',0,NULL,NULL,NULL,1,0,0,0,0,0,0,1),(1827,1,150,4,NULL,NULL,NULL,0,'Glancer',1,NULL,NULL,NULL,1,0,0,0,0,0,0,1),(1828,1,150,4,NULL,NULL,NULL,0,'Glancer',1,NULL,NULL,NULL,1,0,0,0,0,0,0,1),(1829,1,150,4,NULL,NULL,NULL,0,'Glancer',1,NULL,NULL,NULL,1,0,0,0,0,0,0,1),(1830,1,150,4,NULL,NULL,NULL,0,'Gnat',0,NULL,NULL,NULL,1,0,0,0,0,0,0,1),(1831,1,150,4,NULL,NULL,NULL,0,'Gnat',0,NULL,NULL,NULL,1,0,0,0,0,0,0,1),(1832,1,150,4,NULL,NULL,NULL,0,'Gnat',1,NULL,NULL,NULL,1,0,0,0,0,0,0,1),(1833,1,150,4,NULL,NULL,NULL,0,'Gnat',0,NULL,NULL,NULL,1,0,0,0,0,0,0,1),(1834,1,150,4,NULL,NULL,NULL,0,'Gnat',1,NULL,NULL,NULL,1,0,0,0,0,0,0,1),(1835,1,151,4,NULL,NULL,NULL,0,'Spudder',0,NULL,NULL,NULL,1,0,0,0,0,0,0,1),(1836,1,151,4,NULL,NULL,NULL,0,'Spudder',1,NULL,NULL,NULL,1,0,0,0,0,0,0,1),(1837,1,151,4,NULL,NULL,NULL,0,'Spudder',0,NULL,NULL,NULL,1,0,0,0,0,0,0,1),(1838,1,151,4,NULL,NULL,NULL,0,'Glancer',1,NULL,NULL,NULL,1,0,0,0,0,0,0,1),(1839,1,151,4,NULL,NULL,NULL,0,'Gnat',0,NULL,NULL,NULL,1,0,0,0,0,0,0,1),(1840,1,151,4,NULL,NULL,NULL,0,'Gnat',0,NULL,NULL,NULL,1,0,0,0,0,0,0,1),(1841,1,151,4,NULL,NULL,NULL,0,'Gnat',0,NULL,NULL,NULL,1,0,0,0,0,0,0,1),(1842,1,151,4,NULL,NULL,NULL,0,'Glancer',1,NULL,NULL,NULL,1,0,0,0,0,0,0,1),(1843,1,151,4,NULL,NULL,NULL,0,'Glancer',1,NULL,NULL,NULL,1,0,0,0,0,0,0,1),(1844,1,151,4,NULL,NULL,NULL,0,'Glancer',1,NULL,NULL,NULL,1,0,0,0,0,0,0,1),(1845,1,151,4,NULL,NULL,NULL,0,'Glancer',1,NULL,NULL,NULL,1,0,0,0,0,0,0,1),(1846,1,151,4,NULL,NULL,NULL,0,'Gnat',0,NULL,NULL,NULL,1,0,0,0,0,0,0,1),(1847,1,151,4,NULL,NULL,NULL,0,'Gnat',0,NULL,NULL,NULL,1,0,0,0,0,0,0,1),(1848,1,151,4,NULL,NULL,NULL,0,'Gnat',1,NULL,NULL,NULL,1,0,0,0,0,0,0,1),(1849,1,151,4,NULL,NULL,NULL,0,'Gnat',0,NULL,NULL,NULL,1,0,0,0,0,0,0,1),(1850,1,151,4,NULL,NULL,NULL,0,'Gnat',1,NULL,NULL,NULL,1,0,0,0,0,0,0,1),(1851,1,152,4,NULL,NULL,NULL,0,'Gnawer',0,NULL,NULL,NULL,1,0,0,0,0,0,0,1),(1852,1,152,4,NULL,NULL,NULL,0,'Gnawer',0,NULL,NULL,NULL,1,0,0,0,0,0,0,1),(1853,1,152,4,NULL,NULL,NULL,0,'Gnawer',0,NULL,NULL,NULL,1,0,0,0,0,0,0,1),(1854,1,152,4,NULL,NULL,NULL,0,'Spudder',0,NULL,NULL,NULL,1,0,0,0,0,0,0,1),(1855,1,152,4,NULL,NULL,NULL,0,'Spudder',1,NULL,NULL,NULL,1,0,0,0,0,0,0,1),(1856,1,152,4,NULL,NULL,NULL,0,'Spudder',0,NULL,NULL,NULL,1,0,0,0,0,0,0,1),(1857,1,152,4,NULL,NULL,NULL,0,'Glancer',1,NULL,NULL,NULL,1,0,0,0,0,0,0,1),(1858,1,152,4,NULL,NULL,NULL,0,'Gnat',0,NULL,NULL,NULL,1,0,0,0,0,0,0,1),(1859,1,152,4,NULL,NULL,NULL,0,'Gnat',0,NULL,NULL,NULL,1,0,0,0,0,0,0,1),(1860,1,152,4,NULL,NULL,NULL,0,'Glancer',1,NULL,NULL,NULL,1,0,0,0,0,0,0,1),(1861,1,152,4,NULL,NULL,NULL,0,'Glancer',1,NULL,NULL,NULL,1,0,0,0,0,0,0,1),(1862,1,152,4,NULL,NULL,NULL,0,'Glancer',1,NULL,NULL,NULL,1,0,0,0,0,0,0,1),(1863,1,152,4,NULL,NULL,NULL,0,'Glancer',1,NULL,NULL,NULL,1,0,0,0,0,0,0,1),(1864,1,152,4,NULL,NULL,NULL,0,'Gnat',0,NULL,NULL,NULL,1,0,0,0,0,0,0,1),(1865,1,152,4,NULL,NULL,NULL,0,'Gnat',0,NULL,NULL,NULL,1,0,0,0,0,0,0,1),(1866,1,152,4,NULL,NULL,NULL,0,'Gnat',1,NULL,NULL,NULL,1,0,0,0,0,0,0,1),(1867,1,152,4,NULL,NULL,NULL,0,'Gnat',0,NULL,NULL,NULL,1,0,0,0,0,0,0,1),(1868,1,152,4,NULL,NULL,NULL,0,'Gnat',1,NULL,NULL,NULL,1,0,0,0,0,0,0,1),(1869,1,152,4,NULL,NULL,NULL,0,'Gnat',1,NULL,NULL,NULL,1,0,0,0,0,0,0,1),(1870,1,153,4,NULL,NULL,NULL,0,'Gnawer',0,NULL,NULL,NULL,1,0,0,0,0,0,0,1),(1871,1,153,4,NULL,NULL,NULL,0,'Gnawer',0,NULL,NULL,NULL,1,0,0,0,0,0,0,1),(1872,1,153,4,NULL,NULL,NULL,0,'Spudder',0,NULL,NULL,NULL,1,0,0,0,0,0,0,1),(1873,1,153,4,NULL,NULL,NULL,0,'Spudder',1,NULL,NULL,NULL,1,0,0,0,0,0,0,1),(1874,1,153,4,NULL,NULL,NULL,0,'Spudder',1,NULL,NULL,NULL,1,0,0,0,0,0,0,1),(1875,1,153,4,NULL,NULL,NULL,0,'Spudder',0,NULL,NULL,NULL,1,0,0,0,0,0,0,1),(1876,1,153,4,NULL,NULL,NULL,0,'Glancer',1,NULL,NULL,NULL,1,0,0,0,0,0,0,1),(1877,1,153,4,NULL,NULL,NULL,0,'Gnat',0,NULL,NULL,NULL,1,0,0,0,0,0,0,1),(1878,1,153,4,NULL,NULL,NULL,0,'Gnat',0,NULL,NULL,NULL,1,0,0,0,0,0,0,1),(1879,1,153,4,NULL,NULL,NULL,0,'Glancer',1,NULL,NULL,NULL,1,0,0,0,0,0,0,1),(1880,1,153,4,NULL,NULL,NULL,0,'Glancer',1,NULL,NULL,NULL,1,0,0,0,0,0,0,1),(1881,1,153,4,NULL,NULL,NULL,0,'Glancer',1,NULL,NULL,NULL,1,0,0,0,0,0,0,1),(1882,1,153,4,NULL,NULL,NULL,0,'Gnat',0,NULL,NULL,NULL,1,0,0,0,0,0,0,1),(1883,1,153,4,NULL,NULL,NULL,0,'Gnat',0,NULL,NULL,NULL,1,0,0,0,0,0,0,1),(1884,1,153,4,NULL,NULL,NULL,0,'Gnat',1,NULL,NULL,NULL,1,0,0,0,0,0,0,1),(1885,1,153,4,NULL,NULL,NULL,0,'Gnat',0,NULL,NULL,NULL,1,0,0,0,0,0,0,1),(1886,1,153,4,NULL,NULL,NULL,0,'Gnat',1,NULL,NULL,NULL,1,0,0,0,0,0,0,1),(1887,1,153,4,NULL,NULL,NULL,0,'Gnat',0,NULL,NULL,NULL,1,0,0,0,0,0,0,1),(1888,1,153,4,NULL,NULL,NULL,0,'Gnat',1,NULL,NULL,NULL,1,0,0,0,0,0,0,1),(1889,1,154,4,NULL,NULL,NULL,0,'Gnawer',0,NULL,NULL,NULL,1,0,0,0,0,0,0,1),(1890,1,154,4,NULL,NULL,NULL,0,'Spudder',0,NULL,NULL,NULL,1,0,0,0,0,0,0,1),(1891,1,154,4,NULL,NULL,NULL,0,'Spudder',1,NULL,NULL,NULL,1,0,0,0,0,0,0,1),(1892,1,154,4,NULL,NULL,NULL,0,'Gnawer',0,NULL,NULL,NULL,1,0,0,0,0,0,0,1),(1893,1,154,4,NULL,NULL,NULL,0,'Spudder',1,NULL,NULL,NULL,1,0,0,0,0,0,0,1),(1894,1,154,4,NULL,NULL,NULL,0,'Spudder',0,NULL,NULL,NULL,1,0,0,0,0,0,0,1),(1895,1,154,4,NULL,NULL,NULL,0,'Glancer',1,NULL,NULL,NULL,1,0,0,0,0,0,0,1),(1896,1,154,4,NULL,NULL,NULL,0,'Gnat',1,NULL,NULL,NULL,1,0,0,0,0,0,0,1),(1897,1,154,4,NULL,NULL,NULL,0,'Gnat',0,NULL,NULL,NULL,1,0,0,0,0,0,0,1),(1898,1,154,4,NULL,NULL,NULL,0,'Glancer',1,NULL,NULL,NULL,1,0,0,0,0,0,0,1),(1899,1,154,4,NULL,NULL,NULL,0,'Glancer',1,NULL,NULL,NULL,1,0,0,0,0,0,0,1),(1900,1,154,4,NULL,NULL,NULL,0,'Glancer',1,NULL,NULL,NULL,1,0,0,0,0,0,0,1),(1901,1,154,4,NULL,NULL,NULL,0,'Glancer',1,NULL,NULL,NULL,1,0,0,0,0,0,0,1),(1902,1,154,4,NULL,NULL,NULL,0,'Gnat',0,NULL,NULL,NULL,1,0,0,0,0,0,0,1),(1903,1,154,4,NULL,NULL,NULL,0,'Gnat',0,NULL,NULL,NULL,1,0,0,0,0,0,0,1),(1904,1,154,4,NULL,NULL,NULL,0,'Gnat',1,NULL,NULL,NULL,1,0,0,0,0,0,0,1),(1905,1,154,4,NULL,NULL,NULL,0,'Gnat',1,NULL,NULL,NULL,1,0,0,0,0,0,0,1),(1906,1,154,4,NULL,NULL,NULL,0,'Gnat',1,NULL,NULL,NULL,1,0,0,0,0,0,0,1),(1907,1,155,4,NULL,NULL,NULL,0,'Glancer',1,NULL,NULL,NULL,1,0,0,0,0,0,0,1),(1908,1,155,4,NULL,NULL,NULL,0,'Gnat',0,NULL,NULL,NULL,1,0,0,0,0,0,0,1),(1909,1,155,4,NULL,NULL,NULL,0,'Gnat',0,NULL,NULL,NULL,1,0,0,0,0,0,0,1),(1910,1,155,4,NULL,NULL,NULL,0,'Gnat',0,NULL,NULL,NULL,1,0,0,0,0,0,0,1),(1911,1,155,4,NULL,NULL,NULL,0,'Glancer',1,NULL,NULL,NULL,1,0,0,0,0,0,0,1),(1912,1,155,4,NULL,NULL,NULL,0,'Glancer',1,NULL,NULL,NULL,1,0,0,0,0,0,0,1),(1913,1,155,4,NULL,NULL,NULL,0,'Gnat',0,NULL,NULL,NULL,1,0,0,0,0,0,0,1),(1914,1,155,4,NULL,NULL,NULL,0,'Gnat',0,NULL,NULL,NULL,1,0,0,0,0,0,0,1),(1915,1,155,4,NULL,NULL,NULL,0,'Gnat',1,NULL,NULL,NULL,1,0,0,0,0,0,0,1),(1916,1,155,4,NULL,NULL,NULL,0,'Gnat',0,NULL,NULL,NULL,1,0,0,0,0,0,0,1),(1917,1,155,4,NULL,NULL,NULL,0,'Gnat',0,NULL,NULL,NULL,1,0,0,0,0,0,0,1),(1918,1,155,4,NULL,NULL,NULL,0,'Gnat',1,NULL,NULL,NULL,1,0,0,0,0,0,0,1),(1919,1,155,4,NULL,NULL,NULL,0,'Gnat',1,NULL,NULL,NULL,1,0,0,0,0,0,0,1),(1920,1,156,4,NULL,NULL,NULL,0,'Spudder',1,NULL,NULL,NULL,1,0,0,0,0,0,0,1),(1921,1,156,4,NULL,NULL,NULL,0,'Spudder',0,NULL,NULL,NULL,1,0,0,0,0,0,0,1),(1922,1,156,4,NULL,NULL,NULL,0,'Glancer',1,NULL,NULL,NULL,1,0,0,0,0,0,0,1),(1923,1,156,4,NULL,NULL,NULL,0,'Gnat',0,NULL,NULL,NULL,1,0,0,0,0,0,0,1),(1924,1,156,4,NULL,NULL,NULL,0,'Gnat',1,NULL,NULL,NULL,1,0,0,0,0,0,0,1),(1925,1,156,4,NULL,NULL,NULL,0,'Gnat',0,NULL,NULL,NULL,1,0,0,0,0,0,0,1),(1926,1,156,4,NULL,NULL,NULL,0,'Glancer',1,NULL,NULL,NULL,1,0,0,0,0,0,0,1),(1927,1,156,4,NULL,NULL,NULL,0,'Glancer',1,NULL,NULL,NULL,1,0,0,0,0,0,0,1),(1928,1,156,4,NULL,NULL,NULL,0,'Glancer',1,NULL,NULL,NULL,1,0,0,0,0,0,0,1),(1929,1,156,4,NULL,NULL,NULL,0,'Gnat',0,NULL,NULL,NULL,1,0,0,0,0,0,0,1),(1930,1,156,4,NULL,NULL,NULL,0,'Gnat',0,NULL,NULL,NULL,1,0,0,0,0,0,0,1),(1931,1,156,4,NULL,NULL,NULL,0,'Gnat',1,NULL,NULL,NULL,1,0,0,0,0,0,0,1),(1932,1,156,4,NULL,NULL,NULL,0,'Gnat',0,NULL,NULL,NULL,1,0,0,0,0,0,0,1),(1933,1,156,4,NULL,NULL,NULL,0,'Gnat',0,NULL,NULL,NULL,1,0,0,0,0,0,0,1),(1934,1,156,4,NULL,NULL,NULL,0,'Gnat',1,NULL,NULL,NULL,1,0,0,0,0,0,0,1),(1935,1,157,4,NULL,NULL,NULL,0,'Glancer',1,NULL,NULL,NULL,1,0,0,0,0,0,0,1),(1936,1,157,4,NULL,NULL,NULL,0,'Gnat',0,NULL,NULL,NULL,1,0,0,0,0,0,0,1),(1937,1,157,4,NULL,NULL,NULL,0,'Gnat',0,NULL,NULL,NULL,1,0,0,0,0,0,0,1),(1938,1,157,4,NULL,NULL,NULL,0,'Glancer',1,NULL,NULL,NULL,1,0,0,0,0,0,0,1),(1939,1,157,4,NULL,NULL,NULL,0,'Glancer',1,NULL,NULL,NULL,1,0,0,0,0,0,0,1),(1940,1,157,4,NULL,NULL,NULL,0,'Glancer',1,NULL,NULL,NULL,1,0,0,0,0,0,0,1),(1941,1,157,4,NULL,NULL,NULL,0,'Glancer',1,NULL,NULL,NULL,1,0,0,0,0,0,0,1),(1942,1,157,4,NULL,NULL,NULL,0,'Gnat',0,NULL,NULL,NULL,1,0,0,0,0,0,0,1),(1943,1,157,4,NULL,NULL,NULL,0,'Gnat',0,NULL,NULL,NULL,1,0,0,0,0,0,0,1),(1944,1,157,4,NULL,NULL,NULL,0,'Gnat',1,NULL,NULL,NULL,1,0,0,0,0,0,0,1),(1945,1,157,4,NULL,NULL,NULL,0,'Gnat',1,NULL,NULL,NULL,1,0,0,0,0,0,0,1),(1946,1,158,4,NULL,NULL,NULL,0,'Gnat',0,NULL,NULL,NULL,1,0,0,0,0,0,0,1),(1947,1,158,4,NULL,NULL,NULL,0,'Gnat',0,NULL,NULL,NULL,1,0,0,0,0,0,0,1),(1948,1,158,4,NULL,NULL,NULL,0,'Gnat',1,NULL,NULL,NULL,1,0,0,0,0,0,0,1),(1949,1,158,4,NULL,NULL,NULL,0,'Gnat',0,NULL,NULL,NULL,1,0,0,0,0,0,0,1),(1950,1,158,4,NULL,NULL,NULL,0,'Gnat',1,NULL,NULL,NULL,1,0,0,0,0,0,0,1),(1951,1,158,4,NULL,NULL,NULL,0,'Gnat',1,NULL,NULL,NULL,1,0,0,0,0,0,0,1),(1952,1,159,4,NULL,NULL,NULL,0,'Gnat',0,NULL,NULL,NULL,1,0,0,0,0,0,0,1),(1953,1,159,4,NULL,NULL,NULL,0,'Gnat',0,NULL,NULL,NULL,1,0,0,0,0,0,0,1),(1954,1,159,4,NULL,NULL,NULL,0,'Gnat',1,NULL,NULL,NULL,1,0,0,0,0,0,0,1),(1955,1,159,4,NULL,NULL,NULL,0,'Gnat',0,NULL,NULL,NULL,1,0,0,0,0,0,0,1),(1956,1,159,4,NULL,NULL,NULL,0,'Gnat',0,NULL,NULL,NULL,1,0,0,0,0,0,0,1),(1957,1,159,4,NULL,NULL,NULL,0,'Gnat',1,NULL,NULL,NULL,1,0,0,0,0,0,0,1),(1958,1,160,4,NULL,NULL,NULL,0,'Gnat',0,NULL,NULL,NULL,1,0,0,0,0,0,0,1),(1959,1,160,4,NULL,NULL,NULL,0,'Gnat',0,NULL,NULL,NULL,1,0,0,0,0,0,0,1),(1960,1,160,4,NULL,NULL,NULL,0,'Gnat',1,NULL,NULL,NULL,1,0,0,0,0,0,0,1),(1961,1,160,4,NULL,NULL,NULL,0,'Gnat',0,NULL,NULL,NULL,1,0,0,0,0,0,0,1),(1962,1,160,4,NULL,NULL,NULL,0,'Gnat',1,NULL,NULL,NULL,1,0,0,0,0,0,0,1),(1963,1,9,1,NULL,NULL,NULL,0,'Demosis',0,1,225,NULL,1,0,0,0,0,0,0,1),(1964,1,9,1,NULL,NULL,NULL,0,'Demosis',0,1,225,NULL,1,0,0,0,0,0,0,1),(1965,1,9,1,NULL,NULL,NULL,0,'Thor',0,1,225,NULL,1,0,0,0,0,0,0,1),(1966,1,9,1,NULL,NULL,NULL,0,'Thor',0,1,225,NULL,1,0,0,0,0,0,0,1),(1967,1,9,1,NULL,NULL,NULL,0,'Thor',0,1,225,NULL,1,0,0,0,0,0,0,1),(1968,1,9,1,NULL,NULL,NULL,0,'Thor',1,1,225,NULL,1,0,0,0,0,0,0,1),(1969,1,9,1,NULL,NULL,NULL,0,'Thor',1,1,225,NULL,1,0,0,0,0,0,0,1),(1970,1,9,1,NULL,NULL,NULL,0,'Thor',1,1,225,NULL,1,0,0,0,0,0,0,1),(1971,1,9,1,NULL,NULL,NULL,0,'Dirac',0,1,225,NULL,1,0,0,0,0,0,0,1),(1972,1,9,1,NULL,NULL,NULL,0,'Dirac',1,1,225,NULL,1,0,0,0,0,0,0,1),(1973,1,9,1,NULL,NULL,NULL,0,'Dirac',0,1,225,NULL,1,0,0,0,0,0,0,1),(1974,1,9,1,NULL,NULL,NULL,0,'Dirac',0,1,225,NULL,1,0,0,0,0,0,0,1),(1975,1,9,1,NULL,NULL,NULL,0,'Dirac',0,1,225,NULL,1,0,0,0,0,0,0,1),(1976,1,9,1,NULL,NULL,NULL,0,'Dirac',0,1,225,NULL,1,0,0,0,0,0,0,1),(1977,1,9,1,NULL,NULL,NULL,0,'Dirac',1,1,225,NULL,1,0,0,0,0,0,0,1),(1978,1,9,1,NULL,NULL,NULL,0,'Dirac',0,1,225,NULL,1,0,0,0,0,0,0,1),(1979,1,9,1,NULL,NULL,NULL,0,'Thor',0,2,240,NULL,1,0,0,0,0,0,0,1),(1980,1,9,1,NULL,NULL,NULL,0,'Thor',0,2,240,NULL,1,0,0,0,0,0,0,1),(1981,1,9,1,NULL,NULL,NULL,0,'Thor',1,2,240,NULL,1,0,0,0,0,0,0,1),(1982,1,9,1,NULL,NULL,NULL,0,'Thor',0,2,240,NULL,1,0,0,0,0,0,0,1),(1983,1,9,1,NULL,NULL,NULL,0,'Dirac',0,2,240,NULL,1,0,0,0,0,0,0,1),(1984,1,9,1,NULL,NULL,NULL,0,'Dirac',1,2,240,NULL,1,0,0,0,0,0,0,1),(1985,1,9,1,NULL,NULL,NULL,0,'Dirac',0,2,240,NULL,1,0,0,0,0,0,0,1),(1986,1,9,1,NULL,NULL,NULL,0,'Dirac',0,2,240,NULL,1,0,0,0,0,0,0,1),(1987,1,9,1,NULL,NULL,NULL,0,'Demosis',0,1,180,NULL,1,0,0,0,0,0,0,1),(1988,1,9,1,NULL,NULL,NULL,0,'Thor',0,1,180,NULL,1,0,0,0,0,0,0,1),(1989,1,9,1,NULL,NULL,NULL,0,'Dirac',0,1,180,NULL,1,0,0,0,0,0,0,1),(1990,1,9,1,NULL,NULL,NULL,0,'Dirac',1,1,180,NULL,1,0,0,0,0,0,0,1),(1991,1,9,1,NULL,NULL,NULL,0,'Dirac',1,1,180,NULL,1,0,0,0,0,0,0,1),(1992,1,9,1,NULL,NULL,NULL,0,'Thor',0,2,120,NULL,1,0,0,0,0,0,0,1),(1993,1,9,1,NULL,NULL,NULL,0,'Thor',1,2,120,NULL,1,0,0,0,0,0,0,1),(1994,1,9,1,NULL,NULL,NULL,0,'Thor',0,2,120,NULL,1,0,0,0,0,0,0,1),(1995,1,9,1,NULL,NULL,NULL,0,'Dirac',0,2,120,NULL,1,0,0,0,0,0,0,1),(1996,1,9,1,NULL,NULL,NULL,0,'Dirac',1,2,120,NULL,1,0,0,0,0,0,0,1),(1997,1,9,1,NULL,NULL,NULL,0,'Dirac',1,2,120,NULL,1,0,0,0,0,0,0,1),(1998,1,9,1,NULL,NULL,NULL,0,'Dirac',1,2,120,NULL,1,0,0,0,0,0,0,1),(1999,1,9,1,NULL,NULL,NULL,0,'Dirac',1,2,120,NULL,1,0,0,0,0,0,0,1),(2000,1,9,1,NULL,NULL,NULL,0,'Dirac',0,2,120,NULL,1,0,0,0,0,0,0,1),(2001,1,9,1,NULL,NULL,NULL,0,'Demosis',0,1,135,NULL,1,0,0,0,0,0,0,1),(2002,1,9,1,NULL,NULL,NULL,0,'Demosis',0,1,135,NULL,1,0,0,0,0,0,0,1),(2003,1,9,1,NULL,NULL,NULL,0,'Thor',1,1,135,NULL,1,0,0,0,0,0,0,1),(2004,1,9,1,NULL,NULL,NULL,0,'Thor',1,1,135,NULL,1,0,0,0,0,0,0,1),(2005,1,9,1,NULL,NULL,NULL,0,'Thor',0,1,135,NULL,1,0,0,0,0,0,0,1),(2006,1,9,1,NULL,NULL,NULL,0,'Dirac',0,1,135,NULL,1,0,0,0,0,0,0,1),(2007,1,9,1,NULL,NULL,NULL,0,'Dirac',0,1,135,NULL,1,0,0,0,0,0,0,1),(2008,1,9,1,NULL,NULL,NULL,0,'Dirac',1,1,135,NULL,1,0,0,0,0,0,0,1),(2009,1,9,1,NULL,NULL,NULL,0,'Dirac',0,1,135,NULL,1,0,0,0,0,0,0,1),(2010,1,9,1,NULL,NULL,NULL,0,'Dirac',0,1,135,NULL,1,0,0,0,0,0,0,1),(2011,1,9,1,NULL,NULL,NULL,0,'Dirac',0,1,135,NULL,1,0,0,0,0,0,0,1),(2012,1,9,1,NULL,NULL,NULL,0,'Thor',0,0,90,NULL,1,0,0,0,0,0,0,1),(2013,1,9,1,NULL,NULL,NULL,0,'Dirac',0,0,90,NULL,1,0,0,0,0,0,0,1),(2014,1,9,1,NULL,NULL,NULL,0,'Dirac',1,0,90,NULL,1,0,0,0,0,0,0,1),(2015,1,9,1,NULL,NULL,NULL,0,'Dirac',0,0,90,NULL,1,0,0,0,0,0,0,1),(2016,1,71,2,NULL,NULL,NULL,0,'Gnawer',0,NULL,NULL,NULL,1,0,0,0,0,0,0,1),(2017,1,71,2,NULL,NULL,NULL,0,'Spudder',1,NULL,NULL,NULL,1,0,0,0,0,0,0,1),(2018,1,71,2,NULL,NULL,NULL,0,'Spudder',1,NULL,NULL,NULL,1,0,0,0,0,0,0,1),(2019,1,71,2,NULL,NULL,NULL,0,'Spudder',0,NULL,NULL,NULL,1,0,0,0,0,0,0,1),(2020,1,71,2,NULL,NULL,NULL,0,'Spudder',0,NULL,NULL,NULL,1,0,0,0,0,0,0,1),(2021,1,71,2,NULL,NULL,NULL,0,'Glancer',1,NULL,NULL,NULL,1,0,0,0,0,0,0,1),(2022,1,71,2,NULL,NULL,NULL,0,'Glancer',1,NULL,NULL,NULL,1,0,0,0,0,0,0,1),(2023,1,71,2,NULL,NULL,NULL,0,'Glancer',1,NULL,NULL,NULL,1,0,0,0,0,0,0,1),(2024,1,71,2,NULL,NULL,NULL,0,'Glancer',1,NULL,NULL,NULL,1,0,0,0,0,0,0,1),(2025,1,71,2,NULL,NULL,NULL,0,'Glancer',1,NULL,NULL,NULL,1,0,0,0,0,0,0,1),(2026,1,71,2,NULL,NULL,NULL,0,'Gnat',0,NULL,NULL,NULL,1,0,0,0,0,0,0,1),(2027,1,71,2,NULL,NULL,NULL,0,'Gnat',1,NULL,NULL,NULL,1,0,0,0,0,0,0,1),(2028,1,71,2,NULL,NULL,NULL,0,'Gnat',1,NULL,NULL,NULL,1,0,0,0,0,0,0,1),(2029,1,71,2,NULL,NULL,NULL,0,'Gnat',1,NULL,NULL,NULL,1,0,0,0,0,0,0,1),(2030,1,71,2,NULL,NULL,NULL,0,'Gnat',0,NULL,NULL,NULL,1,0,0,0,0,0,0,1),(2031,1,71,2,NULL,NULL,NULL,0,'Gnat',1,NULL,NULL,NULL,1,0,0,0,0,0,0,1),(2032,1,71,2,NULL,NULL,NULL,0,'Gnat',1,NULL,NULL,NULL,1,0,0,0,0,0,0,1),(2033,1,9,1,NULL,NULL,NULL,0,'Demosis',0,1,270,NULL,1,0,0,0,0,0,0,1),(2034,1,9,1,NULL,NULL,NULL,0,'Thor',1,1,270,NULL,1,0,0,0,0,0,0,1),(2035,1,9,1,NULL,NULL,NULL,0,'Thor',0,1,270,NULL,1,0,0,0,0,0,0,1),(2036,1,9,1,NULL,NULL,NULL,0,'Thor',1,1,270,NULL,1,0,0,0,0,0,0,1),(2037,1,9,1,NULL,NULL,NULL,0,'Thor',0,1,270,NULL,1,0,0,0,0,0,0,1),(2038,1,9,1,NULL,NULL,NULL,0,'Dirac',0,1,270,NULL,1,0,0,0,0,0,0,1),(2039,1,9,1,NULL,NULL,NULL,0,'Dirac',1,1,270,NULL,1,0,0,0,0,0,0,1),(2040,1,9,1,NULL,NULL,NULL,0,'Dirac',0,1,270,NULL,1,0,0,0,0,0,0,1),(2041,1,9,1,NULL,NULL,NULL,0,'Dirac',0,1,270,NULL,1,0,0,0,0,0,0,1),(2042,1,9,1,NULL,NULL,NULL,0,'Dirac',0,1,270,NULL,1,0,0,0,0,0,0,1),(2043,1,9,1,NULL,NULL,NULL,0,'Dirac',1,1,270,NULL,1,0,0,0,0,0,0,1),(2044,1,161,4,NULL,NULL,NULL,0,'Glancer',1,NULL,NULL,NULL,1,0,0,0,0,0,0,1),(2045,1,161,4,NULL,NULL,NULL,0,'Gnat',0,NULL,NULL,NULL,1,0,0,0,0,0,0,1),(2046,1,161,4,NULL,NULL,NULL,0,'Gnat',0,NULL,NULL,NULL,1,0,0,0,0,0,0,1),(2047,1,161,4,NULL,NULL,NULL,0,'Gnat',1,NULL,NULL,NULL,1,0,0,0,0,0,0,1),(2048,1,162,4,NULL,NULL,NULL,0,'Glancer',1,NULL,NULL,NULL,1,0,0,0,0,0,0,1),(2049,1,162,4,NULL,NULL,NULL,0,'Gnat',0,NULL,NULL,NULL,1,0,0,0,0,0,0,1),(2050,1,162,4,NULL,NULL,NULL,0,'Gnat',0,NULL,NULL,NULL,1,0,0,0,0,0,0,1),(2051,1,162,4,NULL,NULL,NULL,0,'Gnat',1,NULL,NULL,NULL,1,0,0,0,0,0,0,1),(2052,1,163,4,NULL,NULL,NULL,0,'Glancer',1,NULL,NULL,NULL,1,0,0,0,0,0,0,1),(2053,1,163,4,NULL,NULL,NULL,0,'Gnat',0,NULL,NULL,NULL,1,0,0,0,0,0,0,1),(2054,1,163,4,NULL,NULL,NULL,0,'Gnat',0,NULL,NULL,NULL,1,0,0,0,0,0,0,1),(2055,1,163,4,NULL,NULL,NULL,0,'Gnat',1,NULL,NULL,NULL,1,0,0,0,0,0,0,1),(2056,1,163,4,NULL,NULL,NULL,0,'Gnat',0,NULL,NULL,NULL,1,0,0,0,0,0,0,1),(2057,1,164,4,NULL,NULL,NULL,0,'Glancer',1,NULL,NULL,NULL,1,0,0,0,0,0,0,1),(2058,1,164,4,NULL,NULL,NULL,0,'Glancer',1,NULL,NULL,NULL,1,0,0,0,0,0,0,1),(2059,1,164,4,NULL,NULL,NULL,0,'Gnat',0,NULL,NULL,NULL,1,0,0,0,0,0,0,1),(2060,1,164,4,NULL,NULL,NULL,0,'Gnat',0,NULL,NULL,NULL,1,0,0,0,0,0,0,1),(2061,1,164,4,NULL,NULL,NULL,0,'Gnat',1,NULL,NULL,NULL,1,0,0,0,0,0,0,1),(2062,1,164,4,NULL,NULL,NULL,0,'Gnat',1,NULL,NULL,NULL,1,0,0,0,0,0,0,1),(2063,1,165,4,NULL,NULL,NULL,0,'Glancer',1,NULL,NULL,NULL,1,0,0,0,0,0,0,1),(2064,1,165,4,NULL,NULL,NULL,0,'Glancer',1,NULL,NULL,NULL,1,0,0,0,0,0,0,1),(2065,1,165,4,NULL,NULL,NULL,0,'Glancer',1,NULL,NULL,NULL,1,0,0,0,0,0,0,1),(2066,1,165,4,NULL,NULL,NULL,0,'Gnat',0,NULL,NULL,NULL,1,0,0,0,0,0,0,1),(2067,1,165,4,NULL,NULL,NULL,0,'Gnat',0,NULL,NULL,NULL,1,0,0,0,0,0,0,1),(2068,1,165,4,NULL,NULL,NULL,0,'Gnat',1,NULL,NULL,NULL,1,0,0,0,0,0,0,1),(2069,1,165,4,NULL,NULL,NULL,0,'Gnat',0,NULL,NULL,NULL,1,0,0,0,0,0,0,1),(2070,1,165,4,NULL,NULL,NULL,0,'Gnat',1,NULL,NULL,NULL,1,0,0,0,0,0,0,1),(2071,1,165,4,NULL,NULL,NULL,0,'Gnat',1,NULL,NULL,NULL,1,0,0,0,0,0,0,1),(2072,1,166,4,NULL,NULL,NULL,0,'Gnawer',0,NULL,NULL,NULL,1,0,0,0,0,0,0,1),(2073,1,166,4,NULL,NULL,NULL,0,'Gnawer',0,NULL,NULL,NULL,1,0,0,0,0,0,0,1),(2074,1,166,4,NULL,NULL,NULL,0,'Spudder',0,NULL,NULL,NULL,1,0,0,0,0,0,0,1),(2075,1,166,4,NULL,NULL,NULL,0,'Spudder',1,NULL,NULL,NULL,1,0,0,0,0,0,0,1),(2076,1,166,4,NULL,NULL,NULL,0,'Spudder',1,NULL,NULL,NULL,1,0,0,0,0,0,0,1),(2077,1,166,4,NULL,NULL,NULL,0,'Spudder',0,NULL,NULL,NULL,1,0,0,0,0,0,0,1),(2078,1,166,4,NULL,NULL,NULL,0,'Glancer',1,NULL,NULL,NULL,1,0,0,0,0,0,0,1),(2079,1,166,4,NULL,NULL,NULL,0,'Gnat',1,NULL,NULL,NULL,1,0,0,0,0,0,0,1),(2080,1,166,4,NULL,NULL,NULL,0,'Gnat',0,NULL,NULL,NULL,1,0,0,0,0,0,0,1),(2081,1,166,4,NULL,NULL,NULL,0,'Gnat',0,NULL,NULL,NULL,1,0,0,0,0,0,0,1),(2082,1,166,4,NULL,NULL,NULL,0,'Glancer',1,NULL,NULL,NULL,1,0,0,0,0,0,0,1),(2083,1,166,4,NULL,NULL,NULL,0,'Glancer',1,NULL,NULL,NULL,1,0,0,0,0,0,0,1),(2084,1,166,4,NULL,NULL,NULL,0,'Glancer',1,NULL,NULL,NULL,1,0,0,0,0,0,0,1),(2085,1,166,4,NULL,NULL,NULL,0,'Gnat',0,NULL,NULL,NULL,1,0,0,0,0,0,0,1),(2086,1,166,4,NULL,NULL,NULL,0,'Gnat',0,NULL,NULL,NULL,1,0,0,0,0,0,0,1),(2087,1,166,4,NULL,NULL,NULL,0,'Gnat',1,NULL,NULL,NULL,1,0,0,0,0,0,0,1),(2088,1,166,4,NULL,NULL,NULL,0,'Gnat',0,NULL,NULL,NULL,1,0,0,0,0,0,0,1),(2089,1,166,4,NULL,NULL,NULL,0,'Gnat',0,NULL,NULL,NULL,1,0,0,0,0,0,0,1),(2090,1,166,4,NULL,NULL,NULL,0,'Gnat',1,NULL,NULL,NULL,1,0,0,0,0,0,0,1),(2091,1,166,4,NULL,NULL,NULL,0,'Gnat',0,NULL,NULL,NULL,1,0,0,0,0,0,0,1),(2092,1,167,4,NULL,NULL,NULL,0,'Spudder',0,NULL,NULL,NULL,1,0,0,0,0,0,0,1),(2093,1,167,4,NULL,NULL,NULL,0,'Glancer',1,NULL,NULL,NULL,1,0,0,0,0,0,0,1),(2094,1,167,4,NULL,NULL,NULL,0,'Gnat',0,NULL,NULL,NULL,1,0,0,0,0,0,0,1),(2095,1,167,4,NULL,NULL,NULL,0,'Gnat',0,NULL,NULL,NULL,1,0,0,0,0,0,0,1),(2096,1,167,4,NULL,NULL,NULL,0,'Glancer',1,NULL,NULL,NULL,1,0,0,0,0,0,0,1),(2097,1,167,4,NULL,NULL,NULL,0,'Glancer',1,NULL,NULL,NULL,1,0,0,0,0,0,0,1),(2098,1,167,4,NULL,NULL,NULL,0,'Glancer',1,NULL,NULL,NULL,1,0,0,0,0,0,0,1),(2099,1,167,4,NULL,NULL,NULL,0,'Glancer',1,NULL,NULL,NULL,1,0,0,0,0,0,0,1),(2100,1,167,4,NULL,NULL,NULL,0,'Gnat',0,NULL,NULL,NULL,1,0,0,0,0,0,0,1),(2101,1,167,4,NULL,NULL,NULL,0,'Gnat',0,NULL,NULL,NULL,1,0,0,0,0,0,0,1),(2102,1,167,4,NULL,NULL,NULL,0,'Gnat',1,NULL,NULL,NULL,1,0,0,0,0,0,0,1),(2103,1,167,4,NULL,NULL,NULL,0,'Gnat',0,NULL,NULL,NULL,1,0,0,0,0,0,0,1),(2104,1,167,4,NULL,NULL,NULL,0,'Gnat',1,NULL,NULL,NULL,1,0,0,0,0,0,0,1),(2105,1,168,4,NULL,NULL,NULL,0,'Spudder',0,NULL,NULL,NULL,1,0,0,0,0,0,0,1),(2106,1,168,4,NULL,NULL,NULL,0,'Glancer',1,NULL,NULL,NULL,1,0,0,0,0,0,0,1),(2107,1,168,4,NULL,NULL,NULL,0,'Gnat',0,NULL,NULL,NULL,1,0,0,0,0,0,0,1),(2108,1,168,4,NULL,NULL,NULL,0,'Gnat',0,NULL,NULL,NULL,1,0,0,0,0,0,0,1),(2109,1,168,4,NULL,NULL,NULL,0,'Glancer',1,NULL,NULL,NULL,1,0,0,0,0,0,0,1),(2110,1,168,4,NULL,NULL,NULL,0,'Glancer',1,NULL,NULL,NULL,1,0,0,0,0,0,0,1),(2111,1,168,4,NULL,NULL,NULL,0,'Glancer',1,NULL,NULL,NULL,1,0,0,0,0,0,0,1),(2112,1,168,4,NULL,NULL,NULL,0,'Gnat',0,NULL,NULL,NULL,1,0,0,0,0,0,0,1),(2113,1,168,4,NULL,NULL,NULL,0,'Gnat',0,NULL,NULL,NULL,1,0,0,0,0,0,0,1),(2114,1,168,4,NULL,NULL,NULL,0,'Gnat',1,NULL,NULL,NULL,1,0,0,0,0,0,0,1),(2115,1,168,4,NULL,NULL,NULL,0,'Gnat',0,NULL,NULL,NULL,1,0,0,0,0,0,0,1),(2116,1,168,4,NULL,NULL,NULL,0,'Gnat',1,NULL,NULL,NULL,1,0,0,0,0,0,0,1),(2117,1,168,4,NULL,NULL,NULL,0,'Gnat',0,NULL,NULL,NULL,1,0,0,0,0,0,0,1),(2118,1,169,4,NULL,NULL,NULL,0,'Spudder',0,NULL,NULL,NULL,1,0,0,0,0,0,0,1),(2119,1,169,4,NULL,NULL,NULL,0,'Glancer',1,NULL,NULL,NULL,1,0,0,0,0,0,0,1),(2120,1,169,4,NULL,NULL,NULL,0,'Gnat',0,NULL,NULL,NULL,1,0,0,0,0,0,0,1),(2121,1,169,4,NULL,NULL,NULL,0,'Glancer',1,NULL,NULL,NULL,1,0,0,0,0,0,0,1),(2122,1,169,4,NULL,NULL,NULL,0,'Glancer',1,NULL,NULL,NULL,1,0,0,0,0,0,0,1),(2123,1,169,4,NULL,NULL,NULL,0,'Glancer',1,NULL,NULL,NULL,1,0,0,0,0,0,0,1),(2124,1,169,4,NULL,NULL,NULL,0,'Gnat',0,NULL,NULL,NULL,1,0,0,0,0,0,0,1),(2125,1,169,4,NULL,NULL,NULL,0,'Gnat',0,NULL,NULL,NULL,1,0,0,0,0,0,0,1),(2126,1,169,4,NULL,NULL,NULL,0,'Gnat',1,NULL,NULL,NULL,1,0,0,0,0,0,0,1),(2127,1,169,4,NULL,NULL,NULL,0,'Gnat',0,NULL,NULL,NULL,1,0,0,0,0,0,0,1),(2128,1,170,4,NULL,NULL,NULL,0,'Gnawer',0,NULL,NULL,NULL,1,0,0,0,0,0,0,1),(2129,1,170,4,NULL,NULL,NULL,0,'Gnawer',0,NULL,NULL,NULL,1,0,0,0,0,0,0,1),(2130,1,170,4,NULL,NULL,NULL,0,'Gnawer',0,NULL,NULL,NULL,1,0,0,0,0,0,0,1),(2131,1,170,4,NULL,NULL,NULL,0,'Spudder',0,NULL,NULL,NULL,1,0,0,0,0,0,0,1),(2132,1,170,4,NULL,NULL,NULL,0,'Spudder',0,NULL,NULL,NULL,1,0,0,0,0,0,0,1),(2133,1,170,4,NULL,NULL,NULL,0,'Glancer',1,NULL,NULL,NULL,1,0,0,0,0,0,0,1),(2134,1,170,4,NULL,NULL,NULL,0,'Gnat',0,NULL,NULL,NULL,1,0,0,0,0,0,0,1),(2135,1,170,4,NULL,NULL,NULL,0,'Gnat',0,NULL,NULL,NULL,1,0,0,0,0,0,0,1),(2136,1,170,4,NULL,NULL,NULL,0,'Glancer',1,NULL,NULL,NULL,1,0,0,0,0,0,0,1),(2137,1,170,4,NULL,NULL,NULL,0,'Glancer',1,NULL,NULL,NULL,1,0,0,0,0,0,0,1),(2138,1,170,4,NULL,NULL,NULL,0,'Glancer',1,NULL,NULL,NULL,1,0,0,0,0,0,0,1),(2139,1,170,4,NULL,NULL,NULL,0,'Gnat',0,NULL,NULL,NULL,1,0,0,0,0,0,0,1),(2140,1,170,4,NULL,NULL,NULL,0,'Gnat',0,NULL,NULL,NULL,1,0,0,0,0,0,0,1),(2141,1,170,4,NULL,NULL,NULL,0,'Gnat',1,NULL,NULL,NULL,1,0,0,0,0,0,0,1),(2142,1,170,4,NULL,NULL,NULL,0,'Gnat',0,NULL,NULL,NULL,1,0,0,0,0,0,0,1),(2143,1,170,4,NULL,NULL,NULL,0,'Gnat',1,NULL,NULL,NULL,1,0,0,0,0,0,0,1),(2144,1,171,4,NULL,NULL,NULL,0,'Gnawer',0,NULL,NULL,NULL,1,0,0,0,0,0,0,1),(2145,1,171,4,NULL,NULL,NULL,0,'Gnawer',0,NULL,NULL,NULL,1,0,0,0,0,0,0,1),(2146,1,171,4,NULL,NULL,NULL,0,'Gnawer',0,NULL,NULL,NULL,1,0,0,0,0,0,0,1),(2147,1,171,4,NULL,NULL,NULL,0,'Gnawer',0,NULL,NULL,NULL,1,0,0,0,0,0,0,1),(2148,1,171,4,NULL,NULL,NULL,0,'Spudder',0,NULL,NULL,NULL,1,0,0,0,0,0,0,1),(2149,1,171,4,NULL,NULL,NULL,0,'Spudder',1,NULL,NULL,NULL,1,0,0,0,0,0,0,1),(2150,1,171,4,NULL,NULL,NULL,0,'Spudder',0,NULL,NULL,NULL,1,0,0,0,0,0,0,1),(2151,1,171,4,NULL,NULL,NULL,0,'Spudder',1,NULL,NULL,NULL,1,0,0,0,0,0,0,1),(2152,1,171,4,NULL,NULL,NULL,0,'Spudder',0,NULL,NULL,NULL,1,0,0,0,0,0,0,1),(2153,1,171,4,NULL,NULL,NULL,0,'Glancer',1,NULL,NULL,NULL,1,0,0,0,0,0,0,1),(2154,1,171,4,NULL,NULL,NULL,0,'Gnat',0,NULL,NULL,NULL,1,0,0,0,0,0,0,1),(2155,1,171,4,NULL,NULL,NULL,0,'Gnat',0,NULL,NULL,NULL,1,0,0,0,0,0,0,1),(2156,1,171,4,NULL,NULL,NULL,0,'Glancer',1,NULL,NULL,NULL,1,0,0,0,0,0,0,1),(2157,1,171,4,NULL,NULL,NULL,0,'Glancer',1,NULL,NULL,NULL,1,0,0,0,0,0,0,1),(2158,1,171,4,NULL,NULL,NULL,0,'Glancer',1,NULL,NULL,NULL,1,0,0,0,0,0,0,1),(2159,1,171,4,NULL,NULL,NULL,0,'Gnat',0,NULL,NULL,NULL,1,0,0,0,0,0,0,1),(2160,1,171,4,NULL,NULL,NULL,0,'Gnat',0,NULL,NULL,NULL,1,0,0,0,0,0,0,1),(2161,1,171,4,NULL,NULL,NULL,0,'Gnat',1,NULL,NULL,NULL,1,0,0,0,0,0,0,1),(2162,1,171,4,NULL,NULL,NULL,0,'Gnat',0,NULL,NULL,NULL,1,0,0,0,0,0,0,1),(2163,1,172,4,NULL,NULL,NULL,0,'Gnawer',0,NULL,NULL,NULL,1,0,0,0,0,0,0,1),(2164,1,172,4,NULL,NULL,NULL,0,'Spudder',1,NULL,NULL,NULL,1,0,0,0,0,0,0,1),(2165,1,172,4,NULL,NULL,NULL,0,'Spudder',0,NULL,NULL,NULL,1,0,0,0,0,0,0,1),(2166,1,172,4,NULL,NULL,NULL,0,'Spudder',1,NULL,NULL,NULL,1,0,0,0,0,0,0,1),(2167,1,172,4,NULL,NULL,NULL,0,'Spudder',0,NULL,NULL,NULL,1,0,0,0,0,0,0,1),(2168,1,172,4,NULL,NULL,NULL,0,'Glancer',1,NULL,NULL,NULL,1,0,0,0,0,0,0,1),(2169,1,172,4,NULL,NULL,NULL,0,'Gnat',0,NULL,NULL,NULL,1,0,0,0,0,0,0,1),(2170,1,172,4,NULL,NULL,NULL,0,'Glancer',1,NULL,NULL,NULL,1,0,0,0,0,0,0,1),(2171,1,172,4,NULL,NULL,NULL,0,'Glancer',1,NULL,NULL,NULL,1,0,0,0,0,0,0,1),(2172,1,172,4,NULL,NULL,NULL,0,'Glancer',1,NULL,NULL,NULL,1,0,0,0,0,0,0,1),(2173,1,172,4,NULL,NULL,NULL,0,'Glancer',1,NULL,NULL,NULL,1,0,0,0,0,0,0,1),(2174,1,172,4,NULL,NULL,NULL,0,'Gnat',0,NULL,NULL,NULL,1,0,0,0,0,0,0,1),(2175,1,172,4,NULL,NULL,NULL,0,'Gnat',0,NULL,NULL,NULL,1,0,0,0,0,0,0,1),(2176,1,172,4,NULL,NULL,NULL,0,'Gnat',1,NULL,NULL,NULL,1,0,0,0,0,0,0,1),(2177,1,172,4,NULL,NULL,NULL,0,'Gnat',0,NULL,NULL,NULL,1,0,0,0,0,0,0,1),(2178,1,172,4,NULL,NULL,NULL,0,'Gnat',0,NULL,NULL,NULL,1,0,0,0,0,0,0,1),(2179,1,173,4,NULL,NULL,NULL,0,'Gnawer',0,NULL,NULL,NULL,1,0,0,0,0,0,0,1),(2180,1,173,4,NULL,NULL,NULL,0,'Spudder',0,NULL,NULL,NULL,1,0,0,0,0,0,0,1),(2181,1,173,4,NULL,NULL,NULL,0,'Spudder',0,NULL,NULL,NULL,1,0,0,0,0,0,0,1),(2182,1,173,4,NULL,NULL,NULL,0,'Glancer',1,NULL,NULL,NULL,1,0,0,0,0,0,0,1),(2183,1,173,4,NULL,NULL,NULL,0,'Gnat',0,NULL,NULL,NULL,1,0,0,0,0,0,0,1),(2184,1,173,4,NULL,NULL,NULL,0,'Gnat',0,NULL,NULL,NULL,1,0,0,0,0,0,0,1),(2185,1,173,4,NULL,NULL,NULL,0,'Gnat',0,NULL,NULL,NULL,1,0,0,0,0,0,0,1),(2186,1,173,4,NULL,NULL,NULL,0,'Glancer',1,NULL,NULL,NULL,1,0,0,0,0,0,0,1),(2187,1,173,4,NULL,NULL,NULL,0,'Glancer',1,NULL,NULL,NULL,1,0,0,0,0,0,0,1),(2188,1,173,4,NULL,NULL,NULL,0,'Glancer',1,NULL,NULL,NULL,1,0,0,0,0,0,0,1),(2189,1,173,4,NULL,NULL,NULL,0,'Glancer',1,NULL,NULL,NULL,1,0,0,0,0,0,0,1),(2190,1,173,4,NULL,NULL,NULL,0,'Gnat',0,NULL,NULL,NULL,1,0,0,0,0,0,0,1),(2191,1,173,4,NULL,NULL,NULL,0,'Gnat',0,NULL,NULL,NULL,1,0,0,0,0,0,0,1),(2192,1,173,4,NULL,NULL,NULL,0,'Gnat',1,NULL,NULL,NULL,1,0,0,0,0,0,0,1),(2193,1,174,4,NULL,NULL,NULL,0,'Glancer',1,NULL,NULL,NULL,1,0,0,0,0,0,0,1),(2194,1,174,4,NULL,NULL,NULL,0,'Gnat',0,NULL,NULL,NULL,1,0,0,0,0,0,0,1),(2195,1,174,4,NULL,NULL,NULL,0,'Gnat',0,NULL,NULL,NULL,1,0,0,0,0,0,0,1),(2196,1,174,4,NULL,NULL,NULL,0,'Glancer',1,NULL,NULL,NULL,1,0,0,0,0,0,0,1),(2197,1,174,4,NULL,NULL,NULL,0,'Glancer',1,NULL,NULL,NULL,1,0,0,0,0,0,0,1),(2198,1,174,4,NULL,NULL,NULL,0,'Gnat',0,NULL,NULL,NULL,1,0,0,0,0,0,0,1),(2199,1,174,4,NULL,NULL,NULL,0,'Gnat',0,NULL,NULL,NULL,1,0,0,0,0,0,0,1),(2200,1,174,4,NULL,NULL,NULL,0,'Gnat',1,NULL,NULL,NULL,1,0,0,0,0,0,0,1),(2201,1,174,4,NULL,NULL,NULL,0,'Gnat',0,NULL,NULL,NULL,1,0,0,0,0,0,0,1),(2202,1,174,4,NULL,NULL,NULL,0,'Gnat',1,NULL,NULL,NULL,1,0,0,0,0,0,0,1),(2203,1,175,4,NULL,NULL,NULL,0,'Spudder',0,NULL,NULL,NULL,1,0,0,0,0,0,0,1),(2204,1,175,4,NULL,NULL,NULL,0,'Glancer',1,NULL,NULL,NULL,1,0,0,0,0,0,0,1),(2205,1,175,4,NULL,NULL,NULL,0,'Gnat',0,NULL,NULL,NULL,1,0,0,0,0,0,0,1),(2206,1,175,4,NULL,NULL,NULL,0,'Glancer',1,NULL,NULL,NULL,1,0,0,0,0,0,0,1),(2207,1,175,4,NULL,NULL,NULL,0,'Glancer',1,NULL,NULL,NULL,1,0,0,0,0,0,0,1),(2208,1,175,4,NULL,NULL,NULL,0,'Glancer',1,NULL,NULL,NULL,1,0,0,0,0,0,0,1),(2209,1,175,4,NULL,NULL,NULL,0,'Glancer',1,NULL,NULL,NULL,1,0,0,0,0,0,0,1),(2210,1,175,4,NULL,NULL,NULL,0,'Glancer',1,NULL,NULL,NULL,1,0,0,0,0,0,0,1),(2211,1,175,4,NULL,NULL,NULL,0,'Gnat',0,NULL,NULL,NULL,1,0,0,0,0,0,0,1),(2212,1,175,4,NULL,NULL,NULL,0,'Gnat',0,NULL,NULL,NULL,1,0,0,0,0,0,0,1),(2213,1,175,4,NULL,NULL,NULL,0,'Gnat',1,NULL,NULL,NULL,1,0,0,0,0,0,0,1),(2214,1,175,4,NULL,NULL,NULL,0,'Gnat',0,NULL,NULL,NULL,1,0,0,0,0,0,0,1),(2215,1,175,4,NULL,NULL,NULL,0,'Gnat',0,NULL,NULL,NULL,1,0,0,0,0,0,0,1),(2216,1,175,4,NULL,NULL,NULL,0,'Gnat',1,NULL,NULL,NULL,1,0,0,0,0,0,0,1),(2217,1,175,4,NULL,NULL,NULL,0,'Gnat',1,NULL,NULL,NULL,1,0,0,0,0,0,0,1),(2218,1,176,4,NULL,NULL,NULL,0,'Gnat',1,NULL,NULL,NULL,1,0,0,0,0,0,0,1),(2219,1,176,4,NULL,NULL,NULL,0,'Gnat',0,NULL,NULL,NULL,1,0,0,0,0,0,0,1),(2220,1,176,4,NULL,NULL,NULL,0,'Gnat',0,NULL,NULL,NULL,1,0,0,0,0,0,0,1),(2221,1,176,4,NULL,NULL,NULL,0,'Glancer',1,NULL,NULL,NULL,1,0,0,0,0,0,0,1),(2222,1,176,4,NULL,NULL,NULL,0,'Glancer',1,NULL,NULL,NULL,1,0,0,0,0,0,0,1),(2223,1,176,4,NULL,NULL,NULL,0,'Glancer',1,NULL,NULL,NULL,1,0,0,0,0,0,0,1),(2224,1,176,4,NULL,NULL,NULL,0,'Gnat',0,NULL,NULL,NULL,1,0,0,0,0,0,0,1),(2225,1,176,4,NULL,NULL,NULL,0,'Gnat',0,NULL,NULL,NULL,1,0,0,0,0,0,0,1),(2226,1,176,4,NULL,NULL,NULL,0,'Gnat',1,NULL,NULL,NULL,1,0,0,0,0,0,0,1),(2227,1,176,4,NULL,NULL,NULL,0,'Gnat',0,NULL,NULL,NULL,1,0,0,0,0,0,0,1),(2228,1,176,4,NULL,NULL,NULL,0,'Gnat',1,NULL,NULL,NULL,1,0,0,0,0,0,0,1),(2229,1,176,4,NULL,NULL,NULL,0,'Gnat',1,NULL,NULL,NULL,1,0,0,0,0,0,0,1),(2230,1,177,4,NULL,NULL,NULL,0,'Gnat',0,NULL,NULL,NULL,1,0,0,0,0,0,0,1),(2231,1,177,4,NULL,NULL,NULL,0,'Gnat',0,NULL,NULL,NULL,1,0,0,0,0,0,0,1),(2232,1,177,4,NULL,NULL,NULL,0,'Gnat',1,NULL,NULL,NULL,1,0,0,0,0,0,0,1),(2233,1,177,4,NULL,NULL,NULL,0,'Gnat',0,NULL,NULL,NULL,1,0,0,0,0,0,0,1),(2234,1,177,4,NULL,NULL,NULL,0,'Gnat',1,NULL,NULL,NULL,1,0,0,0,0,0,0,1),(2235,1,178,4,NULL,NULL,NULL,0,'Gnat',0,NULL,NULL,NULL,1,0,0,0,0,0,0,1),(2236,1,178,4,NULL,NULL,NULL,0,'Gnat',0,NULL,NULL,NULL,1,0,0,0,0,0,0,1),(2237,1,178,4,NULL,NULL,NULL,0,'Gnat',1,NULL,NULL,NULL,1,0,0,0,0,0,0,1),(2238,1,178,4,NULL,NULL,NULL,0,'Gnat',0,NULL,NULL,NULL,1,0,0,0,0,0,0,1),(2239,1,178,4,NULL,NULL,NULL,0,'Gnat',0,NULL,NULL,NULL,1,0,0,0,0,0,0,1),(2240,1,178,4,NULL,NULL,NULL,0,'Gnat',1,NULL,NULL,NULL,1,0,0,0,0,0,0,1),(2241,1,178,4,NULL,NULL,NULL,0,'Gnat',1,NULL,NULL,NULL,1,0,0,0,0,0,0,1),(2242,1,179,4,NULL,NULL,NULL,0,'Gnat',0,NULL,NULL,NULL,1,0,0,0,0,0,0,1),(2243,1,179,4,NULL,NULL,NULL,0,'Gnat',0,NULL,NULL,NULL,1,0,0,0,0,0,0,1),(2244,1,179,4,NULL,NULL,NULL,0,'Gnat',1,NULL,NULL,NULL,1,0,0,0,0,0,0,1),(2245,1,179,4,NULL,NULL,NULL,0,'Gnat',0,NULL,NULL,NULL,1,0,0,0,0,0,0,1),(2246,1,179,4,NULL,NULL,NULL,0,'Gnat',0,NULL,NULL,NULL,1,0,0,0,0,0,0,1),(2247,1,9,1,NULL,NULL,NULL,0,'Demosis',0,2,0,NULL,1,0,0,0,0,0,0,1),(2248,1,9,1,NULL,NULL,NULL,0,'Thor',1,2,0,NULL,1,0,0,0,0,0,0,1),(2249,1,9,1,NULL,NULL,NULL,0,'Thor',0,2,0,NULL,1,0,0,0,0,0,0,1),(2250,1,9,1,NULL,NULL,NULL,0,'Dirac',1,2,0,NULL,1,0,0,0,0,0,0,1),(2251,1,9,1,NULL,NULL,NULL,0,'Dirac',0,2,0,NULL,1,0,0,0,0,0,0,1),(2252,1,9,1,NULL,NULL,NULL,0,'Demosis',0,2,300,NULL,1,0,0,0,0,0,0,1),(2253,1,9,1,NULL,NULL,NULL,0,'Thor',1,2,300,NULL,1,0,0,0,0,0,0,1),(2254,1,9,1,NULL,NULL,NULL,0,'Thor',0,2,300,NULL,1,0,0,0,0,0,0,1),(2255,1,9,1,NULL,NULL,NULL,0,'Thor',0,2,300,NULL,1,0,0,0,0,0,0,1),(2256,1,9,1,NULL,NULL,NULL,0,'Thor',0,2,300,NULL,1,0,0,0,0,0,0,1),(2257,1,9,1,NULL,NULL,NULL,0,'Dirac',0,2,300,NULL,1,0,0,0,0,0,0,1),(2258,1,9,1,NULL,NULL,NULL,0,'Dirac',0,2,300,NULL,1,0,0,0,0,0,0,1),(2259,1,9,1,NULL,NULL,NULL,0,'Dirac',0,2,300,NULL,1,0,0,0,0,0,0,1),(2260,1,9,1,NULL,NULL,NULL,0,'Dirac',1,2,300,NULL,1,0,0,0,0,0,0,1),(2261,1,9,1,NULL,NULL,NULL,0,'Dirac',0,2,300,NULL,1,0,0,0,0,0,0,1),(2262,1,9,1,NULL,NULL,NULL,0,'Demosis',0,0,0,NULL,1,0,0,0,0,0,0,1),(2263,1,9,1,NULL,NULL,NULL,0,'Demosis',0,0,0,NULL,1,0,0,0,0,0,0,1),(2264,1,9,1,NULL,NULL,NULL,0,'Thor',0,0,0,NULL,1,0,0,0,0,0,0,1),(2265,1,9,1,NULL,NULL,NULL,0,'Thor',1,0,0,NULL,1,0,0,0,0,0,0,1),(2266,1,9,1,NULL,NULL,NULL,0,'Thor',0,0,0,NULL,1,0,0,0,0,0,0,1),(2267,1,9,1,NULL,NULL,NULL,0,'Thor',1,0,0,NULL,1,0,0,0,0,0,0,1),(2268,1,9,1,NULL,NULL,NULL,0,'Dirac',0,0,0,NULL,1,0,0,0,0,0,0,1),(2269,1,9,1,NULL,NULL,NULL,0,'Dirac',0,0,0,NULL,1,0,0,0,0,0,0,1),(2270,1,9,1,NULL,NULL,NULL,0,'Dirac',0,0,0,NULL,1,0,0,0,0,0,0,1),(2271,1,9,1,NULL,NULL,NULL,0,'Dirac',0,0,0,NULL,1,0,0,0,0,0,0,1),(2272,1,75,2,NULL,NULL,NULL,0,'Gnawer',0,NULL,NULL,NULL,1,0,0,0,0,0,0,1),(2273,1,75,2,NULL,NULL,NULL,0,'Gnawer',0,NULL,NULL,NULL,1,0,0,0,0,0,0,1),(2274,1,75,2,NULL,NULL,NULL,0,'Gnawer',0,NULL,NULL,NULL,1,0,0,0,0,0,0,1),(2275,1,75,2,NULL,NULL,NULL,0,'Gnawer',1,NULL,NULL,NULL,1,0,0,0,0,0,0,1),(2276,1,75,2,NULL,NULL,NULL,0,'Spudder',0,NULL,NULL,NULL,1,0,0,0,0,0,0,1),(2277,1,75,2,NULL,NULL,NULL,0,'Spudder',1,NULL,NULL,NULL,1,0,0,0,0,0,0,1),(2278,1,75,2,NULL,NULL,NULL,0,'Spudder',0,NULL,NULL,NULL,1,0,0,0,0,0,0,1),(2279,1,75,2,NULL,NULL,NULL,0,'Spudder',0,NULL,NULL,NULL,1,0,0,0,0,0,0,1),(2280,1,75,2,NULL,NULL,NULL,0,'Spudder',1,NULL,NULL,NULL,1,0,0,0,0,0,0,1),(2281,1,75,2,NULL,NULL,NULL,0,'Spudder',1,NULL,NULL,NULL,1,0,0,0,0,0,0,1),(2282,1,75,2,NULL,NULL,NULL,0,'Spudder',0,NULL,NULL,NULL,1,0,0,0,0,0,0,1),(2283,1,75,2,NULL,NULL,NULL,0,'Spudder',1,NULL,NULL,NULL,1,0,0,0,0,0,0,1),(2284,1,75,2,NULL,NULL,NULL,0,'Glancer',1,NULL,NULL,NULL,1,0,0,0,0,0,0,1),(2285,1,75,2,NULL,NULL,NULL,0,'Glancer',1,NULL,NULL,NULL,1,0,0,0,0,0,0,1),(2286,1,75,2,NULL,NULL,NULL,0,'Glancer',1,NULL,NULL,NULL,1,0,0,0,0,0,0,1),(2287,1,75,2,NULL,NULL,NULL,0,'Glancer',1,NULL,NULL,NULL,1,0,0,0,0,0,0,1),(2288,1,75,2,NULL,NULL,NULL,0,'Glancer',1,NULL,NULL,NULL,1,0,0,0,0,0,0,1),(2289,1,75,2,NULL,NULL,NULL,0,'Glancer',1,NULL,NULL,NULL,1,0,0,0,0,0,0,1),(2290,1,75,2,NULL,NULL,NULL,0,'Glancer',1,NULL,NULL,NULL,1,0,0,0,0,0,0,1),(2291,1,75,2,NULL,NULL,NULL,0,'Glancer',1,NULL,NULL,NULL,1,0,0,0,0,0,0,1),(2292,1,75,2,NULL,NULL,NULL,0,'Gnat',1,NULL,NULL,NULL,1,0,0,0,0,0,0,1),(2293,1,75,2,NULL,NULL,NULL,0,'Gnat',0,NULL,NULL,NULL,1,0,0,0,0,0,0,1),(2294,1,75,2,NULL,NULL,NULL,0,'Gnat',1,NULL,NULL,NULL,1,0,0,0,0,0,0,1),(2295,1,75,2,NULL,NULL,NULL,0,'Gnat',0,NULL,NULL,NULL,1,0,0,0,0,0,0,1),(2296,1,75,2,NULL,NULL,NULL,0,'Gnat',1,NULL,NULL,NULL,1,0,0,0,0,0,0,1),(2297,1,75,2,NULL,NULL,NULL,0,'Gnat',0,NULL,NULL,NULL,1,0,0,0,0,0,0,1),(2298,1,75,2,NULL,NULL,NULL,0,'Gnat',0,NULL,NULL,NULL,1,0,0,0,0,0,0,1),(2299,1,75,2,NULL,NULL,NULL,0,'Gnat',1,NULL,NULL,NULL,1,0,0,0,0,0,0,1),(2300,1,75,2,NULL,NULL,NULL,0,'Gnat',1,NULL,NULL,NULL,1,0,0,0,0,0,0,1),(2301,1,75,2,NULL,NULL,NULL,0,'Gnat',1,NULL,NULL,NULL,1,0,0,0,0,0,0,1),(2302,1,75,2,NULL,NULL,NULL,0,'Gnat',0,NULL,NULL,NULL,1,0,0,0,0,0,0,1),(2303,1,75,2,NULL,NULL,NULL,0,'Gnat',1,NULL,NULL,NULL,1,0,0,0,0,0,0,1),(2304,1,75,2,NULL,NULL,NULL,0,'Gnat',1,NULL,NULL,NULL,1,0,0,0,0,0,0,1),(2305,1,75,2,NULL,NULL,NULL,0,'Gnat',0,NULL,NULL,NULL,1,0,0,0,0,0,0,1),(2306,1,12,1,NULL,NULL,NULL,0,'Demosis',1,0,270,NULL,1,0,0,0,0,0,0,1),(2307,1,12,1,NULL,NULL,NULL,0,'Demosis',1,0,270,NULL,1,0,0,0,0,0,0,1),(2308,1,12,1,NULL,NULL,NULL,0,'Demosis',1,0,270,NULL,1,0,0,0,0,0,0,1),(2309,1,12,1,NULL,NULL,NULL,0,'Demosis',0,0,270,NULL,1,0,0,0,0,0,0,1),(2310,1,12,1,NULL,NULL,NULL,0,'Demosis',0,0,270,NULL,1,0,0,0,0,0,0,1),(2311,1,12,1,NULL,NULL,NULL,0,'Demosis',0,0,270,NULL,1,0,0,0,0,0,0,1),(2312,1,12,1,NULL,NULL,NULL,0,'Demosis',0,0,270,NULL,1,0,0,0,0,0,0,1),(2313,1,12,1,NULL,NULL,NULL,0,'Demosis',0,0,270,NULL,1,0,0,0,0,0,0,1),(2314,1,12,1,NULL,NULL,NULL,0,'Thor',0,0,270,NULL,1,0,0,0,0,0,0,1),(2315,1,12,1,NULL,NULL,NULL,0,'Thor',1,0,270,NULL,1,0,0,0,0,0,0,1),(2316,1,12,1,NULL,NULL,NULL,0,'Thor',0,0,270,NULL,1,0,0,0,0,0,0,1),(2317,1,12,1,NULL,NULL,NULL,0,'Thor',0,0,270,NULL,1,0,0,0,0,0,0,1),(2318,1,12,1,NULL,NULL,NULL,0,'Thor',0,0,270,NULL,1,0,0,0,0,0,0,1),(2319,1,12,1,NULL,NULL,NULL,0,'Thor',0,0,270,NULL,1,0,0,0,0,0,0,1),(2320,1,12,1,NULL,NULL,NULL,0,'Dirac',1,0,270,NULL,1,0,0,0,0,0,0,1),(2321,1,12,1,NULL,NULL,NULL,0,'Dirac',1,0,270,NULL,1,0,0,0,0,0,0,1),(2322,1,12,1,NULL,NULL,NULL,0,'Dirac',0,0,270,NULL,1,0,0,0,0,0,0,1),(2323,1,12,1,NULL,NULL,NULL,0,'Dirac',0,0,270,NULL,1,0,0,0,0,0,0,1),(2324,1,12,1,NULL,NULL,NULL,0,'Dirac',0,0,270,NULL,1,0,0,0,0,0,0,1),(2325,1,12,1,NULL,NULL,NULL,0,'Dirac',1,0,270,NULL,1,0,0,0,0,0,0,1),(2326,1,12,1,NULL,NULL,NULL,0,'Dirac',1,0,270,NULL,1,0,0,0,0,0,0,1),(2327,1,12,1,NULL,NULL,NULL,0,'Dirac',1,0,270,NULL,1,0,0,0,0,0,0,1),(2328,1,12,1,NULL,NULL,NULL,0,'Dirac',1,0,270,NULL,1,0,0,0,0,0,0,1),(2329,1,12,1,NULL,NULL,NULL,0,'Dirac',1,0,270,NULL,1,0,0,0,0,0,0,1);
/*!40000 ALTER TABLE `units` ENABLE KEYS */;
UNLOCK TABLES;

--
-- Table structure for table `wreckages`
--

DROP TABLE IF EXISTS `wreckages`;
/*!40101 SET @saved_cs_client     = @@character_set_client */;
/*!40101 SET character_set_client = utf8 */;
CREATE TABLE `wreckages` (
  `id` int(11) NOT NULL AUTO_INCREMENT,
  `galaxy_id` int(11) DEFAULT NULL,
  `location_id` int(11) NOT NULL,
  `location_type` tinyint(3) unsigned NOT NULL,
  `location_x` smallint(6) NOT NULL,
  `location_y` smallint(6) NOT NULL,
  `metal` float NOT NULL DEFAULT '0',
  `energy` float NOT NULL DEFAULT '0',
  `zetium` float NOT NULL DEFAULT '0',
  PRIMARY KEY (`id`),
  UNIQUE KEY `location` (`location_id`,`location_type`,`location_x`,`location_y`),
  KEY `galaxy_id` (`galaxy_id`),
  CONSTRAINT `wreckages_ibfk_1` FOREIGN KEY (`galaxy_id`) REFERENCES `galaxies` (`id`) ON DELETE CASCADE ON UPDATE CASCADE
) ENGINE=InnoDB DEFAULT CHARSET=utf8;
/*!40101 SET character_set_client = @saved_cs_client */;

--
-- Dumping data for table `wreckages`
--

LOCK TABLES `wreckages` WRITE;
/*!40000 ALTER TABLE `wreckages` DISABLE KEYS */;
/*!40000 ALTER TABLE `wreckages` ENABLE KEYS */;
UNLOCK TABLES;
/*!40103 SET TIME_ZONE=@OLD_TIME_ZONE */;

/*!40101 SET SQL_MODE=@OLD_SQL_MODE */;
/*!40014 SET FOREIGN_KEY_CHECKS=@OLD_FOREIGN_KEY_CHECKS */;
/*!40014 SET UNIQUE_CHECKS=@OLD_UNIQUE_CHECKS */;
/*!40101 SET CHARACTER_SET_CLIENT=@OLD_CHARACTER_SET_CLIENT */;
/*!40101 SET CHARACTER_SET_RESULTS=@OLD_CHARACTER_SET_RESULTS */;
/*!40101 SET COLLATION_CONNECTION=@OLD_COLLATION_CONNECTION */;
/*!40111 SET SQL_NOTES=@OLD_SQL_NOTES */;

-- Dump completed on 2011-09-20 14:19:18
