-- MySQL dump 10.13  Distrib 5.5.13, for Linux (i686)
--
-- Host: localhost    Database: spacegame
-- ------------------------------------------------------
-- Server version	5.5.13-55

/*!40101 SET @OLD_CHARACTER_SET_CLIENT=@@CHARACTER_SET_CLIENT */;
/*!40101 SET @OLD_CHARACTER_SET_RESULTS=@@CHARACTER_SET_RESULTS */;
/*!40101 SET @OLD_COLLATION_CONNECTION=@@COLLATION_CONNECTION */;
/*!40101 SET NAMES utf8 */;
/*!40103 SET @OLD_TIME_ZONE=@@TIME_ZONE */;
/*!40103 SET TIME_ZONE='+00:00' */;
/*!40014 SET @OLD_UNIQUE_CHECKS=@@UNIQUE_CHECKS, UNIQUE_CHECKS=0 */;
/*!40014 SET @OLD_FOREIGN_KEY_CHECKS=@@FOREIGN_KEY_CHECKS, FOREIGN_KEY_CHECKS=0 */;
/*!40101 SET @OLD_SQL_MODE=@@SQL_MODE, SQL_MODE='NO_AUTO_VALUE_ON_ZERO' */;
/*!40111 SET @OLD_SQL_NOTES=@@SQL_NOTES, SQL_NOTES=0 */;

--
-- Table structure for table `alliances`
--

DROP TABLE IF EXISTS `alliances`;
/*!40101 SET @saved_cs_client     = @@character_set_client */;
/*!40101 SET character_set_client = utf8 */;
CREATE TABLE `alliances` (
  `id` int(11) NOT NULL AUTO_INCREMENT,
  `name` varchar(50) NOT NULL,
  `galaxy_id` int(11) NOT NULL,
  `owner_id` int(11) NOT NULL,
  `description` text NOT NULL,
  `victory_points` int(10) unsigned NOT NULL DEFAULT '0',
  PRIMARY KEY (`id`),
  UNIQUE KEY `uniq_galaxy_name` (`name`,`galaxy_id`),
  KEY `foreign_key` (`galaxy_id`),
  KEY `owner_id` (`owner_id`),
  CONSTRAINT `alliances_ibfk_1` FOREIGN KEY (`galaxy_id`) REFERENCES `galaxies` (`id`) ON DELETE CASCADE,
  CONSTRAINT `alliances_ibfk_2` FOREIGN KEY (`owner_id`) REFERENCES `players` (`id`) ON DELETE NO ACTION ON UPDATE CASCADE
) ENGINE=InnoDB DEFAULT CHARSET=utf8;
/*!40101 SET character_set_client = @saved_cs_client */;

--
-- Dumping data for table `alliances`
--

LOCK TABLES `alliances` WRITE;
/*!40000 ALTER TABLE `alliances` DISABLE KEYS */;
/*!40000 ALTER TABLE `alliances` ENABLE KEYS */;
UNLOCK TABLES;

--
-- Table structure for table `buildings`
--

DROP TABLE IF EXISTS `buildings`;
/*!40101 SET @saved_cs_client     = @@character_set_client */;
/*!40101 SET character_set_client = utf8 */;
CREATE TABLE `buildings` (
  `id` int(11) NOT NULL AUTO_INCREMENT,
  `planet_id` int(11) DEFAULT NULL,
  `x` tinyint(2) unsigned NOT NULL DEFAULT '0',
  `y` tinyint(2) unsigned NOT NULL DEFAULT '0',
  `armor_mod` int(11) NOT NULL,
  `constructor_mod` int(11) NOT NULL,
  `energy_mod` int(11) NOT NULL,
  `level` tinyint(2) unsigned NOT NULL DEFAULT '0',
  `type` varchar(255) NOT NULL,
  `upgrade_ends_at` datetime DEFAULT NULL,
  `x_end` tinyint(2) unsigned NOT NULL DEFAULT '0',
  `y_end` tinyint(2) unsigned NOT NULL DEFAULT '0',
  `state` tinyint(2) NOT NULL DEFAULT '0',
  `pause_remainder` int(10) unsigned DEFAULT NULL,
  `constructable_type` varchar(100) DEFAULT NULL,
  `constructable_id` int(11) DEFAULT NULL,
  `construction_mod` tinyint(2) unsigned NOT NULL DEFAULT '0',
  `cooldown_ends_at` datetime DEFAULT NULL,
  `hp_percentage` float unsigned NOT NULL DEFAULT '1',
  PRIMARY KEY (`id`),
  UNIQUE KEY `tiles_taken` (`planet_id`,`x`,`y`,`x_end`,`y_end`),
  KEY `index_buildings_on_construction_ends` (`upgrade_ends_at`),
  KEY `buildings_by_type` (`planet_id`,`type`),
  CONSTRAINT `buildings_ibfk_1` FOREIGN KEY (`planet_id`) REFERENCES `ss_objects` (`id`) ON DELETE CASCADE
) ENGINE=InnoDB AUTO_INCREMENT=173 DEFAULT CHARSET=utf8;
/*!40101 SET character_set_client = @saved_cs_client */;

--
-- Dumping data for table `buildings`
--

LOCK TABLES `buildings` WRITE;
/*!40000 ALTER TABLE `buildings` DISABLE KEYS */;
INSERT INTO `buildings` VALUES (1,1,6,5,0,0,0,6,'NpcInfantryFactory',NULL,8,7,1,NULL,NULL,NULL,0,NULL,1),(2,1,10,8,0,0,0,6,'NpcHall',NULL,11,9,1,NULL,NULL,NULL,0,NULL,1),(3,1,2,11,0,0,0,6,'NpcTankFactory',NULL,5,14,1,NULL,NULL,NULL,0,NULL,1),(4,1,14,11,0,0,0,6,'NpcSpaceFactory',NULL,18,14,1,NULL,NULL,NULL,0,NULL,1),(5,4,2,2,0,0,0,6,'NpcSpaceFactory',NULL,6,5,1,NULL,NULL,NULL,0,NULL,1),(6,4,6,8,0,0,0,6,'NpcHall',NULL,7,9,1,NULL,NULL,NULL,0,NULL,1),(7,4,1,10,0,0,0,6,'NpcInfantryFactory',NULL,3,12,1,NULL,NULL,NULL,0,NULL,1),(8,4,10,11,0,0,0,6,'NpcTankFactory',NULL,13,14,1,NULL,NULL,NULL,0,NULL,1),(9,6,2,3,0,0,0,6,'NpcTankFactory',NULL,5,6,1,NULL,NULL,NULL,0,NULL,1),(10,6,13,4,0,0,0,6,'NpcSpaceFactory',NULL,17,7,1,NULL,NULL,NULL,0,NULL,1),(11,6,10,7,0,0,0,6,'NpcHall',NULL,11,8,1,NULL,NULL,NULL,0,NULL,1),(12,6,5,9,0,0,0,6,'NpcInfantryFactory',NULL,7,11,1,NULL,NULL,NULL,0,NULL,1),(13,9,2,3,0,0,0,1,'NpcTankFactory',NULL,5,6,1,NULL,NULL,NULL,0,NULL,1),(14,9,13,4,0,0,0,1,'NpcSpaceFactory',NULL,17,7,1,NULL,NULL,NULL,0,NULL,1),(15,9,10,7,0,0,0,1,'NpcHall',NULL,11,8,1,NULL,NULL,NULL,0,NULL,1),(16,9,5,9,0,0,0,1,'NpcInfantryFactory',NULL,7,11,1,NULL,NULL,NULL,0,NULL,1),(17,11,13,17,0,0,0,1,'NpcMetalExtractor',NULL,14,18,1,NULL,NULL,NULL,0,NULL,1),(18,11,1,14,0,0,0,1,'NpcMetalExtractor',NULL,2,15,1,NULL,NULL,NULL,0,NULL,1),(19,11,7,21,0,0,0,1,'NpcGeothermalPlant',NULL,8,22,1,NULL,NULL,NULL,0,NULL,1),(20,11,5,17,0,0,0,1,'NpcZetiumExtractor',NULL,6,18,1,NULL,NULL,NULL,0,NULL,1),(21,11,24,15,0,0,0,1,'NpcZetiumExtractor',NULL,25,16,1,NULL,NULL,NULL,0,NULL,1),(22,11,5,3,0,0,0,1,'NpcZetiumExtractor',NULL,6,4,1,NULL,NULL,NULL,0,NULL,1),(23,11,13,11,0,0,0,1,'NpcJumpgate',NULL,17,15,1,NULL,NULL,NULL,0,NULL,1),(24,11,17,17,0,0,0,1,'NpcResearchCenter',NULL,20,20,1,NULL,NULL,NULL,0,NULL,1),(25,11,18,22,0,0,0,1,'NpcExcavationSite',NULL,21,25,1,NULL,NULL,NULL,0,NULL,1),(26,11,4,14,0,0,0,1,'NpcCommunicationsHub',NULL,7,15,1,NULL,NULL,NULL,0,NULL,1),(27,11,10,22,0,0,0,1,'NpcCommunicationsHub',NULL,13,23,1,NULL,NULL,NULL,0,NULL,1),(28,11,3,11,0,0,0,1,'NpcSolarPlant',NULL,4,12,1,NULL,NULL,NULL,0,NULL,1),(29,11,1,11,0,0,0,1,'NpcSolarPlant',NULL,2,12,1,NULL,NULL,NULL,0,NULL,1),(30,11,7,9,0,0,0,1,'NpcSolarPlant',NULL,8,10,1,NULL,NULL,NULL,0,NULL,1),(31,11,22,25,0,0,0,1,'NpcSolarPlant',NULL,23,26,1,NULL,NULL,NULL,0,NULL,1),(32,20,19,23,0,0,0,1,'NpcMetalExtractor',NULL,20,24,1,NULL,NULL,NULL,0,NULL,1),(33,20,1,11,0,0,0,1,'NpcGeothermalPlant',NULL,2,12,1,NULL,NULL,NULL,0,NULL,1),(34,20,16,19,0,0,0,1,'NpcGeothermalPlant',NULL,17,20,1,NULL,NULL,NULL,0,NULL,1),(35,20,26,7,0,0,0,1,'NpcZetiumExtractor',NULL,27,8,1,NULL,NULL,NULL,0,NULL,1),(36,20,16,5,0,0,0,1,'NpcZetiumExtractor',NULL,17,6,1,NULL,NULL,NULL,0,NULL,1),(37,20,22,21,0,0,0,1,'NpcJumpgate',NULL,26,25,1,NULL,NULL,NULL,0,NULL,1),(38,20,24,0,0,0,0,1,'NpcJumpgate',NULL,28,4,1,NULL,NULL,NULL,0,NULL,1),(39,20,6,3,0,0,0,1,'NpcJumpgate',NULL,10,7,1,NULL,NULL,NULL,0,NULL,1),(40,20,21,14,0,0,0,1,'NpcResearchCenter',NULL,24,17,1,NULL,NULL,NULL,0,NULL,1),(41,20,1,16,0,0,0,1,'NpcExcavationSite',NULL,4,19,1,NULL,NULL,NULL,0,NULL,1),(42,20,27,16,0,0,0,1,'NpcCommunicationsHub',NULL,30,17,1,NULL,NULL,NULL,0,NULL,1),(43,20,11,0,0,0,0,1,'NpcResearchCenter',NULL,14,3,1,NULL,NULL,NULL,0,NULL,1),(44,20,6,23,0,0,0,1,'NpcTemple',NULL,8,25,1,NULL,NULL,NULL,0,NULL,1),(45,20,12,9,0,0,0,1,'NpcCommunicationsHub',NULL,15,10,1,NULL,NULL,NULL,0,NULL,1),(46,20,29,4,0,0,0,1,'NpcSolarPlant',NULL,30,5,1,NULL,NULL,NULL,0,NULL,1),(47,20,9,1,0,0,0,1,'NpcSolarPlant',NULL,10,2,1,NULL,NULL,NULL,0,NULL,1),(48,20,19,8,0,0,0,1,'NpcSolarPlant',NULL,20,9,1,NULL,NULL,NULL,0,NULL,1),(49,29,6,5,0,0,0,1,'NpcInfantryFactory',NULL,8,7,1,NULL,NULL,NULL,0,NULL,1),(50,29,10,8,0,0,0,1,'NpcHall',NULL,11,9,1,NULL,NULL,NULL,0,NULL,1),(51,29,2,11,0,0,0,1,'NpcTankFactory',NULL,5,14,1,NULL,NULL,NULL,0,NULL,1),(52,29,14,11,0,0,0,1,'NpcSpaceFactory',NULL,18,14,1,NULL,NULL,NULL,0,NULL,1),(53,32,3,3,0,0,0,1,'NpcMetalExtractor',NULL,4,4,1,NULL,NULL,NULL,0,NULL,1),(54,32,28,23,0,0,0,1,'NpcGeothermalPlant',NULL,29,24,1,NULL,NULL,NULL,0,NULL,1),(55,32,11,25,0,0,0,1,'NpcZetiumExtractor',NULL,12,26,1,NULL,NULL,NULL,0,NULL,1),(56,32,18,27,0,0,0,1,'NpcZetiumExtractor',NULL,19,28,1,NULL,NULL,NULL,0,NULL,1),(57,32,14,18,0,0,0,1,'NpcZetiumExtractor',NULL,15,19,1,NULL,NULL,NULL,0,NULL,1),(58,32,22,19,0,0,0,1,'NpcZetiumExtractor',NULL,23,20,1,NULL,NULL,NULL,0,NULL,1),(59,32,7,10,0,0,0,1,'NpcJumpgate',NULL,11,14,1,NULL,NULL,NULL,0,NULL,1),(60,32,2,15,0,0,0,1,'NpcJumpgate',NULL,6,19,1,NULL,NULL,NULL,0,NULL,1),(61,32,25,13,0,0,0,1,'NpcJumpgate',NULL,29,17,1,NULL,NULL,NULL,0,NULL,1),(62,32,14,7,0,0,0,1,'NpcResearchCenter',NULL,17,10,1,NULL,NULL,NULL,0,NULL,1),(63,32,22,24,0,0,0,1,'NpcExcavationSite',NULL,25,27,1,NULL,NULL,NULL,0,NULL,1),(64,32,7,18,0,0,0,1,'NpcCommunicationsHub',NULL,10,19,1,NULL,NULL,NULL,0,NULL,1),(65,32,19,30,0,0,0,1,'NpcCommunicationsHub',NULL,22,31,1,NULL,NULL,NULL,0,NULL,1),(66,32,9,22,0,0,0,1,'NpcSolarPlant',NULL,10,23,1,NULL,NULL,NULL,0,NULL,1),(67,32,24,22,0,0,0,1,'NpcSolarPlant',NULL,25,23,1,NULL,NULL,NULL,0,NULL,1),(68,32,18,9,0,0,0,1,'NpcSolarPlant',NULL,19,10,1,NULL,NULL,NULL,0,NULL,1),(69,45,7,2,0,0,0,1,'NpcMetalExtractor',NULL,8,3,1,NULL,NULL,NULL,0,NULL,1),(70,45,4,25,0,0,0,1,'NpcMetalExtractor',NULL,5,26,1,NULL,NULL,NULL,0,NULL,1),(71,45,9,20,0,0,0,1,'NpcMetalExtractor',NULL,10,21,1,NULL,NULL,NULL,0,NULL,1),(72,45,20,13,0,0,0,1,'NpcMetalExtractor',NULL,21,14,1,NULL,NULL,NULL,0,NULL,1),(73,45,22,27,0,0,0,1,'NpcZetiumExtractor',NULL,23,28,1,NULL,NULL,NULL,0,NULL,1),(74,45,9,13,0,0,0,1,'NpcZetiumExtractor',NULL,10,14,1,NULL,NULL,NULL,0,NULL,1),(75,45,9,9,0,0,0,1,'NpcZetiumExtractor',NULL,10,10,1,NULL,NULL,NULL,0,NULL,1),(76,45,7,23,0,0,0,1,'NpcJumpgate',NULL,11,27,1,NULL,NULL,NULL,0,NULL,1),(77,45,15,26,0,0,0,1,'NpcJumpgate',NULL,19,30,1,NULL,NULL,NULL,0,NULL,1),(78,45,23,2,0,0,0,1,'NpcResearchCenter',NULL,26,5,1,NULL,NULL,NULL,0,NULL,1),(79,45,0,20,0,0,0,1,'NpcExcavationSite',NULL,3,23,1,NULL,NULL,NULL,0,NULL,1),(80,45,12,5,0,0,0,1,'NpcTemple',NULL,14,7,1,NULL,NULL,NULL,0,NULL,1),(81,45,4,5,0,0,0,1,'NpcCommunicationsHub',NULL,7,6,1,NULL,NULL,NULL,0,NULL,1),(82,45,23,17,0,0,0,1,'NpcSolarPlant',NULL,24,18,1,NULL,NULL,NULL,0,NULL,1),(83,45,17,11,0,0,0,1,'NpcSolarPlant',NULL,18,12,1,NULL,NULL,NULL,0,NULL,1),(84,45,17,1,0,0,0,1,'NpcSolarPlant',NULL,18,2,1,NULL,NULL,NULL,0,NULL,1),(85,45,2,17,0,0,0,1,'NpcSolarPlant',NULL,3,18,1,NULL,NULL,NULL,0,NULL,1),(86,59,11,12,0,0,0,1,'NpcMetalExtractor',NULL,12,13,1,NULL,NULL,NULL,0,NULL,1),(87,59,16,6,0,0,0,1,'NpcMetalExtractor',NULL,17,7,1,NULL,NULL,NULL,0,NULL,1),(88,59,23,20,0,0,0,1,'NpcGeothermalPlant',NULL,24,21,1,NULL,NULL,NULL,0,NULL,1),(89,59,8,2,0,0,0,1,'NpcZetiumExtractor',NULL,9,3,1,NULL,NULL,NULL,0,NULL,1),(90,59,10,28,0,0,0,1,'NpcZetiumExtractor',NULL,11,29,1,NULL,NULL,NULL,0,NULL,1),(91,59,15,16,0,0,0,1,'NpcZetiumExtractor',NULL,16,17,1,NULL,NULL,NULL,0,NULL,1),(92,59,2,9,0,0,0,1,'NpcJumpgate',NULL,6,13,1,NULL,NULL,NULL,0,NULL,1),(93,59,24,0,0,0,0,1,'NpcResearchCenter',NULL,27,3,1,NULL,NULL,NULL,0,NULL,1),(94,59,0,0,0,0,0,1,'NpcTemple',NULL,2,2,1,NULL,NULL,NULL,0,NULL,1),(95,59,3,1,0,0,0,1,'NpcCommunicationsHub',NULL,6,2,1,NULL,NULL,NULL,0,NULL,1),(96,59,11,2,0,0,0,1,'NpcSolarPlant',NULL,12,3,1,NULL,NULL,NULL,0,NULL,1),(97,59,5,6,0,0,0,1,'NpcSolarPlant',NULL,6,7,1,NULL,NULL,NULL,0,NULL,1),(98,59,20,0,0,0,0,1,'NpcSolarPlant',NULL,21,1,1,NULL,NULL,NULL,0,NULL,1),(99,61,6,5,0,0,0,1,'NpcInfantryFactory',NULL,8,7,1,NULL,NULL,NULL,0,NULL,1),(100,61,10,8,0,0,0,1,'NpcHall',NULL,11,9,1,NULL,NULL,NULL,0,NULL,1),(101,61,2,11,0,0,0,1,'NpcTankFactory',NULL,5,14,1,NULL,NULL,NULL,0,NULL,1),(102,61,14,11,0,0,0,1,'NpcSpaceFactory',NULL,18,14,1,NULL,NULL,NULL,0,NULL,1),(103,70,0,0,0,0,0,1,'NpcMetalExtractor',NULL,1,1,1,NULL,NULL,NULL,0,NULL,1),(104,70,7,0,0,0,0,1,'NpcCommunicationsHub',NULL,10,1,1,NULL,NULL,NULL,0,NULL,1),(105,70,15,0,0,0,0,1,'NpcSolarPlant',NULL,16,1,1,NULL,NULL,NULL,0,NULL,1),(106,70,18,0,0,0,0,1,'NpcSolarPlant',NULL,19,1,1,NULL,NULL,NULL,0,NULL,1),(107,70,3,1,0,0,0,1,'NpcMetalExtractor',NULL,4,2,1,NULL,NULL,NULL,0,NULL,1),(108,70,12,1,0,0,0,1,'NpcSolarPlant',NULL,13,2,1,NULL,NULL,NULL,0,NULL,1),(109,70,22,1,0,0,0,1,'NpcSolarPlant',NULL,23,2,1,NULL,NULL,NULL,0,NULL,1),(110,70,26,1,0,0,0,1,'NpcCommunicationsHub',NULL,29,2,1,NULL,NULL,NULL,0,NULL,1),(111,70,6,3,0,0,0,1,'NpcCommunicationsHub',NULL,9,4,1,NULL,NULL,NULL,0,NULL,1),(112,70,15,3,0,0,0,1,'NpcSolarPlant',NULL,16,4,1,NULL,NULL,NULL,0,NULL,1),(113,70,18,3,0,0,0,1,'NpcSolarPlant',NULL,19,4,1,NULL,NULL,NULL,0,NULL,1),(114,70,24,4,0,0,0,1,'NpcMetalExtractor',NULL,25,5,1,NULL,NULL,NULL,0,NULL,1),(115,70,28,4,0,0,0,1,'NpcMetalExtractor',NULL,29,5,1,NULL,NULL,NULL,0,NULL,1),(116,70,13,5,0,0,0,1,'NpcSolarPlant',NULL,14,6,1,NULL,NULL,NULL,0,NULL,1),(117,70,21,5,0,0,0,1,'NpcSolarPlant',NULL,22,6,1,NULL,NULL,NULL,0,NULL,1),(118,70,9,8,0,0,0,1,'Vulcan',NULL,10,9,1,NULL,NULL,NULL,0,NULL,1),(119,70,11,8,0,0,0,1,'Screamer',NULL,12,9,1,NULL,NULL,NULL,0,NULL,1),(120,70,13,8,0,0,0,1,'Thunder',NULL,14,9,1,NULL,NULL,NULL,0,NULL,1),(121,70,15,8,0,0,0,1,'Vulcan',NULL,16,9,1,NULL,NULL,NULL,0,NULL,1),(122,70,17,8,0,0,0,1,'Screamer',NULL,18,9,1,NULL,NULL,NULL,0,NULL,1),(123,70,19,8,0,0,0,1,'Thunder',NULL,20,9,1,NULL,NULL,NULL,0,NULL,1),(124,70,25,8,0,0,0,1,'NpcCommunicationsHub',NULL,28,9,1,NULL,NULL,NULL,0,NULL,1),(125,70,22,9,0,0,0,1,'NpcSolarPlant',NULL,23,10,1,NULL,NULL,NULL,0,NULL,1),(126,70,9,10,0,0,0,1,'Thunder',NULL,10,11,1,NULL,NULL,NULL,0,NULL,1),(127,70,11,10,0,0,0,1,'Mothership',NULL,18,15,1,NULL,NULL,NULL,0,NULL,1),(128,70,19,10,0,0,0,1,'Vulcan',NULL,20,11,1,NULL,NULL,NULL,0,NULL,1),(129,70,9,12,0,0,0,1,'Screamer',NULL,10,13,1,NULL,NULL,NULL,0,NULL,1),(130,70,19,12,0,0,0,1,'Screamer',NULL,20,13,1,NULL,NULL,NULL,0,NULL,1),(131,70,26,12,0,0,0,1,'NpcZetiumExtractor',NULL,27,13,1,NULL,NULL,NULL,0,NULL,1),(132,70,22,13,0,0,0,1,'NpcSolarPlant',NULL,23,14,1,NULL,NULL,NULL,0,NULL,1),(133,70,9,14,0,0,0,1,'Vulcan',NULL,10,15,1,NULL,NULL,NULL,0,NULL,1),(134,70,19,14,0,0,0,1,'Thunder',NULL,20,15,1,NULL,NULL,NULL,0,NULL,1),(135,70,9,16,0,0,0,1,'Thunder',NULL,10,17,1,NULL,NULL,NULL,0,NULL,1),(136,70,11,16,0,0,0,1,'Vulcan',NULL,12,17,1,NULL,NULL,NULL,0,NULL,1),(137,70,13,16,0,0,0,1,'Thunder',NULL,14,17,1,NULL,NULL,NULL,0,NULL,1),(138,70,15,16,0,0,0,1,'Screamer',NULL,16,17,1,NULL,NULL,NULL,0,NULL,1),(139,70,17,16,0,0,0,1,'Thunder',NULL,18,17,1,NULL,NULL,NULL,0,NULL,1),(140,70,19,16,0,0,0,1,'Vulcan',NULL,20,17,1,NULL,NULL,NULL,0,NULL,1),(141,70,27,16,0,0,0,1,'NpcSolarPlant',NULL,28,17,1,NULL,NULL,NULL,0,NULL,1),(142,70,22,17,0,0,0,1,'NpcCommunicationsHub',NULL,25,18,1,NULL,NULL,NULL,0,NULL,1),(143,70,27,19,0,0,0,1,'NpcSolarPlant',NULL,28,20,1,NULL,NULL,NULL,0,NULL,1),(144,70,23,20,0,0,0,1,'NpcSolarPlant',NULL,24,21,1,NULL,NULL,NULL,0,NULL,1),(145,70,21,22,0,0,0,1,'NpcCommunicationsHub',NULL,24,23,1,NULL,NULL,NULL,0,NULL,1),(146,70,28,23,0,0,0,1,'NpcSolarPlant',NULL,29,24,1,NULL,NULL,NULL,0,NULL,1),(147,70,14,25,0,0,0,1,'NpcSolarPlant',NULL,15,26,1,NULL,NULL,NULL,0,NULL,1),(148,70,25,26,0,0,0,1,'NpcSolarPlant',NULL,26,27,1,NULL,NULL,NULL,0,NULL,1),(149,70,20,27,0,0,0,1,'NpcSolarPlant',NULL,21,28,1,NULL,NULL,NULL,0,NULL,1),(150,70,0,28,0,0,0,1,'NpcSolarPlant',NULL,1,29,1,NULL,NULL,NULL,0,NULL,1),(151,70,3,28,0,0,0,1,'NpcSolarPlant',NULL,4,29,1,NULL,NULL,NULL,0,NULL,1),(152,70,13,28,0,0,0,1,'NpcSolarPlant',NULL,14,29,1,NULL,NULL,NULL,0,NULL,1),(153,70,17,28,0,0,0,1,'NpcZetiumExtractor',NULL,18,29,1,NULL,NULL,NULL,0,NULL,1),(154,70,28,28,0,0,0,1,'NpcSolarPlant',NULL,29,29,1,NULL,NULL,NULL,0,NULL,1),(155,74,27,19,0,0,0,1,'NpcMetalExtractor',NULL,28,20,1,NULL,NULL,NULL,0,NULL,1),(156,74,18,1,0,0,0,1,'NpcMetalExtractor',NULL,19,2,1,NULL,NULL,NULL,0,NULL,1),(157,74,23,12,0,0,0,1,'NpcMetalExtractor',NULL,24,13,1,NULL,NULL,NULL,0,NULL,1),(158,74,3,22,0,0,0,1,'NpcMetalExtractor',NULL,4,23,1,NULL,NULL,NULL,0,NULL,1),(159,74,20,18,0,0,0,1,'NpcMetalExtractor',NULL,21,19,1,NULL,NULL,NULL,0,NULL,1),(160,74,15,22,0,0,0,1,'NpcZetiumExtractor',NULL,16,23,1,NULL,NULL,NULL,0,NULL,1),(161,74,22,1,0,0,0,1,'NpcZetiumExtractor',NULL,23,2,1,NULL,NULL,NULL,0,NULL,1),(162,74,21,21,0,0,0,1,'NpcJumpgate',NULL,25,25,1,NULL,NULL,NULL,0,NULL,1),(163,74,9,21,0,0,0,1,'NpcJumpgate',NULL,13,25,1,NULL,NULL,NULL,0,NULL,1),(164,74,5,10,0,0,0,1,'NpcResearchCenter',NULL,8,13,1,NULL,NULL,NULL,0,NULL,1),(165,74,24,15,0,0,0,1,'NpcCommunicationsHub',NULL,27,16,1,NULL,NULL,NULL,0,NULL,1),(166,74,27,5,0,0,0,1,'NpcExcavationSite',NULL,30,8,1,NULL,NULL,NULL,0,NULL,1),(167,74,14,15,0,0,0,1,'NpcTemple',NULL,16,17,1,NULL,NULL,NULL,0,NULL,1),(168,74,0,7,0,0,0,1,'NpcCommunicationsHub',NULL,3,8,1,NULL,NULL,NULL,0,NULL,1),(169,74,17,15,0,0,0,1,'NpcSolarPlant',NULL,18,16,1,NULL,NULL,NULL,0,NULL,1),(170,74,23,26,0,0,0,1,'NpcSolarPlant',NULL,24,27,1,NULL,NULL,NULL,0,NULL,1),(171,74,25,6,0,0,0,1,'NpcSolarPlant',NULL,26,7,1,NULL,NULL,NULL,0,NULL,1),(172,74,28,15,0,0,0,1,'NpcSolarPlant',NULL,29,16,1,NULL,NULL,NULL,0,NULL,1);
/*!40000 ALTER TABLE `buildings` ENABLE KEYS */;
UNLOCK TABLES;

--
-- Table structure for table `callbacks`
--

DROP TABLE IF EXISTS `callbacks`;
/*!40101 SET @saved_cs_client     = @@character_set_client */;
/*!40101 SET character_set_client = utf8 */;
CREATE TABLE `callbacks` (
  `class` varchar(50) NOT NULL,
  `object_id` int(10) unsigned NOT NULL,
  `ends_at` datetime NOT NULL,
  `event` tinyint(2) unsigned NOT NULL DEFAULT '0',
  `ruleset` varchar(30) NOT NULL,
  `failed` tinyint(1) NOT NULL DEFAULT '0',
  UNIQUE KEY `main` (`class`,`object_id`,`event`),
  KEY `tick` (`ends_at`,`failed`)
) ENGINE=InnoDB DEFAULT CHARSET=utf8;
/*!40101 SET character_set_client = @saved_cs_client */;

--
-- Dumping data for table `callbacks`
--

LOCK TABLES `callbacks` WRITE;
/*!40000 ALTER TABLE `callbacks` DISABLE KEYS */;
INSERT INTO `callbacks` VALUES ('Galaxy',1,'2011-09-16 17:27:27',9,'dev',0),('Galaxy',1,'2011-09-16 17:17:27',12,'dev',0),('Galaxy',1,'2011-09-16 17:17:27',13,'dev',0),('Galaxy',1,'2011-09-16 17:17:27',14,'dev',0),('SolarSystem',12,'2012-09-15 23:17:28',8,'dev',0),('SsObject::Asteroid',12,'2011-09-16 17:17:58',9,'dev',0),('SsObject::Asteroid',13,'2011-09-16 17:17:58',9,'dev',0),('SsObject::Asteroid',14,'2011-09-16 17:17:58',9,'dev',0),('SsObject::Asteroid',15,'2011-09-16 17:17:58',9,'dev',0),('SsObject::Asteroid',17,'2011-09-16 17:17:58',9,'dev',0),('SsObject::Asteroid',18,'2011-09-16 17:17:58',9,'dev',0),('SsObject::Asteroid',19,'2011-09-16 17:17:58',9,'dev',0),('SsObject::Asteroid',21,'2011-09-16 17:17:58',9,'dev',0),('SsObject::Asteroid',23,'2011-09-16 17:17:58',9,'dev',0),('SsObject::Asteroid',24,'2011-09-16 17:17:58',9,'dev',0),('SsObject::Asteroid',25,'2011-09-16 17:17:58',9,'dev',0),('SsObject::Asteroid',26,'2011-09-16 17:17:58',9,'dev',0),('SsObject::Asteroid',31,'2011-09-16 17:17:58',9,'dev',0),('SsObject::Asteroid',33,'2011-09-16 17:17:58',9,'dev',0),('SsObject::Asteroid',34,'2011-09-16 17:17:58',9,'dev',0),('SsObject::Asteroid',36,'2011-09-16 17:17:58',9,'dev',0),('SsObject::Asteroid',37,'2011-09-16 17:17:58',9,'dev',0),('SsObject::Asteroid',38,'2011-09-16 17:17:58',9,'dev',0),('SsObject::Asteroid',39,'2011-09-16 17:17:58',9,'dev',0),('SsObject::Asteroid',40,'2011-09-16 17:17:58',9,'dev',0),('SsObject::Asteroid',41,'2011-09-16 17:17:58',9,'dev',0),('SsObject::Asteroid',43,'2011-09-16 17:17:58',9,'dev',0),('SsObject::Asteroid',44,'2011-09-16 17:17:58',9,'dev',0),('SsObject::Asteroid',46,'2011-09-16 17:17:58',9,'dev',0),('SsObject::Asteroid',47,'2011-09-16 17:17:58',9,'dev',0),('SsObject::Asteroid',48,'2011-09-16 17:17:58',9,'dev',0),('SsObject::Asteroid',49,'2011-09-16 17:17:58',9,'dev',0),('SsObject::Asteroid',50,'2011-09-16 17:17:58',9,'dev',0),('SsObject::Asteroid',52,'2011-09-16 17:17:58',9,'dev',0),('SsObject::Asteroid',53,'2011-09-16 17:17:58',9,'dev',0),('SsObject::Asteroid',54,'2011-09-16 17:17:58',9,'dev',0),('SsObject::Asteroid',55,'2011-09-16 17:17:58',9,'dev',0),('SsObject::Asteroid',56,'2011-09-16 17:17:58',9,'dev',0),('SsObject::Asteroid',57,'2011-09-16 17:17:58',9,'dev',0),('SsObject::Asteroid',58,'2011-09-16 17:17:58',9,'dev',0),('SsObject::Asteroid',60,'2011-09-16 17:17:58',9,'dev',0),('SsObject::Asteroid',65,'2011-09-16 17:17:58',9,'dev',0),('SsObject::Asteroid',66,'2011-09-16 17:17:58',9,'dev',0),('SsObject::Asteroid',67,'2011-09-16 17:17:58',9,'dev',0),('SsObject::Asteroid',68,'2011-09-16 17:17:58',9,'dev',0),('SsObject::Asteroid',71,'2011-09-16 17:17:58',9,'dev',0),('SsObject::Asteroid',72,'2011-09-16 17:17:58',9,'dev',0),('SsObject::Asteroid',73,'2011-09-16 17:17:58',9,'dev',0),('SsObject::Asteroid',75,'2011-09-16 17:17:58',9,'dev',0),('SsObject::Asteroid',76,'2011-09-16 17:17:58',9,'dev',0),('SsObject::Asteroid',77,'2011-09-16 17:17:58',9,'dev',0);
/*!40000 ALTER TABLE `callbacks` ENABLE KEYS */;
UNLOCK TABLES;

--
-- Table structure for table `chat_messages`
--

DROP TABLE IF EXISTS `chat_messages`;
/*!40101 SET @saved_cs_client     = @@character_set_client */;
/*!40101 SET character_set_client = utf8 */;
CREATE TABLE `chat_messages` (
  `source_id` int(11) NOT NULL,
  `target_id` int(11) NOT NULL,
  `message` varchar(255) NOT NULL,
  `created_at` datetime NOT NULL,
  KEY `index_chat_messages_on_source_id` (`source_id`),
  KEY `index_chat_messages_on_target_id` (`target_id`),
  CONSTRAINT `chat_messages_ibfk_2` FOREIGN KEY (`target_id`) REFERENCES `players` (`id`) ON DELETE CASCADE ON UPDATE CASCADE,
  CONSTRAINT `chat_messages_ibfk_1` FOREIGN KEY (`source_id`) REFERENCES `players` (`id`) ON DELETE CASCADE ON UPDATE CASCADE
) ENGINE=InnoDB DEFAULT CHARSET=utf8;
/*!40101 SET character_set_client = @saved_cs_client */;

--
-- Dumping data for table `chat_messages`
--

LOCK TABLES `chat_messages` WRITE;
/*!40000 ALTER TABLE `chat_messages` DISABLE KEYS */;
/*!40000 ALTER TABLE `chat_messages` ENABLE KEYS */;
UNLOCK TABLES;

--
-- Table structure for table `combat_logs`
--

DROP TABLE IF EXISTS `combat_logs`;
/*!40101 SET @saved_cs_client     = @@character_set_client */;
/*!40101 SET character_set_client = utf8 */;
CREATE TABLE `combat_logs` (
  `sha1_id` char(40) NOT NULL,
  `info` mediumtext NOT NULL,
  `expires_at` datetime NOT NULL,
  PRIMARY KEY (`sha1_id`),
  KEY `index_combat_logs_on_expires_at` (`expires_at`)
) ENGINE=InnoDB DEFAULT CHARSET=utf8;
/*!40101 SET character_set_client = @saved_cs_client */;

--
-- Dumping data for table `combat_logs`
--

LOCK TABLES `combat_logs` WRITE;
/*!40000 ALTER TABLE `combat_logs` DISABLE KEYS */;
/*!40000 ALTER TABLE `combat_logs` ENABLE KEYS */;
UNLOCK TABLES;

--
-- Table structure for table `construction_queue_entries`
--

DROP TABLE IF EXISTS `construction_queue_entries`;
/*!40101 SET @saved_cs_client     = @@character_set_client */;
/*!40101 SET character_set_client = utf8 */;
CREATE TABLE `construction_queue_entries` (
  `id` int(11) NOT NULL AUTO_INCREMENT,
  `constructable_type` varchar(100) NOT NULL,
  `constructor_id` int(11) NOT NULL,
  `count` int(11) NOT NULL,
  `position` smallint(2) unsigned NOT NULL DEFAULT '0',
  `params` text,
  `player_id` int(11) DEFAULT NULL,
  PRIMARY KEY (`id`),
  KEY `index_upgrade_queue_entries_on_position` (`position`),
  KEY `foreign_key` (`constructor_id`),
  KEY `player_id` (`player_id`),
  CONSTRAINT `construction_queue_entries_ibfk_2` FOREIGN KEY (`player_id`) REFERENCES `players` (`id`) ON DELETE CASCADE ON UPDATE CASCADE,
  CONSTRAINT `construction_queue_entries_ibfk_1` FOREIGN KEY (`constructor_id`) REFERENCES `buildings` (`id`) ON DELETE CASCADE
) ENGINE=InnoDB DEFAULT CHARSET=utf8;
/*!40101 SET character_set_client = @saved_cs_client */;

--
-- Dumping data for table `construction_queue_entries`
--

LOCK TABLES `construction_queue_entries` WRITE;
/*!40000 ALTER TABLE `construction_queue_entries` DISABLE KEYS */;
/*!40000 ALTER TABLE `construction_queue_entries` ENABLE KEYS */;
UNLOCK TABLES;

--
-- Table structure for table `cooldowns`
--

DROP TABLE IF EXISTS `cooldowns`;
/*!40101 SET @saved_cs_client     = @@character_set_client */;
/*!40101 SET character_set_client = utf8 */;
CREATE TABLE `cooldowns` (
  `id` int(11) NOT NULL AUTO_INCREMENT,
  `location_id` int(10) unsigned NOT NULL,
  `location_type` tinyint(2) unsigned NOT NULL,
  `location_x` int(11) DEFAULT NULL,
  `location_y` int(11) DEFAULT NULL,
  `ends_at` datetime NOT NULL,
  PRIMARY KEY (`id`),
  UNIQUE KEY `location` (`location_id`,`location_type`,`location_x`,`location_y`)
) ENGINE=InnoDB DEFAULT CHARSET=utf8;
/*!40101 SET character_set_client = @saved_cs_client */;

--
-- Dumping data for table `cooldowns`
--

LOCK TABLES `cooldowns` WRITE;
/*!40000 ALTER TABLE `cooldowns` DISABLE KEYS */;
/*!40000 ALTER TABLE `cooldowns` ENABLE KEYS */;
UNLOCK TABLES;

--
-- Table structure for table `cred_stats`
--

DROP TABLE IF EXISTS `cred_stats`;
/*!40101 SET @saved_cs_client     = @@character_set_client */;
/*!40101 SET character_set_client = utf8 */;
CREATE TABLE `cred_stats` (
  `id` int(11) NOT NULL AUTO_INCREMENT,
  `action` tinyint(2) unsigned NOT NULL,
  `player_id` int(11) DEFAULT NULL,
  `creds` int(10) unsigned NOT NULL,
  `class_name` varchar(50) DEFAULT NULL,
  `level` tinyint(2) unsigned DEFAULT NULL,
  `cost` int(10) unsigned NOT NULL,
  `time` int(10) unsigned DEFAULT NULL,
  `actual_time` int(10) unsigned DEFAULT NULL,
  `created_at` datetime NOT NULL,
  `resource` varchar(6) DEFAULT NULL,
  `attr` varchar(7) DEFAULT NULL,
  `vip_level` tinyint(2) unsigned NOT NULL DEFAULT '0',
  `vip_creds` int(10) unsigned NOT NULL DEFAULT '0',
  `free_creds` int(10) unsigned NOT NULL,
  PRIMARY KEY (`id`),
  KEY `by_action` (`action`),
  KEY `by_player` (`player_id`),
  CONSTRAINT `cred_stats_ibfk_1` FOREIGN KEY (`player_id`) REFERENCES `players` (`id`) ON DELETE SET NULL ON UPDATE CASCADE
) ENGINE=InnoDB DEFAULT CHARSET=utf8;
/*!40101 SET character_set_client = @saved_cs_client */;

--
-- Dumping data for table `cred_stats`
--

LOCK TABLES `cred_stats` WRITE;
/*!40000 ALTER TABLE `cred_stats` DISABLE KEYS */;
/*!40000 ALTER TABLE `cred_stats` ENABLE KEYS */;
UNLOCK TABLES;

--
-- Table structure for table `folliages`
--

DROP TABLE IF EXISTS `folliages`;
/*!40101 SET @saved_cs_client     = @@character_set_client */;
/*!40101 SET character_set_client = utf8 */;
CREATE TABLE `folliages` (
  `planet_id` int(11) NOT NULL,
  `x` tinyint(2) unsigned NOT NULL DEFAULT '0',
  `y` tinyint(2) unsigned NOT NULL DEFAULT '0',
  `kind` tinyint(2) unsigned NOT NULL DEFAULT '0',
  UNIQUE KEY `coords` (`planet_id`,`x`,`y`),
  CONSTRAINT `folliages_ibfk_1` FOREIGN KEY (`planet_id`) REFERENCES `ss_objects` (`id`) ON DELETE CASCADE
) ENGINE=InnoDB DEFAULT CHARSET=utf8;
/*!40101 SET character_set_client = @saved_cs_client */;

--
-- Dumping data for table `folliages`
--

LOCK TABLES `folliages` WRITE;
/*!40000 ALTER TABLE `folliages` DISABLE KEYS */;
INSERT INTO `folliages` VALUES (1,0,10,7),(1,0,14,3),(1,1,10,4),(1,1,11,12),(1,2,10,11),(1,2,16,2),(1,3,2,3),(1,3,16,7),(1,4,6,1),(1,4,8,8),(1,4,15,11),(1,5,6,13),(1,5,9,2),(1,6,3,9),(1,6,9,3),(1,6,14,9),(1,6,15,3),(1,7,4,6),(1,7,16,4),(1,8,4,9),(1,9,4,10),(1,9,5,7),(1,10,7,2),(1,10,15,5),(1,11,1,1),(1,11,3,7),(1,11,5,4),(1,11,15,7),(1,12,1,1),(1,12,2,6),(1,12,4,9),(1,12,9,7),(1,12,13,13),(1,13,6,9),(1,13,7,9),(1,18,8,10),(1,18,15,8),(1,19,9,0),(1,19,10,5),(1,20,13,2),(4,0,0,4),(4,0,12,9),(4,1,2,12),(4,1,3,11),(4,1,5,11),(4,2,6,11),(4,2,13,12),(4,3,7,2),(4,3,9,3),(4,4,1,13),(4,4,8,11),(4,4,11,10),(4,5,7,0),(4,5,9,1),(4,6,1,12),(4,6,6,10),(4,6,10,1),(4,7,7,1),(4,7,10,13),(4,8,0,1),(4,8,2,11),(4,8,3,2),(4,8,7,9),(4,8,8,5),(4,8,9,11),(4,9,7,4),(4,9,11,10),(4,9,12,1),(4,10,10,5),(4,11,0,8),(4,11,10,12),(4,12,0,5),(4,13,7,4),(4,14,10,8),(6,0,2,7),(6,1,4,12),(6,1,5,6),(6,1,7,5),(6,2,12,2),(6,3,7,4),(6,4,7,3),(6,4,9,7),(6,5,12,1),(6,6,3,3),(6,6,7,2),(6,7,0,8),(6,7,12,11),(6,8,0,8),(6,8,8,3),(6,8,12,6),(6,9,8,4),(6,9,9,11),(6,9,11,0),(6,10,0,5),(6,11,5,8),(6,12,3,5),(6,14,0,2),(6,14,8,2),(6,15,8,13),(6,16,3,7),(6,17,3,11),(6,17,12,9),(6,18,9,2),(6,18,12,10),(6,19,8,2),(6,19,9,10),(6,19,12,3),(6,20,4,12),(6,20,9,4),(6,21,3,8),(6,21,11,10),(6,21,12,12),(6,22,2,8),(6,22,11,10),(9,0,2,0),(9,0,5,1),(9,1,2,11),(9,1,3,6),(9,1,4,4),(9,1,5,4),(9,1,6,10),(9,3,2,4),(9,3,7,13),(9,3,12,0),(9,4,9,1),(9,4,11,8),(9,4,12,4),(9,5,7,10),(9,5,12,7),(9,6,2,7),(9,6,3,9),(9,7,1,8),(9,8,2,3),(9,8,11,11),(9,8,12,6),(9,9,6,6),(9,9,9,3),(9,9,10,3),(9,9,11,0),(9,10,2,2),(9,10,4,11),(9,10,5,1),(9,12,5,3),(9,15,0,6),(9,16,0,1),(9,16,8,8),(9,16,12,8),(9,17,0,13),(9,17,8,1),(9,17,9,5),(9,18,7,7),(9,18,9,6),(9,18,12,13),(9,20,3,0),(9,20,4,1),(9,20,8,7),(9,20,9,6),(9,20,11,7),(9,21,4,2),(9,21,8,6),(9,22,3,3),(9,22,11,4),(11,1,0,3),(11,1,2,13),(11,1,9,7),(11,2,1,5),(11,2,13,11),(11,3,0,3),(11,3,1,2),(11,3,14,11),(11,3,15,3),(11,4,0,5),(11,4,2,13),(11,4,5,6),(11,4,10,10),(11,4,21,2),(11,5,0,2),(11,5,1,3),(11,5,10,4),(11,5,21,0),(11,6,2,2),(11,6,19,6),(11,6,21,10),(11,6,24,4),(11,7,3,10),(11,7,5,0),(11,7,6,10),(11,7,11,2),(11,7,16,4),(11,7,17,10),(11,7,18,8),(11,7,23,7),(11,8,7,10),(11,8,14,5),(11,8,18,0),(11,9,8,3),(11,9,21,3),(11,9,22,11),(11,10,6,12),(11,10,11,12),(11,11,18,3),(11,11,20,0),(11,12,0,2),(11,12,20,9),(11,13,1,11),(11,13,2,1),(11,13,5,10),(11,13,20,6),(11,14,0,13),(11,14,7,12),(11,14,22,2),(11,15,1,0),(11,15,20,13),(11,15,22,1),(11,15,24,7),(11,15,25,6),(11,16,2,7),(11,17,0,0),(11,17,1,0),(11,17,2,12),(11,18,6,1),(11,18,21,10),(11,19,2,13),(11,19,3,6),(11,19,4,2),(11,19,12,10),(11,19,13,5),(11,19,15,13),(11,19,16,13),(11,20,5,11),(11,20,7,1),(11,20,15,12),(11,21,13,11),(11,21,20,12),(11,21,27,13),(11,23,11,5),(11,23,20,9),(11,23,21,0),(11,24,11,2),(11,24,12,12),(11,24,25,3),(11,24,27,12),(11,25,6,13),(11,25,8,5),(11,25,9,1),(11,25,21,3),(11,25,24,4),(11,25,26,3),(11,26,10,10),(11,26,13,5),(11,26,16,11),(11,26,22,10),(11,26,23,11),(11,26,27,1),(11,27,6,1),(11,27,9,13),(11,27,17,10),(11,27,21,6),(11,27,23,0),(11,27,25,3),(11,27,26,5),(20,0,8,5),(20,0,14,8),(20,0,19,3),(20,0,22,11),(20,1,0,5),(20,1,2,13),(20,1,13,11),(20,1,14,9),(20,1,21,8),(20,1,22,3),(20,2,3,13),(20,2,10,6),(20,2,13,5),(20,2,15,6),(20,3,9,8),(20,3,11,4),(20,3,15,1),(20,4,3,3),(20,4,13,13),(20,5,17,0),(20,5,20,7),(20,5,22,0),(20,6,12,2),(20,6,13,4),(20,6,14,10),(20,6,16,2),(20,6,19,0),(20,7,16,6),(20,8,19,1),(20,9,8,10),(20,9,13,3),(20,9,24,0),(20,10,9,13),(20,10,10,11),(20,11,4,9),(20,11,5,7),(20,11,13,1),(20,12,7,8),(20,12,24,9),(20,12,25,10),(20,13,6,6),(20,13,14,5),(20,13,24,5),(20,14,6,9),(20,14,18,6),(20,14,25,9),(20,15,5,2),(20,15,8,12),(20,15,11,11),(20,15,18,0),(20,15,24,9),(20,16,9,11),(20,16,13,6),(20,16,14,7),(20,16,23,2),(20,17,0,8),(20,17,13,1),(20,17,18,11),(20,17,24,8),(20,18,15,9),(20,19,11,0),(20,19,14,0),(20,20,7,9),(20,20,11,5),(20,20,12,7),(20,20,14,6),(20,20,16,1),(20,20,25,5),(20,21,8,4),(20,21,10,2),(20,22,8,0),(20,23,0,7),(20,23,3,10),(20,23,8,10),(20,23,13,7),(20,23,18,12),(20,24,7,11),(20,24,8,8),(20,25,11,9),(20,26,5,13),(20,28,5,7),(20,28,25,10),(20,30,25,1),(29,1,6,11),(29,1,10,7),(29,1,13,12),(29,2,6,5),(29,2,10,5),(29,3,7,13),(29,5,3,0),(29,5,4,8),(29,5,6,1),(29,5,10,6),(29,5,15,11),(29,6,3,9),(29,7,4,4),(29,7,11,0),(29,8,4,2),(29,8,8,6),(29,8,16,12),(29,9,10,0),(29,9,15,4),(29,9,16,7),(29,11,3,9),(29,11,5,7),(29,11,7,8),(29,11,11,10),(29,11,12,11),(29,11,13,2),(29,11,15,4),(29,11,16,2),(29,12,9,2),(29,12,10,9),(29,13,4,9),(29,13,5,5),(29,13,8,3),(29,13,16,12),(29,14,16,13),(29,15,6,7),(29,16,16,4),(29,17,6,4),(29,17,8,3),(29,17,9,12),(29,17,15,5),(29,18,6,11),(29,19,10,1),(29,19,15,11),(29,19,16,7),(29,20,4,13),(29,20,8,4),(29,20,9,9),(29,20,15,8),(29,20,16,10),(32,0,3,8),(32,0,5,10),(32,0,8,9),(32,0,20,13),(32,1,0,6),(32,1,7,12),(32,1,10,1),(32,1,19,6),(32,1,20,1),(32,1,26,8),(32,1,27,6),(32,1,28,0),(32,2,0,5),(32,2,25,6),(32,2,26,10),(32,2,27,13),(32,3,2,8),(32,3,26,10),(32,4,8,3),(32,4,9,1),(32,4,23,12),(32,4,27,11),(32,4,28,6),(32,6,2,10),(32,7,16,4),(32,7,24,2),(32,7,25,13),(32,7,26,3),(32,7,28,2),(32,8,21,7),(32,8,25,4),(32,8,29,3),(32,8,30,6),(32,9,1,0),(32,9,8,12),(32,9,9,8),(32,9,17,2),(32,9,26,9),(32,9,27,6),(32,9,29,5),(32,10,2,0),(32,10,3,11),(32,10,17,6),(32,11,1,1),(32,11,15,11),(32,11,19,8),(32,11,22,13),(32,12,0,4),(32,12,8,4),(32,12,19,13),(32,12,24,0),(32,12,31,1),(32,13,0,9),(32,13,19,9),(32,13,22,2),(32,13,27,10),(32,14,20,10),(32,14,21,5),(32,14,23,0),(32,14,24,7),(32,14,31,5),(32,15,22,4),(32,15,24,11),(32,15,26,11),(32,16,2,3),(32,16,3,9),(32,16,6,1),(32,16,11,8),(32,16,27,11),(32,17,0,7),(32,17,2,2),(32,17,25,1),(32,18,4,1),(32,18,8,11),(32,18,13,1),(32,18,25,3),(32,18,26,1),(32,18,29,9),(32,19,0,0),(32,19,7,7),(32,19,8,4),(32,19,24,1),(32,20,1,9),(32,20,3,12),(32,21,4,11),(32,21,5,6),(32,21,7,4),(32,21,8,7),(32,21,29,7),(32,22,1,2),(32,22,16,11),(32,23,3,13),(32,23,4,2),(32,23,5,0),(32,23,15,12),(32,23,29,9),(32,23,30,0),(32,24,8,12),(32,24,17,10),(32,24,19,3),(32,24,21,2),(32,25,1,13),(32,25,4,7),(32,25,8,12),(32,25,10,7),(32,25,31,7),(32,26,4,11),(32,26,7,3),(32,26,10,10),(32,26,25,11),(32,26,27,4),(32,27,2,7),(32,27,4,10),(32,27,6,3),(32,27,28,3),(32,28,1,10),(32,28,2,11),(32,28,5,7),(32,29,3,13),(32,29,5,2),(32,29,18,2),(32,30,1,8),(32,30,3,5),(32,30,22,0),(32,30,23,13),(45,0,11,11),(45,0,12,8),(45,1,2,10),(45,1,6,10),(45,2,0,9),(45,2,5,3),(45,3,0,2),(45,3,5,7),(45,3,7,6),(45,3,19,1),(45,4,0,4),(45,4,12,4),(45,4,14,8),(45,4,15,4),(45,4,16,9),(45,4,18,12),(45,5,1,0),(45,5,16,7),(45,6,4,3),(45,6,15,8),(45,6,17,10),(45,7,9,6),(45,7,10,5),(45,7,11,3),(45,7,14,7),(45,7,19,9),(45,7,20,6),(45,7,21,7),(45,8,0,5),(45,8,13,4),(45,8,16,0),(45,9,5,13),(45,9,11,10),(45,9,12,2),(45,9,17,13),(45,9,18,9),(45,9,22,2),(45,10,0,0),(45,10,11,3),(45,10,18,4),(45,10,19,9),(45,10,22,3),(45,10,29,4),(45,10,30,8),(45,12,0,1),(45,12,1,2),(45,12,23,10),(45,13,0,1),(45,13,1,11),(45,13,2,0),(45,13,4,10),(45,14,0,4),(45,14,25,5),(45,15,1,5),(45,15,6,13),(45,15,7,11),(45,15,16,13),(45,16,2,0),(45,17,0,13),(45,17,4,2),(45,18,14,5),(45,18,23,3),(45,19,1,1),(45,19,2,3),(45,19,3,5),(45,19,12,7),(45,19,14,11),(45,19,15,1),(45,20,12,13),(45,20,15,3),(45,20,17,11),(45,20,18,1),(45,20,30,3),(45,21,1,5),(45,21,3,7),(45,21,12,10),(45,22,14,7),(45,22,19,8),(45,22,20,7),(45,22,21,0),(45,22,23,9),(45,22,26,0),(45,23,0,10),(45,23,15,3),(45,23,19,9),(45,23,20,11),(45,23,24,13),(45,24,16,3),(45,24,22,1),(45,24,23,4),(45,24,26,11),(45,25,18,12),(45,25,24,1),(45,26,15,9),(45,26,20,11),(45,26,24,5),(45,27,1,7),(45,27,3,7),(45,27,4,7),(45,27,5,10),(45,27,11,10),(45,27,16,11),(45,27,23,2),(45,27,30,13),(59,0,7,11),(59,0,15,3),(59,0,17,6),(59,1,3,5),(59,1,10,10),(59,1,12,4),(59,1,16,9),(59,1,33,2),(59,2,8,7),(59,4,6,12),(59,4,15,7),(59,4,16,0),(59,4,17,2),(59,4,20,4),(59,5,18,5),(59,5,19,12),(59,5,32,13),(59,6,32,10),(59,7,6,13),(59,7,14,11),(59,7,17,5),(59,7,22,13),(59,7,23,1),(59,7,31,12),(59,8,15,11),(59,8,17,11),(59,8,22,5),(59,8,31,1),(59,8,32,0),(59,9,10,5),(59,9,32,13),(59,9,33,7),(59,10,12,0),(59,10,13,3),(59,10,16,11),(59,11,4,0),(59,11,32,8),(59,12,10,13),(59,12,18,10),(59,12,33,12),(59,13,1,0),(59,13,5,9),(59,13,7,3),(59,13,8,1),(59,13,14,0),(59,13,16,4),(59,13,17,12),(59,13,23,13),(59,13,32,4),(59,13,33,3),(59,14,10,8),(59,14,14,0),(59,14,15,4),(59,14,22,10),(59,14,32,6),(59,14,33,1),(59,15,30,7),(59,15,32,1),(59,16,3,9),(59,16,8,7),(59,16,15,7),(59,17,9,5),(59,17,30,2),(59,17,31,8),(59,18,4,10),(59,18,13,6),(59,18,18,5),(59,18,28,4),(59,18,30,13),(59,18,33,5),(59,19,6,9),(59,19,22,3),(59,19,24,12),(59,19,26,12),(59,19,30,12),(59,20,3,2),(59,20,18,10),(59,20,23,12),(59,21,26,6),(59,21,33,5),(59,22,2,12),(59,22,25,11),(59,23,2,11),(59,23,5,13),(59,23,23,12),(59,23,26,2),(59,23,27,7),(59,23,31,1),(59,24,4,9),(59,24,9,0),(59,24,18,2),(59,24,29,12),(59,24,32,6),(59,25,25,2),(59,26,10,1),(59,26,26,2),(59,26,29,13),(59,27,22,6),(59,27,23,3),(59,27,24,12),(59,27,25,13),(61,0,14,12),(61,0,16,11),(61,1,3,10),(61,1,4,1),(61,1,5,3),(61,1,10,1),(61,1,11,8),(61,1,13,10),(61,1,16,11),(61,3,2,3),(61,3,7,9),(61,5,7,12),(61,6,8,3),(61,6,16,11),(61,7,8,3),(61,9,4,9),(61,9,5,12),(61,9,7,11),(61,9,10,7),(61,9,15,8),(61,9,16,3),(61,10,6,7),(61,10,11,1),(61,11,1,9),(61,11,3,1),(61,12,13,7),(61,13,0,6),(61,13,2,0),(61,13,4,4),(61,13,10,5),(61,13,11,6),(61,13,12,7),(61,13,15,0),(61,14,6,11),(61,14,15,5),(61,16,6,10),(61,16,16,13),(61,17,10,10),(61,17,15,4),(61,18,8,0),(61,19,10,10),(61,19,12,2),(61,19,13,11),(61,20,6,13),(61,20,9,5),(61,20,11,3),(70,0,18,13),(70,0,20,3),(70,0,24,11),(70,1,2,3),(70,1,25,1),(70,2,11,5),(70,2,26,0),(70,4,10,5),(70,4,14,11),(70,4,15,1),(70,4,25,12),(70,5,2,8),(70,5,6,4),(70,5,14,0),(70,5,15,0),(70,6,5,3),(70,6,6,9),(70,6,20,6),(70,6,22,1),(70,7,7,4),(70,7,11,8),(70,7,12,4),(70,7,19,1),(70,8,13,11),(70,8,15,7),(70,9,2,11),(70,9,6,5),(70,9,18,11),(70,10,19,0),(70,11,29,0),(70,12,3,5),(70,12,19,0),(70,12,22,3),(70,13,18,5),(70,13,24,4),(70,13,26,8),(70,14,21,8),(70,15,24,5),(70,16,7,3),(70,16,18,8),(70,16,20,3),(70,16,24,2),(70,16,25,7),(70,17,5,5),(70,17,6,6),(70,17,18,1),(70,17,24,11),(70,17,25,6),(70,17,26,3),(70,17,27,2),(70,18,6,4),(70,18,18,4),(70,18,20,9),(70,19,21,10),(70,20,24,6),(70,20,25,6),(70,20,26,4),(70,21,10,9),(70,21,12,7),(70,21,24,7),(70,21,25,12),(70,22,7,1),(70,22,8,10),(70,22,15,1),(70,23,7,9),(70,23,12,11),(70,24,3,8),(70,24,15,0),(70,25,2,12),(70,25,16,6),(70,25,19,1),(70,25,22,11),(70,25,25,10),(70,25,28,3),(70,26,11,2),(70,26,15,7),(70,26,17,0),(70,26,18,6),(70,26,19,0),(70,26,25,8),(70,27,15,10),(70,28,0,5),(70,29,0,4),(70,29,3,10),(70,29,6,10),(70,29,14,6),(74,0,0,7),(74,0,1,12),(74,0,6,4),(74,0,23,1),(74,0,25,2),(74,1,3,5),(74,1,22,7),(74,1,24,2),(74,1,25,2),(74,1,27,7),(74,2,16,10),(74,2,20,5),(74,3,1,13),(74,3,4,2),(74,3,6,1),(74,3,20,5),(74,4,5,3),(74,4,21,2),(74,5,5,7),(74,5,22,12),(74,6,9,6),(74,6,21,6),(74,6,26,7),(74,7,24,2),(74,8,8,12),(74,8,9,2),(74,8,24,6),(74,8,26,7),(74,8,27,5),(74,9,6,2),(74,9,8,2),(74,9,10,4),(74,10,4,5),(74,10,7,7),(74,10,8,7),(74,10,9,3),(74,10,18,3),(74,10,19,11),(74,10,20,8),(74,10,27,12),(74,11,5,13),(74,12,4,11),(74,12,5,5),(74,12,8,8),(74,12,11,11),(74,12,14,9),(74,12,16,9),(74,12,26,11),(74,13,7,5),(74,13,10,8),(74,13,12,8),(74,13,15,5),(74,14,13,8),(74,14,22,3),(74,14,27,10),(74,15,0,2),(74,15,14,8),(74,15,24,9),(74,16,10,5),(74,16,13,8),(74,17,3,0),(74,17,13,13),(74,17,22,8),(74,17,23,8),(74,17,26,7),(74,18,6,11),(74,18,7,4),(74,18,8,2),(74,18,22,12),(74,18,23,9),(74,18,27,12),(74,19,7,7),(74,19,9,0),(74,20,3,2),(74,20,4,3),(74,20,16,9),(74,20,25,3),(74,21,2,8),(74,21,4,1),(74,21,8,2),(74,22,0,1),(74,22,8,6),(74,22,12,10),(74,22,14,5),(74,23,15,6),(74,23,19,13),(74,24,14,3),(74,25,19,4),(74,25,26,11),(74,26,4,0),(74,26,17,0),(74,27,13,10),(74,27,17,2),(74,27,18,6),(74,28,13,4),(74,28,17,10),(74,28,22,6),(74,29,13,9),(74,29,20,13),(74,29,23,3),(74,29,26,10),(74,30,20,3),(74,31,23,11);
/*!40000 ALTER TABLE `folliages` ENABLE KEYS */;
UNLOCK TABLES;

--
-- Table structure for table `fow_galaxy_entries`
--

DROP TABLE IF EXISTS `fow_galaxy_entries`;
/*!40101 SET @saved_cs_client     = @@character_set_client */;
/*!40101 SET character_set_client = utf8 */;
CREATE TABLE `fow_galaxy_entries` (
  `id` int(11) NOT NULL AUTO_INCREMENT,
  `galaxy_id` int(11) NOT NULL,
  `player_id` int(11) DEFAULT NULL,
  `alliance_id` int(11) DEFAULT NULL,
  `x` int(11) NOT NULL,
  `y` int(11) NOT NULL,
  `x_end` int(11) NOT NULL,
  `y_end` int(11) NOT NULL,
  `counter` tinyint(2) unsigned NOT NULL DEFAULT '1',
  PRIMARY KEY (`id`),
  UNIQUE KEY `player_visiblity` (`player_id`,`x`,`y`,`x_end`,`y_end`),
  UNIQUE KEY `alliance_visiblity` (`alliance_id`,`x`,`y`,`x_end`,`y_end`),
  KEY `lookup_players_by_coords` (`galaxy_id`,`x`,`x_end`,`y`,`y_end`),
  KEY `for_cleanup` (`counter`),
  CONSTRAINT `fow_galaxy_entries_ibfk_1` FOREIGN KEY (`galaxy_id`) REFERENCES `galaxies` (`id`) ON DELETE CASCADE
) ENGINE=InnoDB DEFAULT CHARSET=utf8;
/*!40101 SET character_set_client = @saved_cs_client */;

--
-- Dumping data for table `fow_galaxy_entries`
--

LOCK TABLES `fow_galaxy_entries` WRITE;
/*!40000 ALTER TABLE `fow_galaxy_entries` DISABLE KEYS */;
/*!40000 ALTER TABLE `fow_galaxy_entries` ENABLE KEYS */;
UNLOCK TABLES;

--
-- Table structure for table `fow_ss_entries`
--

DROP TABLE IF EXISTS `fow_ss_entries`;
/*!40101 SET @saved_cs_client     = @@character_set_client */;
/*!40101 SET character_set_client = utf8 */;
CREATE TABLE `fow_ss_entries` (
  `id` int(11) NOT NULL AUTO_INCREMENT,
  `solar_system_id` int(11) NOT NULL,
  `player_id` int(11) DEFAULT NULL,
  `counter` int(11) NOT NULL DEFAULT '0',
  `player_planets` tinyint(1) DEFAULT NULL,
  `player_ships` tinyint(1) DEFAULT NULL,
  `enemy_planets` tinyint(1) NOT NULL DEFAULT '0',
  `enemy_ships` tinyint(1) NOT NULL DEFAULT '0',
  `alliance_id` int(11) DEFAULT NULL,
  `alliance_planet_player_ids` text,
  `alliance_ship_player_ids` text,
  `nap_planets` tinyint(1) DEFAULT NULL,
  `nap_ships` tinyint(1) DEFAULT NULL,
  PRIMARY KEY (`id`),
  UNIQUE KEY `create_for_player` (`solar_system_id`,`player_id`),
  UNIQUE KEY `create_for_alliance` (`solar_system_id`,`alliance_id`),
  KEY `select_by_player` (`player_id`),
  KEY `select_by_alliance` (`alliance_id`),
  KEY `for_cleanup` (`counter`),
  CONSTRAINT `fow_ss_entries_ibfk_3` FOREIGN KEY (`alliance_id`) REFERENCES `alliances` (`id`) ON DELETE CASCADE,
  CONSTRAINT `fow_ss_entries_ibfk_1` FOREIGN KEY (`solar_system_id`) REFERENCES `solar_systems` (`id`) ON DELETE CASCADE,
  CONSTRAINT `fow_ss_entries_ibfk_2` FOREIGN KEY (`player_id`) REFERENCES `players` (`id`) ON DELETE CASCADE
) ENGINE=InnoDB AUTO_INCREMENT=2 DEFAULT CHARSET=utf8;
/*!40101 SET character_set_client = @saved_cs_client */;

--
-- Dumping data for table `fow_ss_entries`
--

LOCK TABLES `fow_ss_entries` WRITE;
/*!40000 ALTER TABLE `fow_ss_entries` DISABLE KEYS */;
INSERT INTO `fow_ss_entries` VALUES (1,12,1,1,1,0,0,0,NULL,NULL,NULL,NULL,NULL);
/*!40000 ALTER TABLE `fow_ss_entries` ENABLE KEYS */;
UNLOCK TABLES;

--
-- Table structure for table `galaxies`
--

DROP TABLE IF EXISTS `galaxies`;
/*!40101 SET @saved_cs_client     = @@character_set_client */;
/*!40101 SET character_set_client = utf8 */;
CREATE TABLE `galaxies` (
  `id` int(11) NOT NULL AUTO_INCREMENT,
  `created_at` datetime NOT NULL,
  `ruleset` varchar(30) NOT NULL DEFAULT '0',
  `callback_url` varchar(255) NOT NULL,
  PRIMARY KEY (`id`)
) ENGINE=InnoDB AUTO_INCREMENT=2 DEFAULT CHARSET=utf8;
/*!40101 SET character_set_client = @saved_cs_client */;

--
-- Dumping data for table `galaxies`
--

LOCK TABLES `galaxies` WRITE;
/*!40000 ALTER TABLE `galaxies` DISABLE KEYS */;
INSERT INTO `galaxies` VALUES (1,'2011-09-16 17:17:26','dev','localhost');
/*!40000 ALTER TABLE `galaxies` ENABLE KEYS */;
UNLOCK TABLES;

--
-- Table structure for table `market_offers`
--

DROP TABLE IF EXISTS `market_offers`;
/*!40101 SET @saved_cs_client     = @@character_set_client */;
/*!40101 SET character_set_client = utf8 */;
CREATE TABLE `market_offers` (
  `id` int(11) NOT NULL AUTO_INCREMENT,
  `galaxy_id` int(11) NOT NULL,
  `planet_id` int(10) DEFAULT NULL,
  `from_kind` tinyint(2) unsigned NOT NULL,
  `from_amount` int(10) unsigned NOT NULL,
  `to_kind` tinyint(2) unsigned NOT NULL,
  `to_rate` float unsigned NOT NULL,
  `created_at` datetime NOT NULL,
  PRIMARY KEY (`id`),
  KEY `galaxy foreign key` (`galaxy_id`),
  KEY `planet foreign key` (`planet_id`),
  KEY `avg. market value` (`from_kind`,`to_kind`),
  CONSTRAINT `market_offers_ibfk_1` FOREIGN KEY (`galaxy_id`) REFERENCES `galaxies` (`id`) ON DELETE CASCADE ON UPDATE CASCADE,
  CONSTRAINT `market_offers_ibfk_2` FOREIGN KEY (`planet_id`) REFERENCES `ss_objects` (`id`) ON DELETE CASCADE ON UPDATE CASCADE
) ENGINE=InnoDB DEFAULT CHARSET=utf8;
/*!40101 SET character_set_client = @saved_cs_client */;

--
-- Dumping data for table `market_offers`
--

LOCK TABLES `market_offers` WRITE;
/*!40000 ALTER TABLE `market_offers` DISABLE KEYS */;
/*!40000 ALTER TABLE `market_offers` ENABLE KEYS */;
UNLOCK TABLES;

--
-- Table structure for table `market_rates`
--

DROP TABLE IF EXISTS `market_rates`;
/*!40101 SET @saved_cs_client     = @@character_set_client */;
/*!40101 SET character_set_client = utf8 */;
CREATE TABLE `market_rates` (
  `id` int(11) NOT NULL AUTO_INCREMENT,
  `galaxy_id` int(11) NOT NULL,
  `from_kind` tinyint(2) unsigned NOT NULL,
  `to_kind` tinyint(2) unsigned NOT NULL,
  `from_amount` int(10) unsigned NOT NULL,
  `to_rate` float NOT NULL,
  PRIMARY KEY (`id`),
  KEY `lookup` (`galaxy_id`,`from_kind`,`to_kind`),
  CONSTRAINT `market_rates_ibfk_1` FOREIGN KEY (`galaxy_id`) REFERENCES `galaxies` (`id`) ON DELETE CASCADE ON UPDATE CASCADE
) ENGINE=InnoDB DEFAULT CHARSET=utf8;
/*!40101 SET character_set_client = @saved_cs_client */;

--
-- Dumping data for table `market_rates`
--

LOCK TABLES `market_rates` WRITE;
/*!40000 ALTER TABLE `market_rates` DISABLE KEYS */;
/*!40000 ALTER TABLE `market_rates` ENABLE KEYS */;
UNLOCK TABLES;

--
-- Table structure for table `naps`
--

DROP TABLE IF EXISTS `naps`;
/*!40101 SET @saved_cs_client     = @@character_set_client */;
/*!40101 SET character_set_client = utf8 */;
CREATE TABLE `naps` (
  `id` int(11) NOT NULL AUTO_INCREMENT,
  `initiator_id` int(11) NOT NULL,
  `acceptor_id` int(11) NOT NULL,
  `status` tinyint(2) unsigned NOT NULL DEFAULT '0',
  `created_at` datetime NOT NULL,
  `expires_at` datetime DEFAULT NULL,
  PRIMARY KEY (`id`),
  UNIQUE KEY `enforce_one_nap_per_pair` (`initiator_id`,`acceptor_id`),
  KEY `lookup_naps_for_alliance_1st` (`initiator_id`,`status`),
  KEY `lookup_naps_for_alliance_2nd` (`acceptor_id`,`status`),
  CONSTRAINT `naps_ibfk_2` FOREIGN KEY (`acceptor_id`) REFERENCES `alliances` (`id`) ON DELETE CASCADE,
  CONSTRAINT `naps_ibfk_1` FOREIGN KEY (`initiator_id`) REFERENCES `alliances` (`id`) ON DELETE CASCADE
) ENGINE=InnoDB DEFAULT CHARSET=utf8;
/*!40101 SET character_set_client = @saved_cs_client */;

--
-- Dumping data for table `naps`
--

LOCK TABLES `naps` WRITE;
/*!40000 ALTER TABLE `naps` DISABLE KEYS */;
/*!40000 ALTER TABLE `naps` ENABLE KEYS */;
UNLOCK TABLES;

--
-- Table structure for table `notifications`
--

DROP TABLE IF EXISTS `notifications`;
/*!40101 SET @saved_cs_client     = @@character_set_client */;
/*!40101 SET character_set_client = utf8 */;
CREATE TABLE `notifications` (
  `id` int(11) NOT NULL AUTO_INCREMENT,
  `player_id` int(11) NOT NULL,
  `created_at` datetime NOT NULL,
  `expires_at` datetime NOT NULL,
  `event` tinyint(2) unsigned NOT NULL,
  `params` text,
  `starred` tinyint(1) NOT NULL DEFAULT '0',
  `read` tinyint(1) NOT NULL DEFAULT '0',
  PRIMARY KEY (`id`),
  KEY `order` (`read`,`created_at`),
  KEY `player_with_event` (`player_id`,`event`),
  CONSTRAINT `notifications_ibfk_1` FOREIGN KEY (`player_id`) REFERENCES `players` (`id`) ON DELETE CASCADE
) ENGINE=InnoDB DEFAULT CHARSET=utf8;
/*!40101 SET character_set_client = @saved_cs_client */;

--
-- Dumping data for table `notifications`
--

LOCK TABLES `notifications` WRITE;
/*!40000 ALTER TABLE `notifications` DISABLE KEYS */;
/*!40000 ALTER TABLE `notifications` ENABLE KEYS */;
UNLOCK TABLES;

--
-- Table structure for table `objective_progresses`
--

DROP TABLE IF EXISTS `objective_progresses`;
/*!40101 SET @saved_cs_client     = @@character_set_client */;
/*!40101 SET character_set_client = utf8 */;
CREATE TABLE `objective_progresses` (
  `id` int(11) NOT NULL AUTO_INCREMENT,
  `objective_id` int(11) DEFAULT NULL,
  `player_id` int(11) DEFAULT NULL,
  `completed` int(10) unsigned NOT NULL DEFAULT '0',
  PRIMARY KEY (`id`),
  KEY `objective_fk` (`objective_id`),
  KEY `player_fk` (`player_id`),
  CONSTRAINT `objective_progresses_ibfk_1` FOREIGN KEY (`objective_id`) REFERENCES `objectives` (`id`) ON DELETE CASCADE,
  CONSTRAINT `objective_progresses_ibfk_2` FOREIGN KEY (`player_id`) REFERENCES `players` (`id`) ON DELETE CASCADE
) ENGINE=InnoDB AUTO_INCREMENT=122 DEFAULT CHARSET=utf8;
/*!40101 SET character_set_client = @saved_cs_client */;

--
-- Dumping data for table `objective_progresses`
--

LOCK TABLES `objective_progresses` WRITE;
/*!40000 ALTER TABLE `objective_progresses` DISABLE KEYS */;
INSERT INTO `objective_progresses` VALUES (1,1,1,0),(2,127,1,0),(3,128,1,0),(4,129,1,0),(5,130,1,0),(6,131,1,0),(7,132,1,0),(8,133,1,0),(9,134,1,0),(10,135,1,0),(11,136,1,0),(12,137,1,0),(13,138,1,0),(14,139,1,0),(15,140,1,0),(16,141,1,0),(17,142,1,0),(18,143,1,0),(19,144,1,0),(20,145,1,0),(21,146,1,0),(22,147,1,0),(23,148,1,0),(24,149,1,0),(25,150,1,0),(26,151,1,0),(27,152,1,0),(28,153,1,0),(29,154,1,0),(30,155,1,0),(31,156,1,0),(32,157,1,0),(33,158,1,0),(34,159,1,0),(35,160,1,0),(36,161,1,0),(37,162,1,0),(38,163,1,0),(39,164,1,0),(40,165,1,0),(41,166,1,0),(42,167,1,0),(43,168,1,0),(44,169,1,0),(45,170,1,0),(46,171,1,0),(47,172,1,0),(48,173,1,0),(49,174,1,0),(50,175,1,0),(51,176,1,0),(52,177,1,0),(53,178,1,0),(54,179,1,0),(55,180,1,0),(56,181,1,0),(57,182,1,0),(58,183,1,0),(59,184,1,0),(60,185,1,0),(61,186,1,0),(62,187,1,0),(63,188,1,0),(64,189,1,0),(65,190,1,0),(66,191,1,0),(67,192,1,0),(68,193,1,0),(69,194,1,0),(70,195,1,0),(71,196,1,0),(72,197,1,0),(73,198,1,0),(74,199,1,0),(75,200,1,0),(76,201,1,0),(77,202,1,0),(78,203,1,0),(79,204,1,0),(80,205,1,0),(81,206,1,0),(82,207,1,0),(83,208,1,0),(84,209,1,0),(85,210,1,0),(86,211,1,0),(87,212,1,0),(88,213,1,0),(89,214,1,0),(90,215,1,0),(91,216,1,0),(92,217,1,0),(93,218,1,0),(94,219,1,0),(95,220,1,0),(96,221,1,0),(97,222,1,0),(98,223,1,0),(99,224,1,0),(100,225,1,0),(101,226,1,0),(102,227,1,0),(103,228,1,0),(104,229,1,0),(105,230,1,0),(106,231,1,0),(107,232,1,0),(108,233,1,0),(109,234,1,0),(110,235,1,0),(111,236,1,0),(112,237,1,0),(113,238,1,0),(114,239,1,0),(115,240,1,0),(116,241,1,0),(117,242,1,0),(118,243,1,0),(119,244,1,0),(120,245,1,0),(121,246,1,0);
/*!40000 ALTER TABLE `objective_progresses` ENABLE KEYS */;
UNLOCK TABLES;

--
-- Table structure for table `objectives`
--

DROP TABLE IF EXISTS `objectives`;
/*!40101 SET @saved_cs_client     = @@character_set_client */;
/*!40101 SET character_set_client = utf8 */;
CREATE TABLE `objectives` (
  `id` int(11) NOT NULL AUTO_INCREMENT,
  `quest_id` int(11) NOT NULL,
  `type` varchar(255) NOT NULL,
  `key` varchar(255) DEFAULT NULL,
  `count` int(10) unsigned NOT NULL DEFAULT '1',
  `level` tinyint(2) unsigned DEFAULT NULL,
  `alliance` tinyint(1) NOT NULL DEFAULT '0',
  `npc` tinyint(1) NOT NULL DEFAULT '0',
  `limit` int(10) unsigned DEFAULT NULL,
  `outcome` tinyint(2) DEFAULT NULL,
  PRIMARY KEY (`id`),
  KEY `quest_objectives` (`quest_id`),
  KEY `on_progress` (`type`,`key`),
  CONSTRAINT `objectives_ibfk_1` FOREIGN KEY (`quest_id`) REFERENCES `quests` (`id`) ON DELETE CASCADE
) ENGINE=InnoDB AUTO_INCREMENT=247 DEFAULT CHARSET=utf8;
/*!40101 SET character_set_client = @saved_cs_client */;

--
-- Dumping data for table `objectives`
--

LOCK TABLES `objectives` WRITE;
/*!40000 ALTER TABLE `objectives` DISABLE KEYS */;
INSERT INTO `objectives` VALUES (1,1,'HaveUpgradedTo','Building::CollectorT1',1,1,0,0,NULL,NULL),(2,2,'HaveUpgradedTo','Building::MetalExtractor',1,1,0,0,NULL,NULL),(3,3,'HaveUpgradedTo','Building::CollectorT1',2,1,0,0,NULL,NULL),(4,3,'HaveUpgradedTo','Building::MetalExtractor',2,1,0,0,NULL,NULL),(5,22,'ExploreBlock','ExploreBlock',1,NULL,0,0,9,NULL),(6,23,'ExploreBlock','ExploreBlock',10,NULL,0,0,9,NULL),(7,4,'HaveUpgradedTo','Building::CollectorT1',2,3,0,0,NULL,NULL),(8,4,'HaveUpgradedTo','Building::MetalExtractor',2,3,0,0,NULL,NULL),(9,5,'HaveUpgradedTo','Building::CollectorT1',2,4,0,0,NULL,NULL),(10,5,'HaveUpgradedTo','Building::MetalExtractor',2,4,0,0,NULL,NULL),(11,6,'HaveUpgradedTo','Building::Barracks',1,1,0,0,NULL,NULL),(12,7,'HaveUpgradedTo','Unit::Trooper',8,1,0,0,NULL,NULL),(13,80,'HaveWarPoints','Player',1,NULL,0,0,2000,NULL),(14,81,'HaveWarPoints','Player',1,NULL,0,0,2800,NULL),(15,82,'HaveWarPoints','Player',1,NULL,0,0,3920,NULL),(16,83,'HaveWarPoints','Player',1,NULL,0,0,5488,NULL),(17,84,'HaveWarPoints','Player',1,NULL,0,0,7684,NULL),(18,85,'HaveWarPoints','Player',1,NULL,0,0,10000,NULL),(19,86,'HaveWarPoints','Player',1,NULL,0,0,13701,NULL),(20,87,'HaveWarPoints','Player',1,NULL,0,0,18770,NULL),(21,88,'HaveWarPoints','Player',1,NULL,0,0,25714,NULL),(22,89,'HaveWarPoints','Player',1,NULL,0,0,35228,NULL),(23,90,'HaveWarPoints','Player',1,NULL,0,0,48262,NULL),(24,91,'HaveWarPoints','Player',1,NULL,0,0,66119,NULL),(25,92,'HaveWarPoints','Player',1,NULL,0,0,90583,NULL),(26,93,'HaveWarPoints','Player',1,NULL,0,0,124098,NULL),(27,94,'HaveWarPoints','Player',1,NULL,0,0,170015,NULL),(28,106,'HaveWarPoints','Player',1,NULL,0,0,200000,NULL),(29,107,'HaveWarPoints','Player',1,NULL,0,0,230000,NULL),(30,108,'HaveWarPoints','Player',1,NULL,0,0,264500,NULL),(31,109,'HaveWarPoints','Player',1,NULL,0,0,304175,NULL),(32,110,'HaveWarPoints','Player',1,NULL,0,0,349802,NULL),(33,111,'HaveWarPoints','Player',1,NULL,0,0,402272,NULL),(34,112,'HaveWarPoints','Player',1,NULL,0,0,462613,NULL),(35,113,'HaveWarPoints','Player',1,NULL,0,0,532004,NULL),(36,114,'HaveWarPoints','Player',1,NULL,0,0,611805,NULL),(37,115,'HaveWarPoints','Player',1,NULL,0,0,703576,NULL),(38,8,'DestroyNpcBuilding','Building::NpcMetalExtractor',1,1,0,0,NULL,NULL),(39,32,'HaveUpgradedTo','Building::MetalExtractor',3,4,0,0,NULL,NULL),(40,9,'HaveUpgradedTo','Building::MetalExtractor',1,7,0,0,NULL,NULL),(41,10,'HaveUpgradedTo','Building::CollectorT1',1,7,0,0,NULL,NULL),(42,116,'BecomeVip','Vip',1,1,0,0,NULL,NULL),(43,117,'Accelerate','Building',1,NULL,0,0,NULL,NULL),(44,11,'HaveUpgradedTo','Building::ResearchCenter',1,1,0,0,NULL,NULL),(45,24,'ExploreBlock','ExploreBlock',5,NULL,0,0,12,NULL),(46,25,'ExploreBlock','ExploreBlock',5,NULL,0,0,16,NULL),(47,26,'ExploreBlock','ExploreBlock',10,NULL,0,0,36,NULL),(48,12,'HaveUpgradedTo','Unit::Seeker',3,1,0,0,NULL,NULL),(49,13,'HaveUpgradedTo','Unit::Trooper',4,2,0,0,NULL,NULL),(50,72,'HaveSciencePoints','Player',1,NULL,0,0,2500,NULL),(51,73,'HaveSciencePoints','Player',1,NULL,0,0,5000,NULL),(52,74,'HaveSciencePoints','Player',1,NULL,0,0,10000,NULL),(53,75,'HaveSciencePoints','Player',1,NULL,0,0,25000,NULL),(54,76,'HaveSciencePoints','Player',1,NULL,0,0,50000,NULL),(55,77,'HaveSciencePoints','Player',1,NULL,0,0,100000,NULL),(56,78,'HaveSciencePoints','Player',1,NULL,0,0,150000,NULL),(57,79,'HaveSciencePoints','Player',1,NULL,0,0,200000,NULL),(58,118,'HaveUpgradedTo','Technology::Market',1,1,0,0,NULL,NULL),(59,118,'HaveUpgradedTo','Building::Market',1,1,0,0,NULL,NULL),(60,27,'DestroyNpcBuilding','Building::NpcZetiumExtractor',1,1,0,0,NULL,NULL),(61,66,'HaveArmyPoints','Player',1,NULL,0,0,500,NULL),(62,67,'HaveArmyPoints','Player',1,NULL,0,0,850,NULL),(63,68,'HaveArmyPoints','Player',1,NULL,0,0,1445,NULL),(64,69,'HaveArmyPoints','Player',1,NULL,0,0,2457,NULL),(65,70,'HaveArmyPoints','Player',1,NULL,0,0,5000,NULL),(66,71,'HaveArmyPoints','Player',1,NULL,0,0,8500,NULL),(67,95,'HaveArmyPoints','Player',1,NULL,0,0,15000,NULL),(68,96,'HaveArmyPoints','Player',1,NULL,0,0,21000,NULL),(69,97,'HaveArmyPoints','Player',1,NULL,0,0,29400,NULL),(70,98,'HaveArmyPoints','Player',1,NULL,0,0,41160,NULL),(71,99,'HaveArmyPoints','Player',1,NULL,0,0,57624,NULL),(72,100,'HaveArmyPoints','Player',1,NULL,0,0,80674,NULL),(73,101,'HaveArmyPoints','Player',1,NULL,0,0,112944,NULL),(74,102,'HaveArmyPoints','Player',1,NULL,0,0,158121,NULL),(75,14,'HaveUpgradedTo','Technology::ZetiumExtraction',1,1,0,0,NULL,NULL),(76,15,'HaveUpgradedTo','Building::ZetiumExtractor',1,1,0,0,NULL,NULL),(77,121,'HaveUpgradedTo','Building::Housing',1,1,0,0,NULL,NULL),(78,16,'HavePoints','Player',1,NULL,0,0,15000,NULL),(79,28,'HavePoints','Player',1,NULL,0,0,30000,NULL),(80,29,'HavePoints','Player',1,NULL,0,0,60000,NULL),(81,30,'HavePoints','Player',1,NULL,0,0,80000,NULL),(82,33,'HavePoints','Player',1,NULL,0,0,150000,NULL),(83,64,'HavePoints','Player',1,NULL,0,0,350000,NULL),(84,17,'HaveUpgradedTo','Building::MetalStorage',1,2,0,0,NULL,NULL),(85,17,'HaveUpgradedTo','Building::EnergyStorage',1,1,0,0,NULL,NULL),(86,17,'HaveUpgradedTo','Building::ZetiumStorage',1,1,0,0,NULL,NULL),(87,18,'HaveUpgradedTo','Technology::SpaceFactory',1,1,0,0,NULL,NULL),(88,19,'HaveUpgradedTo','Building::SpaceFactory',1,1,0,0,NULL,NULL),(89,31,'HaveUpgradedTo','Unit::Crow',5,1,0,0,NULL,NULL),(90,119,'Destroy','Unit::Dirac',4,1,0,0,NULL,NULL),(91,120,'HaveUpgradedTo','Unit::Mule',1,1,0,0,NULL,NULL),(92,35,'Destroy','Unit::Dirac',14,1,0,0,NULL,NULL),(93,36,'Destroy','Unit::Thor',10,1,0,0,NULL,NULL),(94,37,'Destroy','Unit::Demosis',6,1,0,0,NULL,NULL),(95,20,'HavePlanets','SsObject::Planet',2,NULL,0,0,NULL,NULL),(96,21,'UpgradeTo','Building::Headquarters',1,1,0,0,NULL,NULL),(97,34,'HaveUpgradedTo','Building::Radar',1,1,0,0,NULL,NULL),(98,38,'HavePlanets','SsObject::Planet',3,NULL,0,0,NULL,NULL),(99,39,'HavePlanets','SsObject::Planet',4,NULL,0,0,NULL,NULL),(100,40,'HavePlanets','SsObject::Planet',5,NULL,0,0,NULL,NULL),(101,41,'HavePlanets','SsObject::Planet',6,NULL,0,0,NULL,NULL),(102,42,'HavePlanets','SsObject::Planet',7,NULL,0,0,NULL,NULL),(103,43,'Destroy','Unit::Mule',2,1,0,0,NULL,NULL),(104,44,'Destroy','Unit::Crow',6,1,0,0,NULL,NULL),(105,45,'Destroy','Unit::Cyrix',4,1,0,0,NULL,NULL),(106,46,'Destroy','Unit::Cyrix',10,1,0,0,NULL,NULL),(107,47,'Destroy','Unit::Avenger',6,1,0,0,NULL,NULL),(108,48,'Destroy','Unit::Avenger',15,1,0,0,NULL,NULL),(109,49,'Destroy','Unit::Dart',6,1,0,0,NULL,NULL),(110,50,'Destroy','Unit::Dart',15,1,0,0,NULL,NULL),(111,51,'Destroy','Unit::Rhyno',1,1,0,0,NULL,NULL),(112,52,'Destroy','Unit::Rhyno',4,1,0,0,NULL,NULL),(113,53,'Destroy','Unit::Trooper',10,1,0,0,NULL,NULL),(114,53,'Destroy','Unit::Shocker',5,1,0,0,NULL,NULL),(115,53,'Destroy','Unit::Seeker',8,1,0,0,NULL,NULL),(116,54,'Destroy','Unit::Scorpion',15,1,0,0,NULL,NULL),(117,54,'Destroy','Unit::Azure',5,1,0,0,NULL,NULL),(118,55,'Destroy','Building::Vulcan',2,1,0,0,NULL,NULL),(119,56,'Destroy','Building::Vulcan',6,1,0,0,NULL,NULL),(120,57,'Destroy','Building::Vulcan',10,1,0,0,NULL,NULL),(121,58,'Destroy','Building::Screamer',2,1,0,0,NULL,NULL),(122,59,'Destroy','Building::Screamer',6,1,0,0,NULL,NULL),(123,60,'Destroy','Building::Screamer',10,1,0,0,NULL,NULL),(124,61,'Destroy','Building::Thunder',2,1,0,0,NULL,NULL),(125,62,'Destroy','Building::Thunder',6,1,0,0,NULL,NULL),(126,63,'Destroy','Building::Thunder',10,1,0,0,NULL,NULL),(127,10000,'ExploreBlock','ExploreBlock',50,NULL,0,0,NULL,NULL),(128,10001,'ExploreBlock','ExploreBlock',100,NULL,0,0,NULL,NULL),(129,10002,'ExploreBlock','ExploreBlock',250,NULL,0,0,NULL,NULL),(130,10003,'ExploreBlock','ExploreBlock',500,NULL,0,0,NULL,NULL),(131,10004,'ExploreBlock','ExploreBlock',1000,NULL,0,0,NULL,NULL),(132,10005,'ExploreBlock','ExploreBlock',2500,NULL,0,0,NULL,NULL),(133,10020,'Destroy','Unit',100,1,0,0,NULL,NULL),(134,10021,'Destroy','Unit',250,1,0,0,NULL,NULL),(135,10022,'Destroy','Unit',500,1,0,0,NULL,NULL),(136,10023,'Destroy','Unit',1000,1,0,0,NULL,NULL),(137,10024,'Destroy','Unit',2500,1,0,0,NULL,NULL),(138,10025,'Destroy','Unit',5000,1,0,0,NULL,NULL),(139,10026,'Destroy','Unit',10000,1,0,0,NULL,NULL),(140,10027,'Destroy','Unit',25000,1,0,0,NULL,NULL),(141,10040,'Destroy','Building',10,1,0,0,NULL,NULL),(142,10041,'Destroy','Building',25,1,0,0,NULL,NULL),(143,10042,'Destroy','Building',50,1,0,0,NULL,NULL),(144,10043,'Destroy','Building',100,1,0,0,NULL,NULL),(145,10044,'Destroy','Building',250,1,0,0,NULL,NULL),(146,10045,'Destroy','Building',500,1,0,0,NULL,NULL),(147,10060,'SelfDestruct','Building',5,NULL,0,0,NULL,NULL),(148,10061,'SelfDestruct','Building',10,NULL,0,0,NULL,NULL),(149,10062,'SelfDestruct','Building',25,NULL,0,0,NULL,NULL),(150,10063,'SelfDestruct','Building',50,NULL,0,0,NULL,NULL),(151,10064,'SelfDestruct','Building',75,NULL,0,0,NULL,NULL),(152,10065,'SelfDestruct','Building',100,NULL,0,0,NULL,NULL),(153,10080,'AccelerateFlight','',5,NULL,0,0,NULL,NULL),(154,10081,'AccelerateFlight','',10,NULL,0,0,NULL,NULL),(155,10082,'AccelerateFlight','',25,NULL,0,0,NULL,NULL),(156,10083,'AccelerateFlight','',50,NULL,0,0,NULL,NULL),(157,10084,'AccelerateFlight','',75,NULL,0,0,NULL,NULL),(158,10085,'AccelerateFlight','',100,NULL,0,0,NULL,NULL),(159,10100,'UpgradeTo','Unit',100,1,0,0,NULL,NULL),(160,10101,'UpgradeTo','Unit',250,1,0,0,NULL,NULL),(161,10102,'UpgradeTo','Unit',500,1,0,0,NULL,NULL),(162,10103,'UpgradeTo','Unit',1000,1,0,0,NULL,NULL),(163,10104,'UpgradeTo','Unit',2500,1,0,0,NULL,NULL),(164,10105,'UpgradeTo','Unit',5000,1,0,0,NULL,NULL),(165,10106,'UpgradeTo','Unit',10000,1,0,0,NULL,NULL),(166,10120,'UpgradeTo','Building',50,1,0,0,NULL,NULL),(167,10121,'UpgradeTo','Building',100,1,0,0,NULL,NULL),(168,10122,'UpgradeTo','Building',200,1,0,0,NULL,NULL),(169,10123,'UpgradeTo','Building',500,1,0,0,NULL,NULL),(170,10124,'UpgradeTo','Building',1000,1,0,0,NULL,NULL),(171,10140,'HaveUpgradedTo','Technology',5,1,0,0,NULL,NULL),(172,10141,'HaveUpgradedTo','Technology',10,1,0,0,NULL,NULL),(173,10142,'HaveUpgradedTo','Technology',15,1,0,0,NULL,NULL),(174,10143,'HaveUpgradedTo','Technology',20,1,0,0,NULL,NULL),(175,10144,'HaveUpgradedTo','Technology',25,1,0,0,NULL,NULL),(176,10160,'Accelerate','Unit',5,NULL,0,0,NULL,NULL),(177,10161,'Accelerate','Unit',15,NULL,0,0,NULL,NULL),(178,10162,'Accelerate','Unit',25,NULL,0,0,NULL,NULL),(179,10163,'Accelerate','Unit',50,NULL,0,0,NULL,NULL),(180,10164,'Accelerate','Unit',100,NULL,0,0,NULL,NULL),(181,10165,'Accelerate','Unit',150,NULL,0,0,NULL,NULL),(182,10166,'Accelerate','Unit',200,NULL,0,0,NULL,NULL),(183,10180,'Accelerate','Building',5,NULL,0,0,NULL,NULL),(184,10181,'Accelerate','Building',15,NULL,0,0,NULL,NULL),(185,10182,'Accelerate','Building',25,NULL,0,0,NULL,NULL),(186,10183,'Accelerate','Building',50,NULL,0,0,NULL,NULL),(187,10184,'Accelerate','Building',100,NULL,0,0,NULL,NULL),(188,10185,'Accelerate','Building',150,NULL,0,0,NULL,NULL),(189,10186,'Accelerate','Building',200,NULL,0,0,NULL,NULL),(190,10200,'Accelerate','Technology',5,NULL,0,0,NULL,NULL),(191,10201,'Accelerate','Technology',10,NULL,0,0,NULL,NULL),(192,10202,'Accelerate','Technology',15,NULL,0,0,NULL,NULL),(193,10203,'Accelerate','Technology',20,NULL,0,0,NULL,NULL),(194,10204,'Accelerate','Technology',25,NULL,0,0,NULL,NULL),(195,10220,'BecomeVip','Vip',4,1,0,0,NULL,NULL),(196,10221,'BecomeVip','Vip',8,1,0,0,NULL,NULL),(197,10222,'BecomeVip','Vip',12,1,0,0,NULL,NULL),(198,10223,'BecomeVip','Vip',16,1,0,0,NULL,NULL),(199,10224,'BecomeVip','Vip',20,1,0,0,NULL,NULL),(200,10240,'BecomeVip','Vip',2,2,0,0,NULL,NULL),(201,10241,'BecomeVip','Vip',4,2,0,0,NULL,NULL),(202,10242,'BecomeVip','Vip',6,2,0,0,NULL,NULL),(203,10243,'BecomeVip','Vip',8,2,0,0,NULL,NULL),(204,10244,'BecomeVip','Vip',10,2,0,0,NULL,NULL),(205,10260,'BecomeVip','Vip',1,3,0,0,NULL,NULL),(206,10261,'BecomeVip','Vip',2,3,0,0,NULL,NULL),(207,10262,'BecomeVip','Vip',3,3,0,0,NULL,NULL),(208,10263,'BecomeVip','Vip',4,3,0,0,NULL,NULL),(209,10264,'BecomeVip','Vip',5,3,0,0,NULL,NULL),(210,10280,'UpgradeTo','Building::Radar',1,1,0,0,NULL,NULL),(211,10281,'UpgradeTo','Building::Radar',2,1,0,0,NULL,NULL),(212,10282,'UpgradeTo','Building::Radar',3,1,0,0,NULL,NULL),(213,10283,'UpgradeTo','Building::Radar',4,1,0,0,NULL,NULL),(214,10284,'UpgradeTo','Building::Radar',5,1,0,0,NULL,NULL),(215,10290,'UpgradeTo','Building::Radar',1,2,0,0,NULL,NULL),(216,10291,'UpgradeTo','Building::Radar',2,2,0,0,NULL,NULL),(217,10292,'UpgradeTo','Building::Radar',3,2,0,0,NULL,NULL),(218,10300,'CompleteQuests','',25,NULL,0,0,NULL,NULL),(219,10301,'CompleteQuests','',50,NULL,0,0,NULL,NULL),(220,10302,'CompleteQuests','',100,NULL,0,0,NULL,NULL),(221,10320,'CompleteAchievements','',25,NULL,0,0,NULL,NULL),(222,10321,'CompleteAchievements','',50,NULL,0,0,NULL,NULL),(223,10322,'CompleteAchievements','',100,NULL,0,0,NULL,NULL),(224,10340,'Battle','',50,NULL,0,0,NULL,0),(225,10341,'Battle','',100,NULL,0,0,NULL,0),(226,10342,'Battle','',150,NULL,0,0,NULL,0),(227,10343,'Battle','',200,NULL,0,0,NULL,0),(228,10344,'Battle','',500,NULL,0,0,NULL,0),(229,10360,'Battle','',50,NULL,0,0,NULL,1),(230,10361,'Battle','',100,NULL,0,0,NULL,1),(231,10362,'Battle','',150,NULL,0,0,NULL,1),(232,10363,'Battle','',200,NULL,0,0,NULL,1),(233,10364,'Battle','',500,NULL,0,0,NULL,1),(234,10380,'MoveBuilding','Building',5,NULL,0,0,NULL,NULL),(235,10381,'MoveBuilding','Building',10,NULL,0,0,NULL,NULL),(236,10382,'MoveBuilding','Building',25,NULL,0,0,NULL,NULL),(237,10383,'MoveBuilding','Building',50,NULL,0,0,NULL,NULL),(238,10384,'MoveBuilding','Building',75,NULL,0,0,NULL,NULL),(239,10385,'MoveBuilding','Building',100,NULL,0,0,NULL,NULL),(240,10400,'HealHp','',25000,NULL,0,0,NULL,NULL),(241,10401,'HealHp','',50000,NULL,0,0,NULL,NULL),(242,10402,'HealHp','',100000,NULL,0,0,NULL,NULL),(243,10403,'HealHp','',250000,NULL,0,0,NULL,NULL),(244,10404,'HealHp','',500000,NULL,0,0,NULL,NULL),(245,10405,'HealHp','',1000000,NULL,0,0,NULL,NULL),(246,10406,'HealHp','',2000000,NULL,0,0,NULL,NULL);
/*!40000 ALTER TABLE `objectives` ENABLE KEYS */;
UNLOCK TABLES;

--
-- Table structure for table `players`
--

DROP TABLE IF EXISTS `players`;
/*!40101 SET @saved_cs_client     = @@character_set_client */;
/*!40101 SET character_set_client = utf8 */;
CREATE TABLE `players` (
  `id` int(11) NOT NULL AUTO_INCREMENT,
  `galaxy_id` int(11) NOT NULL,
  `web_user_id` int(10) unsigned NOT NULL,
  `name` varchar(64) NOT NULL,
  `scientists` int(10) unsigned NOT NULL DEFAULT '0',
  `scientists_total` int(10) unsigned NOT NULL DEFAULT '0',
  `alliance_id` int(11) DEFAULT NULL,
  `xp` int(10) unsigned NOT NULL DEFAULT '0',
  `war_points` int(10) unsigned NOT NULL DEFAULT '0',
  `first_time` tinyint(1) NOT NULL DEFAULT '1',
  `army_points` int(10) unsigned NOT NULL DEFAULT '0',
  `science_points` int(10) unsigned NOT NULL DEFAULT '0',
  `economy_points` int(10) unsigned NOT NULL DEFAULT '0',
  `planets_count` tinyint(2) unsigned NOT NULL,
  `last_login` datetime DEFAULT NULL,
  `victory_points` mediumint(8) unsigned NOT NULL DEFAULT '0',
  `language` char(2) NOT NULL DEFAULT 'en',
  `population` mediumint(8) unsigned NOT NULL DEFAULT '0',
  `population_cap` mediumint(8) unsigned NOT NULL,
  `alliance_cooldown_ends_at` datetime DEFAULT NULL,
  `vip_level` tinyint(2) unsigned NOT NULL DEFAULT '0',
  `vip_creds` int(10) unsigned NOT NULL DEFAULT '0',
  `vip_until` datetime DEFAULT NULL,
  `vip_creds_until` datetime DEFAULT NULL,
  `daily_bonus_at` datetime DEFAULT NULL,
  `alliance_vps` int(10) unsigned NOT NULL DEFAULT '0',
  `pure_creds` int(10) unsigned NOT NULL DEFAULT '0',
  `free_creds` int(10) unsigned NOT NULL DEFAULT '0',
  `vip_free` tinyint(1) DEFAULT '0',
  PRIMARY KEY (`id`),
  UNIQUE KEY `authentication` (`galaxy_id`,`web_user_id`),
  KEY `index_players_on_alliance_id` (`alliance_id`),
  KEY `last_login` (`last_login`),
  CONSTRAINT `players_ibfk_1` FOREIGN KEY (`galaxy_id`) REFERENCES `galaxies` (`id`) ON DELETE CASCADE,
  CONSTRAINT `players_ibfk_2` FOREIGN KEY (`alliance_id`) REFERENCES `alliances` (`id`) ON DELETE SET NULL
) ENGINE=InnoDB AUTO_INCREMENT=2 DEFAULT CHARSET=utf8;
/*!40101 SET character_set_client = @saved_cs_client */;

--
-- Dumping data for table `players`
--

LOCK TABLES `players` WRITE;
/*!40000 ALTER TABLE `players` DISABLE KEYS */;
INSERT INTO `players` VALUES (1,1,0,'Test Player',18,18,NULL,0,0,1,0,0,0,1,NULL,0,'en',0,110,NULL,0,0,NULL,NULL,NULL,0,0,0,0);
/*!40000 ALTER TABLE `players` ENABLE KEYS */;
UNLOCK TABLES;

--
-- Table structure for table `quest_progresses`
--

DROP TABLE IF EXISTS `quest_progresses`;
/*!40101 SET @saved_cs_client     = @@character_set_client */;
/*!40101 SET character_set_client = utf8 */;
CREATE TABLE `quest_progresses` (
  `id` int(11) NOT NULL AUTO_INCREMENT,
  `quest_id` int(11) NOT NULL,
  `player_id` int(11) NOT NULL,
  `status` tinyint(2) unsigned NOT NULL,
  `completed` tinyint(2) unsigned NOT NULL DEFAULT '0',
  PRIMARY KEY (`id`),
  UNIQUE KEY `on_objective_complete` (`quest_id`,`player_id`),
  KEY `listing` (`player_id`,`status`),
  CONSTRAINT `quest_progresses_ibfk_2` FOREIGN KEY (`player_id`) REFERENCES `players` (`id`) ON DELETE CASCADE,
  CONSTRAINT `quest_progresses_ibfk_1` FOREIGN KEY (`quest_id`) REFERENCES `quests` (`id`) ON DELETE CASCADE
) ENGINE=InnoDB AUTO_INCREMENT=122 DEFAULT CHARSET=utf8;
/*!40101 SET character_set_client = @saved_cs_client */;

--
-- Dumping data for table `quest_progresses`
--

LOCK TABLES `quest_progresses` WRITE;
/*!40000 ALTER TABLE `quest_progresses` DISABLE KEYS */;
INSERT INTO `quest_progresses` VALUES (1,1,1,0,0),(2,10000,1,0,0),(3,10001,1,0,0),(4,10002,1,0,0),(5,10003,1,0,0),(6,10004,1,0,0),(7,10005,1,0,0),(8,10020,1,0,0),(9,10021,1,0,0),(10,10022,1,0,0),(11,10023,1,0,0),(12,10024,1,0,0),(13,10025,1,0,0),(14,10026,1,0,0),(15,10027,1,0,0),(16,10040,1,0,0),(17,10041,1,0,0),(18,10042,1,0,0),(19,10043,1,0,0),(20,10044,1,0,0),(21,10045,1,0,0),(22,10060,1,0,0),(23,10061,1,0,0),(24,10062,1,0,0),(25,10063,1,0,0),(26,10064,1,0,0),(27,10065,1,0,0),(28,10080,1,0,0),(29,10081,1,0,0),(30,10082,1,0,0),(31,10083,1,0,0),(32,10084,1,0,0),(33,10085,1,0,0),(34,10100,1,0,0),(35,10101,1,0,0),(36,10102,1,0,0),(37,10103,1,0,0),(38,10104,1,0,0),(39,10105,1,0,0),(40,10106,1,0,0),(41,10120,1,0,0),(42,10121,1,0,0),(43,10122,1,0,0),(44,10123,1,0,0),(45,10124,1,0,0),(46,10140,1,0,0),(47,10141,1,0,0),(48,10142,1,0,0),(49,10143,1,0,0),(50,10144,1,0,0),(51,10160,1,0,0),(52,10161,1,0,0),(53,10162,1,0,0),(54,10163,1,0,0),(55,10164,1,0,0),(56,10165,1,0,0),(57,10166,1,0,0),(58,10180,1,0,0),(59,10181,1,0,0),(60,10182,1,0,0),(61,10183,1,0,0),(62,10184,1,0,0),(63,10185,1,0,0),(64,10186,1,0,0),(65,10200,1,0,0),(66,10201,1,0,0),(67,10202,1,0,0),(68,10203,1,0,0),(69,10204,1,0,0),(70,10220,1,0,0),(71,10221,1,0,0),(72,10222,1,0,0),(73,10223,1,0,0),(74,10224,1,0,0),(75,10240,1,0,0),(76,10241,1,0,0),(77,10242,1,0,0),(78,10243,1,0,0),(79,10244,1,0,0),(80,10260,1,0,0),(81,10261,1,0,0),(82,10262,1,0,0),(83,10263,1,0,0),(84,10264,1,0,0),(85,10280,1,0,0),(86,10281,1,0,0),(87,10282,1,0,0),(88,10283,1,0,0),(89,10284,1,0,0),(90,10290,1,0,0),(91,10291,1,0,0),(92,10292,1,0,0),(93,10300,1,0,0),(94,10301,1,0,0),(95,10302,1,0,0),(96,10320,1,0,0),(97,10321,1,0,0),(98,10322,1,0,0),(99,10340,1,0,0),(100,10341,1,0,0),(101,10342,1,0,0),(102,10343,1,0,0),(103,10344,1,0,0),(104,10360,1,0,0),(105,10361,1,0,0),(106,10362,1,0,0),(107,10363,1,0,0),(108,10364,1,0,0),(109,10380,1,0,0),(110,10381,1,0,0),(111,10382,1,0,0),(112,10383,1,0,0),(113,10384,1,0,0),(114,10385,1,0,0),(115,10400,1,0,0),(116,10401,1,0,0),(117,10402,1,0,0),(118,10403,1,0,0),(119,10404,1,0,0),(120,10405,1,0,0),(121,10406,1,0,0);
/*!40000 ALTER TABLE `quest_progresses` ENABLE KEYS */;
UNLOCK TABLES;

--
-- Table structure for table `quests`
--

DROP TABLE IF EXISTS `quests`;
/*!40101 SET @saved_cs_client     = @@character_set_client */;
/*!40101 SET character_set_client = utf8 */;
CREATE TABLE `quests` (
  `id` int(11) NOT NULL AUTO_INCREMENT,
  `parent_id` int(11) DEFAULT NULL,
  `rewards` text,
  `help_url_id` varchar(255) DEFAULT NULL,
  `achievement` tinyint(1) NOT NULL DEFAULT '0',
  PRIMARY KEY (`id`),
  KEY `child quests` (`parent_id`),
  KEY `index_quests_on_achievement` (`achievement`),
  CONSTRAINT `quests_ibfk_1` FOREIGN KEY (`parent_id`) REFERENCES `quests` (`id`) ON DELETE CASCADE
) ENGINE=InnoDB AUTO_INCREMENT=10407 DEFAULT CHARSET=utf8;
/*!40101 SET character_set_client = @saved_cs_client */;

--
-- Dumping data for table `quests`
--

LOCK TABLES `quests` WRITE;
/*!40000 ALTER TABLE `quests` DISABLE KEYS */;
INSERT INTO `quests` VALUES (1,NULL,'{\"metal\":25.2,\"energy\":96.0}','buildings',0),(2,1,'{\"metal\":69.3,\"energy\":140.8}','metal',0),(3,2,'{\"metal\":4068.0,\"energy\":8136.0}',NULL,0),(4,3,'{\"metal\":412.5,\"energy\":920.7}','upgrading',0),(5,4,'{\"metal\":199.8,\"zetium\":5.4,\"points\":4000}',NULL,0),(6,3,'{\"units\":[{\"type\":\"Trooper\",\"level\":1,\"count\":4,\"hp\":100}],\"metal\":1423.8,\"energy\":2847.6,\"zetium\":8.28}',NULL,0),(7,6,'{\"metal\":1084.8,\"energy\":2169.6,\"zetium\":8.28}','building-units',0),(8,6,'{\"units\":[{\"type\":\"Trooper\",\"level\":2,\"count\":2,\"hp\":50},{\"type\":\"Trooper\",\"level\":3,\"count\":1,\"hp\":30}],\"metal\":7122.15,\"energy\":15786.75,\"zetium\":2482.2,\"creds\":7500}','attacking',0),(9,32,'{\"metal\":862.8,\"energy\":4101.6,\"zetium\":8.28,\"points\":2000}',NULL,0),(10,8,'{\"metal\":1725.6,\"energy\":2461.2,\"zetium\":8.28,\"points\":2000}',NULL,0),(11,8,'{\"units\":[{\"type\":\"Trooper\",\"level\":1,\"count\":4,\"hp\":100},{\"type\":\"Seeker\",\"level\":1,\"count\":2,\"hp\":100}],\"metal\":2779.8,\"energy\":5559.6}',NULL,0),(12,11,'{\"metal\":2060.0,\"energy\":4120.0,\"points\":2000}','technologies',0),(13,12,'{\"metal\":2074.8,\"energy\":4148.65,\"zetium\":45.6,\"points\":2000}',NULL,0),(14,11,'{\"metal\":297.6,\"energy\":907.2}',NULL,0),(15,14,'{\"metal\":3590.2,\"energy\":3287.0,\"zetium\":284.4}',NULL,0),(16,15,'{\"units\":[{\"type\":\"Trooper\",\"level\":3,\"count\":1,\"hp\":100},{\"type\":\"Seeker\",\"level\":2,\"count\":1,\"hp\":100},{\"type\":\"Shocker\",\"level\":1,\"count\":2,\"hp\":100}]}',NULL,0),(17,15,'{\"metal\":9225.6,\"energy\":12915.6,\"zetium\":646.8}',NULL,0),(18,17,'{\"metal\":15375.2,\"energy\":21525.6,\"zetium\":1076.8}',NULL,0),(19,18,'{\"units\":[{\"type\":\"Crow\",\"level\":1,\"count\":2,\"hp\":100}],\"metal\":16144.8,\"energy\":22604.4,\"zetium\":1134.0}',NULL,0),(20,119,'{\"units\":[{\"type\":\"Mule\",\"level\":1,\"count\":1,\"hp\":100},{\"type\":\"Mdh\",\"level\":1,\"count\":1,\"hp\":100}]}','colonization',0),(21,20,'{\"metal\":2317.1712,\"energy\":5121.4752,\"zetium\":235.9962}',NULL,0),(22,3,'{\"points\":200,\"units\":[{\"type\":\"Gnat\",\"level\":1,\"count\":1,\"hp\":25}]}','exploring',0),(23,22,'{\"points\":1000,\"units\":[{\"type\":\"Glancer\",\"level\":1,\"count\":1,\"hp\":60}]}',NULL,0),(24,11,'{\"points\":800,\"units\":[{\"type\":\"Gnat\",\"level\":1,\"count\":2,\"hp\":25},{\"type\":\"Gnat\",\"level\":1,\"count\":2,\"hp\":20},{\"type\":\"Gnat\",\"level\":1,\"count\":2,\"hp\":15},{\"type\":\"Gnat\",\"level\":1,\"count\":2,\"hp\":10}]}',NULL,0),(25,24,'{\"points\":800,\"units\":[{\"type\":\"Glancer\",\"level\":1,\"count\":2,\"hp\":80}]}',NULL,0),(26,25,'{\"points\":1600,\"units\":[{\"type\":\"Spudder\",\"level\":1,\"count\":1,\"hp\":96}]}',NULL,0),(27,11,'{\"metal\":2970.0,\"energy\":9072.0}','zetium',0),(28,16,'{\"units\":[{\"type\":\"Scorpion\",\"level\":2,\"count\":1,\"hp\":70},{\"type\":\"Azure\",\"level\":1,\"count\":1,\"hp\":100}]}',NULL,0),(29,28,'{\"units\":[{\"type\":\"Cyrix\",\"level\":2,\"count\":1,\"hp\":60},{\"type\":\"Crow\",\"level\":1,\"count\":2,\"hp\":100}]}',NULL,0),(30,29,'{\"units\":[{\"type\":\"Avenger\",\"level\":1,\"count\":1,\"hp\":100},{\"type\":\"Dart\",\"level\":1,\"count\":1,\"hp\":100}]}',NULL,0),(31,19,'{\"metal\":26908,\"energy\":37674,\"zetium\":1890}',NULL,0),(32,8,'{\"metal\":150.0,\"energy\":627.6,\"points\":2000}',NULL,0),(33,30,'{\"units\":[{\"type\":\"Rhyno\",\"level\":1,\"count\":1,\"hp\":100},{\"type\":\"Cyrix\",\"level\":3,\"count\":2,\"hp\":100}]}',NULL,0),(34,21,'{\"metal\":1931.2,\"energy\":21357.92,\"zetium\":262.4}','radar',0),(35,119,'{\"units\":[{\"type\":\"Dart\",\"level\":1,\"count\":2,\"hp\":100}]}',NULL,0),(36,35,'{\"units\":[{\"type\":\"Avenger\",\"level\":1,\"count\":2,\"hp\":100}]}',NULL,0),(37,36,'{\"units\":[{\"type\":\"Rhyno\",\"level\":1,\"count\":1,\"hp\":100}]}',NULL,0),(38,34,'{\"units\":[{\"type\":\"Trooper\",\"level\":2,\"count\":10,\"hp\":100},{\"type\":\"Seeker\",\"level\":2,\"count\":5,\"hp\":100},{\"type\":\"Scorpion\",\"level\":2,\"count\":2,\"hp\":100}]}',NULL,0),(39,38,'{\"units\":[{\"type\":\"Trooper\",\"level\":2,\"count\":15,\"hp\":100},{\"type\":\"Shocker\",\"level\":2,\"count\":8,\"hp\":100},{\"type\":\"Seeker\",\"level\":2,\"count\":3,\"hp\":100},{\"type\":\"Scorpion\",\"level\":2,\"count\":2,\"hp\":100}]}',NULL,0),(40,39,'{\"units\":[{\"type\":\"Shocker\",\"level\":2,\"count\":8,\"hp\":100},{\"type\":\"Seeker\",\"level\":2,\"count\":5,\"hp\":100},{\"type\":\"Scorpion\",\"level\":2,\"count\":5,\"hp\":100},{\"type\":\"Azure\",\"level\":2,\"count\":3,\"hp\":100}]}',NULL,0),(41,40,'{\"units\":[{\"type\":\"Shocker\",\"level\":2,\"count\":10,\"hp\":100},{\"type\":\"Seeker\",\"level\":2,\"count\":8,\"hp\":100},{\"type\":\"Scorpion\",\"level\":2,\"count\":7,\"hp\":100},{\"type\":\"Azure\",\"level\":2,\"count\":3,\"hp\":100},{\"type\":\"Cyrix\",\"level\":2,\"count\":5,\"hp\":100},{\"type\":\"Dart\",\"level\":2,\"count\":3,\"hp\":100}]}',NULL,0),(42,41,'{\"units\":[{\"type\":\"Shocker\",\"level\":2,\"count\":15,\"hp\":100},{\"type\":\"Seeker\",\"level\":2,\"count\":10,\"hp\":100},{\"type\":\"Scorpion\",\"level\":2,\"count\":10,\"hp\":100},{\"type\":\"Azure\",\"level\":2,\"count\":5,\"hp\":100},{\"type\":\"Cyrix\",\"level\":2,\"count\":10,\"hp\":100},{\"type\":\"Avenger\",\"level\":2,\"count\":5,\"hp\":100},{\"type\":\"Dart\",\"level\":2,\"count\":5,\"hp\":100}]}',NULL,0),(43,34,'{\"units\":[{\"type\":\"Mule\",\"level\":5,\"count\":1,\"hp\":100}]}',NULL,0),(44,43,'{\"units\":[{\"type\":\"Crow\",\"level\":5,\"count\":1,\"hp\":100}]}',NULL,0),(45,44,'{\"units\":[{\"type\":\"Cyrix\",\"level\":3,\"count\":1,\"hp\":100}]}',NULL,0),(46,45,'{\"units\":[{\"type\":\"Cyrix\",\"level\":5,\"count\":1,\"hp\":100}]}',NULL,0),(47,46,'{\"units\":[{\"type\":\"Avenger\",\"level\":5,\"count\":1,\"hp\":100}]}',NULL,0),(48,47,'{\"units\":[{\"type\":\"Avenger\",\"level\":5,\"count\":3,\"hp\":100}]}',NULL,0),(49,46,'{\"units\":[{\"type\":\"Dart\",\"level\":5,\"count\":1,\"hp\":100}]}',NULL,0),(50,49,'{\"units\":[{\"type\":\"Dart\",\"level\":5,\"count\":3,\"hp\":100}]}',NULL,0),(51,46,'{\"units\":[{\"type\":\"Avenger\",\"level\":8,\"count\":1,\"hp\":100}]}',NULL,0),(52,51,'{\"units\":[{\"type\":\"Rhyno\",\"level\":3,\"count\":1,\"hp\":100}]}',NULL,0),(53,34,'{\"units\":[{\"type\":\"Scorpion\",\"level\":5,\"count\":1,\"hp\":100}]}',NULL,0),(54,53,'{\"units\":[{\"type\":\"Azure\",\"level\":6,\"count\":1,\"hp\":100}]}',NULL,0),(55,54,'{\"units\":[{\"type\":\"Trooper\",\"level\":5,\"count\":3,\"hp\":100},{\"type\":\"Seeker\",\"level\":5,\"count\":3,\"hp\":100},{\"type\":\"Shocker\",\"level\":7,\"count\":1,\"hp\":100}]}',NULL,0),(56,55,'{\"units\":[{\"type\":\"Trooper\",\"level\":5,\"count\":4,\"hp\":100},{\"type\":\"Seeker\",\"level\":5,\"count\":4,\"hp\":100},{\"type\":\"Shocker\",\"level\":7,\"count\":2,\"hp\":100}]}',NULL,0),(57,56,'{\"units\":[{\"type\":\"Trooper\",\"level\":5,\"count\":5,\"hp\":100},{\"type\":\"Seeker\",\"level\":5,\"count\":5,\"hp\":100},{\"type\":\"Shocker\",\"level\":7,\"count\":3,\"hp\":100}]}',NULL,0),(58,54,'{\"units\":[{\"type\":\"Scorpion\",\"level\":6,\"count\":1,\"hp\":100},{\"type\":\"Azure\",\"level\":6,\"count\":1,\"hp\":100}]}',NULL,0),(59,58,'{\"units\":[{\"type\":\"Scorpion\",\"level\":6,\"count\":2,\"hp\":100},{\"type\":\"Azure\",\"level\":6,\"count\":2,\"hp\":100}]}',NULL,0),(60,59,'{\"units\":[{\"type\":\"Scorpion\",\"level\":6,\"count\":3,\"hp\":100},{\"type\":\"Azure\",\"level\":6,\"count\":3,\"hp\":100}]}',NULL,0),(61,54,'{\"units\":[{\"type\":\"Cyrix\",\"level\":5,\"count\":2,\"hp\":100}]}',NULL,0),(62,61,'{\"units\":[{\"type\":\"Cyrix\",\"level\":5,\"count\":4,\"hp\":100}]}',NULL,0),(63,62,'{\"units\":[{\"type\":\"Cyrix\",\"level\":5,\"count\":6,\"hp\":100}]}',NULL,0),(64,33,'{\"units\":[{\"type\":\"Rhyno\",\"level\":7,\"count\":1,\"hp\":100}]}',NULL,0),(66,27,'{\"metal\":600,\"energy\":1800,\"zetium\":105}',NULL,0),(67,66,'{\"metal\":1040,\"energy\":3120,\"zetium\":182}',NULL,0),(68,67,'{\"metal\":1760,\"energy\":5280,\"zetium\":308}',NULL,0),(69,68,'{\"metal\":2960,\"energy\":8880,\"zetium\":518}',NULL,0),(70,69,'{\"metal\":6000,\"energy\":18000,\"zetium\":1050}',NULL,0),(71,70,'{\"metal\":10200,\"energy\":30600,\"zetium\":1785}',NULL,0),(72,11,'{\"scientists\":10}',NULL,0),(73,72,'{\"scientists\":20}',NULL,0),(74,73,'{\"scientists\":30}',NULL,0),(75,74,'{\"scientists\":40}',NULL,0),(76,75,'{\"scientists\":60}',NULL,0),(77,76,'{\"scientists\":80}',NULL,0),(78,77,'{\"scientists\":100}',NULL,0),(79,78,'{\"scientists\":150}',NULL,0),(80,7,'{\"units\":[{\"type\":\"Trooper\",\"level\":3,\"count\":2,\"hp\":100}]}',NULL,0),(81,80,'{\"units\":[{\"type\":\"Trooper\",\"level\":3,\"count\":2,\"hp\":100}]}',NULL,0),(82,81,'{\"units\":[{\"type\":\"Trooper\",\"level\":3,\"count\":2,\"hp\":100},{\"type\":\"Seeker\",\"level\":3,\"count\":1,\"hp\":100}]}',NULL,0),(83,82,'{\"units\":[{\"type\":\"Trooper\",\"level\":3,\"count\":4,\"hp\":100},{\"type\":\"Seeker\",\"level\":3,\"count\":1,\"hp\":100}]}',NULL,0),(84,83,'{\"units\":[{\"type\":\"Scorpion\",\"level\":3,\"count\":1,\"hp\":100}]}',NULL,0),(85,84,'{\"units\":[{\"type\":\"Scorpion\",\"level\":3,\"count\":1,\"hp\":100}]}',NULL,0),(86,85,'{\"units\":[{\"type\":\"Crow\",\"level\":2,\"count\":1,\"hp\":100}]}',NULL,0),(87,86,'{\"units\":[{\"type\":\"Cyrix\",\"level\":3,\"count\":1,\"hp\":100}]}',NULL,0),(88,87,'{\"units\":[{\"type\":\"Cyrix\",\"level\":3,\"count\":1,\"hp\":100},{\"type\":\"Scorpion\",\"level\":3,\"count\":1,\"hp\":100}]}',NULL,0),(89,88,'{\"units\":[{\"type\":\"Cyrix\",\"level\":3,\"count\":2,\"hp\":100}]}',NULL,0),(90,89,'{\"units\":[{\"type\":\"Cyrix\",\"level\":3,\"count\":3,\"hp\":100}]}',NULL,0),(91,90,'{\"units\":[{\"type\":\"Rhyno\",\"level\":3,\"count\":1,\"hp\":100}]}',NULL,0),(92,91,'{\"units\":[{\"type\":\"Rhyno\",\"level\":3,\"count\":1,\"hp\":100},{\"type\":\"Cyrix\",\"level\":3,\"count\":1,\"hp\":100},{\"type\":\"Scorpion\",\"level\":3,\"count\":1,\"hp\":100}]}',NULL,0),(93,92,'{\"units\":[{\"type\":\"Rhyno\",\"level\":3,\"count\":1,\"hp\":100},{\"type\":\"Cyrix\",\"level\":3,\"count\":3,\"hp\":100},{\"type\":\"Crow\",\"level\":2,\"count\":1,\"hp\":100}]}',NULL,0),(94,93,'{\"units\":[{\"type\":\"Rhyno\",\"level\":3,\"count\":1,\"hp\":100},{\"type\":\"Cyrix\",\"level\":3,\"count\":3,\"hp\":100},{\"type\":\"Crow\",\"level\":2,\"count\":3,\"hp\":100},{\"type\":\"Avenger\",\"level\":3,\"count\":1,\"hp\":100}]}',NULL,0),(95,71,'{\"metal\":18000,\"energy\":54000,\"zetium\":3150}',NULL,0),(96,95,'{\"metal\":25200,\"energy\":75600,\"zetium\":4410}',NULL,0),(97,96,'{\"metal\":35280,\"energy\":105840,\"zetium\":6174}',NULL,0),(98,97,'{\"metal\":49400,\"energy\":148200,\"zetium\":8645}',NULL,0),(99,98,'{\"metal\":69160,\"energy\":207480,\"zetium\":12103}',NULL,0),(100,99,'{\"metal\":96840,\"energy\":290520,\"zetium\":16947}',NULL,0),(101,100,'{\"metal\":135560,\"energy\":406680,\"zetium\":23723}',NULL,0),(102,101,'{\"metal\":189760,\"energy\":569280,\"zetium\":33208}',NULL,0),(106,94,'{\"units\":[{\"type\":\"Rhyno\",\"level\":3,\"count\":1,\"hp\":100},{\"type\":\"Cyrix\",\"level\":3,\"count\":3,\"hp\":100},{\"type\":\"Crow\",\"level\":2,\"count\":3,\"hp\":100},{\"type\":\"Dart\",\"level\":3,\"count\":1,\"hp\":100},{\"type\":\"Avenger\",\"level\":3,\"count\":1,\"hp\":100}]}',NULL,0),(107,106,'{\"units\":[{\"type\":\"Rhyno\",\"level\":3,\"count\":1,\"hp\":100},{\"type\":\"Cyrix\",\"level\":3,\"count\":3,\"hp\":100},{\"type\":\"Crow\",\"level\":2,\"count\":3,\"hp\":100},{\"type\":\"Dart\",\"level\":3,\"count\":2,\"hp\":100},{\"type\":\"Avenger\",\"level\":3,\"count\":1,\"hp\":100}]}',NULL,0),(108,107,'{\"units\":[{\"type\":\"Rhyno\",\"level\":3,\"count\":1,\"hp\":100},{\"type\":\"Cyrix\",\"level\":3,\"count\":4,\"hp\":100},{\"type\":\"Crow\",\"level\":2,\"count\":3,\"hp\":100},{\"type\":\"Dart\",\"level\":3,\"count\":2,\"hp\":100},{\"type\":\"Avenger\",\"level\":3,\"count\":2,\"hp\":100}]}',NULL,0),(109,108,'{\"units\":[{\"type\":\"Rhyno\",\"level\":3,\"count\":1,\"hp\":100},{\"type\":\"Cyrix\",\"level\":3,\"count\":6,\"hp\":100},{\"type\":\"Crow\",\"level\":2,\"count\":4,\"hp\":100},{\"type\":\"Dart\",\"level\":3,\"count\":2,\"hp\":100},{\"type\":\"Avenger\",\"level\":3,\"count\":2,\"hp\":100}]}',NULL,0),(110,109,'{\"units\":[{\"type\":\"Rhyno\",\"level\":3,\"count\":2,\"hp\":100},{\"type\":\"Cyrix\",\"level\":3,\"count\":5,\"hp\":100},{\"type\":\"Crow\",\"level\":2,\"count\":3,\"hp\":100},{\"type\":\"Dart\",\"level\":3,\"count\":2,\"hp\":100},{\"type\":\"Avenger\",\"level\":3,\"count\":2,\"hp\":100}]}',NULL,0),(111,110,'{\"units\":[{\"type\":\"Rhyno\",\"level\":3,\"count\":2,\"hp\":100},{\"type\":\"Cyrix\",\"level\":3,\"count\":6,\"hp\":100},{\"type\":\"Crow\",\"level\":2,\"count\":7,\"hp\":100},{\"type\":\"Dart\",\"level\":3,\"count\":2,\"hp\":100},{\"type\":\"Avenger\",\"level\":3,\"count\":2,\"hp\":100}]}',NULL,0),(112,111,'{\"units\":[{\"type\":\"Rhyno\",\"level\":3,\"count\":2,\"hp\":100},{\"type\":\"Cyrix\",\"level\":3,\"count\":6,\"hp\":100},{\"type\":\"Crow\",\"level\":2,\"count\":6,\"hp\":100},{\"type\":\"Dart\",\"level\":3,\"count\":3,\"hp\":100},{\"type\":\"Avenger\",\"level\":3,\"count\":4,\"hp\":100}]}',NULL,0),(113,112,'{\"units\":[{\"type\":\"Rhyno\",\"level\":3,\"count\":2,\"hp\":100},{\"type\":\"Cyrix\",\"level\":3,\"count\":8,\"hp\":100},{\"type\":\"Crow\",\"level\":2,\"count\":7,\"hp\":100},{\"type\":\"Dart\",\"level\":3,\"count\":4,\"hp\":100},{\"type\":\"Avenger\",\"level\":3,\"count\":4,\"hp\":100}]}',NULL,0),(114,113,'{\"units\":[{\"type\":\"Rhyno\",\"level\":3,\"count\":3,\"hp\":100},{\"type\":\"Cyrix\",\"level\":3,\"count\":9,\"hp\":100},{\"type\":\"Crow\",\"level\":2,\"count\":7,\"hp\":100},{\"type\":\"Dart\",\"level\":3,\"count\":4,\"hp\":100},{\"type\":\"Avenger\",\"level\":3,\"count\":4,\"hp\":100}]}',NULL,0),(115,114,'{\"units\":[{\"type\":\"Rhyno\",\"level\":3,\"count\":3,\"hp\":100},{\"type\":\"Cyrix\",\"level\":3,\"count\":9,\"hp\":100},{\"type\":\"Crow\",\"level\":2,\"count\":9,\"hp\":100},{\"type\":\"Dart\",\"level\":3,\"count\":5,\"hp\":100},{\"type\":\"Avenger\",\"level\":3,\"count\":6,\"hp\":100}]}',NULL,0),(116,8,'{\"creds\":2000}','vip',0),(117,116,'{\"metal\":2406,\"energy\":4809,\"zetium\":108}','accelerating',0),(118,11,'{\"zetium\":2075.0,\"metal\":3750.0,\"energy\":12500.0}',NULL,0),(119,31,'{\"metal\":15348,\"energy\":21488,\"zetium\":1076}','flying',0),(120,119,'{\"metal\":7560.0,\"energy\":10800.0,\"zetium\":648.0}','resource-transportation',0),(121,15,'{\"metal\":7962.5,\"energy\":11375.0,\"zetium\":2388.75}','population',0),(10000,NULL,NULL,NULL,1),(10001,NULL,NULL,NULL,1),(10002,NULL,NULL,NULL,1),(10003,NULL,NULL,NULL,1),(10004,NULL,NULL,NULL,1),(10005,NULL,NULL,NULL,1),(10020,NULL,NULL,NULL,1),(10021,NULL,NULL,NULL,1),(10022,NULL,NULL,NULL,1),(10023,NULL,NULL,NULL,1),(10024,NULL,NULL,NULL,1),(10025,NULL,NULL,NULL,1),(10026,NULL,NULL,NULL,1),(10027,NULL,NULL,NULL,1),(10040,NULL,NULL,NULL,1),(10041,NULL,NULL,NULL,1),(10042,NULL,NULL,NULL,1),(10043,NULL,NULL,NULL,1),(10044,NULL,NULL,NULL,1),(10045,NULL,NULL,NULL,1),(10060,NULL,NULL,NULL,1),(10061,NULL,NULL,NULL,1),(10062,NULL,NULL,NULL,1),(10063,NULL,NULL,NULL,1),(10064,NULL,NULL,NULL,1),(10065,NULL,NULL,NULL,1),(10080,NULL,NULL,NULL,1),(10081,NULL,NULL,NULL,1),(10082,NULL,NULL,NULL,1),(10083,NULL,NULL,NULL,1),(10084,NULL,NULL,NULL,1),(10085,NULL,NULL,NULL,1),(10100,NULL,NULL,NULL,1),(10101,NULL,NULL,NULL,1),(10102,NULL,NULL,NULL,1),(10103,NULL,NULL,NULL,1),(10104,NULL,NULL,NULL,1),(10105,NULL,NULL,NULL,1),(10106,NULL,NULL,NULL,1),(10120,NULL,NULL,NULL,1),(10121,NULL,NULL,NULL,1),(10122,NULL,NULL,NULL,1),(10123,NULL,NULL,NULL,1),(10124,NULL,NULL,NULL,1),(10140,NULL,NULL,NULL,1),(10141,NULL,NULL,NULL,1),(10142,NULL,NULL,NULL,1),(10143,NULL,NULL,NULL,1),(10144,NULL,NULL,NULL,1),(10160,NULL,NULL,NULL,1),(10161,NULL,NULL,NULL,1),(10162,NULL,NULL,NULL,1),(10163,NULL,NULL,NULL,1),(10164,NULL,NULL,NULL,1),(10165,NULL,NULL,NULL,1),(10166,NULL,NULL,NULL,1),(10180,NULL,NULL,NULL,1),(10181,NULL,NULL,NULL,1),(10182,NULL,NULL,NULL,1),(10183,NULL,NULL,NULL,1),(10184,NULL,NULL,NULL,1),(10185,NULL,NULL,NULL,1),(10186,NULL,NULL,NULL,1),(10200,NULL,NULL,NULL,1),(10201,NULL,NULL,NULL,1),(10202,NULL,NULL,NULL,1),(10203,NULL,NULL,NULL,1),(10204,NULL,NULL,NULL,1),(10220,NULL,NULL,NULL,1),(10221,NULL,NULL,NULL,1),(10222,NULL,NULL,NULL,1),(10223,NULL,NULL,NULL,1),(10224,NULL,NULL,NULL,1),(10240,NULL,NULL,NULL,1),(10241,NULL,NULL,NULL,1),(10242,NULL,NULL,NULL,1),(10243,NULL,NULL,NULL,1),(10244,NULL,NULL,NULL,1),(10260,NULL,NULL,NULL,1),(10261,NULL,NULL,NULL,1),(10262,NULL,NULL,NULL,1),(10263,NULL,NULL,NULL,1),(10264,NULL,NULL,NULL,1),(10280,NULL,NULL,NULL,1),(10281,NULL,NULL,NULL,1),(10282,NULL,NULL,NULL,1),(10283,NULL,NULL,NULL,1),(10284,NULL,NULL,NULL,1),(10290,NULL,NULL,NULL,1),(10291,NULL,NULL,NULL,1),(10292,NULL,NULL,NULL,1),(10300,NULL,NULL,NULL,1),(10301,NULL,NULL,NULL,1),(10302,NULL,NULL,NULL,1),(10320,NULL,NULL,NULL,1),(10321,NULL,NULL,NULL,1),(10322,NULL,NULL,NULL,1),(10340,NULL,NULL,NULL,1),(10341,NULL,NULL,NULL,1),(10342,NULL,NULL,NULL,1),(10343,NULL,NULL,NULL,1),(10344,NULL,NULL,NULL,1),(10360,NULL,NULL,NULL,1),(10361,NULL,NULL,NULL,1),(10362,NULL,NULL,NULL,1),(10363,NULL,NULL,NULL,1),(10364,NULL,NULL,NULL,1),(10380,NULL,NULL,NULL,1),(10381,NULL,NULL,NULL,1),(10382,NULL,NULL,NULL,1),(10383,NULL,NULL,NULL,1),(10384,NULL,NULL,NULL,1),(10385,NULL,NULL,NULL,1),(10400,NULL,NULL,NULL,1),(10401,NULL,NULL,NULL,1),(10402,NULL,NULL,NULL,1),(10403,NULL,NULL,NULL,1),(10404,NULL,NULL,NULL,1),(10405,NULL,NULL,NULL,1),(10406,NULL,NULL,NULL,1);
/*!40000 ALTER TABLE `quests` ENABLE KEYS */;
UNLOCK TABLES;

--
-- Table structure for table `route_hops`
--

DROP TABLE IF EXISTS `route_hops`;
/*!40101 SET @saved_cs_client     = @@character_set_client */;
/*!40101 SET character_set_client = utf8 */;
CREATE TABLE `route_hops` (
  `id` int(11) NOT NULL AUTO_INCREMENT,
  `route_id` int(11) NOT NULL,
  `location_type` tinyint(2) unsigned NOT NULL,
  `location_id` int(10) unsigned NOT NULL,
  `location_x` int(11) DEFAULT NULL,
  `location_y` int(11) DEFAULT NULL,
  `arrives_at` datetime NOT NULL,
  `index` smallint(6) NOT NULL,
  `next` tinyint(1) NOT NULL DEFAULT '0',
  `jumps_at` datetime DEFAULT NULL,
  PRIMARY KEY (`id`),
  UNIQUE KEY `next_hop` (`route_id`,`index`),
  KEY `route` (`route_id`,`location_type`,`location_id`),
  KEY `next` (`route_id`,`next`),
  CONSTRAINT `route_hops_ibfk_1` FOREIGN KEY (`route_id`) REFERENCES `routes` (`id`) ON DELETE CASCADE
) ENGINE=InnoDB DEFAULT CHARSET=utf8;
/*!40101 SET character_set_client = @saved_cs_client */;

--
-- Dumping data for table `route_hops`
--

LOCK TABLES `route_hops` WRITE;
/*!40000 ALTER TABLE `route_hops` DISABLE KEYS */;
/*!40000 ALTER TABLE `route_hops` ENABLE KEYS */;
UNLOCK TABLES;

--
-- Table structure for table `routes`
--

DROP TABLE IF EXISTS `routes`;
/*!40101 SET @saved_cs_client     = @@character_set_client */;
/*!40101 SET character_set_client = utf8 */;
CREATE TABLE `routes` (
  `id` int(11) NOT NULL AUTO_INCREMENT,
  `target_type` tinyint(2) unsigned NOT NULL,
  `target_id` int(10) unsigned NOT NULL,
  `arrives_at` datetime NOT NULL,
  `cached_units` text NOT NULL,
  `player_id` int(10) DEFAULT NULL,
  `target_x` int(11) NOT NULL,
  `target_y` int(11) NOT NULL,
  `target_name` varchar(255) DEFAULT NULL,
  `target_variation` tinyint(2) unsigned DEFAULT NULL,
  `target_solar_system_id` int(11) DEFAULT NULL,
  `current_id` int(11) unsigned NOT NULL,
  `current_type` tinyint(2) unsigned NOT NULL,
  `current_x` int(11) NOT NULL,
  `current_y` int(11) NOT NULL,
  `current_name` varchar(255) DEFAULT NULL,
  `current_variation` tinyint(2) unsigned DEFAULT NULL,
  `current_solar_system_id` int(11) DEFAULT NULL,
  `source_id` int(11) unsigned NOT NULL,
  `source_type` tinyint(2) unsigned NOT NULL,
  `source_x` int(11) NOT NULL,
  `source_y` int(11) NOT NULL,
  `source_name` varchar(255) DEFAULT NULL,
  `source_variation` tinyint(2) unsigned DEFAULT NULL,
  `source_solar_system_id` int(11) DEFAULT NULL,
  `first_hop` datetime NOT NULL,
  PRIMARY KEY (`id`),
  KEY `incoming_routes` (`target_type`,`target_id`),
  KEY `foreign_key` (`player_id`),
  CONSTRAINT `routes_ibfk_1` FOREIGN KEY (`player_id`) REFERENCES `players` (`id`) ON DELETE CASCADE
) ENGINE=InnoDB DEFAULT CHARSET=utf8;
/*!40101 SET character_set_client = @saved_cs_client */;

--
-- Dumping data for table `routes`
--

LOCK TABLES `routes` WRITE;
/*!40000 ALTER TABLE `routes` DISABLE KEYS */;
/*!40000 ALTER TABLE `routes` ENABLE KEYS */;
UNLOCK TABLES;

--
-- Table structure for table `schema_migrations`
--

DROP TABLE IF EXISTS `schema_migrations`;
/*!40101 SET @saved_cs_client     = @@character_set_client */;
/*!40101 SET character_set_client = utf8 */;
CREATE TABLE `schema_migrations` (
  `version` varchar(255) NOT NULL,
  UNIQUE KEY `unique_schema_migrations` (`version`)
) ENGINE=InnoDB DEFAULT CHARSET=utf8;
/*!40101 SET character_set_client = @saved_cs_client */;

--
-- Dumping data for table `schema_migrations`
--

LOCK TABLES `schema_migrations` WRITE;
/*!40000 ALTER TABLE `schema_migrations` DISABLE KEYS */;
INSERT INTO `schema_migrations` VALUES ('20090601175224'),('20090601184051'),('20090601184055'),('20090601184059'),('20090701164131'),('20090713165021'),('20090808144214'),('20090809160211'),('20090810173759'),('20090826140238'),('20090826141836'),('20090829202538'),('20090829210029'),('20090829224505'),('20090830143959'),('20090830145319'),('20090901153809'),('20090904190655'),('20090905175341'),('20090905192056'),('20090906135044'),('20090909222719'),('20090911180950'),('20090912165229'),('20090919155819'),('20091024222359'),('20091103164416'),('20091103180558'),('20091103181146'),('20091109191211'),('20091225193714'),('20100114152902'),('20100121142414'),('20100127115341'),('20100127120219'),('20100127120515'),('20100127121337'),('20100129150736'),('20100203202757'),('20100203204803'),('20100204172507'),('20100204173714'),('20100208163239'),('20100210114531'),('20100212134334'),('20100218181507'),('20100219114448'),('20100220144106'),('20100222144003'),('20100223153023'),('20100224153728'),('20100224163525'),('20100225124928'),('20100225153721'),('20100225155505'),('20100225155739'),('20100226122144'),('20100226122651'),('20100301153626'),('20100302131225'),('20100303131706'),('20100308163148'),('20100308164422'),('20100310172315'),('20100310181338'),('20100311123523'),('20100315112858'),('20100319141401'),('20100322184529'),('20100324134243'),('20100324141652'),('20100331125702'),('20100415130556'),('20100415130600'),('20100415130605'),('20100415134627'),('20100419141518'),('20100419142018'),('20100419164230'),('20100426141509'),('20100428130912'),('20100429171200'),('20100430174140'),('20100610151652'),('20100610180750'),('20100614142225'),('20100614160819'),('20100614162423'),('20100616132525'),('20100616135507'),('20100622124252'),('20100706105523'),('20100710121447'),('20100710191351'),('20100716155807'),('20100719131622'),('20100721155359'),('20100722124307'),('20100812164444'),('20100812164449'),('20100812164518'),('20100812164524'),('20100817165213'),('20100819175736'),('20100820185846'),('20100906095758'),('20100915145823'),('20100929111549'),('20101001155323'),('20101005180058'),('20101022155620'),('20101117131430'),('20101208135417'),('20101209122838'),('20101222150446'),('20101223125157'),('20101223172333'),('20110106110617'),('20110117182616'),('20110119121807'),('20110125161025'),('20110128094012'),('20110201122224'),('20110211124612'),('20110214130700'),('20110214165108'),('20110215161039'),('20110221105637'),('20110224162141'),('20110224174209'),('20110307104202'),('20110307121218'),('20110309114701'),('20110309194328'),('20110310113500'),('20110311172250'),('20110314132426'),('20110317165341'),('20110329163829'),('20110330141930'),('20110410103752'),('20110413154835'),('20110420152125'),('20110420153521'),('20110422180144'),('20110426131533'),('20110426145014'),('20110429150825'),('20110430142655'),('20110501202247'),('20110502175634'),('20110503165127'),('20110506202156'),('20110509144521'),('20110520172423'),('20110529152142'),('20110530121627'),('20110601155244'),('20110606114650'),('20110606154238'),('20110615120534'),('20110620180705'),('20110621165656'),('20110627164509'),('20110711160159'),('20110728101729'),('20110731170836'),('20110801114044'),('20110802172428'),('20110807130218'),('20110807131155'),('20110807161232'),('20110812114804'),('20110905102038'),('20110911155609'),('20110916153737'),('99999999999000'),('99999999999900');
/*!40000 ALTER TABLE `schema_migrations` ENABLE KEYS */;
UNLOCK TABLES;

--
-- Table structure for table `solar_systems`
--

DROP TABLE IF EXISTS `solar_systems`;
/*!40101 SET @saved_cs_client     = @@character_set_client */;
/*!40101 SET character_set_client = utf8 */;
CREATE TABLE `solar_systems` (
  `id` int(11) NOT NULL AUTO_INCREMENT,
  `galaxy_id` int(11) NOT NULL,
  `x` mediumint(9) DEFAULT NULL,
  `y` mediumint(9) DEFAULT NULL,
  `kind` tinyint(2) NOT NULL DEFAULT '0',
  `shield_ends_at` datetime DEFAULT NULL,
  `shield_owner_id` int(11) DEFAULT NULL,
  PRIMARY KEY (`id`),
  UNIQUE KEY `uniqueness` (`galaxy_id`,`x`,`y`),
  KEY `shield_owner_id` (`shield_owner_id`),
  CONSTRAINT `solar_systems_ibfk_1` FOREIGN KEY (`galaxy_id`) REFERENCES `galaxies` (`id`) ON DELETE CASCADE,
  CONSTRAINT `solar_systems_ibfk_2` FOREIGN KEY (`shield_owner_id`) REFERENCES `players` (`id`) ON DELETE SET NULL ON UPDATE CASCADE
) ENGINE=InnoDB AUTO_INCREMENT=13 DEFAULT CHARSET=utf8;
/*!40101 SET character_set_client = @saved_cs_client */;

--
-- Dumping data for table `solar_systems`
--

LOCK TABLES `solar_systems` WRITE;
/*!40000 ALTER TABLE `solar_systems` DISABLE KEYS */;
INSERT INTO `solar_systems` VALUES (1,1,NULL,NULL,2,NULL,NULL),(2,1,1,-6,2,NULL,NULL),(3,1,4,-3,0,NULL,NULL),(4,1,6,-5,1,NULL,NULL),(5,1,2,-7,1,NULL,NULL),(6,1,7,-8,2,NULL,NULL),(7,1,5,-7,0,NULL,NULL),(8,1,2,-4,0,NULL,NULL),(9,1,5,-1,1,NULL,NULL),(10,1,1,-2,1,NULL,NULL),(11,1,6,-3,2,NULL,NULL),(12,1,1,-7,0,'2011-09-16 17:18:48',1);
/*!40000 ALTER TABLE `solar_systems` ENABLE KEYS */;
UNLOCK TABLES;

--
-- Table structure for table `ss_objects`
--

DROP TABLE IF EXISTS `ss_objects`;
/*!40101 SET @saved_cs_client     = @@character_set_client */;
/*!40101 SET character_set_client = utf8 */;
CREATE TABLE `ss_objects` (
  `id` int(11) NOT NULL AUTO_INCREMENT,
  `solar_system_id` int(11) NOT NULL,
  `width` int(11) DEFAULT NULL,
  `height` int(11) DEFAULT NULL,
  `position` int(11) NOT NULL DEFAULT '0',
  `angle` int(11) NOT NULL DEFAULT '0',
  `type` varchar(255) NOT NULL,
  `player_id` int(11) DEFAULT NULL,
  `name` varchar(12) NOT NULL DEFAULT '',
  `size` int(11) NOT NULL DEFAULT '0',
  `terrain` tinyint(2) unsigned NOT NULL DEFAULT '0',
  `metal` float unsigned NOT NULL DEFAULT '0',
  `metal_generation_rate` float unsigned NOT NULL DEFAULT '0',
  `metal_storage` float NOT NULL DEFAULT '0',
  `energy` float unsigned NOT NULL DEFAULT '0',
  `energy_generation_rate` float unsigned NOT NULL DEFAULT '0',
  `energy_storage` float NOT NULL DEFAULT '0',
  `zetium` float unsigned NOT NULL DEFAULT '0',
  `zetium_generation_rate` float unsigned NOT NULL DEFAULT '0',
  `zetium_storage` float NOT NULL DEFAULT '0',
  `last_resources_update` datetime DEFAULT NULL,
  `energy_diminish_registered` tinyint(1) NOT NULL DEFAULT '0',
  `exploration_x` tinyint(2) unsigned DEFAULT NULL,
  `exploration_y` tinyint(2) unsigned DEFAULT NULL,
  `exploration_ends_at` datetime DEFAULT NULL,
  `can_destroy_building_at` datetime DEFAULT NULL,
  `next_raid_at` datetime DEFAULT NULL,
  `shield_ends_at` datetime DEFAULT NULL,
  `shield_owner_id` int(11) DEFAULT NULL,
  `metal_rate_boost_ends_at` datetime DEFAULT NULL,
  `metal_storage_boost_ends_at` datetime DEFAULT NULL,
  `energy_rate_boost_ends_at` datetime DEFAULT NULL,
  `energy_storage_boost_ends_at` datetime DEFAULT NULL,
  `zetium_rate_boost_ends_at` datetime DEFAULT NULL,
  `zetium_storage_boost_ends_at` datetime DEFAULT NULL,
  `metal_usage_rate` float unsigned NOT NULL DEFAULT '0',
  `energy_usage_rate` float unsigned NOT NULL DEFAULT '0',
  `zetium_usage_rate` float unsigned NOT NULL DEFAULT '0',
  `owner_changed` datetime DEFAULT NULL,
  PRIMARY KEY (`id`),
  UNIQUE KEY `uniqueness` (`solar_system_id`,`position`,`angle`),
  KEY `index_planets_on_galaxy_id_and_solar_system_id` (`solar_system_id`),
  KEY `index_planets_on_player_id_and_galaxy_id` (`player_id`),
  KEY `group_by_for_fowssentry_status_updates` (`player_id`,`solar_system_id`),
  KEY `shield_owner_id` (`shield_owner_id`),
  CONSTRAINT `ss_objects_ibfk_1` FOREIGN KEY (`solar_system_id`) REFERENCES `solar_systems` (`id`) ON DELETE CASCADE,
  CONSTRAINT `ss_objects_ibfk_2` FOREIGN KEY (`player_id`) REFERENCES `players` (`id`) ON DELETE SET NULL,
  CONSTRAINT `ss_objects_ibfk_3` FOREIGN KEY (`shield_owner_id`) REFERENCES `players` (`id`) ON DELETE SET NULL ON UPDATE CASCADE
) ENGINE=InnoDB AUTO_INCREMENT=78 DEFAULT CHARSET=utf8;
/*!40101 SET character_set_client = @saved_cs_client */;

--
-- Dumping data for table `ss_objects`
--

LOCK TABLES `ss_objects` WRITE;
/*!40000 ALTER TABLE `ss_objects` DISABLE KEYS */;
INSERT INTO `ss_objects` VALUES (1,1,21,17,0,270,'Planet',NULL,'Gramen',40,0,0,0,100000,0,0,200000,0,0,25000,NULL,0,NULL,NULL,NULL,NULL,NULL,NULL,NULL,NULL,NULL,NULL,NULL,NULL,NULL,0,0,0,NULL),(2,1,0,0,3,270,'Jumpgate',NULL,'',26,0,0,0,0,0,0,0,0,0,0,NULL,0,NULL,NULL,NULL,NULL,NULL,NULL,NULL,NULL,NULL,NULL,NULL,NULL,NULL,0,0,0,NULL),(3,1,0,0,3,22,'Jumpgate',NULL,'',49,0,0,0,0,0,0,0,0,0,0,NULL,0,NULL,NULL,NULL,NULL,NULL,NULL,NULL,NULL,NULL,NULL,NULL,NULL,NULL,0,0,0,NULL),(4,1,15,15,2,210,'Planet',NULL,'Limus',37,2,0,0,100000,0,0,200000,0,0,25000,NULL,0,NULL,NULL,NULL,NULL,NULL,NULL,NULL,NULL,NULL,NULL,NULL,NULL,NULL,0,0,0,NULL),(5,1,0,0,3,134,'Jumpgate',NULL,'',50,0,0,0,0,0,0,0,0,0,0,NULL,0,NULL,NULL,NULL,NULL,NULL,NULL,NULL,NULL,NULL,NULL,NULL,NULL,NULL,0,0,0,NULL),(6,1,23,13,1,45,'Planet',NULL,'Inculta',40,1,0,0,100000,0,0,200000,0,0,25000,NULL,0,NULL,NULL,NULL,NULL,NULL,NULL,NULL,NULL,NULL,NULL,NULL,NULL,NULL,0,0,0,NULL),(7,2,0,0,3,270,'Jumpgate',NULL,'',30,0,0,0,0,0,0,0,0,0,0,NULL,0,NULL,NULL,NULL,NULL,NULL,NULL,NULL,NULL,NULL,NULL,NULL,NULL,NULL,0,0,0,NULL),(8,2,0,0,3,22,'Jumpgate',NULL,'',26,0,0,0,0,0,0,0,0,0,0,NULL,0,NULL,NULL,NULL,NULL,NULL,NULL,NULL,NULL,NULL,NULL,NULL,NULL,NULL,0,0,0,NULL),(9,2,23,13,2,210,'Planet',NULL,'Inculta-9',40,1,0,0,100000,0,0,200000,0,0,25000,NULL,0,NULL,NULL,NULL,NULL,NULL,NULL,NULL,NULL,NULL,NULL,NULL,NULL,NULL,0,0,0,NULL),(10,2,0,0,3,134,'Jumpgate',NULL,'',48,0,0,0,0,0,0,0,0,0,0,NULL,0,NULL,NULL,NULL,NULL,NULL,NULL,NULL,NULL,NULL,NULL,NULL,NULL,NULL,0,0,0,NULL),(11,3,28,28,0,270,'Planet',NULL,'P-11',48,2,0,0,0,0,0,0,0,0,0,'2011-09-16 17:17:28',0,NULL,NULL,NULL,NULL,NULL,NULL,NULL,NULL,NULL,NULL,NULL,NULL,NULL,0,0,0,NULL),(12,3,0,0,0,180,'Asteroid',NULL,'',60,0,0,1,0,0,2,0,0,1,0,NULL,0,NULL,NULL,NULL,NULL,NULL,NULL,NULL,NULL,NULL,NULL,NULL,NULL,NULL,0,0,0,NULL),(13,3,0,0,2,150,'Asteroid',NULL,'',60,0,0,4,0,0,2,0,0,3,0,NULL,0,NULL,NULL,NULL,NULL,NULL,NULL,NULL,NULL,NULL,NULL,NULL,NULL,NULL,0,0,0,NULL),(14,3,0,0,1,0,'Asteroid',NULL,'',32,0,0,4,0,0,5,0,0,2,0,NULL,0,NULL,NULL,NULL,NULL,NULL,NULL,NULL,NULL,NULL,NULL,NULL,NULL,NULL,0,0,0,NULL),(15,3,0,0,2,60,'Asteroid',NULL,'',33,0,0,2,0,0,5,0,0,2,0,NULL,0,NULL,NULL,NULL,NULL,NULL,NULL,NULL,NULL,NULL,NULL,NULL,NULL,NULL,0,0,0,NULL),(16,3,0,0,3,180,'Jumpgate',NULL,'',46,0,0,0,0,0,0,0,0,0,0,NULL,0,NULL,NULL,NULL,NULL,NULL,NULL,NULL,NULL,NULL,NULL,NULL,NULL,NULL,0,0,0,NULL),(17,3,0,0,1,315,'Asteroid',NULL,'',25,0,0,2,0,0,3,0,0,3,0,NULL,0,NULL,NULL,NULL,NULL,NULL,NULL,NULL,NULL,NULL,NULL,NULL,NULL,NULL,0,0,0,NULL),(18,3,0,0,2,270,'Asteroid',NULL,'',50,0,0,2,0,0,1,0,0,2,0,NULL,0,NULL,NULL,NULL,NULL,NULL,NULL,NULL,NULL,NULL,NULL,NULL,NULL,NULL,0,0,0,NULL),(19,3,0,0,2,330,'Asteroid',NULL,'',48,0,0,2,0,0,5,0,0,2,0,NULL,0,NULL,NULL,NULL,NULL,NULL,NULL,NULL,NULL,NULL,NULL,NULL,NULL,NULL,0,0,0,NULL),(20,3,31,26,2,120,'Planet',NULL,'P-20',48,1,0,0,0,0,0,0,0,0,0,'2011-09-16 17:17:28',0,NULL,NULL,NULL,NULL,NULL,NULL,NULL,NULL,NULL,NULL,NULL,NULL,NULL,0,0,0,NULL),(21,3,0,0,2,240,'Asteroid',NULL,'',55,0,0,2,0,0,4,0,0,4,0,NULL,0,NULL,NULL,NULL,NULL,NULL,NULL,NULL,NULL,NULL,NULL,NULL,NULL,NULL,0,0,0,NULL),(22,3,0,0,3,224,'Jumpgate',NULL,'',55,0,0,0,0,0,0,0,0,0,0,NULL,0,NULL,NULL,NULL,NULL,NULL,NULL,NULL,NULL,NULL,NULL,NULL,NULL,NULL,0,0,0,NULL),(23,3,0,0,2,30,'Asteroid',NULL,'',55,0,0,2,0,0,5,0,0,4,0,NULL,0,NULL,NULL,NULL,NULL,NULL,NULL,NULL,NULL,NULL,NULL,NULL,NULL,NULL,0,0,0,NULL),(24,3,0,0,1,90,'Asteroid',NULL,'',36,0,0,2,0,0,1,0,0,2,0,NULL,0,NULL,NULL,NULL,NULL,NULL,NULL,NULL,NULL,NULL,NULL,NULL,NULL,NULL,0,0,0,NULL),(25,3,0,0,0,0,'Asteroid',NULL,'',35,0,0,2,0,0,1,0,0,2,0,NULL,0,NULL,NULL,NULL,NULL,NULL,NULL,NULL,NULL,NULL,NULL,NULL,NULL,NULL,0,0,0,NULL),(26,3,0,0,1,45,'Asteroid',NULL,'',29,0,0,3,0,0,3,0,0,5,0,NULL,0,NULL,NULL,NULL,NULL,NULL,NULL,NULL,NULL,NULL,NULL,NULL,NULL,NULL,0,0,0,NULL),(27,6,0,0,3,270,'Jumpgate',NULL,'',46,0,0,0,0,0,0,0,0,0,0,NULL,0,NULL,NULL,NULL,NULL,NULL,NULL,NULL,NULL,NULL,NULL,NULL,NULL,NULL,0,0,0,NULL),(28,6,0,0,3,22,'Jumpgate',NULL,'',41,0,0,0,0,0,0,0,0,0,0,NULL,0,NULL,NULL,NULL,NULL,NULL,NULL,NULL,NULL,NULL,NULL,NULL,NULL,NULL,0,0,0,NULL),(29,6,21,17,2,210,'Planet',NULL,'Gramen-29',40,0,0,0,100000,0,0,200000,0,0,25000,NULL,0,NULL,NULL,NULL,NULL,NULL,NULL,NULL,NULL,NULL,NULL,NULL,NULL,NULL,0,0,0,NULL),(30,6,0,0,3,134,'Jumpgate',NULL,'',27,0,0,0,0,0,0,0,0,0,0,NULL,0,NULL,NULL,NULL,NULL,NULL,NULL,NULL,NULL,NULL,NULL,NULL,NULL,NULL,0,0,0,NULL),(31,7,0,0,0,270,'Asteroid',NULL,'',60,0,0,2,0,0,5,0,0,4,0,NULL,0,NULL,NULL,NULL,NULL,NULL,NULL,NULL,NULL,NULL,NULL,NULL,NULL,NULL,0,0,0,NULL),(32,7,31,32,0,180,'Planet',NULL,'P-32',51,2,0,0,0,0,0,0,0,0,0,'2011-09-16 17:17:28',0,NULL,NULL,NULL,NULL,NULL,NULL,NULL,NULL,NULL,NULL,NULL,NULL,NULL,0,0,0,NULL),(33,7,0,0,2,180,'Asteroid',NULL,'',45,0,0,3,0,0,3,0,0,2,0,NULL,0,NULL,NULL,NULL,NULL,NULL,NULL,NULL,NULL,NULL,NULL,NULL,NULL,NULL,0,0,0,NULL),(34,7,0,0,2,60,'Asteroid',NULL,'',44,0,0,2,0,0,3,0,0,3,0,NULL,0,NULL,NULL,NULL,NULL,NULL,NULL,NULL,NULL,NULL,NULL,NULL,NULL,NULL,0,0,0,NULL),(35,7,0,0,3,180,'Jumpgate',NULL,'',55,0,0,0,0,0,0,0,0,0,0,NULL,0,NULL,NULL,NULL,NULL,NULL,NULL,NULL,NULL,NULL,NULL,NULL,NULL,NULL,0,0,0,NULL),(36,7,0,0,1,315,'Asteroid',NULL,'',26,0,0,5,0,0,2,0,0,3,0,NULL,0,NULL,NULL,NULL,NULL,NULL,NULL,NULL,NULL,NULL,NULL,NULL,NULL,NULL,0,0,0,NULL),(37,7,0,0,2,330,'Asteroid',NULL,'',59,0,0,5,0,0,2,0,0,5,0,NULL,0,NULL,NULL,NULL,NULL,NULL,NULL,NULL,NULL,NULL,NULL,NULL,NULL,NULL,0,0,0,NULL),(38,7,0,0,1,225,'Asteroid',NULL,'',31,0,0,2,0,0,5,0,0,5,0,NULL,0,NULL,NULL,NULL,NULL,NULL,NULL,NULL,NULL,NULL,NULL,NULL,NULL,NULL,0,0,0,NULL),(39,7,0,0,1,180,'Asteroid',NULL,'',49,0,0,3,0,0,2,0,0,4,0,NULL,0,NULL,NULL,NULL,NULL,NULL,NULL,NULL,NULL,NULL,NULL,NULL,NULL,NULL,0,0,0,NULL),(40,7,0,0,2,210,'Asteroid',NULL,'',28,0,0,2,0,0,5,0,0,3,0,NULL,0,NULL,NULL,NULL,NULL,NULL,NULL,NULL,NULL,NULL,NULL,NULL,NULL,NULL,0,0,0,NULL),(41,7,0,0,2,0,'Asteroid',NULL,'',36,0,0,2,0,0,3,0,0,5,0,NULL,0,NULL,NULL,NULL,NULL,NULL,NULL,NULL,NULL,NULL,NULL,NULL,NULL,NULL,0,0,0,NULL),(42,7,0,0,3,134,'Jumpgate',NULL,'',60,0,0,0,0,0,0,0,0,0,0,NULL,0,NULL,NULL,NULL,NULL,NULL,NULL,NULL,NULL,NULL,NULL,NULL,NULL,NULL,0,0,0,NULL),(43,7,0,0,1,90,'Asteroid',NULL,'',53,0,0,2,0,0,2,0,0,2,0,NULL,0,NULL,NULL,NULL,NULL,NULL,NULL,NULL,NULL,NULL,NULL,NULL,NULL,NULL,0,0,0,NULL),(44,7,0,0,0,0,'Asteroid',NULL,'',43,0,0,5,0,0,4,0,0,3,0,NULL,0,NULL,NULL,NULL,NULL,NULL,NULL,NULL,NULL,NULL,NULL,NULL,NULL,NULL,0,0,0,NULL),(45,8,28,31,0,270,'Planet',NULL,'P-45',49,1,0,0,0,0,0,0,0,0,0,'2011-09-16 17:17:28',0,NULL,NULL,NULL,NULL,NULL,NULL,NULL,NULL,NULL,NULL,NULL,NULL,NULL,0,0,0,NULL),(46,8,0,0,2,180,'Asteroid',NULL,'',29,0,0,3,0,0,5,0,0,2,0,NULL,0,NULL,NULL,NULL,NULL,NULL,NULL,NULL,NULL,NULL,NULL,NULL,NULL,NULL,0,0,0,NULL),(47,8,0,0,0,180,'Asteroid',NULL,'',58,0,0,5,0,0,4,0,0,2,0,NULL,0,NULL,NULL,NULL,NULL,NULL,NULL,NULL,NULL,NULL,NULL,NULL,NULL,NULL,0,0,0,NULL),(48,8,0,0,2,150,'Asteroid',NULL,'',42,0,0,2,0,0,2,0,0,1,0,NULL,0,NULL,NULL,NULL,NULL,NULL,NULL,NULL,NULL,NULL,NULL,NULL,NULL,NULL,0,0,0,NULL),(49,8,0,0,2,270,'Asteroid',NULL,'',25,0,0,2,0,0,1,0,0,1,0,NULL,0,NULL,NULL,NULL,NULL,NULL,NULL,NULL,NULL,NULL,NULL,NULL,NULL,NULL,0,0,0,NULL),(50,8,0,0,1,225,'Asteroid',NULL,'',49,0,0,2,0,0,2,0,0,1,0,NULL,0,NULL,NULL,NULL,NULL,NULL,NULL,NULL,NULL,NULL,NULL,NULL,NULL,NULL,0,0,0,NULL),(51,8,0,0,3,336,'Jumpgate',NULL,'',51,0,0,0,0,0,0,0,0,0,0,NULL,0,NULL,NULL,NULL,NULL,NULL,NULL,NULL,NULL,NULL,NULL,NULL,NULL,NULL,0,0,0,NULL),(52,8,0,0,2,240,'Asteroid',NULL,'',33,0,0,2,0,0,2,0,0,1,0,NULL,0,NULL,NULL,NULL,NULL,NULL,NULL,NULL,NULL,NULL,NULL,NULL,NULL,NULL,0,0,0,NULL),(53,8,0,0,1,180,'Asteroid',NULL,'',54,0,0,2,0,0,2,0,0,2,0,NULL,0,NULL,NULL,NULL,NULL,NULL,NULL,NULL,NULL,NULL,NULL,NULL,NULL,NULL,0,0,0,NULL),(54,8,0,0,2,120,'Asteroid',NULL,'',52,0,0,2,0,0,1,0,0,2,0,NULL,0,NULL,NULL,NULL,NULL,NULL,NULL,NULL,NULL,NULL,NULL,NULL,NULL,NULL,0,0,0,NULL),(55,8,0,0,2,210,'Asteroid',NULL,'',54,0,0,1,0,0,1,0,0,1,0,NULL,0,NULL,NULL,NULL,NULL,NULL,NULL,NULL,NULL,NULL,NULL,NULL,NULL,NULL,0,0,0,NULL),(56,8,0,0,1,135,'Asteroid',NULL,'',60,0,0,2,0,0,2,0,0,2,0,NULL,0,NULL,NULL,NULL,NULL,NULL,NULL,NULL,NULL,NULL,NULL,NULL,NULL,NULL,0,0,0,NULL),(57,8,0,0,2,0,'Asteroid',NULL,'',47,0,0,5,0,0,2,0,0,4,0,NULL,0,NULL,NULL,NULL,NULL,NULL,NULL,NULL,NULL,NULL,NULL,NULL,NULL,NULL,0,0,0,NULL),(58,8,0,0,2,300,'Asteroid',NULL,'',53,0,0,4,0,0,4,0,0,3,0,NULL,0,NULL,NULL,NULL,NULL,NULL,NULL,NULL,NULL,NULL,NULL,NULL,NULL,NULL,0,0,0,NULL),(59,8,28,34,1,45,'Planet',NULL,'P-59',50,2,0,0,0,0,0,0,0,0,0,'2011-09-16 17:17:28',0,NULL,NULL,NULL,NULL,NULL,NULL,NULL,NULL,NULL,NULL,NULL,NULL,NULL,0,0,0,NULL),(60,8,0,0,0,0,'Asteroid',NULL,'',38,0,0,2,0,0,1,0,0,2,0,NULL,0,NULL,NULL,NULL,NULL,NULL,NULL,NULL,NULL,NULL,NULL,NULL,NULL,NULL,0,0,0,NULL),(61,11,21,17,0,270,'Planet',NULL,'Gramen-61',40,0,0,0,100000,0,0,200000,0,0,25000,NULL,0,NULL,NULL,NULL,NULL,NULL,NULL,NULL,NULL,NULL,NULL,NULL,NULL,NULL,0,0,0,NULL),(62,11,0,0,3,270,'Jumpgate',NULL,'',38,0,0,0,0,0,0,0,0,0,0,NULL,0,NULL,NULL,NULL,NULL,NULL,NULL,NULL,NULL,NULL,NULL,NULL,NULL,NULL,0,0,0,NULL),(63,11,0,0,3,22,'Jumpgate',NULL,'',39,0,0,0,0,0,0,0,0,0,0,NULL,0,NULL,NULL,NULL,NULL,NULL,NULL,NULL,NULL,NULL,NULL,NULL,NULL,NULL,0,0,0,NULL),(64,11,0,0,3,134,'Jumpgate',NULL,'',51,0,0,0,0,0,0,0,0,0,0,NULL,0,NULL,NULL,NULL,NULL,NULL,NULL,NULL,NULL,NULL,NULL,NULL,NULL,NULL,0,0,0,NULL),(65,12,0,0,2,180,'Asteroid',NULL,'',36,0,0,2,0,0,2,0,0,2,0,NULL,0,NULL,NULL,NULL,NULL,NULL,NULL,NULL,NULL,NULL,NULL,NULL,NULL,NULL,0,0,0,NULL),(66,12,0,0,0,180,'Asteroid',NULL,'',29,0,0,2,0,0,2,0,0,3,0,NULL,0,NULL,NULL,NULL,NULL,NULL,NULL,NULL,NULL,NULL,NULL,NULL,NULL,NULL,0,0,0,NULL),(67,12,0,0,1,0,'Asteroid',NULL,'',55,0,0,1,0,0,1,0,0,1,0,NULL,0,NULL,NULL,NULL,NULL,NULL,NULL,NULL,NULL,NULL,NULL,NULL,NULL,NULL,0,0,0,NULL),(68,12,0,0,2,60,'Asteroid',NULL,'',58,0,0,4,0,0,2,0,0,4,0,NULL,0,NULL,NULL,NULL,NULL,NULL,NULL,NULL,NULL,NULL,NULL,NULL,NULL,NULL,0,0,0,NULL),(69,12,0,0,3,22,'Jumpgate',NULL,'',25,0,0,0,0,0,0,0,0,0,0,NULL,0,NULL,NULL,NULL,NULL,NULL,NULL,NULL,NULL,NULL,NULL,NULL,NULL,NULL,0,0,0,NULL),(70,12,30,30,2,330,'Planet',1,'P-70',50,0,1593.05,210,9654.88,3521.01,463.5,21339.5,0,0,2622.18,'2011-09-16 17:17:28',0,NULL,NULL,NULL,NULL,NULL,NULL,NULL,NULL,NULL,NULL,NULL,NULL,NULL,0,0,0,'2011-09-16 17:17:28'),(71,12,0,0,1,225,'Asteroid',NULL,'',45,0,0,1,0,0,1,0,0,2,0,NULL,0,NULL,NULL,NULL,NULL,NULL,NULL,NULL,NULL,NULL,NULL,NULL,NULL,NULL,0,0,0,NULL),(72,12,0,0,2,120,'Asteroid',NULL,'',52,0,0,2,0,0,2,0,0,2,0,NULL,0,NULL,NULL,NULL,NULL,NULL,NULL,NULL,NULL,NULL,NULL,NULL,NULL,NULL,0,0,0,NULL),(73,12,0,0,1,180,'Asteroid',NULL,'',25,0,0,2,0,0,1,0,0,1,0,NULL,0,NULL,NULL,NULL,NULL,NULL,NULL,NULL,NULL,NULL,NULL,NULL,NULL,NULL,0,0,0,NULL),(74,12,32,28,0,90,'Planet',NULL,'P-74',50,1,0,0,0,0,0,0,0,0,0,'2011-09-16 17:17:28',0,NULL,NULL,NULL,NULL,NULL,NULL,NULL,NULL,NULL,NULL,NULL,NULL,NULL,0,0,0,NULL),(75,12,0,0,2,30,'Asteroid',NULL,'',27,0,0,3,0,0,4,0,0,2,0,NULL,0,NULL,NULL,NULL,NULL,NULL,NULL,NULL,NULL,NULL,NULL,NULL,NULL,NULL,0,0,0,NULL),(76,12,0,0,2,300,'Asteroid',NULL,'',33,0,0,1,0,0,1,0,0,2,0,NULL,0,NULL,NULL,NULL,NULL,NULL,NULL,NULL,NULL,NULL,NULL,NULL,NULL,NULL,0,0,0,NULL),(77,12,0,0,0,0,'Asteroid',NULL,'',29,0,0,5,0,0,3,0,0,2,0,NULL,0,NULL,NULL,NULL,NULL,NULL,NULL,NULL,NULL,NULL,NULL,NULL,NULL,NULL,0,0,0,NULL);
/*!40000 ALTER TABLE `ss_objects` ENABLE KEYS */;
UNLOCK TABLES;

--
-- Table structure for table `technologies`
--

DROP TABLE IF EXISTS `technologies`;
/*!40101 SET @saved_cs_client     = @@character_set_client */;
/*!40101 SET character_set_client = utf8 */;
CREATE TABLE `technologies` (
  `id` int(11) NOT NULL AUTO_INCREMENT,
  `upgrade_ends_at` datetime DEFAULT NULL,
  `pause_remainder` int(10) unsigned DEFAULT NULL,
  `scientists` int(10) unsigned DEFAULT '0',
  `level` tinyint(2) unsigned NOT NULL,
  `player_id` int(11) NOT NULL,
  `type` varchar(50) NOT NULL,
  `pause_scientists` int(10) unsigned DEFAULT NULL,
  `speed_up` tinyint(1) NOT NULL DEFAULT '0',
  PRIMARY KEY (`id`),
  UNIQUE KEY `main` (`player_id`,`type`,`level`),
  UNIQUE KEY `type_by_player` (`player_id`,`type`,`level`),
  UNIQUE KEY `ensure_uniqueness` (`player_id`,`type`),
  KEY `upgrading` (`player_id`,`upgrade_ends_at`),
  CONSTRAINT `technologies_ibfk_1` FOREIGN KEY (`player_id`) REFERENCES `players` (`id`) ON DELETE CASCADE
) ENGINE=InnoDB DEFAULT CHARSET=utf8;
/*!40101 SET character_set_client = @saved_cs_client */;

--
-- Dumping data for table `technologies`
--

LOCK TABLES `technologies` WRITE;
/*!40000 ALTER TABLE `technologies` DISABLE KEYS */;
/*!40000 ALTER TABLE `technologies` ENABLE KEYS */;
UNLOCK TABLES;

--
-- Table structure for table `tiles`
--

DROP TABLE IF EXISTS `tiles`;
/*!40101 SET @saved_cs_client     = @@character_set_client */;
/*!40101 SET character_set_client = utf8 */;
CREATE TABLE `tiles` (
  `id` bigint(20) unsigned NOT NULL AUTO_INCREMENT,
  `kind` tinyint(2) unsigned NOT NULL DEFAULT '0',
  `planet_id` int(11) NOT NULL,
  `x` tinyint(2) unsigned NOT NULL DEFAULT '0',
  `y` tinyint(2) unsigned NOT NULL DEFAULT '0',
  PRIMARY KEY (`id`),
  UNIQUE KEY `uniqueness` (`planet_id`,`x`,`y`),
  CONSTRAINT `tiles_ibfk_1` FOREIGN KEY (`planet_id`) REFERENCES `ss_objects` (`id`) ON DELETE CASCADE
) ENGINE=InnoDB AUTO_INCREMENT=2079 DEFAULT CHARSET=utf8;
/*!40101 SET character_set_client = @saved_cs_client */;

--
-- Dumping data for table `tiles`
--

LOCK TABLES `tiles` WRITE;
/*!40000 ALTER TABLE `tiles` DISABLE KEYS */;
INSERT INTO `tiles` VALUES (1,13,1,0,0),(2,10,1,7,0),(3,12,1,14,0),(4,8,1,2,3),(5,8,1,0,7),(6,14,1,14,7),(7,9,1,7,12),(8,12,4,9,1),(9,13,4,9,8),(10,9,4,5,11),(11,13,6,1,0),(12,9,6,18,0),(13,13,6,11,1),(14,8,6,7,3),(15,9,6,19,5),(16,14,6,0,8),(17,8,6,10,10),(18,13,6,14,10),(32,13,9,1,0),(33,9,9,18,0),(34,13,9,11,1),(35,8,9,7,3),(36,9,9,19,5),(37,14,9,0,8),(38,8,9,10,10),(39,13,9,14,10),(40,11,11,8,0),(41,5,11,18,0),(42,5,11,19,0),(43,5,11,20,0),(44,5,11,21,0),(45,5,11,22,0),(46,5,11,23,0),(47,5,11,24,0),(48,3,11,26,0),(49,5,11,18,1),(50,5,11,19,1),(51,5,11,20,1),(52,5,11,21,1),(53,5,11,22,1),(54,5,11,24,1),(55,3,11,25,1),(56,3,11,26,1),(57,6,11,14,2),(58,6,11,15,2),(59,5,11,20,2),(60,5,11,21,2),(61,3,11,23,2),(62,3,11,25,2),(63,4,11,3,3),(64,2,11,5,3),(65,6,11,12,3),(66,6,11,13,3),(67,6,11,14,3),(68,14,11,15,3),(69,5,11,20,3),(70,5,11,21,3),(71,5,11,22,3),(72,3,11,23,3),(73,3,11,24,3),(74,3,11,25,3),(75,3,11,26,3),(76,3,11,27,3),(77,4,11,0,4),(78,4,11,1,4),(79,4,11,2,4),(80,4,11,3,4),(81,6,11,12,4),(82,6,11,13,4),(83,5,11,20,4),(84,5,11,21,4),(85,5,11,22,4),(86,3,11,23,4),(87,3,11,24,4),(88,3,11,25,4),(89,3,11,26,4),(90,3,11,27,4),(91,4,11,0,5),(92,4,11,1,5),(93,4,11,2,5),(94,4,11,3,5),(95,6,11,5,5),(96,6,11,6,5),(97,5,11,21,5),(98,5,11,22,5),(99,3,11,23,5),(100,3,11,25,5),(101,4,11,0,6),(102,4,11,2,6),(103,4,11,3,6),(104,4,11,4,6),(105,6,11,5,6),(106,6,11,6,6),(107,5,11,12,6),(108,3,11,21,6),(109,5,11,22,6),(110,3,11,23,6),(111,4,11,0,7),(112,4,11,2,7),(113,4,11,4,7),(114,6,11,5,7),(115,6,11,6,7),(116,5,11,12,7),(117,5,11,13,7),(118,3,11,19,7),(119,3,11,21,7),(120,4,11,4,8),(121,6,11,6,8),(122,5,11,11,8),(123,5,11,12,8),(124,5,11,13,8),(125,0,11,14,8),(126,3,11,17,8),(127,3,11,18,8),(128,3,11,19,8),(129,3,11,21,8),(130,5,11,11,9),(131,5,11,12,9),(132,5,11,13,9),(133,3,11,16,9),(134,3,11,17,9),(135,3,11,18,9),(136,3,11,19,9),(137,3,11,20,9),(138,3,11,21,9),(139,4,11,0,10),(140,5,11,11,10),(141,5,11,12,10),(142,5,11,13,10),(143,3,11,17,10),(144,3,11,18,10),(145,0,11,19,10),(146,3,11,21,10),(147,4,11,0,11),(148,6,11,5,11),(149,3,11,18,11),(150,4,11,0,12),(151,6,11,5,12),(152,3,11,18,12),(153,4,11,0,13),(154,4,11,1,13),(155,6,11,4,13),(156,6,11,5,13),(157,6,11,6,13),(158,6,11,7,13),(159,6,11,8,13),(160,0,11,9,13),(161,3,11,12,13),(162,4,11,0,14),(163,0,11,1,14),(164,3,11,12,14),(165,4,11,23,14),(166,4,11,0,15),(167,3,11,10,15),(168,3,11,11,15),(169,3,11,12,15),(170,4,11,22,15),(171,4,11,23,15),(172,2,11,24,15),(173,4,11,0,16),(174,4,11,1,16),(175,4,11,2,16),(176,4,11,3,16),(177,4,11,4,16),(178,3,11,10,16),(179,3,11,12,16),(180,3,11,13,16),(181,3,11,14,16),(182,3,11,15,16),(183,3,11,16,16),(184,3,11,17,16),(185,3,11,18,16),(186,4,11,22,16),(187,4,11,23,16),(188,4,11,0,17),(189,4,11,1,17),(190,4,11,2,17),(191,4,11,3,17),(192,4,11,4,17),(193,2,11,5,17),(194,3,11,10,17),(195,3,11,11,17),(196,3,11,12,17),(197,0,11,13,17),(198,3,11,15,17),(199,3,11,16,17),(200,4,11,21,17),(201,4,11,22,17),(202,4,11,23,17),(203,4,11,24,17),(204,4,11,25,17),(205,4,11,26,17),(206,4,11,0,18),(207,4,11,1,18),(208,4,11,2,18),(209,4,11,3,18),(210,4,11,4,18),(211,4,11,21,18),(212,4,11,22,18),(213,4,11,23,18),(214,4,11,24,18),(215,8,11,25,18),(216,4,11,0,19),(217,4,11,1,19),(218,4,11,2,19),(219,4,11,3,19),(220,4,11,4,19),(221,4,11,5,19),(222,4,11,23,19),(223,4,11,24,19),(224,4,11,0,20),(225,4,11,1,20),(226,4,11,3,20),(227,4,11,4,20),(228,4,11,5,20),(229,4,11,6,20),(230,4,11,0,21),(231,4,11,1,21),(232,4,11,2,21),(233,1,11,7,21),(234,4,11,0,22),(235,4,11,1,22),(236,4,11,2,22),(237,5,11,17,22),(238,4,11,0,23),(239,4,11,1,23),(240,4,11,2,23),(241,5,11,16,23),(242,5,11,17,23),(243,4,11,0,24),(244,3,11,2,24),(245,3,11,3,24),(246,3,11,4,24),(247,9,11,11,24),(248,5,11,17,24),(249,4,11,0,25),(250,3,11,1,25),(251,3,11,2,25),(252,3,11,3,25),(253,3,11,4,25),(254,5,11,16,25),(255,5,11,17,25),(256,4,11,0,26),(257,4,11,1,26),(258,4,11,2,26),(259,3,11,3,26),(260,3,11,4,26),(261,3,11,5,26),(262,3,11,6,26),(263,3,11,7,26),(264,6,11,10,26),(265,5,11,15,26),(266,5,11,16,26),(267,5,11,17,26),(268,4,11,0,27),(269,4,11,1,27),(270,4,11,2,27),(271,3,11,3,27),(272,3,11,4,27),(273,3,11,5,27),(274,3,11,6,27),(275,3,11,7,27),(276,3,11,8,27),(277,6,11,9,27),(278,6,11,10,27),(279,6,11,11,27),(280,6,11,12,27),(281,6,11,13,27),(282,6,11,14,27),(283,5,11,15,27),(284,5,11,16,27),(285,5,11,17,27),(286,3,20,5,0),(287,3,20,6,0),(288,3,20,7,0),(289,3,20,8,0),(290,3,20,20,0),(291,3,20,21,0),(292,3,20,22,0),(293,4,20,29,0),(294,4,20,30,0),(295,3,20,3,1),(296,3,20,4,1),(297,3,20,5,1),(298,3,20,6,1),(299,3,20,7,1),(300,5,20,8,1),(301,13,20,15,1),(302,3,20,21,1),(303,4,20,29,1),(304,4,20,30,1),(305,3,20,3,2),(306,3,20,6,2),(307,3,20,7,2),(308,5,20,8,2),(309,3,20,21,2),(310,3,20,22,2),(311,3,20,23,2),(312,4,20,29,2),(313,4,20,30,2),(314,4,20,18,3),(315,4,20,19,3),(316,4,20,20,3),(317,3,20,21,3),(318,3,20,22,3),(319,4,20,29,3),(320,4,20,30,3),(321,0,20,3,4),(322,6,20,5,4),(323,4,20,17,4),(324,4,20,18,4),(325,4,20,19,4),(326,4,20,20,4),(327,3,20,21,4),(328,3,20,22,4),(329,3,20,23,4),(330,6,20,2,5),(331,6,20,5,5),(332,2,20,16,5),(333,4,20,18,5),(334,4,20,19,5),(335,4,20,20,5),(336,4,20,21,5),(337,4,20,22,5),(338,6,20,1,6),(339,6,20,2,6),(340,6,20,3,6),(341,6,20,4,6),(342,6,20,5,6),(343,4,20,18,6),(344,4,20,19,6),(345,4,20,20,6),(346,4,20,21,6),(347,0,20,22,6),(348,6,20,2,7),(349,6,20,3,7),(350,6,20,5,7),(351,4,20,14,7),(352,4,20,15,7),(353,4,20,16,7),(354,4,20,17,7),(355,4,20,18,7),(356,4,20,19,7),(357,4,20,21,7),(358,2,20,26,7),(359,4,20,28,7),(360,6,20,5,8),(361,4,20,17,8),(362,4,20,28,8),(363,4,20,29,8),(364,6,20,8,9),(365,6,20,9,9),(366,4,20,28,9),(367,4,20,29,9),(368,4,20,30,9),(369,6,20,8,10),(370,6,20,9,10),(371,4,20,25,10),(372,4,20,26,10),(373,4,20,27,10),(374,4,20,28,10),(375,4,20,29,10),(376,4,20,30,10),(377,1,20,1,11),(378,6,20,7,11),(379,6,20,8,11),(380,6,20,9,11),(381,6,20,10,11),(382,6,20,11,11),(383,6,20,12,11),(384,5,20,13,11),(385,5,20,14,11),(386,4,20,28,11),(387,4,20,30,11),(388,4,20,7,12),(389,4,20,8,12),(390,6,20,9,12),(391,6,20,10,12),(392,0,20,12,12),(393,5,20,14,12),(394,4,20,27,12),(395,4,20,28,12),(396,4,20,29,12),(397,4,20,30,12),(398,4,20,7,13),(399,4,20,8,13),(400,5,20,14,13),(401,5,20,15,13),(402,0,20,26,13),(403,4,20,28,13),(404,4,20,30,13),(405,4,20,7,14),(406,4,20,8,14),(407,4,20,9,14),(408,4,20,10,14),(409,5,20,11,14),(410,5,20,12,14),(411,5,20,14,14),(412,5,20,15,14),(413,4,20,28,14),(414,4,20,29,14),(415,4,20,30,14),(416,4,20,5,15),(417,4,20,6,15),(418,4,20,7,15),(419,4,20,8,15),(420,4,20,9,15),(421,4,20,10,15),(422,4,20,11,15),(423,5,20,12,15),(424,5,20,13,15),(425,5,20,14,15),(426,5,20,15,15),(427,5,20,16,15),(428,3,20,26,15),(429,3,20,27,15),(430,4,20,30,15),(431,4,20,8,16),(432,4,20,9,16),(433,4,20,10,16),(434,4,20,11,16),(435,5,20,12,16),(436,5,20,13,16),(437,5,20,14,16),(438,5,20,15,16),(439,5,20,16,16),(440,3,20,25,16),(441,3,20,26,16),(442,4,20,6,17),(443,4,20,7,17),(444,4,20,8,17),(445,5,20,10,17),(446,5,20,11,17),(447,5,20,12,17),(448,5,20,13,17),(449,5,20,14,17),(450,3,20,25,17),(451,3,20,26,17),(452,4,20,8,18),(453,4,20,9,18),(454,6,20,12,18),(455,3,20,25,18),(456,3,20,26,18),(457,3,20,7,19),(458,6,20,9,19),(459,6,20,10,19),(460,6,20,11,19),(461,6,20,12,19),(462,1,20,16,19),(463,3,20,24,19),(464,3,20,25,19),(465,3,20,26,19),(466,11,20,27,19),(467,3,20,4,20),(468,3,20,6,20),(469,3,20,7,20),(470,6,20,9,20),(471,6,20,10,20),(472,6,20,11,20),(473,6,20,12,20),(474,6,20,13,20),(475,6,20,14,20),(476,3,20,18,20),(477,3,20,19,20),(478,3,20,20,20),(479,3,20,21,20),(480,3,20,26,20),(481,5,20,3,21),(482,3,20,4,21),(483,3,20,5,21),(484,3,20,6,21),(485,3,20,7,21),(486,3,20,8,21),(487,3,20,9,21),(488,5,20,10,21),(489,5,20,11,21),(490,5,20,12,21),(491,5,20,13,21),(492,6,20,14,21),(493,3,20,16,21),(494,3,20,17,21),(495,3,20,18,21),(496,3,20,19,21),(497,3,20,20,21),(498,5,20,2,22),(499,5,20,3,22),(500,5,20,4,22),(501,3,20,6,22),(502,3,20,8,22),(503,5,20,9,22),(504,5,20,10,22),(505,5,20,11,22),(506,3,20,18,22),(507,3,20,19,22),(508,5,20,3,23),(509,5,20,4,23),(510,5,20,5,23),(511,5,20,11,23),(512,5,20,12,23),(513,3,20,18,23),(514,0,20,19,23),(515,5,20,4,24),(516,5,20,11,24),(517,5,20,2,25),(518,5,20,3,25),(519,5,20,4,25),(520,5,20,5,25),(521,5,20,10,25),(522,5,20,11,25),(523,13,29,0,0),(524,10,29,7,0),(525,12,29,14,0),(526,8,29,2,3),(527,8,29,0,7),(528,14,29,14,7),(529,9,29,7,12),(530,0,32,7,2),(531,0,32,25,2),(532,0,32,3,3),(533,4,32,5,3),(534,4,32,6,3),(535,4,32,5,4),(536,4,32,10,4),(537,4,32,11,4),(538,4,32,12,4),(539,4,32,13,4),(540,4,32,14,4),(541,3,32,24,4),(542,4,32,5,5),(543,4,32,6,5),(544,4,32,7,5),(545,4,32,9,5),(546,4,32,10,5),(547,4,32,11,5),(548,4,32,12,5),(549,4,32,13,5),(550,4,32,14,5),(551,3,32,22,5),(552,3,32,24,5),(553,4,32,6,6),(554,4,32,7,6),(555,0,32,9,6),(556,4,32,11,6),(557,4,32,12,6),(558,4,32,13,6),(559,4,32,14,6),(560,3,32,22,6),(561,3,32,23,6),(562,3,32,24,6),(563,0,32,2,7),(564,4,32,4,7),(565,4,32,5,7),(566,4,32,6,7),(567,4,32,7,7),(568,4,32,11,7),(569,3,32,22,7),(570,3,32,23,7),(571,3,32,24,7),(572,3,32,28,7),(573,4,32,5,8),(574,4,32,6,8),(575,4,32,7,8),(576,3,32,22,8),(577,3,32,27,8),(578,3,32,28,8),(579,3,32,29,8),(580,4,32,7,9),(581,3,32,20,9),(582,3,32,21,9),(583,3,32,22,9),(584,3,32,23,9),(585,3,32,27,9),(586,3,32,28,9),(587,3,32,29,9),(588,3,32,30,9),(589,4,32,2,10),(590,3,32,21,10),(591,3,32,22,10),(592,3,32,23,10),(593,3,32,27,10),(594,3,32,28,10),(595,3,32,29,10),(596,3,32,30,10),(597,4,32,1,11),(598,4,32,2,11),(599,3,32,12,11),(600,3,32,13,11),(601,3,32,14,11),(602,3,32,15,11),(603,3,32,19,11),(604,3,32,20,11),(605,3,32,21,11),(606,3,32,22,11),(607,3,32,23,11),(608,3,32,24,11),(609,3,32,25,11),(610,3,32,26,11),(611,3,32,28,11),(612,3,32,29,11),(613,3,32,30,11),(614,4,32,1,12),(615,4,32,2,12),(616,4,32,4,12),(617,3,32,14,12),(618,3,32,16,12),(619,5,32,18,12),(620,5,32,19,12),(621,5,32,20,12),(622,0,32,21,12),(623,3,32,23,12),(624,3,32,24,12),(625,3,32,25,12),(626,3,32,26,12),(627,3,32,27,12),(628,3,32,28,12),(629,3,32,29,12),(630,3,32,30,12),(631,4,32,2,13),(632,4,32,3,13),(633,4,32,4,13),(634,4,32,5,13),(635,3,32,12,13),(636,3,32,13,13),(637,3,32,14,13),(638,3,32,15,13),(639,3,32,16,13),(640,3,32,17,13),(641,5,32,19,13),(642,5,32,20,13),(643,3,32,23,13),(644,3,32,24,13),(645,3,32,30,13),(646,4,32,0,14),(647,4,32,1,14),(648,4,32,2,14),(649,4,32,4,14),(650,4,32,5,14),(651,3,32,12,14),(652,3,32,13,14),(653,3,32,14,14),(654,0,32,16,14),(655,5,32,18,14),(656,5,32,19,14),(657,5,32,20,14),(658,4,32,22,14),(659,3,32,30,14),(660,4,32,1,15),(661,3,32,12,15),(662,3,32,13,15),(663,3,32,14,15),(664,5,32,18,15),(665,5,32,19,15),(666,4,32,20,15),(667,4,32,21,15),(668,4,32,22,15),(669,3,32,30,15),(670,3,32,11,16),(671,3,32,12,16),(672,3,32,13,16),(673,3,32,14,16),(674,3,32,15,16),(675,4,32,16,16),(676,4,32,17,16),(677,4,32,18,16),(678,4,32,19,16),(679,4,32,20,16),(680,4,32,21,16),(681,3,32,30,16),(682,3,32,11,17),(683,3,32,13,17),(684,3,32,14,17),(685,4,32,16,17),(686,4,32,17,17),(687,4,32,18,17),(688,4,32,19,17),(689,3,32,20,17),(690,3,32,22,17),(691,3,32,30,17),(692,3,32,11,18),(693,3,32,13,18),(694,2,32,14,18),(695,3,32,16,18),(696,3,32,18,18),(697,4,32,19,18),(698,3,32,20,18),(699,3,32,21,18),(700,3,32,22,18),(701,6,32,26,18),(702,6,32,27,18),(703,6,32,28,18),(704,3,32,30,18),(705,3,32,16,19),(706,3,32,18,19),(707,4,32,19,19),(708,3,32,20,19),(709,3,32,21,19),(710,2,32,22,19),(711,6,32,25,19),(712,6,32,26,19),(713,8,32,28,19),(714,5,32,4,20),(715,3,32,15,20),(716,3,32,16,20),(717,3,32,17,20),(718,3,32,18,20),(719,3,32,19,20),(720,3,32,20,20),(721,3,32,21,20),(722,6,32,24,20),(723,6,32,25,20),(724,6,32,26,20),(725,6,32,27,20),(726,10,32,0,21),(727,5,32,4,21),(728,5,32,5,21),(729,0,32,6,21),(730,3,32,15,21),(731,3,32,16,21),(732,3,32,17,21),(733,3,32,18,21),(734,3,32,19,21),(735,3,32,20,21),(736,5,32,21,21),(737,5,32,22,21),(738,5,32,23,21),(739,6,32,25,21),(740,6,32,26,21),(741,5,32,4,22),(742,5,32,5,22),(743,3,32,16,22),(744,3,32,17,22),(745,3,32,19,22),(746,5,32,20,22),(747,5,32,21,22),(748,5,32,22,22),(749,5,32,23,22),(750,6,32,26,22),(751,5,32,5,23),(752,5,32,6,23),(753,3,32,17,23),(754,5,32,20,23),(755,5,32,22,23),(756,5,32,23,23),(757,6,32,26,23),(758,6,32,27,23),(759,1,32,28,23),(760,5,32,4,24),(761,5,32,5,24),(762,5,32,6,24),(763,6,32,26,24),(764,4,32,30,24),(765,2,32,11,25),(766,4,32,27,25),(767,4,32,28,25),(768,4,32,29,25),(769,4,32,30,25),(770,4,32,27,26),(771,4,32,28,26),(772,4,32,29,26),(773,4,32,30,26),(774,2,32,18,27),(775,4,32,27,27),(776,4,32,28,27),(777,4,32,29,27),(778,4,32,30,27),(779,9,32,12,28),(780,6,32,25,28),(781,6,32,26,28),(782,4,32,28,28),(783,6,32,29,28),(784,4,32,30,28),(785,6,32,0,29),(786,6,32,1,29),(787,6,32,3,29),(788,6,32,26,29),(789,6,32,27,29),(790,6,32,28,29),(791,6,32,29,29),(792,4,32,30,29),(793,6,32,0,30),(794,6,32,1,30),(795,6,32,3,30),(796,6,32,4,30),(797,6,32,5,30),(798,6,32,6,30),(799,6,32,26,30),(800,6,32,28,30),(801,6,32,29,30),(802,6,32,30,30),(803,6,32,0,31),(804,6,32,1,31),(805,6,32,2,31),(806,6,32,3,31),(807,6,32,4,31),(808,6,32,5,31),(809,6,32,27,31),(810,6,32,28,31),(811,6,32,29,31),(812,6,32,30,31),(813,0,45,7,2),(814,3,45,12,2),(815,3,45,11,3),(816,3,45,12,3),(817,3,45,11,4),(818,3,45,12,4),(819,3,45,8,5),(820,3,45,10,5),(821,3,45,11,5),(822,12,45,17,5),(823,3,45,8,6),(824,3,45,9,6),(825,3,45,10,6),(826,3,45,11,6),(827,14,45,23,6),(828,3,45,5,7),(829,3,45,6,7),(830,3,45,7,7),(831,3,45,8,7),(832,3,45,9,7),(833,3,45,10,7),(834,3,45,11,7),(835,5,45,4,8),(836,3,45,5,8),(837,3,45,8,8),(838,3,45,11,8),(839,5,45,13,8),(840,5,45,15,8),(841,4,45,26,8),(842,4,45,27,8),(843,0,45,1,9),(844,5,45,3,9),(845,5,45,4,9),(846,5,45,5,9),(847,5,45,6,9),(848,3,45,8,9),(849,2,45,9,9),(850,5,45,12,9),(851,5,45,13,9),(852,5,45,14,9),(853,5,45,15,9),(854,5,45,16,9),(855,4,45,26,9),(856,4,45,27,9),(857,5,45,3,10),(858,5,45,5,10),(859,5,45,6,10),(860,3,45,8,10),(861,5,45,12,10),(862,5,45,13,10),(863,5,45,14,10),(864,6,45,15,10),(865,6,45,16,10),(866,4,45,23,10),(867,4,45,24,10),(868,4,45,25,10),(869,4,45,26,10),(870,4,45,27,10),(871,5,45,1,11),(872,5,45,2,11),(873,5,45,3,11),(874,5,45,4,11),(875,5,45,5,11),(876,5,45,12,11),(877,5,45,13,11),(878,5,45,14,11),(879,6,45,15,11),(880,6,45,16,11),(881,4,45,21,11),(882,4,45,22,11),(883,4,45,23,11),(884,4,45,24,11),(885,4,45,25,11),(886,4,45,26,11),(887,5,45,1,12),(888,5,45,2,12),(889,5,45,3,12),(890,5,45,13,12),(891,5,45,14,12),(892,6,45,15,12),(893,6,45,16,12),(894,4,45,25,12),(895,4,45,26,12),(896,9,45,0,13),(897,2,45,9,13),(898,6,45,11,13),(899,6,45,12,13),(900,5,45,13,13),(901,0,45,14,13),(902,6,45,16,13),(903,6,45,17,13),(904,6,45,18,13),(905,0,45,20,13),(906,0,45,25,13),(907,6,45,11,14),(908,6,45,12,14),(909,6,45,13,14),(910,6,45,16,14),(911,6,45,17,14),(912,6,45,12,15),(913,6,45,13,15),(914,6,45,0,16),(915,6,45,1,16),(916,6,45,2,16),(917,6,45,3,16),(918,6,45,11,16),(919,6,45,12,16),(920,6,45,13,16),(921,5,45,16,16),(922,5,45,18,16),(923,5,45,19,16),(924,6,45,0,17),(925,6,45,1,17),(926,6,45,12,17),(927,5,45,13,17),(928,5,45,15,17),(929,5,45,16,17),(930,5,45,17,17),(931,5,45,18,17),(932,5,45,19,17),(933,6,45,0,18),(934,6,45,1,18),(935,0,45,5,18),(936,5,45,13,18),(937,5,45,14,18),(938,5,45,15,18),(939,5,45,16,18),(940,5,45,17,18),(941,5,45,18,18),(942,5,45,19,18),(943,6,45,0,19),(944,6,45,1,19),(945,6,45,2,19),(946,11,45,13,19),(947,10,45,17,19),(948,4,45,4,20),(949,0,45,9,20),(950,4,45,4,21),(951,4,45,5,21),(952,4,45,6,21),(953,4,45,4,22),(954,4,45,5,22),(955,4,45,6,22),(956,4,45,7,22),(957,4,45,8,22),(958,3,45,21,22),(959,4,45,4,23),(960,4,45,5,23),(961,4,45,6,23),(962,3,45,19,23),(963,3,45,20,23),(964,3,45,21,23),(965,4,45,3,24),(966,4,45,4,24),(967,4,45,5,24),(968,4,45,6,24),(969,5,45,12,24),(970,3,45,19,24),(971,3,45,20,24),(972,3,45,0,25),(973,3,45,1,25),(974,3,45,3,25),(975,0,45,4,25),(976,4,45,6,25),(977,5,45,12,25),(978,5,45,13,25),(979,3,45,19,25),(980,3,45,20,25),(981,3,45,21,25),(982,3,45,22,25),(983,3,45,0,26),(984,3,45,1,26),(985,3,45,2,26),(986,3,45,3,26),(987,5,45,12,26),(988,5,45,13,26),(989,5,45,14,26),(990,3,45,20,26),(991,3,45,21,26),(992,3,45,1,27),(993,3,45,4,27),(994,3,45,5,27),(995,5,45,13,27),(996,5,45,14,27),(997,4,45,21,27),(998,2,45,22,27),(999,4,45,24,27),(1000,3,45,0,28),(1001,3,45,1,28),(1002,3,45,2,28),(1003,3,45,3,28),(1004,6,45,4,28),(1005,3,45,5,28),(1006,3,45,6,28),(1007,3,45,7,28),(1008,3,45,8,28),(1009,5,45,11,28),(1010,5,45,13,28),(1011,5,45,14,28),(1012,4,45,20,28),(1013,4,45,21,28),(1014,4,45,24,28),(1015,13,45,0,29),(1016,3,45,6,29),(1017,3,45,7,29),(1018,5,45,11,29),(1019,5,45,12,29),(1020,5,45,13,29),(1021,5,45,14,29),(1022,4,45,20,29),(1023,4,45,21,29),(1024,4,45,22,29),(1025,4,45,23,29),(1026,4,45,24,29),(1027,4,45,25,29),(1028,3,45,6,30),(1029,3,45,7,30),(1030,3,45,8,30),(1031,3,45,9,30),(1032,5,45,11,30),(1033,4,45,21,30),(1034,4,45,22,30),(1035,4,45,23,30),(1036,4,45,24,30),(1037,4,45,25,30),(1038,4,45,26,30),(1039,6,59,3,0),(1040,6,59,4,0),(1041,3,59,5,0),(1042,3,59,6,0),(1043,3,59,7,0),(1044,3,59,8,0),(1045,3,59,9,0),(1046,3,59,10,0),(1047,3,59,11,0),(1048,3,59,12,0),(1049,3,59,13,0),(1050,3,59,14,0),(1051,3,59,15,0),(1052,8,59,16,0),(1053,3,59,7,1),(1054,3,59,8,1),(1055,3,59,9,1),(1056,3,59,10,1),(1057,3,59,11,1),(1058,3,59,12,1),(1059,3,59,14,1),(1060,4,59,7,2),(1061,2,59,8,2),(1062,3,59,10,2),(1063,3,59,14,2),(1064,4,59,2,3),(1065,4,59,3,3),(1066,4,59,4,3),(1067,4,59,5,3),(1068,4,59,6,3),(1069,4,59,7,3),(1070,3,59,10,3),(1071,4,59,0,4),(1072,4,59,1,4),(1073,4,59,2,4),(1074,4,59,3,4),(1075,4,59,5,4),(1076,4,59,6,4),(1077,3,59,25,4),(1078,3,59,26,4),(1079,3,59,27,4),(1080,4,59,2,5),(1081,4,59,3,5),(1082,4,59,4,5),(1083,4,59,5,5),(1084,10,59,9,5),(1085,3,59,24,5),(1086,3,59,25,5),(1087,3,59,26,5),(1088,3,59,27,5),(1089,4,59,2,6),(1090,0,59,16,6),(1091,3,59,23,6),(1092,3,59,25,6),(1093,3,59,27,6),(1094,3,59,23,7),(1095,3,59,24,7),(1096,3,59,25,7),(1097,3,59,26,7),(1098,3,59,27,7),(1099,3,59,20,8),(1100,3,59,21,8),(1101,3,59,22,8),(1102,3,59,23,8),(1103,3,59,25,8),(1104,3,59,26,8),(1105,3,59,27,8),(1106,3,59,20,9),(1107,6,59,21,9),(1108,3,59,22,9),(1109,4,59,23,9),(1110,3,59,25,9),(1111,3,59,26,9),(1112,4,59,27,9),(1113,3,59,17,10),(1114,3,59,18,10),(1115,3,59,19,10),(1116,3,59,20,10),(1117,3,59,21,10),(1118,3,59,22,10),(1119,4,59,23,10),(1120,4,59,24,10),(1121,4,59,25,10),(1122,4,59,27,10),(1123,3,59,18,11),(1124,3,59,20,11),(1125,3,59,21,11),(1126,3,59,22,11),(1127,0,59,23,11),(1128,4,59,25,11),(1129,4,59,26,11),(1130,4,59,27,11),(1131,0,59,11,12),(1132,6,59,16,12),(1133,3,59,18,12),(1134,3,59,21,12),(1135,3,59,22,12),(1136,4,59,25,12),(1137,4,59,26,12),(1138,4,59,27,12),(1139,6,59,16,13),(1140,6,59,17,13),(1141,5,59,20,13),(1142,5,59,21,13),(1143,3,59,22,13),(1144,3,59,23,13),(1145,4,59,24,13),(1146,4,59,25,13),(1147,4,59,26,13),(1148,5,59,27,13),(1149,6,59,16,14),(1150,6,59,17,14),(1151,5,59,18,14),(1152,5,59,19,14),(1153,5,59,20,14),(1154,5,59,21,14),(1155,5,59,22,14),(1156,3,59,23,14),(1157,4,59,24,14),(1158,4,59,25,14),(1159,4,59,26,14),(1160,5,59,27,14),(1161,6,59,17,15),(1162,6,59,18,15),(1163,6,59,19,15),(1164,3,59,20,15),(1165,5,59,21,15),(1166,5,59,22,15),(1167,5,59,23,15),(1168,5,59,24,15),(1169,5,59,25,15),(1170,5,59,26,15),(1171,5,59,27,15),(1172,2,59,15,16),(1173,3,59,20,16),(1174,5,59,21,16),(1175,5,59,22,16),(1176,5,59,23,16),(1177,5,59,24,16),(1178,5,59,25,16),(1179,5,59,26,16),(1180,5,59,27,16),(1181,5,59,10,17),(1182,3,59,19,17),(1183,3,59,20,17),(1184,3,59,21,17),(1185,3,59,22,17),(1186,3,59,23,17),(1187,5,59,24,17),(1188,5,59,25,17),(1189,5,59,26,17),(1190,5,59,27,17),(1191,4,59,1,18),(1192,4,59,6,18),(1193,5,59,9,18),(1194,5,59,10,18),(1195,5,59,13,18),(1196,5,59,14,18),(1197,3,59,19,18),(1198,3,59,21,18),(1199,3,59,22,18),(1200,3,59,23,18),(1201,5,59,25,18),(1202,5,59,26,18),(1203,5,59,27,18),(1204,4,59,1,19),(1205,4,59,3,19),(1206,4,59,4,19),(1207,4,59,6,19),(1208,4,59,7,19),(1209,5,59,10,19),(1210,5,59,11,19),(1211,5,59,12,19),(1212,5,59,13,19),(1213,5,59,14,19),(1214,5,59,15,19),(1215,3,59,18,19),(1216,3,59,19,19),(1217,3,59,20,19),(1218,3,59,21,19),(1219,3,59,22,19),(1220,3,59,23,19),(1221,6,59,26,19),(1222,6,59,27,19),(1223,4,59,1,20),(1224,4,59,2,20),(1225,4,59,3,20),(1226,4,59,5,20),(1227,4,59,6,20),(1228,4,59,7,20),(1229,5,59,10,20),(1230,5,59,11,20),(1231,5,59,13,20),(1232,5,59,14,20),(1233,5,59,15,20),(1234,0,59,18,20),(1235,3,59,20,20),(1236,3,59,22,20),(1237,1,59,23,20),(1238,6,59,25,20),(1239,6,59,26,20),(1240,6,59,27,20),(1241,6,59,1,21),(1242,4,59,2,21),(1243,4,59,3,21),(1244,4,59,4,21),(1245,4,59,5,21),(1246,4,59,6,21),(1247,5,59,9,21),(1248,5,59,10,21),(1249,5,59,11,21),(1250,5,59,12,21),(1251,5,59,13,21),(1252,5,59,14,21),(1253,5,59,15,21),(1254,5,59,16,21),(1255,3,59,22,21),(1256,6,59,25,21),(1257,6,59,26,21),(1258,6,59,27,21),(1259,6,59,0,22),(1260,6,59,1,22),(1261,5,59,9,22),(1262,5,59,10,22),(1263,3,59,11,22),(1264,5,59,12,22),(1265,5,59,13,22),(1266,5,59,15,22),(1267,3,59,22,22),(1268,6,59,24,22),(1269,6,59,25,22),(1270,6,59,26,22),(1271,6,59,0,23),(1272,6,59,1,23),(1273,6,59,2,23),(1274,3,59,10,23),(1275,3,59,11,23),(1276,5,59,12,23),(1277,5,59,14,23),(1278,5,59,15,23),(1279,5,59,16,23),(1280,6,59,25,23),(1281,6,59,26,23),(1282,6,59,0,24),(1283,6,59,1,24),(1284,3,59,6,24),(1285,3,59,7,24),(1286,3,59,8,24),(1287,3,59,9,24),(1288,3,59,10,24),(1289,3,59,11,24),(1290,3,59,12,24),(1291,5,59,13,24),(1292,5,59,14,24),(1293,5,59,15,24),(1294,6,59,24,24),(1295,6,59,25,24),(1296,6,59,26,24),(1297,5,59,1,25),(1298,5,59,2,25),(1299,3,59,8,25),(1300,3,59,9,25),(1301,3,59,10,25),(1302,3,59,11,25),(1303,3,59,12,25),(1304,3,59,13,25),(1305,5,59,14,25),(1306,5,59,15,25),(1307,5,59,16,25),(1308,5,59,0,26),(1309,5,59,1,26),(1310,5,59,2,26),(1311,5,59,3,26),(1312,4,59,6,26),(1313,4,59,7,26),(1314,3,59,9,26),(1315,4,59,10,26),(1316,3,59,11,26),(1317,3,59,12,26),(1318,3,59,13,26),(1319,5,59,14,26),(1320,5,59,15,26),(1321,5,59,16,26),(1322,6,59,22,26),(1323,5,59,0,27),(1324,5,59,1,27),(1325,5,59,2,27),(1326,5,59,3,27),(1327,5,59,4,27),(1328,5,59,5,27),(1329,4,59,6,27),(1330,4,59,7,27),(1331,4,59,8,27),(1332,4,59,9,27),(1333,4,59,10,27),(1334,3,59,11,27),(1335,5,59,12,27),(1336,5,59,13,27),(1337,5,59,14,27),(1338,5,59,15,27),(1339,5,59,16,27),(1340,6,59,20,27),(1341,6,59,22,27),(1342,5,59,0,28),(1343,5,59,2,28),(1344,5,59,4,28),(1345,4,59,5,28),(1346,4,59,6,28),(1347,4,59,7,28),(1348,4,59,8,28),(1349,4,59,9,28),(1350,2,59,10,28),(1351,5,59,12,28),(1352,5,59,13,28),(1353,5,59,14,28),(1354,5,59,15,28),(1355,6,59,19,28),(1356,6,59,20,28),(1357,6,59,21,28),(1358,6,59,22,28),(1359,6,59,23,28),(1360,5,59,0,29),(1361,5,59,1,29),(1362,5,59,2,29),(1363,5,59,3,29),(1364,5,59,4,29),(1365,5,59,5,29),(1366,5,59,6,29),(1367,4,59,7,29),(1368,4,59,8,29),(1369,4,59,9,29),(1370,5,59,12,29),(1371,5,59,13,29),(1372,5,59,14,29),(1373,5,59,15,29),(1374,5,59,16,29),(1375,5,59,0,30),(1376,5,59,1,30),(1377,5,59,2,30),(1378,5,59,3,30),(1379,5,59,4,30),(1380,5,59,5,30),(1381,4,59,6,30),(1382,4,59,7,30),(1383,5,59,12,30),(1384,5,59,14,30),(1385,5,59,16,30),(1386,5,59,1,31),(1387,5,59,5,31),(1388,5,59,12,31),(1389,13,61,0,0),(1390,10,61,7,0),(1391,12,61,14,0),(1392,8,61,2,3),(1393,8,61,0,7),(1394,14,61,14,7),(1395,9,61,7,12),(1396,0,70,0,0),(1397,3,70,10,0),(1398,3,70,11,0),(1399,3,70,12,0),(1400,3,70,13,0),(1401,3,70,14,0),(1402,3,70,15,0),(1403,3,70,16,0),(1404,3,70,17,0),(1405,3,70,18,0),(1406,3,70,19,0),(1407,3,70,20,0),(1408,3,70,21,0),(1409,3,70,22,0),(1410,3,70,23,0),(1411,0,70,3,1),(1412,3,70,11,1),(1413,3,70,12,1),(1414,3,70,13,1),(1415,3,70,14,1),(1416,3,70,15,1),(1417,3,70,16,1),(1418,3,70,17,1),(1419,3,70,18,1),(1420,3,70,19,1),(1421,3,70,20,1),(1422,3,70,21,1),(1423,3,70,22,1),(1424,3,70,23,1),(1425,3,70,24,1),(1426,5,70,2,2),(1427,3,70,10,2),(1428,3,70,11,2),(1429,3,70,12,2),(1430,3,70,13,2),(1431,3,70,14,2),(1432,3,70,15,2),(1433,3,70,16,2),(1434,3,70,17,2),(1435,3,70,18,2),(1436,3,70,19,2),(1437,3,70,20,2),(1438,3,70,21,2),(1439,3,70,22,2),(1440,3,70,23,2),(1441,3,70,24,2),(1442,5,70,0,3),(1443,5,70,1,3),(1444,5,70,2,3),(1445,3,70,9,3),(1446,3,70,10,3),(1447,3,70,11,3),(1448,3,70,14,3),(1449,3,70,15,3),(1450,3,70,16,3),(1451,3,70,17,3),(1452,3,70,18,3),(1453,3,70,19,3),(1454,3,70,20,3),(1455,3,70,21,3),(1456,3,70,23,3),(1457,5,70,0,4),(1458,11,70,1,4),(1459,3,70,9,4),(1460,3,70,10,4),(1461,3,70,13,4),(1462,3,70,14,4),(1463,3,70,15,4),(1464,3,70,17,4),(1465,3,70,18,4),(1466,3,70,19,4),(1467,3,70,20,4),(1468,3,70,21,4),(1469,0,70,24,4),(1470,0,70,28,4),(1471,5,70,0,5),(1472,8,70,10,5),(1473,3,70,18,5),(1474,3,70,19,5),(1475,3,70,20,5),(1476,4,70,27,5),(1477,5,70,0,6),(1478,4,70,26,6),(1479,4,70,27,6),(1480,4,70,28,6),(1481,5,70,0,7),(1482,6,70,6,7),(1483,4,70,24,7),(1484,4,70,25,7),(1485,4,70,26,7),(1486,4,70,27,7),(1487,4,70,28,7),(1488,4,70,29,7),(1489,5,70,0,8),(1490,6,70,5,8),(1491,6,70,6,8),(1492,4,70,24,8),(1493,4,70,25,8),(1494,4,70,26,8),(1495,4,70,27,8),(1496,4,70,28,8),(1497,4,70,29,8),(1498,5,70,0,9),(1499,6,70,5,9),(1500,6,70,6,9),(1501,6,70,7,9),(1502,6,70,8,9),(1503,4,70,23,9),(1504,4,70,24,9),(1505,4,70,25,9),(1506,4,70,26,9),(1507,4,70,27,9),(1508,4,70,28,9),(1509,4,70,29,9),(1510,5,70,0,10),(1511,5,70,2,10),(1512,5,70,3,10),(1513,6,70,7,10),(1514,6,70,8,10),(1515,4,70,24,10),(1516,4,70,25,10),(1517,4,70,26,10),(1518,4,70,27,10),(1519,4,70,28,10),(1520,4,70,29,10),(1521,5,70,0,11),(1522,5,70,1,11),(1523,5,70,3,11),(1524,6,70,6,11),(1525,4,70,24,11),(1526,4,70,29,11),(1527,5,70,0,12),(1528,5,70,1,12),(1529,5,70,2,12),(1530,5,70,3,12),(1531,5,70,4,12),(1532,2,70,26,12),(1533,5,70,0,13),(1534,5,70,1,13),(1535,5,70,2,13),(1536,5,70,3,13),(1537,5,70,4,13),(1538,5,70,0,14),(1539,5,70,2,14),(1540,5,70,3,14),(1541,5,70,2,15),(1542,5,70,28,15),(1543,13,70,1,16),(1544,6,70,8,16),(1545,5,70,28,16),(1546,5,70,29,16),(1547,6,70,8,17),(1548,5,70,27,17),(1549,5,70,28,17),(1550,5,70,29,17),(1551,6,70,4,18),(1552,6,70,5,18),(1553,6,70,6,18),(1554,6,70,7,18),(1555,6,70,8,18),(1556,5,70,27,18),(1557,5,70,28,18),(1558,5,70,29,18),(1559,4,70,1,19),(1560,6,70,5,19),(1561,6,70,6,19),(1562,5,70,28,19),(1563,5,70,29,19),(1564,4,70,1,20),(1565,4,70,2,20),(1566,4,70,3,20),(1567,0,70,10,20),(1568,5,70,29,20),(1569,4,70,1,21),(1570,4,70,2,21),(1571,4,70,3,21),(1572,4,70,4,21),(1573,5,70,27,21),(1574,5,70,28,21),(1575,5,70,29,21),(1576,4,70,1,22),(1577,4,70,2,22),(1578,4,70,3,22),(1579,4,70,4,22),(1580,4,70,5,22),(1581,6,70,26,22),(1582,5,70,27,22),(1583,5,70,28,22),(1584,5,70,29,22),(1585,4,70,2,23),(1586,4,70,3,23),(1587,4,70,4,23),(1588,4,70,5,23),(1589,12,70,7,23),(1590,0,70,18,23),(1591,6,70,26,23),(1592,6,70,27,23),(1593,6,70,28,23),(1594,6,70,29,23),(1595,4,70,3,24),(1596,4,70,5,24),(1597,6,70,27,24),(1598,6,70,28,24),(1599,6,70,29,24),(1600,14,70,22,25),(1601,5,70,28,25),(1602,6,70,29,25),(1603,5,70,0,26),(1604,5,70,1,26),(1605,5,70,4,26),(1606,5,70,5,26),(1607,5,70,28,26),(1608,6,70,29,26),(1609,5,70,0,27),(1610,5,70,1,27),(1611,5,70,2,27),(1612,5,70,4,27),(1613,5,70,5,27),(1614,5,70,25,27),(1615,5,70,26,27),(1616,5,70,28,27),(1617,5,70,29,27),(1618,5,70,0,28),(1619,5,70,1,28),(1620,5,70,2,28),(1621,5,70,3,28),(1622,5,70,4,28),(1623,2,70,17,28),(1624,5,70,20,28),(1625,5,70,26,28),(1626,5,70,28,28),(1627,5,70,0,29),(1628,5,70,1,29),(1629,5,70,2,29),(1630,5,70,3,29),(1631,5,70,16,29),(1632,5,70,19,29),(1633,5,70,20,29),(1634,5,70,21,29),(1635,5,70,22,29),(1636,5,70,23,29),(1637,5,70,24,29),(1638,5,70,25,29),(1639,5,70,26,29),(1640,10,74,6,0),(1641,3,74,10,0),(1642,3,74,11,0),(1643,3,74,12,0),(1644,3,74,13,0),(1645,5,74,16,0),(1646,5,74,17,0),(1647,5,74,18,0),(1648,5,74,19,0),(1649,13,74,25,0),(1650,3,74,10,1),(1651,3,74,11,1),(1652,3,74,12,1),(1653,3,74,13,1),(1654,5,74,14,1),(1655,5,74,15,1),(1656,5,74,16,1),(1657,5,74,17,1),(1658,0,74,18,1),(1659,2,74,22,1),(1660,3,74,10,2),(1661,3,74,11,2),(1662,3,74,12,2),(1663,5,74,13,2),(1664,5,74,14,2),(1665,5,74,15,2),(1666,5,74,16,2),(1667,5,74,17,2),(1668,4,74,27,2),(1669,4,74,28,2),(1670,4,74,29,2),(1671,4,74,30,2),(1672,4,74,31,2),(1673,3,74,10,3),(1674,3,74,11,3),(1675,3,74,12,3),(1676,3,74,13,3),(1677,5,74,14,3),(1678,5,74,15,3),(1679,5,74,16,3),(1680,5,74,18,3),(1681,4,74,21,3),(1682,4,74,22,3),(1683,4,74,23,3),(1684,4,74,26,3),(1685,4,74,27,3),(1686,4,74,28,3),(1687,4,74,29,3),(1688,4,74,30,3),(1689,4,74,31,3),(1690,8,74,6,4),(1691,3,74,13,4),(1692,5,74,14,4),(1693,5,74,15,4),(1694,5,74,16,4),(1695,5,74,17,4),(1696,5,74,18,4),(1697,4,74,22,4),(1698,4,74,23,4),(1699,4,74,24,4),(1700,4,74,27,4),(1701,4,74,28,4),(1702,4,74,30,4),(1703,3,74,13,5),(1704,0,74,14,5),(1705,5,74,16,5),(1706,5,74,17,5),(1707,4,74,22,5),(1708,4,74,23,5),(1709,4,74,4,6),(1710,5,74,16,6),(1711,4,74,21,6),(1712,4,74,22,6),(1713,4,74,23,6),(1714,4,74,24,6),(1715,3,74,31,6),(1716,4,74,4,7),(1717,5,74,16,7),(1718,5,74,17,7),(1719,3,74,22,7),(1720,3,74,23,7),(1721,4,74,24,7),(1722,3,74,31,7),(1723,4,74,4,8),(1724,4,74,5,8),(1725,5,74,16,8),(1726,3,74,23,8),(1727,4,74,24,8),(1728,3,74,25,8),(1729,3,74,26,8),(1730,3,74,31,8),(1731,5,74,2,9),(1732,5,74,3,9),(1733,4,74,4,9),(1734,3,74,23,9),(1735,3,74,24,9),(1736,3,74,25,9),(1737,3,74,26,9),(1738,3,74,27,9),(1739,3,74,28,9),(1740,3,74,29,9),(1741,3,74,30,9),(1742,3,74,31,9),(1743,5,74,1,10),(1744,5,74,2,10),(1745,5,74,3,10),(1746,4,74,4,10),(1747,14,74,19,10),(1748,3,74,25,10),(1749,3,74,26,10),(1750,3,74,27,10),(1751,3,74,28,10),(1752,3,74,29,10),(1753,3,74,30,10),(1754,3,74,31,10),(1755,5,74,2,11),(1756,4,74,3,11),(1757,4,74,4,11),(1758,5,74,9,11),(1759,5,74,10,11),(1760,3,74,26,11),(1761,3,74,27,11),(1762,3,74,28,11),(1763,3,74,29,11),(1764,3,74,30,11),(1765,3,74,31,11),(1766,5,74,1,12),(1767,5,74,2,12),(1768,5,74,3,12),(1769,4,74,4,12),(1770,5,74,9,12),(1771,5,74,10,12),(1772,5,74,11,12),(1773,0,74,23,12),(1774,3,74,26,12),(1775,3,74,30,12),(1776,3,74,31,12),(1777,5,74,0,13),(1778,5,74,1,13),(1779,5,74,2,13),(1780,5,74,3,13),(1781,4,74,4,13),(1782,5,74,9,13),(1783,5,74,10,13),(1784,5,74,11,13),(1785,3,74,30,13),(1786,4,74,31,13),(1787,5,74,0,14),(1788,5,74,1,14),(1789,5,74,2,14),(1790,4,74,3,14),(1791,4,74,4,14),(1792,5,74,5,14),(1793,5,74,6,14),(1794,5,74,7,14),(1795,5,74,8,14),(1796,5,74,9,14),(1797,5,74,10,14),(1798,5,74,11,14),(1799,4,74,30,14),(1800,4,74,31,14),(1801,5,74,0,15),(1802,5,74,1,15),(1803,5,74,2,15),(1804,4,74,3,15),(1805,5,74,4,15),(1806,5,74,5,15),(1807,5,74,6,15),(1808,5,74,7,15),(1809,5,74,8,15),(1810,5,74,9,15),(1811,4,74,30,15),(1812,4,74,31,15),(1813,5,74,0,16),(1814,5,74,1,16),(1815,4,74,3,16),(1816,3,74,4,16),(1817,3,74,5,16),(1818,5,74,6,16),(1819,5,74,7,16),(1820,5,74,9,16),(1821,5,74,10,16),(1822,4,74,30,16),(1823,5,74,0,17),(1824,5,74,1,17),(1825,5,74,2,17),(1826,3,74,5,17),(1827,3,74,6,17),(1828,5,74,7,17),(1829,5,74,8,17),(1830,5,74,9,17),(1831,0,74,11,17),(1832,4,74,30,17),(1833,4,74,31,17),(1834,5,74,1,18),(1835,5,74,2,18),(1836,3,74,5,18),(1837,3,74,8,18),(1838,6,74,18,18),(1839,0,74,20,18),(1840,4,74,28,18),(1841,4,74,29,18),(1842,4,74,30,18),(1843,4,74,31,18),(1844,5,74,1,19),(1845,3,74,3,19),(1846,3,74,4,19),(1847,3,74,5,19),(1848,3,74,6,19),(1849,3,74,7,19),(1850,3,74,8,19),(1851,6,74,13,19),(1852,6,74,16,19),(1853,6,74,17,19),(1854,6,74,18,19),(1855,6,74,19,19),(1856,6,74,22,19),(1857,0,74,27,19),(1858,4,74,29,19),(1859,4,74,30,19),(1860,6,74,0,20),(1861,5,74,1,20),(1862,3,74,4,20),(1863,3,74,5,20),(1864,3,74,6,20),(1865,3,74,8,20),(1866,3,74,9,20),(1867,6,74,13,20),(1868,6,74,14,20),(1869,6,74,15,20),(1870,6,74,16,20),(1871,6,74,17,20),(1872,6,74,18,20),(1873,6,74,19,20),(1874,6,74,20,20),(1875,6,74,21,20),(1876,6,74,22,20),(1877,6,74,0,21),(1878,6,74,1,21),(1879,6,74,2,21),(1880,6,74,15,21),(1881,6,74,18,21),(1882,6,74,19,21),(1883,6,74,26,21),(1884,6,74,0,22),(1885,6,74,2,22),(1886,0,74,3,22),(1887,2,74,15,22),(1888,6,74,26,22),(1889,6,74,1,23),(1890,6,74,2,23),(1891,6,74,26,23),(1892,6,74,27,23),(1893,6,74,28,23),(1894,6,74,2,24),(1895,6,74,3,24),(1896,6,74,26,24),(1897,6,74,27,24),(1898,6,74,28,24),(1899,6,74,26,25),(1900,6,74,28,25),(1901,6,74,26,26),(1902,6,74,27,26),(1903,6,74,28,26),(1904,6,74,25,27),(1905,6,74,26,27),(1906,6,74,27,27),(1907,6,74,28,27),(1908,6,74,29,27),(1909,6,74,30,27),(1910,6,74,31,27);
/*!40000 ALTER TABLE `tiles` ENABLE KEYS */;
UNLOCK TABLES;

--
-- Table structure for table `units`
--

DROP TABLE IF EXISTS `units`;
/*!40101 SET @saved_cs_client     = @@character_set_client */;
/*!40101 SET character_set_client = utf8 */;
CREATE TABLE `units` (
  `id` int(11) NOT NULL AUTO_INCREMENT,
  `level` tinyint(2) unsigned NOT NULL,
  `location_id` int(10) unsigned NOT NULL,
  `location_type` tinyint(2) unsigned NOT NULL DEFAULT '0',
  `player_id` int(11) DEFAULT NULL,
  `upgrade_ends_at` datetime DEFAULT NULL,
  `pause_remainder` int(10) unsigned DEFAULT NULL,
  `xp` mediumint(8) unsigned NOT NULL DEFAULT '0',
  `type` varchar(50) NOT NULL,
  `flank` tinyint(2) unsigned NOT NULL DEFAULT '0',
  `location_x` mediumint(9) DEFAULT NULL,
  `location_y` mediumint(9) DEFAULT NULL,
  `route_id` int(11) DEFAULT NULL,
  `galaxy_id` int(11) NOT NULL,
  `stance` tinyint(2) unsigned NOT NULL DEFAULT '0',
  `construction_mod` tinyint(2) unsigned NOT NULL DEFAULT '0',
  `stored` int(10) unsigned NOT NULL DEFAULT '0',
  `metal` float NOT NULL DEFAULT '0',
  `energy` float NOT NULL DEFAULT '0',
  `zetium` float NOT NULL DEFAULT '0',
  `hp_percentage` float unsigned NOT NULL DEFAULT '1',
  PRIMARY KEY (`id`),
  KEY `location` (`player_id`,`location_id`,`location_type`),
  KEY `location_and_player` (`location_type`,`location_id`,`location_x`,`location_y`,`player_id`),
  KEY `index_units_on_route_id` (`route_id`),
  KEY `type` (`player_id`,`type`),
  KEY `foreign_key` (`galaxy_id`),
  CONSTRAINT `units_ibfk_1` FOREIGN KEY (`player_id`) REFERENCES `players` (`id`) ON DELETE SET NULL,
  CONSTRAINT `units_ibfk_2` FOREIGN KEY (`galaxy_id`) REFERENCES `galaxies` (`id`) ON DELETE CASCADE,
  CONSTRAINT `units_ibfk_3` FOREIGN KEY (`route_id`) REFERENCES `routes` (`id`) ON DELETE SET NULL
) ENGINE=InnoDB AUTO_INCREMENT=2202 DEFAULT CHARSET=utf8;
/*!40101 SET character_set_client = @saved_cs_client */;

--
-- Dumping data for table `units`
--

LOCK TABLES `units` WRITE;
/*!40000 ALTER TABLE `units` DISABLE KEYS */;
INSERT INTO `units` VALUES (1,1,1,2,NULL,NULL,NULL,0,'Gnawer',0,NULL,NULL,NULL,1,0,0,0,0,0,0,1),(2,1,1,2,NULL,NULL,NULL,0,'Gnawer',0,NULL,NULL,NULL,1,0,0,0,0,0,0,1),(3,1,1,2,NULL,NULL,NULL,0,'Gnawer',1,NULL,NULL,NULL,1,0,0,0,0,0,0,1),(4,1,1,2,NULL,NULL,NULL,0,'Gnawer',1,NULL,NULL,NULL,1,0,0,0,0,0,0,1),(5,1,1,2,NULL,NULL,NULL,0,'Spudder',0,NULL,NULL,NULL,1,0,0,0,0,0,0,1),(6,1,1,2,NULL,NULL,NULL,0,'Spudder',1,NULL,NULL,NULL,1,0,0,0,0,0,0,1),(7,1,1,2,NULL,NULL,NULL,0,'Spudder',1,NULL,NULL,NULL,1,0,0,0,0,0,0,1),(8,1,1,2,NULL,NULL,NULL,0,'Spudder',1,NULL,NULL,NULL,1,0,0,0,0,0,0,1),(9,1,1,2,NULL,NULL,NULL,0,'Spudder',1,NULL,NULL,NULL,1,0,0,0,0,0,0,1),(10,1,1,2,NULL,NULL,NULL,0,'Glancer',1,NULL,NULL,NULL,1,0,0,0,0,0,0,1),(11,1,1,2,NULL,NULL,NULL,0,'Glancer',1,NULL,NULL,NULL,1,0,0,0,0,0,0,1),(12,1,1,2,NULL,NULL,NULL,0,'Glancer',1,NULL,NULL,NULL,1,0,0,0,0,0,0,1),(13,1,1,2,NULL,NULL,NULL,0,'Glancer',1,NULL,NULL,NULL,1,0,0,0,0,0,0,1),(14,1,1,2,NULL,NULL,NULL,0,'Glancer',1,NULL,NULL,NULL,1,0,0,0,0,0,0,1),(15,1,1,2,NULL,NULL,NULL,0,'Glancer',1,NULL,NULL,NULL,1,0,0,0,0,0,0,1),(16,1,1,2,NULL,NULL,NULL,0,'Glancer',1,NULL,NULL,NULL,1,0,0,0,0,0,0,1),(17,1,1,2,NULL,NULL,NULL,0,'Glancer',1,NULL,NULL,NULL,1,0,0,0,0,0,0,1),(18,1,1,2,NULL,NULL,NULL,0,'Glancer',1,NULL,NULL,NULL,1,0,0,0,0,0,0,1),(19,1,1,2,NULL,NULL,NULL,0,'Glancer',1,NULL,NULL,NULL,1,0,0,0,0,0,0,1),(20,1,1,2,NULL,NULL,NULL,0,'Gnat',1,NULL,NULL,NULL,1,0,0,0,0,0,0,1),(21,1,1,2,NULL,NULL,NULL,0,'Gnat',0,NULL,NULL,NULL,1,0,0,0,0,0,0,1),(22,1,1,2,NULL,NULL,NULL,0,'Gnat',1,NULL,NULL,NULL,1,0,0,0,0,0,0,1),(23,1,1,2,NULL,NULL,NULL,0,'Gnat',0,NULL,NULL,NULL,1,0,0,0,0,0,0,1),(24,1,1,2,NULL,NULL,NULL,0,'Gnat',1,NULL,NULL,NULL,1,0,0,0,0,0,0,1),(25,1,1,2,NULL,NULL,NULL,0,'Gnat',0,NULL,NULL,NULL,1,0,0,0,0,0,0,1),(26,1,1,2,NULL,NULL,NULL,0,'Gnat',1,NULL,NULL,NULL,1,0,0,0,0,0,0,1),(27,1,1,2,NULL,NULL,NULL,0,'Gnat',0,NULL,NULL,NULL,1,0,0,0,0,0,0,1),(28,1,1,2,NULL,NULL,NULL,0,'Gnat',1,NULL,NULL,NULL,1,0,0,0,0,0,0,1),(29,1,1,2,NULL,NULL,NULL,0,'Gnat',0,NULL,NULL,NULL,1,0,0,0,0,0,0,1),(30,1,1,2,NULL,NULL,NULL,0,'Gnat',0,NULL,NULL,NULL,1,0,0,0,0,0,0,1),(31,1,1,2,NULL,NULL,NULL,0,'Gnat',1,NULL,NULL,NULL,1,0,0,0,0,0,0,1),(32,1,1,2,NULL,NULL,NULL,0,'Gnat',1,NULL,NULL,NULL,1,0,0,0,0,0,0,1),(33,1,1,1,NULL,NULL,NULL,0,'Demosis',1,0,270,NULL,1,0,0,0,0,0,0,1),(34,1,1,1,NULL,NULL,NULL,0,'Demosis',1,0,270,NULL,1,0,0,0,0,0,0,1),(35,1,1,1,NULL,NULL,NULL,0,'Thor',1,0,270,NULL,1,0,0,0,0,0,0,1),(36,1,1,1,NULL,NULL,NULL,0,'Thor',1,0,270,NULL,1,0,0,0,0,0,0,1),(37,1,1,1,NULL,NULL,NULL,0,'Thor',0,0,270,NULL,1,0,0,0,0,0,0,1),(38,1,1,1,NULL,NULL,NULL,0,'Thor',0,0,270,NULL,1,0,0,0,0,0,0,1),(39,1,1,1,NULL,NULL,NULL,0,'Thor',1,0,270,NULL,1,0,0,0,0,0,0,1),(40,1,1,1,NULL,NULL,NULL,0,'Thor',0,0,270,NULL,1,0,0,0,0,0,0,1),(41,1,1,1,NULL,NULL,NULL,0,'Thor',1,0,270,NULL,1,0,0,0,0,0,0,1),(42,1,1,1,NULL,NULL,NULL,0,'Thor',0,0,270,NULL,1,0,0,0,0,0,0,1),(43,1,1,1,NULL,NULL,NULL,0,'Thor',1,0,270,NULL,1,0,0,0,0,0,0,1),(44,1,1,1,NULL,NULL,NULL,0,'Thor',1,0,270,NULL,1,0,0,0,0,0,0,1),(45,1,1,1,NULL,NULL,NULL,0,'Thor',1,0,270,NULL,1,0,0,0,0,0,0,1),(46,1,1,1,NULL,NULL,NULL,0,'Thor',1,0,270,NULL,1,0,0,0,0,0,0,1),(47,1,1,1,NULL,NULL,NULL,0,'Dirac',1,0,270,NULL,1,0,0,0,0,0,0,1),(48,1,1,1,NULL,NULL,NULL,0,'Dirac',0,0,270,NULL,1,0,0,0,0,0,0,1),(49,1,1,1,NULL,NULL,NULL,0,'Dirac',0,0,270,NULL,1,0,0,0,0,0,0,1),(50,1,1,1,NULL,NULL,NULL,0,'Dirac',1,0,270,NULL,1,0,0,0,0,0,0,1),(51,1,1,1,NULL,NULL,NULL,0,'Dirac',1,0,270,NULL,1,0,0,0,0,0,0,1),(52,1,1,1,NULL,NULL,NULL,0,'Dirac',1,0,270,NULL,1,0,0,0,0,0,0,1),(53,1,1,1,NULL,NULL,NULL,0,'Dirac',0,0,270,NULL,1,0,0,0,0,0,0,1),(54,1,1,1,NULL,NULL,NULL,0,'Dirac',1,0,270,NULL,1,0,0,0,0,0,0,1),(55,1,1,1,NULL,NULL,NULL,0,'Dirac',0,0,270,NULL,1,0,0,0,0,0,0,1),(56,1,1,1,NULL,NULL,NULL,0,'Dirac',0,0,270,NULL,1,0,0,0,0,0,0,1),(57,1,1,1,NULL,NULL,NULL,0,'Dirac',1,0,270,NULL,1,0,0,0,0,0,0,1),(58,1,4,2,NULL,NULL,NULL,0,'Gnawer',0,NULL,NULL,NULL,1,0,0,0,0,0,0,1),(59,1,4,2,NULL,NULL,NULL,0,'Gnawer',0,NULL,NULL,NULL,1,0,0,0,0,0,0,1),(60,1,4,2,NULL,NULL,NULL,0,'Gnawer',0,NULL,NULL,NULL,1,0,0,0,0,0,0,1),(61,1,4,2,NULL,NULL,NULL,0,'Gnawer',0,NULL,NULL,NULL,1,0,0,0,0,0,0,1),(62,1,4,2,NULL,NULL,NULL,0,'Gnawer',1,NULL,NULL,NULL,1,0,0,0,0,0,0,1),(63,1,4,2,NULL,NULL,NULL,0,'Gnawer',1,NULL,NULL,NULL,1,0,0,0,0,0,0,1),(64,1,4,2,NULL,NULL,NULL,0,'Spudder',1,NULL,NULL,NULL,1,0,0,0,0,0,0,1),(65,1,4,2,NULL,NULL,NULL,0,'Spudder',1,NULL,NULL,NULL,1,0,0,0,0,0,0,1),(66,1,4,2,NULL,NULL,NULL,0,'Spudder',1,NULL,NULL,NULL,1,0,0,0,0,0,0,1),(67,1,4,2,NULL,NULL,NULL,0,'Spudder',0,NULL,NULL,NULL,1,0,0,0,0,0,0,1),(68,1,4,2,NULL,NULL,NULL,0,'Spudder',0,NULL,NULL,NULL,1,0,0,0,0,0,0,1),(69,1,4,2,NULL,NULL,NULL,0,'Glancer',1,NULL,NULL,NULL,1,0,0,0,0,0,0,1),(70,1,4,2,NULL,NULL,NULL,0,'Glancer',1,NULL,NULL,NULL,1,0,0,0,0,0,0,1),(71,1,4,2,NULL,NULL,NULL,0,'Glancer',1,NULL,NULL,NULL,1,0,0,0,0,0,0,1),(72,1,4,2,NULL,NULL,NULL,0,'Glancer',1,NULL,NULL,NULL,1,0,0,0,0,0,0,1),(73,1,4,2,NULL,NULL,NULL,0,'Glancer',1,NULL,NULL,NULL,1,0,0,0,0,0,0,1),(74,1,4,2,NULL,NULL,NULL,0,'Gnat',1,NULL,NULL,NULL,1,0,0,0,0,0,0,1),(75,1,4,2,NULL,NULL,NULL,0,'Gnat',1,NULL,NULL,NULL,1,0,0,0,0,0,0,1),(76,1,4,2,NULL,NULL,NULL,0,'Gnat',1,NULL,NULL,NULL,1,0,0,0,0,0,0,1),(77,1,4,2,NULL,NULL,NULL,0,'Gnat',1,NULL,NULL,NULL,1,0,0,0,0,0,0,1),(78,1,4,2,NULL,NULL,NULL,0,'Gnat',0,NULL,NULL,NULL,1,0,0,0,0,0,0,1),(79,1,4,2,NULL,NULL,NULL,0,'Gnat',1,NULL,NULL,NULL,1,0,0,0,0,0,0,1),(80,1,4,2,NULL,NULL,NULL,0,'Gnat',0,NULL,NULL,NULL,1,0,0,0,0,0,0,1),(81,1,4,2,NULL,NULL,NULL,0,'Gnat',0,NULL,NULL,NULL,1,0,0,0,0,0,0,1),(82,1,4,2,NULL,NULL,NULL,0,'Gnat',0,NULL,NULL,NULL,1,0,0,0,0,0,0,1),(83,1,4,2,NULL,NULL,NULL,0,'Gnat',1,NULL,NULL,NULL,1,0,0,0,0,0,0,1),(84,1,1,1,NULL,NULL,NULL,0,'Demosis',0,2,210,NULL,1,0,0,0,0,0,0,1),(85,1,1,1,NULL,NULL,NULL,0,'Demosis',0,2,210,NULL,1,0,0,0,0,0,0,1),(86,1,1,1,NULL,NULL,NULL,0,'Demosis',1,2,210,NULL,1,0,0,0,0,0,0,1),(87,1,1,1,NULL,NULL,NULL,0,'Demosis',0,2,210,NULL,1,0,0,0,0,0,0,1),(88,1,1,1,NULL,NULL,NULL,0,'Demosis',0,2,210,NULL,1,0,0,0,0,0,0,1),(89,1,1,1,NULL,NULL,NULL,0,'Demosis',0,2,210,NULL,1,0,0,0,0,0,0,1),(90,1,1,1,NULL,NULL,NULL,0,'Thor',1,2,210,NULL,1,0,0,0,0,0,0,1),(91,1,1,1,NULL,NULL,NULL,0,'Thor',1,2,210,NULL,1,0,0,0,0,0,0,1),(92,1,1,1,NULL,NULL,NULL,0,'Thor',1,2,210,NULL,1,0,0,0,0,0,0,1),(93,1,1,1,NULL,NULL,NULL,0,'Thor',1,2,210,NULL,1,0,0,0,0,0,0,1),(94,1,1,1,NULL,NULL,NULL,0,'Thor',0,2,210,NULL,1,0,0,0,0,0,0,1),(95,1,1,1,NULL,NULL,NULL,0,'Thor',1,2,210,NULL,1,0,0,0,0,0,0,1),(96,1,1,1,NULL,NULL,NULL,0,'Thor',1,2,210,NULL,1,0,0,0,0,0,0,1),(97,1,1,1,NULL,NULL,NULL,0,'Thor',0,2,210,NULL,1,0,0,0,0,0,0,1),(98,1,1,1,NULL,NULL,NULL,0,'Thor',0,2,210,NULL,1,0,0,0,0,0,0,1),(99,1,1,1,NULL,NULL,NULL,0,'Thor',1,2,210,NULL,1,0,0,0,0,0,0,1),(100,1,1,1,NULL,NULL,NULL,0,'Thor',0,2,210,NULL,1,0,0,0,0,0,0,1),(101,1,1,1,NULL,NULL,NULL,0,'Dirac',0,2,210,NULL,1,0,0,0,0,0,0,1),(102,1,1,1,NULL,NULL,NULL,0,'Dirac',1,2,210,NULL,1,0,0,0,0,0,0,1),(103,1,1,1,NULL,NULL,NULL,0,'Dirac',1,2,210,NULL,1,0,0,0,0,0,0,1),(104,1,1,1,NULL,NULL,NULL,0,'Dirac',0,2,210,NULL,1,0,0,0,0,0,0,1),(105,1,1,1,NULL,NULL,NULL,0,'Dirac',0,2,210,NULL,1,0,0,0,0,0,0,1),(106,1,6,2,NULL,NULL,NULL,0,'Gnawer',0,NULL,NULL,NULL,1,0,0,0,0,0,0,1),(107,1,6,2,NULL,NULL,NULL,0,'Gnawer',0,NULL,NULL,NULL,1,0,0,0,0,0,0,1),(108,1,6,2,NULL,NULL,NULL,0,'Gnawer',0,NULL,NULL,NULL,1,0,0,0,0,0,0,1),(109,1,6,2,NULL,NULL,NULL,0,'Gnawer',0,NULL,NULL,NULL,1,0,0,0,0,0,0,1),(110,1,6,2,NULL,NULL,NULL,0,'Gnawer',1,NULL,NULL,NULL,1,0,0,0,0,0,0,1),(111,1,6,2,NULL,NULL,NULL,0,'Spudder',1,NULL,NULL,NULL,1,0,0,0,0,0,0,1),(112,1,6,2,NULL,NULL,NULL,0,'Spudder',0,NULL,NULL,NULL,1,0,0,0,0,0,0,1),(113,1,6,2,NULL,NULL,NULL,0,'Spudder',0,NULL,NULL,NULL,1,0,0,0,0,0,0,1),(114,1,6,2,NULL,NULL,NULL,0,'Spudder',0,NULL,NULL,NULL,1,0,0,0,0,0,0,1),(115,1,6,2,NULL,NULL,NULL,0,'Spudder',1,NULL,NULL,NULL,1,0,0,0,0,0,0,1),(116,1,6,2,NULL,NULL,NULL,0,'Spudder',1,NULL,NULL,NULL,1,0,0,0,0,0,0,1),(117,1,6,2,NULL,NULL,NULL,0,'Spudder',1,NULL,NULL,NULL,1,0,0,0,0,0,0,1),(118,1,6,2,NULL,NULL,NULL,0,'Glancer',1,NULL,NULL,NULL,1,0,0,0,0,0,0,1),(119,1,6,2,NULL,NULL,NULL,0,'Glancer',1,NULL,NULL,NULL,1,0,0,0,0,0,0,1),(120,1,6,2,NULL,NULL,NULL,0,'Glancer',1,NULL,NULL,NULL,1,0,0,0,0,0,0,1),(121,1,6,2,NULL,NULL,NULL,0,'Glancer',1,NULL,NULL,NULL,1,0,0,0,0,0,0,1),(122,1,6,2,NULL,NULL,NULL,0,'Glancer',1,NULL,NULL,NULL,1,0,0,0,0,0,0,1),(123,1,6,2,NULL,NULL,NULL,0,'Glancer',1,NULL,NULL,NULL,1,0,0,0,0,0,0,1),(124,1,6,2,NULL,NULL,NULL,0,'Gnat',1,NULL,NULL,NULL,1,0,0,0,0,0,0,1),(125,1,6,2,NULL,NULL,NULL,0,'Gnat',1,NULL,NULL,NULL,1,0,0,0,0,0,0,1),(126,1,6,2,NULL,NULL,NULL,0,'Gnat',0,NULL,NULL,NULL,1,0,0,0,0,0,0,1),(127,1,6,2,NULL,NULL,NULL,0,'Gnat',0,NULL,NULL,NULL,1,0,0,0,0,0,0,1),(128,1,6,2,NULL,NULL,NULL,0,'Gnat',1,NULL,NULL,NULL,1,0,0,0,0,0,0,1),(129,1,6,2,NULL,NULL,NULL,0,'Gnat',0,NULL,NULL,NULL,1,0,0,0,0,0,0,1),(130,1,6,2,NULL,NULL,NULL,0,'Gnat',0,NULL,NULL,NULL,1,0,0,0,0,0,0,1),(131,1,6,2,NULL,NULL,NULL,0,'Gnat',1,NULL,NULL,NULL,1,0,0,0,0,0,0,1),(132,1,6,2,NULL,NULL,NULL,0,'Gnat',1,NULL,NULL,NULL,1,0,0,0,0,0,0,1),(133,1,6,2,NULL,NULL,NULL,0,'Gnat',0,NULL,NULL,NULL,1,0,0,0,0,0,0,1),(134,1,6,2,NULL,NULL,NULL,0,'Gnat',1,NULL,NULL,NULL,1,0,0,0,0,0,0,1),(135,1,6,2,NULL,NULL,NULL,0,'Gnat',1,NULL,NULL,NULL,1,0,0,0,0,0,0,1),(136,1,1,1,NULL,NULL,NULL,0,'Demosis',1,1,45,NULL,1,0,0,0,0,0,0,1),(137,1,1,1,NULL,NULL,NULL,0,'Demosis',1,1,45,NULL,1,0,0,0,0,0,0,1),(138,1,1,1,NULL,NULL,NULL,0,'Demosis',1,1,45,NULL,1,0,0,0,0,0,0,1),(139,1,1,1,NULL,NULL,NULL,0,'Thor',0,1,45,NULL,1,0,0,0,0,0,0,1),(140,1,1,1,NULL,NULL,NULL,0,'Thor',0,1,45,NULL,1,0,0,0,0,0,0,1),(141,1,1,1,NULL,NULL,NULL,0,'Thor',0,1,45,NULL,1,0,0,0,0,0,0,1),(142,1,1,1,NULL,NULL,NULL,0,'Thor',1,1,45,NULL,1,0,0,0,0,0,0,1),(143,1,1,1,NULL,NULL,NULL,0,'Thor',1,1,45,NULL,1,0,0,0,0,0,0,1),(144,1,1,1,NULL,NULL,NULL,0,'Thor',0,1,45,NULL,1,0,0,0,0,0,0,1),(145,1,1,1,NULL,NULL,NULL,0,'Dirac',1,1,45,NULL,1,0,0,0,0,0,0,1),(146,1,1,1,NULL,NULL,NULL,0,'Dirac',0,1,45,NULL,1,0,0,0,0,0,0,1),(147,1,1,1,NULL,NULL,NULL,0,'Dirac',1,1,45,NULL,1,0,0,0,0,0,0,1),(148,1,1,1,NULL,NULL,NULL,0,'Dirac',1,1,45,NULL,1,0,0,0,0,0,0,1),(149,1,1,1,NULL,NULL,NULL,0,'Dirac',0,1,45,NULL,1,0,0,0,0,0,0,1),(150,1,1,1,NULL,NULL,NULL,0,'Dirac',1,1,45,NULL,1,0,0,0,0,0,0,1),(151,1,9,2,NULL,NULL,NULL,0,'Gnawer',0,NULL,NULL,NULL,1,0,0,0,0,0,0,1),(152,1,9,2,NULL,NULL,NULL,0,'Gnawer',0,NULL,NULL,NULL,1,0,0,0,0,0,0,1),(153,1,9,2,NULL,NULL,NULL,0,'Gnawer',0,NULL,NULL,NULL,1,0,0,0,0,0,0,1),(154,1,9,2,NULL,NULL,NULL,0,'Gnawer',1,NULL,NULL,NULL,1,0,0,0,0,0,0,1),(155,1,9,2,NULL,NULL,NULL,0,'Spudder',1,NULL,NULL,NULL,1,0,0,0,0,0,0,1),(156,1,9,2,NULL,NULL,NULL,0,'Spudder',1,NULL,NULL,NULL,1,0,0,0,0,0,0,1),(157,1,9,2,NULL,NULL,NULL,0,'Spudder',1,NULL,NULL,NULL,1,0,0,0,0,0,0,1),(158,1,9,2,NULL,NULL,NULL,0,'Spudder',0,NULL,NULL,NULL,1,0,0,0,0,0,0,1),(159,1,9,2,NULL,NULL,NULL,0,'Spudder',0,NULL,NULL,NULL,1,0,0,0,0,0,0,1),(160,1,9,2,NULL,NULL,NULL,0,'Spudder',0,NULL,NULL,NULL,1,0,0,0,0,0,0,1),(161,1,9,2,NULL,NULL,NULL,0,'Spudder',0,NULL,NULL,NULL,1,0,0,0,0,0,0,1),(162,1,9,2,NULL,NULL,NULL,0,'Spudder',0,NULL,NULL,NULL,1,0,0,0,0,0,0,1),(163,1,9,2,NULL,NULL,NULL,0,'Spudder',1,NULL,NULL,NULL,1,0,0,0,0,0,0,1),(164,1,9,2,NULL,NULL,NULL,0,'Glancer',1,NULL,NULL,NULL,1,0,0,0,0,0,0,1),(165,1,9,2,NULL,NULL,NULL,0,'Glancer',1,NULL,NULL,NULL,1,0,0,0,0,0,0,1),(166,1,9,2,NULL,NULL,NULL,0,'Glancer',1,NULL,NULL,NULL,1,0,0,0,0,0,0,1),(167,1,9,2,NULL,NULL,NULL,0,'Glancer',1,NULL,NULL,NULL,1,0,0,0,0,0,0,1),(168,1,9,2,NULL,NULL,NULL,0,'Glancer',1,NULL,NULL,NULL,1,0,0,0,0,0,0,1),(169,1,9,2,NULL,NULL,NULL,0,'Glancer',1,NULL,NULL,NULL,1,0,0,0,0,0,0,1),(170,1,9,2,NULL,NULL,NULL,0,'Gnat',0,NULL,NULL,NULL,1,0,0,0,0,0,0,1),(171,1,9,2,NULL,NULL,NULL,0,'Gnat',1,NULL,NULL,NULL,1,0,0,0,0,0,0,1),(172,1,9,2,NULL,NULL,NULL,0,'Gnat',0,NULL,NULL,NULL,1,0,0,0,0,0,0,1),(173,1,9,2,NULL,NULL,NULL,0,'Gnat',0,NULL,NULL,NULL,1,0,0,0,0,0,0,1),(174,1,9,2,NULL,NULL,NULL,0,'Gnat',1,NULL,NULL,NULL,1,0,0,0,0,0,0,1),(175,1,9,2,NULL,NULL,NULL,0,'Gnat',1,NULL,NULL,NULL,1,0,0,0,0,0,0,1),(176,1,9,2,NULL,NULL,NULL,0,'Gnat',0,NULL,NULL,NULL,1,0,0,0,0,0,0,1),(177,1,9,2,NULL,NULL,NULL,0,'Gnat',1,NULL,NULL,NULL,1,0,0,0,0,0,0,1),(178,1,9,2,NULL,NULL,NULL,0,'Gnat',1,NULL,NULL,NULL,1,0,0,0,0,0,0,1),(179,1,9,2,NULL,NULL,NULL,0,'Gnat',0,NULL,NULL,NULL,1,0,0,0,0,0,0,1),(180,1,9,2,NULL,NULL,NULL,0,'Gnat',0,NULL,NULL,NULL,1,0,0,0,0,0,0,1),(181,1,9,2,NULL,NULL,NULL,0,'Gnat',0,NULL,NULL,NULL,1,0,0,0,0,0,0,1),(182,1,9,2,NULL,NULL,NULL,0,'Gnat',1,NULL,NULL,NULL,1,0,0,0,0,0,0,1),(183,1,2,1,NULL,NULL,NULL,0,'Demosis',0,2,210,NULL,1,0,0,0,0,0,0,1),(184,1,2,1,NULL,NULL,NULL,0,'Demosis',1,2,210,NULL,1,0,0,0,0,0,0,1),(185,1,2,1,NULL,NULL,NULL,0,'Demosis',1,2,210,NULL,1,0,0,0,0,0,0,1),(186,1,2,1,NULL,NULL,NULL,0,'Demosis',0,2,210,NULL,1,0,0,0,0,0,0,1),(187,1,2,1,NULL,NULL,NULL,0,'Thor',0,2,210,NULL,1,0,0,0,0,0,0,1),(188,1,2,1,NULL,NULL,NULL,0,'Thor',0,2,210,NULL,1,0,0,0,0,0,0,1),(189,1,2,1,NULL,NULL,NULL,0,'Thor',1,2,210,NULL,1,0,0,0,0,0,0,1),(190,1,2,1,NULL,NULL,NULL,0,'Dirac',1,2,210,NULL,1,0,0,0,0,0,0,1),(191,1,2,1,NULL,NULL,NULL,0,'Dirac',0,2,210,NULL,1,0,0,0,0,0,0,1),(192,1,2,1,NULL,NULL,NULL,0,'Dirac',1,2,210,NULL,1,0,0,0,0,0,0,1),(193,1,2,1,NULL,NULL,NULL,0,'Dirac',1,2,210,NULL,1,0,0,0,0,0,0,1),(194,1,2,1,NULL,NULL,NULL,0,'Dirac',1,2,210,NULL,1,0,0,0,0,0,0,1),(195,1,2,1,NULL,NULL,NULL,0,'Dirac',0,2,210,NULL,1,0,0,0,0,0,0,1),(196,1,2,1,NULL,NULL,NULL,0,'Dirac',1,2,210,NULL,1,0,0,0,0,0,0,1),(197,1,2,1,NULL,NULL,NULL,0,'Dirac',0,2,210,NULL,1,0,0,0,0,0,0,1),(198,1,2,1,NULL,NULL,NULL,0,'Dirac',0,2,210,NULL,1,0,0,0,0,0,0,1),(199,1,2,1,NULL,NULL,NULL,0,'Dirac',1,2,210,NULL,1,0,0,0,0,0,0,1),(200,1,2,1,NULL,NULL,NULL,0,'Dirac',1,2,210,NULL,1,0,0,0,0,0,0,1),(201,1,2,1,NULL,NULL,NULL,0,'Dirac',1,2,210,NULL,1,0,0,0,0,0,0,1),(202,1,2,1,NULL,NULL,NULL,0,'Dirac',1,2,210,NULL,1,0,0,0,0,0,0,1),(203,1,11,2,NULL,NULL,NULL,0,'Gnawer',0,NULL,NULL,NULL,1,0,0,0,0,0,0,1),(204,1,11,2,NULL,NULL,NULL,0,'Gnawer',1,NULL,NULL,NULL,1,0,0,0,0,0,0,1),(205,1,11,2,NULL,NULL,NULL,0,'Spudder',0,NULL,NULL,NULL,1,0,0,0,0,0,0,1),(206,1,11,2,NULL,NULL,NULL,0,'Spudder',0,NULL,NULL,NULL,1,0,0,0,0,0,0,1),(207,1,11,2,NULL,NULL,NULL,0,'Spudder',1,NULL,NULL,NULL,1,0,0,0,0,0,0,1),(208,1,11,2,NULL,NULL,NULL,0,'Spudder',0,NULL,NULL,NULL,1,0,0,0,0,0,0,1),(209,1,11,2,NULL,NULL,NULL,0,'Glancer',1,NULL,NULL,NULL,1,0,0,0,0,0,0,1),(210,1,11,2,NULL,NULL,NULL,0,'Glancer',1,NULL,NULL,NULL,1,0,0,0,0,0,0,1),(211,1,11,2,NULL,NULL,NULL,0,'Glancer',1,NULL,NULL,NULL,1,0,0,0,0,0,0,1),(212,1,11,2,NULL,NULL,NULL,0,'Glancer',1,NULL,NULL,NULL,1,0,0,0,0,0,0,1),(213,1,11,2,NULL,NULL,NULL,0,'Gnat',0,NULL,NULL,NULL,1,0,0,0,0,0,0,1),(214,1,11,2,NULL,NULL,NULL,0,'Gnat',0,NULL,NULL,NULL,1,0,0,0,0,0,0,1),(215,1,11,2,NULL,NULL,NULL,0,'Gnat',0,NULL,NULL,NULL,1,0,0,0,0,0,0,1),(216,1,11,2,NULL,NULL,NULL,0,'Gnat',1,NULL,NULL,NULL,1,0,0,0,0,0,0,1),(217,1,11,2,NULL,NULL,NULL,0,'Gnat',0,NULL,NULL,NULL,1,0,0,0,0,0,0,1),(218,1,3,1,NULL,NULL,NULL,0,'Demosis',0,0,270,NULL,1,0,0,0,0,0,0,1),(219,1,3,1,NULL,NULL,NULL,0,'Thor',0,0,270,NULL,1,0,0,0,0,0,0,1),(220,1,3,1,NULL,NULL,NULL,0,'Thor',1,0,270,NULL,1,0,0,0,0,0,0,1),(221,1,3,1,NULL,NULL,NULL,0,'Thor',1,0,270,NULL,1,0,0,0,0,0,0,1),(222,1,3,1,NULL,NULL,NULL,0,'Thor',0,0,270,NULL,1,0,0,0,0,0,0,1),(223,1,3,1,NULL,NULL,NULL,0,'Thor',1,0,270,NULL,1,0,0,0,0,0,0,1),(224,1,3,1,NULL,NULL,NULL,0,'Dirac',1,0,270,NULL,1,0,0,0,0,0,0,1),(225,1,3,1,NULL,NULL,NULL,0,'Dirac',1,0,270,NULL,1,0,0,0,0,0,0,1),(226,1,3,1,NULL,NULL,NULL,0,'Dirac',0,0,270,NULL,1,0,0,0,0,0,0,1),(227,1,17,4,NULL,NULL,NULL,0,'Glancer',1,NULL,NULL,NULL,1,0,0,0,0,0,0,1),(228,1,17,4,NULL,NULL,NULL,0,'Glancer',1,NULL,NULL,NULL,1,0,0,0,0,0,0,1),(229,1,17,4,NULL,NULL,NULL,0,'Gnat',0,NULL,NULL,NULL,1,0,0,0,0,0,0,1),(230,1,17,4,NULL,NULL,NULL,0,'Gnat',0,NULL,NULL,NULL,1,0,0,0,0,0,0,1),(231,1,17,4,NULL,NULL,NULL,0,'Gnat',1,NULL,NULL,NULL,1,0,0,0,0,0,0,1),(232,1,17,4,NULL,NULL,NULL,0,'Gnat',0,NULL,NULL,NULL,1,0,0,0,0,0,0,1),(233,1,17,4,NULL,NULL,NULL,0,'Gnat',0,NULL,NULL,NULL,1,0,0,0,0,0,0,1),(234,1,17,4,NULL,NULL,NULL,0,'Gnat',1,NULL,NULL,NULL,1,0,0,0,0,0,0,1),(235,1,18,4,NULL,NULL,NULL,0,'Gnat',0,NULL,NULL,NULL,1,0,0,0,0,0,0,1),(236,1,18,4,NULL,NULL,NULL,0,'Gnat',0,NULL,NULL,NULL,1,0,0,0,0,0,0,1),(237,1,18,4,NULL,NULL,NULL,0,'Gnat',1,NULL,NULL,NULL,1,0,0,0,0,0,0,1),(238,1,18,4,NULL,NULL,NULL,0,'Gnat',0,NULL,NULL,NULL,1,0,0,0,0,0,0,1),(239,1,18,4,NULL,NULL,NULL,0,'Gnat',1,NULL,NULL,NULL,1,0,0,0,0,0,0,1),(240,1,19,4,NULL,NULL,NULL,0,'Gnawer',0,NULL,NULL,NULL,1,0,0,0,0,0,0,1),(241,1,19,4,NULL,NULL,NULL,0,'Spudder',0,NULL,NULL,NULL,1,0,0,0,0,0,0,1),(242,1,19,4,NULL,NULL,NULL,0,'Spudder',0,NULL,NULL,NULL,1,0,0,0,0,0,0,1),(243,1,19,4,NULL,NULL,NULL,0,'Gnawer',0,NULL,NULL,NULL,1,0,0,0,0,0,0,1),(244,1,19,4,NULL,NULL,NULL,0,'Spudder',1,NULL,NULL,NULL,1,0,0,0,0,0,0,1),(245,1,19,4,NULL,NULL,NULL,0,'Spudder',0,NULL,NULL,NULL,1,0,0,0,0,0,0,1),(246,1,19,4,NULL,NULL,NULL,0,'Glancer',1,NULL,NULL,NULL,1,0,0,0,0,0,0,1),(247,1,19,4,NULL,NULL,NULL,0,'Gnat',1,NULL,NULL,NULL,1,0,0,0,0,0,0,1),(248,1,19,4,NULL,NULL,NULL,0,'Glancer',1,NULL,NULL,NULL,1,0,0,0,0,0,0,1),(249,1,19,4,NULL,NULL,NULL,0,'Glancer',1,NULL,NULL,NULL,1,0,0,0,0,0,0,1),(250,1,19,4,NULL,NULL,NULL,0,'Glancer',1,NULL,NULL,NULL,1,0,0,0,0,0,0,1),(251,1,19,4,NULL,NULL,NULL,0,'Glancer',1,NULL,NULL,NULL,1,0,0,0,0,0,0,1),(252,1,19,4,NULL,NULL,NULL,0,'Glancer',1,NULL,NULL,NULL,1,0,0,0,0,0,0,1),(253,1,19,4,NULL,NULL,NULL,0,'Gnat',0,NULL,NULL,NULL,1,0,0,0,0,0,0,1),(254,1,19,4,NULL,NULL,NULL,0,'Gnat',0,NULL,NULL,NULL,1,0,0,0,0,0,0,1),(255,1,19,4,NULL,NULL,NULL,0,'Gnat',1,NULL,NULL,NULL,1,0,0,0,0,0,0,1),(256,1,19,4,NULL,NULL,NULL,0,'Gnat',1,NULL,NULL,NULL,1,0,0,0,0,0,0,1),(257,1,20,4,NULL,NULL,NULL,0,'Spudder',1,NULL,NULL,NULL,1,0,0,0,0,0,0,1),(258,1,20,4,NULL,NULL,NULL,0,'Spudder',0,NULL,NULL,NULL,1,0,0,0,0,0,0,1),(259,1,20,4,NULL,NULL,NULL,0,'Glancer',1,NULL,NULL,NULL,1,0,0,0,0,0,0,1),(260,1,20,4,NULL,NULL,NULL,0,'Gnat',0,NULL,NULL,NULL,1,0,0,0,0,0,0,1),(261,1,20,4,NULL,NULL,NULL,0,'Gnat',0,NULL,NULL,NULL,1,0,0,0,0,0,0,1),(262,1,20,4,NULL,NULL,NULL,0,'Glancer',1,NULL,NULL,NULL,1,0,0,0,0,0,0,1),(263,1,20,4,NULL,NULL,NULL,0,'Glancer',1,NULL,NULL,NULL,1,0,0,0,0,0,0,1),(264,1,20,4,NULL,NULL,NULL,0,'Glancer',1,NULL,NULL,NULL,1,0,0,0,0,0,0,1),(265,1,20,4,NULL,NULL,NULL,0,'Glancer',1,NULL,NULL,NULL,1,0,0,0,0,0,0,1),(266,1,20,4,NULL,NULL,NULL,0,'Gnat',0,NULL,NULL,NULL,1,0,0,0,0,0,0,1),(267,1,20,4,NULL,NULL,NULL,0,'Gnat',0,NULL,NULL,NULL,1,0,0,0,0,0,0,1),(268,1,20,4,NULL,NULL,NULL,0,'Gnat',1,NULL,NULL,NULL,1,0,0,0,0,0,0,1),(269,1,21,4,NULL,NULL,NULL,0,'Spudder',0,NULL,NULL,NULL,1,0,0,0,0,0,0,1),(270,1,21,4,NULL,NULL,NULL,0,'Spudder',1,NULL,NULL,NULL,1,0,0,0,0,0,0,1),(271,1,21,4,NULL,NULL,NULL,0,'Spudder',0,NULL,NULL,NULL,1,0,0,0,0,0,0,1),(272,1,21,4,NULL,NULL,NULL,0,'Glancer',1,NULL,NULL,NULL,1,0,0,0,0,0,0,1),(273,1,21,4,NULL,NULL,NULL,0,'Gnat',0,NULL,NULL,NULL,1,0,0,0,0,0,0,1),(274,1,21,4,NULL,NULL,NULL,0,'Gnat',1,NULL,NULL,NULL,1,0,0,0,0,0,0,1),(275,1,21,4,NULL,NULL,NULL,0,'Gnat',0,NULL,NULL,NULL,1,0,0,0,0,0,0,1),(276,1,21,4,NULL,NULL,NULL,0,'Glancer',1,NULL,NULL,NULL,1,0,0,0,0,0,0,1),(277,1,21,4,NULL,NULL,NULL,0,'Glancer',1,NULL,NULL,NULL,1,0,0,0,0,0,0,1),(278,1,21,4,NULL,NULL,NULL,0,'Glancer',1,NULL,NULL,NULL,1,0,0,0,0,0,0,1),(279,1,21,4,NULL,NULL,NULL,0,'Glancer',1,NULL,NULL,NULL,1,0,0,0,0,0,0,1),(280,1,21,4,NULL,NULL,NULL,0,'Gnat',0,NULL,NULL,NULL,1,0,0,0,0,0,0,1),(281,1,21,4,NULL,NULL,NULL,0,'Gnat',0,NULL,NULL,NULL,1,0,0,0,0,0,0,1),(282,1,21,4,NULL,NULL,NULL,0,'Gnat',1,NULL,NULL,NULL,1,0,0,0,0,0,0,1),(283,1,21,4,NULL,NULL,NULL,0,'Gnat',0,NULL,NULL,NULL,1,0,0,0,0,0,0,1),(284,1,22,4,NULL,NULL,NULL,0,'Gnawer',0,NULL,NULL,NULL,1,0,0,0,0,0,0,1),(285,1,22,4,NULL,NULL,NULL,0,'Spudder',0,NULL,NULL,NULL,1,0,0,0,0,0,0,1),(286,1,22,4,NULL,NULL,NULL,0,'Spudder',0,NULL,NULL,NULL,1,0,0,0,0,0,0,1),(287,1,22,4,NULL,NULL,NULL,0,'Glancer',1,NULL,NULL,NULL,1,0,0,0,0,0,0,1),(288,1,22,4,NULL,NULL,NULL,0,'Gnat',0,NULL,NULL,NULL,1,0,0,0,0,0,0,1),(289,1,22,4,NULL,NULL,NULL,0,'Gnat',0,NULL,NULL,NULL,1,0,0,0,0,0,0,1),(290,1,22,4,NULL,NULL,NULL,0,'Glancer',1,NULL,NULL,NULL,1,0,0,0,0,0,0,1),(291,1,22,4,NULL,NULL,NULL,0,'Glancer',1,NULL,NULL,NULL,1,0,0,0,0,0,0,1),(292,1,22,4,NULL,NULL,NULL,0,'Glancer',1,NULL,NULL,NULL,1,0,0,0,0,0,0,1),(293,1,22,4,NULL,NULL,NULL,0,'Gnat',0,NULL,NULL,NULL,1,0,0,0,0,0,0,1),(294,1,22,4,NULL,NULL,NULL,0,'Gnat',0,NULL,NULL,NULL,1,0,0,0,0,0,0,1),(295,1,22,4,NULL,NULL,NULL,0,'Gnat',1,NULL,NULL,NULL,1,0,0,0,0,0,0,1),(296,1,22,4,NULL,NULL,NULL,0,'Gnat',0,NULL,NULL,NULL,1,0,0,0,0,0,0,1),(297,1,22,4,NULL,NULL,NULL,0,'Gnat',1,NULL,NULL,NULL,1,0,0,0,0,0,0,1),(298,1,23,4,NULL,NULL,NULL,0,'Gnawer',0,NULL,NULL,NULL,1,0,0,0,0,0,0,1),(299,1,23,4,NULL,NULL,NULL,0,'Gnawer',0,NULL,NULL,NULL,1,0,0,0,0,0,0,1),(300,1,23,4,NULL,NULL,NULL,0,'Gnawer',0,NULL,NULL,NULL,1,0,0,0,0,0,0,1),(301,1,23,4,NULL,NULL,NULL,0,'Gnawer',0,NULL,NULL,NULL,1,0,0,0,0,0,0,1),(302,1,23,4,NULL,NULL,NULL,0,'Spudder',0,NULL,NULL,NULL,1,0,0,0,0,0,0,1),(303,1,23,4,NULL,NULL,NULL,0,'Spudder',0,NULL,NULL,NULL,1,0,0,0,0,0,0,1),(304,1,23,4,NULL,NULL,NULL,0,'Glancer',1,NULL,NULL,NULL,1,0,0,0,0,0,0,1),(305,1,23,4,NULL,NULL,NULL,0,'Gnat',0,NULL,NULL,NULL,1,0,0,0,0,0,0,1),(306,1,23,4,NULL,NULL,NULL,0,'Gnat',0,NULL,NULL,NULL,1,0,0,0,0,0,0,1),(307,1,23,4,NULL,NULL,NULL,0,'Glancer',1,NULL,NULL,NULL,1,0,0,0,0,0,0,1),(308,1,23,4,NULL,NULL,NULL,0,'Glancer',1,NULL,NULL,NULL,1,0,0,0,0,0,0,1),(309,1,23,4,NULL,NULL,NULL,0,'Glancer',1,NULL,NULL,NULL,1,0,0,0,0,0,0,1),(310,1,23,4,NULL,NULL,NULL,0,'Gnat',0,NULL,NULL,NULL,1,0,0,0,0,0,0,1),(311,1,23,4,NULL,NULL,NULL,0,'Gnat',0,NULL,NULL,NULL,1,0,0,0,0,0,0,1),(312,1,23,4,NULL,NULL,NULL,0,'Gnat',1,NULL,NULL,NULL,1,0,0,0,0,0,0,1),(313,1,23,4,NULL,NULL,NULL,0,'Gnat',0,NULL,NULL,NULL,1,0,0,0,0,0,0,1),(314,1,23,4,NULL,NULL,NULL,0,'Gnat',0,NULL,NULL,NULL,1,0,0,0,0,0,0,1),(315,1,23,4,NULL,NULL,NULL,0,'Gnat',1,NULL,NULL,NULL,1,0,0,0,0,0,0,1),(316,1,23,4,NULL,NULL,NULL,0,'Gnat',0,NULL,NULL,NULL,1,0,0,0,0,0,0,1),(317,1,24,4,NULL,NULL,NULL,0,'Gnawer',0,NULL,NULL,NULL,1,0,0,0,0,0,0,1),(318,1,24,4,NULL,NULL,NULL,0,'Spudder',0,NULL,NULL,NULL,1,0,0,0,0,0,0,1),(319,1,24,4,NULL,NULL,NULL,0,'Spudder',1,NULL,NULL,NULL,1,0,0,0,0,0,0,1),(320,1,24,4,NULL,NULL,NULL,0,'Spudder',0,NULL,NULL,NULL,1,0,0,0,0,0,0,1),(321,1,24,4,NULL,NULL,NULL,0,'Gnat',0,NULL,NULL,NULL,1,0,0,0,0,0,0,1),(322,1,24,4,NULL,NULL,NULL,0,'Glancer',1,NULL,NULL,NULL,1,0,0,0,0,0,0,1),(323,1,24,4,NULL,NULL,NULL,0,'Glancer',1,NULL,NULL,NULL,1,0,0,0,0,0,0,1),(324,1,24,4,NULL,NULL,NULL,0,'Gnat',0,NULL,NULL,NULL,1,0,0,0,0,0,0,1),(325,1,24,4,NULL,NULL,NULL,0,'Gnat',0,NULL,NULL,NULL,1,0,0,0,0,0,0,1),(326,1,24,4,NULL,NULL,NULL,0,'Gnat',1,NULL,NULL,NULL,1,0,0,0,0,0,0,1),(327,1,24,4,NULL,NULL,NULL,0,'Gnat',1,NULL,NULL,NULL,1,0,0,0,0,0,0,1),(328,1,24,4,NULL,NULL,NULL,0,'Gnat',0,NULL,NULL,NULL,1,0,0,0,0,0,0,1),(329,1,25,4,NULL,NULL,NULL,0,'Gnawer',0,NULL,NULL,NULL,1,0,0,0,0,0,0,1),(330,1,25,4,NULL,NULL,NULL,0,'Gnawer',0,NULL,NULL,NULL,1,0,0,0,0,0,0,1),(331,1,25,4,NULL,NULL,NULL,0,'Spudder',0,NULL,NULL,NULL,1,0,0,0,0,0,0,1),(332,1,25,4,NULL,NULL,NULL,0,'Spudder',0,NULL,NULL,NULL,1,0,0,0,0,0,0,1),(333,1,25,4,NULL,NULL,NULL,0,'Glancer',1,NULL,NULL,NULL,1,0,0,0,0,0,0,1),(334,1,25,4,NULL,NULL,NULL,0,'Gnat',0,NULL,NULL,NULL,1,0,0,0,0,0,0,1),(335,1,25,4,NULL,NULL,NULL,0,'Gnat',0,NULL,NULL,NULL,1,0,0,0,0,0,0,1),(336,1,25,4,NULL,NULL,NULL,0,'Glancer',1,NULL,NULL,NULL,1,0,0,0,0,0,0,1),(337,1,25,4,NULL,NULL,NULL,0,'Glancer',1,NULL,NULL,NULL,1,0,0,0,0,0,0,1),(338,1,25,4,NULL,NULL,NULL,0,'Glancer',1,NULL,NULL,NULL,1,0,0,0,0,0,0,1),(339,1,25,4,NULL,NULL,NULL,0,'Gnat',0,NULL,NULL,NULL,1,0,0,0,0,0,0,1),(340,1,25,4,NULL,NULL,NULL,0,'Gnat',0,NULL,NULL,NULL,1,0,0,0,0,0,0,1),(341,1,25,4,NULL,NULL,NULL,0,'Gnat',1,NULL,NULL,NULL,1,0,0,0,0,0,0,1),(342,1,25,4,NULL,NULL,NULL,0,'Gnat',0,NULL,NULL,NULL,1,0,0,0,0,0,0,1),(343,1,26,4,NULL,NULL,NULL,0,'Glancer',1,NULL,NULL,NULL,1,0,0,0,0,0,0,1),(344,1,26,4,NULL,NULL,NULL,0,'Gnat',1,NULL,NULL,NULL,1,0,0,0,0,0,0,1),(345,1,26,4,NULL,NULL,NULL,0,'Gnat',0,NULL,NULL,NULL,1,0,0,0,0,0,0,1),(346,1,26,4,NULL,NULL,NULL,0,'Glancer',1,NULL,NULL,NULL,1,0,0,0,0,0,0,1),(347,1,26,4,NULL,NULL,NULL,0,'Glancer',1,NULL,NULL,NULL,1,0,0,0,0,0,0,1),(348,1,26,4,NULL,NULL,NULL,0,'Gnat',0,NULL,NULL,NULL,1,0,0,0,0,0,0,1),(349,1,26,4,NULL,NULL,NULL,0,'Gnat',0,NULL,NULL,NULL,1,0,0,0,0,0,0,1),(350,1,26,4,NULL,NULL,NULL,0,'Gnat',1,NULL,NULL,NULL,1,0,0,0,0,0,0,1),(351,1,26,4,NULL,NULL,NULL,0,'Gnat',0,NULL,NULL,NULL,1,0,0,0,0,0,0,1),(352,1,27,4,NULL,NULL,NULL,0,'Glancer',1,NULL,NULL,NULL,1,0,0,0,0,0,0,1),(353,1,27,4,NULL,NULL,NULL,0,'Gnat',0,NULL,NULL,NULL,1,0,0,0,0,0,0,1),(354,1,27,4,NULL,NULL,NULL,0,'Glancer',1,NULL,NULL,NULL,1,0,0,0,0,0,0,1),(355,1,27,4,NULL,NULL,NULL,0,'Glancer',1,NULL,NULL,NULL,1,0,0,0,0,0,0,1),(356,1,27,4,NULL,NULL,NULL,0,'Glancer',1,NULL,NULL,NULL,1,0,0,0,0,0,0,1),(357,1,27,4,NULL,NULL,NULL,0,'Gnat',0,NULL,NULL,NULL,1,0,0,0,0,0,0,1),(358,1,27,4,NULL,NULL,NULL,0,'Gnat',0,NULL,NULL,NULL,1,0,0,0,0,0,0,1),(359,1,27,4,NULL,NULL,NULL,0,'Gnat',1,NULL,NULL,NULL,1,0,0,0,0,0,0,1),(360,1,27,4,NULL,NULL,NULL,0,'Gnat',0,NULL,NULL,NULL,1,0,0,0,0,0,0,1),(361,1,27,4,NULL,NULL,NULL,0,'Gnat',1,NULL,NULL,NULL,1,0,0,0,0,0,0,1),(362,1,28,4,NULL,NULL,NULL,0,'Gnat',0,NULL,NULL,NULL,1,0,0,0,0,0,0,1),(363,1,28,4,NULL,NULL,NULL,0,'Gnat',0,NULL,NULL,NULL,1,0,0,0,0,0,0,1),(364,1,28,4,NULL,NULL,NULL,0,'Gnat',1,NULL,NULL,NULL,1,0,0,0,0,0,0,1),(365,1,28,4,NULL,NULL,NULL,0,'Gnat',0,NULL,NULL,NULL,1,0,0,0,0,0,0,1),(366,1,28,4,NULL,NULL,NULL,0,'Gnat',1,NULL,NULL,NULL,1,0,0,0,0,0,0,1),(367,1,29,4,NULL,NULL,NULL,0,'Gnat',0,NULL,NULL,NULL,1,0,0,0,0,0,0,1),(368,1,29,4,NULL,NULL,NULL,0,'Gnat',0,NULL,NULL,NULL,1,0,0,0,0,0,0,1),(369,1,29,4,NULL,NULL,NULL,0,'Gnat',1,NULL,NULL,NULL,1,0,0,0,0,0,0,1),(370,1,30,4,NULL,NULL,NULL,0,'Gnat',0,NULL,NULL,NULL,1,0,0,0,0,0,0,1),(371,1,30,4,NULL,NULL,NULL,0,'Gnat',0,NULL,NULL,NULL,1,0,0,0,0,0,0,1),(372,1,30,4,NULL,NULL,NULL,0,'Gnat',1,NULL,NULL,NULL,1,0,0,0,0,0,0,1),(373,1,30,4,NULL,NULL,NULL,0,'Gnat',0,NULL,NULL,NULL,1,0,0,0,0,0,0,1),(374,1,30,4,NULL,NULL,NULL,0,'Gnat',1,NULL,NULL,NULL,1,0,0,0,0,0,0,1),(375,1,30,4,NULL,NULL,NULL,0,'Gnat',1,NULL,NULL,NULL,1,0,0,0,0,0,0,1),(376,1,31,4,NULL,NULL,NULL,0,'Gnat',0,NULL,NULL,NULL,1,0,0,0,0,0,0,1),(377,1,31,4,NULL,NULL,NULL,0,'Gnat',0,NULL,NULL,NULL,1,0,0,0,0,0,0,1),(378,1,31,4,NULL,NULL,NULL,0,'Gnat',1,NULL,NULL,NULL,1,0,0,0,0,0,0,1),(379,1,31,4,NULL,NULL,NULL,0,'Gnat',0,NULL,NULL,NULL,1,0,0,0,0,0,0,1),(380,1,31,4,NULL,NULL,NULL,0,'Gnat',1,NULL,NULL,NULL,1,0,0,0,0,0,0,1),(381,1,3,1,NULL,NULL,NULL,0,'Thor',1,0,180,NULL,1,0,0,0,0,0,0,1),(382,1,3,1,NULL,NULL,NULL,0,'Thor',1,0,180,NULL,1,0,0,0,0,0,0,1),(383,1,3,1,NULL,NULL,NULL,0,'Dirac',1,0,180,NULL,1,0,0,0,0,0,0,1),(384,1,3,1,NULL,NULL,NULL,0,'Dirac',0,0,180,NULL,1,0,0,0,0,0,0,1),(385,1,3,1,NULL,NULL,NULL,0,'Dirac',0,0,180,NULL,1,0,0,0,0,0,0,1),(386,1,3,1,NULL,NULL,NULL,0,'Thor',0,2,150,NULL,1,0,0,0,0,0,0,1),(387,1,3,1,NULL,NULL,NULL,0,'Thor',1,2,150,NULL,1,0,0,0,0,0,0,1),(388,1,3,1,NULL,NULL,NULL,0,'Thor',0,2,150,NULL,1,0,0,0,0,0,0,1),(389,1,3,1,NULL,NULL,NULL,0,'Thor',0,2,150,NULL,1,0,0,0,0,0,0,1),(390,1,3,1,NULL,NULL,NULL,0,'Thor',1,2,150,NULL,1,0,0,0,0,0,0,1),(391,1,3,1,NULL,NULL,NULL,0,'Thor',1,2,150,NULL,1,0,0,0,0,0,0,1),(392,1,3,1,NULL,NULL,NULL,0,'Dirac',1,2,150,NULL,1,0,0,0,0,0,0,1),(393,1,3,1,NULL,NULL,NULL,0,'Dirac',1,2,150,NULL,1,0,0,0,0,0,0,1),(394,1,3,1,NULL,NULL,NULL,0,'Dirac',0,2,150,NULL,1,0,0,0,0,0,0,1),(395,1,3,1,NULL,NULL,NULL,0,'Dirac',1,2,150,NULL,1,0,0,0,0,0,0,1),(396,1,3,1,NULL,NULL,NULL,0,'Dirac',1,2,150,NULL,1,0,0,0,0,0,0,1),(397,1,3,1,NULL,NULL,NULL,0,'Dirac',1,2,150,NULL,1,0,0,0,0,0,0,1),(398,1,3,1,NULL,NULL,NULL,0,'Dirac',1,2,150,NULL,1,0,0,0,0,0,0,1),(399,1,3,1,NULL,NULL,NULL,0,'Dirac',0,2,150,NULL,1,0,0,0,0,0,0,1),(400,1,3,1,NULL,NULL,NULL,0,'Demosis',0,1,0,NULL,1,0,0,0,0,0,0,1),(401,1,3,1,NULL,NULL,NULL,0,'Demosis',0,1,0,NULL,1,0,0,0,0,0,0,1),(402,1,3,1,NULL,NULL,NULL,0,'Thor',0,1,0,NULL,1,0,0,0,0,0,0,1),(403,1,3,1,NULL,NULL,NULL,0,'Thor',0,1,0,NULL,1,0,0,0,0,0,0,1),(404,1,3,1,NULL,NULL,NULL,0,'Thor',1,1,0,NULL,1,0,0,0,0,0,0,1),(405,1,3,1,NULL,NULL,NULL,0,'Dirac',0,1,0,NULL,1,0,0,0,0,0,0,1),(406,1,3,1,NULL,NULL,NULL,0,'Dirac',0,1,0,NULL,1,0,0,0,0,0,0,1),(407,1,3,1,NULL,NULL,NULL,0,'Dirac',1,1,0,NULL,1,0,0,0,0,0,0,1),(408,1,3,1,NULL,NULL,NULL,0,'Dirac',0,1,0,NULL,1,0,0,0,0,0,0,1),(409,1,3,1,NULL,NULL,NULL,0,'Dirac',0,1,0,NULL,1,0,0,0,0,0,0,1),(410,1,3,1,NULL,NULL,NULL,0,'Dirac',0,1,0,NULL,1,0,0,0,0,0,0,1),(411,1,3,1,NULL,NULL,NULL,0,'Dirac',1,1,0,NULL,1,0,0,0,0,0,0,1),(412,1,3,1,NULL,NULL,NULL,0,'Dirac',1,1,0,NULL,1,0,0,0,0,0,0,1),(413,1,3,1,NULL,NULL,NULL,0,'Demosis',0,2,60,NULL,1,0,0,0,0,0,0,1),(414,1,3,1,NULL,NULL,NULL,0,'Demosis',0,2,60,NULL,1,0,0,0,0,0,0,1),(415,1,3,1,NULL,NULL,NULL,0,'Thor',0,2,60,NULL,1,0,0,0,0,0,0,1),(416,1,3,1,NULL,NULL,NULL,0,'Thor',1,2,60,NULL,1,0,0,0,0,0,0,1),(417,1,3,1,NULL,NULL,NULL,0,'Thor',1,2,60,NULL,1,0,0,0,0,0,0,1),(418,1,3,1,NULL,NULL,NULL,0,'Thor',1,2,60,NULL,1,0,0,0,0,0,0,1),(419,1,3,1,NULL,NULL,NULL,0,'Dirac',1,2,60,NULL,1,0,0,0,0,0,0,1),(420,1,3,1,NULL,NULL,NULL,0,'Dirac',1,2,60,NULL,1,0,0,0,0,0,0,1),(421,1,3,1,NULL,NULL,NULL,0,'Dirac',0,2,60,NULL,1,0,0,0,0,0,0,1),(422,1,3,1,NULL,NULL,NULL,0,'Dirac',0,2,60,NULL,1,0,0,0,0,0,0,1),(423,1,3,1,NULL,NULL,NULL,0,'Dirac',1,2,60,NULL,1,0,0,0,0,0,0,1),(424,1,3,1,NULL,NULL,NULL,0,'Demosis',0,3,180,NULL,1,0,0,0,0,0,0,1),(425,1,3,1,NULL,NULL,NULL,0,'Thor',0,3,180,NULL,1,0,0,0,0,0,0,1),(426,1,3,1,NULL,NULL,NULL,0,'Thor',0,3,180,NULL,1,0,0,0,0,0,0,1),(427,1,3,1,NULL,NULL,NULL,0,'Thor',1,3,180,NULL,1,0,0,0,0,0,0,1),(428,1,3,1,NULL,NULL,NULL,0,'Thor',0,3,180,NULL,1,0,0,0,0,0,0,1),(429,1,3,1,NULL,NULL,NULL,0,'Thor',0,3,180,NULL,1,0,0,0,0,0,0,1),(430,1,3,1,NULL,NULL,NULL,0,'Dirac',1,3,180,NULL,1,0,0,0,0,0,0,1),(431,1,3,1,NULL,NULL,NULL,0,'Dirac',0,3,180,NULL,1,0,0,0,0,0,0,1),(432,1,3,1,NULL,NULL,NULL,0,'Dirac',0,3,180,NULL,1,0,0,0,0,0,0,1),(433,1,3,1,NULL,NULL,NULL,0,'Dirac',1,3,180,NULL,1,0,0,0,0,0,0,1),(434,1,3,1,NULL,NULL,NULL,0,'Dirac',1,3,180,NULL,1,0,0,0,0,0,0,1),(435,1,3,1,NULL,NULL,NULL,0,'Thor',0,1,315,NULL,1,0,0,0,0,0,0,1),(436,1,3,1,NULL,NULL,NULL,0,'Thor',0,1,315,NULL,1,0,0,0,0,0,0,1),(437,1,3,1,NULL,NULL,NULL,0,'Thor',1,1,315,NULL,1,0,0,0,0,0,0,1),(438,1,3,1,NULL,NULL,NULL,0,'Thor',0,1,315,NULL,1,0,0,0,0,0,0,1),(439,1,3,1,NULL,NULL,NULL,0,'Dirac',0,1,315,NULL,1,0,0,0,0,0,0,1),(440,1,3,1,NULL,NULL,NULL,0,'Dirac',0,1,315,NULL,1,0,0,0,0,0,0,1),(441,1,3,1,NULL,NULL,NULL,0,'Dirac',0,1,315,NULL,1,0,0,0,0,0,0,1),(442,1,3,1,NULL,NULL,NULL,0,'Dirac',1,1,315,NULL,1,0,0,0,0,0,0,1),(443,1,3,1,NULL,NULL,NULL,0,'Dirac',1,1,315,NULL,1,0,0,0,0,0,0,1),(444,1,3,1,NULL,NULL,NULL,0,'Dirac',0,1,315,NULL,1,0,0,0,0,0,0,1),(445,1,3,1,NULL,NULL,NULL,0,'Thor',0,2,270,NULL,1,0,0,0,0,0,0,1),(446,1,3,1,NULL,NULL,NULL,0,'Thor',0,2,270,NULL,1,0,0,0,0,0,0,1),(447,1,3,1,NULL,NULL,NULL,0,'Dirac',1,2,270,NULL,1,0,0,0,0,0,0,1),(448,1,3,1,NULL,NULL,NULL,0,'Dirac',1,2,270,NULL,1,0,0,0,0,0,0,1),(449,1,3,1,NULL,NULL,NULL,0,'Thor',1,2,330,NULL,1,0,0,0,0,0,0,1),(450,1,3,1,NULL,NULL,NULL,0,'Dirac',0,2,330,NULL,1,0,0,0,0,0,0,1),(451,1,3,1,NULL,NULL,NULL,0,'Dirac',0,2,330,NULL,1,0,0,0,0,0,0,1),(452,1,3,1,NULL,NULL,NULL,0,'Dirac',1,2,330,NULL,1,0,0,0,0,0,0,1),(453,1,3,1,NULL,NULL,NULL,0,'Dirac',1,2,330,NULL,1,0,0,0,0,0,0,1),(454,1,20,2,NULL,NULL,NULL,0,'Gnawer',0,NULL,NULL,NULL,1,0,0,0,0,0,0,1),(455,1,20,2,NULL,NULL,NULL,0,'Gnawer',0,NULL,NULL,NULL,1,0,0,0,0,0,0,1),(456,1,20,2,NULL,NULL,NULL,0,'Spudder',1,NULL,NULL,NULL,1,0,0,0,0,0,0,1),(457,1,20,2,NULL,NULL,NULL,0,'Spudder',1,NULL,NULL,NULL,1,0,0,0,0,0,0,1),(458,1,20,2,NULL,NULL,NULL,0,'Spudder',0,NULL,NULL,NULL,1,0,0,0,0,0,0,1),(459,1,20,2,NULL,NULL,NULL,0,'Glancer',1,NULL,NULL,NULL,1,0,0,0,0,0,0,1),(460,1,20,2,NULL,NULL,NULL,0,'Glancer',1,NULL,NULL,NULL,1,0,0,0,0,0,0,1),(461,1,20,2,NULL,NULL,NULL,0,'Glancer',1,NULL,NULL,NULL,1,0,0,0,0,0,0,1),(462,1,20,2,NULL,NULL,NULL,0,'Glancer',1,NULL,NULL,NULL,1,0,0,0,0,0,0,1),(463,1,20,2,NULL,NULL,NULL,0,'Gnat',1,NULL,NULL,NULL,1,0,0,0,0,0,0,1),(464,1,20,2,NULL,NULL,NULL,0,'Gnat',1,NULL,NULL,NULL,1,0,0,0,0,0,0,1),(465,1,20,2,NULL,NULL,NULL,0,'Gnat',0,NULL,NULL,NULL,1,0,0,0,0,0,0,1),(466,1,20,2,NULL,NULL,NULL,0,'Gnat',0,NULL,NULL,NULL,1,0,0,0,0,0,0,1),(467,1,20,2,NULL,NULL,NULL,0,'Gnat',1,NULL,NULL,NULL,1,0,0,0,0,0,0,1),(468,1,3,1,NULL,NULL,NULL,0,'Demosis',0,2,120,NULL,1,0,0,0,0,0,0,1),(469,1,3,1,NULL,NULL,NULL,0,'Thor',0,2,120,NULL,1,0,0,0,0,0,0,1),(470,1,3,1,NULL,NULL,NULL,0,'Thor',0,2,120,NULL,1,0,0,0,0,0,0,1),(471,1,3,1,NULL,NULL,NULL,0,'Thor',0,2,120,NULL,1,0,0,0,0,0,0,1),(472,1,3,1,NULL,NULL,NULL,0,'Dirac',0,2,120,NULL,1,0,0,0,0,0,0,1),(473,1,3,1,NULL,NULL,NULL,0,'Dirac',1,2,120,NULL,1,0,0,0,0,0,0,1),(474,1,3,1,NULL,NULL,NULL,0,'Dirac',1,2,120,NULL,1,0,0,0,0,0,0,1),(475,1,3,1,NULL,NULL,NULL,0,'Dirac',1,2,120,NULL,1,0,0,0,0,0,0,1),(476,1,3,1,NULL,NULL,NULL,0,'Dirac',1,2,120,NULL,1,0,0,0,0,0,0,1),(477,1,3,1,NULL,NULL,NULL,0,'Dirac',1,2,120,NULL,1,0,0,0,0,0,0,1),(478,1,3,1,NULL,NULL,NULL,0,'Dirac',1,2,120,NULL,1,0,0,0,0,0,0,1),(479,1,32,4,NULL,NULL,NULL,0,'Glancer',1,NULL,NULL,NULL,1,0,0,0,0,0,0,1),(480,1,32,4,NULL,NULL,NULL,0,'Gnat',0,NULL,NULL,NULL,1,0,0,0,0,0,0,1),(481,1,32,4,NULL,NULL,NULL,0,'Gnat',0,NULL,NULL,NULL,1,0,0,0,0,0,0,1),(482,1,32,4,NULL,NULL,NULL,0,'Gnat',1,NULL,NULL,NULL,1,0,0,0,0,0,0,1),(483,1,32,4,NULL,NULL,NULL,0,'Gnat',0,NULL,NULL,NULL,1,0,0,0,0,0,0,1),(484,1,32,4,NULL,NULL,NULL,0,'Gnat',0,NULL,NULL,NULL,1,0,0,0,0,0,0,1),(485,1,32,4,NULL,NULL,NULL,0,'Gnat',1,NULL,NULL,NULL,1,0,0,0,0,0,0,1),(486,1,33,4,NULL,NULL,NULL,0,'Gnawer',0,NULL,NULL,NULL,1,0,0,0,0,0,0,1),(487,1,33,4,NULL,NULL,NULL,0,'Spudder',0,NULL,NULL,NULL,1,0,0,0,0,0,0,1),(488,1,33,4,NULL,NULL,NULL,0,'Spudder',1,NULL,NULL,NULL,1,0,0,0,0,0,0,1),(489,1,33,4,NULL,NULL,NULL,0,'Spudder',0,NULL,NULL,NULL,1,0,0,0,0,0,0,1),(490,1,33,4,NULL,NULL,NULL,0,'Glancer',1,NULL,NULL,NULL,1,0,0,0,0,0,0,1),(491,1,33,4,NULL,NULL,NULL,0,'Gnat',0,NULL,NULL,NULL,1,0,0,0,0,0,0,1),(492,1,33,4,NULL,NULL,NULL,0,'Glancer',1,NULL,NULL,NULL,1,0,0,0,0,0,0,1),(493,1,33,4,NULL,NULL,NULL,0,'Glancer',1,NULL,NULL,NULL,1,0,0,0,0,0,0,1),(494,1,33,4,NULL,NULL,NULL,0,'Glancer',1,NULL,NULL,NULL,1,0,0,0,0,0,0,1),(495,1,33,4,NULL,NULL,NULL,0,'Gnat',0,NULL,NULL,NULL,1,0,0,0,0,0,0,1),(496,1,33,4,NULL,NULL,NULL,0,'Gnat',0,NULL,NULL,NULL,1,0,0,0,0,0,0,1),(497,1,33,4,NULL,NULL,NULL,0,'Gnat',1,NULL,NULL,NULL,1,0,0,0,0,0,0,1),(498,1,33,4,NULL,NULL,NULL,0,'Gnat',0,NULL,NULL,NULL,1,0,0,0,0,0,0,1),(499,1,33,4,NULL,NULL,NULL,0,'Gnat',1,NULL,NULL,NULL,1,0,0,0,0,0,0,1),(500,1,33,4,NULL,NULL,NULL,0,'Gnat',1,NULL,NULL,NULL,1,0,0,0,0,0,0,1),(501,1,34,4,NULL,NULL,NULL,0,'Gnawer',0,NULL,NULL,NULL,1,0,0,0,0,0,0,1),(502,1,34,4,NULL,NULL,NULL,0,'Spudder',0,NULL,NULL,NULL,1,0,0,0,0,0,0,1),(503,1,34,4,NULL,NULL,NULL,0,'Gnawer',0,NULL,NULL,NULL,1,0,0,0,0,0,0,1),(504,1,34,4,NULL,NULL,NULL,0,'Spudder',0,NULL,NULL,NULL,1,0,0,0,0,0,0,1),(505,1,34,4,NULL,NULL,NULL,0,'Spudder',0,NULL,NULL,NULL,1,0,0,0,0,0,0,1),(506,1,34,4,NULL,NULL,NULL,0,'Glancer',1,NULL,NULL,NULL,1,0,0,0,0,0,0,1),(507,1,34,4,NULL,NULL,NULL,0,'Gnat',0,NULL,NULL,NULL,1,0,0,0,0,0,0,1),(508,1,34,4,NULL,NULL,NULL,0,'Gnat',0,NULL,NULL,NULL,1,0,0,0,0,0,0,1),(509,1,34,4,NULL,NULL,NULL,0,'Gnat',0,NULL,NULL,NULL,1,0,0,0,0,0,0,1),(510,1,34,4,NULL,NULL,NULL,0,'Glancer',1,NULL,NULL,NULL,1,0,0,0,0,0,0,1),(511,1,34,4,NULL,NULL,NULL,0,'Glancer',1,NULL,NULL,NULL,1,0,0,0,0,0,0,1),(512,1,34,4,NULL,NULL,NULL,0,'Glancer',1,NULL,NULL,NULL,1,0,0,0,0,0,0,1),(513,1,34,4,NULL,NULL,NULL,0,'Glancer',1,NULL,NULL,NULL,1,0,0,0,0,0,0,1),(514,1,34,4,NULL,NULL,NULL,0,'Gnat',0,NULL,NULL,NULL,1,0,0,0,0,0,0,1),(515,1,34,4,NULL,NULL,NULL,0,'Gnat',0,NULL,NULL,NULL,1,0,0,0,0,0,0,1),(516,1,34,4,NULL,NULL,NULL,0,'Gnat',1,NULL,NULL,NULL,1,0,0,0,0,0,0,1),(517,1,34,4,NULL,NULL,NULL,0,'Gnat',0,NULL,NULL,NULL,1,0,0,0,0,0,0,1),(518,1,34,4,NULL,NULL,NULL,0,'Gnat',1,NULL,NULL,NULL,1,0,0,0,0,0,0,1),(519,1,35,4,NULL,NULL,NULL,0,'Gnawer',0,NULL,NULL,NULL,1,0,0,0,0,0,0,1),(520,1,35,4,NULL,NULL,NULL,0,'Spudder',0,NULL,NULL,NULL,1,0,0,0,0,0,0,1),(521,1,35,4,NULL,NULL,NULL,0,'Spudder',1,NULL,NULL,NULL,1,0,0,0,0,0,0,1),(522,1,35,4,NULL,NULL,NULL,0,'Spudder',0,NULL,NULL,NULL,1,0,0,0,0,0,0,1),(523,1,35,4,NULL,NULL,NULL,0,'Glancer',1,NULL,NULL,NULL,1,0,0,0,0,0,0,1),(524,1,35,4,NULL,NULL,NULL,0,'Gnat',0,NULL,NULL,NULL,1,0,0,0,0,0,0,1),(525,1,35,4,NULL,NULL,NULL,0,'Gnat',1,NULL,NULL,NULL,1,0,0,0,0,0,0,1),(526,1,35,4,NULL,NULL,NULL,0,'Gnat',0,NULL,NULL,NULL,1,0,0,0,0,0,0,1),(527,1,35,4,NULL,NULL,NULL,0,'Glancer',1,NULL,NULL,NULL,1,0,0,0,0,0,0,1),(528,1,35,4,NULL,NULL,NULL,0,'Glancer',1,NULL,NULL,NULL,1,0,0,0,0,0,0,1),(529,1,35,4,NULL,NULL,NULL,0,'Glancer',1,NULL,NULL,NULL,1,0,0,0,0,0,0,1),(530,1,35,4,NULL,NULL,NULL,0,'Gnat',0,NULL,NULL,NULL,1,0,0,0,0,0,0,1),(531,1,35,4,NULL,NULL,NULL,0,'Gnat',0,NULL,NULL,NULL,1,0,0,0,0,0,0,1),(532,1,35,4,NULL,NULL,NULL,0,'Gnat',1,NULL,NULL,NULL,1,0,0,0,0,0,0,1),(533,1,36,4,NULL,NULL,NULL,0,'Spudder',1,NULL,NULL,NULL,1,0,0,0,0,0,0,1),(534,1,36,4,NULL,NULL,NULL,0,'Spudder',0,NULL,NULL,NULL,1,0,0,0,0,0,0,1),(535,1,36,4,NULL,NULL,NULL,0,'Glancer',1,NULL,NULL,NULL,1,0,0,0,0,0,0,1),(536,1,36,4,NULL,NULL,NULL,0,'Gnat',1,NULL,NULL,NULL,1,0,0,0,0,0,0,1),(537,1,36,4,NULL,NULL,NULL,0,'Gnat',0,NULL,NULL,NULL,1,0,0,0,0,0,0,1),(538,1,36,4,NULL,NULL,NULL,0,'Glancer',1,NULL,NULL,NULL,1,0,0,0,0,0,0,1),(539,1,36,4,NULL,NULL,NULL,0,'Glancer',1,NULL,NULL,NULL,1,0,0,0,0,0,0,1),(540,1,36,4,NULL,NULL,NULL,0,'Gnat',0,NULL,NULL,NULL,1,0,0,0,0,0,0,1),(541,1,36,4,NULL,NULL,NULL,0,'Gnat',0,NULL,NULL,NULL,1,0,0,0,0,0,0,1),(542,1,36,4,NULL,NULL,NULL,0,'Gnat',1,NULL,NULL,NULL,1,0,0,0,0,0,0,1),(543,1,36,4,NULL,NULL,NULL,0,'Gnat',0,NULL,NULL,NULL,1,0,0,0,0,0,0,1),(544,1,37,4,NULL,NULL,NULL,0,'Gnawer',0,NULL,NULL,NULL,1,0,0,0,0,0,0,1),(545,1,37,4,NULL,NULL,NULL,0,'Gnawer',0,NULL,NULL,NULL,1,0,0,0,0,0,0,1),(546,1,37,4,NULL,NULL,NULL,0,'Spudder',0,NULL,NULL,NULL,1,0,0,0,0,0,0,1),(547,1,37,4,NULL,NULL,NULL,0,'Spudder',1,NULL,NULL,NULL,1,0,0,0,0,0,0,1),(548,1,37,4,NULL,NULL,NULL,0,'Spudder',0,NULL,NULL,NULL,1,0,0,0,0,0,0,1),(549,1,37,4,NULL,NULL,NULL,0,'Gnat',0,NULL,NULL,NULL,1,0,0,0,0,0,0,1),(550,1,37,4,NULL,NULL,NULL,0,'Gnat',0,NULL,NULL,NULL,1,0,0,0,0,0,0,1),(551,1,37,4,NULL,NULL,NULL,0,'Glancer',1,NULL,NULL,NULL,1,0,0,0,0,0,0,1),(552,1,37,4,NULL,NULL,NULL,0,'Glancer',1,NULL,NULL,NULL,1,0,0,0,0,0,0,1),(553,1,37,4,NULL,NULL,NULL,0,'Glancer',1,NULL,NULL,NULL,1,0,0,0,0,0,0,1),(554,1,37,4,NULL,NULL,NULL,0,'Glancer',1,NULL,NULL,NULL,1,0,0,0,0,0,0,1),(555,1,37,4,NULL,NULL,NULL,0,'Gnat',0,NULL,NULL,NULL,1,0,0,0,0,0,0,1),(556,1,37,4,NULL,NULL,NULL,0,'Gnat',0,NULL,NULL,NULL,1,0,0,0,0,0,0,1),(557,1,37,4,NULL,NULL,NULL,0,'Gnat',1,NULL,NULL,NULL,1,0,0,0,0,0,0,1),(558,1,37,4,NULL,NULL,NULL,0,'Gnat',1,NULL,NULL,NULL,1,0,0,0,0,0,0,1),(559,1,38,4,NULL,NULL,NULL,0,'Gnawer',0,NULL,NULL,NULL,1,0,0,0,0,0,0,1),(560,1,38,4,NULL,NULL,NULL,0,'Gnawer',0,NULL,NULL,NULL,1,0,0,0,0,0,0,1),(561,1,38,4,NULL,NULL,NULL,0,'Gnawer',0,NULL,NULL,NULL,1,0,0,0,0,0,0,1),(562,1,38,4,NULL,NULL,NULL,0,'Spudder',0,NULL,NULL,NULL,1,0,0,0,0,0,0,1),(563,1,38,4,NULL,NULL,NULL,0,'Spudder',1,NULL,NULL,NULL,1,0,0,0,0,0,0,1),(564,1,38,4,NULL,NULL,NULL,0,'Spudder',0,NULL,NULL,NULL,1,0,0,0,0,0,0,1),(565,1,38,4,NULL,NULL,NULL,0,'Glancer',1,NULL,NULL,NULL,1,0,0,0,0,0,0,1),(566,1,38,4,NULL,NULL,NULL,0,'Gnat',0,NULL,NULL,NULL,1,0,0,0,0,0,0,1),(567,1,38,4,NULL,NULL,NULL,0,'Glancer',1,NULL,NULL,NULL,1,0,0,0,0,0,0,1),(568,1,38,4,NULL,NULL,NULL,0,'Glancer',1,NULL,NULL,NULL,1,0,0,0,0,0,0,1),(569,1,38,4,NULL,NULL,NULL,0,'Glancer',1,NULL,NULL,NULL,1,0,0,0,0,0,0,1),(570,1,38,4,NULL,NULL,NULL,0,'Gnat',0,NULL,NULL,NULL,1,0,0,0,0,0,0,1),(571,1,38,4,NULL,NULL,NULL,0,'Gnat',0,NULL,NULL,NULL,1,0,0,0,0,0,0,1),(572,1,38,4,NULL,NULL,NULL,0,'Gnat',1,NULL,NULL,NULL,1,0,0,0,0,0,0,1),(573,1,38,4,NULL,NULL,NULL,0,'Gnat',0,NULL,NULL,NULL,1,0,0,0,0,0,0,1),(574,1,39,4,NULL,NULL,NULL,0,'Gnawer',0,NULL,NULL,NULL,1,0,0,0,0,0,0,1),(575,1,39,4,NULL,NULL,NULL,0,'Gnawer',0,NULL,NULL,NULL,1,0,0,0,0,0,0,1),(576,1,39,4,NULL,NULL,NULL,0,'Gnawer',0,NULL,NULL,NULL,1,0,0,0,0,0,0,1),(577,1,39,4,NULL,NULL,NULL,0,'Spudder',0,NULL,NULL,NULL,1,0,0,0,0,0,0,1),(578,1,39,4,NULL,NULL,NULL,0,'Spudder',0,NULL,NULL,NULL,1,0,0,0,0,0,0,1),(579,1,39,4,NULL,NULL,NULL,0,'Spudder',1,NULL,NULL,NULL,1,0,0,0,0,0,0,1),(580,1,39,4,NULL,NULL,NULL,0,'Spudder',0,NULL,NULL,NULL,1,0,0,0,0,0,0,1),(581,1,39,4,NULL,NULL,NULL,0,'Glancer',1,NULL,NULL,NULL,1,0,0,0,0,0,0,1),(582,1,39,4,NULL,NULL,NULL,0,'Gnat',0,NULL,NULL,NULL,1,0,0,0,0,0,0,1),(583,1,39,4,NULL,NULL,NULL,0,'Gnat',1,NULL,NULL,NULL,1,0,0,0,0,0,0,1),(584,1,39,4,NULL,NULL,NULL,0,'Gnat',0,NULL,NULL,NULL,1,0,0,0,0,0,0,1),(585,1,39,4,NULL,NULL,NULL,0,'Glancer',1,NULL,NULL,NULL,1,0,0,0,0,0,0,1),(586,1,39,4,NULL,NULL,NULL,0,'Glancer',1,NULL,NULL,NULL,1,0,0,0,0,0,0,1),(587,1,39,4,NULL,NULL,NULL,0,'Glancer',1,NULL,NULL,NULL,1,0,0,0,0,0,0,1),(588,1,39,4,NULL,NULL,NULL,0,'Gnat',0,NULL,NULL,NULL,1,0,0,0,0,0,0,1),(589,1,39,4,NULL,NULL,NULL,0,'Gnat',0,NULL,NULL,NULL,1,0,0,0,0,0,0,1),(590,1,39,4,NULL,NULL,NULL,0,'Gnat',1,NULL,NULL,NULL,1,0,0,0,0,0,0,1),(591,1,39,4,NULL,NULL,NULL,0,'Gnat',0,NULL,NULL,NULL,1,0,0,0,0,0,0,1),(592,1,39,4,NULL,NULL,NULL,0,'Gnat',1,NULL,NULL,NULL,1,0,0,0,0,0,0,1),(593,1,39,4,NULL,NULL,NULL,0,'Gnat',1,NULL,NULL,NULL,1,0,0,0,0,0,0,1),(594,1,40,4,NULL,NULL,NULL,0,'Gnawer',0,NULL,NULL,NULL,1,0,0,0,0,0,0,1),(595,1,40,4,NULL,NULL,NULL,0,'Spudder',0,NULL,NULL,NULL,1,0,0,0,0,0,0,1),(596,1,40,4,NULL,NULL,NULL,0,'Spudder',0,NULL,NULL,NULL,1,0,0,0,0,0,0,1),(597,1,40,4,NULL,NULL,NULL,0,'Spudder',0,NULL,NULL,NULL,1,0,0,0,0,0,0,1),(598,1,40,4,NULL,NULL,NULL,0,'Glancer',1,NULL,NULL,NULL,1,0,0,0,0,0,0,1),(599,1,40,4,NULL,NULL,NULL,0,'Gnat',0,NULL,NULL,NULL,1,0,0,0,0,0,0,1),(600,1,40,4,NULL,NULL,NULL,0,'Glancer',1,NULL,NULL,NULL,1,0,0,0,0,0,0,1),(601,1,40,4,NULL,NULL,NULL,0,'Glancer',1,NULL,NULL,NULL,1,0,0,0,0,0,0,1),(602,1,40,4,NULL,NULL,NULL,0,'Gnat',0,NULL,NULL,NULL,1,0,0,0,0,0,0,1),(603,1,40,4,NULL,NULL,NULL,0,'Gnat',0,NULL,NULL,NULL,1,0,0,0,0,0,0,1),(604,1,40,4,NULL,NULL,NULL,0,'Gnat',1,NULL,NULL,NULL,1,0,0,0,0,0,0,1),(605,1,40,4,NULL,NULL,NULL,0,'Gnat',0,NULL,NULL,NULL,1,0,0,0,0,0,0,1),(606,1,40,4,NULL,NULL,NULL,0,'Gnat',1,NULL,NULL,NULL,1,0,0,0,0,0,0,1),(607,1,41,4,NULL,NULL,NULL,0,'Gnawer',0,NULL,NULL,NULL,1,0,0,0,0,0,0,1),(608,1,41,4,NULL,NULL,NULL,0,'Spudder',0,NULL,NULL,NULL,1,0,0,0,0,0,0,1),(609,1,41,4,NULL,NULL,NULL,0,'Spudder',1,NULL,NULL,NULL,1,0,0,0,0,0,0,1),(610,1,41,4,NULL,NULL,NULL,0,'Spudder',0,NULL,NULL,NULL,1,0,0,0,0,0,0,1),(611,1,41,4,NULL,NULL,NULL,0,'Glancer',1,NULL,NULL,NULL,1,0,0,0,0,0,0,1),(612,1,41,4,NULL,NULL,NULL,0,'Gnat',0,NULL,NULL,NULL,1,0,0,0,0,0,0,1),(613,1,41,4,NULL,NULL,NULL,0,'Gnat',0,NULL,NULL,NULL,1,0,0,0,0,0,0,1),(614,1,41,4,NULL,NULL,NULL,0,'Gnat',0,NULL,NULL,NULL,1,0,0,0,0,0,0,1),(615,1,41,4,NULL,NULL,NULL,0,'Glancer',1,NULL,NULL,NULL,1,0,0,0,0,0,0,1),(616,1,41,4,NULL,NULL,NULL,0,'Glancer',1,NULL,NULL,NULL,1,0,0,0,0,0,0,1),(617,1,41,4,NULL,NULL,NULL,0,'Glancer',1,NULL,NULL,NULL,1,0,0,0,0,0,0,1),(618,1,41,4,NULL,NULL,NULL,0,'Gnat',0,NULL,NULL,NULL,1,0,0,0,0,0,0,1),(619,1,41,4,NULL,NULL,NULL,0,'Gnat',0,NULL,NULL,NULL,1,0,0,0,0,0,0,1),(620,1,41,4,NULL,NULL,NULL,0,'Gnat',1,NULL,NULL,NULL,1,0,0,0,0,0,0,1),(621,1,41,4,NULL,NULL,NULL,0,'Gnat',1,NULL,NULL,NULL,1,0,0,0,0,0,0,1),(622,1,42,4,NULL,NULL,NULL,0,'Glancer',1,NULL,NULL,NULL,1,0,0,0,0,0,0,1),(623,1,42,4,NULL,NULL,NULL,0,'Gnat',0,NULL,NULL,NULL,1,0,0,0,0,0,0,1),(624,1,42,4,NULL,NULL,NULL,0,'Glancer',1,NULL,NULL,NULL,1,0,0,0,0,0,0,1),(625,1,42,4,NULL,NULL,NULL,0,'Glancer',1,NULL,NULL,NULL,1,0,0,0,0,0,0,1),(626,1,42,4,NULL,NULL,NULL,0,'Glancer',1,NULL,NULL,NULL,1,0,0,0,0,0,0,1),(627,1,42,4,NULL,NULL,NULL,0,'Glancer',1,NULL,NULL,NULL,1,0,0,0,0,0,0,1),(628,1,42,4,NULL,NULL,NULL,0,'Gnat',0,NULL,NULL,NULL,1,0,0,0,0,0,0,1),(629,1,42,4,NULL,NULL,NULL,0,'Gnat',0,NULL,NULL,NULL,1,0,0,0,0,0,0,1),(630,1,42,4,NULL,NULL,NULL,0,'Gnat',1,NULL,NULL,NULL,1,0,0,0,0,0,0,1),(631,1,42,4,NULL,NULL,NULL,0,'Gnat',0,NULL,NULL,NULL,1,0,0,0,0,0,0,1),(632,1,42,4,NULL,NULL,NULL,0,'Gnat',1,NULL,NULL,NULL,1,0,0,0,0,0,0,1),(633,1,42,4,NULL,NULL,NULL,0,'Gnat',1,NULL,NULL,NULL,1,0,0,0,0,0,0,1),(634,1,43,4,NULL,NULL,NULL,0,'Gnawer',0,NULL,NULL,NULL,1,0,0,0,0,0,0,1),(635,1,43,4,NULL,NULL,NULL,0,'Gnawer',0,NULL,NULL,NULL,1,0,0,0,0,0,0,1),(636,1,43,4,NULL,NULL,NULL,0,'Spudder',0,NULL,NULL,NULL,1,0,0,0,0,0,0,1),(637,1,43,4,NULL,NULL,NULL,0,'Spudder',0,NULL,NULL,NULL,1,0,0,0,0,0,0,1),(638,1,43,4,NULL,NULL,NULL,0,'Glancer',1,NULL,NULL,NULL,1,0,0,0,0,0,0,1),(639,1,43,4,NULL,NULL,NULL,0,'Gnat',1,NULL,NULL,NULL,1,0,0,0,0,0,0,1),(640,1,43,4,NULL,NULL,NULL,0,'Gnat',0,NULL,NULL,NULL,1,0,0,0,0,0,0,1),(641,1,43,4,NULL,NULL,NULL,0,'Gnat',0,NULL,NULL,NULL,1,0,0,0,0,0,0,1),(642,1,43,4,NULL,NULL,NULL,0,'Glancer',1,NULL,NULL,NULL,1,0,0,0,0,0,0,1),(643,1,43,4,NULL,NULL,NULL,0,'Glancer',1,NULL,NULL,NULL,1,0,0,0,0,0,0,1),(644,1,43,4,NULL,NULL,NULL,0,'Glancer',1,NULL,NULL,NULL,1,0,0,0,0,0,0,1),(645,1,43,4,NULL,NULL,NULL,0,'Gnat',0,NULL,NULL,NULL,1,0,0,0,0,0,0,1),(646,1,43,4,NULL,NULL,NULL,0,'Gnat',0,NULL,NULL,NULL,1,0,0,0,0,0,0,1),(647,1,43,4,NULL,NULL,NULL,0,'Gnat',1,NULL,NULL,NULL,1,0,0,0,0,0,0,1),(648,1,44,4,NULL,NULL,NULL,0,'Spudder',1,NULL,NULL,NULL,1,0,0,0,0,0,0,1),(649,1,44,4,NULL,NULL,NULL,0,'Spudder',0,NULL,NULL,NULL,1,0,0,0,0,0,0,1),(650,1,44,4,NULL,NULL,NULL,0,'Glancer',1,NULL,NULL,NULL,1,0,0,0,0,0,0,1),(651,1,44,4,NULL,NULL,NULL,0,'Gnat',1,NULL,NULL,NULL,1,0,0,0,0,0,0,1),(652,1,44,4,NULL,NULL,NULL,0,'Gnat',0,NULL,NULL,NULL,1,0,0,0,0,0,0,1),(653,1,44,4,NULL,NULL,NULL,0,'Gnat',0,NULL,NULL,NULL,1,0,0,0,0,0,0,1),(654,1,44,4,NULL,NULL,NULL,0,'Glancer',1,NULL,NULL,NULL,1,0,0,0,0,0,0,1),(655,1,44,4,NULL,NULL,NULL,0,'Glancer',1,NULL,NULL,NULL,1,0,0,0,0,0,0,1),(656,1,44,4,NULL,NULL,NULL,0,'Glancer',1,NULL,NULL,NULL,1,0,0,0,0,0,0,1),(657,1,44,4,NULL,NULL,NULL,0,'Gnat',0,NULL,NULL,NULL,1,0,0,0,0,0,0,1),(658,1,44,4,NULL,NULL,NULL,0,'Gnat',0,NULL,NULL,NULL,1,0,0,0,0,0,0,1),(659,1,44,4,NULL,NULL,NULL,0,'Gnat',1,NULL,NULL,NULL,1,0,0,0,0,0,0,1),(660,1,44,4,NULL,NULL,NULL,0,'Gnat',0,NULL,NULL,NULL,1,0,0,0,0,0,0,1),(661,1,44,4,NULL,NULL,NULL,0,'Gnat',1,NULL,NULL,NULL,1,0,0,0,0,0,0,1),(662,1,44,4,NULL,NULL,NULL,0,'Gnat',1,NULL,NULL,NULL,1,0,0,0,0,0,0,1),(663,1,45,4,NULL,NULL,NULL,0,'Glancer',1,NULL,NULL,NULL,1,0,0,0,0,0,0,1),(664,1,45,4,NULL,NULL,NULL,0,'Gnat',0,NULL,NULL,NULL,1,0,0,0,0,0,0,1),(665,1,45,4,NULL,NULL,NULL,0,'Glancer',1,NULL,NULL,NULL,1,0,0,0,0,0,0,1),(666,1,45,4,NULL,NULL,NULL,0,'Glancer',1,NULL,NULL,NULL,1,0,0,0,0,0,0,1),(667,1,45,4,NULL,NULL,NULL,0,'Glancer',1,NULL,NULL,NULL,1,0,0,0,0,0,0,1),(668,1,45,4,NULL,NULL,NULL,0,'Gnat',0,NULL,NULL,NULL,1,0,0,0,0,0,0,1),(669,1,45,4,NULL,NULL,NULL,0,'Gnat',0,NULL,NULL,NULL,1,0,0,0,0,0,0,1),(670,1,45,4,NULL,NULL,NULL,0,'Gnat',1,NULL,NULL,NULL,1,0,0,0,0,0,0,1),(671,1,45,4,NULL,NULL,NULL,0,'Gnat',0,NULL,NULL,NULL,1,0,0,0,0,0,0,1),(672,1,46,4,NULL,NULL,NULL,0,'Gnat',0,NULL,NULL,NULL,1,0,0,0,0,0,0,1),(673,1,46,4,NULL,NULL,NULL,0,'Gnat',0,NULL,NULL,NULL,1,0,0,0,0,0,0,1),(674,1,46,4,NULL,NULL,NULL,0,'Gnat',1,NULL,NULL,NULL,1,0,0,0,0,0,0,1),(675,1,46,4,NULL,NULL,NULL,0,'Gnat',0,NULL,NULL,NULL,1,0,0,0,0,0,0,1),(676,1,46,4,NULL,NULL,NULL,0,'Gnat',1,NULL,NULL,NULL,1,0,0,0,0,0,0,1),(677,1,47,4,NULL,NULL,NULL,0,'Gnat',0,NULL,NULL,NULL,1,0,0,0,0,0,0,1),(678,1,47,4,NULL,NULL,NULL,0,'Gnat',0,NULL,NULL,NULL,1,0,0,0,0,0,0,1),(679,1,47,4,NULL,NULL,NULL,0,'Gnat',1,NULL,NULL,NULL,1,0,0,0,0,0,0,1),(680,1,47,4,NULL,NULL,NULL,0,'Gnat',0,NULL,NULL,NULL,1,0,0,0,0,0,0,1),(681,1,48,4,NULL,NULL,NULL,0,'Gnat',0,NULL,NULL,NULL,1,0,0,0,0,0,0,1),(682,1,48,4,NULL,NULL,NULL,0,'Gnat',0,NULL,NULL,NULL,1,0,0,0,0,0,0,1),(683,1,48,4,NULL,NULL,NULL,0,'Gnat',1,NULL,NULL,NULL,1,0,0,0,0,0,0,1),(684,1,48,4,NULL,NULL,NULL,0,'Gnat',0,NULL,NULL,NULL,1,0,0,0,0,0,0,1),(685,1,48,4,NULL,NULL,NULL,0,'Gnat',1,NULL,NULL,NULL,1,0,0,0,0,0,0,1),(686,1,3,1,NULL,NULL,NULL,0,'Demosis',0,2,240,NULL,1,0,0,0,0,0,0,1),(687,1,3,1,NULL,NULL,NULL,0,'Thor',1,2,240,NULL,1,0,0,0,0,0,0,1),(688,1,3,1,NULL,NULL,NULL,0,'Thor',1,2,240,NULL,1,0,0,0,0,0,0,1),(689,1,3,1,NULL,NULL,NULL,0,'Thor',1,2,240,NULL,1,0,0,0,0,0,0,1),(690,1,3,1,NULL,NULL,NULL,0,'Thor',1,2,240,NULL,1,0,0,0,0,0,0,1),(691,1,3,1,NULL,NULL,NULL,0,'Thor',0,2,240,NULL,1,0,0,0,0,0,0,1),(692,1,3,1,NULL,NULL,NULL,0,'Thor',0,2,240,NULL,1,0,0,0,0,0,0,1),(693,1,3,1,NULL,NULL,NULL,0,'Dirac',1,2,240,NULL,1,0,0,0,0,0,0,1),(694,1,3,1,NULL,NULL,NULL,0,'Dirac',1,2,240,NULL,1,0,0,0,0,0,0,1),(695,1,3,1,NULL,NULL,NULL,0,'Dirac',1,2,240,NULL,1,0,0,0,0,0,0,1),(696,1,3,1,NULL,NULL,NULL,0,'Dirac',0,2,240,NULL,1,0,0,0,0,0,0,1),(697,1,3,1,NULL,NULL,NULL,0,'Demosis',0,3,224,NULL,1,0,0,0,0,0,0,1),(698,1,3,1,NULL,NULL,NULL,0,'Demosis',0,3,224,NULL,1,0,0,0,0,0,0,1),(699,1,3,1,NULL,NULL,NULL,0,'Thor',1,3,224,NULL,1,0,0,0,0,0,0,1),(700,1,3,1,NULL,NULL,NULL,0,'Thor',0,3,224,NULL,1,0,0,0,0,0,0,1),(701,1,3,1,NULL,NULL,NULL,0,'Thor',1,3,224,NULL,1,0,0,0,0,0,0,1),(702,1,3,1,NULL,NULL,NULL,0,'Thor',0,3,224,NULL,1,0,0,0,0,0,0,1),(703,1,3,1,NULL,NULL,NULL,0,'Thor',1,3,224,NULL,1,0,0,0,0,0,0,1),(704,1,3,1,NULL,NULL,NULL,0,'Thor',0,3,224,NULL,1,0,0,0,0,0,0,1),(705,1,3,1,NULL,NULL,NULL,0,'Dirac',0,3,224,NULL,1,0,0,0,0,0,0,1),(706,1,3,1,NULL,NULL,NULL,0,'Dirac',1,3,224,NULL,1,0,0,0,0,0,0,1),(707,1,3,1,NULL,NULL,NULL,0,'Dirac',0,3,224,NULL,1,0,0,0,0,0,0,1),(708,1,3,1,NULL,NULL,NULL,0,'Dirac',0,3,224,NULL,1,0,0,0,0,0,0,1),(709,1,3,1,NULL,NULL,NULL,0,'Dirac',1,3,224,NULL,1,0,0,0,0,0,0,1),(710,1,3,1,NULL,NULL,NULL,0,'Dirac',1,3,224,NULL,1,0,0,0,0,0,0,1),(711,1,3,1,NULL,NULL,NULL,0,'Dirac',0,3,224,NULL,1,0,0,0,0,0,0,1),(712,1,3,1,NULL,NULL,NULL,0,'Dirac',0,3,224,NULL,1,0,0,0,0,0,0,1),(713,1,3,1,NULL,NULL,NULL,0,'Demosis',0,2,30,NULL,1,0,0,0,0,0,0,1),(714,1,3,1,NULL,NULL,NULL,0,'Demosis',0,2,30,NULL,1,0,0,0,0,0,0,1),(715,1,3,1,NULL,NULL,NULL,0,'Thor',0,2,30,NULL,1,0,0,0,0,0,0,1),(716,1,3,1,NULL,NULL,NULL,0,'Dirac',1,2,30,NULL,1,0,0,0,0,0,0,1),(717,1,3,1,NULL,NULL,NULL,0,'Dirac',1,2,30,NULL,1,0,0,0,0,0,0,1),(718,1,3,1,NULL,NULL,NULL,0,'Dirac',0,2,30,NULL,1,0,0,0,0,0,0,1),(719,1,3,1,NULL,NULL,NULL,0,'Dirac',1,2,30,NULL,1,0,0,0,0,0,0,1),(720,1,3,1,NULL,NULL,NULL,0,'Thor',0,1,90,NULL,1,0,0,0,0,0,0,1),(721,1,3,1,NULL,NULL,NULL,0,'Thor',0,1,90,NULL,1,0,0,0,0,0,0,1),(722,1,3,1,NULL,NULL,NULL,0,'Thor',0,1,90,NULL,1,0,0,0,0,0,0,1),(723,1,3,1,NULL,NULL,NULL,0,'Thor',1,1,90,NULL,1,0,0,0,0,0,0,1),(724,1,3,1,NULL,NULL,NULL,0,'Dirac',1,1,90,NULL,1,0,0,0,0,0,0,1),(725,1,3,1,NULL,NULL,NULL,0,'Dirac',1,1,90,NULL,1,0,0,0,0,0,0,1),(726,1,3,1,NULL,NULL,NULL,0,'Thor',1,0,0,NULL,1,0,0,0,0,0,0,1),(727,1,3,1,NULL,NULL,NULL,0,'Thor',1,0,0,NULL,1,0,0,0,0,0,0,1),(728,1,3,1,NULL,NULL,NULL,0,'Thor',1,0,0,NULL,1,0,0,0,0,0,0,1),(729,1,3,1,NULL,NULL,NULL,0,'Dirac',1,0,0,NULL,1,0,0,0,0,0,0,1),(730,1,3,1,NULL,NULL,NULL,0,'Dirac',1,0,0,NULL,1,0,0,0,0,0,0,1),(731,1,3,1,NULL,NULL,NULL,0,'Dirac',1,0,0,NULL,1,0,0,0,0,0,0,1),(732,1,3,1,NULL,NULL,NULL,0,'Demosis',0,1,45,NULL,1,0,0,0,0,0,0,1),(733,1,3,1,NULL,NULL,NULL,0,'Demosis',0,1,45,NULL,1,0,0,0,0,0,0,1),(734,1,3,1,NULL,NULL,NULL,0,'Thor',0,1,45,NULL,1,0,0,0,0,0,0,1),(735,1,3,1,NULL,NULL,NULL,0,'Thor',1,1,45,NULL,1,0,0,0,0,0,0,1),(736,1,3,1,NULL,NULL,NULL,0,'Thor',1,1,45,NULL,1,0,0,0,0,0,0,1),(737,1,3,1,NULL,NULL,NULL,0,'Thor',0,1,45,NULL,1,0,0,0,0,0,0,1),(738,1,3,1,NULL,NULL,NULL,0,'Thor',0,1,45,NULL,1,0,0,0,0,0,0,1),(739,1,3,1,NULL,NULL,NULL,0,'Dirac',1,1,45,NULL,1,0,0,0,0,0,0,1),(740,1,3,1,NULL,NULL,NULL,0,'Dirac',0,1,45,NULL,1,0,0,0,0,0,0,1),(741,1,3,1,NULL,NULL,NULL,0,'Dirac',1,1,45,NULL,1,0,0,0,0,0,0,1),(742,1,3,1,NULL,NULL,NULL,0,'Dirac',1,1,45,NULL,1,0,0,0,0,0,0,1),(743,1,3,1,NULL,NULL,NULL,0,'Dirac',0,1,45,NULL,1,0,0,0,0,0,0,1),(744,1,3,1,NULL,NULL,NULL,0,'Dirac',1,1,45,NULL,1,0,0,0,0,0,0,1),(745,1,29,2,NULL,NULL,NULL,0,'Gnawer',0,NULL,NULL,NULL,1,0,0,0,0,0,0,1),(746,1,29,2,NULL,NULL,NULL,0,'Gnawer',0,NULL,NULL,NULL,1,0,0,0,0,0,0,1),(747,1,29,2,NULL,NULL,NULL,0,'Gnawer',0,NULL,NULL,NULL,1,0,0,0,0,0,0,1),(748,1,29,2,NULL,NULL,NULL,0,'Gnawer',0,NULL,NULL,NULL,1,0,0,0,0,0,0,1),(749,1,29,2,NULL,NULL,NULL,0,'Gnawer',1,NULL,NULL,NULL,1,0,0,0,0,0,0,1),(750,1,29,2,NULL,NULL,NULL,0,'Gnawer',1,NULL,NULL,NULL,1,0,0,0,0,0,0,1),(751,1,29,2,NULL,NULL,NULL,0,'Spudder',0,NULL,NULL,NULL,1,0,0,0,0,0,0,1),(752,1,29,2,NULL,NULL,NULL,0,'Spudder',1,NULL,NULL,NULL,1,0,0,0,0,0,0,1),(753,1,29,2,NULL,NULL,NULL,0,'Spudder',0,NULL,NULL,NULL,1,0,0,0,0,0,0,1),(754,1,29,2,NULL,NULL,NULL,0,'Spudder',1,NULL,NULL,NULL,1,0,0,0,0,0,0,1),(755,1,29,2,NULL,NULL,NULL,0,'Spudder',1,NULL,NULL,NULL,1,0,0,0,0,0,0,1),(756,1,29,2,NULL,NULL,NULL,0,'Spudder',1,NULL,NULL,NULL,1,0,0,0,0,0,0,1),(757,1,29,2,NULL,NULL,NULL,0,'Spudder',1,NULL,NULL,NULL,1,0,0,0,0,0,0,1),(758,1,29,2,NULL,NULL,NULL,0,'Spudder',0,NULL,NULL,NULL,1,0,0,0,0,0,0,1),(759,1,29,2,NULL,NULL,NULL,0,'Spudder',0,NULL,NULL,NULL,1,0,0,0,0,0,0,1),(760,1,29,2,NULL,NULL,NULL,0,'Spudder',0,NULL,NULL,NULL,1,0,0,0,0,0,0,1),(761,1,29,2,NULL,NULL,NULL,0,'Glancer',1,NULL,NULL,NULL,1,0,0,0,0,0,0,1),(762,1,29,2,NULL,NULL,NULL,0,'Glancer',1,NULL,NULL,NULL,1,0,0,0,0,0,0,1),(763,1,29,2,NULL,NULL,NULL,0,'Glancer',1,NULL,NULL,NULL,1,0,0,0,0,0,0,1),(764,1,29,2,NULL,NULL,NULL,0,'Glancer',1,NULL,NULL,NULL,1,0,0,0,0,0,0,1),(765,1,29,2,NULL,NULL,NULL,0,'Glancer',1,NULL,NULL,NULL,1,0,0,0,0,0,0,1),(766,1,29,2,NULL,NULL,NULL,0,'Glancer',1,NULL,NULL,NULL,1,0,0,0,0,0,0,1),(767,1,29,2,NULL,NULL,NULL,0,'Gnat',1,NULL,NULL,NULL,1,0,0,0,0,0,0,1),(768,1,29,2,NULL,NULL,NULL,0,'Gnat',0,NULL,NULL,NULL,1,0,0,0,0,0,0,1),(769,1,29,2,NULL,NULL,NULL,0,'Gnat',1,NULL,NULL,NULL,1,0,0,0,0,0,0,1),(770,1,29,2,NULL,NULL,NULL,0,'Gnat',1,NULL,NULL,NULL,1,0,0,0,0,0,0,1),(771,1,29,2,NULL,NULL,NULL,0,'Gnat',0,NULL,NULL,NULL,1,0,0,0,0,0,0,1),(772,1,29,2,NULL,NULL,NULL,0,'Gnat',0,NULL,NULL,NULL,1,0,0,0,0,0,0,1),(773,1,29,2,NULL,NULL,NULL,0,'Gnat',0,NULL,NULL,NULL,1,0,0,0,0,0,0,1),(774,1,29,2,NULL,NULL,NULL,0,'Gnat',0,NULL,NULL,NULL,1,0,0,0,0,0,0,1),(775,1,29,2,NULL,NULL,NULL,0,'Gnat',0,NULL,NULL,NULL,1,0,0,0,0,0,0,1),(776,1,29,2,NULL,NULL,NULL,0,'Gnat',1,NULL,NULL,NULL,1,0,0,0,0,0,0,1),(777,1,29,2,NULL,NULL,NULL,0,'Gnat',1,NULL,NULL,NULL,1,0,0,0,0,0,0,1),(778,1,29,2,NULL,NULL,NULL,0,'Gnat',0,NULL,NULL,NULL,1,0,0,0,0,0,0,1),(779,1,29,2,NULL,NULL,NULL,0,'Gnat',1,NULL,NULL,NULL,1,0,0,0,0,0,0,1),(780,1,6,1,NULL,NULL,NULL,0,'Demosis',1,2,210,NULL,1,0,0,0,0,0,0,1),(781,1,6,1,NULL,NULL,NULL,0,'Demosis',1,2,210,NULL,1,0,0,0,0,0,0,1),(782,1,6,1,NULL,NULL,NULL,0,'Demosis',0,2,210,NULL,1,0,0,0,0,0,0,1),(783,1,6,1,NULL,NULL,NULL,0,'Thor',0,2,210,NULL,1,0,0,0,0,0,0,1),(784,1,6,1,NULL,NULL,NULL,0,'Thor',0,2,210,NULL,1,0,0,0,0,0,0,1),(785,1,6,1,NULL,NULL,NULL,0,'Thor',0,2,210,NULL,1,0,0,0,0,0,0,1),(786,1,6,1,NULL,NULL,NULL,0,'Thor',0,2,210,NULL,1,0,0,0,0,0,0,1),(787,1,6,1,NULL,NULL,NULL,0,'Thor',1,2,210,NULL,1,0,0,0,0,0,0,1),(788,1,6,1,NULL,NULL,NULL,0,'Thor',1,2,210,NULL,1,0,0,0,0,0,0,1),(789,1,6,1,NULL,NULL,NULL,0,'Thor',1,2,210,NULL,1,0,0,0,0,0,0,1),(790,1,6,1,NULL,NULL,NULL,0,'Thor',0,2,210,NULL,1,0,0,0,0,0,0,1),(791,1,6,1,NULL,NULL,NULL,0,'Thor',0,2,210,NULL,1,0,0,0,0,0,0,1),(792,1,6,1,NULL,NULL,NULL,0,'Thor',1,2,210,NULL,1,0,0,0,0,0,0,1),(793,1,6,1,NULL,NULL,NULL,0,'Dirac',0,2,210,NULL,1,0,0,0,0,0,0,1),(794,1,6,1,NULL,NULL,NULL,0,'Dirac',1,2,210,NULL,1,0,0,0,0,0,0,1),(795,1,6,1,NULL,NULL,NULL,0,'Dirac',1,2,210,NULL,1,0,0,0,0,0,0,1),(796,1,6,1,NULL,NULL,NULL,0,'Dirac',0,2,210,NULL,1,0,0,0,0,0,0,1),(797,1,6,1,NULL,NULL,NULL,0,'Dirac',1,2,210,NULL,1,0,0,0,0,0,0,1),(798,1,6,1,NULL,NULL,NULL,0,'Dirac',1,2,210,NULL,1,0,0,0,0,0,0,1),(799,1,6,1,NULL,NULL,NULL,0,'Dirac',1,2,210,NULL,1,0,0,0,0,0,0,1),(800,1,6,1,NULL,NULL,NULL,0,'Dirac',1,2,210,NULL,1,0,0,0,0,0,0,1),(801,1,6,1,NULL,NULL,NULL,0,'Dirac',1,2,210,NULL,1,0,0,0,0,0,0,1),(802,1,6,1,NULL,NULL,NULL,0,'Dirac',0,2,210,NULL,1,0,0,0,0,0,0,1),(803,1,7,1,NULL,NULL,NULL,0,'Demosis',0,0,270,NULL,1,0,0,0,0,0,0,1),(804,1,7,1,NULL,NULL,NULL,0,'Demosis',0,0,270,NULL,1,0,0,0,0,0,0,1),(805,1,7,1,NULL,NULL,NULL,0,'Thor',1,0,270,NULL,1,0,0,0,0,0,0,1),(806,1,7,1,NULL,NULL,NULL,0,'Thor',0,0,270,NULL,1,0,0,0,0,0,0,1),(807,1,7,1,NULL,NULL,NULL,0,'Thor',0,0,270,NULL,1,0,0,0,0,0,0,1),(808,1,7,1,NULL,NULL,NULL,0,'Thor',1,0,270,NULL,1,0,0,0,0,0,0,1),(809,1,7,1,NULL,NULL,NULL,0,'Thor',1,0,270,NULL,1,0,0,0,0,0,0,1),(810,1,7,1,NULL,NULL,NULL,0,'Thor',1,0,270,NULL,1,0,0,0,0,0,0,1),(811,1,7,1,NULL,NULL,NULL,0,'Dirac',0,0,270,NULL,1,0,0,0,0,0,0,1),(812,1,7,1,NULL,NULL,NULL,0,'Dirac',1,0,270,NULL,1,0,0,0,0,0,0,1),(813,1,7,1,NULL,NULL,NULL,0,'Dirac',0,0,270,NULL,1,0,0,0,0,0,0,1),(814,1,7,1,NULL,NULL,NULL,0,'Dirac',0,0,270,NULL,1,0,0,0,0,0,0,1),(815,1,32,2,NULL,NULL,NULL,0,'Gnawer',0,NULL,NULL,NULL,1,0,0,0,0,0,0,1),(816,1,32,2,NULL,NULL,NULL,0,'Gnawer',1,NULL,NULL,NULL,1,0,0,0,0,0,0,1),(817,1,32,2,NULL,NULL,NULL,0,'Spudder',1,NULL,NULL,NULL,1,0,0,0,0,0,0,1),(818,1,32,2,NULL,NULL,NULL,0,'Spudder',1,NULL,NULL,NULL,1,0,0,0,0,0,0,1),(819,1,32,2,NULL,NULL,NULL,0,'Spudder',1,NULL,NULL,NULL,1,0,0,0,0,0,0,1),(820,1,32,2,NULL,NULL,NULL,0,'Spudder',0,NULL,NULL,NULL,1,0,0,0,0,0,0,1),(821,1,32,2,NULL,NULL,NULL,0,'Spudder',0,NULL,NULL,NULL,1,0,0,0,0,0,0,1),(822,1,32,2,NULL,NULL,NULL,0,'Glancer',1,NULL,NULL,NULL,1,0,0,0,0,0,0,1),(823,1,32,2,NULL,NULL,NULL,0,'Glancer',1,NULL,NULL,NULL,1,0,0,0,0,0,0,1),(824,1,32,2,NULL,NULL,NULL,0,'Glancer',1,NULL,NULL,NULL,1,0,0,0,0,0,0,1),(825,1,32,2,NULL,NULL,NULL,0,'Glancer',1,NULL,NULL,NULL,1,0,0,0,0,0,0,1),(826,1,32,2,NULL,NULL,NULL,0,'Glancer',1,NULL,NULL,NULL,1,0,0,0,0,0,0,1),(827,1,32,2,NULL,NULL,NULL,0,'Gnat',1,NULL,NULL,NULL,1,0,0,0,0,0,0,1),(828,1,32,2,NULL,NULL,NULL,0,'Gnat',0,NULL,NULL,NULL,1,0,0,0,0,0,0,1),(829,1,32,2,NULL,NULL,NULL,0,'Gnat',1,NULL,NULL,NULL,1,0,0,0,0,0,0,1),(830,1,32,2,NULL,NULL,NULL,0,'Gnat',0,NULL,NULL,NULL,1,0,0,0,0,0,0,1),(831,1,32,2,NULL,NULL,NULL,0,'Gnat',0,NULL,NULL,NULL,1,0,0,0,0,0,0,1),(832,1,32,2,NULL,NULL,NULL,0,'Gnat',0,NULL,NULL,NULL,1,0,0,0,0,0,0,1),(833,1,32,2,NULL,NULL,NULL,0,'Gnat',0,NULL,NULL,NULL,1,0,0,0,0,0,0,1),(834,1,7,1,NULL,NULL,NULL,0,'Demosis',0,0,180,NULL,1,0,0,0,0,0,0,1),(835,1,7,1,NULL,NULL,NULL,0,'Demosis',0,0,180,NULL,1,0,0,0,0,0,0,1),(836,1,7,1,NULL,NULL,NULL,0,'Demosis',0,0,180,NULL,1,0,0,0,0,0,0,1),(837,1,7,1,NULL,NULL,NULL,0,'Thor',0,0,180,NULL,1,0,0,0,0,0,0,1),(838,1,7,1,NULL,NULL,NULL,0,'Thor',1,0,180,NULL,1,0,0,0,0,0,0,1),(839,1,7,1,NULL,NULL,NULL,0,'Thor',0,0,180,NULL,1,0,0,0,0,0,0,1),(840,1,7,1,NULL,NULL,NULL,0,'Thor',0,0,180,NULL,1,0,0,0,0,0,0,1),(841,1,7,1,NULL,NULL,NULL,0,'Dirac',0,0,180,NULL,1,0,0,0,0,0,0,1),(842,1,7,1,NULL,NULL,NULL,0,'Dirac',0,0,180,NULL,1,0,0,0,0,0,0,1),(843,1,7,1,NULL,NULL,NULL,0,'Dirac',0,0,180,NULL,1,0,0,0,0,0,0,1),(844,1,7,1,NULL,NULL,NULL,0,'Dirac',0,0,180,NULL,1,0,0,0,0,0,0,1),(845,1,7,1,NULL,NULL,NULL,0,'Dirac',0,0,180,NULL,1,0,0,0,0,0,0,1),(846,1,7,1,NULL,NULL,NULL,0,'Dirac',0,0,180,NULL,1,0,0,0,0,0,0,1),(847,1,7,1,NULL,NULL,NULL,0,'Dirac',1,0,180,NULL,1,0,0,0,0,0,0,1),(848,1,53,4,NULL,NULL,NULL,0,'Glancer',1,NULL,NULL,NULL,1,0,0,0,0,0,0,1),(849,1,53,4,NULL,NULL,NULL,0,'Glancer',1,NULL,NULL,NULL,1,0,0,0,0,0,0,1),(850,1,53,4,NULL,NULL,NULL,0,'Gnat',0,NULL,NULL,NULL,1,0,0,0,0,0,0,1),(851,1,53,4,NULL,NULL,NULL,0,'Gnat',0,NULL,NULL,NULL,1,0,0,0,0,0,0,1),(852,1,53,4,NULL,NULL,NULL,0,'Gnat',1,NULL,NULL,NULL,1,0,0,0,0,0,0,1),(853,1,53,4,NULL,NULL,NULL,0,'Gnat',0,NULL,NULL,NULL,1,0,0,0,0,0,0,1),(854,1,53,4,NULL,NULL,NULL,0,'Gnat',0,NULL,NULL,NULL,1,0,0,0,0,0,0,1),(855,1,53,4,NULL,NULL,NULL,0,'Gnat',1,NULL,NULL,NULL,1,0,0,0,0,0,0,1),(856,1,54,4,NULL,NULL,NULL,0,'Gnawer',0,NULL,NULL,NULL,1,0,0,0,0,0,0,1),(857,1,54,4,NULL,NULL,NULL,0,'Spudder',1,NULL,NULL,NULL,1,0,0,0,0,0,0,1),(858,1,54,4,NULL,NULL,NULL,0,'Spudder',0,NULL,NULL,NULL,1,0,0,0,0,0,0,1),(859,1,54,4,NULL,NULL,NULL,0,'Spudder',1,NULL,NULL,NULL,1,0,0,0,0,0,0,1),(860,1,54,4,NULL,NULL,NULL,0,'Spudder',0,NULL,NULL,NULL,1,0,0,0,0,0,0,1),(861,1,54,4,NULL,NULL,NULL,0,'Glancer',1,NULL,NULL,NULL,1,0,0,0,0,0,0,1),(862,1,54,4,NULL,NULL,NULL,0,'Gnat',1,NULL,NULL,NULL,1,0,0,0,0,0,0,1),(863,1,54,4,NULL,NULL,NULL,0,'Gnat',0,NULL,NULL,NULL,1,0,0,0,0,0,0,1),(864,1,54,4,NULL,NULL,NULL,0,'Glancer',1,NULL,NULL,NULL,1,0,0,0,0,0,0,1),(865,1,54,4,NULL,NULL,NULL,0,'Glancer',1,NULL,NULL,NULL,1,0,0,0,0,0,0,1),(866,1,54,4,NULL,NULL,NULL,0,'Glancer',1,NULL,NULL,NULL,1,0,0,0,0,0,0,1),(867,1,54,4,NULL,NULL,NULL,0,'Gnat',0,NULL,NULL,NULL,1,0,0,0,0,0,0,1),(868,1,54,4,NULL,NULL,NULL,0,'Gnat',0,NULL,NULL,NULL,1,0,0,0,0,0,0,1),(869,1,54,4,NULL,NULL,NULL,0,'Gnat',1,NULL,NULL,NULL,1,0,0,0,0,0,0,1),(870,1,54,4,NULL,NULL,NULL,0,'Gnat',0,NULL,NULL,NULL,1,0,0,0,0,0,0,1),(871,1,54,4,NULL,NULL,NULL,0,'Gnat',0,NULL,NULL,NULL,1,0,0,0,0,0,0,1),(872,1,54,4,NULL,NULL,NULL,0,'Gnat',0,NULL,NULL,NULL,1,0,0,0,0,0,0,1),(873,1,54,4,NULL,NULL,NULL,0,'Gnat',1,NULL,NULL,NULL,1,0,0,0,0,0,0,1),(874,1,55,4,NULL,NULL,NULL,0,'Spudder',0,NULL,NULL,NULL,1,0,0,0,0,0,0,1),(875,1,55,4,NULL,NULL,NULL,0,'Glancer',1,NULL,NULL,NULL,1,0,0,0,0,0,0,1),(876,1,55,4,NULL,NULL,NULL,0,'Gnat',0,NULL,NULL,NULL,1,0,0,0,0,0,0,1),(877,1,55,4,NULL,NULL,NULL,0,'Glancer',1,NULL,NULL,NULL,1,0,0,0,0,0,0,1),(878,1,55,4,NULL,NULL,NULL,0,'Glancer',1,NULL,NULL,NULL,1,0,0,0,0,0,0,1),(879,1,55,4,NULL,NULL,NULL,0,'Glancer',1,NULL,NULL,NULL,1,0,0,0,0,0,0,1),(880,1,55,4,NULL,NULL,NULL,0,'Glancer',1,NULL,NULL,NULL,1,0,0,0,0,0,0,1),(881,1,55,4,NULL,NULL,NULL,0,'Glancer',1,NULL,NULL,NULL,1,0,0,0,0,0,0,1),(882,1,55,4,NULL,NULL,NULL,0,'Gnat',0,NULL,NULL,NULL,1,0,0,0,0,0,0,1),(883,1,55,4,NULL,NULL,NULL,0,'Gnat',0,NULL,NULL,NULL,1,0,0,0,0,0,0,1),(884,1,55,4,NULL,NULL,NULL,0,'Gnat',1,NULL,NULL,NULL,1,0,0,0,0,0,0,1),(885,1,55,4,NULL,NULL,NULL,0,'Gnat',1,NULL,NULL,NULL,1,0,0,0,0,0,0,1),(886,1,55,4,NULL,NULL,NULL,0,'Gnat',1,NULL,NULL,NULL,1,0,0,0,0,0,0,1),(887,1,56,4,NULL,NULL,NULL,0,'Spudder',1,NULL,NULL,NULL,1,0,0,0,0,0,0,1),(888,1,56,4,NULL,NULL,NULL,0,'Spudder',0,NULL,NULL,NULL,1,0,0,0,0,0,0,1),(889,1,56,4,NULL,NULL,NULL,0,'Glancer',1,NULL,NULL,NULL,1,0,0,0,0,0,0,1),(890,1,56,4,NULL,NULL,NULL,0,'Gnat',1,NULL,NULL,NULL,1,0,0,0,0,0,0,1),(891,1,56,4,NULL,NULL,NULL,0,'Glancer',1,NULL,NULL,NULL,1,0,0,0,0,0,0,1),(892,1,56,4,NULL,NULL,NULL,0,'Glancer',1,NULL,NULL,NULL,1,0,0,0,0,0,0,1),(893,1,56,4,NULL,NULL,NULL,0,'Glancer',1,NULL,NULL,NULL,1,0,0,0,0,0,0,1),(894,1,56,4,NULL,NULL,NULL,0,'Glancer',1,NULL,NULL,NULL,1,0,0,0,0,0,0,1),(895,1,56,4,NULL,NULL,NULL,0,'Gnat',0,NULL,NULL,NULL,1,0,0,0,0,0,0,1),(896,1,56,4,NULL,NULL,NULL,0,'Gnat',0,NULL,NULL,NULL,1,0,0,0,0,0,0,1),(897,1,56,4,NULL,NULL,NULL,0,'Gnat',1,NULL,NULL,NULL,1,0,0,0,0,0,0,1),(898,1,56,4,NULL,NULL,NULL,0,'Gnat',1,NULL,NULL,NULL,1,0,0,0,0,0,0,1),(899,1,57,4,NULL,NULL,NULL,0,'Spudder',0,NULL,NULL,NULL,1,0,0,0,0,0,0,1),(900,1,57,4,NULL,NULL,NULL,0,'Spudder',0,NULL,NULL,NULL,1,0,0,0,0,0,0,1),(901,1,57,4,NULL,NULL,NULL,0,'Glancer',1,NULL,NULL,NULL,1,0,0,0,0,0,0,1),(902,1,57,4,NULL,NULL,NULL,0,'Gnat',0,NULL,NULL,NULL,1,0,0,0,0,0,0,1),(903,1,57,4,NULL,NULL,NULL,0,'Glancer',1,NULL,NULL,NULL,1,0,0,0,0,0,0,1),(904,1,57,4,NULL,NULL,NULL,0,'Glancer',1,NULL,NULL,NULL,1,0,0,0,0,0,0,1),(905,1,57,4,NULL,NULL,NULL,0,'Glancer',1,NULL,NULL,NULL,1,0,0,0,0,0,0,1),(906,1,57,4,NULL,NULL,NULL,0,'Gnat',0,NULL,NULL,NULL,1,0,0,0,0,0,0,1),(907,1,57,4,NULL,NULL,NULL,0,'Gnat',0,NULL,NULL,NULL,1,0,0,0,0,0,0,1),(908,1,57,4,NULL,NULL,NULL,0,'Gnat',1,NULL,NULL,NULL,1,0,0,0,0,0,0,1),(909,1,57,4,NULL,NULL,NULL,0,'Gnat',1,NULL,NULL,NULL,1,0,0,0,0,0,0,1),(910,1,58,4,NULL,NULL,NULL,0,'Spudder',0,NULL,NULL,NULL,1,0,0,0,0,0,0,1),(911,1,58,4,NULL,NULL,NULL,0,'Glancer',1,NULL,NULL,NULL,1,0,0,0,0,0,0,1),(912,1,58,4,NULL,NULL,NULL,0,'Gnat',0,NULL,NULL,NULL,1,0,0,0,0,0,0,1),(913,1,58,4,NULL,NULL,NULL,0,'Gnat',0,NULL,NULL,NULL,1,0,0,0,0,0,0,1),(914,1,58,4,NULL,NULL,NULL,0,'Gnat',0,NULL,NULL,NULL,1,0,0,0,0,0,0,1),(915,1,58,4,NULL,NULL,NULL,0,'Glancer',1,NULL,NULL,NULL,1,0,0,0,0,0,0,1),(916,1,58,4,NULL,NULL,NULL,0,'Glancer',1,NULL,NULL,NULL,1,0,0,0,0,0,0,1),(917,1,58,4,NULL,NULL,NULL,0,'Glancer',1,NULL,NULL,NULL,1,0,0,0,0,0,0,1),(918,1,58,4,NULL,NULL,NULL,0,'Gnat',0,NULL,NULL,NULL,1,0,0,0,0,0,0,1),(919,1,58,4,NULL,NULL,NULL,0,'Gnat',0,NULL,NULL,NULL,1,0,0,0,0,0,0,1),(920,1,58,4,NULL,NULL,NULL,0,'Gnat',1,NULL,NULL,NULL,1,0,0,0,0,0,0,1),(921,1,58,4,NULL,NULL,NULL,0,'Gnat',0,NULL,NULL,NULL,1,0,0,0,0,0,0,1),(922,1,59,4,NULL,NULL,NULL,0,'Gnawer',0,NULL,NULL,NULL,1,0,0,0,0,0,0,1),(923,1,59,4,NULL,NULL,NULL,0,'Gnawer',0,NULL,NULL,NULL,1,0,0,0,0,0,0,1),(924,1,59,4,NULL,NULL,NULL,0,'Spudder',1,NULL,NULL,NULL,1,0,0,0,0,0,0,1),(925,1,59,4,NULL,NULL,NULL,0,'Gnawer',0,NULL,NULL,NULL,1,0,0,0,0,0,0,1),(926,1,59,4,NULL,NULL,NULL,0,'Spudder',0,NULL,NULL,NULL,1,0,0,0,0,0,0,1),(927,1,59,4,NULL,NULL,NULL,0,'Glancer',1,NULL,NULL,NULL,1,0,0,0,0,0,0,1),(928,1,59,4,NULL,NULL,NULL,0,'Gnat',0,NULL,NULL,NULL,1,0,0,0,0,0,0,1),(929,1,59,4,NULL,NULL,NULL,0,'Gnat',0,NULL,NULL,NULL,1,0,0,0,0,0,0,1),(930,1,59,4,NULL,NULL,NULL,0,'Glancer',1,NULL,NULL,NULL,1,0,0,0,0,0,0,1),(931,1,59,4,NULL,NULL,NULL,0,'Glancer',1,NULL,NULL,NULL,1,0,0,0,0,0,0,1),(932,1,59,4,NULL,NULL,NULL,0,'Glancer',1,NULL,NULL,NULL,1,0,0,0,0,0,0,1),(933,1,59,4,NULL,NULL,NULL,0,'Gnat',0,NULL,NULL,NULL,1,0,0,0,0,0,0,1),(934,1,59,4,NULL,NULL,NULL,0,'Gnat',0,NULL,NULL,NULL,1,0,0,0,0,0,0,1),(935,1,59,4,NULL,NULL,NULL,0,'Gnat',1,NULL,NULL,NULL,1,0,0,0,0,0,0,1),(936,1,59,4,NULL,NULL,NULL,0,'Gnat',0,NULL,NULL,NULL,1,0,0,0,0,0,0,1),(937,1,59,4,NULL,NULL,NULL,0,'Gnat',1,NULL,NULL,NULL,1,0,0,0,0,0,0,1),(938,1,60,4,NULL,NULL,NULL,0,'Gnawer',0,NULL,NULL,NULL,1,0,0,0,0,0,0,1),(939,1,60,4,NULL,NULL,NULL,0,'Gnawer',0,NULL,NULL,NULL,1,0,0,0,0,0,0,1),(940,1,60,4,NULL,NULL,NULL,0,'Gnawer',0,NULL,NULL,NULL,1,0,0,0,0,0,0,1),(941,1,60,4,NULL,NULL,NULL,0,'Spudder',0,NULL,NULL,NULL,1,0,0,0,0,0,0,1),(942,1,60,4,NULL,NULL,NULL,0,'Spudder',1,NULL,NULL,NULL,1,0,0,0,0,0,0,1),(943,1,60,4,NULL,NULL,NULL,0,'Gnawer',0,NULL,NULL,NULL,1,0,0,0,0,0,0,1),(944,1,60,4,NULL,NULL,NULL,0,'Spudder',0,NULL,NULL,NULL,1,0,0,0,0,0,0,1),(945,1,60,4,NULL,NULL,NULL,0,'Glancer',1,NULL,NULL,NULL,1,0,0,0,0,0,0,1),(946,1,60,4,NULL,NULL,NULL,0,'Gnat',0,NULL,NULL,NULL,1,0,0,0,0,0,0,1),(947,1,60,4,NULL,NULL,NULL,0,'Gnat',0,NULL,NULL,NULL,1,0,0,0,0,0,0,1),(948,1,60,4,NULL,NULL,NULL,0,'Glancer',1,NULL,NULL,NULL,1,0,0,0,0,0,0,1),(949,1,60,4,NULL,NULL,NULL,0,'Glancer',1,NULL,NULL,NULL,1,0,0,0,0,0,0,1),(950,1,60,4,NULL,NULL,NULL,0,'Glancer',1,NULL,NULL,NULL,1,0,0,0,0,0,0,1),(951,1,60,4,NULL,NULL,NULL,0,'Gnat',0,NULL,NULL,NULL,1,0,0,0,0,0,0,1),(952,1,60,4,NULL,NULL,NULL,0,'Gnat',0,NULL,NULL,NULL,1,0,0,0,0,0,0,1),(953,1,60,4,NULL,NULL,NULL,0,'Gnat',1,NULL,NULL,NULL,1,0,0,0,0,0,0,1),(954,1,60,4,NULL,NULL,NULL,0,'Gnat',0,NULL,NULL,NULL,1,0,0,0,0,0,0,1),(955,1,61,4,NULL,NULL,NULL,0,'Gnawer',0,NULL,NULL,NULL,1,0,0,0,0,0,0,1),(956,1,61,4,NULL,NULL,NULL,0,'Gnawer',0,NULL,NULL,NULL,1,0,0,0,0,0,0,1),(957,1,61,4,NULL,NULL,NULL,0,'Gnawer',0,NULL,NULL,NULL,1,0,0,0,0,0,0,1),(958,1,61,4,NULL,NULL,NULL,0,'Spudder',1,NULL,NULL,NULL,1,0,0,0,0,0,0,1),(959,1,61,4,NULL,NULL,NULL,0,'Spudder',0,NULL,NULL,NULL,1,0,0,0,0,0,0,1),(960,1,61,4,NULL,NULL,NULL,0,'Spudder',1,NULL,NULL,NULL,1,0,0,0,0,0,0,1),(961,1,61,4,NULL,NULL,NULL,0,'Spudder',0,NULL,NULL,NULL,1,0,0,0,0,0,0,1),(962,1,61,4,NULL,NULL,NULL,0,'Glancer',1,NULL,NULL,NULL,1,0,0,0,0,0,0,1),(963,1,61,4,NULL,NULL,NULL,0,'Gnat',0,NULL,NULL,NULL,1,0,0,0,0,0,0,1),(964,1,61,4,NULL,NULL,NULL,0,'Gnat',0,NULL,NULL,NULL,1,0,0,0,0,0,0,1),(965,1,61,4,NULL,NULL,NULL,0,'Glancer',1,NULL,NULL,NULL,1,0,0,0,0,0,0,1),(966,1,61,4,NULL,NULL,NULL,0,'Glancer',1,NULL,NULL,NULL,1,0,0,0,0,0,0,1),(967,1,61,4,NULL,NULL,NULL,0,'Glancer',1,NULL,NULL,NULL,1,0,0,0,0,0,0,1),(968,1,61,4,NULL,NULL,NULL,0,'Gnat',0,NULL,NULL,NULL,1,0,0,0,0,0,0,1),(969,1,61,4,NULL,NULL,NULL,0,'Gnat',0,NULL,NULL,NULL,1,0,0,0,0,0,0,1),(970,1,61,4,NULL,NULL,NULL,0,'Gnat',1,NULL,NULL,NULL,1,0,0,0,0,0,0,1),(971,1,61,4,NULL,NULL,NULL,0,'Gnat',0,NULL,NULL,NULL,1,0,0,0,0,0,0,1),(972,1,61,4,NULL,NULL,NULL,0,'Gnat',0,NULL,NULL,NULL,1,0,0,0,0,0,0,1),(973,1,61,4,NULL,NULL,NULL,0,'Gnat',1,NULL,NULL,NULL,1,0,0,0,0,0,0,1),(974,1,61,4,NULL,NULL,NULL,0,'Gnat',1,NULL,NULL,NULL,1,0,0,0,0,0,0,1),(975,1,61,4,NULL,NULL,NULL,0,'Gnat',1,NULL,NULL,NULL,1,0,0,0,0,0,0,1),(976,1,62,4,NULL,NULL,NULL,0,'Gnawer',0,NULL,NULL,NULL,1,0,0,0,0,0,0,1),(977,1,62,4,NULL,NULL,NULL,0,'Spudder',0,NULL,NULL,NULL,1,0,0,0,0,0,0,1),(978,1,62,4,NULL,NULL,NULL,0,'Spudder',0,NULL,NULL,NULL,1,0,0,0,0,0,0,1),(979,1,62,4,NULL,NULL,NULL,0,'Glancer',1,NULL,NULL,NULL,1,0,0,0,0,0,0,1),(980,1,62,4,NULL,NULL,NULL,0,'Gnat',0,NULL,NULL,NULL,1,0,0,0,0,0,0,1),(981,1,62,4,NULL,NULL,NULL,0,'Gnat',0,NULL,NULL,NULL,1,0,0,0,0,0,0,1),(982,1,62,4,NULL,NULL,NULL,0,'Glancer',1,NULL,NULL,NULL,1,0,0,0,0,0,0,1),(983,1,62,4,NULL,NULL,NULL,0,'Glancer',1,NULL,NULL,NULL,1,0,0,0,0,0,0,1),(984,1,62,4,NULL,NULL,NULL,0,'Gnat',0,NULL,NULL,NULL,1,0,0,0,0,0,0,1),(985,1,62,4,NULL,NULL,NULL,0,'Gnat',0,NULL,NULL,NULL,1,0,0,0,0,0,0,1),(986,1,62,4,NULL,NULL,NULL,0,'Gnat',1,NULL,NULL,NULL,1,0,0,0,0,0,0,1),(987,1,62,4,NULL,NULL,NULL,0,'Gnat',0,NULL,NULL,NULL,1,0,0,0,0,0,0,1),(988,1,62,4,NULL,NULL,NULL,0,'Gnat',1,NULL,NULL,NULL,1,0,0,0,0,0,0,1),(989,1,62,4,NULL,NULL,NULL,0,'Gnat',1,NULL,NULL,NULL,1,0,0,0,0,0,0,1),(990,1,62,4,NULL,NULL,NULL,0,'Gnat',0,NULL,NULL,NULL,1,0,0,0,0,0,0,1),(991,1,63,4,NULL,NULL,NULL,0,'Gnawer',0,NULL,NULL,NULL,1,0,0,0,0,0,0,1),(992,1,63,4,NULL,NULL,NULL,0,'Spudder',0,NULL,NULL,NULL,1,0,0,0,0,0,0,1),(993,1,63,4,NULL,NULL,NULL,0,'Spudder',0,NULL,NULL,NULL,1,0,0,0,0,0,0,1),(994,1,63,4,NULL,NULL,NULL,0,'Spudder',0,NULL,NULL,NULL,1,0,0,0,0,0,0,1),(995,1,63,4,NULL,NULL,NULL,0,'Spudder',0,NULL,NULL,NULL,1,0,0,0,0,0,0,1),(996,1,63,4,NULL,NULL,NULL,0,'Glancer',1,NULL,NULL,NULL,1,0,0,0,0,0,0,1),(997,1,63,4,NULL,NULL,NULL,0,'Gnat',0,NULL,NULL,NULL,1,0,0,0,0,0,0,1),(998,1,63,4,NULL,NULL,NULL,0,'Gnat',0,NULL,NULL,NULL,1,0,0,0,0,0,0,1),(999,1,63,4,NULL,NULL,NULL,0,'Glancer',1,NULL,NULL,NULL,1,0,0,0,0,0,0,1),(1000,1,63,4,NULL,NULL,NULL,0,'Glancer',1,NULL,NULL,NULL,1,0,0,0,0,0,0,1),(1001,1,63,4,NULL,NULL,NULL,0,'Glancer',1,NULL,NULL,NULL,1,0,0,0,0,0,0,1),(1002,1,63,4,NULL,NULL,NULL,0,'Glancer',1,NULL,NULL,NULL,1,0,0,0,0,0,0,1),(1003,1,63,4,NULL,NULL,NULL,0,'Gnat',0,NULL,NULL,NULL,1,0,0,0,0,0,0,1),(1004,1,63,4,NULL,NULL,NULL,0,'Gnat',0,NULL,NULL,NULL,1,0,0,0,0,0,0,1),(1005,1,63,4,NULL,NULL,NULL,0,'Gnat',1,NULL,NULL,NULL,1,0,0,0,0,0,0,1),(1006,1,63,4,NULL,NULL,NULL,0,'Gnat',1,NULL,NULL,NULL,1,0,0,0,0,0,0,1),(1007,1,63,4,NULL,NULL,NULL,0,'Gnat',1,NULL,NULL,NULL,1,0,0,0,0,0,0,1),(1008,1,64,4,NULL,NULL,NULL,0,'Glancer',1,NULL,NULL,NULL,1,0,0,0,0,0,0,1),(1009,1,64,4,NULL,NULL,NULL,0,'Gnat',0,NULL,NULL,NULL,1,0,0,0,0,0,0,1),(1010,1,64,4,NULL,NULL,NULL,0,'Gnat',0,NULL,NULL,NULL,1,0,0,0,0,0,0,1),(1011,1,64,4,NULL,NULL,NULL,0,'Glancer',1,NULL,NULL,NULL,1,0,0,0,0,0,0,1),(1012,1,64,4,NULL,NULL,NULL,0,'Glancer',1,NULL,NULL,NULL,1,0,0,0,0,0,0,1),(1013,1,64,4,NULL,NULL,NULL,0,'Gnat',0,NULL,NULL,NULL,1,0,0,0,0,0,0,1),(1014,1,64,4,NULL,NULL,NULL,0,'Gnat',0,NULL,NULL,NULL,1,0,0,0,0,0,0,1),(1015,1,64,4,NULL,NULL,NULL,0,'Gnat',1,NULL,NULL,NULL,1,0,0,0,0,0,0,1),(1016,1,64,4,NULL,NULL,NULL,0,'Gnat',0,NULL,NULL,NULL,1,0,0,0,0,0,0,1),(1017,1,64,4,NULL,NULL,NULL,0,'Gnat',0,NULL,NULL,NULL,1,0,0,0,0,0,0,1),(1018,1,64,4,NULL,NULL,NULL,0,'Gnat',1,NULL,NULL,NULL,1,0,0,0,0,0,0,1),(1019,1,64,4,NULL,NULL,NULL,0,'Gnat',1,NULL,NULL,NULL,1,0,0,0,0,0,0,1),(1020,1,65,4,NULL,NULL,NULL,0,'Glancer',1,NULL,NULL,NULL,1,0,0,0,0,0,0,1),(1021,1,65,4,NULL,NULL,NULL,0,'Gnat',1,NULL,NULL,NULL,1,0,0,0,0,0,0,1),(1022,1,65,4,NULL,NULL,NULL,0,'Gnat',0,NULL,NULL,NULL,1,0,0,0,0,0,0,1),(1023,1,65,4,NULL,NULL,NULL,0,'Glancer',1,NULL,NULL,NULL,1,0,0,0,0,0,0,1),(1024,1,65,4,NULL,NULL,NULL,0,'Glancer',1,NULL,NULL,NULL,1,0,0,0,0,0,0,1),(1025,1,65,4,NULL,NULL,NULL,0,'Glancer',1,NULL,NULL,NULL,1,0,0,0,0,0,0,1),(1026,1,65,4,NULL,NULL,NULL,0,'Glancer',1,NULL,NULL,NULL,1,0,0,0,0,0,0,1),(1027,1,65,4,NULL,NULL,NULL,0,'Glancer',1,NULL,NULL,NULL,1,0,0,0,0,0,0,1),(1028,1,65,4,NULL,NULL,NULL,0,'Gnat',0,NULL,NULL,NULL,1,0,0,0,0,0,0,1),(1029,1,65,4,NULL,NULL,NULL,0,'Gnat',0,NULL,NULL,NULL,1,0,0,0,0,0,0,1),(1030,1,65,4,NULL,NULL,NULL,0,'Gnat',1,NULL,NULL,NULL,1,0,0,0,0,0,0,1),(1031,1,65,4,NULL,NULL,NULL,0,'Gnat',1,NULL,NULL,NULL,1,0,0,0,0,0,0,1),(1032,1,66,4,NULL,NULL,NULL,0,'Gnat',0,NULL,NULL,NULL,1,0,0,0,0,0,0,1),(1033,1,66,4,NULL,NULL,NULL,0,'Gnat',0,NULL,NULL,NULL,1,0,0,0,0,0,0,1),(1034,1,66,4,NULL,NULL,NULL,0,'Gnat',1,NULL,NULL,NULL,1,0,0,0,0,0,0,1),(1035,1,66,4,NULL,NULL,NULL,0,'Gnat',0,NULL,NULL,NULL,1,0,0,0,0,0,0,1),(1036,1,66,4,NULL,NULL,NULL,0,'Gnat',1,NULL,NULL,NULL,1,0,0,0,0,0,0,1),(1037,1,67,4,NULL,NULL,NULL,0,'Gnat',0,NULL,NULL,NULL,1,0,0,0,0,0,0,1),(1038,1,67,4,NULL,NULL,NULL,0,'Gnat',0,NULL,NULL,NULL,1,0,0,0,0,0,0,1),(1039,1,67,4,NULL,NULL,NULL,0,'Gnat',1,NULL,NULL,NULL,1,0,0,0,0,0,0,1),(1040,1,68,4,NULL,NULL,NULL,0,'Gnat',0,NULL,NULL,NULL,1,0,0,0,0,0,0,1),(1041,1,68,4,NULL,NULL,NULL,0,'Gnat',0,NULL,NULL,NULL,1,0,0,0,0,0,0,1),(1042,1,68,4,NULL,NULL,NULL,0,'Gnat',1,NULL,NULL,NULL,1,0,0,0,0,0,0,1),(1043,1,68,4,NULL,NULL,NULL,0,'Gnat',0,NULL,NULL,NULL,1,0,0,0,0,0,0,1),(1044,1,68,4,NULL,NULL,NULL,0,'Gnat',1,NULL,NULL,NULL,1,0,0,0,0,0,0,1),(1045,1,7,1,NULL,NULL,NULL,0,'Thor',1,2,180,NULL,1,0,0,0,0,0,0,1),(1046,1,7,1,NULL,NULL,NULL,0,'Thor',0,2,180,NULL,1,0,0,0,0,0,0,1),(1047,1,7,1,NULL,NULL,NULL,0,'Thor',1,2,180,NULL,1,0,0,0,0,0,0,1),(1048,1,7,1,NULL,NULL,NULL,0,'Dirac',1,2,180,NULL,1,0,0,0,0,0,0,1),(1049,1,7,1,NULL,NULL,NULL,0,'Dirac',1,2,180,NULL,1,0,0,0,0,0,0,1),(1050,1,7,1,NULL,NULL,NULL,0,'Dirac',1,2,180,NULL,1,0,0,0,0,0,0,1),(1051,1,7,1,NULL,NULL,NULL,0,'Dirac',1,2,180,NULL,1,0,0,0,0,0,0,1),(1052,1,7,1,NULL,NULL,NULL,0,'Demosis',0,2,60,NULL,1,0,0,0,0,0,0,1),(1053,1,7,1,NULL,NULL,NULL,0,'Thor',0,2,60,NULL,1,0,0,0,0,0,0,1),(1054,1,7,1,NULL,NULL,NULL,0,'Thor',0,2,60,NULL,1,0,0,0,0,0,0,1),(1055,1,7,1,NULL,NULL,NULL,0,'Thor',0,2,60,NULL,1,0,0,0,0,0,0,1),(1056,1,7,1,NULL,NULL,NULL,0,'Thor',1,2,60,NULL,1,0,0,0,0,0,0,1),(1057,1,7,1,NULL,NULL,NULL,0,'Thor',1,2,60,NULL,1,0,0,0,0,0,0,1),(1058,1,7,1,NULL,NULL,NULL,0,'Dirac',1,2,60,NULL,1,0,0,0,0,0,0,1),(1059,1,7,1,NULL,NULL,NULL,0,'Dirac',0,2,60,NULL,1,0,0,0,0,0,0,1),(1060,1,7,1,NULL,NULL,NULL,0,'Dirac',0,2,60,NULL,1,0,0,0,0,0,0,1),(1061,1,7,1,NULL,NULL,NULL,0,'Dirac',0,2,60,NULL,1,0,0,0,0,0,0,1),(1062,1,7,1,NULL,NULL,NULL,0,'Dirac',1,2,60,NULL,1,0,0,0,0,0,0,1),(1063,1,7,1,NULL,NULL,NULL,0,'Dirac',1,2,60,NULL,1,0,0,0,0,0,0,1),(1064,1,7,1,NULL,NULL,NULL,0,'Dirac',0,2,60,NULL,1,0,0,0,0,0,0,1),(1065,1,7,1,NULL,NULL,NULL,0,'Dirac',1,2,60,NULL,1,0,0,0,0,0,0,1),(1066,1,7,1,NULL,NULL,NULL,0,'Demosis',0,3,180,NULL,1,0,0,0,0,0,0,1),(1067,1,7,1,NULL,NULL,NULL,0,'Thor',0,3,180,NULL,1,0,0,0,0,0,0,1),(1068,1,7,1,NULL,NULL,NULL,0,'Thor',1,3,180,NULL,1,0,0,0,0,0,0,1),(1069,1,7,1,NULL,NULL,NULL,0,'Thor',0,3,180,NULL,1,0,0,0,0,0,0,1),(1070,1,7,1,NULL,NULL,NULL,0,'Thor',0,3,180,NULL,1,0,0,0,0,0,0,1),(1071,1,7,1,NULL,NULL,NULL,0,'Thor',0,3,180,NULL,1,0,0,0,0,0,0,1),(1072,1,7,1,NULL,NULL,NULL,0,'Thor',0,3,180,NULL,1,0,0,0,0,0,0,1),(1073,1,7,1,NULL,NULL,NULL,0,'Dirac',1,3,180,NULL,1,0,0,0,0,0,0,1),(1074,1,7,1,NULL,NULL,NULL,0,'Dirac',0,3,180,NULL,1,0,0,0,0,0,0,1),(1075,1,7,1,NULL,NULL,NULL,0,'Dirac',0,3,180,NULL,1,0,0,0,0,0,0,1),(1076,1,7,1,NULL,NULL,NULL,0,'Dirac',1,3,180,NULL,1,0,0,0,0,0,0,1),(1077,1,7,1,NULL,NULL,NULL,0,'Dirac',1,3,180,NULL,1,0,0,0,0,0,0,1),(1078,1,7,1,NULL,NULL,NULL,0,'Thor',1,1,315,NULL,1,0,0,0,0,0,0,1),(1079,1,7,1,NULL,NULL,NULL,0,'Dirac',0,1,315,NULL,1,0,0,0,0,0,0,1),(1080,1,7,1,NULL,NULL,NULL,0,'Dirac',1,1,315,NULL,1,0,0,0,0,0,0,1),(1081,1,7,1,NULL,NULL,NULL,0,'Dirac',0,1,315,NULL,1,0,0,0,0,0,0,1),(1082,1,7,1,NULL,NULL,NULL,0,'Dirac',0,1,315,NULL,1,0,0,0,0,0,0,1),(1083,1,7,1,NULL,NULL,NULL,0,'Dirac',1,1,315,NULL,1,0,0,0,0,0,0,1),(1084,1,7,1,NULL,NULL,NULL,0,'Dirac',1,1,315,NULL,1,0,0,0,0,0,0,1),(1085,1,7,1,NULL,NULL,NULL,0,'Demosis',0,2,330,NULL,1,0,0,0,0,0,0,1),(1086,1,7,1,NULL,NULL,NULL,0,'Demosis',0,2,330,NULL,1,0,0,0,0,0,0,1),(1087,1,7,1,NULL,NULL,NULL,0,'Thor',0,2,330,NULL,1,0,0,0,0,0,0,1),(1088,1,7,1,NULL,NULL,NULL,0,'Thor',1,2,330,NULL,1,0,0,0,0,0,0,1),(1089,1,7,1,NULL,NULL,NULL,0,'Thor',1,2,330,NULL,1,0,0,0,0,0,0,1),(1090,1,7,1,NULL,NULL,NULL,0,'Dirac',1,2,330,NULL,1,0,0,0,0,0,0,1),(1091,1,7,1,NULL,NULL,NULL,0,'Dirac',0,2,330,NULL,1,0,0,0,0,0,0,1),(1092,1,7,1,NULL,NULL,NULL,0,'Dirac',1,2,330,NULL,1,0,0,0,0,0,0,1),(1093,1,7,1,NULL,NULL,NULL,0,'Dirac',0,2,330,NULL,1,0,0,0,0,0,0,1),(1094,1,7,1,NULL,NULL,NULL,0,'Dirac',0,2,330,NULL,1,0,0,0,0,0,0,1),(1095,1,7,1,NULL,NULL,NULL,0,'Dirac',1,2,330,NULL,1,0,0,0,0,0,0,1),(1096,1,7,1,NULL,NULL,NULL,0,'Dirac',1,2,330,NULL,1,0,0,0,0,0,0,1),(1097,1,7,1,NULL,NULL,NULL,0,'Dirac',0,2,330,NULL,1,0,0,0,0,0,0,1),(1098,1,7,1,NULL,NULL,NULL,0,'Demosis',0,1,225,NULL,1,0,0,0,0,0,0,1),(1099,1,7,1,NULL,NULL,NULL,0,'Thor',0,1,225,NULL,1,0,0,0,0,0,0,1),(1100,1,7,1,NULL,NULL,NULL,0,'Thor',0,1,225,NULL,1,0,0,0,0,0,0,1),(1101,1,7,1,NULL,NULL,NULL,0,'Thor',1,1,225,NULL,1,0,0,0,0,0,0,1),(1102,1,7,1,NULL,NULL,NULL,0,'Thor',0,1,225,NULL,1,0,0,0,0,0,0,1),(1103,1,7,1,NULL,NULL,NULL,0,'Dirac',1,1,225,NULL,1,0,0,0,0,0,0,1),(1104,1,7,1,NULL,NULL,NULL,0,'Dirac',0,1,225,NULL,1,0,0,0,0,0,0,1),(1105,1,7,1,NULL,NULL,NULL,0,'Dirac',1,1,225,NULL,1,0,0,0,0,0,0,1),(1106,1,7,1,NULL,NULL,NULL,0,'Dirac',1,1,225,NULL,1,0,0,0,0,0,0,1),(1107,1,7,1,NULL,NULL,NULL,0,'Dirac',0,1,225,NULL,1,0,0,0,0,0,0,1),(1108,1,7,1,NULL,NULL,NULL,0,'Demosis',0,1,180,NULL,1,0,0,0,0,0,0,1),(1109,1,7,1,NULL,NULL,NULL,0,'Thor',0,1,180,NULL,1,0,0,0,0,0,0,1),(1110,1,7,1,NULL,NULL,NULL,0,'Thor',1,1,180,NULL,1,0,0,0,0,0,0,1),(1111,1,7,1,NULL,NULL,NULL,0,'Thor',0,1,180,NULL,1,0,0,0,0,0,0,1),(1112,1,7,1,NULL,NULL,NULL,0,'Dirac',0,1,180,NULL,1,0,0,0,0,0,0,1),(1113,1,7,1,NULL,NULL,NULL,0,'Dirac',0,1,180,NULL,1,0,0,0,0,0,0,1),(1114,1,7,1,NULL,NULL,NULL,0,'Dirac',1,1,180,NULL,1,0,0,0,0,0,0,1),(1115,1,7,1,NULL,NULL,NULL,0,'Dirac',0,1,180,NULL,1,0,0,0,0,0,0,1),(1116,1,7,1,NULL,NULL,NULL,0,'Dirac',1,1,180,NULL,1,0,0,0,0,0,0,1),(1117,1,7,1,NULL,NULL,NULL,0,'Dirac',1,1,180,NULL,1,0,0,0,0,0,0,1),(1118,1,7,1,NULL,NULL,NULL,0,'Dirac',0,1,180,NULL,1,0,0,0,0,0,0,1),(1119,1,7,1,NULL,NULL,NULL,0,'Dirac',1,1,180,NULL,1,0,0,0,0,0,0,1),(1120,1,7,1,NULL,NULL,NULL,0,'Demosis',0,2,210,NULL,1,0,0,0,0,0,0,1),(1121,1,7,1,NULL,NULL,NULL,0,'Demosis',0,2,210,NULL,1,0,0,0,0,0,0,1),(1122,1,7,1,NULL,NULL,NULL,0,'Thor',0,2,210,NULL,1,0,0,0,0,0,0,1),(1123,1,7,1,NULL,NULL,NULL,0,'Thor',1,2,210,NULL,1,0,0,0,0,0,0,1),(1124,1,7,1,NULL,NULL,NULL,0,'Dirac',1,2,210,NULL,1,0,0,0,0,0,0,1),(1125,1,7,1,NULL,NULL,NULL,0,'Dirac',1,2,210,NULL,1,0,0,0,0,0,0,1),(1126,1,7,1,NULL,NULL,NULL,0,'Dirac',1,2,210,NULL,1,0,0,0,0,0,0,1),(1127,1,7,1,NULL,NULL,NULL,0,'Dirac',0,2,210,NULL,1,0,0,0,0,0,0,1),(1128,1,7,1,NULL,NULL,NULL,0,'Dirac',0,2,210,NULL,1,0,0,0,0,0,0,1),(1129,1,7,1,NULL,NULL,NULL,0,'Dirac',0,2,210,NULL,1,0,0,0,0,0,0,1),(1130,1,7,1,NULL,NULL,NULL,0,'Demosis',0,2,0,NULL,1,0,0,0,0,0,0,1),(1131,1,7,1,NULL,NULL,NULL,0,'Thor',1,2,0,NULL,1,0,0,0,0,0,0,1),(1132,1,7,1,NULL,NULL,NULL,0,'Thor',0,2,0,NULL,1,0,0,0,0,0,0,1),(1133,1,7,1,NULL,NULL,NULL,0,'Thor',1,2,0,NULL,1,0,0,0,0,0,0,1),(1134,1,7,1,NULL,NULL,NULL,0,'Thor',1,2,0,NULL,1,0,0,0,0,0,0,1),(1135,1,7,1,NULL,NULL,NULL,0,'Thor',0,2,0,NULL,1,0,0,0,0,0,0,1),(1136,1,7,1,NULL,NULL,NULL,0,'Dirac',1,2,0,NULL,1,0,0,0,0,0,0,1),(1137,1,7,1,NULL,NULL,NULL,0,'Dirac',1,2,0,NULL,1,0,0,0,0,0,0,1),(1138,1,7,1,NULL,NULL,NULL,0,'Dirac',1,2,0,NULL,1,0,0,0,0,0,0,1),(1139,1,7,1,NULL,NULL,NULL,0,'Dirac',1,2,0,NULL,1,0,0,0,0,0,0,1),(1140,1,7,1,NULL,NULL,NULL,0,'Dirac',0,2,0,NULL,1,0,0,0,0,0,0,1),(1141,1,7,1,NULL,NULL,NULL,0,'Demosis',0,3,134,NULL,1,0,0,0,0,0,0,1),(1142,1,7,1,NULL,NULL,NULL,0,'Demosis',0,3,134,NULL,1,0,0,0,0,0,0,1),(1143,1,7,1,NULL,NULL,NULL,0,'Thor',1,3,134,NULL,1,0,0,0,0,0,0,1),(1144,1,7,1,NULL,NULL,NULL,0,'Thor',1,3,134,NULL,1,0,0,0,0,0,0,1),(1145,1,7,1,NULL,NULL,NULL,0,'Thor',0,3,134,NULL,1,0,0,0,0,0,0,1),(1146,1,7,1,NULL,NULL,NULL,0,'Thor',0,3,134,NULL,1,0,0,0,0,0,0,1),(1147,1,7,1,NULL,NULL,NULL,0,'Thor',0,3,134,NULL,1,0,0,0,0,0,0,1),(1148,1,7,1,NULL,NULL,NULL,0,'Dirac',1,3,134,NULL,1,0,0,0,0,0,0,1),(1149,1,7,1,NULL,NULL,NULL,0,'Dirac',1,3,134,NULL,1,0,0,0,0,0,0,1),(1150,1,7,1,NULL,NULL,NULL,0,'Dirac',1,3,134,NULL,1,0,0,0,0,0,0,1),(1151,1,7,1,NULL,NULL,NULL,0,'Dirac',0,3,134,NULL,1,0,0,0,0,0,0,1),(1152,1,7,1,NULL,NULL,NULL,0,'Dirac',1,3,134,NULL,1,0,0,0,0,0,0,1),(1153,1,7,1,NULL,NULL,NULL,0,'Dirac',1,3,134,NULL,1,0,0,0,0,0,0,1),(1154,1,7,1,NULL,NULL,NULL,0,'Dirac',1,3,134,NULL,1,0,0,0,0,0,0,1),(1155,1,7,1,NULL,NULL,NULL,0,'Thor',0,1,90,NULL,1,0,0,0,0,0,0,1),(1156,1,7,1,NULL,NULL,NULL,0,'Thor',0,1,90,NULL,1,0,0,0,0,0,0,1),(1157,1,7,1,NULL,NULL,NULL,0,'Thor',1,1,90,NULL,1,0,0,0,0,0,0,1),(1158,1,7,1,NULL,NULL,NULL,0,'Thor',0,1,90,NULL,1,0,0,0,0,0,0,1),(1159,1,7,1,NULL,NULL,NULL,0,'Dirac',1,1,90,NULL,1,0,0,0,0,0,0,1),(1160,1,7,1,NULL,NULL,NULL,0,'Dirac',0,1,90,NULL,1,0,0,0,0,0,0,1),(1161,1,7,1,NULL,NULL,NULL,0,'Dirac',0,1,90,NULL,1,0,0,0,0,0,0,1),(1162,1,7,1,NULL,NULL,NULL,0,'Dirac',1,1,90,NULL,1,0,0,0,0,0,0,1),(1163,1,7,1,NULL,NULL,NULL,0,'Dirac',0,1,90,NULL,1,0,0,0,0,0,0,1),(1164,1,7,1,NULL,NULL,NULL,0,'Thor',0,0,0,NULL,1,0,0,0,0,0,0,1),(1165,1,7,1,NULL,NULL,NULL,0,'Thor',1,0,0,NULL,1,0,0,0,0,0,0,1),(1166,1,7,1,NULL,NULL,NULL,0,'Thor',0,0,0,NULL,1,0,0,0,0,0,0,1),(1167,1,7,1,NULL,NULL,NULL,0,'Dirac',0,0,0,NULL,1,0,0,0,0,0,0,1),(1168,1,7,1,NULL,NULL,NULL,0,'Dirac',1,0,0,NULL,1,0,0,0,0,0,0,1),(1169,1,7,1,NULL,NULL,NULL,0,'Dirac',0,0,0,NULL,1,0,0,0,0,0,0,1),(1170,1,7,1,NULL,NULL,NULL,0,'Dirac',1,0,0,NULL,1,0,0,0,0,0,0,1),(1171,1,7,1,NULL,NULL,NULL,0,'Dirac',1,0,0,NULL,1,0,0,0,0,0,0,1),(1172,1,45,2,NULL,NULL,NULL,0,'Gnawer',0,NULL,NULL,NULL,1,0,0,0,0,0,0,1),(1173,1,45,2,NULL,NULL,NULL,0,'Gnawer',0,NULL,NULL,NULL,1,0,0,0,0,0,0,1),(1174,1,45,2,NULL,NULL,NULL,0,'Spudder',0,NULL,NULL,NULL,1,0,0,0,0,0,0,1),(1175,1,45,2,NULL,NULL,NULL,0,'Spudder',1,NULL,NULL,NULL,1,0,0,0,0,0,0,1),(1176,1,45,2,NULL,NULL,NULL,0,'Spudder',0,NULL,NULL,NULL,1,0,0,0,0,0,0,1),(1177,1,45,2,NULL,NULL,NULL,0,'Glancer',1,NULL,NULL,NULL,1,0,0,0,0,0,0,1),(1178,1,45,2,NULL,NULL,NULL,0,'Glancer',1,NULL,NULL,NULL,1,0,0,0,0,0,0,1),(1179,1,45,2,NULL,NULL,NULL,0,'Glancer',1,NULL,NULL,NULL,1,0,0,0,0,0,0,1),(1180,1,45,2,NULL,NULL,NULL,0,'Glancer',1,NULL,NULL,NULL,1,0,0,0,0,0,0,1),(1181,1,45,2,NULL,NULL,NULL,0,'Gnat',1,NULL,NULL,NULL,1,0,0,0,0,0,0,1),(1182,1,45,2,NULL,NULL,NULL,0,'Gnat',1,NULL,NULL,NULL,1,0,0,0,0,0,0,1),(1183,1,45,2,NULL,NULL,NULL,0,'Gnat',1,NULL,NULL,NULL,1,0,0,0,0,0,0,1),(1184,1,45,2,NULL,NULL,NULL,0,'Gnat',0,NULL,NULL,NULL,1,0,0,0,0,0,0,1),(1185,1,45,2,NULL,NULL,NULL,0,'Gnat',1,NULL,NULL,NULL,1,0,0,0,0,0,0,1),(1186,1,45,2,NULL,NULL,NULL,0,'Gnat',0,NULL,NULL,NULL,1,0,0,0,0,0,0,1),(1187,1,8,1,NULL,NULL,NULL,0,'Thor',0,0,270,NULL,1,0,0,0,0,0,0,1),(1188,1,8,1,NULL,NULL,NULL,0,'Thor',1,0,270,NULL,1,0,0,0,0,0,0,1),(1189,1,8,1,NULL,NULL,NULL,0,'Thor',0,0,270,NULL,1,0,0,0,0,0,0,1),(1190,1,8,1,NULL,NULL,NULL,0,'Thor',1,0,270,NULL,1,0,0,0,0,0,0,1),(1191,1,8,1,NULL,NULL,NULL,0,'Thor',1,0,270,NULL,1,0,0,0,0,0,0,1),(1192,1,8,1,NULL,NULL,NULL,0,'Dirac',0,0,270,NULL,1,0,0,0,0,0,0,1),(1193,1,8,1,NULL,NULL,NULL,0,'Dirac',1,0,270,NULL,1,0,0,0,0,0,0,1),(1194,1,8,1,NULL,NULL,NULL,0,'Dirac',0,0,270,NULL,1,0,0,0,0,0,0,1),(1195,1,69,4,NULL,NULL,NULL,0,'Glancer',1,NULL,NULL,NULL,1,0,0,0,0,0,0,1),(1196,1,69,4,NULL,NULL,NULL,0,'Glancer',1,NULL,NULL,NULL,1,0,0,0,0,0,0,1),(1197,1,69,4,NULL,NULL,NULL,0,'Gnat',0,NULL,NULL,NULL,1,0,0,0,0,0,0,1),(1198,1,69,4,NULL,NULL,NULL,0,'Gnat',0,NULL,NULL,NULL,1,0,0,0,0,0,0,1),(1199,1,69,4,NULL,NULL,NULL,0,'Gnat',1,NULL,NULL,NULL,1,0,0,0,0,0,0,1),(1200,1,69,4,NULL,NULL,NULL,0,'Gnat',0,NULL,NULL,NULL,1,0,0,0,0,0,0,1),(1201,1,69,4,NULL,NULL,NULL,0,'Gnat',1,NULL,NULL,NULL,1,0,0,0,0,0,0,1),(1202,1,70,4,NULL,NULL,NULL,0,'Glancer',1,NULL,NULL,NULL,1,0,0,0,0,0,0,1),(1203,1,70,4,NULL,NULL,NULL,0,'Gnat',0,NULL,NULL,NULL,1,0,0,0,0,0,0,1),(1204,1,70,4,NULL,NULL,NULL,0,'Gnat',0,NULL,NULL,NULL,1,0,0,0,0,0,0,1),(1205,1,70,4,NULL,NULL,NULL,0,'Gnat',1,NULL,NULL,NULL,1,0,0,0,0,0,0,1),(1206,1,70,4,NULL,NULL,NULL,0,'Gnat',0,NULL,NULL,NULL,1,0,0,0,0,0,0,1),(1207,1,70,4,NULL,NULL,NULL,0,'Gnat',1,NULL,NULL,NULL,1,0,0,0,0,0,0,1),(1208,1,70,4,NULL,NULL,NULL,0,'Gnat',0,NULL,NULL,NULL,1,0,0,0,0,0,0,1),(1209,1,71,4,NULL,NULL,NULL,0,'Glancer',1,NULL,NULL,NULL,1,0,0,0,0,0,0,1),(1210,1,71,4,NULL,NULL,NULL,0,'Gnat',0,NULL,NULL,NULL,1,0,0,0,0,0,0,1),(1211,1,71,4,NULL,NULL,NULL,0,'Gnat',0,NULL,NULL,NULL,1,0,0,0,0,0,0,1),(1212,1,71,4,NULL,NULL,NULL,0,'Gnat',1,NULL,NULL,NULL,1,0,0,0,0,0,0,1),(1213,1,71,4,NULL,NULL,NULL,0,'Gnat',0,NULL,NULL,NULL,1,0,0,0,0,0,0,1),(1214,1,71,4,NULL,NULL,NULL,0,'Gnat',1,NULL,NULL,NULL,1,0,0,0,0,0,0,1),(1215,1,72,4,NULL,NULL,NULL,0,'Glancer',1,NULL,NULL,NULL,1,0,0,0,0,0,0,1),(1216,1,72,4,NULL,NULL,NULL,0,'Glancer',1,NULL,NULL,NULL,1,0,0,0,0,0,0,1),(1217,1,72,4,NULL,NULL,NULL,0,'Gnat',0,NULL,NULL,NULL,1,0,0,0,0,0,0,1),(1218,1,72,4,NULL,NULL,NULL,0,'Gnat',0,NULL,NULL,NULL,1,0,0,0,0,0,0,1),(1219,1,72,4,NULL,NULL,NULL,0,'Gnat',1,NULL,NULL,NULL,1,0,0,0,0,0,0,1),(1220,1,72,4,NULL,NULL,NULL,0,'Gnat',0,NULL,NULL,NULL,1,0,0,0,0,0,0,1),(1221,1,73,4,NULL,NULL,NULL,0,'Spudder',0,NULL,NULL,NULL,1,0,0,0,0,0,0,1),(1222,1,73,4,NULL,NULL,NULL,0,'Spudder',0,NULL,NULL,NULL,1,0,0,0,0,0,0,1),(1223,1,73,4,NULL,NULL,NULL,0,'Glancer',1,NULL,NULL,NULL,1,0,0,0,0,0,0,1),(1224,1,73,4,NULL,NULL,NULL,0,'Gnat',1,NULL,NULL,NULL,1,0,0,0,0,0,0,1),(1225,1,73,4,NULL,NULL,NULL,0,'Gnat',0,NULL,NULL,NULL,1,0,0,0,0,0,0,1),(1226,1,73,4,NULL,NULL,NULL,0,'Gnat',0,NULL,NULL,NULL,1,0,0,0,0,0,0,1),(1227,1,73,4,NULL,NULL,NULL,0,'Glancer',1,NULL,NULL,NULL,1,0,0,0,0,0,0,1),(1228,1,73,4,NULL,NULL,NULL,0,'Glancer',1,NULL,NULL,NULL,1,0,0,0,0,0,0,1),(1229,1,73,4,NULL,NULL,NULL,0,'Glancer',1,NULL,NULL,NULL,1,0,0,0,0,0,0,1),(1230,1,73,4,NULL,NULL,NULL,0,'Glancer',1,NULL,NULL,NULL,1,0,0,0,0,0,0,1),(1231,1,73,4,NULL,NULL,NULL,0,'Gnat',0,NULL,NULL,NULL,1,0,0,0,0,0,0,1),(1232,1,73,4,NULL,NULL,NULL,0,'Gnat',0,NULL,NULL,NULL,1,0,0,0,0,0,0,1),(1233,1,73,4,NULL,NULL,NULL,0,'Gnat',1,NULL,NULL,NULL,1,0,0,0,0,0,0,1),(1234,1,74,4,NULL,NULL,NULL,0,'Spudder',1,NULL,NULL,NULL,1,0,0,0,0,0,0,1),(1235,1,74,4,NULL,NULL,NULL,0,'Spudder',0,NULL,NULL,NULL,1,0,0,0,0,0,0,1),(1236,1,74,4,NULL,NULL,NULL,0,'Gnat',0,NULL,NULL,NULL,1,0,0,0,0,0,0,1),(1237,1,74,4,NULL,NULL,NULL,0,'Glancer',1,NULL,NULL,NULL,1,0,0,0,0,0,0,1),(1238,1,74,4,NULL,NULL,NULL,0,'Glancer',1,NULL,NULL,NULL,1,0,0,0,0,0,0,1),(1239,1,74,4,NULL,NULL,NULL,0,'Glancer',1,NULL,NULL,NULL,1,0,0,0,0,0,0,1),(1240,1,74,4,NULL,NULL,NULL,0,'Glancer',1,NULL,NULL,NULL,1,0,0,0,0,0,0,1),(1241,1,74,4,NULL,NULL,NULL,0,'Gnat',0,NULL,NULL,NULL,1,0,0,0,0,0,0,1),(1242,1,74,4,NULL,NULL,NULL,0,'Gnat',0,NULL,NULL,NULL,1,0,0,0,0,0,0,1),(1243,1,74,4,NULL,NULL,NULL,0,'Gnat',1,NULL,NULL,NULL,1,0,0,0,0,0,0,1),(1244,1,75,4,NULL,NULL,NULL,0,'Spudder',0,NULL,NULL,NULL,1,0,0,0,0,0,0,1),(1245,1,75,4,NULL,NULL,NULL,0,'Spudder',1,NULL,NULL,NULL,1,0,0,0,0,0,0,1),(1246,1,75,4,NULL,NULL,NULL,0,'Spudder',0,NULL,NULL,NULL,1,0,0,0,0,0,0,1),(1247,1,75,4,NULL,NULL,NULL,0,'Glancer',1,NULL,NULL,NULL,1,0,0,0,0,0,0,1),(1248,1,75,4,NULL,NULL,NULL,0,'Gnat',0,NULL,NULL,NULL,1,0,0,0,0,0,0,1),(1249,1,75,4,NULL,NULL,NULL,0,'Gnat',0,NULL,NULL,NULL,1,0,0,0,0,0,0,1),(1250,1,75,4,NULL,NULL,NULL,0,'Gnat',0,NULL,NULL,NULL,1,0,0,0,0,0,0,1),(1251,1,75,4,NULL,NULL,NULL,0,'Glancer',1,NULL,NULL,NULL,1,0,0,0,0,0,0,1),(1252,1,75,4,NULL,NULL,NULL,0,'Glancer',1,NULL,NULL,NULL,1,0,0,0,0,0,0,1),(1253,1,75,4,NULL,NULL,NULL,0,'Glancer',1,NULL,NULL,NULL,1,0,0,0,0,0,0,1),(1254,1,75,4,NULL,NULL,NULL,0,'Gnat',0,NULL,NULL,NULL,1,0,0,0,0,0,0,1),(1255,1,75,4,NULL,NULL,NULL,0,'Gnat',0,NULL,NULL,NULL,1,0,0,0,0,0,0,1),(1256,1,75,4,NULL,NULL,NULL,0,'Gnat',1,NULL,NULL,NULL,1,0,0,0,0,0,0,1),(1257,1,75,4,NULL,NULL,NULL,0,'Gnat',0,NULL,NULL,NULL,1,0,0,0,0,0,0,1),(1258,1,75,4,NULL,NULL,NULL,0,'Gnat',1,NULL,NULL,NULL,1,0,0,0,0,0,0,1),(1259,1,75,4,NULL,NULL,NULL,0,'Gnat',1,NULL,NULL,NULL,1,0,0,0,0,0,0,1),(1260,1,75,4,NULL,NULL,NULL,0,'Gnat',0,NULL,NULL,NULL,1,0,0,0,0,0,0,1),(1261,1,75,4,NULL,NULL,NULL,0,'Gnat',1,NULL,NULL,NULL,1,0,0,0,0,0,0,1),(1262,1,76,4,NULL,NULL,NULL,0,'Gnawer',0,NULL,NULL,NULL,1,0,0,0,0,0,0,1),(1263,1,76,4,NULL,NULL,NULL,0,'Gnawer',0,NULL,NULL,NULL,1,0,0,0,0,0,0,1),(1264,1,76,4,NULL,NULL,NULL,0,'Gnawer',0,NULL,NULL,NULL,1,0,0,0,0,0,0,1),(1265,1,76,4,NULL,NULL,NULL,0,'Gnawer',0,NULL,NULL,NULL,1,0,0,0,0,0,0,1),(1266,1,76,4,NULL,NULL,NULL,0,'Spudder',1,NULL,NULL,NULL,1,0,0,0,0,0,0,1),(1267,1,76,4,NULL,NULL,NULL,0,'Spudder',0,NULL,NULL,NULL,1,0,0,0,0,0,0,1),(1268,1,76,4,NULL,NULL,NULL,0,'Spudder',0,NULL,NULL,NULL,1,0,0,0,0,0,0,1),(1269,1,76,4,NULL,NULL,NULL,0,'Gnat',1,NULL,NULL,NULL,1,0,0,0,0,0,0,1),(1270,1,76,4,NULL,NULL,NULL,0,'Glancer',1,NULL,NULL,NULL,1,0,0,0,0,0,0,1),(1271,1,76,4,NULL,NULL,NULL,0,'Glancer',1,NULL,NULL,NULL,1,0,0,0,0,0,0,1),(1272,1,76,4,NULL,NULL,NULL,0,'Glancer',1,NULL,NULL,NULL,1,0,0,0,0,0,0,1),(1273,1,76,4,NULL,NULL,NULL,0,'Glancer',1,NULL,NULL,NULL,1,0,0,0,0,0,0,1),(1274,1,76,4,NULL,NULL,NULL,0,'Glancer',1,NULL,NULL,NULL,1,0,0,0,0,0,0,1),(1275,1,76,4,NULL,NULL,NULL,0,'Gnat',0,NULL,NULL,NULL,1,0,0,0,0,0,0,1),(1276,1,76,4,NULL,NULL,NULL,0,'Gnat',0,NULL,NULL,NULL,1,0,0,0,0,0,0,1),(1277,1,76,4,NULL,NULL,NULL,0,'Gnat',1,NULL,NULL,NULL,1,0,0,0,0,0,0,1),(1278,1,76,4,NULL,NULL,NULL,0,'Gnat',0,NULL,NULL,NULL,1,0,0,0,0,0,0,1),(1279,1,76,4,NULL,NULL,NULL,0,'Gnat',1,NULL,NULL,NULL,1,0,0,0,0,0,0,1),(1280,1,77,4,NULL,NULL,NULL,0,'Gnawer',0,NULL,NULL,NULL,1,0,0,0,0,0,0,1),(1281,1,77,4,NULL,NULL,NULL,0,'Gnawer',0,NULL,NULL,NULL,1,0,0,0,0,0,0,1),(1282,1,77,4,NULL,NULL,NULL,0,'Gnawer',0,NULL,NULL,NULL,1,0,0,0,0,0,0,1),(1283,1,77,4,NULL,NULL,NULL,0,'Spudder',0,NULL,NULL,NULL,1,0,0,0,0,0,0,1),(1284,1,77,4,NULL,NULL,NULL,0,'Spudder',1,NULL,NULL,NULL,1,0,0,0,0,0,0,1),(1285,1,77,4,NULL,NULL,NULL,0,'Spudder',0,NULL,NULL,NULL,1,0,0,0,0,0,0,1),(1286,1,77,4,NULL,NULL,NULL,0,'Spudder',1,NULL,NULL,NULL,1,0,0,0,0,0,0,1),(1287,1,77,4,NULL,NULL,NULL,0,'Spudder',0,NULL,NULL,NULL,1,0,0,0,0,0,0,1),(1288,1,77,4,NULL,NULL,NULL,0,'Glancer',1,NULL,NULL,NULL,1,0,0,0,0,0,0,1),(1289,1,77,4,NULL,NULL,NULL,0,'Gnat',0,NULL,NULL,NULL,1,0,0,0,0,0,0,1),(1290,1,77,4,NULL,NULL,NULL,0,'Gnat',0,NULL,NULL,NULL,1,0,0,0,0,0,0,1),(1291,1,77,4,NULL,NULL,NULL,0,'Gnat',0,NULL,NULL,NULL,1,0,0,0,0,0,0,1),(1292,1,77,4,NULL,NULL,NULL,0,'Glancer',1,NULL,NULL,NULL,1,0,0,0,0,0,0,1),(1293,1,77,4,NULL,NULL,NULL,0,'Glancer',1,NULL,NULL,NULL,1,0,0,0,0,0,0,1),(1294,1,77,4,NULL,NULL,NULL,0,'Glancer',1,NULL,NULL,NULL,1,0,0,0,0,0,0,1),(1295,1,77,4,NULL,NULL,NULL,0,'Glancer',1,NULL,NULL,NULL,1,0,0,0,0,0,0,1),(1296,1,77,4,NULL,NULL,NULL,0,'Gnat',0,NULL,NULL,NULL,1,0,0,0,0,0,0,1),(1297,1,77,4,NULL,NULL,NULL,0,'Gnat',0,NULL,NULL,NULL,1,0,0,0,0,0,0,1),(1298,1,77,4,NULL,NULL,NULL,0,'Gnat',1,NULL,NULL,NULL,1,0,0,0,0,0,0,1),(1299,1,77,4,NULL,NULL,NULL,0,'Gnat',0,NULL,NULL,NULL,1,0,0,0,0,0,0,1),(1300,1,77,4,NULL,NULL,NULL,0,'Gnat',1,NULL,NULL,NULL,1,0,0,0,0,0,0,1),(1301,1,78,4,NULL,NULL,NULL,0,'Gnawer',0,NULL,NULL,NULL,1,0,0,0,0,0,0,1),(1302,1,78,4,NULL,NULL,NULL,0,'Spudder',1,NULL,NULL,NULL,1,0,0,0,0,0,0,1),(1303,1,78,4,NULL,NULL,NULL,0,'Spudder',0,NULL,NULL,NULL,1,0,0,0,0,0,0,1),(1304,1,78,4,NULL,NULL,NULL,0,'Spudder',1,NULL,NULL,NULL,1,0,0,0,0,0,0,1),(1305,1,78,4,NULL,NULL,NULL,0,'Spudder',0,NULL,NULL,NULL,1,0,0,0,0,0,0,1),(1306,1,78,4,NULL,NULL,NULL,0,'Glancer',1,NULL,NULL,NULL,1,0,0,0,0,0,0,1),(1307,1,78,4,NULL,NULL,NULL,0,'Gnat',0,NULL,NULL,NULL,1,0,0,0,0,0,0,1),(1308,1,78,4,NULL,NULL,NULL,0,'Glancer',1,NULL,NULL,NULL,1,0,0,0,0,0,0,1),(1309,1,78,4,NULL,NULL,NULL,0,'Glancer',1,NULL,NULL,NULL,1,0,0,0,0,0,0,1),(1310,1,78,4,NULL,NULL,NULL,0,'Glancer',1,NULL,NULL,NULL,1,0,0,0,0,0,0,1),(1311,1,78,4,NULL,NULL,NULL,0,'Glancer',1,NULL,NULL,NULL,1,0,0,0,0,0,0,1),(1312,1,78,4,NULL,NULL,NULL,0,'Gnat',0,NULL,NULL,NULL,1,0,0,0,0,0,0,1),(1313,1,78,4,NULL,NULL,NULL,0,'Gnat',0,NULL,NULL,NULL,1,0,0,0,0,0,0,1),(1314,1,78,4,NULL,NULL,NULL,0,'Gnat',1,NULL,NULL,NULL,1,0,0,0,0,0,0,1),(1315,1,78,4,NULL,NULL,NULL,0,'Gnat',1,NULL,NULL,NULL,1,0,0,0,0,0,0,1),(1316,1,79,4,NULL,NULL,NULL,0,'Gnawer',0,NULL,NULL,NULL,1,0,0,0,0,0,0,1),(1317,1,79,4,NULL,NULL,NULL,0,'Spudder',0,NULL,NULL,NULL,1,0,0,0,0,0,0,1),(1318,1,79,4,NULL,NULL,NULL,0,'Spudder',0,NULL,NULL,NULL,1,0,0,0,0,0,0,1),(1319,1,79,4,NULL,NULL,NULL,0,'Spudder',1,NULL,NULL,NULL,1,0,0,0,0,0,0,1),(1320,1,79,4,NULL,NULL,NULL,0,'Gnawer',0,NULL,NULL,NULL,1,0,0,0,0,0,0,1),(1321,1,79,4,NULL,NULL,NULL,0,'Spudder',1,NULL,NULL,NULL,1,0,0,0,0,0,0,1),(1322,1,79,4,NULL,NULL,NULL,0,'Spudder',0,NULL,NULL,NULL,1,0,0,0,0,0,0,1),(1323,1,79,4,NULL,NULL,NULL,0,'Glancer',1,NULL,NULL,NULL,1,0,0,0,0,0,0,1),(1324,1,79,4,NULL,NULL,NULL,0,'Gnat',0,NULL,NULL,NULL,1,0,0,0,0,0,0,1),(1325,1,79,4,NULL,NULL,NULL,0,'Glancer',1,NULL,NULL,NULL,1,0,0,0,0,0,0,1),(1326,1,79,4,NULL,NULL,NULL,0,'Glancer',1,NULL,NULL,NULL,1,0,0,0,0,0,0,1),(1327,1,79,4,NULL,NULL,NULL,0,'Gnat',0,NULL,NULL,NULL,1,0,0,0,0,0,0,1),(1328,1,79,4,NULL,NULL,NULL,0,'Gnat',0,NULL,NULL,NULL,1,0,0,0,0,0,0,1),(1329,1,79,4,NULL,NULL,NULL,0,'Gnat',1,NULL,NULL,NULL,1,0,0,0,0,0,0,1),(1330,1,80,4,NULL,NULL,NULL,0,'Spudder',0,NULL,NULL,NULL,1,0,0,0,0,0,0,1),(1331,1,80,4,NULL,NULL,NULL,0,'Glancer',1,NULL,NULL,NULL,1,0,0,0,0,0,0,1),(1332,1,80,4,NULL,NULL,NULL,0,'Gnat',1,NULL,NULL,NULL,1,0,0,0,0,0,0,1),(1333,1,80,4,NULL,NULL,NULL,0,'Gnat',0,NULL,NULL,NULL,1,0,0,0,0,0,0,1),(1334,1,80,4,NULL,NULL,NULL,0,'Glancer',1,NULL,NULL,NULL,1,0,0,0,0,0,0,1),(1335,1,80,4,NULL,NULL,NULL,0,'Glancer',1,NULL,NULL,NULL,1,0,0,0,0,0,0,1),(1336,1,80,4,NULL,NULL,NULL,0,'Glancer',1,NULL,NULL,NULL,1,0,0,0,0,0,0,1),(1337,1,80,4,NULL,NULL,NULL,0,'Gnat',0,NULL,NULL,NULL,1,0,0,0,0,0,0,1),(1338,1,80,4,NULL,NULL,NULL,0,'Gnat',0,NULL,NULL,NULL,1,0,0,0,0,0,0,1),(1339,1,80,4,NULL,NULL,NULL,0,'Gnat',1,NULL,NULL,NULL,1,0,0,0,0,0,0,1),(1340,1,80,4,NULL,NULL,NULL,0,'Gnat',1,NULL,NULL,NULL,1,0,0,0,0,0,0,1),(1341,1,81,4,NULL,NULL,NULL,0,'Glancer',1,NULL,NULL,NULL,1,0,0,0,0,0,0,1),(1342,1,81,4,NULL,NULL,NULL,0,'Gnat',0,NULL,NULL,NULL,1,0,0,0,0,0,0,1),(1343,1,81,4,NULL,NULL,NULL,0,'Gnat',0,NULL,NULL,NULL,1,0,0,0,0,0,0,1),(1344,1,81,4,NULL,NULL,NULL,0,'Glancer',1,NULL,NULL,NULL,1,0,0,0,0,0,0,1),(1345,1,81,4,NULL,NULL,NULL,0,'Glancer',1,NULL,NULL,NULL,1,0,0,0,0,0,0,1),(1346,1,81,4,NULL,NULL,NULL,0,'Glancer',1,NULL,NULL,NULL,1,0,0,0,0,0,0,1),(1347,1,81,4,NULL,NULL,NULL,0,'Glancer',1,NULL,NULL,NULL,1,0,0,0,0,0,0,1),(1348,1,81,4,NULL,NULL,NULL,0,'Gnat',0,NULL,NULL,NULL,1,0,0,0,0,0,0,1),(1349,1,81,4,NULL,NULL,NULL,0,'Gnat',0,NULL,NULL,NULL,1,0,0,0,0,0,0,1),(1350,1,81,4,NULL,NULL,NULL,0,'Gnat',1,NULL,NULL,NULL,1,0,0,0,0,0,0,1),(1351,1,82,4,NULL,NULL,NULL,0,'Gnat',0,NULL,NULL,NULL,1,0,0,0,0,0,0,1),(1352,1,82,4,NULL,NULL,NULL,0,'Gnat',0,NULL,NULL,NULL,1,0,0,0,0,0,0,1),(1353,1,82,4,NULL,NULL,NULL,0,'Gnat',1,NULL,NULL,NULL,1,0,0,0,0,0,0,1),(1354,1,83,4,NULL,NULL,NULL,0,'Gnat',0,NULL,NULL,NULL,1,0,0,0,0,0,0,1),(1355,1,83,4,NULL,NULL,NULL,0,'Gnat',0,NULL,NULL,NULL,1,0,0,0,0,0,0,1),(1356,1,83,4,NULL,NULL,NULL,0,'Gnat',1,NULL,NULL,NULL,1,0,0,0,0,0,0,1),(1357,1,83,4,NULL,NULL,NULL,0,'Gnat',0,NULL,NULL,NULL,1,0,0,0,0,0,0,1),(1358,1,83,4,NULL,NULL,NULL,0,'Gnat',0,NULL,NULL,NULL,1,0,0,0,0,0,0,1),(1359,1,84,4,NULL,NULL,NULL,0,'Gnat',0,NULL,NULL,NULL,1,0,0,0,0,0,0,1),(1360,1,84,4,NULL,NULL,NULL,0,'Gnat',0,NULL,NULL,NULL,1,0,0,0,0,0,0,1),(1361,1,84,4,NULL,NULL,NULL,0,'Gnat',1,NULL,NULL,NULL,1,0,0,0,0,0,0,1),(1362,1,84,4,NULL,NULL,NULL,0,'Gnat',0,NULL,NULL,NULL,1,0,0,0,0,0,0,1),(1363,1,84,4,NULL,NULL,NULL,0,'Gnat',0,NULL,NULL,NULL,1,0,0,0,0,0,0,1),(1364,1,84,4,NULL,NULL,NULL,0,'Gnat',1,NULL,NULL,NULL,1,0,0,0,0,0,0,1),(1365,1,84,4,NULL,NULL,NULL,0,'Gnat',0,NULL,NULL,NULL,1,0,0,0,0,0,0,1),(1366,1,85,4,NULL,NULL,NULL,0,'Gnat',0,NULL,NULL,NULL,1,0,0,0,0,0,0,1),(1367,1,85,4,NULL,NULL,NULL,0,'Gnat',0,NULL,NULL,NULL,1,0,0,0,0,0,0,1),(1368,1,85,4,NULL,NULL,NULL,0,'Gnat',1,NULL,NULL,NULL,1,0,0,0,0,0,0,1),(1369,1,8,1,NULL,NULL,NULL,0,'Thor',1,2,180,NULL,1,0,0,0,0,0,0,1),(1370,1,8,1,NULL,NULL,NULL,0,'Dirac',0,2,180,NULL,1,0,0,0,0,0,0,1),(1371,1,8,1,NULL,NULL,NULL,0,'Dirac',0,2,180,NULL,1,0,0,0,0,0,0,1),(1372,1,8,1,NULL,NULL,NULL,0,'Dirac',1,2,180,NULL,1,0,0,0,0,0,0,1),(1373,1,8,1,NULL,NULL,NULL,0,'Dirac',1,2,180,NULL,1,0,0,0,0,0,0,1),(1374,1,8,1,NULL,NULL,NULL,0,'Dirac',1,2,180,NULL,1,0,0,0,0,0,0,1),(1375,1,8,1,NULL,NULL,NULL,0,'Demosis',0,0,180,NULL,1,0,0,0,0,0,0,1),(1376,1,8,1,NULL,NULL,NULL,0,'Thor',0,0,180,NULL,1,0,0,0,0,0,0,1),(1377,1,8,1,NULL,NULL,NULL,0,'Thor',0,0,180,NULL,1,0,0,0,0,0,0,1),(1378,1,8,1,NULL,NULL,NULL,0,'Thor',1,0,180,NULL,1,0,0,0,0,0,0,1),(1379,1,8,1,NULL,NULL,NULL,0,'Thor',1,0,180,NULL,1,0,0,0,0,0,0,1),(1380,1,8,1,NULL,NULL,NULL,0,'Dirac',0,0,180,NULL,1,0,0,0,0,0,0,1),(1381,1,8,1,NULL,NULL,NULL,0,'Dirac',0,0,180,NULL,1,0,0,0,0,0,0,1),(1382,1,8,1,NULL,NULL,NULL,0,'Dirac',0,0,180,NULL,1,0,0,0,0,0,0,1),(1383,1,8,1,NULL,NULL,NULL,0,'Dirac',0,0,180,NULL,1,0,0,0,0,0,0,1),(1384,1,8,1,NULL,NULL,NULL,0,'Dirac',1,0,180,NULL,1,0,0,0,0,0,0,1),(1385,1,8,1,NULL,NULL,NULL,0,'Thor',0,2,150,NULL,1,0,0,0,0,0,0,1),(1386,1,8,1,NULL,NULL,NULL,0,'Thor',0,2,150,NULL,1,0,0,0,0,0,0,1),(1387,1,8,1,NULL,NULL,NULL,0,'Thor',0,2,150,NULL,1,0,0,0,0,0,0,1),(1388,1,8,1,NULL,NULL,NULL,0,'Dirac',1,2,150,NULL,1,0,0,0,0,0,0,1),(1389,1,8,1,NULL,NULL,NULL,0,'Dirac',1,2,150,NULL,1,0,0,0,0,0,0,1),(1390,1,8,1,NULL,NULL,NULL,0,'Demosis',0,2,270,NULL,1,0,0,0,0,0,0,1),(1391,1,8,1,NULL,NULL,NULL,0,'Thor',0,2,270,NULL,1,0,0,0,0,0,0,1),(1392,1,8,1,NULL,NULL,NULL,0,'Thor',1,2,270,NULL,1,0,0,0,0,0,0,1),(1393,1,8,1,NULL,NULL,NULL,0,'Dirac',1,2,270,NULL,1,0,0,0,0,0,0,1),(1394,1,8,1,NULL,NULL,NULL,0,'Dirac',0,2,270,NULL,1,0,0,0,0,0,0,1),(1395,1,8,1,NULL,NULL,NULL,0,'Demosis',0,1,225,NULL,1,0,0,0,0,0,0,1),(1396,1,8,1,NULL,NULL,NULL,0,'Thor',1,1,225,NULL,1,0,0,0,0,0,0,1),(1397,1,8,1,NULL,NULL,NULL,0,'Thor',0,1,225,NULL,1,0,0,0,0,0,0,1),(1398,1,8,1,NULL,NULL,NULL,0,'Dirac',1,1,225,NULL,1,0,0,0,0,0,0,1),(1399,1,8,1,NULL,NULL,NULL,0,'Dirac',0,1,225,NULL,1,0,0,0,0,0,0,1),(1400,1,8,1,NULL,NULL,NULL,0,'Dirac',0,1,225,NULL,1,0,0,0,0,0,0,1),(1401,1,8,1,NULL,NULL,NULL,0,'Dirac',1,1,225,NULL,1,0,0,0,0,0,0,1),(1402,1,8,1,NULL,NULL,NULL,0,'Dirac',1,1,225,NULL,1,0,0,0,0,0,0,1),(1403,1,8,1,NULL,NULL,NULL,0,'Demosis',0,3,336,NULL,1,0,0,0,0,0,0,1),(1404,1,8,1,NULL,NULL,NULL,0,'Thor',1,3,336,NULL,1,0,0,0,0,0,0,1),(1405,1,8,1,NULL,NULL,NULL,0,'Thor',0,3,336,NULL,1,0,0,0,0,0,0,1),(1406,1,8,1,NULL,NULL,NULL,0,'Thor',1,3,336,NULL,1,0,0,0,0,0,0,1),(1407,1,8,1,NULL,NULL,NULL,0,'Thor',0,3,336,NULL,1,0,0,0,0,0,0,1),(1408,1,8,1,NULL,NULL,NULL,0,'Thor',0,3,336,NULL,1,0,0,0,0,0,0,1),(1409,1,8,1,NULL,NULL,NULL,0,'Dirac',1,3,336,NULL,1,0,0,0,0,0,0,1),(1410,1,8,1,NULL,NULL,NULL,0,'Dirac',1,3,336,NULL,1,0,0,0,0,0,0,1),(1411,1,8,1,NULL,NULL,NULL,0,'Dirac',1,3,336,NULL,1,0,0,0,0,0,0,1),(1412,1,8,1,NULL,NULL,NULL,0,'Dirac',0,3,336,NULL,1,0,0,0,0,0,0,1),(1413,1,8,1,NULL,NULL,NULL,0,'Dirac',0,3,336,NULL,1,0,0,0,0,0,0,1),(1414,1,8,1,NULL,NULL,NULL,0,'Dirac',0,3,336,NULL,1,0,0,0,0,0,0,1),(1415,1,8,1,NULL,NULL,NULL,0,'Demosis',0,2,240,NULL,1,0,0,0,0,0,0,1),(1416,1,8,1,NULL,NULL,NULL,0,'Thor',1,2,240,NULL,1,0,0,0,0,0,0,1),(1417,1,8,1,NULL,NULL,NULL,0,'Thor',1,2,240,NULL,1,0,0,0,0,0,0,1),(1418,1,8,1,NULL,NULL,NULL,0,'Dirac',0,2,240,NULL,1,0,0,0,0,0,0,1),(1419,1,8,1,NULL,NULL,NULL,0,'Dirac',0,2,240,NULL,1,0,0,0,0,0,0,1),(1420,1,8,1,NULL,NULL,NULL,0,'Dirac',1,2,240,NULL,1,0,0,0,0,0,0,1),(1421,1,8,1,NULL,NULL,NULL,0,'Dirac',0,2,240,NULL,1,0,0,0,0,0,0,1),(1422,1,8,1,NULL,NULL,NULL,0,'Thor',0,1,180,NULL,1,0,0,0,0,0,0,1),(1423,1,8,1,NULL,NULL,NULL,0,'Thor',1,1,180,NULL,1,0,0,0,0,0,0,1),(1424,1,8,1,NULL,NULL,NULL,0,'Thor',1,1,180,NULL,1,0,0,0,0,0,0,1),(1425,1,8,1,NULL,NULL,NULL,0,'Dirac',1,1,180,NULL,1,0,0,0,0,0,0,1),(1426,1,8,1,NULL,NULL,NULL,0,'Dirac',0,1,180,NULL,1,0,0,0,0,0,0,1),(1427,1,8,1,NULL,NULL,NULL,0,'Dirac',1,1,180,NULL,1,0,0,0,0,0,0,1),(1428,1,8,1,NULL,NULL,NULL,0,'Demosis',0,2,120,NULL,1,0,0,0,0,0,0,1),(1429,1,8,1,NULL,NULL,NULL,0,'Thor',0,2,120,NULL,1,0,0,0,0,0,0,1),(1430,1,8,1,NULL,NULL,NULL,0,'Thor',1,2,120,NULL,1,0,0,0,0,0,0,1),(1431,1,8,1,NULL,NULL,NULL,0,'Thor',0,2,120,NULL,1,0,0,0,0,0,0,1),(1432,1,8,1,NULL,NULL,NULL,0,'Thor',1,2,120,NULL,1,0,0,0,0,0,0,1),(1433,1,8,1,NULL,NULL,NULL,0,'Dirac',0,2,120,NULL,1,0,0,0,0,0,0,1),(1434,1,8,1,NULL,NULL,NULL,0,'Dirac',0,2,120,NULL,1,0,0,0,0,0,0,1),(1435,1,8,1,NULL,NULL,NULL,0,'Dirac',0,2,120,NULL,1,0,0,0,0,0,0,1),(1436,1,8,1,NULL,NULL,NULL,0,'Dirac',0,2,120,NULL,1,0,0,0,0,0,0,1),(1437,1,8,1,NULL,NULL,NULL,0,'Dirac',0,2,120,NULL,1,0,0,0,0,0,0,1),(1438,1,8,1,NULL,NULL,NULL,0,'Demosis',0,2,210,NULL,1,0,0,0,0,0,0,1),(1439,1,8,1,NULL,NULL,NULL,0,'Thor',0,2,210,NULL,1,0,0,0,0,0,0,1),(1440,1,8,1,NULL,NULL,NULL,0,'Thor',1,2,210,NULL,1,0,0,0,0,0,0,1),(1441,1,8,1,NULL,NULL,NULL,0,'Thor',1,2,210,NULL,1,0,0,0,0,0,0,1),(1442,1,8,1,NULL,NULL,NULL,0,'Thor',1,2,210,NULL,1,0,0,0,0,0,0,1),(1443,1,8,1,NULL,NULL,NULL,0,'Dirac',0,2,210,NULL,1,0,0,0,0,0,0,1),(1444,1,8,1,NULL,NULL,NULL,0,'Dirac',1,2,210,NULL,1,0,0,0,0,0,0,1),(1445,1,8,1,NULL,NULL,NULL,0,'Dirac',1,2,210,NULL,1,0,0,0,0,0,0,1),(1446,1,8,1,NULL,NULL,NULL,0,'Dirac',1,2,210,NULL,1,0,0,0,0,0,0,1),(1447,1,8,1,NULL,NULL,NULL,0,'Dirac',0,2,210,NULL,1,0,0,0,0,0,0,1),(1448,1,8,1,NULL,NULL,NULL,0,'Thor',0,1,135,NULL,1,0,0,0,0,0,0,1),(1449,1,8,1,NULL,NULL,NULL,0,'Thor',1,1,135,NULL,1,0,0,0,0,0,0,1),(1450,1,8,1,NULL,NULL,NULL,0,'Dirac',1,1,135,NULL,1,0,0,0,0,0,0,1),(1451,1,8,1,NULL,NULL,NULL,0,'Dirac',0,1,135,NULL,1,0,0,0,0,0,0,1),(1452,1,8,1,NULL,NULL,NULL,0,'Dirac',0,1,135,NULL,1,0,0,0,0,0,0,1),(1453,1,8,1,NULL,NULL,NULL,0,'Dirac',1,1,135,NULL,1,0,0,0,0,0,0,1),(1454,1,8,1,NULL,NULL,NULL,0,'Dirac',0,1,135,NULL,1,0,0,0,0,0,0,1),(1455,1,8,1,NULL,NULL,NULL,0,'Thor',0,2,0,NULL,1,0,0,0,0,0,0,1),(1456,1,8,1,NULL,NULL,NULL,0,'Thor',0,2,0,NULL,1,0,0,0,0,0,0,1),(1457,1,8,1,NULL,NULL,NULL,0,'Thor',1,2,0,NULL,1,0,0,0,0,0,0,1),(1458,1,8,1,NULL,NULL,NULL,0,'Dirac',0,2,0,NULL,1,0,0,0,0,0,0,1),(1459,1,8,1,NULL,NULL,NULL,0,'Dirac',0,2,0,NULL,1,0,0,0,0,0,0,1),(1460,1,8,1,NULL,NULL,NULL,0,'Dirac',1,2,0,NULL,1,0,0,0,0,0,0,1),(1461,1,8,1,NULL,NULL,NULL,0,'Dirac',0,2,0,NULL,1,0,0,0,0,0,0,1),(1462,1,8,1,NULL,NULL,NULL,0,'Dirac',1,2,0,NULL,1,0,0,0,0,0,0,1),(1463,1,8,1,NULL,NULL,NULL,0,'Dirac',1,2,0,NULL,1,0,0,0,0,0,0,1),(1464,1,8,1,NULL,NULL,NULL,0,'Dirac',1,2,0,NULL,1,0,0,0,0,0,0,1),(1465,1,8,1,NULL,NULL,NULL,0,'Thor',0,2,300,NULL,1,0,0,0,0,0,0,1),(1466,1,8,1,NULL,NULL,NULL,0,'Thor',0,2,300,NULL,1,0,0,0,0,0,0,1),(1467,1,8,1,NULL,NULL,NULL,0,'Thor',0,2,300,NULL,1,0,0,0,0,0,0,1),(1468,1,8,1,NULL,NULL,NULL,0,'Dirac',1,2,300,NULL,1,0,0,0,0,0,0,1),(1469,1,8,1,NULL,NULL,NULL,0,'Dirac',1,2,300,NULL,1,0,0,0,0,0,0,1),(1470,1,8,1,NULL,NULL,NULL,0,'Dirac',0,2,300,NULL,1,0,0,0,0,0,0,1),(1471,1,8,1,NULL,NULL,NULL,0,'Dirac',0,2,300,NULL,1,0,0,0,0,0,0,1),(1472,1,8,1,NULL,NULL,NULL,0,'Dirac',0,2,300,NULL,1,0,0,0,0,0,0,1),(1473,1,8,1,NULL,NULL,NULL,0,'Dirac',0,2,300,NULL,1,0,0,0,0,0,0,1),(1474,1,8,1,NULL,NULL,NULL,0,'Dirac',1,2,300,NULL,1,0,0,0,0,0,0,1),(1475,1,59,2,NULL,NULL,NULL,0,'Gnawer',0,NULL,NULL,NULL,1,0,0,0,0,0,0,1),(1476,1,59,2,NULL,NULL,NULL,0,'Gnawer',0,NULL,NULL,NULL,1,0,0,0,0,0,0,1),(1477,1,59,2,NULL,NULL,NULL,0,'Spudder',1,NULL,NULL,NULL,1,0,0,0,0,0,0,1),(1478,1,59,2,NULL,NULL,NULL,0,'Spudder',1,NULL,NULL,NULL,1,0,0,0,0,0,0,1),(1479,1,59,2,NULL,NULL,NULL,0,'Spudder',1,NULL,NULL,NULL,1,0,0,0,0,0,0,1),(1480,1,59,2,NULL,NULL,NULL,0,'Glancer',1,NULL,NULL,NULL,1,0,0,0,0,0,0,1),(1481,1,59,2,NULL,NULL,NULL,0,'Glancer',1,NULL,NULL,NULL,1,0,0,0,0,0,0,1),(1482,1,59,2,NULL,NULL,NULL,0,'Glancer',1,NULL,NULL,NULL,1,0,0,0,0,0,0,1),(1483,1,59,2,NULL,NULL,NULL,0,'Glancer',1,NULL,NULL,NULL,1,0,0,0,0,0,0,1),(1484,1,59,2,NULL,NULL,NULL,0,'Gnat',1,NULL,NULL,NULL,1,0,0,0,0,0,0,1),(1485,1,59,2,NULL,NULL,NULL,0,'Gnat',1,NULL,NULL,NULL,1,0,0,0,0,0,0,1),(1486,1,59,2,NULL,NULL,NULL,0,'Gnat',0,NULL,NULL,NULL,1,0,0,0,0,0,0,1),(1487,1,59,2,NULL,NULL,NULL,0,'Gnat',0,NULL,NULL,NULL,1,0,0,0,0,0,0,1),(1488,1,59,2,NULL,NULL,NULL,0,'Gnat',1,NULL,NULL,NULL,1,0,0,0,0,0,0,1),(1489,1,59,2,NULL,NULL,NULL,0,'Gnat',1,NULL,NULL,NULL,1,0,0,0,0,0,0,1),(1490,1,59,2,NULL,NULL,NULL,0,'Gnat',1,NULL,NULL,NULL,1,0,0,0,0,0,0,1),(1491,1,8,1,NULL,NULL,NULL,0,'Thor',0,1,45,NULL,1,0,0,0,0,0,0,1),(1492,1,8,1,NULL,NULL,NULL,0,'Thor',0,1,45,NULL,1,0,0,0,0,0,0,1),(1493,1,8,1,NULL,NULL,NULL,0,'Thor',1,1,45,NULL,1,0,0,0,0,0,0,1),(1494,1,8,1,NULL,NULL,NULL,0,'Dirac',0,1,45,NULL,1,0,0,0,0,0,0,1),(1495,1,8,1,NULL,NULL,NULL,0,'Dirac',0,1,45,NULL,1,0,0,0,0,0,0,1),(1496,1,8,1,NULL,NULL,NULL,0,'Dirac',1,1,45,NULL,1,0,0,0,0,0,0,1),(1497,1,8,1,NULL,NULL,NULL,0,'Dirac',1,1,45,NULL,1,0,0,0,0,0,0,1),(1498,1,8,1,NULL,NULL,NULL,0,'Dirac',0,1,45,NULL,1,0,0,0,0,0,0,1),(1499,1,86,4,NULL,NULL,NULL,0,'Glancer',1,NULL,NULL,NULL,1,0,0,0,0,0,0,1),(1500,1,86,4,NULL,NULL,NULL,0,'Glancer',1,NULL,NULL,NULL,1,0,0,0,0,0,0,1),(1501,1,86,4,NULL,NULL,NULL,0,'Gnat',0,NULL,NULL,NULL,1,0,0,0,0,0,0,1),(1502,1,86,4,NULL,NULL,NULL,0,'Gnat',0,NULL,NULL,NULL,1,0,0,0,0,0,0,1),(1503,1,86,4,NULL,NULL,NULL,0,'Gnat',1,NULL,NULL,NULL,1,0,0,0,0,0,0,1),(1504,1,86,4,NULL,NULL,NULL,0,'Gnat',0,NULL,NULL,NULL,1,0,0,0,0,0,0,1),(1505,1,86,4,NULL,NULL,NULL,0,'Gnat',0,NULL,NULL,NULL,1,0,0,0,0,0,0,1),(1506,1,87,4,NULL,NULL,NULL,0,'Glancer',1,NULL,NULL,NULL,1,0,0,0,0,0,0,1),(1507,1,87,4,NULL,NULL,NULL,0,'Gnat',0,NULL,NULL,NULL,1,0,0,0,0,0,0,1),(1508,1,87,4,NULL,NULL,NULL,0,'Gnat',0,NULL,NULL,NULL,1,0,0,0,0,0,0,1),(1509,1,87,4,NULL,NULL,NULL,0,'Gnat',1,NULL,NULL,NULL,1,0,0,0,0,0,0,1),(1510,1,87,4,NULL,NULL,NULL,0,'Gnat',0,NULL,NULL,NULL,1,0,0,0,0,0,0,1),(1511,1,87,4,NULL,NULL,NULL,0,'Gnat',1,NULL,NULL,NULL,1,0,0,0,0,0,0,1),(1512,1,87,4,NULL,NULL,NULL,0,'Gnat',0,NULL,NULL,NULL,1,0,0,0,0,0,0,1),(1513,1,87,4,NULL,NULL,NULL,0,'Gnat',1,NULL,NULL,NULL,1,0,0,0,0,0,0,1),(1514,1,88,4,NULL,NULL,NULL,0,'Gnawer',0,NULL,NULL,NULL,1,0,0,0,0,0,0,1),(1515,1,88,4,NULL,NULL,NULL,0,'Spudder',0,NULL,NULL,NULL,1,0,0,0,0,0,0,1),(1516,1,88,4,NULL,NULL,NULL,0,'Spudder',1,NULL,NULL,NULL,1,0,0,0,0,0,0,1),(1517,1,88,4,NULL,NULL,NULL,0,'Spudder',0,NULL,NULL,NULL,1,0,0,0,0,0,0,1),(1518,1,88,4,NULL,NULL,NULL,0,'Glancer',1,NULL,NULL,NULL,1,0,0,0,0,0,0,1),(1519,1,88,4,NULL,NULL,NULL,0,'Gnat',1,NULL,NULL,NULL,1,0,0,0,0,0,0,1),(1520,1,88,4,NULL,NULL,NULL,0,'Gnat',0,NULL,NULL,NULL,1,0,0,0,0,0,0,1),(1521,1,88,4,NULL,NULL,NULL,0,'Glancer',1,NULL,NULL,NULL,1,0,0,0,0,0,0,1),(1522,1,88,4,NULL,NULL,NULL,0,'Glancer',1,NULL,NULL,NULL,1,0,0,0,0,0,0,1),(1523,1,88,4,NULL,NULL,NULL,0,'Gnat',0,NULL,NULL,NULL,1,0,0,0,0,0,0,1),(1524,1,88,4,NULL,NULL,NULL,0,'Gnat',0,NULL,NULL,NULL,1,0,0,0,0,0,0,1),(1525,1,88,4,NULL,NULL,NULL,0,'Gnat',1,NULL,NULL,NULL,1,0,0,0,0,0,0,1),(1526,1,88,4,NULL,NULL,NULL,0,'Gnat',0,NULL,NULL,NULL,1,0,0,0,0,0,0,1),(1527,1,88,4,NULL,NULL,NULL,0,'Gnat',0,NULL,NULL,NULL,1,0,0,0,0,0,0,1),(1528,1,88,4,NULL,NULL,NULL,0,'Gnat',1,NULL,NULL,NULL,1,0,0,0,0,0,0,1),(1529,1,89,4,NULL,NULL,NULL,0,'Spudder',0,NULL,NULL,NULL,1,0,0,0,0,0,0,1),(1530,1,89,4,NULL,NULL,NULL,0,'Spudder',1,NULL,NULL,NULL,1,0,0,0,0,0,0,1),(1531,1,89,4,NULL,NULL,NULL,0,'Spudder',0,NULL,NULL,NULL,1,0,0,0,0,0,0,1),(1532,1,89,4,NULL,NULL,NULL,0,'Glancer',1,NULL,NULL,NULL,1,0,0,0,0,0,0,1),(1533,1,89,4,NULL,NULL,NULL,0,'Gnat',0,NULL,NULL,NULL,1,0,0,0,0,0,0,1),(1534,1,89,4,NULL,NULL,NULL,0,'Gnat',0,NULL,NULL,NULL,1,0,0,0,0,0,0,1),(1535,1,89,4,NULL,NULL,NULL,0,'Glancer',1,NULL,NULL,NULL,1,0,0,0,0,0,0,1),(1536,1,89,4,NULL,NULL,NULL,0,'Glancer',1,NULL,NULL,NULL,1,0,0,0,0,0,0,1),(1537,1,89,4,NULL,NULL,NULL,0,'Glancer',1,NULL,NULL,NULL,1,0,0,0,0,0,0,1),(1538,1,89,4,NULL,NULL,NULL,0,'Gnat',0,NULL,NULL,NULL,1,0,0,0,0,0,0,1),(1539,1,89,4,NULL,NULL,NULL,0,'Gnat',0,NULL,NULL,NULL,1,0,0,0,0,0,0,1),(1540,1,89,4,NULL,NULL,NULL,0,'Gnat',1,NULL,NULL,NULL,1,0,0,0,0,0,0,1),(1541,1,89,4,NULL,NULL,NULL,0,'Gnat',1,NULL,NULL,NULL,1,0,0,0,0,0,0,1),(1542,1,90,4,NULL,NULL,NULL,0,'Spudder',0,NULL,NULL,NULL,1,0,0,0,0,0,0,1),(1543,1,90,4,NULL,NULL,NULL,0,'Glancer',1,NULL,NULL,NULL,1,0,0,0,0,0,0,1),(1544,1,90,4,NULL,NULL,NULL,0,'Glancer',1,NULL,NULL,NULL,1,0,0,0,0,0,0,1),(1545,1,90,4,NULL,NULL,NULL,0,'Glancer',1,NULL,NULL,NULL,1,0,0,0,0,0,0,1),(1546,1,90,4,NULL,NULL,NULL,0,'Gnat',0,NULL,NULL,NULL,1,0,0,0,0,0,0,1),(1547,1,90,4,NULL,NULL,NULL,0,'Gnat',0,NULL,NULL,NULL,1,0,0,0,0,0,0,1),(1548,1,90,4,NULL,NULL,NULL,0,'Gnat',1,NULL,NULL,NULL,1,0,0,0,0,0,0,1),(1549,1,90,4,NULL,NULL,NULL,0,'Gnat',1,NULL,NULL,NULL,1,0,0,0,0,0,0,1),(1550,1,90,4,NULL,NULL,NULL,0,'Gnat',1,NULL,NULL,NULL,1,0,0,0,0,0,0,1),(1551,1,91,4,NULL,NULL,NULL,0,'Spudder',0,NULL,NULL,NULL,1,0,0,0,0,0,0,1),(1552,1,91,4,NULL,NULL,NULL,0,'Spudder',1,NULL,NULL,NULL,1,0,0,0,0,0,0,1),(1553,1,91,4,NULL,NULL,NULL,0,'Spudder',0,NULL,NULL,NULL,1,0,0,0,0,0,0,1),(1554,1,91,4,NULL,NULL,NULL,0,'Glancer',1,NULL,NULL,NULL,1,0,0,0,0,0,0,1),(1555,1,91,4,NULL,NULL,NULL,0,'Gnat',1,NULL,NULL,NULL,1,0,0,0,0,0,0,1),(1556,1,91,4,NULL,NULL,NULL,0,'Gnat',0,NULL,NULL,NULL,1,0,0,0,0,0,0,1),(1557,1,91,4,NULL,NULL,NULL,0,'Gnat',0,NULL,NULL,NULL,1,0,0,0,0,0,0,1),(1558,1,91,4,NULL,NULL,NULL,0,'Glancer',1,NULL,NULL,NULL,1,0,0,0,0,0,0,1),(1559,1,91,4,NULL,NULL,NULL,0,'Glancer',1,NULL,NULL,NULL,1,0,0,0,0,0,0,1),(1560,1,91,4,NULL,NULL,NULL,0,'Glancer',1,NULL,NULL,NULL,1,0,0,0,0,0,0,1),(1561,1,91,4,NULL,NULL,NULL,0,'Gnat',0,NULL,NULL,NULL,1,0,0,0,0,0,0,1),(1562,1,91,4,NULL,NULL,NULL,0,'Gnat',0,NULL,NULL,NULL,1,0,0,0,0,0,0,1),(1563,1,91,4,NULL,NULL,NULL,0,'Gnat',1,NULL,NULL,NULL,1,0,0,0,0,0,0,1),(1564,1,91,4,NULL,NULL,NULL,0,'Gnat',0,NULL,NULL,NULL,1,0,0,0,0,0,0,1),(1565,1,91,4,NULL,NULL,NULL,0,'Gnat',1,NULL,NULL,NULL,1,0,0,0,0,0,0,1),(1566,1,91,4,NULL,NULL,NULL,0,'Gnat',1,NULL,NULL,NULL,1,0,0,0,0,0,0,1),(1567,1,92,4,NULL,NULL,NULL,0,'Gnawer',0,NULL,NULL,NULL,1,0,0,0,0,0,0,1),(1568,1,92,4,NULL,NULL,NULL,0,'Gnawer',0,NULL,NULL,NULL,1,0,0,0,0,0,0,1),(1569,1,92,4,NULL,NULL,NULL,0,'Spudder',0,NULL,NULL,NULL,1,0,0,0,0,0,0,1),(1570,1,92,4,NULL,NULL,NULL,0,'Spudder',1,NULL,NULL,NULL,1,0,0,0,0,0,0,1),(1571,1,92,4,NULL,NULL,NULL,0,'Spudder',0,NULL,NULL,NULL,1,0,0,0,0,0,0,1),(1572,1,92,4,NULL,NULL,NULL,0,'Glancer',1,NULL,NULL,NULL,1,0,0,0,0,0,0,1),(1573,1,92,4,NULL,NULL,NULL,0,'Gnat',0,NULL,NULL,NULL,1,0,0,0,0,0,0,1),(1574,1,92,4,NULL,NULL,NULL,0,'Gnat',1,NULL,NULL,NULL,1,0,0,0,0,0,0,1),(1575,1,92,4,NULL,NULL,NULL,0,'Gnat',0,NULL,NULL,NULL,1,0,0,0,0,0,0,1),(1576,1,92,4,NULL,NULL,NULL,0,'Gnat',0,NULL,NULL,NULL,1,0,0,0,0,0,0,1),(1577,1,92,4,NULL,NULL,NULL,0,'Glancer',1,NULL,NULL,NULL,1,0,0,0,0,0,0,1),(1578,1,92,4,NULL,NULL,NULL,0,'Glancer',1,NULL,NULL,NULL,1,0,0,0,0,0,0,1),(1579,1,92,4,NULL,NULL,NULL,0,'Glancer',1,NULL,NULL,NULL,1,0,0,0,0,0,0,1),(1580,1,92,4,NULL,NULL,NULL,0,'Glancer',1,NULL,NULL,NULL,1,0,0,0,0,0,0,1),(1581,1,92,4,NULL,NULL,NULL,0,'Gnat',0,NULL,NULL,NULL,1,0,0,0,0,0,0,1),(1582,1,92,4,NULL,NULL,NULL,0,'Gnat',0,NULL,NULL,NULL,1,0,0,0,0,0,0,1),(1583,1,92,4,NULL,NULL,NULL,0,'Gnat',1,NULL,NULL,NULL,1,0,0,0,0,0,0,1),(1584,1,92,4,NULL,NULL,NULL,0,'Gnat',0,NULL,NULL,NULL,1,0,0,0,0,0,0,1),(1585,1,92,4,NULL,NULL,NULL,0,'Gnat',0,NULL,NULL,NULL,1,0,0,0,0,0,0,1),(1586,1,93,4,NULL,NULL,NULL,0,'Gnawer',0,NULL,NULL,NULL,1,0,0,0,0,0,0,1),(1587,1,93,4,NULL,NULL,NULL,0,'Spudder',0,NULL,NULL,NULL,1,0,0,0,0,0,0,1),(1588,1,93,4,NULL,NULL,NULL,0,'Spudder',1,NULL,NULL,NULL,1,0,0,0,0,0,0,1),(1589,1,93,4,NULL,NULL,NULL,0,'Spudder',0,NULL,NULL,NULL,1,0,0,0,0,0,0,1),(1590,1,93,4,NULL,NULL,NULL,0,'Spudder',0,NULL,NULL,NULL,1,0,0,0,0,0,0,1),(1591,1,93,4,NULL,NULL,NULL,0,'Glancer',1,NULL,NULL,NULL,1,0,0,0,0,0,0,1),(1592,1,93,4,NULL,NULL,NULL,0,'Gnat',0,NULL,NULL,NULL,1,0,0,0,0,0,0,1),(1593,1,93,4,NULL,NULL,NULL,0,'Gnat',1,NULL,NULL,NULL,1,0,0,0,0,0,0,1),(1594,1,93,4,NULL,NULL,NULL,0,'Gnat',0,NULL,NULL,NULL,1,0,0,0,0,0,0,1),(1595,1,93,4,NULL,NULL,NULL,0,'Gnat',0,NULL,NULL,NULL,1,0,0,0,0,0,0,1),(1596,1,93,4,NULL,NULL,NULL,0,'Glancer',1,NULL,NULL,NULL,1,0,0,0,0,0,0,1),(1597,1,93,4,NULL,NULL,NULL,0,'Glancer',1,NULL,NULL,NULL,1,0,0,0,0,0,0,1),(1598,1,93,4,NULL,NULL,NULL,0,'Glancer',1,NULL,NULL,NULL,1,0,0,0,0,0,0,1),(1599,1,93,4,NULL,NULL,NULL,0,'Glancer',1,NULL,NULL,NULL,1,0,0,0,0,0,0,1),(1600,1,93,4,NULL,NULL,NULL,0,'Gnat',0,NULL,NULL,NULL,1,0,0,0,0,0,0,1),(1601,1,93,4,NULL,NULL,NULL,0,'Gnat',0,NULL,NULL,NULL,1,0,0,0,0,0,0,1),(1602,1,93,4,NULL,NULL,NULL,0,'Gnat',1,NULL,NULL,NULL,1,0,0,0,0,0,0,1),(1603,1,93,4,NULL,NULL,NULL,0,'Gnat',1,NULL,NULL,NULL,1,0,0,0,0,0,0,1),(1604,1,94,4,NULL,NULL,NULL,0,'Spudder',0,NULL,NULL,NULL,1,0,0,0,0,0,0,1),(1605,1,94,4,NULL,NULL,NULL,0,'Glancer',1,NULL,NULL,NULL,1,0,0,0,0,0,0,1),(1606,1,94,4,NULL,NULL,NULL,0,'Gnat',1,NULL,NULL,NULL,1,0,0,0,0,0,0,1),(1607,1,94,4,NULL,NULL,NULL,0,'Gnat',0,NULL,NULL,NULL,1,0,0,0,0,0,0,1),(1608,1,94,4,NULL,NULL,NULL,0,'Glancer',1,NULL,NULL,NULL,1,0,0,0,0,0,0,1),(1609,1,94,4,NULL,NULL,NULL,0,'Glancer',1,NULL,NULL,NULL,1,0,0,0,0,0,0,1),(1610,1,94,4,NULL,NULL,NULL,0,'Glancer',1,NULL,NULL,NULL,1,0,0,0,0,0,0,1),(1611,1,94,4,NULL,NULL,NULL,0,'Glancer',1,NULL,NULL,NULL,1,0,0,0,0,0,0,1),(1612,1,94,4,NULL,NULL,NULL,0,'Glancer',1,NULL,NULL,NULL,1,0,0,0,0,0,0,1),(1613,1,94,4,NULL,NULL,NULL,0,'Gnat',0,NULL,NULL,NULL,1,0,0,0,0,0,0,1),(1614,1,94,4,NULL,NULL,NULL,0,'Gnat',0,NULL,NULL,NULL,1,0,0,0,0,0,0,1),(1615,1,94,4,NULL,NULL,NULL,0,'Gnat',1,NULL,NULL,NULL,1,0,0,0,0,0,0,1),(1616,1,94,4,NULL,NULL,NULL,0,'Gnat',0,NULL,NULL,NULL,1,0,0,0,0,0,0,1),(1617,1,95,4,NULL,NULL,NULL,0,'Glancer',1,NULL,NULL,NULL,1,0,0,0,0,0,0,1),(1618,1,95,4,NULL,NULL,NULL,0,'Gnat',0,NULL,NULL,NULL,1,0,0,0,0,0,0,1),(1619,1,95,4,NULL,NULL,NULL,0,'Glancer',1,NULL,NULL,NULL,1,0,0,0,0,0,0,1),(1620,1,95,4,NULL,NULL,NULL,0,'Glancer',1,NULL,NULL,NULL,1,0,0,0,0,0,0,1),(1621,1,95,4,NULL,NULL,NULL,0,'Glancer',1,NULL,NULL,NULL,1,0,0,0,0,0,0,1),(1622,1,95,4,NULL,NULL,NULL,0,'Glancer',1,NULL,NULL,NULL,1,0,0,0,0,0,0,1),(1623,1,95,4,NULL,NULL,NULL,0,'Glancer',1,NULL,NULL,NULL,1,0,0,0,0,0,0,1),(1624,1,95,4,NULL,NULL,NULL,0,'Gnat',0,NULL,NULL,NULL,1,0,0,0,0,0,0,1),(1625,1,95,4,NULL,NULL,NULL,0,'Gnat',0,NULL,NULL,NULL,1,0,0,0,0,0,0,1),(1626,1,95,4,NULL,NULL,NULL,0,'Gnat',1,NULL,NULL,NULL,1,0,0,0,0,0,0,1),(1627,1,95,4,NULL,NULL,NULL,0,'Gnat',0,NULL,NULL,NULL,1,0,0,0,0,0,0,1),(1628,1,95,4,NULL,NULL,NULL,0,'Gnat',1,NULL,NULL,NULL,1,0,0,0,0,0,0,1),(1629,1,95,4,NULL,NULL,NULL,0,'Gnat',1,NULL,NULL,NULL,1,0,0,0,0,0,0,1),(1630,1,96,4,NULL,NULL,NULL,0,'Gnat',0,NULL,NULL,NULL,1,0,0,0,0,0,0,1),(1631,1,96,4,NULL,NULL,NULL,0,'Gnat',0,NULL,NULL,NULL,1,0,0,0,0,0,0,1),(1632,1,96,4,NULL,NULL,NULL,0,'Gnat',1,NULL,NULL,NULL,1,0,0,0,0,0,0,1),(1633,1,96,4,NULL,NULL,NULL,0,'Gnat',0,NULL,NULL,NULL,1,0,0,0,0,0,0,1),(1634,1,96,4,NULL,NULL,NULL,0,'Gnat',1,NULL,NULL,NULL,1,0,0,0,0,0,0,1),(1635,1,96,4,NULL,NULL,NULL,0,'Gnat',0,NULL,NULL,NULL,1,0,0,0,0,0,0,1),(1636,1,97,4,NULL,NULL,NULL,0,'Gnat',0,NULL,NULL,NULL,1,0,0,0,0,0,0,1),(1637,1,97,4,NULL,NULL,NULL,0,'Gnat',0,NULL,NULL,NULL,1,0,0,0,0,0,0,1),(1638,1,97,4,NULL,NULL,NULL,0,'Gnat',1,NULL,NULL,NULL,1,0,0,0,0,0,0,1),(1639,1,97,4,NULL,NULL,NULL,0,'Gnat',0,NULL,NULL,NULL,1,0,0,0,0,0,0,1),(1640,1,97,4,NULL,NULL,NULL,0,'Gnat',0,NULL,NULL,NULL,1,0,0,0,0,0,0,1),(1641,1,97,4,NULL,NULL,NULL,0,'Gnat',1,NULL,NULL,NULL,1,0,0,0,0,0,0,1),(1642,1,97,4,NULL,NULL,NULL,0,'Gnat',0,NULL,NULL,NULL,1,0,0,0,0,0,0,1),(1643,1,98,4,NULL,NULL,NULL,0,'Gnat',0,NULL,NULL,NULL,1,0,0,0,0,0,0,1),(1644,1,98,4,NULL,NULL,NULL,0,'Gnat',0,NULL,NULL,NULL,1,0,0,0,0,0,0,1),(1645,1,98,4,NULL,NULL,NULL,0,'Gnat',1,NULL,NULL,NULL,1,0,0,0,0,0,0,1),(1646,1,98,4,NULL,NULL,NULL,0,'Gnat',0,NULL,NULL,NULL,1,0,0,0,0,0,0,1),(1647,1,98,4,NULL,NULL,NULL,0,'Gnat',1,NULL,NULL,NULL,1,0,0,0,0,0,0,1),(1648,1,8,1,NULL,NULL,NULL,0,'Demosis',0,0,0,NULL,1,0,0,0,0,0,0,1),(1649,1,8,1,NULL,NULL,NULL,0,'Thor',0,0,0,NULL,1,0,0,0,0,0,0,1),(1650,1,8,1,NULL,NULL,NULL,0,'Thor',0,0,0,NULL,1,0,0,0,0,0,0,1),(1651,1,8,1,NULL,NULL,NULL,0,'Dirac',0,0,0,NULL,1,0,0,0,0,0,0,1),(1652,1,8,1,NULL,NULL,NULL,0,'Dirac',1,0,0,NULL,1,0,0,0,0,0,0,1),(1653,1,8,1,NULL,NULL,NULL,0,'Dirac',0,0,0,NULL,1,0,0,0,0,0,0,1),(1654,1,8,1,NULL,NULL,NULL,0,'Dirac',0,0,0,NULL,1,0,0,0,0,0,0,1),(1655,1,8,1,NULL,NULL,NULL,0,'Dirac',0,0,0,NULL,1,0,0,0,0,0,0,1),(1656,1,61,2,NULL,NULL,NULL,0,'Gnawer',0,NULL,NULL,NULL,1,0,0,0,0,0,0,1),(1657,1,61,2,NULL,NULL,NULL,0,'Gnawer',0,NULL,NULL,NULL,1,0,0,0,0,0,0,1),(1658,1,61,2,NULL,NULL,NULL,0,'Gnawer',0,NULL,NULL,NULL,1,0,0,0,0,0,0,1),(1659,1,61,2,NULL,NULL,NULL,0,'Spudder',0,NULL,NULL,NULL,1,0,0,0,0,0,0,1),(1660,1,61,2,NULL,NULL,NULL,0,'Spudder',0,NULL,NULL,NULL,1,0,0,0,0,0,0,1),(1661,1,61,2,NULL,NULL,NULL,0,'Spudder',0,NULL,NULL,NULL,1,0,0,0,0,0,0,1),(1662,1,61,2,NULL,NULL,NULL,0,'Spudder',1,NULL,NULL,NULL,1,0,0,0,0,0,0,1),(1663,1,61,2,NULL,NULL,NULL,0,'Spudder',0,NULL,NULL,NULL,1,0,0,0,0,0,0,1),(1664,1,61,2,NULL,NULL,NULL,0,'Spudder',0,NULL,NULL,NULL,1,0,0,0,0,0,0,1),(1665,1,61,2,NULL,NULL,NULL,0,'Spudder',0,NULL,NULL,NULL,1,0,0,0,0,0,0,1),(1666,1,61,2,NULL,NULL,NULL,0,'Glancer',1,NULL,NULL,NULL,1,0,0,0,0,0,0,1),(1667,1,61,2,NULL,NULL,NULL,0,'Glancer',1,NULL,NULL,NULL,1,0,0,0,0,0,0,1),(1668,1,61,2,NULL,NULL,NULL,0,'Glancer',1,NULL,NULL,NULL,1,0,0,0,0,0,0,1),(1669,1,61,2,NULL,NULL,NULL,0,'Glancer',1,NULL,NULL,NULL,1,0,0,0,0,0,0,1),(1670,1,61,2,NULL,NULL,NULL,0,'Glancer',1,NULL,NULL,NULL,1,0,0,0,0,0,0,1),(1671,1,61,2,NULL,NULL,NULL,0,'Glancer',1,NULL,NULL,NULL,1,0,0,0,0,0,0,1),(1672,1,61,2,NULL,NULL,NULL,0,'Glancer',1,NULL,NULL,NULL,1,0,0,0,0,0,0,1),(1673,1,61,2,NULL,NULL,NULL,0,'Glancer',1,NULL,NULL,NULL,1,0,0,0,0,0,0,1),(1674,1,61,2,NULL,NULL,NULL,0,'Glancer',1,NULL,NULL,NULL,1,0,0,0,0,0,0,1),(1675,1,61,2,NULL,NULL,NULL,0,'Glancer',1,NULL,NULL,NULL,1,0,0,0,0,0,0,1),(1676,1,61,2,NULL,NULL,NULL,0,'Gnat',0,NULL,NULL,NULL,1,0,0,0,0,0,0,1),(1677,1,61,2,NULL,NULL,NULL,0,'Gnat',1,NULL,NULL,NULL,1,0,0,0,0,0,0,1),(1678,1,61,2,NULL,NULL,NULL,0,'Gnat',0,NULL,NULL,NULL,1,0,0,0,0,0,0,1),(1679,1,61,2,NULL,NULL,NULL,0,'Gnat',1,NULL,NULL,NULL,1,0,0,0,0,0,0,1),(1680,1,61,2,NULL,NULL,NULL,0,'Gnat',1,NULL,NULL,NULL,1,0,0,0,0,0,0,1),(1681,1,61,2,NULL,NULL,NULL,0,'Gnat',1,NULL,NULL,NULL,1,0,0,0,0,0,0,1),(1682,1,61,2,NULL,NULL,NULL,0,'Gnat',1,NULL,NULL,NULL,1,0,0,0,0,0,0,1),(1683,1,61,2,NULL,NULL,NULL,0,'Gnat',0,NULL,NULL,NULL,1,0,0,0,0,0,0,1),(1684,1,61,2,NULL,NULL,NULL,0,'Gnat',1,NULL,NULL,NULL,1,0,0,0,0,0,0,1),(1685,1,61,2,NULL,NULL,NULL,0,'Gnat',1,NULL,NULL,NULL,1,0,0,0,0,0,0,1),(1686,1,61,2,NULL,NULL,NULL,0,'Gnat',0,NULL,NULL,NULL,1,0,0,0,0,0,0,1),(1687,1,61,2,NULL,NULL,NULL,0,'Gnat',1,NULL,NULL,NULL,1,0,0,0,0,0,0,1),(1688,1,61,2,NULL,NULL,NULL,0,'Gnat',1,NULL,NULL,NULL,1,0,0,0,0,0,0,1),(1689,1,61,2,NULL,NULL,NULL,0,'Gnat',1,NULL,NULL,NULL,1,0,0,0,0,0,0,1),(1690,1,61,2,NULL,NULL,NULL,0,'Gnat',0,NULL,NULL,NULL,1,0,0,0,0,0,0,1),(1691,1,11,1,NULL,NULL,NULL,0,'Demosis',1,0,270,NULL,1,0,0,0,0,0,0,1),(1692,1,11,1,NULL,NULL,NULL,0,'Demosis',1,0,270,NULL,1,0,0,0,0,0,0,1),(1693,1,11,1,NULL,NULL,NULL,0,'Demosis',0,0,270,NULL,1,0,0,0,0,0,0,1),(1694,1,11,1,NULL,NULL,NULL,0,'Demosis',0,0,270,NULL,1,0,0,0,0,0,0,1),(1695,1,11,1,NULL,NULL,NULL,0,'Thor',1,0,270,NULL,1,0,0,0,0,0,0,1),(1696,1,11,1,NULL,NULL,NULL,0,'Thor',0,0,270,NULL,1,0,0,0,0,0,0,1),(1697,1,11,1,NULL,NULL,NULL,0,'Thor',0,0,270,NULL,1,0,0,0,0,0,0,1),(1698,1,11,1,NULL,NULL,NULL,0,'Thor',0,0,270,NULL,1,0,0,0,0,0,0,1),(1699,1,11,1,NULL,NULL,NULL,0,'Thor',1,0,270,NULL,1,0,0,0,0,0,0,1),(1700,1,11,1,NULL,NULL,NULL,0,'Thor',0,0,270,NULL,1,0,0,0,0,0,0,1),(1701,1,11,1,NULL,NULL,NULL,0,'Thor',0,0,270,NULL,1,0,0,0,0,0,0,1),(1702,1,11,1,NULL,NULL,NULL,0,'Thor',1,0,270,NULL,1,0,0,0,0,0,0,1),(1703,1,11,1,NULL,NULL,NULL,0,'Thor',0,0,270,NULL,1,0,0,0,0,0,0,1),(1704,1,11,1,NULL,NULL,NULL,0,'Dirac',1,0,270,NULL,1,0,0,0,0,0,0,1),(1705,1,11,1,NULL,NULL,NULL,0,'Dirac',0,0,270,NULL,1,0,0,0,0,0,0,1),(1706,1,11,1,NULL,NULL,NULL,0,'Dirac',0,0,270,NULL,1,0,0,0,0,0,0,1),(1707,1,11,1,NULL,NULL,NULL,0,'Dirac',0,0,270,NULL,1,0,0,0,0,0,0,1),(1708,1,11,1,NULL,NULL,NULL,0,'Dirac',1,0,270,NULL,1,0,0,0,0,0,0,1),(1709,1,11,1,NULL,NULL,NULL,0,'Dirac',1,0,270,NULL,1,0,0,0,0,0,0,1),(1710,1,12,1,NULL,NULL,NULL,0,'Thor',0,2,180,NULL,1,0,0,0,0,0,0,1),(1711,1,12,1,NULL,NULL,NULL,0,'Dirac',1,2,180,NULL,1,0,0,0,0,0,0,1),(1712,1,12,1,NULL,NULL,NULL,0,'Dirac',1,2,180,NULL,1,0,0,0,0,0,0,1),(1713,1,12,1,NULL,NULL,NULL,0,'Dirac',1,2,180,NULL,1,0,0,0,0,0,0,1),(1714,1,12,1,NULL,NULL,NULL,0,'Dirac',1,2,180,NULL,1,0,0,0,0,0,0,1),(1715,1,12,1,NULL,NULL,NULL,0,'Thor',0,0,180,NULL,1,0,0,0,0,0,0,1),(1716,1,12,1,NULL,NULL,NULL,0,'Thor',0,0,180,NULL,1,0,0,0,0,0,0,1),(1717,1,12,1,NULL,NULL,NULL,0,'Thor',0,0,180,NULL,1,0,0,0,0,0,0,1),(1718,1,12,1,NULL,NULL,NULL,0,'Dirac',1,0,180,NULL,1,0,0,0,0,0,0,1),(1719,1,12,1,NULL,NULL,NULL,0,'Dirac',1,0,180,NULL,1,0,0,0,0,0,0,1),(1720,1,12,1,NULL,NULL,NULL,0,'Dirac',1,0,180,NULL,1,0,0,0,0,0,0,1),(1721,1,12,1,NULL,NULL,NULL,0,'Dirac',1,0,180,NULL,1,0,0,0,0,0,0,1),(1722,1,12,1,NULL,NULL,NULL,0,'Dirac',1,0,180,NULL,1,0,0,0,0,0,0,1),(1723,1,12,1,NULL,NULL,NULL,0,'Dirac',1,0,180,NULL,1,0,0,0,0,0,0,1),(1724,1,12,1,NULL,NULL,NULL,0,'Thor',0,1,0,NULL,1,0,0,0,0,0,0,1),(1725,1,12,1,NULL,NULL,NULL,0,'Dirac',1,1,0,NULL,1,0,0,0,0,0,0,1),(1726,1,12,1,NULL,NULL,NULL,0,'Dirac',1,1,0,NULL,1,0,0,0,0,0,0,1),(1727,1,12,1,NULL,NULL,NULL,0,'Dirac',1,1,0,NULL,1,0,0,0,0,0,0,1),(1728,1,12,1,NULL,NULL,NULL,0,'Dirac',1,1,0,NULL,1,0,0,0,0,0,0,1),(1729,1,12,1,NULL,NULL,NULL,0,'Thor',0,2,60,NULL,1,0,0,0,0,0,0,1),(1730,1,12,1,NULL,NULL,NULL,0,'Thor',0,2,60,NULL,1,0,0,0,0,0,0,1),(1731,1,12,1,NULL,NULL,NULL,0,'Thor',0,2,60,NULL,1,0,0,0,0,0,0,1),(1732,1,12,1,NULL,NULL,NULL,0,'Dirac',1,2,60,NULL,1,0,0,0,0,0,0,1),(1733,1,12,1,NULL,NULL,NULL,0,'Dirac',1,2,60,NULL,1,0,0,0,0,0,0,1),(1734,1,12,1,NULL,NULL,NULL,0,'Dirac',1,2,60,NULL,1,0,0,0,0,0,0,1),(1735,1,12,1,NULL,NULL,NULL,0,'Dirac',1,2,60,NULL,1,0,0,0,0,0,0,1),(1736,1,12,1,NULL,NULL,NULL,0,'Dirac',1,2,60,NULL,1,0,0,0,0,0,0,1),(1737,1,12,1,NULL,NULL,NULL,0,'Dirac',1,2,60,NULL,1,0,0,0,0,0,0,1),(1738,1,12,1,NULL,NULL,NULL,0,'Demosis',0,3,22,NULL,1,0,0,0,0,0,0,1),(1739,1,12,1,NULL,NULL,NULL,0,'Thor',0,3,22,NULL,1,0,0,0,0,0,0,1),(1740,1,12,1,NULL,NULL,NULL,0,'Thor',0,3,22,NULL,1,0,0,0,0,0,0,1),(1741,1,12,1,NULL,NULL,NULL,0,'Thor',0,3,22,NULL,1,0,0,0,0,0,0,1),(1742,1,12,1,NULL,NULL,NULL,0,'Dirac',1,3,22,NULL,1,0,0,0,0,0,0,1),(1743,1,12,1,NULL,NULL,NULL,0,'Dirac',1,3,22,NULL,1,0,0,0,0,0,0,1),(1744,1,12,1,NULL,NULL,NULL,0,'Dirac',1,3,22,NULL,1,0,0,0,0,0,0,1),(1745,1,12,1,NULL,NULL,NULL,0,'Dirac',1,3,22,NULL,1,0,0,0,0,0,0,1),(1746,1,12,1,NULL,NULL,NULL,0,'Dirac',1,3,22,NULL,1,0,0,0,0,0,0,1),(1747,1,12,1,NULL,NULL,NULL,0,'Dirac',1,3,22,NULL,1,0,0,0,0,0,0,1),(1748,1,12,1,NULL,NULL,NULL,0,'Dirac',1,3,22,NULL,1,0,0,0,0,0,0,1),(1749,1,12,1,NULL,NULL,NULL,0,'Dirac',1,3,22,NULL,1,0,0,0,0,0,0,1),(1750,1,103,4,NULL,NULL,NULL,0,'Glancer',1,NULL,NULL,NULL,1,0,0,0,0,0,0,1),(1751,1,103,4,NULL,NULL,NULL,0,'Gnat',0,NULL,NULL,NULL,1,0,0,0,0,0,0,1),(1752,1,103,4,NULL,NULL,NULL,0,'Gnat',0,NULL,NULL,NULL,1,0,0,0,0,0,0,1),(1753,1,103,4,NULL,NULL,NULL,0,'Gnat',0,NULL,NULL,NULL,1,0,0,0,0,0,0,1),(1754,1,103,4,NULL,NULL,NULL,0,'Gnat',1,NULL,NULL,NULL,1,0,0,0,0,0,0,1),(1755,1,103,4,NULL,NULL,NULL,0,'Gnat',1,NULL,NULL,NULL,1,0,0,0,0,0,0,1),(1756,1,103,4,NULL,NULL,NULL,0,'Gnat',1,NULL,NULL,NULL,1,0,0,0,0,0,0,1),(1757,1,104,4,NULL,NULL,NULL,0,'Glancer',1,NULL,NULL,NULL,1,0,0,0,0,0,0,1),(1758,1,104,4,NULL,NULL,NULL,0,'Gnat',0,NULL,NULL,NULL,1,0,0,0,0,0,0,1),(1759,1,104,4,NULL,NULL,NULL,0,'Gnat',1,NULL,NULL,NULL,1,0,0,0,0,0,0,1),(1760,1,104,4,NULL,NULL,NULL,0,'Glancer',1,NULL,NULL,NULL,1,0,0,0,0,0,0,1),(1761,1,104,4,NULL,NULL,NULL,0,'Gnat',0,NULL,NULL,NULL,1,0,0,0,0,0,0,1),(1762,1,104,4,NULL,NULL,NULL,0,'Glancer',1,NULL,NULL,NULL,1,0,0,0,0,0,0,1),(1763,1,104,4,NULL,NULL,NULL,0,'Gnat',0,NULL,NULL,NULL,1,0,0,0,0,0,0,1),(1764,1,104,4,NULL,NULL,NULL,0,'Gnat',0,NULL,NULL,NULL,1,0,0,0,0,0,0,1),(1765,1,104,4,NULL,NULL,NULL,0,'Gnat',0,NULL,NULL,NULL,1,0,0,0,0,0,0,1),(1766,1,104,4,NULL,NULL,NULL,0,'Gnat',1,NULL,NULL,NULL,1,0,0,0,0,0,0,1),(1767,1,104,4,NULL,NULL,NULL,0,'Gnat',1,NULL,NULL,NULL,1,0,0,0,0,0,0,1),(1768,1,104,4,NULL,NULL,NULL,0,'Gnat',1,NULL,NULL,NULL,1,0,0,0,0,0,0,1),(1769,1,105,4,NULL,NULL,NULL,0,'Gnat',0,NULL,NULL,NULL,1,0,0,0,0,0,0,1),(1770,1,105,4,NULL,NULL,NULL,0,'Gnat',0,NULL,NULL,NULL,1,0,0,0,0,0,0,1),(1771,1,105,4,NULL,NULL,NULL,0,'Gnat',1,NULL,NULL,NULL,1,0,0,0,0,0,0,1),(1772,1,105,4,NULL,NULL,NULL,0,'Gnat',1,NULL,NULL,NULL,1,0,0,0,0,0,0,1),(1773,1,105,4,NULL,NULL,NULL,0,'Gnat',1,NULL,NULL,NULL,1,0,0,0,0,0,0,1),(1774,1,106,4,NULL,NULL,NULL,0,'Gnat',0,NULL,NULL,NULL,1,0,0,0,0,0,0,1),(1775,1,106,4,NULL,NULL,NULL,0,'Gnat',0,NULL,NULL,NULL,1,0,0,0,0,0,0,1),(1776,1,106,4,NULL,NULL,NULL,0,'Gnat',1,NULL,NULL,NULL,1,0,0,0,0,0,0,1),(1777,1,106,4,NULL,NULL,NULL,0,'Gnat',1,NULL,NULL,NULL,1,0,0,0,0,0,0,1),(1778,1,106,4,NULL,NULL,NULL,0,'Gnat',1,NULL,NULL,NULL,1,0,0,0,0,0,0,1),(1779,1,107,4,NULL,NULL,NULL,0,'Glancer',1,NULL,NULL,NULL,1,0,0,0,0,0,0,1),(1780,1,107,4,NULL,NULL,NULL,0,'Gnat',0,NULL,NULL,NULL,1,0,0,0,0,0,0,1),(1781,1,107,4,NULL,NULL,NULL,0,'Gnat',0,NULL,NULL,NULL,1,0,0,0,0,0,0,1),(1782,1,107,4,NULL,NULL,NULL,0,'Gnat',0,NULL,NULL,NULL,1,0,0,0,0,0,0,1),(1783,1,107,4,NULL,NULL,NULL,0,'Gnat',1,NULL,NULL,NULL,1,0,0,0,0,0,0,1),(1784,1,107,4,NULL,NULL,NULL,0,'Gnat',1,NULL,NULL,NULL,1,0,0,0,0,0,0,1),(1785,1,107,4,NULL,NULL,NULL,0,'Gnat',1,NULL,NULL,NULL,1,0,0,0,0,0,0,1),(1786,1,108,4,NULL,NULL,NULL,0,'Gnat',0,NULL,NULL,NULL,1,0,0,0,0,0,0,1),(1787,1,108,4,NULL,NULL,NULL,0,'Gnat',0,NULL,NULL,NULL,1,0,0,0,0,0,0,1),(1788,1,108,4,NULL,NULL,NULL,0,'Gnat',1,NULL,NULL,NULL,1,0,0,0,0,0,0,1),(1789,1,108,4,NULL,NULL,NULL,0,'Gnat',1,NULL,NULL,NULL,1,0,0,0,0,0,0,1),(1790,1,108,4,NULL,NULL,NULL,0,'Gnat',1,NULL,NULL,NULL,1,0,0,0,0,0,0,1),(1791,1,109,4,NULL,NULL,NULL,0,'Gnat',0,NULL,NULL,NULL,1,0,0,0,0,0,0,1),(1792,1,109,4,NULL,NULL,NULL,0,'Gnat',0,NULL,NULL,NULL,1,0,0,0,0,0,0,1),(1793,1,109,4,NULL,NULL,NULL,0,'Gnat',1,NULL,NULL,NULL,1,0,0,0,0,0,0,1),(1794,1,109,4,NULL,NULL,NULL,0,'Gnat',1,NULL,NULL,NULL,1,0,0,0,0,0,0,1),(1795,1,109,4,NULL,NULL,NULL,0,'Gnat',1,NULL,NULL,NULL,1,0,0,0,0,0,0,1),(1796,1,110,4,NULL,NULL,NULL,0,'Glancer',1,NULL,NULL,NULL,1,0,0,0,0,0,0,1),(1797,1,110,4,NULL,NULL,NULL,0,'Gnat',0,NULL,NULL,NULL,1,0,0,0,0,0,0,1),(1798,1,110,4,NULL,NULL,NULL,0,'Gnat',1,NULL,NULL,NULL,1,0,0,0,0,0,0,1),(1799,1,110,4,NULL,NULL,NULL,0,'Glancer',1,NULL,NULL,NULL,1,0,0,0,0,0,0,1),(1800,1,110,4,NULL,NULL,NULL,0,'Gnat',0,NULL,NULL,NULL,1,0,0,0,0,0,0,1),(1801,1,110,4,NULL,NULL,NULL,0,'Glancer',1,NULL,NULL,NULL,1,0,0,0,0,0,0,1),(1802,1,110,4,NULL,NULL,NULL,0,'Gnat',0,NULL,NULL,NULL,1,0,0,0,0,0,0,1),(1803,1,110,4,NULL,NULL,NULL,0,'Gnat',0,NULL,NULL,NULL,1,0,0,0,0,0,0,1),(1804,1,110,4,NULL,NULL,NULL,0,'Gnat',0,NULL,NULL,NULL,1,0,0,0,0,0,0,1),(1805,1,110,4,NULL,NULL,NULL,0,'Gnat',1,NULL,NULL,NULL,1,0,0,0,0,0,0,1),(1806,1,110,4,NULL,NULL,NULL,0,'Gnat',1,NULL,NULL,NULL,1,0,0,0,0,0,0,1),(1807,1,110,4,NULL,NULL,NULL,0,'Gnat',1,NULL,NULL,NULL,1,0,0,0,0,0,0,1),(1808,1,111,4,NULL,NULL,NULL,0,'Glancer',1,NULL,NULL,NULL,1,0,0,0,0,0,0,1),(1809,1,111,4,NULL,NULL,NULL,0,'Gnat',0,NULL,NULL,NULL,1,0,0,0,0,0,0,1),(1810,1,111,4,NULL,NULL,NULL,0,'Gnat',1,NULL,NULL,NULL,1,0,0,0,0,0,0,1),(1811,1,111,4,NULL,NULL,NULL,0,'Glancer',1,NULL,NULL,NULL,1,0,0,0,0,0,0,1),(1812,1,111,4,NULL,NULL,NULL,0,'Gnat',0,NULL,NULL,NULL,1,0,0,0,0,0,0,1),(1813,1,111,4,NULL,NULL,NULL,0,'Glancer',1,NULL,NULL,NULL,1,0,0,0,0,0,0,1),(1814,1,111,4,NULL,NULL,NULL,0,'Gnat',0,NULL,NULL,NULL,1,0,0,0,0,0,0,1),(1815,1,111,4,NULL,NULL,NULL,0,'Gnat',0,NULL,NULL,NULL,1,0,0,0,0,0,0,1),(1816,1,111,4,NULL,NULL,NULL,0,'Gnat',0,NULL,NULL,NULL,1,0,0,0,0,0,0,1),(1817,1,111,4,NULL,NULL,NULL,0,'Gnat',1,NULL,NULL,NULL,1,0,0,0,0,0,0,1),(1818,1,111,4,NULL,NULL,NULL,0,'Gnat',1,NULL,NULL,NULL,1,0,0,0,0,0,0,1),(1819,1,111,4,NULL,NULL,NULL,0,'Gnat',1,NULL,NULL,NULL,1,0,0,0,0,0,0,1),(1820,1,112,4,NULL,NULL,NULL,0,'Gnat',0,NULL,NULL,NULL,1,0,0,0,0,0,0,1),(1821,1,112,4,NULL,NULL,NULL,0,'Gnat',0,NULL,NULL,NULL,1,0,0,0,0,0,0,1),(1822,1,112,4,NULL,NULL,NULL,0,'Gnat',1,NULL,NULL,NULL,1,0,0,0,0,0,0,1),(1823,1,112,4,NULL,NULL,NULL,0,'Gnat',1,NULL,NULL,NULL,1,0,0,0,0,0,0,1),(1824,1,112,4,NULL,NULL,NULL,0,'Gnat',1,NULL,NULL,NULL,1,0,0,0,0,0,0,1),(1825,1,113,4,NULL,NULL,NULL,0,'Gnat',0,NULL,NULL,NULL,1,0,0,0,0,0,0,1),(1826,1,113,4,NULL,NULL,NULL,0,'Gnat',0,NULL,NULL,NULL,1,0,0,0,0,0,0,1),(1827,1,113,4,NULL,NULL,NULL,0,'Gnat',1,NULL,NULL,NULL,1,0,0,0,0,0,0,1),(1828,1,113,4,NULL,NULL,NULL,0,'Gnat',1,NULL,NULL,NULL,1,0,0,0,0,0,0,1),(1829,1,113,4,NULL,NULL,NULL,0,'Gnat',1,NULL,NULL,NULL,1,0,0,0,0,0,0,1),(1830,1,114,4,NULL,NULL,NULL,0,'Glancer',1,NULL,NULL,NULL,1,0,0,0,0,0,0,1),(1831,1,114,4,NULL,NULL,NULL,0,'Gnat',0,NULL,NULL,NULL,1,0,0,0,0,0,0,1),(1832,1,114,4,NULL,NULL,NULL,0,'Gnat',0,NULL,NULL,NULL,1,0,0,0,0,0,0,1),(1833,1,114,4,NULL,NULL,NULL,0,'Gnat',0,NULL,NULL,NULL,1,0,0,0,0,0,0,1),(1834,1,114,4,NULL,NULL,NULL,0,'Gnat',1,NULL,NULL,NULL,1,0,0,0,0,0,0,1),(1835,1,114,4,NULL,NULL,NULL,0,'Gnat',1,NULL,NULL,NULL,1,0,0,0,0,0,0,1),(1836,1,114,4,NULL,NULL,NULL,0,'Gnat',1,NULL,NULL,NULL,1,0,0,0,0,0,0,1),(1837,1,115,4,NULL,NULL,NULL,0,'Glancer',1,NULL,NULL,NULL,1,0,0,0,0,0,0,1),(1838,1,115,4,NULL,NULL,NULL,0,'Gnat',0,NULL,NULL,NULL,1,0,0,0,0,0,0,1),(1839,1,115,4,NULL,NULL,NULL,0,'Gnat',0,NULL,NULL,NULL,1,0,0,0,0,0,0,1),(1840,1,115,4,NULL,NULL,NULL,0,'Gnat',0,NULL,NULL,NULL,1,0,0,0,0,0,0,1),(1841,1,115,4,NULL,NULL,NULL,0,'Gnat',1,NULL,NULL,NULL,1,0,0,0,0,0,0,1),(1842,1,115,4,NULL,NULL,NULL,0,'Gnat',1,NULL,NULL,NULL,1,0,0,0,0,0,0,1),(1843,1,115,4,NULL,NULL,NULL,0,'Gnat',1,NULL,NULL,NULL,1,0,0,0,0,0,0,1),(1844,1,116,4,NULL,NULL,NULL,0,'Gnat',0,NULL,NULL,NULL,1,0,0,0,0,0,0,1),(1845,1,116,4,NULL,NULL,NULL,0,'Gnat',0,NULL,NULL,NULL,1,0,0,0,0,0,0,1),(1846,1,116,4,NULL,NULL,NULL,0,'Gnat',1,NULL,NULL,NULL,1,0,0,0,0,0,0,1),(1847,1,116,4,NULL,NULL,NULL,0,'Gnat',1,NULL,NULL,NULL,1,0,0,0,0,0,0,1),(1848,1,116,4,NULL,NULL,NULL,0,'Gnat',1,NULL,NULL,NULL,1,0,0,0,0,0,0,1),(1849,1,117,4,NULL,NULL,NULL,0,'Gnat',0,NULL,NULL,NULL,1,0,0,0,0,0,0,1),(1850,1,117,4,NULL,NULL,NULL,0,'Gnat',0,NULL,NULL,NULL,1,0,0,0,0,0,0,1),(1851,1,117,4,NULL,NULL,NULL,0,'Gnat',1,NULL,NULL,NULL,1,0,0,0,0,0,0,1),(1852,1,117,4,NULL,NULL,NULL,0,'Gnat',1,NULL,NULL,NULL,1,0,0,0,0,0,0,1),(1853,1,117,4,NULL,NULL,NULL,0,'Gnat',1,NULL,NULL,NULL,1,0,0,0,0,0,0,1),(1854,1,124,4,NULL,NULL,NULL,0,'Glancer',1,NULL,NULL,NULL,1,0,0,0,0,0,0,1),(1855,1,124,4,NULL,NULL,NULL,0,'Gnat',0,NULL,NULL,NULL,1,0,0,0,0,0,0,1),(1856,1,124,4,NULL,NULL,NULL,0,'Gnat',1,NULL,NULL,NULL,1,0,0,0,0,0,0,1),(1857,1,124,4,NULL,NULL,NULL,0,'Glancer',1,NULL,NULL,NULL,1,0,0,0,0,0,0,1),(1858,1,124,4,NULL,NULL,NULL,0,'Gnat',0,NULL,NULL,NULL,1,0,0,0,0,0,0,1),(1859,1,124,4,NULL,NULL,NULL,0,'Glancer',1,NULL,NULL,NULL,1,0,0,0,0,0,0,1),(1860,1,124,4,NULL,NULL,NULL,0,'Gnat',0,NULL,NULL,NULL,1,0,0,0,0,0,0,1),(1861,1,124,4,NULL,NULL,NULL,0,'Gnat',0,NULL,NULL,NULL,1,0,0,0,0,0,0,1),(1862,1,124,4,NULL,NULL,NULL,0,'Gnat',0,NULL,NULL,NULL,1,0,0,0,0,0,0,1),(1863,1,124,4,NULL,NULL,NULL,0,'Gnat',1,NULL,NULL,NULL,1,0,0,0,0,0,0,1),(1864,1,124,4,NULL,NULL,NULL,0,'Gnat',1,NULL,NULL,NULL,1,0,0,0,0,0,0,1),(1865,1,124,4,NULL,NULL,NULL,0,'Gnat',1,NULL,NULL,NULL,1,0,0,0,0,0,0,1),(1866,1,125,4,NULL,NULL,NULL,0,'Gnat',0,NULL,NULL,NULL,1,0,0,0,0,0,0,1),(1867,1,125,4,NULL,NULL,NULL,0,'Gnat',0,NULL,NULL,NULL,1,0,0,0,0,0,0,1),(1868,1,125,4,NULL,NULL,NULL,0,'Gnat',1,NULL,NULL,NULL,1,0,0,0,0,0,0,1),(1869,1,125,4,NULL,NULL,NULL,0,'Gnat',1,NULL,NULL,NULL,1,0,0,0,0,0,0,1),(1870,1,125,4,NULL,NULL,NULL,0,'Gnat',1,NULL,NULL,NULL,1,0,0,0,0,0,0,1),(1871,1,131,4,NULL,NULL,NULL,0,'Glancer',1,NULL,NULL,NULL,1,0,0,0,0,0,0,1),(1872,1,131,4,NULL,NULL,NULL,0,'Gnat',0,NULL,NULL,NULL,1,0,0,0,0,0,0,1),(1873,1,131,4,NULL,NULL,NULL,0,'Gnat',1,NULL,NULL,NULL,1,0,0,0,0,0,0,1),(1874,1,131,4,NULL,NULL,NULL,0,'Glancer',1,NULL,NULL,NULL,1,0,0,0,0,0,0,1),(1875,1,131,4,NULL,NULL,NULL,0,'Gnat',0,NULL,NULL,NULL,1,0,0,0,0,0,0,1),(1876,1,131,4,NULL,NULL,NULL,0,'Glancer',1,NULL,NULL,NULL,1,0,0,0,0,0,0,1),(1877,1,131,4,NULL,NULL,NULL,0,'Gnat',0,NULL,NULL,NULL,1,0,0,0,0,0,0,1),(1878,1,131,4,NULL,NULL,NULL,0,'Gnat',0,NULL,NULL,NULL,1,0,0,0,0,0,0,1),(1879,1,131,4,NULL,NULL,NULL,0,'Gnat',0,NULL,NULL,NULL,1,0,0,0,0,0,0,1),(1880,1,131,4,NULL,NULL,NULL,0,'Gnat',1,NULL,NULL,NULL,1,0,0,0,0,0,0,1),(1881,1,131,4,NULL,NULL,NULL,0,'Gnat',1,NULL,NULL,NULL,1,0,0,0,0,0,0,1),(1882,1,131,4,NULL,NULL,NULL,0,'Gnat',1,NULL,NULL,NULL,1,0,0,0,0,0,0,1),(1883,1,132,4,NULL,NULL,NULL,0,'Gnat',0,NULL,NULL,NULL,1,0,0,0,0,0,0,1),(1884,1,132,4,NULL,NULL,NULL,0,'Gnat',0,NULL,NULL,NULL,1,0,0,0,0,0,0,1),(1885,1,132,4,NULL,NULL,NULL,0,'Gnat',1,NULL,NULL,NULL,1,0,0,0,0,0,0,1),(1886,1,132,4,NULL,NULL,NULL,0,'Gnat',1,NULL,NULL,NULL,1,0,0,0,0,0,0,1),(1887,1,132,4,NULL,NULL,NULL,0,'Gnat',1,NULL,NULL,NULL,1,0,0,0,0,0,0,1),(1888,1,141,4,NULL,NULL,NULL,0,'Gnat',0,NULL,NULL,NULL,1,0,0,0,0,0,0,1),(1889,1,141,4,NULL,NULL,NULL,0,'Gnat',0,NULL,NULL,NULL,1,0,0,0,0,0,0,1),(1890,1,141,4,NULL,NULL,NULL,0,'Gnat',1,NULL,NULL,NULL,1,0,0,0,0,0,0,1),(1891,1,141,4,NULL,NULL,NULL,0,'Gnat',1,NULL,NULL,NULL,1,0,0,0,0,0,0,1),(1892,1,141,4,NULL,NULL,NULL,0,'Gnat',1,NULL,NULL,NULL,1,0,0,0,0,0,0,1),(1893,1,142,4,NULL,NULL,NULL,0,'Glancer',1,NULL,NULL,NULL,1,0,0,0,0,0,0,1),(1894,1,142,4,NULL,NULL,NULL,0,'Gnat',0,NULL,NULL,NULL,1,0,0,0,0,0,0,1),(1895,1,142,4,NULL,NULL,NULL,0,'Gnat',1,NULL,NULL,NULL,1,0,0,0,0,0,0,1),(1896,1,142,4,NULL,NULL,NULL,0,'Glancer',1,NULL,NULL,NULL,1,0,0,0,0,0,0,1),(1897,1,142,4,NULL,NULL,NULL,0,'Gnat',0,NULL,NULL,NULL,1,0,0,0,0,0,0,1),(1898,1,142,4,NULL,NULL,NULL,0,'Glancer',1,NULL,NULL,NULL,1,0,0,0,0,0,0,1),(1899,1,142,4,NULL,NULL,NULL,0,'Gnat',0,NULL,NULL,NULL,1,0,0,0,0,0,0,1),(1900,1,142,4,NULL,NULL,NULL,0,'Gnat',0,NULL,NULL,NULL,1,0,0,0,0,0,0,1),(1901,1,142,4,NULL,NULL,NULL,0,'Gnat',0,NULL,NULL,NULL,1,0,0,0,0,0,0,1),(1902,1,142,4,NULL,NULL,NULL,0,'Gnat',1,NULL,NULL,NULL,1,0,0,0,0,0,0,1),(1903,1,142,4,NULL,NULL,NULL,0,'Gnat',1,NULL,NULL,NULL,1,0,0,0,0,0,0,1),(1904,1,142,4,NULL,NULL,NULL,0,'Gnat',1,NULL,NULL,NULL,1,0,0,0,0,0,0,1),(1905,1,143,4,NULL,NULL,NULL,0,'Gnat',0,NULL,NULL,NULL,1,0,0,0,0,0,0,1),(1906,1,143,4,NULL,NULL,NULL,0,'Gnat',0,NULL,NULL,NULL,1,0,0,0,0,0,0,1),(1907,1,143,4,NULL,NULL,NULL,0,'Gnat',1,NULL,NULL,NULL,1,0,0,0,0,0,0,1),(1908,1,143,4,NULL,NULL,NULL,0,'Gnat',1,NULL,NULL,NULL,1,0,0,0,0,0,0,1),(1909,1,143,4,NULL,NULL,NULL,0,'Gnat',1,NULL,NULL,NULL,1,0,0,0,0,0,0,1),(1910,1,144,4,NULL,NULL,NULL,0,'Gnat',0,NULL,NULL,NULL,1,0,0,0,0,0,0,1),(1911,1,144,4,NULL,NULL,NULL,0,'Gnat',0,NULL,NULL,NULL,1,0,0,0,0,0,0,1),(1912,1,144,4,NULL,NULL,NULL,0,'Gnat',1,NULL,NULL,NULL,1,0,0,0,0,0,0,1),(1913,1,144,4,NULL,NULL,NULL,0,'Gnat',1,NULL,NULL,NULL,1,0,0,0,0,0,0,1),(1914,1,144,4,NULL,NULL,NULL,0,'Gnat',1,NULL,NULL,NULL,1,0,0,0,0,0,0,1),(1915,1,145,4,NULL,NULL,NULL,0,'Glancer',1,NULL,NULL,NULL,1,0,0,0,0,0,0,1),(1916,1,145,4,NULL,NULL,NULL,0,'Gnat',0,NULL,NULL,NULL,1,0,0,0,0,0,0,1),(1917,1,145,4,NULL,NULL,NULL,0,'Gnat',1,NULL,NULL,NULL,1,0,0,0,0,0,0,1),(1918,1,145,4,NULL,NULL,NULL,0,'Glancer',1,NULL,NULL,NULL,1,0,0,0,0,0,0,1),(1919,1,145,4,NULL,NULL,NULL,0,'Gnat',0,NULL,NULL,NULL,1,0,0,0,0,0,0,1),(1920,1,145,4,NULL,NULL,NULL,0,'Glancer',1,NULL,NULL,NULL,1,0,0,0,0,0,0,1),(1921,1,145,4,NULL,NULL,NULL,0,'Gnat',0,NULL,NULL,NULL,1,0,0,0,0,0,0,1),(1922,1,145,4,NULL,NULL,NULL,0,'Gnat',0,NULL,NULL,NULL,1,0,0,0,0,0,0,1),(1923,1,145,4,NULL,NULL,NULL,0,'Gnat',0,NULL,NULL,NULL,1,0,0,0,0,0,0,1),(1924,1,145,4,NULL,NULL,NULL,0,'Gnat',1,NULL,NULL,NULL,1,0,0,0,0,0,0,1),(1925,1,145,4,NULL,NULL,NULL,0,'Gnat',1,NULL,NULL,NULL,1,0,0,0,0,0,0,1),(1926,1,145,4,NULL,NULL,NULL,0,'Gnat',1,NULL,NULL,NULL,1,0,0,0,0,0,0,1),(1927,1,146,4,NULL,NULL,NULL,0,'Gnat',0,NULL,NULL,NULL,1,0,0,0,0,0,0,1),(1928,1,146,4,NULL,NULL,NULL,0,'Gnat',0,NULL,NULL,NULL,1,0,0,0,0,0,0,1),(1929,1,146,4,NULL,NULL,NULL,0,'Gnat',1,NULL,NULL,NULL,1,0,0,0,0,0,0,1),(1930,1,146,4,NULL,NULL,NULL,0,'Gnat',1,NULL,NULL,NULL,1,0,0,0,0,0,0,1),(1931,1,146,4,NULL,NULL,NULL,0,'Gnat',1,NULL,NULL,NULL,1,0,0,0,0,0,0,1),(1932,1,147,4,NULL,NULL,NULL,0,'Gnat',0,NULL,NULL,NULL,1,0,0,0,0,0,0,1),(1933,1,147,4,NULL,NULL,NULL,0,'Gnat',0,NULL,NULL,NULL,1,0,0,0,0,0,0,1),(1934,1,147,4,NULL,NULL,NULL,0,'Gnat',1,NULL,NULL,NULL,1,0,0,0,0,0,0,1),(1935,1,147,4,NULL,NULL,NULL,0,'Gnat',1,NULL,NULL,NULL,1,0,0,0,0,0,0,1),(1936,1,147,4,NULL,NULL,NULL,0,'Gnat',1,NULL,NULL,NULL,1,0,0,0,0,0,0,1),(1937,1,148,4,NULL,NULL,NULL,0,'Gnat',0,NULL,NULL,NULL,1,0,0,0,0,0,0,1),(1938,1,148,4,NULL,NULL,NULL,0,'Gnat',0,NULL,NULL,NULL,1,0,0,0,0,0,0,1),(1939,1,148,4,NULL,NULL,NULL,0,'Gnat',1,NULL,NULL,NULL,1,0,0,0,0,0,0,1),(1940,1,148,4,NULL,NULL,NULL,0,'Gnat',1,NULL,NULL,NULL,1,0,0,0,0,0,0,1),(1941,1,148,4,NULL,NULL,NULL,0,'Gnat',1,NULL,NULL,NULL,1,0,0,0,0,0,0,1),(1942,1,149,4,NULL,NULL,NULL,0,'Gnat',0,NULL,NULL,NULL,1,0,0,0,0,0,0,1),(1943,1,149,4,NULL,NULL,NULL,0,'Gnat',0,NULL,NULL,NULL,1,0,0,0,0,0,0,1),(1944,1,149,4,NULL,NULL,NULL,0,'Gnat',1,NULL,NULL,NULL,1,0,0,0,0,0,0,1),(1945,1,149,4,NULL,NULL,NULL,0,'Gnat',1,NULL,NULL,NULL,1,0,0,0,0,0,0,1),(1946,1,149,4,NULL,NULL,NULL,0,'Gnat',1,NULL,NULL,NULL,1,0,0,0,0,0,0,1),(1947,1,150,4,NULL,NULL,NULL,0,'Gnat',0,NULL,NULL,NULL,1,0,0,0,0,0,0,1),(1948,1,150,4,NULL,NULL,NULL,0,'Gnat',0,NULL,NULL,NULL,1,0,0,0,0,0,0,1),(1949,1,150,4,NULL,NULL,NULL,0,'Gnat',1,NULL,NULL,NULL,1,0,0,0,0,0,0,1),(1950,1,150,4,NULL,NULL,NULL,0,'Gnat',1,NULL,NULL,NULL,1,0,0,0,0,0,0,1),(1951,1,150,4,NULL,NULL,NULL,0,'Gnat',1,NULL,NULL,NULL,1,0,0,0,0,0,0,1),(1952,1,151,4,NULL,NULL,NULL,0,'Gnat',0,NULL,NULL,NULL,1,0,0,0,0,0,0,1),(1953,1,151,4,NULL,NULL,NULL,0,'Gnat',0,NULL,NULL,NULL,1,0,0,0,0,0,0,1),(1954,1,151,4,NULL,NULL,NULL,0,'Gnat',1,NULL,NULL,NULL,1,0,0,0,0,0,0,1),(1955,1,151,4,NULL,NULL,NULL,0,'Gnat',1,NULL,NULL,NULL,1,0,0,0,0,0,0,1),(1956,1,151,4,NULL,NULL,NULL,0,'Gnat',1,NULL,NULL,NULL,1,0,0,0,0,0,0,1),(1957,1,152,4,NULL,NULL,NULL,0,'Gnat',0,NULL,NULL,NULL,1,0,0,0,0,0,0,1),(1958,1,152,4,NULL,NULL,NULL,0,'Gnat',0,NULL,NULL,NULL,1,0,0,0,0,0,0,1),(1959,1,152,4,NULL,NULL,NULL,0,'Gnat',1,NULL,NULL,NULL,1,0,0,0,0,0,0,1),(1960,1,152,4,NULL,NULL,NULL,0,'Gnat',1,NULL,NULL,NULL,1,0,0,0,0,0,0,1),(1961,1,152,4,NULL,NULL,NULL,0,'Gnat',1,NULL,NULL,NULL,1,0,0,0,0,0,0,1),(1962,1,153,4,NULL,NULL,NULL,0,'Glancer',1,NULL,NULL,NULL,1,0,0,0,0,0,0,1),(1963,1,153,4,NULL,NULL,NULL,0,'Gnat',0,NULL,NULL,NULL,1,0,0,0,0,0,0,1),(1964,1,153,4,NULL,NULL,NULL,0,'Gnat',1,NULL,NULL,NULL,1,0,0,0,0,0,0,1),(1965,1,153,4,NULL,NULL,NULL,0,'Glancer',1,NULL,NULL,NULL,1,0,0,0,0,0,0,1),(1966,1,153,4,NULL,NULL,NULL,0,'Gnat',0,NULL,NULL,NULL,1,0,0,0,0,0,0,1),(1967,1,153,4,NULL,NULL,NULL,0,'Glancer',1,NULL,NULL,NULL,1,0,0,0,0,0,0,1),(1968,1,153,4,NULL,NULL,NULL,0,'Gnat',0,NULL,NULL,NULL,1,0,0,0,0,0,0,1),(1969,1,153,4,NULL,NULL,NULL,0,'Gnat',0,NULL,NULL,NULL,1,0,0,0,0,0,0,1),(1970,1,153,4,NULL,NULL,NULL,0,'Gnat',0,NULL,NULL,NULL,1,0,0,0,0,0,0,1),(1971,1,153,4,NULL,NULL,NULL,0,'Gnat',1,NULL,NULL,NULL,1,0,0,0,0,0,0,1),(1972,1,153,4,NULL,NULL,NULL,0,'Gnat',1,NULL,NULL,NULL,1,0,0,0,0,0,0,1),(1973,1,153,4,NULL,NULL,NULL,0,'Gnat',1,NULL,NULL,NULL,1,0,0,0,0,0,0,1),(1974,1,154,4,NULL,NULL,NULL,0,'Gnat',0,NULL,NULL,NULL,1,0,0,0,0,0,0,1),(1975,1,154,4,NULL,NULL,NULL,0,'Gnat',0,NULL,NULL,NULL,1,0,0,0,0,0,0,1),(1976,1,154,4,NULL,NULL,NULL,0,'Gnat',1,NULL,NULL,NULL,1,0,0,0,0,0,0,1),(1977,1,154,4,NULL,NULL,NULL,0,'Gnat',1,NULL,NULL,NULL,1,0,0,0,0,0,0,1),(1978,1,154,4,NULL,NULL,NULL,0,'Gnat',1,NULL,NULL,NULL,1,0,0,0,0,0,0,1),(1979,1,12,1,NULL,NULL,NULL,0,'Thor',0,1,225,NULL,1,0,0,0,0,0,0,1),(1980,1,12,1,NULL,NULL,NULL,0,'Dirac',1,1,225,NULL,1,0,0,0,0,0,0,1),(1981,1,12,1,NULL,NULL,NULL,0,'Dirac',1,1,225,NULL,1,0,0,0,0,0,0,1),(1982,1,12,1,NULL,NULL,NULL,0,'Dirac',1,1,225,NULL,1,0,0,0,0,0,0,1),(1983,1,12,1,NULL,NULL,NULL,0,'Dirac',1,1,225,NULL,1,0,0,0,0,0,0,1),(1984,1,12,1,NULL,NULL,NULL,0,'Thor',0,2,120,NULL,1,0,0,0,0,0,0,1),(1985,1,12,1,NULL,NULL,NULL,0,'Dirac',1,2,120,NULL,1,0,0,0,0,0,0,1),(1986,1,12,1,NULL,NULL,NULL,0,'Dirac',1,2,120,NULL,1,0,0,0,0,0,0,1),(1987,1,12,1,NULL,NULL,NULL,0,'Dirac',1,2,120,NULL,1,0,0,0,0,0,0,1),(1988,1,12,1,NULL,NULL,NULL,0,'Dirac',1,2,120,NULL,1,0,0,0,0,0,0,1),(1989,1,12,1,NULL,NULL,NULL,0,'Thor',0,1,180,NULL,1,0,0,0,0,0,0,1),(1990,1,12,1,NULL,NULL,NULL,0,'Dirac',1,1,180,NULL,1,0,0,0,0,0,0,1),(1991,1,12,1,NULL,NULL,NULL,0,'Dirac',1,1,180,NULL,1,0,0,0,0,0,0,1),(1992,1,12,1,NULL,NULL,NULL,0,'Dirac',1,1,180,NULL,1,0,0,0,0,0,0,1),(1993,1,12,1,NULL,NULL,NULL,0,'Dirac',1,1,180,NULL,1,0,0,0,0,0,0,1),(1994,1,12,1,NULL,NULL,NULL,0,'Dirac',0,0,90,NULL,1,0,0,0,0,0,0,1),(1995,1,12,1,NULL,NULL,NULL,0,'Dirac',0,0,90,NULL,1,0,0,0,0,0,0,1),(1996,1,12,1,NULL,NULL,NULL,0,'Dirac',0,0,90,NULL,1,0,0,0,0,0,0,1),(1997,1,12,1,NULL,NULL,NULL,0,'Dirac',0,0,90,NULL,1,0,0,0,0,0,0,1),(1998,1,155,4,NULL,NULL,NULL,0,'Gnat',0,NULL,NULL,NULL,1,0,0,0,0,0,0,1),(1999,1,155,4,NULL,NULL,NULL,0,'Gnat',0,NULL,NULL,NULL,1,0,0,0,0,0,0,1),(2000,1,155,4,NULL,NULL,NULL,0,'Gnat',1,NULL,NULL,NULL,1,0,0,0,0,0,0,1),(2001,1,155,4,NULL,NULL,NULL,0,'Gnat',1,NULL,NULL,NULL,1,0,0,0,0,0,0,1),(2002,1,156,4,NULL,NULL,NULL,0,'Glancer',1,NULL,NULL,NULL,1,0,0,0,0,0,0,1),(2003,1,156,4,NULL,NULL,NULL,0,'Gnat',0,NULL,NULL,NULL,1,0,0,0,0,0,0,1),(2004,1,156,4,NULL,NULL,NULL,0,'Gnat',0,NULL,NULL,NULL,1,0,0,0,0,0,0,1),(2005,1,156,4,NULL,NULL,NULL,0,'Gnat',1,NULL,NULL,NULL,1,0,0,0,0,0,0,1),(2006,1,156,4,NULL,NULL,NULL,0,'Gnat',0,NULL,NULL,NULL,1,0,0,0,0,0,0,1),(2007,1,156,4,NULL,NULL,NULL,0,'Gnat',0,NULL,NULL,NULL,1,0,0,0,0,0,0,1),(2008,1,157,4,NULL,NULL,NULL,0,'Glancer',1,NULL,NULL,NULL,1,0,0,0,0,0,0,1),(2009,1,157,4,NULL,NULL,NULL,0,'Glancer',1,NULL,NULL,NULL,1,0,0,0,0,0,0,1),(2010,1,157,4,NULL,NULL,NULL,0,'Gnat',0,NULL,NULL,NULL,1,0,0,0,0,0,0,1),(2011,1,157,4,NULL,NULL,NULL,0,'Gnat',0,NULL,NULL,NULL,1,0,0,0,0,0,0,1),(2012,1,157,4,NULL,NULL,NULL,0,'Gnat',1,NULL,NULL,NULL,1,0,0,0,0,0,0,1),(2013,1,157,4,NULL,NULL,NULL,0,'Gnat',1,NULL,NULL,NULL,1,0,0,0,0,0,0,1),(2014,1,157,4,NULL,NULL,NULL,0,'Gnat',1,NULL,NULL,NULL,1,0,0,0,0,0,0,1),(2015,1,158,4,NULL,NULL,NULL,0,'Glancer',1,NULL,NULL,NULL,1,0,0,0,0,0,0,1),(2016,1,158,4,NULL,NULL,NULL,0,'Gnat',0,NULL,NULL,NULL,1,0,0,0,0,0,0,1),(2017,1,158,4,NULL,NULL,NULL,0,'Gnat',0,NULL,NULL,NULL,1,0,0,0,0,0,0,1),(2018,1,158,4,NULL,NULL,NULL,0,'Gnat',1,NULL,NULL,NULL,1,0,0,0,0,0,0,1),(2019,1,158,4,NULL,NULL,NULL,0,'Gnat',1,NULL,NULL,NULL,1,0,0,0,0,0,0,1),(2020,1,158,4,NULL,NULL,NULL,0,'Gnat',1,NULL,NULL,NULL,1,0,0,0,0,0,0,1),(2021,1,159,4,NULL,NULL,NULL,0,'Glancer',1,NULL,NULL,NULL,1,0,0,0,0,0,0,1),(2022,1,159,4,NULL,NULL,NULL,0,'Gnat',0,NULL,NULL,NULL,1,0,0,0,0,0,0,1),(2023,1,159,4,NULL,NULL,NULL,0,'Gnat',0,NULL,NULL,NULL,1,0,0,0,0,0,0,1),(2024,1,159,4,NULL,NULL,NULL,0,'Gnat',1,NULL,NULL,NULL,1,0,0,0,0,0,0,1),(2025,1,159,4,NULL,NULL,NULL,0,'Gnat',1,NULL,NULL,NULL,1,0,0,0,0,0,0,1),(2026,1,159,4,NULL,NULL,NULL,0,'Gnat',0,NULL,NULL,NULL,1,0,0,0,0,0,0,1),(2027,1,159,4,NULL,NULL,NULL,0,'Gnat',1,NULL,NULL,NULL,1,0,0,0,0,0,0,1),(2028,1,160,4,NULL,NULL,NULL,0,'Gnawer',0,NULL,NULL,NULL,1,0,0,0,0,0,0,1),(2029,1,160,4,NULL,NULL,NULL,0,'Spudder',0,NULL,NULL,NULL,1,0,0,0,0,0,0,1),(2030,1,160,4,NULL,NULL,NULL,0,'Spudder',1,NULL,NULL,NULL,1,0,0,0,0,0,0,1),(2031,1,160,4,NULL,NULL,NULL,0,'Spudder',0,NULL,NULL,NULL,1,0,0,0,0,0,0,1),(2032,1,160,4,NULL,NULL,NULL,0,'Gnat',0,NULL,NULL,NULL,1,0,0,0,0,0,0,1),(2033,1,160,4,NULL,NULL,NULL,0,'Gnat',0,NULL,NULL,NULL,1,0,0,0,0,0,0,1),(2034,1,160,4,NULL,NULL,NULL,0,'Gnat',0,NULL,NULL,NULL,1,0,0,0,0,0,0,1),(2035,1,160,4,NULL,NULL,NULL,0,'Glancer',1,NULL,NULL,NULL,1,0,0,0,0,0,0,1),(2036,1,160,4,NULL,NULL,NULL,0,'Glancer',1,NULL,NULL,NULL,1,0,0,0,0,0,0,1),(2037,1,160,4,NULL,NULL,NULL,0,'Glancer',1,NULL,NULL,NULL,1,0,0,0,0,0,0,1),(2038,1,160,4,NULL,NULL,NULL,0,'Glancer',1,NULL,NULL,NULL,1,0,0,0,0,0,0,1),(2039,1,160,4,NULL,NULL,NULL,0,'Glancer',1,NULL,NULL,NULL,1,0,0,0,0,0,0,1),(2040,1,160,4,NULL,NULL,NULL,0,'Gnat',0,NULL,NULL,NULL,1,0,0,0,0,0,0,1),(2041,1,160,4,NULL,NULL,NULL,0,'Gnat',0,NULL,NULL,NULL,1,0,0,0,0,0,0,1),(2042,1,160,4,NULL,NULL,NULL,0,'Gnat',1,NULL,NULL,NULL,1,0,0,0,0,0,0,1),(2043,1,160,4,NULL,NULL,NULL,0,'Gnat',1,NULL,NULL,NULL,1,0,0,0,0,0,0,1),(2044,1,160,4,NULL,NULL,NULL,0,'Gnat',1,NULL,NULL,NULL,1,0,0,0,0,0,0,1),(2045,1,161,4,NULL,NULL,NULL,0,'Spudder',0,NULL,NULL,NULL,1,0,0,0,0,0,0,1),(2046,1,161,4,NULL,NULL,NULL,0,'Glancer',1,NULL,NULL,NULL,1,0,0,0,0,0,0,1),(2047,1,161,4,NULL,NULL,NULL,0,'Gnat',1,NULL,NULL,NULL,1,0,0,0,0,0,0,1),(2048,1,161,4,NULL,NULL,NULL,0,'Gnat',0,NULL,NULL,NULL,1,0,0,0,0,0,0,1),(2049,1,161,4,NULL,NULL,NULL,0,'Glancer',1,NULL,NULL,NULL,1,0,0,0,0,0,0,1),(2050,1,161,4,NULL,NULL,NULL,0,'Glancer',1,NULL,NULL,NULL,1,0,0,0,0,0,0,1),(2051,1,161,4,NULL,NULL,NULL,0,'Glancer',1,NULL,NULL,NULL,1,0,0,0,0,0,0,1),(2052,1,161,4,NULL,NULL,NULL,0,'Gnat',0,NULL,NULL,NULL,1,0,0,0,0,0,0,1),(2053,1,161,4,NULL,NULL,NULL,0,'Gnat',0,NULL,NULL,NULL,1,0,0,0,0,0,0,1),(2054,1,161,4,NULL,NULL,NULL,0,'Gnat',1,NULL,NULL,NULL,1,0,0,0,0,0,0,1),(2055,1,161,4,NULL,NULL,NULL,0,'Gnat',1,NULL,NULL,NULL,1,0,0,0,0,0,0,1),(2056,1,161,4,NULL,NULL,NULL,0,'Gnat',1,NULL,NULL,NULL,1,0,0,0,0,0,0,1),(2057,1,161,4,NULL,NULL,NULL,0,'Gnat',0,NULL,NULL,NULL,1,0,0,0,0,0,0,1),(2058,1,162,4,NULL,NULL,NULL,0,'Gnawer',0,NULL,NULL,NULL,1,0,0,0,0,0,0,1),(2059,1,162,4,NULL,NULL,NULL,0,'Gnawer',0,NULL,NULL,NULL,1,0,0,0,0,0,0,1),(2060,1,162,4,NULL,NULL,NULL,0,'Gnawer',0,NULL,NULL,NULL,1,0,0,0,0,0,0,1),(2061,1,162,4,NULL,NULL,NULL,0,'Spudder',0,NULL,NULL,NULL,1,0,0,0,0,0,0,1),(2062,1,162,4,NULL,NULL,NULL,0,'Spudder',0,NULL,NULL,NULL,1,0,0,0,0,0,0,1),(2063,1,162,4,NULL,NULL,NULL,0,'Spudder',1,NULL,NULL,NULL,1,0,0,0,0,0,0,1),(2064,1,162,4,NULL,NULL,NULL,0,'Spudder',0,NULL,NULL,NULL,1,0,0,0,0,0,0,1),(2065,1,162,4,NULL,NULL,NULL,0,'Gnat',0,NULL,NULL,NULL,1,0,0,0,0,0,0,1),(2066,1,162,4,NULL,NULL,NULL,0,'Gnat',0,NULL,NULL,NULL,1,0,0,0,0,0,0,1),(2067,1,162,4,NULL,NULL,NULL,0,'Gnat',0,NULL,NULL,NULL,1,0,0,0,0,0,0,1),(2068,1,162,4,NULL,NULL,NULL,0,'Glancer',1,NULL,NULL,NULL,1,0,0,0,0,0,0,1),(2069,1,162,4,NULL,NULL,NULL,0,'Glancer',1,NULL,NULL,NULL,1,0,0,0,0,0,0,1),(2070,1,162,4,NULL,NULL,NULL,0,'Glancer',1,NULL,NULL,NULL,1,0,0,0,0,0,0,1),(2071,1,162,4,NULL,NULL,NULL,0,'Gnat',0,NULL,NULL,NULL,1,0,0,0,0,0,0,1),(2072,1,162,4,NULL,NULL,NULL,0,'Gnat',0,NULL,NULL,NULL,1,0,0,0,0,0,0,1),(2073,1,162,4,NULL,NULL,NULL,0,'Gnat',1,NULL,NULL,NULL,1,0,0,0,0,0,0,1),(2074,1,162,4,NULL,NULL,NULL,0,'Gnat',0,NULL,NULL,NULL,1,0,0,0,0,0,0,1),(2075,1,162,4,NULL,NULL,NULL,0,'Gnat',1,NULL,NULL,NULL,1,0,0,0,0,0,0,1),(2076,1,162,4,NULL,NULL,NULL,0,'Gnat',0,NULL,NULL,NULL,1,0,0,0,0,0,0,1),(2077,1,163,4,NULL,NULL,NULL,0,'Gnawer',0,NULL,NULL,NULL,1,0,0,0,0,0,0,1),(2078,1,163,4,NULL,NULL,NULL,0,'Gnawer',0,NULL,NULL,NULL,1,0,0,0,0,0,0,1),(2079,1,163,4,NULL,NULL,NULL,0,'Gnawer',0,NULL,NULL,NULL,1,0,0,0,0,0,0,1),(2080,1,163,4,NULL,NULL,NULL,0,'Spudder',0,NULL,NULL,NULL,1,0,0,0,0,0,0,1),(2081,1,163,4,NULL,NULL,NULL,0,'Spudder',1,NULL,NULL,NULL,1,0,0,0,0,0,0,1),(2082,1,163,4,NULL,NULL,NULL,0,'Spudder',0,NULL,NULL,NULL,1,0,0,0,0,0,0,1),(2083,1,163,4,NULL,NULL,NULL,0,'Spudder',0,NULL,NULL,NULL,1,0,0,0,0,0,0,1),(2084,1,163,4,NULL,NULL,NULL,0,'Gnat',0,NULL,NULL,NULL,1,0,0,0,0,0,0,1),(2085,1,163,4,NULL,NULL,NULL,0,'Glancer',1,NULL,NULL,NULL,1,0,0,0,0,0,0,1),(2086,1,163,4,NULL,NULL,NULL,0,'Glancer',1,NULL,NULL,NULL,1,0,0,0,0,0,0,1),(2087,1,163,4,NULL,NULL,NULL,0,'Glancer',1,NULL,NULL,NULL,1,0,0,0,0,0,0,1),(2088,1,163,4,NULL,NULL,NULL,0,'Glancer',1,NULL,NULL,NULL,1,0,0,0,0,0,0,1),(2089,1,163,4,NULL,NULL,NULL,0,'Glancer',1,NULL,NULL,NULL,1,0,0,0,0,0,0,1),(2090,1,163,4,NULL,NULL,NULL,0,'Gnat',0,NULL,NULL,NULL,1,0,0,0,0,0,0,1),(2091,1,163,4,NULL,NULL,NULL,0,'Gnat',0,NULL,NULL,NULL,1,0,0,0,0,0,0,1),(2092,1,163,4,NULL,NULL,NULL,0,'Gnat',1,NULL,NULL,NULL,1,0,0,0,0,0,0,1),(2093,1,163,4,NULL,NULL,NULL,0,'Gnat',0,NULL,NULL,NULL,1,0,0,0,0,0,0,1),(2094,1,164,4,NULL,NULL,NULL,0,'Gnawer',0,NULL,NULL,NULL,1,0,0,0,0,0,0,1),(2095,1,164,4,NULL,NULL,NULL,0,'Spudder',1,NULL,NULL,NULL,1,0,0,0,0,0,0,1),(2096,1,164,4,NULL,NULL,NULL,0,'Spudder',1,NULL,NULL,NULL,1,0,0,0,0,0,0,1),(2097,1,164,4,NULL,NULL,NULL,0,'Spudder',0,NULL,NULL,NULL,1,0,0,0,0,0,0,1),(2098,1,164,4,NULL,NULL,NULL,0,'Glancer',1,NULL,NULL,NULL,1,0,0,0,0,0,0,1),(2099,1,164,4,NULL,NULL,NULL,0,'Gnat',0,NULL,NULL,NULL,1,0,0,0,0,0,0,1),(2100,1,164,4,NULL,NULL,NULL,0,'Glancer',1,NULL,NULL,NULL,1,0,0,0,0,0,0,1),(2101,1,164,4,NULL,NULL,NULL,0,'Glancer',1,NULL,NULL,NULL,1,0,0,0,0,0,0,1),(2102,1,164,4,NULL,NULL,NULL,0,'Glancer',1,NULL,NULL,NULL,1,0,0,0,0,0,0,1),(2103,1,164,4,NULL,NULL,NULL,0,'Glancer',1,NULL,NULL,NULL,1,0,0,0,0,0,0,1),(2104,1,164,4,NULL,NULL,NULL,0,'Gnat',0,NULL,NULL,NULL,1,0,0,0,0,0,0,1),(2105,1,164,4,NULL,NULL,NULL,0,'Gnat',0,NULL,NULL,NULL,1,0,0,0,0,0,0,1),(2106,1,164,4,NULL,NULL,NULL,0,'Gnat',1,NULL,NULL,NULL,1,0,0,0,0,0,0,1),(2107,1,165,4,NULL,NULL,NULL,0,'Gnat',0,NULL,NULL,NULL,1,0,0,0,0,0,0,1),(2108,1,165,4,NULL,NULL,NULL,0,'Glancer',1,NULL,NULL,NULL,1,0,0,0,0,0,0,1),(2109,1,165,4,NULL,NULL,NULL,0,'Glancer',1,NULL,NULL,NULL,1,0,0,0,0,0,0,1),(2110,1,165,4,NULL,NULL,NULL,0,'Glancer',1,NULL,NULL,NULL,1,0,0,0,0,0,0,1),(2111,1,165,4,NULL,NULL,NULL,0,'Gnat',0,NULL,NULL,NULL,1,0,0,0,0,0,0,1),(2112,1,165,4,NULL,NULL,NULL,0,'Gnat',0,NULL,NULL,NULL,1,0,0,0,0,0,0,1),(2113,1,165,4,NULL,NULL,NULL,0,'Gnat',1,NULL,NULL,NULL,1,0,0,0,0,0,0,1),(2114,1,165,4,NULL,NULL,NULL,0,'Gnat',0,NULL,NULL,NULL,1,0,0,0,0,0,0,1),(2115,1,165,4,NULL,NULL,NULL,0,'Gnat',1,NULL,NULL,NULL,1,0,0,0,0,0,0,1),(2116,1,166,4,NULL,NULL,NULL,0,'Gnawer',0,NULL,NULL,NULL,1,0,0,0,0,0,0,1),(2117,1,166,4,NULL,NULL,NULL,0,'Spudder',1,NULL,NULL,NULL,1,0,0,0,0,0,0,1),(2118,1,166,4,NULL,NULL,NULL,0,'Spudder',0,NULL,NULL,NULL,1,0,0,0,0,0,0,1),(2119,1,166,4,NULL,NULL,NULL,0,'Spudder',0,NULL,NULL,NULL,1,0,0,0,0,0,0,1),(2120,1,166,4,NULL,NULL,NULL,0,'Glancer',1,NULL,NULL,NULL,1,0,0,0,0,0,0,1),(2121,1,166,4,NULL,NULL,NULL,0,'Gnat',0,NULL,NULL,NULL,1,0,0,0,0,0,0,1),(2122,1,166,4,NULL,NULL,NULL,0,'Gnat',1,NULL,NULL,NULL,1,0,0,0,0,0,0,1),(2123,1,166,4,NULL,NULL,NULL,0,'Gnat',0,NULL,NULL,NULL,1,0,0,0,0,0,0,1),(2124,1,166,4,NULL,NULL,NULL,0,'Gnat',0,NULL,NULL,NULL,1,0,0,0,0,0,0,1),(2125,1,166,4,NULL,NULL,NULL,0,'Glancer',1,NULL,NULL,NULL,1,0,0,0,0,0,0,1),(2126,1,166,4,NULL,NULL,NULL,0,'Glancer',1,NULL,NULL,NULL,1,0,0,0,0,0,0,1),(2127,1,166,4,NULL,NULL,NULL,0,'Glancer',1,NULL,NULL,NULL,1,0,0,0,0,0,0,1),(2128,1,166,4,NULL,NULL,NULL,0,'Glancer',1,NULL,NULL,NULL,1,0,0,0,0,0,0,1),(2129,1,166,4,NULL,NULL,NULL,0,'Gnat',0,NULL,NULL,NULL,1,0,0,0,0,0,0,1),(2130,1,166,4,NULL,NULL,NULL,0,'Gnat',0,NULL,NULL,NULL,1,0,0,0,0,0,0,1),(2131,1,166,4,NULL,NULL,NULL,0,'Gnat',1,NULL,NULL,NULL,1,0,0,0,0,0,0,1),(2132,1,166,4,NULL,NULL,NULL,0,'Gnat',1,NULL,NULL,NULL,1,0,0,0,0,0,0,1),(2133,1,166,4,NULL,NULL,NULL,0,'Gnat',1,NULL,NULL,NULL,1,0,0,0,0,0,0,1),(2134,1,167,4,NULL,NULL,NULL,0,'Spudder',1,NULL,NULL,NULL,1,0,0,0,0,0,0,1),(2135,1,167,4,NULL,NULL,NULL,0,'Spudder',0,NULL,NULL,NULL,1,0,0,0,0,0,0,1),(2136,1,167,4,NULL,NULL,NULL,0,'Glancer',1,NULL,NULL,NULL,1,0,0,0,0,0,0,1),(2137,1,167,4,NULL,NULL,NULL,0,'Gnat',0,NULL,NULL,NULL,1,0,0,0,0,0,0,1),(2138,1,167,4,NULL,NULL,NULL,0,'Gnat',0,NULL,NULL,NULL,1,0,0,0,0,0,0,1),(2139,1,167,4,NULL,NULL,NULL,0,'Glancer',1,NULL,NULL,NULL,1,0,0,0,0,0,0,1),(2140,1,167,4,NULL,NULL,NULL,0,'Glancer',1,NULL,NULL,NULL,1,0,0,0,0,0,0,1),(2141,1,167,4,NULL,NULL,NULL,0,'Glancer',1,NULL,NULL,NULL,1,0,0,0,0,0,0,1),(2142,1,167,4,NULL,NULL,NULL,0,'Gnat',0,NULL,NULL,NULL,1,0,0,0,0,0,0,1),(2143,1,167,4,NULL,NULL,NULL,0,'Gnat',0,NULL,NULL,NULL,1,0,0,0,0,0,0,1),(2144,1,167,4,NULL,NULL,NULL,0,'Gnat',1,NULL,NULL,NULL,1,0,0,0,0,0,0,1),(2145,1,167,4,NULL,NULL,NULL,0,'Gnat',1,NULL,NULL,NULL,1,0,0,0,0,0,0,1),(2146,1,168,4,NULL,NULL,NULL,0,'Glancer',1,NULL,NULL,NULL,1,0,0,0,0,0,0,1),(2147,1,168,4,NULL,NULL,NULL,0,'Gnat',0,NULL,NULL,NULL,1,0,0,0,0,0,0,1),(2148,1,168,4,NULL,NULL,NULL,0,'Gnat',0,NULL,NULL,NULL,1,0,0,0,0,0,0,1),(2149,1,168,4,NULL,NULL,NULL,0,'Gnat',0,NULL,NULL,NULL,1,0,0,0,0,0,0,1),(2150,1,168,4,NULL,NULL,NULL,0,'Glancer',1,NULL,NULL,NULL,1,0,0,0,0,0,0,1),(2151,1,168,4,NULL,NULL,NULL,0,'Glancer',1,NULL,NULL,NULL,1,0,0,0,0,0,0,1),(2152,1,168,4,NULL,NULL,NULL,0,'Glancer',1,NULL,NULL,NULL,1,0,0,0,0,0,0,1),(2153,1,168,4,NULL,NULL,NULL,0,'Glancer',1,NULL,NULL,NULL,1,0,0,0,0,0,0,1),(2154,1,168,4,NULL,NULL,NULL,0,'Glancer',1,NULL,NULL,NULL,1,0,0,0,0,0,0,1),(2155,1,168,4,NULL,NULL,NULL,0,'Gnat',0,NULL,NULL,NULL,1,0,0,0,0,0,0,1),(2156,1,168,4,NULL,NULL,NULL,0,'Gnat',0,NULL,NULL,NULL,1,0,0,0,0,0,0,1),(2157,1,168,4,NULL,NULL,NULL,0,'Gnat',1,NULL,NULL,NULL,1,0,0,0,0,0,0,1),(2158,1,168,4,NULL,NULL,NULL,0,'Gnat',1,NULL,NULL,NULL,1,0,0,0,0,0,0,1),(2159,1,168,4,NULL,NULL,NULL,0,'Gnat',1,NULL,NULL,NULL,1,0,0,0,0,0,0,1),(2160,1,169,4,NULL,NULL,NULL,0,'Gnat',0,NULL,NULL,NULL,1,0,0,0,0,0,0,1),(2161,1,169,4,NULL,NULL,NULL,0,'Gnat',0,NULL,NULL,NULL,1,0,0,0,0,0,0,1),(2162,1,169,4,NULL,NULL,NULL,0,'Gnat',1,NULL,NULL,NULL,1,0,0,0,0,0,0,1),(2163,1,169,4,NULL,NULL,NULL,0,'Gnat',0,NULL,NULL,NULL,1,0,0,0,0,0,0,1),(2164,1,169,4,NULL,NULL,NULL,0,'Gnat',1,NULL,NULL,NULL,1,0,0,0,0,0,0,1),(2165,1,170,4,NULL,NULL,NULL,0,'Gnat',0,NULL,NULL,NULL,1,0,0,0,0,0,0,1),(2166,1,170,4,NULL,NULL,NULL,0,'Gnat',0,NULL,NULL,NULL,1,0,0,0,0,0,0,1),(2167,1,170,4,NULL,NULL,NULL,0,'Gnat',1,NULL,NULL,NULL,1,0,0,0,0,0,0,1),(2168,1,170,4,NULL,NULL,NULL,0,'Gnat',0,NULL,NULL,NULL,1,0,0,0,0,0,0,1),(2169,1,170,4,NULL,NULL,NULL,0,'Gnat',1,NULL,NULL,NULL,1,0,0,0,0,0,0,1),(2170,1,170,4,NULL,NULL,NULL,0,'Gnat',1,NULL,NULL,NULL,1,0,0,0,0,0,0,1),(2171,1,171,4,NULL,NULL,NULL,0,'Gnat',0,NULL,NULL,NULL,1,0,0,0,0,0,0,1),(2172,1,171,4,NULL,NULL,NULL,0,'Gnat',0,NULL,NULL,NULL,1,0,0,0,0,0,0,1),(2173,1,171,4,NULL,NULL,NULL,0,'Gnat',1,NULL,NULL,NULL,1,0,0,0,0,0,0,1),(2174,1,172,4,NULL,NULL,NULL,0,'Gnat',0,NULL,NULL,NULL,1,0,0,0,0,0,0,1),(2175,1,172,4,NULL,NULL,NULL,0,'Gnat',0,NULL,NULL,NULL,1,0,0,0,0,0,0,1),(2176,1,172,4,NULL,NULL,NULL,0,'Gnat',1,NULL,NULL,NULL,1,0,0,0,0,0,0,1),(2177,1,172,4,NULL,NULL,NULL,0,'Gnat',0,NULL,NULL,NULL,1,0,0,0,0,0,0,1),(2178,1,172,4,NULL,NULL,NULL,0,'Gnat',1,NULL,NULL,NULL,1,0,0,0,0,0,0,1),(2179,1,12,1,NULL,NULL,NULL,0,'Thor',0,2,30,NULL,1,0,0,0,0,0,0,1),(2180,1,12,1,NULL,NULL,NULL,0,'Thor',0,2,30,NULL,1,0,0,0,0,0,0,1),(2181,1,12,1,NULL,NULL,NULL,0,'Thor',0,2,30,NULL,1,0,0,0,0,0,0,1),(2182,1,12,1,NULL,NULL,NULL,0,'Dirac',1,2,30,NULL,1,0,0,0,0,0,0,1),(2183,1,12,1,NULL,NULL,NULL,0,'Dirac',1,2,30,NULL,1,0,0,0,0,0,0,1),(2184,1,12,1,NULL,NULL,NULL,0,'Dirac',1,2,30,NULL,1,0,0,0,0,0,0,1),(2185,1,12,1,NULL,NULL,NULL,0,'Dirac',1,2,30,NULL,1,0,0,0,0,0,0,1),(2186,1,12,1,NULL,NULL,NULL,0,'Dirac',1,2,30,NULL,1,0,0,0,0,0,0,1),(2187,1,12,1,NULL,NULL,NULL,0,'Dirac',1,2,30,NULL,1,0,0,0,0,0,0,1),(2188,1,12,1,NULL,NULL,NULL,0,'Thor',0,2,300,NULL,1,0,0,0,0,0,0,1),(2189,1,12,1,NULL,NULL,NULL,0,'Dirac',1,2,300,NULL,1,0,0,0,0,0,0,1),(2190,1,12,1,NULL,NULL,NULL,0,'Dirac',1,2,300,NULL,1,0,0,0,0,0,0,1),(2191,1,12,1,NULL,NULL,NULL,0,'Dirac',1,2,300,NULL,1,0,0,0,0,0,0,1),(2192,1,12,1,NULL,NULL,NULL,0,'Dirac',1,2,300,NULL,1,0,0,0,0,0,0,1),(2193,1,12,1,NULL,NULL,NULL,0,'Thor',0,0,0,NULL,1,0,0,0,0,0,0,1),(2194,1,12,1,NULL,NULL,NULL,0,'Thor',0,0,0,NULL,1,0,0,0,0,0,0,1),(2195,1,12,1,NULL,NULL,NULL,0,'Thor',0,0,0,NULL,1,0,0,0,0,0,0,1),(2196,1,12,1,NULL,NULL,NULL,0,'Dirac',1,0,0,NULL,1,0,0,0,0,0,0,1),(2197,1,12,1,NULL,NULL,NULL,0,'Dirac',1,0,0,NULL,1,0,0,0,0,0,0,1),(2198,1,12,1,NULL,NULL,NULL,0,'Dirac',1,0,0,NULL,1,0,0,0,0,0,0,1),(2199,1,12,1,NULL,NULL,NULL,0,'Dirac',1,0,0,NULL,1,0,0,0,0,0,0,1),(2200,1,12,1,NULL,NULL,NULL,0,'Dirac',1,0,0,NULL,1,0,0,0,0,0,0,1),(2201,1,12,1,NULL,NULL,NULL,0,'Dirac',1,0,0,NULL,1,0,0,0,0,0,0,1);
/*!40000 ALTER TABLE `units` ENABLE KEYS */;
UNLOCK TABLES;

--
-- Table structure for table `wreckages`
--

DROP TABLE IF EXISTS `wreckages`;
/*!40101 SET @saved_cs_client     = @@character_set_client */;
/*!40101 SET character_set_client = utf8 */;
CREATE TABLE `wreckages` (
  `id` int(11) NOT NULL AUTO_INCREMENT,
  `galaxy_id` int(11) DEFAULT NULL,
  `location_id` int(11) NOT NULL,
  `location_type` tinyint(3) unsigned NOT NULL,
  `location_x` smallint(6) NOT NULL,
  `location_y` smallint(6) NOT NULL,
  `metal` float NOT NULL DEFAULT '0',
  `energy` float NOT NULL DEFAULT '0',
  `zetium` float NOT NULL DEFAULT '0',
  PRIMARY KEY (`id`),
  UNIQUE KEY `location` (`location_id`,`location_type`,`location_x`,`location_y`),
  KEY `galaxy_id` (`galaxy_id`),
  CONSTRAINT `wreckages_ibfk_1` FOREIGN KEY (`galaxy_id`) REFERENCES `galaxies` (`id`) ON DELETE CASCADE ON UPDATE CASCADE
) ENGINE=InnoDB DEFAULT CHARSET=utf8;
/*!40101 SET character_set_client = @saved_cs_client */;

--
-- Dumping data for table `wreckages`
--

LOCK TABLES `wreckages` WRITE;
/*!40000 ALTER TABLE `wreckages` DISABLE KEYS */;
/*!40000 ALTER TABLE `wreckages` ENABLE KEYS */;
UNLOCK TABLES;
/*!40103 SET TIME_ZONE=@OLD_TIME_ZONE */;

/*!40101 SET SQL_MODE=@OLD_SQL_MODE */;
/*!40014 SET FOREIGN_KEY_CHECKS=@OLD_FOREIGN_KEY_CHECKS */;
/*!40014 SET UNIQUE_CHECKS=@OLD_UNIQUE_CHECKS */;
/*!40101 SET CHARACTER_SET_CLIENT=@OLD_CHARACTER_SET_CLIENT */;
/*!40101 SET CHARACTER_SET_RESULTS=@OLD_CHARACTER_SET_RESULTS */;
/*!40101 SET COLLATION_CONNECTION=@OLD_COLLATION_CONNECTION */;
/*!40111 SET SQL_NOTES=@OLD_SQL_NOTES */;

-- Dump completed on 2011-09-16 17:17:30
