-- MySQL dump 10.13  Distrib 5.1.54, for debian-linux-gnu (i686)
--
-- Host: localhost    Database: spacegame
-- ------------------------------------------------------
-- Server version	5.1.54-1ubuntu4

/*!40101 SET @OLD_CHARACTER_SET_CLIENT=@@CHARACTER_SET_CLIENT */;
/*!40101 SET @OLD_CHARACTER_SET_RESULTS=@@CHARACTER_SET_RESULTS */;
/*!40101 SET @OLD_COLLATION_CONNECTION=@@COLLATION_CONNECTION */;
/*!40101 SET NAMES utf8 */;
/*!40103 SET @OLD_TIME_ZONE=@@TIME_ZONE */;
/*!40103 SET TIME_ZONE='+00:00' */;
/*!40014 SET @OLD_UNIQUE_CHECKS=@@UNIQUE_CHECKS, UNIQUE_CHECKS=0 */;
/*!40014 SET @OLD_FOREIGN_KEY_CHECKS=@@FOREIGN_KEY_CHECKS, FOREIGN_KEY_CHECKS=0 */;
/*!40101 SET @OLD_SQL_MODE=@@SQL_MODE, SQL_MODE='NO_AUTO_VALUE_ON_ZERO' */;
/*!40111 SET @OLD_SQL_NOTES=@@SQL_NOTES, SQL_NOTES=0 */;

--
-- Table structure for table `alliances`
--

DROP TABLE IF EXISTS `alliances`;
/*!40101 SET @saved_cs_client     = @@character_set_client */;
/*!40101 SET character_set_client = utf8 */;
CREATE TABLE `alliances` (
  `id` int(11) NOT NULL AUTO_INCREMENT,
  `name` varchar(50) NOT NULL,
  `galaxy_id` int(11) NOT NULL,
  `owner_id` int(11) NOT NULL,
  `description` text NOT NULL,
  PRIMARY KEY (`id`),
  UNIQUE KEY `uniq_galaxy_name` (`name`,`galaxy_id`),
  KEY `foreign_key` (`galaxy_id`),
  KEY `owner_id` (`owner_id`),
  CONSTRAINT `alliances_ibfk_1` FOREIGN KEY (`galaxy_id`) REFERENCES `galaxies` (`id`) ON DELETE CASCADE,
  CONSTRAINT `alliances_ibfk_2` FOREIGN KEY (`owner_id`) REFERENCES `players` (`id`) ON DELETE NO ACTION
) ENGINE=InnoDB DEFAULT CHARSET=utf8;
/*!40101 SET character_set_client = @saved_cs_client */;

--
-- Dumping data for table `alliances`
--

LOCK TABLES `alliances` WRITE;
/*!40000 ALTER TABLE `alliances` DISABLE KEYS */;
/*!40000 ALTER TABLE `alliances` ENABLE KEYS */;
UNLOCK TABLES;

--
-- Table structure for table `buildings`
--

DROP TABLE IF EXISTS `buildings`;
/*!40101 SET @saved_cs_client     = @@character_set_client */;
/*!40101 SET character_set_client = utf8 */;
CREATE TABLE `buildings` (
  `id` int(11) NOT NULL AUTO_INCREMENT,
  `planet_id` int(11) DEFAULT NULL,
  `x` tinyint(2) unsigned NOT NULL DEFAULT '0',
  `y` tinyint(2) unsigned NOT NULL DEFAULT '0',
  `armor_mod` int(11) NOT NULL,
  `constructor_mod` int(11) NOT NULL,
  `energy_mod` int(11) NOT NULL,
  `level` tinyint(2) unsigned NOT NULL DEFAULT '0',
  `type` varchar(255) NOT NULL,
  `upgrade_ends_at` datetime DEFAULT NULL,
  `x_end` tinyint(2) unsigned NOT NULL DEFAULT '0',
  `y_end` tinyint(2) unsigned NOT NULL DEFAULT '0',
  `state` tinyint(2) NOT NULL DEFAULT '0',
  `hp` int(10) unsigned NOT NULL,
  `pause_remainder` int(10) unsigned DEFAULT NULL,
  `constructable_type` varchar(100) DEFAULT NULL,
  `constructable_id` int(11) DEFAULT NULL,
  `construction_mod` tinyint(2) unsigned NOT NULL DEFAULT '0',
  `cooldown_ends_at` datetime DEFAULT NULL,
  PRIMARY KEY (`id`),
  UNIQUE KEY `tiles_taken` (`planet_id`,`x`,`y`,`x_end`,`y_end`),
  KEY `index_buildings_on_construction_ends` (`upgrade_ends_at`),
  KEY `buildings_by_type` (`planet_id`,`type`),
  CONSTRAINT `buildings_ibfk_1` FOREIGN KEY (`planet_id`) REFERENCES `ss_objects` (`id`) ON DELETE CASCADE
) ENGINE=InnoDB AUTO_INCREMENT=155 DEFAULT CHARSET=utf8;
/*!40101 SET character_set_client = @saved_cs_client */;

--
-- Dumping data for table `buildings`
--

LOCK TABLES `buildings` WRITE;
/*!40000 ALTER TABLE `buildings` DISABLE KEYS */;
INSERT INTO `buildings` VALUES (1,1,2,3,0,0,0,10,'NpcTankFactory',NULL,5,6,1,200000,NULL,NULL,NULL,0,NULL),(2,1,13,4,0,0,0,10,'NpcSpaceFactory',NULL,17,7,1,450000,NULL,NULL,NULL,0,NULL),(3,1,10,7,0,0,0,10,'NpcHall',NULL,11,8,1,145000,NULL,NULL,NULL,0,NULL),(4,1,5,9,0,0,0,10,'NpcInfantryFactory',NULL,7,11,1,60000,NULL,NULL,NULL,0,NULL),(5,4,2,2,0,0,0,10,'NpcSpaceFactory',NULL,6,5,1,450000,NULL,NULL,NULL,0,NULL),(6,4,6,8,0,0,0,10,'NpcHall',NULL,7,9,1,145000,NULL,NULL,NULL,0,NULL),(7,4,1,10,0,0,0,10,'NpcInfantryFactory',NULL,3,12,1,60000,NULL,NULL,NULL,0,NULL),(8,4,10,11,0,0,0,10,'NpcTankFactory',NULL,13,14,1,200000,NULL,NULL,NULL,0,NULL),(9,5,6,5,0,0,0,10,'NpcInfantryFactory',NULL,8,7,1,60000,NULL,NULL,NULL,0,NULL),(10,5,10,8,0,0,0,10,'NpcHall',NULL,11,9,1,145000,NULL,NULL,NULL,0,NULL),(11,5,2,11,0,0,0,10,'NpcTankFactory',NULL,5,14,1,200000,NULL,NULL,NULL,0,NULL),(12,5,14,11,0,0,0,10,'NpcSpaceFactory',NULL,18,14,1,450000,NULL,NULL,NULL,0,NULL),(13,9,2,2,0,0,0,1,'NpcSpaceFactory',NULL,6,5,1,450000,NULL,NULL,NULL,0,NULL),(14,9,6,8,0,0,0,1,'NpcHall',NULL,7,9,1,145000,NULL,NULL,NULL,0,NULL),(15,9,1,10,0,0,0,1,'NpcInfantryFactory',NULL,3,12,1,60000,NULL,NULL,NULL,0,NULL),(16,9,10,11,0,0,0,1,'NpcTankFactory',NULL,13,14,1,200000,NULL,NULL,NULL,0,NULL),(17,13,6,5,0,0,0,1,'NpcInfantryFactory',NULL,8,7,1,60000,NULL,NULL,NULL,0,NULL),(18,13,10,8,0,0,0,1,'NpcHall',NULL,11,9,1,145000,NULL,NULL,NULL,0,NULL),(19,13,2,11,0,0,0,1,'NpcTankFactory',NULL,5,14,1,200000,NULL,NULL,NULL,0,NULL),(20,13,14,11,0,0,0,1,'NpcSpaceFactory',NULL,18,14,1,450000,NULL,NULL,NULL,0,NULL),(21,23,9,18,0,0,0,1,'NpcMetalExtractor',NULL,10,19,1,400,NULL,NULL,NULL,0,NULL),(22,23,9,1,0,0,0,1,'NpcMetalExtractor',NULL,10,2,1,400,NULL,NULL,NULL,0,NULL),(23,23,1,1,0,0,0,1,'NpcMetalExtractor',NULL,2,2,1,400,NULL,NULL,NULL,0,NULL),(24,23,4,14,0,0,0,1,'NpcGeothermalPlant',NULL,5,15,1,600,NULL,NULL,NULL,0,NULL),(25,23,9,5,0,0,0,1,'NpcGeothermalPlant',NULL,10,6,1,600,NULL,NULL,NULL,0,NULL),(26,23,16,14,0,0,0,1,'NpcZetiumExtractor',NULL,17,15,1,1600,NULL,NULL,NULL,0,NULL),(27,23,13,9,0,0,0,1,'NpcZetiumExtractor',NULL,14,10,1,1600,NULL,NULL,NULL,0,NULL),(28,23,5,19,0,0,0,1,'NpcZetiumExtractor',NULL,6,20,1,1600,NULL,NULL,NULL,0,NULL),(29,23,3,8,0,0,0,1,'NpcJumpgate',NULL,7,12,1,8000,NULL,NULL,NULL,0,NULL),(30,23,8,8,0,0,0,1,'NpcResearchCenter',NULL,11,11,1,4000,NULL,NULL,NULL,0,NULL),(31,23,17,0,0,0,0,1,'NpcExcavationSite',NULL,20,3,1,3000,NULL,NULL,NULL,0,NULL),(32,23,20,6,0,0,0,1,'NpcCommunicationsHub',NULL,23,7,1,1200,NULL,NULL,NULL,0,NULL),(33,23,13,20,0,0,0,1,'NpcTemple',NULL,15,22,1,2500,NULL,NULL,NULL,0,NULL),(34,23,19,21,0,0,0,1,'NpcCommunicationsHub',NULL,22,22,1,1200,NULL,NULL,NULL,0,NULL),(35,23,16,8,0,0,0,1,'NpcSolarPlant',NULL,17,9,1,1000,NULL,NULL,NULL,0,NULL),(36,23,26,22,0,0,0,1,'NpcSolarPlant',NULL,27,23,1,1000,NULL,NULL,NULL,0,NULL),(37,23,20,10,0,0,0,1,'NpcSolarPlant',NULL,21,11,1,1000,NULL,NULL,NULL,0,NULL),(38,34,17,23,0,0,0,1,'NpcZetiumExtractor',NULL,18,24,1,1600,NULL,NULL,NULL,0,NULL),(39,34,12,0,0,0,0,1,'NpcJumpgate',NULL,16,4,1,8000,NULL,NULL,NULL,0,NULL),(40,34,1,17,0,0,0,1,'NpcJumpgate',NULL,5,21,1,8000,NULL,NULL,NULL,0,NULL),(41,34,11,14,0,0,0,1,'NpcResearchCenter',NULL,14,17,1,4000,NULL,NULL,NULL,0,NULL),(42,34,9,18,0,0,0,1,'NpcExcavationSite',NULL,12,21,1,3000,NULL,NULL,NULL,0,NULL),(43,34,12,22,0,0,0,1,'NpcCommunicationsHub',NULL,15,23,1,1200,NULL,NULL,NULL,0,NULL),(44,34,6,19,0,0,0,1,'NpcTemple',NULL,8,21,1,2500,NULL,NULL,NULL,0,NULL),(45,34,12,10,0,0,0,1,'NpcSolarPlant',NULL,13,11,1,1000,NULL,NULL,NULL,0,NULL),(46,34,9,14,0,0,0,1,'NpcSolarPlant',NULL,10,15,1,1000,NULL,NULL,NULL,0,NULL),(47,34,10,23,0,0,0,1,'NpcSolarPlant',NULL,11,24,1,1000,NULL,NULL,NULL,0,NULL),(48,34,12,6,0,0,0,1,'NpcSolarPlant',NULL,13,7,1,1000,NULL,NULL,NULL,0,NULL),(49,38,0,0,0,0,0,1,'NpcMetalExtractor',NULL,1,1,1,400,NULL,NULL,NULL,0,NULL),(50,38,7,0,0,0,0,1,'NpcCommunicationsHub',NULL,10,1,1,1200,NULL,NULL,NULL,0,NULL),(51,38,18,0,0,0,0,1,'NpcSolarPlant',NULL,19,1,1,1000,NULL,NULL,NULL,0,NULL),(52,38,3,1,0,0,0,1,'NpcMetalExtractor',NULL,4,2,1,400,NULL,NULL,NULL,0,NULL),(53,38,12,1,0,0,0,1,'NpcSolarPlant',NULL,13,2,1,1000,NULL,NULL,NULL,0,NULL),(54,38,22,1,0,0,0,1,'NpcSolarPlant',NULL,23,2,1,1000,NULL,NULL,NULL,0,NULL),(55,38,26,1,0,0,0,1,'NpcCommunicationsHub',NULL,29,2,1,1200,NULL,NULL,NULL,0,NULL),(56,38,15,3,0,0,0,1,'NpcSolarPlant',NULL,16,4,1,1000,NULL,NULL,NULL,0,NULL),(57,38,18,3,0,0,0,1,'NpcSolarPlant',NULL,19,4,1,1000,NULL,NULL,NULL,0,NULL),(58,38,24,4,0,0,0,1,'NpcMetalExtractor',NULL,25,5,1,400,NULL,NULL,NULL,0,NULL),(59,38,28,4,0,0,0,1,'NpcMetalExtractor',NULL,29,5,1,400,NULL,NULL,NULL,0,NULL),(60,38,9,8,0,0,0,1,'Vulcan',NULL,10,9,1,3000,NULL,NULL,NULL,0,NULL),(61,38,11,8,0,0,0,1,'Screamer',NULL,12,9,1,3900,NULL,NULL,NULL,0,NULL),(62,38,13,8,0,0,0,1,'Thunder',NULL,14,9,1,6000,NULL,NULL,NULL,0,NULL),(63,38,15,8,0,0,0,1,'Vulcan',NULL,16,9,1,3000,NULL,NULL,NULL,0,NULL),(64,38,17,8,0,0,0,1,'Screamer',NULL,18,9,1,3900,NULL,NULL,NULL,0,NULL),(65,38,19,8,0,0,0,1,'Thunder',NULL,20,9,1,6000,NULL,NULL,NULL,0,NULL),(66,38,25,8,0,0,0,1,'NpcCommunicationsHub',NULL,28,9,1,1200,NULL,NULL,NULL,0,NULL),(67,38,9,10,0,0,0,1,'Thunder',NULL,10,11,1,6000,NULL,NULL,NULL,0,NULL),(68,38,11,10,0,0,0,1,'Mothership',NULL,18,15,1,10500,NULL,NULL,NULL,0,NULL),(69,38,19,10,0,0,0,1,'Vulcan',NULL,20,11,1,3000,NULL,NULL,NULL,0,NULL),(70,38,9,12,0,0,0,1,'Screamer',NULL,10,13,1,3900,NULL,NULL,NULL,0,NULL),(71,38,19,12,0,0,0,1,'Screamer',NULL,20,13,1,3900,NULL,NULL,NULL,0,NULL),(72,38,26,12,0,0,0,1,'NpcZetiumExtractor',NULL,27,13,1,1600,NULL,NULL,NULL,0,NULL),(73,38,9,14,0,0,0,1,'Vulcan',NULL,10,15,1,3000,NULL,NULL,NULL,0,NULL),(74,38,19,14,0,0,0,1,'Thunder',NULL,20,15,1,6000,NULL,NULL,NULL,0,NULL),(75,38,9,16,0,0,0,1,'Thunder',NULL,10,17,1,6000,NULL,NULL,NULL,0,NULL),(76,38,11,16,0,0,0,1,'Vulcan',NULL,12,17,1,3000,NULL,NULL,NULL,0,NULL),(77,38,13,16,0,0,0,1,'Thunder',NULL,14,17,1,6000,NULL,NULL,NULL,0,NULL),(78,38,15,16,0,0,0,1,'Screamer',NULL,16,17,1,3900,NULL,NULL,NULL,0,NULL),(79,38,17,16,0,0,0,1,'Thunder',NULL,18,17,1,6000,NULL,NULL,NULL,0,NULL),(80,38,19,16,0,0,0,1,'Vulcan',NULL,20,17,1,3000,NULL,NULL,NULL,0,NULL),(81,38,13,26,0,0,0,1,'NpcSolarPlant',NULL,14,27,1,1000,NULL,NULL,NULL,0,NULL),(82,38,20,27,0,0,0,1,'NpcSolarPlant',NULL,21,28,1,1000,NULL,NULL,NULL,0,NULL),(83,38,0,28,0,0,0,1,'NpcSolarPlant',NULL,1,29,1,1000,NULL,NULL,NULL,0,NULL),(84,38,3,28,0,0,0,1,'NpcSolarPlant',NULL,4,29,1,1000,NULL,NULL,NULL,0,NULL),(85,38,17,28,0,0,0,1,'NpcZetiumExtractor',NULL,18,29,1,1600,NULL,NULL,NULL,0,NULL),(86,38,28,28,0,0,0,1,'NpcSolarPlant',NULL,29,29,1,1000,NULL,NULL,NULL,0,NULL),(87,47,21,3,0,0,0,1,'NpcMetalExtractor',NULL,22,4,1,400,NULL,NULL,NULL,0,NULL),(88,47,14,9,0,0,0,1,'NpcZetiumExtractor',NULL,15,10,1,1600,NULL,NULL,NULL,0,NULL),(89,47,21,20,0,0,0,1,'NpcZetiumExtractor',NULL,22,21,1,1600,NULL,NULL,NULL,0,NULL),(90,47,7,25,0,0,0,1,'NpcJumpgate',NULL,11,29,1,8000,NULL,NULL,NULL,0,NULL),(91,47,11,16,0,0,0,1,'NpcResearchCenter',NULL,14,19,1,4000,NULL,NULL,NULL,0,NULL),(92,47,14,22,0,0,0,1,'NpcExcavationSite',NULL,17,25,1,3000,NULL,NULL,NULL,0,NULL),(93,47,7,23,0,0,0,1,'NpcCommunicationsHub',NULL,10,24,1,1200,NULL,NULL,NULL,0,NULL),(94,47,0,21,0,0,0,1,'NpcTemple',NULL,2,23,1,2500,NULL,NULL,NULL,0,NULL),(95,47,3,14,0,0,0,1,'NpcCommunicationsHub',NULL,6,15,1,1200,NULL,NULL,NULL,0,NULL),(96,47,12,13,0,0,0,1,'NpcSolarPlant',NULL,13,14,1,1000,NULL,NULL,NULL,0,NULL),(97,47,14,13,0,0,0,1,'NpcSolarPlant',NULL,15,14,1,1000,NULL,NULL,NULL,0,NULL),(98,49,6,25,0,0,0,1,'NpcMetalExtractor',NULL,7,26,1,400,NULL,NULL,NULL,0,NULL),(99,49,1,7,0,0,0,1,'NpcMetalExtractor',NULL,2,8,1,400,NULL,NULL,NULL,0,NULL),(100,49,1,13,0,0,0,1,'NpcMetalExtractor',NULL,2,14,1,400,NULL,NULL,NULL,0,NULL),(101,49,19,17,0,0,0,1,'NpcMetalExtractor',NULL,20,18,1,400,NULL,NULL,NULL,0,NULL),(102,49,22,25,0,0,0,1,'NpcZetiumExtractor',NULL,23,26,1,1600,NULL,NULL,NULL,0,NULL),(103,49,10,23,0,0,0,1,'NpcJumpgate',NULL,14,27,1,8000,NULL,NULL,NULL,0,NULL),(104,49,10,5,0,0,0,1,'NpcJumpgate',NULL,14,9,1,8000,NULL,NULL,NULL,0,NULL),(105,49,5,20,0,0,0,1,'NpcResearchCenter',NULL,8,23,1,4000,NULL,NULL,NULL,0,NULL),(106,49,18,7,0,0,0,1,'NpcExcavationSite',NULL,21,10,1,3000,NULL,NULL,NULL,0,NULL),(107,49,9,18,0,0,0,1,'NpcCommunicationsHub',NULL,12,19,1,1200,NULL,NULL,NULL,0,NULL),(108,49,4,1,0,0,0,1,'NpcExcavationSite',NULL,7,4,1,3000,NULL,NULL,NULL,0,NULL),(109,49,14,20,0,0,0,1,'NpcTemple',NULL,16,22,1,2500,NULL,NULL,NULL,0,NULL),(110,49,15,12,0,0,0,1,'NpcCommunicationsHub',NULL,18,13,1,1200,NULL,NULL,NULL,0,NULL),(111,49,22,20,0,0,0,1,'NpcSolarPlant',NULL,23,21,1,1000,NULL,NULL,NULL,0,NULL),(112,49,11,11,0,0,0,1,'NpcSolarPlant',NULL,12,12,1,1000,NULL,NULL,NULL,0,NULL),(113,49,4,12,0,0,0,1,'NpcSolarPlant',NULL,5,13,1,1000,NULL,NULL,NULL,0,NULL),(114,49,7,16,0,0,0,1,'NpcSolarPlant',NULL,8,17,1,1000,NULL,NULL,NULL,0,NULL),(115,60,20,10,0,0,0,1,'NpcMetalExtractor',NULL,21,11,1,400,NULL,NULL,NULL,0,NULL),(116,60,24,12,0,0,0,1,'NpcMetalExtractor',NULL,25,13,1,400,NULL,NULL,NULL,0,NULL),(117,60,6,21,0,0,0,1,'NpcMetalExtractor',NULL,7,22,1,400,NULL,NULL,NULL,0,NULL),(118,60,10,22,0,0,0,1,'NpcMetalExtractor',NULL,11,23,1,400,NULL,NULL,NULL,0,NULL),(119,60,16,15,0,0,0,1,'NpcGeothermalPlant',NULL,17,16,1,600,NULL,NULL,NULL,0,NULL),(120,60,11,15,0,0,0,1,'NpcZetiumExtractor',NULL,12,16,1,1600,NULL,NULL,NULL,0,NULL),(121,60,11,1,0,0,0,1,'NpcZetiumExtractor',NULL,12,2,1,1600,NULL,NULL,NULL,0,NULL),(122,60,15,2,0,0,0,1,'NpcZetiumExtractor',NULL,16,3,1,1600,NULL,NULL,NULL,0,NULL),(123,60,24,5,0,0,0,1,'NpcZetiumExtractor',NULL,25,6,1,1600,NULL,NULL,NULL,0,NULL),(124,60,16,18,0,0,0,1,'NpcJumpgate',NULL,20,22,1,8000,NULL,NULL,NULL,0,NULL),(125,60,9,6,0,0,0,1,'NpcResearchCenter',NULL,12,9,1,4000,NULL,NULL,NULL,0,NULL),(126,60,1,6,0,0,0,1,'NpcExcavationSite',NULL,4,9,1,3000,NULL,NULL,NULL,0,NULL),(127,60,1,11,0,0,0,1,'NpcCommunicationsHub',NULL,4,12,1,1200,NULL,NULL,NULL,0,NULL),(128,60,6,17,0,0,0,1,'NpcTemple',NULL,8,19,1,2500,NULL,NULL,NULL,0,NULL),(129,60,15,7,0,0,0,1,'NpcCommunicationsHub',NULL,18,8,1,1200,NULL,NULL,NULL,0,NULL),(130,60,20,2,0,0,0,1,'NpcSolarPlant',NULL,21,3,1,1000,NULL,NULL,NULL,0,NULL),(131,60,26,9,0,0,0,1,'NpcSolarPlant',NULL,27,10,1,1000,NULL,NULL,NULL,0,NULL),(132,60,9,11,0,0,0,1,'NpcSolarPlant',NULL,10,12,1,1000,NULL,NULL,NULL,0,NULL),(133,60,26,2,0,0,0,1,'NpcSolarPlant',NULL,27,3,1,1000,NULL,NULL,NULL,0,NULL),(134,64,14,5,0,0,0,1,'NpcMetalExtractor',NULL,15,6,1,400,NULL,NULL,NULL,0,NULL),(135,64,13,9,0,0,0,1,'NpcMetalExtractor',NULL,14,10,1,400,NULL,NULL,NULL,0,NULL),(136,64,9,3,0,0,0,1,'NpcMetalExtractor',NULL,10,4,1,400,NULL,NULL,NULL,0,NULL),(137,64,17,10,0,0,0,1,'NpcGeothermalPlant',NULL,18,11,1,600,NULL,NULL,NULL,0,NULL),(138,64,18,5,0,0,0,1,'NpcGeothermalPlant',NULL,19,6,1,600,NULL,NULL,NULL,0,NULL),(139,64,25,23,0,0,0,1,'NpcZetiumExtractor',NULL,26,24,1,1600,NULL,NULL,NULL,0,NULL),(140,64,13,14,0,0,0,1,'NpcZetiumExtractor',NULL,14,15,1,1600,NULL,NULL,NULL,0,NULL),(141,64,8,25,0,0,0,1,'NpcJumpgate',NULL,12,29,1,8000,NULL,NULL,NULL,0,NULL),(142,64,16,19,0,0,0,1,'NpcJumpgate',NULL,20,23,1,8000,NULL,NULL,NULL,0,NULL),(143,64,22,2,0,0,0,1,'NpcResearchCenter',NULL,25,5,1,4000,NULL,NULL,NULL,0,NULL),(144,64,12,18,0,0,0,1,'NpcExcavationSite',NULL,15,21,1,3000,NULL,NULL,NULL,0,NULL),(145,64,25,19,0,0,0,1,'NpcCommunicationsHub',NULL,28,20,1,1200,NULL,NULL,NULL,0,NULL),(146,64,12,31,0,0,0,1,'NpcTemple',NULL,14,33,1,2500,NULL,NULL,NULL,0,NULL),(147,64,3,30,0,0,0,1,'NpcCommunicationsHub',NULL,6,31,1,1200,NULL,NULL,NULL,0,NULL),(148,64,20,2,0,0,0,1,'NpcSolarPlant',NULL,21,3,1,1000,NULL,NULL,NULL,0,NULL),(149,64,21,20,0,0,0,1,'NpcSolarPlant',NULL,22,21,1,1000,NULL,NULL,NULL,0,NULL),(150,64,21,16,0,0,0,1,'NpcSolarPlant',NULL,22,17,1,1000,NULL,NULL,NULL,0,NULL),(151,72,6,5,0,0,0,1,'NpcInfantryFactory',NULL,8,7,1,60000,NULL,NULL,NULL,0,NULL),(152,72,10,8,0,0,0,1,'NpcHall',NULL,11,9,1,145000,NULL,NULL,NULL,0,NULL),(153,72,2,11,0,0,0,1,'NpcTankFactory',NULL,5,14,1,200000,NULL,NULL,NULL,0,NULL),(154,72,14,11,0,0,0,1,'NpcSpaceFactory',NULL,18,14,1,450000,NULL,NULL,NULL,0,NULL);
/*!40000 ALTER TABLE `buildings` ENABLE KEYS */;
UNLOCK TABLES;

--
-- Table structure for table `callbacks`
--

DROP TABLE IF EXISTS `callbacks`;
/*!40101 SET @saved_cs_client     = @@character_set_client */;
/*!40101 SET character_set_client = utf8 */;
CREATE TABLE `callbacks` (
  `class` varchar(50) NOT NULL,
  `object_id` int(10) unsigned NOT NULL,
  `ends_at` datetime NOT NULL,
  `event` tinyint(2) unsigned NOT NULL DEFAULT '0',
  `ruleset` varchar(30) NOT NULL,
  UNIQUE KEY `main` (`class`,`object_id`,`event`),
  KEY `tick` (`ends_at`)
) ENGINE=InnoDB DEFAULT CHARSET=utf8;
/*!40101 SET character_set_client = @saved_cs_client */;

--
-- Dumping data for table `callbacks`
--

LOCK TABLES `callbacks` WRITE;
/*!40000 ALTER TABLE `callbacks` DISABLE KEYS */;
INSERT INTO `callbacks` VALUES ('Galaxy',1,'2011-06-02 16:14:15',9,'dev'),('SolarSystem',8,'2012-06-01 22:04:19',8,'dev'),('SsObject::Asteroid',15,'2011-06-02 16:04:49',9,'dev'),('SsObject::Asteroid',16,'2011-06-02 16:04:49',9,'dev'),('SsObject::Asteroid',18,'2011-06-02 16:04:49',9,'dev'),('SsObject::Asteroid',20,'2011-06-02 16:04:49',9,'dev'),('SsObject::Asteroid',21,'2011-06-02 16:04:49',9,'dev'),('SsObject::Asteroid',25,'2011-06-02 16:04:49',9,'dev'),('SsObject::Asteroid',26,'2011-06-02 16:04:49',9,'dev'),('SsObject::Asteroid',27,'2011-06-02 16:04:49',9,'dev'),('SsObject::Asteroid',28,'2011-06-02 16:04:49',9,'dev'),('SsObject::Asteroid',29,'2011-06-02 16:04:49',9,'dev'),('SsObject::Asteroid',30,'2011-06-02 16:04:49',9,'dev'),('SsObject::Asteroid',31,'2011-06-02 16:04:49',9,'dev'),('SsObject::Asteroid',32,'2011-06-02 16:04:49',9,'dev'),('SsObject::Asteroid',33,'2011-06-02 16:04:49',9,'dev'),('SsObject::Asteroid',35,'2011-06-02 16:04:49',9,'dev'),('SsObject::Asteroid',37,'2011-06-02 16:04:49',9,'dev'),('SsObject::Asteroid',39,'2011-06-02 16:04:49',9,'dev'),('SsObject::Asteroid',40,'2011-06-02 16:04:49',9,'dev'),('SsObject::Asteroid',41,'2011-06-02 16:04:49',9,'dev'),('SsObject::Asteroid',42,'2011-06-02 16:04:49',9,'dev'),('SsObject::Asteroid',43,'2011-06-02 16:04:49',9,'dev'),('SsObject::Asteroid',44,'2011-06-02 16:04:49',9,'dev'),('SsObject::Asteroid',45,'2011-06-02 16:04:49',9,'dev'),('SsObject::Asteroid',46,'2011-06-02 16:04:49',9,'dev'),('SsObject::Asteroid',50,'2011-06-02 16:04:49',9,'dev'),('SsObject::Asteroid',51,'2011-06-02 16:04:49',9,'dev'),('SsObject::Asteroid',53,'2011-06-02 16:04:49',9,'dev'),('SsObject::Asteroid',54,'2011-06-02 16:04:49',9,'dev'),('SsObject::Asteroid',55,'2011-06-02 16:04:49',9,'dev'),('SsObject::Asteroid',56,'2011-06-02 16:04:49',9,'dev'),('SsObject::Asteroid',57,'2011-06-02 16:04:49',9,'dev'),('SsObject::Asteroid',58,'2011-06-02 16:04:49',9,'dev'),('SsObject::Asteroid',61,'2011-06-02 16:04:49',9,'dev'),('SsObject::Asteroid',62,'2011-06-02 16:04:49',9,'dev'),('SsObject::Asteroid',63,'2011-06-02 16:04:49',9,'dev'),('SsObject::Asteroid',65,'2011-06-02 16:04:49',9,'dev'),('SsObject::Asteroid',67,'2011-06-02 16:04:49',9,'dev'),('SsObject::Asteroid',68,'2011-06-02 16:04:49',9,'dev'),('SsObject::Asteroid',69,'2011-06-02 16:04:49',9,'dev');
/*!40000 ALTER TABLE `callbacks` ENABLE KEYS */;
UNLOCK TABLES;

--
-- Table structure for table `chat_messages`
--

DROP TABLE IF EXISTS `chat_messages`;
/*!40101 SET @saved_cs_client     = @@character_set_client */;
/*!40101 SET character_set_client = utf8 */;
CREATE TABLE `chat_messages` (
  `source_id` int(11) NOT NULL,
  `target_id` int(11) NOT NULL,
  `message` varchar(255) NOT NULL,
  `created_at` datetime NOT NULL,
  KEY `index_chat_messages_on_source_id` (`source_id`),
  KEY `index_chat_messages_on_target_id` (`target_id`),
  CONSTRAINT `chat_messages_ibfk_2` FOREIGN KEY (`target_id`) REFERENCES `players` (`id`) ON DELETE CASCADE,
  CONSTRAINT `chat_messages_ibfk_1` FOREIGN KEY (`source_id`) REFERENCES `players` (`id`) ON DELETE CASCADE
) ENGINE=InnoDB DEFAULT CHARSET=utf8;
/*!40101 SET character_set_client = @saved_cs_client */;

--
-- Dumping data for table `chat_messages`
--

LOCK TABLES `chat_messages` WRITE;
/*!40000 ALTER TABLE `chat_messages` DISABLE KEYS */;
/*!40000 ALTER TABLE `chat_messages` ENABLE KEYS */;
UNLOCK TABLES;

--
-- Table structure for table `combat_logs`
--

DROP TABLE IF EXISTS `combat_logs`;
/*!40101 SET @saved_cs_client     = @@character_set_client */;
/*!40101 SET character_set_client = utf8 */;
CREATE TABLE `combat_logs` (
  `sha1_id` char(40) NOT NULL,
  `info` mediumtext NOT NULL,
  `expires_at` datetime NOT NULL,
  PRIMARY KEY (`sha1_id`),
  KEY `index_combat_logs_on_expires_at` (`expires_at`)
) ENGINE=InnoDB DEFAULT CHARSET=utf8;
/*!40101 SET character_set_client = @saved_cs_client */;

--
-- Dumping data for table `combat_logs`
--

LOCK TABLES `combat_logs` WRITE;
/*!40000 ALTER TABLE `combat_logs` DISABLE KEYS */;
/*!40000 ALTER TABLE `combat_logs` ENABLE KEYS */;
UNLOCK TABLES;

--
-- Table structure for table `construction_queue_entries`
--

DROP TABLE IF EXISTS `construction_queue_entries`;
/*!40101 SET @saved_cs_client     = @@character_set_client */;
/*!40101 SET character_set_client = utf8 */;
CREATE TABLE `construction_queue_entries` (
  `id` int(11) NOT NULL AUTO_INCREMENT,
  `constructable_type` varchar(100) NOT NULL,
  `constructor_id` int(11) NOT NULL,
  `count` int(11) NOT NULL,
  `position` smallint(2) unsigned NOT NULL DEFAULT '0',
  `params` text,
  `player_id` int(11) DEFAULT NULL,
  PRIMARY KEY (`id`),
  KEY `index_upgrade_queue_entries_on_position` (`position`),
  KEY `foreign_key` (`constructor_id`),
  KEY `player_id` (`player_id`),
  CONSTRAINT `construction_queue_entries_ibfk_2` FOREIGN KEY (`player_id`) REFERENCES `players` (`id`) ON DELETE CASCADE,
  CONSTRAINT `construction_queue_entries_ibfk_1` FOREIGN KEY (`constructor_id`) REFERENCES `buildings` (`id`) ON DELETE CASCADE
) ENGINE=InnoDB DEFAULT CHARSET=utf8;
/*!40101 SET character_set_client = @saved_cs_client */;

--
-- Dumping data for table `construction_queue_entries`
--

LOCK TABLES `construction_queue_entries` WRITE;
/*!40000 ALTER TABLE `construction_queue_entries` DISABLE KEYS */;
/*!40000 ALTER TABLE `construction_queue_entries` ENABLE KEYS */;
UNLOCK TABLES;

--
-- Table structure for table `cooldowns`
--

DROP TABLE IF EXISTS `cooldowns`;
/*!40101 SET @saved_cs_client     = @@character_set_client */;
/*!40101 SET character_set_client = utf8 */;
CREATE TABLE `cooldowns` (
  `id` int(11) NOT NULL AUTO_INCREMENT,
  `location_id` int(10) unsigned NOT NULL,
  `location_type` tinyint(2) unsigned NOT NULL,
  `location_x` int(11) DEFAULT NULL,
  `location_y` int(11) DEFAULT NULL,
  `ends_at` datetime NOT NULL,
  PRIMARY KEY (`id`),
  UNIQUE KEY `location` (`location_id`,`location_type`,`location_x`,`location_y`)
) ENGINE=InnoDB DEFAULT CHARSET=utf8;
/*!40101 SET character_set_client = @saved_cs_client */;

--
-- Dumping data for table `cooldowns`
--

LOCK TABLES `cooldowns` WRITE;
/*!40000 ALTER TABLE `cooldowns` DISABLE KEYS */;
/*!40000 ALTER TABLE `cooldowns` ENABLE KEYS */;
UNLOCK TABLES;

--
-- Table structure for table `cred_stats`
--

DROP TABLE IF EXISTS `cred_stats`;
/*!40101 SET @saved_cs_client     = @@character_set_client */;
/*!40101 SET character_set_client = utf8 */;
CREATE TABLE `cred_stats` (
  `id` int(11) NOT NULL AUTO_INCREMENT,
  `action` tinyint(2) unsigned NOT NULL,
  `player_id` int(11) DEFAULT NULL,
  `creds_left` int(10) unsigned NOT NULL,
  `class_name` varchar(50) DEFAULT NULL,
  `level` tinyint(2) unsigned DEFAULT NULL,
  `cost` int(10) unsigned NOT NULL,
  `time` int(10) unsigned DEFAULT NULL,
  `actual_time` int(10) unsigned DEFAULT NULL,
  `created_at` datetime NOT NULL,
  `resource` varchar(6) DEFAULT NULL,
  `attribute` varchar(7) DEFAULT NULL,
  `vip_level` tinyint(2) unsigned NOT NULL DEFAULT '0',
  `vip_creds` int(10) unsigned NOT NULL DEFAULT '0',
  PRIMARY KEY (`id`),
  KEY `by_action` (`action`),
  KEY `by_player` (`player_id`),
  CONSTRAINT `cred_stats_ibfk_1` FOREIGN KEY (`player_id`) REFERENCES `players` (`id`) ON DELETE SET NULL
) ENGINE=InnoDB DEFAULT CHARSET=utf8;
/*!40101 SET character_set_client = @saved_cs_client */;

--
-- Dumping data for table `cred_stats`
--

LOCK TABLES `cred_stats` WRITE;
/*!40000 ALTER TABLE `cred_stats` DISABLE KEYS */;
/*!40000 ALTER TABLE `cred_stats` ENABLE KEYS */;
UNLOCK TABLES;

--
-- Table structure for table `folliages`
--

DROP TABLE IF EXISTS `folliages`;
/*!40101 SET @saved_cs_client     = @@character_set_client */;
/*!40101 SET character_set_client = utf8 */;
CREATE TABLE `folliages` (
  `planet_id` int(11) NOT NULL,
  `x` tinyint(2) unsigned NOT NULL DEFAULT '0',
  `y` tinyint(2) unsigned NOT NULL DEFAULT '0',
  `kind` tinyint(2) unsigned NOT NULL DEFAULT '0',
  UNIQUE KEY `coords` (`planet_id`,`x`,`y`),
  CONSTRAINT `folliages_ibfk_1` FOREIGN KEY (`planet_id`) REFERENCES `ss_objects` (`id`) ON DELETE CASCADE
) ENGINE=InnoDB DEFAULT CHARSET=utf8;
/*!40101 SET character_set_client = @saved_cs_client */;

--
-- Dumping data for table `folliages`
--

LOCK TABLES `folliages` WRITE;
/*!40000 ALTER TABLE `folliages` DISABLE KEYS */;
INSERT INTO `folliages` VALUES (1,0,2,5),(1,0,3,4),(1,0,6,2),(1,1,2,1),(1,1,5,10),(1,3,7,4),(1,3,8,13),(1,3,9,0),(1,5,7,3),(1,5,12,3),(1,6,2,4),(1,6,7,8),(1,8,0,10),(1,8,1,10),(1,8,6,7),(1,8,12,2),(1,9,1,6),(1,10,6,9),(1,10,9,2),(1,11,5,2),(1,12,7,3),(1,13,8,10),(1,13,11,10),(1,15,12,8),(1,16,0,1),(1,16,8,10),(1,16,9,12),(1,18,8,2),(1,18,12,6),(1,19,4,12),(1,19,9,10),(1,21,9,10),(1,21,11,13),(1,22,0,7),(1,22,1,4),(1,22,3,10),(1,22,9,11),(1,22,11,10),(4,0,2,5),(4,0,10,3),(4,1,4,8),(4,1,14,9),(4,2,9,13),(4,2,13,13),(4,3,7,2),(4,3,13,12),(4,4,1,10),(4,4,7,2),(4,4,10,11),(4,5,1,2),(4,5,8,13),(4,6,0,6),(4,7,1,12),(4,7,6,10),(4,8,1,3),(4,8,3,8),(4,8,4,7),(4,8,7,8),(4,8,9,13),(4,8,10,6),(4,9,0,12),(4,9,10,9),(4,9,14,7),(4,11,0,7),(4,13,0,10),(4,13,10,2),(4,14,10,9),(4,14,14,0),(5,0,2,2),(5,0,3,10),(5,0,15,5),(5,1,12,10),(5,1,15,4),(5,2,10,1),(5,3,2,2),(5,3,6,8),(5,3,7,7),(5,4,6,1),(5,4,15,11),(5,5,5,13),(5,5,7,8),(5,6,0,8),(5,6,3,0),(5,6,8,6),(5,6,9,7),(5,6,16,7),(5,7,11,6),(5,7,15,0),(5,8,8,5),(5,9,7,6),(5,9,8,5),(5,9,9,2),(5,9,10,1),(5,10,4,4),(5,10,6,1),(5,10,15,7),(5,11,1,7),(5,11,2,2),(5,11,6,3),(5,11,10,1),(5,11,11,0),(5,11,13,5),(5,11,15,2),(5,11,16,1),(5,12,2,0),(5,12,13,10),(5,12,14,4),(5,13,1,9),(5,13,3,12),(5,13,5,1),(5,13,9,8),(5,13,11,13),(5,14,6,7),(5,14,15,1),(5,15,6,7),(5,18,16,9),(5,19,7,6),(5,19,11,10),(5,20,5,11),(5,20,7,4),(5,20,9,6),(5,20,10,3),(5,20,12,10),(5,20,15,0),(9,0,12,3),(9,0,13,8),(9,1,0,11),(9,1,8,11),(9,2,1,9),(9,3,6,10),(9,3,7,10),(9,4,7,5),(9,4,10,2),(9,5,9,2),(9,5,14,7),(9,6,1,0),(9,6,6,10),(9,6,14,0),(9,7,3,9),(9,7,4,12),(9,7,5,5),(9,7,14,7),(9,9,12,11),(9,9,13,13),(9,9,14,4),(9,11,0,10),(9,13,0,10),(9,13,7,11),(9,14,0,8),(9,14,7,13),(13,0,6,5),(13,0,12,3),(13,1,3,3),(13,1,6,4),(13,2,10,10),(13,3,2,0),(13,3,8,6),(13,3,9,2),(13,3,15,7),(13,3,16,6),(13,4,15,0),(13,5,2,11),(13,5,5,9),(13,5,10,11),(13,6,3,13),(13,6,8,10),(13,6,13,5),(13,6,14,11),(13,7,10,4),(13,9,6,10),(13,9,16,11),(13,10,7,11),(13,11,1,9),(13,11,7,4),(13,11,14,10),(13,11,15,6),(13,12,3,8),(13,12,12,6),(13,13,4,13),(13,13,11,13),(13,13,13,7),(13,14,6,9),(13,15,15,12),(13,17,8,8),(13,18,6,8),(13,18,8,1),(13,18,9,8),(13,18,16,0),(13,20,3,11),(13,20,4,9),(13,20,5,12),(13,20,9,11),(13,20,13,4),(13,20,16,11),(23,0,11,2),(23,0,16,4),(23,0,21,9),(23,1,0,7),(23,1,11,2),(23,1,12,11),(23,1,16,9),(23,1,18,7),(23,2,3,3),(23,2,4,6),(23,2,13,3),(23,2,15,1),(23,2,18,4),(23,3,4,9),(23,3,16,5),(23,4,4,11),(23,4,13,8),(23,6,4,11),(23,7,0,10),(23,7,20,4),(23,8,3,0),(23,9,4,1),(23,9,16,13),(23,9,20,2),(23,10,7,11),(23,10,13,0),(23,10,20,11),(23,10,22,3),(23,11,15,11),(23,11,16,8),(23,12,16,3),(23,13,5,1),(23,14,8,5),(23,14,13,4),(23,14,14,12),(23,15,17,10),(23,17,16,7),(23,17,22,4),(23,18,14,11),(23,18,21,9),(23,18,23,10),(23,19,13,11),(23,20,19,11),(23,20,20,9),(23,21,1,0),(23,21,5,5),(23,21,13,9),(23,21,16,3),(23,22,1,7),(23,22,2,1),(23,22,17,0),(23,22,19,2),(23,22,20,2),(23,23,0,6),(23,23,4,0),(23,23,5,9),(23,23,12,2),(23,23,13,6),(23,23,15,8),(23,23,17,12),(23,24,6,0),(23,24,12,1),(23,24,19,10),(23,24,23,3),(23,25,1,1),(23,25,22,3),(23,26,12,1),(23,26,15,11),(23,27,0,2),(23,27,10,6),(23,27,11,7),(23,27,12,5),(23,27,13,7),(23,27,14,6),(23,28,11,3),(23,28,18,4),(23,28,21,1),(23,28,23,10),(34,0,0,8),(34,0,2,7),(34,0,5,9),(34,0,6,5),(34,0,7,3),(34,0,19,6),(34,0,20,9),(34,0,24,8),(34,0,28,3),(34,1,14,5),(34,1,22,11),(34,1,27,3),(34,2,0,0),(34,2,22,7),(34,3,1,6),(34,4,0,11),(34,5,1,0),(34,5,9,0),(34,5,10,5),(34,6,0,3),(34,6,2,8),(34,6,5,0),(34,6,8,1),(34,6,18,9),(34,6,25,11),(34,7,0,10),(34,7,1,11),(34,7,10,5),(34,7,12,0),(34,7,13,7),(34,7,16,4),(34,7,18,2),(34,8,15,10),(34,8,17,3),(34,9,12,8),(34,9,17,0),(34,9,28,1),(34,10,5,0),(34,10,12,11),(34,11,5,8),(34,11,12,3),(34,12,8,0),(34,13,18,7),(34,14,8,7),(34,14,10,3),(34,14,18,10),(34,14,29,9),(34,15,15,10),(34,15,26,2),(34,15,29,6),(34,16,17,2),(34,16,25,1),(34,16,28,11),(34,17,29,5),(34,18,29,10),(34,19,9,10),(34,19,13,11),(34,19,16,7),(34,19,19,13),(34,19,20,1),(34,19,27,5),(34,19,29,11),(34,20,12,11),(34,20,16,3),(34,20,20,8),(34,20,27,5),(34,21,11,6),(34,21,15,1),(34,21,20,11),(34,21,23,12),(34,22,13,2),(34,22,15,5),(34,23,8,8),(34,23,10,13),(34,23,11,9),(34,23,13,11),(34,24,1,0),(34,24,15,6),(34,24,25,3),(34,25,2,6),(34,25,3,2),(34,25,5,3),(34,25,7,1),(34,25,8,0),(34,25,11,3),(34,25,15,1),(34,25,22,8),(34,26,1,3),(34,26,3,0),(34,26,20,4),(34,27,7,10),(34,27,8,3),(34,27,10,9),(34,27,18,3),(34,27,19,9),(34,27,21,9),(34,27,27,9),(34,27,28,9),(34,28,5,10),(34,28,8,1),(34,28,11,12),(34,28,13,10),(34,28,14,0),(34,28,19,9),(34,28,20,9),(34,28,22,9),(34,28,27,5),(34,29,4,6),(34,29,6,11),(34,29,8,0),(34,29,11,12),(34,29,12,4),(34,29,14,0),(34,29,19,2),(34,29,21,2),(34,29,22,3),(34,29,23,9),(34,29,27,6),(34,29,28,2),(38,0,15,10),(38,0,16,10),(38,0,20,4),(38,0,25,2),(38,1,25,4),(38,2,11,1),(38,2,19,11),(38,2,24,8),(38,2,25,0),(38,3,15,8),(38,3,27,9),(38,4,0,2),(38,4,20,4),(38,5,5,0),(38,5,7,13),(38,5,11,3),(38,5,12,2),(38,5,13,1),(38,5,14,13),(38,5,15,7),(38,6,2,0),(38,6,13,13),(38,6,23,4),(38,6,24,2),(38,6,25,12),(38,7,3,1),(38,7,5,8),(38,7,8,6),(38,7,21,6),(38,7,29,7),(38,8,8,7),(38,8,11,5),(38,8,13,7),(38,8,29,3),(38,9,19,5),(38,9,22,7),(38,9,29,5),(38,10,19,1),(38,10,22,7),(38,11,19,6),(38,12,3,3),(38,13,19,2),(38,13,20,5),(38,13,21,8),(38,13,22,9),(38,13,25,11),(38,14,5,2),(38,14,6,10),(38,14,29,6),(38,15,7,12),(38,15,26,13),(38,15,28,10),(38,16,18,7),(38,16,24,5),(38,16,25,0),(38,17,7,11),(38,17,22,9),(38,17,26,2),(38,17,27,6),(38,18,18,5),(38,18,19,10),(38,18,26,7),(38,19,25,5),(38,19,27,1),(38,20,19,7),(38,20,20,3),(38,20,23,10),(38,21,7,4),(38,21,8,13),(38,21,16,1),(38,21,23,9),(38,22,3,4),(38,22,8,2),(38,22,12,2),(38,22,13,3),(38,22,15,0),(38,22,16,8),(38,22,21,0),(38,22,22,7),(38,23,10,13),(38,23,13,8),(38,23,18,1),(38,23,20,6),(38,23,24,2),(38,24,3,2),(38,24,16,6),(38,25,0,10),(38,25,2,2),(38,25,3,0),(38,25,6,7),(38,25,11,4),(38,25,12,8),(38,25,13,5),(38,25,15,1),(38,25,19,5),(38,25,23,2),(38,26,3,1),(38,26,5,2),(38,26,11,5),(38,26,15,3),(38,26,18,2),(38,26,20,13),(38,26,21,1),(38,27,16,2),(38,27,19,0),(38,27,25,1),(38,27,26,10),(38,28,0,6),(38,28,20,2),(38,29,0,12),(38,29,13,3),(47,0,4,2),(47,0,11,7),(47,1,3,0),(47,1,11,9),(47,2,0,0),(47,2,30,11),(47,3,0,6),(47,3,3,9),(47,4,0,12),(47,4,12,4),(47,5,4,7),(47,5,9,4),(47,5,12,0),(47,5,13,12),(47,5,30,3),(47,6,1,3),(47,6,2,10),(47,6,3,12),(47,6,10,2),(47,6,11,7),(47,6,22,0),(47,7,1,4),(47,7,3,12),(47,7,5,13),(47,9,2,1),(47,9,4,10),(47,9,7,2),(47,10,4,8),(47,10,5,3),(47,10,16,12),(47,11,0,1),(47,11,6,1),(47,11,20,0),(47,11,23,3),(47,11,24,11),(47,11,30,13),(47,12,7,3),(47,12,27,6),(47,12,30,5),(47,13,3,11),(47,13,22,2),(47,13,23,6),(47,14,8,0),(47,14,12,2),(47,14,28,0),(47,15,1,12),(47,15,2,5),(47,15,3,11),(47,15,11,7),(47,15,19,10),(47,15,27,0),(47,15,29,3),(47,16,0,13),(47,16,1,10),(47,16,3,3),(47,16,6,2),(47,16,7,5),(47,16,12,13),(47,16,26,7),(47,17,12,10),(47,17,27,5),(47,18,2,3),(47,18,5,3),(47,18,11,2),(47,18,12,13),(47,18,19,11),(47,18,21,9),(47,19,6,0),(47,19,9,5),(47,19,19,4),(47,19,21,4),(47,19,22,3),(47,19,23,1),(47,19,29,3),(47,20,9,2),(47,20,30,0),(47,21,5,6),(47,21,6,11),(47,21,8,7),(47,21,28,6),(47,21,30,12),(47,22,10,4),(47,22,23,10),(47,22,30,7),(47,23,24,6),(47,23,25,2),(47,23,30,4),(47,24,5,6),(47,24,10,4),(47,24,29,13),(47,24,30,13),(47,25,4,10),(47,25,11,12),(47,25,28,0),(47,25,30,13),(49,0,6,7),(49,0,10,12),(49,0,13,8),(49,0,14,4),(49,0,20,11),(49,0,23,5),(49,0,26,12),(49,0,27,3),(49,1,3,10),(49,1,4,4),(49,1,11,12),(49,1,15,5),(49,2,9,11),(49,2,10,11),(49,2,12,7),(49,2,26,8),(49,3,2,9),(49,3,6,8),(49,3,26,4),(49,4,0,4),(49,4,15,2),(49,4,24,7),(49,5,0,0),(49,7,5,4),(49,7,24,9),(49,8,3,7),(49,8,6,8),(49,8,27,5),(49,9,0,4),(49,9,22,0),(49,10,2,8),(49,10,22,10),(49,11,4,10),(49,11,22,0),(49,12,3,0),(49,13,4,4),(49,13,12,12),(49,15,5,6),(49,15,25,13),(49,16,24,4),(49,16,26,11),(49,16,27,10),(49,17,1,9),(49,17,3,10),(49,17,5,4),(49,17,14,1),(49,17,20,0),(49,17,22,4),(49,17,25,4),(49,18,1,3),(49,18,21,11),(49,18,23,4),(49,19,1,11),(49,19,6,3),(49,19,13,4),(49,19,19,12),(49,20,1,3),(49,20,14,2),(49,20,15,1),(49,20,24,2),(49,21,0,7),(49,21,6,7),(49,21,15,6),(49,21,27,1),(49,22,1,4),(49,22,3,7),(49,22,4,1),(49,22,5,11),(49,22,8,0),(49,22,15,7),(49,23,1,0),(49,23,5,13),(49,23,12,7),(49,24,3,7),(49,24,6,1),(49,24,13,1),(49,24,27,0),(60,0,1,5),(60,0,2,0),(60,0,8,0),(60,0,13,9),(60,0,16,7),(60,0,17,9),(60,0,22,4),(60,1,2,11),(60,1,13,3),(60,1,23,13),(60,2,2,5),(60,2,5,2),(60,2,13,2),(60,3,1,13),(60,3,18,8),(60,4,3,7),(60,4,24,7),(60,5,3,0),(60,5,8,7),(60,5,15,10),(60,5,23,6),(60,6,3,6),(60,7,4,6),(60,7,8,7),(60,7,12,0),(60,7,20,5),(60,8,1,2),(60,8,2,7),(60,8,3,2),(60,8,5,9),(60,9,2,13),(60,9,18,4),(60,9,20,9),(60,10,1,6),(60,10,10,4),(60,10,19,1),(60,11,0,0),(60,11,3,10),(60,11,18,11),(60,11,19,11),(60,11,21,10),(60,13,11,7),(60,13,12,10),(60,13,24,10),(60,14,11,12),(60,14,23,5),(60,15,21,6),(60,15,22,3),(60,15,24,10),(60,16,23,4),(60,17,3,6),(60,17,14,5),(60,17,23,3),(60,18,3,13),(60,18,4,7),(60,18,14,1),(60,18,24,12),(60,19,0,0),(60,19,3,3),(60,19,10,4),(60,20,0,4),(60,20,4,10),(60,20,5,0),(60,20,13,10),(60,21,7,8),(60,22,0,9),(60,22,1,13),(60,22,3,6),(60,22,4,9),(60,22,6,3),(60,22,7,5),(60,22,14,2),(60,23,1,8),(60,23,8,4),(60,25,0,11),(60,25,1,4),(60,25,2,9),(60,25,8,3),(60,25,18,9),(60,26,11,7),(60,27,8,13),(60,27,11,9),(60,27,12,1),(60,27,18,9),(60,27,22,5),(64,0,8,8),(64,0,9,3),(64,0,10,1),(64,0,11,0),(64,1,2,10),(64,1,13,1),(64,1,14,7),(64,1,19,12),(64,1,24,13),(64,1,28,6),(64,2,8,6),(64,2,13,11),(64,2,14,4),(64,2,16,10),(64,2,17,8),(64,2,26,0),(64,3,14,1),(64,3,15,7),(64,3,26,7),(64,3,29,7),(64,4,21,3),(64,4,23,8),(64,4,27,6),(64,5,27,4),(64,6,3,11),(64,6,21,9),(64,6,26,0),(64,6,28,11),(64,6,29,4),(64,7,2,3),(64,7,3,1),(64,7,21,1),(64,7,23,11),(64,7,24,7),(64,7,25,7),(64,7,29,6),(64,8,4,0),(64,8,7,10),(64,8,24,7),(64,9,1,2),(64,9,32,5),(64,10,0,1),(64,10,2,1),(64,10,7,3),(64,11,1,8),(64,11,6,4),(64,11,8,0),(64,12,3,12),(64,12,4,5),(64,12,5,8),(64,12,6,3),(64,13,0,11),(64,13,5,4),(64,13,24,3),(64,13,27,13),(64,14,0,3),(64,14,4,12),(64,14,22,4),(64,14,24,1),(64,14,25,3),(64,15,3,3),(64,15,22,1),(64,16,1,0),(64,16,7,9),(64,16,10,7),(64,16,12,6),(64,16,15,6),(64,16,31,9),(64,16,34,7),(64,17,8,1),(64,17,16,12),(64,17,25,8),(64,17,32,1),(64,18,17,11),(64,18,34,9),(64,19,8,10),(64,19,24,7),(64,19,25,3),(64,20,24,12),(64,21,0,7),(64,21,23,5),(64,21,32,11),(64,21,34,5),(64,22,10,0),(64,23,0,4),(64,23,1,8),(64,23,34,9),(64,24,6,0),(64,24,14,11),(64,24,26,3),(64,24,28,7),(64,25,0,12),(64,25,1,0),(64,25,15,6),(64,25,16,9),(64,25,25,7),(64,25,26,10),(64,25,28,6),(64,25,34,4),(64,26,2,11),(64,26,16,4),(64,26,17,13),(64,26,25,10),(64,26,26,13),(64,26,28,1),(64,26,29,2),(64,27,1,4),(64,27,2,9),(64,27,5,2),(64,27,6,3),(64,27,8,10),(64,27,11,12),(64,27,15,4),(64,27,25,8),(64,27,28,10),(64,28,5,13),(64,28,6,7),(64,28,7,11),(64,28,11,12),(64,28,13,5),(72,0,6,12),(72,0,10,9),(72,0,11,7),(72,0,14,5),(72,1,5,9),(72,1,10,11),(72,1,12,4),(72,2,16,5),(72,3,8,4),(72,3,16,9),(72,4,7,10),(72,4,10,0),(72,4,15,10),(72,6,0,11),(72,6,2,6),(72,6,3,8),(72,6,4,7),(72,6,9,11),(72,6,12,8),(72,6,13,6),(72,6,14,1),(72,6,16,11),(72,8,16,11),(72,9,5,13),(72,10,6,2),(72,10,10,9),(72,11,3,11),(72,11,10,2),(72,11,11,7),(72,12,0,5),(72,12,6,11),(72,13,3,4),(72,13,4,10),(72,13,5,0),(72,13,15,0),(72,13,16,8),(72,14,16,3),(72,15,6,8),(72,17,10,3),(72,18,7,8),(72,18,8,11),(72,19,9,12),(72,19,10,6),(72,19,13,2),(72,20,2,6),(72,20,10,3);
/*!40000 ALTER TABLE `folliages` ENABLE KEYS */;
UNLOCK TABLES;

--
-- Table structure for table `fow_galaxy_entries`
--

DROP TABLE IF EXISTS `fow_galaxy_entries`;
/*!40101 SET @saved_cs_client     = @@character_set_client */;
/*!40101 SET character_set_client = utf8 */;
CREATE TABLE `fow_galaxy_entries` (
  `id` int(11) NOT NULL AUTO_INCREMENT,
  `galaxy_id` int(11) NOT NULL,
  `player_id` int(11) DEFAULT NULL,
  `alliance_id` int(11) DEFAULT NULL,
  `x` int(11) NOT NULL,
  `y` int(11) NOT NULL,
  `x_end` int(11) NOT NULL,
  `y_end` int(11) NOT NULL,
  `counter` tinyint(2) unsigned NOT NULL DEFAULT '1',
  PRIMARY KEY (`id`),
  UNIQUE KEY `player_visiblity` (`player_id`,`x`,`y`,`x_end`,`y_end`),
  UNIQUE KEY `alliance_visiblity` (`alliance_id`,`x`,`y`,`x_end`,`y_end`),
  KEY `lookup_players_by_coords` (`galaxy_id`,`x`,`x_end`,`y`,`y_end`),
  KEY `for_cleanup` (`counter`),
  CONSTRAINT `fow_galaxy_entries_ibfk_1` FOREIGN KEY (`galaxy_id`) REFERENCES `galaxies` (`id`) ON DELETE CASCADE
) ENGINE=InnoDB DEFAULT CHARSET=utf8;
/*!40101 SET character_set_client = @saved_cs_client */;

--
-- Dumping data for table `fow_galaxy_entries`
--

LOCK TABLES `fow_galaxy_entries` WRITE;
/*!40000 ALTER TABLE `fow_galaxy_entries` DISABLE KEYS */;
/*!40000 ALTER TABLE `fow_galaxy_entries` ENABLE KEYS */;
UNLOCK TABLES;

--
-- Table structure for table `fow_ss_entries`
--

DROP TABLE IF EXISTS `fow_ss_entries`;
/*!40101 SET @saved_cs_client     = @@character_set_client */;
/*!40101 SET character_set_client = utf8 */;
CREATE TABLE `fow_ss_entries` (
  `id` int(11) NOT NULL AUTO_INCREMENT,
  `solar_system_id` int(11) NOT NULL,
  `player_id` int(11) DEFAULT NULL,
  `counter` int(11) NOT NULL DEFAULT '0',
  `player_planets` tinyint(1) DEFAULT NULL,
  `player_ships` tinyint(1) DEFAULT NULL,
  `enemy_planets` tinyint(1) NOT NULL DEFAULT '0',
  `enemy_ships` tinyint(1) NOT NULL DEFAULT '0',
  `alliance_id` int(11) DEFAULT NULL,
  `alliance_planet_player_ids` text,
  `alliance_ship_player_ids` text,
  `nap_planets` tinyint(1) DEFAULT NULL,
  `nap_ships` tinyint(1) DEFAULT NULL,
  PRIMARY KEY (`id`),
  UNIQUE KEY `create_for_player` (`solar_system_id`,`player_id`),
  UNIQUE KEY `create_for_alliance` (`solar_system_id`,`alliance_id`),
  KEY `select_by_player` (`player_id`),
  KEY `select_by_alliance` (`alliance_id`),
  KEY `for_cleanup` (`counter`),
  CONSTRAINT `fow_ss_entries_ibfk_1` FOREIGN KEY (`solar_system_id`) REFERENCES `solar_systems` (`id`) ON DELETE CASCADE,
  CONSTRAINT `fow_ss_entries_ibfk_2` FOREIGN KEY (`player_id`) REFERENCES `players` (`id`) ON DELETE CASCADE,
  CONSTRAINT `fow_ss_entries_ibfk_3` FOREIGN KEY (`alliance_id`) REFERENCES `alliances` (`id`) ON DELETE CASCADE
) ENGINE=InnoDB AUTO_INCREMENT=2 DEFAULT CHARSET=utf8;
/*!40101 SET character_set_client = @saved_cs_client */;

--
-- Dumping data for table `fow_ss_entries`
--

LOCK TABLES `fow_ss_entries` WRITE;
/*!40000 ALTER TABLE `fow_ss_entries` DISABLE KEYS */;
INSERT INTO `fow_ss_entries` VALUES (1,8,1,1,1,0,0,0,NULL,NULL,NULL,NULL,NULL);
/*!40000 ALTER TABLE `fow_ss_entries` ENABLE KEYS */;
UNLOCK TABLES;

--
-- Table structure for table `galaxies`
--

DROP TABLE IF EXISTS `galaxies`;
/*!40101 SET @saved_cs_client     = @@character_set_client */;
/*!40101 SET character_set_client = utf8 */;
CREATE TABLE `galaxies` (
  `id` int(11) NOT NULL AUTO_INCREMENT,
  `created_at` datetime NOT NULL,
  `ruleset` varchar(30) NOT NULL DEFAULT '0',
  `callback_url` varchar(255) NOT NULL,
  PRIMARY KEY (`id`)
) ENGINE=InnoDB AUTO_INCREMENT=2 DEFAULT CHARSET=utf8;
/*!40101 SET character_set_client = @saved_cs_client */;

--
-- Dumping data for table `galaxies`
--

LOCK TABLES `galaxies` WRITE;
/*!40000 ALTER TABLE `galaxies` DISABLE KEYS */;
INSERT INTO `galaxies` VALUES (1,'2011-06-02 16:04:15','dev','localhost');
/*!40000 ALTER TABLE `galaxies` ENABLE KEYS */;
UNLOCK TABLES;

--
-- Table structure for table `naps`
--

DROP TABLE IF EXISTS `naps`;
/*!40101 SET @saved_cs_client     = @@character_set_client */;
/*!40101 SET character_set_client = utf8 */;
CREATE TABLE `naps` (
  `id` int(11) NOT NULL AUTO_INCREMENT,
  `initiator_id` int(11) NOT NULL,
  `acceptor_id` int(11) NOT NULL,
  `status` tinyint(2) unsigned NOT NULL DEFAULT '0',
  `created_at` datetime NOT NULL,
  `expires_at` datetime DEFAULT NULL,
  PRIMARY KEY (`id`),
  UNIQUE KEY `enforce_one_nap_per_pair` (`initiator_id`,`acceptor_id`),
  KEY `lookup_naps_for_alliance_1st` (`initiator_id`,`status`),
  KEY `lookup_naps_for_alliance_2nd` (`acceptor_id`,`status`),
  CONSTRAINT `naps_ibfk_2` FOREIGN KEY (`acceptor_id`) REFERENCES `alliances` (`id`) ON DELETE CASCADE,
  CONSTRAINT `naps_ibfk_1` FOREIGN KEY (`initiator_id`) REFERENCES `alliances` (`id`) ON DELETE CASCADE
) ENGINE=InnoDB DEFAULT CHARSET=utf8;
/*!40101 SET character_set_client = @saved_cs_client */;

--
-- Dumping data for table `naps`
--

LOCK TABLES `naps` WRITE;
/*!40000 ALTER TABLE `naps` DISABLE KEYS */;
/*!40000 ALTER TABLE `naps` ENABLE KEYS */;
UNLOCK TABLES;

--
-- Table structure for table `notifications`
--

DROP TABLE IF EXISTS `notifications`;
/*!40101 SET @saved_cs_client     = @@character_set_client */;
/*!40101 SET character_set_client = utf8 */;
CREATE TABLE `notifications` (
  `id` int(11) NOT NULL AUTO_INCREMENT,
  `player_id` int(11) NOT NULL,
  `created_at` datetime NOT NULL,
  `expires_at` datetime NOT NULL,
  `event` tinyint(2) unsigned NOT NULL,
  `params` text,
  `starred` tinyint(1) NOT NULL DEFAULT '0',
  `read` tinyint(1) NOT NULL DEFAULT '0',
  PRIMARY KEY (`id`),
  KEY `player` (`player_id`),
  KEY `order` (`read`,`created_at`),
  KEY `index_notifications_on_expires_at` (`expires_at`),
  KEY `foreign_key` (`player_id`),
  CONSTRAINT `notifications_ibfk_1` FOREIGN KEY (`player_id`) REFERENCES `players` (`id`) ON DELETE CASCADE
) ENGINE=InnoDB DEFAULT CHARSET=utf8;
/*!40101 SET character_set_client = @saved_cs_client */;

--
-- Dumping data for table `notifications`
--

LOCK TABLES `notifications` WRITE;
/*!40000 ALTER TABLE `notifications` DISABLE KEYS */;
/*!40000 ALTER TABLE `notifications` ENABLE KEYS */;
UNLOCK TABLES;

--
-- Table structure for table `objective_progresses`
--

DROP TABLE IF EXISTS `objective_progresses`;
/*!40101 SET @saved_cs_client     = @@character_set_client */;
/*!40101 SET character_set_client = utf8 */;
CREATE TABLE `objective_progresses` (
  `id` int(11) NOT NULL AUTO_INCREMENT,
  `objective_id` int(11) DEFAULT NULL,
  `player_id` int(11) DEFAULT NULL,
  `completed` int(10) unsigned NOT NULL DEFAULT '0',
  PRIMARY KEY (`id`),
  KEY `objective_fk` (`objective_id`),
  KEY `player_fk` (`player_id`),
  CONSTRAINT `objective_progresses_ibfk_1` FOREIGN KEY (`objective_id`) REFERENCES `objectives` (`id`) ON DELETE CASCADE,
  CONSTRAINT `objective_progresses_ibfk_2` FOREIGN KEY (`player_id`) REFERENCES `players` (`id`) ON DELETE CASCADE
) ENGINE=InnoDB AUTO_INCREMENT=150 DEFAULT CHARSET=utf8;
/*!40101 SET character_set_client = @saved_cs_client */;

--
-- Dumping data for table `objective_progresses`
--

LOCK TABLES `objective_progresses` WRITE;
/*!40000 ALTER TABLE `objective_progresses` DISABLE KEYS */;
INSERT INTO `objective_progresses` VALUES (1,1,1,0),(2,123,1,0),(3,124,1,0),(4,125,1,0),(5,126,1,0),(6,127,1,0),(7,128,1,0),(8,129,1,0),(9,130,1,0),(10,131,1,0),(11,132,1,0),(12,133,1,0),(13,134,1,0),(14,135,1,0),(15,136,1,0),(16,137,1,0),(17,138,1,0),(18,139,1,0),(19,140,1,0),(20,141,1,0),(21,142,1,0),(22,143,1,0),(23,144,1,0),(24,145,1,0),(25,146,1,0),(26,147,1,0),(27,148,1,0),(28,149,1,0),(29,150,1,0),(30,151,1,0),(31,152,1,0),(32,153,1,0),(33,154,1,0),(34,155,1,0),(35,156,1,0),(36,157,1,0),(37,158,1,0),(38,159,1,0),(39,160,1,0),(40,161,1,0),(41,162,1,0),(42,163,1,0),(43,164,1,0),(44,165,1,0),(45,166,1,0),(46,167,1,0),(47,168,1,0),(48,169,1,0),(49,170,1,0),(50,171,1,0),(51,172,1,0),(52,173,1,0),(53,174,1,0),(54,175,1,0),(55,176,1,0),(56,177,1,0),(57,178,1,0),(58,179,1,0),(59,180,1,0),(60,181,1,0),(61,182,1,0),(62,183,1,0),(63,184,1,0),(64,185,1,0),(65,186,1,0),(66,187,1,0),(67,188,1,0),(68,189,1,0),(69,190,1,0),(70,191,1,0),(71,192,1,0),(72,193,1,0),(73,194,1,0),(74,195,1,0),(75,196,1,0),(76,197,1,0),(77,198,1,0),(78,199,1,0),(79,200,1,0),(80,201,1,0),(81,202,1,0),(82,203,1,0),(83,204,1,0),(84,205,1,0),(85,206,1,0),(86,207,1,0),(87,208,1,0),(88,209,1,0),(89,210,1,0),(90,211,1,0),(91,212,1,0),(92,213,1,0),(93,214,1,0),(94,215,1,0),(95,216,1,0),(96,217,1,0),(97,218,1,0),(98,219,1,0),(99,220,1,0),(100,221,1,0),(101,222,1,0),(102,223,1,0),(103,224,1,0),(104,225,1,0),(105,226,1,0),(106,227,1,0),(107,228,1,0),(108,229,1,0),(109,230,1,0),(110,231,1,0),(111,232,1,0),(112,233,1,0),(113,234,1,0),(114,235,1,0),(115,236,1,0),(116,237,1,0),(117,238,1,0),(118,239,1,0),(119,240,1,0),(120,241,1,0),(121,242,1,0),(122,243,1,0),(123,244,1,0),(124,245,1,0),(125,246,1,0),(126,247,1,0),(127,248,1,0),(128,249,1,0),(129,250,1,0),(130,251,1,0),(131,252,1,0),(132,253,1,0),(133,254,1,0),(134,255,1,0),(135,256,1,0),(136,257,1,0),(137,258,1,0),(138,259,1,0),(139,260,1,0),(140,261,1,0),(141,262,1,0),(142,263,1,0),(143,264,1,0),(144,265,1,0),(145,266,1,0),(146,267,1,0),(147,268,1,0),(148,269,1,0),(149,270,1,0);
/*!40000 ALTER TABLE `objective_progresses` ENABLE KEYS */;
UNLOCK TABLES;

--
-- Table structure for table `objectives`
--

DROP TABLE IF EXISTS `objectives`;
/*!40101 SET @saved_cs_client     = @@character_set_client */;
/*!40101 SET character_set_client = utf8 */;
CREATE TABLE `objectives` (
  `id` int(11) NOT NULL AUTO_INCREMENT,
  `quest_id` int(11) NOT NULL,
  `type` varchar(255) NOT NULL,
  `key` varchar(255) DEFAULT NULL,
  `count` int(10) unsigned NOT NULL DEFAULT '1',
  `level` tinyint(2) unsigned DEFAULT NULL,
  `alliance` tinyint(1) NOT NULL DEFAULT '0',
  `npc` tinyint(1) NOT NULL DEFAULT '0',
  `limit` int(10) unsigned DEFAULT NULL,
  `outcome` tinyint(2) DEFAULT NULL,
  PRIMARY KEY (`id`),
  KEY `quest_objectives` (`quest_id`),
  KEY `on_progress` (`type`,`key`),
  CONSTRAINT `objectives_ibfk_1` FOREIGN KEY (`quest_id`) REFERENCES `quests` (`id`) ON DELETE CASCADE
) ENGINE=InnoDB AUTO_INCREMENT=271 DEFAULT CHARSET=utf8;
/*!40101 SET character_set_client = @saved_cs_client */;

--
-- Dumping data for table `objectives`
--

LOCK TABLES `objectives` WRITE;
/*!40000 ALTER TABLE `objectives` DISABLE KEYS */;
INSERT INTO `objectives` VALUES (1,1,'HaveUpgradedTo','Building::CollectorT1',1,1,0,0,NULL,NULL),(2,2,'HaveUpgradedTo','Building::MetalExtractor',1,1,0,0,NULL,NULL),(3,3,'HaveUpgradedTo','Building::CollectorT1',2,1,0,0,NULL,NULL),(4,3,'HaveUpgradedTo','Building::MetalExtractor',2,1,0,0,NULL,NULL),(5,22,'ExploreBlock','ExploreBlock',1,NULL,0,0,9,NULL),(6,23,'ExploreBlock','ExploreBlock',10,NULL,0,0,9,NULL),(7,4,'HaveUpgradedTo','Building::CollectorT1',2,3,0,0,NULL,NULL),(8,4,'HaveUpgradedTo','Building::MetalExtractor',2,3,0,0,NULL,NULL),(9,5,'HaveUpgradedTo','Building::CollectorT1',2,4,0,0,NULL,NULL),(10,5,'HaveUpgradedTo','Building::MetalExtractor',2,4,0,0,NULL,NULL),(11,6,'HaveUpgradedTo','Building::Barracks',1,1,0,0,NULL,NULL),(12,7,'HaveUpgradedTo','Unit::Trooper',8,1,0,0,NULL,NULL),(13,80,'HaveWarPoints','Player',1,NULL,0,0,500,NULL),(14,81,'HaveWarPoints','Player',1,NULL,0,0,750,NULL),(15,82,'HaveWarPoints','Player',1,NULL,0,0,1125,NULL),(16,83,'HaveWarPoints','Player',1,NULL,0,0,1688,NULL),(17,84,'HaveWarPoints','Player',1,NULL,0,0,2532,NULL),(18,85,'HaveWarPoints','Player',1,NULL,0,0,3797,NULL),(19,86,'HaveWarPoints','Player',1,NULL,0,0,5696,NULL),(20,87,'HaveWarPoints','Player',1,NULL,0,0,8543,NULL),(21,88,'HaveWarPoints','Player',1,NULL,0,0,12815,NULL),(22,89,'HaveWarPoints','Player',1,NULL,0,0,19222,NULL),(23,90,'HaveWarPoints','Player',1,NULL,0,0,28833,NULL),(24,91,'HaveWarPoints','Player',1,NULL,0,0,43249,NULL),(25,92,'HaveWarPoints','Player',1,NULL,0,0,64874,NULL),(26,93,'HaveWarPoints','Player',1,NULL,0,0,97310,NULL),(27,94,'HaveWarPoints','Player',1,NULL,0,0,145965,NULL),(28,106,'HaveWarPoints','Player',1,NULL,0,0,200000,NULL),(29,107,'HaveWarPoints','Player',1,NULL,0,0,230000,NULL),(30,108,'HaveWarPoints','Player',1,NULL,0,0,264500,NULL),(31,109,'HaveWarPoints','Player',1,NULL,0,0,304175,NULL),(32,110,'HaveWarPoints','Player',1,NULL,0,0,349802,NULL),(33,111,'HaveWarPoints','Player',1,NULL,0,0,402272,NULL),(34,112,'HaveWarPoints','Player',1,NULL,0,0,462613,NULL),(35,113,'HaveWarPoints','Player',1,NULL,0,0,532004,NULL),(36,114,'HaveWarPoints','Player',1,NULL,0,0,611805,NULL),(37,115,'HaveWarPoints','Player',1,NULL,0,0,703576,NULL),(38,8,'DestroyNpcBuilding','Building::NpcMetalExtractor',1,1,0,0,NULL,NULL),(39,32,'HaveUpgradedTo','Building::MetalExtractor',3,4,0,0,NULL,NULL),(40,9,'HaveUpgradedTo','Building::MetalExtractor',1,7,0,0,NULL,NULL),(41,10,'HaveUpgradedTo','Building::CollectorT1',1,7,0,0,NULL,NULL),(42,116,'BecomeVip','Vip',1,1,0,0,NULL,NULL),(43,117,'Accelerate','Building',1,NULL,0,0,NULL,NULL),(44,11,'HaveUpgradedTo','Building::ResearchCenter',1,1,0,0,NULL,NULL),(45,24,'ExploreBlock','ExploreBlock',5,NULL,0,0,12,NULL),(46,25,'ExploreBlock','ExploreBlock',5,NULL,0,0,16,NULL),(47,26,'ExploreBlock','ExploreBlock',10,NULL,0,0,36,NULL),(48,12,'HaveUpgradedTo','Unit::Seeker',3,1,0,0,NULL,NULL),(49,13,'HaveUpgradedTo','Unit::Trooper',4,2,0,0,NULL,NULL),(50,72,'HaveSciencePoints','Player',1,NULL,0,0,2500,NULL),(51,73,'HaveSciencePoints','Player',1,NULL,0,0,5000,NULL),(52,74,'HaveSciencePoints','Player',1,NULL,0,0,10000,NULL),(53,75,'HaveSciencePoints','Player',1,NULL,0,0,25000,NULL),(54,76,'HaveSciencePoints','Player',1,NULL,0,0,50000,NULL),(55,77,'HaveSciencePoints','Player',1,NULL,0,0,100000,NULL),(56,78,'HaveSciencePoints','Player',1,NULL,0,0,150000,NULL),(57,79,'HaveSciencePoints','Player',1,NULL,0,0,200000,NULL),(58,27,'DestroyNpcBuilding','Building::NpcZetiumExtractor',1,1,0,0,NULL,NULL),(59,66,'HaveArmyPoints','Player',1,NULL,0,0,500,NULL),(60,67,'HaveArmyPoints','Player',1,NULL,0,0,850,NULL),(61,68,'HaveArmyPoints','Player',1,NULL,0,0,1445,NULL),(62,69,'HaveArmyPoints','Player',1,NULL,0,0,2457,NULL),(63,70,'HaveArmyPoints','Player',1,NULL,0,0,5000,NULL),(64,71,'HaveArmyPoints','Player',1,NULL,0,0,8500,NULL),(65,95,'HaveArmyPoints','Player',1,NULL,0,0,15000,NULL),(66,96,'HaveArmyPoints','Player',1,NULL,0,0,21000,NULL),(67,97,'HaveArmyPoints','Player',1,NULL,0,0,29400,NULL),(68,98,'HaveArmyPoints','Player',1,NULL,0,0,41160,NULL),(69,99,'HaveArmyPoints','Player',1,NULL,0,0,57624,NULL),(70,100,'HaveArmyPoints','Player',1,NULL,0,0,80674,NULL),(71,101,'HaveArmyPoints','Player',1,NULL,0,0,112944,NULL),(72,102,'HaveArmyPoints','Player',1,NULL,0,0,158121,NULL),(73,14,'HaveUpgradedTo','Technology::ZetiumExtraction',1,1,0,0,NULL,NULL),(74,15,'HaveUpgradedTo','Building::ZetiumExtractor',1,1,0,0,NULL,NULL),(75,16,'HavePoints','Player',1,NULL,0,0,15000,NULL),(76,28,'HavePoints','Player',1,NULL,0,0,30000,NULL),(77,29,'HavePoints','Player',1,NULL,0,0,60000,NULL),(78,30,'HavePoints','Player',1,NULL,0,0,80000,NULL),(79,33,'HavePoints','Player',1,NULL,0,0,150000,NULL),(80,64,'HavePoints','Player',1,NULL,0,0,350000,NULL),(81,17,'HaveUpgradedTo','Building::MetalStorage',1,2,0,0,NULL,NULL),(82,17,'HaveUpgradedTo','Building::EnergyStorage',1,1,0,0,NULL,NULL),(83,17,'HaveUpgradedTo','Building::ZetiumStorage',1,1,0,0,NULL,NULL),(84,18,'HaveUpgradedTo','Technology::SpaceFactory',1,1,0,0,NULL,NULL),(85,19,'HaveUpgradedTo','Building::SpaceFactory',1,1,0,0,NULL,NULL),(86,31,'HaveUpgradedTo','Unit::Crow',4,1,0,0,NULL,NULL),(87,35,'Destroy','Unit::Dirac',14,1,0,0,NULL,NULL),(88,36,'Destroy','Unit::Thor',10,1,0,0,NULL,NULL),(89,37,'Destroy','Unit::Demosis',6,1,0,0,NULL,NULL),(90,20,'AnnexPlanet','SsObject::Planet',1,NULL,0,1,NULL,NULL),(91,21,'UpgradeTo','Building::Headquarters',1,1,0,0,NULL,NULL),(92,34,'HaveUpgradedTo','Building::Radar',1,1,0,0,NULL,NULL),(93,38,'HavePlanets','SsObject::Planet',3,NULL,0,0,NULL,NULL),(94,39,'HavePlanets','SsObject::Planet',4,NULL,0,0,NULL,NULL),(95,40,'HavePlanets','SsObject::Planet',5,NULL,0,0,NULL,NULL),(96,41,'HavePlanets','SsObject::Planet',6,NULL,0,0,NULL,NULL),(97,42,'HavePlanets','SsObject::Planet',7,NULL,0,0,NULL,NULL),(98,43,'Destroy','Unit::Mule',2,1,0,0,NULL,NULL),(99,44,'Destroy','Unit::Crow',6,1,0,0,NULL,NULL),(100,45,'Destroy','Unit::Cyrix',4,1,0,0,NULL,NULL),(101,46,'Destroy','Unit::Cyrix',10,1,0,0,NULL,NULL),(102,47,'Destroy','Unit::Avenger',6,1,0,0,NULL,NULL),(103,48,'Destroy','Unit::Avenger',15,1,0,0,NULL,NULL),(104,49,'Destroy','Unit::Dart',6,1,0,0,NULL,NULL),(105,50,'Destroy','Unit::Dart',15,1,0,0,NULL,NULL),(106,51,'Destroy','Unit::Rhyno',1,1,0,0,NULL,NULL),(107,52,'Destroy','Unit::Rhyno',4,1,0,0,NULL,NULL),(108,53,'Destroy','Unit::Trooper',10,1,0,0,NULL,NULL),(109,53,'Destroy','Unit::Shocker',5,1,0,0,NULL,NULL),(110,53,'Destroy','Unit::Seeker',8,1,0,0,NULL,NULL),(111,54,'Destroy','Unit::Scorpion',15,1,0,0,NULL,NULL),(112,54,'Destroy','Unit::Azure',5,1,0,0,NULL,NULL),(113,55,'Destroy','Building::Vulcan',2,1,0,0,NULL,NULL),(114,56,'Destroy','Building::Vulcan',6,1,0,0,NULL,NULL),(115,57,'Destroy','Building::Vulcan',10,1,0,0,NULL,NULL),(116,58,'Destroy','Building::Screamer',2,1,0,0,NULL,NULL),(117,59,'Destroy','Building::Screamer',6,1,0,0,NULL,NULL),(118,60,'Destroy','Building::Screamer',10,1,0,0,NULL,NULL),(119,61,'Destroy','Building::Thunder',2,1,0,0,NULL,NULL),(120,62,'Destroy','Building::Thunder',6,1,0,0,NULL,NULL),(121,63,'Destroy','Building::Thunder',10,1,0,0,NULL,NULL),(122,65,'AnnexPlanet','SsObject::Planet',1,NULL,0,0,NULL,NULL),(123,10000,'ExploreBlock','ExploreBlock',25,NULL,0,0,NULL,NULL),(124,10001,'ExploreBlock','ExploreBlock',50,NULL,0,0,NULL,NULL),(125,10002,'ExploreBlock','ExploreBlock',100,NULL,0,0,NULL,NULL),(126,10003,'ExploreBlock','ExploreBlock',250,NULL,0,0,NULL,NULL),(127,10004,'ExploreBlock','ExploreBlock',500,NULL,0,0,NULL,NULL),(128,10005,'ExploreBlock','ExploreBlock',1000,NULL,0,0,NULL,NULL),(129,10006,'ExploreBlock','ExploreBlock',2500,NULL,0,0,NULL,NULL),(130,10020,'Destroy','Unit',50,1,0,0,NULL,NULL),(131,10021,'Destroy','Unit',100,1,0,0,NULL,NULL),(132,10022,'Destroy','Unit',250,1,0,0,NULL,NULL),(133,10023,'Destroy','Unit',500,1,0,0,NULL,NULL),(134,10024,'Destroy','Unit',1000,1,0,0,NULL,NULL),(135,10025,'Destroy','Unit',2500,1,0,0,NULL,NULL),(136,10026,'Destroy','Unit',5000,1,0,0,NULL,NULL),(137,10027,'Destroy','Unit',10000,1,0,0,NULL,NULL),(138,10028,'Destroy','Unit',25000,1,0,0,NULL,NULL),(139,10040,'Destroy','Building',5,1,0,0,NULL,NULL),(140,10041,'Destroy','Building',10,1,0,0,NULL,NULL),(141,10042,'Destroy','Building',25,1,0,0,NULL,NULL),(142,10043,'Destroy','Building',50,1,0,0,NULL,NULL),(143,10044,'Destroy','Building',100,1,0,0,NULL,NULL),(144,10045,'Destroy','Building',250,1,0,0,NULL,NULL),(145,10046,'Destroy','Building',500,1,0,0,NULL,NULL),(146,10060,'SelfDestruct','Building',1,NULL,0,0,NULL,NULL),(147,10061,'SelfDestruct','Building',5,NULL,0,0,NULL,NULL),(148,10062,'SelfDestruct','Building',10,NULL,0,0,NULL,NULL),(149,10063,'SelfDestruct','Building',25,NULL,0,0,NULL,NULL),(150,10064,'SelfDestruct','Building',50,NULL,0,0,NULL,NULL),(151,10065,'SelfDestruct','Building',75,NULL,0,0,NULL,NULL),(152,10066,'SelfDestruct','Building',100,NULL,0,0,NULL,NULL),(153,10080,'AccelerateFlight','',1,NULL,0,0,NULL,NULL),(154,10081,'AccelerateFlight','',5,NULL,0,0,NULL,NULL),(155,10082,'AccelerateFlight','',10,NULL,0,0,NULL,NULL),(156,10083,'AccelerateFlight','',25,NULL,0,0,NULL,NULL),(157,10084,'AccelerateFlight','',50,NULL,0,0,NULL,NULL),(158,10085,'AccelerateFlight','',75,NULL,0,0,NULL,NULL),(159,10086,'AccelerateFlight','',100,NULL,0,0,NULL,NULL),(160,10100,'UpgradeTo','Unit',25,1,0,0,NULL,NULL),(161,10101,'UpgradeTo','Unit',50,1,0,0,NULL,NULL),(162,10102,'UpgradeTo','Unit',100,1,0,0,NULL,NULL),(163,10103,'UpgradeTo','Unit',250,1,0,0,NULL,NULL),(164,10104,'UpgradeTo','Unit',500,1,0,0,NULL,NULL),(165,10105,'UpgradeTo','Unit',1000,1,0,0,NULL,NULL),(166,10106,'UpgradeTo','Unit',2500,1,0,0,NULL,NULL),(167,10107,'UpgradeTo','Unit',5000,1,0,0,NULL,NULL),(168,10108,'UpgradeTo','Unit',10000,1,0,0,NULL,NULL),(169,10120,'UpgradeTo','Building',25,1,0,0,NULL,NULL),(170,10121,'UpgradeTo','Building',50,1,0,0,NULL,NULL),(171,10122,'UpgradeTo','Building',75,1,0,0,NULL,NULL),(172,10123,'UpgradeTo','Building',100,1,0,0,NULL,NULL),(173,10124,'UpgradeTo','Building',150,1,0,0,NULL,NULL),(174,10125,'UpgradeTo','Building',200,1,0,0,NULL,NULL),(175,10126,'UpgradeTo','Building',250,1,0,0,NULL,NULL),(176,10127,'UpgradeTo','Building',500,1,0,0,NULL,NULL),(177,10140,'HaveUpgradedTo','Technology',5,1,0,0,NULL,NULL),(178,10141,'HaveUpgradedTo','Technology',10,1,0,0,NULL,NULL),(179,10142,'HaveUpgradedTo','Technology',15,1,0,0,NULL,NULL),(180,10143,'HaveUpgradedTo','Technology',20,1,0,0,NULL,NULL),(181,10144,'HaveUpgradedTo','Technology',25,1,0,0,NULL,NULL),(182,10160,'Accelerate','Unit',5,NULL,0,0,NULL,NULL),(183,10161,'Accelerate','Unit',10,NULL,0,0,NULL,NULL),(184,10162,'Accelerate','Unit',15,NULL,0,0,NULL,NULL),(185,10163,'Accelerate','Unit',20,NULL,0,0,NULL,NULL),(186,10164,'Accelerate','Unit',25,NULL,0,0,NULL,NULL),(187,10165,'Accelerate','Unit',50,NULL,0,0,NULL,NULL),(188,10166,'Accelerate','Unit',100,NULL,0,0,NULL,NULL),(189,10167,'Accelerate','Unit',150,NULL,0,0,NULL,NULL),(190,10168,'Accelerate','Unit',200,NULL,0,0,NULL,NULL),(191,10180,'Accelerate','Building',5,NULL,0,0,NULL,NULL),(192,10181,'Accelerate','Building',10,NULL,0,0,NULL,NULL),(193,10182,'Accelerate','Building',15,NULL,0,0,NULL,NULL),(194,10183,'Accelerate','Building',20,NULL,0,0,NULL,NULL),(195,10184,'Accelerate','Building',25,NULL,0,0,NULL,NULL),(196,10185,'Accelerate','Building',50,NULL,0,0,NULL,NULL),(197,10186,'Accelerate','Building',100,NULL,0,0,NULL,NULL),(198,10187,'Accelerate','Building',150,NULL,0,0,NULL,NULL),(199,10188,'Accelerate','Building',200,NULL,0,0,NULL,NULL),(200,10200,'Accelerate','Technology',5,NULL,0,0,NULL,NULL),(201,10201,'Accelerate','Technology',10,NULL,0,0,NULL,NULL),(202,10202,'Accelerate','Technology',15,NULL,0,0,NULL,NULL),(203,10203,'Accelerate','Technology',20,NULL,0,0,NULL,NULL),(204,10204,'Accelerate','Technology',25,NULL,0,0,NULL,NULL),(205,10220,'BecomeVip','Vip',4,1,0,0,NULL,NULL),(206,10221,'BecomeVip','Vip',8,1,0,0,NULL,NULL),(207,10222,'BecomeVip','Vip',12,1,0,0,NULL,NULL),(208,10223,'BecomeVip','Vip',16,1,0,0,NULL,NULL),(209,10224,'BecomeVip','Vip',20,1,0,0,NULL,NULL),(210,10240,'BecomeVip','Vip',2,2,0,0,NULL,NULL),(211,10241,'BecomeVip','Vip',4,2,0,0,NULL,NULL),(212,10242,'BecomeVip','Vip',6,2,0,0,NULL,NULL),(213,10243,'BecomeVip','Vip',8,2,0,0,NULL,NULL),(214,10244,'BecomeVip','Vip',10,2,0,0,NULL,NULL),(215,10260,'BecomeVip','Vip',1,3,0,0,NULL,NULL),(216,10261,'BecomeVip','Vip',2,3,0,0,NULL,NULL),(217,10262,'BecomeVip','Vip',3,3,0,0,NULL,NULL),(218,10263,'BecomeVip','Vip',4,3,0,0,NULL,NULL),(219,10264,'BecomeVip','Vip',5,3,0,0,NULL,NULL),(220,10280,'UpgradeTo','Building::Radar',1,1,0,0,NULL,NULL),(221,10281,'UpgradeTo','Building::Radar',2,1,0,0,NULL,NULL),(222,10282,'UpgradeTo','Building::Radar',3,1,0,0,NULL,NULL),(223,10283,'UpgradeTo','Building::Radar',4,1,0,0,NULL,NULL),(224,10284,'UpgradeTo','Building::Radar',5,1,0,0,NULL,NULL),(225,10290,'UpgradeTo','Building::Radar',1,2,0,0,NULL,NULL),(226,10291,'UpgradeTo','Building::Radar',2,2,0,0,NULL,NULL),(227,10292,'UpgradeTo','Building::Radar',3,2,0,0,NULL,NULL),(228,10300,'CompleteQuests','',10,NULL,0,0,NULL,NULL),(229,10301,'CompleteQuests','',25,NULL,0,0,NULL,NULL),(230,10302,'CompleteQuests','',50,NULL,0,0,NULL,NULL),(231,10303,'CompleteQuests','',75,NULL,0,0,NULL,NULL),(232,10304,'CompleteQuests','',100,NULL,0,0,NULL,NULL),(233,10320,'CompleteAchievements','',10,NULL,0,0,NULL,NULL),(234,10321,'CompleteAchievements','',25,NULL,0,0,NULL,NULL),(235,10322,'CompleteAchievements','',50,NULL,0,0,NULL,NULL),(236,10323,'CompleteAchievements','',75,NULL,0,0,NULL,NULL),(237,10324,'CompleteAchievements','',100,NULL,0,0,NULL,NULL),(238,10340,'Battle','',10,NULL,0,0,NULL,0),(239,10341,'Battle','',25,NULL,0,0,NULL,0),(240,10342,'Battle','',50,NULL,0,0,NULL,0),(241,10343,'Battle','',75,NULL,0,0,NULL,0),(242,10344,'Battle','',100,NULL,0,0,NULL,0),(243,10345,'Battle','',150,NULL,0,0,NULL,0),(244,10346,'Battle','',200,NULL,0,0,NULL,0),(245,10347,'Battle','',250,NULL,0,0,NULL,0),(246,10360,'Battle','',10,NULL,0,0,NULL,1),(247,10361,'Battle','',25,NULL,0,0,NULL,1),(248,10362,'Battle','',50,NULL,0,0,NULL,1),(249,10363,'Battle','',75,NULL,0,0,NULL,1),(250,10364,'Battle','',100,NULL,0,0,NULL,1),(251,10365,'Battle','',150,NULL,0,0,NULL,1),(252,10366,'Battle','',200,NULL,0,0,NULL,1),(253,10367,'Battle','',250,NULL,0,0,NULL,1),(254,10380,'MoveBuilding','Building',1,NULL,0,0,NULL,NULL),(255,10381,'MoveBuilding','Building',5,NULL,0,0,NULL,NULL),(256,10382,'MoveBuilding','Building',10,NULL,0,0,NULL,NULL),(257,10383,'MoveBuilding','Building',25,NULL,0,0,NULL,NULL),(258,10384,'MoveBuilding','Building',50,NULL,0,0,NULL,NULL),(259,10385,'MoveBuilding','Building',75,NULL,0,0,NULL,NULL),(260,10386,'MoveBuilding','Building',100,NULL,0,0,NULL,NULL),(261,10400,'HealHp','',500,NULL,0,0,NULL,NULL),(262,10401,'HealHp','',1000,NULL,0,0,NULL,NULL),(263,10402,'HealHp','',2500,NULL,0,0,NULL,NULL),(264,10403,'HealHp','',5000,NULL,0,0,NULL,NULL),(265,10404,'HealHp','',10000,NULL,0,0,NULL,NULL),(266,10405,'HealHp','',25000,NULL,0,0,NULL,NULL),(267,10406,'HealHp','',50000,NULL,0,0,NULL,NULL),(268,10407,'HealHp','',100000,NULL,0,0,NULL,NULL),(269,10408,'HealHp','',250000,NULL,0,0,NULL,NULL),(270,10409,'HealHp','',500000,NULL,0,0,NULL,NULL);
/*!40000 ALTER TABLE `objectives` ENABLE KEYS */;
UNLOCK TABLES;

--
-- Table structure for table `players`
--

DROP TABLE IF EXISTS `players`;
/*!40101 SET @saved_cs_client     = @@character_set_client */;
/*!40101 SET character_set_client = utf8 */;
CREATE TABLE `players` (
  `id` int(11) NOT NULL AUTO_INCREMENT,
  `galaxy_id` int(11) DEFAULT NULL,
  `auth_token` char(64) NOT NULL,
  `name` varchar(64) NOT NULL,
  `scientists` int(10) unsigned NOT NULL DEFAULT '0',
  `scientists_total` int(10) unsigned NOT NULL DEFAULT '0',
  `alliance_id` int(11) DEFAULT NULL,
  `xp` int(10) unsigned NOT NULL DEFAULT '0',
  `war_points` int(10) unsigned NOT NULL DEFAULT '0',
  `first_time` tinyint(1) NOT NULL DEFAULT '1',
  `army_points` int(10) unsigned NOT NULL DEFAULT '0',
  `science_points` int(10) unsigned NOT NULL DEFAULT '0',
  `economy_points` int(10) unsigned NOT NULL DEFAULT '0',
  `planets_count` tinyint(2) unsigned NOT NULL,
  `last_login` datetime DEFAULT NULL,
  `victory_points` mediumint(8) unsigned NOT NULL DEFAULT '0',
  `creds` int(10) unsigned NOT NULL DEFAULT '0',
  `language` char(2) NOT NULL DEFAULT 'en',
  `population` mediumint(8) unsigned NOT NULL DEFAULT '0',
  `population_max` mediumint(8) unsigned NOT NULL,
  `alliance_cooldown_ends_at` datetime DEFAULT NULL,
  `vip_level` tinyint(2) unsigned NOT NULL DEFAULT '0',
  `vip_creds` int(10) unsigned NOT NULL DEFAULT '0',
  `vip_until` datetime DEFAULT NULL,
  `vip_creds_until` datetime DEFAULT NULL,
  `daily_bonus_at` datetime DEFAULT NULL,
  PRIMARY KEY (`id`),
  UNIQUE KEY `authentication` (`galaxy_id`,`auth_token`),
  KEY `index_players_on_alliance_id` (`alliance_id`),
  KEY `last_login` (`last_login`),
  CONSTRAINT `players_ibfk_1` FOREIGN KEY (`galaxy_id`) REFERENCES `galaxies` (`id`) ON DELETE CASCADE,
  CONSTRAINT `players_ibfk_2` FOREIGN KEY (`alliance_id`) REFERENCES `alliances` (`id`) ON DELETE SET NULL
) ENGINE=InnoDB AUTO_INCREMENT=2 DEFAULT CHARSET=utf8;
/*!40101 SET character_set_client = @saved_cs_client */;

--
-- Dumping data for table `players`
--

LOCK TABLES `players` WRITE;
/*!40000 ALTER TABLE `players` DISABLE KEYS */;
INSERT INTO `players` VALUES (1,1,'0000000000000000000000000000000000000000000000000000000000000000','Test Player',18,18,NULL,0,0,1,0,0,0,1,NULL,0,0,'en',0,110,NULL,0,0,NULL,NULL,NULL);
/*!40000 ALTER TABLE `players` ENABLE KEYS */;
UNLOCK TABLES;

--
-- Table structure for table `quest_progresses`
--

DROP TABLE IF EXISTS `quest_progresses`;
/*!40101 SET @saved_cs_client     = @@character_set_client */;
/*!40101 SET character_set_client = utf8 */;
CREATE TABLE `quest_progresses` (
  `id` int(11) NOT NULL AUTO_INCREMENT,
  `quest_id` int(11) NOT NULL,
  `player_id` int(11) NOT NULL,
  `status` tinyint(2) unsigned NOT NULL,
  `completed` tinyint(2) unsigned NOT NULL DEFAULT '0',
  PRIMARY KEY (`id`),
  UNIQUE KEY `on_objective_complete` (`quest_id`,`player_id`),
  KEY `listing` (`player_id`,`status`),
  CONSTRAINT `quest_progresses_ibfk_2` FOREIGN KEY (`player_id`) REFERENCES `players` (`id`) ON DELETE CASCADE,
  CONSTRAINT `quest_progresses_ibfk_1` FOREIGN KEY (`quest_id`) REFERENCES `quests` (`id`) ON DELETE CASCADE
) ENGINE=InnoDB AUTO_INCREMENT=150 DEFAULT CHARSET=utf8;
/*!40101 SET character_set_client = @saved_cs_client */;

--
-- Dumping data for table `quest_progresses`
--

LOCK TABLES `quest_progresses` WRITE;
/*!40000 ALTER TABLE `quest_progresses` DISABLE KEYS */;
INSERT INTO `quest_progresses` VALUES (1,1,1,0,0),(2,10000,1,0,0),(3,10001,1,0,0),(4,10002,1,0,0),(5,10003,1,0,0),(6,10004,1,0,0),(7,10005,1,0,0),(8,10006,1,0,0),(9,10020,1,0,0),(10,10021,1,0,0),(11,10022,1,0,0),(12,10023,1,0,0),(13,10024,1,0,0),(14,10025,1,0,0),(15,10026,1,0,0),(16,10027,1,0,0),(17,10028,1,0,0),(18,10040,1,0,0),(19,10041,1,0,0),(20,10042,1,0,0),(21,10043,1,0,0),(22,10044,1,0,0),(23,10045,1,0,0),(24,10046,1,0,0),(25,10060,1,0,0),(26,10061,1,0,0),(27,10062,1,0,0),(28,10063,1,0,0),(29,10064,1,0,0),(30,10065,1,0,0),(31,10066,1,0,0),(32,10080,1,0,0),(33,10081,1,0,0),(34,10082,1,0,0),(35,10083,1,0,0),(36,10084,1,0,0),(37,10085,1,0,0),(38,10086,1,0,0),(39,10100,1,0,0),(40,10101,1,0,0),(41,10102,1,0,0),(42,10103,1,0,0),(43,10104,1,0,0),(44,10105,1,0,0),(45,10106,1,0,0),(46,10107,1,0,0),(47,10108,1,0,0),(48,10120,1,0,0),(49,10121,1,0,0),(50,10122,1,0,0),(51,10123,1,0,0),(52,10124,1,0,0),(53,10125,1,0,0),(54,10126,1,0,0),(55,10127,1,0,0),(56,10140,1,0,0),(57,10141,1,0,0),(58,10142,1,0,0),(59,10143,1,0,0),(60,10144,1,0,0),(61,10160,1,0,0),(62,10161,1,0,0),(63,10162,1,0,0),(64,10163,1,0,0),(65,10164,1,0,0),(66,10165,1,0,0),(67,10166,1,0,0),(68,10167,1,0,0),(69,10168,1,0,0),(70,10180,1,0,0),(71,10181,1,0,0),(72,10182,1,0,0),(73,10183,1,0,0),(74,10184,1,0,0),(75,10185,1,0,0),(76,10186,1,0,0),(77,10187,1,0,0),(78,10188,1,0,0),(79,10200,1,0,0),(80,10201,1,0,0),(81,10202,1,0,0),(82,10203,1,0,0),(83,10204,1,0,0),(84,10220,1,0,0),(85,10221,1,0,0),(86,10222,1,0,0),(87,10223,1,0,0),(88,10224,1,0,0),(89,10240,1,0,0),(90,10241,1,0,0),(91,10242,1,0,0),(92,10243,1,0,0),(93,10244,1,0,0),(94,10260,1,0,0),(95,10261,1,0,0),(96,10262,1,0,0),(97,10263,1,0,0),(98,10264,1,0,0),(99,10280,1,0,0),(100,10281,1,0,0),(101,10282,1,0,0),(102,10283,1,0,0),(103,10284,1,0,0),(104,10290,1,0,0),(105,10291,1,0,0),(106,10292,1,0,0),(107,10300,1,0,0),(108,10301,1,0,0),(109,10302,1,0,0),(110,10303,1,0,0),(111,10304,1,0,0),(112,10320,1,0,0),(113,10321,1,0,0),(114,10322,1,0,0),(115,10323,1,0,0),(116,10324,1,0,0),(117,10340,1,0,0),(118,10341,1,0,0),(119,10342,1,0,0),(120,10343,1,0,0),(121,10344,1,0,0),(122,10345,1,0,0),(123,10346,1,0,0),(124,10347,1,0,0),(125,10360,1,0,0),(126,10361,1,0,0),(127,10362,1,0,0),(128,10363,1,0,0),(129,10364,1,0,0),(130,10365,1,0,0),(131,10366,1,0,0),(132,10367,1,0,0),(133,10380,1,0,0),(134,10381,1,0,0),(135,10382,1,0,0),(136,10383,1,0,0),(137,10384,1,0,0),(138,10385,1,0,0),(139,10386,1,0,0),(140,10400,1,0,0),(141,10401,1,0,0),(142,10402,1,0,0),(143,10403,1,0,0),(144,10404,1,0,0),(145,10405,1,0,0),(146,10406,1,0,0),(147,10407,1,0,0),(148,10408,1,0,0),(149,10409,1,0,0);
/*!40000 ALTER TABLE `quest_progresses` ENABLE KEYS */;
UNLOCK TABLES;

--
-- Table structure for table `quests`
--

DROP TABLE IF EXISTS `quests`;
/*!40101 SET @saved_cs_client     = @@character_set_client */;
/*!40101 SET character_set_client = utf8 */;
CREATE TABLE `quests` (
  `id` int(11) NOT NULL AUTO_INCREMENT,
  `parent_id` int(11) DEFAULT NULL,
  `rewards` text,
  `help_url_id` varchar(255) DEFAULT NULL,
  `achievement` tinyint(1) NOT NULL DEFAULT '0',
  PRIMARY KEY (`id`),
  KEY `child quests` (`parent_id`),
  KEY `index_quests_on_achievement` (`achievement`),
  CONSTRAINT `quests_ibfk_1` FOREIGN KEY (`parent_id`) REFERENCES `quests` (`id`) ON DELETE CASCADE
) ENGINE=InnoDB AUTO_INCREMENT=10410 DEFAULT CHARSET=utf8;
/*!40101 SET character_set_client = @saved_cs_client */;

--
-- Dumping data for table `quests`
--

LOCK TABLES `quests` WRITE;
/*!40000 ALTER TABLE `quests` DISABLE KEYS */;
INSERT INTO `quests` VALUES (1,NULL,'{\"metal\":25.2,\"energy\":96.0}','Constructing Buildings',0),(2,1,'{\"metal\":69.30000000000001,\"energy\":140.8}','Extracting Metal',0),(3,2,'{\"metal\":4068.0,\"energy\":8136.0}',NULL,0),(4,3,'{\"metal\":412.5,\"energy\":920.7}','Upgrading Buildings',0),(5,4,'{\"metal\":401.40000000000003,\"zetium\":10.8,\"points\":4000}',NULL,0),(6,3,'{\"units\":[{\"type\":\"Trooper\",\"level\":1,\"count\":4,\"hp\":100}],\"metal\":1423.8,\"energy\":2847.6,\"zetium\":16.2}',NULL,0),(7,6,'{\"metal\":1084.8,\"energy\":2169.6,\"zetium\":16.2}','Building Units',0),(8,6,'{\"units\":[{\"type\":\"Trooper\",\"level\":2,\"count\":2,\"hp\":50},{\"type\":\"Trooper\",\"level\":3,\"count\":1,\"hp\":30}],\"metal\":1865.6000000000001,\"energy\":4134.900000000001,\"zetium\":866.8000000000001,\"creds\":7500}','Attacking NPC Buildings',0),(9,32,'{\"metal\":862.8,\"energy\":4101.599999999999,\"zetium\":16.2,\"points\":2000}',NULL,0),(10,8,'{\"metal\":1725.6,\"energy\":2461.2,\"zetium\":16.2,\"points\":2000}',NULL,0),(11,8,'{\"units\":[{\"type\":\"Trooper\",\"level\":1,\"count\":4,\"hp\":100},{\"type\":\"Seeker\",\"level\":1,\"count\":2,\"hp\":100}],\"metal\":2779.7999999999997,\"energy\":5559.599999999999}',NULL,0),(12,11,'{\"metal\":2060.7,\"energy\":4120.7,\"points\":2000}','Researching Technologies',0),(13,12,'{\"metal\":1038.35,\"energy\":2074.7999999999997,\"zetium\":23.75,\"points\":2000}',NULL,0),(14,11,'{\"metal\":595.1999999999999,\"energy\":1814.3999999999999}',NULL,0),(15,14,'{\"metal\":3475.0000000000005,\"energy\":3149.2,\"zetium\":284.4}','Extracting Zetium',0),(16,15,'{\"units\":[{\"type\":\"Trooper\",\"level\":3,\"count\":1,\"hp\":100},{\"type\":\"Seeker\",\"level\":2,\"count\":1,\"hp\":100},{\"type\":\"Shocker\",\"level\":1,\"count\":2,\"hp\":100}]}','Collecting Points',0),(17,15,'{\"metal\":9225.6,\"energy\":12915.6,\"zetium\":646.8}',NULL,0),(18,17,'{\"metal\":15375.2,\"energy\":21525.600000000002,\"zetium\":1076.8}',NULL,0),(19,18,'{\"units\":[{\"type\":\"Crow\",\"level\":1,\"count\":2,\"hp\":100}],\"metal\":16144.800000000001,\"energy\":22604.4,\"zetium\":1134.0}',NULL,0),(20,19,'{\"units\":[{\"type\":\"Mule\",\"level\":1,\"count\":1,\"hp\":100},{\"type\":\"Mdh\",\"level\":1,\"count\":1,\"hp\":100}]}','Annexing Planets',0),(21,20,'{\"metal\":1158.5844,\"energy\":2560.7376000000004,\"zetium\":117.99765}','Colonizing Planets',0),(22,3,'{\"points\":200,\"units\":[{\"type\":\"Gnat\",\"level\":1,\"count\":1,\"hp\":25}]}','Exploring Objects',0),(23,22,'{\"points\":1000,\"units\":[{\"type\":\"Glancer\",\"level\":1,\"count\":1,\"hp\":60}]}',NULL,0),(24,11,'{\"points\":800,\"units\":[{\"type\":\"Gnat\",\"level\":1,\"count\":2,\"hp\":25},{\"type\":\"Gnat\",\"level\":1,\"count\":2,\"hp\":20},{\"type\":\"Gnat\",\"level\":1,\"count\":2,\"hp\":15},{\"type\":\"Gnat\",\"level\":1,\"count\":2,\"hp\":10}]}',NULL,0),(25,24,'{\"points\":800,\"units\":[{\"type\":\"Glancer\",\"level\":1,\"count\":2,\"hp\":80}]}',NULL,0),(26,25,'{\"points\":1600,\"units\":[{\"type\":\"Spudder\",\"level\":1,\"count\":1,\"hp\":96}]}',NULL,0),(27,11,'{\"metal\":5940.0,\"energy\":18144.0}','Zetium Crystals',0),(28,16,'{\"units\":[{\"type\":\"Scorpion\",\"level\":2,\"count\":1,\"hp\":70},{\"type\":\"Azure\",\"level\":1,\"count\":1,\"hp\":100}]}',NULL,0),(29,28,'{\"units\":[{\"type\":\"Cyrix\",\"level\":2,\"count\":1,\"hp\":60},{\"type\":\"Crow\",\"level\":1,\"count\":2,\"hp\":100}]}',NULL,0),(30,29,'{\"units\":[{\"type\":\"Avenger\",\"level\":1,\"count\":2,\"hp\":100},{\"type\":\"Dart\",\"level\":1,\"count\":2,\"hp\":100}]}',NULL,0),(31,19,'{\"metal\":23064,\"energy\":32292,\"zetium\":1620}','Fighting in Space',0),(32,8,'{\"metal\":150.0,\"energy\":627.6,\"points\":2000}',NULL,0),(33,30,'{\"units\":[{\"type\":\"Rhyno\",\"level\":1,\"count\":1,\"hp\":100},{\"type\":\"Cyrix\",\"level\":3,\"count\":2,\"hp\":100}]}',NULL,0),(34,21,'{\"metal\":3862.4,\"energy\":25625.920000000002,\"zetium\":524.8000000000001}','Exploring Galaxy',0),(35,19,'{\"units\":[{\"type\":\"Dart\",\"level\":1,\"count\":2,\"hp\":100}]}',NULL,0),(36,35,'{\"units\":[{\"type\":\"Avenger\",\"level\":1,\"count\":2,\"hp\":100}]}',NULL,0),(37,36,'{\"units\":[{\"type\":\"Rhyno\",\"level\":1,\"count\":1,\"hp\":100}]}',NULL,0),(38,34,'{\"units\":[{\"type\":\"Trooper\",\"level\":2,\"count\":10,\"hp\":100},{\"type\":\"Seeker\",\"level\":2,\"count\":5,\"hp\":100},{\"type\":\"Scorpion\",\"level\":2,\"count\":2,\"hp\":100}]}',NULL,0),(39,38,'{\"units\":[{\"type\":\"Trooper\",\"level\":2,\"count\":15,\"hp\":100},{\"type\":\"Shocker\",\"level\":2,\"count\":8,\"hp\":100},{\"type\":\"Seeker\",\"level\":2,\"count\":3,\"hp\":100},{\"type\":\"Scorpion\",\"level\":2,\"count\":2,\"hp\":100}]}',NULL,0),(40,39,'{\"units\":[{\"type\":\"Shocker\",\"level\":2,\"count\":8,\"hp\":100},{\"type\":\"Seeker\",\"level\":2,\"count\":5,\"hp\":100},{\"type\":\"Scorpion\",\"level\":2,\"count\":5,\"hp\":100},{\"type\":\"Azure\",\"level\":2,\"count\":3,\"hp\":100}]}',NULL,0),(41,40,'{\"units\":[{\"type\":\"Shocker\",\"level\":2,\"count\":10,\"hp\":100},{\"type\":\"Seeker\",\"level\":2,\"count\":8,\"hp\":100},{\"type\":\"Scorpion\",\"level\":2,\"count\":7,\"hp\":100},{\"type\":\"Azure\",\"level\":2,\"count\":3,\"hp\":100},{\"type\":\"Cyrix\",\"level\":2,\"count\":5,\"hp\":100},{\"type\":\"Dart\",\"level\":2,\"count\":3,\"hp\":100}]}',NULL,0),(42,41,'{\"units\":[{\"type\":\"Shocker\",\"level\":2,\"count\":15,\"hp\":100},{\"type\":\"Seeker\",\"level\":2,\"count\":10,\"hp\":100},{\"type\":\"Scorpion\",\"level\":2,\"count\":10,\"hp\":100},{\"type\":\"Azure\",\"level\":2,\"count\":5,\"hp\":100},{\"type\":\"Cyrix\",\"level\":2,\"count\":10,\"hp\":100},{\"type\":\"Avenger\",\"level\":2,\"count\":5,\"hp\":100},{\"type\":\"Dart\",\"level\":2,\"count\":5,\"hp\":100}]}',NULL,0),(43,34,'{\"units\":[{\"type\":\"Mule\",\"level\":5,\"count\":1,\"hp\":100}]}',NULL,0),(44,43,'{\"units\":[{\"type\":\"Crow\",\"level\":5,\"count\":1,\"hp\":100}]}',NULL,0),(45,44,'{\"units\":[{\"type\":\"Cyrix\",\"level\":3,\"count\":1,\"hp\":100}]}',NULL,0),(46,45,'{\"units\":[{\"type\":\"Cyrix\",\"level\":5,\"count\":1,\"hp\":100}]}',NULL,0),(47,46,'{\"units\":[{\"type\":\"Avenger\",\"level\":5,\"count\":1,\"hp\":100}]}',NULL,0),(48,47,'{\"units\":[{\"type\":\"Avenger\",\"level\":5,\"count\":3,\"hp\":100}]}',NULL,0),(49,46,'{\"units\":[{\"type\":\"Dart\",\"level\":5,\"count\":1,\"hp\":100}]}',NULL,0),(50,49,'{\"units\":[{\"type\":\"Dart\",\"level\":5,\"count\":3,\"hp\":100}]}',NULL,0),(51,46,'{\"units\":[{\"type\":\"Avenger\",\"level\":8,\"count\":1,\"hp\":100}]}',NULL,0),(52,51,'{\"units\":[{\"type\":\"Rhyno\",\"level\":3,\"count\":1,\"hp\":100}]}',NULL,0),(53,34,'{\"units\":[{\"type\":\"Scorpion\",\"level\":5,\"count\":1,\"hp\":100}]}',NULL,0),(54,53,'{\"units\":[{\"type\":\"Azure\",\"level\":6,\"count\":1,\"hp\":100}]}',NULL,0),(55,54,'{\"units\":[{\"type\":\"Trooper\",\"level\":5,\"count\":3,\"hp\":100},{\"type\":\"Seeker\",\"level\":5,\"count\":3,\"hp\":100},{\"type\":\"Shocker\",\"level\":7,\"count\":1,\"hp\":100}]}',NULL,0),(56,55,'{\"units\":[{\"type\":\"Trooper\",\"level\":5,\"count\":4,\"hp\":100},{\"type\":\"Seeker\",\"level\":5,\"count\":4,\"hp\":100},{\"type\":\"Shocker\",\"level\":7,\"count\":2,\"hp\":100}]}',NULL,0),(57,56,'{\"units\":[{\"type\":\"Trooper\",\"level\":5,\"count\":5,\"hp\":100},{\"type\":\"Seeker\",\"level\":5,\"count\":5,\"hp\":100},{\"type\":\"Shocker\",\"level\":7,\"count\":3,\"hp\":100}]}',NULL,0),(58,54,'{\"units\":[{\"type\":\"Scorpion\",\"level\":6,\"count\":1,\"hp\":100},{\"type\":\"Azure\",\"level\":6,\"count\":1,\"hp\":100}]}',NULL,0),(59,58,'{\"units\":[{\"type\":\"Scorpion\",\"level\":6,\"count\":2,\"hp\":100},{\"type\":\"Azure\",\"level\":6,\"count\":2,\"hp\":100}]}',NULL,0),(60,59,'{\"units\":[{\"type\":\"Scorpion\",\"level\":6,\"count\":3,\"hp\":100},{\"type\":\"Azure\",\"level\":6,\"count\":3,\"hp\":100}]}',NULL,0),(61,54,'{\"units\":[{\"type\":\"Cyrix\",\"level\":5,\"count\":2,\"hp\":100}]}',NULL,0),(62,61,'{\"units\":[{\"type\":\"Cyrix\",\"level\":5,\"count\":4,\"hp\":100}]}',NULL,0),(63,62,'{\"units\":[{\"type\":\"Cyrix\",\"level\":5,\"count\":6,\"hp\":100}]}',NULL,0),(64,33,'{\"units\":[{\"type\":\"Rhyno\",\"level\":7,\"count\":1,\"hp\":100}]}',NULL,0),(65,54,'{\"units\":[{\"type\":\"Scorpion\",\"level\":5,\"count\":2,\"hp\":100}]}',NULL,0),(66,27,'{\"metal\":600,\"energy\":1800,\"zetium\":105}',NULL,0),(67,66,'{\"metal\":1040,\"energy\":3120,\"zetium\":182}',NULL,0),(68,67,'{\"metal\":1760,\"energy\":5280,\"zetium\":308}',NULL,0),(69,68,'{\"metal\":2960,\"energy\":8880,\"zetium\":518}',NULL,0),(70,69,'{\"metal\":6000,\"energy\":18000,\"zetium\":1050}',NULL,0),(71,70,'{\"metal\":10200,\"energy\":30600,\"zetium\":1785}',NULL,0),(72,11,'{\"scientists\":10}',NULL,0),(73,72,'{\"scientists\":20}',NULL,0),(74,73,'{\"scientists\":30}',NULL,0),(75,74,'{\"scientists\":40}',NULL,0),(76,75,'{\"scientists\":60}',NULL,0),(77,76,'{\"scientists\":80}',NULL,0),(78,77,'{\"scientists\":100}',NULL,0),(79,78,'{\"scientists\":150}',NULL,0),(80,7,'{\"units\":[{\"type\":\"Trooper\",\"level\":3,\"count\":1,\"hp\":100}]}',NULL,0),(81,80,'{\"units\":[{\"type\":\"Trooper\",\"level\":3,\"count\":1,\"hp\":100}]}',NULL,0),(82,81,'{\"units\":[{\"type\":\"Trooper\",\"level\":3,\"count\":2,\"hp\":100}]}',NULL,0),(83,82,'{\"units\":[{\"type\":\"Trooper\",\"level\":3,\"count\":4,\"hp\":100}]}',NULL,0),(84,83,'{\"units\":[{\"type\":\"Trooper\",\"level\":3,\"count\":4,\"hp\":100},{\"type\":\"Seeker\",\"level\":3,\"count\":1,\"hp\":100}]}',NULL,0),(85,84,'{\"units\":[{\"type\":\"Trooper\",\"level\":3,\"count\":5,\"hp\":100},{\"type\":\"Seeker\",\"level\":3,\"count\":1,\"hp\":100},{\"type\":\"Shocker\",\"level\":3,\"count\":1,\"hp\":100}]}',NULL,0),(86,85,'{\"units\":[{\"type\":\"Trooper\",\"level\":3,\"count\":8,\"hp\":100},{\"type\":\"Seeker\",\"level\":3,\"count\":2,\"hp\":100},{\"type\":\"Shocker\",\"level\":3,\"count\":1,\"hp\":100}]}',NULL,0),(87,86,'{\"units\":[{\"type\":\"Trooper\",\"level\":3,\"count\":11,\"hp\":100},{\"type\":\"Seeker\",\"level\":3,\"count\":3,\"hp\":100},{\"type\":\"Shocker\",\"level\":3,\"count\":2,\"hp\":100}]}',NULL,0),(88,87,'{\"units\":[{\"type\":\"Trooper\",\"level\":3,\"count\":8,\"hp\":100},{\"type\":\"Seeker\",\"level\":3,\"count\":2,\"hp\":100},{\"type\":\"Shocker\",\"level\":3,\"count\":2,\"hp\":100},{\"type\":\"Scorpion\",\"level\":3,\"count\":2,\"hp\":100}]}',NULL,0),(89,88,'{\"units\":[{\"type\":\"Trooper\",\"level\":3,\"count\":7,\"hp\":100},{\"type\":\"Seeker\",\"level\":3,\"count\":2,\"hp\":100},{\"type\":\"Shocker\",\"level\":3,\"count\":2,\"hp\":100},{\"type\":\"Scorpion\",\"level\":3,\"count\":2,\"hp\":100},{\"type\":\"Cyrix\",\"level\":3,\"count\":1,\"hp\":100}]}',NULL,0),(90,89,'{\"units\":[{\"type\":\"Trooper\",\"level\":3,\"count\":6,\"hp\":100},{\"type\":\"Seeker\",\"level\":3,\"count\":2,\"hp\":100},{\"type\":\"Shocker\",\"level\":3,\"count\":2,\"hp\":100},{\"type\":\"Scorpion\",\"level\":3,\"count\":2,\"hp\":100},{\"type\":\"Avenger\",\"level\":3,\"count\":1,\"hp\":100},{\"type\":\"Cyrix\",\"level\":3,\"count\":1,\"hp\":100}]}',NULL,0),(91,90,'{\"units\":[{\"type\":\"Trooper\",\"level\":3,\"count\":8,\"hp\":100},{\"type\":\"Seeker\",\"level\":3,\"count\":2,\"hp\":100},{\"type\":\"Shocker\",\"level\":3,\"count\":2,\"hp\":100},{\"type\":\"Scorpion\",\"level\":3,\"count\":2,\"hp\":100},{\"type\":\"Avenger\",\"level\":3,\"count\":1,\"hp\":100},{\"type\":\"Cyrix\",\"level\":3,\"count\":3,\"hp\":100}]}',NULL,0),(92,91,'{\"units\":[{\"type\":\"Trooper\",\"level\":3,\"count\":9,\"hp\":100},{\"type\":\"Seeker\",\"level\":3,\"count\":2,\"hp\":100},{\"type\":\"Shocker\",\"level\":3,\"count\":2,\"hp\":100},{\"type\":\"Scorpion\",\"level\":3,\"count\":2,\"hp\":100},{\"type\":\"Avenger\",\"level\":3,\"count\":1,\"hp\":100},{\"type\":\"Rhyno\",\"level\":3,\"count\":1,\"hp\":100},{\"type\":\"Cyrix\",\"level\":3,\"count\":2,\"hp\":100}]}',NULL,0),(93,92,'{\"units\":[{\"type\":\"Trooper\",\"level\":3,\"count\":9,\"hp\":100},{\"type\":\"Seeker\",\"level\":3,\"count\":2,\"hp\":100},{\"type\":\"Shocker\",\"level\":3,\"count\":2,\"hp\":100},{\"type\":\"Scorpion\",\"level\":3,\"count\":2,\"hp\":100},{\"type\":\"Avenger\",\"level\":3,\"count\":2,\"hp\":100},{\"type\":\"Rhyno\",\"level\":3,\"count\":1,\"hp\":100},{\"type\":\"Cyrix\",\"level\":3,\"count\":3,\"hp\":100},{\"type\":\"Dart\",\"level\":3,\"count\":1,\"hp\":100},{\"type\":\"Crow\",\"level\":2,\"count\":1,\"hp\":100}]}',NULL,0),(94,93,'{\"units\":[{\"type\":\"Trooper\",\"level\":3,\"count\":16,\"hp\":100},{\"type\":\"Seeker\",\"level\":3,\"count\":5,\"hp\":100},{\"type\":\"Shocker\",\"level\":3,\"count\":4,\"hp\":100},{\"type\":\"Scorpion\",\"level\":3,\"count\":3,\"hp\":100},{\"type\":\"Avenger\",\"level\":3,\"count\":3,\"hp\":100},{\"type\":\"Rhyno\",\"level\":3,\"count\":1,\"hp\":100},{\"type\":\"Cyrix\",\"level\":3,\"count\":3,\"hp\":100},{\"type\":\"Dart\",\"level\":3,\"count\":2,\"hp\":100},{\"type\":\"Crow\",\"level\":2,\"count\":5,\"hp\":100}]}',NULL,0),(95,71,'{\"metal\":18000,\"energy\":54000,\"zetium\":3150}',NULL,0),(96,95,'{\"metal\":25200,\"energy\":75600,\"zetium\":4410}',NULL,0),(97,96,'{\"metal\":35280,\"energy\":105840,\"zetium\":6174}',NULL,0),(98,97,'{\"metal\":49400,\"energy\":148200,\"zetium\":8645}',NULL,0),(99,98,'{\"metal\":69160,\"energy\":207480,\"zetium\":12103}',NULL,0),(100,99,'{\"metal\":96840,\"energy\":290520,\"zetium\":16947}',NULL,0),(101,100,'{\"metal\":135560,\"energy\":406680,\"zetium\":23723}',NULL,0),(102,101,'{\"metal\":189760,\"energy\":569280,\"zetium\":33208}',NULL,0),(106,94,'{\"units\":[{\"type\":\"Scorpion\",\"level\":3,\"count\":4,\"hp\":100},{\"type\":\"Avenger\",\"level\":3,\"count\":4,\"hp\":100},{\"type\":\"Rhyno\",\"level\":3,\"count\":2,\"hp\":100},{\"type\":\"Cyrix\",\"level\":3,\"count\":6,\"hp\":100},{\"type\":\"Dart\",\"level\":3,\"count\":2,\"hp\":100},{\"type\":\"Crow\",\"level\":2,\"count\":6,\"hp\":100}]}',NULL,0),(107,106,'{\"units\":[{\"type\":\"Scorpion\",\"level\":3,\"count\":5,\"hp\":100},{\"type\":\"Avenger\",\"level\":3,\"count\":5,\"hp\":100},{\"type\":\"Rhyno\",\"level\":3,\"count\":2,\"hp\":100},{\"type\":\"Cyrix\",\"level\":3,\"count\":6,\"hp\":100},{\"type\":\"Dart\",\"level\":3,\"count\":4,\"hp\":100},{\"type\":\"Crow\",\"level\":2,\"count\":5,\"hp\":100}]}',NULL,0),(108,107,'{\"units\":[{\"type\":\"Scorpion\",\"level\":3,\"count\":6,\"hp\":100},{\"type\":\"Avenger\",\"level\":3,\"count\":6,\"hp\":100},{\"type\":\"Rhyno\",\"level\":3,\"count\":2,\"hp\":100},{\"type\":\"Cyrix\",\"level\":3,\"count\":6,\"hp\":100},{\"type\":\"Dart\",\"level\":3,\"count\":4,\"hp\":100},{\"type\":\"Crow\",\"level\":2,\"count\":10,\"hp\":100}]}',NULL,0),(109,108,'{\"units\":[{\"type\":\"Scorpion\",\"level\":3,\"count\":6,\"hp\":100},{\"type\":\"Avenger\",\"level\":3,\"count\":7,\"hp\":100},{\"type\":\"Rhyno\",\"level\":3,\"count\":3,\"hp\":100},{\"type\":\"Cyrix\",\"level\":3,\"count\":6,\"hp\":100},{\"type\":\"Dart\",\"level\":3,\"count\":4,\"hp\":100},{\"type\":\"Crow\",\"level\":2,\"count\":10,\"hp\":100}]}',NULL,0),(110,109,'{\"units\":[{\"type\":\"Scorpion\",\"level\":3,\"count\":6,\"hp\":100},{\"type\":\"Avenger\",\"level\":3,\"count\":8,\"hp\":100},{\"type\":\"Rhyno\",\"level\":3,\"count\":3,\"hp\":100},{\"type\":\"Cyrix\",\"level\":3,\"count\":9,\"hp\":100},{\"type\":\"Dart\",\"level\":3,\"count\":5,\"hp\":100},{\"type\":\"Crow\",\"level\":2,\"count\":11,\"hp\":100}]}',NULL,0),(111,110,'{\"units\":[{\"type\":\"Scorpion\",\"level\":3,\"count\":8,\"hp\":100},{\"type\":\"Avenger\",\"level\":3,\"count\":9,\"hp\":100},{\"type\":\"Rhyno\",\"level\":3,\"count\":3,\"hp\":100},{\"type\":\"Cyrix\",\"level\":3,\"count\":10,\"hp\":100},{\"type\":\"Dart\",\"level\":3,\"count\":6,\"hp\":100},{\"type\":\"Crow\",\"level\":2,\"count\":15,\"hp\":100}]}',NULL,0),(112,111,'{\"units\":[{\"type\":\"Scorpion\",\"level\":3,\"count\":8,\"hp\":100},{\"type\":\"Avenger\",\"level\":3,\"count\":11,\"hp\":100},{\"type\":\"Rhyno\",\"level\":3,\"count\":4,\"hp\":100},{\"type\":\"Cyrix\",\"level\":3,\"count\":12,\"hp\":100},{\"type\":\"Dart\",\"level\":3,\"count\":6,\"hp\":100},{\"type\":\"Crow\",\"level\":2,\"count\":15,\"hp\":100}]}',NULL,0),(113,112,'{\"units\":[{\"type\":\"Scorpion\",\"level\":3,\"count\":10,\"hp\":100},{\"type\":\"Avenger\",\"level\":3,\"count\":13,\"hp\":100},{\"type\":\"Rhyno\",\"level\":3,\"count\":4,\"hp\":100},{\"type\":\"Cyrix\",\"level\":3,\"count\":12,\"hp\":100},{\"type\":\"Dart\",\"level\":3,\"count\":8,\"hp\":100},{\"type\":\"Crow\",\"level\":2,\"count\":20,\"hp\":100}]}',NULL,0),(114,113,'{\"units\":[{\"type\":\"Scorpion\",\"level\":3,\"count\":10,\"hp\":100},{\"type\":\"Avenger\",\"level\":3,\"count\":15,\"hp\":100},{\"type\":\"Rhyno\",\"level\":3,\"count\":5,\"hp\":100},{\"type\":\"Cyrix\",\"level\":3,\"count\":15,\"hp\":100},{\"type\":\"Dart\",\"level\":3,\"count\":9,\"hp\":100},{\"type\":\"Crow\",\"level\":2,\"count\":20,\"hp\":100}]}',NULL,0),(115,114,'{\"units\":[{\"type\":\"Scorpion\",\"level\":3,\"count\":12,\"hp\":100},{\"type\":\"Avenger\",\"level\":3,\"count\":16,\"hp\":100},{\"type\":\"Rhyno\",\"level\":3,\"count\":6,\"hp\":100},{\"type\":\"Cyrix\",\"level\":3,\"count\":17,\"hp\":100},{\"type\":\"Dart\",\"level\":3,\"count\":10,\"hp\":100},{\"type\":\"Crow\",\"level\":2,\"count\":25,\"hp\":100}]}',NULL,0),(116,8,'{\"creds\":1000}','VIP players',0),(117,116,'{\"metal\":2406,\"energy\":4809,\"zetium\":108}','Accelerating',0),(10000,NULL,NULL,NULL,1),(10001,NULL,NULL,NULL,1),(10002,NULL,NULL,NULL,1),(10003,NULL,NULL,NULL,1),(10004,NULL,NULL,NULL,1),(10005,NULL,NULL,NULL,1),(10006,NULL,NULL,NULL,1),(10020,NULL,NULL,NULL,1),(10021,NULL,NULL,NULL,1),(10022,NULL,NULL,NULL,1),(10023,NULL,NULL,NULL,1),(10024,NULL,NULL,NULL,1),(10025,NULL,NULL,NULL,1),(10026,NULL,NULL,NULL,1),(10027,NULL,NULL,NULL,1),(10028,NULL,NULL,NULL,1),(10040,NULL,NULL,NULL,1),(10041,NULL,NULL,NULL,1),(10042,NULL,NULL,NULL,1),(10043,NULL,NULL,NULL,1),(10044,NULL,NULL,NULL,1),(10045,NULL,NULL,NULL,1),(10046,NULL,NULL,NULL,1),(10060,NULL,NULL,NULL,1),(10061,NULL,NULL,NULL,1),(10062,NULL,NULL,NULL,1),(10063,NULL,NULL,NULL,1),(10064,NULL,NULL,NULL,1),(10065,NULL,NULL,NULL,1),(10066,NULL,NULL,NULL,1),(10080,NULL,NULL,NULL,1),(10081,NULL,NULL,NULL,1),(10082,NULL,NULL,NULL,1),(10083,NULL,NULL,NULL,1),(10084,NULL,NULL,NULL,1),(10085,NULL,NULL,NULL,1),(10086,NULL,NULL,NULL,1),(10100,NULL,NULL,NULL,1),(10101,NULL,NULL,NULL,1),(10102,NULL,NULL,NULL,1),(10103,NULL,NULL,NULL,1),(10104,NULL,NULL,NULL,1),(10105,NULL,NULL,NULL,1),(10106,NULL,NULL,NULL,1),(10107,NULL,NULL,NULL,1),(10108,NULL,NULL,NULL,1),(10120,NULL,NULL,NULL,1),(10121,NULL,NULL,NULL,1),(10122,NULL,NULL,NULL,1),(10123,NULL,NULL,NULL,1),(10124,NULL,NULL,NULL,1),(10125,NULL,NULL,NULL,1),(10126,NULL,NULL,NULL,1),(10127,NULL,NULL,NULL,1),(10140,NULL,NULL,NULL,1),(10141,NULL,NULL,NULL,1),(10142,NULL,NULL,NULL,1),(10143,NULL,NULL,NULL,1),(10144,NULL,NULL,NULL,1),(10160,NULL,NULL,NULL,1),(10161,NULL,NULL,NULL,1),(10162,NULL,NULL,NULL,1),(10163,NULL,NULL,NULL,1),(10164,NULL,NULL,NULL,1),(10165,NULL,NULL,NULL,1),(10166,NULL,NULL,NULL,1),(10167,NULL,NULL,NULL,1),(10168,NULL,NULL,NULL,1),(10180,NULL,NULL,NULL,1),(10181,NULL,NULL,NULL,1),(10182,NULL,NULL,NULL,1),(10183,NULL,NULL,NULL,1),(10184,NULL,NULL,NULL,1),(10185,NULL,NULL,NULL,1),(10186,NULL,NULL,NULL,1),(10187,NULL,NULL,NULL,1),(10188,NULL,NULL,NULL,1),(10200,NULL,NULL,NULL,1),(10201,NULL,NULL,NULL,1),(10202,NULL,NULL,NULL,1),(10203,NULL,NULL,NULL,1),(10204,NULL,NULL,NULL,1),(10220,NULL,NULL,NULL,1),(10221,NULL,NULL,NULL,1),(10222,NULL,NULL,NULL,1),(10223,NULL,NULL,NULL,1),(10224,NULL,NULL,NULL,1),(10240,NULL,NULL,NULL,1),(10241,NULL,NULL,NULL,1),(10242,NULL,NULL,NULL,1),(10243,NULL,NULL,NULL,1),(10244,NULL,NULL,NULL,1),(10260,NULL,NULL,NULL,1),(10261,NULL,NULL,NULL,1),(10262,NULL,NULL,NULL,1),(10263,NULL,NULL,NULL,1),(10264,NULL,NULL,NULL,1),(10280,NULL,NULL,NULL,1),(10281,NULL,NULL,NULL,1),(10282,NULL,NULL,NULL,1),(10283,NULL,NULL,NULL,1),(10284,NULL,NULL,NULL,1),(10290,NULL,NULL,NULL,1),(10291,NULL,NULL,NULL,1),(10292,NULL,NULL,NULL,1),(10300,NULL,NULL,NULL,1),(10301,NULL,NULL,NULL,1),(10302,NULL,NULL,NULL,1),(10303,NULL,NULL,NULL,1),(10304,NULL,NULL,NULL,1),(10320,NULL,NULL,NULL,1),(10321,NULL,NULL,NULL,1),(10322,NULL,NULL,NULL,1),(10323,NULL,NULL,NULL,1),(10324,NULL,NULL,NULL,1),(10340,NULL,NULL,NULL,1),(10341,NULL,NULL,NULL,1),(10342,NULL,NULL,NULL,1),(10343,NULL,NULL,NULL,1),(10344,NULL,NULL,NULL,1),(10345,NULL,NULL,NULL,1),(10346,NULL,NULL,NULL,1),(10347,NULL,NULL,NULL,1),(10360,NULL,NULL,NULL,1),(10361,NULL,NULL,NULL,1),(10362,NULL,NULL,NULL,1),(10363,NULL,NULL,NULL,1),(10364,NULL,NULL,NULL,1),(10365,NULL,NULL,NULL,1),(10366,NULL,NULL,NULL,1),(10367,NULL,NULL,NULL,1),(10380,NULL,NULL,NULL,1),(10381,NULL,NULL,NULL,1),(10382,NULL,NULL,NULL,1),(10383,NULL,NULL,NULL,1),(10384,NULL,NULL,NULL,1),(10385,NULL,NULL,NULL,1),(10386,NULL,NULL,NULL,1),(10400,NULL,NULL,NULL,1),(10401,NULL,NULL,NULL,1),(10402,NULL,NULL,NULL,1),(10403,NULL,NULL,NULL,1),(10404,NULL,NULL,NULL,1),(10405,NULL,NULL,NULL,1),(10406,NULL,NULL,NULL,1),(10407,NULL,NULL,NULL,1),(10408,NULL,NULL,NULL,1),(10409,NULL,NULL,NULL,1);
/*!40000 ALTER TABLE `quests` ENABLE KEYS */;
UNLOCK TABLES;

--
-- Table structure for table `route_hops`
--

DROP TABLE IF EXISTS `route_hops`;
/*!40101 SET @saved_cs_client     = @@character_set_client */;
/*!40101 SET character_set_client = utf8 */;
CREATE TABLE `route_hops` (
  `id` int(11) NOT NULL AUTO_INCREMENT,
  `route_id` int(11) NOT NULL,
  `location_type` tinyint(2) unsigned NOT NULL,
  `location_id` int(10) unsigned NOT NULL,
  `location_x` int(11) DEFAULT NULL,
  `location_y` int(11) DEFAULT NULL,
  `arrives_at` datetime NOT NULL,
  `index` smallint(6) NOT NULL,
  `next` tinyint(1) NOT NULL DEFAULT '0',
  `jumps_at` datetime DEFAULT NULL,
  PRIMARY KEY (`id`),
  UNIQUE KEY `next_hop` (`route_id`,`index`),
  KEY `route` (`route_id`,`location_type`,`location_id`),
  KEY `next` (`route_id`,`next`),
  CONSTRAINT `route_hops_ibfk_1` FOREIGN KEY (`route_id`) REFERENCES `routes` (`id`) ON DELETE CASCADE
) ENGINE=InnoDB DEFAULT CHARSET=utf8;
/*!40101 SET character_set_client = @saved_cs_client */;

--
-- Dumping data for table `route_hops`
--

LOCK TABLES `route_hops` WRITE;
/*!40000 ALTER TABLE `route_hops` DISABLE KEYS */;
/*!40000 ALTER TABLE `route_hops` ENABLE KEYS */;
UNLOCK TABLES;

--
-- Table structure for table `routes`
--

DROP TABLE IF EXISTS `routes`;
/*!40101 SET @saved_cs_client     = @@character_set_client */;
/*!40101 SET character_set_client = utf8 */;
CREATE TABLE `routes` (
  `id` int(11) NOT NULL AUTO_INCREMENT,
  `target_type` tinyint(2) unsigned NOT NULL,
  `target_id` int(10) unsigned NOT NULL,
  `arrives_at` datetime NOT NULL,
  `cached_units` text NOT NULL,
  `player_id` int(11) DEFAULT NULL,
  `target_x` int(11) NOT NULL,
  `target_y` int(11) NOT NULL,
  `target_name` varchar(255) DEFAULT NULL,
  `target_variation` tinyint(2) unsigned DEFAULT NULL,
  `target_solar_system_id` int(11) DEFAULT NULL,
  `current_id` int(11) unsigned NOT NULL,
  `current_type` tinyint(2) unsigned NOT NULL,
  `current_x` int(11) NOT NULL,
  `current_y` int(11) NOT NULL,
  `current_name` varchar(255) DEFAULT NULL,
  `current_variation` tinyint(2) unsigned DEFAULT NULL,
  `current_solar_system_id` int(11) DEFAULT NULL,
  `source_id` int(11) unsigned NOT NULL,
  `source_type` tinyint(2) unsigned NOT NULL,
  `source_x` int(11) NOT NULL,
  `source_y` int(11) NOT NULL,
  `source_name` varchar(255) DEFAULT NULL,
  `source_variation` tinyint(2) unsigned DEFAULT NULL,
  `source_solar_system_id` int(11) DEFAULT NULL,
  `first_hop` datetime NOT NULL,
  PRIMARY KEY (`id`),
  KEY `incoming_routes` (`target_type`,`target_id`),
  KEY `foreign_key` (`player_id`),
  CONSTRAINT `routes_ibfk_1` FOREIGN KEY (`player_id`) REFERENCES `players` (`id`) ON DELETE CASCADE
) ENGINE=InnoDB DEFAULT CHARSET=utf8;
/*!40101 SET character_set_client = @saved_cs_client */;

--
-- Dumping data for table `routes`
--

LOCK TABLES `routes` WRITE;
/*!40000 ALTER TABLE `routes` DISABLE KEYS */;
/*!40000 ALTER TABLE `routes` ENABLE KEYS */;
UNLOCK TABLES;

--
-- Table structure for table `schema_migrations`
--

DROP TABLE IF EXISTS `schema_migrations`;
/*!40101 SET @saved_cs_client     = @@character_set_client */;
/*!40101 SET character_set_client = utf8 */;
CREATE TABLE `schema_migrations` (
  `version` varchar(255) NOT NULL,
  UNIQUE KEY `unique_schema_migrations` (`version`)
) ENGINE=InnoDB DEFAULT CHARSET=utf8;
/*!40101 SET character_set_client = @saved_cs_client */;

--
-- Dumping data for table `schema_migrations`
--

LOCK TABLES `schema_migrations` WRITE;
/*!40000 ALTER TABLE `schema_migrations` DISABLE KEYS */;
INSERT INTO `schema_migrations` VALUES ('20090601175224'),('20090601184051'),('20090601184055'),('20090601184059'),('20090701164131'),('20090713165021'),('20090808144214'),('20090809160211'),('20090810173759'),('20090826140238'),('20090826141836'),('20090829202538'),('20090829210029'),('20090829224505'),('20090830143959'),('20090830145319'),('20090901153809'),('20090904190655'),('20090905175341'),('20090905192056'),('20090906135044'),('20090909222719'),('20090911180950'),('20090912165229'),('20090919155819'),('20091024222359'),('20091103164416'),('20091103180558'),('20091103181146'),('20091109191211'),('20091225193714'),('20100114152902'),('20100121142414'),('20100127115341'),('20100127120219'),('20100127120515'),('20100127121337'),('20100129150736'),('20100203202757'),('20100203204803'),('20100204172507'),('20100204173714'),('20100208163239'),('20100210114531'),('20100212134334'),('20100218181507'),('20100219114448'),('20100220144106'),('20100222144003'),('20100223153023'),('20100224153728'),('20100224163525'),('20100225124928'),('20100225153721'),('20100225155505'),('20100225155739'),('20100226122144'),('20100226122651'),('20100301153626'),('20100302131225'),('20100303131706'),('20100308163148'),('20100308164422'),('20100310172315'),('20100310181338'),('20100311123523'),('20100315112858'),('20100319141401'),('20100322184529'),('20100324134243'),('20100324141652'),('20100331125702'),('20100415130556'),('20100415130600'),('20100415130605'),('20100415134627'),('20100419141518'),('20100419142018'),('20100419164230'),('20100426141509'),('20100428130912'),('20100429171200'),('20100430174140'),('20100610151652'),('20100610180750'),('20100614142225'),('20100614160819'),('20100614162423'),('20100616132525'),('20100616135507'),('20100622124252'),('20100706105523'),('20100710121447'),('20100710191351'),('20100716155807'),('20100719131622'),('20100721155359'),('20100722124307'),('20100812164444'),('20100812164449'),('20100812164518'),('20100812164524'),('20100817165213'),('20100819175736'),('20100820185846'),('20100906095758'),('20100915145823'),('20100929111549'),('20101001155323'),('20101005180058'),('20101022155620'),('20101117131430'),('20101208135417'),('20101209122838'),('20101222150446'),('20101223125157'),('20101223172333'),('20110106110617'),('20110117182616'),('20110119121807'),('20110125161025'),('20110128094012'),('20110201122224'),('20110211124612'),('20110214130700'),('20110214165108'),('20110215161039'),('20110221105637'),('20110224162141'),('20110224174209'),('20110307104202'),('20110307121218'),('20110309114701'),('20110309194328'),('20110310113500'),('20110311172250'),('20110314132426'),('20110317165341'),('20110329163829'),('20110330141930'),('20110410103752'),('20110413154835'),('20110420152125'),('20110420153521'),('20110422180144'),('20110426131533'),('20110426145014'),('20110429150825'),('20110430142655'),('20110501202247'),('20110502175634'),('20110503165127'),('20110506202156'),('20110509144521'),('20110520172423'),('20110529152142'),('20110530121627'),('20110601155244'),('99999999999000'),('99999999999900');
/*!40000 ALTER TABLE `schema_migrations` ENABLE KEYS */;
UNLOCK TABLES;

--
-- Table structure for table `solar_systems`
--

DROP TABLE IF EXISTS `solar_systems`;
/*!40101 SET @saved_cs_client     = @@character_set_client */;
/*!40101 SET character_set_client = utf8 */;
CREATE TABLE `solar_systems` (
  `id` int(11) NOT NULL AUTO_INCREMENT,
  `galaxy_id` int(11) NOT NULL,
  `x` mediumint(9) DEFAULT NULL,
  `y` mediumint(9) DEFAULT NULL,
  `kind` tinyint(2) NOT NULL DEFAULT '0',
  `shield_ends_at` datetime DEFAULT NULL,
  `shield_owner_id` int(11) DEFAULT NULL,
  PRIMARY KEY (`id`),
  UNIQUE KEY `uniqueness` (`galaxy_id`,`x`,`y`),
  KEY `shield_owner_id` (`shield_owner_id`),
  CONSTRAINT `solar_systems_ibfk_1` FOREIGN KEY (`galaxy_id`) REFERENCES `galaxies` (`id`) ON DELETE CASCADE,
  CONSTRAINT `solar_systems_ibfk_2` FOREIGN KEY (`shield_owner_id`) REFERENCES `players` (`id`) ON DELETE SET NULL
) ENGINE=InnoDB AUTO_INCREMENT=13 DEFAULT CHARSET=utf8;
/*!40101 SET character_set_client = @saved_cs_client */;

--
-- Dumping data for table `solar_systems`
--

LOCK TABLES `solar_systems` WRITE;
/*!40000 ALTER TABLE `solar_systems` DISABLE KEYS */;
INSERT INTO `solar_systems` VALUES (1,1,NULL,NULL,2,NULL,NULL),(2,1,6,-3,2,NULL,NULL),(3,1,1,-6,2,NULL,NULL),(4,1,2,-7,1,NULL,NULL),(5,1,4,-3,0,NULL,NULL),(6,1,5,-1,1,NULL,NULL),(7,1,6,-5,1,NULL,NULL),(8,1,0,-2,0,'2011-06-16 16:04:19',1),(9,1,5,-7,0,NULL,NULL),(10,1,2,-4,0,NULL,NULL),(11,1,7,-8,2,NULL,NULL),(12,1,1,-2,1,NULL,NULL);
/*!40000 ALTER TABLE `solar_systems` ENABLE KEYS */;
UNLOCK TABLES;

--
-- Table structure for table `ss_objects`
--

DROP TABLE IF EXISTS `ss_objects`;
/*!40101 SET @saved_cs_client     = @@character_set_client */;
/*!40101 SET character_set_client = utf8 */;
CREATE TABLE `ss_objects` (
  `id` int(11) NOT NULL AUTO_INCREMENT,
  `solar_system_id` int(11) NOT NULL,
  `width` int(11) DEFAULT NULL,
  `height` int(11) DEFAULT NULL,
  `position` int(11) NOT NULL DEFAULT '0',
  `angle` int(11) NOT NULL DEFAULT '0',
  `type` varchar(255) NOT NULL,
  `player_id` int(11) DEFAULT NULL,
  `name` varchar(12) NOT NULL DEFAULT '',
  `size` int(11) NOT NULL DEFAULT '0',
  `terrain` tinyint(2) unsigned NOT NULL DEFAULT '0',
  `metal` float NOT NULL DEFAULT '0',
  `metal_rate` float NOT NULL DEFAULT '0',
  `metal_storage` float NOT NULL DEFAULT '0',
  `energy` float NOT NULL DEFAULT '0',
  `energy_rate` float NOT NULL DEFAULT '0',
  `energy_storage` float NOT NULL DEFAULT '0',
  `zetium` float NOT NULL DEFAULT '0',
  `zetium_rate` float NOT NULL DEFAULT '0',
  `zetium_storage` float NOT NULL DEFAULT '0',
  `last_resources_update` datetime DEFAULT NULL,
  `energy_diminish_registered` tinyint(1) NOT NULL DEFAULT '0',
  `exploration_x` tinyint(2) unsigned DEFAULT NULL,
  `exploration_y` tinyint(2) unsigned DEFAULT NULL,
  `exploration_ends_at` datetime DEFAULT NULL,
  `can_destroy_building_at` datetime DEFAULT NULL,
  `special` tinyint(1) NOT NULL DEFAULT '0',
  `next_raid_at` datetime DEFAULT NULL,
  `shield_ends_at` datetime DEFAULT NULL,
  `shield_owner_id` int(11) DEFAULT NULL,
  `metal_rate_boost_ends_at` datetime DEFAULT NULL,
  `metal_storage_boost_ends_at` datetime DEFAULT NULL,
  `energy_rate_boost_ends_at` datetime DEFAULT NULL,
  `energy_storage_boost_ends_at` datetime DEFAULT NULL,
  `zetium_rate_boost_ends_at` datetime DEFAULT NULL,
  `zetium_storage_boost_ends_at` datetime DEFAULT NULL,
  PRIMARY KEY (`id`),
  UNIQUE KEY `uniqueness` (`solar_system_id`,`position`,`angle`),
  KEY `index_planets_on_galaxy_id_and_solar_system_id` (`solar_system_id`),
  KEY `index_planets_on_player_id_and_galaxy_id` (`player_id`),
  KEY `group_by_for_fowssentry_status_updates` (`player_id`,`solar_system_id`),
  KEY `shield_owner_id` (`shield_owner_id`),
  CONSTRAINT `ss_objects_ibfk_1` FOREIGN KEY (`solar_system_id`) REFERENCES `solar_systems` (`id`) ON DELETE CASCADE,
  CONSTRAINT `ss_objects_ibfk_2` FOREIGN KEY (`player_id`) REFERENCES `players` (`id`) ON DELETE SET NULL,
  CONSTRAINT `ss_objects_ibfk_3` FOREIGN KEY (`shield_owner_id`) REFERENCES `players` (`id`) ON DELETE SET NULL
) ENGINE=InnoDB AUTO_INCREMENT=74 DEFAULT CHARSET=utf8;
/*!40101 SET character_set_client = @saved_cs_client */;

--
-- Dumping data for table `ss_objects`
--

LOCK TABLES `ss_objects` WRITE;
/*!40000 ALTER TABLE `ss_objects` DISABLE KEYS */;
INSERT INTO `ss_objects` VALUES (1,1,23,13,1,45,'Planet',NULL,'Inculta',40,1,0,0,100000,0,0,200000,0,0,25000,NULL,0,NULL,NULL,NULL,NULL,1,NULL,NULL,NULL,NULL,NULL,NULL,NULL,NULL,NULL),(2,1,0,0,3,22,'Jumpgate',NULL,'',56,0,0,0,0,0,0,0,0,0,0,NULL,0,NULL,NULL,NULL,NULL,0,NULL,NULL,NULL,NULL,NULL,NULL,NULL,NULL,NULL),(3,1,0,0,3,270,'Jumpgate',NULL,'',42,0,0,0,0,0,0,0,0,0,0,NULL,0,NULL,NULL,NULL,NULL,0,NULL,NULL,NULL,NULL,NULL,NULL,NULL,NULL,NULL),(4,1,15,15,2,210,'Planet',NULL,'Limus',37,2,0,0,100000,0,0,200000,0,0,25000,NULL,0,NULL,NULL,NULL,NULL,1,NULL,NULL,NULL,NULL,NULL,NULL,NULL,NULL,NULL),(5,1,21,17,0,270,'Planet',NULL,'Gramen',40,0,0,0,100000,0,0,200000,0,0,25000,NULL,0,NULL,NULL,NULL,NULL,1,NULL,NULL,NULL,NULL,NULL,NULL,NULL,NULL,NULL),(6,1,0,0,3,134,'Jumpgate',NULL,'',39,0,0,0,0,0,0,0,0,0,0,NULL,0,NULL,NULL,NULL,NULL,0,NULL,NULL,NULL,NULL,NULL,NULL,NULL,NULL,NULL),(7,2,0,0,3,22,'Jumpgate',NULL,'',41,0,0,0,0,0,0,0,0,0,0,NULL,0,NULL,NULL,NULL,NULL,0,NULL,NULL,NULL,NULL,NULL,NULL,NULL,NULL,NULL),(8,2,0,0,3,270,'Jumpgate',NULL,'',59,0,0,0,0,0,0,0,0,0,0,NULL,0,NULL,NULL,NULL,NULL,0,NULL,NULL,NULL,NULL,NULL,NULL,NULL,NULL,NULL),(9,2,15,15,0,270,'Planet',NULL,'Limus-9',37,2,0,0,100000,0,0,200000,0,0,25000,NULL,0,NULL,NULL,NULL,NULL,1,NULL,NULL,NULL,NULL,NULL,NULL,NULL,NULL,NULL),(10,2,0,0,3,134,'Jumpgate',NULL,'',47,0,0,0,0,0,0,0,0,0,0,NULL,0,NULL,NULL,NULL,NULL,0,NULL,NULL,NULL,NULL,NULL,NULL,NULL,NULL,NULL),(11,3,0,0,3,22,'Jumpgate',NULL,'',43,0,0,0,0,0,0,0,0,0,0,NULL,0,NULL,NULL,NULL,NULL,0,NULL,NULL,NULL,NULL,NULL,NULL,NULL,NULL,NULL),(12,3,0,0,3,270,'Jumpgate',NULL,'',31,0,0,0,0,0,0,0,0,0,0,NULL,0,NULL,NULL,NULL,NULL,0,NULL,NULL,NULL,NULL,NULL,NULL,NULL,NULL,NULL),(13,3,21,17,0,270,'Planet',NULL,'Gramen-13',40,0,0,0,100000,0,0,200000,0,0,25000,NULL,0,NULL,NULL,NULL,NULL,1,NULL,NULL,NULL,NULL,NULL,NULL,NULL,NULL,NULL),(14,3,0,0,3,134,'Jumpgate',NULL,'',27,0,0,0,0,0,0,0,0,0,0,NULL,0,NULL,NULL,NULL,NULL,0,NULL,NULL,NULL,NULL,NULL,NULL,NULL,NULL,NULL),(15,5,0,0,1,45,'Asteroid',NULL,'',52,0,0,4,0,0,2,0,0,4,0,NULL,0,NULL,NULL,NULL,NULL,0,NULL,NULL,NULL,NULL,NULL,NULL,NULL,NULL,NULL),(16,5,0,0,2,120,'Asteroid',NULL,'',51,0,0,3,0,0,5,0,0,3,0,NULL,0,NULL,NULL,NULL,NULL,0,NULL,NULL,NULL,NULL,NULL,NULL,NULL,NULL,NULL),(17,5,0,0,3,22,'Jumpgate',NULL,'',46,0,0,0,0,0,0,0,0,0,0,NULL,0,NULL,NULL,NULL,NULL,0,NULL,NULL,NULL,NULL,NULL,NULL,NULL,NULL,NULL),(18,5,0,0,1,315,'Asteroid',NULL,'',32,0,0,2,0,0,3,0,0,2,0,NULL,0,NULL,NULL,NULL,NULL,0,NULL,NULL,NULL,NULL,NULL,NULL,NULL,NULL,NULL),(19,5,0,0,3,134,'Jumpgate',NULL,'',26,0,0,0,0,0,0,0,0,0,0,NULL,0,NULL,NULL,NULL,NULL,0,NULL,NULL,NULL,NULL,NULL,NULL,NULL,NULL,NULL),(20,5,0,0,1,0,'Asteroid',NULL,'',39,0,0,2,0,0,2,0,0,4,0,NULL,0,NULL,NULL,NULL,NULL,0,NULL,NULL,NULL,NULL,NULL,NULL,NULL,NULL,NULL),(21,5,0,0,2,60,'Asteroid',NULL,'',26,0,0,5,0,0,2,0,0,5,0,NULL,0,NULL,NULL,NULL,NULL,0,NULL,NULL,NULL,NULL,NULL,NULL,NULL,NULL,NULL),(22,5,0,0,3,112,'Jumpgate',NULL,'',49,0,0,0,0,0,0,0,0,0,0,NULL,0,NULL,NULL,NULL,NULL,0,NULL,NULL,NULL,NULL,NULL,NULL,NULL,NULL,NULL),(23,5,29,24,1,90,'Planet',NULL,'P-23',47,1,0,0,0,0,0,0,0,0,0,'2011-06-02 16:04:19',0,NULL,NULL,NULL,NULL,0,NULL,NULL,NULL,NULL,NULL,NULL,NULL,NULL,NULL),(24,5,0,0,3,180,'Jumpgate',NULL,'',33,0,0,0,0,0,0,0,0,0,0,NULL,0,NULL,NULL,NULL,NULL,0,NULL,NULL,NULL,NULL,NULL,NULL,NULL,NULL,NULL),(25,5,0,0,2,330,'Asteroid',NULL,'',56,0,0,3,0,0,5,0,0,3,0,NULL,0,NULL,NULL,NULL,NULL,0,NULL,NULL,NULL,NULL,NULL,NULL,NULL,NULL,NULL),(26,5,0,0,0,270,'Asteroid',NULL,'',50,0,0,5,0,0,4,0,0,3,0,NULL,0,NULL,NULL,NULL,NULL,0,NULL,NULL,NULL,NULL,NULL,NULL,NULL,NULL,NULL),(27,5,0,0,2,0,'Asteroid',NULL,'',36,0,0,4,0,0,4,0,0,2,0,NULL,0,NULL,NULL,NULL,NULL,0,NULL,NULL,NULL,NULL,NULL,NULL,NULL,NULL,NULL),(28,5,0,0,2,270,'Asteroid',NULL,'',59,0,0,2,0,0,5,0,0,2,0,NULL,0,NULL,NULL,NULL,NULL,0,NULL,NULL,NULL,NULL,NULL,NULL,NULL,NULL,NULL),(29,5,0,0,0,180,'Asteroid',NULL,'',57,0,0,2,0,0,1,0,0,1,0,NULL,0,NULL,NULL,NULL,NULL,0,NULL,NULL,NULL,NULL,NULL,NULL,NULL,NULL,NULL),(30,8,0,0,1,225,'Asteroid',NULL,'',48,0,0,1,0,0,1,0,0,1,0,NULL,0,NULL,NULL,NULL,NULL,0,NULL,NULL,NULL,NULL,NULL,NULL,NULL,NULL,NULL),(31,8,0,0,2,90,'Asteroid',NULL,'',33,0,0,3,0,0,5,0,0,4,0,NULL,0,NULL,NULL,NULL,NULL,0,NULL,NULL,NULL,NULL,NULL,NULL,NULL,NULL,NULL),(32,8,0,0,2,120,'Asteroid',NULL,'',26,0,0,5,0,0,4,0,0,5,0,NULL,0,NULL,NULL,NULL,NULL,0,NULL,NULL,NULL,NULL,NULL,NULL,NULL,NULL,NULL),(33,8,0,0,1,180,'Asteroid',NULL,'',48,0,0,1,0,0,1,0,0,1,0,NULL,0,NULL,NULL,NULL,NULL,0,NULL,NULL,NULL,NULL,NULL,NULL,NULL,NULL,NULL),(34,8,30,30,2,240,'Planet',NULL,'P-34',50,1,0,0,0,0,0,0,0,0,0,'2011-06-02 16:04:19',0,NULL,NULL,NULL,NULL,0,NULL,NULL,NULL,NULL,NULL,NULL,NULL,NULL,NULL),(35,8,0,0,1,315,'Asteroid',NULL,'',41,0,0,1,0,0,2,0,0,2,0,NULL,0,NULL,NULL,NULL,NULL,0,NULL,NULL,NULL,NULL,NULL,NULL,NULL,NULL,NULL),(36,8,0,0,3,66,'Jumpgate',NULL,'',44,0,0,0,0,0,0,0,0,0,0,NULL,0,NULL,NULL,NULL,NULL,0,NULL,NULL,NULL,NULL,NULL,NULL,NULL,NULL,NULL),(37,8,0,0,1,270,'Asteroid',NULL,'',41,0,0,4,0,0,2,0,0,2,0,NULL,0,NULL,NULL,NULL,NULL,0,NULL,NULL,NULL,NULL,NULL,NULL,NULL,NULL,NULL),(38,8,30,30,1,135,'Planet',1,'P-38',50,0,3186.11,139.5,9654.87,7042.03,308.5,21339.5,0,0,2622.17,'2011-06-02 16:04:19',0,NULL,NULL,NULL,NULL,0,NULL,NULL,NULL,NULL,NULL,NULL,NULL,NULL,NULL),(39,8,0,0,0,90,'Asteroid',NULL,'',30,0,0,2,0,0,2,0,0,2,0,NULL,0,NULL,NULL,NULL,NULL,0,NULL,NULL,NULL,NULL,NULL,NULL,NULL,NULL,NULL),(40,8,0,0,0,180,'Asteroid',NULL,'',28,0,0,1,0,0,1,0,0,2,0,NULL,0,NULL,NULL,NULL,NULL,0,NULL,NULL,NULL,NULL,NULL,NULL,NULL,NULL,NULL),(41,8,0,0,2,300,'Asteroid',NULL,'',43,0,0,2,0,0,4,0,0,4,0,NULL,0,NULL,NULL,NULL,NULL,0,NULL,NULL,NULL,NULL,NULL,NULL,NULL,NULL,NULL),(42,8,0,0,0,0,'Asteroid',NULL,'',53,0,0,2,0,0,1,0,0,1,0,NULL,0,NULL,NULL,NULL,NULL,0,NULL,NULL,NULL,NULL,NULL,NULL,NULL,NULL,NULL),(43,9,0,0,1,225,'Asteroid',NULL,'',54,0,0,4,0,0,3,0,0,3,0,NULL,0,NULL,NULL,NULL,NULL,0,NULL,NULL,NULL,NULL,NULL,NULL,NULL,NULL,NULL),(44,9,0,0,2,150,'Asteroid',NULL,'',31,0,0,2,0,0,4,0,0,2,0,NULL,0,NULL,NULL,NULL,NULL,0,NULL,NULL,NULL,NULL,NULL,NULL,NULL,NULL,NULL),(45,9,0,0,2,30,'Asteroid',NULL,'',26,0,0,5,0,0,2,0,0,4,0,NULL,0,NULL,NULL,NULL,NULL,0,NULL,NULL,NULL,NULL,NULL,NULL,NULL,NULL,NULL),(46,9,0,0,0,90,'Asteroid',NULL,'',35,0,0,2,0,0,2,0,0,1,0,NULL,0,NULL,NULL,NULL,NULL,0,NULL,NULL,NULL,NULL,NULL,NULL,NULL,NULL,NULL),(47,9,26,31,2,180,'Planet',NULL,'P-47',48,2,0,0,0,0,0,0,0,0,0,'2011-06-02 16:04:19',0,NULL,NULL,NULL,NULL,0,NULL,NULL,NULL,NULL,NULL,NULL,NULL,NULL,NULL),(48,9,0,0,3,314,'Jumpgate',NULL,'',34,0,0,0,0,0,0,0,0,0,0,NULL,0,NULL,NULL,NULL,NULL,0,NULL,NULL,NULL,NULL,NULL,NULL,NULL,NULL,NULL),(49,9,25,28,0,270,'Planet',NULL,'P-49',47,1,0,0,0,0,0,0,0,0,0,'2011-06-02 16:04:19',0,NULL,NULL,NULL,NULL,0,NULL,NULL,NULL,NULL,NULL,NULL,NULL,NULL,NULL),(50,9,0,0,2,240,'Asteroid',NULL,'',37,0,0,2,0,0,5,0,0,4,0,NULL,0,NULL,NULL,NULL,NULL,0,NULL,NULL,NULL,NULL,NULL,NULL,NULL,NULL,NULL),(51,9,0,0,2,270,'Asteroid',NULL,'',43,0,0,5,0,0,4,0,0,4,0,NULL,0,NULL,NULL,NULL,NULL,0,NULL,NULL,NULL,NULL,NULL,NULL,NULL,NULL,NULL),(52,9,0,0,3,292,'Jumpgate',NULL,'',59,0,0,0,0,0,0,0,0,0,0,NULL,0,NULL,NULL,NULL,NULL,0,NULL,NULL,NULL,NULL,NULL,NULL,NULL,NULL,NULL),(53,9,0,0,2,60,'Asteroid',NULL,'',51,0,0,3,0,0,4,0,0,2,0,NULL,0,NULL,NULL,NULL,NULL,0,NULL,NULL,NULL,NULL,NULL,NULL,NULL,NULL,NULL),(54,9,0,0,1,0,'Asteroid',NULL,'',32,0,0,5,0,0,4,0,0,5,0,NULL,0,NULL,NULL,NULL,NULL,0,NULL,NULL,NULL,NULL,NULL,NULL,NULL,NULL,NULL),(55,10,0,0,1,45,'Asteroid',NULL,'',37,0,0,3,0,0,4,0,0,5,0,NULL,0,NULL,NULL,NULL,NULL,0,NULL,NULL,NULL,NULL,NULL,NULL,NULL,NULL,NULL),(56,10,0,0,2,90,'Asteroid',NULL,'',55,0,0,1,0,0,1,0,0,2,0,NULL,0,NULL,NULL,NULL,NULL,0,NULL,NULL,NULL,NULL,NULL,NULL,NULL,NULL,NULL),(57,10,0,0,1,180,'Asteroid',NULL,'',53,0,0,1,0,0,2,0,0,2,0,NULL,0,NULL,NULL,NULL,NULL,0,NULL,NULL,NULL,NULL,NULL,NULL,NULL,NULL,NULL),(58,10,0,0,2,210,'Asteroid',NULL,'',47,0,0,4,0,0,5,0,0,4,0,NULL,0,NULL,NULL,NULL,NULL,0,NULL,NULL,NULL,NULL,NULL,NULL,NULL,NULL,NULL),(59,10,0,0,3,134,'Jumpgate',NULL,'',41,0,0,0,0,0,0,0,0,0,0,NULL,0,NULL,NULL,NULL,NULL,0,NULL,NULL,NULL,NULL,NULL,NULL,NULL,NULL,NULL),(60,10,28,25,1,315,'Planet',NULL,'P-60',47,0,0,0,0,0,0,0,0,0,0,'2011-06-02 16:04:19',0,NULL,NULL,NULL,NULL,0,NULL,NULL,NULL,NULL,NULL,NULL,NULL,NULL,NULL),(61,10,0,0,2,240,'Asteroid',NULL,'',29,0,0,1,0,0,2,0,0,1,0,NULL,0,NULL,NULL,NULL,NULL,0,NULL,NULL,NULL,NULL,NULL,NULL,NULL,NULL,NULL),(62,10,0,0,1,0,'Asteroid',NULL,'',60,0,0,4,0,0,2,0,0,2,0,NULL,0,NULL,NULL,NULL,NULL,0,NULL,NULL,NULL,NULL,NULL,NULL,NULL,NULL,NULL),(63,10,0,0,2,150,'Asteroid',NULL,'',25,0,0,5,0,0,4,0,0,5,0,NULL,0,NULL,NULL,NULL,NULL,0,NULL,NULL,NULL,NULL,NULL,NULL,NULL,NULL,NULL),(64,10,29,35,0,90,'Planet',NULL,'P-64',51,0,0,0,0,0,0,0,0,0,0,'2011-06-02 16:04:19',0,NULL,NULL,NULL,NULL,0,NULL,NULL,NULL,NULL,NULL,NULL,NULL,NULL,NULL),(65,10,0,0,2,330,'Asteroid',NULL,'',39,0,0,1,0,0,1,0,0,2,0,NULL,0,NULL,NULL,NULL,NULL,0,NULL,NULL,NULL,NULL,NULL,NULL,NULL,NULL,NULL),(66,10,0,0,3,336,'Jumpgate',NULL,'',44,0,0,0,0,0,0,0,0,0,0,NULL,0,NULL,NULL,NULL,NULL,0,NULL,NULL,NULL,NULL,NULL,NULL,NULL,NULL,NULL),(67,10,0,0,0,270,'Asteroid',NULL,'',29,0,0,1,0,0,2,0,0,1,0,NULL,0,NULL,NULL,NULL,NULL,0,NULL,NULL,NULL,NULL,NULL,NULL,NULL,NULL,NULL),(68,10,0,0,0,180,'Asteroid',NULL,'',33,0,0,2,0,0,2,0,0,1,0,NULL,0,NULL,NULL,NULL,NULL,0,NULL,NULL,NULL,NULL,NULL,NULL,NULL,NULL,NULL),(69,10,0,0,0,0,'Asteroid',NULL,'',27,0,0,2,0,0,1,0,0,1,0,NULL,0,NULL,NULL,NULL,NULL,0,NULL,NULL,NULL,NULL,NULL,NULL,NULL,NULL,NULL),(70,11,0,0,3,22,'Jumpgate',NULL,'',42,0,0,0,0,0,0,0,0,0,0,NULL,0,NULL,NULL,NULL,NULL,0,NULL,NULL,NULL,NULL,NULL,NULL,NULL,NULL,NULL),(71,11,0,0,3,270,'Jumpgate',NULL,'',56,0,0,0,0,0,0,0,0,0,0,NULL,0,NULL,NULL,NULL,NULL,0,NULL,NULL,NULL,NULL,NULL,NULL,NULL,NULL,NULL),(72,11,21,17,0,270,'Planet',NULL,'Gramen-72',40,0,0,0,100000,0,0,200000,0,0,25000,NULL,0,NULL,NULL,NULL,NULL,1,NULL,NULL,NULL,NULL,NULL,NULL,NULL,NULL,NULL),(73,11,0,0,3,134,'Jumpgate',NULL,'',45,0,0,0,0,0,0,0,0,0,0,NULL,0,NULL,NULL,NULL,NULL,0,NULL,NULL,NULL,NULL,NULL,NULL,NULL,NULL,NULL);
/*!40000 ALTER TABLE `ss_objects` ENABLE KEYS */;
UNLOCK TABLES;

--
-- Table structure for table `technologies`
--

DROP TABLE IF EXISTS `technologies`;
/*!40101 SET @saved_cs_client     = @@character_set_client */;
/*!40101 SET character_set_client = utf8 */;
CREATE TABLE `technologies` (
  `id` int(11) NOT NULL AUTO_INCREMENT,
  `upgrade_ends_at` datetime DEFAULT NULL,
  `pause_remainder` int(10) unsigned DEFAULT NULL,
  `scientists` int(10) unsigned DEFAULT '0',
  `level` tinyint(2) unsigned NOT NULL,
  `player_id` int(11) NOT NULL,
  `type` varchar(50) NOT NULL,
  `pause_scientists` int(10) unsigned DEFAULT NULL,
  `speed_up` tinyint(1) NOT NULL DEFAULT '0',
  PRIMARY KEY (`id`),
  UNIQUE KEY `main` (`player_id`,`type`,`level`),
  UNIQUE KEY `type_by_player` (`player_id`,`type`,`level`),
  UNIQUE KEY `ensure_uniqueness` (`player_id`,`type`),
  KEY `upgrading` (`player_id`,`upgrade_ends_at`),
  CONSTRAINT `technologies_ibfk_1` FOREIGN KEY (`player_id`) REFERENCES `players` (`id`) ON DELETE CASCADE
) ENGINE=InnoDB DEFAULT CHARSET=utf8;
/*!40101 SET character_set_client = @saved_cs_client */;

--
-- Dumping data for table `technologies`
--

LOCK TABLES `technologies` WRITE;
/*!40000 ALTER TABLE `technologies` DISABLE KEYS */;
/*!40000 ALTER TABLE `technologies` ENABLE KEYS */;
UNLOCK TABLES;

--
-- Table structure for table `tiles`
--

DROP TABLE IF EXISTS `tiles`;
/*!40101 SET @saved_cs_client     = @@character_set_client */;
/*!40101 SET character_set_client = utf8 */;
CREATE TABLE `tiles` (
  `kind` tinyint(2) unsigned NOT NULL DEFAULT '0',
  `planet_id` int(11) NOT NULL,
  `x` tinyint(2) unsigned NOT NULL DEFAULT '0',
  `y` tinyint(2) unsigned NOT NULL DEFAULT '0',
  UNIQUE KEY `uniqueness` (`planet_id`,`x`,`y`),
  CONSTRAINT `tiles_ibfk_1` FOREIGN KEY (`planet_id`) REFERENCES `ss_objects` (`id`) ON DELETE CASCADE
) ENGINE=InnoDB DEFAULT CHARSET=utf8;
/*!40101 SET character_set_client = @saved_cs_client */;

--
-- Dumping data for table `tiles`
--

LOCK TABLES `tiles` WRITE;
/*!40000 ALTER TABLE `tiles` DISABLE KEYS */;
INSERT INTO `tiles` VALUES (14,1,0,8),(13,1,1,0),(8,1,7,3),(8,1,10,10),(13,1,11,1),(13,1,14,10),(9,1,18,0),(9,1,19,5),(9,4,5,11),(12,4,9,1),(13,4,9,8),(13,5,0,0),(8,5,0,7),(8,5,2,3),(10,5,7,0),(9,5,7,12),(12,5,14,0),(14,5,14,7),(9,9,5,11),(12,9,9,1),(13,9,9,8),(13,13,0,0),(8,13,0,7),(8,13,2,3),(10,13,7,0),(9,13,7,12),(12,13,14,0),(14,13,14,7),(3,23,0,6),(3,23,0,7),(3,23,0,8),(3,23,0,9),(3,23,0,10),(5,23,0,20),(5,23,0,22),(5,23,0,23),(0,23,1,1),(3,23,1,6),(3,23,1,7),(3,23,1,8),(3,23,1,9),(3,23,1,10),(6,23,1,19),(5,23,1,20),(5,23,1,21),(5,23,1,22),(5,23,1,23),(2,23,2,5),(3,23,2,7),(3,23,2,8),(3,23,2,9),(3,23,2,10),(6,23,2,19),(5,23,2,21),(5,23,2,22),(5,23,2,23),(3,23,3,7),(6,23,3,19),(6,23,3,20),(5,23,3,21),(5,23,3,22),(5,23,3,23),(1,23,4,14),(6,23,4,19),(6,23,4,20),(5,23,4,21),(5,23,4,22),(5,23,4,23),(4,23,5,0),(4,23,5,1),(4,23,5,2),(4,23,5,3),(6,23,5,17),(6,23,5,18),(2,23,5,19),(5,23,5,21),(5,23,5,22),(5,23,5,23),(4,23,6,3),(6,23,6,18),(5,23,6,21),(5,23,6,22),(5,23,6,23),(4,23,7,1),(4,23,7,2),(4,23,7,3),(4,23,7,4),(4,23,7,5),(4,23,7,6),(6,23,7,17),(6,23,7,18),(6,23,7,22),(4,23,8,1),(4,23,8,2),(4,23,8,5),(6,23,8,17),(6,23,8,22),(6,23,8,23),(0,23,9,1),(5,23,9,3),(1,23,9,5),(0,23,9,18),(4,23,9,21),(6,23,9,22),(6,23,9,23),(5,23,10,3),(5,23,10,4),(4,23,10,21),(6,23,10,23),(5,23,11,0),(5,23,11,1),(5,23,11,2),(5,23,11,3),(5,23,11,4),(5,23,11,5),(5,23,11,6),(5,23,11,7),(3,23,11,12),(3,23,11,13),(4,23,11,19),(4,23,11,20),(4,23,11,21),(4,23,11,22),(4,23,11,23),(5,23,12,0),(5,23,12,1),(5,23,12,2),(5,23,12,3),(5,23,12,4),(5,23,12,5),(5,23,12,6),(3,23,12,9),(3,23,12,10),(3,23,12,11),(3,23,12,12),(4,23,12,18),(4,23,12,19),(4,23,12,20),(4,23,12,21),(4,23,12,22),(4,23,12,23),(14,23,13,0),(5,23,13,4),(5,23,13,6),(5,23,13,7),(2,23,13,9),(3,23,13,11),(3,23,13,12),(3,23,13,13),(5,23,13,17),(4,23,13,18),(5,23,13,19),(5,23,14,4),(0,23,14,5),(3,23,14,12),(5,23,14,16),(5,23,14,17),(5,23,14,18),(5,23,14,19),(4,23,15,4),(3,23,15,10),(3,23,15,11),(3,23,15,12),(3,23,15,13),(5,23,15,15),(5,23,15,16),(5,23,15,18),(5,23,15,19),(4,23,16,3),(4,23,16,4),(4,23,16,5),(4,23,16,6),(4,23,16,7),(5,23,16,10),(3,23,16,12),(2,23,16,14),(5,23,16,16),(5,23,16,17),(5,23,16,18),(5,23,16,19),(5,23,16,20),(4,23,17,4),(4,23,17,5),(4,23,17,6),(4,23,17,7),(5,23,17,10),(5,23,17,11),(5,23,17,12),(5,23,17,13),(5,23,17,17),(5,23,17,18),(5,23,17,19),(5,23,17,20),(5,23,17,21),(4,23,18,4),(4,23,18,5),(4,23,18,6),(5,23,18,7),(5,23,18,8),(5,23,18,9),(5,23,18,10),(5,23,18,11),(5,23,18,12),(5,23,18,13),(0,23,18,18),(5,23,18,20),(4,23,19,5),(5,23,19,6),(5,23,19,7),(5,23,19,8),(5,23,19,9),(5,23,19,10),(5,23,19,11),(5,23,19,20),(5,23,20,8),(5,23,20,9),(5,23,21,8),(5,23,21,9),(3,23,23,8),(0,23,23,9),(3,23,24,8),(0,23,24,13),(4,23,24,17),(4,23,24,18),(9,23,25,2),(6,23,25,5),(6,23,25,6),(6,23,25,7),(3,23,25,8),(3,23,25,9),(3,23,25,10),(4,23,25,17),(4,23,25,18),(4,23,25,19),(4,23,25,21),(6,23,26,6),(3,23,26,7),(3,23,26,8),(3,23,26,9),(4,23,26,18),(4,23,26,19),(4,23,26,20),(4,23,26,21),(6,23,27,5),(6,23,27,6),(3,23,27,7),(3,23,27,8),(4,23,27,18),(4,23,27,19),(4,23,27,20),(3,23,28,5),(3,23,28,6),(3,23,28,7),(3,23,28,8),(3,23,28,9),(4,23,28,19),(5,34,0,9),(5,34,0,10),(5,34,0,11),(5,34,0,12),(5,34,0,13),(5,34,0,14),(5,34,0,15),(5,34,0,16),(5,34,0,17),(6,34,1,3),(6,34,1,4),(6,34,1,5),(3,34,1,7),(3,34,1,8),(5,34,1,9),(5,34,1,11),(5,34,1,13),(5,34,1,15),(5,34,1,16),(3,34,1,26),(6,34,2,2),(6,34,2,3),(6,34,2,4),(6,34,2,5),(6,34,2,6),(3,34,2,8),(5,34,2,9),(5,34,2,10),(5,34,2,11),(5,34,2,12),(5,34,2,13),(5,34,2,14),(5,34,2,15),(5,34,2,16),(3,34,2,24),(3,34,2,25),(3,34,2,26),(3,34,2,27),(3,34,2,28),(3,34,2,29),(6,34,3,4),(6,34,3,5),(3,34,3,6),(3,34,3,7),(3,34,3,8),(3,34,3,9),(0,34,3,10),(5,34,3,13),(5,34,3,14),(5,34,3,15),(5,34,3,16),(3,34,3,26),(3,34,3,27),(3,34,3,28),(3,34,3,29),(6,34,4,4),(3,34,4,5),(3,34,4,6),(3,34,4,7),(3,34,4,8),(3,34,4,9),(5,34,4,12),(5,34,4,13),(5,34,4,14),(5,34,4,15),(5,34,4,16),(3,34,4,27),(3,34,4,28),(3,34,4,29),(3,34,5,4),(3,34,5,5),(3,34,5,6),(3,34,5,7),(3,34,5,8),(5,34,5,12),(5,34,5,14),(5,34,5,15),(3,34,5,27),(3,34,5,28),(3,34,5,29),(3,34,6,4),(3,34,6,6),(3,34,6,7),(5,34,6,12),(0,34,6,14),(4,34,6,23),(4,34,6,24),(4,34,6,26),(3,34,6,27),(3,34,6,28),(3,34,6,29),(6,34,7,3),(3,34,7,6),(0,34,7,7),(4,34,7,23),(4,34,7,24),(4,34,7,25),(4,34,7,26),(4,34,7,27),(3,34,7,28),(3,34,7,29),(6,34,8,1),(6,34,8,3),(3,34,8,6),(4,34,8,22),(4,34,8,23),(4,34,8,24),(4,34,8,25),(4,34,8,26),(4,34,8,27),(4,34,8,28),(6,34,9,0),(6,34,9,1),(6,34,9,2),(6,34,9,3),(4,34,9,23),(4,34,9,24),(4,34,9,25),(6,34,10,0),(6,34,10,1),(4,34,10,25),(6,34,11,0),(6,34,11,1),(0,34,11,26),(4,34,13,5),(6,34,13,20),(4,34,14,5),(4,34,14,6),(6,34,14,19),(6,34,14,20),(6,34,14,21),(4,34,15,5),(2,34,15,10),(6,34,15,19),(6,34,15,20),(6,34,15,21),(4,34,16,5),(4,34,16,6),(4,34,16,7),(4,34,16,8),(4,34,16,9),(4,34,16,13),(4,34,16,14),(4,34,16,15),(4,34,16,19),(6,34,16,20),(6,34,16,21),(3,34,16,22),(5,34,17,0),(5,34,17,1),(5,34,17,2),(5,34,17,3),(4,34,17,4),(4,34,17,5),(4,34,17,6),(4,34,17,7),(3,34,17,8),(4,34,17,9),(4,34,17,15),(4,34,17,19),(6,34,17,20),(6,34,17,21),(3,34,17,22),(2,34,17,23),(3,34,17,25),(5,34,18,0),(5,34,18,1),(5,34,18,2),(4,34,18,4),(4,34,18,5),(4,34,18,6),(3,34,18,7),(3,34,18,8),(4,34,18,13),(4,34,18,14),(4,34,18,15),(4,34,18,16),(4,34,18,17),(4,34,18,18),(4,34,18,19),(4,34,18,20),(4,34,18,21),(3,34,18,22),(3,34,18,25),(3,34,18,26),(5,34,19,0),(5,34,19,1),(5,34,19,2),(5,34,19,3),(4,34,19,4),(3,34,19,5),(3,34,19,6),(3,34,19,7),(3,34,19,8),(4,34,19,14),(4,34,19,15),(13,34,19,17),(3,34,19,21),(3,34,19,22),(3,34,19,23),(3,34,19,24),(3,34,19,25),(3,34,19,26),(5,34,20,0),(5,34,20,1),(5,34,20,2),(5,34,20,3),(4,34,20,4),(3,34,20,5),(3,34,20,6),(3,34,20,7),(3,34,20,8),(3,34,20,9),(4,34,20,14),(4,34,20,15),(3,34,20,22),(3,34,20,23),(3,34,20,24),(3,34,20,25),(3,34,20,26),(5,34,20,29),(5,34,21,0),(5,34,21,1),(5,34,21,2),(5,34,21,3),(5,34,21,4),(5,34,21,5),(3,34,21,6),(3,34,21,7),(3,34,21,8),(3,34,21,9),(3,34,21,10),(3,34,21,21),(3,34,21,22),(3,34,21,24),(5,34,21,27),(5,34,21,29),(5,34,22,0),(5,34,22,1),(5,34,22,2),(5,34,22,3),(5,34,22,4),(5,34,22,5),(5,34,22,6),(3,34,22,7),(3,34,22,8),(3,34,22,9),(3,34,22,10),(8,34,22,19),(3,34,22,24),(5,34,22,26),(5,34,22,27),(5,34,22,28),(5,34,22,29),(5,34,23,0),(5,34,23,3),(5,34,23,4),(5,34,23,5),(5,34,23,6),(3,34,23,9),(3,34,23,24),(5,34,23,26),(5,34,23,27),(5,34,23,28),(5,34,23,29),(5,34,24,0),(5,34,24,5),(6,34,24,16),(5,34,24,23),(5,34,24,24),(5,34,24,26),(5,34,24,27),(5,34,24,28),(5,34,24,29),(6,34,25,16),(5,34,25,23),(5,34,25,24),(5,34,25,25),(5,34,25,26),(5,34,25,27),(5,34,25,28),(5,34,25,29),(0,34,26,5),(6,34,26,13),(6,34,26,14),(6,34,26,15),(6,34,26,16),(5,34,26,24),(5,34,26,26),(5,34,26,28),(5,34,26,29),(6,34,27,15),(6,34,27,16),(6,34,27,17),(5,34,27,24),(5,34,27,25),(5,34,27,29),(6,34,28,15),(6,34,28,16),(5,34,28,25),(5,34,28,28),(5,34,28,29),(5,34,29,29),(0,38,0,0),(5,38,0,3),(5,38,0,4),(5,38,0,5),(5,38,0,6),(5,38,0,7),(5,38,0,8),(5,38,0,9),(5,38,0,10),(5,38,0,11),(5,38,0,12),(5,38,0,13),(5,38,0,14),(5,38,0,26),(5,38,0,27),(5,38,0,28),(5,38,0,29),(5,38,1,3),(11,38,1,4),(5,38,1,11),(5,38,1,12),(5,38,1,13),(13,38,1,16),(4,38,1,19),(4,38,1,20),(4,38,1,21),(4,38,1,22),(5,38,1,26),(5,38,1,27),(5,38,1,28),(5,38,1,29),(5,38,2,2),(5,38,2,3),(5,38,2,10),(5,38,2,12),(5,38,2,13),(5,38,2,14),(5,38,2,15),(4,38,2,20),(4,38,2,21),(4,38,2,22),(4,38,2,23),(5,38,2,27),(5,38,2,28),(5,38,2,29),(0,38,3,1),(5,38,3,10),(5,38,3,11),(5,38,3,12),(5,38,3,13),(5,38,3,14),(4,38,3,20),(4,38,3,21),(4,38,3,22),(4,38,3,23),(4,38,3,24),(5,38,3,28),(5,38,3,29),(5,38,4,12),(5,38,4,13),(6,38,4,18),(4,38,4,21),(4,38,4,22),(4,38,4,23),(5,38,4,26),(5,38,4,27),(5,38,4,28),(6,38,5,8),(6,38,5,9),(6,38,5,18),(6,38,5,19),(4,38,5,22),(4,38,5,23),(4,38,5,24),(5,38,5,26),(5,38,5,27),(6,38,6,7),(6,38,6,8),(6,38,6,9),(6,38,6,11),(6,38,6,18),(6,38,6,19),(6,38,7,9),(6,38,7,10),(6,38,7,18),(12,38,7,23),(6,38,8,9),(6,38,8,10),(6,38,8,16),(6,38,8,17),(6,38,8,18),(3,38,9,3),(3,38,9,4),(3,38,10,0),(3,38,10,2),(3,38,10,3),(3,38,10,4),(8,38,10,5),(0,38,10,20),(3,38,11,0),(3,38,11,1),(3,38,11,2),(3,38,11,3),(3,38,12,0),(3,38,12,1),(3,38,12,2),(3,38,13,0),(3,38,13,1),(3,38,13,2),(3,38,13,4),(3,38,14,0),(3,38,14,1),(3,38,14,2),(3,38,14,3),(3,38,14,4),(3,38,15,0),(3,38,15,1),(3,38,15,2),(3,38,15,3),(3,38,15,4),(3,38,16,0),(3,38,16,1),(3,38,16,2),(3,38,16,3),(5,38,16,29),(3,38,17,0),(3,38,17,1),(3,38,17,2),(3,38,17,3),(3,38,17,4),(2,38,17,28),(3,38,18,0),(3,38,18,1),(3,38,18,2),(3,38,18,3),(3,38,18,4),(3,38,18,5),(0,38,18,23),(3,38,19,0),(3,38,19,1),(3,38,19,2),(3,38,19,3),(3,38,19,4),(3,38,19,5),(5,38,19,29),(3,38,20,0),(3,38,20,1),(3,38,20,2),(3,38,20,3),(3,38,20,4),(3,38,20,5),(5,38,20,28),(5,38,20,29),(3,38,21,0),(3,38,21,1),(3,38,21,2),(3,38,21,3),(3,38,21,4),(5,38,21,29),(3,38,22,0),(3,38,22,1),(3,38,22,2),(14,38,22,25),(5,38,22,29),(3,38,23,0),(3,38,23,1),(3,38,23,2),(3,38,23,3),(4,38,23,9),(5,38,23,29),(3,38,24,1),(3,38,24,2),(0,38,24,4),(4,38,24,7),(4,38,24,8),(4,38,24,9),(4,38,24,10),(4,38,24,11),(5,38,24,29),(4,38,25,7),(4,38,25,8),(4,38,25,9),(4,38,25,10),(5,38,25,27),(5,38,25,29),(4,38,26,6),(4,38,26,7),(4,38,26,8),(4,38,26,9),(4,38,26,10),(2,38,26,12),(6,38,26,22),(6,38,26,23),(5,38,26,27),(5,38,26,28),(5,38,26,29),(4,38,27,5),(4,38,27,6),(4,38,27,7),(4,38,27,8),(4,38,27,9),(4,38,27,10),(5,38,27,17),(5,38,27,18),(5,38,27,21),(5,38,27,22),(6,38,27,23),(6,38,27,24),(0,38,28,4),(4,38,28,6),(4,38,28,7),(4,38,28,8),(4,38,28,9),(4,38,28,10),(5,38,28,15),(5,38,28,16),(5,38,28,17),(5,38,28,18),(5,38,28,19),(5,38,28,21),(5,38,28,22),(6,38,28,23),(6,38,28,24),(5,38,28,25),(5,38,28,26),(5,38,28,27),(5,38,28,28),(4,38,29,7),(4,38,29,8),(4,38,29,9),(4,38,29,10),(4,38,29,11),(5,38,29,16),(5,38,29,17),(5,38,29,18),(5,38,29,19),(5,38,29,20),(5,38,29,21),(5,38,29,22),(6,38,29,23),(6,38,29,24),(6,38,29,25),(6,38,29,26),(5,38,29,27),(5,47,0,5),(5,47,0,7),(5,47,0,8),(14,47,0,12),(10,47,0,16),(11,47,0,24),(5,47,1,5),(5,47,1,6),(5,47,1,7),(5,47,1,8),(5,47,1,9),(5,47,1,20),(5,47,2,5),(5,47,2,6),(5,47,2,7),(5,47,2,8),(5,47,2,9),(5,47,2,10),(5,47,2,11),(5,47,2,20),(5,47,3,7),(5,47,3,8),(5,47,3,9),(5,47,3,10),(5,47,3,11),(5,47,3,20),(5,47,3,21),(5,47,3,22),(5,47,3,23),(3,47,4,6),(5,47,4,16),(5,47,4,17),(5,47,4,18),(5,47,4,19),(5,47,4,20),(5,47,4,21),(5,47,4,22),(5,47,4,23),(5,47,4,24),(5,47,4,25),(5,47,4,26),(5,47,4,27),(5,47,4,28),(5,47,4,29),(3,47,5,5),(3,47,5,6),(3,47,5,7),(3,47,5,8),(5,47,5,17),(5,47,5,18),(5,47,5,19),(5,47,5,20),(5,47,5,21),(5,47,5,22),(5,47,5,23),(5,47,5,24),(5,47,5,25),(5,47,5,26),(5,47,5,28),(3,47,6,5),(3,47,6,6),(3,47,6,7),(3,47,6,8),(5,47,6,13),(5,47,6,16),(5,47,6,17),(5,47,6,18),(5,47,6,19),(5,47,6,20),(6,47,6,21),(5,47,6,24),(5,47,6,25),(5,47,6,26),(5,47,6,27),(5,47,6,28),(3,47,7,8),(5,47,7,13),(5,47,7,14),(5,47,7,15),(5,47,7,16),(5,47,7,17),(5,47,7,18),(5,47,7,19),(6,47,7,20),(6,47,7,21),(0,47,8,8),(3,47,8,10),(5,47,8,12),(5,47,8,13),(5,47,8,14),(5,47,8,15),(5,47,8,17),(6,47,8,19),(6,47,8,20),(6,47,8,21),(6,47,8,22),(3,47,9,10),(5,47,9,11),(5,47,9,12),(5,47,9,13),(5,47,9,14),(5,47,9,17),(6,47,9,20),(6,47,9,21),(6,47,9,22),(6,47,10,2),(3,47,10,9),(3,47,10,10),(5,47,10,17),(6,47,10,22),(6,47,11,1),(6,47,11,2),(3,47,11,8),(3,47,11,9),(3,47,11,10),(4,47,11,12),(6,47,12,2),(6,47,12,3),(4,47,12,6),(4,47,12,8),(3,47,12,9),(3,47,12,10),(3,47,12,11),(4,47,12,12),(13,47,12,20),(3,47,12,23),(3,47,12,24),(3,47,12,25),(3,47,12,26),(6,47,13,0),(6,47,13,1),(6,47,13,2),(4,47,13,6),(4,47,13,7),(4,47,13,8),(4,47,13,9),(4,47,13,10),(4,47,13,11),(4,47,13,12),(3,47,13,24),(3,47,13,25),(3,47,13,26),(3,47,13,27),(3,47,13,28),(6,47,14,0),(6,47,14,1),(6,47,14,2),(4,47,14,7),(2,47,14,9),(4,47,14,11),(3,47,14,27),(0,47,15,4),(4,47,15,7),(4,47,15,8),(12,47,16,13),(3,47,16,30),(3,47,17,28),(3,47,17,29),(3,47,17,30),(4,47,18,1),(4,47,18,4),(3,47,18,26),(3,47,18,27),(3,47,18,28),(3,47,18,29),(3,47,18,30),(4,47,19,1),(4,47,19,2),(4,47,19,3),(4,47,19,4),(4,47,19,5),(0,47,19,25),(3,47,19,30),(4,47,20,0),(4,47,20,1),(4,47,20,2),(4,47,20,3),(5,47,20,23),(5,47,20,24),(4,47,21,0),(4,47,21,1),(4,47,21,2),(0,47,21,3),(3,47,21,9),(2,47,21,20),(5,47,21,22),(5,47,21,23),(5,47,21,24),(5,47,21,25),(6,47,21,26),(4,47,22,0),(4,47,22,1),(4,47,22,2),(3,47,22,9),(4,47,22,12),(4,47,22,13),(4,47,22,14),(4,47,22,15),(4,47,22,16),(4,47,22,17),(4,47,22,18),(5,47,22,22),(6,47,22,24),(6,47,22,25),(6,47,22,26),(4,47,23,0),(4,47,23,1),(4,47,23,2),(4,47,23,3),(4,47,23,4),(0,47,23,7),(3,47,23,9),(4,47,23,10),(4,47,23,11),(4,47,23,12),(4,47,23,13),(4,47,23,14),(4,47,23,15),(4,47,23,16),(4,47,23,17),(4,47,23,18),(4,47,23,19),(4,47,23,20),(5,47,23,21),(5,47,23,22),(5,47,23,23),(6,47,23,26),(4,47,24,0),(4,47,24,1),(4,47,24,2),(4,47,24,4),(3,47,24,6),(3,47,24,9),(4,47,24,13),(4,47,24,14),(4,47,24,15),(4,47,24,16),(4,47,24,17),(4,47,24,18),(4,47,24,19),(5,47,24,20),(5,47,24,21),(5,47,24,22),(5,47,24,23),(6,47,24,25),(6,47,24,26),(6,47,24,27),(4,47,25,0),(4,47,25,1),(4,47,25,2),(4,47,25,3),(3,47,25,6),(3,47,25,7),(3,47,25,8),(3,47,25,9),(3,47,25,10),(4,47,25,13),(4,47,25,14),(4,47,25,15),(4,47,25,16),(4,47,25,17),(5,47,25,18),(5,47,25,19),(5,47,25,20),(5,47,25,21),(5,47,25,22),(5,47,25,23),(6,47,25,24),(6,47,25,25),(6,47,25,27),(6,49,0,0),(6,49,0,1),(6,49,0,2),(6,49,0,17),(5,49,0,19),(6,49,1,1),(0,49,1,7),(0,49,1,13),(6,49,1,16),(6,49,1,17),(5,49,1,18),(5,49,1,19),(5,49,1,20),(5,49,1,23),(5,49,1,24),(5,49,1,25),(6,49,2,1),(6,49,2,16),(6,49,2,17),(5,49,2,18),(5,49,2,19),(4,49,2,20),(4,49,2,21),(5,49,2,23),(5,49,2,24),(5,49,2,25),(5,49,3,8),(5,49,3,16),(5,49,3,17),(5,49,3,18),(4,49,3,19),(4,49,3,21),(4,49,3,22),(4,49,3,23),(4,49,3,24),(5,49,3,25),(5,49,4,7),(5,49,4,8),(5,49,4,9),(5,49,4,10),(5,49,4,11),(5,49,4,16),(5,49,4,17),(3,49,4,18),(4,49,4,19),(4,49,4,20),(4,49,4,21),(4,49,4,22),(4,49,4,23),(5,49,4,25),(5,49,4,26),(5,49,4,27),(3,49,5,6),(3,49,5,7),(5,49,5,9),(5,49,5,10),(5,49,5,11),(5,49,5,16),(3,49,5,17),(3,49,5,18),(4,49,5,19),(5,49,5,24),(5,49,5,25),(3,49,6,7),(5,49,6,8),(5,49,6,9),(11,49,6,10),(3,49,6,16),(3,49,6,17),(3,49,6,18),(4,49,6,19),(0,49,6,25),(3,49,7,6),(3,49,7,7),(3,49,7,8),(5,49,7,9),(3,49,7,18),(3,49,7,19),(3,49,8,4),(3,49,8,7),(3,49,8,8),(3,49,8,9),(3,49,8,18),(3,49,8,19),(4,49,9,1),(3,49,9,3),(3,49,9,4),(3,49,9,5),(3,49,9,6),(3,49,9,7),(3,49,9,8),(3,49,9,9),(4,49,9,16),(4,49,10,1),(3,49,10,3),(4,49,10,10),(4,49,10,11),(4,49,10,12),(4,49,10,13),(4,49,10,14),(4,49,10,15),(4,49,10,16),(4,49,10,17),(4,49,11,0),(4,49,11,1),(4,49,11,2),(4,49,11,10),(4,49,11,13),(13,49,11,14),(4,49,11,16),(4,49,11,20),(4,49,12,0),(4,49,12,1),(4,49,12,10),(4,49,12,13),(4,49,12,16),(4,49,12,20),(4,49,13,0),(4,49,13,1),(4,49,13,2),(4,49,13,10),(4,49,13,13),(4,49,13,16),(4,49,13,17),(4,49,13,18),(4,49,13,19),(4,49,13,20),(4,49,13,21),(4,49,13,22),(4,49,14,0),(4,49,14,1),(4,49,14,2),(6,49,14,3),(4,49,14,10),(4,49,14,11),(4,49,14,16),(4,49,14,17),(4,49,14,18),(4,49,14,19),(4,49,15,0),(6,49,15,2),(6,49,15,3),(3,49,15,7),(3,49,15,8),(3,49,15,9),(3,49,15,10),(3,49,15,11),(4,49,15,16),(4,49,15,17),(4,49,15,18),(4,49,15,19),(6,49,16,3),(6,49,16,4),(3,49,16,5),(3,49,16,6),(3,49,16,7),(3,49,16,8),(3,49,16,9),(3,49,16,10),(3,49,16,11),(4,49,16,16),(4,49,16,19),(3,49,17,7),(3,49,17,8),(3,49,17,9),(3,49,17,10),(3,49,17,11),(4,49,17,16),(4,49,17,19),(6,49,17,26),(3,49,18,11),(4,49,18,16),(4,49,18,17),(6,49,18,24),(6,49,18,25),(6,49,18,26),(5,49,19,11),(5,49,19,12),(0,49,19,17),(3,49,19,22),(3,49,19,23),(6,49,19,25),(2,49,20,4),(5,49,20,11),(5,49,20,12),(5,49,20,19),(5,49,20,20),(3,49,20,22),(3,49,20,23),(3,49,20,25),(3,49,20,26),(5,49,21,11),(5,49,21,12),(5,49,21,13),(5,49,21,14),(5,49,21,18),(5,49,21,19),(5,49,21,20),(5,49,21,21),(3,49,21,22),(3,49,21,23),(3,49,21,24),(3,49,21,25),(3,49,21,26),(5,49,22,12),(5,49,22,13),(5,49,22,14),(5,49,22,18),(5,49,22,19),(3,49,22,22),(3,49,22,23),(3,49,22,24),(2,49,22,25),(5,49,23,13),(5,49,23,18),(5,49,23,19),(3,49,23,23),(3,49,23,24),(5,49,24,18),(5,49,24,19),(3,49,24,23),(3,49,24,24),(3,60,0,19),(3,60,0,20),(3,60,0,21),(3,60,1,18),(3,60,1,19),(3,60,1,20),(3,60,1,21),(6,60,2,10),(3,60,2,16),(3,60,2,17),(3,60,2,18),(3,60,2,19),(3,60,2,20),(0,60,2,21),(5,60,2,23),(6,60,3,10),(3,60,3,17),(3,60,3,19),(3,60,3,20),(5,60,3,23),(6,60,4,4),(6,60,4,5),(6,60,4,10),(3,60,4,16),(3,60,4,17),(3,60,4,18),(3,60,4,19),(5,60,4,20),(5,60,4,22),(5,60,4,23),(6,60,5,4),(6,60,5,5),(6,60,5,9),(6,60,5,10),(3,60,5,17),(3,60,5,18),(3,60,5,19),(5,60,5,20),(5,60,5,21),(5,60,5,22),(4,60,5,24),(6,60,6,5),(0,60,6,9),(14,60,6,13),(5,60,6,20),(0,60,6,21),(4,60,6,24),(4,60,7,23),(4,60,7,24),(4,60,8,20),(4,60,8,21),(4,60,8,22),(4,60,8,23),(4,60,8,24),(5,60,9,13),(5,60,9,14),(4,60,9,21),(4,60,9,22),(4,60,9,23),(4,60,9,24),(4,60,10,5),(5,60,10,13),(5,60,10,14),(5,60,10,16),(5,60,10,17),(0,60,10,22),(4,60,10,24),(2,60,11,1),(4,60,11,5),(5,60,11,14),(2,60,11,15),(5,60,11,17),(4,60,12,3),(4,60,12,4),(4,60,12,5),(5,60,12,13),(5,60,12,14),(5,60,12,17),(9,60,12,18),(4,60,13,1),(4,60,13,2),(4,60,13,3),(4,60,13,4),(4,60,13,5),(3,60,13,9),(5,60,13,14),(5,60,13,16),(5,60,13,17),(4,60,14,2),(4,60,14,3),(4,60,14,4),(13,60,14,5),(3,60,14,9),(3,60,14,10),(3,60,14,13),(5,60,14,14),(5,60,14,16),(5,60,14,17),(6,60,15,1),(2,60,15,2),(4,60,15,4),(3,60,15,9),(3,60,15,10),(3,60,15,11),(3,60,15,12),(3,60,15,13),(3,60,15,14),(3,60,15,15),(5,60,15,17),(6,60,16,0),(6,60,16,1),(5,60,16,9),(3,60,16,10),(3,60,16,11),(3,60,16,12),(3,60,16,13),(3,60,16,14),(1,60,16,15),(6,60,17,1),(6,60,17,2),(5,60,17,9),(5,60,17,10),(3,60,17,11),(3,60,17,12),(3,60,17,13),(5,60,18,9),(3,60,18,10),(3,60,18,11),(3,60,18,12),(4,60,18,15),(4,60,18,16),(5,60,19,9),(4,60,19,14),(4,60,19,15),(4,60,19,16),(4,60,19,17),(5,60,20,8),(5,60,20,9),(0,60,20,10),(4,60,20,16),(4,60,20,17),(5,60,21,9),(4,60,21,15),(4,60,21,16),(4,60,21,17),(12,60,21,19),(5,60,22,9),(3,60,22,11),(3,60,22,12),(3,60,22,13),(4,60,22,15),(0,60,22,16),(4,60,23,4),(3,60,23,10),(3,60,23,11),(3,60,23,12),(3,60,23,13),(3,60,23,14),(4,60,23,15),(6,60,23,18),(4,60,24,4),(2,60,24,5),(3,60,24,10),(0,60,24,12),(3,60,24,14),(4,60,24,15),(6,60,24,16),(6,60,24,17),(6,60,24,18),(4,60,25,3),(4,60,25,4),(4,60,25,7),(3,60,25,14),(3,60,25,15),(3,60,25,16),(6,60,25,17),(4,60,26,4),(4,60,26,5),(4,60,26,6),(4,60,26,7),(4,60,26,8),(3,60,26,13),(3,60,26,14),(3,60,26,15),(3,60,26,16),(4,60,27,4),(4,60,27,5),(4,60,27,6),(4,60,27,7),(3,60,27,13),(3,60,27,14),(3,60,27,15),(3,60,27,16),(3,60,27,17),(6,64,0,1),(6,64,0,2),(6,64,0,3),(6,64,0,4),(6,64,0,5),(6,64,0,6),(6,64,0,7),(5,64,0,22),(6,64,0,23),(6,64,0,24),(6,64,0,25),(6,64,0,26),(14,64,0,30),(3,64,0,34),(6,64,1,3),(6,64,1,4),(6,64,1,5),(6,64,1,6),(6,64,1,7),(5,64,1,20),(5,64,1,21),(5,64,1,22),(6,64,1,23),(6,64,1,25),(6,64,1,26),(6,64,1,27),(3,64,1,34),(11,64,2,1),(5,64,2,9),(5,64,2,22),(6,64,2,23),(6,64,2,27),(6,64,2,28),(3,64,2,34),(5,64,3,8),(5,64,3,9),(0,64,3,10),(0,64,3,18),(5,64,3,21),(5,64,3,22),(5,64,3,23),(6,64,3,28),(3,64,3,32),(3,64,3,33),(3,64,3,34),(5,64,4,7),(5,64,4,8),(5,64,4,9),(6,64,4,16),(6,64,4,17),(5,64,4,20),(5,64,4,22),(3,64,4,32),(3,64,4,33),(3,64,4,34),(5,64,5,7),(5,64,5,8),(5,64,5,9),(5,64,5,10),(5,64,5,11),(6,64,5,13),(6,64,5,14),(6,64,5,15),(6,64,5,16),(6,64,5,17),(4,64,5,18),(5,64,5,19),(5,64,5,20),(5,64,5,21),(5,64,5,22),(5,64,5,23),(5,64,5,24),(5,64,5,25),(5,64,5,26),(3,64,5,32),(3,64,5,33),(3,64,5,34),(5,64,6,6),(5,64,6,7),(5,64,6,8),(5,64,6,9),(5,64,6,10),(5,64,6,11),(4,64,6,13),(6,64,6,14),(6,64,6,15),(6,64,6,16),(6,64,6,17),(4,64,6,18),(5,64,6,22),(5,64,6,23),(3,64,6,32),(3,64,6,33),(3,64,6,34),(5,64,7,5),(5,64,7,6),(5,64,7,7),(10,64,7,8),(4,64,7,13),(6,64,7,16),(4,64,7,17),(4,64,7,18),(4,64,7,19),(5,64,7,22),(3,64,7,31),(3,64,7,32),(3,64,7,34),(5,64,8,6),(4,64,8,12),(4,64,8,13),(4,64,8,14),(0,64,8,15),(4,64,8,17),(4,64,8,18),(3,64,8,30),(3,64,8,31),(3,64,8,32),(3,64,8,33),(0,64,9,3),(4,64,9,12),(4,64,9,13),(4,64,9,14),(4,64,9,17),(4,64,9,18),(4,64,9,19),(0,64,9,20),(3,64,9,30),(3,64,9,31),(3,64,9,33),(4,64,10,12),(4,64,10,13),(4,64,10,14),(4,64,10,16),(4,64,10,17),(4,64,10,18),(4,64,10,19),(5,64,10,32),(3,64,10,33),(4,64,11,10),(4,64,11,11),(4,64,11,12),(4,64,11,13),(4,64,11,14),(4,64,11,15),(4,64,11,16),(4,64,11,17),(4,64,11,18),(4,64,11,19),(5,64,11,30),(5,64,11,31),(5,64,11,32),(5,64,11,33),(4,64,12,10),(4,64,12,11),(4,64,12,12),(4,64,12,17),(5,64,12,30),(0,64,13,9),(4,64,13,11),(2,64,13,14),(4,64,13,16),(4,64,13,17),(5,64,13,29),(5,64,13,30),(0,64,14,5),(4,64,14,11),(4,64,14,12),(5,64,14,27),(5,64,14,28),(5,64,14,29),(5,64,14,30),(5,64,15,0),(5,64,15,4),(5,64,15,27),(5,64,15,29),(5,64,15,30),(5,64,15,31),(5,64,15,32),(5,64,16,0),(5,64,16,2),(5,64,16,3),(5,64,16,4),(5,64,16,27),(5,64,16,28),(5,64,16,29),(5,64,16,30),(5,64,17,0),(5,64,17,1),(5,64,17,2),(5,64,17,3),(5,64,17,4),(4,64,17,9),(1,64,17,10),(3,64,17,13),(12,64,17,26),(5,64,18,0),(5,64,18,1),(5,64,18,2),(5,64,18,3),(5,64,18,4),(1,64,18,5),(4,64,18,8),(4,64,18,9),(3,64,18,12),(3,64,18,13),(3,64,18,14),(5,64,19,0),(5,64,19,2),(5,64,19,3),(5,64,19,4),(4,64,19,9),(4,64,19,10),(3,64,19,11),(3,64,19,12),(3,64,19,13),(3,64,19,14),(3,64,19,15),(3,64,19,16),(5,64,20,4),(4,64,20,5),(4,64,20,6),(4,64,20,7),(4,64,20,8),(4,64,20,9),(4,64,20,10),(3,64,20,11),(3,64,20,12),(3,64,20,14),(3,64,20,15),(3,64,20,16),(3,64,20,17),(3,64,20,18),(4,64,21,4),(4,64,21,5),(4,64,21,7),(4,64,21,8),(4,64,21,9),(3,64,21,10),(3,64,21,11),(3,64,21,12),(3,64,21,13),(3,64,21,14),(3,64,21,15),(3,64,21,18),(4,64,22,6),(4,64,22,7),(4,64,22,8),(4,64,22,9),(5,64,22,11),(0,64,22,12),(3,64,22,14),(3,64,22,15),(3,64,22,18),(3,64,22,19),(3,64,22,22),(4,64,23,6),(4,64,23,7),(5,64,23,8),(5,64,23,9),(5,64,23,10),(5,64,23,11),(3,64,23,14),(3,64,23,16),(3,64,23,17),(3,64,23,18),(3,64,23,19),(3,64,23,20),(3,64,23,21),(3,64,23,22),(3,64,23,23),(5,64,24,8),(5,64,24,9),(5,64,24,10),(5,64,24,11),(3,64,24,17),(3,64,24,18),(3,64,24,20),(3,64,24,21),(3,64,24,22),(3,64,24,23),(6,64,24,32),(5,64,25,6),(5,64,25,7),(5,64,25,8),(5,64,25,9),(5,64,25,10),(5,64,25,11),(3,64,25,18),(3,64,25,21),(3,64,25,22),(2,64,25,23),(6,64,25,32),(6,64,25,33),(5,64,26,7),(5,64,26,8),(5,64,26,9),(5,64,26,10),(5,64,26,11),(3,64,26,21),(3,64,26,22),(6,64,26,31),(6,64,26,32),(6,64,26,33),(5,64,27,7),(3,64,27,21),(3,64,27,22),(6,64,27,29),(6,64,27,30),(6,64,27,31),(6,64,27,33),(6,64,27,34),(3,64,28,21),(6,64,28,33),(13,72,0,0),(8,72,0,7),(8,72,2,3),(10,72,7,0),(9,72,7,12),(12,72,14,0),(14,72,14,7);
/*!40000 ALTER TABLE `tiles` ENABLE KEYS */;
UNLOCK TABLES;

--
-- Table structure for table `units`
--

DROP TABLE IF EXISTS `units`;
/*!40101 SET @saved_cs_client     = @@character_set_client */;
/*!40101 SET character_set_client = utf8 */;
CREATE TABLE `units` (
  `id` int(11) NOT NULL AUTO_INCREMENT,
  `hp` int(10) unsigned NOT NULL DEFAULT '0',
  `level` tinyint(2) unsigned NOT NULL,
  `location_id` int(10) unsigned NOT NULL,
  `location_type` tinyint(2) unsigned NOT NULL DEFAULT '0',
  `player_id` int(11) DEFAULT NULL,
  `upgrade_ends_at` datetime DEFAULT NULL,
  `pause_remainder` int(10) unsigned DEFAULT NULL,
  `xp` mediumint(8) unsigned NOT NULL DEFAULT '0',
  `type` varchar(50) NOT NULL,
  `flank` tinyint(2) unsigned NOT NULL DEFAULT '0',
  `location_x` mediumint(9) DEFAULT NULL,
  `location_y` mediumint(9) DEFAULT NULL,
  `route_id` int(11) DEFAULT NULL,
  `galaxy_id` int(11) NOT NULL,
  `stance` tinyint(2) unsigned NOT NULL DEFAULT '0',
  `construction_mod` tinyint(2) unsigned NOT NULL DEFAULT '0',
  `stored` int(10) unsigned NOT NULL DEFAULT '0',
  `metal` float NOT NULL DEFAULT '0',
  `energy` float NOT NULL DEFAULT '0',
  `zetium` float NOT NULL DEFAULT '0',
  PRIMARY KEY (`id`),
  KEY `location` (`player_id`,`location_id`,`location_type`),
  KEY `location_and_player` (`location_type`,`location_id`,`location_x`,`location_y`,`player_id`),
  KEY `index_units_on_route_id` (`route_id`),
  KEY `type` (`player_id`,`type`),
  KEY `foreign_key` (`galaxy_id`),
  CONSTRAINT `units_ibfk_1` FOREIGN KEY (`player_id`) REFERENCES `players` (`id`) ON DELETE SET NULL,
  CONSTRAINT `units_ibfk_2` FOREIGN KEY (`galaxy_id`) REFERENCES `galaxies` (`id`) ON DELETE CASCADE,
  CONSTRAINT `units_ibfk_3` FOREIGN KEY (`route_id`) REFERENCES `routes` (`id`) ON DELETE SET NULL
) ENGINE=InnoDB AUTO_INCREMENT=1821 DEFAULT CHARSET=utf8;
/*!40101 SET character_set_client = @saved_cs_client */;

--
-- Dumping data for table `units`
--

LOCK TABLES `units` WRITE;
/*!40000 ALTER TABLE `units` DISABLE KEYS */;
INSERT INTO `units` VALUES (1,26875,1,1,1,NULL,NULL,NULL,0,'Demosis',0,1,45,NULL,1,0,0,0,0,0,0),(2,26875,1,1,1,NULL,NULL,NULL,0,'Demosis',0,1,45,NULL,1,0,0,0,0,0,0),(3,26875,1,1,1,NULL,NULL,NULL,0,'Demosis',0,1,45,NULL,1,0,0,0,0,0,0),(4,26875,1,1,1,NULL,NULL,NULL,0,'Demosis',1,1,45,NULL,1,0,0,0,0,0,0),(5,26875,1,1,1,NULL,NULL,NULL,0,'Demosis',0,1,45,NULL,1,0,0,0,0,0,0),(6,26875,1,1,1,NULL,NULL,NULL,0,'Demosis',0,1,45,NULL,1,0,0,0,0,0,0),(7,26875,1,1,1,NULL,NULL,NULL,0,'Demosis',0,1,45,NULL,1,0,0,0,0,0,0),(8,26875,1,1,1,NULL,NULL,NULL,0,'Demosis',1,1,45,NULL,1,0,0,0,0,0,0),(9,4475,1,1,1,NULL,NULL,NULL,0,'Thor',0,1,45,NULL,1,0,0,0,0,0,0),(10,4475,1,1,1,NULL,NULL,NULL,0,'Thor',0,1,45,NULL,1,0,0,0,0,0,0),(11,4475,1,1,1,NULL,NULL,NULL,0,'Thor',0,1,45,NULL,1,0,0,0,0,0,0),(12,4475,1,1,1,NULL,NULL,NULL,0,'Thor',1,1,45,NULL,1,0,0,0,0,0,0),(13,4475,1,1,1,NULL,NULL,NULL,0,'Thor',1,1,45,NULL,1,0,0,0,0,0,0),(14,4475,1,1,1,NULL,NULL,NULL,0,'Thor',0,1,45,NULL,1,0,0,0,0,0,0),(15,4475,1,1,1,NULL,NULL,NULL,0,'Thor',1,1,45,NULL,1,0,0,0,0,0,0),(16,4475,1,1,1,NULL,NULL,NULL,0,'Thor',0,1,45,NULL,1,0,0,0,0,0,0),(17,4475,1,1,1,NULL,NULL,NULL,0,'Thor',1,1,45,NULL,1,0,0,0,0,0,0),(18,4475,1,1,1,NULL,NULL,NULL,0,'Thor',1,1,45,NULL,1,0,0,0,0,0,0),(19,4475,1,1,1,NULL,NULL,NULL,0,'Thor',0,1,45,NULL,1,0,0,0,0,0,0),(20,4475,1,1,1,NULL,NULL,NULL,0,'Thor',1,1,45,NULL,1,0,0,0,0,0,0),(21,2812,1,1,1,NULL,NULL,NULL,0,'Dirac',0,1,45,NULL,1,0,0,0,0,0,0),(22,2812,1,1,1,NULL,NULL,NULL,0,'Dirac',1,1,45,NULL,1,0,0,0,0,0,0),(23,2812,1,1,1,NULL,NULL,NULL,0,'Dirac',0,1,45,NULL,1,0,0,0,0,0,0),(24,2812,1,1,1,NULL,NULL,NULL,0,'Dirac',1,1,45,NULL,1,0,0,0,0,0,0),(25,2812,1,1,1,NULL,NULL,NULL,0,'Dirac',0,1,45,NULL,1,0,0,0,0,0,0),(26,2812,1,1,1,NULL,NULL,NULL,0,'Dirac',1,1,45,NULL,1,0,0,0,0,0,0),(27,2812,1,1,1,NULL,NULL,NULL,0,'Dirac',1,1,45,NULL,1,0,0,0,0,0,0),(28,2812,1,1,1,NULL,NULL,NULL,0,'Dirac',0,1,45,NULL,1,0,0,0,0,0,0),(29,2812,1,1,1,NULL,NULL,NULL,0,'Dirac',1,1,45,NULL,1,0,0,0,0,0,0),(30,2812,1,1,1,NULL,NULL,NULL,0,'Dirac',0,1,45,NULL,1,0,0,0,0,0,0),(31,2812,1,1,1,NULL,NULL,NULL,0,'Dirac',0,1,45,NULL,1,0,0,0,0,0,0),(32,2812,1,1,1,NULL,NULL,NULL,0,'Dirac',1,1,45,NULL,1,0,0,0,0,0,0),(33,2812,1,1,1,NULL,NULL,NULL,0,'Dirac',0,1,45,NULL,1,0,0,0,0,0,0),(34,26875,1,1,1,NULL,NULL,NULL,0,'Demosis',1,2,210,NULL,1,0,0,0,0,0,0),(35,26875,1,1,1,NULL,NULL,NULL,0,'Demosis',1,2,210,NULL,1,0,0,0,0,0,0),(36,26875,1,1,1,NULL,NULL,NULL,0,'Demosis',1,2,210,NULL,1,0,0,0,0,0,0),(37,4475,1,1,1,NULL,NULL,NULL,0,'Thor',1,2,210,NULL,1,0,0,0,0,0,0),(38,4475,1,1,1,NULL,NULL,NULL,0,'Thor',1,2,210,NULL,1,0,0,0,0,0,0),(39,4475,1,1,1,NULL,NULL,NULL,0,'Thor',0,2,210,NULL,1,0,0,0,0,0,0),(40,4475,1,1,1,NULL,NULL,NULL,0,'Thor',0,2,210,NULL,1,0,0,0,0,0,0),(41,4475,1,1,1,NULL,NULL,NULL,0,'Thor',1,2,210,NULL,1,0,0,0,0,0,0),(42,4475,1,1,1,NULL,NULL,NULL,0,'Thor',0,2,210,NULL,1,0,0,0,0,0,0),(43,4475,1,1,1,NULL,NULL,NULL,0,'Thor',0,2,210,NULL,1,0,0,0,0,0,0),(44,4475,1,1,1,NULL,NULL,NULL,0,'Thor',1,2,210,NULL,1,0,0,0,0,0,0),(45,4475,1,1,1,NULL,NULL,NULL,0,'Thor',1,2,210,NULL,1,0,0,0,0,0,0),(46,4475,1,1,1,NULL,NULL,NULL,0,'Thor',0,2,210,NULL,1,0,0,0,0,0,0),(47,2812,1,1,1,NULL,NULL,NULL,0,'Dirac',0,2,210,NULL,1,0,0,0,0,0,0),(48,2812,1,1,1,NULL,NULL,NULL,0,'Dirac',0,2,210,NULL,1,0,0,0,0,0,0),(49,2812,1,1,1,NULL,NULL,NULL,0,'Dirac',0,2,210,NULL,1,0,0,0,0,0,0),(50,2812,1,1,1,NULL,NULL,NULL,0,'Dirac',1,2,210,NULL,1,0,0,0,0,0,0),(51,2812,1,1,1,NULL,NULL,NULL,0,'Dirac',0,2,210,NULL,1,0,0,0,0,0,0),(52,2812,1,1,1,NULL,NULL,NULL,0,'Dirac',0,2,210,NULL,1,0,0,0,0,0,0),(53,2812,1,1,1,NULL,NULL,NULL,0,'Dirac',0,2,210,NULL,1,0,0,0,0,0,0),(54,2812,1,1,1,NULL,NULL,NULL,0,'Dirac',0,2,210,NULL,1,0,0,0,0,0,0),(55,2812,1,1,1,NULL,NULL,NULL,0,'Dirac',1,2,210,NULL,1,0,0,0,0,0,0),(56,2812,1,1,1,NULL,NULL,NULL,0,'Dirac',0,2,210,NULL,1,0,0,0,0,0,0),(57,2812,1,1,1,NULL,NULL,NULL,0,'Dirac',0,2,210,NULL,1,0,0,0,0,0,0),(58,2812,1,1,1,NULL,NULL,NULL,0,'Dirac',0,2,210,NULL,1,0,0,0,0,0,0),(59,2812,1,1,1,NULL,NULL,NULL,0,'Dirac',0,2,210,NULL,1,0,0,0,0,0,0),(60,2812,1,1,1,NULL,NULL,NULL,0,'Dirac',0,2,210,NULL,1,0,0,0,0,0,0),(61,2812,1,1,1,NULL,NULL,NULL,0,'Dirac',1,2,210,NULL,1,0,0,0,0,0,0),(62,2812,1,1,1,NULL,NULL,NULL,0,'Dirac',1,2,210,NULL,1,0,0,0,0,0,0),(63,26875,1,1,1,NULL,NULL,NULL,0,'Demosis',0,0,270,NULL,1,0,0,0,0,0,0),(64,26875,1,1,1,NULL,NULL,NULL,0,'Demosis',0,0,270,NULL,1,0,0,0,0,0,0),(65,26875,1,1,1,NULL,NULL,NULL,0,'Demosis',0,0,270,NULL,1,0,0,0,0,0,0),(66,26875,1,1,1,NULL,NULL,NULL,0,'Demosis',1,0,270,NULL,1,0,0,0,0,0,0),(67,26875,1,1,1,NULL,NULL,NULL,0,'Demosis',1,0,270,NULL,1,0,0,0,0,0,0),(68,26875,1,1,1,NULL,NULL,NULL,0,'Demosis',0,0,270,NULL,1,0,0,0,0,0,0),(69,26875,1,1,1,NULL,NULL,NULL,0,'Demosis',0,0,270,NULL,1,0,0,0,0,0,0),(70,4475,1,1,1,NULL,NULL,NULL,0,'Thor',1,0,270,NULL,1,0,0,0,0,0,0),(71,4475,1,1,1,NULL,NULL,NULL,0,'Thor',1,0,270,NULL,1,0,0,0,0,0,0),(72,4475,1,1,1,NULL,NULL,NULL,0,'Thor',1,0,270,NULL,1,0,0,0,0,0,0),(73,4475,1,1,1,NULL,NULL,NULL,0,'Thor',1,0,270,NULL,1,0,0,0,0,0,0),(74,4475,1,1,1,NULL,NULL,NULL,0,'Thor',0,0,270,NULL,1,0,0,0,0,0,0),(75,4475,1,1,1,NULL,NULL,NULL,0,'Thor',0,0,270,NULL,1,0,0,0,0,0,0),(76,4475,1,1,1,NULL,NULL,NULL,0,'Thor',1,0,270,NULL,1,0,0,0,0,0,0),(77,4475,1,1,1,NULL,NULL,NULL,0,'Thor',1,0,270,NULL,1,0,0,0,0,0,0),(78,4475,1,1,1,NULL,NULL,NULL,0,'Thor',0,0,270,NULL,1,0,0,0,0,0,0),(79,2812,1,1,1,NULL,NULL,NULL,0,'Dirac',0,0,270,NULL,1,0,0,0,0,0,0),(80,2812,1,1,1,NULL,NULL,NULL,0,'Dirac',1,0,270,NULL,1,0,0,0,0,0,0),(81,2812,1,1,1,NULL,NULL,NULL,0,'Dirac',0,0,270,NULL,1,0,0,0,0,0,0),(82,2812,1,1,1,NULL,NULL,NULL,0,'Dirac',1,0,270,NULL,1,0,0,0,0,0,0),(83,2812,1,1,1,NULL,NULL,NULL,0,'Dirac',1,0,270,NULL,1,0,0,0,0,0,0),(84,2812,1,1,1,NULL,NULL,NULL,0,'Dirac',1,0,270,NULL,1,0,0,0,0,0,0),(85,2812,1,1,1,NULL,NULL,NULL,0,'Dirac',1,0,270,NULL,1,0,0,0,0,0,0),(86,2812,1,1,1,NULL,NULL,NULL,0,'Dirac',0,0,270,NULL,1,0,0,0,0,0,0),(87,2812,1,1,1,NULL,NULL,NULL,0,'Dirac',0,0,270,NULL,1,0,0,0,0,0,0),(88,2812,1,1,1,NULL,NULL,NULL,0,'Dirac',0,0,270,NULL,1,0,0,0,0,0,0),(89,2812,1,1,1,NULL,NULL,NULL,0,'Dirac',0,0,270,NULL,1,0,0,0,0,0,0),(90,2812,1,1,1,NULL,NULL,NULL,0,'Dirac',1,0,270,NULL,1,0,0,0,0,0,0),(91,2812,1,1,1,NULL,NULL,NULL,0,'Dirac',1,0,270,NULL,1,0,0,0,0,0,0),(92,2812,1,1,1,NULL,NULL,NULL,0,'Dirac',0,0,270,NULL,1,0,0,0,0,0,0),(93,2812,1,1,1,NULL,NULL,NULL,0,'Dirac',1,0,270,NULL,1,0,0,0,0,0,0),(94,2812,1,1,1,NULL,NULL,NULL,0,'Dirac',0,0,270,NULL,1,0,0,0,0,0,0),(95,2812,1,1,1,NULL,NULL,NULL,0,'Dirac',0,0,270,NULL,1,0,0,0,0,0,0),(96,2812,1,1,1,NULL,NULL,NULL,0,'Dirac',1,0,270,NULL,1,0,0,0,0,0,0),(97,2812,1,1,1,NULL,NULL,NULL,0,'Dirac',0,0,270,NULL,1,0,0,0,0,0,0),(98,2812,1,1,1,NULL,NULL,NULL,0,'Dirac',0,0,270,NULL,1,0,0,0,0,0,0),(99,26875,1,2,1,NULL,NULL,NULL,0,'Demosis',1,0,270,NULL,1,0,0,0,0,0,0),(100,26875,1,2,1,NULL,NULL,NULL,0,'Demosis',1,0,270,NULL,1,0,0,0,0,0,0),(101,26875,1,2,1,NULL,NULL,NULL,0,'Demosis',0,0,270,NULL,1,0,0,0,0,0,0),(102,26875,1,2,1,NULL,NULL,NULL,0,'Demosis',1,0,270,NULL,1,0,0,0,0,0,0),(103,4475,1,2,1,NULL,NULL,NULL,0,'Thor',0,0,270,NULL,1,0,0,0,0,0,0),(104,4475,1,2,1,NULL,NULL,NULL,0,'Thor',1,0,270,NULL,1,0,0,0,0,0,0),(105,4475,1,2,1,NULL,NULL,NULL,0,'Thor',0,0,270,NULL,1,0,0,0,0,0,0),(106,4475,1,2,1,NULL,NULL,NULL,0,'Thor',1,0,270,NULL,1,0,0,0,0,0,0),(107,4475,1,2,1,NULL,NULL,NULL,0,'Thor',0,0,270,NULL,1,0,0,0,0,0,0),(108,4475,1,2,1,NULL,NULL,NULL,0,'Thor',1,0,270,NULL,1,0,0,0,0,0,0),(109,4475,1,2,1,NULL,NULL,NULL,0,'Thor',0,0,270,NULL,1,0,0,0,0,0,0),(110,4475,1,2,1,NULL,NULL,NULL,0,'Thor',1,0,270,NULL,1,0,0,0,0,0,0),(111,4475,1,2,1,NULL,NULL,NULL,0,'Thor',0,0,270,NULL,1,0,0,0,0,0,0),(112,2812,1,2,1,NULL,NULL,NULL,0,'Dirac',1,0,270,NULL,1,0,0,0,0,0,0),(113,2812,1,2,1,NULL,NULL,NULL,0,'Dirac',0,0,270,NULL,1,0,0,0,0,0,0),(114,2812,1,2,1,NULL,NULL,NULL,0,'Dirac',0,0,270,NULL,1,0,0,0,0,0,0),(115,2812,1,2,1,NULL,NULL,NULL,0,'Dirac',0,0,270,NULL,1,0,0,0,0,0,0),(116,2812,1,2,1,NULL,NULL,NULL,0,'Dirac',0,0,270,NULL,1,0,0,0,0,0,0),(117,2812,1,2,1,NULL,NULL,NULL,0,'Dirac',1,0,270,NULL,1,0,0,0,0,0,0),(118,2812,1,2,1,NULL,NULL,NULL,0,'Dirac',1,0,270,NULL,1,0,0,0,0,0,0),(119,2812,1,2,1,NULL,NULL,NULL,0,'Dirac',0,0,270,NULL,1,0,0,0,0,0,0),(120,2812,1,2,1,NULL,NULL,NULL,0,'Dirac',1,0,270,NULL,1,0,0,0,0,0,0),(121,2812,1,2,1,NULL,NULL,NULL,0,'Dirac',1,0,270,NULL,1,0,0,0,0,0,0),(122,2812,1,2,1,NULL,NULL,NULL,0,'Dirac',0,0,270,NULL,1,0,0,0,0,0,0),(123,2812,1,2,1,NULL,NULL,NULL,0,'Dirac',1,0,270,NULL,1,0,0,0,0,0,0),(124,2812,1,2,1,NULL,NULL,NULL,0,'Dirac',0,0,270,NULL,1,0,0,0,0,0,0),(125,26875,1,3,1,NULL,NULL,NULL,0,'Demosis',1,0,270,NULL,1,0,0,0,0,0,0),(126,26875,1,3,1,NULL,NULL,NULL,0,'Demosis',0,0,270,NULL,1,0,0,0,0,0,0),(127,26875,1,3,1,NULL,NULL,NULL,0,'Demosis',0,0,270,NULL,1,0,0,0,0,0,0),(128,26875,1,3,1,NULL,NULL,NULL,0,'Demosis',1,0,270,NULL,1,0,0,0,0,0,0),(129,4475,1,3,1,NULL,NULL,NULL,0,'Thor',1,0,270,NULL,1,0,0,0,0,0,0),(130,4475,1,3,1,NULL,NULL,NULL,0,'Thor',0,0,270,NULL,1,0,0,0,0,0,0),(131,4475,1,3,1,NULL,NULL,NULL,0,'Thor',1,0,270,NULL,1,0,0,0,0,0,0),(132,4475,1,3,1,NULL,NULL,NULL,0,'Thor',1,0,270,NULL,1,0,0,0,0,0,0),(133,4475,1,3,1,NULL,NULL,NULL,0,'Thor',1,0,270,NULL,1,0,0,0,0,0,0),(134,4475,1,3,1,NULL,NULL,NULL,0,'Thor',1,0,270,NULL,1,0,0,0,0,0,0),(135,4475,1,3,1,NULL,NULL,NULL,0,'Thor',0,0,270,NULL,1,0,0,0,0,0,0),(136,4475,1,3,1,NULL,NULL,NULL,0,'Thor',1,0,270,NULL,1,0,0,0,0,0,0),(137,2812,1,3,1,NULL,NULL,NULL,0,'Dirac',0,0,270,NULL,1,0,0,0,0,0,0),(138,2812,1,3,1,NULL,NULL,NULL,0,'Dirac',1,0,270,NULL,1,0,0,0,0,0,0),(139,2812,1,3,1,NULL,NULL,NULL,0,'Dirac',0,0,270,NULL,1,0,0,0,0,0,0),(140,2812,1,3,1,NULL,NULL,NULL,0,'Dirac',0,0,270,NULL,1,0,0,0,0,0,0),(141,2812,1,3,1,NULL,NULL,NULL,0,'Dirac',1,0,270,NULL,1,0,0,0,0,0,0),(142,2812,1,3,1,NULL,NULL,NULL,0,'Dirac',1,0,270,NULL,1,0,0,0,0,0,0),(143,2812,1,3,1,NULL,NULL,NULL,0,'Dirac',1,0,270,NULL,1,0,0,0,0,0,0),(144,26875,1,5,1,NULL,NULL,NULL,0,'Demosis',0,1,45,NULL,1,0,0,0,0,0,0),(145,26875,1,5,1,NULL,NULL,NULL,0,'Demosis',0,1,45,NULL,1,0,0,0,0,0,0),(146,4475,1,5,1,NULL,NULL,NULL,0,'Thor',0,1,45,NULL,1,0,0,0,0,0,0),(147,4475,1,5,1,NULL,NULL,NULL,0,'Thor',0,1,45,NULL,1,0,0,0,0,0,0),(148,4475,1,5,1,NULL,NULL,NULL,0,'Thor',1,1,45,NULL,1,0,0,0,0,0,0),(149,4475,1,5,1,NULL,NULL,NULL,0,'Thor',1,1,45,NULL,1,0,0,0,0,0,0),(150,4475,1,5,1,NULL,NULL,NULL,0,'Thor',0,1,45,NULL,1,0,0,0,0,0,0),(151,2812,1,5,1,NULL,NULL,NULL,0,'Dirac',0,1,45,NULL,1,0,0,0,0,0,0),(152,2812,1,5,1,NULL,NULL,NULL,0,'Dirac',0,1,45,NULL,1,0,0,0,0,0,0),(153,2812,1,5,1,NULL,NULL,NULL,0,'Dirac',1,1,45,NULL,1,0,0,0,0,0,0),(154,2812,1,5,1,NULL,NULL,NULL,0,'Dirac',0,1,45,NULL,1,0,0,0,0,0,0),(155,2812,1,5,1,NULL,NULL,NULL,0,'Dirac',1,1,45,NULL,1,0,0,0,0,0,0),(156,26875,1,5,1,NULL,NULL,NULL,0,'Demosis',0,2,120,NULL,1,0,0,0,0,0,0),(157,26875,1,5,1,NULL,NULL,NULL,0,'Demosis',0,2,120,NULL,1,0,0,0,0,0,0),(158,4475,1,5,1,NULL,NULL,NULL,0,'Thor',0,2,120,NULL,1,0,0,0,0,0,0),(159,4475,1,5,1,NULL,NULL,NULL,0,'Thor',1,2,120,NULL,1,0,0,0,0,0,0),(160,4475,1,5,1,NULL,NULL,NULL,0,'Thor',0,2,120,NULL,1,0,0,0,0,0,0),(161,4475,1,5,1,NULL,NULL,NULL,0,'Thor',1,2,120,NULL,1,0,0,0,0,0,0),(162,2812,1,5,1,NULL,NULL,NULL,0,'Dirac',1,2,120,NULL,1,0,0,0,0,0,0),(163,2812,1,5,1,NULL,NULL,NULL,0,'Dirac',0,2,120,NULL,1,0,0,0,0,0,0),(164,2812,1,5,1,NULL,NULL,NULL,0,'Dirac',0,2,120,NULL,1,0,0,0,0,0,0),(165,2812,1,5,1,NULL,NULL,NULL,0,'Dirac',0,2,120,NULL,1,0,0,0,0,0,0),(166,2812,1,5,1,NULL,NULL,NULL,0,'Dirac',1,2,120,NULL,1,0,0,0,0,0,0),(167,2812,1,5,1,NULL,NULL,NULL,0,'Dirac',0,2,120,NULL,1,0,0,0,0,0,0),(168,2812,1,5,1,NULL,NULL,NULL,0,'Dirac',0,2,120,NULL,1,0,0,0,0,0,0),(169,26875,1,5,1,NULL,NULL,NULL,0,'Demosis',0,3,22,NULL,1,0,0,0,0,0,0),(170,4475,1,5,1,NULL,NULL,NULL,0,'Thor',0,3,22,NULL,1,0,0,0,0,0,0),(171,4475,1,5,1,NULL,NULL,NULL,0,'Thor',1,3,22,NULL,1,0,0,0,0,0,0),(172,4475,1,5,1,NULL,NULL,NULL,0,'Thor',0,3,22,NULL,1,0,0,0,0,0,0),(173,4475,1,5,1,NULL,NULL,NULL,0,'Thor',1,3,22,NULL,1,0,0,0,0,0,0),(174,4475,1,5,1,NULL,NULL,NULL,0,'Thor',1,3,22,NULL,1,0,0,0,0,0,0),(175,2812,1,5,1,NULL,NULL,NULL,0,'Dirac',0,3,22,NULL,1,0,0,0,0,0,0),(176,2812,1,5,1,NULL,NULL,NULL,0,'Dirac',1,3,22,NULL,1,0,0,0,0,0,0),(177,2812,1,5,1,NULL,NULL,NULL,0,'Dirac',0,3,22,NULL,1,0,0,0,0,0,0),(178,2812,1,5,1,NULL,NULL,NULL,0,'Dirac',0,3,22,NULL,1,0,0,0,0,0,0),(179,2812,1,5,1,NULL,NULL,NULL,0,'Dirac',1,3,22,NULL,1,0,0,0,0,0,0),(180,4475,1,5,1,NULL,NULL,NULL,0,'Thor',0,1,315,NULL,1,0,0,0,0,0,0),(181,4475,1,5,1,NULL,NULL,NULL,0,'Thor',1,1,315,NULL,1,0,0,0,0,0,0),(182,2812,1,5,1,NULL,NULL,NULL,0,'Dirac',0,1,315,NULL,1,0,0,0,0,0,0),(183,2812,1,5,1,NULL,NULL,NULL,0,'Dirac',0,1,315,NULL,1,0,0,0,0,0,0),(184,2812,1,5,1,NULL,NULL,NULL,0,'Dirac',0,1,315,NULL,1,0,0,0,0,0,0),(185,2812,1,5,1,NULL,NULL,NULL,0,'Dirac',1,1,315,NULL,1,0,0,0,0,0,0),(186,2812,1,5,1,NULL,NULL,NULL,0,'Dirac',1,1,315,NULL,1,0,0,0,0,0,0),(187,2812,1,5,1,NULL,NULL,NULL,0,'Dirac',0,1,315,NULL,1,0,0,0,0,0,0),(188,2812,1,5,1,NULL,NULL,NULL,0,'Dirac',0,1,315,NULL,1,0,0,0,0,0,0),(189,2812,1,5,1,NULL,NULL,NULL,0,'Dirac',1,1,315,NULL,1,0,0,0,0,0,0),(190,26875,1,5,1,NULL,NULL,NULL,0,'Demosis',0,3,134,NULL,1,0,0,0,0,0,0),(191,4475,1,5,1,NULL,NULL,NULL,0,'Thor',1,3,134,NULL,1,0,0,0,0,0,0),(192,4475,1,5,1,NULL,NULL,NULL,0,'Thor',0,3,134,NULL,1,0,0,0,0,0,0),(193,4475,1,5,1,NULL,NULL,NULL,0,'Thor',1,3,134,NULL,1,0,0,0,0,0,0),(194,4475,1,5,1,NULL,NULL,NULL,0,'Thor',0,3,134,NULL,1,0,0,0,0,0,0),(195,4475,1,5,1,NULL,NULL,NULL,0,'Thor',1,3,134,NULL,1,0,0,0,0,0,0),(196,4475,1,5,1,NULL,NULL,NULL,0,'Thor',0,3,134,NULL,1,0,0,0,0,0,0),(197,2812,1,5,1,NULL,NULL,NULL,0,'Dirac',1,3,134,NULL,1,0,0,0,0,0,0),(198,2812,1,5,1,NULL,NULL,NULL,0,'Dirac',1,3,134,NULL,1,0,0,0,0,0,0),(199,2812,1,5,1,NULL,NULL,NULL,0,'Dirac',1,3,134,NULL,1,0,0,0,0,0,0),(200,2812,1,5,1,NULL,NULL,NULL,0,'Dirac',0,3,134,NULL,1,0,0,0,0,0,0),(201,2812,1,5,1,NULL,NULL,NULL,0,'Dirac',0,3,134,NULL,1,0,0,0,0,0,0),(202,2812,1,5,1,NULL,NULL,NULL,0,'Dirac',1,3,134,NULL,1,0,0,0,0,0,0),(203,2812,1,5,1,NULL,NULL,NULL,0,'Dirac',1,3,134,NULL,1,0,0,0,0,0,0),(204,2812,1,5,1,NULL,NULL,NULL,0,'Dirac',0,3,134,NULL,1,0,0,0,0,0,0),(205,26875,1,5,1,NULL,NULL,NULL,0,'Demosis',0,1,0,NULL,1,0,0,0,0,0,0),(206,4475,1,5,1,NULL,NULL,NULL,0,'Thor',1,1,0,NULL,1,0,0,0,0,0,0),(207,4475,1,5,1,NULL,NULL,NULL,0,'Thor',1,1,0,NULL,1,0,0,0,0,0,0),(208,2812,1,5,1,NULL,NULL,NULL,0,'Dirac',1,1,0,NULL,1,0,0,0,0,0,0),(209,2812,1,5,1,NULL,NULL,NULL,0,'Dirac',0,1,0,NULL,1,0,0,0,0,0,0),(210,2812,1,5,1,NULL,NULL,NULL,0,'Dirac',1,1,0,NULL,1,0,0,0,0,0,0),(211,2812,1,5,1,NULL,NULL,NULL,0,'Dirac',0,1,0,NULL,1,0,0,0,0,0,0),(212,26875,1,5,1,NULL,NULL,NULL,0,'Demosis',0,2,60,NULL,1,0,0,0,0,0,0),(213,4475,1,5,1,NULL,NULL,NULL,0,'Thor',0,2,60,NULL,1,0,0,0,0,0,0),(214,2812,1,5,1,NULL,NULL,NULL,0,'Dirac',1,2,60,NULL,1,0,0,0,0,0,0),(215,2812,1,5,1,NULL,NULL,NULL,0,'Dirac',0,2,60,NULL,1,0,0,0,0,0,0),(216,2812,1,5,1,NULL,NULL,NULL,0,'Dirac',1,2,60,NULL,1,0,0,0,0,0,0),(217,2812,1,5,1,NULL,NULL,NULL,0,'Dirac',1,2,60,NULL,1,0,0,0,0,0,0),(218,2812,1,5,1,NULL,NULL,NULL,0,'Dirac',0,2,60,NULL,1,0,0,0,0,0,0),(219,2812,1,5,1,NULL,NULL,NULL,0,'Dirac',0,2,60,NULL,1,0,0,0,0,0,0),(220,2812,1,5,1,NULL,NULL,NULL,0,'Dirac',1,2,60,NULL,1,0,0,0,0,0,0),(221,26875,1,5,1,NULL,NULL,NULL,0,'Demosis',0,3,112,NULL,1,0,0,0,0,0,0),(222,26875,1,5,1,NULL,NULL,NULL,0,'Demosis',0,3,112,NULL,1,0,0,0,0,0,0),(223,4475,1,5,1,NULL,NULL,NULL,0,'Thor',0,3,112,NULL,1,0,0,0,0,0,0),(224,4475,1,5,1,NULL,NULL,NULL,0,'Thor',1,3,112,NULL,1,0,0,0,0,0,0),(225,4475,1,5,1,NULL,NULL,NULL,0,'Thor',0,3,112,NULL,1,0,0,0,0,0,0),(226,4475,1,5,1,NULL,NULL,NULL,0,'Thor',0,3,112,NULL,1,0,0,0,0,0,0),(227,4475,1,5,1,NULL,NULL,NULL,0,'Thor',1,3,112,NULL,1,0,0,0,0,0,0),(228,2812,1,5,1,NULL,NULL,NULL,0,'Dirac',1,3,112,NULL,1,0,0,0,0,0,0),(229,2812,1,5,1,NULL,NULL,NULL,0,'Dirac',1,3,112,NULL,1,0,0,0,0,0,0),(230,2812,1,5,1,NULL,NULL,NULL,0,'Dirac',0,3,112,NULL,1,0,0,0,0,0,0),(231,2812,1,5,1,NULL,NULL,NULL,0,'Dirac',0,3,112,NULL,1,0,0,0,0,0,0),(232,2812,1,5,1,NULL,NULL,NULL,0,'Dirac',1,3,112,NULL,1,0,0,0,0,0,0),(233,2812,1,5,1,NULL,NULL,NULL,0,'Dirac',0,3,112,NULL,1,0,0,0,0,0,0),(234,2812,1,5,1,NULL,NULL,NULL,0,'Dirac',0,3,112,NULL,1,0,0,0,0,0,0),(235,2812,1,5,1,NULL,NULL,NULL,0,'Dirac',0,3,112,NULL,1,0,0,0,0,0,0),(236,26875,1,5,1,NULL,NULL,NULL,0,'Demosis',0,1,90,NULL,1,0,0,0,0,0,0),(237,26875,1,5,1,NULL,NULL,NULL,0,'Demosis',0,1,90,NULL,1,0,0,0,0,0,0),(238,26875,1,5,1,NULL,NULL,NULL,0,'Demosis',0,1,90,NULL,1,0,0,0,0,0,0),(239,4475,1,5,1,NULL,NULL,NULL,0,'Thor',1,1,90,NULL,1,0,0,0,0,0,0),(240,4475,1,5,1,NULL,NULL,NULL,0,'Thor',0,1,90,NULL,1,0,0,0,0,0,0),(241,2812,1,5,1,NULL,NULL,NULL,0,'Dirac',0,1,90,NULL,1,0,0,0,0,0,0),(242,2812,1,5,1,NULL,NULL,NULL,0,'Dirac',0,1,90,NULL,1,0,0,0,0,0,0),(243,2812,1,5,1,NULL,NULL,NULL,0,'Dirac',1,1,90,NULL,1,0,0,0,0,0,0),(244,2812,1,5,1,NULL,NULL,NULL,0,'Dirac',1,1,90,NULL,1,0,0,0,0,0,0),(245,2812,1,5,1,NULL,NULL,NULL,0,'Dirac',0,1,90,NULL,1,0,0,0,0,0,0),(246,90,1,21,4,NULL,NULL,NULL,0,'Glancer',1,NULL,NULL,NULL,1,0,0,0,0,0,0),(247,90,1,21,4,NULL,NULL,NULL,0,'Glancer',1,NULL,NULL,NULL,1,0,0,0,0,0,0),(248,125,1,21,4,NULL,NULL,NULL,0,'Gnat',0,NULL,NULL,NULL,1,0,0,0,0,0,0),(249,125,1,21,4,NULL,NULL,NULL,0,'Gnat',0,NULL,NULL,NULL,1,0,0,0,0,0,0),(250,125,1,21,4,NULL,NULL,NULL,0,'Gnat',1,NULL,NULL,NULL,1,0,0,0,0,0,0),(251,125,1,21,4,NULL,NULL,NULL,0,'Gnat',0,NULL,NULL,NULL,1,0,0,0,0,0,0),(252,125,1,21,4,NULL,NULL,NULL,0,'Gnat',0,NULL,NULL,NULL,1,0,0,0,0,0,0),(253,90,1,22,4,NULL,NULL,NULL,0,'Glancer',1,NULL,NULL,NULL,1,0,0,0,0,0,0),(254,90,1,22,4,NULL,NULL,NULL,0,'Glancer',1,NULL,NULL,NULL,1,0,0,0,0,0,0),(255,125,1,22,4,NULL,NULL,NULL,0,'Gnat',0,NULL,NULL,NULL,1,0,0,0,0,0,0),(256,125,1,22,4,NULL,NULL,NULL,0,'Gnat',0,NULL,NULL,NULL,1,0,0,0,0,0,0),(257,125,1,22,4,NULL,NULL,NULL,0,'Gnat',1,NULL,NULL,NULL,1,0,0,0,0,0,0),(258,125,1,22,4,NULL,NULL,NULL,0,'Gnat',0,NULL,NULL,NULL,1,0,0,0,0,0,0),(259,90,1,23,4,NULL,NULL,NULL,0,'Glancer',1,NULL,NULL,NULL,1,0,0,0,0,0,0),(260,125,1,23,4,NULL,NULL,NULL,0,'Gnat',0,NULL,NULL,NULL,1,0,0,0,0,0,0),(261,125,1,23,4,NULL,NULL,NULL,0,'Gnat',0,NULL,NULL,NULL,1,0,0,0,0,0,0),(262,125,1,23,4,NULL,NULL,NULL,0,'Gnat',1,NULL,NULL,NULL,1,0,0,0,0,0,0),(263,125,1,23,4,NULL,NULL,NULL,0,'Gnat',0,NULL,NULL,NULL,1,0,0,0,0,0,0),(264,900,1,24,4,NULL,NULL,NULL,0,'Gnawer',0,NULL,NULL,NULL,1,0,0,0,0,0,0),(265,900,1,24,4,NULL,NULL,NULL,0,'Gnawer',0,NULL,NULL,NULL,1,0,0,0,0,0,0),(266,500,1,24,4,NULL,NULL,NULL,0,'Spudder',0,NULL,NULL,NULL,1,0,0,0,0,0,0),(267,90,1,24,4,NULL,NULL,NULL,0,'Glancer',1,NULL,NULL,NULL,1,0,0,0,0,0,0),(268,125,1,24,4,NULL,NULL,NULL,0,'Gnat',0,NULL,NULL,NULL,1,0,0,0,0,0,0),(269,125,1,24,4,NULL,NULL,NULL,0,'Gnat',0,NULL,NULL,NULL,1,0,0,0,0,0,0),(270,90,1,24,4,NULL,NULL,NULL,0,'Glancer',1,NULL,NULL,NULL,1,0,0,0,0,0,0),(271,90,1,24,4,NULL,NULL,NULL,0,'Glancer',1,NULL,NULL,NULL,1,0,0,0,0,0,0),(272,90,1,24,4,NULL,NULL,NULL,0,'Glancer',1,NULL,NULL,NULL,1,0,0,0,0,0,0),(273,125,1,24,4,NULL,NULL,NULL,0,'Gnat',0,NULL,NULL,NULL,1,0,0,0,0,0,0),(274,125,1,24,4,NULL,NULL,NULL,0,'Gnat',0,NULL,NULL,NULL,1,0,0,0,0,0,0),(275,125,1,24,4,NULL,NULL,NULL,0,'Gnat',1,NULL,NULL,NULL,1,0,0,0,0,0,0),(276,125,1,24,4,NULL,NULL,NULL,0,'Gnat',1,NULL,NULL,NULL,1,0,0,0,0,0,0),(277,900,1,25,4,NULL,NULL,NULL,0,'Gnawer',0,NULL,NULL,NULL,1,0,0,0,0,0,0),(278,900,1,25,4,NULL,NULL,NULL,0,'Gnawer',0,NULL,NULL,NULL,1,0,0,0,0,0,0),(279,500,1,25,4,NULL,NULL,NULL,0,'Spudder',1,NULL,NULL,NULL,1,0,0,0,0,0,0),(280,900,1,25,4,NULL,NULL,NULL,0,'Gnawer',0,NULL,NULL,NULL,1,0,0,0,0,0,0),(281,500,1,25,4,NULL,NULL,NULL,0,'Spudder',0,NULL,NULL,NULL,1,0,0,0,0,0,0),(282,90,1,25,4,NULL,NULL,NULL,0,'Glancer',1,NULL,NULL,NULL,1,0,0,0,0,0,0),(283,125,1,25,4,NULL,NULL,NULL,0,'Gnat',0,NULL,NULL,NULL,1,0,0,0,0,0,0),(284,90,1,25,4,NULL,NULL,NULL,0,'Glancer',1,NULL,NULL,NULL,1,0,0,0,0,0,0),(285,90,1,25,4,NULL,NULL,NULL,0,'Glancer',1,NULL,NULL,NULL,1,0,0,0,0,0,0),(286,90,1,25,4,NULL,NULL,NULL,0,'Glancer',1,NULL,NULL,NULL,1,0,0,0,0,0,0),(287,125,1,25,4,NULL,NULL,NULL,0,'Gnat',0,NULL,NULL,NULL,1,0,0,0,0,0,0),(288,125,1,25,4,NULL,NULL,NULL,0,'Gnat',0,NULL,NULL,NULL,1,0,0,0,0,0,0),(289,125,1,25,4,NULL,NULL,NULL,0,'Gnat',1,NULL,NULL,NULL,1,0,0,0,0,0,0),(290,125,1,25,4,NULL,NULL,NULL,0,'Gnat',0,NULL,NULL,NULL,1,0,0,0,0,0,0),(291,125,1,25,4,NULL,NULL,NULL,0,'Gnat',0,NULL,NULL,NULL,1,0,0,0,0,0,0),(292,125,1,25,4,NULL,NULL,NULL,0,'Gnat',1,NULL,NULL,NULL,1,0,0,0,0,0,0),(293,500,1,26,4,NULL,NULL,NULL,0,'Spudder',0,NULL,NULL,NULL,1,0,0,0,0,0,0),(294,90,1,26,4,NULL,NULL,NULL,0,'Glancer',1,NULL,NULL,NULL,1,0,0,0,0,0,0),(295,125,1,26,4,NULL,NULL,NULL,0,'Gnat',1,NULL,NULL,NULL,1,0,0,0,0,0,0),(296,125,1,26,4,NULL,NULL,NULL,0,'Gnat',0,NULL,NULL,NULL,1,0,0,0,0,0,0),(297,90,1,26,4,NULL,NULL,NULL,0,'Glancer',1,NULL,NULL,NULL,1,0,0,0,0,0,0),(298,90,1,26,4,NULL,NULL,NULL,0,'Glancer',1,NULL,NULL,NULL,1,0,0,0,0,0,0),(299,90,1,26,4,NULL,NULL,NULL,0,'Glancer',1,NULL,NULL,NULL,1,0,0,0,0,0,0),(300,90,1,26,4,NULL,NULL,NULL,0,'Glancer',1,NULL,NULL,NULL,1,0,0,0,0,0,0),(301,90,1,26,4,NULL,NULL,NULL,0,'Glancer',1,NULL,NULL,NULL,1,0,0,0,0,0,0),(302,125,1,26,4,NULL,NULL,NULL,0,'Gnat',0,NULL,NULL,NULL,1,0,0,0,0,0,0),(303,125,1,26,4,NULL,NULL,NULL,0,'Gnat',0,NULL,NULL,NULL,1,0,0,0,0,0,0),(304,125,1,26,4,NULL,NULL,NULL,0,'Gnat',1,NULL,NULL,NULL,1,0,0,0,0,0,0),(305,125,1,26,4,NULL,NULL,NULL,0,'Gnat',0,NULL,NULL,NULL,1,0,0,0,0,0,0),(306,125,1,26,4,NULL,NULL,NULL,0,'Gnat',1,NULL,NULL,NULL,1,0,0,0,0,0,0),(307,500,1,27,4,NULL,NULL,NULL,0,'Spudder',1,NULL,NULL,NULL,1,0,0,0,0,0,0),(308,500,1,27,4,NULL,NULL,NULL,0,'Spudder',0,NULL,NULL,NULL,1,0,0,0,0,0,0),(309,90,1,27,4,NULL,NULL,NULL,0,'Glancer',1,NULL,NULL,NULL,1,0,0,0,0,0,0),(310,125,1,27,4,NULL,NULL,NULL,0,'Gnat',0,NULL,NULL,NULL,1,0,0,0,0,0,0),(311,125,1,27,4,NULL,NULL,NULL,0,'Gnat',0,NULL,NULL,NULL,1,0,0,0,0,0,0),(312,90,1,27,4,NULL,NULL,NULL,0,'Glancer',1,NULL,NULL,NULL,1,0,0,0,0,0,0),(313,90,1,27,4,NULL,NULL,NULL,0,'Glancer',1,NULL,NULL,NULL,1,0,0,0,0,0,0),(314,90,1,27,4,NULL,NULL,NULL,0,'Glancer',1,NULL,NULL,NULL,1,0,0,0,0,0,0),(315,90,1,27,4,NULL,NULL,NULL,0,'Glancer',1,NULL,NULL,NULL,1,0,0,0,0,0,0),(316,90,1,27,4,NULL,NULL,NULL,0,'Glancer',1,NULL,NULL,NULL,1,0,0,0,0,0,0),(317,125,1,27,4,NULL,NULL,NULL,0,'Gnat',0,NULL,NULL,NULL,1,0,0,0,0,0,0),(318,125,1,27,4,NULL,NULL,NULL,0,'Gnat',0,NULL,NULL,NULL,1,0,0,0,0,0,0),(319,125,1,27,4,NULL,NULL,NULL,0,'Gnat',1,NULL,NULL,NULL,1,0,0,0,0,0,0),(320,125,1,27,4,NULL,NULL,NULL,0,'Gnat',0,NULL,NULL,NULL,1,0,0,0,0,0,0),(321,125,1,27,4,NULL,NULL,NULL,0,'Gnat',1,NULL,NULL,NULL,1,0,0,0,0,0,0),(322,500,1,28,4,NULL,NULL,NULL,0,'Spudder',0,NULL,NULL,NULL,1,0,0,0,0,0,0),(323,90,1,28,4,NULL,NULL,NULL,0,'Glancer',1,NULL,NULL,NULL,1,0,0,0,0,0,0),(324,125,1,28,4,NULL,NULL,NULL,0,'Gnat',0,NULL,NULL,NULL,1,0,0,0,0,0,0),(325,125,1,28,4,NULL,NULL,NULL,0,'Gnat',0,NULL,NULL,NULL,1,0,0,0,0,0,0),(326,90,1,28,4,NULL,NULL,NULL,0,'Glancer',1,NULL,NULL,NULL,1,0,0,0,0,0,0),(327,90,1,28,4,NULL,NULL,NULL,0,'Glancer',1,NULL,NULL,NULL,1,0,0,0,0,0,0),(328,90,1,28,4,NULL,NULL,NULL,0,'Glancer',1,NULL,NULL,NULL,1,0,0,0,0,0,0),(329,125,1,28,4,NULL,NULL,NULL,0,'Gnat',0,NULL,NULL,NULL,1,0,0,0,0,0,0),(330,125,1,28,4,NULL,NULL,NULL,0,'Gnat',0,NULL,NULL,NULL,1,0,0,0,0,0,0),(331,125,1,28,4,NULL,NULL,NULL,0,'Gnat',1,NULL,NULL,NULL,1,0,0,0,0,0,0),(332,125,1,28,4,NULL,NULL,NULL,0,'Gnat',0,NULL,NULL,NULL,1,0,0,0,0,0,0),(333,125,1,28,4,NULL,NULL,NULL,0,'Gnat',0,NULL,NULL,NULL,1,0,0,0,0,0,0),(334,125,1,28,4,NULL,NULL,NULL,0,'Gnat',1,NULL,NULL,NULL,1,0,0,0,0,0,0),(335,125,1,28,4,NULL,NULL,NULL,0,'Gnat',1,NULL,NULL,NULL,1,0,0,0,0,0,0),(336,900,1,29,4,NULL,NULL,NULL,0,'Gnawer',0,NULL,NULL,NULL,1,0,0,0,0,0,0),(337,900,1,29,4,NULL,NULL,NULL,0,'Gnawer',0,NULL,NULL,NULL,1,0,0,0,0,0,0),(338,900,1,29,4,NULL,NULL,NULL,0,'Gnawer',0,NULL,NULL,NULL,1,0,0,0,0,0,0),(339,500,1,29,4,NULL,NULL,NULL,0,'Spudder',0,NULL,NULL,NULL,1,0,0,0,0,0,0),(340,500,1,29,4,NULL,NULL,NULL,0,'Spudder',0,NULL,NULL,NULL,1,0,0,0,0,0,0),(341,500,1,29,4,NULL,NULL,NULL,0,'Spudder',1,NULL,NULL,NULL,1,0,0,0,0,0,0),(342,500,1,29,4,NULL,NULL,NULL,0,'Spudder',0,NULL,NULL,NULL,1,0,0,0,0,0,0),(343,500,1,29,4,NULL,NULL,NULL,0,'Spudder',0,NULL,NULL,NULL,1,0,0,0,0,0,0),(344,90,1,29,4,NULL,NULL,NULL,0,'Glancer',1,NULL,NULL,NULL,1,0,0,0,0,0,0),(345,125,1,29,4,NULL,NULL,NULL,0,'Gnat',1,NULL,NULL,NULL,1,0,0,0,0,0,0),(346,125,1,29,4,NULL,NULL,NULL,0,'Gnat',0,NULL,NULL,NULL,1,0,0,0,0,0,0),(347,125,1,29,4,NULL,NULL,NULL,0,'Gnat',0,NULL,NULL,NULL,1,0,0,0,0,0,0),(348,90,1,29,4,NULL,NULL,NULL,0,'Glancer',1,NULL,NULL,NULL,1,0,0,0,0,0,0),(349,90,1,29,4,NULL,NULL,NULL,0,'Glancer',1,NULL,NULL,NULL,1,0,0,0,0,0,0),(350,90,1,29,4,NULL,NULL,NULL,0,'Glancer',1,NULL,NULL,NULL,1,0,0,0,0,0,0),(351,90,1,29,4,NULL,NULL,NULL,0,'Glancer',1,NULL,NULL,NULL,1,0,0,0,0,0,0),(352,125,1,29,4,NULL,NULL,NULL,0,'Gnat',0,NULL,NULL,NULL,1,0,0,0,0,0,0),(353,125,1,29,4,NULL,NULL,NULL,0,'Gnat',0,NULL,NULL,NULL,1,0,0,0,0,0,0),(354,125,1,29,4,NULL,NULL,NULL,0,'Gnat',1,NULL,NULL,NULL,1,0,0,0,0,0,0),(355,125,1,29,4,NULL,NULL,NULL,0,'Gnat',0,NULL,NULL,NULL,1,0,0,0,0,0,0),(356,125,1,29,4,NULL,NULL,NULL,0,'Gnat',0,NULL,NULL,NULL,1,0,0,0,0,0,0),(357,125,1,29,4,NULL,NULL,NULL,0,'Gnat',1,NULL,NULL,NULL,1,0,0,0,0,0,0),(358,125,1,29,4,NULL,NULL,NULL,0,'Gnat',0,NULL,NULL,NULL,1,0,0,0,0,0,0),(359,900,1,30,4,NULL,NULL,NULL,0,'Gnawer',0,NULL,NULL,NULL,1,0,0,0,0,0,0),(360,500,1,30,4,NULL,NULL,NULL,0,'Spudder',1,NULL,NULL,NULL,1,0,0,0,0,0,0),(361,500,1,30,4,NULL,NULL,NULL,0,'Spudder',0,NULL,NULL,NULL,1,0,0,0,0,0,0),(362,500,1,30,4,NULL,NULL,NULL,0,'Spudder',0,NULL,NULL,NULL,1,0,0,0,0,0,0),(363,90,1,30,4,NULL,NULL,NULL,0,'Glancer',1,NULL,NULL,NULL,1,0,0,0,0,0,0),(364,125,1,30,4,NULL,NULL,NULL,0,'Gnat',0,NULL,NULL,NULL,1,0,0,0,0,0,0),(365,125,1,30,4,NULL,NULL,NULL,0,'Gnat',0,NULL,NULL,NULL,1,0,0,0,0,0,0),(366,90,1,30,4,NULL,NULL,NULL,0,'Glancer',1,NULL,NULL,NULL,1,0,0,0,0,0,0),(367,90,1,30,4,NULL,NULL,NULL,0,'Glancer',1,NULL,NULL,NULL,1,0,0,0,0,0,0),(368,125,1,30,4,NULL,NULL,NULL,0,'Gnat',0,NULL,NULL,NULL,1,0,0,0,0,0,0),(369,125,1,30,4,NULL,NULL,NULL,0,'Gnat',0,NULL,NULL,NULL,1,0,0,0,0,0,0),(370,125,1,30,4,NULL,NULL,NULL,0,'Gnat',1,NULL,NULL,NULL,1,0,0,0,0,0,0),(371,900,1,31,4,NULL,NULL,NULL,0,'Gnawer',0,NULL,NULL,NULL,1,0,0,0,0,0,0),(372,900,1,31,4,NULL,NULL,NULL,0,'Gnawer',0,NULL,NULL,NULL,1,0,0,0,0,0,0),(373,500,1,31,4,NULL,NULL,NULL,0,'Spudder',0,NULL,NULL,NULL,1,0,0,0,0,0,0),(374,500,1,31,4,NULL,NULL,NULL,0,'Spudder',1,NULL,NULL,NULL,1,0,0,0,0,0,0),(375,500,1,31,4,NULL,NULL,NULL,0,'Spudder',0,NULL,NULL,NULL,1,0,0,0,0,0,0),(376,90,1,31,4,NULL,NULL,NULL,0,'Glancer',1,NULL,NULL,NULL,1,0,0,0,0,0,0),(377,125,1,31,4,NULL,NULL,NULL,0,'Gnat',0,NULL,NULL,NULL,1,0,0,0,0,0,0),(378,90,1,31,4,NULL,NULL,NULL,0,'Glancer',1,NULL,NULL,NULL,1,0,0,0,0,0,0),(379,90,1,31,4,NULL,NULL,NULL,0,'Glancer',1,NULL,NULL,NULL,1,0,0,0,0,0,0),(380,90,1,31,4,NULL,NULL,NULL,0,'Glancer',1,NULL,NULL,NULL,1,0,0,0,0,0,0),(381,125,1,31,4,NULL,NULL,NULL,0,'Gnat',0,NULL,NULL,NULL,1,0,0,0,0,0,0),(382,125,1,31,4,NULL,NULL,NULL,0,'Gnat',0,NULL,NULL,NULL,1,0,0,0,0,0,0),(383,125,1,31,4,NULL,NULL,NULL,0,'Gnat',1,NULL,NULL,NULL,1,0,0,0,0,0,0),(384,125,1,31,4,NULL,NULL,NULL,0,'Gnat',0,NULL,NULL,NULL,1,0,0,0,0,0,0),(385,125,1,31,4,NULL,NULL,NULL,0,'Gnat',0,NULL,NULL,NULL,1,0,0,0,0,0,0),(386,90,1,32,4,NULL,NULL,NULL,0,'Glancer',1,NULL,NULL,NULL,1,0,0,0,0,0,0),(387,125,1,32,4,NULL,NULL,NULL,0,'Gnat',0,NULL,NULL,NULL,1,0,0,0,0,0,0),(388,125,1,32,4,NULL,NULL,NULL,0,'Gnat',0,NULL,NULL,NULL,1,0,0,0,0,0,0),(389,125,1,32,4,NULL,NULL,NULL,0,'Gnat',0,NULL,NULL,NULL,1,0,0,0,0,0,0),(390,90,1,32,4,NULL,NULL,NULL,0,'Glancer',1,NULL,NULL,NULL,1,0,0,0,0,0,0),(391,90,1,32,4,NULL,NULL,NULL,0,'Glancer',1,NULL,NULL,NULL,1,0,0,0,0,0,0),(392,90,1,32,4,NULL,NULL,NULL,0,'Glancer',1,NULL,NULL,NULL,1,0,0,0,0,0,0),(393,90,1,32,4,NULL,NULL,NULL,0,'Glancer',1,NULL,NULL,NULL,1,0,0,0,0,0,0),(394,125,1,32,4,NULL,NULL,NULL,0,'Gnat',0,NULL,NULL,NULL,1,0,0,0,0,0,0),(395,125,1,32,4,NULL,NULL,NULL,0,'Gnat',0,NULL,NULL,NULL,1,0,0,0,0,0,0),(396,125,1,32,4,NULL,NULL,NULL,0,'Gnat',1,NULL,NULL,NULL,1,0,0,0,0,0,0),(397,125,1,32,4,NULL,NULL,NULL,0,'Gnat',0,NULL,NULL,NULL,1,0,0,0,0,0,0),(398,125,1,32,4,NULL,NULL,NULL,0,'Gnat',0,NULL,NULL,NULL,1,0,0,0,0,0,0),(399,125,1,32,4,NULL,NULL,NULL,0,'Gnat',1,NULL,NULL,NULL,1,0,0,0,0,0,0),(400,125,1,32,4,NULL,NULL,NULL,0,'Gnat',1,NULL,NULL,NULL,1,0,0,0,0,0,0),(401,500,1,33,4,NULL,NULL,NULL,0,'Spudder',0,NULL,NULL,NULL,1,0,0,0,0,0,0),(402,90,1,33,4,NULL,NULL,NULL,0,'Glancer',1,NULL,NULL,NULL,1,0,0,0,0,0,0),(403,125,1,33,4,NULL,NULL,NULL,0,'Gnat',0,NULL,NULL,NULL,1,0,0,0,0,0,0),(404,90,1,33,4,NULL,NULL,NULL,0,'Glancer',1,NULL,NULL,NULL,1,0,0,0,0,0,0),(405,90,1,33,4,NULL,NULL,NULL,0,'Glancer',1,NULL,NULL,NULL,1,0,0,0,0,0,0),(406,90,1,33,4,NULL,NULL,NULL,0,'Glancer',1,NULL,NULL,NULL,1,0,0,0,0,0,0),(407,125,1,33,4,NULL,NULL,NULL,0,'Gnat',0,NULL,NULL,NULL,1,0,0,0,0,0,0),(408,125,1,33,4,NULL,NULL,NULL,0,'Gnat',0,NULL,NULL,NULL,1,0,0,0,0,0,0),(409,125,1,33,4,NULL,NULL,NULL,0,'Gnat',1,NULL,NULL,NULL,1,0,0,0,0,0,0),(410,125,1,33,4,NULL,NULL,NULL,0,'Gnat',0,NULL,NULL,NULL,1,0,0,0,0,0,0),(411,125,1,33,4,NULL,NULL,NULL,0,'Gnat',1,NULL,NULL,NULL,1,0,0,0,0,0,0),(412,125,1,33,4,NULL,NULL,NULL,0,'Gnat',0,NULL,NULL,NULL,1,0,0,0,0,0,0),(413,125,1,33,4,NULL,NULL,NULL,0,'Gnat',1,NULL,NULL,NULL,1,0,0,0,0,0,0),(414,90,1,34,4,NULL,NULL,NULL,0,'Glancer',1,NULL,NULL,NULL,1,0,0,0,0,0,0),(415,125,1,34,4,NULL,NULL,NULL,0,'Gnat',0,NULL,NULL,NULL,1,0,0,0,0,0,0),(416,90,1,34,4,NULL,NULL,NULL,0,'Glancer',1,NULL,NULL,NULL,1,0,0,0,0,0,0),(417,90,1,34,4,NULL,NULL,NULL,0,'Glancer',1,NULL,NULL,NULL,1,0,0,0,0,0,0),(418,90,1,34,4,NULL,NULL,NULL,0,'Glancer',1,NULL,NULL,NULL,1,0,0,0,0,0,0),(419,90,1,34,4,NULL,NULL,NULL,0,'Glancer',1,NULL,NULL,NULL,1,0,0,0,0,0,0),(420,125,1,34,4,NULL,NULL,NULL,0,'Gnat',0,NULL,NULL,NULL,1,0,0,0,0,0,0),(421,125,1,34,4,NULL,NULL,NULL,0,'Gnat',0,NULL,NULL,NULL,1,0,0,0,0,0,0),(422,125,1,34,4,NULL,NULL,NULL,0,'Gnat',1,NULL,NULL,NULL,1,0,0,0,0,0,0),(423,125,1,34,4,NULL,NULL,NULL,0,'Gnat',0,NULL,NULL,NULL,1,0,0,0,0,0,0),(424,125,1,35,4,NULL,NULL,NULL,0,'Gnat',0,NULL,NULL,NULL,1,0,0,0,0,0,0),(425,125,1,35,4,NULL,NULL,NULL,0,'Gnat',0,NULL,NULL,NULL,1,0,0,0,0,0,0),(426,125,1,35,4,NULL,NULL,NULL,0,'Gnat',1,NULL,NULL,NULL,1,0,0,0,0,0,0),(427,125,1,35,4,NULL,NULL,NULL,0,'Gnat',0,NULL,NULL,NULL,1,0,0,0,0,0,0),(428,125,1,35,4,NULL,NULL,NULL,0,'Gnat',1,NULL,NULL,NULL,1,0,0,0,0,0,0),(429,125,1,35,4,NULL,NULL,NULL,0,'Gnat',1,NULL,NULL,NULL,1,0,0,0,0,0,0),(430,125,1,36,4,NULL,NULL,NULL,0,'Gnat',0,NULL,NULL,NULL,1,0,0,0,0,0,0),(431,125,1,36,4,NULL,NULL,NULL,0,'Gnat',0,NULL,NULL,NULL,1,0,0,0,0,0,0),(432,125,1,36,4,NULL,NULL,NULL,0,'Gnat',1,NULL,NULL,NULL,1,0,0,0,0,0,0),(433,125,1,36,4,NULL,NULL,NULL,0,'Gnat',0,NULL,NULL,NULL,1,0,0,0,0,0,0),(434,125,1,36,4,NULL,NULL,NULL,0,'Gnat',1,NULL,NULL,NULL,1,0,0,0,0,0,0),(435,125,1,37,4,NULL,NULL,NULL,0,'Gnat',0,NULL,NULL,NULL,1,0,0,0,0,0,0),(436,125,1,37,4,NULL,NULL,NULL,0,'Gnat',0,NULL,NULL,NULL,1,0,0,0,0,0,0),(437,125,1,37,4,NULL,NULL,NULL,0,'Gnat',1,NULL,NULL,NULL,1,0,0,0,0,0,0),(438,125,1,37,4,NULL,NULL,NULL,0,'Gnat',0,NULL,NULL,NULL,1,0,0,0,0,0,0),(439,125,1,37,4,NULL,NULL,NULL,0,'Gnat',1,NULL,NULL,NULL,1,0,0,0,0,0,0),(440,26875,1,5,1,NULL,NULL,NULL,0,'Demosis',0,3,180,NULL,1,0,0,0,0,0,0),(441,4475,1,5,1,NULL,NULL,NULL,0,'Thor',1,3,180,NULL,1,0,0,0,0,0,0),(442,4475,1,5,1,NULL,NULL,NULL,0,'Thor',0,3,180,NULL,1,0,0,0,0,0,0),(443,4475,1,5,1,NULL,NULL,NULL,0,'Thor',1,3,180,NULL,1,0,0,0,0,0,0),(444,4475,1,5,1,NULL,NULL,NULL,0,'Thor',0,3,180,NULL,1,0,0,0,0,0,0),(445,4475,1,5,1,NULL,NULL,NULL,0,'Thor',1,3,180,NULL,1,0,0,0,0,0,0),(446,4475,1,5,1,NULL,NULL,NULL,0,'Thor',1,3,180,NULL,1,0,0,0,0,0,0),(447,4475,1,5,1,NULL,NULL,NULL,0,'Thor',1,3,180,NULL,1,0,0,0,0,0,0),(448,2812,1,5,1,NULL,NULL,NULL,0,'Dirac',0,3,180,NULL,1,0,0,0,0,0,0),(449,2812,1,5,1,NULL,NULL,NULL,0,'Dirac',0,3,180,NULL,1,0,0,0,0,0,0),(450,2812,1,5,1,NULL,NULL,NULL,0,'Dirac',1,3,180,NULL,1,0,0,0,0,0,0),(451,2812,1,5,1,NULL,NULL,NULL,0,'Dirac',1,3,180,NULL,1,0,0,0,0,0,0),(452,2812,1,5,1,NULL,NULL,NULL,0,'Dirac',0,3,180,NULL,1,0,0,0,0,0,0),(453,2812,1,5,1,NULL,NULL,NULL,0,'Dirac',1,3,180,NULL,1,0,0,0,0,0,0),(454,2812,1,5,1,NULL,NULL,NULL,0,'Dirac',0,3,180,NULL,1,0,0,0,0,0,0),(455,4475,1,5,1,NULL,NULL,NULL,0,'Thor',1,2,330,NULL,1,0,0,0,0,0,0),(456,4475,1,5,1,NULL,NULL,NULL,0,'Thor',1,2,330,NULL,1,0,0,0,0,0,0),(457,4475,1,5,1,NULL,NULL,NULL,0,'Thor',0,2,330,NULL,1,0,0,0,0,0,0),(458,4475,1,5,1,NULL,NULL,NULL,0,'Thor',0,2,330,NULL,1,0,0,0,0,0,0),(459,4475,1,5,1,NULL,NULL,NULL,0,'Thor',0,2,330,NULL,1,0,0,0,0,0,0),(460,4475,1,5,1,NULL,NULL,NULL,0,'Thor',0,2,330,NULL,1,0,0,0,0,0,0),(461,2812,1,5,1,NULL,NULL,NULL,0,'Dirac',0,2,330,NULL,1,0,0,0,0,0,0),(462,2812,1,5,1,NULL,NULL,NULL,0,'Dirac',0,2,330,NULL,1,0,0,0,0,0,0),(463,2812,1,5,1,NULL,NULL,NULL,0,'Dirac',1,2,330,NULL,1,0,0,0,0,0,0),(464,2812,1,5,1,NULL,NULL,NULL,0,'Dirac',0,2,330,NULL,1,0,0,0,0,0,0),(465,26875,1,5,1,NULL,NULL,NULL,0,'Demosis',0,0,270,NULL,1,0,0,0,0,0,0),(466,26875,1,5,1,NULL,NULL,NULL,0,'Demosis',0,0,270,NULL,1,0,0,0,0,0,0),(467,4475,1,5,1,NULL,NULL,NULL,0,'Thor',1,0,270,NULL,1,0,0,0,0,0,0),(468,4475,1,5,1,NULL,NULL,NULL,0,'Thor',1,0,270,NULL,1,0,0,0,0,0,0),(469,4475,1,5,1,NULL,NULL,NULL,0,'Thor',1,0,270,NULL,1,0,0,0,0,0,0),(470,4475,1,5,1,NULL,NULL,NULL,0,'Thor',1,0,270,NULL,1,0,0,0,0,0,0),(471,4475,1,5,1,NULL,NULL,NULL,0,'Thor',0,0,270,NULL,1,0,0,0,0,0,0),(472,2812,1,5,1,NULL,NULL,NULL,0,'Dirac',0,0,270,NULL,1,0,0,0,0,0,0),(473,2812,1,5,1,NULL,NULL,NULL,0,'Dirac',0,0,270,NULL,1,0,0,0,0,0,0),(474,2812,1,5,1,NULL,NULL,NULL,0,'Dirac',0,0,270,NULL,1,0,0,0,0,0,0),(475,2812,1,5,1,NULL,NULL,NULL,0,'Dirac',1,0,270,NULL,1,0,0,0,0,0,0),(476,26875,1,5,1,NULL,NULL,NULL,0,'Demosis',0,2,0,NULL,1,0,0,0,0,0,0),(477,26875,1,5,1,NULL,NULL,NULL,0,'Demosis',0,2,0,NULL,1,0,0,0,0,0,0),(478,4475,1,5,1,NULL,NULL,NULL,0,'Thor',1,2,0,NULL,1,0,0,0,0,0,0),(479,4475,1,5,1,NULL,NULL,NULL,0,'Thor',0,2,0,NULL,1,0,0,0,0,0,0),(480,4475,1,5,1,NULL,NULL,NULL,0,'Thor',0,2,0,NULL,1,0,0,0,0,0,0),(481,4475,1,5,1,NULL,NULL,NULL,0,'Thor',0,2,0,NULL,1,0,0,0,0,0,0),(482,4475,1,5,1,NULL,NULL,NULL,0,'Thor',0,2,0,NULL,1,0,0,0,0,0,0),(483,4475,1,5,1,NULL,NULL,NULL,0,'Thor',0,2,0,NULL,1,0,0,0,0,0,0),(484,2812,1,5,1,NULL,NULL,NULL,0,'Dirac',1,2,0,NULL,1,0,0,0,0,0,0),(485,2812,1,5,1,NULL,NULL,NULL,0,'Dirac',0,2,0,NULL,1,0,0,0,0,0,0),(486,2812,1,5,1,NULL,NULL,NULL,0,'Dirac',0,2,0,NULL,1,0,0,0,0,0,0),(487,2812,1,5,1,NULL,NULL,NULL,0,'Dirac',1,2,0,NULL,1,0,0,0,0,0,0),(488,2812,1,5,1,NULL,NULL,NULL,0,'Dirac',1,2,0,NULL,1,0,0,0,0,0,0),(489,4475,1,5,1,NULL,NULL,NULL,0,'Thor',0,2,270,NULL,1,0,0,0,0,0,0),(490,4475,1,5,1,NULL,NULL,NULL,0,'Thor',1,2,270,NULL,1,0,0,0,0,0,0),(491,4475,1,5,1,NULL,NULL,NULL,0,'Thor',0,2,270,NULL,1,0,0,0,0,0,0),(492,4475,1,5,1,NULL,NULL,NULL,0,'Thor',1,2,270,NULL,1,0,0,0,0,0,0),(493,2812,1,5,1,NULL,NULL,NULL,0,'Dirac',0,2,270,NULL,1,0,0,0,0,0,0),(494,2812,1,5,1,NULL,NULL,NULL,0,'Dirac',0,2,270,NULL,1,0,0,0,0,0,0),(495,2812,1,5,1,NULL,NULL,NULL,0,'Dirac',0,2,270,NULL,1,0,0,0,0,0,0),(496,2812,1,5,1,NULL,NULL,NULL,0,'Dirac',0,2,270,NULL,1,0,0,0,0,0,0),(497,2812,1,5,1,NULL,NULL,NULL,0,'Dirac',0,2,270,NULL,1,0,0,0,0,0,0),(498,4475,1,5,1,NULL,NULL,NULL,0,'Thor',1,0,180,NULL,1,0,0,0,0,0,0),(499,4475,1,5,1,NULL,NULL,NULL,0,'Thor',1,0,180,NULL,1,0,0,0,0,0,0),(500,2812,1,5,1,NULL,NULL,NULL,0,'Dirac',1,0,180,NULL,1,0,0,0,0,0,0),(501,2812,1,5,1,NULL,NULL,NULL,0,'Dirac',1,0,180,NULL,1,0,0,0,0,0,0),(502,2812,1,5,1,NULL,NULL,NULL,0,'Dirac',1,0,180,NULL,1,0,0,0,0,0,0),(503,4475,1,8,1,NULL,NULL,NULL,0,'Thor',0,1,225,NULL,1,0,0,0,0,0,0),(504,2812,1,8,1,NULL,NULL,NULL,0,'Dirac',1,1,225,NULL,1,0,0,0,0,0,0),(505,2812,1,8,1,NULL,NULL,NULL,0,'Dirac',1,1,225,NULL,1,0,0,0,0,0,0),(506,2812,1,8,1,NULL,NULL,NULL,0,'Dirac',1,1,225,NULL,1,0,0,0,0,0,0),(507,2812,1,8,1,NULL,NULL,NULL,0,'Dirac',1,1,225,NULL,1,0,0,0,0,0,0),(508,4475,1,8,1,NULL,NULL,NULL,0,'Thor',0,2,90,NULL,1,0,0,0,0,0,0),(509,4475,1,8,1,NULL,NULL,NULL,0,'Thor',0,2,90,NULL,1,0,0,0,0,0,0),(510,4475,1,8,1,NULL,NULL,NULL,0,'Thor',0,2,90,NULL,1,0,0,0,0,0,0),(511,2812,1,8,1,NULL,NULL,NULL,0,'Dirac',1,2,90,NULL,1,0,0,0,0,0,0),(512,2812,1,8,1,NULL,NULL,NULL,0,'Dirac',1,2,90,NULL,1,0,0,0,0,0,0),(513,2812,1,8,1,NULL,NULL,NULL,0,'Dirac',1,2,90,NULL,1,0,0,0,0,0,0),(514,2812,1,8,1,NULL,NULL,NULL,0,'Dirac',1,2,90,NULL,1,0,0,0,0,0,0),(515,2812,1,8,1,NULL,NULL,NULL,0,'Dirac',1,2,90,NULL,1,0,0,0,0,0,0),(516,2812,1,8,1,NULL,NULL,NULL,0,'Dirac',1,2,90,NULL,1,0,0,0,0,0,0),(517,4475,1,8,1,NULL,NULL,NULL,0,'Thor',0,2,120,NULL,1,0,0,0,0,0,0),(518,4475,1,8,1,NULL,NULL,NULL,0,'Thor',0,2,120,NULL,1,0,0,0,0,0,0),(519,4475,1,8,1,NULL,NULL,NULL,0,'Thor',0,2,120,NULL,1,0,0,0,0,0,0),(520,2812,1,8,1,NULL,NULL,NULL,0,'Dirac',1,2,120,NULL,1,0,0,0,0,0,0),(521,2812,1,8,1,NULL,NULL,NULL,0,'Dirac',1,2,120,NULL,1,0,0,0,0,0,0),(522,2812,1,8,1,NULL,NULL,NULL,0,'Dirac',1,2,120,NULL,1,0,0,0,0,0,0),(523,2812,1,8,1,NULL,NULL,NULL,0,'Dirac',1,2,120,NULL,1,0,0,0,0,0,0),(524,2812,1,8,1,NULL,NULL,NULL,0,'Dirac',1,2,120,NULL,1,0,0,0,0,0,0),(525,2812,1,8,1,NULL,NULL,NULL,0,'Dirac',1,2,120,NULL,1,0,0,0,0,0,0),(526,4475,1,8,1,NULL,NULL,NULL,0,'Thor',0,1,180,NULL,1,0,0,0,0,0,0),(527,2812,1,8,1,NULL,NULL,NULL,0,'Dirac',1,1,180,NULL,1,0,0,0,0,0,0),(528,2812,1,8,1,NULL,NULL,NULL,0,'Dirac',1,1,180,NULL,1,0,0,0,0,0,0),(529,2812,1,8,1,NULL,NULL,NULL,0,'Dirac',1,1,180,NULL,1,0,0,0,0,0,0),(530,2812,1,8,1,NULL,NULL,NULL,0,'Dirac',1,1,180,NULL,1,0,0,0,0,0,0),(531,2812,1,8,1,NULL,NULL,NULL,0,'Dirac',0,2,240,NULL,1,0,0,0,0,0,0),(532,2812,1,8,1,NULL,NULL,NULL,0,'Dirac',0,2,240,NULL,1,0,0,0,0,0,0),(533,2812,1,8,1,NULL,NULL,NULL,0,'Dirac',0,2,240,NULL,1,0,0,0,0,0,0),(534,2812,1,8,1,NULL,NULL,NULL,0,'Dirac',0,2,240,NULL,1,0,0,0,0,0,0),(535,500,1,38,4,NULL,NULL,NULL,0,'Spudder',0,NULL,NULL,NULL,1,0,0,0,0,0,0),(536,90,1,38,4,NULL,NULL,NULL,0,'Glancer',1,NULL,NULL,NULL,1,0,0,0,0,0,0),(537,125,1,38,4,NULL,NULL,NULL,0,'Gnat',0,NULL,NULL,NULL,1,0,0,0,0,0,0),(538,90,1,38,4,NULL,NULL,NULL,0,'Glancer',1,NULL,NULL,NULL,1,0,0,0,0,0,0),(539,90,1,38,4,NULL,NULL,NULL,0,'Glancer',1,NULL,NULL,NULL,1,0,0,0,0,0,0),(540,90,1,38,4,NULL,NULL,NULL,0,'Glancer',1,NULL,NULL,NULL,1,0,0,0,0,0,0),(541,125,1,38,4,NULL,NULL,NULL,0,'Gnat',0,NULL,NULL,NULL,1,0,0,0,0,0,0),(542,125,1,38,4,NULL,NULL,NULL,0,'Gnat',0,NULL,NULL,NULL,1,0,0,0,0,0,0),(543,125,1,38,4,NULL,NULL,NULL,0,'Gnat',1,NULL,NULL,NULL,1,0,0,0,0,0,0),(544,900,1,39,4,NULL,NULL,NULL,0,'Gnawer',0,NULL,NULL,NULL,1,0,0,0,0,0,0),(545,900,1,39,4,NULL,NULL,NULL,0,'Gnawer',0,NULL,NULL,NULL,1,0,0,0,0,0,0),(546,900,1,39,4,NULL,NULL,NULL,0,'Gnawer',0,NULL,NULL,NULL,1,0,0,0,0,0,0),(547,500,1,39,4,NULL,NULL,NULL,0,'Spudder',1,NULL,NULL,NULL,1,0,0,0,0,0,0),(548,900,1,39,4,NULL,NULL,NULL,0,'Gnawer',0,NULL,NULL,NULL,1,0,0,0,0,0,0),(549,500,1,39,4,NULL,NULL,NULL,0,'Spudder',0,NULL,NULL,NULL,1,0,0,0,0,0,0),(550,90,1,39,4,NULL,NULL,NULL,0,'Glancer',1,NULL,NULL,NULL,1,0,0,0,0,0,0),(551,125,1,39,4,NULL,NULL,NULL,0,'Gnat',0,NULL,NULL,NULL,1,0,0,0,0,0,0),(552,125,1,39,4,NULL,NULL,NULL,0,'Gnat',0,NULL,NULL,NULL,1,0,0,0,0,0,0),(553,90,1,39,4,NULL,NULL,NULL,0,'Glancer',1,NULL,NULL,NULL,1,0,0,0,0,0,0),(554,90,1,39,4,NULL,NULL,NULL,0,'Glancer',1,NULL,NULL,NULL,1,0,0,0,0,0,0),(555,90,1,39,4,NULL,NULL,NULL,0,'Glancer',1,NULL,NULL,NULL,1,0,0,0,0,0,0),(556,90,1,39,4,NULL,NULL,NULL,0,'Glancer',1,NULL,NULL,NULL,1,0,0,0,0,0,0),(557,125,1,39,4,NULL,NULL,NULL,0,'Gnat',0,NULL,NULL,NULL,1,0,0,0,0,0,0),(558,125,1,39,4,NULL,NULL,NULL,0,'Gnat',0,NULL,NULL,NULL,1,0,0,0,0,0,0),(559,125,1,39,4,NULL,NULL,NULL,0,'Gnat',1,NULL,NULL,NULL,1,0,0,0,0,0,0),(560,125,1,39,4,NULL,NULL,NULL,0,'Gnat',0,NULL,NULL,NULL,1,0,0,0,0,0,0),(561,125,1,39,4,NULL,NULL,NULL,0,'Gnat',1,NULL,NULL,NULL,1,0,0,0,0,0,0),(562,125,1,39,4,NULL,NULL,NULL,0,'Gnat',0,NULL,NULL,NULL,1,0,0,0,0,0,0),(563,900,1,40,4,NULL,NULL,NULL,0,'Gnawer',0,NULL,NULL,NULL,1,0,0,0,0,0,0),(564,900,1,40,4,NULL,NULL,NULL,0,'Gnawer',0,NULL,NULL,NULL,1,0,0,0,0,0,0),(565,500,1,40,4,NULL,NULL,NULL,0,'Spudder',1,NULL,NULL,NULL,1,0,0,0,0,0,0),(566,500,1,40,4,NULL,NULL,NULL,0,'Spudder',0,NULL,NULL,NULL,1,0,0,0,0,0,0),(567,500,1,40,4,NULL,NULL,NULL,0,'Spudder',1,NULL,NULL,NULL,1,0,0,0,0,0,0),(568,500,1,40,4,NULL,NULL,NULL,0,'Spudder',0,NULL,NULL,NULL,1,0,0,0,0,0,0),(569,90,1,40,4,NULL,NULL,NULL,0,'Glancer',1,NULL,NULL,NULL,1,0,0,0,0,0,0),(570,125,1,40,4,NULL,NULL,NULL,0,'Gnat',1,NULL,NULL,NULL,1,0,0,0,0,0,0),(571,125,1,40,4,NULL,NULL,NULL,0,'Gnat',0,NULL,NULL,NULL,1,0,0,0,0,0,0),(572,90,1,40,4,NULL,NULL,NULL,0,'Glancer',1,NULL,NULL,NULL,1,0,0,0,0,0,0),(573,90,1,40,4,NULL,NULL,NULL,0,'Glancer',1,NULL,NULL,NULL,1,0,0,0,0,0,0),(574,90,1,40,4,NULL,NULL,NULL,0,'Glancer',1,NULL,NULL,NULL,1,0,0,0,0,0,0),(575,125,1,40,4,NULL,NULL,NULL,0,'Gnat',0,NULL,NULL,NULL,1,0,0,0,0,0,0),(576,125,1,40,4,NULL,NULL,NULL,0,'Gnat',0,NULL,NULL,NULL,1,0,0,0,0,0,0),(577,125,1,40,4,NULL,NULL,NULL,0,'Gnat',1,NULL,NULL,NULL,1,0,0,0,0,0,0),(578,900,1,41,4,NULL,NULL,NULL,0,'Gnawer',0,NULL,NULL,NULL,1,0,0,0,0,0,0),(579,500,1,41,4,NULL,NULL,NULL,0,'Spudder',0,NULL,NULL,NULL,1,0,0,0,0,0,0),(580,500,1,41,4,NULL,NULL,NULL,0,'Spudder',0,NULL,NULL,NULL,1,0,0,0,0,0,0),(581,90,1,41,4,NULL,NULL,NULL,0,'Glancer',1,NULL,NULL,NULL,1,0,0,0,0,0,0),(582,125,1,41,4,NULL,NULL,NULL,0,'Gnat',1,NULL,NULL,NULL,1,0,0,0,0,0,0),(583,125,1,41,4,NULL,NULL,NULL,0,'Gnat',0,NULL,NULL,NULL,1,0,0,0,0,0,0),(584,125,1,41,4,NULL,NULL,NULL,0,'Gnat',0,NULL,NULL,NULL,1,0,0,0,0,0,0),(585,90,1,41,4,NULL,NULL,NULL,0,'Glancer',1,NULL,NULL,NULL,1,0,0,0,0,0,0),(586,90,1,41,4,NULL,NULL,NULL,0,'Glancer',1,NULL,NULL,NULL,1,0,0,0,0,0,0),(587,90,1,41,4,NULL,NULL,NULL,0,'Glancer',1,NULL,NULL,NULL,1,0,0,0,0,0,0),(588,125,1,41,4,NULL,NULL,NULL,0,'Gnat',0,NULL,NULL,NULL,1,0,0,0,0,0,0),(589,125,1,41,4,NULL,NULL,NULL,0,'Gnat',0,NULL,NULL,NULL,1,0,0,0,0,0,0),(590,125,1,41,4,NULL,NULL,NULL,0,'Gnat',1,NULL,NULL,NULL,1,0,0,0,0,0,0),(591,125,1,41,4,NULL,NULL,NULL,0,'Gnat',0,NULL,NULL,NULL,1,0,0,0,0,0,0),(592,125,1,41,4,NULL,NULL,NULL,0,'Gnat',1,NULL,NULL,NULL,1,0,0,0,0,0,0),(593,900,1,42,4,NULL,NULL,NULL,0,'Gnawer',0,NULL,NULL,NULL,1,0,0,0,0,0,0),(594,900,1,42,4,NULL,NULL,NULL,0,'Gnawer',0,NULL,NULL,NULL,1,0,0,0,0,0,0),(595,500,1,42,4,NULL,NULL,NULL,0,'Spudder',0,NULL,NULL,NULL,1,0,0,0,0,0,0),(596,500,1,42,4,NULL,NULL,NULL,0,'Spudder',1,NULL,NULL,NULL,1,0,0,0,0,0,0),(597,500,1,42,4,NULL,NULL,NULL,0,'Spudder',0,NULL,NULL,NULL,1,0,0,0,0,0,0),(598,500,1,42,4,NULL,NULL,NULL,0,'Spudder',1,NULL,NULL,NULL,1,0,0,0,0,0,0),(599,500,1,42,4,NULL,NULL,NULL,0,'Spudder',0,NULL,NULL,NULL,1,0,0,0,0,0,0),(600,90,1,42,4,NULL,NULL,NULL,0,'Glancer',1,NULL,NULL,NULL,1,0,0,0,0,0,0),(601,125,1,42,4,NULL,NULL,NULL,0,'Gnat',0,NULL,NULL,NULL,1,0,0,0,0,0,0),(602,125,1,42,4,NULL,NULL,NULL,0,'Gnat',1,NULL,NULL,NULL,1,0,0,0,0,0,0),(603,125,1,42,4,NULL,NULL,NULL,0,'Gnat',0,NULL,NULL,NULL,1,0,0,0,0,0,0),(604,90,1,42,4,NULL,NULL,NULL,0,'Glancer',1,NULL,NULL,NULL,1,0,0,0,0,0,0),(605,90,1,42,4,NULL,NULL,NULL,0,'Glancer',1,NULL,NULL,NULL,1,0,0,0,0,0,0),(606,90,1,42,4,NULL,NULL,NULL,0,'Glancer',1,NULL,NULL,NULL,1,0,0,0,0,0,0),(607,125,1,42,4,NULL,NULL,NULL,0,'Gnat',0,NULL,NULL,NULL,1,0,0,0,0,0,0),(608,125,1,42,4,NULL,NULL,NULL,0,'Gnat',0,NULL,NULL,NULL,1,0,0,0,0,0,0),(609,125,1,42,4,NULL,NULL,NULL,0,'Gnat',1,NULL,NULL,NULL,1,0,0,0,0,0,0),(610,125,1,42,4,NULL,NULL,NULL,0,'Gnat',0,NULL,NULL,NULL,1,0,0,0,0,0,0),(611,125,1,42,4,NULL,NULL,NULL,0,'Gnat',1,NULL,NULL,NULL,1,0,0,0,0,0,0),(612,125,1,42,4,NULL,NULL,NULL,0,'Gnat',1,NULL,NULL,NULL,1,0,0,0,0,0,0),(613,90,1,43,4,NULL,NULL,NULL,0,'Glancer',1,NULL,NULL,NULL,1,0,0,0,0,0,0),(614,125,1,43,4,NULL,NULL,NULL,0,'Gnat',0,NULL,NULL,NULL,1,0,0,0,0,0,0),(615,125,1,43,4,NULL,NULL,NULL,0,'Gnat',0,NULL,NULL,NULL,1,0,0,0,0,0,0),(616,90,1,43,4,NULL,NULL,NULL,0,'Glancer',1,NULL,NULL,NULL,1,0,0,0,0,0,0),(617,90,1,43,4,NULL,NULL,NULL,0,'Glancer',1,NULL,NULL,NULL,1,0,0,0,0,0,0),(618,90,1,43,4,NULL,NULL,NULL,0,'Glancer',1,NULL,NULL,NULL,1,0,0,0,0,0,0),(619,90,1,43,4,NULL,NULL,NULL,0,'Glancer',1,NULL,NULL,NULL,1,0,0,0,0,0,0),(620,125,1,43,4,NULL,NULL,NULL,0,'Gnat',0,NULL,NULL,NULL,1,0,0,0,0,0,0),(621,125,1,43,4,NULL,NULL,NULL,0,'Gnat',0,NULL,NULL,NULL,1,0,0,0,0,0,0),(622,125,1,43,4,NULL,NULL,NULL,0,'Gnat',1,NULL,NULL,NULL,1,0,0,0,0,0,0),(623,125,1,43,4,NULL,NULL,NULL,0,'Gnat',0,NULL,NULL,NULL,1,0,0,0,0,0,0),(624,125,1,43,4,NULL,NULL,NULL,0,'Gnat',0,NULL,NULL,NULL,1,0,0,0,0,0,0),(625,125,1,43,4,NULL,NULL,NULL,0,'Gnat',1,NULL,NULL,NULL,1,0,0,0,0,0,0),(626,500,1,44,4,NULL,NULL,NULL,0,'Spudder',0,NULL,NULL,NULL,1,0,0,0,0,0,0),(627,90,1,44,4,NULL,NULL,NULL,0,'Glancer',1,NULL,NULL,NULL,1,0,0,0,0,0,0),(628,125,1,44,4,NULL,NULL,NULL,0,'Gnat',0,NULL,NULL,NULL,1,0,0,0,0,0,0),(629,125,1,44,4,NULL,NULL,NULL,0,'Gnat',0,NULL,NULL,NULL,1,0,0,0,0,0,0),(630,90,1,44,4,NULL,NULL,NULL,0,'Glancer',1,NULL,NULL,NULL,1,0,0,0,0,0,0),(631,90,1,44,4,NULL,NULL,NULL,0,'Glancer',1,NULL,NULL,NULL,1,0,0,0,0,0,0),(632,90,1,44,4,NULL,NULL,NULL,0,'Glancer',1,NULL,NULL,NULL,1,0,0,0,0,0,0),(633,125,1,44,4,NULL,NULL,NULL,0,'Gnat',0,NULL,NULL,NULL,1,0,0,0,0,0,0),(634,125,1,44,4,NULL,NULL,NULL,0,'Gnat',0,NULL,NULL,NULL,1,0,0,0,0,0,0),(635,125,1,44,4,NULL,NULL,NULL,0,'Gnat',1,NULL,NULL,NULL,1,0,0,0,0,0,0),(636,125,1,44,4,NULL,NULL,NULL,0,'Gnat',0,NULL,NULL,NULL,1,0,0,0,0,0,0),(637,125,1,44,4,NULL,NULL,NULL,0,'Gnat',1,NULL,NULL,NULL,1,0,0,0,0,0,0),(638,125,1,44,4,NULL,NULL,NULL,0,'Gnat',0,NULL,NULL,NULL,1,0,0,0,0,0,0),(639,125,1,45,4,NULL,NULL,NULL,0,'Gnat',0,NULL,NULL,NULL,1,0,0,0,0,0,0),(640,125,1,45,4,NULL,NULL,NULL,0,'Gnat',0,NULL,NULL,NULL,1,0,0,0,0,0,0),(641,125,1,45,4,NULL,NULL,NULL,0,'Gnat',1,NULL,NULL,NULL,1,0,0,0,0,0,0),(642,125,1,45,4,NULL,NULL,NULL,0,'Gnat',0,NULL,NULL,NULL,1,0,0,0,0,0,0),(643,125,1,45,4,NULL,NULL,NULL,0,'Gnat',1,NULL,NULL,NULL,1,0,0,0,0,0,0),(644,125,1,45,4,NULL,NULL,NULL,0,'Gnat',1,NULL,NULL,NULL,1,0,0,0,0,0,0),(645,125,1,45,4,NULL,NULL,NULL,0,'Gnat',0,NULL,NULL,NULL,1,0,0,0,0,0,0),(646,125,1,46,4,NULL,NULL,NULL,0,'Gnat',0,NULL,NULL,NULL,1,0,0,0,0,0,0),(647,125,1,46,4,NULL,NULL,NULL,0,'Gnat',0,NULL,NULL,NULL,1,0,0,0,0,0,0),(648,125,1,46,4,NULL,NULL,NULL,0,'Gnat',1,NULL,NULL,NULL,1,0,0,0,0,0,0),(649,125,1,46,4,NULL,NULL,NULL,0,'Gnat',0,NULL,NULL,NULL,1,0,0,0,0,0,0),(650,125,1,46,4,NULL,NULL,NULL,0,'Gnat',1,NULL,NULL,NULL,1,0,0,0,0,0,0),(651,125,1,46,4,NULL,NULL,NULL,0,'Gnat',0,NULL,NULL,NULL,1,0,0,0,0,0,0),(652,125,1,47,4,NULL,NULL,NULL,0,'Gnat',0,NULL,NULL,NULL,1,0,0,0,0,0,0),(653,125,1,47,4,NULL,NULL,NULL,0,'Gnat',0,NULL,NULL,NULL,1,0,0,0,0,0,0),(654,125,1,47,4,NULL,NULL,NULL,0,'Gnat',1,NULL,NULL,NULL,1,0,0,0,0,0,0),(655,125,1,47,4,NULL,NULL,NULL,0,'Gnat',1,NULL,NULL,NULL,1,0,0,0,0,0,0),(656,125,1,47,4,NULL,NULL,NULL,0,'Gnat',1,NULL,NULL,NULL,1,0,0,0,0,0,0),(657,125,1,48,4,NULL,NULL,NULL,0,'Gnat',0,NULL,NULL,NULL,1,0,0,0,0,0,0),(658,125,1,48,4,NULL,NULL,NULL,0,'Gnat',0,NULL,NULL,NULL,1,0,0,0,0,0,0),(659,125,1,48,4,NULL,NULL,NULL,0,'Gnat',1,NULL,NULL,NULL,1,0,0,0,0,0,0),(660,125,1,48,4,NULL,NULL,NULL,0,'Gnat',0,NULL,NULL,NULL,1,0,0,0,0,0,0),(661,125,1,48,4,NULL,NULL,NULL,0,'Gnat',0,NULL,NULL,NULL,1,0,0,0,0,0,0),(662,125,1,48,4,NULL,NULL,NULL,0,'Gnat',1,NULL,NULL,NULL,1,0,0,0,0,0,0),(663,4475,1,8,1,NULL,NULL,NULL,0,'Thor',0,1,315,NULL,1,0,0,0,0,0,0),(664,2812,1,8,1,NULL,NULL,NULL,0,'Dirac',1,1,315,NULL,1,0,0,0,0,0,0),(665,2812,1,8,1,NULL,NULL,NULL,0,'Dirac',1,1,315,NULL,1,0,0,0,0,0,0),(666,2812,1,8,1,NULL,NULL,NULL,0,'Dirac',1,1,315,NULL,1,0,0,0,0,0,0),(667,2812,1,8,1,NULL,NULL,NULL,0,'Dirac',1,1,315,NULL,1,0,0,0,0,0,0),(668,26875,1,8,1,NULL,NULL,NULL,0,'Demosis',0,3,66,NULL,1,0,0,0,0,0,0),(669,4475,1,8,1,NULL,NULL,NULL,0,'Thor',0,3,66,NULL,1,0,0,0,0,0,0),(670,4475,1,8,1,NULL,NULL,NULL,0,'Thor',0,3,66,NULL,1,0,0,0,0,0,0),(671,4475,1,8,1,NULL,NULL,NULL,0,'Thor',0,3,66,NULL,1,0,0,0,0,0,0),(672,2812,1,8,1,NULL,NULL,NULL,0,'Dirac',1,3,66,NULL,1,0,0,0,0,0,0),(673,2812,1,8,1,NULL,NULL,NULL,0,'Dirac',1,3,66,NULL,1,0,0,0,0,0,0),(674,2812,1,8,1,NULL,NULL,NULL,0,'Dirac',1,3,66,NULL,1,0,0,0,0,0,0),(675,2812,1,8,1,NULL,NULL,NULL,0,'Dirac',1,3,66,NULL,1,0,0,0,0,0,0),(676,2812,1,8,1,NULL,NULL,NULL,0,'Dirac',1,3,66,NULL,1,0,0,0,0,0,0),(677,2812,1,8,1,NULL,NULL,NULL,0,'Dirac',1,3,66,NULL,1,0,0,0,0,0,0),(678,2812,1,8,1,NULL,NULL,NULL,0,'Dirac',1,3,66,NULL,1,0,0,0,0,0,0),(679,2812,1,8,1,NULL,NULL,NULL,0,'Dirac',1,3,66,NULL,1,0,0,0,0,0,0),(680,4475,1,8,1,NULL,NULL,NULL,0,'Thor',0,1,270,NULL,1,0,0,0,0,0,0),(681,4475,1,8,1,NULL,NULL,NULL,0,'Thor',0,1,270,NULL,1,0,0,0,0,0,0),(682,4475,1,8,1,NULL,NULL,NULL,0,'Thor',0,1,270,NULL,1,0,0,0,0,0,0),(683,2812,1,8,1,NULL,NULL,NULL,0,'Dirac',1,1,270,NULL,1,0,0,0,0,0,0),(684,2812,1,8,1,NULL,NULL,NULL,0,'Dirac',1,1,270,NULL,1,0,0,0,0,0,0),(685,2812,1,8,1,NULL,NULL,NULL,0,'Dirac',1,1,270,NULL,1,0,0,0,0,0,0),(686,2812,1,8,1,NULL,NULL,NULL,0,'Dirac',1,1,270,NULL,1,0,0,0,0,0,0),(687,2812,1,8,1,NULL,NULL,NULL,0,'Dirac',1,1,270,NULL,1,0,0,0,0,0,0),(688,2812,1,8,1,NULL,NULL,NULL,0,'Dirac',1,1,270,NULL,1,0,0,0,0,0,0),(689,90,1,49,4,NULL,NULL,NULL,0,'Glancer',1,NULL,NULL,NULL,1,0,0,0,0,0,0),(690,125,1,49,4,NULL,NULL,NULL,0,'Gnat',0,NULL,NULL,NULL,1,0,0,0,0,0,0),(691,125,1,49,4,NULL,NULL,NULL,0,'Gnat',0,NULL,NULL,NULL,1,0,0,0,0,0,0),(692,125,1,49,4,NULL,NULL,NULL,0,'Gnat',0,NULL,NULL,NULL,1,0,0,0,0,0,0),(693,125,1,49,4,NULL,NULL,NULL,0,'Gnat',1,NULL,NULL,NULL,1,0,0,0,0,0,0),(694,125,1,49,4,NULL,NULL,NULL,0,'Gnat',1,NULL,NULL,NULL,1,0,0,0,0,0,0),(695,90,1,50,4,NULL,NULL,NULL,0,'Glancer',1,NULL,NULL,NULL,1,0,0,0,0,0,0),(696,125,1,50,4,NULL,NULL,NULL,0,'Gnat',0,NULL,NULL,NULL,1,0,0,0,0,0,0),(697,125,1,50,4,NULL,NULL,NULL,0,'Gnat',1,NULL,NULL,NULL,1,0,0,0,0,0,0),(698,90,1,50,4,NULL,NULL,NULL,0,'Glancer',1,NULL,NULL,NULL,1,0,0,0,0,0,0),(699,125,1,50,4,NULL,NULL,NULL,0,'Gnat',0,NULL,NULL,NULL,1,0,0,0,0,0,0),(700,90,1,50,4,NULL,NULL,NULL,0,'Glancer',1,NULL,NULL,NULL,1,0,0,0,0,0,0),(701,125,1,50,4,NULL,NULL,NULL,0,'Gnat',0,NULL,NULL,NULL,1,0,0,0,0,0,0),(702,125,1,50,4,NULL,NULL,NULL,0,'Gnat',0,NULL,NULL,NULL,1,0,0,0,0,0,0),(703,125,1,50,4,NULL,NULL,NULL,0,'Gnat',0,NULL,NULL,NULL,1,0,0,0,0,0,0),(704,125,1,50,4,NULL,NULL,NULL,0,'Gnat',1,NULL,NULL,NULL,1,0,0,0,0,0,0),(705,125,1,50,4,NULL,NULL,NULL,0,'Gnat',1,NULL,NULL,NULL,1,0,0,0,0,0,0),(706,125,1,51,4,NULL,NULL,NULL,0,'Gnat',0,NULL,NULL,NULL,1,0,0,0,0,0,0),(707,125,1,51,4,NULL,NULL,NULL,0,'Gnat',0,NULL,NULL,NULL,1,0,0,0,0,0,0),(708,125,1,51,4,NULL,NULL,NULL,0,'Gnat',1,NULL,NULL,NULL,1,0,0,0,0,0,0),(709,125,1,51,4,NULL,NULL,NULL,0,'Gnat',1,NULL,NULL,NULL,1,0,0,0,0,0,0),(710,90,1,52,4,NULL,NULL,NULL,0,'Glancer',1,NULL,NULL,NULL,1,0,0,0,0,0,0),(711,125,1,52,4,NULL,NULL,NULL,0,'Gnat',0,NULL,NULL,NULL,1,0,0,0,0,0,0),(712,125,1,52,4,NULL,NULL,NULL,0,'Gnat',0,NULL,NULL,NULL,1,0,0,0,0,0,0),(713,125,1,52,4,NULL,NULL,NULL,0,'Gnat',0,NULL,NULL,NULL,1,0,0,0,0,0,0),(714,125,1,52,4,NULL,NULL,NULL,0,'Gnat',1,NULL,NULL,NULL,1,0,0,0,0,0,0),(715,125,1,52,4,NULL,NULL,NULL,0,'Gnat',1,NULL,NULL,NULL,1,0,0,0,0,0,0),(716,125,1,53,4,NULL,NULL,NULL,0,'Gnat',0,NULL,NULL,NULL,1,0,0,0,0,0,0),(717,125,1,53,4,NULL,NULL,NULL,0,'Gnat',0,NULL,NULL,NULL,1,0,0,0,0,0,0),(718,125,1,53,4,NULL,NULL,NULL,0,'Gnat',1,NULL,NULL,NULL,1,0,0,0,0,0,0),(719,125,1,53,4,NULL,NULL,NULL,0,'Gnat',1,NULL,NULL,NULL,1,0,0,0,0,0,0),(720,125,1,54,4,NULL,NULL,NULL,0,'Gnat',0,NULL,NULL,NULL,1,0,0,0,0,0,0),(721,125,1,54,4,NULL,NULL,NULL,0,'Gnat',0,NULL,NULL,NULL,1,0,0,0,0,0,0),(722,125,1,54,4,NULL,NULL,NULL,0,'Gnat',1,NULL,NULL,NULL,1,0,0,0,0,0,0),(723,125,1,54,4,NULL,NULL,NULL,0,'Gnat',1,NULL,NULL,NULL,1,0,0,0,0,0,0),(724,90,1,55,4,NULL,NULL,NULL,0,'Glancer',1,NULL,NULL,NULL,1,0,0,0,0,0,0),(725,125,1,55,4,NULL,NULL,NULL,0,'Gnat',0,NULL,NULL,NULL,1,0,0,0,0,0,0),(726,125,1,55,4,NULL,NULL,NULL,0,'Gnat',1,NULL,NULL,NULL,1,0,0,0,0,0,0),(727,90,1,55,4,NULL,NULL,NULL,0,'Glancer',1,NULL,NULL,NULL,1,0,0,0,0,0,0),(728,125,1,55,4,NULL,NULL,NULL,0,'Gnat',0,NULL,NULL,NULL,1,0,0,0,0,0,0),(729,90,1,55,4,NULL,NULL,NULL,0,'Glancer',1,NULL,NULL,NULL,1,0,0,0,0,0,0),(730,125,1,55,4,NULL,NULL,NULL,0,'Gnat',0,NULL,NULL,NULL,1,0,0,0,0,0,0),(731,125,1,55,4,NULL,NULL,NULL,0,'Gnat',0,NULL,NULL,NULL,1,0,0,0,0,0,0),(732,125,1,55,4,NULL,NULL,NULL,0,'Gnat',0,NULL,NULL,NULL,1,0,0,0,0,0,0),(733,125,1,55,4,NULL,NULL,NULL,0,'Gnat',1,NULL,NULL,NULL,1,0,0,0,0,0,0),(734,125,1,55,4,NULL,NULL,NULL,0,'Gnat',1,NULL,NULL,NULL,1,0,0,0,0,0,0),(735,125,1,56,4,NULL,NULL,NULL,0,'Gnat',0,NULL,NULL,NULL,1,0,0,0,0,0,0),(736,125,1,56,4,NULL,NULL,NULL,0,'Gnat',0,NULL,NULL,NULL,1,0,0,0,0,0,0),(737,125,1,56,4,NULL,NULL,NULL,0,'Gnat',1,NULL,NULL,NULL,1,0,0,0,0,0,0),(738,125,1,56,4,NULL,NULL,NULL,0,'Gnat',1,NULL,NULL,NULL,1,0,0,0,0,0,0),(739,125,1,57,4,NULL,NULL,NULL,0,'Gnat',0,NULL,NULL,NULL,1,0,0,0,0,0,0),(740,125,1,57,4,NULL,NULL,NULL,0,'Gnat',0,NULL,NULL,NULL,1,0,0,0,0,0,0),(741,125,1,57,4,NULL,NULL,NULL,0,'Gnat',1,NULL,NULL,NULL,1,0,0,0,0,0,0),(742,125,1,57,4,NULL,NULL,NULL,0,'Gnat',1,NULL,NULL,NULL,1,0,0,0,0,0,0),(743,90,1,58,4,NULL,NULL,NULL,0,'Glancer',1,NULL,NULL,NULL,1,0,0,0,0,0,0),(744,125,1,58,4,NULL,NULL,NULL,0,'Gnat',0,NULL,NULL,NULL,1,0,0,0,0,0,0),(745,125,1,58,4,NULL,NULL,NULL,0,'Gnat',0,NULL,NULL,NULL,1,0,0,0,0,0,0),(746,125,1,58,4,NULL,NULL,NULL,0,'Gnat',0,NULL,NULL,NULL,1,0,0,0,0,0,0),(747,125,1,58,4,NULL,NULL,NULL,0,'Gnat',1,NULL,NULL,NULL,1,0,0,0,0,0,0),(748,125,1,58,4,NULL,NULL,NULL,0,'Gnat',1,NULL,NULL,NULL,1,0,0,0,0,0,0),(749,90,1,59,4,NULL,NULL,NULL,0,'Glancer',1,NULL,NULL,NULL,1,0,0,0,0,0,0),(750,125,1,59,4,NULL,NULL,NULL,0,'Gnat',0,NULL,NULL,NULL,1,0,0,0,0,0,0),(751,125,1,59,4,NULL,NULL,NULL,0,'Gnat',0,NULL,NULL,NULL,1,0,0,0,0,0,0),(752,125,1,59,4,NULL,NULL,NULL,0,'Gnat',0,NULL,NULL,NULL,1,0,0,0,0,0,0),(753,125,1,59,4,NULL,NULL,NULL,0,'Gnat',1,NULL,NULL,NULL,1,0,0,0,0,0,0),(754,125,1,59,4,NULL,NULL,NULL,0,'Gnat',1,NULL,NULL,NULL,1,0,0,0,0,0,0),(755,90,1,66,4,NULL,NULL,NULL,0,'Glancer',1,NULL,NULL,NULL,1,0,0,0,0,0,0),(756,125,1,66,4,NULL,NULL,NULL,0,'Gnat',0,NULL,NULL,NULL,1,0,0,0,0,0,0),(757,125,1,66,4,NULL,NULL,NULL,0,'Gnat',1,NULL,NULL,NULL,1,0,0,0,0,0,0),(758,90,1,66,4,NULL,NULL,NULL,0,'Glancer',1,NULL,NULL,NULL,1,0,0,0,0,0,0),(759,125,1,66,4,NULL,NULL,NULL,0,'Gnat',0,NULL,NULL,NULL,1,0,0,0,0,0,0),(760,90,1,66,4,NULL,NULL,NULL,0,'Glancer',1,NULL,NULL,NULL,1,0,0,0,0,0,0),(761,125,1,66,4,NULL,NULL,NULL,0,'Gnat',0,NULL,NULL,NULL,1,0,0,0,0,0,0),(762,125,1,66,4,NULL,NULL,NULL,0,'Gnat',0,NULL,NULL,NULL,1,0,0,0,0,0,0),(763,125,1,66,4,NULL,NULL,NULL,0,'Gnat',0,NULL,NULL,NULL,1,0,0,0,0,0,0),(764,125,1,66,4,NULL,NULL,NULL,0,'Gnat',1,NULL,NULL,NULL,1,0,0,0,0,0,0),(765,125,1,66,4,NULL,NULL,NULL,0,'Gnat',1,NULL,NULL,NULL,1,0,0,0,0,0,0),(766,90,1,72,4,NULL,NULL,NULL,0,'Glancer',1,NULL,NULL,NULL,1,0,0,0,0,0,0),(767,125,1,72,4,NULL,NULL,NULL,0,'Gnat',0,NULL,NULL,NULL,1,0,0,0,0,0,0),(768,125,1,72,4,NULL,NULL,NULL,0,'Gnat',1,NULL,NULL,NULL,1,0,0,0,0,0,0),(769,90,1,72,4,NULL,NULL,NULL,0,'Glancer',1,NULL,NULL,NULL,1,0,0,0,0,0,0),(770,125,1,72,4,NULL,NULL,NULL,0,'Gnat',0,NULL,NULL,NULL,1,0,0,0,0,0,0),(771,90,1,72,4,NULL,NULL,NULL,0,'Glancer',1,NULL,NULL,NULL,1,0,0,0,0,0,0),(772,125,1,72,4,NULL,NULL,NULL,0,'Gnat',0,NULL,NULL,NULL,1,0,0,0,0,0,0),(773,125,1,72,4,NULL,NULL,NULL,0,'Gnat',0,NULL,NULL,NULL,1,0,0,0,0,0,0),(774,125,1,72,4,NULL,NULL,NULL,0,'Gnat',0,NULL,NULL,NULL,1,0,0,0,0,0,0),(775,125,1,72,4,NULL,NULL,NULL,0,'Gnat',1,NULL,NULL,NULL,1,0,0,0,0,0,0),(776,125,1,72,4,NULL,NULL,NULL,0,'Gnat',1,NULL,NULL,NULL,1,0,0,0,0,0,0),(777,125,1,81,4,NULL,NULL,NULL,0,'Gnat',0,NULL,NULL,NULL,1,0,0,0,0,0,0),(778,125,1,81,4,NULL,NULL,NULL,0,'Gnat',0,NULL,NULL,NULL,1,0,0,0,0,0,0),(779,125,1,81,4,NULL,NULL,NULL,0,'Gnat',1,NULL,NULL,NULL,1,0,0,0,0,0,0),(780,125,1,81,4,NULL,NULL,NULL,0,'Gnat',1,NULL,NULL,NULL,1,0,0,0,0,0,0),(781,125,1,82,4,NULL,NULL,NULL,0,'Gnat',0,NULL,NULL,NULL,1,0,0,0,0,0,0),(782,125,1,82,4,NULL,NULL,NULL,0,'Gnat',0,NULL,NULL,NULL,1,0,0,0,0,0,0),(783,125,1,82,4,NULL,NULL,NULL,0,'Gnat',1,NULL,NULL,NULL,1,0,0,0,0,0,0),(784,125,1,82,4,NULL,NULL,NULL,0,'Gnat',1,NULL,NULL,NULL,1,0,0,0,0,0,0),(785,125,1,83,4,NULL,NULL,NULL,0,'Gnat',0,NULL,NULL,NULL,1,0,0,0,0,0,0),(786,125,1,83,4,NULL,NULL,NULL,0,'Gnat',0,NULL,NULL,NULL,1,0,0,0,0,0,0),(787,125,1,83,4,NULL,NULL,NULL,0,'Gnat',1,NULL,NULL,NULL,1,0,0,0,0,0,0),(788,125,1,83,4,NULL,NULL,NULL,0,'Gnat',1,NULL,NULL,NULL,1,0,0,0,0,0,0),(789,125,1,84,4,NULL,NULL,NULL,0,'Gnat',0,NULL,NULL,NULL,1,0,0,0,0,0,0),(790,125,1,84,4,NULL,NULL,NULL,0,'Gnat',0,NULL,NULL,NULL,1,0,0,0,0,0,0),(791,125,1,84,4,NULL,NULL,NULL,0,'Gnat',1,NULL,NULL,NULL,1,0,0,0,0,0,0),(792,125,1,84,4,NULL,NULL,NULL,0,'Gnat',1,NULL,NULL,NULL,1,0,0,0,0,0,0),(793,90,1,85,4,NULL,NULL,NULL,0,'Glancer',1,NULL,NULL,NULL,1,0,0,0,0,0,0),(794,125,1,85,4,NULL,NULL,NULL,0,'Gnat',0,NULL,NULL,NULL,1,0,0,0,0,0,0),(795,125,1,85,4,NULL,NULL,NULL,0,'Gnat',1,NULL,NULL,NULL,1,0,0,0,0,0,0),(796,90,1,85,4,NULL,NULL,NULL,0,'Glancer',1,NULL,NULL,NULL,1,0,0,0,0,0,0),(797,125,1,85,4,NULL,NULL,NULL,0,'Gnat',0,NULL,NULL,NULL,1,0,0,0,0,0,0),(798,90,1,85,4,NULL,NULL,NULL,0,'Glancer',1,NULL,NULL,NULL,1,0,0,0,0,0,0),(799,125,1,85,4,NULL,NULL,NULL,0,'Gnat',0,NULL,NULL,NULL,1,0,0,0,0,0,0),(800,125,1,85,4,NULL,NULL,NULL,0,'Gnat',0,NULL,NULL,NULL,1,0,0,0,0,0,0),(801,125,1,85,4,NULL,NULL,NULL,0,'Gnat',0,NULL,NULL,NULL,1,0,0,0,0,0,0),(802,125,1,85,4,NULL,NULL,NULL,0,'Gnat',1,NULL,NULL,NULL,1,0,0,0,0,0,0),(803,125,1,85,4,NULL,NULL,NULL,0,'Gnat',1,NULL,NULL,NULL,1,0,0,0,0,0,0),(804,125,1,86,4,NULL,NULL,NULL,0,'Gnat',0,NULL,NULL,NULL,1,0,0,0,0,0,0),(805,125,1,86,4,NULL,NULL,NULL,0,'Gnat',0,NULL,NULL,NULL,1,0,0,0,0,0,0),(806,125,1,86,4,NULL,NULL,NULL,0,'Gnat',1,NULL,NULL,NULL,1,0,0,0,0,0,0),(807,125,1,86,4,NULL,NULL,NULL,0,'Gnat',1,NULL,NULL,NULL,1,0,0,0,0,0,0),(808,4475,1,8,1,NULL,NULL,NULL,0,'Thor',0,0,90,NULL,1,0,0,0,0,0,0),(809,2812,1,8,1,NULL,NULL,NULL,0,'Dirac',1,0,90,NULL,1,0,0,0,0,0,0),(810,2812,1,8,1,NULL,NULL,NULL,0,'Dirac',1,0,90,NULL,1,0,0,0,0,0,0),(811,2812,1,8,1,NULL,NULL,NULL,0,'Dirac',1,0,90,NULL,1,0,0,0,0,0,0),(812,2812,1,8,1,NULL,NULL,NULL,0,'Dirac',1,0,90,NULL,1,0,0,0,0,0,0),(813,4475,1,8,1,NULL,NULL,NULL,0,'Thor',0,0,180,NULL,1,0,0,0,0,0,0),(814,2812,1,8,1,NULL,NULL,NULL,0,'Dirac',1,0,180,NULL,1,0,0,0,0,0,0),(815,2812,1,8,1,NULL,NULL,NULL,0,'Dirac',1,0,180,NULL,1,0,0,0,0,0,0),(816,2812,1,8,1,NULL,NULL,NULL,0,'Dirac',1,0,180,NULL,1,0,0,0,0,0,0),(817,2812,1,8,1,NULL,NULL,NULL,0,'Dirac',1,0,180,NULL,1,0,0,0,0,0,0),(818,4475,1,8,1,NULL,NULL,NULL,0,'Thor',0,2,300,NULL,1,0,0,0,0,0,0),(819,4475,1,8,1,NULL,NULL,NULL,0,'Thor',0,2,300,NULL,1,0,0,0,0,0,0),(820,4475,1,8,1,NULL,NULL,NULL,0,'Thor',0,2,300,NULL,1,0,0,0,0,0,0),(821,2812,1,8,1,NULL,NULL,NULL,0,'Dirac',1,2,300,NULL,1,0,0,0,0,0,0),(822,2812,1,8,1,NULL,NULL,NULL,0,'Dirac',1,2,300,NULL,1,0,0,0,0,0,0),(823,2812,1,8,1,NULL,NULL,NULL,0,'Dirac',1,2,300,NULL,1,0,0,0,0,0,0),(824,2812,1,8,1,NULL,NULL,NULL,0,'Dirac',1,2,300,NULL,1,0,0,0,0,0,0),(825,2812,1,8,1,NULL,NULL,NULL,0,'Dirac',1,2,300,NULL,1,0,0,0,0,0,0),(826,2812,1,8,1,NULL,NULL,NULL,0,'Dirac',1,2,300,NULL,1,0,0,0,0,0,0),(827,4475,1,8,1,NULL,NULL,NULL,0,'Thor',0,0,0,NULL,1,0,0,0,0,0,0),(828,2812,1,8,1,NULL,NULL,NULL,0,'Dirac',1,0,0,NULL,1,0,0,0,0,0,0),(829,2812,1,8,1,NULL,NULL,NULL,0,'Dirac',1,0,0,NULL,1,0,0,0,0,0,0),(830,2812,1,8,1,NULL,NULL,NULL,0,'Dirac',1,0,0,NULL,1,0,0,0,0,0,0),(831,2812,1,8,1,NULL,NULL,NULL,0,'Dirac',1,0,0,NULL,1,0,0,0,0,0,0),(832,4475,1,9,1,NULL,NULL,NULL,0,'Thor',0,1,225,NULL,1,0,0,0,0,0,0),(833,4475,1,9,1,NULL,NULL,NULL,0,'Thor',1,1,225,NULL,1,0,0,0,0,0,0),(834,4475,1,9,1,NULL,NULL,NULL,0,'Thor',1,1,225,NULL,1,0,0,0,0,0,0),(835,4475,1,9,1,NULL,NULL,NULL,0,'Thor',1,1,225,NULL,1,0,0,0,0,0,0),(836,4475,1,9,1,NULL,NULL,NULL,0,'Thor',1,1,225,NULL,1,0,0,0,0,0,0),(837,4475,1,9,1,NULL,NULL,NULL,0,'Thor',0,1,225,NULL,1,0,0,0,0,0,0),(838,2812,1,9,1,NULL,NULL,NULL,0,'Dirac',0,1,225,NULL,1,0,0,0,0,0,0),(839,2812,1,9,1,NULL,NULL,NULL,0,'Dirac',1,1,225,NULL,1,0,0,0,0,0,0),(840,2812,1,9,1,NULL,NULL,NULL,0,'Dirac',1,1,225,NULL,1,0,0,0,0,0,0),(841,2812,1,9,1,NULL,NULL,NULL,0,'Dirac',1,1,225,NULL,1,0,0,0,0,0,0),(842,26875,1,9,1,NULL,NULL,NULL,0,'Demosis',0,2,150,NULL,1,0,0,0,0,0,0),(843,4475,1,9,1,NULL,NULL,NULL,0,'Thor',1,2,150,NULL,1,0,0,0,0,0,0),(844,4475,1,9,1,NULL,NULL,NULL,0,'Thor',1,2,150,NULL,1,0,0,0,0,0,0),(845,4475,1,9,1,NULL,NULL,NULL,0,'Thor',1,2,150,NULL,1,0,0,0,0,0,0),(846,4475,1,9,1,NULL,NULL,NULL,0,'Thor',0,2,150,NULL,1,0,0,0,0,0,0),(847,2812,1,9,1,NULL,NULL,NULL,0,'Dirac',0,2,150,NULL,1,0,0,0,0,0,0),(848,2812,1,9,1,NULL,NULL,NULL,0,'Dirac',0,2,150,NULL,1,0,0,0,0,0,0),(849,2812,1,9,1,NULL,NULL,NULL,0,'Dirac',0,2,150,NULL,1,0,0,0,0,0,0),(850,2812,1,9,1,NULL,NULL,NULL,0,'Dirac',1,2,150,NULL,1,0,0,0,0,0,0),(851,2812,1,9,1,NULL,NULL,NULL,0,'Dirac',1,2,150,NULL,1,0,0,0,0,0,0),(852,2812,1,9,1,NULL,NULL,NULL,0,'Dirac',0,2,150,NULL,1,0,0,0,0,0,0),(853,2812,1,9,1,NULL,NULL,NULL,0,'Dirac',0,2,150,NULL,1,0,0,0,0,0,0),(854,4475,1,9,1,NULL,NULL,NULL,0,'Thor',0,2,30,NULL,1,0,0,0,0,0,0),(855,4475,1,9,1,NULL,NULL,NULL,0,'Thor',0,2,30,NULL,1,0,0,0,0,0,0),(856,2812,1,9,1,NULL,NULL,NULL,0,'Dirac',1,2,30,NULL,1,0,0,0,0,0,0),(857,2812,1,9,1,NULL,NULL,NULL,0,'Dirac',0,2,30,NULL,1,0,0,0,0,0,0),(858,2812,1,9,1,NULL,NULL,NULL,0,'Dirac',0,2,30,NULL,1,0,0,0,0,0,0),(859,2812,1,9,1,NULL,NULL,NULL,0,'Dirac',1,2,30,NULL,1,0,0,0,0,0,0),(860,2812,1,9,1,NULL,NULL,NULL,0,'Dirac',0,2,30,NULL,1,0,0,0,0,0,0),(861,4475,1,9,1,NULL,NULL,NULL,0,'Thor',0,0,90,NULL,1,0,0,0,0,0,0),(862,4475,1,9,1,NULL,NULL,NULL,0,'Thor',0,0,90,NULL,1,0,0,0,0,0,0),(863,4475,1,9,1,NULL,NULL,NULL,0,'Thor',0,0,90,NULL,1,0,0,0,0,0,0),(864,2812,1,9,1,NULL,NULL,NULL,0,'Dirac',0,0,90,NULL,1,0,0,0,0,0,0),(865,2812,1,9,1,NULL,NULL,NULL,0,'Dirac',1,0,90,NULL,1,0,0,0,0,0,0),(866,2812,1,9,1,NULL,NULL,NULL,0,'Dirac',1,0,90,NULL,1,0,0,0,0,0,0),(867,2812,1,9,1,NULL,NULL,NULL,0,'Dirac',1,0,90,NULL,1,0,0,0,0,0,0),(868,2812,1,9,1,NULL,NULL,NULL,0,'Dirac',1,0,90,NULL,1,0,0,0,0,0,0),(869,26875,1,9,1,NULL,NULL,NULL,0,'Demosis',0,2,180,NULL,1,0,0,0,0,0,0),(870,26875,1,9,1,NULL,NULL,NULL,0,'Demosis',0,2,180,NULL,1,0,0,0,0,0,0),(871,26875,1,9,1,NULL,NULL,NULL,0,'Demosis',0,2,180,NULL,1,0,0,0,0,0,0),(872,4475,1,9,1,NULL,NULL,NULL,0,'Thor',0,2,180,NULL,1,0,0,0,0,0,0),(873,4475,1,9,1,NULL,NULL,NULL,0,'Thor',0,2,180,NULL,1,0,0,0,0,0,0),(874,4475,1,9,1,NULL,NULL,NULL,0,'Thor',1,2,180,NULL,1,0,0,0,0,0,0),(875,2812,1,9,1,NULL,NULL,NULL,0,'Dirac',0,2,180,NULL,1,0,0,0,0,0,0),(876,2812,1,9,1,NULL,NULL,NULL,0,'Dirac',1,2,180,NULL,1,0,0,0,0,0,0),(877,2812,1,9,1,NULL,NULL,NULL,0,'Dirac',0,2,180,NULL,1,0,0,0,0,0,0),(878,90,1,87,4,NULL,NULL,NULL,0,'Glancer',1,NULL,NULL,NULL,1,0,0,0,0,0,0),(879,90,1,87,4,NULL,NULL,NULL,0,'Glancer',1,NULL,NULL,NULL,1,0,0,0,0,0,0),(880,125,1,87,4,NULL,NULL,NULL,0,'Gnat',0,NULL,NULL,NULL,1,0,0,0,0,0,0),(881,125,1,87,4,NULL,NULL,NULL,0,'Gnat',0,NULL,NULL,NULL,1,0,0,0,0,0,0),(882,125,1,87,4,NULL,NULL,NULL,0,'Gnat',1,NULL,NULL,NULL,1,0,0,0,0,0,0),(883,125,1,87,4,NULL,NULL,NULL,0,'Gnat',0,NULL,NULL,NULL,1,0,0,0,0,0,0),(884,125,1,87,4,NULL,NULL,NULL,0,'Gnat',0,NULL,NULL,NULL,1,0,0,0,0,0,0),(885,500,1,88,4,NULL,NULL,NULL,0,'Spudder',0,NULL,NULL,NULL,1,0,0,0,0,0,0),(886,90,1,88,4,NULL,NULL,NULL,0,'Glancer',1,NULL,NULL,NULL,1,0,0,0,0,0,0),(887,125,1,88,4,NULL,NULL,NULL,0,'Gnat',0,NULL,NULL,NULL,1,0,0,0,0,0,0),(888,125,1,88,4,NULL,NULL,NULL,0,'Gnat',0,NULL,NULL,NULL,1,0,0,0,0,0,0),(889,90,1,88,4,NULL,NULL,NULL,0,'Glancer',1,NULL,NULL,NULL,1,0,0,0,0,0,0),(890,90,1,88,4,NULL,NULL,NULL,0,'Glancer',1,NULL,NULL,NULL,1,0,0,0,0,0,0),(891,90,1,88,4,NULL,NULL,NULL,0,'Glancer',1,NULL,NULL,NULL,1,0,0,0,0,0,0),(892,90,1,88,4,NULL,NULL,NULL,0,'Glancer',1,NULL,NULL,NULL,1,0,0,0,0,0,0),(893,125,1,88,4,NULL,NULL,NULL,0,'Gnat',0,NULL,NULL,NULL,1,0,0,0,0,0,0),(894,125,1,88,4,NULL,NULL,NULL,0,'Gnat',0,NULL,NULL,NULL,1,0,0,0,0,0,0),(895,125,1,88,4,NULL,NULL,NULL,0,'Gnat',1,NULL,NULL,NULL,1,0,0,0,0,0,0),(896,125,1,88,4,NULL,NULL,NULL,0,'Gnat',0,NULL,NULL,NULL,1,0,0,0,0,0,0),(897,125,1,88,4,NULL,NULL,NULL,0,'Gnat',1,NULL,NULL,NULL,1,0,0,0,0,0,0),(898,125,1,88,4,NULL,NULL,NULL,0,'Gnat',1,NULL,NULL,NULL,1,0,0,0,0,0,0),(899,500,1,89,4,NULL,NULL,NULL,0,'Spudder',0,NULL,NULL,NULL,1,0,0,0,0,0,0),(900,90,1,89,4,NULL,NULL,NULL,0,'Glancer',1,NULL,NULL,NULL,1,0,0,0,0,0,0),(901,125,1,89,4,NULL,NULL,NULL,0,'Gnat',0,NULL,NULL,NULL,1,0,0,0,0,0,0),(902,125,1,89,4,NULL,NULL,NULL,0,'Gnat',0,NULL,NULL,NULL,1,0,0,0,0,0,0),(903,90,1,89,4,NULL,NULL,NULL,0,'Glancer',1,NULL,NULL,NULL,1,0,0,0,0,0,0),(904,90,1,89,4,NULL,NULL,NULL,0,'Glancer',1,NULL,NULL,NULL,1,0,0,0,0,0,0),(905,90,1,89,4,NULL,NULL,NULL,0,'Glancer',1,NULL,NULL,NULL,1,0,0,0,0,0,0),(906,125,1,89,4,NULL,NULL,NULL,0,'Gnat',0,NULL,NULL,NULL,1,0,0,0,0,0,0),(907,125,1,89,4,NULL,NULL,NULL,0,'Gnat',0,NULL,NULL,NULL,1,0,0,0,0,0,0),(908,125,1,89,4,NULL,NULL,NULL,0,'Gnat',1,NULL,NULL,NULL,1,0,0,0,0,0,0),(909,125,1,89,4,NULL,NULL,NULL,0,'Gnat',0,NULL,NULL,NULL,1,0,0,0,0,0,0),(910,125,1,89,4,NULL,NULL,NULL,0,'Gnat',1,NULL,NULL,NULL,1,0,0,0,0,0,0),(911,900,1,90,4,NULL,NULL,NULL,0,'Gnawer',0,NULL,NULL,NULL,1,0,0,0,0,0,0),(912,900,1,90,4,NULL,NULL,NULL,0,'Gnawer',0,NULL,NULL,NULL,1,0,0,0,0,0,0),(913,900,1,90,4,NULL,NULL,NULL,0,'Gnawer',0,NULL,NULL,NULL,1,0,0,0,0,0,0),(914,900,1,90,4,NULL,NULL,NULL,0,'Gnawer',0,NULL,NULL,NULL,1,0,0,0,0,0,0),(915,500,1,90,4,NULL,NULL,NULL,0,'Spudder',1,NULL,NULL,NULL,1,0,0,0,0,0,0),(916,500,1,90,4,NULL,NULL,NULL,0,'Spudder',0,NULL,NULL,NULL,1,0,0,0,0,0,0),(917,500,1,90,4,NULL,NULL,NULL,0,'Spudder',0,NULL,NULL,NULL,1,0,0,0,0,0,0),(918,90,1,90,4,NULL,NULL,NULL,0,'Glancer',1,NULL,NULL,NULL,1,0,0,0,0,0,0),(919,125,1,90,4,NULL,NULL,NULL,0,'Gnat',0,NULL,NULL,NULL,1,0,0,0,0,0,0),(920,125,1,90,4,NULL,NULL,NULL,0,'Gnat',1,NULL,NULL,NULL,1,0,0,0,0,0,0),(921,125,1,90,4,NULL,NULL,NULL,0,'Gnat',0,NULL,NULL,NULL,1,0,0,0,0,0,0),(922,125,1,90,4,NULL,NULL,NULL,0,'Gnat',0,NULL,NULL,NULL,1,0,0,0,0,0,0),(923,90,1,90,4,NULL,NULL,NULL,0,'Glancer',1,NULL,NULL,NULL,1,0,0,0,0,0,0),(924,90,1,90,4,NULL,NULL,NULL,0,'Glancer',1,NULL,NULL,NULL,1,0,0,0,0,0,0),(925,125,1,90,4,NULL,NULL,NULL,0,'Gnat',0,NULL,NULL,NULL,1,0,0,0,0,0,0),(926,125,1,90,4,NULL,NULL,NULL,0,'Gnat',0,NULL,NULL,NULL,1,0,0,0,0,0,0),(927,125,1,90,4,NULL,NULL,NULL,0,'Gnat',1,NULL,NULL,NULL,1,0,0,0,0,0,0),(928,125,1,90,4,NULL,NULL,NULL,0,'Gnat',0,NULL,NULL,NULL,1,0,0,0,0,0,0),(929,900,1,91,4,NULL,NULL,NULL,0,'Gnawer',0,NULL,NULL,NULL,1,0,0,0,0,0,0),(930,900,1,91,4,NULL,NULL,NULL,0,'Gnawer',0,NULL,NULL,NULL,1,0,0,0,0,0,0),(931,500,1,91,4,NULL,NULL,NULL,0,'Spudder',1,NULL,NULL,NULL,1,0,0,0,0,0,0),(932,500,1,91,4,NULL,NULL,NULL,0,'Spudder',0,NULL,NULL,NULL,1,0,0,0,0,0,0),(933,500,1,91,4,NULL,NULL,NULL,0,'Spudder',0,NULL,NULL,NULL,1,0,0,0,0,0,0),(934,90,1,91,4,NULL,NULL,NULL,0,'Glancer',1,NULL,NULL,NULL,1,0,0,0,0,0,0),(935,125,1,91,4,NULL,NULL,NULL,0,'Gnat',1,NULL,NULL,NULL,1,0,0,0,0,0,0),(936,125,1,91,4,NULL,NULL,NULL,0,'Gnat',0,NULL,NULL,NULL,1,0,0,0,0,0,0),(937,125,1,91,4,NULL,NULL,NULL,0,'Gnat',0,NULL,NULL,NULL,1,0,0,0,0,0,0),(938,90,1,91,4,NULL,NULL,NULL,0,'Glancer',1,NULL,NULL,NULL,1,0,0,0,0,0,0),(939,90,1,91,4,NULL,NULL,NULL,0,'Glancer',1,NULL,NULL,NULL,1,0,0,0,0,0,0),(940,90,1,91,4,NULL,NULL,NULL,0,'Glancer',1,NULL,NULL,NULL,1,0,0,0,0,0,0),(941,125,1,91,4,NULL,NULL,NULL,0,'Gnat',0,NULL,NULL,NULL,1,0,0,0,0,0,0),(942,125,1,91,4,NULL,NULL,NULL,0,'Gnat',0,NULL,NULL,NULL,1,0,0,0,0,0,0),(943,125,1,91,4,NULL,NULL,NULL,0,'Gnat',1,NULL,NULL,NULL,1,0,0,0,0,0,0),(944,125,1,91,4,NULL,NULL,NULL,0,'Gnat',0,NULL,NULL,NULL,1,0,0,0,0,0,0),(945,125,1,91,4,NULL,NULL,NULL,0,'Gnat',1,NULL,NULL,NULL,1,0,0,0,0,0,0),(946,900,1,92,4,NULL,NULL,NULL,0,'Gnawer',0,NULL,NULL,NULL,1,0,0,0,0,0,0),(947,500,1,92,4,NULL,NULL,NULL,0,'Spudder',0,NULL,NULL,NULL,1,0,0,0,0,0,0),(948,500,1,92,4,NULL,NULL,NULL,0,'Spudder',1,NULL,NULL,NULL,1,0,0,0,0,0,0),(949,500,1,92,4,NULL,NULL,NULL,0,'Spudder',0,NULL,NULL,NULL,1,0,0,0,0,0,0),(950,125,1,92,4,NULL,NULL,NULL,0,'Gnat',0,NULL,NULL,NULL,1,0,0,0,0,0,0),(951,90,1,92,4,NULL,NULL,NULL,0,'Glancer',1,NULL,NULL,NULL,1,0,0,0,0,0,0),(952,90,1,92,4,NULL,NULL,NULL,0,'Glancer',1,NULL,NULL,NULL,1,0,0,0,0,0,0),(953,90,1,92,4,NULL,NULL,NULL,0,'Glancer',1,NULL,NULL,NULL,1,0,0,0,0,0,0),(954,125,1,92,4,NULL,NULL,NULL,0,'Gnat',0,NULL,NULL,NULL,1,0,0,0,0,0,0),(955,125,1,92,4,NULL,NULL,NULL,0,'Gnat',0,NULL,NULL,NULL,1,0,0,0,0,0,0),(956,125,1,92,4,NULL,NULL,NULL,0,'Gnat',1,NULL,NULL,NULL,1,0,0,0,0,0,0),(957,125,1,92,4,NULL,NULL,NULL,0,'Gnat',0,NULL,NULL,NULL,1,0,0,0,0,0,0),(958,125,1,92,4,NULL,NULL,NULL,0,'Gnat',1,NULL,NULL,NULL,1,0,0,0,0,0,0),(959,125,1,92,4,NULL,NULL,NULL,0,'Gnat',1,NULL,NULL,NULL,1,0,0,0,0,0,0),(960,125,1,92,4,NULL,NULL,NULL,0,'Gnat',1,NULL,NULL,NULL,1,0,0,0,0,0,0),(961,90,1,93,4,NULL,NULL,NULL,0,'Glancer',1,NULL,NULL,NULL,1,0,0,0,0,0,0),(962,125,1,93,4,NULL,NULL,NULL,0,'Gnat',1,NULL,NULL,NULL,1,0,0,0,0,0,0),(963,125,1,93,4,NULL,NULL,NULL,0,'Gnat',0,NULL,NULL,NULL,1,0,0,0,0,0,0),(964,125,1,93,4,NULL,NULL,NULL,0,'Gnat',0,NULL,NULL,NULL,1,0,0,0,0,0,0),(965,90,1,93,4,NULL,NULL,NULL,0,'Glancer',1,NULL,NULL,NULL,1,0,0,0,0,0,0),(966,90,1,93,4,NULL,NULL,NULL,0,'Glancer',1,NULL,NULL,NULL,1,0,0,0,0,0,0),(967,90,1,93,4,NULL,NULL,NULL,0,'Glancer',1,NULL,NULL,NULL,1,0,0,0,0,0,0),(968,90,1,93,4,NULL,NULL,NULL,0,'Glancer',1,NULL,NULL,NULL,1,0,0,0,0,0,0),(969,90,1,93,4,NULL,NULL,NULL,0,'Glancer',1,NULL,NULL,NULL,1,0,0,0,0,0,0),(970,125,1,93,4,NULL,NULL,NULL,0,'Gnat',0,NULL,NULL,NULL,1,0,0,0,0,0,0),(971,125,1,93,4,NULL,NULL,NULL,0,'Gnat',0,NULL,NULL,NULL,1,0,0,0,0,0,0),(972,125,1,93,4,NULL,NULL,NULL,0,'Gnat',1,NULL,NULL,NULL,1,0,0,0,0,0,0),(973,125,1,93,4,NULL,NULL,NULL,0,'Gnat',0,NULL,NULL,NULL,1,0,0,0,0,0,0),(974,125,1,93,4,NULL,NULL,NULL,0,'Gnat',1,NULL,NULL,NULL,1,0,0,0,0,0,0),(975,500,1,94,4,NULL,NULL,NULL,0,'Spudder',0,NULL,NULL,NULL,1,0,0,0,0,0,0),(976,90,1,94,4,NULL,NULL,NULL,0,'Glancer',1,NULL,NULL,NULL,1,0,0,0,0,0,0),(977,125,1,94,4,NULL,NULL,NULL,0,'Gnat',0,NULL,NULL,NULL,1,0,0,0,0,0,0),(978,125,1,94,4,NULL,NULL,NULL,0,'Gnat',0,NULL,NULL,NULL,1,0,0,0,0,0,0),(979,90,1,94,4,NULL,NULL,NULL,0,'Glancer',1,NULL,NULL,NULL,1,0,0,0,0,0,0),(980,90,1,94,4,NULL,NULL,NULL,0,'Glancer',1,NULL,NULL,NULL,1,0,0,0,0,0,0),(981,90,1,94,4,NULL,NULL,NULL,0,'Glancer',1,NULL,NULL,NULL,1,0,0,0,0,0,0),(982,125,1,94,4,NULL,NULL,NULL,0,'Gnat',0,NULL,NULL,NULL,1,0,0,0,0,0,0),(983,125,1,94,4,NULL,NULL,NULL,0,'Gnat',0,NULL,NULL,NULL,1,0,0,0,0,0,0),(984,125,1,94,4,NULL,NULL,NULL,0,'Gnat',1,NULL,NULL,NULL,1,0,0,0,0,0,0),(985,125,1,94,4,NULL,NULL,NULL,0,'Gnat',1,NULL,NULL,NULL,1,0,0,0,0,0,0),(986,125,1,95,4,NULL,NULL,NULL,0,'Gnat',0,NULL,NULL,NULL,1,0,0,0,0,0,0),(987,125,1,95,4,NULL,NULL,NULL,0,'Gnat',0,NULL,NULL,NULL,1,0,0,0,0,0,0),(988,90,1,95,4,NULL,NULL,NULL,0,'Glancer',1,NULL,NULL,NULL,1,0,0,0,0,0,0),(989,90,1,95,4,NULL,NULL,NULL,0,'Glancer',1,NULL,NULL,NULL,1,0,0,0,0,0,0),(990,90,1,95,4,NULL,NULL,NULL,0,'Glancer',1,NULL,NULL,NULL,1,0,0,0,0,0,0),(991,125,1,95,4,NULL,NULL,NULL,0,'Gnat',0,NULL,NULL,NULL,1,0,0,0,0,0,0),(992,125,1,95,4,NULL,NULL,NULL,0,'Gnat',0,NULL,NULL,NULL,1,0,0,0,0,0,0),(993,125,1,95,4,NULL,NULL,NULL,0,'Gnat',1,NULL,NULL,NULL,1,0,0,0,0,0,0),(994,125,1,95,4,NULL,NULL,NULL,0,'Gnat',0,NULL,NULL,NULL,1,0,0,0,0,0,0),(995,125,1,96,4,NULL,NULL,NULL,0,'Gnat',0,NULL,NULL,NULL,1,0,0,0,0,0,0),(996,125,1,96,4,NULL,NULL,NULL,0,'Gnat',0,NULL,NULL,NULL,1,0,0,0,0,0,0),(997,125,1,96,4,NULL,NULL,NULL,0,'Gnat',1,NULL,NULL,NULL,1,0,0,0,0,0,0),(998,125,1,96,4,NULL,NULL,NULL,0,'Gnat',0,NULL,NULL,NULL,1,0,0,0,0,0,0),(999,125,1,97,4,NULL,NULL,NULL,0,'Gnat',0,NULL,NULL,NULL,1,0,0,0,0,0,0),(1000,125,1,97,4,NULL,NULL,NULL,0,'Gnat',0,NULL,NULL,NULL,1,0,0,0,0,0,0),(1001,125,1,97,4,NULL,NULL,NULL,0,'Gnat',1,NULL,NULL,NULL,1,0,0,0,0,0,0),(1002,125,1,97,4,NULL,NULL,NULL,0,'Gnat',0,NULL,NULL,NULL,1,0,0,0,0,0,0),(1003,125,1,97,4,NULL,NULL,NULL,0,'Gnat',1,NULL,NULL,NULL,1,0,0,0,0,0,0),(1004,26875,1,9,1,NULL,NULL,NULL,0,'Demosis',0,3,314,NULL,1,0,0,0,0,0,0),(1005,4475,1,9,1,NULL,NULL,NULL,0,'Thor',1,3,314,NULL,1,0,0,0,0,0,0),(1006,4475,1,9,1,NULL,NULL,NULL,0,'Thor',1,3,314,NULL,1,0,0,0,0,0,0),(1007,4475,1,9,1,NULL,NULL,NULL,0,'Thor',1,3,314,NULL,1,0,0,0,0,0,0),(1008,4475,1,9,1,NULL,NULL,NULL,0,'Thor',1,3,314,NULL,1,0,0,0,0,0,0),(1009,4475,1,9,1,NULL,NULL,NULL,0,'Thor',0,3,314,NULL,1,0,0,0,0,0,0),(1010,4475,1,9,1,NULL,NULL,NULL,0,'Thor',1,3,314,NULL,1,0,0,0,0,0,0),(1011,4475,1,9,1,NULL,NULL,NULL,0,'Thor',1,3,314,NULL,1,0,0,0,0,0,0),(1012,2812,1,9,1,NULL,NULL,NULL,0,'Dirac',1,3,314,NULL,1,0,0,0,0,0,0),(1013,2812,1,9,1,NULL,NULL,NULL,0,'Dirac',1,3,314,NULL,1,0,0,0,0,0,0),(1014,2812,1,9,1,NULL,NULL,NULL,0,'Dirac',1,3,314,NULL,1,0,0,0,0,0,0),(1015,2812,1,9,1,NULL,NULL,NULL,0,'Dirac',1,3,314,NULL,1,0,0,0,0,0,0),(1016,2812,1,9,1,NULL,NULL,NULL,0,'Dirac',0,3,314,NULL,1,0,0,0,0,0,0),(1017,26875,1,9,1,NULL,NULL,NULL,0,'Demosis',0,0,270,NULL,1,0,0,0,0,0,0),(1018,26875,1,9,1,NULL,NULL,NULL,0,'Demosis',0,0,270,NULL,1,0,0,0,0,0,0),(1019,26875,1,9,1,NULL,NULL,NULL,0,'Demosis',0,0,270,NULL,1,0,0,0,0,0,0),(1020,4475,1,9,1,NULL,NULL,NULL,0,'Thor',0,0,270,NULL,1,0,0,0,0,0,0),(1021,4475,1,9,1,NULL,NULL,NULL,0,'Thor',1,0,270,NULL,1,0,0,0,0,0,0),(1022,4475,1,9,1,NULL,NULL,NULL,0,'Thor',1,0,270,NULL,1,0,0,0,0,0,0),(1023,4475,1,9,1,NULL,NULL,NULL,0,'Thor',0,0,270,NULL,1,0,0,0,0,0,0),(1024,4475,1,9,1,NULL,NULL,NULL,0,'Thor',0,0,270,NULL,1,0,0,0,0,0,0),(1025,2812,1,9,1,NULL,NULL,NULL,0,'Dirac',1,0,270,NULL,1,0,0,0,0,0,0),(1026,2812,1,9,1,NULL,NULL,NULL,0,'Dirac',1,0,270,NULL,1,0,0,0,0,0,0),(1027,2812,1,9,1,NULL,NULL,NULL,0,'Dirac',1,0,270,NULL,1,0,0,0,0,0,0),(1028,2812,1,9,1,NULL,NULL,NULL,0,'Dirac',0,0,270,NULL,1,0,0,0,0,0,0),(1029,2812,1,9,1,NULL,NULL,NULL,0,'Dirac',1,0,270,NULL,1,0,0,0,0,0,0),(1030,2812,1,9,1,NULL,NULL,NULL,0,'Dirac',0,0,270,NULL,1,0,0,0,0,0,0),(1031,90,1,98,4,NULL,NULL,NULL,0,'Glancer',1,NULL,NULL,NULL,1,0,0,0,0,0,0),(1032,90,1,98,4,NULL,NULL,NULL,0,'Glancer',1,NULL,NULL,NULL,1,0,0,0,0,0,0),(1033,125,1,98,4,NULL,NULL,NULL,0,'Gnat',0,NULL,NULL,NULL,1,0,0,0,0,0,0),(1034,125,1,98,4,NULL,NULL,NULL,0,'Gnat',0,NULL,NULL,NULL,1,0,0,0,0,0,0),(1035,125,1,98,4,NULL,NULL,NULL,0,'Gnat',1,NULL,NULL,NULL,1,0,0,0,0,0,0),(1036,125,1,98,4,NULL,NULL,NULL,0,'Gnat',0,NULL,NULL,NULL,1,0,0,0,0,0,0),(1037,125,1,98,4,NULL,NULL,NULL,0,'Gnat',1,NULL,NULL,NULL,1,0,0,0,0,0,0),(1038,125,1,98,4,NULL,NULL,NULL,0,'Gnat',1,NULL,NULL,NULL,1,0,0,0,0,0,0),(1039,125,1,99,4,NULL,NULL,NULL,0,'Gnat',0,NULL,NULL,NULL,1,0,0,0,0,0,0),(1040,125,1,99,4,NULL,NULL,NULL,0,'Gnat',0,NULL,NULL,NULL,1,0,0,0,0,0,0),(1041,125,1,99,4,NULL,NULL,NULL,0,'Gnat',1,NULL,NULL,NULL,1,0,0,0,0,0,0),(1042,125,1,99,4,NULL,NULL,NULL,0,'Gnat',0,NULL,NULL,NULL,1,0,0,0,0,0,0),(1043,125,1,99,4,NULL,NULL,NULL,0,'Gnat',0,NULL,NULL,NULL,1,0,0,0,0,0,0),(1044,125,1,99,4,NULL,NULL,NULL,0,'Gnat',1,NULL,NULL,NULL,1,0,0,0,0,0,0),(1045,90,1,100,4,NULL,NULL,NULL,0,'Glancer',1,NULL,NULL,NULL,1,0,0,0,0,0,0),(1046,125,1,100,4,NULL,NULL,NULL,0,'Gnat',0,NULL,NULL,NULL,1,0,0,0,0,0,0),(1047,125,1,100,4,NULL,NULL,NULL,0,'Gnat',0,NULL,NULL,NULL,1,0,0,0,0,0,0),(1048,125,1,100,4,NULL,NULL,NULL,0,'Gnat',1,NULL,NULL,NULL,1,0,0,0,0,0,0),(1049,125,1,100,4,NULL,NULL,NULL,0,'Gnat',0,NULL,NULL,NULL,1,0,0,0,0,0,0),(1050,125,1,100,4,NULL,NULL,NULL,0,'Gnat',1,NULL,NULL,NULL,1,0,0,0,0,0,0),(1051,125,1,100,4,NULL,NULL,NULL,0,'Gnat',1,NULL,NULL,NULL,1,0,0,0,0,0,0),(1052,90,1,101,4,NULL,NULL,NULL,0,'Glancer',1,NULL,NULL,NULL,1,0,0,0,0,0,0),(1053,90,1,101,4,NULL,NULL,NULL,0,'Glancer',1,NULL,NULL,NULL,1,0,0,0,0,0,0),(1054,125,1,101,4,NULL,NULL,NULL,0,'Gnat',0,NULL,NULL,NULL,1,0,0,0,0,0,0),(1055,125,1,101,4,NULL,NULL,NULL,0,'Gnat',0,NULL,NULL,NULL,1,0,0,0,0,0,0),(1056,125,1,101,4,NULL,NULL,NULL,0,'Gnat',1,NULL,NULL,NULL,1,0,0,0,0,0,0),(1057,125,1,101,4,NULL,NULL,NULL,0,'Gnat',1,NULL,NULL,NULL,1,0,0,0,0,0,0),(1058,125,1,101,4,NULL,NULL,NULL,0,'Gnat',1,NULL,NULL,NULL,1,0,0,0,0,0,0),(1059,500,1,102,4,NULL,NULL,NULL,0,'Spudder',1,NULL,NULL,NULL,1,0,0,0,0,0,0),(1060,500,1,102,4,NULL,NULL,NULL,0,'Spudder',0,NULL,NULL,NULL,1,0,0,0,0,0,0),(1061,90,1,102,4,NULL,NULL,NULL,0,'Glancer',1,NULL,NULL,NULL,1,0,0,0,0,0,0),(1062,125,1,102,4,NULL,NULL,NULL,0,'Gnat',0,NULL,NULL,NULL,1,0,0,0,0,0,0),(1063,125,1,102,4,NULL,NULL,NULL,0,'Gnat',0,NULL,NULL,NULL,1,0,0,0,0,0,0),(1064,90,1,102,4,NULL,NULL,NULL,0,'Glancer',1,NULL,NULL,NULL,1,0,0,0,0,0,0),(1065,90,1,102,4,NULL,NULL,NULL,0,'Glancer',1,NULL,NULL,NULL,1,0,0,0,0,0,0),(1066,90,1,102,4,NULL,NULL,NULL,0,'Glancer',1,NULL,NULL,NULL,1,0,0,0,0,0,0),(1067,90,1,102,4,NULL,NULL,NULL,0,'Glancer',1,NULL,NULL,NULL,1,0,0,0,0,0,0),(1068,125,1,102,4,NULL,NULL,NULL,0,'Gnat',0,NULL,NULL,NULL,1,0,0,0,0,0,0),(1069,125,1,102,4,NULL,NULL,NULL,0,'Gnat',0,NULL,NULL,NULL,1,0,0,0,0,0,0),(1070,125,1,102,4,NULL,NULL,NULL,0,'Gnat',1,NULL,NULL,NULL,1,0,0,0,0,0,0),(1071,125,1,102,4,NULL,NULL,NULL,0,'Gnat',0,NULL,NULL,NULL,1,0,0,0,0,0,0),(1072,900,1,103,4,NULL,NULL,NULL,0,'Gnawer',0,NULL,NULL,NULL,1,0,0,0,0,0,0),(1073,900,1,103,4,NULL,NULL,NULL,0,'Gnawer',0,NULL,NULL,NULL,1,0,0,0,0,0,0),(1074,900,1,103,4,NULL,NULL,NULL,0,'Gnawer',0,NULL,NULL,NULL,1,0,0,0,0,0,0),(1075,500,1,103,4,NULL,NULL,NULL,0,'Spudder',1,NULL,NULL,NULL,1,0,0,0,0,0,0),(1076,500,1,103,4,NULL,NULL,NULL,0,'Spudder',0,NULL,NULL,NULL,1,0,0,0,0,0,0),(1077,90,1,103,4,NULL,NULL,NULL,0,'Glancer',1,NULL,NULL,NULL,1,0,0,0,0,0,0),(1078,90,1,103,4,NULL,NULL,NULL,0,'Glancer',1,NULL,NULL,NULL,1,0,0,0,0,0,0),(1079,90,1,103,4,NULL,NULL,NULL,0,'Glancer',1,NULL,NULL,NULL,1,0,0,0,0,0,0),(1080,90,1,103,4,NULL,NULL,NULL,0,'Glancer',1,NULL,NULL,NULL,1,0,0,0,0,0,0),(1081,125,1,103,4,NULL,NULL,NULL,0,'Gnat',0,NULL,NULL,NULL,1,0,0,0,0,0,0),(1082,125,1,103,4,NULL,NULL,NULL,0,'Gnat',0,NULL,NULL,NULL,1,0,0,0,0,0,0),(1083,125,1,103,4,NULL,NULL,NULL,0,'Gnat',1,NULL,NULL,NULL,1,0,0,0,0,0,0),(1084,125,1,103,4,NULL,NULL,NULL,0,'Gnat',0,NULL,NULL,NULL,1,0,0,0,0,0,0),(1085,125,1,103,4,NULL,NULL,NULL,0,'Gnat',1,NULL,NULL,NULL,1,0,0,0,0,0,0),(1086,900,1,104,4,NULL,NULL,NULL,0,'Gnawer',0,NULL,NULL,NULL,1,0,0,0,0,0,0),(1087,900,1,104,4,NULL,NULL,NULL,0,'Gnawer',0,NULL,NULL,NULL,1,0,0,0,0,0,0),(1088,500,1,104,4,NULL,NULL,NULL,0,'Spudder',0,NULL,NULL,NULL,1,0,0,0,0,0,0),(1089,900,1,104,4,NULL,NULL,NULL,0,'Gnawer',0,NULL,NULL,NULL,1,0,0,0,0,0,0),(1090,500,1,104,4,NULL,NULL,NULL,0,'Spudder',0,NULL,NULL,NULL,1,0,0,0,0,0,0),(1091,500,1,104,4,NULL,NULL,NULL,0,'Spudder',0,NULL,NULL,NULL,1,0,0,0,0,0,0),(1092,125,1,104,4,NULL,NULL,NULL,0,'Gnat',1,NULL,NULL,NULL,1,0,0,0,0,0,0),(1093,125,1,104,4,NULL,NULL,NULL,0,'Gnat',0,NULL,NULL,NULL,1,0,0,0,0,0,0),(1094,90,1,104,4,NULL,NULL,NULL,0,'Glancer',1,NULL,NULL,NULL,1,0,0,0,0,0,0),(1095,90,1,104,4,NULL,NULL,NULL,0,'Glancer',1,NULL,NULL,NULL,1,0,0,0,0,0,0),(1096,90,1,104,4,NULL,NULL,NULL,0,'Glancer',1,NULL,NULL,NULL,1,0,0,0,0,0,0),(1097,90,1,104,4,NULL,NULL,NULL,0,'Glancer',1,NULL,NULL,NULL,1,0,0,0,0,0,0),(1098,125,1,104,4,NULL,NULL,NULL,0,'Gnat',0,NULL,NULL,NULL,1,0,0,0,0,0,0),(1099,125,1,104,4,NULL,NULL,NULL,0,'Gnat',0,NULL,NULL,NULL,1,0,0,0,0,0,0),(1100,125,1,104,4,NULL,NULL,NULL,0,'Gnat',1,NULL,NULL,NULL,1,0,0,0,0,0,0),(1101,125,1,104,4,NULL,NULL,NULL,0,'Gnat',1,NULL,NULL,NULL,1,0,0,0,0,0,0),(1102,125,1,104,4,NULL,NULL,NULL,0,'Gnat',1,NULL,NULL,NULL,1,0,0,0,0,0,0),(1103,900,1,105,4,NULL,NULL,NULL,0,'Gnawer',0,NULL,NULL,NULL,1,0,0,0,0,0,0),(1104,500,1,105,4,NULL,NULL,NULL,0,'Spudder',0,NULL,NULL,NULL,1,0,0,0,0,0,0),(1105,500,1,105,4,NULL,NULL,NULL,0,'Spudder',0,NULL,NULL,NULL,1,0,0,0,0,0,0),(1106,500,1,105,4,NULL,NULL,NULL,0,'Spudder',0,NULL,NULL,NULL,1,0,0,0,0,0,0),(1107,90,1,105,4,NULL,NULL,NULL,0,'Glancer',1,NULL,NULL,NULL,1,0,0,0,0,0,0),(1108,125,1,105,4,NULL,NULL,NULL,0,'Gnat',0,NULL,NULL,NULL,1,0,0,0,0,0,0),(1109,125,1,105,4,NULL,NULL,NULL,0,'Gnat',0,NULL,NULL,NULL,1,0,0,0,0,0,0),(1110,90,1,105,4,NULL,NULL,NULL,0,'Glancer',1,NULL,NULL,NULL,1,0,0,0,0,0,0),(1111,90,1,105,4,NULL,NULL,NULL,0,'Glancer',1,NULL,NULL,NULL,1,0,0,0,0,0,0),(1112,90,1,105,4,NULL,NULL,NULL,0,'Glancer',1,NULL,NULL,NULL,1,0,0,0,0,0,0),(1113,90,1,105,4,NULL,NULL,NULL,0,'Glancer',1,NULL,NULL,NULL,1,0,0,0,0,0,0),(1114,90,1,105,4,NULL,NULL,NULL,0,'Glancer',1,NULL,NULL,NULL,1,0,0,0,0,0,0),(1115,125,1,105,4,NULL,NULL,NULL,0,'Gnat',0,NULL,NULL,NULL,1,0,0,0,0,0,0),(1116,125,1,105,4,NULL,NULL,NULL,0,'Gnat',0,NULL,NULL,NULL,1,0,0,0,0,0,0),(1117,125,1,105,4,NULL,NULL,NULL,0,'Gnat',1,NULL,NULL,NULL,1,0,0,0,0,0,0),(1118,125,1,105,4,NULL,NULL,NULL,0,'Gnat',0,NULL,NULL,NULL,1,0,0,0,0,0,0),(1119,125,1,105,4,NULL,NULL,NULL,0,'Gnat',0,NULL,NULL,NULL,1,0,0,0,0,0,0),(1120,125,1,105,4,NULL,NULL,NULL,0,'Gnat',1,NULL,NULL,NULL,1,0,0,0,0,0,0),(1121,125,1,105,4,NULL,NULL,NULL,0,'Gnat',1,NULL,NULL,NULL,1,0,0,0,0,0,0),(1122,900,1,106,4,NULL,NULL,NULL,0,'Gnawer',0,NULL,NULL,NULL,1,0,0,0,0,0,0),(1123,900,1,106,4,NULL,NULL,NULL,0,'Gnawer',0,NULL,NULL,NULL,1,0,0,0,0,0,0),(1124,500,1,106,4,NULL,NULL,NULL,0,'Spudder',0,NULL,NULL,NULL,1,0,0,0,0,0,0),(1125,500,1,106,4,NULL,NULL,NULL,0,'Spudder',1,NULL,NULL,NULL,1,0,0,0,0,0,0),(1126,500,1,106,4,NULL,NULL,NULL,0,'Spudder',0,NULL,NULL,NULL,1,0,0,0,0,0,0),(1127,90,1,106,4,NULL,NULL,NULL,0,'Glancer',1,NULL,NULL,NULL,1,0,0,0,0,0,0),(1128,125,1,106,4,NULL,NULL,NULL,0,'Gnat',0,NULL,NULL,NULL,1,0,0,0,0,0,0),(1129,125,1,106,4,NULL,NULL,NULL,0,'Gnat',1,NULL,NULL,NULL,1,0,0,0,0,0,0),(1130,125,1,106,4,NULL,NULL,NULL,0,'Gnat',0,NULL,NULL,NULL,1,0,0,0,0,0,0),(1131,125,1,106,4,NULL,NULL,NULL,0,'Gnat',0,NULL,NULL,NULL,1,0,0,0,0,0,0),(1132,90,1,106,4,NULL,NULL,NULL,0,'Glancer',1,NULL,NULL,NULL,1,0,0,0,0,0,0),(1133,90,1,106,4,NULL,NULL,NULL,0,'Glancer',1,NULL,NULL,NULL,1,0,0,0,0,0,0),(1134,90,1,106,4,NULL,NULL,NULL,0,'Glancer',1,NULL,NULL,NULL,1,0,0,0,0,0,0),(1135,125,1,106,4,NULL,NULL,NULL,0,'Gnat',0,NULL,NULL,NULL,1,0,0,0,0,0,0),(1136,125,1,106,4,NULL,NULL,NULL,0,'Gnat',0,NULL,NULL,NULL,1,0,0,0,0,0,0),(1137,125,1,106,4,NULL,NULL,NULL,0,'Gnat',1,NULL,NULL,NULL,1,0,0,0,0,0,0),(1138,125,1,106,4,NULL,NULL,NULL,0,'Gnat',1,NULL,NULL,NULL,1,0,0,0,0,0,0),(1139,125,1,106,4,NULL,NULL,NULL,0,'Gnat',0,NULL,NULL,NULL,1,0,0,0,0,0,0),(1140,90,1,107,4,NULL,NULL,NULL,0,'Glancer',1,NULL,NULL,NULL,1,0,0,0,0,0,0),(1141,125,1,107,4,NULL,NULL,NULL,0,'Gnat',0,NULL,NULL,NULL,1,0,0,0,0,0,0),(1142,125,1,107,4,NULL,NULL,NULL,0,'Gnat',1,NULL,NULL,NULL,1,0,0,0,0,0,0),(1143,125,1,107,4,NULL,NULL,NULL,0,'Gnat',0,NULL,NULL,NULL,1,0,0,0,0,0,0),(1144,125,1,107,4,NULL,NULL,NULL,0,'Gnat',0,NULL,NULL,NULL,1,0,0,0,0,0,0),(1145,90,1,107,4,NULL,NULL,NULL,0,'Glancer',1,NULL,NULL,NULL,1,0,0,0,0,0,0),(1146,90,1,107,4,NULL,NULL,NULL,0,'Glancer',1,NULL,NULL,NULL,1,0,0,0,0,0,0),(1147,90,1,107,4,NULL,NULL,NULL,0,'Glancer',1,NULL,NULL,NULL,1,0,0,0,0,0,0),(1148,125,1,107,4,NULL,NULL,NULL,0,'Gnat',0,NULL,NULL,NULL,1,0,0,0,0,0,0),(1149,125,1,107,4,NULL,NULL,NULL,0,'Gnat',0,NULL,NULL,NULL,1,0,0,0,0,0,0),(1150,125,1,107,4,NULL,NULL,NULL,0,'Gnat',1,NULL,NULL,NULL,1,0,0,0,0,0,0),(1151,125,1,107,4,NULL,NULL,NULL,0,'Gnat',0,NULL,NULL,NULL,1,0,0,0,0,0,0),(1152,125,1,107,4,NULL,NULL,NULL,0,'Gnat',1,NULL,NULL,NULL,1,0,0,0,0,0,0),(1153,125,1,107,4,NULL,NULL,NULL,0,'Gnat',1,NULL,NULL,NULL,1,0,0,0,0,0,0),(1154,900,1,108,4,NULL,NULL,NULL,0,'Gnawer',0,NULL,NULL,NULL,1,0,0,0,0,0,0),(1155,500,1,108,4,NULL,NULL,NULL,0,'Spudder',0,NULL,NULL,NULL,1,0,0,0,0,0,0),(1156,500,1,108,4,NULL,NULL,NULL,0,'Spudder',0,NULL,NULL,NULL,1,0,0,0,0,0,0),(1157,500,1,108,4,NULL,NULL,NULL,0,'Spudder',0,NULL,NULL,NULL,1,0,0,0,0,0,0),(1158,90,1,108,4,NULL,NULL,NULL,0,'Glancer',1,NULL,NULL,NULL,1,0,0,0,0,0,0),(1159,125,1,108,4,NULL,NULL,NULL,0,'Gnat',1,NULL,NULL,NULL,1,0,0,0,0,0,0),(1160,125,1,108,4,NULL,NULL,NULL,0,'Gnat',0,NULL,NULL,NULL,1,0,0,0,0,0,0),(1161,125,1,108,4,NULL,NULL,NULL,0,'Gnat',0,NULL,NULL,NULL,1,0,0,0,0,0,0),(1162,90,1,108,4,NULL,NULL,NULL,0,'Glancer',1,NULL,NULL,NULL,1,0,0,0,0,0,0),(1163,90,1,108,4,NULL,NULL,NULL,0,'Glancer',1,NULL,NULL,NULL,1,0,0,0,0,0,0),(1164,90,1,108,4,NULL,NULL,NULL,0,'Glancer',1,NULL,NULL,NULL,1,0,0,0,0,0,0),(1165,125,1,108,4,NULL,NULL,NULL,0,'Gnat',0,NULL,NULL,NULL,1,0,0,0,0,0,0),(1166,125,1,108,4,NULL,NULL,NULL,0,'Gnat',0,NULL,NULL,NULL,1,0,0,0,0,0,0),(1167,125,1,108,4,NULL,NULL,NULL,0,'Gnat',1,NULL,NULL,NULL,1,0,0,0,0,0,0),(1168,125,1,108,4,NULL,NULL,NULL,0,'Gnat',0,NULL,NULL,NULL,1,0,0,0,0,0,0),(1169,500,1,109,4,NULL,NULL,NULL,0,'Spudder',0,NULL,NULL,NULL,1,0,0,0,0,0,0),(1170,90,1,109,4,NULL,NULL,NULL,0,'Glancer',1,NULL,NULL,NULL,1,0,0,0,0,0,0),(1171,125,1,109,4,NULL,NULL,NULL,0,'Gnat',0,NULL,NULL,NULL,1,0,0,0,0,0,0),(1172,125,1,109,4,NULL,NULL,NULL,0,'Gnat',1,NULL,NULL,NULL,1,0,0,0,0,0,0),(1173,125,1,109,4,NULL,NULL,NULL,0,'Gnat',0,NULL,NULL,NULL,1,0,0,0,0,0,0),(1174,90,1,109,4,NULL,NULL,NULL,0,'Glancer',1,NULL,NULL,NULL,1,0,0,0,0,0,0),(1175,90,1,109,4,NULL,NULL,NULL,0,'Glancer',1,NULL,NULL,NULL,1,0,0,0,0,0,0),(1176,90,1,109,4,NULL,NULL,NULL,0,'Glancer',1,NULL,NULL,NULL,1,0,0,0,0,0,0),(1177,125,1,109,4,NULL,NULL,NULL,0,'Gnat',0,NULL,NULL,NULL,1,0,0,0,0,0,0),(1178,125,1,109,4,NULL,NULL,NULL,0,'Gnat',0,NULL,NULL,NULL,1,0,0,0,0,0,0),(1179,125,1,109,4,NULL,NULL,NULL,0,'Gnat',1,NULL,NULL,NULL,1,0,0,0,0,0,0),(1180,125,1,109,4,NULL,NULL,NULL,0,'Gnat',1,NULL,NULL,NULL,1,0,0,0,0,0,0),(1181,125,1,109,4,NULL,NULL,NULL,0,'Gnat',1,NULL,NULL,NULL,1,0,0,0,0,0,0),(1182,90,1,110,4,NULL,NULL,NULL,0,'Glancer',1,NULL,NULL,NULL,1,0,0,0,0,0,0),(1183,125,1,110,4,NULL,NULL,NULL,0,'Gnat',0,NULL,NULL,NULL,1,0,0,0,0,0,0),(1184,90,1,110,4,NULL,NULL,NULL,0,'Glancer',1,NULL,NULL,NULL,1,0,0,0,0,0,0),(1185,90,1,110,4,NULL,NULL,NULL,0,'Glancer',1,NULL,NULL,NULL,1,0,0,0,0,0,0),(1186,90,1,110,4,NULL,NULL,NULL,0,'Glancer',1,NULL,NULL,NULL,1,0,0,0,0,0,0),(1187,90,1,110,4,NULL,NULL,NULL,0,'Glancer',1,NULL,NULL,NULL,1,0,0,0,0,0,0),(1188,125,1,110,4,NULL,NULL,NULL,0,'Gnat',0,NULL,NULL,NULL,1,0,0,0,0,0,0),(1189,125,1,110,4,NULL,NULL,NULL,0,'Gnat',0,NULL,NULL,NULL,1,0,0,0,0,0,0),(1190,125,1,110,4,NULL,NULL,NULL,0,'Gnat',1,NULL,NULL,NULL,1,0,0,0,0,0,0),(1191,125,1,110,4,NULL,NULL,NULL,0,'Gnat',0,NULL,NULL,NULL,1,0,0,0,0,0,0),(1192,125,1,110,4,NULL,NULL,NULL,0,'Gnat',1,NULL,NULL,NULL,1,0,0,0,0,0,0),(1193,125,1,111,4,NULL,NULL,NULL,0,'Gnat',0,NULL,NULL,NULL,1,0,0,0,0,0,0),(1194,125,1,111,4,NULL,NULL,NULL,0,'Gnat',0,NULL,NULL,NULL,1,0,0,0,0,0,0),(1195,125,1,111,4,NULL,NULL,NULL,0,'Gnat',1,NULL,NULL,NULL,1,0,0,0,0,0,0),(1196,125,1,111,4,NULL,NULL,NULL,0,'Gnat',0,NULL,NULL,NULL,1,0,0,0,0,0,0),(1197,125,1,112,4,NULL,NULL,NULL,0,'Gnat',0,NULL,NULL,NULL,1,0,0,0,0,0,0),(1198,125,1,112,4,NULL,NULL,NULL,0,'Gnat',0,NULL,NULL,NULL,1,0,0,0,0,0,0),(1199,125,1,112,4,NULL,NULL,NULL,0,'Gnat',1,NULL,NULL,NULL,1,0,0,0,0,0,0),(1200,125,1,113,4,NULL,NULL,NULL,0,'Gnat',0,NULL,NULL,NULL,1,0,0,0,0,0,0),(1201,125,1,113,4,NULL,NULL,NULL,0,'Gnat',0,NULL,NULL,NULL,1,0,0,0,0,0,0),(1202,125,1,113,4,NULL,NULL,NULL,0,'Gnat',1,NULL,NULL,NULL,1,0,0,0,0,0,0),(1203,125,1,114,4,NULL,NULL,NULL,0,'Gnat',0,NULL,NULL,NULL,1,0,0,0,0,0,0),(1204,125,1,114,4,NULL,NULL,NULL,0,'Gnat',0,NULL,NULL,NULL,1,0,0,0,0,0,0),(1205,125,1,114,4,NULL,NULL,NULL,0,'Gnat',1,NULL,NULL,NULL,1,0,0,0,0,0,0),(1206,125,1,114,4,NULL,NULL,NULL,0,'Gnat',0,NULL,NULL,NULL,1,0,0,0,0,0,0),(1207,125,1,114,4,NULL,NULL,NULL,0,'Gnat',1,NULL,NULL,NULL,1,0,0,0,0,0,0),(1208,4475,1,9,1,NULL,NULL,NULL,0,'Thor',1,2,240,NULL,1,0,0,0,0,0,0),(1209,4475,1,9,1,NULL,NULL,NULL,0,'Thor',1,2,240,NULL,1,0,0,0,0,0,0),(1210,4475,1,9,1,NULL,NULL,NULL,0,'Thor',1,2,240,NULL,1,0,0,0,0,0,0),(1211,4475,1,9,1,NULL,NULL,NULL,0,'Thor',0,2,240,NULL,1,0,0,0,0,0,0),(1212,4475,1,9,1,NULL,NULL,NULL,0,'Thor',0,2,240,NULL,1,0,0,0,0,0,0),(1213,4475,1,9,1,NULL,NULL,NULL,0,'Thor',0,2,240,NULL,1,0,0,0,0,0,0),(1214,2812,1,9,1,NULL,NULL,NULL,0,'Dirac',1,2,240,NULL,1,0,0,0,0,0,0),(1215,2812,1,9,1,NULL,NULL,NULL,0,'Dirac',1,2,240,NULL,1,0,0,0,0,0,0),(1216,2812,1,9,1,NULL,NULL,NULL,0,'Dirac',0,2,240,NULL,1,0,0,0,0,0,0),(1217,2812,1,9,1,NULL,NULL,NULL,0,'Dirac',1,2,240,NULL,1,0,0,0,0,0,0),(1218,2812,1,9,1,NULL,NULL,NULL,0,'Dirac',0,2,240,NULL,1,0,0,0,0,0,0),(1219,2812,1,9,1,NULL,NULL,NULL,0,'Dirac',1,2,240,NULL,1,0,0,0,0,0,0),(1220,2812,1,9,1,NULL,NULL,NULL,0,'Dirac',0,2,240,NULL,1,0,0,0,0,0,0),(1221,4475,1,9,1,NULL,NULL,NULL,0,'Thor',1,2,270,NULL,1,0,0,0,0,0,0),(1222,4475,1,9,1,NULL,NULL,NULL,0,'Thor',0,2,270,NULL,1,0,0,0,0,0,0),(1223,4475,1,9,1,NULL,NULL,NULL,0,'Thor',1,2,270,NULL,1,0,0,0,0,0,0),(1224,2812,1,9,1,NULL,NULL,NULL,0,'Dirac',0,2,270,NULL,1,0,0,0,0,0,0),(1225,2812,1,9,1,NULL,NULL,NULL,0,'Dirac',1,2,270,NULL,1,0,0,0,0,0,0),(1226,2812,1,9,1,NULL,NULL,NULL,0,'Dirac',0,2,270,NULL,1,0,0,0,0,0,0),(1227,2812,1,9,1,NULL,NULL,NULL,0,'Dirac',0,2,270,NULL,1,0,0,0,0,0,0),(1228,2812,1,9,1,NULL,NULL,NULL,0,'Dirac',1,2,270,NULL,1,0,0,0,0,0,0),(1229,2812,1,9,1,NULL,NULL,NULL,0,'Dirac',1,2,270,NULL,1,0,0,0,0,0,0),(1230,2812,1,9,1,NULL,NULL,NULL,0,'Dirac',0,2,270,NULL,1,0,0,0,0,0,0),(1231,2812,1,9,1,NULL,NULL,NULL,0,'Dirac',0,2,270,NULL,1,0,0,0,0,0,0),(1232,26875,1,9,1,NULL,NULL,NULL,0,'Demosis',0,3,292,NULL,1,0,0,0,0,0,0),(1233,26875,1,9,1,NULL,NULL,NULL,0,'Demosis',0,3,292,NULL,1,0,0,0,0,0,0),(1234,4475,1,9,1,NULL,NULL,NULL,0,'Thor',0,3,292,NULL,1,0,0,0,0,0,0),(1235,4475,1,9,1,NULL,NULL,NULL,0,'Thor',0,3,292,NULL,1,0,0,0,0,0,0),(1236,4475,1,9,1,NULL,NULL,NULL,0,'Thor',0,3,292,NULL,1,0,0,0,0,0,0),(1237,4475,1,9,1,NULL,NULL,NULL,0,'Thor',0,3,292,NULL,1,0,0,0,0,0,0),(1238,4475,1,9,1,NULL,NULL,NULL,0,'Thor',0,3,292,NULL,1,0,0,0,0,0,0),(1239,4475,1,9,1,NULL,NULL,NULL,0,'Thor',1,3,292,NULL,1,0,0,0,0,0,0),(1240,4475,1,9,1,NULL,NULL,NULL,0,'Thor',0,3,292,NULL,1,0,0,0,0,0,0),(1241,2812,1,9,1,NULL,NULL,NULL,0,'Dirac',1,3,292,NULL,1,0,0,0,0,0,0),(1242,2812,1,9,1,NULL,NULL,NULL,0,'Dirac',1,3,292,NULL,1,0,0,0,0,0,0),(1243,2812,1,9,1,NULL,NULL,NULL,0,'Dirac',0,3,292,NULL,1,0,0,0,0,0,0),(1244,2812,1,9,1,NULL,NULL,NULL,0,'Dirac',0,3,292,NULL,1,0,0,0,0,0,0),(1245,2812,1,9,1,NULL,NULL,NULL,0,'Dirac',0,3,292,NULL,1,0,0,0,0,0,0),(1246,2812,1,9,1,NULL,NULL,NULL,0,'Dirac',1,3,292,NULL,1,0,0,0,0,0,0),(1247,4475,1,9,1,NULL,NULL,NULL,0,'Thor',0,2,60,NULL,1,0,0,0,0,0,0),(1248,4475,1,9,1,NULL,NULL,NULL,0,'Thor',0,2,60,NULL,1,0,0,0,0,0,0),(1249,4475,1,9,1,NULL,NULL,NULL,0,'Thor',1,2,60,NULL,1,0,0,0,0,0,0),(1250,2812,1,9,1,NULL,NULL,NULL,0,'Dirac',1,2,60,NULL,1,0,0,0,0,0,0),(1251,2812,1,9,1,NULL,NULL,NULL,0,'Dirac',0,2,60,NULL,1,0,0,0,0,0,0),(1252,2812,1,9,1,NULL,NULL,NULL,0,'Dirac',1,2,60,NULL,1,0,0,0,0,0,0),(1253,2812,1,9,1,NULL,NULL,NULL,0,'Dirac',1,2,60,NULL,1,0,0,0,0,0,0),(1254,2812,1,9,1,NULL,NULL,NULL,0,'Dirac',0,2,60,NULL,1,0,0,0,0,0,0),(1255,26875,1,9,1,NULL,NULL,NULL,0,'Demosis',0,1,0,NULL,1,0,0,0,0,0,0),(1256,4475,1,9,1,NULL,NULL,NULL,0,'Thor',0,1,0,NULL,1,0,0,0,0,0,0),(1257,4475,1,9,1,NULL,NULL,NULL,0,'Thor',1,1,0,NULL,1,0,0,0,0,0,0),(1258,2812,1,9,1,NULL,NULL,NULL,0,'Dirac',0,1,0,NULL,1,0,0,0,0,0,0),(1259,2812,1,9,1,NULL,NULL,NULL,0,'Dirac',0,1,0,NULL,1,0,0,0,0,0,0),(1260,2812,1,9,1,NULL,NULL,NULL,0,'Dirac',1,1,0,NULL,1,0,0,0,0,0,0),(1261,2812,1,9,1,NULL,NULL,NULL,0,'Dirac',1,1,0,NULL,1,0,0,0,0,0,0),(1262,2812,1,9,1,NULL,NULL,NULL,0,'Dirac',1,1,0,NULL,1,0,0,0,0,0,0),(1263,2812,1,9,1,NULL,NULL,NULL,0,'Dirac',0,1,0,NULL,1,0,0,0,0,0,0),(1264,2812,1,9,1,NULL,NULL,NULL,0,'Dirac',0,1,0,NULL,1,0,0,0,0,0,0),(1265,2812,1,9,1,NULL,NULL,NULL,0,'Dirac',1,1,0,NULL,1,0,0,0,0,0,0),(1266,4475,1,10,1,NULL,NULL,NULL,0,'Thor',1,1,45,NULL,1,0,0,0,0,0,0),(1267,4475,1,10,1,NULL,NULL,NULL,0,'Thor',0,1,45,NULL,1,0,0,0,0,0,0),(1268,4475,1,10,1,NULL,NULL,NULL,0,'Thor',0,1,45,NULL,1,0,0,0,0,0,0),(1269,4475,1,10,1,NULL,NULL,NULL,0,'Thor',1,1,45,NULL,1,0,0,0,0,0,0),(1270,4475,1,10,1,NULL,NULL,NULL,0,'Thor',1,1,45,NULL,1,0,0,0,0,0,0),(1271,2812,1,10,1,NULL,NULL,NULL,0,'Dirac',1,1,45,NULL,1,0,0,0,0,0,0),(1272,2812,1,10,1,NULL,NULL,NULL,0,'Dirac',0,1,45,NULL,1,0,0,0,0,0,0),(1273,2812,1,10,1,NULL,NULL,NULL,0,'Dirac',1,1,45,NULL,1,0,0,0,0,0,0),(1274,2812,1,10,1,NULL,NULL,NULL,0,'Dirac',0,1,45,NULL,1,0,0,0,0,0,0),(1275,2812,1,10,1,NULL,NULL,NULL,0,'Dirac',1,1,45,NULL,1,0,0,0,0,0,0),(1276,2812,1,10,1,NULL,NULL,NULL,0,'Dirac',0,1,45,NULL,1,0,0,0,0,0,0),(1277,2812,1,10,1,NULL,NULL,NULL,0,'Dirac',0,1,45,NULL,1,0,0,0,0,0,0),(1278,2812,1,10,1,NULL,NULL,NULL,0,'Dirac',1,1,45,NULL,1,0,0,0,0,0,0),(1279,26875,1,10,1,NULL,NULL,NULL,0,'Demosis',0,2,90,NULL,1,0,0,0,0,0,0),(1280,4475,1,10,1,NULL,NULL,NULL,0,'Thor',1,2,90,NULL,1,0,0,0,0,0,0),(1281,4475,1,10,1,NULL,NULL,NULL,0,'Thor',1,2,90,NULL,1,0,0,0,0,0,0),(1282,4475,1,10,1,NULL,NULL,NULL,0,'Thor',0,2,90,NULL,1,0,0,0,0,0,0),(1283,4475,1,10,1,NULL,NULL,NULL,0,'Thor',1,2,90,NULL,1,0,0,0,0,0,0),(1284,2812,1,10,1,NULL,NULL,NULL,0,'Dirac',0,2,90,NULL,1,0,0,0,0,0,0),(1285,2812,1,10,1,NULL,NULL,NULL,0,'Dirac',0,2,90,NULL,1,0,0,0,0,0,0),(1286,2812,1,10,1,NULL,NULL,NULL,0,'Dirac',0,2,90,NULL,1,0,0,0,0,0,0),(1287,2812,1,10,1,NULL,NULL,NULL,0,'Dirac',0,2,90,NULL,1,0,0,0,0,0,0),(1288,26875,1,10,1,NULL,NULL,NULL,0,'Demosis',0,1,180,NULL,1,0,0,0,0,0,0),(1289,4475,1,10,1,NULL,NULL,NULL,0,'Thor',1,1,180,NULL,1,0,0,0,0,0,0),(1290,4475,1,10,1,NULL,NULL,NULL,0,'Thor',0,1,180,NULL,1,0,0,0,0,0,0),(1291,2812,1,10,1,NULL,NULL,NULL,0,'Dirac',1,1,180,NULL,1,0,0,0,0,0,0),(1292,2812,1,10,1,NULL,NULL,NULL,0,'Dirac',1,1,180,NULL,1,0,0,0,0,0,0),(1293,2812,1,10,1,NULL,NULL,NULL,0,'Dirac',1,1,180,NULL,1,0,0,0,0,0,0),(1294,2812,1,10,1,NULL,NULL,NULL,0,'Dirac',1,1,180,NULL,1,0,0,0,0,0,0),(1295,4475,1,10,1,NULL,NULL,NULL,0,'Thor',0,2,210,NULL,1,0,0,0,0,0,0),(1296,4475,1,10,1,NULL,NULL,NULL,0,'Thor',0,2,210,NULL,1,0,0,0,0,0,0),(1297,2812,1,10,1,NULL,NULL,NULL,0,'Dirac',0,2,210,NULL,1,0,0,0,0,0,0),(1298,2812,1,10,1,NULL,NULL,NULL,0,'Dirac',0,2,210,NULL,1,0,0,0,0,0,0),(1299,2812,1,10,1,NULL,NULL,NULL,0,'Dirac',1,2,210,NULL,1,0,0,0,0,0,0),(1300,2812,1,10,1,NULL,NULL,NULL,0,'Dirac',1,2,210,NULL,1,0,0,0,0,0,0),(1301,26875,1,10,1,NULL,NULL,NULL,0,'Demosis',0,3,134,NULL,1,0,0,0,0,0,0),(1302,26875,1,10,1,NULL,NULL,NULL,0,'Demosis',0,3,134,NULL,1,0,0,0,0,0,0),(1303,4475,1,10,1,NULL,NULL,NULL,0,'Thor',0,3,134,NULL,1,0,0,0,0,0,0),(1304,4475,1,10,1,NULL,NULL,NULL,0,'Thor',1,3,134,NULL,1,0,0,0,0,0,0),(1305,4475,1,10,1,NULL,NULL,NULL,0,'Thor',0,3,134,NULL,1,0,0,0,0,0,0),(1306,4475,1,10,1,NULL,NULL,NULL,0,'Thor',0,3,134,NULL,1,0,0,0,0,0,0),(1307,2812,1,10,1,NULL,NULL,NULL,0,'Dirac',1,3,134,NULL,1,0,0,0,0,0,0),(1308,2812,1,10,1,NULL,NULL,NULL,0,'Dirac',1,3,134,NULL,1,0,0,0,0,0,0),(1309,2812,1,10,1,NULL,NULL,NULL,0,'Dirac',0,3,134,NULL,1,0,0,0,0,0,0),(1310,2812,1,10,1,NULL,NULL,NULL,0,'Dirac',1,3,134,NULL,1,0,0,0,0,0,0),(1311,2812,1,10,1,NULL,NULL,NULL,0,'Dirac',0,3,134,NULL,1,0,0,0,0,0,0),(1312,2812,1,10,1,NULL,NULL,NULL,0,'Dirac',0,3,134,NULL,1,0,0,0,0,0,0),(1313,26875,1,10,1,NULL,NULL,NULL,0,'Demosis',0,1,315,NULL,1,0,0,0,0,0,0),(1314,4475,1,10,1,NULL,NULL,NULL,0,'Thor',0,1,315,NULL,1,0,0,0,0,0,0),(1315,4475,1,10,1,NULL,NULL,NULL,0,'Thor',1,1,315,NULL,1,0,0,0,0,0,0),(1316,2812,1,10,1,NULL,NULL,NULL,0,'Dirac',0,1,315,NULL,1,0,0,0,0,0,0),(1317,2812,1,10,1,NULL,NULL,NULL,0,'Dirac',1,1,315,NULL,1,0,0,0,0,0,0),(1318,2812,1,10,1,NULL,NULL,NULL,0,'Dirac',0,1,315,NULL,1,0,0,0,0,0,0),(1319,2812,1,10,1,NULL,NULL,NULL,0,'Dirac',1,1,315,NULL,1,0,0,0,0,0,0),(1320,90,1,115,4,NULL,NULL,NULL,0,'Glancer',1,NULL,NULL,NULL,1,0,0,0,0,0,0),(1321,90,1,115,4,NULL,NULL,NULL,0,'Glancer',1,NULL,NULL,NULL,1,0,0,0,0,0,0),(1322,125,1,115,4,NULL,NULL,NULL,0,'Gnat',0,NULL,NULL,NULL,1,0,0,0,0,0,0),(1323,125,1,115,4,NULL,NULL,NULL,0,'Gnat',0,NULL,NULL,NULL,1,0,0,0,0,0,0),(1324,125,1,115,4,NULL,NULL,NULL,0,'Gnat',1,NULL,NULL,NULL,1,0,0,0,0,0,0),(1325,125,1,115,4,NULL,NULL,NULL,0,'Gnat',1,NULL,NULL,NULL,1,0,0,0,0,0,0),(1326,125,1,116,4,NULL,NULL,NULL,0,'Gnat',0,NULL,NULL,NULL,1,0,0,0,0,0,0),(1327,125,1,116,4,NULL,NULL,NULL,0,'Gnat',0,NULL,NULL,NULL,1,0,0,0,0,0,0),(1328,125,1,116,4,NULL,NULL,NULL,0,'Gnat',1,NULL,NULL,NULL,1,0,0,0,0,0,0),(1329,125,1,116,4,NULL,NULL,NULL,0,'Gnat',0,NULL,NULL,NULL,1,0,0,0,0,0,0),(1330,90,1,117,4,NULL,NULL,NULL,0,'Glancer',1,NULL,NULL,NULL,1,0,0,0,0,0,0),(1331,90,1,117,4,NULL,NULL,NULL,0,'Glancer',1,NULL,NULL,NULL,1,0,0,0,0,0,0),(1332,125,1,117,4,NULL,NULL,NULL,0,'Gnat',0,NULL,NULL,NULL,1,0,0,0,0,0,0),(1333,125,1,117,4,NULL,NULL,NULL,0,'Gnat',0,NULL,NULL,NULL,1,0,0,0,0,0,0),(1334,125,1,117,4,NULL,NULL,NULL,0,'Gnat',1,NULL,NULL,NULL,1,0,0,0,0,0,0),(1335,125,1,117,4,NULL,NULL,NULL,0,'Gnat',0,NULL,NULL,NULL,1,0,0,0,0,0,0),(1336,125,1,117,4,NULL,NULL,NULL,0,'Gnat',1,NULL,NULL,NULL,1,0,0,0,0,0,0),(1337,90,1,118,4,NULL,NULL,NULL,0,'Glancer',1,NULL,NULL,NULL,1,0,0,0,0,0,0),(1338,90,1,118,4,NULL,NULL,NULL,0,'Glancer',1,NULL,NULL,NULL,1,0,0,0,0,0,0),(1339,90,1,118,4,NULL,NULL,NULL,0,'Glancer',1,NULL,NULL,NULL,1,0,0,0,0,0,0),(1340,90,1,118,4,NULL,NULL,NULL,0,'Glancer',1,NULL,NULL,NULL,1,0,0,0,0,0,0),(1341,125,1,118,4,NULL,NULL,NULL,0,'Gnat',0,NULL,NULL,NULL,1,0,0,0,0,0,0),(1342,125,1,118,4,NULL,NULL,NULL,0,'Gnat',0,NULL,NULL,NULL,1,0,0,0,0,0,0),(1343,125,1,118,4,NULL,NULL,NULL,0,'Gnat',1,NULL,NULL,NULL,1,0,0,0,0,0,0),(1344,125,1,118,4,NULL,NULL,NULL,0,'Gnat',0,NULL,NULL,NULL,1,0,0,0,0,0,0),(1345,125,1,118,4,NULL,NULL,NULL,0,'Gnat',0,NULL,NULL,NULL,1,0,0,0,0,0,0),(1346,125,1,118,4,NULL,NULL,NULL,0,'Gnat',1,NULL,NULL,NULL,1,0,0,0,0,0,0),(1347,125,1,118,4,NULL,NULL,NULL,0,'Gnat',0,NULL,NULL,NULL,1,0,0,0,0,0,0),(1348,125,1,118,4,NULL,NULL,NULL,0,'Gnat',1,NULL,NULL,NULL,1,0,0,0,0,0,0),(1349,900,1,119,4,NULL,NULL,NULL,0,'Gnawer',0,NULL,NULL,NULL,1,0,0,0,0,0,0),(1350,900,1,119,4,NULL,NULL,NULL,0,'Gnawer',0,NULL,NULL,NULL,1,0,0,0,0,0,0),(1351,500,1,119,4,NULL,NULL,NULL,0,'Spudder',0,NULL,NULL,NULL,1,0,0,0,0,0,0),(1352,500,1,119,4,NULL,NULL,NULL,0,'Spudder',1,NULL,NULL,NULL,1,0,0,0,0,0,0),(1353,500,1,119,4,NULL,NULL,NULL,0,'Spudder',0,NULL,NULL,NULL,1,0,0,0,0,0,0),(1354,500,1,119,4,NULL,NULL,NULL,0,'Spudder',0,NULL,NULL,NULL,1,0,0,0,0,0,0),(1355,90,1,119,4,NULL,NULL,NULL,0,'Glancer',1,NULL,NULL,NULL,1,0,0,0,0,0,0),(1356,125,1,119,4,NULL,NULL,NULL,0,'Gnat',0,NULL,NULL,NULL,1,0,0,0,0,0,0),(1357,125,1,119,4,NULL,NULL,NULL,0,'Gnat',0,NULL,NULL,NULL,1,0,0,0,0,0,0),(1358,90,1,119,4,NULL,NULL,NULL,0,'Glancer',1,NULL,NULL,NULL,1,0,0,0,0,0,0),(1359,90,1,119,4,NULL,NULL,NULL,0,'Glancer',1,NULL,NULL,NULL,1,0,0,0,0,0,0),(1360,90,1,119,4,NULL,NULL,NULL,0,'Glancer',1,NULL,NULL,NULL,1,0,0,0,0,0,0),(1361,125,1,119,4,NULL,NULL,NULL,0,'Gnat',0,NULL,NULL,NULL,1,0,0,0,0,0,0),(1362,125,1,119,4,NULL,NULL,NULL,0,'Gnat',0,NULL,NULL,NULL,1,0,0,0,0,0,0),(1363,125,1,119,4,NULL,NULL,NULL,0,'Gnat',1,NULL,NULL,NULL,1,0,0,0,0,0,0),(1364,125,1,119,4,NULL,NULL,NULL,0,'Gnat',0,NULL,NULL,NULL,1,0,0,0,0,0,0),(1365,500,1,120,4,NULL,NULL,NULL,0,'Spudder',0,NULL,NULL,NULL,1,0,0,0,0,0,0),(1366,500,1,120,4,NULL,NULL,NULL,0,'Spudder',0,NULL,NULL,NULL,1,0,0,0,0,0,0),(1367,90,1,120,4,NULL,NULL,NULL,0,'Glancer',1,NULL,NULL,NULL,1,0,0,0,0,0,0),(1368,125,1,120,4,NULL,NULL,NULL,0,'Gnat',0,NULL,NULL,NULL,1,0,0,0,0,0,0),(1369,90,1,120,4,NULL,NULL,NULL,0,'Glancer',1,NULL,NULL,NULL,1,0,0,0,0,0,0),(1370,90,1,120,4,NULL,NULL,NULL,0,'Glancer',1,NULL,NULL,NULL,1,0,0,0,0,0,0),(1371,90,1,120,4,NULL,NULL,NULL,0,'Glancer',1,NULL,NULL,NULL,1,0,0,0,0,0,0),(1372,125,1,120,4,NULL,NULL,NULL,0,'Gnat',0,NULL,NULL,NULL,1,0,0,0,0,0,0),(1373,125,1,120,4,NULL,NULL,NULL,0,'Gnat',0,NULL,NULL,NULL,1,0,0,0,0,0,0),(1374,125,1,120,4,NULL,NULL,NULL,0,'Gnat',1,NULL,NULL,NULL,1,0,0,0,0,0,0),(1375,125,1,120,4,NULL,NULL,NULL,0,'Gnat',1,NULL,NULL,NULL,1,0,0,0,0,0,0),(1376,500,1,121,4,NULL,NULL,NULL,0,'Spudder',0,NULL,NULL,NULL,1,0,0,0,0,0,0),(1377,90,1,121,4,NULL,NULL,NULL,0,'Glancer',1,NULL,NULL,NULL,1,0,0,0,0,0,0),(1378,125,1,121,4,NULL,NULL,NULL,0,'Gnat',0,NULL,NULL,NULL,1,0,0,0,0,0,0),(1379,125,1,121,4,NULL,NULL,NULL,0,'Gnat',0,NULL,NULL,NULL,1,0,0,0,0,0,0),(1380,90,1,121,4,NULL,NULL,NULL,0,'Glancer',1,NULL,NULL,NULL,1,0,0,0,0,0,0),(1381,90,1,121,4,NULL,NULL,NULL,0,'Glancer',1,NULL,NULL,NULL,1,0,0,0,0,0,0),(1382,90,1,121,4,NULL,NULL,NULL,0,'Glancer',1,NULL,NULL,NULL,1,0,0,0,0,0,0),(1383,125,1,121,4,NULL,NULL,NULL,0,'Gnat',0,NULL,NULL,NULL,1,0,0,0,0,0,0),(1384,125,1,121,4,NULL,NULL,NULL,0,'Gnat',0,NULL,NULL,NULL,1,0,0,0,0,0,0),(1385,125,1,121,4,NULL,NULL,NULL,0,'Gnat',1,NULL,NULL,NULL,1,0,0,0,0,0,0),(1386,125,1,121,4,NULL,NULL,NULL,0,'Gnat',0,NULL,NULL,NULL,1,0,0,0,0,0,0),(1387,125,1,121,4,NULL,NULL,NULL,0,'Gnat',1,NULL,NULL,NULL,1,0,0,0,0,0,0),(1388,125,1,121,4,NULL,NULL,NULL,0,'Gnat',1,NULL,NULL,NULL,1,0,0,0,0,0,0),(1389,500,1,122,4,NULL,NULL,NULL,0,'Spudder',0,NULL,NULL,NULL,1,0,0,0,0,0,0),(1390,90,1,122,4,NULL,NULL,NULL,0,'Glancer',1,NULL,NULL,NULL,1,0,0,0,0,0,0),(1391,125,1,122,4,NULL,NULL,NULL,0,'Gnat',0,NULL,NULL,NULL,1,0,0,0,0,0,0),(1392,90,1,122,4,NULL,NULL,NULL,0,'Glancer',1,NULL,NULL,NULL,1,0,0,0,0,0,0),(1393,90,1,122,4,NULL,NULL,NULL,0,'Glancer',1,NULL,NULL,NULL,1,0,0,0,0,0,0),(1394,90,1,122,4,NULL,NULL,NULL,0,'Glancer',1,NULL,NULL,NULL,1,0,0,0,0,0,0),(1395,125,1,122,4,NULL,NULL,NULL,0,'Gnat',0,NULL,NULL,NULL,1,0,0,0,0,0,0),(1396,125,1,122,4,NULL,NULL,NULL,0,'Gnat',0,NULL,NULL,NULL,1,0,0,0,0,0,0),(1397,125,1,122,4,NULL,NULL,NULL,0,'Gnat',1,NULL,NULL,NULL,1,0,0,0,0,0,0),(1398,125,1,122,4,NULL,NULL,NULL,0,'Gnat',0,NULL,NULL,NULL,1,0,0,0,0,0,0),(1399,900,1,123,4,NULL,NULL,NULL,0,'Gnawer',0,NULL,NULL,NULL,1,0,0,0,0,0,0),(1400,500,1,123,4,NULL,NULL,NULL,0,'Spudder',0,NULL,NULL,NULL,1,0,0,0,0,0,0),(1401,500,1,123,4,NULL,NULL,NULL,0,'Spudder',0,NULL,NULL,NULL,1,0,0,0,0,0,0),(1402,90,1,123,4,NULL,NULL,NULL,0,'Glancer',1,NULL,NULL,NULL,1,0,0,0,0,0,0),(1403,125,1,123,4,NULL,NULL,NULL,0,'Gnat',0,NULL,NULL,NULL,1,0,0,0,0,0,0),(1404,90,1,123,4,NULL,NULL,NULL,0,'Glancer',1,NULL,NULL,NULL,1,0,0,0,0,0,0),(1405,90,1,123,4,NULL,NULL,NULL,0,'Glancer',1,NULL,NULL,NULL,1,0,0,0,0,0,0),(1406,90,1,123,4,NULL,NULL,NULL,0,'Glancer',1,NULL,NULL,NULL,1,0,0,0,0,0,0),(1407,90,1,123,4,NULL,NULL,NULL,0,'Glancer',1,NULL,NULL,NULL,1,0,0,0,0,0,0),(1408,125,1,123,4,NULL,NULL,NULL,0,'Gnat',0,NULL,NULL,NULL,1,0,0,0,0,0,0),(1409,125,1,123,4,NULL,NULL,NULL,0,'Gnat',0,NULL,NULL,NULL,1,0,0,0,0,0,0),(1410,125,1,123,4,NULL,NULL,NULL,0,'Gnat',1,NULL,NULL,NULL,1,0,0,0,0,0,0),(1411,125,1,123,4,NULL,NULL,NULL,0,'Gnat',0,NULL,NULL,NULL,1,0,0,0,0,0,0),(1412,125,1,123,4,NULL,NULL,NULL,0,'Gnat',0,NULL,NULL,NULL,1,0,0,0,0,0,0),(1413,125,1,123,4,NULL,NULL,NULL,0,'Gnat',1,NULL,NULL,NULL,1,0,0,0,0,0,0),(1414,900,1,124,4,NULL,NULL,NULL,0,'Gnawer',0,NULL,NULL,NULL,1,0,0,0,0,0,0),(1415,900,1,124,4,NULL,NULL,NULL,0,'Gnawer',0,NULL,NULL,NULL,1,0,0,0,0,0,0),(1416,900,1,124,4,NULL,NULL,NULL,0,'Gnawer',0,NULL,NULL,NULL,1,0,0,0,0,0,0),(1417,900,1,124,4,NULL,NULL,NULL,0,'Gnawer',0,NULL,NULL,NULL,1,0,0,0,0,0,0),(1418,500,1,124,4,NULL,NULL,NULL,0,'Spudder',0,NULL,NULL,NULL,1,0,0,0,0,0,0),(1419,500,1,124,4,NULL,NULL,NULL,0,'Spudder',0,NULL,NULL,NULL,1,0,0,0,0,0,0),(1420,125,1,124,4,NULL,NULL,NULL,0,'Gnat',0,NULL,NULL,NULL,1,0,0,0,0,0,0),(1421,125,1,124,4,NULL,NULL,NULL,0,'Gnat',0,NULL,NULL,NULL,1,0,0,0,0,0,0),(1422,90,1,124,4,NULL,NULL,NULL,0,'Glancer',1,NULL,NULL,NULL,1,0,0,0,0,0,0),(1423,90,1,124,4,NULL,NULL,NULL,0,'Glancer',1,NULL,NULL,NULL,1,0,0,0,0,0,0),(1424,90,1,124,4,NULL,NULL,NULL,0,'Glancer',1,NULL,NULL,NULL,1,0,0,0,0,0,0),(1425,90,1,124,4,NULL,NULL,NULL,0,'Glancer',1,NULL,NULL,NULL,1,0,0,0,0,0,0),(1426,125,1,124,4,NULL,NULL,NULL,0,'Gnat',0,NULL,NULL,NULL,1,0,0,0,0,0,0),(1427,125,1,124,4,NULL,NULL,NULL,0,'Gnat',0,NULL,NULL,NULL,1,0,0,0,0,0,0),(1428,125,1,124,4,NULL,NULL,NULL,0,'Gnat',1,NULL,NULL,NULL,1,0,0,0,0,0,0),(1429,900,1,125,4,NULL,NULL,NULL,0,'Gnawer',0,NULL,NULL,NULL,1,0,0,0,0,0,0),(1430,500,1,125,4,NULL,NULL,NULL,0,'Spudder',0,NULL,NULL,NULL,1,0,0,0,0,0,0),(1431,500,1,125,4,NULL,NULL,NULL,0,'Spudder',1,NULL,NULL,NULL,1,0,0,0,0,0,0),(1432,500,1,125,4,NULL,NULL,NULL,0,'Spudder',0,NULL,NULL,NULL,1,0,0,0,0,0,0),(1433,90,1,125,4,NULL,NULL,NULL,0,'Glancer',1,NULL,NULL,NULL,1,0,0,0,0,0,0),(1434,125,1,125,4,NULL,NULL,NULL,0,'Gnat',0,NULL,NULL,NULL,1,0,0,0,0,0,0),(1435,90,1,125,4,NULL,NULL,NULL,0,'Glancer',1,NULL,NULL,NULL,1,0,0,0,0,0,0),(1436,90,1,125,4,NULL,NULL,NULL,0,'Glancer',1,NULL,NULL,NULL,1,0,0,0,0,0,0),(1437,90,1,125,4,NULL,NULL,NULL,0,'Glancer',1,NULL,NULL,NULL,1,0,0,0,0,0,0),(1438,90,1,125,4,NULL,NULL,NULL,0,'Glancer',1,NULL,NULL,NULL,1,0,0,0,0,0,0),(1439,125,1,125,4,NULL,NULL,NULL,0,'Gnat',0,NULL,NULL,NULL,1,0,0,0,0,0,0),(1440,125,1,125,4,NULL,NULL,NULL,0,'Gnat',0,NULL,NULL,NULL,1,0,0,0,0,0,0),(1441,125,1,125,4,NULL,NULL,NULL,0,'Gnat',1,NULL,NULL,NULL,1,0,0,0,0,0,0),(1442,125,1,125,4,NULL,NULL,NULL,0,'Gnat',1,NULL,NULL,NULL,1,0,0,0,0,0,0),(1443,900,1,126,4,NULL,NULL,NULL,0,'Gnawer',0,NULL,NULL,NULL,1,0,0,0,0,0,0),(1444,900,1,126,4,NULL,NULL,NULL,0,'Gnawer',0,NULL,NULL,NULL,1,0,0,0,0,0,0),(1445,500,1,126,4,NULL,NULL,NULL,0,'Spudder',0,NULL,NULL,NULL,1,0,0,0,0,0,0),(1446,500,1,126,4,NULL,NULL,NULL,0,'Spudder',1,NULL,NULL,NULL,1,0,0,0,0,0,0),(1447,500,1,126,4,NULL,NULL,NULL,0,'Spudder',0,NULL,NULL,NULL,1,0,0,0,0,0,0),(1448,500,1,126,4,NULL,NULL,NULL,0,'Spudder',0,NULL,NULL,NULL,1,0,0,0,0,0,0),(1449,90,1,126,4,NULL,NULL,NULL,0,'Glancer',1,NULL,NULL,NULL,1,0,0,0,0,0,0),(1450,90,1,126,4,NULL,NULL,NULL,0,'Glancer',1,NULL,NULL,NULL,1,0,0,0,0,0,0),(1451,90,1,126,4,NULL,NULL,NULL,0,'Glancer',1,NULL,NULL,NULL,1,0,0,0,0,0,0),(1452,90,1,126,4,NULL,NULL,NULL,0,'Glancer',1,NULL,NULL,NULL,1,0,0,0,0,0,0),(1453,90,1,126,4,NULL,NULL,NULL,0,'Glancer',1,NULL,NULL,NULL,1,0,0,0,0,0,0),(1454,125,1,126,4,NULL,NULL,NULL,0,'Gnat',0,NULL,NULL,NULL,1,0,0,0,0,0,0),(1455,125,1,126,4,NULL,NULL,NULL,0,'Gnat',0,NULL,NULL,NULL,1,0,0,0,0,0,0),(1456,125,1,126,4,NULL,NULL,NULL,0,'Gnat',1,NULL,NULL,NULL,1,0,0,0,0,0,0),(1457,125,1,126,4,NULL,NULL,NULL,0,'Gnat',0,NULL,NULL,NULL,1,0,0,0,0,0,0),(1458,125,1,126,4,NULL,NULL,NULL,0,'Gnat',0,NULL,NULL,NULL,1,0,0,0,0,0,0),(1459,125,1,126,4,NULL,NULL,NULL,0,'Gnat',1,NULL,NULL,NULL,1,0,0,0,0,0,0),(1460,125,1,126,4,NULL,NULL,NULL,0,'Gnat',1,NULL,NULL,NULL,1,0,0,0,0,0,0),(1461,125,1,126,4,NULL,NULL,NULL,0,'Gnat',0,NULL,NULL,NULL,1,0,0,0,0,0,0),(1462,90,1,127,4,NULL,NULL,NULL,0,'Glancer',1,NULL,NULL,NULL,1,0,0,0,0,0,0),(1463,125,1,127,4,NULL,NULL,NULL,0,'Gnat',0,NULL,NULL,NULL,1,0,0,0,0,0,0),(1464,90,1,127,4,NULL,NULL,NULL,0,'Glancer',1,NULL,NULL,NULL,1,0,0,0,0,0,0),(1465,90,1,127,4,NULL,NULL,NULL,0,'Glancer',1,NULL,NULL,NULL,1,0,0,0,0,0,0),(1466,90,1,127,4,NULL,NULL,NULL,0,'Glancer',1,NULL,NULL,NULL,1,0,0,0,0,0,0),(1467,125,1,127,4,NULL,NULL,NULL,0,'Gnat',0,NULL,NULL,NULL,1,0,0,0,0,0,0),(1468,125,1,127,4,NULL,NULL,NULL,0,'Gnat',0,NULL,NULL,NULL,1,0,0,0,0,0,0),(1469,125,1,127,4,NULL,NULL,NULL,0,'Gnat',1,NULL,NULL,NULL,1,0,0,0,0,0,0),(1470,125,1,127,4,NULL,NULL,NULL,0,'Gnat',1,NULL,NULL,NULL,1,0,0,0,0,0,0),(1471,125,1,127,4,NULL,NULL,NULL,0,'Gnat',1,NULL,NULL,NULL,1,0,0,0,0,0,0),(1472,125,1,127,4,NULL,NULL,NULL,0,'Gnat',1,NULL,NULL,NULL,1,0,0,0,0,0,0),(1473,500,1,128,4,NULL,NULL,NULL,0,'Spudder',0,NULL,NULL,NULL,1,0,0,0,0,0,0),(1474,90,1,128,4,NULL,NULL,NULL,0,'Glancer',1,NULL,NULL,NULL,1,0,0,0,0,0,0),(1475,125,1,128,4,NULL,NULL,NULL,0,'Gnat',0,NULL,NULL,NULL,1,0,0,0,0,0,0),(1476,90,1,128,4,NULL,NULL,NULL,0,'Glancer',1,NULL,NULL,NULL,1,0,0,0,0,0,0),(1477,90,1,128,4,NULL,NULL,NULL,0,'Glancer',1,NULL,NULL,NULL,1,0,0,0,0,0,0),(1478,90,1,128,4,NULL,NULL,NULL,0,'Glancer',1,NULL,NULL,NULL,1,0,0,0,0,0,0),(1479,125,1,128,4,NULL,NULL,NULL,0,'Gnat',0,NULL,NULL,NULL,1,0,0,0,0,0,0),(1480,125,1,128,4,NULL,NULL,NULL,0,'Gnat',0,NULL,NULL,NULL,1,0,0,0,0,0,0),(1481,125,1,128,4,NULL,NULL,NULL,0,'Gnat',1,NULL,NULL,NULL,1,0,0,0,0,0,0),(1482,125,1,128,4,NULL,NULL,NULL,0,'Gnat',0,NULL,NULL,NULL,1,0,0,0,0,0,0),(1483,125,1,128,4,NULL,NULL,NULL,0,'Gnat',1,NULL,NULL,NULL,1,0,0,0,0,0,0),(1484,90,1,129,4,NULL,NULL,NULL,0,'Glancer',1,NULL,NULL,NULL,1,0,0,0,0,0,0),(1485,125,1,129,4,NULL,NULL,NULL,0,'Gnat',0,NULL,NULL,NULL,1,0,0,0,0,0,0),(1486,90,1,129,4,NULL,NULL,NULL,0,'Glancer',1,NULL,NULL,NULL,1,0,0,0,0,0,0),(1487,90,1,129,4,NULL,NULL,NULL,0,'Glancer',1,NULL,NULL,NULL,1,0,0,0,0,0,0),(1488,90,1,129,4,NULL,NULL,NULL,0,'Glancer',1,NULL,NULL,NULL,1,0,0,0,0,0,0),(1489,90,1,129,4,NULL,NULL,NULL,0,'Glancer',1,NULL,NULL,NULL,1,0,0,0,0,0,0),(1490,125,1,129,4,NULL,NULL,NULL,0,'Gnat',0,NULL,NULL,NULL,1,0,0,0,0,0,0),(1491,125,1,129,4,NULL,NULL,NULL,0,'Gnat',0,NULL,NULL,NULL,1,0,0,0,0,0,0),(1492,125,1,129,4,NULL,NULL,NULL,0,'Gnat',1,NULL,NULL,NULL,1,0,0,0,0,0,0),(1493,125,1,129,4,NULL,NULL,NULL,0,'Gnat',1,NULL,NULL,NULL,1,0,0,0,0,0,0),(1494,125,1,129,4,NULL,NULL,NULL,0,'Gnat',0,NULL,NULL,NULL,1,0,0,0,0,0,0),(1495,125,1,130,4,NULL,NULL,NULL,0,'Gnat',0,NULL,NULL,NULL,1,0,0,0,0,0,0),(1496,125,1,130,4,NULL,NULL,NULL,0,'Gnat',0,NULL,NULL,NULL,1,0,0,0,0,0,0),(1497,125,1,130,4,NULL,NULL,NULL,0,'Gnat',1,NULL,NULL,NULL,1,0,0,0,0,0,0),(1498,125,1,130,4,NULL,NULL,NULL,0,'Gnat',0,NULL,NULL,NULL,1,0,0,0,0,0,0),(1499,125,1,130,4,NULL,NULL,NULL,0,'Gnat',1,NULL,NULL,NULL,1,0,0,0,0,0,0),(1500,125,1,131,4,NULL,NULL,NULL,0,'Gnat',0,NULL,NULL,NULL,1,0,0,0,0,0,0),(1501,125,1,131,4,NULL,NULL,NULL,0,'Gnat',0,NULL,NULL,NULL,1,0,0,0,0,0,0),(1502,125,1,131,4,NULL,NULL,NULL,0,'Gnat',1,NULL,NULL,NULL,1,0,0,0,0,0,0),(1503,125,1,131,4,NULL,NULL,NULL,0,'Gnat',0,NULL,NULL,NULL,1,0,0,0,0,0,0),(1504,125,1,131,4,NULL,NULL,NULL,0,'Gnat',0,NULL,NULL,NULL,1,0,0,0,0,0,0),(1505,125,1,132,4,NULL,NULL,NULL,0,'Gnat',0,NULL,NULL,NULL,1,0,0,0,0,0,0),(1506,125,1,132,4,NULL,NULL,NULL,0,'Gnat',0,NULL,NULL,NULL,1,0,0,0,0,0,0),(1507,125,1,132,4,NULL,NULL,NULL,0,'Gnat',1,NULL,NULL,NULL,1,0,0,0,0,0,0),(1508,125,1,132,4,NULL,NULL,NULL,0,'Gnat',0,NULL,NULL,NULL,1,0,0,0,0,0,0),(1509,125,1,132,4,NULL,NULL,NULL,0,'Gnat',0,NULL,NULL,NULL,1,0,0,0,0,0,0),(1510,125,1,132,4,NULL,NULL,NULL,0,'Gnat',1,NULL,NULL,NULL,1,0,0,0,0,0,0),(1511,125,1,133,4,NULL,NULL,NULL,0,'Gnat',0,NULL,NULL,NULL,1,0,0,0,0,0,0),(1512,125,1,133,4,NULL,NULL,NULL,0,'Gnat',0,NULL,NULL,NULL,1,0,0,0,0,0,0),(1513,125,1,133,4,NULL,NULL,NULL,0,'Gnat',1,NULL,NULL,NULL,1,0,0,0,0,0,0),(1514,125,1,133,4,NULL,NULL,NULL,0,'Gnat',0,NULL,NULL,NULL,1,0,0,0,0,0,0),(1515,125,1,133,4,NULL,NULL,NULL,0,'Gnat',1,NULL,NULL,NULL,1,0,0,0,0,0,0),(1516,125,1,133,4,NULL,NULL,NULL,0,'Gnat',1,NULL,NULL,NULL,1,0,0,0,0,0,0),(1517,4475,1,10,1,NULL,NULL,NULL,0,'Thor',1,2,240,NULL,1,0,0,0,0,0,0),(1518,2812,1,10,1,NULL,NULL,NULL,0,'Dirac',0,2,240,NULL,1,0,0,0,0,0,0),(1519,2812,1,10,1,NULL,NULL,NULL,0,'Dirac',1,2,240,NULL,1,0,0,0,0,0,0),(1520,2812,1,10,1,NULL,NULL,NULL,0,'Dirac',1,2,240,NULL,1,0,0,0,0,0,0),(1521,2812,1,10,1,NULL,NULL,NULL,0,'Dirac',1,2,240,NULL,1,0,0,0,0,0,0),(1522,2812,1,10,1,NULL,NULL,NULL,0,'Dirac',0,2,240,NULL,1,0,0,0,0,0,0),(1523,26875,1,10,1,NULL,NULL,NULL,0,'Demosis',0,1,0,NULL,1,0,0,0,0,0,0),(1524,26875,1,10,1,NULL,NULL,NULL,0,'Demosis',0,1,0,NULL,1,0,0,0,0,0,0),(1525,4475,1,10,1,NULL,NULL,NULL,0,'Thor',0,1,0,NULL,1,0,0,0,0,0,0),(1526,4475,1,10,1,NULL,NULL,NULL,0,'Thor',0,1,0,NULL,1,0,0,0,0,0,0),(1527,4475,1,10,1,NULL,NULL,NULL,0,'Thor',0,1,0,NULL,1,0,0,0,0,0,0),(1528,4475,1,10,1,NULL,NULL,NULL,0,'Thor',0,1,0,NULL,1,0,0,0,0,0,0),(1529,2812,1,10,1,NULL,NULL,NULL,0,'Dirac',0,1,0,NULL,1,0,0,0,0,0,0),(1530,2812,1,10,1,NULL,NULL,NULL,0,'Dirac',1,1,0,NULL,1,0,0,0,0,0,0),(1531,2812,1,10,1,NULL,NULL,NULL,0,'Dirac',1,1,0,NULL,1,0,0,0,0,0,0),(1532,2812,1,10,1,NULL,NULL,NULL,0,'Dirac',0,1,0,NULL,1,0,0,0,0,0,0),(1533,2812,1,10,1,NULL,NULL,NULL,0,'Dirac',1,1,0,NULL,1,0,0,0,0,0,0),(1534,2812,1,10,1,NULL,NULL,NULL,0,'Dirac',0,1,0,NULL,1,0,0,0,0,0,0),(1535,2812,1,10,1,NULL,NULL,NULL,0,'Dirac',0,1,0,NULL,1,0,0,0,0,0,0),(1536,2812,1,10,1,NULL,NULL,NULL,0,'Dirac',1,1,0,NULL,1,0,0,0,0,0,0),(1537,4475,1,10,1,NULL,NULL,NULL,0,'Thor',0,2,150,NULL,1,0,0,0,0,0,0),(1538,4475,1,10,1,NULL,NULL,NULL,0,'Thor',0,2,150,NULL,1,0,0,0,0,0,0),(1539,4475,1,10,1,NULL,NULL,NULL,0,'Thor',0,2,150,NULL,1,0,0,0,0,0,0),(1540,4475,1,10,1,NULL,NULL,NULL,0,'Thor',0,2,150,NULL,1,0,0,0,0,0,0),(1541,4475,1,10,1,NULL,NULL,NULL,0,'Thor',1,2,150,NULL,1,0,0,0,0,0,0),(1542,2812,1,10,1,NULL,NULL,NULL,0,'Dirac',0,2,150,NULL,1,0,0,0,0,0,0),(1543,2812,1,10,1,NULL,NULL,NULL,0,'Dirac',1,2,150,NULL,1,0,0,0,0,0,0),(1544,2812,1,10,1,NULL,NULL,NULL,0,'Dirac',0,2,150,NULL,1,0,0,0,0,0,0),(1545,2812,1,10,1,NULL,NULL,NULL,0,'Dirac',0,2,150,NULL,1,0,0,0,0,0,0),(1546,2812,1,10,1,NULL,NULL,NULL,0,'Dirac',1,2,150,NULL,1,0,0,0,0,0,0),(1547,2812,1,10,1,NULL,NULL,NULL,0,'Dirac',1,2,150,NULL,1,0,0,0,0,0,0),(1548,2812,1,10,1,NULL,NULL,NULL,0,'Dirac',1,2,150,NULL,1,0,0,0,0,0,0),(1549,26875,1,10,1,NULL,NULL,NULL,0,'Demosis',0,0,90,NULL,1,0,0,0,0,0,0),(1550,26875,1,10,1,NULL,NULL,NULL,0,'Demosis',0,0,90,NULL,1,0,0,0,0,0,0),(1551,4475,1,10,1,NULL,NULL,NULL,0,'Thor',0,0,90,NULL,1,0,0,0,0,0,0),(1552,4475,1,10,1,NULL,NULL,NULL,0,'Thor',0,0,90,NULL,1,0,0,0,0,0,0),(1553,4475,1,10,1,NULL,NULL,NULL,0,'Thor',0,0,90,NULL,1,0,0,0,0,0,0),(1554,4475,1,10,1,NULL,NULL,NULL,0,'Thor',0,0,90,NULL,1,0,0,0,0,0,0),(1555,4475,1,10,1,NULL,NULL,NULL,0,'Thor',1,0,90,NULL,1,0,0,0,0,0,0),(1556,2812,1,10,1,NULL,NULL,NULL,0,'Dirac',1,0,90,NULL,1,0,0,0,0,0,0),(1557,2812,1,10,1,NULL,NULL,NULL,0,'Dirac',1,0,90,NULL,1,0,0,0,0,0,0),(1558,2812,1,10,1,NULL,NULL,NULL,0,'Dirac',0,0,90,NULL,1,0,0,0,0,0,0),(1559,2812,1,10,1,NULL,NULL,NULL,0,'Dirac',1,0,90,NULL,1,0,0,0,0,0,0),(1560,2812,1,10,1,NULL,NULL,NULL,0,'Dirac',1,0,90,NULL,1,0,0,0,0,0,0),(1561,2812,1,10,1,NULL,NULL,NULL,0,'Dirac',0,0,90,NULL,1,0,0,0,0,0,0),(1562,125,1,134,4,NULL,NULL,NULL,0,'Gnat',0,NULL,NULL,NULL,1,0,0,0,0,0,0),(1563,125,1,134,4,NULL,NULL,NULL,0,'Gnat',0,NULL,NULL,NULL,1,0,0,0,0,0,0),(1564,125,1,134,4,NULL,NULL,NULL,0,'Gnat',1,NULL,NULL,NULL,1,0,0,0,0,0,0),(1565,125,1,134,4,NULL,NULL,NULL,0,'Gnat',1,NULL,NULL,NULL,1,0,0,0,0,0,0),(1566,125,1,134,4,NULL,NULL,NULL,0,'Gnat',1,NULL,NULL,NULL,1,0,0,0,0,0,0),(1567,125,1,134,4,NULL,NULL,NULL,0,'Gnat',0,NULL,NULL,NULL,1,0,0,0,0,0,0),(1568,90,1,135,4,NULL,NULL,NULL,0,'Glancer',1,NULL,NULL,NULL,1,0,0,0,0,0,0),(1569,90,1,135,4,NULL,NULL,NULL,0,'Glancer',1,NULL,NULL,NULL,1,0,0,0,0,0,0),(1570,125,1,135,4,NULL,NULL,NULL,0,'Gnat',0,NULL,NULL,NULL,1,0,0,0,0,0,0),(1571,125,1,135,4,NULL,NULL,NULL,0,'Gnat',0,NULL,NULL,NULL,1,0,0,0,0,0,0),(1572,125,1,135,4,NULL,NULL,NULL,0,'Gnat',1,NULL,NULL,NULL,1,0,0,0,0,0,0),(1573,125,1,135,4,NULL,NULL,NULL,0,'Gnat',0,NULL,NULL,NULL,1,0,0,0,0,0,0),(1574,125,1,135,4,NULL,NULL,NULL,0,'Gnat',1,NULL,NULL,NULL,1,0,0,0,0,0,0),(1575,90,1,136,4,NULL,NULL,NULL,0,'Glancer',1,NULL,NULL,NULL,1,0,0,0,0,0,0),(1576,125,1,136,4,NULL,NULL,NULL,0,'Gnat',0,NULL,NULL,NULL,1,0,0,0,0,0,0),(1577,125,1,136,4,NULL,NULL,NULL,0,'Gnat',0,NULL,NULL,NULL,1,0,0,0,0,0,0),(1578,125,1,136,4,NULL,NULL,NULL,0,'Gnat',1,NULL,NULL,NULL,1,0,0,0,0,0,0),(1579,125,1,136,4,NULL,NULL,NULL,0,'Gnat',1,NULL,NULL,NULL,1,0,0,0,0,0,0),(1580,900,1,137,4,NULL,NULL,NULL,0,'Gnawer',0,NULL,NULL,NULL,1,0,0,0,0,0,0),(1581,500,1,137,4,NULL,NULL,NULL,0,'Spudder',0,NULL,NULL,NULL,1,0,0,0,0,0,0),(1582,500,1,137,4,NULL,NULL,NULL,0,'Spudder',1,NULL,NULL,NULL,1,0,0,0,0,0,0),(1583,500,1,137,4,NULL,NULL,NULL,0,'Spudder',0,NULL,NULL,NULL,1,0,0,0,0,0,0),(1584,500,1,137,4,NULL,NULL,NULL,0,'Spudder',0,NULL,NULL,NULL,1,0,0,0,0,0,0),(1585,90,1,137,4,NULL,NULL,NULL,0,'Glancer',1,NULL,NULL,NULL,1,0,0,0,0,0,0),(1586,125,1,137,4,NULL,NULL,NULL,0,'Gnat',0,NULL,NULL,NULL,1,0,0,0,0,0,0),(1587,125,1,137,4,NULL,NULL,NULL,0,'Gnat',0,NULL,NULL,NULL,1,0,0,0,0,0,0),(1588,90,1,137,4,NULL,NULL,NULL,0,'Glancer',1,NULL,NULL,NULL,1,0,0,0,0,0,0),(1589,90,1,137,4,NULL,NULL,NULL,0,'Glancer',1,NULL,NULL,NULL,1,0,0,0,0,0,0),(1590,90,1,137,4,NULL,NULL,NULL,0,'Glancer',1,NULL,NULL,NULL,1,0,0,0,0,0,0),(1591,125,1,137,4,NULL,NULL,NULL,0,'Gnat',0,NULL,NULL,NULL,1,0,0,0,0,0,0),(1592,125,1,137,4,NULL,NULL,NULL,0,'Gnat',0,NULL,NULL,NULL,1,0,0,0,0,0,0),(1593,125,1,137,4,NULL,NULL,NULL,0,'Gnat',1,NULL,NULL,NULL,1,0,0,0,0,0,0),(1594,125,1,137,4,NULL,NULL,NULL,0,'Gnat',0,NULL,NULL,NULL,1,0,0,0,0,0,0),(1595,900,1,138,4,NULL,NULL,NULL,0,'Gnawer',0,NULL,NULL,NULL,1,0,0,0,0,0,0),(1596,500,1,138,4,NULL,NULL,NULL,0,'Spudder',0,NULL,NULL,NULL,1,0,0,0,0,0,0),(1597,500,1,138,4,NULL,NULL,NULL,0,'Spudder',1,NULL,NULL,NULL,1,0,0,0,0,0,0),(1598,500,1,138,4,NULL,NULL,NULL,0,'Spudder',0,NULL,NULL,NULL,1,0,0,0,0,0,0),(1599,90,1,138,4,NULL,NULL,NULL,0,'Glancer',1,NULL,NULL,NULL,1,0,0,0,0,0,0),(1600,125,1,138,4,NULL,NULL,NULL,0,'Gnat',0,NULL,NULL,NULL,1,0,0,0,0,0,0),(1601,125,1,138,4,NULL,NULL,NULL,0,'Gnat',1,NULL,NULL,NULL,1,0,0,0,0,0,0),(1602,125,1,138,4,NULL,NULL,NULL,0,'Gnat',0,NULL,NULL,NULL,1,0,0,0,0,0,0),(1603,90,1,138,4,NULL,NULL,NULL,0,'Glancer',1,NULL,NULL,NULL,1,0,0,0,0,0,0),(1604,90,1,138,4,NULL,NULL,NULL,0,'Glancer',1,NULL,NULL,NULL,1,0,0,0,0,0,0),(1605,90,1,138,4,NULL,NULL,NULL,0,'Glancer',1,NULL,NULL,NULL,1,0,0,0,0,0,0),(1606,125,1,138,4,NULL,NULL,NULL,0,'Gnat',0,NULL,NULL,NULL,1,0,0,0,0,0,0),(1607,125,1,138,4,NULL,NULL,NULL,0,'Gnat',0,NULL,NULL,NULL,1,0,0,0,0,0,0),(1608,125,1,138,4,NULL,NULL,NULL,0,'Gnat',1,NULL,NULL,NULL,1,0,0,0,0,0,0),(1609,125,1,138,4,NULL,NULL,NULL,0,'Gnat',0,NULL,NULL,NULL,1,0,0,0,0,0,0),(1610,125,1,138,4,NULL,NULL,NULL,0,'Gnat',0,NULL,NULL,NULL,1,0,0,0,0,0,0),(1611,125,1,138,4,NULL,NULL,NULL,0,'Gnat',1,NULL,NULL,NULL,1,0,0,0,0,0,0),(1612,500,1,139,4,NULL,NULL,NULL,0,'Spudder',0,NULL,NULL,NULL,1,0,0,0,0,0,0),(1613,500,1,139,4,NULL,NULL,NULL,0,'Spudder',1,NULL,NULL,NULL,1,0,0,0,0,0,0),(1614,500,1,139,4,NULL,NULL,NULL,0,'Spudder',0,NULL,NULL,NULL,1,0,0,0,0,0,0),(1615,90,1,139,4,NULL,NULL,NULL,0,'Glancer',1,NULL,NULL,NULL,1,0,0,0,0,0,0),(1616,125,1,139,4,NULL,NULL,NULL,0,'Gnat',0,NULL,NULL,NULL,1,0,0,0,0,0,0),(1617,125,1,139,4,NULL,NULL,NULL,0,'Gnat',0,NULL,NULL,NULL,1,0,0,0,0,0,0),(1618,90,1,139,4,NULL,NULL,NULL,0,'Glancer',1,NULL,NULL,NULL,1,0,0,0,0,0,0),(1619,90,1,139,4,NULL,NULL,NULL,0,'Glancer',1,NULL,NULL,NULL,1,0,0,0,0,0,0),(1620,90,1,139,4,NULL,NULL,NULL,0,'Glancer',1,NULL,NULL,NULL,1,0,0,0,0,0,0),(1621,125,1,139,4,NULL,NULL,NULL,0,'Gnat',0,NULL,NULL,NULL,1,0,0,0,0,0,0),(1622,125,1,139,4,NULL,NULL,NULL,0,'Gnat',0,NULL,NULL,NULL,1,0,0,0,0,0,0),(1623,125,1,139,4,NULL,NULL,NULL,0,'Gnat',1,NULL,NULL,NULL,1,0,0,0,0,0,0),(1624,125,1,139,4,NULL,NULL,NULL,0,'Gnat',1,NULL,NULL,NULL,1,0,0,0,0,0,0),(1625,500,1,140,4,NULL,NULL,NULL,0,'Spudder',1,NULL,NULL,NULL,1,0,0,0,0,0,0),(1626,500,1,140,4,NULL,NULL,NULL,0,'Spudder',0,NULL,NULL,NULL,1,0,0,0,0,0,0),(1627,90,1,140,4,NULL,NULL,NULL,0,'Glancer',1,NULL,NULL,NULL,1,0,0,0,0,0,0),(1628,125,1,140,4,NULL,NULL,NULL,0,'Gnat',0,NULL,NULL,NULL,1,0,0,0,0,0,0),(1629,125,1,140,4,NULL,NULL,NULL,0,'Gnat',1,NULL,NULL,NULL,1,0,0,0,0,0,0),(1630,90,1,140,4,NULL,NULL,NULL,0,'Glancer',1,NULL,NULL,NULL,1,0,0,0,0,0,0),(1631,90,1,140,4,NULL,NULL,NULL,0,'Glancer',1,NULL,NULL,NULL,1,0,0,0,0,0,0),(1632,90,1,140,4,NULL,NULL,NULL,0,'Glancer',1,NULL,NULL,NULL,1,0,0,0,0,0,0),(1633,125,1,140,4,NULL,NULL,NULL,0,'Gnat',0,NULL,NULL,NULL,1,0,0,0,0,0,0),(1634,125,1,140,4,NULL,NULL,NULL,0,'Gnat',0,NULL,NULL,NULL,1,0,0,0,0,0,0),(1635,125,1,140,4,NULL,NULL,NULL,0,'Gnat',1,NULL,NULL,NULL,1,0,0,0,0,0,0),(1636,125,1,140,4,NULL,NULL,NULL,0,'Gnat',0,NULL,NULL,NULL,1,0,0,0,0,0,0),(1637,125,1,140,4,NULL,NULL,NULL,0,'Gnat',1,NULL,NULL,NULL,1,0,0,0,0,0,0),(1638,900,1,141,4,NULL,NULL,NULL,0,'Gnawer',0,NULL,NULL,NULL,1,0,0,0,0,0,0),(1639,900,1,141,4,NULL,NULL,NULL,0,'Gnawer',0,NULL,NULL,NULL,1,0,0,0,0,0,0),(1640,900,1,141,4,NULL,NULL,NULL,0,'Gnawer',0,NULL,NULL,NULL,1,0,0,0,0,0,0),(1641,500,1,141,4,NULL,NULL,NULL,0,'Spudder',0,NULL,NULL,NULL,1,0,0,0,0,0,0),(1642,500,1,141,4,NULL,NULL,NULL,0,'Spudder',0,NULL,NULL,NULL,1,0,0,0,0,0,0),(1643,500,1,141,4,NULL,NULL,NULL,0,'Spudder',1,NULL,NULL,NULL,1,0,0,0,0,0,0),(1644,500,1,141,4,NULL,NULL,NULL,0,'Spudder',1,NULL,NULL,NULL,1,0,0,0,0,0,0),(1645,500,1,141,4,NULL,NULL,NULL,0,'Spudder',0,NULL,NULL,NULL,1,0,0,0,0,0,0),(1646,90,1,141,4,NULL,NULL,NULL,0,'Glancer',1,NULL,NULL,NULL,1,0,0,0,0,0,0),(1647,125,1,141,4,NULL,NULL,NULL,0,'Gnat',0,NULL,NULL,NULL,1,0,0,0,0,0,0),(1648,125,1,141,4,NULL,NULL,NULL,0,'Gnat',1,NULL,NULL,NULL,1,0,0,0,0,0,0),(1649,90,1,141,4,NULL,NULL,NULL,0,'Glancer',1,NULL,NULL,NULL,1,0,0,0,0,0,0),(1650,90,1,141,4,NULL,NULL,NULL,0,'Glancer',1,NULL,NULL,NULL,1,0,0,0,0,0,0),(1651,90,1,141,4,NULL,NULL,NULL,0,'Glancer',1,NULL,NULL,NULL,1,0,0,0,0,0,0),(1652,90,1,141,4,NULL,NULL,NULL,0,'Glancer',1,NULL,NULL,NULL,1,0,0,0,0,0,0),(1653,125,1,141,4,NULL,NULL,NULL,0,'Gnat',0,NULL,NULL,NULL,1,0,0,0,0,0,0),(1654,125,1,141,4,NULL,NULL,NULL,0,'Gnat',0,NULL,NULL,NULL,1,0,0,0,0,0,0),(1655,125,1,141,4,NULL,NULL,NULL,0,'Gnat',1,NULL,NULL,NULL,1,0,0,0,0,0,0),(1656,125,1,141,4,NULL,NULL,NULL,0,'Gnat',0,NULL,NULL,NULL,1,0,0,0,0,0,0),(1657,125,1,141,4,NULL,NULL,NULL,0,'Gnat',1,NULL,NULL,NULL,1,0,0,0,0,0,0),(1658,125,1,141,4,NULL,NULL,NULL,0,'Gnat',1,NULL,NULL,NULL,1,0,0,0,0,0,0),(1659,900,1,142,4,NULL,NULL,NULL,0,'Gnawer',0,NULL,NULL,NULL,1,0,0,0,0,0,0),(1660,900,1,142,4,NULL,NULL,NULL,0,'Gnawer',0,NULL,NULL,NULL,1,0,0,0,0,0,0),(1661,900,1,142,4,NULL,NULL,NULL,0,'Gnawer',0,NULL,NULL,NULL,1,0,0,0,0,0,0),(1662,500,1,142,4,NULL,NULL,NULL,0,'Spudder',0,NULL,NULL,NULL,1,0,0,0,0,0,0),(1663,500,1,142,4,NULL,NULL,NULL,0,'Spudder',0,NULL,NULL,NULL,1,0,0,0,0,0,0),(1664,90,1,142,4,NULL,NULL,NULL,0,'Glancer',1,NULL,NULL,NULL,1,0,0,0,0,0,0),(1665,125,1,142,4,NULL,NULL,NULL,0,'Gnat',0,NULL,NULL,NULL,1,0,0,0,0,0,0),(1666,125,1,142,4,NULL,NULL,NULL,0,'Gnat',0,NULL,NULL,NULL,1,0,0,0,0,0,0),(1667,90,1,142,4,NULL,NULL,NULL,0,'Glancer',1,NULL,NULL,NULL,1,0,0,0,0,0,0),(1668,90,1,142,4,NULL,NULL,NULL,0,'Glancer',1,NULL,NULL,NULL,1,0,0,0,0,0,0),(1669,90,1,142,4,NULL,NULL,NULL,0,'Glancer',1,NULL,NULL,NULL,1,0,0,0,0,0,0),(1670,90,1,142,4,NULL,NULL,NULL,0,'Glancer',1,NULL,NULL,NULL,1,0,0,0,0,0,0),(1671,125,1,142,4,NULL,NULL,NULL,0,'Gnat',0,NULL,NULL,NULL,1,0,0,0,0,0,0),(1672,125,1,142,4,NULL,NULL,NULL,0,'Gnat',0,NULL,NULL,NULL,1,0,0,0,0,0,0),(1673,125,1,142,4,NULL,NULL,NULL,0,'Gnat',1,NULL,NULL,NULL,1,0,0,0,0,0,0),(1674,125,1,142,4,NULL,NULL,NULL,0,'Gnat',1,NULL,NULL,NULL,1,0,0,0,0,0,0),(1675,900,1,143,4,NULL,NULL,NULL,0,'Gnawer',0,NULL,NULL,NULL,1,0,0,0,0,0,0),(1676,900,1,143,4,NULL,NULL,NULL,0,'Gnawer',0,NULL,NULL,NULL,1,0,0,0,0,0,0),(1677,500,1,143,4,NULL,NULL,NULL,0,'Spudder',0,NULL,NULL,NULL,1,0,0,0,0,0,0),(1678,500,1,143,4,NULL,NULL,NULL,0,'Spudder',1,NULL,NULL,NULL,1,0,0,0,0,0,0),(1679,900,1,143,4,NULL,NULL,NULL,0,'Gnawer',0,NULL,NULL,NULL,1,0,0,0,0,0,0),(1680,500,1,143,4,NULL,NULL,NULL,0,'Spudder',0,NULL,NULL,NULL,1,0,0,0,0,0,0),(1681,90,1,143,4,NULL,NULL,NULL,0,'Glancer',1,NULL,NULL,NULL,1,0,0,0,0,0,0),(1682,125,1,143,4,NULL,NULL,NULL,0,'Gnat',0,NULL,NULL,NULL,1,0,0,0,0,0,0),(1683,125,1,143,4,NULL,NULL,NULL,0,'Gnat',0,NULL,NULL,NULL,1,0,0,0,0,0,0),(1684,90,1,143,4,NULL,NULL,NULL,0,'Glancer',1,NULL,NULL,NULL,1,0,0,0,0,0,0),(1685,90,1,143,4,NULL,NULL,NULL,0,'Glancer',1,NULL,NULL,NULL,1,0,0,0,0,0,0),(1686,90,1,143,4,NULL,NULL,NULL,0,'Glancer',1,NULL,NULL,NULL,1,0,0,0,0,0,0),(1687,125,1,143,4,NULL,NULL,NULL,0,'Gnat',0,NULL,NULL,NULL,1,0,0,0,0,0,0),(1688,125,1,143,4,NULL,NULL,NULL,0,'Gnat',0,NULL,NULL,NULL,1,0,0,0,0,0,0),(1689,125,1,143,4,NULL,NULL,NULL,0,'Gnat',1,NULL,NULL,NULL,1,0,0,0,0,0,0),(1690,125,1,143,4,NULL,NULL,NULL,0,'Gnat',0,NULL,NULL,NULL,1,0,0,0,0,0,0),(1691,125,1,143,4,NULL,NULL,NULL,0,'Gnat',1,NULL,NULL,NULL,1,0,0,0,0,0,0),(1692,125,1,143,4,NULL,NULL,NULL,0,'Gnat',0,NULL,NULL,NULL,1,0,0,0,0,0,0),(1693,900,1,144,4,NULL,NULL,NULL,0,'Gnawer',0,NULL,NULL,NULL,1,0,0,0,0,0,0),(1694,500,1,144,4,NULL,NULL,NULL,0,'Spudder',1,NULL,NULL,NULL,1,0,0,0,0,0,0),(1695,500,1,144,4,NULL,NULL,NULL,0,'Spudder',0,NULL,NULL,NULL,1,0,0,0,0,0,0),(1696,90,1,144,4,NULL,NULL,NULL,0,'Glancer',1,NULL,NULL,NULL,1,0,0,0,0,0,0),(1697,125,1,144,4,NULL,NULL,NULL,0,'Gnat',0,NULL,NULL,NULL,1,0,0,0,0,0,0),(1698,125,1,144,4,NULL,NULL,NULL,0,'Gnat',0,NULL,NULL,NULL,1,0,0,0,0,0,0),(1699,90,1,144,4,NULL,NULL,NULL,0,'Glancer',1,NULL,NULL,NULL,1,0,0,0,0,0,0),(1700,90,1,144,4,NULL,NULL,NULL,0,'Glancer',1,NULL,NULL,NULL,1,0,0,0,0,0,0),(1701,125,1,144,4,NULL,NULL,NULL,0,'Gnat',0,NULL,NULL,NULL,1,0,0,0,0,0,0),(1702,125,1,144,4,NULL,NULL,NULL,0,'Gnat',0,NULL,NULL,NULL,1,0,0,0,0,0,0),(1703,125,1,144,4,NULL,NULL,NULL,0,'Gnat',1,NULL,NULL,NULL,1,0,0,0,0,0,0),(1704,125,1,144,4,NULL,NULL,NULL,0,'Gnat',0,NULL,NULL,NULL,1,0,0,0,0,0,0),(1705,125,1,144,4,NULL,NULL,NULL,0,'Gnat',1,NULL,NULL,NULL,1,0,0,0,0,0,0),(1706,90,1,145,4,NULL,NULL,NULL,0,'Glancer',1,NULL,NULL,NULL,1,0,0,0,0,0,0),(1707,90,1,145,4,NULL,NULL,NULL,0,'Glancer',1,NULL,NULL,NULL,1,0,0,0,0,0,0),(1708,90,1,145,4,NULL,NULL,NULL,0,'Glancer',1,NULL,NULL,NULL,1,0,0,0,0,0,0),(1709,90,1,145,4,NULL,NULL,NULL,0,'Glancer',1,NULL,NULL,NULL,1,0,0,0,0,0,0),(1710,125,1,145,4,NULL,NULL,NULL,0,'Gnat',0,NULL,NULL,NULL,1,0,0,0,0,0,0),(1711,125,1,145,4,NULL,NULL,NULL,0,'Gnat',0,NULL,NULL,NULL,1,0,0,0,0,0,0),(1712,125,1,145,4,NULL,NULL,NULL,0,'Gnat',1,NULL,NULL,NULL,1,0,0,0,0,0,0),(1713,125,1,145,4,NULL,NULL,NULL,0,'Gnat',0,NULL,NULL,NULL,1,0,0,0,0,0,0),(1714,500,1,146,4,NULL,NULL,NULL,0,'Spudder',1,NULL,NULL,NULL,1,0,0,0,0,0,0),(1715,500,1,146,4,NULL,NULL,NULL,0,'Spudder',0,NULL,NULL,NULL,1,0,0,0,0,0,0),(1716,125,1,146,4,NULL,NULL,NULL,0,'Gnat',0,NULL,NULL,NULL,1,0,0,0,0,0,0),(1717,125,1,146,4,NULL,NULL,NULL,0,'Gnat',0,NULL,NULL,NULL,1,0,0,0,0,0,0),(1718,90,1,146,4,NULL,NULL,NULL,0,'Glancer',1,NULL,NULL,NULL,1,0,0,0,0,0,0),(1719,90,1,146,4,NULL,NULL,NULL,0,'Glancer',1,NULL,NULL,NULL,1,0,0,0,0,0,0),(1720,90,1,146,4,NULL,NULL,NULL,0,'Glancer',1,NULL,NULL,NULL,1,0,0,0,0,0,0),(1721,90,1,146,4,NULL,NULL,NULL,0,'Glancer',1,NULL,NULL,NULL,1,0,0,0,0,0,0),(1722,125,1,146,4,NULL,NULL,NULL,0,'Gnat',0,NULL,NULL,NULL,1,0,0,0,0,0,0),(1723,125,1,146,4,NULL,NULL,NULL,0,'Gnat',0,NULL,NULL,NULL,1,0,0,0,0,0,0),(1724,125,1,146,4,NULL,NULL,NULL,0,'Gnat',1,NULL,NULL,NULL,1,0,0,0,0,0,0),(1725,90,1,147,4,NULL,NULL,NULL,0,'Glancer',1,NULL,NULL,NULL,1,0,0,0,0,0,0),(1726,125,1,147,4,NULL,NULL,NULL,0,'Gnat',0,NULL,NULL,NULL,1,0,0,0,0,0,0),(1727,90,1,147,4,NULL,NULL,NULL,0,'Glancer',1,NULL,NULL,NULL,1,0,0,0,0,0,0),(1728,90,1,147,4,NULL,NULL,NULL,0,'Glancer',1,NULL,NULL,NULL,1,0,0,0,0,0,0),(1729,90,1,147,4,NULL,NULL,NULL,0,'Glancer',1,NULL,NULL,NULL,1,0,0,0,0,0,0),(1730,125,1,147,4,NULL,NULL,NULL,0,'Gnat',0,NULL,NULL,NULL,1,0,0,0,0,0,0),(1731,125,1,147,4,NULL,NULL,NULL,0,'Gnat',0,NULL,NULL,NULL,1,0,0,0,0,0,0),(1732,125,1,147,4,NULL,NULL,NULL,0,'Gnat',1,NULL,NULL,NULL,1,0,0,0,0,0,0),(1733,125,1,147,4,NULL,NULL,NULL,0,'Gnat',1,NULL,NULL,NULL,1,0,0,0,0,0,0),(1734,125,1,147,4,NULL,NULL,NULL,0,'Gnat',1,NULL,NULL,NULL,1,0,0,0,0,0,0),(1735,125,1,147,4,NULL,NULL,NULL,0,'Gnat',1,NULL,NULL,NULL,1,0,0,0,0,0,0),(1736,125,1,148,4,NULL,NULL,NULL,0,'Gnat',0,NULL,NULL,NULL,1,0,0,0,0,0,0),(1737,125,1,148,4,NULL,NULL,NULL,0,'Gnat',0,NULL,NULL,NULL,1,0,0,0,0,0,0),(1738,125,1,148,4,NULL,NULL,NULL,0,'Gnat',1,NULL,NULL,NULL,1,0,0,0,0,0,0),(1739,125,1,148,4,NULL,NULL,NULL,0,'Gnat',1,NULL,NULL,NULL,1,0,0,0,0,0,0),(1740,125,1,148,4,NULL,NULL,NULL,0,'Gnat',0,NULL,NULL,NULL,1,0,0,0,0,0,0),(1741,125,1,149,4,NULL,NULL,NULL,0,'Gnat',0,NULL,NULL,NULL,1,0,0,0,0,0,0),(1742,125,1,149,4,NULL,NULL,NULL,0,'Gnat',0,NULL,NULL,NULL,1,0,0,0,0,0,0),(1743,125,1,149,4,NULL,NULL,NULL,0,'Gnat',1,NULL,NULL,NULL,1,0,0,0,0,0,0),(1744,125,1,149,4,NULL,NULL,NULL,0,'Gnat',0,NULL,NULL,NULL,1,0,0,0,0,0,0),(1745,125,1,149,4,NULL,NULL,NULL,0,'Gnat',0,NULL,NULL,NULL,1,0,0,0,0,0,0),(1746,125,1,150,4,NULL,NULL,NULL,0,'Gnat',0,NULL,NULL,NULL,1,0,0,0,0,0,0),(1747,125,1,150,4,NULL,NULL,NULL,0,'Gnat',0,NULL,NULL,NULL,1,0,0,0,0,0,0),(1748,125,1,150,4,NULL,NULL,NULL,0,'Gnat',1,NULL,NULL,NULL,1,0,0,0,0,0,0),(1749,125,1,150,4,NULL,NULL,NULL,0,'Gnat',0,NULL,NULL,NULL,1,0,0,0,0,0,0),(1750,125,1,150,4,NULL,NULL,NULL,0,'Gnat',1,NULL,NULL,NULL,1,0,0,0,0,0,0),(1751,125,1,150,4,NULL,NULL,NULL,0,'Gnat',1,NULL,NULL,NULL,1,0,0,0,0,0,0),(1752,125,1,150,4,NULL,NULL,NULL,0,'Gnat',0,NULL,NULL,NULL,1,0,0,0,0,0,0),(1753,26875,1,10,1,NULL,NULL,NULL,0,'Demosis',0,2,330,NULL,1,0,0,0,0,0,0),(1754,4475,1,10,1,NULL,NULL,NULL,0,'Thor',1,2,330,NULL,1,0,0,0,0,0,0),(1755,4475,1,10,1,NULL,NULL,NULL,0,'Thor',0,2,330,NULL,1,0,0,0,0,0,0),(1756,4475,1,10,1,NULL,NULL,NULL,0,'Thor',1,2,330,NULL,1,0,0,0,0,0,0),(1757,2812,1,10,1,NULL,NULL,NULL,0,'Dirac',0,2,330,NULL,1,0,0,0,0,0,0),(1758,2812,1,10,1,NULL,NULL,NULL,0,'Dirac',1,2,330,NULL,1,0,0,0,0,0,0),(1759,2812,1,10,1,NULL,NULL,NULL,0,'Dirac',0,2,330,NULL,1,0,0,0,0,0,0),(1760,2812,1,10,1,NULL,NULL,NULL,0,'Dirac',1,2,330,NULL,1,0,0,0,0,0,0),(1761,2812,1,10,1,NULL,NULL,NULL,0,'Dirac',1,2,330,NULL,1,0,0,0,0,0,0),(1762,26875,1,10,1,NULL,NULL,NULL,0,'Demosis',0,3,336,NULL,1,0,0,0,0,0,0),(1763,26875,1,10,1,NULL,NULL,NULL,0,'Demosis',0,3,336,NULL,1,0,0,0,0,0,0),(1764,4475,1,10,1,NULL,NULL,NULL,0,'Thor',1,3,336,NULL,1,0,0,0,0,0,0),(1765,4475,1,10,1,NULL,NULL,NULL,0,'Thor',0,3,336,NULL,1,0,0,0,0,0,0),(1766,4475,1,10,1,NULL,NULL,NULL,0,'Thor',1,3,336,NULL,1,0,0,0,0,0,0),(1767,4475,1,10,1,NULL,NULL,NULL,0,'Thor',1,3,336,NULL,1,0,0,0,0,0,0),(1768,4475,1,10,1,NULL,NULL,NULL,0,'Thor',0,3,336,NULL,1,0,0,0,0,0,0),(1769,4475,1,10,1,NULL,NULL,NULL,0,'Thor',1,3,336,NULL,1,0,0,0,0,0,0),(1770,4475,1,10,1,NULL,NULL,NULL,0,'Thor',1,3,336,NULL,1,0,0,0,0,0,0),(1771,2812,1,10,1,NULL,NULL,NULL,0,'Dirac',0,3,336,NULL,1,0,0,0,0,0,0),(1772,2812,1,10,1,NULL,NULL,NULL,0,'Dirac',0,3,336,NULL,1,0,0,0,0,0,0),(1773,2812,1,10,1,NULL,NULL,NULL,0,'Dirac',1,3,336,NULL,1,0,0,0,0,0,0),(1774,2812,1,10,1,NULL,NULL,NULL,0,'Dirac',0,3,336,NULL,1,0,0,0,0,0,0),(1775,2812,1,10,1,NULL,NULL,NULL,0,'Dirac',0,3,336,NULL,1,0,0,0,0,0,0),(1776,2812,1,10,1,NULL,NULL,NULL,0,'Dirac',0,3,336,NULL,1,0,0,0,0,0,0),(1777,4475,1,10,1,NULL,NULL,NULL,0,'Thor',1,0,270,NULL,1,0,0,0,0,0,0),(1778,4475,1,10,1,NULL,NULL,NULL,0,'Thor',1,0,270,NULL,1,0,0,0,0,0,0),(1779,2812,1,10,1,NULL,NULL,NULL,0,'Dirac',0,0,270,NULL,1,0,0,0,0,0,0),(1780,2812,1,10,1,NULL,NULL,NULL,0,'Dirac',1,0,270,NULL,1,0,0,0,0,0,0),(1781,26875,1,10,1,NULL,NULL,NULL,0,'Demosis',0,0,180,NULL,1,0,0,0,0,0,0),(1782,4475,1,10,1,NULL,NULL,NULL,0,'Thor',0,0,180,NULL,1,0,0,0,0,0,0),(1783,4475,1,10,1,NULL,NULL,NULL,0,'Thor',1,0,180,NULL,1,0,0,0,0,0,0),(1784,4475,1,10,1,NULL,NULL,NULL,0,'Thor',1,0,180,NULL,1,0,0,0,0,0,0),(1785,2812,1,10,1,NULL,NULL,NULL,0,'Dirac',0,0,180,NULL,1,0,0,0,0,0,0),(1786,2812,1,10,1,NULL,NULL,NULL,0,'Dirac',1,0,180,NULL,1,0,0,0,0,0,0),(1787,2812,1,10,1,NULL,NULL,NULL,0,'Dirac',1,0,180,NULL,1,0,0,0,0,0,0),(1788,2812,1,10,1,NULL,NULL,NULL,0,'Dirac',1,0,180,NULL,1,0,0,0,0,0,0),(1789,2812,1,10,1,NULL,NULL,NULL,0,'Dirac',0,0,180,NULL,1,0,0,0,0,0,0),(1790,26875,1,10,1,NULL,NULL,NULL,0,'Demosis',0,0,0,NULL,1,0,0,0,0,0,0),(1791,4475,1,10,1,NULL,NULL,NULL,0,'Thor',1,0,0,NULL,1,0,0,0,0,0,0),(1792,4475,1,10,1,NULL,NULL,NULL,0,'Thor',0,0,0,NULL,1,0,0,0,0,0,0),(1793,2812,1,10,1,NULL,NULL,NULL,0,'Dirac',1,0,0,NULL,1,0,0,0,0,0,0),(1794,2812,1,10,1,NULL,NULL,NULL,0,'Dirac',1,0,0,NULL,1,0,0,0,0,0,0),(1795,2812,1,10,1,NULL,NULL,NULL,0,'Dirac',1,0,0,NULL,1,0,0,0,0,0,0),(1796,26875,1,11,1,NULL,NULL,NULL,0,'Demosis',1,0,270,NULL,1,0,0,0,0,0,0),(1797,26875,1,11,1,NULL,NULL,NULL,0,'Demosis',0,0,270,NULL,1,0,0,0,0,0,0),(1798,26875,1,11,1,NULL,NULL,NULL,0,'Demosis',0,0,270,NULL,1,0,0,0,0,0,0),(1799,26875,1,11,1,NULL,NULL,NULL,0,'Demosis',0,0,270,NULL,1,0,0,0,0,0,0),(1800,26875,1,11,1,NULL,NULL,NULL,0,'Demosis',1,0,270,NULL,1,0,0,0,0,0,0),(1801,4475,1,11,1,NULL,NULL,NULL,0,'Thor',1,0,270,NULL,1,0,0,0,0,0,0),(1802,4475,1,11,1,NULL,NULL,NULL,0,'Thor',0,0,270,NULL,1,0,0,0,0,0,0),(1803,4475,1,11,1,NULL,NULL,NULL,0,'Thor',0,0,270,NULL,1,0,0,0,0,0,0),(1804,4475,1,11,1,NULL,NULL,NULL,0,'Thor',1,0,270,NULL,1,0,0,0,0,0,0),(1805,2812,1,11,1,NULL,NULL,NULL,0,'Dirac',1,0,270,NULL,1,0,0,0,0,0,0),(1806,2812,1,11,1,NULL,NULL,NULL,0,'Dirac',1,0,270,NULL,1,0,0,0,0,0,0),(1807,2812,1,11,1,NULL,NULL,NULL,0,'Dirac',1,0,270,NULL,1,0,0,0,0,0,0),(1808,2812,1,11,1,NULL,NULL,NULL,0,'Dirac',0,0,270,NULL,1,0,0,0,0,0,0),(1809,2812,1,11,1,NULL,NULL,NULL,0,'Dirac',1,0,270,NULL,1,0,0,0,0,0,0),(1810,2812,1,11,1,NULL,NULL,NULL,0,'Dirac',1,0,270,NULL,1,0,0,0,0,0,0),(1811,2812,1,11,1,NULL,NULL,NULL,0,'Dirac',1,0,270,NULL,1,0,0,0,0,0,0),(1812,2812,1,11,1,NULL,NULL,NULL,0,'Dirac',1,0,270,NULL,1,0,0,0,0,0,0),(1813,2812,1,11,1,NULL,NULL,NULL,0,'Dirac',0,0,270,NULL,1,0,0,0,0,0,0),(1814,2812,1,11,1,NULL,NULL,NULL,0,'Dirac',1,0,270,NULL,1,0,0,0,0,0,0),(1815,2812,1,11,1,NULL,NULL,NULL,0,'Dirac',0,0,270,NULL,1,0,0,0,0,0,0),(1816,2812,1,11,1,NULL,NULL,NULL,0,'Dirac',1,0,270,NULL,1,0,0,0,0,0,0),(1817,2812,1,11,1,NULL,NULL,NULL,0,'Dirac',1,0,270,NULL,1,0,0,0,0,0,0),(1818,2812,1,11,1,NULL,NULL,NULL,0,'Dirac',0,0,270,NULL,1,0,0,0,0,0,0),(1819,2812,1,11,1,NULL,NULL,NULL,0,'Dirac',0,0,270,NULL,1,0,0,0,0,0,0),(1820,2812,1,11,1,NULL,NULL,NULL,0,'Dirac',0,0,270,NULL,1,0,0,0,0,0,0);
/*!40000 ALTER TABLE `units` ENABLE KEYS */;
UNLOCK TABLES;

--
-- Table structure for table `wreckages`
--

DROP TABLE IF EXISTS `wreckages`;
/*!40101 SET @saved_cs_client     = @@character_set_client */;
/*!40101 SET character_set_client = utf8 */;
CREATE TABLE `wreckages` (
  `id` int(11) NOT NULL AUTO_INCREMENT,
  `galaxy_id` int(11) DEFAULT NULL,
  `location_id` int(11) NOT NULL,
  `location_type` tinyint(3) unsigned NOT NULL,
  `location_x` smallint(6) NOT NULL,
  `location_y` smallint(6) NOT NULL,
  `metal` float NOT NULL DEFAULT '0',
  `energy` float NOT NULL DEFAULT '0',
  `zetium` float NOT NULL DEFAULT '0',
  PRIMARY KEY (`id`),
  UNIQUE KEY `location` (`location_id`,`location_type`,`location_x`,`location_y`),
  KEY `galaxy_id` (`galaxy_id`),
  CONSTRAINT `wreckages_ibfk_1` FOREIGN KEY (`galaxy_id`) REFERENCES `galaxies` (`id`) ON DELETE CASCADE
) ENGINE=InnoDB DEFAULT CHARSET=utf8;
/*!40101 SET character_set_client = @saved_cs_client */;

--
-- Dumping data for table `wreckages`
--

LOCK TABLES `wreckages` WRITE;
/*!40000 ALTER TABLE `wreckages` DISABLE KEYS */;
/*!40000 ALTER TABLE `wreckages` ENABLE KEYS */;
UNLOCK TABLES;
/*!40103 SET TIME_ZONE=@OLD_TIME_ZONE */;

/*!40101 SET SQL_MODE=@OLD_SQL_MODE */;
/*!40014 SET FOREIGN_KEY_CHECKS=@OLD_FOREIGN_KEY_CHECKS */;
/*!40014 SET UNIQUE_CHECKS=@OLD_UNIQUE_CHECKS */;
/*!40101 SET CHARACTER_SET_CLIENT=@OLD_CHARACTER_SET_CLIENT */;
/*!40101 SET CHARACTER_SET_RESULTS=@OLD_CHARACTER_SET_RESULTS */;
/*!40101 SET COLLATION_CONNECTION=@OLD_COLLATION_CONNECTION */;
/*!40111 SET SQL_NOTES=@OLD_SQL_NOTES */;

-- Dump completed on 2011-06-02 16:04:23
