-- MySQL dump 10.13  Distrib 5.1.54, for debian-linux-gnu (i686)
--
-- Host: localhost    Database: spacegame
-- ------------------------------------------------------
-- Server version	5.1.54-1ubuntu4

/*!40101 SET @OLD_CHARACTER_SET_CLIENT=@@CHARACTER_SET_CLIENT */;
/*!40101 SET @OLD_CHARACTER_SET_RESULTS=@@CHARACTER_SET_RESULTS */;
/*!40101 SET @OLD_COLLATION_CONNECTION=@@COLLATION_CONNECTION */;
/*!40101 SET NAMES utf8 */;
/*!40103 SET @OLD_TIME_ZONE=@@TIME_ZONE */;
/*!40103 SET TIME_ZONE='+00:00' */;
/*!40014 SET @OLD_UNIQUE_CHECKS=@@UNIQUE_CHECKS, UNIQUE_CHECKS=0 */;
/*!40014 SET @OLD_FOREIGN_KEY_CHECKS=@@FOREIGN_KEY_CHECKS, FOREIGN_KEY_CHECKS=0 */;
/*!40101 SET @OLD_SQL_MODE=@@SQL_MODE, SQL_MODE='NO_AUTO_VALUE_ON_ZERO' */;
/*!40111 SET @OLD_SQL_NOTES=@@SQL_NOTES, SQL_NOTES=0 */;

--
-- Table structure for table `alliances`
--

DROP TABLE IF EXISTS `alliances`;
/*!40101 SET @saved_cs_client     = @@character_set_client */;
/*!40101 SET character_set_client = utf8 */;
CREATE TABLE `alliances` (
  `id` int(11) NOT NULL AUTO_INCREMENT,
  `name` varchar(50) NOT NULL,
  `galaxy_id` int(11) NOT NULL,
  `owner_id` int(11) NOT NULL,
  `description` text NOT NULL,
  PRIMARY KEY (`id`),
  UNIQUE KEY `uniq_galaxy_name` (`name`,`galaxy_id`),
  KEY `foreign_key` (`galaxy_id`),
  KEY `owner_id` (`owner_id`),
  CONSTRAINT `alliances_ibfk_1` FOREIGN KEY (`galaxy_id`) REFERENCES `galaxies` (`id`) ON DELETE CASCADE,
  CONSTRAINT `alliances_ibfk_2` FOREIGN KEY (`owner_id`) REFERENCES `players` (`id`) ON DELETE NO ACTION
) ENGINE=InnoDB DEFAULT CHARSET=utf8;
/*!40101 SET character_set_client = @saved_cs_client */;

--
-- Dumping data for table `alliances`
--

LOCK TABLES `alliances` WRITE;
/*!40000 ALTER TABLE `alliances` DISABLE KEYS */;
/*!40000 ALTER TABLE `alliances` ENABLE KEYS */;
UNLOCK TABLES;

--
-- Table structure for table `buildings`
--

DROP TABLE IF EXISTS `buildings`;
/*!40101 SET @saved_cs_client     = @@character_set_client */;
/*!40101 SET character_set_client = utf8 */;
CREATE TABLE `buildings` (
  `id` int(11) NOT NULL AUTO_INCREMENT,
  `planet_id` int(11) DEFAULT NULL,
  `x` tinyint(2) unsigned NOT NULL DEFAULT '0',
  `y` tinyint(2) unsigned NOT NULL DEFAULT '0',
  `armor_mod` int(11) NOT NULL,
  `constructor_mod` int(11) NOT NULL,
  `energy_mod` int(11) NOT NULL,
  `level` tinyint(2) unsigned NOT NULL DEFAULT '0',
  `type` varchar(255) NOT NULL,
  `upgrade_ends_at` datetime DEFAULT NULL,
  `x_end` tinyint(2) unsigned NOT NULL DEFAULT '0',
  `y_end` tinyint(2) unsigned NOT NULL DEFAULT '0',
  `state` tinyint(2) NOT NULL DEFAULT '0',
  `hp` int(10) unsigned NOT NULL,
  `pause_remainder` int(10) unsigned DEFAULT NULL,
  `constructable_type` varchar(100) DEFAULT NULL,
  `constructable_id` int(11) DEFAULT NULL,
  `construction_mod` tinyint(2) unsigned NOT NULL DEFAULT '0',
  `cooldown_ends_at` datetime DEFAULT NULL,
  PRIMARY KEY (`id`),
  UNIQUE KEY `tiles_taken` (`planet_id`,`x`,`y`,`x_end`,`y_end`),
  KEY `index_buildings_on_construction_ends` (`upgrade_ends_at`),
  KEY `buildings_by_type` (`planet_id`,`type`),
  CONSTRAINT `buildings_ibfk_1` FOREIGN KEY (`planet_id`) REFERENCES `ss_objects` (`id`) ON DELETE CASCADE
) ENGINE=InnoDB AUTO_INCREMENT=182 DEFAULT CHARSET=utf8;
/*!40101 SET character_set_client = @saved_cs_client */;

--
-- Dumping data for table `buildings`
--

LOCK TABLES `buildings` WRITE;
/*!40000 ALTER TABLE `buildings` DISABLE KEYS */;
INSERT INTO `buildings` VALUES (1,1,2,3,0,0,0,10,'NpcTankFactory',NULL,5,6,1,200000,NULL,NULL,NULL,0,NULL),(2,1,13,4,0,0,0,10,'NpcSpaceFactory',NULL,17,7,1,450000,NULL,NULL,NULL,0,NULL),(3,1,10,7,0,0,0,10,'NpcHall',NULL,11,8,1,145000,NULL,NULL,NULL,0,NULL),(4,1,5,9,0,0,0,10,'NpcInfantryFactory',NULL,7,11,1,60000,NULL,NULL,NULL,0,NULL),(5,4,2,2,0,0,0,10,'NpcSpaceFactory',NULL,6,5,1,450000,NULL,NULL,NULL,0,NULL),(6,4,6,8,0,0,0,10,'NpcHall',NULL,7,9,1,145000,NULL,NULL,NULL,0,NULL),(7,4,1,10,0,0,0,10,'NpcInfantryFactory',NULL,3,12,1,60000,NULL,NULL,NULL,0,NULL),(8,4,10,11,0,0,0,10,'NpcTankFactory',NULL,13,14,1,200000,NULL,NULL,NULL,0,NULL),(9,5,6,5,0,0,0,10,'NpcInfantryFactory',NULL,8,7,1,60000,NULL,NULL,NULL,0,NULL),(10,5,10,8,0,0,0,10,'NpcHall',NULL,11,9,1,145000,NULL,NULL,NULL,0,NULL),(11,5,2,11,0,0,0,10,'NpcTankFactory',NULL,5,14,1,200000,NULL,NULL,NULL,0,NULL),(12,5,14,11,0,0,0,10,'NpcSpaceFactory',NULL,18,14,1,450000,NULL,NULL,NULL,0,NULL),(13,7,2,2,0,0,0,1,'NpcSpaceFactory',NULL,6,5,1,450000,NULL,NULL,NULL,0,NULL),(14,7,6,8,0,0,0,1,'NpcHall',NULL,7,9,1,145000,NULL,NULL,NULL,0,NULL),(15,7,1,10,0,0,0,1,'NpcInfantryFactory',NULL,3,12,1,60000,NULL,NULL,NULL,0,NULL),(16,7,10,11,0,0,0,1,'NpcTankFactory',NULL,13,14,1,200000,NULL,NULL,NULL,0,NULL),(17,11,2,2,0,0,0,1,'NpcSpaceFactory',NULL,6,5,1,450000,NULL,NULL,NULL,0,NULL),(18,11,6,8,0,0,0,1,'NpcHall',NULL,7,9,1,145000,NULL,NULL,NULL,0,NULL),(19,11,1,10,0,0,0,1,'NpcInfantryFactory',NULL,3,12,1,60000,NULL,NULL,NULL,0,NULL),(20,11,10,11,0,0,0,1,'NpcTankFactory',NULL,13,14,1,200000,NULL,NULL,NULL,0,NULL),(21,24,5,22,0,0,0,1,'NpcMetalExtractor',NULL,6,23,1,400,NULL,NULL,NULL,0,NULL),(22,24,8,18,0,0,0,1,'NpcMetalExtractor',NULL,9,19,1,400,NULL,NULL,NULL,0,NULL),(23,24,21,17,0,0,0,1,'NpcMetalExtractor',NULL,22,18,1,400,NULL,NULL,NULL,0,NULL),(24,24,24,27,0,0,0,1,'NpcZetiumExtractor',NULL,25,28,1,1600,NULL,NULL,NULL,0,NULL),(25,24,17,9,0,0,0,1,'NpcZetiumExtractor',NULL,18,10,1,1600,NULL,NULL,NULL,0,NULL),(26,24,13,11,0,0,0,1,'NpcZetiumExtractor',NULL,14,12,1,1600,NULL,NULL,NULL,0,NULL),(27,24,21,5,0,0,0,1,'NpcZetiumExtractor',NULL,22,6,1,1600,NULL,NULL,NULL,0,NULL),(28,24,11,4,0,0,0,1,'NpcJumpgate',NULL,15,8,1,8000,NULL,NULL,NULL,0,NULL),(29,24,16,3,0,0,0,1,'NpcExcavationSite',NULL,19,6,1,3000,NULL,NULL,NULL,0,NULL),(30,24,8,1,0,0,0,1,'NpcCommunicationsHub',NULL,11,2,1,1200,NULL,NULL,NULL,0,NULL),(31,24,12,20,0,0,0,1,'NpcResearchCenter',NULL,15,23,1,4000,NULL,NULL,NULL,0,NULL),(32,24,16,27,0,0,0,1,'NpcExcavationSite',NULL,19,30,1,3000,NULL,NULL,NULL,0,NULL),(33,24,8,13,0,0,0,1,'NpcTemple',NULL,10,15,1,2500,NULL,NULL,NULL,0,NULL),(34,24,1,0,0,0,0,1,'NpcCommunicationsHub',NULL,4,1,1,1200,NULL,NULL,NULL,0,NULL),(35,24,11,14,0,0,0,1,'NpcSolarPlant',NULL,12,15,1,1000,NULL,NULL,NULL,0,NULL),(36,24,12,26,0,0,0,1,'NpcSolarPlant',NULL,13,27,1,1000,NULL,NULL,NULL,0,NULL),(37,24,6,13,0,0,0,1,'NpcSolarPlant',NULL,7,14,1,1000,NULL,NULL,NULL,0,NULL),(38,24,6,2,0,0,0,1,'NpcSolarPlant',NULL,7,3,1,1000,NULL,NULL,NULL,0,NULL),(39,25,23,16,0,0,0,1,'NpcMetalExtractor',NULL,24,17,1,400,NULL,NULL,NULL,0,NULL),(40,25,15,22,0,0,0,1,'NpcMetalExtractor',NULL,16,23,1,400,NULL,NULL,NULL,0,NULL),(41,25,15,9,0,0,0,1,'NpcMetalExtractor',NULL,16,10,1,400,NULL,NULL,NULL,0,NULL),(42,25,19,18,0,0,0,1,'NpcMetalExtractor',NULL,20,19,1,400,NULL,NULL,NULL,0,NULL),(43,25,11,21,0,0,0,1,'NpcZetiumExtractor',NULL,12,22,1,1600,NULL,NULL,NULL,0,NULL),(44,25,23,8,0,0,0,1,'NpcZetiumExtractor',NULL,24,9,1,1600,NULL,NULL,NULL,0,NULL),(45,25,0,6,0,0,0,1,'NpcJumpgate',NULL,4,10,1,8000,NULL,NULL,NULL,0,NULL),(46,25,12,13,0,0,0,1,'NpcJumpgate',NULL,16,17,1,8000,NULL,NULL,NULL,0,NULL),(47,25,0,0,0,0,0,1,'NpcResearchCenter',NULL,3,3,1,4000,NULL,NULL,NULL,0,NULL),(48,25,0,11,0,0,0,1,'NpcExcavationSite',NULL,3,14,1,3000,NULL,NULL,NULL,0,NULL),(49,25,16,6,0,0,0,1,'NpcCommunicationsHub',NULL,19,7,1,1200,NULL,NULL,NULL,0,NULL),(50,25,4,15,0,0,0,1,'NpcExcavationSite',NULL,7,18,1,3000,NULL,NULL,NULL,0,NULL),(51,25,9,14,0,0,0,1,'NpcTemple',NULL,11,16,1,2500,NULL,NULL,NULL,0,NULL),(52,25,8,17,0,0,0,1,'NpcCommunicationsHub',NULL,11,18,1,1200,NULL,NULL,NULL,0,NULL),(53,25,14,4,0,0,0,1,'NpcSolarPlant',NULL,15,5,1,1000,NULL,NULL,NULL,0,NULL),(54,25,7,13,0,0,0,1,'NpcSolarPlant',NULL,8,14,1,1000,NULL,NULL,NULL,0,NULL),(55,25,7,3,0,0,0,1,'NpcSolarPlant',NULL,8,4,1,1000,NULL,NULL,NULL,0,NULL),(56,25,9,10,0,0,0,1,'NpcSolarPlant',NULL,10,11,1,1000,NULL,NULL,NULL,0,NULL),(57,28,10,23,0,0,0,1,'NpcMetalExtractor',NULL,11,24,1,400,NULL,NULL,NULL,0,NULL),(58,28,15,27,0,0,0,1,'NpcMetalExtractor',NULL,16,28,1,400,NULL,NULL,NULL,0,NULL),(59,28,6,24,0,0,0,1,'NpcMetalExtractor',NULL,7,25,1,400,NULL,NULL,NULL,0,NULL),(60,28,15,3,0,0,0,1,'NpcMetalExtractor',NULL,16,4,1,400,NULL,NULL,NULL,0,NULL),(61,28,6,18,0,0,0,1,'NpcZetiumExtractor',NULL,7,19,1,1600,NULL,NULL,NULL,0,NULL),(62,28,18,18,0,0,0,1,'NpcZetiumExtractor',NULL,19,19,1,1600,NULL,NULL,NULL,0,NULL),(63,28,22,23,0,0,0,1,'NpcZetiumExtractor',NULL,23,24,1,1600,NULL,NULL,NULL,0,NULL),(64,28,7,6,0,0,0,1,'NpcJumpgate',NULL,11,10,1,8000,NULL,NULL,NULL,0,NULL),(65,28,21,8,0,0,0,1,'NpcJumpgate',NULL,25,12,1,8000,NULL,NULL,NULL,0,NULL),(66,28,0,1,0,0,0,1,'NpcResearchCenter',NULL,3,4,1,4000,NULL,NULL,NULL,0,NULL),(67,28,21,13,0,0,0,1,'NpcExcavationSite',NULL,24,16,1,3000,NULL,NULL,NULL,0,NULL),(68,28,5,15,0,0,0,1,'NpcCommunicationsHub',NULL,8,16,1,1200,NULL,NULL,NULL,0,NULL),(69,28,17,6,0,0,0,1,'NpcTemple',NULL,19,8,1,2500,NULL,NULL,NULL,0,NULL),(70,28,9,12,0,0,0,1,'NpcCommunicationsHub',NULL,12,13,1,1200,NULL,NULL,NULL,0,NULL),(71,28,11,28,0,0,0,1,'NpcSolarPlant',NULL,12,29,1,1000,NULL,NULL,NULL,0,NULL),(72,28,18,25,0,0,0,1,'NpcSolarPlant',NULL,19,26,1,1000,NULL,NULL,NULL,0,NULL),(73,28,6,21,0,0,0,1,'NpcSolarPlant',NULL,7,22,1,1000,NULL,NULL,NULL,0,NULL),(74,49,2,13,0,0,0,1,'NpcMetalExtractor',NULL,3,14,1,400,NULL,NULL,NULL,0,NULL),(75,49,11,9,0,0,0,1,'NpcMetalExtractor',NULL,12,10,1,400,NULL,NULL,NULL,0,NULL),(76,49,23,1,0,0,0,1,'NpcMetalExtractor',NULL,24,2,1,400,NULL,NULL,NULL,0,NULL),(77,49,6,4,0,0,0,1,'NpcGeothermalPlant',NULL,7,5,1,600,NULL,NULL,NULL,0,NULL),(78,49,17,19,0,0,0,1,'NpcGeothermalPlant',NULL,18,20,1,600,NULL,NULL,NULL,0,NULL),(79,49,6,9,0,0,0,1,'NpcZetiumExtractor',NULL,7,10,1,1600,NULL,NULL,NULL,0,NULL),(80,49,23,14,0,0,0,1,'NpcJumpgate',NULL,27,18,1,8000,NULL,NULL,NULL,0,NULL),(81,49,6,21,0,0,0,1,'NpcResearchCenter',NULL,9,24,1,4000,NULL,NULL,NULL,0,NULL),(82,49,6,16,0,0,0,1,'NpcExcavationSite',NULL,9,19,1,3000,NULL,NULL,NULL,0,NULL),(83,49,26,10,0,0,0,1,'NpcCommunicationsHub',NULL,29,11,1,1200,NULL,NULL,NULL,0,NULL),(84,49,18,8,0,0,0,1,'NpcResearchCenter',NULL,21,11,1,4000,NULL,NULL,NULL,0,NULL),(85,49,16,12,0,0,0,1,'NpcCommunicationsHub',NULL,19,13,1,1200,NULL,NULL,NULL,0,NULL),(86,49,11,16,0,0,0,1,'NpcSolarPlant',NULL,12,17,1,1000,NULL,NULL,NULL,0,NULL),(87,49,17,4,0,0,0,1,'NpcSolarPlant',NULL,18,5,1,1000,NULL,NULL,NULL,0,NULL),(88,49,11,25,0,0,0,1,'NpcSolarPlant',NULL,12,26,1,1000,NULL,NULL,NULL,0,NULL),(89,56,17,27,0,0,0,1,'NpcMetalExtractor',NULL,18,28,1,400,NULL,NULL,NULL,0,NULL),(90,56,25,5,0,0,0,1,'NpcMetalExtractor',NULL,26,6,1,400,NULL,NULL,NULL,0,NULL),(91,56,20,1,0,0,0,1,'NpcZetiumExtractor',NULL,21,2,1,1600,NULL,NULL,NULL,0,NULL),(92,56,28,27,0,0,0,1,'NpcZetiumExtractor',NULL,29,28,1,1600,NULL,NULL,NULL,0,NULL),(93,56,16,1,0,0,0,1,'NpcZetiumExtractor',NULL,17,2,1,1600,NULL,NULL,NULL,0,NULL),(94,56,2,23,0,0,0,1,'NpcJumpgate',NULL,6,27,1,8000,NULL,NULL,NULL,0,NULL),(95,56,4,4,0,0,0,1,'NpcJumpgate',NULL,8,8,1,8000,NULL,NULL,NULL,0,NULL),(96,56,8,26,0,0,0,1,'NpcResearchCenter',NULL,11,29,1,4000,NULL,NULL,NULL,0,NULL),(97,56,6,19,0,0,0,1,'NpcExcavationSite',NULL,9,22,1,3000,NULL,NULL,NULL,0,NULL),(98,56,2,18,0,0,0,1,'NpcCommunicationsHub',NULL,5,19,1,1200,NULL,NULL,NULL,0,NULL),(99,56,15,24,0,0,0,1,'NpcSolarPlant',NULL,16,25,1,1000,NULL,NULL,NULL,0,NULL),(100,56,15,13,0,0,0,1,'NpcSolarPlant',NULL,16,14,1,1000,NULL,NULL,NULL,0,NULL),(101,56,18,24,0,0,0,1,'NpcSolarPlant',NULL,19,25,1,1000,NULL,NULL,NULL,0,NULL),(102,56,14,5,0,0,0,1,'NpcSolarPlant',NULL,15,6,1,1000,NULL,NULL,NULL,0,NULL),(103,63,22,8,0,0,0,1,'NpcMetalExtractor',NULL,23,9,1,400,NULL,NULL,NULL,0,NULL),(104,63,12,1,0,0,0,1,'NpcMetalExtractor',NULL,13,2,1,400,NULL,NULL,NULL,0,NULL),(105,63,5,5,0,0,0,1,'NpcMetalExtractor',NULL,6,6,1,400,NULL,NULL,NULL,0,NULL),(106,63,8,9,0,0,0,1,'NpcGeothermalPlant',NULL,9,10,1,600,NULL,NULL,NULL,0,NULL),(107,63,1,15,0,0,0,1,'NpcGeothermalPlant',NULL,2,16,1,600,NULL,NULL,NULL,0,NULL),(108,63,5,15,0,0,0,1,'NpcZetiumExtractor',NULL,6,16,1,1600,NULL,NULL,NULL,0,NULL),(109,63,26,14,0,0,0,1,'NpcZetiumExtractor',NULL,27,15,1,1600,NULL,NULL,NULL,0,NULL),(110,63,12,21,0,0,0,1,'NpcJumpgate',NULL,16,25,1,8000,NULL,NULL,NULL,0,NULL),(111,63,8,16,0,0,0,1,'NpcJumpgate',NULL,12,20,1,8000,NULL,NULL,NULL,0,NULL),(112,63,22,18,0,0,0,1,'NpcJumpgate',NULL,26,22,1,8000,NULL,NULL,NULL,0,NULL),(113,63,0,18,0,0,0,1,'NpcResearchCenter',NULL,3,21,1,4000,NULL,NULL,NULL,0,NULL),(114,63,8,22,0,0,0,1,'NpcExcavationSite',NULL,11,25,1,3000,NULL,NULL,NULL,0,NULL),(115,63,4,18,0,0,0,1,'NpcCommunicationsHub',NULL,7,19,1,1200,NULL,NULL,NULL,0,NULL),(116,63,0,4,0,0,0,1,'NpcResearchCenter',NULL,3,7,1,4000,NULL,NULL,NULL,0,NULL),(117,63,12,11,0,0,0,1,'NpcTemple',NULL,14,13,1,2500,NULL,NULL,NULL,0,NULL),(118,63,13,7,0,0,0,1,'NpcCommunicationsHub',NULL,16,8,1,1200,NULL,NULL,NULL,0,NULL),(119,63,10,5,0,0,0,1,'NpcSolarPlant',NULL,11,6,1,1000,NULL,NULL,NULL,0,NULL),(120,63,4,12,0,0,0,1,'NpcSolarPlant',NULL,5,13,1,1000,NULL,NULL,NULL,0,NULL),(121,63,4,10,0,0,0,1,'NpcSolarPlant',NULL,5,11,1,1000,NULL,NULL,NULL,0,NULL),(122,78,5,21,0,0,0,1,'NpcMetalExtractor',NULL,6,22,1,400,NULL,NULL,NULL,0,NULL),(123,78,6,15,0,0,0,1,'NpcMetalExtractor',NULL,7,16,1,400,NULL,NULL,NULL,0,NULL),(124,78,23,6,0,0,0,1,'NpcMetalExtractor',NULL,24,7,1,400,NULL,NULL,NULL,0,NULL),(125,78,29,13,0,0,0,1,'NpcGeothermalPlant',NULL,30,14,1,600,NULL,NULL,NULL,0,NULL),(126,78,9,2,0,0,0,1,'NpcZetiumExtractor',NULL,10,3,1,1600,NULL,NULL,NULL,0,NULL),(127,78,1,17,0,0,0,1,'NpcZetiumExtractor',NULL,2,18,1,1600,NULL,NULL,NULL,0,NULL),(128,78,24,10,0,0,0,1,'NpcZetiumExtractor',NULL,25,11,1,1600,NULL,NULL,NULL,0,NULL),(129,78,14,3,0,0,0,1,'NpcZetiumExtractor',NULL,15,4,1,1600,NULL,NULL,NULL,0,NULL),(130,78,27,1,0,0,0,1,'NpcJumpgate',NULL,31,5,1,8000,NULL,NULL,NULL,0,NULL),(131,78,0,0,0,0,0,1,'NpcResearchCenter',NULL,3,3,1,4000,NULL,NULL,NULL,0,NULL),(132,78,26,18,0,0,0,1,'NpcExcavationSite',NULL,29,21,1,3000,NULL,NULL,NULL,0,NULL),(133,78,9,19,0,0,0,1,'NpcCommunicationsHub',NULL,12,20,1,1200,NULL,NULL,NULL,0,NULL),(134,78,19,18,0,0,0,1,'NpcTemple',NULL,21,20,1,2500,NULL,NULL,NULL,0,NULL),(135,78,18,0,0,0,0,1,'NpcCommunicationsHub',NULL,21,1,1,1200,NULL,NULL,NULL,0,NULL),(136,78,19,4,0,0,0,1,'NpcSolarPlant',NULL,20,5,1,1000,NULL,NULL,NULL,0,NULL),(137,78,17,11,0,0,0,1,'NpcSolarPlant',NULL,18,12,1,1000,NULL,NULL,NULL,0,NULL),(138,78,14,17,0,0,0,1,'NpcSolarPlant',NULL,15,18,1,1000,NULL,NULL,NULL,0,NULL),(139,78,12,13,0,0,0,1,'NpcSolarPlant',NULL,13,14,1,1000,NULL,NULL,NULL,0,NULL),(140,80,0,0,0,0,0,1,'NpcMetalExtractor',NULL,1,1,1,400,NULL,NULL,NULL,0,NULL),(141,80,7,0,0,0,0,1,'NpcCommunicationsHub',NULL,10,1,1,1200,NULL,NULL,NULL,0,NULL),(142,80,18,0,0,0,0,1,'NpcSolarPlant',NULL,19,1,1,1000,NULL,NULL,NULL,0,NULL),(143,80,3,1,0,0,0,1,'NpcMetalExtractor',NULL,4,2,1,400,NULL,NULL,NULL,0,NULL),(144,80,12,1,0,0,0,1,'NpcSolarPlant',NULL,13,2,1,1000,NULL,NULL,NULL,0,NULL),(145,80,22,1,0,0,0,1,'NpcSolarPlant',NULL,23,2,1,1000,NULL,NULL,NULL,0,NULL),(146,80,26,1,0,0,0,1,'NpcCommunicationsHub',NULL,29,2,1,1200,NULL,NULL,NULL,0,NULL),(147,80,15,3,0,0,0,1,'NpcSolarPlant',NULL,16,4,1,1000,NULL,NULL,NULL,0,NULL),(148,80,18,3,0,0,0,1,'NpcSolarPlant',NULL,19,4,1,1000,NULL,NULL,NULL,0,NULL),(149,80,24,4,0,0,0,1,'NpcMetalExtractor',NULL,25,5,1,400,NULL,NULL,NULL,0,NULL),(150,80,28,4,0,0,0,1,'NpcMetalExtractor',NULL,29,5,1,400,NULL,NULL,NULL,0,NULL),(151,80,9,8,0,0,0,1,'Vulcan',NULL,10,9,1,3000,NULL,NULL,NULL,0,NULL),(152,80,11,8,0,0,0,1,'Screamer',NULL,12,9,1,3900,NULL,NULL,NULL,0,NULL),(153,80,13,8,0,0,0,1,'Thunder',NULL,14,9,1,6000,NULL,NULL,NULL,0,NULL),(154,80,15,8,0,0,0,1,'Vulcan',NULL,16,9,1,3000,NULL,NULL,NULL,0,NULL),(155,80,17,8,0,0,0,1,'Screamer',NULL,18,9,1,3900,NULL,NULL,NULL,0,NULL),(156,80,19,8,0,0,0,1,'Thunder',NULL,20,9,1,6000,NULL,NULL,NULL,0,NULL),(157,80,25,8,0,0,0,1,'NpcCommunicationsHub',NULL,28,9,1,1200,NULL,NULL,NULL,0,NULL),(158,80,9,10,0,0,0,1,'Thunder',NULL,10,11,1,6000,NULL,NULL,NULL,0,NULL),(159,80,11,10,0,0,0,1,'Mothership',NULL,18,15,1,10500,NULL,NULL,NULL,0,NULL),(160,80,19,10,0,0,0,1,'Vulcan',NULL,20,11,1,3000,NULL,NULL,NULL,0,NULL),(161,80,9,12,0,0,0,1,'Screamer',NULL,10,13,1,3900,NULL,NULL,NULL,0,NULL),(162,80,19,12,0,0,0,1,'Screamer',NULL,20,13,1,3900,NULL,NULL,NULL,0,NULL),(163,80,26,12,0,0,0,1,'NpcZetiumExtractor',NULL,27,13,1,1600,NULL,NULL,NULL,0,NULL),(164,80,9,14,0,0,0,1,'Vulcan',NULL,10,15,1,3000,NULL,NULL,NULL,0,NULL),(165,80,19,14,0,0,0,1,'Thunder',NULL,20,15,1,6000,NULL,NULL,NULL,0,NULL),(166,80,9,16,0,0,0,1,'Thunder',NULL,10,17,1,6000,NULL,NULL,NULL,0,NULL),(167,80,11,16,0,0,0,1,'Vulcan',NULL,12,17,1,3000,NULL,NULL,NULL,0,NULL),(168,80,13,16,0,0,0,1,'Thunder',NULL,14,17,1,6000,NULL,NULL,NULL,0,NULL),(169,80,15,16,0,0,0,1,'Screamer',NULL,16,17,1,3900,NULL,NULL,NULL,0,NULL),(170,80,17,16,0,0,0,1,'Thunder',NULL,18,17,1,6000,NULL,NULL,NULL,0,NULL),(171,80,19,16,0,0,0,1,'Vulcan',NULL,20,17,1,3000,NULL,NULL,NULL,0,NULL),(172,80,13,26,0,0,0,1,'NpcSolarPlant',NULL,14,27,1,1000,NULL,NULL,NULL,0,NULL),(173,80,20,27,0,0,0,1,'NpcSolarPlant',NULL,21,28,1,1000,NULL,NULL,NULL,0,NULL),(174,80,0,28,0,0,0,1,'NpcSolarPlant',NULL,1,29,1,1000,NULL,NULL,NULL,0,NULL),(175,80,3,28,0,0,0,1,'NpcSolarPlant',NULL,4,29,1,1000,NULL,NULL,NULL,0,NULL),(176,80,17,28,0,0,0,1,'NpcZetiumExtractor',NULL,18,29,1,1600,NULL,NULL,NULL,0,NULL),(177,80,28,28,0,0,0,1,'NpcSolarPlant',NULL,29,29,1,1000,NULL,NULL,NULL,0,NULL),(178,83,2,3,0,0,0,1,'NpcTankFactory',NULL,5,6,1,200000,NULL,NULL,NULL,0,NULL),(179,83,13,4,0,0,0,1,'NpcSpaceFactory',NULL,17,7,1,450000,NULL,NULL,NULL,0,NULL),(180,83,10,7,0,0,0,1,'NpcHall',NULL,11,8,1,145000,NULL,NULL,NULL,0,NULL),(181,83,5,9,0,0,0,1,'NpcInfantryFactory',NULL,7,11,1,60000,NULL,NULL,NULL,0,NULL);
/*!40000 ALTER TABLE `buildings` ENABLE KEYS */;
UNLOCK TABLES;

--
-- Table structure for table `callbacks`
--

DROP TABLE IF EXISTS `callbacks`;
/*!40101 SET @saved_cs_client     = @@character_set_client */;
/*!40101 SET character_set_client = utf8 */;
CREATE TABLE `callbacks` (
  `class` varchar(50) NOT NULL,
  `object_id` int(10) unsigned NOT NULL,
  `ends_at` datetime NOT NULL,
  `event` tinyint(2) unsigned NOT NULL DEFAULT '0',
  `ruleset` varchar(30) NOT NULL,
  UNIQUE KEY `main` (`class`,`object_id`,`event`),
  KEY `tick` (`ends_at`)
) ENGINE=InnoDB DEFAULT CHARSET=utf8;
/*!40101 SET character_set_client = @saved_cs_client */;

--
-- Dumping data for table `callbacks`
--

LOCK TABLES `callbacks` WRITE;
/*!40000 ALTER TABLE `callbacks` DISABLE KEYS */;
INSERT INTO `callbacks` VALUES ('SolarSystem',10,'2012-05-26 19:18:30',8,'dev'),('SsObject::Asteroid',15,'2011-05-27 13:19:00',9,'dev'),('SsObject::Asteroid',17,'2011-05-27 13:19:00',9,'dev'),('SsObject::Asteroid',18,'2011-05-27 13:19:00',9,'dev'),('SsObject::Asteroid',19,'2011-05-27 13:19:00',9,'dev'),('SsObject::Asteroid',20,'2011-05-27 13:19:00',9,'dev'),('SsObject::Asteroid',21,'2011-05-27 13:19:00',9,'dev'),('SsObject::Asteroid',22,'2011-05-27 13:19:00',9,'dev'),('SsObject::Asteroid',27,'2011-05-27 13:19:00',9,'dev'),('SsObject::Asteroid',29,'2011-05-27 13:19:00',9,'dev'),('SsObject::Asteroid',30,'2011-05-27 13:19:00',9,'dev'),('SsObject::Asteroid',31,'2011-05-27 13:19:00',9,'dev'),('SsObject::Asteroid',32,'2011-05-27 13:19:00',9,'dev'),('SsObject::Asteroid',33,'2011-05-27 13:19:00',9,'dev'),('SsObject::Asteroid',35,'2011-05-27 13:19:00',9,'dev'),('SsObject::Asteroid',36,'2011-05-27 13:19:00',9,'dev'),('SsObject::Asteroid',38,'2011-05-27 13:19:00',9,'dev'),('SsObject::Asteroid',39,'2011-05-27 13:19:00',9,'dev'),('SsObject::Asteroid',40,'2011-05-27 13:19:00',9,'dev'),('SsObject::Asteroid',41,'2011-05-27 13:19:00',9,'dev'),('SsObject::Asteroid',42,'2011-05-27 13:19:00',9,'dev'),('SsObject::Asteroid',43,'2011-05-27 13:19:00',9,'dev'),('SsObject::Asteroid',44,'2011-05-27 13:19:00',9,'dev'),('SsObject::Asteroid',46,'2011-05-27 13:19:00',9,'dev'),('SsObject::Asteroid',47,'2011-05-27 13:19:00',9,'dev'),('SsObject::Asteroid',48,'2011-05-27 13:19:00',9,'dev'),('SsObject::Asteroid',50,'2011-05-27 13:19:00',9,'dev'),('SsObject::Asteroid',51,'2011-05-27 13:19:00',9,'dev'),('SsObject::Asteroid',52,'2011-05-27 13:19:00',9,'dev'),('SsObject::Asteroid',53,'2011-05-27 13:19:00',9,'dev'),('SsObject::Asteroid',55,'2011-05-27 13:19:00',9,'dev'),('SsObject::Asteroid',57,'2011-05-27 13:19:00',9,'dev'),('SsObject::Asteroid',59,'2011-05-27 13:19:00',9,'dev'),('SsObject::Asteroid',60,'2011-05-27 13:19:00',9,'dev'),('SsObject::Asteroid',61,'2011-05-27 13:19:00',9,'dev'),('SsObject::Asteroid',62,'2011-05-27 13:19:00',9,'dev'),('SsObject::Asteroid',64,'2011-05-27 13:19:00',9,'dev'),('SsObject::Asteroid',65,'2011-05-27 13:19:00',9,'dev'),('SsObject::Asteroid',66,'2011-05-27 13:19:00',9,'dev'),('SsObject::Asteroid',67,'2011-05-27 13:19:00',9,'dev'),('SsObject::Asteroid',68,'2011-05-27 13:19:00',9,'dev'),('SsObject::Asteroid',69,'2011-05-27 13:19:00',9,'dev'),('SsObject::Asteroid',70,'2011-05-27 13:19:00',9,'dev'),('SsObject::Asteroid',71,'2011-05-27 13:19:00',9,'dev'),('SsObject::Asteroid',72,'2011-05-27 13:19:00',9,'dev'),('SsObject::Asteroid',73,'2011-05-27 13:19:00',9,'dev'),('SsObject::Asteroid',75,'2011-05-27 13:19:00',9,'dev'),('SsObject::Asteroid',76,'2011-05-27 13:19:00',9,'dev'),('SsObject::Asteroid',77,'2011-05-27 13:19:00',9,'dev'),('SsObject::Asteroid',79,'2011-05-27 13:19:00',9,'dev');
/*!40000 ALTER TABLE `callbacks` ENABLE KEYS */;
UNLOCK TABLES;

--
-- Table structure for table `chat_messages`
--

DROP TABLE IF EXISTS `chat_messages`;
/*!40101 SET @saved_cs_client     = @@character_set_client */;
/*!40101 SET character_set_client = utf8 */;
CREATE TABLE `chat_messages` (
  `source_id` int(11) NOT NULL,
  `target_id` int(11) NOT NULL,
  `message` varchar(255) NOT NULL,
  `created_at` datetime NOT NULL,
  KEY `index_chat_messages_on_source_id` (`source_id`),
  KEY `index_chat_messages_on_target_id` (`target_id`),
  CONSTRAINT `chat_messages_ibfk_2` FOREIGN KEY (`target_id`) REFERENCES `players` (`id`) ON DELETE CASCADE,
  CONSTRAINT `chat_messages_ibfk_1` FOREIGN KEY (`source_id`) REFERENCES `players` (`id`) ON DELETE CASCADE
) ENGINE=InnoDB DEFAULT CHARSET=utf8;
/*!40101 SET character_set_client = @saved_cs_client */;

--
-- Dumping data for table `chat_messages`
--

LOCK TABLES `chat_messages` WRITE;
/*!40000 ALTER TABLE `chat_messages` DISABLE KEYS */;
/*!40000 ALTER TABLE `chat_messages` ENABLE KEYS */;
UNLOCK TABLES;

--
-- Table structure for table `combat_logs`
--

DROP TABLE IF EXISTS `combat_logs`;
/*!40101 SET @saved_cs_client     = @@character_set_client */;
/*!40101 SET character_set_client = utf8 */;
CREATE TABLE `combat_logs` (
  `sha1_id` char(40) NOT NULL,
  `info` mediumtext NOT NULL,
  `expires_at` datetime NOT NULL,
  PRIMARY KEY (`sha1_id`),
  KEY `index_combat_logs_on_expires_at` (`expires_at`)
) ENGINE=InnoDB DEFAULT CHARSET=utf8;
/*!40101 SET character_set_client = @saved_cs_client */;

--
-- Dumping data for table `combat_logs`
--

LOCK TABLES `combat_logs` WRITE;
/*!40000 ALTER TABLE `combat_logs` DISABLE KEYS */;
/*!40000 ALTER TABLE `combat_logs` ENABLE KEYS */;
UNLOCK TABLES;

--
-- Table structure for table `construction_queue_entries`
--

DROP TABLE IF EXISTS `construction_queue_entries`;
/*!40101 SET @saved_cs_client     = @@character_set_client */;
/*!40101 SET character_set_client = utf8 */;
CREATE TABLE `construction_queue_entries` (
  `id` int(11) NOT NULL AUTO_INCREMENT,
  `constructable_type` varchar(100) NOT NULL,
  `constructor_id` int(11) NOT NULL,
  `count` int(11) NOT NULL,
  `position` smallint(2) unsigned NOT NULL DEFAULT '0',
  `params` text,
  `player_id` int(11) DEFAULT NULL,
  PRIMARY KEY (`id`),
  KEY `index_upgrade_queue_entries_on_position` (`position`),
  KEY `foreign_key` (`constructor_id`),
  KEY `player_id` (`player_id`),
  CONSTRAINT `construction_queue_entries_ibfk_2` FOREIGN KEY (`player_id`) REFERENCES `players` (`id`) ON DELETE CASCADE,
  CONSTRAINT `construction_queue_entries_ibfk_1` FOREIGN KEY (`constructor_id`) REFERENCES `buildings` (`id`) ON DELETE CASCADE
) ENGINE=InnoDB DEFAULT CHARSET=utf8;
/*!40101 SET character_set_client = @saved_cs_client */;

--
-- Dumping data for table `construction_queue_entries`
--

LOCK TABLES `construction_queue_entries` WRITE;
/*!40000 ALTER TABLE `construction_queue_entries` DISABLE KEYS */;
/*!40000 ALTER TABLE `construction_queue_entries` ENABLE KEYS */;
UNLOCK TABLES;

--
-- Table structure for table `cooldowns`
--

DROP TABLE IF EXISTS `cooldowns`;
/*!40101 SET @saved_cs_client     = @@character_set_client */;
/*!40101 SET character_set_client = utf8 */;
CREATE TABLE `cooldowns` (
  `id` int(11) NOT NULL AUTO_INCREMENT,
  `location_id` int(10) unsigned NOT NULL,
  `location_type` tinyint(2) unsigned NOT NULL,
  `location_x` int(11) DEFAULT NULL,
  `location_y` int(11) DEFAULT NULL,
  `ends_at` datetime NOT NULL,
  PRIMARY KEY (`id`),
  UNIQUE KEY `location` (`location_id`,`location_type`,`location_x`,`location_y`)
) ENGINE=InnoDB DEFAULT CHARSET=utf8;
/*!40101 SET character_set_client = @saved_cs_client */;

--
-- Dumping data for table `cooldowns`
--

LOCK TABLES `cooldowns` WRITE;
/*!40000 ALTER TABLE `cooldowns` DISABLE KEYS */;
/*!40000 ALTER TABLE `cooldowns` ENABLE KEYS */;
UNLOCK TABLES;

--
-- Table structure for table `cred_stats`
--

DROP TABLE IF EXISTS `cred_stats`;
/*!40101 SET @saved_cs_client     = @@character_set_client */;
/*!40101 SET character_set_client = utf8 */;
CREATE TABLE `cred_stats` (
  `id` int(11) NOT NULL AUTO_INCREMENT,
  `action` tinyint(2) unsigned NOT NULL,
  `player_id` int(11) DEFAULT NULL,
  `creds_left` int(10) unsigned NOT NULL,
  `class_name` varchar(50) DEFAULT NULL,
  `level` tinyint(2) unsigned DEFAULT NULL,
  `cost` int(10) unsigned NOT NULL,
  `time` int(10) unsigned DEFAULT NULL,
  `actual_time` int(10) unsigned DEFAULT NULL,
  `created_at` datetime NOT NULL,
  `resource` varchar(6) DEFAULT NULL,
  `attribute` varchar(7) DEFAULT NULL,
  `vip_level` tinyint(2) unsigned NOT NULL DEFAULT '0',
  `vip_creds` int(10) unsigned NOT NULL DEFAULT '0',
  PRIMARY KEY (`id`),
  KEY `by_action` (`action`),
  KEY `by_player` (`player_id`),
  CONSTRAINT `cred_stats_ibfk_1` FOREIGN KEY (`player_id`) REFERENCES `players` (`id`) ON DELETE SET NULL
) ENGINE=InnoDB DEFAULT CHARSET=utf8;
/*!40101 SET character_set_client = @saved_cs_client */;

--
-- Dumping data for table `cred_stats`
--

LOCK TABLES `cred_stats` WRITE;
/*!40000 ALTER TABLE `cred_stats` DISABLE KEYS */;
/*!40000 ALTER TABLE `cred_stats` ENABLE KEYS */;
UNLOCK TABLES;

--
-- Table structure for table `folliages`
--

DROP TABLE IF EXISTS `folliages`;
/*!40101 SET @saved_cs_client     = @@character_set_client */;
/*!40101 SET character_set_client = utf8 */;
CREATE TABLE `folliages` (
  `planet_id` int(11) NOT NULL,
  `x` tinyint(2) unsigned NOT NULL DEFAULT '0',
  `y` tinyint(2) unsigned NOT NULL DEFAULT '0',
  `kind` tinyint(2) unsigned NOT NULL DEFAULT '0',
  UNIQUE KEY `coords` (`planet_id`,`x`,`y`),
  CONSTRAINT `folliages_ibfk_1` FOREIGN KEY (`planet_id`) REFERENCES `ss_objects` (`id`) ON DELETE CASCADE
) ENGINE=InnoDB DEFAULT CHARSET=utf8;
/*!40101 SET character_set_client = @saved_cs_client */;

--
-- Dumping data for table `folliages`
--

LOCK TABLES `folliages` WRITE;
/*!40000 ALTER TABLE `folliages` DISABLE KEYS */;
INSERT INTO `folliages` VALUES (1,0,3,3),(1,0,4,0),(1,0,7,11),(1,1,3,6),(1,1,4,1),(1,1,7,3),(1,3,11,13),(1,3,12,13),(1,5,8,6),(1,6,2,9),(1,7,1,2),(1,7,6,10),(1,8,7,3),(1,8,8,8),(1,8,10,4),(1,9,2,13),(1,9,10,6),(1,10,0,2),(1,10,1,2),(1,10,4,1),(1,11,5,3),(1,12,6,9),(1,12,9,6),(1,13,12,1),(1,14,3,4),(1,15,3,3),(1,16,12,7),(1,17,2,0),(1,17,3,4),(1,17,9,3),(1,18,4,2),(1,18,6,4),(1,18,9,11),(1,18,12,5),(1,19,4,0),(1,19,12,8),(1,20,4,12),(1,20,10,13),(1,20,11,8),(1,20,12,1),(1,21,9,5),(1,21,11,3),(1,21,12,1),(1,22,9,2),(4,0,1,7),(4,0,11,0),(4,0,13,9),(4,1,0,13),(4,1,1,10),(4,1,8,2),(4,1,13,0),(4,2,8,12),(4,4,0,12),(4,4,6,4),(4,4,14,0),(4,5,8,7),(4,7,1,7),(4,7,4,7),(4,8,0,4),(4,8,4,5),(4,8,7,3),(4,8,8,8),(4,10,10,9),(4,12,0,8),(4,14,0,13),(4,14,7,6),(4,14,11,8),(4,14,13,3),(5,0,10,6),(5,0,15,0),(5,0,16,3),(5,1,3,11),(5,1,5,8),(5,1,10,12),(5,1,11,7),(5,1,12,1),(5,1,14,2),(5,2,10,4),(5,3,6,12),(5,4,7,9),(5,4,10,0),(5,4,15,5),(5,4,16,9),(5,5,2,7),(5,5,7,4),(5,6,3,4),(5,6,11,12),(5,6,14,2),(5,7,10,12),(5,7,16,5),(5,9,10,11),(5,9,15,13),(5,10,6,2),(5,11,6,11),(5,11,10,5),(5,11,13,12),(5,11,16,9),(5,12,3,10),(5,12,6,7),(5,12,10,10),(5,12,15,1),(5,13,1,5),(5,13,3,1),(5,13,4,12),(5,13,9,8),(5,13,11,3),(5,14,6,12),(5,16,15,0),(5,17,8,6),(5,17,16,1),(5,18,6,3),(5,18,10,0),(5,19,16,11),(5,20,2,1),(5,20,6,6),(5,20,8,4),(5,20,9,1),(5,20,10,4),(7,0,0,1),(7,0,5,1),(7,0,7,7),(7,0,11,9),(7,0,14,7),(7,1,2,0),(7,1,4,10),(7,1,7,4),(7,1,9,7),(7,1,13,13),(7,2,7,13),(7,2,13,10),(7,2,14,3),(7,3,7,13),(7,4,9,13),(7,5,0,7),(7,5,6,9),(7,5,14,9),(7,6,0,4),(7,6,14,7),(7,7,2,10),(7,7,5,5),(7,7,14,12),(7,8,1,7),(7,8,2,4),(7,8,5,6),(7,8,7,1),(7,9,12,5),(7,11,0,8),(7,12,0,4),(7,12,7,12),(7,13,0,2),(7,14,12,0),(11,0,12,5),(11,0,13,8),(11,1,0,3),(11,1,2,9),(11,1,8,9),(11,2,1,9),(11,2,8,7),(11,3,0,5),(11,3,6,11),(11,4,1,4),(11,4,13,2),(11,5,6,13),(11,5,8,0),(11,5,9,13),(11,7,0,9),(11,7,3,0),(11,8,2,10),(11,8,4,0),(11,8,5,13),(11,8,6,12),(11,10,10,3),(11,12,0,12),(11,12,7,11),(11,14,13,0),(24,0,2,4),(24,0,24,9),(24,0,26,11),(24,0,28,3),(24,1,3,2),(24,1,12,4),(24,1,25,12),(24,2,12,4),(24,2,25,2),(24,3,3,13),(24,3,12,3),(24,3,25,3),(24,3,28,9),(24,5,26,0),(24,6,11,3),(24,6,12,5),(24,6,25,9),(24,6,26,2),(24,6,30,7),(24,8,0,8),(24,8,10,0),(24,8,22,2),(24,8,23,6),(24,8,26,10),(24,8,28,2),(24,8,29,9),(24,9,22,9),(24,9,25,9),(24,9,29,1),(24,10,12,5),(24,10,16,9),(24,10,19,8),(24,10,25,8),(24,11,12,0),(24,11,17,3),(24,11,21,8),(24,11,25,3),(24,11,26,5),(24,12,0,6),(24,12,24,1),(24,13,9,7),(24,13,13,13),(24,13,14,1),(24,13,19,12),(24,14,16,4),(24,14,19,12),(24,14,30,1),(24,15,15,1),(24,15,16,2),(24,16,7,9),(24,16,10,11),(24,17,8,11),(24,17,16,2),(24,17,23,3),(24,18,22,9),(24,19,10,10),(24,20,15,7),(24,20,24,8),(24,21,4,3),(24,21,15,8),(24,21,16,11),(24,21,22,4),(24,21,24,2),(24,22,4,2),(24,22,23,4),(24,23,8,10),(24,23,11,5),(24,23,30,4),(24,24,7,7),(24,24,8,4),(24,24,13,1),(24,24,14,9),(24,24,16,5),(24,24,17,7),(24,24,18,13),(24,24,19,9),(24,24,22,11),(24,24,24,8),(24,24,26,10),(24,25,9,13),(24,25,10,6),(24,25,12,10),(24,25,16,2),(24,25,17,6),(24,25,18,9),(24,25,21,6),(24,26,6,9),(24,26,9,7),(24,26,15,10),(24,26,17,1),(24,26,19,4),(24,26,20,4),(24,26,22,10),(24,26,25,3),(24,26,26,0),(24,26,29,9),(25,0,19,8),(25,3,15,0),(25,3,24,1),(25,4,3,8),(25,4,23,5),(25,4,24,13),(25,5,0,10),(25,5,3,0),(25,5,11,12),(25,5,12,5),(25,5,13,5),(25,5,14,4),(25,5,23,1),(25,6,1,0),(25,6,10,3),(25,6,11,10),(25,6,24,12),(25,7,0,11),(25,7,1,4),(25,7,2,5),(25,7,10,12),(25,7,21,13),(25,7,24,2),(25,8,2,4),(25,8,11,13),(25,8,21,8),(25,9,3,12),(25,9,13,10),(25,9,20,5),(25,10,3,11),(25,10,6,11),(25,11,0,13),(25,11,9,6),(25,11,23,4),(25,12,9,11),(25,12,11,4),(25,12,20,12),(25,13,3,10),(25,13,4,4),(25,13,5,3),(25,13,8,2),(25,14,0,11),(25,14,11,0),(25,15,12,1),(25,16,0,6),(25,16,1,5),(25,17,11,6),(25,17,14,12),(25,17,15,6),(25,17,22,2),(25,17,23,4),(25,18,0,8),(25,18,12,12),(25,18,15,5),(25,18,16,2),(25,19,0,11),(25,19,5,10),(25,20,13,6),(25,20,17,8),(25,21,0,13),(25,21,18,8),(25,22,13,13),(25,22,15,7),(25,22,17,7),(25,22,19,1),(25,22,22,10),(25,23,20,3),(25,24,13,3),(25,24,22,13),(25,25,0,8),(25,25,3,4),(25,25,21,6),(25,25,22,1),(28,0,11,0),(28,0,12,0),(28,0,16,9),(28,0,26,0),(28,0,27,4),(28,1,22,3),(28,1,23,13),(28,1,24,11),(28,2,24,1),(28,2,25,8),(28,3,11,5),(28,3,12,9),(28,3,14,13),(28,3,24,1),(28,4,2,7),(28,4,3,6),(28,4,12,11),(28,4,13,8),(28,4,19,4),(28,5,11,5),(28,5,13,10),(28,5,14,7),(28,6,3,5),(28,6,4,9),(28,6,7,10),(28,6,8,9),(28,6,14,11),(28,7,2,0),(28,8,2,11),(28,8,11,0),(28,8,19,10),(28,9,0,11),(28,9,22,9),(28,9,24,0),(28,10,5,5),(28,10,18,11),(28,11,4,7),(28,11,18,11),(28,12,6,1),(28,12,14,13),(28,13,6,1),(28,13,9,11),(28,13,11,4),(28,14,9,4),(28,14,13,1),(28,15,8,0),(28,15,9,7),(28,15,15,9),(28,16,5,0),(28,17,9,7),(28,17,12,13),(28,17,14,8),(28,17,15,7),(28,18,4,1),(28,18,17,10),(28,19,5,6),(28,19,12,4),(28,20,2,8),(28,20,9,1),(28,20,11,13),(28,20,12,1),(28,20,18,7),(28,21,3,0),(28,21,4,11),(28,22,2,12),(28,22,17,8),(28,22,18,5),(28,23,7,12),(28,23,18,2),(28,23,21,10),(28,24,0,0),(28,24,4,0),(28,24,6,10),(28,24,7,10),(28,24,22,6),(28,25,2,1),(49,0,1,3),(49,0,8,8),(49,0,13,7),(49,0,17,10),(49,0,18,12),(49,1,11,12),(49,1,17,4),(49,1,18,5),(49,2,10,6),(49,2,16,7),(49,2,17,12),(49,3,10,3),(49,3,11,13),(49,4,18,9),(49,4,19,0),(49,5,9,9),(49,5,10,9),(49,5,18,1),(49,6,1,2),(49,6,11,2),(49,7,2,8),(49,7,3,9),(49,7,7,0),(49,7,12,7),(49,7,14,13),(49,8,1,13),(49,8,3,2),(49,8,5,12),(49,8,7,4),(49,8,9,0),(49,8,14,0),(49,8,15,3),(49,8,20,0),(49,9,3,12),(49,9,7,11),(49,9,11,1),(49,9,12,10),(49,10,6,1),(49,10,8,11),(49,10,9,10),(49,10,10,13),(49,10,12,7),(49,10,18,4),(49,10,24,9),(49,11,12,5),(49,11,18,11),(49,11,22,0),(49,11,24,6),(49,12,7,4),(49,12,11,8),(49,12,22,2),(49,13,7,1),(49,13,21,1),(49,13,24,4),(49,13,25,2),(49,14,9,12),(49,14,23,13),(49,14,25,0),(49,14,26,13),(49,15,7,13),(49,15,20,4),(49,15,21,5),(49,15,24,0),(49,15,26,12),(49,16,10,1),(49,16,17,4),(49,16,18,13),(49,16,19,10),(49,16,20,2),(49,16,21,2),(49,17,6,10),(49,17,22,5),(49,17,25,8),(49,17,26,3),(49,19,1,11),(49,19,2,11),(49,19,3,10),(49,19,6,3),(49,20,1,9),(49,20,25,0),(49,21,4,3),(49,21,5,4),(49,21,7,1),(49,21,24,1),(49,22,1,1),(49,22,8,5),(49,22,23,9),(49,22,24,7),(49,23,0,4),(49,23,3,6),(49,23,13,9),(49,23,23,0),(49,23,25,4),(49,23,26,3),(49,24,3,13),(49,24,8,1),(49,24,22,4),(49,25,1,6),(49,25,2,0),(49,25,11,11),(49,25,13,7),(49,25,19,1),(49,26,0,4),(49,26,24,4),(49,27,0,8),(49,27,1,1),(49,27,19,1),(49,27,23,12),(49,27,24,8),(49,28,12,6),(49,28,21,7),(49,29,0,3),(49,29,4,7),(49,29,15,8),(49,29,22,12),(49,29,23,6),(56,0,0,3),(56,0,6,9),(56,0,8,0),(56,0,25,13),(56,0,28,10),(56,1,22,1),(56,1,27,5),(56,1,29,8),(56,2,1,5),(56,2,3,7),(56,2,28,2),(56,3,3,8),(56,3,6,10),(56,3,14,9),(56,4,1,5),(56,4,3,10),(56,4,29,8),(56,5,2,11),(56,6,1,0),(56,6,29,1),(56,7,10,8),(56,7,23,3),(56,7,26,7),(56,8,1,7),(56,8,2,7),(56,8,25,7),(56,9,8,0),(56,10,10,3),(56,10,22,4),(56,11,4,3),(56,11,5,7),(56,11,7,7),(56,11,10,10),(56,11,14,8),(56,11,15,7),(56,12,10,10),(56,12,11,9),(56,12,13,4),(56,13,2,0),(56,13,8,1),(56,13,10,4),(56,13,14,5),(56,13,23,11),(56,14,10,4),(56,14,11,8),(56,15,2,2),(56,15,4,12),(56,15,15,4),(56,15,28,7),(56,16,11,11),(56,16,17,7),(56,17,7,5),(56,17,8,0),(56,17,17,4),(56,17,18,12),(56,17,19,7),(56,17,29,10),(56,18,14,11),(56,19,3,10),(56,19,5,9),(56,19,11,4),(56,19,13,0),(56,19,27,6),(56,19,29,9),(56,20,15,3),(56,20,29,9),(56,21,4,11),(56,22,9,6),(56,22,17,4),(56,22,20,11),(56,23,6,7),(56,23,7,10),(56,23,13,7),(56,23,28,8),(56,23,29,10),(56,24,5,5),(56,24,7,1),(56,24,10,10),(56,24,18,7),(56,24,22,0),(56,26,10,8),(56,26,21,6),(56,27,21,11),(56,27,29,2),(56,28,11,0),(56,29,2,5),(56,29,3,11),(56,30,27,7),(56,30,29,4),(63,0,0,11),(63,0,1,5),(63,0,2,9),(63,0,8,6),(63,0,12,7),(63,1,3,7),(63,1,14,0),(63,1,25,10),(63,2,11,4),(63,2,14,5),(63,3,0,10),(63,3,2,0),(63,3,16,10),(63,4,1,1),(63,4,9,12),(63,5,0,9),(63,5,17,4),(63,6,3,13),(63,6,9,11),(63,6,17,2),(63,7,3,10),(63,7,14,9),(63,8,4,7),(63,8,5,0),(63,10,11,9),(63,10,12,13),(63,11,1,6),(63,11,2,6),(63,11,3,10),(63,11,11,4),(63,12,3,9),(63,13,3,5),(63,13,5,7),(63,14,1,6),(63,14,5,3),(63,14,9,7),(63,15,1,5),(63,15,4,6),(63,15,11,12),(63,17,4,8),(63,17,12,12),(63,18,6,7),(63,18,8,7),(63,18,12,11),(63,18,14,3),(63,18,17,11),(63,18,23,7),(63,18,25,8),(63,19,8,9),(63,19,11,4),(63,19,14,11),(63,19,23,7),(63,19,25,13),(63,20,2,2),(63,20,20,11),(63,20,21,0),(63,20,23,10),(63,21,2,9),(63,21,3,12),(63,21,18,3),(63,22,5,3),(63,24,2,11),(63,24,4,7),(63,25,0,6),(63,25,1,5),(63,25,5,7),(63,26,5,7),(63,26,10,1),(63,26,24,3),(63,27,2,13),(63,27,8,1),(63,27,11,0),(63,27,12,5),(63,28,16,6),(63,28,21,4),(78,0,4,4),(78,0,9,2),(78,0,11,1),(78,1,4,1),(78,1,11,4),(78,2,4,13),(78,2,5,3),(78,2,7,6),(78,2,11,10),(78,3,5,0),(78,3,11,6),(78,3,26,11),(78,4,11,12),(78,5,0,11),(78,5,1,2),(78,5,12,9),(78,6,23,1),(78,7,17,13),(78,7,20,7),(78,8,2,13),(78,8,19,9),(78,8,21,2),(78,9,18,0),(78,9,21,10),(78,9,26,5),(78,10,4,1),(78,10,6,4),(78,10,10,9),(78,10,16,8),(78,10,18,12),(78,10,23,12),(78,10,24,7),(78,11,26,9),(78,12,1,1),(78,12,2,6),(78,12,3,5),(78,12,8,4),(78,12,17,7),(78,13,2,2),(78,13,15,12),(78,13,21,12),(78,13,22,5),(78,13,26,6),(78,14,7,5),(78,14,13,12),(78,14,14,2),(78,14,23,13),(78,14,26,13),(78,15,9,5),(78,15,21,6),(78,16,4,6),(78,16,5,11),(78,16,9,13),(78,16,15,10),(78,16,17,10),(78,16,19,0),(78,16,22,0),(78,16,25,2),(78,16,26,3),(78,17,13,0),(78,17,16,10),(78,17,17,12),(78,17,21,1),(78,17,24,10),(78,17,26,12),(78,18,2,13),(78,18,3,12),(78,18,7,1),(78,18,8,10),(78,18,9,0),(78,18,10,0),(78,18,14,10),(78,18,15,0),(78,18,16,5),(78,18,22,0),(78,18,26,1),(78,19,9,7),(78,19,14,5),(78,19,16,7),(78,19,21,1),(78,19,25,3),(78,19,26,5),(78,20,3,4),(78,20,9,10),(78,20,16,2),(78,20,22,0),(78,20,23,3),(78,21,4,4),(78,21,7,11),(78,21,9,8),(78,21,10,1),(78,21,15,12),(78,21,24,5),(78,22,20,6),(78,22,24,5),(78,23,8,7),(78,23,9,10),(78,23,10,0),(78,23,20,0),(78,24,19,0),(78,24,22,4),(78,25,5,5),(78,25,6,5),(78,25,7,6),(78,25,8,2),(78,25,19,12),(78,25,23,6),(78,25,24,5),(78,25,26,11),(78,26,6,2),(78,26,7,7),(78,26,9,0),(78,26,17,3),(78,27,6,11),(78,27,7,1),(78,27,8,13),(78,27,9,11),(78,27,26,6),(78,28,6,6),(78,28,7,9),(78,28,9,13),(78,28,14,10),(78,29,6,1),(78,29,7,1),(78,29,15,8),(78,30,7,13),(78,30,26,3),(78,31,7,6),(78,31,9,11),(78,31,10,13),(78,32,0,5),(78,32,1,4),(78,32,2,11),(78,32,7,0),(78,32,10,3),(80,0,17,2),(80,0,19,6),(80,0,20,5),(80,0,22,8),(80,1,15,0),(80,1,24,13),(80,1,25,2),(80,4,0,8),(80,4,3,7),(80,5,0,9),(80,5,1,4),(80,5,6,7),(80,5,7,12),(80,5,10,7),(80,5,25,5),(80,6,0,10),(80,6,3,5),(80,6,10,3),(80,6,12,7),(80,6,13,5),(80,6,22,3),(80,6,29,1),(80,7,2,13),(80,7,8,7),(80,7,15,2),(80,7,17,1),(80,7,20,8),(80,7,21,1),(80,8,5,3),(80,8,11,9),(80,8,20,8),(80,9,2,5),(80,9,29,6),(80,10,22,2),(80,12,3,3),(80,13,3,3),(80,13,5,12),(80,13,20,13),(80,13,21,3),(80,13,24,10),(80,13,25,8),(80,13,28,12),(80,14,5,5),(80,14,20,10),(80,14,24,8),(80,14,28,4),(80,14,29,10),(80,15,18,7),(80,15,19,9),(80,15,26,3),(80,16,6,8),(80,16,19,9),(80,16,22,10),(80,16,25,3),(80,16,27,1),(80,17,5,8),(80,17,6,1),(80,17,18,1),(80,17,23,4),(80,17,25,2),(80,18,6,9),(80,18,18,12),(80,18,20,11),(80,18,22,0),(80,18,27,9),(80,19,6,6),(80,19,7,3),(80,19,18,10),(80,19,25,4),(80,19,26,3),(80,19,27,10),(80,20,7,8),(80,20,18,2),(80,20,26,13),(80,21,5,5),(80,21,11,8),(80,21,12,12),(80,21,17,0),(80,21,21,6),(80,22,8,10),(80,22,16,1),(80,22,19,0),(80,22,22,7),(80,23,7,1),(80,23,12,6),(80,23,13,4),(80,23,18,5),(80,23,21,5),(80,23,22,7),(80,23,23,3),(80,24,0,13),(80,24,16,10),(80,24,22,0),(80,25,3,4),(80,25,6,6),(80,25,18,4),(80,25,21,10),(80,25,26,3),(80,26,0,3),(80,26,20,0),(80,27,0,7),(80,27,16,13),(80,27,20,9),(80,28,3,0),(80,28,14,11),(80,29,6,0),(80,29,12,11),(83,0,3,6),(83,0,12,11),(83,1,4,13),(83,3,7,8),(83,4,2,3),(83,4,8,6),(83,4,10,6),(83,4,11,0),(83,5,2,5),(83,6,2,1),(83,6,4,0),(83,7,1,0),(83,7,2,4),(83,7,6,12),(83,7,7,5),(83,8,9,3),(83,9,6,0),(83,9,7,0),(83,9,12,0),(83,10,4,9),(83,10,5,8),(83,10,6,5),(83,11,4,2),(83,12,4,2),(83,12,7,7),(83,12,8,9),(83,13,0,8),(83,13,3,0),(83,13,9,0),(83,13,10,13),(83,13,12,3),(83,15,0,11),(83,16,0,3),(83,16,3,11),(83,16,9,9),(83,17,1,9),(83,17,12,2),(83,18,5,9),(83,18,12,8),(83,19,9,6),(83,20,3,3),(83,20,8,1),(83,21,4,10),(83,21,8,1),(83,22,4,5),(83,22,10,13);
/*!40000 ALTER TABLE `folliages` ENABLE KEYS */;
UNLOCK TABLES;

--
-- Table structure for table `fow_galaxy_entries`
--

DROP TABLE IF EXISTS `fow_galaxy_entries`;
/*!40101 SET @saved_cs_client     = @@character_set_client */;
/*!40101 SET character_set_client = utf8 */;
CREATE TABLE `fow_galaxy_entries` (
  `id` int(11) NOT NULL AUTO_INCREMENT,
  `galaxy_id` int(11) NOT NULL,
  `player_id` int(11) DEFAULT NULL,
  `alliance_id` int(11) DEFAULT NULL,
  `x` int(11) NOT NULL,
  `y` int(11) NOT NULL,
  `x_end` int(11) NOT NULL,
  `y_end` int(11) NOT NULL,
  `counter` tinyint(2) unsigned NOT NULL DEFAULT '1',
  PRIMARY KEY (`id`),
  UNIQUE KEY `player_visiblity` (`player_id`,`x`,`y`,`x_end`,`y_end`),
  UNIQUE KEY `alliance_visiblity` (`alliance_id`,`x`,`y`,`x_end`,`y_end`),
  KEY `lookup_players_by_coords` (`galaxy_id`,`x`,`x_end`,`y`,`y_end`),
  KEY `for_cleanup` (`counter`),
  CONSTRAINT `fow_galaxy_entries_ibfk_1` FOREIGN KEY (`galaxy_id`) REFERENCES `galaxies` (`id`) ON DELETE CASCADE
) ENGINE=InnoDB DEFAULT CHARSET=utf8;
/*!40101 SET character_set_client = @saved_cs_client */;

--
-- Dumping data for table `fow_galaxy_entries`
--

LOCK TABLES `fow_galaxy_entries` WRITE;
/*!40000 ALTER TABLE `fow_galaxy_entries` DISABLE KEYS */;
/*!40000 ALTER TABLE `fow_galaxy_entries` ENABLE KEYS */;
UNLOCK TABLES;

--
-- Table structure for table `fow_ss_entries`
--

DROP TABLE IF EXISTS `fow_ss_entries`;
/*!40101 SET @saved_cs_client     = @@character_set_client */;
/*!40101 SET character_set_client = utf8 */;
CREATE TABLE `fow_ss_entries` (
  `id` int(11) NOT NULL AUTO_INCREMENT,
  `solar_system_id` int(11) NOT NULL,
  `player_id` int(11) DEFAULT NULL,
  `counter` int(11) NOT NULL DEFAULT '0',
  `player_planets` tinyint(1) DEFAULT NULL,
  `player_ships` tinyint(1) DEFAULT NULL,
  `enemy_planets` tinyint(1) NOT NULL DEFAULT '0',
  `enemy_ships` tinyint(1) NOT NULL DEFAULT '0',
  `alliance_id` int(11) DEFAULT NULL,
  `alliance_planet_player_ids` text,
  `alliance_ship_player_ids` text,
  `nap_planets` tinyint(1) DEFAULT NULL,
  `nap_ships` tinyint(1) DEFAULT NULL,
  PRIMARY KEY (`id`),
  UNIQUE KEY `create_for_player` (`solar_system_id`,`player_id`),
  UNIQUE KEY `create_for_alliance` (`solar_system_id`,`alliance_id`),
  KEY `select_by_player` (`player_id`),
  KEY `select_by_alliance` (`alliance_id`),
  KEY `for_cleanup` (`counter`),
  CONSTRAINT `fow_ss_entries_ibfk_1` FOREIGN KEY (`solar_system_id`) REFERENCES `solar_systems` (`id`) ON DELETE CASCADE,
  CONSTRAINT `fow_ss_entries_ibfk_2` FOREIGN KEY (`player_id`) REFERENCES `players` (`id`) ON DELETE CASCADE,
  CONSTRAINT `fow_ss_entries_ibfk_3` FOREIGN KEY (`alliance_id`) REFERENCES `alliances` (`id`) ON DELETE CASCADE
) ENGINE=InnoDB AUTO_INCREMENT=2 DEFAULT CHARSET=utf8;
/*!40101 SET character_set_client = @saved_cs_client */;

--
-- Dumping data for table `fow_ss_entries`
--

LOCK TABLES `fow_ss_entries` WRITE;
/*!40000 ALTER TABLE `fow_ss_entries` DISABLE KEYS */;
INSERT INTO `fow_ss_entries` VALUES (1,10,1,1,1,0,0,0,NULL,NULL,NULL,NULL,NULL);
/*!40000 ALTER TABLE `fow_ss_entries` ENABLE KEYS */;
UNLOCK TABLES;

--
-- Table structure for table `galaxies`
--

DROP TABLE IF EXISTS `galaxies`;
/*!40101 SET @saved_cs_client     = @@character_set_client */;
/*!40101 SET character_set_client = utf8 */;
CREATE TABLE `galaxies` (
  `id` int(11) NOT NULL AUTO_INCREMENT,
  `created_at` datetime NOT NULL,
  `ruleset` varchar(30) NOT NULL DEFAULT '0',
  PRIMARY KEY (`id`)
) ENGINE=InnoDB AUTO_INCREMENT=2 DEFAULT CHARSET=utf8;
/*!40101 SET character_set_client = @saved_cs_client */;

--
-- Dumping data for table `galaxies`
--

LOCK TABLES `galaxies` WRITE;
/*!40000 ALTER TABLE `galaxies` DISABLE KEYS */;
INSERT INTO `galaxies` VALUES (1,'2011-05-27 13:18:26','dev');
/*!40000 ALTER TABLE `galaxies` ENABLE KEYS */;
UNLOCK TABLES;

--
-- Table structure for table `naps`
--

DROP TABLE IF EXISTS `naps`;
/*!40101 SET @saved_cs_client     = @@character_set_client */;
/*!40101 SET character_set_client = utf8 */;
CREATE TABLE `naps` (
  `id` int(11) NOT NULL AUTO_INCREMENT,
  `initiator_id` int(11) NOT NULL,
  `acceptor_id` int(11) NOT NULL,
  `status` tinyint(2) unsigned NOT NULL DEFAULT '0',
  `created_at` datetime NOT NULL,
  `expires_at` datetime DEFAULT NULL,
  PRIMARY KEY (`id`),
  UNIQUE KEY `enforce_one_nap_per_pair` (`initiator_id`,`acceptor_id`),
  KEY `lookup_naps_for_alliance_1st` (`initiator_id`,`status`),
  KEY `lookup_naps_for_alliance_2nd` (`acceptor_id`,`status`),
  CONSTRAINT `naps_ibfk_2` FOREIGN KEY (`acceptor_id`) REFERENCES `alliances` (`id`) ON DELETE CASCADE,
  CONSTRAINT `naps_ibfk_1` FOREIGN KEY (`initiator_id`) REFERENCES `alliances` (`id`) ON DELETE CASCADE
) ENGINE=InnoDB DEFAULT CHARSET=utf8;
/*!40101 SET character_set_client = @saved_cs_client */;

--
-- Dumping data for table `naps`
--

LOCK TABLES `naps` WRITE;
/*!40000 ALTER TABLE `naps` DISABLE KEYS */;
/*!40000 ALTER TABLE `naps` ENABLE KEYS */;
UNLOCK TABLES;

--
-- Table structure for table `notifications`
--

DROP TABLE IF EXISTS `notifications`;
/*!40101 SET @saved_cs_client     = @@character_set_client */;
/*!40101 SET character_set_client = utf8 */;
CREATE TABLE `notifications` (
  `id` int(11) NOT NULL AUTO_INCREMENT,
  `player_id` int(11) NOT NULL,
  `created_at` datetime NOT NULL,
  `expires_at` datetime NOT NULL,
  `event` tinyint(2) unsigned NOT NULL,
  `params` text,
  `starred` tinyint(1) NOT NULL DEFAULT '0',
  `read` tinyint(1) NOT NULL DEFAULT '0',
  PRIMARY KEY (`id`),
  KEY `player` (`player_id`),
  KEY `order` (`read`,`created_at`),
  KEY `index_notifications_on_expires_at` (`expires_at`),
  KEY `foreign_key` (`player_id`),
  CONSTRAINT `notifications_ibfk_1` FOREIGN KEY (`player_id`) REFERENCES `players` (`id`) ON DELETE CASCADE
) ENGINE=InnoDB DEFAULT CHARSET=utf8;
/*!40101 SET character_set_client = @saved_cs_client */;

--
-- Dumping data for table `notifications`
--

LOCK TABLES `notifications` WRITE;
/*!40000 ALTER TABLE `notifications` DISABLE KEYS */;
/*!40000 ALTER TABLE `notifications` ENABLE KEYS */;
UNLOCK TABLES;

--
-- Table structure for table `objective_progresses`
--

DROP TABLE IF EXISTS `objective_progresses`;
/*!40101 SET @saved_cs_client     = @@character_set_client */;
/*!40101 SET character_set_client = utf8 */;
CREATE TABLE `objective_progresses` (
  `id` int(11) NOT NULL AUTO_INCREMENT,
  `objective_id` int(11) DEFAULT NULL,
  `player_id` int(11) DEFAULT NULL,
  `completed` int(10) unsigned NOT NULL DEFAULT '0',
  PRIMARY KEY (`id`),
  KEY `objective_fk` (`objective_id`),
  KEY `player_fk` (`player_id`),
  CONSTRAINT `objective_progresses_ibfk_1` FOREIGN KEY (`objective_id`) REFERENCES `objectives` (`id`) ON DELETE CASCADE,
  CONSTRAINT `objective_progresses_ibfk_2` FOREIGN KEY (`player_id`) REFERENCES `players` (`id`) ON DELETE CASCADE
) ENGINE=InnoDB AUTO_INCREMENT=150 DEFAULT CHARSET=utf8;
/*!40101 SET character_set_client = @saved_cs_client */;

--
-- Dumping data for table `objective_progresses`
--

LOCK TABLES `objective_progresses` WRITE;
/*!40000 ALTER TABLE `objective_progresses` DISABLE KEYS */;
INSERT INTO `objective_progresses` VALUES (1,1,1,0),(2,123,1,0),(3,124,1,0),(4,125,1,0),(5,126,1,0),(6,127,1,0),(7,128,1,0),(8,129,1,0),(9,130,1,0),(10,131,1,0),(11,132,1,0),(12,133,1,0),(13,134,1,0),(14,135,1,0),(15,136,1,0),(16,137,1,0),(17,138,1,0),(18,139,1,0),(19,140,1,0),(20,141,1,0),(21,142,1,0),(22,143,1,0),(23,144,1,0),(24,145,1,0),(25,146,1,0),(26,147,1,0),(27,148,1,0),(28,149,1,0),(29,150,1,0),(30,151,1,0),(31,152,1,0),(32,153,1,0),(33,154,1,0),(34,155,1,0),(35,156,1,0),(36,157,1,0),(37,158,1,0),(38,159,1,0),(39,160,1,0),(40,161,1,0),(41,162,1,0),(42,163,1,0),(43,164,1,0),(44,165,1,0),(45,166,1,0),(46,167,1,0),(47,168,1,0),(48,169,1,0),(49,170,1,0),(50,171,1,0),(51,172,1,0),(52,173,1,0),(53,174,1,0),(54,175,1,0),(55,176,1,0),(56,177,1,0),(57,178,1,0),(58,179,1,0),(59,180,1,0),(60,181,1,0),(61,182,1,0),(62,183,1,0),(63,184,1,0),(64,185,1,0),(65,186,1,0),(66,187,1,0),(67,188,1,0),(68,189,1,0),(69,190,1,0),(70,191,1,0),(71,192,1,0),(72,193,1,0),(73,194,1,0),(74,195,1,0),(75,196,1,0),(76,197,1,0),(77,198,1,0),(78,199,1,0),(79,200,1,0),(80,201,1,0),(81,202,1,0),(82,203,1,0),(83,204,1,0),(84,205,1,0),(85,206,1,0),(86,207,1,0),(87,208,1,0),(88,209,1,0),(89,210,1,0),(90,211,1,0),(91,212,1,0),(92,213,1,0),(93,214,1,0),(94,215,1,0),(95,216,1,0),(96,217,1,0),(97,218,1,0),(98,219,1,0),(99,220,1,0),(100,221,1,0),(101,222,1,0),(102,223,1,0),(103,224,1,0),(104,225,1,0),(105,226,1,0),(106,227,1,0),(107,228,1,0),(108,229,1,0),(109,230,1,0),(110,231,1,0),(111,232,1,0),(112,233,1,0),(113,234,1,0),(114,235,1,0),(115,236,1,0),(116,237,1,0),(117,238,1,0),(118,239,1,0),(119,240,1,0),(120,241,1,0),(121,242,1,0),(122,243,1,0),(123,244,1,0),(124,245,1,0),(125,246,1,0),(126,247,1,0),(127,248,1,0),(128,249,1,0),(129,250,1,0),(130,251,1,0),(131,252,1,0),(132,253,1,0),(133,254,1,0),(134,255,1,0),(135,256,1,0),(136,257,1,0),(137,258,1,0),(138,259,1,0),(139,260,1,0),(140,261,1,0),(141,262,1,0),(142,263,1,0),(143,264,1,0),(144,265,1,0),(145,266,1,0),(146,267,1,0),(147,268,1,0),(148,269,1,0),(149,270,1,0);
/*!40000 ALTER TABLE `objective_progresses` ENABLE KEYS */;
UNLOCK TABLES;

--
-- Table structure for table `objectives`
--

DROP TABLE IF EXISTS `objectives`;
/*!40101 SET @saved_cs_client     = @@character_set_client */;
/*!40101 SET character_set_client = utf8 */;
CREATE TABLE `objectives` (
  `id` int(11) NOT NULL AUTO_INCREMENT,
  `quest_id` int(11) NOT NULL,
  `type` varchar(255) NOT NULL,
  `key` varchar(255) DEFAULT NULL,
  `count` int(10) unsigned NOT NULL DEFAULT '1',
  `level` tinyint(2) unsigned DEFAULT NULL,
  `alliance` tinyint(1) NOT NULL DEFAULT '0',
  `npc` tinyint(1) NOT NULL DEFAULT '0',
  `limit` int(10) unsigned DEFAULT NULL,
  `outcome` tinyint(2) DEFAULT NULL,
  PRIMARY KEY (`id`),
  KEY `quest_objectives` (`quest_id`),
  KEY `on_progress` (`type`,`key`),
  CONSTRAINT `objectives_ibfk_1` FOREIGN KEY (`quest_id`) REFERENCES `quests` (`id`) ON DELETE CASCADE
) ENGINE=InnoDB AUTO_INCREMENT=271 DEFAULT CHARSET=utf8;
/*!40101 SET character_set_client = @saved_cs_client */;

--
-- Dumping data for table `objectives`
--

LOCK TABLES `objectives` WRITE;
/*!40000 ALTER TABLE `objectives` DISABLE KEYS */;
INSERT INTO `objectives` VALUES (1,1,'HaveUpgradedTo','Building::CollectorT1',1,1,0,0,NULL,NULL),(2,2,'HaveUpgradedTo','Building::MetalExtractor',1,1,0,0,NULL,NULL),(3,3,'HaveUpgradedTo','Building::CollectorT1',2,1,0,0,NULL,NULL),(4,3,'HaveUpgradedTo','Building::MetalExtractor',2,1,0,0,NULL,NULL),(5,22,'ExploreBlock','ExploreBlock',1,NULL,0,0,9,NULL),(6,23,'ExploreBlock','ExploreBlock',10,NULL,0,0,9,NULL),(7,4,'HaveUpgradedTo','Building::CollectorT1',2,3,0,0,NULL,NULL),(8,4,'HaveUpgradedTo','Building::MetalExtractor',2,3,0,0,NULL,NULL),(9,5,'HaveUpgradedTo','Building::CollectorT1',2,4,0,0,NULL,NULL),(10,5,'HaveUpgradedTo','Building::MetalExtractor',2,4,0,0,NULL,NULL),(11,6,'HaveUpgradedTo','Building::Barracks',1,1,0,0,NULL,NULL),(12,7,'HaveUpgradedTo','Unit::Trooper',8,1,0,0,NULL,NULL),(13,80,'HaveWarPoints','Player',1,NULL,0,0,500,NULL),(14,81,'HaveWarPoints','Player',1,NULL,0,0,750,NULL),(15,82,'HaveWarPoints','Player',1,NULL,0,0,1125,NULL),(16,83,'HaveWarPoints','Player',1,NULL,0,0,1688,NULL),(17,84,'HaveWarPoints','Player',1,NULL,0,0,2532,NULL),(18,85,'HaveWarPoints','Player',1,NULL,0,0,3797,NULL),(19,86,'HaveWarPoints','Player',1,NULL,0,0,5696,NULL),(20,87,'HaveWarPoints','Player',1,NULL,0,0,8543,NULL),(21,88,'HaveWarPoints','Player',1,NULL,0,0,12815,NULL),(22,89,'HaveWarPoints','Player',1,NULL,0,0,19222,NULL),(23,90,'HaveWarPoints','Player',1,NULL,0,0,28833,NULL),(24,91,'HaveWarPoints','Player',1,NULL,0,0,43249,NULL),(25,92,'HaveWarPoints','Player',1,NULL,0,0,64874,NULL),(26,93,'HaveWarPoints','Player',1,NULL,0,0,97310,NULL),(27,94,'HaveWarPoints','Player',1,NULL,0,0,145965,NULL),(28,106,'HaveWarPoints','Player',1,NULL,0,0,200000,NULL),(29,107,'HaveWarPoints','Player',1,NULL,0,0,230000,NULL),(30,108,'HaveWarPoints','Player',1,NULL,0,0,264500,NULL),(31,109,'HaveWarPoints','Player',1,NULL,0,0,304175,NULL),(32,110,'HaveWarPoints','Player',1,NULL,0,0,349802,NULL),(33,111,'HaveWarPoints','Player',1,NULL,0,0,402272,NULL),(34,112,'HaveWarPoints','Player',1,NULL,0,0,462613,NULL),(35,113,'HaveWarPoints','Player',1,NULL,0,0,532004,NULL),(36,114,'HaveWarPoints','Player',1,NULL,0,0,611805,NULL),(37,115,'HaveWarPoints','Player',1,NULL,0,0,703576,NULL),(38,8,'DestroyNpcBuilding','Building::NpcMetalExtractor',1,1,0,0,NULL,NULL),(39,32,'HaveUpgradedTo','Building::MetalExtractor',3,4,0,0,NULL,NULL),(40,9,'HaveUpgradedTo','Building::MetalExtractor',1,7,0,0,NULL,NULL),(41,10,'HaveUpgradedTo','Building::CollectorT1',1,7,0,0,NULL,NULL),(42,116,'BecomeVip','Vip',1,1,0,0,NULL,NULL),(43,117,'Accelerate','Building',1,NULL,0,0,NULL,NULL),(44,11,'HaveUpgradedTo','Building::ResearchCenter',1,1,0,0,NULL,NULL),(45,24,'ExploreBlock','ExploreBlock',5,NULL,0,0,12,NULL),(46,25,'ExploreBlock','ExploreBlock',5,NULL,0,0,16,NULL),(47,26,'ExploreBlock','ExploreBlock',10,NULL,0,0,36,NULL),(48,12,'HaveUpgradedTo','Unit::Seeker',3,1,0,0,NULL,NULL),(49,13,'HaveUpgradedTo','Unit::Trooper',4,2,0,0,NULL,NULL),(50,72,'HaveSciencePoints','Player',1,NULL,0,0,2500,NULL),(51,73,'HaveSciencePoints','Player',1,NULL,0,0,5000,NULL),(52,74,'HaveSciencePoints','Player',1,NULL,0,0,10000,NULL),(53,75,'HaveSciencePoints','Player',1,NULL,0,0,25000,NULL),(54,76,'HaveSciencePoints','Player',1,NULL,0,0,50000,NULL),(55,77,'HaveSciencePoints','Player',1,NULL,0,0,100000,NULL),(56,78,'HaveSciencePoints','Player',1,NULL,0,0,150000,NULL),(57,79,'HaveSciencePoints','Player',1,NULL,0,0,200000,NULL),(58,27,'DestroyNpcBuilding','Building::NpcZetiumExtractor',1,1,0,0,NULL,NULL),(59,66,'HaveArmyPoints','Player',1,NULL,0,0,500,NULL),(60,67,'HaveArmyPoints','Player',1,NULL,0,0,850,NULL),(61,68,'HaveArmyPoints','Player',1,NULL,0,0,1445,NULL),(62,69,'HaveArmyPoints','Player',1,NULL,0,0,2457,NULL),(63,70,'HaveArmyPoints','Player',1,NULL,0,0,5000,NULL),(64,71,'HaveArmyPoints','Player',1,NULL,0,0,8500,NULL),(65,95,'HaveArmyPoints','Player',1,NULL,0,0,15000,NULL),(66,96,'HaveArmyPoints','Player',1,NULL,0,0,21000,NULL),(67,97,'HaveArmyPoints','Player',1,NULL,0,0,29400,NULL),(68,98,'HaveArmyPoints','Player',1,NULL,0,0,41160,NULL),(69,99,'HaveArmyPoints','Player',1,NULL,0,0,57624,NULL),(70,100,'HaveArmyPoints','Player',1,NULL,0,0,80674,NULL),(71,101,'HaveArmyPoints','Player',1,NULL,0,0,112944,NULL),(72,102,'HaveArmyPoints','Player',1,NULL,0,0,158121,NULL),(73,14,'HaveUpgradedTo','Technology::ZetiumExtraction',1,1,0,0,NULL,NULL),(74,15,'HaveUpgradedTo','Building::ZetiumExtractor',1,1,0,0,NULL,NULL),(75,16,'HavePoints','Player',1,NULL,0,0,15000,NULL),(76,28,'HavePoints','Player',1,NULL,0,0,30000,NULL),(77,29,'HavePoints','Player',1,NULL,0,0,60000,NULL),(78,30,'HavePoints','Player',1,NULL,0,0,80000,NULL),(79,33,'HavePoints','Player',1,NULL,0,0,150000,NULL),(80,64,'HavePoints','Player',1,NULL,0,0,350000,NULL),(81,17,'HaveUpgradedTo','Building::MetalStorage',1,2,0,0,NULL,NULL),(82,17,'HaveUpgradedTo','Building::EnergyStorage',1,1,0,0,NULL,NULL),(83,17,'HaveUpgradedTo','Building::ZetiumStorage',1,1,0,0,NULL,NULL),(84,18,'HaveUpgradedTo','Technology::SpaceFactory',1,1,0,0,NULL,NULL),(85,19,'HaveUpgradedTo','Building::SpaceFactory',1,1,0,0,NULL,NULL),(86,31,'HaveUpgradedTo','Unit::Crow',4,1,0,0,NULL,NULL),(87,35,'Destroy','Unit::Dirac',14,1,0,0,NULL,NULL),(88,36,'Destroy','Unit::Thor',10,1,0,0,NULL,NULL),(89,37,'Destroy','Unit::Demosis',6,1,0,0,NULL,NULL),(90,20,'AnnexPlanet','SsObject::Planet',1,NULL,0,1,NULL,NULL),(91,21,'UpgradeTo','Building::Headquarters',1,1,0,0,NULL,NULL),(92,34,'HaveUpgradedTo','Building::Radar',1,1,0,0,NULL,NULL),(93,38,'HavePlanets','SsObject::Planet',3,NULL,0,0,NULL,NULL),(94,39,'HavePlanets','SsObject::Planet',4,NULL,0,0,NULL,NULL),(95,40,'HavePlanets','SsObject::Planet',5,NULL,0,0,NULL,NULL),(96,41,'HavePlanets','SsObject::Planet',6,NULL,0,0,NULL,NULL),(97,42,'HavePlanets','SsObject::Planet',7,NULL,0,0,NULL,NULL),(98,43,'Destroy','Unit::Mule',2,1,0,0,NULL,NULL),(99,44,'Destroy','Unit::Crow',6,1,0,0,NULL,NULL),(100,45,'Destroy','Unit::Cyrix',4,1,0,0,NULL,NULL),(101,46,'Destroy','Unit::Cyrix',10,1,0,0,NULL,NULL),(102,47,'Destroy','Unit::Avenger',6,1,0,0,NULL,NULL),(103,48,'Destroy','Unit::Avenger',15,1,0,0,NULL,NULL),(104,49,'Destroy','Unit::Dart',6,1,0,0,NULL,NULL),(105,50,'Destroy','Unit::Dart',15,1,0,0,NULL,NULL),(106,51,'Destroy','Unit::Rhyno',1,1,0,0,NULL,NULL),(107,52,'Destroy','Unit::Rhyno',4,1,0,0,NULL,NULL),(108,53,'Destroy','Unit::Trooper',10,1,0,0,NULL,NULL),(109,53,'Destroy','Unit::Shocker',5,1,0,0,NULL,NULL),(110,53,'Destroy','Unit::Seeker',8,1,0,0,NULL,NULL),(111,54,'Destroy','Unit::Scorpion',15,1,0,0,NULL,NULL),(112,54,'Destroy','Unit::Azure',5,1,0,0,NULL,NULL),(113,55,'Destroy','Building::Vulcan',2,1,0,0,NULL,NULL),(114,56,'Destroy','Building::Vulcan',6,1,0,0,NULL,NULL),(115,57,'Destroy','Building::Vulcan',10,1,0,0,NULL,NULL),(116,58,'Destroy','Building::Screamer',2,1,0,0,NULL,NULL),(117,59,'Destroy','Building::Screamer',6,1,0,0,NULL,NULL),(118,60,'Destroy','Building::Screamer',10,1,0,0,NULL,NULL),(119,61,'Destroy','Building::Thunder',2,1,0,0,NULL,NULL),(120,62,'Destroy','Building::Thunder',6,1,0,0,NULL,NULL),(121,63,'Destroy','Building::Thunder',10,1,0,0,NULL,NULL),(122,65,'AnnexPlanet','SsObject::Planet',1,NULL,0,0,NULL,NULL),(123,10000,'ExploreBlock','ExploreBlock',25,NULL,0,0,NULL,NULL),(124,10001,'ExploreBlock','ExploreBlock',50,NULL,0,0,NULL,NULL),(125,10002,'ExploreBlock','ExploreBlock',100,NULL,0,0,NULL,NULL),(126,10003,'ExploreBlock','ExploreBlock',250,NULL,0,0,NULL,NULL),(127,10004,'ExploreBlock','ExploreBlock',500,NULL,0,0,NULL,NULL),(128,10005,'ExploreBlock','ExploreBlock',1000,NULL,0,0,NULL,NULL),(129,10006,'ExploreBlock','ExploreBlock',2500,NULL,0,0,NULL,NULL),(130,10020,'Destroy','Unit',50,1,0,0,NULL,NULL),(131,10021,'Destroy','Unit',100,1,0,0,NULL,NULL),(132,10022,'Destroy','Unit',250,1,0,0,NULL,NULL),(133,10023,'Destroy','Unit',500,1,0,0,NULL,NULL),(134,10024,'Destroy','Unit',1000,1,0,0,NULL,NULL),(135,10025,'Destroy','Unit',2500,1,0,0,NULL,NULL),(136,10026,'Destroy','Unit',5000,1,0,0,NULL,NULL),(137,10027,'Destroy','Unit',10000,1,0,0,NULL,NULL),(138,10028,'Destroy','Unit',25000,1,0,0,NULL,NULL),(139,10040,'Destroy','Building',5,1,0,0,NULL,NULL),(140,10041,'Destroy','Building',10,1,0,0,NULL,NULL),(141,10042,'Destroy','Building',25,1,0,0,NULL,NULL),(142,10043,'Destroy','Building',50,1,0,0,NULL,NULL),(143,10044,'Destroy','Building',100,1,0,0,NULL,NULL),(144,10045,'Destroy','Building',250,1,0,0,NULL,NULL),(145,10046,'Destroy','Building',500,1,0,0,NULL,NULL),(146,10060,'SelfDestruct','Building',1,NULL,0,0,NULL,NULL),(147,10061,'SelfDestruct','Building',5,NULL,0,0,NULL,NULL),(148,10062,'SelfDestruct','Building',10,NULL,0,0,NULL,NULL),(149,10063,'SelfDestruct','Building',25,NULL,0,0,NULL,NULL),(150,10064,'SelfDestruct','Building',50,NULL,0,0,NULL,NULL),(151,10065,'SelfDestruct','Building',75,NULL,0,0,NULL,NULL),(152,10066,'SelfDestruct','Building',100,NULL,0,0,NULL,NULL),(153,10080,'AccelerateFlight','',1,NULL,0,0,NULL,NULL),(154,10081,'AccelerateFlight','',5,NULL,0,0,NULL,NULL),(155,10082,'AccelerateFlight','',10,NULL,0,0,NULL,NULL),(156,10083,'AccelerateFlight','',25,NULL,0,0,NULL,NULL),(157,10084,'AccelerateFlight','',50,NULL,0,0,NULL,NULL),(158,10085,'AccelerateFlight','',75,NULL,0,0,NULL,NULL),(159,10086,'AccelerateFlight','',100,NULL,0,0,NULL,NULL),(160,10100,'UpgradeTo','Unit',25,1,0,0,NULL,NULL),(161,10101,'UpgradeTo','Unit',50,1,0,0,NULL,NULL),(162,10102,'UpgradeTo','Unit',100,1,0,0,NULL,NULL),(163,10103,'UpgradeTo','Unit',250,1,0,0,NULL,NULL),(164,10104,'UpgradeTo','Unit',500,1,0,0,NULL,NULL),(165,10105,'UpgradeTo','Unit',1000,1,0,0,NULL,NULL),(166,10106,'UpgradeTo','Unit',2500,1,0,0,NULL,NULL),(167,10107,'UpgradeTo','Unit',5000,1,0,0,NULL,NULL),(168,10108,'UpgradeTo','Unit',10000,1,0,0,NULL,NULL),(169,10120,'UpgradeTo','Building',25,1,0,0,NULL,NULL),(170,10121,'UpgradeTo','Building',50,1,0,0,NULL,NULL),(171,10122,'UpgradeTo','Building',75,1,0,0,NULL,NULL),(172,10123,'UpgradeTo','Building',100,1,0,0,NULL,NULL),(173,10124,'UpgradeTo','Building',150,1,0,0,NULL,NULL),(174,10125,'UpgradeTo','Building',200,1,0,0,NULL,NULL),(175,10126,'UpgradeTo','Building',250,1,0,0,NULL,NULL),(176,10127,'UpgradeTo','Building',500,1,0,0,NULL,NULL),(177,10140,'HaveUpgradedTo','Technology',5,1,0,0,NULL,NULL),(178,10141,'HaveUpgradedTo','Technology',10,1,0,0,NULL,NULL),(179,10142,'HaveUpgradedTo','Technology',15,1,0,0,NULL,NULL),(180,10143,'HaveUpgradedTo','Technology',20,1,0,0,NULL,NULL),(181,10144,'HaveUpgradedTo','Technology',25,1,0,0,NULL,NULL),(182,10160,'Accelerate','Unit',5,NULL,0,0,NULL,NULL),(183,10161,'Accelerate','Unit',10,NULL,0,0,NULL,NULL),(184,10162,'Accelerate','Unit',15,NULL,0,0,NULL,NULL),(185,10163,'Accelerate','Unit',20,NULL,0,0,NULL,NULL),(186,10164,'Accelerate','Unit',25,NULL,0,0,NULL,NULL),(187,10165,'Accelerate','Unit',50,NULL,0,0,NULL,NULL),(188,10166,'Accelerate','Unit',100,NULL,0,0,NULL,NULL),(189,10167,'Accelerate','Unit',150,NULL,0,0,NULL,NULL),(190,10168,'Accelerate','Unit',200,NULL,0,0,NULL,NULL),(191,10180,'Accelerate','Building',5,NULL,0,0,NULL,NULL),(192,10181,'Accelerate','Building',10,NULL,0,0,NULL,NULL),(193,10182,'Accelerate','Building',15,NULL,0,0,NULL,NULL),(194,10183,'Accelerate','Building',20,NULL,0,0,NULL,NULL),(195,10184,'Accelerate','Building',25,NULL,0,0,NULL,NULL),(196,10185,'Accelerate','Building',50,NULL,0,0,NULL,NULL),(197,10186,'Accelerate','Building',100,NULL,0,0,NULL,NULL),(198,10187,'Accelerate','Building',150,NULL,0,0,NULL,NULL),(199,10188,'Accelerate','Building',200,NULL,0,0,NULL,NULL),(200,10200,'Accelerate','Technology',5,NULL,0,0,NULL,NULL),(201,10201,'Accelerate','Technology',10,NULL,0,0,NULL,NULL),(202,10202,'Accelerate','Technology',15,NULL,0,0,NULL,NULL),(203,10203,'Accelerate','Technology',20,NULL,0,0,NULL,NULL),(204,10204,'Accelerate','Technology',25,NULL,0,0,NULL,NULL),(205,10220,'BecomeVip','Vip',4,1,0,0,NULL,NULL),(206,10221,'BecomeVip','Vip',8,1,0,0,NULL,NULL),(207,10222,'BecomeVip','Vip',12,1,0,0,NULL,NULL),(208,10223,'BecomeVip','Vip',16,1,0,0,NULL,NULL),(209,10224,'BecomeVip','Vip',20,1,0,0,NULL,NULL),(210,10240,'BecomeVip','Vip',2,2,0,0,NULL,NULL),(211,10241,'BecomeVip','Vip',4,2,0,0,NULL,NULL),(212,10242,'BecomeVip','Vip',6,2,0,0,NULL,NULL),(213,10243,'BecomeVip','Vip',8,2,0,0,NULL,NULL),(214,10244,'BecomeVip','Vip',10,2,0,0,NULL,NULL),(215,10260,'BecomeVip','Vip',1,3,0,0,NULL,NULL),(216,10261,'BecomeVip','Vip',2,3,0,0,NULL,NULL),(217,10262,'BecomeVip','Vip',3,3,0,0,NULL,NULL),(218,10263,'BecomeVip','Vip',4,3,0,0,NULL,NULL),(219,10264,'BecomeVip','Vip',5,3,0,0,NULL,NULL),(220,10280,'UpgradeTo','Building::Radar',1,1,0,0,NULL,NULL),(221,10281,'UpgradeTo','Building::Radar',2,1,0,0,NULL,NULL),(222,10282,'UpgradeTo','Building::Radar',3,1,0,0,NULL,NULL),(223,10283,'UpgradeTo','Building::Radar',4,1,0,0,NULL,NULL),(224,10284,'UpgradeTo','Building::Radar',5,1,0,0,NULL,NULL),(225,10290,'UpgradeTo','Building::Radar',1,2,0,0,NULL,NULL),(226,10291,'UpgradeTo','Building::Radar',2,2,0,0,NULL,NULL),(227,10292,'UpgradeTo','Building::Radar',3,2,0,0,NULL,NULL),(228,10300,'CompleteQuests','',10,NULL,0,0,NULL,NULL),(229,10301,'CompleteQuests','',25,NULL,0,0,NULL,NULL),(230,10302,'CompleteQuests','',50,NULL,0,0,NULL,NULL),(231,10303,'CompleteQuests','',75,NULL,0,0,NULL,NULL),(232,10304,'CompleteQuests','',100,NULL,0,0,NULL,NULL),(233,10320,'CompleteAchievements','',10,NULL,0,0,NULL,NULL),(234,10321,'CompleteAchievements','',25,NULL,0,0,NULL,NULL),(235,10322,'CompleteAchievements','',50,NULL,0,0,NULL,NULL),(236,10323,'CompleteAchievements','',75,NULL,0,0,NULL,NULL),(237,10324,'CompleteAchievements','',100,NULL,0,0,NULL,NULL),(238,10340,'Battle','',10,NULL,0,0,NULL,0),(239,10341,'Battle','',25,NULL,0,0,NULL,0),(240,10342,'Battle','',50,NULL,0,0,NULL,0),(241,10343,'Battle','',75,NULL,0,0,NULL,0),(242,10344,'Battle','',100,NULL,0,0,NULL,0),(243,10345,'Battle','',150,NULL,0,0,NULL,0),(244,10346,'Battle','',200,NULL,0,0,NULL,0),(245,10347,'Battle','',250,NULL,0,0,NULL,0),(246,10360,'Battle','',10,NULL,0,0,NULL,1),(247,10361,'Battle','',25,NULL,0,0,NULL,1),(248,10362,'Battle','',50,NULL,0,0,NULL,1),(249,10363,'Battle','',75,NULL,0,0,NULL,1),(250,10364,'Battle','',100,NULL,0,0,NULL,1),(251,10365,'Battle','',150,NULL,0,0,NULL,1),(252,10366,'Battle','',200,NULL,0,0,NULL,1),(253,10367,'Battle','',250,NULL,0,0,NULL,1),(254,10380,'MoveBuilding','Building',1,NULL,0,0,NULL,NULL),(255,10381,'MoveBuilding','Building',5,NULL,0,0,NULL,NULL),(256,10382,'MoveBuilding','Building',10,NULL,0,0,NULL,NULL),(257,10383,'MoveBuilding','Building',25,NULL,0,0,NULL,NULL),(258,10384,'MoveBuilding','Building',50,NULL,0,0,NULL,NULL),(259,10385,'MoveBuilding','Building',75,NULL,0,0,NULL,NULL),(260,10386,'MoveBuilding','Building',100,NULL,0,0,NULL,NULL),(261,10400,'HealHp','',500,NULL,0,0,NULL,NULL),(262,10401,'HealHp','',1000,NULL,0,0,NULL,NULL),(263,10402,'HealHp','',2500,NULL,0,0,NULL,NULL),(264,10403,'HealHp','',5000,NULL,0,0,NULL,NULL),(265,10404,'HealHp','',10000,NULL,0,0,NULL,NULL),(266,10405,'HealHp','',25000,NULL,0,0,NULL,NULL),(267,10406,'HealHp','',50000,NULL,0,0,NULL,NULL),(268,10407,'HealHp','',100000,NULL,0,0,NULL,NULL),(269,10408,'HealHp','',250000,NULL,0,0,NULL,NULL),(270,10409,'HealHp','',500000,NULL,0,0,NULL,NULL);
/*!40000 ALTER TABLE `objectives` ENABLE KEYS */;
UNLOCK TABLES;

--
-- Table structure for table `players`
--

DROP TABLE IF EXISTS `players`;
/*!40101 SET @saved_cs_client     = @@character_set_client */;
/*!40101 SET character_set_client = utf8 */;
CREATE TABLE `players` (
  `id` int(11) NOT NULL AUTO_INCREMENT,
  `galaxy_id` int(11) DEFAULT NULL,
  `auth_token` char(64) NOT NULL,
  `name` varchar(64) NOT NULL,
  `scientists` int(10) unsigned NOT NULL DEFAULT '0',
  `scientists_total` int(10) unsigned NOT NULL DEFAULT '0',
  `alliance_id` int(11) DEFAULT NULL,
  `xp` int(10) unsigned NOT NULL DEFAULT '0',
  `war_points` int(10) unsigned NOT NULL DEFAULT '0',
  `first_time` tinyint(1) NOT NULL DEFAULT '1',
  `army_points` int(10) unsigned NOT NULL DEFAULT '0',
  `science_points` int(10) unsigned NOT NULL DEFAULT '0',
  `economy_points` int(10) unsigned NOT NULL DEFAULT '0',
  `planets_count` tinyint(2) unsigned NOT NULL,
  `last_login` datetime DEFAULT NULL,
  `victory_points` mediumint(8) unsigned NOT NULL DEFAULT '0',
  `creds` int(10) unsigned NOT NULL DEFAULT '0',
  `language` char(2) NOT NULL DEFAULT 'en',
  `population` mediumint(8) unsigned NOT NULL DEFAULT '0',
  `population_max` mediumint(8) unsigned NOT NULL,
  `alliance_cooldown_ends_at` datetime DEFAULT NULL,
  `vip_level` tinyint(2) unsigned NOT NULL DEFAULT '0',
  `vip_creds` int(10) unsigned NOT NULL DEFAULT '0',
  `vip_until` datetime DEFAULT NULL,
  `vip_creds_until` datetime DEFAULT NULL,
  PRIMARY KEY (`id`),
  UNIQUE KEY `authentication` (`galaxy_id`,`auth_token`),
  KEY `index_players_on_alliance_id` (`alliance_id`),
  KEY `last_login` (`last_login`),
  CONSTRAINT `players_ibfk_1` FOREIGN KEY (`galaxy_id`) REFERENCES `galaxies` (`id`) ON DELETE CASCADE,
  CONSTRAINT `players_ibfk_2` FOREIGN KEY (`alliance_id`) REFERENCES `alliances` (`id`) ON DELETE SET NULL
) ENGINE=InnoDB AUTO_INCREMENT=2 DEFAULT CHARSET=utf8;
/*!40101 SET character_set_client = @saved_cs_client */;

--
-- Dumping data for table `players`
--

LOCK TABLES `players` WRITE;
/*!40000 ALTER TABLE `players` DISABLE KEYS */;
INSERT INTO `players` VALUES (1,1,'0000000000000000000000000000000000000000000000000000000000000000','Test Player',18,18,NULL,0,0,1,0,0,0,1,NULL,0,0,'en',0,110,NULL,0,0,NULL,NULL);
/*!40000 ALTER TABLE `players` ENABLE KEYS */;
UNLOCK TABLES;

--
-- Table structure for table `quest_progresses`
--

DROP TABLE IF EXISTS `quest_progresses`;
/*!40101 SET @saved_cs_client     = @@character_set_client */;
/*!40101 SET character_set_client = utf8 */;
CREATE TABLE `quest_progresses` (
  `id` int(11) NOT NULL AUTO_INCREMENT,
  `quest_id` int(11) NOT NULL,
  `player_id` int(11) NOT NULL,
  `status` tinyint(2) unsigned NOT NULL,
  `completed` tinyint(2) unsigned NOT NULL DEFAULT '0',
  PRIMARY KEY (`id`),
  UNIQUE KEY `on_objective_complete` (`quest_id`,`player_id`),
  KEY `listing` (`player_id`,`status`),
  CONSTRAINT `quest_progresses_ibfk_2` FOREIGN KEY (`player_id`) REFERENCES `players` (`id`) ON DELETE CASCADE,
  CONSTRAINT `quest_progresses_ibfk_1` FOREIGN KEY (`quest_id`) REFERENCES `quests` (`id`) ON DELETE CASCADE
) ENGINE=InnoDB AUTO_INCREMENT=150 DEFAULT CHARSET=utf8;
/*!40101 SET character_set_client = @saved_cs_client */;

--
-- Dumping data for table `quest_progresses`
--

LOCK TABLES `quest_progresses` WRITE;
/*!40000 ALTER TABLE `quest_progresses` DISABLE KEYS */;
INSERT INTO `quest_progresses` VALUES (1,1,1,0,0),(2,10000,1,0,0),(3,10001,1,0,0),(4,10002,1,0,0),(5,10003,1,0,0),(6,10004,1,0,0),(7,10005,1,0,0),(8,10006,1,0,0),(9,10020,1,0,0),(10,10021,1,0,0),(11,10022,1,0,0),(12,10023,1,0,0),(13,10024,1,0,0),(14,10025,1,0,0),(15,10026,1,0,0),(16,10027,1,0,0),(17,10028,1,0,0),(18,10040,1,0,0),(19,10041,1,0,0),(20,10042,1,0,0),(21,10043,1,0,0),(22,10044,1,0,0),(23,10045,1,0,0),(24,10046,1,0,0),(25,10060,1,0,0),(26,10061,1,0,0),(27,10062,1,0,0),(28,10063,1,0,0),(29,10064,1,0,0),(30,10065,1,0,0),(31,10066,1,0,0),(32,10080,1,0,0),(33,10081,1,0,0),(34,10082,1,0,0),(35,10083,1,0,0),(36,10084,1,0,0),(37,10085,1,0,0),(38,10086,1,0,0),(39,10100,1,0,0),(40,10101,1,0,0),(41,10102,1,0,0),(42,10103,1,0,0),(43,10104,1,0,0),(44,10105,1,0,0),(45,10106,1,0,0),(46,10107,1,0,0),(47,10108,1,0,0),(48,10120,1,0,0),(49,10121,1,0,0),(50,10122,1,0,0),(51,10123,1,0,0),(52,10124,1,0,0),(53,10125,1,0,0),(54,10126,1,0,0),(55,10127,1,0,0),(56,10140,1,0,0),(57,10141,1,0,0),(58,10142,1,0,0),(59,10143,1,0,0),(60,10144,1,0,0),(61,10160,1,0,0),(62,10161,1,0,0),(63,10162,1,0,0),(64,10163,1,0,0),(65,10164,1,0,0),(66,10165,1,0,0),(67,10166,1,0,0),(68,10167,1,0,0),(69,10168,1,0,0),(70,10180,1,0,0),(71,10181,1,0,0),(72,10182,1,0,0),(73,10183,1,0,0),(74,10184,1,0,0),(75,10185,1,0,0),(76,10186,1,0,0),(77,10187,1,0,0),(78,10188,1,0,0),(79,10200,1,0,0),(80,10201,1,0,0),(81,10202,1,0,0),(82,10203,1,0,0),(83,10204,1,0,0),(84,10220,1,0,0),(85,10221,1,0,0),(86,10222,1,0,0),(87,10223,1,0,0),(88,10224,1,0,0),(89,10240,1,0,0),(90,10241,1,0,0),(91,10242,1,0,0),(92,10243,1,0,0),(93,10244,1,0,0),(94,10260,1,0,0),(95,10261,1,0,0),(96,10262,1,0,0),(97,10263,1,0,0),(98,10264,1,0,0),(99,10280,1,0,0),(100,10281,1,0,0),(101,10282,1,0,0),(102,10283,1,0,0),(103,10284,1,0,0),(104,10290,1,0,0),(105,10291,1,0,0),(106,10292,1,0,0),(107,10300,1,0,0),(108,10301,1,0,0),(109,10302,1,0,0),(110,10303,1,0,0),(111,10304,1,0,0),(112,10320,1,0,0),(113,10321,1,0,0),(114,10322,1,0,0),(115,10323,1,0,0),(116,10324,1,0,0),(117,10340,1,0,0),(118,10341,1,0,0),(119,10342,1,0,0),(120,10343,1,0,0),(121,10344,1,0,0),(122,10345,1,0,0),(123,10346,1,0,0),(124,10347,1,0,0),(125,10360,1,0,0),(126,10361,1,0,0),(127,10362,1,0,0),(128,10363,1,0,0),(129,10364,1,0,0),(130,10365,1,0,0),(131,10366,1,0,0),(132,10367,1,0,0),(133,10380,1,0,0),(134,10381,1,0,0),(135,10382,1,0,0),(136,10383,1,0,0),(137,10384,1,0,0),(138,10385,1,0,0),(139,10386,1,0,0),(140,10400,1,0,0),(141,10401,1,0,0),(142,10402,1,0,0),(143,10403,1,0,0),(144,10404,1,0,0),(145,10405,1,0,0),(146,10406,1,0,0),(147,10407,1,0,0),(148,10408,1,0,0),(149,10409,1,0,0);
/*!40000 ALTER TABLE `quest_progresses` ENABLE KEYS */;
UNLOCK TABLES;

--
-- Table structure for table `quests`
--

DROP TABLE IF EXISTS `quests`;
/*!40101 SET @saved_cs_client     = @@character_set_client */;
/*!40101 SET character_set_client = utf8 */;
CREATE TABLE `quests` (
  `id` int(11) NOT NULL AUTO_INCREMENT,
  `parent_id` int(11) DEFAULT NULL,
  `rewards` text,
  `help_url_id` varchar(255) DEFAULT NULL,
  `achievement` tinyint(1) NOT NULL DEFAULT '0',
  PRIMARY KEY (`id`),
  KEY `child quests` (`parent_id`),
  KEY `index_quests_on_achievement` (`achievement`),
  CONSTRAINT `quests_ibfk_1` FOREIGN KEY (`parent_id`) REFERENCES `quests` (`id`) ON DELETE CASCADE
) ENGINE=InnoDB AUTO_INCREMENT=10410 DEFAULT CHARSET=utf8;
/*!40101 SET character_set_client = @saved_cs_client */;

--
-- Dumping data for table `quests`
--

LOCK TABLES `quests` WRITE;
/*!40000 ALTER TABLE `quests` DISABLE KEYS */;
INSERT INTO `quests` VALUES (1,NULL,'{\"metal\":25.2,\"energy\":96.0}','Constructing Buildings',0),(2,1,'{\"metal\":69.30000000000001,\"energy\":140.8}','Extracting Metal',0),(3,2,'{\"metal\":4068.0,\"energy\":8136.0}',NULL,0),(4,3,'{\"metal\":412.5,\"energy\":920.7}','Upgrading Buildings',0),(5,4,'{\"metal\":401.40000000000003,\"zetium\":10.8,\"points\":4000}',NULL,0),(6,3,'{\"units\":[{\"type\":\"Trooper\",\"level\":1,\"count\":4,\"hp\":100}],\"metal\":1423.8,\"energy\":2847.6,\"zetium\":16.2}',NULL,0),(7,6,'{\"metal\":1084.8,\"energy\":2169.6,\"zetium\":16.2}','Building Units',0),(8,6,'{\"units\":[{\"type\":\"Trooper\",\"level\":2,\"count\":2,\"hp\":50},{\"type\":\"Trooper\",\"level\":3,\"count\":1,\"hp\":30}],\"metal\":1865.6000000000001,\"energy\":4134.900000000001,\"zetium\":866.8000000000001,\"creds\":7500}','Attacking NPC Buildings',0),(9,32,'{\"metal\":862.8,\"energy\":4101.599999999999,\"zetium\":16.2,\"points\":2000}',NULL,0),(10,8,'{\"metal\":1725.6,\"energy\":2461.2,\"zetium\":16.2,\"points\":2000}',NULL,0),(11,8,'{\"units\":[{\"type\":\"Trooper\",\"level\":1,\"count\":4,\"hp\":100},{\"type\":\"Seeker\",\"level\":1,\"count\":2,\"hp\":100}],\"metal\":2779.7999999999997,\"energy\":5559.599999999999}',NULL,0),(12,11,'{\"metal\":2060.7,\"energy\":4120.7,\"points\":2000}','Researching Technologies',0),(13,12,'{\"metal\":1038.35,\"energy\":2074.7999999999997,\"zetium\":23.75,\"points\":2000}',NULL,0),(14,11,'{\"metal\":595.1999999999999,\"energy\":1814.3999999999999}',NULL,0),(15,14,'{\"metal\":3475.0000000000005,\"energy\":3149.2,\"zetium\":284.4}','Extracting Zetium',0),(16,15,'{\"units\":[{\"type\":\"Trooper\",\"level\":3,\"count\":1,\"hp\":100},{\"type\":\"Seeker\",\"level\":2,\"count\":1,\"hp\":100},{\"type\":\"Shocker\",\"level\":1,\"count\":2,\"hp\":100}]}','Collecting Points',0),(17,15,'{\"metal\":9225.6,\"energy\":12915.6,\"zetium\":646.8}',NULL,0),(18,17,'{\"metal\":15375.2,\"energy\":21525.600000000002,\"zetium\":1076.8}',NULL,0),(19,18,'{\"units\":[{\"type\":\"Crow\",\"level\":1,\"count\":2,\"hp\":100}],\"metal\":16144.800000000001,\"energy\":22604.4,\"zetium\":1134.0}',NULL,0),(20,19,'{\"units\":[{\"type\":\"Mule\",\"level\":1,\"count\":1,\"hp\":100},{\"type\":\"Mdh\",\"level\":1,\"count\":1,\"hp\":100}]}','Annexing Planets',0),(21,20,'{\"metal\":1158.5844,\"energy\":2560.7376000000004,\"zetium\":117.99765}','Colonizing Planets',0),(22,3,'{\"points\":200,\"units\":[{\"type\":\"Gnat\",\"level\":1,\"count\":1,\"hp\":25}]}','Exploring Objects',0),(23,22,'{\"points\":1000,\"units\":[{\"type\":\"Glancer\",\"level\":1,\"count\":1,\"hp\":60}]}',NULL,0),(24,11,'{\"points\":800,\"units\":[{\"type\":\"Gnat\",\"level\":1,\"count\":2,\"hp\":25},{\"type\":\"Gnat\",\"level\":1,\"count\":2,\"hp\":20},{\"type\":\"Gnat\",\"level\":1,\"count\":2,\"hp\":15},{\"type\":\"Gnat\",\"level\":1,\"count\":2,\"hp\":10}]}',NULL,0),(25,24,'{\"points\":800,\"units\":[{\"type\":\"Glancer\",\"level\":1,\"count\":2,\"hp\":80}]}',NULL,0),(26,25,'{\"points\":1600,\"units\":[{\"type\":\"Spudder\",\"level\":1,\"count\":1,\"hp\":96}]}',NULL,0),(27,11,'{\"metal\":5940.0,\"energy\":18144.0}','Zetium Crystals',0),(28,16,'{\"units\":[{\"type\":\"Scorpion\",\"level\":2,\"count\":1,\"hp\":70},{\"type\":\"Azure\",\"level\":1,\"count\":1,\"hp\":100}]}',NULL,0),(29,28,'{\"units\":[{\"type\":\"Cyrix\",\"level\":2,\"count\":1,\"hp\":60},{\"type\":\"Crow\",\"level\":1,\"count\":2,\"hp\":100}]}',NULL,0),(30,29,'{\"units\":[{\"type\":\"Avenger\",\"level\":1,\"count\":2,\"hp\":100},{\"type\":\"Dart\",\"level\":1,\"count\":2,\"hp\":100}]}',NULL,0),(31,19,'{\"metal\":23064,\"energy\":32292,\"zetium\":1620}','Fighting in Space',0),(32,8,'{\"metal\":150.0,\"energy\":627.6,\"points\":2000}',NULL,0),(33,30,'{\"units\":[{\"type\":\"Rhyno\",\"level\":1,\"count\":1,\"hp\":100},{\"type\":\"Cyrix\",\"level\":3,\"count\":2,\"hp\":100}]}',NULL,0),(34,21,'{\"metal\":3862.4,\"energy\":25625.920000000002,\"zetium\":524.8000000000001}','Exploring Galaxy',0),(35,19,'{\"units\":[{\"type\":\"Dart\",\"level\":1,\"count\":2,\"hp\":100}]}',NULL,0),(36,35,'{\"units\":[{\"type\":\"Avenger\",\"level\":1,\"count\":2,\"hp\":100}]}',NULL,0),(37,36,'{\"units\":[{\"type\":\"Rhyno\",\"level\":1,\"count\":1,\"hp\":100}]}',NULL,0),(38,34,'{\"units\":[{\"type\":\"Trooper\",\"level\":2,\"count\":10,\"hp\":100},{\"type\":\"Seeker\",\"level\":2,\"count\":5,\"hp\":100},{\"type\":\"Scorpion\",\"level\":2,\"count\":2,\"hp\":100}]}',NULL,0),(39,38,'{\"units\":[{\"type\":\"Trooper\",\"level\":2,\"count\":15,\"hp\":100},{\"type\":\"Shocker\",\"level\":2,\"count\":8,\"hp\":100},{\"type\":\"Seeker\",\"level\":2,\"count\":3,\"hp\":100},{\"type\":\"Scorpion\",\"level\":2,\"count\":2,\"hp\":100}]}',NULL,0),(40,39,'{\"units\":[{\"type\":\"Shocker\",\"level\":2,\"count\":8,\"hp\":100},{\"type\":\"Seeker\",\"level\":2,\"count\":5,\"hp\":100},{\"type\":\"Scorpion\",\"level\":2,\"count\":5,\"hp\":100},{\"type\":\"Azure\",\"level\":2,\"count\":3,\"hp\":100}]}',NULL,0),(41,40,'{\"units\":[{\"type\":\"Shocker\",\"level\":2,\"count\":10,\"hp\":100},{\"type\":\"Seeker\",\"level\":2,\"count\":8,\"hp\":100},{\"type\":\"Scorpion\",\"level\":2,\"count\":7,\"hp\":100},{\"type\":\"Azure\",\"level\":2,\"count\":3,\"hp\":100},{\"type\":\"Cyrix\",\"level\":2,\"count\":5,\"hp\":100},{\"type\":\"Dart\",\"level\":2,\"count\":3,\"hp\":100}]}',NULL,0),(42,41,'{\"units\":[{\"type\":\"Shocker\",\"level\":2,\"count\":15,\"hp\":100},{\"type\":\"Seeker\",\"level\":2,\"count\":10,\"hp\":100},{\"type\":\"Scorpion\",\"level\":2,\"count\":10,\"hp\":100},{\"type\":\"Azure\",\"level\":2,\"count\":5,\"hp\":100},{\"type\":\"Cyrix\",\"level\":2,\"count\":10,\"hp\":100},{\"type\":\"Avenger\",\"level\":2,\"count\":5,\"hp\":100},{\"type\":\"Dart\",\"level\":2,\"count\":5,\"hp\":100}]}',NULL,0),(43,34,'{\"units\":[{\"type\":\"Mule\",\"level\":5,\"count\":1,\"hp\":100}]}',NULL,0),(44,43,'{\"units\":[{\"type\":\"Crow\",\"level\":5,\"count\":1,\"hp\":100}]}',NULL,0),(45,44,'{\"units\":[{\"type\":\"Cyrix\",\"level\":3,\"count\":1,\"hp\":100}]}',NULL,0),(46,45,'{\"units\":[{\"type\":\"Cyrix\",\"level\":5,\"count\":1,\"hp\":100}]}',NULL,0),(47,46,'{\"units\":[{\"type\":\"Avenger\",\"level\":5,\"count\":1,\"hp\":100}]}',NULL,0),(48,47,'{\"units\":[{\"type\":\"Avenger\",\"level\":5,\"count\":3,\"hp\":100}]}',NULL,0),(49,46,'{\"units\":[{\"type\":\"Dart\",\"level\":5,\"count\":1,\"hp\":100}]}',NULL,0),(50,49,'{\"units\":[{\"type\":\"Dart\",\"level\":5,\"count\":3,\"hp\":100}]}',NULL,0),(51,46,'{\"units\":[{\"type\":\"Avenger\",\"level\":8,\"count\":1,\"hp\":100}]}',NULL,0),(52,51,'{\"units\":[{\"type\":\"Rhyno\",\"level\":3,\"count\":1,\"hp\":100}]}',NULL,0),(53,34,'{\"units\":[{\"type\":\"Scorpion\",\"level\":5,\"count\":1,\"hp\":100}]}',NULL,0),(54,53,'{\"units\":[{\"type\":\"Azure\",\"level\":6,\"count\":1,\"hp\":100}]}',NULL,0),(55,54,'{\"units\":[{\"type\":\"Trooper\",\"level\":5,\"count\":3,\"hp\":100},{\"type\":\"Seeker\",\"level\":5,\"count\":3,\"hp\":100},{\"type\":\"Shocker\",\"level\":7,\"count\":1,\"hp\":100}]}',NULL,0),(56,55,'{\"units\":[{\"type\":\"Trooper\",\"level\":5,\"count\":4,\"hp\":100},{\"type\":\"Seeker\",\"level\":5,\"count\":4,\"hp\":100},{\"type\":\"Shocker\",\"level\":7,\"count\":2,\"hp\":100}]}',NULL,0),(57,56,'{\"units\":[{\"type\":\"Trooper\",\"level\":5,\"count\":5,\"hp\":100},{\"type\":\"Seeker\",\"level\":5,\"count\":5,\"hp\":100},{\"type\":\"Shocker\",\"level\":7,\"count\":3,\"hp\":100}]}',NULL,0),(58,54,'{\"units\":[{\"type\":\"Scorpion\",\"level\":6,\"count\":1,\"hp\":100},{\"type\":\"Azure\",\"level\":6,\"count\":1,\"hp\":100}]}',NULL,0),(59,58,'{\"units\":[{\"type\":\"Scorpion\",\"level\":6,\"count\":2,\"hp\":100},{\"type\":\"Azure\",\"level\":6,\"count\":2,\"hp\":100}]}',NULL,0),(60,59,'{\"units\":[{\"type\":\"Scorpion\",\"level\":6,\"count\":3,\"hp\":100},{\"type\":\"Azure\",\"level\":6,\"count\":3,\"hp\":100}]}',NULL,0),(61,54,'{\"units\":[{\"type\":\"Cyrix\",\"level\":5,\"count\":2,\"hp\":100}]}',NULL,0),(62,61,'{\"units\":[{\"type\":\"Cyrix\",\"level\":5,\"count\":4,\"hp\":100}]}',NULL,0),(63,62,'{\"units\":[{\"type\":\"Cyrix\",\"level\":5,\"count\":6,\"hp\":100}]}',NULL,0),(64,33,'{\"units\":[{\"type\":\"Rhyno\",\"level\":7,\"count\":1,\"hp\":100}]}',NULL,0),(65,54,'{\"units\":[{\"type\":\"Scorpion\",\"level\":5,\"count\":2,\"hp\":100}]}',NULL,0),(66,27,'{\"metal\":600,\"energy\":1800,\"zetium\":105}',NULL,0),(67,66,'{\"metal\":1040,\"energy\":3120,\"zetium\":182}',NULL,0),(68,67,'{\"metal\":1760,\"energy\":5280,\"zetium\":308}',NULL,0),(69,68,'{\"metal\":2960,\"energy\":8880,\"zetium\":518}',NULL,0),(70,69,'{\"metal\":6000,\"energy\":18000,\"zetium\":1050}',NULL,0),(71,70,'{\"metal\":10200,\"energy\":30600,\"zetium\":1785}',NULL,0),(72,11,'{\"scientists\":10}',NULL,0),(73,72,'{\"scientists\":20}',NULL,0),(74,73,'{\"scientists\":30}',NULL,0),(75,74,'{\"scientists\":40}',NULL,0),(76,75,'{\"scientists\":60}',NULL,0),(77,76,'{\"scientists\":80}',NULL,0),(78,77,'{\"scientists\":100}',NULL,0),(79,78,'{\"scientists\":150}',NULL,0),(80,7,'{\"units\":[{\"type\":\"Trooper\",\"level\":3,\"count\":1,\"hp\":100}]}',NULL,0),(81,80,'{\"units\":[{\"type\":\"Trooper\",\"level\":3,\"count\":1,\"hp\":100}]}',NULL,0),(82,81,'{\"units\":[{\"type\":\"Trooper\",\"level\":3,\"count\":2,\"hp\":100}]}',NULL,0),(83,82,'{\"units\":[{\"type\":\"Trooper\",\"level\":3,\"count\":4,\"hp\":100}]}',NULL,0),(84,83,'{\"units\":[{\"type\":\"Trooper\",\"level\":3,\"count\":4,\"hp\":100},{\"type\":\"Seeker\",\"level\":3,\"count\":1,\"hp\":100}]}',NULL,0),(85,84,'{\"units\":[{\"type\":\"Trooper\",\"level\":3,\"count\":5,\"hp\":100},{\"type\":\"Seeker\",\"level\":3,\"count\":1,\"hp\":100},{\"type\":\"Shocker\",\"level\":3,\"count\":1,\"hp\":100}]}',NULL,0),(86,85,'{\"units\":[{\"type\":\"Trooper\",\"level\":3,\"count\":8,\"hp\":100},{\"type\":\"Seeker\",\"level\":3,\"count\":2,\"hp\":100},{\"type\":\"Shocker\",\"level\":3,\"count\":1,\"hp\":100}]}',NULL,0),(87,86,'{\"units\":[{\"type\":\"Trooper\",\"level\":3,\"count\":11,\"hp\":100},{\"type\":\"Seeker\",\"level\":3,\"count\":3,\"hp\":100},{\"type\":\"Shocker\",\"level\":3,\"count\":2,\"hp\":100}]}',NULL,0),(88,87,'{\"units\":[{\"type\":\"Trooper\",\"level\":3,\"count\":8,\"hp\":100},{\"type\":\"Seeker\",\"level\":3,\"count\":2,\"hp\":100},{\"type\":\"Shocker\",\"level\":3,\"count\":2,\"hp\":100},{\"type\":\"Scorpion\",\"level\":3,\"count\":2,\"hp\":100}]}',NULL,0),(89,88,'{\"units\":[{\"type\":\"Trooper\",\"level\":3,\"count\":7,\"hp\":100},{\"type\":\"Seeker\",\"level\":3,\"count\":2,\"hp\":100},{\"type\":\"Shocker\",\"level\":3,\"count\":2,\"hp\":100},{\"type\":\"Scorpion\",\"level\":3,\"count\":2,\"hp\":100},{\"type\":\"Cyrix\",\"level\":3,\"count\":1,\"hp\":100}]}',NULL,0),(90,89,'{\"units\":[{\"type\":\"Trooper\",\"level\":3,\"count\":6,\"hp\":100},{\"type\":\"Seeker\",\"level\":3,\"count\":2,\"hp\":100},{\"type\":\"Shocker\",\"level\":3,\"count\":2,\"hp\":100},{\"type\":\"Scorpion\",\"level\":3,\"count\":2,\"hp\":100},{\"type\":\"Avenger\",\"level\":3,\"count\":1,\"hp\":100},{\"type\":\"Cyrix\",\"level\":3,\"count\":1,\"hp\":100}]}',NULL,0),(91,90,'{\"units\":[{\"type\":\"Trooper\",\"level\":3,\"count\":8,\"hp\":100},{\"type\":\"Seeker\",\"level\":3,\"count\":2,\"hp\":100},{\"type\":\"Shocker\",\"level\":3,\"count\":2,\"hp\":100},{\"type\":\"Scorpion\",\"level\":3,\"count\":2,\"hp\":100},{\"type\":\"Avenger\",\"level\":3,\"count\":1,\"hp\":100},{\"type\":\"Cyrix\",\"level\":3,\"count\":3,\"hp\":100}]}',NULL,0),(92,91,'{\"units\":[{\"type\":\"Trooper\",\"level\":3,\"count\":9,\"hp\":100},{\"type\":\"Seeker\",\"level\":3,\"count\":2,\"hp\":100},{\"type\":\"Shocker\",\"level\":3,\"count\":2,\"hp\":100},{\"type\":\"Scorpion\",\"level\":3,\"count\":2,\"hp\":100},{\"type\":\"Avenger\",\"level\":3,\"count\":1,\"hp\":100},{\"type\":\"Rhyno\",\"level\":3,\"count\":1,\"hp\":100},{\"type\":\"Cyrix\",\"level\":3,\"count\":2,\"hp\":100}]}',NULL,0),(93,92,'{\"units\":[{\"type\":\"Trooper\",\"level\":3,\"count\":9,\"hp\":100},{\"type\":\"Seeker\",\"level\":3,\"count\":2,\"hp\":100},{\"type\":\"Shocker\",\"level\":3,\"count\":2,\"hp\":100},{\"type\":\"Scorpion\",\"level\":3,\"count\":2,\"hp\":100},{\"type\":\"Avenger\",\"level\":3,\"count\":2,\"hp\":100},{\"type\":\"Rhyno\",\"level\":3,\"count\":1,\"hp\":100},{\"type\":\"Cyrix\",\"level\":3,\"count\":3,\"hp\":100},{\"type\":\"Dart\",\"level\":3,\"count\":1,\"hp\":100},{\"type\":\"Crow\",\"level\":2,\"count\":1,\"hp\":100}]}',NULL,0),(94,93,'{\"units\":[{\"type\":\"Trooper\",\"level\":3,\"count\":16,\"hp\":100},{\"type\":\"Seeker\",\"level\":3,\"count\":5,\"hp\":100},{\"type\":\"Shocker\",\"level\":3,\"count\":4,\"hp\":100},{\"type\":\"Scorpion\",\"level\":3,\"count\":3,\"hp\":100},{\"type\":\"Avenger\",\"level\":3,\"count\":3,\"hp\":100},{\"type\":\"Rhyno\",\"level\":3,\"count\":1,\"hp\":100},{\"type\":\"Cyrix\",\"level\":3,\"count\":3,\"hp\":100},{\"type\":\"Dart\",\"level\":3,\"count\":2,\"hp\":100},{\"type\":\"Crow\",\"level\":2,\"count\":5,\"hp\":100}]}',NULL,0),(95,71,'{\"metal\":18000,\"energy\":54000,\"zetium\":3150}',NULL,0),(96,95,'{\"metal\":25200,\"energy\":75600,\"zetium\":4410}',NULL,0),(97,96,'{\"metal\":35280,\"energy\":105840,\"zetium\":6174}',NULL,0),(98,97,'{\"metal\":49400,\"energy\":148200,\"zetium\":8645}',NULL,0),(99,98,'{\"metal\":69160,\"energy\":207480,\"zetium\":12103}',NULL,0),(100,99,'{\"metal\":96840,\"energy\":290520,\"zetium\":16947}',NULL,0),(101,100,'{\"metal\":135560,\"energy\":406680,\"zetium\":23723}',NULL,0),(102,101,'{\"metal\":189760,\"energy\":569280,\"zetium\":33208}',NULL,0),(106,94,'{\"units\":[{\"type\":\"Scorpion\",\"level\":3,\"count\":4,\"hp\":100},{\"type\":\"Avenger\",\"level\":3,\"count\":4,\"hp\":100},{\"type\":\"Rhyno\",\"level\":3,\"count\":2,\"hp\":100},{\"type\":\"Cyrix\",\"level\":3,\"count\":6,\"hp\":100},{\"type\":\"Dart\",\"level\":3,\"count\":2,\"hp\":100},{\"type\":\"Crow\",\"level\":2,\"count\":6,\"hp\":100}]}',NULL,0),(107,106,'{\"units\":[{\"type\":\"Scorpion\",\"level\":3,\"count\":5,\"hp\":100},{\"type\":\"Avenger\",\"level\":3,\"count\":5,\"hp\":100},{\"type\":\"Rhyno\",\"level\":3,\"count\":2,\"hp\":100},{\"type\":\"Cyrix\",\"level\":3,\"count\":6,\"hp\":100},{\"type\":\"Dart\",\"level\":3,\"count\":4,\"hp\":100},{\"type\":\"Crow\",\"level\":2,\"count\":5,\"hp\":100}]}',NULL,0),(108,107,'{\"units\":[{\"type\":\"Scorpion\",\"level\":3,\"count\":6,\"hp\":100},{\"type\":\"Avenger\",\"level\":3,\"count\":6,\"hp\":100},{\"type\":\"Rhyno\",\"level\":3,\"count\":2,\"hp\":100},{\"type\":\"Cyrix\",\"level\":3,\"count\":6,\"hp\":100},{\"type\":\"Dart\",\"level\":3,\"count\":4,\"hp\":100},{\"type\":\"Crow\",\"level\":2,\"count\":10,\"hp\":100}]}',NULL,0),(109,108,'{\"units\":[{\"type\":\"Scorpion\",\"level\":3,\"count\":6,\"hp\":100},{\"type\":\"Avenger\",\"level\":3,\"count\":7,\"hp\":100},{\"type\":\"Rhyno\",\"level\":3,\"count\":3,\"hp\":100},{\"type\":\"Cyrix\",\"level\":3,\"count\":6,\"hp\":100},{\"type\":\"Dart\",\"level\":3,\"count\":4,\"hp\":100},{\"type\":\"Crow\",\"level\":2,\"count\":10,\"hp\":100}]}',NULL,0),(110,109,'{\"units\":[{\"type\":\"Scorpion\",\"level\":3,\"count\":6,\"hp\":100},{\"type\":\"Avenger\",\"level\":3,\"count\":8,\"hp\":100},{\"type\":\"Rhyno\",\"level\":3,\"count\":3,\"hp\":100},{\"type\":\"Cyrix\",\"level\":3,\"count\":9,\"hp\":100},{\"type\":\"Dart\",\"level\":3,\"count\":5,\"hp\":100},{\"type\":\"Crow\",\"level\":2,\"count\":11,\"hp\":100}]}',NULL,0),(111,110,'{\"units\":[{\"type\":\"Scorpion\",\"level\":3,\"count\":8,\"hp\":100},{\"type\":\"Avenger\",\"level\":3,\"count\":9,\"hp\":100},{\"type\":\"Rhyno\",\"level\":3,\"count\":3,\"hp\":100},{\"type\":\"Cyrix\",\"level\":3,\"count\":10,\"hp\":100},{\"type\":\"Dart\",\"level\":3,\"count\":6,\"hp\":100},{\"type\":\"Crow\",\"level\":2,\"count\":15,\"hp\":100}]}',NULL,0),(112,111,'{\"units\":[{\"type\":\"Scorpion\",\"level\":3,\"count\":8,\"hp\":100},{\"type\":\"Avenger\",\"level\":3,\"count\":11,\"hp\":100},{\"type\":\"Rhyno\",\"level\":3,\"count\":4,\"hp\":100},{\"type\":\"Cyrix\",\"level\":3,\"count\":12,\"hp\":100},{\"type\":\"Dart\",\"level\":3,\"count\":6,\"hp\":100},{\"type\":\"Crow\",\"level\":2,\"count\":15,\"hp\":100}]}',NULL,0),(113,112,'{\"units\":[{\"type\":\"Scorpion\",\"level\":3,\"count\":10,\"hp\":100},{\"type\":\"Avenger\",\"level\":3,\"count\":13,\"hp\":100},{\"type\":\"Rhyno\",\"level\":3,\"count\":4,\"hp\":100},{\"type\":\"Cyrix\",\"level\":3,\"count\":12,\"hp\":100},{\"type\":\"Dart\",\"level\":3,\"count\":8,\"hp\":100},{\"type\":\"Crow\",\"level\":2,\"count\":20,\"hp\":100}]}',NULL,0),(114,113,'{\"units\":[{\"type\":\"Scorpion\",\"level\":3,\"count\":10,\"hp\":100},{\"type\":\"Avenger\",\"level\":3,\"count\":15,\"hp\":100},{\"type\":\"Rhyno\",\"level\":3,\"count\":5,\"hp\":100},{\"type\":\"Cyrix\",\"level\":3,\"count\":15,\"hp\":100},{\"type\":\"Dart\",\"level\":3,\"count\":9,\"hp\":100},{\"type\":\"Crow\",\"level\":2,\"count\":20,\"hp\":100}]}',NULL,0),(115,114,'{\"units\":[{\"type\":\"Scorpion\",\"level\":3,\"count\":12,\"hp\":100},{\"type\":\"Avenger\",\"level\":3,\"count\":16,\"hp\":100},{\"type\":\"Rhyno\",\"level\":3,\"count\":6,\"hp\":100},{\"type\":\"Cyrix\",\"level\":3,\"count\":17,\"hp\":100},{\"type\":\"Dart\",\"level\":3,\"count\":10,\"hp\":100},{\"type\":\"Crow\",\"level\":2,\"count\":25,\"hp\":100}]}',NULL,0),(116,8,'{\"creds\":1000}','VIP players',0),(117,116,'{\"metal\":2406,\"energy\":4809,\"zetium\":108}','Accelerating',0),(10000,NULL,NULL,NULL,1),(10001,NULL,NULL,NULL,1),(10002,NULL,NULL,NULL,1),(10003,NULL,NULL,NULL,1),(10004,NULL,NULL,NULL,1),(10005,NULL,NULL,NULL,1),(10006,NULL,NULL,NULL,1),(10020,NULL,NULL,NULL,1),(10021,NULL,NULL,NULL,1),(10022,NULL,NULL,NULL,1),(10023,NULL,NULL,NULL,1),(10024,NULL,NULL,NULL,1),(10025,NULL,NULL,NULL,1),(10026,NULL,NULL,NULL,1),(10027,NULL,NULL,NULL,1),(10028,NULL,NULL,NULL,1),(10040,NULL,NULL,NULL,1),(10041,NULL,NULL,NULL,1),(10042,NULL,NULL,NULL,1),(10043,NULL,NULL,NULL,1),(10044,NULL,NULL,NULL,1),(10045,NULL,NULL,NULL,1),(10046,NULL,NULL,NULL,1),(10060,NULL,NULL,NULL,1),(10061,NULL,NULL,NULL,1),(10062,NULL,NULL,NULL,1),(10063,NULL,NULL,NULL,1),(10064,NULL,NULL,NULL,1),(10065,NULL,NULL,NULL,1),(10066,NULL,NULL,NULL,1),(10080,NULL,NULL,NULL,1),(10081,NULL,NULL,NULL,1),(10082,NULL,NULL,NULL,1),(10083,NULL,NULL,NULL,1),(10084,NULL,NULL,NULL,1),(10085,NULL,NULL,NULL,1),(10086,NULL,NULL,NULL,1),(10100,NULL,NULL,NULL,1),(10101,NULL,NULL,NULL,1),(10102,NULL,NULL,NULL,1),(10103,NULL,NULL,NULL,1),(10104,NULL,NULL,NULL,1),(10105,NULL,NULL,NULL,1),(10106,NULL,NULL,NULL,1),(10107,NULL,NULL,NULL,1),(10108,NULL,NULL,NULL,1),(10120,NULL,NULL,NULL,1),(10121,NULL,NULL,NULL,1),(10122,NULL,NULL,NULL,1),(10123,NULL,NULL,NULL,1),(10124,NULL,NULL,NULL,1),(10125,NULL,NULL,NULL,1),(10126,NULL,NULL,NULL,1),(10127,NULL,NULL,NULL,1),(10140,NULL,NULL,NULL,1),(10141,NULL,NULL,NULL,1),(10142,NULL,NULL,NULL,1),(10143,NULL,NULL,NULL,1),(10144,NULL,NULL,NULL,1),(10160,NULL,NULL,NULL,1),(10161,NULL,NULL,NULL,1),(10162,NULL,NULL,NULL,1),(10163,NULL,NULL,NULL,1),(10164,NULL,NULL,NULL,1),(10165,NULL,NULL,NULL,1),(10166,NULL,NULL,NULL,1),(10167,NULL,NULL,NULL,1),(10168,NULL,NULL,NULL,1),(10180,NULL,NULL,NULL,1),(10181,NULL,NULL,NULL,1),(10182,NULL,NULL,NULL,1),(10183,NULL,NULL,NULL,1),(10184,NULL,NULL,NULL,1),(10185,NULL,NULL,NULL,1),(10186,NULL,NULL,NULL,1),(10187,NULL,NULL,NULL,1),(10188,NULL,NULL,NULL,1),(10200,NULL,NULL,NULL,1),(10201,NULL,NULL,NULL,1),(10202,NULL,NULL,NULL,1),(10203,NULL,NULL,NULL,1),(10204,NULL,NULL,NULL,1),(10220,NULL,NULL,NULL,1),(10221,NULL,NULL,NULL,1),(10222,NULL,NULL,NULL,1),(10223,NULL,NULL,NULL,1),(10224,NULL,NULL,NULL,1),(10240,NULL,NULL,NULL,1),(10241,NULL,NULL,NULL,1),(10242,NULL,NULL,NULL,1),(10243,NULL,NULL,NULL,1),(10244,NULL,NULL,NULL,1),(10260,NULL,NULL,NULL,1),(10261,NULL,NULL,NULL,1),(10262,NULL,NULL,NULL,1),(10263,NULL,NULL,NULL,1),(10264,NULL,NULL,NULL,1),(10280,NULL,NULL,NULL,1),(10281,NULL,NULL,NULL,1),(10282,NULL,NULL,NULL,1),(10283,NULL,NULL,NULL,1),(10284,NULL,NULL,NULL,1),(10290,NULL,NULL,NULL,1),(10291,NULL,NULL,NULL,1),(10292,NULL,NULL,NULL,1),(10300,NULL,NULL,NULL,1),(10301,NULL,NULL,NULL,1),(10302,NULL,NULL,NULL,1),(10303,NULL,NULL,NULL,1),(10304,NULL,NULL,NULL,1),(10320,NULL,NULL,NULL,1),(10321,NULL,NULL,NULL,1),(10322,NULL,NULL,NULL,1),(10323,NULL,NULL,NULL,1),(10324,NULL,NULL,NULL,1),(10340,NULL,NULL,NULL,1),(10341,NULL,NULL,NULL,1),(10342,NULL,NULL,NULL,1),(10343,NULL,NULL,NULL,1),(10344,NULL,NULL,NULL,1),(10345,NULL,NULL,NULL,1),(10346,NULL,NULL,NULL,1),(10347,NULL,NULL,NULL,1),(10360,NULL,NULL,NULL,1),(10361,NULL,NULL,NULL,1),(10362,NULL,NULL,NULL,1),(10363,NULL,NULL,NULL,1),(10364,NULL,NULL,NULL,1),(10365,NULL,NULL,NULL,1),(10366,NULL,NULL,NULL,1),(10367,NULL,NULL,NULL,1),(10380,NULL,NULL,NULL,1),(10381,NULL,NULL,NULL,1),(10382,NULL,NULL,NULL,1),(10383,NULL,NULL,NULL,1),(10384,NULL,NULL,NULL,1),(10385,NULL,NULL,NULL,1),(10386,NULL,NULL,NULL,1),(10400,NULL,NULL,NULL,1),(10401,NULL,NULL,NULL,1),(10402,NULL,NULL,NULL,1),(10403,NULL,NULL,NULL,1),(10404,NULL,NULL,NULL,1),(10405,NULL,NULL,NULL,1),(10406,NULL,NULL,NULL,1),(10407,NULL,NULL,NULL,1),(10408,NULL,NULL,NULL,1),(10409,NULL,NULL,NULL,1);
/*!40000 ALTER TABLE `quests` ENABLE KEYS */;
UNLOCK TABLES;

--
-- Table structure for table `route_hops`
--

DROP TABLE IF EXISTS `route_hops`;
/*!40101 SET @saved_cs_client     = @@character_set_client */;
/*!40101 SET character_set_client = utf8 */;
CREATE TABLE `route_hops` (
  `id` int(11) NOT NULL AUTO_INCREMENT,
  `route_id` int(11) NOT NULL,
  `location_type` tinyint(2) unsigned NOT NULL,
  `location_id` int(10) unsigned NOT NULL,
  `location_x` int(11) DEFAULT NULL,
  `location_y` int(11) DEFAULT NULL,
  `arrives_at` datetime NOT NULL,
  `index` smallint(6) NOT NULL,
  `next` tinyint(1) NOT NULL DEFAULT '0',
  `jumps_at` datetime DEFAULT NULL,
  PRIMARY KEY (`id`),
  UNIQUE KEY `next_hop` (`route_id`,`index`),
  KEY `route` (`route_id`,`location_type`,`location_id`),
  KEY `next` (`route_id`,`next`),
  CONSTRAINT `route_hops_ibfk_1` FOREIGN KEY (`route_id`) REFERENCES `routes` (`id`) ON DELETE CASCADE
) ENGINE=InnoDB DEFAULT CHARSET=utf8;
/*!40101 SET character_set_client = @saved_cs_client */;

--
-- Dumping data for table `route_hops`
--

LOCK TABLES `route_hops` WRITE;
/*!40000 ALTER TABLE `route_hops` DISABLE KEYS */;
/*!40000 ALTER TABLE `route_hops` ENABLE KEYS */;
UNLOCK TABLES;

--
-- Table structure for table `routes`
--

DROP TABLE IF EXISTS `routes`;
/*!40101 SET @saved_cs_client     = @@character_set_client */;
/*!40101 SET character_set_client = utf8 */;
CREATE TABLE `routes` (
  `id` int(11) NOT NULL AUTO_INCREMENT,
  `target_type` tinyint(2) unsigned NOT NULL,
  `target_id` int(10) unsigned NOT NULL,
  `arrives_at` datetime NOT NULL,
  `cached_units` text NOT NULL,
  `player_id` int(11) NOT NULL,
  `target_x` int(11) NOT NULL,
  `target_y` int(11) NOT NULL,
  `target_name` varchar(255) DEFAULT NULL,
  `target_variation` tinyint(2) unsigned DEFAULT NULL,
  `target_solar_system_id` int(11) DEFAULT NULL,
  `current_id` int(11) unsigned NOT NULL,
  `current_type` tinyint(2) unsigned NOT NULL,
  `current_x` int(11) NOT NULL,
  `current_y` int(11) NOT NULL,
  `current_name` varchar(255) DEFAULT NULL,
  `current_variation` tinyint(2) unsigned DEFAULT NULL,
  `current_solar_system_id` int(11) DEFAULT NULL,
  `source_id` int(11) unsigned NOT NULL,
  `source_type` tinyint(2) unsigned NOT NULL,
  `source_x` int(11) NOT NULL,
  `source_y` int(11) NOT NULL,
  `source_name` varchar(255) DEFAULT NULL,
  `source_variation` tinyint(2) unsigned DEFAULT NULL,
  `source_solar_system_id` int(11) DEFAULT NULL,
  `first_hop` datetime NOT NULL,
  PRIMARY KEY (`id`),
  KEY `incoming_routes` (`target_type`,`target_id`),
  KEY `foreign_key` (`player_id`),
  CONSTRAINT `routes_ibfk_1` FOREIGN KEY (`player_id`) REFERENCES `players` (`id`) ON DELETE CASCADE
) ENGINE=InnoDB DEFAULT CHARSET=utf8;
/*!40101 SET character_set_client = @saved_cs_client */;

--
-- Dumping data for table `routes`
--

LOCK TABLES `routes` WRITE;
/*!40000 ALTER TABLE `routes` DISABLE KEYS */;
/*!40000 ALTER TABLE `routes` ENABLE KEYS */;
UNLOCK TABLES;

--
-- Table structure for table `schema_migrations`
--

DROP TABLE IF EXISTS `schema_migrations`;
/*!40101 SET @saved_cs_client     = @@character_set_client */;
/*!40101 SET character_set_client = utf8 */;
CREATE TABLE `schema_migrations` (
  `version` varchar(255) NOT NULL,
  UNIQUE KEY `unique_schema_migrations` (`version`)
) ENGINE=InnoDB DEFAULT CHARSET=utf8;
/*!40101 SET character_set_client = @saved_cs_client */;

--
-- Dumping data for table `schema_migrations`
--

LOCK TABLES `schema_migrations` WRITE;
/*!40000 ALTER TABLE `schema_migrations` DISABLE KEYS */;
INSERT INTO `schema_migrations` VALUES ('20090601175224'),('20090601184051'),('20090601184055'),('20090601184059'),('20090701164131'),('20090713165021'),('20090808144214'),('20090809160211'),('20090810173759'),('20090826140238'),('20090826141836'),('20090829202538'),('20090829210029'),('20090829224505'),('20090830143959'),('20090830145319'),('20090901153809'),('20090904190655'),('20090905175341'),('20090905192056'),('20090906135044'),('20090909222719'),('20090911180950'),('20090912165229'),('20090919155819'),('20091024222359'),('20091103164416'),('20091103180558'),('20091103181146'),('20091109191211'),('20091225193714'),('20100114152902'),('20100121142414'),('20100127115341'),('20100127120219'),('20100127120515'),('20100127121337'),('20100129150736'),('20100203202757'),('20100203204803'),('20100204172507'),('20100204173714'),('20100208163239'),('20100210114531'),('20100212134334'),('20100218181507'),('20100219114448'),('20100220144106'),('20100222144003'),('20100223153023'),('20100224153728'),('20100224163525'),('20100225124928'),('20100225153721'),('20100225155505'),('20100225155739'),('20100226122144'),('20100226122651'),('20100301153626'),('20100302131225'),('20100303131706'),('20100308163148'),('20100308164422'),('20100310172315'),('20100310181338'),('20100311123523'),('20100315112858'),('20100319141401'),('20100322184529'),('20100324134243'),('20100324141652'),('20100331125702'),('20100415130556'),('20100415130600'),('20100415130605'),('20100415134627'),('20100419141518'),('20100419142018'),('20100419164230'),('20100426141509'),('20100428130912'),('20100429171200'),('20100430174140'),('20100610151652'),('20100610180750'),('20100614142225'),('20100614160819'),('20100614162423'),('20100616132525'),('20100616135507'),('20100622124252'),('20100706105523'),('20100710121447'),('20100710191351'),('20100716155807'),('20100719131622'),('20100721155359'),('20100722124307'),('20100812164444'),('20100812164449'),('20100812164518'),('20100812164524'),('20100817165213'),('20100819175736'),('20100820185846'),('20100906095758'),('20100915145823'),('20100929111549'),('20101001155323'),('20101005180058'),('20101022155620'),('20101117131430'),('20101208135417'),('20101209122838'),('20101222150446'),('20101223125157'),('20101223172333'),('20110106110617'),('20110117182616'),('20110119121807'),('20110125161025'),('20110128094012'),('20110201122224'),('20110211124612'),('20110214130700'),('20110214165108'),('20110215161039'),('20110221105637'),('20110224162141'),('20110224174209'),('20110307104202'),('20110307121218'),('20110309114701'),('20110309194328'),('20110310113500'),('20110311172250'),('20110314132426'),('20110317165341'),('20110329163829'),('20110330141930'),('20110410103752'),('20110413154835'),('20110420152125'),('20110420153521'),('20110422180144'),('20110426131533'),('20110426145014'),('20110429150825'),('20110430142655'),('20110501202247'),('20110502175634'),('20110503165127'),('20110506202156'),('20110509144521'),('20110520172423'),('99999999999000'),('99999999999900');
/*!40000 ALTER TABLE `schema_migrations` ENABLE KEYS */;
UNLOCK TABLES;

--
-- Table structure for table `solar_systems`
--

DROP TABLE IF EXISTS `solar_systems`;
/*!40101 SET @saved_cs_client     = @@character_set_client */;
/*!40101 SET character_set_client = utf8 */;
CREATE TABLE `solar_systems` (
  `id` int(11) NOT NULL AUTO_INCREMENT,
  `galaxy_id` int(11) NOT NULL,
  `x` mediumint(9) DEFAULT NULL,
  `y` mediumint(9) DEFAULT NULL,
  `kind` tinyint(2) NOT NULL DEFAULT '0',
  `shield_ends_at` datetime DEFAULT NULL,
  `shield_owner_id` int(11) DEFAULT NULL,
  PRIMARY KEY (`id`),
  UNIQUE KEY `uniqueness` (`galaxy_id`,`x`,`y`),
  KEY `shield_owner_id` (`shield_owner_id`),
  CONSTRAINT `solar_systems_ibfk_1` FOREIGN KEY (`galaxy_id`) REFERENCES `galaxies` (`id`) ON DELETE CASCADE,
  CONSTRAINT `solar_systems_ibfk_2` FOREIGN KEY (`shield_owner_id`) REFERENCES `players` (`id`) ON DELETE SET NULL
) ENGINE=InnoDB AUTO_INCREMENT=13 DEFAULT CHARSET=utf8;
/*!40101 SET character_set_client = @saved_cs_client */;

--
-- Dumping data for table `solar_systems`
--

LOCK TABLES `solar_systems` WRITE;
/*!40000 ALTER TABLE `solar_systems` DISABLE KEYS */;
INSERT INTO `solar_systems` VALUES (1,1,NULL,NULL,2,NULL,NULL),(2,1,6,-3,2,NULL,NULL),(3,1,1,-6,2,NULL,NULL),(4,1,2,-7,1,NULL,NULL),(5,1,4,-3,0,NULL,NULL),(6,1,5,-1,1,NULL,NULL),(7,1,6,-5,1,NULL,NULL),(8,1,5,-7,0,NULL,NULL),(9,1,2,-4,0,NULL,NULL),(10,1,2,-3,0,'2011-06-10 13:18:30',1),(11,1,7,-8,2,NULL,NULL),(12,1,1,-2,1,NULL,NULL);
/*!40000 ALTER TABLE `solar_systems` ENABLE KEYS */;
UNLOCK TABLES;

--
-- Table structure for table `ss_objects`
--

DROP TABLE IF EXISTS `ss_objects`;
/*!40101 SET @saved_cs_client     = @@character_set_client */;
/*!40101 SET character_set_client = utf8 */;
CREATE TABLE `ss_objects` (
  `id` int(11) NOT NULL AUTO_INCREMENT,
  `solar_system_id` int(11) NOT NULL,
  `width` int(11) DEFAULT NULL,
  `height` int(11) DEFAULT NULL,
  `position` int(11) NOT NULL DEFAULT '0',
  `angle` int(11) NOT NULL DEFAULT '0',
  `type` varchar(255) NOT NULL,
  `player_id` int(11) DEFAULT NULL,
  `name` varchar(12) NOT NULL DEFAULT '',
  `size` int(11) NOT NULL DEFAULT '0',
  `terrain` tinyint(2) unsigned NOT NULL DEFAULT '0',
  `metal` float NOT NULL DEFAULT '0',
  `metal_rate` float NOT NULL DEFAULT '0',
  `metal_storage` float NOT NULL DEFAULT '0',
  `energy` float NOT NULL DEFAULT '0',
  `energy_rate` float NOT NULL DEFAULT '0',
  `energy_storage` float NOT NULL DEFAULT '0',
  `zetium` float NOT NULL DEFAULT '0',
  `zetium_rate` float NOT NULL DEFAULT '0',
  `zetium_storage` float NOT NULL DEFAULT '0',
  `last_resources_update` datetime DEFAULT NULL,
  `energy_diminish_registered` tinyint(1) NOT NULL DEFAULT '0',
  `exploration_x` tinyint(2) unsigned DEFAULT NULL,
  `exploration_y` tinyint(2) unsigned DEFAULT NULL,
  `exploration_ends_at` datetime DEFAULT NULL,
  `can_destroy_building_at` datetime DEFAULT NULL,
  `special` tinyint(1) NOT NULL DEFAULT '0',
  `next_raid_at` datetime DEFAULT NULL,
  `shield_ends_at` datetime DEFAULT NULL,
  `shield_owner_id` int(11) DEFAULT NULL,
  `metal_rate_boost_ends_at` datetime DEFAULT NULL,
  `metal_storage_boost_ends_at` datetime DEFAULT NULL,
  `energy_rate_boost_ends_at` datetime DEFAULT NULL,
  `energy_storage_boost_ends_at` datetime DEFAULT NULL,
  `zetium_rate_boost_ends_at` datetime DEFAULT NULL,
  `zetium_storage_boost_ends_at` datetime DEFAULT NULL,
  PRIMARY KEY (`id`),
  UNIQUE KEY `uniqueness` (`solar_system_id`,`position`,`angle`),
  KEY `index_planets_on_galaxy_id_and_solar_system_id` (`solar_system_id`),
  KEY `index_planets_on_player_id_and_galaxy_id` (`player_id`),
  KEY `group_by_for_fowssentry_status_updates` (`player_id`,`solar_system_id`),
  KEY `shield_owner_id` (`shield_owner_id`),
  CONSTRAINT `ss_objects_ibfk_1` FOREIGN KEY (`solar_system_id`) REFERENCES `solar_systems` (`id`) ON DELETE CASCADE,
  CONSTRAINT `ss_objects_ibfk_2` FOREIGN KEY (`player_id`) REFERENCES `players` (`id`) ON DELETE SET NULL,
  CONSTRAINT `ss_objects_ibfk_3` FOREIGN KEY (`shield_owner_id`) REFERENCES `players` (`id`) ON DELETE SET NULL
) ENGINE=InnoDB AUTO_INCREMENT=85 DEFAULT CHARSET=utf8;
/*!40101 SET character_set_client = @saved_cs_client */;

--
-- Dumping data for table `ss_objects`
--

LOCK TABLES `ss_objects` WRITE;
/*!40000 ALTER TABLE `ss_objects` DISABLE KEYS */;
INSERT INTO `ss_objects` VALUES (1,1,23,13,1,45,'Planet',NULL,'Inculta',40,1,0,0,100000,0,0,200000,0,0,25000,NULL,0,NULL,NULL,NULL,NULL,1,NULL,NULL,NULL,NULL,NULL,NULL,NULL,NULL,NULL),(2,1,0,0,3,22,'Jumpgate',NULL,'',28,0,0,0,0,0,0,0,0,0,0,NULL,0,NULL,NULL,NULL,NULL,0,NULL,NULL,NULL,NULL,NULL,NULL,NULL,NULL,NULL),(3,1,0,0,3,270,'Jumpgate',NULL,'',52,0,0,0,0,0,0,0,0,0,0,NULL,0,NULL,NULL,NULL,NULL,0,NULL,NULL,NULL,NULL,NULL,NULL,NULL,NULL,NULL),(4,1,15,15,2,210,'Planet',NULL,'Limus',37,2,0,0,100000,0,0,200000,0,0,25000,NULL,0,NULL,NULL,NULL,NULL,1,NULL,NULL,NULL,NULL,NULL,NULL,NULL,NULL,NULL),(5,1,21,17,0,270,'Planet',NULL,'Gramen',40,0,0,0,100000,0,0,200000,0,0,25000,NULL,0,NULL,NULL,NULL,NULL,1,NULL,NULL,NULL,NULL,NULL,NULL,NULL,NULL,NULL),(6,1,0,0,3,134,'Jumpgate',NULL,'',26,0,0,0,0,0,0,0,0,0,0,NULL,0,NULL,NULL,NULL,NULL,0,NULL,NULL,NULL,NULL,NULL,NULL,NULL,NULL,NULL),(7,2,15,15,1,45,'Planet',NULL,'Limus-7',37,2,0,0,100000,0,0,200000,0,0,25000,NULL,0,NULL,NULL,NULL,NULL,1,NULL,NULL,NULL,NULL,NULL,NULL,NULL,NULL,NULL),(8,2,0,0,3,22,'Jumpgate',NULL,'',50,0,0,0,0,0,0,0,0,0,0,NULL,0,NULL,NULL,NULL,NULL,0,NULL,NULL,NULL,NULL,NULL,NULL,NULL,NULL,NULL),(9,2,0,0,3,270,'Jumpgate',NULL,'',44,0,0,0,0,0,0,0,0,0,0,NULL,0,NULL,NULL,NULL,NULL,0,NULL,NULL,NULL,NULL,NULL,NULL,NULL,NULL,NULL),(10,2,0,0,3,134,'Jumpgate',NULL,'',46,0,0,0,0,0,0,0,0,0,0,NULL,0,NULL,NULL,NULL,NULL,0,NULL,NULL,NULL,NULL,NULL,NULL,NULL,NULL,NULL),(11,3,15,15,1,45,'Planet',NULL,'Limus-11',37,2,0,0,100000,0,0,200000,0,0,25000,NULL,0,NULL,NULL,NULL,NULL,1,NULL,NULL,NULL,NULL,NULL,NULL,NULL,NULL,NULL),(12,3,0,0,3,22,'Jumpgate',NULL,'',44,0,0,0,0,0,0,0,0,0,0,NULL,0,NULL,NULL,NULL,NULL,0,NULL,NULL,NULL,NULL,NULL,NULL,NULL,NULL,NULL),(13,3,0,0,3,270,'Jumpgate',NULL,'',59,0,0,0,0,0,0,0,0,0,0,NULL,0,NULL,NULL,NULL,NULL,0,NULL,NULL,NULL,NULL,NULL,NULL,NULL,NULL,NULL),(14,3,0,0,3,134,'Jumpgate',NULL,'',34,0,0,0,0,0,0,0,0,0,0,NULL,0,NULL,NULL,NULL,NULL,0,NULL,NULL,NULL,NULL,NULL,NULL,NULL,NULL,NULL),(15,5,0,0,1,225,'Asteroid',NULL,'',45,0,0,4,0,0,2,0,0,5,0,NULL,0,NULL,NULL,NULL,NULL,0,NULL,NULL,NULL,NULL,NULL,NULL,NULL,NULL,NULL),(16,5,0,0,3,246,'Jumpgate',NULL,'',54,0,0,0,0,0,0,0,0,0,0,NULL,0,NULL,NULL,NULL,NULL,0,NULL,NULL,NULL,NULL,NULL,NULL,NULL,NULL,NULL),(17,5,0,0,1,180,'Asteroid',NULL,'',37,0,0,1,0,0,1,0,0,2,0,NULL,0,NULL,NULL,NULL,NULL,0,NULL,NULL,NULL,NULL,NULL,NULL,NULL,NULL,NULL),(18,5,0,0,2,210,'Asteroid',NULL,'',50,0,0,4,0,0,5,0,0,2,0,NULL,0,NULL,NULL,NULL,NULL,0,NULL,NULL,NULL,NULL,NULL,NULL,NULL,NULL,NULL),(19,5,0,0,2,60,'Asteroid',NULL,'',31,0,0,4,0,0,4,0,0,2,0,NULL,0,NULL,NULL,NULL,NULL,0,NULL,NULL,NULL,NULL,NULL,NULL,NULL,NULL,NULL),(20,5,0,0,1,0,'Asteroid',NULL,'',48,0,0,4,0,0,2,0,0,3,0,NULL,0,NULL,NULL,NULL,NULL,0,NULL,NULL,NULL,NULL,NULL,NULL,NULL,NULL,NULL),(21,5,0,0,1,270,'Asteroid',NULL,'',55,0,0,5,0,0,3,0,0,3,0,NULL,0,NULL,NULL,NULL,NULL,0,NULL,NULL,NULL,NULL,NULL,NULL,NULL,NULL,NULL),(22,5,0,0,1,90,'Asteroid',NULL,'',48,0,0,5,0,0,2,0,0,5,0,NULL,0,NULL,NULL,NULL,NULL,0,NULL,NULL,NULL,NULL,NULL,NULL,NULL,NULL,NULL),(23,5,0,0,3,180,'Jumpgate',NULL,'',43,0,0,0,0,0,0,0,0,0,0,NULL,0,NULL,NULL,NULL,NULL,0,NULL,NULL,NULL,NULL,NULL,NULL,NULL,NULL,NULL),(24,5,27,31,2,180,'Planet',NULL,'P-24',49,1,0,0,0,0,0,0,0,0,0,'2011-05-27 13:18:30',0,NULL,NULL,NULL,NULL,0,NULL,NULL,NULL,NULL,NULL,NULL,NULL,NULL,NULL),(25,5,26,25,1,135,'Planet',NULL,'P-25',46,2,0,0,0,0,0,0,0,0,0,'2011-05-27 13:18:30',0,NULL,NULL,NULL,NULL,0,NULL,NULL,NULL,NULL,NULL,NULL,NULL,NULL,NULL),(26,5,0,0,3,0,'Jumpgate',NULL,'',33,0,0,0,0,0,0,0,0,0,0,NULL,0,NULL,NULL,NULL,NULL,0,NULL,NULL,NULL,NULL,NULL,NULL,NULL,NULL,NULL),(27,5,0,0,2,0,'Asteroid',NULL,'',46,0,0,3,0,0,5,0,0,5,0,NULL,0,NULL,NULL,NULL,NULL,0,NULL,NULL,NULL,NULL,NULL,NULL,NULL,NULL,NULL),(28,5,26,30,0,180,'Planet',NULL,'P-28',48,0,0,0,0,0,0,0,0,0,0,'2011-05-27 13:18:30',0,NULL,NULL,NULL,NULL,0,NULL,NULL,NULL,NULL,NULL,NULL,NULL,NULL,NULL),(29,5,0,0,2,300,'Asteroid',NULL,'',43,0,0,3,0,0,4,0,0,3,0,NULL,0,NULL,NULL,NULL,NULL,0,NULL,NULL,NULL,NULL,NULL,NULL,NULL,NULL,NULL),(30,8,0,0,1,45,'Asteroid',NULL,'',34,0,0,2,0,0,2,0,0,2,0,NULL,0,NULL,NULL,NULL,NULL,0,NULL,NULL,NULL,NULL,NULL,NULL,NULL,NULL,NULL),(31,8,0,0,1,225,'Asteroid',NULL,'',35,0,0,5,0,0,2,0,0,3,0,NULL,0,NULL,NULL,NULL,NULL,0,NULL,NULL,NULL,NULL,NULL,NULL,NULL,NULL,NULL),(32,8,0,0,2,90,'Asteroid',NULL,'',42,0,0,5,0,0,3,0,0,5,0,NULL,0,NULL,NULL,NULL,NULL,0,NULL,NULL,NULL,NULL,NULL,NULL,NULL,NULL,NULL),(33,8,0,0,2,120,'Asteroid',NULL,'',39,0,0,4,0,0,3,0,0,3,0,NULL,0,NULL,NULL,NULL,NULL,0,NULL,NULL,NULL,NULL,NULL,NULL,NULL,NULL,NULL),(34,8,0,0,3,246,'Jumpgate',NULL,'',28,0,0,0,0,0,0,0,0,0,0,NULL,0,NULL,NULL,NULL,NULL,0,NULL,NULL,NULL,NULL,NULL,NULL,NULL,NULL,NULL),(35,8,0,0,1,180,'Asteroid',NULL,'',34,0,0,5,0,0,5,0,0,5,0,NULL,0,NULL,NULL,NULL,NULL,0,NULL,NULL,NULL,NULL,NULL,NULL,NULL,NULL,NULL),(36,8,0,0,2,210,'Asteroid',NULL,'',53,0,0,2,0,0,4,0,0,2,0,NULL,0,NULL,NULL,NULL,NULL,0,NULL,NULL,NULL,NULL,NULL,NULL,NULL,NULL,NULL),(37,8,0,0,3,156,'Jumpgate',NULL,'',48,0,0,0,0,0,0,0,0,0,0,NULL,0,NULL,NULL,NULL,NULL,0,NULL,NULL,NULL,NULL,NULL,NULL,NULL,NULL,NULL),(38,8,0,0,1,315,'Asteroid',NULL,'',30,0,0,5,0,0,2,0,0,5,0,NULL,0,NULL,NULL,NULL,NULL,0,NULL,NULL,NULL,NULL,NULL,NULL,NULL,NULL,NULL),(39,8,0,0,2,240,'Asteroid',NULL,'',58,0,0,3,0,0,3,0,0,4,0,NULL,0,NULL,NULL,NULL,NULL,0,NULL,NULL,NULL,NULL,NULL,NULL,NULL,NULL,NULL),(40,8,0,0,2,60,'Asteroid',NULL,'',25,0,0,4,0,0,3,0,0,4,0,NULL,0,NULL,NULL,NULL,NULL,0,NULL,NULL,NULL,NULL,NULL,NULL,NULL,NULL,NULL),(41,8,0,0,1,0,'Asteroid',NULL,'',45,0,0,2,0,0,2,0,0,1,0,NULL,0,NULL,NULL,NULL,NULL,0,NULL,NULL,NULL,NULL,NULL,NULL,NULL,NULL,NULL),(42,8,0,0,1,270,'Asteroid',NULL,'',54,0,0,2,0,0,2,0,0,2,0,NULL,0,NULL,NULL,NULL,NULL,0,NULL,NULL,NULL,NULL,NULL,NULL,NULL,NULL,NULL),(43,8,0,0,2,180,'Asteroid',NULL,'',40,0,0,2,0,0,2,0,0,1,0,NULL,0,NULL,NULL,NULL,NULL,0,NULL,NULL,NULL,NULL,NULL,NULL,NULL,NULL,NULL),(44,8,0,0,0,90,'Asteroid',NULL,'',31,0,0,1,0,0,1,0,0,2,0,NULL,0,NULL,NULL,NULL,NULL,0,NULL,NULL,NULL,NULL,NULL,NULL,NULL,NULL,NULL),(45,8,0,0,3,270,'Jumpgate',NULL,'',44,0,0,0,0,0,0,0,0,0,0,NULL,0,NULL,NULL,NULL,NULL,0,NULL,NULL,NULL,NULL,NULL,NULL,NULL,NULL,NULL),(46,8,0,0,2,0,'Asteroid',NULL,'',34,0,0,2,0,0,2,0,0,3,0,NULL,0,NULL,NULL,NULL,NULL,0,NULL,NULL,NULL,NULL,NULL,NULL,NULL,NULL,NULL),(47,8,0,0,0,180,'Asteroid',NULL,'',47,0,0,2,0,0,2,0,0,2,0,NULL,0,NULL,NULL,NULL,NULL,0,NULL,NULL,NULL,NULL,NULL,NULL,NULL,NULL,NULL),(48,8,0,0,2,300,'Asteroid',NULL,'',25,0,0,3,0,0,3,0,0,2,0,NULL,0,NULL,NULL,NULL,NULL,0,NULL,NULL,NULL,NULL,NULL,NULL,NULL,NULL,NULL),(49,8,30,27,0,0,'Planet',NULL,'P-49',48,2,0,0,0,0,0,0,0,0,0,'2011-05-27 13:18:30',0,NULL,NULL,NULL,NULL,0,NULL,NULL,NULL,NULL,NULL,NULL,NULL,NULL,NULL),(50,9,0,0,1,45,'Asteroid',NULL,'',49,0,0,2,0,0,2,0,0,2,0,NULL,0,NULL,NULL,NULL,NULL,0,NULL,NULL,NULL,NULL,NULL,NULL,NULL,NULL,NULL),(51,9,0,0,2,90,'Asteroid',NULL,'',58,0,0,1,0,0,2,0,0,1,0,NULL,0,NULL,NULL,NULL,NULL,0,NULL,NULL,NULL,NULL,NULL,NULL,NULL,NULL,NULL),(52,9,0,0,1,225,'Asteroid',NULL,'',40,0,0,2,0,0,1,0,0,1,0,NULL,0,NULL,NULL,NULL,NULL,0,NULL,NULL,NULL,NULL,NULL,NULL,NULL,NULL,NULL),(53,9,0,0,2,120,'Asteroid',NULL,'',35,0,0,5,0,0,2,0,0,2,0,NULL,0,NULL,NULL,NULL,NULL,0,NULL,NULL,NULL,NULL,NULL,NULL,NULL,NULL,NULL),(54,9,0,0,3,246,'Jumpgate',NULL,'',34,0,0,0,0,0,0,0,0,0,0,NULL,0,NULL,NULL,NULL,NULL,0,NULL,NULL,NULL,NULL,NULL,NULL,NULL,NULL,NULL),(55,9,0,0,1,180,'Asteroid',NULL,'',48,0,0,3,0,0,3,0,0,5,0,NULL,0,NULL,NULL,NULL,NULL,0,NULL,NULL,NULL,NULL,NULL,NULL,NULL,NULL,NULL),(56,9,31,30,2,210,'Planet',NULL,'P-56',50,0,0,0,0,0,0,0,0,0,0,'2011-05-27 13:18:30',0,NULL,NULL,NULL,NULL,0,NULL,NULL,NULL,NULL,NULL,NULL,NULL,NULL,NULL),(57,9,0,0,1,315,'Asteroid',NULL,'',39,0,0,2,0,0,2,0,0,1,0,NULL,0,NULL,NULL,NULL,NULL,0,NULL,NULL,NULL,NULL,NULL,NULL,NULL,NULL,NULL),(58,9,0,0,3,224,'Jumpgate',NULL,'',38,0,0,0,0,0,0,0,0,0,0,NULL,0,NULL,NULL,NULL,NULL,0,NULL,NULL,NULL,NULL,NULL,NULL,NULL,NULL,NULL),(59,9,0,0,2,60,'Asteroid',NULL,'',38,0,0,1,0,0,2,0,0,1,0,NULL,0,NULL,NULL,NULL,NULL,0,NULL,NULL,NULL,NULL,NULL,NULL,NULL,NULL,NULL),(60,9,0,0,1,0,'Asteroid',NULL,'',41,0,0,1,0,0,2,0,0,2,0,NULL,0,NULL,NULL,NULL,NULL,0,NULL,NULL,NULL,NULL,NULL,NULL,NULL,NULL,NULL),(61,9,0,0,2,150,'Asteroid',NULL,'',49,0,0,5,0,0,5,0,0,2,0,NULL,0,NULL,NULL,NULL,NULL,0,NULL,NULL,NULL,NULL,NULL,NULL,NULL,NULL,NULL),(62,9,0,0,2,30,'Asteroid',NULL,'',26,0,0,5,0,0,5,0,0,5,0,NULL,0,NULL,NULL,NULL,NULL,0,NULL,NULL,NULL,NULL,NULL,NULL,NULL,NULL,NULL),(63,9,29,26,0,90,'Planet',NULL,'P-63',48,2,0,0,0,0,0,0,0,0,0,'2011-05-27 13:18:30',0,NULL,NULL,NULL,NULL,0,NULL,NULL,NULL,NULL,NULL,NULL,NULL,NULL,NULL),(64,9,0,0,1,135,'Asteroid',NULL,'',41,0,0,1,0,0,1,0,0,1,0,NULL,0,NULL,NULL,NULL,NULL,0,NULL,NULL,NULL,NULL,NULL,NULL,NULL,NULL,NULL),(65,9,0,0,2,330,'Asteroid',NULL,'',50,0,0,2,0,0,2,0,0,1,0,NULL,0,NULL,NULL,NULL,NULL,0,NULL,NULL,NULL,NULL,NULL,NULL,NULL,NULL,NULL),(66,9,0,0,0,270,'Asteroid',NULL,'',40,0,0,5,0,0,2,0,0,3,0,NULL,0,NULL,NULL,NULL,NULL,0,NULL,NULL,NULL,NULL,NULL,NULL,NULL,NULL,NULL),(67,9,0,0,0,180,'Asteroid',NULL,'',58,0,0,1,0,0,1,0,0,2,0,NULL,0,NULL,NULL,NULL,NULL,0,NULL,NULL,NULL,NULL,NULL,NULL,NULL,NULL,NULL),(68,10,0,0,1,45,'Asteroid',NULL,'',45,0,0,2,0,0,2,0,0,2,0,NULL,0,NULL,NULL,NULL,NULL,0,NULL,NULL,NULL,NULL,NULL,NULL,NULL,NULL,NULL),(69,10,0,0,2,120,'Asteroid',NULL,'',46,0,0,2,0,0,2,0,0,5,0,NULL,0,NULL,NULL,NULL,NULL,0,NULL,NULL,NULL,NULL,NULL,NULL,NULL,NULL,NULL),(70,10,0,0,1,180,'Asteroid',NULL,'',30,0,0,1,0,0,2,0,0,1,0,NULL,0,NULL,NULL,NULL,NULL,0,NULL,NULL,NULL,NULL,NULL,NULL,NULL,NULL,NULL),(71,10,0,0,2,210,'Asteroid',NULL,'',35,0,0,2,0,0,1,0,0,2,0,NULL,0,NULL,NULL,NULL,NULL,0,NULL,NULL,NULL,NULL,NULL,NULL,NULL,NULL,NULL),(72,10,0,0,2,60,'Asteroid',NULL,'',31,0,0,3,0,0,2,0,0,4,0,NULL,0,NULL,NULL,NULL,NULL,0,NULL,NULL,NULL,NULL,NULL,NULL,NULL,NULL,NULL),(73,10,0,0,1,270,'Asteroid',NULL,'',27,0,0,1,0,0,2,0,0,2,0,NULL,0,NULL,NULL,NULL,NULL,0,NULL,NULL,NULL,NULL,NULL,NULL,NULL,NULL,NULL),(74,10,0,0,3,112,'Jumpgate',NULL,'',30,0,0,0,0,0,0,0,0,0,0,NULL,0,NULL,NULL,NULL,NULL,0,NULL,NULL,NULL,NULL,NULL,NULL,NULL,NULL,NULL),(75,10,0,0,1,90,'Asteroid',NULL,'',26,0,0,2,0,0,3,0,0,3,0,NULL,0,NULL,NULL,NULL,NULL,0,NULL,NULL,NULL,NULL,NULL,NULL,NULL,NULL,NULL),(76,10,0,0,2,150,'Asteroid',NULL,'',41,0,0,3,0,0,3,0,0,3,0,NULL,0,NULL,NULL,NULL,NULL,0,NULL,NULL,NULL,NULL,NULL,NULL,NULL,NULL,NULL),(77,10,0,0,2,180,'Asteroid',NULL,'',45,0,0,2,0,0,1,0,0,1,0,NULL,0,NULL,NULL,NULL,NULL,0,NULL,NULL,NULL,NULL,NULL,NULL,NULL,NULL,NULL),(78,10,33,27,2,330,'Planet',NULL,'P-78',50,2,0,0,0,0,0,0,0,0,0,'2011-05-27 13:18:30',0,NULL,NULL,NULL,NULL,0,NULL,NULL,NULL,NULL,NULL,NULL,NULL,NULL,NULL),(79,10,0,0,0,180,'Asteroid',NULL,'',31,0,0,2,0,0,1,0,0,1,0,NULL,0,NULL,NULL,NULL,NULL,0,NULL,NULL,NULL,NULL,NULL,NULL,NULL,NULL,NULL),(80,10,30,30,0,0,'Planet',1,'P-80',50,0,3186.11,139.5,9654.87,7042.03,308.5,21339.5,0,0,2622.17,'2011-05-27 13:18:30',0,NULL,NULL,NULL,NULL,0,NULL,NULL,NULL,NULL,NULL,NULL,NULL,NULL,NULL),(81,11,0,0,3,22,'Jumpgate',NULL,'',43,0,0,0,0,0,0,0,0,0,0,NULL,0,NULL,NULL,NULL,NULL,0,NULL,NULL,NULL,NULL,NULL,NULL,NULL,NULL,NULL),(82,11,0,0,3,270,'Jumpgate',NULL,'',41,0,0,0,0,0,0,0,0,0,0,NULL,0,NULL,NULL,NULL,NULL,0,NULL,NULL,NULL,NULL,NULL,NULL,NULL,NULL,NULL),(83,11,23,13,0,270,'Planet',NULL,'Inculta-83',40,1,0,0,100000,0,0,200000,0,0,25000,NULL,0,NULL,NULL,NULL,NULL,1,NULL,NULL,NULL,NULL,NULL,NULL,NULL,NULL,NULL),(84,11,0,0,3,134,'Jumpgate',NULL,'',46,0,0,0,0,0,0,0,0,0,0,NULL,0,NULL,NULL,NULL,NULL,0,NULL,NULL,NULL,NULL,NULL,NULL,NULL,NULL,NULL);
/*!40000 ALTER TABLE `ss_objects` ENABLE KEYS */;
UNLOCK TABLES;

--
-- Table structure for table `technologies`
--

DROP TABLE IF EXISTS `technologies`;
/*!40101 SET @saved_cs_client     = @@character_set_client */;
/*!40101 SET character_set_client = utf8 */;
CREATE TABLE `technologies` (
  `id` int(11) NOT NULL AUTO_INCREMENT,
  `upgrade_ends_at` datetime DEFAULT NULL,
  `pause_remainder` int(10) unsigned DEFAULT NULL,
  `scientists` int(10) unsigned DEFAULT '0',
  `level` tinyint(2) unsigned NOT NULL,
  `player_id` int(11) NOT NULL,
  `type` varchar(50) NOT NULL,
  `pause_scientists` int(10) unsigned DEFAULT NULL,
  `speed_up` tinyint(1) NOT NULL DEFAULT '0',
  PRIMARY KEY (`id`),
  UNIQUE KEY `main` (`player_id`,`type`,`level`),
  UNIQUE KEY `type_by_player` (`player_id`,`type`,`level`),
  UNIQUE KEY `ensure_uniqueness` (`player_id`,`type`),
  KEY `upgrading` (`player_id`,`upgrade_ends_at`),
  CONSTRAINT `technologies_ibfk_1` FOREIGN KEY (`player_id`) REFERENCES `players` (`id`) ON DELETE CASCADE
) ENGINE=InnoDB DEFAULT CHARSET=utf8;
/*!40101 SET character_set_client = @saved_cs_client */;

--
-- Dumping data for table `technologies`
--

LOCK TABLES `technologies` WRITE;
/*!40000 ALTER TABLE `technologies` DISABLE KEYS */;
/*!40000 ALTER TABLE `technologies` ENABLE KEYS */;
UNLOCK TABLES;

--
-- Table structure for table `tiles`
--

DROP TABLE IF EXISTS `tiles`;
/*!40101 SET @saved_cs_client     = @@character_set_client */;
/*!40101 SET character_set_client = utf8 */;
CREATE TABLE `tiles` (
  `kind` tinyint(2) unsigned NOT NULL DEFAULT '0',
  `planet_id` int(11) NOT NULL,
  `x` tinyint(2) unsigned NOT NULL DEFAULT '0',
  `y` tinyint(2) unsigned NOT NULL DEFAULT '0',
  UNIQUE KEY `uniqueness` (`planet_id`,`x`,`y`),
  CONSTRAINT `tiles_ibfk_1` FOREIGN KEY (`planet_id`) REFERENCES `ss_objects` (`id`) ON DELETE CASCADE
) ENGINE=InnoDB DEFAULT CHARSET=utf8;
/*!40101 SET character_set_client = @saved_cs_client */;

--
-- Dumping data for table `tiles`
--

LOCK TABLES `tiles` WRITE;
/*!40000 ALTER TABLE `tiles` DISABLE KEYS */;
INSERT INTO `tiles` VALUES (14,1,0,8),(13,1,1,0),(8,1,7,3),(8,1,10,10),(13,1,11,1),(13,1,14,10),(9,1,18,0),(9,1,19,5),(9,4,5,11),(12,4,9,1),(13,4,9,8),(13,5,0,0),(8,5,0,7),(8,5,2,3),(10,5,7,0),(9,5,7,12),(12,5,14,0),(14,5,14,7),(9,7,5,11),(12,7,9,1),(13,7,9,8),(9,11,5,11),(12,11,9,1),(13,11,9,8),(3,24,0,3),(3,24,0,4),(3,24,0,5),(3,24,0,7),(9,24,0,8),(6,24,0,11),(6,24,0,12),(6,24,0,13),(6,24,0,14),(6,24,0,15),(6,24,0,16),(6,24,0,17),(3,24,0,18),(3,24,0,19),(3,24,0,20),(3,24,0,21),(4,24,0,22),(4,24,1,4),(3,24,1,5),(3,24,1,6),(3,24,1,7),(6,24,1,11),(6,24,1,13),(6,24,1,14),(6,24,1,16),(0,24,1,17),(3,24,1,19),(3,24,1,20),(4,24,1,21),(4,24,1,22),(4,24,1,23),(4,24,1,24),(4,24,2,2),(4,24,2,3),(4,24,2,4),(3,24,2,5),(3,24,2,6),(3,24,2,7),(6,24,2,11),(3,24,2,13),(3,24,2,14),(3,24,2,15),(6,24,2,16),(6,24,2,19),(3,24,2,20),(6,24,2,21),(4,24,2,22),(4,24,2,23),(4,24,3,2),(3,24,3,4),(3,24,3,5),(3,24,3,6),(3,24,3,7),(3,24,3,13),(3,24,3,14),(3,24,3,15),(6,24,3,16),(6,24,3,17),(6,24,3,18),(6,24,3,19),(6,24,3,20),(6,24,3,21),(4,24,3,22),(4,24,3,23),(4,24,3,24),(4,24,4,2),(4,24,4,3),(12,24,4,4),(3,24,4,13),(3,24,4,14),(3,24,4,15),(3,24,4,16),(3,24,4,17),(6,24,4,18),(4,24,4,19),(6,24,4,20),(4,24,4,21),(4,24,4,23),(4,24,4,24),(4,24,4,25),(4,24,5,0),(4,24,5,1),(4,24,5,2),(4,24,5,3),(3,24,5,14),(3,24,5,15),(6,24,5,16),(6,24,5,17),(6,24,5,18),(4,24,5,19),(6,24,5,20),(4,24,5,21),(0,24,5,22),(4,24,5,24),(4,24,6,0),(4,24,6,1),(3,24,6,15),(6,24,6,17),(4,24,6,18),(4,24,6,19),(4,24,6,20),(4,24,6,21),(4,24,7,0),(4,24,7,18),(4,24,7,19),(4,24,7,20),(4,24,7,21),(0,24,8,18),(4,24,8,20),(4,24,8,21),(5,24,12,3),(5,24,13,0),(5,24,13,1),(5,24,13,2),(5,24,13,3),(2,24,13,11),(4,24,13,24),(5,24,14,0),(5,24,14,1),(5,24,14,2),(5,24,14,3),(4,24,14,24),(4,24,14,25),(4,24,14,26),(4,24,14,27),(5,24,15,1),(5,24,15,2),(5,24,15,3),(4,24,15,24),(4,24,15,25),(4,24,15,26),(4,24,15,27),(5,24,16,0),(5,24,16,1),(5,24,16,2),(5,24,16,20),(5,24,16,21),(5,24,16,22),(4,24,16,23),(4,24,16,24),(4,24,16,25),(4,24,16,26),(5,24,17,0),(5,24,17,1),(5,24,17,2),(2,24,17,9),(14,24,17,12),(5,24,17,18),(5,24,17,19),(5,24,17,20),(5,24,17,21),(5,24,17,22),(4,24,17,24),(3,24,18,8),(5,24,18,19),(5,24,18,20),(5,24,18,21),(3,24,19,7),(3,24,19,8),(5,24,19,17),(5,24,19,18),(5,24,19,19),(5,24,19,20),(6,24,20,0),(6,24,20,1),(6,24,20,2),(6,24,20,3),(3,24,20,6),(3,24,20,7),(3,24,20,8),(3,24,20,9),(3,24,20,10),(3,24,20,13),(5,24,20,18),(5,24,20,19),(5,24,20,20),(4,24,20,25),(4,24,20,26),(4,24,20,27),(4,24,20,28),(6,24,21,1),(6,24,21,2),(6,24,21,3),(2,24,21,5),(3,24,21,7),(3,24,21,8),(3,24,21,12),(3,24,21,13),(3,24,21,14),(0,24,21,17),(4,24,21,25),(4,24,21,27),(4,24,21,28),(4,24,21,29),(6,24,22,0),(6,24,22,1),(6,24,22,3),(3,24,22,7),(3,24,22,8),(3,24,22,11),(3,24,22,12),(3,24,22,13),(3,24,22,14),(4,24,22,26),(4,24,22,27),(4,24,22,28),(4,24,22,29),(4,24,22,30),(6,24,23,0),(6,24,23,1),(6,24,23,2),(3,24,23,6),(3,24,23,7),(3,24,23,12),(3,24,23,14),(3,24,23,15),(4,24,23,27),(5,24,24,0),(6,24,24,1),(5,24,24,2),(5,24,24,3),(5,24,24,4),(5,24,24,5),(3,24,24,10),(3,24,24,11),(3,24,24,12),(2,24,24,27),(5,24,25,0),(5,24,25,1),(5,24,25,2),(5,24,25,3),(5,24,25,4),(5,24,25,5),(5,24,25,6),(5,24,26,0),(5,24,26,1),(5,24,26,2),(5,24,26,3),(5,24,26,4),(5,24,26,5),(3,25,0,5),(4,25,0,18),(4,25,0,20),(6,25,0,22),(6,25,0,23),(6,25,0,24),(3,25,1,4),(3,25,1,5),(4,25,1,15),(4,25,1,16),(4,25,1,17),(4,25,1,18),(4,25,1,19),(4,25,1,20),(6,25,1,23),(3,25,2,5),(4,25,2,19),(4,25,2,20),(4,25,2,21),(6,25,2,23),(6,25,2,24),(3,25,3,4),(3,25,3,5),(4,25,3,19),(4,25,3,20),(4,25,3,21),(4,25,3,22),(3,25,4,5),(14,25,4,19),(3,25,5,4),(3,25,5,5),(3,25,6,5),(0,25,7,6),(6,25,7,8),(6,25,7,9),(3,25,7,22),(6,25,8,8),(6,25,8,9),(5,25,8,15),(5,25,8,16),(3,25,8,22),(3,25,8,23),(3,25,8,24),(6,25,9,8),(6,25,9,9),(3,25,9,21),(3,25,9,22),(3,25,9,23),(3,25,9,24),(3,25,10,22),(3,25,10,24),(0,25,11,2),(2,25,11,21),(5,25,12,0),(5,25,12,1),(13,25,12,18),(4,25,12,24),(5,25,13,0),(5,25,13,1),(5,25,13,2),(4,25,13,20),(4,25,13,21),(4,25,13,22),(4,25,13,23),(4,25,13,24),(5,25,14,1),(5,25,14,2),(4,25,14,20),(4,25,14,21),(4,25,14,22),(4,25,14,23),(4,25,14,24),(0,25,15,9),(4,25,15,20),(4,25,15,21),(0,25,15,22),(3,25,16,2),(3,25,16,3),(3,25,16,4),(3,25,16,5),(4,25,16,20),(4,25,16,21),(3,25,17,2),(3,25,17,3),(3,25,17,4),(5,25,17,16),(5,25,17,17),(3,25,18,2),(3,25,18,3),(3,25,18,4),(3,25,18,5),(9,25,18,9),(0,25,18,13),(5,25,18,17),(5,25,18,18),(5,25,18,19),(6,25,18,20),(10,25,18,21),(3,25,19,1),(3,25,19,2),(3,25,19,3),(3,25,19,4),(6,25,19,8),(5,25,19,15),(5,25,19,16),(5,25,19,17),(0,25,19,18),(6,25,19,20),(0,25,20,1),(3,25,20,3),(3,25,20,4),(3,25,20,5),(6,25,20,6),(6,25,20,7),(6,25,20,8),(5,25,20,15),(5,25,20,16),(6,25,20,20),(3,25,21,3),(3,25,21,4),(5,25,21,5),(6,25,21,7),(6,25,21,8),(5,25,21,15),(5,25,21,16),(5,25,21,17),(6,25,21,20),(5,25,22,2),(5,25,22,3),(5,25,22,4),(5,25,22,5),(5,25,22,6),(4,25,22,10),(4,25,22,11),(5,25,22,16),(6,25,22,20),(6,25,22,21),(5,25,23,3),(6,25,23,5),(2,25,23,8),(4,25,23,10),(4,25,23,11),(4,25,23,12),(3,25,23,15),(0,25,23,16),(6,25,24,5),(6,25,24,6),(4,25,24,7),(4,25,24,10),(4,25,24,11),(4,25,24,12),(3,25,24,14),(3,25,24,15),(6,25,25,4),(6,25,25,5),(6,25,25,6),(4,25,25,7),(4,25,25,8),(4,25,25,9),(4,25,25,10),(4,25,25,11),(4,25,25,12),(3,25,25,14),(3,25,25,15),(3,25,25,16),(3,25,25,17),(3,25,25,18),(3,25,25,19),(3,25,25,20),(3,28,0,14),(3,28,0,17),(3,28,0,19),(5,28,0,29),(10,28,1,6),(3,28,1,13),(3,28,1,14),(3,28,1,15),(3,28,1,16),(3,28,1,17),(3,28,1,18),(3,28,1,19),(2,28,1,27),(5,28,1,29),(3,28,2,14),(3,28,2,15),(3,28,2,16),(0,28,2,17),(3,28,2,19),(5,28,2,29),(3,28,3,16),(6,28,3,19),(6,28,3,20),(6,28,3,21),(6,28,3,22),(5,28,3,28),(5,28,3,29),(3,28,4,16),(6,28,4,21),(5,28,4,24),(5,28,4,28),(5,28,4,29),(6,28,5,21),(5,28,5,22),(5,28,5,23),(5,28,5,24),(5,28,5,25),(5,28,5,26),(5,28,5,27),(5,28,5,28),(5,28,5,29),(0,28,6,12),(2,28,6,18),(0,28,6,24),(5,28,6,26),(5,28,6,27),(5,28,6,28),(5,28,6,29),(5,28,7,26),(4,28,7,27),(5,28,7,28),(5,28,7,29),(4,28,8,13),(4,28,8,14),(4,28,8,18),(4,28,8,21),(4,28,8,22),(4,28,8,23),(4,28,8,24),(4,28,8,25),(4,28,8,26),(4,28,8,27),(5,28,8,28),(5,28,8,29),(4,28,9,14),(4,28,9,15),(4,28,9,16),(4,28,9,17),(4,28,9,18),(6,28,9,21),(4,28,9,25),(4,28,9,26),(4,28,9,27),(4,28,9,28),(5,28,9,29),(4,28,10,14),(4,28,10,15),(4,28,10,16),(4,28,10,17),(6,28,10,20),(6,28,10,21),(0,28,10,23),(4,28,10,25),(4,28,10,26),(4,28,10,27),(4,28,10,28),(3,28,11,1),(4,28,11,14),(4,28,11,15),(4,28,11,16),(4,28,11,17),(4,28,11,20),(6,28,11,21),(6,28,11,22),(4,28,11,26),(4,28,11,27),(3,28,12,1),(3,28,12,2),(4,28,12,15),(4,28,12,16),(4,28,12,17),(4,28,12,18),(4,28,12,19),(4,28,12,20),(4,28,12,21),(6,28,12,22),(4,28,12,24),(4,28,12,25),(4,28,12,26),(4,28,12,27),(3,28,13,0),(3,28,13,1),(3,28,13,3),(4,28,13,17),(0,28,13,18),(4,28,13,20),(4,28,13,23),(4,28,13,24),(4,28,13,25),(4,28,13,26),(5,28,13,27),(5,28,13,28),(5,28,13,29),(3,28,14,0),(3,28,14,1),(3,28,14,2),(3,28,14,3),(3,28,14,4),(3,28,14,5),(4,28,14,17),(4,28,14,20),(4,28,14,22),(5,28,14,23),(5,28,14,24),(5,28,14,25),(5,28,14,26),(5,28,14,27),(5,28,14,29),(3,28,15,0),(3,28,15,1),(3,28,15,2),(0,28,15,3),(6,28,15,11),(4,28,15,18),(4,28,15,19),(4,28,15,20),(4,28,15,21),(4,28,15,22),(5,28,15,23),(5,28,15,24),(5,28,15,25),(5,28,15,26),(0,28,15,27),(3,28,16,0),(6,28,16,10),(6,28,16,11),(4,28,16,19),(4,28,16,20),(4,28,16,21),(4,28,16,22),(4,28,16,23),(4,28,16,24),(5,28,16,25),(5,28,16,26),(6,28,17,2),(6,28,17,3),(6,28,17,4),(6,28,17,11),(4,28,17,19),(4,28,17,20),(4,28,17,21),(4,28,17,22),(5,28,17,23),(5,28,17,24),(5,28,17,25),(5,28,17,26),(5,28,17,27),(5,28,17,28),(5,28,17,29),(6,28,18,3),(6,28,18,11),(6,28,18,12),(14,28,18,13),(2,28,18,18),(4,28,18,21),(5,28,18,24),(5,28,18,27),(5,28,18,28),(6,28,19,3),(4,28,19,20),(4,28,19,21),(4,28,19,22),(5,28,19,23),(5,28,19,24),(5,28,19,27),(5,28,19,28),(5,28,19,29),(6,28,20,3),(4,28,20,21),(4,28,20,22),(4,28,20,23),(5,28,20,24),(5,28,20,25),(5,28,20,26),(5,28,20,27),(5,28,20,28),(5,28,20,29),(4,28,21,21),(5,28,21,23),(5,28,21,24),(5,28,21,25),(5,28,21,26),(5,28,21,27),(5,28,21,28),(5,28,21,29),(3,28,22,20),(2,28,22,23),(5,28,22,25),(5,28,22,26),(9,28,22,27),(3,28,23,17),(3,28,23,19),(3,28,23,20),(5,28,23,25),(5,28,23,26),(3,28,24,17),(3,28,24,18),(3,28,24,19),(3,28,24,20),(5,28,24,24),(5,28,24,25),(5,28,24,26),(3,28,25,13),(3,28,25,14),(3,28,25,15),(3,28,25,16),(3,28,25,17),(3,28,25,18),(3,28,25,19),(3,28,25,20),(5,28,25,25),(5,28,25,26),(4,49,0,2),(4,49,0,3),(4,49,0,4),(5,49,0,5),(5,49,0,6),(5,49,0,7),(3,49,0,20),(3,49,0,21),(3,49,0,22),(3,49,0,23),(3,49,0,24),(3,49,0,25),(3,49,0,26),(4,49,1,0),(4,49,1,1),(4,49,1,2),(4,49,1,3),(4,49,1,4),(5,49,1,5),(5,49,1,6),(5,49,1,7),(5,49,1,8),(5,49,1,9),(3,49,1,22),(3,49,1,23),(3,49,1,24),(3,49,1,25),(3,49,1,26),(4,49,2,1),(4,49,2,2),(5,49,2,3),(5,49,2,4),(5,49,2,5),(5,49,2,6),(5,49,2,7),(6,49,2,8),(0,49,2,13),(3,49,2,22),(3,49,2,23),(3,49,2,24),(3,49,2,25),(3,49,2,26),(4,49,3,0),(4,49,3,1),(4,49,3,2),(5,49,3,3),(5,49,3,4),(5,49,3,5),(5,49,3,6),(5,49,3,7),(6,49,3,8),(6,49,3,9),(3,49,3,22),(3,49,3,23),(6,49,3,24),(6,49,3,25),(3,49,3,26),(5,49,4,1),(5,49,4,2),(5,49,4,3),(5,49,4,4),(5,49,4,5),(5,49,4,6),(5,49,4,7),(6,49,4,8),(4,49,4,12),(4,49,4,13),(6,49,4,22),(6,49,4,24),(6,49,4,25),(3,49,4,26),(5,49,5,4),(5,49,5,5),(5,49,5,6),(5,49,5,7),(6,49,5,8),(4,49,5,11),(4,49,5,12),(4,49,5,13),(4,49,5,14),(4,49,5,15),(4,49,5,16),(6,49,5,22),(6,49,5,23),(6,49,5,24),(3,49,5,25),(3,49,5,26),(1,49,6,4),(5,49,6,6),(6,49,6,7),(6,49,6,8),(2,49,6,9),(4,49,6,12),(4,49,6,13),(4,49,6,14),(4,49,6,15),(6,49,7,8),(4,49,7,13),(4,49,10,0),(14,49,10,1),(13,49,10,14),(4,49,11,0),(0,49,11,9),(4,49,11,19),(4,49,11,20),(4,49,12,0),(4,49,12,5),(5,49,12,12),(5,49,12,13),(4,49,12,19),(4,49,12,20),(4,49,13,0),(4,49,13,1),(4,49,13,2),(4,49,13,3),(4,49,13,4),(4,49,13,5),(4,49,13,6),(5,49,13,10),(5,49,13,11),(5,49,13,12),(5,49,13,13),(4,49,13,16),(4,49,13,17),(4,49,13,18),(4,49,13,19),(4,49,14,0),(4,49,14,2),(4,49,14,3),(4,49,14,4),(0,49,14,5),(5,49,14,11),(5,49,14,12),(5,49,14,13),(4,49,14,16),(4,49,14,17),(4,49,14,19),(4,49,15,0),(4,49,15,1),(4,49,15,2),(4,49,15,3),(4,49,15,4),(5,49,15,9),(5,49,15,10),(5,49,15,11),(5,49,15,12),(5,49,15,13),(4,49,15,16),(4,49,15,19),(4,49,16,2),(4,49,16,3),(4,49,16,4),(4,49,16,5),(5,49,16,11),(6,49,16,14),(6,49,16,16),(4,49,17,2),(4,49,17,3),(6,49,17,14),(6,49,17,15),(6,49,17,16),(6,49,17,17),(1,49,17,19),(5,49,18,14),(6,49,18,15),(6,49,18,16),(5,49,18,17),(5,49,18,18),(5,49,19,14),(5,49,19,15),(5,49,19,16),(5,49,19,17),(3,49,19,18),(3,49,19,19),(3,49,19,20),(3,49,19,21),(2,49,19,23),(3,49,20,12),(5,49,20,13),(5,49,20,14),(5,49,20,15),(5,49,20,16),(3,49,20,17),(3,49,20,18),(3,49,20,19),(3,49,20,20),(3,49,20,21),(3,49,21,12),(3,49,21,13),(3,49,21,14),(5,49,21,15),(5,49,21,16),(5,49,21,17),(3,49,21,18),(3,49,21,19),(3,49,21,20),(3,49,21,21),(3,49,21,22),(3,49,21,23),(10,49,22,4),(3,49,22,9),(3,49,22,10),(3,49,22,11),(3,49,22,12),(3,49,22,13),(3,49,22,14),(3,49,22,15),(3,49,22,16),(5,49,22,17),(3,49,22,19),(3,49,22,20),(3,49,22,22),(0,49,23,1),(3,49,23,8),(3,49,23,9),(3,49,23,10),(3,49,23,11),(3,49,23,12),(3,49,23,19),(3,49,23,20),(3,49,24,9),(3,49,24,10),(3,49,24,11),(3,49,24,12),(3,49,24,13),(3,49,24,19),(3,49,24,20),(3,49,24,21),(5,49,25,9),(3,49,25,10),(8,49,26,4),(5,49,26,7),(5,49,26,8),(5,49,26,9),(6,49,27,2),(6,49,27,3),(5,49,27,7),(5,49,27,8),(5,49,27,9),(6,49,28,1),(6,49,28,2),(6,49,28,3),(5,49,28,7),(5,49,28,8),(5,49,28,9),(6,49,29,1),(6,49,29,2),(6,49,29,3),(5,49,29,5),(5,49,29,6),(5,49,29,7),(5,49,29,8),(5,49,29,9),(3,56,0,7),(5,56,0,10),(5,56,0,11),(5,56,0,12),(5,56,0,13),(5,56,0,14),(5,56,0,15),(5,56,0,16),(5,56,0,17),(5,56,0,18),(5,56,0,19),(3,56,1,7),(5,56,1,9),(5,56,1,11),(5,56,1,12),(5,56,1,13),(5,56,1,14),(5,56,1,15),(5,56,1,16),(5,56,1,17),(5,56,1,19),(3,56,2,7),(5,56,2,8),(5,56,2,9),(5,56,2,10),(5,56,2,11),(5,56,2,12),(5,56,2,14),(5,56,2,15),(5,56,2,16),(5,56,2,17),(3,56,3,7),(3,56,3,8),(3,56,3,9),(3,56,3,10),(3,56,3,11),(5,56,3,12),(5,56,3,13),(5,56,3,16),(5,56,3,17),(3,56,4,9),(3,56,4,10),(3,56,4,11),(5,56,4,12),(5,56,4,14),(5,56,4,15),(5,56,4,16),(5,56,4,17),(3,56,5,9),(3,56,5,10),(3,56,5,11),(5,56,5,12),(5,56,5,13),(5,56,5,14),(5,56,5,16),(5,56,5,17),(3,56,6,9),(3,56,6,11),(3,56,6,12),(3,56,6,13),(3,56,7,9),(3,56,7,13),(14,56,7,14),(4,56,8,3),(0,56,8,10),(3,56,8,12),(3,56,8,13),(4,56,9,2),(4,56,9,3),(4,56,9,4),(4,56,9,5),(4,56,9,6),(3,56,9,12),(6,56,9,25),(4,56,10,3),(4,56,10,4),(4,56,10,5),(12,56,10,16),(6,56,10,24),(6,56,10,25),(4,56,11,2),(4,56,11,3),(6,56,11,23),(6,56,11,24),(6,56,11,25),(6,56,12,24),(6,56,12,25),(6,56,12,26),(6,56,12,27),(2,56,16,1),(6,56,16,5),(6,56,16,6),(6,56,17,3),(6,56,17,4),(6,56,17,5),(6,56,17,6),(0,56,17,27),(6,56,18,0),(6,56,18,1),(6,56,18,2),(6,56,18,3),(6,56,18,4),(10,56,18,18),(6,56,19,0),(6,56,19,1),(6,56,19,2),(6,56,19,4),(5,56,19,22),(5,56,19,23),(6,56,20,0),(2,56,20,1),(0,56,20,5),(6,56,20,7),(4,56,20,13),(4,56,20,14),(5,56,20,22),(5,56,20,23),(5,56,20,24),(5,56,20,25),(5,56,20,26),(5,56,20,27),(6,56,21,0),(6,56,21,7),(6,56,21,8),(6,56,21,9),(6,56,21,10),(4,56,21,12),(4,56,21,13),(4,56,21,14),(5,56,21,22),(4,56,21,23),(5,56,21,24),(5,56,21,26),(5,56,21,27),(5,56,21,28),(6,56,22,0),(6,56,22,1),(3,56,22,2),(6,56,22,7),(6,56,22,8),(4,56,22,13),(4,56,22,14),(4,56,22,15),(4,56,22,16),(5,56,22,22),(4,56,22,23),(5,56,22,24),(5,56,22,25),(5,56,22,26),(5,56,22,27),(5,56,22,28),(6,56,23,0),(3,56,23,1),(3,56,23,2),(3,56,23,3),(6,56,23,8),(6,56,23,9),(3,56,23,12),(3,56,23,14),(4,56,23,16),(4,56,23,17),(4,56,23,22),(4,56,23,23),(5,56,23,24),(4,56,23,25),(4,56,23,26),(5,56,23,27),(3,56,24,0),(3,56,24,1),(3,56,24,2),(3,56,24,3),(6,56,24,8),(5,56,24,9),(3,56,24,12),(3,56,24,13),(3,56,24,14),(3,56,24,15),(3,56,24,16),(3,56,24,17),(4,56,24,23),(4,56,24,24),(4,56,24,25),(4,56,24,26),(3,56,25,0),(3,56,25,1),(4,56,25,3),(4,56,25,4),(0,56,25,5),(5,56,25,7),(5,56,25,8),(5,56,25,9),(5,56,25,10),(3,56,25,11),(3,56,25,12),(3,56,25,13),(3,56,25,14),(3,56,25,15),(3,56,25,16),(3,56,25,17),(3,56,25,18),(5,56,25,19),(0,56,25,23),(6,56,25,25),(4,56,25,26),(3,56,26,0),(3,56,26,1),(3,56,26,2),(3,56,26,3),(4,56,26,4),(5,56,26,7),(5,56,26,8),(5,56,26,9),(3,56,26,11),(4,56,26,12),(4,56,26,13),(4,56,26,15),(3,56,26,16),(3,56,26,17),(5,56,26,19),(5,56,26,20),(6,56,26,25),(6,56,26,26),(3,56,27,0),(3,56,27,1),(3,56,27,2),(4,56,27,3),(4,56,27,4),(4,56,27,5),(4,56,27,6),(5,56,27,7),(5,56,27,8),(5,56,27,9),(3,56,27,10),(3,56,27,11),(4,56,27,12),(4,56,27,13),(4,56,27,14),(4,56,27,15),(4,56,27,16),(3,56,27,17),(5,56,27,20),(5,56,27,22),(5,56,27,24),(6,56,27,25),(6,56,27,26),(6,56,27,27),(6,56,27,28),(3,56,28,0),(3,56,28,1),(3,56,28,2),(4,56,28,4),(5,56,28,5),(5,56,28,6),(5,56,28,7),(5,56,28,8),(5,56,28,9),(4,56,28,12),(4,56,28,13),(4,56,28,15),(3,56,28,17),(5,56,28,19),(5,56,28,20),(5,56,28,21),(5,56,28,22),(5,56,28,23),(5,56,28,24),(5,56,28,25),(6,56,28,26),(2,56,28,27),(3,56,29,0),(3,56,29,1),(4,56,29,4),(5,56,29,5),(5,56,29,7),(5,56,29,19),(5,56,29,20),(5,56,29,21),(5,56,29,22),(5,56,29,24),(6,56,29,25),(6,56,29,26),(3,56,30,0),(4,56,30,4),(4,56,30,5),(5,56,30,6),(5,56,30,7),(5,56,30,8),(5,56,30,19),(5,56,30,20),(5,56,30,21),(5,63,0,24),(1,63,1,15),(5,63,1,24),(5,63,2,23),(5,63,2,24),(5,63,2,25),(5,63,3,23),(5,63,3,24),(5,63,3,25),(5,63,4,20),(5,63,4,21),(5,63,4,22),(5,63,4,23),(5,63,4,24),(5,63,4,25),(4,63,5,1),(4,63,5,2),(4,63,5,3),(0,63,5,5),(6,63,5,7),(6,63,5,8),(2,63,5,15),(5,63,5,20),(5,63,5,21),(5,63,5,22),(5,63,5,23),(5,63,5,24),(5,63,5,25),(4,63,6,0),(4,63,6,1),(4,63,6,2),(6,63,6,7),(4,63,6,10),(4,63,6,11),(5,63,6,20),(5,63,6,21),(5,63,6,22),(5,63,6,23),(5,63,6,24),(5,63,6,25),(4,63,7,0),(6,63,7,6),(6,63,7,7),(6,63,7,8),(4,63,7,11),(4,63,7,12),(5,63,7,21),(5,63,7,22),(5,63,7,23),(5,63,7,24),(5,63,7,25),(4,63,8,0),(4,63,8,1),(4,63,8,2),(4,63,8,3),(6,63,8,7),(6,63,8,8),(1,63,8,9),(4,63,8,11),(4,63,8,12),(4,63,8,13),(4,63,8,14),(5,63,8,21),(4,63,9,0),(3,63,9,3),(3,63,9,4),(3,63,9,5),(3,63,9,7),(4,63,9,12),(4,63,9,14),(3,63,9,15),(5,63,9,21),(4,63,10,0),(3,63,10,3),(3,63,10,4),(3,63,10,7),(3,63,10,8),(4,63,10,13),(4,63,10,14),(3,63,10,15),(5,63,10,21),(3,63,11,4),(3,63,11,7),(3,63,11,8),(3,63,11,9),(3,63,11,10),(4,63,11,13),(3,63,11,14),(3,63,11,15),(0,63,12,1),(3,63,12,4),(3,63,12,5),(3,63,12,7),(3,63,12,8),(3,63,12,15),(3,63,13,4),(3,63,13,15),(3,63,13,16),(3,63,13,17),(3,63,13,18),(3,63,13,19),(3,63,13,20),(6,63,14,0),(3,63,14,15),(3,63,14,16),(3,63,14,17),(3,63,14,18),(6,63,15,0),(6,63,15,3),(13,63,15,9),(8,63,15,13),(3,63,15,16),(3,63,15,17),(5,63,15,18),(5,63,15,19),(5,63,15,20),(6,63,16,0),(6,63,16,1),(6,63,16,2),(6,63,16,3),(3,63,16,16),(5,63,16,17),(5,63,16,18),(5,63,16,19),(5,63,16,20),(6,63,17,0),(5,63,17,1),(0,63,17,2),(5,63,17,18),(5,63,17,19),(5,63,17,20),(5,63,18,0),(5,63,18,1),(6,63,18,4),(6,63,18,5),(5,63,18,18),(5,63,18,19),(0,63,18,20),(5,63,19,0),(5,63,19,1),(5,63,19,2),(5,63,19,3),(6,63,19,5),(6,63,19,6),(5,63,19,17),(5,63,19,18),(5,63,19,19),(5,63,20,0),(5,63,20,1),(5,63,20,3),(6,63,20,5),(6,63,20,6),(6,63,20,7),(6,63,20,11),(5,63,20,16),(5,63,20,17),(5,63,21,0),(5,63,21,1),(6,63,21,5),(6,63,21,11),(11,63,21,12),(9,63,21,23),(5,63,22,0),(5,63,22,1),(3,63,22,6),(0,63,22,8),(6,63,22,10),(6,63,22,11),(5,63,23,0),(5,63,23,1),(4,63,23,3),(3,63,23,6),(6,63,23,10),(6,63,23,11),(5,63,24,0),(4,63,24,3),(3,63,24,6),(3,63,24,7),(3,63,24,8),(5,63,24,9),(6,63,24,10),(6,63,24,11),(4,63,25,2),(4,63,25,3),(4,63,25,4),(3,63,25,6),(3,63,25,7),(3,63,25,8),(5,63,25,9),(5,63,25,10),(5,63,25,11),(5,63,25,12),(5,63,25,13),(5,63,25,14),(5,63,25,15),(5,63,25,16),(5,63,25,17),(4,63,26,2),(4,63,26,3),(4,63,26,4),(3,63,26,7),(5,63,26,13),(2,63,26,14),(5,63,26,16),(5,63,26,17),(4,63,27,3),(4,63,27,4),(5,63,27,17),(4,63,28,3),(4,63,28,4),(4,63,28,5),(5,63,28,17),(5,63,28,18),(5,63,28,19),(5,78,0,14),(5,78,0,15),(5,78,0,16),(5,78,0,17),(5,78,0,18),(5,78,0,19),(5,78,0,20),(3,78,0,21),(3,78,0,22),(3,78,0,23),(3,78,0,24),(3,78,0,25),(3,78,0,26),(0,78,1,8),(5,78,1,16),(2,78,1,17),(5,78,1,19),(5,78,1,20),(3,78,1,21),(3,78,1,22),(3,78,1,23),(3,78,1,24),(3,78,1,25),(3,78,1,26),(5,78,2,19),(5,78,2,20),(3,78,2,21),(3,78,2,22),(3,78,2,23),(3,78,2,24),(3,78,3,12),(3,78,3,13),(5,78,3,16),(5,78,3,19),(5,78,3,20),(3,78,3,22),(3,78,3,23),(3,78,3,24),(3,78,3,25),(4,78,4,0),(4,78,4,1),(4,78,4,2),(4,78,4,3),(4,78,4,4),(12,78,4,5),(3,78,4,12),(3,78,4,13),(3,78,4,15),(5,78,4,16),(5,78,4,17),(5,78,4,18),(5,78,4,19),(5,78,4,20),(3,78,4,23),(3,78,4,24),(3,78,4,25),(3,78,4,26),(4,78,5,2),(4,78,5,3),(4,78,5,4),(3,78,5,13),(3,78,5,14),(3,78,5,15),(3,78,5,16),(3,78,5,17),(3,78,5,18),(5,78,5,19),(5,78,5,20),(0,78,5,21),(3,78,5,24),(4,78,6,0),(4,78,6,1),(4,78,6,2),(4,78,6,3),(4,78,6,4),(4,78,6,12),(4,78,6,13),(0,78,6,15),(3,78,6,17),(3,78,6,18),(3,78,6,19),(5,78,6,20),(3,78,6,24),(3,78,6,25),(6,78,7,1),(4,78,7,2),(4,78,7,4),(4,78,7,11),(4,78,7,12),(4,78,7,13),(4,78,7,14),(3,78,7,18),(3,78,7,19),(3,78,7,22),(3,78,7,23),(3,78,7,24),(3,78,7,25),(6,78,8,0),(6,78,8,1),(4,78,8,3),(4,78,8,4),(4,78,8,11),(4,78,8,12),(4,78,8,13),(4,78,8,14),(4,78,8,15),(3,78,8,18),(3,78,8,23),(3,78,8,25),(6,78,9,0),(6,78,9,1),(2,78,9,2),(4,78,9,4),(4,78,9,11),(4,78,9,12),(4,78,9,13),(4,78,9,14),(3,78,9,25),(6,78,10,0),(6,78,10,1),(5,78,10,7),(4,78,10,11),(4,78,10,12),(6,78,11,0),(6,78,11,1),(6,78,11,2),(6,78,11,3),(6,78,11,4),(6,78,11,5),(5,78,11,6),(5,78,11,7),(5,78,11,9),(4,78,11,11),(0,78,11,23),(6,78,12,4),(5,78,12,5),(5,78,12,6),(5,78,12,9),(5,78,13,4),(5,78,13,5),(5,78,13,6),(5,78,13,7),(5,78,13,8),(5,78,13,9),(5,78,13,10),(2,78,14,3),(5,78,14,5),(5,78,14,6),(5,78,14,8),(5,78,14,9),(5,78,15,5),(5,78,15,7),(5,78,15,8),(5,78,16,6),(5,78,16,7),(3,78,20,11),(3,78,20,12),(3,78,21,11),(3,78,21,12),(3,78,21,13),(3,78,21,14),(5,78,22,0),(5,78,22,1),(3,78,22,11),(3,78,22,12),(3,78,22,13),(3,78,22,14),(10,78,22,15),(5,78,23,0),(5,78,23,1),(5,78,23,3),(5,78,23,4),(5,78,23,5),(0,78,23,6),(3,78,23,11),(3,78,23,12),(3,78,23,13),(3,78,23,14),(5,78,24,0),(5,78,24,2),(5,78,24,3),(5,78,24,4),(5,78,24,5),(2,78,24,10),(3,78,24,12),(6,78,24,13),(3,78,24,14),(5,78,25,0),(5,78,25,1),(5,78,25,2),(5,78,25,3),(5,78,25,4),(3,78,25,12),(6,78,25,13),(6,78,25,14),(5,78,26,0),(5,78,26,1),(5,78,26,2),(5,78,26,3),(6,78,26,12),(6,78,26,13),(6,78,26,14),(6,78,26,15),(6,78,26,16),(5,78,27,0),(6,78,27,11),(6,78,27,12),(6,78,27,13),(6,78,27,15),(6,78,27,16),(3,78,27,24),(3,78,27,25),(5,78,28,0),(6,78,28,15),(4,78,28,16),(4,78,28,17),(3,78,28,22),(3,78,28,23),(3,78,28,24),(3,78,28,25),(3,78,28,26),(1,78,29,13),(4,78,29,16),(4,78,29,17),(3,78,29,22),(3,78,29,23),(3,78,29,24),(4,78,30,15),(4,78,30,16),(4,78,30,17),(4,78,30,18),(6,78,30,19),(6,78,30,20),(3,78,30,22),(3,78,30,23),(3,78,30,24),(3,78,30,25),(4,78,31,13),(4,78,31,14),(4,78,31,15),(4,78,31,16),(4,78,31,17),(4,78,31,18),(6,78,31,19),(6,78,31,20),(6,78,31,21),(6,78,31,22),(6,78,31,23),(6,78,31,24),(3,78,31,25),(3,78,31,26),(4,78,32,14),(4,78,32,16),(4,78,32,18),(4,78,32,19),(6,78,32,20),(6,78,32,21),(6,78,32,22),(6,78,32,23),(6,78,32,24),(6,78,32,25),(3,78,32,26),(0,80,0,0),(5,80,0,3),(5,80,0,4),(5,80,0,5),(5,80,0,6),(5,80,0,7),(5,80,0,8),(5,80,0,9),(5,80,0,10),(5,80,0,11),(5,80,0,12),(5,80,0,13),(5,80,0,14),(5,80,0,26),(5,80,0,27),(5,80,0,28),(5,80,0,29),(5,80,1,3),(11,80,1,4),(5,80,1,11),(5,80,1,12),(5,80,1,13),(13,80,1,16),(4,80,1,19),(4,80,1,20),(4,80,1,21),(4,80,1,22),(5,80,1,26),(5,80,1,27),(5,80,1,28),(5,80,1,29),(5,80,2,2),(5,80,2,3),(5,80,2,10),(5,80,2,12),(5,80,2,13),(5,80,2,14),(5,80,2,15),(4,80,2,20),(4,80,2,21),(4,80,2,22),(4,80,2,23),(5,80,2,27),(5,80,2,28),(5,80,2,29),(0,80,3,1),(5,80,3,10),(5,80,3,11),(5,80,3,12),(5,80,3,13),(5,80,3,14),(4,80,3,20),(4,80,3,21),(4,80,3,22),(4,80,3,23),(4,80,3,24),(5,80,3,28),(5,80,3,29),(5,80,4,12),(5,80,4,13),(6,80,4,18),(4,80,4,21),(4,80,4,22),(4,80,4,23),(5,80,4,26),(5,80,4,27),(5,80,4,28),(6,80,5,8),(6,80,5,9),(6,80,5,18),(6,80,5,19),(4,80,5,22),(4,80,5,23),(4,80,5,24),(5,80,5,26),(5,80,5,27),(6,80,6,7),(6,80,6,8),(6,80,6,9),(6,80,6,11),(6,80,6,18),(6,80,6,19),(6,80,7,9),(6,80,7,10),(6,80,7,18),(12,80,7,23),(6,80,8,9),(6,80,8,10),(6,80,8,16),(6,80,8,17),(6,80,8,18),(3,80,9,3),(3,80,9,4),(3,80,10,0),(3,80,10,2),(3,80,10,3),(3,80,10,4),(8,80,10,5),(0,80,10,20),(3,80,11,0),(3,80,11,1),(3,80,11,2),(3,80,11,3),(3,80,12,0),(3,80,12,1),(3,80,12,2),(3,80,13,0),(3,80,13,1),(3,80,13,2),(3,80,13,4),(3,80,14,0),(3,80,14,1),(3,80,14,2),(3,80,14,3),(3,80,14,4),(3,80,15,0),(3,80,15,1),(3,80,15,2),(3,80,15,3),(3,80,15,4),(3,80,16,0),(3,80,16,1),(3,80,16,2),(3,80,16,3),(5,80,16,29),(3,80,17,0),(3,80,17,1),(3,80,17,2),(3,80,17,3),(3,80,17,4),(2,80,17,28),(3,80,18,0),(3,80,18,1),(3,80,18,2),(3,80,18,3),(3,80,18,4),(3,80,18,5),(0,80,18,23),(3,80,19,0),(3,80,19,1),(3,80,19,2),(3,80,19,3),(3,80,19,4),(3,80,19,5),(5,80,19,29),(3,80,20,0),(3,80,20,1),(3,80,20,2),(3,80,20,3),(3,80,20,4),(3,80,20,5),(5,80,20,28),(5,80,20,29),(3,80,21,0),(3,80,21,1),(3,80,21,2),(3,80,21,3),(3,80,21,4),(5,80,21,29),(3,80,22,0),(3,80,22,1),(3,80,22,2),(14,80,22,25),(5,80,22,29),(3,80,23,0),(3,80,23,1),(3,80,23,2),(3,80,23,3),(4,80,23,9),(5,80,23,29),(3,80,24,1),(3,80,24,2),(0,80,24,4),(4,80,24,7),(4,80,24,8),(4,80,24,9),(4,80,24,10),(4,80,24,11),(5,80,24,29),(4,80,25,7),(4,80,25,8),(4,80,25,9),(4,80,25,10),(5,80,25,27),(5,80,25,29),(4,80,26,6),(4,80,26,7),(4,80,26,8),(4,80,26,9),(4,80,26,10),(2,80,26,12),(6,80,26,22),(6,80,26,23),(5,80,26,27),(5,80,26,28),(5,80,26,29),(4,80,27,5),(4,80,27,6),(4,80,27,7),(4,80,27,8),(4,80,27,9),(4,80,27,10),(5,80,27,17),(5,80,27,18),(5,80,27,21),(5,80,27,22),(6,80,27,23),(6,80,27,24),(0,80,28,4),(4,80,28,6),(4,80,28,7),(4,80,28,8),(4,80,28,9),(4,80,28,10),(5,80,28,15),(5,80,28,16),(5,80,28,17),(5,80,28,18),(5,80,28,19),(5,80,28,21),(5,80,28,22),(6,80,28,23),(6,80,28,24),(5,80,28,25),(5,80,28,26),(5,80,28,27),(5,80,28,28),(4,80,29,7),(4,80,29,8),(4,80,29,9),(4,80,29,10),(4,80,29,11),(5,80,29,16),(5,80,29,17),(5,80,29,18),(5,80,29,19),(5,80,29,20),(5,80,29,21),(5,80,29,22),(6,80,29,23),(6,80,29,24),(6,80,29,25),(6,80,29,26),(5,80,29,27),(14,83,0,8),(13,83,1,0),(8,83,7,3),(8,83,10,10),(13,83,11,1),(13,83,14,10),(9,83,18,0),(9,83,19,5);
/*!40000 ALTER TABLE `tiles` ENABLE KEYS */;
UNLOCK TABLES;

--
-- Table structure for table `units`
--

DROP TABLE IF EXISTS `units`;
/*!40101 SET @saved_cs_client     = @@character_set_client */;
/*!40101 SET character_set_client = utf8 */;
CREATE TABLE `units` (
  `id` int(11) NOT NULL AUTO_INCREMENT,
  `hp` int(10) unsigned NOT NULL DEFAULT '0',
  `level` tinyint(2) unsigned NOT NULL,
  `location_id` int(10) unsigned NOT NULL,
  `location_type` tinyint(2) unsigned NOT NULL DEFAULT '0',
  `player_id` int(11) DEFAULT NULL,
  `upgrade_ends_at` datetime DEFAULT NULL,
  `pause_remainder` int(10) unsigned DEFAULT NULL,
  `xp` mediumint(8) unsigned NOT NULL DEFAULT '0',
  `type` varchar(50) NOT NULL,
  `flank` tinyint(2) unsigned NOT NULL DEFAULT '0',
  `location_x` mediumint(9) DEFAULT NULL,
  `location_y` mediumint(9) DEFAULT NULL,
  `route_id` int(11) DEFAULT NULL,
  `galaxy_id` int(11) NOT NULL,
  `stance` tinyint(2) unsigned NOT NULL DEFAULT '0',
  `construction_mod` tinyint(2) unsigned NOT NULL DEFAULT '0',
  `stored` int(10) unsigned NOT NULL DEFAULT '0',
  `metal` float NOT NULL DEFAULT '0',
  `energy` float NOT NULL DEFAULT '0',
  `zetium` float NOT NULL DEFAULT '0',
  PRIMARY KEY (`id`),
  KEY `location` (`player_id`,`location_id`,`location_type`),
  KEY `location_and_player` (`location_type`,`location_id`,`location_x`,`location_y`,`player_id`),
  KEY `index_units_on_route_id` (`route_id`),
  KEY `type` (`player_id`,`type`),
  KEY `foreign_key` (`galaxy_id`),
  CONSTRAINT `units_ibfk_1` FOREIGN KEY (`player_id`) REFERENCES `players` (`id`) ON DELETE SET NULL,
  CONSTRAINT `units_ibfk_2` FOREIGN KEY (`galaxy_id`) REFERENCES `galaxies` (`id`) ON DELETE CASCADE,
  CONSTRAINT `units_ibfk_3` FOREIGN KEY (`route_id`) REFERENCES `routes` (`id`) ON DELETE SET NULL
) ENGINE=InnoDB AUTO_INCREMENT=2148 DEFAULT CHARSET=utf8;
/*!40101 SET character_set_client = @saved_cs_client */;

--
-- Dumping data for table `units`
--

LOCK TABLES `units` WRITE;
/*!40000 ALTER TABLE `units` DISABLE KEYS */;
INSERT INTO `units` VALUES (1,26875,1,1,1,NULL,NULL,NULL,0,'Demosis',1,1,45,NULL,1,0,0,0,0,0,0),(2,26875,1,1,1,NULL,NULL,NULL,0,'Demosis',1,1,45,NULL,1,0,0,0,0,0,0),(3,4475,1,1,1,NULL,NULL,NULL,0,'Thor',1,1,45,NULL,1,0,0,0,0,0,0),(4,4475,1,1,1,NULL,NULL,NULL,0,'Thor',1,1,45,NULL,1,0,0,0,0,0,0),(5,4475,1,1,1,NULL,NULL,NULL,0,'Thor',0,1,45,NULL,1,0,0,0,0,0,0),(6,4475,1,1,1,NULL,NULL,NULL,0,'Thor',0,1,45,NULL,1,0,0,0,0,0,0),(7,2812,1,1,1,NULL,NULL,NULL,0,'Dirac',1,1,45,NULL,1,0,0,0,0,0,0),(8,2812,1,1,1,NULL,NULL,NULL,0,'Dirac',1,1,45,NULL,1,0,0,0,0,0,0),(9,2812,1,1,1,NULL,NULL,NULL,0,'Dirac',1,1,45,NULL,1,0,0,0,0,0,0),(10,2812,1,1,1,NULL,NULL,NULL,0,'Dirac',1,1,45,NULL,1,0,0,0,0,0,0),(11,2812,1,1,1,NULL,NULL,NULL,0,'Dirac',0,1,45,NULL,1,0,0,0,0,0,0),(12,2812,1,1,1,NULL,NULL,NULL,0,'Dirac',0,1,45,NULL,1,0,0,0,0,0,0),(13,2812,1,1,1,NULL,NULL,NULL,0,'Dirac',0,1,45,NULL,1,0,0,0,0,0,0),(14,2812,1,1,1,NULL,NULL,NULL,0,'Dirac',0,1,45,NULL,1,0,0,0,0,0,0),(15,2812,1,1,1,NULL,NULL,NULL,0,'Dirac',0,1,45,NULL,1,0,0,0,0,0,0),(16,26875,1,1,1,NULL,NULL,NULL,0,'Demosis',1,2,210,NULL,1,0,0,0,0,0,0),(17,26875,1,1,1,NULL,NULL,NULL,0,'Demosis',0,2,210,NULL,1,0,0,0,0,0,0),(18,26875,1,1,1,NULL,NULL,NULL,0,'Demosis',1,2,210,NULL,1,0,0,0,0,0,0),(19,26875,1,1,1,NULL,NULL,NULL,0,'Demosis',0,2,210,NULL,1,0,0,0,0,0,0),(20,26875,1,1,1,NULL,NULL,NULL,0,'Demosis',0,2,210,NULL,1,0,0,0,0,0,0),(21,4475,1,1,1,NULL,NULL,NULL,0,'Thor',0,2,210,NULL,1,0,0,0,0,0,0),(22,4475,1,1,1,NULL,NULL,NULL,0,'Thor',1,2,210,NULL,1,0,0,0,0,0,0),(23,4475,1,1,1,NULL,NULL,NULL,0,'Thor',1,2,210,NULL,1,0,0,0,0,0,0),(24,4475,1,1,1,NULL,NULL,NULL,0,'Thor',0,2,210,NULL,1,0,0,0,0,0,0),(25,4475,1,1,1,NULL,NULL,NULL,0,'Thor',0,2,210,NULL,1,0,0,0,0,0,0),(26,4475,1,1,1,NULL,NULL,NULL,0,'Thor',0,2,210,NULL,1,0,0,0,0,0,0),(27,4475,1,1,1,NULL,NULL,NULL,0,'Thor',1,2,210,NULL,1,0,0,0,0,0,0),(28,4475,1,1,1,NULL,NULL,NULL,0,'Thor',0,2,210,NULL,1,0,0,0,0,0,0),(29,4475,1,1,1,NULL,NULL,NULL,0,'Thor',1,2,210,NULL,1,0,0,0,0,0,0),(30,4475,1,1,1,NULL,NULL,NULL,0,'Thor',1,2,210,NULL,1,0,0,0,0,0,0),(31,2812,1,1,1,NULL,NULL,NULL,0,'Dirac',1,2,210,NULL,1,0,0,0,0,0,0),(32,2812,1,1,1,NULL,NULL,NULL,0,'Dirac',0,2,210,NULL,1,0,0,0,0,0,0),(33,2812,1,1,1,NULL,NULL,NULL,0,'Dirac',1,2,210,NULL,1,0,0,0,0,0,0),(34,2812,1,1,1,NULL,NULL,NULL,0,'Dirac',0,2,210,NULL,1,0,0,0,0,0,0),(35,2812,1,1,1,NULL,NULL,NULL,0,'Dirac',0,2,210,NULL,1,0,0,0,0,0,0),(36,2812,1,1,1,NULL,NULL,NULL,0,'Dirac',0,2,210,NULL,1,0,0,0,0,0,0),(37,2812,1,1,1,NULL,NULL,NULL,0,'Dirac',0,2,210,NULL,1,0,0,0,0,0,0),(38,2812,1,1,1,NULL,NULL,NULL,0,'Dirac',1,2,210,NULL,1,0,0,0,0,0,0),(39,2812,1,1,1,NULL,NULL,NULL,0,'Dirac',0,2,210,NULL,1,0,0,0,0,0,0),(40,2812,1,1,1,NULL,NULL,NULL,0,'Dirac',0,2,210,NULL,1,0,0,0,0,0,0),(41,2812,1,1,1,NULL,NULL,NULL,0,'Dirac',0,2,210,NULL,1,0,0,0,0,0,0),(42,2812,1,1,1,NULL,NULL,NULL,0,'Dirac',1,2,210,NULL,1,0,0,0,0,0,0),(43,2812,1,1,1,NULL,NULL,NULL,0,'Dirac',1,2,210,NULL,1,0,0,0,0,0,0),(44,2812,1,1,1,NULL,NULL,NULL,0,'Dirac',1,2,210,NULL,1,0,0,0,0,0,0),(45,2812,1,1,1,NULL,NULL,NULL,0,'Dirac',1,2,210,NULL,1,0,0,0,0,0,0),(46,2812,1,1,1,NULL,NULL,NULL,0,'Dirac',1,2,210,NULL,1,0,0,0,0,0,0),(47,2812,1,1,1,NULL,NULL,NULL,0,'Dirac',0,2,210,NULL,1,0,0,0,0,0,0),(48,2812,1,1,1,NULL,NULL,NULL,0,'Dirac',0,2,210,NULL,1,0,0,0,0,0,0),(49,26875,1,1,1,NULL,NULL,NULL,0,'Demosis',1,0,270,NULL,1,0,0,0,0,0,0),(50,26875,1,1,1,NULL,NULL,NULL,0,'Demosis',0,0,270,NULL,1,0,0,0,0,0,0),(51,26875,1,1,1,NULL,NULL,NULL,0,'Demosis',0,0,270,NULL,1,0,0,0,0,0,0),(52,4475,1,1,1,NULL,NULL,NULL,0,'Thor',1,0,270,NULL,1,0,0,0,0,0,0),(53,4475,1,1,1,NULL,NULL,NULL,0,'Thor',0,0,270,NULL,1,0,0,0,0,0,0),(54,4475,1,1,1,NULL,NULL,NULL,0,'Thor',1,0,270,NULL,1,0,0,0,0,0,0),(55,4475,1,1,1,NULL,NULL,NULL,0,'Thor',1,0,270,NULL,1,0,0,0,0,0,0),(56,4475,1,1,1,NULL,NULL,NULL,0,'Thor',1,0,270,NULL,1,0,0,0,0,0,0),(57,4475,1,1,1,NULL,NULL,NULL,0,'Thor',0,0,270,NULL,1,0,0,0,0,0,0),(58,4475,1,1,1,NULL,NULL,NULL,0,'Thor',0,0,270,NULL,1,0,0,0,0,0,0),(59,4475,1,1,1,NULL,NULL,NULL,0,'Thor',1,0,270,NULL,1,0,0,0,0,0,0),(60,4475,1,1,1,NULL,NULL,NULL,0,'Thor',0,0,270,NULL,1,0,0,0,0,0,0),(61,4475,1,1,1,NULL,NULL,NULL,0,'Thor',0,0,270,NULL,1,0,0,0,0,0,0),(62,4475,1,1,1,NULL,NULL,NULL,0,'Thor',0,0,270,NULL,1,0,0,0,0,0,0),(63,4475,1,1,1,NULL,NULL,NULL,0,'Thor',0,0,270,NULL,1,0,0,0,0,0,0),(64,2812,1,1,1,NULL,NULL,NULL,0,'Dirac',0,0,270,NULL,1,0,0,0,0,0,0),(65,2812,1,1,1,NULL,NULL,NULL,0,'Dirac',0,0,270,NULL,1,0,0,0,0,0,0),(66,2812,1,1,1,NULL,NULL,NULL,0,'Dirac',1,0,270,NULL,1,0,0,0,0,0,0),(67,2812,1,1,1,NULL,NULL,NULL,0,'Dirac',0,0,270,NULL,1,0,0,0,0,0,0),(68,2812,1,1,1,NULL,NULL,NULL,0,'Dirac',1,0,270,NULL,1,0,0,0,0,0,0),(69,2812,1,1,1,NULL,NULL,NULL,0,'Dirac',1,0,270,NULL,1,0,0,0,0,0,0),(70,26875,1,2,1,NULL,NULL,NULL,0,'Demosis',0,1,45,NULL,1,0,0,0,0,0,0),(71,26875,1,2,1,NULL,NULL,NULL,0,'Demosis',0,1,45,NULL,1,0,0,0,0,0,0),(72,26875,1,2,1,NULL,NULL,NULL,0,'Demosis',0,1,45,NULL,1,0,0,0,0,0,0),(73,26875,1,2,1,NULL,NULL,NULL,0,'Demosis',1,1,45,NULL,1,0,0,0,0,0,0),(74,26875,1,2,1,NULL,NULL,NULL,0,'Demosis',0,1,45,NULL,1,0,0,0,0,0,0),(75,4475,1,2,1,NULL,NULL,NULL,0,'Thor',0,1,45,NULL,1,0,0,0,0,0,0),(76,4475,1,2,1,NULL,NULL,NULL,0,'Thor',1,1,45,NULL,1,0,0,0,0,0,0),(77,4475,1,2,1,NULL,NULL,NULL,0,'Thor',0,1,45,NULL,1,0,0,0,0,0,0),(78,4475,1,2,1,NULL,NULL,NULL,0,'Thor',1,1,45,NULL,1,0,0,0,0,0,0),(79,4475,1,2,1,NULL,NULL,NULL,0,'Thor',1,1,45,NULL,1,0,0,0,0,0,0),(80,4475,1,2,1,NULL,NULL,NULL,0,'Thor',1,1,45,NULL,1,0,0,0,0,0,0),(81,4475,1,2,1,NULL,NULL,NULL,0,'Thor',0,1,45,NULL,1,0,0,0,0,0,0),(82,4475,1,2,1,NULL,NULL,NULL,0,'Thor',1,1,45,NULL,1,0,0,0,0,0,0),(83,4475,1,2,1,NULL,NULL,NULL,0,'Thor',1,1,45,NULL,1,0,0,0,0,0,0),(84,4475,1,2,1,NULL,NULL,NULL,0,'Thor',1,1,45,NULL,1,0,0,0,0,0,0),(85,2812,1,2,1,NULL,NULL,NULL,0,'Dirac',0,1,45,NULL,1,0,0,0,0,0,0),(86,2812,1,2,1,NULL,NULL,NULL,0,'Dirac',0,1,45,NULL,1,0,0,0,0,0,0),(87,2812,1,2,1,NULL,NULL,NULL,0,'Dirac',0,1,45,NULL,1,0,0,0,0,0,0),(88,2812,1,2,1,NULL,NULL,NULL,0,'Dirac',0,1,45,NULL,1,0,0,0,0,0,0),(89,2812,1,2,1,NULL,NULL,NULL,0,'Dirac',1,1,45,NULL,1,0,0,0,0,0,0),(90,2812,1,2,1,NULL,NULL,NULL,0,'Dirac',1,1,45,NULL,1,0,0,0,0,0,0),(91,2812,1,2,1,NULL,NULL,NULL,0,'Dirac',1,1,45,NULL,1,0,0,0,0,0,0),(92,2812,1,2,1,NULL,NULL,NULL,0,'Dirac',1,1,45,NULL,1,0,0,0,0,0,0),(93,2812,1,2,1,NULL,NULL,NULL,0,'Dirac',0,1,45,NULL,1,0,0,0,0,0,0),(94,2812,1,2,1,NULL,NULL,NULL,0,'Dirac',1,1,45,NULL,1,0,0,0,0,0,0),(95,2812,1,2,1,NULL,NULL,NULL,0,'Dirac',0,1,45,NULL,1,0,0,0,0,0,0),(96,2812,1,2,1,NULL,NULL,NULL,0,'Dirac',1,1,45,NULL,1,0,0,0,0,0,0),(97,2812,1,2,1,NULL,NULL,NULL,0,'Dirac',0,1,45,NULL,1,0,0,0,0,0,0),(98,2812,1,2,1,NULL,NULL,NULL,0,'Dirac',0,1,45,NULL,1,0,0,0,0,0,0),(99,2812,1,2,1,NULL,NULL,NULL,0,'Dirac',1,1,45,NULL,1,0,0,0,0,0,0),(100,2812,1,2,1,NULL,NULL,NULL,0,'Dirac',0,1,45,NULL,1,0,0,0,0,0,0),(101,2812,1,2,1,NULL,NULL,NULL,0,'Dirac',1,1,45,NULL,1,0,0,0,0,0,0),(102,2812,1,2,1,NULL,NULL,NULL,0,'Dirac',1,1,45,NULL,1,0,0,0,0,0,0),(103,2812,1,2,1,NULL,NULL,NULL,0,'Dirac',1,1,45,NULL,1,0,0,0,0,0,0),(104,2812,1,2,1,NULL,NULL,NULL,0,'Dirac',0,1,45,NULL,1,0,0,0,0,0,0),(105,26875,1,3,1,NULL,NULL,NULL,0,'Demosis',1,1,45,NULL,1,0,0,0,0,0,0),(106,26875,1,3,1,NULL,NULL,NULL,0,'Demosis',0,1,45,NULL,1,0,0,0,0,0,0),(107,4475,1,3,1,NULL,NULL,NULL,0,'Thor',0,1,45,NULL,1,0,0,0,0,0,0),(108,4475,1,3,1,NULL,NULL,NULL,0,'Thor',0,1,45,NULL,1,0,0,0,0,0,0),(109,4475,1,3,1,NULL,NULL,NULL,0,'Thor',1,1,45,NULL,1,0,0,0,0,0,0),(110,4475,1,3,1,NULL,NULL,NULL,0,'Thor',1,1,45,NULL,1,0,0,0,0,0,0),(111,4475,1,3,1,NULL,NULL,NULL,0,'Thor',0,1,45,NULL,1,0,0,0,0,0,0),(112,2812,1,3,1,NULL,NULL,NULL,0,'Dirac',0,1,45,NULL,1,0,0,0,0,0,0),(113,2812,1,3,1,NULL,NULL,NULL,0,'Dirac',0,1,45,NULL,1,0,0,0,0,0,0),(114,2812,1,3,1,NULL,NULL,NULL,0,'Dirac',1,1,45,NULL,1,0,0,0,0,0,0),(115,2812,1,3,1,NULL,NULL,NULL,0,'Dirac',0,1,45,NULL,1,0,0,0,0,0,0),(116,2812,1,3,1,NULL,NULL,NULL,0,'Dirac',0,1,45,NULL,1,0,0,0,0,0,0),(117,4475,1,5,1,NULL,NULL,NULL,0,'Thor',1,1,225,NULL,1,0,0,0,0,0,0),(118,2812,1,5,1,NULL,NULL,NULL,0,'Dirac',1,1,225,NULL,1,0,0,0,0,0,0),(119,2812,1,5,1,NULL,NULL,NULL,0,'Dirac',0,1,225,NULL,1,0,0,0,0,0,0),(120,2812,1,5,1,NULL,NULL,NULL,0,'Dirac',0,1,225,NULL,1,0,0,0,0,0,0),(121,2812,1,5,1,NULL,NULL,NULL,0,'Dirac',0,1,225,NULL,1,0,0,0,0,0,0),(122,2812,1,5,1,NULL,NULL,NULL,0,'Dirac',0,1,225,NULL,1,0,0,0,0,0,0),(123,2812,1,5,1,NULL,NULL,NULL,0,'Dirac',0,1,225,NULL,1,0,0,0,0,0,0),(124,2812,1,5,1,NULL,NULL,NULL,0,'Dirac',0,1,225,NULL,1,0,0,0,0,0,0),(125,2812,1,5,1,NULL,NULL,NULL,0,'Dirac',0,1,225,NULL,1,0,0,0,0,0,0),(126,26875,1,5,1,NULL,NULL,NULL,0,'Demosis',0,3,246,NULL,1,0,0,0,0,0,0),(127,26875,1,5,1,NULL,NULL,NULL,0,'Demosis',0,3,246,NULL,1,0,0,0,0,0,0),(128,4475,1,5,1,NULL,NULL,NULL,0,'Thor',0,3,246,NULL,1,0,0,0,0,0,0),(129,4475,1,5,1,NULL,NULL,NULL,0,'Thor',0,3,246,NULL,1,0,0,0,0,0,0),(130,4475,1,5,1,NULL,NULL,NULL,0,'Thor',1,3,246,NULL,1,0,0,0,0,0,0),(131,4475,1,5,1,NULL,NULL,NULL,0,'Thor',0,3,246,NULL,1,0,0,0,0,0,0),(132,4475,1,5,1,NULL,NULL,NULL,0,'Thor',0,3,246,NULL,1,0,0,0,0,0,0),(133,4475,1,5,1,NULL,NULL,NULL,0,'Thor',0,3,246,NULL,1,0,0,0,0,0,0),(134,2812,1,5,1,NULL,NULL,NULL,0,'Dirac',1,3,246,NULL,1,0,0,0,0,0,0),(135,2812,1,5,1,NULL,NULL,NULL,0,'Dirac',0,3,246,NULL,1,0,0,0,0,0,0),(136,2812,1,5,1,NULL,NULL,NULL,0,'Dirac',1,3,246,NULL,1,0,0,0,0,0,0),(137,2812,1,5,1,NULL,NULL,NULL,0,'Dirac',1,3,246,NULL,1,0,0,0,0,0,0),(138,2812,1,5,1,NULL,NULL,NULL,0,'Dirac',1,3,246,NULL,1,0,0,0,0,0,0),(139,2812,1,5,1,NULL,NULL,NULL,0,'Dirac',0,3,246,NULL,1,0,0,0,0,0,0),(140,2812,1,5,1,NULL,NULL,NULL,0,'Dirac',0,3,246,NULL,1,0,0,0,0,0,0),(141,2812,1,5,1,NULL,NULL,NULL,0,'Dirac',0,3,246,NULL,1,0,0,0,0,0,0),(142,4475,1,5,1,NULL,NULL,NULL,0,'Thor',0,1,180,NULL,1,0,0,0,0,0,0),(143,4475,1,5,1,NULL,NULL,NULL,0,'Thor',1,1,180,NULL,1,0,0,0,0,0,0),(144,4475,1,5,1,NULL,NULL,NULL,0,'Thor',0,1,180,NULL,1,0,0,0,0,0,0),(145,2812,1,5,1,NULL,NULL,NULL,0,'Dirac',0,1,180,NULL,1,0,0,0,0,0,0),(146,2812,1,5,1,NULL,NULL,NULL,0,'Dirac',1,1,180,NULL,1,0,0,0,0,0,0),(147,26875,1,5,1,NULL,NULL,NULL,0,'Demosis',0,2,210,NULL,1,0,0,0,0,0,0),(148,26875,1,5,1,NULL,NULL,NULL,0,'Demosis',0,2,210,NULL,1,0,0,0,0,0,0),(149,4475,1,5,1,NULL,NULL,NULL,0,'Thor',0,2,210,NULL,1,0,0,0,0,0,0),(150,4475,1,5,1,NULL,NULL,NULL,0,'Thor',1,2,210,NULL,1,0,0,0,0,0,0),(151,4475,1,5,1,NULL,NULL,NULL,0,'Thor',1,2,210,NULL,1,0,0,0,0,0,0),(152,4475,1,5,1,NULL,NULL,NULL,0,'Thor',0,2,210,NULL,1,0,0,0,0,0,0),(153,4475,1,5,1,NULL,NULL,NULL,0,'Thor',0,2,210,NULL,1,0,0,0,0,0,0),(154,2812,1,5,1,NULL,NULL,NULL,0,'Dirac',1,2,210,NULL,1,0,0,0,0,0,0),(155,2812,1,5,1,NULL,NULL,NULL,0,'Dirac',1,2,210,NULL,1,0,0,0,0,0,0),(156,2812,1,5,1,NULL,NULL,NULL,0,'Dirac',0,2,210,NULL,1,0,0,0,0,0,0),(157,2812,1,5,1,NULL,NULL,NULL,0,'Dirac',1,2,210,NULL,1,0,0,0,0,0,0),(158,2812,1,5,1,NULL,NULL,NULL,0,'Dirac',1,2,210,NULL,1,0,0,0,0,0,0),(159,2812,1,5,1,NULL,NULL,NULL,0,'Dirac',0,2,210,NULL,1,0,0,0,0,0,0),(160,26875,1,5,1,NULL,NULL,NULL,0,'Demosis',0,2,60,NULL,1,0,0,0,0,0,0),(161,26875,1,5,1,NULL,NULL,NULL,0,'Demosis',0,2,60,NULL,1,0,0,0,0,0,0),(162,4475,1,5,1,NULL,NULL,NULL,0,'Thor',1,2,60,NULL,1,0,0,0,0,0,0),(163,4475,1,5,1,NULL,NULL,NULL,0,'Thor',1,2,60,NULL,1,0,0,0,0,0,0),(164,4475,1,5,1,NULL,NULL,NULL,0,'Thor',1,2,60,NULL,1,0,0,0,0,0,0),(165,4475,1,5,1,NULL,NULL,NULL,0,'Thor',0,2,60,NULL,1,0,0,0,0,0,0),(166,4475,1,5,1,NULL,NULL,NULL,0,'Thor',0,2,60,NULL,1,0,0,0,0,0,0),(167,4475,1,5,1,NULL,NULL,NULL,0,'Thor',0,2,60,NULL,1,0,0,0,0,0,0),(168,2812,1,5,1,NULL,NULL,NULL,0,'Dirac',0,2,60,NULL,1,0,0,0,0,0,0),(169,2812,1,5,1,NULL,NULL,NULL,0,'Dirac',1,2,60,NULL,1,0,0,0,0,0,0),(170,2812,1,5,1,NULL,NULL,NULL,0,'Dirac',1,2,60,NULL,1,0,0,0,0,0,0),(171,2812,1,5,1,NULL,NULL,NULL,0,'Dirac',0,2,60,NULL,1,0,0,0,0,0,0),(172,2812,1,5,1,NULL,NULL,NULL,0,'Dirac',0,2,60,NULL,1,0,0,0,0,0,0),(173,2812,1,5,1,NULL,NULL,NULL,0,'Dirac',0,2,60,NULL,1,0,0,0,0,0,0),(174,26875,1,5,1,NULL,NULL,NULL,0,'Demosis',0,1,0,NULL,1,0,0,0,0,0,0),(175,4475,1,5,1,NULL,NULL,NULL,0,'Thor',0,1,0,NULL,1,0,0,0,0,0,0),(176,4475,1,5,1,NULL,NULL,NULL,0,'Thor',0,1,0,NULL,1,0,0,0,0,0,0),(177,4475,1,5,1,NULL,NULL,NULL,0,'Thor',0,1,0,NULL,1,0,0,0,0,0,0),(178,4475,1,5,1,NULL,NULL,NULL,0,'Thor',0,1,0,NULL,1,0,0,0,0,0,0),(179,4475,1,5,1,NULL,NULL,NULL,0,'Thor',0,1,0,NULL,1,0,0,0,0,0,0),(180,2812,1,5,1,NULL,NULL,NULL,0,'Dirac',0,1,0,NULL,1,0,0,0,0,0,0),(181,2812,1,5,1,NULL,NULL,NULL,0,'Dirac',1,1,0,NULL,1,0,0,0,0,0,0),(182,2812,1,5,1,NULL,NULL,NULL,0,'Dirac',0,1,0,NULL,1,0,0,0,0,0,0),(183,2812,1,5,1,NULL,NULL,NULL,0,'Dirac',1,1,0,NULL,1,0,0,0,0,0,0),(184,26875,1,5,1,NULL,NULL,NULL,0,'Demosis',0,1,270,NULL,1,0,0,0,0,0,0),(185,4475,1,5,1,NULL,NULL,NULL,0,'Thor',0,1,270,NULL,1,0,0,0,0,0,0),(186,4475,1,5,1,NULL,NULL,NULL,0,'Thor',1,1,270,NULL,1,0,0,0,0,0,0),(187,4475,1,5,1,NULL,NULL,NULL,0,'Thor',0,1,270,NULL,1,0,0,0,0,0,0),(188,4475,1,5,1,NULL,NULL,NULL,0,'Thor',0,1,270,NULL,1,0,0,0,0,0,0),(189,4475,1,5,1,NULL,NULL,NULL,0,'Thor',1,1,270,NULL,1,0,0,0,0,0,0),(190,4475,1,5,1,NULL,NULL,NULL,0,'Thor',0,1,270,NULL,1,0,0,0,0,0,0),(191,2812,1,5,1,NULL,NULL,NULL,0,'Dirac',1,1,270,NULL,1,0,0,0,0,0,0),(192,2812,1,5,1,NULL,NULL,NULL,0,'Dirac',0,1,270,NULL,1,0,0,0,0,0,0),(193,2812,1,5,1,NULL,NULL,NULL,0,'Dirac',1,1,270,NULL,1,0,0,0,0,0,0),(194,2812,1,5,1,NULL,NULL,NULL,0,'Dirac',1,1,270,NULL,1,0,0,0,0,0,0),(195,2812,1,5,1,NULL,NULL,NULL,0,'Dirac',1,1,270,NULL,1,0,0,0,0,0,0),(196,2812,1,5,1,NULL,NULL,NULL,0,'Dirac',0,1,270,NULL,1,0,0,0,0,0,0),(197,2812,1,5,1,NULL,NULL,NULL,0,'Dirac',1,1,270,NULL,1,0,0,0,0,0,0),(198,4475,1,5,1,NULL,NULL,NULL,0,'Thor',1,1,90,NULL,1,0,0,0,0,0,0),(199,2812,1,5,1,NULL,NULL,NULL,0,'Dirac',0,1,90,NULL,1,0,0,0,0,0,0),(200,2812,1,5,1,NULL,NULL,NULL,0,'Dirac',1,1,90,NULL,1,0,0,0,0,0,0),(201,2812,1,5,1,NULL,NULL,NULL,0,'Dirac',0,1,90,NULL,1,0,0,0,0,0,0),(202,2812,1,5,1,NULL,NULL,NULL,0,'Dirac',0,1,90,NULL,1,0,0,0,0,0,0),(203,26875,1,5,1,NULL,NULL,NULL,0,'Demosis',0,3,180,NULL,1,0,0,0,0,0,0),(204,26875,1,5,1,NULL,NULL,NULL,0,'Demosis',0,3,180,NULL,1,0,0,0,0,0,0),(205,4475,1,5,1,NULL,NULL,NULL,0,'Thor',0,3,180,NULL,1,0,0,0,0,0,0),(206,4475,1,5,1,NULL,NULL,NULL,0,'Thor',0,3,180,NULL,1,0,0,0,0,0,0),(207,4475,1,5,1,NULL,NULL,NULL,0,'Thor',1,3,180,NULL,1,0,0,0,0,0,0),(208,4475,1,5,1,NULL,NULL,NULL,0,'Thor',1,3,180,NULL,1,0,0,0,0,0,0),(209,2812,1,5,1,NULL,NULL,NULL,0,'Dirac',0,3,180,NULL,1,0,0,0,0,0,0),(210,2812,1,5,1,NULL,NULL,NULL,0,'Dirac',0,3,180,NULL,1,0,0,0,0,0,0),(211,2812,1,5,1,NULL,NULL,NULL,0,'Dirac',1,3,180,NULL,1,0,0,0,0,0,0),(212,2812,1,5,1,NULL,NULL,NULL,0,'Dirac',0,3,180,NULL,1,0,0,0,0,0,0),(213,2812,1,5,1,NULL,NULL,NULL,0,'Dirac',1,3,180,NULL,1,0,0,0,0,0,0),(214,26875,1,5,1,NULL,NULL,NULL,0,'Demosis',0,2,180,NULL,1,0,0,0,0,0,0),(215,26875,1,5,1,NULL,NULL,NULL,0,'Demosis',0,2,180,NULL,1,0,0,0,0,0,0),(216,26875,1,5,1,NULL,NULL,NULL,0,'Demosis',0,2,180,NULL,1,0,0,0,0,0,0),(217,4475,1,5,1,NULL,NULL,NULL,0,'Thor',0,2,180,NULL,1,0,0,0,0,0,0),(218,4475,1,5,1,NULL,NULL,NULL,0,'Thor',1,2,180,NULL,1,0,0,0,0,0,0),(219,4475,1,5,1,NULL,NULL,NULL,0,'Thor',0,2,180,NULL,1,0,0,0,0,0,0),(220,4475,1,5,1,NULL,NULL,NULL,0,'Thor',0,2,180,NULL,1,0,0,0,0,0,0),(221,2812,1,5,1,NULL,NULL,NULL,0,'Dirac',0,2,180,NULL,1,0,0,0,0,0,0),(222,2812,1,5,1,NULL,NULL,NULL,0,'Dirac',0,2,180,NULL,1,0,0,0,0,0,0),(223,2812,1,5,1,NULL,NULL,NULL,0,'Dirac',1,2,180,NULL,1,0,0,0,0,0,0),(224,2812,1,5,1,NULL,NULL,NULL,0,'Dirac',0,2,180,NULL,1,0,0,0,0,0,0),(225,2812,1,5,1,NULL,NULL,NULL,0,'Dirac',0,2,180,NULL,1,0,0,0,0,0,0),(226,2812,1,5,1,NULL,NULL,NULL,0,'Dirac',0,2,180,NULL,1,0,0,0,0,0,0),(227,90,1,21,4,NULL,NULL,NULL,0,'Glancer',1,NULL,NULL,NULL,1,0,0,0,0,0,0),(228,125,1,21,4,NULL,NULL,NULL,0,'Gnat',0,NULL,NULL,NULL,1,0,0,0,0,0,0),(229,125,1,21,4,NULL,NULL,NULL,0,'Gnat',0,NULL,NULL,NULL,1,0,0,0,0,0,0),(230,125,1,21,4,NULL,NULL,NULL,0,'Gnat',1,NULL,NULL,NULL,1,0,0,0,0,0,0),(231,125,1,21,4,NULL,NULL,NULL,0,'Gnat',0,NULL,NULL,NULL,1,0,0,0,0,0,0),(232,125,1,21,4,NULL,NULL,NULL,0,'Gnat',1,NULL,NULL,NULL,1,0,0,0,0,0,0),(233,125,1,21,4,NULL,NULL,NULL,0,'Gnat',1,NULL,NULL,NULL,1,0,0,0,0,0,0),(234,90,1,22,4,NULL,NULL,NULL,0,'Glancer',1,NULL,NULL,NULL,1,0,0,0,0,0,0),(235,90,1,22,4,NULL,NULL,NULL,0,'Glancer',1,NULL,NULL,NULL,1,0,0,0,0,0,0),(236,125,1,22,4,NULL,NULL,NULL,0,'Gnat',0,NULL,NULL,NULL,1,0,0,0,0,0,0),(237,125,1,22,4,NULL,NULL,NULL,0,'Gnat',0,NULL,NULL,NULL,1,0,0,0,0,0,0),(238,125,1,22,4,NULL,NULL,NULL,0,'Gnat',1,NULL,NULL,NULL,1,0,0,0,0,0,0),(239,125,1,22,4,NULL,NULL,NULL,0,'Gnat',0,NULL,NULL,NULL,1,0,0,0,0,0,0),(240,125,1,22,4,NULL,NULL,NULL,0,'Gnat',0,NULL,NULL,NULL,1,0,0,0,0,0,0),(241,90,1,23,4,NULL,NULL,NULL,0,'Glancer',1,NULL,NULL,NULL,1,0,0,0,0,0,0),(242,90,1,23,4,NULL,NULL,NULL,0,'Glancer',1,NULL,NULL,NULL,1,0,0,0,0,0,0),(243,90,1,23,4,NULL,NULL,NULL,0,'Glancer',1,NULL,NULL,NULL,1,0,0,0,0,0,0),(244,125,1,23,4,NULL,NULL,NULL,0,'Gnat',0,NULL,NULL,NULL,1,0,0,0,0,0,0),(245,125,1,23,4,NULL,NULL,NULL,0,'Gnat',0,NULL,NULL,NULL,1,0,0,0,0,0,0),(246,125,1,23,4,NULL,NULL,NULL,0,'Gnat',1,NULL,NULL,NULL,1,0,0,0,0,0,0),(247,125,1,23,4,NULL,NULL,NULL,0,'Gnat',0,NULL,NULL,NULL,1,0,0,0,0,0,0),(248,125,1,23,4,NULL,NULL,NULL,0,'Gnat',0,NULL,NULL,NULL,1,0,0,0,0,0,0),(249,900,1,24,4,NULL,NULL,NULL,0,'Gnawer',0,NULL,NULL,NULL,1,0,0,0,0,0,0),(250,500,1,24,4,NULL,NULL,NULL,0,'Spudder',0,NULL,NULL,NULL,1,0,0,0,0,0,0),(251,90,1,24,4,NULL,NULL,NULL,0,'Glancer',1,NULL,NULL,NULL,1,0,0,0,0,0,0),(252,125,1,24,4,NULL,NULL,NULL,0,'Gnat',0,NULL,NULL,NULL,1,0,0,0,0,0,0),(253,125,1,24,4,NULL,NULL,NULL,0,'Gnat',0,NULL,NULL,NULL,1,0,0,0,0,0,0),(254,90,1,24,4,NULL,NULL,NULL,0,'Glancer',1,NULL,NULL,NULL,1,0,0,0,0,0,0),(255,90,1,24,4,NULL,NULL,NULL,0,'Glancer',1,NULL,NULL,NULL,1,0,0,0,0,0,0),(256,90,1,24,4,NULL,NULL,NULL,0,'Glancer',1,NULL,NULL,NULL,1,0,0,0,0,0,0),(257,90,1,24,4,NULL,NULL,NULL,0,'Glancer',1,NULL,NULL,NULL,1,0,0,0,0,0,0),(258,125,1,24,4,NULL,NULL,NULL,0,'Gnat',0,NULL,NULL,NULL,1,0,0,0,0,0,0),(259,125,1,24,4,NULL,NULL,NULL,0,'Gnat',0,NULL,NULL,NULL,1,0,0,0,0,0,0),(260,125,1,24,4,NULL,NULL,NULL,0,'Gnat',1,NULL,NULL,NULL,1,0,0,0,0,0,0),(261,125,1,24,4,NULL,NULL,NULL,0,'Gnat',0,NULL,NULL,NULL,1,0,0,0,0,0,0),(262,125,1,24,4,NULL,NULL,NULL,0,'Gnat',0,NULL,NULL,NULL,1,0,0,0,0,0,0),(263,125,1,24,4,NULL,NULL,NULL,0,'Gnat',1,NULL,NULL,NULL,1,0,0,0,0,0,0),(264,500,1,25,4,NULL,NULL,NULL,0,'Spudder',0,NULL,NULL,NULL,1,0,0,0,0,0,0),(265,90,1,25,4,NULL,NULL,NULL,0,'Glancer',1,NULL,NULL,NULL,1,0,0,0,0,0,0),(266,125,1,25,4,NULL,NULL,NULL,0,'Gnat',1,NULL,NULL,NULL,1,0,0,0,0,0,0),(267,125,1,25,4,NULL,NULL,NULL,0,'Gnat',0,NULL,NULL,NULL,1,0,0,0,0,0,0),(268,90,1,25,4,NULL,NULL,NULL,0,'Glancer',1,NULL,NULL,NULL,1,0,0,0,0,0,0),(269,90,1,25,4,NULL,NULL,NULL,0,'Glancer',1,NULL,NULL,NULL,1,0,0,0,0,0,0),(270,90,1,25,4,NULL,NULL,NULL,0,'Glancer',1,NULL,NULL,NULL,1,0,0,0,0,0,0),(271,125,1,25,4,NULL,NULL,NULL,0,'Gnat',0,NULL,NULL,NULL,1,0,0,0,0,0,0),(272,125,1,25,4,NULL,NULL,NULL,0,'Gnat',0,NULL,NULL,NULL,1,0,0,0,0,0,0),(273,125,1,25,4,NULL,NULL,NULL,0,'Gnat',1,NULL,NULL,NULL,1,0,0,0,0,0,0),(274,125,1,25,4,NULL,NULL,NULL,0,'Gnat',1,NULL,NULL,NULL,1,0,0,0,0,0,0),(275,125,1,25,4,NULL,NULL,NULL,0,'Gnat',1,NULL,NULL,NULL,1,0,0,0,0,0,0),(276,125,1,25,4,NULL,NULL,NULL,0,'Gnat',0,NULL,NULL,NULL,1,0,0,0,0,0,0),(277,125,1,25,4,NULL,NULL,NULL,0,'Gnat',1,NULL,NULL,NULL,1,0,0,0,0,0,0),(278,900,1,26,4,NULL,NULL,NULL,0,'Gnawer',0,NULL,NULL,NULL,1,0,0,0,0,0,0),(279,500,1,26,4,NULL,NULL,NULL,0,'Spudder',0,NULL,NULL,NULL,1,0,0,0,0,0,0),(280,90,1,26,4,NULL,NULL,NULL,0,'Glancer',1,NULL,NULL,NULL,1,0,0,0,0,0,0),(281,125,1,26,4,NULL,NULL,NULL,0,'Gnat',0,NULL,NULL,NULL,1,0,0,0,0,0,0),(282,125,1,26,4,NULL,NULL,NULL,0,'Gnat',1,NULL,NULL,NULL,1,0,0,0,0,0,0),(283,125,1,26,4,NULL,NULL,NULL,0,'Gnat',0,NULL,NULL,NULL,1,0,0,0,0,0,0),(284,90,1,26,4,NULL,NULL,NULL,0,'Glancer',1,NULL,NULL,NULL,1,0,0,0,0,0,0),(285,90,1,26,4,NULL,NULL,NULL,0,'Glancer',1,NULL,NULL,NULL,1,0,0,0,0,0,0),(286,90,1,26,4,NULL,NULL,NULL,0,'Glancer',1,NULL,NULL,NULL,1,0,0,0,0,0,0),(287,125,1,26,4,NULL,NULL,NULL,0,'Gnat',0,NULL,NULL,NULL,1,0,0,0,0,0,0),(288,125,1,26,4,NULL,NULL,NULL,0,'Gnat',0,NULL,NULL,NULL,1,0,0,0,0,0,0),(289,125,1,26,4,NULL,NULL,NULL,0,'Gnat',1,NULL,NULL,NULL,1,0,0,0,0,0,0),(290,125,1,26,4,NULL,NULL,NULL,0,'Gnat',0,NULL,NULL,NULL,1,0,0,0,0,0,0),(291,500,1,27,4,NULL,NULL,NULL,0,'Spudder',1,NULL,NULL,NULL,1,0,0,0,0,0,0),(292,500,1,27,4,NULL,NULL,NULL,0,'Spudder',0,NULL,NULL,NULL,1,0,0,0,0,0,0),(293,90,1,27,4,NULL,NULL,NULL,0,'Glancer',1,NULL,NULL,NULL,1,0,0,0,0,0,0),(294,125,1,27,4,NULL,NULL,NULL,0,'Gnat',0,NULL,NULL,NULL,1,0,0,0,0,0,0),(295,125,1,27,4,NULL,NULL,NULL,0,'Gnat',0,NULL,NULL,NULL,1,0,0,0,0,0,0),(296,90,1,27,4,NULL,NULL,NULL,0,'Glancer',1,NULL,NULL,NULL,1,0,0,0,0,0,0),(297,90,1,27,4,NULL,NULL,NULL,0,'Glancer',1,NULL,NULL,NULL,1,0,0,0,0,0,0),(298,90,1,27,4,NULL,NULL,NULL,0,'Glancer',1,NULL,NULL,NULL,1,0,0,0,0,0,0),(299,125,1,27,4,NULL,NULL,NULL,0,'Gnat',0,NULL,NULL,NULL,1,0,0,0,0,0,0),(300,125,1,27,4,NULL,NULL,NULL,0,'Gnat',0,NULL,NULL,NULL,1,0,0,0,0,0,0),(301,125,1,27,4,NULL,NULL,NULL,0,'Gnat',1,NULL,NULL,NULL,1,0,0,0,0,0,0),(302,125,1,27,4,NULL,NULL,NULL,0,'Gnat',1,NULL,NULL,NULL,1,0,0,0,0,0,0),(303,900,1,28,4,NULL,NULL,NULL,0,'Gnawer',0,NULL,NULL,NULL,1,0,0,0,0,0,0),(304,900,1,28,4,NULL,NULL,NULL,0,'Gnawer',0,NULL,NULL,NULL,1,0,0,0,0,0,0),(305,900,1,28,4,NULL,NULL,NULL,0,'Gnawer',0,NULL,NULL,NULL,1,0,0,0,0,0,0),(306,500,1,28,4,NULL,NULL,NULL,0,'Spudder',0,NULL,NULL,NULL,1,0,0,0,0,0,0),(307,500,1,28,4,NULL,NULL,NULL,0,'Spudder',1,NULL,NULL,NULL,1,0,0,0,0,0,0),(308,500,1,28,4,NULL,NULL,NULL,0,'Spudder',0,NULL,NULL,NULL,1,0,0,0,0,0,0),(309,90,1,28,4,NULL,NULL,NULL,0,'Glancer',1,NULL,NULL,NULL,1,0,0,0,0,0,0),(310,125,1,28,4,NULL,NULL,NULL,0,'Gnat',0,NULL,NULL,NULL,1,0,0,0,0,0,0),(311,90,1,28,4,NULL,NULL,NULL,0,'Glancer',1,NULL,NULL,NULL,1,0,0,0,0,0,0),(312,90,1,28,4,NULL,NULL,NULL,0,'Glancer',1,NULL,NULL,NULL,1,0,0,0,0,0,0),(313,90,1,28,4,NULL,NULL,NULL,0,'Glancer',1,NULL,NULL,NULL,1,0,0,0,0,0,0),(314,125,1,28,4,NULL,NULL,NULL,0,'Gnat',0,NULL,NULL,NULL,1,0,0,0,0,0,0),(315,125,1,28,4,NULL,NULL,NULL,0,'Gnat',0,NULL,NULL,NULL,1,0,0,0,0,0,0),(316,125,1,28,4,NULL,NULL,NULL,0,'Gnat',1,NULL,NULL,NULL,1,0,0,0,0,0,0),(317,125,1,28,4,NULL,NULL,NULL,0,'Gnat',0,NULL,NULL,NULL,1,0,0,0,0,0,0),(318,900,1,29,4,NULL,NULL,NULL,0,'Gnawer',0,NULL,NULL,NULL,1,0,0,0,0,0,0),(319,500,1,29,4,NULL,NULL,NULL,0,'Spudder',0,NULL,NULL,NULL,1,0,0,0,0,0,0),(320,500,1,29,4,NULL,NULL,NULL,0,'Spudder',1,NULL,NULL,NULL,1,0,0,0,0,0,0),(321,500,1,29,4,NULL,NULL,NULL,0,'Spudder',0,NULL,NULL,NULL,1,0,0,0,0,0,0),(322,500,1,29,4,NULL,NULL,NULL,0,'Spudder',0,NULL,NULL,NULL,1,0,0,0,0,0,0),(323,90,1,29,4,NULL,NULL,NULL,0,'Glancer',1,NULL,NULL,NULL,1,0,0,0,0,0,0),(324,90,1,29,4,NULL,NULL,NULL,0,'Glancer',1,NULL,NULL,NULL,1,0,0,0,0,0,0),(325,90,1,29,4,NULL,NULL,NULL,0,'Glancer',1,NULL,NULL,NULL,1,0,0,0,0,0,0),(326,90,1,29,4,NULL,NULL,NULL,0,'Glancer',1,NULL,NULL,NULL,1,0,0,0,0,0,0),(327,125,1,29,4,NULL,NULL,NULL,0,'Gnat',0,NULL,NULL,NULL,1,0,0,0,0,0,0),(328,125,1,29,4,NULL,NULL,NULL,0,'Gnat',0,NULL,NULL,NULL,1,0,0,0,0,0,0),(329,125,1,29,4,NULL,NULL,NULL,0,'Gnat',1,NULL,NULL,NULL,1,0,0,0,0,0,0),(330,125,1,29,4,NULL,NULL,NULL,0,'Gnat',0,NULL,NULL,NULL,1,0,0,0,0,0,0),(331,125,1,29,4,NULL,NULL,NULL,0,'Gnat',1,NULL,NULL,NULL,1,0,0,0,0,0,0),(332,125,1,29,4,NULL,NULL,NULL,0,'Gnat',0,NULL,NULL,NULL,1,0,0,0,0,0,0),(333,90,1,30,4,NULL,NULL,NULL,0,'Glancer',1,NULL,NULL,NULL,1,0,0,0,0,0,0),(334,125,1,30,4,NULL,NULL,NULL,0,'Gnat',0,NULL,NULL,NULL,1,0,0,0,0,0,0),(335,125,1,30,4,NULL,NULL,NULL,0,'Gnat',0,NULL,NULL,NULL,1,0,0,0,0,0,0),(336,90,1,30,4,NULL,NULL,NULL,0,'Glancer',1,NULL,NULL,NULL,1,0,0,0,0,0,0),(337,90,1,30,4,NULL,NULL,NULL,0,'Glancer',1,NULL,NULL,NULL,1,0,0,0,0,0,0),(338,90,1,30,4,NULL,NULL,NULL,0,'Glancer',1,NULL,NULL,NULL,1,0,0,0,0,0,0),(339,125,1,30,4,NULL,NULL,NULL,0,'Gnat',0,NULL,NULL,NULL,1,0,0,0,0,0,0),(340,125,1,30,4,NULL,NULL,NULL,0,'Gnat',0,NULL,NULL,NULL,1,0,0,0,0,0,0),(341,125,1,30,4,NULL,NULL,NULL,0,'Gnat',1,NULL,NULL,NULL,1,0,0,0,0,0,0),(342,125,1,30,4,NULL,NULL,NULL,0,'Gnat',0,NULL,NULL,NULL,1,0,0,0,0,0,0),(343,125,1,30,4,NULL,NULL,NULL,0,'Gnat',1,NULL,NULL,NULL,1,0,0,0,0,0,0),(344,900,1,31,4,NULL,NULL,NULL,0,'Gnawer',0,NULL,NULL,NULL,1,0,0,0,0,0,0),(345,900,1,31,4,NULL,NULL,NULL,0,'Gnawer',0,NULL,NULL,NULL,1,0,0,0,0,0,0),(346,500,1,31,4,NULL,NULL,NULL,0,'Spudder',0,NULL,NULL,NULL,1,0,0,0,0,0,0),(347,500,1,31,4,NULL,NULL,NULL,0,'Spudder',1,NULL,NULL,NULL,1,0,0,0,0,0,0),(348,500,1,31,4,NULL,NULL,NULL,0,'Spudder',0,NULL,NULL,NULL,1,0,0,0,0,0,0),(349,90,1,31,4,NULL,NULL,NULL,0,'Glancer',1,NULL,NULL,NULL,1,0,0,0,0,0,0),(350,125,1,31,4,NULL,NULL,NULL,0,'Gnat',0,NULL,NULL,NULL,1,0,0,0,0,0,0),(351,125,1,31,4,NULL,NULL,NULL,0,'Gnat',0,NULL,NULL,NULL,1,0,0,0,0,0,0),(352,125,1,31,4,NULL,NULL,NULL,0,'Gnat',0,NULL,NULL,NULL,1,0,0,0,0,0,0),(353,90,1,31,4,NULL,NULL,NULL,0,'Glancer',1,NULL,NULL,NULL,1,0,0,0,0,0,0),(354,90,1,31,4,NULL,NULL,NULL,0,'Glancer',1,NULL,NULL,NULL,1,0,0,0,0,0,0),(355,90,1,31,4,NULL,NULL,NULL,0,'Glancer',1,NULL,NULL,NULL,1,0,0,0,0,0,0),(356,125,1,31,4,NULL,NULL,NULL,0,'Gnat',0,NULL,NULL,NULL,1,0,0,0,0,0,0),(357,125,1,31,4,NULL,NULL,NULL,0,'Gnat',0,NULL,NULL,NULL,1,0,0,0,0,0,0),(358,125,1,31,4,NULL,NULL,NULL,0,'Gnat',1,NULL,NULL,NULL,1,0,0,0,0,0,0),(359,125,1,31,4,NULL,NULL,NULL,0,'Gnat',0,NULL,NULL,NULL,1,0,0,0,0,0,0),(360,125,1,31,4,NULL,NULL,NULL,0,'Gnat',1,NULL,NULL,NULL,1,0,0,0,0,0,0),(361,900,1,32,4,NULL,NULL,NULL,0,'Gnawer',0,NULL,NULL,NULL,1,0,0,0,0,0,0),(362,500,1,32,4,NULL,NULL,NULL,0,'Spudder',1,NULL,NULL,NULL,1,0,0,0,0,0,0),(363,500,1,32,4,NULL,NULL,NULL,0,'Spudder',0,NULL,NULL,NULL,1,0,0,0,0,0,0),(364,500,1,32,4,NULL,NULL,NULL,0,'Spudder',1,NULL,NULL,NULL,1,0,0,0,0,0,0),(365,500,1,32,4,NULL,NULL,NULL,0,'Spudder',0,NULL,NULL,NULL,1,0,0,0,0,0,0),(366,90,1,32,4,NULL,NULL,NULL,0,'Glancer',1,NULL,NULL,NULL,1,0,0,0,0,0,0),(367,125,1,32,4,NULL,NULL,NULL,0,'Gnat',0,NULL,NULL,NULL,1,0,0,0,0,0,0),(368,125,1,32,4,NULL,NULL,NULL,0,'Gnat',0,NULL,NULL,NULL,1,0,0,0,0,0,0),(369,90,1,32,4,NULL,NULL,NULL,0,'Glancer',1,NULL,NULL,NULL,1,0,0,0,0,0,0),(370,90,1,32,4,NULL,NULL,NULL,0,'Glancer',1,NULL,NULL,NULL,1,0,0,0,0,0,0),(371,90,1,32,4,NULL,NULL,NULL,0,'Glancer',1,NULL,NULL,NULL,1,0,0,0,0,0,0),(372,90,1,32,4,NULL,NULL,NULL,0,'Glancer',1,NULL,NULL,NULL,1,0,0,0,0,0,0),(373,90,1,32,4,NULL,NULL,NULL,0,'Glancer',1,NULL,NULL,NULL,1,0,0,0,0,0,0),(374,125,1,32,4,NULL,NULL,NULL,0,'Gnat',0,NULL,NULL,NULL,1,0,0,0,0,0,0),(375,125,1,32,4,NULL,NULL,NULL,0,'Gnat',0,NULL,NULL,NULL,1,0,0,0,0,0,0),(376,125,1,32,4,NULL,NULL,NULL,0,'Gnat',1,NULL,NULL,NULL,1,0,0,0,0,0,0),(377,125,1,32,4,NULL,NULL,NULL,0,'Gnat',0,NULL,NULL,NULL,1,0,0,0,0,0,0),(378,125,1,32,4,NULL,NULL,NULL,0,'Gnat',1,NULL,NULL,NULL,1,0,0,0,0,0,0),(379,125,1,32,4,NULL,NULL,NULL,0,'Gnat',1,NULL,NULL,NULL,1,0,0,0,0,0,0),(380,500,1,33,4,NULL,NULL,NULL,0,'Spudder',1,NULL,NULL,NULL,1,0,0,0,0,0,0),(381,500,1,33,4,NULL,NULL,NULL,0,'Spudder',0,NULL,NULL,NULL,1,0,0,0,0,0,0),(382,90,1,33,4,NULL,NULL,NULL,0,'Glancer',1,NULL,NULL,NULL,1,0,0,0,0,0,0),(383,125,1,33,4,NULL,NULL,NULL,0,'Gnat',0,NULL,NULL,NULL,1,0,0,0,0,0,0),(384,125,1,33,4,NULL,NULL,NULL,0,'Gnat',0,NULL,NULL,NULL,1,0,0,0,0,0,0),(385,125,1,33,4,NULL,NULL,NULL,0,'Gnat',0,NULL,NULL,NULL,1,0,0,0,0,0,0),(386,90,1,33,4,NULL,NULL,NULL,0,'Glancer',1,NULL,NULL,NULL,1,0,0,0,0,0,0),(387,90,1,33,4,NULL,NULL,NULL,0,'Glancer',1,NULL,NULL,NULL,1,0,0,0,0,0,0),(388,125,1,33,4,NULL,NULL,NULL,0,'Gnat',0,NULL,NULL,NULL,1,0,0,0,0,0,0),(389,125,1,33,4,NULL,NULL,NULL,0,'Gnat',0,NULL,NULL,NULL,1,0,0,0,0,0,0),(390,125,1,33,4,NULL,NULL,NULL,0,'Gnat',1,NULL,NULL,NULL,1,0,0,0,0,0,0),(391,125,1,33,4,NULL,NULL,NULL,0,'Gnat',0,NULL,NULL,NULL,1,0,0,0,0,0,0),(392,125,1,33,4,NULL,NULL,NULL,0,'Gnat',1,NULL,NULL,NULL,1,0,0,0,0,0,0),(393,90,1,34,4,NULL,NULL,NULL,0,'Glancer',1,NULL,NULL,NULL,1,0,0,0,0,0,0),(394,125,1,34,4,NULL,NULL,NULL,0,'Gnat',1,NULL,NULL,NULL,1,0,0,0,0,0,0),(395,125,1,34,4,NULL,NULL,NULL,0,'Gnat',0,NULL,NULL,NULL,1,0,0,0,0,0,0),(396,90,1,34,4,NULL,NULL,NULL,0,'Glancer',1,NULL,NULL,NULL,1,0,0,0,0,0,0),(397,90,1,34,4,NULL,NULL,NULL,0,'Glancer',1,NULL,NULL,NULL,1,0,0,0,0,0,0),(398,90,1,34,4,NULL,NULL,NULL,0,'Glancer',1,NULL,NULL,NULL,1,0,0,0,0,0,0),(399,90,1,34,4,NULL,NULL,NULL,0,'Glancer',1,NULL,NULL,NULL,1,0,0,0,0,0,0),(400,125,1,34,4,NULL,NULL,NULL,0,'Gnat',0,NULL,NULL,NULL,1,0,0,0,0,0,0),(401,125,1,34,4,NULL,NULL,NULL,0,'Gnat',0,NULL,NULL,NULL,1,0,0,0,0,0,0),(402,125,1,34,4,NULL,NULL,NULL,0,'Gnat',1,NULL,NULL,NULL,1,0,0,0,0,0,0),(403,125,1,34,4,NULL,NULL,NULL,0,'Gnat',0,NULL,NULL,NULL,1,0,0,0,0,0,0),(404,125,1,34,4,NULL,NULL,NULL,0,'Gnat',1,NULL,NULL,NULL,1,0,0,0,0,0,0),(405,125,1,34,4,NULL,NULL,NULL,0,'Gnat',1,NULL,NULL,NULL,1,0,0,0,0,0,0),(406,125,1,34,4,NULL,NULL,NULL,0,'Gnat',0,NULL,NULL,NULL,1,0,0,0,0,0,0),(407,125,1,35,4,NULL,NULL,NULL,0,'Gnat',0,NULL,NULL,NULL,1,0,0,0,0,0,0),(408,125,1,35,4,NULL,NULL,NULL,0,'Gnat',0,NULL,NULL,NULL,1,0,0,0,0,0,0),(409,125,1,35,4,NULL,NULL,NULL,0,'Gnat',1,NULL,NULL,NULL,1,0,0,0,0,0,0),(410,125,1,35,4,NULL,NULL,NULL,0,'Gnat',1,NULL,NULL,NULL,1,0,0,0,0,0,0),(411,125,1,35,4,NULL,NULL,NULL,0,'Gnat',1,NULL,NULL,NULL,1,0,0,0,0,0,0),(412,125,1,36,4,NULL,NULL,NULL,0,'Gnat',0,NULL,NULL,NULL,1,0,0,0,0,0,0),(413,125,1,36,4,NULL,NULL,NULL,0,'Gnat',0,NULL,NULL,NULL,1,0,0,0,0,0,0),(414,125,1,36,4,NULL,NULL,NULL,0,'Gnat',1,NULL,NULL,NULL,1,0,0,0,0,0,0),(415,125,1,37,4,NULL,NULL,NULL,0,'Gnat',0,NULL,NULL,NULL,1,0,0,0,0,0,0),(416,125,1,37,4,NULL,NULL,NULL,0,'Gnat',0,NULL,NULL,NULL,1,0,0,0,0,0,0),(417,125,1,37,4,NULL,NULL,NULL,0,'Gnat',1,NULL,NULL,NULL,1,0,0,0,0,0,0),(418,125,1,37,4,NULL,NULL,NULL,0,'Gnat',0,NULL,NULL,NULL,1,0,0,0,0,0,0),(419,125,1,38,4,NULL,NULL,NULL,0,'Gnat',0,NULL,NULL,NULL,1,0,0,0,0,0,0),(420,125,1,38,4,NULL,NULL,NULL,0,'Gnat',0,NULL,NULL,NULL,1,0,0,0,0,0,0),(421,125,1,38,4,NULL,NULL,NULL,0,'Gnat',1,NULL,NULL,NULL,1,0,0,0,0,0,0),(422,125,1,38,4,NULL,NULL,NULL,0,'Gnat',1,NULL,NULL,NULL,1,0,0,0,0,0,0),(423,26875,1,5,1,NULL,NULL,NULL,0,'Demosis',0,1,135,NULL,1,0,0,0,0,0,0),(424,4475,1,5,1,NULL,NULL,NULL,0,'Thor',1,1,135,NULL,1,0,0,0,0,0,0),(425,4475,1,5,1,NULL,NULL,NULL,0,'Thor',0,1,135,NULL,1,0,0,0,0,0,0),(426,4475,1,5,1,NULL,NULL,NULL,0,'Thor',1,1,135,NULL,1,0,0,0,0,0,0),(427,4475,1,5,1,NULL,NULL,NULL,0,'Thor',0,1,135,NULL,1,0,0,0,0,0,0),(428,2812,1,5,1,NULL,NULL,NULL,0,'Dirac',0,1,135,NULL,1,0,0,0,0,0,0),(429,2812,1,5,1,NULL,NULL,NULL,0,'Dirac',0,1,135,NULL,1,0,0,0,0,0,0),(430,2812,1,5,1,NULL,NULL,NULL,0,'Dirac',1,1,135,NULL,1,0,0,0,0,0,0),(431,2812,1,5,1,NULL,NULL,NULL,0,'Dirac',0,1,135,NULL,1,0,0,0,0,0,0),(432,90,1,39,4,NULL,NULL,NULL,0,'Glancer',1,NULL,NULL,NULL,1,0,0,0,0,0,0),(433,90,1,39,4,NULL,NULL,NULL,0,'Glancer',1,NULL,NULL,NULL,1,0,0,0,0,0,0),(434,125,1,39,4,NULL,NULL,NULL,0,'Gnat',0,NULL,NULL,NULL,1,0,0,0,0,0,0),(435,125,1,39,4,NULL,NULL,NULL,0,'Gnat',0,NULL,NULL,NULL,1,0,0,0,0,0,0),(436,125,1,39,4,NULL,NULL,NULL,0,'Gnat',1,NULL,NULL,NULL,1,0,0,0,0,0,0),(437,125,1,39,4,NULL,NULL,NULL,0,'Gnat',1,NULL,NULL,NULL,1,0,0,0,0,0,0),(438,90,1,40,4,NULL,NULL,NULL,0,'Glancer',1,NULL,NULL,NULL,1,0,0,0,0,0,0),(439,125,1,40,4,NULL,NULL,NULL,0,'Gnat',0,NULL,NULL,NULL,1,0,0,0,0,0,0),(440,125,1,40,4,NULL,NULL,NULL,0,'Gnat',0,NULL,NULL,NULL,1,0,0,0,0,0,0),(441,125,1,40,4,NULL,NULL,NULL,0,'Gnat',1,NULL,NULL,NULL,1,0,0,0,0,0,0),(442,125,1,40,4,NULL,NULL,NULL,0,'Gnat',0,NULL,NULL,NULL,1,0,0,0,0,0,0),(443,125,1,40,4,NULL,NULL,NULL,0,'Gnat',0,NULL,NULL,NULL,1,0,0,0,0,0,0),(444,125,1,40,4,NULL,NULL,NULL,0,'Gnat',1,NULL,NULL,NULL,1,0,0,0,0,0,0),(445,90,1,41,4,NULL,NULL,NULL,0,'Glancer',1,NULL,NULL,NULL,1,0,0,0,0,0,0),(446,90,1,41,4,NULL,NULL,NULL,0,'Glancer',1,NULL,NULL,NULL,1,0,0,0,0,0,0),(447,90,1,41,4,NULL,NULL,NULL,0,'Glancer',1,NULL,NULL,NULL,1,0,0,0,0,0,0),(448,125,1,41,4,NULL,NULL,NULL,0,'Gnat',0,NULL,NULL,NULL,1,0,0,0,0,0,0),(449,125,1,41,4,NULL,NULL,NULL,0,'Gnat',0,NULL,NULL,NULL,1,0,0,0,0,0,0),(450,125,1,41,4,NULL,NULL,NULL,0,'Gnat',1,NULL,NULL,NULL,1,0,0,0,0,0,0),(451,125,1,41,4,NULL,NULL,NULL,0,'Gnat',0,NULL,NULL,NULL,1,0,0,0,0,0,0),(452,125,1,41,4,NULL,NULL,NULL,0,'Gnat',1,NULL,NULL,NULL,1,0,0,0,0,0,0),(453,125,1,41,4,NULL,NULL,NULL,0,'Gnat',0,NULL,NULL,NULL,1,0,0,0,0,0,0),(454,90,1,42,4,NULL,NULL,NULL,0,'Glancer',1,NULL,NULL,NULL,1,0,0,0,0,0,0),(455,125,1,42,4,NULL,NULL,NULL,0,'Gnat',0,NULL,NULL,NULL,1,0,0,0,0,0,0),(456,125,1,42,4,NULL,NULL,NULL,0,'Gnat',0,NULL,NULL,NULL,1,0,0,0,0,0,0),(457,125,1,42,4,NULL,NULL,NULL,0,'Gnat',1,NULL,NULL,NULL,1,0,0,0,0,0,0),(458,500,1,43,4,NULL,NULL,NULL,0,'Spudder',0,NULL,NULL,NULL,1,0,0,0,0,0,0),(459,90,1,43,4,NULL,NULL,NULL,0,'Glancer',1,NULL,NULL,NULL,1,0,0,0,0,0,0),(460,125,1,43,4,NULL,NULL,NULL,0,'Gnat',1,NULL,NULL,NULL,1,0,0,0,0,0,0),(461,125,1,43,4,NULL,NULL,NULL,0,'Gnat',0,NULL,NULL,NULL,1,0,0,0,0,0,0),(462,125,1,43,4,NULL,NULL,NULL,0,'Gnat',0,NULL,NULL,NULL,1,0,0,0,0,0,0),(463,90,1,43,4,NULL,NULL,NULL,0,'Glancer',1,NULL,NULL,NULL,1,0,0,0,0,0,0),(464,90,1,43,4,NULL,NULL,NULL,0,'Glancer',1,NULL,NULL,NULL,1,0,0,0,0,0,0),(465,90,1,43,4,NULL,NULL,NULL,0,'Glancer',1,NULL,NULL,NULL,1,0,0,0,0,0,0),(466,125,1,43,4,NULL,NULL,NULL,0,'Gnat',0,NULL,NULL,NULL,1,0,0,0,0,0,0),(467,125,1,43,4,NULL,NULL,NULL,0,'Gnat',0,NULL,NULL,NULL,1,0,0,0,0,0,0),(468,125,1,43,4,NULL,NULL,NULL,0,'Gnat',1,NULL,NULL,NULL,1,0,0,0,0,0,0),(469,125,1,43,4,NULL,NULL,NULL,0,'Gnat',0,NULL,NULL,NULL,1,0,0,0,0,0,0),(470,500,1,44,4,NULL,NULL,NULL,0,'Spudder',0,NULL,NULL,NULL,1,0,0,0,0,0,0),(471,90,1,44,4,NULL,NULL,NULL,0,'Glancer',1,NULL,NULL,NULL,1,0,0,0,0,0,0),(472,125,1,44,4,NULL,NULL,NULL,0,'Gnat',0,NULL,NULL,NULL,1,0,0,0,0,0,0),(473,90,1,44,4,NULL,NULL,NULL,0,'Glancer',1,NULL,NULL,NULL,1,0,0,0,0,0,0),(474,90,1,44,4,NULL,NULL,NULL,0,'Glancer',1,NULL,NULL,NULL,1,0,0,0,0,0,0),(475,90,1,44,4,NULL,NULL,NULL,0,'Glancer',1,NULL,NULL,NULL,1,0,0,0,0,0,0),(476,125,1,44,4,NULL,NULL,NULL,0,'Gnat',0,NULL,NULL,NULL,1,0,0,0,0,0,0),(477,125,1,44,4,NULL,NULL,NULL,0,'Gnat',0,NULL,NULL,NULL,1,0,0,0,0,0,0),(478,125,1,44,4,NULL,NULL,NULL,0,'Gnat',1,NULL,NULL,NULL,1,0,0,0,0,0,0),(479,125,1,44,4,NULL,NULL,NULL,0,'Gnat',0,NULL,NULL,NULL,1,0,0,0,0,0,0),(480,900,1,45,4,NULL,NULL,NULL,0,'Gnawer',0,NULL,NULL,NULL,1,0,0,0,0,0,0),(481,900,1,45,4,NULL,NULL,NULL,0,'Gnawer',0,NULL,NULL,NULL,1,0,0,0,0,0,0),(482,900,1,45,4,NULL,NULL,NULL,0,'Gnawer',0,NULL,NULL,NULL,1,0,0,0,0,0,0),(483,500,1,45,4,NULL,NULL,NULL,0,'Spudder',0,NULL,NULL,NULL,1,0,0,0,0,0,0),(484,90,1,45,4,NULL,NULL,NULL,0,'Glancer',1,NULL,NULL,NULL,1,0,0,0,0,0,0),(485,125,1,45,4,NULL,NULL,NULL,0,'Gnat',0,NULL,NULL,NULL,1,0,0,0,0,0,0),(486,90,1,45,4,NULL,NULL,NULL,0,'Glancer',1,NULL,NULL,NULL,1,0,0,0,0,0,0),(487,90,1,45,4,NULL,NULL,NULL,0,'Glancer',1,NULL,NULL,NULL,1,0,0,0,0,0,0),(488,90,1,45,4,NULL,NULL,NULL,0,'Glancer',1,NULL,NULL,NULL,1,0,0,0,0,0,0),(489,90,1,45,4,NULL,NULL,NULL,0,'Glancer',1,NULL,NULL,NULL,1,0,0,0,0,0,0),(490,125,1,45,4,NULL,NULL,NULL,0,'Gnat',0,NULL,NULL,NULL,1,0,0,0,0,0,0),(491,125,1,45,4,NULL,NULL,NULL,0,'Gnat',0,NULL,NULL,NULL,1,0,0,0,0,0,0),(492,125,1,45,4,NULL,NULL,NULL,0,'Gnat',1,NULL,NULL,NULL,1,0,0,0,0,0,0),(493,125,1,45,4,NULL,NULL,NULL,0,'Gnat',1,NULL,NULL,NULL,1,0,0,0,0,0,0),(494,900,1,46,4,NULL,NULL,NULL,0,'Gnawer',0,NULL,NULL,NULL,1,0,0,0,0,0,0),(495,900,1,46,4,NULL,NULL,NULL,0,'Gnawer',0,NULL,NULL,NULL,1,0,0,0,0,0,0),(496,900,1,46,4,NULL,NULL,NULL,0,'Gnawer',0,NULL,NULL,NULL,1,0,0,0,0,0,0),(497,900,1,46,4,NULL,NULL,NULL,0,'Gnawer',0,NULL,NULL,NULL,1,0,0,0,0,0,0),(498,500,1,46,4,NULL,NULL,NULL,0,'Spudder',1,NULL,NULL,NULL,1,0,0,0,0,0,0),(499,500,1,46,4,NULL,NULL,NULL,0,'Spudder',0,NULL,NULL,NULL,1,0,0,0,0,0,0),(500,90,1,46,4,NULL,NULL,NULL,0,'Glancer',1,NULL,NULL,NULL,1,0,0,0,0,0,0),(501,125,1,46,4,NULL,NULL,NULL,0,'Gnat',0,NULL,NULL,NULL,1,0,0,0,0,0,0),(502,125,1,46,4,NULL,NULL,NULL,0,'Gnat',1,NULL,NULL,NULL,1,0,0,0,0,0,0),(503,90,1,46,4,NULL,NULL,NULL,0,'Glancer',1,NULL,NULL,NULL,1,0,0,0,0,0,0),(504,90,1,46,4,NULL,NULL,NULL,0,'Glancer',1,NULL,NULL,NULL,1,0,0,0,0,0,0),(505,90,1,46,4,NULL,NULL,NULL,0,'Glancer',1,NULL,NULL,NULL,1,0,0,0,0,0,0),(506,125,1,46,4,NULL,NULL,NULL,0,'Gnat',0,NULL,NULL,NULL,1,0,0,0,0,0,0),(507,125,1,46,4,NULL,NULL,NULL,0,'Gnat',0,NULL,NULL,NULL,1,0,0,0,0,0,0),(508,125,1,46,4,NULL,NULL,NULL,0,'Gnat',1,NULL,NULL,NULL,1,0,0,0,0,0,0),(509,900,1,47,4,NULL,NULL,NULL,0,'Gnawer',0,NULL,NULL,NULL,1,0,0,0,0,0,0),(510,900,1,47,4,NULL,NULL,NULL,0,'Gnawer',0,NULL,NULL,NULL,1,0,0,0,0,0,0),(511,500,1,47,4,NULL,NULL,NULL,0,'Spudder',0,NULL,NULL,NULL,1,0,0,0,0,0,0),(512,500,1,47,4,NULL,NULL,NULL,0,'Spudder',1,NULL,NULL,NULL,1,0,0,0,0,0,0),(513,900,1,47,4,NULL,NULL,NULL,0,'Gnawer',0,NULL,NULL,NULL,1,0,0,0,0,0,0),(514,500,1,47,4,NULL,NULL,NULL,0,'Spudder',0,NULL,NULL,NULL,1,0,0,0,0,0,0),(515,500,1,47,4,NULL,NULL,NULL,0,'Spudder',1,NULL,NULL,NULL,1,0,0,0,0,0,0),(516,500,1,47,4,NULL,NULL,NULL,0,'Spudder',0,NULL,NULL,NULL,1,0,0,0,0,0,0),(517,90,1,47,4,NULL,NULL,NULL,0,'Glancer',1,NULL,NULL,NULL,1,0,0,0,0,0,0),(518,125,1,47,4,NULL,NULL,NULL,0,'Gnat',0,NULL,NULL,NULL,1,0,0,0,0,0,0),(519,125,1,47,4,NULL,NULL,NULL,0,'Gnat',0,NULL,NULL,NULL,1,0,0,0,0,0,0),(520,90,1,47,4,NULL,NULL,NULL,0,'Glancer',1,NULL,NULL,NULL,1,0,0,0,0,0,0),(521,90,1,47,4,NULL,NULL,NULL,0,'Glancer',1,NULL,NULL,NULL,1,0,0,0,0,0,0),(522,90,1,47,4,NULL,NULL,NULL,0,'Glancer',1,NULL,NULL,NULL,1,0,0,0,0,0,0),(523,90,1,47,4,NULL,NULL,NULL,0,'Glancer',1,NULL,NULL,NULL,1,0,0,0,0,0,0),(524,90,1,47,4,NULL,NULL,NULL,0,'Glancer',1,NULL,NULL,NULL,1,0,0,0,0,0,0),(525,125,1,47,4,NULL,NULL,NULL,0,'Gnat',0,NULL,NULL,NULL,1,0,0,0,0,0,0),(526,125,1,47,4,NULL,NULL,NULL,0,'Gnat',0,NULL,NULL,NULL,1,0,0,0,0,0,0),(527,125,1,47,4,NULL,NULL,NULL,0,'Gnat',1,NULL,NULL,NULL,1,0,0,0,0,0,0),(528,125,1,47,4,NULL,NULL,NULL,0,'Gnat',0,NULL,NULL,NULL,1,0,0,0,0,0,0),(529,125,1,47,4,NULL,NULL,NULL,0,'Gnat',0,NULL,NULL,NULL,1,0,0,0,0,0,0),(530,125,1,47,4,NULL,NULL,NULL,0,'Gnat',1,NULL,NULL,NULL,1,0,0,0,0,0,0),(531,125,1,47,4,NULL,NULL,NULL,0,'Gnat',0,NULL,NULL,NULL,1,0,0,0,0,0,0),(532,900,1,48,4,NULL,NULL,NULL,0,'Gnawer',0,NULL,NULL,NULL,1,0,0,0,0,0,0),(533,900,1,48,4,NULL,NULL,NULL,0,'Gnawer',0,NULL,NULL,NULL,1,0,0,0,0,0,0),(534,500,1,48,4,NULL,NULL,NULL,0,'Spudder',0,NULL,NULL,NULL,1,0,0,0,0,0,0),(535,500,1,48,4,NULL,NULL,NULL,0,'Spudder',0,NULL,NULL,NULL,1,0,0,0,0,0,0),(536,500,1,48,4,NULL,NULL,NULL,0,'Spudder',1,NULL,NULL,NULL,1,0,0,0,0,0,0),(537,500,1,48,4,NULL,NULL,NULL,0,'Spudder',0,NULL,NULL,NULL,1,0,0,0,0,0,0),(538,90,1,48,4,NULL,NULL,NULL,0,'Glancer',1,NULL,NULL,NULL,1,0,0,0,0,0,0),(539,125,1,48,4,NULL,NULL,NULL,0,'Gnat',0,NULL,NULL,NULL,1,0,0,0,0,0,0),(540,125,1,48,4,NULL,NULL,NULL,0,'Gnat',0,NULL,NULL,NULL,1,0,0,0,0,0,0),(541,90,1,48,4,NULL,NULL,NULL,0,'Glancer',1,NULL,NULL,NULL,1,0,0,0,0,0,0),(542,90,1,48,4,NULL,NULL,NULL,0,'Glancer',1,NULL,NULL,NULL,1,0,0,0,0,0,0),(543,90,1,48,4,NULL,NULL,NULL,0,'Glancer',1,NULL,NULL,NULL,1,0,0,0,0,0,0),(544,125,1,48,4,NULL,NULL,NULL,0,'Gnat',0,NULL,NULL,NULL,1,0,0,0,0,0,0),(545,125,1,48,4,NULL,NULL,NULL,0,'Gnat',0,NULL,NULL,NULL,1,0,0,0,0,0,0),(546,125,1,48,4,NULL,NULL,NULL,0,'Gnat',1,NULL,NULL,NULL,1,0,0,0,0,0,0),(547,125,1,48,4,NULL,NULL,NULL,0,'Gnat',0,NULL,NULL,NULL,1,0,0,0,0,0,0),(548,125,1,48,4,NULL,NULL,NULL,0,'Gnat',1,NULL,NULL,NULL,1,0,0,0,0,0,0),(549,90,1,49,4,NULL,NULL,NULL,0,'Glancer',1,NULL,NULL,NULL,1,0,0,0,0,0,0),(550,125,1,49,4,NULL,NULL,NULL,0,'Gnat',0,NULL,NULL,NULL,1,0,0,0,0,0,0),(551,125,1,49,4,NULL,NULL,NULL,0,'Gnat',0,NULL,NULL,NULL,1,0,0,0,0,0,0),(552,125,1,49,4,NULL,NULL,NULL,0,'Gnat',0,NULL,NULL,NULL,1,0,0,0,0,0,0),(553,90,1,49,4,NULL,NULL,NULL,0,'Glancer',1,NULL,NULL,NULL,1,0,0,0,0,0,0),(554,90,1,49,4,NULL,NULL,NULL,0,'Glancer',1,NULL,NULL,NULL,1,0,0,0,0,0,0),(555,90,1,49,4,NULL,NULL,NULL,0,'Glancer',1,NULL,NULL,NULL,1,0,0,0,0,0,0),(556,90,1,49,4,NULL,NULL,NULL,0,'Glancer',1,NULL,NULL,NULL,1,0,0,0,0,0,0),(557,125,1,49,4,NULL,NULL,NULL,0,'Gnat',0,NULL,NULL,NULL,1,0,0,0,0,0,0),(558,125,1,49,4,NULL,NULL,NULL,0,'Gnat',0,NULL,NULL,NULL,1,0,0,0,0,0,0),(559,125,1,49,4,NULL,NULL,NULL,0,'Gnat',1,NULL,NULL,NULL,1,0,0,0,0,0,0),(560,125,1,49,4,NULL,NULL,NULL,0,'Gnat',0,NULL,NULL,NULL,1,0,0,0,0,0,0),(561,125,1,49,4,NULL,NULL,NULL,0,'Gnat',0,NULL,NULL,NULL,1,0,0,0,0,0,0),(562,125,1,49,4,NULL,NULL,NULL,0,'Gnat',1,NULL,NULL,NULL,1,0,0,0,0,0,0),(563,900,1,50,4,NULL,NULL,NULL,0,'Gnawer',0,NULL,NULL,NULL,1,0,0,0,0,0,0),(564,900,1,50,4,NULL,NULL,NULL,0,'Gnawer',0,NULL,NULL,NULL,1,0,0,0,0,0,0),(565,500,1,50,4,NULL,NULL,NULL,0,'Spudder',0,NULL,NULL,NULL,1,0,0,0,0,0,0),(566,500,1,50,4,NULL,NULL,NULL,0,'Spudder',1,NULL,NULL,NULL,1,0,0,0,0,0,0),(567,500,1,50,4,NULL,NULL,NULL,0,'Spudder',0,NULL,NULL,NULL,1,0,0,0,0,0,0),(568,500,1,50,4,NULL,NULL,NULL,0,'Spudder',0,NULL,NULL,NULL,1,0,0,0,0,0,0),(569,90,1,50,4,NULL,NULL,NULL,0,'Glancer',1,NULL,NULL,NULL,1,0,0,0,0,0,0),(570,125,1,50,4,NULL,NULL,NULL,0,'Gnat',0,NULL,NULL,NULL,1,0,0,0,0,0,0),(571,125,1,50,4,NULL,NULL,NULL,0,'Gnat',0,NULL,NULL,NULL,1,0,0,0,0,0,0),(572,90,1,50,4,NULL,NULL,NULL,0,'Glancer',1,NULL,NULL,NULL,1,0,0,0,0,0,0),(573,90,1,50,4,NULL,NULL,NULL,0,'Glancer',1,NULL,NULL,NULL,1,0,0,0,0,0,0),(574,90,1,50,4,NULL,NULL,NULL,0,'Glancer',1,NULL,NULL,NULL,1,0,0,0,0,0,0),(575,125,1,50,4,NULL,NULL,NULL,0,'Gnat',0,NULL,NULL,NULL,1,0,0,0,0,0,0),(576,125,1,50,4,NULL,NULL,NULL,0,'Gnat',0,NULL,NULL,NULL,1,0,0,0,0,0,0),(577,125,1,50,4,NULL,NULL,NULL,0,'Gnat',1,NULL,NULL,NULL,1,0,0,0,0,0,0),(578,125,1,50,4,NULL,NULL,NULL,0,'Gnat',0,NULL,NULL,NULL,1,0,0,0,0,0,0),(579,125,1,50,4,NULL,NULL,NULL,0,'Gnat',0,NULL,NULL,NULL,1,0,0,0,0,0,0),(580,500,1,51,4,NULL,NULL,NULL,0,'Spudder',0,NULL,NULL,NULL,1,0,0,0,0,0,0),(581,90,1,51,4,NULL,NULL,NULL,0,'Glancer',1,NULL,NULL,NULL,1,0,0,0,0,0,0),(582,125,1,51,4,NULL,NULL,NULL,0,'Gnat',0,NULL,NULL,NULL,1,0,0,0,0,0,0),(583,125,1,51,4,NULL,NULL,NULL,0,'Gnat',0,NULL,NULL,NULL,1,0,0,0,0,0,0),(584,90,1,51,4,NULL,NULL,NULL,0,'Glancer',1,NULL,NULL,NULL,1,0,0,0,0,0,0),(585,90,1,51,4,NULL,NULL,NULL,0,'Glancer',1,NULL,NULL,NULL,1,0,0,0,0,0,0),(586,90,1,51,4,NULL,NULL,NULL,0,'Glancer',1,NULL,NULL,NULL,1,0,0,0,0,0,0),(587,90,1,51,4,NULL,NULL,NULL,0,'Glancer',1,NULL,NULL,NULL,1,0,0,0,0,0,0),(588,125,1,51,4,NULL,NULL,NULL,0,'Gnat',0,NULL,NULL,NULL,1,0,0,0,0,0,0),(589,125,1,51,4,NULL,NULL,NULL,0,'Gnat',0,NULL,NULL,NULL,1,0,0,0,0,0,0),(590,125,1,51,4,NULL,NULL,NULL,0,'Gnat',1,NULL,NULL,NULL,1,0,0,0,0,0,0),(591,125,1,51,4,NULL,NULL,NULL,0,'Gnat',1,NULL,NULL,NULL,1,0,0,0,0,0,0),(592,125,1,51,4,NULL,NULL,NULL,0,'Gnat',0,NULL,NULL,NULL,1,0,0,0,0,0,0),(593,90,1,52,4,NULL,NULL,NULL,0,'Glancer',1,NULL,NULL,NULL,1,0,0,0,0,0,0),(594,125,1,52,4,NULL,NULL,NULL,0,'Gnat',1,NULL,NULL,NULL,1,0,0,0,0,0,0),(595,125,1,52,4,NULL,NULL,NULL,0,'Gnat',0,NULL,NULL,NULL,1,0,0,0,0,0,0),(596,90,1,52,4,NULL,NULL,NULL,0,'Glancer',1,NULL,NULL,NULL,1,0,0,0,0,0,0),(597,90,1,52,4,NULL,NULL,NULL,0,'Glancer',1,NULL,NULL,NULL,1,0,0,0,0,0,0),(598,90,1,52,4,NULL,NULL,NULL,0,'Glancer',1,NULL,NULL,NULL,1,0,0,0,0,0,0),(599,90,1,52,4,NULL,NULL,NULL,0,'Glancer',1,NULL,NULL,NULL,1,0,0,0,0,0,0),(600,125,1,52,4,NULL,NULL,NULL,0,'Gnat',0,NULL,NULL,NULL,1,0,0,0,0,0,0),(601,125,1,52,4,NULL,NULL,NULL,0,'Gnat',0,NULL,NULL,NULL,1,0,0,0,0,0,0),(602,125,1,52,4,NULL,NULL,NULL,0,'Gnat',1,NULL,NULL,NULL,1,0,0,0,0,0,0),(603,125,1,52,4,NULL,NULL,NULL,0,'Gnat',0,NULL,NULL,NULL,1,0,0,0,0,0,0),(604,125,1,53,4,NULL,NULL,NULL,0,'Gnat',0,NULL,NULL,NULL,1,0,0,0,0,0,0),(605,125,1,53,4,NULL,NULL,NULL,0,'Gnat',0,NULL,NULL,NULL,1,0,0,0,0,0,0),(606,125,1,53,4,NULL,NULL,NULL,0,'Gnat',1,NULL,NULL,NULL,1,0,0,0,0,0,0),(607,125,1,53,4,NULL,NULL,NULL,0,'Gnat',0,NULL,NULL,NULL,1,0,0,0,0,0,0),(608,125,1,53,4,NULL,NULL,NULL,0,'Gnat',1,NULL,NULL,NULL,1,0,0,0,0,0,0),(609,125,1,53,4,NULL,NULL,NULL,0,'Gnat',1,NULL,NULL,NULL,1,0,0,0,0,0,0),(610,125,1,54,4,NULL,NULL,NULL,0,'Gnat',0,NULL,NULL,NULL,1,0,0,0,0,0,0),(611,125,1,54,4,NULL,NULL,NULL,0,'Gnat',0,NULL,NULL,NULL,1,0,0,0,0,0,0),(612,125,1,54,4,NULL,NULL,NULL,0,'Gnat',1,NULL,NULL,NULL,1,0,0,0,0,0,0),(613,125,1,54,4,NULL,NULL,NULL,0,'Gnat',1,NULL,NULL,NULL,1,0,0,0,0,0,0),(614,125,1,55,4,NULL,NULL,NULL,0,'Gnat',0,NULL,NULL,NULL,1,0,0,0,0,0,0),(615,125,1,55,4,NULL,NULL,NULL,0,'Gnat',0,NULL,NULL,NULL,1,0,0,0,0,0,0),(616,125,1,55,4,NULL,NULL,NULL,0,'Gnat',1,NULL,NULL,NULL,1,0,0,0,0,0,0),(617,125,1,55,4,NULL,NULL,NULL,0,'Gnat',0,NULL,NULL,NULL,1,0,0,0,0,0,0),(618,125,1,55,4,NULL,NULL,NULL,0,'Gnat',1,NULL,NULL,NULL,1,0,0,0,0,0,0),(619,125,1,56,4,NULL,NULL,NULL,0,'Gnat',0,NULL,NULL,NULL,1,0,0,0,0,0,0),(620,125,1,56,4,NULL,NULL,NULL,0,'Gnat',0,NULL,NULL,NULL,1,0,0,0,0,0,0),(621,125,1,56,4,NULL,NULL,NULL,0,'Gnat',1,NULL,NULL,NULL,1,0,0,0,0,0,0),(622,125,1,56,4,NULL,NULL,NULL,0,'Gnat',1,NULL,NULL,NULL,1,0,0,0,0,0,0),(623,26875,1,5,1,NULL,NULL,NULL,0,'Demosis',0,3,0,NULL,1,0,0,0,0,0,0),(624,26875,1,5,1,NULL,NULL,NULL,0,'Demosis',0,3,0,NULL,1,0,0,0,0,0,0),(625,4475,1,5,1,NULL,NULL,NULL,0,'Thor',0,3,0,NULL,1,0,0,0,0,0,0),(626,4475,1,5,1,NULL,NULL,NULL,0,'Thor',1,3,0,NULL,1,0,0,0,0,0,0),(627,4475,1,5,1,NULL,NULL,NULL,0,'Thor',1,3,0,NULL,1,0,0,0,0,0,0),(628,4475,1,5,1,NULL,NULL,NULL,0,'Thor',1,3,0,NULL,1,0,0,0,0,0,0),(629,2812,1,5,1,NULL,NULL,NULL,0,'Dirac',0,3,0,NULL,1,0,0,0,0,0,0),(630,2812,1,5,1,NULL,NULL,NULL,0,'Dirac',1,3,0,NULL,1,0,0,0,0,0,0),(631,2812,1,5,1,NULL,NULL,NULL,0,'Dirac',0,3,0,NULL,1,0,0,0,0,0,0),(632,2812,1,5,1,NULL,NULL,NULL,0,'Dirac',0,3,0,NULL,1,0,0,0,0,0,0),(633,2812,1,5,1,NULL,NULL,NULL,0,'Dirac',0,3,0,NULL,1,0,0,0,0,0,0),(634,2812,1,5,1,NULL,NULL,NULL,0,'Dirac',1,3,0,NULL,1,0,0,0,0,0,0),(635,2812,1,5,1,NULL,NULL,NULL,0,'Dirac',1,3,0,NULL,1,0,0,0,0,0,0),(636,2812,1,5,1,NULL,NULL,NULL,0,'Dirac',1,3,0,NULL,1,0,0,0,0,0,0),(637,26875,1,5,1,NULL,NULL,NULL,0,'Demosis',0,2,0,NULL,1,0,0,0,0,0,0),(638,26875,1,5,1,NULL,NULL,NULL,0,'Demosis',0,2,0,NULL,1,0,0,0,0,0,0),(639,4475,1,5,1,NULL,NULL,NULL,0,'Thor',1,2,0,NULL,1,0,0,0,0,0,0),(640,4475,1,5,1,NULL,NULL,NULL,0,'Thor',0,2,0,NULL,1,0,0,0,0,0,0),(641,4475,1,5,1,NULL,NULL,NULL,0,'Thor',1,2,0,NULL,1,0,0,0,0,0,0),(642,4475,1,5,1,NULL,NULL,NULL,0,'Thor',1,2,0,NULL,1,0,0,0,0,0,0),(643,2812,1,5,1,NULL,NULL,NULL,0,'Dirac',0,2,0,NULL,1,0,0,0,0,0,0),(644,2812,1,5,1,NULL,NULL,NULL,0,'Dirac',0,2,0,NULL,1,0,0,0,0,0,0),(645,2812,1,5,1,NULL,NULL,NULL,0,'Dirac',0,2,0,NULL,1,0,0,0,0,0,0),(646,2812,1,5,1,NULL,NULL,NULL,0,'Dirac',0,2,0,NULL,1,0,0,0,0,0,0),(647,26875,1,5,1,NULL,NULL,NULL,0,'Demosis',0,0,180,NULL,1,0,0,0,0,0,0),(648,4475,1,5,1,NULL,NULL,NULL,0,'Thor',1,0,180,NULL,1,0,0,0,0,0,0),(649,4475,1,5,1,NULL,NULL,NULL,0,'Thor',0,0,180,NULL,1,0,0,0,0,0,0),(650,4475,1,5,1,NULL,NULL,NULL,0,'Thor',1,0,180,NULL,1,0,0,0,0,0,0),(651,4475,1,5,1,NULL,NULL,NULL,0,'Thor',1,0,180,NULL,1,0,0,0,0,0,0),(652,4475,1,5,1,NULL,NULL,NULL,0,'Thor',0,0,180,NULL,1,0,0,0,0,0,0),(653,2812,1,5,1,NULL,NULL,NULL,0,'Dirac',0,0,180,NULL,1,0,0,0,0,0,0),(654,2812,1,5,1,NULL,NULL,NULL,0,'Dirac',0,0,180,NULL,1,0,0,0,0,0,0),(655,2812,1,5,1,NULL,NULL,NULL,0,'Dirac',1,0,180,NULL,1,0,0,0,0,0,0),(656,2812,1,5,1,NULL,NULL,NULL,0,'Dirac',1,0,180,NULL,1,0,0,0,0,0,0),(657,2812,1,5,1,NULL,NULL,NULL,0,'Dirac',1,0,180,NULL,1,0,0,0,0,0,0),(658,2812,1,5,1,NULL,NULL,NULL,0,'Dirac',1,0,180,NULL,1,0,0,0,0,0,0),(659,2812,1,5,1,NULL,NULL,NULL,0,'Dirac',0,0,180,NULL,1,0,0,0,0,0,0),(660,90,1,57,4,NULL,NULL,NULL,0,'Glancer',1,NULL,NULL,NULL,1,0,0,0,0,0,0),(661,90,1,57,4,NULL,NULL,NULL,0,'Glancer',1,NULL,NULL,NULL,1,0,0,0,0,0,0),(662,125,1,57,4,NULL,NULL,NULL,0,'Gnat',0,NULL,NULL,NULL,1,0,0,0,0,0,0),(663,125,1,57,4,NULL,NULL,NULL,0,'Gnat',0,NULL,NULL,NULL,1,0,0,0,0,0,0),(664,125,1,57,4,NULL,NULL,NULL,0,'Gnat',1,NULL,NULL,NULL,1,0,0,0,0,0,0),(665,125,1,57,4,NULL,NULL,NULL,0,'Gnat',0,NULL,NULL,NULL,1,0,0,0,0,0,0),(666,125,1,57,4,NULL,NULL,NULL,0,'Gnat',0,NULL,NULL,NULL,1,0,0,0,0,0,0),(667,125,1,58,4,NULL,NULL,NULL,0,'Gnat',0,NULL,NULL,NULL,1,0,0,0,0,0,0),(668,125,1,58,4,NULL,NULL,NULL,0,'Gnat',0,NULL,NULL,NULL,1,0,0,0,0,0,0),(669,125,1,58,4,NULL,NULL,NULL,0,'Gnat',1,NULL,NULL,NULL,1,0,0,0,0,0,0),(670,125,1,58,4,NULL,NULL,NULL,0,'Gnat',0,NULL,NULL,NULL,1,0,0,0,0,0,0),(671,90,1,59,4,NULL,NULL,NULL,0,'Glancer',1,NULL,NULL,NULL,1,0,0,0,0,0,0),(672,90,1,59,4,NULL,NULL,NULL,0,'Glancer',1,NULL,NULL,NULL,1,0,0,0,0,0,0),(673,125,1,59,4,NULL,NULL,NULL,0,'Gnat',0,NULL,NULL,NULL,1,0,0,0,0,0,0),(674,125,1,59,4,NULL,NULL,NULL,0,'Gnat',0,NULL,NULL,NULL,1,0,0,0,0,0,0),(675,125,1,59,4,NULL,NULL,NULL,0,'Gnat',1,NULL,NULL,NULL,1,0,0,0,0,0,0),(676,125,1,59,4,NULL,NULL,NULL,0,'Gnat',1,NULL,NULL,NULL,1,0,0,0,0,0,0),(677,125,1,59,4,NULL,NULL,NULL,0,'Gnat',1,NULL,NULL,NULL,1,0,0,0,0,0,0),(678,125,1,59,4,NULL,NULL,NULL,0,'Gnat',0,NULL,NULL,NULL,1,0,0,0,0,0,0),(679,90,1,60,4,NULL,NULL,NULL,0,'Glancer',1,NULL,NULL,NULL,1,0,0,0,0,0,0),(680,90,1,60,4,NULL,NULL,NULL,0,'Glancer',1,NULL,NULL,NULL,1,0,0,0,0,0,0),(681,125,1,60,4,NULL,NULL,NULL,0,'Gnat',0,NULL,NULL,NULL,1,0,0,0,0,0,0),(682,125,1,60,4,NULL,NULL,NULL,0,'Gnat',0,NULL,NULL,NULL,1,0,0,0,0,0,0),(683,125,1,60,4,NULL,NULL,NULL,0,'Gnat',1,NULL,NULL,NULL,1,0,0,0,0,0,0),(684,125,1,60,4,NULL,NULL,NULL,0,'Gnat',1,NULL,NULL,NULL,1,0,0,0,0,0,0),(685,125,1,60,4,NULL,NULL,NULL,0,'Gnat',1,NULL,NULL,NULL,1,0,0,0,0,0,0),(686,125,1,60,4,NULL,NULL,NULL,0,'Gnat',0,NULL,NULL,NULL,1,0,0,0,0,0,0),(687,900,1,61,4,NULL,NULL,NULL,0,'Gnawer',0,NULL,NULL,NULL,1,0,0,0,0,0,0),(688,500,1,61,4,NULL,NULL,NULL,0,'Spudder',0,NULL,NULL,NULL,1,0,0,0,0,0,0),(689,90,1,61,4,NULL,NULL,NULL,0,'Glancer',1,NULL,NULL,NULL,1,0,0,0,0,0,0),(690,125,1,61,4,NULL,NULL,NULL,0,'Gnat',0,NULL,NULL,NULL,1,0,0,0,0,0,0),(691,125,1,61,4,NULL,NULL,NULL,0,'Gnat',0,NULL,NULL,NULL,1,0,0,0,0,0,0),(692,90,1,61,4,NULL,NULL,NULL,0,'Glancer',1,NULL,NULL,NULL,1,0,0,0,0,0,0),(693,90,1,61,4,NULL,NULL,NULL,0,'Glancer',1,NULL,NULL,NULL,1,0,0,0,0,0,0),(694,90,1,61,4,NULL,NULL,NULL,0,'Glancer',1,NULL,NULL,NULL,1,0,0,0,0,0,0),(695,125,1,61,4,NULL,NULL,NULL,0,'Gnat',0,NULL,NULL,NULL,1,0,0,0,0,0,0),(696,125,1,61,4,NULL,NULL,NULL,0,'Gnat',0,NULL,NULL,NULL,1,0,0,0,0,0,0),(697,125,1,61,4,NULL,NULL,NULL,0,'Gnat',1,NULL,NULL,NULL,1,0,0,0,0,0,0),(698,125,1,61,4,NULL,NULL,NULL,0,'Gnat',0,NULL,NULL,NULL,1,0,0,0,0,0,0),(699,125,1,61,4,NULL,NULL,NULL,0,'Gnat',0,NULL,NULL,NULL,1,0,0,0,0,0,0),(700,125,1,61,4,NULL,NULL,NULL,0,'Gnat',1,NULL,NULL,NULL,1,0,0,0,0,0,0),(701,500,1,62,4,NULL,NULL,NULL,0,'Spudder',0,NULL,NULL,NULL,1,0,0,0,0,0,0),(702,90,1,62,4,NULL,NULL,NULL,0,'Glancer',1,NULL,NULL,NULL,1,0,0,0,0,0,0),(703,125,1,62,4,NULL,NULL,NULL,0,'Gnat',0,NULL,NULL,NULL,1,0,0,0,0,0,0),(704,125,1,62,4,NULL,NULL,NULL,0,'Gnat',0,NULL,NULL,NULL,1,0,0,0,0,0,0),(705,90,1,62,4,NULL,NULL,NULL,0,'Glancer',1,NULL,NULL,NULL,1,0,0,0,0,0,0),(706,90,1,62,4,NULL,NULL,NULL,0,'Glancer',1,NULL,NULL,NULL,1,0,0,0,0,0,0),(707,90,1,62,4,NULL,NULL,NULL,0,'Glancer',1,NULL,NULL,NULL,1,0,0,0,0,0,0),(708,90,1,62,4,NULL,NULL,NULL,0,'Glancer',1,NULL,NULL,NULL,1,0,0,0,0,0,0),(709,125,1,62,4,NULL,NULL,NULL,0,'Gnat',0,NULL,NULL,NULL,1,0,0,0,0,0,0),(710,125,1,62,4,NULL,NULL,NULL,0,'Gnat',0,NULL,NULL,NULL,1,0,0,0,0,0,0),(711,125,1,62,4,NULL,NULL,NULL,0,'Gnat',1,NULL,NULL,NULL,1,0,0,0,0,0,0),(712,125,1,62,4,NULL,NULL,NULL,0,'Gnat',0,NULL,NULL,NULL,1,0,0,0,0,0,0),(713,125,1,62,4,NULL,NULL,NULL,0,'Gnat',1,NULL,NULL,NULL,1,0,0,0,0,0,0),(714,125,1,62,4,NULL,NULL,NULL,0,'Gnat',1,NULL,NULL,NULL,1,0,0,0,0,0,0),(715,125,1,62,4,NULL,NULL,NULL,0,'Gnat',0,NULL,NULL,NULL,1,0,0,0,0,0,0),(716,500,1,63,4,NULL,NULL,NULL,0,'Spudder',0,NULL,NULL,NULL,1,0,0,0,0,0,0),(717,500,1,63,4,NULL,NULL,NULL,0,'Spudder',0,NULL,NULL,NULL,1,0,0,0,0,0,0),(718,90,1,63,4,NULL,NULL,NULL,0,'Glancer',1,NULL,NULL,NULL,1,0,0,0,0,0,0),(719,125,1,63,4,NULL,NULL,NULL,0,'Gnat',0,NULL,NULL,NULL,1,0,0,0,0,0,0),(720,90,1,63,4,NULL,NULL,NULL,0,'Glancer',1,NULL,NULL,NULL,1,0,0,0,0,0,0),(721,90,1,63,4,NULL,NULL,NULL,0,'Glancer',1,NULL,NULL,NULL,1,0,0,0,0,0,0),(722,90,1,63,4,NULL,NULL,NULL,0,'Glancer',1,NULL,NULL,NULL,1,0,0,0,0,0,0),(723,125,1,63,4,NULL,NULL,NULL,0,'Gnat',0,NULL,NULL,NULL,1,0,0,0,0,0,0),(724,125,1,63,4,NULL,NULL,NULL,0,'Gnat',0,NULL,NULL,NULL,1,0,0,0,0,0,0),(725,125,1,63,4,NULL,NULL,NULL,0,'Gnat',1,NULL,NULL,NULL,1,0,0,0,0,0,0),(726,125,1,63,4,NULL,NULL,NULL,0,'Gnat',1,NULL,NULL,NULL,1,0,0,0,0,0,0),(727,900,1,64,4,NULL,NULL,NULL,0,'Gnawer',0,NULL,NULL,NULL,1,0,0,0,0,0,0),(728,900,1,64,4,NULL,NULL,NULL,0,'Gnawer',0,NULL,NULL,NULL,1,0,0,0,0,0,0),(729,900,1,64,4,NULL,NULL,NULL,0,'Gnawer',0,NULL,NULL,NULL,1,0,0,0,0,0,0),(730,500,1,64,4,NULL,NULL,NULL,0,'Spudder',1,NULL,NULL,NULL,1,0,0,0,0,0,0),(731,500,1,64,4,NULL,NULL,NULL,0,'Spudder',0,NULL,NULL,NULL,1,0,0,0,0,0,0),(732,90,1,64,4,NULL,NULL,NULL,0,'Glancer',1,NULL,NULL,NULL,1,0,0,0,0,0,0),(733,125,1,64,4,NULL,NULL,NULL,0,'Gnat',1,NULL,NULL,NULL,1,0,0,0,0,0,0),(734,125,1,64,4,NULL,NULL,NULL,0,'Gnat',0,NULL,NULL,NULL,1,0,0,0,0,0,0),(735,90,1,64,4,NULL,NULL,NULL,0,'Glancer',1,NULL,NULL,NULL,1,0,0,0,0,0,0),(736,90,1,64,4,NULL,NULL,NULL,0,'Glancer',1,NULL,NULL,NULL,1,0,0,0,0,0,0),(737,90,1,64,4,NULL,NULL,NULL,0,'Glancer',1,NULL,NULL,NULL,1,0,0,0,0,0,0),(738,125,1,64,4,NULL,NULL,NULL,0,'Gnat',0,NULL,NULL,NULL,1,0,0,0,0,0,0),(739,125,1,64,4,NULL,NULL,NULL,0,'Gnat',0,NULL,NULL,NULL,1,0,0,0,0,0,0),(740,125,1,64,4,NULL,NULL,NULL,0,'Gnat',1,NULL,NULL,NULL,1,0,0,0,0,0,0),(741,125,1,64,4,NULL,NULL,NULL,0,'Gnat',1,NULL,NULL,NULL,1,0,0,0,0,0,0),(742,125,1,64,4,NULL,NULL,NULL,0,'Gnat',1,NULL,NULL,NULL,1,0,0,0,0,0,0),(743,900,1,65,4,NULL,NULL,NULL,0,'Gnawer',0,NULL,NULL,NULL,1,0,0,0,0,0,0),(744,900,1,65,4,NULL,NULL,NULL,0,'Gnawer',0,NULL,NULL,NULL,1,0,0,0,0,0,0),(745,900,1,65,4,NULL,NULL,NULL,0,'Gnawer',0,NULL,NULL,NULL,1,0,0,0,0,0,0),(746,500,1,65,4,NULL,NULL,NULL,0,'Spudder',0,NULL,NULL,NULL,1,0,0,0,0,0,0),(747,500,1,65,4,NULL,NULL,NULL,0,'Spudder',1,NULL,NULL,NULL,1,0,0,0,0,0,0),(748,500,1,65,4,NULL,NULL,NULL,0,'Spudder',1,NULL,NULL,NULL,1,0,0,0,0,0,0),(749,500,1,65,4,NULL,NULL,NULL,0,'Spudder',0,NULL,NULL,NULL,1,0,0,0,0,0,0),(750,90,1,65,4,NULL,NULL,NULL,0,'Glancer',1,NULL,NULL,NULL,1,0,0,0,0,0,0),(751,125,1,65,4,NULL,NULL,NULL,0,'Gnat',0,NULL,NULL,NULL,1,0,0,0,0,0,0),(752,125,1,65,4,NULL,NULL,NULL,0,'Gnat',1,NULL,NULL,NULL,1,0,0,0,0,0,0),(753,125,1,65,4,NULL,NULL,NULL,0,'Gnat',0,NULL,NULL,NULL,1,0,0,0,0,0,0),(754,90,1,65,4,NULL,NULL,NULL,0,'Glancer',1,NULL,NULL,NULL,1,0,0,0,0,0,0),(755,90,1,65,4,NULL,NULL,NULL,0,'Glancer',1,NULL,NULL,NULL,1,0,0,0,0,0,0),(756,90,1,65,4,NULL,NULL,NULL,0,'Glancer',1,NULL,NULL,NULL,1,0,0,0,0,0,0),(757,125,1,65,4,NULL,NULL,NULL,0,'Gnat',0,NULL,NULL,NULL,1,0,0,0,0,0,0),(758,125,1,65,4,NULL,NULL,NULL,0,'Gnat',0,NULL,NULL,NULL,1,0,0,0,0,0,0),(759,125,1,65,4,NULL,NULL,NULL,0,'Gnat',1,NULL,NULL,NULL,1,0,0,0,0,0,0),(760,125,1,65,4,NULL,NULL,NULL,0,'Gnat',1,NULL,NULL,NULL,1,0,0,0,0,0,0),(761,125,1,65,4,NULL,NULL,NULL,0,'Gnat',1,NULL,NULL,NULL,1,0,0,0,0,0,0),(762,125,1,65,4,NULL,NULL,NULL,0,'Gnat',1,NULL,NULL,NULL,1,0,0,0,0,0,0),(763,900,1,66,4,NULL,NULL,NULL,0,'Gnawer',0,NULL,NULL,NULL,1,0,0,0,0,0,0),(764,500,1,66,4,NULL,NULL,NULL,0,'Spudder',1,NULL,NULL,NULL,1,0,0,0,0,0,0),(765,500,1,66,4,NULL,NULL,NULL,0,'Spudder',0,NULL,NULL,NULL,1,0,0,0,0,0,0),(766,90,1,66,4,NULL,NULL,NULL,0,'Glancer',1,NULL,NULL,NULL,1,0,0,0,0,0,0),(767,125,1,66,4,NULL,NULL,NULL,0,'Gnat',0,NULL,NULL,NULL,1,0,0,0,0,0,0),(768,125,1,66,4,NULL,NULL,NULL,0,'Gnat',0,NULL,NULL,NULL,1,0,0,0,0,0,0),(769,90,1,66,4,NULL,NULL,NULL,0,'Glancer',1,NULL,NULL,NULL,1,0,0,0,0,0,0),(770,90,1,66,4,NULL,NULL,NULL,0,'Glancer',1,NULL,NULL,NULL,1,0,0,0,0,0,0),(771,90,1,66,4,NULL,NULL,NULL,0,'Glancer',1,NULL,NULL,NULL,1,0,0,0,0,0,0),(772,90,1,66,4,NULL,NULL,NULL,0,'Glancer',1,NULL,NULL,NULL,1,0,0,0,0,0,0),(773,90,1,66,4,NULL,NULL,NULL,0,'Glancer',1,NULL,NULL,NULL,1,0,0,0,0,0,0),(774,125,1,66,4,NULL,NULL,NULL,0,'Gnat',0,NULL,NULL,NULL,1,0,0,0,0,0,0),(775,125,1,66,4,NULL,NULL,NULL,0,'Gnat',0,NULL,NULL,NULL,1,0,0,0,0,0,0),(776,125,1,66,4,NULL,NULL,NULL,0,'Gnat',1,NULL,NULL,NULL,1,0,0,0,0,0,0),(777,125,1,66,4,NULL,NULL,NULL,0,'Gnat',0,NULL,NULL,NULL,1,0,0,0,0,0,0),(778,125,1,66,4,NULL,NULL,NULL,0,'Gnat',1,NULL,NULL,NULL,1,0,0,0,0,0,0),(779,125,1,66,4,NULL,NULL,NULL,0,'Gnat',1,NULL,NULL,NULL,1,0,0,0,0,0,0),(780,900,1,67,4,NULL,NULL,NULL,0,'Gnawer',0,NULL,NULL,NULL,1,0,0,0,0,0,0),(781,900,1,67,4,NULL,NULL,NULL,0,'Gnawer',0,NULL,NULL,NULL,1,0,0,0,0,0,0),(782,500,1,67,4,NULL,NULL,NULL,0,'Spudder',0,NULL,NULL,NULL,1,0,0,0,0,0,0),(783,500,1,67,4,NULL,NULL,NULL,0,'Spudder',0,NULL,NULL,NULL,1,0,0,0,0,0,0),(784,500,1,67,4,NULL,NULL,NULL,0,'Spudder',1,NULL,NULL,NULL,1,0,0,0,0,0,0),(785,500,1,67,4,NULL,NULL,NULL,0,'Spudder',0,NULL,NULL,NULL,1,0,0,0,0,0,0),(786,90,1,67,4,NULL,NULL,NULL,0,'Glancer',1,NULL,NULL,NULL,1,0,0,0,0,0,0),(787,125,1,67,4,NULL,NULL,NULL,0,'Gnat',0,NULL,NULL,NULL,1,0,0,0,0,0,0),(788,125,1,67,4,NULL,NULL,NULL,0,'Gnat',1,NULL,NULL,NULL,1,0,0,0,0,0,0),(789,125,1,67,4,NULL,NULL,NULL,0,'Gnat',0,NULL,NULL,NULL,1,0,0,0,0,0,0),(790,125,1,67,4,NULL,NULL,NULL,0,'Gnat',0,NULL,NULL,NULL,1,0,0,0,0,0,0),(791,90,1,67,4,NULL,NULL,NULL,0,'Glancer',1,NULL,NULL,NULL,1,0,0,0,0,0,0),(792,90,1,67,4,NULL,NULL,NULL,0,'Glancer',1,NULL,NULL,NULL,1,0,0,0,0,0,0),(793,90,1,67,4,NULL,NULL,NULL,0,'Glancer',1,NULL,NULL,NULL,1,0,0,0,0,0,0),(794,125,1,67,4,NULL,NULL,NULL,0,'Gnat',0,NULL,NULL,NULL,1,0,0,0,0,0,0),(795,125,1,67,4,NULL,NULL,NULL,0,'Gnat',0,NULL,NULL,NULL,1,0,0,0,0,0,0),(796,125,1,67,4,NULL,NULL,NULL,0,'Gnat',1,NULL,NULL,NULL,1,0,0,0,0,0,0),(797,125,1,67,4,NULL,NULL,NULL,0,'Gnat',0,NULL,NULL,NULL,1,0,0,0,0,0,0),(798,125,1,67,4,NULL,NULL,NULL,0,'Gnat',1,NULL,NULL,NULL,1,0,0,0,0,0,0),(799,125,1,67,4,NULL,NULL,NULL,0,'Gnat',1,NULL,NULL,NULL,1,0,0,0,0,0,0),(800,90,1,68,4,NULL,NULL,NULL,0,'Glancer',1,NULL,NULL,NULL,1,0,0,0,0,0,0),(801,125,1,68,4,NULL,NULL,NULL,0,'Gnat',0,NULL,NULL,NULL,1,0,0,0,0,0,0),(802,125,1,68,4,NULL,NULL,NULL,0,'Gnat',0,NULL,NULL,NULL,1,0,0,0,0,0,0),(803,90,1,68,4,NULL,NULL,NULL,0,'Glancer',1,NULL,NULL,NULL,1,0,0,0,0,0,0),(804,90,1,68,4,NULL,NULL,NULL,0,'Glancer',1,NULL,NULL,NULL,1,0,0,0,0,0,0),(805,90,1,68,4,NULL,NULL,NULL,0,'Glancer',1,NULL,NULL,NULL,1,0,0,0,0,0,0),(806,125,1,68,4,NULL,NULL,NULL,0,'Gnat',0,NULL,NULL,NULL,1,0,0,0,0,0,0),(807,125,1,68,4,NULL,NULL,NULL,0,'Gnat',0,NULL,NULL,NULL,1,0,0,0,0,0,0),(808,125,1,68,4,NULL,NULL,NULL,0,'Gnat',1,NULL,NULL,NULL,1,0,0,0,0,0,0),(809,125,1,68,4,NULL,NULL,NULL,0,'Gnat',1,NULL,NULL,NULL,1,0,0,0,0,0,0),(810,125,1,68,4,NULL,NULL,NULL,0,'Gnat',0,NULL,NULL,NULL,1,0,0,0,0,0,0),(811,500,1,69,4,NULL,NULL,NULL,0,'Spudder',1,NULL,NULL,NULL,1,0,0,0,0,0,0),(812,500,1,69,4,NULL,NULL,NULL,0,'Spudder',0,NULL,NULL,NULL,1,0,0,0,0,0,0),(813,125,1,69,4,NULL,NULL,NULL,0,'Gnat',0,NULL,NULL,NULL,1,0,0,0,0,0,0),(814,90,1,69,4,NULL,NULL,NULL,0,'Glancer',1,NULL,NULL,NULL,1,0,0,0,0,0,0),(815,90,1,69,4,NULL,NULL,NULL,0,'Glancer',1,NULL,NULL,NULL,1,0,0,0,0,0,0),(816,125,1,69,4,NULL,NULL,NULL,0,'Gnat',0,NULL,NULL,NULL,1,0,0,0,0,0,0),(817,125,1,69,4,NULL,NULL,NULL,0,'Gnat',0,NULL,NULL,NULL,1,0,0,0,0,0,0),(818,125,1,69,4,NULL,NULL,NULL,0,'Gnat',1,NULL,NULL,NULL,1,0,0,0,0,0,0),(819,125,1,69,4,NULL,NULL,NULL,0,'Gnat',0,NULL,NULL,NULL,1,0,0,0,0,0,0),(820,125,1,69,4,NULL,NULL,NULL,0,'Gnat',1,NULL,NULL,NULL,1,0,0,0,0,0,0),(821,90,1,70,4,NULL,NULL,NULL,0,'Glancer',1,NULL,NULL,NULL,1,0,0,0,0,0,0),(822,125,1,70,4,NULL,NULL,NULL,0,'Gnat',0,NULL,NULL,NULL,1,0,0,0,0,0,0),(823,90,1,70,4,NULL,NULL,NULL,0,'Glancer',1,NULL,NULL,NULL,1,0,0,0,0,0,0),(824,90,1,70,4,NULL,NULL,NULL,0,'Glancer',1,NULL,NULL,NULL,1,0,0,0,0,0,0),(825,90,1,70,4,NULL,NULL,NULL,0,'Glancer',1,NULL,NULL,NULL,1,0,0,0,0,0,0),(826,90,1,70,4,NULL,NULL,NULL,0,'Glancer',1,NULL,NULL,NULL,1,0,0,0,0,0,0),(827,125,1,70,4,NULL,NULL,NULL,0,'Gnat',0,NULL,NULL,NULL,1,0,0,0,0,0,0),(828,125,1,70,4,NULL,NULL,NULL,0,'Gnat',0,NULL,NULL,NULL,1,0,0,0,0,0,0),(829,125,1,70,4,NULL,NULL,NULL,0,'Gnat',1,NULL,NULL,NULL,1,0,0,0,0,0,0),(830,125,1,70,4,NULL,NULL,NULL,0,'Gnat',0,NULL,NULL,NULL,1,0,0,0,0,0,0),(831,125,1,70,4,NULL,NULL,NULL,0,'Gnat',1,NULL,NULL,NULL,1,0,0,0,0,0,0),(832,125,1,70,4,NULL,NULL,NULL,0,'Gnat',1,NULL,NULL,NULL,1,0,0,0,0,0,0),(833,125,1,71,4,NULL,NULL,NULL,0,'Gnat',0,NULL,NULL,NULL,1,0,0,0,0,0,0),(834,125,1,71,4,NULL,NULL,NULL,0,'Gnat',0,NULL,NULL,NULL,1,0,0,0,0,0,0),(835,125,1,71,4,NULL,NULL,NULL,0,'Gnat',1,NULL,NULL,NULL,1,0,0,0,0,0,0),(836,125,1,71,4,NULL,NULL,NULL,0,'Gnat',0,NULL,NULL,NULL,1,0,0,0,0,0,0),(837,125,1,71,4,NULL,NULL,NULL,0,'Gnat',1,NULL,NULL,NULL,1,0,0,0,0,0,0),(838,125,1,72,4,NULL,NULL,NULL,0,'Gnat',0,NULL,NULL,NULL,1,0,0,0,0,0,0),(839,125,1,72,4,NULL,NULL,NULL,0,'Gnat',0,NULL,NULL,NULL,1,0,0,0,0,0,0),(840,125,1,72,4,NULL,NULL,NULL,0,'Gnat',1,NULL,NULL,NULL,1,0,0,0,0,0,0),(841,125,1,73,4,NULL,NULL,NULL,0,'Gnat',0,NULL,NULL,NULL,1,0,0,0,0,0,0),(842,125,1,73,4,NULL,NULL,NULL,0,'Gnat',0,NULL,NULL,NULL,1,0,0,0,0,0,0),(843,125,1,73,4,NULL,NULL,NULL,0,'Gnat',1,NULL,NULL,NULL,1,0,0,0,0,0,0),(844,125,1,73,4,NULL,NULL,NULL,0,'Gnat',0,NULL,NULL,NULL,1,0,0,0,0,0,0),(845,125,1,73,4,NULL,NULL,NULL,0,'Gnat',1,NULL,NULL,NULL,1,0,0,0,0,0,0),(846,26875,1,5,1,NULL,NULL,NULL,0,'Demosis',0,2,300,NULL,1,0,0,0,0,0,0),(847,26875,1,5,1,NULL,NULL,NULL,0,'Demosis',0,2,300,NULL,1,0,0,0,0,0,0),(848,4475,1,5,1,NULL,NULL,NULL,0,'Thor',1,2,300,NULL,1,0,0,0,0,0,0),(849,2812,1,5,1,NULL,NULL,NULL,0,'Dirac',0,2,300,NULL,1,0,0,0,0,0,0),(850,2812,1,5,1,NULL,NULL,NULL,0,'Dirac',0,2,300,NULL,1,0,0,0,0,0,0),(851,2812,1,5,1,NULL,NULL,NULL,0,'Dirac',0,2,300,NULL,1,0,0,0,0,0,0),(852,2812,1,5,1,NULL,NULL,NULL,0,'Dirac',1,2,300,NULL,1,0,0,0,0,0,0),(853,2812,1,5,1,NULL,NULL,NULL,0,'Dirac',0,2,300,NULL,1,0,0,0,0,0,0),(854,2812,1,5,1,NULL,NULL,NULL,0,'Dirac',0,2,300,NULL,1,0,0,0,0,0,0),(855,2812,1,5,1,NULL,NULL,NULL,0,'Dirac',0,2,300,NULL,1,0,0,0,0,0,0),(856,2812,1,5,1,NULL,NULL,NULL,0,'Dirac',1,2,300,NULL,1,0,0,0,0,0,0),(857,4475,1,8,1,NULL,NULL,NULL,0,'Thor',1,1,45,NULL,1,0,0,0,0,0,0),(858,4475,1,8,1,NULL,NULL,NULL,0,'Thor',0,1,45,NULL,1,0,0,0,0,0,0),(859,2812,1,8,1,NULL,NULL,NULL,0,'Dirac',1,1,45,NULL,1,0,0,0,0,0,0),(860,2812,1,8,1,NULL,NULL,NULL,0,'Dirac',0,1,45,NULL,1,0,0,0,0,0,0),(861,2812,1,8,1,NULL,NULL,NULL,0,'Dirac',1,1,45,NULL,1,0,0,0,0,0,0),(862,2812,1,8,1,NULL,NULL,NULL,0,'Dirac',1,1,45,NULL,1,0,0,0,0,0,0),(863,26875,1,8,1,NULL,NULL,NULL,0,'Demosis',0,1,225,NULL,1,0,0,0,0,0,0),(864,26875,1,8,1,NULL,NULL,NULL,0,'Demosis',0,1,225,NULL,1,0,0,0,0,0,0),(865,4475,1,8,1,NULL,NULL,NULL,0,'Thor',0,1,225,NULL,1,0,0,0,0,0,0),(866,4475,1,8,1,NULL,NULL,NULL,0,'Thor',1,1,225,NULL,1,0,0,0,0,0,0),(867,2812,1,8,1,NULL,NULL,NULL,0,'Dirac',0,1,225,NULL,1,0,0,0,0,0,0),(868,2812,1,8,1,NULL,NULL,NULL,0,'Dirac',0,1,225,NULL,1,0,0,0,0,0,0),(869,2812,1,8,1,NULL,NULL,NULL,0,'Dirac',1,1,225,NULL,1,0,0,0,0,0,0),(870,2812,1,8,1,NULL,NULL,NULL,0,'Dirac',1,1,225,NULL,1,0,0,0,0,0,0),(871,2812,1,8,1,NULL,NULL,NULL,0,'Dirac',1,1,225,NULL,1,0,0,0,0,0,0),(872,2812,1,8,1,NULL,NULL,NULL,0,'Dirac',1,1,225,NULL,1,0,0,0,0,0,0),(873,2812,1,8,1,NULL,NULL,NULL,0,'Dirac',1,1,225,NULL,1,0,0,0,0,0,0),(874,26875,1,8,1,NULL,NULL,NULL,0,'Demosis',0,2,90,NULL,1,0,0,0,0,0,0),(875,26875,1,8,1,NULL,NULL,NULL,0,'Demosis',0,2,90,NULL,1,0,0,0,0,0,0),(876,4475,1,8,1,NULL,NULL,NULL,0,'Thor',1,2,90,NULL,1,0,0,0,0,0,0),(877,4475,1,8,1,NULL,NULL,NULL,0,'Thor',1,2,90,NULL,1,0,0,0,0,0,0),(878,4475,1,8,1,NULL,NULL,NULL,0,'Thor',1,2,90,NULL,1,0,0,0,0,0,0),(879,2812,1,8,1,NULL,NULL,NULL,0,'Dirac',0,2,90,NULL,1,0,0,0,0,0,0),(880,2812,1,8,1,NULL,NULL,NULL,0,'Dirac',0,2,90,NULL,1,0,0,0,0,0,0),(881,2812,1,8,1,NULL,NULL,NULL,0,'Dirac',0,2,90,NULL,1,0,0,0,0,0,0),(882,2812,1,8,1,NULL,NULL,NULL,0,'Dirac',1,2,90,NULL,1,0,0,0,0,0,0),(883,2812,1,8,1,NULL,NULL,NULL,0,'Dirac',0,2,90,NULL,1,0,0,0,0,0,0),(884,2812,1,8,1,NULL,NULL,NULL,0,'Dirac',0,2,90,NULL,1,0,0,0,0,0,0),(885,2812,1,8,1,NULL,NULL,NULL,0,'Dirac',0,2,90,NULL,1,0,0,0,0,0,0),(886,26875,1,8,1,NULL,NULL,NULL,0,'Demosis',0,2,120,NULL,1,0,0,0,0,0,0),(887,4475,1,8,1,NULL,NULL,NULL,0,'Thor',0,2,120,NULL,1,0,0,0,0,0,0),(888,4475,1,8,1,NULL,NULL,NULL,0,'Thor',1,2,120,NULL,1,0,0,0,0,0,0),(889,4475,1,8,1,NULL,NULL,NULL,0,'Thor',0,2,120,NULL,1,0,0,0,0,0,0),(890,2812,1,8,1,NULL,NULL,NULL,0,'Dirac',1,2,120,NULL,1,0,0,0,0,0,0),(891,2812,1,8,1,NULL,NULL,NULL,0,'Dirac',0,2,120,NULL,1,0,0,0,0,0,0),(892,2812,1,8,1,NULL,NULL,NULL,0,'Dirac',1,2,120,NULL,1,0,0,0,0,0,0),(893,2812,1,8,1,NULL,NULL,NULL,0,'Dirac',0,2,120,NULL,1,0,0,0,0,0,0),(894,2812,1,8,1,NULL,NULL,NULL,0,'Dirac',1,2,120,NULL,1,0,0,0,0,0,0),(895,2812,1,8,1,NULL,NULL,NULL,0,'Dirac',0,2,120,NULL,1,0,0,0,0,0,0),(896,2812,1,8,1,NULL,NULL,NULL,0,'Dirac',1,2,120,NULL,1,0,0,0,0,0,0),(897,2812,1,8,1,NULL,NULL,NULL,0,'Dirac',0,2,120,NULL,1,0,0,0,0,0,0),(898,26875,1,8,1,NULL,NULL,NULL,0,'Demosis',0,3,246,NULL,1,0,0,0,0,0,0),(899,26875,1,8,1,NULL,NULL,NULL,0,'Demosis',0,3,246,NULL,1,0,0,0,0,0,0),(900,4475,1,8,1,NULL,NULL,NULL,0,'Thor',0,3,246,NULL,1,0,0,0,0,0,0),(901,4475,1,8,1,NULL,NULL,NULL,0,'Thor',1,3,246,NULL,1,0,0,0,0,0,0),(902,4475,1,8,1,NULL,NULL,NULL,0,'Thor',0,3,246,NULL,1,0,0,0,0,0,0),(903,4475,1,8,1,NULL,NULL,NULL,0,'Thor',0,3,246,NULL,1,0,0,0,0,0,0),(904,4475,1,8,1,NULL,NULL,NULL,0,'Thor',0,3,246,NULL,1,0,0,0,0,0,0),(905,4475,1,8,1,NULL,NULL,NULL,0,'Thor',0,3,246,NULL,1,0,0,0,0,0,0),(906,4475,1,8,1,NULL,NULL,NULL,0,'Thor',0,3,246,NULL,1,0,0,0,0,0,0),(907,2812,1,8,1,NULL,NULL,NULL,0,'Dirac',0,3,246,NULL,1,0,0,0,0,0,0),(908,2812,1,8,1,NULL,NULL,NULL,0,'Dirac',0,3,246,NULL,1,0,0,0,0,0,0),(909,2812,1,8,1,NULL,NULL,NULL,0,'Dirac',1,3,246,NULL,1,0,0,0,0,0,0),(910,2812,1,8,1,NULL,NULL,NULL,0,'Dirac',1,3,246,NULL,1,0,0,0,0,0,0),(911,2812,1,8,1,NULL,NULL,NULL,0,'Dirac',1,3,246,NULL,1,0,0,0,0,0,0),(912,2812,1,8,1,NULL,NULL,NULL,0,'Dirac',1,3,246,NULL,1,0,0,0,0,0,0),(913,4475,1,8,1,NULL,NULL,NULL,0,'Thor',0,1,180,NULL,1,0,0,0,0,0,0),(914,4475,1,8,1,NULL,NULL,NULL,0,'Thor',1,1,180,NULL,1,0,0,0,0,0,0),(915,4475,1,8,1,NULL,NULL,NULL,0,'Thor',0,1,180,NULL,1,0,0,0,0,0,0),(916,4475,1,8,1,NULL,NULL,NULL,0,'Thor',0,1,180,NULL,1,0,0,0,0,0,0),(917,4475,1,8,1,NULL,NULL,NULL,0,'Thor',1,1,180,NULL,1,0,0,0,0,0,0),(918,2812,1,8,1,NULL,NULL,NULL,0,'Dirac',0,1,180,NULL,1,0,0,0,0,0,0),(919,2812,1,8,1,NULL,NULL,NULL,0,'Dirac',1,1,180,NULL,1,0,0,0,0,0,0),(920,2812,1,8,1,NULL,NULL,NULL,0,'Dirac',1,1,180,NULL,1,0,0,0,0,0,0),(921,2812,1,8,1,NULL,NULL,NULL,0,'Dirac',1,1,180,NULL,1,0,0,0,0,0,0),(922,2812,1,8,1,NULL,NULL,NULL,0,'Dirac',1,1,180,NULL,1,0,0,0,0,0,0),(923,2812,1,8,1,NULL,NULL,NULL,0,'Dirac',1,1,180,NULL,1,0,0,0,0,0,0),(924,2812,1,8,1,NULL,NULL,NULL,0,'Dirac',0,1,180,NULL,1,0,0,0,0,0,0),(925,2812,1,8,1,NULL,NULL,NULL,0,'Dirac',0,1,180,NULL,1,0,0,0,0,0,0),(926,4475,1,8,1,NULL,NULL,NULL,0,'Thor',0,2,210,NULL,1,0,0,0,0,0,0),(927,4475,1,8,1,NULL,NULL,NULL,0,'Thor',0,2,210,NULL,1,0,0,0,0,0,0),(928,4475,1,8,1,NULL,NULL,NULL,0,'Thor',1,2,210,NULL,1,0,0,0,0,0,0),(929,4475,1,8,1,NULL,NULL,NULL,0,'Thor',0,2,210,NULL,1,0,0,0,0,0,0),(930,4475,1,8,1,NULL,NULL,NULL,0,'Thor',1,2,210,NULL,1,0,0,0,0,0,0),(931,4475,1,8,1,NULL,NULL,NULL,0,'Thor',1,2,210,NULL,1,0,0,0,0,0,0),(932,2812,1,8,1,NULL,NULL,NULL,0,'Dirac',1,2,210,NULL,1,0,0,0,0,0,0),(933,2812,1,8,1,NULL,NULL,NULL,0,'Dirac',1,2,210,NULL,1,0,0,0,0,0,0),(934,2812,1,8,1,NULL,NULL,NULL,0,'Dirac',1,2,210,NULL,1,0,0,0,0,0,0),(935,2812,1,8,1,NULL,NULL,NULL,0,'Dirac',1,2,210,NULL,1,0,0,0,0,0,0),(936,26875,1,8,1,NULL,NULL,NULL,0,'Demosis',0,3,156,NULL,1,0,0,0,0,0,0),(937,4475,1,8,1,NULL,NULL,NULL,0,'Thor',0,3,156,NULL,1,0,0,0,0,0,0),(938,4475,1,8,1,NULL,NULL,NULL,0,'Thor',1,3,156,NULL,1,0,0,0,0,0,0),(939,4475,1,8,1,NULL,NULL,NULL,0,'Thor',1,3,156,NULL,1,0,0,0,0,0,0),(940,4475,1,8,1,NULL,NULL,NULL,0,'Thor',1,3,156,NULL,1,0,0,0,0,0,0),(941,4475,1,8,1,NULL,NULL,NULL,0,'Thor',1,3,156,NULL,1,0,0,0,0,0,0),(942,4475,1,8,1,NULL,NULL,NULL,0,'Thor',1,3,156,NULL,1,0,0,0,0,0,0),(943,4475,1,8,1,NULL,NULL,NULL,0,'Thor',0,3,156,NULL,1,0,0,0,0,0,0),(944,2812,1,8,1,NULL,NULL,NULL,0,'Dirac',1,3,156,NULL,1,0,0,0,0,0,0),(945,2812,1,8,1,NULL,NULL,NULL,0,'Dirac',0,3,156,NULL,1,0,0,0,0,0,0),(946,2812,1,8,1,NULL,NULL,NULL,0,'Dirac',0,3,156,NULL,1,0,0,0,0,0,0),(947,2812,1,8,1,NULL,NULL,NULL,0,'Dirac',0,3,156,NULL,1,0,0,0,0,0,0),(948,2812,1,8,1,NULL,NULL,NULL,0,'Dirac',0,3,156,NULL,1,0,0,0,0,0,0),(949,2812,1,8,1,NULL,NULL,NULL,0,'Dirac',0,3,156,NULL,1,0,0,0,0,0,0),(950,2812,1,8,1,NULL,NULL,NULL,0,'Dirac',1,3,156,NULL,1,0,0,0,0,0,0),(951,2812,1,8,1,NULL,NULL,NULL,0,'Dirac',0,3,156,NULL,1,0,0,0,0,0,0),(952,26875,1,8,1,NULL,NULL,NULL,0,'Demosis',0,1,315,NULL,1,0,0,0,0,0,0),(953,4475,1,8,1,NULL,NULL,NULL,0,'Thor',0,1,315,NULL,1,0,0,0,0,0,0),(954,4475,1,8,1,NULL,NULL,NULL,0,'Thor',0,1,315,NULL,1,0,0,0,0,0,0),(955,2812,1,8,1,NULL,NULL,NULL,0,'Dirac',0,1,315,NULL,1,0,0,0,0,0,0),(956,2812,1,8,1,NULL,NULL,NULL,0,'Dirac',0,1,315,NULL,1,0,0,0,0,0,0),(957,2812,1,8,1,NULL,NULL,NULL,0,'Dirac',1,1,315,NULL,1,0,0,0,0,0,0),(958,2812,1,8,1,NULL,NULL,NULL,0,'Dirac',0,1,315,NULL,1,0,0,0,0,0,0),(959,2812,1,8,1,NULL,NULL,NULL,0,'Dirac',1,1,315,NULL,1,0,0,0,0,0,0),(960,26875,1,8,1,NULL,NULL,NULL,0,'Demosis',0,2,240,NULL,1,0,0,0,0,0,0),(961,4475,1,8,1,NULL,NULL,NULL,0,'Thor',1,2,240,NULL,1,0,0,0,0,0,0),(962,4475,1,8,1,NULL,NULL,NULL,0,'Thor',0,2,240,NULL,1,0,0,0,0,0,0),(963,4475,1,8,1,NULL,NULL,NULL,0,'Thor',0,2,240,NULL,1,0,0,0,0,0,0),(964,4475,1,8,1,NULL,NULL,NULL,0,'Thor',1,2,240,NULL,1,0,0,0,0,0,0),(965,4475,1,8,1,NULL,NULL,NULL,0,'Thor',0,2,240,NULL,1,0,0,0,0,0,0),(966,2812,1,8,1,NULL,NULL,NULL,0,'Dirac',1,2,240,NULL,1,0,0,0,0,0,0),(967,2812,1,8,1,NULL,NULL,NULL,0,'Dirac',1,2,240,NULL,1,0,0,0,0,0,0),(968,2812,1,8,1,NULL,NULL,NULL,0,'Dirac',0,2,240,NULL,1,0,0,0,0,0,0),(969,2812,1,8,1,NULL,NULL,NULL,0,'Dirac',1,2,240,NULL,1,0,0,0,0,0,0),(970,2812,1,8,1,NULL,NULL,NULL,0,'Dirac',0,2,240,NULL,1,0,0,0,0,0,0),(971,26875,1,8,1,NULL,NULL,NULL,0,'Demosis',0,2,60,NULL,1,0,0,0,0,0,0),(972,4475,1,8,1,NULL,NULL,NULL,0,'Thor',0,2,60,NULL,1,0,0,0,0,0,0),(973,2812,1,8,1,NULL,NULL,NULL,0,'Dirac',0,2,60,NULL,1,0,0,0,0,0,0),(974,2812,1,8,1,NULL,NULL,NULL,0,'Dirac',1,2,60,NULL,1,0,0,0,0,0,0),(975,2812,1,8,1,NULL,NULL,NULL,0,'Dirac',1,2,60,NULL,1,0,0,0,0,0,0),(976,2812,1,8,1,NULL,NULL,NULL,0,'Dirac',0,2,60,NULL,1,0,0,0,0,0,0),(977,2812,1,8,1,NULL,NULL,NULL,0,'Dirac',0,2,60,NULL,1,0,0,0,0,0,0),(978,4475,1,8,1,NULL,NULL,NULL,0,'Thor',1,1,0,NULL,1,0,0,0,0,0,0),(979,4475,1,8,1,NULL,NULL,NULL,0,'Thor',1,1,0,NULL,1,0,0,0,0,0,0),(980,4475,1,8,1,NULL,NULL,NULL,0,'Thor',0,1,0,NULL,1,0,0,0,0,0,0),(981,2812,1,8,1,NULL,NULL,NULL,0,'Dirac',1,1,0,NULL,1,0,0,0,0,0,0),(982,2812,1,8,1,NULL,NULL,NULL,0,'Dirac',1,1,0,NULL,1,0,0,0,0,0,0),(983,2812,1,8,1,NULL,NULL,NULL,0,'Dirac',1,1,0,NULL,1,0,0,0,0,0,0),(984,2812,1,8,1,NULL,NULL,NULL,0,'Dirac',0,1,0,NULL,1,0,0,0,0,0,0),(985,4475,1,8,1,NULL,NULL,NULL,0,'Thor',1,1,270,NULL,1,0,0,0,0,0,0),(986,2812,1,8,1,NULL,NULL,NULL,0,'Dirac',0,1,270,NULL,1,0,0,0,0,0,0),(987,2812,1,8,1,NULL,NULL,NULL,0,'Dirac',1,1,270,NULL,1,0,0,0,0,0,0),(988,2812,1,8,1,NULL,NULL,NULL,0,'Dirac',1,1,270,NULL,1,0,0,0,0,0,0),(989,2812,1,8,1,NULL,NULL,NULL,0,'Dirac',1,1,270,NULL,1,0,0,0,0,0,0),(990,4475,1,8,1,NULL,NULL,NULL,0,'Thor',0,2,180,NULL,1,0,0,0,0,0,0),(991,4475,1,8,1,NULL,NULL,NULL,0,'Thor',1,2,180,NULL,1,0,0,0,0,0,0),(992,2812,1,8,1,NULL,NULL,NULL,0,'Dirac',0,2,180,NULL,1,0,0,0,0,0,0),(993,2812,1,8,1,NULL,NULL,NULL,0,'Dirac',1,2,180,NULL,1,0,0,0,0,0,0),(994,2812,1,8,1,NULL,NULL,NULL,0,'Dirac',0,2,180,NULL,1,0,0,0,0,0,0),(995,2812,1,8,1,NULL,NULL,NULL,0,'Dirac',0,2,180,NULL,1,0,0,0,0,0,0),(996,2812,1,8,1,NULL,NULL,NULL,0,'Dirac',1,2,180,NULL,1,0,0,0,0,0,0),(997,4475,1,8,1,NULL,NULL,NULL,0,'Thor',1,0,90,NULL,1,0,0,0,0,0,0),(998,4475,1,8,1,NULL,NULL,NULL,0,'Thor',0,0,90,NULL,1,0,0,0,0,0,0),(999,2812,1,8,1,NULL,NULL,NULL,0,'Dirac',0,0,90,NULL,1,0,0,0,0,0,0),(1000,2812,1,8,1,NULL,NULL,NULL,0,'Dirac',1,0,90,NULL,1,0,0,0,0,0,0),(1001,2812,1,8,1,NULL,NULL,NULL,0,'Dirac',1,0,90,NULL,1,0,0,0,0,0,0),(1002,2812,1,8,1,NULL,NULL,NULL,0,'Dirac',0,0,90,NULL,1,0,0,0,0,0,0),(1003,2812,1,8,1,NULL,NULL,NULL,0,'Dirac',1,0,90,NULL,1,0,0,0,0,0,0),(1004,26875,1,8,1,NULL,NULL,NULL,0,'Demosis',0,3,270,NULL,1,0,0,0,0,0,0),(1005,4475,1,8,1,NULL,NULL,NULL,0,'Thor',0,3,270,NULL,1,0,0,0,0,0,0),(1006,4475,1,8,1,NULL,NULL,NULL,0,'Thor',0,3,270,NULL,1,0,0,0,0,0,0),(1007,4475,1,8,1,NULL,NULL,NULL,0,'Thor',0,3,270,NULL,1,0,0,0,0,0,0),(1008,4475,1,8,1,NULL,NULL,NULL,0,'Thor',1,3,270,NULL,1,0,0,0,0,0,0),(1009,4475,1,8,1,NULL,NULL,NULL,0,'Thor',1,3,270,NULL,1,0,0,0,0,0,0),(1010,4475,1,8,1,NULL,NULL,NULL,0,'Thor',1,3,270,NULL,1,0,0,0,0,0,0),(1011,4475,1,8,1,NULL,NULL,NULL,0,'Thor',0,3,270,NULL,1,0,0,0,0,0,0),(1012,2812,1,8,1,NULL,NULL,NULL,0,'Dirac',0,3,270,NULL,1,0,0,0,0,0,0),(1013,2812,1,8,1,NULL,NULL,NULL,0,'Dirac',0,3,270,NULL,1,0,0,0,0,0,0),(1014,2812,1,8,1,NULL,NULL,NULL,0,'Dirac',1,3,270,NULL,1,0,0,0,0,0,0),(1015,2812,1,8,1,NULL,NULL,NULL,0,'Dirac',1,3,270,NULL,1,0,0,0,0,0,0),(1016,2812,1,8,1,NULL,NULL,NULL,0,'Dirac',0,3,270,NULL,1,0,0,0,0,0,0),(1017,2812,1,8,1,NULL,NULL,NULL,0,'Dirac',1,3,270,NULL,1,0,0,0,0,0,0),(1018,2812,1,8,1,NULL,NULL,NULL,0,'Dirac',0,3,270,NULL,1,0,0,0,0,0,0),(1019,4475,1,8,1,NULL,NULL,NULL,0,'Thor',1,2,0,NULL,1,0,0,0,0,0,0),(1020,4475,1,8,1,NULL,NULL,NULL,0,'Thor',0,2,0,NULL,1,0,0,0,0,0,0),(1021,4475,1,8,1,NULL,NULL,NULL,0,'Thor',1,2,0,NULL,1,0,0,0,0,0,0),(1022,4475,1,8,1,NULL,NULL,NULL,0,'Thor',0,2,0,NULL,1,0,0,0,0,0,0),(1023,4475,1,8,1,NULL,NULL,NULL,0,'Thor',0,2,0,NULL,1,0,0,0,0,0,0),(1024,2812,1,8,1,NULL,NULL,NULL,0,'Dirac',1,2,0,NULL,1,0,0,0,0,0,0),(1025,2812,1,8,1,NULL,NULL,NULL,0,'Dirac',0,2,0,NULL,1,0,0,0,0,0,0),(1026,2812,1,8,1,NULL,NULL,NULL,0,'Dirac',1,2,0,NULL,1,0,0,0,0,0,0),(1027,2812,1,8,1,NULL,NULL,NULL,0,'Dirac',0,2,0,NULL,1,0,0,0,0,0,0),(1028,2812,1,8,1,NULL,NULL,NULL,0,'Dirac',0,2,0,NULL,1,0,0,0,0,0,0),(1029,2812,1,8,1,NULL,NULL,NULL,0,'Dirac',0,2,0,NULL,1,0,0,0,0,0,0),(1030,4475,1,8,1,NULL,NULL,NULL,0,'Thor',0,0,180,NULL,1,0,0,0,0,0,0),(1031,4475,1,8,1,NULL,NULL,NULL,0,'Thor',1,0,180,NULL,1,0,0,0,0,0,0),(1032,4475,1,8,1,NULL,NULL,NULL,0,'Thor',1,0,180,NULL,1,0,0,0,0,0,0),(1033,2812,1,8,1,NULL,NULL,NULL,0,'Dirac',1,0,180,NULL,1,0,0,0,0,0,0),(1034,2812,1,8,1,NULL,NULL,NULL,0,'Dirac',0,0,180,NULL,1,0,0,0,0,0,0),(1035,2812,1,8,1,NULL,NULL,NULL,0,'Dirac',1,0,180,NULL,1,0,0,0,0,0,0),(1036,4475,1,8,1,NULL,NULL,NULL,0,'Thor',1,2,300,NULL,1,0,0,0,0,0,0),(1037,4475,1,8,1,NULL,NULL,NULL,0,'Thor',1,2,300,NULL,1,0,0,0,0,0,0),(1038,4475,1,8,1,NULL,NULL,NULL,0,'Thor',1,2,300,NULL,1,0,0,0,0,0,0),(1039,4475,1,8,1,NULL,NULL,NULL,0,'Thor',1,2,300,NULL,1,0,0,0,0,0,0),(1040,4475,1,8,1,NULL,NULL,NULL,0,'Thor',1,2,300,NULL,1,0,0,0,0,0,0),(1041,4475,1,8,1,NULL,NULL,NULL,0,'Thor',0,2,300,NULL,1,0,0,0,0,0,0),(1042,2812,1,8,1,NULL,NULL,NULL,0,'Dirac',1,2,300,NULL,1,0,0,0,0,0,0),(1043,2812,1,8,1,NULL,NULL,NULL,0,'Dirac',1,2,300,NULL,1,0,0,0,0,0,0),(1044,2812,1,8,1,NULL,NULL,NULL,0,'Dirac',1,2,300,NULL,1,0,0,0,0,0,0),(1045,2812,1,8,1,NULL,NULL,NULL,0,'Dirac',1,2,300,NULL,1,0,0,0,0,0,0),(1046,2812,1,8,1,NULL,NULL,NULL,0,'Dirac',0,2,300,NULL,1,0,0,0,0,0,0),(1047,2812,1,8,1,NULL,NULL,NULL,0,'Dirac',0,2,300,NULL,1,0,0,0,0,0,0),(1048,2812,1,8,1,NULL,NULL,NULL,0,'Dirac',1,2,300,NULL,1,0,0,0,0,0,0),(1049,2812,1,8,1,NULL,NULL,NULL,0,'Dirac',0,2,300,NULL,1,0,0,0,0,0,0),(1050,4475,1,8,1,NULL,NULL,NULL,0,'Thor',0,0,0,NULL,1,0,0,0,0,0,0),(1051,4475,1,8,1,NULL,NULL,NULL,0,'Thor',0,0,0,NULL,1,0,0,0,0,0,0),(1052,2812,1,8,1,NULL,NULL,NULL,0,'Dirac',1,0,0,NULL,1,0,0,0,0,0,0),(1053,2812,1,8,1,NULL,NULL,NULL,0,'Dirac',1,0,0,NULL,1,0,0,0,0,0,0),(1054,2812,1,8,1,NULL,NULL,NULL,0,'Dirac',0,0,0,NULL,1,0,0,0,0,0,0),(1055,2812,1,8,1,NULL,NULL,NULL,0,'Dirac',1,0,0,NULL,1,0,0,0,0,0,0),(1056,2812,1,8,1,NULL,NULL,NULL,0,'Dirac',0,0,0,NULL,1,0,0,0,0,0,0),(1057,90,1,74,4,NULL,NULL,NULL,0,'Glancer',1,NULL,NULL,NULL,1,0,0,0,0,0,0),(1058,90,1,74,4,NULL,NULL,NULL,0,'Glancer',1,NULL,NULL,NULL,1,0,0,0,0,0,0),(1059,90,1,74,4,NULL,NULL,NULL,0,'Glancer',1,NULL,NULL,NULL,1,0,0,0,0,0,0),(1060,125,1,74,4,NULL,NULL,NULL,0,'Gnat',0,NULL,NULL,NULL,1,0,0,0,0,0,0),(1061,125,1,74,4,NULL,NULL,NULL,0,'Gnat',0,NULL,NULL,NULL,1,0,0,0,0,0,0),(1062,125,1,74,4,NULL,NULL,NULL,0,'Gnat',1,NULL,NULL,NULL,1,0,0,0,0,0,0),(1063,125,1,74,4,NULL,NULL,NULL,0,'Gnat',0,NULL,NULL,NULL,1,0,0,0,0,0,0),(1064,125,1,74,4,NULL,NULL,NULL,0,'Gnat',1,NULL,NULL,NULL,1,0,0,0,0,0,0),(1065,90,1,75,4,NULL,NULL,NULL,0,'Glancer',1,NULL,NULL,NULL,1,0,0,0,0,0,0),(1066,125,1,75,4,NULL,NULL,NULL,0,'Gnat',0,NULL,NULL,NULL,1,0,0,0,0,0,0),(1067,125,1,75,4,NULL,NULL,NULL,0,'Gnat',0,NULL,NULL,NULL,1,0,0,0,0,0,0),(1068,125,1,75,4,NULL,NULL,NULL,0,'Gnat',1,NULL,NULL,NULL,1,0,0,0,0,0,0),(1069,125,1,75,4,NULL,NULL,NULL,0,'Gnat',0,NULL,NULL,NULL,1,0,0,0,0,0,0),(1070,90,1,76,4,NULL,NULL,NULL,0,'Glancer',1,NULL,NULL,NULL,1,0,0,0,0,0,0),(1071,125,1,76,4,NULL,NULL,NULL,0,'Gnat',0,NULL,NULL,NULL,1,0,0,0,0,0,0),(1072,125,1,76,4,NULL,NULL,NULL,0,'Gnat',0,NULL,NULL,NULL,1,0,0,0,0,0,0),(1073,125,1,76,4,NULL,NULL,NULL,0,'Gnat',1,NULL,NULL,NULL,1,0,0,0,0,0,0),(1074,125,1,76,4,NULL,NULL,NULL,0,'Gnat',0,NULL,NULL,NULL,1,0,0,0,0,0,0),(1075,125,1,76,4,NULL,NULL,NULL,0,'Gnat',1,NULL,NULL,NULL,1,0,0,0,0,0,0),(1076,125,1,76,4,NULL,NULL,NULL,0,'Gnat',1,NULL,NULL,NULL,1,0,0,0,0,0,0),(1077,900,1,77,4,NULL,NULL,NULL,0,'Gnawer',0,NULL,NULL,NULL,1,0,0,0,0,0,0),(1078,900,1,77,4,NULL,NULL,NULL,0,'Gnawer',0,NULL,NULL,NULL,1,0,0,0,0,0,0),(1079,500,1,77,4,NULL,NULL,NULL,0,'Spudder',0,NULL,NULL,NULL,1,0,0,0,0,0,0),(1080,500,1,77,4,NULL,NULL,NULL,0,'Spudder',1,NULL,NULL,NULL,1,0,0,0,0,0,0),(1081,500,1,77,4,NULL,NULL,NULL,0,'Spudder',0,NULL,NULL,NULL,1,0,0,0,0,0,0),(1082,500,1,77,4,NULL,NULL,NULL,0,'Spudder',0,NULL,NULL,NULL,1,0,0,0,0,0,0),(1083,90,1,77,4,NULL,NULL,NULL,0,'Glancer',1,NULL,NULL,NULL,1,0,0,0,0,0,0),(1084,125,1,77,4,NULL,NULL,NULL,0,'Gnat',0,NULL,NULL,NULL,1,0,0,0,0,0,0),(1085,125,1,77,4,NULL,NULL,NULL,0,'Gnat',0,NULL,NULL,NULL,1,0,0,0,0,0,0),(1086,90,1,77,4,NULL,NULL,NULL,0,'Glancer',1,NULL,NULL,NULL,1,0,0,0,0,0,0),(1087,90,1,77,4,NULL,NULL,NULL,0,'Glancer',1,NULL,NULL,NULL,1,0,0,0,0,0,0),(1088,125,1,77,4,NULL,NULL,NULL,0,'Gnat',0,NULL,NULL,NULL,1,0,0,0,0,0,0),(1089,125,1,77,4,NULL,NULL,NULL,0,'Gnat',0,NULL,NULL,NULL,1,0,0,0,0,0,0),(1090,125,1,77,4,NULL,NULL,NULL,0,'Gnat',1,NULL,NULL,NULL,1,0,0,0,0,0,0),(1091,125,1,77,4,NULL,NULL,NULL,0,'Gnat',0,NULL,NULL,NULL,1,0,0,0,0,0,0),(1092,125,1,77,4,NULL,NULL,NULL,0,'Gnat',0,NULL,NULL,NULL,1,0,0,0,0,0,0),(1093,125,1,77,4,NULL,NULL,NULL,0,'Gnat',1,NULL,NULL,NULL,1,0,0,0,0,0,0),(1094,900,1,78,4,NULL,NULL,NULL,0,'Gnawer',0,NULL,NULL,NULL,1,0,0,0,0,0,0),(1095,900,1,78,4,NULL,NULL,NULL,0,'Gnawer',0,NULL,NULL,NULL,1,0,0,0,0,0,0),(1096,500,1,78,4,NULL,NULL,NULL,0,'Spudder',0,NULL,NULL,NULL,1,0,0,0,0,0,0),(1097,500,1,78,4,NULL,NULL,NULL,0,'Spudder',0,NULL,NULL,NULL,1,0,0,0,0,0,0),(1098,90,1,78,4,NULL,NULL,NULL,0,'Glancer',1,NULL,NULL,NULL,1,0,0,0,0,0,0),(1099,125,1,78,4,NULL,NULL,NULL,0,'Gnat',0,NULL,NULL,NULL,1,0,0,0,0,0,0),(1100,125,1,78,4,NULL,NULL,NULL,0,'Gnat',0,NULL,NULL,NULL,1,0,0,0,0,0,0),(1101,90,1,78,4,NULL,NULL,NULL,0,'Glancer',1,NULL,NULL,NULL,1,0,0,0,0,0,0),(1102,90,1,78,4,NULL,NULL,NULL,0,'Glancer',1,NULL,NULL,NULL,1,0,0,0,0,0,0),(1103,90,1,78,4,NULL,NULL,NULL,0,'Glancer',1,NULL,NULL,NULL,1,0,0,0,0,0,0),(1104,125,1,78,4,NULL,NULL,NULL,0,'Gnat',0,NULL,NULL,NULL,1,0,0,0,0,0,0),(1105,125,1,78,4,NULL,NULL,NULL,0,'Gnat',0,NULL,NULL,NULL,1,0,0,0,0,0,0),(1106,125,1,78,4,NULL,NULL,NULL,0,'Gnat',1,NULL,NULL,NULL,1,0,0,0,0,0,0),(1107,125,1,78,4,NULL,NULL,NULL,0,'Gnat',0,NULL,NULL,NULL,1,0,0,0,0,0,0),(1108,500,1,79,4,NULL,NULL,NULL,0,'Spudder',0,NULL,NULL,NULL,1,0,0,0,0,0,0),(1109,500,1,79,4,NULL,NULL,NULL,0,'Spudder',0,NULL,NULL,NULL,1,0,0,0,0,0,0),(1110,90,1,79,4,NULL,NULL,NULL,0,'Glancer',1,NULL,NULL,NULL,1,0,0,0,0,0,0),(1111,125,1,79,4,NULL,NULL,NULL,0,'Gnat',1,NULL,NULL,NULL,1,0,0,0,0,0,0),(1112,125,1,79,4,NULL,NULL,NULL,0,'Gnat',0,NULL,NULL,NULL,1,0,0,0,0,0,0),(1113,125,1,79,4,NULL,NULL,NULL,0,'Gnat',0,NULL,NULL,NULL,1,0,0,0,0,0,0),(1114,90,1,79,4,NULL,NULL,NULL,0,'Glancer',1,NULL,NULL,NULL,1,0,0,0,0,0,0),(1115,90,1,79,4,NULL,NULL,NULL,0,'Glancer',1,NULL,NULL,NULL,1,0,0,0,0,0,0),(1116,90,1,79,4,NULL,NULL,NULL,0,'Glancer',1,NULL,NULL,NULL,1,0,0,0,0,0,0),(1117,90,1,79,4,NULL,NULL,NULL,0,'Glancer',1,NULL,NULL,NULL,1,0,0,0,0,0,0),(1118,90,1,79,4,NULL,NULL,NULL,0,'Glancer',1,NULL,NULL,NULL,1,0,0,0,0,0,0),(1119,125,1,79,4,NULL,NULL,NULL,0,'Gnat',0,NULL,NULL,NULL,1,0,0,0,0,0,0),(1120,125,1,79,4,NULL,NULL,NULL,0,'Gnat',0,NULL,NULL,NULL,1,0,0,0,0,0,0),(1121,125,1,79,4,NULL,NULL,NULL,0,'Gnat',1,NULL,NULL,NULL,1,0,0,0,0,0,0),(1122,125,1,79,4,NULL,NULL,NULL,0,'Gnat',0,NULL,NULL,NULL,1,0,0,0,0,0,0),(1123,900,1,80,4,NULL,NULL,NULL,0,'Gnawer',0,NULL,NULL,NULL,1,0,0,0,0,0,0),(1124,900,1,80,4,NULL,NULL,NULL,0,'Gnawer',0,NULL,NULL,NULL,1,0,0,0,0,0,0),(1125,900,1,80,4,NULL,NULL,NULL,0,'Gnawer',0,NULL,NULL,NULL,1,0,0,0,0,0,0),(1126,900,1,80,4,NULL,NULL,NULL,0,'Gnawer',0,NULL,NULL,NULL,1,0,0,0,0,0,0),(1127,500,1,80,4,NULL,NULL,NULL,0,'Spudder',1,NULL,NULL,NULL,1,0,0,0,0,0,0),(1128,500,1,80,4,NULL,NULL,NULL,0,'Spudder',0,NULL,NULL,NULL,1,0,0,0,0,0,0),(1129,90,1,80,4,NULL,NULL,NULL,0,'Glancer',1,NULL,NULL,NULL,1,0,0,0,0,0,0),(1130,125,1,80,4,NULL,NULL,NULL,0,'Gnat',0,NULL,NULL,NULL,1,0,0,0,0,0,0),(1131,90,1,80,4,NULL,NULL,NULL,0,'Glancer',1,NULL,NULL,NULL,1,0,0,0,0,0,0),(1132,90,1,80,4,NULL,NULL,NULL,0,'Glancer',1,NULL,NULL,NULL,1,0,0,0,0,0,0),(1133,90,1,80,4,NULL,NULL,NULL,0,'Glancer',1,NULL,NULL,NULL,1,0,0,0,0,0,0),(1134,90,1,80,4,NULL,NULL,NULL,0,'Glancer',1,NULL,NULL,NULL,1,0,0,0,0,0,0),(1135,125,1,80,4,NULL,NULL,NULL,0,'Gnat',0,NULL,NULL,NULL,1,0,0,0,0,0,0),(1136,125,1,80,4,NULL,NULL,NULL,0,'Gnat',0,NULL,NULL,NULL,1,0,0,0,0,0,0),(1137,125,1,80,4,NULL,NULL,NULL,0,'Gnat',1,NULL,NULL,NULL,1,0,0,0,0,0,0),(1138,125,1,80,4,NULL,NULL,NULL,0,'Gnat',0,NULL,NULL,NULL,1,0,0,0,0,0,0),(1139,125,1,80,4,NULL,NULL,NULL,0,'Gnat',1,NULL,NULL,NULL,1,0,0,0,0,0,0),(1140,125,1,80,4,NULL,NULL,NULL,0,'Gnat',1,NULL,NULL,NULL,1,0,0,0,0,0,0),(1141,900,1,81,4,NULL,NULL,NULL,0,'Gnawer',0,NULL,NULL,NULL,1,0,0,0,0,0,0),(1142,900,1,81,4,NULL,NULL,NULL,0,'Gnawer',0,NULL,NULL,NULL,1,0,0,0,0,0,0),(1143,500,1,81,4,NULL,NULL,NULL,0,'Spudder',1,NULL,NULL,NULL,1,0,0,0,0,0,0),(1144,500,1,81,4,NULL,NULL,NULL,0,'Spudder',0,NULL,NULL,NULL,1,0,0,0,0,0,0),(1145,90,1,81,4,NULL,NULL,NULL,0,'Glancer',1,NULL,NULL,NULL,1,0,0,0,0,0,0),(1146,125,1,81,4,NULL,NULL,NULL,0,'Gnat',0,NULL,NULL,NULL,1,0,0,0,0,0,0),(1147,90,1,81,4,NULL,NULL,NULL,0,'Glancer',1,NULL,NULL,NULL,1,0,0,0,0,0,0),(1148,90,1,81,4,NULL,NULL,NULL,0,'Glancer',1,NULL,NULL,NULL,1,0,0,0,0,0,0),(1149,90,1,81,4,NULL,NULL,NULL,0,'Glancer',1,NULL,NULL,NULL,1,0,0,0,0,0,0),(1150,125,1,81,4,NULL,NULL,NULL,0,'Gnat',0,NULL,NULL,NULL,1,0,0,0,0,0,0),(1151,125,1,81,4,NULL,NULL,NULL,0,'Gnat',0,NULL,NULL,NULL,1,0,0,0,0,0,0),(1152,125,1,81,4,NULL,NULL,NULL,0,'Gnat',1,NULL,NULL,NULL,1,0,0,0,0,0,0),(1153,125,1,81,4,NULL,NULL,NULL,0,'Gnat',0,NULL,NULL,NULL,1,0,0,0,0,0,0),(1154,125,1,81,4,NULL,NULL,NULL,0,'Gnat',1,NULL,NULL,NULL,1,0,0,0,0,0,0),(1155,900,1,82,4,NULL,NULL,NULL,0,'Gnawer',0,NULL,NULL,NULL,1,0,0,0,0,0,0),(1156,500,1,82,4,NULL,NULL,NULL,0,'Spudder',0,NULL,NULL,NULL,1,0,0,0,0,0,0),(1157,500,1,82,4,NULL,NULL,NULL,0,'Spudder',0,NULL,NULL,NULL,1,0,0,0,0,0,0),(1158,500,1,82,4,NULL,NULL,NULL,0,'Spudder',1,NULL,NULL,NULL,1,0,0,0,0,0,0),(1159,500,1,82,4,NULL,NULL,NULL,0,'Spudder',1,NULL,NULL,NULL,1,0,0,0,0,0,0),(1160,500,1,82,4,NULL,NULL,NULL,0,'Spudder',0,NULL,NULL,NULL,1,0,0,0,0,0,0),(1161,90,1,82,4,NULL,NULL,NULL,0,'Glancer',1,NULL,NULL,NULL,1,0,0,0,0,0,0),(1162,125,1,82,4,NULL,NULL,NULL,0,'Gnat',0,NULL,NULL,NULL,1,0,0,0,0,0,0),(1163,125,1,82,4,NULL,NULL,NULL,0,'Gnat',0,NULL,NULL,NULL,1,0,0,0,0,0,0),(1164,90,1,82,4,NULL,NULL,NULL,0,'Glancer',1,NULL,NULL,NULL,1,0,0,0,0,0,0),(1165,90,1,82,4,NULL,NULL,NULL,0,'Glancer',1,NULL,NULL,NULL,1,0,0,0,0,0,0),(1166,90,1,82,4,NULL,NULL,NULL,0,'Glancer',1,NULL,NULL,NULL,1,0,0,0,0,0,0),(1167,90,1,82,4,NULL,NULL,NULL,0,'Glancer',1,NULL,NULL,NULL,1,0,0,0,0,0,0),(1168,125,1,82,4,NULL,NULL,NULL,0,'Gnat',0,NULL,NULL,NULL,1,0,0,0,0,0,0),(1169,125,1,82,4,NULL,NULL,NULL,0,'Gnat',0,NULL,NULL,NULL,1,0,0,0,0,0,0),(1170,125,1,82,4,NULL,NULL,NULL,0,'Gnat',1,NULL,NULL,NULL,1,0,0,0,0,0,0),(1171,125,1,82,4,NULL,NULL,NULL,0,'Gnat',1,NULL,NULL,NULL,1,0,0,0,0,0,0),(1172,125,1,82,4,NULL,NULL,NULL,0,'Gnat',1,NULL,NULL,NULL,1,0,0,0,0,0,0),(1173,90,1,83,4,NULL,NULL,NULL,0,'Glancer',1,NULL,NULL,NULL,1,0,0,0,0,0,0),(1174,125,1,83,4,NULL,NULL,NULL,0,'Gnat',0,NULL,NULL,NULL,1,0,0,0,0,0,0),(1175,90,1,83,4,NULL,NULL,NULL,0,'Glancer',1,NULL,NULL,NULL,1,0,0,0,0,0,0),(1176,90,1,83,4,NULL,NULL,NULL,0,'Glancer',1,NULL,NULL,NULL,1,0,0,0,0,0,0),(1177,90,1,83,4,NULL,NULL,NULL,0,'Glancer',1,NULL,NULL,NULL,1,0,0,0,0,0,0),(1178,125,1,83,4,NULL,NULL,NULL,0,'Gnat',0,NULL,NULL,NULL,1,0,0,0,0,0,0),(1179,125,1,83,4,NULL,NULL,NULL,0,'Gnat',0,NULL,NULL,NULL,1,0,0,0,0,0,0),(1180,125,1,83,4,NULL,NULL,NULL,0,'Gnat',1,NULL,NULL,NULL,1,0,0,0,0,0,0),(1181,125,1,83,4,NULL,NULL,NULL,0,'Gnat',0,NULL,NULL,NULL,1,0,0,0,0,0,0),(1182,125,1,83,4,NULL,NULL,NULL,0,'Gnat',0,NULL,NULL,NULL,1,0,0,0,0,0,0),(1183,900,1,84,4,NULL,NULL,NULL,0,'Gnawer',0,NULL,NULL,NULL,1,0,0,0,0,0,0),(1184,500,1,84,4,NULL,NULL,NULL,0,'Spudder',0,NULL,NULL,NULL,1,0,0,0,0,0,0),(1185,500,1,84,4,NULL,NULL,NULL,0,'Spudder',1,NULL,NULL,NULL,1,0,0,0,0,0,0),(1186,500,1,84,4,NULL,NULL,NULL,0,'Spudder',1,NULL,NULL,NULL,1,0,0,0,0,0,0),(1187,500,1,84,4,NULL,NULL,NULL,0,'Spudder',0,NULL,NULL,NULL,1,0,0,0,0,0,0),(1188,90,1,84,4,NULL,NULL,NULL,0,'Glancer',1,NULL,NULL,NULL,1,0,0,0,0,0,0),(1189,90,1,84,4,NULL,NULL,NULL,0,'Glancer',1,NULL,NULL,NULL,1,0,0,0,0,0,0),(1190,90,1,84,4,NULL,NULL,NULL,0,'Glancer',1,NULL,NULL,NULL,1,0,0,0,0,0,0),(1191,90,1,84,4,NULL,NULL,NULL,0,'Glancer',1,NULL,NULL,NULL,1,0,0,0,0,0,0),(1192,90,1,84,4,NULL,NULL,NULL,0,'Glancer',1,NULL,NULL,NULL,1,0,0,0,0,0,0),(1193,125,1,84,4,NULL,NULL,NULL,0,'Gnat',0,NULL,NULL,NULL,1,0,0,0,0,0,0),(1194,125,1,84,4,NULL,NULL,NULL,0,'Gnat',0,NULL,NULL,NULL,1,0,0,0,0,0,0),(1195,125,1,84,4,NULL,NULL,NULL,0,'Gnat',1,NULL,NULL,NULL,1,0,0,0,0,0,0),(1196,125,1,84,4,NULL,NULL,NULL,0,'Gnat',0,NULL,NULL,NULL,1,0,0,0,0,0,0),(1197,125,1,84,4,NULL,NULL,NULL,0,'Gnat',1,NULL,NULL,NULL,1,0,0,0,0,0,0),(1198,90,1,85,4,NULL,NULL,NULL,0,'Glancer',1,NULL,NULL,NULL,1,0,0,0,0,0,0),(1199,125,1,85,4,NULL,NULL,NULL,0,'Gnat',0,NULL,NULL,NULL,1,0,0,0,0,0,0),(1200,125,1,85,4,NULL,NULL,NULL,0,'Gnat',0,NULL,NULL,NULL,1,0,0,0,0,0,0),(1201,90,1,85,4,NULL,NULL,NULL,0,'Glancer',1,NULL,NULL,NULL,1,0,0,0,0,0,0),(1202,90,1,85,4,NULL,NULL,NULL,0,'Glancer',1,NULL,NULL,NULL,1,0,0,0,0,0,0),(1203,90,1,85,4,NULL,NULL,NULL,0,'Glancer',1,NULL,NULL,NULL,1,0,0,0,0,0,0),(1204,90,1,85,4,NULL,NULL,NULL,0,'Glancer',1,NULL,NULL,NULL,1,0,0,0,0,0,0),(1205,125,1,85,4,NULL,NULL,NULL,0,'Gnat',0,NULL,NULL,NULL,1,0,0,0,0,0,0),(1206,125,1,85,4,NULL,NULL,NULL,0,'Gnat',0,NULL,NULL,NULL,1,0,0,0,0,0,0),(1207,125,1,85,4,NULL,NULL,NULL,0,'Gnat',1,NULL,NULL,NULL,1,0,0,0,0,0,0),(1208,125,1,85,4,NULL,NULL,NULL,0,'Gnat',0,NULL,NULL,NULL,1,0,0,0,0,0,0),(1209,125,1,85,4,NULL,NULL,NULL,0,'Gnat',0,NULL,NULL,NULL,1,0,0,0,0,0,0),(1210,125,1,86,4,NULL,NULL,NULL,0,'Gnat',0,NULL,NULL,NULL,1,0,0,0,0,0,0),(1211,125,1,86,4,NULL,NULL,NULL,0,'Gnat',0,NULL,NULL,NULL,1,0,0,0,0,0,0),(1212,125,1,86,4,NULL,NULL,NULL,0,'Gnat',1,NULL,NULL,NULL,1,0,0,0,0,0,0),(1213,125,1,86,4,NULL,NULL,NULL,0,'Gnat',1,NULL,NULL,NULL,1,0,0,0,0,0,0),(1214,125,1,86,4,NULL,NULL,NULL,0,'Gnat',1,NULL,NULL,NULL,1,0,0,0,0,0,0),(1215,125,1,87,4,NULL,NULL,NULL,0,'Gnat',0,NULL,NULL,NULL,1,0,0,0,0,0,0),(1216,125,1,87,4,NULL,NULL,NULL,0,'Gnat',0,NULL,NULL,NULL,1,0,0,0,0,0,0),(1217,125,1,87,4,NULL,NULL,NULL,0,'Gnat',1,NULL,NULL,NULL,1,0,0,0,0,0,0),(1218,125,1,87,4,NULL,NULL,NULL,0,'Gnat',0,NULL,NULL,NULL,1,0,0,0,0,0,0),(1219,125,1,87,4,NULL,NULL,NULL,0,'Gnat',1,NULL,NULL,NULL,1,0,0,0,0,0,0),(1220,125,1,87,4,NULL,NULL,NULL,0,'Gnat',1,NULL,NULL,NULL,1,0,0,0,0,0,0),(1221,125,1,88,4,NULL,NULL,NULL,0,'Gnat',0,NULL,NULL,NULL,1,0,0,0,0,0,0),(1222,125,1,88,4,NULL,NULL,NULL,0,'Gnat',0,NULL,NULL,NULL,1,0,0,0,0,0,0),(1223,125,1,88,4,NULL,NULL,NULL,0,'Gnat',1,NULL,NULL,NULL,1,0,0,0,0,0,0),(1224,125,1,88,4,NULL,NULL,NULL,0,'Gnat',1,NULL,NULL,NULL,1,0,0,0,0,0,0),(1225,125,1,88,4,NULL,NULL,NULL,0,'Gnat',1,NULL,NULL,NULL,1,0,0,0,0,0,0),(1226,4475,1,9,1,NULL,NULL,NULL,0,'Thor',0,1,45,NULL,1,0,0,0,0,0,0),(1227,2812,1,9,1,NULL,NULL,NULL,0,'Dirac',1,1,45,NULL,1,0,0,0,0,0,0),(1228,2812,1,9,1,NULL,NULL,NULL,0,'Dirac',0,1,45,NULL,1,0,0,0,0,0,0),(1229,4475,1,9,1,NULL,NULL,NULL,0,'Thor',1,2,90,NULL,1,0,0,0,0,0,0),(1230,4475,1,9,1,NULL,NULL,NULL,0,'Thor',1,2,90,NULL,1,0,0,0,0,0,0),(1231,2812,1,9,1,NULL,NULL,NULL,0,'Dirac',0,2,90,NULL,1,0,0,0,0,0,0),(1232,2812,1,9,1,NULL,NULL,NULL,0,'Dirac',0,2,90,NULL,1,0,0,0,0,0,0),(1233,2812,1,9,1,NULL,NULL,NULL,0,'Dirac',1,2,90,NULL,1,0,0,0,0,0,0),(1234,2812,1,9,1,NULL,NULL,NULL,0,'Dirac',0,2,90,NULL,1,0,0,0,0,0,0),(1235,2812,1,9,1,NULL,NULL,NULL,0,'Dirac',1,2,90,NULL,1,0,0,0,0,0,0),(1236,4475,1,9,1,NULL,NULL,NULL,0,'Thor',0,1,225,NULL,1,0,0,0,0,0,0),(1237,2812,1,9,1,NULL,NULL,NULL,0,'Dirac',1,1,225,NULL,1,0,0,0,0,0,0),(1238,2812,1,9,1,NULL,NULL,NULL,0,'Dirac',0,1,225,NULL,1,0,0,0,0,0,0),(1239,26875,1,9,1,NULL,NULL,NULL,0,'Demosis',0,2,120,NULL,1,0,0,0,0,0,0),(1240,4475,1,9,1,NULL,NULL,NULL,0,'Thor',0,2,120,NULL,1,0,0,0,0,0,0),(1241,4475,1,9,1,NULL,NULL,NULL,0,'Thor',1,2,120,NULL,1,0,0,0,0,0,0),(1242,2812,1,9,1,NULL,NULL,NULL,0,'Dirac',1,2,120,NULL,1,0,0,0,0,0,0),(1243,2812,1,9,1,NULL,NULL,NULL,0,'Dirac',0,2,120,NULL,1,0,0,0,0,0,0),(1244,2812,1,9,1,NULL,NULL,NULL,0,'Dirac',1,2,120,NULL,1,0,0,0,0,0,0),(1245,2812,1,9,1,NULL,NULL,NULL,0,'Dirac',1,2,120,NULL,1,0,0,0,0,0,0),(1246,2812,1,9,1,NULL,NULL,NULL,0,'Dirac',1,2,120,NULL,1,0,0,0,0,0,0),(1247,2812,1,9,1,NULL,NULL,NULL,0,'Dirac',0,2,120,NULL,1,0,0,0,0,0,0),(1248,2812,1,9,1,NULL,NULL,NULL,0,'Dirac',1,2,120,NULL,1,0,0,0,0,0,0),(1249,2812,1,9,1,NULL,NULL,NULL,0,'Dirac',1,2,120,NULL,1,0,0,0,0,0,0),(1250,26875,1,9,1,NULL,NULL,NULL,0,'Demosis',0,3,246,NULL,1,0,0,0,0,0,0),(1251,26875,1,9,1,NULL,NULL,NULL,0,'Demosis',0,3,246,NULL,1,0,0,0,0,0,0),(1252,4475,1,9,1,NULL,NULL,NULL,0,'Thor',1,3,246,NULL,1,0,0,0,0,0,0),(1253,4475,1,9,1,NULL,NULL,NULL,0,'Thor',0,3,246,NULL,1,0,0,0,0,0,0),(1254,4475,1,9,1,NULL,NULL,NULL,0,'Thor',1,3,246,NULL,1,0,0,0,0,0,0),(1255,4475,1,9,1,NULL,NULL,NULL,0,'Thor',1,3,246,NULL,1,0,0,0,0,0,0),(1256,4475,1,9,1,NULL,NULL,NULL,0,'Thor',1,3,246,NULL,1,0,0,0,0,0,0),(1257,2812,1,9,1,NULL,NULL,NULL,0,'Dirac',1,3,246,NULL,1,0,0,0,0,0,0),(1258,2812,1,9,1,NULL,NULL,NULL,0,'Dirac',1,3,246,NULL,1,0,0,0,0,0,0),(1259,2812,1,9,1,NULL,NULL,NULL,0,'Dirac',0,3,246,NULL,1,0,0,0,0,0,0),(1260,2812,1,9,1,NULL,NULL,NULL,0,'Dirac',0,3,246,NULL,1,0,0,0,0,0,0),(1261,2812,1,9,1,NULL,NULL,NULL,0,'Dirac',1,3,246,NULL,1,0,0,0,0,0,0),(1262,2812,1,9,1,NULL,NULL,NULL,0,'Dirac',1,3,246,NULL,1,0,0,0,0,0,0),(1263,26875,1,9,1,NULL,NULL,NULL,0,'Demosis',0,1,180,NULL,1,0,0,0,0,0,0),(1264,4475,1,9,1,NULL,NULL,NULL,0,'Thor',0,1,180,NULL,1,0,0,0,0,0,0),(1265,4475,1,9,1,NULL,NULL,NULL,0,'Thor',1,1,180,NULL,1,0,0,0,0,0,0),(1266,4475,1,9,1,NULL,NULL,NULL,0,'Thor',0,1,180,NULL,1,0,0,0,0,0,0),(1267,4475,1,9,1,NULL,NULL,NULL,0,'Thor',1,1,180,NULL,1,0,0,0,0,0,0),(1268,4475,1,9,1,NULL,NULL,NULL,0,'Thor',0,1,180,NULL,1,0,0,0,0,0,0),(1269,4475,1,9,1,NULL,NULL,NULL,0,'Thor',0,1,180,NULL,1,0,0,0,0,0,0),(1270,2812,1,9,1,NULL,NULL,NULL,0,'Dirac',0,1,180,NULL,1,0,0,0,0,0,0),(1271,2812,1,9,1,NULL,NULL,NULL,0,'Dirac',0,1,180,NULL,1,0,0,0,0,0,0),(1272,2812,1,9,1,NULL,NULL,NULL,0,'Dirac',1,1,180,NULL,1,0,0,0,0,0,0),(1273,2812,1,9,1,NULL,NULL,NULL,0,'Dirac',1,1,180,NULL,1,0,0,0,0,0,0),(1274,26875,1,9,1,NULL,NULL,NULL,0,'Demosis',0,2,210,NULL,1,0,0,0,0,0,0),(1275,26875,1,9,1,NULL,NULL,NULL,0,'Demosis',0,2,210,NULL,1,0,0,0,0,0,0),(1276,4475,1,9,1,NULL,NULL,NULL,0,'Thor',1,2,210,NULL,1,0,0,0,0,0,0),(1277,4475,1,9,1,NULL,NULL,NULL,0,'Thor',0,2,210,NULL,1,0,0,0,0,0,0),(1278,4475,1,9,1,NULL,NULL,NULL,0,'Thor',0,2,210,NULL,1,0,0,0,0,0,0),(1279,4475,1,9,1,NULL,NULL,NULL,0,'Thor',0,2,210,NULL,1,0,0,0,0,0,0),(1280,2812,1,9,1,NULL,NULL,NULL,0,'Dirac',1,2,210,NULL,1,0,0,0,0,0,0),(1281,2812,1,9,1,NULL,NULL,NULL,0,'Dirac',0,2,210,NULL,1,0,0,0,0,0,0),(1282,2812,1,9,1,NULL,NULL,NULL,0,'Dirac',0,2,210,NULL,1,0,0,0,0,0,0),(1283,2812,1,9,1,NULL,NULL,NULL,0,'Dirac',1,2,210,NULL,1,0,0,0,0,0,0),(1284,90,1,89,4,NULL,NULL,NULL,0,'Glancer',1,NULL,NULL,NULL,1,0,0,0,0,0,0),(1285,125,1,89,4,NULL,NULL,NULL,0,'Gnat',0,NULL,NULL,NULL,1,0,0,0,0,0,0),(1286,125,1,89,4,NULL,NULL,NULL,0,'Gnat',0,NULL,NULL,NULL,1,0,0,0,0,0,0),(1287,125,1,89,4,NULL,NULL,NULL,0,'Gnat',1,NULL,NULL,NULL,1,0,0,0,0,0,0),(1288,125,1,89,4,NULL,NULL,NULL,0,'Gnat',0,NULL,NULL,NULL,1,0,0,0,0,0,0),(1289,125,1,89,4,NULL,NULL,NULL,0,'Gnat',1,NULL,NULL,NULL,1,0,0,0,0,0,0),(1290,125,1,89,4,NULL,NULL,NULL,0,'Gnat',1,NULL,NULL,NULL,1,0,0,0,0,0,0),(1291,90,1,90,4,NULL,NULL,NULL,0,'Glancer',1,NULL,NULL,NULL,1,0,0,0,0,0,0),(1292,125,1,90,4,NULL,NULL,NULL,0,'Gnat',0,NULL,NULL,NULL,1,0,0,0,0,0,0),(1293,125,1,90,4,NULL,NULL,NULL,0,'Gnat',0,NULL,NULL,NULL,1,0,0,0,0,0,0),(1294,125,1,90,4,NULL,NULL,NULL,0,'Gnat',1,NULL,NULL,NULL,1,0,0,0,0,0,0),(1295,125,1,90,4,NULL,NULL,NULL,0,'Gnat',1,NULL,NULL,NULL,1,0,0,0,0,0,0),(1296,900,1,91,4,NULL,NULL,NULL,0,'Gnawer',0,NULL,NULL,NULL,1,0,0,0,0,0,0),(1297,500,1,91,4,NULL,NULL,NULL,0,'Spudder',0,NULL,NULL,NULL,1,0,0,0,0,0,0),(1298,500,1,91,4,NULL,NULL,NULL,0,'Spudder',1,NULL,NULL,NULL,1,0,0,0,0,0,0),(1299,500,1,91,4,NULL,NULL,NULL,0,'Spudder',0,NULL,NULL,NULL,1,0,0,0,0,0,0),(1300,90,1,91,4,NULL,NULL,NULL,0,'Glancer',1,NULL,NULL,NULL,1,0,0,0,0,0,0),(1301,125,1,91,4,NULL,NULL,NULL,0,'Gnat',0,NULL,NULL,NULL,1,0,0,0,0,0,0),(1302,125,1,91,4,NULL,NULL,NULL,0,'Gnat',0,NULL,NULL,NULL,1,0,0,0,0,0,0),(1303,90,1,91,4,NULL,NULL,NULL,0,'Glancer',1,NULL,NULL,NULL,1,0,0,0,0,0,0),(1304,90,1,91,4,NULL,NULL,NULL,0,'Glancer',1,NULL,NULL,NULL,1,0,0,0,0,0,0),(1305,90,1,91,4,NULL,NULL,NULL,0,'Glancer',1,NULL,NULL,NULL,1,0,0,0,0,0,0),(1306,125,1,91,4,NULL,NULL,NULL,0,'Gnat',0,NULL,NULL,NULL,1,0,0,0,0,0,0),(1307,125,1,91,4,NULL,NULL,NULL,0,'Gnat',0,NULL,NULL,NULL,1,0,0,0,0,0,0),(1308,125,1,91,4,NULL,NULL,NULL,0,'Gnat',1,NULL,NULL,NULL,1,0,0,0,0,0,0),(1309,900,1,92,4,NULL,NULL,NULL,0,'Gnawer',0,NULL,NULL,NULL,1,0,0,0,0,0,0),(1310,500,1,92,4,NULL,NULL,NULL,0,'Spudder',0,NULL,NULL,NULL,1,0,0,0,0,0,0),(1311,90,1,92,4,NULL,NULL,NULL,0,'Glancer',1,NULL,NULL,NULL,1,0,0,0,0,0,0),(1312,125,1,92,4,NULL,NULL,NULL,0,'Gnat',0,NULL,NULL,NULL,1,0,0,0,0,0,0),(1313,125,1,92,4,NULL,NULL,NULL,0,'Gnat',0,NULL,NULL,NULL,1,0,0,0,0,0,0),(1314,90,1,92,4,NULL,NULL,NULL,0,'Glancer',1,NULL,NULL,NULL,1,0,0,0,0,0,0),(1315,90,1,92,4,NULL,NULL,NULL,0,'Glancer',1,NULL,NULL,NULL,1,0,0,0,0,0,0),(1316,90,1,92,4,NULL,NULL,NULL,0,'Glancer',1,NULL,NULL,NULL,1,0,0,0,0,0,0),(1317,125,1,92,4,NULL,NULL,NULL,0,'Gnat',0,NULL,NULL,NULL,1,0,0,0,0,0,0),(1318,125,1,92,4,NULL,NULL,NULL,0,'Gnat',0,NULL,NULL,NULL,1,0,0,0,0,0,0),(1319,125,1,92,4,NULL,NULL,NULL,0,'Gnat',1,NULL,NULL,NULL,1,0,0,0,0,0,0),(1320,125,1,92,4,NULL,NULL,NULL,0,'Gnat',0,NULL,NULL,NULL,1,0,0,0,0,0,0),(1321,125,1,92,4,NULL,NULL,NULL,0,'Gnat',0,NULL,NULL,NULL,1,0,0,0,0,0,0),(1322,500,1,93,4,NULL,NULL,NULL,0,'Spudder',0,NULL,NULL,NULL,1,0,0,0,0,0,0),(1323,90,1,93,4,NULL,NULL,NULL,0,'Glancer',1,NULL,NULL,NULL,1,0,0,0,0,0,0),(1324,125,1,93,4,NULL,NULL,NULL,0,'Gnat',0,NULL,NULL,NULL,1,0,0,0,0,0,0),(1325,90,1,93,4,NULL,NULL,NULL,0,'Glancer',1,NULL,NULL,NULL,1,0,0,0,0,0,0),(1326,90,1,93,4,NULL,NULL,NULL,0,'Glancer',1,NULL,NULL,NULL,1,0,0,0,0,0,0),(1327,90,1,93,4,NULL,NULL,NULL,0,'Glancer',1,NULL,NULL,NULL,1,0,0,0,0,0,0),(1328,125,1,93,4,NULL,NULL,NULL,0,'Gnat',0,NULL,NULL,NULL,1,0,0,0,0,0,0),(1329,125,1,93,4,NULL,NULL,NULL,0,'Gnat',0,NULL,NULL,NULL,1,0,0,0,0,0,0),(1330,125,1,93,4,NULL,NULL,NULL,0,'Gnat',1,NULL,NULL,NULL,1,0,0,0,0,0,0),(1331,125,1,93,4,NULL,NULL,NULL,0,'Gnat',0,NULL,NULL,NULL,1,0,0,0,0,0,0),(1332,900,1,94,4,NULL,NULL,NULL,0,'Gnawer',0,NULL,NULL,NULL,1,0,0,0,0,0,0),(1333,900,1,94,4,NULL,NULL,NULL,0,'Gnawer',0,NULL,NULL,NULL,1,0,0,0,0,0,0),(1334,900,1,94,4,NULL,NULL,NULL,0,'Gnawer',0,NULL,NULL,NULL,1,0,0,0,0,0,0),(1335,500,1,94,4,NULL,NULL,NULL,0,'Spudder',0,NULL,NULL,NULL,1,0,0,0,0,0,0),(1336,500,1,94,4,NULL,NULL,NULL,0,'Spudder',1,NULL,NULL,NULL,1,0,0,0,0,0,0),(1337,500,1,94,4,NULL,NULL,NULL,0,'Spudder',0,NULL,NULL,NULL,1,0,0,0,0,0,0),(1338,90,1,94,4,NULL,NULL,NULL,0,'Glancer',1,NULL,NULL,NULL,1,0,0,0,0,0,0),(1339,125,1,94,4,NULL,NULL,NULL,0,'Gnat',0,NULL,NULL,NULL,1,0,0,0,0,0,0),(1340,125,1,94,4,NULL,NULL,NULL,0,'Gnat',0,NULL,NULL,NULL,1,0,0,0,0,0,0),(1341,90,1,94,4,NULL,NULL,NULL,0,'Glancer',1,NULL,NULL,NULL,1,0,0,0,0,0,0),(1342,90,1,94,4,NULL,NULL,NULL,0,'Glancer',1,NULL,NULL,NULL,1,0,0,0,0,0,0),(1343,90,1,94,4,NULL,NULL,NULL,0,'Glancer',1,NULL,NULL,NULL,1,0,0,0,0,0,0),(1344,125,1,94,4,NULL,NULL,NULL,0,'Gnat',0,NULL,NULL,NULL,1,0,0,0,0,0,0),(1345,125,1,94,4,NULL,NULL,NULL,0,'Gnat',0,NULL,NULL,NULL,1,0,0,0,0,0,0),(1346,125,1,94,4,NULL,NULL,NULL,0,'Gnat',1,NULL,NULL,NULL,1,0,0,0,0,0,0),(1347,125,1,94,4,NULL,NULL,NULL,0,'Gnat',0,NULL,NULL,NULL,1,0,0,0,0,0,0),(1348,125,1,94,4,NULL,NULL,NULL,0,'Gnat',0,NULL,NULL,NULL,1,0,0,0,0,0,0),(1349,125,1,94,4,NULL,NULL,NULL,0,'Gnat',1,NULL,NULL,NULL,1,0,0,0,0,0,0),(1350,900,1,95,4,NULL,NULL,NULL,0,'Gnawer',0,NULL,NULL,NULL,1,0,0,0,0,0,0),(1351,900,1,95,4,NULL,NULL,NULL,0,'Gnawer',0,NULL,NULL,NULL,1,0,0,0,0,0,0),(1352,900,1,95,4,NULL,NULL,NULL,0,'Gnawer',0,NULL,NULL,NULL,1,0,0,0,0,0,0),(1353,900,1,95,4,NULL,NULL,NULL,0,'Gnawer',0,NULL,NULL,NULL,1,0,0,0,0,0,0),(1354,500,1,95,4,NULL,NULL,NULL,0,'Spudder',1,NULL,NULL,NULL,1,0,0,0,0,0,0),(1355,500,1,95,4,NULL,NULL,NULL,0,'Spudder',1,NULL,NULL,NULL,1,0,0,0,0,0,0),(1356,500,1,95,4,NULL,NULL,NULL,0,'Spudder',0,NULL,NULL,NULL,1,0,0,0,0,0,0),(1357,125,1,95,4,NULL,NULL,NULL,0,'Gnat',0,NULL,NULL,NULL,1,0,0,0,0,0,0),(1358,90,1,95,4,NULL,NULL,NULL,0,'Glancer',1,NULL,NULL,NULL,1,0,0,0,0,0,0),(1359,90,1,95,4,NULL,NULL,NULL,0,'Glancer',1,NULL,NULL,NULL,1,0,0,0,0,0,0),(1360,90,1,95,4,NULL,NULL,NULL,0,'Glancer',1,NULL,NULL,NULL,1,0,0,0,0,0,0),(1361,125,1,95,4,NULL,NULL,NULL,0,'Gnat',0,NULL,NULL,NULL,1,0,0,0,0,0,0),(1362,125,1,95,4,NULL,NULL,NULL,0,'Gnat',0,NULL,NULL,NULL,1,0,0,0,0,0,0),(1363,125,1,95,4,NULL,NULL,NULL,0,'Gnat',1,NULL,NULL,NULL,1,0,0,0,0,0,0),(1364,125,1,95,4,NULL,NULL,NULL,0,'Gnat',0,NULL,NULL,NULL,1,0,0,0,0,0,0),(1365,900,1,96,4,NULL,NULL,NULL,0,'Gnawer',0,NULL,NULL,NULL,1,0,0,0,0,0,0),(1366,500,1,96,4,NULL,NULL,NULL,0,'Spudder',0,NULL,NULL,NULL,1,0,0,0,0,0,0),(1367,500,1,96,4,NULL,NULL,NULL,0,'Spudder',0,NULL,NULL,NULL,1,0,0,0,0,0,0),(1368,90,1,96,4,NULL,NULL,NULL,0,'Glancer',1,NULL,NULL,NULL,1,0,0,0,0,0,0),(1369,90,1,96,4,NULL,NULL,NULL,0,'Glancer',1,NULL,NULL,NULL,1,0,0,0,0,0,0),(1370,90,1,96,4,NULL,NULL,NULL,0,'Glancer',1,NULL,NULL,NULL,1,0,0,0,0,0,0),(1371,90,1,96,4,NULL,NULL,NULL,0,'Glancer',1,NULL,NULL,NULL,1,0,0,0,0,0,0),(1372,90,1,96,4,NULL,NULL,NULL,0,'Glancer',1,NULL,NULL,NULL,1,0,0,0,0,0,0),(1373,125,1,96,4,NULL,NULL,NULL,0,'Gnat',0,NULL,NULL,NULL,1,0,0,0,0,0,0),(1374,125,1,96,4,NULL,NULL,NULL,0,'Gnat',0,NULL,NULL,NULL,1,0,0,0,0,0,0),(1375,125,1,96,4,NULL,NULL,NULL,0,'Gnat',1,NULL,NULL,NULL,1,0,0,0,0,0,0),(1376,125,1,96,4,NULL,NULL,NULL,0,'Gnat',1,NULL,NULL,NULL,1,0,0,0,0,0,0),(1377,900,1,97,4,NULL,NULL,NULL,0,'Gnawer',0,NULL,NULL,NULL,1,0,0,0,0,0,0),(1378,500,1,97,4,NULL,NULL,NULL,0,'Spudder',0,NULL,NULL,NULL,1,0,0,0,0,0,0),(1379,500,1,97,4,NULL,NULL,NULL,0,'Spudder',1,NULL,NULL,NULL,1,0,0,0,0,0,0),(1380,500,1,97,4,NULL,NULL,NULL,0,'Spudder',0,NULL,NULL,NULL,1,0,0,0,0,0,0),(1381,500,1,97,4,NULL,NULL,NULL,0,'Spudder',0,NULL,NULL,NULL,1,0,0,0,0,0,0),(1382,90,1,97,4,NULL,NULL,NULL,0,'Glancer',1,NULL,NULL,NULL,1,0,0,0,0,0,0),(1383,125,1,97,4,NULL,NULL,NULL,0,'Gnat',0,NULL,NULL,NULL,1,0,0,0,0,0,0),(1384,125,1,97,4,NULL,NULL,NULL,0,'Gnat',0,NULL,NULL,NULL,1,0,0,0,0,0,0),(1385,125,1,97,4,NULL,NULL,NULL,0,'Gnat',0,NULL,NULL,NULL,1,0,0,0,0,0,0),(1386,90,1,97,4,NULL,NULL,NULL,0,'Glancer',1,NULL,NULL,NULL,1,0,0,0,0,0,0),(1387,90,1,97,4,NULL,NULL,NULL,0,'Glancer',1,NULL,NULL,NULL,1,0,0,0,0,0,0),(1388,90,1,97,4,NULL,NULL,NULL,0,'Glancer',1,NULL,NULL,NULL,1,0,0,0,0,0,0),(1389,90,1,97,4,NULL,NULL,NULL,0,'Glancer',1,NULL,NULL,NULL,1,0,0,0,0,0,0),(1390,125,1,97,4,NULL,NULL,NULL,0,'Gnat',0,NULL,NULL,NULL,1,0,0,0,0,0,0),(1391,125,1,97,4,NULL,NULL,NULL,0,'Gnat',0,NULL,NULL,NULL,1,0,0,0,0,0,0),(1392,125,1,97,4,NULL,NULL,NULL,0,'Gnat',1,NULL,NULL,NULL,1,0,0,0,0,0,0),(1393,125,1,97,4,NULL,NULL,NULL,0,'Gnat',1,NULL,NULL,NULL,1,0,0,0,0,0,0),(1394,90,1,98,4,NULL,NULL,NULL,0,'Glancer',1,NULL,NULL,NULL,1,0,0,0,0,0,0),(1395,90,1,98,4,NULL,NULL,NULL,0,'Glancer',1,NULL,NULL,NULL,1,0,0,0,0,0,0),(1396,90,1,98,4,NULL,NULL,NULL,0,'Glancer',1,NULL,NULL,NULL,1,0,0,0,0,0,0),(1397,90,1,98,4,NULL,NULL,NULL,0,'Glancer',1,NULL,NULL,NULL,1,0,0,0,0,0,0),(1398,125,1,98,4,NULL,NULL,NULL,0,'Gnat',0,NULL,NULL,NULL,1,0,0,0,0,0,0),(1399,125,1,98,4,NULL,NULL,NULL,0,'Gnat',0,NULL,NULL,NULL,1,0,0,0,0,0,0),(1400,125,1,98,4,NULL,NULL,NULL,0,'Gnat',1,NULL,NULL,NULL,1,0,0,0,0,0,0),(1401,125,1,98,4,NULL,NULL,NULL,0,'Gnat',0,NULL,NULL,NULL,1,0,0,0,0,0,0),(1402,125,1,98,4,NULL,NULL,NULL,0,'Gnat',1,NULL,NULL,NULL,1,0,0,0,0,0,0),(1403,125,1,98,4,NULL,NULL,NULL,0,'Gnat',1,NULL,NULL,NULL,1,0,0,0,0,0,0),(1404,125,1,99,4,NULL,NULL,NULL,0,'Gnat',0,NULL,NULL,NULL,1,0,0,0,0,0,0),(1405,125,1,99,4,NULL,NULL,NULL,0,'Gnat',0,NULL,NULL,NULL,1,0,0,0,0,0,0),(1406,125,1,99,4,NULL,NULL,NULL,0,'Gnat',1,NULL,NULL,NULL,1,0,0,0,0,0,0),(1407,125,1,99,4,NULL,NULL,NULL,0,'Gnat',0,NULL,NULL,NULL,1,0,0,0,0,0,0),(1408,125,1,99,4,NULL,NULL,NULL,0,'Gnat',1,NULL,NULL,NULL,1,0,0,0,0,0,0),(1409,125,1,99,4,NULL,NULL,NULL,0,'Gnat',1,NULL,NULL,NULL,1,0,0,0,0,0,0),(1410,125,1,100,4,NULL,NULL,NULL,0,'Gnat',0,NULL,NULL,NULL,1,0,0,0,0,0,0),(1411,125,1,100,4,NULL,NULL,NULL,0,'Gnat',0,NULL,NULL,NULL,1,0,0,0,0,0,0),(1412,125,1,100,4,NULL,NULL,NULL,0,'Gnat',1,NULL,NULL,NULL,1,0,0,0,0,0,0),(1413,125,1,100,4,NULL,NULL,NULL,0,'Gnat',0,NULL,NULL,NULL,1,0,0,0,0,0,0),(1414,125,1,100,4,NULL,NULL,NULL,0,'Gnat',1,NULL,NULL,NULL,1,0,0,0,0,0,0),(1415,125,1,100,4,NULL,NULL,NULL,0,'Gnat',1,NULL,NULL,NULL,1,0,0,0,0,0,0),(1416,125,1,101,4,NULL,NULL,NULL,0,'Gnat',0,NULL,NULL,NULL,1,0,0,0,0,0,0),(1417,125,1,101,4,NULL,NULL,NULL,0,'Gnat',0,NULL,NULL,NULL,1,0,0,0,0,0,0),(1418,125,1,101,4,NULL,NULL,NULL,0,'Gnat',1,NULL,NULL,NULL,1,0,0,0,0,0,0),(1419,125,1,101,4,NULL,NULL,NULL,0,'Gnat',0,NULL,NULL,NULL,1,0,0,0,0,0,0),(1420,125,1,101,4,NULL,NULL,NULL,0,'Gnat',1,NULL,NULL,NULL,1,0,0,0,0,0,0),(1421,125,1,101,4,NULL,NULL,NULL,0,'Gnat',1,NULL,NULL,NULL,1,0,0,0,0,0,0),(1422,125,1,102,4,NULL,NULL,NULL,0,'Gnat',0,NULL,NULL,NULL,1,0,0,0,0,0,0),(1423,125,1,102,4,NULL,NULL,NULL,0,'Gnat',0,NULL,NULL,NULL,1,0,0,0,0,0,0),(1424,125,1,102,4,NULL,NULL,NULL,0,'Gnat',1,NULL,NULL,NULL,1,0,0,0,0,0,0),(1425,125,1,102,4,NULL,NULL,NULL,0,'Gnat',1,NULL,NULL,NULL,1,0,0,0,0,0,0),(1426,4475,1,9,1,NULL,NULL,NULL,0,'Thor',0,1,315,NULL,1,0,0,0,0,0,0),(1427,2812,1,9,1,NULL,NULL,NULL,0,'Dirac',0,1,315,NULL,1,0,0,0,0,0,0),(1428,2812,1,9,1,NULL,NULL,NULL,0,'Dirac',0,1,315,NULL,1,0,0,0,0,0,0),(1429,2812,1,9,1,NULL,NULL,NULL,0,'Dirac',1,1,315,NULL,1,0,0,0,0,0,0),(1430,2812,1,9,1,NULL,NULL,NULL,0,'Dirac',0,1,315,NULL,1,0,0,0,0,0,0),(1431,26875,1,9,1,NULL,NULL,NULL,0,'Demosis',0,3,224,NULL,1,0,0,0,0,0,0),(1432,4475,1,9,1,NULL,NULL,NULL,0,'Thor',1,3,224,NULL,1,0,0,0,0,0,0),(1433,4475,1,9,1,NULL,NULL,NULL,0,'Thor',0,3,224,NULL,1,0,0,0,0,0,0),(1434,4475,1,9,1,NULL,NULL,NULL,0,'Thor',1,3,224,NULL,1,0,0,0,0,0,0),(1435,4475,1,9,1,NULL,NULL,NULL,0,'Thor',1,3,224,NULL,1,0,0,0,0,0,0),(1436,2812,1,9,1,NULL,NULL,NULL,0,'Dirac',1,3,224,NULL,1,0,0,0,0,0,0),(1437,2812,1,9,1,NULL,NULL,NULL,0,'Dirac',1,3,224,NULL,1,0,0,0,0,0,0),(1438,2812,1,9,1,NULL,NULL,NULL,0,'Dirac',1,3,224,NULL,1,0,0,0,0,0,0),(1439,2812,1,9,1,NULL,NULL,NULL,0,'Dirac',1,3,224,NULL,1,0,0,0,0,0,0),(1440,2812,1,9,1,NULL,NULL,NULL,0,'Dirac',1,3,224,NULL,1,0,0,0,0,0,0),(1441,2812,1,9,1,NULL,NULL,NULL,0,'Dirac',0,3,224,NULL,1,0,0,0,0,0,0),(1442,2812,1,9,1,NULL,NULL,NULL,0,'Dirac',1,3,224,NULL,1,0,0,0,0,0,0),(1443,4475,1,9,1,NULL,NULL,NULL,0,'Thor',1,2,60,NULL,1,0,0,0,0,0,0),(1444,4475,1,9,1,NULL,NULL,NULL,0,'Thor',0,2,60,NULL,1,0,0,0,0,0,0),(1445,4475,1,9,1,NULL,NULL,NULL,0,'Thor',0,2,60,NULL,1,0,0,0,0,0,0),(1446,4475,1,9,1,NULL,NULL,NULL,0,'Thor',1,2,60,NULL,1,0,0,0,0,0,0),(1447,2812,1,9,1,NULL,NULL,NULL,0,'Dirac',1,2,60,NULL,1,0,0,0,0,0,0),(1448,2812,1,9,1,NULL,NULL,NULL,0,'Dirac',1,2,60,NULL,1,0,0,0,0,0,0),(1449,2812,1,9,1,NULL,NULL,NULL,0,'Dirac',0,2,60,NULL,1,0,0,0,0,0,0),(1450,26875,1,9,1,NULL,NULL,NULL,0,'Demosis',0,1,0,NULL,1,0,0,0,0,0,0),(1451,4475,1,9,1,NULL,NULL,NULL,0,'Thor',1,1,0,NULL,1,0,0,0,0,0,0),(1452,4475,1,9,1,NULL,NULL,NULL,0,'Thor',1,1,0,NULL,1,0,0,0,0,0,0),(1453,4475,1,9,1,NULL,NULL,NULL,0,'Thor',0,1,0,NULL,1,0,0,0,0,0,0),(1454,4475,1,9,1,NULL,NULL,NULL,0,'Thor',1,1,0,NULL,1,0,0,0,0,0,0),(1455,2812,1,9,1,NULL,NULL,NULL,0,'Dirac',0,1,0,NULL,1,0,0,0,0,0,0),(1456,2812,1,9,1,NULL,NULL,NULL,0,'Dirac',1,1,0,NULL,1,0,0,0,0,0,0),(1457,2812,1,9,1,NULL,NULL,NULL,0,'Dirac',0,1,0,NULL,1,0,0,0,0,0,0),(1458,2812,1,9,1,NULL,NULL,NULL,0,'Dirac',1,1,0,NULL,1,0,0,0,0,0,0),(1459,26875,1,9,1,NULL,NULL,NULL,0,'Demosis',0,2,150,NULL,1,0,0,0,0,0,0),(1460,26875,1,9,1,NULL,NULL,NULL,0,'Demosis',0,2,150,NULL,1,0,0,0,0,0,0),(1461,4475,1,9,1,NULL,NULL,NULL,0,'Thor',1,2,150,NULL,1,0,0,0,0,0,0),(1462,4475,1,9,1,NULL,NULL,NULL,0,'Thor',0,2,150,NULL,1,0,0,0,0,0,0),(1463,4475,1,9,1,NULL,NULL,NULL,0,'Thor',0,2,150,NULL,1,0,0,0,0,0,0),(1464,4475,1,9,1,NULL,NULL,NULL,0,'Thor',0,2,150,NULL,1,0,0,0,0,0,0),(1465,4475,1,9,1,NULL,NULL,NULL,0,'Thor',0,2,150,NULL,1,0,0,0,0,0,0),(1466,2812,1,9,1,NULL,NULL,NULL,0,'Dirac',0,2,150,NULL,1,0,0,0,0,0,0),(1467,2812,1,9,1,NULL,NULL,NULL,0,'Dirac',1,2,150,NULL,1,0,0,0,0,0,0),(1468,2812,1,9,1,NULL,NULL,NULL,0,'Dirac',0,2,150,NULL,1,0,0,0,0,0,0),(1469,2812,1,9,1,NULL,NULL,NULL,0,'Dirac',0,2,150,NULL,1,0,0,0,0,0,0),(1470,2812,1,9,1,NULL,NULL,NULL,0,'Dirac',1,2,150,NULL,1,0,0,0,0,0,0),(1471,26875,1,9,1,NULL,NULL,NULL,0,'Demosis',0,2,30,NULL,1,0,0,0,0,0,0),(1472,26875,1,9,1,NULL,NULL,NULL,0,'Demosis',0,2,30,NULL,1,0,0,0,0,0,0),(1473,4475,1,9,1,NULL,NULL,NULL,0,'Thor',1,2,30,NULL,1,0,0,0,0,0,0),(1474,4475,1,9,1,NULL,NULL,NULL,0,'Thor',1,2,30,NULL,1,0,0,0,0,0,0),(1475,4475,1,9,1,NULL,NULL,NULL,0,'Thor',0,2,30,NULL,1,0,0,0,0,0,0),(1476,4475,1,9,1,NULL,NULL,NULL,0,'Thor',1,2,30,NULL,1,0,0,0,0,0,0),(1477,2812,1,9,1,NULL,NULL,NULL,0,'Dirac',0,2,30,NULL,1,0,0,0,0,0,0),(1478,2812,1,9,1,NULL,NULL,NULL,0,'Dirac',1,2,30,NULL,1,0,0,0,0,0,0),(1479,2812,1,9,1,NULL,NULL,NULL,0,'Dirac',1,2,30,NULL,1,0,0,0,0,0,0),(1480,2812,1,9,1,NULL,NULL,NULL,0,'Dirac',1,2,30,NULL,1,0,0,0,0,0,0),(1481,26875,1,9,1,NULL,NULL,NULL,0,'Demosis',0,0,90,NULL,1,0,0,0,0,0,0),(1482,4475,1,9,1,NULL,NULL,NULL,0,'Thor',0,0,90,NULL,1,0,0,0,0,0,0),(1483,4475,1,9,1,NULL,NULL,NULL,0,'Thor',0,0,90,NULL,1,0,0,0,0,0,0),(1484,4475,1,9,1,NULL,NULL,NULL,0,'Thor',0,0,90,NULL,1,0,0,0,0,0,0),(1485,2812,1,9,1,NULL,NULL,NULL,0,'Dirac',0,0,90,NULL,1,0,0,0,0,0,0),(1486,2812,1,9,1,NULL,NULL,NULL,0,'Dirac',0,0,90,NULL,1,0,0,0,0,0,0),(1487,2812,1,9,1,NULL,NULL,NULL,0,'Dirac',0,0,90,NULL,1,0,0,0,0,0,0),(1488,2812,1,9,1,NULL,NULL,NULL,0,'Dirac',1,0,90,NULL,1,0,0,0,0,0,0),(1489,2812,1,9,1,NULL,NULL,NULL,0,'Dirac',1,0,90,NULL,1,0,0,0,0,0,0),(1490,90,1,103,4,NULL,NULL,NULL,0,'Glancer',1,NULL,NULL,NULL,1,0,0,0,0,0,0),(1491,125,1,103,4,NULL,NULL,NULL,0,'Gnat',0,NULL,NULL,NULL,1,0,0,0,0,0,0),(1492,125,1,103,4,NULL,NULL,NULL,0,'Gnat',0,NULL,NULL,NULL,1,0,0,0,0,0,0),(1493,125,1,103,4,NULL,NULL,NULL,0,'Gnat',1,NULL,NULL,NULL,1,0,0,0,0,0,0),(1494,125,1,103,4,NULL,NULL,NULL,0,'Gnat',0,NULL,NULL,NULL,1,0,0,0,0,0,0),(1495,125,1,103,4,NULL,NULL,NULL,0,'Gnat',0,NULL,NULL,NULL,1,0,0,0,0,0,0),(1496,125,1,103,4,NULL,NULL,NULL,0,'Gnat',1,NULL,NULL,NULL,1,0,0,0,0,0,0),(1497,90,1,104,4,NULL,NULL,NULL,0,'Glancer',1,NULL,NULL,NULL,1,0,0,0,0,0,0),(1498,90,1,104,4,NULL,NULL,NULL,0,'Glancer',1,NULL,NULL,NULL,1,0,0,0,0,0,0),(1499,125,1,104,4,NULL,NULL,NULL,0,'Gnat',0,NULL,NULL,NULL,1,0,0,0,0,0,0),(1500,125,1,104,4,NULL,NULL,NULL,0,'Gnat',0,NULL,NULL,NULL,1,0,0,0,0,0,0),(1501,125,1,104,4,NULL,NULL,NULL,0,'Gnat',1,NULL,NULL,NULL,1,0,0,0,0,0,0),(1502,125,1,104,4,NULL,NULL,NULL,0,'Gnat',1,NULL,NULL,NULL,1,0,0,0,0,0,0),(1503,90,1,105,4,NULL,NULL,NULL,0,'Glancer',1,NULL,NULL,NULL,1,0,0,0,0,0,0),(1504,90,1,105,4,NULL,NULL,NULL,0,'Glancer',1,NULL,NULL,NULL,1,0,0,0,0,0,0),(1505,90,1,105,4,NULL,NULL,NULL,0,'Glancer',1,NULL,NULL,NULL,1,0,0,0,0,0,0),(1506,125,1,105,4,NULL,NULL,NULL,0,'Gnat',0,NULL,NULL,NULL,1,0,0,0,0,0,0),(1507,125,1,105,4,NULL,NULL,NULL,0,'Gnat',0,NULL,NULL,NULL,1,0,0,0,0,0,0),(1508,125,1,105,4,NULL,NULL,NULL,0,'Gnat',1,NULL,NULL,NULL,1,0,0,0,0,0,0),(1509,125,1,105,4,NULL,NULL,NULL,0,'Gnat',1,NULL,NULL,NULL,1,0,0,0,0,0,0),(1510,900,1,106,4,NULL,NULL,NULL,0,'Gnawer',0,NULL,NULL,NULL,1,0,0,0,0,0,0),(1511,500,1,106,4,NULL,NULL,NULL,0,'Spudder',1,NULL,NULL,NULL,1,0,0,0,0,0,0),(1512,500,1,106,4,NULL,NULL,NULL,0,'Spudder',0,NULL,NULL,NULL,1,0,0,0,0,0,0),(1513,90,1,106,4,NULL,NULL,NULL,0,'Glancer',1,NULL,NULL,NULL,1,0,0,0,0,0,0),(1514,125,1,106,4,NULL,NULL,NULL,0,'Gnat',0,NULL,NULL,NULL,1,0,0,0,0,0,0),(1515,125,1,106,4,NULL,NULL,NULL,0,'Gnat',0,NULL,NULL,NULL,1,0,0,0,0,0,0),(1516,90,1,106,4,NULL,NULL,NULL,0,'Glancer',1,NULL,NULL,NULL,1,0,0,0,0,0,0),(1517,90,1,106,4,NULL,NULL,NULL,0,'Glancer',1,NULL,NULL,NULL,1,0,0,0,0,0,0),(1518,90,1,106,4,NULL,NULL,NULL,0,'Glancer',1,NULL,NULL,NULL,1,0,0,0,0,0,0),(1519,90,1,106,4,NULL,NULL,NULL,0,'Glancer',1,NULL,NULL,NULL,1,0,0,0,0,0,0),(1520,125,1,106,4,NULL,NULL,NULL,0,'Gnat',0,NULL,NULL,NULL,1,0,0,0,0,0,0),(1521,125,1,106,4,NULL,NULL,NULL,0,'Gnat',0,NULL,NULL,NULL,1,0,0,0,0,0,0),(1522,125,1,106,4,NULL,NULL,NULL,0,'Gnat',1,NULL,NULL,NULL,1,0,0,0,0,0,0),(1523,125,1,106,4,NULL,NULL,NULL,0,'Gnat',0,NULL,NULL,NULL,1,0,0,0,0,0,0),(1524,900,1,107,4,NULL,NULL,NULL,0,'Gnawer',0,NULL,NULL,NULL,1,0,0,0,0,0,0),(1525,500,1,107,4,NULL,NULL,NULL,0,'Spudder',1,NULL,NULL,NULL,1,0,0,0,0,0,0),(1526,500,1,107,4,NULL,NULL,NULL,0,'Spudder',0,NULL,NULL,NULL,1,0,0,0,0,0,0),(1527,500,1,107,4,NULL,NULL,NULL,0,'Spudder',1,NULL,NULL,NULL,1,0,0,0,0,0,0),(1528,500,1,107,4,NULL,NULL,NULL,0,'Spudder',0,NULL,NULL,NULL,1,0,0,0,0,0,0),(1529,90,1,107,4,NULL,NULL,NULL,0,'Glancer',1,NULL,NULL,NULL,1,0,0,0,0,0,0),(1530,125,1,107,4,NULL,NULL,NULL,0,'Gnat',1,NULL,NULL,NULL,1,0,0,0,0,0,0),(1531,90,1,107,4,NULL,NULL,NULL,0,'Glancer',1,NULL,NULL,NULL,1,0,0,0,0,0,0),(1532,90,1,107,4,NULL,NULL,NULL,0,'Glancer',1,NULL,NULL,NULL,1,0,0,0,0,0,0),(1533,90,1,107,4,NULL,NULL,NULL,0,'Glancer',1,NULL,NULL,NULL,1,0,0,0,0,0,0),(1534,90,1,107,4,NULL,NULL,NULL,0,'Glancer',1,NULL,NULL,NULL,1,0,0,0,0,0,0),(1535,90,1,107,4,NULL,NULL,NULL,0,'Glancer',1,NULL,NULL,NULL,1,0,0,0,0,0,0),(1536,90,1,107,4,NULL,NULL,NULL,0,'Glancer',1,NULL,NULL,NULL,1,0,0,0,0,0,0),(1537,125,1,107,4,NULL,NULL,NULL,0,'Gnat',0,NULL,NULL,NULL,1,0,0,0,0,0,0),(1538,125,1,107,4,NULL,NULL,NULL,0,'Gnat',0,NULL,NULL,NULL,1,0,0,0,0,0,0),(1539,125,1,107,4,NULL,NULL,NULL,0,'Gnat',1,NULL,NULL,NULL,1,0,0,0,0,0,0),(1540,500,1,108,4,NULL,NULL,NULL,0,'Spudder',0,NULL,NULL,NULL,1,0,0,0,0,0,0),(1541,500,1,108,4,NULL,NULL,NULL,0,'Spudder',0,NULL,NULL,NULL,1,0,0,0,0,0,0),(1542,90,1,108,4,NULL,NULL,NULL,0,'Glancer',1,NULL,NULL,NULL,1,0,0,0,0,0,0),(1543,125,1,108,4,NULL,NULL,NULL,0,'Gnat',1,NULL,NULL,NULL,1,0,0,0,0,0,0),(1544,90,1,108,4,NULL,NULL,NULL,0,'Glancer',1,NULL,NULL,NULL,1,0,0,0,0,0,0),(1545,90,1,108,4,NULL,NULL,NULL,0,'Glancer',1,NULL,NULL,NULL,1,0,0,0,0,0,0),(1546,90,1,108,4,NULL,NULL,NULL,0,'Glancer',1,NULL,NULL,NULL,1,0,0,0,0,0,0),(1547,90,1,108,4,NULL,NULL,NULL,0,'Glancer',1,NULL,NULL,NULL,1,0,0,0,0,0,0),(1548,125,1,108,4,NULL,NULL,NULL,0,'Gnat',0,NULL,NULL,NULL,1,0,0,0,0,0,0),(1549,125,1,108,4,NULL,NULL,NULL,0,'Gnat',0,NULL,NULL,NULL,1,0,0,0,0,0,0),(1550,125,1,108,4,NULL,NULL,NULL,0,'Gnat',1,NULL,NULL,NULL,1,0,0,0,0,0,0),(1551,125,1,108,4,NULL,NULL,NULL,0,'Gnat',1,NULL,NULL,NULL,1,0,0,0,0,0,0),(1552,500,1,109,4,NULL,NULL,NULL,0,'Spudder',0,NULL,NULL,NULL,1,0,0,0,0,0,0),(1553,90,1,109,4,NULL,NULL,NULL,0,'Glancer',1,NULL,NULL,NULL,1,0,0,0,0,0,0),(1554,125,1,109,4,NULL,NULL,NULL,0,'Gnat',0,NULL,NULL,NULL,1,0,0,0,0,0,0),(1555,90,1,109,4,NULL,NULL,NULL,0,'Glancer',1,NULL,NULL,NULL,1,0,0,0,0,0,0),(1556,90,1,109,4,NULL,NULL,NULL,0,'Glancer',1,NULL,NULL,NULL,1,0,0,0,0,0,0),(1557,90,1,109,4,NULL,NULL,NULL,0,'Glancer',1,NULL,NULL,NULL,1,0,0,0,0,0,0),(1558,90,1,109,4,NULL,NULL,NULL,0,'Glancer',1,NULL,NULL,NULL,1,0,0,0,0,0,0),(1559,125,1,109,4,NULL,NULL,NULL,0,'Gnat',0,NULL,NULL,NULL,1,0,0,0,0,0,0),(1560,125,1,109,4,NULL,NULL,NULL,0,'Gnat',0,NULL,NULL,NULL,1,0,0,0,0,0,0),(1561,125,1,109,4,NULL,NULL,NULL,0,'Gnat',1,NULL,NULL,NULL,1,0,0,0,0,0,0),(1562,125,1,109,4,NULL,NULL,NULL,0,'Gnat',0,NULL,NULL,NULL,1,0,0,0,0,0,0),(1563,125,1,109,4,NULL,NULL,NULL,0,'Gnat',0,NULL,NULL,NULL,1,0,0,0,0,0,0),(1564,900,1,110,4,NULL,NULL,NULL,0,'Gnawer',0,NULL,NULL,NULL,1,0,0,0,0,0,0),(1565,900,1,110,4,NULL,NULL,NULL,0,'Gnawer',0,NULL,NULL,NULL,1,0,0,0,0,0,0),(1566,500,1,110,4,NULL,NULL,NULL,0,'Spudder',0,NULL,NULL,NULL,1,0,0,0,0,0,0),(1567,500,1,110,4,NULL,NULL,NULL,0,'Spudder',1,NULL,NULL,NULL,1,0,0,0,0,0,0),(1568,500,1,110,4,NULL,NULL,NULL,0,'Spudder',0,NULL,NULL,NULL,1,0,0,0,0,0,0),(1569,125,1,110,4,NULL,NULL,NULL,0,'Gnat',1,NULL,NULL,NULL,1,0,0,0,0,0,0),(1570,125,1,110,4,NULL,NULL,NULL,0,'Gnat',0,NULL,NULL,NULL,1,0,0,0,0,0,0),(1571,125,1,110,4,NULL,NULL,NULL,0,'Gnat',0,NULL,NULL,NULL,1,0,0,0,0,0,0),(1572,90,1,110,4,NULL,NULL,NULL,0,'Glancer',1,NULL,NULL,NULL,1,0,0,0,0,0,0),(1573,90,1,110,4,NULL,NULL,NULL,0,'Glancer',1,NULL,NULL,NULL,1,0,0,0,0,0,0),(1574,90,1,110,4,NULL,NULL,NULL,0,'Glancer',1,NULL,NULL,NULL,1,0,0,0,0,0,0),(1575,125,1,110,4,NULL,NULL,NULL,0,'Gnat',0,NULL,NULL,NULL,1,0,0,0,0,0,0),(1576,125,1,110,4,NULL,NULL,NULL,0,'Gnat',0,NULL,NULL,NULL,1,0,0,0,0,0,0),(1577,125,1,110,4,NULL,NULL,NULL,0,'Gnat',1,NULL,NULL,NULL,1,0,0,0,0,0,0),(1578,125,1,110,4,NULL,NULL,NULL,0,'Gnat',1,NULL,NULL,NULL,1,0,0,0,0,0,0),(1579,900,1,111,4,NULL,NULL,NULL,0,'Gnawer',0,NULL,NULL,NULL,1,0,0,0,0,0,0),(1580,900,1,111,4,NULL,NULL,NULL,0,'Gnawer',0,NULL,NULL,NULL,1,0,0,0,0,0,0),(1581,500,1,111,4,NULL,NULL,NULL,0,'Spudder',0,NULL,NULL,NULL,1,0,0,0,0,0,0),(1582,500,1,111,4,NULL,NULL,NULL,0,'Spudder',1,NULL,NULL,NULL,1,0,0,0,0,0,0),(1583,500,1,111,4,NULL,NULL,NULL,0,'Spudder',0,NULL,NULL,NULL,1,0,0,0,0,0,0),(1584,500,1,111,4,NULL,NULL,NULL,0,'Spudder',0,NULL,NULL,NULL,1,0,0,0,0,0,0),(1585,90,1,111,4,NULL,NULL,NULL,0,'Glancer',1,NULL,NULL,NULL,1,0,0,0,0,0,0),(1586,125,1,111,4,NULL,NULL,NULL,0,'Gnat',0,NULL,NULL,NULL,1,0,0,0,0,0,0),(1587,90,1,111,4,NULL,NULL,NULL,0,'Glancer',1,NULL,NULL,NULL,1,0,0,0,0,0,0),(1588,90,1,111,4,NULL,NULL,NULL,0,'Glancer',1,NULL,NULL,NULL,1,0,0,0,0,0,0),(1589,90,1,111,4,NULL,NULL,NULL,0,'Glancer',1,NULL,NULL,NULL,1,0,0,0,0,0,0),(1590,125,1,111,4,NULL,NULL,NULL,0,'Gnat',0,NULL,NULL,NULL,1,0,0,0,0,0,0),(1591,125,1,111,4,NULL,NULL,NULL,0,'Gnat',0,NULL,NULL,NULL,1,0,0,0,0,0,0),(1592,125,1,111,4,NULL,NULL,NULL,0,'Gnat',1,NULL,NULL,NULL,1,0,0,0,0,0,0),(1593,125,1,111,4,NULL,NULL,NULL,0,'Gnat',0,NULL,NULL,NULL,1,0,0,0,0,0,0),(1594,125,1,111,4,NULL,NULL,NULL,0,'Gnat',0,NULL,NULL,NULL,1,0,0,0,0,0,0),(1595,125,1,111,4,NULL,NULL,NULL,0,'Gnat',1,NULL,NULL,NULL,1,0,0,0,0,0,0),(1596,125,1,111,4,NULL,NULL,NULL,0,'Gnat',1,NULL,NULL,NULL,1,0,0,0,0,0,0),(1597,900,1,112,4,NULL,NULL,NULL,0,'Gnawer',0,NULL,NULL,NULL,1,0,0,0,0,0,0),(1598,900,1,112,4,NULL,NULL,NULL,0,'Gnawer',0,NULL,NULL,NULL,1,0,0,0,0,0,0),(1599,900,1,112,4,NULL,NULL,NULL,0,'Gnawer',0,NULL,NULL,NULL,1,0,0,0,0,0,0),(1600,500,1,112,4,NULL,NULL,NULL,0,'Spudder',0,NULL,NULL,NULL,1,0,0,0,0,0,0),(1601,500,1,112,4,NULL,NULL,NULL,0,'Spudder',0,NULL,NULL,NULL,1,0,0,0,0,0,0),(1602,500,1,112,4,NULL,NULL,NULL,0,'Spudder',1,NULL,NULL,NULL,1,0,0,0,0,0,0),(1603,500,1,112,4,NULL,NULL,NULL,0,'Spudder',0,NULL,NULL,NULL,1,0,0,0,0,0,0),(1604,500,1,112,4,NULL,NULL,NULL,0,'Spudder',0,NULL,NULL,NULL,1,0,0,0,0,0,0),(1605,90,1,112,4,NULL,NULL,NULL,0,'Glancer',1,NULL,NULL,NULL,1,0,0,0,0,0,0),(1606,125,1,112,4,NULL,NULL,NULL,0,'Gnat',0,NULL,NULL,NULL,1,0,0,0,0,0,0),(1607,90,1,112,4,NULL,NULL,NULL,0,'Glancer',1,NULL,NULL,NULL,1,0,0,0,0,0,0),(1608,90,1,112,4,NULL,NULL,NULL,0,'Glancer',1,NULL,NULL,NULL,1,0,0,0,0,0,0),(1609,90,1,112,4,NULL,NULL,NULL,0,'Glancer',1,NULL,NULL,NULL,1,0,0,0,0,0,0),(1610,90,1,112,4,NULL,NULL,NULL,0,'Glancer',1,NULL,NULL,NULL,1,0,0,0,0,0,0),(1611,125,1,112,4,NULL,NULL,NULL,0,'Gnat',0,NULL,NULL,NULL,1,0,0,0,0,0,0),(1612,125,1,112,4,NULL,NULL,NULL,0,'Gnat',0,NULL,NULL,NULL,1,0,0,0,0,0,0),(1613,125,1,112,4,NULL,NULL,NULL,0,'Gnat',1,NULL,NULL,NULL,1,0,0,0,0,0,0),(1614,125,1,112,4,NULL,NULL,NULL,0,'Gnat',0,NULL,NULL,NULL,1,0,0,0,0,0,0),(1615,125,1,112,4,NULL,NULL,NULL,0,'Gnat',0,NULL,NULL,NULL,1,0,0,0,0,0,0),(1616,125,1,112,4,NULL,NULL,NULL,0,'Gnat',1,NULL,NULL,NULL,1,0,0,0,0,0,0),(1617,900,1,113,4,NULL,NULL,NULL,0,'Gnawer',0,NULL,NULL,NULL,1,0,0,0,0,0,0),(1618,900,1,113,4,NULL,NULL,NULL,0,'Gnawer',0,NULL,NULL,NULL,1,0,0,0,0,0,0),(1619,500,1,113,4,NULL,NULL,NULL,0,'Spudder',0,NULL,NULL,NULL,1,0,0,0,0,0,0),(1620,500,1,113,4,NULL,NULL,NULL,0,'Spudder',0,NULL,NULL,NULL,1,0,0,0,0,0,0),(1621,500,1,113,4,NULL,NULL,NULL,0,'Spudder',1,NULL,NULL,NULL,1,0,0,0,0,0,0),(1622,500,1,113,4,NULL,NULL,NULL,0,'Spudder',1,NULL,NULL,NULL,1,0,0,0,0,0,0),(1623,500,1,113,4,NULL,NULL,NULL,0,'Spudder',0,NULL,NULL,NULL,1,0,0,0,0,0,0),(1624,125,1,113,4,NULL,NULL,NULL,0,'Gnat',0,NULL,NULL,NULL,1,0,0,0,0,0,0),(1625,125,1,113,4,NULL,NULL,NULL,0,'Gnat',0,NULL,NULL,NULL,1,0,0,0,0,0,0),(1626,90,1,113,4,NULL,NULL,NULL,0,'Glancer',1,NULL,NULL,NULL,1,0,0,0,0,0,0),(1627,90,1,113,4,NULL,NULL,NULL,0,'Glancer',1,NULL,NULL,NULL,1,0,0,0,0,0,0),(1628,90,1,113,4,NULL,NULL,NULL,0,'Glancer',1,NULL,NULL,NULL,1,0,0,0,0,0,0),(1629,90,1,113,4,NULL,NULL,NULL,0,'Glancer',1,NULL,NULL,NULL,1,0,0,0,0,0,0),(1630,125,1,113,4,NULL,NULL,NULL,0,'Gnat',0,NULL,NULL,NULL,1,0,0,0,0,0,0),(1631,125,1,113,4,NULL,NULL,NULL,0,'Gnat',0,NULL,NULL,NULL,1,0,0,0,0,0,0),(1632,125,1,113,4,NULL,NULL,NULL,0,'Gnat',1,NULL,NULL,NULL,1,0,0,0,0,0,0),(1633,125,1,113,4,NULL,NULL,NULL,0,'Gnat',0,NULL,NULL,NULL,1,0,0,0,0,0,0),(1634,125,1,113,4,NULL,NULL,NULL,0,'Gnat',1,NULL,NULL,NULL,1,0,0,0,0,0,0),(1635,125,1,113,4,NULL,NULL,NULL,0,'Gnat',1,NULL,NULL,NULL,1,0,0,0,0,0,0),(1636,900,1,114,4,NULL,NULL,NULL,0,'Gnawer',0,NULL,NULL,NULL,1,0,0,0,0,0,0),(1637,900,1,114,4,NULL,NULL,NULL,0,'Gnawer',0,NULL,NULL,NULL,1,0,0,0,0,0,0),(1638,500,1,114,4,NULL,NULL,NULL,0,'Spudder',0,NULL,NULL,NULL,1,0,0,0,0,0,0),(1639,500,1,114,4,NULL,NULL,NULL,0,'Spudder',0,NULL,NULL,NULL,1,0,0,0,0,0,0),(1640,500,1,114,4,NULL,NULL,NULL,0,'Spudder',1,NULL,NULL,NULL,1,0,0,0,0,0,0),(1641,500,1,114,4,NULL,NULL,NULL,0,'Spudder',0,NULL,NULL,NULL,1,0,0,0,0,0,0),(1642,500,1,114,4,NULL,NULL,NULL,0,'Spudder',0,NULL,NULL,NULL,1,0,0,0,0,0,0),(1643,90,1,114,4,NULL,NULL,NULL,0,'Glancer',1,NULL,NULL,NULL,1,0,0,0,0,0,0),(1644,125,1,114,4,NULL,NULL,NULL,0,'Gnat',0,NULL,NULL,NULL,1,0,0,0,0,0,0),(1645,90,1,114,4,NULL,NULL,NULL,0,'Glancer',1,NULL,NULL,NULL,1,0,0,0,0,0,0),(1646,90,1,114,4,NULL,NULL,NULL,0,'Glancer',1,NULL,NULL,NULL,1,0,0,0,0,0,0),(1647,90,1,114,4,NULL,NULL,NULL,0,'Glancer',1,NULL,NULL,NULL,1,0,0,0,0,0,0),(1648,125,1,114,4,NULL,NULL,NULL,0,'Gnat',0,NULL,NULL,NULL,1,0,0,0,0,0,0),(1649,125,1,114,4,NULL,NULL,NULL,0,'Gnat',0,NULL,NULL,NULL,1,0,0,0,0,0,0),(1650,125,1,114,4,NULL,NULL,NULL,0,'Gnat',1,NULL,NULL,NULL,1,0,0,0,0,0,0),(1651,125,1,114,4,NULL,NULL,NULL,0,'Gnat',1,NULL,NULL,NULL,1,0,0,0,0,0,0),(1652,125,1,114,4,NULL,NULL,NULL,0,'Gnat',0,NULL,NULL,NULL,1,0,0,0,0,0,0),(1653,90,1,115,4,NULL,NULL,NULL,0,'Glancer',1,NULL,NULL,NULL,1,0,0,0,0,0,0),(1654,125,1,115,4,NULL,NULL,NULL,0,'Gnat',0,NULL,NULL,NULL,1,0,0,0,0,0,0),(1655,90,1,115,4,NULL,NULL,NULL,0,'Glancer',1,NULL,NULL,NULL,1,0,0,0,0,0,0),(1656,90,1,115,4,NULL,NULL,NULL,0,'Glancer',1,NULL,NULL,NULL,1,0,0,0,0,0,0),(1657,90,1,115,4,NULL,NULL,NULL,0,'Glancer',1,NULL,NULL,NULL,1,0,0,0,0,0,0),(1658,90,1,115,4,NULL,NULL,NULL,0,'Glancer',1,NULL,NULL,NULL,1,0,0,0,0,0,0),(1659,90,1,115,4,NULL,NULL,NULL,0,'Glancer',1,NULL,NULL,NULL,1,0,0,0,0,0,0),(1660,125,1,115,4,NULL,NULL,NULL,0,'Gnat',0,NULL,NULL,NULL,1,0,0,0,0,0,0),(1661,125,1,115,4,NULL,NULL,NULL,0,'Gnat',0,NULL,NULL,NULL,1,0,0,0,0,0,0),(1662,125,1,115,4,NULL,NULL,NULL,0,'Gnat',1,NULL,NULL,NULL,1,0,0,0,0,0,0),(1663,125,1,115,4,NULL,NULL,NULL,0,'Gnat',0,NULL,NULL,NULL,1,0,0,0,0,0,0),(1664,125,1,115,4,NULL,NULL,NULL,0,'Gnat',1,NULL,NULL,NULL,1,0,0,0,0,0,0),(1665,125,1,115,4,NULL,NULL,NULL,0,'Gnat',1,NULL,NULL,NULL,1,0,0,0,0,0,0),(1666,900,1,116,4,NULL,NULL,NULL,0,'Gnawer',0,NULL,NULL,NULL,1,0,0,0,0,0,0),(1667,900,1,116,4,NULL,NULL,NULL,0,'Gnawer',0,NULL,NULL,NULL,1,0,0,0,0,0,0),(1668,500,1,116,4,NULL,NULL,NULL,0,'Spudder',0,NULL,NULL,NULL,1,0,0,0,0,0,0),(1669,500,1,116,4,NULL,NULL,NULL,0,'Spudder',0,NULL,NULL,NULL,1,0,0,0,0,0,0),(1670,500,1,116,4,NULL,NULL,NULL,0,'Spudder',0,NULL,NULL,NULL,1,0,0,0,0,0,0),(1671,500,1,116,4,NULL,NULL,NULL,0,'Spudder',1,NULL,NULL,NULL,1,0,0,0,0,0,0),(1672,500,1,116,4,NULL,NULL,NULL,0,'Spudder',0,NULL,NULL,NULL,1,0,0,0,0,0,0),(1673,90,1,116,4,NULL,NULL,NULL,0,'Glancer',1,NULL,NULL,NULL,1,0,0,0,0,0,0),(1674,90,1,116,4,NULL,NULL,NULL,0,'Glancer',1,NULL,NULL,NULL,1,0,0,0,0,0,0),(1675,90,1,116,4,NULL,NULL,NULL,0,'Glancer',1,NULL,NULL,NULL,1,0,0,0,0,0,0),(1676,90,1,116,4,NULL,NULL,NULL,0,'Glancer',1,NULL,NULL,NULL,1,0,0,0,0,0,0),(1677,90,1,116,4,NULL,NULL,NULL,0,'Glancer',1,NULL,NULL,NULL,1,0,0,0,0,0,0),(1678,125,1,116,4,NULL,NULL,NULL,0,'Gnat',0,NULL,NULL,NULL,1,0,0,0,0,0,0),(1679,125,1,116,4,NULL,NULL,NULL,0,'Gnat',0,NULL,NULL,NULL,1,0,0,0,0,0,0),(1680,125,1,116,4,NULL,NULL,NULL,0,'Gnat',1,NULL,NULL,NULL,1,0,0,0,0,0,0),(1681,125,1,116,4,NULL,NULL,NULL,0,'Gnat',1,NULL,NULL,NULL,1,0,0,0,0,0,0),(1682,125,1,116,4,NULL,NULL,NULL,0,'Gnat',1,NULL,NULL,NULL,1,0,0,0,0,0,0),(1683,500,1,117,4,NULL,NULL,NULL,0,'Spudder',0,NULL,NULL,NULL,1,0,0,0,0,0,0),(1684,90,1,117,4,NULL,NULL,NULL,0,'Glancer',1,NULL,NULL,NULL,1,0,0,0,0,0,0),(1685,125,1,117,4,NULL,NULL,NULL,0,'Gnat',0,NULL,NULL,NULL,1,0,0,0,0,0,0),(1686,125,1,117,4,NULL,NULL,NULL,0,'Gnat',0,NULL,NULL,NULL,1,0,0,0,0,0,0),(1687,125,1,117,4,NULL,NULL,NULL,0,'Gnat',0,NULL,NULL,NULL,1,0,0,0,0,0,0),(1688,90,1,117,4,NULL,NULL,NULL,0,'Glancer',1,NULL,NULL,NULL,1,0,0,0,0,0,0),(1689,90,1,117,4,NULL,NULL,NULL,0,'Glancer',1,NULL,NULL,NULL,1,0,0,0,0,0,0),(1690,90,1,117,4,NULL,NULL,NULL,0,'Glancer',1,NULL,NULL,NULL,1,0,0,0,0,0,0),(1691,125,1,117,4,NULL,NULL,NULL,0,'Gnat',0,NULL,NULL,NULL,1,0,0,0,0,0,0),(1692,125,1,117,4,NULL,NULL,NULL,0,'Gnat',0,NULL,NULL,NULL,1,0,0,0,0,0,0),(1693,125,1,117,4,NULL,NULL,NULL,0,'Gnat',1,NULL,NULL,NULL,1,0,0,0,0,0,0),(1694,125,1,117,4,NULL,NULL,NULL,0,'Gnat',0,NULL,NULL,NULL,1,0,0,0,0,0,0),(1695,125,1,117,4,NULL,NULL,NULL,0,'Gnat',0,NULL,NULL,NULL,1,0,0,0,0,0,0),(1696,125,1,117,4,NULL,NULL,NULL,0,'Gnat',1,NULL,NULL,NULL,1,0,0,0,0,0,0),(1697,125,1,117,4,NULL,NULL,NULL,0,'Gnat',1,NULL,NULL,NULL,1,0,0,0,0,0,0),(1698,125,1,117,4,NULL,NULL,NULL,0,'Gnat',0,NULL,NULL,NULL,1,0,0,0,0,0,0),(1699,90,1,118,4,NULL,NULL,NULL,0,'Glancer',1,NULL,NULL,NULL,1,0,0,0,0,0,0),(1700,125,1,118,4,NULL,NULL,NULL,0,'Gnat',0,NULL,NULL,NULL,1,0,0,0,0,0,0),(1701,90,1,118,4,NULL,NULL,NULL,0,'Glancer',1,NULL,NULL,NULL,1,0,0,0,0,0,0),(1702,90,1,118,4,NULL,NULL,NULL,0,'Glancer',1,NULL,NULL,NULL,1,0,0,0,0,0,0),(1703,90,1,118,4,NULL,NULL,NULL,0,'Glancer',1,NULL,NULL,NULL,1,0,0,0,0,0,0),(1704,125,1,118,4,NULL,NULL,NULL,0,'Gnat',0,NULL,NULL,NULL,1,0,0,0,0,0,0),(1705,125,1,118,4,NULL,NULL,NULL,0,'Gnat',0,NULL,NULL,NULL,1,0,0,0,0,0,0),(1706,125,1,118,4,NULL,NULL,NULL,0,'Gnat',1,NULL,NULL,NULL,1,0,0,0,0,0,0),(1707,125,1,118,4,NULL,NULL,NULL,0,'Gnat',0,NULL,NULL,NULL,1,0,0,0,0,0,0),(1708,125,1,118,4,NULL,NULL,NULL,0,'Gnat',1,NULL,NULL,NULL,1,0,0,0,0,0,0),(1709,125,1,118,4,NULL,NULL,NULL,0,'Gnat',1,NULL,NULL,NULL,1,0,0,0,0,0,0),(1710,125,1,119,4,NULL,NULL,NULL,0,'Gnat',0,NULL,NULL,NULL,1,0,0,0,0,0,0),(1711,125,1,119,4,NULL,NULL,NULL,0,'Gnat',0,NULL,NULL,NULL,1,0,0,0,0,0,0),(1712,125,1,119,4,NULL,NULL,NULL,0,'Gnat',1,NULL,NULL,NULL,1,0,0,0,0,0,0),(1713,125,1,119,4,NULL,NULL,NULL,0,'Gnat',0,NULL,NULL,NULL,1,0,0,0,0,0,0),(1714,125,1,119,4,NULL,NULL,NULL,0,'Gnat',1,NULL,NULL,NULL,1,0,0,0,0,0,0),(1715,125,1,119,4,NULL,NULL,NULL,0,'Gnat',1,NULL,NULL,NULL,1,0,0,0,0,0,0),(1716,125,1,120,4,NULL,NULL,NULL,0,'Gnat',0,NULL,NULL,NULL,1,0,0,0,0,0,0),(1717,125,1,120,4,NULL,NULL,NULL,0,'Gnat',0,NULL,NULL,NULL,1,0,0,0,0,0,0),(1718,125,1,120,4,NULL,NULL,NULL,0,'Gnat',1,NULL,NULL,NULL,1,0,0,0,0,0,0),(1719,125,1,120,4,NULL,NULL,NULL,0,'Gnat',1,NULL,NULL,NULL,1,0,0,0,0,0,0),(1720,125,1,121,4,NULL,NULL,NULL,0,'Gnat',0,NULL,NULL,NULL,1,0,0,0,0,0,0),(1721,125,1,121,4,NULL,NULL,NULL,0,'Gnat',0,NULL,NULL,NULL,1,0,0,0,0,0,0),(1722,125,1,121,4,NULL,NULL,NULL,0,'Gnat',1,NULL,NULL,NULL,1,0,0,0,0,0,0),(1723,4475,1,9,1,NULL,NULL,NULL,0,'Thor',1,1,135,NULL,1,0,0,0,0,0,0),(1724,4475,1,9,1,NULL,NULL,NULL,0,'Thor',0,1,135,NULL,1,0,0,0,0,0,0),(1725,4475,1,9,1,NULL,NULL,NULL,0,'Thor',0,1,135,NULL,1,0,0,0,0,0,0),(1726,4475,1,9,1,NULL,NULL,NULL,0,'Thor',0,1,135,NULL,1,0,0,0,0,0,0),(1727,2812,1,9,1,NULL,NULL,NULL,0,'Dirac',0,1,135,NULL,1,0,0,0,0,0,0),(1728,2812,1,9,1,NULL,NULL,NULL,0,'Dirac',0,1,135,NULL,1,0,0,0,0,0,0),(1729,2812,1,9,1,NULL,NULL,NULL,0,'Dirac',1,1,135,NULL,1,0,0,0,0,0,0),(1730,4475,1,9,1,NULL,NULL,NULL,0,'Thor',1,2,330,NULL,1,0,0,0,0,0,0),(1731,4475,1,9,1,NULL,NULL,NULL,0,'Thor',1,2,330,NULL,1,0,0,0,0,0,0),(1732,4475,1,9,1,NULL,NULL,NULL,0,'Thor',0,2,330,NULL,1,0,0,0,0,0,0),(1733,2812,1,9,1,NULL,NULL,NULL,0,'Dirac',1,2,330,NULL,1,0,0,0,0,0,0),(1734,2812,1,9,1,NULL,NULL,NULL,0,'Dirac',0,2,330,NULL,1,0,0,0,0,0,0),(1735,26875,1,9,1,NULL,NULL,NULL,0,'Demosis',0,0,270,NULL,1,0,0,0,0,0,0),(1736,4475,1,9,1,NULL,NULL,NULL,0,'Thor',1,0,270,NULL,1,0,0,0,0,0,0),(1737,2812,1,9,1,NULL,NULL,NULL,0,'Dirac',1,0,270,NULL,1,0,0,0,0,0,0),(1738,2812,1,9,1,NULL,NULL,NULL,0,'Dirac',1,0,270,NULL,1,0,0,0,0,0,0),(1739,2812,1,9,1,NULL,NULL,NULL,0,'Dirac',1,0,270,NULL,1,0,0,0,0,0,0),(1740,2812,1,9,1,NULL,NULL,NULL,0,'Dirac',1,0,270,NULL,1,0,0,0,0,0,0),(1741,26875,1,9,1,NULL,NULL,NULL,0,'Demosis',0,0,180,NULL,1,0,0,0,0,0,0),(1742,4475,1,9,1,NULL,NULL,NULL,0,'Thor',1,0,180,NULL,1,0,0,0,0,0,0),(1743,2812,1,9,1,NULL,NULL,NULL,0,'Dirac',0,0,180,NULL,1,0,0,0,0,0,0),(1744,2812,1,9,1,NULL,NULL,NULL,0,'Dirac',0,0,180,NULL,1,0,0,0,0,0,0),(1745,4475,1,10,1,NULL,NULL,NULL,0,'Thor',0,1,45,NULL,1,0,0,0,0,0,0),(1746,2812,1,10,1,NULL,NULL,NULL,0,'Dirac',1,1,45,NULL,1,0,0,0,0,0,0),(1747,2812,1,10,1,NULL,NULL,NULL,0,'Dirac',1,1,45,NULL,1,0,0,0,0,0,0),(1748,2812,1,10,1,NULL,NULL,NULL,0,'Dirac',1,1,45,NULL,1,0,0,0,0,0,0),(1749,2812,1,10,1,NULL,NULL,NULL,0,'Dirac',1,1,45,NULL,1,0,0,0,0,0,0),(1750,4475,1,10,1,NULL,NULL,NULL,0,'Thor',0,2,120,NULL,1,0,0,0,0,0,0),(1751,4475,1,10,1,NULL,NULL,NULL,0,'Thor',0,2,120,NULL,1,0,0,0,0,0,0),(1752,4475,1,10,1,NULL,NULL,NULL,0,'Thor',0,2,120,NULL,1,0,0,0,0,0,0),(1753,2812,1,10,1,NULL,NULL,NULL,0,'Dirac',1,2,120,NULL,1,0,0,0,0,0,0),(1754,2812,1,10,1,NULL,NULL,NULL,0,'Dirac',1,2,120,NULL,1,0,0,0,0,0,0),(1755,2812,1,10,1,NULL,NULL,NULL,0,'Dirac',1,2,120,NULL,1,0,0,0,0,0,0),(1756,2812,1,10,1,NULL,NULL,NULL,0,'Dirac',1,2,120,NULL,1,0,0,0,0,0,0),(1757,2812,1,10,1,NULL,NULL,NULL,0,'Dirac',1,2,120,NULL,1,0,0,0,0,0,0),(1758,2812,1,10,1,NULL,NULL,NULL,0,'Dirac',1,2,120,NULL,1,0,0,0,0,0,0),(1759,4475,1,10,1,NULL,NULL,NULL,0,'Thor',0,1,180,NULL,1,0,0,0,0,0,0),(1760,2812,1,10,1,NULL,NULL,NULL,0,'Dirac',1,1,180,NULL,1,0,0,0,0,0,0),(1761,2812,1,10,1,NULL,NULL,NULL,0,'Dirac',1,1,180,NULL,1,0,0,0,0,0,0),(1762,2812,1,10,1,NULL,NULL,NULL,0,'Dirac',1,1,180,NULL,1,0,0,0,0,0,0),(1763,2812,1,10,1,NULL,NULL,NULL,0,'Dirac',1,1,180,NULL,1,0,0,0,0,0,0),(1764,4475,1,10,1,NULL,NULL,NULL,0,'Thor',0,2,210,NULL,1,0,0,0,0,0,0),(1765,2812,1,10,1,NULL,NULL,NULL,0,'Dirac',1,2,210,NULL,1,0,0,0,0,0,0),(1766,2812,1,10,1,NULL,NULL,NULL,0,'Dirac',1,2,210,NULL,1,0,0,0,0,0,0),(1767,2812,1,10,1,NULL,NULL,NULL,0,'Dirac',1,2,210,NULL,1,0,0,0,0,0,0),(1768,2812,1,10,1,NULL,NULL,NULL,0,'Dirac',1,2,210,NULL,1,0,0,0,0,0,0),(1769,4475,1,10,1,NULL,NULL,NULL,0,'Thor',0,2,60,NULL,1,0,0,0,0,0,0),(1770,4475,1,10,1,NULL,NULL,NULL,0,'Thor',0,2,60,NULL,1,0,0,0,0,0,0),(1771,4475,1,10,1,NULL,NULL,NULL,0,'Thor',0,2,60,NULL,1,0,0,0,0,0,0),(1772,2812,1,10,1,NULL,NULL,NULL,0,'Dirac',1,2,60,NULL,1,0,0,0,0,0,0),(1773,2812,1,10,1,NULL,NULL,NULL,0,'Dirac',1,2,60,NULL,1,0,0,0,0,0,0),(1774,2812,1,10,1,NULL,NULL,NULL,0,'Dirac',1,2,60,NULL,1,0,0,0,0,0,0),(1775,2812,1,10,1,NULL,NULL,NULL,0,'Dirac',1,2,60,NULL,1,0,0,0,0,0,0),(1776,2812,1,10,1,NULL,NULL,NULL,0,'Dirac',1,2,60,NULL,1,0,0,0,0,0,0),(1777,2812,1,10,1,NULL,NULL,NULL,0,'Dirac',1,2,60,NULL,1,0,0,0,0,0,0),(1778,4475,1,10,1,NULL,NULL,NULL,0,'Thor',0,1,270,NULL,1,0,0,0,0,0,0),(1779,2812,1,10,1,NULL,NULL,NULL,0,'Dirac',1,1,270,NULL,1,0,0,0,0,0,0),(1780,2812,1,10,1,NULL,NULL,NULL,0,'Dirac',1,1,270,NULL,1,0,0,0,0,0,0),(1781,2812,1,10,1,NULL,NULL,NULL,0,'Dirac',1,1,270,NULL,1,0,0,0,0,0,0),(1782,2812,1,10,1,NULL,NULL,NULL,0,'Dirac',1,1,270,NULL,1,0,0,0,0,0,0),(1783,26875,1,10,1,NULL,NULL,NULL,0,'Demosis',0,3,112,NULL,1,0,0,0,0,0,0),(1784,4475,1,10,1,NULL,NULL,NULL,0,'Thor',0,3,112,NULL,1,0,0,0,0,0,0),(1785,4475,1,10,1,NULL,NULL,NULL,0,'Thor',0,3,112,NULL,1,0,0,0,0,0,0),(1786,4475,1,10,1,NULL,NULL,NULL,0,'Thor',0,3,112,NULL,1,0,0,0,0,0,0),(1787,2812,1,10,1,NULL,NULL,NULL,0,'Dirac',1,3,112,NULL,1,0,0,0,0,0,0),(1788,2812,1,10,1,NULL,NULL,NULL,0,'Dirac',1,3,112,NULL,1,0,0,0,0,0,0),(1789,2812,1,10,1,NULL,NULL,NULL,0,'Dirac',1,3,112,NULL,1,0,0,0,0,0,0),(1790,2812,1,10,1,NULL,NULL,NULL,0,'Dirac',1,3,112,NULL,1,0,0,0,0,0,0),(1791,2812,1,10,1,NULL,NULL,NULL,0,'Dirac',1,3,112,NULL,1,0,0,0,0,0,0),(1792,2812,1,10,1,NULL,NULL,NULL,0,'Dirac',1,3,112,NULL,1,0,0,0,0,0,0),(1793,2812,1,10,1,NULL,NULL,NULL,0,'Dirac',1,3,112,NULL,1,0,0,0,0,0,0),(1794,2812,1,10,1,NULL,NULL,NULL,0,'Dirac',1,3,112,NULL,1,0,0,0,0,0,0),(1795,4475,1,10,1,NULL,NULL,NULL,0,'Thor',0,1,90,NULL,1,0,0,0,0,0,0),(1796,4475,1,10,1,NULL,NULL,NULL,0,'Thor',0,1,90,NULL,1,0,0,0,0,0,0),(1797,4475,1,10,1,NULL,NULL,NULL,0,'Thor',0,1,90,NULL,1,0,0,0,0,0,0),(1798,2812,1,10,1,NULL,NULL,NULL,0,'Dirac',1,1,90,NULL,1,0,0,0,0,0,0),(1799,2812,1,10,1,NULL,NULL,NULL,0,'Dirac',1,1,90,NULL,1,0,0,0,0,0,0),(1800,2812,1,10,1,NULL,NULL,NULL,0,'Dirac',1,1,90,NULL,1,0,0,0,0,0,0),(1801,2812,1,10,1,NULL,NULL,NULL,0,'Dirac',1,1,90,NULL,1,0,0,0,0,0,0),(1802,2812,1,10,1,NULL,NULL,NULL,0,'Dirac',1,1,90,NULL,1,0,0,0,0,0,0),(1803,2812,1,10,1,NULL,NULL,NULL,0,'Dirac',1,1,90,NULL,1,0,0,0,0,0,0),(1804,4475,1,10,1,NULL,NULL,NULL,0,'Thor',0,2,150,NULL,1,0,0,0,0,0,0),(1805,4475,1,10,1,NULL,NULL,NULL,0,'Thor',0,2,150,NULL,1,0,0,0,0,0,0),(1806,4475,1,10,1,NULL,NULL,NULL,0,'Thor',0,2,150,NULL,1,0,0,0,0,0,0),(1807,2812,1,10,1,NULL,NULL,NULL,0,'Dirac',1,2,150,NULL,1,0,0,0,0,0,0),(1808,2812,1,10,1,NULL,NULL,NULL,0,'Dirac',1,2,150,NULL,1,0,0,0,0,0,0),(1809,2812,1,10,1,NULL,NULL,NULL,0,'Dirac',1,2,150,NULL,1,0,0,0,0,0,0),(1810,2812,1,10,1,NULL,NULL,NULL,0,'Dirac',1,2,150,NULL,1,0,0,0,0,0,0),(1811,2812,1,10,1,NULL,NULL,NULL,0,'Dirac',1,2,150,NULL,1,0,0,0,0,0,0),(1812,2812,1,10,1,NULL,NULL,NULL,0,'Dirac',1,2,150,NULL,1,0,0,0,0,0,0),(1813,4475,1,10,1,NULL,NULL,NULL,0,'Thor',0,2,180,NULL,1,0,0,0,0,0,0),(1814,2812,1,10,1,NULL,NULL,NULL,0,'Dirac',1,2,180,NULL,1,0,0,0,0,0,0),(1815,2812,1,10,1,NULL,NULL,NULL,0,'Dirac',1,2,180,NULL,1,0,0,0,0,0,0),(1816,2812,1,10,1,NULL,NULL,NULL,0,'Dirac',1,2,180,NULL,1,0,0,0,0,0,0),(1817,2812,1,10,1,NULL,NULL,NULL,0,'Dirac',1,2,180,NULL,1,0,0,0,0,0,0),(1818,2812,1,10,1,NULL,NULL,NULL,0,'Dirac',0,2,330,NULL,1,0,0,0,0,0,0),(1819,2812,1,10,1,NULL,NULL,NULL,0,'Dirac',0,2,330,NULL,1,0,0,0,0,0,0),(1820,2812,1,10,1,NULL,NULL,NULL,0,'Dirac',0,2,330,NULL,1,0,0,0,0,0,0),(1821,2812,1,10,1,NULL,NULL,NULL,0,'Dirac',0,2,330,NULL,1,0,0,0,0,0,0),(1822,90,1,122,4,NULL,NULL,NULL,0,'Glancer',1,NULL,NULL,NULL,1,0,0,0,0,0,0),(1823,90,1,122,4,NULL,NULL,NULL,0,'Glancer',1,NULL,NULL,NULL,1,0,0,0,0,0,0),(1824,125,1,122,4,NULL,NULL,NULL,0,'Gnat',0,NULL,NULL,NULL,1,0,0,0,0,0,0),(1825,125,1,122,4,NULL,NULL,NULL,0,'Gnat',0,NULL,NULL,NULL,1,0,0,0,0,0,0),(1826,125,1,122,4,NULL,NULL,NULL,0,'Gnat',1,NULL,NULL,NULL,1,0,0,0,0,0,0),(1827,125,1,122,4,NULL,NULL,NULL,0,'Gnat',0,NULL,NULL,NULL,1,0,0,0,0,0,0),(1828,125,1,122,4,NULL,NULL,NULL,0,'Gnat',0,NULL,NULL,NULL,1,0,0,0,0,0,0),(1829,125,1,122,4,NULL,NULL,NULL,0,'Gnat',1,NULL,NULL,NULL,1,0,0,0,0,0,0),(1830,90,1,123,4,NULL,NULL,NULL,0,'Glancer',1,NULL,NULL,NULL,1,0,0,0,0,0,0),(1831,90,1,123,4,NULL,NULL,NULL,0,'Glancer',1,NULL,NULL,NULL,1,0,0,0,0,0,0),(1832,125,1,123,4,NULL,NULL,NULL,0,'Gnat',0,NULL,NULL,NULL,1,0,0,0,0,0,0),(1833,125,1,123,4,NULL,NULL,NULL,0,'Gnat',0,NULL,NULL,NULL,1,0,0,0,0,0,0),(1834,125,1,123,4,NULL,NULL,NULL,0,'Gnat',1,NULL,NULL,NULL,1,0,0,0,0,0,0),(1835,90,1,124,4,NULL,NULL,NULL,0,'Glancer',1,NULL,NULL,NULL,1,0,0,0,0,0,0),(1836,125,1,124,4,NULL,NULL,NULL,0,'Gnat',0,NULL,NULL,NULL,1,0,0,0,0,0,0),(1837,125,1,124,4,NULL,NULL,NULL,0,'Gnat',0,NULL,NULL,NULL,1,0,0,0,0,0,0),(1838,125,1,124,4,NULL,NULL,NULL,0,'Gnat',1,NULL,NULL,NULL,1,0,0,0,0,0,0),(1839,125,1,124,4,NULL,NULL,NULL,0,'Gnat',0,NULL,NULL,NULL,1,0,0,0,0,0,0),(1840,900,1,125,4,NULL,NULL,NULL,0,'Gnawer',0,NULL,NULL,NULL,1,0,0,0,0,0,0),(1841,900,1,125,4,NULL,NULL,NULL,0,'Gnawer',0,NULL,NULL,NULL,1,0,0,0,0,0,0),(1842,500,1,125,4,NULL,NULL,NULL,0,'Spudder',1,NULL,NULL,NULL,1,0,0,0,0,0,0),(1843,500,1,125,4,NULL,NULL,NULL,0,'Spudder',0,NULL,NULL,NULL,1,0,0,0,0,0,0),(1844,90,1,125,4,NULL,NULL,NULL,0,'Glancer',1,NULL,NULL,NULL,1,0,0,0,0,0,0),(1845,125,1,125,4,NULL,NULL,NULL,0,'Gnat',0,NULL,NULL,NULL,1,0,0,0,0,0,0),(1846,125,1,125,4,NULL,NULL,NULL,0,'Gnat',0,NULL,NULL,NULL,1,0,0,0,0,0,0),(1847,90,1,125,4,NULL,NULL,NULL,0,'Glancer',1,NULL,NULL,NULL,1,0,0,0,0,0,0),(1848,90,1,125,4,NULL,NULL,NULL,0,'Glancer',1,NULL,NULL,NULL,1,0,0,0,0,0,0),(1849,90,1,125,4,NULL,NULL,NULL,0,'Glancer',1,NULL,NULL,NULL,1,0,0,0,0,0,0),(1850,125,1,125,4,NULL,NULL,NULL,0,'Gnat',0,NULL,NULL,NULL,1,0,0,0,0,0,0),(1851,125,1,125,4,NULL,NULL,NULL,0,'Gnat',0,NULL,NULL,NULL,1,0,0,0,0,0,0),(1852,125,1,125,4,NULL,NULL,NULL,0,'Gnat',1,NULL,NULL,NULL,1,0,0,0,0,0,0),(1853,125,1,125,4,NULL,NULL,NULL,0,'Gnat',1,NULL,NULL,NULL,1,0,0,0,0,0,0),(1854,125,1,125,4,NULL,NULL,NULL,0,'Gnat',1,NULL,NULL,NULL,1,0,0,0,0,0,0),(1855,500,1,126,4,NULL,NULL,NULL,0,'Spudder',0,NULL,NULL,NULL,1,0,0,0,0,0,0),(1856,500,1,126,4,NULL,NULL,NULL,0,'Spudder',0,NULL,NULL,NULL,1,0,0,0,0,0,0),(1857,90,1,126,4,NULL,NULL,NULL,0,'Glancer',1,NULL,NULL,NULL,1,0,0,0,0,0,0),(1858,125,1,126,4,NULL,NULL,NULL,0,'Gnat',0,NULL,NULL,NULL,1,0,0,0,0,0,0),(1859,90,1,126,4,NULL,NULL,NULL,0,'Glancer',1,NULL,NULL,NULL,1,0,0,0,0,0,0),(1860,90,1,126,4,NULL,NULL,NULL,0,'Glancer',1,NULL,NULL,NULL,1,0,0,0,0,0,0),(1861,90,1,126,4,NULL,NULL,NULL,0,'Glancer',1,NULL,NULL,NULL,1,0,0,0,0,0,0),(1862,90,1,126,4,NULL,NULL,NULL,0,'Glancer',1,NULL,NULL,NULL,1,0,0,0,0,0,0),(1863,125,1,126,4,NULL,NULL,NULL,0,'Gnat',0,NULL,NULL,NULL,1,0,0,0,0,0,0),(1864,125,1,126,4,NULL,NULL,NULL,0,'Gnat',0,NULL,NULL,NULL,1,0,0,0,0,0,0),(1865,125,1,126,4,NULL,NULL,NULL,0,'Gnat',1,NULL,NULL,NULL,1,0,0,0,0,0,0),(1866,125,1,126,4,NULL,NULL,NULL,0,'Gnat',1,NULL,NULL,NULL,1,0,0,0,0,0,0),(1867,500,1,127,4,NULL,NULL,NULL,0,'Spudder',0,NULL,NULL,NULL,1,0,0,0,0,0,0),(1868,90,1,127,4,NULL,NULL,NULL,0,'Glancer',1,NULL,NULL,NULL,1,0,0,0,0,0,0),(1869,125,1,127,4,NULL,NULL,NULL,0,'Gnat',0,NULL,NULL,NULL,1,0,0,0,0,0,0),(1870,125,1,127,4,NULL,NULL,NULL,0,'Gnat',1,NULL,NULL,NULL,1,0,0,0,0,0,0),(1871,125,1,127,4,NULL,NULL,NULL,0,'Gnat',0,NULL,NULL,NULL,1,0,0,0,0,0,0),(1872,125,1,127,4,NULL,NULL,NULL,0,'Gnat',0,NULL,NULL,NULL,1,0,0,0,0,0,0),(1873,90,1,127,4,NULL,NULL,NULL,0,'Glancer',1,NULL,NULL,NULL,1,0,0,0,0,0,0),(1874,90,1,127,4,NULL,NULL,NULL,0,'Glancer',1,NULL,NULL,NULL,1,0,0,0,0,0,0),(1875,90,1,127,4,NULL,NULL,NULL,0,'Glancer',1,NULL,NULL,NULL,1,0,0,0,0,0,0),(1876,90,1,127,4,NULL,NULL,NULL,0,'Glancer',1,NULL,NULL,NULL,1,0,0,0,0,0,0),(1877,125,1,127,4,NULL,NULL,NULL,0,'Gnat',0,NULL,NULL,NULL,1,0,0,0,0,0,0),(1878,125,1,127,4,NULL,NULL,NULL,0,'Gnat',0,NULL,NULL,NULL,1,0,0,0,0,0,0),(1879,125,1,127,4,NULL,NULL,NULL,0,'Gnat',1,NULL,NULL,NULL,1,0,0,0,0,0,0),(1880,125,1,127,4,NULL,NULL,NULL,0,'Gnat',1,NULL,NULL,NULL,1,0,0,0,0,0,0),(1881,125,1,127,4,NULL,NULL,NULL,0,'Gnat',0,NULL,NULL,NULL,1,0,0,0,0,0,0),(1882,500,1,128,4,NULL,NULL,NULL,0,'Spudder',0,NULL,NULL,NULL,1,0,0,0,0,0,0),(1883,500,1,128,4,NULL,NULL,NULL,0,'Spudder',1,NULL,NULL,NULL,1,0,0,0,0,0,0),(1884,500,1,128,4,NULL,NULL,NULL,0,'Spudder',0,NULL,NULL,NULL,1,0,0,0,0,0,0),(1885,90,1,128,4,NULL,NULL,NULL,0,'Glancer',1,NULL,NULL,NULL,1,0,0,0,0,0,0),(1886,125,1,128,4,NULL,NULL,NULL,0,'Gnat',0,NULL,NULL,NULL,1,0,0,0,0,0,0),(1887,90,1,128,4,NULL,NULL,NULL,0,'Glancer',1,NULL,NULL,NULL,1,0,0,0,0,0,0),(1888,90,1,128,4,NULL,NULL,NULL,0,'Glancer',1,NULL,NULL,NULL,1,0,0,0,0,0,0),(1889,90,1,128,4,NULL,NULL,NULL,0,'Glancer',1,NULL,NULL,NULL,1,0,0,0,0,0,0),(1890,90,1,128,4,NULL,NULL,NULL,0,'Glancer',1,NULL,NULL,NULL,1,0,0,0,0,0,0),(1891,90,1,128,4,NULL,NULL,NULL,0,'Glancer',1,NULL,NULL,NULL,1,0,0,0,0,0,0),(1892,125,1,128,4,NULL,NULL,NULL,0,'Gnat',0,NULL,NULL,NULL,1,0,0,0,0,0,0),(1893,125,1,128,4,NULL,NULL,NULL,0,'Gnat',0,NULL,NULL,NULL,1,0,0,0,0,0,0),(1894,125,1,128,4,NULL,NULL,NULL,0,'Gnat',1,NULL,NULL,NULL,1,0,0,0,0,0,0),(1895,125,1,128,4,NULL,NULL,NULL,0,'Gnat',0,NULL,NULL,NULL,1,0,0,0,0,0,0),(1896,125,1,128,4,NULL,NULL,NULL,0,'Gnat',1,NULL,NULL,NULL,1,0,0,0,0,0,0),(1897,500,1,129,4,NULL,NULL,NULL,0,'Spudder',1,NULL,NULL,NULL,1,0,0,0,0,0,0),(1898,500,1,129,4,NULL,NULL,NULL,0,'Spudder',0,NULL,NULL,NULL,1,0,0,0,0,0,0),(1899,90,1,129,4,NULL,NULL,NULL,0,'Glancer',1,NULL,NULL,NULL,1,0,0,0,0,0,0),(1900,125,1,129,4,NULL,NULL,NULL,0,'Gnat',0,NULL,NULL,NULL,1,0,0,0,0,0,0),(1901,125,1,129,4,NULL,NULL,NULL,0,'Gnat',0,NULL,NULL,NULL,1,0,0,0,0,0,0),(1902,90,1,129,4,NULL,NULL,NULL,0,'Glancer',1,NULL,NULL,NULL,1,0,0,0,0,0,0),(1903,90,1,129,4,NULL,NULL,NULL,0,'Glancer',1,NULL,NULL,NULL,1,0,0,0,0,0,0),(1904,90,1,129,4,NULL,NULL,NULL,0,'Glancer',1,NULL,NULL,NULL,1,0,0,0,0,0,0),(1905,125,1,129,4,NULL,NULL,NULL,0,'Gnat',0,NULL,NULL,NULL,1,0,0,0,0,0,0),(1906,125,1,129,4,NULL,NULL,NULL,0,'Gnat',0,NULL,NULL,NULL,1,0,0,0,0,0,0),(1907,125,1,129,4,NULL,NULL,NULL,0,'Gnat',1,NULL,NULL,NULL,1,0,0,0,0,0,0),(1908,125,1,129,4,NULL,NULL,NULL,0,'Gnat',0,NULL,NULL,NULL,1,0,0,0,0,0,0),(1909,125,1,129,4,NULL,NULL,NULL,0,'Gnat',1,NULL,NULL,NULL,1,0,0,0,0,0,0),(1910,900,1,130,4,NULL,NULL,NULL,0,'Gnawer',0,NULL,NULL,NULL,1,0,0,0,0,0,0),(1911,900,1,130,4,NULL,NULL,NULL,0,'Gnawer',0,NULL,NULL,NULL,1,0,0,0,0,0,0),(1912,900,1,130,4,NULL,NULL,NULL,0,'Gnawer',0,NULL,NULL,NULL,1,0,0,0,0,0,0),(1913,500,1,130,4,NULL,NULL,NULL,0,'Spudder',1,NULL,NULL,NULL,1,0,0,0,0,0,0),(1914,500,1,130,4,NULL,NULL,NULL,0,'Spudder',0,NULL,NULL,NULL,1,0,0,0,0,0,0),(1915,90,1,130,4,NULL,NULL,NULL,0,'Glancer',1,NULL,NULL,NULL,1,0,0,0,0,0,0),(1916,125,1,130,4,NULL,NULL,NULL,0,'Gnat',0,NULL,NULL,NULL,1,0,0,0,0,0,0),(1917,90,1,130,4,NULL,NULL,NULL,0,'Glancer',1,NULL,NULL,NULL,1,0,0,0,0,0,0),(1918,90,1,130,4,NULL,NULL,NULL,0,'Glancer',1,NULL,NULL,NULL,1,0,0,0,0,0,0),(1919,90,1,130,4,NULL,NULL,NULL,0,'Glancer',1,NULL,NULL,NULL,1,0,0,0,0,0,0),(1920,125,1,130,4,NULL,NULL,NULL,0,'Gnat',0,NULL,NULL,NULL,1,0,0,0,0,0,0),(1921,125,1,130,4,NULL,NULL,NULL,0,'Gnat',0,NULL,NULL,NULL,1,0,0,0,0,0,0),(1922,125,1,130,4,NULL,NULL,NULL,0,'Gnat',1,NULL,NULL,NULL,1,0,0,0,0,0,0),(1923,125,1,130,4,NULL,NULL,NULL,0,'Gnat',0,NULL,NULL,NULL,1,0,0,0,0,0,0),(1924,900,1,131,4,NULL,NULL,NULL,0,'Gnawer',0,NULL,NULL,NULL,1,0,0,0,0,0,0),(1925,900,1,131,4,NULL,NULL,NULL,0,'Gnawer',0,NULL,NULL,NULL,1,0,0,0,0,0,0),(1926,500,1,131,4,NULL,NULL,NULL,0,'Spudder',0,NULL,NULL,NULL,1,0,0,0,0,0,0),(1927,500,1,131,4,NULL,NULL,NULL,0,'Spudder',1,NULL,NULL,NULL,1,0,0,0,0,0,0),(1928,500,1,131,4,NULL,NULL,NULL,0,'Spudder',1,NULL,NULL,NULL,1,0,0,0,0,0,0),(1929,500,1,131,4,NULL,NULL,NULL,0,'Spudder',0,NULL,NULL,NULL,1,0,0,0,0,0,0),(1930,125,1,131,4,NULL,NULL,NULL,0,'Gnat',0,NULL,NULL,NULL,1,0,0,0,0,0,0),(1931,90,1,131,4,NULL,NULL,NULL,0,'Glancer',1,NULL,NULL,NULL,1,0,0,0,0,0,0),(1932,90,1,131,4,NULL,NULL,NULL,0,'Glancer',1,NULL,NULL,NULL,1,0,0,0,0,0,0),(1933,90,1,131,4,NULL,NULL,NULL,0,'Glancer',1,NULL,NULL,NULL,1,0,0,0,0,0,0),(1934,90,1,131,4,NULL,NULL,NULL,0,'Glancer',1,NULL,NULL,NULL,1,0,0,0,0,0,0),(1935,125,1,131,4,NULL,NULL,NULL,0,'Gnat',0,NULL,NULL,NULL,1,0,0,0,0,0,0),(1936,125,1,131,4,NULL,NULL,NULL,0,'Gnat',0,NULL,NULL,NULL,1,0,0,0,0,0,0),(1937,125,1,131,4,NULL,NULL,NULL,0,'Gnat',1,NULL,NULL,NULL,1,0,0,0,0,0,0),(1938,125,1,131,4,NULL,NULL,NULL,0,'Gnat',0,NULL,NULL,NULL,1,0,0,0,0,0,0),(1939,125,1,131,4,NULL,NULL,NULL,0,'Gnat',1,NULL,NULL,NULL,1,0,0,0,0,0,0),(1940,900,1,132,4,NULL,NULL,NULL,0,'Gnawer',0,NULL,NULL,NULL,1,0,0,0,0,0,0),(1941,500,1,132,4,NULL,NULL,NULL,0,'Spudder',0,NULL,NULL,NULL,1,0,0,0,0,0,0),(1942,90,1,132,4,NULL,NULL,NULL,0,'Glancer',1,NULL,NULL,NULL,1,0,0,0,0,0,0),(1943,125,1,132,4,NULL,NULL,NULL,0,'Gnat',0,NULL,NULL,NULL,1,0,0,0,0,0,0),(1944,90,1,132,4,NULL,NULL,NULL,0,'Glancer',1,NULL,NULL,NULL,1,0,0,0,0,0,0),(1945,90,1,132,4,NULL,NULL,NULL,0,'Glancer',1,NULL,NULL,NULL,1,0,0,0,0,0,0),(1946,90,1,132,4,NULL,NULL,NULL,0,'Glancer',1,NULL,NULL,NULL,1,0,0,0,0,0,0),(1947,125,1,132,4,NULL,NULL,NULL,0,'Gnat',0,NULL,NULL,NULL,1,0,0,0,0,0,0),(1948,125,1,132,4,NULL,NULL,NULL,0,'Gnat',0,NULL,NULL,NULL,1,0,0,0,0,0,0),(1949,125,1,132,4,NULL,NULL,NULL,0,'Gnat',1,NULL,NULL,NULL,1,0,0,0,0,0,0),(1950,125,1,132,4,NULL,NULL,NULL,0,'Gnat',0,NULL,NULL,NULL,1,0,0,0,0,0,0),(1951,90,1,133,4,NULL,NULL,NULL,0,'Glancer',1,NULL,NULL,NULL,1,0,0,0,0,0,0),(1952,125,1,133,4,NULL,NULL,NULL,0,'Gnat',0,NULL,NULL,NULL,1,0,0,0,0,0,0),(1953,90,1,133,4,NULL,NULL,NULL,0,'Glancer',1,NULL,NULL,NULL,1,0,0,0,0,0,0),(1954,90,1,133,4,NULL,NULL,NULL,0,'Glancer',1,NULL,NULL,NULL,1,0,0,0,0,0,0),(1955,90,1,133,4,NULL,NULL,NULL,0,'Glancer',1,NULL,NULL,NULL,1,0,0,0,0,0,0),(1956,90,1,133,4,NULL,NULL,NULL,0,'Glancer',1,NULL,NULL,NULL,1,0,0,0,0,0,0),(1957,125,1,133,4,NULL,NULL,NULL,0,'Gnat',0,NULL,NULL,NULL,1,0,0,0,0,0,0),(1958,125,1,133,4,NULL,NULL,NULL,0,'Gnat',0,NULL,NULL,NULL,1,0,0,0,0,0,0),(1959,125,1,133,4,NULL,NULL,NULL,0,'Gnat',1,NULL,NULL,NULL,1,0,0,0,0,0,0),(1960,125,1,133,4,NULL,NULL,NULL,0,'Gnat',0,NULL,NULL,NULL,1,0,0,0,0,0,0),(1961,500,1,134,4,NULL,NULL,NULL,0,'Spudder',0,NULL,NULL,NULL,1,0,0,0,0,0,0),(1962,90,1,134,4,NULL,NULL,NULL,0,'Glancer',1,NULL,NULL,NULL,1,0,0,0,0,0,0),(1963,125,1,134,4,NULL,NULL,NULL,0,'Gnat',0,NULL,NULL,NULL,1,0,0,0,0,0,0),(1964,125,1,134,4,NULL,NULL,NULL,0,'Gnat',0,NULL,NULL,NULL,1,0,0,0,0,0,0),(1965,90,1,134,4,NULL,NULL,NULL,0,'Glancer',1,NULL,NULL,NULL,1,0,0,0,0,0,0),(1966,90,1,134,4,NULL,NULL,NULL,0,'Glancer',1,NULL,NULL,NULL,1,0,0,0,0,0,0),(1967,90,1,134,4,NULL,NULL,NULL,0,'Glancer',1,NULL,NULL,NULL,1,0,0,0,0,0,0),(1968,90,1,134,4,NULL,NULL,NULL,0,'Glancer',1,NULL,NULL,NULL,1,0,0,0,0,0,0),(1969,125,1,134,4,NULL,NULL,NULL,0,'Gnat',0,NULL,NULL,NULL,1,0,0,0,0,0,0),(1970,125,1,134,4,NULL,NULL,NULL,0,'Gnat',0,NULL,NULL,NULL,1,0,0,0,0,0,0),(1971,125,1,134,4,NULL,NULL,NULL,0,'Gnat',1,NULL,NULL,NULL,1,0,0,0,0,0,0),(1972,125,1,134,4,NULL,NULL,NULL,0,'Gnat',0,NULL,NULL,NULL,1,0,0,0,0,0,0),(1973,90,1,135,4,NULL,NULL,NULL,0,'Glancer',1,NULL,NULL,NULL,1,0,0,0,0,0,0),(1974,125,1,135,4,NULL,NULL,NULL,0,'Gnat',1,NULL,NULL,NULL,1,0,0,0,0,0,0),(1975,90,1,135,4,NULL,NULL,NULL,0,'Glancer',1,NULL,NULL,NULL,1,0,0,0,0,0,0),(1976,90,1,135,4,NULL,NULL,NULL,0,'Glancer',1,NULL,NULL,NULL,1,0,0,0,0,0,0),(1977,90,1,135,4,NULL,NULL,NULL,0,'Glancer',1,NULL,NULL,NULL,1,0,0,0,0,0,0),(1978,90,1,135,4,NULL,NULL,NULL,0,'Glancer',1,NULL,NULL,NULL,1,0,0,0,0,0,0),(1979,125,1,135,4,NULL,NULL,NULL,0,'Gnat',0,NULL,NULL,NULL,1,0,0,0,0,0,0),(1980,125,1,135,4,NULL,NULL,NULL,0,'Gnat',0,NULL,NULL,NULL,1,0,0,0,0,0,0),(1981,125,1,135,4,NULL,NULL,NULL,0,'Gnat',1,NULL,NULL,NULL,1,0,0,0,0,0,0),(1982,125,1,135,4,NULL,NULL,NULL,0,'Gnat',1,NULL,NULL,NULL,1,0,0,0,0,0,0),(1983,125,1,136,4,NULL,NULL,NULL,0,'Gnat',0,NULL,NULL,NULL,1,0,0,0,0,0,0),(1984,125,1,136,4,NULL,NULL,NULL,0,'Gnat',0,NULL,NULL,NULL,1,0,0,0,0,0,0),(1985,125,1,136,4,NULL,NULL,NULL,0,'Gnat',1,NULL,NULL,NULL,1,0,0,0,0,0,0),(1986,125,1,136,4,NULL,NULL,NULL,0,'Gnat',1,NULL,NULL,NULL,1,0,0,0,0,0,0),(1987,125,1,137,4,NULL,NULL,NULL,0,'Gnat',0,NULL,NULL,NULL,1,0,0,0,0,0,0),(1988,125,1,137,4,NULL,NULL,NULL,0,'Gnat',0,NULL,NULL,NULL,1,0,0,0,0,0,0),(1989,125,1,137,4,NULL,NULL,NULL,0,'Gnat',1,NULL,NULL,NULL,1,0,0,0,0,0,0),(1990,125,1,137,4,NULL,NULL,NULL,0,'Gnat',0,NULL,NULL,NULL,1,0,0,0,0,0,0),(1991,125,1,138,4,NULL,NULL,NULL,0,'Gnat',0,NULL,NULL,NULL,1,0,0,0,0,0,0),(1992,125,1,138,4,NULL,NULL,NULL,0,'Gnat',0,NULL,NULL,NULL,1,0,0,0,0,0,0),(1993,125,1,138,4,NULL,NULL,NULL,0,'Gnat',1,NULL,NULL,NULL,1,0,0,0,0,0,0),(1994,125,1,138,4,NULL,NULL,NULL,0,'Gnat',0,NULL,NULL,NULL,1,0,0,0,0,0,0),(1995,125,1,138,4,NULL,NULL,NULL,0,'Gnat',1,NULL,NULL,NULL,1,0,0,0,0,0,0),(1996,125,1,138,4,NULL,NULL,NULL,0,'Gnat',1,NULL,NULL,NULL,1,0,0,0,0,0,0),(1997,125,1,139,4,NULL,NULL,NULL,0,'Gnat',0,NULL,NULL,NULL,1,0,0,0,0,0,0),(1998,125,1,139,4,NULL,NULL,NULL,0,'Gnat',0,NULL,NULL,NULL,1,0,0,0,0,0,0),(1999,125,1,139,4,NULL,NULL,NULL,0,'Gnat',1,NULL,NULL,NULL,1,0,0,0,0,0,0),(2000,125,1,139,4,NULL,NULL,NULL,0,'Gnat',0,NULL,NULL,NULL,1,0,0,0,0,0,0),(2001,4475,1,10,1,NULL,NULL,NULL,0,'Thor',0,0,180,NULL,1,0,0,0,0,0,0),(2002,2812,1,10,1,NULL,NULL,NULL,0,'Dirac',1,0,180,NULL,1,0,0,0,0,0,0),(2003,2812,1,10,1,NULL,NULL,NULL,0,'Dirac',1,0,180,NULL,1,0,0,0,0,0,0),(2004,2812,1,10,1,NULL,NULL,NULL,0,'Dirac',1,0,180,NULL,1,0,0,0,0,0,0),(2005,2812,1,10,1,NULL,NULL,NULL,0,'Dirac',1,0,180,NULL,1,0,0,0,0,0,0),(2006,90,1,140,4,NULL,NULL,NULL,0,'Glancer',1,NULL,NULL,NULL,1,0,0,0,0,0,0),(2007,125,1,140,4,NULL,NULL,NULL,0,'Gnat',0,NULL,NULL,NULL,1,0,0,0,0,0,0),(2008,125,1,140,4,NULL,NULL,NULL,0,'Gnat',0,NULL,NULL,NULL,1,0,0,0,0,0,0),(2009,125,1,140,4,NULL,NULL,NULL,0,'Gnat',0,NULL,NULL,NULL,1,0,0,0,0,0,0),(2010,125,1,140,4,NULL,NULL,NULL,0,'Gnat',1,NULL,NULL,NULL,1,0,0,0,0,0,0),(2011,125,1,140,4,NULL,NULL,NULL,0,'Gnat',1,NULL,NULL,NULL,1,0,0,0,0,0,0),(2012,90,1,141,4,NULL,NULL,NULL,0,'Glancer',1,NULL,NULL,NULL,1,0,0,0,0,0,0),(2013,125,1,141,4,NULL,NULL,NULL,0,'Gnat',0,NULL,NULL,NULL,1,0,0,0,0,0,0),(2014,125,1,141,4,NULL,NULL,NULL,0,'Gnat',1,NULL,NULL,NULL,1,0,0,0,0,0,0),(2015,90,1,141,4,NULL,NULL,NULL,0,'Glancer',1,NULL,NULL,NULL,1,0,0,0,0,0,0),(2016,125,1,141,4,NULL,NULL,NULL,0,'Gnat',0,NULL,NULL,NULL,1,0,0,0,0,0,0),(2017,90,1,141,4,NULL,NULL,NULL,0,'Glancer',1,NULL,NULL,NULL,1,0,0,0,0,0,0),(2018,125,1,141,4,NULL,NULL,NULL,0,'Gnat',0,NULL,NULL,NULL,1,0,0,0,0,0,0),(2019,125,1,141,4,NULL,NULL,NULL,0,'Gnat',0,NULL,NULL,NULL,1,0,0,0,0,0,0),(2020,125,1,141,4,NULL,NULL,NULL,0,'Gnat',0,NULL,NULL,NULL,1,0,0,0,0,0,0),(2021,125,1,141,4,NULL,NULL,NULL,0,'Gnat',1,NULL,NULL,NULL,1,0,0,0,0,0,0),(2022,125,1,141,4,NULL,NULL,NULL,0,'Gnat',1,NULL,NULL,NULL,1,0,0,0,0,0,0),(2023,125,1,142,4,NULL,NULL,NULL,0,'Gnat',0,NULL,NULL,NULL,1,0,0,0,0,0,0),(2024,125,1,142,4,NULL,NULL,NULL,0,'Gnat',0,NULL,NULL,NULL,1,0,0,0,0,0,0),(2025,125,1,142,4,NULL,NULL,NULL,0,'Gnat',1,NULL,NULL,NULL,1,0,0,0,0,0,0),(2026,125,1,142,4,NULL,NULL,NULL,0,'Gnat',1,NULL,NULL,NULL,1,0,0,0,0,0,0),(2027,90,1,143,4,NULL,NULL,NULL,0,'Glancer',1,NULL,NULL,NULL,1,0,0,0,0,0,0),(2028,125,1,143,4,NULL,NULL,NULL,0,'Gnat',0,NULL,NULL,NULL,1,0,0,0,0,0,0),(2029,125,1,143,4,NULL,NULL,NULL,0,'Gnat',0,NULL,NULL,NULL,1,0,0,0,0,0,0),(2030,125,1,143,4,NULL,NULL,NULL,0,'Gnat',0,NULL,NULL,NULL,1,0,0,0,0,0,0),(2031,125,1,143,4,NULL,NULL,NULL,0,'Gnat',1,NULL,NULL,NULL,1,0,0,0,0,0,0),(2032,125,1,143,4,NULL,NULL,NULL,0,'Gnat',1,NULL,NULL,NULL,1,0,0,0,0,0,0),(2033,125,1,144,4,NULL,NULL,NULL,0,'Gnat',0,NULL,NULL,NULL,1,0,0,0,0,0,0),(2034,125,1,144,4,NULL,NULL,NULL,0,'Gnat',0,NULL,NULL,NULL,1,0,0,0,0,0,0),(2035,125,1,144,4,NULL,NULL,NULL,0,'Gnat',1,NULL,NULL,NULL,1,0,0,0,0,0,0),(2036,125,1,144,4,NULL,NULL,NULL,0,'Gnat',1,NULL,NULL,NULL,1,0,0,0,0,0,0),(2037,125,1,145,4,NULL,NULL,NULL,0,'Gnat',0,NULL,NULL,NULL,1,0,0,0,0,0,0),(2038,125,1,145,4,NULL,NULL,NULL,0,'Gnat',0,NULL,NULL,NULL,1,0,0,0,0,0,0),(2039,125,1,145,4,NULL,NULL,NULL,0,'Gnat',1,NULL,NULL,NULL,1,0,0,0,0,0,0),(2040,125,1,145,4,NULL,NULL,NULL,0,'Gnat',1,NULL,NULL,NULL,1,0,0,0,0,0,0),(2041,90,1,146,4,NULL,NULL,NULL,0,'Glancer',1,NULL,NULL,NULL,1,0,0,0,0,0,0),(2042,125,1,146,4,NULL,NULL,NULL,0,'Gnat',0,NULL,NULL,NULL,1,0,0,0,0,0,0),(2043,125,1,146,4,NULL,NULL,NULL,0,'Gnat',1,NULL,NULL,NULL,1,0,0,0,0,0,0),(2044,90,1,146,4,NULL,NULL,NULL,0,'Glancer',1,NULL,NULL,NULL,1,0,0,0,0,0,0),(2045,125,1,146,4,NULL,NULL,NULL,0,'Gnat',0,NULL,NULL,NULL,1,0,0,0,0,0,0),(2046,90,1,146,4,NULL,NULL,NULL,0,'Glancer',1,NULL,NULL,NULL,1,0,0,0,0,0,0),(2047,125,1,146,4,NULL,NULL,NULL,0,'Gnat',0,NULL,NULL,NULL,1,0,0,0,0,0,0),(2048,125,1,146,4,NULL,NULL,NULL,0,'Gnat',0,NULL,NULL,NULL,1,0,0,0,0,0,0),(2049,125,1,146,4,NULL,NULL,NULL,0,'Gnat',0,NULL,NULL,NULL,1,0,0,0,0,0,0),(2050,125,1,146,4,NULL,NULL,NULL,0,'Gnat',1,NULL,NULL,NULL,1,0,0,0,0,0,0),(2051,125,1,146,4,NULL,NULL,NULL,0,'Gnat',1,NULL,NULL,NULL,1,0,0,0,0,0,0),(2052,125,1,147,4,NULL,NULL,NULL,0,'Gnat',0,NULL,NULL,NULL,1,0,0,0,0,0,0),(2053,125,1,147,4,NULL,NULL,NULL,0,'Gnat',0,NULL,NULL,NULL,1,0,0,0,0,0,0),(2054,125,1,147,4,NULL,NULL,NULL,0,'Gnat',1,NULL,NULL,NULL,1,0,0,0,0,0,0),(2055,125,1,147,4,NULL,NULL,NULL,0,'Gnat',1,NULL,NULL,NULL,1,0,0,0,0,0,0),(2056,125,1,148,4,NULL,NULL,NULL,0,'Gnat',0,NULL,NULL,NULL,1,0,0,0,0,0,0),(2057,125,1,148,4,NULL,NULL,NULL,0,'Gnat',0,NULL,NULL,NULL,1,0,0,0,0,0,0),(2058,125,1,148,4,NULL,NULL,NULL,0,'Gnat',1,NULL,NULL,NULL,1,0,0,0,0,0,0),(2059,125,1,148,4,NULL,NULL,NULL,0,'Gnat',1,NULL,NULL,NULL,1,0,0,0,0,0,0),(2060,90,1,149,4,NULL,NULL,NULL,0,'Glancer',1,NULL,NULL,NULL,1,0,0,0,0,0,0),(2061,125,1,149,4,NULL,NULL,NULL,0,'Gnat',0,NULL,NULL,NULL,1,0,0,0,0,0,0),(2062,125,1,149,4,NULL,NULL,NULL,0,'Gnat',0,NULL,NULL,NULL,1,0,0,0,0,0,0),(2063,125,1,149,4,NULL,NULL,NULL,0,'Gnat',0,NULL,NULL,NULL,1,0,0,0,0,0,0),(2064,125,1,149,4,NULL,NULL,NULL,0,'Gnat',1,NULL,NULL,NULL,1,0,0,0,0,0,0),(2065,125,1,149,4,NULL,NULL,NULL,0,'Gnat',1,NULL,NULL,NULL,1,0,0,0,0,0,0),(2066,90,1,150,4,NULL,NULL,NULL,0,'Glancer',1,NULL,NULL,NULL,1,0,0,0,0,0,0),(2067,125,1,150,4,NULL,NULL,NULL,0,'Gnat',0,NULL,NULL,NULL,1,0,0,0,0,0,0),(2068,125,1,150,4,NULL,NULL,NULL,0,'Gnat',0,NULL,NULL,NULL,1,0,0,0,0,0,0),(2069,125,1,150,4,NULL,NULL,NULL,0,'Gnat',0,NULL,NULL,NULL,1,0,0,0,0,0,0),(2070,125,1,150,4,NULL,NULL,NULL,0,'Gnat',1,NULL,NULL,NULL,1,0,0,0,0,0,0),(2071,125,1,150,4,NULL,NULL,NULL,0,'Gnat',1,NULL,NULL,NULL,1,0,0,0,0,0,0),(2072,90,1,157,4,NULL,NULL,NULL,0,'Glancer',1,NULL,NULL,NULL,1,0,0,0,0,0,0),(2073,125,1,157,4,NULL,NULL,NULL,0,'Gnat',0,NULL,NULL,NULL,1,0,0,0,0,0,0),(2074,125,1,157,4,NULL,NULL,NULL,0,'Gnat',1,NULL,NULL,NULL,1,0,0,0,0,0,0),(2075,90,1,157,4,NULL,NULL,NULL,0,'Glancer',1,NULL,NULL,NULL,1,0,0,0,0,0,0),(2076,125,1,157,4,NULL,NULL,NULL,0,'Gnat',0,NULL,NULL,NULL,1,0,0,0,0,0,0),(2077,90,1,157,4,NULL,NULL,NULL,0,'Glancer',1,NULL,NULL,NULL,1,0,0,0,0,0,0),(2078,125,1,157,4,NULL,NULL,NULL,0,'Gnat',0,NULL,NULL,NULL,1,0,0,0,0,0,0),(2079,125,1,157,4,NULL,NULL,NULL,0,'Gnat',0,NULL,NULL,NULL,1,0,0,0,0,0,0),(2080,125,1,157,4,NULL,NULL,NULL,0,'Gnat',0,NULL,NULL,NULL,1,0,0,0,0,0,0),(2081,125,1,157,4,NULL,NULL,NULL,0,'Gnat',1,NULL,NULL,NULL,1,0,0,0,0,0,0),(2082,125,1,157,4,NULL,NULL,NULL,0,'Gnat',1,NULL,NULL,NULL,1,0,0,0,0,0,0),(2083,90,1,163,4,NULL,NULL,NULL,0,'Glancer',1,NULL,NULL,NULL,1,0,0,0,0,0,0),(2084,125,1,163,4,NULL,NULL,NULL,0,'Gnat',0,NULL,NULL,NULL,1,0,0,0,0,0,0),(2085,125,1,163,4,NULL,NULL,NULL,0,'Gnat',1,NULL,NULL,NULL,1,0,0,0,0,0,0),(2086,90,1,163,4,NULL,NULL,NULL,0,'Glancer',1,NULL,NULL,NULL,1,0,0,0,0,0,0),(2087,125,1,163,4,NULL,NULL,NULL,0,'Gnat',0,NULL,NULL,NULL,1,0,0,0,0,0,0),(2088,90,1,163,4,NULL,NULL,NULL,0,'Glancer',1,NULL,NULL,NULL,1,0,0,0,0,0,0),(2089,125,1,163,4,NULL,NULL,NULL,0,'Gnat',0,NULL,NULL,NULL,1,0,0,0,0,0,0),(2090,125,1,163,4,NULL,NULL,NULL,0,'Gnat',0,NULL,NULL,NULL,1,0,0,0,0,0,0),(2091,125,1,163,4,NULL,NULL,NULL,0,'Gnat',0,NULL,NULL,NULL,1,0,0,0,0,0,0),(2092,125,1,163,4,NULL,NULL,NULL,0,'Gnat',1,NULL,NULL,NULL,1,0,0,0,0,0,0),(2093,125,1,163,4,NULL,NULL,NULL,0,'Gnat',1,NULL,NULL,NULL,1,0,0,0,0,0,0),(2094,125,1,172,4,NULL,NULL,NULL,0,'Gnat',0,NULL,NULL,NULL,1,0,0,0,0,0,0),(2095,125,1,172,4,NULL,NULL,NULL,0,'Gnat',0,NULL,NULL,NULL,1,0,0,0,0,0,0),(2096,125,1,172,4,NULL,NULL,NULL,0,'Gnat',1,NULL,NULL,NULL,1,0,0,0,0,0,0),(2097,125,1,172,4,NULL,NULL,NULL,0,'Gnat',1,NULL,NULL,NULL,1,0,0,0,0,0,0),(2098,125,1,173,4,NULL,NULL,NULL,0,'Gnat',0,NULL,NULL,NULL,1,0,0,0,0,0,0),(2099,125,1,173,4,NULL,NULL,NULL,0,'Gnat',0,NULL,NULL,NULL,1,0,0,0,0,0,0),(2100,125,1,173,4,NULL,NULL,NULL,0,'Gnat',1,NULL,NULL,NULL,1,0,0,0,0,0,0),(2101,125,1,173,4,NULL,NULL,NULL,0,'Gnat',1,NULL,NULL,NULL,1,0,0,0,0,0,0),(2102,125,1,174,4,NULL,NULL,NULL,0,'Gnat',0,NULL,NULL,NULL,1,0,0,0,0,0,0),(2103,125,1,174,4,NULL,NULL,NULL,0,'Gnat',0,NULL,NULL,NULL,1,0,0,0,0,0,0),(2104,125,1,174,4,NULL,NULL,NULL,0,'Gnat',1,NULL,NULL,NULL,1,0,0,0,0,0,0),(2105,125,1,174,4,NULL,NULL,NULL,0,'Gnat',1,NULL,NULL,NULL,1,0,0,0,0,0,0),(2106,125,1,175,4,NULL,NULL,NULL,0,'Gnat',0,NULL,NULL,NULL,1,0,0,0,0,0,0),(2107,125,1,175,4,NULL,NULL,NULL,0,'Gnat',0,NULL,NULL,NULL,1,0,0,0,0,0,0),(2108,125,1,175,4,NULL,NULL,NULL,0,'Gnat',1,NULL,NULL,NULL,1,0,0,0,0,0,0),(2109,125,1,175,4,NULL,NULL,NULL,0,'Gnat',1,NULL,NULL,NULL,1,0,0,0,0,0,0),(2110,90,1,176,4,NULL,NULL,NULL,0,'Glancer',1,NULL,NULL,NULL,1,0,0,0,0,0,0),(2111,125,1,176,4,NULL,NULL,NULL,0,'Gnat',0,NULL,NULL,NULL,1,0,0,0,0,0,0),(2112,125,1,176,4,NULL,NULL,NULL,0,'Gnat',1,NULL,NULL,NULL,1,0,0,0,0,0,0),(2113,90,1,176,4,NULL,NULL,NULL,0,'Glancer',1,NULL,NULL,NULL,1,0,0,0,0,0,0),(2114,125,1,176,4,NULL,NULL,NULL,0,'Gnat',0,NULL,NULL,NULL,1,0,0,0,0,0,0),(2115,90,1,176,4,NULL,NULL,NULL,0,'Glancer',1,NULL,NULL,NULL,1,0,0,0,0,0,0),(2116,125,1,176,4,NULL,NULL,NULL,0,'Gnat',0,NULL,NULL,NULL,1,0,0,0,0,0,0),(2117,125,1,176,4,NULL,NULL,NULL,0,'Gnat',0,NULL,NULL,NULL,1,0,0,0,0,0,0),(2118,125,1,176,4,NULL,NULL,NULL,0,'Gnat',0,NULL,NULL,NULL,1,0,0,0,0,0,0),(2119,125,1,176,4,NULL,NULL,NULL,0,'Gnat',1,NULL,NULL,NULL,1,0,0,0,0,0,0),(2120,125,1,176,4,NULL,NULL,NULL,0,'Gnat',1,NULL,NULL,NULL,1,0,0,0,0,0,0),(2121,125,1,177,4,NULL,NULL,NULL,0,'Gnat',0,NULL,NULL,NULL,1,0,0,0,0,0,0),(2122,125,1,177,4,NULL,NULL,NULL,0,'Gnat',0,NULL,NULL,NULL,1,0,0,0,0,0,0),(2123,125,1,177,4,NULL,NULL,NULL,0,'Gnat',1,NULL,NULL,NULL,1,0,0,0,0,0,0),(2124,125,1,177,4,NULL,NULL,NULL,0,'Gnat',1,NULL,NULL,NULL,1,0,0,0,0,0,0),(2125,26875,1,11,1,NULL,NULL,NULL,0,'Demosis',1,0,270,NULL,1,0,0,0,0,0,0),(2126,26875,1,11,1,NULL,NULL,NULL,0,'Demosis',1,0,270,NULL,1,0,0,0,0,0,0),(2127,26875,1,11,1,NULL,NULL,NULL,0,'Demosis',1,0,270,NULL,1,0,0,0,0,0,0),(2128,4475,1,11,1,NULL,NULL,NULL,0,'Thor',1,0,270,NULL,1,0,0,0,0,0,0),(2129,4475,1,11,1,NULL,NULL,NULL,0,'Thor',0,0,270,NULL,1,0,0,0,0,0,0),(2130,4475,1,11,1,NULL,NULL,NULL,0,'Thor',1,0,270,NULL,1,0,0,0,0,0,0),(2131,4475,1,11,1,NULL,NULL,NULL,0,'Thor',0,0,270,NULL,1,0,0,0,0,0,0),(2132,4475,1,11,1,NULL,NULL,NULL,0,'Thor',0,0,270,NULL,1,0,0,0,0,0,0),(2133,4475,1,11,1,NULL,NULL,NULL,0,'Thor',0,0,270,NULL,1,0,0,0,0,0,0),(2134,4475,1,11,1,NULL,NULL,NULL,0,'Thor',1,0,270,NULL,1,0,0,0,0,0,0),(2135,4475,1,11,1,NULL,NULL,NULL,0,'Thor',0,0,270,NULL,1,0,0,0,0,0,0),(2136,4475,1,11,1,NULL,NULL,NULL,0,'Thor',0,0,270,NULL,1,0,0,0,0,0,0),(2137,4475,1,11,1,NULL,NULL,NULL,0,'Thor',0,0,270,NULL,1,0,0,0,0,0,0),(2138,2812,1,11,1,NULL,NULL,NULL,0,'Dirac',0,0,270,NULL,1,0,0,0,0,0,0),(2139,2812,1,11,1,NULL,NULL,NULL,0,'Dirac',0,0,270,NULL,1,0,0,0,0,0,0),(2140,2812,1,11,1,NULL,NULL,NULL,0,'Dirac',0,0,270,NULL,1,0,0,0,0,0,0),(2141,2812,1,11,1,NULL,NULL,NULL,0,'Dirac',1,0,270,NULL,1,0,0,0,0,0,0),(2142,2812,1,11,1,NULL,NULL,NULL,0,'Dirac',1,0,270,NULL,1,0,0,0,0,0,0),(2143,2812,1,11,1,NULL,NULL,NULL,0,'Dirac',0,0,270,NULL,1,0,0,0,0,0,0),(2144,2812,1,11,1,NULL,NULL,NULL,0,'Dirac',1,0,270,NULL,1,0,0,0,0,0,0),(2145,2812,1,11,1,NULL,NULL,NULL,0,'Dirac',1,0,270,NULL,1,0,0,0,0,0,0),(2146,2812,1,11,1,NULL,NULL,NULL,0,'Dirac',0,0,270,NULL,1,0,0,0,0,0,0),(2147,2812,1,11,1,NULL,NULL,NULL,0,'Dirac',0,0,270,NULL,1,0,0,0,0,0,0);
/*!40000 ALTER TABLE `units` ENABLE KEYS */;
UNLOCK TABLES;

--
-- Table structure for table `wreckages`
--

DROP TABLE IF EXISTS `wreckages`;
/*!40101 SET @saved_cs_client     = @@character_set_client */;
/*!40101 SET character_set_client = utf8 */;
CREATE TABLE `wreckages` (
  `id` int(11) NOT NULL AUTO_INCREMENT,
  `galaxy_id` int(11) DEFAULT NULL,
  `location_id` int(11) NOT NULL,
  `location_type` tinyint(3) unsigned NOT NULL,
  `location_x` smallint(6) NOT NULL,
  `location_y` smallint(6) NOT NULL,
  `metal` float NOT NULL DEFAULT '0',
  `energy` float NOT NULL DEFAULT '0',
  `zetium` float NOT NULL DEFAULT '0',
  PRIMARY KEY (`id`),
  UNIQUE KEY `location` (`location_id`,`location_type`,`location_x`,`location_y`),
  KEY `galaxy_id` (`galaxy_id`),
  CONSTRAINT `wreckages_ibfk_1` FOREIGN KEY (`galaxy_id`) REFERENCES `galaxies` (`id`) ON DELETE CASCADE
) ENGINE=InnoDB DEFAULT CHARSET=utf8;
/*!40101 SET character_set_client = @saved_cs_client */;

--
-- Dumping data for table `wreckages`
--

LOCK TABLES `wreckages` WRITE;
/*!40000 ALTER TABLE `wreckages` DISABLE KEYS */;
/*!40000 ALTER TABLE `wreckages` ENABLE KEYS */;
UNLOCK TABLES;
/*!40103 SET TIME_ZONE=@OLD_TIME_ZONE */;

/*!40101 SET SQL_MODE=@OLD_SQL_MODE */;
/*!40014 SET FOREIGN_KEY_CHECKS=@OLD_FOREIGN_KEY_CHECKS */;
/*!40014 SET UNIQUE_CHECKS=@OLD_UNIQUE_CHECKS */;
/*!40101 SET CHARACTER_SET_CLIENT=@OLD_CHARACTER_SET_CLIENT */;
/*!40101 SET CHARACTER_SET_RESULTS=@OLD_CHARACTER_SET_RESULTS */;
/*!40101 SET COLLATION_CONNECTION=@OLD_COLLATION_CONNECTION */;
/*!40111 SET SQL_NOTES=@OLD_SQL_NOTES */;

-- Dump completed on 2011-05-27 13:18:40
